Position 1:	T=2.5e-07	G=0.999989	-=1e-05	A=2.5e-07	C=2.5e-07	
Position 2:	T=0.999989	G=2.5e-07	-=1e-05	A=2.5e-07	C=2.5e-07	
Position 3:	T=0.999989	G=2.5e-07	-=1e-05	A=2.5e-07	C=2.5e-07	
Position 4:	T=0.999989	G=2.5e-07	-=1e-05	A=2.5e-07	C=2.5e-07	
Position 5:	T=2.5e-07	G=2.5e-07	-=1e-05	A=0.999989	C=2.5e-07	
Position 6:	T=0.999989	G=2.5e-07	-=1e-05	A=2.5e-07	C=2.5e-07	
Position 7:	T=2.5e-07	G=2.5e-07	-=1e-05	A=0.999989	C=2.5e-07	
Position 8:	T=0.999989	G=2.5e-07	-=1e-05	A=2.5e-07	C=2.5e-07	
Position 9:	T=2.5e-07	G=2.5e-07	-=1e-05	A=0.999989	C=2.5e-07	
Position 10:	T=2.5e-07	G=0.999989	-=1e-05	A=2.5e-07	C=2.5e-07	
Position 11:	T=2.5e-07	G=2.5e-07	-=1e-05	A=2.5e-07	C=0.999989	
Position 12:	T=2.5e-07	G=0.999989	-=1e-05	A=2.5e-07	C=2.5e-07	
Position 13:	T=2.5e-07	G=2.5e-07	-=1e-05	A=0.999989	C=2.5e-07	
Position 14:	T=2.5e-07	G=2.5e-07	-=1e-05	A=0.999989	C=2.5e-07	
Position 15:	T=2.5e-07	G=2.5e-07	-=1e-05	A=0.999989	C=2.5e-07	
Position 16:	T=2.5e-07	G=2.5e-07	-=1e-05	A=2.5e-07	C=0.999989	
Position 17:	T=2.5e-07	G=2.5e-07	-=1e-05	A=0.999989	C=2.5e-07	
Position 18:	T=2.5e-07	G=0.999989	-=1e-05	A=2.5e-07	C=2.5e-07	
Position 19:	T=0.999989	G=2.5e-07	-=1e-05	A=2.5e-07	C=2.5e-07	
Position 20:	T=2.5e-07	G=2.5e-07	-=1e-05	A=0.999989	C=2.5e-07	
Position 21:	T=2.5e-07	G=2.5e-07	-=1e-05	A=2.5e-07	C=0.999989	
Position 22:	T=2.5e-07	G=0.999989	-=1e-05	A=2.5e-07	C=2.5e-07	
Position 23:	T=2.5e-07	G=0.999989	-=1e-05	A=2.5e-07	C=2.5e-07	
Position 24:	T=2.5e-07	G=2.5e-07	-=1e-05	A=0.999989	C=2.5e-07	
Position 25:	T=2.5e-07	G=2.5e-07	-=1e-05	A=0.999989	C=2.5e-07	
Position 26:	T=2.5e-07	G=0.999989	-=1e-05	A=2.5e-07	C=2.5e-07	
Position 27:	T=2.5e-07	G=2.5e-07	-=1e-05	A=0.999989	C=2.5e-07	
Position 28:	T=2.5e-07	G=2.5e-07	-=1e-05	A=0.999989	C=2.5e-07	
Position 29:	T=2.5e-07	G=2.5e-07	-=1e-05	A=2.5e-07	C=0.999989	
Position 30:	T=0.999989	G=2.5e-07	-=1e-05	A=2.5e-07	C=2.5e-07	
Position 31:	T=2.5e-07	G=0.999989	-=1e-05	A=2.5e-07	C=2.5e-07	
Position 32:	T=2.5e-07	G=2.5e-07	-=1e-05	A=2.5e-07	C=0.999989	
Position 33:	T=0.99979	G=4.98816e-05	-=1e-05	A=4.98816e-05	C=4.98816e-05	
Position 34:	T=2.5e-07	G=2.5e-07	-=1e-05	A=0.999989	C=2.5e-07	
Position 35:	T=2.5e-07	G=2.5e-07	-=1e-05	A=0.999989	C=2.5e-07	
Position 36:	T=0.999989	G=2.5e-07	-=1e-05	A=2.5e-07	C=2.5e-07	
Position 37:	T=0.999989	G=2.5e-07	-=1e-05	A=2.5e-07	C=2.5e-07	
Position 38:	T=2.5e-07	G=2.5e-07	-=1e-05	A=2.5e-07	C=0.999989	
Position 39:	T=2.5e-07	G=2.5e-07	-=1e-05	A=0.999989	C=2.5e-07	
Position 40:	T=0.999989	G=2.5e-07	-=1e-05	A=2.5e-07	C=2.5e-07	
Position 41:	T=2.5e-07	G=0.999989	-=1e-05	A=2.5e-07	C=2.5e-07	
Position 42:	T=2.5e-07	G=2.5e-07	-=1e-05	A=2.5e-07	C=0.999989	
Position 43:	T=2.5e-07	G=0.999989	-=1e-05	A=2.5e-07	C=2.5e-07	
Position 44:	T=0.999989	G=2.5e-07	-=1e-05	A=2.5e-07	C=2.5e-07	
Position 45:	T=2.5e-07	G=2.5e-07	-=1e-05	A=2.5e-07	C=0.999989	
Position 46:	T=2.5e-07	G=2.5e-07	-=1e-05	A=2.5e-07	C=0.999989	
Position 47:	T=0.000498816	G=0.000498816	-=1e-05	A=0.997995	C=0.000498816	
Position 48:	T=0.999989	G=2.5e-07	-=1e-05	A=2.5e-07	C=2.5e-07	
Position 49:	T=2.5e-07	G=0.999989	-=1e-05	A=2.5e-07	C=2.5e-07	
Position 50:	T=2.5e-07	G=2.5e-07	-=1e-05	A=2.5e-07	C=0.999989	
Position 51:	T=2.5e-07	G=2.5e-07	-=1e-05	A=0.999989	C=2.5e-07	
Position 52:	T=0.999989	G=2.5e-07	-=1e-05	A=2.5e-07	C=2.5e-07	
Position 53:	T=1.57739e-06	G=1.57739e-06	-=1e-05	A=0.999984	C=1.57739e-06	
Position 54:	T=2.5e-07	G=2.5e-07	-=1e-05	A=0.999989	C=2.5e-07	
Position 55:	T=2.5e-07	G=2.5e-07	-=1e-05	A=0.999989	C=2.5e-07	
Position 56:	T=2.5e-07	G=2.5e-07	-=1e-05	A=0.999989	C=2.5e-07	
Position 57:	T=0.999989	G=3.14731e-07	-=1e-05	A=3.14731e-07	C=3.14731e-07	
Position 58:	T=2.5e-07	G=2.5e-07	-=1e-05	A=2.5e-07	C=0.999989	
Position 59:	T=2.5e-07	G=0.999989	-=1e-05	A=2.5e-07	C=2.5e-07	
Position 60:	T=0.999989	G=2.5e-07	-=1e-05	A=2.5e-07	C=2.5e-07	
Position 61:	T=2.5e-07	G=0.999989	-=1e-05	A=2.5e-07	C=2.5e-07	
Position 62:	T=2.5e-07	G=0.999989	-=1e-05	A=2.5e-07	C=2.5e-07	
Position 63:	T=2.5e-07	G=2.5e-07	-=1e-05	A=2.5e-07	C=0.999989	
Position 64:	T=0.999989	G=2.5e-07	-=1e-05	A=2.5e-07	C=2.5e-07	
Position 65:	T=0.999989	G=2.5e-07	-=1e-05	A=2.5e-07	C=2.5e-07	
Position 66:	T=0.999989	G=2.5e-07	-=1e-05	A=2.5e-07	C=2.5e-07	
Position 67:	T=0.999989	G=2.5e-07	-=1e-05	A=2.5e-07	C=2.5e-07	
Position 68:	T=0.999989	G=2.5e-07	-=1e-05	A=2.5e-07	C=2.5e-07	
Position 69:	T=2.5e-07	G=2.5e-07	-=1e-05	A=2.5e-07	C=0.999989	
Position 70:	T=2.5e-07	G=2.5e-07	-=1e-05	A=0.999989	C=2.5e-07	
Position 71:	T=2.5e-07	G=2.5e-07	-=1e-05	A=0.999989	C=2.5e-07	
Position 72:	T=2.5e-07	G=2.5e-07	-=1e-05	A=2.5e-07	C=0.999989	
Position 73:	T=0.999989	G=2.5e-07	-=1e-05	A=2.5e-07	C=2.5e-07	
Position 74:	T=0.999989	G=2.5e-07	-=1e-05	A=2.5e-07	C=2.5e-07	
Position 75:	T=0.999989	G=2.5e-07	-=1e-05	A=2.5e-07	C=2.5e-07	
Position 76:	T=0.999989	G=2.5e-07	-=1e-05	A=2.5e-07	C=2.5e-07	
Position 77:	T=2.5e-07	G=2.5e-07	-=1e-05	A=0.999989	C=2.5e-07	
Position 78:	T=2.5e-07	G=2.5e-07	-=1e-05	A=0.999989	C=2.5e-07	
Position 79:	T=2.5e-07	G=2.5e-07	-=1e-05	A=0.999989	C=2.5e-07	
Position 80:	T=2.5e-07	G=0.999989	-=1e-05	A=2.5e-07	C=2.5e-07	
Position 81:	T=2.5e-07	G=0.999989	-=1e-05	A=2.5e-07	C=2.5e-07	
Position 82:	T=2.5e-07	G=2.5e-07	-=1e-05	A=0.999989	C=2.5e-07	
Position 83:	T=0.999989	G=2.5e-07	-=1e-05	A=2.5e-07	C=2.5e-07	
Position 84:	T=2.5e-07	G=0.999989	-=1e-05	A=2.5e-07	C=2.5e-07	
Position 85:	T=2.5e-07	G=2.5e-07	-=1e-05	A=2.5e-07	C=0.999989	
Position 86:	T=2.5e-07	G=2.5e-07	-=1e-05	A=0.999989	C=2.5e-07	
Position 87:	T=2.5e-07	G=2.5e-07	-=1e-05	A=0.999989	C=2.5e-07	
Position 88:	T=2.5e-07	G=0.999989	-=1e-05	A=2.5e-07	C=2.5e-07	
Position 89:	T=0.999989	G=2.5e-07	-=1e-05	A=2.5e-07	C=2.5e-07	
Position 90:	T=2.5e-07	G=2.5e-07	-=1e-05	A=0.999989	C=2.5e-07	
Position 91:	T=0.999989	G=2.5e-07	-=1e-05	A=2.5e-07	C=2.5e-07	
Position 92:	T=2.5e-07	G=0.999989	-=1e-05	A=2.5e-07	C=2.5e-07	
Position 93:	T=2.5e-07	G=2.5e-07	-=1e-05	A=2.5e-07	C=0.999989	
Position 94:	T=2.5e-07	G=2.5e-07	-=1e-05	A=2.5e-07	C=0.999989	
Position 95:	T=2.5e-07	G=2.5e-07	-=1e-05	A=0.999989	C=2.5e-07	
Position 96:	T=0.999989	G=2.5e-07	-=1e-05	A=2.5e-07	C=2.5e-07	
Position 97:	T=0.999989	G=2.5e-07	-=1e-05	A=2.5e-07	C=2.5e-07	
Position 98:	T=2.5e-07	G=2.5e-07	-=1e-05	A=2.5e-07	C=0.999989	
Position 99:	T=2.5e-07	G=0.999989	-=1e-05	A=2.5e-07	C=2.5e-07	
Position 100:	T=0.999989	G=2.5e-07	-=1e-05	A=2.5e-07	C=2.5e-07	
Position 101:	T=2.5e-07	G=2.5e-07	-=1e-05	A=2.5e-07	C=0.999989	
Position 102:	T=2.5e-07	G=0.999989	-=1e-05	A=2.5e-07	C=2.5e-07	
Position 103:	T=0.2	G=0.2	C=0.2	-=0.2	A=0.2	
Position 104:	T=2.5e-07	G=2.5e-07	-=1e-05	A=0.999989	C=2.5e-07	
Position 105:	T=2.5e-07	G=2.5e-07	-=1e-05	A=0.999989	C=2.5e-07	
Position 106:	T=2.5e-07	G=2.5e-07	-=1e-05	A=0.999989	C=2.5e-07	
Position 107:	T=2.5e-07	G=2.5e-07	-=1e-05	A=2.5e-07	C=0.999989	
Position 108:	T=0.999989	G=2.5e-07	-=1e-05	A=2.5e-07	C=2.5e-07	
Position 109:	T=2.5e-07	G=2.5e-07	-=1e-05	A=0.999989	C=2.5e-07	
Position 110:	T=2.5e-07	G=2.5e-07	-=1e-05	A=2.5e-07	C=0.999989	
Position 111:	T=2.5e-07	G=2.5e-07	-=1e-05	A=0.999989	C=2.5e-07	
Position 112:	T=2.5e-07	G=0.999989	-=1e-05	A=2.5e-07	C=2.5e-07	
Position 113:	T=0.999989	G=2.5e-07	-=1e-05	A=2.5e-07	C=2.5e-07	
Position 114:	T=2.5e-07	G=2.5e-07	-=1e-05	A=2.5e-07	C=0.999989	
Position 115:	T=0.999989	G=2.5e-07	-=1e-05	A=2.5e-07	C=2.5e-07	
Position 116:	T=2.5e-07	G=2.5e-07	-=1e-05	A=2.5e-07	C=0.999989	
Position 117:	T=0.999989	G=2.5e-07	-=1e-05	A=2.5e-07	C=2.5e-07	
Position 118:	T=2.5e-07	G=2.5e-07	-=1e-05	A=0.999989	C=2.5e-07	
Position 119:	T=2.5e-07	G=2.5e-07	-=1e-05	A=0.999989	C=2.5e-07	
Position 120:	T=0.999989	G=2.5e-07	-=1e-05	A=2.5e-07	C=2.5e-07	
Position 121:	T=2.5e-07	G=0.999989	-=1e-05	A=2.5e-07	C=2.5e-07	
Position 122:	T=2.5e-07	G=2.5e-07	-=1e-05	A=2.5e-07	C=0.999989	
Position 123:	T=0.999989	G=2.5e-07	-=1e-05	A=2.5e-07	C=2.5e-07	
Position 124:	T=0.999989	G=2.5e-07	-=1e-05	A=2.5e-07	C=2.5e-07	
Position 125:	T=0.999989	G=2.5e-07	-=1e-05	A=2.5e-07	C=2.5e-07	
Position 126:	T=2.5e-07	G=2.5e-07	-=1e-05	A=2.5e-07	C=0.999989	
Position 127:	T=2.5e-07	G=2.5e-07	-=1e-05	A=0.999989	C=2.5e-07	
Position 128:	T=0.999989	G=2.5e-07	-=1e-05	A=2.5e-07	C=2.5e-07	
Position 129:	T=0.999989	G=2.5e-07	-=1e-05	A=2.5e-07	C=2.5e-07	
Position 130:	T=2.5e-07	G=2.5e-07	-=1e-05	A=0.999989	C=2.5e-07	
Position 131:	T=0.999989	G=2.5e-07	-=1e-05	A=2.5e-07	C=2.5e-07	
Position 132:	T=2.5e-07	G=2.5e-07	-=1e-05	A=0.999989	C=2.5e-07	
Position 133:	T=2.5e-07	G=2.5e-07	-=1e-05	A=0.999989	C=2.5e-07	
Position 134:	T=2.5e-07	G=0.999989	-=1e-05	A=2.5e-07	C=2.5e-07	
Position 135:	T=0.999989	G=2.5e-07	-=1e-05	A=2.5e-07	C=2.5e-07	
Position 136:	T=2.5e-07	G=2.5e-07	-=1e-05	A=0.999989	C=2.5e-07	
Position 137:	T=2.5e-07	G=2.5e-07	-=1e-05	A=2.5e-07	C=0.999989	
Position 138:	T=2.5e-07	G=2.5e-07	-=1e-05	A=2.5e-07	C=0.999989	
Position 139:	T=2.5e-07	G=2.5e-07	-=1e-05	A=0.999989	C=2.5e-07	
Position 140:	T=0.999989	G=2.5e-07	-=1e-05	A=2.5e-07	C=2.5e-07	
Position 141:	T=0.999989	G=2.5e-07	-=1e-05	A=2.5e-07	C=2.5e-07	
Position 142:	T=2.5e-07	G=2.5e-07	-=1e-05	A=2.5e-07	C=0.999989	
Position 143:	T=2.5e-07	G=2.5e-07	-=1e-05	A=2.5e-07	C=0.999989	
Position 144:	T=2.5e-07	G=2.5e-07	-=1e-05	A=2.5e-07	C=0.999989	
Position 145:	T=2.5e-07	G=2.5e-07	-=1e-05	A=0.999989	C=2.5e-07	
Position 146:	T=0.2	G=0.2	C=0.2	-=0.2	A=0.2	
Position 147:	T=0.999987	G=7.90569e-07	-=1e-05	A=7.90569e-07	C=7.90569e-07	
Position 148:	T=2.5e-07	G=2.5e-07	-=1e-05	A=2.5e-07	C=0.999989	
Position 149:	T=2.5e-07	G=0.999989	-=1e-05	A=2.5e-07	C=2.5e-07	
Position 150:	T=2.5e-07	G=2.5e-07	-=1e-05	A=0.999989	C=2.5e-07	
Position 151:	T=2.5e-07	G=0.999989	-=1e-05	A=2.5e-07	C=2.5e-07	
Position 152:	T=0.999989	G=2.5e-07	-=1e-05	A=2.5e-07	C=2.5e-07	
Position 153:	T=2.5e-07	G=0.999989	-=1e-05	A=2.5e-07	C=2.5e-07	
Position 154:	T=2.5e-07	G=2.5e-07	-=1e-05	A=0.999989	C=2.5e-07	
Position 155:	T=2.5e-07	G=2.5e-07	-=1e-05	A=2.5e-07	C=0.999989	
Position 156:	T=2.5e-07	G=2.5e-07	-=1e-05	A=2.5e-07	C=0.999989	
Position 157:	T=2.5e-07	G=0.999989	-=1e-05	A=2.5e-07	C=2.5e-07	
Position 158:	T=2.5e-07	G=2.5e-07	-=1e-05	A=2.5e-07	C=0.999989	
Position 159:	T=2.5e-07	G=2.5e-07	-=1e-05	A=0.999989	C=2.5e-07	
Position 160:	T=2.5e-07	G=2.5e-07	-=1e-05	A=0.999989	C=2.5e-07	
Position 161:	T=2.5e-07	G=2.5e-07	-=1e-05	A=0.999989	C=2.5e-07	
Position 162:	T=0.999989	G=2.5e-07	-=1e-05	A=2.5e-07	C=2.5e-07	
Position 163:	T=2.5e-07	G=2.5e-07	-=1e-05	A=0.999989	C=2.5e-07	
Position 164:	T=2.5e-07	G=2.5e-07	-=1e-05	A=0.999989	C=2.5e-07	
Position 165:	T=2.5e-07	G=2.5e-07	-=1e-05	A=2.5e-07	C=0.999989	
Position 166:	T=2.5e-07	G=2.5e-07	-=1e-05	A=2.5e-07	C=0.999989	
Position 167:	T=0.999989	G=2.5e-07	-=1e-05	A=2.5e-07	C=2.5e-07	
Position 168:	T=2.5e-07	G=2.5e-07	-=1e-05	A=0.999989	C=2.5e-07	
Position 169:	T=2.5e-07	G=2.5e-07	-=1e-05	A=2.5e-07	C=0.999989	
Position 170:	T=2.5e-07	G=0.999989	-=1e-05	A=2.5e-07	C=2.5e-07	
Position 171:	T=0.999989	G=2.5e-07	-=1e-05	A=2.5e-07	C=2.5e-07	
Position 172:	T=0.2	G=0.2	C=0.2	-=0.2	A=0.2	
Position 173:	T=2.5e-07	G=2.5e-07	-=1e-05	A=0.999989	C=2.5e-07	
Position 174:	T=2.5e-07	G=2.5e-07	-=1e-05	A=0.999989	C=2.5e-07	
Position 175:	T=2.5e-07	G=2.5e-07	-=1e-05	A=2.5e-07	C=0.999989	
Position 176:	T=0.999989	G=2.5e-07	-=1e-05	A=2.5e-07	C=2.5e-07	
Position 177:	T=2.5e-07	G=2.5e-07	-=1e-05	A=2.5e-07	C=0.999989	
Position 178:	T=0.999989	G=2.5e-07	-=1e-05	A=2.5e-07	C=2.5e-07	
Position 179:	T=0.999989	G=2.5e-07	-=1e-05	A=2.5e-07	C=2.5e-07	
Position 180:	T=2.5e-07	G=2.5e-07	-=1e-05	A=2.5e-07	C=0.999989	
Position 181:	T=2.5e-07	G=2.5e-07	-=1e-05	A=0.999989	C=2.5e-07	
Position 182:	T=0.999989	G=2.5e-07	-=1e-05	A=2.5e-07	C=2.5e-07	
Position 183:	T=2.5e-07	G=2.5e-07	-=1e-05	A=2.5e-07	C=0.999989	
Position 184:	T=2.5e-07	G=0.999989	-=1e-05	A=2.5e-07	C=2.5e-07	
Position 185:	T=2.5e-07	G=0.999989	-=1e-05	A=2.5e-07	C=2.5e-07	
Position 186:	T=2.5e-07	G=2.5e-07	-=1e-05	A=2.5e-07	C=0.999989	
Position 187:	T=0.999989	G=2.5e-07	-=1e-05	A=2.5e-07	C=2.5e-07	
Position 188:	T=0.999989	G=2.5e-07	-=1e-05	A=2.5e-07	C=2.5e-07	
Position 189:	T=2.5e-07	G=2.5e-07	-=1e-05	A=0.999989	C=2.5e-07	
Position 190:	T=2.5e-07	G=2.5e-07	-=1e-05	A=2.5e-07	C=0.999989	
Position 191:	T=2.5e-07	G=2.5e-07	-=1e-05	A=2.5e-07	C=0.999989	
Position 192:	T=2.5e-07	G=2.5e-07	-=1e-05	A=0.999989	C=2.5e-07	
Position 193:	T=2.5e-07	G=0.999989	-=1e-05	A=2.5e-07	C=2.5e-07	
Position 194:	T=2.5e-07	G=0.999989	-=1e-05	A=2.5e-07	C=2.5e-07	
Position 195:	T=2.5e-07	G=2.5e-07	-=1e-05	A=0.999989	C=2.5e-07	
Position 196:	T=2.5e-07	G=0.999989	-=1e-05	A=2.5e-07	C=2.5e-07	
Position 197:	T=0.999989	G=2.5e-07	-=1e-05	A=2.5e-07	C=2.5e-07	
Position 198:	T=2.5e-07	G=2.5e-07	-=1e-05	A=0.999989	C=2.5e-07	
Position 199:	T=2.5e-07	G=0.999989	-=1e-05	A=2.5e-07	C=2.5e-07	
Position 200:	T=2.5e-07	G=2.5e-07	-=1e-05	A=2.5e-07	C=0.999989	
Position 201:	T=2.5e-07	G=0.999989	-=1e-05	A=2.5e-07	C=2.5e-07	
Position 202:	T=2.5e-07	G=2.5e-07	-=1e-05	A=0.999989	C=2.5e-07	
Position 203:	T=0.999989	G=2.5e-07	-=1e-05	A=2.5e-07	C=2.5e-07	
Position 204:	T=2.5e-07	G=2.5e-07	-=1e-05	A=2.5e-07	C=0.999989	
Position 205:	T=2.5e-07	G=2.5e-07	-=1e-05	A=0.999989	C=2.5e-07	
Position 206:	T=0.999989	G=2.5e-07	-=1e-05	A=2.5e-07	C=2.5e-07	
Position 207:	T=2.5e-07	G=2.5e-07	-=1e-05	A=0.999989	C=2.5e-07	
Position 208:	T=0.999989	G=2.5e-07	-=1e-05	A=2.5e-07	C=2.5e-07	
Position 209:	T=2.5e-07	G=2.5e-07	-=1e-05	A=2.5e-07	C=0.999989	
Position 210:	T=0.999989	G=2.5e-07	-=1e-05	A=2.5e-07	C=2.5e-07	
Position 211:	T=0.999989	G=2.5e-07	-=1e-05	A=2.5e-07	C=2.5e-07	
Position 212:	T=0.999989	G=2.5e-07	-=1e-05	A=2.5e-07	C=2.5e-07	
Position 213:	T=2.5e-07	G=2.5e-07	-=1e-05	A=2.5e-07	C=0.999989	
Position 214:	T=2.5e-07	G=2.5e-07	-=1e-05	A=2.5e-07	C=0.999989	
Position 215:	T=2.5e-07	G=2.5e-07	-=1e-05	A=0.999989	C=2.5e-07	
Position 216:	T=3.14731e-07	G=3.14731e-07	-=1e-05	A=3.14731e-07	C=0.999989	
Position 217:	T=2.5e-07	G=2.5e-07	-=1e-05	A=2.5e-07	C=0.999989	
Position 218:	T=0.999989	G=2.5e-07	-=1e-05	A=2.5e-07	C=2.5e-07	
Position 219:	T=0.999989	G=2.5e-07	-=1e-05	A=2.5e-07	C=2.5e-07	
Position 220:	T=2.5e-07	G=2.5e-07	-=1e-05	A=0.999989	C=2.5e-07	
Position 221:	T=0.999989	G=2.5e-07	-=1e-05	A=2.5e-07	C=2.5e-07	
Position 222:	T=2.5e-07	G=2.5e-07	-=1e-05	A=2.5e-07	C=0.999989	
Position 223:	T=2.5e-07	G=0.999989	-=1e-05	A=2.5e-07	C=2.5e-07	
Position 224:	T=2.5e-07	G=0.999989	-=1e-05	A=2.5e-07	C=2.5e-07	
Position 225:	T=2.5e-07	G=2.5e-07	-=1e-05	A=0.999989	C=2.5e-07	
Position 226:	T=0.999989	G=2.5e-07	-=1e-05	A=2.5e-07	C=2.5e-07	
Position 227:	T=2.5e-07	G=0.999989	-=1e-05	A=2.5e-07	C=2.5e-07	
Position 228:	T=2.5e-07	G=0.999989	-=1e-05	A=2.5e-07	C=2.5e-07	
Position 229:	T=0.999989	G=2.5e-07	-=1e-05	A=2.5e-07	C=2.5e-07	
Position 230:	T=2.5e-07	G=0.999989	-=1e-05	A=2.5e-07	C=2.5e-07	
Position 231:	T=0.999989	G=2.5e-07	-=1e-05	A=2.5e-07	C=2.5e-07	
Position 232:	T=0.2	G=0.2	C=0.2	-=0.2	A=0.2	
Position 233:	T=2.5e-07	G=2.5e-07	-=1e-05	A=0.999989	C=2.5e-07	
Position 234:	T=0.999989	G=2.5e-07	-=1e-05	A=2.5e-07	C=2.5e-07	
Position 235:	T=2.5e-07	G=0.999989	-=1e-05	A=2.5e-07	C=2.5e-07	
Position 236:	T=0.999989	G=2.5e-07	-=1e-05	A=2.5e-07	C=2.5e-07	
Position 237:	T=0.999989	G=2.5e-07	-=1e-05	A=2.5e-07	C=2.5e-07	
Position 238:	T=0.999989	G=2.5e-07	-=1e-05	A=2.5e-07	C=2.5e-07	
Position 239:	T=2.5e-07	G=2.5e-07	-=1e-05	A=0.999989	C=2.5e-07	
Position 240:	T=2.5e-07	G=2.5e-07	-=1e-05	A=2.5e-07	C=0.999989	
Position 241:	T=0.999989	G=2.5e-07	-=1e-05	A=2.5e-07	C=2.5e-07	
Position 242:	T=0.2	G=0.2	C=0.2	-=0.2	A=0.2	
Position 243:	T=2.5e-07	G=2.5e-07	-=1e-05	A=0.999989	C=2.5e-07	
Position 244:	T=2.5e-07	G=2.5e-07	-=1e-05	A=0.999989	C=2.5e-07	
Position 245:	T=0.999989	G=2.5e-07	-=1e-05	A=2.5e-07	C=2.5e-07	
Position 246:	T=2.5e-07	G=2.5e-07	-=1e-05	A=0.999989	C=2.5e-07	
Position 247:	T=2.5e-07	G=2.5e-07	-=1e-05	A=2.5e-07	C=0.999989	
Position 248:	T=2.5e-07	G=2.5e-07	-=1e-05	A=0.999989	C=2.5e-07	
Position 249:	T=2.5e-07	G=2.5e-07	-=1e-05	A=0.999989	C=2.5e-07	
Position 250:	T=2.5e-07	G=2.5e-07	-=1e-05	A=0.999989	C=2.5e-07	
Position 251:	T=0.999989	G=2.5e-07	-=1e-05	A=2.5e-07	C=2.5e-07	
Position 252:	T=2.5e-07	G=0.999989	-=1e-05	A=2.5e-07	C=2.5e-07	
Position 253:	T=2.5e-07	G=2.5e-07	-=1e-05	A=2.5e-07	C=0.999989	
Position 254:	T=2.5e-07	G=2.5e-07	-=1e-05	A=0.999989	C=2.5e-07	
Position 255:	T=0.999987	G=6.27972e-07	-=1e-05	A=6.27972e-07	C=6.27972e-07	
Position 256:	T=0.2	G=0.2	C=0.2	-=0.2	A=0.2	
Position 257:	T=2.5e-07	G=2.5e-07	-=1e-05	A=0.999989	C=2.5e-07	
Position 258:	T=2.5e-07	G=0.999989	-=1e-05	A=2.5e-07	C=2.5e-07	
Position 259:	T=2.5e-07	G=2.5e-07	-=1e-05	A=0.999989	C=2.5e-07	
Position 260:	T=2.5e-07	G=2.5e-07	-=1e-05	A=2.5e-07	C=0.999989	
Position 261:	T=0.999989	G=2.5e-07	-=1e-05	A=2.5e-07	C=2.5e-07	
Position 262:	T=0.999989	G=2.5e-07	-=1e-05	A=2.5e-07	C=2.5e-07	
Position 263:	T=2.5e-07	G=2.5e-07	-=1e-05	A=2.5e-07	C=0.999989	
Position 264:	T=2.5e-07	G=2.5e-07	-=1e-05	A=2.5e-07	C=0.999989	
Position 265:	T=2.5e-07	G=2.5e-07	-=1e-05	A=2.5e-07	C=0.999989	
Position 266:	T=2.5e-07	G=2.5e-07	-=1e-05	A=0.999989	C=2.5e-07	
Position 267:	T=2.5e-07	G=2.5e-07	-=1e-05	A=2.5e-07	C=0.999989	
Position 268:	T=2.5e-07	G=2.5e-07	-=1e-05	A=0.999989	C=2.5e-07	
Position 269:	T=2.5e-07	G=2.5e-07	-=1e-05	A=0.999989	C=2.5e-07	
Position 270:	T=2.5e-07	G=2.5e-07	-=1e-05	A=0.999989	C=2.5e-07	
Position 271:	T=0.999989	G=2.5e-07	-=1e-05	A=2.5e-07	C=2.5e-07	
Position 272:	T=2.5e-07	G=2.5e-07	-=1e-05	A=2.5e-07	C=0.999989	
Position 273:	T=0.999989	G=2.5e-07	-=1e-05	A=2.5e-07	C=2.5e-07	
Position 274:	T=0.999989	G=2.5e-07	-=1e-05	A=2.5e-07	C=2.5e-07	
Position 275:	T=0.999989	G=2.5e-07	-=1e-05	A=2.5e-07	C=2.5e-07	
Position 276:	T=0.999989	G=2.5e-07	-=1e-05	A=2.5e-07	C=2.5e-07	
Position 277:	T=2.5e-07	G=2.5e-07	-=1e-05	A=2.5e-07	C=0.999989	
Position 278:	T=2.5e-07	G=2.5e-07	-=1e-05	A=0.999989	C=2.5e-07	
Position 279:	T=2.5e-07	G=2.5e-07	-=1e-05	A=0.999989	C=2.5e-07	
Position 280:	T=0.999989	G=2.5e-07	-=1e-05	A=2.5e-07	C=2.5e-07	
Position 281:	T=0.999989	G=2.5e-07	-=1e-05	A=2.5e-07	C=2.5e-07	
Position 282:	T=2.5e-07	G=0.999989	-=1e-05	A=2.5e-07	C=2.5e-07	
Position 283:	T=2.5e-07	G=2.5e-07	-=1e-05	A=0.999989	C=2.5e-07	
Position 284:	T=2.5e-07	G=2.5e-07	-=1e-05	A=2.5e-07	C=0.999989	
Position 285:	T=1.57739e-06	G=1.57739e-06	-=1e-05	A=1.57739e-06	C=0.999984	
Position 286:	T=2.5e-07	G=0.999989	-=1e-05	A=2.5e-07	C=2.5e-07	
Position 287:	T=0.999989	G=2.5e-07	-=1e-05	A=2.5e-07	C=2.5e-07	
Position 288:	T=2.5e-07	G=0.999989	-=1e-05	A=2.5e-07	C=2.5e-07	
Position 289:	T=2.5e-07	G=2.5e-07	-=1e-05	A=0.999989	C=2.5e-07	
Position 290:	T=2.5e-07	G=2.5e-07	-=1e-05	A=0.999989	C=2.5e-07	
Position 291:	T=2.5e-07	G=2.5e-07	-=1e-05	A=0.999989	C=2.5e-07	
Position 292:	T=2.5e-07	G=2.5e-07	-=1e-05	A=0.999989	C=2.5e-07	
Position 293:	T=2.5e-07	G=2.5e-07	-=1e-05	A=0.999989	C=2.5e-07	
Position 294:	T=3.14731e-06	G=3.14731e-06	-=1e-05	A=0.999977	C=3.14731e-06	
Position 295:	T=0.999989	G=2.5e-07	-=1e-05	A=2.5e-07	C=2.5e-07	
Position 296:	T=2.5e-07	G=2.5e-07	-=1e-05	A=0.999989	C=2.5e-07	
Position 297:	T=2.5e-07	G=2.5e-07	-=1e-05	A=0.999989	C=2.5e-07	
Position 298:	T=7.90569e-07	G=7.90569e-07	-=1e-05	A=0.999987	C=7.90569e-07	
Position 299:	T=2.5e-07	G=2.5e-07	-=1e-05	A=0.999989	C=2.5e-07	
Position 300:	T=2.5e-07	G=2.5e-07	-=1e-05	A=0.999989	C=2.5e-07	
Position 301:	T=0.999989	G=2.5e-07	-=1e-05	A=2.5e-07	C=2.5e-07	
Position 302:	T=2.5e-07	G=0.999989	-=1e-05	A=2.5e-07	C=2.5e-07	
Position 303:	T=2.5e-07	G=2.5e-07	-=1e-05	A=2.5e-07	C=0.999989	
Position 304:	T=2.5e-07	G=2.5e-07	-=1e-05	A=0.999989	C=2.5e-07	
Position 305:	T=2.5e-07	G=2.5e-07	-=1e-05	A=0.999989	C=2.5e-07	
Position 306:	T=0.2	G=0.2	C=0.2	-=0.2	A=0.2	
Position 307:	T=0.999989	G=2.5e-07	-=1e-05	A=2.5e-07	C=2.5e-07	
Position 308:	T=2.5e-07	G=2.5e-07	-=1e-05	A=2.5e-07	C=0.999989	
Position 309:	T=2.5e-07	G=2.5e-07	-=1e-05	A=0.999989	C=2.5e-07	
Position 310:	T=2.5e-07	G=0.999989	-=1e-05	A=2.5e-07	C=2.5e-07	
Position 311:	T=2.5e-07	G=2.5e-07	-=1e-05	A=2.5e-07	C=0.999989	
Position 312:	T=0.999989	G=2.5e-07	-=1e-05	A=2.5e-07	C=2.5e-07	
Position 313:	T=2.5e-07	G=2.5e-07	-=1e-05	A=0.999989	C=2.5e-07	
Position 314:	T=0.999989	G=2.5e-07	-=1e-05	A=2.5e-07	C=2.5e-07	
Position 315:	T=2.5e-07	G=2.5e-07	-=1e-05	A=0.999989	C=2.5e-07	
Position 316:	T=2.5e-07	G=0.999989	-=1e-05	A=2.5e-07	C=2.5e-07	
Position 317:	T=2.5e-07	G=2.5e-07	-=1e-05	A=0.999989	C=2.5e-07	
Position 318:	T=2.5e-07	G=2.5e-07	-=1e-05	A=0.999989	C=2.5e-07	
Position 319:	T=2.5e-07	G=0.999989	-=1e-05	A=2.5e-07	C=2.5e-07	
Position 320:	T=2.5e-07	G=0.999989	-=1e-05	A=2.5e-07	C=2.5e-07	
Position 321:	T=2.5e-07	G=2.5e-07	-=1e-05	A=0.999989	C=2.5e-07	
Position 322:	T=2.5e-07	G=2.5e-07	-=1e-05	A=2.5e-07	C=0.999989	
Position 323:	T=2.5e-07	G=2.5e-07	-=1e-05	A=2.5e-07	C=0.999989	
Position 324:	T=0.999989	G=2.5e-07	-=1e-05	A=2.5e-07	C=2.5e-07	
Position 325:	T=2.5e-07	G=2.5e-07	-=1e-05	A=0.999989	C=2.5e-07	
Position 326:	T=2.5e-07	G=2.5e-07	-=1e-05	A=2.5e-07	C=0.999989	
Position 327:	T=0.999989	G=2.5e-07	-=1e-05	A=2.5e-07	C=2.5e-07	
Position 328:	T=2.5e-07	G=2.5e-07	-=1e-05	A=2.5e-07	C=0.999989	
Position 329:	T=2.5e-07	G=2.5e-07	-=1e-05	A=2.5e-07	C=0.999989	
Position 330:	T=0.999989	G=2.5e-07	-=1e-05	A=2.5e-07	C=2.5e-07	
Position 331:	T=2.5e-07	G=0.999989	-=1e-05	A=2.5e-07	C=2.5e-07	
Position 332:	T=0.999989	G=2.5e-07	-=1e-05	A=2.5e-07	C=2.5e-07	
Position 333:	T=0.999989	G=2.5e-07	-=1e-05	A=2.5e-07	C=2.5e-07	
Position 334:	T=0.999989	G=2.5e-07	-=1e-05	A=2.5e-07	C=2.5e-07	
Position 335:	T=2.5e-07	G=2.5e-07	-=1e-05	A=2.5e-07	C=0.999989	
Position 336:	T=2.5e-07	G=2.5e-07	-=1e-05	A=0.999989	C=2.5e-07	
Position 337:	T=2.5e-07	G=0.999989	-=1e-05	A=2.5e-07	C=2.5e-07	
Position 338:	T=2.5e-07	G=2.5e-07	-=1e-05	A=2.5e-07	C=0.999989	
Position 339:	T=2.5e-07	G=2.5e-07	-=1e-05	A=2.5e-07	C=0.999989	
Position 340:	T=2.5e-07	G=2.5e-07	-=1e-05	A=2.5e-07	C=0.999989	
Position 341:	T=0.999989	G=2.5e-07	-=1e-05	A=2.5e-07	C=2.5e-07	
Position 342:	T=2.5e-07	G=2.5e-07	-=1e-05	A=0.999989	C=2.5e-07	
Position 343:	T=2.5e-07	G=2.5e-07	-=1e-05	A=2.5e-07	C=0.999989	
Position 344:	T=0.999989	G=2.5e-07	-=1e-05	A=2.5e-07	C=2.5e-07	
Position 345:	T=2.5e-07	G=2.5e-07	-=1e-05	A=0.999989	C=2.5e-07	
Position 346:	T=6.27972e-07	G=6.27972e-07	-=1e-05	A=6.27972e-07	C=0.999987	
Position 347:	T=2.5e-07	G=2.5e-07	-=1e-05	A=0.999989	C=2.5e-07	
Position 348:	T=2.5e-07	G=2.5e-07	-=1e-05	A=2.5e-07	C=0.999989	
Position 349:	T=0.999989	G=2.5e-07	-=1e-05	A=2.5e-07	C=2.5e-07	
Position 350:	T=2.5e-07	G=2.5e-07	-=1e-05	A=2.5e-07	C=0.999989	
Position 351:	T=0.999989	G=2.5e-07	-=1e-05	A=2.5e-07	C=2.5e-07	
Position 352:	T=2.5e-07	G=2.5e-07	-=1e-05	A=0.999989	C=2.5e-07	
Position 353:	T=2.5e-07	G=0.999989	-=1e-05	A=2.5e-07	C=2.5e-07	
Position 354:	T=0.999989	G=2.5e-07	-=1e-05	A=2.5e-07	C=2.5e-07	
Position 355:	T=2.5e-07	G=2.5e-07	-=1e-05	A=0.999989	C=2.5e-07	
Position 356:	T=2.5e-07	G=2.5e-07	-=1e-05	A=2.5e-07	C=0.999989	
Position 357:	T=2.5e-07	G=2.5e-07	-=1e-05	A=0.999989	C=2.5e-07	
Position 358:	T=2.5e-07	G=2.5e-07	-=1e-05	A=0.999989	C=2.5e-07	
Position 359:	T=0.999989	G=2.5e-07	-=1e-05	A=2.5e-07	C=2.5e-07	
Position 360:	T=2.5e-07	G=2.5e-07	-=1e-05	A=0.999989	C=2.5e-07	
Position 361:	T=7.90569e-07	G=0.999987	-=1e-05	A=7.90569e-07	C=7.90569e-07	
Position 362:	T=0.2	G=0.2	C=0.2	-=0.2	A=0.2	
Position 363:	T=2.5e-07	G=2.5e-07	-=1e-05	A=0.999989	C=2.5e-07	
Position 364:	T=2.5e-07	G=0.999989	-=1e-05	A=2.5e-07	C=2.5e-07	
Position 365:	T=0.999989	G=2.5e-07	-=1e-05	A=2.5e-07	C=2.5e-07	
Position 366:	T=0.999989	G=3.14731e-07	-=1e-05	A=3.14731e-07	C=3.14731e-07	
Position 367:	T=0.999989	G=2.5e-07	-=1e-05	A=2.5e-07	C=2.5e-07	
Position 368:	T=2.5e-07	G=2.5e-07	-=1e-05	A=0.999989	C=2.5e-07	
Position 369:	T=0.999989	G=2.5e-07	-=1e-05	A=2.5e-07	C=2.5e-07	
Position 370:	T=2.5e-07	G=2.5e-07	-=1e-05	A=2.5e-07	C=0.999989	
Position 371:	T=2.5e-07	G=2.5e-07	-=1e-05	A=2.5e-07	C=0.999989	
Position 372:	T=2.5e-07	G=2.5e-07	-=1e-05	A=0.999989	C=2.5e-07	
Position 373:	T=2.5e-07	G=2.5e-07	-=1e-05	A=0.999989	C=2.5e-07	
Position 374:	T=2.5e-07	G=2.5e-07	-=1e-05	A=0.999989	C=2.5e-07	
Position 375:	T=2.5e-07	G=2.5e-07	-=1e-05	A=2.5e-07	C=0.999989	
Position 376:	T=2.5e-07	G=2.5e-07	-=1e-05	A=0.999989	C=2.5e-07	
Position 377:	T=2.5e-07	G=0.999989	-=1e-05	A=2.5e-07	C=2.5e-07	
Position 378:	T=2.5e-07	G=2.5e-07	-=1e-05	A=2.5e-07	C=0.999989	
Position 379:	T=2.5e-07	G=2.5e-07	-=1e-05	A=2.5e-07	C=0.999989	
Position 380:	T=2.5e-07	G=2.5e-07	-=1e-05	A=0.999989	C=2.5e-07	
Position 381:	T=2.5e-07	G=2.5e-07	-=1e-05	A=2.5e-07	C=0.999989	
Position 382:	T=0.999989	G=2.5e-07	-=1e-05	A=2.5e-07	C=2.5e-07	
Position 383:	T=0.999989	G=2.5e-07	-=1e-05	A=2.5e-07	C=2.5e-07	
Position 384:	T=0.999989	G=2.5e-07	-=1e-05	A=2.5e-07	C=2.5e-07	
Position 385:	T=2.5e-07	G=2.5e-07	-=1e-05	A=0.999989	C=2.5e-07	
Position 386:	T=0.999989	G=2.5e-07	-=1e-05	A=2.5e-07	C=2.5e-07	
Position 387:	T=2.5e-07	G=0.999989	-=1e-05	A=2.5e-07	C=2.5e-07	
Position 388:	T=2.5e-07	G=2.5e-07	-=1e-05	A=2.5e-07	C=0.999989	
Position 389:	T=2.5e-07	G=2.5e-07	-=1e-05	A=2.5e-07	C=0.999989	
Position 390:	T=0.999989	G=2.5e-07	-=1e-05	A=2.5e-07	C=2.5e-07	
Position 391:	T=2.5e-07	G=2.5e-07	-=1e-05	A=0.999989	C=2.5e-07	
Position 392:	T=2.5e-07	G=0.999989	-=1e-05	A=2.5e-07	C=2.5e-07	
Position 393:	T=2.5e-07	G=0.999989	-=1e-05	A=2.5e-07	C=2.5e-07	
Position 394:	T=2.5e-07	G=2.5e-07	-=1e-05	A=2.5e-07	C=0.999989	
Position 395:	T=2.5e-07	G=0.999989	-=1e-05	A=2.5e-07	C=2.5e-07	
Position 396:	T=2.5e-07	G=2.5e-07	-=1e-05	A=2.5e-07	C=0.999989	
Position 397:	T=2.5e-07	G=2.5e-07	-=1e-05	A=0.999989	C=2.5e-07	
Position 398:	T=2.5e-07	G=2.5e-07	-=1e-05	A=0.999989	C=2.5e-07	
Position 399:	T=0.999989	G=2.5e-07	-=1e-05	A=2.5e-07	C=2.5e-07	
Position 400:	T=2.5e-07	G=2.5e-07	-=1e-05	A=0.999989	C=2.5e-07	
Position 401:	T=2.5e-07	G=2.5e-07	-=1e-05	A=0.999989	C=2.5e-07	
Position 402:	T=2.5e-07	G=2.5e-07	-=1e-05	A=2.5e-07	C=0.999989	
Position 403:	T=2.5e-07	G=2.5e-07	-=1e-05	A=0.999989	C=2.5e-07	
Position 404:	T=2.5e-07	G=2.5e-07	-=1e-05	A=0.999989	C=2.5e-07	
Position 405:	T=2.5e-07	G=2.5e-07	-=1e-05	A=2.5e-07	C=0.999989	
Position 406:	T=2.5e-07	G=2.5e-07	-=1e-05	A=2.5e-07	C=0.999989	
Position 407:	T=2.5e-07	G=2.5e-07	-=1e-05	A=2.5e-07	C=0.999989	
Position 408:	T=0.999989	G=2.5e-07	-=1e-05	A=2.5e-07	C=2.5e-07	
Position 409:	T=2.5e-07	G=2.5e-07	-=1e-05	A=0.999989	C=2.5e-07	
Position 410:	T=0.999989	G=2.5e-07	-=1e-05	A=2.5e-07	C=2.5e-07	
Position 411:	T=0.999989	G=2.5e-07	-=1e-05	A=2.5e-07	C=2.5e-07	
Position 412:	T=2.5e-07	G=0.999989	-=1e-05	A=2.5e-07	C=2.5e-07	
Position 413:	T=2.5e-07	G=2.5e-07	-=1e-05	A=0.999989	C=2.5e-07	
Position 414:	T=2.5e-07	G=2.5e-07	-=1e-05	A=2.5e-07	C=0.999989	
Position 415:	T=2.5e-07	G=2.5e-07	-=1e-05	A=0.999989	C=2.5e-07	
Position 416:	T=2.5e-07	G=0.999989	-=1e-05	A=2.5e-07	C=2.5e-07	
Position 417:	T=2.5e-07	G=2.5e-07	-=1e-05	A=2.5e-07	C=0.999989	
Position 418:	T=2.5e-07	G=2.5e-07	-=1e-05	A=0.999989	C=2.5e-07	
Position 419:	T=2.5e-07	G=0.999989	-=1e-05	A=2.5e-07	C=2.5e-07	
Position 420:	T=2.5e-07	G=2.5e-07	-=1e-05	A=2.5e-07	C=0.999989	
Position 421:	T=2.5e-07	G=2.5e-07	-=1e-05	A=0.999989	C=2.5e-07	
Position 422:	T=0.2	G=0.2	C=0.2	-=0.2	A=0.2	
Position 423:	T=2.5e-07	G=2.5e-07	-=1e-05	A=2.5e-07	C=0.999989	
Position 424:	T=2.5e-07	G=2.5e-07	-=1e-05	A=2.5e-07	C=0.999989	
Position 425:	T=2.5e-07	G=2.5e-07	-=1e-05	A=0.999989	C=2.5e-07	
Position 426:	T=0.999989	G=2.5e-07	-=1e-05	A=2.5e-07	C=2.5e-07	
Position 427:	T=2.5e-07	G=2.5e-07	-=1e-05	A=0.999989	C=2.5e-07	
Position 428:	T=2.5e-07	G=2.5e-07	-=1e-05	A=2.5e-07	C=0.999989	
Position 429:	T=0.999989	G=2.5e-07	-=1e-05	A=2.5e-07	C=2.5e-07	
Position 430:	T=2.5e-07	G=2.5e-07	-=1e-05	A=2.5e-07	C=0.999989	
Position 431:	T=0.999989	G=2.5e-07	-=1e-05	A=2.5e-07	C=2.5e-07	
Position 432:	T=0.999989	G=2.5e-07	-=1e-05	A=2.5e-07	C=2.5e-07	
Position 433:	T=0.999989	G=2.5e-07	-=1e-05	A=2.5e-07	C=2.5e-07	
Position 434:	T=2.5e-07	G=2.5e-07	-=1e-05	A=0.999989	C=2.5e-07	
Position 435:	T=0.999989	G=2.5e-07	-=1e-05	A=2.5e-07	C=2.5e-07	
Position 436:	T=2.5e-07	G=2.5e-07	-=1e-05	A=0.999989	C=2.5e-07	
Position 437:	T=0.999989	G=2.5e-07	-=1e-05	A=2.5e-07	C=2.5e-07	
Position 438:	T=2.5e-07	G=0.999989	-=1e-05	A=2.5e-07	C=2.5e-07	
Position 439:	T=2.5e-07	G=2.5e-07	-=1e-05	A=2.5e-07	C=0.999989	
Position 440:	T=2.5e-07	G=2.5e-07	-=1e-05	A=0.999989	C=2.5e-07	
Position 441:	T=2.5e-07	G=2.5e-07	-=1e-05	A=2.5e-07	C=0.999989	
Position 442:	T=2.5e-07	G=2.5e-07	-=1e-05	A=2.5e-07	C=0.999989	
Position 443:	T=2.5e-07	G=2.5e-07	-=1e-05	A=2.5e-07	C=0.999989	
Position 444:	T=2.5e-07	G=0.999989	-=1e-05	A=2.5e-07	C=2.5e-07	
Position 445:	T=2.5e-07	G=0.999989	-=1e-05	A=2.5e-07	C=2.5e-07	
Position 446:	T=0.999989	G=2.5e-07	-=1e-05	A=2.5e-07	C=2.5e-07	
Position 447:	T=2.5e-07	G=2.5e-07	-=1e-05	A=2.5e-07	C=0.999989	
Position 448:	T=2.5e-07	G=2.5e-07	-=1e-05	A=2.5e-07	C=0.999989	
Position 449:	T=2.5e-07	G=2.5e-07	-=1e-05	A=0.999989	C=2.5e-07	
Position 450:	T=0.999989	G=2.5e-07	-=1e-05	A=2.5e-07	C=2.5e-07	
Position 451:	T=0.999989	G=2.5e-07	-=1e-05	A=2.5e-07	C=2.5e-07	
Position 452:	T=2.5e-07	G=2.5e-07	-=1e-05	A=0.999989	C=2.5e-07	
Position 453:	T=0.999989	G=2.5e-07	-=1e-05	A=2.5e-07	C=2.5e-07	
Position 454:	T=0.999989	G=2.5e-07	-=1e-05	A=2.5e-07	C=2.5e-07	
Position 455:	T=2.5e-07	G=2.5e-07	-=1e-05	A=2.5e-07	C=0.999989	
Position 456:	T=2.5e-07	G=2.5e-07	-=1e-05	A=0.999989	C=2.5e-07	
Position 457:	T=2.5e-07	G=2.5e-07	-=1e-05	A=2.5e-07	C=0.999989	
Position 458:	T=2.5e-07	G=2.5e-07	-=1e-05	A=0.999989	C=2.5e-07	
Position 459:	T=2.5e-07	G=0.999989	-=1e-05	A=2.5e-07	C=2.5e-07	
Position 460:	T=2.5e-07	G=2.5e-07	-=1e-05	A=2.5e-07	C=0.999989	
Position 461:	T=2.5e-07	G=0.999989	-=1e-05	A=2.5e-07	C=2.5e-07	
Position 462:	T=0.999989	G=2.5e-07	-=1e-05	A=2.5e-07	C=2.5e-07	
Position 463:	T=2.5e-07	G=2.5e-07	-=1e-05	A=0.999989	C=2.5e-07	
Position 464:	T=2.5e-07	G=2.5e-07	-=1e-05	A=0.999989	C=2.5e-07	
Position 465:	T=2.5e-07	G=2.5e-07	-=1e-05	A=0.999989	C=2.5e-07	
Position 466:	T=0.999989	G=2.5e-07	-=1e-05	A=2.5e-07	C=2.5e-07	
Position 467:	T=2.5e-07	G=0.999989	-=1e-05	A=2.5e-07	C=2.5e-07	
Position 468:	T=2.5e-07	G=2.5e-07	-=1e-05	A=0.999989	C=2.5e-07	
Position 469:	T=0.999989	G=2.5e-07	-=1e-05	A=2.5e-07	C=2.5e-07	
Position 470:	T=2.5e-07	G=0.999989	-=1e-05	A=2.5e-07	C=2.5e-07	
Position 471:	T=3.14731e-07	G=3.14731e-07	-=1e-05	A=0.999989	C=3.14731e-07	
Position 472:	T=2.5e-07	G=2.5e-07	-=1e-05	A=0.999989	C=2.5e-07	
Position 473:	T=2.5e-07	G=2.5e-07	-=1e-05	A=2.5e-07	C=0.999989	
Position 474:	T=2.5e-07	G=2.5e-07	-=1e-05	A=0.999989	C=2.5e-07	
Position 475:	T=2.5e-07	G=2.5e-07	-=1e-05	A=0.999989	C=2.5e-07	
Position 476:	T=2.5e-07	G=0.999989	-=1e-05	A=2.5e-07	C=2.5e-07	
Position 477:	T=2.5e-07	G=2.5e-07	-=1e-05	A=0.999989	C=2.5e-07	
Position 478:	T=2.5e-07	G=2.5e-07	-=1e-05	A=2.5e-07	C=0.999989	
Position 479:	T=2.5e-07	G=2.5e-07	-=1e-05	A=0.999989	C=2.5e-07	
Position 480:	T=0.999989	G=2.5e-07	-=1e-05	A=2.5e-07	C=2.5e-07	
Position 481:	T=2.5e-07	G=2.5e-07	-=1e-05	A=2.5e-07	C=0.999989	
Position 482:	T=2.5e-07	G=2.5e-07	-=1e-05	A=2.5e-07	C=0.999989	
Position 483:	T=0.2	G=0.2	C=0.2	-=0.2	A=0.2	
Position 484:	T=0.2	G=0.2	C=0.2	-=0.2	A=0.2	
Position 485:	T=0.2	G=0.2	C=0.2	-=0.2	A=0.2	
Position 486:	T=2.5e-07	G=2.5e-07	-=1e-05	A=0.999989	C=2.5e-07	
Position 487:	T=2.5e-07	G=2.5e-07	-=1e-05	A=0.999989	C=2.5e-07	
Position 488:	T=2.5e-07	G=2.5e-07	-=1e-05	A=2.5e-07	C=0.999989	
Position 489:	T=0.999989	G=2.5e-07	-=1e-05	A=2.5e-07	C=2.5e-07	
Position 490:	T=2.5e-07	G=2.5e-07	-=1e-05	A=2.5e-07	C=0.999989	
Position 491:	T=0.999989	G=2.5e-07	-=1e-05	A=2.5e-07	C=2.5e-07	
Position 492:	T=2.5e-07	G=2.5e-07	-=1e-05	A=2.5e-07	C=0.999989	
Position 493:	T=2.5e-07	G=0.999989	-=1e-05	A=2.5e-07	C=2.5e-07	
Position 494:	T=0.999989	G=2.5e-07	-=1e-05	A=2.5e-07	C=2.5e-07	
Position 495:	T=0.999989	G=2.5e-07	-=1e-05	A=2.5e-07	C=2.5e-07	
Position 496:	T=2.5e-07	G=0.999989	-=1e-05	A=2.5e-07	C=2.5e-07	
Position 497:	T=2.5e-07	G=2.5e-07	-=1e-05	A=2.5e-07	C=0.999989	
Position 498:	T=2.5e-07	G=2.5e-07	-=1e-05	A=2.5e-07	C=0.999989	
Position 499:	T=2.5e-07	G=2.5e-07	-=1e-05	A=0.999989	C=2.5e-07	
Position 500:	T=2.5e-07	G=2.5e-07	-=1e-05	A=2.5e-07	C=0.999989	
Position 501:	T=0.000790569	G=0.000790569	-=1e-05	A=0.996828	C=0.000790569	
Position 502:	T=0.999989	G=2.5e-07	-=1e-05	A=2.5e-07	C=2.5e-07	
Position 503:	T=2.5e-07	G=2.5e-07	-=1e-05	A=2.5e-07	C=0.999989	
Position 504:	T=2.5e-07	G=2.5e-07	-=1e-05	A=2.5e-07	C=0.999989	
Position 505:	T=2.5e-07	G=2.5e-07	-=1e-05	A=2.5e-07	C=0.999989	
Position 506:	T=0.999989	G=2.5e-07	-=1e-05	A=2.5e-07	C=2.5e-07	
Position 507:	T=2.5e-07	G=2.5e-07	-=1e-05	A=0.999989	C=2.5e-07	
Position 508:	T=2.5e-07	G=2.5e-07	-=1e-05	A=0.999989	C=2.5e-07	
Position 509:	T=2.5e-07	G=2.5e-07	-=1e-05	A=2.5e-07	C=0.999989	
Position 510:	T=2.5e-07	G=2.5e-07	-=1e-05	A=2.5e-07	C=0.999989	
Position 511:	T=2.5e-07	G=0.999989	-=1e-05	A=2.5e-07	C=2.5e-07	
Position 512:	T=2.5e-07	G=2.5e-07	-=1e-05	A=2.5e-07	C=0.999989	
Position 513:	T=0.999989	G=2.5e-07	-=1e-05	A=2.5e-07	C=2.5e-07	
Position 514:	T=2.5e-07	G=0.999989	-=1e-05	A=2.5e-07	C=2.5e-07	
Position 515:	T=2.5e-07	G=2.5e-07	-=1e-05	A=2.5e-07	C=0.999989	
Position 516:	T=2.5e-07	G=2.5e-07	-=1e-05	A=2.5e-07	C=0.999989	
Position 517:	T=0.999989	G=2.5e-07	-=1e-05	A=2.5e-07	C=2.5e-07	
Position 518:	T=2.5e-07	G=2.5e-07	-=1e-05	A=0.999989	C=2.5e-07	
Position 519:	T=2.5e-07	G=2.5e-07	-=1e-05	A=2.5e-07	C=0.999989	
Position 520:	T=2.5e-07	G=2.5e-07	-=1e-05	A=0.999989	C=2.5e-07	
Position 521:	T=0.2	G=0.2	C=0.2	-=0.2	A=0.2	
Position 522:	T=2.5e-07	G=2.5e-07	-=1e-05	A=0.999989	C=2.5e-07	
Position 523:	T=0.999989	G=2.5e-07	-=1e-05	A=2.5e-07	C=2.5e-07	
Position 524:	T=0.999989	G=2.5e-07	-=1e-05	A=2.5e-07	C=2.5e-07	
Position 525:	T=2.5e-07	G=2.5e-07	-=1e-05	A=0.999989	C=2.5e-07	
Position 526:	T=2.5e-07	G=0.999989	-=1e-05	A=2.5e-07	C=2.5e-07	
Position 527:	T=2.5e-07	G=2.5e-07	-=1e-05	A=2.5e-07	C=0.999989	
Position 528:	T=2.5e-07	G=2.5e-07	-=1e-05	A=0.999989	C=2.5e-07	
Position 529:	T=2.5e-07	G=2.5e-07	-=1e-05	A=0.999989	C=2.5e-07	
Position 530:	T=2.5e-07	G=2.5e-07	-=1e-05	A=2.5e-07	C=0.999989	
Position 531:	T=2.5e-07	G=0.999989	-=1e-05	A=2.5e-07	C=2.5e-07	
Position 532:	T=2.5e-07	G=2.5e-07	-=1e-05	A=0.999989	C=2.5e-07	
Position 533:	T=2.5e-07	G=0.999989	-=1e-05	A=2.5e-07	C=2.5e-07	
Position 534:	T=2.5e-07	G=2.5e-07	-=1e-05	A=0.999989	C=2.5e-07	
Position 535:	T=2.5e-07	G=2.5e-07	-=1e-05	A=0.999989	C=2.5e-07	
Position 536:	T=0.999989	G=2.5e-07	-=1e-05	A=2.5e-07	C=2.5e-07	
Position 537:	T=2.5e-07	G=2.5e-07	-=1e-05	A=0.999989	C=2.5e-07	
Position 538:	T=2.5e-07	G=2.5e-07	-=1e-05	A=0.999989	C=2.5e-07	
Position 539:	T=2.5e-07	G=2.5e-07	-=1e-05	A=2.5e-07	C=0.999989	
Position 540:	T=2.5e-07	G=2.5e-07	-=1e-05	A=2.5e-07	C=0.999989	
Position 541:	T=2.5e-07	G=2.5e-07	-=1e-05	A=2.5e-07	C=0.999989	
Position 542:	T=2.5e-07	G=2.5e-07	-=1e-05	A=2.5e-07	C=0.999989	
Position 543:	T=2.5e-07	G=2.5e-07	-=1e-05	A=0.999989	C=2.5e-07	
Position 544:	T=0.999989	G=2.5e-07	-=1e-05	A=2.5e-07	C=2.5e-07	
Position 545:	T=2.5e-07	G=2.5e-07	-=1e-05	A=0.999989	C=2.5e-07	
Position 546:	T=2.5e-07	G=2.5e-07	-=1e-05	A=2.5e-07	C=0.999989	
Position 547:	T=0.999989	G=2.5e-07	-=1e-05	A=2.5e-07	C=2.5e-07	
Position 548:	T=2.5e-07	G=2.5e-07	-=1e-05	A=0.999989	C=2.5e-07	
Position 549:	T=2.5e-07	G=2.5e-07	-=1e-05	A=0.999989	C=2.5e-07	
Position 550:	T=0.999989	G=2.5e-07	-=1e-05	A=2.5e-07	C=2.5e-07	
Position 551:	T=2.5e-07	G=2.5e-07	-=1e-05	A=2.5e-07	C=0.999989	
Position 552:	T=2.5e-07	G=2.5e-07	-=1e-05	A=0.999989	C=2.5e-07	
Position 553:	T=2.5e-07	G=2.5e-07	-=1e-05	A=0.999989	C=2.5e-07	
Position 554:	T=0.999989	G=2.5e-07	-=1e-05	A=2.5e-07	C=2.5e-07	
Position 555:	T=0.999989	G=2.5e-07	-=1e-05	A=2.5e-07	C=2.5e-07	
Position 556:	T=2.5e-07	G=2.5e-07	-=1e-05	A=2.5e-07	C=0.999989	
Position 557:	T=3.14731e-07	G=3.14731e-07	-=1e-05	A=3.14731e-07	C=0.999989	
Position 558:	T=2.5e-07	G=2.5e-07	-=1e-05	A=0.999989	C=2.5e-07	
Position 559:	T=0.999989	G=2.5e-07	-=1e-05	A=2.5e-07	C=2.5e-07	
Position 560:	T=2.5e-07	G=2.5e-07	-=1e-05	A=2.5e-07	C=0.999989	
Position 561:	T=2.5e-07	G=2.5e-07	-=1e-05	A=0.999989	C=2.5e-07	
Position 562:	T=2.5e-07	G=2.5e-07	-=1e-05	A=0.999989	C=2.5e-07	
Position 563:	T=2.5e-07	G=2.5e-07	-=1e-05	A=0.999989	C=2.5e-07	
Position 564:	T=2.5e-07	G=2.5e-07	-=1e-05	A=2.5e-07	C=0.999989	
Position 565:	T=2.5e-07	G=0.999989	-=1e-05	A=2.5e-07	C=2.5e-07	
Position 566:	T=0.999989	G=3.14731e-07	-=1e-05	A=3.14731e-07	C=3.14731e-07	
Position 567:	T=2.5e-07	G=2.5e-07	-=1e-05	A=2.5e-07	C=0.999989	
Position 568:	T=0.999989	G=2.5e-07	-=1e-05	A=2.5e-07	C=2.5e-07	
Position 569:	T=2.5e-07	G=0.999989	-=1e-05	A=2.5e-07	C=2.5e-07	
Position 570:	T=2.5e-07	G=2.5e-07	-=1e-05	A=2.5e-07	C=0.999989	
Position 571:	T=2.5e-07	G=0.999989	-=1e-05	A=2.5e-07	C=2.5e-07	
Position 572:	T=0.999989	G=2.5e-07	-=1e-05	A=2.5e-07	C=2.5e-07	
Position 573:	T=2.5e-07	G=0.999989	-=1e-05	A=2.5e-07	C=2.5e-07	
Position 574:	T=0.999989	G=2.5e-07	-=1e-05	A=2.5e-07	C=2.5e-07	
Position 575:	T=2.5e-07	G=2.5e-07	-=1e-05	A=0.999989	C=2.5e-07	
Position 576:	T=0.999989	G=2.5e-07	-=1e-05	A=2.5e-07	C=2.5e-07	
Position 577:	T=0.2	G=0.2	C=0.2	-=0.2	A=0.2	
Position 578:	T=2.5e-07	G=2.5e-07	-=1e-05	A=0.999989	C=2.5e-07	
Position 579:	T=2.5e-07	G=2.5e-07	-=1e-05	A=0.999989	C=2.5e-07	
Position 580:	T=2.5e-07	G=2.5e-07	-=1e-05	A=2.5e-07	C=0.999989	
Position 581:	T=0.999989	G=2.5e-07	-=1e-05	A=2.5e-07	C=2.5e-07	
Position 582:	T=2.5e-07	G=2.5e-07	-=1e-05	A=0.999989	C=2.5e-07	
Position 583:	T=0.999989	G=2.5e-07	-=1e-05	A=2.5e-07	C=2.5e-07	
Position 584:	T=2.5e-07	G=2.5e-07	-=1e-05	A=2.5e-07	C=0.999989	
Position 585:	T=2.5e-07	G=2.5e-07	-=1e-05	A=0.999989	C=2.5e-07	
Position 586:	T=2.5e-07	G=2.5e-07	-=1e-05	A=0.999989	C=2.5e-07	
Position 587:	T=2.5e-07	G=2.5e-07	-=1e-05	A=0.999989	C=2.5e-07	
Position 588:	T=2.5e-07	G=2.5e-07	-=1e-05	A=2.5e-07	C=0.999989	
Position 589:	T=0.999989	G=2.5e-07	-=1e-05	A=2.5e-07	C=2.5e-07	
Position 590:	T=0.999989	G=2.5e-07	-=1e-05	A=2.5e-07	C=2.5e-07	
Position 591:	T=2.5e-07	G=0.999989	-=1e-05	A=2.5e-07	C=2.5e-07	
Position 592:	T=2.5e-07	G=2.5e-07	-=1e-05	A=0.999989	C=2.5e-07	
Position 593:	T=2.5e-07	G=2.5e-07	-=1e-05	A=0.999989	C=2.5e-07	
Position 594:	T=0.999989	G=2.5e-07	-=1e-05	A=2.5e-07	C=2.5e-07	
Position 595:	T=2.5e-07	G=2.5e-07	-=1e-05	A=0.999989	C=2.5e-07	
Position 596:	T=0.999989	G=2.5e-07	-=1e-05	A=2.5e-07	C=2.5e-07	
Position 597:	T=2.5e-07	G=2.5e-07	-=1e-05	A=2.5e-07	C=0.999989	
Position 598:	T=2.5e-07	G=2.5e-07	-=1e-05	A=2.5e-07	C=0.999989	
Position 599:	T=2.5e-07	G=2.5e-07	-=1e-05	A=0.999989	C=2.5e-07	
Position 600:	T=2.5e-07	G=2.5e-07	-=1e-05	A=2.5e-07	C=0.999989	
Position 601:	T=2.5e-07	G=2.5e-07	-=1e-05	A=0.999989	C=2.5e-07	
Position 602:	T=2.5e-07	G=2.5e-07	-=1e-05	A=0.999989	C=2.5e-07	
Position 603:	T=2.5e-07	G=2.5e-07	-=1e-05	A=0.999989	C=2.5e-07	
Position 604:	T=2.5e-07	G=2.5e-07	-=1e-05	A=0.999989	C=2.5e-07	
Position 605:	T=0.999989	G=2.5e-07	-=1e-05	A=2.5e-07	C=2.5e-07	
Position 606:	T=2.5e-07	G=2.5e-07	-=1e-05	A=2.5e-07	C=0.999989	
Position 607:	T=2.5e-07	G=2.5e-07	-=1e-05	A=2.5e-07	C=0.999989	
Position 608:	T=2.5e-07	G=2.5e-07	-=1e-05	A=0.999989	C=2.5e-07	
Position 609:	T=2.5e-07	G=0.999989	-=1e-05	A=2.5e-07	C=2.5e-07	
Position 610:	T=0.999989	G=2.5e-07	-=1e-05	A=2.5e-07	C=2.5e-07	
Position 611:	T=0.999989	G=2.5e-07	-=1e-05	A=2.5e-07	C=2.5e-07	
Position 612:	T=2.5e-07	G=2.5e-07	-=1e-05	A=0.999989	C=2.5e-07	
Position 613:	T=2.5e-07	G=2.5e-07	-=1e-05	A=0.999989	C=2.5e-07	
Position 614:	T=2.5e-07	G=2.5e-07	-=1e-05	A=0.999989	C=2.5e-07	
Position 615:	T=0.999989	G=2.5e-07	-=1e-05	A=2.5e-07	C=2.5e-07	
Position 616:	T=0.999989	G=2.5e-07	-=1e-05	A=2.5e-07	C=2.5e-07	
Position 617:	T=2.5e-07	G=2.5e-07	-=1e-05	A=2.5e-07	C=0.999989	
Position 618:	T=0.999989	G=2.5e-07	-=1e-05	A=2.5e-07	C=2.5e-07	
Position 619:	T=2.5e-07	G=2.5e-07	-=1e-05	A=2.5e-07	C=0.999989	
Position 620:	T=0.999989	G=2.5e-07	-=1e-05	A=2.5e-07	C=2.5e-07	
Position 621:	T=2.5e-07	G=2.5e-07	-=1e-05	A=0.999989	C=2.5e-07	
Position 622:	T=0.999989	G=2.5e-07	-=1e-05	A=2.5e-07	C=2.5e-07	
Position 623:	T=0.999989	G=2.5e-07	-=1e-05	A=2.5e-07	C=2.5e-07	
Position 624:	T=2.5e-07	G=2.5e-07	-=1e-05	A=2.5e-07	C=0.999989	
Position 625:	T=2.5e-07	G=2.5e-07	-=1e-05	A=0.999989	C=2.5e-07	
Position 626:	T=2.5e-07	G=2.5e-07	-=1e-05	A=0.999989	C=2.5e-07	
Position 627:	T=2.5e-07	G=2.5e-07	-=1e-05	A=0.999989	C=2.5e-07	
Position 628:	T=0.999989	G=2.5e-07	-=1e-05	A=2.5e-07	C=2.5e-07	
Position 629:	T=2.5e-07	G=2.5e-07	-=1e-05	A=0.999989	C=2.5e-07	
Position 630:	T=0.999989	G=2.5e-07	-=1e-05	A=2.5e-07	C=2.5e-07	
Position 631:	T=2.5e-07	G=0.999989	-=1e-05	A=2.5e-07	C=2.5e-07	
Position 632:	T=2.5e-07	G=2.5e-07	-=1e-05	A=0.999989	C=2.5e-07	
Position 633:	T=0.999989	G=2.5e-07	-=1e-05	A=2.5e-07	C=2.5e-07	
Position 634:	T=2.5e-07	G=2.5e-07	-=1e-05	A=0.999989	C=2.5e-07	
Position 635:	T=2.5e-07	G=2.5e-07	-=1e-05	A=2.5e-07	C=0.999989	
Position 636:	T=0.999984	G=1.57739e-06	-=1e-05	A=1.57739e-06	C=1.57739e-06	
Position 637:	T=0.999989	G=2.5e-07	-=1e-05	A=2.5e-07	C=2.5e-07	
Position 638:	T=2.5e-07	G=2.5e-07	-=1e-05	A=0.999989	C=2.5e-07	
Position 639:	T=2.5e-07	G=2.5e-07	-=1e-05	A=2.5e-07	C=0.999989	
Position 640:	T=2.5e-07	G=2.5e-07	-=1e-05	A=2.5e-07	C=0.999989	
Position 641:	T=2.5e-07	G=2.5e-07	-=1e-05	A=2.5e-07	C=0.999989	
Position 642:	T=2.5e-07	G=2.5e-07	-=1e-05	A=0.999989	C=2.5e-07	
Position 643:	T=0.999989	G=2.5e-07	-=1e-05	A=2.5e-07	C=2.5e-07	
Position 644:	T=2.5e-07	G=2.5e-07	-=1e-05	A=2.5e-07	C=0.999989	
Position 645:	T=2.5e-07	G=2.5e-07	-=1e-05	A=0.999989	C=2.5e-07	
Position 646:	T=0.999989	G=2.5e-07	-=1e-05	A=2.5e-07	C=2.5e-07	
Position 647:	T=2.5e-07	G=2.5e-07	-=1e-05	A=2.5e-07	C=0.999989	
Position 648:	T=2.5e-07	G=2.5e-07	-=1e-05	A=0.999989	C=2.5e-07	
Position 649:	T=0.999989	G=2.5e-07	-=1e-05	A=2.5e-07	C=2.5e-07	
Position 650:	T=0.999989	G=2.5e-07	-=1e-05	A=2.5e-07	C=2.5e-07	
Position 651:	T=2.5e-07	G=2.5e-07	-=1e-05	A=2.5e-07	C=0.999989	
Position 652:	T=2.5e-07	G=2.5e-07	-=1e-05	A=0.999989	C=2.5e-07	
Position 653:	T=2.5e-07	G=2.5e-07	-=1e-05	A=2.5e-07	C=0.999989	
Position 654:	T=2.5e-07	G=2.5e-07	-=1e-05	A=2.5e-07	C=0.999989	
Position 655:	T=2.5e-07	G=0.999989	-=1e-05	A=2.5e-07	C=2.5e-07	
Position 656:	T=2.5e-07	G=2.5e-07	-=1e-05	A=2.5e-07	C=0.999989	
Position 657:	T=2.5e-07	G=2.5e-07	-=1e-05	A=2.5e-07	C=0.999989	
Position 658:	T=0.999989	G=2.5e-07	-=1e-05	A=2.5e-07	C=2.5e-07	
Position 659:	T=2.5e-07	G=2.5e-07	-=1e-05	A=2.5e-07	C=0.999989	
Position 660:	T=2.5e-07	G=0.999989	-=1e-05	A=2.5e-07	C=2.5e-07	
Position 661:	T=2.5e-07	G=0.999989	-=1e-05	A=2.5e-07	C=2.5e-07	
Position 662:	T=2.5e-07	G=0.999989	-=1e-05	A=2.5e-07	C=2.5e-07	
Position 663:	T=2.5e-07	G=2.5e-07	-=1e-05	A=2.5e-07	C=0.999989	
Position 664:	T=2.5e-07	G=2.5e-07	-=1e-05	A=2.5e-07	C=0.999989	
Position 665:	T=2.5e-07	G=2.5e-07	-=1e-05	A=0.999989	C=2.5e-07	
Position 666:	T=2.5e-07	G=2.5e-07	-=1e-05	A=0.999989	C=2.5e-07	
Position 667:	T=0.999989	G=2.5e-07	-=1e-05	A=2.5e-07	C=2.5e-07	
Position 668:	T=2.5e-07	G=2.5e-07	-=1e-05	A=0.999989	C=2.5e-07	
Position 669:	T=2.5e-07	G=2.5e-07	-=1e-05	A=0.999989	C=2.5e-07	
Position 670:	T=0.999989	G=2.5e-07	-=1e-05	A=2.5e-07	C=2.5e-07	
Position 671:	T=2.5e-07	G=0.999989	-=1e-05	A=2.5e-07	C=2.5e-07	
Position 672:	T=2.5e-07	G=2.5e-07	-=1e-05	A=0.999989	C=2.5e-07	
Position 673:	T=2.5e-07	G=0.999989	-=1e-05	A=2.5e-07	C=2.5e-07	
Position 674:	T=2.5e-07	G=2.5e-07	-=1e-05	A=2.5e-07	C=0.999989	
Position 675:	T=0.999989	G=2.5e-07	-=1e-05	A=2.5e-07	C=2.5e-07	
Position 676:	T=2.5e-07	G=0.999989	-=1e-05	A=2.5e-07	C=2.5e-07	
Position 677:	T=2.5e-07	G=0.999989	-=1e-05	A=2.5e-07	C=2.5e-07	
Position 678:	T=0.999989	G=2.5e-07	-=1e-05	A=2.5e-07	C=2.5e-07	
Position 679:	T=2.5e-07	G=2.5e-07	-=1e-05	A=2.5e-07	C=0.999989	
Position 680:	T=2.5e-07	G=2.5e-07	-=1e-05	A=0.999989	C=2.5e-07	
Position 681:	T=2.5e-07	G=2.5e-07	-=1e-05	A=0.999989	C=2.5e-07	
Position 682:	T=0.999989	G=2.5e-07	-=1e-05	A=2.5e-07	C=2.5e-07	
Position 683:	T=2.5e-07	G=2.5e-07	-=1e-05	A=0.999989	C=2.5e-07	
Position 684:	T=2.5e-07	G=2.5e-07	-=1e-05	A=0.999989	C=2.5e-07	
Position 685:	T=0.999989	G=2.5e-07	-=1e-05	A=2.5e-07	C=2.5e-07	
Position 686:	T=2.5e-07	G=2.5e-07	-=1e-05	A=2.5e-07	C=0.999989	
Position 687:	T=2.5e-07	G=2.5e-07	-=1e-05	A=2.5e-07	C=0.999989	
Position 688:	T=2.5e-07	G=2.5e-07	-=1e-05	A=0.999989	C=2.5e-07	
Position 689:	T=2.5e-07	G=2.5e-07	-=1e-05	A=0.999989	C=2.5e-07	
Position 690:	T=2.5e-07	G=2.5e-07	-=1e-05	A=0.999989	C=2.5e-07	
Position 691:	T=2.5e-07	G=2.5e-07	-=1e-05	A=0.999989	C=2.5e-07	
Position 692:	T=2.5e-07	G=2.5e-07	-=1e-05	A=0.999989	C=2.5e-07	
Position 693:	T=2.5e-07	G=2.5e-07	-=1e-05	A=0.999989	C=2.5e-07	
Position 694:	T=0.999989	G=2.5e-07	-=1e-05	A=2.5e-07	C=2.5e-07	
Position 695:	T=2.5e-07	G=0.999989	-=1e-05	A=2.5e-07	C=2.5e-07	
Position 696:	T=2.5e-07	G=0.999989	-=1e-05	A=2.5e-07	C=2.5e-07	
Position 697:	T=2.5e-07	G=2.5e-07	-=1e-05	A=2.5e-07	C=0.999989	
Position 698:	T=2.5e-07	G=2.5e-07	-=1e-05	A=2.5e-07	C=0.999989	
Position 699:	T=0.999989	G=2.5e-07	-=1e-05	A=2.5e-07	C=2.5e-07	
Position 700:	T=2.5e-07	G=2.5e-07	-=1e-05	A=2.5e-07	C=0.999989	
Position 701:	T=2.5e-07	G=0.999989	-=1e-05	A=2.5e-07	C=2.5e-07	
Position 702:	T=2.5e-07	G=2.5e-07	-=1e-05	A=0.999989	C=2.5e-07	
Position 703:	T=0.999989	G=2.5e-07	-=1e-05	A=2.5e-07	C=2.5e-07	
Position 704:	T=2.5e-07	G=2.5e-07	-=1e-05	A=2.5e-07	C=0.999989	
Position 705:	T=0.999989	G=2.5e-07	-=1e-05	A=2.5e-07	C=2.5e-07	
Position 706:	T=0.999989	G=2.5e-07	-=1e-05	A=2.5e-07	C=2.5e-07	
Position 707:	T=2.5e-07	G=2.5e-07	-=1e-05	A=0.999989	C=2.5e-07	
Position 708:	T=2.5e-07	G=2.5e-07	-=1e-05	A=2.5e-07	C=0.999989	
Position 709:	T=0.999989	G=2.5e-07	-=1e-05	A=2.5e-07	C=2.5e-07	
Position 710:	T=2.5e-07	G=2.5e-07	-=1e-05	A=0.999989	C=2.5e-07	
Position 711:	T=2.5e-07	G=0.999989	-=1e-05	A=2.5e-07	C=2.5e-07	
Position 712:	T=2.5e-07	G=2.5e-07	-=1e-05	A=0.999989	C=2.5e-07	
Position 713:	T=2.5e-07	G=2.5e-07	-=1e-05	A=2.5e-07	C=0.999989	
Position 714:	T=2.5e-07	G=2.5e-07	-=1e-05	A=0.999989	C=2.5e-07	
Position 715:	T=0.999989	G=2.5e-07	-=1e-05	A=2.5e-07	C=2.5e-07	
Position 716:	T=2.5e-07	G=2.5e-07	-=1e-05	A=0.999989	C=2.5e-07	
Position 717:	T=2.5e-07	G=2.5e-07	-=1e-05	A=2.5e-07	C=0.999989	
Position 718:	T=2.5e-07	G=2.5e-07	-=1e-05	A=2.5e-07	C=0.999989	
Position 719:	T=2.5e-07	G=2.5e-07	-=1e-05	A=2.5e-07	C=0.999989	
Position 720:	T=0.999989	G=2.5e-07	-=1e-05	A=2.5e-07	C=2.5e-07	
Position 721:	T=2.5e-07	G=0.999989	-=1e-05	A=2.5e-07	C=2.5e-07	
Position 722:	T=2.5e-07	G=2.5e-07	-=1e-05	A=0.999989	C=2.5e-07	
Position 723:	T=2.5e-07	G=2.5e-07	-=1e-05	A=2.5e-07	C=0.999989	
Position 724:	T=0.999989	G=2.5e-07	-=1e-05	A=2.5e-07	C=2.5e-07	
Position 725:	T=2.5e-07	G=2.5e-07	-=1e-05	A=0.999989	C=2.5e-07	
Position 726:	T=2.5e-07	G=0.999989	-=1e-05	A=2.5e-07	C=2.5e-07	
Position 727:	T=2.5e-07	G=2.5e-07	-=1e-05	A=0.999989	C=2.5e-07	
Position 728:	T=2.5e-07	G=2.5e-07	-=1e-05	A=0.999989	C=2.5e-07	
Position 729:	T=2.5e-07	G=2.5e-07	-=1e-05	A=0.999989	C=2.5e-07	
Position 730:	T=2.5e-07	G=2.5e-07	-=1e-05	A=0.999989	C=2.5e-07	
Position 731:	T=0.999989	G=2.5e-07	-=1e-05	A=2.5e-07	C=2.5e-07	
Position 732:	T=2.5e-07	G=0.999989	-=1e-05	A=2.5e-07	C=2.5e-07	
Position 733:	T=0.999989	G=2.5e-07	-=1e-05	A=2.5e-07	C=2.5e-07	
Position 734:	T=0.2	G=0.2	C=0.2	-=0.2	A=0.2	
Position 735:	T=2.5e-07	G=2.5e-07	-=1e-05	A=0.999989	C=2.5e-07	
Position 736:	T=0.999989	G=3.14731e-07	-=1e-05	A=3.14731e-07	C=3.14731e-07	
Position 737:	T=2.5e-07	G=2.5e-07	-=1e-05	A=0.999989	C=2.5e-07	
Position 738:	T=2.5e-07	G=2.5e-07	-=1e-05	A=0.999989	C=2.5e-07	
Position 739:	T=2.5e-07	G=2.5e-07	-=1e-05	A=2.5e-07	C=0.999989	
Position 740:	T=2.5e-07	G=2.5e-07	-=1e-05	A=2.5e-07	C=0.999989	
Position 741:	T=2.5e-07	G=2.5e-07	-=1e-05	A=0.999989	C=2.5e-07	
Position 742:	T=2.5e-07	G=2.5e-07	-=1e-05	A=0.999989	C=2.5e-07	
Position 743:	T=2.5e-07	G=2.5e-07	-=1e-05	A=0.999989	C=2.5e-07	
Position 744:	T=2.5e-07	G=2.5e-07	-=1e-05	A=0.999989	C=2.5e-07	
Position 745:	T=0.999989	G=2.5e-07	-=1e-05	A=2.5e-07	C=2.5e-07	
Position 746:	T=2.5e-07	G=2.5e-07	-=1e-05	A=2.5e-07	C=0.999989	
Position 747:	T=2.5e-07	G=2.5e-07	-=1e-05	A=2.5e-07	C=0.999989	
Position 748:	T=2.5e-07	G=2.5e-07	-=1e-05	A=0.999989	C=2.5e-07	
Position 749:	T=0.999989	G=2.5e-07	-=1e-05	A=2.5e-07	C=2.5e-07	
Position 750:	T=2.5e-07	G=2.5e-07	-=1e-05	A=2.5e-07	C=0.999989	
Position 751:	T=0.999989	G=2.5e-07	-=1e-05	A=2.5e-07	C=2.5e-07	
Position 752:	T=2.5e-07	G=2.5e-07	-=1e-05	A=2.5e-07	C=0.999989	
Position 753:	T=2.5e-07	G=2.5e-07	-=1e-05	A=2.5e-07	C=0.999989	
Position 754:	T=0.999989	G=2.5e-07	-=1e-05	A=2.5e-07	C=2.5e-07	
Position 755:	T=2.5e-07	G=2.5e-07	-=1e-05	A=0.999989	C=2.5e-07	
Position 756:	T=2.5e-07	G=2.5e-07	-=1e-05	A=2.5e-07	C=0.999989	
Position 757:	T=0.999989	G=2.5e-07	-=1e-05	A=2.5e-07	C=2.5e-07	
Position 758:	T=0.999989	G=2.5e-07	-=1e-05	A=2.5e-07	C=2.5e-07	
Position 759:	T=2.5e-07	G=2.5e-07	-=1e-05	A=2.5e-07	C=0.999989	
Position 760:	T=2.5e-07	G=2.5e-07	-=1e-05	A=2.5e-07	C=0.999989	
Position 761:	T=2.5e-07	G=2.5e-07	-=1e-05	A=0.999989	C=2.5e-07	
Position 762:	T=2.5e-07	G=2.5e-07	-=1e-05	A=0.999989	C=2.5e-07	
Position 763:	T=2.5e-07	G=2.5e-07	-=1e-05	A=0.999989	C=2.5e-07	
Position 764:	T=0.999989	G=2.5e-07	-=1e-05	A=2.5e-07	C=2.5e-07	
Position 765:	T=2.5e-07	G=2.5e-07	-=1e-05	A=0.999989	C=2.5e-07	
Position 766:	T=2.5e-07	G=2.5e-07	-=1e-05	A=0.999989	C=2.5e-07	
Position 767:	T=2.5e-07	G=2.5e-07	-=1e-05	A=0.999989	C=2.5e-07	
Position 768:	T=2.5e-07	G=2.5e-07	-=1e-05	A=0.999989	C=2.5e-07	
Position 769:	T=0.999989	G=2.5e-07	-=1e-05	A=2.5e-07	C=2.5e-07	
Position 770:	T=2.5e-07	G=2.5e-07	-=1e-05	A=0.999989	C=2.5e-07	
Position 771:	T=2.5e-07	G=2.5e-07	-=1e-05	A=0.999989	C=2.5e-07	
Position 772:	T=0.999989	G=2.5e-07	-=1e-05	A=2.5e-07	C=2.5e-07	
Position 773:	T=2.5e-07	G=2.5e-07	-=1e-05	A=2.5e-07	C=0.999989	
Position 774:	T=2.5e-07	G=2.5e-07	-=1e-05	A=0.999989	C=2.5e-07	
Position 775:	T=2.5e-07	G=2.5e-07	-=1e-05	A=0.999989	C=2.5e-07	
Position 776:	T=0.999989	G=2.5e-07	-=1e-05	A=2.5e-07	C=2.5e-07	
Position 777:	T=2.5e-07	G=2.5e-07	-=1e-05	A=2.5e-07	C=0.999989	
Position 778:	T=2.5e-07	G=2.5e-07	-=1e-05	A=0.999989	C=2.5e-07	
Position 779:	T=2.5e-07	G=2.5e-07	-=1e-05	A=2.5e-07	C=0.999989	
Position 780:	T=2.5e-07	G=2.5e-07	-=1e-05	A=0.999989	C=2.5e-07	
Position 781:	T=2.5e-07	G=0.999989	-=1e-05	A=2.5e-07	C=2.5e-07	
Position 782:	T=0.999989	G=2.5e-07	-=1e-05	A=2.5e-07	C=2.5e-07	
Position 783:	T=2.5e-07	G=2.5e-07	-=1e-05	A=2.5e-07	C=0.999989	
Position 784:	T=2.5e-07	G=2.5e-07	-=1e-05	A=2.5e-07	C=0.999989	
Position 785:	T=2.5e-07	G=2.5e-07	-=1e-05	A=2.5e-07	C=0.999989	
Position 786:	T=0.999987	G=7.90569e-07	-=1e-05	A=7.90569e-07	C=7.90569e-07	
Position 787:	T=2.5e-07	G=2.5e-07	-=1e-05	A=0.999989	C=2.5e-07	
Position 788:	T=0.2	G=0.2	C=0.2	-=0.2	A=0.2	
Position 789:	T=2.5e-07	G=2.5e-07	-=1e-05	A=0.999989	C=2.5e-07	
Position 790:	T=2.5e-07	G=2.5e-07	-=1e-05	A=0.999989	C=2.5e-07	
Position 791:	T=3.14731e-05	G=3.14731e-05	-=1e-05	A=0.999864	C=3.14731e-05	
Position 792:	T=2.5e-07	G=0.999989	-=1e-05	A=2.5e-07	C=2.5e-07	
Position 793:	T=2.5e-07	G=0.999989	-=1e-05	A=2.5e-07	C=2.5e-07	
Position 794:	T=2.5e-07	G=2.5e-07	-=1e-05	A=0.999989	C=2.5e-07	
Position 795:	T=0.999989	G=2.5e-07	-=1e-05	A=2.5e-07	C=2.5e-07	
Position 796:	T=2.5e-07	G=2.5e-07	-=1e-05	A=0.999989	C=2.5e-07	
Position 797:	T=2.5e-07	G=2.5e-07	-=1e-05	A=2.5e-07	C=0.999989	
Position 798:	T=0.999989	G=2.5e-07	-=1e-05	A=2.5e-07	C=2.5e-07	
Position 799:	T=0.999989	G=2.5e-07	-=1e-05	A=2.5e-07	C=2.5e-07	
Position 800:	T=2.5e-07	G=2.5e-07	-=1e-05	A=2.5e-07	C=0.999989	
Position 801:	T=2.5e-07	G=2.5e-07	-=1e-05	A=2.5e-07	C=0.999989	
Position 802:	T=0.999989	G=2.5e-07	-=1e-05	A=2.5e-07	C=2.5e-07	
Position 803:	T=2.5e-07	G=2.5e-07	-=1e-05	A=0.999989	C=2.5e-07	
Position 804:	T=0.999989	G=2.5e-07	-=1e-05	A=2.5e-07	C=2.5e-07	
Position 805:	T=2.5e-07	G=2.5e-07	-=1e-05	A=2.5e-07	C=0.999989	
Position 806:	T=0.999989	G=2.5e-07	-=1e-05	A=2.5e-07	C=2.5e-07	
Position 807:	T=0.999989	G=2.5e-07	-=1e-05	A=2.5e-07	C=2.5e-07	
Position 808:	T=2.5e-07	G=2.5e-07	-=1e-05	A=0.999989	C=2.5e-07	
Position 809:	T=2.5e-07	G=2.5e-07	-=1e-05	A=2.5e-07	C=0.999989	
Position 810:	T=2.5e-07	G=2.5e-07	-=1e-05	A=0.999989	C=2.5e-07	
Position 811:	T=0.999989	G=2.5e-07	-=1e-05	A=2.5e-07	C=2.5e-07	
Position 812:	T=2.5e-07	G=0.999989	-=1e-05	A=2.5e-07	C=2.5e-07	
Position 813:	T=2.5e-07	G=2.5e-07	-=1e-05	A=0.999989	C=2.5e-07	
Position 814:	T=0.999989	G=2.5e-07	-=1e-05	A=2.5e-07	C=2.5e-07	
Position 815:	T=2.5e-07	G=2.5e-07	-=1e-05	A=2.5e-07	C=0.999989	
Position 816:	T=2.5e-07	G=2.5e-07	-=1e-05	A=0.999989	C=2.5e-07	
Position 817:	T=2.5e-07	G=2.5e-07	-=1e-05	A=2.5e-07	C=0.999989	
Position 818:	T=2.5e-07	G=2.5e-07	-=1e-05	A=2.5e-07	C=0.999989	
Position 819:	T=0.999989	G=2.5e-07	-=1e-05	A=2.5e-07	C=2.5e-07	
Position 820:	T=0.999989	G=2.5e-07	-=1e-05	A=2.5e-07	C=2.5e-07	
Position 821:	T=2.5e-07	G=2.5e-07	-=1e-05	A=0.999989	C=2.5e-07	
Position 822:	T=2.5e-07	G=2.5e-07	-=1e-05	A=0.999989	C=2.5e-07	
Position 823:	T=0.999989	G=2.5e-07	-=1e-05	A=2.5e-07	C=2.5e-07	
Position 824:	T=2.5e-07	G=2.5e-07	-=1e-05	A=2.5e-07	C=0.999989	
Position 825:	T=2.5e-07	G=2.5e-07	-=1e-05	A=2.5e-07	C=0.999989	
Position 826:	T=0.999989	G=2.5e-07	-=1e-05	A=2.5e-07	C=2.5e-07	
Position 827:	T=2.5e-07	G=2.5e-07	-=1e-05	A=0.999989	C=2.5e-07	
Position 828:	T=2.5e-07	G=2.5e-07	-=1e-05	A=0.999989	C=2.5e-07	
Position 829:	T=2.5e-07	G=0.999989	-=1e-05	A=2.5e-07	C=2.5e-07	
Position 830:	T=2.5e-07	G=2.5e-07	-=1e-05	A=2.5e-07	C=0.999989	
Position 831:	T=0.999989	G=2.5e-07	-=1e-05	A=2.5e-07	C=2.5e-07	
Position 832:	T=0.999989	G=2.5e-07	-=1e-05	A=2.5e-07	C=2.5e-07	
Position 833:	T=2.5e-07	G=2.5e-07	-=1e-05	A=2.5e-07	C=0.999989	
Position 834:	T=0.999989	G=2.5e-07	-=1e-05	A=2.5e-07	C=2.5e-07	
Position 835:	T=0.999989	G=2.5e-07	-=1e-05	A=2.5e-07	C=2.5e-07	
Position 836:	T=2.5e-07	G=2.5e-07	-=1e-05	A=2.5e-07	C=0.999989	
Position 837:	T=2.5e-07	G=0.999989	-=1e-05	A=2.5e-07	C=2.5e-07	
Position 838:	T=0.999989	G=2.5e-07	-=1e-05	A=2.5e-07	C=2.5e-07	
Position 839:	T=2.5e-07	G=2.5e-07	-=1e-05	A=0.999989	C=2.5e-07	
Position 840:	T=2.5e-07	G=0.999989	-=1e-05	A=2.5e-07	C=2.5e-07	
Position 841:	T=0.999989	G=2.5e-07	-=1e-05	A=2.5e-07	C=2.5e-07	
Position 842:	T=0.999989	G=2.5e-07	-=1e-05	A=2.5e-07	C=2.5e-07	
Position 843:	T=2.5e-07	G=2.5e-07	-=1e-05	A=0.999989	C=2.5e-07	
Position 844:	T=2.5e-07	G=2.5e-07	-=1e-05	A=0.999989	C=2.5e-07	
Position 845:	T=0.999989	G=2.5e-07	-=1e-05	A=2.5e-07	C=2.5e-07	
Position 846:	T=0.999989	G=2.5e-07	-=1e-05	A=2.5e-07	C=2.5e-07	
Position 847:	T=0.999989	G=2.5e-07	-=1e-05	A=2.5e-07	C=2.5e-07	
Position 848:	T=2.5e-07	G=2.5e-07	-=1e-05	A=2.5e-07	C=0.999989	
Position 849:	T=2.5e-07	G=2.5e-07	-=1e-05	A=2.5e-07	C=0.999989	
Position 850:	T=7.90569e-06	G=7.90569e-06	-=1e-05	A=0.999958	C=7.90569e-06	
Position 851:	T=2.5e-07	G=2.5e-07	-=1e-05	A=2.5e-07	C=0.999989	
Position 852:	T=2.5e-07	G=0.999989	-=1e-05	A=2.5e-07	C=2.5e-07	
Position 853:	T=2.5e-07	G=2.5e-07	-=1e-05	A=0.999989	C=2.5e-07	
Position 854:	T=2.5e-07	G=0.999989	-=1e-05	A=2.5e-07	C=2.5e-07	
Position 855:	T=0.999989	G=2.5e-07	-=1e-05	A=2.5e-07	C=2.5e-07	
Position 856:	T=2.5e-07	G=2.5e-07	-=1e-05	A=0.999989	C=2.5e-07	
Position 857:	T=2.5e-07	G=2.5e-07	-=1e-05	A=2.5e-07	C=0.999989	
Position 858:	T=2.5e-07	G=2.5e-07	-=1e-05	A=2.5e-07	C=0.999989	
Position 859:	T=2.5e-07	G=2.5e-07	-=1e-05	A=0.999989	C=2.5e-07	
Position 860:	T=0.999989	G=3.14731e-07	-=1e-05	A=3.14731e-07	C=3.14731e-07	
Position 861:	T=2.5e-07	G=2.5e-07	-=1e-05	A=2.5e-07	C=0.999989	
Position 862:	T=2.5e-07	G=2.5e-07	-=1e-05	A=2.5e-07	C=0.999989	
Position 863:	T=2.5e-07	G=2.5e-07	-=1e-05	A=0.999989	C=2.5e-07	
Position 864:	T=0.999989	G=2.5e-07	-=1e-05	A=2.5e-07	C=2.5e-07	
Position 865:	T=2.5e-07	G=2.5e-07	-=1e-05	A=0.999989	C=2.5e-07	
Position 866:	T=2.5e-07	G=2.5e-07	-=1e-05	A=0.999989	C=2.5e-07	
Position 867:	T=0.999989	G=2.5e-07	-=1e-05	A=2.5e-07	C=2.5e-07	
Position 868:	T=0.999989	G=2.5e-07	-=1e-05	A=2.5e-07	C=2.5e-07	
Position 869:	T=2.5e-07	G=2.5e-07	-=1e-05	A=0.999989	C=2.5e-07	
Position 870:	T=2.5e-07	G=2.5e-07	-=1e-05	A=2.5e-07	C=0.999989	
Position 871:	T=2.5e-07	G=2.5e-07	-=1e-05	A=0.999989	C=2.5e-07	
Position 872:	T=2.5e-07	G=2.5e-07	-=1e-05	A=0.999989	C=2.5e-07	
Position 873:	T=2.5e-07	G=0.999989	-=1e-05	A=2.5e-07	C=2.5e-07	
Position 874:	T=2.5e-07	G=2.5e-07	-=1e-05	A=2.5e-07	C=0.999989	
Position 875:	T=2.5e-07	G=2.5e-07	-=1e-05	A=0.999989	C=2.5e-07	
Position 876:	T=2.5e-07	G=2.5e-07	-=1e-05	A=0.999989	C=2.5e-07	
Position 877:	T=2.5e-07	G=2.5e-07	-=1e-05	A=0.999989	C=2.5e-07	
Position 878:	T=2.5e-07	G=2.5e-07	-=1e-05	A=2.5e-07	C=0.999989	
Position 879:	T=2.5e-07	G=2.5e-07	-=1e-05	A=2.5e-07	C=0.999989	
Position 880:	T=2.5e-07	G=2.5e-07	-=1e-05	A=0.999989	C=2.5e-07	
Position 881:	T=2.5e-07	G=2.5e-07	-=1e-05	A=0.999989	C=2.5e-07	
Position 882:	T=0.999989	G=2.5e-07	-=1e-05	A=2.5e-07	C=2.5e-07	
Position 883:	T=2.5e-07	G=2.5e-07	-=1e-05	A=0.999989	C=2.5e-07	
Position 884:	T=2.5e-07	G=2.5e-07	-=1e-05	A=0.999989	C=2.5e-07	
Position 885:	T=2.5e-07	G=0.999989	-=1e-05	A=2.5e-07	C=2.5e-07	
Position 886:	T=2.5e-07	G=2.5e-07	-=1e-05	A=0.999989	C=2.5e-07	
Position 887:	T=2.5e-07	G=2.5e-07	-=1e-05	A=0.999989	C=2.5e-07	
Position 888:	T=2.5e-07	G=0.999989	-=1e-05	A=2.5e-07	C=2.5e-07	
Position 889:	T=2.5e-07	G=2.5e-07	-=1e-05	A=0.999989	C=2.5e-07	
Position 890:	T=0.999989	G=2.5e-07	-=1e-05	A=2.5e-07	C=2.5e-07	
Position 891:	T=2.5e-07	G=2.5e-07	-=1e-05	A=0.999989	C=2.5e-07	
Position 892:	T=0.999989	G=2.5e-07	-=1e-05	A=2.5e-07	C=2.5e-07	
Position 893:	T=2.5e-07	G=2.5e-07	-=1e-05	A=2.5e-07	C=0.999989	
Position 894:	T=2.5e-07	G=2.5e-07	-=1e-05	A=0.999989	C=2.5e-07	
Position 895:	T=2.5e-07	G=2.5e-07	-=1e-05	A=2.5e-07	C=0.999989	
Position 896:	T=2.5e-07	G=2.5e-07	-=1e-05	A=2.5e-07	C=0.999989	
Position 897:	T=2.5e-07	G=2.5e-07	-=1e-05	A=2.5e-07	C=0.999989	
Position 898:	T=2.5e-07	G=2.5e-07	-=1e-05	A=0.999989	C=2.5e-07	
Position 899:	T=0.999989	G=2.5e-07	-=1e-05	A=2.5e-07	C=2.5e-07	
Position 900:	T=0.999989	G=2.5e-07	-=1e-05	A=2.5e-07	C=2.5e-07	
Position 901:	T=2.5e-07	G=0.999989	-=1e-05	A=2.5e-07	C=2.5e-07	
Position 902:	T=2.5e-07	G=2.5e-07	-=1e-05	A=0.999989	C=2.5e-07	
Position 903:	T=2.5e-07	G=2.5e-07	-=1e-05	A=2.5e-07	C=0.999989	
Position 904:	T=2.5e-07	G=2.5e-07	-=1e-05	A=2.5e-07	C=0.999989	
Position 905:	T=2.5e-07	G=2.5e-07	-=1e-05	A=0.999989	C=2.5e-07	
Position 906:	T=0.999989	G=2.5e-07	-=1e-05	A=2.5e-07	C=2.5e-07	
Position 907:	T=3.14731e-07	G=3.14731e-07	-=1e-05	A=3.14731e-07	C=0.999989	
Position 908:	T=0.999989	G=2.5e-07	-=1e-05	A=2.5e-07	C=2.5e-07	
Position 909:	T=2.5e-07	G=2.5e-07	-=1e-05	A=2.5e-07	C=0.999989	
Position 910:	T=0.999989	G=2.5e-07	-=1e-05	A=2.5e-07	C=2.5e-07	
Position 911:	T=2.5e-07	G=2.5e-07	-=1e-05	A=0.999989	C=2.5e-07	
Position 912:	T=2.5e-07	G=2.5e-07	-=1e-05	A=0.999989	C=2.5e-07	
Position 913:	T=0.999989	G=2.5e-07	-=1e-05	A=2.5e-07	C=2.5e-07	
Position 914:	T=2.5e-07	G=2.5e-07	-=1e-05	A=2.5e-07	C=0.999989	
Position 915:	T=2.5e-07	G=2.5e-07	-=1e-05	A=0.999989	C=2.5e-07	
Position 916:	T=2.5e-07	G=2.5e-07	-=1e-05	A=0.999989	C=2.5e-07	
Position 917:	T=3.14731e-06	G=0.999977	-=1e-05	A=3.14731e-06	C=3.14731e-06	
Position 918:	T=0.999989	G=2.5e-07	-=1e-05	A=2.5e-07	C=2.5e-07	
Position 919:	T=0.999989	G=2.5e-07	-=1e-05	A=2.5e-07	C=2.5e-07	
Position 920:	T=2.5e-07	G=2.5e-07	-=1e-05	A=0.999989	C=2.5e-07	
Position 921:	T=0.2	G=0.2	C=0.2	-=0.2	A=0.2	
Position 922:	T=2.5e-07	G=0.999989	-=1e-05	A=2.5e-07	C=2.5e-07	
Position 923:	T=0.999989	G=2.5e-07	-=1e-05	A=2.5e-07	C=2.5e-07	
Position 924:	T=2.5e-07	G=2.5e-07	-=1e-05	A=0.999989	C=2.5e-07	
Position 925:	T=0.999989	G=2.5e-07	-=1e-05	A=2.5e-07	C=2.5e-07	
Position 926:	T=2.5e-07	G=2.5e-07	-=1e-05	A=0.999989	C=2.5e-07	
Position 927:	T=2.5e-07	G=2.5e-07	-=1e-05	A=0.999989	C=2.5e-07	
Position 928:	T=2.5e-07	G=2.5e-07	-=1e-05	A=0.999989	C=2.5e-07	
Position 929:	T=2.5e-07	G=0.999989	-=1e-05	A=2.5e-07	C=2.5e-07	
Position 930:	T=2.5e-07	G=2.5e-07	-=1e-05	A=2.5e-07	C=0.999989	
Position 931:	T=2.5e-07	G=2.5e-07	-=1e-05	A=0.999989	C=2.5e-07	
Position 932:	T=2.5e-07	G=0.999989	-=1e-05	A=2.5e-07	C=2.5e-07	
Position 933:	T=2.5e-07	G=2.5e-07	-=1e-05	A=2.5e-07	C=0.999989	
Position 934:	T=2.5e-07	G=2.5e-07	-=1e-05	A=0.999989	C=2.5e-07	
Position 935:	T=2.5e-07	G=2.5e-07	-=1e-05	A=0.999989	C=2.5e-07	
Position 936:	T=0.999989	G=2.5e-07	-=1e-05	A=2.5e-07	C=2.5e-07	
Position 937:	T=0.999989	G=2.5e-07	-=1e-05	A=2.5e-07	C=2.5e-07	
Position 938:	T=2.5e-07	G=2.5e-07	-=1e-05	A=2.5e-07	C=0.999989	
Position 939:	T=2.5e-07	G=0.999989	-=1e-05	A=2.5e-07	C=2.5e-07	
Position 940:	T=2.5e-07	G=2.5e-07	-=1e-05	A=2.5e-07	C=0.999989	
Position 941:	T=2.5e-07	G=2.5e-07	-=1e-05	A=0.999989	C=2.5e-07	
Position 942:	T=0.999989	G=2.5e-07	-=1e-05	A=2.5e-07	C=2.5e-07	
Position 943:	T=2.5e-07	G=0.999989	-=1e-05	A=2.5e-07	C=2.5e-07	
Position 944:	T=2.5e-07	G=0.999989	-=1e-05	A=2.5e-07	C=2.5e-07	
Position 945:	T=2.5e-07	G=2.5e-07	-=1e-05	A=2.5e-07	C=0.999989	
Position 946:	T=0.999989	G=2.5e-07	-=1e-05	A=2.5e-07	C=2.5e-07	
Position 947:	T=0.999989	G=2.5e-07	-=1e-05	A=2.5e-07	C=2.5e-07	
Position 948:	T=3.14731e-06	G=3.14731e-06	-=1e-05	A=3.14731e-06	C=0.999977	
Position 949:	T=2.5e-07	G=2.5e-07	-=1e-05	A=2.5e-07	C=0.999989	
Position 950:	T=0.999989	G=2.5e-07	-=1e-05	A=2.5e-07	C=2.5e-07	
Position 951:	T=2.5e-07	G=2.5e-07	-=1e-05	A=2.5e-07	C=0.999989	
Position 952:	T=2.5e-07	G=2.5e-07	-=1e-05	A=0.999989	C=2.5e-07	
Position 953:	T=2.5e-07	G=2.5e-07	-=1e-05	A=2.5e-07	C=0.999989	
Position 954:	T=2.5e-07	G=2.5e-07	-=1e-05	A=0.999989	C=2.5e-07	
Position 955:	T=2.5e-07	G=2.5e-07	-=1e-05	A=0.999989	C=2.5e-07	
Position 956:	T=2.5e-07	G=2.5e-07	-=1e-05	A=0.999989	C=2.5e-07	
Position 957:	T=2.5e-07	G=2.5e-07	-=1e-05	A=0.999989	C=2.5e-07	
Position 958:	T=2.5e-07	G=2.5e-07	-=1e-05	A=0.999989	C=2.5e-07	
Position 959:	T=0.2	G=0.2	C=0.2	-=0.2	A=0.2	
Position 960:	T=0.2	G=0.2	C=0.2	-=0.2	A=0.2	
Position 961:	T=0.2	G=0.2	C=0.2	-=0.2	A=0.2	
Position 962:	T=0.2	G=0.2	C=0.2	-=0.2	A=0.2	
Position 963:	T=0.2	G=0.2	C=0.2	-=0.2	A=0.2	
Position 964:	T=0.2	G=0.2	C=0.2	-=0.2	A=0.2	
Position 965:	T=0.2	G=0.2	C=0.2	-=0.2	A=0.2	
Position 966:	T=0.2	G=0.2	C=0.2	-=0.2	A=0.2	
Position 967:	T=0.2	G=0.2	C=0.2	-=0.2	A=0.2	
Position 968:	T=2.5e-07	G=2.5e-07	-=1e-05	A=2.5e-07	C=0.999989	
Position 969:	T=2.5e-07	G=0.999989	-=1e-05	A=2.5e-07	C=2.5e-07	
Position 970:	T=0.999989	G=2.5e-07	-=1e-05	A=2.5e-07	C=2.5e-07	
Position 971:	T=2.5e-07	G=2.5e-07	-=1e-05	A=0.999989	C=2.5e-07	
Position 972:	T=2.5e-07	G=0.999989	-=1e-05	A=2.5e-07	C=2.5e-07	
Position 973:	T=0.999989	G=2.5e-07	-=1e-05	A=2.5e-07	C=2.5e-07	
Position 974:	T=2.5e-07	G=2.5e-07	-=1e-05	A=2.5e-07	C=0.999989	
Position 975:	T=0.999989	G=2.5e-07	-=1e-05	A=2.5e-07	C=2.5e-07	
Position 976:	T=2.5e-07	G=2.5e-07	-=1e-05	A=0.999989	C=2.5e-07	
Position 977:	T=3.14731e-07	G=3.14731e-07	-=1e-05	A=0.999989	C=3.14731e-07	
Position 978:	T=2.5e-07	G=2.5e-07	-=1e-05	A=2.5e-07	C=0.999989	
Position 979:	T=2.5e-07	G=2.5e-07	-=1e-05	A=2.5e-07	C=0.999989	
Position 980:	T=2.5e-07	G=2.5e-07	-=1e-05	A=0.999989	C=2.5e-07	
Position 981:	T=2.5e-07	G=2.5e-07	-=1e-05	A=2.5e-07	C=0.999989	
Position 982:	T=2.5e-07	G=2.5e-07	-=1e-05	A=2.5e-07	C=0.999989	
Position 983:	T=2.5e-07	G=2.5e-07	-=1e-05	A=0.999989	C=2.5e-07	
Position 984:	T=2.5e-07	G=2.5e-07	-=1e-05	A=0.999989	C=2.5e-07	
Position 985:	T=2.5e-07	G=2.5e-07	-=1e-05	A=2.5e-07	C=0.999989	
Position 986:	T=2.5e-07	G=2.5e-07	-=1e-05	A=2.5e-07	C=0.999989	
Position 987:	T=2.5e-07	G=2.5e-07	-=1e-05	A=0.999989	C=2.5e-07	
Position 988:	T=2.5e-07	G=2.5e-07	-=1e-05	A=2.5e-07	C=0.999989	
Position 989:	T=0.999989	G=2.5e-07	-=1e-05	A=2.5e-07	C=2.5e-07	
Position 990:	T=2.5e-07	G=2.5e-07	-=1e-05	A=0.999989	C=2.5e-07	
Position 991:	T=2.5e-07	G=0.999989	-=1e-05	A=2.5e-07	C=2.5e-07	
Position 992:	T=2.5e-07	G=2.5e-07	-=1e-05	A=2.5e-07	C=0.999989	
Position 993:	T=2.5e-07	G=2.5e-07	-=1e-05	A=0.999989	C=2.5e-07	
Position 994:	T=0.999989	G=2.5e-07	-=1e-05	A=2.5e-07	C=2.5e-07	
Position 995:	T=0.999989	G=2.5e-07	-=1e-05	A=2.5e-07	C=2.5e-07	
Position 996:	T=2.5e-07	G=0.999989	-=1e-05	A=2.5e-07	C=2.5e-07	
Position 997:	T=2.5e-07	G=2.5e-07	-=1e-05	A=2.5e-07	C=0.999989	
Position 998:	T=2.5e-07	G=2.5e-07	-=1e-05	A=0.999989	C=2.5e-07	
Position 999:	T=2.5e-07	G=2.5e-07	-=1e-05	A=2.5e-07	C=0.999989	
Position 1000:	T=0.2	G=0.2	C=0.2	-=0.2	A=0.2	
Position 1001:	T=0.999989	G=2.5e-07	-=1e-05	A=2.5e-07	C=2.5e-07	
Position 1002:	T=2.5e-07	G=0.999989	-=1e-05	A=2.5e-07	C=2.5e-07	
Position 1003:	T=2.5e-07	G=2.5e-07	-=1e-05	A=0.999989	C=2.5e-07	
Position 1004:	T=2.5e-07	G=2.5e-07	-=1e-05	A=0.999989	C=2.5e-07	
Position 1005:	T=0.999989	G=2.5e-07	-=1e-05	A=2.5e-07	C=2.5e-07	
Position 1006:	T=2.5e-07	G=2.5e-07	-=1e-05	A=0.999989	C=2.5e-07	
Position 1007:	T=2.5e-07	G=2.5e-07	-=1e-05	A=0.999989	C=2.5e-07	
Position 1008:	T=2.5e-07	G=2.5e-07	-=1e-05	A=0.999989	C=2.5e-07	
Position 1009:	T=0.999989	G=2.5e-07	-=1e-05	A=2.5e-07	C=2.5e-07	
Position 1010:	T=0.999989	G=2.5e-07	-=1e-05	A=2.5e-07	C=2.5e-07	
Position 1011:	T=2.5e-07	G=2.5e-07	-=1e-05	A=0.999989	C=2.5e-07	
Position 1012:	T=2.5e-07	G=2.5e-07	-=1e-05	A=0.999989	C=2.5e-07	
Position 1013:	T=2.5e-07	G=2.5e-07	-=1e-05	A=0.999989	C=2.5e-07	
Position 1014:	T=2.5e-07	G=2.5e-07	-=1e-05	A=0.999989	C=2.5e-07	
Position 1015:	T=2.5e-07	G=2.5e-07	-=1e-05	A=0.999989	C=2.5e-07	
Position 1016:	T=2.5e-07	G=2.5e-07	-=1e-05	A=0.999989	C=2.5e-07	
Position 1017:	T=2.5e-07	G=2.5e-07	-=1e-05	A=0.999989	C=2.5e-07	
Position 1018:	T=2.5e-07	G=2.5e-07	-=1e-05	A=2.5e-07	C=0.999989	
Position 1019:	T=2.5e-07	G=2.5e-07	-=1e-05	A=2.5e-07	C=0.999989	
Position 1020:	T=0.999989	G=2.5e-07	-=1e-05	A=2.5e-07	C=2.5e-07	
Position 1021:	T=0.999989	G=2.5e-07	-=1e-05	A=2.5e-07	C=2.5e-07	
Position 1022:	T=0.999989	G=2.5e-07	-=1e-05	A=2.5e-07	C=2.5e-07	
Position 1023:	T=2.5e-07	G=2.5e-07	-=1e-05	A=0.999989	C=2.5e-07	
Position 1024:	T=2.5e-07	G=2.5e-07	-=1e-05	A=0.999989	C=2.5e-07	
Position 1025:	T=2.5e-07	G=2.5e-07	-=1e-05	A=0.999989	C=2.5e-07	
Position 1026:	T=2.5e-07	G=2.5e-07	-=1e-05	A=2.5e-07	C=0.999989	
Position 1027:	T=2.5e-07	G=2.5e-07	-=1e-05	A=2.5e-07	C=0.999989	
Position 1028:	T=2.5e-07	G=2.5e-07	-=1e-05	A=0.999989	C=2.5e-07	
Position 1029:	T=2.5e-07	G=2.5e-07	-=1e-05	A=0.999989	C=2.5e-07	
Position 1030:	T=2.5e-07	G=2.5e-07	-=1e-05	A=0.999989	C=2.5e-07	
Position 1031:	T=2.5e-07	G=2.5e-07	-=1e-05	A=0.999989	C=2.5e-07	
Position 1032:	T=2.5e-07	G=2.5e-07	-=1e-05	A=0.999989	C=2.5e-07	
Position 1033:	T=2.5e-07	G=2.5e-07	-=1e-05	A=0.999989	C=2.5e-07	
Position 1034:	T=2.5e-07	G=2.5e-07	-=1e-05	A=0.999989	C=2.5e-07	
Position 1035:	T=2.5e-07	G=0.999989	-=1e-05	A=2.5e-07	C=2.5e-07	
Position 1036:	T=2.5e-07	G=2.5e-07	-=1e-05	A=0.999989	C=2.5e-07	
Position 1037:	T=2.5e-07	G=2.5e-07	-=1e-05	A=2.5e-07	C=0.999989	
Position 1038:	T=0.2	G=0.2	C=0.2	-=0.2	A=0.2	
Position 1039:	T=2.5e-07	G=2.5e-07	-=1e-05	A=2.5e-07	C=0.999989	
Position 1040:	T=2.5e-07	G=2.5e-07	-=1e-05	A=2.5e-07	C=0.999989	
Position 1041:	T=2.5e-07	G=2.5e-07	-=1e-05	A=2.5e-07	C=0.999989	
Position 1042:	T=2.5e-07	G=2.5e-07	-=1e-05	A=2.5e-07	C=0.999989	
Position 1043:	T=2.5e-07	G=2.5e-07	-=1e-05	A=0.999989	C=2.5e-07	
Position 1044:	T=2.5e-07	G=2.5e-07	-=1e-05	A=0.999989	C=2.5e-07	
Position 1045:	T=2.5e-07	G=2.5e-07	-=1e-05	A=0.999989	C=2.5e-07	
Position 1046:	T=2.5e-07	G=2.5e-07	-=1e-05	A=0.999989	C=2.5e-07	
Position 1047:	T=2.5e-07	G=2.5e-07	-=1e-05	A=2.5e-07	C=0.999989	
Position 1048:	T=2.5e-07	G=2.5e-07	-=1e-05	A=0.999989	C=2.5e-07	
Position 1049:	T=0.999989	G=2.5e-07	-=1e-05	A=2.5e-07	C=2.5e-07	
Position 1050:	T=2.5e-07	G=2.5e-07	-=1e-05	A=0.999989	C=2.5e-07	
Position 1051:	T=2.5e-07	G=2.5e-07	-=1e-05	A=0.999989	C=2.5e-07	
Position 1052:	T=0.999989	G=2.5e-07	-=1e-05	A=2.5e-07	C=2.5e-07	
Position 1053:	T=2.5e-07	G=2.5e-07	-=1e-05	A=0.999989	C=2.5e-07	
Position 1054:	T=2.5e-07	G=2.5e-07	-=1e-05	A=2.5e-07	C=0.999989	
Position 1055:	T=2.5e-07	G=2.5e-07	-=1e-05	A=0.999989	C=2.5e-07	
Position 1056:	T=2.5e-07	G=2.5e-07	-=1e-05	A=0.999989	C=2.5e-07	
Position 1057:	T=0.999989	G=2.5e-07	-=1e-05	A=2.5e-07	C=2.5e-07	
Position 1058:	T=2.5e-07	G=2.5e-07	-=1e-05	A=0.999989	C=2.5e-07	
Position 1059:	T=2.5e-07	G=2.5e-07	-=1e-05	A=2.5e-07	C=0.999989	
Position 1060:	T=2.5e-07	G=2.5e-07	-=1e-05	A=2.5e-07	C=0.999989	
Position 1061:	T=2.5e-07	G=2.5e-07	-=1e-05	A=0.999989	C=2.5e-07	
Position 1062:	T=2.5e-07	G=2.5e-07	-=1e-05	A=2.5e-07	C=0.999989	
Position 1063:	T=2.5e-07	G=2.5e-07	-=1e-05	A=0.999989	C=2.5e-07	
Position 1064:	T=2.5e-07	G=2.5e-07	-=1e-05	A=0.999989	C=2.5e-07	
Position 1065:	T=2.5e-07	G=2.5e-07	-=1e-05	A=0.999989	C=2.5e-07	
Position 1066:	T=2.5e-07	G=2.5e-07	-=1e-05	A=0.999989	C=2.5e-07	
Position 1067:	T=2.5e-07	G=2.5e-07	-=1e-05	A=2.5e-07	C=0.999989	
Position 1068:	T=0.999989	G=2.5e-07	-=1e-05	A=2.5e-07	C=2.5e-07	
Position 1069:	T=2.5e-07	G=2.5e-07	-=1e-05	A=0.999989	C=2.5e-07	
Position 1070:	T=2.5e-07	G=2.5e-07	-=1e-05	A=0.999989	C=2.5e-07	
Position 1071:	T=2.5e-07	G=2.5e-07	-=1e-05	A=2.5e-07	C=0.999989	
Position 1072:	T=2.5e-07	G=2.5e-07	-=1e-05	A=2.5e-07	C=0.999989	
Position 1073:	T=2.5e-07	G=2.5e-07	-=1e-05	A=2.5e-07	C=0.999989	
Position 1074:	T=2.5e-07	G=2.5e-07	-=1e-05	A=2.5e-07	C=0.999989	
Position 1075:	T=2.5e-07	G=2.5e-07	-=1e-05	A=2.5e-07	C=0.999989	
Position 1076:	T=2.5e-07	G=2.5e-07	-=1e-05	A=2.5e-07	C=0.999989	
Position 1077:	T=2.5e-07	G=0.999989	-=1e-05	A=2.5e-07	C=2.5e-07	
Position 1078:	T=0.999989	G=2.5e-07	-=1e-05	A=2.5e-07	C=2.5e-07	
Position 1079:	T=2.5e-07	G=2.5e-07	-=1e-05	A=0.999989	C=2.5e-07	
Position 1080:	T=2.5e-07	G=2.5e-07	-=1e-05	A=0.999989	C=2.5e-07	
Position 1081:	T=2.5e-07	G=2.5e-07	-=1e-05	A=0.999989	C=2.5e-07	
Position 1082:	T=0.999989	G=2.5e-07	-=1e-05	A=2.5e-07	C=2.5e-07	
Position 1083:	T=0.999989	G=2.5e-07	-=1e-05	A=2.5e-07	C=2.5e-07	
Position 1084:	T=2.5e-07	G=0.999989	-=1e-05	A=2.5e-07	C=2.5e-07	
Position 1085:	T=2.5e-07	G=0.999989	-=1e-05	A=2.5e-07	C=2.5e-07	
Position 1086:	T=2.5e-07	G=2.5e-07	-=1e-05	A=0.999989	C=2.5e-07	
Position 1087:	T=2.5e-07	G=0.999989	-=1e-05	A=2.5e-07	C=2.5e-07	
Position 1088:	T=2.5e-07	G=2.5e-07	-=1e-05	A=0.999989	C=2.5e-07	
Position 1089:	T=2.5e-07	G=2.5e-07	-=1e-05	A=0.999989	C=2.5e-07	
Position 1090:	T=2.5e-07	G=0.999989	-=1e-05	A=2.5e-07	C=2.5e-07	
Position 1091:	T=2.5e-07	G=0.999989	-=1e-05	A=2.5e-07	C=2.5e-07	
Position 1092:	T=2.5e-07	G=2.5e-07	-=1e-05	A=2.5e-07	C=0.999989	
Position 1093:	T=0.999989	G=2.5e-07	-=1e-05	A=2.5e-07	C=2.5e-07	
Position 1094:	T=0.999989	G=2.5e-07	-=1e-05	A=2.5e-07	C=2.5e-07	
Position 1095:	T=0.999989	G=2.5e-07	-=1e-05	A=2.5e-07	C=2.5e-07	
Position 1096:	T=0.999989	G=2.5e-07	-=1e-05	A=2.5e-07	C=2.5e-07	
Position 1097:	T=3.14731e-07	G=3.14731e-07	-=1e-05	A=0.999989	C=3.14731e-07	
Position 1098:	T=2.5e-07	G=2.5e-07	-=1e-05	A=0.999989	C=2.5e-07	
Position 1099:	T=2.5e-07	G=0.999989	-=1e-05	A=2.5e-07	C=2.5e-07	
Position 1100:	T=2.5e-07	G=2.5e-07	-=1e-05	A=0.999989	C=2.5e-07	
Position 1101:	T=2.5e-07	G=0.999989	-=1e-05	A=2.5e-07	C=2.5e-07	
Position 1102:	T=2.5e-07	G=2.5e-07	-=1e-05	A=0.999989	C=2.5e-07	
Position 1103:	T=2.5e-07	G=2.5e-07	-=1e-05	A=0.999989	C=2.5e-07	
Position 1104:	T=2.5e-07	G=2.5e-07	-=1e-05	A=2.5e-07	C=0.999989	
Position 1105:	T=2.5e-07	G=2.5e-07	-=1e-05	A=2.5e-07	C=0.999989	
Position 1106:	T=2.5e-07	G=2.5e-07	-=1e-05	A=0.999989	C=2.5e-07	
Position 1107:	T=0.999989	G=2.5e-07	-=1e-05	A=2.5e-07	C=2.5e-07	
Position 1108:	T=2.5e-07	G=2.5e-07	-=1e-05	A=0.999989	C=2.5e-07	
Position 1109:	T=2.5e-07	G=2.5e-07	-=1e-05	A=0.999989	C=2.5e-07	
Position 1110:	T=2.5e-07	G=2.5e-07	-=1e-05	A=0.999989	C=2.5e-07	
Position 1111:	T=2.5e-07	G=2.5e-07	-=1e-05	A=0.999989	C=2.5e-07	
Position 1112:	T=2.5e-07	G=2.5e-07	-=1e-05	A=0.999989	C=2.5e-07	
Position 1113:	T=2.5e-07	G=2.5e-07	-=1e-05	A=2.5e-07	C=0.999989	
Position 1114:	T=2.5e-07	G=0.999989	-=1e-05	A=2.5e-07	C=2.5e-07	
Position 1115:	T=2.5e-07	G=2.5e-07	-=1e-05	A=0.999989	C=2.5e-07	
Position 1116:	T=2.5e-07	G=2.5e-07	-=1e-05	A=2.5e-07	C=0.999989	
Position 1117:	T=2.5e-07	G=2.5e-07	-=1e-05	A=0.999989	C=2.5e-07	
Position 1118:	T=2.5e-07	G=2.5e-07	-=1e-05	A=2.5e-07	C=0.999989	
Position 1119:	T=0.999989	G=2.5e-07	-=1e-05	A=2.5e-07	C=2.5e-07	
Position 1120:	T=0.999989	G=2.5e-07	-=1e-05	A=2.5e-07	C=2.5e-07	
Position 1121:	T=2.5e-07	G=2.5e-07	-=1e-05	A=0.999989	C=2.5e-07	
Position 1122:	T=2.5e-07	G=2.5e-07	-=1e-05	A=0.999989	C=2.5e-07	
Position 1123:	T=2.5e-07	G=2.5e-07	-=1e-05	A=0.999989	C=2.5e-07	
Position 1124:	T=2.5e-07	G=2.5e-07	-=1e-05	A=0.999989	C=2.5e-07	
Position 1125:	T=2.5e-07	G=2.5e-07	-=1e-05	A=0.999989	C=2.5e-07	
Position 1126:	T=2.5e-07	G=2.5e-07	-=1e-05	A=0.999989	C=2.5e-07	
Position 1127:	T=2.5e-07	G=2.5e-07	-=1e-05	A=0.999989	C=2.5e-07	
Position 1128:	T=2.5e-07	G=2.5e-07	-=1e-05	A=0.999989	C=2.5e-07	
Position 1129:	T=0.999984	G=1.57739e-06	-=1e-05	A=1.57739e-06	C=1.57739e-06	
Position 1130:	T=2.5e-07	G=2.5e-07	-=1e-05	A=0.999989	C=2.5e-07	
Position 1131:	T=2.5e-07	G=2.5e-07	-=1e-05	A=2.5e-07	C=0.999989	
Position 1132:	T=2.5e-07	G=2.5e-07	-=1e-05	A=2.5e-07	C=0.999989	
Position 1133:	T=3.14731e-07	G=3.14731e-07	-=1e-05	A=0.999989	C=3.14731e-07	
Position 1134:	T=0.999989	G=2.5e-07	-=1e-05	A=2.5e-07	C=2.5e-07	
Position 1135:	T=2.5e-07	G=2.5e-07	-=1e-05	A=0.999989	C=2.5e-07	
Position 1136:	T=0.999989	G=2.5e-07	-=1e-05	A=2.5e-07	C=2.5e-07	
Position 1137:	T=2.5e-07	G=2.5e-07	-=1e-05	A=0.999989	C=2.5e-07	
Position 1138:	T=9.95268e-05	G=9.95268e-05	-=1e-05	A=9.95268e-05	C=0.999592	
Position 1139:	T=2.5e-07	G=2.5e-07	-=1e-05	A=0.999989	C=2.5e-07	
Position 1140:	T=0.999989	G=2.5e-07	-=1e-05	A=2.5e-07	C=2.5e-07	
Position 1141:	T=0.999989	G=2.5e-07	-=1e-05	A=2.5e-07	C=2.5e-07	
Position 1142:	T=2.5e-07	G=0.999989	-=1e-05	A=2.5e-07	C=2.5e-07	
Position 1143:	T=0.999989	G=2.5e-07	-=1e-05	A=2.5e-07	C=2.5e-07	
Position 1144:	T=2.5e-07	G=2.5e-07	-=1e-05	A=2.5e-07	C=0.999989	
Position 1145:	T=2.5e-07	G=2.5e-07	-=1e-05	A=0.999989	C=2.5e-07	
Position 1146:	T=0.999989	G=2.5e-07	-=1e-05	A=2.5e-07	C=2.5e-07	
Position 1147:	T=0.999989	G=2.5e-07	-=1e-05	A=2.5e-07	C=2.5e-07	
Position 1148:	T=2.5e-07	G=2.5e-07	-=1e-05	A=0.999989	C=2.5e-07	
Position 1149:	T=0.999989	G=2.5e-07	-=1e-05	A=2.5e-07	C=2.5e-07	
Position 1150:	T=2.5e-07	G=0.999989	-=1e-05	A=2.5e-07	C=2.5e-07	
Position 1151:	T=2.5e-07	G=2.5e-07	-=1e-05	A=2.5e-07	C=0.999989	
Position 1152:	T=2.5e-07	G=2.5e-07	-=1e-05	A=2.5e-07	C=0.999989	
Position 1153:	T=2.5e-07	G=2.5e-07	-=1e-05	A=2.5e-07	C=0.999989	
Position 1154:	T=2.5e-07	G=2.5e-07	-=1e-05	A=0.999989	C=2.5e-07	
Position 1155:	T=2.5e-07	G=2.5e-07	-=1e-05	A=2.5e-07	C=0.999989	
Position 1156:	T=2.5e-07	G=2.5e-07	-=1e-05	A=0.999989	C=2.5e-07	
Position 1157:	T=0.999989	G=2.5e-07	-=1e-05	A=2.5e-07	C=2.5e-07	
Position 1158:	T=2.5e-07	G=0.999989	-=1e-05	A=2.5e-07	C=2.5e-07	
Position 1159:	T=2.5e-07	G=0.999989	-=1e-05	A=2.5e-07	C=2.5e-07	
Position 1160:	T=2.5e-07	G=2.5e-07	-=1e-05	A=0.999989	C=2.5e-07	
Position 1161:	T=2.5e-07	G=2.5e-07	-=1e-05	A=0.999989	C=2.5e-07	
Position 1162:	T=2.5e-07	G=2.5e-07	-=1e-05	A=2.5e-07	C=0.999989	
Position 1163:	T=2.5e-07	G=2.5e-07	-=1e-05	A=2.5e-07	C=0.999989	
Position 1164:	T=0.999989	G=2.5e-07	-=1e-05	A=2.5e-07	C=2.5e-07	
Position 1165:	T=2.5e-07	G=2.5e-07	-=1e-05	A=0.999989	C=2.5e-07	
Position 1166:	T=2.5e-07	G=2.5e-07	-=1e-05	A=0.999989	C=2.5e-07	
Position 1167:	T=2.5e-07	G=2.5e-07	-=1e-05	A=2.5e-07	C=0.999989	
Position 1168:	T=0.999989	G=2.5e-07	-=1e-05	A=2.5e-07	C=2.5e-07	
Position 1169:	T=3.14731e-07	G=3.14731e-07	-=1e-05	A=0.999989	C=3.14731e-07	
Position 1170:	T=0.999989	G=2.5e-07	-=1e-05	A=2.5e-07	C=2.5e-07	
Position 1171:	T=2.5e-07	G=0.999989	-=1e-05	A=2.5e-07	C=2.5e-07	
Position 1172:	T=2.5e-07	G=2.5e-07	-=1e-05	A=0.999989	C=2.5e-07	
Position 1173:	T=2.5e-07	G=2.5e-07	-=1e-05	A=2.5e-07	C=0.999989	
Position 1174:	T=0.999989	G=2.5e-07	-=1e-05	A=2.5e-07	C=2.5e-07	
Position 1175:	T=2.5e-07	G=2.5e-07	-=1e-05	A=0.999989	C=2.5e-07	
Position 1176:	T=0.999989	G=2.5e-07	-=1e-05	A=2.5e-07	C=2.5e-07	
Position 1177:	T=0.999989	G=2.5e-07	-=1e-05	A=2.5e-07	C=2.5e-07	
Position 1178:	T=2.5e-07	G=0.999989	-=1e-05	A=2.5e-07	C=2.5e-07	
Position 1179:	T=2.5e-07	G=2.5e-07	-=1e-05	A=0.999989	C=2.5e-07	
Position 1180:	T=2.5e-07	G=2.5e-07	-=1e-05	A=2.5e-07	C=0.999989	
Position 1181:	T=0.999989	G=2.5e-07	-=1e-05	A=2.5e-07	C=2.5e-07	
Position 1182:	T=0.999989	G=2.5e-07	-=1e-05	A=2.5e-07	C=2.5e-07	
Position 1183:	T=2.5e-07	G=0.999989	-=1e-05	A=2.5e-07	C=2.5e-07	
Position 1184:	T=2.5e-07	G=2.5e-07	-=1e-05	A=0.999989	C=2.5e-07	
Position 1185:	T=2.5e-07	G=2.5e-07	-=1e-05	A=0.999989	C=2.5e-07	
Position 1186:	T=2.5e-07	G=2.5e-07	-=1e-05	A=0.999989	C=2.5e-07	
Position 1187:	T=0.2	G=0.2	C=0.2	-=0.2	A=0.2	
Position 1188:	T=2.5e-07	G=2.5e-07	-=1e-05	A=2.5e-07	C=0.999989	
Position 1189:	T=0.999989	G=2.5e-07	-=1e-05	A=2.5e-07	C=2.5e-07	
Position 1190:	T=0.999989	G=2.5e-07	-=1e-05	A=2.5e-07	C=2.5e-07	
Position 1191:	T=0.999989	G=2.5e-07	-=1e-05	A=2.5e-07	C=2.5e-07	
Position 1192:	T=0.999989	G=2.5e-07	-=1e-05	A=2.5e-07	C=2.5e-07	
Position 1193:	T=2.5e-07	G=2.5e-07	-=1e-05	A=0.999989	C=2.5e-07	
Position 1194:	T=2.5e-07	G=0.999989	-=1e-05	A=2.5e-07	C=2.5e-07	
Position 1195:	T=2.5e-07	G=0.999989	-=1e-05	A=2.5e-07	C=2.5e-07	
Position 1196:	T=2.5e-07	G=2.5e-07	-=1e-05	A=0.999989	C=2.5e-07	
Position 1197:	T=2.5e-07	G=0.999989	-=1e-05	A=2.5e-07	C=2.5e-07	
Position 1198:	T=0.999989	G=2.5e-07	-=1e-05	A=2.5e-07	C=2.5e-07	
Position 1199:	T=2.5e-07	G=0.999989	-=1e-05	A=2.5e-07	C=2.5e-07	
Position 1200:	T=0.999989	G=2.5e-07	-=1e-05	A=2.5e-07	C=2.5e-07	
Position 1201:	T=2.5e-07	G=0.999989	-=1e-05	A=2.5e-07	C=2.5e-07	
Position 1202:	T=0.999989	G=2.5e-07	-=1e-05	A=2.5e-07	C=2.5e-07	
Position 1203:	T=0.999989	G=2.5e-07	-=1e-05	A=2.5e-07	C=2.5e-07	
Position 1204:	T=0.999989	G=2.5e-07	-=1e-05	A=2.5e-07	C=2.5e-07	
Position 1205:	T=2.5e-07	G=2.5e-07	-=1e-05	A=0.999989	C=2.5e-07	
Position 1206:	T=2.5e-07	G=2.5e-07	-=1e-05	A=0.999989	C=2.5e-07	
Position 1207:	T=0.999989	G=2.5e-07	-=1e-05	A=2.5e-07	C=2.5e-07	
Position 1208:	T=0.999958	G=7.90569e-06	-=1e-05	A=7.90569e-06	C=7.90569e-06	
Position 1209:	T=2.5e-07	G=2.5e-07	-=1e-05	A=2.5e-07	C=0.999989	
Position 1210:	T=0.999989	G=2.5e-07	-=1e-05	A=2.5e-07	C=2.5e-07	
Position 1211:	T=2.5e-07	G=2.5e-07	-=1e-05	A=0.999989	C=2.5e-07	
Position 1212:	T=2.5e-07	G=2.5e-07	-=1e-05	A=2.5e-07	C=0.999989	
Position 1213:	T=2.5e-07	G=2.5e-07	-=1e-05	A=0.999989	C=2.5e-07	
Position 1214:	T=2.5e-07	G=0.999989	-=1e-05	A=2.5e-07	C=2.5e-07	
Position 1215:	T=2.5e-07	G=2.5e-07	-=1e-05	A=0.999989	C=2.5e-07	
Position 1216:	T=2.5e-07	G=0.999989	-=1e-05	A=2.5e-07	C=2.5e-07	
Position 1217:	T=0.999989	G=2.5e-07	-=1e-05	A=2.5e-07	C=2.5e-07	
Position 1218:	T=2.5e-07	G=2.5e-07	-=1e-05	A=2.5e-07	C=0.999989	
Position 1219:	T=0.999989	G=2.5e-07	-=1e-05	A=2.5e-07	C=2.5e-07	
Position 1220:	T=2.5e-07	G=2.5e-07	-=1e-05	A=0.999989	C=2.5e-07	
Position 1221:	T=2.5e-07	G=2.5e-07	-=1e-05	A=0.999989	C=2.5e-07	
Position 1222:	T=2.5e-07	G=2.5e-07	-=1e-05	A=2.5e-07	C=0.999989	
Position 1223:	T=2.5e-07	G=2.5e-07	-=1e-05	A=0.999989	C=2.5e-07	
Position 1224:	T=2.5e-07	G=2.5e-07	-=1e-05	A=2.5e-07	C=0.999989	
Position 1225:	T=2.5e-07	G=0.999989	-=1e-05	A=2.5e-07	C=2.5e-07	
Position 1226:	T=2.5e-07	G=2.5e-07	-=1e-05	A=2.5e-07	C=0.999989	
Position 1227:	T=2.5e-07	G=2.5e-07	-=1e-05	A=2.5e-07	C=0.999989	
Position 1228:	T=0.999984	G=1.57739e-06	-=1e-05	A=1.57739e-06	C=1.57739e-06	
Position 1229:	T=2.5e-07	G=0.999989	-=1e-05	A=2.5e-07	C=2.5e-07	
Position 1230:	T=0.999989	G=2.5e-07	-=1e-05	A=2.5e-07	C=2.5e-07	
Position 1231:	T=0.999989	G=2.5e-07	-=1e-05	A=2.5e-07	C=2.5e-07	
Position 1232:	T=0.999989	G=2.5e-07	-=1e-05	A=2.5e-07	C=2.5e-07	
Position 1233:	T=2.5e-07	G=2.5e-07	-=1e-05	A=2.5e-07	C=0.999989	
Position 1234:	T=0.999989	G=2.5e-07	-=1e-05	A=2.5e-07	C=2.5e-07	
Position 1235:	T=2.5e-07	G=2.5e-07	-=1e-05	A=0.999989	C=2.5e-07	
Position 1236:	T=2.5e-07	G=0.999989	-=1e-05	A=2.5e-07	C=2.5e-07	
Position 1237:	T=2.5e-07	G=2.5e-07	-=1e-05	A=2.5e-07	C=0.999989	
Position 1238:	T=2.5e-07	G=2.5e-07	-=1e-05	A=0.999989	C=2.5e-07	
Position 1239:	T=2.5e-07	G=2.5e-07	-=1e-05	A=0.999989	C=2.5e-07	
Position 1240:	T=0.999989	G=2.5e-07	-=1e-05	A=2.5e-07	C=2.5e-07	
Position 1241:	T=2.5e-07	G=2.5e-07	-=1e-05	A=0.999989	C=2.5e-07	
Position 1242:	T=2.5e-07	G=2.5e-07	-=1e-05	A=2.5e-07	C=0.999989	
Position 1243:	T=2.5e-07	G=2.5e-07	-=1e-05	A=0.999989	C=2.5e-07	
Position 1244:	T=2.5e-07	G=2.5e-07	-=1e-05	A=2.5e-07	C=0.999989	
Position 1245:	T=0.999989	G=2.5e-07	-=1e-05	A=2.5e-07	C=2.5e-07	
Position 1246:	T=2.5e-07	G=2.5e-07	-=1e-05	A=0.999989	C=2.5e-07	
Position 1247:	T=0.999989	G=2.5e-07	-=1e-05	A=2.5e-07	C=2.5e-07	
Position 1248:	T=2.5e-07	G=2.5e-07	-=1e-05	A=0.999989	C=2.5e-07	
Position 1249:	T=0.2	G=0.2	C=0.2	-=0.2	A=0.2	
Position 1250:	T=2.5e-07	G=2.5e-07	-=1e-05	A=0.999989	C=2.5e-07	
Position 1251:	T=0.999989	G=2.5e-07	-=1e-05	A=2.5e-07	C=2.5e-07	
Position 1252:	T=2.5e-07	G=2.5e-07	-=1e-05	A=2.5e-07	C=0.999989	
Position 1253:	T=2.5e-07	G=2.5e-07	-=1e-05	A=0.999989	C=2.5e-07	
Position 1254:	T=2.5e-07	G=0.999989	-=1e-05	A=2.5e-07	C=2.5e-07	
Position 1255:	T=2.5e-07	G=2.5e-07	-=1e-05	A=0.999989	C=2.5e-07	
Position 1256:	T=2.5e-07	G=2.5e-07	-=1e-05	A=2.5e-07	C=0.999989	
Position 1257:	T=2.5e-07	G=2.5e-07	-=1e-05	A=0.999989	C=2.5e-07	
Position 1258:	T=2.5e-07	G=2.5e-07	-=1e-05	A=2.5e-07	C=0.999989	
Position 1259:	T=2.5e-07	G=2.5e-07	-=1e-05	A=0.999989	C=2.5e-07	
Position 1260:	T=2.5e-07	G=2.5e-07	-=1e-05	A=0.999989	C=2.5e-07	
Position 1261:	T=2.5e-07	G=2.5e-07	-=1e-05	A=2.5e-07	C=0.999989	
Position 1262:	T=2.5e-07	G=2.5e-07	-=1e-05	A=2.5e-07	C=0.999989	
Position 1263:	T=0.999989	G=2.5e-07	-=1e-05	A=2.5e-07	C=2.5e-07	
Position 1264:	T=2.5e-07	G=2.5e-07	-=1e-05	A=2.5e-07	C=0.999989	
Position 1265:	T=2.5e-07	G=2.5e-07	-=1e-05	A=0.999989	C=2.5e-07	
Position 1266:	T=2.5e-07	G=0.999989	-=1e-05	A=2.5e-07	C=2.5e-07	
Position 1267:	T=2.5e-07	G=2.5e-07	-=1e-05	A=2.5e-07	C=0.999989	
Position 1268:	T=0.999989	G=2.5e-07	-=1e-05	A=2.5e-07	C=2.5e-07	
Position 1269:	T=0.999989	G=2.5e-07	-=1e-05	A=2.5e-07	C=2.5e-07	
Position 1270:	T=0.999989	G=2.5e-07	-=1e-05	A=2.5e-07	C=2.5e-07	
Position 1271:	T=0.999989	G=2.5e-07	-=1e-05	A=2.5e-07	C=2.5e-07	
Position 1272:	T=0.999989	G=2.5e-07	-=1e-05	A=2.5e-07	C=2.5e-07	
Position 1273:	T=2.5e-07	G=2.5e-07	-=1e-05	A=2.5e-07	C=0.999989	
Position 1274:	T=2.5e-07	G=2.5e-07	-=1e-05	A=0.999989	C=2.5e-07	
Position 1275:	T=0.999989	G=2.5e-07	-=1e-05	A=2.5e-07	C=2.5e-07	
Position 1276:	T=2.5e-07	G=2.5e-07	-=1e-05	A=2.5e-07	C=0.999989	
Position 1277:	T=2.5e-07	G=2.5e-07	-=1e-05	A=0.999989	C=2.5e-07	
Position 1278:	T=2.5e-07	G=0.999989	-=1e-05	A=2.5e-07	C=2.5e-07	
Position 1279:	T=0.999989	G=2.5e-07	-=1e-05	A=2.5e-07	C=2.5e-07	
Position 1280:	T=2.5e-07	G=2.5e-07	-=1e-05	A=2.5e-07	C=0.999989	
Position 1281:	T=0.999989	G=2.5e-07	-=1e-05	A=2.5e-07	C=2.5e-07	
Position 1282:	T=2.5e-07	G=2.5e-07	-=1e-05	A=2.5e-07	C=0.999989	
Position 1283:	T=2.5e-07	G=2.5e-07	-=1e-05	A=2.5e-07	C=0.999989	
Position 1284:	T=2.5e-07	G=2.5e-07	-=1e-05	A=2.5e-07	C=0.999989	
Position 1285:	T=2.5e-07	G=2.5e-07	-=1e-05	A=0.999989	C=2.5e-07	
Position 1286:	T=2.5e-07	G=2.5e-07	-=1e-05	A=2.5e-07	C=0.999989	
Position 1287:	T=2.5e-07	G=2.5e-07	-=1e-05	A=0.999989	C=2.5e-07	
Position 1288:	T=0.999989	G=2.5e-07	-=1e-05	A=2.5e-07	C=2.5e-07	
Position 1289:	T=0.999989	G=2.5e-07	-=1e-05	A=2.5e-07	C=2.5e-07	
Position 1290:	T=0.999989	G=2.5e-07	-=1e-05	A=2.5e-07	C=2.5e-07	
Position 1291:	T=2.5e-07	G=0.999989	-=1e-05	A=2.5e-07	C=2.5e-07	
Position 1292:	T=2.5e-07	G=2.5e-07	-=1e-05	A=2.5e-07	C=0.999989	
Position 1293:	T=2.5e-07	G=2.5e-07	-=1e-05	A=2.5e-07	C=0.999989	
Position 1294:	T=2.5e-07	G=0.999989	-=1e-05	A=2.5e-07	C=2.5e-07	
Position 1295:	T=2.5e-07	G=2.5e-07	-=1e-05	A=0.999989	C=2.5e-07	
Position 1296:	T=0.999989	G=2.5e-07	-=1e-05	A=2.5e-07	C=2.5e-07	
Position 1297:	T=0.999989	G=2.5e-07	-=1e-05	A=2.5e-07	C=2.5e-07	
Position 1298:	T=2.5e-07	G=2.5e-07	-=1e-05	A=2.5e-07	C=0.999989	
Position 1299:	T=2.5e-07	G=0.999989	-=1e-05	A=2.5e-07	C=2.5e-07	
Position 1300:	T=0.999989	G=2.5e-07	-=1e-05	A=2.5e-07	C=2.5e-07	
Position 1301:	T=0.999989	G=2.5e-07	-=1e-05	A=2.5e-07	C=2.5e-07	
Position 1302:	T=2.5e-07	G=2.5e-07	-=1e-05	A=2.5e-07	C=0.999989	
Position 1303:	T=2.5e-07	G=2.5e-07	-=1e-05	A=0.999989	C=2.5e-07	
Position 1304:	T=2.5e-07	G=2.5e-07	-=1e-05	A=2.5e-07	C=0.999989	
Position 1305:	T=0.999989	G=2.5e-07	-=1e-05	A=2.5e-07	C=2.5e-07	
Position 1306:	T=2.5e-07	G=2.5e-07	-=1e-05	A=0.999989	C=2.5e-07	
Position 1307:	T=2.5e-07	G=2.5e-07	-=1e-05	A=2.5e-07	C=0.999989	
Position 1308:	T=2.5e-07	G=0.999989	-=1e-05	A=2.5e-07	C=2.5e-07	
Position 1309:	T=2.5e-07	G=0.999989	-=1e-05	A=2.5e-07	C=2.5e-07	
Position 1310:	T=2.5e-07	G=0.999989	-=1e-05	A=2.5e-07	C=2.5e-07	
Position 1311:	T=0.999989	G=2.5e-07	-=1e-05	A=2.5e-07	C=2.5e-07	
Position 1312:	T=2.5e-07	G=0.999989	-=1e-05	A=2.5e-07	C=2.5e-07	
Position 1313:	T=2.5e-07	G=2.5e-07	-=1e-05	A=2.5e-07	C=0.999989	
Position 1314:	T=2.5e-07	G=0.999989	-=1e-05	A=2.5e-07	C=2.5e-07	
Position 1315:	T=0.999989	G=2.5e-07	-=1e-05	A=2.5e-07	C=2.5e-07	
Position 1316:	T=0.999989	G=2.5e-07	-=1e-05	A=2.5e-07	C=2.5e-07	
Position 1317:	T=2.5e-07	G=2.5e-07	-=1e-05	A=0.999989	C=2.5e-07	
Position 1318:	T=0.999989	G=2.5e-07	-=1e-05	A=2.5e-07	C=2.5e-07	
Position 1319:	T=2.5e-07	G=2.5e-07	-=1e-05	A=2.5e-07	C=0.999989	
Position 1320:	T=2.5e-07	G=2.5e-07	-=1e-05	A=2.5e-07	C=0.999989	
Position 1321:	T=2.5e-07	G=0.999989	-=1e-05	A=2.5e-07	C=2.5e-07	
Position 1322:	T=2.5e-07	G=2.5e-07	-=1e-05	A=2.5e-07	C=0.999989	
Position 1323:	T=0.999989	G=2.5e-07	-=1e-05	A=2.5e-07	C=2.5e-07	
Position 1324:	T=2.5e-07	G=2.5e-07	-=1e-05	A=0.999989	C=2.5e-07	
Position 1325:	T=0.999989	G=2.5e-07	-=1e-05	A=2.5e-07	C=2.5e-07	
Position 1326:	T=2.5e-07	G=0.999989	-=1e-05	A=2.5e-07	C=2.5e-07	
Position 1327:	T=0.999989	G=2.5e-07	-=1e-05	A=2.5e-07	C=2.5e-07	
Position 1328:	T=2.5e-07	G=2.5e-07	-=1e-05	A=0.999989	C=2.5e-07	
Position 1329:	T=2.5e-07	G=2.5e-07	-=1e-05	A=2.5e-07	C=0.999989	
Position 1330:	T=2.5e-07	G=2.5e-07	-=1e-05	A=0.999989	C=2.5e-07	
Position 1331:	T=0.999989	G=2.5e-07	-=1e-05	A=2.5e-07	C=2.5e-07	
Position 1332:	T=2.5e-07	G=0.999989	-=1e-05	A=2.5e-07	C=2.5e-07	
Position 1333:	T=2.5e-07	G=2.5e-07	-=1e-05	A=2.5e-07	C=0.999989	
Position 1334:	T=2.5e-07	G=2.5e-07	-=1e-05	A=0.999989	C=2.5e-07	
Position 1335:	T=2.5e-07	G=2.5e-07	-=1e-05	A=0.999989	C=2.5e-07	
Position 1336:	T=2.5e-07	G=2.5e-07	-=1e-05	A=0.999989	C=2.5e-07	
Position 1337:	T=0.999989	G=2.5e-07	-=1e-05	A=2.5e-07	C=2.5e-07	
Position 1338:	T=2.5e-07	G=0.999989	-=1e-05	A=2.5e-07	C=2.5e-07	
Position 1339:	T=2.5e-07	G=0.999989	-=1e-05	A=2.5e-07	C=2.5e-07	
Position 1340:	T=2.5e-07	G=2.5e-07	-=1e-05	A=0.999989	C=2.5e-07	
Position 1341:	T=2.5e-07	G=0.999989	-=1e-05	A=2.5e-07	C=2.5e-07	
Position 1342:	T=2.5e-07	G=2.5e-07	-=1e-05	A=0.999989	C=2.5e-07	
Position 1343:	T=2.5e-07	G=2.5e-07	-=1e-05	A=2.5e-07	C=0.999989	
Position 1344:	T=0.999989	G=2.5e-07	-=1e-05	A=2.5e-07	C=2.5e-07	
Position 1345:	T=2.5e-07	G=2.5e-07	-=1e-05	A=2.5e-07	C=0.999989	
Position 1346:	T=2.5e-07	G=2.5e-07	-=1e-05	A=2.5e-07	C=0.999989	
Position 1347:	T=2.5e-07	G=2.5e-07	-=1e-05	A=0.999989	C=2.5e-07	
Position 1348:	T=0.999989	G=2.5e-07	-=1e-05	A=2.5e-07	C=2.5e-07	
Position 1349:	T=2.5e-07	G=0.999989	-=1e-05	A=2.5e-07	C=2.5e-07	
Position 1350:	T=0.999989	G=2.5e-07	-=1e-05	A=2.5e-07	C=2.5e-07	
Position 1351:	T=0.999984	G=1.57739e-06	-=1e-05	A=1.57739e-06	C=1.57739e-06	
Position 1352:	T=2.5e-07	G=2.5e-07	-=1e-05	A=2.5e-07	C=0.999989	
Position 1353:	T=0.999989	G=2.5e-07	-=1e-05	A=2.5e-07	C=2.5e-07	
Position 1354:	T=0.999989	G=2.5e-07	-=1e-05	A=2.5e-07	C=2.5e-07	
Position 1355:	T=0.999989	G=2.5e-07	-=1e-05	A=2.5e-07	C=2.5e-07	
Position 1356:	T=2.5e-07	G=2.5e-07	-=1e-05	A=0.999989	C=2.5e-07	
Position 1357:	T=2.5e-07	G=2.5e-07	-=1e-05	A=0.999989	C=2.5e-07	
Position 1358:	T=2.5e-07	G=2.5e-07	-=1e-05	A=2.5e-07	C=0.999989	
Position 1359:	T=0.999989	G=2.5e-07	-=1e-05	A=2.5e-07	C=2.5e-07	
Position 1360:	T=2.5e-07	G=0.999989	-=1e-05	A=2.5e-07	C=2.5e-07	
Position 1361:	T=2.5e-07	G=2.5e-07	-=1e-05	A=2.5e-07	C=0.999989	
Position 1362:	T=2.5e-07	G=2.5e-07	-=1e-05	A=2.5e-07	C=0.999989	
Position 1363:	T=2.5e-07	G=0.999989	-=1e-05	A=2.5e-07	C=2.5e-07	
Position 1364:	T=2.5e-07	G=2.5e-07	-=1e-05	A=0.999989	C=2.5e-07	
Position 1365:	T=0.999989	G=3.14731e-07	-=1e-05	A=3.14731e-07	C=3.14731e-07	
Position 1366:	T=0.999989	G=2.5e-07	-=1e-05	A=2.5e-07	C=2.5e-07	
Position 1367:	T=2.5e-07	G=2.5e-07	-=1e-05	A=2.5e-07	C=0.999989	
Position 1368:	T=2.5e-07	G=2.5e-07	-=1e-05	A=0.999989	C=2.5e-07	
Position 1369:	T=0.999989	G=2.5e-07	-=1e-05	A=2.5e-07	C=2.5e-07	
Position 1370:	T=2.5e-07	G=0.999989	-=1e-05	A=2.5e-07	C=2.5e-07	
Position 1371:	T=2.5e-07	G=2.5e-07	-=1e-05	A=2.5e-07	C=0.999989	
Position 1372:	T=2.5e-07	G=2.5e-07	-=1e-05	A=0.999989	C=2.5e-07	
Position 1373:	T=0.2	G=0.2	C=0.2	-=0.2	A=0.2	
Position 1374:	T=0.999989	G=2.5e-07	-=1e-05	A=2.5e-07	C=2.5e-07	
Position 1375:	T=2.5e-07	G=2.5e-07	-=1e-05	A=2.5e-07	C=0.999989	
Position 1376:	T=0.999989	G=2.5e-07	-=1e-05	A=2.5e-07	C=2.5e-07	
Position 1377:	T=2.5e-07	G=2.5e-07	-=1e-05	A=2.5e-07	C=0.999989	
Position 1378:	T=2.5e-07	G=2.5e-07	-=1e-05	A=0.999989	C=2.5e-07	
Position 1379:	T=2.5e-07	G=0.999989	-=1e-05	A=2.5e-07	C=2.5e-07	
Position 1380:	T=2.5e-07	G=2.5e-07	-=1e-05	A=0.999989	C=2.5e-07	
Position 1381:	T=2.5e-07	G=2.5e-07	-=1e-05	A=0.999989	C=2.5e-07	
Position 1382:	T=2.5e-07	G=2.5e-07	-=1e-05	A=0.999989	C=2.5e-07	
Position 1383:	T=2.5e-07	G=2.5e-07	-=1e-05	A=2.5e-07	C=0.999989	
Position 1384:	T=2.5e-07	G=2.5e-07	-=1e-05	A=0.999989	C=2.5e-07	
Position 1385:	T=0.999989	G=2.5e-07	-=1e-05	A=2.5e-07	C=2.5e-07	
Position 1386:	T=2.5e-07	G=0.999989	-=1e-05	A=2.5e-07	C=2.5e-07	
Position 1387:	T=2.5e-07	G=2.5e-07	-=1e-05	A=0.999989	C=2.5e-07	
Position 1388:	T=2.5e-07	G=2.5e-07	-=1e-05	A=0.999989	C=2.5e-07	
Position 1389:	T=2.5e-07	G=2.5e-07	-=1e-05	A=0.999989	C=2.5e-07	
Position 1390:	T=2.5e-07	G=2.5e-07	-=1e-05	A=2.5e-07	C=0.999989	
Position 1391:	T=2.5e-07	G=2.5e-07	-=1e-05	A=0.999989	C=2.5e-07	
Position 1392:	T=2.5e-07	G=0.999989	-=1e-05	A=2.5e-07	C=2.5e-07	
Position 1393:	T=0.999989	G=2.5e-07	-=1e-05	A=2.5e-07	C=2.5e-07	
Position 1394:	T=2.5e-07	G=0.999989	-=1e-05	A=2.5e-07	C=2.5e-07	
Position 1395:	T=2.5e-07	G=0.999989	-=1e-05	A=2.5e-07	C=2.5e-07	
Position 1396:	T=2.5e-07	G=2.5e-07	-=1e-05	A=2.5e-07	C=0.999989	
Position 1397:	T=2.5e-07	G=2.5e-07	-=1e-05	A=0.999989	C=2.5e-07	
Position 1398:	T=0.999989	G=2.5e-07	-=1e-05	A=2.5e-07	C=2.5e-07	
Position 1399:	T=2.5e-07	G=2.5e-07	-=1e-05	A=0.999989	C=2.5e-07	
Position 1400:	T=2.5e-07	G=2.5e-07	-=1e-05	A=0.999989	C=2.5e-07	
Position 1401:	T=2.5e-07	G=2.5e-07	-=1e-05	A=0.999989	C=2.5e-07	
Position 1402:	T=2.5e-07	G=0.999989	-=1e-05	A=2.5e-07	C=2.5e-07	
Position 1403:	T=0.999989	G=2.5e-07	-=1e-05	A=2.5e-07	C=2.5e-07	
Position 1404:	T=0.999989	G=2.5e-07	-=1e-05	A=2.5e-07	C=2.5e-07	
Position 1405:	T=2.5e-07	G=2.5e-07	-=1e-05	A=0.999989	C=2.5e-07	
Position 1406:	T=0.999989	G=2.5e-07	-=1e-05	A=2.5e-07	C=2.5e-07	
Position 1407:	T=2.5e-07	G=2.5e-07	-=1e-05	A=0.999989	C=2.5e-07	
Position 1408:	T=2.5e-07	G=0.999989	-=1e-05	A=2.5e-07	C=2.5e-07	
Position 1409:	T=2.5e-07	G=2.5e-07	-=1e-05	A=2.5e-07	C=0.999989	
Position 1410:	T=2.5e-07	G=2.5e-07	-=1e-05	A=0.999989	C=2.5e-07	
Position 1411:	T=2.5e-07	G=2.5e-07	-=1e-05	A=0.999989	C=2.5e-07	
Position 1412:	T=2.5e-07	G=2.5e-07	-=1e-05	A=2.5e-07	C=0.999989	
Position 1413:	T=2.5e-07	G=2.5e-07	-=1e-05	A=2.5e-07	C=0.999989	
Position 1414:	T=2.5e-07	G=0.999989	-=1e-05	A=2.5e-07	C=2.5e-07	
Position 1415:	T=2.5e-07	G=2.5e-07	-=1e-05	A=2.5e-07	C=0.999989	
Position 1416:	T=2.5e-07	G=2.5e-07	-=1e-05	A=0.999989	C=2.5e-07	
Position 1417:	T=0.999989	G=2.5e-07	-=1e-05	A=2.5e-07	C=2.5e-07	
Position 1418:	T=0.999989	G=2.5e-07	-=1e-05	A=2.5e-07	C=2.5e-07	
Position 1419:	T=0.999989	G=2.5e-07	-=1e-05	A=2.5e-07	C=2.5e-07	
Position 1420:	T=2.5e-07	G=2.5e-07	-=1e-05	A=0.999989	C=2.5e-07	
Position 1421:	T=0.999989	G=2.5e-07	-=1e-05	A=2.5e-07	C=2.5e-07	
Position 1422:	T=2.5e-07	G=2.5e-07	-=1e-05	A=0.999989	C=2.5e-07	
Position 1423:	T=2.5e-07	G=0.999989	-=1e-05	A=2.5e-07	C=2.5e-07	
Position 1424:	T=0.000790569	G=0.996828	-=1e-05	A=0.000790569	C=0.000790569	
Position 1425:	T=2.5e-07	G=2.5e-07	-=1e-05	A=0.999989	C=2.5e-07	
Position 1426:	T=2.5e-07	G=0.999989	-=1e-05	A=2.5e-07	C=2.5e-07	
Position 1427:	T=2.5e-07	G=2.5e-07	-=1e-05	A=0.999989	C=2.5e-07	
Position 1428:	T=2.5e-07	G=2.5e-07	-=1e-05	A=2.5e-07	C=0.999989	
Position 1429:	T=2.5e-07	G=2.5e-07	-=1e-05	A=2.5e-07	C=0.999989	
Position 1430:	T=0.999989	G=2.5e-07	-=1e-05	A=2.5e-07	C=2.5e-07	
Position 1431:	T=2.5e-07	G=2.5e-07	-=1e-05	A=2.5e-07	C=0.999989	
Position 1432:	T=2.5e-07	G=2.5e-07	-=1e-05	A=2.5e-07	C=0.999989	
Position 1433:	T=0.999989	G=2.5e-07	-=1e-05	A=2.5e-07	C=2.5e-07	
Position 1434:	T=4.98816e-05	G=4.98816e-05	-=1e-05	A=0.99979	C=4.98816e-05	
Position 1435:	T=2.5e-07	G=2.5e-07	-=1e-05	A=2.5e-07	C=0.999989	
Position 1436:	T=2.5e-07	G=2.5e-07	-=1e-05	A=2.5e-07	C=0.999989	
Position 1437:	T=2.5e-07	G=2.5e-07	-=1e-05	A=2.5e-07	C=0.999989	
Position 1438:	T=2.5e-07	G=2.5e-07	-=1e-05	A=0.999989	C=2.5e-07	
Position 1439:	T=2.5e-07	G=0.999989	-=1e-05	A=2.5e-07	C=2.5e-07	
Position 1440:	T=2.5e-07	G=2.5e-07	-=1e-05	A=0.999989	C=2.5e-07	
Position 1441:	T=0.999989	G=2.5e-07	-=1e-05	A=2.5e-07	C=2.5e-07	
Position 1442:	T=2.5e-07	G=0.999989	-=1e-05	A=2.5e-07	C=2.5e-07	
Position 1443:	T=2.5e-07	G=2.5e-07	-=1e-05	A=2.5e-07	C=0.999989	
Position 1444:	T=2.5e-07	G=2.5e-07	-=1e-05	A=2.5e-07	C=0.999989	
Position 1445:	T=2.5e-07	G=2.5e-07	-=1e-05	A=0.999989	C=2.5e-07	
Position 1446:	T=2.5e-07	G=2.5e-07	-=1e-05	A=0.999989	C=2.5e-07	
Position 1447:	T=2.5e-07	G=2.5e-07	-=1e-05	A=0.999989	C=2.5e-07	
Position 1448:	T=0.2	G=0.2	C=0.2	-=0.2	A=0.2	
Position 1449:	T=2.5e-07	G=0.999989	-=1e-05	A=2.5e-07	C=2.5e-07	
Position 1450:	T=0.999989	G=2.5e-07	-=1e-05	A=2.5e-07	C=2.5e-07	
Position 1451:	T=2.5e-07	G=2.5e-07	-=1e-05	A=2.5e-07	C=0.999989	
Position 1452:	T=2.5e-07	G=2.5e-07	-=1e-05	A=2.5e-07	C=0.999989	
Position 1453:	T=0.999989	G=2.5e-07	-=1e-05	A=2.5e-07	C=2.5e-07	
Position 1454:	T=0.999989	G=2.5e-07	-=1e-05	A=2.5e-07	C=2.5e-07	
Position 1455:	T=2.5e-07	G=2.5e-07	-=1e-05	A=2.5e-07	C=0.999989	
Position 1456:	T=0.999989	G=2.5e-07	-=1e-05	A=2.5e-07	C=2.5e-07	
Position 1457:	T=2.5e-07	G=0.999989	-=1e-05	A=2.5e-07	C=2.5e-07	
Position 1458:	T=2.5e-07	G=2.5e-07	-=1e-05	A=0.999989	C=2.5e-07	
Position 1459:	T=2.5e-07	G=0.999989	-=1e-05	A=2.5e-07	C=2.5e-07	
Position 1460:	T=2.5e-07	G=0.999989	-=1e-05	A=2.5e-07	C=2.5e-07	
Position 1461:	T=2.5e-07	G=2.5e-07	-=1e-05	A=0.999989	C=2.5e-07	
Position 1462:	T=2.5e-07	G=0.999989	-=1e-05	A=2.5e-07	C=2.5e-07	
Position 1463:	T=2.5e-07	G=2.5e-07	-=1e-05	A=2.5e-07	C=0.999989	
Position 1464:	T=2.5e-07	G=2.5e-07	-=1e-05	A=0.999989	C=2.5e-07	
Position 1465:	T=2.5e-07	G=2.5e-07	-=1e-05	A=0.999989	C=2.5e-07	
Position 1466:	T=2.5e-07	G=2.5e-07	-=1e-05	A=0.999989	C=2.5e-07	
Position 1467:	T=0.999989	G=2.5e-07	-=1e-05	A=2.5e-07	C=2.5e-07	
Position 1468:	T=2.5e-07	G=0.999989	-=1e-05	A=2.5e-07	C=2.5e-07	
Position 1469:	T=0.999989	G=2.5e-07	-=1e-05	A=2.5e-07	C=2.5e-07	
Position 1470:	T=2.5e-07	G=2.5e-07	-=1e-05	A=0.999989	C=2.5e-07	
Position 1471:	T=2.5e-07	G=2.5e-07	-=1e-05	A=0.999989	C=2.5e-07	
Position 1472:	T=0.999989	G=2.5e-07	-=1e-05	A=2.5e-07	C=2.5e-07	
Position 1473:	T=2.5e-07	G=2.5e-07	-=1e-05	A=0.999989	C=2.5e-07	
Position 1474:	T=2.5e-07	G=2.5e-07	-=1e-05	A=0.999989	C=2.5e-07	
Position 1475:	T=2.5e-07	G=2.5e-07	-=1e-05	A=2.5e-07	C=0.999989	
Position 1476:	T=2.5e-07	G=2.5e-07	-=1e-05	A=2.5e-07	C=0.999989	
Position 1477:	T=2.5e-07	G=2.5e-07	-=1e-05	A=0.999989	C=2.5e-07	
Position 1478:	T=2.5e-07	G=2.5e-07	-=1e-05	A=0.999989	C=2.5e-07	
Position 1479:	T=0.999989	G=2.5e-07	-=1e-05	A=2.5e-07	C=2.5e-07	
Position 1480:	T=2.5e-07	G=2.5e-07	-=1e-05	A=2.5e-07	C=0.999989	
Position 1481:	T=0.999989	G=2.5e-07	-=1e-05	A=2.5e-07	C=2.5e-07	
Position 1482:	T=4.98816e-05	G=4.98816e-05	-=1e-05	A=0.99979	C=4.98816e-05	
Position 1483:	T=2.5e-07	G=2.5e-07	-=1e-05	A=2.5e-07	C=0.999989	
Position 1484:	T=0.999989	G=2.5e-07	-=1e-05	A=2.5e-07	C=2.5e-07	
Position 1485:	T=2.5e-07	G=2.5e-07	-=1e-05	A=0.999989	C=2.5e-07	
Position 1486:	T=0.999989	G=2.5e-07	-=1e-05	A=2.5e-07	C=2.5e-07	
Position 1487:	T=2.5e-07	G=2.5e-07	-=1e-05	A=0.999989	C=2.5e-07	
Position 1488:	T=2.5e-07	G=0.999989	-=1e-05	A=2.5e-07	C=2.5e-07	
Position 1489:	T=2.5e-07	G=0.999989	-=1e-05	A=2.5e-07	C=2.5e-07	
Position 1490:	T=2.5e-07	G=2.5e-07	-=1e-05	A=2.5e-07	C=0.999989	
Position 1491:	T=2.5e-07	G=2.5e-07	-=1e-05	A=2.5e-07	C=0.999989	
Position 1492:	T=2.5e-07	G=2.5e-07	-=1e-05	A=0.999989	C=2.5e-07	
Position 1493:	T=0.999989	G=2.5e-07	-=1e-05	A=2.5e-07	C=2.5e-07	
Position 1494:	T=0.999989	G=2.5e-07	-=1e-05	A=2.5e-07	C=2.5e-07	
Position 1495:	T=2.5e-07	G=2.5e-07	-=1e-05	A=0.999989	C=2.5e-07	
Position 1496:	T=2.5e-07	G=2.5e-07	-=1e-05	A=0.999989	C=2.5e-07	
Position 1497:	T=2.5e-07	G=2.5e-07	-=1e-05	A=0.999989	C=2.5e-07	
Position 1498:	T=0.999989	G=2.5e-07	-=1e-05	A=2.5e-07	C=2.5e-07	
Position 1499:	T=2.5e-07	G=0.999989	-=1e-05	A=2.5e-07	C=2.5e-07	
Position 1500:	T=0.999989	G=2.5e-07	-=1e-05	A=2.5e-07	C=2.5e-07	
Position 1501:	T=2.5e-07	G=2.5e-07	-=1e-05	A=0.999989	C=2.5e-07	
Position 1502:	T=0.999989	G=2.5e-07	-=1e-05	A=2.5e-07	C=2.5e-07	
Position 1503:	T=2.5e-07	G=2.5e-07	-=1e-05	A=2.5e-07	C=0.999989	
Position 1504:	T=2.5e-07	G=0.999989	-=1e-05	A=2.5e-07	C=2.5e-07	
Position 1505:	T=2.5e-07	G=0.999989	-=1e-05	A=2.5e-07	C=2.5e-07	
Position 1506:	T=3.14731e-07	G=3.14731e-07	-=1e-05	A=0.999989	C=3.14731e-07	
Position 1507:	T=2.5e-07	G=2.5e-07	-=1e-05	A=0.999989	C=2.5e-07	
Position 1508:	T=2.5e-07	G=2.5e-07	-=1e-05	A=0.999989	C=2.5e-07	
Position 1509:	T=0.2	G=0.2	C=0.2	-=0.2	A=0.2	
Position 1510:	T=3.14731e-07	G=0.999989	-=1e-05	A=3.14731e-07	C=3.14731e-07	
Position 1511:	T=2.5e-07	G=2.5e-07	-=1e-05	A=0.999989	C=2.5e-07	
Position 1512:	T=0.999989	G=2.5e-07	-=1e-05	A=2.5e-07	C=2.5e-07	
Position 1513:	T=0.999989	G=2.5e-07	-=1e-05	A=2.5e-07	C=2.5e-07	
Position 1514:	T=2.5e-07	G=2.5e-07	-=1e-05	A=2.5e-07	C=0.999989	
Position 1515:	T=0.999989	G=2.5e-07	-=1e-05	A=2.5e-07	C=2.5e-07	
Position 1516:	T=2.5e-07	G=2.5e-07	-=1e-05	A=0.999989	C=2.5e-07	
Position 1517:	T=2.5e-07	G=0.999989	-=1e-05	A=2.5e-07	C=2.5e-07	
Position 1518:	T=2.5e-07	G=0.999989	-=1e-05	A=2.5e-07	C=2.5e-07	
Position 1519:	T=2.5e-07	G=0.999989	-=1e-05	A=2.5e-07	C=2.5e-07	
Position 1520:	T=2.5e-07	G=0.999989	-=1e-05	A=2.5e-07	C=2.5e-07	
Position 1521:	T=2.5e-07	G=2.5e-07	-=1e-05	A=0.999989	C=2.5e-07	
Position 1522:	T=2.5e-07	G=2.5e-07	-=1e-05	A=2.5e-07	C=0.999989	
Position 1523:	T=3.14731e-07	G=3.14731e-07	-=1e-05	A=3.14731e-07	C=0.999989	
Position 1524:	T=0.999989	G=2.5e-07	-=1e-05	A=2.5e-07	C=2.5e-07	
Position 1525:	T=2.5e-07	G=2.5e-07	-=1e-05	A=0.999989	C=2.5e-07	
Position 1526:	T=2.5e-07	G=2.5e-07	-=1e-05	A=2.5e-07	C=0.999989	
Position 1527:	T=0.999989	G=2.5e-07	-=1e-05	A=2.5e-07	C=2.5e-07	
Position 1528:	T=2.5e-07	G=2.5e-07	-=1e-05	A=2.5e-07	C=0.999989	
Position 1529:	T=2.5e-07	G=2.5e-07	-=1e-05	A=2.5e-07	C=0.999989	
Position 1530:	T=0.999989	G=2.5e-07	-=1e-05	A=2.5e-07	C=2.5e-07	
Position 1531:	T=2.5e-07	G=2.5e-07	-=1e-05	A=2.5e-07	C=0.999989	
Position 1532:	T=2.5e-07	G=2.5e-07	-=1e-05	A=0.999989	C=2.5e-07	
Position 1533:	T=2.5e-07	G=2.5e-07	-=1e-05	A=2.5e-07	C=0.999989	
Position 1534:	T=2.5e-07	G=2.5e-07	-=1e-05	A=2.5e-07	C=0.999989	
Position 1535:	T=2.5e-07	G=2.5e-07	-=1e-05	A=2.5e-07	C=0.999989	
Position 1536:	T=0.999989	G=2.5e-07	-=1e-05	A=2.5e-07	C=2.5e-07	
Position 1537:	T=2.5e-07	G=2.5e-07	-=1e-05	A=0.999989	C=2.5e-07	
Position 1538:	T=2.5e-07	G=2.5e-07	-=1e-05	A=2.5e-07	C=0.999989	
Position 1539:	T=2.5e-07	G=2.5e-07	-=1e-05	A=2.5e-07	C=0.999989	
Position 1540:	T=2.5e-07	G=2.5e-07	-=1e-05	A=2.5e-07	C=0.999989	
Position 1541:	T=0.999989	G=2.5e-07	-=1e-05	A=2.5e-07	C=2.5e-07	
Position 1542:	T=0.999989	G=2.5e-07	-=1e-05	A=2.5e-07	C=2.5e-07	
Position 1543:	T=2.5e-07	G=2.5e-07	-=1e-05	A=0.999989	C=2.5e-07	
Position 1544:	T=2.5e-07	G=0.999989	-=1e-05	A=2.5e-07	C=2.5e-07	
Position 1545:	T=2.5e-07	G=2.5e-07	-=1e-05	A=0.999989	C=2.5e-07	
Position 1546:	T=2.5e-07	G=2.5e-07	-=1e-05	A=0.999989	C=2.5e-07	
Position 1547:	T=2.5e-07	G=2.5e-07	-=1e-05	A=0.999989	C=2.5e-07	
Position 1548:	T=2.5e-07	G=2.5e-07	-=1e-05	A=2.5e-07	C=0.999989	
Position 1549:	T=2.5e-07	G=2.5e-07	-=1e-05	A=2.5e-07	C=0.999989	
Position 1550:	T=2.5e-07	G=2.5e-07	-=1e-05	A=2.5e-07	C=0.999989	
Position 1551:	T=0.999989	G=2.5e-07	-=1e-05	A=2.5e-07	C=2.5e-07	
Position 1552:	T=3.14731e-06	G=3.14731e-06	-=1e-05	A=0.999977	C=3.14731e-06	
Position 1553:	T=2.5e-07	G=0.999989	-=1e-05	A=2.5e-07	C=2.5e-07	
Position 1554:	T=2.5e-07	G=2.5e-07	-=1e-05	A=0.999989	C=2.5e-07	
Position 1555:	T=2.5e-07	G=2.5e-07	-=1e-05	A=2.5e-07	C=0.999989	
Position 1556:	T=2.5e-07	G=2.5e-07	-=1e-05	A=2.5e-07	C=0.999989	
Position 1557:	T=0.999989	G=2.5e-07	-=1e-05	A=2.5e-07	C=2.5e-07	
Position 1558:	T=2.5e-07	G=2.5e-07	-=1e-05	A=0.999989	C=2.5e-07	
Position 1559:	T=0.999989	G=2.5e-07	-=1e-05	A=2.5e-07	C=2.5e-07	
Position 1560:	T=0.999989	G=2.5e-07	-=1e-05	A=2.5e-07	C=2.5e-07	
Position 1561:	T=2.5e-07	G=2.5e-07	-=1e-05	A=2.5e-07	C=0.999989	
Position 1562:	T=2.5e-07	G=0.999989	-=1e-05	A=2.5e-07	C=2.5e-07	
Position 1563:	T=2.5e-07	G=2.5e-07	-=1e-05	A=2.5e-07	C=0.999989	
Position 1564:	T=2.5e-07	G=0.999989	-=1e-05	A=2.5e-07	C=2.5e-07	
Position 1565:	T=2.5e-07	G=2.5e-07	-=1e-05	A=2.5e-07	C=0.999989	
Position 1566:	T=2.5e-07	G=2.5e-07	-=1e-05	A=2.5e-07	C=0.999989	
Position 1567:	T=2.5e-07	G=2.5e-07	-=1e-05	A=2.5e-07	C=0.999989	
Position 1568:	T=1.57739e-06	G=0.999984	-=1e-05	A=1.57739e-06	C=1.57739e-06	
Position 1569:	T=2.5e-07	G=2.5e-07	-=1e-05	A=0.999989	C=2.5e-07	
Position 1570:	T=2.5e-07	G=2.5e-07	-=1e-05	A=2.5e-07	C=0.999989	
Position 1571:	T=0.999989	G=2.5e-07	-=1e-05	A=2.5e-07	C=2.5e-07	
Position 1572:	T=0.999989	G=2.5e-07	-=1e-05	A=2.5e-07	C=2.5e-07	
Position 1573:	T=7.90569e-06	G=7.90569e-06	-=1e-05	A=0.999958	C=7.90569e-06	
Position 1574:	T=2.5e-07	G=2.5e-07	-=1e-05	A=2.5e-07	C=0.999989	
Position 1575:	T=0.999989	G=2.5e-07	-=1e-05	A=2.5e-07	C=2.5e-07	
Position 1576:	T=2.5e-07	G=2.5e-07	-=1e-05	A=0.999989	C=2.5e-07	
Position 1577:	T=2.5e-07	G=0.999989	-=1e-05	A=2.5e-07	C=2.5e-07	
Position 1578:	T=2.5e-07	G=0.999989	-=1e-05	A=2.5e-07	C=2.5e-07	
Position 1579:	T=2.5e-07	G=2.5e-07	-=1e-05	A=0.999989	C=2.5e-07	
Position 1580:	T=2.5e-07	G=0.999989	-=1e-05	A=2.5e-07	C=2.5e-07	
Position 1581:	T=2.5e-07	G=2.5e-07	-=1e-05	A=0.999989	C=2.5e-07	
Position 1582:	T=2.5e-07	G=2.5e-07	-=1e-05	A=2.5e-07	C=0.999989	
Position 1583:	T=6.27972e-07	G=0.999987	-=1e-05	A=6.27972e-07	C=6.27972e-07	
Position 1584:	T=2.5e-07	G=2.5e-07	-=1e-05	A=2.5e-07	C=0.999989	
Position 1585:	T=0.999989	G=2.5e-07	-=1e-05	A=2.5e-07	C=2.5e-07	
Position 1586:	T=2.5e-07	G=0.999989	-=1e-05	A=2.5e-07	C=2.5e-07	
Position 1587:	T=2.5e-07	G=2.5e-07	-=1e-05	A=0.999989	C=2.5e-07	
Position 1588:	T=2.5e-07	G=2.5e-07	-=1e-05	A=0.999989	C=2.5e-07	
Position 1589:	T=2.5e-07	G=2.5e-07	-=1e-05	A=2.5e-07	C=0.999989	
Position 1590:	T=2.5e-07	G=2.5e-07	-=1e-05	A=0.999989	C=2.5e-07	
Position 1591:	T=2.5e-07	G=2.5e-07	-=1e-05	A=2.5e-07	C=0.999989	
Position 1592:	T=0.999989	G=2.5e-07	-=1e-05	A=2.5e-07	C=2.5e-07	
Position 1593:	T=0.999989	G=2.5e-07	-=1e-05	A=2.5e-07	C=2.5e-07	
Position 1594:	T=0.999989	G=2.5e-07	-=1e-05	A=2.5e-07	C=2.5e-07	
Position 1595:	T=2.5e-07	G=2.5e-07	-=1e-05	A=0.999989	C=2.5e-07	
Position 1596:	T=0.999989	G=2.5e-07	-=1e-05	A=2.5e-07	C=2.5e-07	
Position 1597:	T=2.5e-07	G=2.5e-07	-=1e-05	A=2.5e-07	C=0.999989	
Position 1598:	T=2.5e-07	G=2.5e-07	-=1e-05	A=2.5e-07	C=0.999989	
Position 1599:	T=2.5e-07	G=2.5e-07	-=1e-05	A=2.5e-07	C=0.999989	
Position 1600:	T=2.5e-07	G=0.999989	-=1e-05	A=2.5e-07	C=2.5e-07	
Position 1601:	T=0.999987	G=7.90569e-07	-=1e-05	A=7.90569e-07	C=7.90569e-07	
Position 1602:	T=2.5e-07	G=2.5e-07	-=1e-05	A=2.5e-07	C=0.999989	
Position 1603:	T=0.000198582	G=0.000198582	-=1e-05	A=0.999196	C=0.000198582	
Position 1604:	T=2.5e-07	G=2.5e-07	-=1e-05	A=0.999989	C=2.5e-07	
Position 1605:	T=2.5e-07	G=2.5e-07	-=1e-05	A=0.999989	C=2.5e-07	
Position 1606:	T=0.999989	G=2.5e-07	-=1e-05	A=2.5e-07	C=2.5e-07	
Position 1607:	T=2.5e-07	G=0.999989	-=1e-05	A=2.5e-07	C=2.5e-07	
Position 1608:	T=0.999989	G=2.5e-07	-=1e-05	A=2.5e-07	C=2.5e-07	
Position 1609:	T=0.2	G=0.2	C=0.2	-=0.2	A=0.2	
Position 1610:	T=2.5e-07	G=0.999989	-=1e-05	A=2.5e-07	C=2.5e-07	
Position 1611:	T=2.5e-07	G=0.999989	-=1e-05	A=2.5e-07	C=2.5e-07	
Position 1612:	T=0.999989	G=2.5e-07	-=1e-05	A=2.5e-07	C=2.5e-07	
Position 1613:	T=2.5e-07	G=2.5e-07	-=1e-05	A=0.999989	C=2.5e-07	
Position 1614:	T=2.5e-07	G=2.5e-07	-=1e-05	A=0.999989	C=2.5e-07	
Position 1615:	T=0.999989	G=2.5e-07	-=1e-05	A=2.5e-07	C=2.5e-07	
Position 1616:	T=2.5e-07	G=2.5e-07	-=1e-05	A=2.5e-07	C=0.999989	
Position 1617:	T=2.5e-07	G=2.5e-07	-=1e-05	A=2.5e-07	C=0.999989	
Position 1618:	T=2.5e-07	G=2.5e-07	-=1e-05	A=0.999989	C=2.5e-07	
Position 1619:	T=2.5e-07	G=2.5e-07	-=1e-05	A=2.5e-07	C=0.999989	
Position 1620:	T=2.5e-07	G=2.5e-07	-=1e-05	A=2.5e-07	C=0.999989	
Position 1621:	T=2.5e-07	G=0.999989	-=1e-05	A=2.5e-07	C=2.5e-07	
Position 1622:	T=2.5e-07	G=2.5e-07	-=1e-05	A=2.5e-07	C=0.999989	
Position 1623:	T=0.999989	G=2.5e-07	-=1e-05	A=2.5e-07	C=2.5e-07	
Position 1624:	T=2.5e-07	G=2.5e-07	-=1e-05	A=2.5e-07	C=0.999989	
Position 1625:	T=2.5e-07	G=2.5e-07	-=1e-05	A=2.5e-07	C=0.999989	
Position 1626:	T=2.5e-07	G=2.5e-07	-=1e-05	A=2.5e-07	C=0.999989	
Position 1627:	T=0.999989	G=2.5e-07	-=1e-05	A=2.5e-07	C=2.5e-07	
Position 1628:	T=2.5e-07	G=2.5e-07	-=1e-05	A=0.999989	C=2.5e-07	
Position 1629:	T=0.2	G=0.2	C=0.2	-=0.2	A=0.2	
Position 1630:	T=2.5e-07	G=2.5e-07	-=1e-05	A=2.5e-07	C=0.999989	
Position 1631:	T=0.999989	G=2.5e-07	-=1e-05	A=2.5e-07	C=2.5e-07	
Position 1632:	T=2.5e-07	G=2.5e-07	-=1e-05	A=0.999989	C=2.5e-07	
Position 1633:	T=2.5e-07	G=2.5e-07	-=1e-05	A=0.999989	C=2.5e-07	
Position 1634:	T=0.999989	G=2.5e-07	-=1e-05	A=2.5e-07	C=2.5e-07	
Position 1635:	T=2.5e-07	G=2.5e-07	-=1e-05	A=0.999989	C=2.5e-07	
Position 1636:	T=2.5e-07	G=2.5e-07	-=1e-05	A=0.999989	C=2.5e-07	
Position 1637:	T=2.5e-07	G=2.5e-07	-=1e-05	A=0.999989	C=2.5e-07	
Position 1638:	T=2.5e-07	G=2.5e-07	-=1e-05	A=2.5e-07	C=0.999989	
Position 1639:	T=0.999989	G=2.5e-07	-=1e-05	A=2.5e-07	C=2.5e-07	
Position 1640:	T=2.5e-07	G=2.5e-07	-=1e-05	A=0.999989	C=2.5e-07	
Position 1641:	T=2.5e-07	G=0.999989	-=1e-05	A=2.5e-07	C=2.5e-07	
Position 1642:	T=2.5e-07	G=0.999989	-=1e-05	A=2.5e-07	C=2.5e-07	
Position 1643:	T=2.5e-07	G=2.5e-07	-=1e-05	A=0.999989	C=2.5e-07	
Position 1644:	T=2.5e-07	G=0.999989	-=1e-05	A=2.5e-07	C=2.5e-07	
Position 1645:	T=2.5e-07	G=0.999989	-=1e-05	A=2.5e-07	C=2.5e-07	
Position 1646:	T=2.5e-07	G=2.5e-07	-=1e-05	A=0.999989	C=2.5e-07	
Position 1647:	T=2.5e-07	G=0.999989	-=1e-05	A=2.5e-07	C=2.5e-07	
Position 1648:	T=0.999989	G=2.5e-07	-=1e-05	A=2.5e-07	C=2.5e-07	
Position 1649:	T=2.5e-07	G=2.5e-07	-=1e-05	A=0.999989	C=2.5e-07	
Position 1650:	T=2.5e-07	G=2.5e-07	-=1e-05	A=2.5e-07	C=0.999989	
Position 1651:	T=0.999989	G=2.5e-07	-=1e-05	A=2.5e-07	C=2.5e-07	
Position 1652:	T=2.5e-07	G=2.5e-07	-=1e-05	A=0.999989	C=2.5e-07	
Position 1653:	T=2.5e-07	G=0.999989	-=1e-05	A=2.5e-07	C=2.5e-07	
Position 1654:	T=2.5e-07	G=2.5e-07	-=1e-05	A=2.5e-07	C=0.999989	
Position 1655:	T=2.5e-07	G=2.5e-07	-=1e-05	A=0.999989	C=2.5e-07	
Position 1656:	T=2.5e-07	G=2.5e-07	-=1e-05	A=2.5e-07	C=0.999989	
Position 1657:	T=0.999989	G=2.5e-07	-=1e-05	A=2.5e-07	C=2.5e-07	
Position 1658:	T=2.5e-07	G=2.5e-07	-=1e-05	A=0.999989	C=2.5e-07	
Position 1659:	T=2.5e-07	G=2.5e-07	-=1e-05	A=2.5e-07	C=0.999989	
Position 1660:	T=0.999989	G=2.5e-07	-=1e-05	A=2.5e-07	C=2.5e-07	
Position 1661:	T=2.5e-07	G=2.5e-07	-=1e-05	A=0.999989	C=2.5e-07	
Position 1662:	T=0.999989	G=2.5e-07	-=1e-05	A=2.5e-07	C=2.5e-07	
Position 1663:	T=0.999989	G=2.5e-07	-=1e-05	A=2.5e-07	C=2.5e-07	
Position 1664:	T=2.5e-07	G=2.5e-07	-=1e-05	A=2.5e-07	C=0.999989	
Position 1665:	T=0.999989	G=2.5e-07	-=1e-05	A=2.5e-07	C=2.5e-07	
Position 1666:	T=2.5e-07	G=2.5e-07	-=1e-05	A=2.5e-07	C=0.999989	
Position 1667:	T=2.5e-07	G=0.999989	-=1e-05	A=2.5e-07	C=2.5e-07	
Position 1668:	T=2.5e-07	G=2.5e-07	-=1e-05	A=0.999989	C=2.5e-07	
Position 1669:	T=0.999989	G=2.5e-07	-=1e-05	A=2.5e-07	C=2.5e-07	
Position 1670:	T=2.5e-07	G=2.5e-07	-=1e-05	A=0.999989	C=2.5e-07	
Position 1671:	T=2.5e-07	G=2.5e-07	-=1e-05	A=2.5e-07	C=0.999989	
Position 1672:	T=0.999989	G=2.5e-07	-=1e-05	A=2.5e-07	C=2.5e-07	
Position 1673:	T=2.5e-07	G=2.5e-07	-=1e-05	A=0.999989	C=2.5e-07	
Position 1674:	T=2.5e-07	G=2.5e-07	-=1e-05	A=2.5e-07	C=0.999989	
Position 1675:	T=0.999989	G=2.5e-07	-=1e-05	A=2.5e-07	C=2.5e-07	
Position 1676:	T=2.5e-07	G=2.5e-07	-=1e-05	A=2.5e-07	C=0.999989	
Position 1677:	T=2.5e-07	G=2.5e-07	-=1e-05	A=2.5e-07	C=0.999989	
Position 1678:	T=0.999989	G=2.5e-07	-=1e-05	A=2.5e-07	C=2.5e-07	
Position 1679:	T=2.5e-07	G=2.5e-07	-=1e-05	A=0.999989	C=2.5e-07	
Position 1680:	T=2.5e-07	G=0.999989	-=1e-05	A=2.5e-07	C=2.5e-07	
Position 1681:	T=2.5e-07	G=2.5e-07	-=1e-05	A=2.5e-07	C=0.999989	
Position 1682:	T=2.5e-07	G=2.5e-07	-=1e-05	A=2.5e-07	C=0.999989	
Position 1683:	T=2.5e-07	G=2.5e-07	-=1e-05	A=0.999989	C=2.5e-07	
Position 1684:	T=0.999989	G=2.5e-07	-=1e-05	A=2.5e-07	C=2.5e-07	
Position 1685:	T=2.5e-07	G=2.5e-07	-=1e-05	A=2.5e-07	C=0.999989	
Position 1686:	T=2.5e-07	G=2.5e-07	-=1e-05	A=0.999989	C=2.5e-07	
Position 1687:	T=2.5e-07	G=0.999989	-=1e-05	A=2.5e-07	C=2.5e-07	
Position 1688:	T=0.999989	G=2.5e-07	-=1e-05	A=2.5e-07	C=2.5e-07	
Position 1689:	T=2.5e-07	G=2.5e-07	-=1e-05	A=2.5e-07	C=0.999989	
Position 1690:	T=2.5e-07	G=2.5e-07	-=1e-05	A=2.5e-07	C=0.999989	
Position 1691:	T=0.999989	G=2.5e-07	-=1e-05	A=2.5e-07	C=2.5e-07	
Position 1692:	T=2.5e-07	G=2.5e-07	-=1e-05	A=2.5e-07	C=0.999989	
Position 1693:	T=2.5e-07	G=2.5e-07	-=1e-05	A=0.999989	C=2.5e-07	
Position 1694:	T=0.999989	G=2.5e-07	-=1e-05	A=2.5e-07	C=2.5e-07	
Position 1695:	T=2.5e-07	G=2.5e-07	-=1e-05	A=2.5e-07	C=0.999989	
Position 1696:	T=0.999989	G=2.5e-07	-=1e-05	A=2.5e-07	C=2.5e-07	
Position 1697:	T=2.5e-07	G=2.5e-07	-=1e-05	A=0.999989	C=2.5e-07	
Position 1698:	T=2.5e-07	G=2.5e-07	-=1e-05	A=2.5e-07	C=0.999989	
Position 1699:	T=2.5e-07	G=2.5e-07	-=1e-05	A=0.999989	C=2.5e-07	
Position 1700:	T=0.2	G=0.2	C=0.2	-=0.2	A=0.2	
Position 1701:	T=2.5e-07	G=2.5e-07	-=1e-05	A=0.999989	C=2.5e-07	
Position 1702:	T=2.5e-07	G=0.999989	-=1e-05	A=2.5e-07	C=2.5e-07	
Position 1703:	T=2.5e-07	G=0.999989	-=1e-05	A=2.5e-07	C=2.5e-07	
Position 1704:	T=0.999989	G=2.5e-07	-=1e-05	A=2.5e-07	C=2.5e-07	
Position 1705:	T=2.5e-07	G=2.5e-07	-=1e-05	A=2.5e-07	C=0.999989	
Position 1706:	T=2.5e-07	G=2.5e-07	-=1e-05	A=2.5e-07	C=0.999989	
Position 1707:	T=2.5e-07	G=2.5e-07	-=1e-05	A=0.999989	C=2.5e-07	
Position 1708:	T=2.5e-07	G=2.5e-07	-=1e-05	A=0.999989	C=2.5e-07	
Position 1709:	T=2.5e-07	G=2.5e-07	-=1e-05	A=0.999989	C=2.5e-07	
Position 1710:	T=2.5e-07	G=2.5e-07	-=1e-05	A=2.5e-07	C=0.999989	
Position 1711:	T=2.5e-07	G=2.5e-07	-=1e-05	A=0.999989	C=2.5e-07	
Position 1712:	T=2.5e-07	G=2.5e-07	-=1e-05	A=0.999989	C=2.5e-07	
Position 1713:	T=2.5e-07	G=2.5e-07	-=1e-05	A=2.5e-07	C=0.999989	
Position 1714:	T=2.5e-07	G=0.999989	-=1e-05	A=2.5e-07	C=2.5e-07	
Position 1715:	T=2.5e-07	G=2.5e-07	-=1e-05	A=0.999989	C=2.5e-07	
Position 1716:	T=2.5e-07	G=0.999989	-=1e-05	A=2.5e-07	C=2.5e-07	
Position 1717:	T=2.5e-07	G=0.999989	-=1e-05	A=2.5e-07	C=2.5e-07	
Position 1718:	T=0.999989	G=2.5e-07	-=1e-05	A=2.5e-07	C=2.5e-07	
Position 1719:	T=2.5e-07	G=2.5e-07	-=1e-05	A=0.999989	C=2.5e-07	
Position 1720:	T=0.999989	G=2.5e-07	-=1e-05	A=2.5e-07	C=2.5e-07	
Position 1721:	T=2.5e-07	G=0.999989	-=1e-05	A=2.5e-07	C=2.5e-07	
Position 1722:	T=2.5e-07	G=2.5e-07	-=1e-05	A=0.999989	C=2.5e-07	
Position 1723:	T=0.999989	G=2.5e-07	-=1e-05	A=2.5e-07	C=2.5e-07	
Position 1724:	T=2.5e-07	G=2.5e-07	-=1e-05	A=0.999989	C=2.5e-07	
Position 1725:	T=0.999989	G=2.5e-07	-=1e-05	A=2.5e-07	C=2.5e-07	
Position 1726:	T=0.999989	G=2.5e-07	-=1e-05	A=2.5e-07	C=2.5e-07	
Position 1727:	T=2.5e-07	G=2.5e-07	-=1e-05	A=2.5e-07	C=0.999989	
Position 1728:	T=2.5e-07	G=2.5e-07	-=1e-05	A=2.5e-07	C=0.999989	
Position 1729:	T=2.5e-07	G=0.999989	-=1e-05	A=2.5e-07	C=2.5e-07	
Position 1730:	T=2.5e-07	G=0.999989	-=1e-05	A=2.5e-07	C=2.5e-07	
Position 1731:	T=2.5e-07	G=2.5e-07	-=1e-05	A=2.5e-07	C=0.999989	
Position 1732:	T=2.5e-07	G=2.5e-07	-=1e-05	A=2.5e-07	C=0.999989	
Position 1733:	T=2.5e-07	G=2.5e-07	-=1e-05	A=2.5e-07	C=0.999989	
Position 1734:	T=2.5e-07	G=2.5e-07	-=1e-05	A=2.5e-07	C=0.999989	
Position 1735:	T=0.999989	G=2.5e-07	-=1e-05	A=2.5e-07	C=2.5e-07	
Position 1736:	T=2.5e-07	G=2.5e-07	-=1e-05	A=0.999989	C=2.5e-07	
Position 1737:	T=2.5e-07	G=2.5e-07	-=1e-05	A=0.999989	C=2.5e-07	
Position 1738:	T=2.5e-07	G=0.999989	-=1e-05	A=2.5e-07	C=2.5e-07	
Position 1739:	T=2.5e-07	G=2.5e-07	-=1e-05	A=2.5e-07	C=0.999989	
Position 1740:	T=2.5e-07	G=2.5e-07	-=1e-05	A=2.5e-07	C=0.999989	
Position 1741:	T=2.5e-07	G=2.5e-07	-=1e-05	A=0.999989	C=2.5e-07	
Position 1742:	T=2.5e-07	G=2.5e-07	-=1e-05	A=0.999989	C=2.5e-07	
Position 1743:	T=0.999989	G=2.5e-07	-=1e-05	A=2.5e-07	C=2.5e-07	
Position 1744:	T=2.5e-07	G=0.999989	-=1e-05	A=2.5e-07	C=2.5e-07	
Position 1745:	T=2.5e-07	G=2.5e-07	-=1e-05	A=2.5e-07	C=0.999989	
Position 1746:	T=2.5e-07	G=2.5e-07	-=1e-05	A=2.5e-07	C=0.999989	
Position 1747:	T=0.999989	G=2.5e-07	-=1e-05	A=2.5e-07	C=2.5e-07	
Position 1748:	T=2.5e-07	G=2.5e-07	-=1e-05	A=0.999989	C=2.5e-07	
Position 1749:	T=0.999989	G=2.5e-07	-=1e-05	A=2.5e-07	C=2.5e-07	
Position 1750:	T=0.999989	G=2.5e-07	-=1e-05	A=2.5e-07	C=2.5e-07	
Position 1751:	T=0.999989	G=2.5e-07	-=1e-05	A=2.5e-07	C=2.5e-07	
Position 1752:	T=0.999989	G=2.5e-07	-=1e-05	A=2.5e-07	C=2.5e-07	
Position 1753:	T=2.5e-07	G=0.999989	-=1e-05	A=2.5e-07	C=2.5e-07	
Position 1754:	T=2.5e-07	G=2.5e-07	-=1e-05	A=0.999989	C=2.5e-07	
Position 1755:	T=2.5e-07	G=2.5e-07	-=1e-05	A=2.5e-07	C=0.999989	
Position 1756:	T=0.999989	G=2.5e-07	-=1e-05	A=2.5e-07	C=2.5e-07	
Position 1757:	T=0.999989	G=2.5e-07	-=1e-05	A=2.5e-07	C=2.5e-07	
Position 1758:	T=2.5e-07	G=0.999989	-=1e-05	A=2.5e-07	C=2.5e-07	
Position 1759:	T=0.999989	G=2.5e-07	-=1e-05	A=2.5e-07	C=2.5e-07	
Position 1760:	T=2.5e-07	G=2.5e-07	-=1e-05	A=0.999989	C=2.5e-07	
Position 1761:	T=2.5e-07	G=0.999989	-=1e-05	A=2.5e-07	C=2.5e-07	
Position 1762:	T=0.999989	G=2.5e-07	-=1e-05	A=2.5e-07	C=2.5e-07	
Position 1763:	T=2.5e-07	G=2.5e-07	-=1e-05	A=0.999989	C=2.5e-07	
Position 1764:	T=2.5e-07	G=0.999989	-=1e-05	A=2.5e-07	C=2.5e-07	
Position 1765:	T=2.5e-07	G=2.5e-07	-=1e-05	A=2.5e-07	C=0.999989	
Position 1766:	T=2.5e-07	G=2.5e-07	-=1e-05	A=0.999989	C=2.5e-07	
Position 1767:	T=2.5e-07	G=0.999989	-=1e-05	A=2.5e-07	C=2.5e-07	
Position 1768:	T=2.5e-07	G=2.5e-07	-=1e-05	A=0.999989	C=2.5e-07	
Position 1769:	T=0.999989	G=2.5e-07	-=1e-05	A=2.5e-07	C=2.5e-07	
Position 1770:	T=2.5e-07	G=2.5e-07	-=1e-05	A=2.5e-07	C=0.999989	
Position 1771:	T=0.999989	G=2.5e-07	-=1e-05	A=2.5e-07	C=2.5e-07	
Position 1772:	T=2.5e-07	G=2.5e-07	-=1e-05	A=0.999989	C=2.5e-07	
Position 1773:	T=2.5e-07	G=2.5e-07	-=1e-05	A=2.5e-07	C=0.999989	
Position 1774:	T=0.999989	G=2.5e-07	-=1e-05	A=2.5e-07	C=2.5e-07	
Position 1775:	T=2.5e-07	G=2.5e-07	-=1e-05	A=0.999989	C=2.5e-07	
Position 1776:	T=2.5e-07	G=2.5e-07	-=1e-05	A=0.999989	C=2.5e-07	
Position 1777:	T=2.5e-07	G=2.5e-07	-=1e-05	A=2.5e-07	C=0.999989	
Position 1778:	T=2.5e-07	G=2.5e-07	-=1e-05	A=0.999989	C=2.5e-07	
Position 1779:	T=2.5e-07	G=2.5e-07	-=1e-05	A=2.5e-07	C=0.999989	
Position 1780:	T=0.999989	G=2.5e-07	-=1e-05	A=2.5e-07	C=2.5e-07	
Position 1781:	T=3.14731e-06	G=3.14731e-06	-=1e-05	A=0.999977	C=3.14731e-06	
Position 1782:	T=2.5e-07	G=2.5e-07	-=1e-05	A=0.999989	C=2.5e-07	
Position 1783:	T=2.5e-07	G=2.5e-07	-=1e-05	A=2.5e-07	C=0.999989	
Position 1784:	T=2.5e-07	G=2.5e-07	-=1e-05	A=0.999989	C=2.5e-07	
Position 1785:	T=0.999989	G=2.5e-07	-=1e-05	A=2.5e-07	C=2.5e-07	
Position 1786:	T=2.5e-07	G=0.999989	-=1e-05	A=2.5e-07	C=2.5e-07	
Position 1787:	T=7.90569e-06	G=7.90569e-06	-=1e-05	A=0.999958	C=7.90569e-06	
Position 1788:	T=0.2	G=0.2	C=0.2	-=0.2	A=0.2	
Position 1789:	T=0.999989	G=2.5e-07	-=1e-05	A=2.5e-07	C=2.5e-07	
Position 1790:	T=2.5e-07	G=2.5e-07	-=1e-05	A=0.999989	C=2.5e-07	
Position 1791:	T=0.999989	G=2.5e-07	-=1e-05	A=2.5e-07	C=2.5e-07	
Position 1792:	T=0.999989	G=2.5e-07	-=1e-05	A=2.5e-07	C=2.5e-07	
Position 1793:	T=2.5e-07	G=2.5e-07	-=1e-05	A=2.5e-07	C=0.999989	
Position 1794:	T=0.999989	G=2.5e-07	-=1e-05	A=2.5e-07	C=2.5e-07	
Position 1795:	T=2.5e-07	G=2.5e-07	-=1e-05	A=2.5e-07	C=0.999989	
Position 1796:	T=0.999989	G=2.5e-07	-=1e-05	A=2.5e-07	C=2.5e-07	
Position 1797:	T=2.5e-07	G=2.5e-07	-=1e-05	A=0.999989	C=2.5e-07	
Position 1798:	T=2.5e-07	G=2.5e-07	-=1e-05	A=2.5e-07	C=0.999989	
Position 1799:	T=0.999989	G=2.5e-07	-=1e-05	A=2.5e-07	C=2.5e-07	
Position 1800:	T=0.999989	G=2.5e-07	-=1e-05	A=2.5e-07	C=2.5e-07	
Position 1801:	T=0.999989	G=2.5e-07	-=1e-05	A=2.5e-07	C=2.5e-07	
Position 1802:	T=2.5e-07	G=2.5e-07	-=1e-05	A=0.999989	C=2.5e-07	
Position 1803:	T=2.5e-07	G=2.5e-07	-=1e-05	A=2.5e-07	C=0.999989	
Position 1804:	T=2.5e-07	G=2.5e-07	-=1e-05	A=0.999989	C=2.5e-07	
Position 1805:	T=2.5e-07	G=2.5e-07	-=1e-05	A=0.999989	C=2.5e-07	
Position 1806:	T=0.999989	G=2.5e-07	-=1e-05	A=2.5e-07	C=2.5e-07	
Position 1807:	T=2.5e-07	G=2.5e-07	-=1e-05	A=2.5e-07	C=0.999989	
Position 1808:	T=2.5e-07	G=2.5e-07	-=1e-05	A=2.5e-07	C=0.999989	
Position 1809:	T=0.999989	G=2.5e-07	-=1e-05	A=2.5e-07	C=2.5e-07	
Position 1810:	T=2.5e-07	G=2.5e-07	-=1e-05	A=2.5e-07	C=0.999989	
Position 1811:	T=2.5e-07	G=2.5e-07	-=1e-05	A=2.5e-07	C=0.999989	
Position 1812:	T=0.999989	G=2.5e-07	-=1e-05	A=2.5e-07	C=2.5e-07	
Position 1813:	T=2.5e-07	G=2.5e-07	-=1e-05	A=0.999989	C=2.5e-07	
Position 1814:	T=2.5e-07	G=0.999989	-=1e-05	A=2.5e-07	C=2.5e-07	
Position 1815:	T=0.999989	G=2.5e-07	-=1e-05	A=2.5e-07	C=2.5e-07	
Position 1816:	T=3.14731e-07	G=3.14731e-07	-=1e-05	A=0.999989	C=3.14731e-07	
Position 1817:	T=2.5e-07	G=2.5e-07	-=1e-05	A=0.999989	C=2.5e-07	
Position 1818:	T=2.5e-07	G=2.5e-07	-=1e-05	A=0.999989	C=2.5e-07	
Position 1819:	T=2.5e-07	G=2.5e-07	-=1e-05	A=2.5e-07	C=0.999989	
Position 1820:	T=2.5e-07	G=2.5e-07	-=1e-05	A=0.999989	C=2.5e-07	
Position 1821:	T=0.999989	G=2.5e-07	-=1e-05	A=2.5e-07	C=2.5e-07	
Position 1822:	T=3.14731e-07	G=3.14731e-07	-=1e-05	A=3.14731e-07	C=0.999989	
Position 1823:	T=2.5e-07	G=2.5e-07	-=1e-05	A=2.5e-07	C=0.999989	
Position 1824:	T=2.5e-07	G=2.5e-07	-=1e-05	A=2.5e-07	C=0.999989	
Position 1825:	T=2.5e-07	G=2.5e-07	-=1e-05	A=0.999989	C=2.5e-07	
Position 1826:	T=0.999989	G=2.5e-07	-=1e-05	A=2.5e-07	C=2.5e-07	
Position 1827:	T=2.5e-07	G=2.5e-07	-=1e-05	A=0.999989	C=2.5e-07	
Position 1828:	T=2.5e-07	G=2.5e-07	-=1e-05	A=2.5e-07	C=0.999989	
Position 1829:	T=2.5e-07	G=2.5e-07	-=1e-05	A=2.5e-07	C=0.999989	
Position 1830:	T=2.5e-07	G=2.5e-07	-=1e-05	A=0.999989	C=2.5e-07	
Position 1831:	T=2.5e-07	G=0.999989	-=1e-05	A=2.5e-07	C=2.5e-07	
Position 1832:	T=2.5e-07	G=2.5e-07	-=1e-05	A=2.5e-07	C=0.999989	
Position 1833:	T=2.5e-07	G=0.999989	-=1e-05	A=2.5e-07	C=2.5e-07	
Position 1834:	T=2.5e-07	G=2.5e-07	-=1e-05	A=2.5e-07	C=0.999989	
Position 1835:	T=2.5e-07	G=2.5e-07	-=1e-05	A=2.5e-07	C=0.999989	
Position 1836:	T=2.5e-07	G=2.5e-07	-=1e-05	A=2.5e-07	C=0.999989	
Position 1837:	T=2.5e-07	G=2.5e-07	-=1e-05	A=0.999989	C=2.5e-07	
Position 1838:	T=2.5e-07	G=2.5e-07	-=1e-05	A=0.999989	C=2.5e-07	
Position 1839:	T=2.5e-07	G=2.5e-07	-=1e-05	A=0.999989	C=2.5e-07	
Position 1840:	T=2.5e-07	G=0.999989	-=1e-05	A=2.5e-07	C=2.5e-07	
Position 1841:	T=2.5e-07	G=2.5e-07	-=1e-05	A=2.5e-07	C=0.999989	
Position 1842:	T=0.999989	G=2.5e-07	-=1e-05	A=2.5e-07	C=2.5e-07	
Position 1843:	T=2.5e-07	G=2.5e-07	-=1e-05	A=0.999989	C=2.5e-07	
Position 1844:	T=2.5e-07	G=2.5e-07	-=1e-05	A=0.999989	C=2.5e-07	
Position 1845:	T=0.999989	G=2.5e-07	-=1e-05	A=2.5e-07	C=2.5e-07	
Position 1846:	T=2.5e-07	G=0.999989	-=1e-05	A=2.5e-07	C=2.5e-07	
Position 1847:	T=0.999989	G=2.5e-07	-=1e-05	A=2.5e-07	C=2.5e-07	
Position 1848:	T=0.999989	G=2.5e-07	-=1e-05	A=2.5e-07	C=2.5e-07	
Position 1849:	T=2.5e-07	G=2.5e-07	-=1e-05	A=2.5e-07	C=0.999989	
Position 1850:	T=0.999989	G=2.5e-07	-=1e-05	A=2.5e-07	C=2.5e-07	
Position 1851:	T=2.5e-07	G=2.5e-07	-=1e-05	A=0.999989	C=2.5e-07	
Position 1852:	T=2.5e-07	G=0.999989	-=1e-05	A=2.5e-07	C=2.5e-07	
Position 1853:	T=0.999989	G=2.5e-07	-=1e-05	A=2.5e-07	C=2.5e-07	
Position 1854:	T=0.999989	G=2.5e-07	-=1e-05	A=2.5e-07	C=2.5e-07	
Position 1855:	T=2.5e-07	G=2.5e-07	-=1e-05	A=2.5e-07	C=0.999989	
Position 1856:	T=2.5e-07	G=2.5e-07	-=1e-05	A=0.999989	C=2.5e-07	
Position 1857:	T=2.5e-07	G=2.5e-07	-=1e-05	A=0.999989	C=2.5e-07	
Position 1858:	T=2.5e-07	G=2.5e-07	-=1e-05	A=2.5e-07	C=0.999989	
Position 1859:	T=0.999989	G=2.5e-07	-=1e-05	A=2.5e-07	C=2.5e-07	
Position 1860:	T=2.5e-07	G=2.5e-07	-=1e-05	A=0.999989	C=2.5e-07	
Position 1861:	T=0.999989	G=2.5e-07	-=1e-05	A=2.5e-07	C=2.5e-07	
Position 1862:	T=0.999989	G=2.5e-07	-=1e-05	A=2.5e-07	C=2.5e-07	
Position 1863:	T=2.5e-07	G=2.5e-07	-=1e-05	A=2.5e-07	C=0.999989	
Position 1864:	T=2.5e-07	G=2.5e-07	-=1e-05	A=2.5e-07	C=0.999989	
Position 1865:	T=2.5e-07	G=0.999989	-=1e-05	A=2.5e-07	C=2.5e-07	
Position 1866:	T=2.5e-07	G=2.5e-07	-=1e-05	A=0.999989	C=2.5e-07	
Position 1867:	T=2.5e-07	G=2.5e-07	-=1e-05	A=0.999989	C=2.5e-07	
Position 1868:	T=2.5e-07	G=2.5e-07	-=1e-05	A=0.999989	C=2.5e-07	
Position 1869:	T=0.2	G=0.2	C=0.2	-=0.2	A=0.2	
Position 1870:	T=2.5e-07	G=2.5e-07	-=1e-05	A=0.999989	C=2.5e-07	
Position 1871:	T=2.5e-07	G=2.5e-07	-=1e-05	A=2.5e-07	C=0.999989	
Position 1872:	T=0.999989	G=2.5e-07	-=1e-05	A=2.5e-07	C=2.5e-07	
Position 1873:	T=0.999989	G=2.5e-07	-=1e-05	A=2.5e-07	C=2.5e-07	
Position 1874:	T=2.5e-07	G=0.999989	-=1e-05	A=2.5e-07	C=2.5e-07	
Position 1875:	T=0.999989	G=2.5e-07	-=1e-05	A=2.5e-07	C=2.5e-07	
Position 1876:	T=0.999989	G=2.5e-07	-=1e-05	A=2.5e-07	C=2.5e-07	
Position 1877:	T=2.5e-07	G=2.5e-07	-=1e-05	A=2.5e-07	C=0.999989	
Position 1878:	T=0.999989	G=2.5e-07	-=1e-05	A=2.5e-07	C=2.5e-07	
Position 1879:	T=2.5e-07	G=2.5e-07	-=1e-05	A=2.5e-07	C=0.999989	
Position 1880:	T=2.5e-07	G=0.999989	-=1e-05	A=2.5e-07	C=2.5e-07	
Position 1881:	T=2.5e-07	G=2.5e-07	-=1e-05	A=2.5e-07	C=0.999989	
Position 1882:	T=0.999989	G=2.5e-07	-=1e-05	A=2.5e-07	C=2.5e-07	
Position 1883:	T=2.5e-07	G=2.5e-07	-=1e-05	A=2.5e-07	C=0.999989	
Position 1884:	T=2.5e-07	G=2.5e-07	-=1e-05	A=2.5e-07	C=0.999989	
Position 1885:	T=2.5e-07	G=2.5e-07	-=1e-05	A=2.5e-07	C=0.999989	
Position 1886:	T=0.999989	G=2.5e-07	-=1e-05	A=2.5e-07	C=2.5e-07	
Position 1887:	T=2.5e-07	G=2.5e-07	-=1e-05	A=2.5e-07	C=0.999989	
Position 1888:	T=2.5e-07	G=2.5e-07	-=1e-05	A=2.5e-07	C=0.999989	
Position 1889:	T=2.5e-07	G=2.5e-07	-=1e-05	A=2.5e-07	C=0.999989	
Position 1890:	T=2.5e-07	G=2.5e-07	-=1e-05	A=2.5e-07	C=0.999989	
Position 1891:	T=2.5e-07	G=2.5e-07	-=1e-05	A=0.999989	C=2.5e-07	
Position 1892:	T=0.999989	G=2.5e-07	-=1e-05	A=2.5e-07	C=2.5e-07	
Position 1893:	T=2.5e-07	G=0.999989	-=1e-05	A=2.5e-07	C=2.5e-07	
Position 1894:	T=2.5e-07	G=2.5e-07	-=1e-05	A=2.5e-07	C=0.999989	
Position 1895:	T=2.5e-07	G=2.5e-07	-=1e-05	A=0.999989	C=2.5e-07	
Position 1896:	T=2.5e-07	G=2.5e-07	-=1e-05	A=0.999989	C=2.5e-07	
Position 1897:	T=0.999989	G=2.5e-07	-=1e-05	A=2.5e-07	C=2.5e-07	
Position 1898:	T=0.999989	G=2.5e-07	-=1e-05	A=2.5e-07	C=2.5e-07	
Position 1899:	T=0.999989	G=2.5e-07	-=1e-05	A=2.5e-07	C=2.5e-07	
Position 1900:	T=2.5e-07	G=0.999989	-=1e-05	A=2.5e-07	C=2.5e-07	
Position 1901:	T=2.5e-07	G=0.999989	-=1e-05	A=2.5e-07	C=2.5e-07	
Position 1902:	T=2.5e-07	G=0.999989	-=1e-05	A=2.5e-07	C=2.5e-07	
Position 1903:	T=2.5e-07	G=0.999989	-=1e-05	A=2.5e-07	C=2.5e-07	
Position 1904:	T=2.5e-07	G=0.999989	-=1e-05	A=2.5e-07	C=2.5e-07	
Position 1905:	T=0.999989	G=2.5e-07	-=1e-05	A=2.5e-07	C=2.5e-07	
Position 1906:	T=0.999989	G=3.14731e-07	-=1e-05	A=3.14731e-07	C=3.14731e-07	
Position 1907:	T=0.999989	G=2.5e-07	-=1e-05	A=2.5e-07	C=2.5e-07	
Position 1908:	T=2.5e-07	G=2.5e-07	-=1e-05	A=2.5e-07	C=0.999989	
Position 1909:	T=2.5e-07	G=0.999989	-=1e-05	A=2.5e-07	C=2.5e-07	
Position 1910:	T=2.5e-07	G=2.5e-07	-=1e-05	A=0.999989	C=2.5e-07	
Position 1911:	T=0.999989	G=2.5e-07	-=1e-05	A=2.5e-07	C=2.5e-07	
Position 1912:	T=2.5e-07	G=0.999989	-=1e-05	A=2.5e-07	C=2.5e-07	
Position 1913:	T=0.999989	G=2.5e-07	-=1e-05	A=2.5e-07	C=2.5e-07	
Position 1914:	T=0.999989	G=2.5e-07	-=1e-05	A=2.5e-07	C=2.5e-07	
Position 1915:	T=2.5e-07	G=0.999989	-=1e-05	A=2.5e-07	C=2.5e-07	
Position 1916:	T=2.5e-07	G=2.5e-07	-=1e-05	A=0.999989	C=2.5e-07	
Position 1917:	T=2.5e-07	G=2.5e-07	-=1e-05	A=0.999989	C=2.5e-07	
Position 1918:	T=2.5e-07	G=2.5e-07	-=1e-05	A=0.999989	C=2.5e-07	
Position 1919:	T=2.5e-07	G=2.5e-07	-=1e-05	A=2.5e-07	C=0.999989	
Position 1920:	T=0.999989	G=2.5e-07	-=1e-05	A=2.5e-07	C=2.5e-07	
Position 1921:	T=2.5e-07	G=2.5e-07	-=1e-05	A=0.999989	C=2.5e-07	
Position 1922:	T=0.999989	G=2.5e-07	-=1e-05	A=2.5e-07	C=2.5e-07	
Position 1923:	T=2.5e-07	G=2.5e-07	-=1e-05	A=0.999989	C=2.5e-07	
Position 1924:	T=2.5e-07	G=2.5e-07	-=1e-05	A=2.5e-07	C=0.999989	
Position 1925:	T=2.5e-07	G=2.5e-07	-=1e-05	A=2.5e-07	C=0.999989	
Position 1926:	T=0.999989	G=2.5e-07	-=1e-05	A=2.5e-07	C=2.5e-07	
Position 1927:	T=0.999989	G=2.5e-07	-=1e-05	A=2.5e-07	C=2.5e-07	
Position 1928:	T=0.2	G=0.2	C=0.2	-=0.2	A=0.2	
Position 1929:	T=2.5e-07	G=0.999989	-=1e-05	A=2.5e-07	C=2.5e-07	
Position 1930:	T=0.999989	G=2.5e-07	-=1e-05	A=2.5e-07	C=2.5e-07	
Position 1931:	T=2.5e-07	G=0.999989	-=1e-05	A=2.5e-07	C=2.5e-07	
Position 1932:	T=0.999989	G=2.5e-07	-=1e-05	A=2.5e-07	C=2.5e-07	
Position 1933:	T=2.5e-07	G=2.5e-07	-=1e-05	A=2.5e-07	C=0.999989	
Position 1934:	T=2.5e-07	G=0.999989	-=1e-05	A=2.5e-07	C=2.5e-07	
Position 1935:	T=0.999989	G=2.5e-07	-=1e-05	A=2.5e-07	C=2.5e-07	
Position 1936:	T=2.5e-07	G=0.999989	-=1e-05	A=2.5e-07	C=2.5e-07	
Position 1937:	T=2.5e-07	G=2.5e-07	-=1e-05	A=2.5e-07	C=0.999989	
Position 1938:	T=2.5e-07	G=2.5e-07	-=1e-05	A=0.999989	C=2.5e-07	
Position 1939:	T=0.999989	G=2.5e-07	-=1e-05	A=2.5e-07	C=2.5e-07	
Position 1940:	T=0.999989	G=2.5e-07	-=1e-05	A=2.5e-07	C=2.5e-07	
Position 1941:	T=0.999989	G=2.5e-07	-=1e-05	A=2.5e-07	C=2.5e-07	
Position 1942:	T=2.5e-07	G=0.999989	-=1e-05	A=2.5e-07	C=2.5e-07	
Position 1943:	T=2.5e-07	G=0.999989	-=1e-05	A=2.5e-07	C=2.5e-07	
Position 1944:	T=0.999989	G=2.5e-07	-=1e-05	A=2.5e-07	C=2.5e-07	
Position 1945:	T=2.5e-07	G=2.5e-07	-=1e-05	A=0.999989	C=2.5e-07	
Position 1946:	T=0.999989	G=2.5e-07	-=1e-05	A=2.5e-07	C=2.5e-07	
Position 1947:	T=2.5e-07	G=2.5e-07	-=1e-05	A=2.5e-07	C=0.999989	
Position 1948:	T=0.999989	G=2.5e-07	-=1e-05	A=2.5e-07	C=2.5e-07	
Position 1949:	T=0.999989	G=2.5e-07	-=1e-05	A=2.5e-07	C=2.5e-07	
Position 1950:	T=0.999989	G=2.5e-07	-=1e-05	A=2.5e-07	C=2.5e-07	
Position 1951:	T=0.999989	G=2.5e-07	-=1e-05	A=2.5e-07	C=2.5e-07	
Position 1952:	T=2.5e-07	G=2.5e-07	-=1e-05	A=0.999989	C=2.5e-07	
Position 1953:	T=2.5e-07	G=2.5e-07	-=1e-05	A=2.5e-07	C=0.999989	
Position 1954:	T=0.999989	G=2.5e-07	-=1e-05	A=2.5e-07	C=2.5e-07	
Position 1955:	T=0.999989	G=2.5e-07	-=1e-05	A=2.5e-07	C=2.5e-07	
Position 1956:	T=2.5e-07	G=2.5e-07	-=1e-05	A=0.999989	C=2.5e-07	
Position 1957:	T=0.999989	G=2.5e-07	-=1e-05	A=2.5e-07	C=2.5e-07	
Position 1958:	T=0.999989	G=2.5e-07	-=1e-05	A=2.5e-07	C=2.5e-07	
Position 1959:	T=2.5e-07	G=2.5e-07	-=1e-05	A=0.999989	C=2.5e-07	
Position 1960:	T=2.5e-07	G=0.999989	-=1e-05	A=2.5e-07	C=2.5e-07	
Position 1961:	T=2.5e-07	G=0.999989	-=1e-05	A=2.5e-07	C=2.5e-07	
Position 1962:	T=2.5e-07	G=0.999989	-=1e-05	A=2.5e-07	C=2.5e-07	
Position 1963:	T=2.5e-07	G=0.999989	-=1e-05	A=2.5e-07	C=2.5e-07	
Position 1964:	T=2.5e-07	G=0.999989	-=1e-05	A=2.5e-07	C=2.5e-07	
Position 1965:	T=2.5e-07	G=0.999989	-=1e-05	A=2.5e-07	C=2.5e-07	
Position 1966:	T=2.5e-07	G=0.999989	-=1e-05	A=2.5e-07	C=2.5e-07	
Position 1967:	T=2.5e-07	G=2.5e-07	-=1e-05	A=0.999989	C=2.5e-07	
Position 1968:	T=2.5e-07	G=2.5e-07	-=1e-05	A=0.999989	C=2.5e-07	
Position 1969:	T=9.95268e-06	G=9.95268e-06	-=1e-05	A=9.95268e-06	C=0.99995	
Position 1970:	T=0.999989	G=2.5e-07	-=1e-05	A=2.5e-07	C=2.5e-07	
Position 1971:	T=0.999989	G=2.5e-07	-=1e-05	A=2.5e-07	C=2.5e-07	
Position 1972:	T=2.5e-07	G=0.999989	-=1e-05	A=2.5e-07	C=2.5e-07	
Position 1973:	T=2.5e-07	G=2.5e-07	-=1e-05	A=2.5e-07	C=0.999989	
Position 1974:	T=0.999989	G=2.5e-07	-=1e-05	A=2.5e-07	C=2.5e-07	
Position 1975:	T=2.5e-07	G=2.5e-07	-=1e-05	A=0.999989	C=2.5e-07	
Position 1976:	T=0.999987	G=6.27972e-07	-=1e-05	A=6.27972e-07	C=6.27972e-07	
Position 1977:	T=2.5e-07	G=0.999989	-=1e-05	A=2.5e-07	C=2.5e-07	
Position 1978:	T=2.5e-07	G=2.5e-07	-=1e-05	A=0.999989	C=2.5e-07	
Position 1979:	T=2.5e-07	G=2.5e-07	-=1e-05	A=2.5e-07	C=0.999989	
Position 1980:	T=0.999989	G=2.5e-07	-=1e-05	A=2.5e-07	C=2.5e-07	
Position 1981:	T=2.5e-07	G=2.5e-07	-=1e-05	A=2.5e-07	C=0.999989	
Position 1982:	T=2.5e-07	G=2.5e-07	-=1e-05	A=2.5e-07	C=0.999989	
Position 1983:	T=2.5e-07	G=0.999989	-=1e-05	A=2.5e-07	C=2.5e-07	
Position 1984:	T=2.5e-07	G=2.5e-07	-=1e-05	A=2.5e-07	C=0.999989	
Position 1985:	T=0.999989	G=2.5e-07	-=1e-05	A=2.5e-07	C=2.5e-07	
Position 1986:	T=2.5e-07	G=2.5e-07	-=1e-05	A=0.999989	C=2.5e-07	
Position 1987:	T=2.5e-07	G=0.999989	-=1e-05	A=2.5e-07	C=2.5e-07	
Position 1988:	T=2.5e-07	G=0.999989	-=1e-05	A=2.5e-07	C=2.5e-07	
Position 1989:	T=2.5e-07	G=2.5e-07	-=1e-05	A=0.999989	C=2.5e-07	
Position 1990:	T=2.5e-07	G=2.5e-07	-=1e-05	A=2.5e-07	C=0.999989	
Position 1991:	T=2.5e-07	G=0.999989	-=1e-05	A=2.5e-07	C=2.5e-07	
Position 1992:	T=2.5e-07	G=0.999989	-=1e-05	A=2.5e-07	C=2.5e-07	
Position 1993:	T=0.999989	G=2.5e-07	-=1e-05	A=2.5e-07	C=2.5e-07	
Position 1994:	T=2.5e-07	G=2.5e-07	-=1e-05	A=0.999989	C=2.5e-07	
Position 1995:	T=2.5e-07	G=2.5e-07	-=1e-05	A=0.999989	C=2.5e-07	
Position 1996:	T=2.5e-07	G=2.5e-07	-=1e-05	A=0.999989	C=2.5e-07	
Position 1997:	T=2.5e-07	G=0.999989	-=1e-05	A=2.5e-07	C=2.5e-07	
Position 1998:	T=2.5e-07	G=0.999989	-=1e-05	A=2.5e-07	C=2.5e-07	
Position 1999:	T=0.999989	G=2.5e-07	-=1e-05	A=2.5e-07	C=2.5e-07	
Position 2000:	T=2.5e-07	G=2.5e-07	-=1e-05	A=2.5e-07	C=0.999989	
Position 2001:	T=0.999989	G=2.5e-07	-=1e-05	A=2.5e-07	C=2.5e-07	
Position 2002:	T=2.5e-07	G=2.5e-07	-=1e-05	A=2.5e-07	C=0.999989	
Position 2003:	T=2.5e-07	G=0.999989	-=1e-05	A=2.5e-07	C=2.5e-07	
Position 2004:	T=0.999989	G=2.5e-07	-=1e-05	A=2.5e-07	C=2.5e-07	
Position 2005:	T=2.5e-07	G=2.5e-07	-=1e-05	A=2.5e-07	C=0.999989	
Position 2006:	T=2.5e-07	G=2.5e-07	-=1e-05	A=2.5e-07	C=0.999989	
Position 2007:	T=0.2	G=0.2	C=0.2	-=0.2	A=0.2	
Position 2008:	T=0.2	G=0.2	C=0.2	-=0.2	A=0.2	
Position 2009:	T=0.2	G=0.2	C=0.2	-=0.2	A=0.2	
Position 2010:	T=0.2	G=0.2	C=0.2	-=0.2	A=0.2	
Position 2011:	T=0.2	G=0.2	C=0.2	-=0.2	A=0.2	
Position 2012:	T=0.2	G=0.2	C=0.2	-=0.2	A=0.2	
Position 2013:	T=0.2	G=0.2	C=0.2	-=0.2	A=0.2	
Position 2014:	T=0.2	G=0.2	C=0.2	-=0.2	A=0.2	
Position 2015:	T=0.2	G=0.2	C=0.2	-=0.2	A=0.2	
Position 2016:	T=0.999989	G=2.5e-07	-=1e-05	A=2.5e-07	C=2.5e-07	
Position 2017:	T=2.5e-07	G=2.5e-07	-=1e-05	A=0.999989	C=2.5e-07	
Position 2018:	T=0.999989	G=2.5e-07	-=1e-05	A=2.5e-07	C=2.5e-07	
Position 2019:	T=2.5e-07	G=2.5e-07	-=1e-05	A=0.999989	C=2.5e-07	
Position 2020:	T=2.5e-07	G=2.5e-07	-=1e-05	A=0.999989	C=2.5e-07	
Position 2021:	T=0.999989	G=2.5e-07	-=1e-05	A=2.5e-07	C=2.5e-07	
Position 2022:	T=0.999989	G=2.5e-07	-=1e-05	A=2.5e-07	C=2.5e-07	
Position 2023:	T=2.5e-07	G=0.999989	-=1e-05	A=2.5e-07	C=2.5e-07	
Position 2024:	T=2.5e-07	G=0.999989	-=1e-05	A=2.5e-07	C=2.5e-07	
Position 2025:	T=2.5e-07	G=2.5e-07	-=1e-05	A=0.999989	C=2.5e-07	
Position 2026:	T=2.5e-07	G=0.999989	-=1e-05	A=2.5e-07	C=2.5e-07	
Position 2027:	T=2.5e-07	G=2.5e-07	-=1e-05	A=2.5e-07	C=0.999989	
Position 2028:	T=0.999989	G=2.5e-07	-=1e-05	A=2.5e-07	C=2.5e-07	
Position 2029:	T=0.999989	G=2.5e-07	-=1e-05	A=2.5e-07	C=2.5e-07	
Position 2030:	T=2.5e-07	G=0.999989	-=1e-05	A=2.5e-07	C=2.5e-07	
Position 2031:	T=2.5e-07	G=0.999989	-=1e-05	A=2.5e-07	C=2.5e-07	
Position 2032:	T=2.5e-07	G=2.5e-07	-=1e-05	A=2.5e-07	C=0.999989	
Position 2033:	T=2.5e-07	G=2.5e-07	-=1e-05	A=0.999989	C=2.5e-07	
Position 2034:	T=0.999989	G=2.5e-07	-=1e-05	A=2.5e-07	C=2.5e-07	
Position 2035:	T=2.5e-07	G=2.5e-07	-=1e-05	A=2.5e-07	C=0.999989	
Position 2036:	T=0.999989	G=2.5e-07	-=1e-05	A=2.5e-07	C=2.5e-07	
Position 2037:	T=0.999989	G=2.5e-07	-=1e-05	A=2.5e-07	C=2.5e-07	
Position 2038:	T=0.999989	G=2.5e-07	-=1e-05	A=2.5e-07	C=2.5e-07	
Position 2039:	T=2.5e-07	G=2.5e-07	-=1e-05	A=0.999989	C=2.5e-07	
Position 2040:	T=0.999989	G=2.5e-07	-=1e-05	A=2.5e-07	C=2.5e-07	
Position 2041:	T=2.5e-07	G=2.5e-07	-=1e-05	A=2.5e-07	C=0.999989	
Position 2042:	T=0.999989	G=2.5e-07	-=1e-05	A=2.5e-07	C=2.5e-07	
Position 2043:	T=0.999989	G=2.5e-07	-=1e-05	A=2.5e-07	C=2.5e-07	
Position 2044:	T=0.999989	G=2.5e-07	-=1e-05	A=2.5e-07	C=2.5e-07	
Position 2045:	T=2.5e-07	G=2.5e-07	-=1e-05	A=2.5e-07	C=0.999989	
Position 2046:	T=2.5e-07	G=2.5e-07	-=1e-05	A=0.999989	C=2.5e-07	
Position 2047:	T=2.5e-07	G=2.5e-07	-=1e-05	A=2.5e-07	C=0.999989	
Position 2048:	T=2.5e-07	G=0.999989	-=1e-05	A=2.5e-07	C=2.5e-07	
Position 2049:	T=2.5e-07	G=0.999989	-=1e-05	A=2.5e-07	C=2.5e-07	
Position 2050:	T=2.5e-07	G=0.999989	-=1e-05	A=2.5e-07	C=2.5e-07	
Position 2051:	T=0.999989	G=2.5e-07	-=1e-05	A=2.5e-07	C=2.5e-07	
Position 2052:	T=2.5e-07	G=2.5e-07	-=1e-05	A=2.5e-07	C=0.999989	
Position 2053:	T=2.5e-07	G=0.999989	-=1e-05	A=2.5e-07	C=2.5e-07	
Position 2054:	T=2.5e-07	G=0.999989	-=1e-05	A=2.5e-07	C=2.5e-07	
Position 2055:	T=2.5e-07	G=0.999989	-=1e-05	A=2.5e-07	C=2.5e-07	
Position 2056:	T=2.5e-07	G=2.5e-07	-=1e-05	A=0.999989	C=2.5e-07	
Position 2057:	T=2.5e-07	G=2.5e-07	-=1e-05	A=2.5e-07	C=0.999989	
Position 2058:	T=2.5e-07	G=0.999989	-=1e-05	A=2.5e-07	C=2.5e-07	
Position 2059:	T=2.5e-07	G=2.5e-07	-=1e-05	A=0.999989	C=2.5e-07	
Position 2060:	T=2.5e-07	G=0.999989	-=1e-05	A=2.5e-07	C=2.5e-07	
Position 2061:	T=2.5e-07	G=2.5e-07	-=1e-05	A=0.999989	C=2.5e-07	
Position 2062:	T=0.999989	G=2.5e-07	-=1e-05	A=2.5e-07	C=2.5e-07	
Position 2063:	T=2.5e-07	G=2.5e-07	-=1e-05	A=0.999989	C=2.5e-07	
Position 2064:	T=3.14731e-07	G=3.14731e-07	-=1e-05	A=3.14731e-07	C=0.999989	
Position 2065:	T=2.5e-07	G=2.5e-07	-=1e-05	A=2.5e-07	C=0.999989	
Position 2066:	T=2.5e-07	G=0.999989	-=1e-05	A=2.5e-07	C=2.5e-07	
Position 2067:	T=2.5e-07	G=2.5e-07	-=1e-05	A=2.5e-07	C=0.999989	
Position 2068:	T=0.999989	G=2.5e-07	-=1e-05	A=2.5e-07	C=2.5e-07	
Position 2069:	T=2.5e-07	G=2.5e-07	-=1e-05	A=0.999989	C=2.5e-07	
Position 2070:	T=2.5e-07	G=2.5e-07	-=1e-05	A=2.5e-07	C=0.999989	
Position 2071:	T=2.5e-07	G=0.999989	-=1e-05	A=2.5e-07	C=2.5e-07	
Position 2072:	T=2.5e-07	G=0.999989	-=1e-05	A=2.5e-07	C=2.5e-07	
Position 2073:	T=2.5e-07	G=0.999989	-=1e-05	A=2.5e-07	C=2.5e-07	
Position 2074:	T=2.5e-07	G=0.999989	-=1e-05	A=2.5e-07	C=2.5e-07	
Position 2075:	T=0.999989	G=2.5e-07	-=1e-05	A=2.5e-07	C=2.5e-07	
Position 2076:	T=0.999989	G=2.5e-07	-=1e-05	A=2.5e-07	C=2.5e-07	
Position 2077:	T=2.5e-07	G=2.5e-07	-=1e-05	A=2.5e-07	C=0.999989	
Position 2078:	T=2.5e-07	G=2.5e-07	-=1e-05	A=2.5e-07	C=0.999989	
Position 2079:	T=0.999989	G=2.5e-07	-=1e-05	A=2.5e-07	C=2.5e-07	
Position 2080:	T=2.5e-07	G=2.5e-07	-=1e-05	A=2.5e-07	C=0.999989	
Position 2081:	T=2.5e-07	G=2.5e-07	-=1e-05	A=0.999989	C=2.5e-07	
Position 2082:	T=0.2	G=0.2	C=0.2	-=0.2	A=0.2	
Position 2083:	T=2.5e-07	G=2.5e-07	-=1e-05	A=2.5e-07	C=0.999989	
Position 2084:	T=2.5e-07	G=2.5e-07	-=1e-05	A=0.999989	C=2.5e-07	
Position 2085:	T=2.5e-07	G=2.5e-07	-=1e-05	A=2.5e-07	C=0.999989	
Position 2086:	T=0.999989	G=2.5e-07	-=1e-05	A=2.5e-07	C=2.5e-07	
Position 2087:	T=2.5e-07	G=2.5e-07	-=1e-05	A=0.999989	C=2.5e-07	
Position 2088:	T=2.5e-07	G=2.5e-07	-=1e-05	A=0.999989	C=2.5e-07	
Position 2089:	T=2.5e-07	G=2.5e-07	-=1e-05	A=0.999989	C=2.5e-07	
Position 2090:	T=0.999989	G=2.5e-07	-=1e-05	A=2.5e-07	C=2.5e-07	
Position 2091:	T=2.5e-07	G=2.5e-07	-=1e-05	A=2.5e-07	C=0.999989	
Position 2092:	T=2.5e-07	G=0.999989	-=1e-05	A=2.5e-07	C=2.5e-07	
Position 2093:	T=0.2	G=0.2	C=0.2	-=0.2	A=0.2	
Position 2094:	T=0.999989	G=2.5e-07	-=1e-05	A=2.5e-07	C=2.5e-07	
Position 2095:	T=2.5e-07	G=0.999989	-=1e-05	A=2.5e-07	C=2.5e-07	
Position 2096:	T=0.999989	G=3.14731e-07	-=1e-05	A=3.14731e-07	C=3.14731e-07	
Position 2097:	T=2.5e-07	G=2.5e-07	-=1e-05	A=0.999989	C=2.5e-07	
Position 2098:	T=0.2	G=0.2	C=0.2	-=0.2	A=0.2	
Position 2099:	T=2.5e-07	G=0.999989	-=1e-05	A=2.5e-07	C=2.5e-07	
Position 2100:	T=2.5e-07	G=2.5e-07	-=1e-05	A=2.5e-07	C=0.999989	
Position 2101:	T=0.2	G=0.2	C=0.2	-=0.2	A=0.2	
Position 2102:	T=0.2	G=0.2	C=0.2	-=0.2	A=0.2	
Position 2103:	T=2.5e-07	G=0.999989	-=1e-05	A=2.5e-07	C=2.5e-07	
Position 2104:	T=0.999989	G=2.5e-07	-=1e-05	A=2.5e-07	C=2.5e-07	
Position 2105:	T=2.5e-07	G=0.999989	-=1e-05	A=2.5e-07	C=2.5e-07	
Position 2106:	T=0.999989	G=2.5e-07	-=1e-05	A=2.5e-07	C=2.5e-07	
Position 2107:	T=0.2	G=0.2	C=0.2	-=0.2	A=0.2	
Position 2108:	T=2.5e-07	G=2.5e-07	-=1e-05	A=2.5e-07	C=0.999989	
Position 2109:	T=2.5e-07	G=0.999989	-=1e-05	A=2.5e-07	C=2.5e-07	
Position 2110:	T=2.5e-07	G=2.5e-07	-=1e-05	A=2.5e-07	C=0.999989	
Position 2111:	T=2.5e-07	G=2.5e-07	-=1e-05	A=0.999989	C=2.5e-07	
Position 2112:	T=2.5e-07	G=2.5e-07	-=1e-05	A=2.5e-07	C=0.999989	
Position 2113:	T=2.5e-07	G=0.999989	-=1e-05	A=2.5e-07	C=2.5e-07	
Position 2114:	T=0.999989	G=2.5e-07	-=1e-05	A=2.5e-07	C=2.5e-07	
Position 2115:	T=2.5e-07	G=0.999989	-=1e-05	A=2.5e-07	C=2.5e-07	
Position 2116:	T=0.999989	G=2.5e-07	-=1e-05	A=2.5e-07	C=2.5e-07	
Position 2117:	T=2.5e-07	G=2.5e-07	-=1e-05	A=0.999989	C=2.5e-07	
Position 2118:	T=2.5e-07	G=2.5e-07	-=1e-05	A=2.5e-07	C=0.999989	
Position 2119:	T=2.5e-07	G=0.999989	-=1e-05	A=2.5e-07	C=2.5e-07	
Position 2120:	T=0.2	G=0.2	C=0.2	-=0.2	A=0.2	
Position 2121:	T=2.5e-07	G=2.5e-07	-=1e-05	A=0.999989	C=2.5e-07	
Position 2122:	T=2.5e-07	G=2.5e-07	-=1e-05	A=2.5e-07	C=0.999989	
Position 2123:	T=2.5e-07	G=0.999989	-=1e-05	A=2.5e-07	C=2.5e-07	
Position 2124:	T=2.5e-07	G=2.5e-07	-=1e-05	A=0.999989	C=2.5e-07	
Position 2125:	T=2.5e-07	G=0.999989	-=1e-05	A=2.5e-07	C=2.5e-07	
Position 2126:	T=0.999989	G=2.5e-07	-=1e-05	A=2.5e-07	C=2.5e-07	
Position 2127:	T=2.5e-07	G=2.5e-07	-=1e-05	A=0.999989	C=2.5e-07	
Position 2128:	T=2.5e-07	G=2.5e-07	-=1e-05	A=2.5e-07	C=0.999989	
Position 2129:	T=2.5e-07	G=0.999989	-=1e-05	A=2.5e-07	C=2.5e-07	
Position 2130:	T=2.5e-07	G=2.5e-07	-=1e-05	A=2.5e-07	C=0.999989	
Position 2131:	T=2.5e-07	G=2.5e-07	-=1e-05	A=0.999989	C=2.5e-07	
Position 2132:	T=0.2	G=0.2	C=0.2	-=0.2	A=0.2	
Position 2133:	T=2.5e-07	G=0.999989	-=1e-05	A=2.5e-07	C=2.5e-07	
Position 2134:	T=0.999989	G=2.5e-07	-=1e-05	A=2.5e-07	C=2.5e-07	
Position 2135:	T=2.5e-07	G=0.999989	-=1e-05	A=2.5e-07	C=2.5e-07	
Position 2136:	T=0.999989	G=2.5e-07	-=1e-05	A=2.5e-07	C=2.5e-07	
Position 2137:	T=2.5e-07	G=2.5e-07	-=1e-05	A=0.999989	C=2.5e-07	
Position 2138:	T=0.2	G=0.2	C=0.2	-=0.2	A=0.2	
Position 2139:	T=0.2	G=0.2	C=0.2	-=0.2	A=0.2	
Position 2140:	T=2.5e-07	G=2.5e-07	-=1e-05	A=2.5e-07	C=0.999989	
Position 2141:	T=0.2	G=0.2	C=0.2	-=0.2	A=0.2	
Position 2142:	T=2.5e-07	G=2.5e-07	-=1e-05	A=2.5e-07	C=0.999989	
Position 2143:	T=2.5e-07	G=0.999989	-=1e-05	A=2.5e-07	C=2.5e-07	
Position 2144:	T=0.999989	G=2.5e-07	-=1e-05	A=2.5e-07	C=2.5e-07	
Position 2145:	T=2.5e-07	G=0.999989	-=1e-05	A=2.5e-07	C=2.5e-07	
Position 2146:	T=0.999989	G=2.5e-07	-=1e-05	A=2.5e-07	C=2.5e-07	
Position 2147:	T=2.5e-07	G=2.5e-07	-=1e-05	A=0.999989	C=2.5e-07	
Position 2148:	T=2.5e-07	G=2.5e-07	-=1e-05	A=2.5e-07	C=0.999989	
Position 2149:	T=0.2	G=0.2	C=0.2	-=0.2	A=0.2	
Position 2150:	T=2.5e-07	G=2.5e-07	-=1e-05	A=2.5e-07	C=0.999989	
Position 2151:	T=2.5e-07	G=2.5e-07	-=1e-05	A=0.999989	C=2.5e-07	
Position 2152:	T=0.999989	G=2.5e-07	-=1e-05	A=2.5e-07	C=2.5e-07	
Position 2153:	T=2.5e-07	G=0.999989	-=1e-05	A=2.5e-07	C=2.5e-07	
Position 2154:	T=0.2	G=0.2	C=0.2	-=0.2	A=0.2	
Position 2155:	T=0.2	G=0.2	C=0.2	-=0.2	A=0.2	
Position 2156:	T=0.2	G=0.2	C=0.2	-=0.2	A=0.2	
Position 2157:	T=0.2	G=0.2	C=0.2	-=0.2	A=0.2	
Position 2158:	T=0.2	G=0.2	C=0.2	-=0.2	A=0.2	
Position 2159:	T=2.5e-07	G=0.999989	-=1e-05	A=2.5e-07	C=2.5e-07	
Position 2160:	T=2.5e-07	G=0.999989	-=1e-05	A=2.5e-07	C=2.5e-07	
Position 2161:	T=0.2	G=0.2	C=0.2	-=0.2	A=0.2	
Position 2162:	T=0.2	G=0.2	C=0.2	-=0.2	A=0.2	
Position 2163:	T=0.2	G=0.2	C=0.2	-=0.2	A=0.2	
Position 2164:	T=0.999989	G=2.5e-07	-=1e-05	A=2.5e-07	C=2.5e-07	
Position 2165:	T=0.2	G=0.2	C=0.2	-=0.2	A=0.2	
Position 2166:	T=0.2	G=0.2	C=0.2	-=0.2	A=0.2	
Position 2167:	T=2.5e-07	G=0.999989	-=1e-05	A=2.5e-07	C=2.5e-07	
Position 2168:	T=2.5e-07	G=2.5e-07	-=1e-05	A=2.5e-07	C=0.999989	
Position 2169:	T=0.2	G=0.2	C=0.2	-=0.2	A=0.2	
Position 2170:	T=2.5e-07	G=2.5e-07	-=1e-05	A=2.5e-07	C=0.999989	
Position 2171:	T=2.5e-07	G=0.999989	-=1e-05	A=2.5e-07	C=2.5e-07	
Position 2172:	T=0.999989	G=2.5e-07	-=1e-05	A=2.5e-07	C=2.5e-07	
Position 2173:	T=2.5e-07	G=0.999989	-=1e-05	A=2.5e-07	C=2.5e-07	
Position 2174:	T=0.999989	G=2.5e-07	-=1e-05	A=2.5e-07	C=2.5e-07	
Position 2175:	T=2.5e-07	G=2.5e-07	-=1e-05	A=0.999989	C=2.5e-07	
Position 2176:	T=2.5e-07	G=2.5e-07	-=1e-05	A=2.5e-07	C=0.999989	
Position 2177:	T=2.5e-07	G=0.999989	-=1e-05	A=2.5e-07	C=2.5e-07	
Position 2178:	T=2.5e-07	G=2.5e-07	-=1e-05	A=2.5e-07	C=0.999989	
Position 2179:	T=0.999989	G=2.5e-07	-=1e-05	A=2.5e-07	C=2.5e-07	
Position 2180:	T=2.5e-07	G=2.5e-07	-=1e-05	A=2.5e-07	C=0.999989	
Position 2181:	T=2.5e-07	G=0.999989	-=1e-05	A=2.5e-07	C=2.5e-07	
Position 2182:	T=0.999989	G=2.5e-07	-=1e-05	A=2.5e-07	C=2.5e-07	
Position 2183:	T=2.5e-07	G=0.999989	-=1e-05	A=2.5e-07	C=2.5e-07	
Position 2184:	T=0.999989	G=2.5e-07	-=1e-05	A=2.5e-07	C=2.5e-07	
Position 2185:	T=2.5e-07	G=2.5e-07	-=1e-05	A=0.999989	C=2.5e-07	
Position 2186:	T=2.5e-07	G=2.5e-07	-=1e-05	A=2.5e-07	C=0.999989	
Position 2187:	T=2.5e-07	G=0.999989	-=1e-05	A=2.5e-07	C=2.5e-07	
Position 2188:	T=0.999989	G=2.5e-07	-=1e-05	A=2.5e-07	C=2.5e-07	
Position 2189:	T=2.5e-07	G=0.999989	-=1e-05	A=2.5e-07	C=2.5e-07	
Position 2190:	T=2.5e-07	G=2.5e-07	-=1e-05	A=2.5e-07	C=0.999989	
Position 2191:	T=0.000198582	G=0.000198582	-=1e-05	A=0.999196	C=0.000198582	
Position 2192:	T=2.5e-07	G=2.5e-07	-=1e-05	A=2.5e-07	C=0.999989	
Position 2193:	T=2.5e-07	G=2.5e-07	-=1e-05	A=0.999989	C=2.5e-07	
Position 2194:	T=0.999989	G=2.5e-07	-=1e-05	A=2.5e-07	C=2.5e-07	
Position 2195:	T=0.999989	G=2.5e-07	-=1e-05	A=2.5e-07	C=2.5e-07	
Position 2196:	T=0.999989	G=2.5e-07	-=1e-05	A=2.5e-07	C=2.5e-07	
Position 2197:	T=2.5e-07	G=2.5e-07	-=1e-05	A=0.999989	C=2.5e-07	
Position 2198:	T=0.999989	G=2.5e-07	-=1e-05	A=2.5e-07	C=2.5e-07	
Position 2199:	T=2.5e-07	G=2.5e-07	-=1e-05	A=2.5e-07	C=0.999989	
Position 2200:	T=2.5e-07	G=0.999989	-=1e-05	A=2.5e-07	C=2.5e-07	
Position 2201:	T=2.5e-07	G=2.5e-07	-=1e-05	A=0.999989	C=2.5e-07	
Position 2202:	T=0.999989	G=2.5e-07	-=1e-05	A=2.5e-07	C=2.5e-07	
Position 2203:	T=2.5e-07	G=0.999989	-=1e-05	A=2.5e-07	C=2.5e-07	
Position 2204:	T=0.999989	G=2.5e-07	-=1e-05	A=2.5e-07	C=2.5e-07	
Position 2205:	T=2.5e-07	G=2.5e-07	-=1e-05	A=2.5e-07	C=0.999989	
Position 2206:	T=0.999989	G=2.5e-07	-=1e-05	A=2.5e-07	C=2.5e-07	
Position 2207:	T=0.999989	G=2.5e-07	-=1e-05	A=2.5e-07	C=2.5e-07	
Position 2208:	T=2.5e-07	G=0.999989	-=1e-05	A=2.5e-07	C=2.5e-07	
Position 2209:	T=2.5e-07	G=2.5e-07	-=1e-05	A=2.5e-07	C=0.999989	
Position 2210:	T=2.5e-07	G=2.5e-07	-=1e-05	A=2.5e-07	C=0.999989	
Position 2211:	T=2.5e-07	G=2.5e-07	-=1e-05	A=0.999989	C=2.5e-07	
Position 2212:	T=2.5e-07	G=2.5e-07	-=1e-05	A=0.999989	C=2.5e-07	
Position 2213:	T=2.5e-07	G=2.5e-07	-=1e-05	A=0.999989	C=2.5e-07	
Position 2214:	T=2.5e-07	G=2.5e-07	-=1e-05	A=2.5e-07	C=0.999989	
Position 2215:	T=2.5e-07	G=2.5e-07	-=1e-05	A=2.5e-07	C=0.999989	
Position 2216:	T=2.5e-07	G=2.5e-07	-=1e-05	A=2.5e-07	C=0.999989	
Position 2217:	T=2.5e-07	G=2.5e-07	-=1e-05	A=2.5e-07	C=0.999989	
Position 2218:	T=2.5e-07	G=2.5e-07	-=1e-05	A=0.999989	C=2.5e-07	
Position 2219:	T=2.5e-07	G=2.5e-07	-=1e-05	A=0.999989	C=2.5e-07	
Position 2220:	T=2.5e-07	G=2.5e-07	-=1e-05	A=0.999989	C=2.5e-07	
Position 2221:	T=2.5e-07	G=2.5e-07	-=1e-05	A=0.999989	C=2.5e-07	
Position 2222:	T=2.5e-07	G=2.5e-07	-=1e-05	A=0.999989	C=2.5e-07	
Position 2223:	T=2.5e-07	G=2.5e-07	-=1e-05	A=2.5e-07	C=0.999989	
Position 2224:	T=2.5e-07	G=2.5e-07	-=1e-05	A=2.5e-07	C=0.999989	
Position 2225:	T=2.5e-07	G=2.5e-07	-=1e-05	A=0.999989	C=2.5e-07	
Position 2226:	T=2.5e-07	G=0.999989	-=1e-05	A=2.5e-07	C=2.5e-07	
Position 2227:	T=2.5e-07	G=0.999989	-=1e-05	A=2.5e-07	C=2.5e-07	
Position 2228:	T=2.5e-07	G=2.5e-07	-=1e-05	A=0.999989	C=2.5e-07	
Position 2229:	T=0.999989	G=2.5e-07	-=1e-05	A=2.5e-07	C=2.5e-07	
Position 2230:	T=0.999989	G=2.5e-07	-=1e-05	A=2.5e-07	C=2.5e-07	
Position 2231:	T=2.5e-07	G=2.5e-07	-=1e-05	A=0.999989	C=2.5e-07	
Position 2232:	T=2.5e-07	G=2.5e-07	-=1e-05	A=0.999989	C=2.5e-07	
Position 2233:	T=0.999989	G=2.5e-07	-=1e-05	A=2.5e-07	C=2.5e-07	
Position 2234:	T=2.5e-07	G=0.999989	-=1e-05	A=2.5e-07	C=2.5e-07	
Position 2235:	T=2.5e-07	G=2.5e-07	-=1e-05	A=0.999989	C=2.5e-07	
Position 2236:	T=2.5e-07	G=2.5e-07	-=1e-05	A=0.999989	C=2.5e-07	
Position 2237:	T=2.5e-07	G=0.999989	-=1e-05	A=2.5e-07	C=2.5e-07	
Position 2238:	T=0.2	G=0.2	C=0.2	-=0.2	A=0.2	
Position 2239:	T=2.5e-07	G=0.999989	-=1e-05	A=2.5e-07	C=2.5e-07	
Position 2240:	T=7.90569e-07	G=0.999987	-=1e-05	A=7.90569e-07	C=7.90569e-07	
Position 2241:	T=2.5e-07	G=2.5e-07	-=1e-05	A=2.5e-07	C=0.999989	
Position 2242:	T=2.5e-07	G=2.5e-07	-=1e-05	A=0.999989	C=2.5e-07	
Position 2243:	T=2.5e-07	G=2.5e-07	-=1e-05	A=2.5e-07	C=0.999989	
Position 2244:	T=2.5e-07	G=2.5e-07	-=1e-05	A=0.999989	C=2.5e-07	
Position 2245:	T=2.5e-07	G=2.5e-07	-=1e-05	A=0.999989	C=2.5e-07	
Position 2246:	T=0.999989	G=2.5e-07	-=1e-05	A=2.5e-07	C=2.5e-07	
Position 2247:	T=2.5e-07	G=2.5e-07	-=1e-05	A=2.5e-07	C=0.999989	
Position 2248:	T=2.5e-07	G=2.5e-07	-=1e-05	A=0.999989	C=2.5e-07	
Position 2249:	T=2.5e-07	G=2.5e-07	-=1e-05	A=2.5e-07	C=0.999989	
Position 2250:	T=0.999989	G=2.5e-07	-=1e-05	A=2.5e-07	C=2.5e-07	
Position 2251:	T=2.5e-07	G=0.999989	-=1e-05	A=2.5e-07	C=2.5e-07	
Position 2252:	T=0.999989	G=2.5e-07	-=1e-05	A=2.5e-07	C=2.5e-07	
Position 2253:	T=2.5e-07	G=2.5e-07	-=1e-05	A=0.999989	C=2.5e-07	
Position 2254:	T=0.999989	G=2.5e-07	-=1e-05	A=2.5e-07	C=2.5e-07	
Position 2255:	T=2.5e-07	G=2.5e-07	-=1e-05	A=2.5e-07	C=0.999989	
Position 2256:	T=2.5e-07	G=2.5e-07	-=1e-05	A=0.999989	C=2.5e-07	
Position 2257:	T=2.5e-07	G=2.5e-07	-=1e-05	A=2.5e-07	C=0.999989	
Position 2258:	T=2.5e-07	G=2.5e-07	-=1e-05	A=0.999989	C=2.5e-07	
Position 2259:	T=2.5e-07	G=0.999989	-=1e-05	A=2.5e-07	C=2.5e-07	
Position 2260:	T=2.5e-07	G=0.999989	-=1e-05	A=2.5e-07	C=2.5e-07	
Position 2261:	T=2.5e-07	G=2.5e-07	-=1e-05	A=2.5e-07	C=0.999989	
Position 2262:	T=2.5e-07	G=2.5e-07	-=1e-05	A=0.999989	C=2.5e-07	
Position 2263:	T=0.999989	G=2.5e-07	-=1e-05	A=2.5e-07	C=2.5e-07	
Position 2264:	T=2.5e-07	G=0.999989	-=1e-05	A=2.5e-07	C=2.5e-07	
Position 2265:	T=2.5e-07	G=2.5e-07	-=1e-05	A=2.5e-07	C=0.999989	
Position 2266:	T=2.5e-07	G=0.999989	-=1e-05	A=2.5e-07	C=2.5e-07	
Position 2267:	T=2.5e-07	G=2.5e-07	-=1e-05	A=0.999989	C=2.5e-07	
Position 2268:	T=1.98582e-06	G=1.98582e-06	-=1e-05	A=1.98582e-06	C=0.999982	
Position 2269:	T=0.999958	G=7.90569e-06	-=1e-05	A=7.90569e-06	C=7.90569e-06	
Position 2270:	T=0.999989	G=2.5e-07	-=1e-05	A=2.5e-07	C=2.5e-07	
Position 2271:	T=2.5e-07	G=2.5e-07	-=1e-05	A=0.999989	C=2.5e-07	
Position 2272:	T=2.5e-07	G=2.5e-07	-=1e-05	A=0.999989	C=2.5e-07	
Position 2273:	T=2.5e-07	G=2.5e-07	-=1e-05	A=0.999989	C=2.5e-07	
Position 2274:	T=2.5e-07	G=2.5e-07	-=1e-05	A=0.999989	C=2.5e-07	
Position 2275:	T=0.999989	G=2.5e-07	-=1e-05	A=2.5e-07	C=2.5e-07	
Position 2276:	T=0.999989	G=2.5e-07	-=1e-05	A=2.5e-07	C=2.5e-07	
Position 2277:	T=2.5e-07	G=0.999989	-=1e-05	A=2.5e-07	C=2.5e-07	
Position 2278:	T=2.5e-07	G=2.5e-07	-=1e-05	A=0.999989	C=2.5e-07	
Position 2279:	T=2.5e-07	G=0.999989	-=1e-05	A=2.5e-07	C=2.5e-07	
Position 2280:	T=2.5e-07	G=0.999989	-=1e-05	A=2.5e-07	C=2.5e-07	
Position 2281:	T=0.999989	G=2.5e-07	-=1e-05	A=2.5e-07	C=2.5e-07	
Position 2282:	T=0.999989	G=2.5e-07	-=1e-05	A=2.5e-07	C=2.5e-07	
Position 2283:	T=2.5e-07	G=0.999989	-=1e-05	A=2.5e-07	C=2.5e-07	
Position 2284:	T=0.999989	G=2.5e-07	-=1e-05	A=2.5e-07	C=2.5e-07	
Position 2285:	T=2.5e-07	G=2.5e-07	-=1e-05	A=0.999989	C=2.5e-07	
Position 2286:	T=0.999989	G=2.5e-07	-=1e-05	A=2.5e-07	C=2.5e-07	
Position 2287:	T=2.5e-07	G=2.5e-07	-=1e-05	A=2.5e-07	C=0.999989	
Position 2288:	T=0.999989	G=2.5e-07	-=1e-05	A=2.5e-07	C=2.5e-07	
Position 2289:	T=0.999989	G=2.5e-07	-=1e-05	A=2.5e-07	C=2.5e-07	
Position 2290:	T=0.999984	G=1.57739e-06	-=1e-05	A=1.57739e-06	C=1.57739e-06	
Position 2291:	T=2.5e-07	G=0.999989	-=1e-05	A=2.5e-07	C=2.5e-07	
Position 2292:	T=2.5e-07	G=0.999989	-=1e-05	A=2.5e-07	C=2.5e-07	
Position 2293:	T=2.5e-07	G=2.5e-07	-=1e-05	A=2.5e-07	C=0.999989	
Position 2294:	T=1.57739e-06	G=1.57739e-06	-=1e-05	A=0.999984	C=1.57739e-06	
Position 2295:	T=2.5e-07	G=2.5e-07	-=1e-05	A=0.999989	C=2.5e-07	
Position 2296:	T=0.999989	G=2.5e-07	-=1e-05	A=2.5e-07	C=2.5e-07	
Position 2297:	T=0.999989	G=2.5e-07	-=1e-05	A=2.5e-07	C=2.5e-07	
Position 2298:	T=0.999989	G=2.5e-07	-=1e-05	A=2.5e-07	C=2.5e-07	
Position 2299:	T=0.999989	G=2.5e-07	-=1e-05	A=2.5e-07	C=2.5e-07	
Position 2300:	T=0.999989	G=2.5e-07	-=1e-05	A=2.5e-07	C=2.5e-07	
Position 2301:	T=0.992047	G=0.00198582	-=1e-05	A=0.00198582	C=0.00198582	
Position 2302:	T=0.999989	G=2.5e-07	-=1e-05	A=2.5e-07	C=2.5e-07	
Position 2303:	T=0.999989	G=2.5e-07	-=1e-05	A=2.5e-07	C=2.5e-07	
Position 2304:	T=0.999989	G=2.5e-07	-=1e-05	A=2.5e-07	C=2.5e-07	
Position 2305:	T=0.999989	G=2.5e-07	-=1e-05	A=2.5e-07	C=2.5e-07	
Position 2306:	T=2.5e-07	G=2.5e-07	-=1e-05	A=0.999989	C=2.5e-07	
Position 2307:	T=2.5e-07	G=2.5e-07	-=1e-05	A=2.5e-07	C=0.999989	
Position 2308:	T=2.5e-07	G=2.5e-07	-=1e-05	A=0.999989	C=2.5e-07	
Position 2309:	T=0.2	G=0.2	C=0.2	-=0.2	A=0.2	
Position 2310:	T=0.999989	G=2.5e-07	-=1e-05	A=2.5e-07	C=2.5e-07	
Position 2311:	T=0.999989	G=2.5e-07	-=1e-05	A=2.5e-07	C=2.5e-07	
Position 2312:	T=0.999989	G=2.5e-07	-=1e-05	A=2.5e-07	C=2.5e-07	
Position 2313:	T=0.999989	G=2.5e-07	-=1e-05	A=2.5e-07	C=2.5e-07	
Position 2314:	T=2.5e-07	G=0.999989	-=1e-05	A=2.5e-07	C=2.5e-07	
Position 2315:	T=2.5e-07	G=0.999989	-=1e-05	A=2.5e-07	C=2.5e-07	
Position 2316:	T=2.5e-07	G=2.5e-07	-=1e-05	A=2.5e-07	C=0.999989	
Position 2317:	T=3.14731e-07	G=3.14731e-07	-=1e-05	A=3.14731e-07	C=0.999989	
Position 2318:	T=2.5e-07	G=2.5e-07	-=1e-05	A=0.999989	C=2.5e-07	
Position 2319:	T=2.5e-07	G=2.5e-07	-=1e-05	A=2.5e-07	C=0.999989	
Position 2320:	T=2.5e-07	G=2.5e-07	-=1e-05	A=0.999989	C=2.5e-07	
Position 2321:	T=2.5e-07	G=2.5e-07	-=1e-05	A=2.5e-07	C=0.999989	
Position 2322:	T=2.5e-07	G=2.5e-07	-=1e-05	A=0.999989	C=2.5e-07	
Position 2323:	T=2.5e-07	G=2.5e-07	-=1e-05	A=2.5e-07	C=0.999989	
Position 2324:	T=0.999989	G=2.5e-07	-=1e-05	A=2.5e-07	C=2.5e-07	
Position 2325:	T=0.999989	G=2.5e-07	-=1e-05	A=2.5e-07	C=2.5e-07	
Position 2326:	T=2.5e-07	G=2.5e-07	-=1e-05	A=2.5e-07	C=0.999989	
Position 2327:	T=2.5e-07	G=2.5e-07	-=1e-05	A=0.999989	C=2.5e-07	
Position 2328:	T=2.5e-07	G=2.5e-07	-=1e-05	A=0.999989	C=2.5e-07	
Position 2329:	T=2.5e-07	G=2.5e-07	-=1e-05	A=2.5e-07	C=0.999989	
Position 2330:	T=0.999989	G=2.5e-07	-=1e-05	A=2.5e-07	C=2.5e-07	
Position 2331:	T=2.5e-07	G=2.5e-07	-=1e-05	A=0.999989	C=2.5e-07	
Position 2332:	T=2.5e-07	G=2.5e-07	-=1e-05	A=2.5e-07	C=0.999989	
Position 2333:	T=2.5e-07	G=2.5e-07	-=1e-05	A=0.999989	C=2.5e-07	
Position 2334:	T=0.999989	G=2.5e-07	-=1e-05	A=2.5e-07	C=2.5e-07	
Position 2335:	T=0.999989	G=2.5e-07	-=1e-05	A=2.5e-07	C=2.5e-07	
Position 2336:	T=2.5e-07	G=0.999989	-=1e-05	A=2.5e-07	C=2.5e-07	
Position 2337:	T=0.999989	G=2.5e-07	-=1e-05	A=2.5e-07	C=2.5e-07	
Position 2338:	T=2.5e-07	G=2.5e-07	-=1e-05	A=2.5e-07	C=0.999989	
Position 2339:	T=2.5e-07	G=2.5e-07	-=1e-05	A=2.5e-07	C=0.999989	
Position 2340:	T=2.5e-07	G=2.5e-07	-=1e-05	A=2.5e-07	C=0.999989	
Position 2341:	T=2.5e-07	G=2.5e-07	-=1e-05	A=0.999989	C=2.5e-07	
Position 2342:	T=0.999989	G=2.5e-07	-=1e-05	A=2.5e-07	C=2.5e-07	
Position 2343:	T=2.5e-07	G=2.5e-07	-=1e-05	A=0.999989	C=2.5e-07	
Position 2344:	T=2.5e-07	G=2.5e-07	-=1e-05	A=2.5e-07	C=0.999989	
Position 2345:	T=2.5e-07	G=2.5e-07	-=1e-05	A=0.999989	C=2.5e-07	
Position 2346:	T=2.5e-07	G=2.5e-07	-=1e-05	A=0.999989	C=2.5e-07	
Position 2347:	T=2.5e-07	G=2.5e-07	-=1e-05	A=0.999989	C=2.5e-07	
Position 2348:	T=0.999989	G=2.5e-07	-=1e-05	A=2.5e-07	C=2.5e-07	
Position 2349:	T=2.5e-07	G=2.5e-07	-=1e-05	A=2.5e-07	C=0.999989	
Position 2350:	T=2.5e-07	G=2.5e-07	-=1e-05	A=2.5e-07	C=0.999989	
Position 2351:	T=0.999989	G=2.5e-07	-=1e-05	A=2.5e-07	C=2.5e-07	
Position 2352:	T=1.57739e-06	G=1.57739e-06	-=1e-05	A=0.999984	C=1.57739e-06	
Position 2353:	T=2.5e-07	G=2.5e-07	-=1e-05	A=0.999989	C=2.5e-07	
Position 2354:	T=2.5e-07	G=2.5e-07	-=1e-05	A=0.999989	C=2.5e-07	
Position 2355:	T=0.999989	G=2.5e-07	-=1e-05	A=2.5e-07	C=2.5e-07	
Position 2356:	T=2.5e-07	G=2.5e-07	-=1e-05	A=2.5e-07	C=0.999989	
Position 2357:	T=0.025	G=0.025	-=1e-05	A=0.025	C=0.89999	
Position 2358:	T=2.5e-07	G=2.5e-07	-=1e-05	A=0.999989	C=2.5e-07	
Position 2359:	T=2.5e-07	G=2.5e-07	-=1e-05	A=0.999989	C=2.5e-07	
Position 2360:	T=2.5e-07	G=2.5e-07	-=1e-05	A=2.5e-07	C=0.999989	
Position 2361:	T=2.5e-07	G=2.5e-07	-=1e-05	A=2.5e-07	C=0.999989	
Position 2362:	T=2.5e-07	G=2.5e-07	-=1e-05	A=0.999989	C=2.5e-07	
Position 2363:	T=2.5e-07	G=2.5e-07	-=1e-05	A=2.5e-07	C=0.999989	
Position 2364:	T=2.5e-07	G=0.999989	-=1e-05	A=2.5e-07	C=2.5e-07	
Position 2365:	T=0.999989	G=2.5e-07	-=1e-05	A=2.5e-07	C=2.5e-07	
Position 2366:	T=0.999989	G=2.5e-07	-=1e-05	A=2.5e-07	C=2.5e-07	
Position 2367:	T=0.999989	G=2.5e-07	-=1e-05	A=2.5e-07	C=2.5e-07	
Position 2368:	T=2.5e-07	G=2.5e-07	-=1e-05	A=0.999989	C=2.5e-07	
Position 2369:	T=0.999989	G=2.5e-07	-=1e-05	A=2.5e-07	C=2.5e-07	
Position 2370:	T=0.999989	G=2.5e-07	-=1e-05	A=2.5e-07	C=2.5e-07	
Position 2371:	T=0.2	G=0.2	C=0.2	-=0.2	A=0.2	
Position 2372:	T=0.2	G=0.2	C=0.2	-=0.2	A=0.2	
Position 2373:	T=0.2	G=0.2	C=0.2	-=0.2	A=0.2	
Position 2374:	T=0.2	G=0.2	C=0.2	-=0.2	A=0.2	
Position 2375:	T=0.2	G=0.2	C=0.2	-=0.2	A=0.2	
Position 2376:	T=0.2	G=0.2	C=0.2	-=0.2	A=0.2	
Position 2377:	T=0.2	G=0.2	C=0.2	-=0.2	A=0.2	
Position 2378:	T=0.2	G=0.2	C=0.2	-=0.2	A=0.2	
Position 2379:	T=0.2	G=0.2	C=0.2	-=0.2	A=0.2	
Position 2380:	T=0.2	G=0.2	C=0.2	-=0.2	A=0.2	
Position 2381:	T=2.5e-07	G=2.5e-07	-=1e-05	A=0.999989	C=2.5e-07	
Position 2382:	T=2.5e-07	G=2.5e-07	-=1e-05	A=0.999989	C=2.5e-07	
Position 2383:	T=0.999989	G=2.5e-07	-=1e-05	A=2.5e-07	C=2.5e-07	
Position 2384:	T=2.5e-07	G=0.999989	-=1e-05	A=2.5e-07	C=2.5e-07	
Position 2385:	T=2.5e-07	G=2.5e-07	-=1e-05	A=2.5e-07	C=0.999989	
Position 2386:	T=2.5e-07	G=2.5e-07	-=1e-05	A=2.5e-07	C=0.999989	
Position 2387:	T=0.999989	G=2.5e-07	-=1e-05	A=2.5e-07	C=2.5e-07	
Position 2388:	T=2.5e-07	G=2.5e-07	-=1e-05	A=0.999989	C=2.5e-07	
Position 2389:	T=2.5e-07	G=0.999989	-=1e-05	A=2.5e-07	C=2.5e-07	
Position 2390:	T=2.5e-07	G=2.5e-07	-=1e-05	A=0.999989	C=2.5e-07	
Position 2391:	T=2.5e-07	G=0.999989	-=1e-05	A=2.5e-07	C=2.5e-07	
Position 2392:	T=2.5e-07	G=0.999989	-=1e-05	A=2.5e-07	C=2.5e-07	
Position 2393:	T=2.5e-07	G=2.5e-07	-=1e-05	A=0.999989	C=2.5e-07	
Position 2394:	T=2.5e-07	G=0.999989	-=1e-05	A=2.5e-07	C=2.5e-07	
Position 2395:	T=0.999989	G=2.5e-07	-=1e-05	A=2.5e-07	C=2.5e-07	
Position 2396:	T=0.999984	G=1.57739e-06	-=1e-05	A=1.57739e-06	C=1.57739e-06	
Position 2397:	T=2.5e-07	G=2.5e-07	-=1e-05	A=0.999989	C=2.5e-07	
Position 2398:	T=2.5e-07	G=2.5e-07	-=1e-05	A=0.999989	C=2.5e-07	
Position 2399:	T=2.5e-07	G=2.5e-07	-=1e-05	A=0.999989	C=2.5e-07	
Position 2400:	T=0.999989	G=2.5e-07	-=1e-05	A=2.5e-07	C=2.5e-07	
Position 2401:	T=2.5e-07	G=2.5e-07	-=1e-05	A=0.999989	C=2.5e-07	
Position 2402:	T=2.5e-07	G=2.5e-07	-=1e-05	A=0.999989	C=2.5e-07	
Position 2403:	T=0.999989	G=2.5e-07	-=1e-05	A=2.5e-07	C=2.5e-07	
Position 2404:	T=0.999989	G=2.5e-07	-=1e-05	A=2.5e-07	C=2.5e-07	
Position 2405:	T=2.5e-07	G=2.5e-07	-=1e-05	A=2.5e-07	C=0.999989	
Position 2406:	T=2.5e-07	G=2.5e-07	-=1e-05	A=2.5e-07	C=0.999989	
Position 2407:	T=2.5e-07	G=2.5e-07	-=1e-05	A=0.999989	C=2.5e-07	
Position 2408:	T=0.999989	G=2.5e-07	-=1e-05	A=2.5e-07	C=2.5e-07	
Position 2409:	T=2.5e-07	G=2.5e-07	-=1e-05	A=0.999989	C=2.5e-07	
Position 2410:	T=2.5e-07	G=2.5e-07	-=1e-05	A=0.999989	C=2.5e-07	
Position 2411:	T=2.5e-07	G=2.5e-07	-=1e-05	A=0.999989	C=2.5e-07	
Position 2412:	T=2.5e-07	G=2.5e-07	-=1e-05	A=2.5e-07	C=0.999989	
Position 2413:	T=2.5e-07	G=2.5e-07	-=1e-05	A=0.999989	C=2.5e-07	
Position 2414:	T=0.999989	G=2.5e-07	-=1e-05	A=2.5e-07	C=2.5e-07	
Position 2415:	T=2.5e-07	G=2.5e-07	-=1e-05	A=0.999989	C=2.5e-07	
Position 2416:	T=2.5e-07	G=2.5e-07	-=1e-05	A=0.999989	C=2.5e-07	
Position 2417:	T=2.5e-07	G=2.5e-07	-=1e-05	A=0.999989	C=2.5e-07	
Position 2418:	T=2.5e-07	G=0.999989	-=1e-05	A=2.5e-07	C=2.5e-07	
Position 2419:	T=2.5e-07	G=0.999989	-=1e-05	A=2.5e-07	C=2.5e-07	
Position 2420:	T=0.999989	G=2.5e-07	-=1e-05	A=2.5e-07	C=2.5e-07	
Position 2421:	T=0.999989	G=2.5e-07	-=1e-05	A=2.5e-07	C=2.5e-07	
Position 2422:	T=0.999989	G=2.5e-07	-=1e-05	A=2.5e-07	C=2.5e-07	
Position 2423:	T=3.14731e-07	G=0.999989	-=1e-05	A=3.14731e-07	C=3.14731e-07	
Position 2424:	T=2.5e-07	G=0.999989	-=1e-05	A=2.5e-07	C=2.5e-07	
Position 2425:	T=0.999989	G=2.5e-07	-=1e-05	A=2.5e-07	C=2.5e-07	
Position 2426:	T=2.5e-07	G=2.5e-07	-=1e-05	A=2.5e-07	C=0.999989	
Position 2427:	T=2.5e-07	G=2.5e-07	-=1e-05	A=2.5e-07	C=0.999989	
Position 2428:	T=0.999989	G=2.5e-07	-=1e-05	A=2.5e-07	C=2.5e-07	
Position 2429:	T=2.5e-07	G=2.5e-07	-=1e-05	A=0.999989	C=2.5e-07	
Position 2430:	T=2.5e-07	G=0.999989	-=1e-05	A=2.5e-07	C=2.5e-07	
Position 2431:	T=2.5e-07	G=2.5e-07	-=1e-05	A=2.5e-07	C=0.999989	
Position 2432:	T=2.5e-07	G=2.5e-07	-=1e-05	A=2.5e-07	C=0.999989	
Position 2433:	T=0.999989	G=2.5e-07	-=1e-05	A=2.5e-07	C=2.5e-07	
Position 2434:	T=0.999989	G=2.5e-07	-=1e-05	A=2.5e-07	C=2.5e-07	
Position 2435:	T=2.5e-07	G=2.5e-07	-=1e-05	A=2.5e-07	C=0.999989	
Position 2436:	T=2.5e-07	G=2.5e-07	-=1e-05	A=2.5e-07	C=0.999989	
Position 2437:	T=2.5e-07	G=2.5e-07	-=1e-05	A=2.5e-07	C=0.999989	
Position 2438:	T=2.5e-07	G=2.5e-07	-=1e-05	A=0.999989	C=2.5e-07	
Position 2439:	T=0.996828	G=0.000790569	-=1e-05	A=0.000790569	C=0.000790569	
Position 2440:	T=0.999989	G=2.5e-07	-=1e-05	A=2.5e-07	C=2.5e-07	
Position 2441:	T=2.5e-07	G=2.5e-07	-=1e-05	A=0.999989	C=2.5e-07	
Position 2442:	T=2.5e-07	G=0.999989	-=1e-05	A=2.5e-07	C=2.5e-07	
Position 2443:	T=2.5e-07	G=2.5e-07	-=1e-05	A=2.5e-07	C=0.999989	
Position 2444:	T=0.999989	G=2.5e-07	-=1e-05	A=2.5e-07	C=2.5e-07	
Position 2445:	T=2.5e-07	G=2.5e-07	-=1e-05	A=0.999989	C=2.5e-07	
Position 2446:	T=2.5e-07	G=2.5e-07	-=1e-05	A=2.5e-07	C=0.999989	
Position 2447:	T=0.999989	G=2.5e-07	-=1e-05	A=2.5e-07	C=2.5e-07	
Position 2448:	T=2.5e-07	G=2.5e-07	-=1e-05	A=0.999989	C=2.5e-07	
Position 2449:	T=2.5e-07	G=2.5e-07	-=1e-05	A=0.999989	C=2.5e-07	
Position 2450:	T=2.5e-07	G=2.5e-07	-=1e-05	A=0.999989	C=2.5e-07	
Position 2451:	T=2.5e-07	G=2.5e-07	-=1e-05	A=0.999989	C=2.5e-07	
Position 2452:	T=2.5e-07	G=2.5e-07	-=1e-05	A=0.999989	C=2.5e-07	
Position 2453:	T=2.5e-07	G=0.999989	-=1e-05	A=2.5e-07	C=2.5e-07	
Position 2454:	T=2.5e-07	G=2.5e-07	-=1e-05	A=0.999989	C=2.5e-07	
Position 2455:	T=2.5e-07	G=0.999989	-=1e-05	A=2.5e-07	C=2.5e-07	
Position 2456:	T=0.999989	G=3.14731e-07	-=1e-05	A=3.14731e-07	C=3.14731e-07	
Position 2457:	T=2.5e-07	G=2.5e-07	-=1e-05	A=0.999989	C=2.5e-07	
Position 2458:	T=2.5e-07	G=2.5e-07	-=1e-05	A=2.5e-07	C=0.999989	
Position 2459:	T=2.5e-07	G=2.5e-07	-=1e-05	A=0.999989	C=2.5e-07	
Position 2460:	T=3.14731e-06	G=3.14731e-06	-=1e-05	A=3.14731e-06	C=0.999977	
Position 2461:	T=2.5e-07	G=2.5e-07	-=1e-05	A=0.999989	C=2.5e-07	
Position 2462:	T=0.999989	G=2.5e-07	-=1e-05	A=2.5e-07	C=2.5e-07	
Position 2463:	T=2.5e-07	G=0.999989	-=1e-05	A=2.5e-07	C=2.5e-07	
Position 2464:	T=2.5e-07	G=2.5e-07	-=1e-05	A=0.999989	C=2.5e-07	
Position 2465:	T=2.5e-07	G=2.5e-07	-=1e-05	A=0.999989	C=2.5e-07	
Position 2466:	T=0.999989	G=2.5e-07	-=1e-05	A=2.5e-07	C=2.5e-07	
Position 2467:	T=2.5e-07	G=0.999989	-=1e-05	A=2.5e-07	C=2.5e-07	
Position 2468:	T=0.999989	G=2.5e-07	-=1e-05	A=2.5e-07	C=2.5e-07	
Position 2469:	T=0.2	G=0.2	C=0.2	-=0.2	A=0.2	
Position 2470:	T=0.2	G=0.2	C=0.2	-=0.2	A=0.2	
Position 2471:	T=0.2	G=0.2	C=0.2	-=0.2	A=0.2	
Position 2472:	T=0.2	G=0.2	C=0.2	-=0.2	A=0.2	
Position 2473:	T=0.2	G=0.2	C=0.2	-=0.2	A=0.2	
Position 2474:	T=0.2	G=0.2	C=0.2	-=0.2	A=0.2	
Position 2475:	T=0.2	G=0.2	C=0.2	-=0.2	A=0.2	
Position 2476:	T=0.999989	G=2.5e-07	-=1e-05	A=2.5e-07	C=2.5e-07	
Position 2477:	T=0.999989	G=2.5e-07	-=1e-05	A=2.5e-07	C=2.5e-07	
Position 2478:	T=0.999989	G=2.5e-07	-=1e-05	A=2.5e-07	C=2.5e-07	
Position 2479:	T=0.999989	G=2.5e-07	-=1e-05	A=2.5e-07	C=2.5e-07	
Position 2480:	T=2.5e-07	G=0.999989	-=1e-05	A=2.5e-07	C=2.5e-07	
Position 2481:	T=2.5e-07	G=0.999989	-=1e-05	A=2.5e-07	C=2.5e-07	
Position 2482:	T=2.5e-07	G=2.5e-07	-=1e-05	A=0.999989	C=2.5e-07	
Position 2483:	T=2.5e-07	G=2.5e-07	-=1e-05	A=2.5e-07	C=0.999989	
Position 2484:	T=2.5e-07	G=2.5e-07	-=1e-05	A=2.5e-07	C=0.999989	
Position 2485:	T=0.999989	G=2.5e-07	-=1e-05	A=2.5e-07	C=2.5e-07	
Position 2486:	T=0.999989	G=2.5e-07	-=1e-05	A=2.5e-07	C=2.5e-07	
Position 2487:	T=2.5e-07	G=2.5e-07	-=1e-05	A=0.999989	C=2.5e-07	
Position 2488:	T=2.5e-07	G=2.5e-07	-=1e-05	A=0.999989	C=2.5e-07	
Position 2489:	T=2.5e-07	G=2.5e-07	-=1e-05	A=0.999989	C=2.5e-07	
Position 2490:	T=2.5e-07	G=0.999989	-=1e-05	A=2.5e-07	C=2.5e-07	
Position 2491:	T=2.5e-07	G=2.5e-07	-=1e-05	A=2.5e-07	C=0.999989	
Position 2492:	T=2.5e-07	G=0.999989	-=1e-05	A=2.5e-07	C=2.5e-07	
Position 2493:	T=2.5e-07	G=2.5e-07	-=1e-05	A=0.999989	C=2.5e-07	
Position 2494:	T=2.5e-07	G=2.5e-07	-=1e-05	A=0.999989	C=2.5e-07	
Position 2495:	T=2.5e-07	G=2.5e-07	-=1e-05	A=2.5e-07	C=0.999989	
Position 2496:	T=0.999989	G=2.5e-07	-=1e-05	A=2.5e-07	C=2.5e-07	
Position 2497:	T=0.999989	G=2.5e-07	-=1e-05	A=2.5e-07	C=2.5e-07	
Position 2498:	T=2.5e-07	G=2.5e-07	-=1e-05	A=0.999989	C=2.5e-07	
Position 2499:	T=2.5e-07	G=2.5e-07	-=1e-05	A=0.999989	C=2.5e-07	
Position 2500:	T=2.5e-07	G=0.999989	-=1e-05	A=2.5e-07	C=2.5e-07	
Position 2501:	T=2.5e-07	G=0.999989	-=1e-05	A=2.5e-07	C=2.5e-07	
Position 2502:	T=2.5e-07	G=2.5e-07	-=1e-05	A=0.999989	C=2.5e-07	
Position 2503:	T=2.5e-07	G=0.999989	-=1e-05	A=2.5e-07	C=2.5e-07	
Position 2504:	T=2.5e-07	G=2.5e-07	-=1e-05	A=2.5e-07	C=0.999989	
Position 2505:	T=2.5e-07	G=0.999989	-=1e-05	A=2.5e-07	C=2.5e-07	
Position 2506:	T=2.5e-07	G=0.999989	-=1e-05	A=2.5e-07	C=2.5e-07	
Position 2507:	T=2.5e-07	G=0.999989	-=1e-05	A=2.5e-07	C=2.5e-07	
Position 2508:	T=2.5e-07	G=2.5e-07	-=1e-05	A=2.5e-07	C=0.999989	
Position 2509:	T=2.5e-07	G=2.5e-07	-=1e-05	A=0.999989	C=2.5e-07	
Position 2510:	T=2.5e-07	G=0.999989	-=1e-05	A=2.5e-07	C=2.5e-07	
Position 2511:	T=2.5e-07	G=2.5e-07	-=1e-05	A=2.5e-07	C=0.999989	
Position 2512:	T=2.5e-07	G=0.999989	-=1e-05	A=2.5e-07	C=2.5e-07	
Position 2513:	T=2.5e-07	G=2.5e-07	-=1e-05	A=0.999989	C=2.5e-07	
Position 2514:	T=0.999989	G=2.5e-07	-=1e-05	A=2.5e-07	C=2.5e-07	
Position 2515:	T=2.5e-07	G=2.5e-07	-=1e-05	A=2.5e-07	C=0.999989	
Position 2516:	T=2.5e-07	G=2.5e-07	-=1e-05	A=0.999989	C=2.5e-07	
Position 2517:	T=2.5e-07	G=2.5e-07	-=1e-05	A=2.5e-07	C=0.999989	
Position 2518:	T=2.5e-07	G=2.5e-07	-=1e-05	A=0.999989	C=2.5e-07	
Position 2519:	T=2.5e-07	G=2.5e-07	-=1e-05	A=2.5e-07	C=0.999989	
Position 2520:	T=2.5e-07	G=2.5e-07	-=1e-05	A=2.5e-07	C=0.999989	
Position 2521:	T=0.999989	G=2.5e-07	-=1e-05	A=2.5e-07	C=2.5e-07	
Position 2522:	T=2.5e-07	G=2.5e-07	-=1e-05	A=2.5e-07	C=0.999989	
Position 2523:	T=0.999989	G=2.5e-07	-=1e-05	A=2.5e-07	C=2.5e-07	
Position 2524:	T=2.5e-07	G=2.5e-07	-=1e-05	A=2.5e-07	C=0.999989	
Position 2525:	T=2.5e-07	G=2.5e-07	-=1e-05	A=0.999989	C=2.5e-07	
Position 2526:	T=2.5e-07	G=2.5e-07	-=1e-05	A=2.5e-07	C=0.999989	
Position 2527:	T=2.5e-07	G=2.5e-07	-=1e-05	A=2.5e-07	C=0.999989	
Position 2528:	T=2.5e-07	G=0.999989	-=1e-05	A=2.5e-07	C=2.5e-07	
Position 2529:	T=2.5e-07	G=0.999989	-=1e-05	A=2.5e-07	C=2.5e-07	
Position 2530:	T=0.999989	G=2.5e-07	-=1e-05	A=2.5e-07	C=2.5e-07	
Position 2531:	T=2.5e-07	G=2.5e-07	-=1e-05	A=0.999989	C=2.5e-07	
Position 2532:	T=2.5e-07	G=0.999989	-=1e-05	A=2.5e-07	C=2.5e-07	
Position 2533:	T=2.5e-07	G=2.5e-07	-=1e-05	A=2.5e-07	C=0.999989	
Position 2534:	T=0.999989	G=2.5e-07	-=1e-05	A=2.5e-07	C=2.5e-07	
Position 2535:	T=0.999989	G=2.5e-07	-=1e-05	A=2.5e-07	C=2.5e-07	
Position 2536:	T=2.5e-07	G=2.5e-07	-=1e-05	A=0.999989	C=2.5e-07	
Position 2537:	T=0.999989	G=2.5e-07	-=1e-05	A=2.5e-07	C=2.5e-07	
Position 2538:	T=2.5e-07	G=2.5e-07	-=1e-05	A=0.999989	C=2.5e-07	
Position 2539:	T=2.5e-07	G=2.5e-07	-=1e-05	A=0.999989	C=2.5e-07	
Position 2540:	T=2.5e-07	G=2.5e-07	-=1e-05	A=2.5e-07	C=0.999989	
Position 2541:	T=2.5e-07	G=0.999989	-=1e-05	A=2.5e-07	C=2.5e-07	
Position 2542:	T=2.5e-07	G=2.5e-07	-=1e-05	A=2.5e-07	C=0.999989	
Position 2543:	T=0.2	G=0.2	C=0.2	-=0.2	A=0.2	
Position 2544:	T=0.999989	G=2.5e-07	-=1e-05	A=2.5e-07	C=2.5e-07	
Position 2545:	T=0.999989	G=2.5e-07	-=1e-05	A=2.5e-07	C=2.5e-07	
Position 2546:	T=2.5e-07	G=0.999989	-=1e-05	A=2.5e-07	C=2.5e-07	
Position 2547:	T=2.5e-07	G=0.999989	-=1e-05	A=2.5e-07	C=2.5e-07	
Position 2548:	T=0.999989	G=2.5e-07	-=1e-05	A=2.5e-07	C=2.5e-07	
Position 2549:	T=0.999989	G=2.5e-07	-=1e-05	A=2.5e-07	C=2.5e-07	
Position 2550:	T=2.5e-07	G=2.5e-07	-=1e-05	A=0.999989	C=2.5e-07	
Position 2551:	T=2.5e-07	G=0.999989	-=1e-05	A=2.5e-07	C=2.5e-07	
Position 2552:	T=2.5e-07	G=2.5e-07	-=1e-05	A=2.5e-07	C=0.999989	
Position 2553:	T=2.5e-07	G=2.5e-07	-=1e-05	A=2.5e-07	C=0.999989	
Position 2554:	T=2.5e-07	G=2.5e-07	-=1e-05	A=0.999989	C=2.5e-07	
Position 2555:	T=2.5e-07	G=2.5e-07	-=1e-05	A=2.5e-07	C=0.999989	
Position 2556:	T=2.5e-07	G=0.999989	-=1e-05	A=2.5e-07	C=2.5e-07	
Position 2557:	T=2.5e-07	G=2.5e-07	-=1e-05	A=2.5e-07	C=0.999989	
Position 2558:	T=2.5e-07	G=2.5e-07	-=1e-05	A=2.5e-07	C=0.999989	
Position 2559:	T=1.57739e-06	G=1.57739e-06	-=1e-05	A=1.57739e-06	C=0.999984	
Position 2560:	T=2.5e-07	G=2.5e-07	-=1e-05	A=2.5e-07	C=0.999989	
Position 2561:	T=2.5e-07	G=2.5e-07	-=1e-05	A=2.5e-07	C=0.999989	
Position 2562:	T=2.5e-07	G=2.5e-07	-=1e-05	A=0.999989	C=2.5e-07	
Position 2563:	T=2.5e-07	G=2.5e-07	-=1e-05	A=2.5e-07	C=0.999989	
Position 2564:	T=2.5e-07	G=0.999989	-=1e-05	A=2.5e-07	C=2.5e-07	
Position 2565:	T=2.5e-07	G=0.999989	-=1e-05	A=2.5e-07	C=2.5e-07	
Position 2566:	T=2.5e-07	G=0.999989	-=1e-05	A=2.5e-07	C=2.5e-07	
Position 2567:	T=2.5e-07	G=2.5e-07	-=1e-05	A=0.999989	C=2.5e-07	
Position 2568:	T=0.999989	G=2.5e-07	-=1e-05	A=2.5e-07	C=2.5e-07	
Position 2569:	T=0.999989	G=2.5e-07	-=1e-05	A=2.5e-07	C=2.5e-07	
Position 2570:	T=2.5e-07	G=2.5e-07	-=1e-05	A=2.5e-07	C=0.999989	
Position 2571:	T=2.5e-07	G=2.5e-07	-=1e-05	A=0.999989	C=2.5e-07	
Position 2572:	T=2.5e-07	G=0.999989	-=1e-05	A=2.5e-07	C=2.5e-07	
Position 2573:	T=0.2	G=0.2	C=0.2	-=0.2	A=0.2	
Position 2574:	T=2.5e-07	G=2.5e-07	-=1e-05	A=2.5e-07	C=0.999989	
Position 2575:	T=2.5e-07	G=0.999989	-=1e-05	A=2.5e-07	C=2.5e-07	
Position 2576:	T=0.999989	G=2.5e-07	-=1e-05	A=2.5e-07	C=2.5e-07	
Position 2577:	T=2.5e-07	G=0.999989	-=1e-05	A=2.5e-07	C=2.5e-07	
Position 2578:	T=2.5e-07	G=2.5e-07	-=1e-05	A=0.999989	C=2.5e-07	
Position 2579:	T=0.999989	G=2.5e-07	-=1e-05	A=2.5e-07	C=2.5e-07	
Position 2580:	T=2.5e-07	G=2.5e-07	-=1e-05	A=0.999989	C=2.5e-07	
Position 2581:	T=2.5e-07	G=2.5e-07	-=1e-05	A=0.999989	C=2.5e-07	
Position 2582:	T=2.5e-07	G=2.5e-07	-=1e-05	A=0.999989	C=2.5e-07	
Position 2583:	T=2.5e-07	G=2.5e-07	-=1e-05	A=0.999989	C=2.5e-07	
Position 2584:	T=2.5e-07	G=2.5e-07	-=1e-05	A=0.999989	C=2.5e-07	
Position 2585:	T=0.999989	G=2.5e-07	-=1e-05	A=2.5e-07	C=2.5e-07	
Position 2586:	T=0.999989	G=2.5e-07	-=1e-05	A=2.5e-07	C=2.5e-07	
Position 2587:	T=0.999989	G=3.14731e-07	-=1e-05	A=3.14731e-07	C=3.14731e-07	
Position 2588:	T=2.5e-07	G=2.5e-07	-=1e-05	A=0.999989	C=2.5e-07	
Position 2589:	T=2.5e-07	G=0.999989	-=1e-05	A=2.5e-07	C=2.5e-07	
Position 2590:	T=2.5e-07	G=2.5e-07	-=1e-05	A=2.5e-07	C=0.999989	
Position 2591:	T=2.5e-07	G=2.5e-07	-=1e-05	A=2.5e-07	C=0.999989	
Position 2592:	T=2.5e-07	G=2.5e-07	-=1e-05	A=0.999989	C=2.5e-07	
Position 2593:	T=0.999989	G=2.5e-07	-=1e-05	A=2.5e-07	C=2.5e-07	
Position 2594:	T=2.5e-07	G=0.999989	-=1e-05	A=2.5e-07	C=2.5e-07	
Position 2595:	T=2.5e-07	G=2.5e-07	-=1e-05	A=0.999989	C=2.5e-07	
Position 2596:	T=2.5e-07	G=2.5e-07	-=1e-05	A=0.999989	C=2.5e-07	
Position 2597:	T=2.5e-07	G=2.5e-07	-=1e-05	A=2.5e-07	C=0.999989	
Position 2598:	T=2.5e-07	G=0.999989	-=1e-05	A=2.5e-07	C=2.5e-07	
Position 2599:	T=2.5e-07	G=2.5e-07	-=1e-05	A=0.999989	C=2.5e-07	
Position 2600:	T=2.5e-07	G=2.5e-07	-=1e-05	A=0.999989	C=2.5e-07	
Position 2601:	T=2.5e-07	G=2.5e-07	-=1e-05	A=0.999989	C=2.5e-07	
Position 2602:	T=2.5e-07	G=0.999989	-=1e-05	A=2.5e-07	C=2.5e-07	
Position 2603:	T=0.999989	G=2.5e-07	-=1e-05	A=2.5e-07	C=2.5e-07	
Position 2604:	T=0.999989	G=2.5e-07	-=1e-05	A=2.5e-07	C=2.5e-07	
Position 2605:	T=2.5e-07	G=2.5e-07	-=1e-05	A=2.5e-07	C=0.999989	
Position 2606:	T=2.5e-07	G=0.999989	-=1e-05	A=2.5e-07	C=2.5e-07	
Position 2607:	T=2.5e-07	G=2.5e-07	-=1e-05	A=0.999989	C=2.5e-07	
Position 2608:	T=2.5e-07	G=2.5e-07	-=1e-05	A=0.999989	C=2.5e-07	
Position 2609:	T=0.999989	G=2.5e-07	-=1e-05	A=2.5e-07	C=2.5e-07	
Position 2610:	T=2.5e-07	G=2.5e-07	-=1e-05	A=0.999989	C=2.5e-07	
Position 2611:	T=2.5e-07	G=2.5e-07	-=1e-05	A=0.999989	C=2.5e-07	
Position 2612:	T=2.5e-07	G=0.999989	-=1e-05	A=2.5e-07	C=2.5e-07	
Position 2613:	T=2.5e-07	G=2.5e-07	-=1e-05	A=2.5e-07	C=0.999989	
Position 2614:	T=0.999989	G=2.5e-07	-=1e-05	A=2.5e-07	C=2.5e-07	
Position 2615:	T=2.5e-07	G=2.5e-07	-=1e-05	A=0.999989	C=2.5e-07	
Position 2616:	T=2.5e-07	G=0.999989	-=1e-05	A=2.5e-07	C=2.5e-07	
Position 2617:	T=3.14731e-07	G=0.999989	-=1e-05	A=3.14731e-07	C=3.14731e-07	
Position 2618:	T=2.5e-07	G=2.5e-07	-=1e-05	A=0.999989	C=2.5e-07	
Position 2619:	T=0.999989	G=2.5e-07	-=1e-05	A=2.5e-07	C=2.5e-07	
Position 2620:	T=2.5e-07	G=2.5e-07	-=1e-05	A=2.5e-07	C=0.999989	
Position 2621:	T=3.14731e-07	G=3.14731e-07	-=1e-05	A=0.999989	C=3.14731e-07	
Position 2622:	T=2.5e-07	G=2.5e-07	-=1e-05	A=0.999989	C=2.5e-07	
Position 2623:	T=0.2	G=0.2	C=0.2	-=0.2	A=0.2	
Position 2624:	T=2.5e-07	G=2.5e-07	-=1e-05	A=0.999989	C=2.5e-07	
Position 2625:	T=2.5e-07	G=2.5e-07	-=1e-05	A=2.5e-07	C=0.999989	
Position 2626:	T=0.999989	G=2.5e-07	-=1e-05	A=2.5e-07	C=2.5e-07	
Position 2627:	T=2.5e-07	G=0.999989	-=1e-05	A=2.5e-07	C=2.5e-07	
Position 2628:	T=2.5e-07	G=0.999989	-=1e-05	A=2.5e-07	C=2.5e-07	
Position 2629:	T=0.999989	G=2.5e-07	-=1e-05	A=2.5e-07	C=2.5e-07	
Position 2630:	T=0.999989	G=2.5e-07	-=1e-05	A=2.5e-07	C=2.5e-07	
Position 2631:	T=0.999989	G=2.5e-07	-=1e-05	A=2.5e-07	C=2.5e-07	
Position 2632:	T=2.5e-07	G=0.999989	-=1e-05	A=2.5e-07	C=2.5e-07	
Position 2633:	T=0.999989	G=2.5e-07	-=1e-05	A=2.5e-07	C=2.5e-07	
Position 2634:	T=0.999989	G=2.5e-07	-=1e-05	A=2.5e-07	C=2.5e-07	
Position 2635:	T=2.5e-07	G=2.5e-07	-=1e-05	A=0.999989	C=2.5e-07	
Position 2636:	T=2.5e-07	G=2.5e-07	-=1e-05	A=0.999989	C=2.5e-07	
Position 2637:	T=0.999989	G=2.5e-07	-=1e-05	A=2.5e-07	C=2.5e-07	
Position 2638:	T=0.999989	G=2.5e-07	-=1e-05	A=2.5e-07	C=2.5e-07	
Position 2639:	T=0.999989	G=2.5e-07	-=1e-05	A=2.5e-07	C=2.5e-07	
Position 2640:	T=2.5e-07	G=2.5e-07	-=1e-05	A=2.5e-07	C=0.999989	
Position 2641:	T=2.5e-07	G=0.999989	-=1e-05	A=2.5e-07	C=2.5e-07	
Position 2642:	T=0.999989	G=2.5e-07	-=1e-05	A=2.5e-07	C=2.5e-07	
Position 2643:	T=2.5e-07	G=0.999989	-=1e-05	A=2.5e-07	C=2.5e-07	
Position 2644:	T=2.5e-07	G=2.5e-07	-=1e-05	A=2.5e-07	C=0.999989	
Position 2645:	T=2.5e-07	G=2.5e-07	-=1e-05	A=2.5e-07	C=0.999989	
Position 2646:	T=2.5e-07	G=2.5e-07	-=1e-05	A=0.999989	C=2.5e-07	
Position 2647:	T=2.5e-07	G=0.999989	-=1e-05	A=2.5e-07	C=2.5e-07	
Position 2648:	T=2.5e-07	G=2.5e-07	-=1e-05	A=2.5e-07	C=0.999989	
Position 2649:	T=2.5e-07	G=2.5e-07	-=1e-05	A=2.5e-07	C=0.999989	
Position 2650:	T=2.5e-07	G=2.5e-07	-=1e-05	A=0.999989	C=2.5e-07	
Position 2651:	T=0.0396223	G=0.0396223	-=1e-05	A=0.0396223	C=0.841501	
Position 2652:	T=2.5e-07	G=2.5e-07	-=1e-05	A=2.5e-07	C=0.999989	
Position 2653:	T=2.5e-07	G=0.999989	-=1e-05	A=2.5e-07	C=2.5e-07	
Position 2654:	T=0.2	G=0.2	C=0.2	-=0.2	A=0.2	
Position 2655:	T=0.2	G=0.2	C=0.2	-=0.2	A=0.2	
Position 2656:	T=0.2	G=0.2	C=0.2	-=0.2	A=0.2	
Position 2657:	T=0.2	G=0.2	C=0.2	-=0.2	A=0.2	
Position 2658:	T=0.2	G=0.2	C=0.2	-=0.2	A=0.2	
Position 2659:	T=2.5e-07	G=2.5e-07	-=1e-05	A=0.999989	C=2.5e-07	
Position 2660:	T=0.999989	G=2.5e-07	-=1e-05	A=2.5e-07	C=2.5e-07	
Position 2661:	T=0.999989	G=2.5e-07	-=1e-05	A=2.5e-07	C=2.5e-07	
Position 2662:	T=2.5e-07	G=0.999989	-=1e-05	A=2.5e-07	C=2.5e-07	
Position 2663:	T=2.5e-07	G=2.5e-07	-=1e-05	A=0.999989	C=2.5e-07	
Position 2664:	T=2.5e-07	G=2.5e-07	-=1e-05	A=2.5e-07	C=0.999989	
Position 2665:	T=2.5e-07	G=2.5e-07	-=1e-05	A=2.5e-07	C=0.999989	
Position 2666:	T=2.5e-07	G=2.5e-07	-=1e-05	A=2.5e-07	C=0.999989	
Position 2667:	T=2.5e-07	G=0.999989	-=1e-05	A=2.5e-07	C=2.5e-07	
Position 2668:	T=2.5e-07	G=2.5e-07	-=1e-05	A=0.999989	C=2.5e-07	
Position 2669:	T=2.5e-07	G=2.5e-07	-=1e-05	A=2.5e-07	C=0.999989	
Position 2670:	T=0.999989	G=2.5e-07	-=1e-05	A=2.5e-07	C=2.5e-07	
Position 2671:	T=0.999989	G=2.5e-07	-=1e-05	A=2.5e-07	C=2.5e-07	
Position 2672:	T=2.5e-07	G=2.5e-07	-=1e-05	A=0.999989	C=2.5e-07	
Position 2673:	T=2.5e-07	G=2.5e-07	-=1e-05	A=0.999989	C=2.5e-07	
Position 2674:	T=0.999989	G=2.5e-07	-=1e-05	A=2.5e-07	C=2.5e-07	
Position 2675:	T=0.999989	G=2.5e-07	-=1e-05	A=2.5e-07	C=2.5e-07	
Position 2676:	T=2.5e-07	G=0.999989	-=1e-05	A=2.5e-07	C=2.5e-07	
Position 2677:	T=2.5e-07	G=0.999989	-=1e-05	A=2.5e-07	C=2.5e-07	
Position 2678:	T=2.5e-07	G=2.5e-07	-=1e-05	A=2.5e-07	C=0.999989	
Position 2679:	T=1.57739e-06	G=1.57739e-06	-=1e-05	A=1.57739e-06	C=0.999984	
Position 2680:	T=2.5e-07	G=2.5e-07	-=1e-05	A=2.5e-07	C=0.999989	
Position 2681:	T=2.5e-07	G=2.5e-07	-=1e-05	A=0.999989	C=2.5e-07	
Position 2682:	T=2.5e-07	G=2.5e-07	-=1e-05	A=2.5e-07	C=0.999989	
Position 2683:	T=2.5e-07	G=0.999989	-=1e-05	A=2.5e-07	C=2.5e-07	
Position 2684:	T=2.5e-07	G=0.999989	-=1e-05	A=2.5e-07	C=2.5e-07	
Position 2685:	T=2.5e-07	G=2.5e-07	-=1e-05	A=2.5e-07	C=0.999989	
Position 2686:	T=2.5e-07	G=0.999989	-=1e-05	A=2.5e-07	C=2.5e-07	
Position 2687:	T=0.999989	G=2.5e-07	-=1e-05	A=2.5e-07	C=2.5e-07	
Position 2688:	T=2.5e-07	G=2.5e-07	-=1e-05	A=0.999989	C=2.5e-07	
Position 2689:	T=2.5e-07	G=2.5e-07	-=1e-05	A=0.999989	C=2.5e-07	
Position 2690:	T=2.5e-07	G=2.5e-07	-=1e-05	A=0.999989	C=2.5e-07	
Position 2691:	T=2.5e-07	G=0.999989	-=1e-05	A=2.5e-07	C=2.5e-07	
Position 2692:	T=2.5e-07	G=2.5e-07	-=1e-05	A=2.5e-07	C=0.999989	
Position 2693:	T=2.5e-07	G=0.999989	-=1e-05	A=2.5e-07	C=2.5e-07	
Position 2694:	T=0.999989	G=2.5e-07	-=1e-05	A=2.5e-07	C=2.5e-07	
Position 2695:	T=2.5e-07	G=0.999989	-=1e-05	A=2.5e-07	C=2.5e-07	
Position 2696:	T=0.999989	G=2.5e-07	-=1e-05	A=2.5e-07	C=2.5e-07	
Position 2697:	T=2.5e-07	G=0.999989	-=1e-05	A=2.5e-07	C=2.5e-07	
Position 2698:	T=2.5e-07	G=2.5e-07	-=1e-05	A=0.999989	C=2.5e-07	
Position 2699:	T=2.5e-07	G=2.5e-07	-=1e-05	A=0.999989	C=2.5e-07	
Position 2700:	T=2.5e-07	G=2.5e-07	-=1e-05	A=0.999989	C=2.5e-07	
Position 2701:	T=2.5e-07	G=0.999989	-=1e-05	A=2.5e-07	C=2.5e-07	
Position 2702:	T=2.5e-07	G=2.5e-07	-=1e-05	A=0.999989	C=2.5e-07	
Position 2703:	T=2.5e-07	G=0.999989	-=1e-05	A=2.5e-07	C=2.5e-07	
Position 2704:	T=2.5e-07	G=2.5e-07	-=1e-05	A=0.999989	C=2.5e-07	
Position 2705:	T=2.5e-07	G=2.5e-07	-=1e-05	A=2.5e-07	C=0.999989	
Position 2706:	T=2.5e-07	G=2.5e-07	-=1e-05	A=0.999989	C=2.5e-07	
Position 2707:	T=2.5e-07	G=2.5e-07	-=1e-05	A=0.999989	C=2.5e-07	
Position 2708:	T=0.999989	G=2.5e-07	-=1e-05	A=2.5e-07	C=2.5e-07	
Position 2709:	T=0.999989	G=2.5e-07	-=1e-05	A=2.5e-07	C=2.5e-07	
Position 2710:	T=2.5e-07	G=0.999989	-=1e-05	A=2.5e-07	C=2.5e-07	
Position 2711:	T=2.5e-07	G=0.999989	-=1e-05	A=2.5e-07	C=2.5e-07	
Position 2712:	T=2.5e-07	G=0.999989	-=1e-05	A=2.5e-07	C=2.5e-07	
Position 2713:	T=2.5e-07	G=2.5e-07	-=1e-05	A=0.999989	C=2.5e-07	
Position 2714:	T=2.5e-07	G=2.5e-07	-=1e-05	A=0.999989	C=2.5e-07	
Position 2715:	T=0.999989	G=2.5e-07	-=1e-05	A=2.5e-07	C=2.5e-07	
Position 2716:	T=2.5e-07	G=2.5e-07	-=1e-05	A=0.999989	C=2.5e-07	
Position 2717:	T=2.5e-07	G=0.999989	-=1e-05	A=2.5e-07	C=2.5e-07	
Position 2718:	T=2.5e-07	G=2.5e-07	-=1e-05	A=0.999989	C=2.5e-07	
Position 2719:	T=0.999989	G=2.5e-07	-=1e-05	A=2.5e-07	C=2.5e-07	
Position 2720:	T=2.5e-07	G=2.5e-07	-=1e-05	A=0.999989	C=2.5e-07	
Position 2721:	T=2.5e-07	G=2.5e-07	-=1e-05	A=2.5e-07	C=0.999989	
Position 2722:	T=2.5e-07	G=2.5e-07	-=1e-05	A=2.5e-07	C=0.999989	
Position 2723:	T=2.5e-07	G=2.5e-07	-=1e-05	A=2.5e-07	C=0.999989	
Position 2724:	T=2.5e-07	G=2.5e-07	-=1e-05	A=2.5e-07	C=0.999989	
Position 2725:	T=2.5e-07	G=2.5e-07	-=1e-05	A=0.999989	C=2.5e-07	
Position 2726:	T=2.5e-07	G=2.5e-07	-=1e-05	A=2.5e-07	C=0.999989	
Position 2727:	T=0.999989	G=2.5e-07	-=1e-05	A=2.5e-07	C=2.5e-07	
Position 2728:	T=2.5e-07	G=2.5e-07	-=1e-05	A=0.999989	C=2.5e-07	
Position 2729:	T=0.999989	G=2.5e-07	-=1e-05	A=2.5e-07	C=2.5e-07	
Position 2730:	T=2.5e-07	G=0.999989	-=1e-05	A=2.5e-07	C=2.5e-07	
Position 2731:	T=2.5e-07	G=2.5e-07	-=1e-05	A=2.5e-07	C=0.999989	
Position 2732:	T=0.999989	G=2.5e-07	-=1e-05	A=2.5e-07	C=2.5e-07	
Position 2733:	T=0.999989	G=2.5e-07	-=1e-05	A=2.5e-07	C=2.5e-07	
Position 2734:	T=2.5e-07	G=2.5e-07	-=1e-05	A=2.5e-07	C=0.999989	
Position 2735:	T=2.5e-07	G=0.999989	-=1e-05	A=2.5e-07	C=2.5e-07	
Position 2736:	T=2.5e-07	G=2.5e-07	-=1e-05	A=2.5e-07	C=0.999989	
Position 2737:	T=2.5e-07	G=2.5e-07	-=1e-05	A=2.5e-07	C=0.999989	
Position 2738:	T=0.999989	G=2.5e-07	-=1e-05	A=2.5e-07	C=2.5e-07	
Position 2739:	T=0.999989	G=2.5e-07	-=1e-05	A=2.5e-07	C=2.5e-07	
Position 2740:	T=2.5e-07	G=2.5e-07	-=1e-05	A=0.999989	C=2.5e-07	
Position 2741:	T=2.5e-07	G=2.5e-07	-=1e-05	A=0.999989	C=2.5e-07	
Position 2742:	T=2.5e-07	G=2.5e-07	-=1e-05	A=0.999989	C=2.5e-07	
Position 2743:	T=2.5e-07	G=2.5e-07	-=1e-05	A=2.5e-07	C=0.999989	
Position 2744:	T=2.5e-07	G=2.5e-07	-=1e-05	A=0.999989	C=2.5e-07	
Position 2745:	T=0.999989	G=2.5e-07	-=1e-05	A=2.5e-07	C=2.5e-07	
Position 2746:	T=2.5e-07	G=2.5e-07	-=1e-05	A=0.999989	C=2.5e-07	
Position 2747:	T=2.5e-07	G=2.5e-07	-=1e-05	A=0.999989	C=2.5e-07	
Position 2748:	T=2.5e-07	G=2.5e-07	-=1e-05	A=0.999989	C=2.5e-07	
Position 2749:	T=0.999989	G=2.5e-07	-=1e-05	A=2.5e-07	C=2.5e-07	
Position 2750:	T=2.5e-07	G=2.5e-07	-=1e-05	A=0.999989	C=2.5e-07	
Position 2751:	T=2.5e-07	G=2.5e-07	-=1e-05	A=0.999989	C=2.5e-07	
Position 2752:	T=0.999989	G=2.5e-07	-=1e-05	A=2.5e-07	C=2.5e-07	
Position 2753:	T=0.999989	G=2.5e-07	-=1e-05	A=2.5e-07	C=2.5e-07	
Position 2754:	T=2.5e-07	G=2.5e-07	-=1e-05	A=2.5e-07	C=0.999989	
Position 2755:	T=2.5e-07	G=2.5e-07	-=1e-05	A=0.999989	C=2.5e-07	
Position 2756:	T=2.5e-07	G=2.5e-07	-=1e-05	A=0.999989	C=2.5e-07	
Position 2757:	T=0.999989	G=2.5e-07	-=1e-05	A=2.5e-07	C=2.5e-07	
Position 2758:	T=2.5e-07	G=2.5e-07	-=1e-05	A=0.999989	C=2.5e-07	
Position 2759:	T=2.5e-07	G=2.5e-07	-=1e-05	A=0.999989	C=2.5e-07	
Position 2760:	T=0.999989	G=2.5e-07	-=1e-05	A=2.5e-07	C=2.5e-07	
Position 2761:	T=3.14731e-07	G=3.14731e-07	-=1e-05	A=3.14731e-07	C=0.999989	
Position 2762:	T=2.5e-07	G=2.5e-07	-=1e-05	A=0.999989	C=2.5e-07	
Position 2763:	T=2.5e-07	G=2.5e-07	-=1e-05	A=0.999989	C=2.5e-07	
Position 2764:	T=0.999989	G=2.5e-07	-=1e-05	A=2.5e-07	C=2.5e-07	
Position 2765:	T=2.5e-07	G=2.5e-07	-=1e-05	A=2.5e-07	C=0.999989	
Position 2766:	T=0.999989	G=2.5e-07	-=1e-05	A=2.5e-07	C=2.5e-07	
Position 2767:	T=0.2	G=0.2	C=0.2	-=0.2	A=0.2	
Position 2768:	T=2.5e-07	G=2.5e-07	-=1e-05	A=2.5e-07	C=0.999989	
Position 2769:	T=2.5e-07	G=2.5e-07	-=1e-05	A=0.999989	C=2.5e-07	
Position 2770:	T=2.5e-07	G=2.5e-07	-=1e-05	A=0.999989	C=2.5e-07	
Position 2771:	T=2.5e-07	G=2.5e-07	-=1e-05	A=2.5e-07	C=0.999989	
Position 2772:	T=7.90569e-07	G=7.90569e-07	-=1e-05	A=0.999987	C=7.90569e-07	
Position 2773:	T=2.5e-07	G=0.999989	-=1e-05	A=2.5e-07	C=2.5e-07	
Position 2774:	T=2.5e-07	G=2.5e-07	-=1e-05	A=2.5e-07	C=0.999989	
Position 2775:	T=0.999989	G=2.5e-07	-=1e-05	A=2.5e-07	C=2.5e-07	
Position 2776:	T=0.999989	G=2.5e-07	-=1e-05	A=2.5e-07	C=2.5e-07	
Position 2777:	T=2.5e-07	G=2.5e-07	-=1e-05	A=0.999989	C=2.5e-07	
Position 2778:	T=2.5e-07	G=2.5e-07	-=1e-05	A=0.999989	C=2.5e-07	
Position 2779:	T=0.999989	G=2.5e-07	-=1e-05	A=2.5e-07	C=2.5e-07	
Position 2780:	T=2.5e-07	G=2.5e-07	-=1e-05	A=0.999989	C=2.5e-07	
Position 2781:	T=2.5e-07	G=2.5e-07	-=1e-05	A=2.5e-07	C=0.999989	
Position 2782:	T=2.5e-07	G=0.999989	-=1e-05	A=2.5e-07	C=2.5e-07	
Position 2783:	T=2.5e-07	G=2.5e-07	-=1e-05	A=2.5e-07	C=0.999989	
Position 2784:	T=2.5e-07	G=2.5e-07	-=1e-05	A=0.999989	C=2.5e-07	
Position 2785:	T=2.5e-07	G=2.5e-07	-=1e-05	A=0.999989	C=2.5e-07	
Position 2786:	T=2.5e-07	G=2.5e-07	-=1e-05	A=0.999989	C=2.5e-07	
Position 2787:	T=2.5e-07	G=0.999989	-=1e-05	A=2.5e-07	C=2.5e-07	
Position 2788:	T=2.5e-07	G=0.999989	-=1e-05	A=2.5e-07	C=2.5e-07	
Position 2789:	T=2.5e-07	G=2.5e-07	-=1e-05	A=0.999989	C=2.5e-07	
Position 2790:	T=2.5e-07	G=2.5e-07	-=1e-05	A=2.5e-07	C=0.999989	
Position 2791:	T=0.999989	G=2.5e-07	-=1e-05	A=2.5e-07	C=2.5e-07	
Position 2792:	T=0.999989	G=2.5e-07	-=1e-05	A=2.5e-07	C=2.5e-07	
Position 2793:	T=2.5e-07	G=0.999989	-=1e-05	A=2.5e-07	C=2.5e-07	
Position 2794:	T=2.5e-07	G=0.999989	-=1e-05	A=2.5e-07	C=2.5e-07	
Position 2795:	T=2.5e-07	G=2.5e-07	-=1e-05	A=2.5e-07	C=0.999989	
Position 2796:	T=2.5e-07	G=0.999989	-=1e-05	A=2.5e-07	C=2.5e-07	
Position 2797:	T=2.5e-07	G=0.999989	-=1e-05	A=2.5e-07	C=2.5e-07	
Position 2798:	T=0.999989	G=2.5e-07	-=1e-05	A=2.5e-07	C=2.5e-07	
Position 2799:	T=2.5e-07	G=0.999989	-=1e-05	A=2.5e-07	C=2.5e-07	
Position 2800:	T=2.5e-07	G=2.5e-07	-=1e-05	A=2.5e-07	C=0.999989	
Position 2801:	T=0.999989	G=2.5e-07	-=1e-05	A=2.5e-07	C=2.5e-07	
Position 2802:	T=0.999989	G=2.5e-07	-=1e-05	A=2.5e-07	C=2.5e-07	
Position 2803:	T=0.999989	G=2.5e-07	-=1e-05	A=2.5e-07	C=2.5e-07	
Position 2804:	T=2.5e-07	G=2.5e-07	-=1e-05	A=0.999989	C=2.5e-07	
Position 2805:	T=2.5e-07	G=2.5e-07	-=1e-05	A=0.999989	C=2.5e-07	
Position 2806:	T=2.5e-07	G=2.5e-07	-=1e-05	A=2.5e-07	C=0.999989	
Position 2807:	T=2.5e-07	G=2.5e-07	-=1e-05	A=2.5e-07	C=0.999989	
Position 2808:	T=2.5e-07	G=2.5e-07	-=1e-05	A=2.5e-07	C=0.999989	
Position 2809:	T=2.5e-07	G=2.5e-07	-=1e-05	A=2.5e-07	C=0.999989	
Position 2810:	T=0.999989	G=2.5e-07	-=1e-05	A=2.5e-07	C=2.5e-07	
Position 2811:	T=2.5e-07	G=2.5e-07	-=1e-05	A=2.5e-07	C=0.999989	
Position 2812:	T=2.5e-07	G=2.5e-07	-=1e-05	A=2.5e-07	C=0.999989	
Position 2813:	T=0.999989	G=2.5e-07	-=1e-05	A=2.5e-07	C=2.5e-07	
Position 2814:	T=2.5e-07	G=2.5e-07	-=1e-05	A=0.999989	C=2.5e-07	
Position 2815:	T=0.2	G=0.2	C=0.2	-=0.2	A=0.2	
Position 2816:	T=2.5e-07	G=2.5e-07	-=1e-05	A=0.999989	C=2.5e-07	
Position 2817:	T=2.5e-07	G=0.999989	-=1e-05	A=2.5e-07	C=2.5e-07	
Position 2818:	T=2.5e-07	G=0.999989	-=1e-05	A=2.5e-07	C=2.5e-07	
Position 2819:	T=2.5e-07	G=2.5e-07	-=1e-05	A=0.999989	C=2.5e-07	
Position 2820:	T=2.5e-07	G=0.999989	-=1e-05	A=2.5e-07	C=2.5e-07	
Position 2821:	T=2.5e-07	G=2.5e-07	-=1e-05	A=2.5e-07	C=0.999989	
Position 2822:	T=2.5e-07	G=2.5e-07	-=1e-05	A=2.5e-07	C=0.999989	
Position 2823:	T=0.999989	G=2.5e-07	-=1e-05	A=2.5e-07	C=2.5e-07	
Position 2824:	T=2.5e-07	G=0.999989	-=1e-05	A=2.5e-07	C=2.5e-07	
Position 2825:	T=0.999989	G=2.5e-07	-=1e-05	A=2.5e-07	C=2.5e-07	
Position 2826:	T=0.999989	G=2.5e-07	-=1e-05	A=2.5e-07	C=2.5e-07	
Position 2827:	T=2.5e-07	G=2.5e-07	-=1e-05	A=2.5e-07	C=0.999989	
Position 2828:	T=0.999989	G=2.5e-07	-=1e-05	A=2.5e-07	C=2.5e-07	
Position 2829:	T=2.5e-07	G=0.999989	-=1e-05	A=2.5e-07	C=2.5e-07	
Position 2830:	T=0.999989	G=2.5e-07	-=1e-05	A=2.5e-07	C=2.5e-07	
Position 2831:	T=2.5e-07	G=2.5e-07	-=1e-05	A=0.999989	C=2.5e-07	
Position 2832:	T=2.5e-07	G=2.5e-07	-=1e-05	A=0.999989	C=2.5e-07	
Position 2833:	T=0.999989	G=2.5e-07	-=1e-05	A=2.5e-07	C=2.5e-07	
Position 2834:	T=2.5e-07	G=2.5e-07	-=1e-05	A=2.5e-07	C=0.999989	
Position 2835:	T=2.5e-07	G=0.999989	-=1e-05	A=2.5e-07	C=2.5e-07	
Position 2836:	T=2.5e-07	G=2.5e-07	-=1e-05	A=0.999989	C=2.5e-07	
Position 2837:	T=0.999989	G=2.5e-07	-=1e-05	A=2.5e-07	C=2.5e-07	
Position 2838:	T=2.5e-07	G=2.5e-07	-=1e-05	A=0.999989	C=2.5e-07	
Position 2839:	T=2.5e-07	G=2.5e-07	-=1e-05	A=0.999989	C=2.5e-07	
Position 2840:	T=2.5e-07	G=2.5e-07	-=1e-05	A=0.999989	C=2.5e-07	
Position 2841:	T=2.5e-07	G=2.5e-07	-=1e-05	A=2.5e-07	C=0.999989	
Position 2842:	T=2.5e-07	G=2.5e-07	-=1e-05	A=0.999989	C=2.5e-07	
Position 2843:	T=2.5e-07	G=2.5e-07	-=1e-05	A=2.5e-07	C=0.999989	
Position 2844:	T=2.5e-07	G=2.5e-07	-=1e-05	A=2.5e-07	C=0.999989	
Position 2845:	T=2.5e-07	G=2.5e-07	-=1e-05	A=2.5e-07	C=0.999989	
Position 2846:	T=2.5e-07	G=2.5e-07	-=1e-05	A=0.999989	C=2.5e-07	
Position 2847:	T=2.5e-07	G=0.999989	-=1e-05	A=2.5e-07	C=2.5e-07	
Position 2848:	T=2.5e-07	G=2.5e-07	-=1e-05	A=0.999989	C=2.5e-07	
Position 2849:	T=2.5e-07	G=0.999989	-=1e-05	A=2.5e-07	C=2.5e-07	
Position 2850:	T=2.5e-07	G=2.5e-07	-=1e-05	A=0.999989	C=2.5e-07	
Position 2851:	T=2.5e-07	G=2.5e-07	-=1e-05	A=2.5e-07	C=0.999989	
Position 2852:	T=2.5e-07	G=2.5e-07	-=1e-05	A=2.5e-07	C=0.999989	
Position 2853:	T=0.999989	G=2.5e-07	-=1e-05	A=2.5e-07	C=2.5e-07	
Position 2854:	T=2.5e-07	G=2.5e-07	-=1e-05	A=2.5e-07	C=0.999989	
Position 2855:	T=2.5e-07	G=2.5e-07	-=1e-05	A=0.999989	C=2.5e-07	
Position 2856:	T=2.5e-07	G=2.5e-07	-=1e-05	A=2.5e-07	C=0.999989	
Position 2857:	T=2.5e-07	G=2.5e-07	-=1e-05	A=2.5e-07	C=0.999989	
Position 2858:	T=2.5e-07	G=2.5e-07	-=1e-05	A=0.999989	C=2.5e-07	
Position 2859:	T=2.5e-07	G=2.5e-07	-=1e-05	A=2.5e-07	C=0.999989	
Position 2860:	T=2.5e-07	G=2.5e-07	-=1e-05	A=2.5e-07	C=0.999989	
Position 2861:	T=0.999989	G=2.5e-07	-=1e-05	A=2.5e-07	C=2.5e-07	
Position 2862:	T=7.90569e-07	G=7.90569e-07	-=1e-05	A=7.90569e-07	C=0.999987	
Position 2863:	T=0.2	G=0.2	C=0.2	-=0.2	A=0.2	
Position 2864:	T=0.2	G=0.2	C=0.2	-=0.2	A=0.2	
Position 2865:	T=0.2	G=0.2	C=0.2	-=0.2	A=0.2	
Position 2866:	T=0.2	G=0.2	C=0.2	-=0.2	A=0.2	
Position 2867:	T=0.2	G=0.2	C=0.2	-=0.2	A=0.2	
Position 2868:	T=0.2	G=0.2	C=0.2	-=0.2	A=0.2	
Position 2869:	T=0.2	G=0.2	C=0.2	-=0.2	A=0.2	
Position 2870:	T=0.2	G=0.2	C=0.2	-=0.2	A=0.2	
Position 2871:	T=2.5e-07	G=2.5e-07	-=1e-05	A=0.999989	C=2.5e-07	
Position 2872:	T=2.5e-07	G=2.5e-07	-=1e-05	A=0.999989	C=2.5e-07	
Position 2873:	T=2.5e-07	G=0.999989	-=1e-05	A=2.5e-07	C=2.5e-07	
Position 2874:	T=2.5e-07	G=0.999989	-=1e-05	A=2.5e-07	C=2.5e-07	
Position 2875:	T=2.5e-07	G=2.5e-07	-=1e-05	A=0.999989	C=2.5e-07	
Position 2876:	T=2.5e-07	G=2.5e-07	-=1e-05	A=2.5e-07	C=0.999989	
Position 2877:	T=2.5e-07	G=2.5e-07	-=1e-05	A=2.5e-07	C=0.999989	
Position 2878:	T=2.5e-07	G=2.5e-07	-=1e-05	A=0.999989	C=2.5e-07	
Position 2879:	T=2.5e-07	G=2.5e-07	-=1e-05	A=0.999989	C=2.5e-07	
Position 2880:	T=3.14731e-06	G=0.999977	-=1e-05	A=3.14731e-06	C=3.14731e-06	
Position 2881:	T=2.5e-07	G=2.5e-07	-=1e-05	A=0.999989	C=2.5e-07	
Position 2882:	T=2.5e-07	G=0.999989	-=1e-05	A=2.5e-07	C=2.5e-07	
Position 2883:	T=0.999989	G=2.5e-07	-=1e-05	A=2.5e-07	C=2.5e-07	
Position 2884:	T=2.5e-07	G=2.5e-07	-=1e-05	A=0.999989	C=2.5e-07	
Position 2885:	T=2.5e-07	G=2.5e-07	-=1e-05	A=0.999989	C=2.5e-07	
Position 2886:	T=2.5e-07	G=0.999989	-=1e-05	A=2.5e-07	C=2.5e-07	
Position 2887:	T=2.5e-07	G=2.5e-07	-=1e-05	A=2.5e-07	C=0.999989	
Position 2888:	T=2.5e-07	G=2.5e-07	-=1e-05	A=0.999989	C=2.5e-07	
Position 2889:	T=2.5e-07	G=2.5e-07	-=1e-05	A=2.5e-07	C=0.999989	
Position 2890:	T=2.5e-07	G=2.5e-07	-=1e-05	A=0.999989	C=2.5e-07	
Position 2891:	T=2.5e-07	G=2.5e-07	-=1e-05	A=0.999989	C=2.5e-07	
Position 2892:	T=0.999977	G=3.14731e-06	-=1e-05	A=3.14731e-06	C=3.14731e-06	
Position 2893:	T=2.5e-07	G=2.5e-07	-=1e-05	A=2.5e-07	C=0.999989	
Position 2894:	T=3.14731e-07	G=3.14731e-07	-=1e-05	A=0.999989	C=3.14731e-07	
Position 2895:	T=0.999989	G=2.5e-07	-=1e-05	A=2.5e-07	C=2.5e-07	
Position 2896:	T=2.5e-07	G=2.5e-07	-=1e-05	A=2.5e-07	C=0.999989	
Position 2897:	T=2.5e-07	G=2.5e-07	-=1e-05	A=0.999989	C=2.5e-07	
Position 2898:	T=0.999989	G=2.5e-07	-=1e-05	A=2.5e-07	C=2.5e-07	
Position 2899:	T=2.5e-07	G=0.999989	-=1e-05	A=2.5e-07	C=2.5e-07	
Position 2900:	T=2.5e-07	G=2.5e-07	-=1e-05	A=2.5e-07	C=0.999989	
Position 2901:	T=2.5e-07	G=2.5e-07	-=1e-05	A=0.999989	C=2.5e-07	
Position 2902:	T=2.5e-07	G=2.5e-07	-=1e-05	A=0.999989	C=2.5e-07	
Position 2903:	T=2.5e-07	G=2.5e-07	-=1e-05	A=0.999989	C=2.5e-07	
Position 2904:	T=0.999989	G=2.5e-07	-=1e-05	A=2.5e-07	C=2.5e-07	
Position 2905:	T=2.5e-07	G=2.5e-07	-=1e-05	A=0.999989	C=2.5e-07	
Position 2906:	T=2.5e-07	G=2.5e-07	-=1e-05	A=0.999989	C=2.5e-07	
Position 2907:	T=2.5e-07	G=2.5e-07	-=1e-05	A=0.999989	C=2.5e-07	
Position 2908:	T=2.5e-07	G=2.5e-07	-=1e-05	A=0.999989	C=2.5e-07	
Position 2909:	T=2.5e-07	G=2.5e-07	-=1e-05	A=2.5e-07	C=0.999989	
Position 2910:	T=0.999989	G=2.5e-07	-=1e-05	A=2.5e-07	C=2.5e-07	
Position 2911:	T=0.999989	G=2.5e-07	-=1e-05	A=2.5e-07	C=2.5e-07	
Position 2912:	T=2.5e-07	G=2.5e-07	-=1e-05	A=0.999989	C=2.5e-07	
Position 2913:	T=2.5e-07	G=0.999989	-=1e-05	A=2.5e-07	C=2.5e-07	
Position 2914:	T=2.5e-07	G=0.999989	-=1e-05	A=2.5e-07	C=2.5e-07	
Position 2915:	T=0.999989	G=2.5e-07	-=1e-05	A=2.5e-07	C=2.5e-07	
Position 2916:	T=2.5e-07	G=2.5e-07	-=1e-05	A=2.5e-07	C=0.999989	
Position 2917:	T=2.5e-07	G=2.5e-07	-=1e-05	A=0.999989	C=2.5e-07	
Position 2918:	T=2.5e-07	G=2.5e-07	-=1e-05	A=0.999989	C=2.5e-07	
Position 2919:	T=2.5e-07	G=0.999989	-=1e-05	A=2.5e-07	C=2.5e-07	
Position 2920:	T=2.5e-07	G=2.5e-07	-=1e-05	A=2.5e-07	C=0.999989	
Position 2921:	T=0.999989	G=2.5e-07	-=1e-05	A=2.5e-07	C=2.5e-07	
Position 2922:	T=2.5e-07	G=2.5e-07	-=1e-05	A=0.999989	C=2.5e-07	
Position 2923:	T=0.999989	G=2.5e-07	-=1e-05	A=2.5e-07	C=2.5e-07	
Position 2924:	T=2.5e-07	G=2.5e-07	-=1e-05	A=0.999989	C=2.5e-07	
Position 2925:	T=2.5e-07	G=2.5e-07	-=1e-05	A=0.999989	C=2.5e-07	
Position 2926:	T=2.5e-07	G=0.999989	-=1e-05	A=2.5e-07	C=2.5e-07	
Position 2927:	T=2.5e-07	G=2.5e-07	-=1e-05	A=2.5e-07	C=0.999989	
Position 2928:	T=2.5e-07	G=2.5e-07	-=1e-05	A=2.5e-07	C=0.999989	
Position 2929:	T=2.5e-07	G=2.5e-07	-=1e-05	A=0.999989	C=2.5e-07	
Position 2930:	T=0.999196	G=0.000198582	-=1e-05	A=0.000198582	C=0.000198582	
Position 2931:	T=3.14731e-07	G=0.999989	-=1e-05	A=3.14731e-07	C=3.14731e-07	
Position 2932:	T=2.5e-07	G=0.999989	-=1e-05	A=2.5e-07	C=2.5e-07	
Position 2933:	T=2.5e-07	G=2.5e-07	-=1e-05	A=0.999989	C=2.5e-07	
Position 2934:	T=2.5e-07	G=0.999989	-=1e-05	A=2.5e-07	C=2.5e-07	
Position 2935:	T=0.999989	G=2.5e-07	-=1e-05	A=2.5e-07	C=2.5e-07	
Position 2936:	T=2.5e-07	G=2.5e-07	-=1e-05	A=2.5e-07	C=0.999989	
Position 2937:	T=2.5e-07	G=0.999989	-=1e-05	A=2.5e-07	C=2.5e-07	
Position 2938:	T=2.5e-07	G=0.999989	-=1e-05	A=2.5e-07	C=2.5e-07	
Position 2939:	T=2.5e-07	G=2.5e-07	-=1e-05	A=0.999989	C=2.5e-07	
Position 2940:	T=2.5e-07	G=2.5e-07	-=1e-05	A=2.5e-07	C=0.999989	
Position 2941:	T=2.5e-07	G=2.5e-07	-=1e-05	A=0.999989	C=2.5e-07	
Position 2942:	T=0.2	G=0.2	C=0.2	-=0.2	A=0.2	
Position 2943:	T=2.5e-07	G=0.999989	-=1e-05	A=2.5e-07	C=2.5e-07	
Position 2944:	T=2.5e-07	G=0.999989	-=1e-05	A=2.5e-07	C=2.5e-07	
Position 2945:	T=2.5e-07	G=0.999989	-=1e-05	A=2.5e-07	C=2.5e-07	
Position 2946:	T=2.5e-07	G=0.999989	-=1e-05	A=2.5e-07	C=2.5e-07	
Position 2947:	T=2.5e-07	G=0.999989	-=1e-05	A=2.5e-07	C=2.5e-07	
Position 2948:	T=0.999989	G=2.5e-07	-=1e-05	A=2.5e-07	C=2.5e-07	
Position 2949:	T=0.999989	G=2.5e-07	-=1e-05	A=2.5e-07	C=2.5e-07	
Position 2950:	T=0.999989	G=2.5e-07	-=1e-05	A=2.5e-07	C=2.5e-07	
Position 2951:	T=0.999989	G=2.5e-07	-=1e-05	A=2.5e-07	C=2.5e-07	
Position 2952:	T=2.5e-07	G=2.5e-07	-=1e-05	A=0.999989	C=2.5e-07	
Position 2953:	T=2.5e-07	G=0.999989	-=1e-05	A=2.5e-07	C=2.5e-07	
Position 2954:	T=2.5e-07	G=2.5e-07	-=1e-05	A=2.5e-07	C=0.999989	
Position 2955:	T=2.5e-07	G=2.5e-07	-=1e-05	A=0.999989	C=2.5e-07	
Position 2956:	T=2.5e-07	G=0.999989	-=1e-05	A=2.5e-07	C=2.5e-07	
Position 2957:	T=0.999989	G=2.5e-07	-=1e-05	A=2.5e-07	C=2.5e-07	
Position 2958:	T=2.5e-07	G=2.5e-07	-=1e-05	A=0.999989	C=2.5e-07	
Position 2959:	T=2.5e-07	G=2.5e-07	-=1e-05	A=0.999989	C=2.5e-07	
Position 2960:	T=2.5e-07	G=2.5e-07	-=1e-05	A=0.999989	C=2.5e-07	
Position 2961:	T=0.999989	G=2.5e-07	-=1e-05	A=2.5e-07	C=2.5e-07	
Position 2962:	T=2.5e-07	G=2.5e-07	-=1e-05	A=2.5e-07	C=0.999989	
Position 2963:	T=2.5e-07	G=2.5e-07	-=1e-05	A=0.999989	C=2.5e-07	
Position 2964:	T=2.5e-07	G=2.5e-07	-=1e-05	A=0.999989	C=2.5e-07	
Position 2965:	T=2.5e-07	G=0.999989	-=1e-05	A=2.5e-07	C=2.5e-07	
Position 2966:	T=2.5e-07	G=2.5e-07	-=1e-05	A=0.999989	C=2.5e-07	
Position 2967:	T=2.5e-07	G=2.5e-07	-=1e-05	A=0.999989	C=2.5e-07	
Position 2968:	T=0.999989	G=2.5e-07	-=1e-05	A=2.5e-07	C=2.5e-07	
Position 2969:	T=2.5e-07	G=2.5e-07	-=1e-05	A=0.999989	C=2.5e-07	
Position 2970:	T=3.14731e-06	G=0.999977	-=1e-05	A=3.14731e-06	C=3.14731e-06	
Position 2971:	T=2.5e-07	G=2.5e-07	-=1e-05	A=0.999989	C=2.5e-07	
Position 2972:	T=2.5e-07	G=0.999989	-=1e-05	A=2.5e-07	C=2.5e-07	
Position 2973:	T=2.5e-07	G=2.5e-07	-=1e-05	A=0.999989	C=2.5e-07	
Position 2974:	T=2.5e-07	G=0.999989	-=1e-05	A=2.5e-07	C=2.5e-07	
Position 2975:	T=2.5e-07	G=2.5e-07	-=1e-05	A=2.5e-07	C=0.999989	
Position 2976:	T=2.5e-07	G=0.999989	-=1e-05	A=2.5e-07	C=2.5e-07	
Position 2977:	T=0.999989	G=2.5e-07	-=1e-05	A=2.5e-07	C=2.5e-07	
Position 2978:	T=2.5e-07	G=0.999989	-=1e-05	A=2.5e-07	C=2.5e-07	
Position 2979:	T=2.5e-07	G=2.5e-07	-=1e-05	A=0.999989	C=2.5e-07	
Position 2980:	T=0.999989	G=2.5e-07	-=1e-05	A=2.5e-07	C=2.5e-07	
Position 2981:	T=0.999989	G=2.5e-07	-=1e-05	A=2.5e-07	C=2.5e-07	
Position 2982:	T=2.5e-07	G=0.999989	-=1e-05	A=2.5e-07	C=2.5e-07	
Position 2983:	T=2.5e-07	G=2.5e-07	-=1e-05	A=0.999989	C=2.5e-07	
Position 2984:	T=2.5e-07	G=2.5e-07	-=1e-05	A=0.999989	C=2.5e-07	
Position 2985:	T=0.999989	G=2.5e-07	-=1e-05	A=2.5e-07	C=2.5e-07	
Position 2986:	T=2.5e-07	G=2.5e-07	-=1e-05	A=0.999989	C=2.5e-07	
Position 2987:	T=2.5e-07	G=2.5e-07	-=1e-05	A=0.999989	C=2.5e-07	
Position 2988:	T=2.5e-07	G=0.999989	-=1e-05	A=2.5e-07	C=2.5e-07	
Position 2989:	T=3.14731e-07	G=0.999989	-=1e-05	A=3.14731e-07	C=3.14731e-07	
Position 2990:	T=2.5e-07	G=2.5e-07	-=1e-05	A=2.5e-07	C=0.999989	
Position 2991:	T=2.5e-07	G=2.5e-07	-=1e-05	A=0.999989	C=2.5e-07	
Position 2992:	T=2.5e-07	G=2.5e-07	-=1e-05	A=0.999989	C=2.5e-07	
Position 2993:	T=0.999989	G=2.5e-07	-=1e-05	A=2.5e-07	C=2.5e-07	
Position 2994:	T=2.5e-07	G=0.999989	-=1e-05	A=2.5e-07	C=2.5e-07	
Position 2995:	T=2.5e-07	G=2.5e-07	-=1e-05	A=0.999989	C=2.5e-07	
Position 2996:	T=2.5e-07	G=2.5e-07	-=1e-05	A=0.999989	C=2.5e-07	
Position 2997:	T=2.5e-07	G=2.5e-07	-=1e-05	A=0.999989	C=2.5e-07	
Position 2998:	T=2.5e-07	G=2.5e-07	-=1e-05	A=2.5e-07	C=0.999989	
Position 2999:	T=7.90569e-07	G=7.90569e-07	-=1e-05	A=0.999987	C=7.90569e-07	
Position 3000:	T=0.999989	G=2.5e-07	-=1e-05	A=2.5e-07	C=2.5e-07	
Position 3001:	T=2.5e-07	G=0.999989	-=1e-05	A=2.5e-07	C=2.5e-07	
Position 3002:	T=2.5e-07	G=2.5e-07	-=1e-05	A=2.5e-07	C=0.999989	
Position 3003:	T=2.5e-07	G=2.5e-07	-=1e-05	A=0.999989	C=2.5e-07	
Position 3004:	T=2.5e-07	G=2.5e-07	-=1e-05	A=2.5e-07	C=0.999989	
Position 3005:	T=2.5e-07	G=2.5e-07	-=1e-05	A=0.999989	C=2.5e-07	
Position 3006:	T=2.5e-07	G=2.5e-07	-=1e-05	A=2.5e-07	C=0.999989	
Position 3007:	T=2.5e-07	G=2.5e-07	-=1e-05	A=0.999989	C=2.5e-07	
Position 3008:	T=2.5e-07	G=2.5e-07	-=1e-05	A=2.5e-07	C=0.999989	
Position 3009:	T=2.5e-07	G=2.5e-07	-=1e-05	A=2.5e-07	C=0.999989	
Position 3010:	T=2.5e-07	G=2.5e-07	-=1e-05	A=2.5e-07	C=0.999989	
Position 3011:	T=2.5e-07	G=2.5e-07	-=1e-05	A=2.5e-07	C=0.999989	
Position 3012:	T=2.5e-07	G=2.5e-07	-=1e-05	A=2.5e-07	C=0.999989	
Position 3013:	T=2.5e-07	G=2.5e-07	-=1e-05	A=2.5e-07	C=0.999989	
Position 3014:	T=2.5e-07	G=0.999989	-=1e-05	A=2.5e-07	C=2.5e-07	
Position 3015:	T=0.999989	G=2.5e-07	-=1e-05	A=2.5e-07	C=2.5e-07	
Position 3016:	T=2.5e-07	G=2.5e-07	-=1e-05	A=2.5e-07	C=0.999989	
Position 3017:	T=2.5e-07	G=2.5e-07	-=1e-05	A=0.999989	C=2.5e-07	
Position 3018:	T=2.5e-07	G=2.5e-07	-=1e-05	A=2.5e-07	C=0.999989	
Position 3019:	T=2.5e-07	G=2.5e-07	-=1e-05	A=2.5e-07	C=0.999989	
Position 3020:	T=2.5e-07	G=2.5e-07	-=1e-05	A=2.5e-07	C=0.999989	
Position 3021:	T=0.999989	G=2.5e-07	-=1e-05	A=2.5e-07	C=2.5e-07	
Position 3022:	T=2.5e-07	G=2.5e-07	-=1e-05	A=2.5e-07	C=0.999989	
Position 3023:	T=2.5e-07	G=2.5e-07	-=1e-05	A=2.5e-07	C=0.999989	
Position 3024:	T=2.5e-07	G=0.999989	-=1e-05	A=2.5e-07	C=2.5e-07	
Position 3025:	T=2.5e-07	G=2.5e-07	-=1e-05	A=2.5e-07	C=0.999989	
Position 3026:	T=2.5e-07	G=2.5e-07	-=1e-05	A=0.999989	C=2.5e-07	
Position 3027:	T=2.5e-07	G=2.5e-07	-=1e-05	A=0.999989	C=2.5e-07	
Position 3028:	T=2.5e-07	G=0.999989	-=1e-05	A=2.5e-07	C=2.5e-07	
Position 3029:	T=0.999989	G=2.5e-07	-=1e-05	A=2.5e-07	C=2.5e-07	
Position 3030:	T=2.5e-07	G=0.999989	-=1e-05	A=2.5e-07	C=2.5e-07	
Position 3031:	T=2.5e-07	G=0.999989	-=1e-05	A=2.5e-07	C=2.5e-07	
Position 3032:	T=2.5e-07	G=2.5e-07	-=1e-05	A=2.5e-07	C=0.999989	
Position 3033:	T=2.5e-07	G=2.5e-07	-=1e-05	A=0.999989	C=2.5e-07	
Position 3034:	T=2.5e-07	G=2.5e-07	-=1e-05	A=2.5e-07	C=0.999989	
Position 3035:	T=2.5e-07	G=2.5e-07	-=1e-05	A=0.999989	C=2.5e-07	
Position 3036:	T=2.5e-07	G=2.5e-07	-=1e-05	A=0.999989	C=2.5e-07	
Position 3037:	T=2.5e-07	G=0.999989	-=1e-05	A=2.5e-07	C=2.5e-07	
Position 3038:	T=2.5e-07	G=2.5e-07	-=1e-05	A=2.5e-07	C=0.999989	
Position 3039:	T=2.5e-07	G=2.5e-07	-=1e-05	A=2.5e-07	C=0.999989	
Position 3040:	T=2.5e-07	G=2.5e-07	-=1e-05	A=0.999989	C=2.5e-07	
Position 3041:	T=2.5e-07	G=2.5e-07	-=1e-05	A=0.999989	C=2.5e-07	
Position 3042:	T=7.90569e-06	G=7.90569e-06	-=1e-05	A=0.999958	C=7.90569e-06	
Position 3043:	T=2.5e-07	G=2.5e-07	-=1e-05	A=2.5e-07	C=0.999989	
Position 3044:	T=2.5e-07	G=2.5e-07	-=1e-05	A=0.999989	C=2.5e-07	
Position 3045:	T=2.5e-07	G=2.5e-07	-=1e-05	A=2.5e-07	C=0.999989	
Position 3046:	T=2.5e-07	G=2.5e-07	-=1e-05	A=0.999989	C=2.5e-07	
Position 3047:	T=2.5e-07	G=2.5e-07	-=1e-05	A=0.999989	C=2.5e-07	
Position 3048:	T=2.5e-07	G=0.999989	-=1e-05	A=2.5e-07	C=2.5e-07	
Position 3049:	T=2.5e-07	G=2.5e-07	-=1e-05	A=2.5e-07	C=0.999989	
Position 3050:	T=0.999989	G=2.5e-07	-=1e-05	A=2.5e-07	C=2.5e-07	
Position 3051:	T=2.5e-07	G=2.5e-07	-=1e-05	A=0.999989	C=2.5e-07	
Position 3052:	T=0.999989	G=2.5e-07	-=1e-05	A=2.5e-07	C=2.5e-07	
Position 3053:	T=0.999989	G=2.5e-07	-=1e-05	A=2.5e-07	C=2.5e-07	
Position 3054:	T=2.5e-07	G=0.999989	-=1e-05	A=2.5e-07	C=2.5e-07	
Position 3055:	T=7.90569e-07	G=7.90569e-07	-=1e-05	A=0.999987	C=7.90569e-07	
Position 3056:	T=2.5e-07	G=2.5e-07	-=1e-05	A=0.999989	C=2.5e-07	
Position 3057:	T=0.999989	G=2.5e-07	-=1e-05	A=2.5e-07	C=2.5e-07	
Position 3058:	T=2.5e-07	G=2.5e-07	-=1e-05	A=2.5e-07	C=0.999989	
Position 3059:	T=2.5e-07	G=2.5e-07	-=1e-05	A=2.5e-07	C=0.999989	
Position 3060:	T=2.5e-07	G=2.5e-07	-=1e-05	A=0.999989	C=2.5e-07	
Position 3061:	T=2.5e-07	G=2.5e-07	-=1e-05	A=0.999989	C=2.5e-07	
Position 3062:	T=2.5e-07	G=2.5e-07	-=1e-05	A=0.999989	C=2.5e-07	
Position 3063:	T=0.999989	G=2.5e-07	-=1e-05	A=2.5e-07	C=2.5e-07	
Position 3064:	T=2.5e-07	G=2.5e-07	-=1e-05	A=0.999989	C=2.5e-07	
Position 3065:	T=2.5e-07	G=2.5e-07	-=1e-05	A=0.999989	C=2.5e-07	
Position 3066:	T=2.5e-07	G=2.5e-07	-=1e-05	A=0.999989	C=2.5e-07	
Position 3067:	T=2.5e-07	G=2.5e-07	-=1e-05	A=0.999989	C=2.5e-07	
Position 3068:	T=2.5e-07	G=2.5e-07	-=1e-05	A=2.5e-07	C=0.999989	
Position 3069:	T=0.999989	G=2.5e-07	-=1e-05	A=2.5e-07	C=2.5e-07	
Position 3070:	T=2.5e-07	G=2.5e-07	-=1e-05	A=2.5e-07	C=0.999989	
Position 3071:	T=2.5e-07	G=2.5e-07	-=1e-05	A=0.999989	C=2.5e-07	
Position 3072:	T=2.5e-07	G=2.5e-07	-=1e-05	A=0.999989	C=2.5e-07	
Position 3073:	T=2.5e-07	G=0.999989	-=1e-05	A=2.5e-07	C=2.5e-07	
Position 3074:	T=2.5e-07	G=2.5e-07	-=1e-05	A=0.999989	C=2.5e-07	
Position 3075:	T=2.5e-07	G=2.5e-07	-=1e-05	A=2.5e-07	C=0.999989	
Position 3076:	T=2.5e-07	G=0.999989	-=1e-05	A=2.5e-07	C=2.5e-07	
Position 3077:	T=2.5e-07	G=2.5e-07	-=1e-05	A=0.999989	C=2.5e-07	
Position 3078:	T=2.5e-07	G=0.999989	-=1e-05	A=2.5e-07	C=2.5e-07	
Position 3079:	T=2.5e-07	G=0.999989	-=1e-05	A=2.5e-07	C=2.5e-07	
Position 3080:	T=0.2	G=0.2	C=0.2	-=0.2	A=0.2	
Position 3081:	T=2.5e-07	G=2.5e-07	-=1e-05	A=0.999989	C=2.5e-07	
Position 3082:	T=2.5e-07	G=2.5e-07	-=1e-05	A=0.999989	C=2.5e-07	
Position 3083:	T=2.5e-07	G=2.5e-07	-=1e-05	A=0.999989	C=2.5e-07	
Position 3084:	T=2.5e-07	G=2.5e-07	-=1e-05	A=2.5e-07	C=0.999989	
Position 3085:	T=2.5e-07	G=0.999989	-=1e-05	A=2.5e-07	C=2.5e-07	
Position 3086:	T=2.5e-07	G=0.999989	-=1e-05	A=2.5e-07	C=2.5e-07	
Position 3087:	T=2.5e-07	G=0.999989	-=1e-05	A=2.5e-07	C=2.5e-07	
Position 3088:	T=2.5e-07	G=2.5e-07	-=1e-05	A=0.999989	C=2.5e-07	
Position 3089:	T=2.5e-07	G=2.5e-07	-=1e-05	A=2.5e-07	C=0.999989	
Position 3090:	T=2.5e-07	G=2.5e-07	-=1e-05	A=2.5e-07	C=0.999989	
Position 3091:	T=2.5e-07	G=2.5e-07	-=1e-05	A=0.999989	C=2.5e-07	
Position 3092:	T=2.5e-07	G=2.5e-07	-=1e-05	A=0.999989	C=2.5e-07	
Position 3093:	T=2.5e-07	G=0.999989	-=1e-05	A=2.5e-07	C=2.5e-07	
Position 3094:	T=2.5e-07	G=0.999989	-=1e-05	A=2.5e-07	C=2.5e-07	
Position 3095:	T=0.999984	G=1.57739e-06	-=1e-05	A=1.57739e-06	C=1.57739e-06	
Position 3096:	T=2.5e-07	G=2.5e-07	-=1e-05	A=0.999989	C=2.5e-07	
Position 3097:	T=2.5e-07	G=2.5e-07	-=1e-05	A=0.999989	C=2.5e-07	
Position 3098:	T=2.5e-07	G=0.999989	-=1e-05	A=2.5e-07	C=2.5e-07	
Position 3099:	T=2.5e-07	G=2.5e-07	-=1e-05	A=2.5e-07	C=0.999989	
Position 3100:	T=1.57739e-06	G=1.57739e-06	-=1e-05	A=0.999984	C=1.57739e-06	
Position 3101:	T=0.999989	G=2.5e-07	-=1e-05	A=2.5e-07	C=2.5e-07	
Position 3102:	T=2.5e-07	G=2.5e-07	-=1e-05	A=0.999989	C=2.5e-07	
Position 3103:	T=2.5e-07	G=2.5e-07	-=1e-05	A=2.5e-07	C=0.999989	
Position 3104:	T=0.999989	G=2.5e-07	-=1e-05	A=2.5e-07	C=2.5e-07	
Position 3105:	T=2.5e-07	G=0.999989	-=1e-05	A=2.5e-07	C=2.5e-07	
Position 3106:	T=2.5e-07	G=0.999989	-=1e-05	A=2.5e-07	C=2.5e-07	
Position 3107:	T=2.5e-07	G=2.5e-07	-=1e-05	A=0.999989	C=2.5e-07	
Position 3108:	T=2.5e-07	G=2.5e-07	-=1e-05	A=0.999989	C=2.5e-07	
Position 3109:	T=2.5e-07	G=2.5e-07	-=1e-05	A=0.999989	C=2.5e-07	
Position 3110:	T=2.5e-07	G=0.999989	-=1e-05	A=2.5e-07	C=2.5e-07	
Position 3111:	T=0.999989	G=2.5e-07	-=1e-05	A=2.5e-07	C=2.5e-07	
Position 3112:	T=2.5e-07	G=0.999989	-=1e-05	A=2.5e-07	C=2.5e-07	
Position 3113:	T=0.999989	G=2.5e-07	-=1e-05	A=2.5e-07	C=2.5e-07	
Position 3114:	T=2.5e-07	G=0.999989	-=1e-05	A=2.5e-07	C=2.5e-07	
Position 3115:	T=2.5e-07	G=2.5e-07	-=1e-05	A=2.5e-07	C=0.999989	
Position 3116:	T=0.999989	G=2.5e-07	-=1e-05	A=2.5e-07	C=2.5e-07	
Position 3117:	T=0.999989	G=2.5e-07	-=1e-05	A=2.5e-07	C=2.5e-07	
Position 3118:	T=2.5e-07	G=0.999989	-=1e-05	A=2.5e-07	C=2.5e-07	
Position 3119:	T=2.5e-07	G=0.999989	-=1e-05	A=2.5e-07	C=2.5e-07	
Position 3120:	T=2.5e-07	G=2.5e-07	-=1e-05	A=0.999989	C=2.5e-07	
Position 3121:	T=0.999989	G=2.5e-07	-=1e-05	A=2.5e-07	C=2.5e-07	
Position 3122:	T=2.5e-07	G=0.999989	-=1e-05	A=2.5e-07	C=2.5e-07	
Position 3123:	T=3.14731e-07	G=0.999989	-=1e-05	A=3.14731e-07	C=3.14731e-07	
Position 3124:	T=0.999989	G=2.5e-07	-=1e-05	A=2.5e-07	C=2.5e-07	
Position 3125:	T=0.999989	G=2.5e-07	-=1e-05	A=2.5e-07	C=2.5e-07	
Position 3126:	T=2.5e-07	G=0.999989	-=1e-05	A=2.5e-07	C=2.5e-07	
Position 3127:	T=2.5e-07	G=2.5e-07	-=1e-05	A=0.999989	C=2.5e-07	
Position 3128:	T=2.5e-07	G=2.5e-07	-=1e-05	A=0.999989	C=2.5e-07	
Position 3129:	T=2.5e-07	G=2.5e-07	-=1e-05	A=2.5e-07	C=0.999989	
Position 3130:	T=2.5e-07	G=0.999989	-=1e-05	A=2.5e-07	C=2.5e-07	
Position 3131:	T=0.999989	G=2.5e-07	-=1e-05	A=2.5e-07	C=2.5e-07	
Position 3132:	T=3.14731e-07	G=0.999989	-=1e-05	A=3.14731e-07	C=3.14731e-07	
Position 3133:	T=2.5e-07	G=2.5e-07	-=1e-05	A=0.999989	C=2.5e-07	
Position 3134:	T=2.5e-07	G=2.5e-07	-=1e-05	A=2.5e-07	C=0.999989	
Position 3135:	T=2.5e-07	G=0.999989	-=1e-05	A=2.5e-07	C=2.5e-07	
Position 3136:	T=2.5e-07	G=2.5e-07	-=1e-05	A=2.5e-07	C=0.999989	
Position 3137:	T=0.999989	G=2.5e-07	-=1e-05	A=2.5e-07	C=2.5e-07	
Position 3138:	T=0.999989	G=2.5e-07	-=1e-05	A=2.5e-07	C=2.5e-07	
Position 3139:	T=2.5e-07	G=2.5e-07	-=1e-05	A=0.999989	C=2.5e-07	
Position 3140:	T=2.5e-07	G=2.5e-07	-=1e-05	A=0.999989	C=2.5e-07	
Position 3141:	T=2.5e-07	G=2.5e-07	-=1e-05	A=0.999989	C=2.5e-07	
Position 3142:	T=2.5e-07	G=0.999989	-=1e-05	A=2.5e-07	C=2.5e-07	
Position 3143:	T=0.999989	G=2.5e-07	-=1e-05	A=2.5e-07	C=2.5e-07	
Position 3144:	T=2.5e-07	G=2.5e-07	-=1e-05	A=2.5e-07	C=0.999989	
Position 3145:	T=2.5e-07	G=2.5e-07	-=1e-05	A=0.999989	C=2.5e-07	
Position 3146:	T=2.5e-07	G=0.999989	-=1e-05	A=2.5e-07	C=2.5e-07	
Position 3147:	T=2.5e-07	G=2.5e-07	-=1e-05	A=2.5e-07	C=0.999989	
Position 3148:	T=2.5e-07	G=2.5e-07	-=1e-05	A=0.999989	C=2.5e-07	
Position 3149:	T=0.999989	G=2.5e-07	-=1e-05	A=2.5e-07	C=2.5e-07	
Position 3150:	T=2.5e-07	G=2.5e-07	-=1e-05	A=2.5e-07	C=0.999989	
Position 3151:	T=2.5e-07	G=0.999989	-=1e-05	A=2.5e-07	C=2.5e-07	
Position 3152:	T=2.5e-07	G=2.5e-07	-=1e-05	A=0.999989	C=2.5e-07	
Position 3153:	T=2.5e-07	G=0.999989	-=1e-05	A=2.5e-07	C=2.5e-07	
Position 3154:	T=2.5e-07	G=2.5e-07	-=1e-05	A=2.5e-07	C=0.999989	
Position 3155:	T=0.999989	G=2.5e-07	-=1e-05	A=2.5e-07	C=2.5e-07	
Position 3156:	T=0.999989	G=2.5e-07	-=1e-05	A=2.5e-07	C=2.5e-07	
Position 3157:	T=2.5e-07	G=2.5e-07	-=1e-05	A=0.999989	C=2.5e-07	
Position 3158:	T=2.5e-07	G=2.5e-07	-=1e-05	A=2.5e-07	C=0.999989	
Position 3159:	T=1.57739e-06	G=1.57739e-06	-=1e-05	A=0.999984	C=1.57739e-06	
Position 3160:	T=2.5e-07	G=2.5e-07	-=1e-05	A=2.5e-07	C=0.999989	
Position 3161:	T=2.5e-07	G=2.5e-07	-=1e-05	A=2.5e-07	C=0.999989	
Position 3162:	T=2.5e-07	G=2.5e-07	-=1e-05	A=2.5e-07	C=0.999989	
Position 3163:	T=2.5e-07	G=2.5e-07	-=1e-05	A=0.999989	C=2.5e-07	
Position 3164:	T=0.999989	G=2.5e-07	-=1e-05	A=2.5e-07	C=2.5e-07	
Position 3165:	T=2.5e-07	G=2.5e-07	-=1e-05	A=0.999989	C=2.5e-07	
Position 3166:	T=0.999989	G=2.5e-07	-=1e-05	A=2.5e-07	C=2.5e-07	
Position 3167:	T=2.5e-07	G=0.999989	-=1e-05	A=2.5e-07	C=2.5e-07	
Position 3168:	T=2.5e-07	G=2.5e-07	-=1e-05	A=0.999989	C=2.5e-07	
Position 3169:	T=0.999989	G=2.5e-07	-=1e-05	A=2.5e-07	C=2.5e-07	
Position 3170:	T=0.999989	G=2.5e-07	-=1e-05	A=2.5e-07	C=2.5e-07	
Position 3171:	T=0.999989	G=2.5e-07	-=1e-05	A=2.5e-07	C=2.5e-07	
Position 3172:	T=2.5e-07	G=2.5e-07	-=1e-05	A=2.5e-07	C=0.999989	
Position 3173:	T=2.5e-07	G=2.5e-07	-=1e-05	A=0.999989	C=2.5e-07	
Position 3174:	T=2.5e-07	G=2.5e-07	-=1e-05	A=2.5e-07	C=0.999989	
Position 3175:	T=2.5e-07	G=0.999989	-=1e-05	A=2.5e-07	C=2.5e-07	
Position 3176:	T=0.999989	G=2.5e-07	-=1e-05	A=2.5e-07	C=2.5e-07	
Position 3177:	T=2.5e-07	G=2.5e-07	-=1e-05	A=0.999989	C=2.5e-07	
Position 3178:	T=0.999989	G=2.5e-07	-=1e-05	A=2.5e-07	C=2.5e-07	
Position 3179:	T=2.5e-07	G=0.999989	-=1e-05	A=2.5e-07	C=2.5e-07	
Position 3180:	T=0.999989	G=2.5e-07	-=1e-05	A=2.5e-07	C=2.5e-07	
Position 3181:	T=2.5e-07	G=0.999989	-=1e-05	A=2.5e-07	C=2.5e-07	
Position 3182:	T=2.5e-07	G=2.5e-07	-=1e-05	A=0.999989	C=2.5e-07	
Position 3183:	T=2.5e-07	G=2.5e-07	-=1e-05	A=2.5e-07	C=0.999989	
Position 3184:	T=2.5e-07	G=2.5e-07	-=1e-05	A=2.5e-07	C=0.999989	
Position 3185:	T=2.5e-07	G=0.999989	-=1e-05	A=2.5e-07	C=2.5e-07	
Position 3186:	T=2.5e-07	G=2.5e-07	-=1e-05	A=2.5e-07	C=0.999989	
Position 3187:	T=0.999989	G=2.5e-07	-=1e-05	A=2.5e-07	C=2.5e-07	
Position 3188:	T=0.999989	G=2.5e-07	-=1e-05	A=2.5e-07	C=2.5e-07	
Position 3189:	T=0.999989	G=2.5e-07	-=1e-05	A=2.5e-07	C=2.5e-07	
Position 3190:	T=2.5e-07	G=0.999989	-=1e-05	A=2.5e-07	C=2.5e-07	
Position 3191:	T=2.5e-07	G=2.5e-07	-=1e-05	A=0.999989	C=2.5e-07	
Position 3192:	T=2.5e-07	G=2.5e-07	-=1e-05	A=0.999989	C=2.5e-07	
Position 3193:	T=2.5e-07	G=2.5e-07	-=1e-05	A=2.5e-07	C=0.999989	
Position 3194:	T=2.5e-07	G=2.5e-07	-=1e-05	A=2.5e-07	C=0.999989	
Position 3195:	T=2.5e-07	G=2.5e-07	-=1e-05	A=2.5e-07	C=0.999989	
Position 3196:	T=2.5e-07	G=2.5e-07	-=1e-05	A=0.999989	C=2.5e-07	
Position 3197:	T=3.14731e-07	G=0.999989	-=1e-05	A=3.14731e-07	C=3.14731e-07	
Position 3198:	T=2.5e-07	G=2.5e-07	-=1e-05	A=0.999989	C=2.5e-07	
Position 3199:	T=2.5e-07	G=0.999989	-=1e-05	A=2.5e-07	C=2.5e-07	
Position 3200:	T=2.5e-07	G=2.5e-07	-=1e-05	A=2.5e-07	C=0.999989	
Position 3201:	T=0.999989	G=2.5e-07	-=1e-05	A=2.5e-07	C=2.5e-07	
Position 3202:	T=0.2	G=0.2	C=0.2	-=0.2	A=0.2	
Position 3203:	T=0.2	G=0.2	C=0.2	-=0.2	A=0.2	
Position 3204:	T=0.2	G=0.2	C=0.2	-=0.2	A=0.2	
Position 3205:	T=0.2	G=0.2	C=0.2	-=0.2	A=0.2	
Position 3206:	T=0.2	G=0.2	C=0.2	-=0.2	A=0.2	
Position 3207:	T=0.2	G=0.2	C=0.2	-=0.2	A=0.2	
Position 3208:	T=2.5e-07	G=0.999989	-=1e-05	A=2.5e-07	C=2.5e-07	
Position 3209:	T=2.5e-07	G=0.999989	-=1e-05	A=2.5e-07	C=2.5e-07	
Position 3210:	T=0.999989	G=2.5e-07	-=1e-05	A=2.5e-07	C=2.5e-07	
Position 3211:	T=0.999989	G=2.5e-07	-=1e-05	A=2.5e-07	C=2.5e-07	
Position 3212:	T=2.5e-07	G=2.5e-07	-=1e-05	A=2.5e-07	C=0.999989	
Position 3213:	T=2.5e-07	G=2.5e-07	-=1e-05	A=2.5e-07	C=0.999989	
Position 3214:	T=2.5e-07	G=2.5e-07	-=1e-05	A=2.5e-07	C=0.999989	
Position 3215:	T=2.5e-07	G=2.5e-07	-=1e-05	A=2.5e-07	C=0.999989	
Position 3216:	T=2.5e-07	G=0.999989	-=1e-05	A=2.5e-07	C=2.5e-07	
Position 3217:	T=0.999989	G=2.5e-07	-=1e-05	A=2.5e-07	C=2.5e-07	
Position 3218:	T=2.5e-07	G=2.5e-07	-=1e-05	A=0.999989	C=2.5e-07	
Position 3219:	T=2.5e-07	G=2.5e-07	-=1e-05	A=0.999989	C=2.5e-07	
Position 3220:	T=2.5e-07	G=2.5e-07	-=1e-05	A=2.5e-07	C=0.999989	
Position 3221:	T=2.5e-07	G=2.5e-07	-=1e-05	A=0.999989	C=2.5e-07	
Position 3222:	T=2.5e-07	G=2.5e-07	-=1e-05	A=0.999989	C=2.5e-07	
Position 3223:	T=2.5e-07	G=0.999989	-=1e-05	A=2.5e-07	C=2.5e-07	
Position 3224:	T=2.5e-07	G=2.5e-07	-=1e-05	A=0.999989	C=2.5e-07	
Position 3225:	T=2.5e-07	G=2.5e-07	-=1e-05	A=2.5e-07	C=0.999989	
Position 3226:	T=2.5e-07	G=0.999989	-=1e-05	A=2.5e-07	C=2.5e-07	
Position 3227:	T=2.5e-07	G=2.5e-07	-=1e-05	A=0.999989	C=2.5e-07	
Position 3228:	T=2.5e-07	G=0.999989	-=1e-05	A=2.5e-07	C=2.5e-07	
Position 3229:	T=2.5e-07	G=2.5e-07	-=1e-05	A=2.5e-07	C=0.999989	
Position 3230:	T=0.999989	G=2.5e-07	-=1e-05	A=2.5e-07	C=2.5e-07	
Position 3231:	T=2.5e-07	G=2.5e-07	-=1e-05	A=0.999989	C=2.5e-07	
Position 3232:	T=2.5e-07	G=0.999989	-=1e-05	A=2.5e-07	C=2.5e-07	
Position 3233:	T=2.5e-07	G=2.5e-07	-=1e-05	A=2.5e-07	C=0.999989	
Position 3234:	T=0.999989	G=2.5e-07	-=1e-05	A=2.5e-07	C=2.5e-07	
Position 3235:	T=2.5e-07	G=2.5e-07	-=1e-05	A=0.999989	C=2.5e-07	
Position 3236:	T=0.999989	G=2.5e-07	-=1e-05	A=2.5e-07	C=2.5e-07	
Position 3237:	T=2.5e-07	G=0.999989	-=1e-05	A=2.5e-07	C=2.5e-07	
Position 3238:	T=2.5e-07	G=2.5e-07	-=1e-05	A=0.999989	C=2.5e-07	
Position 3239:	T=2.5e-07	G=2.5e-07	-=1e-05	A=0.999989	C=2.5e-07	
Position 3240:	T=2.5e-07	G=2.5e-07	-=1e-05	A=2.5e-07	C=0.999989	
Position 3241:	T=2.5e-07	G=2.5e-07	-=1e-05	A=0.999989	C=2.5e-07	
Position 3242:	T=2.5e-07	G=2.5e-07	-=1e-05	A=0.999989	C=2.5e-07	
Position 3243:	T=0.999989	G=2.5e-07	-=1e-05	A=2.5e-07	C=2.5e-07	
Position 3244:	T=2.5e-07	G=2.5e-07	-=1e-05	A=2.5e-07	C=0.999989	
Position 3245:	T=2.5e-07	G=2.5e-07	-=1e-05	A=2.5e-07	C=0.999989	
Position 3246:	T=0.999989	G=2.5e-07	-=1e-05	A=2.5e-07	C=2.5e-07	
Position 3247:	T=2.5e-07	G=2.5e-07	-=1e-05	A=2.5e-07	C=0.999989	
Position 3248:	T=2.5e-07	G=2.5e-07	-=1e-05	A=0.999989	C=2.5e-07	
Position 3249:	T=2.5e-07	G=0.999989	-=1e-05	A=2.5e-07	C=2.5e-07	
Position 3250:	T=2.5e-07	G=0.999989	-=1e-05	A=2.5e-07	C=2.5e-07	
Position 3251:	T=2.5e-07	G=0.999989	-=1e-05	A=2.5e-07	C=2.5e-07	
Position 3252:	T=2.5e-07	G=2.5e-07	-=1e-05	A=0.999989	C=2.5e-07	
Position 3253:	T=0.999989	G=2.5e-07	-=1e-05	A=2.5e-07	C=2.5e-07	
Position 3254:	T=2.5e-07	G=0.999989	-=1e-05	A=2.5e-07	C=2.5e-07	
Position 3255:	T=2.5e-07	G=2.5e-07	-=1e-05	A=0.999989	C=2.5e-07	
Position 3256:	T=2.5e-07	G=2.5e-07	-=1e-05	A=0.999989	C=2.5e-07	
Position 3257:	T=2.5e-07	G=2.5e-07	-=1e-05	A=2.5e-07	C=0.999989	
Position 3258:	T=0.999989	G=2.5e-07	-=1e-05	A=2.5e-07	C=2.5e-07	
Position 3259:	T=2.5e-07	G=2.5e-07	-=1e-05	A=2.5e-07	C=0.999989	
Position 3260:	T=2.5e-07	G=2.5e-07	-=1e-05	A=0.999989	C=2.5e-07	
Position 3261:	T=0.999989	G=2.5e-07	-=1e-05	A=2.5e-07	C=2.5e-07	
Position 3262:	T=2.5e-07	G=2.5e-07	-=1e-05	A=2.5e-07	C=0.999989	
Position 3263:	T=0.999989	G=2.5e-07	-=1e-05	A=2.5e-07	C=2.5e-07	
Position 3264:	T=2.5e-07	G=2.5e-07	-=1e-05	A=0.999989	C=2.5e-07	
Position 3265:	T=2.5e-07	G=0.999989	-=1e-05	A=2.5e-07	C=2.5e-07	
Position 3266:	T=2.5e-07	G=0.999989	-=1e-05	A=2.5e-07	C=2.5e-07	
Position 3267:	T=0.999989	G=2.5e-07	-=1e-05	A=2.5e-07	C=2.5e-07	
Position 3268:	T=2.5e-07	G=2.5e-07	-=1e-05	A=2.5e-07	C=0.999989	
Position 3269:	T=2.5e-07	G=0.999989	-=1e-05	A=2.5e-07	C=2.5e-07	
Position 3270:	T=2.5e-07	G=2.5e-07	-=1e-05	A=2.5e-07	C=0.999989	
Position 3271:	T=2.5e-07	G=2.5e-07	-=1e-05	A=0.999989	C=2.5e-07	
Position 3272:	T=2.5e-07	G=2.5e-07	-=1e-05	A=0.999989	C=2.5e-07	
Position 3273:	T=2.5e-07	G=2.5e-07	-=1e-05	A=0.999989	C=2.5e-07	
Position 3274:	T=2.5e-07	G=2.5e-07	-=1e-05	A=0.999989	C=2.5e-07	
Position 3275:	T=0.999989	G=2.5e-07	-=1e-05	A=2.5e-07	C=2.5e-07	
Position 3276:	T=2.5e-07	G=2.5e-07	-=1e-05	A=0.999989	C=2.5e-07	
Position 3277:	T=2.5e-07	G=2.5e-07	-=1e-05	A=0.999989	C=2.5e-07	
Position 3278:	T=0.999989	G=2.5e-07	-=1e-05	A=2.5e-07	C=2.5e-07	
Position 3279:	T=0.999989	G=2.5e-07	-=1e-05	A=2.5e-07	C=2.5e-07	
Position 3280:	T=0.2	G=0.2	C=0.2	-=0.2	A=0.2	
Position 3281:	T=0.2	G=0.2	C=0.2	-=0.2	A=0.2	
Position 3282:	T=2.5e-07	G=2.5e-07	-=1e-05	A=0.999989	C=2.5e-07	
Position 3283:	T=2.5e-07	G=2.5e-07	-=1e-05	A=0.999989	C=2.5e-07	
Position 3284:	T=2.5e-07	G=2.5e-07	-=1e-05	A=2.5e-07	C=0.999989	
Position 3285:	T=0.999989	G=2.5e-07	-=1e-05	A=2.5e-07	C=2.5e-07	
Position 3286:	T=0.999989	G=2.5e-07	-=1e-05	A=2.5e-07	C=2.5e-07	
Position 3287:	T=2.5e-07	G=2.5e-07	-=1e-05	A=0.999989	C=2.5e-07	
Position 3288:	T=2.5e-07	G=2.5e-07	-=1e-05	A=0.999989	C=2.5e-07	
Position 3289:	T=2.5e-07	G=2.5e-07	-=1e-05	A=0.999989	C=2.5e-07	
Position 3290:	T=2.5e-07	G=2.5e-07	-=1e-05	A=0.999989	C=2.5e-07	
Position 3291:	T=2.5e-07	G=2.5e-07	-=1e-05	A=0.999989	C=2.5e-07	
Position 3292:	T=2.5e-07	G=2.5e-07	-=1e-05	A=0.999989	C=2.5e-07	
Position 3293:	T=0.999989	G=2.5e-07	-=1e-05	A=2.5e-07	C=2.5e-07	
Position 3294:	T=2.5e-07	G=2.5e-07	-=1e-05	A=2.5e-07	C=0.999989	
Position 3295:	T=0.999989	G=2.5e-07	-=1e-05	A=2.5e-07	C=2.5e-07	
Position 3296:	T=1.57739e-06	G=1.57739e-06	-=1e-05	A=0.999984	C=1.57739e-06	
Position 3297:	T=2.5e-07	G=2.5e-07	-=1e-05	A=0.999989	C=2.5e-07	
Position 3298:	T=0.999989	G=2.5e-07	-=1e-05	A=2.5e-07	C=2.5e-07	
Position 3299:	T=2.5e-07	G=0.999989	-=1e-05	A=2.5e-07	C=2.5e-07	
Position 3300:	T=2.5e-07	G=2.5e-07	-=1e-05	A=2.5e-07	C=0.999989	
Position 3301:	T=2.5e-07	G=2.5e-07	-=1e-05	A=0.999989	C=2.5e-07	
Position 3302:	T=2.5e-07	G=2.5e-07	-=1e-05	A=0.999989	C=2.5e-07	
Position 3303:	T=2.5e-07	G=0.999989	-=1e-05	A=2.5e-07	C=2.5e-07	
Position 3304:	T=0.999989	G=2.5e-07	-=1e-05	A=2.5e-07	C=2.5e-07	
Position 3305:	T=0.999989	G=2.5e-07	-=1e-05	A=2.5e-07	C=2.5e-07	
Position 3306:	T=0.999989	G=2.5e-07	-=1e-05	A=2.5e-07	C=2.5e-07	
Position 3307:	T=2.5e-07	G=2.5e-07	-=1e-05	A=0.999989	C=2.5e-07	
Position 3308:	T=2.5e-07	G=2.5e-07	-=1e-05	A=0.999989	C=2.5e-07	
Position 3309:	T=2.5e-07	G=2.5e-07	-=1e-05	A=0.999989	C=2.5e-07	
Position 3310:	T=2.5e-07	G=2.5e-07	-=1e-05	A=0.999989	C=2.5e-07	
Position 3311:	T=0.999989	G=2.5e-07	-=1e-05	A=2.5e-07	C=2.5e-07	
Position 3312:	T=2.5e-07	G=2.5e-07	-=1e-05	A=0.999989	C=2.5e-07	
Position 3313:	T=0.999989	G=2.5e-07	-=1e-05	A=2.5e-07	C=2.5e-07	
Position 3314:	T=2.5e-07	G=2.5e-07	-=1e-05	A=0.999989	C=2.5e-07	
Position 3315:	T=0.999989	G=2.5e-07	-=1e-05	A=2.5e-07	C=2.5e-07	
Position 3316:	T=0.999989	G=2.5e-07	-=1e-05	A=2.5e-07	C=2.5e-07	
Position 3317:	T=2.5e-07	G=2.5e-07	-=1e-05	A=2.5e-07	C=0.999989	
Position 3318:	T=0.999989	G=2.5e-07	-=1e-05	A=2.5e-07	C=2.5e-07	
Position 3319:	T=2.5e-07	G=2.5e-07	-=1e-05	A=2.5e-07	C=0.999989	
Position 3320:	T=2.5e-07	G=2.5e-07	-=1e-05	A=0.999989	C=2.5e-07	
Position 3321:	T=2.5e-07	G=2.5e-07	-=1e-05	A=0.999989	C=2.5e-07	
Position 3322:	T=2.5e-07	G=2.5e-07	-=1e-05	A=0.999989	C=2.5e-07	
Position 3323:	T=2.5e-07	G=2.5e-07	-=1e-05	A=0.999989	C=2.5e-07	
Position 3324:	T=2.5e-07	G=0.999989	-=1e-05	A=2.5e-07	C=2.5e-07	
Position 3325:	T=2.5e-07	G=0.999989	-=1e-05	A=2.5e-07	C=2.5e-07	
Position 3326:	T=0.999989	G=2.5e-07	-=1e-05	A=2.5e-07	C=2.5e-07	
Position 3327:	T=2.5e-07	G=2.5e-07	-=1e-05	A=0.999989	C=2.5e-07	
Position 3328:	T=2.5e-07	G=2.5e-07	-=1e-05	A=2.5e-07	C=0.999989	
Position 3329:	T=7.90569e-07	G=7.90569e-07	-=1e-05	A=0.999987	C=7.90569e-07	
Position 3330:	T=2.5e-07	G=0.999989	-=1e-05	A=2.5e-07	C=2.5e-07	
Position 3331:	T=2.5e-07	G=2.5e-07	-=1e-05	A=2.5e-07	C=0.999989	
Position 3332:	T=0.999989	G=2.5e-07	-=1e-05	A=2.5e-07	C=2.5e-07	
Position 3333:	T=0.999989	G=2.5e-07	-=1e-05	A=2.5e-07	C=2.5e-07	
Position 3334:	T=0.999989	G=2.5e-07	-=1e-05	A=2.5e-07	C=2.5e-07	
Position 3335:	T=0.999989	G=2.5e-07	-=1e-05	A=2.5e-07	C=2.5e-07	
Position 3336:	T=0.999989	G=2.5e-07	-=1e-05	A=2.5e-07	C=2.5e-07	
Position 3337:	T=2.5e-07	G=2.5e-07	-=1e-05	A=0.999989	C=2.5e-07	
Position 3338:	T=2.5e-07	G=0.999989	-=1e-05	A=2.5e-07	C=2.5e-07	
Position 3339:	T=2.5e-07	G=2.5e-07	-=1e-05	A=0.999989	C=2.5e-07	
Position 3340:	T=2.5e-07	G=2.5e-07	-=1e-05	A=0.999989	C=2.5e-07	
Position 3341:	T=2.5e-07	G=2.5e-07	-=1e-05	A=0.999989	C=2.5e-07	
Position 3342:	T=2.5e-07	G=2.5e-07	-=1e-05	A=2.5e-07	C=0.999989	
Position 3343:	T=0.999989	G=2.5e-07	-=1e-05	A=2.5e-07	C=2.5e-07	
Position 3344:	T=2.5e-07	G=2.5e-07	-=1e-05	A=0.999989	C=2.5e-07	
Position 3345:	T=2.5e-07	G=0.999989	-=1e-05	A=2.5e-07	C=2.5e-07	
Position 3346:	T=2.5e-07	G=0.999989	-=1e-05	A=2.5e-07	C=2.5e-07	
Position 3347:	T=2.5e-07	G=2.5e-07	-=1e-05	A=0.999989	C=2.5e-07	
Position 3348:	T=0.999989	G=2.5e-07	-=1e-05	A=2.5e-07	C=2.5e-07	
Position 3349:	T=2.5e-07	G=2.5e-07	-=1e-05	A=0.999989	C=2.5e-07	
Position 3350:	T=0.2	G=0.2	C=0.2	-=0.2	A=0.2	
Position 3351:	T=2.5e-07	G=2.5e-07	-=1e-05	A=0.999989	C=2.5e-07	
Position 3352:	T=2.5e-07	G=2.5e-07	-=1e-05	A=0.999989	C=2.5e-07	
Position 3353:	T=2.5e-07	G=2.5e-07	-=1e-05	A=2.5e-07	C=0.999989	
Position 3354:	T=2.5e-07	G=2.5e-07	-=1e-05	A=2.5e-07	C=0.999989	
Position 3355:	T=0.999989	G=2.5e-07	-=1e-05	A=2.5e-07	C=2.5e-07	
Position 3356:	T=0.999989	G=2.5e-07	-=1e-05	A=2.5e-07	C=2.5e-07	
Position 3357:	T=2.5e-07	G=2.5e-07	-=1e-05	A=0.999989	C=2.5e-07	
Position 3358:	T=2.5e-07	G=2.5e-07	-=1e-05	A=2.5e-07	C=0.999989	
Position 3359:	T=2.5e-07	G=2.5e-07	-=1e-05	A=0.999989	C=2.5e-07	
Position 3360:	T=2.5e-07	G=2.5e-07	-=1e-05	A=0.999989	C=2.5e-07	
Position 3361:	T=2.5e-07	G=2.5e-07	-=1e-05	A=2.5e-07	C=0.999989	
Position 3362:	T=2.5e-07	G=2.5e-07	-=1e-05	A=0.999989	C=2.5e-07	
Position 3363:	T=2.5e-07	G=2.5e-07	-=1e-05	A=2.5e-07	C=0.999989	
Position 3364:	T=2.5e-07	G=2.5e-07	-=1e-05	A=0.999989	C=2.5e-07	
Position 3365:	T=0.999989	G=2.5e-07	-=1e-05	A=2.5e-07	C=2.5e-07	
Position 3366:	T=2.5e-07	G=2.5e-07	-=1e-05	A=0.999989	C=2.5e-07	
Position 3367:	T=2.5e-07	G=2.5e-07	-=1e-05	A=0.999989	C=2.5e-07	
Position 3368:	T=2.5e-07	G=0.999989	-=1e-05	A=2.5e-07	C=2.5e-07	
Position 3369:	T=2.5e-07	G=2.5e-07	-=1e-05	A=0.999989	C=2.5e-07	
Position 3370:	T=2.5e-07	G=2.5e-07	-=1e-05	A=0.999989	C=2.5e-07	
Position 3371:	T=2.5e-07	G=2.5e-07	-=1e-05	A=0.999989	C=2.5e-07	
Position 3372:	T=2.5e-07	G=0.999989	-=1e-05	A=2.5e-07	C=2.5e-07	
Position 3373:	T=2.5e-07	G=2.5e-07	-=1e-05	A=2.5e-07	C=0.999989	
Position 3374:	T=2.5e-07	G=0.999989	-=1e-05	A=2.5e-07	C=2.5e-07	
Position 3375:	T=0.999989	G=2.5e-07	-=1e-05	A=2.5e-07	C=2.5e-07	
Position 3376:	T=0.999989	G=2.5e-07	-=1e-05	A=2.5e-07	C=2.5e-07	
Position 3377:	T=0.999989	G=2.5e-07	-=1e-05	A=2.5e-07	C=2.5e-07	
Position 3378:	T=2.5e-07	G=2.5e-07	-=1e-05	A=0.999989	C=2.5e-07	
Position 3379:	T=2.5e-07	G=2.5e-07	-=1e-05	A=0.999989	C=2.5e-07	
Position 3380:	T=2.5e-07	G=0.999989	-=1e-05	A=2.5e-07	C=2.5e-07	
Position 3381:	T=2.5e-07	G=2.5e-07	-=1e-05	A=2.5e-07	C=0.999989	
Position 3382:	T=0.999989	G=2.5e-07	-=1e-05	A=2.5e-07	C=2.5e-07	
Position 3383:	T=2.5e-07	G=2.5e-07	-=1e-05	A=2.5e-07	C=0.999989	
Position 3384:	T=2.5e-07	G=2.5e-07	-=1e-05	A=0.999989	C=2.5e-07	
Position 3385:	T=2.5e-07	G=2.5e-07	-=1e-05	A=0.999989	C=2.5e-07	
Position 3386:	T=2.5e-07	G=2.5e-07	-=1e-05	A=0.999989	C=2.5e-07	
Position 3387:	T=2.5e-07	G=2.5e-07	-=1e-05	A=0.999989	C=2.5e-07	
Position 3388:	T=2.5e-07	G=2.5e-07	-=1e-05	A=2.5e-07	C=0.999989	
Position 3389:	T=2.5e-07	G=2.5e-07	-=1e-05	A=2.5e-07	C=0.999989	
Position 3390:	T=2.5e-07	G=2.5e-07	-=1e-05	A=2.5e-07	C=0.999989	
Position 3391:	T=2.5e-07	G=2.5e-07	-=1e-05	A=0.999989	C=2.5e-07	
Position 3392:	T=0.999989	G=2.5e-07	-=1e-05	A=2.5e-07	C=2.5e-07	
Position 3393:	T=0.2	G=0.2	C=0.2	-=0.2	A=0.2	
Position 3394:	T=0.2	G=0.2	C=0.2	-=0.2	A=0.2	
Position 3395:	T=2.5e-07	G=0.999989	-=1e-05	A=2.5e-07	C=2.5e-07	
Position 3396:	T=2.5e-07	G=2.5e-07	-=1e-05	A=2.5e-07	C=0.999989	
Position 3397:	T=0.999989	G=2.5e-07	-=1e-05	A=2.5e-07	C=2.5e-07	
Position 3398:	T=2.5e-07	G=2.5e-07	-=1e-05	A=0.999989	C=2.5e-07	
Position 3399:	T=2.5e-07	G=2.5e-07	-=1e-05	A=0.999989	C=2.5e-07	
Position 3400:	T=0.999989	G=2.5e-07	-=1e-05	A=2.5e-07	C=2.5e-07	
Position 3401:	T=2.5e-07	G=2.5e-07	-=1e-05	A=2.5e-07	C=0.999989	
Position 3402:	T=0.999989	G=2.5e-07	-=1e-05	A=2.5e-07	C=2.5e-07	
Position 3403:	T=2.5e-07	G=2.5e-07	-=1e-05	A=0.999989	C=2.5e-07	
Position 3404:	T=0.999989	G=2.5e-07	-=1e-05	A=2.5e-07	C=2.5e-07	
Position 3405:	T=0.999989	G=2.5e-07	-=1e-05	A=2.5e-07	C=2.5e-07	
Position 3406:	T=0.999989	G=2.5e-07	-=1e-05	A=2.5e-07	C=2.5e-07	
Position 3407:	T=2.5e-07	G=2.5e-07	-=1e-05	A=0.999989	C=2.5e-07	
Position 3408:	T=2.5e-07	G=2.5e-07	-=1e-05	A=0.999989	C=2.5e-07	
Position 3409:	T=2.5e-07	G=2.5e-07	-=1e-05	A=0.999989	C=2.5e-07	
Position 3410:	T=0.999989	G=2.5e-07	-=1e-05	A=2.5e-07	C=2.5e-07	
Position 3411:	T=0.00198582	G=0.00198582	-=1e-05	A=0.992047	C=0.00198582	
Position 3412:	T=0.999989	G=2.5e-07	-=1e-05	A=2.5e-07	C=2.5e-07	
Position 3413:	T=2.5e-07	G=2.5e-07	-=1e-05	A=0.999989	C=2.5e-07	
Position 3414:	T=2.5e-07	G=0.999989	-=1e-05	A=2.5e-07	C=2.5e-07	
Position 3415:	T=2.5e-07	G=2.5e-07	-=1e-05	A=0.999989	C=2.5e-07	
Position 3416:	T=2.5e-07	G=2.5e-07	-=1e-05	A=0.999989	C=2.5e-07	
Position 3417:	T=2.5e-07	G=0.999989	-=1e-05	A=2.5e-07	C=2.5e-07	
Position 3418:	T=2.5e-07	G=2.5e-07	-=1e-05	A=2.5e-07	C=0.999989	
Position 3419:	T=2.5e-07	G=2.5e-07	-=1e-05	A=0.999989	C=2.5e-07	
Position 3420:	T=2.5e-07	G=2.5e-07	-=1e-05	A=0.999989	C=2.5e-07	
Position 3421:	T=2.5e-07	G=2.5e-07	-=1e-05	A=2.5e-07	C=0.999989	
Position 3422:	T=2.5e-07	G=2.5e-07	-=1e-05	A=0.999989	C=2.5e-07	
Position 3423:	T=2.5e-07	G=2.5e-07	-=1e-05	A=0.999989	C=2.5e-07	
Position 3424:	T=0.999989	G=2.5e-07	-=1e-05	A=2.5e-07	C=2.5e-07	
Position 3425:	T=2.5e-07	G=0.999989	-=1e-05	A=2.5e-07	C=2.5e-07	
Position 3426:	T=2.5e-07	G=2.5e-07	-=1e-05	A=2.5e-07	C=0.999989	
Position 3427:	T=0.999989	G=2.5e-07	-=1e-05	A=2.5e-07	C=2.5e-07	
Position 3428:	T=2.5e-07	G=2.5e-07	-=1e-05	A=0.999989	C=2.5e-07	
Position 3429:	T=2.5e-07	G=2.5e-07	-=1e-05	A=0.999989	C=2.5e-07	
Position 3430:	T=0.999989	G=2.5e-07	-=1e-05	A=2.5e-07	C=2.5e-07	
Position 3431:	T=2.5e-07	G=2.5e-07	-=1e-05	A=0.999989	C=2.5e-07	
Position 3432:	T=0.999989	G=2.5e-07	-=1e-05	A=2.5e-07	C=2.5e-07	
Position 3433:	T=2.5e-07	G=0.999989	-=1e-05	A=2.5e-07	C=2.5e-07	
Position 3434:	T=2.5e-07	G=2.5e-07	-=1e-05	A=0.999989	C=2.5e-07	
Position 3435:	T=2.5e-07	G=0.999989	-=1e-05	A=2.5e-07	C=2.5e-07	
Position 3436:	T=0.999989	G=2.5e-07	-=1e-05	A=2.5e-07	C=2.5e-07	
Position 3437:	T=2.5e-07	G=2.5e-07	-=1e-05	A=0.999989	C=2.5e-07	
Position 3438:	T=2.5e-07	G=2.5e-07	-=1e-05	A=0.999989	C=2.5e-07	
Position 3439:	T=2.5e-07	G=0.999989	-=1e-05	A=2.5e-07	C=2.5e-07	
Position 3440:	T=2.5e-07	G=0.999989	-=1e-05	A=2.5e-07	C=2.5e-07	
Position 3441:	T=2.5e-07	G=2.5e-07	-=1e-05	A=0.999989	C=2.5e-07	
Position 3442:	T=2.5e-07	G=0.999989	-=1e-05	A=2.5e-07	C=2.5e-07	
Position 3443:	T=2.5e-07	G=2.5e-07	-=1e-05	A=0.999989	C=2.5e-07	
Position 3444:	T=2.5e-07	G=2.5e-07	-=1e-05	A=0.999989	C=2.5e-07	
Position 3445:	T=0.999987	G=7.90569e-07	-=1e-05	A=7.90569e-07	C=7.90569e-07	
Position 3446:	T=0.999987	G=7.90569e-07	-=1e-05	A=7.90569e-07	C=7.90569e-07	
Position 3447:	T=2.5e-07	G=2.5e-07	-=1e-05	A=0.999989	C=2.5e-07	
Position 3448:	T=2.5e-07	G=2.5e-07	-=1e-05	A=2.5e-07	C=0.999989	
Position 3449:	T=2.5e-07	G=0.999989	-=1e-05	A=2.5e-07	C=2.5e-07	
Position 3450:	T=2.5e-07	G=2.5e-07	-=1e-05	A=0.999989	C=2.5e-07	
Position 3451:	T=2.5e-07	G=0.999989	-=1e-05	A=2.5e-07	C=2.5e-07	
Position 3452:	T=2.5e-07	G=2.5e-07	-=1e-05	A=0.999989	C=2.5e-07	
Position 3453:	T=2.5e-07	G=2.5e-07	-=1e-05	A=0.999989	C=2.5e-07	
Position 3454:	T=2.5e-07	G=0.999989	-=1e-05	A=2.5e-07	C=2.5e-07	
Position 3455:	T=0.999989	G=2.5e-07	-=1e-05	A=2.5e-07	C=2.5e-07	
Position 3456:	T=0.999977	G=3.14731e-06	-=1e-05	A=3.14731e-06	C=3.14731e-06	
Position 3457:	T=2.5e-07	G=0.999989	-=1e-05	A=2.5e-07	C=2.5e-07	
Position 3458:	T=0.000498816	G=0.000498816	-=1e-05	A=0.997995	C=0.000498816	
Position 3459:	T=2.5e-07	G=2.5e-07	-=1e-05	A=0.999989	C=2.5e-07	
Position 3460:	T=2.5e-07	G=0.999989	-=1e-05	A=2.5e-07	C=2.5e-07	
Position 3461:	T=2.5e-07	G=0.999989	-=1e-05	A=2.5e-07	C=2.5e-07	
Position 3462:	T=2.5e-07	G=2.5e-07	-=1e-05	A=0.999989	C=2.5e-07	
Position 3463:	T=2.5e-07	G=2.5e-07	-=1e-05	A=0.999989	C=2.5e-07	
Position 3464:	T=2.5e-07	G=2.5e-07	-=1e-05	A=2.5e-07	C=0.999989	
Position 3465:	T=0.999989	G=2.5e-07	-=1e-05	A=2.5e-07	C=2.5e-07	
Position 3466:	T=2.5e-07	G=2.5e-07	-=1e-05	A=2.5e-07	C=0.999989	
Position 3467:	T=2.5e-07	G=0.999989	-=1e-05	A=2.5e-07	C=2.5e-07	
Position 3468:	T=2.5e-07	G=0.999989	-=1e-05	A=2.5e-07	C=2.5e-07	
Position 3469:	T=2.5e-07	G=2.5e-07	-=1e-05	A=2.5e-07	C=0.999989	
Position 3470:	T=2.5e-07	G=2.5e-07	-=1e-05	A=0.999989	C=2.5e-07	
Position 3471:	T=2.5e-07	G=2.5e-07	-=1e-05	A=0.999989	C=2.5e-07	
Position 3472:	T=2.5e-07	G=2.5e-07	-=1e-05	A=0.999989	C=2.5e-07	
Position 3473:	T=2.5e-07	G=2.5e-07	-=1e-05	A=2.5e-07	C=0.999989	
Position 3474:	T=2.5e-07	G=2.5e-07	-=1e-05	A=0.999989	C=2.5e-07	
Position 3475:	T=2.5e-07	G=2.5e-07	-=1e-05	A=2.5e-07	C=0.999989	
Position 3476:	T=2.5e-07	G=2.5e-07	-=1e-05	A=0.999989	C=2.5e-07	
Position 3477:	T=2.5e-07	G=2.5e-07	-=1e-05	A=0.999989	C=2.5e-07	
Position 3478:	T=2.5e-07	G=2.5e-07	-=1e-05	A=0.999989	C=2.5e-07	
Position 3479:	T=2.5e-07	G=2.5e-07	-=1e-05	A=2.5e-07	C=0.999989	
Position 3480:	T=2.5e-07	G=2.5e-07	-=1e-05	A=2.5e-07	C=0.999989	
Position 3481:	T=2.5e-07	G=2.5e-07	-=1e-05	A=2.5e-07	C=0.999989	
Position 3482:	T=2.5e-07	G=2.5e-07	-=1e-05	A=0.999989	C=2.5e-07	
Position 3483:	T=2.5e-07	G=0.999989	-=1e-05	A=2.5e-07	C=2.5e-07	
Position 3484:	T=2.5e-07	G=2.5e-07	-=1e-05	A=2.5e-07	C=0.999989	
Position 3485:	T=2.5e-07	G=0.999989	-=1e-05	A=2.5e-07	C=2.5e-07	
Position 3486:	T=0.999989	G=2.5e-07	-=1e-05	A=2.5e-07	C=2.5e-07	
Position 3487:	T=2.5e-07	G=0.999989	-=1e-05	A=2.5e-07	C=2.5e-07	
Position 3488:	T=2.5e-07	G=2.5e-07	-=1e-05	A=2.5e-07	C=0.999989	
Position 3489:	T=0.999989	G=2.5e-07	-=1e-05	A=2.5e-07	C=2.5e-07	
Position 3490:	T=0.999989	G=2.5e-07	-=1e-05	A=2.5e-07	C=2.5e-07	
Position 3491:	T=2.5e-07	G=2.5e-07	-=1e-05	A=0.999989	C=2.5e-07	
Position 3492:	T=2.5e-07	G=2.5e-07	-=1e-05	A=2.5e-07	C=0.999989	
Position 3493:	T=2.5e-07	G=2.5e-07	-=1e-05	A=2.5e-07	C=0.999989	
Position 3494:	T=2.5e-07	G=2.5e-07	-=1e-05	A=0.999989	C=2.5e-07	
Position 3495:	T=2.5e-07	G=2.5e-07	-=1e-05	A=0.999989	C=2.5e-07	
Position 3496:	T=2.5e-07	G=2.5e-07	-=1e-05	A=0.999989	C=2.5e-07	
Position 3497:	T=3.14731e-07	G=3.14731e-07	-=1e-05	A=0.999989	C=3.14731e-07	
Position 3498:	T=2.5e-07	G=2.5e-07	-=1e-05	A=0.999989	C=2.5e-07	
Position 3499:	T=3.14731e-07	G=3.14731e-07	-=1e-05	A=3.14731e-07	C=0.999989	
Position 3500:	T=2.5e-07	G=2.5e-07	-=1e-05	A=0.999989	C=2.5e-07	
Position 3501:	T=0.999989	G=2.5e-07	-=1e-05	A=2.5e-07	C=2.5e-07	
Position 3502:	T=2.5e-07	G=2.5e-07	-=1e-05	A=2.5e-07	C=0.999989	
Position 3503:	T=2.5e-07	G=2.5e-07	-=1e-05	A=0.999989	C=2.5e-07	
Position 3504:	T=2.5e-07	G=2.5e-07	-=1e-05	A=2.5e-07	C=0.999989	
Position 3505:	T=2.5e-07	G=2.5e-07	-=1e-05	A=2.5e-07	C=0.999989	
Position 3506:	T=0.999989	G=2.5e-07	-=1e-05	A=2.5e-07	C=2.5e-07	
Position 3507:	T=2.5e-07	G=2.5e-07	-=1e-05	A=2.5e-07	C=0.999989	
Position 3508:	T=2.5e-07	G=2.5e-07	-=1e-05	A=2.5e-07	C=0.999989	
Position 3509:	T=2.5e-07	G=2.5e-07	-=1e-05	A=0.999989	C=2.5e-07	
Position 3510:	T=2.5e-07	G=0.999989	-=1e-05	A=2.5e-07	C=2.5e-07	
Position 3511:	T=2.5e-07	G=2.5e-07	-=1e-05	A=2.5e-07	C=0.999989	
Position 3512:	T=2.5e-07	G=2.5e-07	-=1e-05	A=0.999989	C=2.5e-07	
Position 3513:	T=0.999989	G=2.5e-07	-=1e-05	A=2.5e-07	C=2.5e-07	
Position 3514:	T=0.999989	G=2.5e-07	-=1e-05	A=2.5e-07	C=2.5e-07	
Position 3515:	T=2.5e-07	G=2.5e-07	-=1e-05	A=2.5e-07	C=0.999989	
Position 3516:	T=2.5e-07	G=2.5e-07	-=1e-05	A=2.5e-07	C=0.999989	
Position 3517:	T=2.5e-07	G=2.5e-07	-=1e-05	A=2.5e-07	C=0.999989	
Position 3518:	T=2.5e-07	G=2.5e-07	-=1e-05	A=0.999989	C=2.5e-07	
Position 3519:	T=2.5e-07	G=0.999989	-=1e-05	A=2.5e-07	C=2.5e-07	
Position 3520:	T=0.999989	G=2.5e-07	-=1e-05	A=2.5e-07	C=2.5e-07	
Position 3521:	T=2.5e-07	G=2.5e-07	-=1e-05	A=0.999989	C=2.5e-07	
Position 3522:	T=0.999989	G=2.5e-07	-=1e-05	A=2.5e-07	C=2.5e-07	
Position 3523:	T=0.999989	G=2.5e-07	-=1e-05	A=2.5e-07	C=2.5e-07	
Position 3524:	T=2.5e-07	G=0.999989	-=1e-05	A=2.5e-07	C=2.5e-07	
Position 3525:	T=2.5e-07	G=2.5e-07	-=1e-05	A=0.999989	C=2.5e-07	
Position 3526:	T=2.5e-07	G=2.5e-07	-=1e-05	A=0.999989	C=2.5e-07	
Position 3527:	T=2.5e-07	G=0.999989	-=1e-05	A=2.5e-07	C=2.5e-07	
Position 3528:	T=2.5e-07	G=0.999989	-=1e-05	A=2.5e-07	C=2.5e-07	
Position 3529:	T=2.5e-07	G=2.5e-07	-=1e-05	A=2.5e-07	C=0.999989	
Position 3530:	T=2.5e-07	G=2.5e-07	-=1e-05	A=0.999989	C=2.5e-07	
Position 3531:	T=2.5e-07	G=2.5e-07	-=1e-05	A=2.5e-07	C=0.999989	
Position 3532:	T=0.999989	G=2.5e-07	-=1e-05	A=2.5e-07	C=2.5e-07	
Position 3533:	T=2.5e-07	G=0.999989	-=1e-05	A=2.5e-07	C=2.5e-07	
Position 3534:	T=2.5e-07	G=2.5e-07	-=1e-05	A=2.5e-07	C=0.999989	
Position 3535:	T=2.5e-07	G=2.5e-07	-=1e-05	A=2.5e-07	C=0.999989	
Position 3536:	T=2.5e-07	G=2.5e-07	-=1e-05	A=2.5e-07	C=0.999989	
Position 3537:	T=2.5e-07	G=0.999989	-=1e-05	A=2.5e-07	C=2.5e-07	
Position 3538:	T=2.5e-07	G=2.5e-07	-=1e-05	A=2.5e-07	C=0.999989	
Position 3539:	T=2.5e-07	G=2.5e-07	-=1e-05	A=2.5e-07	C=0.999989	
Position 3540:	T=2.5e-07	G=2.5e-07	-=1e-05	A=2.5e-07	C=0.999989	
Position 3541:	T=2.5e-07	G=2.5e-07	-=1e-05	A=2.5e-07	C=0.999989	
Position 3542:	T=2.5e-07	G=0.999989	-=1e-05	A=2.5e-07	C=2.5e-07	
Position 3543:	T=0.999989	G=2.5e-07	-=1e-05	A=2.5e-07	C=2.5e-07	
Position 3544:	T=2.5e-07	G=0.999989	-=1e-05	A=2.5e-07	C=2.5e-07	
Position 3545:	T=2.5e-07	G=2.5e-07	-=1e-05	A=0.999989	C=2.5e-07	
Position 3546:	T=2.5e-07	G=2.5e-07	-=1e-05	A=2.5e-07	C=0.999989	
Position 3547:	T=2.5e-07	G=2.5e-07	-=1e-05	A=0.999989	C=2.5e-07	
Position 3548:	T=0.999989	G=2.5e-07	-=1e-05	A=2.5e-07	C=2.5e-07	
Position 3549:	T=2.5e-07	G=2.5e-07	-=1e-05	A=2.5e-07	C=0.999989	
Position 3550:	T=2.5e-07	G=2.5e-07	-=1e-05	A=0.999989	C=2.5e-07	
Position 3551:	T=2.5e-07	G=0.999989	-=1e-05	A=2.5e-07	C=2.5e-07	
Position 3552:	T=0.2	G=0.2	C=0.2	-=0.2	A=0.2	
Position 3553:	T=2.5e-07	G=0.999989	-=1e-05	A=2.5e-07	C=2.5e-07	
Position 3554:	T=2.5e-07	G=0.999989	-=1e-05	A=2.5e-07	C=2.5e-07	
Position 3555:	T=2.5e-07	G=0.999989	-=1e-05	A=2.5e-07	C=2.5e-07	
Position 3556:	T=0.999989	G=2.5e-07	-=1e-05	A=2.5e-07	C=2.5e-07	
Position 3557:	T=2.5e-07	G=2.5e-07	-=1e-05	A=0.999989	C=2.5e-07	
Position 3558:	T=2.5e-07	G=0.999989	-=1e-05	A=2.5e-07	C=2.5e-07	
Position 3559:	T=2.5e-07	G=2.5e-07	-=1e-05	A=2.5e-07	C=0.999989	
Position 3560:	T=2.5e-07	G=2.5e-07	-=1e-05	A=0.999989	C=2.5e-07	
Position 3561:	T=0.999989	G=2.5e-07	-=1e-05	A=2.5e-07	C=2.5e-07	
Position 3562:	T=2.5e-07	G=2.5e-07	-=1e-05	A=0.999989	C=2.5e-07	
Position 3563:	T=2.5e-07	G=2.5e-07	-=1e-05	A=0.999989	C=2.5e-07	
Position 3564:	T=0.999989	G=2.5e-07	-=1e-05	A=2.5e-07	C=2.5e-07	
Position 3565:	T=2.5e-07	G=2.5e-07	-=1e-05	A=2.5e-07	C=0.999989	
Position 3566:	T=2.5e-07	G=2.5e-07	-=1e-05	A=0.999989	C=2.5e-07	
Position 3567:	T=0.999989	G=2.5e-07	-=1e-05	A=2.5e-07	C=2.5e-07	
Position 3568:	T=0.999989	G=2.5e-07	-=1e-05	A=2.5e-07	C=2.5e-07	
Position 3569:	T=0.999989	G=2.5e-07	-=1e-05	A=2.5e-07	C=2.5e-07	
Position 3570:	T=0.000790569	G=0.996828	-=1e-05	A=0.000790569	C=0.000790569	
Position 3571:	T=0.999989	G=2.5e-07	-=1e-05	A=2.5e-07	C=2.5e-07	
Position 3572:	T=0.999989	G=2.5e-07	-=1e-05	A=2.5e-07	C=2.5e-07	
Position 3573:	T=2.5e-07	G=2.5e-07	-=1e-05	A=2.5e-07	C=0.999989	
Position 3574:	T=0.999989	G=2.5e-07	-=1e-05	A=2.5e-07	C=2.5e-07	
Position 3575:	T=2.5e-07	G=2.5e-07	-=1e-05	A=2.5e-07	C=0.999989	
Position 3576:	T=0.999989	G=2.5e-07	-=1e-05	A=2.5e-07	C=2.5e-07	
Position 3577:	T=2.5e-07	G=2.5e-07	-=1e-05	A=2.5e-07	C=0.999989	
Position 3578:	T=2.5e-07	G=2.5e-07	-=1e-05	A=0.999989	C=2.5e-07	
Position 3579:	T=2.5e-07	G=2.5e-07	-=1e-05	A=0.999989	C=2.5e-07	
Position 3580:	T=0.999989	G=2.5e-07	-=1e-05	A=2.5e-07	C=2.5e-07	
Position 3581:	T=2.5e-07	G=2.5e-07	-=1e-05	A=0.999989	C=2.5e-07	
Position 3582:	T=2.5e-07	G=2.5e-07	-=1e-05	A=0.999989	C=2.5e-07	
Position 3583:	T=0.999989	G=2.5e-07	-=1e-05	A=2.5e-07	C=2.5e-07	
Position 3584:	T=2.5e-07	G=0.999989	-=1e-05	A=2.5e-07	C=2.5e-07	
Position 3585:	T=2.5e-07	G=2.5e-07	-=1e-05	A=0.999989	C=2.5e-07	
Position 3586:	T=2.5e-07	G=2.5e-07	-=1e-05	A=2.5e-07	C=0.999989	
Position 3587:	T=0.999989	G=2.5e-07	-=1e-05	A=2.5e-07	C=2.5e-07	
Position 3588:	T=0.999989	G=2.5e-07	-=1e-05	A=2.5e-07	C=2.5e-07	
Position 3589:	T=2.5e-07	G=0.999989	-=1e-05	A=2.5e-07	C=2.5e-07	
Position 3590:	T=2.5e-07	G=0.999989	-=1e-05	A=2.5e-07	C=2.5e-07	
Position 3591:	T=2.5e-07	G=2.5e-07	-=1e-05	A=0.999989	C=2.5e-07	
Position 3592:	T=0.999989	G=2.5e-07	-=1e-05	A=2.5e-07	C=2.5e-07	
Position 3593:	T=2.5e-07	G=0.999989	-=1e-05	A=2.5e-07	C=2.5e-07	
Position 3594:	T=0.999989	G=2.5e-07	-=1e-05	A=2.5e-07	C=2.5e-07	
Position 3595:	T=2.5e-07	G=2.5e-07	-=1e-05	A=2.5e-07	C=0.999989	
Position 3596:	T=2.5e-07	G=2.5e-07	-=1e-05	A=0.999989	C=2.5e-07	
Position 3597:	T=2.5e-07	G=0.999989	-=1e-05	A=2.5e-07	C=2.5e-07	
Position 3598:	T=2.5e-07	G=0.999989	-=1e-05	A=2.5e-07	C=2.5e-07	
Position 3599:	T=2.5e-07	G=2.5e-07	-=1e-05	A=2.5e-07	C=0.999989	
Position 3600:	T=2.5e-07	G=2.5e-07	-=1e-05	A=2.5e-07	C=0.999989	
Position 3601:	T=2.5e-07	G=2.5e-07	-=1e-05	A=0.999989	C=2.5e-07	
Position 3602:	T=0.000198582	G=0.000198582	-=1e-05	A=0.000198582	C=0.999196	
Position 3603:	T=2.5e-07	G=2.5e-07	-=1e-05	A=0.999989	C=2.5e-07	
Position 3604:	T=2.5e-07	G=2.5e-07	-=1e-05	A=2.5e-07	C=0.999989	
Position 3605:	T=2.5e-07	G=0.999989	-=1e-05	A=2.5e-07	C=2.5e-07	
Position 3606:	T=2.5e-07	G=2.5e-07	-=1e-05	A=0.999989	C=2.5e-07	
Position 3607:	T=2.5e-07	G=0.999989	-=1e-05	A=2.5e-07	C=2.5e-07	
Position 3608:	T=2.5e-07	G=2.5e-07	-=1e-05	A=0.999989	C=2.5e-07	
Position 3609:	T=2.5e-07	G=0.999989	-=1e-05	A=2.5e-07	C=2.5e-07	
Position 3610:	T=2.5e-07	G=2.5e-07	-=1e-05	A=0.999989	C=2.5e-07	
Position 3611:	T=0.999989	G=2.5e-07	-=1e-05	A=2.5e-07	C=2.5e-07	
Position 3612:	T=0.999989	G=2.5e-07	-=1e-05	A=2.5e-07	C=2.5e-07	
Position 3613:	T=2.5e-07	G=2.5e-07	-=1e-05	A=0.999989	C=2.5e-07	
Position 3614:	T=2.5e-07	G=2.5e-07	-=1e-05	A=0.999989	C=2.5e-07	
Position 3615:	T=2.5e-07	G=2.5e-07	-=1e-05	A=2.5e-07	C=0.999989	
Position 3616:	T=0.999989	G=2.5e-07	-=1e-05	A=2.5e-07	C=2.5e-07	
Position 3617:	T=0.999989	G=2.5e-07	-=1e-05	A=2.5e-07	C=2.5e-07	
Position 3618:	T=0.999989	G=2.5e-07	-=1e-05	A=2.5e-07	C=2.5e-07	
Position 3619:	T=2.5e-07	G=2.5e-07	-=1e-05	A=2.5e-07	C=0.999989	
Position 3620:	T=0.999989	G=2.5e-07	-=1e-05	A=2.5e-07	C=2.5e-07	
Position 3621:	T=2.5e-07	G=2.5e-07	-=1e-05	A=2.5e-07	C=0.999989	
Position 3622:	T=0.999987	G=7.90569e-07	-=1e-05	A=7.90569e-07	C=7.90569e-07	
Position 3623:	T=0.999989	G=2.5e-07	-=1e-05	A=2.5e-07	C=2.5e-07	
Position 3624:	T=2.5e-07	G=2.5e-07	-=1e-05	A=0.999989	C=2.5e-07	
Position 3625:	T=2.5e-07	G=2.5e-07	-=1e-05	A=2.5e-07	C=0.999989	
Position 3626:	T=0.999989	G=2.5e-07	-=1e-05	A=2.5e-07	C=2.5e-07	
Position 3627:	T=0.999989	G=2.5e-07	-=1e-05	A=2.5e-07	C=2.5e-07	
Position 3628:	T=2.5e-07	G=2.5e-07	-=1e-05	A=2.5e-07	C=0.999989	
Position 3629:	T=2.5e-07	G=2.5e-07	-=1e-05	A=2.5e-07	C=0.999989	
Position 3630:	T=2.5e-07	G=2.5e-07	-=1e-05	A=0.999989	C=2.5e-07	
Position 3631:	T=0.999989	G=2.5e-07	-=1e-05	A=2.5e-07	C=2.5e-07	
Position 3632:	T=2.5e-07	G=2.5e-07	-=1e-05	A=0.999989	C=2.5e-07	
Position 3633:	T=2.5e-07	G=2.5e-07	-=1e-05	A=2.5e-07	C=0.999989	
Position 3634:	T=2.5e-07	G=2.5e-07	-=1e-05	A=0.999989	C=2.5e-07	
Position 3635:	T=0.2	G=0.2	C=0.2	-=0.2	A=0.2	
Position 3636:	T=2.5e-07	G=0.999989	-=1e-05	A=2.5e-07	C=2.5e-07	
Position 3637:	T=2.5e-07	G=2.5e-07	-=1e-05	A=0.999989	C=2.5e-07	
Position 3638:	T=2.5e-07	G=2.5e-07	-=1e-05	A=0.999989	C=2.5e-07	
Position 3639:	T=2.5e-07	G=0.999989	-=1e-05	A=2.5e-07	C=2.5e-07	
Position 3640:	T=2.5e-07	G=2.5e-07	-=1e-05	A=0.999989	C=2.5e-07	
Position 3641:	T=2.5e-07	G=0.999989	-=1e-05	A=2.5e-07	C=2.5e-07	
Position 3642:	T=2.5e-07	G=0.999989	-=1e-05	A=2.5e-07	C=2.5e-07	
Position 3643:	T=2.5e-07	G=2.5e-07	-=1e-05	A=2.5e-07	C=0.999989	
Position 3644:	T=2.5e-07	G=0.999989	-=1e-05	A=2.5e-07	C=2.5e-07	
Position 3645:	T=2.5e-07	G=0.999989	-=1e-05	A=2.5e-07	C=2.5e-07	
Position 3646:	T=2.5e-07	G=0.999989	-=1e-05	A=2.5e-07	C=2.5e-07	
Position 3647:	T=3.14731e-07	G=3.14731e-07	-=1e-05	A=0.999989	C=3.14731e-07	
Position 3648:	T=2.5e-07	G=2.5e-07	-=1e-05	A=0.999989	C=2.5e-07	
Position 3649:	T=0.999989	G=2.5e-07	-=1e-05	A=2.5e-07	C=2.5e-07	
Position 3650:	T=2.5e-07	G=2.5e-07	-=1e-05	A=0.999989	C=2.5e-07	
Position 3651:	T=2.5e-07	G=2.5e-07	-=1e-05	A=0.999989	C=2.5e-07	
Position 3652:	T=2.5e-07	G=2.5e-07	-=1e-05	A=0.999989	C=2.5e-07	
Position 3653:	T=2.5e-07	G=2.5e-07	-=1e-05	A=0.999989	C=2.5e-07	
Position 3654:	T=0.999989	G=2.5e-07	-=1e-05	A=2.5e-07	C=2.5e-07	
Position 3655:	T=2.5e-07	G=2.5e-07	-=1e-05	A=0.999989	C=2.5e-07	
Position 3656:	T=0.999989	G=2.5e-07	-=1e-05	A=2.5e-07	C=2.5e-07	
Position 3657:	T=0.999989	G=2.5e-07	-=1e-05	A=2.5e-07	C=2.5e-07	
Position 3658:	T=2.5e-07	G=2.5e-07	-=1e-05	A=0.999989	C=2.5e-07	
Position 3659:	T=2.5e-07	G=2.5e-07	-=1e-05	A=0.999989	C=2.5e-07	
Position 3660:	T=2.5e-07	G=0.999989	-=1e-05	A=2.5e-07	C=2.5e-07	
Position 3661:	T=2.5e-07	G=2.5e-07	-=1e-05	A=0.999989	C=2.5e-07	
Position 3662:	T=2.5e-07	G=2.5e-07	-=1e-05	A=0.999989	C=2.5e-07	
Position 3663:	T=2.5e-07	G=0.999989	-=1e-05	A=2.5e-07	C=2.5e-07	
Position 3664:	T=2.5e-07	G=2.5e-07	-=1e-05	A=0.999989	C=2.5e-07	
Position 3665:	T=2.5e-07	G=0.999989	-=1e-05	A=2.5e-07	C=2.5e-07	
Position 3666:	T=2.5e-07	G=2.5e-07	-=1e-05	A=0.999989	C=2.5e-07	
Position 3667:	T=2.5e-07	G=2.5e-07	-=1e-05	A=0.999989	C=2.5e-07	
Position 3668:	T=2.5e-07	G=0.999989	-=1e-05	A=2.5e-07	C=2.5e-07	
Position 3669:	T=2.5e-07	G=2.5e-07	-=1e-05	A=2.5e-07	C=0.999989	
Position 3670:	T=2.5e-07	G=2.5e-07	-=1e-05	A=2.5e-07	C=0.999989	
Position 3671:	T=2.5e-07	G=2.5e-07	-=1e-05	A=2.5e-07	C=0.999989	
Position 3672:	T=2.5e-07	G=0.999989	-=1e-05	A=2.5e-07	C=2.5e-07	
Position 3673:	T=0.999989	G=2.5e-07	-=1e-05	A=2.5e-07	C=2.5e-07	
Position 3674:	T=2.5e-07	G=2.5e-07	-=1e-05	A=0.999989	C=2.5e-07	
Position 3675:	T=0.999989	G=2.5e-07	-=1e-05	A=2.5e-07	C=2.5e-07	
Position 3676:	T=2.5e-07	G=0.999989	-=1e-05	A=2.5e-07	C=2.5e-07	
Position 3677:	T=2.5e-07	G=0.999989	-=1e-05	A=2.5e-07	C=2.5e-07	
Position 3678:	T=2.5e-07	G=2.5e-07	-=1e-05	A=0.999989	C=2.5e-07	
Position 3679:	T=2.5e-07	G=2.5e-07	-=1e-05	A=2.5e-07	C=0.999989	
Position 3680:	T=2.5e-07	G=2.5e-07	-=1e-05	A=2.5e-07	C=0.999989	
Position 3681:	T=0.999989	G=2.5e-07	-=1e-05	A=2.5e-07	C=2.5e-07	
Position 3682:	T=0.999989	G=2.5e-07	-=1e-05	A=2.5e-07	C=2.5e-07	
Position 3683:	T=2.5e-07	G=2.5e-07	-=1e-05	A=2.5e-07	C=0.999989	
Position 3684:	T=2.5e-07	G=2.5e-07	-=1e-05	A=0.999989	C=2.5e-07	
Position 3685:	T=2.5e-07	G=2.5e-07	-=1e-05	A=0.999989	C=2.5e-07	
Position 3686:	T=0.999989	G=2.5e-07	-=1e-05	A=2.5e-07	C=2.5e-07	
Position 3687:	T=0.999989	G=2.5e-07	-=1e-05	A=2.5e-07	C=2.5e-07	
Position 3688:	T=2.5e-07	G=2.5e-07	-=1e-05	A=0.999989	C=2.5e-07	
Position 3689:	T=2.5e-07	G=2.5e-07	-=1e-05	A=0.999989	C=2.5e-07	
Position 3690:	T=0.999989	G=2.5e-07	-=1e-05	A=2.5e-07	C=2.5e-07	
Position 3691:	T=0.999989	G=2.5e-07	-=1e-05	A=2.5e-07	C=2.5e-07	
Position 3692:	T=2.5e-07	G=2.5e-07	-=1e-05	A=0.999989	C=2.5e-07	
Position 3693:	T=2.5e-07	G=0.999989	-=1e-05	A=2.5e-07	C=2.5e-07	
Position 3694:	T=2.5e-07	G=2.5e-07	-=1e-05	A=2.5e-07	C=0.999989	
Position 3695:	T=2.5e-07	G=2.5e-07	-=1e-05	A=0.999989	C=2.5e-07	
Position 3696:	T=2.5e-07	G=2.5e-07	-=1e-05	A=2.5e-07	C=0.999989	
Position 3697:	T=2.5e-07	G=2.5e-07	-=1e-05	A=0.999989	C=2.5e-07	
Position 3698:	T=2.5e-07	G=2.5e-07	-=1e-05	A=0.999989	C=2.5e-07	
Position 3699:	T=2.5e-07	G=2.5e-07	-=1e-05	A=0.999989	C=2.5e-07	
Position 3700:	T=2.5e-07	G=2.5e-07	-=1e-05	A=0.999989	C=2.5e-07	
Position 3701:	T=2.5e-07	G=0.999989	-=1e-05	A=2.5e-07	C=2.5e-07	
Position 3702:	T=2.5e-07	G=0.999989	-=1e-05	A=2.5e-07	C=2.5e-07	
Position 3703:	T=2.5e-07	G=2.5e-07	-=1e-05	A=0.999989	C=2.5e-07	
Position 3704:	T=0.999989	G=2.5e-07	-=1e-05	A=2.5e-07	C=2.5e-07	
Position 3705:	T=3.14731e-07	G=3.14731e-07	-=1e-05	A=0.999989	C=3.14731e-07	
Position 3706:	T=0.999989	G=2.5e-07	-=1e-05	A=2.5e-07	C=2.5e-07	
Position 3707:	T=2.5e-07	G=2.5e-07	-=1e-05	A=0.999989	C=2.5e-07	
Position 3708:	T=0.999989	G=2.5e-07	-=1e-05	A=2.5e-07	C=2.5e-07	
Position 3709:	T=0.999989	G=2.5e-07	-=1e-05	A=2.5e-07	C=2.5e-07	
Position 3710:	T=0.999989	G=2.5e-07	-=1e-05	A=2.5e-07	C=2.5e-07	
Position 3711:	T=2.5e-07	G=2.5e-07	-=1e-05	A=2.5e-07	C=0.999989	
Position 3712:	T=2.5e-07	G=2.5e-07	-=1e-05	A=2.5e-07	C=0.999989	
Position 3713:	T=2.5e-07	G=2.5e-07	-=1e-05	A=2.5e-07	C=0.999989	
Position 3714:	T=2.5e-07	G=2.5e-07	-=1e-05	A=0.999989	C=2.5e-07	
Position 3715:	T=2.5e-07	G=0.999989	-=1e-05	A=2.5e-07	C=2.5e-07	
Position 3716:	T=2.5e-07	G=2.5e-07	-=1e-05	A=0.999989	C=2.5e-07	
Position 3717:	T=0.999989	G=2.5e-07	-=1e-05	A=2.5e-07	C=2.5e-07	
Position 3718:	T=2.5e-07	G=2.5e-07	-=1e-05	A=0.999989	C=2.5e-07	
Position 3719:	T=2.5e-07	G=0.999989	-=1e-05	A=2.5e-07	C=2.5e-07	
Position 3720:	T=2.5e-07	G=0.999989	-=1e-05	A=2.5e-07	C=2.5e-07	
Position 3721:	T=0.999989	G=2.5e-07	-=1e-05	A=2.5e-07	C=2.5e-07	
Position 3722:	T=2.5e-07	G=2.5e-07	-=1e-05	A=0.999989	C=2.5e-07	
Position 3723:	T=2.5e-07	G=2.5e-07	-=1e-05	A=2.5e-07	C=0.999989	
Position 3724:	T=2.5e-07	G=2.5e-07	-=1e-05	A=0.999989	C=2.5e-07	
Position 3725:	T=2.5e-07	G=2.5e-07	-=1e-05	A=0.999989	C=2.5e-07	
Position 3726:	T=2.5e-07	G=2.5e-07	-=1e-05	A=2.5e-07	C=0.999989	
Position 3727:	T=2.5e-07	G=2.5e-07	-=1e-05	A=0.999989	C=2.5e-07	
Position 3728:	T=0.999989	G=2.5e-07	-=1e-05	A=2.5e-07	C=2.5e-07	
Position 3729:	T=2.5e-07	G=2.5e-07	-=1e-05	A=0.999989	C=2.5e-07	
Position 3730:	T=2.5e-07	G=2.5e-07	-=1e-05	A=0.999989	C=2.5e-07	
Position 3731:	T=0.999989	G=2.5e-07	-=1e-05	A=2.5e-07	C=2.5e-07	
Position 3732:	T=2.5e-07	G=2.5e-07	-=1e-05	A=2.5e-07	C=0.999989	
Position 3733:	T=2.5e-07	G=2.5e-07	-=1e-05	A=2.5e-07	C=0.999989	
Position 3734:	T=0.999989	G=2.5e-07	-=1e-05	A=2.5e-07	C=2.5e-07	
Position 3735:	T=0.999989	G=2.5e-07	-=1e-05	A=2.5e-07	C=2.5e-07	
Position 3736:	T=2.5e-07	G=2.5e-07	-=1e-05	A=2.5e-07	C=0.999989	
Position 3737:	T=2.5e-07	G=2.5e-07	-=1e-05	A=2.5e-07	C=0.999989	
Position 3738:	T=2.5e-07	G=2.5e-07	-=1e-05	A=0.999989	C=2.5e-07	
Position 3739:	T=0.999989	G=2.5e-07	-=1e-05	A=2.5e-07	C=2.5e-07	
Position 3740:	T=2.5e-07	G=0.999989	-=1e-05	A=2.5e-07	C=2.5e-07	
Position 3741:	T=2.5e-07	G=2.5e-07	-=1e-05	A=0.999989	C=2.5e-07	
Position 3742:	T=2.5e-07	G=0.999989	-=1e-05	A=2.5e-07	C=2.5e-07	
Position 3743:	T=2.5e-07	G=2.5e-07	-=1e-05	A=2.5e-07	C=0.999989	
Position 3744:	T=0.999989	G=2.5e-07	-=1e-05	A=2.5e-07	C=2.5e-07	
Position 3745:	T=2.5e-07	G=2.5e-07	-=1e-05	A=0.999989	C=2.5e-07	
Position 3746:	T=2.5e-07	G=0.999989	-=1e-05	A=2.5e-07	C=2.5e-07	
Position 3747:	T=2.5e-07	G=2.5e-07	-=1e-05	A=2.5e-07	C=0.999989	
Position 3748:	T=2.5e-07	G=2.5e-07	-=1e-05	A=0.999989	C=2.5e-07	
Position 3749:	T=2.5e-07	G=2.5e-07	-=1e-05	A=0.999989	C=2.5e-07	
Position 3750:	T=2.5e-07	G=2.5e-07	-=1e-05	A=0.999989	C=2.5e-07	
Position 3751:	T=0.2	G=0.2	C=0.2	-=0.2	A=0.2	
Position 3752:	T=0.999989	G=2.5e-07	-=1e-05	A=2.5e-07	C=2.5e-07	
Position 3753:	T=2.5e-07	G=0.999989	-=1e-05	A=2.5e-07	C=2.5e-07	
Position 3754:	T=2.5e-07	G=0.999989	-=1e-05	A=2.5e-07	C=2.5e-07	
Position 3755:	T=2.5e-07	G=0.999989	-=1e-05	A=2.5e-07	C=2.5e-07	
Position 3756:	T=2.5e-07	G=0.999989	-=1e-05	A=2.5e-07	C=2.5e-07	
Position 3757:	T=2.5e-07	G=2.5e-07	-=1e-05	A=2.5e-07	C=0.999989	
Position 3758:	T=2.5e-07	G=0.999989	-=1e-05	A=2.5e-07	C=2.5e-07	
Position 3759:	T=2.5e-07	G=2.5e-07	-=1e-05	A=0.999989	C=2.5e-07	
Position 3760:	T=2.5e-07	G=2.5e-07	-=1e-05	A=2.5e-07	C=0.999989	
Position 3761:	T=2.5e-07	G=2.5e-07	-=1e-05	A=2.5e-07	C=0.999989	
Position 3762:	T=0.999989	G=2.5e-07	-=1e-05	A=2.5e-07	C=2.5e-07	
Position 3763:	T=2.5e-07	G=2.5e-07	-=1e-05	A=2.5e-07	C=0.999989	
Position 3764:	T=2.5e-07	G=0.999989	-=1e-05	A=2.5e-07	C=2.5e-07	
Position 3765:	T=2.5e-07	G=0.999989	-=1e-05	A=2.5e-07	C=2.5e-07	
Position 3766:	T=2.5e-07	G=2.5e-07	-=1e-05	A=0.999989	C=2.5e-07	
Position 3767:	T=2.5e-07	G=0.999989	-=1e-05	A=2.5e-07	C=2.5e-07	
Position 3768:	T=0.999989	G=2.5e-07	-=1e-05	A=2.5e-07	C=2.5e-07	
Position 3769:	T=2.5e-07	G=2.5e-07	-=1e-05	A=0.999989	C=2.5e-07	
Position 3770:	T=2.5e-07	G=0.999989	-=1e-05	A=2.5e-07	C=2.5e-07	
Position 3771:	T=2.5e-07	G=2.5e-07	-=1e-05	A=0.999989	C=2.5e-07	
Position 3772:	T=2.5e-07	G=2.5e-07	-=1e-05	A=0.999989	C=2.5e-07	
Position 3773:	T=2.5e-07	G=2.5e-07	-=1e-05	A=2.5e-07	C=0.999989	
Position 3774:	T=2.5e-07	G=2.5e-07	-=1e-05	A=0.999989	C=2.5e-07	
Position 3775:	T=0.999989	G=2.5e-07	-=1e-05	A=2.5e-07	C=2.5e-07	
Position 3776:	T=2.5e-07	G=2.5e-07	-=1e-05	A=0.999989	C=2.5e-07	
Position 3777:	T=2.5e-07	G=2.5e-07	-=1e-05	A=0.999989	C=2.5e-07	
Position 3778:	T=2.5e-07	G=2.5e-07	-=1e-05	A=2.5e-07	C=0.999989	
Position 3779:	T=2.5e-07	G=2.5e-07	-=1e-05	A=2.5e-07	C=0.999989	
Position 3780:	T=0.999989	G=2.5e-07	-=1e-05	A=2.5e-07	C=2.5e-07	
Position 3781:	T=2.5e-07	G=2.5e-07	-=1e-05	A=2.5e-07	C=0.999989	
Position 3782:	T=2.5e-07	G=2.5e-07	-=1e-05	A=2.5e-07	C=0.999989	
Position 3783:	T=2.5e-07	G=0.999989	-=1e-05	A=2.5e-07	C=2.5e-07	
Position 3784:	T=2.5e-07	G=2.5e-07	-=1e-05	A=0.999989	C=2.5e-07	
Position 3785:	T=2.5e-07	G=0.999989	-=1e-05	A=2.5e-07	C=2.5e-07	
Position 3786:	T=0.999989	G=2.5e-07	-=1e-05	A=2.5e-07	C=2.5e-07	
Position 3787:	T=2.5e-07	G=0.999989	-=1e-05	A=2.5e-07	C=2.5e-07	
Position 3788:	T=3.14731e-07	G=3.14731e-07	-=1e-05	A=0.999989	C=3.14731e-07	
Position 3789:	T=0.999989	G=2.5e-07	-=1e-05	A=2.5e-07	C=2.5e-07	
Position 3790:	T=2.5e-07	G=2.5e-07	-=1e-05	A=0.999989	C=2.5e-07	
Position 3791:	T=0.999989	G=2.5e-07	-=1e-05	A=2.5e-07	C=2.5e-07	
Position 3792:	T=0.999989	G=2.5e-07	-=1e-05	A=2.5e-07	C=2.5e-07	
Position 3793:	T=2.5e-07	G=2.5e-07	-=1e-05	A=0.999989	C=2.5e-07	
Position 3794:	T=2.5e-07	G=2.5e-07	-=1e-05	A=0.999989	C=2.5e-07	
Position 3795:	T=0.999989	G=2.5e-07	-=1e-05	A=2.5e-07	C=2.5e-07	
Position 3796:	T=2.5e-07	G=2.5e-07	-=1e-05	A=0.999989	C=2.5e-07	
Position 3797:	T=0.999989	G=2.5e-07	-=1e-05	A=2.5e-07	C=2.5e-07	
Position 3798:	T=2.5e-07	G=2.5e-07	-=1e-05	A=0.999989	C=2.5e-07	
Position 3799:	T=2.5e-07	G=0.999989	-=1e-05	A=2.5e-07	C=2.5e-07	
Position 3800:	T=2.5e-07	G=2.5e-07	-=1e-05	A=0.999989	C=2.5e-07	
Position 3801:	T=2.5e-07	G=2.5e-07	-=1e-05	A=2.5e-07	C=0.999989	
Position 3802:	T=2.5e-07	G=0.999989	-=1e-05	A=2.5e-07	C=2.5e-07	
Position 3803:	T=0.999989	G=2.5e-07	-=1e-05	A=2.5e-07	C=2.5e-07	
Position 3804:	T=2.5e-07	G=2.5e-07	-=1e-05	A=2.5e-07	C=0.999989	
Position 3805:	T=2.5e-07	G=2.5e-07	-=1e-05	A=2.5e-07	C=0.999989	
Position 3806:	T=2.5e-07	G=2.5e-07	-=1e-05	A=2.5e-07	C=0.999989	
Position 3807:	T=0.999989	G=2.5e-07	-=1e-05	A=2.5e-07	C=2.5e-07	
Position 3808:	T=2.5e-07	G=0.999989	-=1e-05	A=2.5e-07	C=2.5e-07	
Position 3809:	T=0.999989	G=2.5e-07	-=1e-05	A=2.5e-07	C=2.5e-07	
Position 3810:	T=2.5e-07	G=2.5e-07	-=1e-05	A=2.5e-07	C=0.999989	
Position 3811:	T=2.5e-07	G=2.5e-07	-=1e-05	A=0.999989	C=2.5e-07	
Position 3812:	T=2.5e-07	G=2.5e-07	-=1e-05	A=0.999989	C=2.5e-07	
Position 3813:	T=2.5e-07	G=2.5e-07	-=1e-05	A=0.999989	C=2.5e-07	
Position 3814:	T=2.5e-07	G=2.5e-07	-=1e-05	A=0.999989	C=2.5e-07	
Position 3815:	T=0.999989	G=2.5e-07	-=1e-05	A=2.5e-07	C=2.5e-07	
Position 3816:	T=2.5e-07	G=0.999989	-=1e-05	A=2.5e-07	C=2.5e-07	
Position 3817:	T=2.5e-07	G=2.5e-07	-=1e-05	A=2.5e-07	C=0.999989	
Position 3818:	T=0.999989	G=2.5e-07	-=1e-05	A=2.5e-07	C=2.5e-07	
Position 3819:	T=2.5e-07	G=2.5e-07	-=1e-05	A=2.5e-07	C=0.999989	
Position 3820:	T=2.5e-07	G=2.5e-07	-=1e-05	A=2.5e-07	C=0.999989	
Position 3821:	T=2.5e-07	G=2.5e-07	-=1e-05	A=2.5e-07	C=0.999989	
Position 3822:	T=0.999989	G=2.5e-07	-=1e-05	A=2.5e-07	C=2.5e-07	
Position 3823:	T=0.999989	G=2.5e-07	-=1e-05	A=2.5e-07	C=2.5e-07	
Position 3824:	T=2.5e-07	G=2.5e-07	-=1e-05	A=0.999989	C=2.5e-07	
Position 3825:	T=2.5e-07	G=2.5e-07	-=1e-05	A=2.5e-07	C=0.999989	
Position 3826:	T=0.999989	G=2.5e-07	-=1e-05	A=2.5e-07	C=2.5e-07	
Position 3827:	T=0.999989	G=2.5e-07	-=1e-05	A=2.5e-07	C=2.5e-07	
Position 3828:	T=2.5e-07	G=2.5e-07	-=1e-05	A=0.999989	C=2.5e-07	
Position 3829:	T=0.999989	G=2.5e-07	-=1e-05	A=2.5e-07	C=2.5e-07	
Position 3830:	T=0.999989	G=2.5e-07	-=1e-05	A=2.5e-07	C=2.5e-07	
Position 3831:	T=2.5e-07	G=0.999989	-=1e-05	A=2.5e-07	C=2.5e-07	
Position 3832:	T=2.5e-07	G=2.5e-07	-=1e-05	A=0.999989	C=2.5e-07	
Position 3833:	T=0.999989	G=2.5e-07	-=1e-05	A=2.5e-07	C=2.5e-07	
Position 3834:	T=2.5e-07	G=2.5e-07	-=1e-05	A=2.5e-07	C=0.999989	
Position 3835:	T=3.14731e-07	G=3.14731e-07	-=1e-05	A=3.14731e-07	C=0.999989	
Position 3836:	T=2.5e-07	G=2.5e-07	-=1e-05	A=0.999989	C=2.5e-07	
Position 3837:	T=2.5e-07	G=2.5e-07	-=1e-05	A=0.999989	C=2.5e-07	
Position 3838:	T=2.5e-07	G=2.5e-07	-=1e-05	A=0.999989	C=2.5e-07	
Position 3839:	T=2.5e-07	G=2.5e-07	-=1e-05	A=2.5e-07	C=0.999989	
Position 3840:	T=2.5e-07	G=2.5e-07	-=1e-05	A=0.999989	C=2.5e-07	
Position 3841:	T=2.5e-07	G=0.999989	-=1e-05	A=2.5e-07	C=2.5e-07	
Position 3842:	T=2.5e-07	G=2.5e-07	-=1e-05	A=2.5e-07	C=0.999989	
Position 3843:	T=2.5e-07	G=0.999989	-=1e-05	A=2.5e-07	C=2.5e-07	
Position 3844:	T=2.5e-07	G=2.5e-07	-=1e-05	A=2.5e-07	C=0.999989	
Position 3845:	T=2.5e-07	G=2.5e-07	-=1e-05	A=0.999989	C=2.5e-07	
Position 3846:	T=2.5e-07	G=2.5e-07	-=1e-05	A=0.999989	C=2.5e-07	
Position 3847:	T=0.999989	G=2.5e-07	-=1e-05	A=2.5e-07	C=2.5e-07	
Position 3848:	T=2.5e-07	G=2.5e-07	-=1e-05	A=2.5e-07	C=0.999989	
Position 3849:	T=2.5e-07	G=2.5e-07	-=1e-05	A=2.5e-07	C=0.999989	
Position 3850:	T=0.999989	G=3.14731e-07	-=1e-05	A=3.14731e-07	C=3.14731e-07	
Position 3851:	T=2.5e-07	G=0.999989	-=1e-05	A=2.5e-07	C=2.5e-07	
Position 3852:	T=0.999989	G=2.5e-07	-=1e-05	A=2.5e-07	C=2.5e-07	
Position 3853:	T=0.999989	G=2.5e-07	-=1e-05	A=2.5e-07	C=2.5e-07	
Position 3854:	T=0.999989	G=2.5e-07	-=1e-05	A=2.5e-07	C=2.5e-07	
Position 3855:	T=0.999989	G=2.5e-07	-=1e-05	A=2.5e-07	C=2.5e-07	
Position 3856:	T=2.5e-07	G=2.5e-07	-=1e-05	A=0.999989	C=2.5e-07	
Position 3857:	T=2.5e-07	G=0.999989	-=1e-05	A=2.5e-07	C=2.5e-07	
Position 3858:	T=2.5e-07	G=2.5e-07	-=1e-05	A=0.999989	C=2.5e-07	
Position 3859:	T=2.5e-07	G=2.5e-07	-=1e-05	A=2.5e-07	C=0.999989	
Position 3860:	T=2.5e-07	G=0.999989	-=1e-05	A=2.5e-07	C=2.5e-07	
Position 3861:	T=2.5e-07	G=2.5e-07	-=1e-05	A=0.999989	C=2.5e-07	
Position 3862:	T=2.5e-07	G=2.5e-07	-=1e-05	A=2.5e-07	C=0.999989	
Position 3863:	T=6.27972e-07	G=6.27972e-07	-=1e-05	A=0.999987	C=6.27972e-07	
Position 3864:	T=0.999989	G=2.5e-07	-=1e-05	A=2.5e-07	C=2.5e-07	
Position 3865:	T=2.5e-07	G=2.5e-07	-=1e-05	A=0.999989	C=2.5e-07	
Position 3866:	T=0.999989	G=2.5e-07	-=1e-05	A=2.5e-07	C=2.5e-07	
Position 3867:	T=0.999989	G=2.5e-07	-=1e-05	A=2.5e-07	C=2.5e-07	
Position 3868:	T=2.5e-07	G=0.999989	-=1e-05	A=2.5e-07	C=2.5e-07	
Position 3869:	T=2.5e-07	G=2.5e-07	-=1e-05	A=0.999989	C=2.5e-07	
Position 3870:	T=2.5e-07	G=2.5e-07	-=1e-05	A=2.5e-07	C=0.999989	
Position 3871:	T=2.5e-07	G=2.5e-07	-=1e-05	A=0.999989	C=2.5e-07	
Position 3872:	T=2.5e-07	G=2.5e-07	-=1e-05	A=0.999989	C=2.5e-07	
Position 3873:	T=0.999989	G=2.5e-07	-=1e-05	A=2.5e-07	C=2.5e-07	
Position 3874:	T=2.5e-07	G=2.5e-07	-=1e-05	A=0.999989	C=2.5e-07	
Position 3875:	T=2.5e-07	G=0.999989	-=1e-05	A=2.5e-07	C=2.5e-07	
Position 3876:	T=2.5e-07	G=0.999989	-=1e-05	A=2.5e-07	C=2.5e-07	
Position 3877:	T=2.5e-07	G=2.5e-07	-=1e-05	A=0.999989	C=2.5e-07	
Position 3878:	T=0.999989	G=2.5e-07	-=1e-05	A=2.5e-07	C=2.5e-07	
Position 3879:	T=0.999989	G=2.5e-07	-=1e-05	A=2.5e-07	C=2.5e-07	
Position 3880:	T=0.999989	G=2.5e-07	-=1e-05	A=2.5e-07	C=2.5e-07	
Position 3881:	T=2.5e-07	G=2.5e-07	-=1e-05	A=0.999989	C=2.5e-07	
Position 3882:	T=2.5e-07	G=2.5e-07	-=1e-05	A=2.5e-07	C=0.999989	
Position 3883:	T=2.5e-07	G=0.999989	-=1e-05	A=2.5e-07	C=2.5e-07	
Position 3884:	T=2.5e-07	G=2.5e-07	-=1e-05	A=0.999989	C=2.5e-07	
Position 3885:	T=2.5e-07	G=2.5e-07	-=1e-05	A=2.5e-07	C=0.999989	
Position 3886:	T=2.5e-07	G=2.5e-07	-=1e-05	A=2.5e-07	C=0.999989	
Position 3887:	T=0.999989	G=2.5e-07	-=1e-05	A=2.5e-07	C=2.5e-07	
Position 3888:	T=2.5e-07	G=2.5e-07	-=1e-05	A=2.5e-07	C=0.999989	
Position 3889:	T=2.5e-07	G=0.999989	-=1e-05	A=2.5e-07	C=2.5e-07	
Position 3890:	T=2.5e-07	G=2.5e-07	-=1e-05	A=0.999989	C=2.5e-07	
Position 3891:	T=0.999989	G=2.5e-07	-=1e-05	A=2.5e-07	C=2.5e-07	
Position 3892:	T=2.5e-07	G=0.999989	-=1e-05	A=2.5e-07	C=2.5e-07	
Position 3893:	T=0.999989	G=2.5e-07	-=1e-05	A=2.5e-07	C=2.5e-07	
Position 3894:	T=0.999989	G=2.5e-07	-=1e-05	A=2.5e-07	C=2.5e-07	
Position 3895:	T=2.5e-07	G=0.999989	-=1e-05	A=2.5e-07	C=2.5e-07	
Position 3896:	T=2.5e-07	G=0.999989	-=1e-05	A=2.5e-07	C=2.5e-07	
Position 3897:	T=2.5e-07	G=2.5e-07	-=1e-05	A=0.999989	C=2.5e-07	
Position 3898:	T=0.999989	G=2.5e-07	-=1e-05	A=2.5e-07	C=2.5e-07	
Position 3899:	T=2.5e-07	G=2.5e-07	-=1e-05	A=2.5e-07	C=0.999989	
Position 3900:	T=2.5e-07	G=2.5e-07	-=1e-05	A=0.999989	C=2.5e-07	
Position 3901:	T=0.999989	G=2.5e-07	-=1e-05	A=2.5e-07	C=2.5e-07	
Position 3902:	T=2.5e-07	G=2.5e-07	-=1e-05	A=0.999989	C=2.5e-07	
Position 3903:	T=2.5e-07	G=2.5e-07	-=1e-05	A=0.999989	C=2.5e-07	
Position 3904:	T=2.5e-07	G=2.5e-07	-=1e-05	A=2.5e-07	C=0.999989	
Position 3905:	T=2.5e-07	G=2.5e-07	-=1e-05	A=0.999989	C=2.5e-07	
Position 3906:	T=0.999989	G=2.5e-07	-=1e-05	A=2.5e-07	C=2.5e-07	
Position 3907:	T=2.5e-07	G=2.5e-07	-=1e-05	A=2.5e-07	C=0.999989	
Position 3908:	T=0.2	G=0.2	C=0.2	-=0.2	A=0.2	
Position 3909:	T=0.999989	G=2.5e-07	-=1e-05	A=2.5e-07	C=2.5e-07	
Position 3910:	T=2.5e-07	G=2.5e-07	-=1e-05	A=0.999989	C=2.5e-07	
Position 3911:	T=2.5e-07	G=2.5e-07	-=1e-05	A=2.5e-07	C=0.999989	
Position 3912:	T=2.5e-07	G=0.999989	-=1e-05	A=2.5e-07	C=2.5e-07	
Position 3913:	T=0.999989	G=2.5e-07	-=1e-05	A=2.5e-07	C=2.5e-07	
Position 3914:	T=2.5e-07	G=0.999989	-=1e-05	A=2.5e-07	C=2.5e-07	
Position 3915:	T=2.5e-07	G=2.5e-07	-=1e-05	A=0.999989	C=2.5e-07	
Position 3916:	T=0.999989	G=2.5e-07	-=1e-05	A=2.5e-07	C=2.5e-07	
Position 3917:	T=2.5e-07	G=2.5e-07	-=1e-05	A=2.5e-07	C=0.999989	
Position 3918:	T=0.999989	G=2.5e-07	-=1e-05	A=2.5e-07	C=2.5e-07	
Position 3919:	T=2.5e-07	G=0.999989	-=1e-05	A=2.5e-07	C=2.5e-07	
Position 3920:	T=2.5e-07	G=2.5e-07	-=1e-05	A=0.999989	C=2.5e-07	
Position 3921:	T=2.5e-07	G=0.999989	-=1e-05	A=2.5e-07	C=2.5e-07	
Position 3922:	T=2.5e-07	G=2.5e-07	-=1e-05	A=0.999989	C=2.5e-07	
Position 3923:	T=0.999989	G=2.5e-07	-=1e-05	A=2.5e-07	C=2.5e-07	
Position 3924:	T=2.5e-07	G=2.5e-07	-=1e-05	A=2.5e-07	C=0.999989	
Position 3925:	T=2.5e-07	G=2.5e-07	-=1e-05	A=2.5e-07	C=0.999989	
Position 3926:	T=2.5e-07	G=0.999989	-=1e-05	A=2.5e-07	C=2.5e-07	
Position 3927:	T=2.5e-07	G=2.5e-07	-=1e-05	A=0.999989	C=2.5e-07	
Position 3928:	T=2.5e-07	G=2.5e-07	-=1e-05	A=2.5e-07	C=0.999989	
Position 3929:	T=2.5e-07	G=2.5e-07	-=1e-05	A=2.5e-07	C=0.999989	
Position 3930:	T=2.5e-07	G=0.999989	-=1e-05	A=2.5e-07	C=2.5e-07	
Position 3931:	T=2.5e-07	G=0.999989	-=1e-05	A=2.5e-07	C=2.5e-07	
Position 3932:	T=2.5e-07	G=2.5e-07	-=1e-05	A=0.999989	C=2.5e-07	
Position 3933:	T=2.5e-07	G=0.999989	-=1e-05	A=2.5e-07	C=2.5e-07	
Position 3934:	T=2.5e-07	G=2.5e-07	-=1e-05	A=2.5e-07	C=0.999989	
Position 3935:	T=2.5e-07	G=2.5e-07	-=1e-05	A=0.999989	C=2.5e-07	
Position 3936:	T=2.5e-07	G=2.5e-07	-=1e-05	A=0.999989	C=2.5e-07	
Position 3937:	T=0.999989	G=2.5e-07	-=1e-05	A=2.5e-07	C=2.5e-07	
Position 3938:	T=2.5e-07	G=0.999989	-=1e-05	A=2.5e-07	C=2.5e-07	
Position 3939:	T=2.5e-07	G=2.5e-07	-=1e-05	A=2.5e-07	C=0.999989	
Position 3940:	T=2.5e-07	G=2.5e-07	-=1e-05	A=0.999989	C=2.5e-07	
Position 3941:	T=2.5e-07	G=0.999989	-=1e-05	A=2.5e-07	C=2.5e-07	
Position 3942:	T=2.5e-07	G=0.999989	-=1e-05	A=2.5e-07	C=2.5e-07	
Position 3943:	T=0.999989	G=2.5e-07	-=1e-05	A=2.5e-07	C=2.5e-07	
Position 3944:	T=2.5e-07	G=2.5e-07	-=1e-05	A=2.5e-07	C=0.999989	
Position 3945:	T=2.5e-07	G=0.999989	-=1e-05	A=2.5e-07	C=2.5e-07	
Position 3946:	T=2.5e-07	G=2.5e-07	-=1e-05	A=0.999989	C=2.5e-07	
Position 3947:	T=2.5e-07	G=0.999989	-=1e-05	A=2.5e-07	C=2.5e-07	
Position 3948:	T=0.999989	G=2.5e-07	-=1e-05	A=2.5e-07	C=2.5e-07	
Position 3949:	T=0.999989	G=2.5e-07	-=1e-05	A=2.5e-07	C=2.5e-07	
Position 3950:	T=6.27972e-07	G=6.27972e-07	-=1e-05	A=6.27972e-07	C=0.999987	
Position 3951:	
Position 3952:	
Position 3953:	
Position 3954:	
Position 3955:	
Position 3956:	
Position 3957:	T=2.5e-07	G=2.5e-07	-=1e-05	A=0.999989	C=2.5e-07	
Position 3958:	T=0.999989	G=2.5e-07	-=1e-05	A=2.5e-07	C=2.5e-07	
Position 3959:	T=0.999989	G=2.5e-07	-=1e-05	A=2.5e-07	C=2.5e-07	
Position 3960:	T=0.999989	G=2.5e-07	-=1e-05	A=2.5e-07	C=2.5e-07	
Position 3961:	T=2.5e-07	G=2.5e-07	-=1e-05	A=2.5e-07	C=0.999989	
Position 3962:	T=2.5e-07	G=2.5e-07	-=1e-05	A=0.999989	C=2.5e-07	
Position 3963:	T=2.5e-07	G=2.5e-07	-=1e-05	A=0.999989	C=2.5e-07	
Position 3964:	T=0.999989	G=2.5e-07	-=1e-05	A=2.5e-07	C=2.5e-07	
Position 3965:	T=2.5e-07	G=0.999989	-=1e-05	A=2.5e-07	C=2.5e-07	
Position 3966:	T=2.5e-07	G=2.5e-07	-=1e-05	A=0.999989	C=2.5e-07	
Position 3967:	T=2.5e-07	G=0.999989	-=1e-05	A=2.5e-07	C=2.5e-07	
Position 3968:	T=2.5e-07	G=2.5e-07	-=1e-05	A=2.5e-07	C=0.999989	
Position 3969:	T=0.999989	G=2.5e-07	-=1e-05	A=2.5e-07	C=2.5e-07	
Position 3970:	T=2.5e-07	G=2.5e-07	-=1e-05	A=2.5e-07	C=0.999989	
Position 3971:	T=0.999989	G=2.5e-07	-=1e-05	A=2.5e-07	C=2.5e-07	
Position 3972:	T=2.5e-07	G=2.5e-07	-=1e-05	A=2.5e-07	C=0.999989	
Position 3973:	T=2.5e-07	G=2.5e-07	-=1e-05	A=2.5e-07	C=0.999989	
Position 3974:	T=2.5e-07	G=2.5e-07	-=1e-05	A=2.5e-07	C=0.999989	
Position 3975:	T=2.5e-07	G=2.5e-07	-=1e-05	A=0.999989	C=2.5e-07	
Position 3976:	T=2.5e-07	G=0.999989	-=1e-05	A=2.5e-07	C=2.5e-07	
Position 3977:	T=0.999989	G=2.5e-07	-=1e-05	A=2.5e-07	C=2.5e-07	
Position 3978:	T=2.5e-07	G=2.5e-07	-=1e-05	A=0.999989	C=2.5e-07	
Position 3979:	T=2.5e-07	G=2.5e-07	-=1e-05	A=2.5e-07	C=0.999989	
Position 3980:	T=2.5e-07	G=0.999989	-=1e-05	A=2.5e-07	C=2.5e-07	
Position 3981:	T=2.5e-07	G=2.5e-07	-=1e-05	A=0.999989	C=2.5e-07	
Position 3982:	T=2.5e-07	G=2.5e-07	-=1e-05	A=0.999989	C=2.5e-07	
Position 3983:	T=2.5e-07	G=2.5e-07	-=1e-05	A=0.999989	C=2.5e-07	
Position 3984:	T=2.5e-07	G=0.999989	-=1e-05	A=2.5e-07	C=2.5e-07	
Position 3985:	T=0.999989	G=2.5e-07	-=1e-05	A=2.5e-07	C=2.5e-07	
Position 3986:	T=2.5e-07	G=2.5e-07	-=1e-05	A=0.999989	C=2.5e-07	
Position 3987:	T=2.5e-07	G=2.5e-07	-=1e-05	A=2.5e-07	C=0.999989	
Position 3988:	T=2.5e-07	G=2.5e-07	-=1e-05	A=0.999989	C=2.5e-07	
Position 3989:	T=2.5e-07	G=2.5e-07	-=1e-05	A=0.999989	C=2.5e-07	
Position 3990:	T=2.5e-07	G=0.999989	-=1e-05	A=2.5e-07	C=2.5e-07	
Position 3991:	T=2.5e-07	G=2.5e-07	-=1e-05	A=2.5e-07	C=0.999989	
Position 3992:	T=2.5e-07	G=0.999989	-=1e-05	A=2.5e-07	C=2.5e-07	
Position 3993:	T=2.5e-07	G=2.5e-07	-=1e-05	A=0.999989	C=2.5e-07	
Position 3994:	T=2.5e-07	G=2.5e-07	-=1e-05	A=0.999989	C=2.5e-07	
Position 3995:	T=2.5e-07	G=0.999989	-=1e-05	A=2.5e-07	C=2.5e-07	
Position 3996:	T=0.999989	G=2.5e-07	-=1e-05	A=2.5e-07	C=2.5e-07	
Position 3997:	T=2.5e-07	G=2.5e-07	-=1e-05	A=2.5e-07	C=0.999989	
Position 3998:	T=2.5e-07	G=2.5e-07	-=1e-05	A=0.999989	C=2.5e-07	
Position 3999:	T=2.5e-07	G=0.999989	-=1e-05	A=2.5e-07	C=2.5e-07	
Position 4000:	T=2.5e-07	G=2.5e-07	-=1e-05	A=0.999989	C=2.5e-07	
Position 4001:	T=2.5e-07	G=0.999989	-=1e-05	A=2.5e-07	C=2.5e-07	
Position 4002:	T=2.5e-07	G=2.5e-07	-=1e-05	A=0.999989	C=2.5e-07	
Position 4003:	T=2.5e-07	G=0.999989	-=1e-05	A=2.5e-07	C=2.5e-07	
Position 4004:	T=2.5e-07	G=2.5e-07	-=1e-05	A=0.999989	C=2.5e-07	
Position 4005:	T=2.5e-07	G=0.999989	-=1e-05	A=2.5e-07	C=2.5e-07	
Position 4006:	T=2.5e-07	G=0.999989	-=1e-05	A=2.5e-07	C=2.5e-07	
Position 4007:	T=2.5e-07	G=0.999989	-=1e-05	A=2.5e-07	C=2.5e-07	
Position 4008:	T=3.14731e-07	G=3.14731e-07	-=1e-05	A=3.14731e-07	C=0.999989	
Position 4009:	T=0.999989	G=2.5e-07	-=1e-05	A=2.5e-07	C=2.5e-07	
Position 4010:	T=0.999989	G=2.5e-07	-=1e-05	A=2.5e-07	C=2.5e-07	
Position 4011:	T=0.999989	G=2.5e-07	-=1e-05	A=2.5e-07	C=2.5e-07	
Position 4012:	T=2.5e-07	G=0.999989	-=1e-05	A=2.5e-07	C=2.5e-07	
Position 4013:	T=0.999989	G=2.5e-07	-=1e-05	A=2.5e-07	C=2.5e-07	
Position 4014:	T=0.999989	G=2.5e-07	-=1e-05	A=2.5e-07	C=2.5e-07	
Position 4015:	T=2.5e-07	G=2.5e-07	-=1e-05	A=0.999989	C=2.5e-07	
Position 4016:	T=2.5e-07	G=0.999989	-=1e-05	A=2.5e-07	C=2.5e-07	
Position 4017:	T=2.5e-07	G=0.999989	-=1e-05	A=2.5e-07	C=2.5e-07	
Position 4018:	T=2.5e-07	G=0.999989	-=1e-05	A=2.5e-07	C=2.5e-07	
Position 4019:	T=0.999989	G=2.5e-07	-=1e-05	A=2.5e-07	C=2.5e-07	
Position 4020:	T=2.5e-07	G=0.999989	-=1e-05	A=2.5e-07	C=2.5e-07	
Position 4021:	T=2.5e-07	G=2.5e-07	-=1e-05	A=2.5e-07	C=0.999989	
Position 4022:	T=2.5e-07	G=2.5e-07	-=1e-05	A=2.5e-07	C=0.999989	
Position 4023:	T=2.5e-07	G=2.5e-07	-=1e-05	A=0.999989	C=2.5e-07	
Position 4024:	T=2.5e-07	G=0.999989	-=1e-05	A=2.5e-07	C=2.5e-07	
Position 4025:	T=2.5e-07	G=2.5e-07	-=1e-05	A=0.999989	C=2.5e-07	
Position 4026:	T=2.5e-07	G=0.999989	-=1e-05	A=2.5e-07	C=2.5e-07	
Position 4027:	T=2.5e-07	G=2.5e-07	-=1e-05	A=2.5e-07	C=0.999989	
Position 4028:	T=2.5e-07	G=2.5e-07	-=1e-05	A=2.5e-07	C=0.999989	
Position 4029:	T=2.5e-07	G=2.5e-07	-=1e-05	A=2.5e-07	C=0.999989	
Position 4030:	T=2.5e-07	G=0.999989	-=1e-05	A=2.5e-07	C=2.5e-07	
Position 4031:	T=2.5e-07	G=2.5e-07	-=1e-05	A=0.999989	C=2.5e-07	
Position 4032:	T=0.999989	G=2.5e-07	-=1e-05	A=2.5e-07	C=2.5e-07	
Position 4033:	T=2.5e-07	G=0.999989	-=1e-05	A=2.5e-07	C=2.5e-07	
Position 4034:	T=2.5e-07	G=2.5e-07	-=1e-05	A=0.999989	C=2.5e-07	
Position 4035:	T=0.999989	G=2.5e-07	-=1e-05	A=2.5e-07	C=2.5e-07	
Position 4036:	T=0.999989	G=2.5e-07	-=1e-05	A=2.5e-07	C=2.5e-07	
Position 4037:	T=2.5e-07	G=0.999989	-=1e-05	A=2.5e-07	C=2.5e-07	
Position 4038:	T=2.5e-07	G=2.5e-07	-=1e-05	A=2.5e-07	C=0.999989	
Position 4039:	T=2.5e-07	G=2.5e-07	-=1e-05	A=0.999989	C=2.5e-07	
Position 4040:	T=0.999989	G=2.5e-07	-=1e-05	A=2.5e-07	C=2.5e-07	
Position 4041:	T=2.5e-07	G=2.5e-07	-=1e-05	A=0.999989	C=2.5e-07	
Position 4042:	T=2.5e-07	G=2.5e-07	-=1e-05	A=0.999989	C=2.5e-07	
Position 4043:	T=2.5e-07	G=2.5e-07	-=1e-05	A=0.999989	C=2.5e-07	
Position 4044:	T=2.5e-07	G=2.5e-07	-=1e-05	A=0.999989	C=2.5e-07	
Position 4045:	T=2.5e-07	G=2.5e-07	-=1e-05	A=2.5e-07	C=0.999989	
Position 4046:	T=0.999989	G=2.5e-07	-=1e-05	A=2.5e-07	C=2.5e-07	
Position 4047:	T=0.999989	G=2.5e-07	-=1e-05	A=2.5e-07	C=2.5e-07	
Position 4048:	T=2.5e-07	G=2.5e-07	-=1e-05	A=0.999989	C=2.5e-07	
Position 4049:	T=2.5e-07	G=2.5e-07	-=1e-05	A=0.999989	C=2.5e-07	
Position 4050:	T=2.5e-07	G=2.5e-07	-=1e-05	A=2.5e-07	C=0.999989	
Position 4051:	T=2.5e-07	G=2.5e-07	-=1e-05	A=2.5e-07	C=0.999989	
Position 4052:	T=2.5e-07	G=2.5e-07	-=1e-05	A=2.5e-07	C=0.999989	
Position 4053:	T=0.999989	G=2.5e-07	-=1e-05	A=2.5e-07	C=2.5e-07	
Position 4054:	T=0.999989	G=2.5e-07	-=1e-05	A=2.5e-07	C=2.5e-07	
Position 4055:	T=2.5e-07	G=0.999989	-=1e-05	A=2.5e-07	C=2.5e-07	
Position 4056:	T=0.2	G=0.2	C=0.2	-=0.2	A=0.2	
Position 4057:	T=2.5e-07	G=2.5e-07	-=1e-05	A=0.999989	C=2.5e-07	
Position 4058:	T=0.999989	G=2.5e-07	-=1e-05	A=2.5e-07	C=2.5e-07	
Position 4059:	T=2.5e-07	G=2.5e-07	-=1e-05	A=2.5e-07	C=0.999989	
Position 4060:	T=2.5e-07	G=2.5e-07	-=1e-05	A=2.5e-07	C=0.999989	
Position 4061:	T=2.5e-07	G=0.999989	-=1e-05	A=2.5e-07	C=2.5e-07	
Position 4062:	T=2.5e-07	G=2.5e-07	-=1e-05	A=2.5e-07	C=0.999989	
Position 4063:	T=0.999989	G=2.5e-07	-=1e-05	A=2.5e-07	C=2.5e-07	
Position 4064:	T=2.5e-07	G=2.5e-07	-=1e-05	A=2.5e-07	C=0.999989	
Position 4065:	T=0.999989	G=2.5e-07	-=1e-05	A=2.5e-07	C=2.5e-07	
Position 4066:	T=2.5e-07	G=0.999989	-=1e-05	A=2.5e-07	C=2.5e-07	
Position 4067:	T=2.5e-07	G=2.5e-07	-=1e-05	A=0.999989	C=2.5e-07	
Position 4068:	T=0.999989	G=2.5e-07	-=1e-05	A=2.5e-07	C=2.5e-07	
Position 4069:	T=0.999989	G=2.5e-07	-=1e-05	A=2.5e-07	C=2.5e-07	
Position 4070:	T=2.5e-07	G=0.999989	-=1e-05	A=2.5e-07	C=2.5e-07	
Position 4071:	T=2.5e-07	G=0.999989	-=1e-05	A=2.5e-07	C=2.5e-07	
Position 4072:	T=2.5e-07	G=2.5e-07	-=1e-05	A=0.999989	C=2.5e-07	
Position 4073:	T=2.5e-07	G=0.999989	-=1e-05	A=2.5e-07	C=2.5e-07	
Position 4074:	T=2.5e-07	G=2.5e-07	-=1e-05	A=2.5e-07	C=0.999989	
Position 4075:	T=2.5e-07	G=2.5e-07	-=1e-05	A=2.5e-07	C=0.999989	
Position 4076:	T=2.5e-07	G=2.5e-07	-=1e-05	A=2.5e-07	C=0.999989	
Position 4077:	T=0.999989	G=2.5e-07	-=1e-05	A=2.5e-07	C=2.5e-07	
Position 4078:	T=2.5e-07	G=2.5e-07	-=1e-05	A=2.5e-07	C=0.999989	
Position 4079:	T=2.5e-07	G=2.5e-07	-=1e-05	A=0.999989	C=2.5e-07	
Position 4080:	T=2.5e-07	G=2.5e-07	-=1e-05	A=2.5e-07	C=0.999989	
Position 4081:	T=2.5e-07	G=2.5e-07	-=1e-05	A=0.999989	C=2.5e-07	
Position 4082:	T=2.5e-07	G=0.999989	-=1e-05	A=2.5e-07	C=2.5e-07	
Position 4083:	T=2.5e-07	G=2.5e-07	-=1e-05	A=2.5e-07	C=0.999989	
Position 4084:	T=2.5e-07	G=0.999989	-=1e-05	A=2.5e-07	C=2.5e-07	
Position 4085:	T=2.5e-07	G=0.999989	-=1e-05	A=2.5e-07	C=2.5e-07	
Position 4086:	T=0.999989	G=2.5e-07	-=1e-05	A=2.5e-07	C=2.5e-07	
Position 4087:	T=0.999989	G=2.5e-07	-=1e-05	A=2.5e-07	C=2.5e-07	
Position 4088:	T=2.5e-07	G=0.999989	-=1e-05	A=2.5e-07	C=2.5e-07	
Position 4089:	T=2.5e-07	G=2.5e-07	-=1e-05	A=2.5e-07	C=0.999989	
Position 4090:	T=2.5e-07	G=2.5e-07	-=1e-05	A=0.999989	C=2.5e-07	
Position 4091:	T=2.5e-07	G=2.5e-07	-=1e-05	A=2.5e-07	C=0.999989	
Position 4092:	T=2.5e-07	G=2.5e-07	-=1e-05	A=0.999989	C=2.5e-07	
Position 4093:	T=2.5e-07	G=2.5e-07	-=1e-05	A=2.5e-07	C=0.999989	
Position 4094:	T=2.5e-07	G=2.5e-07	-=1e-05	A=0.999989	C=2.5e-07	
Position 4095:	T=2.5e-07	G=2.5e-07	-=1e-05	A=2.5e-07	C=0.999989	
Position 4096:	T=2.5e-07	G=2.5e-07	-=1e-05	A=0.999989	C=2.5e-07	
Position 4097:	T=2.5e-07	G=2.5e-07	-=1e-05	A=0.999989	C=2.5e-07	
Position 4098:	T=0.999989	G=2.5e-07	-=1e-05	A=2.5e-07	C=2.5e-07	
Position 4099:	T=2.5e-07	G=2.5e-07	-=1e-05	A=2.5e-07	C=0.999989	
Position 4100:	T=0.999989	G=2.5e-07	-=1e-05	A=2.5e-07	C=2.5e-07	
Position 4101:	T=2.5e-07	G=2.5e-07	-=1e-05	A=2.5e-07	C=0.999989	
Position 4102:	T=2.5e-07	G=2.5e-07	-=1e-05	A=0.999989	C=2.5e-07	
Position 4103:	T=2.5e-07	G=0.999989	-=1e-05	A=2.5e-07	C=2.5e-07	
Position 4104:	T=2.5e-07	G=2.5e-07	-=1e-05	A=0.999989	C=2.5e-07	
Position 4105:	T=0.999989	G=2.5e-07	-=1e-05	A=2.5e-07	C=2.5e-07	
Position 4106:	T=2.5e-07	G=0.999989	-=1e-05	A=2.5e-07	C=2.5e-07	
Position 4107:	T=2.5e-07	G=2.5e-07	-=1e-05	A=0.999989	C=2.5e-07	
Position 4108:	T=0.999989	G=2.5e-07	-=1e-05	A=2.5e-07	C=2.5e-07	
Position 4109:	T=2.5e-07	G=2.5e-07	-=1e-05	A=0.999989	C=2.5e-07	
Position 4110:	T=2.5e-07	G=0.999989	-=1e-05	A=2.5e-07	C=2.5e-07	
Position 4111:	T=2.5e-07	G=2.5e-07	-=1e-05	A=2.5e-07	C=0.999989	
Position 4112:	T=0.2	G=0.2	C=0.2	-=0.2	A=0.2	
Position 4113:	T=2.5e-07	G=2.5e-07	-=1e-05	A=0.999989	C=2.5e-07	
Position 4114:	T=0.999989	G=2.5e-07	-=1e-05	A=2.5e-07	C=2.5e-07	
Position 4115:	T=0.999989	G=2.5e-07	-=1e-05	A=2.5e-07	C=2.5e-07	
Position 4116:	T=2.5e-07	G=2.5e-07	-=1e-05	A=0.999989	C=2.5e-07	
Position 4117:	T=0.999989	G=2.5e-07	-=1e-05	A=2.5e-07	C=2.5e-07	
Position 4118:	T=2.5e-07	G=2.5e-07	-=1e-05	A=0.999989	C=2.5e-07	
Position 4119:	T=0.999989	G=2.5e-07	-=1e-05	A=2.5e-07	C=2.5e-07	
Position 4120:	T=2.5e-07	G=0.999989	-=1e-05	A=2.5e-07	C=2.5e-07	
Position 4121:	T=2.5e-07	G=2.5e-07	-=1e-05	A=0.999989	C=2.5e-07	
Position 4122:	T=0.999989	G=2.5e-07	-=1e-05	A=2.5e-07	C=2.5e-07	
Position 4123:	T=0.999989	G=2.5e-07	-=1e-05	A=2.5e-07	C=2.5e-07	
Position 4124:	T=0.999989	G=2.5e-07	-=1e-05	A=2.5e-07	C=2.5e-07	
Position 4125:	T=2.5e-07	G=2.5e-07	-=1e-05	A=0.999989	C=2.5e-07	
Position 4126:	T=0.999989	G=2.5e-07	-=1e-05	A=2.5e-07	C=2.5e-07	
Position 4127:	T=2.5e-07	G=2.5e-07	-=1e-05	A=0.999989	C=2.5e-07	
Position 4128:	T=0.999989	G=2.5e-07	-=1e-05	A=2.5e-07	C=2.5e-07	
Position 4129:	T=0.999989	G=2.5e-07	-=1e-05	A=2.5e-07	C=2.5e-07	
Position 4130:	T=2.5e-07	G=2.5e-07	-=1e-05	A=2.5e-07	C=0.999989	
Position 4131:	T=2.5e-07	G=2.5e-07	-=1e-05	A=2.5e-07	C=0.999989	
Position 4132:	T=2.5e-07	G=2.5e-07	-=1e-05	A=2.5e-07	C=0.999989	
Position 4133:	T=0.999989	G=2.5e-07	-=1e-05	A=2.5e-07	C=2.5e-07	
Position 4134:	T=2.5e-07	G=2.5e-07	-=1e-05	A=2.5e-07	C=0.999989	
Position 4135:	T=0.999989	G=2.5e-07	-=1e-05	A=2.5e-07	C=2.5e-07	
Position 4136:	T=2.5e-07	G=2.5e-07	-=1e-05	A=0.999989	C=2.5e-07	
Position 4137:	T=2.5e-07	G=0.999989	-=1e-05	A=2.5e-07	C=2.5e-07	
Position 4138:	T=2.5e-07	G=2.5e-07	-=1e-05	A=2.5e-07	C=0.999989	
Position 4139:	T=2.5e-07	G=2.5e-07	-=1e-05	A=0.999989	C=2.5e-07	
Position 4140:	T=2.5e-07	G=0.999989	-=1e-05	A=2.5e-07	C=2.5e-07	
Position 4141:	T=2.5e-07	G=2.5e-07	-=1e-05	A=0.999989	C=2.5e-07	
Position 4142:	T=2.5e-07	G=2.5e-07	-=1e-05	A=0.999989	C=2.5e-07	
Position 4143:	T=2.5e-07	G=2.5e-07	-=1e-05	A=0.999989	C=2.5e-07	
Position 4144:	T=2.5e-07	G=2.5e-07	-=1e-05	A=2.5e-07	C=0.999989	
Position 4145:	T=0.999989	G=2.5e-07	-=1e-05	A=2.5e-07	C=2.5e-07	
Position 4146:	T=2.5e-07	G=2.5e-07	-=1e-05	A=0.999989	C=2.5e-07	
Position 4147:	T=2.5e-07	G=2.5e-07	-=1e-05	A=0.999989	C=2.5e-07	
Position 4148:	T=2.5e-07	G=2.5e-07	-=1e-05	A=2.5e-07	C=0.999989	
Position 4149:	T=2.5e-07	G=2.5e-07	-=1e-05	A=2.5e-07	C=0.999989	
Position 4150:	T=2.5e-07	G=0.999989	-=1e-05	A=2.5e-07	C=2.5e-07	
Position 4151:	T=2.5e-07	G=2.5e-07	-=1e-05	A=0.999989	C=2.5e-07	
Position 4152:	T=2.5e-07	G=0.999989	-=1e-05	A=2.5e-07	C=2.5e-07	
Position 4153:	T=2.5e-07	G=2.5e-07	-=1e-05	A=2.5e-07	C=0.999989	
Position 4154:	T=2.5e-07	G=2.5e-07	-=1e-05	A=2.5e-07	C=0.999989	
Position 4155:	T=0.999989	G=2.5e-07	-=1e-05	A=2.5e-07	C=2.5e-07	
Position 4156:	T=2.5e-07	G=2.5e-07	-=1e-05	A=2.5e-07	C=0.999989	
Position 4157:	T=0.999989	G=2.5e-07	-=1e-05	A=2.5e-07	C=2.5e-07	
Position 4158:	T=0.999989	G=2.5e-07	-=1e-05	A=2.5e-07	C=2.5e-07	
Position 4159:	T=0.999989	G=2.5e-07	-=1e-05	A=2.5e-07	C=2.5e-07	
Position 4160:	T=0.999989	G=2.5e-07	-=1e-05	A=2.5e-07	C=2.5e-07	
Position 4161:	T=2.5e-07	G=0.999989	-=1e-05	A=2.5e-07	C=2.5e-07	
Position 4162:	T=2.5e-07	G=2.5e-07	-=1e-05	A=0.999989	C=2.5e-07	
Position 4163:	T=2.5e-07	G=2.5e-07	-=1e-05	A=2.5e-07	C=0.999989	
Position 4164:	T=2.5e-07	G=2.5e-07	-=1e-05	A=0.999989	C=2.5e-07	
Position 4165:	T=0.999989	G=2.5e-07	-=1e-05	A=2.5e-07	C=2.5e-07	
Position 4166:	T=2.5e-07	G=2.5e-07	-=1e-05	A=0.999989	C=2.5e-07	
Position 4167:	T=2.5e-07	G=0.999989	-=1e-05	A=2.5e-07	C=2.5e-07	
Position 4168:	T=2.5e-07	G=2.5e-07	-=1e-05	A=2.5e-07	C=0.999989	
Position 4169:	T=2.5e-07	G=2.5e-07	-=1e-05	A=0.999989	C=2.5e-07	
Position 4170:	T=2.5e-07	G=0.999989	-=1e-05	A=2.5e-07	C=2.5e-07	
Position 4171:	T=2.5e-07	G=2.5e-07	-=1e-05	A=2.5e-07	C=0.999989	
Position 4172:	T=2.5e-07	G=2.5e-07	-=1e-05	A=0.999989	C=2.5e-07	
Position 4173:	T=2.5e-07	G=0.999989	-=1e-05	A=2.5e-07	C=2.5e-07	
Position 4174:	T=2.5e-07	G=0.999989	-=1e-05	A=2.5e-07	C=2.5e-07	
Position 4175:	T=2.5e-07	G=2.5e-07	-=1e-05	A=0.999989	C=2.5e-07	
Position 4176:	T=0.999989	G=2.5e-07	-=1e-05	A=2.5e-07	C=2.5e-07	
Position 4177:	T=2.5e-07	G=2.5e-07	-=1e-05	A=0.999989	C=2.5e-07	
Position 4178:	T=2.5e-07	G=0.999989	-=1e-05	A=2.5e-07	C=2.5e-07	
Position 4179:	T=0.999989	G=2.5e-07	-=1e-05	A=2.5e-07	C=2.5e-07	
Position 4180:	T=2.5e-07	G=2.5e-07	-=1e-05	A=2.5e-07	C=0.999989	
Position 4181:	T=2.5e-07	G=2.5e-07	-=1e-05	A=0.999989	C=2.5e-07	
Position 4182:	T=2.5e-07	G=0.999989	-=1e-05	A=2.5e-07	C=2.5e-07	
Position 4183:	T=2.5e-07	G=2.5e-07	-=1e-05	A=0.999989	C=2.5e-07	
Position 4184:	T=2.5e-07	G=2.5e-07	-=1e-05	A=0.999989	C=2.5e-07	
Position 4185:	T=0.999989	G=2.5e-07	-=1e-05	A=2.5e-07	C=2.5e-07	
Position 4186:	T=0.999989	G=2.5e-07	-=1e-05	A=2.5e-07	C=2.5e-07	
Position 4187:	T=2.5e-07	G=2.5e-07	-=1e-05	A=0.999989	C=2.5e-07	
Position 4188:	T=2.5e-07	G=0.999989	-=1e-05	A=2.5e-07	C=2.5e-07	
Position 4189:	T=2.5e-07	G=2.5e-07	-=1e-05	A=0.999989	C=2.5e-07	
Position 4190:	T=2.5e-07	G=2.5e-07	-=1e-05	A=2.5e-07	C=0.999989	
Position 4191:	T=0.2	G=0.2	C=0.2	-=0.2	A=0.2	
Position 4192:	T=0.999989	G=2.5e-07	-=1e-05	A=2.5e-07	C=2.5e-07	
Position 4193:	T=0.999989	G=2.5e-07	-=1e-05	A=2.5e-07	C=2.5e-07	
Position 4194:	T=2.5e-07	G=0.999989	-=1e-05	A=2.5e-07	C=2.5e-07	
Position 4195:	T=2.5e-07	G=2.5e-07	-=1e-05	A=0.999989	C=2.5e-07	
Position 4196:	T=2.5e-07	G=2.5e-07	-=1e-05	A=0.999989	C=2.5e-07	
Position 4197:	T=2.5e-07	G=2.5e-07	-=1e-05	A=2.5e-07	C=0.999989	
Position 4198:	T=2.5e-07	G=0.999989	-=1e-05	A=2.5e-07	C=2.5e-07	
Position 4199:	T=0.999989	G=2.5e-07	-=1e-05	A=2.5e-07	C=2.5e-07	
Position 4200:	T=2.5e-07	G=2.5e-07	-=1e-05	A=2.5e-07	C=0.999989	
Position 4201:	T=2.5e-07	G=0.999989	-=1e-05	A=2.5e-07	C=2.5e-07	
Position 4202:	T=2.5e-07	G=2.5e-07	-=1e-05	A=0.999989	C=2.5e-07	
Position 4203:	T=2.5e-07	G=0.999989	-=1e-05	A=2.5e-07	C=2.5e-07	
Position 4204:	T=2.5e-07	G=2.5e-07	-=1e-05	A=0.999989	C=2.5e-07	
Position 4205:	T=2.5e-07	G=2.5e-07	-=1e-05	A=0.999989	C=2.5e-07	
Position 4206:	T=2.5e-07	G=2.5e-07	-=1e-05	A=2.5e-07	C=0.999989	
Position 4207:	T=2.5e-07	G=0.999989	-=1e-05	A=2.5e-07	C=2.5e-07	
Position 4208:	T=2.5e-07	G=2.5e-07	-=1e-05	A=2.5e-07	C=0.999989	
Position 4209:	T=2.5e-07	G=2.5e-07	-=1e-05	A=0.999989	C=2.5e-07	
Position 4210:	T=2.5e-07	G=0.999989	-=1e-05	A=2.5e-07	C=2.5e-07	
Position 4211:	T=2.5e-07	G=0.999989	-=1e-05	A=2.5e-07	C=2.5e-07	
Position 4212:	T=2.5e-07	G=2.5e-07	-=1e-05	A=0.999989	C=2.5e-07	
Position 4213:	T=2.5e-07	G=0.999989	-=1e-05	A=2.5e-07	C=2.5e-07	
Position 4214:	T=2.5e-07	G=0.999989	-=1e-05	A=2.5e-07	C=2.5e-07	
Position 4215:	T=2.5e-07	G=2.5e-07	-=1e-05	A=2.5e-07	C=0.999989	
Position 4216:	T=2.5e-07	G=2.5e-07	-=1e-05	A=2.5e-07	C=0.999989	
Position 4217:	T=2.5e-07	G=2.5e-07	-=1e-05	A=2.5e-07	C=0.999989	
Position 4218:	T=2.5e-07	G=2.5e-07	-=1e-05	A=0.999989	C=2.5e-07	
Position 4219:	T=0.999989	G=2.5e-07	-=1e-05	A=2.5e-07	C=2.5e-07	
Position 4220:	T=0.999989	G=2.5e-07	-=1e-05	A=2.5e-07	C=2.5e-07	
Position 4221:	T=2.5e-07	G=2.5e-07	-=1e-05	A=2.5e-07	C=0.999989	
Position 4222:	T=2.5e-07	G=0.999989	-=1e-05	A=2.5e-07	C=2.5e-07	
Position 4223:	T=2.5e-07	G=2.5e-07	-=1e-05	A=2.5e-07	C=0.999989	
Position 4224:	T=2.5e-07	G=0.999989	-=1e-05	A=2.5e-07	C=2.5e-07	
Position 4225:	T=0.999989	G=2.5e-07	-=1e-05	A=2.5e-07	C=2.5e-07	
Position 4226:	T=0.999989	G=2.5e-07	-=1e-05	A=2.5e-07	C=2.5e-07	
Position 4227:	T=2.5e-07	G=2.5e-07	-=1e-05	A=0.999989	C=2.5e-07	
Position 4228:	T=0.999989	G=2.5e-07	-=1e-05	A=2.5e-07	C=2.5e-07	
Position 4229:	T=0.999989	G=2.5e-07	-=1e-05	A=2.5e-07	C=2.5e-07	
Position 4230:	T=0.999989	G=2.5e-07	-=1e-05	A=2.5e-07	C=2.5e-07	
Position 4231:	T=0.999989	G=2.5e-07	-=1e-05	A=2.5e-07	C=2.5e-07	
Position 4232:	T=2.5e-07	G=0.999989	-=1e-05	A=2.5e-07	C=2.5e-07	
Position 4233:	T=2.5e-07	G=2.5e-07	-=1e-05	A=2.5e-07	C=0.999989	
Position 4234:	T=0.999989	G=2.5e-07	-=1e-05	A=2.5e-07	C=2.5e-07	
Position 4235:	T=0.999989	G=2.5e-07	-=1e-05	A=2.5e-07	C=2.5e-07	
Position 4236:	T=2.5e-07	G=2.5e-07	-=1e-05	A=0.999989	C=2.5e-07	
Position 4237:	T=2.5e-07	G=0.999989	-=1e-05	A=2.5e-07	C=2.5e-07	
Position 4238:	T=2.5e-07	G=2.5e-07	-=1e-05	A=2.5e-07	C=0.999989	
Position 4239:	T=2.5e-07	G=2.5e-07	-=1e-05	A=0.999989	C=2.5e-07	
Position 4240:	T=2.5e-07	G=0.999989	-=1e-05	A=2.5e-07	C=2.5e-07	
Position 4241:	T=2.5e-07	G=2.5e-07	-=1e-05	A=0.999989	C=2.5e-07	
Position 4242:	T=2.5e-07	G=2.5e-07	-=1e-05	A=0.999989	C=2.5e-07	
Position 4243:	T=0.999989	G=2.5e-07	-=1e-05	A=2.5e-07	C=2.5e-07	
Position 4244:	T=2.5e-07	G=2.5e-07	-=1e-05	A=0.999989	C=2.5e-07	
Position 4245:	T=2.5e-07	G=2.5e-07	-=1e-05	A=2.5e-07	C=0.999989	
Position 4246:	T=2.5e-07	G=2.5e-07	-=1e-05	A=0.999989	C=2.5e-07	
Position 4247:	T=2.5e-07	G=2.5e-07	-=1e-05	A=2.5e-07	C=0.999989	
Position 4248:	T=2.5e-07	G=2.5e-07	-=1e-05	A=2.5e-07	C=0.999989	
Position 4249:	T=2.5e-07	G=2.5e-07	-=1e-05	A=0.999989	C=2.5e-07	
Position 4250:	T=2.5e-07	G=2.5e-07	-=1e-05	A=0.999989	C=2.5e-07	
Position 4251:	T=2.5e-07	G=2.5e-07	-=1e-05	A=2.5e-07	C=0.999989	
Position 4252:	T=2.5e-07	G=2.5e-07	-=1e-05	A=0.999989	C=2.5e-07	
Position 4253:	T=2.5e-07	G=0.999989	-=1e-05	A=2.5e-07	C=2.5e-07	
Position 4254:	T=0.999989	G=2.5e-07	-=1e-05	A=2.5e-07	C=2.5e-07	
Position 4255:	T=2.5e-07	G=2.5e-07	-=1e-05	A=0.999989	C=2.5e-07	
Position 4256:	T=0.999989	G=2.5e-07	-=1e-05	A=2.5e-07	C=2.5e-07	
Position 4257:	T=0.999989	G=2.5e-07	-=1e-05	A=2.5e-07	C=2.5e-07	
Position 4258:	T=2.5e-07	G=2.5e-07	-=1e-05	A=0.999989	C=2.5e-07	
Position 4259:	T=0.999989	G=2.5e-07	-=1e-05	A=2.5e-07	C=2.5e-07	
Position 4260:	T=2.5e-07	G=2.5e-07	-=1e-05	A=0.999989	C=2.5e-07	
Position 4261:	T=2.5e-07	G=2.5e-07	-=1e-05	A=0.999989	C=2.5e-07	
Position 4262:	T=0.999989	G=2.5e-07	-=1e-05	A=2.5e-07	C=2.5e-07	
Position 4263:	T=2.5e-07	G=2.5e-07	-=1e-05	A=0.999989	C=2.5e-07	
Position 4264:	T=0.999989	G=2.5e-07	-=1e-05	A=2.5e-07	C=2.5e-07	
Position 4265:	T=2.5e-07	G=2.5e-07	-=1e-05	A=0.999989	C=2.5e-07	
Position 4266:	T=0.999989	G=2.5e-07	-=1e-05	A=2.5e-07	C=2.5e-07	
Position 4267:	T=2.5e-07	G=0.999989	-=1e-05	A=2.5e-07	C=2.5e-07	
Position 4268:	T=2.5e-07	G=2.5e-07	-=1e-05	A=2.5e-07	C=0.999989	
Position 4269:	T=2.5e-07	G=0.999989	-=1e-05	A=2.5e-07	C=2.5e-07	
Position 4270:	T=2.5e-07	G=2.5e-07	-=1e-05	A=2.5e-07	C=0.999989	
Position 4271:	T=0.999989	G=2.5e-07	-=1e-05	A=2.5e-07	C=2.5e-07	
Position 4272:	T=2.5e-07	G=2.5e-07	-=1e-05	A=2.5e-07	C=0.999989	
Position 4273:	T=2.5e-07	G=2.5e-07	-=1e-05	A=0.999989	C=2.5e-07	
Position 4274:	T=2.5e-07	G=2.5e-07	-=1e-05	A=2.5e-07	C=0.999989	
Position 4275:	T=2.5e-07	G=0.999989	-=1e-05	A=2.5e-07	C=2.5e-07	
Position 4276:	T=2.5e-07	G=2.5e-07	-=1e-05	A=2.5e-07	C=0.999989	
Position 4277:	T=2.5e-07	G=2.5e-07	-=1e-05	A=2.5e-07	C=0.999989	
Position 4278:	T=0.999989	G=2.5e-07	-=1e-05	A=2.5e-07	C=2.5e-07	
Position 4279:	T=9.95268e-06	G=9.95268e-06	-=1e-05	A=0.99995	C=9.95268e-06	
Position 4280:	T=0.999989	G=2.5e-07	-=1e-05	A=2.5e-07	C=2.5e-07	
Position 4281:	T=2.5e-07	G=2.5e-07	-=1e-05	A=2.5e-07	C=0.999989	
Position 4282:	T=2.5e-07	G=2.5e-07	-=1e-05	A=0.999989	C=2.5e-07	
Position 4283:	T=0.999989	G=2.5e-07	-=1e-05	A=2.5e-07	C=2.5e-07	
Position 4284:	T=2.5e-07	G=2.5e-07	-=1e-05	A=0.999989	C=2.5e-07	
Position 4285:	T=0.999989	G=2.5e-07	-=1e-05	A=2.5e-07	C=2.5e-07	
Position 4286:	T=0.999989	G=2.5e-07	-=1e-05	A=2.5e-07	C=2.5e-07	
Position 4287:	T=2.5e-07	G=2.5e-07	-=1e-05	A=2.5e-07	C=0.999989	
Position 4288:	T=0.999989	G=2.5e-07	-=1e-05	A=2.5e-07	C=2.5e-07	
Position 4289:	T=0.999989	G=2.5e-07	-=1e-05	A=2.5e-07	C=2.5e-07	
Position 4290:	T=0.999989	G=2.5e-07	-=1e-05	A=2.5e-07	C=2.5e-07	
Position 4291:	T=2.5e-07	G=0.999989	-=1e-05	A=2.5e-07	C=2.5e-07	
Position 4292:	T=2.5e-07	G=0.999989	-=1e-05	A=2.5e-07	C=2.5e-07	
Position 4293:	T=2.5e-07	G=2.5e-07	-=1e-05	A=0.999989	C=2.5e-07	
Position 4294:	T=2.5e-07	G=0.999989	-=1e-05	A=2.5e-07	C=2.5e-07	
Position 4295:	T=2.5e-07	G=2.5e-07	-=1e-05	A=2.5e-07	C=0.999989	
Position 4296:	T=2.5e-07	G=2.5e-07	-=1e-05	A=0.999989	C=2.5e-07	
Position 4297:	T=0.999989	G=2.5e-07	-=1e-05	A=2.5e-07	C=2.5e-07	
Position 4298:	T=0.999989	G=2.5e-07	-=1e-05	A=2.5e-07	C=2.5e-07	
Position 4299:	T=2.5e-07	G=2.5e-07	-=1e-05	A=0.999989	C=2.5e-07	
Position 4300:	T=2.5e-07	G=0.999989	-=1e-05	A=2.5e-07	C=2.5e-07	
Position 4301:	T=2.5e-07	G=2.5e-07	-=1e-05	A=0.999989	C=2.5e-07	
Position 4302:	T=0.999989	G=2.5e-07	-=1e-05	A=2.5e-07	C=2.5e-07	
Position 4303:	T=2.5e-07	G=2.5e-07	-=1e-05	A=0.999989	C=2.5e-07	
Position 4304:	T=2.5e-07	G=2.5e-07	-=1e-05	A=0.999989	C=2.5e-07	
Position 4305:	T=2.5e-07	G=2.5e-07	-=1e-05	A=2.5e-07	C=0.999989	
Position 4306:	T=2.5e-07	G=2.5e-07	-=1e-05	A=2.5e-07	C=0.999989	
Position 4307:	T=2.5e-07	G=2.5e-07	-=1e-05	A=2.5e-07	C=0.999989	
Position 4308:	T=2.5e-07	G=2.5e-07	-=1e-05	A=2.5e-07	C=0.999989	
Position 4309:	T=0.999989	G=2.5e-07	-=1e-05	A=2.5e-07	C=2.5e-07	
Position 4310:	T=2.5e-07	G=2.5e-07	-=1e-05	A=0.999989	C=2.5e-07	
Position 4311:	T=2.5e-07	G=2.5e-07	-=1e-05	A=2.5e-07	C=0.999989	
Position 4312:	T=2.5e-07	G=2.5e-07	-=1e-05	A=0.999989	C=2.5e-07	
Position 4313:	T=0.999989	G=2.5e-07	-=1e-05	A=2.5e-07	C=2.5e-07	
Position 4314:	T=2.5e-07	G=2.5e-07	-=1e-05	A=0.999989	C=2.5e-07	
Position 4315:	T=2.5e-07	G=2.5e-07	-=1e-05	A=0.999989	C=2.5e-07	
Position 4316:	T=2.5e-07	G=2.5e-07	-=1e-05	A=2.5e-07	C=0.999989	
Position 4317:	T=0.999989	G=2.5e-07	-=1e-05	A=2.5e-07	C=2.5e-07	
Position 4318:	T=2.5e-07	G=2.5e-07	-=1e-05	A=0.999989	C=2.5e-07	
Position 4319:	T=2.5e-07	G=2.5e-07	-=1e-05	A=0.999989	C=2.5e-07	
Position 4320:	T=0.999989	G=2.5e-07	-=1e-05	A=2.5e-07	C=2.5e-07	
Position 4321:	T=2.5e-07	G=2.5e-07	-=1e-05	A=0.999989	C=2.5e-07	
Position 4322:	T=2.5e-07	G=2.5e-07	-=1e-05	A=2.5e-07	C=0.999989	
Position 4323:	T=2.5e-07	G=2.5e-07	-=1e-05	A=0.999989	C=2.5e-07	
Position 4324:	T=7.90569e-07	G=7.90569e-07	-=1e-05	A=7.90569e-07	C=0.999987	
Position 4325:	T=2.5e-07	G=2.5e-07	-=1e-05	A=2.5e-07	C=0.999989	
Position 4326:	T=0.999989	G=2.5e-07	-=1e-05	A=2.5e-07	C=2.5e-07	
Position 4327:	T=2.5e-07	G=0.999989	-=1e-05	A=2.5e-07	C=2.5e-07	
Position 4328:	T=2.5e-07	G=2.5e-07	-=1e-05	A=2.5e-07	C=0.999989	
Position 4329:	T=0.999989	G=2.5e-07	-=1e-05	A=2.5e-07	C=2.5e-07	
Position 4330:	T=2.5e-07	G=2.5e-07	-=1e-05	A=0.999989	C=2.5e-07	
Position 4331:	T=0.999989	G=2.5e-07	-=1e-05	A=2.5e-07	C=2.5e-07	
Position 4332:	T=2.5e-07	G=0.999989	-=1e-05	A=2.5e-07	C=2.5e-07	
Position 4333:	T=2.5e-07	G=2.5e-07	-=1e-05	A=0.999989	C=2.5e-07	
Position 4334:	T=2.5e-07	G=2.5e-07	-=1e-05	A=0.999989	C=2.5e-07	
Position 4335:	T=2.5e-07	G=2.5e-07	-=1e-05	A=0.999989	C=2.5e-07	
Position 4336:	T=2.5e-07	G=2.5e-07	-=1e-05	A=0.999989	C=2.5e-07	
Position 4337:	T=2.5e-07	G=2.5e-07	-=1e-05	A=0.999989	C=2.5e-07	
Position 4338:	T=2.5e-07	G=2.5e-07	-=1e-05	A=0.999989	C=2.5e-07	
Position 4339:	T=0.999989	G=2.5e-07	-=1e-05	A=2.5e-07	C=2.5e-07	
Position 4340:	T=0.999989	G=2.5e-07	-=1e-05	A=2.5e-07	C=2.5e-07	
Position 4341:	T=0.999989	G=2.5e-07	-=1e-05	A=2.5e-07	C=2.5e-07	
Position 4342:	T=2.5e-07	G=2.5e-07	-=1e-05	A=2.5e-07	C=0.999989	
Position 4343:	T=2.5e-07	G=2.5e-07	-=1e-05	A=2.5e-07	C=0.999989	
Position 4344:	T=0.999989	G=2.5e-07	-=1e-05	A=2.5e-07	C=2.5e-07	
Position 4345:	T=2.5e-07	G=2.5e-07	-=1e-05	A=0.999989	C=2.5e-07	
Position 4346:	T=2.5e-07	G=2.5e-07	-=1e-05	A=2.5e-07	C=0.999989	
Position 4347:	T=2.5e-07	G=2.5e-07	-=1e-05	A=2.5e-07	C=0.999989	
Position 4348:	T=2.5e-07	G=2.5e-07	-=1e-05	A=2.5e-07	C=0.999989	
Position 4349:	T=2.5e-07	G=2.5e-07	-=1e-05	A=2.5e-07	C=0.999989	
Position 4350:	T=0.999989	G=2.5e-07	-=1e-05	A=2.5e-07	C=2.5e-07	
Position 4351:	T=0.999989	G=2.5e-07	-=1e-05	A=2.5e-07	C=2.5e-07	
Position 4352:	T=2.5e-07	G=2.5e-07	-=1e-05	A=0.999989	C=2.5e-07	
Position 4353:	T=2.5e-07	G=2.5e-07	-=1e-05	A=2.5e-07	C=0.999989	
Position 4354:	T=2.5e-07	G=2.5e-07	-=1e-05	A=0.999989	C=2.5e-07	
Position 4355:	T=2.5e-07	G=2.5e-07	-=1e-05	A=2.5e-07	C=0.999989	
Position 4356:	T=0.999989	G=2.5e-07	-=1e-05	A=2.5e-07	C=2.5e-07	
Position 4357:	T=2.5e-07	G=0.999989	-=1e-05	A=2.5e-07	C=2.5e-07	
Position 4358:	T=2.5e-07	G=0.999989	-=1e-05	A=2.5e-07	C=2.5e-07	
Position 4359:	T=2.5e-07	G=2.5e-07	-=1e-05	A=2.5e-07	C=0.999989	
Position 4360:	T=2.5e-07	G=2.5e-07	-=1e-05	A=2.5e-07	C=0.999989	
Position 4361:	T=2.5e-07	G=2.5e-07	-=1e-05	A=2.5e-07	C=0.999989	
Position 4362:	T=2.5e-07	G=2.5e-07	-=1e-05	A=0.999989	C=2.5e-07	
Position 4363:	T=0.2	G=0.2	C=0.2	-=0.2	A=0.2	
Position 4364:	T=2.5e-07	G=2.5e-07	-=1e-05	A=2.5e-07	C=0.999989	
Position 4365:	T=0.999989	G=2.5e-07	-=1e-05	A=2.5e-07	C=2.5e-07	
Position 4366:	T=0.999989	G=2.5e-07	-=1e-05	A=2.5e-07	C=2.5e-07	
Position 4367:	T=2.5e-07	G=2.5e-07	-=1e-05	A=0.999989	C=2.5e-07	
Position 4368:	T=2.5e-07	G=2.5e-07	-=1e-05	A=2.5e-07	C=0.999989	
Position 4369:	T=2.5e-07	G=2.5e-07	-=1e-05	A=0.999989	C=2.5e-07	
Position 4370:	T=2.5e-07	G=0.999989	-=1e-05	A=2.5e-07	C=2.5e-07	
Position 4371:	T=2.5e-07	G=2.5e-07	-=1e-05	A=2.5e-07	C=0.999989	
Position 4372:	T=2.5e-07	G=2.5e-07	-=1e-05	A=0.999989	C=2.5e-07	
Position 4373:	T=2.5e-07	G=2.5e-07	-=1e-05	A=0.999989	C=2.5e-07	
Position 4374:	T=2.5e-07	G=0.999989	-=1e-05	A=2.5e-07	C=2.5e-07	
Position 4375:	T=2.5e-07	G=2.5e-07	-=1e-05	A=2.5e-07	C=0.999989	
Position 4376:	T=2.5e-07	G=2.5e-07	-=1e-05	A=0.999989	C=2.5e-07	
Position 4377:	T=2.5e-07	G=2.5e-07	-=1e-05	A=2.5e-07	C=0.999989	
Position 4378:	T=0.999989	G=2.5e-07	-=1e-05	A=2.5e-07	C=2.5e-07	
Position 4379:	T=2.5e-07	G=2.5e-07	-=1e-05	A=2.5e-07	C=0.999989	
Position 4380:	T=2.5e-07	G=2.5e-07	-=1e-05	A=2.5e-07	C=0.999989	
Position 4381:	T=2.5e-07	G=2.5e-07	-=1e-05	A=0.999989	C=2.5e-07	
Position 4382:	T=2.5e-07	G=2.5e-07	-=1e-05	A=2.5e-07	C=0.999989	
Position 4383:	T=0.999989	G=2.5e-07	-=1e-05	A=2.5e-07	C=2.5e-07	
Position 4384:	T=0.999989	G=2.5e-07	-=1e-05	A=2.5e-07	C=2.5e-07	
Position 4385:	T=2.5e-07	G=2.5e-07	-=1e-05	A=2.5e-07	C=0.999989	
Position 4386:	T=0.999989	G=2.5e-07	-=1e-05	A=2.5e-07	C=2.5e-07	
Position 4387:	T=2.5e-07	G=2.5e-07	-=1e-05	A=0.999989	C=2.5e-07	
Position 4388:	T=2.5e-07	G=2.5e-07	-=1e-05	A=0.999989	C=2.5e-07	
Position 4389:	T=0.999989	G=2.5e-07	-=1e-05	A=2.5e-07	C=2.5e-07	
Position 4390:	T=3.14731e-07	G=3.14731e-07	-=1e-05	A=0.999989	C=3.14731e-07	
Position 4391:	T=0.999989	G=2.5e-07	-=1e-05	A=2.5e-07	C=2.5e-07	
Position 4392:	T=2.5e-07	G=2.5e-07	-=1e-05	A=0.999989	C=2.5e-07	
Position 4393:	T=2.5e-07	G=2.5e-07	-=1e-05	A=0.999989	C=2.5e-07	
Position 4394:	T=0.999989	G=2.5e-07	-=1e-05	A=2.5e-07	C=2.5e-07	
Position 4395:	T=2.5e-07	G=2.5e-07	-=1e-05	A=0.999989	C=2.5e-07	
Position 4396:	T=2.5e-07	G=2.5e-07	-=1e-05	A=0.999989	C=2.5e-07	
Position 4397:	T=0.999989	G=2.5e-07	-=1e-05	A=2.5e-07	C=2.5e-07	
Position 4398:	T=0.999989	G=2.5e-07	-=1e-05	A=2.5e-07	C=2.5e-07	
Position 4399:	T=2.5e-07	G=2.5e-07	-=1e-05	A=0.999989	C=2.5e-07	
Position 4400:	T=0.999989	G=2.5e-07	-=1e-05	A=2.5e-07	C=2.5e-07	
Position 4401:	T=2.5e-07	G=0.999989	-=1e-05	A=2.5e-07	C=2.5e-07	
Position 4402:	T=0.999989	G=2.5e-07	-=1e-05	A=2.5e-07	C=2.5e-07	
Position 4403:	T=2.5e-07	G=2.5e-07	-=1e-05	A=2.5e-07	C=0.999989	
Position 4404:	T=0.999989	G=2.5e-07	-=1e-05	A=2.5e-07	C=2.5e-07	
Position 4405:	T=2.5e-07	G=0.999989	-=1e-05	A=2.5e-07	C=2.5e-07	
Position 4406:	T=2.5e-07	G=2.5e-07	-=1e-05	A=0.999989	C=2.5e-07	
Position 4407:	T=2.5e-07	G=2.5e-07	-=1e-05	A=2.5e-07	C=0.999989	
Position 4408:	T=2.5e-07	G=2.5e-07	-=1e-05	A=0.999989	C=2.5e-07	
Position 4409:	T=2.5e-07	G=2.5e-07	-=1e-05	A=0.999989	C=2.5e-07	
Position 4410:	T=0.999989	G=2.5e-07	-=1e-05	A=2.5e-07	C=2.5e-07	
Position 4411:	T=2.5e-07	G=2.5e-07	-=1e-05	A=0.999989	C=2.5e-07	
Position 4412:	T=2.5e-07	G=0.999989	-=1e-05	A=2.5e-07	C=2.5e-07	
Position 4413:	T=2.5e-07	G=2.5e-07	-=1e-05	A=0.999989	C=2.5e-07	
Position 4414:	T=2.5e-07	G=2.5e-07	-=1e-05	A=0.999989	C=2.5e-07	
Position 4415:	T=0.999989	G=2.5e-07	-=1e-05	A=2.5e-07	C=2.5e-07	
Position 4416:	T=0.999989	G=2.5e-07	-=1e-05	A=2.5e-07	C=2.5e-07	
Position 4417:	T=2.5e-07	G=2.5e-07	-=1e-05	A=0.999989	C=2.5e-07	
Position 4418:	T=2.5e-07	G=2.5e-07	-=1e-05	A=2.5e-07	C=0.999989	
Position 4419:	T=0.999989	G=2.5e-07	-=1e-05	A=2.5e-07	C=2.5e-07	
Position 4420:	T=0.999989	G=2.5e-07	-=1e-05	A=2.5e-07	C=2.5e-07	
Position 4421:	T=0.999989	G=2.5e-07	-=1e-05	A=2.5e-07	C=2.5e-07	
Position 4422:	T=2.5e-07	G=0.999989	-=1e-05	A=2.5e-07	C=2.5e-07	
Position 4423:	T=2.5e-07	G=2.5e-07	-=1e-05	A=0.999989	C=2.5e-07	
Position 4424:	T=0.999989	G=2.5e-07	-=1e-05	A=2.5e-07	C=2.5e-07	
Position 4425:	T=2.5e-07	G=2.5e-07	-=1e-05	A=0.999989	C=2.5e-07	
Position 4426:	T=2.5e-07	G=0.999989	-=1e-05	A=2.5e-07	C=2.5e-07	
Position 4427:	T=2.5e-07	G=2.5e-07	-=1e-05	A=0.999989	C=2.5e-07	
Position 4428:	T=2.5e-07	G=0.999989	-=1e-05	A=2.5e-07	C=2.5e-07	
Position 4429:	T=0.999989	G=2.5e-07	-=1e-05	A=2.5e-07	C=2.5e-07	
Position 4430:	T=2.5e-07	G=2.5e-07	-=1e-05	A=0.999989	C=2.5e-07	
Position 4431:	T=2.5e-07	G=2.5e-07	-=1e-05	A=0.999989	C=2.5e-07	
Position 4432:	T=2.5e-07	G=2.5e-07	-=1e-05	A=0.999989	C=2.5e-07	
Position 4433:	T=0.999989	G=2.5e-07	-=1e-05	A=2.5e-07	C=2.5e-07	
Position 4434:	T=2.5e-07	G=2.5e-07	-=1e-05	A=0.999989	C=2.5e-07	
Position 4435:	T=2.5e-07	G=2.5e-07	-=1e-05	A=0.999989	C=2.5e-07	
Position 4436:	T=0.999989	G=2.5e-07	-=1e-05	A=2.5e-07	C=2.5e-07	
Position 4437:	T=3.14731e-07	G=3.14731e-07	-=1e-05	A=0.999989	C=3.14731e-07	
Position 4438:	T=7.90569e-07	G=0.999987	-=1e-05	A=7.90569e-07	C=7.90569e-07	
Position 4439:	T=2.5e-07	G=2.5e-07	-=1e-05	A=0.999989	C=2.5e-07	
Position 4440:	T=2.5e-07	G=0.999989	-=1e-05	A=2.5e-07	C=2.5e-07	
Position 4441:	T=2.5e-07	G=0.999989	-=1e-05	A=2.5e-07	C=2.5e-07	
Position 4442:	T=0.999989	G=2.5e-07	-=1e-05	A=2.5e-07	C=2.5e-07	
Position 4443:	T=0.999989	G=2.5e-07	-=1e-05	A=2.5e-07	C=2.5e-07	
Position 4444:	T=7.90569e-07	G=7.90569e-07	-=1e-05	A=0.999987	C=7.90569e-07	
Position 4445:	T=2.5e-07	G=0.999989	-=1e-05	A=2.5e-07	C=2.5e-07	
Position 4446:	T=2.5e-07	G=2.5e-07	-=1e-05	A=0.999989	C=2.5e-07	
Position 4447:	T=2.5e-07	G=2.5e-07	-=1e-05	A=0.999989	C=2.5e-07	
Position 4448:	T=0.999989	G=2.5e-07	-=1e-05	A=2.5e-07	C=2.5e-07	
Position 4449:	T=2.5e-07	G=2.5e-07	-=1e-05	A=0.999989	C=2.5e-07	
Position 4450:	T=2.5e-07	G=2.5e-07	-=1e-05	A=2.5e-07	C=0.999989	
Position 4451:	T=0.999989	G=2.5e-07	-=1e-05	A=2.5e-07	C=2.5e-07	
Position 4452:	T=2.5e-07	G=2.5e-07	-=1e-05	A=2.5e-07	C=0.999989	
Position 4453:	T=0.999989	G=2.5e-07	-=1e-05	A=2.5e-07	C=2.5e-07	
Position 4454:	T=0.999989	G=2.5e-07	-=1e-05	A=2.5e-07	C=2.5e-07	
Position 4455:	T=2.5e-07	G=2.5e-07	-=1e-05	A=0.999989	C=2.5e-07	
Position 4456:	T=0.999989	G=2.5e-07	-=1e-05	A=2.5e-07	C=2.5e-07	
Position 4457:	T=0.999989	G=2.5e-07	-=1e-05	A=2.5e-07	C=2.5e-07	
Position 4458:	T=0.999989	G=2.5e-07	-=1e-05	A=2.5e-07	C=2.5e-07	
Position 4459:	T=2.5e-07	G=2.5e-07	-=1e-05	A=2.5e-07	C=0.999989	
Position 4460:	T=0.999989	G=2.5e-07	-=1e-05	A=2.5e-07	C=2.5e-07	
Position 4461:	T=2.5e-07	G=2.5e-07	-=1e-05	A=0.999989	C=2.5e-07	
Position 4462:	T=0.999989	G=2.5e-07	-=1e-05	A=2.5e-07	C=2.5e-07	
Position 4463:	T=2.5e-07	G=2.5e-07	-=1e-05	A=0.999989	C=2.5e-07	
Position 4464:	T=0.2	G=0.2	C=0.2	-=0.2	A=0.2	
Position 4465:	T=0.2	G=0.2	C=0.2	-=0.2	A=0.2	
Position 4466:	T=0.2	G=0.2	C=0.2	-=0.2	A=0.2	
Position 4467:	T=0.2	G=0.2	C=0.2	-=0.2	A=0.2	
Position 4468:	T=0.2	G=0.2	C=0.2	-=0.2	A=0.2	
Position 4469:	T=0.2	G=0.2	C=0.2	-=0.2	A=0.2	
Position 4470:	T=0.2	G=0.2	C=0.2	-=0.2	A=0.2	
Position 4471:	T=0.2	G=0.2	C=0.2	-=0.2	A=0.2	
Position 4472:	T=0.2	G=0.2	C=0.2	-=0.2	A=0.2	
Position 4473:	T=0.2	G=0.2	C=0.2	-=0.2	A=0.2	
Position 4474:	T=2.5e-07	G=2.5e-07	-=1e-05	A=0.999989	C=2.5e-07	
Position 4475:	T=0.999989	G=2.5e-07	-=1e-05	A=2.5e-07	C=2.5e-07	
Position 4476:	T=0.999989	G=2.5e-07	-=1e-05	A=2.5e-07	C=2.5e-07	
Position 4477:	T=2.5e-07	G=2.5e-07	-=1e-05	A=0.999989	C=2.5e-07	
Position 4478:	T=3.14731e-07	G=3.14731e-07	-=1e-05	A=3.14731e-07	C=0.999989	
Position 4479:	T=2.5e-07	G=0.999989	-=1e-05	A=2.5e-07	C=2.5e-07	
Position 4480:	T=2.5e-07	G=0.999989	-=1e-05	A=2.5e-07	C=2.5e-07	
Position 4481:	T=0.999989	G=2.5e-07	-=1e-05	A=2.5e-07	C=2.5e-07	
Position 4482:	T=2.5e-07	G=2.5e-07	-=1e-05	A=0.999989	C=2.5e-07	
Position 4483:	T=2.5e-07	G=2.5e-07	-=1e-05	A=2.5e-07	C=0.999989	
Position 4484:	T=2.5e-07	G=0.999989	-=1e-05	A=2.5e-07	C=2.5e-07	
Position 4485:	T=2.5e-07	G=2.5e-07	-=1e-05	A=0.999989	C=2.5e-07	
Position 4486:	T=2.5e-07	G=2.5e-07	-=1e-05	A=0.999989	C=2.5e-07	
Position 4487:	T=0.999989	G=2.5e-07	-=1e-05	A=2.5e-07	C=2.5e-07	
Position 4488:	T=2.5e-07	G=2.5e-07	-=1e-05	A=0.999989	C=2.5e-07	
Position 4489:	T=0.999989	G=2.5e-07	-=1e-05	A=2.5e-07	C=2.5e-07	
Position 4490:	T=2.5e-07	G=2.5e-07	-=1e-05	A=0.999989	C=2.5e-07	
Position 4491:	T=2.5e-07	G=2.5e-07	-=1e-05	A=0.999989	C=2.5e-07	
Position 4492:	T=2.5e-07	G=2.5e-07	-=1e-05	A=2.5e-07	C=0.999989	
Position 4493:	T=2.5e-07	G=2.5e-07	-=1e-05	A=2.5e-07	C=0.999989	
Position 4494:	T=0.999989	G=2.5e-07	-=1e-05	A=2.5e-07	C=2.5e-07	
Position 4495:	T=2.5e-07	G=2.5e-07	-=1e-05	A=2.5e-07	C=0.999989	
Position 4496:	T=2.5e-07	G=2.5e-07	-=1e-05	A=0.999989	C=2.5e-07	
Position 4497:	T=0.999989	G=2.5e-07	-=1e-05	A=2.5e-07	C=2.5e-07	
Position 4498:	T=2.5e-07	G=2.5e-07	-=1e-05	A=0.999989	C=2.5e-07	
Position 4499:	T=0.999989	G=2.5e-07	-=1e-05	A=2.5e-07	C=2.5e-07	
Position 4500:	T=2.5e-07	G=0.999989	-=1e-05	A=2.5e-07	C=2.5e-07	
Position 4501:	T=2.5e-07	G=2.5e-07	-=1e-05	A=2.5e-07	C=0.999989	
Position 4502:	T=2.5e-07	G=2.5e-07	-=1e-05	A=0.999989	C=2.5e-07	
Position 4503:	T=2.5e-07	G=2.5e-07	-=1e-05	A=0.999989	C=2.5e-07	
Position 4504:	T=2.5e-07	G=2.5e-07	-=1e-05	A=2.5e-07	C=0.999989	
Position 4505:	T=0.999989	G=2.5e-07	-=1e-05	A=2.5e-07	C=2.5e-07	
Position 4506:	T=2.5e-07	G=2.5e-07	-=1e-05	A=0.999989	C=2.5e-07	
Position 4507:	T=2.5e-07	G=2.5e-07	-=1e-05	A=0.999989	C=2.5e-07	
Position 4508:	T=0.999989	G=2.5e-07	-=1e-05	A=2.5e-07	C=2.5e-07	
Position 4509:	T=0.999989	G=2.5e-07	-=1e-05	A=2.5e-07	C=2.5e-07	
Position 4510:	T=2.5e-07	G=2.5e-07	-=1e-05	A=0.999989	C=2.5e-07	
Position 4511:	T=0.999989	G=2.5e-07	-=1e-05	A=2.5e-07	C=2.5e-07	
Position 4512:	T=2.5e-07	G=2.5e-07	-=1e-05	A=2.5e-07	C=0.999989	
Position 4513:	T=2.5e-07	G=2.5e-07	-=1e-05	A=0.999989	C=2.5e-07	
Position 4514:	T=2.5e-07	G=2.5e-07	-=1e-05	A=2.5e-07	C=0.999989	
Position 4515:	T=2.5e-07	G=2.5e-07	-=1e-05	A=0.999989	C=2.5e-07	
Position 4516:	T=0.999989	G=2.5e-07	-=1e-05	A=2.5e-07	C=2.5e-07	
Position 4517:	T=2.5e-07	G=2.5e-07	-=1e-05	A=2.5e-07	C=0.999989	
Position 4518:	T=2.5e-07	G=2.5e-07	-=1e-05	A=2.5e-07	C=0.999989	
Position 4519:	T=2.5e-07	G=2.5e-07	-=1e-05	A=0.999989	C=2.5e-07	
Position 4520:	T=2.5e-07	G=2.5e-07	-=1e-05	A=2.5e-07	C=0.999989	
Position 4521:	T=2.5e-07	G=2.5e-07	-=1e-05	A=2.5e-07	C=0.999989	
Position 4522:	T=2.5e-07	G=2.5e-07	-=1e-05	A=0.999989	C=2.5e-07	
Position 4523:	T=0.999989	G=2.5e-07	-=1e-05	A=2.5e-07	C=2.5e-07	
Position 4524:	T=0.999989	G=2.5e-07	-=1e-05	A=2.5e-07	C=2.5e-07	
Position 4525:	T=2.5e-07	G=2.5e-07	-=1e-05	A=0.999989	C=2.5e-07	
Position 4526:	T=0.999989	G=2.5e-07	-=1e-05	A=2.5e-07	C=2.5e-07	
Position 4527:	T=2.5e-07	G=2.5e-07	-=1e-05	A=2.5e-07	C=0.999989	
Position 4528:	T=3.14731e-07	G=3.14731e-07	-=1e-05	A=3.14731e-07	C=0.999989	
Position 4529:	T=0.999989	G=2.5e-07	-=1e-05	A=2.5e-07	C=2.5e-07	
Position 4530:	T=2.5e-07	G=2.5e-07	-=1e-05	A=0.999989	C=2.5e-07	
Position 4531:	T=0.999989	G=2.5e-07	-=1e-05	A=2.5e-07	C=2.5e-07	
Position 4532:	T=2.5e-07	G=0.999989	-=1e-05	A=2.5e-07	C=2.5e-07	
Position 4533:	T=0.999989	G=2.5e-07	-=1e-05	A=2.5e-07	C=2.5e-07	
Position 4534:	T=2.5e-07	G=2.5e-07	-=1e-05	A=0.999989	C=2.5e-07	
Position 4535:	T=2.5e-07	G=2.5e-07	-=1e-05	A=2.5e-07	C=0.999989	
Position 4536:	T=2.5e-07	G=2.5e-07	-=1e-05	A=2.5e-07	C=0.999989	
Position 4537:	T=2.5e-07	G=2.5e-07	-=1e-05	A=0.999989	C=2.5e-07	
Position 4538:	T=2.5e-07	G=2.5e-07	-=1e-05	A=0.999989	C=2.5e-07	
Position 4539:	T=2.5e-07	G=2.5e-07	-=1e-05	A=0.999989	C=2.5e-07	
Position 4540:	T=2.5e-07	G=2.5e-07	-=1e-05	A=0.999989	C=2.5e-07	
Position 4541:	T=2.5e-07	G=0.999989	-=1e-05	A=2.5e-07	C=2.5e-07	
Position 4542:	T=2.5e-07	G=2.5e-07	-=1e-05	A=2.5e-07	C=0.999989	
Position 4543:	T=2.5e-07	G=0.999989	-=1e-05	A=2.5e-07	C=2.5e-07	
Position 4544:	T=2.5e-07	G=2.5e-07	-=1e-05	A=0.999989	C=2.5e-07	
Position 4545:	T=0.999989	G=2.5e-07	-=1e-05	A=2.5e-07	C=2.5e-07	
Position 4546:	T=2.5e-07	G=2.5e-07	-=1e-05	A=2.5e-07	C=0.999989	
Position 4547:	T=0.999989	G=2.5e-07	-=1e-05	A=2.5e-07	C=2.5e-07	
Position 4548:	T=2.5e-07	G=2.5e-07	-=1e-05	A=0.999989	C=2.5e-07	
Position 4549:	T=0.2	G=0.2	C=0.2	-=0.2	A=0.2	
Position 4550:	T=2.5e-07	G=0.999989	-=1e-05	A=2.5e-07	C=2.5e-07	
Position 4551:	T=0.999989	G=2.5e-07	-=1e-05	A=2.5e-07	C=2.5e-07	
Position 4552:	T=0.999989	G=2.5e-07	-=1e-05	A=2.5e-07	C=2.5e-07	
Position 4553:	T=2.5e-07	G=2.5e-07	-=1e-05	A=2.5e-07	C=0.999989	
Position 4554:	T=2.5e-07	G=2.5e-07	-=1e-05	A=0.999989	C=2.5e-07	
Position 4555:	T=0.999989	G=2.5e-07	-=1e-05	A=2.5e-07	C=2.5e-07	
Position 4556:	T=2.5e-07	G=0.999989	-=1e-05	A=2.5e-07	C=2.5e-07	
Position 4557:	T=2.5e-07	G=2.5e-07	-=1e-05	A=0.999989	C=2.5e-07	
Position 4558:	T=2.5e-07	G=2.5e-07	-=1e-05	A=0.999989	C=2.5e-07	
Position 4559:	T=2.5e-07	G=2.5e-07	-=1e-05	A=0.999989	C=2.5e-07	
Position 4560:	T=2.5e-07	G=2.5e-07	-=1e-05	A=0.999989	C=2.5e-07	
Position 4561:	T=2.5e-07	G=2.5e-07	-=1e-05	A=0.999989	C=2.5e-07	
Position 4562:	T=2.5e-07	G=2.5e-07	-=1e-05	A=0.999989	C=2.5e-07	
Position 4563:	T=0.999989	G=2.5e-07	-=1e-05	A=2.5e-07	C=2.5e-07	
Position 4564:	T=0.999989	G=2.5e-07	-=1e-05	A=2.5e-07	C=2.5e-07	
Position 4565:	T=0.999989	G=2.5e-07	-=1e-05	A=2.5e-07	C=2.5e-07	
Position 4566:	T=2.5e-07	G=2.5e-07	-=1e-05	A=0.999989	C=2.5e-07	
Position 4567:	T=2.5e-07	G=2.5e-07	-=1e-05	A=0.999989	C=2.5e-07	
Position 4568:	T=0.999989	G=2.5e-07	-=1e-05	A=2.5e-07	C=2.5e-07	
Position 4569:	T=2.5e-07	G=2.5e-07	-=1e-05	A=2.5e-07	C=0.999989	
Position 4570:	T=2.5e-07	G=2.5e-07	-=1e-05	A=2.5e-07	C=0.999989	
Position 4571:	T=2.5e-07	G=2.5e-07	-=1e-05	A=0.999989	C=2.5e-07	
Position 4572:	T=2.5e-07	G=2.5e-07	-=1e-05	A=2.5e-07	C=0.999989	
Position 4573:	T=2.5e-07	G=0.999989	-=1e-05	A=2.5e-07	C=2.5e-07	
Position 4574:	T=2.5e-07	G=2.5e-07	-=1e-05	A=0.999989	C=2.5e-07	
Position 4575:	T=2.5e-07	G=0.999989	-=1e-05	A=2.5e-07	C=2.5e-07	
Position 4576:	T=2.5e-07	G=2.5e-07	-=1e-05	A=2.5e-07	C=0.999989	
Position 4577:	T=2.5e-07	G=2.5e-07	-=1e-05	A=2.5e-07	C=0.999989	
Position 4578:	T=2.5e-07	G=2.5e-07	-=1e-05	A=2.5e-07	C=0.999989	
Position 4579:	T=2.5e-07	G=2.5e-07	-=1e-05	A=2.5e-07	C=0.999989	
Position 4580:	T=2.5e-07	G=2.5e-07	-=1e-05	A=0.999989	C=2.5e-07	
Position 4581:	T=2.5e-07	G=0.999989	-=1e-05	A=2.5e-07	C=2.5e-07	
Position 4582:	T=2.5e-07	G=2.5e-07	-=1e-05	A=0.999989	C=2.5e-07	
Position 4583:	T=2.5e-07	G=2.5e-07	-=1e-05	A=0.999989	C=2.5e-07	
Position 4584:	T=2.5e-07	G=2.5e-07	-=1e-05	A=2.5e-07	C=0.999989	
Position 4585:	T=2.5e-07	G=2.5e-07	-=1e-05	A=2.5e-07	C=0.999989	
Position 4586:	T=0.999989	G=2.5e-07	-=1e-05	A=2.5e-07	C=2.5e-07	
Position 4587:	T=0.999989	G=2.5e-07	-=1e-05	A=2.5e-07	C=2.5e-07	
Position 4588:	T=2.5e-07	G=2.5e-07	-=1e-05	A=2.5e-07	C=0.999989	
Position 4589:	T=0.999989	G=2.5e-07	-=1e-05	A=2.5e-07	C=2.5e-07	
Position 4590:	T=2.5e-07	G=2.5e-07	-=1e-05	A=0.999989	C=2.5e-07	
Position 4591:	T=2.5e-07	G=2.5e-07	-=1e-05	A=2.5e-07	C=0.999989	
Position 4592:	T=2.5e-07	G=2.5e-07	-=1e-05	A=0.999989	C=2.5e-07	
Position 4593:	T=2.5e-07	G=2.5e-07	-=1e-05	A=0.999989	C=2.5e-07	
Position 4594:	T=0.2	G=0.2	C=0.2	-=0.2	A=0.2	
Position 4595:	T=2.5e-07	G=2.5e-07	-=1e-05	A=0.999989	C=2.5e-07	
Position 4596:	T=0.999989	G=2.5e-07	-=1e-05	A=2.5e-07	C=2.5e-07	
Position 4597:	T=2.5e-07	G=0.999989	-=1e-05	A=2.5e-07	C=2.5e-07	
Position 4598:	T=2.5e-07	G=2.5e-07	-=1e-05	A=2.5e-07	C=0.999989	
Position 4599:	T=2.5e-07	G=2.5e-07	-=1e-05	A=0.999989	C=2.5e-07	
Position 4600:	T=2.5e-07	G=2.5e-07	-=1e-05	A=2.5e-07	C=0.999989	
Position 4601:	T=2.5e-07	G=2.5e-07	-=1e-05	A=2.5e-07	C=0.999989	
Position 4602:	T=0.999989	G=2.5e-07	-=1e-05	A=2.5e-07	C=2.5e-07	
Position 4603:	T=2.5e-07	G=0.999989	-=1e-05	A=2.5e-07	C=2.5e-07	
Position 4604:	T=2.5e-07	G=2.5e-07	-=1e-05	A=0.999989	C=2.5e-07	
Position 4605:	T=0.999989	G=2.5e-07	-=1e-05	A=2.5e-07	C=2.5e-07	
Position 4606:	T=2.5e-07	G=2.5e-07	-=1e-05	A=0.999989	C=2.5e-07	
Position 4607:	T=2.5e-07	G=2.5e-07	-=1e-05	A=2.5e-07	C=0.999989	
Position 4608:	T=0.999989	G=2.5e-07	-=1e-05	A=2.5e-07	C=2.5e-07	
Position 4609:	T=2.5e-07	G=2.5e-07	-=1e-05	A=0.999989	C=2.5e-07	
Position 4610:	T=2.5e-07	G=0.999989	-=1e-05	A=2.5e-07	C=2.5e-07	
Position 4611:	T=0.999989	G=2.5e-07	-=1e-05	A=2.5e-07	C=2.5e-07	
Position 4612:	T=2.5e-07	G=2.5e-07	-=1e-05	A=2.5e-07	C=0.999989	
Position 4613:	T=2.5e-07	G=2.5e-07	-=1e-05	A=0.999989	C=2.5e-07	
Position 4614:	T=0.999989	G=2.5e-07	-=1e-05	A=2.5e-07	C=2.5e-07	
Position 4615:	T=0.999989	G=2.5e-07	-=1e-05	A=2.5e-07	C=2.5e-07	
Position 4616:	T=2.5e-07	G=2.5e-07	-=1e-05	A=2.5e-07	C=0.999989	
Position 4617:	T=0.999989	G=2.5e-07	-=1e-05	A=2.5e-07	C=2.5e-07	
Position 4618:	T=0.999989	G=2.5e-07	-=1e-05	A=2.5e-07	C=2.5e-07	
Position 4619:	T=2.5e-07	G=2.5e-07	-=1e-05	A=0.999989	C=2.5e-07	
Position 4620:	T=0.999989	G=2.5e-07	-=1e-05	A=2.5e-07	C=2.5e-07	
Position 4621:	T=2.5e-07	G=2.5e-07	-=1e-05	A=2.5e-07	C=0.999989	
Position 4622:	T=2.5e-07	G=2.5e-07	-=1e-05	A=0.999989	C=2.5e-07	
Position 4623:	T=1.57739e-06	G=1.57739e-06	-=1e-05	A=0.999984	C=1.57739e-06	
Position 4624:	T=0.999989	G=2.5e-07	-=1e-05	A=2.5e-07	C=2.5e-07	
Position 4625:	T=2.5e-07	G=0.999989	-=1e-05	A=2.5e-07	C=2.5e-07	
Position 4626:	T=0.999989	G=2.5e-07	-=1e-05	A=2.5e-07	C=2.5e-07	
Position 4627:	T=2.5e-07	G=2.5e-07	-=1e-05	A=0.999989	C=2.5e-07	
Position 4628:	T=2.5e-07	G=2.5e-07	-=1e-05	A=2.5e-07	C=0.999989	
Position 4629:	T=0.999989	G=2.5e-07	-=1e-05	A=2.5e-07	C=2.5e-07	
Position 4630:	T=2.5e-07	G=2.5e-07	-=1e-05	A=0.999989	C=2.5e-07	
Position 4631:	T=2.5e-07	G=0.999989	-=1e-05	A=2.5e-07	C=2.5e-07	
Position 4632:	T=2.5e-07	G=2.5e-07	-=1e-05	A=0.999989	C=2.5e-07	
Position 4633:	T=2.5e-07	G=2.5e-07	-=1e-05	A=0.999989	C=2.5e-07	
Position 4634:	T=0.999989	G=2.5e-07	-=1e-05	A=2.5e-07	C=2.5e-07	
Position 4635:	T=2.5e-07	G=2.5e-07	-=1e-05	A=2.5e-07	C=0.999989	
Position 4636:	T=2.5e-07	G=2.5e-07	-=1e-05	A=0.999989	C=2.5e-07	
Position 4637:	T=0.2	G=0.2	C=0.2	-=0.2	A=0.2	
Position 4638:	T=2.5e-07	G=2.5e-07	-=1e-05	A=2.5e-07	C=0.999989	
Position 4639:	T=2.5e-07	G=0.999989	-=1e-05	A=2.5e-07	C=2.5e-07	
Position 4640:	T=0.999989	G=2.5e-07	-=1e-05	A=2.5e-07	C=2.5e-07	
Position 4641:	T=2.5e-07	G=2.5e-07	-=1e-05	A=0.999989	C=2.5e-07	
Position 4642:	T=2.5e-07	G=2.5e-07	-=1e-05	A=0.999989	C=2.5e-07	
Position 4643:	T=0.999989	G=2.5e-07	-=1e-05	A=2.5e-07	C=2.5e-07	
Position 4644:	T=2.5e-07	G=2.5e-07	-=1e-05	A=2.5e-07	C=0.999989	
Position 4645:	T=3.14731e-05	G=3.14731e-05	-=1e-05	A=0.999864	C=3.14731e-05	
Position 4646:	T=2.5e-07	G=2.5e-07	-=1e-05	A=2.5e-07	C=0.999989	
Position 4647:	T=2.5e-07	G=2.5e-07	-=1e-05	A=2.5e-07	C=0.999989	
Position 4648:	T=2.5e-07	G=2.5e-07	-=1e-05	A=0.999989	C=2.5e-07	
Position 4649:	T=0.999989	G=2.5e-07	-=1e-05	A=2.5e-07	C=2.5e-07	
Position 4650:	T=0.999989	G=2.5e-07	-=1e-05	A=2.5e-07	C=2.5e-07	
Position 4651:	T=2.5e-07	G=0.999989	-=1e-05	A=2.5e-07	C=2.5e-07	
Position 4652:	T=3.14731e-06	G=3.14731e-06	-=1e-05	A=3.14731e-06	C=0.999977	
Position 4653:	T=2.5e-07	G=2.5e-07	-=1e-05	A=2.5e-07	C=0.999989	
Position 4654:	T=2.5e-07	G=2.5e-07	-=1e-05	A=2.5e-07	C=0.999989	
Position 4655:	T=0.999989	G=2.5e-07	-=1e-05	A=2.5e-07	C=2.5e-07	
Position 4656:	T=2.5e-07	G=2.5e-07	-=1e-05	A=0.999989	C=2.5e-07	
Position 4657:	T=2.5e-07	G=0.999989	-=1e-05	A=2.5e-07	C=2.5e-07	
Position 4658:	T=2.5e-07	G=2.5e-07	-=1e-05	A=2.5e-07	C=0.999989	
Position 4659:	T=2.5e-07	G=2.5e-07	-=1e-05	A=0.999989	C=2.5e-07	
Position 4660:	T=2.5e-07	G=2.5e-07	-=1e-05	A=0.999989	C=2.5e-07	
Position 4661:	T=0.999989	G=2.5e-07	-=1e-05	A=2.5e-07	C=2.5e-07	
Position 4662:	T=3.14731e-07	G=3.14731e-07	-=1e-05	A=0.999989	C=3.14731e-07	
Position 4663:	T=2.5e-07	G=2.5e-07	-=1e-05	A=0.999989	C=2.5e-07	
Position 4664:	T=2.5e-07	G=2.5e-07	-=1e-05	A=0.999989	C=2.5e-07	
Position 4665:	T=2.5e-07	G=2.5e-07	-=1e-05	A=0.999989	C=2.5e-07	
Position 4666:	T=2.5e-07	G=2.5e-07	-=1e-05	A=2.5e-07	C=0.999989	
Position 4667:	T=0.999989	G=2.5e-07	-=1e-05	A=2.5e-07	C=2.5e-07	
Position 4668:	T=0.999989	G=2.5e-07	-=1e-05	A=2.5e-07	C=2.5e-07	
Position 4669:	T=2.5e-07	G=0.999989	-=1e-05	A=2.5e-07	C=2.5e-07	
Position 4670:	T=0.999989	G=2.5e-07	-=1e-05	A=2.5e-07	C=2.5e-07	
Position 4671:	T=2.5e-07	G=2.5e-07	-=1e-05	A=2.5e-07	C=0.999989	
Position 4672:	T=2.5e-07	G=2.5e-07	-=1e-05	A=2.5e-07	C=0.999989	
Position 4673:	T=2.5e-07	G=2.5e-07	-=1e-05	A=0.999989	C=2.5e-07	
Position 4674:	T=2.5e-07	G=2.5e-07	-=1e-05	A=0.999989	C=2.5e-07	
Position 4675:	T=2.5e-07	G=0.999989	-=1e-05	A=2.5e-07	C=2.5e-07	
Position 4676:	T=2.5e-07	G=2.5e-07	-=1e-05	A=2.5e-07	C=0.999989	
Position 4677:	T=2.5e-07	G=2.5e-07	-=1e-05	A=2.5e-07	C=0.999989	
Position 4678:	T=2.5e-07	G=2.5e-07	-=1e-05	A=2.5e-07	C=0.999989	
Position 4679:	T=2.5e-07	G=2.5e-07	-=1e-05	A=2.5e-07	C=0.999989	
Position 4680:	T=2.5e-07	G=2.5e-07	-=1e-05	A=2.5e-07	C=0.999989	
Position 4681:	T=0.999989	G=2.5e-07	-=1e-05	A=2.5e-07	C=2.5e-07	
Position 4682:	T=0.999989	G=2.5e-07	-=1e-05	A=2.5e-07	C=2.5e-07	
Position 4683:	T=2.5e-07	G=0.999989	-=1e-05	A=2.5e-07	C=2.5e-07	
Position 4684:	T=2.5e-07	G=2.5e-07	-=1e-05	A=2.5e-07	C=0.999989	
Position 4685:	T=2.5e-07	G=2.5e-07	-=1e-05	A=0.999989	C=2.5e-07	
Position 4686:	T=2.5e-07	G=2.5e-07	-=1e-05	A=2.5e-07	C=0.999989	
Position 4687:	T=0.999989	G=2.5e-07	-=1e-05	A=2.5e-07	C=2.5e-07	
Position 4688:	T=0.999989	G=2.5e-07	-=1e-05	A=2.5e-07	C=2.5e-07	
Position 4689:	T=0.999989	G=2.5e-07	-=1e-05	A=2.5e-07	C=2.5e-07	
Position 4690:	T=0.999989	G=2.5e-07	-=1e-05	A=2.5e-07	C=2.5e-07	
Position 4691:	T=2.5e-07	G=0.999989	-=1e-05	A=2.5e-07	C=2.5e-07	
Position 4692:	T=0.2	G=0.2	C=0.2	-=0.2	A=0.2	
Position 4693:	T=0.999989	G=2.5e-07	-=1e-05	A=2.5e-07	C=2.5e-07	
Position 4694:	T=2.5e-07	G=2.5e-07	-=1e-05	A=0.999989	C=2.5e-07	
Position 4695:	T=0.999984	G=1.57739e-06	-=1e-05	A=1.57739e-06	C=1.57739e-06	
Position 4696:	T=2.5e-07	G=2.5e-07	-=1e-05	A=2.5e-07	C=0.999989	
Position 4697:	T=2.5e-07	G=2.5e-07	-=1e-05	A=2.5e-07	C=0.999989	
Position 4698:	T=2.5e-07	G=2.5e-07	-=1e-05	A=0.999989	C=2.5e-07	
Position 4699:	T=2.5e-07	G=2.5e-07	-=1e-05	A=0.999989	C=2.5e-07	
Position 4700:	T=0.999989	G=2.5e-07	-=1e-05	A=2.5e-07	C=2.5e-07	
Position 4701:	T=2.5e-07	G=2.5e-07	-=1e-05	A=0.999989	C=2.5e-07	
Position 4702:	T=2.5e-07	G=0.999989	-=1e-05	A=2.5e-07	C=2.5e-07	
Position 4703:	T=0.999989	G=2.5e-07	-=1e-05	A=2.5e-07	C=2.5e-07	
Position 4704:	T=2.5e-07	G=2.5e-07	-=1e-05	A=2.5e-07	C=0.999989	
Position 4705:	T=2.5e-07	G=2.5e-07	-=1e-05	A=0.999989	C=2.5e-07	
Position 4706:	T=3.14731e-06	G=3.14731e-06	-=1e-05	A=3.14731e-06	C=0.999977	
Position 4707:	T=2.5e-07	G=2.5e-07	-=1e-05	A=0.999989	C=2.5e-07	
Position 4708:	T=2.5e-07	G=2.5e-07	-=1e-05	A=2.5e-07	C=0.999989	
Position 4709:	T=2.5e-07	G=2.5e-07	-=1e-05	A=0.999989	C=2.5e-07	
Position 4710:	T=2.5e-07	G=2.5e-07	-=1e-05	A=0.999989	C=2.5e-07	
Position 4711:	T=2.5e-07	G=0.999989	-=1e-05	A=2.5e-07	C=2.5e-07	
Position 4712:	T=2.5e-07	G=0.999989	-=1e-05	A=2.5e-07	C=2.5e-07	
Position 4713:	T=2.5e-07	G=2.5e-07	-=1e-05	A=2.5e-07	C=0.999989	
Position 4714:	T=2.5e-07	G=0.999989	-=1e-05	A=2.5e-07	C=2.5e-07	
Position 4715:	T=0.999989	G=2.5e-07	-=1e-05	A=2.5e-07	C=2.5e-07	
Position 4716:	T=0.999989	G=2.5e-07	-=1e-05	A=2.5e-07	C=2.5e-07	
Position 4717:	T=2.5e-07	G=2.5e-07	-=1e-05	A=2.5e-07	C=0.999989	
Position 4718:	T=2.5e-07	G=2.5e-07	-=1e-05	A=2.5e-07	C=0.999989	
Position 4719:	T=0.999989	G=2.5e-07	-=1e-05	A=2.5e-07	C=2.5e-07	
Position 4720:	T=0.999989	G=2.5e-07	-=1e-05	A=2.5e-07	C=2.5e-07	
Position 4721:	T=0.999989	G=2.5e-07	-=1e-05	A=2.5e-07	C=2.5e-07	
Position 4722:	T=2.5e-07	G=0.999989	-=1e-05	A=2.5e-07	C=2.5e-07	
Position 4723:	T=0.999989	G=2.5e-07	-=1e-05	A=2.5e-07	C=2.5e-07	
Position 4724:	T=2.5e-07	G=2.5e-07	-=1e-05	A=2.5e-07	C=0.999989	
Position 4725:	T=2.5e-07	G=2.5e-07	-=1e-05	A=2.5e-07	C=0.999989	
Position 4726:	T=0.999989	G=2.5e-07	-=1e-05	A=2.5e-07	C=2.5e-07	
Position 4727:	T=2.5e-07	G=2.5e-07	-=1e-05	A=2.5e-07	C=0.999989	
Position 4728:	T=2.5e-07	G=2.5e-07	-=1e-05	A=0.999989	C=2.5e-07	
Position 4729:	T=2.5e-07	G=0.999989	-=1e-05	A=2.5e-07	C=2.5e-07	
Position 4730:	T=2.5e-07	G=0.999989	-=1e-05	A=2.5e-07	C=2.5e-07	
Position 4731:	T=2.5e-07	G=2.5e-07	-=1e-05	A=0.999989	C=2.5e-07	
Position 4732:	T=2.5e-07	G=2.5e-07	-=1e-05	A=0.999989	C=2.5e-07	
Position 4733:	T=0.999989	G=2.5e-07	-=1e-05	A=2.5e-07	C=2.5e-07	
Position 4734:	T=2.5e-07	G=0.999989	-=1e-05	A=2.5e-07	C=2.5e-07	
Position 4735:	T=0.999989	G=2.5e-07	-=1e-05	A=2.5e-07	C=2.5e-07	
Position 4736:	T=0.999989	G=2.5e-07	-=1e-05	A=2.5e-07	C=2.5e-07	
Position 4737:	T=0.999989	G=2.5e-07	-=1e-05	A=2.5e-07	C=2.5e-07	
Position 4738:	T=2.5e-07	G=2.5e-07	-=1e-05	A=2.5e-07	C=0.999989	
Position 4739:	T=2.5e-07	G=2.5e-07	-=1e-05	A=0.999989	C=2.5e-07	
Position 4740:	T=2.5e-07	G=2.5e-07	-=1e-05	A=0.999989	C=2.5e-07	
Position 4741:	T=2.5e-07	G=2.5e-07	-=1e-05	A=2.5e-07	C=0.999989	
Position 4742:	T=2.5e-07	G=2.5e-07	-=1e-05	A=0.999989	C=2.5e-07	
Position 4743:	T=2.5e-07	G=2.5e-07	-=1e-05	A=0.999989	C=2.5e-07	
Position 4744:	T=0.999989	G=2.5e-07	-=1e-05	A=2.5e-07	C=2.5e-07	
Position 4745:	T=0.999989	G=2.5e-07	-=1e-05	A=2.5e-07	C=2.5e-07	
Position 4746:	T=2.5e-07	G=2.5e-07	-=1e-05	A=0.999989	C=2.5e-07	
Position 4747:	T=2.5e-07	G=2.5e-07	-=1e-05	A=0.999989	C=2.5e-07	
Position 4748:	T=2.5e-07	G=2.5e-07	-=1e-05	A=2.5e-07	C=0.999989	
Position 4749:	T=2.5e-07	G=2.5e-07	-=1e-05	A=0.999989	C=2.5e-07	
Position 4750:	T=0.999989	G=2.5e-07	-=1e-05	A=2.5e-07	C=2.5e-07	
Position 4751:	T=2.5e-07	G=0.999989	-=1e-05	A=2.5e-07	C=2.5e-07	
Position 4752:	T=2.5e-07	G=2.5e-07	-=1e-05	A=0.999989	C=2.5e-07	
Position 4753:	T=2.5e-07	G=0.999989	-=1e-05	A=2.5e-07	C=2.5e-07	
Position 4754:	T=2.5e-07	G=2.5e-07	-=1e-05	A=0.999989	C=2.5e-07	
Position 4755:	T=2.5e-07	G=2.5e-07	-=1e-05	A=0.999989	C=2.5e-07	
Position 4756:	T=2.5e-07	G=2.5e-07	-=1e-05	A=0.999989	C=2.5e-07	
Position 4757:	T=2.5e-07	G=2.5e-07	-=1e-05	A=0.999989	C=2.5e-07	
Position 4758:	T=2.5e-07	G=2.5e-07	-=1e-05	A=0.999989	C=2.5e-07	
Position 4759:	T=2.5e-07	G=2.5e-07	-=1e-05	A=0.999989	C=2.5e-07	
Position 4760:	T=0.999989	G=2.5e-07	-=1e-05	A=2.5e-07	C=2.5e-07	
Position 4761:	T=2.5e-07	G=2.5e-07	-=1e-05	A=2.5e-07	C=0.999989	
Position 4762:	T=2.5e-07	G=0.999989	-=1e-05	A=2.5e-07	C=2.5e-07	
Position 4763:	T=2.5e-07	G=2.5e-07	-=1e-05	A=2.5e-07	C=0.999989	
Position 4764:	T=2.5e-07	G=2.5e-07	-=1e-05	A=0.999989	C=2.5e-07	
Position 4765:	T=2.5e-07	G=2.5e-07	-=1e-05	A=2.5e-07	C=0.999989	
Position 4766:	T=2.5e-07	G=2.5e-07	-=1e-05	A=2.5e-07	C=0.999989	
Position 4767:	T=0.999989	G=2.5e-07	-=1e-05	A=2.5e-07	C=2.5e-07	
Position 4768:	T=2.5e-07	G=2.5e-07	-=1e-05	A=2.5e-07	C=0.999989	
Position 4769:	T=0.999989	G=2.5e-07	-=1e-05	A=2.5e-07	C=2.5e-07	
Position 4770:	T=2.5e-07	G=2.5e-07	-=1e-05	A=0.999989	C=2.5e-07	
Position 4771:	T=0.999989	G=2.5e-07	-=1e-05	A=2.5e-07	C=2.5e-07	
Position 4772:	T=2.5e-07	G=2.5e-07	-=1e-05	A=2.5e-07	C=0.999989	
Position 4773:	T=2.5e-07	G=2.5e-07	-=1e-05	A=2.5e-07	C=0.999989	
Position 4774:	T=0.999989	G=2.5e-07	-=1e-05	A=2.5e-07	C=2.5e-07	
Position 4775:	T=0.999989	G=2.5e-07	-=1e-05	A=2.5e-07	C=2.5e-07	
Position 4776:	T=2.5e-07	G=2.5e-07	-=1e-05	A=2.5e-07	C=0.999989	
Position 4777:	T=2.5e-07	G=2.5e-07	-=1e-05	A=2.5e-07	C=0.999989	
Position 4778:	T=0.999989	G=2.5e-07	-=1e-05	A=2.5e-07	C=2.5e-07	
Position 4779:	T=2.5e-07	G=2.5e-07	-=1e-05	A=0.999989	C=2.5e-07	
Position 4780:	T=2.5e-07	G=2.5e-07	-=1e-05	A=0.999989	C=2.5e-07	
Position 4781:	T=3.14731e-07	G=3.14731e-07	-=1e-05	A=0.999989	C=3.14731e-07	
Position 4782:	T=2.5e-07	G=0.999989	-=1e-05	A=2.5e-07	C=2.5e-07	
Position 4783:	T=2.5e-07	G=2.5e-07	-=1e-05	A=2.5e-07	C=0.999989	
Position 4784:	T=2.5e-07	G=2.5e-07	-=1e-05	A=0.999989	C=2.5e-07	
Position 4785:	T=2.5e-07	G=2.5e-07	-=1e-05	A=0.999989	C=2.5e-07	
Position 4786:	T=2.5e-07	G=2.5e-07	-=1e-05	A=0.999989	C=2.5e-07	
Position 4787:	T=0.999989	G=2.5e-07	-=1e-05	A=2.5e-07	C=2.5e-07	
Position 4788:	T=2.5e-07	G=2.5e-07	-=1e-05	A=2.5e-07	C=0.999989	
Position 4789:	T=0.999989	G=2.5e-07	-=1e-05	A=2.5e-07	C=2.5e-07	
Position 4790:	T=2.5e-07	G=0.999989	-=1e-05	A=2.5e-07	C=2.5e-07	
Position 4791:	T=2.5e-07	G=2.5e-07	-=1e-05	A=0.999989	C=2.5e-07	
Position 4792:	T=2.5e-07	G=2.5e-07	-=1e-05	A=2.5e-07	C=0.999989	
Position 4793:	T=2.5e-07	G=2.5e-07	-=1e-05	A=2.5e-07	C=0.999989	
Position 4794:	T=2.5e-07	G=0.999989	-=1e-05	A=2.5e-07	C=2.5e-07	
Position 4795:	T=0.999989	G=2.5e-07	-=1e-05	A=2.5e-07	C=2.5e-07	
Position 4796:	T=2.5e-07	G=2.5e-07	-=1e-05	A=2.5e-07	C=0.999989	
Position 4797:	T=2.5e-07	G=2.5e-07	-=1e-05	A=2.5e-07	C=0.999989	
Position 4798:	T=2.5e-07	G=2.5e-07	-=1e-05	A=0.999989	C=2.5e-07	
Position 4799:	T=2.5e-07	G=2.5e-07	-=1e-05	A=0.999989	C=2.5e-07	
Position 4800:	T=2.5e-07	G=2.5e-07	-=1e-05	A=2.5e-07	C=0.999989	
Position 4801:	T=2.5e-07	G=2.5e-07	-=1e-05	A=0.999989	C=2.5e-07	
Position 4802:	T=2.5e-07	G=2.5e-07	-=1e-05	A=0.999989	C=2.5e-07	
Position 4803:	T=0.999989	G=2.5e-07	-=1e-05	A=2.5e-07	C=2.5e-07	
Position 4804:	T=2.5e-07	G=2.5e-07	-=1e-05	A=2.5e-07	C=0.999989	
Position 4805:	T=2.5e-07	G=2.5e-07	-=1e-05	A=2.5e-07	C=0.999989	
Position 4806:	T=2.5e-07	G=2.5e-07	-=1e-05	A=0.999989	C=2.5e-07	
Position 4807:	T=0.999989	G=2.5e-07	-=1e-05	A=2.5e-07	C=2.5e-07	
Position 4808:	T=2.5e-07	G=2.5e-07	-=1e-05	A=0.999989	C=2.5e-07	
Position 4809:	T=2.5e-07	G=2.5e-07	-=1e-05	A=2.5e-07	C=0.999989	
Position 4810:	T=2.5e-07	G=2.5e-07	-=1e-05	A=2.5e-07	C=0.999989	
Position 4811:	T=0.999989	G=2.5e-07	-=1e-05	A=2.5e-07	C=2.5e-07	
Position 4812:	T=2.5e-07	G=0.999989	-=1e-05	A=2.5e-07	C=2.5e-07	
Position 4813:	T=2.5e-07	G=2.5e-07	-=1e-05	A=2.5e-07	C=0.999989	
Position 4814:	T=0.999989	G=2.5e-07	-=1e-05	A=2.5e-07	C=2.5e-07	
Position 4815:	T=2.5e-07	G=2.5e-07	-=1e-05	A=0.999989	C=2.5e-07	
Position 4816:	T=2.5e-07	G=0.999989	-=1e-05	A=2.5e-07	C=2.5e-07	
Position 4817:	T=0.999989	G=2.5e-07	-=1e-05	A=2.5e-07	C=2.5e-07	
Position 4818:	T=3.14731e-07	G=3.14731e-07	-=1e-05	A=0.999989	C=3.14731e-07	
Position 4819:	T=2.5e-07	G=0.999989	-=1e-05	A=2.5e-07	C=2.5e-07	
Position 4820:	T=2.5e-07	G=2.5e-07	-=1e-05	A=2.5e-07	C=0.999989	
Position 4821:	T=2.5e-07	G=2.5e-07	-=1e-05	A=0.999989	C=2.5e-07	
Position 4822:	T=2.5e-07	G=2.5e-07	-=1e-05	A=0.999989	C=2.5e-07	
Position 4823:	T=0.999989	G=2.5e-07	-=1e-05	A=2.5e-07	C=2.5e-07	
Position 4824:	T=2.5e-07	G=2.5e-07	-=1e-05	A=0.999989	C=2.5e-07	
Position 4825:	T=0.999989	G=2.5e-07	-=1e-05	A=2.5e-07	C=2.5e-07	
Position 4826:	T=0.999989	G=2.5e-07	-=1e-05	A=2.5e-07	C=2.5e-07	
Position 4827:	T=2.5e-07	G=0.999989	-=1e-05	A=2.5e-07	C=2.5e-07	
Position 4828:	T=0.999989	G=2.5e-07	-=1e-05	A=2.5e-07	C=2.5e-07	
Position 4829:	T=2.5e-07	G=2.5e-07	-=1e-05	A=0.999989	C=2.5e-07	
Position 4830:	T=2.5e-07	G=0.999989	-=1e-05	A=2.5e-07	C=2.5e-07	
Position 4831:	T=2.5e-07	G=0.999989	-=1e-05	A=2.5e-07	C=2.5e-07	
Position 4832:	T=2.5e-07	G=2.5e-07	-=1e-05	A=0.999989	C=2.5e-07	
Position 4833:	T=2.5e-07	G=0.999989	-=1e-05	A=2.5e-07	C=2.5e-07	
Position 4834:	T=2.5e-07	G=0.999989	-=1e-05	A=2.5e-07	C=2.5e-07	
Position 4835:	T=3.14731e-06	G=3.14731e-06	-=1e-05	A=3.14731e-06	C=0.999977	
Position 4836:	T=0.999989	G=2.5e-07	-=1e-05	A=2.5e-07	C=2.5e-07	
Position 4837:	T=2.5e-07	G=0.999989	-=1e-05	A=2.5e-07	C=2.5e-07	
Position 4838:	T=2.5e-07	G=2.5e-07	-=1e-05	A=2.5e-07	C=0.999989	
Position 4839:	T=2.5e-07	G=0.999989	-=1e-05	A=2.5e-07	C=2.5e-07	
Position 4840:	T=2.5e-07	G=0.999989	-=1e-05	A=2.5e-07	C=2.5e-07	
Position 4841:	T=2.5e-07	G=2.5e-07	-=1e-05	A=2.5e-07	C=0.999989	
Position 4842:	T=2.5e-07	G=0.999989	-=1e-05	A=2.5e-07	C=2.5e-07	
Position 4843:	T=9.95268e-05	G=0.999592	-=1e-05	A=9.95268e-05	C=9.95268e-05	
Position 4844:	T=2.5e-07	G=2.5e-07	-=1e-05	A=0.999989	C=2.5e-07	
Position 4845:	T=2.5e-07	G=2.5e-07	-=1e-05	A=2.5e-07	C=0.999989	
Position 4846:	T=0.999989	G=2.5e-07	-=1e-05	A=2.5e-07	C=2.5e-07	
Position 4847:	T=2.5e-07	G=2.5e-07	-=1e-05	A=0.999989	C=2.5e-07	
Position 4848:	T=2.5e-07	G=2.5e-07	-=1e-05	A=0.999989	C=2.5e-07	
Position 4849:	T=2.5e-07	G=2.5e-07	-=1e-05	A=0.999989	C=2.5e-07	
Position 4850:	T=0.2	G=0.2	C=0.2	-=0.2	A=0.2	
Position 4851:	T=2.5e-07	G=2.5e-07	-=1e-05	A=2.5e-07	C=0.999989	
Position 4852:	T=2.5e-07	G=2.5e-07	-=1e-05	A=0.999989	C=2.5e-07	
Position 4853:	T=2.5e-07	G=2.5e-07	-=1e-05	A=0.999989	C=2.5e-07	
Position 4854:	T=2.5e-07	G=2.5e-07	-=1e-05	A=0.999989	C=2.5e-07	
Position 4855:	T=2.5e-07	G=2.5e-07	-=1e-05	A=2.5e-07	C=0.999989	
Position 4856:	T=0.999989	G=2.5e-07	-=1e-05	A=2.5e-07	C=2.5e-07	
Position 4857:	T=2.5e-07	G=2.5e-07	-=1e-05	A=2.5e-07	C=0.999989	
Position 4858:	T=0.999989	G=2.5e-07	-=1e-05	A=2.5e-07	C=2.5e-07	
Position 4859:	T=2.5e-07	G=2.5e-07	-=1e-05	A=0.999989	C=2.5e-07	
Position 4860:	T=2.5e-07	G=2.5e-07	-=1e-05	A=2.5e-07	C=0.999989	
Position 4861:	T=0.999989	G=2.5e-07	-=1e-05	A=2.5e-07	C=2.5e-07	
Position 4862:	T=2.5e-07	G=2.5e-07	-=1e-05	A=2.5e-07	C=0.999989	
Position 4863:	T=2.5e-07	G=2.5e-07	-=1e-05	A=2.5e-07	C=0.999989	
Position 4864:	T=2.5e-07	G=0.999989	-=1e-05	A=2.5e-07	C=2.5e-07	
Position 4865:	T=2.5e-07	G=2.5e-07	-=1e-05	A=0.999989	C=2.5e-07	
Position 4866:	T=2.5e-07	G=2.5e-07	-=1e-05	A=0.999989	C=2.5e-07	
Position 4867:	T=2.5e-07	G=2.5e-07	-=1e-05	A=0.999989	C=2.5e-07	
Position 4868:	T=2.5e-07	G=2.5e-07	-=1e-05	A=0.999989	C=2.5e-07	
Position 4869:	T=2.5e-07	G=2.5e-07	-=1e-05	A=0.999989	C=2.5e-07	
Position 4870:	T=0.999989	G=2.5e-07	-=1e-05	A=2.5e-07	C=2.5e-07	
Position 4871:	T=2.5e-07	G=0.999989	-=1e-05	A=2.5e-07	C=2.5e-07	
Position 4872:	T=2.5e-07	G=2.5e-07	-=1e-05	A=2.5e-07	C=0.999989	
Position 4873:	T=2.5e-07	G=0.999989	-=1e-05	A=2.5e-07	C=2.5e-07	
Position 4874:	T=2.5e-07	G=2.5e-07	-=1e-05	A=0.999989	C=2.5e-07	
Position 4875:	T=2.5e-07	G=0.999989	-=1e-05	A=2.5e-07	C=2.5e-07	
Position 4876:	T=2.5e-07	G=2.5e-07	-=1e-05	A=2.5e-07	C=0.999989	
Position 4877:	T=2.5e-07	G=2.5e-07	-=1e-05	A=0.999989	C=2.5e-07	
Position 4878:	T=0.999989	G=2.5e-07	-=1e-05	A=2.5e-07	C=2.5e-07	
Position 4879:	T=2.5e-07	G=2.5e-07	-=1e-05	A=0.999989	C=2.5e-07	
Position 4880:	T=2.5e-07	G=2.5e-07	-=1e-05	A=2.5e-07	C=0.999989	
Position 4881:	T=0.999989	G=2.5e-07	-=1e-05	A=2.5e-07	C=2.5e-07	
Position 4882:	T=2.5e-07	G=2.5e-07	-=1e-05	A=0.999989	C=2.5e-07	
Position 4883:	T=0.999989	G=2.5e-07	-=1e-05	A=2.5e-07	C=2.5e-07	
Position 4884:	T=0.999989	G=2.5e-07	-=1e-05	A=2.5e-07	C=2.5e-07	
Position 4885:	T=2.5e-07	G=2.5e-07	-=1e-05	A=0.999989	C=2.5e-07	
Position 4886:	T=2.5e-07	G=2.5e-07	-=1e-05	A=0.999989	C=2.5e-07	
Position 4887:	T=2.5e-07	G=2.5e-07	-=1e-05	A=0.999989	C=2.5e-07	
Position 4888:	T=0.999989	G=2.5e-07	-=1e-05	A=2.5e-07	C=2.5e-07	
Position 4889:	T=2.5e-07	G=2.5e-07	-=1e-05	A=0.999989	C=2.5e-07	
Position 4890:	T=2.5e-07	G=2.5e-07	-=1e-05	A=2.5e-07	C=0.999989	
Position 4891:	T=2.5e-07	G=2.5e-07	-=1e-05	A=2.5e-07	C=0.999989	
Position 4892:	T=0.999989	G=2.5e-07	-=1e-05	A=2.5e-07	C=2.5e-07	
Position 4893:	T=2.5e-07	G=2.5e-07	-=1e-05	A=2.5e-07	C=0.999989	
Position 4894:	T=2.5e-07	G=2.5e-07	-=1e-05	A=0.999989	C=2.5e-07	
Position 4895:	T=2.5e-07	G=2.5e-07	-=1e-05	A=2.5e-07	C=0.999989	
Position 4896:	T=2.5e-07	G=2.5e-07	-=1e-05	A=0.999989	C=2.5e-07	
Position 4897:	T=0.999989	G=2.5e-07	-=1e-05	A=2.5e-07	C=2.5e-07	
Position 4898:	T=0.2	G=0.2	C=0.2	-=0.2	A=0.2	
Position 4899:	T=2.5e-07	G=0.999989	-=1e-05	A=2.5e-07	C=2.5e-07	
Position 4900:	T=2.5e-07	G=0.999989	-=1e-05	A=2.5e-07	C=2.5e-07	
Position 4901:	T=2.5e-07	G=2.5e-07	-=1e-05	A=2.5e-07	C=0.999989	
Position 4902:	T=0.999989	G=2.5e-07	-=1e-05	A=2.5e-07	C=2.5e-07	
Position 4903:	T=2.5e-07	G=0.999989	-=1e-05	A=2.5e-07	C=2.5e-07	
Position 4904:	T=2.5e-07	G=2.5e-07	-=1e-05	A=0.999989	C=2.5e-07	
Position 4905:	T=2.5e-07	G=2.5e-07	-=1e-05	A=0.999989	C=2.5e-07	
Position 4906:	T=0.999989	G=2.5e-07	-=1e-05	A=2.5e-07	C=2.5e-07	
Position 4907:	T=2.5e-07	G=2.5e-07	-=1e-05	A=0.999989	C=2.5e-07	
Position 4908:	T=2.5e-07	G=0.999989	-=1e-05	A=2.5e-07	C=2.5e-07	
Position 4909:	T=2.5e-07	G=2.5e-07	-=1e-05	A=2.5e-07	C=0.999989	
Position 4910:	T=2.5e-07	G=2.5e-07	-=1e-05	A=0.999989	C=2.5e-07	
Position 4911:	T=2.5e-07	G=0.999989	-=1e-05	A=2.5e-07	C=2.5e-07	
Position 4912:	T=2.5e-07	G=2.5e-07	-=1e-05	A=2.5e-07	C=0.999989	
Position 4913:	T=2.5e-07	G=2.5e-07	-=1e-05	A=2.5e-07	C=0.999989	
Position 4914:	T=2.5e-07	G=2.5e-07	-=1e-05	A=0.999989	C=2.5e-07	
Position 4915:	T=2.5e-07	G=0.999989	-=1e-05	A=2.5e-07	C=2.5e-07	
Position 4916:	T=2.5e-07	G=2.5e-07	-=1e-05	A=2.5e-07	C=0.999989	
Position 4917:	T=2.5e-07	G=2.5e-07	-=1e-05	A=0.999989	C=2.5e-07	
Position 4918:	T=0.999989	G=2.5e-07	-=1e-05	A=2.5e-07	C=2.5e-07	
Position 4919:	T=2.5e-07	G=2.5e-07	-=1e-05	A=0.999989	C=2.5e-07	
Position 4920:	T=3.14731e-07	G=3.14731e-07	-=1e-05	A=3.14731e-07	C=0.999989	
Position 4921:	T=0.999989	G=2.5e-07	-=1e-05	A=2.5e-07	C=2.5e-07	
Position 4922:	T=2.5e-07	G=2.5e-07	-=1e-05	A=0.999989	C=2.5e-07	
Position 4923:	T=0.999987	G=7.90569e-07	-=1e-05	A=7.90569e-07	C=7.90569e-07	
Position 4924:	T=0.999989	G=2.5e-07	-=1e-05	A=2.5e-07	C=2.5e-07	
Position 4925:	T=2.5e-07	G=2.5e-07	-=1e-05	A=0.999989	C=2.5e-07	
Position 4926:	T=2.5e-07	G=2.5e-07	-=1e-05	A=2.5e-07	C=0.999989	
Position 4927:	T=0.999989	G=2.5e-07	-=1e-05	A=2.5e-07	C=2.5e-07	
Position 4928:	T=2.5e-07	G=2.5e-07	-=1e-05	A=0.999989	C=2.5e-07	
Position 4929:	T=2.5e-07	G=0.999989	-=1e-05	A=2.5e-07	C=2.5e-07	
Position 4930:	T=2.5e-07	G=0.999989	-=1e-05	A=2.5e-07	C=2.5e-07	
Position 4931:	T=2.5e-07	G=2.5e-07	-=1e-05	A=2.5e-07	C=0.999989	
Position 4932:	T=2.5e-07	G=0.999989	-=1e-05	A=2.5e-07	C=2.5e-07	
Position 4933:	T=2.5e-07	G=0.999989	-=1e-05	A=2.5e-07	C=2.5e-07	
Position 4934:	T=2.5e-07	G=2.5e-07	-=1e-05	A=2.5e-07	C=0.999989	
Position 4935:	T=2.5e-07	G=2.5e-07	-=1e-05	A=2.5e-07	C=0.999989	
Position 4936:	T=0.999989	G=2.5e-07	-=1e-05	A=2.5e-07	C=2.5e-07	
Position 4937:	T=2.5e-07	G=0.999989	-=1e-05	A=2.5e-07	C=2.5e-07	
Position 4938:	T=2.5e-07	G=2.5e-07	-=1e-05	A=2.5e-07	C=0.999989	
Position 4939:	T=2.5e-07	G=2.5e-07	-=1e-05	A=2.5e-07	C=0.999989	
Position 4940:	T=0.999989	G=2.5e-07	-=1e-05	A=2.5e-07	C=2.5e-07	
Position 4941:	T=2.5e-07	G=2.5e-07	-=1e-05	A=2.5e-07	C=0.999989	
Position 4942:	T=2.5e-07	G=2.5e-07	-=1e-05	A=2.5e-07	C=0.999989	
Position 4943:	T=2.5e-07	G=2.5e-07	-=1e-05	A=2.5e-07	C=0.999989	
Position 4944:	T=2.5e-07	G=2.5e-07	-=1e-05	A=2.5e-07	C=0.999989	
Position 4945:	T=0.999989	G=2.5e-07	-=1e-05	A=2.5e-07	C=2.5e-07	
Position 4946:	T=2.5e-07	G=2.5e-07	-=1e-05	A=2.5e-07	C=0.999989	
Position 4947:	T=0.999989	G=2.5e-07	-=1e-05	A=2.5e-07	C=2.5e-07	
Position 4948:	T=2.5e-07	G=2.5e-07	-=1e-05	A=2.5e-07	C=0.999989	
Position 4949:	T=2.5e-07	G=2.5e-07	-=1e-05	A=2.5e-07	C=0.999989	
Position 4950:	T=2.5e-07	G=0.999989	-=1e-05	A=2.5e-07	C=2.5e-07	
Position 4951:	T=2.5e-07	G=0.999989	-=1e-05	A=2.5e-07	C=2.5e-07	
Position 4952:	T=2.5e-07	G=2.5e-07	-=1e-05	A=2.5e-07	C=0.999989	
Position 4953:	T=0.999989	G=2.5e-07	-=1e-05	A=2.5e-07	C=2.5e-07	
Position 4954:	T=0.999989	G=2.5e-07	-=1e-05	A=2.5e-07	C=2.5e-07	
Position 4955:	T=0.999989	G=2.5e-07	-=1e-05	A=2.5e-07	C=2.5e-07	
Position 4956:	T=2.5e-07	G=2.5e-07	-=1e-05	A=0.999989	C=2.5e-07	
Position 4957:	T=0.999989	G=2.5e-07	-=1e-05	A=2.5e-07	C=2.5e-07	
Position 4958:	T=0.999989	G=2.5e-07	-=1e-05	A=2.5e-07	C=2.5e-07	
Position 4959:	T=2.5e-07	G=2.5e-07	-=1e-05	A=2.5e-07	C=0.999989	
Position 4960:	T=2.5e-07	G=2.5e-07	-=1e-05	A=2.5e-07	C=0.999989	
Position 4961:	T=2.5e-07	G=2.5e-07	-=1e-05	A=2.5e-07	C=0.999989	
Position 4962:	T=2.5e-07	G=2.5e-07	-=1e-05	A=0.999989	C=2.5e-07	
Position 4963:	T=0.999989	G=2.5e-07	-=1e-05	A=2.5e-07	C=2.5e-07	
Position 4964:	T=2.5e-07	G=2.5e-07	-=1e-05	A=0.999989	C=2.5e-07	
Position 4965:	T=0.999989	G=2.5e-07	-=1e-05	A=2.5e-07	C=2.5e-07	
Position 4966:	T=2.5e-07	G=0.999989	-=1e-05	A=2.5e-07	C=2.5e-07	
Position 4967:	T=2.5e-07	G=2.5e-07	-=1e-05	A=0.999989	C=2.5e-07	
Position 4968:	T=2.5e-07	G=2.5e-07	-=1e-05	A=0.999989	C=2.5e-07	
Position 4969:	T=0.999989	G=2.5e-07	-=1e-05	A=2.5e-07	C=2.5e-07	
Position 4970:	T=2.5e-07	G=2.5e-07	-=1e-05	A=0.999989	C=2.5e-07	
Position 4971:	T=2.5e-07	G=2.5e-07	-=1e-05	A=0.999989	C=2.5e-07	
Position 4972:	T=2.5e-07	G=0.999989	-=1e-05	A=2.5e-07	C=2.5e-07	
Position 4973:	T=0.999989	G=2.5e-07	-=1e-05	A=2.5e-07	C=2.5e-07	
Position 4974:	T=2.5e-07	G=2.5e-07	-=1e-05	A=0.999989	C=2.5e-07	
Position 4975:	T=0.999989	G=2.5e-07	-=1e-05	A=2.5e-07	C=2.5e-07	
Position 4976:	T=0.999989	G=2.5e-07	-=1e-05	A=2.5e-07	C=2.5e-07	
Position 4977:	T=2.5e-07	G=2.5e-07	-=1e-05	A=2.5e-07	C=0.999989	
Position 4978:	T=2.5e-07	G=2.5e-07	-=1e-05	A=0.999989	C=2.5e-07	
Position 4979:	T=2.5e-07	G=2.5e-07	-=1e-05	A=0.999989	C=2.5e-07	
Position 4980:	T=2.5e-07	G=0.999989	-=1e-05	A=2.5e-07	C=2.5e-07	
Position 4981:	T=0.999989	G=2.5e-07	-=1e-05	A=2.5e-07	C=2.5e-07	
Position 4982:	T=3.14731e-07	G=0.999989	-=1e-05	A=3.14731e-07	C=3.14731e-07	
Position 4983:	T=0.999989	G=2.5e-07	-=1e-05	A=2.5e-07	C=2.5e-07	
Position 4984:	T=2.5e-07	G=2.5e-07	-=1e-05	A=0.999989	C=2.5e-07	
Position 4985:	T=0.999989	G=2.5e-07	-=1e-05	A=2.5e-07	C=2.5e-07	
Position 4986:	T=2.5e-07	G=2.5e-07	-=1e-05	A=0.999989	C=2.5e-07	
Position 4987:	T=2.5e-07	G=2.5e-07	-=1e-05	A=2.5e-07	C=0.999989	
Position 4988:	T=2.5e-07	G=2.5e-07	-=1e-05	A=0.999989	C=2.5e-07	
Position 4989:	T=2.5e-07	G=2.5e-07	-=1e-05	A=0.999989	C=2.5e-07	
Position 4990:	T=0.2	G=0.2	C=0.2	-=0.2	A=0.2	
Position 4991:	T=0.2	G=0.2	C=0.2	-=0.2	A=0.2	
Position 4992:	T=0.2	G=0.2	C=0.2	-=0.2	A=0.2	
Position 4993:	T=0.2	G=0.2	C=0.2	-=0.2	A=0.2	
Position 4994:	T=0.2	G=0.2	C=0.2	-=0.2	A=0.2	
Position 4995:	T=0.2	G=0.2	C=0.2	-=0.2	A=0.2	
Position 4996:	T=0.2	G=0.2	C=0.2	-=0.2	A=0.2	
Position 4997:	T=0.2	G=0.2	C=0.2	-=0.2	A=0.2	
Position 4998:	T=2.5e-07	G=2.5e-07	-=1e-05	A=0.999989	C=2.5e-07	
Position 4999:	T=2.5e-07	G=2.5e-07	-=1e-05	A=0.999989	C=2.5e-07	
Position 5000:	T=0.999989	G=2.5e-07	-=1e-05	A=2.5e-07	C=2.5e-07	
Position 5001:	T=2.5e-07	G=0.999989	-=1e-05	A=2.5e-07	C=2.5e-07	
Position 5002:	T=2.5e-07	G=2.5e-07	-=1e-05	A=0.999989	C=2.5e-07	
Position 5003:	T=0.999989	G=2.5e-07	-=1e-05	A=2.5e-07	C=2.5e-07	
Position 5004:	T=2.5e-07	G=2.5e-07	-=1e-05	A=0.999989	C=2.5e-07	
Position 5005:	T=0.999989	G=2.5e-07	-=1e-05	A=2.5e-07	C=2.5e-07	
Position 5006:	T=2.5e-07	G=2.5e-07	-=1e-05	A=0.999989	C=2.5e-07	
Position 5007:	T=2.5e-07	G=2.5e-07	-=1e-05	A=0.999989	C=2.5e-07	
Position 5008:	T=0.999989	G=2.5e-07	-=1e-05	A=2.5e-07	C=2.5e-07	
Position 5009:	T=0.999989	G=2.5e-07	-=1e-05	A=2.5e-07	C=2.5e-07	
Position 5010:	T=2.5e-07	G=0.999989	-=1e-05	A=2.5e-07	C=2.5e-07	
Position 5011:	T=0.999989	G=2.5e-07	-=1e-05	A=2.5e-07	C=2.5e-07	
Position 5012:	T=2.5e-07	G=2.5e-07	-=1e-05	A=2.5e-07	C=0.999989	
Position 5013:	T=2.5e-07	G=2.5e-07	-=1e-05	A=0.999989	C=2.5e-07	
Position 5014:	T=0.999989	G=2.5e-07	-=1e-05	A=2.5e-07	C=2.5e-07	
Position 5015:	T=1.57739e-06	G=1.57739e-06	-=1e-05	A=1.57739e-06	C=0.999984	
Position 5016:	T=2.5e-07	G=2.5e-07	-=1e-05	A=2.5e-07	C=0.999989	
Position 5017:	T=2.5e-07	G=2.5e-07	-=1e-05	A=2.5e-07	C=0.999989	
Position 5018:	T=2.5e-07	G=2.5e-07	-=1e-05	A=2.5e-07	C=0.999989	
Position 5019:	T=2.5e-07	G=2.5e-07	-=1e-05	A=0.999989	C=2.5e-07	
Position 5020:	T=0.999989	G=2.5e-07	-=1e-05	A=2.5e-07	C=2.5e-07	
Position 5021:	T=2.5e-07	G=2.5e-07	-=1e-05	A=0.999989	C=2.5e-07	
Position 5022:	T=2.5e-07	G=2.5e-07	-=1e-05	A=0.999989	C=2.5e-07	
Position 5023:	T=0.999989	G=2.5e-07	-=1e-05	A=2.5e-07	C=2.5e-07	
Position 5024:	T=2.5e-07	G=2.5e-07	-=1e-05	A=2.5e-07	C=0.999989	
Position 5025:	T=2.5e-07	G=2.5e-07	-=1e-05	A=2.5e-07	C=0.999989	
Position 5026:	T=0.999989	G=2.5e-07	-=1e-05	A=2.5e-07	C=2.5e-07	
Position 5027:	T=2.5e-07	G=2.5e-07	-=1e-05	A=0.999989	C=2.5e-07	
Position 5028:	T=2.5e-07	G=0.999989	-=1e-05	A=2.5e-07	C=2.5e-07	
Position 5029:	T=2.5e-07	G=2.5e-07	-=1e-05	A=2.5e-07	C=0.999989	
Position 5030:	T=2.5e-07	G=2.5e-07	-=1e-05	A=2.5e-07	C=0.999989	
Position 5031:	T=2.5e-07	G=2.5e-07	-=1e-05	A=0.999989	C=2.5e-07	
Position 5032:	T=2.5e-07	G=2.5e-07	-=1e-05	A=2.5e-07	C=0.999989	
Position 5033:	T=2.5e-07	G=2.5e-07	-=1e-05	A=2.5e-07	C=0.999989	
Position 5034:	T=2.5e-07	G=2.5e-07	-=1e-05	A=0.999989	C=2.5e-07	
Position 5035:	T=2.5e-07	G=2.5e-07	-=1e-05	A=2.5e-07	C=0.999989	
Position 5036:	T=2.5e-07	G=2.5e-07	-=1e-05	A=0.999989	C=2.5e-07	
Position 5037:	T=0.2	G=0.2	C=0.2	-=0.2	A=0.2	
Position 5038:	T=2.5e-07	G=2.5e-07	-=1e-05	A=2.5e-07	C=0.999989	
Position 5039:	T=0.999989	G=2.5e-07	-=1e-05	A=2.5e-07	C=2.5e-07	
Position 5040:	T=2.5e-07	G=2.5e-07	-=1e-05	A=2.5e-07	C=0.999989	
Position 5041:	T=0.999989	G=2.5e-07	-=1e-05	A=2.5e-07	C=2.5e-07	
Position 5042:	T=2.5e-07	G=2.5e-07	-=1e-05	A=0.999989	C=2.5e-07	
Position 5043:	T=2.5e-07	G=2.5e-07	-=1e-05	A=0.999989	C=2.5e-07	
Position 5044:	T=0.999989	G=2.5e-07	-=1e-05	A=2.5e-07	C=2.5e-07	
Position 5045:	T=2.5e-07	G=2.5e-07	-=1e-05	A=0.999989	C=2.5e-07	
Position 5046:	T=2.5e-07	G=2.5e-07	-=1e-05	A=0.999989	C=2.5e-07	
Position 5047:	T=2.5e-07	G=2.5e-07	-=1e-05	A=0.999989	C=2.5e-07	
Position 5048:	T=2.5e-07	G=2.5e-07	-=1e-05	A=2.5e-07	C=0.999989	
Position 5049:	T=2.5e-07	G=2.5e-07	-=1e-05	A=2.5e-07	C=0.999989	
Position 5050:	T=0.999989	G=2.5e-07	-=1e-05	A=2.5e-07	C=2.5e-07	
Position 5051:	T=0.999989	G=3.14731e-07	-=1e-05	A=3.14731e-07	C=3.14731e-07	
Position 5052:	T=0.999989	G=2.5e-07	-=1e-05	A=2.5e-07	C=2.5e-07	
Position 5053:	T=9.95268e-05	G=9.95268e-05	-=1e-05	A=0.999592	C=9.95268e-05	
Position 5054:	T=0.999989	G=2.5e-07	-=1e-05	A=2.5e-07	C=2.5e-07	
Position 5055:	T=0.999989	G=2.5e-07	-=1e-05	A=2.5e-07	C=2.5e-07	
Position 5056:	T=0.999989	G=2.5e-07	-=1e-05	A=2.5e-07	C=2.5e-07	
Position 5057:	T=3.14731e-07	G=3.14731e-07	-=1e-05	A=3.14731e-07	C=0.999989	
Position 5058:	T=0.999989	G=2.5e-07	-=1e-05	A=2.5e-07	C=2.5e-07	
Position 5059:	T=2.5e-07	G=2.5e-07	-=1e-05	A=0.999989	C=2.5e-07	
Position 5060:	T=2.5e-07	G=2.5e-07	-=1e-05	A=2.5e-07	C=0.999989	
Position 5061:	T=2.5e-07	G=2.5e-07	-=1e-05	A=0.999989	C=2.5e-07	
Position 5062:	T=0.999989	G=2.5e-07	-=1e-05	A=2.5e-07	C=2.5e-07	
Position 5063:	T=2.5e-07	G=0.999989	-=1e-05	A=2.5e-07	C=2.5e-07	
Position 5064:	T=2.5e-07	G=2.5e-07	-=1e-05	A=2.5e-07	C=0.999989	
Position 5065:	T=2.5e-07	G=0.999989	-=1e-05	A=2.5e-07	C=2.5e-07	
Position 5066:	T=2.5e-07	G=2.5e-07	-=1e-05	A=2.5e-07	C=0.999989	
Position 5067:	T=2.5e-07	G=0.999989	-=1e-05	A=2.5e-07	C=2.5e-07	
Position 5068:	T=0.999989	G=2.5e-07	-=1e-05	A=2.5e-07	C=2.5e-07	
Position 5069:	T=0.2	G=0.2	C=0.2	-=0.2	A=0.2	
Position 5070:	T=0.2	G=0.2	C=0.2	-=0.2	A=0.2	
Position 5071:	T=0.2	G=0.2	C=0.2	-=0.2	A=0.2	
Position 5072:	T=2.5e-07	G=2.5e-07	-=1e-05	A=0.999989	C=2.5e-07	
Position 5073:	T=2.5e-07	G=2.5e-07	-=1e-05	A=0.999989	C=2.5e-07	
Position 5074:	T=2.5e-07	G=0.999989	-=1e-05	A=2.5e-07	C=2.5e-07	
Position 5075:	T=2.5e-07	G=2.5e-07	-=1e-05	A=2.5e-07	C=0.999989	
Position 5076:	T=2.5e-07	G=2.5e-07	-=1e-05	A=0.999989	C=2.5e-07	
Position 5077:	T=2.5e-07	G=2.5e-07	-=1e-05	A=0.999989	C=2.5e-07	
Position 5078:	T=2.5e-07	G=2.5e-07	-=1e-05	A=0.999989	C=2.5e-07	
Position 5079:	T=0.999989	G=2.5e-07	-=1e-05	A=2.5e-07	C=2.5e-07	
Position 5080:	T=0.999989	G=2.5e-07	-=1e-05	A=2.5e-07	C=2.5e-07	
Position 5081:	T=2.5e-07	G=2.5e-07	-=1e-05	A=0.999989	C=2.5e-07	
Position 5082:	T=0.999989	G=2.5e-07	-=1e-05	A=2.5e-07	C=2.5e-07	
Position 5083:	T=2.5e-07	G=2.5e-07	-=1e-05	A=2.5e-07	C=0.999989	
Position 5084:	T=0.999989	G=2.5e-07	-=1e-05	A=2.5e-07	C=2.5e-07	
Position 5085:	T=0.999989	G=2.5e-07	-=1e-05	A=2.5e-07	C=2.5e-07	
Position 5086:	T=2.5e-07	G=2.5e-07	-=1e-05	A=2.5e-07	C=0.999989	
Position 5087:	T=0.999989	G=2.5e-07	-=1e-05	A=2.5e-07	C=2.5e-07	
Position 5088:	T=0.999989	G=2.5e-07	-=1e-05	A=2.5e-07	C=2.5e-07	
Position 5089:	T=2.5e-07	G=0.999989	-=1e-05	A=2.5e-07	C=2.5e-07	
Position 5090:	T=2.5e-07	G=2.5e-07	-=1e-05	A=2.5e-07	C=0.999989	
Position 5091:	T=2.5e-07	G=2.5e-07	-=1e-05	A=2.5e-07	C=0.999989	
Position 5092:	T=2.5e-07	G=2.5e-07	-=1e-05	A=2.5e-07	C=0.999989	
Position 5093:	T=2.5e-07	G=2.5e-07	-=1e-05	A=2.5e-07	C=0.999989	
Position 5094:	T=2.5e-07	G=2.5e-07	-=1e-05	A=2.5e-07	C=0.999989	
Position 5095:	T=0.999989	G=3.14731e-07	-=1e-05	A=3.14731e-07	C=3.14731e-07	
Position 5096:	T=2.5e-07	G=2.5e-07	-=1e-05	A=0.999989	C=2.5e-07	
Position 5097:	T=0.999989	G=2.5e-07	-=1e-05	A=2.5e-07	C=2.5e-07	
Position 5098:	T=2.5e-07	G=2.5e-07	-=1e-05	A=0.999989	C=2.5e-07	
Position 5099:	T=2.5e-07	G=2.5e-07	-=1e-05	A=0.999989	C=2.5e-07	
Position 5100:	T=0.999989	G=2.5e-07	-=1e-05	A=2.5e-07	C=2.5e-07	
Position 5101:	T=2.5e-07	G=2.5e-07	-=1e-05	A=2.5e-07	C=0.999989	
Position 5102:	T=2.5e-07	G=0.999989	-=1e-05	A=2.5e-07	C=2.5e-07	
Position 5103:	T=0.999989	G=2.5e-07	-=1e-05	A=2.5e-07	C=2.5e-07	
Position 5104:	T=2.5e-07	G=2.5e-07	-=1e-05	A=0.999989	C=2.5e-07	
Position 5105:	T=2.5e-07	G=0.999989	-=1e-05	A=2.5e-07	C=2.5e-07	
Position 5106:	T=2.5e-07	G=2.5e-07	-=1e-05	A=2.5e-07	C=0.999989	
Position 5107:	T=2.5e-07	G=2.5e-07	-=1e-05	A=0.999989	C=2.5e-07	
Position 5108:	T=0.999989	G=2.5e-07	-=1e-05	A=2.5e-07	C=2.5e-07	
Position 5109:	T=2.5e-07	G=2.5e-07	-=1e-05	A=2.5e-07	C=0.999989	
Position 5110:	T=2.5e-07	G=2.5e-07	-=1e-05	A=2.5e-07	C=0.999989	
Position 5111:	T=2.5e-07	G=2.5e-07	-=1e-05	A=0.999989	C=2.5e-07	
Position 5112:	T=2.5e-07	G=2.5e-07	-=1e-05	A=2.5e-07	C=0.999989	
Position 5113:	T=2.5e-07	G=2.5e-07	-=1e-05	A=2.5e-07	C=0.999989	
Position 5114:	T=2.5e-07	G=2.5e-07	-=1e-05	A=0.999989	C=2.5e-07	
Position 5115:	T=0.999989	G=2.5e-07	-=1e-05	A=2.5e-07	C=2.5e-07	
Position 5116:	T=2.5e-07	G=2.5e-07	-=1e-05	A=0.999989	C=2.5e-07	
Position 5117:	T=2.5e-07	G=2.5e-07	-=1e-05	A=2.5e-07	C=0.999989	
Position 5118:	T=2.5e-07	G=0.999989	-=1e-05	A=2.5e-07	C=2.5e-07	
Position 5119:	T=2.5e-07	G=2.5e-07	-=1e-05	A=2.5e-07	C=0.999989	
Position 5120:	T=2.5e-07	G=2.5e-07	-=1e-05	A=2.5e-07	C=0.999989	
Position 5121:	T=0.999989	G=2.5e-07	-=1e-05	A=2.5e-07	C=2.5e-07	
Position 5122:	T=2.5e-07	G=2.5e-07	-=1e-05	A=2.5e-07	C=0.999989	
Position 5123:	T=2.5e-07	G=2.5e-07	-=1e-05	A=2.5e-07	C=0.999989	
Position 5124:	T=2.5e-07	G=2.5e-07	-=1e-05	A=2.5e-07	C=0.999989	
Position 5125:	T=2.5e-07	G=2.5e-07	-=1e-05	A=0.999989	C=2.5e-07	
Position 5126:	T=0.999989	G=2.5e-07	-=1e-05	A=2.5e-07	C=2.5e-07	
Position 5127:	T=0.999989	G=2.5e-07	-=1e-05	A=2.5e-07	C=2.5e-07	
Position 5128:	T=2.5e-07	G=2.5e-07	-=1e-05	A=0.999989	C=2.5e-07	
Position 5129:	T=2.5e-07	G=2.5e-07	-=1e-05	A=0.999989	C=2.5e-07	
Position 5130:	T=2.5e-07	G=2.5e-07	-=1e-05	A=2.5e-07	C=0.999989	
Position 5131:	T=0.999989	G=2.5e-07	-=1e-05	A=2.5e-07	C=2.5e-07	
Position 5132:	T=2.5e-07	G=2.5e-07	-=1e-05	A=2.5e-07	C=0.999989	
Position 5133:	T=2.5e-07	G=2.5e-07	-=1e-05	A=2.5e-07	C=0.999989	
Position 5134:	T=2.5e-07	G=2.5e-07	-=1e-05	A=0.999989	C=2.5e-07	
Position 5135:	T=2.5e-07	G=2.5e-07	-=1e-05	A=0.999989	C=2.5e-07	
Position 5136:	T=0.999989	G=2.5e-07	-=1e-05	A=2.5e-07	C=2.5e-07	
Position 5137:	T=0.2	G=0.2	C=0.2	-=0.2	A=0.2	
Position 5138:	T=0.2	G=0.2	C=0.2	-=0.2	A=0.2	
Position 5139:	T=0.2	G=0.2	C=0.2	-=0.2	A=0.2	
Position 5140:	T=0.2	G=0.2	C=0.2	-=0.2	A=0.2	
Position 5141:	T=0.2	G=0.2	C=0.2	-=0.2	A=0.2	
Position 5142:	T=0.2	G=0.2	C=0.2	-=0.2	A=0.2	
Position 5143:	T=0.2	G=0.2	C=0.2	-=0.2	A=0.2	
Position 5144:	T=0.2	G=0.2	C=0.2	-=0.2	A=0.2	
Position 5145:	T=0.2	G=0.2	C=0.2	-=0.2	A=0.2	
Position 5146:	T=0.999989	G=2.5e-07	-=1e-05	A=2.5e-07	C=2.5e-07	
Position 5147:	T=0.999989	G=2.5e-07	-=1e-05	A=2.5e-07	C=2.5e-07	
Position 5148:	T=2.5e-07	G=2.5e-07	-=1e-05	A=0.999989	C=2.5e-07	
Position 5149:	T=2.5e-07	G=0.999989	-=1e-05	A=2.5e-07	C=2.5e-07	
Position 5150:	T=2.5e-07	G=0.999989	-=1e-05	A=2.5e-07	C=2.5e-07	
Position 5151:	T=2.5e-07	G=2.5e-07	-=1e-05	A=2.5e-07	C=0.999989	
Position 5152:	T=2.5e-07	G=2.5e-07	-=1e-05	A=0.999989	C=2.5e-07	
Position 5153:	T=2.5e-07	G=0.999989	-=1e-05	A=2.5e-07	C=2.5e-07	
Position 5154:	T=0.999989	G=2.5e-07	-=1e-05	A=2.5e-07	C=2.5e-07	
Position 5155:	T=0.999989	G=2.5e-07	-=1e-05	A=2.5e-07	C=2.5e-07	
Position 5156:	T=2.5e-07	G=2.5e-07	-=1e-05	A=0.999989	C=2.5e-07	
Position 5157:	T=2.5e-07	G=0.999989	-=1e-05	A=2.5e-07	C=2.5e-07	
Position 5158:	T=2.5e-07	G=0.999989	-=1e-05	A=2.5e-07	C=2.5e-07	
Position 5159:	T=2.5e-07	G=2.5e-07	-=1e-05	A=2.5e-07	C=0.999989	
Position 5160:	T=0.999989	G=2.5e-07	-=1e-05	A=2.5e-07	C=2.5e-07	
Position 5161:	T=2.5e-07	G=2.5e-07	-=1e-05	A=0.999989	C=2.5e-07	
Position 5162:	T=3.14731e-07	G=3.14731e-07	-=1e-05	A=0.999989	C=3.14731e-07	
Position 5163:	T=2.5e-07	G=2.5e-07	-=1e-05	A=0.999989	C=2.5e-07	
Position 5164:	T=2.5e-07	G=2.5e-07	-=1e-05	A=0.999989	C=2.5e-07	
Position 5165:	T=2.5e-07	G=2.5e-07	-=1e-05	A=0.999989	C=2.5e-07	
Position 5166:	T=2.5e-07	G=0.999989	-=1e-05	A=2.5e-07	C=2.5e-07	
Position 5167:	T=2.5e-07	G=2.5e-07	-=1e-05	A=0.999989	C=2.5e-07	
Position 5168:	T=2.5e-07	G=2.5e-07	-=1e-05	A=2.5e-07	C=0.999989	
Position 5169:	T=2.5e-07	G=2.5e-07	-=1e-05	A=2.5e-07	C=0.999989	
Position 5170:	T=2.5e-07	G=2.5e-07	-=1e-05	A=0.999989	C=2.5e-07	
Position 5171:	T=2.5e-07	G=2.5e-07	-=1e-05	A=0.999989	C=2.5e-07	
Position 5172:	T=2.5e-07	G=0.999989	-=1e-05	A=2.5e-07	C=2.5e-07	
Position 5173:	T=2.5e-07	G=0.999989	-=1e-05	A=2.5e-07	C=2.5e-07	
Position 5174:	T=2.5e-07	G=0.999989	-=1e-05	A=2.5e-07	C=2.5e-07	
Position 5175:	T=2.5e-07	G=2.5e-07	-=1e-05	A=2.5e-07	C=0.999989	
Position 5176:	T=1.98582e-06	G=1.98582e-06	-=1e-05	A=1.98582e-06	C=0.999982	
Position 5177:	T=0.999989	G=2.5e-07	-=1e-05	A=2.5e-07	C=2.5e-07	
Position 5178:	T=0.999989	G=2.5e-07	-=1e-05	A=2.5e-07	C=2.5e-07	
Position 5179:	T=0.2	G=0.2	C=0.2	-=0.2	A=0.2	
Position 5180:	T=2.5e-07	G=2.5e-07	-=1e-05	A=0.999989	C=2.5e-07	
Position 5181:	T=2.5e-07	G=2.5e-07	-=1e-05	A=0.999989	C=2.5e-07	
Position 5182:	T=2.5e-07	G=2.5e-07	-=1e-05	A=0.999989	C=2.5e-07	
Position 5183:	T=2.5e-07	G=0.999989	-=1e-05	A=2.5e-07	C=2.5e-07	
Position 5184:	T=2.5e-07	G=2.5e-07	-=1e-05	A=2.5e-07	C=0.999989	
Position 5185:	T=2.5e-07	G=2.5e-07	-=1e-05	A=2.5e-07	C=0.999989	
Position 5186:	T=2.5e-07	G=2.5e-07	-=1e-05	A=2.5e-07	C=0.999989	
Position 5187:	T=0.999989	G=2.5e-07	-=1e-05	A=2.5e-07	C=2.5e-07	
Position 5188:	T=2.5e-07	G=2.5e-07	-=1e-05	A=0.999989	C=2.5e-07	
Position 5189:	T=2.5e-07	G=2.5e-07	-=1e-05	A=0.999989	C=2.5e-07	
Position 5190:	T=2.5e-07	G=0.999989	-=1e-05	A=2.5e-07	C=2.5e-07	
Position 5191:	T=0.999989	G=2.5e-07	-=1e-05	A=2.5e-07	C=2.5e-07	
Position 5192:	T=2.5e-07	G=2.5e-07	-=1e-05	A=0.999989	C=2.5e-07	
Position 5193:	T=2.5e-07	G=2.5e-07	-=1e-05	A=0.999989	C=2.5e-07	
Position 5194:	T=2.5e-07	G=0.999989	-=1e-05	A=2.5e-07	C=2.5e-07	
Position 5195:	T=0.999989	G=2.5e-07	-=1e-05	A=2.5e-07	C=2.5e-07	
Position 5196:	T=2.5e-07	G=0.999989	-=1e-05	A=2.5e-07	C=2.5e-07	
Position 5197:	T=2.5e-07	G=2.5e-07	-=1e-05	A=0.999989	C=2.5e-07	
Position 5198:	T=2.5e-07	G=2.5e-07	-=1e-05	A=0.999989	C=2.5e-07	
Position 5199:	T=2.5e-07	G=2.5e-07	-=1e-05	A=0.999989	C=2.5e-07	
Position 5200:	T=0.999989	G=2.5e-07	-=1e-05	A=2.5e-07	C=2.5e-07	
Position 5201:	T=0.999989	G=2.5e-07	-=1e-05	A=2.5e-07	C=2.5e-07	
Position 5202:	T=2.5e-07	G=2.5e-07	-=1e-05	A=2.5e-07	C=0.999989	
Position 5203:	T=2.5e-07	G=2.5e-07	-=1e-05	A=0.999989	C=2.5e-07	
Position 5204:	T=2.5e-07	G=2.5e-07	-=1e-05	A=2.5e-07	C=0.999989	
Position 5205:	T=0.999989	G=2.5e-07	-=1e-05	A=2.5e-07	C=2.5e-07	
Position 5206:	T=0.999989	G=2.5e-07	-=1e-05	A=2.5e-07	C=2.5e-07	
Position 5207:	T=2.5e-07	G=2.5e-07	-=1e-05	A=0.999989	C=2.5e-07	
Position 5208:	T=2.5e-07	G=0.999989	-=1e-05	A=2.5e-07	C=2.5e-07	
Position 5209:	T=0.999989	G=2.5e-07	-=1e-05	A=2.5e-07	C=2.5e-07	
Position 5210:	T=2.5e-07	G=2.5e-07	-=1e-05	A=2.5e-07	C=0.999989	
Position 5211:	T=0.999989	G=2.5e-07	-=1e-05	A=2.5e-07	C=2.5e-07	
Position 5212:	T=2.5e-07	G=2.5e-07	-=1e-05	A=2.5e-07	C=0.999989	
Position 5213:	T=0.999989	G=2.5e-07	-=1e-05	A=2.5e-07	C=2.5e-07	
Position 5214:	T=1.57739e-06	G=0.999984	-=1e-05	A=1.57739e-06	C=1.57739e-06	
Position 5215:	T=0.999989	G=2.5e-07	-=1e-05	A=2.5e-07	C=2.5e-07	
Position 5216:	T=2.5e-07	G=2.5e-07	-=1e-05	A=0.999989	C=2.5e-07	
Position 5217:	T=2.5e-07	G=2.5e-07	-=1e-05	A=0.999989	C=2.5e-07	
Position 5218:	T=2.5e-07	G=2.5e-07	-=1e-05	A=2.5e-07	C=0.999989	
Position 5219:	T=0.999989	G=2.5e-07	-=1e-05	A=2.5e-07	C=2.5e-07	
Position 5220:	T=0.999989	G=2.5e-07	-=1e-05	A=2.5e-07	C=2.5e-07	
Position 5221:	T=0.999989	G=2.5e-07	-=1e-05	A=2.5e-07	C=2.5e-07	
Position 5222:	T=0.999989	G=2.5e-07	-=1e-05	A=2.5e-07	C=2.5e-07	
Position 5223:	T=0.999989	G=2.5e-07	-=1e-05	A=2.5e-07	C=2.5e-07	
Position 5224:	T=0.999989	G=2.5e-07	-=1e-05	A=2.5e-07	C=2.5e-07	
Position 5225:	T=2.5e-07	G=2.5e-07	-=1e-05	A=0.999989	C=2.5e-07	
Position 5226:	T=2.5e-07	G=0.999989	-=1e-05	A=2.5e-07	C=2.5e-07	
Position 5227:	T=2.5e-07	G=0.999989	-=1e-05	A=2.5e-07	C=2.5e-07	
Position 5228:	T=2.5e-07	G=2.5e-07	-=1e-05	A=0.999989	C=2.5e-07	
Position 5229:	T=2.5e-07	G=2.5e-07	-=1e-05	A=2.5e-07	C=0.999989	
Position 5230:	T=2.5e-07	G=0.999989	-=1e-05	A=2.5e-07	C=2.5e-07	
Position 5231:	T=2.5e-07	G=0.999989	-=1e-05	A=2.5e-07	C=2.5e-07	
Position 5232:	T=2.5e-07	G=2.5e-07	-=1e-05	A=2.5e-07	C=0.999989	
Position 5233:	T=2.5e-07	G=0.999989	-=1e-05	A=2.5e-07	C=2.5e-07	
Position 5234:	T=2.5e-07	G=2.5e-07	-=1e-05	A=2.5e-07	C=0.999989	
Position 5235:	T=2.5e-07	G=2.5e-07	-=1e-05	A=2.5e-07	C=0.999989	
Position 5236:	T=2.5e-07	G=2.5e-07	-=1e-05	A=0.999989	C=2.5e-07	
Position 5237:	T=2.5e-07	G=0.999989	-=1e-05	A=2.5e-07	C=2.5e-07	
Position 5238:	T=2.5e-07	G=2.5e-07	-=1e-05	A=2.5e-07	C=0.999989	
Position 5239:	T=2.5e-07	G=2.5e-07	-=1e-05	A=0.999989	C=2.5e-07	
Position 5240:	T=0.999989	G=2.5e-07	-=1e-05	A=2.5e-07	C=2.5e-07	
Position 5241:	T=2.5e-07	G=2.5e-07	-=1e-05	A=0.999989	C=2.5e-07	
Position 5242:	T=0.999989	G=2.5e-07	-=1e-05	A=2.5e-07	C=2.5e-07	
Position 5243:	T=0.999989	G=2.5e-07	-=1e-05	A=2.5e-07	C=2.5e-07	
Position 5244:	T=0.999989	G=2.5e-07	-=1e-05	A=2.5e-07	C=2.5e-07	
Position 5245:	T=2.5e-07	G=2.5e-07	-=1e-05	A=2.5e-07	C=0.999989	
Position 5246:	T=2.5e-07	G=2.5e-07	-=1e-05	A=0.999989	C=2.5e-07	
Position 5247:	T=0.2	G=0.2	C=0.2	-=0.2	A=0.2	
Position 5248:	T=2.5e-07	G=2.5e-07	-=1e-05	A=0.999989	C=2.5e-07	
Position 5249:	T=2.5e-07	G=0.999989	-=1e-05	A=2.5e-07	C=2.5e-07	
Position 5250:	T=0.999989	G=2.5e-07	-=1e-05	A=2.5e-07	C=2.5e-07	
Position 5251:	T=2.5e-07	G=0.999989	-=1e-05	A=2.5e-07	C=2.5e-07	
Position 5252:	T=2.5e-07	G=2.5e-07	-=1e-05	A=0.999989	C=2.5e-07	
Position 5253:	T=2.5e-07	G=0.999989	-=1e-05	A=2.5e-07	C=2.5e-07	
Position 5254:	T=2.5e-07	G=2.5e-07	-=1e-05	A=2.5e-07	C=0.999989	
Position 5255:	T=0.999989	G=2.5e-07	-=1e-05	A=2.5e-07	C=2.5e-07	
Position 5256:	T=0.999989	G=2.5e-07	-=1e-05	A=2.5e-07	C=2.5e-07	
Position 5257:	T=0.999989	G=2.5e-07	-=1e-05	A=2.5e-07	C=2.5e-07	
Position 5258:	T=0.999989	G=2.5e-07	-=1e-05	A=2.5e-07	C=2.5e-07	
Position 5259:	T=2.5e-07	G=0.999989	-=1e-05	A=2.5e-07	C=2.5e-07	
Position 5260:	T=0.999989	G=2.5e-07	-=1e-05	A=2.5e-07	C=2.5e-07	
Position 5261:	T=2.5e-07	G=2.5e-07	-=1e-05	A=2.5e-07	C=0.999989	
Position 5262:	T=2.5e-07	G=2.5e-07	-=1e-05	A=2.5e-07	C=0.999989	
Position 5263:	T=2.5e-07	G=2.5e-07	-=1e-05	A=2.5e-07	C=0.999989	
Position 5264:	T=2.5e-07	G=2.5e-07	-=1e-05	A=0.999989	C=2.5e-07	
Position 5265:	T=2.5e-07	G=0.999989	-=1e-05	A=2.5e-07	C=2.5e-07	
Position 5266:	T=2.5e-07	G=2.5e-07	-=1e-05	A=0.999989	C=2.5e-07	
Position 5267:	T=2.5e-07	G=2.5e-07	-=1e-05	A=0.999989	C=2.5e-07	
Position 5268:	T=2.5e-07	G=2.5e-07	-=1e-05	A=0.999989	C=2.5e-07	
Position 5269:	T=2.5e-07	G=2.5e-07	-=1e-05	A=0.999989	C=2.5e-07	
Position 5270:	T=0.999989	G=2.5e-07	-=1e-05	A=2.5e-07	C=2.5e-07	
Position 5271:	T=0.999989	G=2.5e-07	-=1e-05	A=2.5e-07	C=2.5e-07	
Position 5272:	T=0.999989	G=2.5e-07	-=1e-05	A=2.5e-07	C=2.5e-07	
Position 5273:	T=0.999989	G=2.5e-07	-=1e-05	A=2.5e-07	C=2.5e-07	
Position 5274:	T=2.5e-07	G=2.5e-07	-=1e-05	A=0.999989	C=2.5e-07	
Position 5275:	T=2.5e-07	G=0.999989	-=1e-05	A=2.5e-07	C=2.5e-07	
Position 5276:	T=0.999989	G=2.5e-07	-=1e-05	A=2.5e-07	C=2.5e-07	
Position 5277:	T=0.2	G=0.2	C=0.2	-=0.2	A=0.2	
Position 5278:	T=0.2	G=0.2	C=0.2	-=0.2	A=0.2	
Position 5279:	T=0.2	G=0.2	C=0.2	-=0.2	A=0.2	
Position 5280:	T=0.2	G=0.2	C=0.2	-=0.2	A=0.2	
Position 5281:	T=0.2	G=0.2	C=0.2	-=0.2	A=0.2	
Position 5282:	T=0.2	G=0.2	C=0.2	-=0.2	A=0.2	
Position 5283:	T=0.2	G=0.2	C=0.2	-=0.2	A=0.2	
Position 5284:	T=0.2	G=0.2	C=0.2	-=0.2	A=0.2	
Position 5285:	T=0.2	G=0.2	C=0.2	-=0.2	A=0.2	
Position 5286:	T=0.2	G=0.2	C=0.2	-=0.2	A=0.2	
Position 5287:	T=0.2	G=0.2	C=0.2	-=0.2	A=0.2	
Position 5288:	T=0.2	G=0.2	C=0.2	-=0.2	A=0.2	
Position 5289:	T=0.2	G=0.2	C=0.2	-=0.2	A=0.2	
Position 5290:	T=0.2	G=0.2	C=0.2	-=0.2	A=0.2	
Position 5291:	T=0.2	G=0.2	C=0.2	-=0.2	A=0.2	
Position 5292:	T=0.2	G=0.2	C=0.2	-=0.2	A=0.2	
Position 5293:	T=0.2	G=0.2	C=0.2	-=0.2	A=0.2	
Position 5294:	T=0.2	G=0.2	C=0.2	-=0.2	A=0.2	
Position 5295:	T=0.2	G=0.2	C=0.2	-=0.2	A=0.2	
Position 5296:	T=0.2	G=0.2	C=0.2	-=0.2	A=0.2	
Position 5297:	T=0.2	G=0.2	C=0.2	-=0.2	A=0.2	
Position 5298:	T=0.2	G=0.2	C=0.2	-=0.2	A=0.2	
Position 5299:	T=0.2	G=0.2	C=0.2	-=0.2	A=0.2	
Position 5300:	T=0.2	G=0.2	C=0.2	-=0.2	A=0.2	
Position 5301:	T=0.999989	G=2.5e-07	-=1e-05	A=2.5e-07	C=2.5e-07	
Position 5302:	T=2.5e-07	G=0.999989	-=1e-05	A=2.5e-07	C=2.5e-07	
Position 5303:	T=2.5e-07	G=0.999989	-=1e-05	A=2.5e-07	C=2.5e-07	
Position 5304:	T=2.5e-07	G=2.5e-07	-=1e-05	A=0.999989	C=2.5e-07	
Position 5305:	T=2.5e-07	G=2.5e-07	-=1e-05	A=0.999989	C=2.5e-07	
Position 5306:	T=2.5e-07	G=2.5e-07	-=1e-05	A=2.5e-07	C=0.999989	
Position 5307:	T=2.5e-07	G=2.5e-07	-=1e-05	A=0.999989	C=2.5e-07	
Position 5308:	T=3.14731e-07	G=3.14731e-07	-=1e-05	A=0.999989	C=3.14731e-07	
Position 5309:	T=2.5e-07	G=2.5e-07	-=1e-05	A=2.5e-07	C=0.999989	
Position 5310:	T=2.5e-07	G=2.5e-07	-=1e-05	A=0.999989	C=2.5e-07	
Position 5311:	T=2.5e-07	G=2.5e-07	-=1e-05	A=0.999989	C=2.5e-07	
Position 5312:	T=0.999989	G=2.5e-07	-=1e-05	A=2.5e-07	C=2.5e-07	
Position 5313:	T=2.5e-07	G=0.999989	-=1e-05	A=2.5e-07	C=2.5e-07	
Position 5314:	T=2.5e-07	G=2.5e-07	-=1e-05	A=2.5e-07	C=0.999989	
Position 5315:	T=2.5e-07	G=0.999989	-=1e-05	A=2.5e-07	C=2.5e-07	
Position 5316:	T=2.5e-07	G=0.999989	-=1e-05	A=2.5e-07	C=2.5e-07	
Position 5317:	T=2.5e-07	G=0.999989	-=1e-05	A=2.5e-07	C=2.5e-07	
Position 5318:	T=2.5e-07	G=2.5e-07	-=1e-05	A=0.999989	C=2.5e-07	
Position 5319:	T=2.5e-07	G=0.999989	-=1e-05	A=2.5e-07	C=2.5e-07	
Position 5320:	T=2.5e-07	G=2.5e-07	-=1e-05	A=0.999989	C=2.5e-07	
Position 5321:	T=2.5e-07	G=2.5e-07	-=1e-05	A=2.5e-07	C=0.999989	
Position 5322:	T=2.5e-07	G=0.999989	-=1e-05	A=2.5e-07	C=2.5e-07	
Position 5323:	T=2.5e-07	G=2.5e-07	-=1e-05	A=2.5e-07	C=0.999989	
Position 5324:	T=2.5e-07	G=2.5e-07	-=1e-05	A=2.5e-07	C=0.999989	
Position 5325:	T=2.5e-07	G=2.5e-07	-=1e-05	A=2.5e-07	C=0.999989	
Position 5326:	T=2.5e-07	G=2.5e-07	-=1e-05	A=2.5e-07	C=0.999989	
Position 5327:	T=2.5e-07	G=2.5e-07	-=1e-05	A=2.5e-07	C=0.999989	
Position 5328:	T=2.5e-07	G=0.999989	-=1e-05	A=2.5e-07	C=2.5e-07	
Position 5329:	T=2.5e-07	G=2.5e-07	-=1e-05	A=2.5e-07	C=0.999989	
Position 5330:	T=2.5e-07	G=2.5e-07	-=1e-05	A=0.999989	C=2.5e-07	
Position 5331:	T=2.5e-07	G=0.999989	-=1e-05	A=2.5e-07	C=2.5e-07	
Position 5332:	T=3.14731e-06	G=3.14731e-06	-=1e-05	A=0.999977	C=3.14731e-06	
Position 5333:	T=2.5e-07	G=2.5e-07	-=1e-05	A=0.999989	C=2.5e-07	
Position 5334:	T=0.999989	G=2.5e-07	-=1e-05	A=2.5e-07	C=2.5e-07	
Position 5335:	T=0.999989	G=2.5e-07	-=1e-05	A=2.5e-07	C=2.5e-07	
Position 5336:	T=2.5e-07	G=0.999989	-=1e-05	A=2.5e-07	C=2.5e-07	
Position 5337:	T=2.5e-07	G=2.5e-07	-=1e-05	A=2.5e-07	C=0.999989	
Position 5338:	T=2.5e-07	G=2.5e-07	-=1e-05	A=0.999989	C=2.5e-07	
Position 5339:	T=0.999989	G=2.5e-07	-=1e-05	A=2.5e-07	C=2.5e-07	
Position 5340:	T=2.5e-07	G=2.5e-07	-=1e-05	A=2.5e-07	C=0.999989	
Position 5341:	T=0.999989	G=2.5e-07	-=1e-05	A=2.5e-07	C=2.5e-07	
Position 5342:	T=2.5e-07	G=0.999989	-=1e-05	A=2.5e-07	C=2.5e-07	
Position 5343:	T=2.5e-07	G=2.5e-07	-=1e-05	A=2.5e-07	C=0.999989	
Position 5344:	T=0.999989	G=2.5e-07	-=1e-05	A=2.5e-07	C=2.5e-07	
Position 5345:	T=0.999989	G=2.5e-07	-=1e-05	A=2.5e-07	C=2.5e-07	
Position 5346:	T=2.5e-07	G=2.5e-07	-=1e-05	A=2.5e-07	C=0.999989	
Position 5347:	T=0.999989	G=2.5e-07	-=1e-05	A=2.5e-07	C=2.5e-07	
Position 5348:	T=0.999989	G=2.5e-07	-=1e-05	A=2.5e-07	C=2.5e-07	
Position 5349:	T=0.999989	G=2.5e-07	-=1e-05	A=2.5e-07	C=2.5e-07	
Position 5350:	T=2.5e-07	G=0.999989	-=1e-05	A=2.5e-07	C=2.5e-07	
Position 5351:	T=2.5e-07	G=2.5e-07	-=1e-05	A=0.999989	C=2.5e-07	
Position 5352:	T=2.5e-07	G=2.5e-07	-=1e-05	A=0.999989	C=2.5e-07	
Position 5353:	T=0.999989	G=2.5e-07	-=1e-05	A=2.5e-07	C=2.5e-07	
Position 5354:	T=2.5e-07	G=2.5e-07	-=1e-05	A=0.999989	C=2.5e-07	
Position 5355:	T=0.999989	G=2.5e-07	-=1e-05	A=2.5e-07	C=2.5e-07	
Position 5356:	T=2.5e-07	G=0.999989	-=1e-05	A=2.5e-07	C=2.5e-07	
Position 5357:	T=2.5e-07	G=2.5e-07	-=1e-05	A=2.5e-07	C=0.999989	
Position 5358:	T=2.5e-07	G=2.5e-07	-=1e-05	A=0.999989	C=2.5e-07	
Position 5359:	T=2.5e-07	G=2.5e-07	-=1e-05	A=0.999989	C=2.5e-07	
Position 5360:	T=2.5e-07	G=0.999989	-=1e-05	A=2.5e-07	C=2.5e-07	
Position 5361:	T=0.999989	G=2.5e-07	-=1e-05	A=2.5e-07	C=2.5e-07	
Position 5362:	T=2.5e-07	G=2.5e-07	-=1e-05	A=2.5e-07	C=0.999989	
Position 5363:	T=2.5e-07	G=2.5e-07	-=1e-05	A=0.999989	C=2.5e-07	
Position 5364:	T=2.5e-07	G=2.5e-07	-=1e-05	A=0.999989	C=2.5e-07	
Position 5365:	T=0.999987	G=7.90569e-07	-=1e-05	A=7.90569e-07	C=7.90569e-07	
Position 5366:	T=2.5e-07	G=2.5e-07	-=1e-05	A=0.999989	C=2.5e-07	
Position 5367:	T=0.999989	G=2.5e-07	-=1e-05	A=2.5e-07	C=2.5e-07	
Position 5368:	T=0.999989	G=2.5e-07	-=1e-05	A=2.5e-07	C=2.5e-07	
Position 5369:	T=2.5e-07	G=2.5e-07	-=1e-05	A=0.999989	C=2.5e-07	
Position 5370:	T=0.999989	G=2.5e-07	-=1e-05	A=2.5e-07	C=2.5e-07	
Position 5371:	T=0.999989	G=2.5e-07	-=1e-05	A=2.5e-07	C=2.5e-07	
Position 5372:	T=2.5e-07	G=2.5e-07	-=1e-05	A=0.999989	C=2.5e-07	
Position 5373:	T=0.999989	G=2.5e-07	-=1e-05	A=2.5e-07	C=2.5e-07	
Position 5374:	T=0.999989	G=2.5e-07	-=1e-05	A=2.5e-07	C=2.5e-07	
Position 5375:	T=2.5e-07	G=2.5e-07	-=1e-05	A=2.5e-07	C=0.999989	
Position 5376:	T=2.5e-07	G=2.5e-07	-=1e-05	A=2.5e-07	C=0.999989	
Position 5377:	T=2.5e-07	G=2.5e-07	-=1e-05	A=2.5e-07	C=0.999989	
Position 5378:	T=2.5e-07	G=0.999989	-=1e-05	A=2.5e-07	C=2.5e-07	
Position 5379:	T=2.5e-07	G=2.5e-07	-=1e-05	A=0.999989	C=2.5e-07	
Position 5380:	T=2.5e-07	G=2.5e-07	-=1e-05	A=2.5e-07	C=0.999989	
Position 5381:	T=2.5e-07	G=2.5e-07	-=1e-05	A=0.999989	C=2.5e-07	
Position 5382:	T=2.5e-07	G=0.999989	-=1e-05	A=2.5e-07	C=2.5e-07	
Position 5383:	T=2.5e-07	G=2.5e-07	-=1e-05	A=0.999989	C=2.5e-07	
Position 5384:	T=2.5e-07	G=0.999989	-=1e-05	A=2.5e-07	C=2.5e-07	
Position 5385:	T=2.5e-07	G=2.5e-07	-=1e-05	A=2.5e-07	C=0.999989	
Position 5386:	T=0.999989	G=2.5e-07	-=1e-05	A=2.5e-07	C=2.5e-07	
Position 5387:	T=0.999989	G=2.5e-07	-=1e-05	A=2.5e-07	C=2.5e-07	
Position 5388:	T=2.5e-07	G=0.999989	-=1e-05	A=2.5e-07	C=2.5e-07	
Position 5389:	T=0.2	G=0.2	C=0.2	-=0.2	A=0.2	
Position 5390:	T=0.2	G=0.2	C=0.2	-=0.2	A=0.2	
Position 5391:	T=0.999989	G=2.5e-07	-=1e-05	A=2.5e-07	C=2.5e-07	
Position 5392:	T=2.5e-07	G=0.999989	-=1e-05	A=2.5e-07	C=2.5e-07	
Position 5393:	T=2.5e-07	G=2.5e-07	-=1e-05	A=0.999989	C=2.5e-07	
Position 5394:	T=0.999989	G=2.5e-07	-=1e-05	A=2.5e-07	C=2.5e-07	
Position 5395:	T=0.999989	G=2.5e-07	-=1e-05	A=2.5e-07	C=2.5e-07	
Position 5396:	T=2.5e-07	G=2.5e-07	-=1e-05	A=0.999989	C=2.5e-07	
Position 5397:	T=0.999989	G=2.5e-07	-=1e-05	A=2.5e-07	C=2.5e-07	
Position 5398:	T=0.999989	G=2.5e-07	-=1e-05	A=2.5e-07	C=2.5e-07	
Position 5399:	T=2.5e-07	G=2.5e-07	-=1e-05	A=2.5e-07	C=0.999989	
Position 5400:	T=0.999989	G=2.5e-07	-=1e-05	A=2.5e-07	C=2.5e-07	
Position 5401:	T=2.5e-07	G=2.5e-07	-=1e-05	A=2.5e-07	C=0.999989	
Position 5402:	T=0.999989	G=2.5e-07	-=1e-05	A=2.5e-07	C=2.5e-07	
Position 5403:	T=2.5e-07	G=2.5e-07	-=1e-05	A=0.999989	C=2.5e-07	
Position 5404:	T=2.5e-07	G=2.5e-07	-=1e-05	A=0.999989	C=2.5e-07	
Position 5405:	T=2.5e-07	G=0.999989	-=1e-05	A=2.5e-07	C=2.5e-07	
Position 5406:	T=2.5e-07	G=2.5e-07	-=1e-05	A=0.999989	C=2.5e-07	
Position 5407:	T=2.5e-07	G=2.5e-07	-=1e-05	A=0.999989	C=2.5e-07	
Position 5408:	T=2.5e-07	G=2.5e-07	-=1e-05	A=2.5e-07	C=0.999989	
Position 5409:	T=2.5e-07	G=2.5e-07	-=1e-05	A=2.5e-07	C=0.999989	
Position 5410:	T=2.5e-07	G=2.5e-07	-=1e-05	A=0.999989	C=2.5e-07	
Position 5411:	T=0.999989	G=2.5e-07	-=1e-05	A=2.5e-07	C=2.5e-07	
Position 5412:	T=2.5e-07	G=2.5e-07	-=1e-05	A=0.999989	C=2.5e-07	
Position 5413:	T=2.5e-07	G=2.5e-07	-=1e-05	A=0.999989	C=2.5e-07	
Position 5414:	T=2.5e-07	G=2.5e-07	-=1e-05	A=0.999989	C=2.5e-07	
Position 5415:	T=2.5e-07	G=0.999989	-=1e-05	A=2.5e-07	C=2.5e-07	
Position 5416:	T=2.5e-07	G=2.5e-07	-=1e-05	A=0.999989	C=2.5e-07	
Position 5417:	T=2.5e-07	G=2.5e-07	-=1e-05	A=2.5e-07	C=0.999989	
Position 5418:	T=2.5e-07	G=2.5e-07	-=1e-05	A=0.999989	C=2.5e-07	
Position 5419:	T=0.999989	G=2.5e-07	-=1e-05	A=2.5e-07	C=2.5e-07	
Position 5420:	T=0.999989	G=2.5e-07	-=1e-05	A=2.5e-07	C=2.5e-07	
Position 5421:	T=2.5e-07	G=0.999989	-=1e-05	A=2.5e-07	C=2.5e-07	
Position 5422:	T=2.5e-07	G=0.999989	-=1e-05	A=2.5e-07	C=2.5e-07	
Position 5423:	T=2.5e-07	G=2.5e-07	-=1e-05	A=2.5e-07	C=0.999989	
Position 5424:	T=2.5e-07	G=2.5e-07	-=1e-05	A=0.999989	C=2.5e-07	
Position 5425:	T=2.5e-07	G=2.5e-07	-=1e-05	A=2.5e-07	C=0.999989	
Position 5426:	T=2.5e-07	G=2.5e-07	-=1e-05	A=2.5e-07	C=0.999989	
Position 5427:	T=2.5e-07	G=2.5e-07	-=1e-05	A=2.5e-07	C=0.999989	
Position 5428:	T=0.999989	G=2.5e-07	-=1e-05	A=2.5e-07	C=2.5e-07	
Position 5429:	T=0.999989	G=2.5e-07	-=1e-05	A=2.5e-07	C=2.5e-07	
Position 5430:	T=0.999989	G=2.5e-07	-=1e-05	A=2.5e-07	C=2.5e-07	
Position 5431:	T=2.5e-07	G=2.5e-07	-=1e-05	A=0.999989	C=2.5e-07	
Position 5432:	T=0.999989	G=2.5e-07	-=1e-05	A=2.5e-07	C=2.5e-07	
Position 5433:	T=2.5e-07	G=2.5e-07	-=1e-05	A=2.5e-07	C=0.999989	
Position 5434:	T=0.999989	G=2.5e-07	-=1e-05	A=2.5e-07	C=2.5e-07	
Position 5435:	T=0.999989	G=2.5e-07	-=1e-05	A=2.5e-07	C=2.5e-07	
Position 5436:	T=0.2	G=0.2	C=0.2	-=0.2	A=0.2	
Position 5437:	T=0.2	G=0.2	C=0.2	-=0.2	A=0.2	
Position 5438:	T=0.2	G=0.2	C=0.2	-=0.2	A=0.2	
Position 5439:	T=0.2	G=0.2	C=0.2	-=0.2	A=0.2	
Position 5440:	T=0.999989	G=2.5e-07	-=1e-05	A=2.5e-07	C=2.5e-07	
Position 5441:	T=0.999989	G=2.5e-07	-=1e-05	A=2.5e-07	C=2.5e-07	
Position 5442:	T=2.5e-07	G=2.5e-07	-=1e-05	A=2.5e-07	C=0.999989	
Position 5443:	T=2.5e-07	G=0.999989	-=1e-05	A=2.5e-07	C=2.5e-07	
Position 5444:	T=2.5e-07	G=0.999989	-=1e-05	A=2.5e-07	C=2.5e-07	
Position 5445:	T=0.999989	G=2.5e-07	-=1e-05	A=2.5e-07	C=2.5e-07	
Position 5446:	T=2.5e-07	G=0.999989	-=1e-05	A=2.5e-07	C=2.5e-07	
Position 5447:	T=2.5e-07	G=2.5e-07	-=1e-05	A=2.5e-07	C=0.999989	
Position 5448:	T=2.5e-07	G=2.5e-07	-=1e-05	A=0.999989	C=2.5e-07	
Position 5449:	T=0.999989	G=2.5e-07	-=1e-05	A=2.5e-07	C=2.5e-07	
Position 5450:	T=2.5e-07	G=0.999989	-=1e-05	A=2.5e-07	C=2.5e-07	
Position 5451:	T=2.5e-07	G=2.5e-07	-=1e-05	A=0.999989	C=2.5e-07	
Position 5452:	T=2.5e-07	G=0.999989	-=1e-05	A=2.5e-07	C=2.5e-07	
Position 5453:	T=2.5e-07	G=2.5e-07	-=1e-05	A=2.5e-07	C=0.999989	
Position 5454:	T=2.5e-07	G=2.5e-07	-=1e-05	A=2.5e-07	C=0.999989	
Position 5455:	T=2.5e-07	G=0.999989	-=1e-05	A=2.5e-07	C=2.5e-07	
Position 5456:	T=2.5e-07	G=0.999989	-=1e-05	A=2.5e-07	C=2.5e-07	
Position 5457:	T=2.5e-07	G=2.5e-07	-=1e-05	A=0.999989	C=2.5e-07	
Position 5458:	T=2.5e-07	G=2.5e-07	-=1e-05	A=0.999989	C=2.5e-07	
Position 5459:	T=2.5e-07	G=0.999989	-=1e-05	A=2.5e-07	C=2.5e-07	
Position 5460:	T=2.5e-07	G=2.5e-07	-=1e-05	A=0.999989	C=2.5e-07	
Position 5461:	T=2.5e-07	G=0.999989	-=1e-05	A=2.5e-07	C=2.5e-07	
Position 5462:	T=0.999989	G=2.5e-07	-=1e-05	A=2.5e-07	C=2.5e-07	
Position 5463:	T=2.5e-07	G=0.999989	-=1e-05	A=2.5e-07	C=2.5e-07	
Position 5464:	T=2.5e-07	G=0.999989	-=1e-05	A=2.5e-07	C=2.5e-07	
Position 5465:	T=2.5e-07	G=0.999989	-=1e-05	A=2.5e-07	C=2.5e-07	
Position 5466:	T=2.5e-07	G=2.5e-07	-=1e-05	A=2.5e-07	C=0.999989	
Position 5467:	T=2.5e-07	G=2.5e-07	-=1e-05	A=0.999989	C=2.5e-07	
Position 5468:	T=2.5e-07	G=2.5e-07	-=1e-05	A=2.5e-07	C=0.999989	
Position 5469:	T=0.999989	G=2.5e-07	-=1e-05	A=2.5e-07	C=2.5e-07	
Position 5470:	T=2.5e-07	G=0.999989	-=1e-05	A=2.5e-07	C=2.5e-07	
Position 5471:	T=2.5e-07	G=2.5e-07	-=1e-05	A=2.5e-07	C=0.999989	
Position 5472:	T=2.5e-07	G=2.5e-07	-=1e-05	A=2.5e-07	C=0.999989	
Position 5473:	T=2.5e-07	G=2.5e-07	-=1e-05	A=2.5e-07	C=0.999989	
Position 5474:	T=0.999989	G=2.5e-07	-=1e-05	A=2.5e-07	C=2.5e-07	
Position 5475:	T=2.5e-07	G=2.5e-07	-=1e-05	A=0.999989	C=2.5e-07	
Position 5476:	T=2.5e-07	G=2.5e-07	-=1e-05	A=0.999989	C=2.5e-07	
Position 5477:	T=0.999989	G=2.5e-07	-=1e-05	A=2.5e-07	C=2.5e-07	
Position 5478:	T=2.5e-07	G=2.5e-07	-=1e-05	A=2.5e-07	C=0.999989	
Position 5479:	T=2.5e-07	G=2.5e-07	-=1e-05	A=2.5e-07	C=0.999989	
Position 5480:	T=0.999989	G=2.5e-07	-=1e-05	A=2.5e-07	C=2.5e-07	
Position 5481:	T=0.999989	G=2.5e-07	-=1e-05	A=2.5e-07	C=2.5e-07	
Position 5482:	T=0.999989	G=2.5e-07	-=1e-05	A=2.5e-07	C=2.5e-07	
Position 5483:	T=0.999989	G=2.5e-07	-=1e-05	A=2.5e-07	C=2.5e-07	
Position 5484:	T=2.5e-07	G=2.5e-07	-=1e-05	A=0.999989	C=2.5e-07	
Position 5485:	T=2.5e-07	G=2.5e-07	-=1e-05	A=0.999989	C=2.5e-07	
Position 5486:	T=0.999989	G=2.5e-07	-=1e-05	A=2.5e-07	C=2.5e-07	
Position 5487:	T=0.999989	G=2.5e-07	-=1e-05	A=2.5e-07	C=2.5e-07	
Position 5488:	T=2.5e-07	G=2.5e-07	-=1e-05	A=2.5e-07	C=0.999989	
Position 5489:	T=2.5e-07	G=0.999989	-=1e-05	A=2.5e-07	C=2.5e-07	
Position 5490:	T=0.999989	G=2.5e-07	-=1e-05	A=2.5e-07	C=2.5e-07	
Position 5491:	T=1.98582e-06	G=0.999982	-=1e-05	A=1.98582e-06	C=1.98582e-06	
Position 5492:	T=2.5e-07	G=2.5e-07	-=1e-05	A=2.5e-07	C=0.999989	
Position 5493:	T=2.5e-07	G=2.5e-07	-=1e-05	A=2.5e-07	C=0.999989	
Position 5494:	T=2.5e-07	G=0.999989	-=1e-05	A=2.5e-07	C=2.5e-07	
Position 5495:	T=2.5e-07	G=2.5e-07	-=1e-05	A=0.999989	C=2.5e-07	
Position 5496:	T=2.5e-07	G=0.999989	-=1e-05	A=2.5e-07	C=2.5e-07	
Position 5497:	T=2.5e-07	G=2.5e-07	-=1e-05	A=2.5e-07	C=0.999989	
Position 5498:	T=0.999989	G=2.5e-07	-=1e-05	A=2.5e-07	C=2.5e-07	
Position 5499:	T=2.5e-07	G=0.999989	-=1e-05	A=2.5e-07	C=2.5e-07	
Position 5500:	T=2.5e-07	G=0.999989	-=1e-05	A=2.5e-07	C=2.5e-07	
Position 5501:	T=2.5e-07	G=0.999989	-=1e-05	A=2.5e-07	C=2.5e-07	
Position 5502:	T=0.999989	G=2.5e-07	-=1e-05	A=2.5e-07	C=2.5e-07	
Position 5503:	T=2.5e-07	G=2.5e-07	-=1e-05	A=2.5e-07	C=0.999989	
Position 5504:	T=2.5e-07	G=2.5e-07	-=1e-05	A=2.5e-07	C=0.999989	
Position 5505:	T=2.5e-07	G=0.999989	-=1e-05	A=2.5e-07	C=2.5e-07	
Position 5506:	T=2.5e-07	G=2.5e-07	-=1e-05	A=2.5e-07	C=0.999989	
Position 5507:	T=2.5e-07	G=2.5e-07	-=1e-05	A=0.999989	C=2.5e-07	
Position 5508:	T=2.5e-07	G=2.5e-07	-=1e-05	A=2.5e-07	C=0.999989	
Position 5509:	T=2.5e-07	G=0.999989	-=1e-05	A=2.5e-07	C=2.5e-07	
Position 5510:	T=2.5e-07	G=0.999989	-=1e-05	A=2.5e-07	C=2.5e-07	
Position 5511:	T=0.999989	G=2.5e-07	-=1e-05	A=2.5e-07	C=2.5e-07	
Position 5512:	T=2.5e-07	G=0.999989	-=1e-05	A=2.5e-07	C=2.5e-07	
Position 5513:	T=2.5e-07	G=2.5e-07	-=1e-05	A=2.5e-07	C=0.999989	
Position 5514:	T=0.999989	G=2.5e-07	-=1e-05	A=2.5e-07	C=2.5e-07	
Position 5515:	T=2.5e-07	G=2.5e-07	-=1e-05	A=2.5e-07	C=0.999989	
Position 5516:	T=0.999989	G=2.5e-07	-=1e-05	A=2.5e-07	C=2.5e-07	
Position 5517:	T=2.5e-07	G=0.999989	-=1e-05	A=2.5e-07	C=2.5e-07	
Position 5518:	T=0.999989	G=2.5e-07	-=1e-05	A=2.5e-07	C=2.5e-07	
Position 5519:	T=0.999989	G=2.5e-07	-=1e-05	A=2.5e-07	C=2.5e-07	
Position 5520:	T=2.5e-07	G=0.999989	-=1e-05	A=2.5e-07	C=2.5e-07	
Position 5521:	T=2.5e-07	G=0.999989	-=1e-05	A=2.5e-07	C=2.5e-07	
Position 5522:	T=2.5e-07	G=0.999989	-=1e-05	A=2.5e-07	C=2.5e-07	
Position 5523:	T=2.5e-07	G=0.999989	-=1e-05	A=2.5e-07	C=2.5e-07	
Position 5524:	T=3.14731e-06	G=0.999977	-=1e-05	A=3.14731e-06	C=3.14731e-06	
Position 5525:	T=2.5e-07	G=2.5e-07	-=1e-05	A=0.999989	C=2.5e-07	
Position 5526:	T=0.999989	G=2.5e-07	-=1e-05	A=2.5e-07	C=2.5e-07	
Position 5527:	T=2.5e-07	G=0.999989	-=1e-05	A=2.5e-07	C=2.5e-07	
Position 5528:	T=0.999989	G=2.5e-07	-=1e-05	A=2.5e-07	C=2.5e-07	
Position 5529:	T=0.999989	G=2.5e-07	-=1e-05	A=2.5e-07	C=2.5e-07	
Position 5530:	T=2.5e-07	G=2.5e-07	-=1e-05	A=2.5e-07	C=0.999989	
Position 5531:	T=2.5e-07	G=2.5e-07	-=1e-05	A=0.999989	C=2.5e-07	
Position 5532:	T=2.5e-07	G=2.5e-07	-=1e-05	A=2.5e-07	C=0.999989	
Position 5533:	T=2.5e-07	G=2.5e-07	-=1e-05	A=0.999989	C=2.5e-07	
Position 5534:	T=0.999989	G=2.5e-07	-=1e-05	A=2.5e-07	C=2.5e-07	
Position 5535:	T=3.14731e-07	G=3.14731e-07	-=1e-05	A=3.14731e-07	C=0.999989	
Position 5536:	T=0.999989	G=2.5e-07	-=1e-05	A=2.5e-07	C=2.5e-07	
Position 5537:	T=2.5e-07	G=2.5e-07	-=1e-05	A=2.5e-07	C=0.999989	
Position 5538:	T=2.5e-07	G=2.5e-07	-=1e-05	A=0.999989	C=2.5e-07	
Position 5539:	T=2.5e-07	G=2.5e-07	-=1e-05	A=0.999989	C=2.5e-07	
Position 5540:	T=2.5e-07	G=2.5e-07	-=1e-05	A=0.999989	C=2.5e-07	
Position 5541:	T=0.999989	G=2.5e-07	-=1e-05	A=2.5e-07	C=2.5e-07	
Position 5542:	T=2.5e-07	G=2.5e-07	-=1e-05	A=0.999989	C=2.5e-07	
Position 5543:	T=0.999989	G=2.5e-07	-=1e-05	A=2.5e-07	C=2.5e-07	
Position 5544:	T=0.2	G=0.2	C=0.2	-=0.2	A=0.2	
Position 5545:	T=2.5e-07	G=2.5e-07	-=1e-05	A=0.999989	C=2.5e-07	
Position 5546:	T=0.999989	G=2.5e-07	-=1e-05	A=2.5e-07	C=2.5e-07	
Position 5547:	T=0.999989	G=2.5e-07	-=1e-05	A=2.5e-07	C=2.5e-07	
Position 5548:	T=2.5e-07	G=2.5e-07	-=1e-05	A=0.999989	C=2.5e-07	
Position 5549:	T=2.5e-07	G=0.999989	-=1e-05	A=2.5e-07	C=2.5e-07	
Position 5550:	T=0.999989	G=2.5e-07	-=1e-05	A=2.5e-07	C=2.5e-07	
Position 5551:	T=2.5e-07	G=0.999989	-=1e-05	A=2.5e-07	C=2.5e-07	
Position 5552:	T=2.5e-07	G=2.5e-07	-=1e-05	A=2.5e-07	C=0.999989	
Position 5553:	T=2.5e-07	G=2.5e-07	-=1e-05	A=2.5e-07	C=0.999989	
Position 5554:	T=0.999989	G=2.5e-07	-=1e-05	A=2.5e-07	C=2.5e-07	
Position 5555:	T=0.999989	G=2.5e-07	-=1e-05	A=2.5e-07	C=2.5e-07	
Position 5556:	T=0.999989	G=2.5e-07	-=1e-05	A=2.5e-07	C=2.5e-07	
Position 5557:	T=2.5e-07	G=0.999989	-=1e-05	A=2.5e-07	C=2.5e-07	
Position 5558:	T=2.5e-07	G=2.5e-07	-=1e-05	A=0.999989	C=2.5e-07	
Position 5559:	T=0.999989	G=2.5e-07	-=1e-05	A=2.5e-07	C=2.5e-07	
Position 5560:	T=2.5e-07	G=0.999989	-=1e-05	A=2.5e-07	C=2.5e-07	
Position 5561:	T=2.5e-07	G=2.5e-07	-=1e-05	A=0.999989	C=2.5e-07	
Position 5562:	T=0.999989	G=2.5e-07	-=1e-05	A=2.5e-07	C=2.5e-07	
Position 5563:	T=2.5e-07	G=2.5e-07	-=1e-05	A=2.5e-07	C=0.999989	
Position 5564:	T=2.5e-07	G=0.999989	-=1e-05	A=2.5e-07	C=2.5e-07	
Position 5565:	T=2.5e-07	G=0.999989	-=1e-05	A=2.5e-07	C=2.5e-07	
Position 5566:	T=0.999989	G=2.5e-07	-=1e-05	A=2.5e-07	C=2.5e-07	
Position 5567:	T=0.999989	G=2.5e-07	-=1e-05	A=2.5e-07	C=2.5e-07	
Position 5568:	T=2.5e-07	G=2.5e-07	-=1e-05	A=2.5e-07	C=0.999989	
Position 5569:	T=2.5e-07	G=2.5e-07	-=1e-05	A=2.5e-07	C=0.999989	
Position 5570:	T=2.5e-07	G=2.5e-07	-=1e-05	A=0.999989	C=2.5e-07	
Position 5571:	T=2.5e-07	G=2.5e-07	-=1e-05	A=0.999989	C=2.5e-07	
Position 5572:	T=0.999989	G=2.5e-07	-=1e-05	A=2.5e-07	C=2.5e-07	
Position 5573:	T=2.5e-07	G=0.999989	-=1e-05	A=2.5e-07	C=2.5e-07	
Position 5574:	T=2.5e-07	G=2.5e-07	-=1e-05	A=0.999989	C=2.5e-07	
Position 5575:	T=0.999989	G=2.5e-07	-=1e-05	A=2.5e-07	C=2.5e-07	
Position 5576:	T=0.999989	G=2.5e-07	-=1e-05	A=2.5e-07	C=2.5e-07	
Position 5577:	T=0.999989	G=2.5e-07	-=1e-05	A=2.5e-07	C=2.5e-07	
Position 5578:	T=2.5e-07	G=2.5e-07	-=1e-05	A=0.999989	C=2.5e-07	
Position 5579:	T=2.5e-07	G=0.999989	-=1e-05	A=2.5e-07	C=2.5e-07	
Position 5580:	T=2.5e-07	G=2.5e-07	-=1e-05	A=2.5e-07	C=0.999989	
Position 5581:	T=2.5e-07	G=0.999989	-=1e-05	A=2.5e-07	C=2.5e-07	
Position 5582:	T=0.999989	G=2.5e-07	-=1e-05	A=2.5e-07	C=2.5e-07	
Position 5583:	T=0.999989	G=2.5e-07	-=1e-05	A=2.5e-07	C=2.5e-07	
Position 5584:	T=2.5e-07	G=2.5e-07	-=1e-05	A=2.5e-07	C=0.999989	
Position 5585:	T=2.5e-07	G=2.5e-07	-=1e-05	A=2.5e-07	C=0.999989	
Position 5586:	T=2.5e-07	G=2.5e-07	-=1e-05	A=2.5e-07	C=0.999989	
Position 5587:	T=0.999989	G=2.5e-07	-=1e-05	A=2.5e-07	C=2.5e-07	
Position 5588:	T=2.5e-07	G=2.5e-07	-=1e-05	A=2.5e-07	C=0.999989	
Position 5589:	T=2.5e-07	G=0.999989	-=1e-05	A=2.5e-07	C=2.5e-07	
Position 5590:	T=2.5e-07	G=2.5e-07	-=1e-05	A=2.5e-07	C=0.999989	
Position 5591:	T=2.5e-07	G=2.5e-07	-=1e-05	A=0.999989	C=2.5e-07	
Position 5592:	T=0.999989	G=2.5e-07	-=1e-05	A=2.5e-07	C=2.5e-07	
Position 5593:	T=2.5e-07	G=2.5e-07	-=1e-05	A=0.999989	C=2.5e-07	
Position 5594:	T=2.5e-07	G=2.5e-07	-=1e-05	A=0.999989	C=2.5e-07	
Position 5595:	T=2.5e-07	G=2.5e-07	-=1e-05	A=0.999989	C=2.5e-07	
Position 5596:	T=0.999989	G=2.5e-07	-=1e-05	A=2.5e-07	C=2.5e-07	
Position 5597:	T=2.5e-07	G=2.5e-07	-=1e-05	A=0.999989	C=2.5e-07	
Position 5598:	T=3.14731e-07	G=3.14731e-07	-=1e-05	A=0.999989	C=3.14731e-07	
Position 5599:	T=2.5e-07	G=2.5e-07	-=1e-05	A=2.5e-07	C=0.999989	
Position 5600:	T=0.2	G=0.2	C=0.2	-=0.2	A=0.2	
Position 5601:	T=2.5e-07	G=2.5e-07	-=1e-05	A=2.5e-07	C=0.999989	
Position 5602:	T=2.5e-07	G=2.5e-07	-=1e-05	A=2.5e-07	C=0.999989	
Position 5603:	T=2.5e-07	G=2.5e-07	-=1e-05	A=0.999989	C=2.5e-07	
Position 5604:	T=0.999989	G=2.5e-07	-=1e-05	A=2.5e-07	C=2.5e-07	
Position 5605:	T=3.14731e-06	G=3.14731e-06	-=1e-05	A=3.14731e-06	C=0.999977	
Position 5606:	T=0.999989	G=2.5e-07	-=1e-05	A=2.5e-07	C=2.5e-07	
Position 5607:	T=0.999989	G=2.5e-07	-=1e-05	A=2.5e-07	C=2.5e-07	
Position 5608:	T=0.999989	G=2.5e-07	-=1e-05	A=2.5e-07	C=2.5e-07	
Position 5609:	T=2.5e-07	G=2.5e-07	-=1e-05	A=2.5e-07	C=0.999989	
Position 5610:	T=0.999989	G=2.5e-07	-=1e-05	A=2.5e-07	C=2.5e-07	
Position 5611:	T=2.5e-07	G=0.999989	-=1e-05	A=2.5e-07	C=2.5e-07	
Position 5612:	T=2.5e-07	G=2.5e-07	-=1e-05	A=0.999989	C=2.5e-07	
Position 5613:	T=2.5e-07	G=2.5e-07	-=1e-05	A=2.5e-07	C=0.999989	
Position 5614:	T=0.999989	G=2.5e-07	-=1e-05	A=2.5e-07	C=2.5e-07	
Position 5615:	T=2.5e-07	G=0.999989	-=1e-05	A=2.5e-07	C=2.5e-07	
Position 5616:	T=2.5e-07	G=2.5e-07	-=1e-05	A=2.5e-07	C=0.999989	
Position 5617:	T=0.999989	G=2.5e-07	-=1e-05	A=2.5e-07	C=2.5e-07	
Position 5618:	T=0.999989	G=2.5e-07	-=1e-05	A=2.5e-07	C=2.5e-07	
Position 5619:	T=2.5e-07	G=2.5e-07	-=1e-05	A=2.5e-07	C=0.999989	
Position 5620:	T=0.999989	G=2.5e-07	-=1e-05	A=2.5e-07	C=2.5e-07	
Position 5621:	T=2.5e-07	G=0.999989	-=1e-05	A=2.5e-07	C=2.5e-07	
Position 5622:	T=2.5e-07	G=0.999989	-=1e-05	A=2.5e-07	C=2.5e-07	
Position 5623:	T=2.5e-07	G=2.5e-07	-=1e-05	A=0.999989	C=2.5e-07	
Position 5624:	T=2.5e-07	G=2.5e-07	-=1e-05	A=2.5e-07	C=0.999989	
Position 5625:	T=0.999989	G=2.5e-07	-=1e-05	A=2.5e-07	C=2.5e-07	
Position 5626:	T=2.5e-07	G=2.5e-07	-=1e-05	A=2.5e-07	C=0.999989	
Position 5627:	T=2.5e-07	G=2.5e-07	-=1e-05	A=2.5e-07	C=0.999989	
Position 5628:	T=0.999989	G=2.5e-07	-=1e-05	A=2.5e-07	C=2.5e-07	
Position 5629:	T=2.5e-07	G=2.5e-07	-=1e-05	A=2.5e-07	C=0.999989	
Position 5630:	T=0.999989	G=2.5e-07	-=1e-05	A=2.5e-07	C=2.5e-07	
Position 5631:	T=2.5e-07	G=2.5e-07	-=1e-05	A=0.999989	C=2.5e-07	
Position 5632:	T=0.999989	G=2.5e-07	-=1e-05	A=2.5e-07	C=2.5e-07	
Position 5633:	T=2.5e-07	G=0.999989	-=1e-05	A=2.5e-07	C=2.5e-07	
Position 5634:	T=2.5e-07	G=0.999989	-=1e-05	A=2.5e-07	C=2.5e-07	
Position 5635:	T=0.999989	G=2.5e-07	-=1e-05	A=2.5e-07	C=2.5e-07	
Position 5636:	T=2.5e-07	G=2.5e-07	-=1e-05	A=0.999989	C=2.5e-07	
Position 5637:	T=2.5e-07	G=0.999989	-=1e-05	A=2.5e-07	C=2.5e-07	
Position 5638:	T=2.5e-07	G=2.5e-07	-=1e-05	A=0.999989	C=2.5e-07	
Position 5639:	T=2.5e-07	G=2.5e-07	-=1e-05	A=0.999989	C=2.5e-07	
Position 5640:	T=2.5e-07	G=0.999989	-=1e-05	A=2.5e-07	C=2.5e-07	
Position 5641:	T=2.5e-07	G=2.5e-07	-=1e-05	A=2.5e-07	C=0.999989	
Position 5642:	T=2.5e-07	G=2.5e-07	-=1e-05	A=0.999989	C=2.5e-07	
Position 5643:	T=2.5e-07	G=0.999989	-=1e-05	A=2.5e-07	C=2.5e-07	
Position 5644:	T=2.5e-07	G=0.999989	-=1e-05	A=2.5e-07	C=2.5e-07	
Position 5645:	T=0.999989	G=2.5e-07	-=1e-05	A=2.5e-07	C=2.5e-07	
Position 5646:	T=2.5e-07	G=0.999989	-=1e-05	A=2.5e-07	C=2.5e-07	
Position 5647:	T=2.5e-07	G=2.5e-07	-=1e-05	A=2.5e-07	C=0.999989	
Position 5648:	T=2.5e-07	G=2.5e-07	-=1e-05	A=0.999989	C=2.5e-07	
Position 5649:	T=2.5e-07	G=0.999989	-=1e-05	A=2.5e-07	C=2.5e-07	
Position 5650:	T=2.5e-07	G=0.999989	-=1e-05	A=2.5e-07	C=2.5e-07	
Position 5651:	T=2.5e-07	G=0.999989	-=1e-05	A=2.5e-07	C=2.5e-07	
Position 5652:	T=2.5e-07	G=2.5e-07	-=1e-05	A=0.999989	C=2.5e-07	
Position 5653:	T=2.5e-07	G=2.5e-07	-=1e-05	A=2.5e-07	C=0.999989	
Position 5654:	T=0.999989	G=2.5e-07	-=1e-05	A=2.5e-07	C=2.5e-07	
Position 5655:	T=0.2	G=0.2	C=0.2	-=0.2	A=0.2	
Position 5656:	T=2.5e-07	G=0.999989	-=1e-05	A=2.5e-07	C=2.5e-07	
Position 5657:	T=2.5e-07	G=2.5e-07	-=1e-05	A=0.999989	C=2.5e-07	
Position 5658:	T=2.5e-07	G=0.999989	-=1e-05	A=2.5e-07	C=2.5e-07	
Position 5659:	T=2.5e-07	G=0.999989	-=1e-05	A=2.5e-07	C=2.5e-07	
Position 5660:	T=2.5e-07	G=2.5e-07	-=1e-05	A=0.999989	C=2.5e-07	
Position 5661:	T=2.5e-07	G=2.5e-07	-=1e-05	A=0.999989	C=2.5e-07	
Position 5662:	T=2.5e-07	G=2.5e-07	-=1e-05	A=2.5e-07	C=0.999989	
Position 5663:	T=2.5e-07	G=2.5e-07	-=1e-05	A=2.5e-07	C=0.999989	
Position 5664:	T=2.5e-07	G=0.999989	-=1e-05	A=2.5e-07	C=2.5e-07	
Position 5665:	T=0.999989	G=2.5e-07	-=1e-05	A=2.5e-07	C=2.5e-07	
Position 5666:	T=2.5e-07	G=2.5e-07	-=1e-05	A=0.999989	C=2.5e-07	
Position 5667:	T=0.999989	G=2.5e-07	-=1e-05	A=2.5e-07	C=2.5e-07	
Position 5668:	T=2.5e-07	G=2.5e-07	-=1e-05	A=0.999989	C=2.5e-07	
Position 5669:	T=2.5e-07	G=2.5e-07	-=1e-05	A=2.5e-07	C=0.999989	
Position 5670:	T=2.5e-07	G=2.5e-07	-=1e-05	A=2.5e-07	C=0.999989	
Position 5671:	T=2.5e-07	G=2.5e-07	-=1e-05	A=2.5e-07	C=0.999989	
Position 5672:	T=0.999989	G=2.5e-07	-=1e-05	A=2.5e-07	C=2.5e-07	
Position 5673:	T=0.000198582	G=0.000198582	-=1e-05	A=0.000198582	C=0.999196	
Position 5674:	T=2.5e-07	G=2.5e-07	-=1e-05	A=2.5e-07	C=0.999989	
Position 5675:	T=0.999989	G=2.5e-07	-=1e-05	A=2.5e-07	C=2.5e-07	
Position 5676:	T=2.5e-07	G=2.5e-07	-=1e-05	A=2.5e-07	C=0.999989	
Position 5677:	T=0.999989	G=2.5e-07	-=1e-05	A=2.5e-07	C=2.5e-07	
Position 5678:	T=2.5e-07	G=2.5e-07	-=1e-05	A=0.999989	C=2.5e-07	
Position 5679:	T=0.999989	G=2.5e-07	-=1e-05	A=2.5e-07	C=2.5e-07	
Position 5680:	T=2.5e-07	G=2.5e-07	-=1e-05	A=2.5e-07	C=0.999989	
Position 5681:	T=2.5e-07	G=0.999989	-=1e-05	A=2.5e-07	C=2.5e-07	
Position 5682:	T=2.5e-07	G=0.999989	-=1e-05	A=2.5e-07	C=2.5e-07	
Position 5683:	T=2.5e-07	G=2.5e-07	-=1e-05	A=0.999989	C=2.5e-07	
Position 5684:	T=0.999989	G=2.5e-07	-=1e-05	A=2.5e-07	C=2.5e-07	
Position 5685:	T=2.5e-07	G=2.5e-07	-=1e-05	A=0.999989	C=2.5e-07	
Position 5686:	T=2.5e-07	G=2.5e-07	-=1e-05	A=0.999989	C=2.5e-07	
Position 5687:	T=0.999989	G=2.5e-07	-=1e-05	A=2.5e-07	C=2.5e-07	
Position 5688:	T=2.5e-07	G=2.5e-07	-=1e-05	A=2.5e-07	C=0.999989	
Position 5689:	T=0.999989	G=2.5e-07	-=1e-05	A=2.5e-07	C=2.5e-07	
Position 5690:	T=2.5e-07	G=0.999989	-=1e-05	A=2.5e-07	C=2.5e-07	
Position 5691:	T=2.5e-07	G=0.999989	-=1e-05	A=2.5e-07	C=2.5e-07	
Position 5692:	T=2.5e-07	G=2.5e-07	-=1e-05	A=2.5e-07	C=0.999989	
Position 5693:	T=2.5e-07	G=2.5e-07	-=1e-05	A=2.5e-07	C=0.999989	
Position 5694:	T=2.5e-07	G=2.5e-07	-=1e-05	A=2.5e-07	C=0.999989	
Position 5695:	T=2.5e-07	G=2.5e-07	-=1e-05	A=0.999989	C=2.5e-07	
Position 5696:	T=0.999989	G=2.5e-07	-=1e-05	A=2.5e-07	C=2.5e-07	
Position 5697:	T=2.5e-07	G=0.999989	-=1e-05	A=2.5e-07	C=2.5e-07	
Position 5698:	T=2.5e-07	G=2.5e-07	-=1e-05	A=2.5e-07	C=0.999989	
Position 5699:	T=2.5e-07	G=2.5e-07	-=1e-05	A=0.999989	C=2.5e-07	
Position 5700:	T=2.5e-07	G=0.999989	-=1e-05	A=2.5e-07	C=2.5e-07	
Position 5701:	T=2.5e-07	G=0.999989	-=1e-05	A=2.5e-07	C=2.5e-07	
Position 5702:	T=2.5e-07	G=2.5e-07	-=1e-05	A=0.999989	C=2.5e-07	
Position 5703:	T=2.5e-07	G=0.999989	-=1e-05	A=2.5e-07	C=2.5e-07	
Position 5704:	T=2.5e-07	G=2.5e-07	-=1e-05	A=2.5e-07	C=0.999989	
Position 5705:	T=7.90569e-07	G=7.90569e-07	-=1e-05	A=7.90569e-07	C=0.999987	
Position 5706:	T=0.999989	G=2.5e-07	-=1e-05	A=2.5e-07	C=2.5e-07	
Position 5707:	T=2.5e-07	G=2.5e-07	-=1e-05	A=0.999989	C=2.5e-07	
Position 5708:	T=2.5e-07	G=2.5e-07	-=1e-05	A=0.999989	C=2.5e-07	
Position 5709:	T=2.5e-07	G=0.999989	-=1e-05	A=2.5e-07	C=2.5e-07	
Position 5710:	T=0.999989	G=2.5e-07	-=1e-05	A=2.5e-07	C=2.5e-07	
Position 5711:	T=3.14731e-06	G=3.14731e-06	-=1e-05	A=0.999977	C=3.14731e-06	
Position 5712:	T=2.5e-07	G=0.999989	-=1e-05	A=2.5e-07	C=2.5e-07	
Position 5713:	T=2.5e-07	G=2.5e-07	-=1e-05	A=0.999989	C=2.5e-07	
Position 5714:	T=2.5e-07	G=2.5e-07	-=1e-05	A=2.5e-07	C=0.999989	
Position 5715:	T=0.999989	G=2.5e-07	-=1e-05	A=2.5e-07	C=2.5e-07	
Position 5716:	T=0.999989	G=2.5e-07	-=1e-05	A=2.5e-07	C=2.5e-07	
Position 5717:	T=2.5e-07	G=2.5e-07	-=1e-05	A=0.999989	C=2.5e-07	
Position 5718:	T=3.14731e-07	G=3.14731e-07	-=1e-05	A=0.999989	C=3.14731e-07	
Position 5719:	T=2.5e-07	G=2.5e-07	-=1e-05	A=2.5e-07	C=0.999989	
Position 5720:	T=2.5e-07	G=2.5e-07	-=1e-05	A=0.999989	C=2.5e-07	
Position 5721:	T=2.5e-07	G=2.5e-07	-=1e-05	A=0.999989	C=2.5e-07	
Position 5722:	T=0.999989	G=2.5e-07	-=1e-05	A=2.5e-07	C=2.5e-07	
Position 5723:	T=2.5e-07	G=2.5e-07	-=1e-05	A=2.5e-07	C=0.999989	
Position 5724:	T=2.5e-07	G=2.5e-07	-=1e-05	A=0.999989	C=2.5e-07	
Position 5725:	T=0.999989	G=2.5e-07	-=1e-05	A=2.5e-07	C=2.5e-07	
Position 5726:	T=0.999989	G=2.5e-07	-=1e-05	A=2.5e-07	C=2.5e-07	
Position 5727:	T=0.999989	G=2.5e-07	-=1e-05	A=2.5e-07	C=2.5e-07	
Position 5728:	T=2.5e-07	G=2.5e-07	-=1e-05	A=2.5e-07	C=0.999989	
Position 5729:	T=0.999989	G=2.5e-07	-=1e-05	A=2.5e-07	C=2.5e-07	
Position 5730:	T=2.5e-07	G=2.5e-07	-=1e-05	A=2.5e-07	C=0.999989	
Position 5731:	T=0.999989	G=2.5e-07	-=1e-05	A=2.5e-07	C=2.5e-07	
Position 5732:	T=2.5e-07	G=0.999989	-=1e-05	A=2.5e-07	C=2.5e-07	
Position 5733:	T=2.5e-07	G=2.5e-07	-=1e-05	A=0.999989	C=2.5e-07	
Position 5734:	T=2.5e-07	G=2.5e-07	-=1e-05	A=0.999989	C=2.5e-07	
Position 5735:	T=2.5e-07	G=2.5e-07	-=1e-05	A=2.5e-07	C=0.999989	
Position 5736:	T=2.5e-07	G=2.5e-07	-=1e-05	A=2.5e-07	C=0.999989	
Position 5737:	T=0.999989	G=2.5e-07	-=1e-05	A=2.5e-07	C=2.5e-07	
Position 5738:	T=0.999989	G=2.5e-07	-=1e-05	A=2.5e-07	C=2.5e-07	
Position 5739:	T=2.5e-07	G=0.999989	-=1e-05	A=2.5e-07	C=2.5e-07	
Position 5740:	T=2.5e-07	G=2.5e-07	-=1e-05	A=2.5e-07	C=0.999989	
Position 5741:	T=2.5e-07	G=2.5e-07	-=1e-05	A=0.999989	C=2.5e-07	
Position 5742:	T=2.5e-07	G=0.999989	-=1e-05	A=2.5e-07	C=2.5e-07	
Position 5743:	T=2.5e-07	G=0.999989	-=1e-05	A=2.5e-07	C=2.5e-07	
Position 5744:	T=2.5e-07	G=2.5e-07	-=1e-05	A=2.5e-07	C=0.999989	
Position 5745:	T=2.5e-07	G=2.5e-07	-=1e-05	A=0.999989	C=2.5e-07	
Position 5746:	T=0.999989	G=2.5e-07	-=1e-05	A=2.5e-07	C=2.5e-07	
Position 5747:	T=2.5e-07	G=2.5e-07	-=1e-05	A=2.5e-07	C=0.999989	
Position 5748:	T=0.999989	G=2.5e-07	-=1e-05	A=2.5e-07	C=2.5e-07	
Position 5749:	T=0.2	G=0.2	C=0.2	-=0.2	A=0.2	
Position 5750:	T=0.999989	G=2.5e-07	-=1e-05	A=2.5e-07	C=2.5e-07	
Position 5751:	T=0.999989	G=2.5e-07	-=1e-05	A=2.5e-07	C=2.5e-07	
Position 5752:	T=2.5e-07	G=2.5e-07	-=1e-05	A=2.5e-07	C=0.999989	
Position 5753:	T=0.999989	G=2.5e-07	-=1e-05	A=2.5e-07	C=2.5e-07	
Position 5754:	T=2.5e-07	G=2.5e-07	-=1e-05	A=0.999989	C=2.5e-07	
Position 5755:	T=0.999989	G=2.5e-07	-=1e-05	A=2.5e-07	C=2.5e-07	
Position 5756:	T=0.999989	G=2.5e-07	-=1e-05	A=2.5e-07	C=2.5e-07	
Position 5757:	T=2.5e-07	G=2.5e-07	-=1e-05	A=2.5e-07	C=0.999989	
Position 5758:	T=2.5e-07	G=2.5e-07	-=1e-05	A=0.999989	C=2.5e-07	
Position 5759:	T=0.2	G=0.2	C=0.2	-=0.2	A=0.2	
Position 5760:	T=0.2	G=0.2	C=0.2	-=0.2	A=0.2	
Position 5761:	T=0.2	G=0.2	C=0.2	-=0.2	A=0.2	
Position 5762:	T=2.5e-07	G=2.5e-07	-=1e-05	A=2.5e-07	C=0.999989	
Position 5763:	T=2.5e-07	G=2.5e-07	-=1e-05	A=0.999989	C=2.5e-07	
Position 5764:	T=2.5e-07	G=2.5e-07	-=1e-05	A=0.999989	C=2.5e-07	
Position 5765:	T=2.5e-07	G=2.5e-07	-=1e-05	A=0.999989	C=2.5e-07	
Position 5766:	T=2.5e-07	G=2.5e-07	-=1e-05	A=0.999989	C=2.5e-07	
Position 5767:	T=2.5e-07	G=2.5e-07	-=1e-05	A=2.5e-07	C=0.999989	
Position 5768:	T=0.999989	G=2.5e-07	-=1e-05	A=2.5e-07	C=2.5e-07	
Position 5769:	T=0.999989	G=2.5e-07	-=1e-05	A=2.5e-07	C=2.5e-07	
Position 5770:	T=2.5e-07	G=2.5e-07	-=1e-05	A=2.5e-07	C=0.999989	
Position 5771:	T=0.999989	G=2.5e-07	-=1e-05	A=2.5e-07	C=2.5e-07	
Position 5772:	T=0.999989	G=2.5e-07	-=1e-05	A=2.5e-07	C=2.5e-07	
Position 5773:	T=2.5e-07	G=2.5e-07	-=1e-05	A=2.5e-07	C=0.999989	
Position 5774:	T=0.999989	G=2.5e-07	-=1e-05	A=2.5e-07	C=2.5e-07	
Position 5775:	T=0.999989	G=2.5e-07	-=1e-05	A=2.5e-07	C=2.5e-07	
Position 5776:	T=0.999989	G=2.5e-07	-=1e-05	A=2.5e-07	C=2.5e-07	
Position 5777:	T=2.5e-07	G=0.999989	-=1e-05	A=2.5e-07	C=2.5e-07	
Position 5778:	T=2.5e-07	G=2.5e-07	-=1e-05	A=0.999989	C=2.5e-07	
Position 5779:	T=0.999989	G=2.5e-07	-=1e-05	A=2.5e-07	C=2.5e-07	
Position 5780:	T=2.5e-07	G=2.5e-07	-=1e-05	A=2.5e-07	C=0.999989	
Position 5781:	T=0.999989	G=2.5e-07	-=1e-05	A=2.5e-07	C=2.5e-07	
Position 5782:	T=2.5e-07	G=2.5e-07	-=1e-05	A=2.5e-07	C=0.999989	
Position 5783:	T=2.5e-07	G=0.999989	-=1e-05	A=2.5e-07	C=2.5e-07	
Position 5784:	T=2.5e-07	G=0.999989	-=1e-05	A=2.5e-07	C=2.5e-07	
Position 5785:	T=2.5e-07	G=2.5e-07	-=1e-05	A=2.5e-07	C=0.999989	
Position 5786:	T=2.5e-07	G=2.5e-07	-=1e-05	A=2.5e-07	C=0.999989	
Position 5787:	T=2.5e-07	G=2.5e-07	-=1e-05	A=0.999989	C=2.5e-07	
Position 5788:	T=2.5e-07	G=0.999989	-=1e-05	A=2.5e-07	C=2.5e-07	
Position 5789:	T=0.999989	G=2.5e-07	-=1e-05	A=2.5e-07	C=2.5e-07	
Position 5790:	T=2.5e-07	G=2.5e-07	-=1e-05	A=2.5e-07	C=0.999989	
Position 5791:	T=0.999989	G=2.5e-07	-=1e-05	A=2.5e-07	C=2.5e-07	
Position 5792:	T=0.999989	G=2.5e-07	-=1e-05	A=2.5e-07	C=2.5e-07	
Position 5793:	T=2.5e-07	G=2.5e-07	-=1e-05	A=0.999989	C=2.5e-07	
Position 5794:	T=2.5e-07	G=0.999989	-=1e-05	A=2.5e-07	C=2.5e-07	
Position 5795:	T=2.5e-07	G=2.5e-07	-=1e-05	A=0.999989	C=2.5e-07	
Position 5796:	T=2.5e-07	G=2.5e-07	-=1e-05	A=0.999989	C=2.5e-07	
Position 5797:	T=2.5e-07	G=0.999989	-=1e-05	A=2.5e-07	C=2.5e-07	
Position 5798:	T=2.5e-07	G=2.5e-07	-=1e-05	A=2.5e-07	C=0.999989	
Position 5799:	T=0.2	G=0.2	C=0.2	-=0.2	A=0.2	
Position 5800:	T=2.5e-07	G=2.5e-07	-=1e-05	A=0.999989	C=2.5e-07	
Position 5801:	T=2.5e-07	G=0.999989	-=1e-05	A=2.5e-07	C=2.5e-07	
Position 5802:	T=2.5e-07	G=0.999989	-=1e-05	A=2.5e-07	C=2.5e-07	
Position 5803:	T=2.5e-07	G=0.999989	-=1e-05	A=2.5e-07	C=2.5e-07	
Position 5804:	T=0.999989	G=2.5e-07	-=1e-05	A=2.5e-07	C=2.5e-07	
Position 5805:	T=0.999989	G=2.5e-07	-=1e-05	A=2.5e-07	C=2.5e-07	
Position 5806:	T=2.5e-07	G=2.5e-07	-=1e-05	A=0.999989	C=2.5e-07	
Position 5807:	T=2.5e-07	G=0.999989	-=1e-05	A=2.5e-07	C=2.5e-07	
Position 5808:	T=2.5e-07	G=2.5e-07	-=1e-05	A=0.999989	C=2.5e-07	
Position 5809:	T=0.999989	G=2.5e-07	-=1e-05	A=2.5e-07	C=2.5e-07	
Position 5810:	T=3.14731e-07	G=3.14731e-07	-=1e-05	A=0.999989	C=3.14731e-07	
Position 5811:	T=2.5e-07	G=2.5e-07	-=1e-05	A=2.5e-07	C=0.999989	
Position 5812:	T=0.999989	G=2.5e-07	-=1e-05	A=2.5e-07	C=2.5e-07	
Position 5813:	T=2.5e-07	G=2.5e-07	-=1e-05	A=0.999989	C=2.5e-07	
Position 5814:	T=2.5e-07	G=2.5e-07	-=1e-05	A=0.999989	C=2.5e-07	
Position 5815:	T=0.999989	G=2.5e-07	-=1e-05	A=2.5e-07	C=2.5e-07	
Position 5816:	T=2.5e-07	G=2.5e-07	-=1e-05	A=2.5e-07	C=0.999989	
Position 5817:	T=2.5e-07	G=2.5e-07	-=1e-05	A=2.5e-07	C=0.999989	
Position 5818:	T=0.999989	G=2.5e-07	-=1e-05	A=2.5e-07	C=2.5e-07	
Position 5819:	T=0.999989	G=2.5e-07	-=1e-05	A=2.5e-07	C=2.5e-07	
Position 5820:	T=2.5e-07	G=2.5e-07	-=1e-05	A=2.5e-07	C=0.999989	
Position 5821:	T=2.5e-07	G=2.5e-07	-=1e-05	A=2.5e-07	C=0.999989	
Position 5822:	T=0.999989	G=2.5e-07	-=1e-05	A=2.5e-07	C=2.5e-07	
Position 5823:	T=2.5e-07	G=0.999989	-=1e-05	A=2.5e-07	C=2.5e-07	
Position 5824:	T=2.5e-07	G=0.999989	-=1e-05	A=2.5e-07	C=2.5e-07	
Position 5825:	T=2.5e-07	G=0.999989	-=1e-05	A=2.5e-07	C=2.5e-07	
Position 5826:	T=2.5e-07	G=0.999989	-=1e-05	A=2.5e-07	C=2.5e-07	
Position 5827:	T=0.999989	G=2.5e-07	-=1e-05	A=2.5e-07	C=2.5e-07	
Position 5828:	T=2.5e-07	G=2.5e-07	-=1e-05	A=2.5e-07	C=0.999989	
Position 5829:	T=2.5e-07	G=2.5e-07	-=1e-05	A=2.5e-07	C=0.999989	
Position 5830:	T=2.5e-07	G=0.999989	-=1e-05	A=2.5e-07	C=2.5e-07	
Position 5831:	T=2.5e-07	G=2.5e-07	-=1e-05	A=0.999989	C=2.5e-07	
Position 5832:	T=2.5e-07	G=2.5e-07	-=1e-05	A=0.999989	C=2.5e-07	
Position 5833:	T=0.999989	G=2.5e-07	-=1e-05	A=2.5e-07	C=2.5e-07	
Position 5834:	T=2.5e-07	G=0.999989	-=1e-05	A=2.5e-07	C=2.5e-07	
Position 5835:	T=2.5e-07	G=2.5e-07	-=1e-05	A=0.999989	C=2.5e-07	
Position 5836:	T=0.999989	G=2.5e-07	-=1e-05	A=2.5e-07	C=2.5e-07	
Position 5837:	T=2.5e-07	G=2.5e-07	-=1e-05	A=2.5e-07	C=0.999989	
Position 5838:	T=0.999989	G=2.5e-07	-=1e-05	A=2.5e-07	C=2.5e-07	
Position 5839:	T=2.5e-07	G=2.5e-07	-=1e-05	A=0.999989	C=2.5e-07	
Position 5840:	T=0.999989	G=2.5e-07	-=1e-05	A=2.5e-07	C=2.5e-07	
Position 5841:	T=2.5e-07	G=2.5e-07	-=1e-05	A=2.5e-07	C=0.999989	
Position 5842:	T=2.5e-07	G=2.5e-07	-=1e-05	A=0.999989	C=2.5e-07	
Position 5843:	T=2.5e-07	G=2.5e-07	-=1e-05	A=2.5e-07	C=0.999989	
Position 5844:	T=2.5e-07	G=2.5e-07	-=1e-05	A=0.999989	C=2.5e-07	
Position 5845:	T=0.999987	G=7.90569e-07	-=1e-05	A=7.90569e-07	C=7.90569e-07	
Position 5846:	T=0.999989	G=2.5e-07	-=1e-05	A=2.5e-07	C=2.5e-07	
Position 5847:	T=2.5e-07	G=0.999989	-=1e-05	A=2.5e-07	C=2.5e-07	
Position 5848:	T=0.999989	G=2.5e-07	-=1e-05	A=2.5e-07	C=2.5e-07	
Position 5849:	T=0.999989	G=2.5e-07	-=1e-05	A=2.5e-07	C=2.5e-07	
Position 5850:	T=2.5e-07	G=2.5e-07	-=1e-05	A=0.999989	C=2.5e-07	
Position 5851:	T=2.5e-07	G=2.5e-07	-=1e-05	A=2.5e-07	C=0.999989	
Position 5852:	T=0.999989	G=2.5e-07	-=1e-05	A=2.5e-07	C=2.5e-07	
Position 5853:	T=0.999989	G=2.5e-07	-=1e-05	A=2.5e-07	C=2.5e-07	
Position 5854:	T=2.5e-07	G=2.5e-07	-=1e-05	A=0.999989	C=2.5e-07	
Position 5855:	T=2.5e-07	G=0.999989	-=1e-05	A=2.5e-07	C=2.5e-07	
Position 5856:	T=0.999989	G=2.5e-07	-=1e-05	A=2.5e-07	C=2.5e-07	
Position 5857:	T=2.5e-07	G=2.5e-07	-=1e-05	A=0.999989	C=2.5e-07	
Position 5858:	T=0.999989	G=2.5e-07	-=1e-05	A=2.5e-07	C=2.5e-07	
Position 5859:	T=0.999989	G=2.5e-07	-=1e-05	A=2.5e-07	C=2.5e-07	
Position 5860:	T=2.5e-07	G=0.999989	-=1e-05	A=2.5e-07	C=2.5e-07	
Position 5861:	T=2.5e-07	G=2.5e-07	-=1e-05	A=0.999989	C=2.5e-07	
Position 5862:	T=2.5e-07	G=2.5e-07	-=1e-05	A=2.5e-07	C=0.999989	
Position 5863:	T=2.5e-07	G=0.999989	-=1e-05	A=2.5e-07	C=2.5e-07	
Position 5864:	T=2.5e-07	G=2.5e-07	-=1e-05	A=0.999989	C=2.5e-07	
Position 5865:	T=2.5e-07	G=2.5e-07	-=1e-05	A=0.999989	C=2.5e-07	
Position 5866:	T=2.5e-07	G=2.5e-07	-=1e-05	A=0.999989	C=2.5e-07	
Position 5867:	T=2.5e-07	G=2.5e-07	-=1e-05	A=0.999989	C=2.5e-07	
Position 5868:	T=2.5e-07	G=2.5e-07	-=1e-05	A=0.999989	C=2.5e-07	
Position 5869:	T=2.5e-07	G=2.5e-07	-=1e-05	A=0.999989	C=2.5e-07	
Position 5870:	T=2.5e-07	G=2.5e-07	-=1e-05	A=0.999989	C=2.5e-07	
Position 5871:	T=2.5e-07	G=0.999989	-=1e-05	A=2.5e-07	C=2.5e-07	
Position 5872:	T=2.5e-07	G=0.999989	-=1e-05	A=2.5e-07	C=2.5e-07	
Position 5873:	T=2.5e-07	G=2.5e-07	-=1e-05	A=0.999989	C=2.5e-07	
Position 5874:	T=2.5e-07	G=0.999989	-=1e-05	A=2.5e-07	C=2.5e-07	
Position 5875:	T=2.5e-07	G=2.5e-07	-=1e-05	A=0.999989	C=2.5e-07	
Position 5876:	T=0.999989	G=2.5e-07	-=1e-05	A=2.5e-07	C=2.5e-07	
Position 5877:	T=0.999989	G=2.5e-07	-=1e-05	A=2.5e-07	C=2.5e-07	
Position 5878:	T=2.5e-07	G=2.5e-07	-=1e-05	A=0.999989	C=2.5e-07	
Position 5879:	T=0.999989	G=2.5e-07	-=1e-05	A=2.5e-07	C=2.5e-07	
Position 5880:	T=2.5e-07	G=0.999989	-=1e-05	A=2.5e-07	C=2.5e-07	
Position 5881:	T=2.5e-07	G=0.999989	-=1e-05	A=2.5e-07	C=2.5e-07	
Position 5882:	T=2.5e-07	G=2.5e-07	-=1e-05	A=2.5e-07	C=0.999989	
Position 5883:	T=0.999989	G=2.5e-07	-=1e-05	A=2.5e-07	C=2.5e-07	
Position 5884:	T=2.5e-07	G=2.5e-07	-=1e-05	A=0.999989	C=2.5e-07	
Position 5885:	T=0.999989	G=2.5e-07	-=1e-05	A=2.5e-07	C=2.5e-07	
Position 5886:	T=2.5e-07	G=2.5e-07	-=1e-05	A=0.999989	C=2.5e-07	
Position 5887:	T=0.999989	G=2.5e-07	-=1e-05	A=2.5e-07	C=2.5e-07	
Position 5888:	T=2.5e-07	G=2.5e-07	-=1e-05	A=0.999989	C=2.5e-07	
Position 5889:	T=2.5e-07	G=0.999989	-=1e-05	A=2.5e-07	C=2.5e-07	
Position 5890:	T=2.5e-07	G=0.999989	-=1e-05	A=2.5e-07	C=2.5e-07	
Position 5891:	T=0.999989	G=2.5e-07	-=1e-05	A=2.5e-07	C=2.5e-07	
Position 5892:	T=2.5e-07	G=2.5e-07	-=1e-05	A=0.999989	C=2.5e-07	
Position 5893:	T=0.999989	G=2.5e-07	-=1e-05	A=2.5e-07	C=2.5e-07	
Position 5894:	T=2.5e-07	G=2.5e-07	-=1e-05	A=0.999989	C=2.5e-07	
Position 5895:	T=2.5e-07	G=0.999989	-=1e-05	A=2.5e-07	C=2.5e-07	
Position 5896:	T=0.999989	G=2.5e-07	-=1e-05	A=2.5e-07	C=2.5e-07	
Position 5897:	T=2.5e-07	G=2.5e-07	-=1e-05	A=2.5e-07	C=0.999989	
Position 5898:	T=0.999989	G=2.5e-07	-=1e-05	A=2.5e-07	C=2.5e-07	
Position 5899:	T=2.5e-07	G=0.999989	-=1e-05	A=2.5e-07	C=2.5e-07	
Position 5900:	T=3.14731e-07	G=3.14731e-07	-=1e-05	A=3.14731e-07	C=0.999989	
Position 5901:	T=2.5e-07	G=0.999989	-=1e-05	A=2.5e-07	C=2.5e-07	
Position 5902:	T=2.5e-07	G=2.5e-07	-=1e-05	A=2.5e-07	C=0.999989	
Position 5903:	T=2.5e-07	G=0.999989	-=1e-05	A=2.5e-07	C=2.5e-07	
Position 5904:	T=2.5e-07	G=2.5e-07	-=1e-05	A=0.999989	C=2.5e-07	
Position 5905:	T=2.5e-07	G=2.5e-07	-=1e-05	A=0.999989	C=2.5e-07	
Position 5906:	T=2.5e-07	G=2.5e-07	-=1e-05	A=0.999989	C=2.5e-07	
Position 5907:	T=3.14731e-07	G=3.14731e-07	-=1e-05	A=0.999989	C=3.14731e-07	
Position 5908:	T=3.14731e-06	G=3.14731e-06	-=1e-05	A=3.14731e-06	C=0.999977	
Position 5909:	T=2.5e-07	G=2.5e-07	-=1e-05	A=0.999989	C=2.5e-07	
Position 5910:	T=0.999989	G=2.5e-07	-=1e-05	A=2.5e-07	C=2.5e-07	
Position 5911:	T=2.5e-07	G=2.5e-07	-=1e-05	A=2.5e-07	C=0.999989	
Position 5912:	T=2.5e-07	G=2.5e-07	-=1e-05	A=2.5e-07	C=0.999989	
Position 5913:	T=0.999989	G=2.5e-07	-=1e-05	A=2.5e-07	C=2.5e-07	
Position 5914:	T=0.999989	G=2.5e-07	-=1e-05	A=2.5e-07	C=2.5e-07	
Position 5915:	T=0.999989	G=2.5e-07	-=1e-05	A=2.5e-07	C=2.5e-07	
Position 5916:	T=2.5e-07	G=0.999989	-=1e-05	A=2.5e-07	C=2.5e-07	
Position 5917:	T=2.5e-07	G=0.999989	-=1e-05	A=2.5e-07	C=2.5e-07	
Position 5918:	T=0.999989	G=2.5e-07	-=1e-05	A=2.5e-07	C=2.5e-07	
Position 5919:	T=0.999989	G=2.5e-07	-=1e-05	A=2.5e-07	C=2.5e-07	
Position 5920:	T=0.999989	G=2.5e-07	-=1e-05	A=2.5e-07	C=2.5e-07	
Position 5921:	T=2.5e-07	G=2.5e-07	-=1e-05	A=2.5e-07	C=0.999989	
Position 5922:	T=0.999989	G=2.5e-07	-=1e-05	A=2.5e-07	C=2.5e-07	
Position 5923:	T=0.999989	G=2.5e-07	-=1e-05	A=2.5e-07	C=2.5e-07	
Position 5924:	T=2.5e-07	G=0.999989	-=1e-05	A=2.5e-07	C=2.5e-07	
Position 5925:	T=2.5e-07	G=0.999989	-=1e-05	A=2.5e-07	C=2.5e-07	
Position 5926:	T=2.5e-07	G=0.999989	-=1e-05	A=2.5e-07	C=2.5e-07	
Position 5927:	T=2.5e-07	G=2.5e-07	-=1e-05	A=0.999989	C=2.5e-07	
Position 5928:	T=0.999989	G=2.5e-07	-=1e-05	A=2.5e-07	C=2.5e-07	
Position 5929:	T=0.999989	G=2.5e-07	-=1e-05	A=2.5e-07	C=2.5e-07	
Position 5930:	T=0.999989	G=2.5e-07	-=1e-05	A=2.5e-07	C=2.5e-07	
Position 5931:	T=2.5e-07	G=2.5e-07	-=1e-05	A=0.999989	C=2.5e-07	
Position 5932:	T=0.999989	G=2.5e-07	-=1e-05	A=2.5e-07	C=2.5e-07	
Position 5933:	T=2.5e-07	G=2.5e-07	-=1e-05	A=2.5e-07	C=0.999989	
Position 5934:	T=2.5e-07	G=0.999989	-=1e-05	A=2.5e-07	C=2.5e-07	
Position 5935:	T=0.999989	G=2.5e-07	-=1e-05	A=2.5e-07	C=2.5e-07	
Position 5936:	T=2.5e-07	G=0.999989	-=1e-05	A=2.5e-07	C=2.5e-07	
Position 5937:	T=0.999989	G=2.5e-07	-=1e-05	A=2.5e-07	C=2.5e-07	
Position 5938:	T=2.5e-07	G=0.999989	-=1e-05	A=2.5e-07	C=2.5e-07	
Position 5939:	T=2.5e-07	G=2.5e-07	-=1e-05	A=0.999989	C=2.5e-07	
Position 5940:	T=2.5e-07	G=2.5e-07	-=1e-05	A=2.5e-07	C=0.999989	
Position 5941:	T=2.5e-07	G=2.5e-07	-=1e-05	A=2.5e-07	C=0.999989	
Position 5942:	T=0.999989	G=2.5e-07	-=1e-05	A=2.5e-07	C=2.5e-07	
Position 5943:	T=2.5e-07	G=0.999989	-=1e-05	A=2.5e-07	C=2.5e-07	
Position 5944:	T=2.5e-07	G=2.5e-07	-=1e-05	A=0.999989	C=2.5e-07	
Position 5945:	T=0.999989	G=2.5e-07	-=1e-05	A=2.5e-07	C=2.5e-07	
Position 5946:	T=2.5e-07	G=2.5e-07	-=1e-05	A=2.5e-07	C=0.999989	
Position 5947:	T=2.5e-07	G=2.5e-07	-=1e-05	A=0.999989	C=2.5e-07	
Position 5948:	T=0.999989	G=2.5e-07	-=1e-05	A=2.5e-07	C=2.5e-07	
Position 5949:	T=2.5e-07	G=2.5e-07	-=1e-05	A=0.999989	C=2.5e-07	
Position 5950:	T=0.999989	G=2.5e-07	-=1e-05	A=2.5e-07	C=2.5e-07	
Position 5951:	T=2.5e-07	G=0.999989	-=1e-05	A=2.5e-07	C=2.5e-07	
Position 5952:	T=2.5e-07	G=2.5e-07	-=1e-05	A=0.999989	C=2.5e-07	
Position 5953:	T=0.999989	G=2.5e-07	-=1e-05	A=2.5e-07	C=2.5e-07	
Position 5954:	T=0.999989	G=2.5e-07	-=1e-05	A=2.5e-07	C=2.5e-07	
Position 5955:	T=2.5e-07	G=2.5e-07	-=1e-05	A=0.999989	C=2.5e-07	
Position 5956:	T=2.5e-07	G=2.5e-07	-=1e-05	A=2.5e-07	C=0.999989	
Position 5957:	T=2.5e-07	G=2.5e-07	-=1e-05	A=0.999989	C=2.5e-07	
Position 5958:	T=2.5e-07	G=0.999989	-=1e-05	A=2.5e-07	C=2.5e-07	
Position 5959:	T=0.999989	G=2.5e-07	-=1e-05	A=2.5e-07	C=2.5e-07	
Position 5960:	T=2.5e-07	G=2.5e-07	-=1e-05	A=0.999989	C=2.5e-07	
Position 5961:	T=2.5e-07	G=0.999989	-=1e-05	A=2.5e-07	C=2.5e-07	
Position 5962:	T=2.5e-07	G=0.999989	-=1e-05	A=2.5e-07	C=2.5e-07	
Position 5963:	T=0.999989	G=2.5e-07	-=1e-05	A=2.5e-07	C=2.5e-07	
Position 5964:	T=2.5e-07	G=2.5e-07	-=1e-05	A=0.999989	C=2.5e-07	
Position 5965:	T=2.5e-07	G=2.5e-07	-=1e-05	A=0.999989	C=2.5e-07	
Position 5966:	T=2.5e-07	G=2.5e-07	-=1e-05	A=0.999989	C=2.5e-07	
Position 5967:	T=2.5e-07	G=0.999989	-=1e-05	A=2.5e-07	C=2.5e-07	
Position 5968:	T=2.5e-07	G=2.5e-07	-=1e-05	A=0.999989	C=2.5e-07	
Position 5969:	T=2.5e-07	G=2.5e-07	-=1e-05	A=2.5e-07	C=0.999989	
Position 5970:	T=0.999989	G=2.5e-07	-=1e-05	A=2.5e-07	C=2.5e-07	
Position 5971:	T=0.999989	G=2.5e-07	-=1e-05	A=2.5e-07	C=2.5e-07	
Position 5972:	T=2.5e-07	G=2.5e-07	-=1e-05	A=0.999989	C=2.5e-07	
Position 5973:	T=2.5e-07	G=0.999989	-=1e-05	A=2.5e-07	C=2.5e-07	
Position 5974:	T=3.14731e-06	G=3.14731e-06	-=1e-05	A=0.999977	C=3.14731e-06	
Position 5975:	T=2.5e-07	G=2.5e-07	-=1e-05	A=0.999989	C=2.5e-07	
Position 5976:	T=2.5e-07	G=2.5e-07	-=1e-05	A=0.999989	C=2.5e-07	
Position 5977:	T=2.5e-07	G=2.5e-07	-=1e-05	A=2.5e-07	C=0.999989	
Position 5978:	T=2.5e-07	G=2.5e-07	-=1e-05	A=0.999989	C=2.5e-07	
Position 5979:	T=2.5e-07	G=2.5e-07	-=1e-05	A=2.5e-07	C=0.999989	
Position 5980:	T=0.999989	G=2.5e-07	-=1e-05	A=2.5e-07	C=2.5e-07	
Position 5981:	T=2.5e-07	G=2.5e-07	-=1e-05	A=0.999989	C=2.5e-07	
Position 5982:	T=2.5e-07	G=0.999989	-=1e-05	A=2.5e-07	C=2.5e-07	
Position 5983:	T=2.5e-07	G=2.5e-07	-=1e-05	A=2.5e-07	C=0.999989	
Position 5984:	T=0.999989	G=2.5e-07	-=1e-05	A=2.5e-07	C=2.5e-07	
Position 5985:	T=0.999989	G=2.5e-07	-=1e-05	A=2.5e-07	C=2.5e-07	
Position 5986:	T=2.5e-07	G=2.5e-07	-=1e-05	A=0.999989	C=2.5e-07	
Position 5987:	T=2.5e-07	G=2.5e-07	-=1e-05	A=2.5e-07	C=0.999989	
Position 5988:	T=0.999989	G=2.5e-07	-=1e-05	A=2.5e-07	C=2.5e-07	
Position 5989:	T=0.999989	G=2.5e-07	-=1e-05	A=2.5e-07	C=2.5e-07	
Position 5990:	T=0.2	G=0.2	C=0.2	-=0.2	A=0.2	
Position 5991:	T=2.5e-07	G=2.5e-07	-=1e-05	A=0.999989	C=2.5e-07	
Position 5992:	T=2.5e-07	G=2.5e-07	-=1e-05	A=2.5e-07	C=0.999989	
Position 5993:	T=0.999989	G=2.5e-07	-=1e-05	A=2.5e-07	C=2.5e-07	
Position 5994:	T=0.999989	G=2.5e-07	-=1e-05	A=2.5e-07	C=2.5e-07	
Position 5995:	T=2.5e-07	G=2.5e-07	-=1e-05	A=2.5e-07	C=0.999989	
Position 5996:	T=2.5e-07	G=2.5e-07	-=1e-05	A=0.999989	C=2.5e-07	
Position 5997:	T=2.5e-07	G=0.999989	-=1e-05	A=2.5e-07	C=2.5e-07	
Position 5998:	T=2.5e-07	G=0.999989	-=1e-05	A=2.5e-07	C=2.5e-07	
Position 5999:	T=0.999989	G=2.5e-07	-=1e-05	A=2.5e-07	C=2.5e-07	
Position 6000:	T=2.5e-07	G=2.5e-07	-=1e-05	A=0.999989	C=2.5e-07	
Position 6001:	T=2.5e-07	G=2.5e-07	-=1e-05	A=2.5e-07	C=0.999989	
Position 6002:	T=2.5e-07	G=2.5e-07	-=1e-05	A=2.5e-07	C=0.999989	
Position 6003:	T=2.5e-07	G=2.5e-07	-=1e-05	A=0.999989	C=2.5e-07	
Position 6004:	T=0.999989	G=2.5e-07	-=1e-05	A=2.5e-07	C=2.5e-07	
Position 6005:	T=2.5e-07	G=0.999989	-=1e-05	A=2.5e-07	C=2.5e-07	
Position 6006:	T=2.5e-07	G=2.5e-07	-=1e-05	A=0.999989	C=2.5e-07	
Position 6007:	T=0.498803	G=0.125297	-=1e-05	A=0.125297	C=0.125297	
Position 6008:	T=0.999989	G=2.5e-07	-=1e-05	A=2.5e-07	C=2.5e-07	
Position 6009:	T=2.5e-07	G=2.5e-07	-=1e-05	A=0.999989	C=2.5e-07	
Position 6010:	T=0.999989	G=2.5e-07	-=1e-05	A=2.5e-07	C=2.5e-07	
Position 6011:	T=0.999989	G=2.5e-07	-=1e-05	A=2.5e-07	C=2.5e-07	
Position 6012:	T=2.5e-07	G=0.999989	-=1e-05	A=2.5e-07	C=2.5e-07	
Position 6013:	T=2.5e-07	G=0.999989	-=1e-05	A=2.5e-07	C=2.5e-07	
Position 6014:	T=0.999989	G=2.5e-07	-=1e-05	A=2.5e-07	C=2.5e-07	
Position 6015:	T=2.5e-07	G=2.5e-07	-=1e-05	A=0.999989	C=2.5e-07	
Position 6016:	T=2.5e-07	G=2.5e-07	-=1e-05	A=0.999989	C=2.5e-07	
Position 6017:	T=2.5e-07	G=2.5e-07	-=1e-05	A=2.5e-07	C=0.999989	
Position 6018:	T=2.5e-07	G=2.5e-07	-=1e-05	A=2.5e-07	C=0.999989	
Position 6019:	T=2.5e-07	G=2.5e-07	-=1e-05	A=2.5e-07	C=0.999989	
Position 6020:	T=2.5e-07	G=0.999989	-=1e-05	A=2.5e-07	C=2.5e-07	
Position 6021:	T=2.5e-07	G=2.5e-07	-=1e-05	A=0.999989	C=2.5e-07	
Position 6022:	T=2.5e-07	G=2.5e-07	-=1e-05	A=2.5e-07	C=0.999989	
Position 6023:	T=0.999989	G=3.14731e-07	-=1e-05	A=3.14731e-07	C=3.14731e-07	
Position 6024:	T=2.5e-07	G=0.999989	-=1e-05	A=2.5e-07	C=2.5e-07	
Position 6025:	T=2.5e-07	G=0.999989	-=1e-05	A=2.5e-07	C=2.5e-07	
Position 6026:	T=2.5e-07	G=2.5e-07	-=1e-05	A=0.999989	C=2.5e-07	
Position 6027:	T=2.5e-07	G=0.999989	-=1e-05	A=2.5e-07	C=2.5e-07	
Position 6028:	T=0.999989	G=2.5e-07	-=1e-05	A=2.5e-07	C=2.5e-07	
Position 6029:	T=2.5e-07	G=2.5e-07	-=1e-05	A=2.5e-07	C=0.999989	
Position 6030:	T=2.5e-07	G=2.5e-07	-=1e-05	A=0.999989	C=2.5e-07	
Position 6031:	T=3.14731e-07	G=3.14731e-07	-=1e-05	A=0.999989	C=3.14731e-07	
Position 6032:	T=2.5e-07	G=2.5e-07	-=1e-05	A=0.999989	C=2.5e-07	
Position 6033:	T=2.5e-07	G=2.5e-07	-=1e-05	A=2.5e-07	C=0.999989	
Position 6034:	T=0.999989	G=2.5e-07	-=1e-05	A=2.5e-07	C=2.5e-07	
Position 6035:	T=0.2	G=0.2	C=0.2	-=0.2	A=0.2	
Position 6036:	T=0.2	G=0.2	C=0.2	-=0.2	A=0.2	
Position 6037:	T=0.2	G=0.2	C=0.2	-=0.2	A=0.2	
Position 6038:	T=0.2	G=0.2	C=0.2	-=0.2	A=0.2	
Position 6039:	T=0.2	G=0.2	C=0.2	-=0.2	A=0.2	
Position 6040:	T=0.2	G=0.2	C=0.2	-=0.2	A=0.2	
Position 6041:	T=0.2	G=0.2	C=0.2	-=0.2	A=0.2	
Position 6042:	T=0.999989	G=2.5e-07	-=1e-05	A=2.5e-07	C=2.5e-07	
Position 6043:	T=2.5e-07	G=2.5e-07	-=1e-05	A=2.5e-07	C=0.999989	
Position 6044:	T=2.5e-07	G=2.5e-07	-=1e-05	A=2.5e-07	C=0.999989	
Position 6045:	T=0.999989	G=2.5e-07	-=1e-05	A=2.5e-07	C=2.5e-07	
Position 6046:	T=0.999989	G=2.5e-07	-=1e-05	A=2.5e-07	C=2.5e-07	
Position 6047:	T=2.5e-07	G=0.999989	-=1e-05	A=2.5e-07	C=2.5e-07	
Position 6048:	T=2.5e-07	G=0.999989	-=1e-05	A=2.5e-07	C=2.5e-07	
Position 6049:	T=0.999989	G=2.5e-07	-=1e-05	A=2.5e-07	C=2.5e-07	
Position 6050:	T=2.5e-07	G=2.5e-07	-=1e-05	A=0.999989	C=2.5e-07	
Position 6051:	T=2.5e-07	G=2.5e-07	-=1e-05	A=0.999989	C=2.5e-07	
Position 6052:	T=0.999989	G=2.5e-07	-=1e-05	A=2.5e-07	C=2.5e-07	
Position 6053:	T=0.999989	G=2.5e-07	-=1e-05	A=2.5e-07	C=2.5e-07	
Position 6054:	T=2.5e-07	G=2.5e-07	-=1e-05	A=2.5e-07	C=0.999989	
Position 6055:	T=2.5e-07	G=2.5e-07	-=1e-05	A=0.999989	C=2.5e-07	
Position 6056:	T=0.999989	G=2.5e-07	-=1e-05	A=2.5e-07	C=2.5e-07	
Position 6057:	T=2.5e-07	G=2.5e-07	-=1e-05	A=2.5e-07	C=0.999989	
Position 6058:	T=0.999989	G=2.5e-07	-=1e-05	A=2.5e-07	C=2.5e-07	
Position 6059:	T=2.5e-07	G=2.5e-07	-=1e-05	A=2.5e-07	C=0.999989	
Position 6060:	T=2.5e-07	G=0.999989	-=1e-05	A=2.5e-07	C=2.5e-07	
Position 6061:	T=0.999989	G=2.5e-07	-=1e-05	A=2.5e-07	C=2.5e-07	
Position 6062:	T=2.5e-07	G=0.999989	-=1e-05	A=2.5e-07	C=2.5e-07	
Position 6063:	T=2.5e-07	G=2.5e-07	-=1e-05	A=0.999989	C=2.5e-07	
Position 6064:	T=2.5e-07	G=2.5e-07	-=1e-05	A=2.5e-07	C=0.999989	
Position 6065:	T=2.5e-07	G=2.5e-07	-=1e-05	A=0.999989	C=2.5e-07	
Position 6066:	T=0.999989	G=2.5e-07	-=1e-05	A=2.5e-07	C=2.5e-07	
Position 6067:	T=2.5e-07	G=0.999989	-=1e-05	A=2.5e-07	C=2.5e-07	
Position 6068:	T=2.5e-07	G=0.999989	-=1e-05	A=2.5e-07	C=2.5e-07	
Position 6069:	T=0.999989	G=2.5e-07	-=1e-05	A=2.5e-07	C=2.5e-07	
Position 6070:	T=0.999989	G=2.5e-07	-=1e-05	A=2.5e-07	C=2.5e-07	
Position 6071:	T=2.5e-07	G=2.5e-07	-=1e-05	A=2.5e-07	C=0.999989	
Position 6072:	T=0.999989	G=2.5e-07	-=1e-05	A=2.5e-07	C=2.5e-07	
Position 6073:	T=2.5e-07	G=2.5e-07	-=1e-05	A=2.5e-07	C=0.999989	
Position 6074:	T=2.5e-07	G=2.5e-07	-=1e-05	A=2.5e-07	C=0.999989	
Position 6075:	T=2.5e-07	G=2.5e-07	-=1e-05	A=0.999989	C=2.5e-07	
Position 6076:	T=0.999989	G=2.5e-07	-=1e-05	A=2.5e-07	C=2.5e-07	
Position 6077:	T=2.5e-07	G=0.999989	-=1e-05	A=2.5e-07	C=2.5e-07	
Position 6078:	T=2.5e-07	G=2.5e-07	-=1e-05	A=0.999989	C=2.5e-07	
Position 6079:	T=2.5e-07	G=2.5e-07	-=1e-05	A=2.5e-07	C=0.999989	
Position 6080:	T=2.5e-07	G=2.5e-07	-=1e-05	A=0.999989	C=2.5e-07	
Position 6081:	T=2.5e-07	G=2.5e-07	-=1e-05	A=2.5e-07	C=0.999989	
Position 6082:	T=2.5e-07	G=0.999989	-=1e-05	A=2.5e-07	C=2.5e-07	
Position 6083:	T=0.999989	G=2.5e-07	-=1e-05	A=2.5e-07	C=2.5e-07	
Position 6084:	T=0.999989	G=2.5e-07	-=1e-05	A=2.5e-07	C=2.5e-07	
Position 6085:	T=2.5e-07	G=2.5e-07	-=1e-05	A=2.5e-07	C=0.999989	
Position 6086:	T=0.999989	G=2.5e-07	-=1e-05	A=2.5e-07	C=2.5e-07	
Position 6087:	T=2.5e-07	G=2.5e-07	-=1e-05	A=0.999989	C=2.5e-07	
Position 6088:	T=0.999989	G=2.5e-07	-=1e-05	A=2.5e-07	C=2.5e-07	
Position 6089:	T=2.5e-07	G=0.999989	-=1e-05	A=2.5e-07	C=2.5e-07	
Position 6090:	T=0.2	G=0.2	C=0.2	-=0.2	A=0.2	
Position 6091:	T=2.5e-07	G=0.999989	-=1e-05	A=2.5e-07	C=2.5e-07	
Position 6092:	T=2.5e-07	G=2.5e-07	-=1e-05	A=0.999989	C=2.5e-07	
Position 6093:	T=0.999989	G=3.14731e-07	-=1e-05	A=3.14731e-07	C=3.14731e-07	
Position 6094:	T=2.5e-07	G=0.999989	-=1e-05	A=2.5e-07	C=2.5e-07	
Position 6095:	T=0.999989	G=2.5e-07	-=1e-05	A=2.5e-07	C=2.5e-07	
Position 6096:	T=2.5e-07	G=0.999989	-=1e-05	A=2.5e-07	C=2.5e-07	
Position 6097:	T=0.999989	G=2.5e-07	-=1e-05	A=2.5e-07	C=2.5e-07	
Position 6098:	T=2.5e-07	G=2.5e-07	-=1e-05	A=2.5e-07	C=0.999989	
Position 6099:	T=2.5e-07	G=2.5e-07	-=1e-05	A=2.5e-07	C=0.999989	
Position 6100:	T=2.5e-07	G=2.5e-07	-=1e-05	A=0.999989	C=2.5e-07	
Position 6101:	T=2.5e-07	G=0.999989	-=1e-05	A=2.5e-07	C=2.5e-07	
Position 6102:	T=2.5e-07	G=2.5e-07	-=1e-05	A=0.999989	C=2.5e-07	
Position 6103:	T=2.5e-07	G=2.5e-07	-=1e-05	A=2.5e-07	C=0.999989	
Position 6104:	T=2.5e-07	G=2.5e-07	-=1e-05	A=0.999989	C=2.5e-07	
Position 6105:	T=0.999989	G=2.5e-07	-=1e-05	A=2.5e-07	C=2.5e-07	
Position 6106:	T=0.999989	G=2.5e-07	-=1e-05	A=2.5e-07	C=2.5e-07	
Position 6107:	T=2.5e-07	G=2.5e-07	-=1e-05	A=2.5e-07	C=0.999989	
Position 6108:	T=2.5e-07	G=2.5e-07	-=1e-05	A=2.5e-07	C=0.999989	
Position 6109:	T=0.999989	G=2.5e-07	-=1e-05	A=2.5e-07	C=2.5e-07	
Position 6110:	T=2.5e-07	G=2.5e-07	-=1e-05	A=0.999989	C=2.5e-07	
Position 6111:	T=2.5e-07	G=2.5e-07	-=1e-05	A=2.5e-07	C=0.999989	
Position 6112:	T=0.999989	G=2.5e-07	-=1e-05	A=2.5e-07	C=2.5e-07	
Position 6113:	T=0.999989	G=2.5e-07	-=1e-05	A=2.5e-07	C=2.5e-07	
Position 6114:	T=0.999989	G=2.5e-07	-=1e-05	A=2.5e-07	C=2.5e-07	
Position 6115:	T=0.999989	G=2.5e-07	-=1e-05	A=2.5e-07	C=2.5e-07	
Position 6116:	T=2.5e-07	G=2.5e-07	-=1e-05	A=2.5e-07	C=0.999989	
Position 6117:	T=0.999989	G=2.5e-07	-=1e-05	A=2.5e-07	C=2.5e-07	
Position 6118:	T=2.5e-07	G=2.5e-07	-=1e-05	A=2.5e-07	C=0.999989	
Position 6119:	T=2.5e-07	G=2.5e-07	-=1e-05	A=0.999989	C=2.5e-07	
Position 6120:	T=2.5e-07	G=0.999989	-=1e-05	A=2.5e-07	C=2.5e-07	
Position 6121:	T=2.5e-07	G=0.999989	-=1e-05	A=2.5e-07	C=2.5e-07	
Position 6122:	T=2.5e-07	G=2.5e-07	-=1e-05	A=2.5e-07	C=0.999989	
Position 6123:	T=0.999989	G=2.5e-07	-=1e-05	A=2.5e-07	C=2.5e-07	
Position 6124:	T=2.5e-07	G=2.5e-07	-=1e-05	A=0.999989	C=2.5e-07	
Position 6125:	T=0.999989	G=2.5e-07	-=1e-05	A=2.5e-07	C=2.5e-07	
Position 6126:	T=2.5e-07	G=2.5e-07	-=1e-05	A=0.999989	C=2.5e-07	
Position 6127:	T=0.2	G=0.2	C=0.2	-=0.2	A=0.2	
Position 6128:	T=2.5e-07	G=2.5e-07	-=1e-05	A=0.999989	C=2.5e-07	
Position 6129:	T=2.5e-07	G=2.5e-07	-=1e-05	A=2.5e-07	C=0.999989	
Position 6130:	T=2.5e-07	G=2.5e-07	-=1e-05	A=0.999989	C=2.5e-07	
Position 6131:	T=0.999989	G=2.5e-07	-=1e-05	A=2.5e-07	C=2.5e-07	
Position 6132:	T=2.5e-07	G=2.5e-07	-=1e-05	A=0.999989	C=2.5e-07	
Position 6133:	T=0.999196	G=0.000198582	-=1e-05	A=0.000198582	C=0.000198582	
Position 6134:	T=0.999989	G=2.5e-07	-=1e-05	A=2.5e-07	C=2.5e-07	
Position 6135:	T=2.5e-07	G=2.5e-07	-=1e-05	A=0.999989	C=2.5e-07	
Position 6136:	T=2.5e-07	G=2.5e-07	-=1e-05	A=0.999989	C=2.5e-07	
Position 6137:	T=2.5e-07	G=2.5e-07	-=1e-05	A=2.5e-07	C=0.999989	
Position 6138:	T=2.5e-07	G=2.5e-07	-=1e-05	A=0.999989	C=2.5e-07	
Position 6139:	T=2.5e-07	G=2.5e-07	-=1e-05	A=2.5e-07	C=0.999989	
Position 6140:	T=2.5e-07	G=2.5e-07	-=1e-05	A=0.999989	C=2.5e-07	
Position 6141:	T=0.999989	G=2.5e-07	-=1e-05	A=2.5e-07	C=2.5e-07	
Position 6142:	T=2.5e-07	G=0.999989	-=1e-05	A=2.5e-07	C=2.5e-07	
Position 6143:	T=2.5e-07	G=2.5e-07	-=1e-05	A=0.999989	C=2.5e-07	
Position 6144:	T=2.5e-07	G=0.999989	-=1e-05	A=2.5e-07	C=2.5e-07	
Position 6145:	T=2.5e-07	G=2.5e-07	-=1e-05	A=2.5e-07	C=0.999989	
Position 6146:	T=2.5e-07	G=2.5e-07	-=1e-05	A=0.999989	C=2.5e-07	
Position 6147:	T=2.5e-07	G=2.5e-07	-=1e-05	A=0.999989	C=2.5e-07	
Position 6148:	T=2.5e-07	G=2.5e-07	-=1e-05	A=0.999989	C=2.5e-07	
Position 6149:	T=2.5e-07	G=2.5e-07	-=1e-05	A=0.999989	C=2.5e-07	
Position 6150:	T=2.5e-07	G=2.5e-07	-=1e-05	A=0.999989	C=2.5e-07	
Position 6151:	T=0.999989	G=2.5e-07	-=1e-05	A=2.5e-07	C=2.5e-07	
Position 6152:	T=0.999989	G=2.5e-07	-=1e-05	A=2.5e-07	C=2.5e-07	
Position 6153:	T=2.5e-07	G=2.5e-07	-=1e-05	A=2.5e-07	C=0.999989	
Position 6154:	T=2.5e-07	G=0.999989	-=1e-05	A=2.5e-07	C=2.5e-07	
Position 6155:	T=2.5e-07	G=0.999989	-=1e-05	A=2.5e-07	C=2.5e-07	
Position 6156:	T=0.999989	G=2.5e-07	-=1e-05	A=2.5e-07	C=2.5e-07	
Position 6157:	T=0.999989	G=2.5e-07	-=1e-05	A=2.5e-07	C=2.5e-07	
Position 6158:	T=0.999989	G=2.5e-07	-=1e-05	A=2.5e-07	C=2.5e-07	
Position 6159:	T=2.5e-07	G=2.5e-07	-=1e-05	A=0.999989	C=2.5e-07	
Position 6160:	T=0.999989	G=2.5e-07	-=1e-05	A=2.5e-07	C=2.5e-07	
Position 6161:	T=2.5e-07	G=2.5e-07	-=1e-05	A=2.5e-07	C=0.999989	
Position 6162:	T=2.5e-07	G=2.5e-07	-=1e-05	A=0.999989	C=2.5e-07	
Position 6163:	T=0.999989	G=2.5e-07	-=1e-05	A=2.5e-07	C=2.5e-07	
Position 6164:	T=0.999989	G=2.5e-07	-=1e-05	A=2.5e-07	C=2.5e-07	
Position 6165:	T=2.5e-07	G=2.5e-07	-=1e-05	A=0.999989	C=2.5e-07	
Position 6166:	T=0.999989	G=2.5e-07	-=1e-05	A=2.5e-07	C=2.5e-07	
Position 6167:	T=2.5e-07	G=2.5e-07	-=1e-05	A=0.999989	C=2.5e-07	
Position 6168:	T=0.2	G=0.2	C=0.2	-=0.2	A=0.2	
Position 6169:	T=2.5e-07	G=2.5e-07	-=1e-05	A=2.5e-07	C=0.999989	
Position 6170:	T=2.5e-07	G=2.5e-07	-=1e-05	A=0.999989	C=2.5e-07	
Position 6171:	T=2.5e-07	G=0.999989	-=1e-05	A=2.5e-07	C=2.5e-07	
Position 6172:	T=2.5e-07	G=2.5e-07	-=1e-05	A=0.999989	C=2.5e-07	
Position 6173:	T=3.14731e-07	G=3.14731e-07	-=1e-05	A=0.999989	C=3.14731e-07	
Position 6174:	T=2.5e-07	G=0.999989	-=1e-05	A=2.5e-07	C=2.5e-07	
Position 6175:	T=2.5e-07	G=2.5e-07	-=1e-05	A=2.5e-07	C=0.999989	
Position 6176:	T=0.999989	G=2.5e-07	-=1e-05	A=2.5e-07	C=2.5e-07	
Position 6177:	T=2.5e-07	G=0.999989	-=1e-05	A=2.5e-07	C=2.5e-07	
Position 6178:	T=2.5e-07	G=2.5e-07	-=1e-05	A=0.999989	C=2.5e-07	
Position 6179:	T=0.999989	G=2.5e-07	-=1e-05	A=2.5e-07	C=2.5e-07	
Position 6180:	T=2.5e-07	G=2.5e-07	-=1e-05	A=0.999989	C=2.5e-07	
Position 6181:	T=2.5e-07	G=2.5e-07	-=1e-05	A=2.5e-07	C=0.999989	
Position 6182:	T=2.5e-07	G=2.5e-07	-=1e-05	A=0.999989	C=2.5e-07	
Position 6183:	T=2.5e-07	G=2.5e-07	-=1e-05	A=0.999989	C=2.5e-07	
Position 6184:	T=2.5e-07	G=2.5e-07	-=1e-05	A=2.5e-07	C=0.999989	
Position 6185:	T=0.999989	G=2.5e-07	-=1e-05	A=2.5e-07	C=2.5e-07	
Position 6186:	T=0.999989	G=2.5e-07	-=1e-05	A=2.5e-07	C=2.5e-07	
Position 6187:	T=2.5e-07	G=0.999989	-=1e-05	A=2.5e-07	C=2.5e-07	
Position 6188:	T=2.5e-07	G=2.5e-07	-=1e-05	A=0.999989	C=2.5e-07	
Position 6189:	T=2.5e-07	G=2.5e-07	-=1e-05	A=0.999989	C=2.5e-07	
Position 6190:	T=2.5e-07	G=2.5e-07	-=1e-05	A=0.999989	C=2.5e-07	
Position 6191:	T=7.90569e-07	G=7.90569e-07	-=1e-05	A=7.90569e-07	C=0.999987	
Position 6192:	T=2.5e-07	G=2.5e-07	-=1e-05	A=0.999989	C=2.5e-07	
Position 6193:	T=2.5e-07	G=2.5e-07	-=1e-05	A=2.5e-07	C=0.999989	
Position 6194:	T=2.5e-07	G=2.5e-07	-=1e-05	A=0.999989	C=2.5e-07	
Position 6195:	T=2.5e-07	G=0.999989	-=1e-05	A=2.5e-07	C=2.5e-07	
Position 6196:	T=0.999989	G=2.5e-07	-=1e-05	A=2.5e-07	C=2.5e-07	
Position 6197:	T=2.5e-07	G=2.5e-07	-=1e-05	A=0.999989	C=2.5e-07	
Position 6198:	T=0.999989	G=2.5e-07	-=1e-05	A=2.5e-07	C=2.5e-07	
Position 6199:	T=0.2	G=0.2	C=0.2	-=0.2	A=0.2	
Position 6200:	T=2.5e-07	G=0.999989	-=1e-05	A=2.5e-07	C=2.5e-07	
Position 6201:	T=0.999989	G=2.5e-07	-=1e-05	A=2.5e-07	C=2.5e-07	
Position 6202:	T=2.5e-07	G=0.999989	-=1e-05	A=2.5e-07	C=2.5e-07	
Position 6203:	T=2.5e-07	G=0.999989	-=1e-05	A=2.5e-07	C=2.5e-07	
Position 6204:	T=2.5e-07	G=2.5e-07	-=1e-05	A=2.5e-07	C=0.999989	
Position 6205:	T=2.5e-07	G=2.5e-07	-=1e-05	A=0.999989	C=2.5e-07	
Position 6206:	T=2.5e-07	G=0.999989	-=1e-05	A=2.5e-07	C=2.5e-07	
Position 6207:	T=0.999989	G=2.5e-07	-=1e-05	A=2.5e-07	C=2.5e-07	
Position 6208:	T=2.5e-07	G=2.5e-07	-=1e-05	A=2.5e-07	C=0.999989	
Position 6209:	T=2.5e-07	G=0.999989	-=1e-05	A=2.5e-07	C=2.5e-07	
Position 6210:	T=0.999989	G=2.5e-07	-=1e-05	A=2.5e-07	C=2.5e-07	
Position 6211:	T=2.5e-07	G=2.5e-07	-=1e-05	A=0.999989	C=2.5e-07	
Position 6212:	T=2.5e-07	G=0.999989	-=1e-05	A=2.5e-07	C=2.5e-07	
Position 6213:	T=2.5e-07	G=2.5e-07	-=1e-05	A=0.999989	C=2.5e-07	
Position 6214:	T=2.5e-07	G=2.5e-07	-=1e-05	A=0.999989	C=2.5e-07	
Position 6215:	T=2.5e-07	G=0.999989	-=1e-05	A=2.5e-07	C=2.5e-07	
Position 6216:	T=0.999989	G=2.5e-07	-=1e-05	A=2.5e-07	C=2.5e-07	
Position 6217:	T=0.999989	G=2.5e-07	-=1e-05	A=2.5e-07	C=2.5e-07	
Position 6218:	T=2.5e-07	G=2.5e-07	-=1e-05	A=0.999989	C=2.5e-07	
Position 6219:	T=2.5e-07	G=2.5e-07	-=1e-05	A=2.5e-07	C=0.999989	
Position 6220:	T=2.5e-07	G=2.5e-07	-=1e-05	A=2.5e-07	C=0.999989	
Position 6221:	T=0.999989	G=2.5e-07	-=1e-05	A=2.5e-07	C=2.5e-07	
Position 6222:	T=2.5e-07	G=2.5e-07	-=1e-05	A=2.5e-07	C=0.999989	
Position 6223:	T=2.5e-07	G=2.5e-07	-=1e-05	A=0.999989	C=2.5e-07	
Position 6224:	T=2.5e-07	G=2.5e-07	-=1e-05	A=0.999989	C=2.5e-07	
Position 6225:	T=2.5e-07	G=2.5e-07	-=1e-05	A=2.5e-07	C=0.999989	
Position 6226:	T=2.5e-07	G=2.5e-07	-=1e-05	A=2.5e-07	C=0.999989	
Position 6227:	T=2.5e-07	G=2.5e-07	-=1e-05	A=0.999989	C=2.5e-07	
Position 6228:	T=2.5e-07	G=2.5e-07	-=1e-05	A=0.999989	C=2.5e-07	
Position 6229:	T=2.5e-07	G=2.5e-07	-=1e-05	A=2.5e-07	C=0.999989	
Position 6230:	T=2.5e-07	G=2.5e-07	-=1e-05	A=0.999989	C=2.5e-07	
Position 6231:	T=7.90569e-06	G=0.999958	-=1e-05	A=7.90569e-06	C=7.90569e-06	
Position 6232:	T=0.999989	G=2.5e-07	-=1e-05	A=2.5e-07	C=2.5e-07	
Position 6233:	T=2.5e-07	G=0.999989	-=1e-05	A=2.5e-07	C=2.5e-07	
Position 6234:	T=2.5e-07	G=2.5e-07	-=1e-05	A=0.999989	C=2.5e-07	
Position 6235:	T=2.5e-07	G=2.5e-07	-=1e-05	A=0.999989	C=2.5e-07	
Position 6236:	T=0.999989	G=2.5e-07	-=1e-05	A=2.5e-07	C=2.5e-07	
Position 6237:	T=2.5e-07	G=0.999989	-=1e-05	A=2.5e-07	C=2.5e-07	
Position 6238:	T=2.5e-07	G=2.5e-07	-=1e-05	A=0.999989	C=2.5e-07	
Position 6239:	T=2.5e-07	G=2.5e-07	-=1e-05	A=2.5e-07	C=0.999989	
Position 6240:	T=0.999989	G=2.5e-07	-=1e-05	A=2.5e-07	C=2.5e-07	
Position 6241:	T=2.5e-07	G=2.5e-07	-=1e-05	A=2.5e-07	C=0.999989	
Position 6242:	T=2.5e-07	G=2.5e-07	-=1e-05	A=2.5e-07	C=0.999989	
Position 6243:	T=2.5e-07	G=2.5e-07	-=1e-05	A=0.999989	C=2.5e-07	
Position 6244:	T=2.5e-07	G=2.5e-07	-=1e-05	A=2.5e-07	C=0.999989	
Position 6245:	T=2.5e-07	G=0.999989	-=1e-05	A=2.5e-07	C=2.5e-07	
Position 6246:	T=3.14731e-07	G=0.999989	-=1e-05	A=3.14731e-07	C=3.14731e-07	
Position 6247:	T=2.5e-07	G=2.5e-07	-=1e-05	A=0.999989	C=2.5e-07	
Position 6248:	T=2.5e-07	G=0.999989	-=1e-05	A=2.5e-07	C=2.5e-07	
Position 6249:	T=2.5e-07	G=0.999989	-=1e-05	A=2.5e-07	C=2.5e-07	
Position 6250:	T=2.5e-07	G=2.5e-07	-=1e-05	A=0.999989	C=2.5e-07	
Position 6251:	T=2.5e-07	G=2.5e-07	-=1e-05	A=2.5e-07	C=0.999989	
Position 6252:	T=2.5e-07	G=2.5e-07	-=1e-05	A=2.5e-07	C=0.999989	
Position 6253:	T=2.5e-07	G=2.5e-07	-=1e-05	A=0.999989	C=2.5e-07	
Position 6254:	T=2.5e-07	G=2.5e-07	-=1e-05	A=2.5e-07	C=0.999989	
Position 6255:	T=2.5e-07	G=2.5e-07	-=1e-05	A=2.5e-07	C=0.999989	
Position 6256:	T=0.999989	G=2.5e-07	-=1e-05	A=2.5e-07	C=2.5e-07	
Position 6257:	T=2.5e-07	G=2.5e-07	-=1e-05	A=2.5e-07	C=0.999989	
Position 6258:	T=9.95268e-06	G=9.95268e-06	-=1e-05	A=9.95268e-06	C=0.99995	
Position 6259:	T=2.5e-07	G=2.5e-07	-=1e-05	A=0.999989	C=2.5e-07	
Position 6260:	T=0.999989	G=2.5e-07	-=1e-05	A=2.5e-07	C=2.5e-07	
Position 6261:	T=2.5e-07	G=2.5e-07	-=1e-05	A=0.999989	C=2.5e-07	
Position 6262:	T=0.999989	G=2.5e-07	-=1e-05	A=2.5e-07	C=2.5e-07	
Position 6263:	T=2.5e-07	G=2.5e-07	-=1e-05	A=2.5e-07	C=0.999989	
Position 6264:	T=2.5e-07	G=2.5e-07	-=1e-05	A=0.999989	C=2.5e-07	
Position 6265:	T=2.5e-07	G=2.5e-07	-=1e-05	A=2.5e-07	C=0.999989	
Position 6266:	T=2.5e-07	G=2.5e-07	-=1e-05	A=0.999989	C=2.5e-07	
Position 6267:	T=2.5e-07	G=2.5e-07	-=1e-05	A=2.5e-07	C=0.999989	
Position 6268:	T=2.5e-07	G=2.5e-07	-=1e-05	A=0.999989	C=2.5e-07	
Position 6269:	T=0.999989	G=2.5e-07	-=1e-05	A=2.5e-07	C=2.5e-07	
Position 6270:	T=0.999989	G=2.5e-07	-=1e-05	A=2.5e-07	C=2.5e-07	
Position 6271:	T=2.5e-07	G=2.5e-07	-=1e-05	A=2.5e-07	C=0.999989	
Position 6272:	T=2.5e-07	G=0.999989	-=1e-05	A=2.5e-07	C=2.5e-07	
Position 6273:	T=2.5e-07	G=2.5e-07	-=1e-05	A=0.999989	C=2.5e-07	
Position 6274:	T=2.5e-07	G=2.5e-07	-=1e-05	A=0.999989	C=2.5e-07	
Position 6275:	T=2.5e-07	G=0.999989	-=1e-05	A=2.5e-07	C=2.5e-07	
Position 6276:	T=2.5e-07	G=2.5e-07	-=1e-05	A=0.999989	C=2.5e-07	
Position 6277:	T=2.5e-07	G=2.5e-07	-=1e-05	A=0.999989	C=2.5e-07	
Position 6278:	T=0.2	G=0.2	C=0.2	-=0.2	A=0.2	
Position 6279:	T=2.5e-07	G=2.5e-07	-=1e-05	A=2.5e-07	C=0.999989	
Position 6280:	T=0.999989	G=2.5e-07	-=1e-05	A=2.5e-07	C=2.5e-07	
Position 6281:	T=0.999989	G=2.5e-07	-=1e-05	A=2.5e-07	C=2.5e-07	
Position 6282:	T=2.5e-07	G=2.5e-07	-=1e-05	A=2.5e-07	C=0.999989	
Position 6283:	T=2.5e-07	G=0.999989	-=1e-05	A=2.5e-07	C=2.5e-07	
Position 6284:	T=0.999989	G=2.5e-07	-=1e-05	A=2.5e-07	C=2.5e-07	
Position 6285:	T=2.5e-07	G=2.5e-07	-=1e-05	A=0.999989	C=2.5e-07	
Position 6286:	T=2.5e-07	G=2.5e-07	-=1e-05	A=2.5e-07	C=0.999989	
Position 6287:	T=2.5e-07	G=0.999989	-=1e-05	A=2.5e-07	C=2.5e-07	
Position 6288:	T=2.5e-07	G=2.5e-07	-=1e-05	A=0.999989	C=2.5e-07	
Position 6289:	T=0.999989	G=2.5e-07	-=1e-05	A=2.5e-07	C=2.5e-07	
Position 6290:	T=2.5e-07	G=2.5e-07	-=1e-05	A=0.999989	C=2.5e-07	
Position 6291:	T=2.5e-07	G=2.5e-07	-=1e-05	A=2.5e-07	C=0.999989	
Position 6292:	T=2.5e-07	G=2.5e-07	-=1e-05	A=0.999989	C=2.5e-07	
Position 6293:	T=2.5e-07	G=2.5e-07	-=1e-05	A=2.5e-07	C=0.999989	
Position 6294:	T=0.999989	G=2.5e-07	-=1e-05	A=2.5e-07	C=2.5e-07	
Position 6295:	T=2.5e-07	G=2.5e-07	-=1e-05	A=0.999989	C=2.5e-07	
Position 6296:	T=2.5e-07	G=2.5e-07	-=1e-05	A=0.999989	C=2.5e-07	
Position 6297:	T=2.5e-07	G=2.5e-07	-=1e-05	A=0.999989	C=2.5e-07	
Position 6298:	T=2.5e-07	G=2.5e-07	-=1e-05	A=0.999989	C=2.5e-07	
Position 6299:	T=0.999989	G=2.5e-07	-=1e-05	A=2.5e-07	C=2.5e-07	
Position 6300:	T=2.5e-07	G=2.5e-07	-=1e-05	A=0.999989	C=2.5e-07	
Position 6301:	T=2.5e-07	G=2.5e-07	-=1e-05	A=0.999989	C=2.5e-07	
Position 6302:	T=2.5e-07	G=0.999989	-=1e-05	A=2.5e-07	C=2.5e-07	
Position 6303:	T=2.5e-07	G=2.5e-07	-=1e-05	A=0.999989	C=2.5e-07	
Position 6304:	T=2.5e-07	G=2.5e-07	-=1e-05	A=0.999989	C=2.5e-07	
Position 6305:	T=2.5e-07	G=2.5e-07	-=1e-05	A=0.999989	C=2.5e-07	
Position 6306:	T=2.5e-07	G=0.999989	-=1e-05	A=2.5e-07	C=2.5e-07	
Position 6307:	T=2.5e-07	G=0.999989	-=1e-05	A=2.5e-07	C=2.5e-07	
Position 6308:	T=2.5e-07	G=2.5e-07	-=1e-05	A=0.999989	C=2.5e-07	
Position 6309:	T=0.999989	G=2.5e-07	-=1e-05	A=2.5e-07	C=2.5e-07	
Position 6310:	T=2.5e-07	G=0.999989	-=1e-05	A=2.5e-07	C=2.5e-07	
Position 6311:	T=2.5e-07	G=0.999989	-=1e-05	A=2.5e-07	C=2.5e-07	
Position 6312:	T=2.5e-07	G=2.5e-07	-=1e-05	A=0.999989	C=2.5e-07	
Position 6313:	T=2.5e-07	G=0.999989	-=1e-05	A=2.5e-07	C=2.5e-07	
Position 6314:	T=0.999989	G=2.5e-07	-=1e-05	A=2.5e-07	C=2.5e-07	
Position 6315:	T=0.2	G=0.2	C=0.2	-=0.2	A=0.2	
Position 6316:	T=2.5e-07	G=2.5e-07	-=1e-05	A=0.999989	C=2.5e-07	
Position 6317:	T=0.999989	G=2.5e-07	-=1e-05	A=2.5e-07	C=2.5e-07	
Position 6318:	T=0.999989	G=2.5e-07	-=1e-05	A=2.5e-07	C=2.5e-07	
Position 6319:	T=2.5e-07	G=2.5e-07	-=1e-05	A=0.999989	C=2.5e-07	
Position 6320:	T=2.5e-07	G=0.999989	-=1e-05	A=2.5e-07	C=2.5e-07	
Position 6321:	T=2.5e-07	G=0.999989	-=1e-05	A=2.5e-07	C=2.5e-07	
Position 6322:	T=2.5e-07	G=0.999989	-=1e-05	A=2.5e-07	C=2.5e-07	
Position 6323:	T=2.5e-07	G=2.5e-07	-=1e-05	A=0.999989	C=2.5e-07	
Position 6324:	T=2.5e-07	G=2.5e-07	-=1e-05	A=2.5e-07	C=0.999989	
Position 6325:	T=0.999989	G=2.5e-07	-=1e-05	A=2.5e-07	C=2.5e-07	
Position 6326:	T=2.5e-07	G=2.5e-07	-=1e-05	A=0.999989	C=2.5e-07	
Position 6327:	T=0.999989	G=2.5e-07	-=1e-05	A=2.5e-07	C=2.5e-07	
Position 6328:	T=2.5e-07	G=0.999989	-=1e-05	A=2.5e-07	C=2.5e-07	
Position 6329:	T=0.999989	G=2.5e-07	-=1e-05	A=2.5e-07	C=2.5e-07	
Position 6330:	T=2.5e-07	G=2.5e-07	-=1e-05	A=2.5e-07	C=0.999989	
Position 6331:	T=0.999989	G=2.5e-07	-=1e-05	A=2.5e-07	C=2.5e-07	
Position 6332:	T=2.5e-07	G=2.5e-07	-=1e-05	A=2.5e-07	C=0.999989	
Position 6333:	T=0.999989	G=2.5e-07	-=1e-05	A=2.5e-07	C=2.5e-07	
Position 6334:	T=2.5e-07	G=2.5e-07	-=1e-05	A=2.5e-07	C=0.999989	
Position 6335:	T=0.999989	G=2.5e-07	-=1e-05	A=2.5e-07	C=2.5e-07	
Position 6336:	T=2.5e-07	G=2.5e-07	-=1e-05	A=2.5e-07	C=0.999989	
Position 6337:	T=2.5e-07	G=2.5e-07	-=1e-05	A=0.999989	C=2.5e-07	
Position 6338:	T=2.5e-07	G=2.5e-07	-=1e-05	A=0.999989	C=2.5e-07	
Position 6339:	T=0.999989	G=2.5e-07	-=1e-05	A=2.5e-07	C=2.5e-07	
Position 6340:	T=2.5e-07	G=2.5e-07	-=1e-05	A=0.999989	C=2.5e-07	
Position 6341:	T=2.5e-07	G=2.5e-07	-=1e-05	A=0.999989	C=2.5e-07	
Position 6342:	T=2.5e-07	G=2.5e-07	-=1e-05	A=0.999989	C=2.5e-07	
Position 6343:	T=2.5e-07	G=0.999989	-=1e-05	A=2.5e-07	C=2.5e-07	
Position 6344:	T=2.5e-07	G=2.5e-07	-=1e-05	A=0.999989	C=2.5e-07	
Position 6345:	T=2.5e-07	G=0.999989	-=1e-05	A=2.5e-07	C=2.5e-07	
Position 6346:	T=2.5e-07	G=2.5e-07	-=1e-05	A=0.999989	C=2.5e-07	
Position 6347:	T=0.999989	G=2.5e-07	-=1e-05	A=2.5e-07	C=2.5e-07	
Position 6348:	T=2.5e-07	G=2.5e-07	-=1e-05	A=0.999989	C=2.5e-07	
Position 6349:	T=0.999989	G=2.5e-07	-=1e-05	A=2.5e-07	C=2.5e-07	
Position 6350:	T=2.5e-07	G=2.5e-07	-=1e-05	A=0.999989	C=2.5e-07	
Position 6351:	T=2.5e-07	G=2.5e-07	-=1e-05	A=2.5e-07	C=0.999989	
Position 6352:	T=2.5e-07	G=0.999989	-=1e-05	A=2.5e-07	C=2.5e-07	
Position 6353:	T=0.999989	G=2.5e-07	-=1e-05	A=2.5e-07	C=2.5e-07	
Position 6354:	T=2.5e-07	G=2.5e-07	-=1e-05	A=0.999989	C=2.5e-07	
Position 6355:	T=2.5e-07	G=2.5e-07	-=1e-05	A=0.999989	C=2.5e-07	
Position 6356:	T=2.5e-07	G=2.5e-07	-=1e-05	A=0.999989	C=2.5e-07	
Position 6357:	T=2.5e-07	G=2.5e-07	-=1e-05	A=0.999989	C=2.5e-07	
Position 6358:	T=2.5e-07	G=2.5e-07	-=1e-05	A=0.999989	C=2.5e-07	
Position 6359:	T=0.999989	G=2.5e-07	-=1e-05	A=2.5e-07	C=2.5e-07	
Position 6360:	T=0.999989	G=2.5e-07	-=1e-05	A=2.5e-07	C=2.5e-07	
Position 6361:	T=2.5e-07	G=2.5e-07	-=1e-05	A=0.999989	C=2.5e-07	
Position 6362:	T=1.57739e-06	G=1.57739e-06	-=1e-05	A=1.57739e-06	C=0.999984	
Position 6363:	T=0.999989	G=2.5e-07	-=1e-05	A=2.5e-07	C=2.5e-07	
Position 6364:	T=0.999989	G=2.5e-07	-=1e-05	A=2.5e-07	C=2.5e-07	
Position 6365:	T=2.5e-07	G=2.5e-07	-=1e-05	A=0.999989	C=2.5e-07	
Position 6366:	T=2.5e-07	G=2.5e-07	-=1e-05	A=0.999989	C=2.5e-07	
Position 6367:	T=2.5e-07	G=2.5e-07	-=1e-05	A=2.5e-07	C=0.999989	
Position 6368:	T=0.999989	G=2.5e-07	-=1e-05	A=2.5e-07	C=2.5e-07	
Position 6369:	T=0.999989	G=2.5e-07	-=1e-05	A=2.5e-07	C=2.5e-07	
Position 6370:	T=0.999989	G=2.5e-07	-=1e-05	A=2.5e-07	C=2.5e-07	
Position 6371:	T=2.5e-07	G=0.999989	-=1e-05	A=2.5e-07	C=2.5e-07	
Position 6372:	T=0.999989	G=2.5e-07	-=1e-05	A=2.5e-07	C=2.5e-07	
Position 6373:	T=2.5e-07	G=2.5e-07	-=1e-05	A=0.999989	C=2.5e-07	
Position 6374:	T=2.5e-07	G=2.5e-07	-=1e-05	A=0.999989	C=2.5e-07	
Position 6375:	T=2.5e-07	G=2.5e-07	-=1e-05	A=2.5e-07	C=0.999989	
Position 6376:	T=2.5e-07	G=0.999989	-=1e-05	A=2.5e-07	C=2.5e-07	
Position 6377:	T=2.5e-07	G=0.999989	-=1e-05	A=2.5e-07	C=2.5e-07	
Position 6378:	T=0.999989	G=2.5e-07	-=1e-05	A=2.5e-07	C=2.5e-07	
Position 6379:	T=0.999989	G=2.5e-07	-=1e-05	A=2.5e-07	C=2.5e-07	
Position 6380:	T=2.5e-07	G=2.5e-07	-=1e-05	A=0.999989	C=2.5e-07	
Position 6381:	T=2.5e-07	G=2.5e-07	-=1e-05	A=0.999989	C=2.5e-07	
Position 6382:	T=2.5e-07	G=2.5e-07	-=1e-05	A=2.5e-07	C=0.999989	
Position 6383:	T=2.5e-07	G=2.5e-07	-=1e-05	A=0.999989	C=2.5e-07	
Position 6384:	T=0.999989	G=2.5e-07	-=1e-05	A=2.5e-07	C=2.5e-07	
Position 6385:	T=2.5e-07	G=2.5e-07	-=1e-05	A=0.999989	C=2.5e-07	
Position 6386:	T=0.2	G=0.2	C=0.2	-=0.2	A=0.2	
Position 6387:	T=2.5e-07	G=2.5e-07	-=1e-05	A=2.5e-07	C=0.999989	
Position 6388:	T=2.5e-07	G=2.5e-07	-=1e-05	A=0.999989	C=2.5e-07	
Position 6389:	T=2.5e-07	G=2.5e-07	-=1e-05	A=0.999989	C=2.5e-07	
Position 6390:	T=2.5e-07	G=0.999989	-=1e-05	A=2.5e-07	C=2.5e-07	
Position 6391:	T=3.14731e-07	G=3.14731e-07	-=1e-05	A=0.999989	C=3.14731e-07	
Position 6392:	T=2.5e-07	G=2.5e-07	-=1e-05	A=2.5e-07	C=0.999989	
Position 6393:	T=2.5e-07	G=0.999989	-=1e-05	A=2.5e-07	C=2.5e-07	
Position 6394:	T=2.5e-07	G=2.5e-07	-=1e-05	A=2.5e-07	C=0.999989	
Position 6395:	T=2.5e-07	G=2.5e-07	-=1e-05	A=2.5e-07	C=0.999989	
Position 6396:	T=2.5e-07	G=2.5e-07	-=1e-05	A=0.999989	C=2.5e-07	
Position 6397:	T=2.5e-07	G=2.5e-07	-=1e-05	A=2.5e-07	C=0.999989	
Position 6398:	T=0.999989	G=2.5e-07	-=1e-05	A=2.5e-07	C=2.5e-07	
Position 6399:	T=0.999989	G=2.5e-07	-=1e-05	A=2.5e-07	C=2.5e-07	
Position 6400:	T=2.5e-07	G=2.5e-07	-=1e-05	A=2.5e-07	C=0.999989	
Position 6401:	T=0.999989	G=2.5e-07	-=1e-05	A=2.5e-07	C=2.5e-07	
Position 6402:	T=0.999989	G=2.5e-07	-=1e-05	A=2.5e-07	C=2.5e-07	
Position 6403:	T=2.5e-07	G=2.5e-07	-=1e-05	A=0.999989	C=2.5e-07	
Position 6404:	T=2.5e-07	G=2.5e-07	-=1e-05	A=2.5e-07	C=0.999989	
Position 6405:	T=2.5e-07	G=2.5e-07	-=1e-05	A=0.999989	C=2.5e-07	
Position 6406:	T=0.999989	G=2.5e-07	-=1e-05	A=2.5e-07	C=2.5e-07	
Position 6407:	T=2.5e-07	G=2.5e-07	-=1e-05	A=2.5e-07	C=0.999989	
Position 6408:	T=2.5e-07	G=2.5e-07	-=1e-05	A=0.999989	C=2.5e-07	
Position 6409:	T=0.999989	G=2.5e-07	-=1e-05	A=2.5e-07	C=2.5e-07	
Position 6410:	T=2.5e-07	G=2.5e-07	-=1e-05	A=0.999989	C=2.5e-07	
Position 6411:	T=2.5e-07	G=0.999989	-=1e-05	A=2.5e-07	C=2.5e-07	
Position 6412:	T=2.5e-07	G=2.5e-07	-=1e-05	A=0.999989	C=2.5e-07	
Position 6413:	T=2.5e-07	G=0.999989	-=1e-05	A=2.5e-07	C=2.5e-07	
Position 6414:	T=2.5e-07	G=0.999989	-=1e-05	A=2.5e-07	C=2.5e-07	
Position 6415:	T=2.5e-07	G=2.5e-07	-=1e-05	A=0.999989	C=2.5e-07	
Position 6416:	T=2.5e-07	G=2.5e-07	-=1e-05	A=0.999989	C=2.5e-07	
Position 6417:	T=2.5e-07	G=2.5e-07	-=1e-05	A=2.5e-07	C=0.999989	
Position 6418:	T=0.999989	G=2.5e-07	-=1e-05	A=2.5e-07	C=2.5e-07	
Position 6419:	T=2.5e-07	G=0.999989	-=1e-05	A=2.5e-07	C=2.5e-07	
Position 6420:	T=0.999989	G=2.5e-07	-=1e-05	A=2.5e-07	C=2.5e-07	
Position 6421:	T=2.5e-07	G=2.5e-07	-=1e-05	A=0.999989	C=2.5e-07	
Position 6422:	T=2.5e-07	G=0.999989	-=1e-05	A=2.5e-07	C=2.5e-07	
Position 6423:	T=2.5e-07	G=2.5e-07	-=1e-05	A=2.5e-07	C=0.999989	
Position 6424:	T=2.5e-07	G=2.5e-07	-=1e-05	A=0.999989	C=2.5e-07	
Position 6425:	T=0.999989	G=2.5e-07	-=1e-05	A=2.5e-07	C=2.5e-07	
Position 6426:	T=0.999989	G=2.5e-07	-=1e-05	A=2.5e-07	C=2.5e-07	
Position 6427:	T=0.999989	G=2.5e-07	-=1e-05	A=2.5e-07	C=2.5e-07	
Position 6428:	T=0.999989	G=2.5e-07	-=1e-05	A=2.5e-07	C=2.5e-07	
Position 6429:	T=2.5e-07	G=2.5e-07	-=1e-05	A=2.5e-07	C=0.999989	
Position 6430:	T=2.5e-07	G=2.5e-07	-=1e-05	A=0.999989	C=2.5e-07	
Position 6431:	T=0.999989	G=2.5e-07	-=1e-05	A=2.5e-07	C=2.5e-07	
Position 6432:	T=0.2	G=0.2	C=0.2	-=0.2	A=0.2	
Position 6433:	T=2.5e-07	G=2.5e-07	-=1e-05	A=0.999989	C=2.5e-07	
Position 6434:	T=0.999989	G=2.5e-07	-=1e-05	A=2.5e-07	C=2.5e-07	
Position 6435:	T=2.5e-07	G=2.5e-07	-=1e-05	A=2.5e-07	C=0.999989	
Position 6436:	T=2.5e-07	G=2.5e-07	-=1e-05	A=0.999989	C=2.5e-07	
Position 6437:	T=0.999989	G=2.5e-07	-=1e-05	A=2.5e-07	C=2.5e-07	
Position 6438:	T=0.999989	G=2.5e-07	-=1e-05	A=2.5e-07	C=2.5e-07	
Position 6439:	T=2.5e-07	G=2.5e-07	-=1e-05	A=2.5e-07	C=0.999989	
Position 6440:	T=2.5e-07	G=2.5e-07	-=1e-05	A=0.999989	C=2.5e-07	
Position 6441:	T=0.999989	G=2.5e-07	-=1e-05	A=2.5e-07	C=2.5e-07	
Position 6442:	T=0.999989	G=2.5e-07	-=1e-05	A=2.5e-07	C=2.5e-07	
Position 6443:	T=2.5e-07	G=2.5e-07	-=1e-05	A=0.999989	C=2.5e-07	
Position 6444:	T=2.5e-07	G=2.5e-07	-=1e-05	A=0.999989	C=2.5e-07	
Position 6445:	T=0.999989	G=2.5e-07	-=1e-05	A=2.5e-07	C=2.5e-07	
Position 6446:	T=2.5e-07	G=2.5e-07	-=1e-05	A=0.999989	C=2.5e-07	
Position 6447:	T=2.5e-07	G=2.5e-07	-=1e-05	A=0.999989	C=2.5e-07	
Position 6448:	T=0.999989	G=2.5e-07	-=1e-05	A=2.5e-07	C=2.5e-07	
Position 6449:	T=0.999989	G=2.5e-07	-=1e-05	A=2.5e-07	C=2.5e-07	
Position 6450:	T=2.5e-07	G=0.999989	-=1e-05	A=2.5e-07	C=2.5e-07	
Position 6451:	T=2.5e-07	G=2.5e-07	-=1e-05	A=0.999989	C=2.5e-07	
Position 6452:	T=2.5e-07	G=0.999989	-=1e-05	A=2.5e-07	C=2.5e-07	
Position 6453:	T=0.999989	G=2.5e-07	-=1e-05	A=2.5e-07	C=2.5e-07	
Position 6454:	T=0.999989	G=2.5e-07	-=1e-05	A=2.5e-07	C=2.5e-07	
Position 6455:	T=2.5e-07	G=2.5e-07	-=1e-05	A=2.5e-07	C=0.999989	
Position 6456:	T=2.5e-07	G=2.5e-07	-=1e-05	A=2.5e-07	C=0.999989	
Position 6457:	T=0.999989	G=3.14731e-07	-=1e-05	A=3.14731e-07	C=3.14731e-07	
Position 6458:	T=2.5e-07	G=2.5e-07	-=1e-05	A=2.5e-07	C=0.999989	
Position 6459:	T=2.5e-07	G=2.5e-07	-=1e-05	A=2.5e-07	C=0.999989	
Position 6460:	T=2.5e-07	G=2.5e-07	-=1e-05	A=0.999989	C=2.5e-07	
Position 6461:	T=2.5e-07	G=0.999989	-=1e-05	A=2.5e-07	C=2.5e-07	
Position 6462:	T=2.5e-07	G=2.5e-07	-=1e-05	A=0.999989	C=2.5e-07	
Position 6463:	T=2.5e-07	G=0.999989	-=1e-05	A=2.5e-07	C=2.5e-07	
Position 6464:	T=2.5e-07	G=2.5e-07	-=1e-05	A=2.5e-07	C=0.999989	
Position 6465:	T=0.999989	G=2.5e-07	-=1e-05	A=2.5e-07	C=2.5e-07	
Position 6466:	T=2.5e-07	G=2.5e-07	-=1e-05	A=2.5e-07	C=0.999989	
Position 6467:	T=2.5e-07	G=2.5e-07	-=1e-05	A=2.5e-07	C=0.999989	
Position 6468:	T=3.14731e-07	G=3.14731e-07	-=1e-05	A=3.14731e-07	C=0.999989	
Position 6469:	T=0.999989	G=2.5e-07	-=1e-05	A=2.5e-07	C=2.5e-07	
Position 6470:	T=2.5e-07	G=2.5e-07	-=1e-05	A=0.999989	C=2.5e-07	
Position 6471:	T=2.5e-07	G=0.999989	-=1e-05	A=2.5e-07	C=2.5e-07	
Position 6472:	T=0.999989	G=2.5e-07	-=1e-05	A=2.5e-07	C=2.5e-07	
Position 6473:	T=2.5e-07	G=2.5e-07	-=1e-05	A=0.999989	C=2.5e-07	
Position 6474:	T=3.14731e-07	G=3.14731e-07	-=1e-05	A=3.14731e-07	C=0.999989	
Position 6475:	T=0.999989	G=2.5e-07	-=1e-05	A=2.5e-07	C=2.5e-07	
Position 6476:	T=2.5e-07	G=2.5e-07	-=1e-05	A=2.5e-07	C=0.999989	
Position 6477:	T=0.999989	G=2.5e-07	-=1e-05	A=2.5e-07	C=2.5e-07	
Position 6478:	T=0.2	G=0.2	C=0.2	-=0.2	A=0.2	
Position 6479:	T=2.5e-07	G=2.5e-07	-=1e-05	A=2.5e-07	C=0.999989	
Position 6480:	T=0.999958	G=7.90569e-06	-=1e-05	A=7.90569e-06	C=7.90569e-06	
Position 6481:	T=2.5e-07	G=2.5e-07	-=1e-05	A=0.999989	C=2.5e-07	
Position 6482:	T=2.5e-07	G=2.5e-07	-=1e-05	A=0.999989	C=2.5e-07	
Position 6483:	T=2.5e-07	G=2.5e-07	-=1e-05	A=2.5e-07	C=0.999989	
Position 6484:	T=2.5e-07	G=2.5e-07	-=1e-05	A=2.5e-07	C=0.999989	
Position 6485:	T=2.5e-07	G=2.5e-07	-=1e-05	A=0.999989	C=2.5e-07	
Position 6486:	T=2.5e-07	G=2.5e-07	-=1e-05	A=2.5e-07	C=0.999989	
Position 6487:	T=2.5e-07	G=2.5e-07	-=1e-05	A=2.5e-07	C=0.999989	
Position 6488:	T=2.5e-07	G=2.5e-07	-=1e-05	A=0.999989	C=2.5e-07	
Position 6489:	T=2.5e-07	G=2.5e-07	-=1e-05	A=0.999989	C=2.5e-07	
Position 6490:	T=2.5e-07	G=2.5e-07	-=1e-05	A=0.999989	C=2.5e-07	
Position 6491:	T=0.999989	G=2.5e-07	-=1e-05	A=2.5e-07	C=2.5e-07	
Position 6492:	T=0.999989	G=2.5e-07	-=1e-05	A=2.5e-07	C=2.5e-07	
Position 6493:	T=2.5e-07	G=2.5e-07	-=1e-05	A=0.999989	C=2.5e-07	
Position 6494:	T=2.5e-07	G=2.5e-07	-=1e-05	A=0.999989	C=2.5e-07	
Position 6495:	T=2.5e-07	G=2.5e-07	-=1e-05	A=2.5e-07	C=0.999989	
Position 6496:	T=2.5e-07	G=2.5e-07	-=1e-05	A=0.999989	C=2.5e-07	
Position 6497:	T=2.5e-07	G=2.5e-07	-=1e-05	A=2.5e-07	C=0.999989	
Position 6498:	T=2.5e-07	G=2.5e-07	-=1e-05	A=0.999989	C=2.5e-07	
Position 6499:	T=2.5e-07	G=2.5e-07	-=1e-05	A=2.5e-07	C=0.999989	
Position 6500:	T=2.5e-07	G=2.5e-07	-=1e-05	A=0.999989	C=2.5e-07	
Position 6501:	T=2.5e-07	G=2.5e-07	-=1e-05	A=2.5e-07	C=0.999989	
Position 6502:	T=2.5e-07	G=2.5e-07	-=1e-05	A=0.999989	C=2.5e-07	
Position 6503:	T=2.5e-07	G=2.5e-07	-=1e-05	A=0.999989	C=2.5e-07	
Position 6504:	T=2.5e-07	G=0.999989	-=1e-05	A=2.5e-07	C=2.5e-07	
Position 6505:	T=0.999989	G=2.5e-07	-=1e-05	A=2.5e-07	C=2.5e-07	
Position 6506:	T=0.999989	G=2.5e-07	-=1e-05	A=2.5e-07	C=2.5e-07	
Position 6507:	T=2.5e-07	G=2.5e-07	-=1e-05	A=2.5e-07	C=0.999989	
Position 6508:	T=0.999989	G=2.5e-07	-=1e-05	A=2.5e-07	C=2.5e-07	
Position 6509:	T=2.5e-07	G=2.5e-07	-=1e-05	A=0.999989	C=2.5e-07	
Position 6510:	T=0.999989	G=2.5e-07	-=1e-05	A=2.5e-07	C=2.5e-07	
Position 6511:	T=2.5e-07	G=2.5e-07	-=1e-05	A=0.999989	C=2.5e-07	
Position 6512:	T=2.5e-07	G=0.999989	-=1e-05	A=2.5e-07	C=2.5e-07	
Position 6513:	T=2.5e-07	G=2.5e-07	-=1e-05	A=0.999989	C=2.5e-07	
Position 6514:	T=2.5e-07	G=2.5e-07	-=1e-05	A=2.5e-07	C=0.999989	
Position 6515:	T=2.5e-07	G=0.999989	-=1e-05	A=2.5e-07	C=2.5e-07	
Position 6516:	T=2.5e-07	G=2.5e-07	-=1e-05	A=2.5e-07	C=0.999989	
Position 6517:	T=2.5e-07	G=2.5e-07	-=1e-05	A=0.999989	C=2.5e-07	
Position 6518:	T=2.5e-07	G=2.5e-07	-=1e-05	A=2.5e-07	C=0.999989	
Position 6519:	T=2.5e-07	G=2.5e-07	-=1e-05	A=0.999989	C=2.5e-07	
Position 6520:	T=2.5e-07	G=2.5e-07	-=1e-05	A=2.5e-07	C=0.999989	
Position 6521:	T=2.5e-07	G=0.999989	-=1e-05	A=2.5e-07	C=2.5e-07	
Position 6522:	T=0.999989	G=2.5e-07	-=1e-05	A=2.5e-07	C=2.5e-07	
Position 6523:	T=2.5e-07	G=2.5e-07	-=1e-05	A=0.999989	C=2.5e-07	
Position 6524:	T=2.5e-07	G=0.999989	-=1e-05	A=2.5e-07	C=2.5e-07	
Position 6525:	T=2.5e-07	G=2.5e-07	-=1e-05	A=0.999989	C=2.5e-07	
Position 6526:	T=2.5e-07	G=2.5e-07	-=1e-05	A=0.999989	C=2.5e-07	
Position 6527:	T=2.5e-07	G=0.999989	-=1e-05	A=2.5e-07	C=2.5e-07	
Position 6528:	T=2.5e-07	G=2.5e-07	-=1e-05	A=0.999989	C=2.5e-07	
Position 6529:	T=2.5e-07	G=0.999989	-=1e-05	A=2.5e-07	C=2.5e-07	
Position 6530:	T=2.5e-07	G=2.5e-07	-=1e-05	A=0.999989	C=2.5e-07	
Position 6531:	T=2.5e-07	G=2.5e-07	-=1e-05	A=2.5e-07	C=0.999989	
Position 6532:	T=2.5e-07	G=0.999989	-=1e-05	A=2.5e-07	C=2.5e-07	
Position 6533:	T=2.5e-07	G=0.999989	-=1e-05	A=2.5e-07	C=2.5e-07	
Position 6534:	T=0.999989	G=2.5e-07	-=1e-05	A=2.5e-07	C=2.5e-07	
Position 6535:	T=2.5e-07	G=0.999989	-=1e-05	A=2.5e-07	C=2.5e-07	
Position 6536:	T=0.999989	G=2.5e-07	-=1e-05	A=2.5e-07	C=2.5e-07	
Position 6537:	T=0.999989	G=2.5e-07	-=1e-05	A=2.5e-07	C=2.5e-07	
Position 6538:	T=2.5e-07	G=2.5e-07	-=1e-05	A=0.999989	C=2.5e-07	
Position 6539:	T=2.5e-07	G=0.999989	-=1e-05	A=2.5e-07	C=2.5e-07	
Position 6540:	T=2.5e-07	G=0.999989	-=1e-05	A=2.5e-07	C=2.5e-07	
Position 6541:	T=2.5e-07	G=2.5e-07	-=1e-05	A=2.5e-07	C=0.999989	
Position 6542:	T=2.5e-07	G=2.5e-07	-=1e-05	A=2.5e-07	C=0.999989	
Position 6543:	T=2.5e-07	G=2.5e-07	-=1e-05	A=0.999989	C=2.5e-07	
Position 6544:	T=2.5e-07	G=0.999989	-=1e-05	A=2.5e-07	C=2.5e-07	
Position 6545:	T=2.5e-07	G=2.5e-07	-=1e-05	A=2.5e-07	C=0.999989	
Position 6546:	T=2.5e-07	G=2.5e-07	-=1e-05	A=0.999989	C=2.5e-07	
Position 6547:	T=0.999989	G=2.5e-07	-=1e-05	A=2.5e-07	C=2.5e-07	
Position 6548:	T=0.999989	G=2.5e-07	-=1e-05	A=2.5e-07	C=2.5e-07	
Position 6549:	T=0.999989	G=2.5e-07	-=1e-05	A=2.5e-07	C=2.5e-07	
Position 6550:	T=2.5e-07	G=2.5e-07	-=1e-05	A=0.999989	C=2.5e-07	
Position 6551:	T=2.5e-07	G=0.999989	-=1e-05	A=2.5e-07	C=2.5e-07	
Position 6552:	T=2.5e-07	G=2.5e-07	-=1e-05	A=2.5e-07	C=0.999989	
Position 6553:	T=0.999989	G=2.5e-07	-=1e-05	A=2.5e-07	C=2.5e-07	
Position 6554:	T=0.999989	G=2.5e-07	-=1e-05	A=2.5e-07	C=2.5e-07	
Position 6555:	T=2.5e-07	G=0.999989	-=1e-05	A=2.5e-07	C=2.5e-07	
Position 6556:	T=2.5e-07	G=2.5e-07	-=1e-05	A=0.999989	C=2.5e-07	
Position 6557:	T=0.999989	G=2.5e-07	-=1e-05	A=2.5e-07	C=2.5e-07	
Position 6558:	T=0.999989	G=2.5e-07	-=1e-05	A=2.5e-07	C=2.5e-07	
Position 6559:	T=2.5e-07	G=2.5e-07	-=1e-05	A=2.5e-07	C=0.999989	
Position 6560:	T=0.999989	G=2.5e-07	-=1e-05	A=2.5e-07	C=2.5e-07	
Position 6561:	T=2.5e-07	G=0.999989	-=1e-05	A=2.5e-07	C=2.5e-07	
Position 6562:	T=0.999989	G=2.5e-07	-=1e-05	A=2.5e-07	C=2.5e-07	
Position 6563:	T=2.5e-07	G=2.5e-07	-=1e-05	A=0.999989	C=2.5e-07	
Position 6564:	T=2.5e-07	G=2.5e-07	-=1e-05	A=2.5e-07	C=0.999989	
Position 6565:	T=2.5e-07	G=2.5e-07	-=1e-05	A=2.5e-07	C=0.999989	
Position 6566:	T=2.5e-07	G=2.5e-07	-=1e-05	A=2.5e-07	C=0.999989	
Position 6567:	T=2.5e-07	G=2.5e-07	-=1e-05	A=0.999989	C=2.5e-07	
Position 6568:	T=2.5e-07	G=2.5e-07	-=1e-05	A=2.5e-07	C=0.999989	
Position 6569:	T=0.999989	G=2.5e-07	-=1e-05	A=2.5e-07	C=2.5e-07	
Position 6570:	T=2.5e-07	G=2.5e-07	-=1e-05	A=2.5e-07	C=0.999989	
Position 6571:	T=2.5e-07	G=2.5e-07	-=1e-05	A=2.5e-07	C=0.999989	
Position 6572:	T=2.5e-07	G=2.5e-07	-=1e-05	A=2.5e-07	C=0.999989	
Position 6573:	T=0.999989	G=2.5e-07	-=1e-05	A=2.5e-07	C=2.5e-07	
Position 6574:	T=0.999989	G=2.5e-07	-=1e-05	A=2.5e-07	C=2.5e-07	
Position 6575:	T=2.5e-07	G=2.5e-07	-=1e-05	A=2.5e-07	C=0.999989	
Position 6576:	T=2.5e-07	G=2.5e-07	-=1e-05	A=0.999989	C=2.5e-07	
Position 6577:	T=2.5e-07	G=2.5e-07	-=1e-05	A=2.5e-07	C=0.999989	
Position 6578:	T=0.999989	G=2.5e-07	-=1e-05	A=2.5e-07	C=2.5e-07	
Position 6579:	T=2.5e-07	G=2.5e-07	-=1e-05	A=0.999989	C=2.5e-07	
Position 6580:	T=2.5e-07	G=2.5e-07	-=1e-05	A=2.5e-07	C=0.999989	
Position 6581:	T=2.5e-07	G=0.999989	-=1e-05	A=2.5e-07	C=2.5e-07	
Position 6582:	T=2.5e-07	G=0.999989	-=1e-05	A=2.5e-07	C=2.5e-07	
Position 6583:	T=2.5e-07	G=2.5e-07	-=1e-05	A=0.999989	C=2.5e-07	
Position 6584:	T=0.999989	G=2.5e-07	-=1e-05	A=2.5e-07	C=2.5e-07	
Position 6585:	T=2.5e-07	G=2.5e-07	-=1e-05	A=2.5e-07	C=0.999989	
Position 6586:	T=2.5e-07	G=2.5e-07	-=1e-05	A=2.5e-07	C=0.999989	
Position 6587:	T=0.999989	G=3.14731e-07	-=1e-05	A=3.14731e-07	C=3.14731e-07	
Position 6588:	T=2.5e-07	G=2.5e-07	-=1e-05	A=2.5e-07	C=0.999989	
Position 6589:	T=0.999989	G=2.5e-07	-=1e-05	A=2.5e-07	C=2.5e-07	
Position 6590:	T=2.5e-07	G=2.5e-07	-=1e-05	A=0.999989	C=2.5e-07	
Position 6591:	T=0.999989	G=2.5e-07	-=1e-05	A=2.5e-07	C=2.5e-07	
Position 6592:	T=0.2	G=0.2	C=0.2	-=0.2	A=0.2	
Position 6593:	T=2.5e-07	G=2.5e-07	-=1e-05	A=0.999989	C=2.5e-07	
Position 6594:	T=2.5e-07	G=2.5e-07	-=1e-05	A=0.999989	C=2.5e-07	
Position 6595:	T=0.999989	G=2.5e-07	-=1e-05	A=2.5e-07	C=2.5e-07	
Position 6596:	T=2.5e-07	G=0.999989	-=1e-05	A=2.5e-07	C=2.5e-07	
Position 6597:	T=2.5e-07	G=2.5e-07	-=1e-05	A=0.999989	C=2.5e-07	
Position 6598:	T=0.999989	G=2.5e-07	-=1e-05	A=2.5e-07	C=2.5e-07	
Position 6599:	T=2.5e-07	G=2.5e-07	-=1e-05	A=2.5e-07	C=0.999989	
Position 6600:	T=2.5e-07	G=2.5e-07	-=1e-05	A=2.5e-07	C=0.999989	
Position 6601:	T=2.5e-07	G=2.5e-07	-=1e-05	A=2.5e-07	C=0.999989	
Position 6602:	T=0.999989	G=2.5e-07	-=1e-05	A=2.5e-07	C=2.5e-07	
Position 6603:	T=2.5e-07	G=2.5e-07	-=1e-05	A=2.5e-07	C=0.999989	
Position 6604:	T=2.5e-07	G=2.5e-07	-=1e-05	A=0.999989	C=2.5e-07	
Position 6605:	T=2.5e-07	G=2.5e-07	-=1e-05	A=2.5e-07	C=0.999989	
Position 6606:	T=0.999989	G=2.5e-07	-=1e-05	A=2.5e-07	C=2.5e-07	
Position 6607:	T=2.5e-07	G=2.5e-07	-=1e-05	A=0.999989	C=2.5e-07	
Position 6608:	T=2.5e-07	G=2.5e-07	-=1e-05	A=0.999989	C=2.5e-07	
Position 6609:	T=2.5e-07	G=2.5e-07	-=1e-05	A=2.5e-07	C=0.999989	
Position 6610:	T=0.999989	G=2.5e-07	-=1e-05	A=2.5e-07	C=2.5e-07	
Position 6611:	T=2.5e-07	G=0.999989	-=1e-05	A=2.5e-07	C=2.5e-07	
Position 6612:	T=0.999989	G=2.5e-07	-=1e-05	A=2.5e-07	C=2.5e-07	
Position 6613:	T=2.5e-07	G=2.5e-07	-=1e-05	A=0.999989	C=2.5e-07	
Position 6614:	T=2.5e-07	G=2.5e-07	-=1e-05	A=0.999989	C=2.5e-07	
Position 6615:	T=2.5e-07	G=2.5e-07	-=1e-05	A=0.999989	C=2.5e-07	
Position 6616:	T=2.5e-07	G=2.5e-07	-=1e-05	A=0.999989	C=2.5e-07	
Position 6617:	T=2.5e-07	G=2.5e-07	-=1e-05	A=0.999989	C=2.5e-07	
Position 6618:	T=2.5e-07	G=2.5e-07	-=1e-05	A=2.5e-07	C=0.999989	
Position 6619:	T=2.5e-07	G=2.5e-07	-=1e-05	A=2.5e-07	C=0.999989	
Position 6620:	T=2.5e-07	G=2.5e-07	-=1e-05	A=0.999989	C=2.5e-07	
Position 6621:	T=0.999989	G=2.5e-07	-=1e-05	A=2.5e-07	C=2.5e-07	
Position 6622:	T=2.5e-07	G=0.999989	-=1e-05	A=2.5e-07	C=2.5e-07	
Position 6623:	T=2.5e-07	G=0.999989	-=1e-05	A=2.5e-07	C=2.5e-07	
Position 6624:	T=2.5e-07	G=0.999989	-=1e-05	A=2.5e-07	C=2.5e-07	
Position 6625:	T=2.5e-07	G=2.5e-07	-=1e-05	A=2.5e-07	C=0.999989	
Position 6626:	T=2.5e-07	G=2.5e-07	-=1e-05	A=2.5e-07	C=0.999989	
Position 6627:	T=2.5e-07	G=2.5e-07	-=1e-05	A=0.999989	C=2.5e-07	
Position 6628:	T=2.5e-07	G=2.5e-07	-=1e-05	A=2.5e-07	C=0.999989	
Position 6629:	T=2.5e-07	G=2.5e-07	-=1e-05	A=2.5e-07	C=0.999989	
Position 6630:	T=2.5e-07	G=2.5e-07	-=1e-05	A=0.999989	C=2.5e-07	
Position 6631:	T=2.5e-07	G=0.999989	-=1e-05	A=2.5e-07	C=2.5e-07	
Position 6632:	T=2.5e-07	G=0.999989	-=1e-05	A=2.5e-07	C=2.5e-07	
Position 6633:	T=2.5e-07	G=0.999989	-=1e-05	A=2.5e-07	C=2.5e-07	
Position 6634:	T=2.5e-07	G=2.5e-07	-=1e-05	A=0.999989	C=2.5e-07	
Position 6635:	T=0.999989	G=2.5e-07	-=1e-05	A=2.5e-07	C=2.5e-07	
Position 6636:	T=0.999989	G=2.5e-07	-=1e-05	A=2.5e-07	C=2.5e-07	
Position 6637:	T=0.999989	G=2.5e-07	-=1e-05	A=2.5e-07	C=2.5e-07	
Position 6638:	T=0.999989	G=2.5e-07	-=1e-05	A=2.5e-07	C=2.5e-07	
Position 6639:	T=2.5e-07	G=2.5e-07	-=1e-05	A=0.999989	C=2.5e-07	
Position 6640:	T=2.5e-07	G=2.5e-07	-=1e-05	A=0.999989	C=2.5e-07	
Position 6641:	T=2.5e-07	G=2.5e-07	-=1e-05	A=0.999989	C=2.5e-07	
Position 6642:	T=0.999989	G=2.5e-07	-=1e-05	A=2.5e-07	C=2.5e-07	
Position 6643:	T=0.999989	G=2.5e-07	-=1e-05	A=2.5e-07	C=2.5e-07	
Position 6644:	T=0.999989	G=2.5e-07	-=1e-05	A=2.5e-07	C=2.5e-07	
Position 6645:	T=2.5e-07	G=2.5e-07	-=1e-05	A=0.999989	C=2.5e-07	
Position 6646:	T=2.5e-07	G=2.5e-07	-=1e-05	A=2.5e-07	C=0.999989	
Position 6647:	T=2.5e-07	G=0.999989	-=1e-05	A=2.5e-07	C=2.5e-07	
Position 6648:	T=2.5e-07	G=2.5e-07	-=1e-05	A=0.999989	C=2.5e-07	
Position 6649:	T=2.5e-07	G=2.5e-07	-=1e-05	A=2.5e-07	C=0.999989	
Position 6650:	T=2.5e-07	G=0.999989	-=1e-05	A=2.5e-07	C=2.5e-07	
Position 6651:	T=2.5e-07	G=2.5e-07	-=1e-05	A=0.999989	C=2.5e-07	
Position 6652:	T=2.5e-07	G=2.5e-07	-=1e-05	A=2.5e-07	C=0.999989	
Position 6653:	T=2.5e-07	G=2.5e-07	-=1e-05	A=0.999989	C=2.5e-07	
Position 6654:	T=2.5e-07	G=2.5e-07	-=1e-05	A=2.5e-07	C=0.999989	
Position 6655:	T=2.5e-07	G=2.5e-07	-=1e-05	A=0.999989	C=2.5e-07	
Position 6656:	T=2.5e-07	G=2.5e-07	-=1e-05	A=0.999989	C=2.5e-07	
Position 6657:	T=2.5e-07	G=0.999989	-=1e-05	A=2.5e-07	C=2.5e-07	
Position 6658:	T=2.5e-07	G=2.5e-07	-=1e-05	A=0.999989	C=2.5e-07	
Position 6659:	T=2.5e-07	G=2.5e-07	-=1e-05	A=0.999989	C=2.5e-07	
Position 6660:	T=2.5e-07	G=2.5e-07	-=1e-05	A=2.5e-07	C=0.999989	
Position 6661:	T=0.999989	G=2.5e-07	-=1e-05	A=2.5e-07	C=2.5e-07	
Position 6662:	T=2.5e-07	G=2.5e-07	-=1e-05	A=0.999989	C=2.5e-07	
Position 6663:	T=2.5e-07	G=2.5e-07	-=1e-05	A=0.999989	C=2.5e-07	
Position 6664:	T=2.5e-07	G=2.5e-07	-=1e-05	A=0.999989	C=2.5e-07	
Position 6665:	T=2.5e-07	G=0.999989	-=1e-05	A=2.5e-07	C=2.5e-07	
Position 6666:	T=2.5e-07	G=2.5e-07	-=1e-05	A=2.5e-07	C=0.999989	
Position 6667:	T=2.5e-07	G=2.5e-07	-=1e-05	A=2.5e-07	C=0.999989	
Position 6668:	T=0.999989	G=2.5e-07	-=1e-05	A=2.5e-07	C=2.5e-07	
Position 6669:	T=2.5e-07	G=0.999989	-=1e-05	A=2.5e-07	C=2.5e-07	
Position 6670:	T=2.5e-07	G=0.999989	-=1e-05	A=2.5e-07	C=2.5e-07	
Position 6671:	T=2.5e-07	G=2.5e-07	-=1e-05	A=0.999989	C=2.5e-07	
Position 6672:	T=2.5e-07	G=0.999989	-=1e-05	A=2.5e-07	C=2.5e-07	
Position 6673:	T=2.5e-07	G=2.5e-07	-=1e-05	A=0.999989	C=2.5e-07	
Position 6674:	T=2.5e-07	G=2.5e-07	-=1e-05	A=0.999989	C=2.5e-07	
Position 6675:	T=0.999989	G=2.5e-07	-=1e-05	A=2.5e-07	C=2.5e-07	
Position 6676:	T=2.5e-07	G=0.999989	-=1e-05	A=2.5e-07	C=2.5e-07	
Position 6677:	T=2.5e-07	G=0.999989	-=1e-05	A=2.5e-07	C=2.5e-07	
Position 6678:	T=2.5e-07	G=2.5e-07	-=1e-05	A=2.5e-07	C=0.999989	
Position 6679:	T=2.5e-07	G=0.999989	-=1e-05	A=2.5e-07	C=2.5e-07	
Position 6680:	T=2.5e-07	G=0.999989	-=1e-05	A=2.5e-07	C=2.5e-07	
Position 6681:	T=0.999989	G=2.5e-07	-=1e-05	A=2.5e-07	C=2.5e-07	
Position 6682:	T=0.999989	G=2.5e-07	-=1e-05	A=2.5e-07	C=2.5e-07	
Position 6683:	T=2.5e-07	G=2.5e-07	-=1e-05	A=0.999989	C=2.5e-07	
Position 6684:	T=2.5e-07	G=0.999989	-=1e-05	A=2.5e-07	C=2.5e-07	
Position 6685:	T=0.999989	G=2.5e-07	-=1e-05	A=2.5e-07	C=2.5e-07	
Position 6686:	T=2.5e-07	G=2.5e-07	-=1e-05	A=0.999989	C=2.5e-07	
Position 6687:	T=0.999989	G=2.5e-07	-=1e-05	A=2.5e-07	C=2.5e-07	
Position 6688:	T=2.5e-07	G=2.5e-07	-=1e-05	A=0.999989	C=2.5e-07	
Position 6689:	T=2.5e-07	G=2.5e-07	-=1e-05	A=0.999989	C=2.5e-07	
Position 6690:	T=2.5e-07	G=0.999989	-=1e-05	A=2.5e-07	C=2.5e-07	
Position 6691:	T=0.999989	G=2.5e-07	-=1e-05	A=2.5e-07	C=2.5e-07	
Position 6692:	T=2.5e-07	G=0.999989	-=1e-05	A=2.5e-07	C=2.5e-07	
Position 6693:	T=2.5e-07	G=0.999989	-=1e-05	A=2.5e-07	C=2.5e-07	
Position 6694:	T=2.5e-07	G=2.5e-07	-=1e-05	A=2.5e-07	C=0.999989	
Position 6695:	T=2.5e-07	G=2.5e-07	-=1e-05	A=2.5e-07	C=0.999989	
Position 6696:	T=2.5e-07	G=2.5e-07	-=1e-05	A=0.999989	C=2.5e-07	
Position 6697:	T=2.5e-07	G=2.5e-07	-=1e-05	A=0.999989	C=2.5e-07	
Position 6698:	T=0.999989	G=2.5e-07	-=1e-05	A=2.5e-07	C=2.5e-07	
Position 6699:	T=2.5e-07	G=2.5e-07	-=1e-05	A=2.5e-07	C=0.999989	
Position 6700:	T=2.5e-07	G=2.5e-07	-=1e-05	A=2.5e-07	C=0.999989	
Position 6701:	T=2.5e-07	G=2.5e-07	-=1e-05	A=0.999989	C=2.5e-07	
Position 6702:	T=2.5e-07	G=0.999989	-=1e-05	A=2.5e-07	C=2.5e-07	
Position 6703:	T=0.999989	G=2.5e-07	-=1e-05	A=2.5e-07	C=2.5e-07	
Position 6704:	T=2.5e-07	G=2.5e-07	-=1e-05	A=0.999989	C=2.5e-07	
Position 6705:	T=2.5e-07	G=2.5e-07	-=1e-05	A=2.5e-07	C=0.999989	
Position 6706:	T=0.999989	G=2.5e-07	-=1e-05	A=2.5e-07	C=2.5e-07	
Position 6707:	T=7.90569e-07	G=0.999987	-=1e-05	A=7.90569e-07	C=7.90569e-07	
Position 6708:	T=2.5e-07	G=2.5e-07	-=1e-05	A=2.5e-07	C=0.999989	
Position 6709:	T=2.5e-07	G=2.5e-07	-=1e-05	A=0.999989	C=2.5e-07	
Position 6710:	T=0.2	G=0.2	C=0.2	-=0.2	A=0.2	
Position 6711:	T=0.2	G=0.2	C=0.2	-=0.2	A=0.2	
Position 6712:	T=0.999989	G=2.5e-07	-=1e-05	A=2.5e-07	C=2.5e-07	
Position 6713:	T=2.5e-07	G=2.5e-07	-=1e-05	A=0.999989	C=2.5e-07	
Position 6714:	T=2.5e-07	G=0.999989	-=1e-05	A=2.5e-07	C=2.5e-07	
Position 6715:	T=2.5e-07	G=2.5e-07	-=1e-05	A=0.999989	C=2.5e-07	
Position 6716:	T=2.5e-07	G=2.5e-07	-=1e-05	A=2.5e-07	C=0.999989	
Position 6717:	T=2.5e-07	G=2.5e-07	-=1e-05	A=0.999989	C=2.5e-07	
Position 6718:	T=0.999989	G=2.5e-07	-=1e-05	A=2.5e-07	C=2.5e-07	
Position 6719:	T=2.5e-07	G=2.5e-07	-=1e-05	A=0.999989	C=2.5e-07	
Position 6720:	T=2.5e-07	G=2.5e-07	-=1e-05	A=0.999989	C=2.5e-07	
Position 6721:	T=2.5e-07	G=2.5e-07	-=1e-05	A=2.5e-07	C=0.999989	
Position 6722:	T=2.5e-07	G=0.999989	-=1e-05	A=2.5e-07	C=2.5e-07	
Position 6723:	T=2.5e-07	G=2.5e-07	-=1e-05	A=0.999989	C=2.5e-07	
Position 6724:	T=0.999989	G=2.5e-07	-=1e-05	A=2.5e-07	C=2.5e-07	
Position 6725:	T=2.5e-07	G=2.5e-07	-=1e-05	A=2.5e-07	C=0.999989	
Position 6726:	T=2.5e-07	G=2.5e-07	-=1e-05	A=2.5e-07	C=0.999989	
Position 6727:	T=2.5e-07	G=0.999989	-=1e-05	A=2.5e-07	C=2.5e-07	
Position 6728:	T=2.5e-07	G=2.5e-07	-=1e-05	A=0.999989	C=2.5e-07	
Position 6729:	T=2.5e-07	G=2.5e-07	-=1e-05	A=0.999989	C=2.5e-07	
Position 6730:	T=0.999989	G=2.5e-07	-=1e-05	A=2.5e-07	C=2.5e-07	
Position 6731:	T=2.5e-07	G=2.5e-07	-=1e-05	A=0.999989	C=2.5e-07	
Position 6732:	T=2.5e-07	G=2.5e-07	-=1e-05	A=2.5e-07	C=0.999989	
Position 6733:	T=0.999989	G=2.5e-07	-=1e-05	A=2.5e-07	C=2.5e-07	
Position 6734:	T=2.5e-07	G=0.999989	-=1e-05	A=2.5e-07	C=2.5e-07	
Position 6735:	T=2.5e-07	G=2.5e-07	-=1e-05	A=0.999989	C=2.5e-07	
Position 6736:	T=0.999989	G=2.5e-07	-=1e-05	A=2.5e-07	C=2.5e-07	
Position 6737:	T=2.5e-07	G=2.5e-07	-=1e-05	A=2.5e-07	C=0.999989	
Position 6738:	T=0.999989	G=2.5e-07	-=1e-05	A=2.5e-07	C=2.5e-07	
Position 6739:	T=2.5e-07	G=2.5e-07	-=1e-05	A=2.5e-07	C=0.999989	
Position 6740:	T=2.5e-07	G=0.999989	-=1e-05	A=2.5e-07	C=2.5e-07	
Position 6741:	T=0.999989	G=2.5e-07	-=1e-05	A=2.5e-07	C=2.5e-07	
Position 6742:	T=2.5e-07	G=2.5e-07	-=1e-05	A=2.5e-07	C=0.999989	
Position 6743:	T=2.5e-07	G=2.5e-07	-=1e-05	A=0.999989	C=2.5e-07	
Position 6744:	T=2.5e-07	G=0.999989	-=1e-05	A=2.5e-07	C=2.5e-07	
Position 6745:	T=2.5e-07	G=2.5e-07	-=1e-05	A=2.5e-07	C=0.999989	
Position 6746:	T=2.5e-07	G=2.5e-07	-=1e-05	A=0.999989	C=2.5e-07	
Position 6747:	T=2.5e-07	G=0.999989	-=1e-05	A=2.5e-07	C=2.5e-07	
Position 6748:	T=2.5e-07	G=2.5e-07	-=1e-05	A=0.999989	C=2.5e-07	
Position 6749:	T=0.999989	G=2.5e-07	-=1e-05	A=2.5e-07	C=2.5e-07	
Position 6750:	T=2.5e-07	G=0.999989	-=1e-05	A=2.5e-07	C=2.5e-07	
Position 6751:	T=2.5e-07	G=2.5e-07	-=1e-05	A=2.5e-07	C=0.999989	
Position 6752:	T=2.5e-07	G=2.5e-07	-=1e-05	A=2.5e-07	C=0.999989	
Position 6753:	T=0.999989	G=2.5e-07	-=1e-05	A=2.5e-07	C=2.5e-07	
Position 6754:	T=0.2	G=0.2	C=0.2	-=0.2	A=0.2	
Position 6755:	T=0.2	G=0.2	C=0.2	-=0.2	A=0.2	
Position 6756:	T=2.5e-07	G=0.999989	-=1e-05	A=2.5e-07	C=2.5e-07	
Position 6757:	T=0.999989	G=2.5e-07	-=1e-05	A=2.5e-07	C=2.5e-07	
Position 6758:	T=2.5e-07	G=2.5e-07	-=1e-05	A=0.999989	C=2.5e-07	
Position 6759:	T=0.999989	G=2.5e-07	-=1e-05	A=2.5e-07	C=2.5e-07	
Position 6760:	T=2.5e-07	G=2.5e-07	-=1e-05	A=0.999989	C=2.5e-07	
Position 6761:	T=2.5e-07	G=2.5e-07	-=1e-05	A=0.999989	C=2.5e-07	
Position 6762:	T=0.999989	G=2.5e-07	-=1e-05	A=2.5e-07	C=2.5e-07	
Position 6763:	T=2.5e-07	G=0.999989	-=1e-05	A=2.5e-07	C=2.5e-07	
Position 6764:	T=2.5e-07	G=2.5e-07	-=1e-05	A=0.999989	C=2.5e-07	
Position 6765:	T=0.999989	G=2.5e-07	-=1e-05	A=2.5e-07	C=2.5e-07	
Position 6766:	T=2.5e-07	G=2.5e-07	-=1e-05	A=2.5e-07	C=0.999989	
Position 6767:	T=2.5e-07	G=2.5e-07	-=1e-05	A=2.5e-07	C=0.999989	
Position 6768:	T=3.14731e-07	G=0.999989	-=1e-05	A=3.14731e-07	C=3.14731e-07	
Position 6769:	T=3.14731e-06	G=3.14731e-06	-=1e-05	A=3.14731e-06	C=0.999977	
Position 6770:	T=0.999989	G=3.14731e-07	-=1e-05	A=3.14731e-07	C=3.14731e-07	
Position 6771:	T=2.5e-07	G=0.999989	-=1e-05	A=2.5e-07	C=2.5e-07	
Position 6772:	T=2.5e-07	G=2.5e-07	-=1e-05	A=2.5e-07	C=0.999989	
Position 6773:	T=2.5e-07	G=2.5e-07	-=1e-05	A=0.999989	C=2.5e-07	
Position 6774:	T=2.5e-07	G=2.5e-07	-=1e-05	A=0.999989	C=2.5e-07	
Position 6775:	T=0.999989	G=2.5e-07	-=1e-05	A=2.5e-07	C=2.5e-07	
Position 6776:	T=2.5e-07	G=2.5e-07	-=1e-05	A=0.999989	C=2.5e-07	
Position 6777:	T=2.5e-07	G=2.5e-07	-=1e-05	A=2.5e-07	C=0.999989	
Position 6778:	T=0.999989	G=2.5e-07	-=1e-05	A=2.5e-07	C=2.5e-07	
Position 6779:	T=2.5e-07	G=2.5e-07	-=1e-05	A=0.999989	C=2.5e-07	
Position 6780:	T=0.999989	G=2.5e-07	-=1e-05	A=2.5e-07	C=2.5e-07	
Position 6781:	T=2.5e-07	G=2.5e-07	-=1e-05	A=0.999989	C=2.5e-07	
Position 6782:	T=2.5e-07	G=0.999989	-=1e-05	A=2.5e-07	C=2.5e-07	
Position 6783:	T=2.5e-07	G=2.5e-07	-=1e-05	A=0.999989	C=2.5e-07	
Position 6784:	T=2.5e-07	G=2.5e-07	-=1e-05	A=0.999989	C=2.5e-07	
Position 6785:	T=0.999989	G=2.5e-07	-=1e-05	A=2.5e-07	C=2.5e-07	
Position 6786:	T=2.5e-07	G=2.5e-07	-=1e-05	A=2.5e-07	C=0.999989	
Position 6787:	T=2.5e-07	G=2.5e-07	-=1e-05	A=0.999989	C=2.5e-07	
Position 6788:	T=2.5e-07	G=0.999989	-=1e-05	A=2.5e-07	C=2.5e-07	
Position 6789:	T=0.999989	G=2.5e-07	-=1e-05	A=2.5e-07	C=2.5e-07	
Position 6790:	T=2.5e-07	G=0.999989	-=1e-05	A=2.5e-07	C=2.5e-07	
Position 6791:	T=0.999989	G=2.5e-07	-=1e-05	A=2.5e-07	C=2.5e-07	
Position 6792:	T=0.999989	G=2.5e-07	-=1e-05	A=2.5e-07	C=2.5e-07	
Position 6793:	T=0.999989	G=2.5e-07	-=1e-05	A=2.5e-07	C=2.5e-07	
Position 6794:	T=2.5e-07	G=2.5e-07	-=1e-05	A=0.999989	C=2.5e-07	
Position 6795:	T=0.999989	G=2.5e-07	-=1e-05	A=2.5e-07	C=2.5e-07	
Position 6796:	T=2.5e-07	G=2.5e-07	-=1e-05	A=0.999989	C=2.5e-07	
Position 6797:	T=2.5e-07	G=0.999989	-=1e-05	A=2.5e-07	C=2.5e-07	
Position 6798:	T=0.999989	G=2.5e-07	-=1e-05	A=2.5e-07	C=2.5e-07	
Position 6799:	T=0.999989	G=2.5e-07	-=1e-05	A=2.5e-07	C=2.5e-07	
Position 6800:	T=2.5e-07	G=2.5e-07	-=1e-05	A=2.5e-07	C=0.999989	
Position 6801:	T=0.999989	G=2.5e-07	-=1e-05	A=2.5e-07	C=2.5e-07	
Position 6802:	T=2.5e-07	G=2.5e-07	-=1e-05	A=0.999989	C=2.5e-07	
Position 6803:	T=2.5e-07	G=2.5e-07	-=1e-05	A=0.999989	C=2.5e-07	
Position 6804:	T=2.5e-07	G=2.5e-07	-=1e-05	A=2.5e-07	C=0.999989	
Position 6805:	T=2.5e-07	G=2.5e-07	-=1e-05	A=0.999989	C=2.5e-07	
Position 6806:	T=2.5e-07	G=2.5e-07	-=1e-05	A=2.5e-07	C=0.999989	
Position 6807:	T=0.999989	G=2.5e-07	-=1e-05	A=2.5e-07	C=2.5e-07	
Position 6808:	T=2.5e-07	G=2.5e-07	-=1e-05	A=0.999989	C=2.5e-07	
Position 6809:	T=0.999989	G=2.5e-07	-=1e-05	A=2.5e-07	C=2.5e-07	
Position 6810:	T=2.5e-07	G=2.5e-07	-=1e-05	A=2.5e-07	C=0.999989	
Position 6811:	T=0.999977	G=3.14731e-06	-=1e-05	A=3.14731e-06	C=3.14731e-06	
Position 6812:	T=2.5e-07	G=2.5e-07	-=1e-05	A=0.999989	C=2.5e-07	
Position 6813:	T=0.999989	G=2.5e-07	-=1e-05	A=2.5e-07	C=2.5e-07	
Position 6814:	T=2.5e-07	G=2.5e-07	-=1e-05	A=2.5e-07	C=0.999989	
Position 6815:	T=2.5e-07	G=0.999989	-=1e-05	A=2.5e-07	C=2.5e-07	
Position 6816:	T=2.5e-07	G=2.5e-07	-=1e-05	A=2.5e-07	C=0.999989	
Position 6817:	T=2.5e-07	G=2.5e-07	-=1e-05	A=2.5e-07	C=0.999989	
Position 6818:	T=2.5e-07	G=0.999989	-=1e-05	A=2.5e-07	C=2.5e-07	
Position 6819:	T=0.999989	G=2.5e-07	-=1e-05	A=2.5e-07	C=2.5e-07	
Position 6820:	T=0.999989	G=2.5e-07	-=1e-05	A=2.5e-07	C=2.5e-07	
Position 6821:	T=2.5e-07	G=2.5e-07	-=1e-05	A=2.5e-07	C=0.999989	
Position 6822:	T=2.5e-07	G=2.5e-07	-=1e-05	A=0.999989	C=2.5e-07	
Position 6823:	T=2.5e-07	G=2.5e-07	-=1e-05	A=2.5e-07	C=0.999989	
Position 6824:	T=0.999989	G=2.5e-07	-=1e-05	A=2.5e-07	C=2.5e-07	
Position 6825:	T=0.999989	G=2.5e-07	-=1e-05	A=2.5e-07	C=2.5e-07	
Position 6826:	T=2.5e-07	G=2.5e-07	-=1e-05	A=0.999989	C=2.5e-07	
Position 6827:	T=2.5e-07	G=2.5e-07	-=1e-05	A=0.999989	C=2.5e-07	
Position 6828:	T=2.5e-07	G=2.5e-07	-=1e-05	A=0.999989	C=2.5e-07	
Position 6829:	T=2.5e-07	G=2.5e-07	-=1e-05	A=2.5e-07	C=0.999989	
Position 6830:	T=2.5e-07	G=0.999989	-=1e-05	A=2.5e-07	C=2.5e-07	
Position 6831:	T=0.999989	G=2.5e-07	-=1e-05	A=2.5e-07	C=2.5e-07	
Position 6832:	T=2.5e-07	G=2.5e-07	-=1e-05	A=2.5e-07	C=0.999989	
Position 6833:	T=0.999989	G=2.5e-07	-=1e-05	A=2.5e-07	C=2.5e-07	
Position 6834:	T=2.5e-07	G=2.5e-07	-=1e-05	A=2.5e-07	C=0.999989	
Position 6835:	T=2.5e-07	G=2.5e-07	-=1e-05	A=0.999989	C=2.5e-07	
Position 6836:	T=2.5e-07	G=2.5e-07	-=1e-05	A=0.999989	C=2.5e-07	
Position 6837:	T=2.5e-07	G=2.5e-07	-=1e-05	A=2.5e-07	C=0.999989	
Position 6838:	T=2.5e-07	G=2.5e-07	-=1e-05	A=0.999989	C=2.5e-07	
Position 6839:	T=0.999989	G=2.5e-07	-=1e-05	A=2.5e-07	C=2.5e-07	
Position 6840:	T=3.14731e-06	G=3.14731e-06	-=1e-05	A=0.999977	C=3.14731e-06	
Position 6841:	T=2.5e-07	G=2.5e-07	-=1e-05	A=2.5e-07	C=0.999989	
Position 6842:	T=2.5e-07	G=2.5e-07	-=1e-05	A=0.999989	C=2.5e-07	
Position 6843:	T=2.5e-07	G=2.5e-07	-=1e-05	A=0.999989	C=2.5e-07	
Position 6844:	T=2.5e-07	G=2.5e-07	-=1e-05	A=0.999989	C=2.5e-07	
Position 6845:	T=0.999989	G=2.5e-07	-=1e-05	A=2.5e-07	C=2.5e-07	
Position 6846:	T=2.5e-07	G=2.5e-07	-=1e-05	A=0.999989	C=2.5e-07	
Position 6847:	T=2.5e-07	G=2.5e-07	-=1e-05	A=2.5e-07	C=0.999989	
Position 6848:	T=2.5e-07	G=2.5e-07	-=1e-05	A=2.5e-07	C=0.999989	
Position 6849:	T=2.5e-07	G=2.5e-07	-=1e-05	A=2.5e-07	C=0.999989	
Position 6850:	T=0.999989	G=2.5e-07	-=1e-05	A=2.5e-07	C=2.5e-07	
Position 6851:	T=2.5e-07	G=0.999989	-=1e-05	A=2.5e-07	C=2.5e-07	
Position 6852:	T=0.999989	G=2.5e-07	-=1e-05	A=2.5e-07	C=2.5e-07	
Position 6853:	T=3.14731e-07	G=0.999989	-=1e-05	A=3.14731e-07	C=3.14731e-07	
Position 6854:	T=2.5e-07	G=2.5e-07	-=1e-05	A=0.999989	C=2.5e-07	
Position 6855:	T=0.999989	G=2.5e-07	-=1e-05	A=2.5e-07	C=2.5e-07	
Position 6856:	T=2.5e-07	G=0.999989	-=1e-05	A=2.5e-07	C=2.5e-07	
Position 6857:	T=2.5e-07	G=0.999989	-=1e-05	A=2.5e-07	C=2.5e-07	
Position 6858:	T=2.5e-07	G=2.5e-07	-=1e-05	A=2.5e-07	C=0.999989	
Position 6859:	T=2.5e-07	G=2.5e-07	-=1e-05	A=2.5e-07	C=0.999989	
Position 6860:	T=2.5e-07	G=0.999989	-=1e-05	A=2.5e-07	C=2.5e-07	
Position 6861:	T=2.5e-07	G=2.5e-07	-=1e-05	A=0.999989	C=2.5e-07	
Position 6862:	T=2.5e-07	G=0.999989	-=1e-05	A=2.5e-07	C=2.5e-07	
Position 6863:	T=2.5e-07	G=2.5e-07	-=1e-05	A=2.5e-07	C=0.999989	
Position 6864:	T=2.5e-07	G=2.5e-07	-=1e-05	A=2.5e-07	C=0.999989	
Position 6865:	T=2.5e-07	G=2.5e-07	-=1e-05	A=0.999989	C=2.5e-07	
Position 6866:	T=2.5e-07	G=2.5e-07	-=1e-05	A=0.999989	C=2.5e-07	
Position 6867:	T=2.5e-07	G=2.5e-07	-=1e-05	A=0.999989	C=2.5e-07	
Position 6868:	T=2.5e-07	G=2.5e-07	-=1e-05	A=0.999989	C=2.5e-07	
Position 6869:	T=0.999989	G=2.5e-07	-=1e-05	A=2.5e-07	C=2.5e-07	
Position 6870:	T=2.5e-07	G=2.5e-07	-=1e-05	A=2.5e-07	C=0.999989	
Position 6871:	T=0.999989	G=2.5e-07	-=1e-05	A=2.5e-07	C=2.5e-07	
Position 6872:	T=2.5e-07	G=2.5e-07	-=1e-05	A=2.5e-07	C=0.999989	
Position 6873:	T=0.999989	G=2.5e-07	-=1e-05	A=2.5e-07	C=2.5e-07	
Position 6874:	T=2.5e-07	G=2.5e-07	-=1e-05	A=2.5e-07	C=0.999989	
Position 6875:	T=0.999989	G=2.5e-07	-=1e-05	A=2.5e-07	C=2.5e-07	
Position 6876:	T=2.5e-07	G=2.5e-07	-=1e-05	A=2.5e-07	C=0.999989	
Position 6877:	T=2.5e-07	G=2.5e-07	-=1e-05	A=0.999989	C=2.5e-07	
Position 6878:	T=0.999989	G=2.5e-07	-=1e-05	A=2.5e-07	C=2.5e-07	
Position 6879:	T=2.5e-07	G=2.5e-07	-=1e-05	A=2.5e-07	C=0.999989	
Position 6880:	T=2.5e-07	G=2.5e-07	-=1e-05	A=0.999989	C=2.5e-07	
Position 6881:	T=0.999989	G=2.5e-07	-=1e-05	A=2.5e-07	C=2.5e-07	
Position 6882:	T=2.5e-07	G=0.999989	-=1e-05	A=2.5e-07	C=2.5e-07	
Position 6883:	T=0.999989	G=2.5e-07	-=1e-05	A=2.5e-07	C=2.5e-07	
Position 6884:	T=2.5e-07	G=2.5e-07	-=1e-05	A=0.999989	C=2.5e-07	
Position 6885:	T=2.5e-07	G=2.5e-07	-=1e-05	A=0.999989	C=2.5e-07	
Position 6886:	T=2.5e-07	G=2.5e-07	-=1e-05	A=0.999989	C=2.5e-07	
Position 6887:	T=2.5e-07	G=2.5e-07	-=1e-05	A=0.999989	C=2.5e-07	
Position 6888:	T=2.5e-07	G=2.5e-07	-=1e-05	A=0.999989	C=2.5e-07	
Position 6889:	T=2.5e-07	G=0.999989	-=1e-05	A=2.5e-07	C=2.5e-07	
Position 6890:	T=2.5e-07	G=2.5e-07	-=1e-05	A=2.5e-07	C=0.999989	
Position 6891:	T=0.999989	G=2.5e-07	-=1e-05	A=2.5e-07	C=2.5e-07	
Position 6892:	T=0.999989	G=2.5e-07	-=1e-05	A=2.5e-07	C=2.5e-07	
Position 6893:	T=0.999989	G=2.5e-07	-=1e-05	A=2.5e-07	C=2.5e-07	
Position 6894:	T=0.999989	G=2.5e-07	-=1e-05	A=2.5e-07	C=2.5e-07	
Position 6895:	T=2.5e-07	G=2.5e-07	-=1e-05	A=0.999989	C=2.5e-07	
Position 6896:	T=2.5e-07	G=2.5e-07	-=1e-05	A=2.5e-07	C=0.999989	
Position 6897:	T=2.5e-07	G=2.5e-07	-=1e-05	A=2.5e-07	C=0.999989	
Position 6898:	T=0.999989	G=2.5e-07	-=1e-05	A=2.5e-07	C=2.5e-07	
Position 6899:	T=0.999989	G=2.5e-07	-=1e-05	A=2.5e-07	C=2.5e-07	
Position 6900:	T=2.5e-07	G=0.999989	-=1e-05	A=2.5e-07	C=2.5e-07	
Position 6901:	T=2.5e-07	G=2.5e-07	-=1e-05	A=0.999989	C=2.5e-07	
Position 6902:	T=3.14731e-06	G=0.999977	-=1e-05	A=3.14731e-06	C=3.14731e-06	
Position 6903:	T=2.5e-07	G=2.5e-07	-=1e-05	A=0.999989	C=2.5e-07	
Position 6904:	T=2.5e-07	G=2.5e-07	-=1e-05	A=0.999989	C=2.5e-07	
Position 6905:	T=2.5e-07	G=0.999989	-=1e-05	A=2.5e-07	C=2.5e-07	
Position 6906:	T=2.5e-07	G=2.5e-07	-=1e-05	A=0.999989	C=2.5e-07	
Position 6907:	T=2.5e-07	G=2.5e-07	-=1e-05	A=0.999989	C=2.5e-07	
Position 6908:	T=2.5e-07	G=2.5e-07	-=1e-05	A=0.999989	C=2.5e-07	
Position 6909:	T=2.5e-07	G=2.5e-07	-=1e-05	A=0.999989	C=2.5e-07	
Position 6910:	T=2.5e-07	G=2.5e-07	-=1e-05	A=2.5e-07	C=0.999989	
Position 6911:	T=0.999989	G=2.5e-07	-=1e-05	A=2.5e-07	C=2.5e-07	
Position 6912:	T=2.5e-07	G=2.5e-07	-=1e-05	A=0.999989	C=2.5e-07	
Position 6913:	T=2.5e-07	G=2.5e-07	-=1e-05	A=0.999989	C=2.5e-07	
Position 6914:	T=2.5e-07	G=2.5e-07	-=1e-05	A=0.999989	C=2.5e-07	
Position 6915:	T=2.5e-07	G=2.5e-07	-=1e-05	A=2.5e-07	C=0.999989	
Position 6916:	T=2.5e-07	G=0.999989	-=1e-05	A=2.5e-07	C=2.5e-07	
Position 6917:	T=2.5e-07	G=2.5e-07	-=1e-05	A=0.999989	C=2.5e-07	
Position 6918:	T=2.5e-07	G=2.5e-07	-=1e-05	A=0.999989	C=2.5e-07	
Position 6919:	T=2.5e-07	G=2.5e-07	-=1e-05	A=0.999989	C=2.5e-07	
Position 6920:	T=2.5e-07	G=2.5e-07	-=1e-05	A=0.999989	C=2.5e-07	
Position 6921:	T=0.999989	G=2.5e-07	-=1e-05	A=2.5e-07	C=2.5e-07	
Position 6922:	T=0.999989	G=2.5e-07	-=1e-05	A=2.5e-07	C=2.5e-07	
Position 6923:	T=0.999989	G=2.5e-07	-=1e-05	A=2.5e-07	C=2.5e-07	
Position 6924:	T=2.5e-07	G=2.5e-07	-=1e-05	A=0.999989	C=2.5e-07	
Position 6925:	T=0.999989	G=2.5e-07	-=1e-05	A=2.5e-07	C=2.5e-07	
Position 6926:	T=0.999989	G=2.5e-07	-=1e-05	A=2.5e-07	C=2.5e-07	
Position 6927:	T=0.999989	G=2.5e-07	-=1e-05	A=2.5e-07	C=2.5e-07	
Position 6928:	T=0.999989	G=2.5e-07	-=1e-05	A=2.5e-07	C=2.5e-07	
Position 6929:	T=0.999989	G=2.5e-07	-=1e-05	A=2.5e-07	C=2.5e-07	
Position 6930:	T=2.5e-07	G=2.5e-07	-=1e-05	A=0.999989	C=2.5e-07	
Position 6931:	T=2.5e-07	G=0.999989	-=1e-05	A=2.5e-07	C=2.5e-07	
Position 6932:	T=2.5e-07	G=2.5e-07	-=1e-05	A=2.5e-07	C=0.999989	
Position 6933:	T=0.999989	G=2.5e-07	-=1e-05	A=2.5e-07	C=2.5e-07	
Position 6934:	T=2.5e-07	G=2.5e-07	-=1e-05	A=2.5e-07	C=0.999989	
Position 6935:	T=2.5e-07	G=2.5e-07	-=1e-05	A=0.999989	C=2.5e-07	
Position 6936:	T=0.999989	G=2.5e-07	-=1e-05	A=2.5e-07	C=2.5e-07	
Position 6937:	T=0.999989	G=2.5e-07	-=1e-05	A=2.5e-07	C=2.5e-07	
Position 6938:	T=0.999989	G=2.5e-07	-=1e-05	A=2.5e-07	C=2.5e-07	
Position 6939:	T=2.5e-07	G=2.5e-07	-=1e-05	A=0.999989	C=2.5e-07	
Position 6940:	T=0.999989	G=2.5e-07	-=1e-05	A=2.5e-07	C=2.5e-07	
Position 6941:	T=2.5e-07	G=2.5e-07	-=1e-05	A=2.5e-07	C=0.999989	
Position 6942:	T=2.5e-07	G=2.5e-07	-=1e-05	A=0.999989	C=2.5e-07	
Position 6943:	T=2.5e-07	G=2.5e-07	-=1e-05	A=2.5e-07	C=0.999989	
Position 6944:	T=2.5e-07	G=2.5e-07	-=1e-05	A=2.5e-07	C=0.999989	
Position 6945:	T=2.5e-07	G=2.5e-07	-=1e-05	A=2.5e-07	C=0.999989	
Position 6946:	T=2.5e-07	G=2.5e-07	-=1e-05	A=2.5e-07	C=0.999989	
Position 6947:	T=2.5e-07	G=2.5e-07	-=1e-05	A=0.999989	C=2.5e-07	
Position 6948:	T=2.5e-07	G=2.5e-07	-=1e-05	A=0.999989	C=2.5e-07	
Position 6949:	T=2.5e-07	G=2.5e-07	-=1e-05	A=2.5e-07	C=0.999989	
Position 6950:	T=2.5e-07	G=0.999989	-=1e-05	A=2.5e-07	C=2.5e-07	
Position 6951:	T=2.5e-07	G=2.5e-07	-=1e-05	A=0.999989	C=2.5e-07	
Position 6952:	T=0.999989	G=2.5e-07	-=1e-05	A=2.5e-07	C=2.5e-07	
Position 6953:	T=2.5e-07	G=2.5e-07	-=1e-05	A=0.999989	C=2.5e-07	
Position 6954:	T=2.5e-07	G=0.999989	-=1e-05	A=2.5e-07	C=2.5e-07	
Position 6955:	T=0.999989	G=2.5e-07	-=1e-05	A=2.5e-07	C=2.5e-07	
Position 6956:	T=2.5e-07	G=0.999989	-=1e-05	A=2.5e-07	C=2.5e-07	
Position 6957:	T=2.5e-07	G=2.5e-07	-=1e-05	A=2.5e-07	C=0.999989	
Position 6958:	T=2.5e-07	G=0.999989	-=1e-05	A=2.5e-07	C=2.5e-07	
Position 6959:	T=2.5e-07	G=2.5e-07	-=1e-05	A=0.999989	C=2.5e-07	
Position 6960:	T=0.2	G=0.2	C=0.2	-=0.2	A=0.2	
Position 6961:	T=0.999989	G=2.5e-07	-=1e-05	A=2.5e-07	C=2.5e-07	
Position 6962:	T=0.999989	G=2.5e-07	-=1e-05	A=2.5e-07	C=2.5e-07	
Position 6963:	T=2.5e-07	G=2.5e-07	-=1e-05	A=0.999989	C=2.5e-07	
Position 6964:	T=0.999989	G=2.5e-07	-=1e-05	A=2.5e-07	C=2.5e-07	
Position 6965:	T=0.999989	G=2.5e-07	-=1e-05	A=2.5e-07	C=2.5e-07	
Position 6966:	T=0.999989	G=2.5e-07	-=1e-05	A=2.5e-07	C=2.5e-07	
Position 6967:	T=2.5e-07	G=2.5e-07	-=1e-05	A=2.5e-07	C=0.999989	
Position 6968:	T=2.5e-07	G=2.5e-07	-=1e-05	A=2.5e-07	C=0.999989	
Position 6969:	T=0.999989	G=2.5e-07	-=1e-05	A=2.5e-07	C=2.5e-07	
Position 6970:	T=0.999989	G=2.5e-07	-=1e-05	A=2.5e-07	C=2.5e-07	
Position 6971:	T=2.5e-07	G=2.5e-07	-=1e-05	A=2.5e-07	C=0.999989	
Position 6972:	T=0.999989	G=2.5e-07	-=1e-05	A=2.5e-07	C=2.5e-07	
Position 6973:	T=2.5e-07	G=2.5e-07	-=1e-05	A=2.5e-07	C=0.999989	
Position 6974:	T=2.5e-07	G=2.5e-07	-=1e-05	A=2.5e-07	C=0.999989	
Position 6975:	T=2.5e-07	G=2.5e-07	-=1e-05	A=2.5e-07	C=0.999989	
Position 6976:	T=2.5e-07	G=2.5e-07	-=1e-05	A=0.999989	C=2.5e-07	
Position 6977:	T=2.5e-07	G=0.999989	-=1e-05	A=2.5e-07	C=2.5e-07	
Position 6978:	T=0.999989	G=2.5e-07	-=1e-05	A=2.5e-07	C=2.5e-07	
Position 6979:	T=2.5e-07	G=2.5e-07	-=1e-05	A=2.5e-07	C=0.999989	
Position 6980:	T=2.5e-07	G=2.5e-07	-=1e-05	A=2.5e-07	C=0.999989	
Position 6981:	T=2.5e-07	G=2.5e-07	-=1e-05	A=0.999989	C=2.5e-07	
Position 6982:	T=2.5e-07	G=2.5e-07	-=1e-05	A=2.5e-07	C=0.999989	
Position 6983:	T=0.999989	G=2.5e-07	-=1e-05	A=2.5e-07	C=2.5e-07	
Position 6984:	T=2.5e-07	G=2.5e-07	-=1e-05	A=2.5e-07	C=0.999989	
Position 6985:	T=2.5e-07	G=2.5e-07	-=1e-05	A=0.999989	C=2.5e-07	
Position 6986:	T=0.999989	G=2.5e-07	-=1e-05	A=2.5e-07	C=2.5e-07	
Position 6987:	T=2.5e-07	G=2.5e-07	-=1e-05	A=2.5e-07	C=0.999989	
Position 6988:	T=2.5e-07	G=0.999989	-=1e-05	A=2.5e-07	C=2.5e-07	
Position 6989:	T=2.5e-07	G=2.5e-07	-=1e-05	A=2.5e-07	C=0.999989	
Position 6990:	T=0.999989	G=2.5e-07	-=1e-05	A=2.5e-07	C=2.5e-07	
Position 6991:	T=2.5e-07	G=2.5e-07	-=1e-05	A=0.999989	C=2.5e-07	
Position 6992:	T=2.5e-07	G=2.5e-07	-=1e-05	A=0.999989	C=2.5e-07	
Position 6993:	T=0.999989	G=2.5e-07	-=1e-05	A=2.5e-07	C=2.5e-07	
Position 6994:	T=2.5e-07	G=2.5e-07	-=1e-05	A=2.5e-07	C=0.999989	
Position 6995:	T=2.5e-07	G=0.999989	-=1e-05	A=2.5e-07	C=2.5e-07	
Position 6996:	T=2.5e-07	G=2.5e-07	-=1e-05	A=2.5e-07	C=0.999989	
Position 6997:	T=0.999989	G=2.5e-07	-=1e-05	A=2.5e-07	C=2.5e-07	
Position 6998:	T=2.5e-07	G=2.5e-07	-=1e-05	A=0.999989	C=2.5e-07	
Position 6999:	T=2.5e-07	G=2.5e-07	-=1e-05	A=0.999989	C=2.5e-07	
Position 7000:	T=2.5e-07	G=0.999989	-=1e-05	A=2.5e-07	C=2.5e-07	
Position 7001:	T=0.999989	G=2.5e-07	-=1e-05	A=2.5e-07	C=2.5e-07	
Position 7002:	T=0.999989	G=2.5e-07	-=1e-05	A=2.5e-07	C=2.5e-07	
Position 7003:	T=2.5e-07	G=0.999989	-=1e-05	A=2.5e-07	C=2.5e-07	
Position 7004:	T=2.5e-07	G=2.5e-07	-=1e-05	A=2.5e-07	C=0.999989	
Position 7005:	T=0.999989	G=2.5e-07	-=1e-05	A=2.5e-07	C=2.5e-07	
Position 7006:	T=2.5e-07	G=2.5e-07	-=1e-05	A=0.999989	C=2.5e-07	
Position 7007:	T=0.999989	G=2.5e-07	-=1e-05	A=2.5e-07	C=2.5e-07	
Position 7008:	T=2.5e-07	G=2.5e-07	-=1e-05	A=0.999989	C=2.5e-07	
Position 7009:	T=2.5e-07	G=2.5e-07	-=1e-05	A=2.5e-07	C=0.999989	
Position 7010:	T=2.5e-07	G=2.5e-07	-=1e-05	A=0.999989	C=2.5e-07	
Position 7011:	T=2.5e-07	G=2.5e-07	-=1e-05	A=0.999989	C=2.5e-07	
Position 7012:	T=2.5e-07	G=2.5e-07	-=1e-05	A=2.5e-07	C=0.999989	
Position 7013:	T=2.5e-07	G=2.5e-07	-=1e-05	A=0.999989	C=2.5e-07	
Position 7014:	T=3.14731e-07	G=0.999989	-=1e-05	A=3.14731e-07	C=3.14731e-07	
Position 7015:	T=0.999989	G=2.5e-07	-=1e-05	A=2.5e-07	C=2.5e-07	
Position 7016:	T=2.5e-07	G=0.999989	-=1e-05	A=2.5e-07	C=2.5e-07	
Position 7017:	T=2.5e-07	G=2.5e-07	-=1e-05	A=0.999989	C=2.5e-07	
Position 7018:	T=2.5e-07	G=2.5e-07	-=1e-05	A=2.5e-07	C=0.999989	
Position 7019:	T=0.999989	G=2.5e-07	-=1e-05	A=2.5e-07	C=2.5e-07	
Position 7020:	T=2.5e-07	G=2.5e-07	-=1e-05	A=0.999989	C=2.5e-07	
Position 7021:	T=2.5e-07	G=0.999989	-=1e-05	A=2.5e-07	C=2.5e-07	
Position 7022:	T=0.999989	G=2.5e-07	-=1e-05	A=2.5e-07	C=2.5e-07	
Position 7023:	T=0.999989	G=2.5e-07	-=1e-05	A=2.5e-07	C=2.5e-07	
Position 7024:	T=2.5e-07	G=2.5e-07	-=1e-05	A=2.5e-07	C=0.999989	
Position 7025:	T=2.5e-07	G=0.999989	-=1e-05	A=2.5e-07	C=2.5e-07	
Position 7026:	T=0.999989	G=2.5e-07	-=1e-05	A=2.5e-07	C=2.5e-07	
Position 7027:	T=2.5e-07	G=2.5e-07	-=1e-05	A=2.5e-07	C=0.999989	
Position 7028:	T=0.999989	G=2.5e-07	-=1e-05	A=2.5e-07	C=2.5e-07	
Position 7029:	T=2.5e-07	G=2.5e-07	-=1e-05	A=0.999989	C=2.5e-07	
Position 7030:	T=2.5e-07	G=2.5e-07	-=1e-05	A=2.5e-07	C=0.999989	
Position 7031:	T=2.5e-07	G=2.5e-07	-=1e-05	A=2.5e-07	C=0.999989	
Position 7032:	T=2.5e-07	G=2.5e-07	-=1e-05	A=0.999989	C=2.5e-07	
Position 7033:	T=0.999989	G=2.5e-07	-=1e-05	A=2.5e-07	C=2.5e-07	
Position 7034:	T=2.5e-07	G=2.5e-07	-=1e-05	A=2.5e-07	C=0.999989	
Position 7035:	T=2.5e-07	G=2.5e-07	-=1e-05	A=0.999989	C=2.5e-07	
Position 7036:	T=2.5e-07	G=2.5e-07	-=1e-05	A=0.999989	C=2.5e-07	
Position 7037:	T=2.5e-07	G=2.5e-07	-=1e-05	A=0.999989	C=2.5e-07	
Position 7038:	T=0.999989	G=2.5e-07	-=1e-05	A=2.5e-07	C=2.5e-07	
Position 7039:	T=2.5e-07	G=2.5e-07	-=1e-05	A=2.5e-07	C=0.999989	
Position 7040:	T=2.5e-07	G=2.5e-07	-=1e-05	A=0.999989	C=2.5e-07	
Position 7041:	T=2.5e-07	G=2.5e-07	-=1e-05	A=0.999989	C=2.5e-07	
Position 7042:	T=2.5e-07	G=2.5e-07	-=1e-05	A=0.999989	C=2.5e-07	
Position 7043:	T=0.999989	G=2.5e-07	-=1e-05	A=2.5e-07	C=2.5e-07	
Position 7044:	T=2.5e-07	G=2.5e-07	-=1e-05	A=0.999989	C=2.5e-07	
Position 7045:	T=0.999989	G=2.5e-07	-=1e-05	A=2.5e-07	C=2.5e-07	
Position 7046:	T=0.999989	G=2.5e-07	-=1e-05	A=2.5e-07	C=2.5e-07	
Position 7047:	T=2.5e-07	G=2.5e-07	-=1e-05	A=0.999989	C=2.5e-07	
Position 7048:	T=2.5e-07	G=2.5e-07	-=1e-05	A=0.999989	C=2.5e-07	
Position 7049:	T=2.5e-07	G=2.5e-07	-=1e-05	A=2.5e-07	C=0.999989	
Position 7050:	T=2.5e-07	G=2.5e-07	-=1e-05	A=2.5e-07	C=0.999989	
Position 7051:	T=2.5e-07	G=2.5e-07	-=1e-05	A=0.999989	C=2.5e-07	
Position 7052:	T=0.999989	G=2.5e-07	-=1e-05	A=2.5e-07	C=2.5e-07	
Position 7053:	T=0.999989	G=2.5e-07	-=1e-05	A=2.5e-07	C=2.5e-07	
Position 7054:	T=2.5e-07	G=2.5e-07	-=1e-05	A=2.5e-07	C=0.999989	
Position 7055:	T=2.5e-07	G=2.5e-07	-=1e-05	A=0.999989	C=2.5e-07	
Position 7056:	T=0.999989	G=2.5e-07	-=1e-05	A=2.5e-07	C=2.5e-07	
Position 7057:	T=2.5e-07	G=2.5e-07	-=1e-05	A=0.999989	C=2.5e-07	
Position 7058:	T=2.5e-07	G=0.999989	-=1e-05	A=2.5e-07	C=2.5e-07	
Position 7059:	T=2.5e-07	G=2.5e-07	-=1e-05	A=2.5e-07	C=0.999989	
Position 7060:	T=2.5e-07	G=2.5e-07	-=1e-05	A=2.5e-07	C=0.999989	
Position 7061:	T=2.5e-07	G=2.5e-07	-=1e-05	A=0.999989	C=2.5e-07	
Position 7062:	T=2.5e-07	G=2.5e-07	-=1e-05	A=0.999989	C=2.5e-07	
Position 7063:	T=2.5e-07	G=2.5e-07	-=1e-05	A=0.999989	C=2.5e-07	
Position 7064:	T=0.2	G=0.2	C=0.2	-=0.2	A=0.2	
Position 7065:	T=2.5e-07	G=0.999989	-=1e-05	A=2.5e-07	C=2.5e-07	
Position 7066:	T=2.5e-07	G=2.5e-07	-=1e-05	A=2.5e-07	C=0.999989	
Position 7067:	T=0.999989	G=2.5e-07	-=1e-05	A=2.5e-07	C=2.5e-07	
Position 7068:	T=2.5e-07	G=2.5e-07	-=1e-05	A=0.999989	C=2.5e-07	
Position 7069:	T=0.999989	G=2.5e-07	-=1e-05	A=2.5e-07	C=2.5e-07	
Position 7070:	T=0.999989	G=2.5e-07	-=1e-05	A=2.5e-07	C=2.5e-07	
Position 7071:	T=2.5e-07	G=2.5e-07	-=1e-05	A=2.5e-07	C=0.999989	
Position 7072:	T=2.5e-07	G=0.999989	-=1e-05	A=2.5e-07	C=2.5e-07	
Position 7073:	T=2.5e-07	G=2.5e-07	-=1e-05	A=2.5e-07	C=0.999989	
Position 7074:	T=0.999989	G=2.5e-07	-=1e-05	A=2.5e-07	C=2.5e-07	
Position 7075:	T=0.999989	G=2.5e-07	-=1e-05	A=2.5e-07	C=2.5e-07	
Position 7076:	T=2.5e-07	G=2.5e-07	-=1e-05	A=0.999989	C=2.5e-07	
Position 7077:	T=0.999989	G=3.14731e-07	-=1e-05	A=3.14731e-07	C=3.14731e-07	
Position 7078:	T=2.5e-07	G=0.999989	-=1e-05	A=2.5e-07	C=2.5e-07	
Position 7079:	T=2.5e-07	G=0.999989	-=1e-05	A=2.5e-07	C=2.5e-07	
Position 7080:	T=2.5e-07	G=0.999989	-=1e-05	A=2.5e-07	C=2.5e-07	
Position 7081:	T=2.5e-07	G=0.999989	-=1e-05	A=2.5e-07	C=2.5e-07	
Position 7082:	T=2.5e-07	G=2.5e-07	-=1e-05	A=0.999989	C=2.5e-07	
Position 7083:	T=2.5e-07	G=0.999989	-=1e-05	A=2.5e-07	C=2.5e-07	
Position 7084:	T=2.5e-07	G=2.5e-07	-=1e-05	A=2.5e-07	C=0.999989	
Position 7085:	T=0.999989	G=2.5e-07	-=1e-05	A=2.5e-07	C=2.5e-07	
Position 7086:	T=2.5e-07	G=2.5e-07	-=1e-05	A=0.999989	C=2.5e-07	
Position 7087:	T=2.5e-07	G=2.5e-07	-=1e-05	A=2.5e-07	C=0.999989	
Position 7088:	T=2.5e-07	G=2.5e-07	-=1e-05	A=0.999989	C=2.5e-07	
Position 7089:	T=2.5e-07	G=0.999989	-=1e-05	A=2.5e-07	C=2.5e-07	
Position 7090:	T=0.999989	G=2.5e-07	-=1e-05	A=2.5e-07	C=2.5e-07	
Position 7091:	T=2.5e-07	G=0.999989	-=1e-05	A=2.5e-07	C=2.5e-07	
Position 7092:	T=0.999989	G=2.5e-07	-=1e-05	A=2.5e-07	C=2.5e-07	
Position 7093:	T=2.5e-07	G=2.5e-07	-=1e-05	A=2.5e-07	C=0.999989	
Position 7094:	T=0.999989	G=2.5e-07	-=1e-05	A=2.5e-07	C=2.5e-07	
Position 7095:	T=2.5e-07	G=2.5e-07	-=1e-05	A=0.999989	C=2.5e-07	
Position 7096:	T=2.5e-07	G=2.5e-07	-=1e-05	A=2.5e-07	C=0.999989	
Position 7097:	T=0.999989	G=2.5e-07	-=1e-05	A=2.5e-07	C=2.5e-07	
Position 7098:	T=2.5e-07	G=0.999989	-=1e-05	A=2.5e-07	C=2.5e-07	
Position 7099:	T=2.5e-07	G=0.999989	-=1e-05	A=2.5e-07	C=2.5e-07	
Position 7100:	T=2.5e-07	G=2.5e-07	-=1e-05	A=0.999989	C=2.5e-07	
Position 7101:	T=0.999989	G=2.5e-07	-=1e-05	A=2.5e-07	C=2.5e-07	
Position 7102:	T=0.999989	G=2.5e-07	-=1e-05	A=2.5e-07	C=2.5e-07	
Position 7103:	T=2.5e-07	G=2.5e-07	-=1e-05	A=2.5e-07	C=0.999989	
Position 7104:	T=2.5e-07	G=2.5e-07	-=1e-05	A=2.5e-07	C=0.999989	
Position 7105:	T=2.5e-07	G=0.999989	-=1e-05	A=2.5e-07	C=2.5e-07	
Position 7106:	T=2.5e-07	G=2.5e-07	-=1e-05	A=0.999989	C=2.5e-07	
Position 7107:	T=0.999989	G=2.5e-07	-=1e-05	A=2.5e-07	C=2.5e-07	
Position 7108:	T=2.5e-07	G=2.5e-07	-=1e-05	A=0.999989	C=2.5e-07	
Position 7109:	T=2.5e-07	G=2.5e-07	-=1e-05	A=2.5e-07	C=0.999989	
Position 7110:	T=2.5e-07	G=2.5e-07	-=1e-05	A=0.999989	C=2.5e-07	
Position 7111:	T=3.14731e-07	G=3.14731e-07	-=1e-05	A=0.999989	C=3.14731e-07	
Position 7112:	T=2.5e-07	G=0.999989	-=1e-05	A=2.5e-07	C=2.5e-07	
Position 7113:	T=2.5e-07	G=2.5e-07	-=1e-05	A=0.999989	C=2.5e-07	
Position 7114:	T=2.5e-07	G=2.5e-07	-=1e-05	A=2.5e-07	C=0.999989	
Position 7115:	T=3.14731e-07	G=0.999989	-=1e-05	A=3.14731e-07	C=3.14731e-07	
Position 7116:	T=2.5e-07	G=2.5e-07	-=1e-05	A=0.999989	C=2.5e-07	
Position 7117:	T=2.5e-07	G=2.5e-07	-=1e-05	A=0.999989	C=2.5e-07	
Position 7118:	T=2.5e-07	G=0.999989	-=1e-05	A=2.5e-07	C=2.5e-07	
Position 7119:	T=2.5e-07	G=0.999989	-=1e-05	A=2.5e-07	C=2.5e-07	
Position 7120:	T=2.5e-07	G=2.5e-07	-=1e-05	A=2.5e-07	C=0.999989	
Position 7121:	T=2.5e-07	G=2.5e-07	-=1e-05	A=0.999989	C=2.5e-07	
Position 7122:	T=0.999989	G=2.5e-07	-=1e-05	A=2.5e-07	C=2.5e-07	
Position 7123:	T=2.5e-07	G=2.5e-07	-=1e-05	A=2.5e-07	C=0.999989	
Position 7124:	T=2.5e-07	G=2.5e-07	-=1e-05	A=0.999989	C=2.5e-07	
Position 7125:	T=0.2	G=0.2	C=0.2	-=0.2	A=0.2	
Position 7126:	T=2.5e-07	G=2.5e-07	-=1e-05	A=2.5e-07	C=0.999989	
Position 7127:	T=2.5e-07	G=2.5e-07	-=1e-05	A=2.5e-07	C=0.999989	
Position 7128:	T=0.999989	G=2.5e-07	-=1e-05	A=2.5e-07	C=2.5e-07	
Position 7129:	T=2.5e-07	G=2.5e-07	-=1e-05	A=0.999989	C=2.5e-07	
Position 7130:	T=0.999989	G=2.5e-07	-=1e-05	A=2.5e-07	C=2.5e-07	
Position 7131:	T=0.999989	G=2.5e-07	-=1e-05	A=2.5e-07	C=2.5e-07	
Position 7132:	T=0.999989	G=2.5e-07	-=1e-05	A=2.5e-07	C=2.5e-07	
Position 7133:	T=2.5e-07	G=2.5e-07	-=1e-05	A=0.999989	C=2.5e-07	
Position 7134:	T=0.999989	G=2.5e-07	-=1e-05	A=2.5e-07	C=2.5e-07	
Position 7135:	T=2.5e-07	G=2.5e-07	-=1e-05	A=2.5e-07	C=0.999989	
Position 7136:	T=2.5e-07	G=2.5e-07	-=1e-05	A=2.5e-07	C=0.999989	
Position 7137:	T=2.5e-07	G=2.5e-07	-=1e-05	A=0.999989	C=2.5e-07	
Position 7138:	T=2.5e-07	G=0.999989	-=1e-05	A=2.5e-07	C=2.5e-07	
Position 7139:	T=2.5e-07	G=2.5e-07	-=1e-05	A=2.5e-07	C=0.999989	
Position 7140:	T=2.5e-07	G=2.5e-07	-=1e-05	A=2.5e-07	C=0.999989	
Position 7141:	T=2.5e-07	G=0.999989	-=1e-05	A=2.5e-07	C=2.5e-07	
Position 7142:	T=2.5e-07	G=0.999989	-=1e-05	A=2.5e-07	C=2.5e-07	
Position 7143:	T=0.999989	G=2.5e-07	-=1e-05	A=2.5e-07	C=2.5e-07	
Position 7144:	T=2.5e-07	G=0.999989	-=1e-05	A=2.5e-07	C=2.5e-07	
Position 7145:	T=2.5e-07	G=0.999989	-=1e-05	A=2.5e-07	C=2.5e-07	
Position 7146:	T=2.5e-07	G=2.5e-07	-=1e-05	A=2.5e-07	C=0.999989	
Position 7147:	T=2.5e-07	G=2.5e-07	-=1e-05	A=2.5e-07	C=0.999989	
Position 7148:	T=2.5e-07	G=2.5e-07	-=1e-05	A=2.5e-07	C=0.999989	
Position 7149:	T=2.5e-07	G=2.5e-07	-=1e-05	A=0.999989	C=2.5e-07	
Position 7150:	T=2.5e-07	G=0.999989	-=1e-05	A=2.5e-07	C=2.5e-07	
Position 7151:	T=0.999989	G=2.5e-07	-=1e-05	A=2.5e-07	C=2.5e-07	
Position 7152:	T=2.5e-07	G=2.5e-07	-=1e-05	A=2.5e-07	C=0.999989	
Position 7153:	T=2.5e-07	G=2.5e-07	-=1e-05	A=2.5e-07	C=0.999989	
Position 7154:	T=2.5e-07	G=2.5e-07	-=1e-05	A=0.999989	C=2.5e-07	
Position 7155:	T=0.999989	G=2.5e-07	-=1e-05	A=2.5e-07	C=2.5e-07	
Position 7156:	T=2.5e-07	G=0.999989	-=1e-05	A=2.5e-07	C=2.5e-07	
Position 7157:	T=2.5e-07	G=2.5e-07	-=1e-05	A=2.5e-07	C=0.999989	
Position 7158:	T=2.5e-07	G=0.999989	-=1e-05	A=2.5e-07	C=2.5e-07	
Position 7159:	T=2.5e-07	G=2.5e-07	-=1e-05	A=0.999989	C=2.5e-07	
Position 7160:	T=2.5e-07	G=2.5e-07	-=1e-05	A=2.5e-07	C=0.999989	
Position 7161:	T=0.999989	G=2.5e-07	-=1e-05	A=2.5e-07	C=2.5e-07	
Position 7162:	T=0.999989	G=2.5e-07	-=1e-05	A=2.5e-07	C=2.5e-07	
Position 7163:	T=2.5e-07	G=2.5e-07	-=1e-05	A=0.999989	C=2.5e-07	
Position 7164:	T=2.5e-07	G=2.5e-07	-=1e-05	A=2.5e-07	C=0.999989	
Position 7165:	T=2.5e-07	G=2.5e-07	-=1e-05	A=2.5e-07	C=0.999989	
Position 7166:	T=2.5e-07	G=0.999989	-=1e-05	A=2.5e-07	C=2.5e-07	
Position 7167:	T=2.5e-07	G=2.5e-07	-=1e-05	A=2.5e-07	C=0.999989	
Position 7168:	T=0.999989	G=2.5e-07	-=1e-05	A=2.5e-07	C=2.5e-07	
Position 7169:	T=0.999989	G=2.5e-07	-=1e-05	A=2.5e-07	C=2.5e-07	
Position 7170:	T=2.5e-07	G=2.5e-07	-=1e-05	A=0.999989	C=2.5e-07	
Position 7171:	T=2.5e-07	G=2.5e-07	-=1e-05	A=0.999989	C=2.5e-07	
Position 7172:	T=0.999989	G=2.5e-07	-=1e-05	A=2.5e-07	C=2.5e-07	
Position 7173:	T=2.5e-07	G=2.5e-07	-=1e-05	A=0.999989	C=2.5e-07	
Position 7174:	T=0.999989	G=2.5e-07	-=1e-05	A=2.5e-07	C=2.5e-07	
Position 7175:	T=0.999989	G=2.5e-07	-=1e-05	A=2.5e-07	C=2.5e-07	
Position 7176:	T=2.5e-07	G=2.5e-07	-=1e-05	A=2.5e-07	C=0.999989	
Position 7177:	T=2.5e-07	G=2.5e-07	-=1e-05	A=2.5e-07	C=0.999989	
Position 7178:	T=0.999989	G=2.5e-07	-=1e-05	A=2.5e-07	C=2.5e-07	
Position 7179:	T=0.999989	G=2.5e-07	-=1e-05	A=2.5e-07	C=2.5e-07	
Position 7180:	T=2.5e-07	G=2.5e-07	-=1e-05	A=2.5e-07	C=0.999989	
Position 7181:	T=2.5e-07	G=2.5e-07	-=1e-05	A=0.999989	C=2.5e-07	
Position 7182:	T=2.5e-07	G=0.999989	-=1e-05	A=2.5e-07	C=2.5e-07	
Position 7183:	T=2.5e-07	G=0.999989	-=1e-05	A=2.5e-07	C=2.5e-07	
Position 7184:	T=2.5e-07	G=2.5e-07	-=1e-05	A=2.5e-07	C=0.999989	
Position 7185:	T=2.5e-07	G=2.5e-07	-=1e-05	A=2.5e-07	C=0.999989	
Position 7186:	T=2.5e-07	G=2.5e-07	-=1e-05	A=0.999989	C=2.5e-07	
Position 7187:	T=0.999989	G=2.5e-07	-=1e-05	A=2.5e-07	C=2.5e-07	
Position 7188:	T=0.999989	G=2.5e-07	-=1e-05	A=2.5e-07	C=2.5e-07	
Position 7189:	T=0.999989	G=2.5e-07	-=1e-05	A=2.5e-07	C=2.5e-07	
Position 7190:	T=2.5e-07	G=0.999989	-=1e-05	A=2.5e-07	C=2.5e-07	
Position 7191:	T=2.5e-07	G=2.5e-07	-=1e-05	A=2.5e-07	C=0.999989	
Position 7192:	T=0.999989	G=2.5e-07	-=1e-05	A=2.5e-07	C=2.5e-07	
Position 7193:	T=2.5e-07	G=2.5e-07	-=1e-05	A=2.5e-07	C=0.999989	
Position 7194:	T=2.5e-07	G=2.5e-07	-=1e-05	A=0.999989	C=2.5e-07	
Position 7195:	T=0.999989	G=2.5e-07	-=1e-05	A=2.5e-07	C=2.5e-07	
Position 7196:	T=0.999989	G=2.5e-07	-=1e-05	A=2.5e-07	C=2.5e-07	
Position 7197:	T=2.5e-07	G=2.5e-07	-=1e-05	A=2.5e-07	C=0.999989	
Position 7198:	T=2.5e-07	G=2.5e-07	-=1e-05	A=0.999989	C=2.5e-07	
Position 7199:	T=0.999989	G=2.5e-07	-=1e-05	A=2.5e-07	C=2.5e-07	
Position 7200:	T=0.999989	G=2.5e-07	-=1e-05	A=2.5e-07	C=2.5e-07	
Position 7201:	T=0.999989	G=2.5e-07	-=1e-05	A=2.5e-07	C=2.5e-07	
Position 7202:	T=0.999989	G=2.5e-07	-=1e-05	A=2.5e-07	C=2.5e-07	
Position 7203:	T=0.999989	G=2.5e-07	-=1e-05	A=2.5e-07	C=2.5e-07	
Position 7204:	T=0.999989	G=2.5e-07	-=1e-05	A=2.5e-07	C=2.5e-07	
Position 7205:	T=0.999989	G=2.5e-07	-=1e-05	A=2.5e-07	C=2.5e-07	
Position 7206:	T=0.999989	G=2.5e-07	-=1e-05	A=2.5e-07	C=2.5e-07	
Position 7207:	T=2.5e-07	G=0.999989	-=1e-05	A=2.5e-07	C=2.5e-07	
Position 7208:	T=2.5e-07	G=0.999989	-=1e-05	A=2.5e-07	C=2.5e-07	
Position 7209:	T=2.5e-07	G=0.999989	-=1e-05	A=2.5e-07	C=2.5e-07	
Position 7210:	T=2.5e-07	G=0.999989	-=1e-05	A=2.5e-07	C=2.5e-07	
Position 7211:	T=2.5e-07	G=2.5e-07	-=1e-05	A=0.999989	C=2.5e-07	
Position 7212:	T=2.5e-07	G=0.999989	-=1e-05	A=2.5e-07	C=2.5e-07	
Position 7213:	T=2.5e-07	G=2.5e-07	-=1e-05	A=2.5e-07	C=0.999989	
Position 7214:	T=0.999989	G=2.5e-07	-=1e-05	A=2.5e-07	C=2.5e-07	
Position 7215:	T=2.5e-07	G=2.5e-07	-=1e-05	A=0.999989	C=2.5e-07	
Position 7216:	T=2.5e-07	G=2.5e-07	-=1e-05	A=2.5e-07	C=0.999989	
Position 7217:	T=0.999989	G=2.5e-07	-=1e-05	A=2.5e-07	C=2.5e-07	
Position 7218:	T=2.5e-07	G=2.5e-07	-=1e-05	A=0.999989	C=2.5e-07	
Position 7219:	T=0.999989	G=2.5e-07	-=1e-05	A=2.5e-07	C=2.5e-07	
Position 7220:	T=2.5e-07	G=0.999989	-=1e-05	A=2.5e-07	C=2.5e-07	
Position 7221:	T=2.5e-07	G=2.5e-07	-=1e-05	A=0.999989	C=2.5e-07	
Position 7222:	T=2.5e-07	G=2.5e-07	-=1e-05	A=2.5e-07	C=0.999989	
Position 7223:	T=0.999989	G=2.5e-07	-=1e-05	A=2.5e-07	C=2.5e-07	
Position 7224:	T=2.5e-07	G=2.5e-07	-=1e-05	A=2.5e-07	C=0.999989	
Position 7225:	T=2.5e-07	G=0.999989	-=1e-05	A=2.5e-07	C=2.5e-07	
Position 7226:	T=2.5e-07	G=2.5e-07	-=1e-05	A=0.999989	C=2.5e-07	
Position 7227:	T=0.999989	G=2.5e-07	-=1e-05	A=2.5e-07	C=2.5e-07	
Position 7228:	T=2.5e-07	G=2.5e-07	-=1e-05	A=2.5e-07	C=0.999989	
Position 7229:	T=2.5e-07	G=2.5e-07	-=1e-05	A=0.999989	C=2.5e-07	
Position 7230:	T=2.5e-07	G=2.5e-07	-=1e-05	A=0.999989	C=2.5e-07	
Position 7231:	T=2.5e-07	G=0.999989	-=1e-05	A=2.5e-07	C=2.5e-07	
Position 7232:	T=0.999989	G=2.5e-07	-=1e-05	A=2.5e-07	C=2.5e-07	
Position 7233:	T=2.5e-07	G=2.5e-07	-=1e-05	A=0.999989	C=2.5e-07	
Position 7234:	T=0.999989	G=2.5e-07	-=1e-05	A=2.5e-07	C=2.5e-07	
Position 7235:	T=0.999989	G=2.5e-07	-=1e-05	A=2.5e-07	C=2.5e-07	
Position 7236:	T=3.14731e-06	G=3.14731e-06	-=1e-05	A=0.999977	C=3.14731e-06	
Position 7237:	T=0.999989	G=2.5e-07	-=1e-05	A=2.5e-07	C=2.5e-07	
Position 7238:	T=2.5e-07	G=2.5e-07	-=1e-05	A=2.5e-07	C=0.999989	
Position 7239:	T=2.5e-07	G=2.5e-07	-=1e-05	A=0.999989	C=2.5e-07	
Position 7240:	T=2.5e-07	G=2.5e-07	-=1e-05	A=2.5e-07	C=0.999989	
Position 7241:	T=0.999989	G=2.5e-07	-=1e-05	A=2.5e-07	C=2.5e-07	
Position 7242:	T=2.5e-07	G=2.5e-07	-=1e-05	A=0.999989	C=2.5e-07	
Position 7243:	T=2.5e-07	G=2.5e-07	-=1e-05	A=0.999989	C=2.5e-07	
Position 7244:	T=2.5e-07	G=2.5e-07	-=1e-05	A=0.999989	C=2.5e-07	
Position 7245:	T=0.999989	G=2.5e-07	-=1e-05	A=2.5e-07	C=2.5e-07	
Position 7246:	T=2.5e-07	G=0.999989	-=1e-05	A=2.5e-07	C=2.5e-07	
Position 7247:	T=2.5e-07	G=2.5e-07	-=1e-05	A=0.999989	C=2.5e-07	
Position 7248:	T=2.5e-07	G=2.5e-07	-=1e-05	A=2.5e-07	C=0.999989	
Position 7249:	T=0.999989	G=2.5e-07	-=1e-05	A=2.5e-07	C=2.5e-07	
Position 7250:	T=2.5e-07	G=2.5e-07	-=1e-05	A=2.5e-07	C=0.999989	
Position 7251:	T=2.5e-07	G=2.5e-07	-=1e-05	A=0.999989	C=2.5e-07	
Position 7252:	T=2.5e-07	G=0.999989	-=1e-05	A=2.5e-07	C=2.5e-07	
Position 7253:	T=2.5e-07	G=2.5e-07	-=1e-05	A=2.5e-07	C=0.999989	
Position 7254:	T=2.5e-07	G=2.5e-07	-=1e-05	A=0.999989	C=2.5e-07	
Position 7255:	T=2.5e-07	G=2.5e-07	-=1e-05	A=0.999989	C=2.5e-07	
Position 7256:	T=2.5e-07	G=2.5e-07	-=1e-05	A=0.999989	C=2.5e-07	
Position 7257:	T=2.5e-07	G=2.5e-07	-=1e-05	A=2.5e-07	C=0.999989	
Position 7258:	T=2.5e-07	G=2.5e-07	-=1e-05	A=0.999989	C=2.5e-07	
Position 7259:	T=2.5e-07	G=2.5e-07	-=1e-05	A=2.5e-07	C=0.999989	
Position 7260:	T=2.5e-07	G=2.5e-07	-=1e-05	A=0.999989	C=2.5e-07	
Position 7261:	T=0.999989	G=2.5e-07	-=1e-05	A=2.5e-07	C=2.5e-07	
Position 7262:	T=2.5e-07	G=0.999989	-=1e-05	A=2.5e-07	C=2.5e-07	
Position 7263:	T=2.5e-07	G=2.5e-07	-=1e-05	A=2.5e-07	C=0.999989	
Position 7264:	T=2.5e-07	G=2.5e-07	-=1e-05	A=0.999989	C=2.5e-07	
Position 7265:	T=0.999989	G=2.5e-07	-=1e-05	A=2.5e-07	C=2.5e-07	
Position 7266:	T=2.5e-07	G=2.5e-07	-=1e-05	A=0.999989	C=2.5e-07	
Position 7267:	T=2.5e-07	G=2.5e-07	-=1e-05	A=0.999989	C=2.5e-07	
Position 7268:	T=2.5e-07	G=2.5e-07	-=1e-05	A=2.5e-07	C=0.999989	
Position 7269:	T=2.5e-07	G=2.5e-07	-=1e-05	A=0.999989	C=2.5e-07	
Position 7270:	T=0.999989	G=2.5e-07	-=1e-05	A=2.5e-07	C=2.5e-07	
Position 7271:	T=2.5e-07	G=2.5e-07	-=1e-05	A=0.999989	C=2.5e-07	
Position 7272:	T=0.999989	G=2.5e-07	-=1e-05	A=2.5e-07	C=2.5e-07	
Position 7273:	T=2.5e-07	G=2.5e-07	-=1e-05	A=0.999989	C=2.5e-07	
Position 7274:	T=2.5e-07	G=0.999989	-=1e-05	A=2.5e-07	C=2.5e-07	
Position 7275:	T=0.999989	G=2.5e-07	-=1e-05	A=2.5e-07	C=2.5e-07	
Position 7276:	T=2.5e-07	G=2.5e-07	-=1e-05	A=2.5e-07	C=0.999989	
Position 7277:	T=2.5e-07	G=2.5e-07	-=1e-05	A=0.999989	C=2.5e-07	
Position 7278:	T=2.5e-07	G=2.5e-07	-=1e-05	A=0.999989	C=2.5e-07	
Position 7279:	T=2.5e-07	G=2.5e-07	-=1e-05	A=2.5e-07	C=0.999989	
Position 7280:	T=2.5e-07	G=2.5e-07	-=1e-05	A=2.5e-07	C=0.999989	
Position 7281:	T=2.5e-07	G=2.5e-07	-=1e-05	A=2.5e-07	C=0.999989	
Position 7282:	T=2.5e-07	G=2.5e-07	-=1e-05	A=0.999989	C=2.5e-07	
Position 7283:	T=2.5e-07	G=2.5e-07	-=1e-05	A=0.999989	C=2.5e-07	
Position 7284:	T=2.5e-07	G=2.5e-07	-=1e-05	A=2.5e-07	C=0.999989	
Position 7285:	T=2.5e-07	G=2.5e-07	-=1e-05	A=2.5e-07	C=0.999989	
Position 7286:	T=2.5e-07	G=2.5e-07	-=1e-05	A=0.999989	C=2.5e-07	
Position 7287:	T=2.5e-07	G=2.5e-07	-=1e-05	A=2.5e-07	C=0.999989	
Position 7288:	T=0.999989	G=2.5e-07	-=1e-05	A=2.5e-07	C=2.5e-07	
Position 7289:	T=0.999989	G=2.5e-07	-=1e-05	A=2.5e-07	C=2.5e-07	
Position 7290:	T=2.5e-07	G=0.999989	-=1e-05	A=2.5e-07	C=2.5e-07	
Position 7291:	T=2.5e-07	G=2.5e-07	-=1e-05	A=0.999989	C=2.5e-07	
Position 7292:	T=2.5e-07	G=2.5e-07	-=1e-05	A=2.5e-07	C=0.999989	
Position 7293:	T=2.5e-07	G=2.5e-07	-=1e-05	A=2.5e-07	C=0.999989	
Position 7294:	T=2.5e-07	G=2.5e-07	-=1e-05	A=2.5e-07	C=0.999989	
Position 7295:	T=2.5e-07	G=2.5e-07	-=1e-05	A=2.5e-07	C=0.999989	
Position 7296:	T=0.999989	G=2.5e-07	-=1e-05	A=2.5e-07	C=2.5e-07	
Position 7297:	T=2.5e-07	G=2.5e-07	-=1e-05	A=0.999989	C=2.5e-07	
Position 7298:	T=2.5e-07	G=2.5e-07	-=1e-05	A=0.999989	C=2.5e-07	
Position 7299:	T=2.5e-07	G=2.5e-07	-=1e-05	A=2.5e-07	C=0.999989	
Position 7300:	T=0.999989	G=2.5e-07	-=1e-05	A=2.5e-07	C=2.5e-07	
Position 7301:	T=2.5e-07	G=0.999989	-=1e-05	A=2.5e-07	C=2.5e-07	
Position 7302:	T=2.5e-07	G=0.999989	-=1e-05	A=2.5e-07	C=2.5e-07	
Position 7303:	T=2.5e-07	G=2.5e-07	-=1e-05	A=0.999989	C=2.5e-07	
Position 7304:	T=2.5e-07	G=2.5e-07	-=1e-05	A=2.5e-07	C=0.999989	
Position 7305:	T=2.5e-07	G=2.5e-07	-=1e-05	A=2.5e-07	C=0.999989	
Position 7306:	T=2.5e-07	G=2.5e-07	-=1e-05	A=2.5e-07	C=0.999989	
Position 7307:	T=0.999989	G=2.5e-07	-=1e-05	A=2.5e-07	C=2.5e-07	
Position 7308:	T=0.999989	G=2.5e-07	-=1e-05	A=2.5e-07	C=2.5e-07	
Position 7309:	T=2.5e-07	G=2.5e-07	-=1e-05	A=2.5e-07	C=0.999989	
Position 7310:	T=0.999989	G=2.5e-07	-=1e-05	A=2.5e-07	C=2.5e-07	
Position 7311:	T=2.5e-07	G=2.5e-07	-=1e-05	A=2.5e-07	C=0.999989	
Position 7312:	T=2.5e-07	G=2.5e-07	-=1e-05	A=0.999989	C=2.5e-07	
Position 7313:	T=2.5e-07	G=0.999989	-=1e-05	A=2.5e-07	C=2.5e-07	
Position 7314:	T=2.5e-07	G=2.5e-07	-=1e-05	A=2.5e-07	C=0.999989	
Position 7315:	T=7.90569e-07	G=7.90569e-07	-=1e-05	A=7.90569e-07	C=0.999987	
Position 7316:	T=2.5e-07	G=2.5e-07	-=1e-05	A=2.5e-07	C=0.999989	
Position 7317:	T=0.999989	G=2.5e-07	-=1e-05	A=2.5e-07	C=2.5e-07	
Position 7318:	T=0.999989	G=2.5e-07	-=1e-05	A=2.5e-07	C=2.5e-07	
Position 7319:	T=2.5e-07	G=2.5e-07	-=1e-05	A=2.5e-07	C=0.999989	
Position 7320:	T=0.999989	G=2.5e-07	-=1e-05	A=2.5e-07	C=2.5e-07	
Position 7321:	T=0.999989	G=2.5e-07	-=1e-05	A=2.5e-07	C=2.5e-07	
Position 7322:	T=2.5e-07	G=2.5e-07	-=1e-05	A=0.999989	C=2.5e-07	
Position 7323:	T=0.999989	G=2.5e-07	-=1e-05	A=2.5e-07	C=2.5e-07	
Position 7324:	T=2.5e-07	G=2.5e-07	-=1e-05	A=0.999989	C=2.5e-07	
Position 7325:	T=2.5e-07	G=2.5e-07	-=1e-05	A=0.999989	C=2.5e-07	
Position 7326:	T=2.5e-07	G=2.5e-07	-=1e-05	A=2.5e-07	C=0.999989	
Position 7327:	T=2.5e-07	G=2.5e-07	-=1e-05	A=0.999989	C=2.5e-07	
Position 7328:	T=0.999989	G=2.5e-07	-=1e-05	A=2.5e-07	C=2.5e-07	
Position 7329:	T=2.5e-07	G=2.5e-07	-=1e-05	A=2.5e-07	C=0.999989	
Position 7330:	T=0.999989	G=2.5e-07	-=1e-05	A=2.5e-07	C=2.5e-07	
Position 7331:	T=2.5e-07	G=0.999989	-=1e-05	A=2.5e-07	C=2.5e-07	
Position 7332:	T=2.5e-07	G=0.999989	-=1e-05	A=2.5e-07	C=2.5e-07	
Position 7333:	T=0.999989	G=2.5e-07	-=1e-05	A=2.5e-07	C=2.5e-07	
Position 7334:	T=2.5e-07	G=2.5e-07	-=1e-05	A=2.5e-07	C=0.999989	
Position 7335:	T=0.999989	G=2.5e-07	-=1e-05	A=2.5e-07	C=2.5e-07	
Position 7336:	T=2.5e-07	G=2.5e-07	-=1e-05	A=0.999989	C=2.5e-07	
Position 7337:	T=2.5e-07	G=2.5e-07	-=1e-05	A=0.999989	C=2.5e-07	
Position 7338:	T=2.5e-07	G=2.5e-07	-=1e-05	A=0.999989	C=2.5e-07	
Position 7339:	T=0.999989	G=2.5e-07	-=1e-05	A=2.5e-07	C=2.5e-07	
Position 7340:	T=2.5e-07	G=2.5e-07	-=1e-05	A=0.999989	C=2.5e-07	
Position 7341:	T=0.999989	G=2.5e-07	-=1e-05	A=2.5e-07	C=2.5e-07	
Position 7342:	T=2.5e-07	G=0.999989	-=1e-05	A=2.5e-07	C=2.5e-07	
Position 7343:	T=0.999989	G=2.5e-07	-=1e-05	A=2.5e-07	C=2.5e-07	
Position 7344:	T=2.5e-07	G=0.999989	-=1e-05	A=2.5e-07	C=2.5e-07	
Position 7345:	T=2.5e-07	G=2.5e-07	-=1e-05	A=0.999989	C=2.5e-07	
Position 7346:	T=0.999989	G=2.5e-07	-=1e-05	A=2.5e-07	C=2.5e-07	
Position 7347:	T=0.999989	G=2.5e-07	-=1e-05	A=2.5e-07	C=2.5e-07	
Position 7348:	T=0.999989	G=2.5e-07	-=1e-05	A=2.5e-07	C=2.5e-07	
Position 7349:	T=2.5e-07	G=2.5e-07	-=1e-05	A=2.5e-07	C=0.999989	
Position 7350:	T=2.5e-07	G=2.5e-07	-=1e-05	A=0.999989	C=2.5e-07	
Position 7351:	T=2.5e-07	G=2.5e-07	-=1e-05	A=2.5e-07	C=0.999989	
Position 7352:	T=0.999989	G=2.5e-07	-=1e-05	A=2.5e-07	C=2.5e-07	
Position 7353:	T=0.999989	G=2.5e-07	-=1e-05	A=2.5e-07	C=2.5e-07	
Position 7354:	T=0.999989	G=2.5e-07	-=1e-05	A=2.5e-07	C=2.5e-07	
Position 7355:	T=2.5e-07	G=2.5e-07	-=1e-05	A=0.999989	C=2.5e-07	
Position 7356:	T=2.5e-07	G=2.5e-07	-=1e-05	A=0.999989	C=2.5e-07	
Position 7357:	T=2.5e-07	G=2.5e-07	-=1e-05	A=2.5e-07	C=0.999989	
Position 7358:	T=0.999989	G=2.5e-07	-=1e-05	A=2.5e-07	C=2.5e-07	
Position 7359:	T=2.5e-07	G=2.5e-07	-=1e-05	A=2.5e-07	C=0.999989	
Position 7360:	T=0.999989	G=2.5e-07	-=1e-05	A=2.5e-07	C=2.5e-07	
Position 7361:	T=2.5e-07	G=2.5e-07	-=1e-05	A=0.999989	C=2.5e-07	
Position 7362:	T=2.5e-07	G=2.5e-07	-=1e-05	A=0.999989	C=2.5e-07	
Position 7363:	T=2.5e-07	G=2.5e-07	-=1e-05	A=0.999989	C=2.5e-07	
Position 7364:	T=2.5e-07	G=2.5e-07	-=1e-05	A=2.5e-07	C=0.999989	
Position 7365:	T=0.999989	G=2.5e-07	-=1e-05	A=2.5e-07	C=2.5e-07	
Position 7366:	T=2.5e-07	G=2.5e-07	-=1e-05	A=2.5e-07	C=0.999989	
Position 7367:	T=0.999989	G=2.5e-07	-=1e-05	A=2.5e-07	C=2.5e-07	
Position 7368:	T=2.5e-07	G=2.5e-07	-=1e-05	A=0.999989	C=2.5e-07	
Position 7369:	T=2.5e-07	G=2.5e-07	-=1e-05	A=0.999989	C=2.5e-07	
Position 7370:	T=0.999989	G=2.5e-07	-=1e-05	A=2.5e-07	C=2.5e-07	
Position 7371:	T=2.5e-07	G=2.5e-07	-=1e-05	A=0.999989	C=2.5e-07	
Position 7372:	T=2.5e-07	G=2.5e-07	-=1e-05	A=0.999989	C=2.5e-07	
Position 7373:	T=0.999989	G=2.5e-07	-=1e-05	A=2.5e-07	C=2.5e-07	
Position 7374:	T=0.999989	G=2.5e-07	-=1e-05	A=2.5e-07	C=2.5e-07	
Position 7375:	T=2.5e-07	G=0.999989	-=1e-05	A=2.5e-07	C=2.5e-07	
Position 7376:	T=2.5e-07	G=2.5e-07	-=1e-05	A=2.5e-07	C=0.999989	
Position 7377:	T=0.999989	G=2.5e-07	-=1e-05	A=2.5e-07	C=2.5e-07	
Position 7378:	T=2.5e-07	G=2.5e-07	-=1e-05	A=0.999989	C=2.5e-07	
Position 7379:	T=2.5e-07	G=0.999989	-=1e-05	A=2.5e-07	C=2.5e-07	
Position 7380:	T=2.5e-07	G=0.999989	-=1e-05	A=2.5e-07	C=2.5e-07	
Position 7381:	T=2.5e-07	G=2.5e-07	-=1e-05	A=2.5e-07	C=0.999989	
Position 7382:	T=2.5e-07	G=2.5e-07	-=1e-05	A=2.5e-07	C=0.999989	
Position 7383:	T=0.999989	G=2.5e-07	-=1e-05	A=2.5e-07	C=2.5e-07	
Position 7384:	T=0.999989	G=2.5e-07	-=1e-05	A=2.5e-07	C=2.5e-07	
Position 7385:	T=2.5e-07	G=2.5e-07	-=1e-05	A=0.999989	C=2.5e-07	
Position 7386:	T=2.5e-07	G=2.5e-07	-=1e-05	A=2.5e-07	C=0.999989	
Position 7387:	T=2.5e-07	G=2.5e-07	-=1e-05	A=0.999989	C=2.5e-07	
Position 7388:	T=2.5e-07	G=2.5e-07	-=1e-05	A=0.999989	C=2.5e-07	
Position 7389:	T=2.5e-07	G=2.5e-07	-=1e-05	A=2.5e-07	C=0.999989	
Position 7390:	T=2.5e-07	G=0.999989	-=1e-05	A=2.5e-07	C=2.5e-07	
Position 7391:	T=2.5e-07	G=0.999989	-=1e-05	A=2.5e-07	C=2.5e-07	
Position 7392:	T=0.999989	G=2.5e-07	-=1e-05	A=2.5e-07	C=2.5e-07	
Position 7393:	T=2.5e-07	G=0.999989	-=1e-05	A=2.5e-07	C=2.5e-07	
Position 7394:	T=2.5e-07	G=2.5e-07	-=1e-05	A=0.999989	C=2.5e-07	
Position 7395:	T=2.5e-07	G=2.5e-07	-=1e-05	A=2.5e-07	C=0.999989	
Position 7396:	T=2.5e-07	G=0.999989	-=1e-05	A=2.5e-07	C=2.5e-07	
Position 7397:	T=2.5e-07	G=0.999989	-=1e-05	A=2.5e-07	C=2.5e-07	
Position 7398:	T=2.5e-07	G=0.999989	-=1e-05	A=2.5e-07	C=2.5e-07	
Position 7399:	T=2.5e-07	G=2.5e-07	-=1e-05	A=0.999989	C=2.5e-07	
Position 7400:	T=0.999989	G=2.5e-07	-=1e-05	A=2.5e-07	C=2.5e-07	
Position 7401:	T=2.5e-07	G=2.5e-07	-=1e-05	A=2.5e-07	C=0.999989	
Position 7402:	T=0.999989	G=2.5e-07	-=1e-05	A=2.5e-07	C=2.5e-07	
Position 7403:	T=0.999989	G=2.5e-07	-=1e-05	A=2.5e-07	C=2.5e-07	
Position 7404:	T=2.5e-07	G=2.5e-07	-=1e-05	A=0.999989	C=2.5e-07	
Position 7405:	T=0.999989	G=2.5e-07	-=1e-05	A=2.5e-07	C=2.5e-07	
Position 7406:	T=0.999989	G=2.5e-07	-=1e-05	A=2.5e-07	C=2.5e-07	
Position 7407:	T=2.5e-07	G=2.5e-07	-=1e-05	A=2.5e-07	C=0.999989	
Position 7408:	T=2.5e-07	G=0.999989	-=1e-05	A=2.5e-07	C=2.5e-07	
Position 7409:	T=2.5e-07	G=2.5e-07	-=1e-05	A=0.999989	C=2.5e-07	
Position 7410:	T=2.5e-07	G=0.999989	-=1e-05	A=2.5e-07	C=2.5e-07	
Position 7411:	T=2.5e-07	G=2.5e-07	-=1e-05	A=0.999989	C=2.5e-07	
Position 7412:	T=2.5e-07	G=0.999989	-=1e-05	A=2.5e-07	C=2.5e-07	
Position 7413:	T=2.5e-07	G=2.5e-07	-=1e-05	A=0.999989	C=2.5e-07	
Position 7414:	T=2.5e-07	G=0.999989	-=1e-05	A=2.5e-07	C=2.5e-07	
Position 7415:	T=0.999989	G=2.5e-07	-=1e-05	A=2.5e-07	C=2.5e-07	
Position 7416:	T=2.5e-07	G=2.5e-07	-=1e-05	A=0.999989	C=2.5e-07	
Position 7417:	T=2.5e-07	G=2.5e-07	-=1e-05	A=2.5e-07	C=0.999989	
Position 7418:	T=2.5e-07	G=2.5e-07	-=1e-05	A=0.999989	C=2.5e-07	
Position 7419:	T=0.999989	G=2.5e-07	-=1e-05	A=2.5e-07	C=2.5e-07	
Position 7420:	T=0.999989	G=2.5e-07	-=1e-05	A=2.5e-07	C=2.5e-07	
Position 7421:	T=0.999989	G=2.5e-07	-=1e-05	A=2.5e-07	C=2.5e-07	
Position 7422:	T=2.5e-07	G=2.5e-07	-=1e-05	A=2.5e-07	C=0.999989	
Position 7423:	T=2.5e-07	G=2.5e-07	-=1e-05	A=0.999989	C=2.5e-07	
Position 7424:	T=2.5e-07	G=2.5e-07	-=1e-05	A=0.999989	C=2.5e-07	
Position 7425:	T=2.5e-07	G=0.999989	-=1e-05	A=2.5e-07	C=2.5e-07	
Position 7426:	T=2.5e-07	G=0.999989	-=1e-05	A=2.5e-07	C=2.5e-07	
Position 7427:	T=2.5e-07	G=2.5e-07	-=1e-05	A=0.999989	C=2.5e-07	
Position 7428:	T=2.5e-07	G=0.999989	-=1e-05	A=2.5e-07	C=2.5e-07	
Position 7429:	T=2.5e-07	G=2.5e-07	-=1e-05	A=0.999989	C=2.5e-07	
Position 7430:	T=0.999989	G=2.5e-07	-=1e-05	A=2.5e-07	C=2.5e-07	
Position 7431:	T=2.5e-07	G=2.5e-07	-=1e-05	A=2.5e-07	C=0.999989	
Position 7432:	T=0.999989	G=2.5e-07	-=1e-05	A=2.5e-07	C=2.5e-07	
Position 7433:	T=2.5e-07	G=2.5e-07	-=1e-05	A=2.5e-07	C=0.999989	
Position 7434:	T=2.5e-07	G=2.5e-07	-=1e-05	A=0.999989	C=2.5e-07	
Position 7435:	T=2.5e-07	G=2.5e-07	-=1e-05	A=2.5e-07	C=0.999989	
Position 7436:	T=2.5e-07	G=2.5e-07	-=1e-05	A=0.999989	C=2.5e-07	
Position 7437:	T=2.5e-07	G=2.5e-07	-=1e-05	A=2.5e-07	C=0.999989	
Position 7438:	T=2.5e-07	G=2.5e-07	-=1e-05	A=2.5e-07	C=0.999989	
Position 7439:	T=0.999989	G=2.5e-07	-=1e-05	A=2.5e-07	C=2.5e-07	
Position 7440:	T=2.5e-07	G=0.999989	-=1e-05	A=2.5e-07	C=2.5e-07	
Position 7441:	T=0.999958	G=7.90569e-06	-=1e-05	A=7.90569e-06	C=7.90569e-06	
Position 7442:	T=0.999989	G=2.5e-07	-=1e-05	A=2.5e-07	C=2.5e-07	
Position 7443:	T=2.5e-07	G=0.999989	-=1e-05	A=2.5e-07	C=2.5e-07	
Position 7444:	T=0.999989	G=2.5e-07	-=1e-05	A=2.5e-07	C=2.5e-07	
Position 7445:	T=2.5e-07	G=2.5e-07	-=1e-05	A=2.5e-07	C=0.999989	
Position 7446:	T=2.5e-07	G=2.5e-07	-=1e-05	A=2.5e-07	C=0.999989	
Position 7447:	T=2.5e-07	G=2.5e-07	-=1e-05	A=0.999989	C=2.5e-07	
Position 7448:	T=2.5e-07	G=2.5e-07	-=1e-05	A=0.999989	C=2.5e-07	
Position 7449:	T=2.5e-07	G=2.5e-07	-=1e-05	A=0.999989	C=2.5e-07	
Position 7450:	T=2.5e-07	G=2.5e-07	-=1e-05	A=0.999989	C=2.5e-07	
Position 7451:	T=2.5e-07	G=0.999989	-=1e-05	A=2.5e-07	C=2.5e-07	
Position 7452:	T=0.999989	G=2.5e-07	-=1e-05	A=2.5e-07	C=2.5e-07	
Position 7453:	T=2.5e-07	G=0.999989	-=1e-05	A=2.5e-07	C=2.5e-07	
Position 7454:	T=2.5e-07	G=2.5e-07	-=1e-05	A=0.999989	C=2.5e-07	
Position 7455:	T=2.5e-07	G=2.5e-07	-=1e-05	A=2.5e-07	C=0.999989	
Position 7456:	T=0.999989	G=2.5e-07	-=1e-05	A=2.5e-07	C=2.5e-07	
Position 7457:	T=2.5e-07	G=0.999989	-=1e-05	A=2.5e-07	C=2.5e-07	
Position 7458:	T=2.5e-07	G=2.5e-07	-=1e-05	A=2.5e-07	C=0.999989	
Position 7459:	T=2.5e-07	G=0.999989	-=1e-05	A=2.5e-07	C=2.5e-07	
Position 7460:	T=2.5e-07	G=0.999989	-=1e-05	A=2.5e-07	C=2.5e-07	
Position 7461:	T=0.999989	G=2.5e-07	-=1e-05	A=2.5e-07	C=2.5e-07	
Position 7462:	T=2.5e-07	G=2.5e-07	-=1e-05	A=0.999989	C=2.5e-07	
Position 7463:	T=2.5e-07	G=2.5e-07	-=1e-05	A=2.5e-07	C=0.999989	
Position 7464:	T=3.14731e-07	G=0.999989	-=1e-05	A=3.14731e-07	C=3.14731e-07	
Position 7465:	T=2.5e-07	G=0.999989	-=1e-05	A=2.5e-07	C=2.5e-07	
Position 7466:	T=2.5e-07	G=2.5e-07	-=1e-05	A=0.999989	C=2.5e-07	
Position 7467:	T=2.5e-07	G=2.5e-07	-=1e-05	A=0.999989	C=2.5e-07	
Position 7468:	T=0.999989	G=2.5e-07	-=1e-05	A=2.5e-07	C=2.5e-07	
Position 7469:	T=2.5e-07	G=2.5e-07	-=1e-05	A=0.999989	C=2.5e-07	
Position 7470:	T=2.5e-07	G=0.999989	-=1e-05	A=2.5e-07	C=2.5e-07	
Position 7471:	T=2.5e-07	G=0.999989	-=1e-05	A=2.5e-07	C=2.5e-07	
Position 7472:	T=2.5e-07	G=2.5e-07	-=1e-05	A=2.5e-07	C=0.999989	
Position 7473:	T=2.5e-07	G=2.5e-07	-=1e-05	A=2.5e-07	C=0.999989	
Position 7474:	T=2.5e-07	G=0.999989	-=1e-05	A=2.5e-07	C=2.5e-07	
Position 7475:	T=2.5e-07	G=2.5e-07	-=1e-05	A=0.999989	C=2.5e-07	
Position 7476:	T=2.5e-07	G=2.5e-07	-=1e-05	A=0.999989	C=2.5e-07	
Position 7477:	T=0.2	G=0.2	C=0.2	-=0.2	A=0.2	
Position 7478:	T=2.5e-07	G=2.5e-07	-=1e-05	A=0.999989	C=2.5e-07	
Position 7479:	T=0.999989	G=2.5e-07	-=1e-05	A=2.5e-07	C=2.5e-07	
Position 7480:	T=2.5e-07	G=2.5e-07	-=1e-05	A=2.5e-07	C=0.999989	
Position 7481:	T=2.5e-07	G=2.5e-07	-=1e-05	A=0.999989	C=2.5e-07	
Position 7482:	T=2.5e-07	G=0.999989	-=1e-05	A=2.5e-07	C=2.5e-07	
Position 7483:	T=2.5e-07	G=2.5e-07	-=1e-05	A=0.999989	C=2.5e-07	
Position 7484:	T=0.999989	G=2.5e-07	-=1e-05	A=2.5e-07	C=2.5e-07	
Position 7485:	T=2.5e-07	G=0.999989	-=1e-05	A=2.5e-07	C=2.5e-07	
Position 7486:	T=0.999989	G=2.5e-07	-=1e-05	A=2.5e-07	C=2.5e-07	
Position 7487:	T=2.5e-07	G=2.5e-07	-=1e-05	A=0.999989	C=2.5e-07	
Position 7488:	T=0.999989	G=2.5e-07	-=1e-05	A=2.5e-07	C=2.5e-07	
Position 7489:	T=0.999989	G=2.5e-07	-=1e-05	A=2.5e-07	C=2.5e-07	
Position 7490:	T=2.5e-07	G=2.5e-07	-=1e-05	A=2.5e-07	C=0.999989	
Position 7491:	T=0.999989	G=2.5e-07	-=1e-05	A=2.5e-07	C=2.5e-07	
Position 7492:	T=0.999989	G=2.5e-07	-=1e-05	A=2.5e-07	C=2.5e-07	
Position 7493:	T=2.5e-07	G=2.5e-07	-=1e-05	A=2.5e-07	C=0.999989	
Position 7494:	T=0.999989	G=2.5e-07	-=1e-05	A=2.5e-07	C=2.5e-07	
Position 7495:	T=0.999989	G=2.5e-07	-=1e-05	A=2.5e-07	C=2.5e-07	
Position 7496:	T=0.999989	G=2.5e-07	-=1e-05	A=2.5e-07	C=2.5e-07	
Position 7497:	T=2.5e-07	G=0.999989	-=1e-05	A=2.5e-07	C=2.5e-07	
Position 7498:	T=2.5e-07	G=0.999989	-=1e-05	A=2.5e-07	C=2.5e-07	
Position 7499:	T=2.5e-07	G=2.5e-07	-=1e-05	A=2.5e-07	C=0.999989	
Position 7500:	T=2.5e-07	G=0.999989	-=1e-05	A=2.5e-07	C=2.5e-07	
Position 7501:	T=2.5e-07	G=0.999989	-=1e-05	A=2.5e-07	C=2.5e-07	
Position 7502:	T=0.999989	G=2.5e-07	-=1e-05	A=2.5e-07	C=2.5e-07	
Position 7503:	T=0.999989	G=2.5e-07	-=1e-05	A=2.5e-07	C=2.5e-07	
Position 7504:	T=0.999989	G=2.5e-07	-=1e-05	A=2.5e-07	C=2.5e-07	
Position 7505:	T=2.5e-07	G=2.5e-07	-=1e-05	A=2.5e-07	C=0.999989	
Position 7506:	T=0.999989	G=2.5e-07	-=1e-05	A=2.5e-07	C=2.5e-07	
Position 7507:	T=0.999989	G=2.5e-07	-=1e-05	A=2.5e-07	C=2.5e-07	
Position 7508:	T=2.5e-07	G=2.5e-07	-=1e-05	A=2.5e-07	C=0.999989	
Position 7509:	T=0.999989	G=2.5e-07	-=1e-05	A=2.5e-07	C=2.5e-07	
Position 7510:	T=2.5e-07	G=0.999989	-=1e-05	A=2.5e-07	C=2.5e-07	
Position 7511:	T=2.5e-07	G=2.5e-07	-=1e-05	A=0.999989	C=2.5e-07	
Position 7512:	T=2.5e-07	G=0.999989	-=1e-05	A=2.5e-07	C=2.5e-07	
Position 7513:	T=2.5e-07	G=2.5e-07	-=1e-05	A=2.5e-07	C=0.999989	
Position 7514:	T=0.999989	G=2.5e-07	-=1e-05	A=2.5e-07	C=2.5e-07	
Position 7515:	T=0.999989	G=2.5e-07	-=1e-05	A=2.5e-07	C=2.5e-07	
Position 7516:	T=2.5e-07	G=0.999989	-=1e-05	A=2.5e-07	C=2.5e-07	
Position 7517:	T=0.999989	G=2.5e-07	-=1e-05	A=2.5e-07	C=2.5e-07	
Position 7518:	T=0.999989	G=2.5e-07	-=1e-05	A=2.5e-07	C=2.5e-07	
Position 7519:	T=2.5e-07	G=2.5e-07	-=1e-05	A=0.999989	C=2.5e-07	
Position 7520:	T=0.999989	G=2.5e-07	-=1e-05	A=2.5e-07	C=2.5e-07	
Position 7521:	T=2.5e-07	G=2.5e-07	-=1e-05	A=2.5e-07	C=0.999989	
Position 7522:	T=2.5e-07	G=2.5e-07	-=1e-05	A=0.999989	C=2.5e-07	
Position 7523:	T=2.5e-07	G=0.999989	-=1e-05	A=2.5e-07	C=2.5e-07	
Position 7524:	T=0.999989	G=2.5e-07	-=1e-05	A=2.5e-07	C=2.5e-07	
Position 7525:	T=2.5e-07	G=2.5e-07	-=1e-05	A=2.5e-07	C=0.999989	
Position 7526:	T=2.5e-07	G=2.5e-07	-=1e-05	A=0.999989	C=2.5e-07	
Position 7527:	T=2.5e-07	G=2.5e-07	-=1e-05	A=0.999989	C=2.5e-07	
Position 7528:	T=2.5e-07	G=0.999989	-=1e-05	A=2.5e-07	C=2.5e-07	
Position 7529:	T=2.5e-07	G=2.5e-07	-=1e-05	A=2.5e-07	C=0.999989	
Position 7530:	T=2.5e-07	G=2.5e-07	-=1e-05	A=2.5e-07	C=0.999989	
Position 7531:	T=2.5e-07	G=0.999989	-=1e-05	A=2.5e-07	C=2.5e-07	
Position 7532:	T=2.5e-07	G=2.5e-07	-=1e-05	A=0.999989	C=2.5e-07	
Position 7533:	T=2.5e-07	G=0.999989	-=1e-05	A=2.5e-07	C=2.5e-07	
Position 7534:	T=2.5e-07	G=2.5e-07	-=1e-05	A=2.5e-07	C=0.999989	
Position 7535:	T=2.5e-07	G=2.5e-07	-=1e-05	A=0.999989	C=2.5e-07	
Position 7536:	T=2.5e-07	G=2.5e-07	-=1e-05	A=2.5e-07	C=0.999989	
Position 7537:	T=2.5e-07	G=2.5e-07	-=1e-05	A=2.5e-07	C=0.999989	
Position 7538:	T=2.5e-07	G=2.5e-07	-=1e-05	A=0.999989	C=2.5e-07	
Position 7539:	T=0.999989	G=2.5e-07	-=1e-05	A=2.5e-07	C=2.5e-07	
Position 7540:	T=0.999989	G=2.5e-07	-=1e-05	A=2.5e-07	C=2.5e-07	
Position 7541:	T=0.999989	G=2.5e-07	-=1e-05	A=2.5e-07	C=2.5e-07	
Position 7542:	T=2.5e-07	G=2.5e-07	-=1e-05	A=2.5e-07	C=0.999989	
Position 7543:	T=0.999989	G=2.5e-07	-=1e-05	A=2.5e-07	C=2.5e-07	
Position 7544:	T=2.5e-07	G=2.5e-07	-=1e-05	A=2.5e-07	C=0.999989	
Position 7545:	T=2.5e-07	G=2.5e-07	-=1e-05	A=0.999989	C=2.5e-07	
Position 7546:	T=2.5e-07	G=2.5e-07	-=1e-05	A=0.999989	C=2.5e-07	
Position 7547:	T=2.5e-07	G=2.5e-07	-=1e-05	A=2.5e-07	C=0.999989	
Position 7548:	T=2.5e-07	G=2.5e-07	-=1e-05	A=0.999989	C=2.5e-07	
Position 7549:	T=2.5e-07	G=2.5e-07	-=1e-05	A=2.5e-07	C=0.999989	
Position 7550:	T=0.999989	G=2.5e-07	-=1e-05	A=2.5e-07	C=2.5e-07	
Position 7551:	T=0.999989	G=2.5e-07	-=1e-05	A=2.5e-07	C=2.5e-07	
Position 7552:	T=2.5e-07	G=2.5e-07	-=1e-05	A=2.5e-07	C=0.999989	
Position 7553:	T=0.999989	G=2.5e-07	-=1e-05	A=2.5e-07	C=2.5e-07	
Position 7554:	T=2.5e-07	G=0.999989	-=1e-05	A=2.5e-07	C=2.5e-07	
Position 7555:	T=0.999989	G=2.5e-07	-=1e-05	A=2.5e-07	C=2.5e-07	
Position 7556:	T=2.5e-07	G=2.5e-07	-=1e-05	A=0.999989	C=2.5e-07	
Position 7557:	T=2.5e-07	G=2.5e-07	-=1e-05	A=2.5e-07	C=0.999989	
Position 7558:	T=2.5e-07	G=0.999989	-=1e-05	A=2.5e-07	C=2.5e-07	
Position 7559:	T=0.999989	G=2.5e-07	-=1e-05	A=2.5e-07	C=2.5e-07	
Position 7560:	T=2.5e-07	G=2.5e-07	-=1e-05	A=2.5e-07	C=0.999989	
Position 7561:	T=2.5e-07	G=0.999989	-=1e-05	A=2.5e-07	C=2.5e-07	
Position 7562:	T=0.999989	G=2.5e-07	-=1e-05	A=2.5e-07	C=2.5e-07	
Position 7563:	T=2.5e-07	G=0.999989	-=1e-05	A=2.5e-07	C=2.5e-07	
Position 7564:	T=2.5e-07	G=2.5e-07	-=1e-05	A=2.5e-07	C=0.999989	
Position 7565:	T=3.14731e-06	G=3.14731e-06	-=1e-05	A=0.999977	C=3.14731e-06	
Position 7566:	T=0.999989	G=2.5e-07	-=1e-05	A=2.5e-07	C=2.5e-07	
Position 7567:	T=0.999989	G=2.5e-07	-=1e-05	A=2.5e-07	C=2.5e-07	
Position 7568:	T=2.5e-07	G=2.5e-07	-=1e-05	A=2.5e-07	C=0.999989	
Position 7569:	T=2.5e-07	G=0.999989	-=1e-05	A=2.5e-07	C=2.5e-07	
Position 7570:	T=2.5e-07	G=0.999989	-=1e-05	A=2.5e-07	C=2.5e-07	
Position 7571:	T=2.5e-07	G=2.5e-07	-=1e-05	A=0.999989	C=2.5e-07	
Position 7572:	T=2.5e-07	G=0.999989	-=1e-05	A=2.5e-07	C=2.5e-07	
Position 7573:	T=0.999989	G=2.5e-07	-=1e-05	A=2.5e-07	C=2.5e-07	
Position 7574:	T=2.5e-07	G=0.999989	-=1e-05	A=2.5e-07	C=2.5e-07	
Position 7575:	T=0.999989	G=2.5e-07	-=1e-05	A=2.5e-07	C=2.5e-07	
Position 7576:	T=0.2	G=0.2	C=0.2	-=0.2	A=0.2	
Position 7577:	T=0.999989	G=2.5e-07	-=1e-05	A=2.5e-07	C=2.5e-07	
Position 7578:	T=0.999989	G=2.5e-07	-=1e-05	A=2.5e-07	C=2.5e-07	
Position 7579:	T=0.999989	G=2.5e-07	-=1e-05	A=2.5e-07	C=2.5e-07	
Position 7580:	T=2.5e-07	G=2.5e-07	-=1e-05	A=0.999989	C=2.5e-07	
Position 7581:	T=0.999989	G=2.5e-07	-=1e-05	A=2.5e-07	C=2.5e-07	
Position 7582:	T=2.5e-07	G=2.5e-07	-=1e-05	A=0.999989	C=2.5e-07	
Position 7583:	T=2.5e-07	G=2.5e-07	-=1e-05	A=2.5e-07	C=0.999989	
Position 7584:	T=2.5e-07	G=2.5e-07	-=1e-05	A=0.999989	C=2.5e-07	
Position 7585:	T=2.5e-07	G=2.5e-07	-=1e-05	A=0.999989	C=2.5e-07	
Position 7586:	T=2.5e-07	G=0.999989	-=1e-05	A=2.5e-07	C=2.5e-07	
Position 7587:	T=2.5e-07	G=2.5e-07	-=1e-05	A=2.5e-07	C=0.999989	
Position 7588:	T=2.5e-07	G=2.5e-07	-=1e-05	A=2.5e-07	C=0.999989	
Position 7589:	T=0.999989	G=2.5e-07	-=1e-05	A=2.5e-07	C=2.5e-07	
Position 7590:	T=2.5e-07	G=2.5e-07	-=1e-05	A=2.5e-07	C=0.999989	
Position 7591:	T=2.5e-07	G=2.5e-07	-=1e-05	A=0.999989	C=2.5e-07	
Position 7592:	T=2.5e-07	G=0.999989	-=1e-05	A=2.5e-07	C=2.5e-07	
Position 7593:	T=2.5e-07	G=2.5e-07	-=1e-05	A=0.999989	C=2.5e-07	
Position 7594:	T=2.5e-07	G=0.999989	-=1e-05	A=2.5e-07	C=2.5e-07	
Position 7595:	T=0.999989	G=2.5e-07	-=1e-05	A=2.5e-07	C=2.5e-07	
Position 7596:	T=2.5e-07	G=2.5e-07	-=1e-05	A=2.5e-07	C=0.999989	
Position 7597:	T=2.5e-07	G=2.5e-07	-=1e-05	A=2.5e-07	C=0.999989	
Position 7598:	T=0.999989	G=2.5e-07	-=1e-05	A=2.5e-07	C=2.5e-07	
Position 7599:	T=2.5e-07	G=2.5e-07	-=1e-05	A=0.999989	C=2.5e-07	
Position 7600:	T=0.999989	G=2.5e-07	-=1e-05	A=2.5e-07	C=2.5e-07	
Position 7601:	T=2.5e-07	G=0.999989	-=1e-05	A=2.5e-07	C=2.5e-07	
Position 7602:	T=2.5e-07	G=2.5e-07	-=1e-05	A=0.999989	C=2.5e-07	
Position 7603:	T=2.5e-07	G=0.999989	-=1e-05	A=2.5e-07	C=2.5e-07	
Position 7604:	T=2.5e-07	G=0.999989	-=1e-05	A=2.5e-07	C=2.5e-07	
Position 7605:	T=2.5e-07	G=2.5e-07	-=1e-05	A=2.5e-07	C=0.999989	
Position 7606:	T=2.5e-07	G=2.5e-07	-=1e-05	A=2.5e-07	C=0.999989	
Position 7607:	T=2.5e-07	G=2.5e-07	-=1e-05	A=2.5e-07	C=0.999989	
Position 7608:	T=2.5e-07	G=0.999989	-=1e-05	A=2.5e-07	C=2.5e-07	
Position 7609:	T=0.999989	G=2.5e-07	-=1e-05	A=2.5e-07	C=2.5e-07	
Position 7610:	T=2.5e-07	G=2.5e-07	-=1e-05	A=2.5e-07	C=0.999989	
Position 7611:	T=0.999989	G=2.5e-07	-=1e-05	A=2.5e-07	C=2.5e-07	
Position 7612:	T=7.90569e-07	G=7.90569e-07	-=1e-05	A=0.999987	C=7.90569e-07	
Position 7613:	T=2.5e-07	G=2.5e-07	-=1e-05	A=2.5e-07	C=0.999989	
Position 7614:	T=2.5e-07	G=0.999989	-=1e-05	A=2.5e-07	C=2.5e-07	
Position 7615:	T=2.5e-07	G=0.999989	-=1e-05	A=2.5e-07	C=2.5e-07	
Position 7616:	T=2.5e-07	G=2.5e-07	-=1e-05	A=2.5e-07	C=0.999989	
Position 7617:	T=0.999989	G=2.5e-07	-=1e-05	A=2.5e-07	C=2.5e-07	
Position 7618:	T=2.5e-07	G=2.5e-07	-=1e-05	A=2.5e-07	C=0.999989	
Position 7619:	T=2.5e-07	G=2.5e-07	-=1e-05	A=0.999989	C=2.5e-07	
Position 7620:	T=2.5e-07	G=2.5e-07	-=1e-05	A=2.5e-07	C=0.999989	
Position 7621:	T=2.5e-07	G=2.5e-07	-=1e-05	A=2.5e-07	C=0.999989	
Position 7622:	T=0.999989	G=2.5e-07	-=1e-05	A=2.5e-07	C=2.5e-07	
Position 7623:	T=0.999989	G=2.5e-07	-=1e-05	A=2.5e-07	C=2.5e-07	
Position 7624:	T=0.999989	G=2.5e-07	-=1e-05	A=2.5e-07	C=2.5e-07	
Position 7625:	T=2.5e-07	G=0.999989	-=1e-05	A=2.5e-07	C=2.5e-07	
Position 7626:	T=0.999989	G=2.5e-07	-=1e-05	A=2.5e-07	C=2.5e-07	
Position 7627:	T=2.5e-07	G=2.5e-07	-=1e-05	A=2.5e-07	C=0.999989	
Position 7628:	T=2.5e-07	G=2.5e-07	-=1e-05	A=2.5e-07	C=0.999989	
Position 7629:	T=2.5e-07	G=2.5e-07	-=1e-05	A=0.999989	C=2.5e-07	
Position 7630:	T=2.5e-07	G=0.999989	-=1e-05	A=2.5e-07	C=2.5e-07	
Position 7631:	T=2.5e-07	G=2.5e-07	-=1e-05	A=0.999989	C=2.5e-07	
Position 7632:	T=2.5e-07	G=0.999989	-=1e-05	A=2.5e-07	C=2.5e-07	
Position 7633:	T=2.5e-07	G=2.5e-07	-=1e-05	A=2.5e-07	C=0.999989	
Position 7634:	T=2.5e-07	G=0.999989	-=1e-05	A=2.5e-07	C=2.5e-07	
Position 7635:	T=2.5e-07	G=2.5e-07	-=1e-05	A=0.999989	C=2.5e-07	
Position 7636:	T=2.5e-07	G=2.5e-07	-=1e-05	A=2.5e-07	C=0.999989	
Position 7637:	T=0.999989	G=2.5e-07	-=1e-05	A=2.5e-07	C=2.5e-07	
Position 7638:	T=2.5e-07	G=0.999989	-=1e-05	A=2.5e-07	C=2.5e-07	
Position 7639:	T=3.14731e-07	G=0.999989	-=1e-05	A=3.14731e-07	C=3.14731e-07	
Position 7640:	T=2.5e-07	G=2.5e-07	-=1e-05	A=0.999989	C=2.5e-07	
Position 7641:	T=0.999989	G=2.5e-07	-=1e-05	A=2.5e-07	C=2.5e-07	
Position 7642:	T=0.999989	G=2.5e-07	-=1e-05	A=2.5e-07	C=2.5e-07	
Position 7643:	T=0.999989	G=2.5e-07	-=1e-05	A=2.5e-07	C=2.5e-07	
Position 7644:	T=2.5e-07	G=2.5e-07	-=1e-05	A=2.5e-07	C=0.999989	
Position 7645:	T=0.2	G=0.2	C=0.2	-=0.2	A=0.2	
Position 7646:	T=2.5e-07	G=0.999989	-=1e-05	A=2.5e-07	C=2.5e-07	
Position 7647:	T=2.5e-07	G=2.5e-07	-=1e-05	A=2.5e-07	C=0.999989	
Position 7648:	T=2.5e-07	G=2.5e-07	-=1e-05	A=0.999989	C=2.5e-07	
Position 7649:	T=2.5e-07	G=0.999989	-=1e-05	A=2.5e-07	C=2.5e-07	
Position 7650:	T=2.5e-07	G=2.5e-07	-=1e-05	A=2.5e-07	C=0.999989	
Position 7651:	T=2.5e-07	G=2.5e-07	-=1e-05	A=0.999989	C=2.5e-07	
Position 7652:	T=0.999989	G=2.5e-07	-=1e-05	A=2.5e-07	C=2.5e-07	
Position 7653:	T=2.5e-07	G=0.999989	-=1e-05	A=2.5e-07	C=2.5e-07	
Position 7654:	T=0.999989	G=2.5e-07	-=1e-05	A=2.5e-07	C=2.5e-07	
Position 7655:	T=0.999989	G=2.5e-07	-=1e-05	A=2.5e-07	C=2.5e-07	
Position 7656:	T=2.5e-07	G=2.5e-07	-=1e-05	A=0.999989	C=2.5e-07	
Position 7657:	T=0.999989	G=2.5e-07	-=1e-05	A=2.5e-07	C=2.5e-07	
Position 7658:	T=0.999989	G=2.5e-07	-=1e-05	A=2.5e-07	C=2.5e-07	
Position 7659:	T=2.5e-07	G=0.999989	-=1e-05	A=2.5e-07	C=2.5e-07	
Position 7660:	T=2.5e-07	G=2.5e-07	-=1e-05	A=0.999989	C=2.5e-07	
Position 7661:	T=2.5e-07	G=2.5e-07	-=1e-05	A=2.5e-07	C=0.999989	
Position 7662:	T=3.14731e-07	G=3.14731e-07	-=1e-05	A=0.999989	C=3.14731e-07	
Position 7663:	T=0.999989	G=2.5e-07	-=1e-05	A=2.5e-07	C=2.5e-07	
Position 7664:	T=0.999989	G=2.5e-07	-=1e-05	A=2.5e-07	C=2.5e-07	
Position 7665:	T=0.999989	G=2.5e-07	-=1e-05	A=2.5e-07	C=2.5e-07	
Position 7666:	T=2.5e-07	G=0.999989	-=1e-05	A=2.5e-07	C=2.5e-07	
Position 7667:	T=2.5e-07	G=0.999989	-=1e-05	A=2.5e-07	C=2.5e-07	
Position 7668:	T=0.999989	G=2.5e-07	-=1e-05	A=2.5e-07	C=2.5e-07	
Position 7669:	T=2.5e-07	G=2.5e-07	-=1e-05	A=0.999989	C=2.5e-07	
Position 7670:	T=2.5e-07	G=0.999989	-=1e-05	A=2.5e-07	C=2.5e-07	
Position 7671:	T=2.5e-07	G=2.5e-07	-=1e-05	A=0.999989	C=2.5e-07	
Position 7672:	T=2.5e-07	G=2.5e-07	-=1e-05	A=0.999989	C=2.5e-07	
Position 7673:	T=2.5e-07	G=0.999989	-=1e-05	A=2.5e-07	C=2.5e-07	
Position 7674:	T=0.999989	G=2.5e-07	-=1e-05	A=2.5e-07	C=2.5e-07	
Position 7675:	T=0.999989	G=2.5e-07	-=1e-05	A=2.5e-07	C=2.5e-07	
Position 7676:	T=2.5e-07	G=0.999989	-=1e-05	A=2.5e-07	C=2.5e-07	
Position 7677:	T=0.999989	G=2.5e-07	-=1e-05	A=2.5e-07	C=2.5e-07	
Position 7678:	T=2.5e-07	G=2.5e-07	-=1e-05	A=0.999989	C=2.5e-07	
Position 7679:	T=0.999989	G=2.5e-07	-=1e-05	A=2.5e-07	C=2.5e-07	
Position 7680:	T=2.5e-07	G=0.999989	-=1e-05	A=2.5e-07	C=2.5e-07	
Position 7681:	T=1.57739e-06	G=1.57739e-06	-=1e-05	A=0.999984	C=1.57739e-06	
Position 7682:	T=2.5e-07	G=2.5e-07	-=1e-05	A=2.5e-07	C=0.999989	
Position 7683:	T=0.999989	G=2.5e-07	-=1e-05	A=2.5e-07	C=2.5e-07	
Position 7684:	T=2.5e-07	G=2.5e-07	-=1e-05	A=0.999989	C=2.5e-07	
Position 7685:	T=0.999989	G=2.5e-07	-=1e-05	A=2.5e-07	C=2.5e-07	
Position 7686:	T=0.999989	G=2.5e-07	-=1e-05	A=2.5e-07	C=2.5e-07	
Position 7687:	T=2.5e-07	G=2.5e-07	-=1e-05	A=2.5e-07	C=0.999989	
Position 7688:	T=2.5e-07	G=2.5e-07	-=1e-05	A=2.5e-07	C=0.999989	
Position 7689:	T=0.999989	G=2.5e-07	-=1e-05	A=2.5e-07	C=2.5e-07	
Position 7690:	T=2.5e-07	G=2.5e-07	-=1e-05	A=2.5e-07	C=0.999989	
Position 7691:	T=0.999989	G=2.5e-07	-=1e-05	A=2.5e-07	C=2.5e-07	
Position 7692:	T=2.5e-07	G=2.5e-07	-=1e-05	A=0.999989	C=2.5e-07	
Position 7693:	T=0.999989	G=2.5e-07	-=1e-05	A=2.5e-07	C=2.5e-07	
Position 7694:	T=2.5e-07	G=0.999989	-=1e-05	A=2.5e-07	C=2.5e-07	
Position 7695:	T=0.999989	G=2.5e-07	-=1e-05	A=2.5e-07	C=2.5e-07	
Position 7696:	T=0.999989	G=2.5e-07	-=1e-05	A=2.5e-07	C=2.5e-07	
Position 7697:	T=0.999989	G=2.5e-07	-=1e-05	A=2.5e-07	C=2.5e-07	
Position 7698:	T=2.5e-07	G=2.5e-07	-=1e-05	A=2.5e-07	C=0.999989	
Position 7699:	T=2.5e-07	G=2.5e-07	-=1e-05	A=2.5e-07	C=0.999989	
Position 7700:	T=2.5e-07	G=2.5e-07	-=1e-05	A=0.999989	C=2.5e-07	
Position 7701:	T=0.999989	G=2.5e-07	-=1e-05	A=2.5e-07	C=2.5e-07	
Position 7702:	T=2.5e-07	G=2.5e-07	-=1e-05	A=2.5e-07	C=0.999989	
Position 7703:	T=0.999989	G=2.5e-07	-=1e-05	A=2.5e-07	C=2.5e-07	
Position 7704:	T=2.5e-07	G=2.5e-07	-=1e-05	A=0.999989	C=2.5e-07	
Position 7705:	T=0.999989	G=2.5e-07	-=1e-05	A=2.5e-07	C=2.5e-07	
Position 7706:	T=0.999989	G=2.5e-07	-=1e-05	A=2.5e-07	C=2.5e-07	
Position 7707:	T=2.5e-07	G=0.999989	-=1e-05	A=2.5e-07	C=2.5e-07	
Position 7708:	T=2.5e-07	G=2.5e-07	-=1e-05	A=0.999989	C=2.5e-07	
Position 7709:	T=0.999989	G=2.5e-07	-=1e-05	A=2.5e-07	C=2.5e-07	
Position 7710:	T=2.5e-07	G=0.999989	-=1e-05	A=2.5e-07	C=2.5e-07	
Position 7711:	T=2.5e-07	G=2.5e-07	-=1e-05	A=0.999989	C=2.5e-07	
Position 7712:	T=2.5e-07	G=2.5e-07	-=1e-05	A=2.5e-07	C=0.999989	
Position 7713:	T=2.5e-07	G=0.999989	-=1e-05	A=2.5e-07	C=2.5e-07	
Position 7714:	T=2.5e-07	G=0.999989	-=1e-05	A=2.5e-07	C=2.5e-07	
Position 7715:	T=0.999989	G=2.5e-07	-=1e-05	A=2.5e-07	C=2.5e-07	
Position 7716:	T=2.5e-07	G=2.5e-07	-=1e-05	A=2.5e-07	C=0.999989	
Position 7717:	T=2.5e-07	G=2.5e-07	-=1e-05	A=2.5e-07	C=0.999989	
Position 7718:	T=0.999989	G=2.5e-07	-=1e-05	A=2.5e-07	C=2.5e-07	
Position 7719:	T=2.5e-07	G=0.999989	-=1e-05	A=2.5e-07	C=2.5e-07	
Position 7720:	T=0.999989	G=2.5e-07	-=1e-05	A=2.5e-07	C=2.5e-07	
Position 7721:	T=0.999989	G=2.5e-07	-=1e-05	A=2.5e-07	C=2.5e-07	
Position 7722:	T=0.999987	G=7.90569e-07	-=1e-05	A=7.90569e-07	C=7.90569e-07	
Position 7723:	T=2.5e-07	G=2.5e-07	-=1e-05	A=2.5e-07	C=0.999989	
Position 7724:	T=0.999989	G=2.5e-07	-=1e-05	A=2.5e-07	C=2.5e-07	
Position 7725:	T=0.999989	G=2.5e-07	-=1e-05	A=2.5e-07	C=2.5e-07	
Position 7726:	T=0.999989	G=2.5e-07	-=1e-05	A=2.5e-07	C=2.5e-07	
Position 7727:	T=2.5e-07	G=2.5e-07	-=1e-05	A=0.999989	C=2.5e-07	
Position 7728:	T=0.2	G=0.2	C=0.2	-=0.2	A=0.2	
Position 7729:	T=0.999989	G=2.5e-07	-=1e-05	A=2.5e-07	C=2.5e-07	
Position 7730:	T=2.5e-07	G=2.5e-07	-=1e-05	A=2.5e-07	C=0.999989	
Position 7731:	T=0.999989	G=2.5e-07	-=1e-05	A=2.5e-07	C=2.5e-07	
Position 7732:	T=0.999989	G=2.5e-07	-=1e-05	A=2.5e-07	C=2.5e-07	
Position 7733:	T=2.5e-07	G=0.999989	-=1e-05	A=2.5e-07	C=2.5e-07	
Position 7734:	T=2.5e-07	G=2.5e-07	-=1e-05	A=0.999989	C=2.5e-07	
Position 7735:	T=0.999989	G=2.5e-07	-=1e-05	A=2.5e-07	C=2.5e-07	
Position 7736:	T=2.5e-07	G=2.5e-07	-=1e-05	A=2.5e-07	C=0.999989	
Position 7737:	T=3.14731e-07	G=3.14731e-07	-=1e-05	A=0.999989	C=3.14731e-07	
Position 7738:	T=2.5e-07	G=0.999989	-=1e-05	A=2.5e-07	C=2.5e-07	
Position 7739:	T=0.999989	G=2.5e-07	-=1e-05	A=2.5e-07	C=2.5e-07	
Position 7740:	T=2.5e-07	G=2.5e-07	-=1e-05	A=0.999989	C=2.5e-07	
Position 7741:	T=2.5e-07	G=2.5e-07	-=1e-05	A=2.5e-07	C=0.999989	
Position 7742:	T=2.5e-07	G=2.5e-07	-=1e-05	A=0.999989	C=2.5e-07	
Position 7743:	T=2.5e-07	G=2.5e-07	-=1e-05	A=0.999989	C=2.5e-07	
Position 7744:	T=0.999989	G=2.5e-07	-=1e-05	A=2.5e-07	C=2.5e-07	
Position 7745:	T=0.999989	G=2.5e-07	-=1e-05	A=2.5e-07	C=2.5e-07	
Position 7746:	T=2.5e-07	G=0.999989	-=1e-05	A=2.5e-07	C=2.5e-07	
Position 7747:	T=2.5e-07	G=2.5e-07	-=1e-05	A=0.999989	C=2.5e-07	
Position 7748:	T=2.5e-07	G=2.5e-07	-=1e-05	A=2.5e-07	C=0.999989	
Position 7749:	T=2.5e-07	G=2.5e-07	-=1e-05	A=2.5e-07	C=0.999989	
Position 7750:	T=0.999989	G=2.5e-07	-=1e-05	A=2.5e-07	C=2.5e-07	
Position 7751:	T=2.5e-07	G=2.5e-07	-=1e-05	A=2.5e-07	C=0.999989	
Position 7752:	T=2.5e-07	G=2.5e-07	-=1e-05	A=2.5e-07	C=0.999989	
Position 7753:	T=3.14731e-07	G=3.14731e-07	-=1e-05	A=0.999989	C=3.14731e-07	
Position 7754:	T=2.5e-07	G=2.5e-07	-=1e-05	A=0.999989	C=2.5e-07	
Position 7755:	T=0.999989	G=2.5e-07	-=1e-05	A=2.5e-07	C=2.5e-07	
Position 7756:	T=3.14731e-07	G=3.14731e-07	-=1e-05	A=3.14731e-07	C=0.999989	
Position 7757:	T=2.5e-07	G=2.5e-07	-=1e-05	A=0.999989	C=2.5e-07	
Position 7758:	T=2.5e-07	G=2.5e-07	-=1e-05	A=0.999989	C=2.5e-07	
Position 7759:	T=0.999989	G=2.5e-07	-=1e-05	A=2.5e-07	C=2.5e-07	
Position 7760:	T=2.5e-07	G=0.999989	-=1e-05	A=2.5e-07	C=2.5e-07	
Position 7761:	T=0.999989	G=2.5e-07	-=1e-05	A=2.5e-07	C=2.5e-07	
Position 7762:	T=0.999989	G=2.5e-07	-=1e-05	A=2.5e-07	C=2.5e-07	
Position 7763:	T=2.5e-07	G=2.5e-07	-=1e-05	A=0.999989	C=2.5e-07	
Position 7764:	T=2.5e-07	G=0.999989	-=1e-05	A=2.5e-07	C=2.5e-07	
Position 7765:	T=0.999989	G=2.5e-07	-=1e-05	A=2.5e-07	C=2.5e-07	
Position 7766:	T=2.5e-07	G=2.5e-07	-=1e-05	A=0.999989	C=2.5e-07	
Position 7767:	T=2.5e-07	G=0.999989	-=1e-05	A=2.5e-07	C=2.5e-07	
Position 7768:	T=2.5e-07	G=2.5e-07	-=1e-05	A=2.5e-07	C=0.999989	
Position 7769:	T=0.999989	G=2.5e-07	-=1e-05	A=2.5e-07	C=2.5e-07	
Position 7770:	T=2.5e-07	G=2.5e-07	-=1e-05	A=0.999989	C=2.5e-07	
Position 7771:	T=0.999989	G=2.5e-07	-=1e-05	A=2.5e-07	C=2.5e-07	
Position 7772:	T=0.999989	G=2.5e-07	-=1e-05	A=2.5e-07	C=2.5e-07	
Position 7773:	T=2.5e-07	G=2.5e-07	-=1e-05	A=0.999989	C=2.5e-07	
Position 7774:	T=2.5e-07	G=2.5e-07	-=1e-05	A=2.5e-07	C=0.999989	
Position 7775:	T=2.5e-07	G=2.5e-07	-=1e-05	A=0.999989	C=2.5e-07	
Position 7776:	T=0.999989	G=2.5e-07	-=1e-05	A=2.5e-07	C=2.5e-07	
Position 7777:	T=0.999989	G=2.5e-07	-=1e-05	A=2.5e-07	C=2.5e-07	
Position 7778:	T=0.999989	G=2.5e-07	-=1e-05	A=2.5e-07	C=2.5e-07	
Position 7779:	T=2.5e-07	G=2.5e-07	-=1e-05	A=2.5e-07	C=0.999989	
Position 7780:	T=0.999989	G=2.5e-07	-=1e-05	A=2.5e-07	C=2.5e-07	
Position 7781:	T=2.5e-07	G=2.5e-07	-=1e-05	A=0.999989	C=2.5e-07	
Position 7782:	T=0.2	G=0.2	C=0.2	-=0.2	A=0.2	
Position 7783:	T=0.999989	G=2.5e-07	-=1e-05	A=2.5e-07	C=2.5e-07	
Position 7784:	T=2.5e-07	G=2.5e-07	-=1e-05	A=0.999989	C=2.5e-07	
Position 7785:	T=2.5e-07	G=0.999989	-=1e-05	A=2.5e-07	C=2.5e-07	
Position 7786:	T=0.999989	G=2.5e-07	-=1e-05	A=2.5e-07	C=2.5e-07	
Position 7787:	T=0.999989	G=2.5e-07	-=1e-05	A=2.5e-07	C=2.5e-07	
Position 7788:	T=2.5e-07	G=0.999989	-=1e-05	A=2.5e-07	C=2.5e-07	
Position 7789:	T=2.5e-07	G=2.5e-07	-=1e-05	A=0.999989	C=2.5e-07	
Position 7790:	T=2.5e-07	G=2.5e-07	-=1e-05	A=2.5e-07	C=0.999989	
Position 7791:	T=2.5e-07	G=2.5e-07	-=1e-05	A=2.5e-07	C=0.999989	
Position 7792:	T=0.999989	G=2.5e-07	-=1e-05	A=2.5e-07	C=2.5e-07	
Position 7793:	T=2.5e-07	G=2.5e-07	-=1e-05	A=0.999989	C=2.5e-07	
Position 7794:	T=2.5e-07	G=2.5e-07	-=1e-05	A=2.5e-07	C=0.999989	
Position 7795:	T=2.5e-07	G=2.5e-07	-=1e-05	A=0.999989	C=2.5e-07	
Position 7796:	T=2.5e-07	G=2.5e-07	-=1e-05	A=0.999989	C=2.5e-07	
Position 7797:	T=2.5e-07	G=2.5e-07	-=1e-05	A=0.999989	C=2.5e-07	
Position 7798:	T=0.999989	G=2.5e-07	-=1e-05	A=2.5e-07	C=2.5e-07	
Position 7799:	T=2.5e-07	G=0.999989	-=1e-05	A=2.5e-07	C=2.5e-07	
Position 7800:	T=2.5e-07	G=0.999989	-=1e-05	A=2.5e-07	C=2.5e-07	
Position 7801:	T=2.5e-07	G=2.5e-07	-=1e-05	A=2.5e-07	C=0.999989	
Position 7802:	T=2.5e-07	G=2.5e-07	-=1e-05	A=0.999989	C=2.5e-07	
Position 7803:	T=2.5e-07	G=2.5e-07	-=1e-05	A=2.5e-07	C=0.999989	
Position 7804:	T=0.999989	G=2.5e-07	-=1e-05	A=2.5e-07	C=2.5e-07	
Position 7805:	T=2.5e-07	G=2.5e-07	-=1e-05	A=0.999989	C=2.5e-07	
Position 7806:	T=2.5e-07	G=2.5e-07	-=1e-05	A=2.5e-07	C=0.999989	
Position 7807:	T=0.999989	G=2.5e-07	-=1e-05	A=2.5e-07	C=2.5e-07	
Position 7808:	T=2.5e-07	G=2.5e-07	-=1e-05	A=0.999989	C=2.5e-07	
Position 7809:	T=2.5e-07	G=2.5e-07	-=1e-05	A=2.5e-07	C=0.999989	
Position 7810:	T=0.999989	G=2.5e-07	-=1e-05	A=2.5e-07	C=2.5e-07	
Position 7811:	T=0.999989	G=2.5e-07	-=1e-05	A=2.5e-07	C=2.5e-07	
Position 7812:	T=2.5e-07	G=2.5e-07	-=1e-05	A=2.5e-07	C=0.999989	
Position 7813:	T=2.5e-07	G=2.5e-07	-=1e-05	A=2.5e-07	C=0.999989	
Position 7814:	T=0.999989	G=2.5e-07	-=1e-05	A=2.5e-07	C=2.5e-07	
Position 7815:	T=2.5e-07	G=2.5e-07	-=1e-05	A=2.5e-07	C=0.999989	
Position 7816:	T=0.999989	G=2.5e-07	-=1e-05	A=2.5e-07	C=2.5e-07	
Position 7817:	T=0.999989	G=2.5e-07	-=1e-05	A=2.5e-07	C=2.5e-07	
Position 7818:	T=2.5e-07	G=2.5e-07	-=1e-05	A=2.5e-07	C=0.999989	
Position 7819:	T=2.5e-07	G=2.5e-07	-=1e-05	A=2.5e-07	C=0.999989	
Position 7820:	T=2.5e-07	G=2.5e-07	-=1e-05	A=2.5e-07	C=0.999989	
Position 7821:	T=0.999989	G=2.5e-07	-=1e-05	A=2.5e-07	C=2.5e-07	
Position 7822:	T=2.5e-07	G=0.999989	-=1e-05	A=2.5e-07	C=2.5e-07	
Position 7823:	T=2.5e-07	G=2.5e-07	-=1e-05	A=0.999989	C=2.5e-07	
Position 7824:	T=3.14731e-06	G=0.999977	-=1e-05	A=3.14731e-06	C=3.14731e-06	
Position 7825:	T=2.5e-07	G=2.5e-07	-=1e-05	A=2.5e-07	C=0.999989	
Position 7826:	T=2.5e-07	G=2.5e-07	-=1e-05	A=0.999989	C=2.5e-07	
Position 7827:	T=0.999989	G=2.5e-07	-=1e-05	A=2.5e-07	C=2.5e-07	
Position 7828:	T=2.5e-07	G=2.5e-07	-=1e-05	A=2.5e-07	C=0.999989	
Position 7829:	T=2.5e-07	G=2.5e-07	-=1e-05	A=0.999989	C=2.5e-07	
Position 7830:	T=2.5e-07	G=2.5e-07	-=1e-05	A=2.5e-07	C=0.999989	
Position 7831:	T=2.5e-07	G=2.5e-07	-=1e-05	A=0.999989	C=2.5e-07	
Position 7832:	T=2.5e-07	G=2.5e-07	-=1e-05	A=0.999989	C=2.5e-07	
Position 7833:	T=2.5e-07	G=2.5e-07	-=1e-05	A=0.999989	C=2.5e-07	
Position 7834:	T=7.90569e-07	G=7.90569e-07	-=1e-05	A=7.90569e-07	C=0.999987	
Position 7835:	T=0.999989	G=2.5e-07	-=1e-05	A=2.5e-07	C=2.5e-07	
Position 7836:	T=2.5e-07	G=0.999989	-=1e-05	A=2.5e-07	C=2.5e-07	
Position 7837:	T=2.5e-07	G=2.5e-07	-=1e-05	A=2.5e-07	C=0.999989	
Position 7838:	T=0.999989	G=2.5e-07	-=1e-05	A=2.5e-07	C=2.5e-07	
Position 7839:	T=0.999989	G=2.5e-07	-=1e-05	A=2.5e-07	C=2.5e-07	
Position 7840:	T=2.5e-07	G=0.999989	-=1e-05	A=2.5e-07	C=2.5e-07	
Position 7841:	T=2.5e-07	G=0.999989	-=1e-05	A=2.5e-07	C=2.5e-07	
Position 7842:	T=2.5e-07	G=2.5e-07	-=1e-05	A=0.999989	C=2.5e-07	
Position 7843:	T=2.5e-07	G=2.5e-07	-=1e-05	A=0.999989	C=2.5e-07	
Position 7844:	T=0.999989	G=2.5e-07	-=1e-05	A=2.5e-07	C=2.5e-07	
Position 7845:	T=2.5e-07	G=0.999989	-=1e-05	A=2.5e-07	C=2.5e-07	
Position 7846:	T=2.5e-07	G=2.5e-07	-=1e-05	A=0.999989	C=2.5e-07	
Position 7847:	T=2.5e-07	G=2.5e-07	-=1e-05	A=0.999989	C=2.5e-07	
Position 7848:	T=2.5e-07	G=2.5e-07	-=1e-05	A=2.5e-07	C=0.999989	
Position 7849:	T=0.999989	G=2.5e-07	-=1e-05	A=2.5e-07	C=2.5e-07	
Position 7850:	T=2.5e-07	G=0.999989	-=1e-05	A=2.5e-07	C=2.5e-07	
Position 7851:	T=2.5e-07	G=2.5e-07	-=1e-05	A=0.999989	C=2.5e-07	
Position 7852:	T=2.5e-07	G=2.5e-07	-=1e-05	A=0.999989	C=2.5e-07	
Position 7853:	T=2.5e-07	G=2.5e-07	-=1e-05	A=0.999989	C=2.5e-07	
Position 7854:	T=2.5e-07	G=2.5e-07	-=1e-05	A=0.999989	C=2.5e-07	
Position 7855:	T=2.5e-07	G=2.5e-07	-=1e-05	A=0.999989	C=2.5e-07	
Position 7856:	T=2.5e-07	G=0.999989	-=1e-05	A=2.5e-07	C=2.5e-07	
Position 7857:	T=2.5e-07	G=0.999989	-=1e-05	A=2.5e-07	C=2.5e-07	
Position 7858:	T=0.999989	G=2.5e-07	-=1e-05	A=2.5e-07	C=2.5e-07	
Position 7859:	T=2.5e-07	G=2.5e-07	-=1e-05	A=2.5e-07	C=0.999989	
Position 7860:	T=0.999989	G=2.5e-07	-=1e-05	A=2.5e-07	C=2.5e-07	
Position 7861:	T=2.5e-07	G=2.5e-07	-=1e-05	A=0.999989	C=2.5e-07	
Position 7862:	T=2.5e-07	G=0.999989	-=1e-05	A=2.5e-07	C=2.5e-07	
Position 7863:	T=2.5e-07	G=2.5e-07	-=1e-05	A=0.999989	C=2.5e-07	
Position 7864:	T=2.5e-07	G=2.5e-07	-=1e-05	A=0.999989	C=2.5e-07	
Position 7865:	T=0.999989	G=2.5e-07	-=1e-05	A=2.5e-07	C=2.5e-07	
Position 7866:	T=2.5e-07	G=0.999989	-=1e-05	A=2.5e-07	C=2.5e-07	
Position 7867:	T=3.14731e-07	G=0.999989	-=1e-05	A=3.14731e-07	C=3.14731e-07	
Position 7868:	T=2.5e-07	G=0.999989	-=1e-05	A=2.5e-07	C=2.5e-07	
Position 7869:	T=2.5e-07	G=2.5e-07	-=1e-05	A=2.5e-07	C=0.999989	
Position 7870:	T=2.5e-07	G=2.5e-07	-=1e-05	A=2.5e-07	C=0.999989	
Position 7871:	T=2.5e-07	G=0.999989	-=1e-05	A=2.5e-07	C=2.5e-07	
Position 7872:	T=2.5e-07	G=2.5e-07	-=1e-05	A=2.5e-07	C=0.999989	
Position 7873:	T=2.5e-07	G=2.5e-07	-=1e-05	A=0.999989	C=2.5e-07	
Position 7874:	T=0.999989	G=2.5e-07	-=1e-05	A=2.5e-07	C=2.5e-07	
Position 7875:	T=2.5e-07	G=2.5e-07	-=1e-05	A=0.999989	C=2.5e-07	
Position 7876:	T=0.999989	G=2.5e-07	-=1e-05	A=2.5e-07	C=2.5e-07	
Position 7877:	T=2.5e-07	G=0.999989	-=1e-05	A=2.5e-07	C=2.5e-07	
Position 7878:	T=2.5e-07	G=2.5e-07	-=1e-05	A=0.999989	C=2.5e-07	
Position 7879:	T=2.5e-07	G=2.5e-07	-=1e-05	A=0.999989	C=2.5e-07	
Position 7880:	T=2.5e-07	G=2.5e-07	-=1e-05	A=0.999989	C=2.5e-07	
Position 7881:	T=2.5e-07	G=2.5e-07	-=1e-05	A=0.999989	C=2.5e-07	
Position 7882:	T=0.999989	G=2.5e-07	-=1e-05	A=2.5e-07	C=2.5e-07	
Position 7883:	T=0.999989	G=2.5e-07	-=1e-05	A=2.5e-07	C=2.5e-07	
Position 7884:	T=0.2	G=0.2	C=0.2	-=0.2	A=0.2	
Position 7885:	T=2.5e-07	G=2.5e-07	-=1e-05	A=0.999989	C=2.5e-07	
Position 7886:	T=0.999989	G=2.5e-07	-=1e-05	A=2.5e-07	C=2.5e-07	
Position 7887:	T=2.5e-07	G=0.999989	-=1e-05	A=2.5e-07	C=2.5e-07	
Position 7888:	T=0.999989	G=2.5e-07	-=1e-05	A=2.5e-07	C=2.5e-07	
Position 7889:	T=2.5e-07	G=0.999989	-=1e-05	A=2.5e-07	C=2.5e-07	
Position 7890:	T=0.00198582	G=0.00198582	-=1e-05	A=0.992047	C=0.00198582	
Position 7891:	T=2.5e-07	G=2.5e-07	-=1e-05	A=0.999989	C=2.5e-07	
Position 7892:	T=0.999977	G=3.14731e-06	-=1e-05	A=3.14731e-06	C=3.14731e-06	
Position 7893:	T=2.5e-07	G=2.5e-07	-=1e-05	A=0.999989	C=2.5e-07	
Position 7894:	T=0.999989	G=2.5e-07	-=1e-05	A=2.5e-07	C=2.5e-07	
Position 7895:	T=0.999989	G=2.5e-07	-=1e-05	A=2.5e-07	C=2.5e-07	
Position 7896:	T=0.999989	G=2.5e-07	-=1e-05	A=2.5e-07	C=2.5e-07	
Position 7897:	T=0.999989	G=2.5e-07	-=1e-05	A=2.5e-07	C=2.5e-07	
Position 7898:	T=2.5e-07	G=2.5e-07	-=1e-05	A=2.5e-07	C=0.999989	
Position 7899:	T=0.999989	G=2.5e-07	-=1e-05	A=2.5e-07	C=2.5e-07	
Position 7900:	T=0.999989	G=2.5e-07	-=1e-05	A=2.5e-07	C=2.5e-07	
Position 7901:	T=0.000790569	G=0.000790569	-=1e-05	A=0.996828	C=0.000790569	
Position 7902:	T=2.5e-07	G=0.999989	-=1e-05	A=2.5e-07	C=2.5e-07	
Position 7903:	T=2.5e-07	G=2.5e-07	-=1e-05	A=2.5e-07	C=0.999989	
Position 7904:	T=2.5e-07	G=2.5e-07	-=1e-05	A=0.999989	C=2.5e-07	
Position 7905:	T=2.5e-07	G=2.5e-07	-=1e-05	A=0.999989	C=2.5e-07	
Position 7906:	T=0.999989	G=2.5e-07	-=1e-05	A=2.5e-07	C=2.5e-07	
Position 7907:	T=2.5e-07	G=2.5e-07	-=1e-05	A=2.5e-07	C=0.999989	
Position 7908:	T=2.5e-07	G=2.5e-07	-=1e-05	A=0.999989	C=2.5e-07	
Position 7909:	T=0.999989	G=2.5e-07	-=1e-05	A=2.5e-07	C=2.5e-07	
Position 7910:	T=0.999989	G=2.5e-07	-=1e-05	A=2.5e-07	C=2.5e-07	
Position 7911:	T=2.5e-07	G=0.999989	-=1e-05	A=2.5e-07	C=2.5e-07	
Position 7912:	T=0.999989	G=2.5e-07	-=1e-05	A=2.5e-07	C=2.5e-07	
Position 7913:	T=2.5e-07	G=2.5e-07	-=1e-05	A=0.999989	C=2.5e-07	
Position 7914:	T=0.999989	G=2.5e-07	-=1e-05	A=2.5e-07	C=2.5e-07	
Position 7915:	T=2.5e-07	G=2.5e-07	-=1e-05	A=0.999989	C=2.5e-07	
Position 7916:	T=2.5e-07	G=2.5e-07	-=1e-05	A=2.5e-07	C=0.999989	
Position 7917:	T=2.5e-07	G=2.5e-07	-=1e-05	A=2.5e-07	C=0.999989	
Position 7918:	T=0.999989	G=2.5e-07	-=1e-05	A=2.5e-07	C=2.5e-07	
Position 7919:	T=2.5e-07	G=2.5e-07	-=1e-05	A=0.999989	C=2.5e-07	
Position 7920:	T=2.5e-07	G=0.999989	-=1e-05	A=2.5e-07	C=2.5e-07	
Position 7921:	T=0.999989	G=2.5e-07	-=1e-05	A=2.5e-07	C=2.5e-07	
Position 7922:	T=2.5e-07	G=2.5e-07	-=1e-05	A=0.999989	C=2.5e-07	
Position 7923:	T=2.5e-07	G=0.999989	-=1e-05	A=2.5e-07	C=2.5e-07	
Position 7924:	T=2.5e-07	G=0.999989	-=1e-05	A=2.5e-07	C=2.5e-07	
Position 7925:	T=2.5e-07	G=2.5e-07	-=1e-05	A=0.999989	C=2.5e-07	
Position 7926:	T=2.5e-07	G=2.5e-07	-=1e-05	A=2.5e-07	C=0.999989	
Position 7927:	T=0.999989	G=2.5e-07	-=1e-05	A=2.5e-07	C=2.5e-07	
Position 7928:	T=2.5e-07	G=2.5e-07	-=1e-05	A=0.999989	C=2.5e-07	
Position 7929:	T=2.5e-07	G=2.5e-07	-=1e-05	A=2.5e-07	C=0.999989	
Position 7930:	T=0.999989	G=2.5e-07	-=1e-05	A=2.5e-07	C=2.5e-07	
Position 7931:	T=2.5e-07	G=2.5e-07	-=1e-05	A=2.5e-07	C=0.999989	
Position 7932:	T=2.5e-07	G=2.5e-07	-=1e-05	A=0.999989	C=2.5e-07	
Position 7933:	T=0.999989	G=2.5e-07	-=1e-05	A=2.5e-07	C=2.5e-07	
Position 7934:	T=0.999989	G=2.5e-07	-=1e-05	A=2.5e-07	C=2.5e-07	
Position 7935:	T=0.999989	G=2.5e-07	-=1e-05	A=2.5e-07	C=2.5e-07	
Position 7936:	T=2.5e-07	G=2.5e-07	-=1e-05	A=0.999989	C=2.5e-07	
Position 7937:	T=0.999989	G=3.14731e-07	-=1e-05	A=3.14731e-07	C=3.14731e-07	
Position 7938:	T=2.5e-07	G=2.5e-07	-=1e-05	A=2.5e-07	C=0.999989	
Position 7939:	T=2.5e-07	G=0.999989	-=1e-05	A=2.5e-07	C=2.5e-07	
Position 7940:	T=2.5e-07	G=2.5e-07	-=1e-05	A=0.999989	C=2.5e-07	
Position 7941:	T=2.5e-07	G=2.5e-07	-=1e-05	A=0.999989	C=2.5e-07	
Position 7942:	T=2.5e-07	G=2.5e-07	-=1e-05	A=2.5e-07	C=0.999989	
Position 7943:	T=2.5e-07	G=2.5e-07	-=1e-05	A=2.5e-07	C=0.999989	
Position 7944:	T=2.5e-07	G=0.999989	-=1e-05	A=2.5e-07	C=2.5e-07	
Position 7945:	T=2.5e-07	G=2.5e-07	-=1e-05	A=0.999989	C=2.5e-07	
Position 7946:	T=0.999989	G=2.5e-07	-=1e-05	A=2.5e-07	C=2.5e-07	
Position 7947:	T=2.5e-07	G=2.5e-07	-=1e-05	A=2.5e-07	C=0.999989	
Position 7948:	T=0.999989	G=2.5e-07	-=1e-05	A=2.5e-07	C=2.5e-07	
Position 7949:	T=2.5e-07	G=2.5e-07	-=1e-05	A=0.999989	C=2.5e-07	
Position 7950:	T=2.5e-07	G=2.5e-07	-=1e-05	A=0.999989	C=2.5e-07	
Position 7951:	T=2.5e-07	G=0.999989	-=1e-05	A=2.5e-07	C=2.5e-07	
Position 7952:	T=2.5e-07	G=0.999989	-=1e-05	A=2.5e-07	C=2.5e-07	
Position 7953:	T=0.999989	G=2.5e-07	-=1e-05	A=2.5e-07	C=2.5e-07	
Position 7954:	T=0.999989	G=2.5e-07	-=1e-05	A=2.5e-07	C=2.5e-07	
Position 7955:	T=2.5e-07	G=0.999989	-=1e-05	A=2.5e-07	C=2.5e-07	
Position 7956:	T=2.5e-07	G=2.5e-07	-=1e-05	A=0.999989	C=2.5e-07	
Position 7957:	T=2.5e-07	G=2.5e-07	-=1e-05	A=0.999989	C=2.5e-07	
Position 7958:	T=2.5e-07	G=2.5e-07	-=1e-05	A=0.999989	C=2.5e-07	
Position 7959:	T=2.5e-07	G=2.5e-07	-=1e-05	A=2.5e-07	C=0.999989	
Position 7960:	T=2.5e-07	G=2.5e-07	-=1e-05	A=0.999989	C=2.5e-07	
Position 7961:	T=2.5e-07	G=2.5e-07	-=1e-05	A=0.999989	C=2.5e-07	
Position 7962:	T=2.5e-07	G=2.5e-07	-=1e-05	A=0.999989	C=2.5e-07	
Position 7963:	T=2.5e-07	G=2.5e-07	-=1e-05	A=2.5e-07	C=0.999989	
Position 7964:	T=2.5e-07	G=2.5e-07	-=1e-05	A=0.999989	C=2.5e-07	
Position 7965:	T=2.5e-07	G=2.5e-07	-=1e-05	A=2.5e-07	C=0.999989	
Position 7966:	T=0.999989	G=2.5e-07	-=1e-05	A=2.5e-07	C=2.5e-07	
Position 7967:	T=0.999989	G=2.5e-07	-=1e-05	A=2.5e-07	C=2.5e-07	
Position 7968:	T=2.5e-07	G=2.5e-07	-=1e-05	A=0.999989	C=2.5e-07	
Position 7969:	T=2.5e-07	G=2.5e-07	-=1e-05	A=0.999989	C=2.5e-07	
Position 7970:	T=2.5e-07	G=2.5e-07	-=1e-05	A=2.5e-07	C=0.999989	
Position 7971:	T=2.5e-07	G=2.5e-07	-=1e-05	A=0.999989	C=2.5e-07	
Position 7972:	T=2.5e-07	G=2.5e-07	-=1e-05	A=2.5e-07	C=0.999989	
Position 7973:	T=0.999989	G=2.5e-07	-=1e-05	A=2.5e-07	C=2.5e-07	
Position 7974:	T=2.5e-07	G=0.999989	-=1e-05	A=2.5e-07	C=2.5e-07	
Position 7975:	T=2.5e-07	G=0.999989	-=1e-05	A=2.5e-07	C=2.5e-07	
Position 7976:	T=1.57739e-06	G=0.999984	-=1e-05	A=1.57739e-06	C=1.57739e-06	
Position 7977:	T=0.999989	G=2.5e-07	-=1e-05	A=2.5e-07	C=2.5e-07	
Position 7978:	T=2.5e-07	G=2.5e-07	-=1e-05	A=0.999989	C=2.5e-07	
Position 7979:	T=2.5e-07	G=2.5e-07	-=1e-05	A=0.999989	C=2.5e-07	
Position 7980:	T=2.5e-07	G=2.5e-07	-=1e-05	A=2.5e-07	C=0.999989	
Position 7981:	T=2.5e-07	G=2.5e-07	-=1e-05	A=0.999989	C=2.5e-07	
Position 7982:	T=0.999989	G=2.5e-07	-=1e-05	A=2.5e-07	C=2.5e-07	
Position 7983:	T=2.5e-07	G=2.5e-07	-=1e-05	A=0.999989	C=2.5e-07	
Position 7984:	T=2.5e-07	G=0.999989	-=1e-05	A=2.5e-07	C=2.5e-07	
Position 7985:	T=2.5e-07	G=2.5e-07	-=1e-05	A=2.5e-07	C=0.999989	
Position 7986:	T=0.999989	G=2.5e-07	-=1e-05	A=2.5e-07	C=2.5e-07	
Position 7987:	T=2.5e-07	G=2.5e-07	-=1e-05	A=2.5e-07	C=0.999989	
Position 7988:	T=2.5e-07	G=2.5e-07	-=1e-05	A=2.5e-07	C=0.999989	
Position 7989:	T=0.999989	G=2.5e-07	-=1e-05	A=2.5e-07	C=2.5e-07	
Position 7990:	T=2.5e-07	G=2.5e-07	-=1e-05	A=2.5e-07	C=0.999989	
Position 7991:	T=0.999989	G=2.5e-07	-=1e-05	A=2.5e-07	C=2.5e-07	
Position 7992:	T=0.999989	G=2.5e-07	-=1e-05	A=2.5e-07	C=2.5e-07	
Position 7993:	T=2.5e-07	G=2.5e-07	-=1e-05	A=0.999989	C=2.5e-07	
Position 7994:	T=0.999989	G=2.5e-07	-=1e-05	A=2.5e-07	C=2.5e-07	
Position 7995:	T=2.5e-07	G=2.5e-07	-=1e-05	A=2.5e-07	C=0.999989	
Position 7996:	T=2.5e-07	G=2.5e-07	-=1e-05	A=2.5e-07	C=0.999989	
Position 7997:	T=0.999989	G=2.5e-07	-=1e-05	A=2.5e-07	C=2.5e-07	
Position 7998:	T=2.5e-07	G=0.999989	-=1e-05	A=2.5e-07	C=2.5e-07	
Position 7999:	T=2.5e-07	G=2.5e-07	-=1e-05	A=2.5e-07	C=0.999989	
Position 8000:	T=0.999989	G=2.5e-07	-=1e-05	A=2.5e-07	C=2.5e-07	
Position 8001:	T=2.5e-07	G=0.999989	-=1e-05	A=2.5e-07	C=2.5e-07	
Position 8002:	T=2.5e-07	G=0.999989	-=1e-05	A=2.5e-07	C=2.5e-07	
Position 8003:	T=0.999989	G=2.5e-07	-=1e-05	A=2.5e-07	C=2.5e-07	
Position 8004:	T=2.5e-07	G=2.5e-07	-=1e-05	A=0.999989	C=2.5e-07	
Position 8005:	T=0.999989	G=2.5e-07	-=1e-05	A=2.5e-07	C=2.5e-07	
Position 8006:	T=0.999196	G=0.000198582	-=1e-05	A=0.000198582	C=0.000198582	
Position 8007:	T=2.5e-07	G=2.5e-07	-=1e-05	A=2.5e-07	C=0.999989	
Position 8008:	T=2.5e-07	G=0.999989	-=1e-05	A=2.5e-07	C=2.5e-07	
Position 8009:	T=2.5e-07	G=2.5e-07	-=1e-05	A=2.5e-07	C=0.999989	
Position 8010:	T=2.5e-07	G=2.5e-07	-=1e-05	A=0.999989	C=2.5e-07	
Position 8011:	T=2.5e-07	G=0.999989	-=1e-05	A=2.5e-07	C=2.5e-07	
Position 8012:	T=7.90569e-07	G=7.90569e-07	-=1e-05	A=0.999987	C=7.90569e-07	
Position 8013:	T=2.5e-07	G=2.5e-07	-=1e-05	A=2.5e-07	C=0.999989	
Position 8014:	T=0.999989	G=2.5e-07	-=1e-05	A=2.5e-07	C=2.5e-07	
Position 8015:	T=2.5e-07	G=0.999989	-=1e-05	A=2.5e-07	C=2.5e-07	
Position 8016:	T=2.5e-07	G=2.5e-07	-=1e-05	A=2.5e-07	C=0.999989	
Position 8017:	T=2.5e-07	G=0.999989	-=1e-05	A=2.5e-07	C=2.5e-07	
Position 8018:	T=2.5e-07	G=2.5e-07	-=1e-05	A=0.999989	C=2.5e-07	
Position 8019:	T=2.5e-07	G=0.999989	-=1e-05	A=2.5e-07	C=2.5e-07	
Position 8020:	T=2.5e-07	G=0.999989	-=1e-05	A=2.5e-07	C=2.5e-07	
Position 8021:	T=2.5e-07	G=2.5e-07	-=1e-05	A=2.5e-07	C=0.999989	
Position 8022:	T=2.5e-07	G=2.5e-07	-=1e-05	A=0.999989	C=2.5e-07	
Position 8023:	T=2.5e-07	G=0.999989	-=1e-05	A=2.5e-07	C=2.5e-07	
Position 8024:	T=2.5e-07	G=2.5e-07	-=1e-05	A=2.5e-07	C=0.999989	
Position 8025:	T=2.5e-07	G=2.5e-07	-=1e-05	A=0.999989	C=2.5e-07	
Position 8026:	T=2.5e-07	G=2.5e-07	-=1e-05	A=2.5e-07	C=0.999989	
Position 8027:	T=2.5e-07	G=2.5e-07	-=1e-05	A=0.999989	C=2.5e-07	
Position 8028:	T=3.14731e-07	G=3.14731e-07	-=1e-05	A=0.999989	C=3.14731e-07	
Position 8029:	T=2.5e-07	G=0.999989	-=1e-05	A=2.5e-07	C=2.5e-07	
Position 8030:	T=2.5e-07	G=2.5e-07	-=1e-05	A=2.5e-07	C=0.999989	
Position 8031:	T=2.5e-07	G=2.5e-07	-=1e-05	A=0.999989	C=2.5e-07	
Position 8032:	T=2.5e-07	G=2.5e-07	-=1e-05	A=2.5e-07	C=0.999989	
Position 8033:	T=0.999989	G=2.5e-07	-=1e-05	A=2.5e-07	C=2.5e-07	
Position 8034:	T=2.5e-07	G=0.999989	-=1e-05	A=2.5e-07	C=2.5e-07	
Position 8035:	T=0.999989	G=2.5e-07	-=1e-05	A=2.5e-07	C=2.5e-07	
Position 8036:	T=3.14731e-07	G=3.14731e-07	-=1e-05	A=3.14731e-07	C=0.999989	
Position 8037:	T=2.5e-07	G=2.5e-07	-=1e-05	A=2.5e-07	C=0.999989	
Position 8038:	T=2.5e-07	G=2.5e-07	-=1e-05	A=2.5e-07	C=0.999989	
Position 8039:	T=0.999989	G=2.5e-07	-=1e-05	A=2.5e-07	C=2.5e-07	
Position 8040:	T=2.5e-07	G=0.999989	-=1e-05	A=2.5e-07	C=2.5e-07	
Position 8041:	T=3.14731e-07	G=3.14731e-07	-=1e-05	A=3.14731e-07	C=0.999989	
Position 8042:	T=0.999989	G=2.5e-07	-=1e-05	A=2.5e-07	C=2.5e-07	
Position 8043:	T=2.5e-07	G=2.5e-07	-=1e-05	A=0.999989	C=2.5e-07	
Position 8044:	T=2.5e-07	G=0.999989	-=1e-05	A=2.5e-07	C=2.5e-07	
Position 8045:	T=0.999989	G=2.5e-07	-=1e-05	A=2.5e-07	C=2.5e-07	
Position 8046:	T=2.5e-07	G=2.5e-07	-=1e-05	A=0.999989	C=2.5e-07	
Position 8047:	T=2.5e-07	G=2.5e-07	-=1e-05	A=0.999989	C=2.5e-07	
Position 8048:	T=0.2	G=0.2	C=0.2	-=0.2	A=0.2	
Position 8049:	T=0.2	G=0.2	C=0.2	-=0.2	A=0.2	
Position 8050:	T=2.5e-07	G=2.5e-07	-=1e-05	A=0.999989	C=2.5e-07	
Position 8051:	T=0.999989	G=2.5e-07	-=1e-05	A=2.5e-07	C=2.5e-07	
Position 8052:	T=0.2	G=0.2	C=0.2	-=0.2	A=0.2	
Position 8053:	T=2.5e-07	G=2.5e-07	-=1e-05	A=2.5e-07	C=0.999989	
Position 8054:	T=2.5e-07	G=2.5e-07	-=1e-05	A=2.5e-07	C=0.999989	
Position 8055:	T=2.5e-07	G=2.5e-07	-=1e-05	A=0.999989	C=2.5e-07	
Position 8056:	T=2.5e-07	G=0.999989	-=1e-05	A=2.5e-07	C=2.5e-07	
Position 8057:	T=2.5e-07	G=0.999989	-=1e-05	A=2.5e-07	C=2.5e-07	
Position 8058:	T=2.5e-07	G=0.999989	-=1e-05	A=2.5e-07	C=2.5e-07	
Position 8059:	T=2.5e-07	G=2.5e-07	-=1e-05	A=0.999989	C=2.5e-07	
Position 8060:	T=0.999989	G=2.5e-07	-=1e-05	A=2.5e-07	C=2.5e-07	
Position 8061:	T=0.999989	G=2.5e-07	-=1e-05	A=2.5e-07	C=2.5e-07	
Position 8062:	T=2.5e-07	G=2.5e-07	-=1e-05	A=2.5e-07	C=0.999989	
Position 8063:	T=2.5e-07	G=2.5e-07	-=1e-05	A=0.999989	C=2.5e-07	
Position 8064:	T=2.5e-07	G=2.5e-07	-=1e-05	A=0.999989	C=2.5e-07	
Position 8065:	T=2.5e-07	G=2.5e-07	-=1e-05	A=0.999989	C=2.5e-07	
Position 8066:	T=2.5e-07	G=2.5e-07	-=1e-05	A=0.999989	C=2.5e-07	
Position 8067:	T=2.5e-07	G=2.5e-07	-=1e-05	A=2.5e-07	C=0.999989	
Position 8068:	T=2.5e-07	G=2.5e-07	-=1e-05	A=0.999989	C=2.5e-07	
Position 8069:	T=2.5e-07	G=2.5e-07	-=1e-05	A=2.5e-07	C=0.999989	
Position 8070:	T=2.5e-07	G=2.5e-07	-=1e-05	A=0.999989	C=2.5e-07	
Position 8071:	T=2.5e-07	G=2.5e-07	-=1e-05	A=0.999989	C=2.5e-07	
Position 8072:	T=2.5e-07	G=2.5e-07	-=1e-05	A=0.999989	C=2.5e-07	
Position 8073:	T=2.5e-07	G=2.5e-07	-=1e-05	A=0.999989	C=2.5e-07	
Position 8074:	T=2.5e-07	G=2.5e-07	-=1e-05	A=0.999989	C=2.5e-07	
Position 8075:	T=2.5e-07	G=2.5e-07	-=1e-05	A=2.5e-07	C=0.999989	
Position 8076:	T=2.5e-07	G=2.5e-07	-=1e-05	A=0.999989	C=2.5e-07	
Position 8077:	T=2.5e-07	G=2.5e-07	-=1e-05	A=0.999989	C=2.5e-07	
Position 8078:	T=2.5e-07	G=2.5e-07	-=1e-05	A=0.999989	C=2.5e-07	
Position 8079:	T=2.5e-07	G=0.999989	-=1e-05	A=2.5e-07	C=2.5e-07	
Position 8080:	T=2.5e-07	G=2.5e-07	-=1e-05	A=2.5e-07	C=0.999989	
Position 8081:	T=2.5e-07	G=2.5e-07	-=1e-05	A=2.5e-07	C=0.999989	
Position 8082:	T=0.999989	G=2.5e-07	-=1e-05	A=2.5e-07	C=2.5e-07	
Position 8083:	T=7.90569e-06	G=7.90569e-06	-=1e-05	A=0.999958	C=7.90569e-06	
Position 8084:	T=2.5e-07	G=2.5e-07	-=1e-05	A=2.5e-07	C=0.999989	
Position 8085:	T=2.5e-07	G=2.5e-07	-=1e-05	A=2.5e-07	C=0.999989	
Position 8086:	T=2.5e-07	G=2.5e-07	-=1e-05	A=2.5e-07	C=0.999989	
Position 8087:	T=2.5e-07	G=2.5e-07	-=1e-05	A=0.999989	C=2.5e-07	
Position 8088:	T=2.5e-07	G=2.5e-07	-=1e-05	A=2.5e-07	C=0.999989	
Position 8089:	T=2.5e-07	G=2.5e-07	-=1e-05	A=0.999989	C=2.5e-07	
Position 8090:	T=2.5e-07	G=2.5e-07	-=1e-05	A=0.999989	C=2.5e-07	
Position 8091:	T=0.999989	G=2.5e-07	-=1e-05	A=2.5e-07	C=2.5e-07	
Position 8092:	T=2.5e-07	G=2.5e-07	-=1e-05	A=0.999989	C=2.5e-07	
Position 8093:	T=0.999989	G=2.5e-07	-=1e-05	A=2.5e-07	C=2.5e-07	
Position 8094:	T=2.5e-07	G=0.999989	-=1e-05	A=2.5e-07	C=2.5e-07	
Position 8095:	T=0.999989	G=2.5e-07	-=1e-05	A=2.5e-07	C=2.5e-07	
Position 8096:	T=2.5e-07	G=2.5e-07	-=1e-05	A=0.999989	C=2.5e-07	
Position 8097:	T=0.999989	G=2.5e-07	-=1e-05	A=2.5e-07	C=2.5e-07	
Position 8098:	T=2.5e-07	G=2.5e-07	-=1e-05	A=0.999989	C=2.5e-07	
Position 8099:	T=2.5e-07	G=2.5e-07	-=1e-05	A=0.999989	C=2.5e-07	
Position 8100:	T=2.5e-07	G=2.5e-07	-=1e-05	A=0.999989	C=2.5e-07	
Position 8101:	T=2.5e-07	G=2.5e-07	-=1e-05	A=2.5e-07	C=0.999989	
Position 8102:	T=0.999989	G=2.5e-07	-=1e-05	A=2.5e-07	C=2.5e-07	
Position 8103:	T=2.5e-07	G=2.5e-07	-=1e-05	A=0.999989	C=2.5e-07	
Position 8104:	T=2.5e-07	G=2.5e-07	-=1e-05	A=2.5e-07	C=0.999989	
Position 8105:	T=2.5e-07	G=2.5e-07	-=1e-05	A=0.999989	C=2.5e-07	
Position 8106:	T=2.5e-07	G=0.999989	-=1e-05	A=2.5e-07	C=2.5e-07	
Position 8107:	T=0.999989	G=2.5e-07	-=1e-05	A=2.5e-07	C=2.5e-07	
Position 8108:	T=2.5e-07	G=2.5e-07	-=1e-05	A=2.5e-07	C=0.999989	
Position 8109:	T=0.999989	G=2.5e-07	-=1e-05	A=2.5e-07	C=2.5e-07	
Position 8110:	T=2.5e-07	G=2.5e-07	-=1e-05	A=2.5e-07	C=0.999989	
Position 8111:	T=0.999987	G=6.27972e-07	-=1e-05	A=6.27972e-07	C=6.27972e-07	
Position 8112:	T=2.5e-07	G=2.5e-07	-=1e-05	A=0.999989	C=2.5e-07	
Position 8113:	T=7.90569e-07	G=7.90569e-07	-=1e-05	A=0.999987	C=7.90569e-07	
Position 8114:	T=0.999989	G=2.5e-07	-=1e-05	A=2.5e-07	C=2.5e-07	
Position 8115:	T=2.5e-07	G=2.5e-07	-=1e-05	A=0.999989	C=2.5e-07	
Position 8116:	T=2.5e-07	G=2.5e-07	-=1e-05	A=2.5e-07	C=0.999989	
Position 8117:	T=0.2	G=0.2	C=0.2	-=0.2	A=0.2	
Position 8118:	T=2.5e-07	G=2.5e-07	-=1e-05	A=2.5e-07	C=0.999989	
Position 8119:	T=0.999989	G=2.5e-07	-=1e-05	A=2.5e-07	C=2.5e-07	
Position 8120:	T=0.999989	G=2.5e-07	-=1e-05	A=2.5e-07	C=2.5e-07	
Position 8121:	T=2.5e-07	G=2.5e-07	-=1e-05	A=0.999989	C=2.5e-07	
Position 8122:	T=2.5e-07	G=2.5e-07	-=1e-05	A=2.5e-07	C=0.999989	
Position 8123:	T=2.5e-07	G=2.5e-07	-=1e-05	A=2.5e-07	C=0.999989	
Position 8124:	T=0.999989	G=2.5e-07	-=1e-05	A=2.5e-07	C=2.5e-07	
Position 8125:	T=2.5e-07	G=2.5e-07	-=1e-05	A=0.999989	C=2.5e-07	
Position 8126:	T=2.5e-07	G=0.999989	-=1e-05	A=2.5e-07	C=2.5e-07	
Position 8127:	T=2.5e-07	G=2.5e-07	-=1e-05	A=2.5e-07	C=0.999989	
Position 8128:	T=0.999989	G=2.5e-07	-=1e-05	A=2.5e-07	C=2.5e-07	
Position 8129:	T=2.5e-07	G=0.999989	-=1e-05	A=2.5e-07	C=2.5e-07	
Position 8130:	T=0.000790569	G=0.000790569	-=1e-05	A=0.996828	C=0.000790569	
Position 8131:	T=0.999989	G=2.5e-07	-=1e-05	A=2.5e-07	C=2.5e-07	
Position 8132:	T=0.999989	G=2.5e-07	-=1e-05	A=2.5e-07	C=2.5e-07	
Position 8133:	T=2.5e-07	G=2.5e-07	-=1e-05	A=0.999989	C=2.5e-07	
Position 8134:	T=0.999989	G=2.5e-07	-=1e-05	A=2.5e-07	C=2.5e-07	
Position 8135:	T=3.14731e-07	G=0.999989	-=1e-05	A=3.14731e-07	C=3.14731e-07	
Position 8136:	T=0.999989	G=2.5e-07	-=1e-05	A=2.5e-07	C=2.5e-07	
Position 8137:	T=2.5e-07	G=2.5e-07	-=1e-05	A=0.999989	C=2.5e-07	
Position 8138:	T=2.5e-07	G=2.5e-07	-=1e-05	A=2.5e-07	C=0.999989	
Position 8139:	T=2.5e-07	G=2.5e-07	-=1e-05	A=0.999989	C=2.5e-07	
Position 8140:	T=2.5e-07	G=2.5e-07	-=1e-05	A=0.999989	C=2.5e-07	
Position 8141:	T=2.5e-07	G=2.5e-07	-=1e-05	A=0.999989	C=2.5e-07	
Position 8142:	T=2.5e-07	G=2.5e-07	-=1e-05	A=0.999989	C=2.5e-07	
Position 8143:	T=2.5e-07	G=2.5e-07	-=1e-05	A=2.5e-07	C=0.999989	
Position 8144:	T=2.5e-07	G=2.5e-07	-=1e-05	A=2.5e-07	C=0.999989	
Position 8145:	T=0.999989	G=2.5e-07	-=1e-05	A=2.5e-07	C=2.5e-07	
Position 8146:	T=2.5e-07	G=2.5e-07	-=1e-05	A=2.5e-07	C=0.999989	
Position 8147:	T=2.5e-07	G=2.5e-07	-=1e-05	A=0.999989	C=2.5e-07	
Position 8148:	T=2.5e-07	G=2.5e-07	-=1e-05	A=0.999989	C=2.5e-07	
Position 8149:	T=0.999989	G=2.5e-07	-=1e-05	A=2.5e-07	C=2.5e-07	
Position 8150:	T=2.5e-07	G=2.5e-07	-=1e-05	A=2.5e-07	C=0.999989	
Position 8151:	T=0.999989	G=2.5e-07	-=1e-05	A=2.5e-07	C=2.5e-07	
Position 8152:	T=2.5e-07	G=2.5e-07	-=1e-05	A=2.5e-07	C=0.999989	
Position 8153:	T=0.999989	G=2.5e-07	-=1e-05	A=2.5e-07	C=2.5e-07	
Position 8154:	T=0.999989	G=2.5e-07	-=1e-05	A=2.5e-07	C=2.5e-07	
Position 8155:	T=2.5e-07	G=2.5e-07	-=1e-05	A=0.999989	C=2.5e-07	
Position 8156:	T=2.5e-07	G=2.5e-07	-=1e-05	A=2.5e-07	C=0.999989	
Position 8157:	T=2.5e-07	G=2.5e-07	-=1e-05	A=0.999989	C=2.5e-07	
Position 8158:	T=0.999989	G=2.5e-07	-=1e-05	A=2.5e-07	C=2.5e-07	
Position 8159:	T=2.5e-07	G=2.5e-07	-=1e-05	A=0.999989	C=2.5e-07	
Position 8160:	T=2.5e-07	G=0.999989	-=1e-05	A=2.5e-07	C=2.5e-07	
Position 8161:	T=2.5e-07	G=2.5e-07	-=1e-05	A=0.999989	C=2.5e-07	
Position 8162:	T=0.999989	G=2.5e-07	-=1e-05	A=2.5e-07	C=2.5e-07	
Position 8163:	T=2.5e-07	G=2.5e-07	-=1e-05	A=0.999989	C=2.5e-07	
Position 8164:	T=2.5e-07	G=2.5e-07	-=1e-05	A=0.999989	C=2.5e-07	
Position 8165:	T=2.5e-07	G=2.5e-07	-=1e-05	A=0.999989	C=2.5e-07	
Position 8166:	T=3.14731e-07	G=3.14731e-07	-=1e-05	A=0.999989	C=3.14731e-07	
Position 8167:	T=2.5e-07	G=2.5e-07	-=1e-05	A=0.999989	C=2.5e-07	
Position 8168:	T=2.5e-07	G=2.5e-07	-=1e-05	A=0.999989	C=2.5e-07	
Position 8169:	T=2.5e-07	G=2.5e-07	-=1e-05	A=2.5e-07	C=0.999989	
Position 8170:	T=2.5e-07	G=2.5e-07	-=1e-05	A=0.999989	C=2.5e-07	
Position 8171:	T=0.999989	G=2.5e-07	-=1e-05	A=2.5e-07	C=2.5e-07	
Position 8172:	T=2.5e-07	G=0.999989	-=1e-05	A=2.5e-07	C=2.5e-07	
Position 8173:	T=0.999989	G=2.5e-07	-=1e-05	A=2.5e-07	C=2.5e-07	
Position 8174:	T=0.999989	G=2.5e-07	-=1e-05	A=2.5e-07	C=2.5e-07	
Position 8175:	T=2.5e-07	G=2.5e-07	-=1e-05	A=2.5e-07	C=0.999989	
Position 8176:	T=0.2	G=0.2	C=0.2	-=0.2	A=0.2	
Position 8177:	T=0.999989	G=2.5e-07	-=1e-05	A=2.5e-07	C=2.5e-07	
Position 8178:	T=2.5e-07	G=0.999989	-=1e-05	A=2.5e-07	C=2.5e-07	
Position 8179:	T=2.5e-07	G=2.5e-07	-=1e-05	A=2.5e-07	C=0.999989	
Position 8180:	T=2.5e-07	G=2.5e-07	-=1e-05	A=2.5e-07	C=0.999989	
Position 8181:	T=2.5e-07	G=2.5e-07	-=1e-05	A=0.999989	C=2.5e-07	
Position 8182:	T=0.999989	G=2.5e-07	-=1e-05	A=2.5e-07	C=2.5e-07	
Position 8183:	T=2.5e-07	G=2.5e-07	-=1e-05	A=0.999989	C=2.5e-07	
Position 8184:	T=0.999989	G=2.5e-07	-=1e-05	A=2.5e-07	C=2.5e-07	
Position 8185:	T=0.999989	G=2.5e-07	-=1e-05	A=2.5e-07	C=2.5e-07	
Position 8186:	T=2.5e-07	G=2.5e-07	-=1e-05	A=2.5e-07	C=0.999989	
Position 8187:	T=2.5e-07	G=2.5e-07	-=1e-05	A=2.5e-07	C=0.999989	
Position 8188:	T=0.999989	G=2.5e-07	-=1e-05	A=2.5e-07	C=2.5e-07	
Position 8189:	T=2.5e-07	G=0.999989	-=1e-05	A=2.5e-07	C=2.5e-07	
Position 8190:	T=2.5e-07	G=2.5e-07	-=1e-05	A=0.999989	C=2.5e-07	
Position 8191:	T=0.999989	G=2.5e-07	-=1e-05	A=2.5e-07	C=2.5e-07	
Position 8192:	T=2.5e-07	G=2.5e-07	-=1e-05	A=2.5e-07	C=0.999989	
Position 8193:	T=0.999989	G=2.5e-07	-=1e-05	A=2.5e-07	C=2.5e-07	
Position 8194:	T=2.5e-07	G=2.5e-07	-=1e-05	A=0.999989	C=2.5e-07	
Position 8195:	T=2.5e-07	G=0.999989	-=1e-05	A=2.5e-07	C=2.5e-07	
Position 8196:	T=2.5e-07	G=2.5e-07	-=1e-05	A=2.5e-07	C=0.999989	
Position 8197:	T=2.5e-07	G=2.5e-07	-=1e-05	A=0.999989	C=2.5e-07	
Position 8198:	T=0.999989	G=2.5e-07	-=1e-05	A=2.5e-07	C=2.5e-07	
Position 8199:	T=2.5e-07	G=2.5e-07	-=1e-05	A=0.999989	C=2.5e-07	
Position 8200:	T=0.999989	G=2.5e-07	-=1e-05	A=2.5e-07	C=2.5e-07	
Position 8201:	T=0.999989	G=2.5e-07	-=1e-05	A=2.5e-07	C=2.5e-07	
Position 8202:	T=2.5e-07	G=0.999989	-=1e-05	A=2.5e-07	C=2.5e-07	
Position 8203:	T=0.2	G=0.2	C=0.2	-=0.2	A=0.2	
Position 8204:	T=0.2	G=0.2	C=0.2	-=0.2	A=0.2	
Position 8205:	T=2.5e-07	G=0.999989	-=1e-05	A=2.5e-07	C=2.5e-07	
Position 8206:	T=2.5e-07	G=0.999989	-=1e-05	A=2.5e-07	C=2.5e-07	
Position 8207:	T=2.5e-07	G=0.999989	-=1e-05	A=2.5e-07	C=2.5e-07	
Position 8208:	T=0.999989	G=2.5e-07	-=1e-05	A=2.5e-07	C=2.5e-07	
Position 8209:	T=2.5e-07	G=0.999989	-=1e-05	A=2.5e-07	C=2.5e-07	
Position 8210:	T=0.999989	G=2.5e-07	-=1e-05	A=2.5e-07	C=2.5e-07	
Position 8211:	T=2.5e-07	G=2.5e-07	-=1e-05	A=2.5e-07	C=0.999989	
Position 8212:	T=0.999989	G=2.5e-07	-=1e-05	A=2.5e-07	C=2.5e-07	
Position 8213:	T=2.5e-07	G=2.5e-07	-=1e-05	A=0.999989	C=2.5e-07	
Position 8214:	T=2.5e-07	G=2.5e-07	-=1e-05	A=0.999989	C=2.5e-07	
Position 8215:	T=0.999989	G=2.5e-07	-=1e-05	A=2.5e-07	C=2.5e-07	
Position 8216:	T=2.5e-07	G=0.999989	-=1e-05	A=2.5e-07	C=2.5e-07	
Position 8217:	T=2.5e-07	G=0.999989	-=1e-05	A=2.5e-07	C=2.5e-07	
Position 8218:	T=2.5e-07	G=2.5e-07	-=1e-05	A=2.5e-07	C=0.999989	
Position 8219:	T=2.5e-07	G=2.5e-07	-=1e-05	A=0.999989	C=2.5e-07	
Position 8220:	T=0.999989	G=2.5e-07	-=1e-05	A=2.5e-07	C=2.5e-07	
Position 8221:	T=0.999989	G=2.5e-07	-=1e-05	A=2.5e-07	C=2.5e-07	
Position 8222:	T=2.5e-07	G=0.999989	-=1e-05	A=2.5e-07	C=2.5e-07	
Position 8223:	T=2.5e-07	G=2.5e-07	-=1e-05	A=0.999989	C=2.5e-07	
Position 8224:	T=0.999989	G=2.5e-07	-=1e-05	A=2.5e-07	C=2.5e-07	
Position 8225:	T=2.5e-07	G=0.999989	-=1e-05	A=2.5e-07	C=2.5e-07	
Position 8226:	T=2.5e-07	G=0.999989	-=1e-05	A=2.5e-07	C=2.5e-07	
Position 8227:	T=0.999989	G=2.5e-07	-=1e-05	A=2.5e-07	C=2.5e-07	
Position 8228:	T=2.5e-07	G=2.5e-07	-=1e-05	A=0.999989	C=2.5e-07	
Position 8229:	T=2.5e-07	G=2.5e-07	-=1e-05	A=0.999989	C=2.5e-07	
Position 8230:	T=2.5e-07	G=2.5e-07	-=1e-05	A=0.999989	C=2.5e-07	
Position 8231:	T=2.5e-07	G=2.5e-07	-=1e-05	A=0.999989	C=2.5e-07	
Position 8232:	T=2.5e-07	G=2.5e-07	-=1e-05	A=0.999989	C=2.5e-07	
Position 8233:	T=0.2	G=0.2	C=0.2	-=0.2	A=0.2	
Position 8234:	T=0.2	G=0.2	C=0.2	-=0.2	A=0.2	
Position 8235:	T=0.2	G=0.2	C=0.2	-=0.2	A=0.2	
Position 8236:	T=0.2	G=0.2	C=0.2	-=0.2	A=0.2	
Position 8237:	T=0.999989	G=2.5e-07	-=1e-05	A=2.5e-07	C=2.5e-07	
Position 8238:	T=0.999958	G=7.90569e-06	-=1e-05	A=7.90569e-06	C=7.90569e-06	
Position 8239:	T=2.5e-07	G=2.5e-07	-=1e-05	A=2.5e-07	C=0.999989	
Position 8240:	T=2.5e-07	G=2.5e-07	-=1e-05	A=0.999989	C=2.5e-07	
Position 8241:	T=2.5e-07	G=2.5e-07	-=1e-05	A=2.5e-07	C=0.999989	
Position 8242:	T=2.5e-07	G=2.5e-07	-=1e-05	A=2.5e-07	C=0.999989	
Position 8243:	T=0.999989	G=2.5e-07	-=1e-05	A=2.5e-07	C=2.5e-07	
Position 8244:	T=2.5e-07	G=0.999989	-=1e-05	A=2.5e-07	C=2.5e-07	
Position 8245:	T=0.999989	G=2.5e-07	-=1e-05	A=2.5e-07	C=2.5e-07	
Position 8246:	T=2.5e-07	G=0.999989	-=1e-05	A=2.5e-07	C=2.5e-07	
Position 8247:	T=2.5e-07	G=2.5e-07	-=1e-05	A=0.999989	C=2.5e-07	
Position 8248:	T=0.999989	G=2.5e-07	-=1e-05	A=2.5e-07	C=2.5e-07	
Position 8249:	T=0.999989	G=2.5e-07	-=1e-05	A=2.5e-07	C=2.5e-07	
Position 8250:	T=2.5e-07	G=2.5e-07	-=1e-05	A=0.999989	C=2.5e-07	
Position 8251:	T=2.5e-07	G=2.5e-07	-=1e-05	A=2.5e-07	C=0.999989	
Position 8252:	T=2.5e-07	G=0.999989	-=1e-05	A=2.5e-07	C=2.5e-07	
Position 8253:	T=2.5e-07	G=2.5e-07	-=1e-05	A=0.999989	C=2.5e-07	
Position 8254:	T=2.5e-07	G=2.5e-07	-=1e-05	A=0.999989	C=2.5e-07	
Position 8255:	T=2.5e-07	G=2.5e-07	-=1e-05	A=2.5e-07	C=0.999989	
Position 8256:	T=2.5e-07	G=2.5e-07	-=1e-05	A=0.999989	C=2.5e-07	
Position 8257:	T=2.5e-07	G=0.999989	-=1e-05	A=2.5e-07	C=2.5e-07	
Position 8258:	T=2.5e-07	G=2.5e-07	-=1e-05	A=2.5e-07	C=0.999989	
Position 8259:	T=2.5e-07	G=2.5e-07	-=1e-05	A=0.999989	C=2.5e-07	
Position 8260:	T=2.5e-07	G=2.5e-07	-=1e-05	A=2.5e-07	C=0.999989	
Position 8261:	T=2.5e-07	G=2.5e-07	-=1e-05	A=0.999989	C=2.5e-07	
Position 8262:	T=7.90569e-07	G=7.90569e-07	-=1e-05	A=7.90569e-07	C=0.999987	
Position 8263:	T=2.5e-07	G=0.999989	-=1e-05	A=2.5e-07	C=2.5e-07	
Position 8264:	T=0.999989	G=2.5e-07	-=1e-05	A=2.5e-07	C=2.5e-07	
Position 8265:	T=2.5e-07	G=2.5e-07	-=1e-05	A=0.999989	C=2.5e-07	
Position 8266:	T=2.5e-07	G=0.999989	-=1e-05	A=2.5e-07	C=2.5e-07	
Position 8267:	T=2.5e-07	G=2.5e-07	-=1e-05	A=0.999989	C=2.5e-07	
Position 8268:	T=2.5e-07	G=0.999989	-=1e-05	A=2.5e-07	C=2.5e-07	
Position 8269:	T=2.5e-07	G=0.999989	-=1e-05	A=2.5e-07	C=2.5e-07	
Position 8270:	T=2.5e-07	G=2.5e-07	-=1e-05	A=2.5e-07	C=0.999989	
Position 8271:	T=2.5e-07	G=2.5e-07	-=1e-05	A=0.999989	C=2.5e-07	
Position 8272:	T=2.5e-07	G=2.5e-07	-=1e-05	A=2.5e-07	C=0.999989	
Position 8273:	T=2.5e-07	G=2.5e-07	-=1e-05	A=2.5e-07	C=0.999989	
Position 8274:	T=0.999989	G=2.5e-07	-=1e-05	A=2.5e-07	C=2.5e-07	
Position 8275:	T=2.5e-07	G=2.5e-07	-=1e-05	A=0.999989	C=2.5e-07	
Position 8276:	T=0.999989	G=2.5e-07	-=1e-05	A=2.5e-07	C=2.5e-07	
Position 8277:	T=0.999989	G=3.14731e-07	-=1e-05	A=3.14731e-07	C=3.14731e-07	
Position 8278:	T=2.5e-07	G=2.5e-07	-=1e-05	A=2.5e-07	C=0.999989	
Position 8279:	T=0.2	G=0.2	C=0.2	-=0.2	A=0.2	
Position 8280:	T=2.5e-07	G=2.5e-07	-=1e-05	A=0.999989	C=2.5e-07	
Position 8281:	T=2.5e-07	G=0.999989	-=1e-05	A=2.5e-07	C=2.5e-07	
Position 8282:	T=2.5e-07	G=0.999989	-=1e-05	A=2.5e-07	C=2.5e-07	
Position 8283:	T=2.5e-07	G=2.5e-07	-=1e-05	A=0.999989	C=2.5e-07	
Position 8284:	T=0.999989	G=2.5e-07	-=1e-05	A=2.5e-07	C=2.5e-07	
Position 8285:	T=2.5e-07	G=2.5e-07	-=1e-05	A=2.5e-07	C=0.999989	
Position 8286:	T=2.5e-07	G=2.5e-07	-=1e-05	A=2.5e-07	C=0.999989	
Position 8287:	T=2.5e-07	G=2.5e-07	-=1e-05	A=0.999989	C=2.5e-07	
Position 8288:	T=0.999989	G=2.5e-07	-=1e-05	A=2.5e-07	C=2.5e-07	
Position 8289:	T=2.5e-07	G=2.5e-07	-=1e-05	A=0.999989	C=2.5e-07	
Position 8290:	T=2.5e-07	G=0.999989	-=1e-05	A=2.5e-07	C=2.5e-07	
Position 8291:	T=2.5e-07	G=2.5e-07	-=1e-05	A=2.5e-07	C=0.999989	
Position 8292:	T=2.5e-07	G=2.5e-07	-=1e-05	A=0.999989	C=2.5e-07	
Position 8293:	T=9.95268e-06	G=9.95268e-06	-=1e-05	A=9.95268e-06	C=0.99995	
Position 8294:	T=0.999989	G=2.5e-07	-=1e-05	A=2.5e-07	C=2.5e-07	
Position 8295:	T=0.999989	G=2.5e-07	-=1e-05	A=2.5e-07	C=2.5e-07	
Position 8296:	T=2.5e-07	G=0.999989	-=1e-05	A=2.5e-07	C=2.5e-07	
Position 8297:	T=2.5e-07	G=0.999989	-=1e-05	A=2.5e-07	C=2.5e-07	
Position 8298:	T=0.999989	G=2.5e-07	-=1e-05	A=2.5e-07	C=2.5e-07	
Position 8299:	T=0.999989	G=2.5e-07	-=1e-05	A=2.5e-07	C=2.5e-07	
Position 8300:	T=2.5e-07	G=2.5e-07	-=1e-05	A=2.5e-07	C=0.999989	
Position 8301:	T=2.5e-07	G=2.5e-07	-=1e-05	A=2.5e-07	C=0.999989	
Position 8302:	T=2.5e-07	G=0.999989	-=1e-05	A=2.5e-07	C=2.5e-07	
Position 8303:	T=0.999989	G=2.5e-07	-=1e-05	A=2.5e-07	C=2.5e-07	
Position 8304:	T=2.5e-07	G=2.5e-07	-=1e-05	A=0.999989	C=2.5e-07	
Position 8305:	T=2.5e-07	G=2.5e-07	-=1e-05	A=2.5e-07	C=0.999989	
Position 8306:	T=0.999989	G=2.5e-07	-=1e-05	A=2.5e-07	C=2.5e-07	
Position 8307:	T=2.5e-07	G=2.5e-07	-=1e-05	A=2.5e-07	C=0.999989	
Position 8308:	T=2.5e-07	G=2.5e-07	-=1e-05	A=2.5e-07	C=0.999989	
Position 8309:	T=0.999989	G=2.5e-07	-=1e-05	A=2.5e-07	C=2.5e-07	
Position 8310:	T=2.5e-07	G=2.5e-07	-=1e-05	A=0.999989	C=2.5e-07	
Position 8311:	T=2.5e-07	G=2.5e-07	-=1e-05	A=0.999989	C=2.5e-07	
Position 8312:	T=2.5e-07	G=2.5e-07	-=1e-05	A=0.999989	C=2.5e-07	
Position 8313:	T=2.5e-07	G=2.5e-07	-=1e-05	A=0.999989	C=2.5e-07	
Position 8314:	T=2.5e-07	G=2.5e-07	-=1e-05	A=2.5e-07	C=0.999989	
Position 8315:	T=0.999989	G=2.5e-07	-=1e-05	A=2.5e-07	C=2.5e-07	
Position 8316:	T=2.5e-07	G=2.5e-07	-=1e-05	A=0.999989	C=2.5e-07	
Position 8317:	T=2.5e-07	G=0.999989	-=1e-05	A=2.5e-07	C=2.5e-07	
Position 8318:	T=2.5e-07	G=0.999989	-=1e-05	A=2.5e-07	C=2.5e-07	
Position 8319:	T=0.999989	G=2.5e-07	-=1e-05	A=2.5e-07	C=2.5e-07	
Position 8320:	T=2.5e-07	G=0.999989	-=1e-05	A=2.5e-07	C=2.5e-07	
Position 8321:	T=2.5e-07	G=0.999989	-=1e-05	A=2.5e-07	C=2.5e-07	
Position 8322:	T=2.5e-07	G=2.5e-07	-=1e-05	A=2.5e-07	C=0.999989	
Position 8323:	T=0.999989	G=2.5e-07	-=1e-05	A=2.5e-07	C=2.5e-07	
Position 8324:	T=2.5e-07	G=2.5e-07	-=1e-05	A=0.999989	C=2.5e-07	
Position 8325:	T=0.999989	G=2.5e-07	-=1e-05	A=2.5e-07	C=2.5e-07	
Position 8326:	T=2.5e-07	G=0.999989	-=1e-05	A=2.5e-07	C=2.5e-07	
Position 8327:	T=2.5e-07	G=2.5e-07	-=1e-05	A=0.999989	C=2.5e-07	
Position 8328:	T=2.5e-07	G=2.5e-07	-=1e-05	A=2.5e-07	C=0.999989	
Position 8329:	T=2.5e-07	G=2.5e-07	-=1e-05	A=0.999989	C=2.5e-07	
Position 8330:	T=0.999989	G=2.5e-07	-=1e-05	A=2.5e-07	C=2.5e-07	
Position 8331:	T=2.5e-07	G=2.5e-07	-=1e-05	A=0.999989	C=2.5e-07	
Position 8332:	T=0.2	G=0.2	C=0.2	-=0.2	A=0.2	
Position 8333:	T=2.5e-07	G=2.5e-07	-=1e-05	A=0.999989	C=2.5e-07	
Position 8334:	T=2.5e-07	G=2.5e-07	-=1e-05	A=2.5e-07	C=0.999989	
Position 8335:	T=2.5e-07	G=0.999989	-=1e-05	A=2.5e-07	C=2.5e-07	
Position 8336:	T=2.5e-07	G=2.5e-07	-=1e-05	A=0.999989	C=2.5e-07	
Position 8337:	T=2.5e-07	G=2.5e-07	-=1e-05	A=0.999989	C=2.5e-07	
Position 8338:	T=0.999989	G=2.5e-07	-=1e-05	A=2.5e-07	C=2.5e-07	
Position 8339:	T=0.999989	G=2.5e-07	-=1e-05	A=2.5e-07	C=2.5e-07	
Position 8340:	T=2.5e-07	G=2.5e-07	-=1e-05	A=0.999989	C=2.5e-07	
Position 8341:	T=2.5e-07	G=2.5e-07	-=1e-05	A=2.5e-07	C=0.999989	
Position 8342:	T=2.5e-07	G=2.5e-07	-=1e-05	A=0.999989	C=2.5e-07	
Position 8343:	T=2.5e-07	G=2.5e-07	-=1e-05	A=0.999989	C=2.5e-07	
Position 8344:	T=2.5e-07	G=0.999989	-=1e-05	A=2.5e-07	C=2.5e-07	
Position 8345:	T=2.5e-07	G=2.5e-07	-=1e-05	A=0.999989	C=2.5e-07	
Position 8346:	T=2.5e-07	G=2.5e-07	-=1e-05	A=2.5e-07	C=0.999989	
Position 8347:	T=0.999989	G=2.5e-07	-=1e-05	A=2.5e-07	C=2.5e-07	
Position 8348:	T=2.5e-07	G=2.5e-07	-=1e-05	A=0.999989	C=2.5e-07	
Position 8349:	T=2.5e-07	G=2.5e-07	-=1e-05	A=2.5e-07	C=0.999989	
Position 8350:	T=0.999989	G=2.5e-07	-=1e-05	A=2.5e-07	C=2.5e-07	
Position 8351:	T=0.999989	G=2.5e-07	-=1e-05	A=2.5e-07	C=2.5e-07	
Position 8352:	T=2.5e-07	G=0.999989	-=1e-05	A=2.5e-07	C=2.5e-07	
Position 8353:	T=2.5e-07	G=0.999989	-=1e-05	A=2.5e-07	C=2.5e-07	
Position 8354:	T=0.999989	G=2.5e-07	-=1e-05	A=2.5e-07	C=2.5e-07	
Position 8355:	T=2.5e-07	G=0.999989	-=1e-05	A=2.5e-07	C=2.5e-07	
Position 8356:	T=2.5e-07	G=2.5e-07	-=1e-05	A=2.5e-07	C=0.999989	
Position 8357:	T=0.999989	G=2.5e-07	-=1e-05	A=2.5e-07	C=2.5e-07	
Position 8358:	T=0.999989	G=3.14731e-07	-=1e-05	A=3.14731e-07	C=3.14731e-07	
Position 8359:	T=0.999989	G=2.5e-07	-=1e-05	A=2.5e-07	C=2.5e-07	
Position 8360:	T=2.5e-07	G=2.5e-07	-=1e-05	A=0.999989	C=2.5e-07	
Position 8361:	T=2.5e-07	G=2.5e-07	-=1e-05	A=0.999989	C=2.5e-07	
Position 8362:	T=2.5e-07	G=2.5e-07	-=1e-05	A=2.5e-07	C=0.999989	
Position 8363:	T=2.5e-07	G=0.999989	-=1e-05	A=2.5e-07	C=2.5e-07	
Position 8364:	T=2.5e-07	G=2.5e-07	-=1e-05	A=0.999989	C=2.5e-07	
Position 8365:	T=2.5e-07	G=0.999989	-=1e-05	A=2.5e-07	C=2.5e-07	
Position 8366:	T=2.5e-07	G=2.5e-07	-=1e-05	A=2.5e-07	C=0.999989	
Position 8367:	T=0.999989	G=2.5e-07	-=1e-05	A=2.5e-07	C=2.5e-07	
Position 8368:	T=0.999989	G=2.5e-07	-=1e-05	A=2.5e-07	C=2.5e-07	
Position 8369:	T=2.5e-07	G=2.5e-07	-=1e-05	A=2.5e-07	C=0.999989	
Position 8370:	T=2.5e-07	G=2.5e-07	-=1e-05	A=0.999989	C=2.5e-07	
Position 8371:	T=0.999989	G=2.5e-07	-=1e-05	A=2.5e-07	C=2.5e-07	
Position 8372:	T=2.5e-07	G=0.999989	-=1e-05	A=2.5e-07	C=2.5e-07	
Position 8373:	T=2.5e-07	G=0.999989	-=1e-05	A=2.5e-07	C=2.5e-07	
Position 8374:	T=2.5e-07	G=2.5e-07	-=1e-05	A=0.999989	C=2.5e-07	
Position 8375:	T=0.999989	G=2.5e-07	-=1e-05	A=2.5e-07	C=2.5e-07	
Position 8376:	T=0.999989	G=2.5e-07	-=1e-05	A=2.5e-07	C=2.5e-07	
Position 8377:	T=2.5e-07	G=2.5e-07	-=1e-05	A=0.999989	C=2.5e-07	
Position 8378:	T=2.5e-07	G=2.5e-07	-=1e-05	A=2.5e-07	C=0.999989	
Position 8379:	T=2.5e-07	G=2.5e-07	-=1e-05	A=2.5e-07	C=0.999989	
Position 8380:	T=2.5e-07	G=2.5e-07	-=1e-05	A=2.5e-07	C=0.999989	
Position 8381:	T=2.5e-07	G=2.5e-07	-=1e-05	A=2.5e-07	C=0.999989	
Position 8382:	T=0.999989	G=2.5e-07	-=1e-05	A=2.5e-07	C=2.5e-07	
Position 8383:	T=0.999989	G=2.5e-07	-=1e-05	A=2.5e-07	C=2.5e-07	
Position 8384:	T=2.5e-07	G=2.5e-07	-=1e-05	A=2.5e-07	C=0.999989	
Position 8385:	T=2.5e-07	G=2.5e-07	-=1e-05	A=0.999989	C=2.5e-07	
Position 8386:	T=0.999989	G=2.5e-07	-=1e-05	A=2.5e-07	C=2.5e-07	
Position 8387:	T=2.5e-07	G=2.5e-07	-=1e-05	A=0.999989	C=2.5e-07	
Position 8388:	T=2.5e-07	G=2.5e-07	-=1e-05	A=0.999989	C=2.5e-07	
Position 8389:	T=0.999989	G=2.5e-07	-=1e-05	A=2.5e-07	C=2.5e-07	
Position 8390:	T=2.5e-07	G=2.5e-07	-=1e-05	A=0.999989	C=2.5e-07	
Position 8391:	T=2.5e-07	G=2.5e-07	-=1e-05	A=2.5e-07	C=0.999989	
Position 8392:	T=0.999989	G=2.5e-07	-=1e-05	A=2.5e-07	C=2.5e-07	
Position 8393:	T=2.5e-07	G=2.5e-07	-=1e-05	A=2.5e-07	C=0.999989	
Position 8394:	T=0.999989	G=2.5e-07	-=1e-05	A=2.5e-07	C=2.5e-07	
Position 8395:	T=2.5e-07	G=2.5e-07	-=1e-05	A=2.5e-07	C=0.999989	
Position 8396:	T=2.5e-07	G=0.999989	-=1e-05	A=2.5e-07	C=2.5e-07	
Position 8397:	T=2.5e-07	G=2.5e-07	-=1e-05	A=2.5e-07	C=0.999989	
Position 8398:	T=0.999989	G=2.5e-07	-=1e-05	A=2.5e-07	C=2.5e-07	
Position 8399:	T=2.5e-07	G=2.5e-07	-=1e-05	A=0.999989	C=2.5e-07	
Position 8400:	T=0.999989	G=2.5e-07	-=1e-05	A=2.5e-07	C=2.5e-07	
Position 8401:	T=2.5e-07	G=2.5e-07	-=1e-05	A=0.999989	C=2.5e-07	
Position 8402:	T=2.5e-07	G=2.5e-07	-=1e-05	A=0.999989	C=2.5e-07	
Position 8403:	T=0.999989	G=2.5e-07	-=1e-05	A=2.5e-07	C=2.5e-07	
Position 8404:	T=2.5e-07	G=2.5e-07	-=1e-05	A=2.5e-07	C=0.999989	
Position 8405:	T=2.5e-07	G=0.999989	-=1e-05	A=2.5e-07	C=2.5e-07	
Position 8406:	T=2.5e-07	G=2.5e-07	-=1e-05	A=2.5e-07	C=0.999989	
Position 8407:	T=2.5e-07	G=2.5e-07	-=1e-05	A=2.5e-07	C=0.999989	
Position 8408:	T=2.5e-07	G=2.5e-07	-=1e-05	A=2.5e-07	C=0.999989	
Position 8409:	T=2.5e-07	G=2.5e-07	-=1e-05	A=0.999989	C=2.5e-07	
Position 8410:	T=2.5e-07	G=2.5e-07	-=1e-05	A=2.5e-07	C=0.999989	
Position 8411:	T=2.5e-07	G=0.999989	-=1e-05	A=2.5e-07	C=2.5e-07	
Position 8412:	T=2.5e-07	G=0.999989	-=1e-05	A=2.5e-07	C=2.5e-07	
Position 8413:	T=2.5e-07	G=2.5e-07	-=1e-05	A=0.999989	C=2.5e-07	
Position 8414:	T=2.5e-07	G=2.5e-07	-=1e-05	A=2.5e-07	C=0.999989	
Position 8415:	T=2.5e-07	G=0.999989	-=1e-05	A=2.5e-07	C=2.5e-07	
Position 8416:	T=2.5e-07	G=2.5e-07	-=1e-05	A=0.999989	C=2.5e-07	
Position 8417:	T=2.5e-07	G=2.5e-07	-=1e-05	A=0.999989	C=2.5e-07	
Position 8418:	T=2.5e-07	G=2.5e-07	-=1e-05	A=0.999989	C=2.5e-07	
Position 8419:	T=2.5e-07	G=2.5e-07	-=1e-05	A=2.5e-07	C=0.999989	
Position 8420:	T=0.999989	G=2.5e-07	-=1e-05	A=2.5e-07	C=2.5e-07	
Position 8421:	T=3.14731e-07	G=3.14731e-07	-=1e-05	A=3.14731e-07	C=0.999989	
Position 8422:	T=2.5e-07	G=2.5e-07	-=1e-05	A=2.5e-07	C=0.999989	
Position 8423:	T=0.999989	G=2.5e-07	-=1e-05	A=2.5e-07	C=2.5e-07	
Position 8424:	T=2.5e-07	G=0.999989	-=1e-05	A=2.5e-07	C=2.5e-07	
Position 8425:	T=2.5e-07	G=2.5e-07	-=1e-05	A=0.999989	C=2.5e-07	
Position 8426:	T=0.999989	G=2.5e-07	-=1e-05	A=2.5e-07	C=2.5e-07	
Position 8427:	T=0.999989	G=2.5e-07	-=1e-05	A=2.5e-07	C=2.5e-07	
Position 8428:	T=0.000198582	G=0.000198582	-=1e-05	A=0.000198582	C=0.999196	
Position 8429:	T=2.5e-07	G=2.5e-07	-=1e-05	A=2.5e-07	C=0.999989	
Position 8430:	T=2.5e-07	G=2.5e-07	-=1e-05	A=0.999989	C=2.5e-07	
Position 8431:	T=2.5e-07	G=2.5e-07	-=1e-05	A=0.999989	C=2.5e-07	
Position 8432:	T=2.5e-07	G=0.999989	-=1e-05	A=2.5e-07	C=2.5e-07	
Position 8433:	T=0.999989	G=2.5e-07	-=1e-05	A=2.5e-07	C=2.5e-07	
Position 8434:	T=2.5e-07	G=2.5e-07	-=1e-05	A=0.999989	C=2.5e-07	
Position 8435:	T=0.999989	G=2.5e-07	-=1e-05	A=2.5e-07	C=2.5e-07	
Position 8436:	T=2.5e-07	G=0.999989	-=1e-05	A=2.5e-07	C=2.5e-07	
Position 8437:	T=0.999989	G=2.5e-07	-=1e-05	A=2.5e-07	C=2.5e-07	
Position 8438:	T=2.5e-07	G=2.5e-07	-=1e-05	A=2.5e-07	C=0.999989	
Position 8439:	T=0.2	G=0.2	C=0.2	-=0.2	A=0.2	
Position 8440:	T=0.999989	G=2.5e-07	-=1e-05	A=2.5e-07	C=2.5e-07	
Position 8441:	T=2.5e-07	G=2.5e-07	-=1e-05	A=2.5e-07	C=0.999989	
Position 8442:	T=2.5e-07	G=2.5e-07	-=1e-05	A=0.999989	C=2.5e-07	
Position 8443:	T=2.5e-07	G=2.5e-07	-=1e-05	A=2.5e-07	C=0.999989	
Position 8444:	T=0.999989	G=2.5e-07	-=1e-05	A=2.5e-07	C=2.5e-07	
Position 8445:	T=2.5e-07	G=0.999989	-=1e-05	A=2.5e-07	C=2.5e-07	
Position 8446:	T=0.999989	G=2.5e-07	-=1e-05	A=2.5e-07	C=2.5e-07	
Position 8447:	T=0.999989	G=2.5e-07	-=1e-05	A=2.5e-07	C=2.5e-07	
Position 8448:	T=2.5e-07	G=2.5e-07	-=1e-05	A=2.5e-07	C=0.999989	
Position 8449:	T=2.5e-07	G=0.999989	-=1e-05	A=2.5e-07	C=2.5e-07	
Position 8450:	T=2.5e-07	G=2.5e-07	-=1e-05	A=2.5e-07	C=0.999989	
Position 8451:	T=2.5e-07	G=2.5e-07	-=1e-05	A=0.999989	C=2.5e-07	
Position 8452:	T=0.999989	G=2.5e-07	-=1e-05	A=2.5e-07	C=2.5e-07	
Position 8453:	T=2.5e-07	G=2.5e-07	-=1e-05	A=2.5e-07	C=0.999989	
Position 8454:	T=2.5e-07	G=0.999989	-=1e-05	A=2.5e-07	C=2.5e-07	
Position 8455:	T=0.999989	G=2.5e-07	-=1e-05	A=2.5e-07	C=2.5e-07	
Position 8456:	T=2.5e-07	G=0.999989	-=1e-05	A=2.5e-07	C=2.5e-07	
Position 8457:	T=0.999989	G=2.5e-07	-=1e-05	A=2.5e-07	C=2.5e-07	
Position 8458:	T=0.999989	G=2.5e-07	-=1e-05	A=2.5e-07	C=2.5e-07	
Position 8459:	T=2.5e-07	G=0.999989	-=1e-05	A=2.5e-07	C=2.5e-07	
Position 8460:	T=2.5e-07	G=2.5e-07	-=1e-05	A=0.999989	C=2.5e-07	
Position 8461:	T=2.5e-07	G=2.5e-07	-=1e-05	A=2.5e-07	C=0.999989	
Position 8462:	T=0.999989	G=2.5e-07	-=1e-05	A=2.5e-07	C=2.5e-07	
Position 8463:	T=2.5e-07	G=2.5e-07	-=1e-05	A=0.999989	C=2.5e-07	
Position 8464:	T=2.5e-07	G=0.999989	-=1e-05	A=2.5e-07	C=2.5e-07	
Position 8465:	T=0.999989	G=2.5e-07	-=1e-05	A=2.5e-07	C=2.5e-07	
Position 8466:	T=2.5e-07	G=2.5e-07	-=1e-05	A=0.999989	C=2.5e-07	
Position 8467:	T=0.999989	G=2.5e-07	-=1e-05	A=2.5e-07	C=2.5e-07	
Position 8468:	T=2.5e-07	G=2.5e-07	-=1e-05	A=2.5e-07	C=0.999989	
Position 8469:	T=2.5e-07	G=2.5e-07	-=1e-05	A=0.999989	C=2.5e-07	
Position 8470:	T=0.999989	G=2.5e-07	-=1e-05	A=2.5e-07	C=2.5e-07	
Position 8471:	T=2.5e-07	G=0.999989	-=1e-05	A=2.5e-07	C=2.5e-07	
Position 8472:	T=0.999989	G=2.5e-07	-=1e-05	A=2.5e-07	C=2.5e-07	
Position 8473:	T=2.5e-07	G=2.5e-07	-=1e-05	A=2.5e-07	C=0.999989	
Position 8474:	T=0.999989	G=2.5e-07	-=1e-05	A=2.5e-07	C=2.5e-07	
Position 8475:	T=2.5e-07	G=2.5e-07	-=1e-05	A=2.5e-07	C=0.999989	
Position 8476:	T=2.5e-07	G=2.5e-07	-=1e-05	A=0.999989	C=2.5e-07	
Position 8477:	T=2.5e-07	G=2.5e-07	-=1e-05	A=2.5e-07	C=0.999989	
Position 8478:	T=0.999989	G=2.5e-07	-=1e-05	A=2.5e-07	C=2.5e-07	
Position 8479:	T=2.5e-07	G=2.5e-07	-=1e-05	A=0.999989	C=2.5e-07	
Position 8480:	T=2.5e-07	G=2.5e-07	-=1e-05	A=0.999989	C=2.5e-07	
Position 8481:	T=0.999989	G=2.5e-07	-=1e-05	A=2.5e-07	C=2.5e-07	
Position 8482:	T=2.5e-07	G=2.5e-07	-=1e-05	A=2.5e-07	C=0.999989	
Position 8483:	T=0.999989	G=2.5e-07	-=1e-05	A=2.5e-07	C=2.5e-07	
Position 8484:	T=2.5e-07	G=2.5e-07	-=1e-05	A=0.999989	C=2.5e-07	
Position 8485:	T=2.5e-07	G=0.999989	-=1e-05	A=2.5e-07	C=2.5e-07	
Position 8486:	T=2.5e-07	G=2.5e-07	-=1e-05	A=2.5e-07	C=0.999989	
Position 8487:	T=2.5e-07	G=2.5e-07	-=1e-05	A=0.999989	C=2.5e-07	
Position 8488:	T=2.5e-07	G=2.5e-07	-=1e-05	A=2.5e-07	C=0.999989	
Position 8489:	T=0.999989	G=2.5e-07	-=1e-05	A=2.5e-07	C=2.5e-07	
Position 8490:	T=2.5e-07	G=2.5e-07	-=1e-05	A=2.5e-07	C=0.999989	
Position 8491:	T=2.5e-07	G=2.5e-07	-=1e-05	A=2.5e-07	C=0.999989	
Position 8492:	T=2.5e-07	G=2.5e-07	-=1e-05	A=2.5e-07	C=0.999989	
Position 8493:	T=0.999989	G=2.5e-07	-=1e-05	A=2.5e-07	C=2.5e-07	
Position 8494:	T=0.2	G=0.2	C=0.2	-=0.2	A=0.2	
Position 8495:	T=2.5e-07	G=0.999989	-=1e-05	A=2.5e-07	C=2.5e-07	
Position 8496:	T=0.999989	G=2.5e-07	-=1e-05	A=2.5e-07	C=2.5e-07	
Position 8497:	T=0.999989	G=2.5e-07	-=1e-05	A=2.5e-07	C=2.5e-07	
Position 8498:	T=2.5e-07	G=2.5e-07	-=1e-05	A=0.999989	C=2.5e-07	
Position 8499:	T=2.5e-07	G=2.5e-07	-=1e-05	A=0.999989	C=2.5e-07	
Position 8500:	T=0.999989	G=2.5e-07	-=1e-05	A=2.5e-07	C=2.5e-07	
Position 8501:	T=2.5e-07	G=2.5e-07	-=1e-05	A=0.999989	C=2.5e-07	
Position 8502:	T=2.5e-07	G=0.999989	-=1e-05	A=2.5e-07	C=2.5e-07	
Position 8503:	T=2.5e-07	G=0.999989	-=1e-05	A=2.5e-07	C=2.5e-07	
Position 8504:	T=2.5e-07	G=2.5e-07	-=1e-05	A=0.999989	C=2.5e-07	
Position 8505:	T=2.5e-07	G=2.5e-07	-=1e-05	A=0.999989	C=2.5e-07	
Position 8506:	T=2.5e-07	G=2.5e-07	-=1e-05	A=2.5e-07	C=0.999989	
Position 8507:	T=2.5e-07	G=2.5e-07	-=1e-05	A=2.5e-07	C=0.999989	
Position 8508:	T=2.5e-07	G=2.5e-07	-=1e-05	A=0.999989	C=2.5e-07	
Position 8509:	T=2.5e-07	G=2.5e-07	-=1e-05	A=0.999989	C=2.5e-07	
Position 8510:	T=2.5e-07	G=2.5e-07	-=1e-05	A=2.5e-07	C=0.999989	
Position 8511:	T=2.5e-07	G=2.5e-07	-=1e-05	A=0.999989	C=2.5e-07	
Position 8512:	T=0.999989	G=2.5e-07	-=1e-05	A=2.5e-07	C=2.5e-07	
Position 8513:	T=0.999989	G=2.5e-07	-=1e-05	A=2.5e-07	C=2.5e-07	
Position 8514:	T=0.999989	G=2.5e-07	-=1e-05	A=2.5e-07	C=2.5e-07	
Position 8515:	T=0.999989	G=2.5e-07	-=1e-05	A=2.5e-07	C=2.5e-07	
Position 8516:	T=2.5e-07	G=2.5e-07	-=1e-05	A=2.5e-07	C=0.999989	
Position 8517:	T=2.5e-07	G=2.5e-07	-=1e-05	A=0.999989	C=2.5e-07	
Position 8518:	T=0.999989	G=2.5e-07	-=1e-05	A=2.5e-07	C=2.5e-07	
Position 8519:	T=0.999989	G=2.5e-07	-=1e-05	A=2.5e-07	C=2.5e-07	
Position 8520:	T=2.5e-07	G=2.5e-07	-=1e-05	A=0.999989	C=2.5e-07	
Position 8521:	T=2.5e-07	G=2.5e-07	-=1e-05	A=2.5e-07	C=0.999989	
Position 8522:	T=0.999989	G=2.5e-07	-=1e-05	A=2.5e-07	C=2.5e-07	
Position 8523:	T=2.5e-07	G=0.999989	-=1e-05	A=2.5e-07	C=2.5e-07	
Position 8524:	T=0.2	G=0.2	C=0.2	-=0.2	A=0.2	
