pos	refBase	base	qual	avgmapq	cov	supp	pa	pc	pg	pt
1	C	C	9.30207	-12.6717	2	1	0.016605	9.30207	0.0166051	0.505131
2	T	T	21.7268	37	4	4	6.29393e-06	0.029267	6.29407e-06	21.7268
3	T	T	26.0863	37	4	4	6.3209e-06	0.0106948	6.32104e-06	26.0863
4	T	T	37.5717	37	6	6	7.65267e-09	0.000759704	7.65302e-09	37.5717
5	T	T	62.5106	37	9	9	3.21315e-13	2.43627e-06	3.21331e-13	62.5106
6	T	T	89.5203	37	12	12	1.35525e-17	4.85011e-09	1.35525e-17	89.5203
7	A	A	184.896	37	13	13	184.896	5.42101e-19	5.42101e-19	5.42101e-19
8	T	T	126.31	37	14	14	0	1.01566e-12	0	126.31
9	T	T	159.274	37	17	17	0	5.1337e-16	0	159.274
10	T	T	186.222	37	17	17	0	1.0842e-18	0	186.222
11	A	A	253.908	37	18	18	253.908	0	0	0
12	C	C	253.982	37	18	18	0	253.982	0	0
13	C	C	263.622	37	20	19	0	263.622	0	0
14	G	G	299.953	37	21	21	0	0	299.953	0
15	A	A	330.794	37	23	23	330.794	0	0	0
16	A	A	345.383	37	24	24	345.383	0	0	0
17	A	A	374.564	37	26	26	374.564	0	0	0
18	A	A	389.154	37	27	27	389.154	0	0	0
19	A	A	429.052	35.2537	30	30	429.052	0	0	0
20	G	G	407.536	35.2537	30	29	0	0	407.536	0
21	T	T	393.908	35.2537	30	30	0	0	0	393.908
22	A	A	457.271	35.3445	32	32	457.271	0	0	0
23	C	C	440.851	35.3445	32	31	0	440.851	0	0
24	G	G	476.693	35.3864	33	33	0	0	476.693	0
25	C	C	469	35.4641	35	33	0	469	0	0
26	A	A	516.524	35.5002	36	36	516.524	0	0	0
27	A	A	516.291	35.5002	36	36	516.291	0	0	0
28	G	G	577.758	35.6289	40	40	0	0	577.758	0
29	A	A	601.926	35.6853	42	42	601.926	0	0	0
30	A	A	592.023	35.6853	42	42	592.023	0	0	0
31	C	C	615.322	35.7117	43	43	0	615.322	0	0
32	T	T	569.312	35.7117	43	43	0	0	0	569.312
33	G	G	632.587	35.7371	44	44	0	0	632.587	0
34	C	C	660.573	35.8077	47	46	0	660.573	0	0
35	T	T	601.902	35.7371	44	44	0	0	0	601.902
36	A	A	628.423	35.7616	45	45	628.423	0	0	0
37	A	A	617.76	35.7117	43	43	617.76	0	0	0
38	T	T	607.736	35.7616	45	45	0	0	0	607.736
39	T	T	622.144	35.7616	45	45	0	0	0	622.144
40	C	C	661.287	35.8077	47	46	0	661.287	0	0
41	A	A	691.874	35.8504	49	49	691.874	0	0	0
42	T	T	661.57	35.8504	49	49	0	0	0	661.57
43	G	G	646.467	35.8504	49	46	0	0	646.467	0
44	C	C	673.756	35.8707	50	48	0	673.756	0	0
45	G	G	668.308	35.8504	49	47	0	0	668.308	0
46	T	T	691.867	35.8504	49	49	0	0	0	691.867
47	C	C	670.841	35.8504	49	47	0	670.841	0	0
48	C	C	606.674	37	46	43	0	606.674	0	0
49	A	A	646.192	37	48	48	646.192	0	0	0
50	T	T	661.171	37	48	48	0	0	0	661.171
51	G	G	631.723	37	45	44	0	0	631.723	0
52	C	C	636.308	37	46	45	0	636.308	0	0
53	A	A	627.781	37	46	46	627.781	0	0	0
54	T	T	622.206	37	45	45	0	0	0	622.206
55	A	A	647.166	37	46	46	647.166	0	0	0
56	A	A	658.885	37	48	48	658.885	0	0	0
57	A	A	642.388	37	46	46	642.388	0	0	0
58	A	A	661.437	37	48	48	661.437	0	0	0
59	T	T	659.737	37	49	49	0	0	0	659.737
60	C	C	669.401	37	49	47	0	669.401	0	0
61	G	G	706.702	37	49	49	0	0	706.702	0
62	T	T	654.47	37	48	48	0	0	0	654.47
63	G	G	736.922	37	51	51	0	0	736.922	0
64	G	G	724.766	37	52	51	0	0	724.766	0
65	C	C	698.02	37	51	49	0	698.02	0	0
66	T	T	711.624	37	52	52	0	0	0	711.624
67	T	T	709.392	37	53	53	0	0	0	709.392
68	T	T	731.424	37	53	53	0	0	0	731.424
69	T	T	712.131	37	51	51	0	0	0	712.131
70	T	T	704.016	37	53	53	0	0	0	704.016
71	C	C	743.987	37	53	52	0	743.987	0	0
72	A	A	713.615	37	54	54	713.615	0	0	0
73	A	A	708.5	37	51	51	708.5	0	0	0
74	C	C	692.008	37	51	49	0	692.008	0	0
75	T	T	687.945	37	51	51	0	0	0	687.945
76	T	T	705.948	35.9273	53	53	0	0	0	705.948
77	T	T	716.867	35.9273	53	53	0	0	0	716.867
78	T	T	748.383	35.9785	56	56	0	0	0	748.383
79	A	A	779.622	35.9785	56	56	779.622	0	0	0
80	A	A	805.914	36.0251	59	59	805.914	0	0	0
81	A	A	813.22	36.0397	60	60	813.22	0	0	0
82	G	G	811.809	36.0538	61	58	0	0	811.809	0
83	G	G	859.559	36.0675	62	60	0	0	859.559	0
84	A	A	840.188	36.0538	61	61	840.188	0	0	0
85	T	T	836.716	36.0809	63	63	0	0	0	836.716
86	G	G	843.561	36.0397	60	59	0	0	843.561	0
87	G	G	882.402	36.0538	61	61	0	0	882.402	0
88	A	A	884.335	36.0809	63	63	884.335	0	0	0
89	A	A	888.375	36.0809	63	63	888.375	0	0	0
90	G	G	892.006	36.0938	64	62	0	0	892.006	0
91	T	T	882.696	35.3657	65	65	0	0	0	882.696
92	A	A	928.342	35.3864	66	66	928.342	0	0	0
93	A	A	949.684	35.4066	67	67	949.684	0	0	0
94	T	T	906.574	35.3864	66	66	0	0	0	906.574
95	C	C	937.453	35.4262	68	66	0	937.453	0	0
96	C	C	963.382	35.4262	68	67	0	963.382	0	0
97	A	A	943.039	35.4641	70	70	943.039	0	0	0
98	T	T	975.175	35.4641	70	70	0	0	0	975.175
99	T	T	931.08	35.4066	67	67	0	0	0	931.08
100	G	G	880.604	35.4066	67	63	0	0	880.604	0
101	G	G	889.174	35.3445	64	62	0	0	889.174	0
102	T	T	904.057	35.3657	65	65	0	0	0	904.057
103	C	C	878.886	36.0675	62	61	0	878.886	0	0
104	T	T	879.247	36.0809	63	63	0	0	0	879.247
105	T	T	845.458	36.0397	60	60	0	0	0	845.458
106	A	A	775.108	36.0251	59	59	775.108	0	0	0
107	G	G	753.328	36.0397	60	55	0	0	753.328	0
108	G	G	791.898	37	59	56	0	0	791.898	0
109	A	A	732.968	37	56	56	732.968	0	0	0
110	A	A	797.981	37	60	60	797.981	0	0	0
111	C	C	797.254	37	58	56	0	797.254	0	0
112	C	C	803.919	37	57	56	0	803.919	0	0
113	A	A	799.135	37	59	59	799.135	0	0	0
114	A	A	804.63	37	60	60	804.63	0	0	0
115	A	A	797.773	37	61	61	797.773	0	0	0
116	A	A	794.326	37	61	61	794.326	0	0	0
117	A	A	808.476	37	62	62	808.476	0	0	0
118	A	A	798.431	37	59	59	798.431	0	0	0
119	T	T	790.581	37	58	58	0	0	0	790.581
120	T	T	750.414	37	54	54	0	0	0	750.414
121	G	G	768.49	37	53	53	0	0	768.49	0
122	G	G	797.071	37	55	55	0	0	797.071	0
123	T	T	791.807	37	58	58	0	0	0	791.807
124	G	G	869.172	37	60	60	0	0	869.172	0
125	C	C	862.476	37	61	60	0	862.476	0	0
126	A	A	894.117	37	63	63	894.117	0	0	0
127	A	A	946.999	37	66	66	946.999	0	0	0
128	C	C	906.938	37	67	64	0	906.938	0	0
129	T	T	906.504	37	67	67	0	0	0	906.504
130	C	C	950.209	37	70	67	0	950.209	0	0
131	C	C	975.342	37	70	68	0	975.342	0	0
132	A	A	978.498	37	71	71	978.498	0	0	0
133	A	A	962.307	37	70	70	962.307	0	0	0
134	A	A	994.254	37	72	72	994.254	0	0	0
135	T	T	961.102	37	70	70	0	0	0	961.102
136	A	A	1020.07	37	71	71	1020.07	0	0	0
137	A	A	1026.89	37	73	73	1026.89	0	0	0
138	A	A	1036.46	37	74	74	1036.46	0	0	0
139	A	A	998.551	37	74	74	998.551	0	0	0
140	G	G	966.128	37	74	69	0	0	966.128	0
141	T	T	1036.65	37	73	73	0	0	0	1036.65
142	A	A	921.73	37	71	71	921.73	0	0	0
143	A	A	917.236	37	71	71	917.236	0	0	0
144	T	T	946.608	37	68	68	0	0	0	946.608
145	C	C	951.414	37	67	66	0	951.414	0	0
146	A	A	873.87	37	66	66	873.87	0	0	0
147	A	A	886.105	37	66	66	886.105	0	0	0
148	T	T	888.854	37	66	66	0	0	0	888.854
149	T	T	873.994	37	65	65	0	0	0	873.994
150	T	T	847.795	37	63	63	0	0	0	847.795
151	G	G	897.36	37	62	62	0	0	897.36	0
152	T	T	872.936	37	63	63	0	0	0	872.936
153	T	T	888.524	37	65	65	0	0	0	888.524
154	T	T	895.873	37	65	65	0	0	0	895.873
155	A	A	926.286	37	68	68	926.286	0	0	0
156	C	C	905.904	37	68	64	0	905.904	0	0
157	T	T	901.773	37	68	68	0	0	0	901.773
158	T	T	905.21	37	67	67	0	0	0	905.21
159	C	C	952.572	37	69	67	0	952.572	0	0
160	C	C	951.654	37	69	67	0	951.654	0	0
161	T	T	951.297	37	70	70	0	0	0	951.297
162	C	C	931.383	37	67	65	0	931.383	0	0
163	T	T	951.073	37	69	69	0	0	0	951.073
164	A	A	970.321	37	70	70	970.321	0	0	0
165	T	T	961.697	37	70	70	0	0	0	961.697
166	T	T	959.237	37	69	69	0	0	0	959.237
167	A	A	941.057	37	69	69	941.057	0	0	0
168	T	T	945.297	37	68	68	0	0	0	945.297
169	C	C	1022.88	37	72	71	0	1022.88	0	0
170	A	A	966.151	37	70	70	966.151	0	0	0
171	T	T	948.182	37	70	70	0	0	0	948.182
172	A	A	957.142	37	71	71	957.142	0	0	0
173	A	A	947.534	37	72	72	947.534	0	0	0
174	C	C	1036.59	37	72	72	0	1036.59	0	0
175	T	T	967.35	37	70	70	0	0	0	967.35
176	T	T	942.401	37	69	69	0	0	0	942.401
177	T	T	936.791	37	68	68	0	0	0	936.791
178	G	G	914.162	37	66	64	0	0	914.162	0
179	C	C	936.926	37	66	65	0	936.926	0	0
180	T	T	892.926	37	65	65	0	0	0	892.926
181	C	C	904.686	37	65	63	0	904.686	0	0
182	A	A	892.932	37	67	67	892.932	0	0	0
183	T	T	915.134	37	66	66	0	0	0	915.134
184	A	A	884.178	37	66	66	884.178	0	0	0
185	T	T	900.906	37	65	65	0	0	0	900.906
186	T	T	847.436	37	62	62	0	0	0	847.436
187	A	A	918.935	37	64	64	918.935	0	0	0
188	A	A	912.271	37	65	65	912.271	0	0	0
189	C	C	949.931	37	66	66	0	949.931	0	0
190	G	G	934.852	37	67	65	0	0	934.852	0
191	A	A	900.449	37	66	66	900.449	0	0	0
192	T	T	941.788	37	68	68	0	0	0	941.788
193	A	A	875.71	37	66	66	875.71	0	0	0
194	C	C	918.574	37	66	64	0	918.574	0	0
195	C	C	880.302	37	65	62	0	880.302	0	0
196	G	G	894.731	37	66	63	0	0	894.731	0
197	A	A	832.701	37	61	61	832.701	0	0	0
198	T	T	837.825	37	60	60	0	0	0	837.825
199	T	T	838.042	37	61	61	0	0	0	838.042
200	A	A	819.574	37	59	59	819.574	0	0	0
201	T	T	807.878	37	57	57	0	0	0	807.878
202	C	C	799.994	37	58	56	0	799.994	0	0
203	C	C	830.138	37	60	58	0	830.138	0	0
204	T	T	825.6	37	59	59	0	0	0	825.6
205	C	C	817.527	37	61	58	0	817.527	0	0
206	A	A	852.862	37	60	60	852.862	0	0	0
207	C	C	814.351	36.0538	61	58	0	814.351	0	0
208	C	C	849.732	36.0397	60	59	0	849.732	0	0
209	A	A	852.001	36.0675	62	62	852.001	0	0	0
210	G	G	890.152	36.0809	63	62	0	0	890.152	0
211	C	C	844.39	36.0538	61	59	0	844.39	0	0
212	G	G	818.957	36.0538	61	58	0	0	818.957	0
213	C	C	867.551	36.0538	61	60	0	867.551	0	0
214	T	T	827.152	36.0251	59	59	0	0	0	827.152
215	T	T	850.957	36.0675	62	62	0	0	0	850.957
216	C	C	921.385	36.1187	66	65	0	921.385	0	0
217	A	A	920.604	36.1187	66	66	920.604	0	0	0
218	A	A	924.651	36.1064	65	65	924.651	0	0	0
219	C	C	964.507	36.1306	67	67	0	964.507	0	0
220	A	A	1013.57	35.5176	73	73	1013.57	0	0	0
221	C	C	974.085	35.4641	70	68	0	974.085	0	0
222	A	A	998.594	35.5176	73	73	998.594	0	0	0
223	C	C	1047.93	35.5346	74	73	0	1047.93	0	0
224	A	A	963.914	35.5002	72	72	963.914	0	0	0
225	A	A	973.993	35.5176	73	73	973.993	0	0	0
226	A	A	977.605	35.5176	73	73	977.605	0	0	0
227	A	A	970.97	35.5002	72	72	970.97	0	0	0
228	A	A	955.518	35.4641	70	70	955.518	0	0	0
229	C	C	962.136	35.4454	69	67	0	962.136	0	0
230	A	A	934.488	34.8367	69	69	934.488	0	0	0
231	A	A	900.479	34.8118	68	68	900.479	0	0	0
232	A	A	888.68	34.76	66	66	888.68	0	0	0
233	T	T	931.606	34.76	66	66	0	0	0	931.606
234	C	C	922.487	34.7331	65	64	0	922.487	0	0
235	C	C	880.83	34.7056	64	62	0	880.83	0	0
236	T	T	864.226	34.6485	62	62	0	0	0	864.226
237	A	A	821.001	34.0116	60	60	821.001	0	0	0
238	C	C	859.282	34.0819	62	60	0	859.282	0	0
239	C	C	892.752	34.0819	62	62	0	892.752	0	0
240	C	G	807.343	34.0472	61	57	0	0	807.343	0
241	A	A	817.931	34.0116	60	60	817.931	0	0	0
242	C	C	833.577	34.0116	60	58	0	833.577	0	0
243	A	A	844.682	34.0819	62	62	844.682	0	0	0
244	A	A	802.733	34.0116	60	60	802.733	0	0	0
245	T	T	799.014	34.5251	58	58	0	0	0	799.014
246	A	A	827.224	34.6485	62	62	827.224	0	0	0
247	T	T	834.352	34.6188	61	61	0	0	0	834.352
248	G	G	887.427	34.7056	64	62	0	0	887.427	0
249	T	T	814.512	34.6485	62	62	0	0	0	814.512
250	A	A	847.94	34.6774	63	63	847.94	0	0	0
251	A	A	819.196	34.5572	59	59	819.196	0	0	0
252	A	A	823.182	35.2044	58	58	823.182	0	0	0
253	A	A	836.893	35.2537	60	60	836.893	0	0	0
254	A	A	826.528	35.2773	61	61	826.528	0	0	0
255	C	C	852.593	36.0251	59	59	0	852.593	0	0
256	T	T	816.732	36.01	58	58	0	0	0	816.732
257	A	A	786.583	36.0397	60	60	786.583	0	0	0
258	C	C	838.688	36.01	58	58	0	838.688	0	0
259	A	A	781.686	36.01	58	58	781.686	0	0	0
260	G	G	809.123	36.0251	59	57	0	0	809.123	0
261	T	T	777.486	35.9945	57	57	0	0	0	777.486
262	C	C	755.177	35.945	54	53	0	755.177	0	0
263	T	T	752.905	35.945	54	54	0	0	0	752.905
264	C	C	748.247	37	53	52	0	748.247	0	0
265	T	T	754.45	37	53	53	0	0	0	754.45
266	T	T	727.67	37	51	51	0	0	0	727.67
267	A	A	676.35	37	51	51	676.35	0	0	0
268	T	T	690.788	37	49	49	0	0	0	690.788
269	G	G	679.564	37	49	48	0	0	679.564	0
270	C	C	706.566	37	50	49	0	706.566	0	0
271	T	T	681.403	37	51	51	0	0	0	681.403
272	T	T	678.72	37	51	51	0	0	0	678.72
273	T	T	680.666	37	51	51	0	0	0	680.666
274	C	C	728.642	37	52	51	0	728.642	0	0
275	A	A	712.548	37	51	51	712.548	0	0	0
276	T	T	715.101	37	53	53	0	0	0	715.101
277	A	A	728.292	37	53	53	728.292	0	0	0
278	A	A	725.962	37	54	54	725.962	0	0	0
279	T	T	736.576	37	55	55	0	0	0	736.576
280	C	C	777.474	37	55	54	0	777.474	0	0
281	A	A	721.997	37	54	54	721.997	0	0	0
282	G	G	762.211	37	54	53	0	0	762.211	0
283	T	T	726.464	37	55	55	0	0	0	726.464
284	A	A	785.117	37	59	59	785.117	0	0	0
285	C	C	716.924	37	58	53	0	716.924	0	0
286	C	C	843.942	37	60	59	0	843.942	0	0
287	A	A	802.614	37	58	58	802.614	0	0	0
288	T	T	760.799	37	58	58	0	0	0	760.799
289	T	T	779.024	37	57	57	0	0	0	779.024
290	C	C	768.767	36.01	58	55	0	768.767	0	0
291	C	C	805.103	36.0397	60	57	0	805.103	0	0
292	C	C	861.252	36.0538	61	60	0	861.252	0	0
293	A	A	861.303	36.0538	61	61	861.303	0	0	0
294	T	T	850.94	36.0675	62	62	0	0	0	850.94
295	A	A	872.016	36.0938	64	64	872.016	0	0	0
296	G	G	924.728	36.1422	68	65	0	0	924.728	0
297	T	T	889.58	36.1064	65	65	0	0	0	889.58
298	A	A	912.931	36.1187	66	66	912.931	0	0	0
299	A	A	911.734	36.1306	67	67	911.734	0	0	0
300	T	T	873.518	36.0938	64	64	0	0	0	873.518
301	A	A	892.061	36.1064	65	65	892.061	0	0	0
302	T	T	896.676	36.0938	64	64	0	0	0	896.676
303	T	T	911.369	36.1187	66	66	0	0	0	911.369
304	C	C	923.068	36.0938	64	64	0	923.068	0	0
305	C	C	910.304	36.0938	64	63	0	910.304	0	0
306	T	T	894.118	36.1187	66	66	0	0	0	894.118
307	T	T	895.163	36.1535	69	69	0	0	0	895.163
308	T	T	887.422	36.1306	67	67	0	0	0	887.422
309	A	A	927.797	36.1535	69	69	927.797	0	0	0
310	C	C	885.238	36.1306	67	64	0	885.238	0	0
311	T	T	885.359	36.1306	67	67	0	0	0	885.359
312	C	C	868.1	36.1187	66	62	0	868.1	0	0
313	A	A	965.347	36.1422	68	68	965.347	0	0	0
314	G	G	950.338	36.1306	67	66	0	0	950.338	0
315	G	G	963.737	36.1422	68	67	0	0	963.737	0
316	G	G	884.187	36.1306	67	63	0	0	884.187	0
317	C	C	902.243	36.1306	67	64	0	902.243	0	0
318	A	A	931.684	36.1752	71	71	931.684	0	0	0
319	A	A	898.959	36.1306	67	67	898.959	0	0	0
320	G	G	846.965	36.0938	64	60	0	0	846.965	0
321	A	A	845.048	37	61	61	845.048	0	0	0
322	A	A	862.73	37	63	63	862.73	0	0	0
323	G	G	896.602	37	64	63	0	0	896.602	0
324	T	T	883.467	37	64	64	0	0	0	883.467
325	A	A	855.679	37	62	62	855.679	0	0	0
326	A	A	855.61	37	62	62	855.61	0	0	0
327	T	T	861.58	37	64	64	0	0	0	861.58
328	T	T	856.949	37	62	62	0	0	0	856.949
329	A	A	871.729	37	64	64	871.729	0	0	0
330	T	T	869.15	37	64	64	0	0	0	869.15
331	T	T	880.601	37	66	66	0	0	0	880.601
332	T	T	896.96	37	66	66	0	0	0	896.96
333	C	C	889.326	37	65	63	0	889.326	0	0
334	A	A	870.692	37	64	64	870.692	0	0	0
335	A	A	875.2	37	64	64	875.2	0	0	0
336	A	A	909.174	37	67	67	909.174	0	0	0
337	C	C	916.064	37	66	64	0	916.064	0	0
338	T	T	850.693	37	62	62	0	0	0	850.693
339	G	G	876.626	37	62	61	0	0	876.626	0
340	A	A	844.479	37	63	63	844.479	0	0	0
341	C	C	878.999	37	63	61	0	878.999	0	0
342	A	A	852.792	37	62	62	852.792	0	0	0
343	T	T	857.661	37	63	63	0	0	0	857.661
344	T	T	835.165	37	61	61	0	0	0	835.165
345	G	G	838.485	37	60	59	0	0	838.485	0
346	A	A	810.481	37	61	61	810.481	0	0	0
347	A	A	805.538	37	61	61	805.538	0	0	0
348	T	T	844.106	37	59	59	0	0	0	844.106
349	A	A	754.455	37	56	56	754.455	0	0	0
350	A	A	742.038	37	53	53	742.038	0	0	0
351	C	C	763.866	37	54	53	0	763.866	0	0
352	T	T	756.865	37	53	53	0	0	0	756.865
353	A	A	685.077	37	51	51	685.077	0	0	0
354	T	T	729.844	37	51	51	0	0	0	729.844
355	T	T	721.051	37	50	50	0	0	0	721.051
356	C	C	720.823	35.8902	51	50	0	720.823	0	0
357	A	A	684.129	35.8707	50	50	684.129	0	0	0
358	A	A	664.899	35.8294	48	48	664.899	0	0	0
359	A	A	713.188	35.8902	51	51	713.188	0	0	0
360	C	C	672.771	35.8902	51	48	0	672.771	0	0
361	C	C	653.715	35.8902	51	47	0	653.715	0	0
362	C	C	756.55	35.962	55	53	0	756.55	0	0
363	T	T	721.065	35.9785	56	56	0	0	0	721.065
364	A	A	767.419	35.962	55	55	767.419	0	0	0
365	A	A	772.186	35.9785	56	56	772.186	0	0	0
366	A	A	776.803	35.9945	57	57	776.803	0	0	0
367	G	G	773.814	36.01	58	55	0	0	773.814	0
368	C	C	792.16	36.0251	59	56	0	792.16	0	0
369	T	T	769.461	35.9785	56	56	0	0	0	769.461
370	A	A	757.493	35.9945	57	57	757.493	0	0	0
371	A	A	741.365	35.9945	57	57	741.365	0	0	0
372	C	C	747.953	35.962	55	53	0	747.953	0	0
373	T	T	742.561	35.962	55	55	0	0	0	742.561
374	C	C	777.157	35.945	54	54	0	777.157	0	0
375	T	T	749.824	35.9785	56	56	0	0	0	749.824
376	A	A	749.102	37	55	55	749.102	0	0	0
377	A	A	744.489	37	56	56	744.489	0	0	0
378	G	G	737.829	37	55	52	0	0	737.829	0
379	C	C	737.334	37	55	52	0	737.334	0	0
380	T	T	767.939	37	57	57	0	0	0	767.939
381	T	T	745.807	37	55	55	0	0	0	745.807
382	T	T	732.923	37	54	54	0	0	0	732.923
383	A	A	788.996	37	56	56	788.996	0	0	0
384	A	A	831.437	37	59	59	831.437	0	0	0
385	G	G	856.886	37	61	60	0	0	856.886	0
386	C	C	878.648	37	62	61	0	878.648	0	0
387	T	T	830.001	37	61	61	0	0	0	830.001
388	A	A	889.932	37	63	63	889.932	0	0	0
389	G	G	924.288	37	64	64	0	0	924.288	0
390	A	A	893.099	37	66	66	893.099	0	0	0
391	C	C	969.35	37	70	68	0	969.35	0	0
392	T	T	892.051	37	68	68	0	0	0	892.051
393	A	A	896.164	37	68	68	896.164	0	0	0
394	C	C	908.279	37	66	64	0	908.279	0	0
395	T	T	885.832	37	65	65	0	0	0	885.832
396	T	T	899.351	37	64	64	0	0	0	899.351
397	C	C	837.822	37	63	60	0	837.822	0	0
398	T	T	856.302	37	63	63	0	0	0	856.302
399	C	C	809.039	37	62	58	0	809.039	0	0
400	A	A	864.081	37	63	63	864.081	0	0	0
401	G	G	909.282	37	64	63	0	0	909.282	0
402	T	T	891.59	37	68	68	0	0	0	891.59
403	A	A	955.381	37	69	69	955.381	0	0	0
404	A	A	932.9	37	66	66	932.9	0	0	0
405	T	T	910.639	37	69	69	0	0	0	910.639
406	T	T	935.874	37	70	70	0	0	0	935.874
407	T	T	944.688	37	69	69	0	0	0	944.688
408	T	T	976.038	37	73	73	0	0	0	976.038
409	T	T	977.19	37	73	73	0	0	0	977.19
410	A	A	1049.07	37	74	74	1049.07	0	0	0
411	T	T	1025.47	37	77	77	0	0	0	1025.47
412	G	G	1100.07	37	77	76	0	0	1100.07	0
413	C	C	1062	37	77	75	0	1062	0	0
414	C	C	1087.48	37	78	76	0	1087.48	0	0
415	A	A	1146.68	37	80	80	1146.68	0	0	0
416	G	G	1171.73	37	82	81	0	0	1171.73	0
417	T	T	1133.88	37	82	82	0	0	0	1133.88
418	A	A	1135.56	37	84	84	1135.56	0	0	0
419	G	G	1224.35	37	86	85	0	0	1224.35	0
420	C	C	1186.07	37	83	82	0	1186.07	0	0
421	C	C	1171.87	37	82	81	0	1171.87	0	0
422	C	C	1180.86	37	85	83	0	1180.86	0	0
423	T	T	1102.09	37	80	80	0	0	0	1102.09
424	G	G	1128.21	37	79	78	0	0	1128.21	0
425	T	T	1094.45	37	78	78	0	0	0	1094.45
426	T	T	1072.23	37	77	77	0	0	0	1072.23
427	C	C	1088.43	37	75	75	0	1088.43	0	0
428	G	G	1079.52	37	76	75	0	0	1079.52	0
429	T	T	1068.12	37	75	75	0	0	0	1068.12
430	C	C	1101.43	37	79	77	0	1101.43	0	0
431	A	A	1046.86	37	78	78	1046.86	0	0	0
432	C	C	1096.95	37	76	76	0	1096.95	0	0
433	A	A	1040.14	37	76	76	1040.14	0	0	0
434	T	T	1024.21	37	77	77	0	0	0	1024.21
435	G	G	1081.08	37	76	75	0	0	1081.08	0
436	A	A	1054.48	37	77	77	1054.48	0	0	0
437	T	T	1049	37	78	78	0	0	0	1049
438	C	C	1038.99	37	80	74	0	1038.99	0	0
439	G	G	1077.91	37	79	76	0	0	1077.91	0
440	A	A	1084.83	37	78	78	1084.83	0	0	0
441	T	T	1042.69	37	75	75	0	0	0	1042.69
442	C	C	1074.25	37	76	75	0	1074.25	0	0
443	A	A	1053.39	37	75	75	1053.39	0	0	0
444	T	T	1074.37	37	78	78	0	0	0	1074.37
445	G	G	1127.55	37	79	78	0	0	1127.55	0
446	G	G	1095.03	37	78	76	0	0	1095.03	0
447	A	A	1093.31	37	78	78	1093.31	0	0	0
448	G	G	1127.53	37	79	78	0	0	1127.53	0
449	T	T	1113.31	37	81	81	0	0	0	1113.31
450	T	T	1113.17	37	80	80	0	0	0	1113.17
451	T	T	1085.78	37	77	77	0	0	0	1085.78
452	T	T	1084.74	37	77	77	0	0	0	1084.74
453	C	C	1099.45	37	77	76	0	1099.45	0	0
454	C	C	1077.68	37	77	75	0	1077.68	0	0
455	A	A	1044.41	37	76	76	1044.41	0	0	0
456	T	T	1044.8	37	80	80	0	0	0	1044.8
457	T	T	1054.45	37	80	80	0	0	0	1054.45
458	T	T	1071.47	37	81	81	0	0	0	1071.47
459	G	G	1077.67	37	81	76	0	0	1077.67	0
460	A	A	1070.11	37	79	79	1070.11	0	0	0
461	T	T	1071.32	37	76	76	0	0	0	1071.32
462	A	A	1093.73	37	80	80	1093.73	0	0	0
463	T	T	1085.57	37	79	79	0	0	0	1085.57
464	A	A	1049.18	37	79	79	1049.18	0	0	0
465	T	T	1069.39	37	79	79	0	0	0	1069.39
466	A	A	1058.79	37	79	79	1058.79	0	0	0
467	C	C	1110.57	37	78	77	0	1110.57	0	0
468	A	A	1031.39	37	79	79	1031.39	0	0	0
469	C	C	1038.03	37	73	72	0	1038.03	0	0
470	A	A	991.396	37	73	73	991.396	0	0	0
471	C	C	1040.46	37	72	72	0	1040.46	0	0
472	T	T	987.919	37	71	71	0	0	0	987.919
473	G	G	928.055	37	69	66	0	0	928.055	0
474	A	A	925.21	37	68	68	925.21	0	0	0
475	T	T	953.272	37	67	67	0	0	0	953.272
476	C	C	941.811	37	66	65	0	941.811	0	0
477	T	T	926.529	37	66	66	0	0	0	926.529
478	C	C	917.36	37	66	64	0	917.36	0	0
479	A	A	980.883	37	69	69	980.883	0	0	0
480	A	A	974.675	37	69	69	974.675	0	0	0
481	C	C	1002.42	37	72	70	0	1002.42	0	0
482	A	A	1083.42	37	77	77	1083.42	0	0	0
483	T	T	999.609	37	76	76	0	0	0	999.609
484	C	C	1030.43	37	77	73	0	1030.43	0	0
485	A	A	1064.17	37	76	76	1064.17	0	0	0
486	A	A	1102.58	37	79	79	1102.58	0	0	0
487	C	C	1111.87	37	78	77	0	1111.87	0	0
488	C	C	1150.78	37	81	80	0	1150.78	0	0
489	A	A	1085.69	37	80	80	1085.69	0	0	0
490	T	T	1081.83	37	79	79	0	0	0	1081.83
491	T	T	1111.02	37	80	80	0	0	0	1111.02
492	T	T	1093.35	37	78	78	0	0	0	1093.35
493	C	C	1087.11	37	76	75	0	1087.11	0	0
494	T	T	1049.91	37	74	74	0	0	0	1049.91
495	T	T	1035.54	37	72	72	0	0	0	1035.54
496	C	C	1030.38	37	71	71	0	1030.38	0	0
497	A	A	1018	37	73	73	1018	0	0	0
498	A	A	1032.6	37	74	74	1032.6	0	0	0
499	A	A	1018.97	37	74	74	1018.97	0	0	0
500	T	T	1045.72	37	75	75	0	0	0	1045.72
501	A	A	992.937	37	75	75	992.937	0	0	0
502	C	C	1002.47	37	76	72	0	1002.47	0	0
503	C	C	1067.37	37	75	74	0	1067.37	0	0
504	T	T	1006.1	37	72	72	0	0	0	1006.1
505	A	A	869.568	37	68	68	869.568	0	0	0
506	C	C	937.274	37	66	65	0	937.274	0	0
507	T	T	914.939	37	64	64	0	0	0	914.939
508	C	C	848.272	37	61	59	0	848.272	0	0
509	A	A	780.099	37	60	60	780.099	0	0	0
510	T	T	803.635	37	58	58	0	0	0	803.635
511	A	A	784.302	37	58	58	784.302	0	0	0
512	T	T	776.703	37	58	58	0	0	0	776.703
513	T	T	765.876	37	57	57	0	0	0	765.876
514	C	C	833.506	37	58	58	0	833.506	0	0
515	C	C	764.796	37	57	54	0	764.796	0	0
516	T	T	787.406	37	57	57	0	0	0	787.406
517	T	T	774.852	37	56	56	0	0	0	774.852
518	A	A	720.555	37	54	54	720.555	0	0	0
519	T	T	754.415	37	56	56	0	0	0	754.415
520	C	C	790.328	37	55	55	0	790.328	0	0
521	A	A	739.202	37	56	56	739.202	0	0	0
522	C	C	797.379	37	58	56	0	797.379	0	0
523	T	T	757.034	37	59	59	0	0	0	757.034
524	A	A	796.708	37	59	59	796.708	0	0	0
525	T	T	776.539	37	63	63	0	0	0	776.539
526	A	A	827.987	37	60	60	827.987	0	0	0
527	A	A	842.359	37	61	61	842.359	0	0	0
528	T	T	818.437	37	63	63	0	0	0	818.437
529	A	A	842.485	37	61	61	842.485	0	0	0
530	A	A	879.022	37	63	63	879.022	0	0	0
531	T	T	842.717	37	62	62	0	0	0	842.717
532	T	T	850.018	37	62	62	0	0	0	850.018
533	C	C	879.146	37	62	61	0	879.146	0	0
534	T	T	859.555	37	65	65	0	0	0	859.555
535	A	A	938.833	37	67	67	938.833	0	0	0
536	G	G	980.231	37	69	68	0	0	980.231	0
537	T	T	920.062	37	69	69	0	0	0	920.062
538	G	G	965.102	37	67	67	0	0	965.102	0
539	A	A	913.764	37	65	65	913.764	0	0	0
540	C	C	941.645	37	65	65	0	941.645	0	0
541	C	C	944.096	37	67	66	0	944.096	0	0
542	G	G	979.202	37	68	68	0	0	979.202	0
543	C	C	975.675	37	70	68	0	975.675	0	0
544	A	A	915.334	37	66	66	915.334	0	0	0
545	A	A	939.281	37	70	69	939.281	0	0	0
546	A	A	951.181	37	69	69	951.181	0	0	0
547	T	T	936.957	37	69	69	0	0	0	936.957
548	A	A	951.318	37	69	69	951.318	0	0	0
549	A	A	934.883	37	67	67	934.883	0	0	0
550	T	T	950.488	37	69	69	0	0	0	950.488
551	C	C	926.713	37	68	65	0	926.713	0	0
552	T	T	958.606	37	69	69	0	0	0	958.606
553	A	A	999.281	37	72	72	999.281	0	0	0
554	C	C	967.159	37	73	69	0	967.159	0	0
555	T	T	1008.73	37	73	73	0	0	0	1008.73
556	T	T	968.83	37	72	72	0	0	0	968.83
557	C	C	957.632	37	71	68	0	957.632	0	0
558	A	A	963.33	37	71	71	963.33	0	0	0
559	A	A	930.705	37	69	69	930.705	0	0	0
560	C	C	1013.47	37	71	70	0	1013.47	0	0
561	T	T	974.81	37	68	68	0	0	0	974.81
562	A	A	894.852	37	68	68	894.852	0	0	0
563	T	T	919.061	37	67	66	0	0	0	919.061
564	T	T	904.904	37	66	66	0	0	0	904.904
565	C	C	859.387	37	66	61	0	859.387	0	0
566	A	A	894.93	37	66	66	894.93	0	0	0
567	T	T	879.595	37	66	66	0	0	0	879.595
568	C	C	863.711	37	64	61	0	863.711	0	0
569	G	G	901.294	37	65	63	0	0	901.294	0
570	G	G	851.074	37	63	60	0	0	851.074	0
571	C	C	910.402	37	66	64	0	910.402	0	0
572	T	T	857.342	37	62	62	0	0	0	857.342
573	G	G	870.013	37	66	62	0	0	870.013	0
574	A	A	921.378	37	68	68	921.378	0	0	0
575	G	G	952.684	37	67	66	0	0	952.684	0
576	A	A	903.796	37	65	65	903.796	0	0	0
577	A	A	904.952	37	64	64	904.952	0	0	0
578	G	G	879.696	37	65	62	0	0	879.696	0
579	G	G	936.968	37	65	65	0	0	936.968	0
580	A	A	913.117	37	67	67	913.117	0	0	0
581	G	G	935.954	37	69	66	0	0	935.954	0
582	T	T	930.829	37	69	69	0	0	0	930.829
583	A	A	946.066	37	67	67	946.066	0	0	0
584	G	G	994.495	37	70	69	0	0	994.495	0
585	G	G	977.517	37	70	68	0	0	977.517	0
586	G	G	1040.83	37	72	72	0	0	1040.83	0
587	A	A	1014.8	37	74	74	1014.8	0	0	0
588	T	T	999.266	37	75	75	0	0	0	999.266
589	C	C	1058.01	36.2249	76	74	0	1058.01	0	0
590	A	A	1045.37	36.2249	76	76	1045.37	0	0	0
591	T	T	1019.24	36.2155	75	75	0	0	0	1019.24
592	A	A	1015.07	36.1959	73	73	1015.07	0	0	0
593	T	T	1015.72	36.1857	72	72	0	0	0	1015.72
594	C	C	1004.15	35.4824	71	70	0	1004.15	0	0
595	T	T	1007.01	35.4824	71	71	0	0	0	1007.01
596	T	T	1011.05	35.4824	71	71	0	0	0	1011.05
597	T	T	998.261	35.4641	70	70	0	0	0	998.261
598	C	C	1002.51	35.5346	74	71	0	1002.51	0	0
599	C	C	987.809	35.4824	71	69	0	987.809	0	0
600	T	T	962.714	35.4641	70	70	0	0	0	962.714
601	C	C	976.979	35.4641	70	68	0	976.979	0	0
602	C	C	948.773	35.4641	70	67	0	948.773	0	0
603	T	T	980.303	35.4824	71	71	0	0	0	980.303
604	T	T	962.543	35.4641	70	70	0	0	0	962.543
605	A	A	977.235	35.4641	70	70	977.235	0	0	0
606	T	T	989.336	35.5176	73	73	0	0	0	989.336
607	C	C	1101.62	35.6141	79	77	0	1101.62	0	0
608	G	G	1108.26	35.5989	78	77	0	0	1108.26	0
609	G	G	1098.2	35.5675	76	76	0	0	1098.2	0
610	A	A	1051.44	35.5834	77	77	1051.44	0	0	0
611	T	T	1020.69	35.5512	75	75	0	0	0	1020.69
612	G	G	1005.74	35.5512	75	71	0	0	1005.74	0
613	G	G	1045.44	35.5512	75	73	0	0	1045.44	0
614	T	T	1058.78	35.5675	76	76	0	0	0	1058.78
615	G	G	1037.28	36.2249	76	73	0	0	1037.28	0
616	G	G	1027	36.2249	76	73	0	0	1027	0
617	T	T	1004.3	36.1959	73	73	0	0	0	1004.3
618	A	A	993.429	36.2155	75	75	993.429	0	0	0
619	C	C	1063.68	36.2155	75	74	0	1063.68	0	0
620	G	G	960.336	36.1857	72	68	0	0	960.336	0
621	G	G	980.114	36.1752	71	69	0	0	980.114	0
622	A	A	981.599	36.1857	72	72	981.599	0	0	0
623	C	C	1008.09	36.1752	71	70	0	1008.09	0	0
624	G	G	1024.87	36.1857	72	71	0	0	1024.87	0
625	A	A	1039.62	37	72	72	1039.62	0	0	0
626	G	G	998.822	37	72	70	0	0	998.822	0
627	C	C	975.325	37	73	69	0	975.325	0	0
628	A	A	1065.77	37	76	76	1065.77	0	0	0
629	G	G	1101.56	37	78	77	0	0	1101.56	0
630	A	A	1094.5	37	80	80	1094.5	0	0	0
631	C	C	1167	37	82	81	0	1167	0	0
632	G	G	1138.93	37	80	79	0	0	1138.93	0
633	C	C	1056.08	37	79	75	0	1056.08	0	0
634	C	C	1109.67	37	78	77	0	1109.67	0	0
635	A	A	1074.33	37	78	78	1074.33	0	0	0
636	A	A	1092.67	37	80	80	1092.67	0	0	0
637	T	T	1096.27	37	79	79	0	0	0	1096.27
638	A	A	1076.44	37	79	79	1076.44	0	0	0
639	C	C	1082.56	37	80	76	0	1082.56	0	0
640	A	A	1046.97	37	76	76	1046.97	0	0	0
641	G	G	1056.67	37	73	73	0	0	1056.67	0
642	C	C	1057.81	37	73	73	0	1057.81	0	0
643	C	C	1058.24	37	73	73	0	1058.24	0	0
644	G	G	1049.55	37	75	73	0	0	1049.55	0
645	C	C	1071.17	37	76	75	0	1071.17	0	0
646	T	T	1045.17	37	77	77	0	0	0	1045.17
647	C	C	1081.67	37	75	75	0	1081.67	0	0
648	T	T	1004.78	37	74	74	0	0	0	1004.78
649	A	A	984.598	37	73	73	984.598	0	0	0
650	C	C	998.404	37	74	70	0	998.404	0	0
651	A	A	979.212	37	74	73	979.212	0	0	0
652	A	A	997.236	37	72	72	997.236	0	0	0
653	G	G	1009.64	37	74	71	0	0	1009.64	0
654	C	C	1064.4	37	74	74	0	1064.4	0	0
655	A	A	1031.24	37	76	76	1031.24	0	0	0
656	G	G	1106.49	36.2432	78	77	0	0	1106.49	0
657	T	T	1025.88	36.2342	77	77	0	0	0	1025.88
658	C	C	1046.26	35.5512	75	73	0	1046.26	0	0
659	C	C	985.1	35.5176	73	70	0	985.1	0	0
660	T	T	1023.84	35.5675	76	76	0	0	0	1023.84
661	A	A	971.926	35.5346	74	74	971.926	0	0	0
662	T	T	986.997	35.5002	72	72	0	0	0	986.997
663	A	A	977.805	35.5002	72	72	977.805	0	0	0
664	C	C	950.077	35.4824	71	67	0	950.077	0	0
665	A	A	932.833	35.4824	71	71	932.833	0	0	0
666	A	A	935.302	35.4641	70	70	935.302	0	0	0
667	T	T	971.208	35.5002	72	72	0	0	0	971.208
668	C	C	1009.66	35.4641	70	70	0	1009.66	0	0
669	G	G	964.117	35.4262	68	67	0	0	964.117	0
670	C	C	926.183	35.3864	66	65	0	926.183	0	0
671	A	A	937.795	35.3864	66	66	937.795	0	0	0
672	T	T	934.417	35.4262	68	68	0	0	0	934.417
673	C	C	952.919	34.8612	70	67	0	952.919	0	0
674	G	G	1011.44	34.885	71	70	0	0	1011.44	0
675	G	G	1006.17	34.9083	72	70	0	0	1006.17	0
676	A	A	1013.31	34.9534	74	74	1013.31	0	0	0
677	G	G	999.432	35.5176	73	70	0	0	999.432	0
678	A	A	1031.61	35.5512	75	75	1031.61	0	0	0
679	T	T	1029.75	35.5834	77	77	0	0	0	1029.75
680	G	G	1084.79	35.0175	77	76	0	0	1084.79	0
681	T	T	1039.86	35.0379	78	78	0	0	0	1039.86
682	A	A	1050.17	35.0175	77	77	1050.17	0	0	0
683	G	G	1062.48	34.9966	76	74	0	0	1062.48	0
684	G	G	1003.47	34.9966	76	72	0	0	1003.47	0
685	C	C	1074.01	35.0175	77	75	0	1074.01	0	0
686	T	T	1041.27	34.9966	76	76	0	0	0	1041.27
687	T	T	1056.88	35.058	79	79	0	0	0	1056.88
688	T	T	1063.34	34.6113	81	81	0	0	0	1063.34
689	A	A	1106.87	34.5884	80	79	1106.87	0	0	0
690	T	T	1054.94	34.5412	78	78	0	0	0	1054.94
691	C	C	1106.43	34.6113	81	78	0	1106.43	0	0
692	A	A	1129.39	34.1747	81	81	1129.39	0	0	0
693	T	A	1119.15	34.2001	82	82	1119.15	0	0	0
694	A	A	1104.18	34.225	83	83	1104.18	0	0	0
695	G	G	1101.84	34.1224	79	77	0	0	1101.84	0
696	C	C	1138.75	34.1747	81	79	0	1138.75	0	0
697	C	C	1137.03	34.6113	81	79	0	1137.03	0	0
698	A	A	1061.14	35.0776	80	80	1061.14	0	0	0
699	T	T	1077.69	35.058	79	79	0	0	0	1077.69
700	A	A	1038.48	35.0175	77	77	1038.48	0	0	0
701	G	G	1080.79	34.9752	75	75	0	0	1080.79	0
702	C	C	1082.45	34.9752	75	75	0	1082.45	0	0
703	C	C	1026.01	34.9966	76	72	0	1026.01	0	0
704	T	T	1036.85	34.9752	75	75	0	0	0	1036.85
705	G	G	1059.91	34.9534	74	74	0	0	1059.91	0
706	A	A	1046.73	34.9752	75	75	1046.73	0	0	0
707	T	T	1044.21	34.9966	76	76	0	0	0	1044.21
708	T	T	1065.68	35.5675	76	76	0	0	0	1065.68
709	T	T	1079.26	35.5989	78	78	0	0	0	1079.26
710	T	T	1045.48	35.5675	76	76	0	0	0	1045.48
711	T	T	1057.97	35.5834	77	77	0	0	0	1057.97
712	A	A	1027.09	36.2342	77	77	1027.09	0	0	0
713	C	C	1038.8	36.1959	73	72	0	1038.8	0	0
714	T	T	998.027	36.1752	71	71	0	0	0	998.027
715	C	C	997.547	36.1645	70	69	0	997.547	0	0
716	A	A	941.513	36.1535	69	69	941.513	0	0	0
717	A	A	965.733	36.1645	70	70	965.733	0	0	0
718	T	T	1009.14	36.1959	73	73	0	0	0	1009.14
719	A	A	960.876	36.1645	70	70	960.876	0	0	0
720	C	C	964.764	36.1422	68	67	0	964.764	0	0
721	A	A	936.206	36.1535	69	69	936.206	0	0	0
722	A	A	982.57	36.1857	72	72	982.57	0	0	0
723	A	A	988.779	36.1752	71	71	988.779	0	0	0
724	T	T	991.99	36.2155	75	75	0	0	0	991.99
725	G	G	1002.23	36.1959	73	70	0	0	1002.23	0
726	C	C	983.849	36.1752	71	69	0	983.849	0	0
727	A	A	970.148	36.1959	73	73	970.148	0	0	0
728	T	T	1002.51	36.1959	73	73	0	0	0	1002.51
729	G	G	967.411	36.1645	70	68	0	0	967.411	0
730	A	A	898.539	36.1422	68	68	898.539	0	0	0
731	G	G	948.339	36.1752	71	67	0	0	948.339	0
732	A	A	921.33	37	69	69	921.33	0	0	0
733	C	C	989.725	37	70	69	0	989.725	0	0
734	T	T	887.273	37	67	67	0	0	0	887.273
735	T	T	891.503	37	67	67	0	0	0	891.503
736	C	C	896.802	37	66	63	0	896.802	0	0
737	C	C	933.024	37	68	66	0	933.024	0	0
738	A	A	885.247	37	65	65	885.247	0	0	0
739	A	A	881.511	37	64	64	881.511	0	0	0
740	C	C	902.107	37	65	63	0	902.107	0	0
741	A	A	869.181	37	66	66	869.181	0	0	0
742	A	A	888.72	37	65	65	888.72	0	0	0
743	A	A	890.048	37	64	64	890.048	0	0	0
744	T	T	877.68	37	64	64	0	0	0	877.68
745	C	C	876.271	37	62	61	0	876.271	0	0
746	T	T	850.378	37	62	62	0	0	0	850.378
747	T	T	878.442	37	63	63	0	0	0	878.442
748	T	T	888.353	37	63	63	0	0	0	888.353
749	G	G	896.906	37	62	62	0	0	896.906	0
750	C	C	910.23	37	64	63	0	910.23	0	0
751	A	A	885.244	37	65	65	885.244	0	0	0
752	A	A	894.832	37	66	66	894.832	0	0	0
753	T	T	910.965	37	67	67	0	0	0	910.965
754	T	T	898.705	37	67	66	0	0	0	898.705
755	G	G	906.256	37	64	63	0	0	906.256	0
756	A	A	928.566	37	68	68	928.566	0	0	0
757	A	A	942.699	37	70	70	942.699	0	0	0
758	C	C	873.286	37	66	62	0	873.286	0	0
759	A	A	895.829	37	65	65	895.829	0	0	0
760	T	T	895.419	37	66	66	0	0	0	895.419
761	G	G	951.262	37	67	66	0	0	951.262	0
762	A	A	913.427	37	67	67	913.427	0	0	0
763	A	A	939.596	37	69	69	939.596	0	0	0
764	A	A	945.267	37	68	68	945.267	0	0	0
765	A	A	940.701	37	69	69	940.701	0	0	0
766	C	C	913.978	37	68	65	0	913.978	0	0
767	C	C	937.891	37	66	65	0	937.891	0	0
768	T	T	928.591	37	67	67	0	0	0	928.591
769	T	T	936.398	37	67	67	0	0	0	936.398
770	A	A	894.924	37	67	67	894.924	0	0	0
771	A	A	891.298	37	64	64	891.298	0	0	0
772	C	C	853.832	36.0938	64	61	0	853.832	0	0
773	A	A	853.476	36.0538	61	61	853.476	0	0	0
774	T	T	854.172	36.0538	61	61	0	0	0	854.172
775	T	T	878.233	36.0809	63	63	0	0	0	878.233
776	C	C	879.695	36.0675	62	61	0	879.695	0	0
777	C	C	833.948	35.2537	60	58	0	833.948	0	0
778	A	A	850.656	35.2537	60	60	850.656	0	0	0
779	C	C	845.402	35.2773	61	59	0	845.402	0	0
780	T	T	866.887	35.3227	63	63	0	0	0	866.887
781	A	A	823.616	35.3003	62	62	823.616	0	0	0
782	G	G	887.907	35.3227	63	62	0	0	887.907	0
783	C	C	865.033	35.3227	63	61	0	865.033	0	0
784	A	A	791.52	35.2773	61	61	791.52	0	0	0
785	G	G	809.66	35.2294	59	57	0	0	809.66	0
786	G	G	808.616	35.1787	57	56	0	0	808.616	0
787	A	A	811.348	35.2294	59	59	811.348	0	0	0
788	C	C	832.206	35.2294	59	58	0	832.206	0	0
789	T	T	776.747	35.2294	59	59	0	0	0	776.747
790	G	G	841.537	35.2537	60	59	0	0	841.537	0
791	C	C	864.494	35.2537	60	60	0	864.494	0	0
792	T	T	813.977	35.2294	59	59	0	0	0	813.977
793	C	C	823.239	35.1787	57	57	0	823.239	0	0
794	C	C	825.352	35.2044	58	57	0	825.352	0	0
795	T	T	820.395	35.2044	58	58	0	0	0	820.395
796	A	A	861.835	35.2773	61	61	861.835	0	0	0
797	G	G	868.024	35.3227	63	61	0	0	868.024	0
798	C	C	885.085	35.3445	64	62	0	885.085	0	0
799	A	A	932.174	36.1064	65	65	932.174	0	0	0
800	G	G	968.775	36.1306	67	67	0	0	968.775	0
801	C	C	940.057	36.1422	68	66	0	940.057	0	0
802	C	C	975.005	36.1645	70	68	0	975.005	0	0
803	A	A	953.513	36.1645	70	70	953.513	0	0	0
804	C	C	974.631	36.1645	70	68	0	974.631	0	0
805	T	T	950.358	37	69	69	0	0	0	950.358
806	G	G	939.687	37	69	66	0	0	939.687	0
807	G	G	902.194	37	67	64	0	0	902.194	0
808	A	A	944.013	37	68	68	944.013	0	0	0
809	A	A	942.735	37	68	68	942.735	0	0	0
810	A	A	953.619	37	68	68	953.619	0	0	0
811	G	G	967.94	37	68	67	0	0	967.94	0
812	T	T	931.72	37	68	68	0	0	0	931.72
813	C	C	965.838	37	68	67	0	965.838	0	0
814	A	A	906.054	37	67	67	906.054	0	0	0
815	G	G	949.061	37	66	66	0	0	949.061	0
816	C	C	927.003	37	64	64	0	927.003	0	0
817	C	C	873.41	37	63	61	0	873.41	0	0
818	C	C	884.145	37	61	61	0	884.145	0	0
819	A	A	804.764	37	61	61	804.764	0	0	0
820	A	A	807.966	37	61	61	807.966	0	0	0
821	T	T	830.137	37	59	59	0	0	0	830.137
822	T	T	818.262	37	59	59	0	0	0	818.262
823	C	C	803.272	37	60	57	0	803.272	0	0
824	G	G	821.356	37	60	58	0	0	821.356	0
825	G	G	867.186	37	61	60	0	0	867.186	0
826	C	C	853.513	37	62	60	0	853.513	0	0
827	C	C	863.068	37	60	60	0	863.068	0	0
828	T	T	824.284	37	61	61	0	0	0	824.284
829	T	T	854.733	37	62	62	0	0	0	854.733
830	C	C	865.976	37	61	60	0	865.976	0	0
831	A	A	798.816	37	61	61	798.816	0	0	0
832	T	T	813.822	37	59	59	0	0	0	813.822
833	C	C	808.535	37	56	56	0	808.535	0	0
834	C	C	766.351	37	53	53	0	766.351	0	0
835	A	A	732.485	37	53	53	732.485	0	0	0
836	T	T	741.446	37	52	52	0	0	0	741.446
837	G	G	722.571	37	51	50	0	0	722.571	0
838	A	A	724.811	37	52	52	724.811	0	0	0
839	C	C	706.191	37	50	49	0	706.191	0	0
840	T	T	713.622	37	50	50	0	0	0	713.622
841	C	C	723.307	37	50	50	0	723.307	0	0
842	C	C	714.768	37	52	50	0	714.768	0	0
843	C	C	720.398	37	51	50	0	720.398	0	0
844	A	A	698.032	37	50	50	698.032	0	0	0
845	T	T	711.892	37	53	53	0	0	0	711.892
846	C	C	732.915	37	52	51	0	732.915	0	0
847	A	A	684.092	37	51	51	684.092	0	0	0
848	G	G	709.678	37	52	50	0	0	709.678	0
849	C	C	748.295	37	53	52	0	748.295	0	0
850	T	T	706.572	37	52	52	0	0	0	706.572
851	A	A	689.611	37	53	53	689.611	0	0	0
852	T	T	684.813	37	52	52	0	0	0	684.813
853	A	A	686.663	37	51	51	686.663	0	0	0
854	G	G	645.596	37	51	47	0	0	645.596	0
855	A	A	685.456	37	51	51	685.456	0	0	0
856	A	A	680.62	37	50	50	680.62	0	0	0
857	G	G	684.277	37	50	48	0	0	684.277	0
858	G	G	708.042	37	51	50	0	0	708.042	0
859	A	A	691.632	37	49	49	691.632	0	0	0
860	C	C	703.916	37	50	49	0	703.916	0	0
861	C	C	723.691	37	53	51	0	723.691	0	0
862	T	T	695.373	37	52	52	0	0	0	695.373
863	A	A	709.044	37	52	52	709.044	0	0	0
864	C	C	753.756	37	55	53	0	753.756	0	0
865	T	T	735.509	37	56	56	0	0	0	735.509
866	C	C	718.228	37	53	51	0	718.228	0	0
867	C	C	770.931	37	56	54	0	770.931	0	0
868	T	T	754.275	37	59	59	0	0	0	754.275
869	G	G	848.68	37	60	59	0	0	848.68	0
870	T	T	804.073	37	60	60	0	0	0	804.073
871	T	T	785.378	37	59	59	0	0	0	785.378
872	T	T	791.857	37	58	58	0	0	0	791.857
873	C	C	817.405	37	59	57	0	817.405	0	0
874	A	A	771.577	37	58	58	771.577	0	0	0
875	G	G	794.739	37	58	56	0	0	794.739	0
876	C	C	825.562	37	57	57	0	825.562	0	0
877	C	C	797.003	37	56	55	0	797.003	0	0
878	C	C	765.252	37	55	54	0	765.252	0	0
879	T	T	744.518	37	56	56	0	0	0	744.518
880	A	A	774.693	37	57	57	774.693	0	0	0
881	C	C	772.59	37	55	54	0	772.59	0	0
882	T	T	742.694	37	56	56	0	0	0	742.694
883	C	C	752.089	37	55	53	0	752.089	0	0
884	C	C	758.014	37	55	53	0	758.014	0	0
885	A	A	749.608	37	54	54	749.608	0	0	0
886	C	C	796.803	37	58	56	0	796.803	0	0
887	T	T	790.67	37	60	60	0	0	0	790.67
888	C	C	845.318	37	60	59	0	845.318	0	0
889	T	T	813.023	37	61	61	0	0	0	813.023
890	A	A	860.278	37	60	60	860.278	0	0	0
891	G	G	883.265	37	61	61	0	0	883.265	0
892	T	T	856.501	37	62	62	0	0	0	856.501
893	A	A	908.291	37	63	63	908.291	0	0	0
894	C	C	895.01	37	62	62	0	895.01	0	0
895	A	A	905.518	37	64	64	905.518	0	0	0
896	A	A	911.456	37	65	65	911.456	0	0	0
897	T	T	923.971	37	68	68	0	0	0	923.971
898	A	A	926.111	37	68	68	926.111	0	0	0
899	G	G	979.081	37	69	68	0	0	979.081	0
900	T	T	927.446	37	68	68	0	0	0	927.446
901	A	A	957.198	37	69	69	957.198	0	0	0
902	G	G	989.172	37	71	69	0	0	989.172	0
903	T	T	937.948	37	69	69	0	0	0	937.948
904	A	A	946.423	37	69	69	946.423	0	0	0
905	G	G	1023.81	37	72	71	0	0	1023.81	0
906	C	C	1030.81	37	74	72	0	1030.81	0	0
907	A	A	993.209	37	73	73	993.209	0	0	0
908	G	G	964.51	37	69	67	0	0	964.51	0
909	G	G	965.968	37	68	67	0	0	965.968	0
910	G	G	997.373	37	69	69	0	0	997.373	0
911	G	G	982.037	37	69	68	0	0	982.037	0
912	T	T	979.079	37	70	70	0	0	0	979.079
913	A	A	920.762	37	69	69	920.762	0	0	0
914	T	T	942.005	37	67	67	0	0	0	942.005
915	T	T	948.298	37	66	66	0	0	0	948.298
916	T	T	945.96	37	66	66	0	0	0	945.96
917	C	C	913.323	37	63	63	0	913.323	0	0
918	T	T	851.857	37	59	59	0	0	0	851.857
919	T	T	847.872	37	60	60	0	0	0	847.872
920	C	C	853.326	37	59	59	0	853.326	0	0
921	T	T	762.097	37	54	54	0	0	0	762.097
922	A	A	741.088	37	55	55	741.088	0	0	0
923	A	A	746.651	37	54	54	746.651	0	0	0
924	T	T	735.414	37	54	54	0	0	0	735.414
925	C	C	790.861	37	55	55	0	790.861	0	0
926	C	C	755.744	37	55	53	0	755.744	0	0
927	G	G	776.525	37	54	54	0	0	776.525	0
928	A	A	744.512	37	55	55	744.512	0	0	0
929	T	T	750.526	37	55	55	0	0	0	750.526
930	T	T	747.569	37	54	54	0	0	0	747.569
931	T	T	740.828	37	54	54	0	0	0	740.828
932	T	T	730.623	37	54	54	0	0	0	730.623
933	A	A	776.577	35.962	55	55	776.577	0	0	0
934	C	C	788.162	35.9785	56	55	0	788.162	0	0
935	C	C	784.762	35.9945	57	55	0	784.762	0	0
936	C	C	795.095	36.01	58	56	0	795.095	0	0
937	T	T	783.908	36.01	58	58	0	0	0	783.908
938	C	C	833.893	36.0251	59	58	0	833.893	0	0
939	T	T	817.783	36.0397	60	60	0	0	0	817.783
940	G	G	847.178	36.0397	60	59	0	0	847.178	0
941	A	A	803.293	36.0397	60	60	803.293	0	0	0
942	T	T	778.453	36.01	58	58	0	0	0	778.453
943	A	A	836.31	36.0397	60	60	836.31	0	0	0
944	G	G	847.074	36.0397	60	59	0	0	847.074	0
945	A	A	819.897	36.0397	60	60	819.897	0	0	0
946	A	A	839.464	35.2773	61	61	839.464	0	0	0
947	C	C	863.484	35.2773	61	60	0	863.484	0	0
948	A	A	792.777	35.2537	60	60	792.777	0	0	0
949	C	C	771.133	35.1522	56	54	0	771.133	0	0
950	A	A	753.302	35.1522	56	56	753.302	0	0	0
951	A	A	739.661	35.1787	57	57	739.661	0	0	0
952	C	C	781.971	35.1249	55	54	0	781.971	0	0
953	A	A	722.172	35.0678	53	53	722.172	0	0	0
954	A	A	710.753	35.8902	51	51	710.753	0	0	0
955	G	G	748.831	35.9273	53	52	0	0	748.831	0
956	A	A	719.836	35.8902	51	51	719.836	0	0	0
957	C	C	721.354	35.8707	50	50	0	721.354	0	0
958	T	T	706.95	35.8707	50	50	0	0	0	706.95
959	A	A	747.891	35.9273	53	53	747.891	0	0	0
960	T	T	735.058	35.945	54	54	0	0	0	735.058
961	C	C	741.566	35.945	54	52	0	741.566	0	0
962	C	C	736.469	35.962	55	52	0	736.469	0	0
963	A	A	735.227	35.962	55	55	735.227	0	0	0
964	A	A	723.597	35.962	55	55	723.597	0	0	0
965	A	A	701.326	35.9091	52	52	701.326	0	0	0
966	C	C	681.611	35.8902	51	49	0	681.611	0	0
967	A	A	710.921	35.8902	51	51	710.921	0	0	0
968	G	G	732.59	35.9091	52	51	0	0	732.59	0
969	C	C	721.508	35.8707	50	50	0	721.508	0	0
970	C	C	681.564	35.8504	49	48	0	681.564	0	0
971	A	A	763.892	35.945	54	54	763.892	0	0	0
972	C	C	780.767	35.9945	57	55	0	780.767	0	0
973	T	T	745.009	35.9785	56	56	0	0	0	745.009
974	T	T	749.554	36.01	58	58	0	0	0	749.554
975	T	T	758.995	36.0251	59	59	0	0	0	758.995
976	A	A	857.377	36.0809	63	63	857.377	0	0	0
977	T	T	793.733	36.0397	60	60	0	0	0	793.733
978	G	G	906.934	36.0938	64	63	0	0	906.934	0
979	C	C	873.798	36.1064	65	62	0	873.798	0	0
980	C	C	875.416	36.1535	69	63	0	875.416	0	0
981	T	T	900.495	36.1535	69	69	0	0	0	900.495
982	A	A	916.784	36.1422	68	68	916.784	0	0	0
983	G	G	916.957	36.1422	68	65	0	0	916.957	0
984	G	G	929.801	36.1187	66	65	0	0	929.801	0
985	C	C	934.831	36.1187	66	65	0	934.831	0	0
986	G	G	887.251	36.0938	64	62	0	0	887.251	0
987	C	C	852.703	37	60	59	0	852.703	0	0
988	A	A	808.457	37	57	57	808.457	0	0	0
989	A	A	820.483	37	58	58	820.483	0	0	0
990	T	T	815.224	37	57	57	0	0	0	815.224
991	A	A	819.311	37	58	58	819.311	0	0	0
992	A	A	831.782	37	58	58	831.782	0	0	0
993	C	C	835.668	37	59	58	0	835.668	0	0
994	C	C	791.822	37	60	57	0	791.822	0	0
995	A	A	843.325	37	61	61	843.325	0	0	0
996	C	C	821.082	37	60	58	0	821.082	0	0
997	C	C	866.751	37	61	60	0	866.751	0	0
998	C	C	864.427	37	61	60	0	864.427	0	0
999	T	T	842.62	37	60	60	0	0	0	842.62
1000	A	A	810.757	37	60	60	810.757	0	0	0
1001	T	T	821.816	37	59	59	0	0	0	821.816
1002	T	T	812.993	37	58	58	0	0	0	812.993
1003	T	T	781.59	37	57	57	0	0	0	781.59
1004	A	A	775.794	37	57	57	775.794	0	0	0
1005	C	C	808.749	37	56	56	0	808.749	0	0
1006	A	A	750.341	37	54	54	750.341	0	0	0
1007	G	G	781.515	37	57	55	0	0	781.515	0
1008	C	C	835.118	37	58	58	0	835.118	0	0
1009	A	A	751.385	37	55	55	751.385	0	0	0
1010	G	G	777.484	37	55	54	0	0	777.484	0
1011	C	C	788.584	37	56	55	0	788.584	0	0
1012	C	C	777.982	37	55	54	0	777.982	0	0
1013	T	T	766.862	37	56	56	0	0	0	766.862
1014	G	G	790.073	37	56	55	0	0	790.073	0
1015	T	T	772.502	37	59	59	0	0	0	772.502
1016	G	G	907.858	37	64	63	0	0	907.858	0
1017	C	C	881.112	37	64	62	0	881.112	0	0
1018	T	T	781.4	37	61	61	0	0	0	781.4
1019	C	C	830.638	37	62	59	0	830.638	0	0
1020	T	T	836.434	37	65	65	0	0	0	836.434
1021	C	C	868.954	36.1306	67	63	0	868.954	0	0
1022	A	A	934.686	36.1306	67	67	934.686	0	0	0
1023	C	C	907.572	36.1306	67	64	0	907.572	0	0
1024	C	C	930.4	36.1306	67	65	0	930.4	0	0
1025	C	C	933.885	36.1645	70	66	0	933.885	0	0
1026	A	A	978.587	36.1752	71	71	978.587	0	0	0
1027	G	G	1000.59	36.1857	72	70	0	0	1000.59	0
1028	A	A	1010.68	36.2058	74	74	1010.68	0	0	0
1029	A	A	996.949	36.2058	74	74	996.949	0	0	0
1030	T	T	1011.99	36.2155	75	75	0	0	0	1011.99
1031	G	G	1034.6	36.1959	73	72	0	0	1034.6	0
1032	A	A	962.468	36.1752	71	71	962.468	0	0	0
1033	C	C	1011.89	35.4824	71	70	0	1011.89	0	0
1034	A	A	981.937	35.4824	71	71	981.937	0	0	0
1035	T	T	980.303	35.4641	70	70	0	0	0	980.303
1036	C	C	951.225	35.4454	69	67	0	951.225	0	0
1037	A	A	992.884	35.4641	70	70	992.884	0	0	0
1038	A	A	1013.65	35.5002	72	72	1013.65	0	0	0
1039	A	A	1018.32	35.5176	73	73	1018.32	0	0	0
1040	A	A	1012.47	35.5176	73	73	1012.47	0	0	0
1041	A	A	978.604	35.4824	71	71	978.604	0	0	0
1042	G	G	1025.01	35.4824	71	71	0	0	1025.01	0
1043	A	A	988.434	35.5002	72	72	988.434	0	0	0
1044	T	T	1007.89	35.5002	72	72	0	0	0	1007.89
1045	C	C	1051.52	35.5346	74	73	0	1051.52	0	0
1046	A	A	976.984	35.5346	74	74	976.984	0	0	0
1047	T	T	988.297	35.5002	72	72	0	0	0	988.297
1048	T	T	980.707	35.4824	71	71	0	0	0	980.707
1049	G	G	967.373	35.4641	70	68	0	0	967.373	0
1050	C	C	967.975	35.4066	67	67	0	967.975	0	0
1051	C	C	948.512	35.4066	67	66	0	948.512	0	0
1052	T	T	930.789	35.4066	67	67	0	0	0	930.789
1053	T	T	900.647	36.1064	65	65	0	0	0	900.647
1054	T	T	868.784	36.0809	63	63	0	0	0	868.784
1055	T	T	877.902	36.0938	64	64	0	0	0	877.902
1056	C	C	923.871	36.0938	64	64	0	923.871	0	0
1057	C	C	852.894	36.0938	64	60	0	852.894	0	0
1058	A	A	895.095	36.0938	64	64	895.095	0	0	0
1059	C	C	892.502	36.0809	63	62	0	892.502	0	0
1060	T	T	875.84	36.1064	65	65	0	0	0	875.84
1061	T	T	898.293	36.1306	67	67	0	0	0	898.293
1062	C	C	889.79	36.1187	66	63	0	889.79	0	0
1063	A	A	936.79	36.1306	67	67	936.79	0	0	0
1064	A	A	937.19	36.1306	67	67	937.19	0	0	0
1065	G	G	873.624	36.1306	67	63	0	0	873.624	0
1066	C	C	922.083	36.1645	70	66	0	922.083	0	0
1067	C	C	1020.81	36.1857	72	71	0	1020.81	0	0
1068	A	A	980.301	36.1857	72	72	980.301	0	0	0
1069	G	G	999.996	36.1857	72	70	0	0	999.996	0
1070	C	C	1026.6	36.2155	75	72	0	1026.6	0	0
1071	T	T	995.049	36.1959	73	73	0	0	0	995.049
1072	A	A	950.715	36.1535	69	69	950.715	0	0	0
1073	G	G	936.406	36.1422	68	66	0	0	936.406	0
1074	G	G	937.494	36.1422	68	66	0	0	937.494	0
1075	A	A	919.847	37	68	68	919.847	0	0	0
1076	C	C	969.979	37	68	67	0	969.979	0	0
1077	T	T	932.211	37	66	66	0	0	0	932.211
1078	A	A	878.978	37	63	63	878.978	0	0	0
1079	A	A	907.569	37	65	65	907.569	0	0	0
1080	T	T	893.304	37	64	64	0	0	0	893.304
1081	A	A	929.842	37	66	66	929.842	0	0	0
1082	A	A	936.893	37	66	66	936.893	0	0	0
1083	T	T	908.759	37	68	68	0	0	0	908.759
1084	C	C	967.779	37	69	68	0	967.779	0	0
1085	G	G	1023.04	37	72	71	0	0	1023.04	0
1086	T	T	979.188	37	74	74	0	0	0	979.188
1087	A	A	1012.35	37	74	74	1012.35	0	0	0
1088	A	A	1009.4	37	75	75	1009.4	0	0	0
1089	C	C	1006.97	37	73	71	0	1006.97	0	0
1090	A	A	973.087	37	72	72	973.087	0	0	0
1091	A	A	994.699	37	75	75	994.699	0	0	0
1092	T	T	1016.92	37	74	74	0	0	0	1016.92
1093	T	T	995.986	37	72	72	0	0	0	995.986
1094	G	G	945.843	37	71	67	0	0	945.843	0
1095	G	G	962.569	37	68	67	0	0	962.569	0
1096	A	A	881.182	37	64	64	881.182	0	0	0
1097	A	A	866.39	37	62	62	866.39	0	0	0
1098	T	T	897.642	37	64	64	0	0	0	897.642
1099	T	T	905.613	37	67	67	0	0	0	905.613
1100	A	A	901.875	37	65	65	901.875	0	0	0
1101	A	A	926.259	37	67	67	926.259	0	0	0
1102	T	T	897.841	37	67	67	0	0	0	897.841
1103	C	C	927.188	37	67	65	0	927.188	0	0
1104	A	A	931.61	37	68	68	931.61	0	0	0
1105	G	G	995.279	36.1535	69	69	0	0	995.279	0
1106	C	C	879.516	36.1752	71	64	0	879.516	0	0
1107	C	C	966.494	36.1645	70	68	0	966.494	0	0
1108	C	C	955.261	36.1535	69	67	0	955.261	0	0
1109	C	C	941.726	36.1422	68	66	0	941.726	0	0
1110	A	A	983.165	36.1422	68	68	983.165	0	0	0
1111	C	C	971.299	36.1752	71	68	0	971.299	0	0
1112	C	C	1037.84	36.1857	72	72	0	1037.84	0	0
1113	T	T	1006.23	36.2249	76	76	0	0	0	1006.23
1114	A	A	1091.33	36.2432	78	78	1091.33	0	0	0
1115	G	G	1168.03	36.2772	82	81	0	0	1168.03	0
1116	C	C	1085.95	36.2772	82	77	0	1085.95	0	0
1117	A	A	1131.73	36.269	81	81	1131.73	0	0	0
1118	T	T	1099.41	36.2606	80	80	0	0	0	1099.41
1119	T	T	1097.22	36.252	79	79	0	0	0	1097.22
1120	C	C	1119.24	36.2606	80	78	0	1119.24	0	0
1121	C	C	1143.57	36.2772	82	80	0	1143.57	0	0
1122	T	T	1132.53	36.269	81	81	0	0	0	1132.53
1123	T	T	1103.6	36.252	79	79	0	0	0	1103.6
1124	C	C	1060.29	36.2155	75	74	0	1060.29	0	0
1125	A	A	1036.91	36.2249	76	76	1036.91	0	0	0
1126	T	T	1055.91	36.2249	76	76	0	0	0	1055.91
1127	A	A	1047.14	36.2432	78	78	1047.14	0	0	0
1128	T	T	1094.44	36.252	79	79	0	0	0	1094.44
1129	C	C	1085.44	36.252	79	77	0	1085.44	0	0
1130	T	T	1043.27	36.2342	77	77	0	0	0	1043.27
1131	G	G	1017.53	36.2155	75	72	0	0	1017.53	0
1132	C	C	1051.18	36.2058	74	73	0	1051.18	0	0
1133	A	A	1012.11	37	73	73	1012.11	0	0	0
1134	C	C	1048.91	37	75	73	0	1048.91	0	0
1135	A	A	1034.52	37	76	76	1034.52	0	0	0
1136	C	C	1081.17	37	76	75	0	1081.17	0	0
1137	A	A	1007.52	37	75	75	1007.52	0	0	0
1138	C	C	991.878	37	74	70	0	991.878	0	0
1139	G	G	1032.73	37	73	72	0	0	1032.73	0
1140	C	C	1054.17	37	73	73	0	1054.17	0	0
1141	A	A	969.014	37	70	70	969.014	0	0	0
1142	T	T	959.114	37	68	68	0	0	0	959.114
1143	T	T	987.182	37	72	72	0	0	0	987.182
1144	T	T	974.507	37	72	72	0	0	0	974.507
1145	T	T	994.402	37	72	72	0	0	0	994.402
1146	T	T	993.676	37	73	73	0	0	0	993.676
1147	C	C	1064.89	37	75	74	0	1064.89	0	0
1148	A	A	991.771	37	74	74	991.771	0	0	0
1149	A	A	1011.91	37	73	73	1011.91	0	0	0
1150	G	G	996.229	37	72	70	0	0	996.229	0
1151	G	G	1083.53	36.2155	75	75	0	0	1083.53	0
1152	C	C	1106.64	35.5834	77	77	0	1106.64	0	0
1153	C	C	1011.98	35.5834	77	72	0	1011.98	0	0
1154	A	A	1060.66	35.6141	79	79	1060.66	0	0	0
1155	T	T	1076.08	35.6716	83	83	0	0	0	1076.08
1156	A	A	1115.64	35.6435	81	81	1115.64	0	0	0
1157	C	C	1002.76	35.6141	79	73	0	1002.76	0	0
1158	T	T	1055.04	35.5989	78	78	0	0	0	1055.04
1159	A	A	1054.11	35.5834	77	77	1054.11	0	0	0
1160	T	T	1087.4	35.5675	76	76	0	0	0	1087.4
1161	T	T	1070.94	35.5346	74	74	0	0	0	1070.94
1162	T	T	1077.25	35.5512	75	75	0	0	0	1077.25
1163	A	A	958.306	35.5176	73	73	958.306	0	0	0
1164	T	T	1018.64	35.5176	73	73	0	0	0	1018.64
1165	A	A	983.214	35.5176	73	73	983.214	0	0	0
1166	T	T	992.133	35.5176	73	73	0	0	0	992.133
1167	G	G	943.245	35.4454	69	67	0	0	943.245	0
1168	C	C	960.468	34.8367	69	67	0	960.468	0	0
1169	T	T	970.081	34.4145	73	73	0	0	0	970.081
1170	C	C	995.514	34.9311	73	70	0	995.514	0	0
1171	C	C	1020.31	34.9966	76	72	0	1020.31	0	0
1172	G	G	1008.82	34.9752	75	71	0	0	1008.82	0
1173	G	G	1042.6	34.9311	73	72	0	0	1042.6	0
1174	G	G	1006.16	34.9534	74	71	0	0	1006.16	0
1175	T	T	1030.73	34.9752	75	75	0	0	0	1030.73
1176	C	C	1029.74	35.5176	73	72	0	1029.74	0	0
1177	C	C	1035.64	35.5346	74	72	0	1035.64	0	0
1178	A	A	1074.28	35.5675	76	76	1074.28	0	0	0
1179	T	T	1045.56	35.5834	77	77	0	0	0	1045.56
1180	T	T	1064.45	35.5989	78	78	0	0	0	1064.45
1181	A	A	1125.54	35.6435	81	81	1125.54	0	0	0
1182	T	T	1091.22	35.6289	80	80	0	0	0	1091.22
1183	C	C	1094.42	35.6716	83	78	0	1094.42	0	0
1184	C	C	1140.1	35.6289	80	79	0	1140.1	0	0
1185	A	A	1067.56	35.6141	79	79	1067.56	0	0	0
1186	C	C	1095.49	35.6289	80	77	0	1095.49	0	0
1187	A	A	1001.62	35.5834	77	77	1001.62	0	0	0
1188	G	G	1043.41	35.5512	75	73	0	0	1043.41	0
1189	C	C	1050.18	35.5989	78	74	0	1050.18	0	0
1190	T	T	1046.3	35.5834	77	77	0	0	0	1046.3
1191	T	T	1016.97	35.5346	74	74	0	0	0	1016.97
1192	A	A	965.946	35.4824	71	71	965.946	0	0	0
1193	A	A	964.029	35.4824	71	71	964.029	0	0	0
1194	A	A	931.355	35.4641	70	70	931.355	0	0	0
1195	T	T	964.723	35.4262	68	68	0	0	0	964.723
1196	G	G	938.461	35.4262	68	66	0	0	938.461	0
1197	A	A	912.252	35.4066	67	67	912.252	0	0	0
1198	T	T	934.346	35.4066	67	67	0	0	0	934.346
1199	G	G	936.37	35.3657	65	65	0	0	936.37	0
1200	A	A	893.968	35.3657	65	65	893.968	0	0	0
1201	A	A	860.328	35.3657	65	65	860.328	0	0	0
1202	C	C	886.316	35.3445	64	62	0	886.316	0	0
1203	A	A	841.779	35.3003	62	62	841.779	0	0	0
1204	A	A	872.259	35.3657	65	65	872.259	0	0	0
1205	G	G	869.896	35.3227	63	61	0	0	869.896	0
1206	A	A	812.566	37	59	59	812.566	0	0	0
1207	C	C	791.484	37	60	56	0	791.484	0	0
1208	A	A	862.934	37	63	63	862.934	0	0	0
1209	T	T	862.09	37	64	64	0	0	0	862.09
1210	C	C	870.178	37	62	61	0	870.178	0	0
1211	C	C	833.703	37	62	59	0	833.703	0	0
1212	G	G	905.904	37	64	63	0	0	905.904	0
1213	A	A	830.29	37	61	61	830.29	0	0	0
1214	A	A	814.85	37	58	58	814.85	0	0	0
1215	A	A	818.626	37	59	59	818.626	0	0	0
1216	A	A	839.515	37	60	60	839.515	0	0	0
1217	A	A	873.048	37	62	62	873.048	0	0	0
1218	T	T	841.892	36.0809	63	63	0	0	0	841.892
1219	A	A	872.69	36.0938	64	64	872.69	0	0	0
1220	G	G	905.825	36.0938	64	63	0	0	905.825	0
1221	G	G	887.42	36.0938	64	62	0	0	887.42	0
1222	A	A	864.152	36.1064	65	65	864.152	0	0	0
1223	G	G	882.549	36.0938	64	62	0	0	882.549	0
1224	G	G	936.275	35.3864	66	65	0	0	936.275	0
1225	C	C	905.893	35.3445	64	63	0	905.893	0	0
1226	C	C	848.195	35.3227	63	60	0	848.195	0	0
1227	T	T	833.351	35.3445	64	63	0	0	0	833.351
1228	A	A	880.861	35.3445	64	64	880.861	0	0	0
1229	T	T	858.655	35.2773	61	61	0	0	0	858.655
1230	T	T	865.112	35.3003	62	62	0	0	0	865.112
1231	C	C	878.664	35.2773	61	61	0	878.664	0	0
1232	A	A	848.316	35.3227	63	63	848.316	0	0	0
1233	A	A	852.318	36.0809	63	63	852.318	0	0	0
1234	A	A	869.269	36.0938	64	64	869.269	0	0	0
1235	G	G	866.241	36.0397	60	60	0	0	866.241	0
1236	C	C	831.532	36.0397	60	58	0	831.532	0	0
1237	C	C	821.956	36.0397	60	58	0	821.956	0	0
1238	C	C	851.333	36.0397	60	59	0	851.333	0	0
1239	T	T	852.842	36.0397	60	60	0	0	0	852.842
1240	G	G	833.134	36.0675	62	59	0	0	833.134	0
1241	C	C	825.367	36.0538	61	58	0	825.367	0	0
1242	C	C	862.684	36.0397	60	60	0	862.684	0	0
1243	G	G	830.103	36.0397	60	58	0	0	830.103	0
1244	C	C	818.997	36.0538	61	58	0	818.997	0	0
1245	T	T	791.882	37	58	58	0	0	0	791.882
1246	T	T	812.245	37	59	59	0	0	0	812.245
1247	A	A	802.785	37	58	58	802.785	0	0	0
1248	C	C	805.959	37	57	56	0	805.959	0	0
1249	C	C	819.058	37	58	57	0	819.058	0	0
1250	A	A	808.103	37	57	57	808.103	0	0	0
1251	C	C	821.443	37	58	57	0	821.443	0	0
1252	T	T	810.648	37	59	59	0	0	0	810.648
1253	A	A	815.371	37	58	58	815.371	0	0	0
1254	C	C	839.151	37	58	58	0	839.151	0	0
1255	C	C	803.429	37	58	56	0	803.429	0	0
1256	G	G	792.587	37	56	55	0	0	792.587	0
1257	C	C	850.221	37	59	59	0	850.221	0	0
1258	A	A	796.323	37	59	59	796.323	0	0	0
1259	T	T	812.104	37	59	59	0	0	0	812.104
1260	T	T	793.227	37	57	57	0	0	0	793.227
1261	A	A	757.357	37	55	55	757.357	0	0	0
1262	A	A	728.424	37	52	52	728.424	0	0	0
1263	T	T	756.293	37	53	53	0	0	0	756.293
1264	T	T	759.105	37	54	54	0	0	0	759.105
1265	A	A	750.346	37	54	54	750.346	0	0	0
1266	T	T	756.642	37	54	54	0	0	0	756.642
1267	C	C	778.474	37	54	54	0	778.474	0	0
1268	G	G	781.961	37	56	55	0	0	781.961	0
1269	G	G	802.973	37	57	56	0	0	802.973	0
1270	A	A	730.032	37	54	54	730.032	0	0	0
1271	G	G	764.873	37	53	53	0	0	764.873	0
1272	T	T	732.883	37	54	54	0	0	0	732.883
1273	C	C	763.892	37	54	53	0	763.892	0	0
1274	C	C	766.256	37	54	53	0	766.256	0	0
1275	T	T	723.493	37	53	53	0	0	0	723.493
1276	A	A	737.12	37	54	54	737.12	0	0	0
1277	G	G	725.049	37	53	51	0	0	725.049	0
1278	C	C	755.661	37	55	53	0	755.661	0	0
1279	A	A	826.873	37	60	60	826.873	0	0	0
1280	C	C	806.59	37	59	57	0	806.59	0	0
1281	T	T	775.516	37	59	59	0	0	0	775.516
1282	C	C	743.921	37	58	54	0	743.921	0	0
1283	A	A	769.58	37	58	58	769.58	0	0	0
1284	C	C	808.317	37	59	57	0	808.317	0	0
1285	A	A	776.849	37	58	58	776.849	0	0	0
1286	G	G	801.601	37	57	56	0	0	801.601	0
1287	G	G	736.219	37	51	51	0	0	736.219	0
1288	T	T	720.031	37	51	51	0	0	0	720.031
1289	A	A	742.225	37	53	53	742.225	0	0	0
1290	T	T	748.362	37	53	53	0	0	0	748.362
1291	A	A	713.559	37	51	51	713.559	0	0	0
1292	C	C	763.081	37	54	53	0	763.081	0	0
1293	C	C	761.943	37	54	53	0	761.943	0	0
1294	T	T	754.566	37	56	56	0	0	0	754.566
1295	T	T	756.476	37	57	57	0	0	0	756.476
1296	T	T	748.19	37	56	56	0	0	0	748.19
1297	C	C	772.889	37	56	54	0	772.889	0	0
1298	C	C	791.599	37	55	55	0	791.599	0	0
1299	T	T	767.183	37	56	56	0	0	0	767.183
1300	A	A	820.41	37	59	59	820.41	0	0	0
1301	A	A	795.472	37	59	59	795.472	0	0	0
1302	C	C	822.32	37	57	57	0	822.32	0	0
1303	A	A	762.311	37	56	56	762.311	0	0	0
1304	G	G	792.248	37	55	55	0	0	792.248	0
1305	G	G	727.751	37	55	52	0	0	727.751	0
1306	A	A	731.965	37	53	53	731.965	0	0	0
1307	T	T	747.566	37	53	53	0	0	0	747.566
1308	T	T	736.935	37	53	53	0	0	0	736.935
1309	C	C	733.129	37	58	53	0	733.129	0	0
1310	T	T	782.022	37	62	62	0	0	0	782.022
1311	A	A	900.985	37	63	63	900.985	0	0	0
1312	C	C	901.487	37	63	63	0	901.487	0	0
1313	T	T	829.129	37	64	64	0	0	0	829.129
1314	C	C	904.741	37	66	64	0	904.741	0	0
1315	T	T	908.171	37	66	66	0	0	0	908.171
1316	A	A	925.277	37	69	69	925.277	0	0	0
1317	A	A	963.605	37	68	68	963.605	0	0	0
1318	A	A	976.241	37	70	70	976.241	0	0	0
1319	G	G	993.636	37	72	70	0	0	993.636	0
1320	A	A	967.864	37	73	73	967.864	0	0	0
1321	C	C	984.513	37	70	69	0	984.513	0	0
1322	C	C	998.426	37	69	69	0	998.426	0	0
1323	T	T	965.419	37	69	69	0	0	0	965.419
1324	A	A	908.479	37	67	67	908.479	0	0	0
1325	A	A	897.514	37	65	65	897.514	0	0	0
1326	T	T	911.988	37	66	66	0	0	0	911.988
1327	T	T	873.317	37	63	63	0	0	0	873.317
1328	A	A	844.898	37	62	62	844.898	0	0	0
1329	T	T	883.261	37	62	62	0	0	0	883.261
1330	C	C	883.917	37	62	61	0	883.917	0	0
1331	G	G	864.963	37	62	61	0	0	864.963	0
1332	A	A	812.58	37	61	61	812.58	0	0	0
1333	A	A	823.166	37	60	60	823.166	0	0	0
1334	A	A	810.9	37	59	59	810.9	0	0	0
1335	C	C	835.02	37	58	58	0	835.02	0	0
1336	C	C	777.904	37	59	55	0	777.904	0	0
1337	G	G	847.244	37	60	59	0	0	847.244	0
1338	C	C	861.741	37	61	60	0	861.741	0	0
1339	C	C	851.215	37	59	59	0	851.215	0	0
1340	A	A	757.341	37	56	56	757.341	0	0	0
1341	A	A	735.647	37	54	54	735.647	0	0	0
1342	C	C	781.369	37	54	54	0	781.369	0	0
1343	A	A	728.829	37	54	54	728.829	0	0	0
1344	C	C	765.038	37	53	53	0	765.038	0	0
1345	G	G	674.357	37	52	48	0	0	674.357	0
1346	T	T	713.414	37	52	52	0	0	0	713.414
1347	C	C	732.638	37	52	51	0	732.638	0	0
1348	G	G	713.999	37	53	51	0	0	713.999	0
1349	T	T	700.583	37	52	52	0	0	0	700.583
1350	A	A	687.419	37	51	51	687.419	0	0	0
1351	C	C	721.694	37	50	50	0	721.694	0	0
1352	A	A	666.134	37	51	51	666.134	0	0	0
1353	C	C	759.068	37	54	53	0	759.068	0	0
1354	C	C	743.029	37	54	52	0	743.029	0	0
1355	A	A	752.516	37	57	57	752.516	0	0	0
1356	A	A	708.791	37	53	53	708.791	0	0	0
1357	C	C	754.493	37	54	53	0	754.493	0	0
1358	G	G	746.071	37	53	52	0	0	746.071	0
1359	C	C	702.199	37	53	50	0	702.199	0	0
1360	C	C	735.662	37	52	51	0	735.662	0	0
1361	T	T	686.8	37	49	49	0	0	0	686.8
1362	G	G	677.896	37	47	47	0	0	677.896	0
1363	A	A	667.226	37	48	48	667.226	0	0	0
1364	G	G	686.978	37	50	48	0	0	686.978	0
1365	C	C	666.047	37	50	47	0	666.047	0	0
1366	C	C	673.16	37	48	47	0	673.16	0	0
1367	C	C	701.726	37	50	49	0	701.726	0	0
1368	T	T	688.504	37	51	51	0	0	0	688.504
1369	A	A	681.625	37	51	51	681.625	0	0	0
1370	C	C	762.813	37	54	53	0	762.813	0	0
1371	T	T	682.847	37	50	50	0	0	0	682.847
1372	A	A	684.645	37	51	51	684.645	0	0	0
1373	A	A	709.254	37	53	53	709.254	0	0	0
1374	C	C	728.253	37	52	51	0	728.253	0	0
1375	A	A	717.3	37	53	53	717.3	0	0	0
1376	A	A	766.294	37	56	56	766.294	0	0	0
1377	C	C	767.644	37	56	54	0	767.644	0	0
1378	T	T	716.712	37	54	54	0	0	0	716.712
1379	C	C	724.831	37	53	51	0	724.831	0	0
1380	T	T	720.338	37	53	53	0	0	0	720.338
1381	C	C	770.291	37	57	54	0	770.291	0	0
1382	G	G	792.649	37	55	55	0	0	792.649	0
1383	T	T	759.887	37	56	56	0	0	0	759.887
1384	T	T	740.147	37	55	55	0	0	0	740.147
1385	G	G	804.391	37	56	56	0	0	804.391	0
1386	C	C	774.548	37	56	54	0	774.548	0	0
1387	C	C	780.766	37	56	55	0	780.766	0	0
1388	A	A	742.563	37	57	57	742.563	0	0	0
1389	C	C	768.547	37	56	54	0	768.547	0	0
1390	A	A	761.955	37	57	57	761.955	0	0	0
1391	T	T	737.633	37	55	55	0	0	0	737.633
1392	C	C	777.407	37	54	54	0	777.407	0	0
1393	C	C	698.037	37	51	49	0	698.037	0	0
1394	A	A	736.024	37	52	52	736.024	0	0	0
1395	T	T	743.837	37	54	54	0	0	0	743.837
1396	A	A	764.201	37	54	54	764.201	0	0	0
1397	A	A	769.234	37	55	55	769.234	0	0	0
1398	C	C	738.811	37	55	52	0	738.811	0	0
1399	C	C	774.764	37	55	54	0	774.764	0	0
1400	G	G	823.587	37	57	57	0	0	823.587	0
1401	C	C	802.166	37	58	56	0	802.166	0	0
1402	T	T	794.042	37	59	59	0	0	0	794.042
1403	G	G	809.952	37	57	56	0	0	809.952	0
1404	C	C	818.278	37	59	57	0	818.278	0	0
1405	C	C	825.489	37	59	58	0	825.489	0	0
1406	T	T	817.366	37	60	60	0	0	0	817.366
1407	A	A	816.583	37	60	60	816.583	0	0	0
1408	C	C	867.006	37	60	60	0	867.006	0	0
1409	A	A	818.987	37	61	61	818.987	0	0	0
1410	G	G	809.8	37	59	57	0	0	809.8	0
1411	T	T	824.158	37	59	59	0	0	0	824.158
1412	A	A	771.054	37	56	56	771.054	0	0	0
1413	C	C	806.002	37	57	56	0	806.002	0	0
1414	T	T	819.401	36.0538	61	61	0	0	0	819.401
1415	C	C	758.145	36.01	58	54	0	758.145	0	0
1416	G	G	821.467	36.0397	60	58	0	0	821.467	0
1417	A	A	812.045	36.0538	61	61	812.045	0	0	0
1418	A	A	807.558	36.0675	62	62	807.558	0	0	0
1419	T	T	809.047	36.0538	61	61	0	0	0	809.047
1420	C	C	889.95	36.0675	62	62	0	889.95	0	0
1421	G	G	846.655	36.0397	60	59	0	0	846.655	0
1422	T	T	792.012	36.01	58	58	0	0	0	792.012
1423	A	A	753.235	35.962	55	55	753.235	0	0	0
1424	T	T	766.117	35.945	54	54	0	0	0	766.117
1425	T	T	760.466	35.0968	54	54	0	0	0	760.466
1426	C	C	750.604	35.0678	53	52	0	750.604	0	0
1427	T	T	727.915	35.0071	51	51	0	0	0	727.915
1428	T	T	734.205	35.0379	52	52	0	0	0	734.205
1429	T	T	696.942	34.9752	50	50	0	0	0	696.942
1430	G	G	740.056	35.0968	54	52	0	0	740.056	0
1431	T	T	728.76	35.0968	54	54	0	0	0	728.76
1432	A	A	757.909	35.1249	55	55	757.909	0	0	0
1433	C	C	812.733	35.2044	58	57	0	812.733	0	0
1434	T	T	760.135	35.2044	58	58	0	0	0	760.135
1435	T	T	767.997	35.1787	57	57	0	0	0	767.997
1436	C	C	818.505	35.2537	60	58	0	818.505	0	0
1437	T	T	774.973	35.2044	58	58	0	0	0	774.973
1438	A	A	844.423	35.3003	62	62	844.423	0	0	0
1439	G	G	872.757	35.3227	63	61	0	0	872.757	0
1440	G	G	881.21	36.1064	65	62	0	0	881.21	0
1441	A	A	872.99	36.1187	66	66	872.99	0	0	0
1442	C	C	881.699	36.0938	64	62	0	881.699	0	0
1443	A	A	906.075	36.1187	66	66	906.075	0	0	0
1444	A	A	919.915	36.1422	68	68	919.915	0	0	0
1445	C	C	896.562	36.1064	65	63	0	896.562	0	0
1446	C	C	888.907	35.3445	64	62	0	888.907	0	0
1447	T	T	869.436	35.3657	65	65	0	0	0	869.436
1448	C	C	935.421	35.3864	66	65	0	935.421	0	0
1449	G	G	917.601	34.76	66	64	0	0	917.601	0
1450	C	C	909.995	35.3445	64	63	0	909.995	0	0
1451	T	T	913.752	35.3864	66	66	0	0	0	913.752
1452	T	T	917.302	35.3657	65	65	0	0	0	917.302
1453	T	T	911.088	35.3445	64	64	0	0	0	911.088
1454	A	A	900.241	35.3445	64	64	900.241	0	0	0
1455	A	A	907.087	35.3445	64	64	907.087	0	0	0
1456	C	C	904.263	35.3657	65	63	0	904.263	0	0
1457	C	C	936.822	35.3657	65	65	0	936.822	0	0
1458	C	C	890.884	35.3657	65	63	0	890.884	0	0
1459	T	T	910.168	35.3657	65	65	0	0	0	910.168
1460	G	G	921.171	35.3657	65	64	0	0	921.171	0
1461	T	T	938.684	35.3864	66	66	0	0	0	938.684
1462	C	C	967.666	35.4262	68	67	0	967.666	0	0
1463	A	A	875.369	35.3657	65	65	875.369	0	0	0
1464	T	T	893.32	35.3445	64	64	0	0	0	893.32
1465	T	T	867.277	35.3003	62	62	0	0	0	867.277
1466	A	A	844.951	35.3003	62	62	844.951	0	0	0
1467	T	T	868.709	35.3003	62	62	0	0	0	868.709
1468	T	T	856.855	35.3227	63	63	0	0	0	856.855
1469	A	A	838.356	35.3003	62	62	838.356	0	0	0
1470	T	T	851.171	35.3003	62	62	0	0	0	851.171
1471	C	C	855.666	35.3003	62	60	0	855.666	0	0
1472	A	A	832.39	35.3227	63	63	832.39	0	0	0
1473	A	A	830.402	35.2773	61	61	830.402	0	0	0
1474	C	C	849.962	36.0251	59	59	0	849.962	0	0
1475	G	G	811.493	36.0397	60	57	0	0	811.493	0
1476	A	A	809.221	36.0397	60	60	809.221	0	0	0
1477	G	G	891.578	37	62	62	0	0	891.578	0
1478	A	A	829.276	37	62	62	829.276	0	0	0
1479	A	A	784.368	37	59	59	784.368	0	0	0
1480	T	T	807.147	37	59	59	0	0	0	807.147
1481	A	A	790.993	37	60	60	790.993	0	0	0
1482	A	A	802.51	36.0397	60	60	802.51	0	0	0
1483	C	C	863.408	36.0397	60	60	0	863.408	0	0
1484	C	C	761.175	35.9945	57	54	0	761.175	0	0
1485	C	C	806.932	35.9785	56	56	0	806.932	0	0
1486	C	C	768.254	35.9945	57	54	0	768.254	0	0
1487	C	C	773.345	35.9785	56	54	0	773.345	0	0
1488	T	T	794.71	36.01	58	58	0	0	0	794.71
1489	C	C	779.013	35.9945	57	55	0	779.013	0	0
1490	C	C	786.697	35.9945	57	55	0	786.697	0	0
1491	T	T	797	36.01	58	58	0	0	0	797
1492	A	A	770.452	35.9785	56	56	770.452	0	0	0
1493	A	A	751.305	35.9785	56	56	751.305	0	0	0
1494	T	T	796.77	35.9945	57	57	0	0	0	796.77
1495	C	C	750.836	35.962	55	53	0	750.836	0	0
1496	A	A	712.962	35.9273	53	53	712.962	0	0	0
1497	A	A	737.288	35.9785	56	56	737.288	0	0	0
1498	T	T	772.621	36.0538	61	61	0	0	0	772.621
1499	T	T	789.507	36.0538	61	61	0	0	0	789.507
1500	C	C	781.107	36.0251	59	56	0	781.107	0	0
1501	C	C	758.362	35.9785	56	54	0	758.362	0	0
1502	A	A	770.988	35.962	55	55	770.988	0	0	0
1503	T	T	791.612	35.9785	56	56	0	0	0	791.612
1504	C	C	794.098	35.9785	56	55	0	794.098	0	0
1505	A	A	778.475	35.962	55	55	778.475	0	0	0
1506	A	A	789.743	35.9785	56	56	789.743	0	0	0
1507	G	G	793.098	35.962	55	55	0	0	793.098	0
1508	C	C	766.446	35.945	54	53	0	766.446	0	0
1509	G	G	778.143	35.945	54	54	0	0	778.143	0
1510	T	T	782.146	35.9785	56	56	0	0	0	782.146
1511	C	C	791.289	35.2044	58	56	0	791.289	0	0
1512	T	T	781.573	35.1787	57	57	0	0	0	781.573
1513	G	G	779.088	35.1522	56	55	0	0	779.088	0
1514	C	C	706.249	35.0678	53	50	0	706.249	0	0
1515	T	T	729.39	35.0379	52	52	0	0	0	729.39
1516	T	T	714.969	34.9752	50	50	0	0	0	714.969
1517	C	C	670.474	34.9752	50	48	0	670.474	0	0
1518	T	T	718.408	34.9752	50	50	0	0	0	718.408
1519	A	A	652.431	35.0071	51	51	652.431	0	0	0
1520	G	G	658.167	34.9752	50	47	0	0	658.167	0
1521	G	G	671.913	34.9083	48	47	0	0	671.913	0
1522	A	A	607.251	35.7616	45	45	607.251	0	0	0
1523	A	A	621.085	35.785	46	46	621.085	0	0	0
1524	G	G	641.666	35.785	46	45	0	0	641.666	0
1525	T	T	598.046	35.7616	45	45	0	0	0	598.046
1526	A	A	636.896	35.785	46	46	636.896	0	0	0
1527	T	T	611.173	35.7616	45	45	0	0	0	611.173
1528	T	T	621.682	35.785	46	46	0	0	0	621.682
1529	T	T	608.223	35.7616	45	45	0	0	0	608.223
1530	T	T	625.319	35.7616	45	45	0	0	0	625.319
1531	C	C	649.496	35.785	46	45	0	649.496	0	0
1532	G	G	593.517	35.7371	44	42	0	0	593.517	0
1533	C	C	618.011	35.785	46	44	0	618.011	0	0
1534	A	A	588.754	35.785	46	46	588.754	0	0	0
1535	G	G	631.547	35.8294	48	45	0	0	631.547	0
1536	G	G	648.946	35.8707	50	46	0	0	648.946	0
1537	A	A	667.292	35.8294	48	48	667.292	0	0	0
1538	T	T	609.661	35.8504	49	49	0	0	0	609.661
1539	A	A	676.721	37	48	48	676.721	0	0	0
1540	C	C	643.5	37	49	46	0	643.5	0	0
1541	C	C	676.025	37	48	47	0	676.025	0	0
1542	T	T	664.236	37	47	47	0	0	0	664.236
1543	A	A	683.758	37	49	49	683.758	0	0	0
1544	A	A	729.754	37	52	52	729.754	0	0	0
1545	T	T	708.384	37	52	52	0	0	0	708.384
1546	C	C	737.451	37	53	52	0	737.451	0	0
1547	T	T	705.839	37	52	52	0	0	0	705.839
1548	T	T	708.162	37	53	53	0	0	0	708.162
1549	C	C	745.769	37	54	52	0	745.769	0	0
1550	C	C	771.372	37	56	54	0	771.372	0	0
1551	A	A	780.999	37	56	56	780.999	0	0	0
1552	C	C	783.203	37	57	55	0	783.203	0	0
1553	A	A	804.861	37	59	59	804.861	0	0	0
1554	A	A	790.716	37	59	59	790.716	0	0	0
1555	T	T	779.585	37	55	55	0	0	0	779.585
1556	A	A	756.599	37	55	55	756.599	0	0	0
1557	T	T	784.616	37	56	56	0	0	0	784.616
1558	C	C	777.93	37	55	54	0	777.93	0	0
1559	A	A	732.879	37	55	55	732.879	0	0	0
1560	C	C	751.646	37	56	53	0	751.646	0	0
1561	A	A	731.491	35.962	55	55	731.491	0	0	0
1562	C	C	762.496	35.9945	57	54	0	762.496	0	0
1563	C	C	750.102	35.9785	56	53	0	750.102	0	0
1564	C	C	658.163	35.945	54	48	0	658.163	0	0
1565	A	A	708.874	35.9091	52	52	708.874	0	0	0
1566	C	C	714.737	35.9091	52	50	0	714.737	0	0
1567	T	T	694.45	35.8902	51	51	0	0	0	694.45
1568	A	A	739.846	35.9091	52	52	739.846	0	0	0
1569	C	C	720.925	35.945	54	51	0	720.925	0	0
1570	C	C	758.971	35.945	54	53	0	758.971	0	0
1571	A	A	802.378	35.1522	56	56	802.378	0	0	0
1572	T	T	772.302	35.2044	58	58	0	0	0	772.302
1573	C	C	812.049	35.2294	59	57	0	812.049	0	0
1574	C	C	864.229	35.2537	60	60	0	864.229	0	0
1575	C	C	816.732	35.2537	60	58	0	816.732	0	0
1576	A	A	827.012	35.2773	61	61	827.012	0	0	0
1577	C	C	871.56	35.3227	63	61	0	871.56	0	0
1578	A	A	858.664	35.3445	64	64	858.664	0	0	0
1579	A	A	826.166	35.2773	61	61	826.166	0	0	0
1580	A	A	817.033	35.2537	60	60	817.033	0	0	0
1581	T	T	815.792	35.2294	59	59	0	0	0	815.792
1582	A	A	809.094	35.2294	59	59	809.094	0	0	0
1583	A	A	789.074	35.1787	57	57	789.074	0	0	0
1584	C	C	809.013	35.1787	57	56	0	809.013	0	0
1585	C	C	800.387	35.2537	60	57	0	800.387	0	0
1586	A	A	814.306	35.2044	58	58	814.306	0	0	0
1587	T	T	808.389	35.2044	58	58	0	0	0	808.389
1588	A	A	788.764	35.9945	57	57	788.764	0	0	0
1589	C	C	778.525	35.2044	58	55	0	778.525	0	0
1590	C	C	834.415	35.2294	59	58	0	834.415	0	0
1591	C	C	851.367	35.2294	59	59	0	851.367	0	0
1592	T	T	808.88	35.2044	58	58	0	0	0	808.88
1593	A	A	809.109	35.2044	58	58	809.109	0	0	0
1594	C	C	851.976	35.2537	60	59	0	851.976	0	0
1595	T	T	859.591	35.3003	62	62	0	0	0	859.591
1596	A	A	843.031	35.2773	61	61	843.031	0	0	0
1597	C	C	875.379	35.3003	62	61	0	875.379	0	0
1598	C	C	807.127	35.2537	60	57	0	807.127	0	0
1599	T	T	814.603	35.2294	59	59	0	0	0	814.603
1600	A	A	829.771	35.3003	62	62	829.771	0	0	0
1601	A	A	821.446	35.2773	61	61	821.446	0	0	0
1602	A	A	833.183	35.2537	60	60	833.183	0	0	0
1603	A	A	818.291	35.2537	60	60	818.291	0	0	0
1604	A	A	806.742	35.2294	59	59	806.742	0	0	0
1605	T	T	826.337	35.3003	62	62	0	0	0	826.337
1606	A	A	842.398	35.3003	62	62	842.398	0	0	0
1607	A	A	827.722	35.3003	62	62	827.722	0	0	0
1608	T	T	826.149	36.0538	61	61	0	0	0	826.149
1609	A	A	811.974	36.0397	60	60	811.974	0	0	0
1610	G	G	890.077	36.0809	63	62	0	0	890.077	0
1611	C	C	849.56	35.3227	63	60	0	849.56	0	0
1612	T	T	844.138	35.3445	64	64	0	0	0	844.138
1613	C	C	860.276	35.3227	63	61	0	860.276	0	0
1614	T	T	837.368	35.3445	64	64	0	0	0	837.368
1615	C	C	845.503	35.3445	64	60	0	845.503	0	0
1616	G	G	885.319	35.3227	63	62	0	0	885.319	0
1617	C	C	897.061	35.3003	62	62	0	897.061	0	0
1618	G	G	895.505	35.3657	65	63	0	0	895.505	0
1619	G	G	883.291	35.3657	65	62	0	0	883.291	0
1620	T	T	925.816	35.4066	67	67	0	0	0	925.816
1621	C	C	920.14	35.3657	65	64	0	920.14	0	0
1622	A	A	918.185	35.4066	67	67	918.185	0	0	0
1623	C	C	956.558	35.4454	69	67	0	956.558	0	0
1624	T	T	907.991	35.4454	69	69	0	0	0	907.991
1625	A	A	935.731	35.4262	68	68	935.731	0	0	0
1626	T	T	921.694	35.4454	69	69	0	0	0	921.694
1627	A	A	952.715	35.4641	70	70	952.715	0	0	0
1628	C	C	955.514	35.4454	69	67	0	955.514	0	0
1629	T	T	950.496	35.4454	69	69	0	0	0	950.496
1630	A	A	956.714	35.4454	69	69	956.714	0	0	0
1631	G	G	950.44	35.4641	70	67	0	0	950.44	0
1632	G	G	1024.26	36.1752	71	71	0	0	1024.26	0
1633	T	T	962.478	36.1645	70	70	0	0	0	962.478
1634	T	T	977.118	36.1857	72	72	0	0	0	977.118
1635	T	T	975.134	36.1752	71	71	0	0	0	975.134
1636	T	T	987.331	36.1857	72	72	0	0	0	987.331
1637	A	A	925.353	36.1645	70	70	925.353	0	0	0
1638	T	T	968.694	36.1535	69	69	0	0	0	968.694
1639	C	C	941.392	36.1064	65	65	0	941.392	0	0
1640	C	C	872.798	36.0809	63	61	0	872.798	0	0
1641	T	T	879.15	36.0675	62	62	0	0	0	879.15
1642	A	A	861.386	36.0809	63	63	861.386	0	0	0
1643	G	G	895.657	36.0809	63	62	0	0	895.657	0
1644	C	C	866.255	36.0938	64	61	0	866.255	0	0
1645	A	A	883.672	36.1064	65	65	883.672	0	0	0
1646	T	T	860.254	37	65	65	0	0	0	860.254
1647	T	T	881.68	37	66	66	0	0	0	881.68
1648	A	A	902.6	37	67	67	902.6	0	0	0
1649	G	G	914.327	37	66	64	0	0	914.327	0
1650	A	A	939.221	37	68	68	939.221	0	0	0
1651	A	A	931.614	37	66	66	931.614	0	0	0
1652	C	C	935.528	37	66	65	0	935.528	0	0
1653	T	T	890.325	37	64	64	0	0	0	890.325
1654	C	C	951.602	37	66	66	0	951.602	0	0
1655	A	A	898.305	37	65	65	898.305	0	0	0
1656	A	A	896.74	37	66	66	896.74	0	0	0
1657	T	T	906.597	37	65	65	0	0	0	906.597
1658	T	T	890.341	37	65	65	0	0	0	890.341
1659	C	C	889.027	37	65	62	0	889.027	0	0
1660	T	T	921.63	37	69	69	0	0	0	921.63
1661	A	A	937.19	37	69	69	937.19	0	0	0
1662	C	C	873.582	37	68	63	0	873.582	0	0
1663	C	C	965.044	37	68	67	0	965.044	0	0
1664	A	A	918	37	70	70	918	0	0	0
1665	C	C	933.412	37	69	66	0	933.412	0	0
1666	A	A	892.16	37	67	67	892.16	0	0	0
1667	C	C	922.329	37	64	64	0	922.329	0	0
1668	A	A	847.769	37	63	63	847.769	0	0	0
1669	A	A	880.964	37	65	65	880.964	0	0	0
1670	A	A	867.345	37	64	64	867.345	0	0	0
1671	C	C	871.278	37	63	61	0	871.278	0	0
1672	T	T	856.41	37	62	62	0	0	0	856.41
1673	C	C	837.196	37	61	59	0	837.196	0	0
1674	T	T	855.992	37	61	61	0	0	0	855.992
1675	C	C	812.352	37	60	57	0	812.352	0	0
1676	A	A	831.309	37	63	63	831.309	0	0	0
1677	A	A	822.997	37	61	61	822.997	0	0	0
1678	A	A	778.901	37	57	57	778.901	0	0	0
1679	C	C	749.541	37	57	54	0	749.541	0	0
1680	T	T	777.005	37	57	57	0	0	0	777.005
1681	T	T	794.313	37	57	57	0	0	0	794.313
1682	G	G	766.814	37	57	54	0	0	766.814	0
1683	A	A	737.903	37	54	54	737.903	0	0	0
1684	C	C	759.315	37	55	53	0	759.315	0	0
1685	T	T	734.531	37	54	54	0	0	0	734.531
1686	A	A	777.424	37	58	58	777.424	0	0	0
1687	T	T	757.427	37	58	58	0	0	0	757.427
1688	C	C	832.927	37	58	58	0	832.927	0	0
1689	C	C	806.25	37	60	57	0	806.25	0	0
1690	A	A	752.546	37	57	56	752.546	0	0	0
1691	C	C	792.076	37	55	55	0	792.076	0	0
1692	A	A	739.07	37	54	54	739.07	0	0	0
1693	A	A	728.444	37	52	52	728.444	0	0	0
1694	A	A	718.241	37	52	52	718.241	0	0	0
1695	A	A	733.279	35.9273	53	53	733.279	0	0	0
1696	T	T	755.874	35.9273	53	53	0	0	0	755.874
1697	C	C	712.279	35.0968	54	51	0	712.279	0	0
1698	C	C	734.863	35.1249	55	52	0	734.863	0	0
1699	A	A	753.204	35.0968	54	54	753.204	0	0	0
1700	T	T	740.223	35.0968	54	54	0	0	0	740.223
1701	T	T	729.095	35.1249	55	55	0	0	0	729.095
1702	T	T	762.391	35.1249	55	55	0	0	0	762.391
1703	A	A	750.147	35.0968	54	54	750.147	0	0	0
1704	A	A	746.937	35.0968	54	54	746.937	0	0	0
1705	A	A	750.951	35.1249	55	55	750.951	0	0	0
1706	T	T	779.74	35.1522	56	56	0	0	0	779.74
1707	T	T	769.666	35.1249	55	55	0	0	0	769.666
1708	C	C	748.557	35.0678	53	52	0	748.557	0	0
1709	T	T	749.541	35.0968	54	54	0	0	0	749.541
1710	C	C	697.989	35.0379	52	50	0	697.989	0	0
1711	T	T	725.907	35.0071	51	51	0	0	0	725.907
1712	A	A	716.618	35.0678	53	53	716.618	0	0	0
1713	T	T	712.656	35.0678	53	53	0	0	0	712.656
1714	T	T	734.816	35.1249	55	55	0	0	0	734.816
1715	C	C	738.9	35.0968	54	52	0	738.9	0	0
1716	A	A	722.183	35.0968	54	54	722.183	0	0	0
1717	A	A	718.385	35.1249	55	55	718.385	0	0	0
1718	C	C	746.146	35.1249	55	53	0	746.146	0	0
1719	T	T	731.573	35.0968	54	54	0	0	0	731.573
1720	A	A	756.689	35.1787	57	57	756.689	0	0	0
1721	G	G	762.488	35.1787	57	54	0	0	762.488	0
1722	G	G	725.191	35.0678	53	51	0	0	725.191	0
1723	A	A	713.295	35.0678	53	53	713.295	0	0	0
1724	T	T	719.705	35.0968	54	54	0	0	0	719.705
1725	A	A	702.239	37	53	53	702.239	0	0	0
1726	C	C	750.066	37	53	52	0	750.066	0	0
1727	T	T	702.052	37	51	51	0	0	0	702.052
1728	T	T	688.121	37	50	50	0	0	0	688.121
1729	C	C	684.515	37	50	48	0	684.515	0	0
1730	C	C	696.942	37	51	49	0	696.942	0	0
1731	C	C	757.118	37	54	53	0	757.118	0	0
1732	C	C	770.73	37	55	54	0	770.73	0	0
1733	A	A	746.955	37	55	55	746.955	0	0	0
1734	T	T	691.302	37	54	54	0	0	0	691.302
1735	C	C	767.249	37	56	54	0	767.249	0	0
1736	A	A	770.669	37	56	56	770.669	0	0	0
1737	T	T	754.521	37	56	56	0	0	0	754.521
1738	C	C	819.935	37	57	57	0	819.935	0	0
1739	A	A	757.177	37	56	56	757.177	0	0	0
1740	T	T	770.075	37	55	55	0	0	0	770.075
1741	T	T	764.308	37	56	56	0	0	0	764.308
1742	C	C	801.296	35.9945	57	56	0	801.296	0	0
1743	A	A	811.643	35.2294	59	59	811.643	0	0	0
1744	C	C	747.805	35.2537	60	54	0	747.805	0	0
1745	C	C	795.835	35.2537	60	57	0	795.835	0	0
1746	G	G	820.689	35.2294	59	57	0	0	820.689	0
1747	C	C	805.433	35.1787	57	56	0	805.433	0	0
1748	C	C	836.93	35.2294	59	58	0	836.93	0	0
1749	T	T	829.961	35.2294	59	59	0	0	0	829.961
1750	C	C	786.162	35.2044	58	56	0	786.162	0	0
1751	C	C	810.8	35.1787	57	56	0	810.8	0	0
1752	T	T	765.248	35.0968	54	54	0	0	0	765.248
1753	G	G	792.993	35.1249	55	55	0	0	792.993	0
1754	C	C	766.681	35.0968	54	53	0	766.681	0	0
1755	C	C	814.96	35.2044	58	57	0	814.96	0	0
1756	A	A	812.974	35.2294	59	59	812.974	0	0	0
1757	A	A	813.189	35.2537	60	60	813.189	0	0	0
1758	T	T	799.895	35.2294	59	59	0	0	0	799.895
1759	A	A	787.576	35.2294	59	59	787.576	0	0	0
1760	A	A	760.622	35.1787	57	57	760.622	0	0	0
1761	T	T	795.05	35.1522	56	56	0	0	0	795.05
1762	G	G	720.387	35.1522	56	52	0	0	720.387	0
1763	A	A	783.685	35.2294	59	59	783.685	0	0	0
1764	G	G	849.041	35.2537	60	59	0	0	849.041	0
1765	C	C	806.755	36.0397	60	57	0	806.755	0	0
1766	T	T	774.184	36.0675	62	62	0	0	0	774.184
1767	T	T	790.832	36.0538	61	61	0	0	0	790.832
1768	G	G	861.415	36.0538	61	60	0	0	861.415	0
1769	T	T	833.425	36.0675	62	62	0	0	0	833.425
1770	C	C	850.087	36.0397	60	59	0	850.087	0	0
1771	A	A	781.369	36.0251	59	59	781.369	0	0	0
1772	A	A	775.25	36.01	58	58	775.25	0	0	0
1773	T	T	806.476	36.01	58	58	0	0	0	806.476
1774	A	A	758.69	35.9945	57	57	758.69	0	0	0
1775	A	A	747.363	35.9945	57	57	747.363	0	0	0
1776	G	G	758.007	35.962	55	53	0	0	758.007	0
1777	C	C	721.989	35.945	54	51	0	721.989	0	0
1778	C	C	805.789	35.9785	56	56	0	805.789	0	0
1779	A	A	723.462	37	53	53	723.462	0	0	0
1780	A	A	718.309	37	52	52	718.309	0	0	0
1781	A	A	711.511	37	51	51	711.511	0	0	0
1782	A	A	718.869	37	51	51	718.869	0	0	0
1783	A	A	727.104	37	52	52	727.104	0	0	0
1784	A	A	712.942	37	51	51	712.942	0	0	0
1785	T	T	705.915	37	50	50	0	0	0	705.915
1786	G	G	732.041	37	52	51	0	0	732.041	0
1787	G	G	741.215	37	54	52	0	0	741.215	0
1788	C	C	763.616	37	54	53	0	763.616	0	0
1789	A	A	710.814	37	52	52	710.814	0	0	0
1790	T	T	730.922	37	54	54	0	0	0	730.922
1791	C	C	760.96	37	53	53	0	760.96	0	0
1792	T	T	722.842	37	53	53	0	0	0	722.842
1793	A	A	687.896	37	52	52	687.896	0	0	0
1794	T	T	711.989	37	52	52	0	0	0	711.989
1795	A	A	700.034	37	52	52	700.034	0	0	0
1796	T	T	716.883	37	52	52	0	0	0	716.883
1797	T	T	687.602	37	50	50	0	0	0	687.602
1798	A	A	689.833	37	49	49	689.833	0	0	0
1799	C	C	675.482	37	48	47	0	675.482	0	0
1800	T	T	696.114	37	52	52	0	0	0	696.114
1801	A	A	736.331	37	53	53	736.331	0	0	0
1802	G	G	792.773	37	55	55	0	0	792.773	0
1803	A	A	783.837	37	57	57	783.837	0	0	0
1804	C	C	760.151	37	57	54	0	760.151	0	0
1805	A	A	793.273	37	59	59	793.273	0	0	0
1806	T	T	765.557	37	58	58	0	0	0	765.557
1807	A	A	823.596	37	61	61	823.596	0	0	0
1808	A	A	789.284	37	59	59	789.284	0	0	0
1809	C	C	764.041	37	57	54	0	764.041	0	0
1810	C	C	783.946	37	57	55	0	783.946	0	0
1811	T	T	796.85	37	58	58	0	0	0	796.85
1812	G	G	763.039	37	57	54	0	0	763.039	0
1813	A	A	733.043	37	54	54	733.043	0	0	0
1814	C	C	763.141	37	54	53	0	763.141	0	0
1815	T	T	742.143	37	53	53	0	0	0	742.143
1816	A	A	686.889	37	51	51	686.889	0	0	0
1817	G	G	680.434	37	49	48	0	0	680.434	0
1818	A	A	671.066	37	50	50	671.066	0	0	0
1819	A	A	639.062	37	49	49	639.062	0	0	0
1820	A	A	647.59	37	47	47	647.59	0	0	0
1821	A	A	702.11	37	51	51	702.11	0	0	0
1822	T	T	686.399	37	53	53	0	0	0	686.399
1823	G	G	734.64	37	52	51	0	0	734.64	0
1824	T	T	657.938	37	51	51	0	0	0	657.938
1825	A	A	735.708	37	53	53	735.708	0	0	0
1826	C	C	744.252	37	57	53	0	744.252	0	0
1827	T	T	757.357	37	57	57	0	0	0	757.357
1828	A	A	803.452	37	59	59	803.452	0	0	0
1829	C	C	772.024	37	59	56	0	772.024	0	0
1830	C	C	802.466	37	60	57	0	802.466	0	0
1831	A	A	857.77	37	62	62	857.77	0	0	0
1832	A	A	843.091	37	60	60	843.091	0	0	0
1833	A	A	873.229	37	62	62	873.229	0	0	0
1834	A	A	882.223	37	63	63	882.223	0	0	0
1835	T	T	865.903	37	65	65	0	0	0	865.903
1836	C	C	901.609	37	65	63	0	901.609	0	0
1837	C	C	881.7	37	66	63	0	881.7	0	0
1838	A	A	949.082	37	68	68	949.082	0	0	0
1839	T	T	899.63	37	66	66	0	0	0	899.63
1840	C	C	942.093	37	70	67	0	942.093	0	0
1841	T	T	919.723	37	69	69	0	0	0	919.723
1842	C	C	990.752	37	70	69	0	990.752	0	0
1843	C	C	1036.52	37	72	72	0	1036.52	0	0
1844	T	T	938.464	37	71	71	0	0	0	938.464
1845	A	A	1037.19	37	74	74	1037.19	0	0	0
1846	C	C	904.889	37	73	66	0	904.889	0	0
1847	T	T	984.828	37	74	74	0	0	0	984.828
1848	T	T	1009.18	37	75	75	0	0	0	1009.18
1849	C	C	1083.59	37	75	75	0	1083.59	0	0
1850	C	C	1083.24	37	76	75	0	1083.24	0	0
1851	A	A	986.007	37	72	72	986.007	0	0	0
1852	A	A	982.915	37	72	72	982.915	0	0	0
1853	A	A	953.441	37	70	70	953.441	0	0	0
1854	T	T	962.847	37	70	70	0	0	0	962.847
1855	A	A	973.751	37	71	71	973.751	0	0	0
1856	A	A	963.45	37	70	70	963.45	0	0	0
1857	A	A	948.572	37	70	70	948.572	0	0	0
1858	A	A	926.848	37	69	69	926.848	0	0	0
1859	T	T	944.049	37	69	68	0	0	0	944.049
1860	C	C	982.07	37	68	68	0	982.07	0	0
1861	T	T	958.145	37	69	69	0	0	0	958.145
1862	T	T	934.116	37	68	68	0	0	0	934.116
1863	C	C	951.658	37	66	66	0	951.658	0	0
1864	A	A	864.87	37	65	65	864.87	0	0	0
1865	A	A	860.417	37	64	64	860.417	0	0	0
1866	T	T	858.342	37	62	62	0	0	0	858.342
1867	C	C	829.896	36.0675	62	59	0	829.896	0	0
1868	A	A	879.495	36.0938	64	64	879.495	0	0	0
1869	C	C	868.54	36.0938	64	61	0	868.54	0	0
1870	A	A	908.295	36.0809	63	63	908.295	0	0	0
1871	G	G	910.808	36.0809	63	63	0	0	910.808	0
1872	T	T	880.544	36.0938	64	64	0	0	0	880.544
1873	C	C	910.767	36.0809	63	63	0	910.767	0	0
1874	T	T	917.731	36.1187	66	66	0	0	0	917.731
1875	C	C	919.864	36.1187	66	64	0	919.864	0	0
1876	T	T	878.479	36.0809	63	63	0	0	0	878.479
1877	A	A	846.527	36.0675	62	62	846.527	0	0	0
1878	A	A	871.494	36.0938	64	64	871.494	0	0	0
1879	C	C	873.208	35.3657	65	62	0	873.208	0	0
1880	C	C	796.848	35.3864	66	59	0	796.848	0	0
1881	A	A	871.547	35.3445	64	64	871.547	0	0	0
1882	A	A	838.636	35.2537	60	60	838.636	0	0	0
1883	A	A	849.515	35.2773	61	61	849.515	0	0	0
1884	A	A	884.807	35.3445	64	64	884.807	0	0	0
1885	A	A	888.246	35.3227	63	63	888.246	0	0	0
1886	G	G	881.079	35.3657	65	62	0	0	881.079	0
1887	G	G	967.559	35.4066	67	67	0	0	967.559	0
1888	A	A	951.434	35.4454	69	69	951.434	0	0	0
1889	C	C	964.755	35.4824	71	68	0	964.755	0	0
1890	T	T	931.616	36.1535	69	69	0	0	0	931.616
1891	A	A	877.302	36.1187	66	65	877.302	0	0	0
1892	A	A	871.043	36.1064	65	65	871.043	0	0	0
1893	T	T	926.058	36.1064	65	65	0	0	0	926.058
1894	T	T	860.668	36.0538	61	60	0	0	0	860.668
1895	A	A	829.352	36.0675	62	62	829.352	0	0	0
1896	A	A	819.456	36.0675	62	62	819.456	0	0	0
1897	A	A	846.072	36.0675	62	62	846.072	0	0	0
1898	C	C	860.686	36.0538	61	60	0	860.686	0	0
1899	T	T	815.418	36.0397	60	60	0	0	0	815.418
1900	A	A	794.076	36.0251	59	59	794.076	0	0	0
1901	T	T	789.418	35.9785	56	56	0	0	0	789.418
1902	A	A	788.634	36.0251	59	59	788.634	0	0	0
1903	C	C	838.231	36.0251	59	58	0	838.231	0	0
1904	T	T	803.22	36.0397	60	60	0	0	0	803.22
1905	T	T	805.822	36.0538	61	61	0	0	0	805.822
1906	C	C	823.438	37	60	58	0	823.438	0	0
1907	C	C	830.898	37	63	59	0	830.898	0	0
1908	T	T	811.846	37	62	62	0	0	0	811.846
1909	C	C	889.096	37	63	62	0	889.096	0	0
1910	T	T	824.103	37	60	60	0	0	0	824.103
1911	C	C	848.61	37	59	59	0	848.61	0	0
1912	T	T	826.502	37	59	59	0	0	0	826.502
1913	T	T	833.795	37	60	60	0	0	0	833.795
1914	T	T	801.002	37	57	57	0	0	0	801.002
1915	C	C	803.575	37	58	56	0	803.575	0	0
1916	A	A	802.036	37	57	57	802.036	0	0	0
1917	T	T	821.416	37	58	58	0	0	0	821.416
1918	G	G	847.323	37	60	59	0	0	847.323	0
1919	A	A	802.769	37	60	60	802.769	0	0	0
1920	T	T	834.731	37	60	60	0	0	0	834.731
1921	C	C	835.406	37	59	58	0	835.406	0	0
1922	A	A	747.197	37	55	55	747.197	0	0	0
1923	C	C	794.385	37	55	55	0	794.385	0	0
1924	A	A	743.076	37	54	54	743.076	0	0	0
1925	T	T	743.452	37	52	52	0	0	0	743.452
1926	T	T	735.213	37	51	51	0	0	0	735.213
1927	A	A	680.151	37	50	50	680.151	0	0	0
1928	A	A	677.907	37	51	51	677.907	0	0	0
1929	T	T	732.083	37	52	52	0	0	0	732.083
1930	C	C	762.063	37	54	53	0	762.063	0	0
1931	C	C	719.963	37	51	50	0	719.963	0	0
1932	T	T	664.475	37	49	49	0	0	0	664.475
1933	A	A	649.616	37	48	48	649.616	0	0	0
1934	A	A	639.725	37	47	47	639.725	0	0	0
1935	G	G	617.547	37	44	43	0	0	617.547	0
1936	C	C	633.489	37	45	44	0	633.489	0	0
1937	T	T	646.207	37	48	48	0	0	0	646.207
1938	T	T	648.922	37	48	48	0	0	0	648.922
1939	C	C	690.51	37	49	48	0	690.51	0	0
1940	T	T	638.327	37	48	48	0	0	0	638.327
1941	T	T	621.215	37	47	47	0	0	0	621.215
1942	C	C	637.848	37	47	45	0	637.848	0	0
1943	G	G	643.612	37	46	45	0	0	643.612	0
1944	T	T	646.473	37	47	47	0	0	0	646.473
1945	A	A	643.194	37	48	48	643.194	0	0	0
1946	C	C	681.867	37	50	48	0	681.867	0	0
1947	T	T	621.153	37	47	47	0	0	0	621.153
1948	T	T	635.89	37	49	49	0	0	0	635.89
1949	A	A	726.208	37	51	51	726.208	0	0	0
1950	A	A	734.42	37	51	51	734.42	0	0	0
1951	T	T	698.618	37	53	53	0	0	0	698.618
1952	T	T	695.324	37	53	53	0	0	0	695.324
1953	T	T	727.063	37	56	56	0	0	0	727.063
1954	C	C	775.143	36.0397	60	56	0	775.143	0	0
1955	C	C	873.974	36.1064	65	62	0	873.974	0	0
1956	A	A	865.411	36.0809	63	63	865.411	0	0	0
1957	C	C	859.376	36.0938	64	61	0	859.376	0	0
1958	G	G	882.4	36.1064	65	62	0	0	882.4	0
1959	A	A	852.817	36.0809	63	63	852.817	0	0	0
1960	G	G	777.434	36.0675	62	56	0	0	777.434	0
1961	T	T	845.171	36.0397	60	60	0	0	0	845.171
1962	A	A	820.054	36.0251	59	59	820.054	0	0	0
1963	A	A	829.572	36.0397	60	60	829.572	0	0	0
1964	C	C	838.614	36.0251	59	58	0	838.614	0	0
1965	T	T	807.24	36.0251	59	59	0	0	0	807.24
1966	T	T	812.695	36.0251	59	59	0	0	0	812.695
1967	C	C	848.081	35.2773	61	59	0	848.081	0	0
1968	C	C	880.28	35.2773	61	61	0	880.28	0	0
1969	A	A	845.568	35.3003	62	62	845.568	0	0	0
1970	T	T	867.427	35.3227	63	63	0	0	0	867.427
1971	A	A	841.202	35.3227	63	63	841.202	0	0	0
1972	A	A	839.532	35.3445	64	64	839.532	0	0	0
1973	T	T	862.006	36.0809	63	63	0	0	0	862.006
1974	T	T	826.518	36.0397	60	60	0	0	0	826.518
1975	A	A	827.909	36.0397	60	60	827.909	0	0	0
1976	C	C	838.987	36.0538	61	59	0	838.987	0	0
1977	T	T	821.647	36.0397	60	60	0	0	0	821.647
1978	A	A	804.373	36.0251	59	59	804.373	0	0	0
1979	G	G	848.412	36.0251	59	59	0	0	848.412	0
1980	C	C	837.41	36.0251	59	58	0	837.41	0	0
1981	A	A	814.722	36.0251	59	59	814.722	0	0	0
1982	C	C	877.297	36.0538	61	61	0	877.297	0	0
1983	A	A	856.185	36.0809	63	63	856.185	0	0	0
1984	C	C	796.669	36.1064	65	59	0	796.669	0	0
1985	C	C	860.408	36.1064	65	61	0	860.408	0	0
1986	A	A	843.725	36.0938	64	64	843.725	0	0	0
1987	A	A	863.417	36.1187	66	66	863.417	0	0	0
1988	T	T	864.066	36.0938	64	64	0	0	0	864.066
1989	A	A	825.073	36.0538	61	61	825.073	0	0	0
1990	A	A	820.823	36.0397	60	60	820.823	0	0	0
1991	G	G	837.717	36.0538	61	59	0	0	837.717	0
1992	A	A	797.798	36.0251	59	59	797.798	0	0	0
1993	A	A	801.461	36.0251	59	59	801.461	0	0	0
1994	G	G	810.785	37	58	57	0	0	810.785	0
1995	A	A	809.142	37	59	59	809.142	0	0	0
1996	G	G	852.186	37	60	59	0	0	852.186	0
1997	A	A	815.728	37	58	58	815.728	0	0	0
1998	T	T	801.976	37	58	58	0	0	0	801.976
1999	C	C	862.194	37	60	60	0	862.194	0	0
2000	A	A	862.312	37	63	63	862.312	0	0	0
2001	C	C	867.172	36.0938	64	61	0	867.172	0	0
2002	C	C	887.436	35.3445	64	62	0	887.436	0	0
2003	C	C	798.455	35.2773	61	57	0	798.455	0	0
2004	A	A	852.421	35.2537	60	60	852.421	0	0	0
2005	G	G	885.292	35.3227	63	62	0	0	885.292	0
2006	T	T	868.8	35.3227	63	63	0	0	0	868.8
2007	G	G	895.304	35.3657	65	63	0	0	895.304	0
2008	A	A	905.747	35.3864	66	66	905.747	0	0	0
2009	C	C	901.613	35.4066	67	64	0	901.613	0	0
2010	A	A	955.372	35.4262	68	68	955.372	0	0	0
2011	A	A	930.63	35.3864	66	66	930.63	0	0	0
2012	T	T	901.007	35.3864	66	66	0	0	0	901.007
2013	A	A	947.527	35.4066	67	67	947.527	0	0	0
2014	A	A	995.821	35.4824	71	71	995.821	0	0	0
2015	C	C	1002.32	35.5002	72	70	0	1002.32	0	0
2016	T	T	974.048	35.5176	73	73	0	0	0	974.048
2017	A	A	1019.7	35.5346	74	74	1019.7	0	0	0
2018	A	A	1028.39	35.5512	75	75	1028.39	0	0	0
2019	T	T	1032.44	35.5834	77	77	0	0	0	1032.44
2020	C	C	1044.68	35.5512	75	73	0	1044.68	0	0
2021	A	A	1003.69	35.4824	71	71	1003.69	0	0	0
2022	A	A	1010.87	35.4824	71	71	1010.87	0	0	0
2023	G	G	950.176	35.5346	74	69	0	0	950.176	0
2024	T	T	1031.27	35.5176	73	73	0	0	0	1031.27
2025	T	T	1020.3	35.5002	72	72	0	0	0	1020.3
2026	C	C	1041.15	35.5176	73	72	0	1041.15	0	0
2027	C	C	1041.26	35.5176	73	72	0	1041.26	0	0
2028	A	A	999.864	35.5176	73	73	999.864	0	0	0
2029	T	T	1018.65	35.5346	74	74	0	0	0	1018.65
2030	A	A	978.235	35.5176	73	73	978.235	0	0	0
2031	A	A	957.346	35.5176	73	73	957.346	0	0	0
2032	C	C	1066.65	35.5346	74	74	0	1066.65	0	0
2033	T	T	1006.65	35.5346	74	74	0	0	0	1006.65
2034	G	G	1005.81	35.4824	71	70	0	0	1005.81	0
2035	T	T	972.822	36.1959	73	73	0	0	0	972.822
2036	A	A	954.509	36.1645	70	70	954.509	0	0	0
2037	T	T	928.125	36.1535	69	69	0	0	0	928.125
2038	A	A	927.944	36.1306	67	67	927.944	0	0	0
2039	A	A	946.496	36.1422	68	68	946.496	0	0	0
2040	A	A	939.719	36.1187	66	66	939.719	0	0	0
2041	G	G	939.336	36.1422	68	66	0	0	939.336	0
2042	C	C	864.343	37	67	63	0	864.343	0	0
2043	C	C	950.057	37	67	66	0	950.057	0	0
2044	G	G	871.026	37	68	63	0	0	871.026	0
2045	C	C	982.575	37	68	68	0	982.575	0	0
2046	A	A	916.067	37	69	69	916.067	0	0	0
2047	A	A	881.552	37	65	65	881.552	0	0	0
2048	T	T	870.778	37	63	63	0	0	0	870.778
2049	C	C	848.247	37	66	61	0	848.247	0	0
2050	C	C	894.805	37	68	64	0	894.805	0	0
2051	C	C	895.795	37	68	64	0	895.795	0	0
2052	C	C	907.975	37	68	64	0	907.975	0	0
2053	A	A	916.983	37	68	68	916.983	0	0	0
2054	T	T	897.863	37	67	67	0	0	0	897.863
2055	G	G	980.369	37	68	68	0	0	980.369	0
2056	G	G	991.216	37	69	69	0	0	991.216	0
2057	C	C	966.737	37	68	67	0	966.737	0	0
2058	T	T	909.463	37	66	66	0	0	0	909.463
2059	T	T	868.444	37	62	62	0	0	0	868.444
2060	C	C	875.129	37	63	61	0	875.129	0	0
2061	C	C	844.78	37	61	59	0	844.78	0	0
2062	T	T	823.819	37	60	60	0	0	0	823.819
2063	C	C	866.739	37	64	61	0	866.739	0	0
2064	A	A	838.267	37	62	62	838.267	0	0	0
2065	C	C	850.027	37	63	60	0	850.027	0	0
2066	T	T	786.023	37	59	59	0	0	0	786.023
2067	A	A	835.155	37	60	60	835.155	0	0	0
2068	A	A	843.241	37	61	61	843.241	0	0	0
2069	A	A	871.652	37	63	63	871.652	0	0	0
2070	A	A	871.016	37	63	63	871.016	0	0	0
2071	A	A	874.313	37	64	64	874.313	0	0	0
2072	A	A	853.761	37	62	62	853.761	0	0	0
2073	C	C	876.842	37	62	61	0	876.842	0	0
2074	C	C	850.616	37	62	60	0	850.616	0	0
2075	C	C	817.543	37	61	58	0	817.543	0	0
2076	C	C	881.239	37	61	61	0	881.239	0	0
2077	G	G	881.596	37	61	61	0	0	881.596	0
2078	A	A	849.448	37	62	62	849.448	0	0	0
2079	A	A	873.147	35.3445	64	64	873.147	0	0	0
2080	T	T	890.851	35.3657	65	65	0	0	0	890.851
2081	C	C	836.811	35.3445	64	60	0	836.811	0	0
2082	C	C	904.192	35.3445	64	63	0	904.192	0	0
2083	C	C	781.899	35.3003	62	57	0	781.899	0	0
2084	C	C	876.765	35.3003	62	61	0	876.765	0	0
2085	C	C	847.176	35.2773	61	59	0	847.176	0	0
2086	G	G	893.275	35.3003	62	62	0	0	893.275	0
2087	T	T	869.691	35.3227	63	63	0	0	0	869.691
2088	A	A	838.668	35.3227	63	63	838.668	0	0	0
2089	T	T	822.902	35.2294	59	59	0	0	0	822.902
2090	C	C	805.327	35.1787	57	56	0	805.327	0	0
2091	A	A	788.168	35.1787	57	57	788.168	0	0	0
2092	T	T	797.098	35.1787	57	57	0	0	0	797.098
2093	A	A	803.6	35.2294	59	59	803.6	0	0	0
2094	A	A	842.231	35.2773	61	61	842.231	0	0	0
2095	A	A	863.891	35.3003	62	62	863.891	0	0	0
2096	T	T	827.883	35.3003	62	62	0	0	0	827.883
2097	T	T	807.105	36.0397	60	60	0	0	0	807.105
2098	A	A	791.756	36.0251	59	59	791.756	0	0	0
2099	C	C	814.425	36.0397	60	57	0	814.425	0	0
2100	T	T	859.935	36.0675	62	62	0	0	0	859.935
2101	C	C	821.028	36.0397	60	58	0	821.028	0	0
2102	A	A	863.272	36.0675	62	62	863.272	0	0	0
2103	A	A	845.112	36.0397	60	60	845.112	0	0	0
2104	T	T	820.219	36.0538	61	61	0	0	0	820.219
2105	C	C	834.452	36.0538	61	59	0	834.452	0	0
2106	G	G	864.221	36.0538	61	60	0	0	864.221	0
2107	C	C	838.304	37	59	58	0	838.304	0	0
2108	C	C	852.98	37	59	59	0	852.98	0	0
2109	T	T	820.866	37	58	58	0	0	0	820.866
2110	A	A	815.773	37	59	59	815.773	0	0	0
2111	T	T	787.594	37	58	57	0	0	0	787.594
2112	T	T	787.592	37	58	58	0	0	0	787.592
2113	C	C	752.107	37	60	54	0	752.107	0	0
2114	C	C	821.172	37	61	58	0	821.172	0	0
2115	A	A	850.684	37	63	63	850.684	0	0	0
2116	T	T	834.295	37	62	62	0	0	0	834.295
2117	T	T	813.698	37	60	60	0	0	0	813.698
2118	A	A	794.508	37	59	59	794.508	0	0	0
2119	A	A	789.537	37	60	60	789.537	0	0	0
2120	A	A	785.404	37	60	60	785.404	0	0	0
2121	T	T	830.628	37	59	59	0	0	0	830.628
2122	T	T	770.385	37	55	55	0	0	0	770.385
2123	T	T	764.135	37	56	56	0	0	0	764.135
2124	A	A	794.557	37	57	57	794.557	0	0	0
2125	A	A	808.405	37	60	59	808.405	0	0	0
2126	A	A	815.223	37	61	61	815.223	0	0	0
2127	T	T	785.86	37	61	61	0	0	0	785.86
2128	A	A	890.669	37	64	64	890.669	0	0	0
2129	C	C	830.684	37	63	59	0	830.684	0	0
2130	A	A	914.496	37	66	66	914.496	0	0	0
2131	A	A	912.9	37	66	66	912.9	0	0	0
2132	T	T	879.071	37	66	66	0	0	0	879.071
2133	C	C	906.753	37	68	64	0	906.753	0	0
2134	T	T	920.344	37	69	69	0	0	0	920.344
2135	C	C	950.259	37	67	66	0	950.259	0	0
2136	A	A	903.631	37	66	66	903.631	0	0	0
2137	A	A	896.655	37	65	65	896.655	0	0	0
2138	C	C	891.047	37	67	63	0	891.047	0	0
2139	T	T	904.209	37	67	67	0	0	0	904.209
2140	T	T	892.211	37	66	66	0	0	0	892.211
2141	C	C	962.021	37	68	67	0	962.021	0	0
2142	A	A	961.52	37	68	68	961.52	0	0	0
2143	T	T	967.417	37	71	71	0	0	0	967.417
2144	C	C	985.856	37	72	69	0	985.856	0	0
2145	A	A	975.133	37	71	71	975.133	0	0	0
2146	T	T	996.054	37	74	74	0	0	0	996.054
2147	C	C	1066	37	75	74	0	1066	0	0
2148	T	T	997.7	37	74	74	0	0	0	997.7
2149	T	T	998.332	37	74	74	0	0	0	998.332
2150	T	T	982.43	37	72	72	0	0	0	982.43
2151	C	C	972.77	37	70	68	0	972.77	0	0
2152	A	A	922.518	37	68	68	922.518	0	0	0
2153	A	A	953.351	37	68	68	953.351	0	0	0
2154	G	G	1010.1	37	70	70	0	0	1010.1	0
2155	A	A	939.479	37	68	68	939.479	0	0	0
2156	C	C	971.346	37	72	69	0	971.346	0	0
2157	A	A	957.503	37	70	70	957.503	0	0	0
2158	T	T	962.013	37	69	69	0	0	0	962.013
2159	A	A	929.248	37	69	69	929.248	0	0	0
2160	A	A	939.076	37	68	68	939.076	0	0	0
2161	C	C	918.009	37	66	64	0	918.009	0	0
2162	A	A	940.925	37	67	67	940.925	0	0	0
2163	G	G	968.33	37	67	67	0	0	968.33	0
2164	G	G	997.505	37	69	69	0	0	997.505	0
2165	C	C	952.342	37	70	67	0	952.342	0	0
2166	A	A	965.408	37	70	70	965.408	0	0	0
2167	A	A	987.187	37	72	72	987.187	0	0	0
2168	T	T	959.129	37	70	70	0	0	0	959.129
2169	C	C	917.323	37	68	65	0	917.323	0	0
2170	A	A	939.833	37	67	67	939.833	0	0	0
2171	A	A	944.463	37	68	68	944.463	0	0	0
2172	T	T	973.035	37	69	69	0	0	0	973.035
2173	A	A	922.658	37	67	67	922.658	0	0	0
2174	A	A	972.538	37	70	70	972.538	0	0	0
2175	C	C	1019.35	37	72	71	0	1019.35	0	0
2176	T	T	978.43	37	74	74	0	0	0	978.43
2177	C	C	1019.19	37	72	71	0	1019.19	0	0
2178	A	A	999.502	37	71	71	999.502	0	0	0
2179	G	G	1026.29	37	71	71	0	0	1026.29	0
2180	A	A	1007.22	37	73	73	1007.22	0	0	0
2181	T	T	1029.41	37	75	75	0	0	0	1029.41
2182	A	A	1040.9	37	76	76	1040.9	0	0	0
2183	A	A	1010.7	37	73	73	1010.7	0	0	0
2184	T	T	1004.36	37	73	73	0	0	0	1004.36
2185	A	A	1029.98	37	74	74	1029.98	0	0	0
2186	G	G	1082.51	37	75	75	0	0	1082.51	0
2187	A	A	1051.26	37	75	75	1051.26	0	0	0
2188	C	C	1063.07	37	76	74	0	1063.07	0	0
2189	C	C	1024.69	37	75	72	0	1024.69	0	0
2190	C	C	1037.12	37	80	75	0	1037.12	0	0
2191	A	A	1099.08	37	80	80	1099.08	0	0	0
2192	C	C	1185.29	37	85	83	0	1185.29	0	0
2193	G	G	1167.94	37	85	82	0	0	1167.94	0
2194	A	A	1126.47	37	84	84	1126.47	0	0	0
2195	T	T	1142.85	37	83	83	0	0	0	1142.85
2196	A	A	1083.86	37	80	80	1083.86	0	0	0
2197	A	A	1072.21	37	78	78	1072.21	0	0	0
2198	A	A	1061.9	37	77	77	1061.9	0	0	0
2199	T	T	1085.97	37	78	78	0	0	0	1085.97
2200	G	G	1142.04	36.2606	80	79	0	0	1142.04	0
2201	C	C	1074.19	36.269	81	76	0	1074.19	0	0
2202	G	G	1118.8	36.2606	80	78	0	0	1118.8	0
2203	C	C	1138.69	36.2606	80	79	0	1138.69	0	0
2204	C	C	1056.37	36.252	79	75	0	1056.37	0	0
2205	T	T	1112.31	36.2432	78	78	0	0	0	1112.31
2206	A	A	1046.97	36.2342	77	77	1046.97	0	0	0
2207	A	A	1052.2	36.2249	76	76	1052.2	0	0	0
2208	T	T	1067.73	36.2249	76	76	0	0	0	1067.73
2209	A	A	1043.59	36.2249	76	76	1043.59	0	0	0
2210	C	C	1024.82	36.2058	74	72	0	1024.82	0	0
2211	A	A	993.547	36.1959	73	73	993.547	0	0	0
2212	G	G	998.528	36.1857	72	70	0	0	998.528	0
2213	C	C	954.704	36.1535	69	67	0	954.704	0	0
2214	T	T	987.337	36.1422	68	68	0	0	0	987.337
2215	T	T	986.483	36.1535	69	69	0	0	0	986.483
2216	T	T	954.742	36.1422	68	68	0	0	0	954.742
2217	A	A	892.716	36.1064	65	65	892.716	0	0	0
2218	T	T	907.91	36.1064	65	65	0	0	0	907.91
2219	T	T	882.661	36.0809	63	63	0	0	0	882.661
2220	A	A	859.621	36.0938	64	64	859.621	0	0	0
2221	G	G	866.817	36.0938	64	61	0	0	866.817	0
2222	A	A	806.872	36.0538	61	61	806.872	0	0	0
2223	G	G	895.964	36.1064	65	63	0	0	895.964	0
2224	A	A	851.876	36.0938	64	64	851.876	0	0	0
2225	T	T	826.141	36.0397	60	60	0	0	0	826.141
2226	T	T	823.715	36.0538	61	61	0	0	0	823.715
2227	C	C	846.2	37	60	59	0	846.2	0	0
2228	A	A	819.767	36.0809	63	63	819.767	0	0	0
2229	A	A	809.476	36.0809	63	63	809.476	0	0	0
2230	A	A	818.062	36.0809	63	63	818.062	0	0	0
2231	C	C	793.031	36.0675	62	58	0	793.031	0	0
2232	C	C	763.234	35.9945	57	54	0	763.234	0	0
2233	T	T	780.544	36.01	58	58	0	0	0	780.544
2234	C	C	825.131	36.0397	60	58	0	825.131	0	0
2235	A	A	858.105	36.0675	62	62	858.105	0	0	0
2236	G	G	866.339	36.0675	62	61	0	0	866.339	0
2237	G	G	860.827	36.0538	61	60	0	0	860.827	0
2238	A	A	813.523	36.0397	60	60	813.523	0	0	0
2239	T	T	842.208	36.0397	60	60	0	0	0	842.208
2240	A	A	806.964	36.0397	60	60	806.964	0	0	0
2241	C	C	859.984	36.0538	61	60	0	859.984	0	0
2242	T	T	832.722	36.0809	63	63	0	0	0	832.722
2243	G	G	857.993	36.0675	62	60	0	0	857.993	0
2244	C	C	931.126	36.1064	65	65	0	931.126	0	0
2245	T	T	840.336	36.0938	64	64	0	0	0	840.336
2246	C	C	920.691	36.1064	65	64	0	920.691	0	0
2247	A	A	861.54	36.0938	64	64	861.54	0	0	0
2248	G	G	919.709	37	65	64	0	0	919.709	0
2249	T	T	877.566	37	63	63	0	0	0	877.566
2250	G	G	886.123	37	64	62	0	0	886.123	0
2251	G	G	915.935	37	67	65	0	0	915.935	0
2252	C	C	913.684	37	66	64	0	913.684	0	0
2253	C	C	917.15	37	67	65	0	917.15	0	0
2254	A	A	885.468	37	66	66	885.468	0	0	0
2255	T	T	865.058	37	64	64	0	0	0	865.058
2256	A	A	889.966	37	65	65	889.966	0	0	0
2257	G	G	918.061	37	66	64	0	0	918.061	0
2258	C	C	881.928	37	65	62	0	881.928	0	0
2259	C	C	922.1	37	65	64	0	922.1	0	0
2260	G	G	886.553	37	64	62	0	0	886.553	0
2261	T	T	891.806	37	65	65	0	0	0	891.806
2262	A	A	908.667	37	65	65	908.667	0	0	0
2263	G	G	859.949	37	65	61	0	0	859.949	0
2264	T	T	882.192	37	63	63	0	0	0	882.192
2265	A	A	844.174	37	62	62	844.174	0	0	0
2266	T	T	882.463	37	62	62	0	0	0	882.463
2267	A	A	876.808	37	66	66	876.808	0	0	0
2268	A	A	884.025	37	64	64	884.025	0	0	0
2269	C	C	862.314	37	63	61	0	862.314	0	0
2270	C	C	826.874	37	62	59	0	826.874	0	0
2271	A	A	865.827	37	62	62	865.827	0	0	0
2272	A	A	859.738	37	61	61	859.738	0	0	0
2273	A	A	870.861	37	62	62	870.861	0	0	0
2274	A	A	865.448	37	62	62	865.448	0	0	0
2275	A	A	882.084	37	64	64	882.084	0	0	0
2276	C	C	881.538	37	61	61	0	881.538	0	0
2277	C	C	882.033	37	61	61	0	882.033	0	0
2278	A	A	818.394	37	62	62	818.394	0	0	0
2279	C	C	894.15	37	62	62	0	894.15	0	0
2280	A	A	821.132	37	62	62	821.132	0	0	0
2281	A	A	803.383	37	61	61	803.383	0	0	0
2282	G	G	816.793	37	59	57	0	0	816.793	0
2283	C	C	847.184	37	60	59	0	847.184	0	0
2284	A	A	807.59	37	59	59	807.59	0	0	0
2285	T	T	806.755	37	59	59	0	0	0	806.755
2286	T	T	796.832	37	59	59	0	0	0	796.832
2287	C	C	819.03	37	58	57	0	819.03	0	0
2288	C	C	792.423	37	56	55	0	792.423	0	0
2289	A	A	798.218	37	57	57	798.218	0	0	0
2290	C	C	807.568	37	57	56	0	807.568	0	0
2291	C	C	806.502	37	56	56	0	806.502	0	0
2292	T	T	764.139	37	55	55	0	0	0	764.139
2293	A	A	821.063	37	59	59	821.063	0	0	0
2294	A	A	824.502	37	61	61	824.502	0	0	0
2295	A	A	832.408	37	61	61	832.408	0	0	0
2296	T	T	803.593	37	60	60	0	0	0	803.593
2297	A	A	798.426	37	59	59	798.426	0	0	0
2298	A	A	784.539	37	59	59	784.539	0	0	0
2299	A	A	766.598	37	57	57	766.598	0	0	0
2300	T	T	810.721	37	58	58	0	0	0	810.721
2301	T	T	791.167	37	58	58	0	0	0	791.167
2302	A	A	827.471	37	60	60	827.471	0	0	0
2303	A	A	825.877	37	60	60	825.877	0	0	0
2304	A	A	844.279	37	60	60	844.279	0	0	0
2305	A	A	891.526	37	64	64	891.526	0	0	0
2306	A	A	884.468	37	64	64	884.468	0	0	0
2307	A	A	864.836	37	62	62	864.836	0	0	0
2308	A	A	902.714	37	64	64	902.714	0	0	0
2309	C	C	961.283	37	68	67	0	961.283	0	0
2310	C	C	965.394	37	68	67	0	965.394	0	0
2311	A	A	938.497	37	68	68	938.497	0	0	0
2312	T	T	907.476	37	68	68	0	0	0	907.476
2313	T	T	937.764	37	69	69	0	0	0	937.764
2314	A	A	928.492	37	67	67	928.492	0	0	0
2315	A	A	942.769	37	69	69	942.769	0	0	0
2316	A	A	908.669	37	65	65	908.669	0	0	0
2317	C	C	939.658	37	65	65	0	939.658	0	0
2318	C	C	939.377	37	65	65	0	939.377	0	0
2319	T	T	932.244	37	68	68	0	0	0	932.244
2320	A	A	934.65	37	69	69	934.65	0	0	0
2321	A	A	973.048	37	71	71	973.048	0	0	0
2322	A	A	965.561	37	72	72	965.561	0	0	0
2323	A	A	951.471	37	69	69	951.471	0	0	0
2324	A	A	938.421	37	69	69	938.421	0	0	0
2325	A	A	907.035	37	66	66	907.035	0	0	0
2326	G	G	951.186	36.1306	67	66	0	0	951.186	0
2327	A	A	892.702	36.1064	65	65	892.702	0	0	0
2328	C	C	924.366	36.1064	65	64	0	924.366	0	0
2329	C	C	922.262	35.3864	66	64	0	922.262	0	0
2330	C	C	888.342	35.3445	64	62	0	888.342	0	0
2331	C	C	850.634	35.3003	62	60	0	850.634	0	0
2332	C	C	909.587	35.3227	63	63	0	909.587	0	0
2333	C	C	847.398	35.3003	62	60	0	847.398	0	0
2334	A	A	824.026	35.2773	61	61	824.026	0	0	0
2335	A	A	862.06	35.3227	63	63	862.06	0	0	0
2336	A	A	843.324	35.3003	62	62	843.324	0	0	0
2337	A	A	821.169	35.2773	61	61	821.169	0	0	0
2338	C	C	870.055	35.3657	65	62	0	870.055	0	0
2339	T	T	839.933	35.3227	63	63	0	0	0	839.933
2340	T	T	876.001	35.3864	66	66	0	0	0	876.001
2341	A	A	896.005	35.3864	66	66	896.005	0	0	0
2342	A	A	896.412	35.3864	66	66	896.412	0	0	0
2343	T	T	842.828	35.3227	63	63	0	0	0	842.828
2344	A	A	891.17	35.3657	65	65	891.17	0	0	0
2345	C	C	953.572	35.4641	70	67	0	953.572	0	0
2346	A	A	971.109	35.4641	70	70	971.109	0	0	0
2347	A	A	973.508	35.4454	69	69	973.508	0	0	0
2348	T	T	910.551	35.4262	68	68	0	0	0	910.551
2349	A	A	997.316	35.4641	70	70	997.316	0	0	0
2350	C	C	933.974	35.4641	70	66	0	933.974	0	0
2351	C	C	1010.13	35.4641	70	70	0	1010.13	0	0
2352	A	A	977.174	35.4641	70	70	977.174	0	0	0
2353	C	C	1021.51	35.5002	72	71	0	1021.51	0	0
2354	A	A	964.644	36.1752	71	71	964.644	0	0	0
2355	C	C	1052.33	36.2058	74	73	0	1052.33	0	0
2356	C	C	1050.99	36.2058	74	73	0	1050.99	0	0
2357	C	C	1018.15	36.1959	73	71	0	1018.15	0	0
2358	A	A	996.384	36.1752	71	71	996.384	0	0	0
2359	A	A	996.318	36.1752	71	71	996.318	0	0	0
2360	C	C	1025.54	35.4824	71	71	0	1025.54	0	0
2361	A	A	1008.1	35.5002	72	72	1008.1	0	0	0
2362	C	C	1024.96	35.5002	72	71	0	1024.96	0	0
2363	C	C	989.923	36.1752	71	69	0	989.923	0	0
2364	C	C	1015.64	36.1959	73	71	0	1015.64	0	0
2365	C	C	1066.15	36.2058	74	74	0	1066.15	0	0
2366	C	C	1033.46	36.2058	74	72	0	1033.46	0	0
2367	A	A	967.164	36.1857	72	72	967.164	0	0	0
2368	C	C	1035.96	36.1857	72	72	0	1035.96	0	0
2369	T	T	952.388	36.1535	69	69	0	0	0	952.388
2370	A	A	898.555	36.1306	67	67	898.555	0	0	0
2371	A	A	893.04	36.1306	67	67	893.04	0	0	0
2372	C	C	967.696	36.1306	67	67	0	967.696	0	0
2373	A	A	898.281	36.1422	68	68	898.281	0	0	0
2374	A	A	899.458	36.1306	67	67	899.458	0	0	0
2375	T	T	897.929	36.1422	68	68	0	0	0	897.929
2376	T	T	885.866	36.1306	67	67	0	0	0	885.866
2377	A	A	910.775	36.1064	65	65	910.775	0	0	0
2378	A	A	936.842	36.1306	67	67	936.842	0	0	0
2379	A	A	925.808	36.1306	67	67	925.808	0	0	0
2380	A	A	930.006	36.1422	68	68	930.006	0	0	0
2381	C	C	953.293	36.1306	67	66	0	953.293	0	0
2382	T	T	925.686	36.1422	68	68	0	0	0	925.686
2383	A	A	931.645	36.1645	70	70	931.645	0	0	0
2384	A	A	893.046	36.1422	68	68	893.046	0	0	0
2385	C	C	944.718	36.1422	68	66	0	944.718	0	0
2386	C	C	960.958	36.1422	68	67	0	960.958	0	0
2387	C	C	884.981	36.1306	67	63	0	884.981	0	0
2388	C	C	940.529	36.1306	67	66	0	940.529	0	0
2389	C	C	880.637	36.1064	65	62	0	880.637	0	0
2390	C	C	911.244	36.1306	67	65	0	911.244	0	0
2391	G	G	783.423	36.0675	62	57	0	0	783.423	0
2392	T	T	868.732	36.0809	63	63	0	0	0	868.732
2393	A	A	822.545	36.0809	63	63	822.545	0	0	0
2394	A	A	814.457	37	63	63	814.457	0	0	0
2395	A	A	851.986	37	63	63	851.986	0	0	0
2396	T	T	827.527	37	63	63	0	0	0	827.527
2397	G	G	893.231	37	62	62	0	0	893.231	0
2398	G	G	880.357	37	62	61	0	0	880.357	0
2399	G	G	876.307	37	63	61	0	0	876.307	0
2400	A	A	879.029	37	63	63	879.029	0	0	0
2401	G	G	860.915	37	62	60	0	0	860.915	0
2402	A	A	845.127	37	62	62	845.127	0	0	0
2403	A	A	839.966	37	63	63	839.966	0	0	0
2404	G	G	845.18	37	61	59	0	0	845.18	0
2405	G	G	869.698	37	63	61	0	0	869.698	0
2406	C	C	895.282	37	62	62	0	895.282	0	0
2407	T	T	820.37	37	59	59	0	0	0	820.37
2408	T	T	805.899	37	58	58	0	0	0	805.899
2409	A	A	850.566	37	61	61	850.566	0	0	0
2410	G	G	827.499	37	62	59	0	0	827.499	0
2411	A	A	854.076	37	62	62	854.076	0	0	0
2412	A	A	901.284	37	64	64	901.284	0	0	0
2413	G	G	910.579	37	64	63	0	0	910.579	0
2414	A	A	870.985	37	62	62	870.985	0	0	0
2415	G	G	912.289	37	63	63	0	0	912.289	0
2416	A	A	904.912	37	65	65	904.912	0	0	0
2417	A	A	916.231	37	66	66	916.231	0	0	0
2418	C	C	972.241	37	71	69	0	972.241	0	0
2419	C	C	984.541	36.1752	71	69	0	984.541	0	0
2420	C	C	987.765	35.5346	74	70	0	987.765	0	0
2421	T	T	960.557	35.5512	75	75	0	0	0	960.557
2422	A	A	1046.77	35.5512	75	75	1046.77	0	0	0
2423	C	C	1064.95	35.5512	75	74	0	1064.95	0	0
2424	A	A	1051.7	35.5675	76	76	1051.7	0	0	0
2425	A	A	1008.3	35.5512	75	75	1008.3	0	0	0
2426	A	A	1021.9	35.5512	75	75	1021.9	0	0	0
2427	A	A	981.084	35.5176	73	73	981.084	0	0	0
2428	C	C	1054.35	35.5346	74	73	0	1054.35	0	0
2429	C	C	1018.58	35.5002	72	71	0	1018.58	0	0
2430	C	C	970.569	35.4066	67	67	0	970.569	0	0
2431	A	A	913.207	35.4262	68	68	913.207	0	0	0
2432	T	T	922.746	35.3657	65	65	0	0	0	922.746
2433	C	C	935.363	35.3864	66	65	0	935.363	0	0
2434	A	A	897.511	35.3864	66	66	897.511	0	0	0
2435	C	C	914.293	35.3864	66	64	0	914.293	0	0
2436	A	A	933.371	35.4262	68	68	933.371	0	0	0
2437	A	A	886.491	36.1187	66	66	886.491	0	0	0
2438	A	A	883.012	36.1187	66	66	883.012	0	0	0
2439	A	A	876.596	36.1064	65	65	876.596	0	0	0
2440	A	A	844.869	36.0938	64	64	844.869	0	0	0
2441	C	C	914.044	36.1064	65	64	0	914.044	0	0
2442	G	G	826.801	36.0397	60	58	0	0	826.801	0
2443	A	A	767.517	36.0251	59	59	767.517	0	0	0
2444	C	C	852.887	36.0251	59	59	0	852.887	0	0
2445	A	A	749.605	35.9945	57	57	749.605	0	0	0
2446	C	C	806.534	37	57	56	0	806.534	0	0
2447	T	T	779.496	37	57	57	0	0	0	779.496
2448	T	T	730.669	37	54	54	0	0	0	730.669
2449	A	A	753.783	37	54	54	753.783	0	0	0
2450	A	A	772.281	37	54	54	772.281	0	0	0
2451	A	A	757.942	37	54	54	757.942	0	0	0
2452	A	A	756.669	37	56	56	756.669	0	0	0
2453	T	T	779.987	37	57	57	0	0	0	779.987
2454	A	A	740.518	37	56	56	740.518	0	0	0
2455	A	A	731.577	37	56	56	731.577	0	0	0
2456	A	A	721.854	37	55	55	721.854	0	0	0
2457	T	T	730.849	37	53	53	0	0	0	730.849
2458	A	A	711.715	37	51	51	711.715	0	0	0
2459	C	C	684.349	37	50	48	0	684.349	0	0
2460	A	A	682.913	37	52	52	682.913	0	0	0
2461	A	A	659.389	37	51	51	659.389	0	0	0
2462	T	T	716.211	37	52	52	0	0	0	716.211
2463	A	A	679.525	37	53	53	679.525	0	0	0
2464	T	T	687.796	37	51	51	0	0	0	687.796
2465	A	A	649.645	37	48	48	649.645	0	0	0
2466	C	C	661.843	37	47	46	0	661.843	0	0
2467	A	A	644.362	37	47	47	644.362	0	0	0
2468	T	T	640.65	37	46	46	0	0	0	640.65
2469	T	T	638.188	37	48	48	0	0	0	638.188
2470	G	G	704.719	37	49	49	0	0	704.719	0
2471	T	T	677.22	37	51	51	0	0	0	677.22
2472	C	C	626.355	37	51	46	0	626.355	0	0
2473	A	A	700.062	37	53	53	700.062	0	0	0
2474	T	T	705.389	37	54	54	0	0	0	705.389
2475	T	T	679.755	37	52	52	0	0	0	679.755
2476	A	A	668.525	37	50	50	668.525	0	0	0
2477	T	T	667.906	37	50	50	0	0	0	667.906
2478	T	T	682.287	37	50	50	0	0	0	682.287
2479	C	C	706.45	37	50	49	0	706.45	0	0
2480	C	C	658.406	37	49	47	0	658.406	0	0
2481	C	C	618.977	37	46	44	0	618.977	0	0
2482	A	A	677.281	37	47	47	677.281	0	0	0
2483	C	C	677.327	37	48	47	0	677.327	0	0
2484	A	A	707.317	37	50	50	707.317	0	0	0
2485	T	T	690.078	37	50	50	0	0	0	690.078
2486	G	G	734.989	37	51	51	0	0	734.989	0
2487	G	G	733.999	37	51	51	0	0	733.999	0
2488	A	A	696.625	37	51	51	696.625	0	0	0
2489	A	A	704.569	37	52	52	704.569	0	0	0
2490	T	T	709.538	37	52	52	0	0	0	709.538
2491	C	C	762.659	37	54	53	0	762.659	0	0
2492	T	T	706.737	37	53	53	0	0	0	706.737
2493	A	A	736.87	37	54	54	736.87	0	0	0
2494	A	A	697.565	37	52	52	697.565	0	0	0
2495	C	C	689.254	37	52	49	0	689.254	0	0
2496	C	C	683.422	37	52	49	0	683.422	0	0
2497	A	A	699.555	37	52	52	699.555	0	0	0
2498	T	T	724.637	37	52	52	0	0	0	724.637
2499	G	G	708.398	37	50	49	0	0	708.398	0
2500	A	A	713.111	37	51	51	713.111	0	0	0
2501	C	C	716.359	37	51	50	0	716.359	0	0
2502	T	T	702.637	37	52	52	0	0	0	702.637
2503	A	A	782.823	37	56	56	782.823	0	0	0
2504	G	G	745.193	37	56	53	0	0	745.193	0
2505	T	T	738.1	37	55	55	0	0	0	738.1
2506	G	G	771.415	37	56	54	0	0	771.415	0
2507	A	A	757.422	37	56	56	757.422	0	0	0
2508	C	C	795.466	37	55	55	0	795.466	0	0
2509	A	A	709.015	37	51	51	709.015	0	0	0
2510	T	T	728.239	37	51	51	0	0	0	728.239
2511	G	G	746.976	37	53	52	0	0	746.976	0
2512	A	A	724.85	37	53	53	724.85	0	0	0
2513	A	A	747.871	37	56	56	747.871	0	0	0
2514	A	A	699.826	37	52	52	699.826	0	0	0
2515	A	A	710.511	37	53	53	710.511	0	0	0
2516	A	A	729.532	37	54	54	729.532	0	0	0
2517	T	T	732.329	37	54	54	0	0	0	732.329
2518	C	C	743.998	37	57	54	0	743.998	0	0
2519	A	A	763.58	37	54	54	763.58	0	0	0
2520	C	C	740.991	37	54	52	0	740.991	0	0
2521	C	C	780.561	37	57	55	0	780.561	0	0
2522	G	G	818.496	37	58	57	0	0	818.496	0
2523	T	T	801.441	37	59	59	0	0	0	801.441
2524	T	T	797.114	37	59	59	0	0	0	797.114
2525	G	G	821.992	37	58	57	0	0	821.992	0
2526	T	T	816.185	37	60	60	0	0	0	816.185
2527	A	A	806.028	37	59	59	806.028	0	0	0
2528	C	C	860.537	37	62	60	0	860.537	0	0
2529	T	T	832.982	37	63	63	0	0	0	832.982
2530	T	T	813.42	37	61	61	0	0	0	813.42
2531	C	C	813.129	37	59	57	0	813.129	0	0
2532	A	A	812.831	37	61	61	812.831	0	0	0
2533	A	A	823.669	37	62	62	823.669	0	0	0
2534	C	C	820.607	37	60	58	0	820.607	0	0
2535	T	T	832.657	37	61	61	0	0	0	832.657
2536	A	A	785.41	37	59	59	785.41	0	0	0
2537	C	C	792.286	37	58	56	0	792.286	0	0
2538	A	A	789.034	37	58	58	789.034	0	0	0
2539	A	A	786.018	37	58	58	786.018	0	0	0
2540	G	G	806.611	37	57	56	0	0	806.611	0
2541	A	A	808.524	37	59	59	808.524	0	0	0
2542	A	A	869.005	37	64	64	869.005	0	0	0
2543	C	C	896.643	37	65	63	0	896.643	0	0
2544	C	C	927.325	37	66	65	0	927.325	0	0
2545	T	T	874.899	37	68	68	0	0	0	874.899
2546	T	T	849.065	37	65	65	0	0	0	849.065
2547	A	A	909.933	37	65	65	909.933	0	0	0
2548	A	A	904.345	37	65	65	904.345	0	0	0
2549	T	T	924.685	37	68	68	0	0	0	924.685
2550	G	G	961.636	37	69	67	0	0	961.636	0
2551	A	A	945.619	37	69	69	945.619	0	0	0
2552	C	C	966.691	37	67	67	0	966.691	0	0
2553	C	C	934.758	37	66	65	0	934.758	0	0
2554	A	A	930.355	37	68	68	930.355	0	0	0
2555	A	A	924.234	37	69	69	924.234	0	0	0
2556	C	C	951.536	37	67	66	0	951.536	0	0
2557	A	A	891.293	37	66	66	891.293	0	0	0
2558	T	T	904.517	37	66	66	0	0	0	904.517
2559	C	C	902.016	37	65	63	0	902.016	0	0
2560	C	C	894.666	37	63	62	0	894.666	0	0
2561	G	G	889.624	37	64	62	0	0	889.624	0
2562	A	A	843.035	37	61	61	843.035	0	0	0
2563	A	A	846.422	37	63	63	846.422	0	0	0
2564	A	A	840.355	36.0675	62	62	840.355	0	0	0
2565	A	A	836.564	36.0809	63	63	836.564	0	0	0
2566	A	A	850.003	36.0675	62	62	850.003	0	0	0
2567	C	C	877.162	36.0675	62	61	0	877.162	0	0
2568	C	C	824.081	36.0251	59	58	0	824.081	0	0
2569	C	C	797.727	36.0397	60	57	0	797.727	0	0
2570	A	A	818.274	36.0251	59	59	818.274	0	0	0
2571	C	C	813.781	35.2537	60	57	0	813.781	0	0
2572	C	C	849.974	35.2294	59	59	0	849.974	0	0
2573	C	C	806.05	35.1787	57	56	0	806.05	0	0
2574	A	A	777.45	35.2044	58	58	777.45	0	0	0
2575	T	T	821.543	35.2294	59	59	0	0	0	821.543
2576	T	T	819.316	35.2773	61	61	0	0	0	819.316
2577	A	A	774.508	35.2537	60	60	774.508	0	0	0
2578	G	G	770.087	35.1522	56	54	0	0	770.087	0
2579	C	C	806.828	35.1522	56	56	0	806.828	0	0
2580	T	T	735.463	35.0968	54	54	0	0	0	735.463
2581	A	A	733.036	35.1249	55	55	733.036	0	0	0
2582	A	A	770.381	35.1249	55	55	770.381	0	0	0
2583	A	A	760.903	35.1249	55	55	760.903	0	0	0
2584	A	A	759.334	35.1249	55	55	759.334	0	0	0
2585	T	T	738.118	35.1249	55	55	0	0	0	738.118
2586	C	C	761.481	35.1522	56	54	0	761.481	0	0
2587	A	A	739.203	35.2044	58	57	739.203	0	0	0
2588	T	T	781.397	35.2044	58	58	0	0	0	781.397
2589	C	C	792.616	35.2044	58	56	0	792.616	0	0
2590	A	A	759.428	35.1787	57	57	759.428	0	0	0
2591	A	A	766.638	35.1249	55	55	766.638	0	0	0
2592	C	C	742.853	35.945	54	52	0	742.853	0	0
2593	A	A	729.665	35.8902	51	51	729.665	0	0	0
2594	A	A	736.879	35.9091	52	52	736.879	0	0	0
2595	C	C	741.061	35.945	54	52	0	741.061	0	0
2596	T	T	762.643	35.945	54	54	0	0	0	762.643
2597	C	C	774.853	35.9785	56	54	0	774.853	0	0
2598	A	A	790.6	35.9945	57	57	790.6	0	0	0
2599	T	T	762.687	35.9785	56	56	0	0	0	762.687
2600	T	T	750.832	35.945	54	54	0	0	0	750.832
2601	T	T	761.508	35.9785	56	56	0	0	0	761.508
2602	A	A	790.588	35.9945	57	57	790.588	0	0	0
2603	T	T	788.71	35.9945	57	57	0	0	0	788.71
2604	T	T	801.153	36.0538	61	61	0	0	0	801.153
2605	G	G	866.632	37	61	60	0	0	866.632	0
2606	A	A	834.644	37	62	62	834.644	0	0	0
2607	T	T	822.707	37	61	61	0	0	0	822.707
2608	C	C	832.143	37	59	58	0	832.143	0	0
2609	T	T	844.872	37	62	62	0	0	0	844.872
2610	T	T	864.195	37	62	62	0	0	0	864.195
2611	C	C	842.658	37	59	59	0	842.658	0	0
2612	C	C	850.97	37	63	60	0	850.97	0	0
2613	A	A	833.475	37	64	64	833.475	0	0	0
2614	A	A	808.798	37	59	59	808.798	0	0	0
2615	C	C	815.786	36.0251	59	57	0	815.786	0	0
2616	A	A	843.525	36.0538	61	61	843.525	0	0	0
2617	C	C	825.984	36.0397	60	58	0	825.984	0	0
2618	C	C	849.375	36.0675	62	60	0	849.375	0	0
2619	A	A	895.678	36.1187	66	66	895.678	0	0	0
2620	T	T	835.033	36.0938	64	64	0	0	0	835.033
2621	C	C	896.07	36.0938	64	63	0	896.07	0	0
2622	A	A	886.444	36.0809	63	63	886.444	0	0	0
2623	A	A	896.354	36.0938	64	64	896.354	0	0	0
2624	A	A	895.39	36.0675	62	62	895.39	0	0	0
2625	C	C	897.163	36.0809	63	62	0	897.163	0	0
2626	A	A	889.086	36.0938	64	64	889.086	0	0	0
2627	T	T	902.194	36.1187	66	66	0	0	0	902.194
2628	C	C	953.941	36.1422	68	67	0	953.941	0	0
2629	T	T	942.136	36.1535	69	69	0	0	0	942.136
2630	C	C	957.188	36.1422	68	67	0	957.188	0	0
2631	A	A	899.286	36.1064	65	65	899.286	0	0	0
2632	G	G	893.045	37	63	62	0	0	893.045	0
2633	C	C	881.093	37	64	62	0	881.093	0	0
2634	A	A	882.617	37	64	64	882.617	0	0	0
2635	T	T	881.36	37	62	62	0	0	0	881.36
2636	G	G	803.284	37	61	57	0	0	803.284	0
2637	A	A	808.224	37	60	60	808.224	0	0	0
2638	T	T	859.639	37	60	60	0	0	0	859.639
2639	G	G	790.727	37	59	56	0	0	790.727	0
2640	A	A	745.872	37	59	59	745.872	0	0	0
2641	A	A	734.222	37	54	54	734.222	0	0	0
2642	A	A	705.178	37	55	54	705.178	0	0	0
2643	C	C	741.716	37	54	52	0	741.716	0	0
2644	T	T	720.674	37	52	52	0	0	0	720.674
2645	T	T	714.213	37	53	53	0	0	0	714.213
2646	T	T	718.64	37	52	52	0	0	0	718.64
2647	G	G	715.401	37	50	50	0	0	715.401	0
2648	G	G	642.038	37	49	46	0	0	642.038	0
2649	A	A	673.698	37	48	48	673.698	0	0	0
2650	T	T	654.099	37	47	47	0	0	0	654.099
2651	C	C	663.487	37	46	46	0	663.487	0	0
2652	C	C	659.012	37	47	46	0	659.012	0	0
2653	C	C	663.117	37	47	46	0	663.117	0	0
2654	T	T	679.103	37	49	49	0	0	0	679.103
2655	C	C	675.395	37	48	47	0	675.395	0	0
2656	C	C	705.543	37	49	49	0	705.543	0	0
2657	T	T	700.829	37	51	51	0	0	0	700.829
2658	T	T	666.24	37	49	49	0	0	0	666.24
2659	G	G	637.069	37	47	45	0	0	637.069	0
2660	G	G	668.388	37	49	47	0	0	668.388	0
2661	A	A	671.223	37	52	52	671.223	0	0	0
2662	G	G	700.137	37	52	50	0	0	700.137	0
2663	T	T	628.022	37	50	50	0	0	0	628.022
2664	G	G	716.884	37	52	50	0	0	716.884	0
2665	T	T	649.078	37	51	51	0	0	0	649.078
2666	G	G	685.108	37	50	48	0	0	685.108	0
2667	T	T	670.216	37	50	50	0	0	0	670.216
2668	T	T	655.176	37	49	49	0	0	0	655.176
2669	T	T	692.254	37	49	49	0	0	0	692.254
2670	A	A	691.699	37	48	48	691.699	0	0	0
2671	A	A	685.327	37	48	48	685.327	0	0	0
2672	T	T	685.093	37	48	48	0	0	0	685.093
2673	T	T	697.478	37	49	49	0	0	0	697.478
2674	C	C	693.825	37	48	48	0	693.825	0	0
2675	T	T	701.346	37	50	50	0	0	0	701.346
2676	A	A	675.399	37	49	49	675.399	0	0	0
2677	C	C	707.804	37	49	49	0	707.804	0	0
2678	A	A	661.98	37	49	49	661.98	0	0	0
2679	G	G	679.38	37	48	47	0	0	679.38	0
2680	A	A	713.024	37	50	50	713.024	0	0	0
2681	T	T	694.443	37	53	53	0	0	0	694.443
2682	T	T	692.369	37	53	53	0	0	0	692.369
2683	C	C	730.129	37	52	51	0	730.129	0	0
2684	T	T	712.884	37	53	53	0	0	0	712.884
2685	A	A	713.924	37	54	54	713.924	0	0	0
2686	A	A	751.42	37	56	56	751.42	0	0	0
2687	C	C	791.929	37	56	55	0	791.929	0	0
2688	A	A	708.112	37	53	53	708.112	0	0	0
2689	G	G	747.267	37	52	52	0	0	747.267	0
2690	G	G	717.224	37	51	50	0	0	717.224	0
2691	C	C	736.249	37	51	51	0	736.249	0	0
2692	C	C	664.807	37	49	47	0	664.807	0	0
2693	T	T	686.369	37	50	50	0	0	0	686.369
2694	G	G	651.257	37	49	46	0	0	651.257	0
2695	T	T	675.412	37	49	49	0	0	0	675.412
2696	T	T	664.738	37	49	49	0	0	0	664.738
2697	T	T	656.263	37	49	49	0	0	0	656.263
2698	C	C	655.423	37	51	47	0	655.423	0	0
2699	T	T	674.712	37	50	50	0	0	0	674.712
2700	A	A	660.91	37	47	47	660.91	0	0	0
2701	G	G	677.106	37	48	47	0	0	677.106	0
2702	C	C	687.953	37	50	48	0	687.953	0	0
2703	C	C	705.012	37	50	49	0	705.012	0	0
2704	A	A	699.953	37	50	50	699.953	0	0	0
2705	T	T	683.875	37	50	50	0	0	0	683.875
2706	A	A	676.314	37	49	49	676.314	0	0	0
2707	C	C	708.717	37	49	49	0	708.717	0	0
2708	A	A	682.086	37	50	50	682.086	0	0	0
2709	C	C	679.887	37	47	47	0	679.887	0	0
2710	T	T	647.599	37	45	45	0	0	0	647.599
2711	A	A	663.181	37	47	47	663.181	0	0	0
2712	T	T	661.903	37	47	47	0	0	0	661.903
2713	A	A	665.51	37	48	48	665.51	0	0	0
2714	C	C	691.379	37	49	48	0	691.379	0	0
2715	A	A	706.889	37	50	50	706.889	0	0	0
2716	T	T	689.842	37	52	52	0	0	0	689.842
2717	C	C	672.969	37	52	48	0	672.969	0	0
2718	A	A	734.724	37	55	55	734.724	0	0	0
2719	G	G	754.937	37	55	53	0	0	754.937	0
2720	A	A	727.096	37	55	55	727.096	0	0	0
2721	C	C	738.175	37	54	52	0	738.175	0	0
2722	A	A	703.946	37	52	52	703.946	0	0	0
2723	C	C	696.106	37	50	49	0	696.106	0	0
2724	A	A	656.951	37	49	49	656.951	0	0	0
2725	A	A	718.586	35.945	54	54	718.586	0	0	0
2726	C	C	755.309	35.962	55	53	0	755.309	0	0
2727	C	C	754.7	35.962	55	53	0	754.7	0	0
2728	A	A	673.477	35.9091	52	52	673.477	0	0	0
2729	C	C	704.085	35.8504	49	49	0	704.085	0	0
2730	A	A	664.713	35.8504	49	49	664.713	0	0	0
2731	G	G	646.442	35.8504	49	46	0	0	646.442	0
2732	C	C	640.651	35.8077	47	45	0	640.651	0	0
2733	T	T	654.141	35.8504	49	49	0	0	0	654.141
2734	T	T	680.692	35.9091	52	52	0	0	0	680.692
2735	T	T	685.51	35.9091	52	52	0	0	0	685.51
2736	T	T	677.296	35.9091	52	52	0	0	0	677.296
2737	T	T	691.759	35.9091	52	52	0	0	0	691.759
2738	C	C	734.771	35.8902	51	51	0	734.771	0	0
2739	A	A	646.587	35.8294	48	48	646.587	0	0	0
2740	T	T	680.817	35.8504	49	49	0	0	0	680.817
2741	C	C	720.885	35.8902	51	50	0	720.885	0	0
2742	A	A	670.705	35.8707	50	50	670.705	0	0	0
2743	G	G	659.228	35.8902	51	47	0	0	659.228	0
2744	T	T	660.615	37	51	51	0	0	0	660.615
2745	C	C	700.736	37	53	50	0	700.736	0	0
2746	A	A	749.01	37	52	52	749.01	0	0	0
2747	C	C	743.014	37	53	52	0	743.014	0	0
2748	C	C	740.589	37	53	52	0	740.589	0	0
2749	C	C	777.018	37	54	54	0	777.018	0	0
2750	A	A	765.821	37	55	55	765.821	0	0	0
2751	C	C	737.29	37	57	53	0	737.29	0	0
2752	A	A	790.906	37	57	57	790.906	0	0	0
2753	T	T	782.73	37	57	57	0	0	0	782.73
2754	T	T	807.568	36.0397	60	60	0	0	0	807.568
2755	T	T	766.298	35.9945	57	57	0	0	0	766.298
2756	G	G	848.905	36.0397	60	59	0	0	848.905	0
2757	C	C	760.405	36.0538	61	55	0	760.405	0	0
2758	C	C	818.212	36.0675	62	58	0	818.212	0	0
2759	G	G	862.711	36.0397	60	60	0	0	862.711	0
2760	A	A	794.626	36.01	58	58	794.626	0	0	0
2761	G	G	801.692	36.01	58	56	0	0	801.692	0
2762	A	A	808.887	36.0251	59	59	808.887	0	0	0
2763	C	C	849.721	36.0251	59	59	0	849.721	0	0
2764	G	G	837.349	36.01	58	58	0	0	837.349	0
2765	T	T	800.787	36.01	58	58	0	0	0	800.787
2766	T	T	794.497	36.0251	59	59	0	0	0	794.497
2767	C	C	806.933	36.0251	59	57	0	806.933	0	0
2768	A	A	811.245	36.0251	59	59	811.245	0	0	0
2769	C	C	836.598	36.01	58	58	0	836.598	0	0
2770	T	T	794.751	35.9945	57	57	0	0	0	794.751
2771	A	A	816.841	35.2537	60	60	816.841	0	0	0
2772	C	C	820.475	35.2537	60	58	0	820.475	0	0
2773	G	G	819.247	35.2294	59	57	0	0	819.247	0
2774	G	G	779.944	35.1249	55	54	0	0	779.944	0
2775	G	G	800.862	35.1787	57	56	0	0	800.862	0
2776	T	T	814.064	35.2537	60	60	0	0	0	814.064
2777	G	G	853.604	35.2537	60	59	0	0	853.604	0
2778	A	A	871.169	35.2773	61	61	871.169	0	0	0
2779	G	G	868.308	35.2537	60	60	0	0	868.308	0
2780	T	T	845.895	35.3003	62	62	0	0	0	845.895
2781	T	T	871.577	35.3003	62	62	0	0	0	871.577
2782	A	A	845.473	35.3003	62	62	845.473	0	0	0
2783	T	T	901.074	35.3864	66	66	0	0	0	901.074
2784	C	C	937.424	35.3864	66	65	0	937.424	0	0
2785	C	C	821.407	35.3445	64	60	0	821.407	0	0
2786	G	G	844.034	35.3445	64	60	0	0	844.034	0
2787	A	A	847.92	35.2773	61	61	847.92	0	0	0
2788	T	T	865.66	35.3227	63	63	0	0	0	865.66
2789	A	A	893.197	35.3227	63	63	893.197	0	0	0
2790	T	T	858.704	35.3445	64	64	0	0	0	858.704
2791	G	G	926.105	35.3657	65	64	0	0	926.105	0
2792	T	T	880.302	35.3657	65	65	0	0	0	880.302
2793	A	A	962.578	35.4262	68	68	962.578	0	0	0
2794	C	C	905.385	35.4262	68	64	0	905.385	0	0
2795	A	A	972.081	35.4824	71	71	972.081	0	0	0
2796	T	T	961.123	35.4824	71	71	0	0	0	961.123
2797	G	G	947.525	35.4641	70	67	0	0	947.525	0
2798	C	C	1003.85	35.5002	72	70	0	1003.85	0	0
2799	A	A	1030.37	35.5512	75	75	1030.37	0	0	0
2800	A	A	1011	35.5002	72	72	1011	0	0	0
2801	A	A	1003.29	35.4824	71	71	1003.29	0	0	0
2802	T	T	971.259	35.4641	70	70	0	0	0	971.259
2803	G	G	1028.42	35.5176	73	72	0	0	1028.42	0
2804	G	G	1027.73	35.5512	75	72	0	0	1027.73	0
2805	A	A	1025.21	34.9752	75	75	1025.21	0	0	0
2806	G	G	1061.86	34.9966	76	74	0	0	1061.86	0
2807	C	C	979.392	35.5512	75	70	0	979.392	0	0
2808	C	C	976.385	34.9534	74	70	0	976.385	0	0
2809	T	T	1044.19	34.9966	76	76	0	0	0	1044.19
2810	C	C	1053.48	34.9534	74	73	0	1053.48	0	0
2811	C	C	1070.25	34.9966	76	75	0	1070.25	0	0
2812	A	A	1087.69	35.058	79	79	1087.69	0	0	0
2813	T	T	1064.77	35.058	79	79	0	0	0	1064.77
2814	G	G	1025.11	35.0175	77	73	0	0	1025.11	0
2815	T	T	1054.54	35.0175	77	77	0	0	0	1054.54
2816	T	T	1051.86	35.0175	77	77	0	0	0	1051.86
2817	C	C	1104.34	35.058	79	77	0	1104.34	0	0
2818	T	T	1043.04	34.9966	76	76	0	0	0	1043.04
2819	T	T	1063.76	35.0776	80	80	0	0	0	1063.76
2820	T	T	1089.73	35.1156	82	82	0	0	0	1089.73
2821	A	A	1078.91	35.0776	80	80	1078.91	0	0	0
2822	T	T	1070.55	35.0379	78	78	0	0	0	1070.55
2823	C	C	1099.37	35.0379	78	77	0	1099.37	0	0
2824	T	T	1060.87	34.9966	76	76	0	0	0	1060.87
2825	G	G	982.615	34.9966	76	70	0	0	982.615	0
2826	C	C	1039.51	35.5176	73	72	0	1039.51	0	0
2827	C	C	1041.01	35.5002	72	72	0	1041.01	0	0
2828	T	T	1021.32	35.5176	73	73	0	0	0	1021.32
2829	A	A	1026.47	35.5346	74	74	1026.47	0	0	0
2830	T	T	997.499	35.5176	73	73	0	0	0	997.499
2831	T	T	1005.65	35.5346	74	74	0	0	0	1005.65
2832	C	C	928.635	35.5512	75	68	0	928.635	0	0
2833	A	A	1008.08	35.5346	74	74	1008.08	0	0	0
2834	T	T	1033.39	35.5346	74	74	0	0	0	1033.39
2835	G	G	1046.27	35.5346	74	73	0	0	1046.27	0
2836	C	C	1001.2	35.4824	71	70	0	1001.2	0	0
2837	A	A	998.009	34.9311	73	73	998.009	0	0	0
2838	C	C	1015.83	34.9311	73	71	0	1015.83	0	0
2839	G	G	1034.58	34.9311	73	72	0	0	1034.58	0
2840	T	T	970.354	34.885	71	71	0	0	0	970.354
2841	A	A	988.379	34.9311	73	73	988.379	0	0	0
2842	G	G	995.248	34.9311	73	70	0	0	995.248	0
2843	G	G	998.434	34.9311	73	70	0	0	998.434	0
2844	A	A	995.54	34.9534	74	74	995.54	0	0	0
2845	C	C	991.034	34.885	71	69	0	991.034	0	0
2846	G	G	1040.18	34.9083	72	72	0	0	1040.18	0
2847	G	G	1008.79	34.885	71	70	0	0	1008.79	0
2848	G	G	989.921	34.885	71	69	0	0	989.921	0
2849	G	G	1006.59	34.9083	72	70	0	0	1006.59	0
2850	C	C	994.654	35.4641	70	69	0	994.654	0	0
2851	C	C	1038.02	36.1857	72	72	0	1038.02	0	0
2852	T	T	991.566	36.2058	74	74	0	0	0	991.566
2853	G	G	1013.21	36.1959	73	71	0	0	1013.21	0
2854	T	T	990.214	36.1857	72	72	0	0	0	990.214
2855	A	A	973.883	36.1645	70	70	973.883	0	0	0
2856	C	C	963.823	36.1857	72	68	0	963.823	0	0
2857	T	T	1010.04	36.2058	74	74	0	0	0	1010.04
2858	A	A	996.079	37	71	71	996.079	0	0	0
2859	T	T	981.715	37	72	72	0	0	0	981.715
2860	G	G	985.598	37	70	69	0	0	985.598	0
2861	G	G	1020.58	37	72	71	0	0	1020.58	0
2862	C	C	1008.76	37	71	70	0	1008.76	0	0
2863	T	T	1000.95	37	72	72	0	0	0	1000.95
2864	C	C	986.167	37	70	69	0	986.167	0	0
2865	A	A	956.458	37	70	70	956.458	0	0	0
2866	T	T	958.159	37	71	71	0	0	0	958.159
2867	A	A	982.327	37	72	72	982.327	0	0	0
2868	C	C	999.27	36.1959	73	70	0	999.27	0	0
2869	C	C	938.801	36.1645	70	67	0	938.801	0	0
2870	T	T	983.755	36.2155	75	75	0	0	0	983.755
2871	A	A	1035.29	36.2249	76	76	1035.29	0	0	0
2872	T	T	1012.87	36.2249	76	76	0	0	0	1012.87
2873	T	T	1016.11	36.2155	75	75	0	0	0	1016.11
2874	C	C	1033.15	36.2058	74	72	0	1033.15	0	0
2875	T	T	1015.43	36.1959	73	73	0	0	0	1015.43
2876	C	C	1002.78	36.1959	73	70	0	1002.78	0	0
2877	A	A	994.16	36.1752	71	71	994.16	0	0	0
2878	G	G	1017.08	36.1857	72	71	0	0	1017.08	0
2879	A	A	1010.58	36.1959	73	73	1010.58	0	0	0
2880	A	A	1016.21	36.1959	73	73	1016.21	0	0	0
2881	A	A	1009.66	36.2058	74	74	1009.66	0	0	0
2882	C	C	1077.35	36.2249	76	75	0	1077.35	0	0
2883	A	A	1021.18	36.2058	74	74	1021.18	0	0	0
2884	T	T	1009.96	36.1959	73	73	0	0	0	1009.96
2885	G	G	1009.32	36.1959	73	71	0	0	1009.32	0
2886	A	A	967.827	36.1535	69	69	967.827	0	0	0
2887	A	A	962.326	36.1535	69	69	962.326	0	0	0
2888	A	A	950.73	36.1535	69	69	950.73	0	0	0
2889	C	C	999.45	36.1535	69	69	0	999.45	0	0
2890	A	A	911.994	36.1535	69	69	911.994	0	0	0
2891	T	T	963.239	36.1535	69	69	0	0	0	963.239
2892	T	T	954.574	36.1535	69	69	0	0	0	954.574
2893	G	G	852.149	36.1535	69	62	0	0	852.149	0
2894	G	G	915.454	36.1187	66	64	0	0	915.454	0
2895	C	C	890.583	36.0938	64	62	0	890.583	0	0
2896	A	A	930.499	37	66	66	930.499	0	0	0
2897	T	T	905.454	37	66	66	0	0	0	905.454
2898	T	T	925.659	37	68	68	0	0	0	925.659
2899	A	A	971.977	37	71	71	971.977	0	0	0
2900	T	T	942.282	36.1857	72	72	0	0	0	942.282
2901	T	T	985.821	36.2155	75	75	0	0	0	985.821
2902	C	C	1026.93	36.2432	78	73	0	1026.93	0	0
2903	T	T	978.979	36.2155	75	75	0	0	0	978.979
2904	C	C	999.052	36.2249	76	71	0	999.052	0	0
2905	C	C	1022.45	36.2155	75	72	0	1022.45	0	0
2906	T	T	1000.7	36.1857	72	72	0	0	0	1000.7
2907	A	A	997.61	36.1959	73	73	997.61	0	0	0
2908	T	T	1037.68	36.2249	76	76	0	0	0	1037.68
2909	T	T	1067.95	36.2432	78	78	0	0	0	1067.95
2910	T	T	1054.92	36.2432	78	78	0	0	0	1054.92
2911	A	A	1067.49	36.2432	78	78	1067.49	0	0	0
2912	C	C	1039.32	35.5675	76	73	0	1039.32	0	0
2913	A	A	1062.03	35.5675	76	76	1062.03	0	0	0
2914	G	G	1098.82	35.5675	76	76	0	0	1098.82	0
2915	T	T	1077.86	35.6141	79	79	0	0	0	1077.86
2916	T	T	1069.01	35.5834	77	77	0	0	0	1069.01
2917	A	A	1046.44	35.5834	77	77	1046.44	0	0	0
2918	T	T	1067.73	35.5834	77	77	0	0	0	1067.73
2919	A	A	1009.7	35.5834	77	77	1009.7	0	0	0
2920	G	G	970.039	35.5346	74	69	0	0	970.039	0
2921	C	C	1029.43	34.9311	73	72	0	1029.43	0	0
2922	C	C	996.624	34.9083	72	70	0	996.624	0	0
2923	A	A	950.846	34.885	71	71	950.846	0	0	0
2924	C	C	933.724	34.8367	69	66	0	933.724	0	0
2925	C	C	979.303	34.9083	72	69	0	979.303	0	0
2926	G	G	1008.5	35.4824	71	70	0	0	1008.5	0
2927	C	C	1008.59	35.4641	70	70	0	1008.59	0	0
2928	A	A	941.466	35.4641	70	70	941.466	0	0	0
2929	T	T	969.162	35.4824	71	71	0	0	0	969.162
2930	T	T	948.784	35.4262	68	68	0	0	0	948.784
2931	T	T	935.001	35.4066	67	67	0	0	0	935.001
2932	A	A	906.165	35.3864	66	66	906.165	0	0	0
2933	T	T	919.677	35.4066	67	67	0	0	0	919.677
2934	A	A	928.831	35.4262	68	68	928.831	0	0	0
2935	G	G	974.146	35.4641	70	68	0	0	974.146	0
2936	G	G	989.495	35.4824	71	69	0	0	989.495	0
2937	A	A	977.629	35.4824	71	71	977.629	0	0	0
2938	T	T	939.183	35.4824	71	71	0	0	0	939.183
2939	A	A	1015.07	35.5176	73	73	1015.07	0	0	0
2940	C	C	964.733	35.5002	72	69	0	964.733	0	0
2941	G	G	1032.28	35.5346	74	72	0	0	1032.28	0
2942	T	T	994.146	35.5176	73	73	0	0	0	994.146
2943	C	C	1067.98	35.5346	74	74	0	1067.98	0	0
2944	C	C	1054.59	35.5176	73	73	0	1054.59	0	0
2945	T	T	1016.82	34.9752	75	75	0	0	0	1016.82
2946	A	A	987.288	34.9083	72	72	987.288	0	0	0
2947	C	C	1035.24	34.9311	73	72	0	1035.24	0	0
2948	C	C	1050.81	34.9534	74	73	0	1050.81	0	0
2949	C	C	987.367	34.885	71	69	0	987.367	0	0
2950	T	T	1000.35	34.9083	72	72	0	0	0	1000.35
2951	G	G	975.212	34.9083	72	69	0	0	975.212	0
2952	A	A	1018.89	34.9311	73	73	1018.89	0	0	0
2953	G	G	1098.74	35.058	79	77	0	0	1098.74	0
2954	G	G	1080.57	35.5989	78	75	0	0	1080.57	0
2955	C	C	1081.88	35.6577	82	77	0	1081.88	0	0
2956	C	C	1165.47	36.269	81	81	0	1165.47	0	0
2957	A	A	1094.28	36.252	79	79	1094.28	0	0	0
2958	A	A	1112.8	36.2606	80	80	1112.8	0	0	0
2959	A	A	1104.95	36.252	79	79	1104.95	0	0	0
2960	T	T	1105.23	36.2432	78	78	0	0	0	1105.23
2961	G	G	1062.16	36.2249	76	74	0	0	1062.16	0
2962	T	T	1080.59	36.2249	76	76	0	0	0	1080.59
2963	C	C	1128.62	36.252	79	78	0	1128.62	0	0
2964	C	C	1126.69	36.252	79	78	0	1126.69	0	0
2965	T	T	1088.3	36.2606	80	80	0	0	0	1088.3
2966	T	T	1066.62	36.2432	78	78	0	0	0	1066.62
2967	C	C	1085.89	36.2606	80	77	0	1085.89	0	0
2968	T	T	1116.96	36.2931	84	84	0	0	0	1116.96
2969	G	G	1150.42	36.2772	82	80	0	0	1150.42	0
2970	A	A	1126.6	37	81	81	1126.6	0	0	0
2971	G	G	1184.89	37	82	82	0	0	1184.89	0
2972	G	G	1162.34	37	83	81	0	0	1162.34	0
2973	A	A	1102.13	37	80	80	1102.13	0	0	0
2974	G	G	1114.29	37	78	77	0	0	1114.29	0
2975	C	C	1129.58	37	78	78	0	1129.58	0	0
2976	G	G	1098.23	37	76	76	0	0	1098.23	0
2977	A	A	1058.88	37	76	76	1058.88	0	0	0
2978	C	C	1098.93	37	77	76	0	1098.93	0	0
2979	T	T	1083.19	37	77	77	0	0	0	1083.19
2980	G	G	1038.96	37	76	73	0	0	1038.96	0
2981	T	T	1057.39	37	75	75	0	0	0	1057.39
2982	C	C	1097.98	37	76	76	0	1097.98	0	0
2983	A	A	1013.98	37	79	79	1013.98	0	0	0
2984	T	T	1046.61	37	77	77	0	0	0	1046.61
2985	C	C	1042.53	37	76	73	0	1042.53	0	0
2986	A	A	972.91	36.1857	72	72	972.91	0	0	0
2987	C	C	994.09	36.1645	70	69	0	994.09	0	0
2988	C	C	949.613	36.1422	68	66	0	949.613	0	0
2989	A	A	923.456	36.1422	68	68	923.456	0	0	0
2990	A	A	932.18	36.1752	71	71	932.18	0	0	0
2991	T	T	959.092	36.1535	69	69	0	0	0	959.092
2992	C	C	937.996	36.1422	68	66	0	937.996	0	0
2993	T	T	921.383	36.1306	67	67	0	0	0	921.383
2994	A	A	883.019	36.1187	66	66	883.019	0	0	0
2995	C	C	896.384	36.0675	62	62	0	896.384	0	0
2996	T	T	870.157	36.0809	63	63	0	0	0	870.157
2997	A	A	837.388	36.0397	60	60	837.388	0	0	0
2998	T	T	867.305	36.1064	65	65	0	0	0	867.305
2999	C	C	961.886	36.1306	67	67	0	961.886	0	0
3000	G	G	882.369	36.0809	63	62	0	0	882.369	0
3001	G	G	856.14	36.0675	62	60	0	0	856.14	0
3002	C	C	899.542	36.1064	65	63	0	899.542	0	0
3003	C	C	878.601	35.3003	62	61	0	878.601	0	0
3004	A	A	835.201	36.0538	61	61	835.201	0	0	0
3005	T	T	843.146	36.0538	61	61	0	0	0	843.146
3006	T	T	804.063	35.2537	60	60	0	0	0	804.063
3007	C	C	810.778	35.2537	60	57	0	810.778	0	0
3008	C	C	859.127	35.2773	61	60	0	859.127	0	0
3009	C	C	865.262	35.2537	60	60	0	865.262	0	0
3010	T	T	824.096	35.3227	63	63	0	0	0	824.096
3011	A	A	899.321	35.3445	64	64	899.321	0	0	0
3012	T	T	855.66	34.76	66	66	0	0	0	855.66
3013	A	A	892.85	34.76	66	66	892.85	0	0	0
3014	T	T	852.852	34.7056	64	64	0	0	0	852.852
3015	C	C	842.393	34.2735	68	62	0	842.393	0	0
3016	G	G	955.644	34.3318	70	67	0	0	955.644	0
3017	G	G	968.73	34.2735	68	67	0	0	968.73	0
3018	A	A	924.393	34.2126	66	66	924.393	0	0	0
3019	A	A	905.546	34.2126	66	66	905.546	0	0	0
3020	C	C	920.275	34.2735	68	65	0	920.275	0	0
3021	G	G	934.144	34.3318	70	66	0	0	934.144	0
3022	G	G	910.725	34.2735	68	65	0	0	910.725	0
3023	A	A	883.255	34.2126	66	66	883.255	0	0	0
3024	C	C	897.225	34.0819	62	62	0	897.225	0	0
3025	C	C	869.324	34.0116	60	60	0	869.324	0	0
3026	T	T	849.931	33.9752	59	59	0	0	0	849.931
3027	G	G	836.958	33.9752	59	58	0	0	836.958	0
3028	G	G	828.248	34.0116	60	58	0	0	828.248	0
3029	T	T	840.943	34.0116	60	60	0	0	0	840.943
3030	A	A	816.265	34.0116	60	60	816.265	0	0	0
3031	G	G	851.078	34.0116	60	59	0	0	851.078	0
3032	A	A	834.499	34.5884	60	60	834.499	0	0	0
3033	A	A	813.894	34.5572	59	59	813.894	0	0	0
3034	T	T	822.489	34.6188	61	61	0	0	0	822.489
3035	G	G	826.139	34.5884	60	58	0	0	826.139	0
3036	A	A	803.967	34.5572	59	59	803.967	0	0	0
3037	A	A	779.866	34.5251	58	58	779.866	0	0	0
3038	T	T	801.104	34.4921	57	57	0	0	0	801.104
3039	C	C	797.76	35.1787	57	56	0	797.76	0	0
3040	T	T	792.132	35.1522	56	56	0	0	0	792.132
3041	G	G	737.72	35.1249	55	53	0	0	737.72	0
3042	A	A	732.237	35.0678	53	53	732.237	0	0	0
3043	G	G	764.164	35.0678	53	53	0	0	764.164	0
3044	G	G	715.208	35.0968	54	51	0	0	715.208	0
3045	G	G	763.602	35.0968	54	53	0	0	763.602	0
3046	G	G	724.248	35.9091	52	51	0	0	724.248	0
3047	G	G	690.961	35.9091	52	49	0	0	690.961	0
3048	C	C	748.04	35.9273	53	52	0	748.04	0	0
3049	T	T	756.689	35.962	55	55	0	0	0	756.689
3050	T	T	728.492	35.962	55	55	0	0	0	728.492
3051	T	T	717.118	35.962	55	55	0	0	0	717.118
3052	T	T	705.285	35.962	55	55	0	0	0	705.285
3053	C	C	752.848	35.962	55	53	0	752.848	0	0
3054	C	C	716.393	35.945	54	51	0	716.393	0	0
3055	G	G	694.123	35.9091	52	49	0	0	694.123	0
3056	T	T	706.339	37	53	53	0	0	0	706.339
3057	A	A	699.069	37	50	50	699.069	0	0	0
3058	G	G	734.418	37	51	51	0	0	734.418	0
3059	A	A	717.78	37	52	52	717.78	0	0	0
3060	T	T	702.859	37	52	52	0	0	0	702.859
3061	A	A	710.758	37	52	52	710.758	0	0	0
3062	A	A	724.958	37	53	53	724.958	0	0	0
3063	A	A	753.233	37	55	55	753.233	0	0	0
3064	G	G	775.393	37	55	54	0	0	775.393	0
3065	C	C	717.351	37	54	51	0	717.351	0	0
3066	G	G	790.395	37	56	55	0	0	790.395	0
3067	A	A	819.059	37	59	59	819.059	0	0	0
3068	C	C	859.296	37	60	60	0	859.296	0	0
3069	T	T	777.575	37	60	60	0	0	0	777.575
3070	C	C	826.739	37	60	58	0	826.739	0	0
3071	T	T	792.444	37	59	59	0	0	0	792.444
3072	A	A	856.58	37	61	61	856.58	0	0	0
3073	A	A	850.589	37	61	61	850.589	0	0	0
3074	C	C	905.912	37	63	63	0	905.912	0	0
3075	A	A	895.517	37	64	64	895.517	0	0	0
3076	C	C	877.367	37	64	62	0	877.367	0	0
3077	G	G	852.941	37	63	61	0	0	852.941	0
3078	A	A	827.705	37	61	61	827.705	0	0	0
3079	T	T	866.152	37	61	61	0	0	0	866.152
3080	T	T	871.267	37	61	61	0	0	0	871.267
3081	C	C	847.43	37	60	59	0	847.43	0	0
3082	T	T	831.82	37	60	60	0	0	0	831.82
3083	T	T	811.503	37	59	59	0	0	0	811.503
3084	T	T	808.282	37	58	58	0	0	0	808.282
3085	G	G	754.068	37	56	53	0	0	754.068	0
3086	C	C	759.81	37	53	53	0	759.81	0	0
3087	T	T	758.023	37	53	53	0	0	0	758.023
3088	T	T	770.427	37	54	54	0	0	0	770.427
3089	T	T	772.109	37	54	54	0	0	0	772.109
3090	C	C	708.12	37	54	51	0	708.12	0	0
3091	C	C	765.23	37	54	53	0	765.23	0	0
3092	A	A	685.889	37	53	53	685.889	0	0	0
3093	C	C	720.543	37	50	50	0	720.543	0	0
3094	T	T	660.529	37	48	48	0	0	0	660.529
3095	T	T	662.072	37	47	47	0	0	0	662.072
3096	T	T	673.01	37	49	49	0	0	0	673.01
3097	A	A	681.787	37	49	49	681.787	0	0	0
3098	T	T	675.315	37	49	49	0	0	0	675.315
3099	T	T	660.382	37	48	48	0	0	0	660.382
3100	C	C	643.349	37	47	45	0	643.349	0	0
3101	T	T	660.603	37	48	48	0	0	0	660.603
3102	C	C	689.94	37	49	48	0	689.94	0	0
3103	C	C	670.035	37	48	47	0	670.035	0	0
3104	C	C	670.845	37	49	47	0	670.845	0	0
3105	G	G	704.633	37	49	49	0	0	704.633	0
3106	T	T	664.33	37	50	50	0	0	0	664.33
3107	T	T	666.449	37	50	50	0	0	0	666.449
3108	C	C	698.652	37	51	49	0	698.652	0	0
3109	A	A	707.694	37	53	53	707.694	0	0	0
3110	T	T	686.97	37	52	52	0	0	0	686.97
3111	C	C	690.036	37	52	49	0	690.036	0	0
3112	A	A	692.511	37	51	51	692.511	0	0	0
3113	T	T	670.476	37	49	49	0	0	0	670.476
3114	C	C	702.393	37	50	49	0	702.393	0	0
3115	C	C	687.924	37	49	48	0	687.924	0	0
3116	T	T	678.132	37	50	50	0	0	0	678.132
3117	A	A	712.252	37	51	51	712.252	0	0	0
3118	G	G	686.424	37	52	49	0	0	686.424	0
3119	C	C	733.723	37	51	51	0	733.723	0	0
3120	A	A	716.958	37	51	51	716.958	0	0	0
3121	C	C	691.377	37	49	48	0	691.377	0	0
3122	T	T	705.322	37	50	50	0	0	0	705.322
3123	A	A	706.91	37	51	51	706.91	0	0	0
3124	G	G	709.794	37	52	50	0	0	709.794	0
3125	C	C	736.538	37	51	51	0	736.538	0	0
3126	A	A	669.097	37	51	51	669.097	0	0	0
3127	G	G	695.878	37	52	49	0	0	695.878	0
3128	C	C	733.905	37	51	51	0	733.905	0	0
3129	A	A	662.381	37	49	49	662.381	0	0	0
3130	G	G	761.441	37	53	53	0	0	761.441	0
3131	T	T	702.196	37	55	55	0	0	0	702.196
3132	C	C	760.701	37	54	53	0	760.701	0	0
3133	C	C	732.283	37	52	51	0	732.283	0	0
3134	A	A	758.177	37	54	54	758.177	0	0	0
3135	C	C	759.227	37	54	53	0	759.227	0	0
3136	C	C	817.845	37	57	57	0	817.845	0	0
3137	T	T	771.875	37	58	58	0	0	0	771.875
3138	A	A	772.051	37	56	56	772.051	0	0	0
3139	T	T	771	37	56	56	0	0	0	771
3140	T	T	767.53	37	59	59	0	0	0	767.53
3141	G	G	848.514	37	60	59	0	0	848.514	0
3142	T	T	815.69	37	61	61	0	0	0	815.69
3143	T	T	793.561	37	60	60	0	0	0	793.561
3144	C	C	858.464	37	61	60	0	858.464	0	0
3145	C	C	836.214	36.0675	62	59	0	836.214	0	0
3146	T	T	837.36	36.0809	63	63	0	0	0	837.36
3147	A	A	894.4	36.0809	63	63	894.4	0	0	0
3148	C	C	857.164	36.0938	64	61	0	857.164	0	0
3149	A	A	923.101	36.1064	65	65	923.101	0	0	0
3150	C	C	934.261	36.1187	66	65	0	934.261	0	0
3151	G	G	935.525	36.1187	66	65	0	0	935.525	0
3152	A	A	881.986	36.1064	65	65	881.986	0	0	0
3153	A	A	895.33	36.1187	66	66	895.33	0	0	0
3154	A	A	927.335	36.1535	69	69	927.335	0	0	0
3155	C	C	977.724	36.1645	70	68	0	977.724	0	0
3156	A	A	885.628	36.1187	66	66	885.628	0	0	0
3157	G	G	921.651	36.1064	65	64	0	0	921.651	0
3158	G	G	899.868	36.1306	67	64	0	0	899.868	0
3159	A	A	890.551	36.1187	66	66	890.551	0	0	0
3160	T	T	911.886	36.1306	67	67	0	0	0	911.886
3161	C	C	950.446	36.1187	66	66	0	950.446	0	0
3162	C	C	890.476	36.0938	64	62	0	890.476	0	0
3163	A	A	894.649	36.0809	63	63	894.649	0	0	0
3164	A	A	925.371	36.1064	65	65	925.371	0	0	0
3165	C	C	936.091	36.1187	66	65	0	936.091	0	0
3166	A	A	932.896	35.4066	67	67	932.896	0	0	0
3167	A	A	972.867	35.4824	71	71	972.867	0	0	0
3168	C	C	1018.89	35.5002	72	71	0	1018.89	0	0
3169	C	C	1012.72	35.5176	73	71	0	1012.72	0	0
3170	C	C	968.594	35.5002	72	69	0	968.594	0	0
3171	C	C	984.945	35.4824	71	69	0	984.945	0	0
3172	T	T	961.729	35.4454	69	69	0	0	0	961.729
3173	C	C	953.222	36.1306	67	66	0	953.222	0	0
3174	T	T	933.616	36.1064	65	65	0	0	0	933.616
3175	G	G	871.798	36.0938	64	62	0	0	871.798	0
3176	G	G	925.614	36.0938	64	64	0	0	925.614	0
3177	A	A	909.478	36.0938	64	64	909.478	0	0	0
3178	A	A	904.817	36.0938	64	64	904.817	0	0	0
3179	T	T	910.098	36.0938	64	64	0	0	0	910.098
3180	C	C	902.153	36.0938	64	63	0	902.153	0	0
3181	C	C	925.976	36.0938	64	64	0	925.976	0	0
3182	C	C	897.618	36.0809	63	62	0	897.618	0	0
3183	A	A	886.803	36.0938	64	64	886.803	0	0	0
3184	T	T	890.851	36.0938	64	64	0	0	0	890.851
3185	C	C	950.563	36.1187	66	66	0	950.563	0	0
3186	T	T	887.189	37	64	64	0	0	0	887.189
3187	G	G	821.843	37	63	59	0	0	821.843	0
3188	A	A	872.52	37	65	65	872.52	0	0	0
3189	C	C	895.729	37	64	63	0	895.729	0	0
3190	T	T	885.757	37	64	64	0	0	0	885.757
3191	C	C	862.189	37	61	60	0	862.189	0	0
3192	A	A	817.961	37	61	61	817.961	0	0	0
3193	G	G	857.067	37	62	60	0	0	857.067	0
3194	A	A	804.484	37	60	60	804.484	0	0	0
3195	C	C	849.805	37	60	59	0	849.805	0	0
3196	A	A	766.204	37	59	59	766.204	0	0	0
3197	A	A	742.346	37	57	57	742.346	0	0	0
3198	A	A	742.508	37	57	57	742.508	0	0	0
3199	A	A	697.756	37	55	55	697.756	0	0	0
3200	T	T	754.856	37	54	54	0	0	0	754.856
3201	C	C	748.121	37	52	52	0	748.121	0	0
3202	C	C	745.835	37	53	52	0	745.835	0	0
3203	C	C	741.342	37	54	52	0	741.342	0	0
3204	A	A	736.01	37	52	52	736.01	0	0	0
3205	T	T	702.873	37	53	53	0	0	0	702.873
3206	T	T	721.755	37	53	53	0	0	0	721.755
3207	C	C	731.305	37	52	51	0	731.305	0	0
3208	C	C	773.478	37	55	54	0	773.478	0	0
3209	A	A	756.285	37	55	55	756.285	0	0	0
3210	T	T	753.117	37	55	55	0	0	0	753.117
3211	C	C	765.409	37	57	54	0	765.409	0	0
3212	C	C	813.863	37	58	57	0	813.863	0	0
3213	A	A	769.565	37	58	58	769.565	0	0	0
3214	T	T	766.72	37	57	57	0	0	0	766.72
3215	A	A	767.55	37	55	55	767.55	0	0	0
3216	C	C	780.604	37	56	55	0	780.604	0	0
3217	T	T	774.521	37	58	58	0	0	0	774.521
3218	A	A	874.775	37	62	62	874.775	0	0	0
3219	T	T	816.465	37	62	62	0	0	0	816.465
3220	A	A	875.526	37	63	63	875.526	0	0	0
3221	C	C	882.958	37	64	62	0	882.958	0	0
3222	A	A	908.664	37	65	65	908.664	0	0	0
3223	A	A	945.297	37	67	67	945.297	0	0	0
3224	T	T	921.08	37	70	70	0	0	0	921.08
3225	T	T	922.347	37	69	69	0	0	0	922.347
3226	A	A	918.072	37	66	66	918.072	0	0	0
3227	A	A	943.464	37	68	68	943.464	0	0	0
3228	G	G	979.232	37	69	68	0	0	979.232	0
3229	G	G	966.666	37	68	67	0	0	966.666	0
3230	A	A	951.915	37	69	69	951.915	0	0	0
3231	T	T	938.388	37	70	70	0	0	0	938.388
3232	A	A	973.614	37	71	71	973.614	0	0	0
3233	T	T	941.179	37	70	70	0	0	0	941.179
3234	T	T	937.015	37	69	69	0	0	0	937.015
3235	C	C	995.653	37	69	69	0	995.653	0	0
3236	T	T	954.083	37	68	68	0	0	0	954.083
3237	A	A	977.836	37	70	70	977.836	0	0	0
3238	G	G	1013.04	36.1645	70	70	0	0	1013.04	0
3239	G	G	1026.98	36.1857	72	71	0	0	1026.98	0
3240	C	C	979.127	36.1752	71	69	0	979.127	0	0
3241	G	G	1027.83	36.1752	71	71	0	0	1027.83	0
3242	C	C	1039.5	36.1857	72	72	0	1039.5	0	0
3243	C	C	1039.24	36.1857	72	72	0	1039.24	0	0
3244	C	C	1040.88	36.1857	72	72	0	1040.88	0	0
3245	T	T	1005.28	36.1752	71	71	0	0	0	1005.28
3246	A	A	979.517	36.1959	73	73	979.517	0	0	0
3247	C	C	1051.53	36.2155	75	73	0	1051.53	0	0
3248	T	T	1003.16	36.1857	72	72	0	0	0	1003.16
3249	T	T	959.131	36.1535	69	69	0	0	0	959.131
3250	C	C	964.708	36.1422	68	67	0	964.708	0	0
3251	T	T	942.033	36.1422	68	68	0	0	0	942.033
3252	C	C	929.138	36.1422	68	65	0	929.138	0	0
3253	A	A	895.109	36.1187	66	66	895.109	0	0	0
3254	C	C	893.202	36.0809	63	62	0	893.202	0	0
3255	C	C	902	36.1064	65	63	0	902	0	0
3256	C	C	921.722	36.1064	65	64	0	921.722	0	0
3257	T	T	884.803	36.0938	64	64	0	0	0	884.803
3258	A	A	878.22	35.3657	65	65	878.22	0	0	0
3259	G	G	844.479	35.3445	64	60	0	0	844.479	0
3260	C	C	858.102	35.3003	62	60	0	858.102	0	0
3261	C	C	839.554	35.3003	62	59	0	839.554	0	0
3262	T	T	837.826	35.2537	60	60	0	0	0	837.826
3263	T	T	858.149	35.2773	61	61	0	0	0	858.149
3264	A	A	837.205	35.3003	62	62	837.205	0	0	0
3265	G	G	866.796	35.2773	61	60	0	0	866.796	0
3266	C	C	839.147	36.0675	62	59	0	839.147	0	0
3267	A	A	866.214	36.0938	64	64	866.214	0	0	0
3268	A	A	870.468	36.0809	63	63	870.468	0	0	0
3269	C	C	893.275	36.0809	63	62	0	893.275	0	0
3270	C	C	879.416	36.0675	62	61	0	879.416	0	0
3271	C	C	877.93	36.0675	62	61	0	877.93	0	0
3272	T	T	846.154	36.0397	60	60	0	0	0	846.154
3273	A	A	827.156	36.0538	61	61	827.156	0	0	0
3274	G	G	876.195	36.0538	61	61	0	0	876.195	0
3275	T	T	849.231	36.0538	61	61	0	0	0	849.231
3276	C	C	836.097	36.0251	59	58	0	836.097	0	0
3277	C	C	792.828	35.9785	56	55	0	792.828	0	0
3278	T	T	797.563	35.9945	57	57	0	0	0	797.563
3279	A	A	705.21	35.945	54	53	705.21	0	0	0
3280	T	T	741.961	35.945	54	54	0	0	0	741.961
3281	T	T	708.383	35.9091	52	52	0	0	0	708.383
3282	C	C	746.85	35.9273	53	52	0	746.85	0	0
3283	T	T	714.767	35.9273	53	53	0	0	0	714.767
3284	C	C	717.053	35.9273	53	51	0	717.053	0	0
3285	G	G	749.659	35.9273	53	52	0	0	749.659	0
3286	C	C	761.131	35.945	54	53	0	761.131	0	0
3287	C	C	763.677	35.9273	53	53	0	763.677	0	0
3288	C	C	761.769	35.945	54	53	0	761.769	0	0
3289	G	G	752.004	35.945	54	53	0	0	752.004	0
3290	A	A	757.306	35.962	55	55	757.306	0	0	0
3291	C	C	737.838	35.962	55	52	0	737.838	0	0
3292	T	T	739.787	35.962	55	55	0	0	0	739.787
3293	T	T	754.4	35.9785	56	56	0	0	0	754.4
3294	A	A	753.727	35.962	55	55	753.727	0	0	0
3295	C	C	777.663	35.962	55	54	0	777.663	0	0
3296	T	T	742.605	35.9273	53	53	0	0	0	742.605
3297	A	A	737.64	35.945	54	54	737.64	0	0	0
3298	G	G	725.207	35.9091	52	51	0	0	725.207	0
3299	G	G	685.419	35.9091	52	49	0	0	685.419	0
3300	A	A	697.888	35.9273	53	53	697.888	0	0	0
3301	G	G	770.206	35.9785	56	54	0	0	770.206	0
3302	A	A	725.986	37	54	54	725.986	0	0	0
3303	C	C	817.024	37	57	57	0	817.024	0	0
3304	C	C	828.651	37	60	58	0	828.651	0	0
3305	C	C	751.7	37	55	53	0	751.7	0	0
3306	T	T	744.801	37	56	56	0	0	0	744.801
3307	G	G	776.288	37	57	55	0	0	776.288	0
3308	A	A	751.499	37	56	56	751.499	0	0	0
3309	T	T	756.175	37	55	55	0	0	0	756.175
3310	A	A	737.258	37	54	54	737.258	0	0	0
3311	A	A	707.984	37	53	53	707.984	0	0	0
3312	C	C	734.882	37	52	51	0	734.882	0	0
3313	T	T	713.824	37	50	50	0	0	0	713.824
3314	A	A	667.5	37	49	49	667.5	0	0	0
3315	T	T	716.538	37	51	51	0	0	0	716.538
3316	A	A	661.498	37	49	49	661.498	0	0	0
3317	T	T	690.393	37	49	49	0	0	0	690.393
3318	C	C	691.61	37	48	48	0	691.61	0	0
3319	C	C	657.793	37	49	47	0	657.793	0	0
3320	C	C	685.977	37	50	48	0	685.977	0	0
3321	C	C	686.783	37	51	49	0	686.783	0	0
3322	G	G	689.321	37	51	49	0	0	689.321	0
3323	C	C	688.968	37	52	49	0	688.968	0	0
3324	A	A	737.482	37	52	52	737.482	0	0	0
3325	A	A	787.721	37	56	56	787.721	0	0	0
3326	A	A	814.547	37	58	58	814.547	0	0	0
3327	T	T	752.861	37	59	59	0	0	0	752.861
3328	C	C	788.786	36.0397	60	56	0	788.786	0	0
3329	C	C	832.483	36.0251	59	58	0	832.483	0	0
3330	A	A	844.99	36.0397	60	60	844.99	0	0	0
3331	C	C	844.783	36.0538	61	59	0	844.783	0	0
3332	T	T	830.102	36.0397	60	60	0	0	0	830.102
3333	G	G	875.789	36.0675	62	61	0	0	875.789	0
3334	A	A	838.52	36.0538	61	61	838.52	0	0	0
3335	G	G	877.491	36.0538	61	61	0	0	877.491	0
3336	C	C	842.048	36.0675	62	59	0	842.048	0	0
3337	A	A	873.011	36.1064	65	65	873.011	0	0	0
3338	C	C	892.279	36.0809	63	62	0	892.279	0	0
3339	C	C	858.712	35.3003	62	60	0	858.712	0	0
3340	C	C	839.163	35.2773	61	59	0	839.163	0	0
3341	C	C	819.075	35.2537	60	58	0	819.075	0	0
3342	A	A	806.612	35.2773	61	61	806.612	0	0	0
3343	C	C	852.657	35.3003	62	60	0	852.657	0	0
3344	C	C	835.922	35.2044	58	58	0	835.922	0	0
3345	C	C	781.85	34.5251	58	55	0	781.85	0	0
3346	C	C	798.598	34.5572	59	56	0	798.598	0	0
3347	A	A	850.566	34.5884	60	60	850.566	0	0	0
3348	C	C	821.761	34.6188	61	58	0	821.761	0	0
3349	A	A	822.713	34.5572	59	59	822.713	0	0	0
3350	T	T	806.997	34.5572	59	59	0	0	0	806.997
3351	C	C	831.448	34.5884	60	58	0	831.448	0	0
3352	A	A	839.123	34.6774	63	63	839.123	0	0	0
3353	A	A	839.979	34.6774	63	63	839.979	0	0	0
3354	A	A	849.341	34.6485	62	62	849.341	0	0	0
3355	C	C	850.215	34.5884	60	59	0	850.215	0	0
3356	C	C	862.005	34.5884	60	60	0	862.005	0	0
3357	C	C	889.819	34.6485	62	62	0	889.819	0	0
3358	G	G	924.517	34.7056	64	64	0	0	924.517	0
3359	A	A	890.157	34.7331	65	65	890.157	0	0	0
3360	G	G	897.527	34.7056	64	63	0	0	897.527	0
3361	T	T	866.704	34.7331	65	65	0	0	0	866.704
3362	G	G	885.631	34.76	66	63	0	0	885.631	0
3363	G	G	913.02	35.3864	66	64	0	0	913.02	0
3364	T	T	912.119	35.4066	67	67	0	0	0	912.119
3365	A	A	892.959	35.4262	68	68	892.959	0	0	0
3366	C	C	869.149	35.3227	63	61	0	869.149	0	0
3367	T	T	833.767	35.3003	62	62	0	0	0	833.767
3368	T	T	839.542	35.3227	63	63	0	0	0	839.542
3369	T	T	868.991	35.3657	65	65	0	0	0	868.991
3370	C	C	896.898	36.1187	66	63	0	896.898	0	0
3371	T	T	909.237	36.1422	68	68	0	0	0	909.237
3372	A	A	952.764	36.1535	69	69	952.764	0	0	0
3373	T	T	941.575	36.1645	70	70	0	0	0	941.575
3374	T	T	955.421	36.1752	71	71	0	0	0	955.421
3375	T	T	972.144	36.1752	71	71	0	0	0	972.144
3376	G	G	958.561	36.1857	72	68	0	0	958.561	0
3377	C	C	962.73	36.1645	70	68	0	962.73	0	0
3378	C	C	964.579	36.1422	68	67	0	964.579	0	0
3379	T	T	928.891	36.1306	67	67	0	0	0	928.891
3380	A	A	896.775	36.0938	64	64	896.775	0	0	0
3381	C	C	866.158	36.0538	61	60	0	866.158	0	0
3382	G	G	912.899	36.0809	63	63	0	0	912.899	0
3383	C	C	905.264	36.1064	65	63	0	905.264	0	0
3384	T	T	919.904	36.1187	66	66	0	0	0	919.904
3385	A	A	951.766	36.1306	67	67	951.766	0	0	0
3386	T	T	923.201	36.1535	69	69	0	0	0	923.201
3387	C	C	960.014	36.1535	69	67	0	960.014	0	0
3388	C	C	872.695	36.1306	67	63	0	872.695	0	0
3389	T	T	946.384	36.1422	68	68	0	0	0	946.384
3390	A	A	1025.5	36.1959	73	73	1025.5	0	0	0
3391	C	C	1028.28	36.2155	75	72	0	1028.28	0	0
3392	G	G	1015.69	36.1857	72	71	0	0	1015.69	0
3393	A	A	1017.53	36.2155	75	75	1017.53	0	0	0
3394	T	T	1009.38	37	75	75	0	0	0	1009.38
3395	C	C	998.993	37	77	71	0	998.993	0	0
3396	C	C	1058.54	37	76	74	0	1058.54	0	0
3397	A	A	987.788	37	75	75	987.788	0	0	0
3398	T	T	997.325	37	72	72	0	0	0	997.325
3399	C	C	974.014	37	70	68	0	974.014	0	0
3400	C	C	985.355	37	68	68	0	985.355	0	0
3401	C	C	913.696	37	64	63	0	913.696	0	0
3402	T	T	914.939	37	64	64	0	0	0	914.939
3403	A	A	832.698	37	64	64	832.698	0	0	0
3404	A	A	823.923	37	62	62	823.923	0	0	0
3405	T	T	864.764	37	64	64	0	0	0	864.764
3406	A	A	803.299	37	61	61	803.299	0	0	0
3407	A	A	785.914	37	60	60	785.914	0	0	0
3408	A	A	805.525	37	61	61	805.525	0	0	0
3409	C	C	811.7	37	59	57	0	811.7	0	0
3410	T	T	771.844	37	55	55	0	0	0	771.844
3411	A	A	702.596	37	53	53	702.596	0	0	0
3412	G	G	641.289	37	52	47	0	0	641.289	0
3413	G	G	757.726	37	54	53	0	0	757.726	0
3414	A	A	693.08	37	52	52	693.08	0	0	0
3415	G	G	643.057	37	50	47	0	0	643.057	0
3416	G	G	713.104	37	51	50	0	0	713.104	0
3417	A	A	685.695	37	51	51	685.695	0	0	0
3418	G	G	649.121	37	49	46	0	0	649.121	0
3419	T	T	674.965	37	49	49	0	0	0	674.965
3420	A	A	647.083	37	49	49	647.083	0	0	0
3421	C	C	619.215	37	46	44	0	619.215	0	0
3422	T	T	660.484	37	47	47	0	0	0	660.484
3423	A	A	637.525	37	46	46	637.525	0	0	0
3424	G	G	609.567	37	45	43	0	0	609.567	0
3425	C	C	660.678	37	47	46	0	660.678	0	0
3426	A	A	689.398	37	50	50	689.398	0	0	0
3427	C	C	659.726	37	50	47	0	659.726	0	0
3428	T	T	672.135	37	51	51	0	0	0	672.135
3429	A	A	681.026	37	49	49	681.026	0	0	0
3430	A	A	688.601	37	50	50	688.601	0	0	0
3431	T	T	695.218	37	52	52	0	0	0	695.218
3432	T	T	710.186	37	54	54	0	0	0	710.186
3433	T	T	723.575	37	56	56	0	0	0	723.575
3434	T	T	729.774	37	56	56	0	0	0	729.774
3435	C	C	828.72	37	59	58	0	828.72	0	0
3436	T	T	771.278	37	60	60	0	0	0	771.278
3437	C	C	797.461	37	58	56	0	797.461	0	0
3438	C	C	781.129	37	57	55	0	781.129	0	0
3439	A	A	760.307	37	55	55	760.307	0	0	0
3440	T	T	725.887	37	53	53	0	0	0	725.887
3441	T	T	748.161	37	54	54	0	0	0	748.161
3442	C	C	756.372	37	55	53	0	756.372	0	0
3443	T	T	792.287	37	58	58	0	0	0	792.287
3444	A	A	807.793	37	57	57	807.793	0	0	0
3445	A	A	816.805	37	57	57	816.805	0	0	0
3446	T	T	794.351	37	57	57	0	0	0	794.351
3447	C	C	824.111	36.01	58	57	0	824.111	0	0
3448	C	C	839.65	36.01	58	58	0	839.65	0	0
3449	T	T	802.336	35.9785	56	56	0	0	0	802.336
3450	A	A	829.898	36.0397	60	60	829.898	0	0	0
3451	G	G	848.271	36.0397	60	59	0	0	848.271	0
3452	C	C	865.519	36.0397	60	60	0	865.519	0	0
3453	C	C	762.889	36.01	58	55	0	762.889	0	0
3454	C	C	808.905	35.9785	56	56	0	808.905	0	0
3455	T	T	793.732	35.962	55	55	0	0	0	793.732
3456	C	C	822.884	35.9945	57	57	0	822.884	0	0
3457	A	A	765.83	36.01	58	58	765.83	0	0	0
3458	T	T	803.759	36.01	58	58	0	0	0	803.759
3459	T	T	762.089	35.9945	57	57	0	0	0	762.089
3460	C	C	770.652	35.9785	56	54	0	770.652	0	0
3461	C	C	756.577	35.962	55	53	0	756.577	0	0
3462	T	T	745.564	35.962	55	55	0	0	0	745.564
3463	C	C	743.848	35.1249	55	53	0	743.848	0	0
3464	T	T	776.427	35.2044	58	58	0	0	0	776.427
3465	T	T	759.882	35.2044	58	58	0	0	0	759.882
3466	C	C	776.12	35.2044	58	55	0	776.12	0	0
3467	T	T	781.773	35.2294	59	59	0	0	0	781.773
3468	A	A	837.068	35.2537	60	60	837.068	0	0	0
3469	C	C	866.033	35.2537	60	60	0	866.033	0	0
3470	A	A	821.085	35.2294	59	59	821.085	0	0	0
3471	C	C	838.457	35.2294	59	58	0	838.457	0	0
3472	A	A	846.618	35.3003	62	62	846.618	0	0	0
3473	C	C	865.697	35.2773	61	60	0	865.697	0	0
3474	G	G	861.711	35.3003	62	60	0	0	861.711	0
3475	T	T	835.96	35.2773	61	61	0	0	0	835.96
3476	C	C	827.196	35.2294	59	58	0	827.196	0	0
3477	C	C	814.798	35.2294	59	57	0	814.798	0	0
3478	A	A	864.257	35.3227	63	63	864.257	0	0	0
3479	A	A	875.484	35.3227	63	63	875.484	0	0	0
3480	A	A	894.312	35.3657	65	65	894.312	0	0	0
3481	C	C	894.95	35.3864	66	63	0	894.95	0	0
3482	A	A	870.727	35.3657	65	65	870.727	0	0	0
3483	A	A	893.635	35.3657	65	65	893.635	0	0	0
3484	C	C	857.44	35.4066	67	62	0	857.44	0	0
3485	G	G	945.391	35.4262	68	66	0	0	945.391	0
3486	A	A	933.284	35.4262	68	68	933.284	0	0	0
3487	G	G	889.506	35.4066	67	63	0	0	889.506	0
3488	G	G	967.47	35.4262	68	67	0	0	967.47	0
3489	A	A	908.92	35.4262	68	68	908.92	0	0	0
3490	A	A	912.051	35.4262	68	68	912.051	0	0	0
3491	T	T	932.176	35.4066	67	67	0	0	0	932.176
3492	G	G	909.283	35.4262	68	65	0	0	909.283	0
3493	A	A	929.834	35.4454	69	69	929.834	0	0	0
3494	T	T	887.937	36.1187	66	66	0	0	0	887.937
3495	A	A	919.313	36.1306	67	67	919.313	0	0	0
3496	T	T	905.827	36.1422	68	68	0	0	0	905.827
3497	T	T	874.147	36.0938	64	64	0	0	0	874.147
3498	C	C	938.962	36.1187	66	65	0	938.962	0	0
3499	C	C	966.873	36.1422	68	67	0	966.873	0	0
3500	G	G	888.509	36.1535	69	64	0	0	888.509	0
3501	G	G	938.439	36.1535	69	66	0	0	938.439	0
3502	C	C	946.255	36.1422	68	66	0	946.255	0	0
3503	C	C	928.686	36.1306	67	65	0	928.686	0	0
3504	C	C	926.879	36.1422	68	66	0	926.879	0	0
3505	C	C	950.935	37	67	66	0	950.935	0	0
3506	T	T	942.964	37	70	70	0	0	0	942.964
3507	A	A	945.88	37	70	70	945.88	0	0	0
3508	A	A	942.599	37	68	68	942.599	0	0	0
3509	G	G	953.279	37	67	66	0	0	953.279	0
3510	C	C	903.938	37	67	64	0	903.938	0	0
3511	C	C	956.052	37	67	66	0	956.052	0	0
3512	A	A	919.738	37	65	65	919.738	0	0	0
3513	A	A	947.391	37	67	67	947.391	0	0	0
3514	T	T	963.635	37	71	71	0	0	0	963.635
3515	G	G	1039.19	37	73	72	0	0	1039.19	0
3516	C	C	1060.81	37	75	74	0	1060.81	0	0
3517	C	C	1021.04	37	72	71	0	1021.04	0	0
3518	T	T	1003.87	37	76	76	0	0	0	1003.87
3519	A	A	1053.85	37	76	76	1053.85	0	0	0
3520	T	T	1054.01	37	76	76	0	0	0	1054.01
3521	T	T	1056.67	37	75	75	0	0	0	1056.67
3522	T	T	1057.79	37	77	77	0	0	0	1057.79
3523	T	T	1065.93	37	76	76	0	0	0	1065.93
3524	G	G	1030.54	37	74	72	0	0	1030.54	0
3525	A	A	957.523	37	73	73	957.523	0	0	0
3526	C	C	1056.01	37	73	73	0	1056.01	0	0
3527	T	T	1039.64	37	73	73	0	0	0	1039.64
3528	T	T	984.863	37	70	70	0	0	0	984.863
3529	C	C	996.509	37	70	69	0	996.509	0	0
3530	T	T	910.521	37	67	67	0	0	0	910.521
3531	A	A	887.517	37	65	65	887.517	0	0	0
3532	G	G	894.311	37	62	62	0	0	894.311	0
3533	T	T	862.81	37	63	63	0	0	0	862.81
3534	A	A	835.709	37	63	63	835.709	0	0	0
3535	G	G	891.248	37	63	62	0	0	891.248	0
3536	C	C	893.34	37	65	63	0	893.34	0	0
3537	A	A	856.198	37	66	66	856.198	0	0	0
3538	G	G	868.073	37	67	63	0	0	868.073	0
3539	A	A	846.326	37	64	64	846.326	0	0	0
3540	C	C	849.223	37	63	60	0	849.223	0	0
3541	C	C	851.388	37	65	61	0	851.388	0	0
3542	T	T	860.361	37	67	67	0	0	0	860.361
3543	A	A	936.317	37	68	68	936.317	0	0	0
3544	C	C	905.136	37	64	63	0	905.136	0	0
3545	T	T	855.909	37	65	65	0	0	0	855.909
3546	A	A	933.027	37	66	66	933.027	0	0	0
3547	A	A	930.606	37	67	67	930.606	0	0	0
3548	C	C	939.015	37	66	65	0	939.015	0	0
3549	A	A	909.435	37	67	67	909.435	0	0	0
3550	C	C	992.945	37	70	69	0	992.945	0	0
3551	T	T	948.258	37	69	69	0	0	0	948.258
3552	A	A	937.527	37	69	69	937.527	0	0	0
3553	A	A	941.39	37	68	68	941.39	0	0	0
3554	C	C	910.72	37	67	64	0	910.72	0	0
3555	A	A	972.706	37	69	69	972.706	0	0	0
3556	T	T	935.054	37	69	69	0	0	0	935.054
3557	G	G	985.36	37	69	68	0	0	985.36	0
3558	A	A	960.673	37	68	68	960.673	0	0	0
3559	A	A	976.594	37	69	69	976.594	0	0	0
3560	T	T	989.191	37	72	72	0	0	0	989.191
3561	T	T	992.102	37	72	72	0	0	0	992.102
3562	G	G	1023.22	37	72	71	0	0	1023.22	0
3563	G	G	982.996	37	71	69	0	0	982.996	0
3564	A	A	964.638	37	70	70	964.638	0	0	0
3565	G	G	1022.16	37	72	71	0	0	1022.16	0
3566	G	G	975.082	37	72	69	0	0	975.082	0
3567	A	A	993.446	37	72	72	993.446	0	0	0
3568	C	C	1011.67	37	70	70	0	1011.67	0	0
3569	A	A	966.047	37	70	70	966.047	0	0	0
3570	A	A	914.928	37	69	69	914.928	0	0	0
3571	C	C	998.852	37	69	69	0	998.852	0	0
3572	C	C	975.093	36.1752	71	68	0	975.093	0	0
3573	A	A	952.095	36.1752	71	71	952.095	0	0	0
3574	G	G	1008.94	36.2058	74	71	0	0	1008.94	0
3575	T	T	919.133	36.1752	71	71	0	0	0	919.133
3576	A	A	947.332	36.1535	69	69	947.332	0	0	0
3577	G	G	926.926	36.1752	71	66	0	0	926.926	0
3578	A	A	946.173	36.1752	71	71	946.173	0	0	0
3579	A	A	934.289	36.1535	69	69	934.289	0	0	0
3580	C	C	998.594	36.1535	69	69	0	998.594	0	0
3581	A	A	908.98	36.1187	66	66	908.98	0	0	0
3582	C	C	896.881	36.0809	63	62	0	896.881	0	0
3583	C	C	853.111	36.0938	64	61	0	853.111	0	0
3584	C	C	911.564	36.0938	64	63	0	911.564	0	0
3585	C	C	903.872	36.1064	65	63	0	903.872	0	0
3586	T	T	908.788	36.1064	65	65	0	0	0	908.788
3587	T	T	901.426	36.1064	65	65	0	0	0	901.426
3588	C	C	911.28	36.0938	64	63	0	911.28	0	0
3589	A	A	776.425	36.0251	59	59	776.425	0	0	0
3590	T	T	798.094	35.9945	57	57	0	0	0	798.094
3591	T	T	776.377	35.9785	56	56	0	0	0	776.377
3592	A	A	767.023	35.9785	56	56	767.023	0	0	0
3593	T	T	772.598	35.9945	57	57	0	0	0	772.598
3594	T	T	760.099	35.9785	56	56	0	0	0	760.099
3595	A	A	755.452	35.945	54	54	755.452	0	0	0
3596	T	T	741.593	35.945	54	54	0	0	0	741.593
3597	C	C	771.675	35.9785	56	54	0	771.675	0	0
3598	G	G	778.637	35.962	55	54	0	0	778.637	0
3599	G	G	805.414	35.9945	57	56	0	0	805.414	0
3600	A	A	796.693	37	58	58	796.693	0	0	0
3601	C	C	776.156	37	61	57	0	776.156	0	0
3602	A	A	791.166	37	59	59	791.166	0	0	0
3603	A	A	823.829	37	61	61	823.829	0	0	0
3604	C	C	834.288	37	62	59	0	834.288	0	0
3605	T	T	832.955	36.0809	63	63	0	0	0	832.955
3606	A	A	847.667	36.0538	61	61	847.667	0	0	0
3607	G	G	863.892	36.0538	61	60	0	0	863.892	0
3608	C	C	833.184	36.0538	61	59	0	833.184	0	0
3609	C	C	833.692	36.0675	62	59	0	833.692	0	0
3610	T	T	834.7	36.0538	61	61	0	0	0	834.7
3611	C	C	881.323	36.0538	61	61	0	881.323	0	0
3612	C	C	812.536	36.0397	60	57	0	812.536	0	0
3613	A	A	822.361	36.0538	61	61	822.361	0	0	0
3614	T	T	822.61	36.01	58	58	0	0	0	822.61
3615	T	T	825.779	35.2294	59	59	0	0	0	825.779
3616	C	C	795.35	35.2294	59	56	0	795.35	0	0
3617	T	T	813.863	35.2537	60	60	0	0	0	813.863
3618	C	C	814.535	35.2294	59	57	0	814.535	0	0
3619	T	T	820.389	35.2537	60	60	0	0	0	820.389
3620	A	A	793.721	35.2294	59	59	793.721	0	0	0
3621	C	C	864.508	35.2537	60	60	0	864.508	0	0
3622	T	T	851.041	35.2537	60	60	0	0	0	851.041
3623	T	T	847.209	35.2773	61	61	0	0	0	847.209
3624	T	T	823.547	35.2537	60	60	0	0	0	823.547
3625	A	A	793.377	35.2537	60	60	793.377	0	0	0
3626	C	C	791.186	35.2537	60	56	0	791.186	0	0
3627	A	A	802.083	35.2537	60	60	802.083	0	0	0
3628	A	A	815.752	36.0397	60	60	815.752	0	0	0
3629	T	T	808.962	36.0938	64	64	0	0	0	808.962
3630	C	C	873.57	36.0675	62	61	0	873.57	0	0
3631	C	C	876.206	36.0538	61	61	0	876.206	0	0
3632	T	T	808.365	36.0397	60	60	0	0	0	808.365
3633	C	C	878.569	36.0675	62	61	0	878.569	0	0
3634	C	C	852.048	36.0397	60	59	0	852.048	0	0
3635	T	T	813.5	36.01	58	58	0	0	0	813.5
3636	A	A	813.467	36.01	58	58	813.467	0	0	0
3637	G	G	775.792	35.9945	57	55	0	0	775.792	0
3638	T	T	818.866	37	58	58	0	0	0	818.866
3639	A	A	804.174	37	59	59	804.174	0	0	0
3640	C	C	822.706	36.0397	60	58	0	822.706	0	0
3641	T	T	821.486	36.0251	59	59	0	0	0	821.486
3642	C	C	779.598	35.9945	57	55	0	779.598	0	0
3643	A	A	801.645	35.9945	57	57	801.645	0	0	0
3644	T	T	802.148	36.0251	59	59	0	0	0	802.148
3645	A	A	827.746	36.0251	59	59	827.746	0	0	0
3646	C	C	844.448	36.0675	62	60	0	844.448	0	0
3647	C	C	902.818	36.0938	64	63	0	902.818	0	0
3648	C	C	866.172	36.1064	65	62	0	866.172	0	0
3649	A	A	908.757	36.1187	66	66	908.757	0	0	0
3650	T	T	885.564	36.1306	67	67	0	0	0	885.564
3651	C	C	879.519	36.1064	65	62	0	879.519	0	0
3652	G	G	911.42	36.1187	66	64	0	0	911.42	0
3653	C	C	978.763	36.1535	69	68	0	978.763	0	0
3654	T	T	929.933	36.1752	71	71	0	0	0	929.933
3655	G	G	887.186	36.1645	70	65	0	0	887.186	0
3656	G	G	1004.39	36.1752	71	70	0	0	1004.39	0
3657	A	A	935.139	36.1422	68	68	935.139	0	0	0
3658	A	A	960.97	36.1535	69	69	960.97	0	0	0
3659	T	T	973.613	36.1535	69	69	0	0	0	973.613
3660	T	T	962.072	36.1422	68	68	0	0	0	962.072
3661	A	A	944.119	36.1187	66	66	944.119	0	0	0
3662	T	T	941.934	36.1645	70	70	0	0	0	941.934
3663	T	T	960.517	36.1645	70	70	0	0	0	960.517
3664	G	G	1040.7	36.1857	72	72	0	0	1040.7	0
3665	A	A	1011.44	36.2155	75	75	1011.44	0	0	0
3666	A	A	1011.96	36.2342	77	77	1011.96	0	0	0
3667	A	A	1008.56	37	76	76	1008.56	0	0	0
3668	A	A	1002.73	37	75	75	1002.73	0	0	0
3669	C	C	1026.13	37	75	72	0	1026.13	0	0
3670	A	A	1027.42	37	75	75	1027.42	0	0	0
3671	A	A	1039.45	37	74	74	1039.45	0	0	0
3672	C	C	1063.61	37	75	74	0	1063.61	0	0
3673	C	C	1038.19	37	73	72	0	1038.19	0	0
3674	T	T	991.184	37	72	72	0	0	0	991.184
3675	C	C	1040.92	37	73	72	0	1040.92	0	0
3676	T	T	1042.28	37	75	75	0	0	0	1042.28
3677	T	T	1053.15	37	77	77	0	0	0	1053.15
3678	A	A	984.849	37	74	74	984.849	0	0	0
3679	A	A	982.282	37	72	72	982.282	0	0	0
3680	A	A	952.888	37	70	70	952.888	0	0	0
3681	G	G	929.027	37	67	65	0	0	929.027	0
3682	T	T	953.083	37	67	67	0	0	0	953.083
3683	G	G	965.641	37	68	67	0	0	965.641	0
3684	G	G	1008.13	37	71	70	0	0	1008.13	0
3685	A	A	967.55	37	72	72	967.55	0	0	0
3686	G	G	993.938	37	70	69	0	0	993.938	0
3687	A	A	933.339	37	70	70	933.339	0	0	0
3688	G	G	919.532	37	68	65	0	0	919.532	0
3689	T	T	931.605	37	67	67	0	0	0	931.605
3690	C	C	924.114	37	65	64	0	924.114	0	0
3691	T	T	918.53	37	64	64	0	0	0	918.53
3692	T	T	881.712	37	63	63	0	0	0	881.712
3693	T	T	872.072	37	65	65	0	0	0	872.072
3694	G	G	879.758	37	62	61	0	0	879.758	0
3695	T	T	865.324	37	65	65	0	0	0	865.324
3696	A	A	909.498	37	63	63	909.498	0	0	0
3697	G	G	969.887	37	67	67	0	0	969.887	0
3698	T	T	895.837	37	67	67	0	0	0	895.837
3699	A	A	956.177	37	69	69	956.177	0	0	0
3700	T	T	939.515	37	69	69	0	0	0	939.515
3701	A	A	938.549	37	70	70	938.549	0	0	0
3702	A	A	937.579	37	69	69	937.579	0	0	0
3703	C	C	982.531	37	69	68	0	982.531	0	0
3704	A	A	920.161	37	69	69	920.161	0	0	0
3705	A	A	947.017	37	69	69	947.017	0	0	0
3706	T	T	928.402	37	69	69	0	0	0	928.402
3707	T	T	965.257	37	73	73	0	0	0	965.257
3708	A	A	991.875	37	74	74	991.875	0	0	0
3709	C	C	981.4	37	72	69	0	981.4	0	0
3710	C	C	941.958	37	72	68	0	941.958	0	0
3711	T	T	931.633	37	70	70	0	0	0	931.633
3712	T	T	935.36	37	70	70	0	0	0	935.36
3713	G	G	1007.72	37	71	70	0	0	1007.72	0
3714	G	G	998.265	37	71	70	0	0	998.265	0
3715	T	T	983.216	37	70	70	0	0	0	983.216
3716	C	C	1010.47	37	71	70	0	1010.47	0	0
3717	T	T	946.865	37	67	67	0	0	0	946.865
3718	T	T	976.637	37	70	70	0	0	0	976.637
3719	G	G	956.822	37	66	66	0	0	956.822	0
3720	T	T	928.512	37	67	67	0	0	0	928.512
3721	A	A	990.439	37	70	70	990.439	0	0	0
3722	A	A	981.747	37	71	71	981.747	0	0	0
3723	G	G	979	37	71	69	0	0	979	0
3724	C	C	1020.99	37	72	71	0	1020.99	0	0
3725	C	C	1018.82	37	73	71	0	1018.82	0	0
3726	A	A	997.439	37	74	74	997.439	0	0	0
3727	A	A	1036.36	37	75	75	1036.36	0	0	0
3728	A	A	999.956	37	74	74	999.956	0	0	0
3729	A	A	977.784	37	73	73	977.784	0	0	0
3730	A	A	992.234	37	73	73	992.234	0	0	0
3731	C	C	1003.09	37	74	71	0	1003.09	0	0
3732	G	G	1027.32	37	75	72	0	0	1027.32	0
3733	G	G	1011.87	37	71	70	0	0	1011.87	0
3734	A	A	1006.85	37	71	71	1006.85	0	0	0
3735	G	G	971.187	37	73	69	0	0	971.187	0
3736	A	A	1023.65	37	77	77	1023.65	0	0	0
3737	A	A	1035.78	37	78	78	1035.78	0	0	0
3738	T	T	1047.41	37	79	79	0	0	0	1047.41
3739	A	A	1036.34	37	80	80	1036.34	0	0	0
3740	T	T	985.867	37	74	74	0	0	0	985.867
3741	C	C	1065.35	37	75	74	0	1065.35	0	0
3742	T	T	1019.63	37	76	76	0	0	0	1019.63
3743	A	A	1009.38	36.2155	75	75	1009.38	0	0	0
3744	C	C	1008.98	36.1959	73	71	0	1008.98	0	0
3745	C	C	908.95	36.1535	69	65	0	908.95	0	0
3746	C	C	955.498	36.1187	66	66	0	955.498	0	0
3747	T	T	939.127	36.1187	66	66	0	0	0	939.127
3748	C	C	970.008	36.1306	67	67	0	970.008	0	0
3749	C	C	929.955	36.1187	66	65	0	929.955	0	0
3750	C	C	968.416	36.1306	67	67	0	968.416	0	0
3751	T	T	941.762	36.1422	68	68	0	0	0	941.762
3752	A	A	975.909	36.1752	71	71	975.909	0	0	0
3753	A	A	990.647	36.1752	71	71	990.647	0	0	0
3754	G	G	984.276	36.1422	68	68	0	0	984.276	0
3755	A	A	974.228	36.1645	70	70	974.228	0	0	0
3756	C	C	972.414	36.1857	72	69	0	972.414	0	0
3757	T	T	985.092	36.1857	72	72	0	0	0	985.092
3758	C	C	995.952	36.1857	72	70	0	995.952	0	0
3759	A	A	947.172	36.1645	70	70	947.172	0	0	0
3760	A	A	905.641	36.1422	68	68	905.641	0	0	0
3761	G	G	887.512	36.1306	67	63	0	0	887.512	0
3762	G	G	879.759	36.1064	65	62	0	0	879.759	0
3763	A	A	848.347	36.0809	63	63	848.347	0	0	0
3764	A	A	825.906	36.0809	63	63	825.906	0	0	0
3765	G	G	829.047	36.0397	60	58	0	0	829.047	0
3766	A	A	811.954	36.0397	60	60	811.954	0	0	0
3767	A	A	794.784	36.0251	59	59	794.784	0	0	0
3768	G	G	801.031	36.01	58	56	0	0	801.031	0
3769	C	C	810.286	36.01	58	57	0	810.286	0	0
3770	A	A	793.606	36.0397	60	60	793.606	0	0	0
3771	A	A	804.666	37	59	59	804.666	0	0	0
3772	C	C	836.722	37	61	59	0	836.722	0	0
3773	A	A	859.046	37	63	63	859.046	0	0	0
3774	G	G	859.387	37	62	60	0	0	859.387	0
3775	C	C	824.82	37	60	58	0	824.82	0	0
3776	T	T	820.936	37	61	61	0	0	0	820.936
3777	C	C	849.538	37	60	59	0	849.538	0	0
3778	C	C	862.968	37	61	60	0	862.968	0	0
3779	A	A	850.355	37	61	61	850.355	0	0	0
3780	C	C	886.188	37	64	62	0	886.188	0	0
3781	T	T	862.979	37	64	64	0	0	0	862.979
3782	A	A	898.843	37	65	65	898.843	0	0	0
3783	C	C	889.181	37	67	63	0	889.181	0	0
3784	C	C	907.745	37	70	65	0	907.745	0	0
3785	A	A	974.241	37	69	69	974.241	0	0	0
3786	G	G	993.027	37	71	69	0	0	993.027	0
3787	C	C	950.435	37	69	67	0	950.435	0	0
3788	A	A	975.262	37	69	69	975.262	0	0	0
3789	C	C	966.922	37	68	67	0	966.922	0	0
3790	C	C	981.078	37	69	68	0	981.078	0	0
3791	C	C	966.196	37	69	67	0	966.196	0	0
3792	A	A	922.082	37	69	69	922.082	0	0	0
3793	A	A	898.951	37	68	68	898.951	0	0	0
3794	A	A	875.472	37	64	64	875.472	0	0	0
3795	G	G	868.215	37	62	60	0	0	868.215	0
3796	C	C	897.364	37	63	62	0	897.364	0	0
3797	T	T	889.661	37	64	64	0	0	0	889.661
3798	A	A	859.875	37	61	61	859.875	0	0	0
3799	A	A	872.999	37	63	63	872.999	0	0	0
3800	T	T	878.483	37	64	64	0	0	0	878.483
3801	G	G	954.652	37	67	66	0	0	954.652	0
3802	T	T	901.707	37	67	67	0	0	0	901.707
3803	T	T	898.959	37	67	67	0	0	0	898.959
3804	C	C	950.47	37	66	66	0	950.47	0	0
3805	T	T	894.821	37	66	66	0	0	0	894.821
3806	A	A	880.907	37	66	66	880.907	0	0	0
3807	T	T	939.79	37	68	68	0	0	0	939.79
3808	T	T	888.673	37	65	65	0	0	0	888.673
3809	T	T	885.786	37	64	64	0	0	0	885.786
3810	A	A	894.788	37	65	65	894.788	0	0	0
3811	A	A	894.818	37	65	65	894.818	0	0	0
3812	A	A	911.15	37	67	67	911.15	0	0	0
3813	C	C	934.122	37	67	65	0	934.122	0	0
3814	T	T	907.53	37	67	67	0	0	0	907.53
3815	A	A	877.776	37	64	64	877.776	0	0	0
3816	T	T	883.215	37	63	63	0	0	0	883.215
3817	T	T	906.268	37	67	67	0	0	0	906.268
3818	C	C	918.399	37	66	64	0	918.399	0	0
3819	C	C	936.707	37	65	65	0	936.707	0	0
3820	C	C	945.608	37	67	66	0	945.608	0	0
3821	T	T	878.242	37	66	66	0	0	0	878.242
3822	G	G	939.532	37	65	65	0	0	939.532	0
3823	G	G	967.47	37	67	67	0	0	967.47	0
3824	T	T	919.04	37	68	68	0	0	0	919.04
3825	A	A	937.855	37	67	67	937.855	0	0	0
3826	C	C	868.143	37	66	62	0	868.143	0	0
3827	A	A	931.03	37	66	66	931.03	0	0	0
3828	T	T	956.099	37	71	71	0	0	0	956.099
3829	A	A	969.393	37	70	69	969.393	0	0	0
3830	C	C	979.781	37	69	68	0	979.781	0	0
3831	T	T	941.089	37	68	68	0	0	0	941.089
3832	A	A	935.714	37	68	68	935.714	0	0	0
3833	C	C	960.331	37	68	67	0	960.331	0	0
3834	T	T	958.708	37	67	67	0	0	0	958.708
3835	A	A	932.103	37	69	69	932.103	0	0	0
3836	T	T	945.66	37	69	69	0	0	0	945.66
3837	T	T	946.13	37	70	70	0	0	0	946.13
3838	T	T	906.402	37	67	67	0	0	0	906.402
3839	T	T	917.003	37	69	69	0	0	0	917.003
3840	A	A	938.587	37	70	70	938.587	0	0	0
3841	C	C	948.794	37	67	66	0	948.794	0	0
3842	T	T	924.128	37	67	67	0	0	0	924.128
3843	C	C	951.068	37	67	66	0	951.068	0	0
3844	C	C	964.031	37	68	67	0	964.031	0	0
3845	A	A	898.916	37	67	67	898.916	0	0	0
3846	T	T	889.425	37	67	67	0	0	0	889.425
3847	G	G	965.002	37	68	67	0	0	965.002	0
3848	T	T	881.97	37	68	68	0	0	0	881.97
3849	C	C	959.092	37	69	67	0	959.092	0	0
3850	C	C	972.413	37	70	68	0	972.413	0	0
3851	T	T	896.521	37	67	67	0	0	0	896.521
3852	A	A	873.965	37	67	67	873.965	0	0	0
3853	T	T	885.504	37	65	65	0	0	0	885.504
3854	T	T	908.553	37	66	66	0	0	0	908.553
3855	C	C	895.915	37	62	62	0	895.915	0	0
3856	A	A	796.942	37	60	60	796.942	0	0	0
3857	T	T	822.494	37	60	60	0	0	0	822.494
3858	T	T	791.496	37	57	57	0	0	0	791.496
3859	T	T	771.785	37	55	55	0	0	0	771.785
3860	C	C	807.858	37	56	56	0	807.858	0	0
3861	A	A	772.603	37	56	56	772.603	0	0	0
3862	T	T	780.579	37	56	56	0	0	0	780.579
3863	A	A	782.799	37	57	57	782.799	0	0	0
3864	T	T	755.289	37	55	55	0	0	0	755.289
3865	A	A	798.678	37	58	58	798.678	0	0	0
3866	T	T	796.488	37	59	59	0	0	0	796.488
3867	A	A	791.174	37	57	57	791.174	0	0	0
3868	C	C	804.312	37	57	56	0	804.312	0	0
3869	C	C	790.682	37	56	55	0	790.682	0	0
3870	A	A	775.744	37	56	56	775.744	0	0	0
3871	T	T	793.286	37	58	58	0	0	0	793.286
3872	C	C	873.818	37	62	61	0	873.818	0	0
3873	C	C	841.231	37	61	59	0	841.231	0	0
3874	T	T	792.573	37	59	59	0	0	0	792.573
3875	A	A	791.662	37	59	59	791.662	0	0	0
3876	T	T	829.631	37	62	62	0	0	0	829.631
3877	G	G	877.277	37	61	61	0	0	877.277	0
3878	T	T	833.984	37	60	60	0	0	0	833.984
3879	A	A	852.41	37	61	61	852.41	0	0	0
3880	C	C	830.637	37	60	58	0	830.637	0	0
3881	T	T	840.946	37	63	63	0	0	0	840.946
3882	G	G	941.843	37	66	65	0	0	941.843	0
3883	T	T	864.01	37	65	65	0	0	0	864.01
3884	A	A	928.622	37	66	66	928.622	0	0	0
3885	C	C	847.764	37	65	61	0	847.764	0	0
3886	C	C	916.275	37	66	64	0	916.275	0	0
3887	A	A	915.671	37	67	67	915.671	0	0	0
3888	T	T	941.538	37	68	68	0	0	0	941.538
3889	C	C	977.683	37	69	68	0	977.683	0	0
3890	A	A	972.821	37	72	72	972.821	0	0	0
3891	C	C	930.557	37	69	66	0	930.557	0	0
3892	A	A	962.555	37	70	70	962.555	0	0	0
3893	G	G	938.891	37	69	66	0	0	938.891	0
3894	T	T	927.754	37	69	69	0	0	0	927.754
3895	A	A	925.464	37	69	69	925.464	0	0	0
3896	T	T	934.222	37	67	67	0	0	0	934.222
3897	G	G	931.574	37	67	65	0	0	931.574	0
3898	T	T	901.174	37	64	64	0	0	0	901.174
3899	C	C	882.033	37	62	61	0	882.033	0	0
3900	C	C	909.45	37	64	63	0	909.45	0	0
3901	T	T	893.792	37	64	64	0	0	0	893.792
3902	C	C	872.153	37	63	61	0	872.153	0	0
3903	G	G	891.472	37	62	62	0	0	891.472	0
3904	A	A	820.39	37	61	61	820.39	0	0	0
3905	A	A	820.92	37	62	62	820.92	0	0	0
3906	T	T	860.834	37	62	62	0	0	0	860.834
3907	A	A	811.854	37	59	59	811.854	0	0	0
3908	C	C	863.043	37	61	60	0	863.043	0	0
3909	T	T	810.591	37	60	60	0	0	0	810.591
3910	T	T	807.461	37	59	59	0	0	0	807.461
3911	T	T	833.495	37	61	61	0	0	0	833.495
3912	C	C	870.713	37	63	61	0	870.713	0	0
3913	C	C	904.047	36.0938	64	63	0	904.047	0	0
3914	C	C	870.55	36.0809	63	61	0	870.55	0	0
3915	C	C	820.404	36.0809	63	59	0	820.404	0	0
3916	C	C	832.135	36.0538	61	59	0	832.135	0	0
3917	C	C	843.809	36.0538	61	59	0	843.809	0	0
3918	C	C	849.549	36.0397	60	59	0	849.549	0	0
3919	C	C	876.576	36.0675	62	61	0	876.576	0	0
3920	T	T	863.903	36.0938	64	64	0	0	0	863.903
3921	A	A	886.389	36.0809	63	63	886.389	0	0	0
3922	T	T	851.129	36.0938	64	64	0	0	0	851.129
3923	G	G	941.704	36.1064	65	65	0	0	941.704	0
3924	T	T	891.515	36.1187	66	66	0	0	0	891.515
3925	A	A	900.155	36.1064	65	65	900.155	0	0	0
3926	T	T	901.882	36.1064	65	65	0	0	0	901.882
3927	A	A	901.258	36.1187	66	66	901.258	0	0	0
3928	T	T	943.97	36.1306	67	67	0	0	0	943.97
3929	C	C	937.01	36.1187	66	65	0	937.01	0	0
3930	G	G	883.783	36.1064	65	62	0	0	883.783	0
3931	T	T	898.746	36.1064	65	65	0	0	0	898.746
3932	G	G	937.462	36.1064	65	65	0	0	937.462	0
3933	C	C	901.658	36.1064	65	63	0	901.658	0	0
3934	A	A	847.122	36.0675	62	62	847.122	0	0	0
3935	T	T	884.298	36.0938	64	64	0	0	0	884.298
3936	T	T	908.282	36.1306	67	67	0	0	0	908.282
3937	A	A	850.182	36.1306	67	67	850.182	0	0	0
3938	A	A	835.652	36.0938	64	64	835.652	0	0	0
3939	T	T	847.801	37	63	63	0	0	0	847.801
3940	G	G	890.764	37	66	63	0	0	890.764	0
3941	G	G	858.889	37	65	61	0	0	858.889	0
3942	C	C	847.206	37	60	59	0	847.206	0	0
3943	G	G	910.421	37	63	63	0	0	910.421	0
3944	T	T	855.164	37	64	64	0	0	0	855.164
3945	G	G	863.637	37	61	60	0	0	863.637	0
3946	C	C	866.946	36.0538	61	60	0	866.946	0	0
3947	C	C	828.802	36.0675	62	59	0	828.802	0	0
3948	C	C	844.368	35.3445	64	60	0	844.368	0	0
3949	C	C	949.551	35.3864	66	66	0	949.551	0	0
3950	A	A	928.945	35.4066	67	67	928.945	0	0	0
3951	T	T	887.279	35.4454	69	69	0	0	0	887.279
3952	G	G	957.301	35.4262	68	67	0	0	957.301	0
3953	C	C	947.697	35.4066	67	66	0	947.697	0	0
3954	A	A	954.288	35.4454	69	69	954.288	0	0	0
3955	T	T	932.715	35.4066	67	67	0	0	0	932.715
3956	A	A	973.352	35.4262	68	68	973.352	0	0	0
3957	T	T	946.264	35.4454	69	69	0	0	0	946.264
3958	A	A	978.355	35.4641	70	70	978.355	0	0	0
3959	A	A	975.83	35.4824	71	71	975.83	0	0	0
3960	G	G	1080.13	35.5512	75	75	0	0	1080.13	0
3961	C	C	1069.45	35.5834	77	75	0	1069.45	0	0
3962	A	A	958.46	35.5002	72	72	958.46	0	0	0
3963	T	T	997.725	35.5346	74	74	0	0	0	997.725
3964	G	G	973.319	35.5002	72	69	0	0	973.319	0
3965	T	T	982.596	35.5002	72	72	0	0	0	982.596
3966	A	A	957.088	36.1645	70	70	957.088	0	0	0
3967	C	C	928.957	36.1187	66	65	0	928.957	0	0
3968	A	A	931.47	36.1187	66	66	931.47	0	0	0
3969	T	T	933.715	36.1187	66	66	0	0	0	933.715
3970	A	A	925.728	36.1187	66	66	925.728	0	0	0
3971	C	C	898.442	36.1422	68	64	0	898.442	0	0
3972	T	T	942.372	36.1422	68	68	0	0	0	942.372
3973	G	G	959.56	36.1535	69	67	0	0	959.56	0
3974	T	T	943.693	36.1535	69	69	0	0	0	943.693
3975	G	G	969.458	36.1645	70	68	0	0	969.458	0
3976	C	C	994.111	36.1535	69	69	0	994.111	0	0
3977	T	T	914.997	36.1306	67	67	0	0	0	914.997
3978	T	T	897.231	36.1187	66	66	0	0	0	897.231
3979	G	G	855.82	36.0809	63	60	0	0	855.82	0
3980	A	A	906.899	36.1187	66	66	906.899	0	0	0
3981	T	T	890.929	36.1187	66	66	0	0	0	890.929
3982	C	C	853.525	36.1306	67	62	0	853.525	0	0
3983	T	T	894.754	36.1645	70	70	0	0	0	894.754
3984	T	T	899.484	36.1535	69	69	0	0	0	899.484
3985	G	G	983.126	36.1535	69	68	0	0	983.126	0
3986	C	C	1006.09	36.1752	71	70	0	1006.09	0	0
3987	A	A	990.509	36.1752	71	71	990.509	0	0	0
3988	T	T	952.62	36.1422	68	68	0	0	0	952.62
3989	G	G	925.342	36.1422	68	65	0	0	925.342	0
3990	A	A	929.615	36.1306	67	67	929.615	0	0	0
3991	G	G	995.123	36.1645	70	69	0	0	995.123	0
3992	G	G	1036.01	36.1857	72	72	0	0	1036.01	0
3993	A	A	983.372	36.1857	72	72	983.372	0	0	0
3994	C	C	994.522	37	69	69	0	994.522	0	0
3995	T	T	949.255	37	69	69	0	0	0	949.255
3996	T	T	981.808	37	72	72	0	0	0	981.808
3997	A	A	962.658	37	69	69	962.658	0	0	0
3998	C	C	911.939	37	69	65	0	911.939	0	0
3999	G	G	979.013	37	69	68	0	0	979.013	0
4000	T	T	952.783	37	69	69	0	0	0	952.783
4001	T	T	968.843	37	68	68	0	0	0	968.843
4002	C	C	954.897	37	67	66	0	954.897	0	0
4003	C	C	967.632	37	67	67	0	967.632	0	0
4004	G	G	914.99	37	66	64	0	0	914.99	0
4005	A	A	859.983	37	65	65	859.983	0	0	0
4006	A	A	830.982	37	63	63	830.982	0	0	0
4007	A	A	819.757	37	63	62	819.757	0	0	0
4008	G	G	839.806	37	61	59	0	0	839.806	0
4009	T	T	842.68	37	60	60	0	0	0	842.68
4010	T	T	807.849	37	59	59	0	0	0	807.849
4011	T	T	792.887	37	57	57	0	0	0	792.887
4012	A	A	800.558	37	59	59	800.558	0	0	0
4013	T	T	799.063	37	58	58	0	0	0	799.063
4014	T	T	822.79	37	61	61	0	0	0	822.79
4015	T	T	822.126	37	61	61	0	0	0	822.126
4016	C	C	823.923	37	64	59	0	823.923	0	0
4017	A	A	810.776	37	60	60	810.776	0	0	0
4018	G	G	836.084	37	64	60	0	0	836.084	0
4019	G	G	922.782	37	66	65	0	0	922.782	0
4020	C	C	860.529	37	65	61	0	860.529	0	0
4021	G	G	874.168	37	62	61	0	0	874.168	0
4022	T	T	802.629	37	59	59	0	0	0	802.629
4023	A	A	820.584	37	61	61	820.584	0	0	0
4024	T	T	854.665	37	62	62	0	0	0	854.665
4025	A	A	837.961	37	61	61	837.961	0	0	0
4026	G	G	828.668	37	61	58	0	0	828.668	0
4027	T	T	788.566	37	59	59	0	0	0	788.566
4028	C	C	795.46	37	61	57	0	795.46	0	0
4029	T	T	832.396	37	62	62	0	0	0	832.396
4030	G	G	895.253	37	63	62	0	0	895.253	0
4031	C	C	884.587	37	63	62	0	884.587	0	0
4032	A	A	877.248	37	63	63	877.248	0	0	0
4033	A	A	841.264	37	62	62	841.264	0	0	0
4034	G	G	819.117	37	60	58	0	0	819.117	0
4035	C	C	854.564	36.0809	63	60	0	854.564	0	0
4036	A	A	883.377	36.1187	66	66	883.377	0	0	0
4037	T	T	891.476	36.1064	65	65	0	0	0	891.476
4038	G	G	890.789	36.0675	62	62	0	0	890.789	0
4039	T	T	844.156	36.0675	62	62	0	0	0	844.156
4040	A	A	851.686	36.0675	62	62	851.686	0	0	0
4041	T	T	849.87	36.0675	62	62	0	0	0	849.87
4042	T	T	850.897	36.0809	63	63	0	0	0	850.897
4043	T	T	864.207	36.0809	63	63	0	0	0	864.207
4044	C	C	873.674	36.0809	63	61	0	873.674	0	0
4045	A	A	881.784	36.1064	65	65	881.784	0	0	0
4046	C	C	917.784	36.1187	66	64	0	917.784	0	0
4047	T	T	900.842	36.1306	67	67	0	0	0	900.842
4048	T	T	869.174	36.1064	65	65	0	0	0	869.174
4049	A	A	886.674	36.0938	64	64	886.674	0	0	0
4050	G	G	858.482	36.0938	64	61	0	0	858.482	0
4051	T	T	908.672	36.1064	65	65	0	0	0	908.672
4052	C	C	926.143	36.0938	64	64	0	926.143	0	0
4053	C	C	866.119	36.0538	61	60	0	866.119	0	0
4054	G	G	855.364	36.0538	61	60	0	0	855.364	0
4055	G	G	832.652	36.0397	60	58	0	0	832.652	0
4056	G	G	811.622	36.0251	59	57	0	0	811.622	0
4057	A	A	836.099	35.2537	60	60	836.099	0	0	0
4058	G	G	826.949	35.2294	59	58	0	0	826.949	0
4059	C	C	850.458	35.2537	60	59	0	850.458	0	0
4060	T	T	820.689	35.2294	59	59	0	0	0	820.689
4061	T	T	812.976	35.2294	59	59	0	0	0	812.976
4062	A	A	826.499	35.2537	60	60	826.499	0	0	0
4063	A	A	906.354	35.3657	65	65	906.354	0	0	0
4064	T	T	852.967	35.3445	64	64	0	0	0	852.967
4065	C	C	856.65	35.3003	62	60	0	856.65	0	0
4066	A	A	858.226	35.3003	62	62	858.226	0	0	0
4067	C	C	880.334	35.2773	61	61	0	880.334	0	0
4068	C	C	896.418	35.3227	63	62	0	896.418	0	0
4069	A	A	858.422	35.3445	64	64	858.422	0	0	0
4070	G	G	844.281	35.3227	63	60	0	0	844.281	0
4071	G	G	834.422	35.3227	63	59	0	0	834.422	0
4072	C	C	907.358	34.6774	63	63	0	907.358	0	0
4073	C	C	859.702	34.6485	62	60	0	859.702	0	0
4074	T	T	844.312	34.6188	61	61	0	0	0	844.312
4075	C	C	835.078	34.5572	59	58	0	835.078	0	0
4076	G	G	773.151	34.5572	59	55	0	0	773.151	0
4077	A	A	761.374	34.5572	59	59	761.374	0	0	0
4078	G	G	791.037	34.5572	59	56	0	0	791.037	0
4079	A	A	766.137	34.5572	59	59	766.137	0	0	0
4080	A	A	751.649	35.1787	57	57	751.649	0	0	0
4081	A	A	720.994	35.0678	53	53	720.994	0	0	0
4082	C	C	714.307	35.0379	52	50	0	714.307	0	0
4083	C	C	711.896	35.0379	52	50	0	711.896	0	0
4084	A	A	695.873	35.0379	52	52	695.873	0	0	0
4085	G	G	745.429	34.3127	52	52	0	0	745.429	0
4086	C	C	731.731	34.3127	52	51	0	731.731	0	0
4087	A	A	682.988	34.3127	52	52	682.988	0	0	0
4088	A	A	708.462	34.3127	52	52	708.462	0	0	0
4089	T	T	702.056	34.3875	54	54	0	0	0	702.056
4090	C	C	651.542	34.3506	53	48	0	651.542	0	0
4091	C	C	732.229	34.3127	52	51	0	732.229	0	0
4092	T	T	685.635	34.2735	51	51	0	0	0	685.635
4093	T	T	717.032	34.3506	53	53	0	0	0	717.032
4094	G	G	775.79	34.4234	55	54	0	0	775.79	0
4095	C	C	762.413	34.3875	54	53	0	762.413	0	0
4096	G	G	743.869	34.4582	56	53	0	0	743.869	0
4097	A	A	733.829	35.0678	53	53	733.829	0	0	0
4098	G	G	764.97	35.0678	53	53	0	0	764.97	0
4099	T	T	751.27	35.1249	55	55	0	0	0	751.27
4100	A	A	749.265	35.0968	54	54	749.265	0	0	0
4101	C	C	759.732	35.1522	56	54	0	759.732	0	0
4102	G	G	740.473	35.0968	54	52	0	0	740.473	0
4103	T	T	760.501	35.1522	56	56	0	0	0	760.501
4104	G	G	759.492	35.0968	54	53	0	0	759.492	0
4105	T	T	744.162	35.0678	53	53	0	0	0	744.162
4106	A	A	767.16	34.4582	56	56	767.16	0	0	0
4107	C	C	776.045	34.4234	55	54	0	776.045	0	0
4108	C	C	742.499	33.778	54	52	0	742.499	0	0
4109	T	T	734.549	33.778	54	54	0	0	0	734.549
4110	C	C	747.746	33.7353	53	52	0	747.746	0	0
4111	T	T	757.847	33.8195	55	55	0	0	0	757.847
4112	T	T	748.239	33.778	54	54	0	0	0	748.239
4113	C	C	748.314	33.8195	55	53	0	748.314	0	0
4114	T	T	762.082	33.8195	55	55	0	0	0	762.082
4115	C	C	792.25	33.8195	55	55	0	792.25	0	0
4116	G	G	651.435	33.7353	53	48	0	0	651.435	0
4117	C	C	720.949	34.2735	51	50	0	720.949	0	0
4118	T	T	724.441	34.3127	52	52	0	0	0	724.441
4119	C	C	732.839	33.6913	52	51	0	732.839	0	0
4120	C	C	724.665	33.778	54	51	0	724.665	0	0
4121	G	G	746.454	33.7353	53	52	0	0	746.454	0
4122	G	G	740.931	33.778	54	52	0	0	740.931	0
4123	G	G	761.642	33.778	54	53	0	0	761.642	0
4124	C	C	752.534	34.3875	54	53	0	752.534	0	0
4125	C	C	736.22	35.0071	51	51	0	736.22	0	0
4126	C	C	690.677	34.9423	49	48	0	690.677	0	0
4127	A	A	663.196	34.9423	49	49	663.196	0	0	0
4128	T	T	685.153	34.9752	50	50	0	0	0	685.153
4129	G	G	620.418	34.8731	47	44	0	0	620.418	0
4130	A	A	704.23	35.0071	51	51	704.23	0	0	0
4131	A	A	691.378	35.0071	51	51	691.378	0	0	0
4132	A	A	714.729	35.0678	53	53	714.729	0	0	0
4133	T	T	682.716	35.0071	51	51	0	0	0	682.716
4134	G	G	624.803	34.9752	50	46	0	0	624.803	0
4135	T	T	697.727	34.9752	50	50	0	0	0	697.727
4136	G	G	638.203	34.8731	47	45	0	0	638.203	0
4137	G	G	672.412	34.9083	48	47	0	0	672.412	0
4138	G	G	594.065	34.8731	47	43	0	0	594.065	0
4139	G	G	632.598	34.799	45	44	0	0	632.598	0
4140	G	G	615.217	34.76	44	43	0	0	615.217	0
4141	T	T	609.734	34.76	44	44	0	0	0	609.734
4142	T	T	619.23	34.76	44	44	0	0	0	619.23
4143	T	T	602.294	35.7117	43	43	0	0	0	602.294
4144	C	C	612.707	35.7616	45	43	0	612.707	0	0
4145	T	T	595.201	35.7117	43	43	0	0	0	595.201
4146	A	A	577.714	35.7117	43	43	577.714	0	0	0
4147	T	T	579.103	35.6853	42	42	0	0	0	579.103
4148	G	G	581.904	35.7117	43	41	0	0	581.904	0
4149	T	T	590.177	35.7371	44	44	0	0	0	590.177
4150	T	T	590.192	35.7616	45	45	0	0	0	590.192
4151	G	G	617.521	35.8077	47	44	0	0	617.521	0
4152	A	A	650.652	35.8294	48	48	650.652	0	0	0
4153	A	A	627.422	37	47	47	627.422	0	0	0
4154	A	A	630.205	37	47	47	630.205	0	0	0
4155	C	C	686.792	37	48	48	0	686.792	0	0
4156	T	T	633.685	37	48	48	0	0	0	633.685
4157	A	A	663.095	37	50	50	663.095	0	0	0
4158	T	T	639.398	37	48	48	0	0	0	639.398
4159	A	A	628.985	37	46	46	628.985	0	0	0
4160	C	C	674.991	37	47	47	0	674.991	0	0
4161	C	C	622.563	37	47	44	0	622.563	0	0
4162	T	T	647.385	37	48	48	0	0	0	647.385
4163	G	G	721.757	37	50	50	0	0	721.757	0
4164	G	G	720.477	37	51	50	0	0	720.477	0
4165	G	G	721.014	37	51	50	0	0	721.014	0
4166	A	A	725.839	37	53	53	725.839	0	0	0
4167	T	T	717.897	37	53	53	0	0	0	717.897
4168	C	C	705.239	37	52	50	0	705.239	0	0
4169	T	T	721.54	37	51	51	0	0	0	721.54
4170	G	G	664.931	37	51	48	0	0	664.931	0
4171	G	G	706.146	37	50	49	0	0	706.146	0
4172	T	T	717.419	37	51	51	0	0	0	717.419
4173	T	T	725.158	37	52	52	0	0	0	725.158
4174	C	C	750.616	37	53	52	0	750.616	0	0
4175	T	T	760.996	37	57	57	0	0	0	760.996
4176	T	T	744.173	37	55	55	0	0	0	744.173
4177	A	A	738.715	37	54	54	738.715	0	0	0
4178	C	C	803.795	37	56	56	0	803.795	0	0
4179	C	C	774.683	37	55	54	0	774.683	0	0
4180	T	T	754.479	37	54	54	0	0	0	754.479
4181	C	C	717.872	37	53	51	0	717.872	0	0
4182	A	A	751.149	37	55	55	751.149	0	0	0
4183	G	G	780.596	37	54	54	0	0	780.596	0
4184	G	G	823.322	37	57	57	0	0	823.322	0
4185	G	G	848.589	37	60	59	0	0	848.589	0
4186	C	C	828.841	36.0397	60	58	0	828.841	0	0
4187	C	C	827.04	36.0397	60	58	0	827.04	0	0
4188	A	A	832.913	36.0397	60	60	832.913	0	0	0
4189	T	T	831.342	36.0675	62	62	0	0	0	831.342
4190	G	G	800.693	36.0397	60	57	0	0	800.693	0
4191	A	A	867.397	36.0809	63	63	867.397	0	0	0
4192	C	C	861.098	36.1064	65	61	0	861.098	0	0
4193	A	A	876.559	36.1064	65	65	876.559	0	0	0
4194	G	G	858.924	36.1187	66	61	0	0	858.924	0
4195	C	C	862.723	36.1187	66	62	0	862.723	0	0
4196	T	T	875.27	35.3657	65	65	0	0	0	875.27
4197	C	C	890.463	35.3657	65	63	0	890.463	0	0
4198	T	T	877.455	35.3657	65	65	0	0	0	877.455
4199	A	A	863.713	35.3445	64	64	863.713	0	0	0
4200	G	G	878.34	35.3864	66	62	0	0	878.34	0
4201	A	A	862.351	36.1187	66	66	862.351	0	0	0
4202	T	T	864.811	36.0675	62	62	0	0	0	864.811
4203	T	T	858.73	36.0809	63	63	0	0	0	858.73
4204	C	C	886.1	36.0938	64	62	0	886.1	0	0
4205	C	C	882.1	36.1187	66	63	0	882.1	0	0
4206	A	A	887.398	36.0938	64	64	887.398	0	0	0
4207	A	A	879.843	36.1064	65	65	879.843	0	0	0
4208	T	T	878.403	34.7862	67	67	0	0	0	878.403
4209	C	C	967.167	34.8612	70	68	0	967.167	0	0
4210	C	C	921.564	34.8118	68	65	0	921.564	0	0
4211	T	T	909.968	34.7862	67	67	0	0	0	909.968
4212	A	A	952.694	34.7862	67	67	952.694	0	0	0
4213	C	C	973.701	34.8612	70	68	0	973.701	0	0
4214	T	T	958.321	34.8118	68	68	0	0	0	958.321
4215	A	A	948.76	34.8118	68	68	948.76	0	0	0
4216	A	A	931.599	34.8118	68	68	931.599	0	0	0
4217	C	C	993.326	34.885	71	69	0	993.326	0	0
4218	C	C	962.565	34.885	71	68	0	962.565	0	0
4219	C	C	1019.93	34.9311	73	71	0	1019.93	0	0
4220	T	T	962.32	34.885	71	71	0	0	0	962.32
4221	T	T	957.759	34.9311	73	73	0	0	0	957.759
4222	C	C	1007.67	34.885	71	70	0	1007.67	0	0
4223	A	A	942.713	34.8367	69	69	942.713	0	0	0
4224	A	A	954.956	34.8612	70	70	954.956	0	0	0
4225	A	A	955.608	34.8612	70	70	955.608	0	0	0
4226	T	T	963.836	34.8367	69	69	0	0	0	963.836
4227	G	G	966.985	34.8118	68	67	0	0	966.985	0
4228	G	G	950.973	34.76	66	66	0	0	950.973	0
4229	G	G	931.386	35.4066	67	65	0	0	931.386	0
4230	A	A	928.136	34.8118	68	68	928.136	0	0	0
4231	C	C	900.76	34.8367	69	64	0	900.76	0	0
4232	A	A	871.868	34.8118	68	68	871.868	0	0	0
4233	T	T	897.173	34.7331	65	65	0	0	0	897.173
4234	C	C	884.204	34.7056	64	62	0	884.204	0	0
4235	T	T	911.69	34.76	66	66	0	0	0	911.69
4236	C	C	894.334	34.6774	63	62	0	894.334	0	0
4237	G	G	865.885	34.6774	63	61	0	0	865.885	0
4238	A	A	835.046	35.2773	61	61	835.046	0	0	0
4239	A	A	856.546	35.3227	63	63	856.546	0	0	0
4240	T	T	843.271	35.3003	62	62	0	0	0	843.271
4241	G	G	875.829	35.3003	62	61	0	0	875.829	0
4242	G	G	888.736	35.3227	63	62	0	0	888.736	0
4243	A	A	805.296	36.0538	61	61	805.296	0	0	0
4244	C	C	828.386	36.0397	60	58	0	828.386	0	0
4245	T	T	765.201	35.962	55	55	0	0	0	765.201
4246	A	A	754.514	35.9785	56	56	754.514	0	0	0
4247	A	A	790.294	36.0251	59	59	790.294	0	0	0
4248	A	A	793.904	36.0251	59	59	793.904	0	0	0
4249	T	T	800.14	36.0397	60	60	0	0	0	800.14
4250	G	G	866.241	36.0397	60	60	0	0	866.241	0
4251	A	A	847.87	36.0397	60	60	847.87	0	0	0
4252	C	C	790.533	36.0251	59	56	0	790.533	0	0
4253	T	T	815.497	36.0675	62	62	0	0	0	815.497
4254	A	A	909.264	36.0938	64	64	909.264	0	0	0
4255	A	A	911.028	36.0938	64	64	911.028	0	0	0
4256	T	T	894.291	35.4066	67	67	0	0	0	894.291
4257	C	C	901.452	35.4262	68	64	0	901.452	0	0
4258	A	A	959.07	35.4454	69	69	959.07	0	0	0
4259	G	G	1009.36	35.4824	71	70	0	0	1009.36	0
4260	C	C	1035	35.5002	72	72	0	1035	0	0
4261	C	C	1076.32	35.5675	76	75	0	1076.32	0	0
4262	C	C	1079.73	35.5512	75	75	0	1079.73	0	0
4263	A	A	1069.96	35.5675	76	76	1069.96	0	0	0
4264	T	T	1033.01	35.5675	76	76	0	0	0	1033.01
4265	G	G	1006.19	35.5512	75	71	0	0	1006.19	0
4266	A	A	1096.41	34.565	79	79	1096.41	0	0	0
4267	T	T	1071.55	34.565	79	79	0	0	0	1071.55
4268	C	C	1091.03	34.5412	78	76	0	1091.03	0	0
4269	A	A	1077.12	34.4921	76	76	1077.12	0	0	0
4270	C	C	1005.06	34.5169	77	72	0	1005.06	0	0
4271	A	A	1091.71	34.5412	78	78	1091.71	0	0	0
4272	C	C	1063.33	34.5412	78	75	0	1063.33	0	0
4273	A	A	1096.34	34.5884	80	80	1096.34	0	0	0
4274	T	T	1103.44	34.5884	80	80	0	0	0	1103.44
4275	A	A	1078.26	34.565	79	79	1078.26	0	0	0
4276	A	A	1093.53	34.5884	80	80	1093.53	0	0	0
4277	C	C	1130.93	34.6113	81	79	0	1130.93	0	0
4278	T	T	1094.01	34.5884	80	80	0	0	0	1094.01
4279	G	G	1133.59	34.6113	81	79	0	0	1133.59	0
4280	T	T	1091.03	34.5884	80	80	0	0	0	1091.03
4281	G	G	1139	34.565	79	79	0	0	1139	0
4282	G	G	1122.92	34.6338	82	79	0	0	1122.92	0
4283	T	T	1078.08	34.565	79	79	0	0	0	1078.08
4284	G	G	1125.85	34.6338	82	79	0	0	1125.85	0
4285	T	T	1131.11	34.6558	83	83	0	0	0	1131.11
4286	C	C	1137.47	35.0776	80	79	0	1137.47	0	0
4287	A	A	1110.74	35.0776	80	80	1110.74	0	0	0
4288	T	T	1097.17	35.0776	80	80	0	0	0	1097.17
4289	G	G	1142.57	35.6141	79	79	0	0	1142.57	0
4290	C	C	1155.21	35.6289	80	80	0	1155.21	0	0
4291	A	A	1093.22	35.6435	81	81	1093.22	0	0	0
4292	T	T	1115.12	36.269	81	81	0	0	0	1115.12
4293	T	T	1137.23	36.2852	83	83	0	0	0	1137.23
4294	T	T	1098.58	36.252	79	79	0	0	0	1098.58
4295	G	G	1046.47	36.2155	75	73	0	0	1046.47	0
4296	G	G	1031.23	36.2342	77	73	0	0	1031.23	0
4297	T	T	1055.43	36.2155	75	75	0	0	0	1055.43
4298	A	A	1029.69	37	76	76	1029.69	0	0	0
4299	T	T	1064.54	37	77	77	0	0	0	1064.54
4300	C	C	1082.88	37	75	75	0	1082.88	0	0
4301	T	T	1034.8	37	75	75	0	0	0	1034.8
4302	T	T	1027.13	37	74	74	0	0	0	1027.13
4303	T	T	1003.13	37	72	72	0	0	0	1003.13
4304	T	T	995.797	37	71	71	0	0	0	995.797
4305	A	A	972.391	37	71	71	972.391	0	0	0
4306	A	A	933.171	37	69	69	933.171	0	0	0
4307	T	T	989.207	37	70	70	0	0	0	989.207
4308	T	T	1016.76	37	74	74	0	0	0	1016.76
4309	T	T	966.656	37	71	71	0	0	0	966.656
4310	T	T	979.64	37	73	73	0	0	0	979.64
4311	T	T	925.669	37	70	70	0	0	0	925.669
4312	A	A	940.146	37	70	70	940.146	0	0	0
4313	G	G	995.42	37	70	69	0	0	995.42	0
4314	G	G	978.234	37	69	68	0	0	978.234	0
4315	G	G	948.894	37	67	66	0	0	948.894	0
4316	G	G	930.522	37	67	65	0	0	930.522	0
4317	G	G	864.041	37	66	62	0	0	864.041	0
4318	G	G	908.79	37	67	64	0	0	908.79	0
4319	G	G	928.881	37	66	65	0	0	928.881	0
4320	A	A	864.228	37	65	65	864.228	0	0	0
4321	A	A	863.105	37	65	65	863.105	0	0	0
4322	C	C	875.391	37	63	61	0	875.391	0	0
4323	T	T	834.715	37	61	61	0	0	0	834.715
4324	T	T	816.216	37	59	59	0	0	0	816.216
4325	G	G	849.338	37	59	59	0	0	849.338	0
4326	C	C	838.49	37	58	58	0	838.49	0	0
4327	T	T	810.447	37	58	58	0	0	0	810.447
4328	A	A	841.99	37	59	59	841.99	0	0	0
4329	T	T	814.306	37	58	58	0	0	0	814.306
4330	G	G	852.457	37	59	59	0	0	852.457	0
4331	A	A	844.836	37	61	61	844.836	0	0	0
4332	C	C	878.361	37	65	62	0	878.361	0	0
4333	T	T	888.443	37	66	66	0	0	0	888.443
4334	C	C	916.912	37	65	64	0	916.912	0	0
4335	A	A	884.416	37	65	65	884.416	0	0	0
4336	G	G	903.735	37	64	63	0	0	903.735	0
4337	C	C	884.4	37	63	62	0	884.4	0	0
4338	T	T	867.648	37	62	62	0	0	0	867.648
4339	A	A	842.615	37	60	60	842.615	0	0	0
4340	T	T	855.581	37	61	61	0	0	0	855.581
4341	G	G	850.712	37	59	59	0	0	850.712	0
4342	A	A	831.883	37	59	59	831.883	0	0	0
4343	C	C	848.065	37	60	59	0	848.065	0	0
4344	C	C	906.034	37	63	63	0	906.034	0	0
4345	G	G	804.455	37	62	58	0	0	804.455	0
4346	T	T	831.526	37	60	60	0	0	0	831.526
4347	A	A	804.242	37	59	59	804.242	0	0	0
4348	A	A	799.479	37	58	58	799.479	0	0	0
4349	A	A	792.305	37	57	57	792.305	0	0	0
4350	G	G	804.713	37	59	57	0	0	804.713	0
4351	G	G	801.061	37	58	56	0	0	801.061	0
4352	T	T	784.595	37	56	56	0	0	0	784.595
4353	C	C	812.85	37	59	57	0	812.85	0	0
4354	T	T	809.654	37	60	60	0	0	0	809.654
4355	C	C	740.451	37	57	53	0	740.451	0	0
4356	G	G	764.599	37	57	54	0	0	764.599	0
4357	T	T	778.331	37	58	58	0	0	0	778.331
4358	C	C	837.506	37	59	58	0	837.506	0	0
4359	G	G	802.453	37	57	56	0	0	802.453	0
4360	C	C	812.89	37	60	57	0	812.89	0	0
4361	A	A	770.248	37	58	58	770.248	0	0	0
4362	G	G	802.963	37	56	56	0	0	802.963	0
4363	T	T	740.284	37	54	54	0	0	0	740.284
4364	C	C	732.201	37	52	51	0	732.201	0	0
4365	A	A	737.643	37	54	54	737.643	0	0	0
4366	A	A	728.98	37	53	53	728.98	0	0	0
4367	A	A	762.101	37	55	55	762.101	0	0	0
4368	T	T	701.304	37	52	52	0	0	0	701.304
4369	A	A	781.081	37	55	55	781.081	0	0	0
4370	A	A	773.696	37	55	55	773.696	0	0	0
4371	T	T	755.255	37	56	56	0	0	0	755.255
4372	T	T	788.76	37	58	58	0	0	0	788.76
4373	T	T	795.243	37	59	59	0	0	0	795.243
4374	G	G	838.017	37	58	58	0	0	838.017	0
4375	T	T	792.487	36.0251	59	59	0	0	0	792.487
4376	A	A	848.808	36.0538	61	61	848.808	0	0	0
4377	G	G	882.916	36.0538	61	61	0	0	882.916	0
4378	C	C	877.185	36.0675	62	61	0	877.185	0	0
4379	T	T	851.934	36.0675	62	62	0	0	0	851.934
4380	G	G	861.125	36.0675	62	60	0	0	861.125	0
4381	G	G	879.167	36.0675	62	61	0	0	879.167	0
4382	G	G	905.89	36.0938	64	63	0	0	905.89	0
4383	C	C	892.097	36.0809	63	62	0	892.097	0	0
4384	T	T	873.251	36.0809	63	63	0	0	0	873.251
4385	T	T	882.486	36.1064	65	65	0	0	0	882.486
4386	A	A	887.537	36.1064	65	65	887.537	0	0	0
4387	T	T	880.923	36.1064	65	65	0	0	0	880.923
4388	T	T	872.84	36.1306	67	67	0	0	0	872.84
4389	T	T	887.166	36.1645	70	70	0	0	0	887.166
4390	A	A	977.957	36.1752	71	71	977.957	0	0	0
4391	T	T	959.67	36.2249	76	76	0	0	0	959.67
4392	C	C	1052.46	36.2342	77	74	0	1052.46	0	0
4393	T	T	1004.37	36.2155	75	75	0	0	0	1004.37
4394	T	T	1008.38	36.2058	74	74	0	0	0	1008.38
4395	T	T	980.385	36.1857	72	72	0	0	0	980.385
4396	C	C	1049.16	36.2155	75	73	0	1049.16	0	0
4397	A	A	1035.04	36.2155	75	75	1035.04	0	0	0
4398	C	C	1080.95	36.2249	76	75	0	1080.95	0	0
4399	G	G	1097.68	36.2249	76	76	0	0	1097.68	0
4400	G	G	1152.86	35.6289	80	80	0	0	1152.86	0
4401	G	G	1129.48	35.6141	79	78	0	0	1129.48	0
4402	T	T	1048.64	35.5989	78	78	0	0	0	1048.64
4403	C	C	1053.11	35.6141	79	75	0	1053.11	0	0
4404	G	G	1125.21	35.6141	79	78	0	0	1125.21	0
4405	G	G	1076.29	35.6289	80	76	0	0	1076.29	0
4406	G	G	1092.12	35.5989	78	76	0	0	1092.12	0
4407	C	C	1070.71	36.2155	75	74	0	1070.71	0	0
4408	A	A	1008.64	36.2249	76	76	1008.64	0	0	0
4409	T	T	1058.16	36.2155	75	75	0	0	0	1058.16
4410	A	A	1015.11	36.1959	73	73	1015.11	0	0	0
4411	G	G	1052.47	36.2155	75	73	0	0	1052.47	0
4412	A	A	1029.87	36.2058	74	74	1029.87	0	0	0
4413	T	T	989.957	36.1857	72	72	0	0	0	989.957
4414	A	A	1005.37	36.1959	73	73	1005.37	0	0	0
4415	C	C	1044.98	36.2155	75	73	0	1044.98	0	0
4416	C	C	1070.47	36.2058	74	74	0	1070.47	0	0
4417	C	C	1055.59	36.2058	74	73	0	1055.59	0	0
4418	A	A	1003.31	36.1959	73	73	1003.31	0	0	0
4419	T	T	992.694	36.1857	72	72	0	0	0	992.694
4420	A	A	1026.58	36.1959	73	73	1026.58	0	0	0
4421	A	A	1044.35	36.2155	75	75	1044.35	0	0	0
4422	G	G	1045.28	36.2058	74	73	0	0	1045.28	0
4423	G	G	1008.36	36.2058	74	71	0	0	1008.36	0
4424	G	G	1043.15	36.2058	74	73	0	0	1043.15	0
4425	G	G	993.213	36.2058	74	70	0	0	993.213	0
4426	T	T	1038.05	36.2058	74	74	0	0	0	1038.05
4427	T	T	1013.82	36.1959	73	73	0	0	0	1013.82
4428	A	A	952.557	37	72	72	952.557	0	0	0
4429	C	C	999.677	37	70	69	0	999.677	0	0
4430	T	T	972.991	36.1752	71	71	0	0	0	972.991
4431	C	C	952.276	36.1535	69	67	0	952.276	0	0
4432	A	A	903.299	36.1306	67	67	903.299	0	0	0
4433	G	G	905.373	36.1535	69	65	0	0	905.373	0
4434	T	T	944.332	36.1535	69	69	0	0	0	944.332
4435	C	C	981.746	36.1645	70	69	0	981.746	0	0
4436	A	A	890.874	36.1187	66	66	890.874	0	0	0
4437	A	A	862.198	36.0938	64	64	862.198	0	0	0
4438	T	T	882.973	36.0809	63	63	0	0	0	882.973
4439	G	G	872.176	36.0809	63	61	0	0	872.176	0
4440	G	G	849.112	36.0675	62	60	0	0	849.112	0
4441	T	T	860.22	36.0675	62	62	0	0	0	860.22
4442	C	C	854.012	36.1064	65	61	0	854.012	0	0
4443	G	G	922.154	36.0938	64	64	0	0	922.154	0
4444	C	C	886.362	36.0938	64	62	0	886.362	0	0
4445	A	A	889.871	36.0809	63	63	889.871	0	0	0
4446	G	G	924.229	36.0938	64	64	0	0	924.229	0
4447	G	G	887.393	36.0938	64	62	0	0	887.393	0
4448	A	A	887.425	36.1064	65	65	887.425	0	0	0
4449	C	C	930.698	35.4066	67	65	0	930.698	0	0
4450	A	A	874.54	35.3657	65	65	874.54	0	0	0
4451	T	T	895.205	35.3864	66	66	0	0	0	895.205
4452	A	A	890.564	35.3657	65	65	890.564	0	0	0
4453	C	C	892.522	35.3227	63	62	0	892.522	0	0
4454	A	A	869.797	35.3445	64	64	869.797	0	0	0
4455	G	G	907.301	36.0938	64	63	0	0	907.301	0
4456	T	T	894.253	36.0938	64	64	0	0	0	894.253
4457	A	A	845.464	36.0809	63	63	845.464	0	0	0
4458	C	C	871.405	36.0809	63	61	0	871.405	0	0
4459	A	A	854.178	36.0675	62	62	854.178	0	0	0
4460	T	T	858.87	36.0538	61	61	0	0	0	858.87
4461	A	A	801.092	36.0251	59	59	801.092	0	0	0
4462	A	A	800.449	36.0251	59	59	800.449	0	0	0
4463	A	A	810.029	36.0397	60	60	810.029	0	0	0
4464	C	C	853.398	36.0251	59	59	0	853.398	0	0
4465	G	G	800.482	35.9945	57	56	0	0	800.482	0
4466	C	C	767.117	35.9273	53	53	0	767.117	0	0
4467	C	C	754.456	35.945	54	53	0	754.456	0	0
4468	A	A	775.751	35.962	55	55	775.751	0	0	0
4469	C	C	735.281	35.945	54	52	0	735.281	0	0
4470	T	T	750.837	35.9273	53	53	0	0	0	750.837
4471	A	A	722.68	35.9273	53	53	722.68	0	0	0
4472	A	A	684.753	35.9273	53	53	684.753	0	0	0
4473	A	A	705.296	35.962	55	55	705.296	0	0	0
4474	T	T	757.954	35.962	55	55	0	0	0	757.954
4475	C	C	774.793	37	55	54	0	774.793	0	0
4476	G	G	654.77	37	53	48	0	0	654.77	0
4477	A	A	658.713	37	49	49	658.713	0	0	0
4478	A	A	674.171	37	51	51	674.171	0	0	0
4479	C	C	689.046	37	49	48	0	689.046	0	0
4480	G	G	646.838	37	48	46	0	0	646.838	0
4481	A	A	671.416	37	49	49	671.416	0	0	0
4482	A	A	696.571	37	50	50	696.571	0	0	0
4483	C	C	654.331	37	50	47	0	654.331	0	0
4484	G	G	676.624	37	51	48	0	0	676.624	0
4485	A	A	731.615	37	53	53	731.615	0	0	0
4486	C	C	773.178	37	54	54	0	773.178	0	0
4487	G	G	807.828	37	56	56	0	0	807.828	0
4488	C	C	690.226	37	54	50	0	690.226	0	0
4489	A	A	779.41	37	54	54	779.41	0	0	0
4490	C	C	733.192	37	54	52	0	733.192	0	0
4491	G	G	763.498	37	54	53	0	0	763.498	0
4492	C	C	808.219	37	56	56	0	808.219	0	0
4493	G	G	833.016	37	59	58	0	0	833.016	0
4494	T	T	804.6	37	58	58	0	0	0	804.6
4495	A	A	786.424	37	59	59	786.424	0	0	0
4496	C	C	781.592	37	58	55	0	781.592	0	0
4497	G	G	752.35	37	57	54	0	0	752.35	0
4498	C	C	821.442	37	58	57	0	821.442	0	0
4499	A	A	763.971	37	58	58	763.971	0	0	0
4500	T	T	771.544	37	56	56	0	0	0	771.544
4501	A	A	744.364	37	56	56	744.364	0	0	0
4502	C	C	733.929	37	54	52	0	733.929	0	0
4503	G	G	716.568	37	53	51	0	0	716.568	0
4504	T	T	726.91	37	52	52	0	0	0	726.91
4505	A	A	702.852	37	51	51	702.852	0	0	0
4506	C	C	696.481	37	50	49	0	696.481	0	0
4507	G	G	720.003	37	50	50	0	0	720.003	0
4508	C	C	701.671	37	51	49	0	701.671	0	0
4509	A	A	699.274	37	52	52	699.274	0	0	0
4510	T	T	697.044	37	50	50	0	0	0	697.044
4511	A	A	673.633	37	49	49	673.633	0	0	0
4512	C	C	688.114	37	50	48	0	688.114	0	0
4513	G	G	690.441	37	49	48	0	0	690.441	0
4514	T	T	692.848	37	51	51	0	0	0	692.848
4515	A	A	756.665	37	54	54	756.665	0	0	0
4516	C	C	758.556	37	54	53	0	758.556	0	0
4517	G	G	760.339	37	55	53	0	0	760.339	0
4518	C	C	760.562	37	54	53	0	760.562	0	0
4519	A	A	767.161	37	55	55	767.161	0	0	0
4520	T	T	764.065	37	56	56	0	0	0	764.065
4521	A	A	829.638	37	61	61	829.638	0	0	0
4522	C	C	862.126	37	60	60	0	862.126	0	0
4523	G	G	780.597	37	59	56	0	0	780.597	0
4524	T	T	803.918	37	59	59	0	0	0	803.918
4525	A	A	752.268	37	58	58	752.268	0	0	0
4526	C	C	743.788	37	53	52	0	743.788	0	0
4527	G	G	759.219	37	53	53	0	0	759.219	0
4528	C	C	753.899	37	52	52	0	753.899	0	0
4529	A	A	646.765	37	49	49	646.765	0	0	0
4530	C	C	680.949	37	47	47	0	680.949	0	0
4531	G	G	614.099	37	44	43	0	0	614.099	0
4532	T	T	622.591	37	43	43	0	0	0	622.591
4533	G	G	587.664	37	41	41	0	0	587.664	0
4534	T	T	593.411	37	41	41	0	0	0	593.411
4535	A	A	510.602	37	39	39	510.602	0	0	0
4536	C	C	535.011	37	37	37	0	535.011	0	0
4537	G	G	527.435	37	37	37	0	0	527.435	0
4538	C	C	491.283	37	34	34	0	491.283	0	0
4539	A	A	449.246	37	33	33	449.246	0	0	0
4540	C	C	462.103	37	32	32	0	462.103	0	0
4541	G	G	457.311	37	32	32	0	0	457.311	0
4542	T	T	447.513	37	31	31	0	0	0	447.513
4543	G	G	428.275	37	30	30	0	0	428.275	0
4544	T	T	418.334	37	29	29	0	0	0	418.334
4545	A	A	364.36	37	29	29	364.36	0	0	0
4546	C	C	389.154	37	27	27	0	389.154	0	0
4547	G	G	368.284	37	26	26	0	0	368.284	0
4548	C	C	359.974	37	25	25	0	359.974	0	0
4549	A	A	297.084	37	22	22	297.084	0	0	0
4550	C	C	316.205	37	22	22	0	316.205	0	0
4551	G	G	284.806	37	20	20	0	0	284.806	0
4552	T	T	287.025	37	20	20	0	0	0	287.025
4553	G	G	250.457	37	20	18	0	0	250.457	0
4554	T	T	272.435	37	19	19	0	0	0	272.435
4555	A	A	212.144	37	17	17	212.144	0	0	0
4556	C	C	243.256	37	17	17	0	243.256	0	0
4557	G	G	201.997	37	17	15	0	0	201.997	0
4558	C	C	228.666	37	16	16	0	228.666	0	0
4559	A	A	145.576	37	14	14	145.576	0	1.20287e-14	0
4560	C	C	170.307	37	12	12	1.35525e-17	170.307	1.35525e-17	1.35525e-17
4561	G	G	102.992	37	10	8	2.17536e-10	2.62761e-13	102.992	2.62768e-13
4562	T	T	141.127	37	10	10	1.11673e-14	1.11676e-14	1.11678e-14	141.127
4563	G	G	97.3383	37	8	7	7.49493e-10	2.60482e-11	97.3383	2.6049e-11
4564	T	T	97.3576	37	7	7	2.6601e-10	2.66013e-10	2.66021e-10	97.3576
4565	A	A	97.3576	37	7	7	97.3576	2.66021e-10	2.66014e-10	2.6601e-10
4566	C	C	97.3576	37	7	7	2.66019e-10	97.3576	2.6601e-10	2.66014e-10
4567	G	G	72.01	37	7	6	2.5562e-07	8.8839e-09	72.01	8.88426e-09
4568	C	C	97.3576	37	7	7	2.66019e-10	97.3576	2.6601e-10	2.66014e-10
4569	A	A	86.7243	37	7	7	86.7243	2.66021e-10	8.70111e-09	2.6601e-10
4570	C	C	97.3572	37	7	7	2.66051e-10	97.3572	2.6603e-10	2.66038e-10
4571	G	G	80.9831	37	7	6	3.23812e-08	1.12539e-09	80.9831	1.12542e-09
4572	T	T	82.7677	37	6	6	7.65388e-09	7.65395e-09	7.65414e-09	82.7677
4573	G	G	52.0808	37	5	4	2.51492e-05	8.74048e-07	52.0808	8.74064e-07
4574	T	T	68.1779	37	5	5	2.20224e-07	2.20226e-07	2.20231e-07	68.1779
4575	A	A	49.6512	37	4	4	49.6512	6.33659e-06	3.4388e-05	6.33644e-06
4576	C	C	53.5881	37	4	4	6.33657e-06	53.5881	6.33646e-06	6.33651e-06
4577	G	G	37.4917	37	4	3	0.000723545	2.51446e-05	37.4917	2.51449e-05
4578	C	C	53.5881	37	4	4	6.33657e-06	53.5881	6.33646e-06	6.33651e-06
4579	A	A	38.9988	37	3	3	38.9988	0.000182304	0.000182302	0.0001823
4580	C	C	38.9988	37	3	3	0.000182303	38.9988	0.0001823	0.000182301
4581	G	G	38.9988	37	3	3	0.000182302	0.0001823	38.9988	0.000182304
4582	T	T	38.9988	37	3	3	0.0001823	0.000182301	0.000182303	38.9988
4583	G	G	38.9988	37	3	3	0.000182302	0.0001823	38.9988	0.000182304
4584	T	T	38.9988	37	3	3	0.0001823	0.000182301	0.000182303	38.9988
4585	A	A	38.9988	37	3	3	38.9988	0.000182304	0.000182302	0.0001823
4586	C	C	38.9988	37	3	3	0.000182303	38.9988	0.0001823	0.000182301
4587	G	G	20.3376	37	3	2	0.0377332	0.00130593	20.3376	0.00130594
4588	C	C	38.9988	37	3	3	0.000182303	38.9988	0.0001823	0.000182301
4589	A	A	27.3103	37	3	3	27.3103	0.000181988	0.00771074	0.000181985
4590	C	C	38.9988	37	3	3	0.000182303	38.9988	0.0001823	0.000182301
4591	G	G	22.1255	37	2	2	0.00888299	0.00888294	22.1255	0.00888303
4592	T	T	10.2493	37	1	1	0.138884	0.138885	0.138885	10.2493
4593	G	G	9.46124	37	1	1	0.167057	0.167057	9.46124	0.167057
4594	T	T	10.2493	37	1	1	0.138884	0.138885	0.138885	10.2493
4595	A	A	5.2583	37	1	1	5.2583	0.107278	1.24458	0.107278
4596	C	N	0	0	0	0	0.0	0.0	0.0	0.0
4597	G	N	0	0	0	0	0.0	0.0	0.0	0.0
4598	C	N	0	0	0	0	0.0	0.0	0.0	0.0
4599	A	N	0	0	0	0	0.0	0.0	0.0	0.0
4600	C	N	0	0	0	0	0.0	0.0	0.0	0.0
4601	G	N	0	0	0	0	0.0	0.0	0.0	0.0
4602	T	N	0	0	0	0	0.0	0.0	0.0	0.0
4603	G	N	0	0	0	0	0.0	0.0	0.0	0.0
4604	T	N	0	0	0	0	0.0	0.0	0.0	0.0
4605	A	N	0	0	0	0	0.0	0.0	0.0	0.0
4606	C	N	0	0	0	0	0.0	0.0	0.0	0.0
4607	G	N	0	0	0	0	0.0	0.0	0.0	0.0
4608	C	N	0	0	0	0	0.0	0.0	0.0	0.0
4609	A	N	0	0	0	0	0.0	0.0	0.0	0.0
4610	C	N	0	0	0	0	0.0	0.0	0.0	0.0
4611	G	N	0	0	0	0	0.0	0.0	0.0	0.0
4612	T	N	0	0	0	0	0.0	0.0	0.0	0.0
4613	G	N	0	0	0	0	0.0	0.0	0.0	0.0
4614	T	N	0	0	0	0	0.0	0.0	0.0	0.0
4615	A	N	0	0	0	0	0.0	0.0	0.0	0.0
4616	C	N	0	0	0	0	0.0	0.0	0.0	0.0
4617	G	N	0	0	0	0	0.0	0.0	0.0	0.0
4618	C	N	0	0	0	0	0.0	0.0	0.0	0.0
4619	A	N	0	0	0	0	0.0	0.0	0.0	0.0
4620	C	N	0	0	0	0	0.0	0.0	0.0	0.0
4621	G	N	0	0	0	0	0.0	0.0	0.0	0.0
4622	T	N	0	0	0	0	0.0	0.0	0.0	0.0
4623	G	N	0	0	0	0	0.0	0.0	0.0	0.0
4624	T	N	0	0	0	0	0.0	0.0	0.0	0.0
4625	A	N	0	0	0	0	0.0	0.0	0.0	0.0
4626	C	N	0	0	0	0	0.0	0.0	0.0	0.0
4627	G	N	0	0	0	0	0.0	0.0	0.0	0.0
4628	C	N	0	0	0	0	0.0	0.0	0.0	0.0
4629	A	N	0	0	0	0	0.0	0.0	0.0	0.0
4630	C	N	0	0	0	0	0.0	0.0	0.0	0.0
4631	G	N	0	0	0	0	0.0	0.0	0.0	0.0
4632	T	N	0	0	0	0	0.0	0.0	0.0	0.0
4633	G	N	0	0	0	0	0.0	0.0	0.0	0.0
4634	T	N	0	0	0	0	0.0	0.0	0.0	0.0
4635	A	N	0	0	0	0	0.0	0.0	0.0	0.0
4636	C	N	0	0	0	0	0.0	0.0	0.0	0.0
4637	G	N	0	0	0	0	0.0	0.0	0.0	0.0
4638	C	N	0	0	0	0	0.0	0.0	0.0	0.0
4639	A	N	0	0	0	0	0.0	0.0	0.0	0.0
4640	C	N	0	0	0	0	0.0	0.0	0.0	0.0
4641	G	N	0	0	0	0	0.0	0.0	0.0	0.0
4642	T	N	0	0	0	0	0.0	0.0	0.0	0.0
4643	G	N	0	0	0	0	0.0	0.0	0.0	0.0
4644	T	N	0	0	0	0	0.0	0.0	0.0	0.0
4645	A	N	0	0	0	0	0.0	0.0	0.0	0.0
4646	C	N	0	0	0	0	0.0	0.0	0.0	0.0
4647	G	N	0	0	0	0	0.0	0.0	0.0	0.0
4648	C	N	0	0	0	0	0.0	0.0	0.0	0.0
4649	A	N	0	0	0	0	0.0	0.0	0.0	0.0
4650	C	N	0	0	0	0	0.0	0.0	0.0	0.0
4651	G	N	0	0	0	0	0.0	0.0	0.0	0.0
4652	T	N	0	0	0	0	0.0	0.0	0.0	0.0
4653	G	N	0	0	0	0	0.0	0.0	0.0	0.0
4654	T	N	0	0	0	0	0.0	0.0	0.0	0.0
4655	A	N	0	0	0	0	0.0	0.0	0.0	0.0
4656	C	N	0	0	0	0	0.0	0.0	0.0	0.0
4657	G	N	0	0	0	0	0.0	0.0	0.0	0.0
4658	C	N	0	0	0	0	0.0	0.0	0.0	0.0
4659	A	N	0	0	0	0	0.0	0.0	0.0	0.0
4660	C	N	0	0	0	0	0.0	0.0	0.0	0.0
4661	G	N	0	0	0	0	0.0	0.0	0.0	0.0
4662	T	N	0	0	0	0	0.0	0.0	0.0	0.0
4663	G	N	0	0	0	0	0.0	0.0	0.0	0.0
4664	T	N	0	0	0	0	0.0	0.0	0.0	0.0
4665	A	N	0	0	0	0	0.0	0.0	0.0	0.0
4666	C	N	0	0	0	0	0.0	0.0	0.0	0.0
4667	G	N	0	0	0	0	0.0	0.0	0.0	0.0
4668	C	N	0	0	0	0	0.0	0.0	0.0	0.0
4669	A	N	0	0	0	0	0.0	0.0	0.0	0.0
4670	C	N	0	0	0	0	0.0	0.0	0.0	0.0
4671	G	N	0	0	0	0	0.0	0.0	0.0	0.0
4672	T	N	0	0	0	0	0.0	0.0	0.0	0.0
4673	G	N	0	0	0	0	0.0	0.0	0.0	0.0
4674	T	N	0	0	0	0	0.0	0.0	0.0	0.0
4675	A	N	0	0	0	0	0.0	0.0	0.0	0.0
4676	C	N	0	0	0	0	0.0	0.0	0.0	0.0
4677	G	N	0	0	0	0	0.0	0.0	0.0	0.0
4678	C	N	0	0	0	0	0.0	0.0	0.0	0.0
4679	A	N	0	0	0	0	0.0	0.0	0.0	0.0
4680	C	N	0	0	0	0	0.0	0.0	0.0	0.0
4681	G	N	0	0	0	0	0.0	0.0	0.0	0.0
4682	T	N	0	0	0	0	0.0	0.0	0.0	0.0
4683	G	N	0	0	0	0	0.0	0.0	0.0	0.0
4684	T	N	0	0	0	0	0.0	0.0	0.0	0.0
4685	A	N	0	0	0	0	0.0	0.0	0.0	0.0
4686	C	N	0	0	0	0	0.0	0.0	0.0	0.0
4687	G	N	0	0	0	0	0.0	0.0	0.0	0.0
4688	C	N	0	0	0	0	0.0	0.0	0.0	0.0
4689	A	N	0	0	0	0	0.0	0.0	0.0	0.0
4690	C	N	0	0	0	0	0.0	0.0	0.0	0.0
4691	G	N	0	0	0	0	0.0	0.0	0.0	0.0
4692	T	N	0	0	0	0	0.0	0.0	0.0	0.0
4693	G	N	0	0	0	0	0.0	0.0	0.0	0.0
4694	T	N	0	0	0	0	0.0	0.0	0.0	0.0
4695	A	N	0	0	0	0	0.0	0.0	0.0	0.0
4696	C	N	0	0	0	0	0.0	0.0	0.0	0.0
4697	G	N	0	0	0	0	0.0	0.0	0.0	0.0
4698	C	N	0	0	0	0	0.0	0.0	0.0	0.0
4699	A	N	0	0	0	0	0.0	0.0	0.0	0.0
4700	C	N	0	0	0	0	0.0	0.0	0.0	0.0
4701	G	N	0	0	0	0	0.0	0.0	0.0	0.0
4702	T	N	0	0	0	0	0.0	0.0	0.0	0.0
4703	G	N	0	0	0	0	0.0	0.0	0.0	0.0
4704	T	N	0	0	0	0	0.0	0.0	0.0	0.0
4705	A	N	0	0	0	0	0.0	0.0	0.0	0.0
4706	C	N	0	0	0	0	0.0	0.0	0.0	0.0
4707	G	N	0	0	0	0	0.0	0.0	0.0	0.0
4708	C	N	0	0	0	0	0.0	0.0	0.0	0.0
4709	A	N	0	0	0	0	0.0	0.0	0.0	0.0
4710	C	N	0	0	0	0	0.0	0.0	0.0	0.0
4711	G	N	0	0	0	0	0.0	0.0	0.0	0.0
4712	T	N	0	0	0	0	0.0	0.0	0.0	0.0
4713	G	N	0	0	0	0	0.0	0.0	0.0	0.0
4714	T	N	0	0	0	0	0.0	0.0	0.0	0.0
4715	A	N	0	0	0	0	0.0	0.0	0.0	0.0
4716	C	N	0	0	0	0	0.0	0.0	0.0	0.0
4717	G	N	0	0	0	0	0.0	0.0	0.0	0.0
4718	C	N	0	0	0	0	0.0	0.0	0.0	0.0
4719	A	N	0	0	0	0	0.0	0.0	0.0	0.0
4720	C	N	0	0	0	0	0.0	0.0	0.0	0.0
4721	G	N	0	0	0	0	0.0	0.0	0.0	0.0
4722	T	N	0	0	0	0	0.0	0.0	0.0	0.0
4723	G	N	0	0	0	0	0.0	0.0	0.0	0.0
4724	T	N	0	0	0	0	0.0	0.0	0.0	0.0
4725	A	N	0	0	0	0	0.0	0.0	0.0	0.0
4726	C	N	0	0	0	0	0.0	0.0	0.0	0.0
4727	G	N	0	0	0	0	0.0	0.0	0.0	0.0
4728	C	N	0	0	0	0	0.0	0.0	0.0	0.0
4729	A	N	0	0	0	0	0.0	0.0	0.0	0.0
4730	C	N	0	0	0	0	0.0	0.0	0.0	0.0
4731	G	N	0	0	0	0	0.0	0.0	0.0	0.0
4732	T	N	0	0	0	0	0.0	0.0	0.0	0.0
4733	G	N	0	0	0	0	0.0	0.0	0.0	0.0
4734	T	N	0	0	0	0	0.0	0.0	0.0	0.0
4735	A	N	0	0	0	0	0.0	0.0	0.0	0.0
4736	C	N	0	0	0	0	0.0	0.0	0.0	0.0
4737	G	N	0	0	0	0	0.0	0.0	0.0	0.0
4738	C	N	0	0	0	0	0.0	0.0	0.0	0.0
4739	A	N	0	0	0	0	0.0	0.0	0.0	0.0
4740	C	N	0	0	0	0	0.0	0.0	0.0	0.0
4741	G	N	0	0	0	0	0.0	0.0	0.0	0.0
4742	T	N	0	0	0	0	0.0	0.0	0.0	0.0
4743	G	N	0	0	0	0	0.0	0.0	0.0	0.0
4744	T	N	0	0	0	0	0.0	0.0	0.0	0.0
4745	A	N	0	0	0	0	0.0	0.0	0.0	0.0
4746	C	N	0	0	0	0	0.0	0.0	0.0	0.0
4747	G	N	0	0	0	0	0.0	0.0	0.0	0.0
4748	C	N	0	0	0	0	0.0	0.0	0.0	0.0
4749	A	N	0	0	0	0	0.0	0.0	0.0	0.0
4750	C	N	0	0	0	0	0.0	0.0	0.0	0.0
4751	G	N	0	0	0	0	0.0	0.0	0.0	0.0
4752	T	N	0	0	0	0	0.0	0.0	0.0	0.0
4753	G	N	0	0	0	0	0.0	0.0	0.0	0.0
4754	T	N	0	0	0	0	0.0	0.0	0.0	0.0
4755	A	N	0	0	0	0	0.0	0.0	0.0	0.0
4756	C	N	0	0	0	0	0.0	0.0	0.0	0.0
4757	G	N	0	0	0	0	0.0	0.0	0.0	0.0
4758	C	N	0	0	0	0	0.0	0.0	0.0	0.0
4759	A	N	0	0	0	0	0.0	0.0	0.0	0.0
4760	C	N	0	0	0	0	0.0	0.0	0.0	0.0
4761	G	N	0	0	0	0	0.0	0.0	0.0	0.0
4762	T	N	0	0	0	0	0.0	0.0	0.0	0.0
4763	G	N	0	0	0	0	0.0	0.0	0.0	0.0
4764	T	N	0	0	0	0	0.0	0.0	0.0	0.0
4765	A	N	0	0	0	0	0.0	0.0	0.0	0.0
4766	C	N	0	0	0	0	0.0	0.0	0.0	0.0
4767	G	N	0	0	0	0	0.0	0.0	0.0	0.0
4768	C	N	0	0	0	0	0.0	0.0	0.0	0.0
4769	A	N	0	0	0	0	0.0	0.0	0.0	0.0
4770	C	N	0	0	0	0	0.0	0.0	0.0	0.0
4771	G	N	0	0	0	0	0.0	0.0	0.0	0.0
4772	T	N	0	0	0	0	0.0	0.0	0.0	0.0
4773	G	N	0	0	0	0	0.0	0.0	0.0	0.0
4774	T	N	0	0	0	0	0.0	0.0	0.0	0.0
4775	A	N	0	0	0	0	0.0	0.0	0.0	0.0
4776	C	N	0	0	0	0	0.0	0.0	0.0	0.0
4777	G	N	0	0	0	0	0.0	0.0	0.0	0.0
4778	C	N	0	0	0	0	0.0	0.0	0.0	0.0
4779	A	N	0	0	0	0	0.0	0.0	0.0	0.0
4780	C	N	0	0	0	0	0.0	0.0	0.0	0.0
4781	G	N	0	0	0	0	0.0	0.0	0.0	0.0
4782	T	N	0	0	0	0	0.0	0.0	0.0	0.0
4783	G	N	0	0	0	0	0.0	0.0	0.0	0.0
4784	T	N	0	0	0	0	0.0	0.0	0.0	0.0
4785	A	N	0	0	0	0	0.0	0.0	0.0	0.0
4786	C	N	0	0	0	0	0.0	0.0	0.0	0.0
4787	G	N	0	0	0	0	0.0	0.0	0.0	0.0
4788	C	N	0	0	0	0	0.0	0.0	0.0	0.0
4789	A	N	0	0	0	0	0.0	0.0	0.0	0.0
4790	C	N	0	0	0	0	0.0	0.0	0.0	0.0
4791	G	N	0	0	0	0	0.0	0.0	0.0	0.0
4792	T	N	0	0	0	0	0.0	0.0	0.0	0.0
4793	G	N	0	0	0	0	0.0	0.0	0.0	0.0
4794	T	N	0	0	0	0	0.0	0.0	0.0	0.0
4795	A	N	0	0	0	0	0.0	0.0	0.0	0.0
4796	C	N	0	0	0	0	0.0	0.0	0.0	0.0
4797	G	N	0	0	0	0	0.0	0.0	0.0	0.0
4798	C	N	0	0	0	0	0.0	0.0	0.0	0.0
4799	A	N	0	0	0	0	0.0	0.0	0.0	0.0
4800	C	N	0	0	0	0	0.0	0.0	0.0	0.0
4801	G	N	0	0	0	0	0.0	0.0	0.0	0.0
4802	T	N	0	0	0	0	0.0	0.0	0.0	0.0
4803	G	N	0	0	0	0	0.0	0.0	0.0	0.0
4804	T	N	0	0	0	0	0.0	0.0	0.0	0.0
4805	A	N	0	0	0	0	0.0	0.0	0.0	0.0
4806	C	N	0	0	0	0	0.0	0.0	0.0	0.0
4807	G	N	0	0	0	0	0.0	0.0	0.0	0.0
4808	C	N	0	0	0	0	0.0	0.0	0.0	0.0
4809	A	N	0	0	0	0	0.0	0.0	0.0	0.0
4810	C	N	0	0	0	0	0.0	0.0	0.0	0.0
4811	G	N	0	0	0	0	0.0	0.0	0.0	0.0
4812	T	N	0	0	0	0	0.0	0.0	0.0	0.0
4813	G	N	0	0	0	0	0.0	0.0	0.0	0.0
4814	T	N	0	0	0	0	0.0	0.0	0.0	0.0
4815	A	N	0	0	0	0	0.0	0.0	0.0	0.0
4816	C	N	0	0	0	0	0.0	0.0	0.0	0.0
4817	G	N	0	0	0	0	0.0	0.0	0.0	0.0
4818	C	N	0	0	0	0	0.0	0.0	0.0	0.0
4819	A	N	0	0	0	0	0.0	0.0	0.0	0.0
4820	C	N	0	0	0	0	0.0	0.0	0.0	0.0
4821	G	N	0	0	0	0	0.0	0.0	0.0	0.0
4822	T	N	0	0	0	0	0.0	0.0	0.0	0.0
4823	G	N	0	0	0	0	0.0	0.0	0.0	0.0
4824	T	N	0	0	0	0	0.0	0.0	0.0	0.0
4825	A	N	0	0	0	0	0.0	0.0	0.0	0.0
4826	C	N	0	0	0	0	0.0	0.0	0.0	0.0
4827	G	N	0	0	0	0	0.0	0.0	0.0	0.0
4828	C	N	0	0	0	0	0.0	0.0	0.0	0.0
4829	A	N	0	0	0	0	0.0	0.0	0.0	0.0
4830	C	N	0	0	0	0	0.0	0.0	0.0	0.0
4831	G	N	0	0	0	0	0.0	0.0	0.0	0.0
4832	T	N	0	0	0	0	0.0	0.0	0.0	0.0
4833	G	N	0	0	0	0	0.0	0.0	0.0	0.0
4834	T	N	0	0	0	0	0.0	0.0	0.0	0.0
4835	A	N	0	0	0	0	0.0	0.0	0.0	0.0
4836	C	N	0	0	0	0	0.0	0.0	0.0	0.0
4837	G	N	0	0	0	0	0.0	0.0	0.0	0.0
4838	C	N	0	0	0	0	0.0	0.0	0.0	0.0
4839	A	N	0	0	0	0	0.0	0.0	0.0	0.0
4840	C	N	0	0	0	0	0.0	0.0	0.0	0.0
4841	G	N	0	0	0	0	0.0	0.0	0.0	0.0
4842	T	N	0	0	0	0	0.0	0.0	0.0	0.0
4843	G	N	0	0	0	0	0.0	0.0	0.0	0.0
4844	T	N	0	0	0	0	0.0	0.0	0.0	0.0
4845	A	N	0	0	0	0	0.0	0.0	0.0	0.0
4846	C	N	0	0	0	0	0.0	0.0	0.0	0.0
4847	G	N	0	0	0	0	0.0	0.0	0.0	0.0
4848	C	N	0	0	0	0	0.0	0.0	0.0	0.0
4849	A	N	0	0	0	0	0.0	0.0	0.0	0.0
4850	C	N	0	0	0	0	0.0	0.0	0.0	0.0
4851	G	N	0	0	0	0	0.0	0.0	0.0	0.0
4852	T	N	0	0	0	0	0.0	0.0	0.0	0.0
4853	G	N	0	0	0	0	0.0	0.0	0.0	0.0
4854	T	N	0	0	0	0	0.0	0.0	0.0	0.0
4855	A	N	0	0	0	0	0.0	0.0	0.0	0.0
4856	C	N	0	0	0	0	0.0	0.0	0.0	0.0
4857	G	N	0	0	0	0	0.0	0.0	0.0	0.0
4858	C	N	0	0	0	0	0.0	0.0	0.0	0.0
4859	A	N	0	0	0	0	0.0	0.0	0.0	0.0
4860	C	N	0	0	0	0	0.0	0.0	0.0	0.0
4861	G	N	0	0	0	0	0.0	0.0	0.0	0.0
4862	T	N	0	0	0	0	0.0	0.0	0.0	0.0
4863	G	N	0	0	0	0	0.0	0.0	0.0	0.0
4864	T	N	0	0	0	0	0.0	0.0	0.0	0.0
4865	A	N	0	0	0	0	0.0	0.0	0.0	0.0
4866	C	N	0	0	0	0	0.0	0.0	0.0	0.0
4867	G	N	0	0	0	0	0.0	0.0	0.0	0.0
4868	C	N	0	0	0	0	0.0	0.0	0.0	0.0
4869	A	N	0	0	0	0	0.0	0.0	0.0	0.0
4870	C	N	0	0	0	0	0.0	0.0	0.0	0.0
4871	G	N	0	0	0	0	0.0	0.0	0.0	0.0
4872	T	N	0	0	0	0	0.0	0.0	0.0	0.0
4873	G	N	0	0	0	0	0.0	0.0	0.0	0.0
4874	T	N	0	0	0	0	0.0	0.0	0.0	0.0
4875	A	N	0	0	0	0	0.0	0.0	0.0	0.0
4876	C	N	0	0	0	0	0.0	0.0	0.0	0.0
4877	G	N	0	0	0	0	0.0	0.0	0.0	0.0
4878	C	N	0	0	0	0	0.0	0.0	0.0	0.0
4879	A	N	0	0	0	0	0.0	0.0	0.0	0.0
4880	C	N	0	0	0	0	0.0	0.0	0.0	0.0
4881	G	N	0	0	0	0	0.0	0.0	0.0	0.0
4882	T	N	0	0	0	0	0.0	0.0	0.0	0.0
4883	G	N	0	0	0	0	0.0	0.0	0.0	0.0
4884	T	N	0	0	0	0	0.0	0.0	0.0	0.0
4885	A	N	0	0	0	0	0.0	0.0	0.0	0.0
4886	C	N	0	0	0	0	0.0	0.0	0.0	0.0
4887	G	N	0	0	0	0	0.0	0.0	0.0	0.0
4888	C	N	0	0	0	0	0.0	0.0	0.0	0.0
4889	A	N	0	0	0	0	0.0	0.0	0.0	0.0
4890	C	N	0	0	0	0	0.0	0.0	0.0	0.0
4891	G	N	0	0	0	0	0.0	0.0	0.0	0.0
4892	T	N	0	0	0	0	0.0	0.0	0.0	0.0
4893	G	N	0	0	0	0	0.0	0.0	0.0	0.0
4894	T	N	0	0	0	0	0.0	0.0	0.0	0.0
4895	A	N	0	0	0	0	0.0	0.0	0.0	0.0
4896	C	N	0	0	0	0	0.0	0.0	0.0	0.0
4897	G	N	0	0	0	0	0.0	0.0	0.0	0.0
4898	C	N	0	0	0	0	0.0	0.0	0.0	0.0
4899	A	N	0	0	0	0	0.0	0.0	0.0	0.0
4900	C	N	0	0	0	0	0.0	0.0	0.0	0.0
4901	G	N	0	0	0	0	0.0	0.0	0.0	0.0
4902	T	N	0	0	0	0	0.0	0.0	0.0	0.0
4903	G	N	0	0	0	0	0.0	0.0	0.0	0.0
4904	T	N	0	0	0	0	0.0	0.0	0.0	0.0
4905	A	N	0	0	0	0	0.0	0.0	0.0	0.0
4906	C	N	0	0	0	0	0.0	0.0	0.0	0.0
4907	G	N	0	0	0	0	0.0	0.0	0.0	0.0
4908	C	N	0	0	0	0	0.0	0.0	0.0	0.0
4909	A	N	0	0	0	0	0.0	0.0	0.0	0.0
4910	C	N	0	0	0	0	0.0	0.0	0.0	0.0
4911	G	N	0	0	0	0	0.0	0.0	0.0	0.0
4912	T	N	0	0	0	0	0.0	0.0	0.0	0.0
4913	G	N	0	0	0	0	0.0	0.0	0.0	0.0
4914	T	N	0	0	0	0	0.0	0.0	0.0	0.0
4915	A	N	0	0	0	0	0.0	0.0	0.0	0.0
4916	C	N	0	0	0	0	0.0	0.0	0.0	0.0
4917	G	N	0	0	0	0	0.0	0.0	0.0	0.0
4918	C	N	0	0	0	0	0.0	0.0	0.0	0.0
4919	A	N	0	0	0	0	0.0	0.0	0.0	0.0
4920	C	N	0	0	0	0	0.0	0.0	0.0	0.0
4921	G	N	0	0	0	0	0.0	0.0	0.0	0.0
4922	T	N	0	0	0	0	0.0	0.0	0.0	0.0
4923	G	N	0	0	0	0	0.0	0.0	0.0	0.0
4924	T	N	0	0	0	0	0.0	0.0	0.0	0.0
4925	A	N	0	0	0	0	0.0	0.0	0.0	0.0
4926	C	N	0	0	0	0	0.0	0.0	0.0	0.0
4927	G	N	0	0	0	0	0.0	0.0	0.0	0.0
4928	C	N	0	0	0	0	0.0	0.0	0.0	0.0
4929	A	N	0	0	0	0	0.0	0.0	0.0	0.0
4930	C	N	0	0	0	0	0.0	0.0	0.0	0.0
4931	G	N	0	0	0	0	0.0	0.0	0.0	0.0
4932	T	N	0	0	0	0	0.0	0.0	0.0	0.0
4933	G	N	0	0	0	0	0.0	0.0	0.0	0.0
4934	T	N	0	0	0	0	0.0	0.0	0.0	0.0
4935	A	N	0	0	0	0	0.0	0.0	0.0	0.0
4936	C	N	0	0	0	0	0.0	0.0	0.0	0.0
4937	G	N	0	0	0	0	0.0	0.0	0.0	0.0
4938	C	N	0	0	0	0	0.0	0.0	0.0	0.0
4939	A	N	0	0	0	0	0.0	0.0	0.0	0.0
4940	C	N	0	0	0	0	0.0	0.0	0.0	0.0
4941	G	N	0	0	0	0	0.0	0.0	0.0	0.0
4942	T	N	0	0	0	0	0.0	0.0	0.0	0.0
4943	G	N	0	0	0	0	0.0	0.0	0.0	0.0
4944	T	N	0	0	0	0	0.0	0.0	0.0	0.0
4945	A	N	0	0	0	0	0.0	0.0	0.0	0.0
4946	C	N	0	0	0	0	0.0	0.0	0.0	0.0
4947	G	N	0	0	0	0	0.0	0.0	0.0	0.0
4948	C	C	8.77397	37	1	1	0.196358	8.77397	0.196356	0.196357
4949	A	A	10.2493	37	1	1	10.2493	0.138885	0.138884	0.138884
4950	C	C	9.5317	37	1	1	0.164318	9.5317	0.164317	0.164317
4951	G	G	10.2494	37	1	1	0.138884	0.138884	10.2494	0.138885
4952	T	T	7.23602	37	1	1	0.124174	0.617795	0.124175	7.23602
4953	G	G	10.2494	37	1	1	0.138884	0.138884	10.2494	0.138885
4954	T	T	10.2493	37	1	1	0.138884	0.138885	0.138885	10.2493
4955	A	A	10.2493	37	1	1	10.2493	0.138885	0.138884	0.138884
4956	C	C	10.2307	37	1	1	0.139666	10.2307	0.139285	0.139522
4957	G	G	10.2494	37	1	1	0.138884	0.138884	10.2494	0.138885
4958	C	C	10.2493	37	1	1	0.138885	10.2493	0.138884	0.138885
4959	A	A	10.2493	37	1	1	10.2493	0.138885	0.138884	0.138884
4960	C	C	10.2493	37	1	1	0.138885	10.2493	0.138884	0.138885
4961	G	G	10.2494	37	1	1	0.138884	0.138884	10.2494	0.138885
4962	T	T	10.2493	37	1	1	0.138884	0.138885	0.138885	10.2493
4963	G	G	10.2494	37	1	1	0.138884	0.138884	10.2494	0.138885
4964	T	T	10.2493	37	1	1	0.138884	0.138885	0.138885	10.2493
4965	A	A	24.4242	37	2	2	24.4242	0.00523013	0.00523008	0.00523007
4966	C	C	36.2732	37	3	3	0.000341477	36.2732	0.00034147	0.000341475
4967	G	G	38.9988	37	3	3	0.0001823	0.0001823	38.9988	0.000182302
4968	C	C	33.7729	37	4	3	5.9202e-05	33.7729	5.92012e-05	0.00170372
4969	A	A	53.5881	37	4	4	53.5881	6.33661e-06	6.3365e-06	6.33647e-06
4970	C	C	27.4972	37	4	3	0.000251137	27.4972	0.000251133	0.00723168
4971	G	G	53.5881	37	4	4	6.33649e-06	6.33646e-06	53.5881	6.33656e-06
4972	T	T	50.0959	37	4	4	6.33644e-06	2.98082e-05	6.3366e-06	50.0959
4973	G	G	53.5881	37	4	4	6.33658e-06	6.33654e-06	53.5881	6.33669e-06
4974	T	T	53.5881	37	4	4	6.33649e-06	6.33657e-06	6.33665e-06	53.5881
4975	A	A	53.5881	37	4	4	53.5881	6.33661e-06	6.3365e-06	6.33647e-06
4976	C	C	53.5881	37	4	4	6.33666e-06	53.5881	6.33649e-06	6.3366e-06
4977	G	G	53.5877	37	4	4	6.33705e-06	6.33695e-06	53.5877	6.33731e-06
4978	C	C	53.5881	37	4	4	6.33666e-06	53.5881	6.33649e-06	6.3366e-06
4979	A	A	53.5881	37	4	4	53.5881	6.33661e-06	6.3365e-06	6.33647e-06
4980	C	C	53.5881	37	4	4	6.33666e-06	53.5881	6.33649e-06	6.3366e-06
4981	G	G	53.5881	37	4	4	6.33648e-06	6.33645e-06	53.5881	6.33655e-06
4982	T	T	62.1028	37	5	5	2.20224e-07	2.23563e-06	2.20231e-07	62.1028
4983	G	G	68.178	37	5	5	2.20225e-07	2.20223e-07	68.178	2.20227e-07
4984	T	T	64.0062	37	5	5	2.20228e-07	1.28603e-06	2.20238e-07	64.0062
4985	A	A	68.1778	37	5	5	68.1778	2.20237e-07	2.20229e-07	2.20228e-07
4986	C	C	67.5794	37	5	5	2.52774e-07	67.5794	2.52766e-07	2.52771e-07
4987	G	G	68.178	37	5	5	2.20225e-07	2.20224e-07	68.178	2.20228e-07
4988	C	C	68.1779	37	5	5	2.20233e-07	68.1779	2.20225e-07	2.2023e-07
4989	A	A	68.1779	37	5	5	68.1779	2.2023e-07	2.20225e-07	2.20224e-07
4990	C	C	68.1779	37	5	5	2.20233e-07	68.1779	2.20225e-07	2.2023e-07
4991	G	G	82.7677	37	6	6	7.65402e-09	7.65395e-09	82.7677	7.65418e-09
4992	T	T	77.8777	37	6	6	7.65389e-09	5.54884e-08	7.65416e-09	77.8777
4993	G	G	111.946	37	8	8	9.24742e-12	9.24702e-12	111.946	9.24837e-12
4994	T	T	92.2103	37	8	8	9.24516e-12	2.59219e-09	9.2456e-12	92.2103
4995	A	A	111.947	37	8	8	111.947	9.24585e-12	9.24545e-12	9.24531e-12
4996	C	C	106.832	37	9	8	2.92694e-12	106.832	2.92681e-12	8.42149e-11
4997	G	G	126.537	37	9	9	3.21316e-13	3.21313e-13	126.537	3.21324e-13
4998	C	C	125.737	37	9	9	3.86309e-13	125.737	3.86287e-13	3.863e-13
4999	A	A	126.537	37	9	9	126.537	3.21331e-13	3.21318e-13	3.21315e-13
5000	C	C	125.939	37	9	9	3.68815e-13	125.939	3.68794e-13	3.68807e-13
5001	G	G	126.537	37	9	9	3.21316e-13	3.21313e-13	126.537	3.21324e-13
5002	T	T	135.03	37	10	10	1.11673e-14	1.14046e-13	1.11681e-14	135.03
5003	G	G	141.127	37	10	10	1.11673e-14	1.11673e-14	141.127	1.11676e-14
5004	T	T	136.721	37	10	10	1.11697e-14	7.00557e-14	1.11724e-14	136.721
5005	A	A	170.307	37	12	12	170.307	1.35525e-17	1.35525e-17	1.35525e-17
5006	C	C	167.556	37	12	12	2.54788e-17	167.556	2.54788e-17	2.54788e-17
5007	G	G	184.897	37	13	13	5.42101e-19	5.42101e-19	184.897	5.42101e-19
5008	C	C	149.819	37	14	12	6.50521e-18	149.819	6.50521e-18	4.51679e-15
5009	A	A	214.076	37	15	15	214.076	0	0	0
5010	C	C	211.511	37	15	15	0	211.511	0	0
5011	G	G	214.076	37	15	15	0	0	214.076	0
5012	T	T	204.61	37	15	15	0	0	0	204.61
5013	G	G	214.076	37	15	15	0	0	214.076	0
5014	T	T	232.335	37	18	18	0	0	0	232.335
5015	A	A	286.933	37	20	20	286.933	0	0	0
5016	C	C	282.261	37	20	20	0	282.261	0	0
5017	G	G	301.615	37	21	21	0	0	301.615	0
5018	C	C	277.895	37	22	20	0	277.895	0	0
5019	A	A	345.385	37	24	24	345.385	0	0	0
5020	C	C	326.722	37	24	23	0	326.722	0	0
5021	G	G	359.974	37	25	25	0	0	359.974	0
5022	T	T	334.891	37	25	25	0	0	0	334.891
5023	G	G	389.154	37	27	27	0	0	389.154	0
5024	T	T	369.417	37	27	27	0	0	0	369.417
5025	A	A	432.924	37	30	30	432.924	0	0	0
5026	C	C	411.71	37	30	29	0	411.71	0	0
5027	G	G	447.513	37	31	31	0	0	447.513	0
5028	C	C	483.103	37	34	34	0	483.103	0	0
5029	A	A	520.463	37	36	36	520.463	0	0	0
5030	C	C	480.829	37	36	34	0	480.829	0	0
5031	G	G	535.052	37	37	37	0	0	535.052	0
5032	T	T	518.949	37	42	42	0	0	0	518.949
5033	G	G	680.951	37	47	47	0	0	680.951	0
5034	T	T	597.202	37	47	47	0	0	0	597.202
5035	A	A	680.95	37	47	47	680.95	0	0	0
5036	C	C	654.012	37	49	47	0	654.012	0	0
5037	G	G	724.72	37	50	50	0	0	724.72	0
5038	C	C	668.482	37	50	48	0	668.482	0	0
5039	A	A	739.31	37	51	51	739.31	0	0	0
5040	A	A	739.31	37	51	51	739.31	0	0	0
5041	G	G	753.899	37	52	52	0	0	753.899	0
5042	T	T	742.578	37	52	52	0	0	0	742.578
5043	G	G	797.661	37	55	55	0	0	797.661	0
5044	T	T	774.069	37	56	56	0	0	0	774.069
5045	A	A	825.268	37	58	58	825.268	0	0	0
5046	C	C	800.65	36.0397	60	57	0	800.65	0	0
5047	G	G	856.309	36.0538	61	60	0	0	856.309	0
5048	G	G	854.587	36.0538	61	60	0	0	854.587	0
5049	A	A	846.007	36.0538	61	61	846.007	0	0	0
5050	A	A	828.396	36.0397	60	60	828.396	0	0	0
5051	G	G	841.345	36.0675	62	60	0	0	841.345	0
5052	T	T	871.832	36.1187	66	66	0	0	0	871.832
5053	G	G	919.738	36.1064	65	64	0	0	919.738	0
5054	T	T	894.669	36.1422	68	68	0	0	0	894.669
5055	A	A	888.378	36.1187	66	66	888.378	0	0	0
5056	A	A	918.669	36.1535	69	69	918.669	0	0	0
5057	G	G	936.431	36.1535	69	66	0	0	936.431	0
5058	G	G	934.759	36.1064	65	65	0	0	934.759	0
5059	G	G	912.856	36.1187	66	64	0	0	912.856	0
5060	T	T	859.84	36.0675	62	62	0	0	0	859.84
5061	A	A	846.844	36.0809	63	63	846.844	0	0	0
5062	A	A	847.681	36.0675	62	62	847.681	0	0	0
5063	G	G	833.547	36.0675	62	59	0	0	833.547	0
5064	C	C	877.981	36.0675	62	61	0	877.981	0	0
5065	A	A	851.582	36.0809	63	63	851.582	0	0	0
5066	A	A	827.67	37	60	60	827.67	0	0	0
5067	G	G	840.795	37	62	59	0	0	840.795	0
5068	G	G	851.765	37	60	59	0	0	851.765	0
5069	G	G	839.752	37	58	58	0	0	839.752	0
5070	T	T	832.085	37	60	60	0	0	0	832.085
5071	T	T	826.902	37	60	60	0	0	0	826.902
5072	T	T	847.989	37	61	61	0	0	0	847.989
5073	T	T	866.292	37	64	64	0	0	0	866.292
5074	T	T	868.603	37	64	64	0	0	0	868.603
5075	A	A	901.962	37	64	64	901.962	0	0	0
5076	G	G	940.362	37	65	65	0	0	940.362	0
5077	A	A	908.78	37	65	65	908.78	0	0	0
5078	T	T	915.845	37	66	66	0	0	0	915.845
5079	T	T	895.758	37	66	66	0	0	0	895.758
5080	T	T	920.227	37	67	67	0	0	0	920.227
5081	T	T	932.127	37	68	68	0	0	0	932.127
5082	A	A	945.971	37	69	69	945.971	0	0	0
5083	A	A	943.969	37	67	67	943.969	0	0	0
5084	A	A	958.721	37	68	68	958.721	0	0	0
5085	C	C	992.861	37	69	69	0	992.861	0	0
5086	T	T	943.35	37	69	69	0	0	0	943.35
5087	A	A	953.678	37	69	69	953.678	0	0	0
5088	G	G	924.647	37	70	66	0	0	924.647	0
5089	C	C	970.424	37	72	69	0	970.424	0	0
5090	T	T	982.888	37	72	72	0	0	0	982.888
5091	T	T	975.009	37	72	72	0	0	0	975.009
5092	A	A	1034.41	37	74	74	1034.41	0	0	0
5093	A	A	1055.86	37	76	76	1055.86	0	0	0
5094	T	T	1026.77	37	77	77	0	0	0	1026.77
5095	C	C	1074.07	37	76	75	0	1074.07	0	0
5096	A	A	1071.49	37	77	77	1071.49	0	0	0
5097	A	A	1065.11	37	76	76	1065.11	0	0	0
5098	A	A	1056.46	37	78	78	1056.46	0	0	0
5099	C	C	1086.04	37	79	76	0	1086.04	0	0
5100	C	C	1165.67	37	82	81	0	1165.67	0	0
5101	C	C	1146.83	37	82	80	0	1146.83	0	0
5102	C	C	1113.74	37	81	78	0	1113.74	0	0
5103	C	C	1064.69	37	78	75	0	1064.69	0	0
5104	C	C	1079.07	37	76	75	0	1079.07	0	0
5105	T	T	1060.27	37	77	77	0	0	0	1060.27
5106	T	T	1081.93	37	80	80	0	0	0	1081.93
5107	A	A	1126.4	37	80	80	1126.4	0	0	0
5108	C	C	1149.16	37	82	80	0	1149.16	0	0
5109	C	C	1146.38	37	82	80	0	1146.38	0	0
5110	C	C	1121.77	37	82	79	0	1121.77	0	0
5111	C	C	1126.83	37	82	79	0	1126.83	0	0
5112	C	C	1183.32	37	83	82	0	1183.32	0	0
5113	C	C	1182.95	37	83	82	0	1182.95	0	0
5114	G	G	1162.03	37	86	82	0	0	1162.03	0
5115	T	T	1197.17	37	88	88	0	0	0	1197.17
5116	A	A	1181.05	37	85	85	1181.05	0	0	0
5117	A	A	1205.18	37	88	88	1205.18	0	0	0
5118	C	C	1239.02	37	87	86	0	1239.02	0	0
5119	T	T	1193.48	37	86	86	0	0	0	1193.48
5120	T	T	1192.67	37	85	85	0	0	0	1192.67
5121	C	C	1200.73	37	83	83	0	1200.73	0	0
5122	A	A	1142.81	37	83	83	1142.81	0	0	0
5123	A	A	1135.2	37	82	82	1135.2	0	0	0
5124	G	G	1123.03	37	80	78	0	0	1123.03	0
5125	G	G	1155.79	37	80	80	0	0	1155.79	0
5126	A	A	1100.21	37	79	79	1100.21	0	0	0
5127	G	G	1113.38	37	80	78	0	0	1113.38	0
5128	C	C	1134.92	37	81	79	0	1134.92	0	0
5129	T	T	1127.68	37	80	80	0	0	0	1127.68
5130	T	T	1116.71	37	82	82	0	0	0	1116.71
5131	A	A	1147.18	37	83	83	1147.18	0	0	0
5132	T	T	1134.8	37	86	86	0	0	0	1134.8
5133	G	G	1223.88	37	87	85	0	0	1223.88	0
5134	C	C	1142.83	37	87	82	0	1142.83	0	0
5135	A	A	1213.68	37	88	88	1213.68	0	0	0
5136	C	C	1199.56	37	88	85	0	1199.56	0	0
5137	A	A	1218.25	37	90	90	1218.25	0	0	0
5138	T	T	1226.91	37	89	89	0	0	0	1226.91
5139	T	T	1231.87	37	88	88	0	0	0	1231.87
5140	T	T	1193.91	37	85	85	0	0	0	1193.91
5141	A	A	1153.02	37	85	85	1153.02	0	0	0
5142	T	T	1162.99	37	82	82	0	0	0	1162.99
5143	G	G	1173.6	37	81	81	0	0	1173.6	0
5144	G	G	1135.15	37	83	80	0	0	1135.15	0
5145	A	A	1147.88	37	83	83	1147.88	0	0	0
5146	T	T	1141.1	37	82	82	0	0	0	1141.1
5147	G	G	1093.12	37	83	78	0	0	1093.12	0
5148	T	T	1168.01	37	84	84	0	0	0	1168.01
5149	C	C	1196.97	37	84	83	0	1196.97	0	0
5150	T	T	1139.57	37	82	82	0	0	0	1139.57
5151	T	T	1076.96	37	77	77	0	0	0	1076.96
5152	G	G	1080.12	37	76	75	0	0	1080.12	0
5153	C	C	1043.42	37	76	73	0	1043.42	0	0
5154	C	C	1112.71	37	77	77	0	1112.71	0	0
5155	A	A	1006.86	37	74	74	1006.86	0	0	0
5156	A	A	987.325	37	73	73	987.325	0	0	0
5157	A	A	984.497	37	74	74	984.497	0	0	0
5158	C	C	1016.18	37	74	71	0	1016.18	0	0
5159	C	C	977.502	37	72	69	0	977.502	0	0
5160	C	C	997.226	37	73	70	0	997.226	0	0
5161	C	C	1010.63	37	71	70	0	1010.63	0	0
5162	C	C	982.499	37	68	68	0	982.499	0	0
5163	A	A	926.714	37	67	67	926.714	0	0	0
5164	A	A	923.445	37	67	67	923.445	0	0	0
5165	A	A	903.275	37	67	67	903.275	0	0	0
5166	A	A	901.033	37	66	66	901.033	0	0	0
5167	C	C	951.721	37	66	66	0	951.721	0	0
5168	C	C	896.001	37	67	64	0	896.001	0	0
5169	A	A	875.665	37	64	64	875.665	0	0	0
5170	G	G	893.61	37	62	62	0	0	893.61	0
5171	G	G	851.274	37	62	60	0	0	851.274	0
5172	A	A	862.908	37	62	62	862.908	0	0	0
5173	T	T	874.11	37	61	61	0	0	0	874.11
5174	T	T	850.703	37	60	60	0	0	0	850.703
5175	A	A	823.16	37	59	59	823.16	0	0	0
5176	A	A	828.789	37	61	60	828.789	0	0	0
5177	T	T	864.46	37	63	63	0	0	0	864.46
5178	G	G	887.413	37	65	62	0	0	887.413	0
5179	G	G	910.929	37	63	63	0	0	910.929	0
5180	A	A	888.265	37	64	64	888.265	0	0	0
5181	C	C	894.018	37	65	63	0	894.018	0	0
5182	A	A	889.759	37	66	66	889.759	0	0	0
5183	T	T	887.273	37	64	64	0	0	0	887.273
5184	G	G	891.991	37	62	62	0	0	891.991	0
5185	C	C	883.147	37	61	61	0	883.147	0	0
5186	A	A	811.239	37	60	60	811.239	0	0	0
5187	A	A	799.576	37	59	59	799.576	0	0	0
5188	A	A	807.994	37	60	60	807.994	0	0	0
5189	C	C	851.684	37	59	59	0	851.684	0	0
5190	C	C	845.651	37	60	59	0	845.651	0	0
5191	T	T	798.179	37	58	58	0	0	0	798.179
5192	G	G	751.609	37	56	53	0	0	751.609	0
5193	A	A	780.162	37	58	58	780.162	0	0	0
5194	A	A	758.769	37	55	55	758.769	0	0	0
5195	G	G	781.628	37	54	54	0	0	781.628	0
5196	G	G	795.47	37	55	55	0	0	795.47	0
5197	T	T	761.678	37	56	56	0	0	0	761.678
5198	T	T	788.233	37	58	58	0	0	0	788.233
5199	T	T	771.263	37	56	56	0	0	0	771.263
5200	T	T	791.534	37	57	57	0	0	0	791.534
5201	A	A	815.453	37	60	60	815.453	0	0	0
5202	C	C	862.112	37	61	60	0	862.112	0	0
5203	A	A	849.181	37	63	63	849.181	0	0	0
5204	C	C	798.552	37	62	58	0	798.552	0	0
5205	C	C	875.598	37	62	61	0	875.598	0	0
5206	C	C	877.105	37	61	61	0	877.105	0	0
5207	C	C	802.83	37	61	58	0	802.83	0	0
5208	A	A	846.564	37	62	62	846.564	0	0	0
5209	A	A	826.673	37	60	60	826.673	0	0	0
5210	A	A	826.119	37	60	60	826.119	0	0	0
5211	T	T	860.518	37	64	64	0	0	0	860.518
5212	C	C	873.674	37	63	61	0	873.674	0	0
5213	C	C	903.491	37	64	63	0	903.491	0	0
5214	C	C	862.802	37	65	61	0	862.802	0	0
5215	A	A	900.706	37	64	64	900.706	0	0	0
5216	C	C	920.678	37	65	64	0	920.678	0	0
5217	T	T	882.826	37	66	65	0	0	0	882.826
5218	A	A	979.327	37	69	69	979.327	0	0	0
5219	A	A	955.785	37	67	67	955.785	0	0	0
5220	T	T	925.126	37	67	67	0	0	0	925.126
5221	A	A	959.552	37	69	69	959.552	0	0	0
5222	A	A	952.211	37	68	68	952.211	0	0	0
5223	G	G	995.474	37	70	69	0	0	995.474	0
5224	T	T	969.378	37	70	70	0	0	0	969.378
5225	A	A	995.323	37	71	71	995.323	0	0	0
5226	A	A	980.573	37	70	70	980.573	0	0	0
5227	A	A	1005.69	37	73	73	1005.69	0	0	0
5228	A	A	975.721	37	71	71	975.721	0	0	0
5229	T	T	982.024	37	73	73	0	0	0	982.024
5230	T	T	1009.56	37	73	73	0	0	0	1009.56
5231	C	C	1049.62	37	74	73	0	1049.62	0	0
5232	C	C	988.506	37	73	70	0	988.506	0	0
5233	A	A	972.817	37	70	70	972.817	0	0	0
5234	G	G	952.053	37	70	67	0	0	952.053	0
5235	C	C	969.945	37	67	67	0	969.945	0	0
5236	C	C	951.268	37	67	66	0	951.268	0	0
5237	G	G	919.002	37	67	65	0	0	919.002	0
5238	A	A	885.965	37	68	68	885.965	0	0	0
5239	A	A	856.353	37	65	65	856.353	0	0	0
5240	T	T	875.462	37	62	62	0	0	0	875.462
5241	A	A	819.676	37	61	61	819.676	0	0	0
5242	A	A	753.578	37	58	58	753.578	0	0	0
5243	T	T	806.147	37	56	56	0	0	0	806.147
5244	C	C	824.133	37	57	57	0	824.133	0	0
5245	A	A	768.961	37	59	59	768.961	0	0	0
5246	C	C	849.632	37	59	59	0	849.632	0	0
5247	T	T	721.642	37	54	54	0	0	0	721.642
5248	G	G	704.753	37	54	51	0	0	704.753	0
5249	T	T	740.438	37	55	55	0	0	0	740.438
5250	A	A	733.172	37	54	54	733.172	0	0	0
5251	T	T	754.162	37	57	57	0	0	0	754.162
5252	C	C	743.733	37	57	53	0	743.733	0	0
5253	A	A	745.478	37	58	58	745.478	0	0	0
5254	C	C	761.8	37	56	54	0	761.8	0	0
5255	A	A	704.075	37	55	55	704.075	0	0	0
5256	G	G	743.285	37	54	52	0	0	743.285	0
5257	G	G	671.039	37	52	48	0	0	671.039	0
5258	C	C	723.615	37	52	51	0	723.615	0	0
5259	A	A	687.676	37	53	52	687.676	0	0	0
5260	T	T	668.888	37	49	49	0	0	0	668.888
5261	G	G	692.769	37	49	48	0	0	692.769	0
5262	A	A	705.69	37	50	50	705.69	0	0	0
5263	G	G	720.458	37	51	50	0	0	720.458	0
5264	A	A	766.005	37	55	55	766.005	0	0	0
5265	C	C	773.445	37	55	54	0	773.445	0	0
5266	T	T	740.496	37	56	56	0	0	0	740.496
5267	T	T	745.51	37	56	56	0	0	0	745.51
5268	T	T	772.888	37	60	60	0	0	0	772.888
5269	A	A	781.148	37	58	58	781.148	0	0	0
5270	A	A	789.781	37	58	58	789.781	0	0	0
5271	A	A	788.362	37	58	58	788.362	0	0	0
5272	T	T	782.04	37	59	59	0	0	0	782.04
5273	T	T	782.078	37	57	57	0	0	0	782.078
5274	T	T	771.649	37	56	56	0	0	0	771.649
5275	A	A	770.654	37	55	55	770.654	0	0	0
5276	G	G	712.439	37	57	52	0	0	712.439	0
5277	G	G	821.696	37	57	57	0	0	821.696	0
5278	A	A	765.354	37	57	57	765.354	0	0	0
5279	T	T	770.827	37	55	55	0	0	0	770.827
5280	C	C	786.286	35.9945	57	55	0	786.286	0	0
5281	T	T	796.345	35.9945	57	57	0	0	0	796.345
5282	A	A	786.529	36.01	58	58	786.529	0	0	0
5283	T	T	784.222	36.0538	61	61	0	0	0	784.222
5284	C	C	748.894	36.0397	60	55	0	748.894	0	0
5285	T	T	797.154	36.0675	62	62	0	0	0	797.154
5286	A	A	889.917	36.0675	62	62	889.917	0	0	0
5287	T	T	825.85	36.0809	63	63	0	0	0	825.85
5288	G	G	870.236	36.0809	63	61	0	0	870.236	0
5289	G	G	861.672	36.0809	63	61	0	0	861.672	0
5290	A	A	872.467	36.1064	65	65	872.467	0	0	0
5291	A	A	863.949	36.1064	65	65	863.949	0	0	0
5292	A	A	896.242	36.1187	66	66	896.242	0	0	0
5293	T	T	883.824	36.1306	67	67	0	0	0	883.824
5294	T	T	887.776	36.1422	68	68	0	0	0	887.776
5295	T	T	864.28	36.0938	64	64	0	0	0	864.28
5296	T	T	873.372	36.1064	65	65	0	0	0	873.372
5297	T	T	894.728	36.1064	65	65	0	0	0	894.728
5298	T	T	903.774	36.0938	64	64	0	0	0	903.774
5299	T	T	879.442	36.0675	62	62	0	0	0	879.442
5300	T	T	900.017	36.1187	66	66	0	0	0	900.017
5301	T	T	893.835	36.1187	66	66	0	0	0	893.835
5302	T	T	887.091	36.1187	66	66	0	0	0	887.091
5303	A	A	940.006	36.1535	69	69	940.006	0	0	0
5304	C	C	922.633	36.1422	68	65	0	922.633	0	0
5305	T	T	887.489	36.1064	65	65	0	0	0	887.489
5306	C	C	873.544	36.0809	63	61	0	873.544	0	0
5307	T	T	895.844	36.0938	64	64	0	0	0	895.844
5308	G	G	889.956	36.0809	63	62	0	0	889.956	0
5309	C	C	911.314	36.0809	63	63	0	911.314	0	0
5310	T	T	897.716	37	64	64	0	0	0	897.716
5311	T	T	848.081	37	61	61	0	0	0	848.081
5312	C	C	838.008	37	58	58	0	838.008	0	0
5313	C	C	772.123	37	56	54	0	772.123	0	0
5314	C	C	786.103	37	57	55	0	786.103	0	0
5315	T	T	793.694	37	58	58	0	0	0	793.694
5316	C	C	833.402	37	58	58	0	833.402	0	0
5317	C	C	762.741	37	57	54	0	762.741	0	0
5318	T	T	732.444	37	55	55	0	0	0	732.444
5319	A	A	768.906	37	56	56	768.906	0	0	0
5320	T	T	774.469	37	59	59	0	0	0	774.469
5321	T	T	780.859	37	60	60	0	0	0	780.859
5322	G	G	864.247	37	61	60	0	0	864.247	0
5323	A	A	840.425	37	61	61	840.425	0	0	0
5324	T	T	795.518	37	59	59	0	0	0	795.518
5325	T	T	829.303	37	60	60	0	0	0	829.303
5326	T	T	828.304	37	59	59	0	0	0	828.304
5327	T	T	827.152	37	59	59	0	0	0	827.152
5328	T	T	822.806	37	58	58	0	0	0	822.806
5329	C	C	812.81	37	58	57	0	812.81	0	0
5330	C	C	836.895	37	59	58	0	836.895	0	0
5331	G	G	829.002	37	59	58	0	0	829.002	0
5332	T	T	841.571	37	60	60	0	0	0	841.571
5333	T	T	849.474	37	61	61	0	0	0	849.474
5334	A	A	831.568	37	61	61	831.568	0	0	0
5335	T	T	859.8	37	63	63	0	0	0	859.8
5336	T	T	857.977	37	62	62	0	0	0	857.977
5337	A	A	837.527	37	61	61	837.527	0	0	0
5338	T	T	838.815	37	60	60	0	0	0	838.815
5339	C	C	835.827	37	58	58	0	835.827	0	0
5340	A	A	817.02	37	58	58	817.02	0	0	0
5341	C	C	815.573	37	59	57	0	815.573	0	0
5342	T	T	834.414	37	60	60	0	0	0	834.414
5343	T	T	832.55	37	61	61	0	0	0	832.55
5344	T	T	811.657	37	59	59	0	0	0	811.657
5345	T	T	831.719	37	61	61	0	0	0	831.719
5346	T	T	827.893	37	62	62	0	0	0	827.893
5347	T	T	773.786	37	58	58	0	0	0	773.786
5348	G	G	840.84	37	58	58	0	0	840.84	0
5349	G	G	839.516	37	58	58	0	0	839.516	0
5350	C	C	787.703	37	59	56	0	787.703	0	0
5351	C	C	841.881	37	60	59	0	841.881	0	0
5352	A	A	832.611	37	61	61	832.611	0	0	0
5353	C	C	868.022	36.0538	61	60	0	868.022	0	0
5354	A	A	824.754	36.0397	60	60	824.754	0	0	0
5355	A	A	813.885	36.0251	59	59	813.885	0	0	0
5356	A	A	842.839	36.0538	61	61	842.839	0	0	0
5357	C	C	858.954	36.0675	62	60	0	858.954	0	0
5358	T	T	854.103	36.0809	63	63	0	0	0	854.103
5359	T	T	841.511	36.0675	62	62	0	0	0	841.511
5360	T	T	833.201	36.0675	62	62	0	0	0	833.201
5361	T	T	847.541	36.0675	62	62	0	0	0	847.541
5362	A	A	855.468	36.0675	62	62	855.468	0	0	0
5363	C	C	881.284	36.0538	61	61	0	881.284	0	0
5364	T	T	817.488	36.01	58	58	0	0	0	817.488
5365	A	A	807.539	36.0251	59	59	807.539	0	0	0
5366	A	A	839.015	36.0675	62	62	839.015	0	0	0
5367	A	A	797.908	36.0397	60	60	797.908	0	0	0
5368	T	T	847.848	36.0809	63	63	0	0	0	847.848
5369	T	T	836.15	36.0809	63	63	0	0	0	836.15
5370	G	G	808.246	36.0538	61	58	0	0	808.246	0
5371	T	T	834.556	36.0538	61	61	0	0	0	834.556
5372	C	C	813.373	35.2294	59	57	0	813.373	0	0
5373	C	C	794.146	35.2294	59	56	0	794.146	0	0
5374	C	C	780.242	35.2773	61	57	0	780.242	0	0
5375	A	A	783.709	35.1787	57	57	783.709	0	0	0
5376	T	T	758.797	35.2044	58	58	0	0	0	758.797
5377	A	A	806.37	35.2537	60	60	806.37	0	0	0
5378	C	C	751.009	35.9945	57	54	0	751.009	0	0
5379	A	A	800.854	36.01	58	58	800.854	0	0	0
5380	A	A	832.485	36.0538	61	61	832.485	0	0	0
5381	A	A	806.671	36.0251	59	59	806.671	0	0	0
5382	T	T	801.218	36.01	58	58	0	0	0	801.218
5383	C	C	809.536	36.0538	61	58	0	809.536	0	0
5384	C	C	862.292	36.0397	60	60	0	862.292	0	0
5385	T	T	820.054	36.0251	59	59	0	0	0	820.054
5386	A	A	818.648	36.01	58	58	818.648	0	0	0
5387	A	A	857.552	36.0675	62	62	857.552	0	0	0
5388	A	A	914.976	36.1064	65	65	914.976	0	0	0
5389	T	T	874.384	36.1306	67	67	0	0	0	874.384
5390	C	C	912.27	36.1187	66	64	0	912.27	0	0
5391	C	C	885.793	36.1306	67	63	0	885.793	0	0
5392	A	A	910.37	36.1064	65	65	910.37	0	0	0
5393	A	A	929.052	36.1306	67	67	929.052	0	0	0
5394	C	C	943.579	36.1306	67	66	0	943.579	0	0
5395	C	C	967.605	36.1422	68	67	0	967.605	0	0
5396	A	A	951.434	35.4454	69	69	951.434	0	0	0
5397	C	C	949.095	35.5002	72	68	0	949.095	0	0
5398	G	G	1079.93	35.5512	75	75	0	0	1079.93	0
5399	T	T	968.167	35.5346	74	74	0	0	0	968.167
5400	T	T	965.789	36.1959	73	73	0	0	0	965.789
5401	T	T	981.948	36.1959	73	73	0	0	0	981.948
5402	A	A	973.799	36.1752	71	71	973.799	0	0	0
5403	T	T	974.867	36.1535	69	69	0	0	0	974.867
5404	G	G	907.608	36.1422	68	65	0	0	907.608	0
5405	T	T	957.249	36.1422	68	68	0	0	0	957.249
5406	A	A	1017	35.5002	72	72	1017	0	0	0
5407	G	G	1013.36	35.4824	71	70	0	0	1013.36	0
5408	C	C	953.711	35.4824	71	68	0	953.711	0	0
5409	T	T	969.776	35.4641	70	70	0	0	0	969.776
5410	T	T	980.908	35.4824	71	71	0	0	0	980.908
5411	A	A	991.449	35.5002	72	72	991.449	0	0	0
5412	A	A	1030.56	35.5176	73	73	1030.56	0	0	0
5413	T	T	1002.69	35.5002	72	72	0	0	0	1002.69
5414	A	A	1006.03	35.5002	72	72	1006.03	0	0	0
5415	G	G	983.702	35.5512	75	70	0	0	983.702	0
5416	T	T	1026.05	35.5675	76	76	0	0	0	1026.05
5417	A	A	1067.08	35.5989	78	78	1067.08	0	0	0
5418	A	A	1028.98	36.2155	75	74	1028.98	0	0	0
5419	A	A	1066.89	36.2249	76	76	1066.89	0	0	0
5420	G	G	1115.37	36.2342	77	77	0	0	1115.37	0
5421	C	C	1091.76	36.2432	78	76	0	1091.76	0	0
5422	A	A	1062.2	36.2342	77	77	1062.2	0	0	0
5423	A	A	1041.36	36.2342	77	77	1041.36	0	0	0
5424	G	G	1026.06	36.252	79	74	0	0	1026.06	0
5425	G	G	1035.48	36.2606	80	75	0	0	1035.48	0
5426	C	C	1150.8	36.2772	82	80	0	1150.8	0	0
5427	A	A	1036.64	37	78	78	1036.64	0	0	0
5428	C	C	1057.05	37	75	74	0	1057.05	0	0
5429	T	T	1025.1	37	74	74	0	0	0	1025.1
5430	G	G	1067.17	37	75	74	0	0	1067.17	0
5431	A	A	1017.23	37	72	72	1017.23	0	0	0
5432	A	A	1005.27	37	74	74	1005.27	0	0	0
5433	A	A	989.741	37	73	73	989.741	0	0	0
5434	A	A	1008.57	37	74	74	1008.57	0	0	0
5435	T	T	1033.85	37	74	74	0	0	0	1033.85
5436	G	G	908.192	37	74	66	0	0	908.192	0
5437	C	C	938.965	37	67	66	0	938.965	0	0
5438	C	C	953.348	37	67	66	0	953.348	0	0
5439	T	T	966.147	37	68	68	0	0	0	966.147
5440	A	A	924.632	37	68	68	924.632	0	0	0
5441	G	G	944.685	37	68	66	0	0	944.685	0
5442	A	A	884.166	37	64	64	884.166	0	0	0
5443	C	C	910.322	37	63	63	0	910.322	0	0
5444	G	G	924.288	37	64	64	0	0	924.288	0
5445	A	A	878.807	37	66	66	878.807	0	0	0
5446	G	G	881.735	37	68	63	0	0	881.735	0
5447	T	T	900.623	37	66	66	0	0	0	900.623
5448	T	T	905.669	37	67	67	0	0	0	905.669
5449	A	A	897.027	37	68	68	897.027	0	0	0
5450	T	T	875.367	37	67	67	0	0	0	875.367
5451	A	A	883.107	37	66	66	883.107	0	0	0
5452	T	T	871.123	37	65	65	0	0	0	871.123
5453	A	A	866.177	37	66	66	866.177	0	0	0
5454	A	A	855.008	37	65	65	855.008	0	0	0
5455	T	T	871.965	37	64	64	0	0	0	871.965
5456	T	T	873.427	37	65	65	0	0	0	873.427
5457	C	C	847.187	37	65	61	0	847.187	0	0
5458	C	C	870.193	37	63	61	0	870.193	0	0
5459	A	A	870.941	37	63	63	870.941	0	0	0
5460	T	T	873.097	37	65	65	0	0	0	873.097
5461	A	A	879.833	37	64	64	879.833	0	0	0
5462	A	A	918.259	37	67	67	918.259	0	0	0
5463	A	A	905.612	37	66	66	905.612	0	0	0
5464	C	C	883.043	37	66	63	0	883.043	0	0
5465	A	A	894.003	37	64	64	894.003	0	0	0
5466	T	T	879.336	37	64	64	0	0	0	879.336
5467	A	A	941.252	37	68	68	941.252	0	0	0
5468	A	A	922.212	37	66	66	922.212	0	0	0
5469	A	A	914.568	37	65	65	914.568	0	0	0
5470	G	G	914.026	37	65	64	0	0	914.026	0
5471	G	G	922.879	37	67	65	0	0	922.879	0
5472	T	T	943.152	37	69	69	0	0	0	943.152
5473	T	T	935.415	37	68	68	0	0	0	935.415
5474	T	T	944.916	37	69	69	0	0	0	944.916
5475	G	G	922.478	37	68	65	0	0	922.478	0
5476	G	G	967.325	37	71	68	0	0	967.325	0
5477	T	T	1002.73	37	75	75	0	0	0	1002.73
5478	C	C	975.936	37	76	71	0	975.936	0	0
5479	C	C	1004.91	37	71	70	0	1004.91	0	0
5480	T	T	945.636	37	73	73	0	0	0	945.636
5481	A	A	1069.72	37	76	76	1069.72	0	0	0
5482	G	G	1067.43	37	76	74	0	0	1067.43	0
5483	C	C	1058.41	37	75	74	0	1058.41	0	0
5484	C	C	1044.53	37	76	73	0	1044.53	0	0
5485	T	T	1048.84	37	75	75	0	0	0	1048.84
5486	T	T	1056.31	37	74	74	0	0	0	1056.31
5487	C	C	1084.16	37	75	75	0	1084.16	0	0
5488	C	C	1035.14	37	74	72	0	1035.14	0	0
5489	C	C	1042.45	37	73	72	0	1042.45	0	0
5490	A	A	992.69	37	74	74	992.69	0	0	0
5491	T	T	1056.6	37	76	76	0	0	0	1056.6
5492	T	T	1050.54	37	75	75	0	0	0	1050.54
5493	A	A	978.385	37	72	72	978.385	0	0	0
5494	G	G	1018.97	37	72	71	0	0	1018.97	0
5495	C	C	980.311	37	69	68	0	980.311	0	0
5496	T	T	960.11	37	68	68	0	0	0	960.11
5497	A	A	965.19	37	70	70	965.19	0	0	0
5498	C	C	1021.99	37	72	71	0	1021.99	0	0
5499	T	T	966.487	37	72	72	0	0	0	966.487
5500	A	A	994.986	37	73	73	994.986	0	0	0
5501	A	A	980.945	37	73	73	980.945	0	0	0
5502	C	C	986.885	37	72	69	0	986.885	0	0
5503	A	A	991.443	37	72	72	991.443	0	0	0
5504	A	A	986.361	37	72	72	986.361	0	0	0
5505	G	G	1000.23	37	72	70	0	0	1000.23	0
5506	A	A	944.653	37	71	71	944.653	0	0	0
5507	T	T	981.87	37	71	71	0	0	0	981.87
5508	T	T	984.713	37	70	70	0	0	0	984.713
5509	A	A	904.91	37	69	69	904.91	0	0	0
5510	C	C	940.776	37	65	65	0	940.776	0	0
5511	A	A	870.092	37	64	64	870.092	0	0	0
5512	C	C	917.461	37	66	64	0	917.461	0	0
5513	A	A	876.659	37	64	64	876.659	0	0	0
5514	T	T	875.995	37	64	64	0	0	0	875.995
5515	G	G	888.456	37	64	62	0	0	888.456	0
5516	T	T	865.797	37	63	63	0	0	0	865.797
5517	A	A	850.983	37	61	61	850.983	0	0	0
5518	A	A	846.52	37	61	61	846.52	0	0	0
5519	G	G	867.452	37	60	60	0	0	867.452	0
5520	T	T	864.091	37	61	61	0	0	0	864.091
5521	C	C	838.907	37	59	58	0	838.907	0	0
5522	T	T	836.841	37	59	59	0	0	0	836.841
5523	C	C	855.083	37	61	60	0	855.083	0	0
5524	C	C	826.615	36.0809	63	59	0	826.615	0	0
5525	G	G	853.446	36.0675	62	60	0	0	853.446	0
5526	C	C	865.098	36.0538	61	60	0	865.098	0	0
5527	G	G	856.168	36.0675	62	60	0	0	856.168	0
5528	C	C	886.898	36.0675	62	62	0	886.898	0	0
5529	T	T	803.286	36.0397	60	60	0	0	0	803.286
5530	C	C	861.245	36.0538	61	60	0	861.245	0	0
5531	C	C	772.869	36.01	58	55	0	772.869	0	0
5532	A	A	755.056	35.9785	56	56	755.056	0	0	0
5533	G	G	758.357	35.9945	57	54	0	0	758.357	0
5534	T	T	766.199	35.9785	56	56	0	0	0	766.199
5535	G	G	778.351	35.9945	57	55	0	0	778.351	0
5536	A	A	772.413	35.9945	57	57	772.413	0	0	0
5537	A	A	764.853	35.962	55	55	764.853	0	0	0
5538	A	A	761.539	35.9785	56	56	761.539	0	0	0
5539	A	A	767.383	35.9785	56	56	767.383	0	0	0
5540	T	T	783.597	35.9785	56	56	0	0	0	783.597
5541	G	G	760.426	35.945	54	53	0	0	760.426	0
5542	C	C	792.225	35.9785	56	55	0	792.225	0	0
5543	C	C	778.518	35.1249	55	54	0	778.518	0	0
5544	C	C	771.285	35.1522	56	54	0	771.285	0	0
5545	T	T	769.083	35.1522	56	56	0	0	0	769.083
5546	T	T	757.842	35.1249	55	55	0	0	0	757.842
5547	T	T	780.79	35.1249	55	55	0	0	0	780.79
5548	G	G	764.529	35.1787	57	54	0	0	764.529	0
5549	G	G	784.192	35.1787	57	55	0	0	784.192	0
5550	A	A	769.133	34.5572	59	59	769.133	0	0	0
5551	C	C	845.266	34.5884	60	59	0	845.266	0	0
5552	C	C	778.419	34.5251	58	55	0	778.419	0	0
5553	T	T	773.609	34.5572	59	59	0	0	0	773.609
5554	T	T	740.985	34.4921	57	57	0	0	0	740.985
5555	A	A	762.621	34.4582	56	56	762.621	0	0	0
5556	A	A	751.222	34.3506	53	53	751.222	0	0	0
5557	A	A	779.639	34.4582	56	56	779.639	0	0	0
5558	G	G	788.588	34.5251	58	56	0	0	788.588	0
5559	C	C	744.443	34.4921	57	53	0	744.443	0	0
5560	G	G	774.675	34.4921	57	55	0	0	774.675	0
5561	A	A	772.279	34.5251	58	58	772.279	0	0	0
5562	T	T	783.108	34.4921	57	57	0	0	0	783.108
5563	C	C	744.38	34.3875	54	52	0	744.38	0	0
5564	T	T	748.741	34.3875	54	54	0	0	0	748.741
5565	G	G	740.083	34.4234	55	52	0	0	740.083	0
5566	A	A	742.679	34.3506	53	53	742.679	0	0	0
5567	A	A	725.932	34.3506	53	53	725.932	0	0	0
5568	G	G	715.993	34.3506	53	51	0	0	715.993	0
5569	G	G	679.304	34.3127	52	49	0	0	679.304	0
5570	A	A	701.414	34.3506	53	53	701.414	0	0	0
5571	G	G	691.754	34.3127	52	49	0	0	691.754	0
5572	C	C	748.283	34.3127	52	52	0	748.283	0	0
5573	G	G	695.925	35.0379	52	49	0	0	695.925	0
5574	G	G	747.619	35.9273	53	52	0	0	747.619	0
5575	G	G	764.95	35.9273	53	53	0	0	764.95	0
5576	C	C	785.457	35.962	55	55	0	785.457	0	0
5577	A	A	793.033	35.9785	56	56	793.033	0	0	0
5578	T	T	731.121	35.9785	56	56	0	0	0	731.121
5579	C	C	728.406	35.9785	56	52	0	728.406	0	0
5580	A	A	810.518	36.0251	59	59	810.518	0	0	0
5581	A	A	802.595	36.0251	59	59	802.595	0	0	0
5582	G	G	861.069	36.0675	62	60	0	0	861.069	0
5583	C	C	798.23	37	58	56	0	798.23	0	0
5584	A	A	821.734	37	59	59	821.734	0	0	0
5585	C	C	839.69	36.0397	60	59	0	839.69	0	0
5586	A	A	806.004	36.0251	59	59	806.004	0	0	0
5587	C	C	833.372	35.3227	63	59	0	833.372	0	0
5588	C	C	858.447	35.3003	62	60	0	858.447	0	0
5589	T	T	851.901	34.7056	64	64	0	0	0	851.901
5590	C	C	857.626	34.7331	65	61	0	857.626	0	0
5591	T	T	837.89	34.7056	64	64	0	0	0	837.89
5592	C	C	912.688	34.76	66	64	0	912.688	0	0
5593	C	C	856.956	34.7331	65	61	0	856.956	0	0
5594	C	C	906.819	34.7056	64	63	0	906.819	0	0
5595	C	C	905.358	34.7056	64	63	0	905.358	0	0
5596	G	G	921.725	34.7331	65	64	0	0	921.725	0
5597	G	G	922.516	34.7056	64	64	0	0	922.516	0
5598	T	T	848.772	34.7056	64	64	0	0	0	848.772
5599	A	A	924.213	34.76	66	66	924.213	0	0	0
5600	G	G	953.124	34.76	66	66	0	0	953.124	0
5601	C	C	951.953	34.76	66	66	0	951.953	0	0
5602	T	T	919.229	34.8118	68	68	0	0	0	919.229
5603	T	T	945.476	34.8118	68	68	0	0	0	945.476
5604	A	A	893.924	34.7331	65	65	893.924	0	0	0
5605	T	T	892.102	34.7056	64	64	0	0	0	892.102
5606	A	A	898.974	34.1811	65	65	898.974	0	0	0
5607	A	A	939.734	34.2434	67	67	939.734	0	0	0
5608	C	C	978.232	34.303	69	68	0	978.232	0	0
5609	G	G	1022.6	34.3875	72	71	0	0	1022.6	0
5610	C	C	881.849	34.8118	68	63	0	881.849	0	0
5611	C	C	981.002	34.8118	68	68	0	981.002	0	0
5612	T	T	946.168	34.8118	68	68	0	0	0	946.168
5613	T	T	938.498	34.7862	67	67	0	0	0	938.498
5614	G	G	878.904	34.7331	65	62	0	0	878.904	0
5615	C	C	912.9	34.6774	63	63	0	912.9	0	0
5616	T	T	850.752	34.6188	61	61	0	0	0	850.752
5617	T	T	859.413	34.7056	64	64	0	0	0	859.413
5618	A	A	859.294	34.6485	62	62	859.294	0	0	0
5619	G	G	892.049	34.6485	62	62	0	0	892.049	0
5620	C	C	818.309	34.6188	61	58	0	818.309	0	0
5621	C	C	876.565	34.6485	62	61	0	876.565	0	0
5622	A	A	817.25	34.5884	60	60	817.25	0	0	0
5623	C	C	808.003	34.5572	59	57	0	808.003	0	0
5624	G	G	825.414	33.9752	59	58	0	0	825.414	0
5625	C	C	803.955	34.0116	60	57	0	803.955	0	0
5626	C	C	880.173	34.0819	62	61	0	880.173	0	0
5627	C	C	850.915	33.9752	59	59	0	850.915	0	0
5628	C	C	813.254	33.9378	58	57	0	813.254	0	0
5629	C	C	730.939	33.8195	55	52	0	730.939	0	0
5630	A	A	749.264	34.4582	56	56	749.264	0	0	0
5631	C	C	790.007	34.4921	57	55	0	790.007	0	0
5632	G	G	784.699	34.4921	57	55	0	0	784.699	0
5633	G	G	791.954	35.1522	56	55	0	0	791.954	0
5634	G	G	774.194	35.1249	55	54	0	0	774.194	0
5635	A	A	784.23	35.1249	55	55	784.23	0	0	0
5636	T	T	737.434	35.1249	55	55	0	0	0	737.434
5637	A	A	807.598	35.1787	57	57	807.598	0	0	0
5638	C	C	806.45	35.1522	56	56	0	806.45	0	0
5639	A	A	801.799	35.2044	58	58	801.799	0	0	0
5640	G	G	753.619	35.2044	58	54	0	0	753.619	0
5641	C	C	787.954	35.1787	57	55	0	787.954	0	0
5642	A	A	764.677	35.2294	59	59	764.677	0	0	0
5643	G	G	720.672	35.1787	57	52	0	0	720.672	0
5644	T	T	792.09	35.2044	58	58	0	0	0	792.09
5645	G	G	834.214	36.01	58	58	0	0	834.214	0
5646	A	A	799.583	36.0251	59	59	799.583	0	0	0
5647	T	T	759.07	35.9945	57	57	0	0	0	759.07
5648	A	A	786.759	37	56	56	786.759	0	0	0
5649	A	A	856.272	37	61	61	856.272	0	0	0
5650	A	A	908.306	37	65	65	908.306	0	0	0
5651	A	A	929.738	37	66	66	929.738	0	0	0
5652	A	A	995.561	37	70	70	995.561	0	0	0
5653	T	T	881.937	37	70	70	0	0	0	881.937
5654	T	T	929.229	37	71	71	0	0	0	929.229
5655	A	A	999.496	37	70	70	999.496	0	0	0
5656	A	A	1027.74	37	73	73	1027.74	0	0	0
5657	G	G	1044.01	37	74	73	0	0	1044.01	0
5658	C	C	1060.73	37	76	74	0	1060.73	0	0
5659	C	C	1016.67	37	78	73	0	1016.67	0	0
5660	A	A	1057.21	37	77	77	1057.21	0	0	0
5661	T	T	1056.28	37	78	78	0	0	0	1056.28
5662	G	G	1088.9	37	78	76	0	0	1088.9	0
5663	A	A	1094.72	37	79	79	1094.72	0	0	0
5664	A	A	1093.42	37	80	80	1093.42	0	0	0
5665	C	C	1115.97	37	80	78	0	1115.97	0	0
5666	G	G	1141.57	37	80	79	0	0	1141.57	0
5667	A	A	1088.96	37	80	80	1088.96	0	0	0
5668	A	A	1092.39	37	81	81	1092.39	0	0	0
5669	A	A	1074.45	37	79	79	1074.45	0	0	0
5670	G	G	1051.72	37	79	75	0	0	1051.72	0
5671	T	T	1107.46	37	78	78	0	0	0	1107.46
5672	T	T	1059.4	37	76	76	0	0	0	1059.4
5673	C	C	1046.79	37	74	73	0	1046.79	0	0
5674	G	G	1040.21	37	73	72	0	0	1040.21	0
5675	A	A	987.875	37	71	71	987.875	0	0	0
5676	C	C	996.763	37	70	69	0	996.763	0	0
5677	T	T	1008.33	37	71	71	0	0	0	1008.33
5678	A	A	956.401	37	71	71	956.401	0	0	0
5679	A	A	941.936	37	70	70	941.936	0	0	0
5680	G	G	988.62	37	70	69	0	0	988.62	0
5681	C	C	984.088	37	71	69	0	984.088	0	0
5682	T	T	948.776	37	69	69	0	0	0	948.776
5683	A	A	909.15	37	69	69	909.15	0	0	0
5684	T	T	923.81	37	67	67	0	0	0	923.81
5685	G	G	847.346	37	67	62	0	0	847.346	0
5686	T	T	889.683	37	65	65	0	0	0	889.683
5687	T	T	872.702	37	63	63	0	0	0	872.702
5688	G	G	863.645	37	64	61	0	0	863.645	0
5689	A	A	858.403	37	65	65	858.403	0	0	0
5690	T	T	849.644	37	62	62	0	0	0	849.644
5691	T	T	866.173	37	64	64	0	0	0	866.173
5692	A	A	845.035	37	65	65	845.035	0	0	0
5693	A	A	807.911	37	63	63	807.911	0	0	0
5694	G	G	866.681	37	63	61	0	0	866.681	0
5695	G	G	898.877	37	65	63	0	0	898.877	0
5696	G	G	815.092	37	63	58	0	0	815.092	0
5697	T	T	815.713	37	61	61	0	0	0	815.713
5698	T	T	784.152	37	59	59	0	0	0	784.152
5699	G	G	805.248	37	58	56	0	0	805.248	0
5700	G	G	787.392	37	57	55	0	0	787.392	0
5701	T	T	816.532	37	59	59	0	0	0	816.532
5702	T	T	837.283	37	61	61	0	0	0	837.283
5703	A	A	854.858	37	63	63	854.858	0	0	0
5704	A	A	858.631	36.0809	63	63	858.631	0	0	0
5705	T	T	821.718	36.0809	63	63	0	0	0	821.718
5706	T	T	840.443	36.0809	63	63	0	0	0	840.443
5707	T	T	863.508	35.3445	64	64	0	0	0	863.508
5708	C	C	839.484	35.3003	62	59	0	839.484	0	0
5709	G	G	939.859	35.3657	65	65	0	0	939.859	0
5710	T	T	905.517	35.3864	66	66	0	0	0	905.517
5711	G	G	891.832	35.3657	65	63	0	0	891.832	0
5712	C	C	950.201	35.3864	66	66	0	950.201	0	0
5713	C	C	887.594	35.3864	66	63	0	887.594	0	0
5714	A	A	932.319	35.4262	68	68	932.319	0	0	0
5715	G	G	877.637	35.3864	66	63	0	0	877.637	0
5716	C	C	906.576	35.3445	64	63	0	906.576	0	0
5717	C	C	908.866	35.3445	64	63	0	908.866	0	0
5718	A	A	924.169	35.3657	65	65	924.169	0	0	0
5719	C	C	939.031	35.3864	66	65	0	939.031	0	0
5720	C	C	922.735	35.4066	67	65	0	922.735	0	0
5721	G	G	907.3	35.4066	67	64	0	0	907.3	0
5722	C	C	937.945	35.3864	66	65	0	937.945	0	0
5723	G	G	892.215	35.3657	65	63	0	0	892.215	0
5724	G	G	950.796	35.4641	70	67	0	0	950.796	0
5725	T	T	973.003	35.4824	71	71	0	0	0	973.003
5726	T	T	982.64	35.5346	74	74	0	0	0	982.64
5727	A	A	986.726	35.5176	73	73	986.726	0	0	0
5728	T	T	970.985	35.5675	76	76	0	0	0	970.985
5729	A	A	985.521	37	73	73	985.521	0	0	0
5730	C	C	1013.82	37	73	71	0	1013.82	0	0
5731	G	G	993.276	37	72	70	0	0	993.276	0
5732	A	A	934.912	37	70	70	934.912	0	0	0
5733	T	T	977.619	37	70	70	0	0	0	977.619
5734	T	T	957.237	37	69	69	0	0	0	957.237
5735	G	G	925.007	37	71	66	0	0	925.007	0
5736	A	A	955.146	36.1857	72	72	955.146	0	0	0
5737	C	C	937.092	36.1959	73	67	0	937.092	0	0
5738	C	C	917.722	36.1857	72	67	0	917.722	0	0
5739	C	C	982.622	36.2058	74	70	0	982.622	0	0
5740	G	G	961.907	36.1857	72	68	0	0	961.907	0
5741	A	A	1010.7	36.2058	74	74	1010.7	0	0	0
5742	G	G	1060.92	36.2249	76	74	0	0	1060.92	0
5743	T	T	1043.76	36.2342	77	77	0	0	0	1043.76
5744	T	T	1033.07	36.2342	77	77	0	0	0	1033.07
5745	A	A	1056.5	36.2249	76	76	1056.5	0	0	0
5746	A	A	1077.54	36.2249	76	76	1077.54	0	0	0
5747	T	T	1046.49	36.2249	76	76	0	0	0	1046.49
5748	A	A	1071.2	36.2155	75	75	1071.2	0	0	0
5749	G	G	1042.95	36.2155	75	73	0	0	1042.95	0
5750	G	G	1084.9	36.2155	75	75	0	0	1084.9	0
5751	C	C	1058.05	36.2058	74	73	0	1058.05	0	0
5752	C	C	1100.14	36.2606	80	77	0	1100.14	0	0
5753	C	C	1069.34	36.2772	82	77	0	1069.34	0	0
5754	A	A	1171.78	36.2852	83	83	1171.78	0	0	0
5755	C	C	1125.4	36.2772	82	79	0	1125.4	0	0
5756	G	G	1214.99	36.2931	84	84	0	0	1214.99	0
5757	G	G	1182.88	36.2852	83	82	0	0	1182.88	0
5758	C	C	1157.33	36.3008	85	81	0	1157.33	0	0
5759	G	G	1209.39	36.3008	85	84	0	0	1209.39	0
5760	T	T	1175.76	36.3008	85	85	0	0	0	1175.76
5761	A	A	1164	36.3156	87	87	1164	0	0	0
5762	A	A	1218.42	36.3368	90	90	1218.42	0	0	0
5763	A	A	1183.17	36.3228	88	88	1183.17	0	0	0
5764	G	G	1194.18	36.3156	87	84	0	0	1194.18	0
5765	C	C	1163.19	36.3156	87	83	0	1163.19	0	0
5766	G	G	1208.04	36.3228	88	85	0	0	1208.04	0
5767	T	T	1222.48	36.3368	90	90	0	0	0	1222.48
5768	G	G	1242.79	36.3083	86	86	0	0	1242.79	0
5769	T	T	1193.38	36.3083	86	86	0	0	0	1193.38
5770	G	G	1134.22	36.3083	86	81	0	0	1134.22	0
5771	A	A	1219.81	36.3368	90	90	1219.81	0	0	0
5772	A	A	1197.83	37	87	87	1197.83	0	0	0
5773	A	A	1209.65	37	88	88	1209.65	0	0	0
5774	G	G	1253.72	37	87	87	0	0	1253.72	0
5775	A	A	1208.43	37	85	85	1208.43	0	0	0
5776	G	G	1231.16	37	86	85	0	0	1231.16	0
5777	A	A	1230.4	37	87	87	1230.4	0	0	0
5778	A	A	1224.34	37	87	87	1224.34	0	0	0
5779	A	A	1214.88	37	88	88	1214.88	0	0	0
5780	T	T	1228.9	36.3228	88	88	0	0	0	1228.9
5781	T	T	1226.69	36.3228	88	88	0	0	0	1226.69
5782	C	C	1173.12	36.3156	87	83	0	1173.12	0	0
5783	T	T	1209.46	36.3008	85	85	0	0	0	1209.46
5784	C	C	1164.02	36.2852	83	81	0	1164.02	0	0
5785	C	C	1201.11	36.2931	84	83	0	1201.11	0	0
5786	C	C	1141.19	36.2772	82	80	0	1141.19	0	0
5787	T	T	1171.37	36.2931	84	84	0	0	0	1171.37
5788	A	A	1111.38	36.2852	83	83	1111.38	0	0	0
5789	C	C	1165.13	36.2772	82	81	0	1165.13	0	0
5790	T	T	1100.64	36.269	81	81	0	0	0	1100.64
5791	A	A	1105.31	36.269	81	81	1105.31	0	0	0
5792	A	A	1067.71	36.2432	78	78	1067.71	0	0	0
5793	A	A	1100.13	36.2606	80	80	1100.13	0	0	0
5794	G	G	1112.05	36.2432	78	77	0	0	1112.05	0
5795	T	T	1071.81	36.2249	76	76	0	0	0	1071.81
5796	T	T	1076.89	36.2249	76	76	0	0	0	1076.89
5797	A	A	1024.7	36.1959	73	73	1024.7	0	0	0
5798	A	A	1042.48	36.2249	76	76	1042.48	0	0	0
5799	A	A	1042.73	36.2249	76	76	1042.73	0	0	0
5800	G	G	1008.25	36.1959	73	71	0	0	1008.25	0
5801	T	T	1036.58	36.2155	75	75	0	0	0	1036.58
5802	T	T	1046.69	36.2249	76	76	0	0	0	1046.69
5803	T	T	1036.14	36.2155	75	75	0	0	0	1036.14
5804	A	A	964.957	36.1959	73	73	964.957	0	0	0
5805	A	A	920.68	36.1535	69	69	920.68	0	0	0
5806	T	T	975.357	36.1535	69	69	0	0	0	975.357
5807	C	C	944.099	36.1306	67	66	0	944.099	0	0
5808	C	C	944.442	36.1306	67	66	0	944.442	0	0
5809	A	A	887.559	36.1306	67	67	887.559	0	0	0
5810	G	G	860.954	36.1064	65	61	0	0	860.954	0
5811	C	C	901.913	36.1064	65	63	0	901.913	0	0
5812	T	T	884.678	36.1064	65	65	0	0	0	884.678
5813	G	G	930.785	37	67	65	0	0	930.785	0
5814	T	T	870.069	37	64	64	0	0	0	870.069
5815	A	A	883.3	37	63	63	883.3	0	0	0
5816	A	A	865.791	37	62	62	865.791	0	0	0
5817	A	A	889.83	37	64	64	889.83	0	0	0
5818	A	A	871.577	37	64	64	871.577	0	0	0
5819	A	A	879.885	37	66	66	879.885	0	0	0
5820	G	G	957.247	37	69	67	0	0	957.247	0
5821	C	C	910.661	37	67	64	0	910.661	0	0
5822	T	T	899.169	37	66	66	0	0	0	899.169
5823	A	A	856.439	37	64	64	856.439	0	0	0
5824	T	T	840.127	37	60	60	0	0	0	840.127
5825	C	C	854.655	37	59	59	0	854.655	0	0
5826	A	A	808.587	37	60	60	808.587	0	0	0
5827	G	G	841.891	37	60	59	0	0	841.891	0
5828	T	T	830.463	37	60	60	0	0	0	830.463
5829	A	A	786.342	36.0397	60	60	786.342	0	0	0
5830	A	A	819.33	35.3445	64	64	819.33	0	0	0
5831	C	C	873.059	35.3445	64	62	0	873.059	0	0
5832	A	A	839.818	35.3445	64	64	839.818	0	0	0
5833	C	C	854.071	35.3003	62	60	0	854.071	0	0
5834	T	T	758.99	35.1522	56	56	0	0	0	758.99
5835	A	A	799.399	35.1787	57	57	799.399	0	0	0
5836	A	A	803.74	35.2044	58	58	803.74	0	0	0
5837	A	A	837.795	35.2537	60	60	837.795	0	0	0
5838	A	A	847.038	35.2537	60	60	847.038	0	0	0
5839	T	T	803.241	35.2773	61	61	0	0	0	803.241
5840	A	A	878.505	35.3227	63	63	878.505	0	0	0
5841	A	A	858.035	35.3003	62	62	858.035	0	0	0
5842	G	G	904.638	35.3227	63	63	0	0	904.638	0
5843	C	C	880.451	35.3003	62	61	0	880.451	0	0
5844	T	T	879.595	35.3657	65	65	0	0	0	879.595
5845	A	A	879.145	35.3657	65	65	879.145	0	0	0
5846	C	C	908.754	35.3227	63	63	0	908.754	0	0
5847	G	G	879.111	35.3003	62	61	0	0	879.111	0
5848	A	A	866.836	35.3227	63	63	866.836	0	0	0
5849	A	A	863.149	35.3445	64	64	863.149	0	0	0
5850	A	A	896.497	35.3864	66	66	896.497	0	0	0
5851	G	G	864.743	35.3657	65	62	0	0	864.743	0
5852	T	T	880.562	35.3445	64	64	0	0	0	880.562
5853	G	G	872.118	36.0809	63	61	0	0	872.118	0
5854	A	A	888.049	36.0809	63	63	888.049	0	0	0
5855	C	C	909.992	36.0938	64	63	0	909.992	0	0
5856	T	T	870.161	37	63	63	0	0	0	870.161
5857	T	T	883.922	37	65	65	0	0	0	883.922
5858	T	T	892.507	37	65	65	0	0	0	892.507
5859	A	A	899.803	37	66	66	899.803	0	0	0
5860	A	A	872.413	37	67	67	872.413	0	0	0
5861	T	T	897.024	37	66	66	0	0	0	897.024
5862	G	G	961.095	37	68	67	0	0	961.095	0
5863	C	C	892.87	37	66	63	0	892.87	0	0
5864	T	T	901.693	37	66	66	0	0	0	901.693
5865	C	C	869.11	37	63	61	0	869.11	0	0
5866	T	T	862.038	37	64	64	0	0	0	862.038
5867	C	C	880.361	37	65	62	0	880.361	0	0
5868	A	A	979.882	37	70	70	979.882	0	0	0
5869	A	A	986.725	37	71	71	986.725	0	0	0
5870	C	C	991.202	37	70	69	0	991.202	0	0
5871	C	C	943.266	37	68	66	0	943.266	0	0
5872	A	A	974.937	37	70	70	974.937	0	0	0
5873	C	C	982.292	37	74	70	0	982.292	0	0
5874	A	A	1015.61	37	73	73	1015.61	0	0	0
5875	C	C	1022.58	37	72	71	0	1022.58	0	0
5876	G	G	1011.86	37	71	70	0	0	1011.86	0
5877	A	A	1017.77	37	72	72	1017.77	0	0	0
5878	T	T	1013.07	37	73	73	0	0	0	1013.07
5879	A	A	1033.72	37	73	73	1033.72	0	0	0
5880	G	G	967.279	37	73	69	0	0	967.279	0
5881	C	C	1031	37	76	73	0	1031	0	0
5882	T	T	1041	37	76	76	0	0	0	1041
5883	A	A	1057.44	37	77	77	1057.44	0	0	0
5884	A	A	1043.97	37	75	75	1043.97	0	0	0
5885	G	G	1033.96	37	74	72	0	0	1033.96	0
5886	A	A	1019.71	37	73	73	1019.71	0	0	0
5887	T	T	1045.51	37	74	74	0	0	0	1045.51
5888	C	C	1014.51	35.5512	75	71	0	1014.51	0	0
5889	C	C	1008.05	35.5512	75	71	0	1008.05	0	0
5890	A	A	997.515	35.5176	73	73	997.515	0	0	0
5891	A	A	1012.53	35.5346	74	74	1012.53	0	0	0
5892	A	A	1017.97	35.5176	73	73	1017.97	0	0	0
5893	C	C	1053.92	35.5176	73	73	0	1053.92	0	0
5894	T	T	1024.01	35.5346	74	74	0	0	0	1024.01
5895	G	G	1056.65	35.5346	74	73	0	0	1056.65	0
5896	G	G	1071.53	35.5346	74	74	0	0	1071.53	0
5897	G	G	1045.36	35.5346	74	73	0	0	1045.36	0
5898	A	A	1013.78	35.5176	73	73	1013.78	0	0	0
5899	T	T	1037.79	35.5512	75	75	0	0	0	1037.79
5900	T	T	1069.56	35.5989	78	78	0	0	0	1069.56
5901	A	A	1050.97	35.5989	78	78	1050.97	0	0	0
5902	G	G	1048.87	35.5512	75	73	0	0	1048.87	0
5903	A	A	1013.46	35.5346	74	74	1013.46	0	0	0
5904	T	T	1005.87	35.5002	72	72	0	0	0	1005.87
5905	A	A	961.748	34.9083	72	72	961.748	0	0	0
5906	C	C	1052.95	34.9534	74	73	0	1052.95	0	0
5907	C	C	1051.24	34.9534	74	73	0	1051.24	0	0
5908	C	C	1023.67	34.9083	72	71	0	1023.67	0	0
5909	C	C	980.991	34.8367	69	68	0	980.991	0	0
5910	A	A	908.734	34.76	66	66	908.734	0	0	0
5911	C	C	954.857	34.76	66	66	0	954.857	0	0
5912	T	T	927.132	35.3864	66	66	0	0	0	927.132
5913	A	A	895.993	35.3657	65	65	895.993	0	0	0
5914	T	T	910.892	35.4066	67	67	0	0	0	910.892
5915	G	G	919.72	35.3657	65	64	0	0	919.72	0
5916	C	C	913.894	35.4066	67	64	0	913.894	0	0
5917	T	T	897.471	35.3864	66	66	0	0	0	897.471
5918	T	T	900.526	35.4066	67	67	0	0	0	900.526
5919	A	A	857.769	35.3657	65	65	857.769	0	0	0
5920	G	G	911.997	35.3864	66	64	0	0	911.997	0
5921	C	C	890.867	35.3864	66	63	0	890.867	0	0
5922	C	C	933.77	36.1064	65	65	0	933.77	0	0
5923	T	T	897.22	36.1306	67	67	0	0	0	897.22
5924	T	T	856.824	36.0938	64	64	0	0	0	856.824
5925	A	A	862.825	36.0675	62	62	862.825	0	0	0
5926	A	A	903.339	36.1064	65	65	903.339	0	0	0
5927	A	A	922.459	36.1306	67	67	922.459	0	0	0
5928	C	C	948.613	36.1535	69	67	0	948.613	0	0
5929	A	A	908.939	36.1422	68	68	908.939	0	0	0
5930	T	T	888.36	36.1306	67	67	0	0	0	888.36
5931	A	A	963.752	36.1645	70	70	963.752	0	0	0
5932	A	A	961.15	36.1645	70	70	961.15	0	0	0
5933	A	A	954.828	37	69	69	954.828	0	0	0
5934	T	T	918.112	37	69	69	0	0	0	918.112
5935	A	A	1009.6	37	71	71	1009.6	0	0	0
5936	A	A	1018.32	37	72	72	1018.32	0	0	0
5937	T	T	979.377	37	72	72	0	0	0	979.377
5938	T	T	980.855	37	72	72	0	0	0	980.855
5939	C	C	1020.99	37	74	72	0	1020.99	0	0
5940	A	A	991.931	37	75	75	991.931	0	0	0
5941	T	T	1040.27	37	76	76	0	0	0	1040.27
5942	T	T	1044.09	37	76	76	0	0	0	1044.09
5943	A	A	1014.63	37	77	77	1014.63	0	0	0
5944	A	A	994.41	37	72	72	994.41	0	0	0
5945	A	A	1036.21	37	75	75	1036.21	0	0	0
5946	C	C	1009.23	37	74	71	0	1009.23	0	0
5947	A	A	1030.01	37	74	74	1030.01	0	0	0
5948	A	A	1013.98	37	73	73	1013.98	0	0	0
5949	A	A	980.884	37	71	71	980.884	0	0	0
5950	A	A	994.058	37	72	72	994.058	0	0	0
5951	T	T	997.147	37	70	70	0	0	0	997.147
5952	T	T	1005.42	37	70	70	0	0	0	1005.42
5953	A	A	946.798	37	69	69	946.798	0	0	0
5954	T	T	958.248	37	68	68	0	0	0	958.248
5955	T	T	969.434	37	69	69	0	0	0	969.434
5956	C	C	1023.93	37	72	71	0	1023.93	0	0
5957	G	G	1019.4	37	74	72	0	0	1019.4	0
5958	C	C	1034.71	37	73	72	0	1034.71	0	0
5959	C	C	961.445	37	70	68	0	961.445	0	0
5960	A	A	964.413	37	71	71	964.413	0	0	0
5961	G	G	1019.95	37	72	71	0	0	1019.95	0
5962	A	A	985.666	37	73	73	985.666	0	0	0
5963	G	G	993.531	37	72	70	0	0	993.531	0
5964	A	A	923.172	37	70	70	923.172	0	0	0
5965	A	A	888.121	37	67	67	888.121	0	0	0
5966	C	C	881.457	37	64	62	0	881.457	0	0
5967	T	T	925.733	37	66	66	0	0	0	925.733
5968	A	A	891.261	37	67	67	891.261	0	0	0
5969	C	C	870.285	37	65	62	0	870.285	0	0
5970	T	T	869.708	37	64	64	0	0	0	869.708
5971	A	A	909.031	37	66	66	909.031	0	0	0
5972	G	G	924.783	37	64	64	0	0	924.783	0
5973	C	C	935.618	37	65	65	0	935.618	0	0
5974	A	A	916.608	37	65	65	916.608	0	0	0
5975	A	A	896.088	37	64	64	896.088	0	0	0
5976	C	C	884.427	37	65	62	0	884.427	0	0
5977	A	A	906.93	37	66	66	906.93	0	0	0
5978	G	G	986.842	37	71	69	0	0	986.842	0
5979	C	C	964.001	37	71	68	0	964.001	0	0
5980	T	T	934.012	37	70	70	0	0	0	934.012
5981	T	T	918.913	37	68	68	0	0	0	918.913
5982	A	A	917.4	37	67	67	917.4	0	0	0
5983	A	A	897.136	37	65	65	897.136	0	0	0
5984	A	A	885.194	37	66	66	885.194	0	0	0
5985	A	A	889.415	37	66	66	889.415	0	0	0
5986	C	C	915.421	37	67	64	0	915.421	0	0
5987	T	T	919.671	37	67	67	0	0	0	919.671
5988	C	C	916.864	37	66	64	0	916.864	0	0
5989	A	A	858.982	37	63	63	858.982	0	0	0
5990	A	A	868.717	37	65	65	868.717	0	0	0
5991	A	A	879.215	37	66	66	879.215	0	0	0
5992	G	G	904.685	37	64	63	0	0	904.685	0
5993	G	G	863.885	37	60	60	0	0	863.885	0
5994	A	A	802.614	37	59	59	802.614	0	0	0
5995	C	C	825.554	37	57	57	0	825.554	0	0
5996	T	T	820.774	37	57	57	0	0	0	820.774
5997	T	T	798.22	37	56	56	0	0	0	798.22
5998	G	G	775.211	37	55	54	0	0	775.211	0
5999	G	G	803.622	35.9945	57	56	0	0	803.622	0
6000	C	C	756.096	34.5572	59	54	0	756.096	0	0
6001	G	G	788.401	34.4921	57	55	0	0	788.401	0
6002	G	G	793.874	34.5251	58	56	0	0	793.874	0
6003	T	T	764.453	34.4921	57	57	0	0	0	764.453
6004	G	G	817.897	34.4921	57	57	0	0	817.897	0
6005	C	C	823.092	34.5251	58	57	0	823.092	0	0
6006	T	T	790.897	34.4921	57	57	0	0	0	790.897
6007	T	T	768.415	34.4234	55	55	0	0	0	768.415
6008	T	T	764.922	34.5251	58	58	0	0	0	764.922
6009	A	A	825.514	34.5251	58	58	825.514	0	0	0
6010	A	A	860.976	34.6485	62	62	860.976	0	0	0
6011	A	A	856.932	34.7056	64	63	856.932	0	0	0
6012	C	C	923.59	34.2434	67	65	0	923.59	0	0
6013	C	C	959.22	34.2735	68	67	0	959.22	0	0
6014	C	C	959.258	34.2735	68	67	0	959.258	0	0
6015	T	T	880.058	34.1811	65	65	0	0	0	880.058
6016	C	C	837.443	34.1811	65	60	0	837.443	0	0
6017	C	C	848.441	34.0116	60	59	0	848.441	0	0
6018	T	T	817.111	33.9378	58	58	0	0	0	817.111
6019	A	A	818.232	33.9752	59	59	818.232	0	0	0
6020	G	G	809.607	34.0116	60	57	0	0	809.607	0
6021	A	A	806.048	33.9378	58	58	806.048	0	0	0
6022	G	G	817.792	33.9378	58	57	0	0	817.792	0
6023	G	G	817.045	33.9378	58	57	0	0	817.045	0
6024	A	A	764.694	33.9378	58	58	764.694	0	0	0
6025	G	G	773.891	33.9752	59	55	0	0	773.891	0
6026	C	C	793.69	34.5572	59	56	0	793.69	0	0
6027	C	C	819.303	35.1787	57	57	0	819.303	0	0
6028	T	T	755.471	35.962	55	55	0	0	0	755.471
6029	G	G	776.985	35.945	54	54	0	0	776.985	0
6030	T	T	746.227	35.945	54	54	0	0	0	746.227
6031	T	T	746.878	35.945	54	54	0	0	0	746.878
6032	C	C	764.142	35.9273	53	53	0	764.142	0	0
6033	T	T	742.296	35.9273	53	53	0	0	0	742.296
6034	G	G	763.77	35.945	54	53	0	0	763.77	0
6035	T	T	721.361	35.8902	51	51	0	0	0	721.361
6036	A	A	749.991	35.9273	53	53	749.991	0	0	0
6037	A	A	791.043	35.9785	56	56	791.043	0	0	0
6038	T	T	763.028	35.9945	57	57	0	0	0	763.028
6039	C	C	780.89	36.0397	60	56	0	780.89	0	0
6040	G	G	878.937	36.0538	61	61	0	0	878.937	0
6041	A	A	835.237	36.0538	61	61	835.237	0	0	0
6042	T	T	844.24	36.0938	64	64	0	0	0	844.24
6043	A	A	823.692	36.0538	61	60	823.692	0	0	0
6044	A	A	824.78	36.0397	60	60	824.78	0	0	0
6045	A	A	821.11	36.0251	59	59	821.11	0	0	0
6046	C	C	827.715	36.0397	60	58	0	827.715	0	0
6047	C	C	853.125	36.0251	59	59	0	853.125	0	0
6048	C	C	796.23	36.0538	61	56	0	796.23	0	0
6049	C	C	853.054	36.0538	61	60	0	853.054	0	0
6050	G	G	857.325	36.0675	62	60	0	0	857.325	0
6051	A	A	855.897	36.0538	61	61	855.897	0	0	0
6052	T	T	812.94	36.0397	60	60	0	0	0	812.94
6053	A	A	910.54	36.0938	64	64	910.54	0	0	0
6054	G	G	907.375	36.0938	64	63	0	0	907.375	0
6055	A	A	887.415	37	64	64	887.415	0	0	0
6056	C	C	884.971	37	64	62	0	884.971	0	0
6057	C	C	915.877	37	66	64	0	915.877	0	0
6058	T	T	920.869	37	66	66	0	0	0	920.869
6059	C	C	874.285	37	67	62	0	874.285	0	0
6060	A	A	878.481	37	67	67	878.481	0	0	0
6061	C	C	896.45	37	66	63	0	896.45	0	0
6062	C	C	930.522	37	67	65	0	930.522	0	0
6063	A	A	869.912	37	64	64	869.912	0	0	0
6064	C	C	920.842	37	64	64	0	920.842	0	0
6065	C	C	885.969	37	66	63	0	885.969	0	0
6066	T	T	887.006	37	67	67	0	0	0	887.006
6067	C	C	944.623	36.1306	67	66	0	944.623	0	0
6068	T	T	890.602	36.1306	67	67	0	0	0	890.602
6069	T	T	907.534	36.1422	68	68	0	0	0	907.534
6070	G	G	971.867	36.1306	67	67	0	0	971.867	0
6071	C	C	981.118	36.1535	69	68	0	981.118	0	0
6072	T	T	972.328	36.1645	70	70	0	0	0	972.328
6073	A	A	1012.35	36.1645	70	70	1012.35	0	0	0
6074	A	A	1020.27	36.1752	71	71	1020.27	0	0	0
6075	T	T	1003.09	36.1857	72	72	0	0	0	1003.09
6076	T	T	1023	36.2155	75	75	0	0	0	1023
6077	C	C	1019.2	36.2249	76	72	0	1019.2	0	0
6078	A	A	1109.13	36.252	79	79	1109.13	0	0	0
6079	G	G	1095.29	36.252	79	77	0	0	1095.29	0
6080	T	T	1041.69	36.2249	76	76	0	0	0	1041.69
6081	C	C	1085.89	36.2155	75	75	0	1085.89	0	0
6082	T	T	1079.96	36.2432	78	78	0	0	0	1079.96
6083	A	A	1050.07	36.252	79	79	1050.07	0	0	0
6084	T	T	1067.15	36.2249	76	76	0	0	0	1067.15
6085	A	A	1052.26	36.2342	77	77	1052.26	0	0	0
6086	T	T	1044.05	36.2342	77	77	0	0	0	1044.05
6087	A	A	996.149	36.2155	75	75	996.149	0	0	0
6088	C	C	1065.4	36.2249	76	74	0	1065.4	0	0
6089	C	C	1102.27	36.252	79	77	0	1102.27	0	0
6090	G	G	1003.77	36.2155	75	71	0	0	1003.77	0
6091	C	C	993.546	36.1857	72	70	0	993.546	0	0
6092	C	C	995.837	37	69	69	0	995.837	0	0
6093	A	A	988.453	37	70	70	988.453	0	0	0
6094	T	T	965.815	37	69	69	0	0	0	965.815
6095	C	C	994.2	37	70	69	0	994.2	0	0
6096	T	T	958.936	37	69	69	0	0	0	958.936
6097	T	T	978.062	37	73	73	0	0	0	978.062
6098	C	C	1066.28	37	75	74	0	1066.28	0	0
6099	A	A	1050.85	37	76	76	1050.85	0	0	0
6100	G	G	1080.76	37	76	75	0	0	1080.76	0
6101	C	C	1002.08	37	74	71	0	1002.08	0	0
6102	A	A	1010.18	37	73	73	1010.18	0	0	0
6103	A	A	1000.07	36.1857	72	72	1000.07	0	0	0
6104	A	A	1010.66	36.1959	73	73	1010.66	0	0	0
6105	C	C	1070.62	36.2058	74	74	0	1070.62	0	0
6106	C	C	1041.37	36.2249	76	73	0	1041.37	0	0
6107	C	C	1016.68	36.1959	73	71	0	1016.68	0	0
6108	T	T	994.786	36.1857	72	72	0	0	0	994.786
6109	T	T	1018.78	36.2155	75	75	0	0	0	1018.78
6110	A	A	994.62	36.2155	75	75	994.62	0	0	0
6111	A	A	975.601	36.2058	74	74	975.601	0	0	0
6112	A	A	953.437	36.2058	74	74	953.437	0	0	0
6113	A	A	933.826	36.1752	71	71	933.826	0	0	0
6114	G	G	928.173	36.1306	67	65	0	0	928.173	0
6115	G	G	869.449	36.1064	65	62	0	0	869.449	0
6116	A	A	857.968	36.1064	65	65	857.968	0	0	0
6117	A	A	854.093	36.0938	64	64	854.093	0	0	0
6118	C	C	886.017	36.0809	63	62	0	886.017	0	0
6119	A	A	823.156	36.0538	61	61	823.156	0	0	0
6120	A	A	837.37	36.0538	61	61	837.37	0	0	0
6121	G	G	852.507	36.0397	60	59	0	0	852.507	0
6122	A	A	835.107	36.0251	59	59	835.107	0	0	0
6123	G	G	834.659	36.0251	59	58	0	0	834.659	0
6124	T	T	813.249	36.0251	59	59	0	0	0	813.249
6125	A	A	837.067	36.0675	62	62	837.067	0	0	0
6126	A	A	846.927	36.0938	64	64	846.927	0	0	0
6127	G	G	933.658	36.1187	66	65	0	0	933.658	0
6128	C	C	865.277	35.3445	64	61	0	865.277	0	0
6129	A	A	850.983	35.3657	65	65	850.983	0	0	0
6130	C	C	918.214	35.3445	64	64	0	918.214	0	0
6131	A	A	845.476	36.0809	63	63	845.476	0	0	0
6132	A	A	840.326	36.0809	63	63	840.326	0	0	0
6133	T	T	828.629	36.0538	61	61	0	0	0	828.629
6134	C	C	826.829	36.0538	61	58	0	826.829	0	0
6135	A	A	829.962	36.0251	59	59	829.962	0	0	0
6136	T	T	832.139	36.0538	61	61	0	0	0	832.139
6137	C	C	857.658	36.0675	62	60	0	857.658	0	0
6138	T	T	839.916	36.0938	64	64	0	0	0	839.916
6139	T	T	869.524	36.0938	64	64	0	0	0	869.524
6140	G	G	885.361	36.0938	64	62	0	0	885.361	0
6141	C	C	866.986	36.0809	63	61	0	866.986	0	0
6142	A	A	905.026	36.0938	64	64	905.026	0	0	0
6143	T	T	849.745	36.0938	64	64	0	0	0	849.745
6144	A	A	926.468	36.1064	65	65	926.468	0	0	0
6145	A	A	948.648	36.1422	68	68	948.648	0	0	0
6146	A	A	946.128	36.1535	69	69	946.128	0	0	0
6147	A	A	947.523	36.1645	70	70	947.523	0	0	0
6148	A	A	935.31	36.1645	70	70	935.31	0	0	0
6149	A	A	923.197	36.1645	70	70	923.197	0	0	0
6150	G	G	879.329	36.1535	69	64	0	0	879.329	0
6151	T	T	944.263	36.1645	70	70	0	0	0	944.263
6152	T	T	944.378	36.1535	69	69	0	0	0	944.378
6153	A	A	857.775	36.1064	65	65	857.775	0	0	0
6154	G	G	868.355	36.0938	64	61	0	0	868.355	0
6155	G	G	845.947	36.0538	61	59	0	0	845.947	0
6156	T	T	842.926	37	59	59	0	0	0	842.926
6157	C	C	839.649	37	58	58	0	839.649	0	0
6158	A	A	812.947	37	58	58	812.947	0	0	0
6159	A	A	813.614	37	58	58	813.614	0	0	0
6160	G	G	868.37	37	61	60	0	0	868.37	0
6161	G	G	822.271	37	60	58	0	0	822.271	0
6162	T	T	827.877	37	61	61	0	0	0	827.877
6163	G	G	821.645	37	63	59	0	0	821.645	0
6164	T	T	852.648	37	64	64	0	0	0	852.648
6165	A	A	861.213	37	63	63	861.213	0	0	0
6166	A	A	889.646	36.1187	66	66	889.646	0	0	0
6167	C	C	860.557	36.1064	65	61	0	860.557	0	0
6168	C	C	850.068	36.0397	60	59	0	850.068	0	0
6169	C	C	877.055	36.0675	62	61	0	877.055	0	0
6170	A	A	873.078	36.1064	65	65	873.078	0	0	0
6171	T	T	872.63	36.0938	64	64	0	0	0	872.63
6172	G	G	868.723	36.0938	64	62	0	0	868.723	0
6173	G	G	937.768	36.1064	65	65	0	0	937.768	0
6174	A	A	870.874	36.0938	64	64	870.874	0	0	0
6175	G	G	878.991	36.0675	62	61	0	0	878.991	0
6176	T	T	875.683	36.0675	62	62	0	0	0	875.683
6177	G	G	868.297	36.0938	64	61	0	0	868.297	0
6178	G	G	921.852	36.0938	64	64	0	0	921.852	0
6179	G	G	865.24	36.0538	61	60	0	0	865.24	0
6180	A	A	857.717	36.0675	62	62	857.717	0	0	0
6181	A	A	888.198	36.1064	65	65	888.198	0	0	0
6182	G	G	857.92	36.1064	65	61	0	0	857.92	0
6183	A	A	868.916	37	64	64	868.916	0	0	0
6184	A	A	859.446	37	64	64	859.446	0	0	0
6185	A	A	858.843	37	64	64	858.843	0	0	0
6186	T	T	857.105	37	62	62	0	0	0	857.105
6187	G	G	867.798	37	64	61	0	0	867.798	0
6188	G	G	860.679	37	64	61	0	0	860.679	0
6189	G	G	858.419	37	62	60	0	0	858.419	0
6190	C	C	849.742	37	60	59	0	849.742	0	0
6191	T	T	841.776	37	61	61	0	0	0	841.776
6192	A	A	796.29	37	62	62	796.29	0	0	0
6193	C	C	876.063	37	63	61	0	876.063	0	0
6194	A	A	785.103	37	60	60	785.103	0	0	0
6195	T	T	800.747	37	58	58	0	0	0	800.747
6196	T	T	796.836	37	58	58	0	0	0	796.836
6197	T	T	748.805	37	56	56	0	0	0	748.805
6198	T	T	763.141	37	57	57	0	0	0	763.141
6199	C	C	760.186	37	61	55	0	760.186	0	0
6200	T	T	776.14	37	61	61	0	0	0	776.14
6201	A	A	882.397	37	63	63	882.397	0	0	0
6202	T	T	821	37	64	64	0	0	0	821
6203	T	T	829.279	37	63	63	0	0	0	829.279
6204	C	C	823.361	37	63	59	0	823.361	0	0
6205	A	A	910.099	37	64	64	910.099	0	0	0
6206	A	A	903.754	37	65	65	903.754	0	0	0
6207	G	G	939.039	37	66	65	0	0	939.039	0
6208	A	A	923.635	37	67	67	923.635	0	0	0
6209	A	A	915.73	37	67	67	915.73	0	0	0
6210	C	C	909.865	37	67	64	0	909.865	0	0
6211	A	A	880.558	37	66	66	880.558	0	0	0
6212	A	A	846.892	37	63	63	846.892	0	0	0
6213	C	C	924.22	37	64	64	0	924.22	0	0
6214	T	T	893.566	37	65	65	0	0	0	893.566
6215	T	T	860.996	37	63	63	0	0	0	860.996
6216	A	A	853.903	37	63	63	853.903	0	0	0
6217	C	C	864.925	37	61	60	0	864.925	0	0
6218	G	G	832.823	37	62	59	0	0	832.823	0
6219	A	A	835.626	37	64	64	835.626	0	0	0
6220	A	A	805.036	37	62	62	805.036	0	0	0
6221	A	A	794.183	37	61	61	794.183	0	0	0
6222	G	G	833.961	37	59	58	0	0	833.961	0
6223	T	T	763.559	37	55	55	0	0	0	763.559
6224	T	T	784.461	37	56	56	0	0	0	784.461
6225	T	T	762.079	37	55	55	0	0	0	762.079
6226	T	T	762.706	37	55	55	0	0	0	762.706
6227	T	T	778.556	37	55	55	0	0	0	778.556
6228	A	A	781.889	37	57	57	781.889	0	0	0
6229	T	T	762.632	37	55	55	0	0	0	762.632
6230	G	G	783.443	37	56	55	0	0	783.443	0
6231	A	A	768.273	37	56	56	768.273	0	0	0
6232	A	A	751.636	37	55	55	751.636	0	0	0
6233	A	A	733.572	37	54	54	733.572	0	0	0
6234	C	C	800.685	37	58	56	0	800.685	0	0
6235	T	T	785.614	37	58	58	0	0	0	785.614
6236	A	A	758.827	37	58	58	758.827	0	0	0
6237	A	A	759.835	37	58	58	759.835	0	0	0
6238	A	A	739.497	37	55	55	739.497	0	0	0
6239	A	A	751.426	37	55	55	751.426	0	0	0
6240	A	A	761.04	37	55	55	761.04	0	0	0
6241	C	C	700.7	37	54	50	0	700.7	0	0
6242	T	T	741.994	37	54	54	0	0	0	741.994
6243	A	A	749.822	37	56	56	749.822	0	0	0
6244	A	A	779.956	37	58	58	779.956	0	0	0
6245	A	A	781.567	37	58	58	781.567	0	0	0
6246	G	G	775.313	37	55	54	0	0	775.313	0
6247	G	G	792.803	37	55	55	0	0	792.803	0
6248	T	T	773.412	37	60	60	0	0	0	773.412
6249	G	G	879.838	37	61	61	0	0	879.838	0
6250	G	G	890.339	37	62	62	0	0	890.339	0
6251	A	A	812.752	37	59	59	812.752	0	0	0
6252	T	T	782.481	37	58	58	0	0	0	782.481
6253	T	T	817.121	37	60	60	0	0	0	817.121
6254	T	T	837.437	37	61	61	0	0	0	837.437
6255	A	A	851.607	37	59	59	851.607	0	0	0
6256	G	G	837.013	37	59	58	0	0	837.013	0
6257	T	T	826.656	37	61	61	0	0	0	826.656
6258	A	A	891.263	37	64	64	891.263	0	0	0
6259	G	G	873.804	37	65	62	0	0	873.804	0
6260	T	T	902.716	37	67	67	0	0	0	902.716
6261	A	A	947.736	37	68	68	947.736	0	0	0
6262	A	A	980.948	37	70	70	980.948	0	0	0
6263	A	A	971.851	37	68	68	971.851	0	0	0
6264	T	T	927.721	37	69	69	0	0	0	927.721
6265	C	C	954.467	37	70	67	0	954.467	0	0
6266	A	A	1017.33	37	74	74	1017.33	0	0	0
6267	A	A	982.427	37	74	74	982.427	0	0	0
6268	G	G	1049.5	37	74	73	0	0	1049.5	0
6269	A	A	999.246	37	73	73	999.246	0	0	0
6270	A	A	1010.49	37	74	74	1010.49	0	0	0
6271	T	T	1003.81	37	72	72	0	0	0	1003.81
6272	A	A	937.973	37	68	68	937.973	0	0	0
6273	G	G	960.627	37	69	67	0	0	960.627	0
6274	A	A	976.489	37	72	72	976.489	0	0	0
6275	G	G	1048.77	37	75	73	0	0	1048.77	0
6276	A	A	1004.65	37	71	71	1004.65	0	0	0
6277	G	G	1026.21	37	72	71	0	0	1026.21	0
6278	C	C	1013.6	37	74	71	0	1013.6	0	0
6279	T	T	986.996	37	73	73	0	0	0	986.996
6280	T	T	1021	37	75	75	0	0	0	1021
6281	G	G	1041.62	37	77	74	0	0	1041.62	0
6282	A	A	1090.72	37	78	78	1090.72	0	0	0
6283	T	T	1087.87	37	81	81	0	0	0	1087.87
6284	T	T	1104	37	81	81	0	0	0	1104
6285	G	G	1065.5	37	79	75	0	0	1065.5	0
6286	A	A	1094.78	37	80	80	1094.78	0	0	0
6287	A	A	1105.44	37	81	81	1105.44	0	0	0
6288	T	T	1112.48	37	79	79	0	0	0	1112.48
6289	A	A	1033.79	37	75	75	1033.79	0	0	0
6290	A	A	1017.5	37	74	74	1017.5	0	0	0
6291	G	G	1053.84	37	73	73	0	0	1053.84	0
6292	G	G	1052.97	37	74	73	0	0	1052.97	0
6293	C	C	1072.77	37	74	74	0	1072.77	0	0
6294	A	A	1010.48	37	72	72	1010.48	0	0	0
6295	A	A	998.049	37	71	71	998.049	0	0	0
6296	T	T	997.475	37	71	71	0	0	0	997.475
6297	G	G	1040.26	37	73	72	0	0	1040.26	0
6298	A	A	989.909	37	72	72	989.909	0	0	0
6299	A	A	988.667	37	73	73	988.667	0	0	0
6300	G	G	1022.01	37	75	72	0	0	1022.01	0
6301	C	C	1073.63	37	77	75	0	1073.63	0	0
6302	A	A	971.446	37	74	74	971.446	0	0	0
6303	T	T	1003.21	37	75	75	0	0	0	1003.21
6304	G	G	980.529	37	72	69	0	0	980.529	0
6305	C	C	992.763	37	70	69	0	992.763	0	0
6306	A	A	926.035	37	67	67	926.035	0	0	0
6307	C	C	978.505	37	69	68	0	978.505	0	0
6308	A	A	905.429	37	68	68	905.429	0	0	0
6309	C	C	995.701	37	69	69	0	995.701	0	0
6310	A	A	923.481	37	68	68	923.481	0	0	0
6311	C	C	858.298	37	66	62	0	858.298	0	0
6312	C	C	924.245	37	65	64	0	924.245	0	0
6313	G	G	922.523	37	64	64	0	0	922.523	0
6314	C	C	881.438	37	65	62	0	881.438	0	0
6315	C	C	935.86	37	66	65	0	935.86	0	0
6316	C	C	878.39	37	64	62	0	878.39	0	0
6317	G	G	864.711	37	63	61	0	0	864.711	0
6318	T	T	849.227	37	61	61	0	0	0	849.227
6319	C	C	868.928	37	62	61	0	868.928	0	0
6320	A	A	782.259	37	59	59	782.259	0	0	0
6321	C	C	819.261	37	57	57	0	819.261	0	0
6322	C	C	776.267	37	55	54	0	776.267	0	0
6323	C	C	711.24	37	55	52	0	711.24	0	0
6324	T	T	775.381	35.9785	56	56	0	0	0	775.381
6325	C	C	745.345	35.945	54	52	0	745.345	0	0
6326	C	C	778.062	35.945	54	54	0	778.062	0	0
6327	T	T	731.52	35.9273	53	53	0	0	0	731.52
6328	C	C	670.184	35.8902	51	48	0	670.184	0	0
6329	A	A	742.672	35.9091	52	52	742.672	0	0	0
6330	A	A	741.25	35.9273	53	53	741.25	0	0	0
6331	G	G	747.988	35.9273	53	52	0	0	747.988	0
6332	T	T	730.385	35.945	54	54	0	0	0	730.385
6333	G	G	767.188	35.962	55	54	0	0	767.188	0
6334	G	G	796.652	36.01	58	56	0	0	796.652	0
6335	C	C	740.538	36.01	58	53	0	740.538	0	0
6336	A	A	824.741	36.0251	59	59	824.741	0	0	0
6337	C	C	790.938	36.0251	59	56	0	790.938	0	0
6338	A	A	823.604	36.0397	60	60	823.604	0	0	0
6339	A	A	812.176	36.0397	60	60	812.176	0	0	0
6340	G	G	828.591	36.0397	60	58	0	0	828.591	0
6341	C	C	875.895	36.0675	62	61	0	875.895	0	0
6342	C	C	822.7	37	57	57	0	822.7	0	0
6343	A	A	792.57	37	57	57	792.57	0	0	0
6344	A	A	792.919	37	57	57	792.919	0	0	0
6345	A	A	796.965	37	58	58	796.965	0	0	0
6346	C	C	829.621	37	60	58	0	829.621	0	0
6347	A	A	799.44	37	58	58	799.44	0	0	0
6348	T	T	803.271	37	59	59	0	0	0	803.271
6349	A	A	791.7	37	59	59	791.7	0	0	0
6350	A	A	797.432	37	60	60	797.432	0	0	0
6351	C	C	911.536	37	66	64	0	911.536	0	0
6352	C	C	915.17	37	65	64	0	915.17	0	0
6353	T	T	813.166	37	63	63	0	0	0	813.166
6354	A	A	874.45	37	63	63	874.45	0	0	0
6355	T	T	814.367	37	62	62	0	0	0	814.367
6356	T	T	854.057	37	63	63	0	0	0	854.057
6357	G	G	913.191	37	63	63	0	0	913.191	0
6358	A	A	926.86	37	65	65	926.86	0	0	0
6359	A	A	905.491	37	65	65	905.491	0	0	0
6360	A	A	909.297	37	66	66	909.297	0	0	0
6361	C	C	929.708	37	66	65	0	929.708	0	0
6362	C	C	926.853	37	64	64	0	926.853	0	0
6363	A	A	854.337	37	65	65	854.337	0	0	0
6364	A	A	880.995	37	66	66	880.995	0	0	0
6365	A	A	923.511	37	69	69	923.511	0	0	0
6366	T	T	847.813	37	65	65	0	0	0	847.813
6367	A	A	904.862	37	66	66	904.862	0	0	0
6368	A	A	920.257	37	67	67	920.257	0	0	0
6369	A	A	902.562	37	66	66	902.562	0	0	0
6370	A	A	919.397	36.1535	69	69	919.397	0	0	0
6371	C	C	921.173	36.1306	67	65	0	921.173	0	0
6372	G	G	898.755	36.1064	65	63	0	0	898.755	0
6373	C	C	862.029	35.3657	65	61	0	862.029	0	0
6374	A	A	827.075	35.3003	62	62	827.075	0	0	0
6375	A	A	836.921	35.2773	61	61	836.921	0	0	0
6376	G	G	833.769	35.2294	59	58	0	0	833.769	0
6377	A	A	847.213	35.3003	62	62	847.213	0	0	0
6378	G	G	865.049	35.2537	60	60	0	0	865.049	0
6379	G	G	865.451	35.2773	61	60	0	0	865.451	0
6380	A	A	865.653	35.3227	63	63	865.653	0	0	0
6381	G	G	879.129	35.3003	62	61	0	0	879.129	0
6382	G	G	880.163	35.2773	61	61	0	0	880.163	0
6383	C	C	824.229	35.2773	61	58	0	824.229	0	0
6384	A	A	834.704	35.3227	63	63	834.704	0	0	0
6385	A	A	859.84	35.3657	65	65	859.84	0	0	0
6386	G	G	872.826	34.76	66	63	0	0	872.826	0
6387	T	T	865.806	34.7331	65	65	0	0	0	865.806
6388	C	C	870.887	34.6774	63	61	0	870.887	0	0
6389	G	G	896.484	34.6774	63	62	0	0	896.484	0
6390	T	T	847.607	34.6774	63	63	0	0	0	847.607
6391	A	A	887.95	34.6774	63	63	887.95	0	0	0
6392	A	A	877.893	34.7056	64	64	877.893	0	0	0
6393	C	C	887.988	34.7056	64	62	0	887.988	0	0
6394	A	A	848.983	34.7056	64	64	848.983	0	0	0
6395	A	A	823.205	34.6774	63	63	823.205	0	0	0
6396	G	G	791.94	34.6485	62	58	0	0	791.94	0
6397	G	G	763.202	34.6188	61	55	0	0	763.202	0
6398	T	T	819.045	35.2044	58	58	0	0	0	819.045
6399	A	A	779.888	35.2044	58	58	779.888	0	0	0
6400	A	A	783.797	36.01	58	58	783.797	0	0	0
6401	G	G	859.74	36.0397	60	60	0	0	859.74	0
6402	C	C	764.479	35.9945	57	54	0	764.479	0	0
6403	A	A	769.591	35.962	55	55	769.591	0	0	0
6404	T	T	774.942	35.9945	57	57	0	0	0	774.942
6405	A	A	804.472	35.9945	57	57	804.472	0	0	0
6406	C	C	728.059	35.962	55	52	0	728.059	0	0
6407	T	T	765.481	35.962	55	55	0	0	0	765.481
6408	G	G	793.9	35.962	55	55	0	0	793.9	0
6409	G	G	793.274	35.9785	56	55	0	0	793.274	0
6410	A	A	747.381	35.962	55	55	747.381	0	0	0
6411	A	A	768.566	35.9785	56	56	768.566	0	0	0
6412	A	A	769.241	35.9945	57	57	769.241	0	0	0
6413	G	G	739.382	35.962	55	52	0	0	739.382	0
6414	T	T	742.204	35.9273	53	53	0	0	0	742.204
6415	G	G	765.172	35.9273	53	53	0	0	765.172	0
6416	T	T	750.538	35.9273	53	53	0	0	0	750.538
6417	G	G	727.263	35.9273	53	51	0	0	727.263	0
6418	C	C	712.858	35.8902	51	50	0	712.858	0	0
6419	T	T	733.708	35.9091	52	52	0	0	0	733.708
6420	T	T	755.202	35.9945	57	57	0	0	0	755.202
6421	G	G	776.575	36.01	58	55	0	0	776.575	0
6422	G	G	782.649	35.9785	56	55	0	0	782.649	0
6423	A	A	760.957	35.9785	56	56	760.957	0	0	0
6424	T	T	762.599	36.01	58	58	0	0	0	762.599
6425	G	G	730.241	35.9785	56	52	0	0	730.241	0
6426	G	G	790.022	35.9785	56	55	0	0	790.022	0
6427	A	A	723.135	35.9785	56	55	723.135	0	0	0
6428	T	T	766.979	35.9945	57	57	0	0	0	766.979
6429	C	C	727.787	35.962	55	52	0	727.787	0	0
6430	A	A	739.756	35.945	54	54	739.756	0	0	0
6431	A	A	738.477	35.945	54	54	738.477	0	0	0
6432	A	A	724.893	35.9273	53	52	724.893	0	0	0
6433	G	G	776.206	35.962	55	54	0	0	776.206	0
6434	T	T	759.694	36.01	58	58	0	0	0	759.694
6435	G	G	809.236	35.9945	57	56	0	0	809.236	0
6436	T	T	768.831	37	59	59	0	0	0	768.831
6437	A	A	826.047	37	60	60	826.047	0	0	0
6438	G	G	819.166	37	62	58	0	0	819.166	0
6439	C	C	872.998	37	62	61	0	872.998	0	0
6440	T	T	830.972	37	63	63	0	0	0	830.972
6441	T	T	842.96	37	62	62	0	0	0	842.96
6442	A	A	916.54	37	64	64	916.54	0	0	0
6443	A	A	892.2	37	64	64	892.2	0	0	0
6444	A	A	883.732	37	65	65	883.732	0	0	0
6445	C	C	939.565	37	65	65	0	939.565	0	0
6446	A	A	901.773	37	68	68	901.773	0	0	0
6447	A	A	901.963	37	69	69	901.963	0	0	0
6448	A	A	901.512	37	66	66	901.512	0	0	0
6449	G	G	908.932	37	64	63	0	0	908.932	0
6450	C	C	916.938	37	65	64	0	916.938	0	0
6451	A	A	899.111	37	64	64	899.111	0	0	0
6452	T	T	877.393	37	64	64	0	0	0	877.393
6453	C	C	920.539	37	66	64	0	920.539	0	0
6454	T	T	911.242	37	67	67	0	0	0	911.242
6455	A	A	1003.4	37	70	70	1003.4	0	0	0
6456	G	G	1028.75	37	71	71	0	0	1028.75	0
6457	C	C	1020.06	37	72	71	0	1020.06	0	0
6458	T	T	985.394	37	73	73	0	0	0	985.394
6459	T	T	1005.08	37	73	73	0	0	0	1005.08
6460	A	A	1022.95	37	74	74	1022.95	0	0	0
6461	C	C	1045.28	37	75	73	0	1045.28	0	0
6462	A	A	1057.78	37	76	76	1057.78	0	0	0
6463	C	C	1083.36	37	75	75	0	1083.36	0	0
6464	C	C	1066.45	37	75	74	0	1066.45	0	0
6465	C	C	1053.48	37	74	73	0	1053.48	0	0
6466	A	A	1030.97	37	75	75	1030.97	0	0	0
6467	G	G	1018.77	37	76	72	0	0	1018.77	0
6468	A	A	1033	37	77	77	1033	0	0	0
6469	G	G	1067.88	37	78	75	0	0	1067.88	0
6470	G	G	1117.89	37	80	78	0	0	1117.89	0
6471	A	A	1039.81	37	78	78	1039.81	0	0	0
6472	T	T	1032.69	37	76	76	0	0	0	1032.69
6473	T	T	1031.11	37	76	76	0	0	0	1031.11
6474	T	T	1039.24	37	75	75	0	0	0	1039.24
6475	C	C	1042.14	37	72	72	0	1042.14	0	0
6476	A	A	961.655	37	70	70	961.655	0	0	0
6477	C	C	1027.42	37	71	71	0	1027.42	0	0
6478	G	G	974.015	37	70	68	0	0	974.015	0
6479	T	T	988.825	37	69	69	0	0	0	988.825
6480	A	A	904.457	37	67	67	904.457	0	0	0
6481	T	T	934.396	37	67	67	0	0	0	934.396
6482	G	G	994.035	37	69	69	0	0	994.035	0
6483	T	T	928.372	37	68	68	0	0	0	928.372
6484	G	G	957.67	37	69	67	0	0	957.67	0
6485	A	A	905.391	37	66	66	905.391	0	0	0
6486	C	C	965.252	37	67	67	0	965.252	0	0
6487	C	C	901.582	36.1187	66	63	0	901.582	0	0
6488	G	G	1011.03	35.4641	70	70	0	0	1011.03	0
6489	C	C	950.739	35.4641	70	67	0	950.739	0	0
6490	T	T	934.874	35.4641	70	70	0	0	0	934.874
6491	T	T	945.096	35.4641	70	70	0	0	0	945.096
6492	T	T	952.957	35.4641	70	70	0	0	0	952.957
6493	G	G	986.345	35.4824	71	69	0	0	986.345	0
6494	A	A	956.73	35.4641	70	70	956.73	0	0	0
6495	A	A	952.702	35.4641	70	70	952.702	0	0	0
6496	C	C	961.41	34.885	71	68	0	961.41	0	0
6497	C	C	1001.12	34.9083	72	70	0	1001.12	0	0
6498	C	C	925.301	34.8612	70	66	0	925.301	0	0
6499	A	A	957.471	34.885	71	71	957.471	0	0	0
6500	G	G	986.431	34.885	71	69	0	0	986.431	0
6501	A	A	953.375	34.885	71	71	953.375	0	0	0
6502	G	G	961.534	34.8367	69	67	0	0	961.534	0
6503	C	C	948.596	34.8367	69	67	0	948.596	0	0
6504	T	T	938.508	34.8367	69	69	0	0	0	938.508
6505	A	A	981.75	34.9083	72	72	981.75	0	0	0
6506	G	G	966.291	34.8612	70	68	0	0	966.291	0
6507	C	C	979.365	34.9083	72	69	0	979.365	0	0
6508	C	C	1031.07	34.9311	73	72	0	1031.07	0	0
6509	C	C	1003.85	34.9534	74	71	0	1003.85	0	0
6510	A	A	971.727	34.9311	73	73	971.727	0	0	0
6511	G	G	957.139	34.885	71	68	0	0	957.139	0
6512	A	A	935.142	34.8367	69	69	935.142	0	0	0
6513	T	T	971.285	35.4641	70	70	0	0	0	971.285
6514	A	A	899.65	36.1422	68	68	899.65	0	0	0
6515	A	A	901.56	36.1422	68	68	901.56	0	0	0
6516	C	C	953.149	36.1187	66	66	0	953.149	0	0
6517	A	A	886.85	36.1306	67	67	886.85	0	0	0
6518	A	A	861.183	36.1187	66	66	861.183	0	0	0
6519	C	C	860.583	36.0938	64	61	0	860.583	0	0
6520	T	T	878.868	36.0938	64	64	0	0	0	878.868
6521	A	A	858.112	36.0938	64	64	858.112	0	0	0
6522	A	A	842.367	36.0809	63	63	842.367	0	0	0
6523	C	C	891.789	36.0675	62	62	0	891.789	0	0
6524	C	C	877.086	37	62	61	0	877.086	0	0
6525	A	A	880.626	37	65	65	880.626	0	0	0
6526	A	A	866.787	37	65	65	866.787	0	0	0
6527	A	A	866.953	37	65	65	866.953	0	0	0
6528	C	C	920.418	36.1064	65	64	0	920.418	0	0
6529	T	T	865.501	36.1187	66	66	0	0	0	865.501
6530	A	A	899.083	36.1064	65	65	899.083	0	0	0
6531	C	C	913.542	36.1187	66	64	0	913.542	0	0
6532	C	C	843.997	36.0938	64	60	0	843.997	0	0
6533	A	A	894.085	36.0938	64	64	894.085	0	0	0
6534	T	T	886.613	36.0938	64	64	0	0	0	886.613
6535	A	A	866.463	36.0809	63	63	866.463	0	0	0
6536	G	G	825.372	36.0938	64	60	0	0	825.372	0
6537	A	A	864.267	36.1064	65	65	864.267	0	0	0
6538	T	T	902.604	36.1187	66	66	0	0	0	902.604
6539	C	C	962.43	36.1422	68	67	0	962.43	0	0
6540	A	A	888.73	36.1306	67	67	888.73	0	0	0
6541	A	A	916.421	36.1535	69	69	916.421	0	0	0
6542	T	T	861.69	36.1064	65	65	0	0	0	861.69
6543	T	T	871.501	36.1064	65	65	0	0	0	871.501
6544	A	A	879.384	36.0809	63	63	879.384	0	0	0
6545	A	A	930.782	36.1187	66	66	930.782	0	0	0
6546	A	A	913.189	36.1306	67	67	913.189	0	0	0
6547	T	T	894.873	36.1064	65	65	0	0	0	894.873
6548	A	A	899.201	36.1064	65	65	899.201	0	0	0
6549	A	A	891.622	36.0938	64	64	891.622	0	0	0
6550	A	A	893.359	36.1187	66	66	893.359	0	0	0
6551	A	A	880.652	36.0809	63	63	880.652	0	0	0
6552	C	C	920.116	35.3657	65	64	0	920.116	0	0
6553	A	A	914.98	35.3864	66	66	914.98	0	0	0
6554	T	T	927.528	34.8612	70	70	0	0	0	927.528
6555	T	T	911.388	34.8118	68	68	0	0	0	911.388
6556	C	C	929.207	34.7862	67	65	0	929.207	0	0
6557	A	A	976.633	34.8612	70	70	976.633	0	0	0
6558	A	A	981.047	34.885	71	71	981.047	0	0	0
6559	C	C	1023.56	34.885	71	71	0	1023.56	0	0
6560	A	A	980.49	34.9083	72	72	980.49	0	0	0
6561	G	G	998.768	34.8612	70	69	0	0	998.768	0
6562	T	T	972.293	34.8612	70	70	0	0	0	972.293
6563	A	A	961.302	35.4641	70	70	961.302	0	0	0
6564	C	C	1012.57	35.4824	71	70	0	1012.57	0	0
6565	A	A	945.996	35.5002	72	71	945.996	0	0	0
6566	A	A	988.088	35.5176	73	73	988.088	0	0	0
6567	T	T	1004.43	35.5675	76	76	0	0	0	1004.43
6568	T	T	986.564	35.5512	75	75	0	0	0	986.564
6569	A	A	1016.85	35.5346	74	74	1016.85	0	0	0
6570	A	A	1038.62	35.5675	76	76	1038.62	0	0	0
6571	A	A	1022.52	35.5675	76	76	1022.52	0	0	0
6572	G	G	1034.65	35.5346	74	72	0	0	1034.65	0
6573	T	T	1021.19	35.5512	75	75	0	0	0	1021.19
6574	A	A	1022.4	35.5346	74	74	1022.4	0	0	0
6575	T	T	1020.41	35.5346	74	74	0	0	0	1020.41
6576	A	A	1038.24	35.5346	74	74	1038.24	0	0	0
6577	G	G	1035.85	35.5346	74	72	0	0	1035.85	0
6578	G	G	1011.04	35.5512	75	71	0	0	1011.04	0
6579	A	A	1055.11	36.2155	75	75	1055.11	0	0	0
6580	G	G	1051.9	36.2058	74	73	0	0	1051.9	0
6581	A	A	1010.69	36.2155	75	75	1010.69	0	0	0
6582	T	T	1070.94	36.2432	78	78	0	0	0	1070.94
6583	A	A	1008.36	36.2058	74	74	1008.36	0	0	0
6584	G	G	1017.47	35.5675	76	72	0	0	1017.47	0
6585	A	A	1019.54	36.2155	75	75	1019.54	0	0	0
6586	A	A	996.136	36.1857	72	72	996.136	0	0	0
6587	A	A	1011.46	36.2058	74	74	1011.46	0	0	0
6588	T	T	998.122	36.1857	72	72	0	0	0	998.122
6589	T	T	979.7	36.1752	71	71	0	0	0	979.7
6590	C	C	1002.01	36.1959	73	70	0	1002.01	0	0
6591	T	T	995.719	36.1857	72	72	0	0	0	995.719
6592	T	T	1002.27	36.1857	72	72	0	0	0	1002.27
6593	T	T	981.783	36.1752	71	71	0	0	0	981.783
6594	T	T	959.691	36.1535	69	69	0	0	0	959.691
6595	A	A	922.075	36.1645	70	70	922.075	0	0	0
6596	A	A	930.719	36.1645	70	70	930.719	0	0	0
6597	T	T	939.147	36.1535	69	69	0	0	0	939.147
6598	C	C	959.268	36.1535	69	67	0	959.268	0	0
6599	G	G	926	36.1187	66	65	0	0	926	0
6600	G	G	963.559	36.1306	67	67	0	0	963.559	0
6601	A	A	946.992	36.1535	69	69	946.992	0	0	0
6602	G	G	937.495	36.1422	68	66	0	0	937.495	0
6603	C	C	959.565	36.1422	68	67	0	959.565	0	0
6604	T	T	923.191	36.1645	70	70	0	0	0	923.191
6605	A	A	959.112	36.1535	69	69	959.112	0	0	0
6606	T	T	957.487	36.1645	70	70	0	0	0	957.487
6607	A	A	938.81	36.1535	69	69	938.81	0	0	0
6608	G	G	969.964	36.1535	69	68	0	0	969.964	0
6609	A	A	939.501	36.1752	71	71	939.501	0	0	0
6610	G	G	948.855	36.1645	70	67	0	0	948.855	0
6611	A	A	949.381	36.1857	72	72	949.381	0	0	0
6612	G	G	1008.03	37	71	70	0	0	1008.03	0
6613	A	A	951.308	37	70	70	951.308	0	0	0
6614	G	G	924.627	37	68	65	0	0	924.627	0
6615	T	T	905.464	37	66	66	0	0	0	905.464
6616	A	A	917.193	37	66	66	917.193	0	0	0
6617	C	C	955.366	37	66	66	0	955.366	0	0
6618	C	C	930.788	37	67	65	0	930.788	0	0
6619	G	G	919.445	37	65	64	0	0	919.445	0
6620	C	C	924.358	37	65	64	0	924.358	0	0
6621	A	A	912.435	37	66	66	912.435	0	0	0
6622	A	A	910.931	37	66	66	910.931	0	0	0
6623	G	G	952.867	37	67	66	0	0	952.867	0
6624	G	G	892.712	37	65	63	0	0	892.712	0
6625	G	G	907.57	37	66	64	0	0	907.57	0
6626	A	A	919.2	37	67	67	919.2	0	0	0
6627	A	A	924.02	37	68	68	924.02	0	0	0
6628	T	T	922.399	37	68	68	0	0	0	922.399
6629	G	G	997.526	37	72	70	0	0	997.526	0
6630	A	A	1005.04	37	72	72	1005.04	0	0	0
6631	T	T	972.279	37	75	75	0	0	0	972.279
6632	G	G	1039.51	37	75	73	0	0	1039.51	0
6633	A	A	1020.62	37	75	75	1020.62	0	0	0
6634	A	A	1021.43	37	75	75	1021.43	0	0	0
6635	A	A	1029.26	37	75	75	1029.26	0	0	0
6636	G	G	1037.94	37	75	73	0	0	1037.94	0
6637	A	A	1025.28	37	76	76	1025.28	0	0	0
6638	T	T	1013.16	37	73	73	0	0	0	1013.16
6639	T	T	1013.37	37	74	74	0	0	0	1013.37
6640	A	A	1057.28	37	76	76	1057.28	0	0	0
6641	C	C	1066.54	37	75	74	0	1066.54	0	0
6642	T	T	1015.53	37	74	74	0	0	0	1015.53
6643	T	T	1034.55	37	77	77	0	0	0	1034.55
6644	A	A	1086.96	37	78	78	1086.96	0	0	0
6645	A	A	1076.72	37	77	77	1076.72	0	0	0
6646	A	A	1068.33	37	75	75	1068.33	0	0	0
6647	G	A	1048.68	37	74	74	1048.68	0	0	0
6648	T	T	1043.08	37	73	73	0	0	0	1043.08
6649	A	A	1019.47	37	74	74	1019.47	0	0	0
6650	A	A	1007	37	74	74	1007	0	0	0
6651	C	C	1051.14	37	75	73	0	1051.14	0	0
6652	A	A	1023.07	37	75	75	1023.07	0	0	0
6653	A	A	1001.95	37	72	72	1001.95	0	0	0
6654	A	A	1008.97	37	72	72	1008.97	0	0	0
6655	C	C	1010.7	37	74	71	0	1010.7	0	0
6656	A	A	1055.83	37	74	74	1055.83	0	0	0
6657	G	G	1041.71	37	75	73	0	0	1041.71	0
6658	C	C	1055.22	37	76	74	0	1055.22	0	0
6659	A	A	1028.97	37	78	78	1028.97	0	0	0
6660	A	A	1026.94	37	79	79	1026.94	0	0	0
6661	A	A	1047.59	37	81	81	1047.59	0	0	0
6662	G	G	1111.68	37	80	78	0	0	1111.68	0
6663	A	A	996.052	37	75	75	996.052	0	0	0
6664	T	T	966.782	37	70	70	0	0	0	966.782
6665	T	T	980.898	37	73	73	0	0	0	980.898
6666	A	A	963.882	37	72	72	963.882	0	0	0
6667	C	C	1007.81	37	73	71	0	1007.81	0	0
6668	C	C	1038.45	37	72	72	0	1038.45	0	0
6669	C	C	930.818	37	69	66	0	930.818	0	0
6670	C	C	959.384	37	68	67	0	959.384	0	0
6671	T	T	941.889	37	70	70	0	0	0	941.889
6672	C	C	949.906	37	67	66	0	949.906	0	0
6673	C	C	901.025	37	68	64	0	901.025	0	0
6674	T	T	889.277	37	67	67	0	0	0	889.277
6675	A	A	932.439	37	69	69	932.439	0	0	0
6676	C	C	908.965	37	67	64	0	908.965	0	0
6677	C	C	939.322	37	66	65	0	939.322	0	0
6678	T	T	912.926	37	66	66	0	0	0	912.926
6679	T	T	914.367	37	66	66	0	0	0	914.367
6680	T	T	906.686	37	65	65	0	0	0	906.686
6681	T	T	910.828	37	65	65	0	0	0	910.828
6682	G	G	916.805	37	67	65	0	0	916.805	0
6683	C	C	948.231	37	67	66	0	948.231	0	0
6684	A	A	918.555	37	67	67	918.555	0	0	0
6685	T	T	890.035	37	66	66	0	0	0	890.035
6686	A	A	894.588	37	65	65	894.588	0	0	0
6687	A	A	909.468	37	66	66	909.468	0	0	0
6688	T	T	921.238	37	67	67	0	0	0	921.238
6689	G	G	897.921	37	66	63	0	0	897.921	0
6690	A	A	902.55	37	67	67	902.55	0	0	0
6691	G	G	946.241	37	68	66	0	0	946.241	0
6692	T	T	913.221	37	67	67	0	0	0	913.221
6693	T	T	915.245	37	67	67	0	0	0	915.245
6694	A	A	908.153	37	68	68	908.153	0	0	0
6695	G	G	931.03	37	66	65	0	0	931.03	0
6696	C	C	936.902	37	65	65	0	936.902	0	0
6697	C	C	893.295	37	62	62	0	893.295	0	0
6698	A	A	848.492	37	63	63	848.492	0	0	0
6699	G	G	917.93	37	65	64	0	0	917.93	0
6700	A	A	879.609	37	65	65	879.609	0	0	0
6701	A	A	875.527	37	63	63	875.527	0	0	0
6702	A	A	857.831	37	61	61	857.831	0	0	0
6703	T	T	836.176	37	61	61	0	0	0	836.176
6704	A	A	845.397	37	62	62	845.397	0	0	0
6705	G	G	823.111	37	61	58	0	0	823.111	0
6706	C	C	862.226	37	62	60	0	862.226	0	0
6707	C	C	881.897	37	62	61	0	881.897	0	0
6708	T	T	843.946	37	62	62	0	0	0	843.946
6709	A	A	891.69	37	64	64	891.69	0	0	0
6710	A	A	926.192	37	66	66	926.192	0	0	0
6711	C	C	915.08	37	66	64	0	915.08	0	0
6712	A	A	923.7	37	65	65	923.7	0	0	0
6713	A	A	904.4	37	64	64	904.4	0	0	0
6714	A	A	939.143	37	67	67	939.143	0	0	0
6715	G	G	955.605	37	68	67	0	0	955.605	0
6716	A	A	931.48	37	67	67	931.48	0	0	0
6717	G	G	876.909	37	70	64	0	0	876.909	0
6718	A	A	929.279	37	68	68	929.279	0	0	0
6719	A	A	933.019	37	68	68	933.019	0	0	0
6720	C	C	962.769	37	68	67	0	962.769	0	0
6721	T	T	941.645	37	69	69	0	0	0	941.645
6722	T	T	950.612	37	70	70	0	0	0	950.612
6723	A	A	984.389	37	70	70	984.389	0	0	0
6724	A	A	997.549	37	73	73	997.549	0	0	0
6725	G	G	1052.25	37	73	73	0	0	1052.25	0
6726	C	C	1041.7	37	74	73	0	1041.7	0	0
6727	T	T	998.387	37	72	72	0	0	0	998.387
6728	A	A	956.202	37	73	73	956.202	0	0	0
6729	G	G	861.288	37	70	63	0	0	861.288	0
6730	G	G	904.726	37	70	65	0	0	904.726	0
6731	T	T	949.661	37	69	69	0	0	0	949.661
6732	C	C	920.916	37	65	64	0	920.916	0	0
6733	C	C	926.098	37	65	64	0	926.098	0	0
6734	C	C	935.555	37	65	65	0	935.555	0	0
6735	C	C	905.293	37	64	63	0	905.293	0	0
6736	C	C	875.113	37	63	61	0	875.113	0	0
6737	G	G	851.561	37	59	59	0	0	851.561	0
6738	A	A	826.333	37	60	60	826.333	0	0	0
6739	A	A	845.336	37	60	60	845.336	0	0	0
6740	A	A	827.424	37	60	60	827.424	0	0	0
6741	C	C	865.849	37	60	60	0	865.849	0	0
6742	C	C	830.31	37	64	59	0	830.31	0	0
6743	A	A	887.344	37	62	62	887.344	0	0	0
6744	G	G	928.908	37	66	65	0	0	928.908	0
6745	A	A	933.362	37	65	65	933.362	0	0	0
6746	C	C	897.348	37	65	63	0	897.348	0	0
6747	G	G	978.996	37	69	68	0	0	978.996	0
6748	A	A	956.434	37	71	71	956.434	0	0	0
6749	G	G	1008.71	37	70	70	0	0	1008.71	0
6750	C	C	996.531	37	73	70	0	996.531	0	0
6751	T	T	945.798	37	70	70	0	0	0	945.798
6752	A	A	921.412	37	67	67	921.412	0	0	0
6753	C	C	928.396	37	68	65	0	928.396	0	0
6754	C	C	864.135	37	68	63	0	864.135	0	0
6755	T	T	964.776	37	69	69	0	0	0	964.776
6756	A	A	955.528	37	70	70	955.528	0	0	0
6757	T	T	942.887	37	71	71	0	0	0	942.887
6758	G	G	972.318	37	72	69	0	0	972.318	0
6759	A	A	971.743	37	71	71	971.743	0	0	0
6760	A	A	985.901	37	73	73	985.901	0	0	0
6761	C	C	1009.61	37	70	70	0	1009.61	0	0
6762	A	A	981.154	37	71	71	981.154	0	0	0
6763	A	A	973.664	37	71	71	973.664	0	0	0
6764	T	T	977.223	36.1857	72	72	0	0	0	977.223
6765	C	C	985.314	36.2058	74	70	0	985.314	0	0
6766	C	C	1001.53	36.1857	72	70	0	1001.53	0	0
6767	A	A	991.152	36.1959	73	73	991.152	0	0	0
6768	C	C	966.806	36.1752	71	68	0	966.806	0	0
6769	T	T	971.883	36.1752	71	71	0	0	0	971.883
6770	G	G	1066.64	36.2155	75	74	0	0	1066.64	0
6771	G	G	997.676	36.1959	73	70	0	0	997.676	0
6772	G	G	974.715	36.2058	74	70	0	0	974.715	0
6773	A	A	1016.21	36.1959	73	73	1016.21	0	0	0
6774	T	T	993.496	36.2058	74	74	0	0	0	993.496
6775	G	G	1026.07	35.5675	76	73	0	0	1026.07	0
6776	A	A	1034.28	35.5346	74	74	1034.28	0	0	0
6777	A	A	1070.38	35.5675	76	76	1070.38	0	0	0
6778	C	C	1092.83	35.5834	77	76	0	1092.83	0	0
6779	T	T	1076.24	35.6289	80	80	0	0	0	1076.24
6780	C	C	1087.86	35.5989	78	76	0	1087.86	0	0
6781	A	A	1041.01	35.5989	78	78	1041.01	0	0	0
6782	T	T	1107.36	35.6716	83	83	0	0	0	1107.36
6783	C	C	1138.14	35.6716	83	80	0	1138.14	0	0
6784	T	T	1124.24	35.6986	85	85	0	0	0	1124.24
6785	A	A	1125.21	35.6716	83	83	1125.21	0	0	0
6786	T	T	1052.26	36.2606	80	80	0	0	0	1052.26
6787	G	G	1134	36.269	81	79	0	0	1134	0
6788	T	T	1064.93	36.2342	77	77	0	0	0	1064.93
6789	C	C	1109.82	36.2432	78	77	0	1109.82	0	0
6790	G	G	1072.15	36.2342	77	75	0	0	1072.15	0
6791	C	C	1060.87	36.2432	78	75	0	1060.87	0	0
6792	A	A	1153.73	36.2852	83	83	1153.73	0	0	0
6793	A	A	1169.77	36.2852	83	83	1169.77	0	0	0
6794	A	A	1142.1	36.2852	83	83	1142.1	0	0	0
6795	A	A	1133.11	36.2772	82	82	1133.11	0	0	0
6796	T	T	1129.99	36.2772	82	82	0	0	0	1129.99
6797	A	A	1103.42	36.269	81	81	1103.42	0	0	0
6798	G	G	1104.18	36.269	81	78	0	0	1104.18	0
6799	T	T	1093.41	36.2249	76	76	0	0	0	1093.41
6800	G	G	1031.72	36.2249	76	73	0	0	1031.72	0
6801	A	A	977.433	36.1959	73	73	977.433	0	0	0
6802	G	G	961.327	36.1857	72	68	0	0	961.327	0
6803	A	A	940.724	36.1752	71	71	940.724	0	0	0
6804	A	A	947.383	36.1752	71	71	947.383	0	0	0
6805	G	G	1018.21	36.1959	73	71	0	0	1018.21	0
6806	A	A	975.283	36.1752	71	71	975.283	0	0	0
6807	T	T	962.481	36.1959	73	73	0	0	0	962.481
6808	T	T	945.093	36.1857	72	72	0	0	0	945.093
6809	T	T	961.014	36.1959	73	73	0	0	0	961.014
6810	A	A	1024.31	36.2155	75	75	1024.31	0	0	0
6811	T	T	1009.52	36.2155	75	75	0	0	0	1009.52
6812	A	A	1010.2	36.2058	74	74	1010.2	0	0	0
6813	G	G	992.697	36.1752	71	69	0	0	992.697	0
6814	G	G	1037.66	36.2058	74	72	0	0	1037.66	0
6815	T	T	991.404	36.1857	72	72	0	0	0	991.404
6816	A	A	1025.34	35.5346	74	74	1025.34	0	0	0
6817	G	G	1001.4	35.5346	74	71	0	0	1001.4	0
6818	A	A	1029.85	35.5512	75	75	1029.85	0	0	0
6819	G	G	1046.66	35.5512	75	73	0	0	1046.66	0
6820	G	G	1031.39	35.5834	77	73	0	0	1031.39	0
6821	T	T	1035.67	35.5675	76	76	0	0	0	1035.67
6822	G	G	1051.59	36.2058	74	73	0	0	1051.59	0
6823	A	A	1022.49	36.2155	75	75	1022.49	0	0	0
6824	A	A	1056.97	36.2432	78	78	1056.97	0	0	0
6825	A	A	1027.58	36.2249	76	76	1027.58	0	0	0
6826	A	A	1013.73	36.2155	75	75	1013.73	0	0	0
6827	G	G	991.56	36.1959	73	70	0	0	991.56	0
6828	C	C	1048.17	35.5512	75	73	0	1048.17	0	0
6829	C	C	1025.57	35.0175	77	73	0	1025.57	0	0
6830	T	T	1031.84	35.0175	77	77	0	0	0	1031.84
6831	A	A	1083.04	35.058	79	79	1083.04	0	0	0
6832	A	A	1059.93	35.0379	78	78	1059.93	0	0	0
6833	C	C	1088.99	35.0379	78	76	0	1088.99	0	0
6834	G	G	1095.27	35.058	79	77	0	0	1095.27	0
6835	A	A	1053.04	35.0379	78	78	1053.04	0	0	0
6836	G	G	1019.59	34.9752	75	72	0	0	1019.59	0
6837	C	C	1057.18	35.0175	77	74	0	1057.18	0	0
6838	C	C	1095.6	34.9966	76	76	0	1095.6	0	0
6839	T	T	1037.64	34.9752	75	75	0	0	0	1037.64
6840	G	G	1070.95	35.0379	78	75	0	0	1070.95	0
6841	G	G	1026.36	35.5834	77	73	0	0	1026.36	0
6842	T	T	1061.55	35.6435	81	81	0	0	0	1061.55
6843	G	G	1144.95	35.6577	82	80	0	0	1144.95	0
6844	A	A	1143.24	35.6716	83	83	1143.24	0	0	0
6845	T	T	1113.95	35.6986	85	85	0	0	0	1113.95
6846	A	A	1127.42	35.6435	81	81	1127.42	0	0	0
6847	G	G	1138.71	35.6289	80	79	0	0	1138.71	0
6848	C	C	1090.73	35.6141	79	77	0	1090.73	0	0
6849	T	T	1129.1	35.6289	80	80	0	0	0	1129.1
6850	G	G	1101.18	35.6141	79	77	0	0	1101.18	0
6851	G	G	1126.62	35.6141	79	78	0	0	1126.62	0
6852	T	T	1088.68	35.5989	78	78	0	0	0	1088.68
6853	T	T	1068.47	35.5834	77	77	0	0	0	1068.47
6854	G	G	1104.87	35.6141	79	77	0	0	1104.87	0
6855	C	C	1098.07	37	77	76	0	1098.07	0	0
6856	C	C	1122.25	37	80	78	0	1122.25	0	0
6857	C	C	1102.68	37	84	79	0	1102.68	0	0
6858	A	A	1147.14	37	87	87	1147.14	0	0	0
6859	G	G	1233.75	37	90	87	0	0	1233.75	0
6860	A	A	1170.22	37	89	89	1170.22	0	0	0
6861	A	A	1133.72	37	85	85	1133.72	0	0	0
6862	T	T	1099.51	37	81	81	0	0	0	1099.51
6863	A	A	1122.46	37	81	81	1122.46	0	0	0
6864	G	G	1159.12	37	80	80	0	0	1159.12	0
6865	A	A	1134.65	37	82	82	1134.65	0	0	0
6866	A	A	1133.28	37	82	82	1133.28	0	0	0
6867	T	T	1125.16	37	82	82	0	0	0	1125.16
6868	T	T	1127.16	37	81	81	0	0	0	1127.16
6869	T	T	1148.6	37	82	82	0	0	0	1148.6
6870	T	T	1121.1	37	81	81	0	0	0	1121.1
6871	A	A	1138.54	37	82	82	1138.54	0	0	0
6872	G	G	1133.55	37	83	80	0	0	1133.55	0
6873	T	T	1140.2	37	85	85	0	0	0	1140.2
6874	T	T	1159.05	37	88	88	0	0	0	1159.05
6875	C	C	1192.2	37	88	85	0	1192.2	0	0
6876	A	A	1141.1	37	86	86	1141.1	0	0	0
6877	A	A	1162.43	37	86	86	1162.43	0	0	0
6878	C	C	1134.1	37	85	80	0	1134.1	0	0
6879	T	T	1158.21	37	84	84	0	0	0	1158.21
6880	T	T	1175.13	37	85	85	0	0	0	1175.13
6881	T	T	1112.67	37	81	81	0	0	0	1112.67
6882	A	A	1089.77	37	83	83	1089.77	0	0	0
6883	A	A	1064.27	37	79	79	1064.27	0	0	0
6884	A	A	1066.98	37	80	80	1066.98	0	0	0
6885	C	C	1104.37	37	78	77	0	1104.37	0	0
6886	T	T	1049.24	37	76	76	0	0	0	1049.24
6887	T	T	1033.93	37	75	75	0	0	0	1033.93
6888	G	G	1082.17	37	76	75	0	0	1082.17	0
6889	C	C	1070.14	37	74	74	0	1070.14	0	0
6890	C	C	1002.18	37	71	70	0	1002.18	0	0
6891	T	T	999.587	37	72	72	0	0	0	999.587
6892	A	A	1026.27	37	71	71	1026.27	0	0	0
6893	C	C	1024.79	37	72	71	0	1024.79	0	0
6894	A	A	1036	37	72	72	1036	0	0	0
6895	A	A	1035.06	37	72	72	1035.06	0	0	0
6896	A	A	1035.1	37	73	73	1035.1	0	0	0
6897	A	A	1039.36	37	74	74	1039.36	0	0	0
6898	C	C	1066.39	37	76	74	0	1066.39	0	0
6899	T	T	1053.72	37	75	75	0	0	0	1053.72
6900	T	T	1060.8	37	76	76	0	0	0	1060.8
6901	A	A	1017.37	37	75	75	1017.37	0	0	0
6902	A	A	992.472	37	74	74	992.472	0	0	0
6903	A	A	959.18	37	73	73	959.18	0	0	0
6904	A	A	975.113	37	73	73	975.113	0	0	0
6905	A	A	1009.84	37	76	76	1009.84	0	0	0
6906	T	T	1003.15	37	74	74	0	0	0	1003.15
6907	T	T	994.517	37	75	75	0	0	0	994.517
6908	C	C	1026.15	37	74	72	0	1026.15	0	0
6909	T	T	991.767	37	75	75	0	0	0	991.767
6910	A	A	1020.77	37	76	76	1020.77	0	0	0
6911	A	A	987.353	37	74	74	987.353	0	0	0
6912	T	T	1000.31	37	74	74	0	0	0	1000.31
6913	G	G	1030.34	37	73	72	0	0	1030.34	0
6914	C	C	1050.05	37	74	73	0	1050.05	0	0
6915	A	A	1005.68	37	74	74	1005.68	0	0	0
6916	A	A	1000.14	37	74	74	1000.14	0	0	0
6917	G	G	1004.72	37	72	70	0	0	1004.72	0
6918	T	T	946.959	37	71	71	0	0	0	946.959
6919	T	T	980.271	37	73	73	0	0	0	980.271
6920	T	T	996.521	37	74	74	0	0	0	996.521
6921	A	A	946.34	37	73	73	946.34	0	0	0
6922	A	A	941.822	37	71	71	941.822	0	0	0
6923	A	A	948.523	37	70	70	948.523	0	0	0
6924	A	A	941.166	37	67	67	941.166	0	0	0
6925	T	T	927.563	37	69	69	0	0	0	927.563
6926	A	A	990.522	37	70	70	990.522	0	0	0
6927	T	T	937.167	37	69	69	0	0	0	937.167
6928	A	A	1005.56	37	72	72	1005.56	0	0	0
6929	T	T	987.388	37	73	73	0	0	0	987.388
6930	T	T	1028.18	37	75	75	0	0	0	1028.18
6931	C	C	996.606	37	72	70	0	996.606	0	0
6932	T	T	992.081	37	71	71	0	0	0	992.081
6933	A	A	943.859	37	70	70	943.859	0	0	0
6934	A	A	931.654	37	69	69	931.654	0	0	0
6935	A	A	927.327	37	70	70	927.327	0	0	0
6936	A	A	911.54	37	67	67	911.54	0	0	0
6937	A	A	927.63	37	68	68	927.63	0	0	0
6938	G	G	980.662	37	68	68	0	0	980.662	0
6939	G	G	959.436	37	68	67	0	0	959.436	0
6940	T	T	903.939	37	65	65	0	0	0	903.939
6941	A	A	851.267	37	65	65	851.267	0	0	0
6942	C	C	933.643	37	67	65	0	933.643	0	0
6943	A	A	898.518	37	67	67	898.518	0	0	0
6944	G	G	920.524	37	64	64	0	0	920.524	0
6945	C	C	861.639	37	61	60	0	861.639	0	0
6946	T	T	829.143	37	61	61	0	0	0	829.143
6947	T	T	864.504	37	62	62	0	0	0	864.504
6948	T	T	851.09	37	62	61	0	0	0	851.09
6949	T	T	873.98	37	62	62	0	0	0	873.98
6950	T	T	872.601	37	62	62	0	0	0	872.601
6951	A	A	874.76	37	61	61	874.76	0	0	0
6952	G	G	896.885	37	63	62	0	0	896.885	0
6953	A	A	908.313	37	64	64	908.313	0	0	0
6954	A	A	889.258	37	63	63	889.258	0	0	0
6955	T	T	894.153	37	64	64	0	0	0	894.153
6956	C	C	903.283	37	65	63	0	903.283	0	0
6957	A	A	896.543	37	66	66	896.543	0	0	0
6958	A	A	883.374	37	67	67	883.374	0	0	0
6959	G	G	909.411	37	67	65	0	0	909.411	0
6960	G	G	860.319	37	67	62	0	0	860.319	0
6961	A	A	868.607	37	66	66	868.607	0	0	0
6962	T	T	875.349	37	64	64	0	0	0	875.349
6963	A	A	863.814	37	62	62	863.814	0	0	0
6964	C	C	865.258	37	61	60	0	865.258	0	0
6965	A	A	873.609	37	63	63	873.609	0	0	0
6966	A	A	858.862	37	61	61	858.862	0	0	0
6967	C	C	893.001	36.0675	62	62	0	893.001	0	0
6968	C	C	856.514	36.0809	63	60	0	856.514	0	0
6969	T	T	873.557	36.0809	63	63	0	0	0	873.557
6970	T	T	893.295	36.1187	66	66	0	0	0	893.295
6971	A	A	907.569	36.1187	66	66	907.569	0	0	0
6972	C	C	942.731	36.1422	68	66	0	942.731	0	0
6973	T	T	910.951	36.1645	70	70	0	0	0	910.951
6974	T	T	907.175	36.1535	69	69	0	0	0	907.175
6975	A	A	930.88	36.1645	70	70	930.88	0	0	0
6976	G	G	942.575	36.1422	68	66	0	0	942.575	0
6977	A	A	887.694	36.1422	68	68	887.694	0	0	0
6978	G	G	899.401	36.1064	65	63	0	0	899.401	0
6979	A	A	816.714	36.0809	63	63	816.714	0	0	0
6980	G	G	876.921	36.1064	65	62	0	0	876.921	0
6981	T	T	901.684	36.1187	66	66	0	0	0	901.684
6982	A	A	838.761	36.0809	63	63	838.761	0	0	0
6983	A	A	863.974	36.1187	66	66	863.974	0	0	0
6984	A	A	847.413	36.0809	63	63	847.413	0	0	0
6985	T	T	841.382	36.0809	63	63	0	0	0	841.382
6986	A	A	836.35	36.0538	61	61	836.35	0	0	0
6987	C	C	877.939	36.0538	61	61	0	877.939	0	0
6988	T	T	823.781	36.0397	60	60	0	0	0	823.781
6989	G	G	837.796	36.0538	61	59	0	0	837.796	0
6990	A	A	881.231	36.0809	63	63	881.231	0	0	0
6991	T	T	858.246	36.0809	63	63	0	0	0	858.246
6992	T	T	845.812	37	61	61	0	0	0	845.812
6993	A	A	848.807	37	62	62	848.807	0	0	0
6994	A	A	846.367	37	62	62	846.367	0	0	0
6995	A	A	879.316	37	64	64	879.316	0	0	0
6996	T	T	884.55	37	64	64	0	0	0	884.55
6997	C	C	872.794	37	66	62	0	872.794	0	0
6998	A	A	964.909	37	70	70	964.909	0	0	0
6999	T	T	905.616	37	71	71	0	0	0	905.616
7000	A	A	972.31	37	72	72	972.31	0	0	0
7001	G	G	949.725	37	72	68	0	0	949.725	0
7002	T	T	959.372	37	74	74	0	0	0	959.372
7003	A	A	992.311	37	74	74	992.311	0	0	0
7004	G	G	996.633	37	72	70	0	0	996.633	0
7005	G	G	977.46	37	70	68	0	0	977.46	0
7006	C	C	967.67	37	71	68	0	967.67	0	0
7007	C	C	1021.39	37	74	72	0	1021.39	0	0
7008	T	T	998.945	37	74	74	0	0	0	998.945
7009	A	A	1100.38	37	78	78	1100.38	0	0	0
7010	G	G	1124.92	37	80	78	0	0	1124.92	0
7011	A	A	1118	37	80	80	1118	0	0	0
7012	A	A	1136.35	37	81	81	1136.35	0	0	0
7013	G	G	1142.71	37	82	80	0	0	1142.71	0
7014	C	C	1132.99	36.2772	82	79	0	1132.99	0	0
7015	A	A	1144.96	35.6716	83	83	1144.96	0	0	0
7016	G	G	1196.2	35.6986	85	83	0	0	1196.2	0
7017	C	C	1191.85	35.6986	85	83	0	1191.85	0	0
7018	C	C	1078.85	35.6853	84	78	0	1078.85	0	0
7019	A	A	1148.72	35.7117	86	86	1148.72	0	0	0
7020	T	T	1162.42	35.6986	85	85	0	0	0	1162.42
7021	C	C	1159.32	35.1522	84	81	0	1159.32	0	0
7022	A	A	1140.59	35.1522	84	84	1140.59	0	0	0
7023	A	A	1117.02	35.1522	84	84	1117.02	0	0	0
7024	T	T	1113.07	35.0968	81	81	0	0	0	1113.07
7025	T	T	1124.13	35.1522	84	84	0	0	0	1124.13
7026	A	A	1120.41	35.1156	82	82	1120.41	0	0	0
7027	A	A	1130.35	35.0968	81	81	1130.35	0	0	0
7028	G	G	1129.64	35.0968	81	79	0	0	1129.64	0
7029	A	A	1118.82	35.0968	81	81	1118.82	0	0	0
7030	A	A	1110.12	35.0776	80	80	1110.12	0	0	0
7031	A	A	1133.92	35.0968	81	81	1133.92	0	0	0
7032	G	G	1154.34	35.1341	83	81	0	0	1154.34	0
7033	C	C	1165.33	35.1341	83	81	0	1165.33	0	0
7034	G	G	1167.28	35.0968	81	81	0	0	1167.28	0
7035	T	T	1140.41	35.1699	85	85	0	0	0	1140.41
7036	T	T	1164.35	35.1873	86	86	0	0	0	1164.35
7037	T	T	1170.92	35.1699	85	85	0	0	0	1170.92
7038	A	A	1121.43	35.1522	84	84	1121.43	0	0	0
7039	A	A	1105.2	35.1522	84	84	1105.2	0	0	0
7040	G	G	1130.02	35.0968	81	79	0	0	1130.02	0
7041	C	C	1156.88	35.0968	81	80	0	1156.88	0	0
7042	T	T	1071.34	35.5834	77	77	0	0	0	1071.34
7043	C	C	1092.37	35.5834	77	76	0	1092.37	0	0
7044	A	A	1007.66	35.5512	75	75	1007.66	0	0	0
7045	A	A	1001.58	36.2155	75	75	1001.58	0	0	0
7046	C	C	1041.57	36.1959	73	72	0	1041.57	0	0
7047	A	A	959.899	36.1645	70	70	959.899	0	0	0
7048	C	C	974.397	36.1535	69	68	0	974.397	0	0
7049	C	C	945.047	36.1306	67	66	0	945.047	0	0
7050	C	C	956.519	36.1187	66	66	0	956.519	0	0
7051	A	A	884.824	36.1064	65	65	884.824	0	0	0
7052	T	T	930.94	36.1064	65	65	0	0	0	930.94
7053	A	A	863.659	36.1064	65	65	863.659	0	0	0
7054	C	C	906.7	36.1064	65	63	0	906.7	0	0
7055	C	C	925.396	36.1422	68	65	0	925.396	0	0
7056	A	A	901.31	36.1187	66	66	901.31	0	0	0
7057	A	A	871.761	36.0938	64	64	871.761	0	0	0
7058	C	C	849.876	36.0397	60	59	0	849.876	0	0
7059	C	C	867.433	36.0538	61	60	0	867.433	0	0
7060	T	T	875.652	36.0675	62	62	0	0	0	875.652
7061	G	G	811.008	36.0809	63	58	0	0	811.008	0
7062	A	A	826.561	37	62	62	826.561	0	0	0
7063	T	T	856.757	37	62	62	0	0	0	856.757
7064	A	A	802.038	37	62	62	802.038	0	0	0
7065	C	C	863.892	37	61	60	0	863.892	0	0
7066	C	C	791.184	37	58	56	0	791.184	0	0
7067	A	A	775	37	58	58	775	0	0	0
7068	A	A	734.562	37	55	55	734.562	0	0	0
7069	A	A	724.292	37	53	53	724.292	0	0	0
7070	A	A	706.881	37	51	51	706.881	0	0	0
7071	A	A	725.23	37	53	53	725.23	0	0	0
7072	T	T	748.827	37	53	53	0	0	0	748.827
7073	A	A	703.341	37	51	51	703.341	0	0	0
7074	T	T	711.113	37	51	51	0	0	0	711.113
7075	C	C	721.462	37	51	50	0	721.462	0	0
7076	C	C	678.16	37	53	49	0	678.16	0	0
7077	A	A	751.678	37	56	56	751.678	0	0	0
7078	A	A	727.123	37	55	55	727.123	0	0	0
7079	T	T	703.753	37	53	53	0	0	0	703.753
7080	T	T	700.259	37	52	52	0	0	0	700.259
7081	A	A	712.23	37	51	51	712.23	0	0	0
7082	A	A	730.63	37	53	53	730.63	0	0	0
7083	C	C	726.449	35.9273	53	51	0	726.449	0	0
7084	T	T	725.142	35.962	55	55	0	0	0	725.142
7085	C	C	779.254	36.01	58	55	0	779.254	0	0
7086	C	C	738.146	36.0251	59	54	0	738.146	0	0
7087	T	T	770.607	36.01	58	58	0	0	0	770.607
7088	A	A	828.956	36.01	58	58	828.956	0	0	0
7089	A	A	825.343	36.01	58	58	825.343	0	0	0
7090	T	T	829.765	36.0538	61	61	0	0	0	829.765
7091	A	A	866.687	36.0675	62	62	866.687	0	0	0
7092	T	T	867.362	36.0938	64	64	0	0	0	867.362
7093	A	A	868.808	36.0938	64	64	868.808	0	0	0
7094	A	A	892.7	36.1064	65	65	892.7	0	0	0
7095	T	T	898.02	36.1187	66	66	0	0	0	898.02
7096	A	A	893.05	36.1064	65	65	893.05	0	0	0
7097	A	A	875.158	36.0675	62	62	875.158	0	0	0
7098	C	C	875.923	36.0809	63	61	0	875.923	0	0
7099	T	T	871.445	36.0809	63	63	0	0	0	871.445
7100	G	G	897.346	36.0809	63	62	0	0	897.346	0
7101	G	G	861.886	36.0809	63	61	0	0	861.886	0
7102	G	G	895.645	36.0675	62	62	0	0	895.645	0
7103	C	C	851.335	36.0675	62	60	0	851.335	0	0
7104	T	T	898.27	36.0938	64	64	0	0	0	898.27
7105	A	A	882.655	36.1306	67	67	882.655	0	0	0
7106	A	A	883.785	36.0938	64	64	883.785	0	0	0
7107	T	T	872.994	36.1064	65	65	0	0	0	872.994
7108	C	C	934.696	36.1064	65	65	0	934.696	0	0
7109	T	T	858.856	36.1064	65	65	0	0	0	858.856
7110	A	A	873.695	36.1064	65	65	873.695	0	0	0
7111	T	T	895.462	36.1064	65	65	0	0	0	895.462
7112	T	T	887.106	36.0938	64	64	0	0	0	887.106
7113	T	T	882.864	36.0809	63	63	0	0	0	882.864
7114	A	A	811.15	36.0675	62	62	811.15	0	0	0
7115	A	A	791.18	36.0538	61	61	791.18	0	0	0
7116	A	A	781.938	36.01	58	58	781.938	0	0	0
7117	T	T	785.763	35.9945	57	57	0	0	0	785.763
7118	A	A	742.776	35.962	55	55	742.776	0	0	0
7119	T	T	776.027	35.9785	56	56	0	0	0	776.027
7120	A	A	756.567	35.9273	53	53	756.567	0	0	0
7121	G	G	733.504	35.9273	53	51	0	0	733.504	0
7122	A	A	757.01	35.945	54	54	757.01	0	0	0
7123	A	A	751.342	37	53	53	751.342	0	0	0
7124	G	G	742.427	37	54	52	0	0	742.427	0
7125	C	C	781.689	37	57	55	0	781.689	0	0
7126	A	A	756.739	37	57	57	756.739	0	0	0
7127	A	A	733.284	37	54	54	733.284	0	0	0
7128	C	C	755.428	37	55	53	0	755.428	0	0
7129	A	A	731.938	37	55	55	731.938	0	0	0
7130	A	A	750.314	37	56	56	750.314	0	0	0
7131	T	T	753.282	37	57	57	0	0	0	753.282
7132	G	G	795.873	37	59	56	0	0	795.873	0
7133	C	C	803.175	37	57	56	0	803.175	0	0
7134	T	T	735.146	37	55	55	0	0	0	735.146
7135	A	A	792.056	37	57	57	792.056	0	0	0
7136	A	A	802.148	37	58	58	802.148	0	0	0
7137	T	T	790.662	37	57	57	0	0	0	790.662
7138	A	A	790.443	37	57	57	790.443	0	0	0
7139	T	T	769.826	37	56	56	0	0	0	769.826
7140	G	G	799.638	37	58	56	0	0	799.638	0
7141	A	A	812.36	37	59	59	812.36	0	0	0
7142	G	G	892.258	37	62	62	0	0	892.258	0
7143	T	T	812.121	37	60	60	0	0	0	812.121
7144	A	A	816.467	37	60	60	816.467	0	0	0
7145	A	A	816.946	37	59	59	816.946	0	0	0
7146	C	C	850.766	37	60	59	0	850.766	0	0
7147	G	G	813.178	37	58	57	0	0	813.178	0
7148	A	A	809.828	37	58	58	809.828	0	0	0
7149	G	G	836.197	37	59	58	0	0	836.197	0
7150	A	A	834.037	37	62	62	834.037	0	0	0
7151	A	A	838.109	37	63	63	838.109	0	0	0
7152	G	G	889.033	37	62	62	0	0	889.033	0
7153	T	T	831.632	37	62	62	0	0	0	831.632
7154	A	A	818.84	37	62	62	818.84	0	0	0
7155	C	C	811.045	37	61	58	0	811.045	0	0
7156	T	T	823.782	37	61	61	0	0	0	823.782
7157	T	T	781.767	37	58	58	0	0	0	781.767
7158	C	C	856.612	36.0675	62	60	0	856.612	0	0
7159	T	T	839.018	36.1064	65	65	0	0	0	839.018
7160	C	C	919.041	36.1422	68	65	0	919.041	0	0
7161	C	C	961.159	36.1422	68	67	0	961.159	0	0
7162	A	A	907.656	36.1187	66	66	907.656	0	0	0
7163	A	A	897.715	36.1064	65	65	897.715	0	0	0
7164	C	C	910.154	36.0809	63	63	0	910.154	0	0
7165	G	G	877.544	36.0809	63	61	0	0	877.544	0
7166	C	C	897.488	36.0675	62	62	0	897.488	0	0
7167	A	A	844.504	36.0538	61	61	844.504	0	0	0
7168	T	T	873.512	36.0538	61	61	0	0	0	873.512
7169	A	A	845.917	36.0809	63	63	845.917	0	0	0
7170	A	A	878.217	36.1187	66	66	878.217	0	0	0
7171	G	G	869.952	36.0809	63	61	0	0	869.952	0
7172	C	C	918.714	36.1064	65	64	0	918.714	0	0
7173	T	T	830.14	36.0675	62	62	0	0	0	830.14
7174	T	T	848.821	36.0809	63	63	0	0	0	848.821
7175	A	A	855.634	36.0809	63	63	855.634	0	0	0
7176	T	T	867.407	36.0938	64	64	0	0	0	867.407
7177	A	A	846.722	36.0675	62	62	846.722	0	0	0
7178	A	A	865.236	36.0809	63	63	865.236	0	0	0
7179	C	C	829.559	37	60	58	0	829.559	0	0
7180	A	A	871.428	37	62	62	871.428	0	0	0
7181	G	G	881.206	37	61	61	0	0	881.206	0
7182	C	C	834.964	37	61	59	0	834.964	0	0
7183	A	A	839.985	37	61	61	839.985	0	0	0
7184	A	A	815.269	37	59	59	815.269	0	0	0
7185	C	C	834.431	37	60	58	0	834.431	0	0
7186	G	G	856.887	37	62	60	0	0	856.887	0
7187	G	G	823.951	37	61	58	0	0	823.951	0
7188	A	A	845.417	37	62	62	845.417	0	0	0
7189	T	T	831.894	37	62	62	0	0	0	831.894
7190	A	A	875.115	37	63	63	875.115	0	0	0
7191	A	A	814.888	37	61	61	814.888	0	0	0
7192	C	C	828.512	37	60	58	0	828.512	0	0
7193	C	C	866.933	37	60	60	0	866.933	0	0
7194	A	A	783.205	37	60	60	783.205	0	0	0
7195	C	C	863.928	37	62	60	0	863.928	0	0
7196	T	T	769.976	37	55	55	0	0	0	769.976
7197	G	G	819.898	37	57	57	0	0	819.898	0
7198	A	A	774.33	37	57	57	774.33	0	0	0
7199	T	T	773.697	37	58	58	0	0	0	773.697
7200	A	A	834.088	37	61	61	834.088	0	0	0
7201	G	G	802.648	37	58	56	0	0	802.648	0
7202	T	T	779.357	37	59	59	0	0	0	779.357
7203	T	T	802.29	37	61	61	0	0	0	802.29
7204	A	A	860.843	37	62	62	860.843	0	0	0
7205	A	A	888.248	37	64	64	888.248	0	0	0
7206	C	C	861.613	37	61	60	0	861.613	0	0
7207	A	A	839.428	37	60	60	839.428	0	0	0
7208	A	A	873.327	37	63	63	873.327	0	0	0
7209	C	C	890.052	37	64	62	0	890.052	0	0
7210	A	A	905.067	37	66	66	905.067	0	0	0
7211	A	A	870.475	37	64	64	870.475	0	0	0
7212	C	C	920.469	37	65	64	0	920.469	0	0
7213	G	G	915.508	37	66	64	0	0	915.508	0
7214	T	T	905.167	37	67	67	0	0	0	905.167
7215	A	A	871.159	37	66	66	871.159	0	0	0
7216	G	G	892.479	37	63	62	0	0	892.479	0
7217	A	A	820.004	37	60	60	820.004	0	0	0
7218	A	A	821.178	37	61	61	821.178	0	0	0
7219	A	A	832.396	37	60	60	832.396	0	0	0
7220	T	T	821.386	37	58	58	0	0	0	821.386
7221	A	A	848.233	37	62	62	848.233	0	0	0
7222	A	A	881.096	37	64	64	881.096	0	0	0
7223	T	T	843.97	37	64	64	0	0	0	843.97
7224	C	C	906.612	37	64	63	0	906.612	0	0
7225	C	C	897.635	37	65	63	0	897.635	0	0
7226	A	A	899.442	37	64	64	899.442	0	0	0
7227	A	A	890.301	37	63	63	890.301	0	0	0
7228	C	C	935.892	37	65	65	0	935.892	0	0
7229	A	A	958.369	37	69	69	958.369	0	0	0
7230	A	A	957.741	37	69	69	957.741	0	0	0
7231	T	T	940.22	37	70	70	0	0	0	940.22
7232	A	A	994.936	37	70	70	994.936	0	0	0
7233	A	A	982.193	37	70	70	982.193	0	0	0
7234	A	A	968.683	37	70	70	968.683	0	0	0
7235	A	A	991.702	37	72	72	991.702	0	0	0
7236	C	C	1027.6	37	74	72	0	1027.6	0	0
7237	A	A	965.312	37	74	74	965.312	0	0	0
7238	C	C	996.757	37	74	71	0	996.757	0	0
7239	C	C	1012.95	37	72	71	0	1012.95	0	0
7240	T	T	979.384	37	71	71	0	0	0	979.384
7241	A	A	957.284	37	68	68	957.284	0	0	0
7242	C	C	907.609	37	66	64	0	907.609	0	0
7243	C	C	968.891	37	68	67	0	968.891	0	0
7244	A	A	939.925	37	69	69	939.925	0	0	0
7245	A	A	927.535	37	70	70	927.535	0	0	0
7246	A	A	907.204	37	69	69	907.204	0	0	0
7247	C	C	930.431	37	69	66	0	930.431	0	0
7248	C	C	963.184	37	68	67	0	963.184	0	0
7249	A	A	887.913	37	65	65	887.913	0	0	0
7250	A	A	871.428	37	62	62	871.428	0	0	0
7251	T	T	862.438	37	61	61	0	0	0	862.438
7252	T	T	870.743	37	62	62	0	0	0	870.743
7253	G	G	882.095	37	62	61	0	0	882.095	0
7254	T	T	863.917	37	61	61	0	0	0	863.917
7255	T	T	871.627	37	62	62	0	0	0	871.627
7256	A	A	922.555	37	65	65	922.555	0	0	0
7257	A	A	909.752	37	64	64	909.752	0	0	0
7258	T	T	880.913	37	63	63	0	0	0	880.913
7259	C	C	900.254	37	67	64	0	900.254	0	0
7260	C	C	966.623	37	67	67	0	966.623	0	0
7261	A	A	929.338	37	69	69	929.338	0	0	0
7262	A	A	904.477	37	68	68	904.477	0	0	0
7263	C	C	980.642	37	68	68	0	980.642	0	0
7264	A	A	871.865	37	66	66	871.865	0	0	0
7265	C	C	910.57	37	63	63	0	910.57	0	0
7266	A	A	830.373	37	63	63	830.373	0	0	0
7267	G	G	904.459	37	64	63	0	0	904.459	0
7268	G	G	810.673	37	63	58	0	0	810.673	0
7269	C	C	868.508	37	62	61	0	868.508	0	0
7270	A	A	804.329	37	60	60	804.329	0	0	0
7271	T	T	826.119	37	63	63	0	0	0	826.119
7272	G	G	865.42	37	63	61	0	0	865.42	0
7273	C	C	883.161	37	64	62	0	883.161	0	0
7274	G	G	886.467	37	64	62	0	0	886.467	0
7275	A	A	877.121	37	63	63	877.121	0	0	0
7276	C	C	818.823	37	63	59	0	818.823	0	0
7277	T	T	871.961	37	67	67	0	0	0	871.961
7278	A	A	922.205	37	68	68	922.205	0	0	0
7279	A	A	926.749	37	68	68	926.749	0	0	0
7280	G	G	924.722	37	72	67	0	0	924.722	0
7281	G	G	995.567	37	69	69	0	0	995.567	0
7282	A	A	993.442	37	72	72	993.442	0	0	0
7283	A	A	981.973	37	70	70	981.973	0	0	0
7284	A	A	964.751	37	71	71	964.751	0	0	0
7285	G	G	962.584	37	72	68	0	0	962.584	0
7286	A	A	944.78	37	70	70	944.78	0	0	0
7287	T	T	979.709	37	70	70	0	0	0	979.709
7288	T	T	987.966	37	71	71	0	0	0	987.966
7289	A	A	944.097	37	69	69	944.097	0	0	0
7290	A	A	898.64	37	66	66	898.64	0	0	0
7291	A	A	909.611	37	67	67	909.611	0	0	0
7292	A	A	914.866	37	68	68	914.866	0	0	0
7293	G	G	948.893	37	67	66	0	0	948.893	0
7294	A	A	910.838	37	69	69	910.838	0	0	0
7295	A	A	908.043	37	67	67	908.043	0	0	0
7296	G	G	887.257	37	64	62	0	0	887.257	0
7297	T	T	874.405	37	62	62	0	0	0	874.405
7298	A	A	849.178	37	61	61	849.178	0	0	0
7299	A	A	885.448	37	64	64	885.448	0	0	0
7300	A	A	906.797	37	65	65	906.797	0	0	0
7301	A	A	890.668	37	64	64	890.668	0	0	0
7302	G	G	955.39	37	66	66	0	0	955.39	0
7303	G	G	919.654	37	66	64	0	0	919.654	0
7304	A	A	919.206	37	66	66	919.206	0	0	0
7305	A	A	951.723	37	68	68	951.723	0	0	0
7306	C	C	951.465	37	67	66	0	951.465	0	0
7307	T	T	952.171	37	68	68	0	0	0	952.171
7308	C	C	950.256	37	67	66	0	950.256	0	0
7309	G	G	979.224	37	68	68	0	0	979.224	0
7310	G	G	987.781	37	72	70	0	0	987.781	0
7311	C	C	958.387	37	71	68	0	958.387	0	0
7312	A	A	932.476	37	71	71	932.476	0	0	0
7313	A	A	954.636	37	73	73	954.636	0	0	0
7314	A	A	972.534	37	72	72	972.534	0	0	0
7315	C	C	954.569	37	70	68	0	954.569	0	0
7316	A	A	930.427	37	67	67	930.427	0	0	0
7317	C	C	931.188	37	67	65	0	931.188	0	0
7318	A	A	944.956	37	68	68	944.956	0	0	0
7319	A	A	940.773	37	69	69	940.773	0	0	0
7320	A	A	941.758	37	69	69	941.758	0	0	0
7321	C	C	963.392	37	68	67	0	963.392	0	0
7322	C	C	936.702	36.1645	70	66	0	936.702	0	0
7323	C	C	967.662	36.1752	71	68	0	967.662	0	0
7324	C	C	1026.92	36.2058	74	72	0	1026.92	0	0
7325	G	G	1058.01	36.2058	74	73	0	0	1058.01	0
7326	C	C	1027.75	36.2058	74	72	0	1027.75	0	0
7327	C	C	1041.54	36.2155	75	73	0	1041.54	0	0
7328	T	T	1025.57	36.2249	76	76	0	0	0	1025.57
7329	G	G	1141.82	36.252	79	79	0	0	1141.82	0
7330	T	T	1092.26	36.2606	80	80	0	0	0	1092.26
7331	T	T	1102.9	36.2606	80	80	0	0	0	1102.9
7332	T	T	1074.99	36.2432	78	78	0	0	0	1074.99
7333	A	A	1063.02	36.2432	78	78	1063.02	0	0	0
7334	C	C	1117.57	36.252	79	78	0	1117.57	0	0
7335	C	C	1109.52	35.6435	81	78	0	1109.52	0	0
7336	A	A	1105.11	35.6577	82	82	1105.11	0	0	0
7337	A	A	1092.65	35.6289	80	80	1092.65	0	0	0
7338	A	A	1083.46	35.6141	79	79	1083.46	0	0	0
7339	A	A	1074.86	35.6141	79	79	1074.86	0	0	0
7340	A	A	1089.38	35.6577	82	82	1089.38	0	0	0
7341	C	C	1028.19	35.6141	79	74	0	1028.19	0	0
7342	A	A	1047	35.6141	79	79	1047	0	0	0
7343	T	T	1072.92	35.5989	78	78	0	0	0	1072.92
7344	C	C	1075.58	35.5834	77	75	0	1075.58	0	0
7345	A	A	1019.66	35.5346	74	74	1019.66	0	0	0
7346	C	C	1023.18	35.5346	74	72	0	1023.18	0	0
7347	C	C	1027.04	35.5002	72	71	0	1027.04	0	0
7348	T	T	1023.79	35.5176	73	73	0	0	0	1023.79
7349	C	C	1094.06	35.5675	76	76	0	1094.06	0	0
7350	C	C	1026.44	35.5512	75	72	0	1026.44	0	0
7351	A	A	1060.63	35.5834	77	77	1060.63	0	0	0
7352	G	G	1041.77	35.5989	78	74	0	0	1041.77	0
7353	C	C	1105.12	35.6141	79	77	0	1105.12	0	0
7354	A	A	1063.3	35.5834	77	77	1063.3	0	0	0
7355	T	T	1060.57	35.6435	81	81	0	0	0	1060.57
7356	T	T	1107.08	35.6853	84	84	0	0	0	1107.08
7357	C	C	1101.25	36.2931	84	79	0	1101.25	0	0
7358	C	C	1191.76	36.3008	85	83	0	1191.76	0	0
7359	C	C	1209.9	36.2931	84	84	0	1209.9	0	0
7360	A	A	1129.51	36.2931	84	84	1129.51	0	0	0
7361	G	G	1140.77	36.3083	86	81	0	0	1140.77	0
7362	T	T	1124.84	36.269	81	81	0	0	0	1124.84
7363	A	A	1126.66	36.2772	82	82	1126.66	0	0	0
7364	T	T	1080.38	36.252	79	79	0	0	0	1080.38
7365	T	T	1104.63	36.2606	80	80	0	0	0	1104.63
7366	G	G	1128.19	36.2432	78	78	0	0	1128.19	0
7367	G	G	1075.52	36.269	81	77	0	0	1075.52	0
7368	A	A	1118.16	36.269	81	81	1118.16	0	0	0
7369	G	G	1103.47	36.269	81	78	0	0	1103.47	0
7370	G	G	1121.22	36.2772	82	79	0	0	1121.22	0
7371	C	C	1190.89	36.2931	84	83	0	1190.89	0	0
7372	A	A	1115.64	36.269	81	81	1115.64	0	0	0
7373	C	C	1146.2	36.2772	82	80	0	1146.2	0	0
7374	T	T	1083.51	36.252	79	79	0	0	0	1083.51
7375	G	G	1088.44	35.6435	81	77	0	0	1088.44	0
7376	C	C	1141.11	35.6289	80	79	0	1141.11	0	0
7377	C	C	1122.6	35.6289	80	78	0	1122.6	0	0
7378	T	T	1119.68	35.6289	80	80	0	0	0	1119.68
7379	G	G	1128.77	35.6435	81	79	0	0	1128.77	0
7380	C	C	1155.5	35.6435	81	80	0	1155.5	0	0
7381	C	C	1134.16	35.6435	81	79	0	1134.16	0	0
7382	C	C	1124.27	35.6435	81	79	0	1124.27	0	0
7383	G	G	1125.56	35.6141	79	78	0	0	1125.56	0
7384	G	G	1154.23	36.2606	80	80	0	0	1154.23	0
7385	T	T	1113.97	36.252	79	79	0	0	0	1113.97
7386	G	G	1062.32	36.2432	78	75	0	0	1062.32	0
7387	A	A	1026.43	36.2155	75	75	1026.43	0	0	0
7388	C	C	1099.19	36.2249	76	76	0	1099.19	0	0
7389	A	A	999.168	36.2249	76	76	999.168	0	0	0
7390	T	T	1040.22	36.2058	74	74	0	0	0	1040.22
7391	C	C	1020.43	36.1959	73	71	0	1020.43	0	0
7392	A	A	927.324	36.1959	73	73	927.324	0	0	0
7393	G	G	985.074	36.1752	71	69	0	0	985.074	0
7394	T	T	943.506	36.1422	68	68	0	0	0	943.506
7395	T	T	912.354	36.1306	67	67	0	0	0	912.354
7396	A	A	851.643	36.0938	64	64	851.643	0	0	0
7397	A	A	842.082	36.0675	62	62	842.082	0	0	0
7398	A	A	839.227	36.0675	62	62	839.227	0	0	0
7399	C	C	894.221	36.0675	62	62	0	894.221	0	0
7400	G	G	849.325	36.0397	60	59	0	0	849.325	0
7401	G	G	809.806	37	60	57	0	0	809.806	0
7402	C	C	814.878	37	59	57	0	814.878	0	0
7403	C	C	815.238	37	59	57	0	815.238	0	0
7404	G	G	832.633	37	61	59	0	0	832.633	0
7405	C	C	904.077	37	63	63	0	904.077	0	0
7406	G	G	863.175	37	60	60	0	0	863.175	0
7407	G	G	862.474	37	61	60	0	0	862.474	0
7408	T	T	810.603	37	59	59	0	0	0	810.603
7409	A	A	761.278	37	55	55	761.278	0	0	0
7410	T	T	784.925	37	55	55	0	0	0	784.925
7411	T	T	771.256	37	56	56	0	0	0	771.256
7412	C	C	784.319	37	58	55	0	784.319	0	0
7413	T	T	782.685	37	59	59	0	0	0	782.685
7414	G	G	796.67	37	58	56	0	0	796.67	0
7415	A	A	812.88	37	60	60	812.88	0	0	0
7416	C	C	833.726	37	61	59	0	833.726	0	0
7417	C	C	877.091	37	61	61	0	877.091	0	0
7418	G	G	829.712	37	59	58	0	0	829.712	0
7419	T	T	774.004	37	58	58	0	0	0	774.004
7420	G	G	834.256	37	59	58	0	0	834.256	0
7421	C	C	772.146	37	56	54	0	772.146	0	0
7422	A	A	797.31	37	57	57	797.31	0	0	0
7423	A	A	804.407	37	57	57	804.407	0	0	0
7424	A	A	811.366	37	57	57	811.366	0	0	0
7425	G	G	810.415	37	56	56	0	0	810.415	0
7426	G	G	786.607	37	57	55	0	0	786.607	0
7427	T	T	805.557	37	58	58	0	0	0	805.557
7428	A	A	791.546	37	60	60	791.546	0	0	0
7429	G	G	802.359	37	60	57	0	0	802.359	0
7430	C	C	820.21	37	58	57	0	820.21	0	0
7431	A	A	794.825	37	60	60	794.825	0	0	0
7432	T	T	774.47	37	57	57	0	0	0	774.47
7433	A	A	800.085	37	57	57	800.085	0	0	0
7434	A	A	833.448	37	60	60	833.448	0	0	0
7435	T	T	773.701	37	59	59	0	0	0	773.701
7436	C	C	838.938	37	62	59	0	838.938	0	0
7437	A	A	827.133	37	61	61	827.133	0	0	0
7438	T	T	833.306	37	62	62	0	0	0	833.306
7439	T	T	853.382	37	63	63	0	0	0	853.382
7440	T	T	850.367	37	64	64	0	0	0	850.367
7441	G	G	835.261	37	64	60	0	0	835.261	0
7442	T	T	846.342	37	64	64	0	0	0	846.342
7443	T	T	851.939	37	63	63	0	0	0	851.939
7444	C	C	891.172	37	63	62	0	891.172	0	0
7445	T	T	852.81	37	63	63	0	0	0	852.81
7446	C	C	851.335	37	59	59	0	851.335	0	0
7447	T	T	810.168	37	59	59	0	0	0	810.168
7448	A	A	807.611	37	59	59	807.611	0	0	0
7449	A	A	830.503	37	60	60	830.503	0	0	0
7450	A	A	809.072	37	57	57	809.072	0	0	0
7451	T	T	810.328	37	62	62	0	0	0	810.328
7452	A	A	867.08	37	62	62	867.08	0	0	0
7453	A	A	858.032	37	63	63	858.032	0	0	0
7454	G	G	886.467	37	64	62	0	0	886.467	0
7455	G	G	936.7	37	65	65	0	0	936.7	0
7456	A	A	866.96	37	64	64	866.96	0	0	0
7457	C	C	867.295	37	64	61	0	867.295	0	0
7458	T	T	853.786	37	63	63	0	0	0	853.786
7459	T	T	877.038	37	64	64	0	0	0	877.038
7460	G	G	949.491	37	66	66	0	0	949.491	0
7461	T	T	876.905	37	65	65	0	0	0	876.905
7462	A	A	904.292	37	66	66	904.292	0	0	0
7463	T	T	899.038	37	66	66	0	0	0	899.038
7464	G	G	908.437	36.1064	65	63	0	0	908.437	0
7465	A	A	901.736	36.0809	63	63	901.736	0	0	0
7466	A	A	875.658	36.0675	62	62	875.658	0	0	0
7467	A	A	882.136	36.0809	63	63	882.136	0	0	0
7468	G	G	861.231	36.1187	66	62	0	0	861.231	0
7469	G	G	951.046	36.1306	67	66	0	0	951.046	0
7470	C	C	944.922	36.1422	68	66	0	944.922	0	0
7471	C	C	922.032	36.1306	67	65	0	922.032	0	0
7472	A	A	898.095	36.1187	66	66	898.095	0	0	0
7473	C	C	932.608	36.1422	68	65	0	932.608	0	0
7474	A	A	892.164	36.1187	66	66	892.164	0	0	0
7475	C	C	962.889	36.1306	67	67	0	962.889	0	0
7476	G	G	964.631	36.1422	68	67	0	0	964.631	0
7477	A	A	896.821	36.1306	67	67	896.821	0	0	0
7478	G	G	923.972	36.1422	68	65	0	0	923.972	0
7479	G	G	847.787	36.1064	65	61	0	0	847.787	0
7480	G	G	944.089	36.1422	68	66	0	0	944.089	0
7481	T	T	912.764	36.1535	69	69	0	0	0	912.764
7482	T	T	908.388	36.1535	69	69	0	0	0	908.388
7483	T	T	930.042	36.1535	69	69	0	0	0	930.042
7484	A	A	908.524	37	67	67	908.524	0	0	0
7485	A	A	877.143	37	65	65	877.143	0	0	0
7486	C	C	866.013	36.1187	66	62	0	866.013	0	0
7487	T	T	922.356	36.1187	66	66	0	0	0	922.356
7488	G	G	913.859	36.1064	65	64	0	0	913.859	0
7489	T	T	907.117	36.1187	66	66	0	0	0	907.117
7490	C	C	895.232	36.0675	62	62	0	895.232	0	0
7491	T	T	876.536	35.3227	63	63	0	0	0	876.536
7492	C	C	900.627	35.4066	67	64	0	900.627	0	0
7493	T	T	920.876	35.4066	67	67	0	0	0	920.876
7494	T	T	926.32	35.4262	68	68	0	0	0	926.32
7495	A	A	919.015	35.4454	69	69	919.015	0	0	0
7496	C	C	860.721	35.3657	65	61	0	860.721	0	0
7497	T	T	867.023	35.3003	62	62	0	0	0	867.023
7498	T	T	866.709	35.3003	62	62	0	0	0	866.709
7499	C	C	882.831	35.3003	62	61	0	882.831	0	0
7500	C	C	883.368	35.2773	61	61	0	883.368	0	0
7501	A	A	826.033	35.3003	62	62	826.033	0	0	0
7502	A	A	858.117	35.3445	64	64	858.117	0	0	0
7503	T	T	868.531	35.3227	63	63	0	0	0	868.531
7504	C	C	876.581	35.3227	63	61	0	876.581	0	0
7505	A	A	899.072	35.3445	64	64	899.072	0	0	0
7506	G	G	927.196	35.3445	64	64	0	0	927.196	0
7507	T	T	872.845	35.3864	66	66	0	0	0	872.845
7508	G	G	919.644	35.3864	66	64	0	0	919.644	0
7509	A	A	947.059	35.3864	66	66	947.059	0	0	0
7510	A	A	946.929	35.4066	67	67	946.929	0	0	0
7511	A	A	972.725	35.4641	70	70	972.725	0	0	0
7512	T	T	952.953	35.4641	70	70	0	0	0	952.953
7513	T	T	968.794	35.5002	72	72	0	0	0	968.794
7514	G	G	949.773	35.5176	73	68	0	0	949.773	0
7515	A	A	941.396	35.4824	71	71	941.396	0	0	0
7516	C	C	994.6	35.4641	70	69	0	994.6	0	0
7517	C	C	948.316	35.4262	68	66	0	948.316	0	0
7518	T	T	956.01	36.1422	68	68	0	0	0	956.01
7519	T	T	932.847	35.4066	67	67	0	0	0	932.847
7520	C	C	909.465	35.3445	64	63	0	909.465	0	0
7521	C	C	924.209	35.3445	64	64	0	924.209	0	0
7522	C	C	913.287	35.3864	66	64	0	913.287	0	0
7523	G	G	995.976	35.4641	70	69	0	0	995.976	0
7524	T	T	916.596	35.4262	68	68	0	0	0	916.596
7525	G	G	936.916	35.4262	68	66	0	0	936.916	0
7526	A	A	954.204	35.4262	68	68	954.204	0	0	0
7527	A	A	958.257	35.4454	69	69	958.257	0	0	0
7528	G	G	995.947	35.4454	69	69	0	0	995.947	0
7529	A	A	941.413	35.4262	68	68	941.413	0	0	0
7530	G	G	886.259	35.3864	66	63	0	0	886.259	0
7531	G	G	850.681	35.3657	65	61	0	0	850.681	0
7532	C	C	941.243	35.3657	65	65	0	941.243	0	0
7533	G	G	946.288	35.4262	68	66	0	0	946.288	0
7534	G	G	991.348	35.4641	70	69	0	0	991.348	0
7535	G	G	993.083	36.1645	70	69	0	0	993.083	0
7536	A	A	959.836	36.1306	67	67	959.836	0	0	0
7537	A	A	956.092	36.1306	67	67	956.092	0	0	0
7538	T	T	927.985	36.1535	69	69	0	0	0	927.985
7539	A	A	967.712	36.1752	71	71	967.712	0	0	0
7540	A	A	966.917	36.1752	71	71	966.917	0	0	0
7541	A	A	989.257	36.2058	74	74	989.257	0	0	0
7542	A	A	962.196	36.1959	73	73	962.196	0	0	0
7543	T	T	990.569	36.2155	75	75	0	0	0	990.569
7544	A	A	993.156	36.1857	72	72	993.156	0	0	0
7545	A	A	996.501	36.1857	72	72	996.501	0	0	0
7546	T	T	974.001	36.1752	71	71	0	0	0	974.001
7547	A	A	989.107	37	69	69	989.107	0	0	0
7548	A	A	964.372	37	69	69	964.372	0	0	0
7549	G	G	960.189	37	71	68	0	0	960.189	0
7550	A	A	1001.11	37	73	73	1001.11	0	0	0
7551	C	C	1008.83	37	73	71	0	1008.83	0	0
7552	G	G	1034.9	37	73	72	0	0	1034.9	0
7553	A	A	987.006	37	71	71	987.006	0	0	0
7554	G	G	983.198	37	72	69	0	0	983.198	0
7555	A	A	956.187	37	71	71	956.187	0	0	0
7556	A	A	960.626	37	70	70	960.626	0	0	0
7557	G	G	985.483	37	71	69	0	0	985.483	0
7558	A	A	952.14	37	71	71	952.14	0	0	0
7559	C	C	982.724	37	69	68	0	982.724	0	0
7560	C	C	953.741	37	66	66	0	953.741	0	0
7561	C	C	916.43	37	65	64	0	916.43	0	0
7562	T	T	909.238	37	64	64	0	0	0	909.238
7563	A	A	885.791	37	67	67	885.791	0	0	0
7564	T	T	884.786	37	64	64	0	0	0	884.786
7565	G	G	875.815	37	63	61	0	0	875.815	0
7566	G	G	879.817	37	62	61	0	0	879.817	0
7567	A	A	847.511	37	63	63	847.511	0	0	0
7568	G	G	876.671	37	65	62	0	0	876.671	0
7569	C	C	942.77	37	67	66	0	942.77	0	0
7570	T	T	900.78	37	69	69	0	0	0	900.78
7571	T	T	874.156	37	67	67	0	0	0	874.156
7572	C	C	917.963	37	65	64	0	917.963	0	0
7573	A	A	856.242	37	62	62	856.242	0	0	0
7574	A	A	845.699	37	61	61	845.699	0	0	0
7575	T	T	881.473	37	64	64	0	0	0	881.473
7576	T	T	909.399	37	66	66	0	0	0	909.399
7577	A	A	939.434	37	70	70	939.434	0	0	0
7578	A	A	909.621	37	68	68	909.621	0	0	0
7579	T	T	903.728	37	71	71	0	0	0	903.728
7580	T	T	882.149	37	68	68	0	0	0	882.149
7581	A	A	910.955	37	69	69	910.955	0	0	0
7582	G	G	900.816	37	68	64	0	0	900.816	0
7583	C	C	950.262	37	67	66	0	950.262	0	0
7584	T	T	907.984	37	65	65	0	0	0	907.984
7585	C	C	909.469	37	63	63	0	909.469	0	0
7586	A	A	826.725	37	62	62	826.725	0	0	0
7587	A	A	831.228	37	62	62	831.228	0	0	0
7588	A	A	849.633	37	64	64	849.633	0	0	0
7589	A	A	837.779	37	61	61	837.779	0	0	0
7590	G	G	802.217	37	58	56	0	0	802.217	0
7591	G	G	791.961	37	59	56	0	0	791.961	0
7592	A	A	849.232	37	62	62	849.232	0	0	0
7593	T	T	861.175	37	65	65	0	0	0	861.175
7594	T	T	864.362	37	65	65	0	0	0	864.362
7595	T	T	841.908	37	65	65	0	0	0	841.908
7596	A	A	889.303	37	63	63	889.303	0	0	0
7597	T	T	874.012	37	66	66	0	0	0	874.012
7598	T	T	905.412	37	69	69	0	0	0	905.412
7599	T	T	941.917	37	72	72	0	0	0	941.917
7600	A	A	980.395	37	71	71	980.395	0	0	0
7601	C	C	988.409	37	74	70	0	988.409	0	0
7602	C	C	1087.18	37	77	76	0	1087.18	0	0
7603	A	A	1007.67	37	75	75	1007.67	0	0	0
7604	G	G	975.781	37	73	69	0	0	975.781	0
7605	A	A	953.675	37	72	72	953.675	0	0	0
7606	C	C	1054.29	37	73	73	0	1054.29	0	0
7607	C	C	995.355	37	70	69	0	995.355	0	0
7608	A	A	948.062	37	69	69	948.062	0	0	0
7609	A	A	955.342	37	70	70	955.342	0	0	0
7610	C	C	958.79	37	69	67	0	958.79	0	0
7611	A	A	974.893	37	69	69	974.893	0	0	0
7612	G	G	952.957	37	69	67	0	0	952.957	0
7613	G	G	1011.3	37	71	70	0	0	1011.3	0
7614	A	A	1002.09	37	73	73	1002.09	0	0	0
7615	A	A	985.761	37	72	72	985.761	0	0	0
7616	C	C	994.902	37	73	70	0	994.902	0	0
7617	A	A	960.772	37	71	71	960.772	0	0	0
7618	A	A	950.243	37	69	69	950.243	0	0	0
7619	C	C	997.766	37	70	69	0	997.766	0	0
7620	A	A	967.562	37	70	70	967.562	0	0	0
7621	T	T	959.895	37	70	70	0	0	0	959.895
7622	A	A	982.249	37	71	71	982.249	0	0	0
7623	T	T	959.996	37	70	70	0	0	0	959.996
7624	T	T	981.198	37	71	71	0	0	0	981.198
7625	C	C	903.528	37	70	65	0	903.528	0	0
7626	C	C	945.952	37	67	66	0	945.952	0	0
7627	T	T	939.622	37	65	65	0	0	0	939.622
7628	T	T	892.26	37	63	63	0	0	0	892.26
7629	C	C	868.777	36.0809	63	61	0	868.777	0	0
7630	C	C	894.861	36.0809	63	62	0	894.861	0	0
7631	A	A	853.405	36.0538	61	61	853.405	0	0	0
7632	T	T	865.656	36.0675	62	62	0	0	0	865.656
7633	G	G	923.284	36.1064	65	64	0	0	923.284	0
7634	A	A	917.817	36.1306	67	67	917.817	0	0	0
7635	G	G	966.233	36.1306	67	67	0	0	966.233	0
7636	C	C	849.3	36.1064	65	61	0	849.3	0	0
7637	T	T	884.992	36.1187	66	66	0	0	0	884.992
7638	A	A	937.112	36.1187	66	66	937.112	0	0	0
7639	G	G	939.108	36.1187	66	65	0	0	939.108	0
7640	C	C	953.138	36.1187	66	66	0	953.138	0	0
7641	A	A	924.957	36.1306	67	67	924.957	0	0	0
7642	A	A	890.128	36.1187	66	66	890.128	0	0	0
7643	T	T	945.886	36.1306	67	67	0	0	0	945.886
7644	T	T	949.053	36.1422	68	68	0	0	0	949.053
7645	T	T	945.918	36.1306	67	67	0	0	0	945.918
7646	A	A	887.107	36.1187	66	66	887.107	0	0	0
7647	G	G	891.701	36.0809	63	62	0	0	891.701	0
7648	G	G	863.446	36.0938	64	61	0	0	863.446	0
7649	T	T	894.335	36.1187	66	66	0	0	0	894.335
7650	T	T	896.054	36.1306	67	67	0	0	0	896.054
7651	G	G	916.461	36.1187	66	64	0	0	916.461	0
7652	G	G	934.373	36.1064	65	65	0	0	934.373	0
7653	G	G	812.054	36.0809	63	58	0	0	812.054	0
7654	G	G	905.484	36.0809	63	63	0	0	905.484	0
7655	C	C	863.637	36.0538	61	60	0	863.637	0	0
7656	G	G	876.973	36.0675	62	61	0	0	876.973	0
7657	A	A	858.657	36.0675	62	62	858.657	0	0	0
7658	C	C	824.389	36.0538	61	58	0	824.389	0	0
7659	C	C	845.255	36.0538	61	59	0	845.255	0	0
7660	T	T	824.053	36.0251	59	59	0	0	0	824.053
7661	C	C	866.962	36.0538	61	60	0	866.962	0	0
7662	G	G	873.044	36.0675	62	61	0	0	873.044	0
7663	G	G	912.038	36.1187	66	64	0	0	912.038	0
7664	A	A	904.18	36.1187	66	66	904.18	0	0	0
7665	G	G	868.507	36.0938	64	61	0	0	868.507	0
7666	T	T	853.524	36.1064	65	65	0	0	0	853.524
7667	A	A	935.804	36.1187	66	66	935.804	0	0	0
7668	C	C	903.966	37	64	63	0	903.966	0	0
7669	A	A	912.341	37	65	65	912.341	0	0	0
7670	A	A	939.635	37	67	67	939.635	0	0	0
7671	A	A	950.439	37	69	69	950.439	0	0	0
7672	A	A	957.767	37	70	70	957.767	0	0	0
7673	T	T	956.474	37	70	70	0	0	0	956.474
7674	A	A	945.826	37	68	68	945.826	0	0	0
7675	A	A	918.474	37	68	68	918.474	0	0	0
7676	C	C	955.258	37	66	66	0	955.258	0	0
7677	C	C	940.599	37	66	65	0	940.599	0	0
7678	T	T	928.753	37	66	66	0	0	0	928.753
7679	C	C	988.219	37	71	69	0	988.219	0	0
7680	C	C	893.938	37	68	64	0	893.938	0	0
7681	G	G	955.34	37	67	66	0	0	955.34	0
7682	A	A	961.881	37	68	68	961.881	0	0	0
7683	G	G	971.147	37	69	68	0	0	971.147	0
7684	T	T	972.362	37	69	69	0	0	0	972.362
7685	G	G	986.695	37	73	70	0	0	986.695	0
7686	A	A	974.651	37	70	70	974.651	0	0	0
7687	T	T	980.613	37	71	71	0	0	0	980.613
7688	A	A	968.847	37	70	70	968.847	0	0	0
7689	T	T	953.603	37	70	69	0	0	0	953.603
7690	T	T	988.407	37	70	70	0	0	0	988.407
7691	A	A	896.643	37	68	68	896.643	0	0	0
7692	A	A	881.789	37	67	67	881.789	0	0	0
7693	T	T	941.486	37	67	67	0	0	0	941.486
7694	C	C	952.668	37	67	66	0	952.668	0	0
7695	T	T	902.904	37	66	66	0	0	0	902.904
7696	A	A	883.111	37	64	64	883.111	0	0	0
7697	G	G	842.089	37	62	59	0	0	842.089	0
7698	A	A	867.921	37	62	62	867.921	0	0	0
7699	C	C	893.381	37	66	63	0	893.381	0	0
7700	G	G	977.207	37	68	68	0	0	977.207	0
7701	T	T	899.69	37	66	66	0	0	0	899.69
7702	A	A	905.419	37	67	67	905.419	0	0	0
7703	C	C	940.791	37	68	66	0	940.791	0	0
7704	C	C	936.96	36.1535	69	66	0	936.96	0	0
7705	T	T	893.889	36.1306	67	67	0	0	0	893.889
7706	G	G	952.127	36.1187	66	66	0	0	952.127	0
7707	T	T	897.061	36.1064	65	65	0	0	0	897.061
7708	C	C	894.78	36.1187	66	63	0	894.78	0	0
7709	A	A	935.906	36.1306	67	67	935.906	0	0	0
7710	A	A	963.307	36.1535	69	69	963.307	0	0	0
7711	A	A	960.053	36.1422	68	68	960.053	0	0	0
7712	A	A	947.345	36.1306	67	67	947.345	0	0	0
7713	T	T	945.965	36.1422	68	68	0	0	0	945.965
7714	G	G	921.588	36.1422	68	65	0	0	921.588	0
7715	C	C	965.846	36.1422	68	67	0	965.846	0	0
7716	T	T	953.634	36.1306	67	67	0	0	0	953.634
7717	C	C	936.108	36.1422	68	66	0	936.108	0	0
7718	A	A	904.001	36.1064	65	65	904.001	0	0	0
7719	C	C	908.897	36.0938	64	63	0	908.897	0	0
7720	T	T	877.798	36.0809	63	63	0	0	0	877.798
7721	T	T	895.919	36.1187	66	66	0	0	0	895.919
7722	A	A	925.5	36.1306	67	67	925.5	0	0	0
7723	C	C	966.534	36.1535	69	67	0	966.534	0	0
7724	T	T	890.527	36.1187	66	66	0	0	0	890.527
7725	T	T	897.6	36.1306	67	67	0	0	0	897.6
7726	A	A	977.811	36.1645	70	70	977.811	0	0	0
7727	T	T	965.205	36.1959	73	73	0	0	0	965.205
7728	T	T	994.641	36.1959	73	73	0	0	0	994.641
7729	G	G	964.765	36.1959	73	69	0	0	964.765	0
7730	A	A	998.564	37	73	73	998.564	0	0	0
7731	T	T	986.342	37	72	72	0	0	0	986.342
7732	C	C	980.832	37	72	69	0	980.832	0	0
7733	C	C	1025.46	37	71	71	0	1025.46	0	0
7734	A	A	956.256	37	70	70	956.256	0	0	0
7735	A	A	964.243	37	71	71	964.243	0	0	0
7736	A	A	969.186	37	71	71	969.186	0	0	0
7737	A	A	943.252	37	70	70	943.252	0	0	0
7738	C	C	965.825	37	68	67	0	965.825	0	0
7739	T	T	915.595	37	65	65	0	0	0	915.595
7740	T	T	929.866	37	66	66	0	0	0	929.866
7741	C	C	955.546	37	67	66	0	955.546	0	0
7742	T	T	922.574	37	66	66	0	0	0	922.574
7743	T	T	870.803	37	64	63	0	0	0	870.803
7744	T	T	874.589	37	64	64	0	0	0	874.589
7745	G	G	855.25	37	64	61	0	0	855.25	0
7746	A	A	784.315	37	61	61	784.315	0	0	0
7747	T	T	837.078	37	60	60	0	0	0	837.078
7748	C	C	837.432	37	59	58	0	837.432	0	0
7749	A	A	781.106	37	58	58	781.106	0	0	0
7750	A	A	816.347	37	58	58	816.347	0	0	0
7751	C	C	785.724	37	60	56	0	785.724	0	0
7752	G	G	815.633	37	59	57	0	0	815.633	0
7753	G	G	829.605	37	60	58	0	0	829.605	0
7754	A	A	825.687	37	61	61	825.687	0	0	0
7755	A	A	820.753	37	60	60	820.753	0	0	0
7756	C	C	846.566	37	62	60	0	846.566	0	0
7757	A	A	856.796	37	63	63	856.796	0	0	0
7758	A	A	832.241	37	60	60	832.241	0	0	0
7759	G	G	825.164	37	61	58	0	0	825.164	0
7760	T	T	826.637	37	61	61	0	0	0	826.637
7761	T	T	840.697	37	61	61	0	0	0	840.697
7762	A	A	899.045	36.1064	65	65	899.045	0	0	0
7763	C	C	877.978	36.1064	65	62	0	877.978	0	0
7764	C	C	866.768	36.0938	64	61	0	866.768	0	0
7765	C	C	934.436	36.1187	66	65	0	934.436	0	0
7766	T	T	893.89	36.1422	68	68	0	0	0	893.89
7767	A	A	927.24	36.1306	67	67	927.24	0	0	0
7768	G	G	926.857	36.1422	68	65	0	0	926.857	0
7769	G	G	1025.47	36.1752	71	71	0	0	1025.47	0
7770	G	G	1035.97	36.1959	73	72	0	0	1035.97	0
7771	A	A	979.356	36.1752	71	71	979.356	0	0	0
7772	T	T	969.885	36.1959	73	73	0	0	0	969.885
7773	A	A	978.417	36.1752	71	71	978.417	0	0	0
7774	A	A	959.097	36.1535	69	69	959.097	0	0	0
7775	C	C	964.171	36.1535	69	67	0	964.171	0	0
7776	A	A	950.075	36.1422	68	68	950.075	0	0	0
7777	G	G	905.807	36.1422	68	64	0	0	905.807	0
7778	C	C	962.983	36.1535	69	67	0	962.983	0	0
7779	G	G	978.036	36.1535	69	68	0	0	978.036	0
7780	C	C	967.802	36.1422	68	67	0	967.802	0	0
7781	A	A	883.107	36.1422	68	68	883.107	0	0	0
7782	A	A	893.562	36.1306	67	67	893.562	0	0	0
7783	T	T	904.928	36.1064	65	65	0	0	0	904.928
7784	C	C	925.515	36.0938	64	64	0	925.515	0	0
7785	C	C	895.158	36.0675	62	62	0	895.158	0	0
7786	T	T	843.765	36.0538	61	61	0	0	0	843.765
7787	G	G	850.816	36.0397	60	59	0	0	850.816	0
7788	T	T	854.52	35.2773	61	61	0	0	0	854.52
7789	T	T	872.45	35.3445	64	64	0	0	0	872.45
7790	T	T	890.162	35.3657	65	65	0	0	0	890.162
7791	A	A	876.988	35.3864	66	66	876.988	0	0	0
7792	A	A	909.693	35.4262	68	68	909.693	0	0	0
7793	G	G	944.31	35.4262	68	66	0	0	944.31	0
7794	A	A	940.434	35.4262	68	68	940.434	0	0	0
7795	G	G	981.477	35.4454	69	68	0	0	981.477	0
7796	T	T	881.91	35.4066	67	67	0	0	0	881.91
7797	C	C	961.21	35.4262	68	67	0	961.21	0	0
7798	C	C	924.752	35.4262	68	65	0	924.752	0	0
7799	A	A	953.617	35.4454	69	69	953.617	0	0	0
7800	T	T	982.878	35.5002	72	72	0	0	0	982.878
7801	A	A	957.127	35.4641	70	70	957.127	0	0	0
7802	T	T	963.448	35.4641	70	70	0	0	0	963.448
7803	C	C	959.287	35.4824	71	68	0	959.287	0	0
7804	G	G	971.545	35.4641	70	68	0	0	971.545	0
7805	A	A	965.138	35.5002	72	72	965.138	0	0	0
7806	C	C	981.251	35.4454	69	68	0	981.251	0	0
7807	A	A	901.945	35.4066	67	67	901.945	0	0	0
7808	A	A	880.717	35.3227	63	63	880.717	0	0	0
7809	T	T	918.864	35.3864	66	66	0	0	0	918.864
7810	A	A	884.464	35.3864	66	66	884.464	0	0	0
7811	G	G	891.807	35.3864	66	63	0	0	891.807	0
7812	G	G	824.054	36.0938	64	59	0	0	824.054	0
7813	G	G	847.445	36.1064	65	61	0	0	847.445	0
7814	T	T	863.752	36.0675	62	62	0	0	0	863.752
7815	T	T	858.624	35.3227	63	63	0	0	0	858.624
7816	T	T	836.234	36.0675	62	62	0	0	0	836.234
7817	A	A	898.859	36.0938	64	64	898.859	0	0	0
7818	C	C	836.206	36.1064	65	60	0	836.206	0	0
7819	G	G	796.825	36.0809	63	58	0	0	796.825	0
7820	A	A	854.6	36.0675	62	62	854.6	0	0	0
7821	C	C	883.343	36.0938	64	62	0	883.343	0	0
7822	C	C	863.149	36.1064	65	61	0	863.149	0	0
7823	T	T	909.155	36.0938	64	64	0	0	0	909.155
7824	C	C	923.398	36.0938	64	64	0	923.398	0	0
7825	G	G	812.231	36.0397	60	58	0	0	812.231	0
7826	A	A	850.082	36.0538	61	61	850.082	0	0	0
7827	T	T	862.655	36.0675	62	62	0	0	0	862.655
7828	G	G	753.895	36.0251	59	55	0	0	753.895	0
7829	T	T	838.259	36.0251	59	59	0	0	0	838.259
7830	T	T	829.83	36.0251	59	59	0	0	0	829.83
7831	G	G	831.617	36.01	58	58	0	0	831.617	0
7832	G	G	762.519	35.9945	57	54	0	0	762.519	0
7833	A	A	733.375	37	54	54	733.375	0	0	0
7834	T	T	750.051	37	53	53	0	0	0	750.051
7835	C	C	752.182	37	53	52	0	752.182	0	0
7836	A	A	698.398	37	52	52	698.398	0	0	0
7837	G	G	702.966	37	50	49	0	0	702.966	0
7838	G	G	653.304	37	48	46	0	0	653.304	0
7839	A	A	608.237	37	46	46	608.237	0	0	0
7840	C	C	651.771	37	45	45	0	651.771	0	0
7841	A	A	577.458	37	45	45	577.458	0	0	0
7842	T	T	593.393	37	41	41	0	0	0	593.393
7843	C	C	564.232	37	39	39	0	564.232	0	0
7844	C	C	549.642	37	38	38	0	549.642	0	0
7845	T	T	542.265	37	38	38	0	0	0	542.265
7846	A	A	443.972	37	36	36	443.972	0	0	0
7847	A	A	411.956	37	33	33	411.956	0	0	0
7848	T	T	462.103	37	32	32	0	0	0	462.103
7849	G	G	435.29	37	32	31	0	0	435.29	0
7850	G	G	321.604	37	28	24	0	0	321.604	0
7851	T	T	374.564	37	26	26	0	0	0	374.564
7852	G	G	298.133	37	24	22	0	0	298.133	0
7853	C	C	272.436	37	19	19	0	272.436	0	0
7854	A	A	202.632	37	19	19	202.632	0	0	0
7855	G	G	221.407	37	17	16	0	0	221.407	0
7856	C	C	199.486	37	14	14	0	199.486	0	0
7857	A	A	147.461	37	13	13	147.461	5.42101e-19	7.79216e-15	5.42101e-19
7858	G	G	132.302	37	12	10	2.54984e-13	3.08998e-16	132.302	3.07913e-16
7859	C	C	141.127	37	10	10	1.11678e-14	141.127	1.11673e-14	1.11676e-14
7860	T	T	126.537	37	9	9	3.21316e-13	3.21321e-13	3.21333e-13	126.537
7861	A	A	64.3957	37	8	8	64.3957	9.24558e-12	1.57836e-06	9.24516e-12
7862	T	T	111.947	37	8	8	9.24516e-12	9.2453e-12	9.24559e-12	111.947
7863	T	T	97.3576	37	7	7	2.6601e-10	2.66014e-10	2.66021e-10	97.3576
7864	A	A	29.1791	37	5	5	29.1791	2.19965e-07	0.00524933	2.19958e-07
7865	A	A	19.6549	37	4	4	19.6549	6.26804e-06	0.0472648	6.2679e-06
7866	G	G	8.7623	37	1	1	0.196898	0.196898	8.7623	0.196898
7867	G	N	0	0	0	0	0.0	0.0	0.0	0.0
7868	G	G	24.4242	37	2	2	0.00523009	0.00523007	24.4242	0.00523012
7869	T	T	30.0465	31.5907	6	6	7.64644e-09	0.00429878	7.64678e-09	30.0465
7870	T	T	42.3105	32.0567	7	7	2.65994e-10	0.000255123	2.66005e-10	42.3105
7871	C	C	74.5236	32.0567	7	6	4.9804e-09	74.5236	4.98029e-09	1.43298e-07
7872	G	G	111.947	32.4422	8	8	9.24542e-12	9.24517e-12	111.947	9.24562e-12
7873	T	T	86.4916	33.2895	11	11	3.87873e-16	9.74155e-09	3.88144e-16	86.4916
7874	T	T	124.578	33.5025	12	12	1.35525e-17	1.51345e-12	1.35525e-17	124.578
7875	T	T	136	33.5025	12	12	1.35525e-17	1.09071e-13	1.35525e-17	136
7876	G	G	214.076	32.258	15	15	0	0	214.076	0
7877	T	T	174.264	32.6115	17	17	0	1.6263e-17	0	174.264
7878	T	T	205.778	32.7677	18	18	0	0	0	205.778
7879	C	C	242.814	33.0469	20	18	0	242.814	0	0
7880	A	A	316.205	32.193	22	22	316.205	0	0	0
7881	A	A	345.385	32.4422	24	24	345.385	0	0	0
7882	C	C	336.709	32.5566	25	24	0	336.709	0	0
7883	G	G	358.545	32.5566	25	25	0	0	358.545	0
7884	A	A	374.564	32.665	26	26	374.564	0	0	0
7885	T	T	354.185	32.7677	27	27	0	0	0	354.185
7886	T	T	370.964	32.7677	27	27	0	0	0	370.964
7887	A	A	389.154	32.7677	27	27	389.154	0	0	0
7888	A	A	418.297	32.9583	29	29	418.297	0	0	0
7889	A	A	460.831	33.2895	33	32	460.831	0	0	0
7890	G	G	488.518	33.4345	35	34	0	0	488.518	0
7891	T	T	460.929	33.6308	38	38	0	0	0	460.929
7892	C	C	502.508	33.1723	42	37	0	502.508	0	0
7893	C	C	560.137	33.1723	42	40	0	560.137	0	0
7894	T	T	536.326	33.86	42	42	0	0	0	536.326
7895	A	A	612.143	33.9123	43	43	612.143	0	0	0
7896	C	C	605.025	34.0588	46	43	0	605.025	0	0
7897	G	G	663.806	34.0588	46	46	0	0	663.806	0
7898	T	T	636.231	34.1917	49	49	0	0	0	636.231
7899	G	G	737.634	34.2735	51	51	0	0	737.634	0
7900	A	A	735.818	34.2735	51	51	735.818	0	0	0
7901	T	T	700.065	34.3506	53	53	0	0	0	700.065
7902	C	C	748.479	34.4234	55	53	0	748.479	0	0
7903	T	T	758.409	34.4921	57	57	0	0	0	758.409
7904	G	G	836.548	34.5572	59	58	0	0	836.548	0
7905	A	A	837.203	34.5572	59	59	837.203	0	0	0
7906	G	G	852.577	34.5572	59	59	0	0	852.577	0
7907	T	T	819.257	35.2537	60	60	0	0	0	819.257
7908	T	T	827.395	35.2537	60	60	0	0	0	827.395
7909	C	C	890.058	35.3227	63	62	0	890.058	0	0
7910	A	A	852.368	35.3003	62	62	852.368	0	0	0
7911	G	G	900.915	35.3657	65	63	0	0	900.915	0
7912	A	A	892.354	35.4066	67	67	892.354	0	0	0
7913	C	C	863.443	35.3445	64	61	0	863.443	0	0
7914	C	C	860.518	35.3003	62	60	0	860.518	0	0
7915	G	G	831.739	35.2773	61	59	0	0	831.739	0
7916	G	G	802.971	35.2044	58	56	0	0	802.971	0
7917	A	A	871.016	35.3003	62	62	871.016	0	0	0
7918	G	G	878.604	36.0809	63	61	0	0	878.604	0
7919	C	C	854.44	37	63	60	0	854.44	0	0
7920	A	A	873.875	37	63	63	873.875	0	0	0
7921	A	A	867.847	37	63	63	867.847	0	0	0
7922	T	T	891.116	37	65	65	0	0	0	891.116
7923	C	C	935.9	37	68	66	0	935.9	0	0
7924	C	C	907.897	37	66	64	0	907.897	0	0
7925	A	A	874.665	37	65	65	874.665	0	0	0
7926	G	G	920.338	37	65	64	0	0	920.338	0
7927	G	G	866.521	37	65	62	0	0	866.521	0
7928	T	T	876.085	37	64	64	0	0	0	876.085
7929	C	C	905.588	37	64	63	0	905.588	0	0
7930	G	G	865.709	37	64	61	0	0	865.709	0
7931	G	G	840.807	37	62	59	0	0	840.807	0
7932	T	T	837.186	37	62	62	0	0	0	837.186
7933	T	T	840.975	37	62	62	0	0	0	840.975
7934	T	T	837.097	37	61	61	0	0	0	837.097
7935	C	C	835.778	37	59	58	0	835.778	0	0
7936	T	T	819.597	37	59	59	0	0	0	819.597
7937	A	A	767.944	37	58	58	767.944	0	0	0
7938	T	T	802.433	37	60	60	0	0	0	802.433
7939	C	C	823.242	37	61	58	0	823.242	0	0
7940	T	T	808.582	37	62	62	0	0	0	808.582
7941	A	A	800.013	37	60	60	800.013	0	0	0
7942	T	T	764.498	37	57	57	0	0	0	764.498
7943	T	T	799.324	37	58	58	0	0	0	799.324
7944	T	T	815.175	37	60	60	0	0	0	815.175
7945	A	A	812.719	37	62	62	812.719	0	0	0
7946	A	A	789.375	37	58	58	789.375	0	0	0
7947	A	A	832.562	37	61	61	832.562	0	0	0
7948	T	T	824.947	37	62	62	0	0	0	824.947
7949	G	G	820.339	37	57	57	0	0	820.339	0
7950	A	A	769.922	37	57	57	769.922	0	0	0
7951	C	C	801.058	37	58	56	0	801.058	0	0
7952	C	C	824.247	37	57	57	0	824.247	0	0
7953	T	T	758.149	37	53	53	0	0	0	758.149
7954	C	C	737.918	37	52	51	0	737.918	0	0
7955	T	T	728.291	37	51	51	0	0	0	728.291
7956	C	C	738.431	37	51	51	0	738.431	0	0
7957	C	C	736.946	37	51	51	0	736.946	0	0
7958	C	C	708.423	37	50	49	0	708.423	0	0
7959	A	A	702.467	37	52	52	702.467	0	0	0
7960	G	G	717.866	37	51	50	0	0	717.866	0
7961	T	T	683.288	37	50	49	0	0	0	683.288
7962	A	A	682.752	37	49	49	682.752	0	0	0
7963	C	C	715.938	37	51	50	0	715.938	0	0
7964	G	G	641.521	37	50	46	0	0	641.521	0
7965	A	A	704.704	37	52	52	704.704	0	0	0
7966	A	A	714.82	37	54	54	714.82	0	0	0
7967	A	A	750.729	37	56	56	750.729	0	0	0
7968	G	G	754.184	37	55	53	0	0	754.184	0
7969	G	G	756.979	37	55	53	0	0	756.979	0
7970	A	A	722.681	37	54	54	722.681	0	0	0
7971	C	C	788.774	37	57	56	0	788.774	0	0
7972	A	A	810.02	37	60	60	810.02	0	0	0
7973	A	A	804.671	37	59	59	804.671	0	0	0
7974	G	G	811.154	37	60	57	0	0	811.154	0
7975	A	A	804.446	37	59	59	804.446	0	0	0
7976	G	G	850.864	37	60	59	0	0	850.864	0
7977	A	A	804.953	37	59	59	804.953	0	0	0
7978	A	A	811.315	37	60	60	811.315	0	0	0
7979	G	G	850.373	37	59	59	0	0	850.373	0
7980	T	T	809.685	37	60	60	0	0	0	809.685
7981	A	A	857.088	37	63	63	857.088	0	0	0
7982	A	A	869.975	37	63	63	869.975	0	0	0
7983	G	G	910.847	37	63	63	0	0	910.847	0
7984	G	G	890.747	37	63	62	0	0	890.747	0
7985	C	C	854.542	37	62	60	0	854.542	0	0
7986	C	C	891.253	37	63	62	0	891.253	0	0
7987	T	T	847.381	37	61	60	0	0	0	847.381
7988	C	C	883.558	37	62	61	0	883.558	0	0
7989	C	C	868.268	37	60	60	0	868.268	0	0
7990	C	C	881.861	37	61	61	0	881.861	0	0
7991	T	T	863.991	37	61	61	0	0	0	863.991
7992	C	C	862.601	37	62	60	0	862.601	0	0
7993	G	G	846.071	37	61	59	0	0	846.071	0
7994	C	C	815.243	37	59	57	0	815.243	0	0
7995	C	C	827.154	37	60	58	0	827.154	0	0
7996	A	A	879.492	37	63	63	879.492	0	0	0
7997	A	A	865.284	37	62	62	865.284	0	0	0
7998	A	A	858.554	37	61	61	858.554	0	0	0
7999	G	G	854.568	37	61	60	0	0	854.568	0
8000	C	C	847.739	37	62	60	0	847.739	0	0
8001	G	G	875.276	37	63	61	0	0	875.276	0
8002	C	C	894.933	37	63	62	0	894.933	0	0
8003	C	C	907.237	37	64	63	0	907.237	0	0
8004	T	T	861.552	37	64	64	0	0	0	861.552
8005	T	T	837.202	37	61	61	0	0	0	837.202
8006	A	A	841.621	37	61	61	841.621	0	0	0
8007	A	A	834.071	37	61	61	834.071	0	0	0
8008	G	G	821.184	37	61	58	0	0	821.184	0
8009	A	A	808.877	37	61	61	808.877	0	0	0
8010	C	C	851.092	37	60	59	0	851.092	0	0
8011	C	C	837.399	37	61	59	0	837.399	0	0
8012	A	A	821.797	37	62	62	821.797	0	0	0
8013	A	A	777.072	37	60	60	777.072	0	0	0
8014	T	T	793.107	37	58	58	0	0	0	793.107
8015	A	A	746.404	37	59	59	746.404	0	0	0
8016	G	G	774.447	37	58	55	0	0	774.447	0
8017	A	A	674.393	37	55	55	674.393	0	0	0
8018	T	T	708.887	37	51	51	0	0	0	708.887
8019	G	G	703.022	37	50	49	0	0	703.022	0
8020	A	A	689.659	37	51	51	689.659	0	0	0
8021	C	C	719.01	37	51	50	0	719.01	0	0
8022	T	T	636.573	37	48	48	0	0	0	636.573
8023	T	T	668.667	37	51	51	0	0	0	668.667
8024	A	A	779.097	37	55	55	779.097	0	0	0
8025	G	G	781.57	37	57	55	0	0	781.57	0
8026	T	T	744.247	37	57	57	0	0	0	744.247
8027	C	C	764.534	37	57	54	0	764.534	0	0
8028	T	T	777.759	37	58	58	0	0	0	777.759
8029	A	A	808.747	36.0251	59	59	808.747	0	0	0
8030	A	A	807.346	35.9945	57	57	807.346	0	0	0
8031	A	A	826.624	36.0251	59	59	826.624	0	0	0
8032	C	C	842.045	36.0538	61	59	0	842.045	0	0
8033	C	C	843.537	36.0538	61	59	0	843.537	0	0
8034	T	T	847.861	36.0938	64	64	0	0	0	847.861
8035	A	A	988.588	36.1752	71	71	988.588	0	0	0
8036	G	G	952.708	36.1752	71	68	0	0	952.708	0
8037	T	T	941.26	36.1857	72	72	0	0	0	941.26
8038	A	A	1007.11	36.1752	71	71	1007.11	0	0	0
8039	A	A	1005.13	36.1752	71	71	1005.13	0	0	0
8040	G	G	1004.36	36.1857	72	70	0	0	1004.36	0
8041	T	T	1017.05	36.2155	75	75	0	0	0	1017.05
8042	C	C	1091.63	36.2342	77	76	0	1091.63	0	0
8043	T	T	1054.83	36.2342	77	77	0	0	0	1054.83
8044	A	A	1012.58	36.2155	75	75	1012.58	0	0	0
8045	C	C	1081.82	36.2155	75	75	0	1081.82	0	0
8046	C	C	1020.71	36.1959	73	71	0	1020.71	0	0
8047	C	C	1039.94	36.1857	72	72	0	1039.94	0	0
8048	C	C	1037.97	36.1959	73	72	0	1037.97	0	0
8049	C	C	988.106	36.1959	73	70	0	988.106	0	0
8050	A	A	1032.87	36.1857	72	72	1032.87	0	0	0
8051	A	A	1035.77	36.1857	72	72	1035.77	0	0	0
8052	C	C	969.447	36.1959	73	69	0	969.447	0	0
8053	G	G	1070.39	36.2058	74	74	0	0	1070.39	0
8054	T	T	1043.43	36.2155	75	75	0	0	0	1043.43
8055	T	T	1055.54	36.2155	75	75	0	0	0	1055.54
8056	G	G	1050.32	36.2058	74	73	0	0	1050.32	0
8057	C	C	1015.56	36.2058	74	71	0	1015.56	0	0
8058	C	C	1069.16	36.2155	75	74	0	1069.16	0	0
8059	C	C	1055.85	36.2058	74	73	0	1055.85	0	0
8060	A	A	956.19	36.1752	71	71	956.19	0	0	0
8061	A	A	946.988	36.1752	71	71	946.988	0	0	0
8062	G	G	956.585	36.1645	70	67	0	0	956.585	0
8063	A	A	925.003	36.1306	67	67	925.003	0	0	0
8064	G	G	967.268	36.1306	67	67	0	0	967.268	0
8065	A	A	957.074	36.1306	67	67	957.074	0	0	0
8066	C	C	885.612	36.1064	65	63	0	885.612	0	0
8067	A	A	913.59	36.1064	65	65	913.59	0	0	0
8068	G	G	915.574	36.1187	66	64	0	0	915.574	0
8069	G	G	960.326	36.1535	69	67	0	0	960.326	0
8070	G	G	924.034	36.1752	71	66	0	0	924.034	0
8071	C	C	945.668	36.1857	72	68	0	945.668	0	0
8072	T	T	930.747	36.1422	68	68	0	0	0	930.747
8073	T	T	915.269	36.1535	69	69	0	0	0	915.269
8074	T	T	944.315	36.1535	69	69	0	0	0	944.315
8075	G	G	955.879	36.1535	69	67	0	0	955.879	0
8076	T	T	931.178	37	67	67	0	0	0	931.178
8077	T	T	910.075	37	66	66	0	0	0	910.075
8078	A	A	833.819	37	63	63	833.819	0	0	0
8079	G	G	827.99	37	60	58	0	0	827.99	0
8080	G	G	847.736	37	59	59	0	0	847.736	0
8081	G	G	851.161	37	59	59	0	0	851.161	0
8082	T	T	819.323	37	61	61	0	0	0	819.323
8083	G	G	848.057	37	61	59	0	0	848.057	0
8084	G	G	857.007	37	62	60	0	0	857.007	0
8085	C	C	886.441	37	63	62	0	886.441	0	0
8086	A	A	876.903	37	64	64	876.903	0	0	0
8087	G	G	935.702	37	65	65	0	0	935.702	0
8088	A	A	915.777	37	68	68	915.777	0	0	0
8089	G	G	894.196	37	66	63	0	0	894.196	0
8090	C	C	935.041	37	66	65	0	935.041	0	0
8091	C	C	900.492	37	65	63	0	900.492	0	0
8092	C	C	897.658	37	65	63	0	897.658	0	0
8093	G	G	897.05	37	63	62	0	0	897.05	0
8094	G	G	896.876	37	62	62	0	0	896.876	0
8095	T	T	876.081	37	63	63	0	0	0	876.081
8096	G	G	954.507	37	66	66	0	0	954.507	0
8097	A	A	931.23	37	67	67	931.23	0	0	0
8098	T	T	942.244	37	71	71	0	0	0	942.244
8099	T	T	933.956	37	70	70	0	0	0	933.956
8100	G	G	968.477	37	69	68	0	0	968.477	0
8101	C	C	960.286	37	69	67	0	960.286	0	0
8102	A	A	916.689	37	68	68	916.689	0	0	0
8103	T	T	930.556	37	66	66	0	0	0	930.556
8104	A	A	894.466	37	68	68	894.466	0	0	0
8105	A	A	896.685	37	67	67	896.685	0	0	0
8106	A	A	918.833	37	68	68	918.833	0	0	0
8107	A	A	972.635	37	72	72	972.635	0	0	0
8108	C	C	915.006	37	69	65	0	915.006	0	0
8109	T	T	896.886	37	68	68	0	0	0	896.886
8110	T	T	908.279	37	68	68	0	0	0	908.279
8111	A	A	942.825	37	69	69	942.825	0	0	0
8112	A	A	933.297	37	68	68	933.297	0	0	0
8113	A	A	915.365	37	67	67	915.365	0	0	0
8114	C	C	939.885	37	66	65	0	939.885	0	0
8115	C	C	923.376	37	65	64	0	923.376	0	0
8116	T	T	914.029	37	65	65	0	0	0	914.029
8117	T	T	926.552	37	67	67	0	0	0	926.552
8118	T	T	921.66	37	67	67	0	0	0	921.66
8119	A	A	889.68	37	66	66	889.68	0	0	0
8120	T	T	890.51	37	65	65	0	0	0	890.51
8121	A	A	898.134	37	67	67	898.134	0	0	0
8122	C	C	937.814	37	66	65	0	937.814	0	0
8123	T	T	886.632	37	64	64	0	0	0	886.632
8124	C	C	853.457	37	63	60	0	853.457	0	0
8125	A	A	902.517	37	66	66	902.517	0	0	0
8126	G	G	924.203	37	65	64	0	0	924.203	0
8127	A	A	901.406	37	65	65	901.406	0	0	0
8128	G	G	911.204	37	64	63	0	0	911.204	0
8129	G	G	915.27	37	66	64	0	0	915.27	0
8130	T	T	906.242	37	66	66	0	0	0	906.242
8131	T	T	933.071	37	68	68	0	0	0	933.071
8132	C	C	951.432	37	66	66	0	951.432	0	0
8133	A	A	928.654	37	68	68	928.654	0	0	0
8134	A	A	914.88	37	66	66	914.88	0	0	0
8135	A	A	946.164	37	69	69	946.164	0	0	0
8136	T	T	955.864	37	70	70	0	0	0	955.864
8137	C	C	978.712	37	69	68	0	978.712	0	0
8138	C	C	937.395	37	68	66	0	937.395	0	0
8139	T	T	941.352	37	70	70	0	0	0	941.352
8140	C	C	980.585	37	69	68	0	980.585	0	0
8141	T	T	937.435	37	68	68	0	0	0	937.435
8142	C	C	915.411	37	66	64	0	915.411	0	0
8143	C	C	907.724	37	64	63	0	907.724	0	0
8144	C	C	865.796	37	61	60	0	865.796	0	0
8145	T	T	871.78	37	61	61	0	0	0	871.78
8146	A	A	802.403	37	60	60	802.403	0	0	0
8147	A	A	787.998	37	59	59	787.998	0	0	0
8148	C	C	814.006	37	59	57	0	814.006	0	0
8149	A	A	808.155	37	60	60	808.155	0	0	0
8150	C	C	847.169	37	60	59	0	847.169	0	0
8151	T	T	805.033	37	61	61	0	0	0	805.033
8152	A	A	848.241	37	60	60	848.241	0	0	0
8153	T	T	798.958	37	61	61	0	0	0	798.958
8154	G	G	940.716	37	65	65	0	0	940.716	0
8155	T	T	862.128	37	65	65	0	0	0	862.128
8156	T	T	892.759	37	66	66	0	0	0	892.759
8157	T	T	894.522	37	66	66	0	0	0	894.522
8158	A	A	936.119	37	67	67	936.119	0	0	0
8159	T	T	929.581	37	68	68	0	0	0	929.581
8160	A	A	967.904	37	70	70	967.904	0	0	0
8161	A	A	962.77	37	71	71	962.77	0	0	0
8162	T	T	947.452	37	69	69	0	0	0	947.452
8163	T	T	948.767	37	68	68	0	0	0	948.767
8164	A	A	958.455	37	69	69	958.455	0	0	0
8165	A	A	957.385	37	69	69	957.385	0	0	0
8166	C	C	940.755	37	69	66	0	940.755	0	0
8167	A	A	975.842	37	71	71	975.842	0	0	0
8168	T	T	962.62	37	72	72	0	0	0	962.62
8169	T	T	971.489	37	71	71	0	0	0	971.489
8170	A	A	972.152	37	71	71	972.152	0	0	0
8171	T	T	985.651	37	72	72	0	0	0	985.651
8172	C	C	1009.52	37	71	70	0	1009.52	0	0
8173	T	T	962.564	37	68	68	0	0	0	962.564
8174	C	C	952.395	37	67	66	0	952.395	0	0
8175	A	A	876.101	37	66	66	876.101	0	0	0
8176	C	C	926.364	37	65	64	0	926.364	0	0
8177	T	T	928.283	37	66	66	0	0	0	928.283
8178	A	A	837.732	37	66	66	837.732	0	0	0
8179	G	G	891.686	37	63	62	0	0	891.686	0
8180	T	T	837.635	37	60	60	0	0	0	837.635
8181	C	C	845.268	37	61	59	0	845.268	0	0
8182	G	G	876.384	37	63	61	0	0	876.384	0
8183	T	T	805.875	37	59	59	0	0	0	805.875
8184	G	G	866.175	37	61	60	0	0	866.175	0
8185	C	C	866.177	37	63	61	0	866.177	0	0
8186	C	C	919.551	37	65	64	0	919.551	0	0
8187	C	C	854.98	37	65	61	0	854.98	0	0
8188	A	A	889.342	37	65	65	889.342	0	0	0
8189	T	T	880.12	37	64	64	0	0	0	880.12
8190	T	T	895.686	37	66	66	0	0	0	895.686
8191	C	C	861.974	37	65	62	0	861.974	0	0
8192	T	T	904.821	37	66	66	0	0	0	904.821
8193	C	C	901.396	37	65	63	0	901.396	0	0
8194	C	C	906.574	37	66	64	0	906.574	0	0
8195	T	T	946.8	37	69	69	0	0	0	946.8
8196	C	C	959.71	37	69	67	0	959.71	0	0
8197	G	G	961.442	37	68	67	0	0	961.442	0
8198	C	C	947.713	37	67	66	0	947.713	0	0
8199	C	C	963.373	37	67	67	0	963.373	0	0
8200	G	G	906.219	37	64	63	0	0	906.219	0
8201	T	T	854.001	37	63	63	0	0	0	854.001
8202	A	A	853.641	37	64	64	853.641	0	0	0
8203	G	G	934.602	37	66	65	0	0	934.602	0
8204	C	C	891.366	37	63	62	0	891.366	0	0
8205	C	C	834.223	37	61	59	0	834.223	0	0
8206	T	T	828.306	37	60	60	0	0	0	828.306
8207	T	T	841.886	37	63	63	0	0	0	841.886
8208	C	C	877.624	37	64	62	0	877.624	0	0
8209	T	T	855.144	37	63	63	0	0	0	855.144
8210	T	T	861.566	37	64	64	0	0	0	861.566
8211	A	A	837.436	37	63	63	837.436	0	0	0
8212	A	A	806.048	37	60	60	806.048	0	0	0
8213	C	C	864.891	37	61	60	0	864.891	0	0
8214	A	A	826.477	37	62	62	826.477	0	0	0
8215	C	C	869.724	37	63	61	0	869.724	0	0
8216	T	T	830.917	37	62	62	0	0	0	830.917
8217	A	A	849.595	37	61	61	849.595	0	0	0
8218	G	G	866.397	37	60	60	0	0	866.397	0
8219	T	T	832.552	37	62	62	0	0	0	832.552
8220	G	G	922.59	37	64	64	0	0	922.59	0
8221	G	G	894.043	37	62	62	0	0	894.043	0
8222	A	A	881.164	37	63	63	881.164	0	0	0
8223	G	G	908.818	37	64	63	0	0	908.818	0
8224	C	C	875.794	37	65	63	0	875.794	0	0
8225	G	G	881.473	37	64	62	0	0	881.473	0
8226	A	A	866.535	37	62	62	866.535	0	0	0
8227	A	A	860.79	37	62	62	860.79	0	0	0
8228	A	A	858.308	37	63	63	858.308	0	0	0
8229	A	A	875.046	37	66	66	875.046	0	0	0
8230	G	G	904.69	37	64	63	0	0	904.69	0
8231	T	T	871.527	37	63	63	0	0	0	871.527
8232	A	A	823.541	37	61	61	823.541	0	0	0
8233	C	C	867.457	37	65	62	0	867.457	0	0
8234	T	T	850.426	37	63	63	0	0	0	850.426
8235	G	G	873.797	37	65	62	0	0	873.797	0
8236	G	G	903.726	37	66	64	0	0	903.726	0
8237	G	G	949.201	37	67	66	0	0	949.201	0
8238	C	C	950.639	37	67	66	0	950.639	0	0
8239	T	T	876.462	37	65	65	0	0	0	876.462
8240	A	A	880.88	37	64	64	880.88	0	0	0
8241	T	T	877.857	37	64	64	0	0	0	877.857
8242	A	A	880.991	37	65	65	880.991	0	0	0
8243	T	T	878.234	37	64	64	0	0	0	878.234
8244	A	A	897.013	37	64	64	897.013	0	0	0
8245	C	C	908.268	37	63	63	0	908.268	0	0
8246	A	A	901.568	37	63	63	901.568	0	0	0
8247	A	A	919.055	37	64	64	919.055	0	0	0
8248	C	C	936.957	37	66	65	0	936.957	0	0
8249	T	T	921.084	37	67	67	0	0	0	921.084
8250	T	T	917.021	37	66	66	0	0	0	917.021
8251	C	C	963.225	37	68	67	0	963.225	0	0
8252	G	G	885.428	37	68	64	0	0	885.428	0
8253	T	T	955.886	37	69	69	0	0	0	955.886
8254	A	A	937.219	37	68	68	937.219	0	0	0
8255	A	A	965.4	37	70	70	965.4	0	0	0
8256	A	A	949.453	37	69	69	949.453	0	0	0
8257	G	G	995.345	37	70	69	0	0	995.345	0
8258	G	G	1002.93	37	72	70	0	0	1002.93	0
8259	A	A	930.362	37	70	70	930.362	0	0	0
8260	C	C	953.069	37	70	67	0	953.069	0	0
8261	C	C	992.589	37	70	69	0	992.589	0	0
8262	A	A	886.064	37	69	69	886.064	0	0	0
8263	A	A	856.712	37	65	65	856.712	0	0	0
8264	A	A	865.65	37	64	64	865.65	0	0	0
8265	C	C	889.033	37	64	62	0	889.033	0	0
8266	A	A	854.189	37	62	62	854.189	0	0	0
8267	T	T	862.677	37	65	65	0	0	0	862.677
8268	T	T	857.579	37	65	65	0	0	0	857.579
8269	G	G	934.875	37	66	65	0	0	934.875	0
8270	T	T	873.808	37	64	64	0	0	0	873.808
8271	A	A	893.405	37	64	64	893.405	0	0	0
8272	G	G	884.586	37	63	62	0	0	884.586	0
8273	G	G	935.727	36.1064	65	65	0	0	935.727	0
8274	A	A	873.421	36.0675	62	62	873.421	0	0	0
8275	C	C	910.314	36.0809	63	63	0	910.314	0	0
8276	C	C	897.283	36.0809	63	62	0	897.283	0	0
8277	C	C	840.406	36.0675	62	59	0	840.406	0	0
8278	T	T	885.314	36.0809	63	63	0	0	0	885.314
8279	A	A	883.984	36.0809	63	63	883.984	0	0	0
8280	T	T	878.194	36.0809	63	63	0	0	0	878.194
8281	G	G	908.338	36.0938	64	63	0	0	908.338	0
8282	G	G	887.67	36.1187	66	63	0	0	887.67	0
8283	T	T	904.346	36.1306	67	67	0	0	0	904.346
8284	C	C	938.49	36.1535	69	66	0	938.49	0	0
8285	T	T	913.843	36.1645	70	70	0	0	0	913.843
8286	C	C	992.822	36.1959	73	70	0	992.822	0	0
8287	C	C	962.174	36.1857	72	68	0	962.174	0	0
8288	T	T	984.702	36.2058	74	74	0	0	0	984.702
8289	A	A	1014.31	36.2155	75	75	1014.31	0	0	0
8290	C	C	1032.36	36.2058	74	72	0	1032.36	0	0
8291	A	A	974.549	36.1857	72	72	974.549	0	0	0
8292	A	A	987.823	36.1959	73	73	987.823	0	0	0
8293	C	C	1064.33	36.2155	75	74	0	1064.33	0	0
8294	C	C	1050.72	36.2058	74	73	0	1050.72	0	0
8295	T	T	991.238	36.2058	74	74	0	0	0	991.238
8296	A	A	1009.09	36.2155	75	75	1009.09	0	0	0
8297	T	T	974.701	36.1752	71	71	0	0	0	974.701
8298	C	C	1062.98	36.2155	75	74	0	1062.98	0	0
8299	G	G	984.257	36.2155	75	70	0	0	984.257	0
8300	C	C	1017.52	37	76	72	0	1017.52	0	0
8301	A	A	1057.63	37	77	77	1057.63	0	0	0
8302	G	G	1042.85	37	77	73	0	0	1042.85	0
8303	A	A	1065.12	37	76	76	1065.12	0	0	0
8304	T	T	1037.52	37	78	78	0	0	0	1037.52
8305	G	G	1118.09	37	79	78	0	0	1118.09	0
8306	C	C	1125.7	37	78	78	0	1125.7	0	0
8307	T	T	1088.23	37	80	80	0	0	0	1088.23
8308	A	A	1065.96	37	79	79	1065.96	0	0	0
8309	C	C	1143.05	37	80	79	0	1143.05	0	0
8310	A	A	1055.72	37	78	78	1055.72	0	0	0
8311	A	A	1042.5	37	78	78	1042.5	0	0	0
8312	A	A	1008.39	37	73	73	1008.39	0	0	0
8313	A	A	991.712	37	72	72	991.712	0	0	0
8314	C	C	1066.88	37	75	74	0	1066.88	0	0
8315	T	T	1029.92	37	74	74	0	0	0	1029.92
8316	T	T	1015.43	37	73	73	0	0	0	1015.43
8317	T	T	1005.81	37	72	72	0	0	0	1005.81
8318	T	T	998.073	37	72	72	0	0	0	998.073
8319	T	T	985.255	37	70	70	0	0	0	985.255
8320	A	A	954.661	37	70	70	954.661	0	0	0
8321	C	C	980.639	36.1645	70	68	0	980.639	0	0
8322	C	C	946.872	36.1752	71	67	0	946.872	0	0
8323	A	A	958.68	36.1645	70	70	958.68	0	0	0
8324	A	A	959.783	36.1752	71	71	959.783	0	0	0
8325	A	A	923.119	36.1535	69	69	923.119	0	0	0
8326	G	G	890.906	36.1306	67	63	0	0	890.906	0
8327	A	A	881.177	36.1064	65	65	881.177	0	0	0
8328	A	A	868.434	36.1187	66	66	868.434	0	0	0
8329	C	C	979.758	36.1422	68	68	0	979.758	0	0
8330	C	C	926.988	35.4454	69	66	0	926.988	0	0
8331	C	C	927.838	35.4066	67	65	0	927.838	0	0
8332	T	T	884.717	35.3864	66	66	0	0	0	884.717
8333	T	T	862.023	35.3657	65	65	0	0	0	862.023
8334	G	G	902.156	35.3657	65	63	0	0	902.156	0
8335	C	C	911.676	35.3657	65	64	0	911.676	0	0
8336	G	G	921.983	35.3657	65	64	0	0	921.983	0
8337	C	C	873.705	35.3227	63	61	0	873.705	0	0
8338	C	C	898.648	35.3445	64	63	0	898.648	0	0
8339	C	C	834.538	34.7331	65	60	0	834.538	0	0
8340	A	A	894.716	34.7862	67	67	894.716	0	0	0
8341	C	C	964.237	34.7862	67	67	0	964.237	0	0
8342	T	T	910.738	34.8118	68	68	0	0	0	910.738
8343	C	C	889.783	34.7862	67	63	0	889.783	0	0
8344	A	A	900.582	34.8118	68	68	900.582	0	0	0
8345	C	C	904.148	34.7056	64	63	0	904.148	0	0
8346	A	A	901.153	34.1488	64	64	901.153	0	0	0
8347	T	T	856.999	34.1157	63	63	0	0	0	856.999
8348	C	C	887.246	34.1488	64	62	0	887.246	0	0
8349	A	A	915.69	34.1811	65	65	915.69	0	0	0
8350	T	T	893.967	34.1811	65	65	0	0	0	893.967
8351	C	C	898.066	34.2126	66	63	0	898.066	0	0
8352	T	T	926.198	34.2735	68	68	0	0	0	926.198
8353	A	A	925.813	34.2735	68	68	925.813	0	0	0
8354	C	C	950.425	34.2434	67	66	0	950.425	0	0
8355	A	A	904.189	34.2735	68	68	904.189	0	0	0
8356	A	A	886.519	34.1488	64	64	886.519	0	0	0
8357	C	C	911.753	34.7056	64	63	0	911.753	0	0
8358	T	T	907.891	34.7331	65	65	0	0	0	907.891
8359	A	A	855.433	34.6774	63	63	855.433	0	0	0
8360	T	T	878.419	34.6774	63	63	0	0	0	878.419
8361	A	A	849.287	34.6774	63	63	849.287	0	0	0
8362	T	T	867.025	34.7331	65	65	0	0	0	867.025
8363	T	T	859.255	34.7056	64	64	0	0	0	859.255
8364	T	T	857.295	34.6774	63	63	0	0	0	857.295
8365	A	A	844.804	34.6774	63	63	844.804	0	0	0
8366	T	T	865.006	34.7056	64	64	0	0	0	865.006
8367	T	T	824.578	35.2537	60	60	0	0	0	824.578
8368	A	A	836.357	35.2294	59	59	836.357	0	0	0
8369	T	T	808.566	35.2537	60	60	0	0	0	808.566
8370	A	A	823.543	35.2537	60	60	823.543	0	0	0
8371	G	G	901.269	34.7331	65	63	0	0	901.269	0
8372	C	C	882.843	34.1811	65	62	0	882.843	0	0
8373	C	C	892.413	33.7947	68	64	0	892.413	0	0
8374	C	C	863.071	34.2126	66	62	0	863.071	0	0
8375	C	C	890.993	34.1157	63	62	0	890.993	0	0
8376	T	T	877.608	34.1488	64	64	0	0	0	877.608
8377	A	A	901.411	34.1811	65	65	901.411	0	0	0
8378	T	T	914.81	34.2434	67	67	0	0	0	914.81
8379	T	T	947.987	34.4145	73	73	0	0	0	947.987
8380	C	C	991.57	34.9311	73	70	0	991.57	0	0
8381	T	T	924.813	34.885	71	71	0	0	0	924.813
8382	A	A	994.044	34.885	71	71	994.044	0	0	0
8383	G	G	980.502	34.8367	69	68	0	0	980.502	0
8384	C	C	970.971	34.8612	70	68	0	970.971	0	0
8385	C	C	1012.49	34.3599	71	70	0	1012.49	0	0
8386	C	C	1041.13	34.3875	72	72	0	1041.13	0	0
8387	T	T	998.661	34.3875	72	72	0	0	0	998.661
8388	A	A	985.365	34.3599	71	71	985.365	0	0	0
8389	A	A	1012.18	34.4409	74	74	1012.18	0	0	0
8390	C	C	1062.73	34.5169	77	75	0	1062.73	0	0
8391	A	A	1023.1	34.4921	76	76	1023.1	0	0	0
8392	C	C	1029.09	34.4668	75	72	0	1029.09	0	0
8393	T	T	999.923	34.4409	74	74	0	0	0	999.923
8394	A	A	995.839	34.3875	72	72	995.839	0	0	0
8395	G	G	1010.86	34.4145	73	71	0	0	1010.86	0
8396	C	C	983.945	34.9534	74	71	0	983.945	0	0
8397	C	C	1028.7	34.9752	75	72	0	1028.7	0	0
8398	C	C	1039.7	34.9311	73	72	0	1039.7	0	0
8399	T	T	1002.23	34.9311	73	73	0	0	0	1002.23
8400	A	A	983.23	35.4824	71	71	983.23	0	0	0
8401	A	A	989.79	35.4824	71	71	989.79	0	0	0
8402	C	C	955.559	35.4641	70	67	0	955.559	0	0
8403	T	T	992.938	35.5002	72	72	0	0	0	992.938
8404	A	A	998.532	35.5512	75	75	998.532	0	0	0
8405	T	T	1031.74	35.6141	79	79	0	0	0	1031.74
8406	A	A	1065.52	35.6141	79	79	1065.52	0	0	0
8407	T	T	991.992	35.5834	77	77	0	0	0	991.992
8408	G	G	1046.68	35.5512	75	73	0	0	1046.68	0
8409	A	A	1008.4	36.1959	73	73	1008.4	0	0	0
8410	G	G	979.034	36.1857	72	69	0	0	979.034	0
8411	T	T	1026.67	36.1857	72	72	0	0	0	1026.67
8412	T	T	998.336	37	70	70	0	0	0	998.336
8413	C	C	982.151	37	69	68	0	982.151	0	0
8414	C	C	1008.05	37	72	70	0	1008.05	0	0
8415	C	C	979.94	37	69	68	0	979.94	0	0
8416	C	C	970.19	37	71	68	0	970.19	0	0
8417	T	T	923.714	37	69	69	0	0	0	923.714
8418	A	A	983.2	37	70	70	983.2	0	0	0
8419	C	C	938.743	37	69	66	0	938.743	0	0
8420	C	C	963.077	37	71	68	0	963.077	0	0
8421	A	A	963.73	37	72	72	963.73	0	0	0
8422	A	A	936.517	37	71	71	936.517	0	0	0
8423	T	T	978.924	37	70	70	0	0	0	978.924
8424	G	G	951.25	37	67	66	0	0	951.25	0
8425	C	C	961.277	37	68	67	0	961.277	0	0
8426	C	C	953.008	37	66	66	0	953.008	0	0
8427	A	A	878.235	37	65	65	878.235	0	0	0
8428	T	T	916.586	37	67	67	0	0	0	916.586
8429	A	A	868.908	37	65	65	868.908	0	0	0
8430	C	C	908.372	37	64	63	0	908.372	0	0
8431	C	C	853.405	37	63	60	0	853.405	0	0
8432	C	C	863.089	37	63	61	0	863.089	0	0
8433	C	C	853.704	36.0809	63	61	0	853.704	0	0
8434	C	C	853.23	36.0809	63	60	0	853.23	0	0
8435	T	T	848.516	36.0809	63	63	0	0	0	848.516
8436	T	T	836.339	36.0809	63	63	0	0	0	836.339
8437	G	G	897.35	36.0938	64	63	0	0	897.35	0
8438	T	T	867.272	36.1187	66	65	0	0	0	867.272
8439	C	C	918.993	36.1422	68	65	0	918.993	0	0
8440	A	A	905.271	36.1535	69	69	905.271	0	0	0
8441	A	A	903.777	36.1306	67	67	903.777	0	0	0
8442	T	T	888.008	36.1187	66	66	0	0	0	888.008
8443	A	A	878.142	36.0938	64	64	878.142	0	0	0
8444	T	T	838.892	36.0397	60	60	0	0	0	838.892
8445	A	A	850.312	36.0675	62	62	850.312	0	0	0
8446	A	A	842.734	36.0675	62	62	842.734	0	0	0
8447	A	A	827.537	36.0538	61	61	827.537	0	0	0
8448	C	C	895.947	36.0675	62	62	0	895.947	0	0
8449	C	C	865.882	36.0397	60	60	0	865.882	0	0
8450	T	T	832.005	36.0397	60	60	0	0	0	832.005
8451	C	C	834.836	36.0251	59	58	0	834.836	0	0
8452	G	G	793.428	36.01	58	56	0	0	793.428	0
8453	G	G	815.158	36.0251	59	57	0	0	815.158	0
8454	A	A	799.339	36.0251	59	59	799.339	0	0	0
8455	G	G	776.633	35.962	55	54	0	0	776.633	0
8456	T	T	784.753	35.9785	56	56	0	0	0	784.753
8457	A	A	773.471	36.01	58	58	773.471	0	0	0
8458	C	C	836.079	36.01	58	58	0	836.079	0	0
8459	T	T	790.189	37	57	57	0	0	0	790.189
8460	G	G	700.887	37	54	51	0	0	700.887	0
8461	T	T	734.34	37	53	53	0	0	0	734.34
8462	T	T	744.969	37	54	54	0	0	0	744.969
8463	T	T	731.324	37	53	53	0	0	0	731.324
8464	A	A	711.693	37	52	52	711.693	0	0	0
8465	T	T	725.25	37	53	53	0	0	0	725.25
8466	A	A	708.399	37	52	52	708.399	0	0	0
8467	T	T	703.338	37	51	51	0	0	0	703.338
8468	T	T	703.337	37	51	51	0	0	0	703.337
8469	A	A	724.196	37	51	51	724.196	0	0	0
8470	G	G	681.557	37	51	49	0	0	681.557	0
8471	C	C	683.971	37	52	49	0	683.971	0	0
8472	A	A	758.157	37	56	56	758.157	0	0	0
8473	A	A	789.161	37	59	59	789.161	0	0	0
8474	T	T	782.719	37	59	59	0	0	0	782.719
8475	A	A	795.058	37	58	58	795.058	0	0	0
8476	T	T	756.771	37	57	57	0	0	0	756.771
8477	C	C	787.943	37	58	56	0	787.943	0	0
8478	A	A	807.739	37	59	59	807.739	0	0	0
8479	A	A	815.522	37	60	60	815.522	0	0	0
8480	G	G	850.936	37	61	60	0	0	850.936	0
8481	C	C	846.857	37	60	59	0	846.857	0	0
8482	T	T	809.765	37	58	58	0	0	0	809.765
8483	T	T	781.498	37	55	55	0	0	0	781.498
8484	A	A	755.221	37	56	56	755.221	0	0	0
8485	G	G	765.541	37	54	53	0	0	765.541	0
8486	C	C	790.722	35.962	55	55	0	790.722	0	0
8487	T	T	735.725	35.962	55	55	0	0	0	735.725
8488	G	G	800.304	35.9945	57	56	0	0	800.304	0
8489	T	T	777.977	36.0251	59	59	0	0	0	777.977
8490	A	A	837.938	36.0397	60	60	837.938	0	0	0
8491	T	T	820.12	36.0538	61	61	0	0	0	820.12
8492	A	A	873.127	36.0938	64	64	873.127	0	0	0
8493	T	T	839.472	36.0675	62	62	0	0	0	839.472
8494	T	T	857.747	36.0938	64	64	0	0	0	857.747
8495	C	C	871.241	35.3657	65	62	0	871.241	0	0
8496	T	T	883.217	35.4262	68	68	0	0	0	883.217
8497	A	A	987.986	35.4454	69	69	987.986	0	0	0
8498	T	T	921.949	35.4824	71	71	0	0	0	921.949
8499	C	C	966.752	35.4824	71	68	0	966.752	0	0
8500	C	C	991.057	35.5002	72	70	0	991.057	0	0
8501	T	T	998.326	35.5002	72	72	0	0	0	998.326
8502	T	T	1024.2	35.5346	74	74	0	0	0	1024.2
8503	T	T	1042.69	35.5512	75	75	0	0	0	1042.69
8504	G	G	1065.41	35.5675	76	74	0	0	1065.41	0
8505	A	A	1012.51	35.5176	73	73	1012.51	0	0	0
8506	T	T	1014.86	35.5346	74	74	0	0	0	1014.86
8507	C	C	1048.96	35.5512	75	73	0	1048.96	0	0
8508	G	G	1079.15	35.5512	75	75	0	0	1079.15	0
8509	G	G	1079.6	35.6141	79	76	0	0	1079.6	0
8510	G	G	1052.92	35.5346	74	73	0	0	1052.92	0
8511	A	A	1008.97	35.5176	73	73	1008.97	0	0	0
8512	T	T	978.082	36.1752	71	71	0	0	0	978.082
8513	G	G	974.963	36.1645	70	68	0	0	974.963	0
8514	G	G	991.168	36.1645	70	69	0	0	991.168	0
8515	G	G	977.687	36.1535	69	68	0	0	977.687	0
8516	C	C	1013.56	36.1752	71	70	0	1013.56	0	0
8517	T	T	998.469	35.4824	71	71	0	0	0	998.469
8518	T	T	949.658	35.4262	68	68	0	0	0	949.658
8519	C	C	916.318	35.3864	66	64	0	916.318	0	0
8520	A	A	886.072	35.3864	66	66	886.072	0	0	0
8521	A	A	879.859	36.0938	64	64	879.859	0	0	0
8522	A	A	863.772	36.0938	64	64	863.772	0	0	0
8523	C	C	905.798	36.0938	64	63	0	905.798	0	0
8524	T	T	866.297	36.0675	62	62	0	0	0	866.297
8525	C	C	887.886	36.0938	64	62	0	887.886	0	0
8526	A	A	840.454	36.0675	62	62	840.454	0	0	0
8527	A	A	828.487	36.0538	61	61	828.487	0	0	0
8528	A	A	820.793	36.0397	60	60	820.793	0	0	0
8529	A	A	841.882	36.0675	62	62	841.882	0	0	0
8530	T	T	848.754	36.0538	61	61	0	0	0	848.754
8531	A	A	819.573	36.0397	60	60	819.573	0	0	0
8532	C	C	846.985	36.0397	60	59	0	846.985	0	0
8533	G	G	720.537	35.9945	57	53	0	0	720.537	0
8534	C	C	809.876	35.9945	57	56	0	809.876	0	0
8535	T	T	787.43	35.9945	57	57	0	0	0	787.43
8536	C	C	822.987	35.9945	57	57	0	822.987	0	0
8537	T	T	796.097	36.01	58	58	0	0	0	796.097
8538	G	G	816.594	36.0251	59	57	0	0	816.594	0
8539	A	A	780.247	35.9945	57	57	780.247	0	0	0
8540	T	T	789.629	36.0251	59	59	0	0	0	789.629
8541	T	T	787.627	36.0251	59	59	0	0	0	787.627
8542	G	G	754.898	35.9945	57	54	0	0	754.898	0
8543	G	G	817.158	36.01	58	57	0	0	817.158	0
8544	A	A	759.684	36.01	58	58	759.684	0	0	0
8545	G	G	798.403	37	58	56	0	0	798.403	0
8546	C	C	776.141	37	55	54	0	776.141	0	0
8547	C	C	820.611	37	59	58	0	820.611	0	0
8548	C	C	790.653	37	59	56	0	790.653	0	0
8549	T	T	781.902	37	59	59	0	0	0	781.902
8550	A	A	805.279	37	59	59	805.279	0	0	0
8551	C	C	843.946	37	61	59	0	843.946	0	0
8552	G	G	799.664	37	59	56	0	0	799.664	0
8553	A	A	827.226	37	59	59	827.226	0	0	0
8554	G	G	819.165	37	59	57	0	0	819.165	0
8555	C	C	799.266	37	58	56	0	799.266	0	0
8556	C	C	815.974	37	59	57	0	815.974	0	0
8557	G	G	831.885	37	63	59	0	0	831.885	0
8558	T	T	870.399	37	67	67	0	0	0	870.399
8559	A	A	926.556	37	67	67	926.556	0	0	0
8560	G	G	971.876	37	69	68	0	0	971.876	0
8561	C	C	860.134	37	68	62	0	860.134	0	0
8562	C	C	936.369	37	70	67	0	936.369	0	0
8563	C	C	1035.41	37	72	72	0	1035.41	0	0
8564	A	A	979.032	37	71	71	979.032	0	0	0
8565	G	G	983.616	37	73	69	0	0	983.616	0
8566	A	A	999.689	37	72	72	999.689	0	0	0
8567	C	C	973.017	37	70	68	0	973.017	0	0
8568	A	A	974.308	37	70	70	974.308	0	0	0
8569	A	A	951.662	37	69	69	951.662	0	0	0
8570	T	T	981.904	37	69	69	0	0	0	981.904
8571	C	C	994.237	37	71	69	0	994.237	0	0
8572	T	T	994.51	37	73	73	0	0	0	994.51
8573	C	C	1025.83	37	73	72	0	1025.83	0	0
8574	A	A	984.121	37	71	71	984.121	0	0	0
8575	T	T	982.684	37	72	72	0	0	0	982.684
8576	A	A	1013.62	37	73	73	1013.62	0	0	0
8577	T	T	1025.43	37	75	75	0	0	0	1025.43
8578	G	G	1013.18	37	73	71	0	0	1013.18	0
8579	A	A	985.735	37	71	71	985.735	0	0	0
8580	A	A	968.899	37	71	71	968.899	0	0	0
8581	G	G	1011.11	37	72	71	0	0	1011.11	0
8582	T	T	1029.35	37	73	73	0	0	0	1029.35
8583	C	C	1011.94	37	71	70	0	1011.94	0	0
8584	A	A	917.353	37	67	67	917.353	0	0	0
8585	C	C	908.917	37	66	64	0	908.917	0	0
8586	A	A	906.554	37	66	66	906.554	0	0	0
8587	T	T	913.524	37	65	65	0	0	0	913.524
8588	T	T	916.48	37	65	65	0	0	0	916.48
8589	A	A	874.29	37	67	67	874.29	0	0	0
8590	G	G	880.756	37	65	62	0	0	880.756	0
8591	C	C	937.123	37	66	65	0	937.123	0	0
8592	C	C	874.936	37	66	62	0	874.936	0	0
8593	A	A	834.221	37	62	62	834.221	0	0	0
8594	T	T	829.773	37	60	60	0	0	0	829.773
8595	T	T	837.723	37	61	61	0	0	0	837.723
8596	A	A	841.55	37	63	63	841.55	0	0	0
8597	T	T	850.966	37	62	62	0	0	0	850.966
8598	C	C	827.816	37	60	58	0	827.816	0	0
8599	C	C	814.654	37	59	57	0	814.654	0	0
8600	T	T	822.484	37	60	60	0	0	0	822.484
8601	C	C	810.201	36.0538	61	57	0	810.201	0	0
8602	C	C	832.138	36.0397	60	58	0	832.138	0	0
8603	T	T	835.123	36.0675	62	62	0	0	0	835.123
8604	A	A	836.462	35.2773	61	61	836.462	0	0	0
8605	T	T	791.343	35.2294	59	59	0	0	0	791.343
8606	C	C	772.087	35.2044	58	55	0	772.087	0	0
8607	A	A	812.101	35.2537	60	60	812.101	0	0	0
8608	G	G	844.266	35.2773	61	59	0	0	844.266	0
8609	T	T	846.167	35.3003	62	62	0	0	0	846.167
8610	C	C	878.217	35.2773	61	61	0	878.217	0	0
8611	C	C	865.329	35.2537	60	60	0	865.329	0	0
8612	T	T	796.107	35.1787	57	57	0	0	0	796.107
8613	A	A	777.16	35.1787	57	57	777.16	0	0	0
8614	C	C	756.103	35.0968	54	53	0	756.103	0	0
8615	T	T	783.728	35.1249	55	55	0	0	0	783.728
8616	A	A	754.723	35.1249	55	55	754.723	0	0	0
8617	A	A	761.501	35.1249	55	55	761.501	0	0	0
8618	T	T	773.923	35.1522	56	56	0	0	0	773.923
8619	A	A	798.435	35.2294	59	59	798.435	0	0	0
8620	A	A	780.824	35.2044	58	58	780.824	0	0	0
8621	A	A	761.484	35.1522	56	56	761.484	0	0	0
8622	T	T	787.617	35.2294	59	59	0	0	0	787.617
8623	G	G	849.484	35.2537	60	59	0	0	849.484	0
8624	G	G	795.62	35.2044	58	56	0	0	795.62	0
8625	C	C	776.411	35.1787	57	55	0	776.411	0	0
8626	T	T	772.407	35.9945	57	57	0	0	0	772.407
8627	C	C	835.886	36.01	58	58	0	835.886	0	0
8628	A	A	824.622	36.0397	60	60	824.622	0	0	0
8629	T	T	813.678	36.01	58	58	0	0	0	813.678
8630	T	T	802.386	35.9945	57	57	0	0	0	802.386
8631	C	C	798.464	36.0397	60	57	0	798.464	0	0
8632	A	A	821.323	36.0397	60	60	821.323	0	0	0
8633	C	C	888.89	36.0809	63	62	0	888.89	0	0
8634	A	A	841.556	36.0675	62	62	841.556	0	0	0
8635	C	C	835.01	36.0251	59	58	0	835.01	0	0
8636	T	T	825.63	36.0538	61	61	0	0	0	825.63
8637	C	C	861.999	36.0538	61	60	0	861.999	0	0
8638	T	T	863.175	36.0938	64	64	0	0	0	863.175
8639	C	C	888.238	36.0938	64	62	0	888.238	0	0
8640	T	T	877.08	36.1306	67	67	0	0	0	877.08
8641	A	A	869.671	36.0938	64	64	869.671	0	0	0
8642	C	C	849.529	36.0809	63	60	0	849.529	0	0
8643	T	T	858.466	36.0675	62	62	0	0	0	858.466
8644	T	T	843.985	36.0538	61	61	0	0	0	843.985
8645	T	T	844.035	36.0251	59	59	0	0	0	844.035
8646	A	A	802.089	36.01	58	58	802.089	0	0	0
8647	A	A	811.756	37	58	58	811.756	0	0	0
8648	T	T	793.138	37	56	56	0	0	0	793.138
8649	T	T	810.413	37	58	58	0	0	0	810.413
8650	A	A	833.493	37	60	60	833.493	0	0	0
8651	C	C	863.703	37	60	60	0	863.703	0	0
8652	T	T	826.329	37	60	60	0	0	0	826.329
8653	A	A	802.589	37	57	57	802.589	0	0	0
8654	C	C	798.878	37	58	56	0	798.878	0	0
8655	T	T	809.717	37	58	57	0	0	0	809.717
8656	C	C	838.344	37	59	58	0	838.344	0	0
8657	A	A	854.511	37	62	62	854.511	0	0	0
8658	A	A	857.696	37	61	61	857.696	0	0	0
8659	G	G	937.654	37	65	65	0	0	937.654	0
8660	A	A	887.281	37	64	64	887.281	0	0	0
8661	A	A	901.608	37	65	65	901.608	0	0	0
8662	C	C	899.985	37	65	63	0	899.985	0	0
8663	A	A	890.662	37	65	65	890.662	0	0	0
8664	C	C	932.133	36.1535	69	66	0	932.133	0	0
8665	C	C	861.303	36.1306	67	62	0	861.303	0	0
8666	T	T	917.465	36.1422	68	68	0	0	0	917.465
8667	C	C	959.759	36.1535	69	67	0	959.759	0	0
8668	T	T	921.139	36.1535	69	69	0	0	0	921.139
8669	G	G	980.115	36.1535	69	68	0	0	980.115	0
8670	A	A	954.865	36.1535	69	69	954.865	0	0	0
8671	C	C	969.883	36.1645	70	68	0	969.883	0	0
8672	T	T	980.944	36.1645	70	70	0	0	0	980.944
8673	A	A	921.39	36.1857	72	72	921.39	0	0	0
8674	A	A	914.033	36.1752	71	71	914.033	0	0	0
8675	T	T	952.504	36.1535	69	69	0	0	0	952.504
8676	T	T	898.346	36.1187	66	66	0	0	0	898.346
8677	T	T	857.344	36.0809	63	63	0	0	0	857.344
8678	T	T	860.724	36.0809	63	63	0	0	0	860.724
8679	C	C	822.923	36.0809	63	59	0	822.923	0	0
8680	C	C	842.943	36.0538	61	59	0	842.943	0	0
8681	C	C	877.562	36.0675	62	61	0	877.562	0	0
8682	C	C	894.368	36.0809	63	62	0	894.368	0	0
8683	A	A	823.244	36.0675	62	62	823.244	0	0	0
8684	C	C	868.134	36.0397	60	60	0	868.134	0	0
8685	A	A	792.19	36.0397	60	60	792.19	0	0	0
8686	T	T	813.982	35.2537	60	60	0	0	0	813.982
8687	G	G	862.748	35.2773	61	60	0	0	862.748	0
8688	A	A	806.875	35.2537	60	60	806.875	0	0	0
8689	C	C	804.165	35.9945	57	56	0	804.165	0	0
8690	C	C	803.659	35.9945	57	56	0	803.659	0	0
8691	T	T	767.455	35.9785	56	56	0	0	0	767.455
8692	C	C	802.279	36.01	58	56	0	802.279	0	0
8693	T	T	796.102	36.01	58	58	0	0	0	796.102
8694	G	G	745.233	35.945	54	52	0	0	745.233	0
8695	G	G	745.646	35.945	54	52	0	0	745.646	0
8696	C	C	778.409	35.962	55	54	0	778.409	0	0
8697	C	C	807.037	35.9945	57	56	0	807.037	0	0
8698	A	A	833.133	36.0538	61	61	833.133	0	0	0
8699	T	T	813.057	36.0675	62	62	0	0	0	813.057
8700	A	A	824.075	36.0538	61	61	824.075	0	0	0
8701	A	A	814.575	36.0397	60	60	814.575	0	0	0
8702	T	T	830.511	36.0809	63	63	0	0	0	830.511
8703	A	A	823.422	36.0675	62	62	823.422	0	0	0
8704	T	T	833.55	36.0538	61	61	0	0	0	833.55
8705	G	G	818.985	36.0397	60	58	0	0	818.985	0
8706	A	A	793.093	36.0251	59	59	793.093	0	0	0
8707	T	T	809.969	36.0251	59	59	0	0	0	809.969
8708	T	T	797.501	36.01	58	58	0	0	0	797.501
8709	T	T	782.73	35.9945	57	57	0	0	0	782.73
8710	A	A	779.964	35.9785	56	56	779.964	0	0	0
8711	T	T	783.855	35.9945	57	57	0	0	0	783.855
8712	T	T	800.112	36.0251	59	59	0	0	0	800.112
8713	T	T	807.663	36.0397	60	60	0	0	0	807.663
8714	C	C	787.665	37	61	57	0	787.665	0	0
8715	C	C	864.953	37	63	61	0	864.953	0	0
8716	A	A	860.719	37	63	63	860.719	0	0	0
8717	C	C	861.209	37	63	61	0	861.209	0	0
8718	T	T	823.971	37	60	60	0	0	0	823.971
8719	C	C	868.165	37	63	61	0	868.165	0	0
8720	T	T	882.743	37	66	66	0	0	0	882.743
8721	A	A	895.401	37	65	65	895.401	0	0	0
8722	G	G	911.646	37	64	63	0	0	911.646	0
8723	C	C	891.974	37	63	62	0	891.974	0	0
8724	A	A	870.471	37	63	63	870.471	0	0	0
8725	G	G	903.525	37	65	63	0	0	903.525	0
8726	A	A	948.119	37	69	69	948.119	0	0	0
8727	A	A	935.294	37	68	68	935.294	0	0	0
8728	A	A	916.64	37	66	66	916.64	0	0	0
8729	C	C	990.78	37	69	69	0	990.78	0	0
8730	T	T	928.009	37	71	71	0	0	0	928.009
8731	A	A	984.89	37	71	71	984.89	0	0	0
8732	A	A	987.959	37	71	71	987.959	0	0	0
8733	C	C	961.165	37	72	68	0	961.165	0	0
8734	C	C	983.871	37	71	69	0	983.871	0	0
8735	G	G	1039.57	37	72	72	0	0	1039.57	0
8736	A	A	1005.47	37	72	72	1005.47	0	0	0
8737	G	G	970.383	37	71	68	0	0	970.383	0
8738	C	C	982.826	37	69	68	0	982.826	0	0
8739	C	C	973.35	37	69	68	0	973.35	0	0
8740	C	C	999.528	37	69	69	0	999.528	0	0
8741	C	C	984.307	37	72	69	0	984.307	0	0
8742	T	T	963.452	37	69	69	0	0	0	963.452
8743	T	T	972.976	37	70	70	0	0	0	972.976
8744	T	T	996.195	37	73	73	0	0	0	996.195
8745	T	T	1017.88	37	76	76	0	0	0	1017.88
8746	G	G	1015.64	37	73	71	0	0	1015.64	0
8747	A	A	1002.3	37	73	73	1002.3	0	0	0
8748	C	C	1010.23	37	74	71	0	1010.23	0	0
8749	C	C	1055.9	37	76	74	0	1055.9	0	0
8750	T	T	1016.93	37	74	74	0	0	0	1016.93
8751	A	A	1066.31	37	76	76	1066.31	0	0	0
8752	G	G	1056.37	37	74	73	0	0	1056.37	0
8753	C	C	1011.58	37	74	71	0	1011.58	0	0
8754	A	A	1005.3	37	72	72	1005.3	0	0	0
8755	G	G	1067.08	37	74	74	0	0	1067.08	0
8756	A	A	986.178	37	73	73	986.178	0	0	0
8757	A	A	1017.28	37	75	75	1017.28	0	0	0
8758	G	G	1019.61	37	73	71	0	0	1019.61	0
8759	G	G	981.583	37	72	70	0	0	981.583	0
8760	A	A	956.45	37	70	70	956.45	0	0	0
8761	G	G	1010.24	37	70	70	0	0	1010.24	0
8762	A	A	968.152	37	72	72	968.152	0	0	0
8763	G	G	902.435	37	69	65	0	0	902.435	0
8764	T	T	940.773	37	67	67	0	0	0	940.773
8765	C	C	1007.16	37	70	70	0	1007.16	0	0
8766	A	A	902.235	37	70	70	902.235	0	0	0
8767	G	G	918.149	37	68	65	0	0	918.149	0
8768	A	A	852.93	37	64	64	852.93	0	0	0
8769	A	A	807.397	37	60	60	807.397	0	0	0
8770	T	T	836.255	37	61	61	0	0	0	836.255
8771	T	T	844.899	37	63	62	0	0	0	844.899
8772	A	A	840.349	37	62	62	840.349	0	0	0
8773	G	G	877.553	37	63	62	0	0	877.553	0
8774	T	T	802.524	37	60	60	0	0	0	802.524
8775	C	C	890.897	37	62	62	0	890.897	0	0
8776	T	T	822.654	37	61	61	0	0	0	822.654
8777	C	C	850.735	37	60	59	0	850.735	0	0
8778	A	A	763.766	37	59	59	763.766	0	0	0
8779	G	G	747.016	37	53	52	0	0	747.016	0
8780	G	G	776.711	37	54	54	0	0	776.711	0
8781	T	T	757.332	37	53	53	0	0	0	757.332
8782	T	T	732.587	37	54	54	0	0	0	732.587
8783	T	T	736.35	37	54	54	0	0	0	736.35
8784	C	C	763.421	37	53	53	0	763.421	0	0
8785	A	A	754.831	37	54	54	754.831	0	0	0
8786	A	A	785.819	37	56	56	785.819	0	0	0
8787	C	C	859.386	37	60	60	0	859.386	0	0
8788	G	G	836.833	37	60	58	0	0	836.833	0
8789	T	T	798.256	37	60	60	0	0	0	798.256
8790	C	C	858.88	37	61	60	0	858.88	0	0
8791	G	G	880.718	37	64	62	0	0	880.718	0
8792	A	A	902.464	37	66	66	902.464	0	0	0
8793	G	G	941.705	37	69	66	0	0	941.705	0
8794	T	T	878.647	37	66	66	0	0	0	878.647
8795	A	A	928.958	37	67	67	928.958	0	0	0
8796	C	C	974.931	37	69	68	0	974.931	0	0
8797	G	G	929.095	37	66	65	0	0	929.095	0
8798	C	C	910.387	37	67	64	0	910.387	0	0
8799	A	A	944.148	37	69	69	944.148	0	0	0
8800	G	G	994.773	37	70	69	0	0	994.773	0
8801	C	C	936.088	37	72	67	0	936.088	0	0
8802	A	A	949.771	37	69	69	949.771	0	0	0
8803	G	G	943.745	37	68	66	0	0	943.745	0
8804	G	G	1011.91	37	70	70	0	0	1011.91	0
8805	C	C	974.985	37	72	69	0	974.985	0	0
8806	C	C	933.332	37	71	67	0	933.332	0	0
8807	C	C	992.761	37	70	69	0	992.761	0	0
8808	A	A	948.425	37	70	70	948.425	0	0	0
8809	T	T	989.416	37	71	71	0	0	0	989.416
8810	T	T	990.741	37	70	70	0	0	0	990.741
8811	C	C	998.738	37	69	69	0	998.738	0	0
8812	G	G	896.017	37	70	64	0	0	896.017	0
8813	C	C	938.406	37	65	65	0	938.406	0	0
8814	C	C	951.271	37	66	66	0	951.271	0	0
8815	T	T	906.973	37	66	66	0	0	0	906.973
8816	T	T	896.212	37	68	68	0	0	0	896.212
8817	A	A	959.708	37	68	68	959.708	0	0	0
8818	T	T	904.786	37	68	68	0	0	0	904.786
8819	T	T	909.809	37	67	67	0	0	0	909.809
8820	T	T	925.461	36.1422	68	68	0	0	0	925.461
8821	T	T	966.913	36.1535	69	69	0	0	0	966.913
8822	T	T	958.71	36.1422	68	68	0	0	0	958.71
8823	C	C	974.996	36.1645	70	68	0	974.996	0	0
8824	T	T	948.65	36.1535	69	69	0	0	0	948.65
8825	T	T	935.73	36.1535	69	69	0	0	0	935.73
8826	A	A	982.406	36.1645	70	70	982.406	0	0	0
8827	G	G	925.717	36.1857	72	67	0	0	925.717	0
8828	C	C	1026.58	36.2155	75	72	0	1026.58	0	0
8829	A	A	1018.08	36.1959	73	73	1018.08	0	0	0
8830	G	G	1082.26	36.2249	76	75	0	0	1082.26	0
8831	A	A	1062.02	36.2432	78	78	1062.02	0	0	0
8832	A	A	1033.37	36.2058	74	74	1033.37	0	0	0
8833	T	T	1012.99	36.1959	73	73	0	0	0	1012.99
8834	A	A	1020.12	36.2155	75	75	1020.12	0	0	0
8835	C	C	1046.64	36.2249	76	73	0	1046.64	0	0
8836	A	A	988.699	36.1959	73	73	988.699	0	0	0
8837	C	C	964.719	36.1959	73	69	0	964.719	0	0
8838	C	C	970.07	36.2155	75	70	0	970.07	0	0
8839	A	A	968.844	36.2155	75	75	968.844	0	0	0
8840	A	A	959.16	36.2155	75	75	959.16	0	0	0
8841	C	C	978.839	36.1959	73	69	0	978.839	0	0
8842	A	A	931.352	36.1752	71	71	931.352	0	0	0
8843	T	T	934.477	36.1422	68	68	0	0	0	934.477
8844	T	T	911.466	36.1306	67	67	0	0	0	911.466
8845	A	A	950.525	36.1535	69	69	950.525	0	0	0
8846	T	T	936.54	36.1422	68	68	0	0	0	936.54
8847	T	T	910.463	36.1187	66	66	0	0	0	910.463
8848	A	A	918.053	36.1064	65	65	918.053	0	0	0
8849	T	T	918.874	36.1064	65	65	0	0	0	918.874
8850	A	A	901.737	36.1064	65	65	901.737	0	0	0
8851	A	A	916.329	36.1187	66	66	916.329	0	0	0
8852	T	T	935.608	36.1306	67	67	0	0	0	935.608
8853	A	A	914.473	36.1306	67	67	914.473	0	0	0
8854	A	A	904.475	36.1306	67	67	904.475	0	0	0
8855	A	A	899.625	36.1187	66	66	899.625	0	0	0
8856	T	T	919.534	36.1306	67	67	0	0	0	919.534
8857	G	G	952.342	36.1857	72	68	0	0	952.342	0
8858	C	C	990.371	36.1645	70	69	0	990.371	0	0
8859	C	C	938.888	36.1645	70	67	0	938.888	0	0
8860	C	C	989.331	36.1645	70	69	0	989.331	0	0
8861	T	T	909.328	36.1422	68	68	0	0	0	909.328
8862	C	C	917.038	36.1187	66	64	0	917.038	0	0
8863	A	A	938.961	36.1306	67	67	938.961	0	0	0
8864	C	C	939.567	36.1645	70	66	0	939.567	0	0
8865	G	G	1025.5	36.1857	72	71	0	0	1025.5	0
8866	A	A	1025.92	36.1959	73	73	1025.92	0	0	0
8867	C	C	1008.37	36.2058	74	71	0	1008.37	0	0
8868	T	T	999.722	37	77	77	0	0	0	999.722
8869	A	A	1032.64	37	76	76	1032.64	0	0	0
8870	T	T	1049.26	37	76	76	0	0	0	1049.26
8871	C	C	1033.38	37	76	73	0	1033.38	0	0
8872	C	C	1017.14	37	74	71	0	1017.14	0	0
8873	T	T	1047.3	37	76	76	0	0	0	1047.3
8874	A	A	1049.12	37	74	74	1049.12	0	0	0
8875	T	T	1014.28	37	75	75	0	0	0	1014.28
8876	T	T	1039	37	76	76	0	0	0	1039
8877	C	C	1036.71	37	77	73	0	1036.71	0	0
8878	T	T	1090.1	37	78	78	0	0	0	1090.1
8879	T	T	1057.17	37	75	75	0	0	0	1057.17
8880	T	T	1057.3	37	74	74	0	0	0	1057.3
8881	G	G	1021.32	37	72	71	0	0	1021.32	0
8882	G	G	1022.15	37	72	71	0	0	1022.15	0
8883	A	A	972.204	37	72	72	972.204	0	0	0
8884	G	G	947.934	37	71	67	0	0	947.934	0
8885	C	C	974.891	37	70	68	0	974.891	0	0
8886	A	A	965.118	37	72	72	965.118	0	0	0
8887	T	T	962.55	37	71	71	0	0	0	962.55
8888	T	T	953.769	37	70	70	0	0	0	953.769
8889	T	T	959.569	37	72	72	0	0	0	959.569
8890	C	C	977.321	37	72	69	0	977.321	0	0
8891	A	A	1018.27	37	74	74	1018.27	0	0	0
8892	T	T	987.734	37	73	73	0	0	0	987.734
8893	A	A	1043.66	37	75	75	1043.66	0	0	0
8894	A	A	1034.67	37	75	75	1034.67	0	0	0
8895	C	C	1018.87	37	73	71	0	1018.87	0	0
8896	C	C	1013.57	37	70	70	0	1013.57	0	0
8897	C	C	1013.89	37	70	70	0	1013.89	0	0
8898	C	C	986.883	37	71	69	0	986.883	0	0
8899	T	T	1002.5	37	70	70	0	0	0	1002.5
8900	A	A	961.276	37	71	71	961.276	0	0	0
8901	C	C	949.78	37	70	67	0	949.78	0	0
8902	A	A	910.385	37	68	68	910.385	0	0	0
8903	T	T	923.619	37	66	66	0	0	0	923.619
8904	A	A	944.873	37	70	70	944.873	0	0	0
8905	C	C	961.384	37	69	67	0	961.384	0	0
8906	C	C	938.537	37	65	65	0	938.537	0	0
8907	A	A	908.197	37	66	66	908.197	0	0	0
8908	G	G	849.806	37	67	61	0	0	849.806	0
8909	A	A	927.398	37	68	68	927.398	0	0	0
8910	A	A	922.965	37	68	68	922.965	0	0	0
8911	C	C	963.982	37	68	67	0	963.982	0	0
8912	T	T	913.679	37	67	67	0	0	0	913.679
8913	A	A	926.658	37	68	68	926.658	0	0	0
8914	T	T	931.368	37	69	69	0	0	0	931.368
8915	A	A	949.83	37	69	69	949.83	0	0	0
8916	C	C	975.095	37	69	68	0	975.095	0	0
8917	A	A	991.921	37	72	72	991.921	0	0	0
8918	C	C	998.125	37	72	70	0	998.125	0	0
8919	T	T	960.749	37	71	71	0	0	0	960.749
8920	G	G	978.926	37	69	68	0	0	978.926	0
8921	T	T	975.359	37	72	72	0	0	0	975.359
8922	C	C	974.912	37	72	69	0	974.912	0	0
8923	A	A	958.303	37	71	71	958.303	0	0	0
8924	A	A	932.386	37	68	68	932.386	0	0	0
8925	C	C	946.624	37	67	66	0	946.624	0	0
8926	T	T	940.571	37	69	69	0	0	0	940.571
8927	T	T	933.321	37	69	69	0	0	0	933.321
8928	C	C	941.548	37	70	67	0	941.548	0	0
8929	A	A	980.193	37	70	70	980.193	0	0	0
8930	C	C	985.462	37	71	69	0	985.462	0	0
8931	T	T	966.819	37	72	72	0	0	0	966.819
8932	G	G	1051.87	37	74	73	0	0	1051.87	0
8933	T	T	1002.82	37	73	73	0	0	0	1002.82
8934	A	A	980.322	37	72	72	980.322	0	0	0
8935	A	A	943.991	37	72	72	943.991	0	0	0
8936	A	A	921.128	37	69	69	921.128	0	0	0
8937	A	A	895.576	37	68	68	895.576	0	0	0
8938	A	A	878.818	37	67	67	878.818	0	0	0
8939	C	C	941.783	37	66	65	0	941.783	0	0
8940	A	A	852.142	37	63	63	852.142	0	0	0
8941	C	C	875.257	37	63	61	0	875.257	0	0
8942	T	T	850.609	37	61	61	0	0	0	850.609
8943	C	C	815.438	36.0538	61	58	0	815.438	0	0
8944	C	C	845.086	36.0538	61	59	0	845.086	0	0
8945	T	T	835.985	36.0397	60	60	0	0	0	835.985
8946	C	C	853.552	36.0251	59	59	0	853.552	0	0
8947	C	C	858.542	36.0675	62	60	0	858.542	0	0
8948	T	T	875.896	36.0809	63	63	0	0	0	875.896
8949	A	A	892.896	36.1306	67	67	892.896	0	0	0
8950	A	A	888.643	36.1187	66	66	888.643	0	0	0
8951	C	C	901.826	36.1306	67	64	0	901.826	0	0
8952	A	A	896.318	36.1064	65	65	896.318	0	0	0
8953	G	G	910.194	36.0938	64	63	0	0	910.194	0
8954	C	C	901.57	36.1064	65	63	0	901.57	0	0
8955	T	T	878.198	36.0938	64	64	0	0	0	878.198
8956	T	T	896.595	36.1064	65	65	0	0	0	896.595
8957	C	C	923.52	36.1064	65	64	0	923.52	0	0
8958	T	T	891.498	36.1064	65	65	0	0	0	891.498
8959	T	T	889.808	36.1064	65	65	0	0	0	889.808
8960	T	T	906.367	36.1187	66	66	0	0	0	906.367
8961	C	C	922.595	36.1064	65	64	0	922.595	0	0
8962	C	C	991.693	36.1645	70	69	0	991.693	0	0
8963	T	T	947.308	36.1645	70	70	0	0	0	947.308
8964	A	A	907.018	36.1422	68	68	907.018	0	0	0
8965	T	T	893.571	36.1064	65	65	0	0	0	893.571
8966	G	G	886.63	36.0938	64	62	0	0	886.63	0
8967	A	A	933.991	36.1535	69	69	933.991	0	0	0
8968	A	A	938.14	36.1752	71	71	938.14	0	0	0
8969	T	T	913.536	37	68	68	0	0	0	913.536
8970	C	C	968.882	36.1645	70	68	0	968.882	0	0
8971	C	C	965.599	36.1645	70	68	0	965.599	0	0
8972	G	G	971.068	36.1645	70	68	0	0	971.068	0
8973	C	C	858.248	36.1187	66	62	0	858.248	0	0
8974	G	G	907.529	36.1064	65	63	0	0	907.529	0
8975	C	C	924.968	36.1064	65	64	0	924.968	0	0
8976	A	A	904.53	36.0938	64	64	904.53	0	0	0
8977	T	T	903.131	36.0938	64	64	0	0	0	903.131
8978	C	C	909.08	36.0938	64	63	0	909.08	0	0
8979	A	A	871.463	36.0938	64	64	871.463	0	0	0
8980	T	T	877.633	36.0675	62	62	0	0	0	877.633
8981	A	A	857.771	36.0809	63	63	857.771	0	0	0
8982	C	C	922.891	36.1064	65	64	0	922.891	0	0
8983	C	C	923.597	36.0938	64	64	0	923.597	0	0
8984	C	C	922.865	36.0938	64	64	0	922.865	0	0
8985	T	T	895.515	36.1187	66	66	0	0	0	895.515
8986	C	C	919.827	36.0938	64	64	0	919.827	0	0
8987	G	G	865.093	36.0397	60	60	0	0	865.093	0
8988	A	A	827.489	36.0538	61	61	827.489	0	0	0
8989	T	T	832.365	36.0675	62	62	0	0	0	832.365
8990	T	T	852.432	36.0809	63	63	0	0	0	852.432
8991	C	C	831.668	36.0809	63	59	0	831.668	0	0
8992	C	C	844.607	36.0938	64	60	0	844.607	0	0
8993	G	G	827.721	36.0675	62	59	0	0	827.721	0
8994	A	A	801.932	37	59	59	801.932	0	0	0
8995	T	T	795.736	37	57	57	0	0	0	795.736
8996	A	A	802.64	37	59	59	802.64	0	0	0
8997	C	C	781.886	37	58	55	0	781.886	0	0
8998	G	G	834.582	37	59	58	0	0	834.582	0
8999	A	A	803.536	37	59	59	803.536	0	0	0
9000	C	C	836.342	37	58	58	0	836.342	0	0
9001	C	C	835.349	37	58	58	0	835.349	0	0
9002	A	A	769.394	37	57	57	769.394	0	0	0
9003	A	A	760.116	37	57	57	760.116	0	0	0
9004	C	C	810.146	37	58	57	0	810.146	0	0
9005	T	T	780.011	37	58	58	0	0	0	780.011
9006	A	A	779.833	37	58	58	779.833	0	0	0
9007	A	A	795.18	37	58	58	795.18	0	0	0
9008	T	T	760.464	37	57	57	0	0	0	760.464
9009	A	A	805.655	37	59	59	805.655	0	0	0
9010	C	C	821.513	37	61	58	0	821.513	0	0
9011	A	A	836.204	37	60	60	836.204	0	0	0
9012	C	C	890.149	37	63	62	0	890.149	0	0
9013	C	C	851.112	37	66	61	0	851.112	0	0
9014	T	T	858.03	37	68	68	0	0	0	858.03
9015	G	G	995.147	37	70	69	0	0	995.147	0
9016	C	C	979.653	37	74	70	0	979.653	0	0
9017	T	T	967.178	37	76	76	0	0	0	967.178
9018	A	A	1088.01	37	78	78	1088.01	0	0	0
9019	T	T	1045.75	37	78	78	0	0	0	1045.75
9020	G	G	1042.51	37	76	73	0	0	1042.51	0
9021	A	A	1051.61	37	76	76	1051.61	0	0	0
9022	A	A	1021.79	37	75	75	1021.79	0	0	0
9023	A	A	981.217	37	74	74	981.217	0	0	0
9024	A	A	959.949	37	71	71	959.949	0	0	0
9025	A	A	978.627	37	72	72	978.627	0	0	0
9026	A	A	984.978	37	73	73	984.978	0	0	0
9027	T	T	989.422	37	70	70	0	0	0	989.422
9028	T	T	938.383	37	67	67	0	0	0	938.383
9029	T	T	927.685	37	67	67	0	0	0	927.685
9030	C	C	1007.91	37	70	70	0	1007.91	0	0
9031	C	C	995.056	37	70	69	0	995.056	0	0
9032	T	T	956.51	37	70	70	0	0	0	956.51
9033	A	A	962.524	37	68	68	962.524	0	0	0
9034	C	C	957.434	37	68	67	0	957.434	0	0
9035	C	C	983.448	37	68	68	0	983.448	0	0
9036	C	C	1010.13	37	70	70	0	1010.13	0	0
9037	C	C	986.559	37	70	69	0	986.559	0	0
9038	T	T	965.293	37	69	69	0	0	0	965.293
9039	C	C	939.476	36.1535	69	66	0	939.476	0	0
9040	A	A	934.95	36.1645	70	70	934.95	0	0	0
9041	C	C	954.813	36.1752	71	68	0	954.813	0	0
9042	A	A	973.894	36.1857	72	72	973.894	0	0	0
9043	C	C	1024.98	36.2155	75	72	0	1024.98	0	0
9044	T	T	956.445	36.1857	72	72	0	0	0	956.445
9045	G	G	988.733	36.1752	71	69	0	0	988.733	0
9046	G	G	969.954	36.1857	72	69	0	0	969.954	0
9047	C	C	958.922	36.1535	69	67	0	958.922	0	0
9048	C	C	983.947	36.1422	68	68	0	983.947	0	0
9049	C	C	1007.53	36.1645	70	70	0	1007.53	0	0
9050	T	T	926.645	36.1422	68	68	0	0	0	926.645
9051	G	G	903.14	36.1422	68	64	0	0	903.14	0
9052	T	T	922.375	36.1535	69	69	0	0	0	922.375
9053	G	G	944.663	36.1422	68	66	0	0	944.663	0
9054	C	C	939.281	36.1535	69	66	0	939.281	0	0
9055	A	A	947.002	36.1535	69	69	947.002	0	0	0
9056	T	T	917.153	36.1535	69	69	0	0	0	917.153
9057	G	G	1008.82	36.1752	71	70	0	0	1008.82	0
9058	T	T	949.182	36.1645	70	70	0	0	0	949.182
9059	G	G	932.332	36.1645	70	67	0	0	932.332	0
9060	A	A	930.735	36.1752	71	71	930.735	0	0	0
9061	C	C	982.359	36.1422	68	68	0	982.359	0	0
9062	A	A	891.117	36.1187	66	66	891.117	0	0	0
9063	T	T	924.324	36.1306	67	66	0	0	0	924.324
9064	G	G	864.2	36.0809	63	61	0	0	864.2	0
9065	T	T	869.238	37	62	62	0	0	0	869.238
9066	A	A	849.345	37	61	61	849.345	0	0	0
9067	A	A	871.626	37	62	62	871.626	0	0	0
9068	C	C	865.676	37	63	61	0	865.676	0	0
9069	A	A	910.235	37	65	65	910.235	0	0	0
9070	C	C	893.957	36.1187	66	63	0	893.957	0	0
9071	T	T	877.854	36.1064	65	65	0	0	0	877.854
9072	A	A	912.92	36.1187	66	66	912.92	0	0	0
9073	C	C	952.024	36.1187	66	66	0	952.024	0	0
9074	C	C	915.643	36.1187	66	64	0	915.643	0	0
9075	C	C	918.425	36.1187	66	64	0	918.425	0	0
9076	A	A	929.689	36.1422	68	68	929.689	0	0	0
9077	T	T	938.664	36.1645	70	70	0	0	0	938.664
9078	T	T	912.744	36.1422	68	68	0	0	0	912.744
9079	A	A	913.076	36.1306	67	67	913.076	0	0	0
9080	T	T	915.481	36.1306	67	67	0	0	0	915.481
9081	C	C	952.375	36.1645	70	67	0	952.375	0	0
9082	A	A	972.264	36.1645	70	70	972.264	0	0	0
9083	C	C	984.629	36.1752	71	69	0	984.629	0	0
9084	A	A	974.095	36.1645	70	70	974.095	0	0	0
9085	G	G	1036.68	36.1959	73	72	0	0	1036.68	0
9086	C	C	1029.4	36.2058	74	72	0	1029.4	0	0
9087	A	A	1023.47	36.2155	75	75	1023.47	0	0	0
9088	A	A	1034.33	36.2249	76	76	1034.33	0	0	0
9089	G	G	1043.34	36.2249	76	73	0	0	1043.34	0
9090	C	C	982.276	37	76	70	0	982.276	0	0
9091	A	A	1030.43	37	77	76	1030.43	0	0	0
9092	T	T	1028.61	37	76	76	0	0	0	1028.61
9093	T	T	1043.45	37	77	77	0	0	0	1043.45
9094	C	C	1079.43	37	76	75	0	1079.43	0	0
9095	C	C	1041.3	37	76	73	0	1041.3	0	0
9096	T	T	1041.25	36.2432	78	78	0	0	0	1041.25
9097	C	C	1105.02	36.252	79	77	0	1105.02	0	0
9098	C	C	1041.75	36.2432	78	74	0	1041.75	0	0
9099	T	T	1051.44	36.2432	78	78	0	0	0	1051.44
9100	C	C	1097.69	36.2606	80	77	0	1097.69	0	0
9101	A	A	1135.73	36.2606	80	80	1135.73	0	0	0
9102	A	A	1133.15	36.269	81	81	1133.15	0	0	0
9103	A	A	1124.7	36.269	81	81	1124.7	0	0	0
9104	T	T	1112.57	36.2606	80	80	0	0	0	1112.57
9105	A	A	1134.22	36.269	81	81	1134.22	0	0	0
9106	T	T	1147.33	36.2772	82	82	0	0	0	1147.33
9107	A	A	1123.54	36.269	81	81	1123.54	0	0	0
9108	A	A	1103.25	36.252	79	79	1103.25	0	0	0
9109	G	G	1127.93	36.252	79	78	0	0	1127.93	0
9110	A	A	1119.12	36.269	81	81	1119.12	0	0	0
9111	A	A	1088.73	36.2606	80	80	1088.73	0	0	0
9112	A	A	1103.18	36.2606	80	80	1103.18	0	0	0
9113	T	T	1111.95	36.2606	80	80	0	0	0	1111.95
9114	A	A	1100.59	36.2606	80	80	1100.59	0	0	0
9115	T	T	1101.44	36.252	79	79	0	0	0	1101.44
9116	G	G	1131.47	36.2432	78	78	0	0	1131.47	0
9117	T	T	1090.93	36.2432	78	78	0	0	0	1090.93
9118	C	C	1099.07	36.2342	77	76	0	1099.07	0	0
9119	T	T	1104.15	36.252	79	79	0	0	0	1104.15
9120	G	G	1107.19	36.269	81	78	0	0	1107.19	0
9121	A	A	1150.14	36.2852	83	83	1150.14	0	0	0
9122	C	C	1170.85	36.269	81	81	0	1170.85	0	0
9123	A	A	1034.4	36.2432	78	78	1034.4	0	0	0
9124	A	A	1031.61	36.2432	78	78	1031.61	0	0	0
9125	A	A	1029.45	36.2606	80	80	1029.45	0	0	0
9126	A	A	1038.48	36.2772	82	82	1038.48	0	0	0
9127	G	G	1038.89	36.2249	76	73	0	0	1038.89	0
9128	A	A	992.882	36.1959	73	73	992.882	0	0	0
9129	A	A	982.601	36.2058	74	74	982.601	0	0	0
9130	T	T	976.14	36.1752	71	71	0	0	0	976.14
9131	T	T	974.512	36.1645	70	70	0	0	0	974.512
9132	A	A	901.447	36.1535	69	69	901.447	0	0	0
9133	C	C	970.622	36.1306	67	67	0	970.622	0	0
9134	T	T	910.577	36.0809	63	63	0	0	0	910.577
9135	T	T	896.498	36.0938	64	64	0	0	0	896.498
9136	T	T	878.843	36.0675	62	62	0	0	0	878.843
9137	G	G	783.616	36.0251	59	56	0	0	783.616	0
9138	A	A	760.575	37	57	57	760.575	0	0	0
9139	T	T	790.545	37	57	57	0	0	0	790.545
9140	A	A	763.036	37	58	58	763.036	0	0	0
9141	G	G	773.466	37	58	55	0	0	773.466	0
9142	A	A	753.958	37	57	57	753.958	0	0	0
9143	G	G	731.516	37	56	52	0	0	731.516	0
9144	T	T	761.97	37	56	56	0	0	0	761.97
9145	A	A	736.631	37	56	56	736.631	0	0	0
9146	A	A	741.249	37	54	54	741.249	0	0	0
9147	A	A	726.91	37	53	53	726.91	0	0	0
9148	T	T	737.151	37	55	55	0	0	0	737.151
9149	A	A	768.766	37	57	57	768.766	0	0	0
9150	A	A	765.556	37	57	57	765.556	0	0	0
9151	T	T	757.21	37	57	57	0	0	0	757.21
9152	A	A	786.797	37	58	58	786.797	0	0	0
9153	G	G	846.401	37	59	59	0	0	846.401	0
9154	A	A	769.574	37	58	58	769.574	0	0	0
9155	G	G	832.95	37	58	58	0	0	832.95	0
9156	G	G	755.142	37	58	54	0	0	755.142	0
9157	T	T	787.756	37	57	57	0	0	0	787.756
9158	T	T	722.042	37	51	51	0	0	0	722.042
9159	A	A	725.157	37	52	52	725.157	0	0	0
9160	G	G	743.699	37	54	52	0	0	743.699	0
9161	A	A	732.441	37	54	54	732.441	0	0	0
9162	A	A	702.816	37	53	53	702.816	0	0	0
9163	T	T	717.06	37	53	53	0	0	0	717.06
9164	C	C	770.919	37	56	54	0	770.919	0	0
9165	C	C	792.12	37	55	55	0	792.12	0	0
9166	T	T	734.236	37	55	55	0	0	0	734.236
9167	C	C	760.243	37	54	53	0	760.243	0	0
9168	T	T	720.772	37	55	55	0	0	0	720.772
9169	T	T	747.175	37	57	57	0	0	0	747.175
9170	A	A	822.677	37	57	57	822.677	0	0	0
9171	T	T	793.725	37	60	60	0	0	0	793.725
9172	T	T	818.866	37	61	61	0	0	0	818.866
9173	T	T	832.02	37	62	62	0	0	0	832.02
9174	C	C	878.15	37	62	61	0	878.15	0	0
9175	T	T	860.849	37	62	62	0	0	0	860.849
9176	A	A	864.432	37	62	62	864.432	0	0	0
9177	G	G	895.891	37	62	62	0	0	895.891	0
9178	A	A	939.602	37	67	67	939.602	0	0	0
9179	A	A	938.678	37	65	65	938.678	0	0	0
9180	T	T	904.647	37	69	69	0	0	0	904.647
9181	T	T	915.665	37	70	70	0	0	0	915.665
9182	A	A	1014.57	37	71	71	1014.57	0	0	0
9183	T	T	975.664	37	71	71	0	0	0	975.664
9184	A	A	969.482	37	73	73	969.482	0	0	0
9185	G	G	1034.76	37	73	72	0	0	1034.76	0
9186	G	G	1019.76	37	74	72	0	0	1019.76	0
9187	A	A	964.512	37	75	75	964.512	0	0	0
9188	A	A	921.935	37	70	70	921.935	0	0	0
9189	T	T	916.934	37	66	66	0	0	0	916.934
9190	C	C	966.821	37	68	67	0	966.821	0	0
9191	G	G	894.632	37	66	63	0	0	894.632	0
9192	A	A	893.636	37	66	66	893.636	0	0	0
9193	A	A	855.973	37	63	63	855.973	0	0	0
9194	C	C	838.179	37	64	60	0	838.179	0	0
9195	C	C	887.216	37	64	62	0	887.216	0	0
9196	T	T	867.359	37	64	64	0	0	0	867.359
9197	A	A	901.077	37	67	67	901.077	0	0	0
9198	A	A	868.024	37	64	64	868.024	0	0	0
9199	T	T	867.89	37	63	63	0	0	0	867.89
9200	C	C	831.349	37	60	58	0	831.349	0	0
9201	T	T	855.459	37	62	62	0	0	0	855.459
9202	T	T	869.395	37	62	62	0	0	0	869.395
9203	A	A	840.724	37	61	61	840.724	0	0	0
9204	A	A	860.981	37	62	62	860.981	0	0	0
9205	G	G	861.917	37	62	60	0	0	861.917	0
9206	A	A	887.188	37	64	64	887.188	0	0	0
9207	A	A	901.192	37	65	65	901.192	0	0	0
9208	C	C	845.429	37	64	60	0	845.429	0	0
9209	T	T	882.781	37	64	64	0	0	0	882.781
9210	C	C	909.367	37	63	63	0	909.367	0	0
9211	A	A	841.28	37	62	62	841.28	0	0	0
9212	A	A	810.383	37	61	61	810.383	0	0	0
9213	A	A	784.496	37	60	60	784.496	0	0	0
9214	A	A	759.117	37	58	58	759.117	0	0	0
9215	A	A	745.246	37	58	58	745.246	0	0	0
9216	T	T	815.847	37	59	59	0	0	0	815.847
9217	C	C	772.468	37	56	54	0	772.468	0	0
9218	T	T	759.975	37	56	56	0	0	0	759.975
9219	T	T	745.948	37	57	57	0	0	0	745.948
9220	C	C	742.007	37	54	52	0	742.007	0	0
9221	G	G	777.133	37	57	55	0	0	777.133	0
9222	T	T	746.647	37	57	57	0	0	0	746.647
9223	G	G	798.127	37	59	56	0	0	798.127	0
9224	C	C	817.42	37	58	57	0	817.42	0	0
9225	T	T	769.326	37	57	57	0	0	0	769.326
9226	A	A	793.943	37	59	59	793.943	0	0	0
9227	C	C	833.687	37	58	58	0	833.687	0	0
9228	C	C	807.066	37	57	56	0	807.066	0	0
9229	T	T	748.279	37	54	54	0	0	0	748.279
9230	A	A	732.66	37	54	54	732.66	0	0	0
9231	A	A	738.255	37	55	55	738.255	0	0	0
9232	T	T	752.463	37	54	54	0	0	0	752.463
9233	T	T	760.699	37	55	55	0	0	0	760.699
9234	A	A	721.568	37	54	54	721.568	0	0	0
9235	C	C	749.998	37	52	52	0	749.998	0	0
9236	A	A	680.467	37	50	50	680.467	0	0	0
9237	C	C	688.282	37	52	49	0	688.282	0	0
9238	C	C	715.039	37	54	51	0	715.039	0	0
9239	A	A	716.495	37	52	52	716.495	0	0	0
9240	T	T	698.105	37	53	53	0	0	0	698.105
9241	A	A	783.943	37	56	56	783.943	0	0	0
9242	T	T	733.128	37	55	55	0	0	0	733.128
9243	C	C	778.284	37	55	54	0	778.284	0	0
9244	C	C	716.657	37	56	52	0	716.657	0	0
9245	T	T	775.571	37	57	57	0	0	0	775.571
9246	A	A	759.602	37	57	57	759.602	0	0	0
9247	A	A	777.508	37	58	58	777.508	0	0	0
9248	A	A	734.052	37	56	56	734.052	0	0	0
9249	G	G	656.564	37	53	48	0	0	656.564	0
9250	T	T	727.107	37	52	52	0	0	0	727.107
9251	A	A	702.436	37	52	52	702.436	0	0	0
9252	A	A	694.794	37	52	52	694.794	0	0	0
9253	G	G	690.263	37	49	48	0	0	690.263	0
9254	G	G	688.413	37	50	48	0	0	688.413	0
9255	T	T	683.051	37	49	49	0	0	0	683.051
9256	C	C	731.97	37	51	51	0	731.97	0	0
9257	A	A	730.781	37	52	52	730.781	0	0	0
9258	G	G	712.899	37	51	50	0	0	712.899	0
9259	C	C	727.215	37	53	51	0	727.215	0	0
9260	T	T	710.379	37	53	53	0	0	0	710.379
9261	A	A	720.827	37	54	54	720.827	0	0	0
9262	A	A	736.901	37	56	56	736.901	0	0	0
9263	A	A	754.622	37	58	58	754.622	0	0	0
9264	T	T	751.818	37	56	56	0	0	0	751.818
9265	A	A	734.189	37	55	55	734.189	0	0	0
9266	A	A	730.816	37	53	53	730.816	0	0	0
9267	G	G	747.967	37	52	52	0	0	747.967	0
9268	C	C	735.513	37	51	51	0	735.513	0	0
9269	T	T	720.115	35.9273	53	53	0	0	0	720.115
9270	A	A	749.067	35.9091	52	52	749.067	0	0	0
9271	T	T	736.486	35.945	54	54	0	0	0	736.486
9272	C	C	723.062	35.945	54	51	0	723.062	0	0
9273	G	G	777.821	35.962	55	54	0	0	777.821	0
9274	G	G	821.023	35.9945	57	57	0	0	821.023	0
9275	G	G	802.409	35.9945	57	56	0	0	802.409	0
9276	C	C	790.856	35.9785	56	55	0	790.856	0	0
9277	C	C	759.068	35.962	55	53	0	759.068	0	0
9278	C	C	792.865	35.962	55	55	0	792.865	0	0
9279	A	A	753.615	35.945	54	54	753.615	0	0	0
9280	T	T	742.74	35.9273	53	53	0	0	0	742.74
9281	A	A	716.997	35.9273	53	53	716.997	0	0	0
9282	C	C	701.441	35.9273	53	50	0	701.441	0	0
9283	C	C	777.83	35.945	54	54	0	777.83	0	0
9284	C	C	736.369	35.962	55	52	0	736.369	0	0
9285	C	C	682.4	35.9091	52	49	0	682.4	0	0
9286	G	G	766.102	35.9273	53	53	0	0	766.102	0
9287	A	A	791.929	35.9785	56	56	791.929	0	0	0
9288	A	A	858.921	36.0397	60	60	858.921	0	0	0
9289	A	A	871.195	36.0538	61	61	871.195	0	0	0
9290	A	A	872.77	36.0538	61	61	872.77	0	0	0
9291	T	T	806.255	36.0538	61	61	0	0	0	806.255
9292	G	G	879.673	36.0675	62	61	0	0	879.673	0
9293	T	T	887.076	36.1064	65	65	0	0	0	887.076
9294	T	T	905.616	36.1187	66	66	0	0	0	905.616
9295	G	G	874.275	36.1064	65	62	0	0	874.275	0
9296	G	G	829.886	36.0809	63	59	0	0	829.886	0
9297	T	T	881.238	37	63	63	0	0	0	881.238
9298	T	T	902.508	37	65	65	0	0	0	902.508
9299	T	T	890.333	37	64	64	0	0	0	890.333
9300	A	A	784.487	37	60	60	784.487	0	0	0
9301	T	T	801.216	37	58	58	0	0	0	801.216
9302	C	C	776.376	37	55	54	0	776.376	0	0
9303	C	C	766.077	37	53	53	0	766.077	0	0
9304	C	C	727.928	37	53	51	0	727.928	0	0
9305	C	C	693.627	37	51	49	0	693.627	0	0
9306	T	T	714.564	37	50	50	0	0	0	714.564
9307	T	T	687.358	37	49	49	0	0	0	687.358
9308	C	C	643.601	37	47	45	0	643.601	0	0
9309	C	C	675.854	37	47	47	0	675.854	0	0
9310	C	C	645.216	37	50	46	0	645.216	0	0
9311	G	G	705.864	37	49	49	0	0	705.864	0
9312	T	T	677.583	37	51	51	0	0	0	677.583
9313	A	A	680.985	37	50	50	680.985	0	0	0
9314	C	C	668.85	37	54	49	0	668.85	0	0
9315	T	T	718.874	37	57	57	0	0	0	718.874
9316	A	A	801.438	37	60	60	801.438	0	0	0
9317	A	A	777.032	37	57	57	777.032	0	0	0
9318	T	T	745.62	37	59	59	0	0	0	745.62
9319	A	A	775.974	37	56	56	775.974	0	0	0
9320	A	A	756.629	37	56	56	756.629	0	0	0
9321	A	A	712.822	37	53	53	712.822	0	0	0
9322	A	A	704.761	37	53	53	704.761	0	0	0
9323	C	C	748.083	35.945	54	52	0	748.083	0	0
9324	C	C	756.285	35.962	55	53	0	756.285	0	0
9325	T	T	759.657	35.9945	57	57	0	0	0	759.657
9326	C	C	736.192	35.945	54	52	0	736.192	0	0
9327	C	C	719.625	35.945	54	51	0	719.625	0	0
9328	T	T	727.045	35.945	54	54	0	0	0	727.045
9329	A	A	747.298	35.9273	53	53	747.298	0	0	0
9330	T	T	741.921	35.9273	53	53	0	0	0	741.921
9331	T	T	740.936	35.9273	53	53	0	0	0	740.936
9332	C	C	779.498	35.945	54	54	0	779.498	0	0
9333	T	T	758.508	35.962	55	55	0	0	0	758.508
9334	A	A	802.521	35.9945	57	57	802.521	0	0	0
9335	A	A	828.879	36.0251	59	59	828.879	0	0	0
9336	T	T	806.65	36.0251	59	59	0	0	0	806.65
9337	C	C	806.263	35.9945	57	56	0	806.263	0	0
9338	A	A	833.334	36.0397	60	60	833.334	0	0	0
9339	T	T	815.873	36.0397	60	60	0	0	0	815.873
9340	T	T	843.666	36.0675	62	62	0	0	0	843.666
9341	A	A	888.116	36.0938	64	64	888.116	0	0	0
9342	T	T	861.682	36.1064	65	65	0	0	0	861.682
9343	C	C	910.18	36.1187	66	64	0	910.18	0	0
9344	A	A	905.564	36.1306	67	67	905.564	0	0	0
9345	C	C	914.706	36.1187	66	64	0	914.706	0	0
9346	A	A	886.894	36.1187	66	66	886.894	0	0	0
9347	T	T	854.817	36.0938	64	63	0	0	0	854.817
9348	C	C	895.864	36.0675	62	62	0	895.864	0	0
9349	C	C	845.763	36.0809	63	60	0	845.763	0	0
9350	A	A	829.852	36.0675	62	62	829.852	0	0	0
9351	C	C	844.627	36.0538	61	59	0	844.627	0	0
9352	C	C	866.396	36.0538	61	60	0	866.396	0	0
9353	A	A	830.911	36.0538	61	61	830.911	0	0	0
9354	T	T	806.479	36.01	58	58	0	0	0	806.479
9355	T	T	806.445	36.0251	59	59	0	0	0	806.445
9356	A	A	775.905	36.01	58	58	775.905	0	0	0
9357	T	T	827.766	36.0538	61	61	0	0	0	827.766
9358	C	C	840.879	36.0538	61	59	0	840.879	0	0
9359	C	C	889.889	36.0809	63	62	0	889.889	0	0
9360	T	T	812.395	37	62	62	0	0	0	812.395
9361	A	A	856.409	37	62	62	856.409	0	0	0
9362	G	G	820.534	37	62	59	0	0	820.534	0
9363	G	G	839.599	37	58	58	0	0	839.599	0
9364	A	A	843.24	37	60	60	843.24	0	0	0
9365	A	A	865.186	37	61	61	865.186	0	0	0
9366	C	C	850.785	37	62	60	0	850.785	0	0
9367	C	C	905.452	37	64	63	0	905.452	0	0
9368	A	A	956.966	37	68	68	956.966	0	0	0
9369	T	T	893.549	37	68	68	0	0	0	893.549
9370	G	G	949.796	37	68	66	0	0	949.796	0
9371	A	A	959.578	37	69	69	959.578	0	0	0
9372	T	T	933.099	37	68	68	0	0	0	933.099
9373	C	C	997.375	37	69	69	0	997.375	0	0
9374	G	G	912.126	37	68	65	0	0	912.126	0
9375	T	T	937.249	37	67	67	0	0	0	937.249
9376	T	T	957.173	37	70	70	0	0	0	957.173
9377	C	C	993.428	37	70	69	0	993.428	0	0
9378	T	T	970.99	37	71	71	0	0	0	970.99
9379	A	A	934.549	37	68	68	934.549	0	0	0
9380	T	T	902.887	37	66	66	0	0	0	902.887
9381	T	T	927.653	37	67	67	0	0	0	927.653
9382	T	T	929.078	37	67	67	0	0	0	929.078
9383	A	A	997.858	37	72	72	997.858	0	0	0
9384	G	G	1011.71	37	71	70	0	0	1011.71	0
9385	C	C	1006.79	37	70	70	0	1006.79	0	0
9386	T	T	948.94	37	71	71	0	0	0	948.94
9387	C	C	952.185	37	70	67	0	952.185	0	0
9388	C	C	1026.41	37	72	71	0	1026.41	0	0
9389	C	C	996.88	37	70	69	0	996.88	0	0
9390	A	A	952.396	37	70	70	952.396	0	0	0
9391	T	T	1003.16	37	73	73	0	0	0	1003.16
9392	T	T	1013.46	37	76	76	0	0	0	1013.46
9393	G	G	951.341	37	72	68	0	0	951.341	0
9394	A	A	924.445	37	69	69	924.445	0	0	0
9395	C	C	970.906	37	69	68	0	970.906	0	0
9396	T	T	906.317	37	66	66	0	0	0	906.317
9397	C	C	953.451	37	66	66	0	953.451	0	0
9398	A	A	882.557	37	66	66	882.557	0	0	0
9399	T	T	906.438	37	66	66	0	0	0	906.438
9400	A	A	869.421	37	66	66	869.421	0	0	0
9401	A	A	871.974	37	63	63	871.974	0	0	0
9402	T	T	855.278	37	63	63	0	0	0	855.278
9403	C	C	907.796	37	63	63	0	907.796	0	0
9404	T	T	883.798	37	65	65	0	0	0	883.798
9405	G	G	810.494	37	64	59	0	0	810.494	0
9406	A	A	891.045	37	65	65	891.045	0	0	0
9407	A	A	882.529	37	65	65	882.529	0	0	0
9408	T	T	871.039	37	64	64	0	0	0	871.039
9409	T	T	864.763	37	63	63	0	0	0	864.763
9410	G	G	896.964	37	63	62	0	0	896.964	0
9411	G	G	894.995	37	62	62	0	0	894.995	0
9412	C	C	865.289	37	63	61	0	865.289	0	0
9413	T	T	883.876	37	64	64	0	0	0	883.876
9414	T	T	884.466	37	64	64	0	0	0	884.466
9415	T	T	904.89	37	66	66	0	0	0	904.89
9416	G	G	934.391	37	67	65	0	0	934.391	0
9417	A	A	925.969	37	66	66	925.969	0	0	0
9418	A	A	908.975	37	66	66	908.975	0	0	0
9419	A	A	911.069	37	67	67	911.069	0	0	0
9420	T	T	925.737	37	65	65	0	0	0	925.737
9421	G	G	903.599	37	64	63	0	0	903.599	0
9422	A	A	861.646	37	65	65	861.646	0	0	0
9423	A	A	882.828	37	66	66	882.828	0	0	0
9424	C	C	948.761	37	67	66	0	948.761	0	0
9425	A	A	887.683	37	66	66	887.683	0	0	0
9426	T	T	878.471	37	67	67	0	0	0	878.471
9427	A	A	905.71	37	66	66	905.71	0	0	0
9428	C	C	880.091	37	65	62	0	880.091	0	0
9429	T	T	858.453	37	63	63	0	0	0	858.453
9430	A	A	869.679	37	63	63	869.679	0	0	0
9431	G	G	857.561	37	62	60	0	0	857.561	0
9432	C	C	896.357	37	62	62	0	896.357	0	0
9433	C	C	897.261	37	63	62	0	897.261	0	0
9434	A	A	867.69	37	65	65	867.69	0	0	0
9435	T	T	872.584	37	64	64	0	0	0	872.584
9436	T	T	866.944	37	64	64	0	0	0	866.944
9437	A	A	867.9	37	63	63	867.9	0	0	0
9438	T	T	851.371	37	64	64	0	0	0	851.371
9439	C	C	896.292	37	65	63	0	896.292	0	0
9440	C	C	938.089	37	69	66	0	938.089	0	0
9441	C	C	939.988	37	71	67	0	939.988	0	0
9442	A	A	945.619	37	71	71	945.619	0	0	0
9443	A	A	934.314	37	70	70	934.314	0	0	0
9444	T	T	932.374	37	69	69	0	0	0	932.374
9445	C	C	893.311	37	67	64	0	893.311	0	0
9446	C	C	880.935	37	62	61	0	880.935	0	0
9447	T	T	899.639	37	64	64	0	0	0	899.639
9448	A	A	838.195	37	62	62	838.195	0	0	0
9449	A	A	869.898	37	64	64	869.898	0	0	0
9450	T	T	836.286	37	62	62	0	0	0	836.286
9451	G	G	897.403	37	63	62	0	0	897.403	0
9452	A	A	872.308	37	62	62	872.308	0	0	0
9453	A	A	866.311	37	61	61	866.311	0	0	0
9454	A	A	850.526	37	62	62	850.526	0	0	0
9455	A	A	836.191	37	62	62	836.191	0	0	0
9456	A	A	878.332	37	65	65	878.332	0	0	0
9457	A	A	868.684	37	64	64	868.684	0	0	0
9458	T	T	888.324	37	64	64	0	0	0	888.324
9459	T	T	857.437	37	64	64	0	0	0	857.437
9460	T	T	832.734	37	62	62	0	0	0	832.734
9461	A	A	858.871	37	63	63	858.871	0	0	0
9462	A	A	884.552	37	66	66	884.552	0	0	0
9463	T	T	900.83	37	69	69	0	0	0	900.83
9464	C	C	958.728	37	68	67	0	958.728	0	0
9465	C	C	947.369	37	66	66	0	947.369	0	0
9466	A	A	911.746	37	67	67	911.746	0	0	0
9467	C	C	930.577	37	68	66	0	930.577	0	0
9468	G	G	945.95	37	68	66	0	0	945.95	0
9469	A	A	930.71	37	68	68	930.71	0	0	0
9470	G	G	969.275	36.1422	68	67	0	0	969.275	0
9471	C	C	859.788	36.1306	67	62	0	859.788	0	0
9472	C	C	939.557	36.1064	65	65	0	939.557	0	0
9473	A	A	909.032	36.1306	67	67	909.032	0	0	0
9474	C	C	930.693	36.1306	67	65	0	930.693	0	0
9475	A	A	904.428	36.1187	66	66	904.428	0	0	0
9476	G	G	918.42	36.1187	66	64	0	0	918.42	0
9477	A	A	909.805	36.1306	67	67	909.805	0	0	0
9478	A	A	892.154	36.1064	65	65	892.154	0	0	0
9479	G	G	907.341	36.1306	67	64	0	0	907.341	0
9480	C	C	946.104	36.1535	69	67	0	946.104	0	0
9481	T	T	948.035	36.1752	71	71	0	0	0	948.035
9482	T	T	925.48	36.1535	69	69	0	0	0	925.48
9483	C	C	858.402	36.1187	66	62	0	858.402	0	0
9484	T	T	895.091	36.1064	65	65	0	0	0	895.091
9485	A	A	867.441	36.1064	65	65	867.441	0	0	0
9486	C	C	890.863	36.0938	64	62	0	890.863	0	0
9487	A	A	879.782	36.0809	63	63	879.782	0	0	0
9488	A	A	853.858	36.0675	62	62	853.858	0	0	0
9489	A	A	841.93	36.0809	63	63	841.93	0	0	0
9490	A	A	848.071	36.0938	64	64	848.071	0	0	0
9491	T	T	885.161	36.0938	64	64	0	0	0	885.161
9492	A	A	841.325	36.1064	65	65	841.325	0	0	0
9493	T	T	854.216	37	63	63	0	0	0	854.216
9494	T	T	822.301	37	60	60	0	0	0	822.301
9495	T	T	809.88	37	58	58	0	0	0	809.88
9496	C	C	835.553	37	59	58	0	835.553	0	0
9497	C	C	821.431	37	57	57	0	821.431	0	0
9498	T	T	808.502	37	59	59	0	0	0	808.502
9499	C	C	815.482	37	59	57	0	815.482	0	0
9500	A	A	823.043	37	60	60	823.043	0	0	0
9501	C	C	818.262	37	59	57	0	818.262	0	0
9502	A	A	823.379	37	59	59	823.379	0	0	0
9503	C	C	792.986	37	58	56	0	792.986	0	0
9504	A	A	815.983	37	58	58	815.983	0	0	0
9505	A	A	812.49	37	58	58	812.49	0	0	0
9506	G	G	779.676	37	57	55	0	0	779.676	0
9507	C	C	851.411	37	60	59	0	851.411	0	0
9508	C	C	811.95	37	58	57	0	811.95	0	0
9509	A	A	817.02	37	58	58	817.02	0	0	0
9510	C	C	827.114	37	60	58	0	827.114	0	0
9511	C	C	863.727	37	61	60	0	863.727	0	0
9512	G	G	826.718	37	61	58	0	0	826.718	0
9513	C	C	801.387	37	58	56	0	801.387	0	0
9514	A	A	795.859	37	59	59	795.859	0	0	0
9515	T	T	813.176	37	58	58	0	0	0	813.176
9516	C	C	797.282	37	59	56	0	797.282	0	0
9517	C	C	850.637	37	59	59	0	850.637	0	0
9518	A	A	791.473	37	57	57	791.473	0	0	0
9519	T	T	783.87	37	57	57	0	0	0	783.87
9520	G	G	767.808	37	57	55	0	0	767.808	0
9521	C	C	826.281	37	60	58	0	826.281	0	0
9522	T	T	841.275	37	65	65	0	0	0	841.275
9523	C	C	902.382	37	64	63	0	902.382	0	0
9524	C	C	835.867	37	62	59	0	835.867	0	0
9525	T	T	833.839	37	64	64	0	0	0	833.839
9526	G	G	874.287	37	63	61	0	0	874.287	0
9527	A	A	877.327	37	64	64	877.327	0	0	0
9528	T	T	889.56	37	65	65	0	0	0	889.56
9529	A	A	873.534	37	62	62	873.534	0	0	0
9530	C	C	909.537	37	64	63	0	909.537	0	0
9531	T	T	874.06	37	63	63	0	0	0	874.06
9532	A	A	879.896	37	63	63	879.896	0	0	0
9533	G	G	879.813	37	64	62	0	0	879.813	0
9534	G	G	921.763	37	64	64	0	0	921.763	0
9535	C	C	924.124	37	65	64	0	924.124	0	0
9536	A	A	891.752	37	64	64	891.752	0	0	0
9537	T	T	880.393	37	63	63	0	0	0	880.393
9538	T	T	895.909	37	65	65	0	0	0	895.909
9539	A	A	875.439	37	63	63	875.439	0	0	0
9540	T	T	884.817	37	64	64	0	0	0	884.817
9541	T	T	900.006	37	65	65	0	0	0	900.006
9542	A	A	854.896	37	64	64	854.896	0	0	0
9543	T	T	906.666	37	67	67	0	0	0	906.666
9544	C	C	883.021	37	65	62	0	883.021	0	0
9545	A	A	844.081	37	64	64	844.081	0	0	0
9546	A	A	846.77	37	63	63	846.77	0	0	0
9547	T	T	847.065	37	63	63	0	0	0	847.065
9548	C	C	929.439	37	67	65	0	929.439	0	0
9549	T	T	869.714	37	64	64	0	0	0	869.714
9550	A	A	824.961	37	62	62	824.961	0	0	0
9551	C	C	868.121	37	63	61	0	868.121	0	0
9552	T	T	831.945	37	62	62	0	0	0	831.945
9553	A	A	823.447	37	60	60	823.447	0	0	0
9554	C	C	800.641	37	58	56	0	800.641	0	0
9555	A	A	778.194	37	56	56	778.194	0	0	0
9556	T	T	793.203	37	56	56	0	0	0	793.203
9557	T	T	807.427	37	56	56	0	0	0	807.427
9558	C	C	796.79	37	55	55	0	796.79	0	0
9559	A	A	745.548	37	55	55	745.548	0	0	0
9560	G	G	712.345	37	54	51	0	0	712.345	0
9561	G	G	773.082	37	55	54	0	0	773.082	0
9562	G	G	774.154	37	56	54	0	0	774.154	0
9563	C	C	801.021	37	58	56	0	801.021	0	0
9564	A	A	769.477	37	56	56	769.477	0	0	0
9565	C	C	763.246	37	56	54	0	763.246	0	0
9566	T	T	770.173	37	59	59	0	0	0	770.173
9567	G	G	791.541	37	58	56	0	0	791.541	0
9568	A	A	796.561	37	59	59	796.561	0	0	0
9569	A	A	841.784	37	61	61	841.784	0	0	0
9570	C	C	804.141	37	60	57	0	804.141	0	0
9571	A	A	811.492	37	60	60	811.492	0	0	0
9572	A	A	815.677	37	60	60	815.677	0	0	0
9573	T	T	797.227	37	59	59	0	0	0	797.227
9574	C	C	865.097	37	61	60	0	865.097	0	0
9575	T	T	837.473	37	62	62	0	0	0	837.473
9576	C	C	822.487	36.0538	61	58	0	822.487	0	0
9577	A	A	832.678	36.0809	63	63	832.678	0	0	0
9578	A	A	806.039	36.0675	62	62	806.039	0	0	0
9579	T	T	821.218	36.0397	60	60	0	0	0	821.218
9580	A	A	754.136	36.01	58	58	754.136	0	0	0
9581	A	A	763.269	36.01	58	58	763.269	0	0	0
9582	T	T	782.559	35.9785	56	56	0	0	0	782.559
9583	C	C	748.654	35.962	55	53	0	748.654	0	0
9584	C	C	793.841	35.962	55	55	0	793.841	0	0
9585	C	C	736.377	35.8902	51	51	0	736.377	0	0
9586	C	C	723.396	35.8707	50	50	0	723.396	0	0
9587	A	A	666.24	35.8707	50	50	666.24	0	0	0
9588	A	A	653.342	35.8902	51	51	653.342	0	0	0
9589	C	C	693.677	35.8294	48	48	0	693.677	0	0
9590	C	C	632.576	35.8504	49	46	0	632.576	0	0
9591	C	C	660.159	35.8504	49	47	0	660.159	0	0
9592	A	A	669.015	35.8504	49	49	669.015	0	0	0
9593	A	A	668.425	35.8077	47	47	668.425	0	0	0
9594	T	T	633.839	35.8077	47	47	0	0	0	633.839
9595	C	C	648.887	35.7616	45	45	0	648.887	0	0
9596	G	G	683.273	35.8707	50	48	0	0	683.273	0
9597	C	C	710.278	35.9091	52	50	0	710.278	0	0
9598	A	A	732.96	35.9273	53	53	732.96	0	0	0
9599	T	T	717.51	35.945	54	54	0	0	0	717.51
9600	C	C	758.687	37	53	53	0	758.687	0	0
9601	G	G	741.386	37	54	52	0	0	741.386	0
9602	A	A	755.479	37	56	56	755.479	0	0	0
9603	C	C	787.67	37	57	55	0	787.67	0	0
9604	C	C	760.406	37	59	55	0	760.406	0	0
9605	G	G	812.589	37	59	57	0	0	812.589	0
9606	T	T	781.218	37	59	59	0	0	0	781.218
9607	A	A	785.057	37	56	56	785.057	0	0	0
9608	A	A	774.711	37	57	57	774.711	0	0	0
9609	T	T	770.416	37	56	56	0	0	0	770.416
9610	C	C	779.097	37	57	55	0	779.097	0	0
9611	A	A	776.025	37	57	57	776.025	0	0	0
9612	C	C	798.868	37	59	56	0	798.868	0	0
9613	C	C	802.978	37	58	56	0	802.978	0	0
9614	A	A	784.455	37	56	56	784.455	0	0	0
9615	T	T	783.193	37	59	59	0	0	0	783.193
9616	T	T	792.928	37	60	60	0	0	0	792.928
9617	G	G	867.892	37	60	60	0	0	867.892	0
9618	C	C	866.075	37	60	60	0	866.075	0	0
9619	C	C	863.437	37	60	60	0	863.437	0	0
9620	C	C	873.81	37	63	61	0	873.81	0	0
9621	T	T	887.145	37	65	65	0	0	0	887.145
9622	A	A	881.174	37	66	66	881.174	0	0	0
9623	G	G	897.896	37	64	63	0	0	897.896	0
9624	C	C	878.139	37	64	62	0	878.139	0	0
9625	A	A	888.762	37	65	65	888.762	0	0	0
9626	A	A	889.089	37	64	64	889.089	0	0	0
9627	T	T	870.573	37	63	63	0	0	0	870.573
9628	A	A	882.331	37	63	63	882.331	0	0	0
9629	A	A	902.032	37	66	66	902.032	0	0	0
9630	A	A	886.904	37	65	65	886.904	0	0	0
9631	A	A	873.541	37	65	65	873.541	0	0	0
9632	C	C	894.114	37	63	62	0	894.114	0	0
9633	T	T	878.536	37	63	63	0	0	0	878.536
9634	T	T	862.84	37	61	61	0	0	0	862.84
9635	G	G	834.324	37	61	59	0	0	834.324	0
9636	G	G	866.079	37	61	60	0	0	866.079	0
9637	C	C	879.686	37	61	61	0	879.686	0	0
9638	C	C	851.099	37	59	59	0	851.099	0	0
9639	T	T	835.134	37	60	60	0	0	0	835.134
9640	A	A	795.352	37	60	60	795.352	0	0	0
9641	T	T	834.724	37	60	60	0	0	0	834.724
9642	C	C	821.981	37	57	57	0	821.981	0	0
9643	C	C	821.848	37	58	57	0	821.848	0	0
9644	C	C	771.311	37	58	55	0	771.311	0	0
9645	C	C	790.891	37	56	55	0	790.891	0	0
9646	C	C	733.492	37	55	52	0	733.492	0	0
9647	T	T	755.776	37	55	55	0	0	0	755.776
9648	T	T	757.159	37	54	54	0	0	0	757.159
9649	T	T	772.446	37	54	54	0	0	0	772.446
9650	C	C	780.082	37	54	54	0	780.082	0	0
9651	A	A	692.287	37	51	51	692.287	0	0	0
9652	C	C	738.465	37	52	51	0	738.465	0	0
9653	T	T	732.61	37	52	52	0	0	0	732.61
9654	T	T	721.119	37	51	51	0	0	0	721.119
9655	T	T	684.744	37	48	48	0	0	0	684.744
9656	T	T	661.699	37	47	47	0	0	0	661.699
9657	G	G	649.287	37	48	46	0	0	649.287	0
9658	A	A	633.316	37	48	48	633.316	0	0	0
9659	G	G	612.343	35.8504	49	44	0	0	612.343	0
9660	T	T	606.778	35.785	46	46	0	0	0	606.778
9661	T	T	617.679	35.8294	48	48	0	0	0	617.679
9662	C	C	617.131	35.8077	47	44	0	617.131	0	0
9663	C	C	688.078	35.9091	52	49	0	688.078	0	0
9664	A	A	734.126	35.945	54	54	734.126	0	0	0
9665	G	G	760.799	35.945	54	53	0	0	760.799	0
9666	A	A	757.485	35.9785	56	56	757.485	0	0	0
9667	A	A	766.345	35.9785	56	56	766.345	0	0	0
9668	G	G	755.821	35.962	55	53	0	0	755.821	0
9669	T	T	726.176	35.9273	53	53	0	0	0	726.176
9670	C	C	763.125	35.9273	53	53	0	763.125	0	0
9671	A	A	754.59	35.962	55	55	754.59	0	0	0
9672	C	C	775.17	35.9785	56	54	0	775.17	0	0
9673	A	A	782.209	35.9945	57	57	782.209	0	0	0
9674	C	C	819.405	35.9945	57	57	0	819.405	0	0
9675	A	A	776.114	35.9785	56	56	776.114	0	0	0
9676	A	A	783.571	35.9785	56	56	783.571	0	0	0
9677	G	G	778.37	35.962	55	54	0	0	778.37	0
9678	G	G	784.684	35.962	55	55	0	0	784.684	0
9679	C	C	718.897	35.962	55	52	0	718.897	0	0
9680	G	G	866.842	36.0397	60	60	0	0	866.842	0
9681	T	T	809.231	36.0397	60	60	0	0	0	809.231
9682	T	T	803.778	37	60	60	0	0	0	803.778
9683	C	C	873.966	37	62	61	0	873.966	0	0
9684	C	C	863.911	37	61	60	0	863.911	0	0
9685	T	T	838.336	37	61	61	0	0	0	838.336
9686	T	T	843.556	37	61	61	0	0	0	843.556
9687	T	T	810.009	37	58	58	0	0	0	810.009
9688	G	G	845.334	37	61	59	0	0	845.334	0
9689	T	T	839.736	37	63	63	0	0	0	839.736
9690	C	C	836.302	37	64	60	0	836.302	0	0
9691	C	C	848.823	37	63	60	0	848.823	0	0
9692	T	T	857.707	37	64	64	0	0	0	857.707
9693	C	C	869.218	37	64	61	0	869.218	0	0
9694	A	A	912.231	37	65	65	912.231	0	0	0
9695	G	G	940.506	37	65	65	0	0	940.506	0
9696	G	G	926.541	37	64	64	0	0	926.541	0
9697	A	A	902.763	37	65	65	902.763	0	0	0
9698	A	A	910.041	37	65	65	910.041	0	0	0
9699	T	T	931.907	37	68	68	0	0	0	931.907
9700	G	G	964.977	37	67	67	0	0	964.977	0
9701	G	G	919.538	37	67	65	0	0	919.538	0
9702	T	T	928.003	37	71	71	0	0	0	928.003
9703	T	T	947.613	37	71	71	0	0	0	947.613
9704	C	C	1024.42	37	72	71	0	1024.42	0	0
9705	T	T	978.848	37	73	73	0	0	0	978.848
9706	A	A	954.448	37	70	70	954.448	0	0	0
9707	C	C	999.522	37	69	69	0	999.522	0	0
9708	T	T	950.682	37	68	68	0	0	0	950.682
9709	A	A	912.736	36.1187	66	66	912.736	0	0	0
9710	A	A	959.993	36.1645	70	70	959.993	0	0	0
9711	C	C	993.053	36.1645	70	69	0	993.053	0	0
9712	A	A	947.582	36.1752	71	71	947.582	0	0	0
9713	T	T	942.952	36.1645	70	70	0	0	0	942.952
9714	G	G	947.342	36.1422	68	66	0	0	947.342	0
9715	A	A	970.021	36.1752	71	71	970.021	0	0	0
9716	C	C	972.452	36.1959	73	69	0	972.452	0	0
9717	A	A	1018.1	36.2058	74	74	1018.1	0	0	0
9718	A	A	1019.97	36.2155	75	75	1019.97	0	0	0
9719	A	A	1027.07	36.2155	75	75	1027.07	0	0	0
9720	A	A	1043.23	36.2342	77	77	1043.23	0	0	0
9721	A	A	1051.21	36.2342	77	77	1051.21	0	0	0
9722	A	A	1052.51	36.2342	77	77	1052.51	0	0	0
9723	T	T	1037.67	36.2342	77	77	0	0	0	1037.67
9724	C	C	1086.98	36.2432	78	76	0	1086.98	0	0
9725	G	G	1079.13	36.2249	76	75	0	0	1079.13	0
9726	C	C	1059.56	35.5834	77	74	0	1059.56	0	0
9727	A	A	1041.42	35.5834	77	77	1041.42	0	0	0
9728	C	C	1088.68	36.2432	78	76	0	1088.68	0	0
9729	C	C	1096.59	36.2249	76	76	0	1096.59	0	0
9730	T	T	1013.29	36.1959	73	73	0	0	0	1013.29
9731	C	C	1019.03	36.1959	73	71	0	1019.03	0	0
9732	T	T	1026.33	36.2155	75	75	0	0	0	1026.33
9733	A	A	1023.19	36.2155	75	75	1023.19	0	0	0
9734	T	T	1050.52	36.2432	78	78	0	0	0	1050.52
9735	C	C	1119.38	36.252	79	78	0	1119.38	0	0
9736	C	C	1059.1	36.269	81	76	0	1059.1	0	0
9737	G	G	1119.43	36.2606	80	78	0	0	1119.43	0
9738	T	T	1058.37	36.2606	80	80	0	0	0	1058.37
9739	C	C	1046.76	36.2432	78	74	0	1046.76	0	0
9740	C	C	990.463	36.2155	75	71	0	990.463	0	0
9741	T	T	1046.22	36.2058	74	74	0	0	0	1046.22
9742	A	A	980.723	36.1959	73	73	980.723	0	0	0
9743	T	T	991.294	36.1535	69	69	0	0	0	991.294
9744	A	A	966.052	36.1645	70	70	966.052	0	0	0
9745	C	C	998.732	36.1645	70	69	0	998.732	0	0
9746	C	C	930.277	36.1422	68	66	0	930.277	0	0
9747	A	A	919.085	36.1422	68	68	919.085	0	0	0
9748	A	A	919.686	36.1535	69	69	919.686	0	0	0
9749	A	A	907.616	36.1535	69	69	907.616	0	0	0
9750	T	T	965.921	36.1857	72	72	0	0	0	965.921
9751	C	C	1008.1	36.1645	70	70	0	1008.1	0	0
9752	T	T	899.128	36.1187	66	66	0	0	0	899.128
9753	C	C	907.346	37	67	64	0	907.346	0	0
9754	A	A	890.587	37	63	63	890.587	0	0	0
9755	C	C	924.337	37	64	64	0	924.337	0	0
9756	C	C	926.807	37	66	65	0	926.807	0	0
9757	G	G	840.813	37	67	61	0	0	840.813	0
9758	T	T	911.385	37	66	66	0	0	0	911.385
9759	C	C	947.232	37	68	66	0	947.232	0	0
9760	C	C	872.215	37	65	62	0	872.215	0	0
9761	A	A	906.236	37	66	66	906.236	0	0	0
9762	T	T	901.98	37	66	66	0	0	0	901.98
9763	C	C	908.42	37	63	63	0	908.42	0	0
9764	A	A	870.142	37	63	63	870.142	0	0	0
9765	A	A	831.695	37	61	61	831.695	0	0	0
9766	T	T	892.931	37	65	65	0	0	0	892.931
9767	C	C	936.301	37	65	65	0	936.301	0	0
9768	C	C	903.612	37	65	63	0	903.612	0	0
9769	A	A	883.499	37	66	66	883.499	0	0	0
9770	A	A	869.51	37	63	63	869.51	0	0	0
9771	A	A	874.731	37	64	64	874.731	0	0	0
9772	C	C	859.693	37	63	61	0	859.693	0	0
9773	C	C	933.872	37	65	65	0	933.872	0	0
9774	T	T	883.95	37	65	65	0	0	0	883.95
9775	G	G	938.231	37	65	65	0	0	938.231	0
9776	C	C	885.455	37	64	62	0	885.455	0	0
9777	T	T	914.557	36.1422	68	68	0	0	0	914.557
9778	A	A	955.224	36.1645	70	70	955.224	0	0	0
9779	G	G	995.226	36.1535	69	69	0	0	995.226	0
9780	T	T	936.364	36.1535	69	69	0	0	0	936.364
9781	A	A	913.306	36.1422	68	68	913.306	0	0	0
9782	G	G	910.281	36.1306	67	64	0	0	910.281	0
9783	C	C	993.662	36.1535	69	69	0	993.662	0	0
9784	A	A	923.688	36.1535	69	69	923.688	0	0	0
9785	A	A	935.574	36.1535	69	69	935.574	0	0	0
9786	T	T	894.916	36.1064	65	65	0	0	0	894.916
9787	A	A	924.051	36.1306	67	67	924.051	0	0	0
9788	G	G	899.069	36.1187	66	63	0	0	899.069	0
9789	C	C	852.405	36.1064	65	61	0	852.405	0	0
9790	C	C	924.667	36.1064	65	64	0	924.667	0	0
9791	G	G	924.325	36.0938	64	64	0	0	924.325	0
9792	C	C	914.863	36.1064	65	64	0	914.863	0	0
9793	T	T	944.289	36.1645	70	70	0	0	0	944.289
9794	A	A	959.216	36.1645	70	70	959.216	0	0	0
9795	C	C	916.002	36.1535	69	65	0	916.002	0	0
9796	A	A	963.962	36.1535	69	69	963.962	0	0	0
9797	T	T	918.155	36.1645	70	70	0	0	0	918.155
9798	C	C	960.456	36.1535	69	67	0	960.456	0	0
9799	C	C	1033.01	36.1959	73	72	0	1033.01	0	0
9800	G	G	1057.14	36.2249	76	74	0	0	1057.14	0
9801	T	T	1011.94	36.2249	76	76	0	0	0	1011.94
9802	A	A	1057.49	36.2155	75	75	1057.49	0	0	0
9803	T	T	1038.96	36.2342	77	77	0	0	0	1038.96
9804	T	T	1056.25	36.2249	76	76	0	0	0	1056.25
9805	A	A	1028.29	36.2249	76	76	1028.29	0	0	0
9806	G	G	1080.29	36.2432	78	76	0	0	1080.29	0
9807	T	T	1074.46	36.252	79	79	0	0	0	1074.46
9808	A	A	1078.17	36.2432	78	78	1078.17	0	0	0
9809	G	G	1126.08	36.2432	78	78	0	0	1126.08	0
9810	G	G	1084.84	36.2249	76	75	0	0	1084.84	0
9811	A	A	1126.24	36.252	79	79	1126.24	0	0	0
9812	G	G	1118.6	36.252	79	78	0	0	1118.6	0
9813	G	G	1119.92	36.2606	80	78	0	0	1119.92	0
9814	C	C	1151.29	36.269	81	80	0	1151.29	0	0
9815	T	T	1125.59	36.2772	82	82	0	0	0	1125.59
9816	G	G	1057.94	36.2772	82	76	0	0	1057.94	0
9817	A	A	1078.74	36.269	81	81	1078.74	0	0	0
9818	G	G	1090.26	36.269	81	77	0	0	1090.26	0
9819	G	G	1163.37	36.2772	82	81	0	0	1163.37	0
9820	A	A	1053.2	37	77	77	1053.2	0	0	0
9821	G	G	1021.93	37	78	73	0	0	1021.93	0
9822	G	G	1075.81	37	77	75	0	0	1075.81	0
9823	A	A	1040.52	37	77	77	1040.52	0	0	0
9824	C	C	1097.41	37	77	76	0	1097.41	0	0
9825	T	T	1058.7	37	79	79	0	0	0	1058.7
9826	A	A	1092.5	37	76	76	1092.5	0	0	0
9827	A	A	1113.5	37	78	78	1113.5	0	0	0
9828	A	A	1086.5	37	77	77	1086.5	0	0	0
9829	C	C	1109.34	37	78	77	0	1109.34	0	0
9830	C	C	1114.96	37	77	77	0	1114.96	0	0
9831	A	A	1050.16	37	77	77	1050.16	0	0	0
9832	A	A	1093.46	37	80	80	1093.46	0	0	0
9833	A	A	1064.36	37	78	78	1064.36	0	0	0
9834	C	C	1141.74	36.252	79	79	0	1141.74	0	0
9835	T	T	1097.23	36.252	79	79	0	0	0	1097.23
9836	C	C	1100.32	36.2432	78	77	0	1100.32	0	0
9837	A	A	1029.65	36.2249	76	76	1029.65	0	0	0
9838	A	A	1006.7	36.1857	72	72	1006.7	0	0	0
9839	C	C	1014.54	36.1645	70	70	0	1014.54	0	0
9840	T	T	1015.28	36.2058	74	74	0	0	0	1015.28
9841	C	C	1080.87	36.2155	75	75	0	1080.87	0	0
9842	C	C	1094.41	36.2249	76	76	0	1094.41	0	0
9843	G	G	1094.76	36.2342	77	76	0	0	1094.76	0
9844	A	A	1031.03	36.2342	77	77	1031.03	0	0	0
9845	A	A	996.088	36.2058	74	74	996.088	0	0	0
9846	A	A	1014.21	36.2058	74	74	1014.21	0	0	0
9847	A	A	986.908	36.1959	73	73	986.908	0	0	0
9848	A	A	974.471	36.1959	73	72	974.471	0	0	0
9849	T	T	1015.31	36.2155	75	75	0	0	0	1015.31
9850	C	C	993.108	36.2155	75	71	0	993.108	0	0
9851	C	C	1050.69	36.2058	74	73	0	1050.69	0	0
9852	T	T	974.414	36.1752	71	71	0	0	0	974.414
9853	A	A	965.129	36.1857	72	72	965.129	0	0	0
9854	G	G	924.538	36.1645	70	66	0	0	924.538	0
9855	C	C	939.244	36.1422	68	66	0	939.244	0	0
9856	A	A	895.349	36.1187	66	66	895.349	0	0	0
9857	T	T	930.407	36.1187	66	66	0	0	0	930.407
9858	A	A	892.273	36.1422	68	68	892.273	0	0	0
9859	C	C	952.882	36.1306	67	66	0	952.882	0	0
9860	T	T	934.522	36.1422	68	68	0	0	0	934.522
9861	C	C	935.302	36.1064	65	65	0	935.302	0	0
9862	T	T	860.755	36.0938	64	64	0	0	0	860.755
9863	T	T	861.37	36.0809	63	63	0	0	0	861.37
9864	C	C	855.905	36.0809	63	60	0	855.905	0	0
9865	A	A	867.772	36.0938	64	64	867.772	0	0	0
9866	A	A	876.903	36.0938	64	64	876.903	0	0	0
9867	T	T	878.034	36.1187	66	66	0	0	0	878.034
9868	C	C	947.314	36.1187	66	66	0	947.314	0	0
9869	G	G	912.249	36.1064	65	64	0	0	912.249	0
9870	C	C	961.594	36.1306	67	67	0	961.594	0	0
9871	T	T	898.546	36.1306	67	67	0	0	0	898.546
9872	C	C	915.777	36.1187	66	64	0	915.777	0	0
9873	A	A	931.827	36.1187	66	66	931.827	0	0	0
9874	C	C	933.752	36.1422	68	66	0	933.752	0	0
9875	A	A	935.921	36.1306	67	67	935.921	0	0	0
9876	T	T	919.072	36.1187	66	66	0	0	0	919.072
9877	G	G	924.258	36.1064	65	64	0	0	924.258	0
9878	G	G	917.014	36.1187	66	64	0	0	917.014	0
9879	G	G	935.798	37	66	65	0	0	935.798	0
9880	C	C	925.566	37	67	65	0	925.566	0	0
9881	T	T	919.41	37	67	67	0	0	0	919.41
9882	G	G	942.893	37	68	66	0	0	942.893	0
9883	A	A	889.024	37	67	67	889.024	0	0	0
9884	A	A	882.55	37	67	67	882.55	0	0	0
9885	T	T	878.711	37	64	64	0	0	0	878.711
9886	A	A	894.268	37	65	65	894.268	0	0	0
9887	G	G	856.164	37	63	60	0	0	856.164	0
9888	C	C	907.913	37	63	63	0	907.913	0	0
9889	T	T	863.754	37	63	63	0	0	0	863.754
9890	G	G	870.13	37	62	61	0	0	870.13	0
9891	C	C	923.466	37	64	64	0	923.466	0	0
9892	C	C	872.729	37	63	61	0	872.729	0	0
9893	A	A	842.444	37	63	63	842.444	0	0	0
9894	T	T	893.534	37	65	65	0	0	0	893.534
9895	C	C	892.601	37	63	62	0	892.601	0	0
9896	A	A	893.98	37	66	66	893.98	0	0	0
9897	T	T	869.199	37	65	65	0	0	0	869.199
9898	A	A	866.297	37	64	64	866.297	0	0	0
9899	G	G	894.007	37	63	62	0	0	894.007	0
9900	T	T	858.501	37	62	62	0	0	0	858.501
9901	A	A	865.167	37	61	61	865.167	0	0	0
9902	T	T	847.79	37	61	61	0	0	0	847.79
9903	A	A	851.9	37	61	61	851.9	0	0	0
9904	T	T	874.483	37	64	64	0	0	0	874.483
9905	A	A	858.675	37	62	62	858.675	0	0	0
9906	A	A	883.773	37	65	65	883.773	0	0	0
9907	T	T	890.75	37	65	65	0	0	0	890.75
9908	C	C	898.084	37	66	63	0	898.084	0	0
9909	C	C	872.432	37	63	61	0	872.432	0	0
9910	T	T	876.855	37	65	65	0	0	0	876.855
9911	A	A	869.006	37	65	65	869.006	0	0	0
9912	C	C	921.646	37	65	64	0	921.646	0	0
9913	C	C	964.263	37	67	67	0	964.263	0	0
9914	C	C	877.583	37	65	62	0	877.583	0	0
9915	T	T	865.946	37	65	65	0	0	0	865.946
9916	A	A	882.146	37	65	65	882.146	0	0	0
9917	A	A	875.265	37	66	65	875.265	0	0	0
9918	T	T	866.574	37	65	65	0	0	0	866.574
9919	A	A	906.371	37	65	65	906.371	0	0	0
9920	A	A	888.427	37	63	63	888.427	0	0	0
9921	T	T	879.802	37	64	64	0	0	0	879.802
9922	C	C	898.902	37	64	63	0	898.902	0	0
9923	C	C	880.995	37	65	62	0	880.995	0	0
9924	T	T	901.54	37	64	64	0	0	0	901.54
9925	T	T	902.584	37	66	66	0	0	0	902.584
9926	A	A	948.556	37	68	68	948.556	0	0	0
9927	A	A	937.869	37	67	67	937.869	0	0	0
9928	C	C	868.845	37	67	63	0	868.845	0	0
9929	C	C	929.131	37	67	65	0	929.131	0	0
9930	T	T	938.285	37	71	71	0	0	0	938.285
9931	T	T	969.328	37	71	71	0	0	0	969.328
9932	A	A	892.871	37	70	70	892.871	0	0	0
9933	C	C	900.624	37	65	63	0	900.624	0	0
9934	A	A	870.135	37	65	65	870.135	0	0	0
9935	A	A	873.162	37	64	64	873.162	0	0	0
9936	T	T	842.881	37	61	61	0	0	0	842.881
9937	C	C	863.047	37	61	60	0	863.047	0	0
9938	T	T	832.169	37	60	60	0	0	0	832.169
9939	A	A	864.091	37	61	61	864.091	0	0	0
9940	C	C	856.064	37	61	60	0	856.064	0	0
9941	A	A	873.885	37	61	61	873.885	0	0	0
9942	T	T	872.654	37	64	64	0	0	0	872.654
9943	C	C	835.183	37	63	60	0	835.183	0	0
9944	A	A	879.828	37	64	64	879.828	0	0	0
9945	T	T	895.487	37	66	66	0	0	0	895.487
9946	A	A	888.667	37	66	66	888.667	0	0	0
9947	A	A	890.097	37	67	67	890.097	0	0	0
9948	T	T	893.939	37	65	65	0	0	0	893.939
9949	A	A	889.411	37	66	66	889.411	0	0	0
9950	A	A	875.682	37	65	65	875.682	0	0	0
9951	C	C	845.392	37	64	60	0	845.392	0	0
9952	T	T	845.716	37	60	60	0	0	0	845.716
9953	C	C	863.801	37	62	60	0	863.801	0	0
9954	T	T	855.852	37	61	61	0	0	0	855.852
9955	A	A	808.675	37	60	60	808.675	0	0	0
9956	G	G	849.093	37	60	59	0	0	849.093	0
9957	G	G	822.709	37	57	57	0	0	822.709	0
9958	G	G	820.095	37	57	57	0	0	820.095	0
9959	A	A	719.058	37	56	55	719.058	0	0	0
9960	C	C	769.999	37	55	54	0	769.999	0	0
9961	A	A	725.147	37	55	55	725.147	0	0	0
9962	T	T	781.719	37	56	56	0	0	0	781.719
9963	T	T	756.816	37	54	54	0	0	0	756.816
9964	T	T	685.251	37	49	49	0	0	0	685.251
9965	A	A	632.307	37	49	49	632.307	0	0	0
9966	T	T	679.165	37	49	49	0	0	0	679.165
9967	A	A	676.967	37	50	50	676.967	0	0	0
9968	C	C	700.314	37	50	49	0	700.314	0	0
9969	T	T	656.195	37	51	51	0	0	0	656.195
9970	A	A	679.024	37	49	49	679.024	0	0	0
9971	T	T	652.197	37	50	50	0	0	0	652.197
9972	T	T	682.8	37	50	50	0	0	0	682.8
9973	C	C	701.696	37	52	50	0	701.696	0	0
9974	A	A	706.538	37	51	51	706.538	0	0	0
9975	T	T	674.876	37	49	49	0	0	0	674.876
9976	G	G	708.468	37	49	49	0	0	708.468	0
9977	T	T	697.397	37	52	52	0	0	0	697.397
9978	A	A	744.171	37	53	53	744.171	0	0	0
9979	C	C	751.499	37	54	53	0	751.499	0	0
9980	A	A	768.108	37	56	56	768.108	0	0	0
9981	A	A	759.362	37	55	55	759.362	0	0	0
9982	T	T	736.688	37	53	53	0	0	0	736.688
9983	C	C	726.925	37	53	51	0	726.925	0	0
9984	T	T	750.659	37	53	53	0	0	0	750.659
9985	A	A	719.971	37	52	52	719.971	0	0	0
9986	T	T	751.818	37	54	54	0	0	0	751.818
9987	C	C	788.834	37	55	55	0	788.834	0	0
9988	T	T	767.416	37	58	58	0	0	0	767.416
9989	A	A	819.294	37	59	59	819.294	0	0	0
9990	C	C	767.668	37	58	55	0	767.668	0	0
9991	A	A	795.84	37	58	58	795.84	0	0	0
9992	A	A	792.304	37	57	57	792.304	0	0	0
9993	C	C	756.847	37	57	54	0	756.847	0	0
9994	A	A	803.408	37	59	59	803.408	0	0	0
9995	A	A	811.835	37	59	59	811.835	0	0	0
9996	C	C	836.029	37	58	58	0	836.029	0	0
9997	A	A	788.476	37	59	59	788.476	0	0	0
9998	T	T	795.069	37	59	59	0	0	0	795.069
9999	T	T	799.665	37	58	58	0	0	0	799.665
10000	A	A	755.444	37	57	57	755.444	0	0	0
10001	T	T	763.983	37	55	55	0	0	0	763.983
10002	C	C	771.539	37	58	55	0	771.539	0	0
10003	A	A	782.737	37	57	57	782.737	0	0	0
10004	C	C	774.842	37	57	55	0	774.842	0	0
10005	T	T	759.629	37	57	57	0	0	0	759.629
10006	G	G	743.462	37	57	53	0	0	743.462	0
10007	T	T	794.377	37	58	58	0	0	0	794.377
10008	C	C	832.576	37	59	58	0	832.576	0	0
10009	C	C	801.726	37	58	56	0	801.726	0	0
10010	C	C	801.654	37	57	56	0	801.654	0	0
10011	A	A	801.099	37	57	57	801.099	0	0	0
10012	C	C	822.056	37	57	57	0	822.056	0	0
10013	A	A	790.632	37	57	57	790.632	0	0	0
10014	C	C	785.78	37	57	55	0	785.78	0	0
10015	A	A	804.454	37	57	57	804.454	0	0	0
10016	T	T	802.178	37	58	58	0	0	0	802.178
10017	G	G	800.772	37	57	56	0	0	800.772	0
10018	A	A	817.662	37	58	58	817.662	0	0	0
10019	A	A	822.965	37	59	59	822.965	0	0	0
10020	A	A	819.861	37	60	60	819.861	0	0	0
10021	T	T	834.96	37	60	60	0	0	0	834.96
10022	A	A	824.595	37	61	61	824.595	0	0	0
10023	A	A	806.153	37	60	60	806.153	0	0	0
10024	A	A	809.731	37	60	60	809.731	0	0	0
10025	T	T	808.007	37	58	58	0	0	0	808.007
10026	T	T	830.461	37	61	61	0	0	0	830.461
10027	A	A	830.847	37	60	60	830.847	0	0	0
10028	C	C	834.459	36.0251	59	58	0	834.459	0	0
10029	C	C	873.722	36.0675	62	61	0	873.722	0	0
10030	A	A	893.464	36.0938	64	64	893.464	0	0	0
10031	C	C	945.885	36.1306	67	66	0	945.885	0	0
10032	T	T	876.061	36.1306	67	66	0	0	0	876.061
10033	A	A	932.655	36.1535	69	69	932.655	0	0	0
10034	A	A	913.137	36.1187	66	66	913.137	0	0	0
10035	T	T	922.078	36.1422	68	68	0	0	0	922.078
10036	T	T	924.055	36.1187	66	66	0	0	0	924.055
10037	G	G	911.278	36.0938	64	63	0	0	911.278	0
10038	C	C	911.274	36.0809	63	63	0	911.274	0	0
10039	C	C	925.035	36.1064	65	64	0	925.035	0	0
10040	T	T	923.515	36.1064	65	65	0	0	0	923.515
10041	C	C	858.385	36.0809	63	61	0	858.385	0	0
10042	A	A	885.526	36.1064	65	65	885.526	0	0	0
10043	C	C	894.202	36.0675	62	62	0	894.202	0	0
10044	T	T	875.12	36.0809	63	63	0	0	0	875.12
10045	A	A	893.611	36.0938	64	64	893.611	0	0	0
10046	A	A	885.852	36.0809	63	63	885.852	0	0	0
10047	T	T	879.79	36.0809	63	63	0	0	0	879.79
10048	C	C	922.588	36.0938	64	64	0	922.588	0	0
10049	C	C	920.934	36.1064	65	64	0	920.934	0	0
10050	T	T	909.967	37	68	68	0	0	0	909.967
10051	A	A	970.393	37	71	71	970.393	0	0	0
10052	G	G	945.482	37	70	67	0	0	945.482	0
10053	C	C	935.951	37	71	67	0	935.951	0	0
10054	A	A	926.065	37	69	69	926.065	0	0	0
10055	C	C	981.34	37	68	68	0	981.34	0	0
10056	T	T	956.862	37	69	69	0	0	0	956.862
10057	T	T	924.175	37	66	66	0	0	0	924.175
10058	A	A	877.206	37	65	65	877.206	0	0	0
10059	T	T	893.879	37	64	64	0	0	0	893.879
10060	A	A	927.855	37	67	67	927.855	0	0	0
10061	C	C	926.837	37	69	66	0	926.837	0	0
10062	T	T	929.422	37	70	70	0	0	0	929.422
10063	A	A	914.085	37	66	66	914.085	0	0	0
10064	T	T	897.697	37	66	66	0	0	0	897.697
10065	C	C	908.872	37	66	64	0	908.872	0	0
10066	A	A	846.645	37	66	66	846.645	0	0	0
10067	C	C	940.207	37	66	65	0	940.207	0	0
10068	T	T	883.402	37	63	63	0	0	0	883.402
10069	A	A	824.606	37	60	60	824.606	0	0	0
10070	G	G	804.74	37	60	57	0	0	804.74	0
10071	G	G	799.376	37	57	56	0	0	799.376	0
10072	C	C	825.32	37	57	57	0	825.32	0	0
10073	G	G	794.923	37	55	55	0	0	794.923	0
10074	G	G	806.279	37	57	56	0	0	806.279	0
10075	C	C	824.742	37	57	57	0	824.742	0	0
10076	C	C	836.376	37	59	58	0	836.376	0	0
10077	T	T	829.57	36.0538	61	61	0	0	0	829.57
10078	C	C	816.759	36.0675	62	58	0	816.759	0	0
10079	C	C	820.458	36.0809	63	59	0	820.458	0	0
10080	C	C	810.411	36.0538	61	58	0	810.411	0	0
10081	T	T	802.737	36.0251	59	59	0	0	0	802.737
10082	C	C	796.459	36.01	58	56	0	796.459	0	0
10083	C	C	835.436	36.01	58	58	0	835.436	0	0
10084	C	C	833.528	36.0397	60	58	0	833.528	0	0
10085	C	C	794.161	36.0251	59	56	0	794.161	0	0
10086	T	T	800.236	36.0251	59	59	0	0	0	800.236
10087	C	C	823.154	36.01	58	57	0	823.154	0	0
10088	T	T	789.297	36.01	58	58	0	0	0	789.297
10089	C	C	807.691	35.9945	57	56	0	807.691	0	0
10090	A	A	685.655	35.8902	51	51	685.655	0	0	0
10091	G	G	701.42	35.8902	51	49	0	0	701.42	0
10092	G	G	719.312	35.8707	50	50	0	0	719.312	0
10093	C	C	734.237	37	52	51	0	734.237	0	0
10094	T	T	707.46	37	54	54	0	0	0	707.46
10095	T	T	701.299	37	53	53	0	0	0	701.299
10096	T	T	728.734	37	57	57	0	0	0	728.734
10097	A	A	822.244	37	58	58	822.244	0	0	0
10098	T	T	755.611	37	58	57	0	0	0	755.611
10099	T	T	796.463	37	59	59	0	0	0	796.463
10100	C	C	807.608	36.0397	60	57	0	807.608	0	0
10101	C	C	827.609	36.0675	62	59	0	827.609	0	0
10102	C	C	893.765	36.0675	62	62	0	893.765	0	0
10103	A	A	899.723	36.1064	65	65	899.723	0	0	0
10104	A	A	938.378	36.1306	67	67	938.378	0	0	0
10105	A	A	954.996	36.1535	69	69	954.996	0	0	0
10106	T	T	915.568	36.1306	67	67	0	0	0	915.568
10107	G	G	928.13	36.1422	68	65	0	0	928.13	0
10108	A	A	946.199	36.1187	66	66	946.199	0	0	0
10109	A	A	959.783	36.1422	68	68	959.783	0	0	0
10110	T	T	950.267	36.1422	68	68	0	0	0	950.267
10111	A	A	969.565	36.1535	69	69	969.565	0	0	0
10112	A	A	981.345	36.1645	70	70	981.345	0	0	0
10113	T	T	989.52	36.1959	73	73	0	0	0	989.52
10114	T	T	989.773	36.1959	73	73	0	0	0	989.773
10115	A	A	1018.71	36.1959	73	73	1018.71	0	0	0
10116	T	T	1002.62	36.2155	75	75	0	0	0	1002.62
10117	T	T	1026.46	36.2342	77	77	0	0	0	1026.46
10118	C	C	1030.76	36.2249	76	73	0	1030.76	0	0
10119	A	A	1044.51	36.2155	75	75	1044.51	0	0	0
10120	A	A	1060.85	36.2155	75	75	1060.85	0	0	0
10121	G	G	1069.57	36.2155	75	74	0	0	1069.57	0
10122	A	A	1074.92	36.252	79	79	1074.92	0	0	0
10123	G	G	1094.56	36.2342	77	76	0	0	1094.56	0
10124	T	T	1065.5	36.2432	78	78	0	0	0	1065.5
10125	T	T	1107.76	36.2852	83	83	0	0	0	1107.76
10126	G	G	1147.58	36.269	81	80	0	0	1147.58	0
10127	A	A	1057.89	36.2342	77	77	1057.89	0	0	0
10128	C	C	1086.37	36.2342	77	76	0	1086.37	0	0
10129	A	A	1059.37	36.2342	77	77	1059.37	0	0	0
10130	A	A	1039.97	36.2155	75	75	1039.97	0	0	0
10131	A	A	1027.41	36.2155	75	75	1027.41	0	0	0
10132	A	A	1005.47	36.1959	73	73	1005.47	0	0	0
10133	A	A	1001.09	36.1959	73	73	1001.09	0	0	0
10134	A	A	994.959	36.1857	72	72	994.959	0	0	0
10135	T	T	1011.98	36.1752	71	71	0	0	0	1011.98
10136	G	G	975.938	36.1645	70	68	0	0	975.938	0
10137	A	A	961.824	36.1645	70	70	961.824	0	0	0
10138	T	T	975.53	36.1645	70	70	0	0	0	975.53
10139	A	A	933.555	36.1535	69	69	933.555	0	0	0
10140	T	T	980.437	36.1645	70	70	0	0	0	980.437
10141	A	A	907.66	36.1535	69	69	907.66	0	0	0
10142	A	A	890.301	36.1535	69	69	890.301	0	0	0
10143	T	T	932.804	36.1306	67	67	0	0	0	932.804
10144	T	T	894.564	36.0938	64	64	0	0	0	894.564
10145	G	G	854.977	36.0675	62	60	0	0	854.977	0
10146	T	T	861.997	36.0538	61	61	0	0	0	861.997
10147	C	C	847.05	36.0538	61	59	0	847.05	0	0
10148	A	A	810.074	36.0675	62	62	810.074	0	0	0
10149	T	T	802.637	36.0251	59	59	0	0	0	802.637
10150	A	A	769.011	37	56	56	769.011	0	0	0
10151	C	C	780.426	37	57	55	0	780.426	0	0
10152	C	C	821.135	37	57	57	0	821.135	0	0
10153	C	C	791.316	37	56	55	0	791.316	0	0
10154	A	A	743.827	37	56	56	743.827	0	0	0
10155	T	T	764.565	37	55	55	0	0	0	764.565
10156	A	A	728.334	37	54	54	728.334	0	0	0
10157	T	T	736.267	37	54	54	0	0	0	736.267
10158	T	T	722.557	37	55	55	0	0	0	722.557
10159	C	C	717.25	37	55	52	0	717.25	0	0
10160	A	A	765.041	37	57	57	765.041	0	0	0
10161	T	T	747.414	37	56	56	0	0	0	747.414
10162	A	A	769.922	37	57	57	769.922	0	0	0
10163	G	G	763.716	37	54	53	0	0	763.716	0
10164	C	C	712.767	37	52	50	0	712.767	0	0
10165	C	C	760.489	37	55	53	0	760.489	0	0
10166	A	A	763.648	37	55	55	763.648	0	0	0
10167	C	C	778.109	37	55	54	0	778.109	0	0
10168	C	C	790.506	37	56	55	0	790.506	0	0
10169	A	A	784.166	37	57	57	784.166	0	0	0
10170	C	C	804.275	37	57	56	0	804.275	0	0
10171	A	A	782.828	37	58	58	782.828	0	0	0
10172	G	G	803.043	37	57	56	0	0	803.043	0
10173	C	C	834.45	37	58	58	0	834.45	0	0
10174	T	T	787.679	37	58	58	0	0	0	787.679
10175	C	C	801.084	37	57	56	0	801.084	0	0
10176	T	T	769.742	37	56	56	0	0	0	769.742
10177	A	A	793.858	37	55	55	793.858	0	0	0
10178	C	C	803.674	37	58	56	0	803.674	0	0
10179	T	T	811.274	37	59	59	0	0	0	811.274
10180	A	A	865.536	37	61	61	865.536	0	0	0
10181	A	A	875.735	37	62	62	875.735	0	0	0
10182	A	A	881.261	37	63	63	881.261	0	0	0
10183	C	C	902.877	37	66	64	0	902.877	0	0
10184	C	C	960.52	37	68	67	0	960.52	0	0
10185	T	T	907.62	37	67	67	0	0	0	907.62
10186	T	T	905.078	37	67	67	0	0	0	905.078
10187	T	T	912.449	37	68	68	0	0	0	912.449
10188	A	A	920.592	37	67	67	920.592	0	0	0
10189	T	T	950.813	37	70	70	0	0	0	950.813
10190	T	T	928.579	37	70	70	0	0	0	928.579
10191	T	T	959.57	37	72	72	0	0	0	959.57
10192	C	C	981.465	37	72	69	0	981.465	0	0
10193	T	T	952.066	37	71	71	0	0	0	952.066
10194	A	A	996.453	37	71	71	996.453	0	0	0
10195	C	C	1023.84	37	75	72	0	1023.84	0	0
10196	A	A	1067.3	37	76	76	1067.3	0	0	0
10197	T	T	994.43	37	74	74	0	0	0	994.43
10198	G	G	1084.11	37	75	75	0	0	1084.11	0
10199	C	C	1052.43	37	74	73	0	1052.43	0	0
10200	G	G	1063.51	37	75	74	0	0	1063.51	0
10201	C	C	993.708	37	75	71	0	993.708	0	0
10202	C	C	1069.61	37	75	74	0	1069.61	0	0
10203	T	T	1053.22	37	77	77	0	0	0	1053.22
10204	A	A	1021.92	37	77	77	1021.92	0	0	0
10205	G	G	1089.31	37	78	76	0	0	1089.31	0
10206	C	C	1081.08	37	76	75	0	1081.08	0	0
10207	A	A	1019.91	37	76	76	1019.91	0	0	0
10208	T	T	1019.88	37	74	74	0	0	0	1019.88
10209	A	A	971.794	37	72	72	971.794	0	0	0
10210	C	C	1006.84	37	70	70	0	1006.84	0	0
10211	G	G	948.431	37	69	67	0	0	948.431	0
10212	C	C	983.099	37	69	68	0	983.099	0	0
10213	T	T	944.753	37	68	68	0	0	0	944.753
10214	A	A	903.423	37	67	67	903.423	0	0	0
10215	C	C	950.654	37	67	66	0	950.654	0	0
10216	A	A	907.916	37	66	66	907.916	0	0	0
10217	G	G	838.776	37	63	60	0	0	838.776	0
10218	C	C	890.905	37	64	62	0	890.905	0	0
10219	A	A	903.173	37	65	65	903.173	0	0	0
10220	C	C	938.584	37	66	65	0	938.584	0	0
10221	T	T	914.485	37	66	66	0	0	0	914.485
10222	A	A	880.43	37	66	66	880.43	0	0	0
10223	A	A	891.788	37	65	65	891.788	0	0	0
10224	C	C	909.708	37	67	64	0	909.708	0	0
10225	A	A	919.25	37	67	67	919.25	0	0	0
10226	A	A	924.287	37	67	67	924.287	0	0	0
10227	T	T	882.865	37	66	66	0	0	0	882.865
10228	G	G	929.7	37	67	65	0	0	929.7	0
10229	T	T	907.265	37	66	66	0	0	0	907.265
10230	T	T	920.026	37	67	67	0	0	0	920.026
10231	T	T	931.427	37	67	67	0	0	0	931.427
10232	C	C	928.117	37	68	65	0	928.117	0	0
10233	C	C	907.263	37	66	64	0	907.263	0	0
10234	C	C	967.262	37	68	67	0	967.262	0	0
10235	T	T	938.696	37	67	67	0	0	0	938.696
10236	C	C	894.579	37	63	62	0	894.579	0	0
10237	G	G	858.247	37	62	60	0	0	858.247	0
10238	G	G	937.309	37	66	65	0	0	937.309	0
10239	C	C	955.845	37	69	67	0	955.845	0	0
10240	A	A	955.968	37	69	69	955.968	0	0	0
10241	A	A	987.655	37	70	70	987.655	0	0	0
10242	A	A	980.291	37	69	69	980.291	0	0	0
10243	C	C	956.959	37	69	67	0	956.959	0	0
10244	A	A	975.486	37	70	70	975.486	0	0	0
10245	A	A	941.539	37	69	69	941.539	0	0	0
10246	T	T	992.452	37	71	71	0	0	0	992.452
10247	A	A	957.231	37	72	72	957.231	0	0	0
10248	C	C	1010.88	37	70	70	0	1010.88	0	0
10249	A	A	913.699	37	68	68	913.699	0	0	0
10250	A	A	914.799	37	66	66	914.799	0	0	0
10251	A	A	928.89	37	68	68	928.89	0	0	0
10252	A	A	956.525	37	70	70	956.525	0	0	0
10253	A	A	971.598	37	70	70	971.598	0	0	0
10254	T	T	930.602	37	69	69	0	0	0	930.602
10255	A	A	953.95	37	69	69	953.95	0	0	0
10256	A	A	923.842	37	66	66	923.842	0	0	0
10257	A	A	925.492	37	66	66	925.492	0	0	0
10258	A	A	928.865	37	67	67	928.865	0	0	0
10259	T	T	939.69	37	66	66	0	0	0	939.69
10260	G	G	942.839	37	69	66	0	0	942.839	0
10261	A	A	951.468	37	68	68	951.468	0	0	0
10262	C	C	988.26	37	69	69	0	988.26	0	0
10263	A	A	952.493	37	69	69	952.493	0	0	0
10264	A	A	944.414	37	69	69	944.414	0	0	0
10265	T	T	954.361	37	68	68	0	0	0	954.361
10266	T	T	953.195	37	68	68	0	0	0	953.195
10267	T	T	959.262	37	68	68	0	0	0	959.262
10268	G	G	881.753	37	66	63	0	0	881.753	0
10269	A	A	864.311	37	64	64	864.311	0	0	0
10270	A	A	883.384	37	65	65	883.384	0	0	0
10271	A	A	866.904	37	65	65	866.904	0	0	0
10272	G	G	884.557	37	65	62	0	0	884.557	0
10273	C	C	851.129	37	60	59	0	851.129	0	0
10274	A	A	843.238	37	61	61	843.238	0	0	0
10275	T	T	858.87	37	61	61	0	0	0	858.87
10276	A	A	829.774	37	60	60	829.774	0	0	0
10277	A	A	836.816	37	61	61	836.816	0	0	0
10278	A	A	823.103	37	60	60	823.103	0	0	0
10279	A	A	824.937	37	59	59	824.937	0	0	0
10280	A	A	865.16	37	61	61	865.16	0	0	0
10281	A	A	852.495	37	60	60	852.495	0	0	0
10282	A	A	887.501	37	63	63	887.501	0	0	0
10283	A	A	862.075	37	62	62	862.075	0	0	0
10284	T	T	876.101	37	67	67	0	0	0	876.101
10285	A	A	958.847	37	69	69	958.847	0	0	0
10286	A	A	986.149	37	72	72	986.149	0	0	0
10287	T	T	946.48	37	72	72	0	0	0	946.48
10288	C	C	936.151	37	72	67	0	936.151	0	0
10289	T	T	959.813	37	71	71	0	0	0	959.813
10290	T	T	979.488	37	72	72	0	0	0	979.488
10291	C	C	1010.43	37	70	70	0	1010.43	0	0
10292	T	T	958.119	37	69	69	0	0	0	958.119
10293	T	T	929.707	37	67	67	0	0	0	929.707
10294	G	G	983.662	36.1535	69	68	0	0	983.662	0
10295	C	C	982.035	36.1422	68	68	0	982.035	0	0
10296	C	C	921.692	36.1306	67	65	0	921.692	0	0
10297	C	C	929.002	36.1422	68	65	0	929.002	0	0
10298	C	C	884.797	36.1422	68	63	0	884.797	0	0
10299	C	C	972.041	36.1535	69	68	0	972.041	0	0
10300	T	T	925.414	36.1187	66	66	0	0	0	925.414
10301	C	C	966.523	36.1306	67	67	0	966.523	0	0
10302	T	T	907.143	36.1064	65	65	0	0	0	907.143
10303	A	A	885.29	36.1306	67	67	885.29	0	0	0
10304	A	A	896.81	36.1306	67	67	896.81	0	0	0
10305	T	T	890.606	36.1187	66	66	0	0	0	890.606
10306	C	C	921.133	36.0938	64	64	0	921.133	0	0
10307	G	G	885.287	36.0938	64	62	0	0	885.287	0
10308	T	T	858.68	36.0675	62	62	0	0	0	858.68
10309	A	A	832.704	36.0397	60	60	832.704	0	0	0
10310	G	G	881.244	36.0538	61	61	0	0	881.244	0
10311	C	C	930.841	36.1187	66	65	0	930.841	0	0
10312	A	A	941.795	36.1422	68	68	941.795	0	0	0
10313	T	T	884.692	36.1422	68	68	0	0	0	884.692
10314	C	C	1003.24	36.1645	70	70	0	1003.24	0	0
10315	A	A	963.773	36.1645	70	70	963.773	0	0	0
10316	A	A	945.528	37	69	69	945.528	0	0	0
10317	C	C	989.763	37	72	70	0	989.763	0	0
10318	C	C	932.82	37	72	67	0	932.82	0	0
10319	A	A	951.716	37	71	71	951.716	0	0	0
10320	T	T	987.853	37	74	74	0	0	0	987.853
10321	A	A	952.225	36.1857	72	72	952.225	0	0	0
10322	C	C	927.931	36.1959	73	67	0	927.931	0	0
10323	T	T	952.014	36.1645	70	70	0	0	0	952.014
10324	C	C	927.509	36.1535	69	66	0	927.509	0	0
10325	C	C	942.309	36.1535	69	66	0	942.309	0	0
10326	T	T	937.56	36.1645	70	70	0	0	0	937.56
10327	C	C	1010.3	36.1645	70	70	0	1010.3	0	0
10328	C	C	1009.65	36.1645	70	70	0	1009.65	0	0
10329	C	C	1009.91	36.1857	72	71	0	1009.91	0	0
10330	A	A	963.106	36.1645	70	70	963.106	0	0	0
10331	T	T	973.059	36.1645	70	70	0	0	0	973.059
10332	T	T	947.395	36.1422	68	68	0	0	0	947.395
10333	A	A	945.085	36.1306	67	67	945.085	0	0	0
10334	A	A	939.34	36.1306	67	67	939.34	0	0	0
10335	C	C	969.44	36.1422	68	67	0	969.44	0	0
10336	T	T	936.232	36.1306	67	67	0	0	0	936.232
10337	C	C	937.762	36.1535	69	66	0	937.762	0	0
10338	C	C	1004.95	36.1752	71	70	0	1004.95	0	0
10339	A	A	953.939	36.1752	71	71	953.939	0	0	0
10340	A	A	950.938	36.1645	70	70	950.938	0	0	0
10341	T	T	938.364	36.1535	69	69	0	0	0	938.364
10342	A	A	930.856	36.1645	70	70	930.856	0	0	0
10343	C	C	944.29	36.1422	68	66	0	944.29	0	0
10344	T	T	929.56	36.1306	67	67	0	0	0	929.56
10345	C	C	915.471	37	66	64	0	915.471	0	0
10346	T	T	943.574	37	70	70	0	0	0	943.574
10347	C	C	986.292	37	71	69	0	986.292	0	0
10348	A	A	957.875	37	70	70	957.875	0	0	0
10349	A	A	942.156	37	70	70	942.156	0	0	0
10350	T	T	916.438	37	69	69	0	0	0	916.438
10351	C	C	964.384	37	68	67	0	964.384	0	0
10352	A	A	916.726	37	69	69	916.726	0	0	0
10353	T	T	937.536	37	67	67	0	0	0	937.536
10354	G	G	848.521	37	65	61	0	0	848.521	0
10355	G	G	848.061	37	63	60	0	0	848.061	0
10356	A	A	817.215	37	61	61	817.215	0	0	0
10357	C	C	855.06	37	59	59	0	855.06	0	0
10358	T	T	843.591	37	59	59	0	0	0	843.591
10359	A	A	770.906	37	57	57	770.906	0	0	0
10360	G	G	791.047	37	56	55	0	0	791.047	0
10361	A	A	806.674	36.0251	59	59	806.674	0	0	0
10362	G	G	823.611	35.2773	61	58	0	0	823.611	0
10363	A	A	799.541	35.2294	59	59	799.541	0	0	0
10364	T	T	807.051	35.3003	62	62	0	0	0	807.051
10365	T	T	809.183	35.3003	62	62	0	0	0	809.183
10366	T	T	814.395	35.2537	60	60	0	0	0	814.395
10367	A	A	829.856	35.2294	59	59	829.856	0	0	0
10368	G	G	868.326	35.2537	60	60	0	0	868.326	0
10369	G	G	864.166	35.2773	61	60	0	0	864.166	0
10370	C	C	866.055	35.2773	61	60	0	866.055	0	0
10371	T	T	843.833	35.2773	61	61	0	0	0	843.833
10372	A	A	864.453	35.3003	62	62	864.453	0	0	0
10373	A	A	903.387	35.3657	65	65	903.387	0	0	0
10374	A	A	913.494	35.3864	66	66	913.494	0	0	0
10375	A	A	909.852	35.3657	65	65	909.852	0	0	0
10376	A	A	898.436	35.3657	65	64	898.436	0	0	0
10377	G	G	934.915	35.3864	66	65	0	0	934.915	0
10378	A	A	909.338	35.4066	67	67	909.338	0	0	0
10379	C	C	938.734	35.3864	66	65	0	938.734	0	0
10380	C	C	939.188	35.3657	65	65	0	939.188	0	0
10381	A	A	889.786	35.3864	66	66	889.786	0	0	0
10382	A	A	904.848	35.4066	67	67	904.848	0	0	0
10383	G	G	940.904	35.4262	68	66	0	0	940.904	0
10384	G	G	895.368	35.3864	66	63	0	0	895.368	0
10385	G	G	895.657	35.3864	66	63	0	0	895.657	0
10386	C	C	869.929	36.1064	65	62	0	869.929	0	0
10387	C	C	936.479	37	66	65	0	936.479	0	0
10388	T	T	866.613	37	64	64	0	0	0	866.613
10389	T	T	847.901	37	62	62	0	0	0	847.901
10390	C	C	862.601	37	62	60	0	862.601	0	0
10391	A	A	846.66	37	64	64	846.66	0	0	0
10392	A	A	826.901	37	63	63	826.901	0	0	0
10393	A	A	816.075	37	64	64	816.075	0	0	0
10394	G	G	804.911	37	60	57	0	0	804.911	0
10395	C	C	836.271	37	59	58	0	836.271	0	0
10396	C	C	814.975	37	59	57	0	814.975	0	0
10397	C	C	725.653	37	57	52	0	725.653	0	0
10398	T	T	768.392	37	56	56	0	0	0	768.392
10399	A	A	788.963	37	57	57	788.963	0	0	0
10400	A	A	784.664	37	56	56	784.664	0	0	0
10401	G	G	758.281	37	55	53	0	0	758.281	0
10402	T	T	790.846	37	59	59	0	0	0	790.846
10403	A	A	812.108	37	59	59	812.108	0	0	0
10404	A	A	833.094	36.0397	60	60	833.094	0	0	0
10405	G	G	848.266	36.0251	59	59	0	0	848.266	0
10406	T	T	794.932	36.0397	60	60	0	0	0	794.932
10407	G	G	863.651	36.0397	60	60	0	0	863.651	0
10408	A	A	811.909	36.0397	60	60	811.909	0	0	0
10409	A	A	855.198	36.0938	64	64	855.198	0	0	0
10410	A	A	840.772	36.0538	61	61	840.772	0	0	0
10411	T	T	831.133	36.0675	62	62	0	0	0	831.133
10412	T	T	814.25	36.0397	60	60	0	0	0	814.25
10413	C	C	789.106	36.0538	61	57	0	789.106	0	0
10414	A	A	815.105	36.0397	60	60	815.105	0	0	0
10415	C	C	865.837	36.0538	61	60	0	865.837	0	0
10416	T	T	867.426	36.0809	63	63	0	0	0	867.426
10417	T	T	866.215	36.1187	66	66	0	0	0	866.215
10418	A	A	865.684	36.1064	65	65	865.684	0	0	0
10419	G	G	824.235	36.0809	63	59	0	0	824.235	0
10420	T	T	847.02	36.0938	64	64	0	0	0	847.02
10421	C	C	869.66	36.0809	63	61	0	869.66	0	0
10422	T	T	851.821	36.0538	61	61	0	0	0	851.821
10423	C	C	853.08	36.0397	60	59	0	853.08	0	0
10424	T	T	864.259	36.0938	64	64	0	0	0	864.259
10425	G	G	936.872	36.1422	68	66	0	0	936.872	0
10426	T	T	879.665	36.1187	66	66	0	0	0	879.665
10427	A	A	916.117	36.1187	66	66	916.117	0	0	0
10428	A	A	923.571	36.1306	67	67	923.571	0	0	0
10429	C	C	922.196	36.1422	68	65	0	922.196	0	0
10430	T	T	947.105	36.1645	70	70	0	0	0	947.105
10431	A	A	901.869	36.1422	68	68	901.869	0	0	0
10432	T	T	933.046	36.1535	69	69	0	0	0	933.046
10433	T	T	950.386	36.1959	73	73	0	0	0	950.386
10434	T	T	907.789	36.1535	69	69	0	0	0	907.789
10435	A	A	950.258	36.1535	69	69	950.258	0	0	0
10436	A	A	962.894	36.1645	70	70	962.894	0	0	0
10437	G	G	960.365	36.1535	69	67	0	0	960.365	0
10438	G	G	863.743	36.1535	69	63	0	0	863.743	0
10439	A	A	942.85	37	68	68	942.85	0	0	0
10440	C	C	924.886	37	67	65	0	924.886	0	0
10441	T	T	945.611	37	67	67	0	0	0	945.611
10442	G	G	894.242	37	65	63	0	0	894.242	0
10443	C	C	953.963	37	66	66	0	953.963	0	0
10444	A	A	904.997	37	65	65	904.997	0	0	0
10445	A	A	909.461	37	65	65	909.461	0	0	0
10446	G	G	911.132	37	63	63	0	0	911.132	0
10447	A	A	855.503	37	62	62	855.503	0	0	0
10448	G	G	827.354	37	62	59	0	0	827.354	0
10449	C	C	937.205	37	65	65	0	937.205	0	0
10450	A	A	877.883	37	66	66	877.883	0	0	0
10451	T	T	910.244	37	66	66	0	0	0	910.244
10452	A	A	879.057	37	64	64	879.057	0	0	0
10453	T	T	863.011	37	66	66	0	0	0	863.011
10454	C	C	933.036	37	66	65	0	933.036	0	0
10455	T	T	884.747	37	66	66	0	0	0	884.747
10456	C	C	878.519	37	67	63	0	878.519	0	0
10457	A	A	866.566	37	65	65	866.566	0	0	0
10458	C	C	906.47	37	64	63	0	906.47	0	0
10459	A	A	877.362	37	65	65	877.362	0	0	0
10460	T	T	879.944	37	66	66	0	0	0	879.944
10461	C	C	935.007	37	66	65	0	935.007	0	0
10462	A	A	889.268	37	65	65	889.268	0	0	0
10463	A	A	890.006	37	64	64	890.006	0	0	0
10464	T	T	864.757	37	63	63	0	0	0	864.757
10465	T	T	871.606	37	63	63	0	0	0	871.606
10466	G	G	896.909	37	65	63	0	0	896.909	0
10467	A	A	930.345	37	67	67	930.345	0	0	0
10468	A	A	939.682	37	69	69	939.682	0	0	0
10469	C	C	906.6	37	67	64	0	906.6	0	0
10470	G	G	895.693	37	66	63	0	0	895.693	0
10471	C	C	949.597	37	71	67	0	949.597	0	0
10472	A	A	970	37	71	71	970	0	0	0
10473	A	A	963.507	37	70	70	963.507	0	0	0
10474	A	A	952.36	37	69	69	952.36	0	0	0
10475	A	A	924.696	37	69	69	924.696	0	0	0
10476	C	C	968.191	37	68	67	0	968.191	0	0
10477	A	A	919.337	37	67	67	919.337	0	0	0
10478	A	A	909.418	37	66	66	909.418	0	0	0
10479	C	C	953.455	37	66	66	0	953.455	0	0
10480	C	C	923.875	37	65	64	0	923.875	0	0
10481	G	G	926.925	37	64	64	0	0	926.925	0
10482	C	C	901.305	37	65	63	0	901.305	0	0
10483	T	T	911.767	37	65	65	0	0	0	911.767
10484	T	T	931.468	37	66	66	0	0	0	931.468
10485	T	T	922.351	37	65	65	0	0	0	922.351
10486	A	A	899.381	37	65	65	899.381	0	0	0
10487	A	A	899.156	37	66	66	899.156	0	0	0
10488	T	T	913.846	37	66	66	0	0	0	913.846
10489	T	T	880.907	37	63	63	0	0	0	880.907
10490	A	A	855.248	37	65	65	855.248	0	0	0
10491	A	A	834.231	37	64	64	834.231	0	0	0
10492	G	G	832.268	37	64	60	0	0	832.268	0
10493	C	C	862.454	37	63	61	0	862.454	0	0
10494	T	T	829.279	37	60	60	0	0	0	829.279
10495	A	A	797.628	37	57	57	797.628	0	0	0
10496	A	A	812.973	37	58	58	812.973	0	0	0
10497	G	G	822.176	37	57	57	0	0	822.176	0
10498	C	C	810.659	37	56	56	0	810.659	0	0
10499	C	C	834.986	37	58	58	0	834.986	0	0
10500	C	C	812.351	37	58	57	0	812.351	0	0
10501	T	T	808.586	37	57	57	0	0	0	808.586
10502	T	T	793.952	37	58	58	0	0	0	793.952
10503	C	C	765.774	37	57	54	0	765.774	0	0
10504	T	T	773.571	37	56	56	0	0	0	773.571
10505	A	A	750.905	37	55	55	750.905	0	0	0
10506	G	G	725.407	37	56	52	0	0	725.407	0
10507	A	A	753.143	37	57	57	753.143	0	0	0
10508	T	T	803.738	37	61	61	0	0	0	803.738
10509	C	C	782.437	37	57	55	0	782.437	0	0
10510	G	G	803.289	37	57	56	0	0	803.289	0
10511	G	G	818.202	37	58	57	0	0	818.202	0
10512	T	T	743.648	37	55	55	0	0	0	743.648
10513	G	G	759.491	37	55	53	0	0	759.491	0
10514	G	G	731.718	37	54	52	0	0	731.718	0
10515	G	G	729.31	37	53	51	0	0	729.31	0
10516	C	C	762.985	37	56	54	0	762.985	0	0
10517	T	T	780.566	37	57	57	0	0	0	780.566
10518	T	T	771.583	37	57	57	0	0	0	771.583
10519	T	T	757.659	37	57	57	0	0	0	757.659
10520	T	T	758.463	37	58	58	0	0	0	758.463
10521	G	G	821.549	37	57	57	0	0	821.549	0
10522	T	T	758.83	37	57	57	0	0	0	758.83
10523	C	C	746.472	37	57	54	0	746.472	0	0
10524	C	C	820.444	37	57	57	0	820.444	0	0
10525	C	C	774.007	37	62	57	0	774.007	0	0
10526	A	A	874.621	37	63	63	874.621	0	0	0
10527	C	C	867.316	37	64	61	0	867.316	0	0
10528	A	A	888.104	37	66	66	888.104	0	0	0
10529	A	A	851.014	37	64	64	851.014	0	0	0
10530	A	A	841.217	37	62	62	841.217	0	0	0
10531	A	A	837.709	37	62	62	837.709	0	0	0
10532	T	T	845.42	37	60	60	0	0	0	845.42
10533	T	T	850.125	37	60	60	0	0	0	850.125
10534	T	T	813.234	37	58	58	0	0	0	813.234
10535	T	T	808.029	37	57	57	0	0	0	808.029
10536	A	A	817.326	37	60	60	817.326	0	0	0
10537	G	G	856.306	37	62	60	0	0	856.306	0
10538	T	T	863.341	37	65	65	0	0	0	863.341
10539	T	T	838.045	37	63	63	0	0	0	838.045
10540	A	A	847.481	37	65	65	847.481	0	0	0
10541	A	A	845.95	37	63	63	845.95	0	0	0
10542	C	C	875.085	37	62	61	0	875.085	0	0
10543	A	A	831.275	37	61	60	831.275	0	0	0
10544	G	G	837.418	37	58	58	0	0	837.418	0
10545	C	C	806.798	37	57	56	0	806.798	0	0
10546	T	T	802.216	37	56	56	0	0	0	802.216
10547	A	A	813.827	37	58	58	813.827	0	0	0
10548	A	A	832.29	37	60	60	832.29	0	0	0
10549	A	A	807.36	37	59	59	807.36	0	0	0
10550	A	A	800.335	37	59	59	800.335	0	0	0
10551	A	A	785.448	37	59	59	785.448	0	0	0
10552	C	C	848.012	37	60	59	0	848.012	0	0
10553	C	C	852.774	37	59	59	0	852.774	0	0
10554	C	C	808.382	37	56	56	0	808.382	0	0
10555	C	C	760.546	37	56	54	0	760.546	0	0
10556	A	A	735.558	37	54	54	735.558	0	0	0
10557	A	A	739.259	37	55	55	739.259	0	0	0
10558	A	A	760.68	37	57	57	760.68	0	0	0
10559	C	C	763.017	37	54	53	0	763.017	0	0
10560	A	A	718.336	35.9091	52	52	718.336	0	0	0
10561	A	A	684.117	35.8902	51	51	684.117	0	0	0
10562	C	C	714.458	35.8707	50	50	0	714.458	0	0
10563	T	T	731.067	35.0379	52	52	0	0	0	731.067
10564	G	G	707.354	35.0071	51	50	0	0	707.354	0
10565	G	G	761.982	35.0968	54	53	0	0	761.982	0
10566	C	C	674.487	35.0071	51	48	0	674.487	0	0
10567	T	T	692.815	35.0678	53	53	0	0	0	692.815
10568	T	T	711.205	35.1249	55	55	0	0	0	711.205
10569	C	C	725.355	35.1522	56	52	0	725.355	0	0
10570	A	A	770.977	35.1522	56	56	770.977	0	0	0
10571	A	A	774.383	35.2044	58	58	774.383	0	0	0
10572	T	T	765.107	35.1522	56	56	0	0	0	765.107
10573	C	C	794.694	34.4582	56	55	0	794.694	0	0
10574	T	T	779.523	34.4234	55	55	0	0	0	779.523
10575	A	A	741.234	34.4234	55	55	741.234	0	0	0
10576	C	C	680.54	34.3127	52	49	0	680.54	0	0
10577	T	T	754.13	34.4582	56	56	0	0	0	754.13
10578	T	T	733.454	34.4234	55	55	0	0	0	733.454
10579	C	C	751.339	33.9378	58	54	0	751.339	0	0
10580	T	T	776.407	34.0116	60	60	0	0	0	776.407
10581	C	C	835.13	34.0472	61	59	0	835.13	0	0
10582	C	C	858.421	34.0819	62	60	0	858.421	0	0
10583	C	C	877.614	34.0472	61	61	0	877.614	0	0
10584	G	G	848.605	34.0116	60	59	0	0	848.605	0
10585	C	C	814.48	33.462	59	57	0	814.48	0	0
10586	C	C	812.582	33.4205	58	57	0	812.582	0	0
10587	G	G	809.09	33.3779	57	56	0	0	809.09	0
10588	C	C	794.583	33.2895	55	55	0	794.583	0	0
10589	G	G	793.594	33.2895	55	55	0	0	793.594	0
10590	T	T	784.849	33.2895	55	55	0	0	0	784.849
10591	G	G	779.723	33.2435	54	54	0	0	779.723	0
10592	G	G	821.819	33.3779	57	57	0	0	821.819	0
10593	A	A	841.634	33.5421	61	61	841.634	0	0	0
10594	A	A	840.779	33.5421	61	61	840.779	0	0	0
10595	A	A	829.47	33.5025	60	60	829.47	0	0	0
10596	A	A	826.838	33.5421	61	61	826.838	0	0	0
10597	A	A	831.366	33.5807	62	62	831.366	0	0	0
10598	A	A	798.101	33.5025	60	60	798.101	0	0	0
10599	A	A	802.437	33.5421	61	60	802.437	0	0	0
10600	A	A	787.785	33.5025	60	60	787.785	0	0	0
10601	G	G	776.383	33.9752	59	55	0	0	776.383	0
10602	G	G	747.1	33.9378	58	54	0	0	747.1	0
10603	C	C	776.378	35.1249	55	54	0	776.378	0	0
10604	G	G	741.248	35.2044	58	54	0	0	741.248	0
10605	G	G	759.907	35.1249	55	53	0	0	759.907	0
10606	G	G	805.078	35.1522	56	56	0	0	805.078	0
10607	A	A	747.516	35.1249	55	55	747.516	0	0	0
10608	G	G	768.873	35.1522	56	54	0	0	768.873	0
10609	A	A	788.645	35.2044	58	58	788.645	0	0	0
10610	A	A	793.073	35.2044	58	58	793.073	0	0	0
10611	G	G	791.255	35.2294	59	56	0	0	791.255	0
10612	C	C	815.158	36.01	58	57	0	815.158	0	0
10613	C	C	831.86	36.01	58	58	0	831.86	0	0
10614	C	C	870.671	35.3003	62	61	0	870.671	0	0
10615	C	C	835.733	35.3003	62	59	0	835.733	0	0
10616	G	G	922.324	35.3445	64	64	0	0	922.324	0
10617	G	G	924.141	35.3445	64	64	0	0	924.141	0
10618	C	C	852.282	35.3657	65	61	0	852.282	0	0
10619	A	A	892.546	35.3445	64	64	892.546	0	0	0
10620	G	G	867.513	35.3445	64	61	0	0	867.513	0
10621	A	A	870.246	35.3227	63	63	870.246	0	0	0
10622	A	A	875.389	35.3227	63	63	875.389	0	0	0
10623	T	T	878.508	35.3003	62	62	0	0	0	878.508
10624	T	T	895.147	35.3657	65	65	0	0	0	895.147
10625	G	G	922.215	36.1064	65	64	0	0	922.215	0
10626	A	A	911.168	36.1187	66	66	911.168	0	0	0
10627	A	A	909.055	36.1422	68	68	909.055	0	0	0
10628	T	T	928.738	36.1535	69	69	0	0	0	928.738
10629	C	C	958.779	36.1535	69	67	0	958.779	0	0
10630	T	T	901.976	36.1064	65	65	0	0	0	901.976
10631	G	G	894.347	36.1064	65	63	0	0	894.347	0
10632	C	C	882.019	36.0538	61	61	0	882.019	0	0
10633	T	T	868.681	36.0538	61	61	0	0	0	868.681
10634	T	T	896.18	36.0938	64	64	0	0	0	896.18
10635	C	C	882.453	36.1064	65	62	0	882.453	0	0
10636	T	T	916.928	36.1306	67	67	0	0	0	916.928
10637	T	T	922.884	36.1306	67	67	0	0	0	922.884
10638	T	T	887.667	36.1064	65	65	0	0	0	887.667
10639	G	G	911.435	36.1187	66	64	0	0	911.435	0
10640	A	A	865.295	37	65	65	865.295	0	0	0
10641	A	A	884.973	37	65	65	884.973	0	0	0
10642	T	T	901.793	37	67	67	0	0	0	901.793
10643	T	T	881.082	37	66	66	0	0	0	881.082
10644	T	T	845.371	37	64	64	0	0	0	845.371
10645	G	G	931.459	37	67	65	0	0	931.459	0
10646	C	C	913.224	37	66	64	0	913.224	0	0
10647	A	A	903.507	37	66	66	903.507	0	0	0
10648	A	A	876.768	37	66	66	876.768	0	0	0
10649	T	T	897.123	37	64	64	0	0	0	897.123
10650	T	T	919.097	37	64	64	0	0	0	919.097
10651	C	C	892.496	37	64	62	0	892.496	0	0
10652	A	A	827.899	37	62	62	827.899	0	0	0
10653	A	A	854.252	37	63	63	854.252	0	0	0
10654	T	T	849.901	37	64	64	0	0	0	849.901
10655	A	A	847.862	37	63	63	847.862	0	0	0
10656	T	T	834.823	37	64	64	0	0	0	834.823
10657	G	G	930.833	37	67	65	0	0	930.833	0
10658	A	A	901.502	37	66	66	901.502	0	0	0
10659	T	T	860.477	37	65	65	0	0	0	860.477
10660	T	T	856.437	37	64	64	0	0	0	856.437
10661	A	A	944.19	37	66	66	944.19	0	0	0
10662	T	T	914.244	37	68	68	0	0	0	914.244
10663	T	T	920.083	37	68	68	0	0	0	920.083
10664	C	C	958.239	37	69	67	0	958.239	0	0
10665	A	A	943.608	37	69	69	943.608	0	0	0
10666	C	C	994.755	37	70	69	0	994.755	0	0
10667	C	C	982.027	37	72	69	0	982.027	0	0
10668	A	A	1008.24	37	74	74	1008.24	0	0	0
10669	C	C	1044.95	37	75	73	0	1044.95	0	0
10670	A	A	976.508	37	73	73	976.508	0	0	0
10671	G	G	1002.84	37	72	70	0	0	1002.84	0
10672	A	A	939.115	37	70	70	939.115	0	0	0
10673	G	G	977.129	37	70	68	0	0	977.129	0
10674	C	C	944.607	37	69	66	0	944.607	0	0
10675	T	T	974.973	37	73	73	0	0	0	974.973
10676	T	T	957.076	37	72	72	0	0	0	957.076
10677	G	G	1013.58	37	71	70	0	0	1013.58	0
10678	G	G	1086.12	37	75	75	0	0	1086.12	0
10679	C	C	1035.27	37	77	73	0	1035.27	0	0
10680	A	A	1086.73	37	77	77	1086.73	0	0	0
10681	A	A	1107.45	37	80	80	1107.45	0	0	0
10682	A	A	1108.54	37	81	81	1108.54	0	0	0
10683	A	A	1088.59	37	80	80	1088.59	0	0	0
10684	A	A	1113.99	37	82	82	1113.99	0	0	0
10685	G	G	1195.08	37	84	83	0	0	1195.08	0
10686	A	A	1131.04	37	82	82	1131.04	0	0	0
10687	G	G	1087.2	37	82	77	0	0	1087.2	0
10688	G	G	1183.5	37	83	82	0	0	1183.5	0
10689	A	A	1188.67	37	85	85	1188.67	0	0	0
10690	C	C	1166.1	37	84	82	0	1166.1	0	0
10691	T	T	1148.3	37	84	84	0	0	0	1148.3
10692	T	T	1134.94	37	83	83	0	0	0	1134.94
10693	G	G	1155.39	37	85	82	0	0	1155.39	0
10694	C	C	1268.84	37	88	88	0	1268.84	0	0
10695	C	C	1220.04	37	87	85	0	1220.04	0	0
10696	T	T	1178.65	37	87	87	0	0	0	1178.65
10697	C	C	1254.86	37	87	87	0	1254.86	0	0
10698	T	T	1199.48	37	87	87	0	0	0	1199.48
10699	A	A	1184.92	37	84	84	1184.92	0	0	0
10700	T	T	1188.66	37	86	86	0	0	0	1188.66
10701	T	T	1232.96	37	90	90	0	0	0	1232.96
10702	C	C	1190.03	37	89	84	0	1190.03	0	0
10703	T	T	1212.24	37	88	88	0	0	0	1212.24
10704	T	T	1226.98	37	90	90	0	0	0	1226.98
10705	A	A	1251.39	37	88	88	1251.39	0	0	0
10706	G	G	1260.41	37	87	87	0	0	1260.41	0
10707	A	A	1192.49	37	87	87	1192.49	0	0	0
10708	T	T	1231.15	37	86	86	0	0	0	1231.15
10709	T	T	1250.58	37	87	87	0	0	0	1250.58
10710	T	T	1242.7	37	87	87	0	0	0	1242.7
10711	A	A	1145.91	37	87	87	1145.91	0	0	0
10712	C	C	1180.9	37	84	82	0	1180.9	0	0
10713	A	A	1074.16	37	82	82	1074.16	0	0	0
10714	G	G	1134.83	37	83	80	0	0	1134.83	0
10715	T	T	1149.61	37	82	82	0	0	0	1149.61
10716	C	C	1100.92	36.2342	77	76	0	1100.92	0	0
10717	T	T	1012.16	36.1752	71	71	0	0	0	1012.16
10718	A	A	935.543	36.1752	71	71	935.543	0	0	0
10719	G	G	1035.42	36.1959	73	72	0	0	1035.42	0
10720	C	C	968.598	36.2058	74	69	0	968.598	0	0
10721	G	G	1028.3	36.2249	76	73	0	0	1028.3	0
10722	C	C	1072.03	36.2342	77	75	0	1072.03	0	0
10723	T	T	966.81	36.1959	73	73	0	0	0	966.81
10724	T	T	986.937	36.1959	73	73	0	0	0	986.937
10725	T	T	1001.77	36.1959	73	73	0	0	0	1001.77
10726	T	T	1025.55	36.2058	74	74	0	0	0	1025.55
10727	A	A	934.057	36.2058	74	74	934.057	0	0	0
10728	T	T	992.99	36.1645	70	70	0	0	0	992.99
10729	C	C	969.335	36.1422	68	67	0	969.335	0	0
10730	A	A	836.685	36.1064	65	65	836.685	0	0	0
10731	G	G	870.083	35.3003	62	61	0	0	870.083	0
10732	C	C	841.546	35.3003	62	59	0	841.546	0	0
10733	C	C	832.646	35.3227	63	60	0	832.646	0	0
10734	A	A	869.714	35.3445	64	64	869.714	0	0	0
10735	T	T	843.268	35.3657	65	65	0	0	0	843.268
10736	T	T	840.055	35.3864	66	66	0	0	0	840.055
10737	T	T	869.35	35.3864	66	66	0	0	0	869.35
10738	T	T	846.554	35.3445	64	64	0	0	0	846.554
10739	A	A	867.431	35.3445	64	64	867.431	0	0	0
10740	C	C	924.765	35.3445	64	64	0	924.765	0	0
10741	C	C	908.61	34.7056	64	63	0	908.61	0	0
10742	T	T	886.86	34.6774	63	63	0	0	0	886.86
10743	A	A	802.222	34.5572	59	59	802.222	0	0	0
10744	T	T	825.779	34.5572	59	59	0	0	0	825.779
10745	G	G	798.081	34.4921	57	56	0	0	798.081	0
10746	T	T	803.368	34.5251	58	58	0	0	0	803.368
10747	T	T	819.068	34.5572	59	59	0	0	0	819.068
10748	C	C	807.784	34.4921	57	56	0	807.784	0	0
10749	A	A	793.691	34.4921	57	57	793.691	0	0	0
10750	T	T	802.43	34.4921	57	57	0	0	0	802.43
10751	A	A	781.076	34.4921	57	57	781.076	0	0	0
10752	A	A	784.995	34.5251	58	58	784.995	0	0	0
10753	A	A	813.061	34.5884	60	60	813.061	0	0	0
10754	C	C	825.521	34.5884	60	58	0	825.521	0	0
10755	C	C	824.972	34.5884	60	58	0	824.972	0	0
10756	G	G	797.003	34.5572	59	56	0	0	797.003	0
10757	G	G	781.221	36.0251	59	56	0	0	781.221	0
10758	T	T	802.4	37	59	59	0	0	0	802.4
10759	G	G	854.673	37	59	59	0	0	854.673	0
10760	A	A	838.625	37	59	59	838.625	0	0	0
10761	T	T	814.913	37	60	60	0	0	0	814.913
10762	T	T	850.115	37	61	61	0	0	0	850.115
10763	A	A	856.978	37	63	63	856.978	0	0	0
10764	T	T	868.286	37	63	63	0	0	0	868.286
10765	T	T	866.805	37	64	64	0	0	0	866.805
10766	C	C	871.436	37	63	61	0	871.436	0	0
10767	T	T	821.95	37	60	60	0	0	0	821.95
10768	C	C	820.339	37	60	58	0	820.339	0	0
10769	T	T	839.795	37	61	61	0	0	0	839.795
10770	A	A	830.346	37	61	61	830.346	0	0	0
10771	C	C	798.578	37	60	57	0	798.578	0	0
10772	G	G	846.572	37	63	60	0	0	846.572	0
10773	A	A	844.715	37	64	64	844.715	0	0	0
10774	A	A	851.94	37	64	64	851.94	0	0	0
10775	C	C	771.658	37	63	57	0	771.658	0	0
10776	C	C	860.585	37	61	60	0	860.585	0	0
10777	A	A	800.415	37	58	58	800.415	0	0	0
10778	T	T	808.031	37	58	58	0	0	0	808.031
10779	A	A	787.155	37	57	57	787.155	0	0	0
10780	A	A	770.594	37	56	56	770.594	0	0	0
10781	A	A	776.982	35.945	54	54	776.982	0	0	0
10782	G	G	783.079	35.945	54	54	0	0	783.079	0
10783	A	A	808.59	35.9785	56	56	808.59	0	0	0
10784	C	C	821.515	36.01	58	57	0	821.515	0	0
10785	A	A	823.864	36.01	58	58	823.864	0	0	0
10786	T	T	809.154	36.01	58	58	0	0	0	809.154
10787	T	T	831.787	36.0538	61	61	0	0	0	831.787
10788	G	G	865.629	36.0397	60	60	0	0	865.629	0
10789	G	G	793.218	36.0251	59	56	0	0	793.218	0
10790	C	C	805.877	34.6774	63	58	0	805.877	0	0
10791	A	A	865.002	34.0819	62	62	865.002	0	0	0
10792	C	C	844.161	34.0472	61	59	0	844.161	0	0
10793	C	C	880.833	34.0819	62	61	0	880.833	0	0
10794	C	C	852.892	34.0819	62	60	0	852.892	0	0
10795	T	T	866.921	34.1157	63	63	0	0	0	866.921
10796	T	T	864.626	34.0819	62	62	0	0	0	864.626
10797	T	T	813.603	33.9752	59	59	0	0	0	813.603
10798	A	A	814.141	33.9752	59	59	814.141	0	0	0
10799	T	T	852.958	34.0819	62	62	0	0	0	852.958
10800	C	C	896.741	34.2126	66	63	0	896.741	0	0
10801	T	T	866.531	34.1811	65	65	0	0	0	866.531
10802	T	T	836.275	34.0819	62	62	0	0	0	836.275
10803	C	C	893.594	34.1157	63	62	0	893.594	0	0
10804	T	T	855.191	34.0819	62	62	0	0	0	855.191
10805	G	G	864.824	34.0472	61	60	0	0	864.824	0
10806	T	T	857.874	34.0116	60	60	0	0	0	857.874
10807	T	T	849.544	34.0472	61	61	0	0	0	849.544
10808	C	C	854.309	34.1157	63	60	0	854.309	0	0
10809	G	G	847.995	34.0819	62	60	0	0	847.995	0
10810	G	G	888.279	33.6553	64	62	0	0	888.279	0
10811	T	T	869.76	33.761	67	67	0	0	0	869.76
10812	G	G	916.52	33.7266	66	64	0	0	916.52	0
10813	C	C	861.898	33.761	67	62	0	861.898	0	0
10814	A	A	975.553	33.8277	69	69	975.553	0	0	0
10815	T	T	901.75	33.86	70	70	0	0	0	901.75
10816	G	G	997.367	33.86	70	69	0	0	997.367	0
10817	A	A	986.87	33.8916	71	71	986.87	0	0	0
10818	G	G	993.06	33.86	70	69	0	0	993.06	0
10819	C	C	980.877	33.8277	69	68	0	980.877	0	0
10820	C	C	967.362	33.86	70	68	0	967.362	0	0
10821	G	G	949.954	33.8916	71	67	0	0	949.954	0
10822	G	G	952.919	33.86	70	67	0	0	952.919	0
10823	A	A	949.072	33.8916	71	71	949.072	0	0	0
10824	A	A	969.083	34.3875	72	72	969.083	0	0	0
10825	T	T	974.913	34.3875	72	72	0	0	0	974.913
10826	A	A	957.595	34.3875	72	72	957.595	0	0	0
10827	G	G	1048.84	34.4409	74	73	0	0	1048.84	0
10828	T	T	950.344	34.3599	71	71	0	0	0	950.344
10829	G	G	955.703	34.3875	72	68	0	0	955.703	0
10830	G	G	976.652	34.3318	70	68	0	0	976.652	0
10831	G	G	975.907	34.8367	69	68	0	0	975.907	0
10832	C	C	1012.55	34.8612	70	70	0	1012.55	0	0
10833	A	A	955.508	34.8612	70	70	955.508	0	0	0
10834	C	C	1025.18	34.885	71	71	0	1025.18	0	0
10835	T	T	945.545	35.4066	67	67	0	0	0	945.545
10836	G	G	933.28	35.4066	67	65	0	0	933.28	0
10837	C	C	978.907	35.4454	69	68	0	978.907	0	0
10838	C	C	956.695	35.4262	68	67	0	956.695	0	0
10839	C	C	1007.04	35.4824	71	70	0	1007.04	0	0
10840	T	T	966.123	36.1645	70	70	0	0	0	966.123
10841	C	C	972.857	36.1752	71	68	0	972.857	0	0
10842	A	A	913.383	36.1535	69	69	913.383	0	0	0
10843	G	G	950.23	36.1645	70	67	0	0	950.23	0
10844	C	C	976.592	36.1535	69	68	0	976.592	0	0
10845	C	C	950.083	36.1645	70	67	0	950.083	0	0
10846	T	T	965.442	36.1857	72	72	0	0	0	965.442
10847	T	T	904.931	36.1422	68	68	0	0	0	904.931
10848	T	T	910.36	36.1306	67	67	0	0	0	910.36
10849	T	T	938.963	36.1422	68	68	0	0	0	938.963
10850	A	A	925.12	36.1306	67	67	925.12	0	0	0
10851	A	A	935.067	36.1306	67	67	935.067	0	0	0
10852	T	T	943.046	36.1306	67	67	0	0	0	943.046
10853	T	T	911.952	36.1187	66	66	0	0	0	911.952
10854	C	C	966.627	36.1306	67	67	0	966.627	0	0
10855	G	G	971.389	36.1422	68	67	0	0	971.389	0
10856	T	T	944.158	37	68	68	0	0	0	944.158
10857	G	G	960.171	37	69	67	0	0	960.171	0
10858	C	C	989.447	37	71	69	0	989.447	0	0
10859	C	C	983.384	37	71	69	0	983.384	0	0
10860	G	G	950.149	37	72	68	0	0	950.149	0
10861	A	A	974.596	37	72	72	974.596	0	0	0
10862	G	G	961.272	37	69	67	0	0	961.272	0
10863	C	C	1009.41	37	71	70	0	1009.41	0	0
10864	T	T	966.342	37	72	72	0	0	0	966.342
10865	G	G	1053.02	37	73	73	0	0	1053.02	0
10866	G	G	1019.33	37	73	71	0	0	1019.33	0
10867	G	G	996.365	37	75	71	0	0	996.365	0
10868	T	T	988.803	37	73	73	0	0	0	988.803
10869	C	C	1055.11	37	73	73	0	1055.11	0	0
10870	A	A	949.767	37	72	72	949.767	0	0	0
10871	G	G	989.786	37	70	69	0	0	989.786	0
10872	C	C	970.251	37	67	67	0	970.251	0	0
10873	C	C	912.623	37	63	63	0	912.623	0	0
10874	C	C	889.482	37	64	62	0	889.482	0	0
10875	G	G	950.45	37	67	66	0	0	950.45	0
10876	G	G	979.493	37	68	68	0	0	979.493	0
10877	G	G	1004.23	37	71	70	0	0	1004.23	0
10878	G	G	965.831	37	67	67	0	0	965.831	0
10879	C	C	920.858	37	65	64	0	920.858	0	0
10880	T	T	886.145	37	65	65	0	0	0	886.145
10881	C	C	950.858	37	66	66	0	950.858	0	0
10882	T	T	924.692	37	67	67	0	0	0	924.692
10883	G	G	997.345	37	70	69	0	0	997.345	0
10884	T	T	965.729	37	73	73	0	0	0	965.729
10885	T	T	991.904	37	74	74	0	0	0	991.904
10886	G	G	963.534	37	72	68	0	0	963.534	0
10887	G	G	1019.11	37	73	71	0	0	1019.11	0
10888	G	G	1075.79	37	77	75	0	0	1075.79	0
10889	G	G	1070.14	37	76	75	0	0	1070.14	0
10890	G	G	1063.94	37	77	75	0	0	1063.94	0
10891	A	A	1053.55	37	76	76	1053.55	0	0	0
10892	T	T	1011.89	37	75	75	0	0	0	1011.89
10893	G	G	1108.84	37	78	77	0	0	1108.84	0
10894	A	A	1075.29	37	79	79	1075.29	0	0	0
10895	T	T	1072.37	37	79	79	0	0	0	1072.37
10896	C	C	1102.24	37	79	77	0	1102.24	0	0
10897	A	A	1050.28	37	78	78	1050.28	0	0	0
10898	G	G	1020.78	37	75	72	0	0	1020.78	0
10899	A	A	1014.07	37	73	73	1014.07	0	0	0
10900	T	T	1022.93	37	73	73	0	0	0	1022.93
10901	C	C	1067.02	37	75	74	0	1067.02	0	0
10902	T	T	1041.5	37	76	76	0	0	0	1041.5
10903	A	A	1032.07	37	76	76	1032.07	0	0	0
10904	C	C	1016.31	37	74	72	0	1016.31	0	0
10905	A	A	972.001	37	70	70	972.001	0	0	0
10906	A	A	997.488	37	71	71	997.488	0	0	0
10907	T	T	1014.71	37	72	72	0	0	0	1014.71
10908	G	G	995.986	37	72	70	0	0	995.986	0
10909	T	T	983.094	37	70	70	0	0	0	983.094
10910	A	A	956.811	37	70	70	956.811	0	0	0
10911	G	G	909.824	37	69	65	0	0	909.824	0
10912	T	T	976.116	37	70	70	0	0	0	976.116
10913	C	C	981.263	37	69	68	0	981.263	0	0
10914	G	G	948.258	37	67	66	0	0	948.258	0
10915	T	T	961.7	37	72	72	0	0	0	961.7
10916	A	A	940.364	37	69	69	940.364	0	0	0
10917	A	A	956.036	37	69	69	956.036	0	0	0
10918	C	C	928.817	37	69	66	0	928.817	0	0
10919	T	T	913.561	37	68	68	0	0	0	913.561
10920	G	G	871.216	37	67	63	0	0	871.216	0
10921	C	C	967.503	37	67	67	0	967.503	0	0
10922	C	C	934.066	37	69	66	0	934.066	0	0
10923	C	C	988.549	37	73	70	0	988.549	0	0
10924	A	A	948.864	37	72	72	948.864	0	0	0
10925	T	T	923.223	37	68	68	0	0	0	923.223
10926	G	G	965.66	37	68	67	0	0	965.66	0
10927	C	C	921.893	37	69	65	0	921.893	0	0
10928	A	A	906.411	37	66	66	906.411	0	0	0
10929	T	T	919.68	37	67	67	0	0	0	919.68
10930	T	T	909.176	37	68	68	0	0	0	909.176
10931	C	C	945.088	37	71	67	0	945.088	0	0
10932	G	G	979.602	37	69	68	0	0	979.602	0
10933	T	T	935.22	37	70	70	0	0	0	935.22
10934	G	G	928.9	37	70	66	0	0	928.9	0
10935	A	A	907.701	37	68	68	907.701	0	0	0
10936	T	T	944.468	37	68	68	0	0	0	944.468
10937	A	A	909.897	37	68	68	909.897	0	0	0
10938	A	A	916.914	37	69	69	916.914	0	0	0
10939	T	T	891.019	37	65	65	0	0	0	891.019
10940	C	C	905.733	37	64	63	0	905.733	0	0
10941	T	T	878.575	37	64	64	0	0	0	878.575
10942	T	T	891.143	37	65	65	0	0	0	891.143
10943	C	C	902.019	37	67	64	0	902.019	0	0
10944	T	T	912.542	37	67	67	0	0	0	912.542
10945	T	T	903.554	37	67	67	0	0	0	903.554
10946	C	C	921.391	35.4641	70	66	0	921.391	0	0
10947	A	A	987.722	35.4824	71	71	987.722	0	0	0
10948	T	T	948.775	35.4824	71	71	0	0	0	948.775
10949	A	A	971.114	35.4824	71	71	971.114	0	0	0
10950	G	G	957.096	35.4454	69	67	0	0	957.096	0
10951	T	T	974.756	35.4454	69	69	0	0	0	974.756
10952	T	T	982.865	35.4824	71	71	0	0	0	982.865
10953	A	A	956.962	35.4454	69	69	956.962	0	0	0
10954	T	T	957.045	35.4454	69	69	0	0	0	957.045
10955	G	G	996.415	35.4454	69	69	0	0	996.415	0
10956	C	C	945.825	35.4262	68	66	0	945.825	0	0
10957	C	C	1001.54	35.5002	72	70	0	1001.54	0	0
10958	T	T	972.514	35.4824	71	71	0	0	0	972.514
10959	A	A	962.197	35.5176	73	73	962.197	0	0	0
10960	T	T	987.684	35.5002	72	72	0	0	0	987.684
10961	T	T	997.508	35.5346	74	74	0	0	0	997.508
10962	A	A	963.079	35.4824	71	71	963.079	0	0	0
10963	T	T	924.331	35.4066	67	67	0	0	0	924.331
10964	A	A	892.448	35.3657	65	65	892.448	0	0	0
10965	A	A	924.966	35.4066	67	67	924.966	0	0	0
10966	T	T	945.47	35.4454	69	69	0	0	0	945.47
10967	T	T	957.592	35.4454	69	69	0	0	0	957.592
10968	G	G	903.89	35.4066	67	64	0	0	903.89	0
10969	G	G	931.94	35.4262	68	66	0	0	931.94	0
10970	G	G	891.268	35.4066	67	63	0	0	891.268	0
10971	G	G	841.517	36.0809	63	60	0	0	841.517	0
10972	G	G	860.527	36.0675	62	60	0	0	860.527	0
10973	A	A	896.19	37	63	63	896.19	0	0	0
10974	T	T	875.559	37	64	64	0	0	0	875.559
10975	T	T	886.333	37	66	66	0	0	0	886.333
10976	C	C	961.446	37	68	67	0	961.446	0	0
10977	G	G	960.319	37	69	67	0	0	960.319	0
10978	G	G	937.693	37	69	66	0	0	937.693	0
10979	G	G	976.718	37	72	69	0	0	976.718	0
10980	A	A	948.904	37	70	70	948.904	0	0	0
10981	A	A	936.661	37	69	69	936.661	0	0	0
10982	C	C	932.077	37	72	68	0	932.077	0	0
10983	T	T	954.826	37	71	71	0	0	0	954.826
10984	G	G	979.842	37	68	68	0	0	979.842	0
10985	A	A	918.447	37	68	68	918.447	0	0	0
10986	T	T	919.033	37	66	66	0	0	0	919.033
10987	T	T	921.371	36.1187	66	66	0	0	0	921.371
10988	A	A	905.721	36.1306	67	67	905.721	0	0	0
10989	G	G	918.51	36.1187	66	64	0	0	918.51	0
10990	T	T	899.658	36.1064	65	65	0	0	0	899.658
10991	G	G	836.569	36.0809	63	59	0	0	836.569	0
10992	C	C	879.297	36.0675	62	61	0	879.297	0	0
10993	C	C	877.524	36.0538	61	61	0	877.524	0	0
10994	T	T	867.177	36.0809	63	63	0	0	0	867.177
10995	T	T	873.742	36.0938	64	64	0	0	0	873.742
10996	T	T	842.435	36.0538	61	61	0	0	0	842.435
10997	G	G	878.938	36.0538	61	61	0	0	878.938	0
10998	A	A	878.592	36.1064	65	65	878.592	0	0	0
10999	T	T	865.879	36.0938	64	64	0	0	0	865.879
11000	G	G	872.568	36.0809	63	61	0	0	872.568	0
11001	A	A	929.944	36.1306	67	67	929.944	0	0	0
11002	T	T	870.405	36.1187	66	66	0	0	0	870.405
11003	C	C	917.427	36.1187	66	64	0	917.427	0	0
11004	G	G	936.738	36.1187	66	65	0	0	936.738	0
11005	G	G	965.671	37	68	67	0	0	965.671	0
11006	T	T	932.755	37	68	68	0	0	0	932.755
11007	G	G	955.106	37	66	66	0	0	955.106	0
11008	C	C	951.753	37	66	66	0	951.753	0	0
11009	C	C	938.672	36.1187	66	65	0	938.672	0	0
11010	C	C	921.587	36.1422	68	65	0	921.587	0	0
11011	C	C	918.758	36.1187	66	64	0	918.758	0	0
11012	C	C	967.042	36.1306	67	67	0	967.042	0	0
11013	G	G	937.503	36.1064	65	65	0	0	937.503	0
11014	A	A	854.993	36.0938	64	64	854.993	0	0	0
11015	C	C	893.007	36.0809	63	62	0	893.007	0	0
11016	A	A	863.644	36.0938	64	64	863.644	0	0	0
11017	T	T	918.605	36.1187	66	66	0	0	0	918.605
11018	A	A	874.017	36.1187	66	66	874.017	0	0	0
11019	G	G	843.339	36.0538	61	59	0	0	843.339	0
11020	C	C	878.223	36.0538	61	61	0	878.223	0	0
11021	G	G	857.719	36.0675	62	60	0	0	857.719	0
11022	T	T	847.059	36.0675	62	62	0	0	0	847.059
11023	T	T	863.966	35.3445	64	64	0	0	0	863.966
11024	C	C	872.072	35.3227	63	61	0	872.072	0	0
11025	C	C	875.23	35.3003	62	61	0	875.23	0	0
11026	C	C	837.077	35.3003	62	59	0	837.077	0	0
11027	T	T	832.819	35.3003	62	62	0	0	0	832.819
11028	C	C	863.477	36.0538	61	60	0	863.477	0	0
11029	G	G	897.872	36.1187	66	63	0	0	897.872	0
11030	A	A	915.732	36.1306	67	67	915.732	0	0	0
11031	A	A	914.956	36.1422	68	68	914.956	0	0	0
11032	T	T	877.998	36.1064	65	65	0	0	0	877.998
11033	A	A	876.32	36.1064	65	65	876.32	0	0	0
11034	A	A	858.117	36.0938	64	64	858.117	0	0	0
11035	A	A	855.251	36.0809	63	63	855.251	0	0	0
11036	T	T	894.309	35.3657	65	65	0	0	0	894.309
11037	A	A	853.268	35.3227	63	63	853.268	0	0	0
11038	A	A	848.476	35.3227	63	63	848.476	0	0	0
11039	C	C	868.446	35.3445	64	61	0	868.446	0	0
11040	A	A	866.703	35.3445	64	64	866.703	0	0	0
11041	T	T	861.732	35.3227	63	63	0	0	0	861.732
11042	A	A	829.146	35.3003	62	62	829.146	0	0	0
11043	A	A	818.004	35.2537	60	60	818.004	0	0	0
11044	G	G	850.288	35.2537	60	59	0	0	850.288	0
11045	C	C	864.912	35.2773	61	60	0	864.912	0	0
11046	T	T	833.711	35.2537	60	60	0	0	0	833.711
11047	T	T	813.3	35.2294	59	59	0	0	0	813.3
11048	C	C	780.175	34.5884	60	56	0	780.175	0	0
11049	T	T	841.195	34.6188	61	61	0	0	0	841.195
11050	G	G	840.744	35.2773	61	59	0	0	840.744	0
11051	G	G	822.402	35.2537	60	58	0	0	822.402	0
11052	T	T	806.81	35.2294	59	59	0	0	0	806.81
11053	T	T	803.686	35.2294	59	59	0	0	0	803.686
11054	G	G	692.838	35.1787	57	51	0	0	692.838	0
11055	C	C	794.724	35.1249	55	55	0	794.724	0	0
11056	T	T	734.057	35.9091	52	52	0	0	0	734.057
11057	G	G	705.528	35.9091	52	50	0	0	705.528	0
11058	C	C	712.644	35.0678	53	50	0	712.644	0	0
11059	C	C	703.789	35.0379	52	50	0	703.789	0	0
11060	A	A	734.711	35.0678	53	53	734.711	0	0	0
11061	C	C	733.977	35.1249	55	52	0	733.977	0	0
11062	C	C	776.013	35.1249	55	54	0	776.013	0	0
11063	A	A	768.933	35.1249	55	55	768.933	0	0	0
11064	T	T	746.485	35.1249	55	55	0	0	0	746.485
11065	C	C	761.788	35.1787	57	54	0	761.788	0	0
11066	T	T	766.651	35.1787	57	57	0	0	0	766.651
11067	T	T	764.015	35.1522	56	56	0	0	0	764.015
11068	T	T	789.388	35.2044	58	58	0	0	0	789.388
11069	C	C	768.114	35.2044	58	55	0	768.114	0	0
11070	T	T	823.896	35.3003	62	62	0	0	0	823.896
11071	T	T	805.888	35.2773	61	61	0	0	0	805.888
11072	A	A	848.728	35.2537	60	60	848.728	0	0	0
11073	C	C	855.866	35.3003	62	60	0	855.866	0	0
11074	T	T	828.185	35.3445	64	64	0	0	0	828.185
11075	G	G	939.949	35.4262	68	66	0	0	939.949	0
11076	C	C	897.98	35.4454	69	64	0	897.98	0	0
11077	T	T	925.752	35.4824	71	71	0	0	0	925.752
11078	T	T	944.107	35.4824	71	71	0	0	0	944.107
11079	C	C	937.515	35.4454	69	66	0	937.515	0	0
11080	T	T	986.478	35.4824	71	71	0	0	0	986.478
11081	G	G	899.438	35.3864	66	63	0	0	899.438	0
11082	G	G	961.386	34.8118	68	67	0	0	961.386	0
11083	C	C	939.005	34.76	66	65	0	939.005	0	0
11084	C	C	910.639	34.7862	67	64	0	910.639	0	0
11085	T	T	925.008	34.8118	68	68	0	0	0	925.008
11086	C	C	860.283	34.3318	70	63	0	860.283	0	0
11087	C	C	959.608	34.303	69	67	0	959.608	0	0
11088	T	T	955.316	34.303	69	69	0	0	0	955.316
11089	C	C	1001.07	33.9528	73	70	0	1001.07	0	0
11090	T	T	967.493	33.9225	72	72	0	0	0	967.493
11091	A	A	1055.61	34.0116	75	75	1055.61	0	0	0
11092	T	T	1006.94	34.0116	75	75	0	0	0	1006.94
11093	G	G	1066.98	34.0955	78	75	0	0	1066.98	0
11094	G	G	1089.6	34.0955	78	76	0	0	1089.6	0
11095	T	T	1068.24	34.0955	78	78	0	0	0	1068.24
11096	A	A	1020.53	34.0681	77	77	1020.53	0	0	0
11097	G	G	1056.53	34.0681	77	74	0	0	1056.53	0
11098	A	A	977.024	33.9225	72	72	977.024	0	0	0
11099	A	A	957.751	33.8916	71	71	957.751	0	0	0
11100	G	G	881.389	33.9225	72	65	0	0	881.389	0
11101	C	C	948.689	33.7947	68	66	0	948.689	0	0
11102	A	A	955.812	33.86	70	70	955.812	0	0	0
11103	G	G	984.096	33.8916	71	69	0	0	984.096	0
11104	G	G	995.13	33.86	70	69	0	0	995.13	0
11105	T	T	934.764	34.303	69	69	0	0	0	934.764
11106	G	G	975.387	34.303	69	68	0	0	975.387	0
11107	C	C	949.473	34.303	69	67	0	949.473	0	0
11108	A	A	924.302	34.303	69	69	924.302	0	0	0
11109	G	G	929.702	34.2434	67	65	0	0	929.702	0
11110	G	G	908.683	34.2126	66	64	0	0	908.683	0
11111	G	G	937.407	35.3657	65	65	0	0	937.407	0
11112	A	A	864.887	35.3227	63	63	864.887	0	0	0
11113	C	C	923.309	35.3445	64	64	0	923.309	0	0
11114	T	T	871.314	35.3227	63	63	0	0	0	871.314
11115	G	G	855.223	35.3227	63	61	0	0	855.223	0
11116	G	G	895.351	35.4066	67	63	0	0	895.351	0
11117	A	A	910.765	36.1064	65	65	910.765	0	0	0
11118	T	T	893.266	36.1064	65	65	0	0	0	893.266
11119	G	G	879.105	36.0938	64	62	0	0	879.105	0
11120	A	A	903.672	36.1064	65	65	903.672	0	0	0
11121	A	A	915.102	36.1064	65	65	915.102	0	0	0
11122	C	C	937.854	36.1187	66	65	0	937.854	0	0
11123	T	T	910.544	36.1306	67	67	0	0	0	910.544
11124	G	G	914.084	36.1187	66	64	0	0	914.084	0
11125	T	T	923.822	36.1306	67	67	0	0	0	923.822
11126	C	C	963.459	36.1422	68	67	0	963.459	0	0
11127	T	T	933.171	36.1422	68	68	0	0	0	933.171
11128	A	A	894.987	37	66	66	894.987	0	0	0
11129	C	C	923.655	37	64	64	0	923.655	0	0
11130	C	C	923.541	37	64	64	0	923.541	0	0
11131	C	C	938.868	37	65	65	0	938.868	0	0
11132	T	T	870.577	36.0675	62	62	0	0	0	870.577
11133	C	C	879.808	36.0675	62	61	0	879.808	0	0
11134	C	C	883.016	36.0675	62	61	0	883.016	0	0
11135	T	T	856.999	36.0538	61	61	0	0	0	856.999
11136	C	C	843.893	36.0675	62	60	0	843.893	0	0
11137	T	T	847.609	36.0538	61	61	0	0	0	847.609
11138	A	A	827.167	36.0675	62	62	827.167	0	0	0
11139	G	G	890.865	36.0809	63	62	0	0	890.865	0
11140	C	C	885.698	36.0938	64	62	0	885.698	0	0
11141	G	G	896.992	36.1187	66	63	0	0	896.992	0
11142	G	G	928.151	36.1187	66	65	0	0	928.151	0
11143	G	G	907.244	36.0938	64	63	0	0	907.244	0
11144	T	T	864.056	36.0938	64	64	0	0	0	864.056
11145	A	A	833.45	36.0809	63	63	833.45	0	0	0
11146	A	A	851.182	36.0938	64	64	851.182	0	0	0
11147	T	T	848.472	36.0675	62	62	0	0	0	848.472
11148	C	C	826.37	36.1064	65	60	0	826.37	0	0
11149	T	T	839.736	36.0675	62	62	0	0	0	839.736
11150	G	G	833.876	36.0538	61	59	0	0	833.876	0
11151	G	G	850.316	36.0675	62	60	0	0	850.316	0
11152	C	C	901.309	36.0938	64	63	0	901.309	0	0
11153	C	C	888.844	36.0938	64	62	0	888.844	0	0
11154	C	C	879.057	36.0675	62	61	0	879.057	0	0
11155	A	A	865.317	36.0675	62	62	865.317	0	0	0
11156	T	T	868.117	36.0675	62	62	0	0	0	868.117
11157	G	G	817.162	36.0538	61	58	0	0	817.162	0
11158	C	C	819.867	36.0251	59	57	0	819.867	0	0
11159	A	A	824.939	36.0251	59	59	824.939	0	0	0
11160	G	G	827.281	36.0251	59	58	0	0	827.281	0
11161	G	G	817.776	36.0251	59	57	0	0	817.776	0
11162	A	A	840.527	36.0538	61	61	840.527	0	0	0
11163	G	G	814.754	36.0538	61	58	0	0	814.754	0
11164	C	C	815.355	36.0251	59	57	0	815.355	0	0
11165	A	A	822.311	36.0538	61	61	822.311	0	0	0
11166	T	T	851.035	36.0938	64	64	0	0	0	851.035
11167	C	C	897.239	36.1064	65	63	0	897.239	0	0
11168	A	A	853.612	36.0938	64	64	853.612	0	0	0
11169	G	G	844.115	36.0675	62	59	0	0	844.115	0
11170	T	T	820.468	37	61	61	0	0	0	820.468
11171	A	A	856.221	37	62	62	856.221	0	0	0
11172	G	G	849.8	37	60	59	0	0	849.8	0
11173	A	A	865.516	37	63	63	865.516	0	0	0
11174	C	C	888.101	37	64	62	0	888.101	0	0
11175	T	T	876.7	37	66	66	0	0	0	876.7
11176	T	T	879.181	37	66	66	0	0	0	879.181
11177	A	A	927.963	37	67	67	927.963	0	0	0
11178	A	A	931.648	37	67	67	931.648	0	0	0
11179	C	C	900.627	37	68	64	0	900.627	0	0
11180	A	A	963.998	37	70	70	963.998	0	0	0
11181	A	A	969.764	37	71	71	969.764	0	0	0
11182	T	T	963.627	37	73	73	0	0	0	963.627
11183	C	C	1022.64	37	71	71	0	1022.64	0	0
11184	T	T	956.027	37	71	71	0	0	0	956.027
11185	T	T	980.859	37	72	72	0	0	0	980.859
11186	T	T	978.33	37	72	72	0	0	0	978.33
11187	T	T	986.692	37	71	71	0	0	0	986.692
11188	C	C	976.084	37	70	68	0	976.084	0	0
11189	T	T	979.686	37	71	71	0	0	0	979.686
11190	C	C	976.062	37	70	68	0	976.062	0	0
11191	T	T	982.322	37	72	72	0	0	0	982.322
11192	G	G	951.826	37	75	69	0	0	951.826	0
11193	C	C	1052.1	37	74	73	0	1052.1	0	0
11194	A	A	983.55	37	73	73	983.55	0	0	0
11195	C	C	989.504	37	70	69	0	989.504	0	0
11196	C	C	995.28	37	71	70	0	995.28	0	0
11197	T	T	978.324	37	71	71	0	0	0	978.324
11198	A	A	990.157	37	71	71	990.157	0	0	0
11199	G	G	995.74	37	70	69	0	0	995.74	0
11200	C	C	1014.98	36.2058	74	71	0	1014.98	0	0
11201	A	A	1039.99	36.2342	77	77	1039.99	0	0	0
11202	G	G	1042.21	36.2058	74	73	0	0	1042.21	0
11203	G	G	1112.01	36.2342	77	77	0	0	1112.01	0
11204	C	C	1064.02	36.2432	78	75	0	1064.02	0	0
11205	A	A	1084.89	36.252	79	79	1084.89	0	0	0
11206	T	T	1039.61	36.2249	76	76	0	0	0	1039.61
11207	C	C	1038.01	36.2606	80	75	0	1038.01	0	0
11208	T	T	1090.46	36.269	81	81	0	0	0	1090.46
11209	C	C	1138.05	36.2606	80	79	0	1138.05	0	0
11210	T	T	1096.57	36.2606	80	80	0	0	0	1096.57
11211	T	T	1048.1	36.2342	77	77	0	0	0	1048.1
11212	C	C	1085.93	36.2432	78	76	0	1085.93	0	0
11213	T	T	1092.51	36.2342	77	77	0	0	0	1092.51
11214	A	A	1088.82	36.252	79	79	1088.82	0	0	0
11215	T	T	1111	36.252	79	79	0	0	0	1111
11216	T	T	1111.88	36.252	79	79	0	0	0	1111.88
11217	C	C	1098.62	36.2342	77	76	0	1098.62	0	0
11218	T	T	1042.66	36.2058	74	74	0	0	0	1042.66
11219	G	G	1085.64	36.2249	76	75	0	0	1085.64	0
11220	G	G	1085.05	36.2249	76	75	0	0	1085.05	0
11221	G	G	1111.69	36.2342	77	77	0	0	1111.69	0
11222	G	G	1053.35	36.2432	78	75	0	0	1053.35	0
11223	G	G	1028.41	36.2342	77	73	0	0	1028.41	0
11224	C	C	1104.75	36.2432	78	77	0	1104.75	0	0
11225	T	T	1085.35	36.2342	77	77	0	0	0	1085.35
11226	A	A	969.215	36.1959	73	73	969.215	0	0	0
11227	T	T	994.646	37	73	73	0	0	0	994.646
11228	C	C	976.14	37	72	69	0	976.14	0	0
11229	A	A	924.159	37	68	68	924.159	0	0	0
11230	A	A	902.251	37	68	68	902.251	0	0	0
11231	T	T	966.927	37	72	72	0	0	0	966.927
11232	T	T	976.016	37	73	73	0	0	0	976.016
11233	T	T	976.885	37	72	72	0	0	0	976.885
11234	C	C	938.393	37	72	67	0	938.393	0	0
11235	A	A	966.28	37	70	70	966.28	0	0	0
11236	T	T	936.224	37	70	70	0	0	0	936.224
11237	C	C	992.996	37	70	69	0	992.996	0	0
11238	A	A	938.227	37	70	70	938.227	0	0	0
11239	C	C	947.849	37	68	66	0	947.849	0	0
11240	T	T	955.014	37	69	69	0	0	0	955.014
11241	A	A	943.73	37	70	70	943.73	0	0	0
11242	C	C	960.631	36.1752	71	68	0	960.631	0	0
11243	T	T	933.853	36.1535	69	69	0	0	0	933.853
11244	A	A	974.014	36.1535	69	69	974.014	0	0	0
11245	T	T	929.741	36.1422	68	68	0	0	0	929.741
11246	T	T	944.526	36.1535	69	69	0	0	0	944.526
11247	A	A	982.799	36.1645	70	70	982.799	0	0	0
11248	T	T	971.46	36.1752	71	71	0	0	0	971.46
11249	T	T	986.113	36.1752	71	71	0	0	0	986.113
11250	A	A	959.323	36.1645	70	70	959.323	0	0	0
11251	A	A	986.368	36.1959	73	73	986.368	0	0	0
11252	C	C	977.136	36.1959	73	69	0	977.136	0	0
11253	A	A	953.786	36.1857	72	72	953.786	0	0	0
11254	T	T	968.776	36.1645	70	70	0	0	0	968.776
11255	G	G	918.62	35.4454	69	65	0	0	918.62	0
11256	A	A	881.701	35.4066	67	67	881.701	0	0	0
11257	A	A	865.3	35.3864	66	66	865.3	0	0	0
11258	A	A	881.502	35.3864	66	66	881.502	0	0	0
11259	C	C	903.136	35.3864	66	64	0	903.136	0	0
11260	C	C	894.456	35.3864	66	63	0	894.456	0	0
11261	C	C	844.919	34.6774	63	60	0	844.919	0	0
11262	C	C	865.414	34.6774	63	61	0	865.414	0	0
11263	C	C	904.79	34.7056	64	63	0	904.79	0	0
11264	T	T	843.235	34.6188	61	61	0	0	0	843.235
11265	G	G	894.113	34.76	66	63	0	0	894.113	0
11266	C	C	879.358	35.3657	65	62	0	879.358	0	0
11267	A	A	864.642	35.3657	65	65	864.642	0	0	0
11268	A	A	890.672	36.1187	66	66	890.672	0	0	0
11269	T	T	840.728	36.1064	65	65	0	0	0	840.728
11270	A	A	882.059	36.1187	66	66	882.059	0	0	0
11271	T	T	891.321	36.1422	68	68	0	0	0	891.321
11272	C	C	861.755	36.1422	68	63	0	861.755	0	0
11273	T	T	898.253	36.1306	67	67	0	0	0	898.253
11274	C	C	838.666	36.1187	66	61	0	838.666	0	0
11275	A	A	901.908	36.1064	65	65	901.908	0	0	0
11276	A	A	924.861	36.1306	67	67	924.861	0	0	0
11277	T	T	913.895	36.1187	66	66	0	0	0	913.895
11278	A	A	922.45	36.1064	65	65	922.45	0	0	0
11279	T	T	900.383	36.1064	65	65	0	0	0	900.383
11280	C	C	938.015	36.1064	65	65	0	938.015	0	0
11281	A	A	917.266	36.1187	66	66	917.266	0	0	0
11282	A	A	904.137	36.1187	66	66	904.137	0	0	0
11283	A	A	906.758	36.1306	67	67	906.758	0	0	0
11284	C	C	932.082	36.1535	69	66	0	932.082	0	0
11285	C	C	941.232	36.1645	70	67	0	941.232	0	0
11286	C	C	956	36.1535	69	67	0	956	0	0
11287	C	C	923.34	37	68	65	0	923.34	0	0
11288	T	T	909.88	37	67	67	0	0	0	909.88
11289	C	C	964.041	37	69	67	0	964.041	0	0
11290	T	T	970.497	37	71	71	0	0	0	970.497
11291	G	G	972.046	37	71	68	0	0	972.046	0
11292	T	T	943.38	37	68	68	0	0	0	943.38
11293	T	T	961.297	37	71	71	0	0	0	961.297
11294	T	T	961.291	37	71	71	0	0	0	961.291
11295	G	G	1016.66	37	73	71	0	0	1016.66	0
11296	T	T	1003.62	37	73	73	0	0	0	1003.62
11297	A	A	933.995	37	68	68	933.995	0	0	0
11298	T	T	930.681	37	67	67	0	0	0	930.681
11299	G	G	964.664	37	68	67	0	0	964.664	0
11300	A	A	946.959	37	69	69	946.959	0	0	0
11301	T	T	925.034	37	68	68	0	0	0	925.034
11302	C	C	946.318	37	68	66	0	946.318	0	0
11303	A	A	925.392	37	68	68	925.392	0	0	0
11304	G	G	881.395	37	65	62	0	0	881.395	0
11305	T	T	926.912	37	65	65	0	0	0	926.912
11306	C	C	928.252	37	64	64	0	928.252	0	0
11307	C	C	937.968	37	65	65	0	937.968	0	0
11308	T	T	893.4	37	63	63	0	0	0	893.4
11309	A	A	863.921	37	64	64	863.921	0	0	0
11310	A	A	830.486	37	61	61	830.486	0	0	0
11311	T	T	819.181	37	60	60	0	0	0	819.181
11312	C	C	886.543	37	64	62	0	886.543	0	0
11313	A	A	863.482	37	63	63	863.482	0	0	0
11314	C	C	833.868	36.0809	63	59	0	833.868	0	0
11315	A	A	852.868	36.0675	62	62	852.868	0	0	0
11316	G	G	907.216	35.3445	64	63	0	0	907.216	0
11317	C	C	891.403	35.3445	64	62	0	891.403	0	0
11318	A	A	840.888	35.3445	64	64	840.888	0	0	0
11319	G	G	850.826	35.3657	65	61	0	0	850.826	0
11320	T	T	859.751	35.3445	64	64	0	0	0	859.751
11321	A	A	878.075	35.4262	68	68	878.075	0	0	0
11322	C	C	886.487	34.7056	64	62	0	886.487	0	0
11323	T	T	824.202	34.6485	62	62	0	0	0	824.202
11324	T	T	806.147	34.5884	60	60	0	0	0	806.147
11325	C	C	796.721	34.5884	60	57	0	796.721	0	0
11326	T	T	844.183	34.6485	62	62	0	0	0	844.183
11327	T	T	841.191	34.6774	63	63	0	0	0	841.191
11328	C	C	878.243	34.6485	62	61	0	878.243	0	0
11329	T	T	843.84	34.6485	62	62	0	0	0	843.84
11330	T	T	824.259	34.6485	62	62	0	0	0	824.259
11331	T	T	855.475	34.6774	63	63	0	0	0	855.475
11332	T	T	883.709	34.76	66	66	0	0	0	883.709
11333	A	A	946.382	34.8118	68	68	946.382	0	0	0
11334	T	T	871.849	34.7331	65	65	0	0	0	871.849
11335	C	C	886.611	34.76	66	63	0	886.611	0	0
11336	T	T	912.678	34.8118	68	68	0	0	0	912.678
11337	C	C	1008.09	34.3599	71	70	0	1008.09	0	0
11338	T	T	970.132	34.3599	71	71	0	0	0	970.132
11339	G	G	915.736	34.3875	72	66	0	0	915.736	0
11340	C	C	998.837	34.9083	72	70	0	998.837	0	0
11341	C	C	1022.22	34.9534	74	72	0	1022.22	0	0
11342	A	A	998.959	35.5002	72	72	998.959	0	0	0
11343	G	G	1026.63	35.5002	72	71	0	0	1026.63	0
11344	T	T	972.874	35.4824	71	71	0	0	0	972.874
11345	C	C	1022.61	35.5002	72	71	0	1022.61	0	0
11346	T	T	1016.59	35.5512	75	75	0	0	0	1016.59
11347	T	T	1020.91	35.5512	75	75	0	0	0	1020.91
11348	A	A	998.478	36.1959	73	73	998.478	0	0	0
11349	G	G	1068.35	36.2058	74	74	0	0	1068.35	0
11350	C	C	1066.83	36.2155	75	74	0	1066.83	0	0
11351	A	A	1009.88	36.1959	73	73	1009.88	0	0	0
11352	G	G	1034.19	36.1959	73	72	0	0	1034.19	0
11353	C	C	1064.7	36.2155	75	74	0	1064.7	0	0
11354	T	T	1053.72	36.2432	78	78	0	0	0	1053.72
11355	G	G	1019.81	36.2249	76	72	0	0	1019.81	0
11356	G	G	1021.62	36.2058	74	72	0	0	1021.62	0
11357	G	G	961.205	36.1959	73	69	0	0	961.205	0
11358	A	A	1005.08	36.1959	73	73	1005.08	0	0	0
11359	T	T	1011.37	36.1752	71	71	0	0	0	1011.37
11360	T	T	988.829	36.1645	70	70	0	0	0	988.829
11361	A	A	984.986	36.1645	70	70	984.986	0	0	0
11362	C	C	951.139	36.1752	71	67	0	951.139	0	0
11363	T	T	998.87	36.1857	72	72	0	0	0	998.87
11364	A	A	984.708	36.1857	72	72	984.708	0	0	0
11365	T	T	1025.93	36.2342	77	77	0	0	0	1025.93
11366	A	A	1015.96	36.2155	75	75	1015.96	0	0	0
11367	C	C	1013.22	36.2058	74	71	0	1013.22	0	0
11368	T	T	1009.91	36.2058	74	74	0	0	0	1009.91
11369	A	A	967.155	36.2058	74	74	967.155	0	0	0
11370	C	C	1069.83	36.2058	74	74	0	1069.83	0	0
11371	T	T	976.6	36.1535	69	69	0	0	0	976.6
11372	T	T	925.992	36.1064	65	65	0	0	0	925.992
11373	A	A	853.143	36.1306	67	67	853.143	0	0	0
11374	C	C	922.529	36.1064	65	64	0	922.529	0	0
11375	A	A	815.368	36.1064	65	65	815.368	0	0	0
11376	G	G	797.973	36.0538	61	57	0	0	797.973	0
11377	A	A	792.363	36.0809	63	63	792.363	0	0	0
11378	T	T	774.403	37	56	56	0	0	0	774.403
11379	C	C	779.378	37	54	54	0	779.378	0	0
11380	G	G	738.112	37	54	52	0	0	738.112	0
11381	A	A	694.764	37	52	52	694.764	0	0	0
11382	A	A	713.785	37	53	53	713.785	0	0	0
11383	A	A	729.751	37	54	54	729.751	0	0	0
11384	C	C	761.265	37	53	53	0	761.265	0	0
11385	C	C	693.434	37	52	49	0	693.434	0	0
11386	T	T	694.874	37	52	52	0	0	0	694.874
11387	T	T	718.265	35.9273	53	53	0	0	0	718.265
11388	A	A	725.546	35.9273	53	53	725.546	0	0	0
11389	A	A	732.485	35.0678	53	53	732.485	0	0	0
11390	C	C	727.024	35.0678	53	51	0	727.024	0	0
11391	A	A	695.887	35.0379	52	52	695.887	0	0	0
11392	C	C	703.476	35.0379	52	50	0	703.476	0	0
11393	T	T	720.34	35.0678	53	53	0	0	0	720.34
11394	A	A	738.549	35.1249	55	55	738.549	0	0	0
11395	C	C	727.501	35.0678	53	51	0	727.501	0	0
11396	C	C	750.101	35.1249	55	53	0	750.101	0	0
11397	T	T	711.359	35.0968	54	54	0	0	0	711.359
11398	T	T	744.987	35.1522	56	56	0	0	0	744.987
11399	T	T	749.993	35.1249	55	55	0	0	0	749.993
11400	T	T	755.725	35.1249	55	55	0	0	0	755.725
11401	T	T	735.469	35.0379	52	52	0	0	0	735.469
11402	T	T	754.844	35.1522	56	56	0	0	0	754.844
11403	G	G	819.897	35.1787	57	57	0	0	819.897	0
11404	A	A	777.956	35.1249	55	55	777.956	0	0	0
11405	T	T	752.61	35.2044	58	58	0	0	0	752.61
11406	C	C	808.868	35.2294	59	57	0	808.868	0	0
11407	C	C	835.153	35.2294	59	58	0	835.153	0	0
11408	A	A	849.704	35.2773	61	61	849.704	0	0	0
11409	G	G	910.259	35.3227	63	63	0	0	910.259	0
11410	C	C	902.828	35.3445	64	63	0	902.828	0	0
11411	T	T	861.622	35.3445	64	64	0	0	0	861.622
11412	G	G	906.633	35.3657	65	63	0	0	906.633	0
11413	G	G	901.485	35.3657	65	63	0	0	901.485	0
11414	A	A	890.077	35.3657	65	65	890.077	0	0	0
11415	G	G	920.664	35.3657	65	64	0	0	920.664	0
11416	G	G	944.32	35.4262	68	66	0	0	944.32	0
11417	A	A	899.045	36.1187	66	66	899.045	0	0	0
11418	G	G	980.34	36.1535	69	68	0	0	980.34	0
11419	G	G	976.403	36.1535	69	68	0	0	976.403	0
11420	A	A	930.06	37	68	68	930.06	0	0	0
11421	G	G	979.749	37	69	68	0	0	979.749	0
11422	A	A	912.433	37	66	66	912.433	0	0	0
11423	T	T	924.604	37	67	67	0	0	0	924.604
11424	C	C	931.012	37	67	65	0	931.012	0	0
11425	C	C	925.753	37	65	64	0	925.753	0	0
11426	T	T	936.167	37	69	69	0	0	0	936.167
11427	A	A	940.949	37	68	68	940.949	0	0	0
11428	T	T	933.264	37	68	68	0	0	0	933.264
11429	T	T	907.377	37	67	67	0	0	0	907.377
11430	T	T	934.925	37	69	69	0	0	0	934.925
11431	T	T	957.1	37	69	69	0	0	0	957.1
11432	A	A	1018.63	37	73	73	1018.63	0	0	0
11433	T	T	997.709	37	74	74	0	0	0	997.709
11434	A	A	1037.82	37	75	75	1037.82	0	0	0
11435	T	T	1003.32	37	74	74	0	0	0	1003.32
11436	C	C	1026.46	36.2155	75	72	0	1026.46	0	0
11437	A	A	1017.2	36.2058	74	74	1017.2	0	0	0
11438	A	A	1013.95	36.2058	74	74	1013.95	0	0	0
11439	C	C	1003.34	36.2058	74	71	0	1003.34	0	0
11440	A	A	985.529	36.1959	73	73	985.529	0	0	0
11441	C	C	1069.02	36.2058	74	74	0	1069.02	0	0
11442	T	T	1002	36.1857	72	72	0	0	0	1002
11443	T	T	1011.56	36.2058	74	74	0	0	0	1011.56
11444	G	G	1019.85	36.1857	72	71	0	0	1019.85	0
11445	T	T	973.005	36.1752	71	71	0	0	0	973.005
11446	T	T	976.182	36.1645	70	70	0	0	0	976.182
11447	C	C	978.077	36.1645	70	68	0	978.077	0	0
11448	T	T	959.339	36.1422	68	68	0	0	0	959.339
11449	G	G	969.045	36.1306	67	67	0	0	969.045	0
11450	A	A	937.265	36.1306	67	67	937.265	0	0	0
11451	T	T	947.744	36.1306	67	67	0	0	0	947.744
11452	T	T	935.869	36.1306	67	67	0	0	0	935.869
11453	C	C	915.518	36.1064	65	64	0	915.518	0	0
11454	T	T	922.612	36.1064	65	65	0	0	0	922.612
11455	T	T	934.241	36.1306	67	67	0	0	0	934.241
11456	C	C	870.169	36.1064	65	62	0	870.169	0	0
11457	G	G	933.795	36.1187	66	65	0	0	933.795	0
11458	G	G	895.958	36.1064	65	63	0	0	895.958	0
11459	A	A	831.233	36.0938	64	64	831.233	0	0	0
11460	C	C	903.799	36.0938	64	63	0	903.799	0	0
11461	A	A	852.91	36.1064	65	65	852.91	0	0	0
11462	C	C	853.373	37	63	61	0	853.373	0	0
11463	C	C	849.579	37	60	59	0	849.579	0	0
11464	C	C	820.768	37	58	57	0	820.768	0	0
11465	T	T	822.503	37	61	61	0	0	0	822.503
11466	G	G	832.842	37	61	59	0	0	832.842	0
11467	A	A	849.398	37	62	62	849.398	0	0	0
11468	G	G	907.632	37	63	63	0	0	907.632	0
11469	G	G	877.66	37	65	62	0	0	877.66	0
11470	T	T	859.488	37	64	64	0	0	0	859.488
11471	T	T	847.971	37	63	63	0	0	0	847.971
11472	T	T	852.593	37	62	62	0	0	0	852.593
11473	A	A	834.4	37	62	62	834.4	0	0	0
11474	C	C	894.051	37	63	62	0	894.051	0	0
11475	A	A	849.52	37	64	64	849.52	0	0	0
11476	T	T	861.806	37	63	63	0	0	0	861.806
11477	T	T	812.864	37	60	60	0	0	0	812.864
11478	C	C	825.867	37	61	58	0	825.867	0	0
11479	T	T	809.4	37	60	60	0	0	0	809.4
11480	A	A	830.123	37	60	60	830.123	0	0	0
11481	A	A	825.838	37	60	60	825.838	0	0	0
11482	T	T	841.455	37	61	61	0	0	0	841.455
11483	C	C	865.47	37	60	60	0	865.47	0	0
11484	C	C	853.336	37	59	59	0	853.336	0	0
11485	T	T	818.288	37	59	59	0	0	0	818.288
11486	T	T	827.397	37	60	60	0	0	0	827.397
11487	C	C	912.997	37	64	64	0	912.997	0	0
11488	C	C	916.123	37	66	64	0	916.123	0	0
11489	T	T	887.982	37	67	67	0	0	0	887.982
11490	G	G	919.266	37	66	64	0	0	919.266	0
11491	G	G	939.199	37	65	65	0	0	939.199	0
11492	G	G	909.204	37	64	63	0	0	909.204	0
11493	T	T	909.536	37	65	65	0	0	0	909.536
11494	T	T	915.644	37	65	65	0	0	0	915.644
11495	C	C	929.746	37	67	65	0	929.746	0	0
11496	G	G	906.017	37	67	64	0	0	906.017	0
11497	G	G	934.321	37	67	65	0	0	934.321	0
11498	A	A	927.124	37	68	68	927.124	0	0	0
11499	A	A	913.83	37	67	67	913.83	0	0	0
11500	T	T	925.603	36.1959	73	73	0	0	0	925.603
11501	G	G	990.674	36.1959	73	70	0	0	990.674	0
11502	A	A	936.833	36.1857	72	72	936.833	0	0	0
11503	T	T	946.003	36.1645	70	70	0	0	0	946.003
11504	C	C	887.461	36.1535	69	64	0	887.461	0	0
11505	T	T	941.167	36.1306	67	67	0	0	0	941.167
11506	C	C	927.141	36.1422	68	65	0	927.141	0	0
11507	T	T	908.124	36.1422	68	68	0	0	0	908.124
11508	C	C	930.548	36.1306	67	65	0	930.548	0	0
11509	A	A	953.56	36.1306	67	67	953.56	0	0	0
11510	C	C	944.243	36.1645	70	67	0	944.243	0	0
11511	A	A	1028.03	36.2058	74	74	1028.03	0	0	0
11512	T	T	972.693	36.1959	73	73	0	0	0	972.693
11513	T	T	988.16	36.1959	73	73	0	0	0	988.16
11514	G	G	981.127	36.2155	75	70	0	0	981.127	0
11515	T	T	1005.83	36.1959	73	73	0	0	0	1005.83
11516	T	T	1021.36	36.1857	72	72	0	0	0	1021.36
11517	A	A	1000.02	36.1959	73	73	1000.02	0	0	0
11518	C	C	1002.42	36.1752	71	70	0	1002.42	0	0
11519	T	T	1028.64	36.1959	73	73	0	0	0	1028.64
11520	T	T	1046.23	36.2249	76	76	0	0	0	1046.23
11521	A	A	986.979	36.2155	75	75	986.979	0	0	0
11522	T	T	997.243	36.1857	72	72	0	0	0	997.243
11523	T	T	962.153	36.1752	71	71	0	0	0	962.153
11524	A	A	999.218	36.2058	74	74	999.218	0	0	0
11525	T	T	965.289	36.1645	70	70	0	0	0	965.289
11526	T	T	946.805	36.1422	68	68	0	0	0	946.805
11527	C	C	949.927	36.1422	68	66	0	949.927	0	0
11528	A	A	981.502	37	69	69	981.502	0	0	0
11529	G	G	1044.08	37	73	72	0	0	1044.08	0
11530	G	G	1042.53	37	72	72	0	0	1042.53	0
11531	A	A	1046.51	37	74	74	1046.51	0	0	0
11532	A	A	1061.53	37	75	75	1061.53	0	0	0
11533	A	A	1027.94	37	74	74	1027.94	0	0	0
11534	A	A	1015.76	37	74	74	1015.76	0	0	0
11535	A	A	1018.8	37	74	74	1018.8	0	0	0
11536	A	A	1013.11	37	74	74	1013.11	0	0	0
11537	A	A	1008.12	37	74	74	1008.12	0	0	0
11538	G	G	1040.64	37	72	72	0	0	1040.64	0
11539	A	A	1008.9	37	73	73	1008.9	0	0	0
11540	A	A	999.136	37	72	72	999.136	0	0	0
11541	C	C	1053.81	37	73	73	0	1053.81	0	0
11542	C	C	1044.39	37	75	73	0	1044.39	0	0
11543	T	T	1029.49	37	75	75	0	0	0	1029.49
11544	T	T	1004.35	37	72	72	0	0	0	1004.35
11545	T	T	984.958	37	70	70	0	0	0	984.958
11546	T	T	968.585	37	69	69	0	0	0	968.585
11547	G	G	993.037	37	70	69	0	0	993.037	0
11548	G	G	970.443	37	70	68	0	0	970.443	0
11549	C	C	977.282	37	70	68	0	977.282	0	0
11550	T	T	955.188	37	69	69	0	0	0	955.188
11551	A	A	963.589	37	69	69	963.589	0	0	0
11552	T	T	944.646	37	68	68	0	0	0	944.646
11553	A	A	911.787	37	66	66	911.787	0	0	0
11554	T	T	926.104	37	66	66	0	0	0	926.104
11555	A	A	899.9	37	67	67	899.9	0	0	0
11556	G	G	906.186	37	67	64	0	0	906.186	0
11557	G	G	772.909	37	64	57	0	0	772.909	0
11558	A	A	830.876	37	64	64	830.876	0	0	0
11559	A	A	825.007	37	64	64	825.007	0	0	0
11560	T	T	871.669	37	64	64	0	0	0	871.669
11561	A	A	846.455	37	64	64	846.455	0	0	0
11562	G	G	855.159	37	62	60	0	0	855.159	0
11563	T	T	816.877	37	62	62	0	0	0	816.877
11564	C	C	873.839	37	62	61	0	873.839	0	0
11565	T	T	850.759	37	63	63	0	0	0	850.759
11566	G	G	865.923	37	64	61	0	0	865.923	0
11567	A	A	874.58	37	66	66	874.58	0	0	0
11568	G	G	860.772	37	65	61	0	0	860.772	0
11569	C	C	802.594	37	64	58	0	802.594	0	0
11570	G	G	905.395	37	67	64	0	0	905.395	0
11571	A	A	880.501	37	67	67	880.501	0	0	0
11572	T	T	868.968	37	65	65	0	0	0	868.968
11573	A	A	853.254	37	65	65	853.254	0	0	0
11574	A	A	859.788	37	64	64	859.788	0	0	0
11575	T	T	822.869	37	59	59	0	0	0	822.869
11576	A	A	827.425	37	58	58	827.425	0	0	0
11577	T	T	830.679	37	60	60	0	0	0	830.679
11578	C	C	830.272	37	60	58	0	830.272	0	0
11579	C	C	872.851	37	63	61	0	872.851	0	0
11580	A	A	912.308	37	65	65	912.308	0	0	0
11581	T	T	880.381	37	65	65	0	0	0	880.381
11582	T	T	921.608	37	69	69	0	0	0	921.608
11583	G	G	981.462	37	70	69	0	0	981.462	0
11584	G	G	913.058	37	67	65	0	0	913.058	0
11585	A	A	912.476	37	67	67	912.476	0	0	0
11586	T	T	887.641	36.1064	65	65	0	0	0	887.641
11587	T	T	931.399	36.1422	68	68	0	0	0	931.399
11588	C	C	962.232	36.1752	71	68	0	962.232	0	0
11589	T	T	953.147	36.1752	71	71	0	0	0	953.147
11590	T	T	931.475	36.1645	70	70	0	0	0	931.475
11591	A	A	952.654	36.1645	70	70	952.654	0	0	0
11592	G	G	977.914	36.1645	70	68	0	0	977.914	0
11593	G	G	1006.77	36.1857	72	70	0	0	1006.77	0
11594	A	A	991.899	36.1959	73	73	991.899	0	0	0
11595	T	T	971.591	36.1857	72	72	0	0	0	971.591
11596	T	T	961.596	36.1645	70	70	0	0	0	961.596
11597	T	T	963.899	36.1535	69	69	0	0	0	963.899
11598	A	A	951.898	36.1535	69	69	951.898	0	0	0
11599	T	T	947.423	36.1187	66	66	0	0	0	947.423
11600	C	C	968.497	36.1422	68	67	0	968.497	0	0
11601	G	G	896.428	36.1187	66	63	0	0	896.428	0
11602	T	T	936.553	36.1306	67	67	0	0	0	936.553
11603	G	G	924.687	36.1422	68	65	0	0	924.687	0
11604	T	T	925.735	36.1187	66	66	0	0	0	925.735
11605	G	G	914.76	36.1187	66	64	0	0	914.76	0
11606	A	A	861.81	36.0938	64	64	861.81	0	0	0
11607	G	G	867.999	36.0938	64	61	0	0	867.999	0
11608	C	C	905.056	36.1064	65	63	0	905.056	0	0
11609	T	T	894.327	36.0938	64	64	0	0	0	894.327
11610	C	C	830.358	36.0675	62	59	0	830.358	0	0
11611	A	A	871.092	36.0675	62	62	871.092	0	0	0
11612	T	T	866.432	36.0675	62	62	0	0	0	866.432
11613	C	C	833.205	35.3003	62	59	0	833.205	0	0
11614	A	A	855.196	35.3227	63	63	855.196	0	0	0
11615	T	T	881.159	35.3657	65	65	0	0	0	881.159
11616	A	A	866.699	35.3864	66	66	866.699	0	0	0
11617	T	T	875.058	35.3445	64	64	0	0	0	875.058
11618	G	G	866.362	35.3445	64	61	0	0	866.362	0
11619	T	T	810.677	35.1787	57	57	0	0	0	810.677
11620	T	T	814.395	35.1787	57	57	0	0	0	814.395
11621	T	T	792.779	35.1249	55	55	0	0	0	792.779
11622	A	A	800.747	35.2044	58	58	800.747	0	0	0
11623	C	C	836.438	35.2294	59	58	0	836.438	0	0
11624	C	C	804.29	35.2294	59	57	0	804.29	0	0
11625	G	G	820.295	35.1787	57	57	0	0	820.295	0
11626	T	T	788.393	35.2294	59	59	0	0	0	788.393
11627	A	A	789.572	35.1787	57	57	789.572	0	0	0
11628	G	G	752.619	35.2044	58	54	0	0	752.619	0
11629	G	G	853.656	35.2537	60	59	0	0	853.656	0
11630	T	T	799.589	36.0538	61	61	0	0	0	799.589
11631	A	A	851.923	36.0538	61	61	851.923	0	0	0
11632	T	T	828.172	36.0675	62	62	0	0	0	828.172
11633	A	A	840.725	36.0675	62	62	840.725	0	0	0
11634	G	G	765.025	36.0538	61	55	0	0	765.025	0
11635	A	A	807.077	37	60	60	807.077	0	0	0
11636	C	C	864.169	37	61	60	0	864.169	0	0
11637	G	G	825.466	37	60	58	0	0	825.466	0
11638	T	T	824.117	37	60	60	0	0	0	824.117
11639	T	T	804.966	37	59	59	0	0	0	804.966
11640	G	G	805.433	37	59	57	0	0	805.433	0
11641	A	A	787.801	37	58	58	787.801	0	0	0
11642	C	C	812.129	37	59	57	0	812.129	0	0
11643	A	A	809.845	37	59	59	809.845	0	0	0
11644	C	C	809.539	37	58	57	0	809.539	0	0
11645	A	A	833.884	37	60	60	833.884	0	0	0
11646	C	C	823.49	37	61	58	0	823.49	0	0
11647	G	G	881.372	37	64	62	0	0	881.372	0
11648	A	A	856.143	37	63	63	856.143	0	0	0
11649	G	G	858.837	37	62	60	0	0	858.837	0
11650	C	C	884.506	37	64	62	0	884.506	0	0
11651	T	T	880.687	37	66	66	0	0	0	880.687
11652	T	T	889.829	37	65	65	0	0	0	889.829
11653	A	A	871.171	37	62	62	871.171	0	0	0
11654	C	C	863.695	37	61	60	0	863.695	0	0
11655	T	T	852.128	37	61	61	0	0	0	852.128
11656	T	T	869.108	37	62	62	0	0	0	869.108
11657	C	C	881.837	37	62	61	0	881.837	0	0
11658	A	A	858.129	37	61	61	858.129	0	0	0
11659	C	C	827.883	37	63	59	0	827.883	0	0
11660	T	T	859.464	37	61	61	0	0	0	859.464
11661	T	T	872.962	37	63	63	0	0	0	872.962
11662	C	C	859.536	37	64	61	0	859.536	0	0
11663	A	A	866.881	37	63	63	866.881	0	0	0
11664	G	G	922.589	37	64	64	0	0	922.589	0
11665	C	C	938.252	37	66	65	0	938.252	0	0
11666	T	T	900.599	37	66	66	0	0	0	900.599
11667	A	A	945.031	37	66	66	945.031	0	0	0
11668	C	C	857.603	37	65	61	0	857.603	0	0
11669	C	C	933.154	37	66	65	0	933.154	0	0
11670	A	A	894.765	37	65	65	894.765	0	0	0
11671	T	T	919.738	37	65	65	0	0	0	919.738
11672	A	A	926.086	37	69	69	926.086	0	0	0
11673	A	A	887.028	37	64	64	887.028	0	0	0
11674	T	T	911.805	37	66	66	0	0	0	911.805
11675	T	T	887.408	37	64	64	0	0	0	887.408
11676	A	A	880.858	37	63	63	880.858	0	0	0
11677	T	T	909.56	37	66	66	0	0	0	909.56
11678	T	T	895.722	37	66	66	0	0	0	895.722
11679	G	G	930.596	37	67	65	0	0	930.596	0
11680	C	C	929.89	37	67	65	0	929.89	0	0
11681	T	T	903.04	37	66	66	0	0	0	903.04
11682	A	A	873.297	37	65	65	873.297	0	0	0
11683	T	T	906.927	37	67	67	0	0	0	906.927
11684	C	C	908.159	37	63	63	0	908.159	0	0
11685	C	C	848.482	37	64	60	0	848.482	0	0
11686	C	C	935.657	37	66	65	0	935.657	0	0
11687	G	G	916.562	37	67	65	0	0	916.562	0
11688	A	A	859.409	37	66	66	859.409	0	0	0
11689	C	C	895.103	37	67	64	0	895.103	0	0
11690	A	A	856.005	37	64	64	856.005	0	0	0
11691	G	G	820.393	37	62	59	0	0	820.393	0
11692	G	G	831.17	37	61	59	0	0	831.17	0
11693	A	A	822.35	37	59	59	822.35	0	0	0
11694	G	G	828.436	37	60	58	0	0	828.436	0
11695	T	T	830.204	37	59	59	0	0	0	830.204
11696	C	C	824.725	37	57	57	0	824.725	0	0
11697	A	A	740.514	37	55	55	740.514	0	0	0
11698	A	A	720.039	37	55	55	720.039	0	0	0
11699	A	A	696.69	37	53	53	696.69	0	0	0
11700	G	G	716.748	37	51	50	0	0	716.748	0
11701	T	T	705.24	37	49	49	0	0	0	705.24
11702	A	A	670.977	37	49	49	670.977	0	0	0
11703	T	T	674.25	37	48	48	0	0	0	674.25
11704	T	T	654.192	37	48	47	0	0	0	654.192
11705	T	T	661.837	37	47	47	0	0	0	661.837
11706	A	A	654.619	37	47	47	654.619	0	0	0
11707	G	G	643.07	37	47	45	0	0	643.07	0
11708	C	C	690.754	37	48	48	0	690.754	0	0
11709	T	T	679.342	37	51	51	0	0	0	679.342
11710	G	G	720.413	37	50	50	0	0	720.413	0
11711	A	A	707.967	37	52	52	707.967	0	0	0
11712	C	C	665.756	37	52	48	0	665.756	0	0
11713	T	T	676.755	37	51	51	0	0	0	676.755
11714	A	A	739.733	37	52	52	739.733	0	0	0
11715	G	G	732.571	37	52	51	0	0	732.571	0
11716	C	C	724.417	35.945	54	51	0	724.417	0	0
11717	C	C	717.513	35.962	55	51	0	717.513	0	0
11718	A	A	754.02	35.9945	57	57	754.02	0	0	0
11719	C	C	786.858	36.0397	60	57	0	786.858	0	0
11720	T	T	756.422	35.2044	58	58	0	0	0	756.422
11721	C	C	818.464	35.1787	57	57	0	818.464	0	0
11722	T	T	761.924	35.1787	57	57	0	0	0	761.924
11723	G	G	805.379	35.1787	57	56	0	0	805.379	0
11724	C	C	823.481	35.2537	60	58	0	823.481	0	0
11725	A	A	835.457	35.2773	61	61	835.457	0	0	0
11726	C	C	853.193	35.3003	62	60	0	853.193	0	0
11727	G	G	831.413	35.2294	59	58	0	0	831.413	0
11728	G	G	810.986	35.2294	59	57	0	0	810.986	0
11729	A	A	768.629	35.1522	56	56	768.629	0	0	0
11730	G	G	848.771	35.2294	59	59	0	0	848.771	0
11731	G	G	819.274	35.2294	59	57	0	0	819.274	0
11732	G	G	810.841	35.1787	57	56	0	0	810.841	0
11733	A	A	824.589	35.2044	58	58	824.589	0	0	0
11734	A	A	844.484	35.2537	60	60	844.484	0	0	0
11735	T	T	835.369	35.3227	63	63	0	0	0	835.369
11736	A	A	914.941	35.3657	65	65	914.941	0	0	0
11737	T	T	861.266	35.3657	65	65	0	0	0	861.266
11738	T	T	883.51	35.4262	68	68	0	0	0	883.51
11739	A	A	997.313	35.4824	71	71	997.313	0	0	0
11740	A	A	1030.89	35.5346	74	74	1030.89	0	0	0
11741	A	A	1050.16	35.5512	75	75	1050.16	0	0	0
11742	T	T	972.748	35.5346	74	74	0	0	0	972.748
11743	G	G	1056.09	35.5675	76	74	0	0	1056.09	0
11744	A	A	1076.39	35.5675	76	76	1076.39	0	0	0
11745	T	T	1054.7	35.0379	78	78	0	0	0	1054.7
11746	C	C	1084.76	35.058	79	76	0	1084.76	0	0
11747	T	T	1091.7	35.0968	81	81	0	0	0	1091.7
11748	C	C	1164.26	35.1341	83	81	0	1164.26	0	0
11749	C	C	1137.38	35.1341	83	80	0	1137.38	0	0
11750	C	C	1128.89	35.1156	82	79	0	1128.89	0	0
11751	G	G	1077.32	35.0776	80	76	0	0	1077.32	0
11752	C	C	1134.35	35.0776	80	79	0	1134.35	0	0
11753	T	T	1122.89	35.6289	80	80	0	0	0	1122.89
11754	A	A	1118.6	35.6435	81	81	1118.6	0	0	0
11755	T	T	1141.27	35.6435	81	81	0	0	0	1141.27
11756	G	G	1112.02	35.5834	77	77	0	0	1112.02	0
11757	A	A	1063.64	35.5834	77	77	1063.64	0	0	0
11758	T	T	1071.88	35.5512	75	75	0	0	0	1071.88
11759	G	G	1044.97	35.5346	74	73	0	0	1044.97	0
11760	T	T	1037.51	35.5176	73	73	0	0	0	1037.51
11761	G	G	1025.87	35.5346	74	72	0	0	1025.87	0
11762	A	A	1026.03	35.5675	76	76	1026.03	0	0	0
11763	G	G	1011.69	35.5346	74	71	0	0	1011.69	0
11764	C	C	1081.26	35.5675	76	75	0	1081.26	0	0
11765	C	C	1061.99	35.5675	76	74	0	1061.99	0	0
11766	C	C	1079.06	35.5675	76	75	0	1079.06	0	0
11767	T	T	1010.5	35.5176	73	73	0	0	0	1010.5
11768	G	G	976.495	35.5002	72	69	0	0	976.495	0
11769	G	G	944.946	35.4824	71	67	0	0	944.946	0
11770	G	G	950.354	35.4824	71	67	0	0	950.354	0
11771	C	C	1008.4	36.1752	71	70	0	1008.4	0	0
11772	T	T	977.063	37	71	71	0	0	0	977.063
11773	T	T	967.884	37	70	70	0	0	0	967.884
11774	T	T	970.497	37	69	69	0	0	0	970.497
11775	A	A	906.992	36.1422	68	68	906.992	0	0	0
11776	T	T	959.755	36.1422	68	68	0	0	0	959.755
11777	T	T	941.093	36.1306	67	67	0	0	0	941.093
11778	T	T	949.901	36.1422	68	68	0	0	0	949.901
11779	T	T	899.935	36.1064	65	65	0	0	0	899.935
11780	C	C	893.728	36.0809	63	62	0	893.728	0	0
11781	C	C	866.728	36.0397	60	60	0	866.728	0	0
11782	T	T	838.872	36.0251	59	59	0	0	0	838.872
11783	G	G	791.366	36.0251	59	56	0	0	791.366	0
11784	T	T	849.796	36.0397	60	60	0	0	0	849.796
11785	T	T	861.138	36.1064	65	65	0	0	0	861.138
11786	T	T	863.588	36.1064	65	65	0	0	0	863.588
11787	A	A	906.088	36.1187	66	66	906.088	0	0	0
11788	C	C	899.164	35.4262	68	64	0	899.164	0	0
11789	A	A	912.494	35.4262	68	68	912.494	0	0	0
11790	G	G	908.54	35.4066	67	64	0	0	908.54	0
11791	T	T	906.737	35.4262	68	68	0	0	0	906.737
11792	A	A	952.316	35.4454	69	69	952.316	0	0	0
11793	G	G	950.996	35.4066	67	66	0	0	950.996	0
11794	G	G	937.906	35.3864	66	65	0	0	937.906	0
11795	A	A	917.793	35.3864	66	66	917.793	0	0	0
11796	G	G	955.422	35.4262	68	67	0	0	955.422	0
11797	G	G	924.646	35.4262	68	65	0	0	924.646	0
11798	C	C	969.35	36.1306	67	67	0	969.35	0	0
11799	C	C	926.678	36.1064	65	64	0	926.678	0	0
11800	T	T	913.046	36.1187	66	66	0	0	0	913.046
11801	T	T	910.976	36.1187	66	66	0	0	0	910.976
11802	A	A	976.296	36.1422	68	68	976.296	0	0	0
11803	C	C	896.458	36.1645	70	65	0	896.458	0	0
11804	G	G	998.748	36.1857	72	70	0	0	998.748	0
11805	G	G	1086.87	36.2155	75	75	0	0	1086.87	0
11806	G	G	1086.28	36.2249	76	75	0	0	1086.28	0
11807	A	A	1083.72	36.2432	78	78	1083.72	0	0	0
11808	A	A	1070.67	36.2432	78	78	1070.67	0	0	0
11809	T	T	1072.26	36.252	79	79	0	0	0	1072.26
11810	T	T	1099.21	36.252	79	79	0	0	0	1099.21
11811	G	G	1083.37	36.252	79	76	0	0	1083.37	0
11812	T	T	1074.98	36.2342	77	77	0	0	0	1074.98
11813	C	C	1070.87	36.2155	75	74	0	1070.87	0	0
11814	C	C	1057.03	37	73	73	0	1057.03	0	0
11815	T	T	1000.3	37	74	74	0	0	0	1000.3
11816	A	A	1024.4	37	73	73	1024.4	0	0	0
11817	G	G	1055.7	37	73	73	0	0	1055.7	0
11818	C	C	1078.71	37	75	75	0	1078.71	0	0
11819	T	T	988.964	37	73	73	0	0	0	988.964
11820	A	A	995.826	37	73	73	995.826	0	0	0
11821	A	A	987.548	37	74	74	987.548	0	0	0
11822	T	T	1049.29	37	78	78	0	0	0	1049.29
11823	T	T	1076.13	37	81	81	0	0	0	1076.13
11824	C	C	1086.56	37	78	76	0	1086.56	0	0
11825	A	A	1016.55	37	76	76	1016.55	0	0	0
11826	T	T	983.668	37	73	73	0	0	0	983.668
11827	C	C	1024.34	37	72	71	0	1024.34	0	0
11828	T	T	1011.37	37	71	71	0	0	0	1011.37
11829	C	C	981.972	37	71	69	0	981.972	0	0
11830	T	T	974.861	37	69	69	0	0	0	974.861
11831	A	A	906.187	37	67	67	906.187	0	0	0
11832	G	G	962.872	37	67	67	0	0	962.872	0
11833	A	A	875.993	37	67	67	875.993	0	0	0
11834	C	C	945.327	37	67	66	0	945.327	0	0
11835	A	A	834.422	37	63	63	834.422	0	0	0
11836	T	T	890.362	37	65	65	0	0	0	890.362
11837	C	C	886.057	37	64	62	0	886.057	0	0
11838	G	G	861.599	37	60	60	0	0	861.599	0
11839	T	T	793.799	37	57	57	0	0	0	793.799
11840	T	T	788.449	37	56	56	0	0	0	788.449
11841	C	C	807.548	37	56	56	0	807.548	0	0
11842	T	T	796.65	37	59	59	0	0	0	796.65
11843	C	C	814.093	37	59	57	0	814.093	0	0
11844	C	C	843.524	36.0397	60	59	0	843.524	0	0
11845	A	A	825.571	36.0538	61	61	825.571	0	0	0
11846	T	T	782.281	36.0397	60	60	0	0	0	782.281
11847	G	G	766.004	36.0538	61	55	0	0	766.004	0
11848	A	A	792.44	36.0251	59	59	792.44	0	0	0
11849	C	C	836.014	36.01	58	58	0	836.014	0	0
11850	A	A	789.061	36.0251	59	59	789.061	0	0	0
11851	C	C	806.598	35.9945	57	56	0	806.598	0	0
11852	G	G	773.843	36.01	58	55	0	0	773.843	0
11853	T	T	790.309	36.01	58	58	0	0	0	790.309
11854	A	A	709.634	35.962	55	55	709.634	0	0	0
11855	C	C	754.424	35.945	54	53	0	754.424	0	0
11856	T	T	685.415	35.8504	49	49	0	0	0	685.415
11857	A	A	658.412	35.8504	49	49	658.412	0	0	0
11858	T	T	675.803	35.8294	48	48	0	0	0	675.803
11859	G	G	672.951	35.8294	48	47	0	0	672.951	0
11860	T	T	633.379	35.7616	45	45	0	0	0	633.379
11861	G	G	645.327	35.7616	45	45	0	0	645.327	0
11862	G	G	631.703	35.8077	47	45	0	0	631.703	0
11863	T	T	595.951	35.7616	45	45	0	0	0	595.951
11864	A	A	646.881	35.7616	45	45	646.881	0	0	0
11865	G	G	664.099	35.785	46	46	0	0	664.099	0
11866	C	C	660.339	35.8077	47	46	0	660.339	0	0
11867	C	C	698.288	35.8902	51	49	0	698.288	0	0
11868	C	C	668.57	35.9091	52	48	0	668.57	0	0
11869	A	A	748.413	35.945	54	54	748.413	0	0	0
11870	T	T	705.593	35.9273	53	53	0	0	0	705.593
11871	T	T	722.799	35.9273	53	53	0	0	0	722.799
11872	T	T	741.671	35.9273	53	53	0	0	0	741.671
11873	T	T	707.211	35.8707	50	50	0	0	0	707.211
11874	C	C	683.156	35.8902	51	49	0	683.156	0	0
11875	A	A	712.663	35.945	54	54	712.663	0	0	0
11876	C	C	698.994	35.945	54	50	0	698.994	0	0
11877	T	T	713.75	35.945	54	54	0	0	0	713.75
11878	A	A	787.24	36.01	58	58	787.24	0	0	0
11879	C	C	791.895	36.01	58	56	0	791.895	0	0
11880	G	G	821.392	35.9945	57	57	0	0	821.392	0
11881	T	T	762.969	36.0251	59	59	0	0	0	762.969
11882	G	G	874.955	36.0809	63	61	0	0	874.955	0
11883	C	C	819.635	37	61	58	0	819.635	0	0
11884	T	T	786.89	37	58	58	0	0	0	786.89
11885	G	G	849.591	37	60	59	0	0	849.591	0
11886	T	T	825.84	37	61	61	0	0	0	825.84
11887	C	C	894.278	37	63	62	0	894.278	0	0
11888	A	A	875.364	37	63	63	875.364	0	0	0
11889	A	A	871.257	37	62	62	871.257	0	0	0
11890	T	T	861.371	37	63	63	0	0	0	861.371
11891	G	G	884.565	37	64	62	0	0	884.565	0
11892	G	G	926.692	37	64	64	0	0	926.692	0
11893	G	G	937.03	37	66	65	0	0	937.03	0
11894	A	A	911.282	37	65	65	911.282	0	0	0
11895	G	G	938.54	37	65	65	0	0	938.54	0
11896	C	C	879.665	37	66	63	0	879.665	0	0
11897	T	T	920.819	37	66	66	0	0	0	920.819
11898	G	G	980.511	37	69	68	0	0	980.511	0
11899	T	T	926.742	37	68	68	0	0	0	926.742
11900	T	T	921.436	37	68	68	0	0	0	921.436
11901	T	T	946.849	37	71	71	0	0	0	946.849
11902	T	T	948.272	37	71	71	0	0	0	948.272
11903	C	C	1001.07	37	72	70	0	1001.07	0	0
11904	G	G	1037.7	37	73	72	0	0	1037.7	0
11905	C	C	1045.69	37	75	73	0	1045.69	0	0
11906	C	C	935.286	37	75	68	0	935.286	0	0
11907	A	A	992.992	37	75	75	992.992	0	0	0
11908	T	T	949.996	37	70	70	0	0	0	949.996
11909	C	C	985.692	37	71	69	0	985.692	0	0
11910	A	A	1008.27	37	72	72	1008.27	0	0	0
11911	T	T	971.485	37	71	71	0	0	0	971.485
11912	A	A	1017.17	37	73	73	1017.17	0	0	0
11913	G	G	983.62	37	72	69	0	0	983.62	0
11914	G	G	1038.94	37	72	72	0	0	1038.94	0
11915	A	A	975.334	37	71	71	975.334	0	0	0
11916	G	G	1002.24	37	71	70	0	0	1002.24	0
11917	G	G	1039.08	37	72	72	0	0	1039.08	0
11918	A	A	973.734	37	70	70	973.734	0	0	0
11919	T	T	985.71	37	71	71	0	0	0	985.71
11920	T	T	981.297	37	71	71	0	0	0	981.297
11921	T	T	1017.14	37	76	76	0	0	0	1017.14
11922	G	G	1092.54	37	78	76	0	0	1092.54	0
11923	T	T	1019.8	37	77	77	0	0	0	1019.8
11924	C	C	1053.33	37	77	74	0	1053.33	0	0
11925	C	C	1033.31	37	76	73	0	1033.31	0	0
11926	A	A	1071.74	37	78	78	1071.74	0	0	0
11927	C	C	1095.85	37	77	76	0	1095.85	0	0
11928	T	T	1039.6	37	75	75	0	0	0	1039.6
11929	G	G	1010.96	37	73	71	0	0	1010.96	0
11930	A	A	1032.62	37	74	74	1032.62	0	0	0
11931	T	T	1045.94	37	74	74	0	0	0	1045.94
11932	T	T	1053.6	37	75	75	0	0	0	1053.6
11933	C	C	1049.72	37	75	73	0	1049.72	0	0
11934	C	C	1083.51	37	76	75	0	1083.51	0	0
11935	C	C	1082.58	37	75	75	0	1082.58	0	0
11936	A	A	1014.48	37	74	74	1014.48	0	0	0
11937	C	C	1037.48	37	73	72	0	1037.48	0	0
11938	T	T	1029.02	37	76	76	0	0	0	1029.02
11939	A	A	995.189	37	75	75	995.189	0	0	0
11940	T	T	1056.69	37	77	77	0	0	0	1056.69
11941	T	T	1019.51	37	74	74	0	0	0	1019.51
11942	C	C	1066.79	37	74	74	0	1066.79	0	0
11943	T	T	964.828	37	69	69	0	0	0	964.828
11944	C	C	952.906	37	67	66	0	952.906	0	0
11945	A	A	884.47	37	67	67	884.47	0	0	0
11946	G	G	848.909	37	65	61	0	0	848.909	0
11947	G	G	834.709	37	61	59	0	0	834.709	0
11948	C	C	859.1	37	63	60	0	859.1	0	0
11949	T	T	888.619	37	67	67	0	0	0	888.619
11950	A	A	897.272	37	65	65	897.272	0	0	0
11951	C	C	907.614	37	64	63	0	907.614	0	0
11952	A	A	900.142	37	65	65	900.142	0	0	0
11953	C	C	867.636	37	66	62	0	867.636	0	0
11954	A	A	902.551	37	65	65	902.551	0	0	0
11955	C	C	923.772	37	65	64	0	923.772	0	0
11956	T	T	925.938	37	68	68	0	0	0	925.938
11957	T	T	915.531	37	68	68	0	0	0	915.531
11958	A	A	937.019	37	69	69	937.019	0	0	0
11959	A	A	950.968	37	71	71	950.968	0	0	0
11960	T	T	890.335	37	68	68	0	0	0	890.335
11961	A	A	980.715	37	71	71	980.715	0	0	0
11962	A	A	1000.39	37	71	71	1000.39	0	0	0
11963	C	C	954.575	37	70	67	0	954.575	0	0
11964	A	A	993.096	37	71	71	993.096	0	0	0
11965	C	C	1023.87	37	71	71	0	1023.87	0	0
11966	A	A	985.549	37	72	72	985.549	0	0	0
11967	T	T	1014.93	37	73	73	0	0	0	1014.93
11968	G	G	972.114	37	71	68	0	0	972.114	0
11969	A	A	927.852	37	68	68	927.852	0	0	0
11970	G	G	964.058	37	68	67	0	0	964.058	0
11971	C	C	928.698	37	70	66	0	928.698	0	0
11972	A	A	913.786	37	68	68	913.786	0	0	0
11973	A	A	931.635	37	69	69	931.635	0	0	0
11974	A	A	923.84	37	68	68	923.84	0	0	0
11975	A	A	916.219	37	67	67	916.219	0	0	0
11976	A	A	949.682	37	68	68	949.682	0	0	0
11977	T	T	899.854	37	66	66	0	0	0	899.854
11978	T	T	921.484	37	67	67	0	0	0	921.484
11979	C	C	949.456	36.1422	68	66	0	949.456	0	0
11980	A	A	918.314	36.1535	69	69	918.314	0	0	0
11981	C	C	947.048	36.1422	68	66	0	947.048	0	0
11982	T	T	896.619	36.0938	64	64	0	0	0	896.619
11983	T	T	890.113	36.1064	65	65	0	0	0	890.113
11984	T	T	888.702	36.1064	65	65	0	0	0	888.702
11985	A	A	908.043	36.1187	66	66	908.043	0	0	0
11986	T	T	885.473	36.1064	65	65	0	0	0	885.473
11987	A	A	893.493	36.1187	66	66	893.493	0	0	0
11988	A	A	876.605	36.0938	64	64	876.605	0	0	0
11989	T	T	876.34	36.0938	64	64	0	0	0	876.34
11990	T	T	896.189	36.1064	65	65	0	0	0	896.189
11991	A	A	927.524	36.1422	68	68	927.524	0	0	0
11992	T	T	919.585	36.1645	70	70	0	0	0	919.585
11993	A	A	939.57	36.1535	69	69	939.57	0	0	0
11994	T	T	896.776	36.1422	68	68	0	0	0	896.776
11995	T	T	922.647	36.1535	69	69	0	0	0	922.647
11996	C	C	907.217	36.1422	68	65	0	907.217	0	0
11997	A	A	940.595	36.1422	68	68	940.595	0	0	0
11998	T	T	959.171	36.1959	73	73	0	0	0	959.171
11999	T	T	948.956	36.1857	72	72	0	0	0	948.956
12000	G	G	1026.73	36.1857	72	71	0	0	1026.73	0
12001	G	G	1018.18	36.2155	75	72	0	0	1018.18	0
12002	G	G	1096.52	36.2342	77	76	0	0	1096.52	0
12003	G	G	1037.38	36.2249	76	73	0	0	1037.38	0
12004	T	T	1044.11	36.2249	76	76	0	0	0	1044.11
12005	T	T	1054.32	37	78	78	0	0	0	1054.32
12006	A	A	1098.91	37	77	77	1098.91	0	0	0
12007	A	A	1108.35	37	78	78	1108.35	0	0	0
12008	T	T	1089.6	37	79	79	0	0	0	1089.6
12009	A	A	1107.11	37	79	79	1107.11	0	0	0
12010	T	T	1121.8	37	79	79	0	0	0	1121.8
12011	G	G	1100.96	37	78	77	0	0	1100.96	0
12012	A	A	1116.3	37	80	80	1116.3	0	0	0
12013	C	C	1102.48	37	80	77	0	1102.48	0	0
12014	A	A	1105.72	37	81	81	1105.72	0	0	0
12015	T	T	1109.78	37	81	81	0	0	0	1109.78
12016	T	T	1110.08	37	82	82	0	0	0	1110.08
12017	C	C	1184.14	37	82	82	0	1184.14	0	0
12018	T	T	1092.95	37	78	78	0	0	0	1092.95
12019	T	T	1078.43	36.2432	78	78	0	0	0	1078.43
12020	T	T	1066.87	36.2342	77	77	0	0	0	1066.87
12021	C	C	1096.94	36.2342	77	76	0	1096.94	0	0
12022	C	C	1051.2	36.2432	78	74	0	1051.2	0	0
12023	T	T	1089.86	36.252	79	79	0	0	0	1089.86
12024	C	C	1100.19	36.252	79	77	0	1100.19	0	0
12025	A	A	1121.84	36.2606	80	80	1121.84	0	0	0
12026	G	G	1173.62	36.2852	83	82	0	0	1173.62	0
12027	C	C	1101.74	36.2852	83	78	0	1101.74	0	0
12028	A	A	1154.17	36.3008	85	85	1154.17	0	0	0
12029	T	T	1158.98	36.3008	85	85	0	0	0	1158.98
12030	T	T	1148	36.2931	84	84	0	0	0	1148
12031	T	T	1138.52	36.2852	83	83	0	0	0	1138.52
12032	T	T	1112.14	36.269	81	81	0	0	0	1112.14
12033	C	C	1128.65	36.252	79	78	0	1128.65	0	0
12034	T	T	1098.7	36.2432	78	78	0	0	0	1098.7
12035	A	A	1027.64	36.2249	76	76	1027.64	0	0	0
12036	G	G	1039.89	36.1959	73	72	0	0	1039.89	0
12037	G	G	1017.06	36.2058	74	71	0	0	1017.06	0
12038	C	C	976.562	36.1857	72	69	0	976.562	0	0
12039	C	C	1040.02	36.1857	72	72	0	1040.02	0	0
12040	T	T	1022.45	36.2058	74	74	0	0	0	1022.45
12041	G	G	1082.46	36.2155	75	75	0	0	1082.46	0
12042	T	T	1029.32	36.2155	75	75	0	0	0	1029.32
12043	C	C	1048.97	36.2249	76	74	0	1048.97	0	0
12044	A	A	1014.32	36.2058	74	74	1014.32	0	0	0
12045	G	G	996.873	36.1857	72	70	0	0	996.873	0
12046	G	G	958.034	36.1645	70	68	0	0	958.034	0
12047	A	A	1007.25	36.1959	73	73	1007.25	0	0	0
12048	A	A	1033.73	36.2155	75	75	1033.73	0	0	0
12049	T	T	1001.74	36.1857	72	72	0	0	0	1001.74
12050	A	A	1010.12	36.1959	73	73	1010.12	0	0	0
12051	C	C	1028.79	36.2058	74	72	0	1028.79	0	0
12052	C	C	1008.66	36.1959	73	71	0	1008.66	0	0
12053	T	T	1033.81	35.5512	75	75	0	0	0	1033.81
12054	C	C	1016.45	35.5176	73	71	0	1016.45	0	0
12055	G	G	1029.32	35.5346	74	72	0	0	1029.32	0
12056	G	G	997.503	35.5176	73	70	0	0	997.503	0
12057	C	C	958.733	35.4454	69	67	0	958.733	0	0
12058	G	G	924.716	35.3657	65	64	0	0	924.716	0
12059	A	A	934.95	35.4262	68	68	934.95	0	0	0
12060	T	T	937.662	35.4262	68	68	0	0	0	937.662
12061	A	A	947.85	35.4824	71	71	947.85	0	0	0
12062	T	T	930.339	36.1645	70	70	0	0	0	930.339
12063	T	T	947.896	36.1857	72	72	0	0	0	947.896
12064	C	C	972.852	36.1645	70	68	0	972.852	0	0
12065	C	C	965.012	36.1422	68	67	0	965.012	0	0
12066	G	G	949.605	36.1306	67	66	0	0	949.605	0
12067	A	A	895.963	36.1306	67	67	895.963	0	0	0
12068	C	C	921.808	36.1306	67	65	0	921.808	0	0
12069	T	T	909.268	36.1064	65	65	0	0	0	909.268
12070	A	A	859.89	36.0938	64	64	859.89	0	0	0
12071	T	T	890.346	36.0938	64	64	0	0	0	890.346
12072	C	C	919.159	36.1064	65	64	0	919.159	0	0
12073	C	C	906.487	36.0938	64	63	0	906.487	0	0
12074	A	A	860.158	36.0938	64	64	860.158	0	0	0
12075	G	G	859.034	36.0938	64	61	0	0	859.034	0
12076	A	A	842.63	36.0809	63	63	842.63	0	0	0
12077	T	T	872.822	37	66	66	0	0	0	872.822
12078	G	G	886.118	37	64	62	0	0	886.118	0
12079	C	C	921.257	37	64	64	0	921.257	0	0
12080	C	C	848.877	37	62	60	0	848.877	0	0
12081	T	T	846.154	37	62	62	0	0	0	846.154
12082	A	A	841.58	37	61	61	841.58	0	0	0
12083	T	T	850.322	37	60	60	0	0	0	850.322
12084	A	A	815.062	37	61	61	815.062	0	0	0
12085	C	C	857.942	37	61	60	0	857.942	0	0
12086	A	A	788.567	37	59	59	788.567	0	0	0
12087	A	A	769.731	37	58	58	769.731	0	0	0
12088	C	C	790.358	37	57	55	0	790.358	0	0
12089	A	A	718.824	37	53	53	718.824	0	0	0
12090	T	T	743.687	37	52	52	0	0	0	743.687
12091	G	G	713.1	37	52	50	0	0	713.1	0
12092	A	A	707.163	37	53	53	707.163	0	0	0
12093	A	A	693.166	37	51	51	693.166	0	0	0
12094	A	A	688.459	37	50	50	688.459	0	0	0
12095	C	C	719.971	37	50	50	0	719.971	0	0
12096	A	A	659.037	37	49	49	659.037	0	0	0
12097	C	C	705.253	37	49	49	0	705.253	0	0
12098	A	A	638.011	37	50	50	638.011	0	0	0
12099	G	G	654.43	37	50	47	0	0	654.43	0
12100	T	T	669.768	37	48	48	0	0	0	669.768
12101	A	A	600.985	37	46	46	600.985	0	0	0
12102	T	T	627.715	37	44	44	0	0	0	627.715
12103	C	C	559.434	37	40	39	0	559.434	0	0
12104	T	T	584.002	37	42	42	0	0	0	584.002
12105	T	T	577.908	37	42	42	0	0	0	577.908
12106	C	C	630.361	37	44	44	0	630.361	0	0
12107	T	T	594.947	37	46	46	0	0	0	594.947
12108	A	A	607.117	37	45	45	607.117	0	0	0
12109	T	T	606.604	37	46	46	0	0	0	606.604
12110	A	A	613.833	37	44	44	613.833	0	0	0
12111	G	G	605.174	37	43	42	0	0	605.174	0
12112	G	G	649.141	37	46	45	0	0	649.141	0
12113	C	C	589.555	37	45	42	0	589.555	0	0
12114	T	T	626.06	37	45	45	0	0	0	626.06
12115	C	C	661.898	37	46	46	0	661.898	0	0
12116	A	A	604.516	37	46	46	604.516	0	0	0
12117	T	T	616.745	37	44	44	0	0	0	616.745
12118	T	T	594.76	37	43	43	0	0	0	594.76
12119	T	T	587.101	37	43	43	0	0	0	587.101
12120	A	A	581.411	37	42	42	581.411	0	0	0
12121	T	T	585.329	37	43	43	0	0	0	585.329
12122	T	T	568.67	37	43	43	0	0	0	568.67
12123	T	T	585.775	37	44	44	0	0	0	585.775
12124	C	C	604.901	37	45	43	0	604.901	0	0
12125	A	A	614.26	37	45	45	614.26	0	0	0
12126	C	C	620.229	35.785	46	44	0	620.229	0	0
12127	T	T	595.504	35.7371	44	44	0	0	0	595.504
12128	A	A	593.68	35.7117	43	43	593.68	0	0	0
12129	A	A	594.972	35.7117	43	43	594.972	0	0	0
12130	C	C	633.128	35.7616	45	44	0	633.128	0	0
12131	A	A	576.519	35.6853	42	42	576.519	0	0	0
12132	G	G	588.102	35.6853	42	41	0	0	588.102	0
12133	C	C	586.024	35.7371	44	42	0	586.024	0	0
12134	A	A	580.874	35.7117	43	43	580.874	0	0	0
12135	G	G	546.017	35.6289	40	38	0	0	546.017	0
12136	T	T	558.863	35.6289	40	40	0	0	0	558.863
12137	T	T	551.268	35.6289	40	40	0	0	0	551.268
12138	A	A	590.126	35.6853	42	42	590.126	0	0	0
12139	T	T	580.4	35.6853	42	42	0	0	0	580.4
12140	G	G	644.462	35.785	46	45	0	0	644.462	0
12141	C	C	680.644	35.8707	50	48	0	680.644	0	0
12142	T	T	627.699	35.8504	49	49	0	0	0	627.699
12143	A	A	669.351	35.8902	51	51	669.351	0	0	0
12144	A	A	669.467	35.8707	50	50	669.467	0	0	0
12145	T	T	649.517	37	50	50	0	0	0	649.517
12146	A	A	693.828	37	50	50	693.828	0	0	0
12147	A	A	738.337	37	52	52	738.337	0	0	0
12148	T	T	677.621	37	52	52	0	0	0	677.621
12149	T	T	690.461	37	52	52	0	0	0	690.461
12150	T	T	717.398	37	54	54	0	0	0	717.398
12151	T	T	726.058	37	54	54	0	0	0	726.058
12152	C	C	789.432	37	56	55	0	789.432	0	0
12153	A	A	822.424	37	58	58	822.424	0	0	0
12154	T	T	779.948	37	59	59	0	0	0	779.948
12155	G	G	852.587	37	59	59	0	0	852.587	0
12156	A	A	873.094	37	62	62	873.094	0	0	0
12157	T	T	813.068	37	61	61	0	0	0	813.068
12158	T	T	852.983	37	63	63	0	0	0	852.983
12159	T	T	869.517	37	66	66	0	0	0	869.517
12160	G	G	916.46	37	66	64	0	0	916.46	0
12161	G	G	913.569	37	67	65	0	0	913.569	0
12162	G	G	943.954	37	67	66	0	0	943.954	0
12163	A	A	936.886	37	68	68	936.886	0	0	0
12164	G	G	968.104	37	69	68	0	0	968.104	0
12165	G	G	978.501	37	69	68	0	0	978.501	0
12166	C	C	981.01	37	69	68	0	981.01	0	0
12167	C	C	982.008	36.1422	68	68	0	982.008	0	0
12168	T	T	930.314	36.1306	67	67	0	0	0	930.314
12169	T	T	897.979	36.1064	65	65	0	0	0	897.979
12170	C	C	939.897	36.1064	65	65	0	939.897	0	0
12171	G	G	910.38	36.0938	64	63	0	0	910.38	0
12172	C	C	860.106	36.0938	64	61	0	860.106	0	0
12173	A	A	912.952	36.1187	66	66	912.952	0	0	0
12174	T	T	901.048	36.0938	64	64	0	0	0	901.048
12175	C	C	904.054	35.3657	65	63	0	904.054	0	0
12176	A	A	963.853	34.8367	69	69	963.853	0	0	0
12177	A	A	953.082	34.8118	68	68	953.082	0	0	0
12178	A	A	954.771	34.8118	68	68	954.771	0	0	0
12179	A	A	950.144	34.8118	68	68	950.144	0	0	0
12180	C	C	881.309	34.8367	69	64	0	881.309	0	0
12181	G	G	941.138	34.8367	69	66	0	0	941.138	0
12182	A	A	968.257	34.885	71	71	968.257	0	0	0
12183	G	G	955.816	34.9083	72	68	0	0	955.816	0
12184	A	A	932.538	34.9311	73	73	932.538	0	0	0
12185	G	G	965.846	34.885	71	68	0	0	965.846	0
12186	G	G	881.638	34.8367	69	64	0	0	881.638	0
12187	T	T	936.213	34.7862	67	67	0	0	0	936.213
12188	G	G	873.313	34.6485	62	61	0	0	873.313	0
12189	G	G	815.827	34.5572	59	57	0	0	815.827	0
12190	C	C	838.226	34.5572	59	58	0	838.226	0	0
12191	A	A	806.203	34.5572	59	59	806.203	0	0	0
12192	G	G	807.601	34.5884	60	57	0	0	807.601	0
12193	T	T	834.121	34.7056	64	64	0	0	0	834.121
12194	G	G	880.205	34.7331	65	62	0	0	880.205	0
12195	G	G	878.807	34.7331	65	62	0	0	878.807	0
12196	T	T	833.576	36.0809	63	63	0	0	0	833.576
12197	A	A	835.086	36.0938	64	64	835.086	0	0	0
12198	G	G	824.111	36.0538	61	58	0	0	824.111	0
12199	A	A	800.844	36.0397	60	60	800.844	0	0	0
12200	A	A	761.516	37	55	55	761.516	0	0	0
12201	C	C	769.462	37	55	54	0	769.462	0	0
12202	T	T	769.04	37	54	54	0	0	0	769.04
12203	T	T	776.162	37	55	55	0	0	0	776.162
12204	A	A	781.269	37	57	57	781.269	0	0	0
12205	C	C	806.304	37	56	56	0	806.304	0	0
12206	C	C	781.781	37	56	55	0	781.781	0	0
12207	T	T	788.57	37	58	58	0	0	0	788.57
12208	C	C	737.384	37	57	53	0	737.384	0	0
12209	A	A	814.934	37	58	58	814.934	0	0	0
12210	A	A	812.285	37	58	58	812.285	0	0	0
12211	C	C	828.559	37	63	59	0	828.559	0	0
12212	C	C	889.233	37	63	62	0	889.233	0	0
12213	A	A	852.613	37	61	61	852.613	0	0	0
12214	A	A	829.574	37	61	61	829.574	0	0	0
12215	C	C	864.744	37	63	61	0	864.744	0	0
12216	A	A	826.016	37	63	63	826.016	0	0	0
12217	T	T	861.781	37	62	62	0	0	0	861.781
12218	T	T	860.007	37	63	63	0	0	0	860.007
12219	G	G	839.78	37	61	59	0	0	839.78	0
12220	A	A	816.607	37	61	61	816.607	0	0	0
12221	A	A	799.805	37	58	58	799.805	0	0	0
12222	T	T	790.229	37	58	58	0	0	0	790.229
12223	G	G	817.331	37	58	57	0	0	817.331	0
12224	A	A	754.375	37	56	56	754.375	0	0	0
12225	C	C	823.25	37	57	57	0	823.25	0	0
12226	T	T	781.617	37	56	56	0	0	0	781.617
12227	A	A	738.358	37	54	54	738.358	0	0	0
12228	C	C	791.95	37	55	55	0	791.95	0	0
12229	A	A	755.15	37	55	55	755.15	0	0	0
12230	C	C	746.902	37	56	53	0	746.902	0	0
12231	G	G	752.254	37	55	53	0	0	752.254	0
12232	G	G	775.266	37	54	54	0	0	775.266	0
12233	A	A	734.913	37	55	55	734.913	0	0	0
12234	T	T	742.67	37	53	53	0	0	0	742.67
12235	G	G	724.283	37	52	51	0	0	724.283	0
12236	C	C	735.792	37	51	51	0	735.792	0	0
12237	C	C	714.255	35.9091	52	50	0	714.255	0	0
12238	C	C	714.27	35.9091	52	50	0	714.27	0	0
12239	T	T	714.9	35.9273	53	53	0	0	0	714.9
12240	C	C	697.151	35.9273	53	50	0	697.151	0	0
12241	C	C	743.183	35.0968	54	52	0	743.183	0	0
12242	T	T	718.69	35.0678	53	53	0	0	0	718.69
12243	C	C	728.909	33.86	56	52	0	728.909	0	0
12244	C	C	707.698	33.9378	58	52	0	707.698	0	0
12245	A	A	790.766	33.9378	58	58	790.766	0	0	0
12246	T	T	785.581	33.9378	58	58	0	0	0	785.581
12247	A	A	781.126	33.8994	57	57	781.126	0	0	0
12248	T	T	762.287	33.86	56	56	0	0	0	762.287
12249	C	C	807.152	33.86	56	56	0	807.152	0	0
12250	A	A	776.532	33.86	56	56	776.532	0	0	0
12251	C	C	751.714	33.9378	58	54	0	751.714	0	0
12252	A	A	826.882	33.9752	59	59	826.882	0	0	0
12253	C	C	810.722	33.9378	58	57	0	810.722	0	0
12254	A	A	834.738	33.9752	59	59	834.738	0	0	0
12255	T	T	794.133	33.9378	58	58	0	0	0	794.133
12256	T	T	810.68	33.9752	59	59	0	0	0	810.68
12257	C	C	827.873	33.9752	59	58	0	827.873	0	0
12258	G	G	828.733	33.9752	59	58	0	0	828.733	0
12259	A	A	852.363	34.0472	61	61	852.363	0	0	0
12260	A	A	893.52	34.1488	64	64	893.52	0	0	0
12261	G	G	937.971	34.1811	65	65	0	0	937.971	0
12262	A	A	917.301	34.2434	67	67	917.301	0	0	0
12263	A	A	887.118	34.1488	64	64	887.118	0	0	0
12264	C	C	920.548	34.1488	64	64	0	920.548	0	0
12265	C	C	934.074	34.2126	66	65	0	934.074	0	0
12266	T	T	908.715	34.7862	67	67	0	0	0	908.715
12267	G	G	964.481	34.8118	68	67	0	0	964.481	0
12268	C	C	951.39	34.7862	67	66	0	951.39	0	0
12269	C	C	902.506	34.7331	65	63	0	902.506	0	0
12270	T	T	915	34.8367	69	69	0	0	0	915
12271	A	A	911.741	34.7862	67	67	911.741	0	0	0
12272	C	C	921.645	34.7331	65	64	0	921.645	0	0
12273	G	G	904.717	34.7862	67	64	0	0	904.717	0
12274	T	T	871.98	34.7056	64	64	0	0	0	871.98
12275	T	T	877.851	34.6774	63	63	0	0	0	877.851
12276	A	A	920.28	34.7331	65	65	920.28	0	0	0
12277	C	C	897.428	34.76	66	63	0	897.428	0	0
12278	A	A	887.695	34.76	66	66	887.695	0	0	0
12279	C	C	957.275	34.8367	69	67	0	957.275	0	0
12280	T	T	940.159	34.8367	69	69	0	0	0	940.159
12281	A	A	921.477	34.8367	69	69	921.477	0	0	0
12282	A	A	952.666	34.8612	70	70	952.666	0	0	0
12283	A	A	972.312	34.885	71	71	972.312	0	0	0
12284	A	A	975.267	34.885	71	71	975.267	0	0	0
12285	T	T	949.184	34.9083	72	72	0	0	0	949.184
12286	A	A	940.873	34.8612	70	70	940.873	0	0	0
12287	A	A	958.703	34.9083	72	72	958.703	0	0	0
12288	G	G	986.642	34.885	71	69	0	0	986.642	0
12289	A	A	967.393	36.1752	71	71	967.393	0	0	0
12290	A	A	937.566	36.1535	69	69	937.566	0	0	0
12291	A	A	905.871	36.1422	68	68	905.871	0	0	0
12292	G	G	895.981	36.1187	66	63	0	0	895.981	0
12293	G	G	979.173	36.1535	69	68	0	0	979.173	0
12294	A	A	977.464	36.1959	73	73	977.464	0	0	0
12295	A	A	960.418	36.1645	70	70	960.418	0	0	0
12296	G	G	909.466	36.1306	67	65	0	0	909.466	0
12297	G	G	983.351	36.1535	69	68	0	0	983.351	0
12298	A	A	943.742	36.1535	69	69	943.742	0	0	0
12299	G	G	967.044	36.1422	68	67	0	0	967.044	0
12300	T	T	957.188	36.1535	69	69	0	0	0	957.188
12301	C	C	902.971	36.1306	67	64	0	902.971	0	0
12302	G	G	979.349	36.1422	68	68	0	0	979.349	0
12303	A	A	882.988	36.1064	65	65	882.988	0	0	0
12304	A	A	875.679	36.1064	65	65	875.679	0	0	0
12305	C	C	925.954	36.1064	65	64	0	925.954	0	0
12306	C	C	966.67	36.1306	67	67	0	966.67	0	0
12307	C	C	923.484	36.1064	65	64	0	923.484	0	0
12308	T	T	854.542	37	62	62	0	0	0	854.542
12309	C	C	897.818	37	65	63	0	897.818	0	0
12310	T	T	883.188	37	65	65	0	0	0	883.188
12311	G	G	851.423	37	65	61	0	0	851.423	0
12312	G	G	911.092	37	65	64	0	0	911.092	0
12313	A	A	874.382	37	66	66	874.382	0	0	0
12314	A	A	871.85	37	65	65	871.85	0	0	0
12315	T	T	884.922	37	63	63	0	0	0	884.922
12316	T	T	863.382	37	62	62	0	0	0	863.382
12317	G	G	891.609	37	64	63	0	0	891.609	0
12318	G	G	870.671	37	63	61	0	0	870.671	0
12319	T	T	872.464	37	65	65	0	0	0	872.464
12320	T	T	856.658	37	65	65	0	0	0	856.658
12321	T	T	826.898	37	62	62	0	0	0	826.898
12322	C	C	844.515	37	61	59	0	844.515	0	0
12323	A	A	849.625	37	61	61	849.625	0	0	0
12324	A	A	850.441	37	62	62	850.441	0	0	0
12325	G	G	905.781	37	64	63	0	0	905.781	0
12326	C	C	908.099	37	64	63	0	908.099	0	0
12327	C	C	862.916	37	64	61	0	862.916	0	0
12328	A	A	872.399	37	64	64	872.399	0	0	0
12329	A	A	856.088	37	63	63	856.088	0	0	0
12330	T	T	851.286	37	61	61	0	0	0	851.286
12331	A	A	832.551	37	61	61	832.551	0	0	0
12332	T	T	854.082	37	60	60	0	0	0	854.082
12333	C	C	833.189	37	60	58	0	833.189	0	0
12334	A	A	786.519	37	57	57	786.519	0	0	0
12335	T	T	804.958	37	57	57	0	0	0	804.958
12336	A	A	805.921	37	60	60	805.921	0	0	0
12337	A	A	853.594	37	63	63	853.594	0	0	0
12338	C	C	817.443	37	62	58	0	817.443	0	0
12339	C	C	838.236	37	61	59	0	838.236	0	0
12340	A	A	845.612	37	62	62	845.612	0	0	0
12341	C	C	832.73	37	59	58	0	832.73	0	0
12342	T	T	843.707	37	62	62	0	0	0	843.707
12343	A	A	841.87	37	62	62	841.87	0	0	0
12344	T	T	853.137	37	63	63	0	0	0	853.137
12345	G	G	882.544	37	64	62	0	0	882.544	0
12346	T	T	840.483	37	63	63	0	0	0	840.483
12347	C	C	906.473	37	64	63	0	906.473	0	0
12348	T	T	838.332	37	61	61	0	0	0	838.332
12349	C	C	820.884	37	60	58	0	820.884	0	0
12350	T	T	821.924	37	58	58	0	0	0	821.924
12351	C	C	825.162	37	57	57	0	825.162	0	0
12352	T	T	828.011	37	58	58	0	0	0	828.011
12353	C	C	836.34	37	59	58	0	836.34	0	0
12354	A	A	800.76	37	59	59	800.76	0	0	0
12355	A	A	784.019	37	57	57	784.019	0	0	0
12356	T	T	755.699	37	55	55	0	0	0	755.699
12357	A	A	798.246	37	56	56	798.246	0	0	0
12358	A	A	807.916	37	57	57	807.916	0	0	0
12359	A	A	774.939	37	56	56	774.939	0	0	0
12360	G	G	805.582	37	57	56	0	0	805.582	0
12361	A	A	834.521	37	61	61	834.521	0	0	0
12362	G	G	876.826	37	64	62	0	0	876.826	0
12363	A	A	861.394	37	64	64	861.394	0	0	0
12364	T	T	807.907	37	62	62	0	0	0	807.907
12365	A	A	857.04	37	63	63	857.04	0	0	0
12366	T	T	854.172	37	64	64	0	0	0	854.172
12367	T	T	885.122	37	65	65	0	0	0	885.122
12368	A	A	842.859	37	63	63	842.859	0	0	0
12369	G	G	936.521	37	65	65	0	0	936.521	0
12370	T	T	866.591	37	65	65	0	0	0	866.591
12371	A	A	879.145	37	65	65	879.145	0	0	0
12372	A	A	898.203	37	66	66	898.203	0	0	0
12373	A	A	925.214	37	68	68	925.214	0	0	0
12374	A	A	920.49	37	68	68	920.49	0	0	0
12375	A	A	903.322	37	65	65	903.322	0	0	0
12376	T	T	871.851	37	64	64	0	0	0	871.851
12377	T	T	889.15	37	64	64	0	0	0	889.15
12378	A	A	930.433	37	67	67	930.433	0	0	0
12379	C	C	965.464	37	68	67	0	965.464	0	0
12380	A	A	946.869	37	69	69	946.869	0	0	0
12381	T	T	924.371	37	67	67	0	0	0	924.371
12382	A	A	936.398	37	67	67	936.398	0	0	0
12383	A	A	943.172	37	68	68	943.172	0	0	0
12384	C	C	935.499	37	68	66	0	935.499	0	0
12385	T	T	954.017	37	70	70	0	0	0	954.017
12386	T	T	958.971	37	72	72	0	0	0	958.971
12387	T	T	975.31	37	73	73	0	0	0	975.31
12388	G	G	1029.06	37	71	71	0	0	1029.06	0
12389	T	T	988.889	37	72	72	0	0	0	988.889
12390	C	C	1033.09	37	73	72	0	1033.09	0	0
12391	A	A	1040.55	37	73	73	1040.55	0	0	0
12392	G	G	998.489	37	74	71	0	0	998.489	0
12393	G	G	1031.05	37	73	72	0	0	1031.05	0
12394	G	G	1022.37	37	74	72	0	0	1022.37	0
12395	T	T	1034.23	37	73	73	0	0	0	1034.23
12396	T	T	1047.66	37	74	74	0	0	0	1047.66
12397	A	A	957.775	37	73	73	957.775	0	0	0
12398	A	A	929.089	37	70	70	929.089	0	0	0
12399	A	A	908.388	37	68	68	908.388	0	0	0
12400	T	T	930.157	37	66	66	0	0	0	930.157
12401	T	T	929.024	37	66	66	0	0	0	929.024
12402	A	A	892.044	37	65	65	892.044	0	0	0
12403	T	T	899.304	37	65	65	0	0	0	899.304
12404	A	A	862.727	37	63	63	862.727	0	0	0
12405	G	G	841.102	37	64	60	0	0	841.102	0
12406	G	G	888.203	37	65	63	0	0	888.203	0
12407	T	T	883.863	37	64	64	0	0	0	883.863
12408	G	G	845.9	37	61	59	0	0	845.9	0
12409	A	A	854.564	37	63	63	854.564	0	0	0
12410	A	A	873.309	37	64	64	873.309	0	0	0
12411	A	A	849.299	37	61	61	849.299	0	0	0
12412	A	A	842.553	37	60	60	842.553	0	0	0
12413	T	T	851.564	36.0538	61	61	0	0	0	851.564
12414	C	C	832.744	36.0397	60	58	0	832.744	0	0
12415	C	C	851.502	36.0397	60	59	0	851.502	0	0
12416	T	T	846.528	36.0538	61	61	0	0	0	846.528
12417	T	T	856.301	36.0675	62	62	0	0	0	856.301
12418	T	T	851.786	36.0538	61	61	0	0	0	851.786
12419	A	A	805.501	36.0397	60	60	805.501	0	0	0
12420	T	T	831.142	36.0251	59	59	0	0	0	831.142
12421	A	A	811.097	36.0538	61	61	811.097	0	0	0
12422	T	T	838.279	36.0538	61	61	0	0	0	838.279
12423	C	C	865.622	36.0397	60	60	0	865.622	0	0
12424	T	T	793.542	36.0251	59	59	0	0	0	793.542
12425	T	T	765.795	36.01	58	58	0	0	0	765.795
12426	T	T	788.473	36.01	58	58	0	0	0	788.473
12427	A	A	822.885	36.0251	59	59	822.885	0	0	0
12428	T	T	791.055	36.0538	61	61	0	0	0	791.055
12429	G	G	885.402	36.0809	63	62	0	0	885.402	0
12430	G	G	891.016	36.0938	64	62	0	0	891.016	0
12431	C	C	929.001	36.1187	66	65	0	929.001	0	0
12432	A	A	930.36	36.1187	66	66	930.36	0	0	0
12433	T	T	887.043	36.1306	67	67	0	0	0	887.043
12434	G	G	969.003	36.1306	67	67	0	0	969.003	0
12435	C	C	877.763	35.4454	69	63	0	877.763	0	0
12436	C	C	915.826	35.3864	66	64	0	915.826	0	0
12437	C	C	934.752	35.4066	67	65	0	934.752	0	0
12438	C	C	949.187	35.4262	68	66	0	949.187	0	0
12439	T	T	952.049	35.4262	68	68	0	0	0	952.049
12440	T	T	948.44	35.4262	68	68	0	0	0	948.44
12441	C	C	957.714	35.4454	69	67	0	957.714	0	0
12442	C	C	979.858	35.4824	71	69	0	979.858	0	0
12443	A	A	939.277	35.4454	69	69	939.277	0	0	0
12444	A	A	948.257	35.4641	70	70	948.257	0	0	0
12445	A	A	924.374	35.3864	66	66	924.374	0	0	0
12446	T	T	903.668	35.3657	65	65	0	0	0	903.668
12447	A	A	929.202	35.4066	67	67	929.202	0	0	0
12448	G	G	948.61	35.4262	68	66	0	0	948.61	0
12449	G	G	905.601	35.4066	67	64	0	0	905.601	0
12450	T	T	927.672	35.4066	67	67	0	0	0	927.672
12451	C	C	945.35	35.4262	68	66	0	945.35	0	0
12452	T	T	935.823	35.4262	68	68	0	0	0	935.823
12453	T	T	933.167	35.4262	68	68	0	0	0	933.167
12454	C	C	924.865	35.4262	68	65	0	924.865	0	0
12455	A	A	936.951	35.4066	67	67	936.951	0	0	0
12456	A	A	944.949	35.4262	68	68	944.949	0	0	0
12457	G	G	947.737	35.4641	70	67	0	0	947.737	0
12458	A	A	931.126	36.1422	68	68	931.126	0	0	0
12459	C	C	944.616	36.1422	68	66	0	944.616	0	0
12460	G	G	956.666	36.1535	69	67	0	0	956.666	0
12461	C	C	981.783	36.1535	69	68	0	981.783	0	0
12462	A	A	882.4	36.1187	66	66	882.4	0	0	0
12463	A	A	882.631	36.1187	66	66	882.631	0	0	0
12464	C	C	920.536	37	66	64	0	920.536	0	0
12465	T	T	906.543	37	66	66	0	0	0	906.543
12466	T	T	889.738	37	65	65	0	0	0	889.738
12467	C	C	881.942	37	65	62	0	881.942	0	0
12468	T	T	869.954	37	64	64	0	0	0	869.954
12469	C	C	948.343	37	67	66	0	948.343	0	0
12470	C	C	934.833	36.1752	71	67	0	934.833	0	0
12471	C	C	910.857	36.1752	71	66	0	910.857	0	0
12472	A	A	935.582	36.1752	71	71	935.582	0	0	0
12473	T	T	894.662	36.1645	70	70	0	0	0	894.662
12474	C	C	961.941	36.1306	67	67	0	961.941	0	0
12475	A	A	902.548	36.1306	67	67	902.548	0	0	0
12476	T	T	920.713	36.1422	68	68	0	0	0	920.713
12477	A	A	885.3	36.1064	65	65	885.3	0	0	0
12478	G	G	868.548	36.0809	63	61	0	0	868.548	0
12479	A	A	896.358	36.0938	64	64	896.358	0	0	0
12480	G	G	953.548	36.1306	67	66	0	0	953.548	0
12481	G	G	855.668	36.1187	66	62	0	0	855.668	0
12482	A	A	906.071	36.1187	66	66	906.071	0	0	0
12483	A	A	919.11	36.1422	68	68	919.11	0	0	0
12484	C	C	943.701	36.1422	68	66	0	943.701	0	0
12485	T	T	914.836	36.1187	66	66	0	0	0	914.836
12486	T	T	913.283	36.1306	67	67	0	0	0	913.283
12487	T	T	915.177	36.1306	67	67	0	0	0	915.177
12488	T	T	895.569	36.0938	64	64	0	0	0	895.569
12489	G	G	907.476	36.0938	64	63	0	0	907.476	0
12490	C	C	949.084	36.1187	66	66	0	949.084	0	0
12491	A	A	906.137	36.1306	67	67	906.137	0	0	0
12492	T	T	908.288	36.1187	66	66	0	0	0	908.288
12493	T	T	891.397	36.1187	66	66	0	0	0	891.397
12494	T	T	896.515	36.1064	65	65	0	0	0	896.515
12495	T	T	860.627	36.0538	61	61	0	0	0	860.627
12496	C	C	907.901	36.0938	64	63	0	907.901	0	0
12497	A	A	838.89	37	62	62	838.89	0	0	0
12498	T	T	852.735	37	62	62	0	0	0	852.735
12499	G	G	845.15	37	64	60	0	0	845.15	0
12500	A	A	897.223	37	66	66	897.223	0	0	0
12501	T	T	865.916	37	65	65	0	0	0	865.916
12502	C	C	910.48	37	66	64	0	910.48	0	0
12503	A	A	900.622	37	66	66	900.622	0	0	0
12504	T	T	845.695	37	62	62	0	0	0	845.695
12505	A	A	878.73	37	63	63	878.73	0	0	0
12506	C	C	884.942	37	63	62	0	884.942	0	0
12507	A	A	893.419	37	65	65	893.419	0	0	0
12508	T	T	897.529	37	65	65	0	0	0	897.529
12509	T	T	892.272	37	65	65	0	0	0	892.272
12510	A	A	880.285	37	64	64	880.285	0	0	0
12511	A	A	871.999	37	62	62	871.999	0	0	0
12512	T	T	872.047	37	62	62	0	0	0	872.047
12513	A	A	852.193	37	62	62	852.193	0	0	0
12514	A	A	856.492	37	64	64	856.492	0	0	0
12515	T	T	897.877	37	67	67	0	0	0	897.877
12516	T	T	912.453	37	69	69	0	0	0	912.453
12517	G	G	967.306	37	67	67	0	0	967.306	0
12518	T	T	884.534	37	67	67	0	0	0	884.534
12519	G	G	941.518	37	65	65	0	0	941.518	0
12520	T	T	897.204	37	65	65	0	0	0	897.204
12521	T	T	932.84	37	68	68	0	0	0	932.84
12522	C	C	953.284	37	67	66	0	953.284	0	0
12523	C	C	962.153	37	69	67	0	962.153	0	0
12524	T	T	938.77	37	67	67	0	0	0	938.77
12525	A	A	858.262	37	65	65	858.262	0	0	0
12526	A	A	827.01	37	60	60	827.01	0	0	0
12527	T	T	848.175	37	61	61	0	0	0	848.175
12528	T	T	855.508	37	61	61	0	0	0	855.508
12529	A	A	834.168	37	61	61	834.168	0	0	0
12530	G	G	825.89	37	61	58	0	0	825.89	0
12531	C	C	841.1	37	60	59	0	841.1	0	0
12532	T	T	830.662	37	61	61	0	0	0	830.662
12533	C	C	835.795	37	59	58	0	835.795	0	0
12534	C	C	863.995	37	60	60	0	863.995	0	0
12535	C	C	829.102	37	60	58	0	829.102	0	0
12536	T	T	816.102	37	61	61	0	0	0	816.102
12537	A	A	825.725	37	61	61	825.725	0	0	0
12538	G	G	857.41	37	62	60	0	0	857.41	0
12539	T	T	826.816	37	61	61	0	0	0	826.816
12540	T	T	828.647	37	62	62	0	0	0	828.647
12541	C	C	866.698	37	65	62	0	866.698	0	0
12542	T	T	846.122	37	64	64	0	0	0	846.122
12543	C	C	851.594	37	63	60	0	851.594	0	0
12544	T	T	848.281	37	64	64	0	0	0	848.281
12545	A	A	870.15	37	64	64	870.15	0	0	0
12546	T	T	872.976	37	62	62	0	0	0	872.976
12547	A	A	838.594	37	63	63	838.594	0	0	0
12548	T	T	860.391	37	61	61	0	0	0	860.391
12549	T	T	855.145	37	61	61	0	0	0	855.145
12550	A	A	848.2	37	61	61	848.2	0	0	0
12551	T	T	859.654	37	63	63	0	0	0	859.654
12552	C	C	813.564	37	61	58	0	813.564	0	0
12553	T	T	815.137	37	60	60	0	0	0	815.137
12554	C	C	842.434	37	61	59	0	842.434	0	0
12555	A	A	827.636	37	61	61	827.636	0	0	0
12556	A	A	827.448	37	62	62	827.448	0	0	0
12557	C	C	880.166	37	62	61	0	880.166	0	0
12558	T	T	847.209	37	61	61	0	0	0	847.209
12559	A	A	817.593	37	60	60	817.593	0	0	0
12560	T	T	818.928	37	60	60	0	0	0	818.928
12561	A	A	783.337	37	57	57	783.337	0	0	0
12562	C	C	808.838	37	56	56	0	808.838	0	0
12563	T	T	790.167	37	57	57	0	0	0	790.167
12564	A	A	750.786	37	56	56	750.786	0	0	0
12565	A	A	745.809	37	56	56	745.809	0	0	0
12566	C	C	786.046	37	57	55	0	786.046	0	0
12567	C	C	787.98	37	56	55	0	787.98	0	0
12568	A	A	743.395	37	56	56	743.395	0	0	0
12569	C	C	780.864	37	57	55	0	780.864	0	0
12570	C	C	783.958	37	57	55	0	783.958	0	0
12571	A	A	739.953	37	54	54	739.953	0	0	0
12572	A	A	704.47	37	53	53	704.47	0	0	0
12573	A	A	737.152	37	55	55	737.152	0	0	0
12574	T	T	731.174	37	54	54	0	0	0	731.174
12575	T	T	760.233	37	55	55	0	0	0	760.233
12576	A	A	726.249	37	53	53	726.249	0	0	0
12577	A	A	693.788	37	49	49	693.788	0	0	0
12578	C	C	708.757	37	49	49	0	708.757	0	0
12579	A	A	712.414	37	51	51	712.414	0	0	0
12580	C	C	749.886	37	52	52	0	749.886	0	0
12581	A	A	737.327	37	53	53	737.327	0	0	0
12582	C	C	734.932	37	51	51	0	734.932	0	0
12583	A	A	691.876	37	50	50	691.876	0	0	0
12584	C	C	722.671	37	50	50	0	722.671	0	0
12585	A	A	660.246	37	49	49	660.246	0	0	0
12586	A	A	653.67	37	49	49	653.67	0	0	0
12587	G	G	642.54	37	47	45	0	0	642.54	0
12588	T	T	667.004	37	47	47	0	0	0	667.004
12589	A	A	650.938	37	48	48	650.938	0	0	0
12590	C	C	684.674	37	49	48	0	684.674	0	0
12591	A	A	702.884	37	52	52	702.884	0	0	0
12592	A	A	693.97	37	52	52	693.97	0	0	0
12593	T	T	666.535	37	51	51	0	0	0	666.535
12594	A	A	686.838	37	51	51	686.838	0	0	0
12595	G	G	695.426	37	52	49	0	0	695.426	0
12596	A	A	713.988	37	52	52	713.988	0	0	0
12597	C	C	696.878	35.9273	53	50	0	696.878	0	0
12598	G	G	748.326	35.9273	53	52	0	0	748.326	0
12599	C	C	699.735	35.945	54	50	0	699.735	0	0
12600	A	A	777.858	35.962	55	55	777.858	0	0	0
12601	C	C	708.015	35.9785	56	51	0	708.015	0	0
12602	A	A	760.22	35.962	55	55	760.22	0	0	0
12603	A	A	772.465	35.962	55	55	772.465	0	0	0
12604	G	G	740.758	35.9785	56	53	0	0	740.758	0
12605	A	A	800.766	36.0251	59	59	800.766	0	0	0
12606	A	A	799.783	35.9945	57	57	799.783	0	0	0
12607	G	G	835.35	36.01	58	58	0	0	835.35	0
12608	T	T	790.976	36.01	58	58	0	0	0	790.976
12609	A	A	773.443	35.9945	57	57	773.443	0	0	0
12610	G	G	832.509	36.0251	59	58	0	0	832.509	0
12611	A	A	783.949	36.0251	59	59	783.949	0	0	0
12612	G	G	819.522	36.01	58	57	0	0	819.522	0
12613	A	A	764.48	35.9785	56	56	764.48	0	0	0
12614	C	C	778.281	35.945	54	54	0	778.281	0	0
12615	G	G	791.115	35.9785	56	55	0	0	791.115	0
12616	G	G	782.164	35.9945	57	55	0	0	782.164	0
12617	T	T	784.847	35.9945	57	57	0	0	0	784.847
12618	G	G	783.005	35.9945	57	55	0	0	783.005	0
12619	T	T	780.899	36.01	58	58	0	0	0	780.899
12620	G	G	758.783	35.945	54	53	0	0	758.783	0
12621	A	A	733.181	35.9273	53	53	733.181	0	0	0
12622	A	A	770.859	35.9785	56	56	770.859	0	0	0
12623	C	C	775.726	35.9785	56	54	0	775.726	0	0
12624	T	T	774.779	36.0251	59	59	0	0	0	774.779
12625	A	A	861.334	37	60	60	861.334	0	0	0
12626	T	T	798.522	37	63	63	0	0	0	798.522
12627	C	C	807.725	37	63	58	0	807.725	0	0
12628	C	C	862.39	37	63	61	0	862.39	0	0
12629	T	T	880.722	37	64	64	0	0	0	880.722
12630	G	G	909.312	37	63	63	0	0	909.312	0
12631	C	C	866.338	37	61	60	0	866.338	0	0
12632	C	C	855.674	37	65	61	0	855.674	0	0
12633	A	A	925.492	37	66	66	925.492	0	0	0
12634	G	G	932.525	37	67	65	0	0	932.525	0
12635	C	C	927.846	37	66	65	0	927.846	0	0
12636	T	T	903.206	37	66	66	0	0	0	903.206
12637	A	A	924.508	37	65	65	924.508	0	0	0
12638	T	T	915.351	37	65	65	0	0	0	915.351
12639	T	T	928.937	37	66	66	0	0	0	928.937
12640	A	A	932.43	37	68	68	932.43	0	0	0
12641	T	T	952.917	37	68	68	0	0	0	952.917
12642	C	C	956.361	37	68	67	0	956.361	0	0
12643	T	T	939.044	37	67	67	0	0	0	939.044
12644	T	T	947.051	37	69	69	0	0	0	947.051
12645	G	G	951.884	37	66	66	0	0	951.884	0
12646	A	A	894.932	37	65	65	894.932	0	0	0
12647	T	T	904.864	37	66	66	0	0	0	904.864
12648	T	T	914.399	37	67	67	0	0	0	914.399
12649	C	C	938.994	37	66	65	0	938.994	0	0
12650	T	T	918.288	37	67	67	0	0	0	918.288
12651	G	G	939.781	37	65	65	0	0	939.781	0
12652	A	A	922.471	37	66	66	922.471	0	0	0
12653	T	T	914.981	37	66	66	0	0	0	914.981
12654	C	C	964.789	37	68	67	0	964.789	0	0
12655	G	G	869.555	37	68	63	0	0	869.555	0
12656	C	C	923.869	37	65	64	0	923.869	0	0
12657	A	A	907.699	37	69	69	907.699	0	0	0
12658	C	C	954.544	36.1857	72	68	0	954.544	0	0
12659	T	T	961.077	36.1959	73	73	0	0	0	961.077
12660	C	C	940.787	36.1422	68	66	0	940.787	0	0
12661	C	C	944.146	36.1306	67	66	0	944.146	0	0
12662	C	C	927.139	36.1306	67	65	0	927.139	0	0
12663	A	A	900.206	36.1064	65	65	900.206	0	0	0
12664	T	T	915.015	36.1064	65	65	0	0	0	915.015
12665	C	C	913.852	36.1422	68	65	0	913.852	0	0
12666	A	A	912.396	36.1306	67	67	912.396	0	0	0
12667	C	C	964.623	36.1306	67	67	0	964.623	0	0
12668	T	T	919.058	36.1422	68	68	0	0	0	919.058
12669	A	A	967.798	36.1645	70	70	967.798	0	0	0
12670	C	C	910.927	36.1306	67	64	0	910.927	0	0
12671	G	G	968.809	36.1959	73	69	0	0	968.809	0
12672	G	G	1051.66	36.2058	74	73	0	0	1051.66	0
12673	A	A	998.085	36.2058	74	74	998.085	0	0	0
12674	T	T	1007.87	36.2155	75	75	0	0	0	1007.87
12675	C	C	1049.02	36.1959	73	73	0	1049.02	0	0
12676	C	C	1038.88	36.1857	72	72	0	1038.88	0	0
12677	T	T	996.246	36.1959	73	73	0	0	0	996.246
12678	C	C	1022.76	36.1857	72	71	0	1022.76	0	0
12679	T	T	991.725	36.1752	71	71	0	0	0	991.725
12680	A	A	935.502	36.1422	68	68	935.502	0	0	0
12681	T	T	943.2	36.1422	68	68	0	0	0	943.2
12682	A	A	952.62	36.1422	68	68	952.62	0	0	0
12683	T	T	965.43	36.1535	69	69	0	0	0	965.43
12684	G	G	966.911	36.1422	68	67	0	0	966.911	0
12685	A	A	959.114	36.1422	68	68	959.114	0	0	0
12686	T	T	937.462	36.1306	67	67	0	0	0	937.462
12687	G	G	943.51	36.1422	68	66	0	0	943.51	0
12688	G	G	922.354	36.1306	67	65	0	0	922.354	0
12689	A	A	979.249	36.1752	71	71	979.249	0	0	0
12690	T	T	976.202	36.1752	71	71	0	0	0	976.202
12691	G	G	981.168	36.1752	71	69	0	0	981.168	0
12692	A	A	986.189	36.1857	72	72	986.189	0	0	0
12693	G	G	1000.49	36.1857	72	70	0	0	1000.49	0
12694	A	A	954.382	36.1645	70	70	954.382	0	0	0
12695	T	T	950.857	36.1535	69	69	0	0	0	950.857
12696	C	C	938.539	36.1645	70	66	0	938.539	0	0
12697	A	A	942.62	36.1535	69	69	942.62	0	0	0
12698	A	A	968.88	36.1752	71	71	968.88	0	0	0
12699	T	T	952.115	36.1535	69	69	0	0	0	952.115
12700	A	A	935.063	36.1422	68	68	935.063	0	0	0
12701	A	A	901.169	36.1187	66	66	901.169	0	0	0
12702	T	T	929.273	36.1306	67	67	0	0	0	929.273
12703	C	C	980.852	35.4262	68	68	0	980.852	0	0
12704	C	C	949.017	35.4262	68	66	0	949.017	0	0
12705	C	C	914.429	35.4262	68	65	0	914.429	0	0
12706	T	T	903.963	35.4066	67	67	0	0	0	903.963
12707	C	C	925.954	35.4066	67	65	0	925.954	0	0
12708	A	A	946.323	35.4262	68	68	946.323	0	0	0
12709	C	C	955.671	35.4262	68	67	0	955.671	0	0
12710	T	T	923.46	36.1306	67	67	0	0	0	923.46
12711	A	A	914.311	36.1306	67	67	914.311	0	0	0
12712	A	A	891.513	36.1306	67	67	891.513	0	0	0
12713	C	C	933.438	36.1306	67	65	0	933.438	0	0
12714	T	T	940.392	36.1422	68	68	0	0	0	940.392
12715	G	G	896.941	36.1064	65	63	0	0	896.941	0
12716	T	T	896.1	36.0938	64	64	0	0	0	896.1
12717	A	A	861.07	36.0809	63	63	861.07	0	0	0
12718	A	A	901.479	35.3864	66	66	901.479	0	0	0
12719	A	A	920.787	35.3864	66	66	920.787	0	0	0
12720	A	A	926.038	35.3864	66	66	926.038	0	0	0
12721	A	A	936.823	35.4262	68	68	936.823	0	0	0
12722	C	C	885.929	35.4641	70	64	0	885.929	0	0
12723	C	C	899.459	35.4454	69	65	0	899.459	0	0
12724	A	A	954.08	35.4641	70	70	954.08	0	0	0
12725	T	T	944.162	35.4454	69	69	0	0	0	944.162
12726	G	G	951.772	35.4066	67	66	0	0	951.772	0
12727	G	G	917.178	35.3864	66	64	0	0	917.178	0
12728	G	G	964.451	35.4262	68	67	0	0	964.451	0
12729	C	C	960.628	35.4454	69	67	0	960.628	0	0
12730	C	C	938.077	35.3657	65	65	0	938.077	0	0
12731	A	A	884.588	35.3864	66	66	884.588	0	0	0
12732	C	C	948.972	35.4454	69	67	0	948.972	0	0
12733	C	C	951.133	35.4641	70	67	0	951.133	0	0
12734	A	A	966.452	35.5002	72	72	966.452	0	0	0
12735	G	G	988.51	35.4824	71	69	0	0	988.51	0
12736	T	T	918.235	35.4824	71	71	0	0	0	918.235
12737	G	G	1008.86	35.4641	70	70	0	0	1008.86	0
12738	A	A	981.919	35.5002	72	72	981.919	0	0	0
12739	T	T	973.196	35.5176	73	73	0	0	0	973.196
12740	A	A	978.924	35.4641	70	70	978.924	0	0	0
12741	T	T	953.23	35.4824	71	71	0	0	0	953.23
12742	T	T	969.809	35.5512	75	74	0	0	0	969.809
12743	G	G	1028.19	35.5512	75	72	0	0	1028.19	0
12744	A	A	1032.4	37	74	74	1032.4	0	0	0
12745	A	A	1005.33	37	74	74	1005.33	0	0	0
12746	G	G	960.639	37	71	68	0	0	960.639	0
12747	T	T	1013.93	37	73	72	0	0	0	1013.93
12748	T	T	1001.63	37	71	71	0	0	0	1001.63
12749	A	A	970.61	37	71	71	970.61	0	0	0
12750	C	C	1006.7	37	72	70	0	1006.7	0	0
12751	G	G	1031.03	37	73	72	0	0	1031.03	0
12752	A	A	1064.62	37	76	76	1064.62	0	0	0
12753	A	A	1083.67	37	78	78	1083.67	0	0	0
12754	T	T	1004.96	37	76	76	0	0	0	1004.96
12755	A	A	1100.27	37	79	79	1100.27	0	0	0
12756	T	T	1073.63	37	80	80	0	0	0	1073.63
12757	A	A	1077.72	37	81	81	1077.72	0	0	0
12758	C	C	1126.73	37	83	80	0	1126.73	0	0
12759	A	A	1120.51	37	81	81	1120.51	0	0	0
12760	G	G	1210.78	37	85	84	0	0	1210.78	0
12761	A	A	1159.05	37	85	85	1159.05	0	0	0
12762	T	T	1092.3	37	83	83	0	0	0	1092.3
12763	T	T	1106.99	37	83	83	0	0	0	1106.99
12764	A	A	1171.72	37	85	85	1171.72	0	0	0
12765	T	T	1187.39	37	87	87	0	0	0	1187.39
12766	G	G	1110.82	37	85	79	0	0	1110.82	0
12767	A	A	1133	37	83	83	1133	0	0	0
12768	A	A	1100.14	37	80	80	1100.14	0	0	0
12769	G	G	1088.35	37	81	77	0	0	1088.35	0
12770	A	A	1113.06	37	79	79	1113.06	0	0	0
12771	T	T	1110.99	37	79	79	0	0	0	1110.99
12772	T	T	1113.98	37	79	79	0	0	0	1113.98
12773	T	T	1083.63	37	77	77	0	0	0	1083.63
12774	A	A	1057.94	37	77	77	1057.94	0	0	0
12775	A	A	1033.33	37	76	76	1033.33	0	0	0
12776	A	A	1023.22	37	75	75	1023.22	0	0	0
12777	C	C	1024.52	37	73	72	0	1024.52	0	0
12778	T	T	1042.64	37	73	73	0	0	0	1042.64
12779	T	T	1034.88	37	74	74	0	0	0	1034.88
12780	T	T	1011.11	37	72	72	0	0	0	1011.11
12781	G	G	949.9	37	69	67	0	0	949.9	0
12782	A	A	954.515	37	70	70	954.515	0	0	0
12783	C	C	963.206	37	70	68	0	963.206	0	0
12784	T	T	944.743	37	67	67	0	0	0	944.743
12785	C	C	953.808	37	67	66	0	953.808	0	0
12786	C	C	909.509	37	66	64	0	909.509	0	0
12787	T	T	929.094	37	66	66	0	0	0	929.094
12788	A	A	888.186	37	67	67	888.186	0	0	0
12789	T	T	916.474	37	67	67	0	0	0	916.474
12790	A	A	885.687	37	67	67	885.687	0	0	0
12791	T	T	870.882	37	65	65	0	0	0	870.882
12792	G	G	845.385	37	64	60	0	0	845.385	0
12793	A	A	800.675	37	62	62	800.675	0	0	0
12794	T	T	817.41	37	58	58	0	0	0	817.41
12795	T	T	845.374	37	61	61	0	0	0	845.374
12796	C	C	892.659	37	63	62	0	892.659	0	0
12797	C	C	916.579	37	65	64	0	916.579	0	0
12798	G	G	805.989	37	61	57	0	0	805.989	0
12799	A	A	815.907	37	61	61	815.907	0	0	0
12800	C	C	816.208	37	58	57	0	816.208	0	0
12801	A	A	793.872	37	59	59	793.872	0	0	0
12802	C	C	835.252	37	61	59	0	835.252	0	0
12803	A	A	852.217	37	61	61	852.217	0	0	0
12804	A	A	892.269	37	64	64	892.269	0	0	0
12805	G	G	911.253	37	64	63	0	0	911.253	0
12806	A	A	878.048	37	64	64	878.048	0	0	0
12807	A	A	908.864	37	65	65	908.864	0	0	0
12808	C	C	922.362	37	64	64	0	922.362	0	0
12809	T	T	905.547	37	66	66	0	0	0	905.547
12810	A	A	951.846	37	68	68	951.846	0	0	0
12811	A	A	925.308	37	64	64	925.308	0	0	0
12812	A	A	927.396	37	65	65	927.396	0	0	0
12813	G	G	969.807	37	67	67	0	0	969.807	0
12814	C	C	924.643	37	67	65	0	924.643	0	0
12815	C	C	958.609	37	68	67	0	958.609	0	0
12816	T	T	956.623	37	69	69	0	0	0	956.623
12817	G	G	965.004	37	69	67	0	0	965.004	0
12818	G	G	969.83	37	68	67	0	0	969.83	0
12819	A	A	1012.64	37	72	72	1012.64	0	0	0
12820	G	G	1019.81	37	73	71	0	0	1019.81	0
12821	A	A	1072.5	37	76	76	1072.5	0	0	0
12822	A	A	1069.46	37	76	76	1069.46	0	0	0
12823	T	T	1018.02	37	78	78	0	0	0	1018.02
12824	T	T	1050.67	37	78	78	0	0	0	1050.67
12825	G	G	1090.06	37	78	76	0	0	1090.06	0
12826	C	C	1130.11	37	80	79	0	1130.11	0	0
12827	G	G	1090.3	37	78	76	0	0	1090.3	0
12828	G	G	1056.07	37	77	74	0	0	1056.07	0
12829	T	T	1100.88	37	77	77	0	0	0	1100.88
12830	T	T	1053.21	37	75	75	0	0	0	1053.21
12831	A	A	1029.57	37	74	74	1029.57	0	0	0
12832	T	T	1039.33	37	73	73	0	0	0	1039.33
12833	T	T	1031.73	37	73	73	0	0	0	1031.73
12834	A	A	996.899	37	73	73	996.899	0	0	0
12835	G	G	1052.02	37	74	73	0	0	1052.02	0
12836	A	A	969.003	37	73	73	969.003	0	0	0
12837	A	A	957.881	37	71	71	957.881	0	0	0
12838	G	G	1014.59	37	73	71	0	0	1014.59	0
12839	T	T	976.605	37	71	71	0	0	0	976.605
12840	G	G	987.73	37	71	70	0	0	987.73	0
12841	G	G	926.874	37	68	65	0	0	926.874	0
12842	A	A	930.058	37	68	68	930.058	0	0	0
12843	C	C	930.558	37	67	65	0	930.558	0	0
12844	A	A	920.024	37	68	68	920.024	0	0	0
12845	A	A	925.695	37	70	70	925.695	0	0	0
12846	T	T	917.976	37	67	67	0	0	0	917.976
12847	C	C	947.42	37	71	67	0	947.42	0	0
12848	G	G	933.016	37	69	66	0	0	933.016	0
12849	A	A	952.79	37	72	72	952.79	0	0	0
12850	G	G	999.109	37	72	70	0	0	999.109	0
12851	T	T	927.777	37	70	70	0	0	0	927.777
12852	A	A	884.41	37	68	68	884.41	0	0	0
12853	G	G	915.003	37	66	64	0	0	915.003	0
12854	T	T	919.534	37	67	67	0	0	0	919.534
12855	G	G	918.92	37	65	64	0	0	918.92	0
12856	C	C	897.795	37	64	63	0	897.795	0	0
12857	T	T	844.955	37	61	61	0	0	0	844.955
12858	G	G	842.939	37	61	59	0	0	842.939	0
12859	C	C	841.803	37	60	59	0	841.803	0	0
12860	C	C	818.956	37	59	57	0	818.956	0	0
12861	C	C	778.677	37	57	55	0	778.677	0	0
12862	G	G	853.311	37	59	59	0	0	853.311	0
12863	T	T	815.5	37	60	60	0	0	0	815.5
12864	A	A	840.641	37	60	60	840.641	0	0	0
12865	G	G	858.789	37	62	60	0	0	858.789	0
12866	A	A	857.714	37	62	62	857.714	0	0	0
12867	A	A	860.933	37	63	63	860.933	0	0	0
12868	A	A	878.116	37	64	64	878.116	0	0	0
12869	T	T	841.168	37	61	61	0	0	0	841.168
12870	A	A	871.298	37	62	62	871.298	0	0	0
12871	A	A	873.031	37	63	63	873.031	0	0	0
12872	C	C	872.619	37	63	61	0	872.619	0	0
12873	G	G	906.923	37	64	63	0	0	906.923	0
12874	A	A	908.903	37	65	65	908.903	0	0	0
12875	T	T	902.487	37	67	67	0	0	0	902.487
12876	C	C	898.227	37	64	63	0	898.227	0	0
12877	C	C	916.299	37	66	64	0	916.299	0	0
12878	G	G	917.052	37	68	65	0	0	917.052	0
12879	T	T	921.233	37	67	67	0	0	0	921.233
12880	A	A	913.925	37	67	67	913.925	0	0	0
12881	T	T	914.414	37	67	67	0	0	0	914.414
12882	A	A	904.275	37	67	67	904.275	0	0	0
12883	C	C	936.392	37	66	65	0	936.392	0	0
12884	T	T	897.348	37	66	66	0	0	0	897.348
12885	G	G	979.131	37	69	68	0	0	979.131	0
12886	A	A	949.352	37	68	68	949.352	0	0	0
12887	T	T	906.616	37	67	67	0	0	0	906.616
12888	C	C	962.903	37	68	67	0	962.903	0	0
12889	T	T	932.581	37	68	68	0	0	0	932.581
12890	C	C	982.501	37	68	68	0	982.501	0	0
12891	G	G	974.155	37	70	68	0	0	974.155	0
12892	T	T	963.533	37	70	70	0	0	0	963.533
12893	C	C	918.468	37	68	65	0	918.468	0	0
12894	A	A	932.795	37	68	68	932.795	0	0	0
12895	G	G	955.336	37	70	67	0	0	955.336	0
12896	A	A	951.556	37	67	67	951.556	0	0	0
12897	A	A	974.21	37	68	68	974.21	0	0	0
12898	G	G	1014.09	37	70	70	0	0	1014.09	0
12899	A	A	1004.34	37	71	71	1004.34	0	0	0
12900	T	T	976.672	37	72	72	0	0	0	976.672
12901	G	G	1084.57	37	75	75	0	0	1084.57	0
12902	T	T	1029.93	37	76	76	0	0	0	1029.93
12903	C	C	1015.39	37	75	72	0	1015.39	0	0
12904	T	T	1037.11	37	76	76	0	0	0	1037.11
12905	T	T	1045.63	37	76	76	0	0	0	1045.63
12906	G	G	1024.94	37	75	72	0	0	1024.94	0
12907	C	C	1021.29	37	73	71	0	1021.29	0	0
12908	A	A	965.464	37	74	74	965.464	0	0	0
12909	T	T	999.966	37	72	72	0	0	0	999.966
12910	T	T	1006.04	37	73	73	0	0	0	1006.04
12911	C	C	990.532	37	71	69	0	990.532	0	0
12912	A	A	929.766	37	70	70	929.766	0	0	0
12913	T	T	930.706	37	67	67	0	0	0	930.706
12914	G	G	948.801	37	67	66	0	0	948.801	0
12915	A	A	888.4	37	67	67	888.4	0	0	0
12916	G	G	906.369	37	66	64	0	0	906.369	0
12917	C	C	900.362	37	66	63	0	900.362	0	0
12918	T	T	905.361	37	66	66	0	0	0	905.361
12919	G	G	892.188	37	66	63	0	0	892.188	0
12920	T	T	880.575	37	66	66	0	0	0	880.575
12921	A	A	899.362	37	68	68	899.362	0	0	0
12922	C	C	880.525	36.1064	65	62	0	880.525	0	0
12923	C	C	909.052	36.1306	67	64	0	909.052	0	0
12924	A	A	911.296	36.1187	66	66	911.296	0	0	0
12925	T	T	885.176	36.1064	65	65	0	0	0	885.176
12926	C	C	902.791	36.1187	66	64	0	902.791	0	0
12927	C	C	940.62	35.4454	69	66	0	940.62	0	0
12928	C	C	909.131	35.4066	67	64	0	909.131	0	0
12929	T	T	930.327	35.4262	68	68	0	0	0	930.327
12930	A	A	956.272	35.4641	70	70	956.272	0	0	0
12931	G	G	995.154	35.4641	70	69	0	0	995.154	0
12932	G	G	959.532	35.4454	69	67	0	0	959.532	0
12933	G	G	996.41	35.4641	70	69	0	0	996.41	0
12934	C	C	969.313	35.4641	70	68	0	969.313	0	0
12935	T	T	957.209	35.4641	70	70	0	0	0	957.209
12936	A	A	997.959	35.5002	72	72	997.959	0	0	0
12937	A	A	964.738	35.4641	70	70	964.738	0	0	0
12938	A	A	931.842	35.4454	69	69	931.842	0	0	0
12939	A	A	938.791	35.4824	71	71	938.791	0	0	0
12940	A	A	928.566	35.4824	71	71	928.566	0	0	0
12941	C	C	1017.25	35.5176	73	71	0	1017.25	0	0
12942	T	T	972.078	35.4824	71	71	0	0	0	972.078
12943	G	G	898.488	35.3864	66	63	0	0	898.488	0
12944	A	A	846.287	35.3003	62	62	846.287	0	0	0
12945	T	T	863.764	35.3003	62	62	0	0	0	863.764
12946	G	G	909.591	35.3445	64	63	0	0	909.591	0
12947	C	C	923.012	35.3445	64	64	0	923.012	0	0
12948	A	A	906.609	35.3445	64	64	906.609	0	0	0
12949	A	A	871.577	35.3227	63	63	871.577	0	0	0
12950	T	T	847.252	35.2773	61	61	0	0	0	847.252
12951	C	C	883.738	35.3003	62	61	0	883.738	0	0
12952	C	C	888.836	35.3657	65	62	0	888.836	0	0
12953	C	C	924.437	35.3657	65	64	0	924.437	0	0
12954	A	A	796.731	35.2773	61	61	796.731	0	0	0
12955	G	G	775.666	36.0675	62	57	0	0	775.666	0
12956	G	G	795.744	36.0675	62	57	0	0	795.744	0
12957	A	A	811.004	36.0538	61	61	811.004	0	0	0
12958	C	C	838.337	36.0397	60	59	0	838.337	0	0
12959	G	G	734.419	35.9945	57	53	0	0	734.419	0
12960	G	G	809.779	36.01	58	57	0	0	809.779	0
12961	C	C	861.586	36.0397	60	60	0	861.586	0	0
12962	T	T	825.532	36.0809	63	63	0	0	0	825.532
12963	A	A	851.518	36.0809	63	63	851.518	0	0	0
12964	A	A	845.58	36.0251	59	59	845.58	0	0	0
12965	A	A	845.979	36.0397	60	60	845.979	0	0	0
12966	C	C	889.846	36.0675	62	62	0	889.846	0	0
12967	C	C	892.542	36.0675	62	62	0	892.542	0	0
12968	A	A	856.35	36.0809	63	63	856.35	0	0	0
12969	G	G	850.464	36.0675	62	60	0	0	850.464	0
12970	A	A	826.561	36.0397	60	60	826.561	0	0	0
12971	C	C	844.594	36.0397	60	59	0	844.594	0	0
12972	A	A	778.214	35.9945	57	57	778.214	0	0	0
12973	A	A	780.239	36.01	58	58	780.239	0	0	0
12974	C	C	799.798	36.01	58	56	0	799.798	0	0
12975	T	T	808.593	35.9945	57	57	0	0	0	808.593
12976	C	C	808.585	35.9785	56	56	0	808.585	0	0
12977	T	T	750.62	35.9273	53	53	0	0	0	750.62
12978	C	C	699.219	35.8707	50	49	0	699.219	0	0
12979	A	A	706.32	35.8504	49	49	706.32	0	0	0
12980	T	T	712.523	35.8707	50	50	0	0	0	712.523
12981	A	A	713.675	35.8707	50	50	713.675	0	0	0
12982	G	G	723.414	35.8902	51	50	0	0	723.414	0
12983	C	C	722.955	35.8707	50	50	0	722.955	0	0
12984	C	C	715.723	35.9273	53	51	0	715.723	0	0
12985	A	A	737.814	35.962	55	55	737.814	0	0	0
12986	T	T	744.73	35.962	55	55	0	0	0	744.73
12987	G	G	673.589	35.945	54	49	0	0	673.589	0
12988	C	C	746.493	35.9091	52	52	0	746.493	0	0
12989	G	G	671.204	35.8902	51	48	0	0	671.204	0
12990	A	A	733.236	35.9273	53	53	733.236	0	0	0
12991	C	C	762.492	35.945	54	53	0	762.492	0	0
12992	C	C	724.774	35.962	55	52	0	724.774	0	0
12993	A	A	726.578	37	53	53	726.578	0	0	0
12994	G	G	763.611	37	53	53	0	0	763.611	0
12995	G	G	680.2	37	53	49	0	0	680.2	0
12996	G	G	759.876	37	54	53	0	0	759.876	0
12997	C	C	760.132	37	55	53	0	760.132	0	0
12998	T	T	729.28	37	54	54	0	0	0	729.28
12999	A	A	757.129	37	56	56	757.129	0	0	0
13000	T	T	738.223	37	55	55	0	0	0	738.223
13001	A	A	716.809	37	54	54	716.809	0	0	0
13002	T	T	718.198	37	53	53	0	0	0	718.198
13003	T	T	744.909	37	55	55	0	0	0	744.909
13004	A	A	744.297	37	57	57	744.297	0	0	0
13005	T	T	722.239	37	54	54	0	0	0	722.239
13006	G	G	776.461	37	54	54	0	0	776.461	0
13007	G	G	744.296	37	53	52	0	0	744.296	0
13008	C	C	696.085	37	55	50	0	696.085	0	0
13009	C	C	726.23	37	55	52	0	726.23	0	0
13010	A	A	742.226	37	53	53	742.226	0	0	0
13011	A	A	731.003	37	53	53	731.003	0	0	0
13012	T	T	714.632	37	54	54	0	0	0	714.632
13013	G	G	821.297	37	57	57	0	0	821.297	0
13014	C	C	784.589	37	57	55	0	784.589	0	0
13015	T	T	772.118	37	58	58	0	0	0	772.118
13016	C	C	805.724	37	60	57	0	805.724	0	0
13017	A	A	822.024	37	59	59	822.024	0	0	0
13018	G	G	826.854	37	59	58	0	0	826.854	0
13019	A	A	834.006	37	61	61	834.006	0	0	0
13020	A	A	847.898	37	62	62	847.898	0	0	0
13021	A	A	798.363	37	61	60	798.363	0	0	0
13022	T	T	828.928	37	60	60	0	0	0	828.928
13023	T	T	808.927	37	58	58	0	0	0	808.927
13024	T	T	810.44	37	57	57	0	0	0	810.44
13025	G	G	832.515	37	59	58	0	0	832.515	0
13026	T	T	803.806	37	58	58	0	0	0	803.806
13027	G	G	818.336	37	58	57	0	0	818.336	0
13028	G	G	761.59	37	56	54	0	0	761.59	0
13029	C	C	777.302	37	58	55	0	777.302	0	0
13030	T	T	784.604	37	57	57	0	0	0	784.604
13031	C	C	830.11	36.0251	59	58	0	830.11	0	0
13032	C	C	783.89	35.9945	57	55	0	783.89	0	0
13033	A	A	780.353	36.01	58	58	780.353	0	0	0
13034	A	A	833.813	36.0538	61	61	833.813	0	0	0
13035	T	T	804.803	36.0397	60	60	0	0	0	804.803
13036	C	C	832.682	36.0251	59	58	0	832.682	0	0
13037	A	A	802.423	36.0251	59	59	802.423	0	0	0
13038	C	C	770.311	36.01	58	55	0	770.311	0	0
13039	A	A	861.21	36.0675	62	62	861.21	0	0	0
13040	G	G	898.013	36.0809	63	62	0	0	898.013	0
13041	T	T	830.068	36.0809	63	63	0	0	0	830.068
13042	T	T	837.983	36.0938	64	64	0	0	0	837.983
13043	T	T	852.662	36.0938	64	64	0	0	0	852.662
13044	T	T	880.259	36.0938	64	64	0	0	0	880.259
13045	A	A	890.952	36.1064	65	65	890.952	0	0	0
13046	T	T	900.632	36.1187	66	65	0	0	0	900.632
13047	A	A	995.008	36.1645	70	70	995.008	0	0	0
13048	C	C	903.167	36.1645	70	65	0	903.167	0	0
13049	C	C	1031.66	36.1857	72	72	0	1031.66	0	0
13050	T	T	965.025	36.2342	77	77	0	0	0	965.025
13051	A	A	1142.85	36.269	81	81	1142.85	0	0	0
13052	T	T	1072.26	36.269	81	81	0	0	0	1072.26
13053	T	T	1056.78	36.252	79	79	0	0	0	1056.78
13054	G	G	1064.71	36.252	79	75	0	0	1064.71	0
13055	T	T	1099.22	36.2606	80	80	0	0	0	1099.22
13056	C	C	1107.48	36.269	81	78	0	1107.48	0	0
13057	C	C	1138.68	36.2772	82	80	0	1138.68	0	0
13058	T	T	1066.58	36.2432	78	78	0	0	0	1066.58
13059	C	C	1125.19	36.2432	78	78	0	1125.19	0	0
13060	G	G	1009.46	36.2249	76	72	0	0	1009.46	0
13061	A	A	1006.69	36.2058	74	74	1006.69	0	0	0
13062	G	G	1016.32	36.2058	74	71	0	0	1016.32	0
13063	C	C	964.151	36.1857	72	68	0	964.151	0	0
13064	T	T	1010.57	36.1857	72	72	0	0	0	1010.57
13065	A	A	972.331	37	71	71	972.331	0	0	0
13066	G	G	989.972	37	71	69	0	0	989.972	0
13067	T	T	997.867	37	72	72	0	0	0	997.867
13068	C	C	1011.01	37	71	70	0	1011.01	0	0
13069	C	C	1027.36	37	72	71	0	1027.36	0	0
13070	C	C	1009.41	37	71	70	0	1009.41	0	0
13071	A	A	985.481	37	71	71	985.481	0	0	0
13072	C	C	994.494	37	70	69	0	994.494	0	0
13073	T	T	953.694	37	69	69	0	0	0	953.694
13074	A	A	929.208	37	69	69	929.208	0	0	0
13075	T	T	969.969	37	70	70	0	0	0	969.969
13076	C	C	982.747	37	69	68	0	982.747	0	0
13077	C	C	1025.1	37	72	71	0	1025.1	0	0
13078	T	T	978.461	37	71	71	0	0	0	978.461
13079	A	A	934.651	37	67	67	934.651	0	0	0
13080	T	T	923.654	37	68	67	0	0	0	923.654
13081	T	T	879.697	37	64	64	0	0	0	879.697
13082	T	T	916.957	37	67	67	0	0	0	916.957
13083	T	T	934.013	37	68	68	0	0	0	934.013
13084	G	G	980.528	37	69	68	0	0	980.528	0
13085	A	A	945.443	37	69	69	945.443	0	0	0
13086	A	A	937.051	37	69	69	937.051	0	0	0
13087	G	G	927.84	37	68	66	0	0	927.84	0
13088	A	A	923.544	37	68	68	923.544	0	0	0
13089	A	A	922.427	37	67	67	922.427	0	0	0
13090	T	T	910.48	37	64	64	0	0	0	910.48
13091	G	G	895.331	37	62	62	0	0	895.331	0
13092	A	A	868.178	37	62	62	868.178	0	0	0
13093	T	T	888.757	37	62	62	0	0	0	888.757
13094	C	C	898.957	36.0809	63	62	0	898.957	0	0
13095	C	C	891.611	36.0938	64	62	0	891.611	0	0
13096	G	G	826.564	36.0809	63	59	0	0	826.564	0
13097	C	C	815.945	35.3227	63	59	0	815.945	0	0
13098	T	T	814.827	35.2294	59	59	0	0	0	814.827
13099	T	T	799.796	35.2044	58	58	0	0	0	799.796
13100	C	C	816.283	35.2044	58	57	0	816.283	0	0
13101	A	A	756.097	34.4921	57	57	756.097	0	0	0
13102	A	A	789.124	34.5251	58	58	789.124	0	0	0
13103	T	T	764.237	34.5884	60	60	0	0	0	764.237
13104	A	A	845.899	34.6485	62	62	845.899	0	0	0
13105	C	C	866.033	34.6774	63	61	0	866.033	0	0
13106	T	T	778.698	34.7056	64	63	0	0	0	778.698
13107	A	A	938.341	34.7862	67	67	938.341	0	0	0
13108	T	T	889.264	34.8118	68	68	0	0	0	889.264
13109	A	A	943.809	34.7862	67	67	943.809	0	0	0
13110	G	G	965.682	34.8118	68	67	0	0	965.682	0
13111	A	A	944.775	34.8118	68	68	944.775	0	0	0
13112	A	A	951.257	34.8118	68	68	951.257	0	0	0
13113	T	T	944.608	34.8118	68	68	0	0	0	944.608
13114	C	C	1022.19	34.885	71	71	0	1022.19	0	0
13115	A	A	966.856	34.8612	70	70	966.856	0	0	0
13116	T	T	961.015	34.885	71	71	0	0	0	961.015
13117	T	T	987.831	34.9534	74	74	0	0	0	987.831
13118	G	G	1019.6	34.9311	73	71	0	0	1019.6	0
13119	A	A	997.87	34.9311	73	73	997.87	0	0	0
13120	G	G	1019.24	34.9083	72	71	0	0	1019.24	0
13121	A	A	1036.42	34.9752	75	75	1036.42	0	0	0
13122	A	A	1017.39	34.9311	73	73	1017.39	0	0	0
13123	G	G	1078.7	35.0175	77	75	0	0	1078.7	0
13124	C	C	1033.93	35.0175	77	73	0	1033.93	0	0
13125	T	T	1001.09	36.2155	75	75	0	0	0	1001.09
13126	A	A	1076.63	36.2342	77	77	1076.63	0	0	0
13127	A	A	1047.36	36.2249	76	76	1047.36	0	0	0
13128	C	C	1098.84	36.2342	77	76	0	1098.84	0	0
13129	A	A	1052.96	36.2342	77	77	1052.96	0	0	0
13130	T	T	1085.4	36.2342	77	77	0	0	0	1085.4
13131	A	A	1032.96	36.2249	76	76	1032.96	0	0	0
13132	G	G	1067.5	36.2058	74	74	0	0	1067.5	0
13133	C	C	1056.87	37	73	73	0	1056.87	0	0
13134	G	G	991.996	37	72	70	0	0	991.996	0
13135	T	T	991.454	37	70	70	0	0	0	991.454
13136	T	T	996.468	37	70	70	0	0	0	996.468
13137	A	A	971.629	37	70	70	971.629	0	0	0
13138	A	A	975.111	37	69	69	975.111	0	0	0
13139	C	C	933.047	37	68	65	0	933.047	0	0
13140	C	C	997.273	37	69	69	0	997.273	0	0
13141	T	T	981.407	37	72	72	0	0	0	981.407
13142	T	T	970.538	37	70	70	0	0	0	970.538
13143	T	T	991.208	37	72	72	0	0	0	991.208
13144	T	T	972.253	37	71	71	0	0	0	972.253
13145	A	A	1017.95	37	73	73	1017.95	0	0	0
13146	A	A	1011.25	37	73	73	1011.25	0	0	0
13147	G	G	992.202	37	73	70	0	0	992.202	0
13148	T	T	1006.82	37	71	71	0	0	0	1006.82
13149	T	T	985.489	37	69	69	0	0	0	985.489
13150	A	A	847.214	37	68	68	847.214	0	0	0
13151	A	A	823.833	37	66	66	823.833	0	0	0
13152	A	A	779.868	37	60	60	779.868	0	0	0
13153	G	G	787.801	37	57	55	0	0	787.801	0
13154	A	A	777.019	37	58	58	777.019	0	0	0
13155	C	C	791.994	37	55	55	0	791.994	0	0
13156	T	T	767.34	37	56	56	0	0	0	767.34
13157	G	G	819.538	37	57	57	0	0	819.538	0
13158	A	A	804.986	37	59	59	804.986	0	0	0
13159	G	G	796.062	37	57	56	0	0	796.062	0
13160	A	A	789.861	37	59	59	789.861	0	0	0
13161	A	A	814.683	37	61	61	814.683	0	0	0
13162	T	T	808.051	37	61	61	0	0	0	808.051
13163	G	G	805.656	37	60	57	0	0	805.656	0
13164	C	C	859.56	37	61	60	0	859.56	0	0
13165	A	A	818.11	37	60	60	818.11	0	0	0
13166	G	G	857.457	37	63	60	0	0	857.457	0
13167	A	A	867.353	37	62	62	867.353	0	0	0
13168	C	C	854.908	37	62	60	0	854.908	0	0
13169	T	T	839.445	37	64	64	0	0	0	839.445
13170	T	T	858.21	37	66	66	0	0	0	858.21
13171	C	C	947.447	37	67	66	0	947.447	0	0
13172	T	T	923.963	37	70	70	0	0	0	923.963
13173	C	C	964.973	37	67	67	0	964.973	0	0
13174	C	C	885.743	37	64	62	0	885.743	0	0
13175	T	T	871.877	37	63	63	0	0	0	871.877
13176	T	T	872.476	37	63	63	0	0	0	872.476
13177	A	A	891.752	37	64	64	891.752	0	0	0
13178	A	A	890.769	37	64	64	890.769	0	0	0
13179	T	T	875.016	37	64	64	0	0	0	875.016
13180	G	G	908.781	37	64	63	0	0	908.781	0
13181	A	A	936.56	37	67	67	936.56	0	0	0
13182	A	A	945.23	37	69	69	945.23	0	0	0
13183	G	G	996.504	37	70	69	0	0	996.504	0
13184	A	A	932.426	37	68	68	932.426	0	0	0
13185	T	T	947.98	37	71	71	0	0	0	947.98
13186	G	G	932.763	37	70	66	0	0	932.763	0
13187	C	C	913.762	37	67	65	0	913.762	0	0
13188	C	C	982.452	37	69	68	0	982.452	0	0
13189	A	A	942.397	37	69	69	942.397	0	0	0
13190	C	C	945.7	37	72	67	0	945.7	0	0
13191	A	A	980.608	37	70	70	980.608	0	0	0
13192	A	A	981.479	37	70	70	981.479	0	0	0
13193	C	C	1002.55	37	73	71	0	1002.55	0	0
13194	T	T	961.32	37	72	72	0	0	0	961.32
13195	A	A	1017.85	37	73	73	1017.85	0	0	0
13196	G	G	1017.44	37	73	71	0	0	1017.44	0
13197	A	A	1033.43	37	76	76	1033.43	0	0	0
13198	T	T	1059.16	37	79	79	0	0	0	1059.16
13199	A	A	1014.55	37	76	76	1014.55	0	0	0
13200	C	C	1054.29	37	78	74	0	1054.29	0	0
13201	A	A	1005.8	37	76	76	1005.8	0	0	0
13202	T	T	1011.01	37	73	73	0	0	0	1011.01
13203	C	C	958.812	37	70	68	0	958.812	0	0
13204	A	A	933.124	37	69	69	933.124	0	0	0
13205	A	A	917.912	37	68	67	917.912	0	0	0
13206	C	C	970.206	37	67	67	0	970.206	0	0
13207	A	A	893.715	37	63	63	893.715	0	0	0
13208	T	T	899.269	37	64	64	0	0	0	899.269
13209	G	G	926.98	37	64	64	0	0	926.98	0
13210	A	A	926.806	37	67	67	926.806	0	0	0
13211	T	T	929.528	37	67	67	0	0	0	929.528
13212	C	C	937.157	37	66	65	0	937.157	0	0
13213	T	T	938.665	37	67	67	0	0	0	938.665
13214	A	A	899.84	37	67	67	899.84	0	0	0
13215	T	T	892.857	37	63	63	0	0	0	892.857
13216	T	T	905.345	37	65	65	0	0	0	905.345
13217	A	A	889.624	37	64	64	889.624	0	0	0
13218	C	C	908.658	37	63	63	0	908.658	0	0
13219	A	A	871.874	37	63	63	871.874	0	0	0
13220	A	A	857.607	37	63	63	857.607	0	0	0
13221	T	T	874.298	37	62	62	0	0	0	874.298
13222	T	T	887.043	37	63	63	0	0	0	887.043
13223	C	C	881.195	37	61	61	0	881.195	0	0
13224	T	T	861.196	37	62	62	0	0	0	861.196
13225	A	A	802.922	37	59	59	802.922	0	0	0
13226	T	T	825.835	37	60	60	0	0	0	825.835
13227	C	C	821.932	37	57	57	0	821.932	0	0
13228	C	C	807.66	37	57	56	0	807.66	0	0
13229	A	A	765.702	37	58	58	765.702	0	0	0
13230	T	T	798.251	37	58	58	0	0	0	798.251
13231	A	A	740.942	37	56	56	740.942	0	0	0
13232	G	G	807.3	37	57	56	0	0	807.3	0
13233	T	T	744.424	37	55	55	0	0	0	744.424
13234	T	T	742.161	37	54	54	0	0	0	742.161
13235	C	C	777.991	37	54	54	0	777.991	0	0
13236	T	T	736.234	37	55	55	0	0	0	736.234
13237	A	A	790.385	37	58	58	790.385	0	0	0
13238	A	A	789.227	37	58	58	789.227	0	0	0
13239	C	C	792.663	37	59	56	0	792.663	0	0
13240	A	A	767.186	37	58	58	767.186	0	0	0
13241	C	C	791.918	37	56	55	0	791.918	0	0
13242	T	T	786.572	37	58	58	0	0	0	786.572
13243	A	A	776.231	37	58	58	776.231	0	0	0
13244	T	T	776.77	37	58	58	0	0	0	776.77
13245	T	T	761	37	58	58	0	0	0	761
13246	T	T	773.266	37	59	59	0	0	0	773.266
13247	A	A	842.639	37	62	62	842.639	0	0	0
13248	T	T	809.454	37	62	62	0	0	0	809.454
13249	C	C	904.247	37	63	63	0	904.247	0	0
13250	G	G	869.826	37	63	61	0	0	869.826	0
13251	C	C	841.352	36.0938	64	60	0	841.352	0	0
13252	C	C	879.125	36.0538	61	61	0	879.125	0	0
13253	C	C	864.869	36.0538	61	60	0	864.869	0	0
13254	T	T	851.222	36.0538	61	61	0	0	0	851.222
13255	T	T	845.117	36.0675	62	62	0	0	0	845.117
13256	C	C	884.123	36.1064	65	62	0	884.123	0	0
13257	A	A	878.198	36.0938	64	64	878.198	0	0	0
13258	A	A	877.319	36.1064	65	65	877.319	0	0	0
13259	T	T	879.603	36.1306	67	67	0	0	0	879.603
13260	T	T	884.13	36.1187	66	66	0	0	0	884.13
13261	A	A	905.241	36.1064	65	65	905.241	0	0	0
13262	A	A	903.702	36.1064	65	65	903.702	0	0	0
13263	A	A	902.958	36.0809	63	63	902.958	0	0	0
13264	A	A	909.264	36.0938	64	64	909.264	0	0	0
13265	G	G	879.967	36.0938	64	62	0	0	879.967	0
13266	T	T	916.831	36.1306	67	67	0	0	0	916.831
13267	C	C	952.712	36.1306	67	66	0	952.712	0	0
13268	T	T	939.944	36.1535	69	69	0	0	0	939.944
13269	C	C	977.859	36.1535	69	68	0	977.859	0	0
13270	A	A	961.522	36.1535	69	69	961.522	0	0	0
13271	A	A	943.562	36.1752	71	71	943.562	0	0	0
13272	A	A	974.566	36.1857	72	72	974.566	0	0	0
13273	A	A	958.89	36.1857	72	72	958.89	0	0	0
13274	T	T	978.68	36.1857	72	72	0	0	0	978.68
13275	A	A	937.783	36.1752	71	71	937.783	0	0	0
13276	C	C	893.034	36.1064	65	63	0	893.034	0	0
13277	A	A	912.413	36.1306	67	67	912.413	0	0	0
13278	A	A	901.997	36.1187	66	66	901.997	0	0	0
13279	A	A	892.441	36.0938	64	64	892.441	0	0	0
13280	T	T	905.061	36.1064	65	65	0	0	0	905.061
13281	A	A	906.509	36.1064	65	65	906.509	0	0	0
13282	C	C	906.679	36.1064	65	63	0	906.679	0	0
13283	C	C	951.5	36.1187	66	66	0	951.5	0	0
13284	C	C	940.017	36.1306	67	66	0	940.017	0	0
13285	T	T	949.32	36.1752	71	71	0	0	0	949.32
13286	G	G	969.997	36.1645	70	68	0	0	969.997	0
13287	A	A	977.84	36.1535	69	69	977.84	0	0	0
13288	G	G	969.154	36.1645	70	68	0	0	969.154	0
13289	A	A	966.354	36.1645	70	70	966.354	0	0	0
13290	T	T	989.383	36.1645	70	70	0	0	0	989.383
13291	C	C	990.856	36.1752	71	69	0	990.856	0	0
13292	C	C	989.122	35.4824	71	69	0	989.122	0	0
13293	C	C	1016.78	35.5512	75	72	0	1016.78	0	0
13294	C	C	1001.64	35.5675	76	71	0	1001.64	0	0
13295	G	G	1036.3	35.5002	72	72	0	0	1036.3	0
13296	A	A	948.835	35.4824	71	71	948.835	0	0	0
13297	G	G	974.29	35.5002	72	69	0	0	974.29	0
13298	C	C	1009.43	36.1645	70	70	0	1009.43	0	0
13299	C	C	1009.73	35.4824	71	70	0	1009.73	0	0
13300	A	A	966.823	35.4824	71	71	966.823	0	0	0
13301	A	A	956.77	35.4454	69	69	956.77	0	0	0
13302	A	A	974.512	35.4641	70	70	974.512	0	0	0
13303	A	A	975	35.4641	70	70	975	0	0	0
13304	T	T	977.084	35.5002	72	72	0	0	0	977.084
13305	C	C	989.35	35.4824	71	69	0	989.35	0	0
13306	T	T	978.062	35.5002	72	72	0	0	0	978.062
13307	C	C	1024.49	35.4824	71	71	0	1024.49	0	0
13308	T	T	984.973	35.5002	72	72	0	0	0	984.973
13309	C	C	961.87	35.4454	69	67	0	961.87	0	0
13310	T	T	966.221	35.4641	70	70	0	0	0	966.221
13311	C	C	918.832	35.3864	66	64	0	918.832	0	0
13312	A	A	923.712	34.7862	67	67	923.712	0	0	0
13313	T	T	928.45	34.7862	67	67	0	0	0	928.45
13314	C	C	952.843	34.7862	67	66	0	952.843	0	0
13315	A	A	899.985	34.76	66	66	899.985	0	0	0
13316	T	T	927.732	34.7862	67	67	0	0	0	927.732
13317	C	C	890.243	34.7056	64	62	0	890.243	0	0
13318	A	A	869.71	34.7056	64	64	869.71	0	0	0
13319	A	A	904.966	34.8118	68	68	904.966	0	0	0
13320	A	A	896.633	34.7331	65	65	896.633	0	0	0
13321	A	A	891.203	34.7056	64	64	891.203	0	0	0
13322	A	A	910.16	34.7331	65	65	910.16	0	0	0
13323	A	A	920.589	34.76	66	66	920.589	0	0	0
13324	G	G	868.065	34.7056	64	61	0	0	868.065	0
13325	C	C	892.778	34.7331	65	63	0	892.778	0	0
13326	T	T	906.436	35.3864	66	66	0	0	0	906.436
13327	T	T	910.94	36.1187	66	66	0	0	0	910.94
13328	G	G	925.482	36.1306	67	65	0	0	925.482	0
13329	T	T	902.604	37	65	65	0	0	0	902.604
13330	A	A	813.217	37	62	61	813.217	0	0	0
13331	C	C	851.579	36.0809	63	60	0	851.579	0	0
13332	C	C	827.513	36.0538	61	58	0	827.513	0	0
13333	T	T	844.731	36.0938	64	64	0	0	0	844.731
13334	T	T	844.986	36.0938	64	64	0	0	0	844.986
13335	G	G	904.139	36.0938	64	63	0	0	904.139	0
13336	A	A	842.175	36.0938	64	64	842.175	0	0	0
13337	G	G	861.573	36.1187	66	62	0	0	861.573	0
13338	A	A	846.528	36.0938	64	64	846.528	0	0	0
13339	A	A	839.124	36.0675	62	62	839.124	0	0	0
13340	G	G	861.908	36.0538	61	60	0	0	861.908	0
13341	A	A	852.44	36.0675	62	62	852.44	0	0	0
13342	A	A	866.845	36.0809	63	63	866.845	0	0	0
13343	A	A	892.441	36.1064	65	65	892.441	0	0	0
13344	A	A	878.498	36.1187	66	66	878.498	0	0	0
13345	A	A	895.365	36.1187	66	66	895.365	0	0	0
13346	T	T	866.641	36.1064	65	65	0	0	0	866.641
13347	G	G	858.191	36.0938	64	61	0	0	858.191	0
13348	A	A	909.79	36.1187	66	66	909.79	0	0	0
13349	A	A	886.14	36.0809	63	63	886.14	0	0	0
13350	C	C	896.873	36.0675	62	62	0	896.873	0	0
13351	G	G	892.787	36.0809	63	62	0	0	892.787	0
13352	A	A	865.066	36.0938	64	64	865.066	0	0	0
13353	A	A	848.977	36.0938	64	64	848.977	0	0	0
13354	A	A	846.015	36.0938	64	64	846.015	0	0	0
13355	A	A	861.571	36.1064	65	65	861.571	0	0	0
13356	T	T	873.494	36.0938	64	64	0	0	0	873.494
13357	T	T	852.261	36.0809	63	63	0	0	0	852.261
13358	T	T	830.461	36.0675	62	62	0	0	0	830.461
13359	A	A	859.781	37	62	62	859.781	0	0	0
13360	T	T	870.455	37	66	66	0	0	0	870.455
13361	T	T	892.547	37	66	66	0	0	0	892.547
13362	T	T	881.289	37	64	64	0	0	0	881.289
13363	A	A	854.806	37	63	63	854.806	0	0	0
13364	C	C	905.939	37	64	63	0	905.939	0	0
13365	C	C	885.985	37	63	62	0	885.985	0	0
13366	T	T	849.558	37	61	61	0	0	0	849.558
13367	C	C	850.964	37	62	60	0	850.964	0	0
13368	T	T	841.021	37	61	61	0	0	0	841.021
13369	T	T	829.143	37	59	59	0	0	0	829.143
13370	T	T	821.414	37	59	59	0	0	0	821.414
13371	T	T	840.172	37	61	61	0	0	0	840.172
13372	A	A	776.524	37	59	59	776.524	0	0	0
13373	T	T	784.124	37	56	56	0	0	0	784.124
13374	C	C	775.22	37	56	54	0	775.22	0	0
13375	A	A	758.418	37	56	56	758.418	0	0	0
13376	C	C	795.017	35.9785	56	55	0	795.017	0	0
13377	C	C	700.964	35.9273	53	50	0	700.964	0	0
13378	C	C	759.693	35.945	54	53	0	759.693	0	0
13379	C	C	751.54	35.9785	56	53	0	751.54	0	0
13380	A	A	766.073	36.01	58	58	766.073	0	0	0
13381	A	A	755.989	35.9785	56	56	755.989	0	0	0
13382	C	C	793.711	35.9945	57	56	0	793.711	0	0
13383	G	G	786.161	35.9785	56	55	0	0	786.161	0
13384	A	A	719.869	35.945	54	54	719.869	0	0	0
13385	T	T	730.456	35.9273	53	53	0	0	0	730.456
13386	A	A	731.782	35.962	55	55	731.782	0	0	0
13387	G	G	728.567	35.9785	56	52	0	0	728.567	0
13388	T	T	725.234	35.945	54	54	0	0	0	725.234
13389	G	G	802.892	35.9785	56	56	0	0	802.892	0
13390	G	G	749.529	35.9273	53	52	0	0	749.529	0
13391	G	G	720.099	35.9273	53	51	0	0	720.099	0
13392	A	A	731.333	35.9091	52	52	731.333	0	0	0
13393	A	A	728.843	35.8902	51	51	728.843	0	0	0
13394	T	T	730.129	35.9273	53	53	0	0	0	730.129
13395	T	T	743.639	35.962	55	55	0	0	0	743.639
13396	C	C	762.622	35.945	54	53	0	762.622	0	0
13397	C	C	750.338	35.9785	56	53	0	750.338	0	0
13398	T	T	761.166	35.9785	56	56	0	0	0	761.166
13399	A	A	807.598	36.0251	59	59	807.598	0	0	0
13400	T	T	804.044	36.0251	59	59	0	0	0	804.044
13401	T	T	807.609	36.0538	61	61	0	0	0	807.609
13402	G	G	814.419	36.0251	59	57	0	0	814.419	0
13403	T	T	751.739	35.962	55	55	0	0	0	751.739
13404	A	A	806.202	35.9945	57	57	806.202	0	0	0
13405	C	C	788.472	35.1787	57	55	0	788.472	0	0
13406	C	C	745.115	35.1522	56	53	0	745.115	0	0
13407	T	T	799.217	35.1787	57	57	0	0	0	799.217
13408	T	T	824.388	35.3003	62	62	0	0	0	824.388
13409	T	T	832.697	35.2773	61	61	0	0	0	832.697
13410	A	A	819.971	35.2773	61	61	819.971	0	0	0
13411	A	A	841.68	35.3445	64	64	841.68	0	0	0
13412	T	T	816.064	35.3003	62	62	0	0	0	816.064
13413	T	T	856.059	35.3445	64	64	0	0	0	856.059
13414	A	A	872.275	35.3657	65	65	872.275	0	0	0
13415	T	T	838.541	35.3445	64	64	0	0	0	838.541
13416	C	C	851.357	35.3227	63	60	0	851.357	0	0
13417	A	A	927.958	35.4066	67	67	927.958	0	0	0
13418	T	T	897.241	35.4454	69	69	0	0	0	897.241
13419	G	G	997.788	35.4454	69	69	0	0	997.788	0
13420	T	T	893.757	35.4066	67	67	0	0	0	893.757
13421	T	T	905.642	35.4066	67	67	0	0	0	905.642
13422	T	T	927.983	35.3864	66	66	0	0	0	927.983
13423	C	C	956.912	35.3864	66	66	0	956.912	0	0
13424	C	C	933.457	35.3864	66	65	0	933.457	0	0
13425	G	G	857.573	35.3003	62	60	0	0	857.573	0
13426	A	A	861.469	35.3227	63	63	861.469	0	0	0
13427	G	G	861.3	35.3227	63	61	0	0	861.3	0
13428	C	C	880.035	35.3003	62	61	0	880.035	0	0
13429	A	A	854.181	35.2773	61	61	854.181	0	0	0
13430	T	T	839.486	36.0538	61	61	0	0	0	839.486
13431	T	T	851.112	36.0538	61	61	0	0	0	851.112
13432	T	T	831.08	36.0251	59	59	0	0	0	831.08
13433	T	T	848.552	36.0538	61	61	0	0	0	848.552
13434	A	A	843.903	36.0675	62	62	843.903	0	0	0
13435	T	T	879.049	36.0938	64	64	0	0	0	879.049
13436	T	T	875.63	36.0938	64	64	0	0	0	875.63
13437	T	T	880.721	36.0938	64	64	0	0	0	880.721
13438	C	C	825.432	36.0809	63	59	0	825.432	0	0
13439	C	C	828.474	36.0538	61	58	0	828.474	0	0
13440	T	T	848.156	36.0538	61	61	0	0	0	848.156
13441	T	T	829.069	36.0251	59	59	0	0	0	829.069
13442	C	C	838.616	36.01	58	58	0	838.616	0	0
13443	T	T	814.817	36.01	58	58	0	0	0	814.817
13444	C	C	816.027	36.0397	60	58	0	816.027	0	0
13445	C	C	809.976	36.01	58	57	0	809.976	0	0
13446	C	C	806.632	35.9945	57	56	0	806.632	0	0
13447	A	A	755.022	35.9785	56	56	755.022	0	0	0
13448	G	G	752.957	35.962	55	53	0	0	752.957	0
13449	T	T	779.096	35.9945	57	57	0	0	0	779.096
13450	C	C	771.699	35.9785	56	54	0	771.699	0	0
13451	G	G	767.44	35.9785	56	54	0	0	767.44	0
13452	A	A	733.647	35.945	54	54	733.647	0	0	0
13453	C	C	732.793	35.9091	52	51	0	732.793	0	0
13454	T	T	713.56	35.8902	51	51	0	0	0	713.56
13455	G	G	719.533	35.8902	51	50	0	0	719.533	0
13456	A	A	732.764	35.9273	53	53	732.764	0	0	0
13457	T	T	742.512	35.962	55	55	0	0	0	742.512
13458	C	C	748.681	37	53	52	0	748.681	0	0
13459	G	G	795.727	37	56	55	0	0	795.727	0
13460	A	A	787.69	37	56	56	787.69	0	0	0
13461	T	T	769.402	37	59	59	0	0	0	769.402
13462	A	A	825.551	37	59	59	825.551	0	0	0
13463	A	A	825.163	37	59	59	825.163	0	0	0
13464	T	T	794.501	37	57	57	0	0	0	794.501
13465	C	C	757.32	37	59	54	0	757.32	0	0
13466	G	G	801.15	37	61	57	0	0	801.15	0
13467	C	C	902.614	37	64	63	0	902.614	0	0
13468	T	T	878.034	37	68	68	0	0	0	878.034
13469	T	T	837.485	37	65	65	0	0	0	837.485
13470	A	A	948.115	36.1422	68	68	948.115	0	0	0
13471	G	G	931.866	36.1422	68	65	0	0	931.866	0
13472	T	T	892.325	36.1422	68	68	0	0	0	892.325
13473	A	A	1014.4	36.1752	71	71	1014.4	0	0	0
13474	T	T	956.713	36.2058	74	74	0	0	0	956.713
13475	C	C	999.223	36.2432	78	72	0	999.223	0	0
13476	T	T	1036.84	36.2432	78	78	0	0	0	1036.84
13477	A	A	1090.38	36.2432	78	78	1090.38	0	0	0
13478	T	T	1070.15	36.2606	80	80	0	0	0	1070.15
13479	T	T	1101.79	36.2852	83	83	0	0	0	1101.79
13480	C	C	1084.83	36.269	81	77	0	1084.83	0	0
13481	A	A	1105.98	36.269	81	81	1105.98	0	0	0
13482	A	A	1097.12	36.2606	80	80	1097.12	0	0	0
13483	C	C	1086.17	36.2432	78	76	0	1086.17	0	0
13484	A	A	1073.71	36.2432	78	78	1073.71	0	0	0
13485	G	G	1040.36	36.2249	76	73	0	0	1040.36	0
13486	T	T	1083	36.2342	77	77	0	0	0	1083
13487	G	G	1088.36	35.6141	79	76	0	0	1088.36	0
13488	A	A	1071.59	35.5834	77	77	1071.59	0	0	0
13489	C	C	1076.67	35.5834	77	75	0	1076.67	0	0
13490	T	T	1056.86	35.5675	76	76	0	0	0	1056.86
13491	A	A	1012	35.5346	74	74	1012	0	0	0
13492	G	G	996.302	35.5346	74	71	0	0	996.302	0
13493	T	T	1037.68	35.5176	73	73	0	0	0	1037.68
13494	T	T	1025.47	35.5346	74	74	0	0	0	1025.47
13495	C	C	1065.76	35.5512	75	74	0	1065.76	0	0
13496	G	G	953.912	35.5512	75	69	0	0	953.912	0
13497	G	G	1023.47	35.5512	75	72	0	0	1023.47	0
13498	C	C	1022.96	35.5346	74	72	0	1022.96	0	0
13499	T	T	1017.17	35.5176	73	73	0	0	0	1017.17
13500	A	A	969.974	35.4641	70	70	969.974	0	0	0
13501	A	A	986.094	36.1645	70	70	986.094	0	0	0
13502	C	C	994.692	36.1645	70	69	0	994.692	0	0
13503	A	A	988.679	36.1752	71	71	988.679	0	0	0
13504	T	T	982.217	36.1645	70	70	0	0	0	982.217
13505	C	C	1011.43	36.1645	70	70	0	1011.43	0	0
13506	A	A	977.497	36.1959	73	73	977.497	0	0	0
13507	A	A	995.774	36.2058	74	74	995.774	0	0	0
13508	A	A	1030.58	36.2249	76	76	1030.58	0	0	0
13509	A	A	1020.6	36.2249	76	76	1020.6	0	0	0
13510	C	C	1016.16	36.1959	73	71	0	1016.16	0	0
13511	A	A	998.53	37	72	72	998.53	0	0	0
13512	A	A	990.692	37	70	70	990.692	0	0	0
13513	A	A	1025.25	37	73	73	1025.25	0	0	0
13514	T	T	1018.65	37	75	75	0	0	0	1018.65
13515	A	A	998.651	37	72	72	998.651	0	0	0
13516	T	T	1006.24	37	72	72	0	0	0	1006.24
13517	T	T	1005.46	37	72	72	0	0	0	1005.46
13518	A	A	944.078	37	71	71	944.078	0	0	0
13519	T	T	993.453	37	70	70	0	0	0	993.453
13520	C	C	982.401	37	69	68	0	982.401	0	0
13521	C	C	993.578	37	69	69	0	993.578	0	0
13522	A	A	920.672	37	67	67	920.672	0	0	0
13523	T	T	932.387	37	69	69	0	0	0	932.387
13524	T	T	922.08	37	69	69	0	0	0	922.08
13525	C	C	988.482	37	70	69	0	988.482	0	0
13526	A	A	970.717	37	70	70	970.717	0	0	0
13527	T	T	942.249	37	70	70	0	0	0	942.249
13528	A	A	994.71	37	71	71	994.71	0	0	0
13529	G	G	1008.09	37	71	70	0	0	1008.09	0
13530	C	C	958.645	37	71	68	0	958.645	0	0
13531	C	C	988.172	37	71	69	0	988.172	0	0
13532	A	A	945.079	37	69	69	945.079	0	0	0
13533	C	C	1025.55	37	71	71	0	1025.55	0	0
13534	A	A	937.944	37	69	69	937.944	0	0	0
13535	A	A	898.694	37	67	67	898.694	0	0	0
13536	A	A	930.483	37	68	68	930.483	0	0	0
13537	G	G	916.699	37	70	66	0	0	916.699	0
13538	G	G	1000.17	37	72	70	0	0	1000.17	0
13539	A	A	958.266	37	72	72	958.266	0	0	0
13540	C	C	935.943	37	68	66	0	935.943	0	0
13541	A	A	944.903	37	70	70	944.903	0	0	0
13542	A	A	953.665	37	72	72	953.665	0	0	0
13543	A	A	967.998	37	74	74	967.998	0	0	0
13544	C	C	992.883	37	70	69	0	992.883	0	0
13545	C	C	959.774	37	69	67	0	959.774	0	0
13546	T	T	925.019	37	67	67	0	0	0	925.019
13547	G	G	964.458	37	67	67	0	0	964.458	0
13548	G	G	944.019	37	68	66	0	0	944.019	0
13549	G	G	924.142	37	67	65	0	0	924.142	0
13550	C	C	957.994	37	69	67	0	957.994	0	0
13551	A	A	879.592	37	68	68	879.592	0	0	0
13552	C	C	966.635	37	67	67	0	966.635	0	0
13553	T	T	872.84	37	63	63	0	0	0	872.84
13554	A	A	816.204	37	60	60	816.204	0	0	0
13555	A	A	838.998	37	61	61	838.998	0	0	0
13556	T	T	824.58	37	60	60	0	0	0	824.58
13557	A	A	827.152	37	59	59	827.152	0	0	0
13558	T	T	814.457	37	59	59	0	0	0	814.457
13559	T	T	814.434	37	59	59	0	0	0	814.434
13560	G	G	820.773	37	58	57	0	0	820.773	0
13561	A	A	839.35	37	62	62	839.35	0	0	0
13562	T	T	841.109	37	61	61	0	0	0	841.109
13563	A	A	810.911	37	59	59	810.911	0	0	0
13564	T	T	822.22	36.0538	61	61	0	0	0	822.22
13565	C	C	793.655	36.0251	59	56	0	793.655	0	0
13566	A	A	833.481	36.0251	59	59	833.481	0	0	0
13567	C	C	806.343	35.9945	57	56	0	806.343	0	0
13568	T	T	807.968	36.01	58	58	0	0	0	807.968
13569	A	A	813.085	36.0251	59	59	813.085	0	0	0
13570	A	A	798.664	36.01	58	58	798.664	0	0	0
13571	T	T	835.844	36.0251	59	59	0	0	0	835.844
13572	C	C	790.471	35.1787	57	55	0	790.471	0	0
13573	C	C	803.381	35.2044	58	56	0	803.381	0	0
13574	T	T	813.222	35.2537	60	60	0	0	0	813.222
13575	A	A	835.12	35.2537	60	60	835.12	0	0	0
13576	T	T	811.728	35.2537	60	60	0	0	0	811.728
13577	T	T	813.56	35.2537	60	60	0	0	0	813.56
13578	T	T	820.835	35.2537	60	60	0	0	0	820.835
13579	A	A	845.857	35.3003	62	62	845.857	0	0	0
13580	T	T	854.457	35.3445	64	64	0	0	0	854.457
13581	T	T	853.994	35.3657	65	65	0	0	0	853.994
13582	G	G	887.361	35.3445	64	62	0	0	887.361	0
13583	G	G	882.853	35.3445	64	62	0	0	882.853	0
13584	C	C	904.427	34.7056	64	63	0	904.427	0	0
13585	T	T	881.6	34.6774	63	63	0	0	0	881.6
13586	C	C	868.867	34.6188	61	60	0	868.867	0	0
13587	A	A	811.98	34.5884	60	60	811.98	0	0	0
13588	A	A	814.376	34.5572	59	59	814.376	0	0	0
13589	C	C	808.736	34.5572	59	57	0	808.736	0	0
13590	T	T	831.225	34.5251	58	58	0	0	0	831.225
13591	A	A	766.291	35.1787	57	57	766.291	0	0	0
13592	A	A	810.749	35.2294	59	59	810.749	0	0	0
13593	T	T	819.535	35.2773	61	61	0	0	0	819.535
13594	C	C	796.737	35.2044	58	56	0	796.737	0	0
13595	T	T	754.154	35.1787	57	57	0	0	0	754.154
13596	T	T	782.654	35.2294	59	59	0	0	0	782.654
13597	C	C	836.035	35.2294	59	58	0	836.035	0	0
13598	T	T	844.328	35.3003	62	62	0	0	0	844.328
13599	G	G	834.378	35.3003	62	59	0	0	834.378	0
13600	G	G	843.326	35.3227	63	60	0	0	843.326	0
13601	G	G	789.964	35.2537	60	56	0	0	789.964	0
13602	T	T	807.162	35.2294	59	59	0	0	0	807.162
13603	C	C	835.024	35.2044	58	58	0	835.024	0	0
13604	T	T	816.159	35.2537	60	60	0	0	0	816.159
13605	A	A	868.25	35.3227	63	63	868.25	0	0	0
13606	T	T	846.45	35.3227	63	63	0	0	0	846.45
13607	T	T	814.78	35.2537	60	60	0	0	0	814.78
13608	A	A	851.669	35.2773	61	61	851.669	0	0	0
13609	C	C	850.901	35.2537	60	59	0	850.901	0	0
13610	C	C	868.131	35.2537	60	60	0	868.131	0	0
13611	G	G	847.488	35.2773	61	59	0	0	847.488	0
13612	C	C	849.569	36.0397	60	59	0	849.569	0	0
13613	A	A	879.668	36.0809	63	63	879.668	0	0	0
13614	C	C	877.893	37	62	61	0	877.893	0	0
13615	T	T	855.746	36.0809	63	63	0	0	0	855.746
13616	C	C	831.214	36.0809	63	59	0	831.214	0	0
13617	A	A	877.257	36.1064	65	65	877.257	0	0	0
13618	T	T	883.64	36.0938	64	64	0	0	0	883.64
13619	T	T	888.4	36.0938	64	64	0	0	0	888.4
13620	C	C	875.35	36.0809	63	61	0	875.35	0	0
13621	A	A	793.006	36.0397	60	60	793.006	0	0	0
13622	C	C	839.991	36.01	58	58	0	839.991	0	0
13623	A	A	759.196	35.9785	56	56	759.196	0	0	0
13624	C	C	834.786	36.01	58	58	0	834.786	0	0
13625	C	C	778.067	36.01	58	55	0	778.067	0	0
13626	T	T	788.648	36.0397	60	60	0	0	0	788.648
13627	A	A	822.806	36.01	58	58	822.806	0	0	0
13628	C	C	819.08	36.01	58	57	0	819.08	0	0
13629	C	C	835.76	35.2294	59	58	0	835.76	0	0
13630	A	A	808.917	35.2537	60	60	808.917	0	0	0
13631	C	C	866.249	35.3003	62	61	0	866.249	0	0
13632	A	A	866.435	35.3445	64	64	866.435	0	0	0
13633	C	C	853.791	35.3445	64	61	0	853.791	0	0
13634	A	A	840.045	35.3227	63	63	840.045	0	0	0
13635	A	A	844.971	35.2537	60	60	844.971	0	0	0
13636	C	C	833.266	35.2773	61	59	0	833.266	0	0
13637	T	T	851.799	35.2773	61	61	0	0	0	851.799
13638	G	G	867.353	35.2773	61	60	0	0	867.353	0
13639	T	T	833.105	36.0538	61	61	0	0	0	833.105
13640	C	C	906.804	36.0809	63	63	0	906.804	0	0
13641	A	A	879.118	36.1064	65	65	879.118	0	0	0
13642	A	A	864.092	36.0938	64	64	864.092	0	0	0
13643	T	T	858.104	36.0938	64	64	0	0	0	858.104
13644	G	G	872.376	36.0809	63	61	0	0	872.376	0
13645	A	A	901.492	36.1064	65	65	901.492	0	0	0
13646	A	A	911.178	36.1187	66	66	911.178	0	0	0
13647	C	C	936.045	36.1064	65	65	0	936.045	0	0
13648	C	C	860.042	36.0938	64	61	0	860.042	0	0
13649	T	T	870.717	36.0809	63	63	0	0	0	870.717
13650	A	A	930.842	36.1187	66	66	930.842	0	0	0
13651	G	G	966.435	36.1306	67	67	0	0	966.435	0
13652	G	G	969.238	36.1422	68	67	0	0	969.238	0
13653	A	A	931.685	36.1306	67	67	931.685	0	0	0
13654	A	A	942.386	36.1422	68	68	942.386	0	0	0
13655	T	T	949.55	36.1535	69	69	0	0	0	949.55
13656	G	G	961.51	36.1535	69	67	0	0	961.51	0
13657	G	G	968.18	37	67	67	0	0	968.18	0
13658	C	C	967.341	37	67	67	0	967.341	0	0
13659	T	T	950.072	37	69	69	0	0	0	950.072
13660	A	A	1000.14	37	71	71	1000.14	0	0	0
13661	T	T	967.61	37	71	71	0	0	0	967.61
13662	T	T	967.637	37	72	72	0	0	0	967.637
13663	C	C	999.093	37	74	71	0	999.093	0	0
13664	C	C	1034.05	37	76	73	0	1034.05	0	0
13665	C	C	1079.7	37	76	75	0	1079.7	0	0
13666	T	T	1059.6	37	79	79	0	0	0	1059.6
13667	T	T	1062.22	37	79	79	0	0	0	1062.22
13668	A	A	1075.01	37	78	78	1075.01	0	0	0
13669	T	T	1076.34	37	78	78	0	0	0	1076.34
13670	G	G	1091.9	37	77	76	0	0	1091.9	0
13671	G	G	1073.21	37	76	75	0	0	1073.21	0
13672	G	G	1057.65	36.2155	75	74	0	0	1057.65	0
13673	C	C	1027.95	36.2249	76	72	0	1027.95	0	0
13674	A	A	1032.36	36.2249	76	76	1032.36	0	0	0
13675	G	G	1094.26	36.2249	76	76	0	0	1094.26	0
13676	G	G	1059.1	36.2249	76	74	0	0	1059.1	0
13677	T	T	1025.27	36.2058	74	74	0	0	0	1025.27
13678	A	A	948.574	36.1959	73	73	948.574	0	0	0
13679	C	C	954.6	36.1752	71	68	0	954.6	0	0
13680	A	A	939.263	36.1857	72	72	939.263	0	0	0
13681	G	G	974.942	36.1645	70	68	0	0	974.942	0
13682	T	T	940.219	36.1535	69	69	0	0	0	940.219
13683	C	C	926.94	36.1535	69	66	0	926.94	0	0
13684	G	G	900.914	36.1422	68	64	0	0	900.914	0
13685	C	C	915.714	36.1187	66	64	0	915.714	0	0
13686	T	T	913.301	36.1306	67	67	0	0	0	913.301
13687	A	A	850.313	36.0938	64	64	850.313	0	0	0
13688	C	C	837.135	36.0538	61	59	0	837.135	0	0
13689	T	T	845.103	36.0675	62	62	0	0	0	845.103
13690	G	G	864.37	36.0538	61	60	0	0	864.37	0
13691	G	G	889.242	36.0809	63	62	0	0	889.242	0
13692	A	A	809.727	36.0397	60	60	809.727	0	0	0
13693	T	T	788.436	35.9945	57	57	0	0	0	788.436
13694	T	T	814.217	36.01	58	58	0	0	0	814.217
13695	C	C	839.202	36.01	58	58	0	839.202	0	0
13696	C	C	776.7	35.9785	56	54	0	776.7	0	0
13697	G	G	709.563	35.962	55	51	0	0	709.563	0
13698	A	A	753.305	37	55	55	753.305	0	0	0
13699	T	T	749.611	37	53	53	0	0	0	749.611
13700	A	A	732.337	37	53	53	732.337	0	0	0
13701	C	C	748.313	37	54	52	0	748.313	0	0
13702	A	A	767.235	37	56	56	767.235	0	0	0
13703	A	A	784.883	37	56	56	784.883	0	0	0
13704	G	G	835.972	37	58	58	0	0	835.972	0
13705	A	A	788.336	37	58	58	788.336	0	0	0
13706	C	C	772.306	37	56	54	0	772.306	0	0
13707	C	C	807.729	37	56	56	0	807.729	0	0
13708	A	A	760.601	37	57	57	760.601	0	0	0
13709	A	A	758.486	37	58	58	758.486	0	0	0
13710	G	G	747.184	37	56	53	0	0	747.184	0
13711	G	G	782.624	37	57	55	0	0	782.624	0
13712	C	C	806.521	37	57	56	0	806.521	0	0
13713	A	A	718.638	37	56	56	718.638	0	0	0
13714	T	T	739.817	37	56	56	0	0	0	739.817
13715	C	C	743.241	37	57	53	0	743.241	0	0
13716	C	C	704.997	37	53	50	0	704.997	0	0
13717	T	T	697.901	37	52	52	0	0	0	697.901
13718	T	T	690.345	37	51	51	0	0	0	690.345
13719	G	G	670.229	37	49	47	0	0	670.229	0
13720	G	G	700.101	37	51	49	0	0	700.101	0
13721	C	C	699.846	37	50	49	0	699.846	0	0
13722	T	T	655.289	37	50	50	0	0	0	655.289
13723	C	C	640.098	37	50	46	0	640.098	0	0
13724	A	A	667.378	37	49	49	667.378	0	0	0
13725	C	C	707.093	37	49	49	0	707.093	0	0
13726	T	T	649.459	37	46	46	0	0	0	649.459
13727	T	T	668.131	37	47	47	0	0	0	668.131
13728	T	T	630.968	37	45	45	0	0	0	630.968
13729	C	C	643.491	37	47	45	0	643.491	0	0
13730	T	T	667.376	37	50	50	0	0	0	667.376
13731	A	A	711.028	37	51	51	711.028	0	0	0
13732	C	C	635.775	37	51	46	0	635.775	0	0
13733	C	C	745.253	37	53	52	0	745.253	0	0
13734	T	T	676.746	37	51	51	0	0	0	676.746
13735	C	C	733.312	37	52	51	0	733.312	0	0
13736	A	A	747.299	37	53	53	747.299	0	0	0
13737	A	A	727.21	37	52	52	727.21	0	0	0
13738	G	G	741.594	37	55	53	0	0	741.594	0
13739	G	G	757.399	37	55	53	0	0	757.399	0
13740	G	G	794.279	37	55	55	0	0	794.279	0
13741	A	A	781.551	37	56	56	781.551	0	0	0
13742	C	C	774.508	37	56	54	0	774.508	0	0
13743	A	A	770.459	37	56	56	770.459	0	0	0
13744	C	C	820.61	37	57	57	0	820.61	0	0
13745	C	C	791.451	37	56	55	0	791.451	0	0
13746	T	T	792.129	37	57	57	0	0	0	792.129
13747	T	T	794.113	37	56	56	0	0	0	794.113
13748	T	T	764.857	37	56	56	0	0	0	764.857
13749	C	C	745.408	35.945	54	52	0	745.408	0	0
13750	C	C	736.268	35.962	55	52	0	736.268	0	0
13751	C	C	806.553	35.9785	56	56	0	806.553	0	0
13752	T	T	761.706	35.9785	56	56	0	0	0	761.706
13753	C	C	793.989	35.9785	56	55	0	793.989	0	0
13754	T	T	785.199	35.9785	56	56	0	0	0	785.199
13755	A	A	725.349	35.9273	53	53	725.349	0	0	0
13756	A	A	725.597	35.945	54	54	725.597	0	0	0
13757	T	T	758.028	35.1249	55	55	0	0	0	758.028
13758	C	C	714.249	35.0968	54	51	0	714.249	0	0
13759	C	C	743.599	35.0968	54	52	0	743.599	0	0
13760	C	C	728.2	35.1249	55	52	0	728.2	0	0
13761	G	G	736.882	35.1249	55	52	0	0	736.882	0
13762	A	A	776.995	35.1522	56	56	776.995	0	0	0
13763	T	T	757.836	35.2537	60	60	0	0	0	757.836
13764	A	A	832.103	35.2294	59	59	832.103	0	0	0
13765	C	C	737.737	35.2537	60	54	0	737.737	0	0
13766	T	T	777.454	35.2294	59	59	0	0	0	777.454
13767	C	C	830.202	35.2537	60	58	0	830.202	0	0
13768	G	G	865.592	35.2773	61	60	0	0	865.592	0
13769	T	T	853.11	35.2773	61	61	0	0	0	853.11
13770	A	A	818.606	35.2537	60	60	818.606	0	0	0
13771	A	A	827.959	35.2537	60	60	827.959	0	0	0
13772	T	T	829.024	35.2294	59	59	0	0	0	829.024
13773	T	T	837.773	35.2294	59	59	0	0	0	837.773
13774	A	A	875.679	35.3003	62	62	875.679	0	0	0
13775	T	T	827.895	35.3003	62	62	0	0	0	827.895
13776	T	T	851.691	35.3657	65	65	0	0	0	851.691
13777	G	G	938.189	35.3864	66	65	0	0	938.189	0
13778	A	A	951.853	35.4262	68	68	951.853	0	0	0
13779	A	A	961.963	35.4641	70	70	961.963	0	0	0
13780	A	A	938.969	35.4066	67	67	938.969	0	0	0
13781	C	C	923.522	35.4066	67	65	0	923.522	0	0
13782	A	A	916.737	35.3657	65	65	916.737	0	0	0
13783	A	A	942.579	35.4262	68	68	942.579	0	0	0
13784	T	T	941.764	35.4066	67	67	0	0	0	941.764
13785	C	C	935.642	35.4262	68	66	0	935.642	0	0
13786	A	A	935.453	34.8612	70	70	935.453	0	0	0
13787	G	G	934.578	34.8367	69	66	0	0	934.578	0
13788	C	C	923.99	34.7862	67	65	0	923.99	0	0
13789	C	C	920.841	35.3657	65	64	0	920.841	0	0
13790	T	T	921.288	35.4262	68	68	0	0	0	921.288
13791	A	A	877.378	35.3657	65	65	877.378	0	0	0
13792	T	T	892.652	35.3657	65	65	0	0	0	892.652
13793	T	T	881.091	35.3864	66	66	0	0	0	881.091
13794	T	T	896.638	35.4066	67	67	0	0	0	896.638
13795	A	A	916.602	35.3657	65	65	916.602	0	0	0
13796	T	T	877.063	35.3657	65	65	0	0	0	877.063
13797	C	C	891.492	34.7862	67	63	0	891.492	0	0
13798	C	C	978.325	34.9083	72	69	0	978.325	0	0
13799	A	A	1011.11	34.9311	73	73	1011.11	0	0	0
13800	G	G	1044.87	34.9752	75	73	0	0	1044.87	0
13801	C	C	1038.39	34.9966	76	73	0	1038.39	0	0
13802	C	C	1020.11	35.0175	77	73	0	1020.11	0	0
13803	T	T	1018.16	34.9752	75	75	0	0	0	1018.16
13804	G	G	1017.89	35.5512	75	72	0	0	1017.89	0
13805	T	T	1032.02	35.5675	76	76	0	0	0	1032.02
13806	G	G	1022.49	35.5346	74	72	0	0	1022.49	0
13807	G	G	991.225	35.5512	75	70	0	0	991.225	0
13808	C	C	1079.09	35.5512	75	75	0	1079.09	0	0
13809	C	C	1040.67	34.9966	76	73	0	1040.67	0	0
13810	C	C	1066.64	34.9752	75	74	0	1066.64	0	0
13811	T	T	1036.35	34.9966	76	76	0	0	0	1036.35
13812	G	G	1033.88	34.9752	75	73	0	0	1033.88	0
13813	G	G	984.353	34.9752	75	71	0	0	984.353	0
13814	C	C	1048.9	34.9752	75	73	0	1048.9	0	0
13815	C	C	986.066	34.9311	73	70	0	986.066	0	0
13816	G	G	1023.83	34.9083	72	71	0	0	1023.83	0
13817	T	T	979.414	34.9083	72	72	0	0	0	979.414
13818	G	G	1018.92	34.885	71	71	0	0	1018.92	0
13819	C	C	1023.95	34.9083	72	71	0	1023.95	0	0
13820	G	G	967.081	34.8612	70	68	0	0	967.081	0
13821	A	A	939.192	34.8118	68	68	939.192	0	0	0
13822	C	C	963.343	34.8612	70	68	0	963.343	0	0
13823	T	T	968.089	34.885	71	71	0	0	0	968.089
13824	A	A	946.723	34.885	71	71	946.723	0	0	0
13825	A	A	968.605	34.9311	73	73	968.605	0	0	0
13826	C	C	983.753	34.8612	70	69	0	983.753	0	0
13827	C	C	953.299	34.7862	67	66	0	953.299	0	0
13828	G	G	867.299	34.76	66	62	0	0	867.299	0
13829	C	C	877.65	34.7862	67	63	0	877.65	0	0
13830	T	T	940.483	34.8118	68	68	0	0	0	940.483
13831	A	A	875.099	34.7056	64	64	875.099	0	0	0
13832	A	A	885.041	34.7331	65	65	885.041	0	0	0
13833	T	T	840.993	35.3003	62	62	0	0	0	840.993
13834	A	A	893.129	35.3657	65	65	893.129	0	0	0
13835	T	T	883.608	35.3657	65	65	0	0	0	883.608
13836	T	T	893.959	35.4066	67	67	0	0	0	893.959
13837	A	A	940.387	35.4262	68	68	940.387	0	0	0
13838	C	C	947.622	35.4066	67	66	0	947.622	0	0
13839	T	T	899.723	35.3864	66	66	0	0	0	899.723
13840	G	G	903.53	35.3657	65	63	0	0	903.53	0
13841	C	C	915.77	35.3864	66	64	0	915.77	0	0
13842	A	A	876.744	35.3657	65	65	876.744	0	0	0
13843	G	G	904.356	35.3445	64	63	0	0	904.356	0
13844	G	G	859.66	35.3445	64	61	0	0	859.66	0
13845	C	C	892.394	35.3445	64	62	0	892.394	0	0
13846	C	C	822.669	35.3003	62	59	0	822.669	0	0
13847	A	A	879.241	35.3227	63	63	879.241	0	0	0
13848	T	T	878.972	35.3864	66	66	0	0	0	878.972
13849	T	T	879.957	35.3864	66	66	0	0	0	879.957
13850	T	T	874.157	35.3864	66	66	0	0	0	874.157
13851	G	G	963.732	35.4066	67	67	0	0	963.732	0
13852	C	C	978.022	35.4262	68	68	0	978.022	0	0
13853	T	T	904.147	35.4066	67	67	0	0	0	904.147
13854	C	C	991.097	35.4641	70	69	0	991.097	0	0
13855	A	A	990.511	35.5002	72	72	990.511	0	0	0
13856	T	T	926.296	35.5002	72	72	0	0	0	926.296
13857	T	T	973.427	35.5834	77	77	0	0	0	973.427
13858	C	C	1021.92	35.5834	77	73	0	1021.92	0	0
13859	A	A	1092.38	35.5989	78	78	1092.38	0	0	0
13860	T	T	1037.78	35.5989	78	78	0	0	0	1037.78
13861	T	T	1078.89	35.6435	81	81	0	0	0	1078.89
13862	T	T	1119.67	35.6435	81	81	0	0	0	1119.67
13863	A	A	1064.27	35.6141	79	79	1064.27	0	0	0
13864	A	A	1079.54	35.6141	79	79	1079.54	0	0	0
13865	T	T	1101.27	35.6289	80	80	0	0	0	1101.27
13866	T	T	1068.81	35.5675	76	76	0	0	0	1068.81
13867	G	G	1090.89	35.5834	77	76	0	0	1090.89	0
13868	G	G	1097.29	35.5675	76	76	0	0	1097.29	0
13869	G	G	1110.99	35.5989	78	77	0	0	1110.99	0
13870	G	G	1067.82	35.5834	77	75	0	0	1067.82	0
13871	G	G	1026.1	35.6141	79	74	0	0	1026.1	0
13872	A	A	1098.96	36.252	79	79	1098.96	0	0	0
13873	G	G	1156.55	36.2606	80	80	0	0	1156.55	0
13874	C	C	1138.51	36.2606	80	79	0	1138.51	0	0
13875	T	T	1080	36.2432	78	78	0	0	0	1080
13876	A	A	1050.25	36.2342	77	77	1050.25	0	0	0
13877	C	C	1100.05	36.2342	77	76	0	1100.05	0	0
13878	T	T	1097.65	36.252	79	79	0	0	0	1097.65
13879	T	T	1078.83	36.2432	78	78	0	0	0	1078.83
13880	T	T	1041.34	36.2155	75	75	0	0	0	1041.34
13881	G	G	1052.55	36.2058	74	73	0	0	1052.55	0
13882	A	A	1031.35	36.2155	75	75	1031.35	0	0	0
13883	C	C	1096.8	36.2342	77	76	0	1096.8	0	0
13884	T	T	1098.88	36.252	79	79	0	0	0	1098.88
13885	C	C	1083.5	36.2249	76	75	0	1083.5	0	0
13886	T	T	1010.86	36.1959	73	73	0	0	0	1010.86
13887	A	A	1048.33	36.2058	74	74	1048.33	0	0	0
13888	A	A	1043.6	36.2155	75	75	1043.6	0	0	0
13889	C	C	1014.02	36.2249	76	72	0	1014.02	0	0
13890	A	A	1034.63	36.2342	77	77	1034.63	0	0	0
13891	A	A	1012.71	36.2155	75	75	1012.71	0	0	0
13892	G	G	1046.11	36.2342	77	74	0	0	1046.11	0
13893	T	T	1029.92	36.2058	74	74	0	0	0	1029.92
13894	A	A	1015.05	36.2058	74	74	1015.05	0	0	0
13895	T	T	1003.42	36.1857	72	72	0	0	0	1003.42
13896	T	T	997.193	36.1857	72	72	0	0	0	997.193
13897	A	A	1007.18	36.2058	74	74	1007.18	0	0	0
13898	G	G	1036.96	35.5512	75	73	0	0	1036.96	0
13899	C	C	969.903	35.5176	73	69	0	969.903	0	0
13900	A	A	963.876	35.5002	72	72	963.876	0	0	0
13901	C	C	1006.03	35.5002	72	70	0	1006.03	0	0
13902	T	T	990.994	35.5002	72	72	0	0	0	990.994
13903	A	A	937.565	35.4641	70	70	937.565	0	0	0
13904	T	T	951.706	35.4262	68	68	0	0	0	951.706
13905	T	T	925.562	35.3864	66	66	0	0	0	925.562
13906	A	A	873.128	35.3657	65	65	873.128	0	0	0
13907	C	C	908.284	35.3445	64	63	0	908.284	0	0
13908	A	A	832.976	35.3445	64	64	832.976	0	0	0
13909	G	G	893.693	35.3445	64	63	0	0	893.693	0
13910	C	C	948.851	35.3864	66	66	0	948.851	0	0
13911	C	C	913.699	35.3864	66	64	0	913.699	0	0
13912	T	T	843.278	35.3003	62	62	0	0	0	843.278
13913	T	T	803.521	35.2537	60	60	0	0	0	803.521
13914	T	T	809.224	35.2294	59	59	0	0	0	809.224
13915	A	A	767.361	35.2044	58	58	767.361	0	0	0
13916	T	T	807.154	35.9945	57	57	0	0	0	807.154
13917	C	C	809.925	35.9785	56	56	0	809.925	0	0
13918	A	A	731.891	35.9785	56	56	731.891	0	0	0
13919	C	C	779.628	35.962	55	54	0	779.628	0	0
13920	C	C	748.169	35.9273	53	52	0	748.169	0	0
13921	T	T	735.822	35.945	54	54	0	0	0	735.822
13922	T	T	735.277	35.9945	57	57	0	0	0	735.277
13923	T	T	751.136	35.2294	59	59	0	0	0	751.136
13924	A	A	825.666	35.2773	61	61	825.666	0	0	0
13925	C	C	833.954	35.3445	64	60	0	833.954	0	0
13926	C	C	811.295	35.3003	62	58	0	811.295	0	0
13927	G	G	844.732	35.3227	63	60	0	0	844.732	0
13928	T	T	814.155	35.2773	61	61	0	0	0	814.155
13929	T	T	813.052	35.3003	62	61	0	0	0	813.052
13930	C	C	887.585	35.3445	64	62	0	887.585	0	0
13931	T	T	853.759	35.3227	63	63	0	0	0	853.759
13932	A	A	872.47	35.3227	63	63	872.47	0	0	0
13933	G	G	879.289	35.3864	66	63	0	0	879.289	0
13934	T	T	890.753	35.3864	66	66	0	0	0	890.753
13935	A	A	906.703	35.4066	67	67	906.703	0	0	0
13936	C	C	896.297	36.1187	66	63	0	896.297	0	0
13937	T	T	885.738	36.1064	65	65	0	0	0	885.738
13938	A	A	902.984	36.1306	67	67	902.984	0	0	0
13939	C	C	938.596	36.1187	66	65	0	938.596	0	0
13940	T	T	879.085	36.0809	63	63	0	0	0	879.085
13941	T	T	842.891	36.0538	61	61	0	0	0	842.891
13942	A	A	919.422	36.1064	65	65	919.422	0	0	0
13943	C	C	910.803	36.1306	67	64	0	910.803	0	0
13944	C	C	962.116	36.1422	68	67	0	962.116	0	0
13945	A	A	955.946	36.1422	68	68	955.946	0	0	0
13946	T	T	910.858	36.1535	69	69	0	0	0	910.858
13947	T	T	942.475	36.1535	69	69	0	0	0	942.475
13948	C	C	947.464	36.1645	70	67	0	947.464	0	0
13949	T	T	970.355	36.1752	71	71	0	0	0	970.355
13950	C	C	1025.72	36.1857	72	71	0	1025.72	0	0
13951	G	G	974.833	37	70	68	0	0	974.833	0
13952	A	A	958.74	37	70	70	958.74	0	0	0
13953	G	G	1021.08	37	72	71	0	0	1021.08	0
13954	T	T	1016.52	36.2155	75	75	0	0	0	1016.52
13955	T	T	976.808	36.1857	72	72	0	0	0	976.808
13956	C	C	961.838	36.1857	72	68	0	961.838	0	0
13957	G	G	1018.7	36.1959	73	71	0	0	1018.7	0
13958	C	C	995.014	36.1959	73	70	0	995.014	0	0
13959	T	T	1033.66	36.2249	76	76	0	0	0	1033.66
13960	G	G	1014.69	36.1959	73	71	0	0	1014.69	0
13961	T	T	992.551	36.1857	72	72	0	0	0	992.551
13962	A	A	953.28	36.1752	71	71	953.28	0	0	0
13963	G	G	1021.18	36.1752	71	71	0	0	1021.18	0
13964	C	C	998.386	36.1535	69	69	0	998.386	0	0
13965	C	C	945.256	36.1422	68	66	0	945.256	0	0
13966	C	C	943.482	36.1422	68	66	0	943.482	0	0
13967	T	T	938.61	36.1422	68	68	0	0	0	938.61
13968	C	C	981.72	36.1535	69	68	0	981.72	0	0
13969	A	A	919.745	36.1645	70	70	919.745	0	0	0
13970	T	T	906.043	36.1187	66	66	0	0	0	906.043
13971	T	T	914.462	36.1187	66	66	0	0	0	914.462
13972	C	C	979.383	36.1422	68	68	0	979.383	0	0
13973	A	A	852.945	36.1187	66	66	852.945	0	0	0
13974	G	G	841.21	36.1306	67	61	0	0	841.21	0
13975	G	G	929.77	37	66	65	0	0	929.77	0
13976	C	C	879.317	36.1064	65	62	0	879.317	0	0
13977	C	C	866.648	36.1064	65	62	0	866.648	0	0
13978	T	T	826.192	36.0675	62	62	0	0	0	826.192
13979	A	A	840.62	36.0675	62	62	840.62	0	0	0
13980	C	C	866.344	36.0938	64	61	0	866.344	0	0
13981	G	G	872.319	36.0809	63	61	0	0	872.319	0
13982	T	T	826.59	36.0538	61	61	0	0	0	826.59
13983	C	C	870.417	36.0809	63	61	0	870.417	0	0
13984	T	T	846.61	36.0809	63	63	0	0	0	846.61
13985	T	T	842.859	36.0538	61	61	0	0	0	842.859
13986	C	C	851.08	36.0397	60	59	0	851.08	0	0
13987	A	A	856.9	36.0538	61	61	856.9	0	0	0
13988	C	C	825.105	36.0538	61	58	0	825.105	0	0
13989	C	C	879.326	36.0675	62	61	0	879.326	0	0
13990	C	C	855.127	36.0938	64	61	0	855.127	0	0
13991	T	T	849.06	36.0809	63	63	0	0	0	849.06
13992	G	G	888.234	36.1064	65	63	0	0	888.234	0
13993	C	C	914.969	36.1187	66	64	0	914.969	0	0
13994	T	T	891.381	36.1187	66	66	0	0	0	891.381
13995	A	A	881.15	36.1064	65	65	881.15	0	0	0
13996	G	G	935.924	36.1064	65	65	0	0	935.924	0
13997	T	T	881.931	36.1064	65	65	0	0	0	881.931
13998	A	A	893.723	36.1064	65	65	893.723	0	0	0
13999	A	A	922.555	36.1306	67	67	922.555	0	0	0
14000	G	G	968.418	36.1422	68	67	0	0	968.418	0
14001	C	C	949.628	36.1306	67	66	0	949.628	0	0
14002	C	C	936.291	36.1187	66	65	0	936.291	0	0
14003	T	T	888.464	36.0938	64	64	0	0	0	888.464
14004	A	A	923.886	36.1187	66	66	923.886	0	0	0
14005	T	T	933.773	36.1306	67	67	0	0	0	933.773
14006	A	A	915.49	36.1187	66	66	915.49	0	0	0
14007	C	C	964.718	36.1306	67	67	0	964.718	0	0
14008	C	C	871.137	36.1645	70	63	0	871.137	0	0
14009	T	T	951.409	36.1752	71	71	0	0	0	951.409
14010	A	A	950.621	36.1645	70	70	950.621	0	0	0
14011	C	C	939.758	36.1535	69	66	0	939.758	0	0
14012	A	A	946.851	36.1645	70	70	946.851	0	0	0
14013	C	C	965.359	36.1752	71	68	0	965.359	0	0
14014	G	G	965.045	36.1422	68	67	0	0	965.045	0
14015	A	A	935.325	36.1306	67	67	935.325	0	0	0
14016	T	T	919.376	36.1306	67	67	0	0	0	919.376
14017	A	A	931.554	36.1422	68	68	931.554	0	0	0
14018	A	A	954.393	36.1645	70	70	954.393	0	0	0
14019	C	C	949.637	36.1535	69	67	0	949.637	0	0
14020	A	A	978.368	36.1857	72	72	978.368	0	0	0
14021	C	C	1050.11	36.1959	73	73	0	1050.11	0	0
14022	T	T	946.934	36.1752	71	71	0	0	0	946.934
14023	T	T	971.981	36.1857	72	72	0	0	0	971.981
14024	A	A	1018.99	36.2249	76	76	1018.99	0	0	0
14025	A	A	994.461	36.2058	74	74	994.461	0	0	0
14026	T	T	1000.83	36.2058	74	74	0	0	0	1000.83
14027	G	G	1003.24	36.1857	72	70	0	0	1003.24	0
14028	A	A	970.358	36.1959	73	73	970.358	0	0	0
14029	C	C	1011.6	36.1645	70	70	0	1011.6	0	0
14030	T	T	947.166	36.1306	67	67	0	0	0	947.166
14031	C	C	905.415	35.4066	67	64	0	905.415	0	0
14032	A	A	923.559	35.4454	69	69	923.559	0	0	0
14033	C	C	954.631	35.3864	66	66	0	954.631	0	0
14034	C	C	933.138	35.4066	67	65	0	933.138	0	0
14035	A	A	878.794	35.3445	64	64	878.794	0	0	0
14036	A	A	865.126	35.3445	64	64	865.126	0	0	0
14037	A	A	848.4	35.3003	62	62	848.4	0	0	0
14038	C	C	858.271	35.2773	61	60	0	858.271	0	0
14039	A	A	826.539	35.2537	60	60	826.539	0	0	0
14040	C	C	837.734	35.2773	61	59	0	837.734	0	0
14041	A	A	874.699	35.3227	63	63	874.699	0	0	0
14042	T	T	841.024	35.2773	61	61	0	0	0	841.024
14043	G	G	866.96	35.2537	60	60	0	0	866.96	0
14044	C	C	821.852	35.2773	61	58	0	821.852	0	0
14045	A	A	850.86	35.3003	62	62	850.86	0	0	0
14046	T	T	886.075	35.3657	65	65	0	0	0	886.075
14047	A	A	922.604	35.4262	68	68	922.604	0	0	0
14048	C	C	907.31	35.4066	67	64	0	907.31	0	0
14049	C	C	909.966	35.3657	65	64	0	909.966	0	0
14050	A	A	893.202	35.4066	67	67	893.202	0	0	0
14051	T	T	894.926	35.3864	66	66	0	0	0	894.926
14052	A	A	885.959	35.4262	68	68	885.959	0	0	0
14053	T	T	915.504	35.3864	66	66	0	0	0	915.504
14054	A	A	828.038	35.3227	63	63	828.038	0	0	0
14055	G	G	821.095	35.2773	61	58	0	0	821.095	0
14056	T	T	824.18	35.2294	59	59	0	0	0	824.18
14057	C	C	800.53	35.1787	57	56	0	800.53	0	0
14058	A	A	778.625	35.9785	56	56	778.625	0	0	0
14059	A	A	767.202	35.9945	57	57	767.202	0	0	0
14060	C	C	799.185	34.5572	59	56	0	799.185	0	0
14061	C	C	826.026	34.5884	60	58	0	826.026	0	0
14062	C	C	819.515	34.6188	61	58	0	819.515	0	0
14063	A	A	774.763	34.5251	58	58	774.763	0	0	0
14064	A	A	815.932	34.5251	58	58	815.932	0	0	0
14065	G	G	751.169	34.5251	58	54	0	0	751.169	0
14066	C	C	862.481	34.5884	60	60	0	862.481	0	0
14067	C	C	848.51	34.5572	59	59	0	848.51	0	0
14068	C	C	798.106	34.5251	58	56	0	798.106	0	0
14069	A	A	792.012	34.5251	58	58	792.012	0	0	0
14070	T	T	810.744	34.5572	59	59	0	0	0	810.744
14071	G	G	826.395	34.5884	60	58	0	0	826.395	0
14072	A	A	777.681	34.5884	60	60	777.681	0	0	0
14073	C	C	824.657	34.5572	59	58	0	824.657	0	0
14074	C	C	835.11	34.5251	58	58	0	835.11	0	0
14075	A	A	766.71	35.1522	56	56	766.71	0	0	0
14076	C	C	726.481	35.1249	55	52	0	726.481	0	0
14077	T	T	746.397	35.1249	55	55	0	0	0	746.397
14078	A	A	776.483	35.1787	57	57	776.483	0	0	0
14079	A	A	769.344	35.1787	57	57	769.344	0	0	0
14080	C	C	770.881	35.1522	56	54	0	770.881	0	0
14081	A	A	757.078	35.1787	57	57	757.078	0	0	0
14082	G	G	729.058	35.1522	56	52	0	0	729.058	0
14083	G	G	758.981	35.962	55	53	0	0	758.981	0
14084	A	A	748.58	37	55	55	748.58	0	0	0
14085	G	G	779.394	37	55	54	0	0	779.394	0
14086	C	C	674.097	37	57	50	0	674.097	0	0
14087	C	C	757.167	37	55	53	0	757.167	0	0
14088	C	C	813.217	37	58	57	0	813.217	0	0
14089	T	T	782.307	37	59	59	0	0	0	782.307
14090	C	C	834.73	37	59	58	0	834.73	0	0
14091	T	T	799.331	37	58	58	0	0	0	799.331
14092	C	C	803.059	35.9945	57	56	0	803.059	0	0
14093	A	A	784.794	36.01	58	58	784.794	0	0	0
14094	G	G	851.114	34.5572	59	59	0	0	851.114	0
14095	C	C	774.31	34.5572	59	55	0	774.31	0	0
14096	C	C	847.856	34.5572	59	59	0	847.856	0	0
14097	C	C	784.285	34.6188	61	56	0	784.285	0	0
14098	T	T	826.441	34.7056	64	64	0	0	0	826.441
14099	T	T	852.573	34.7056	64	64	0	0	0	852.573
14100	C	C	898.859	34.1811	65	63	0	898.859	0	0
14101	T	T	887.245	34.2126	66	66	0	0	0	887.245
14102	T	T	927.575	34.2735	68	68	0	0	0	927.575
14103	A	A	924.161	34.2434	67	67	924.161	0	0	0
14104	T	T	886.329	34.1488	64	64	0	0	0	886.329
14105	A	A	910.854	34.2126	66	66	910.854	0	0	0
14106	A	A	927.725	34.2735	68	68	927.725	0	0	0
14107	C	C	952.275	34.2126	66	66	0	952.275	0	0
14108	A	A	902.648	34.2126	66	66	902.648	0	0	0
14109	T	T	898.344	34.1488	64	64	0	0	0	898.344
14110	C	C	884.011	34.0472	61	61	0	884.011	0	0
14111	G	G	882.82	34.0472	61	61	0	0	882.82	0
14112	G	G	854.092	34.0819	62	60	0	0	854.092	0
14113	G	G	866.975	34.6188	61	60	0	0	866.975	0
14114	G	G	895.505	34.6485	62	62	0	0	895.505	0
14115	C	C	820.159	35.3227	63	59	0	820.159	0	0
14116	T	T	872.658	35.3003	62	62	0	0	0	872.658
14117	A	A	843.377	35.3003	62	62	843.377	0	0	0
14118	A	A	864.251	35.3445	64	64	864.251	0	0	0
14119	T	T	886.975	35.3445	64	64	0	0	0	886.975
14120	T	T	873.603	35.3003	62	62	0	0	0	873.603
14121	A	A	831.05	35.3003	62	62	831.05	0	0	0
14122	T	T	847.052	35.3445	64	64	0	0	0	847.052
14123	G	G	914.179	35.3864	66	64	0	0	914.179	0
14124	T	T	865.596	35.3864	66	66	0	0	0	865.596
14125	G	G	896.501	35.3864	66	63	0	0	896.501	0
14126	A	A	883.518	36.1064	65	65	883.518	0	0	0
14127	T	T	875.436	37	64	64	0	0	0	875.436
14128	T	T	869.872	37	63	63	0	0	0	869.872
14129	T	T	866.316	37	62	62	0	0	0	866.316
14130	C	C	921.792	36.0938	64	64	0	921.792	0	0
14131	A	A	874.615	36.0675	62	62	874.615	0	0	0
14132	C	C	859.53	36.0675	62	60	0	859.53	0	0
14133	T	T	872.436	36.0675	62	62	0	0	0	872.436
14134	T	T	875.854	36.0675	62	62	0	0	0	875.854
14135	T	T	871.779	36.0538	61	61	0	0	0	871.779
14136	A	A	820.656	36.0397	60	60	820.656	0	0	0
14137	A	A	822.362	36.0675	62	62	822.362	0	0	0
14138	C	C	825.503	36.0538	61	59	0	825.503	0	0
14139	T	T	848.829	36.0809	63	63	0	0	0	848.829
14140	C	C	834.289	36.0538	61	59	0	834.289	0	0
14141	T	T	832.047	36.0675	62	62	0	0	0	832.047
14142	A	A	805.957	36.0397	60	60	805.957	0	0	0
14143	T	T	791.289	36.01	58	58	0	0	0	791.289
14144	A	A	769.353	35.9785	56	56	769.353	0	0	0
14145	C	C	744.93	35.9785	56	53	0	744.93	0	0
14146	T	T	784.335	35.9785	56	56	0	0	0	784.335
14147	C	C	775.062	35.9785	56	54	0	775.062	0	0
14148	T	T	768.592	35.962	55	55	0	0	0	768.592
14149	T	T	757.429	35.945	54	54	0	0	0	757.429
14150	A	A	800.419	35.9945	57	57	800.419	0	0	0
14151	T	T	800.764	36.0251	59	59	0	0	0	800.764
14152	T	T	799.362	36.01	58	58	0	0	0	799.362
14153	A	A	774.742	36.01	58	58	774.742	0	0	0
14154	T	T	782.833	36.01	58	58	0	0	0	782.833
14155	T	T	811.928	36.0251	59	59	0	0	0	811.928
14156	G	G	763.106	36.01	58	54	0	0	763.106	0
14157	C	C	709.311	37	58	52	0	709.311	0	0
14158	T	T	772.861	37	58	58	0	0	0	772.861
14159	A	A	810.308	37	58	58	810.308	0	0	0
14160	G	G	865.604	37	60	60	0	0	865.604	0
14161	G	G	841.439	37	58	58	0	0	841.439	0
14162	C	C	807.609	37	59	57	0	807.609	0	0
14163	C	C	877.204	37	62	61	0	877.204	0	0
14164	T	T	865.28	37	67	67	0	0	0	865.28
14165	T	T	897.838	37	67	67	0	0	0	897.838
14166	A	A	906.348	37	67	67	906.348	0	0	0
14167	C	C	896.393	37	66	63	0	896.393	0	0
14168	A	A	904.483	37	65	65	904.483	0	0	0
14169	A	A	909.805	37	67	67	909.805	0	0	0
14170	C	C	978.396	37	69	68	0	978.396	0	0
14171	C	C	940.7	37	69	66	0	940.7	0	0
14172	A	A	901.648	37	68	68	901.648	0	0	0
14173	A	A	885.263	37	67	67	885.263	0	0	0
14174	T	T	906.96	36.1422	68	68	0	0	0	906.96
14175	A	A	883.545	36.1064	65	65	883.545	0	0	0
14176	T	T	888.575	36.0938	64	64	0	0	0	888.575
14177	A	A	874.93	35.3864	66	66	874.93	0	0	0
14178	C	C	896.342	35.3864	66	63	0	896.342	0	0
14179	T	T	894.464	35.3864	66	66	0	0	0	894.464
14180	C	C	917.937	35.4066	67	65	0	917.937	0	0
14181	A	A	881.511	35.3445	64	64	881.511	0	0	0
14182	C	C	888.292	35.3657	65	63	0	888.292	0	0
14183	C	C	907.726	35.3445	64	63	0	907.726	0	0
14184	A	A	961.454	35.4262	68	68	961.454	0	0	0
14185	T	T	921.252	35.4641	70	70	0	0	0	921.252
14186	G	G	1040.71	35.5002	72	72	0	0	1040.71	0
14187	T	T	950.837	35.4824	71	71	0	0	0	950.837
14188	A	A	1023.89	35.5176	73	73	1023.89	0	0	0
14189	T	T	988.993	35.5002	72	72	0	0	0	988.993
14190	C	C	1024.85	35.5002	72	71	0	1024.85	0	0
14191	A	A	1054.93	35.5834	77	77	1054.93	0	0	0
14192	A	A	1075.26	35.5989	78	78	1075.26	0	0	0
14193	T	T	1061.92	35.6141	79	79	0	0	0	1061.92
14194	G	G	1120.27	35.6141	79	78	0	0	1120.27	0
14195	G	G	1121.9	35.6141	79	78	0	0	1121.9	0
14196	T	T	1039.51	35.5512	75	75	0	0	0	1039.51
14197	G	G	1040.94	35.5675	76	73	0	0	1040.94	0
14198	A	A	1038.75	35.5675	76	76	1038.75	0	0	0
14199	C	C	1041.4	35.5002	72	72	0	1041.4	0	0
14200	G	G	1003.7	35.5002	72	70	0	0	1003.7	0
14201	G	G	957.067	35.4641	70	67	0	0	957.067	0
14202	G	G	960.013	36.1535	69	67	0	0	960.013	0
14203	A	A	964.162	37	70	70	964.162	0	0	0
14204	T	T	979.273	37	69	69	0	0	0	979.273
14205	A	A	951.881	37	69	69	951.881	0	0	0
14206	T	T	976.08	37	69	69	0	0	0	976.08
14207	T	T	933.949	37	66	66	0	0	0	933.949
14208	A	A	913.529	37	68	68	913.529	0	0	0
14209	T	T	930.464	37	66	66	0	0	0	930.464
14210	T	T	924.996	37	65	65	0	0	0	924.996
14211	C	C	905.781	37	65	63	0	905.781	0	0
14212	G	G	884.492	37	63	62	0	0	884.492	0
14213	A	A	803.503	37	60	60	803.503	0	0	0
14214	G	G	858.009	37	61	60	0	0	858.009	0
14215	A	A	770.738	37	60	60	770.738	0	0	0
14216	G	G	808.66	37	59	57	0	0	808.66	0
14217	A	A	727.97	37	58	58	727.97	0	0	0
14218	G	G	734.041	37	57	53	0	0	734.041	0
14219	T	T	744.115	37	53	53	0	0	0	744.115
14220	A	A	633.176	37	50	50	633.176	0	0	0
14221	C	C	646.893	37	47	45	0	646.893	0	0
14222	A	A	629.195	37	47	47	629.195	0	0	0
14223	T	T	651.597	37	49	49	0	0	0	651.597
14224	T	T	639.027	37	49	49	0	0	0	639.027
14225	T	T	649.456	37	52	52	0	0	0	649.456
14226	C	C	733.372	37	54	52	0	733.372	0	0
14227	A	A	706.861	37	53	53	706.861	0	0	0
14228	A	A	736.398	37	55	55	736.398	0	0	0
14229	G	G	761.826	37	53	53	0	0	761.826	0
14230	G	G	737.94	37	52	51	0	0	737.94	0
14231	C	C	747.179	37	52	52	0	747.179	0	0
14232	C	C	774.429	37	54	54	0	774.429	0	0
14233	A	A	770.003	37	56	56	770.003	0	0	0
14234	T	T	748.698	37	55	55	0	0	0	748.698
14235	C	C	805.15	37	56	56	0	805.15	0	0
14236	A	A	750.756	37	56	56	750.756	0	0	0
14237	C	C	743.009	37	58	54	0	743.009	0	0
14238	A	A	804.604	37	58	58	804.604	0	0	0
14239	C	C	841.491	37	60	59	0	841.491	0	0
14240	T	T	799.227	37	61	61	0	0	0	799.227
14241	C	C	865.9	37	63	61	0	865.9	0	0
14242	C	C	857.505	37	65	61	0	857.505	0	0
14243	T	T	859.397	37	66	66	0	0	0	859.397
14244	G	G	984.287	37	68	68	0	0	984.287	0
14245	T	T	902.27	37	67	67	0	0	0	902.27
14246	T	T	938.896	37	68	68	0	0	0	938.896
14247	G	G	900.937	37	69	65	0	0	900.937	0
14248	T	T	958.245	37	70	69	0	0	0	958.245
14249	C	C	978.905	37	70	68	0	978.905	0	0
14250	C	C	933.921	37	69	66	0	933.921	0	0
14251	A	A	942.659	37	67	67	942.659	0	0	0
14252	A	A	961.425	37	67	67	961.425	0	0	0
14253	A	A	960.647	37	68	68	960.647	0	0	0
14254	A	A	998.993	37	71	71	998.993	0	0	0
14255	G	G	985.132	37	74	70	0	0	985.132	0
14256	G	G	1055.09	37	73	73	0	0	1055.09	0
14257	G	G	961.043	37	74	69	0	0	961.043	0
14258	A	A	1020.67	37	74	74	1020.67	0	0	0
14259	C	C	1033.05	37	73	72	0	1033.05	0	0
14260	T	T	1004.05	37	71	71	0	0	0	1004.05
14261	G	G	1007.92	37	73	71	0	0	1007.92	0
14262	C	C	1012.43	37	70	70	0	1012.43	0	0
14263	G	G	978.397	37	72	69	0	0	978.397	0
14264	G	G	999.237	37	72	70	0	0	999.237	0
14265	T	T	987.919	37	71	71	0	0	0	987.919
14266	A	A	1028.36	37	73	73	1028.36	0	0	0
14267	C	C	1068.3	37	74	74	0	1068.3	0	0
14268	G	G	1061.27	37	78	75	0	0	1061.27	0
14269	G	G	1082.79	37	76	75	0	0	1082.79	0
14270	A	A	1048.44	37	77	77	1048.44	0	0	0
14271	A	A	1026.74	37	76	76	1026.74	0	0	0
14272	T	T	1022.77	37	75	75	0	0	0	1022.77
14273	A	A	1042.32	37	76	76	1042.32	0	0	0
14274	G	G	1053.53	37	77	74	0	0	1053.53	0
14275	T	T	1050.12	37	77	77	0	0	0	1050.12
14276	C	C	1030.82	37	76	73	0	1030.82	0	0
14277	C	C	1073.33	37	77	75	0	1073.33	0	0
14278	T	T	1058.06	37	78	78	0	0	0	1058.06
14279	A	A	1064.53	37	77	77	1064.53	0	0	0
14280	T	T	1066.13	37	82	82	0	0	0	1066.13
14281	T	T	1074.45	37	82	82	0	0	0	1074.45
14282	T	T	1054.05	37	80	80	0	0	0	1054.05
14283	A	A	1128.07	37	81	81	1128.07	0	0	0
14284	T	T	1106.69	37	82	82	0	0	0	1106.69
14285	C	C	1133.06	37	80	79	0	1133.06	0	0
14286	G	G	1062.26	37	80	75	0	0	1062.26	0
14287	T	T	1114.11	37	80	80	0	0	0	1114.11
14288	A	A	1126.63	37	81	81	1126.63	0	0	0
14289	T	T	1080.33	37	78	78	0	0	0	1080.33
14290	C	C	995.935	37	79	72	0	995.935	0	0
14291	A	A	1104.74	37	79	79	1104.74	0	0	0
14292	G	G	1105.81	37	79	77	0	0	1105.81	0
14293	A	A	1134.58	37	82	82	1134.58	0	0	0
14294	A	A	1133.92	37	80	80	1133.92	0	0	0
14295	G	G	1157.14	37	80	80	0	0	1157.14	0
14296	T	T	1111.72	36.2606	80	80	0	0	0	1111.72
14297	A	A	1143.66	36.2772	82	82	1143.66	0	0	0
14298	T	T	1157.42	36.2931	84	84	0	0	0	1157.42
14299	T	T	1165.37	36.3008	85	85	0	0	0	1165.37
14300	C	C	1167.97	36.2772	82	81	0	1167.97	0	0
14301	T	T	1139.88	36.2852	83	83	0	0	0	1139.88
14302	T	T	1141.17	36.2772	82	82	0	0	0	1141.17
14303	C	C	1113.12	36.2772	82	79	0	1113.12	0	0
14304	T	T	1146.85	36.2772	82	82	0	0	0	1146.85
14305	T	T	1140.91	36.2772	82	82	0	0	0	1140.91
14306	T	T	1053.59	36.2155	75	75	0	0	0	1053.59
14307	G	G	1026.44	36.2249	76	73	0	0	1026.44	0
14308	C	C	1046.76	36.2058	74	73	0	1046.76	0	0
14309	A	A	1033.97	36.2155	75	75	1033.97	0	0	0
14310	G	G	1055.11	36.1959	73	73	0	0	1055.11	0
14311	G	G	989.074	36.1959	73	70	0	0	989.074	0
14312	A	A	1023.48	36.2155	75	75	1023.48	0	0	0
14313	T	T	1045.13	36.2155	75	75	0	0	0	1045.13
14314	T	T	1035.9	36.2155	75	75	0	0	0	1035.9
14315	C	C	1055.25	36.1959	73	73	0	1055.25	0	0
14316	T	T	1014.2	36.1857	72	72	0	0	0	1014.2
14317	T	T	989.698	36.1645	70	70	0	0	0	989.698
14318	C	C	960.021	36.1422	68	67	0	960.021	0	0
14319	T	T	944.729	36.1187	66	66	0	0	0	944.729
14320	G	G	804.019	36.0809	63	58	0	0	804.019	0
14321	A	A	833.303	35.2773	61	61	833.303	0	0	0
14322	G	G	792.272	35.2537	60	56	0	0	792.272	0
14323	C	C	824.523	35.9945	57	57	0	824.523	0	0
14324	T	T	803.503	36.01	58	57	0	0	0	803.503
14325	T	T	809.266	35.9945	57	57	0	0	0	809.266
14326	T	T	799.132	35.9785	56	56	0	0	0	799.132
14327	T	T	770.763	35.9785	56	56	0	0	0	770.763
14328	T	T	766.605	35.9785	56	56	0	0	0	766.605
14329	A	A	769.281	35.9945	57	57	769.281	0	0	0
14330	T	T	730.286	35.962	55	55	0	0	0	730.286
14331	C	C	724.49	35.962	55	52	0	724.49	0	0
14332	A	A	780.108	35.9945	57	57	780.108	0	0	0
14333	C	C	780.921	35.9945	57	55	0	780.921	0	0
14334	T	T	785.273	36.0251	59	59	0	0	0	785.273
14335	C	C	862.455	36.0538	61	60	0	862.455	0	0
14336	A	A	786.439	36.0251	59	59	786.439	0	0	0
14337	A	A	764.21	35.9945	57	57	764.21	0	0	0
14338	G	G	769.076	35.9785	56	54	0	0	769.076	0
14339	C	C	718.341	35.945	54	51	0	718.341	0	0
14340	C	C	831.738	35.2044	58	58	0	831.738	0	0
14341	T	T	776.366	35.2044	58	58	0	0	0	776.366
14342	A	A	761.961	35.2044	58	58	761.961	0	0	0
14343	G	G	763.659	35.1787	57	54	0	0	763.659	0
14344	C	C	726.202	35.1522	56	52	0	726.202	0	0
14345	A	A	773.536	35.1787	57	57	773.536	0	0	0
14346	C	C	726.044	35.1787	57	53	0	726.044	0	0
14347	C	C	768.976	35.1522	56	54	0	768.976	0	0
14348	C	C	791.339	35.1522	56	55	0	791.339	0	0
14349	A	A	782.674	35.1787	57	57	782.674	0	0	0
14350	C	C	785.698	35.1787	57	55	0	785.698	0	0
14351	T	T	791.82	35.1787	57	57	0	0	0	791.82
14352	C	C	809.246	35.1522	56	56	0	809.246	0	0
14353	C	C	819.778	35.1787	57	57	0	819.778	0	0
14354	C	C	794.326	35.1522	56	55	0	794.326	0	0
14355	G	G	805.985	35.1787	57	56	0	0	805.985	0
14356	A	A	797.246	35.2294	59	59	797.246	0	0	0
14357	A	A	813.742	35.2773	61	61	813.742	0	0	0
14358	C	C	857.021	35.3003	62	60	0	857.021	0	0
14359	T	T	863.584	35.3227	63	63	0	0	0	863.584
14360	A	A	800.509	35.2044	58	58	800.509	0	0	0
14361	G	G	740.43	35.1522	56	53	0	0	740.43	0
14362	G	G	807.417	35.1522	56	56	0	0	807.417	0
14363	A	A	763.778	35.1787	57	57	763.778	0	0	0
14364	G	G	784.584	35.2294	59	56	0	0	784.584	0
14365	C	C	828.542	36.0397	60	58	0	828.542	0	0
14366	A	A	776.736	37	59	59	776.736	0	0	0
14367	T	T	776.241	37	59	59	0	0	0	776.241
14368	G	G	785.567	37	59	56	0	0	785.567	0
14369	C	C	815.382	37	58	57	0	815.382	0	0
14370	T	T	772.451	37	57	57	0	0	0	772.451
14371	G	G	823.542	37	58	57	0	0	823.542	0
14372	A	A	779.361	37	56	56	779.361	0	0	0
14373	C	C	763.875	37	56	54	0	763.875	0	0
14374	C	C	761.268	37	56	54	0	761.268	0	0
14375	A	A	783.007	37	58	58	783.007	0	0	0
14376	C	C	828.071	37	60	58	0	828.071	0	0
14377	C	C	785.259	37	57	55	0	785.259	0	0
14378	C	C	806.19	37	56	56	0	806.19	0	0
14379	A	A	785.079	37	57	57	785.079	0	0	0
14380	C	C	819.823	37	58	57	0	819.823	0	0
14381	A	A	792.305	37	57	57	792.305	0	0	0
14382	G	G	849.683	37	59	59	0	0	849.683	0
14383	G	G	882.945	37	63	62	0	0	882.945	0
14384	T	T	821.405	37	64	64	0	0	0	821.405
14385	A	A	911.027	37	64	64	911.027	0	0	0
14386	T	T	844.52	37	64	64	0	0	0	844.52
14387	T	T	860.896	37	66	66	0	0	0	860.896
14388	A	A	1008.42	37	72	72	1008.42	0	0	0
14389	C	C	997.903	37	72	70	0	997.903	0	0
14390	T	T	945.652	37	71	70	0	0	0	945.652
14391	C	C	1009.55	37	71	70	0	1009.55	0	0
14392	C	C	979.072	37	69	68	0	979.072	0	0
14393	C	C	1026.37	37	71	71	0	1026.37	0	0
14394	C	C	1019.76	37	73	71	0	1019.76	0	0
14395	T	T	980.751	37	72	72	0	0	0	980.751
14396	A	A	1019.49	37	72	72	1019.49	0	0	0
14397	A	A	1002.86	37	73	73	1002.86	0	0	0
14398	A	A	1001.61	37	73	73	1001.61	0	0	0
14399	C	C	980.757	37	72	69	0	980.757	0	0
14400	C	C	1005.12	37	74	71	0	1005.12	0	0
14401	C	C	1037.94	37	75	73	0	1037.94	0	0
14402	G	G	1031.29	37	73	72	0	0	1031.29	0
14403	C	C	1023.99	37	72	71	0	1023.99	0	0
14404	T	T	1016.05	37	74	74	0	0	0	1016.05
14405	A	A	1049.7	37	75	75	1049.7	0	0	0
14406	G	G	1071.69	37	75	74	0	0	1071.69	0
14407	A	A	1086.18	37	76	76	1086.18	0	0	0
14408	A	A	1077.36	37	77	77	1077.36	0	0	0
14409	G	G	1075.59	37	77	75	0	0	1075.59	0
14410	T	T	1076.2	37	78	78	0	0	0	1076.2
14411	C	C	1081.03	37	78	76	0	1081.03	0	0
14412	C	C	1103.59	36.2432	78	77	0	1103.59	0	0
14413	C	C	1042.16	36.2249	76	73	0	1042.16	0	0
14414	A	A	1034.05	36.2342	77	77	1034.05	0	0	0
14415	C	C	1135.75	36.252	79	79	0	1135.75	0	0
14416	T	T	1075.52	36.2606	80	80	0	0	0	1075.52
14417	T	T	1045.39	36.252	79	79	0	0	0	1045.39
14418	C	C	1024.56	36.2432	78	73	0	1024.56	0	0
14419	T	T	1045.96	36.2432	78	78	0	0	0	1045.96
14420	C	C	1106.27	36.252	79	77	0	1106.27	0	0
14421	A	A	1064.98	36.252	79	79	1064.98	0	0	0
14422	A	A	1050.31	36.2432	78	78	1050.31	0	0	0
14423	C	C	1099.66	36.2342	77	76	0	1099.66	0	0
14424	A	A	1023.78	36.2249	76	76	1023.78	0	0	0
14425	C	C	1034.62	36.2058	74	72	0	1034.62	0	0
14426	T	T	1028.79	36.2058	74	74	0	0	0	1028.79
14427	T	T	1024.58	36.2155	75	75	0	0	0	1024.58
14428	C	C	1009.51	36.1959	73	71	0	1009.51	0	0
14429	G	G	1041.92	36.2155	75	73	0	0	1041.92	0
14430	G	G	1052.86	36.2058	74	73	0	0	1052.86	0
14431	T	T	1040.17	36.2155	75	75	0	0	0	1040.17
14432	A	A	1000.9	36.1959	73	73	1000.9	0	0	0
14433	C	C	1026.98	36.2249	76	72	0	1026.98	0	0
14434	T	T	1068.93	36.2606	80	80	0	0	0	1068.93
14435	T	T	1043.45	36.2432	78	78	0	0	0	1043.45
14436	C	C	1123.99	36.252	79	78	0	1123.99	0	0
14437	T	T	1041.81	36.252	79	79	0	0	0	1041.81
14438	T	T	1054.72	36.2342	77	77	0	0	0	1054.72
14439	G	G	1058.98	36.2155	75	74	0	0	1058.98	0
14440	C	C	1071.48	36.2155	75	74	0	1071.48	0	0
14441	A	A	1011.52	36.2058	74	74	1011.52	0	0	0
14442	T	T	1066.8	36.2342	77	77	0	0	0	1066.8
14443	C	C	1119.48	36.2606	80	78	0	1119.48	0	0
14444	C	C	1122.03	36.269	81	79	0	1122.03	0	0
14445	G	G	1092.81	36.2606	80	77	0	0	1092.81	0
14446	G	G	1084.16	36.2432	78	76	0	0	1084.16	0
14447	A	A	1048.64	36.2606	80	80	1048.64	0	0	0
14448	G	G	1028.33	36.2432	78	73	0	0	1028.33	0
14449	T	T	1028.99	36.1959	73	73	0	0	0	1028.99
14450	G	G	1025.09	36.1857	72	71	0	0	1025.09	0
14451	T	T	980.439	37	70	70	0	0	0	980.439
14452	C	C	1012.04	37	70	70	0	1012.04	0	0
14453	C	C	991.456	37	71	69	0	991.456	0	0
14454	A	A	990.378	37	71	71	990.378	0	0	0
14455	T	T	997.487	37	71	71	0	0	0	997.487
14456	T	T	996.655	37	71	71	0	0	0	996.655
14457	A	A	950.552	37	70	70	950.552	0	0	0
14458	C	C	974.788	37	69	68	0	974.788	0	0
14459	C	C	1009.91	37	70	70	0	1009.91	0	0
14460	T	T	957.001	37	69	69	0	0	0	957.001
14461	G	G	934.325	37	69	66	0	0	934.325	0
14462	A	A	944.509	37	69	69	944.509	0	0	0
14463	G	G	980.858	37	68	68	0	0	980.858	0
14464	C	C	921.132	37	67	65	0	921.132	0	0
14465	T	T	913.803	37	67	67	0	0	0	913.803
14466	C	C	923.591	37	67	65	0	923.591	0	0
14467	A	A	912.248	37	68	68	912.248	0	0	0
14468	C	C	975.985	37	69	68	0	975.985	0	0
14469	C	C	1007.89	37	70	70	0	1007.89	0	0
14470	A	A	923.632	37	68	68	923.632	0	0	0
14471	C	C	893.784	37	66	63	0	893.784	0	0
14472	A	A	931.434	37	66	66	931.434	0	0	0
14473	G	G	891.085	37	66	63	0	0	891.085	0
14474	C	C	954.036	37	66	66	0	954.036	0	0
14475	T	T	912.753	37	66	66	0	0	0	912.753
14476	T	T	924.682	37	66	66	0	0	0	924.682
14477	A	A	943.2	37	67	67	943.2	0	0	0
14478	A	A	934.061	37	66	66	934.061	0	0	0
14479	T	T	925.06	37	66	66	0	0	0	925.06
14480	A	A	885.903	37	66	66	885.903	0	0	0
14481	G	G	860.694	37	65	62	0	0	860.694	0
14482	A	A	865.006	37	65	65	865.006	0	0	0
14483	G	G	905.338	37	64	63	0	0	905.338	0
14484	G	G	859.118	37	63	61	0	0	859.118	0
14485	G	G	860.587	37	65	61	0	0	860.587	0
14486	A	A	877.741	37	66	66	877.741	0	0	0
14487	A	A	873.024	37	67	67	873.024	0	0	0
14488	G	G	897.823	37	67	64	0	0	897.823	0
14489	C	C	902.647	37	68	64	0	902.647	0	0
14490	C	C	917.169	37	65	64	0	917.169	0	0
14491	G	G	834.929	37	65	61	0	0	834.929	0
14492	C	C	912.998	37	66	64	0	912.998	0	0
14493	A	A	864.209	37	65	65	864.209	0	0	0
14494	A	A	864.156	37	64	64	864.156	0	0	0
14495	G	G	921.263	37	64	64	0	0	921.263	0
14496	C	C	891.23	37	65	63	0	891.23	0	0
14497	A	A	874.687	37	68	68	874.687	0	0	0
14498	C	C	888.981	37	63	62	0	888.981	0	0
14499	A	A	888.258	37	67	67	888.258	0	0	0
14500	T	T	882.033	37	67	67	0	0	0	882.033
14501	A	A	856.2	37	64	64	856.2	0	0	0
14502	C	C	896.672	37	66	63	0	896.672	0	0
14503	T	T	838.408	37	64	64	0	0	0	838.408
14504	C	C	944.964	37	67	66	0	944.964	0	0
14505	C	C	862.42	37	66	62	0	862.42	0	0
14506	A	A	914.389	37	66	66	914.389	0	0	0
14507	A	A	906.054	37	66	66	906.054	0	0	0
14508	G	G	935.153	37	67	65	0	0	935.153	0
14509	C	C	934.79	37	66	65	0	934.79	0	0
14510	C	C	891.954	37	65	63	0	891.954	0	0
14511	C	C	922.961	37	68	65	0	922.961	0	0
14512	T	T	935.851	37	72	72	0	0	0	935.851
14513	A	A	978.908	37	71	71	978.908	0	0	0
14514	T	T	943.947	37	72	72	0	0	0	943.947
14515	T	T	965.851	36.1959	73	73	0	0	0	965.851
14516	C	C	1027.89	36.2058	74	72	0	1027.89	0	0
14517	A	A	1018.95	36.1857	72	72	1018.95	0	0	0
14518	T	T	992.999	36.1959	73	73	0	0	0	992.999
14519	T	T	1019.34	36.2249	76	75	0	0	0	1019.34
14520	A	A	1108.26	36.252	79	79	1108.26	0	0	0
14521	C	C	1092.17	36.252	79	77	0	1092.17	0	0
14522	T	T	1060.07	36.2432	78	78	0	0	0	1060.07
14523	A	A	1106.79	36.2606	80	80	1106.79	0	0	0
14524	T	T	1105.01	36.2772	82	82	0	0	0	1105.01
14525	T	T	1133.39	36.2772	82	82	0	0	0	1133.39
14526	T	T	1121.87	36.2606	80	80	0	0	0	1121.87
14527	C	C	1154.76	36.2931	84	81	0	1154.76	0	0
14528	T	T	1102.16	36.2606	80	80	0	0	0	1102.16
14529	C	C	1087.68	36.269	81	77	0	1087.68	0	0
14530	T	T	1125.1	36.2852	83	83	0	0	0	1125.1
14531	A	A	1166.55	36.2852	83	83	1166.55	0	0	0
14532	G	G	1168.06	36.2931	84	82	0	0	1168.06	0
14533	G	G	1238.16	36.3083	86	86	0	0	1238.16	0
14534	C	C	1225.21	36.3008	85	85	0	1225.21	0	0
14535	G	G	1176.93	36.2931	84	82	0	0	1176.93	0
14536	T	T	1177.84	36.3083	86	86	0	0	0	1177.84
14537	G	G	1187.83	36.3008	85	83	0	0	1187.83	0
14538	T	T	1152.65	36.3083	86	86	0	0	0	1152.65
14539	A	A	1156.42	36.3228	88	88	1156.42	0	0	0
14540	C	C	1135.63	36.3156	87	81	0	1135.63	0	0
14541	T	T	1116.2	37	83	83	0	0	0	1116.2
14542	T	T	1093.17	37	80	80	0	0	0	1093.17
14543	T	T	1099.09	37	79	79	0	0	0	1099.09
14544	A	A	1088.82	37	79	79	1088.82	0	0	0
14545	C	C	1156.54	37	80	80	0	1156.54	0	0
14546	A	A	1040.36	37	79	79	1040.36	0	0	0
14547	C	C	1064.66	36.2432	78	75	0	1064.66	0	0
14548	T	T	1079.45	36.2432	78	78	0	0	0	1079.45
14549	C	C	1047.58	36.2432	78	74	0	1047.58	0	0
14550	C	C	1040.23	36.1959	73	72	0	1040.23	0	0
14551	T	T	985.267	36.1645	70	70	0	0	0	985.267
14552	A	A	971.15	36.1752	71	71	971.15	0	0	0
14553	C	C	1013.13	36.1752	71	70	0	1013.13	0	0
14554	A	A	972.523	36.1959	73	73	972.523	0	0	0
14555	A	A	959.838	36.1959	73	73	959.838	0	0	0
14556	G	G	976.612	36.1857	72	69	0	0	976.612	0
14557	C	C	994.553	36.1645	70	69	0	994.553	0	0
14558	C	C	903.183	36.1064	65	63	0	903.183	0	0
14559	T	T	914.133	36.1064	65	65	0	0	0	914.133
14560	C	C	924.574	36.0938	64	64	0	924.574	0	0
14561	A	A	816.761	36.0809	63	63	816.761	0	0	0
14562	G	G	862.37	36.0538	61	60	0	0	862.37	0
14563	A	A	792.924	36.01	58	58	792.924	0	0	0
14564	G	G	834.708	36.01	58	58	0	0	834.708	0
14565	T	T	793.483	36.0397	60	60	0	0	0	793.483
14566	A	A	800.2	36.0397	60	60	800.2	0	0	0
14567	C	C	837.594	36.01	58	58	0	837.594	0	0
14568	T	T	773.764	35.962	55	55	0	0	0	773.764
14569	A	A	739.318	35.945	54	54	739.318	0	0	0
14570	T	T	763.6	35.9273	53	53	0	0	0	763.6
14571	G	G	747.867	35.9273	53	52	0	0	747.867	0
14572	A	A	714.302	35.9091	52	52	714.302	0	0	0
14573	G	G	734.893	35.9091	52	51	0	0	734.893	0
14574	G	G	779.788	35.945	54	54	0	0	779.788	0
14575	C	C	790.843	35.962	55	55	0	790.843	0	0
14576	A	A	761.524	35.962	55	55	761.524	0	0	0
14577	T	T	745.629	37	56	56	0	0	0	745.629
14578	C	C	788.658	37	56	55	0	788.658	0	0
14579	C	C	793.588	37	56	55	0	793.588	0	0
14580	T	T	764.756	37	55	55	0	0	0	764.756
14581	T	T	773.969	37	55	55	0	0	0	773.969
14582	C	C	764.378	37	54	53	0	764.378	0	0
14583	A	A	711.027	37	54	54	711.027	0	0	0
14584	C	C	723.656	37	50	50	0	723.656	0	0
14585	T	T	735.374	37	53	53	0	0	0	735.374
14586	A	A	717.127	37	52	52	717.127	0	0	0
14587	T	T	714.5	37	53	53	0	0	0	714.5
14588	T	T	715.42	37	55	55	0	0	0	715.42
14589	T	T	743.051	37	59	59	0	0	0	743.051
14590	C	C	784.435	37	60	56	0	784.435	0	0
14591	A	A	852.728	37	60	60	852.728	0	0	0
14592	G	G	867.383	37	61	60	0	0	867.383	0
14593	A	A	841.423	37	61	61	841.423	0	0	0
14594	T	T	845.388	37	62	62	0	0	0	845.388
14595	G	G	877.24	37	66	62	0	0	877.24	0
14596	G	G	964.691	37	67	67	0	0	964.691	0
14597	A	A	908.537	37	67	67	908.537	0	0	0
14598	G	G	948.728	37	67	66	0	0	948.728	0
14599	T	T	895.351	37	66	66	0	0	0	895.351
14600	C	C	938.056	37	66	65	0	938.056	0	0
14601	T	T	894.852	37	64	64	0	0	0	894.852
14602	A	A	872.946	37	65	65	872.946	0	0	0
14603	C	C	879.273	37	64	62	0	879.273	0	0
14604	G	G	877.256	37	63	61	0	0	877.256	0
14605	G	G	878.685	37	63	61	0	0	878.685	0
14606	C	C	879.434	37	62	61	0	879.434	0	0
14607	T	T	862.981	37	63	63	0	0	0	862.981
14608	C	C	880.287	37	66	62	0	880.287	0	0
14609	A	A	966.634	37	69	69	966.634	0	0	0
14610	A	A	955.245	37	69	69	955.245	0	0	0
14611	C	C	972.082	37	70	68	0	972.082	0	0
14612	T	T	948.067	37	69	69	0	0	0	948.067
14613	T	T	941.813	37	67	67	0	0	0	941.813
14614	T	T	957.852	37	68	68	0	0	0	957.852
14615	T	T	924.519	37	65	65	0	0	0	924.519
14616	T	T	922.275	37	65	65	0	0	0	922.275
14617	T	T	915.395	37	65	65	0	0	0	915.395
14618	C	C	951.108	37	67	66	0	951.108	0	0
14619	A	A	953.256	37	67	67	953.256	0	0	0
14620	T	T	939.451	37	69	69	0	0	0	939.451
14621	A	A	947.683	37	67	67	947.683	0	0	0
14622	G	G	995.584	37	69	69	0	0	995.584	0
14623	C	C	982.597	37	68	68	0	982.597	0	0
14624	G	G	932.273	37	71	67	0	0	932.273	0
14625	A	A	937.958	37	72	72	937.958	0	0	0
14626	C	C	970.971	37	71	68	0	970.971	0	0
14627	T	T	931.972	37	67	67	0	0	0	931.972
14628	G	G	915.684	37	66	64	0	0	915.684	0
14629	G	G	816.665	37	62	58	0	0	816.665	0
14630	A	A	861.047	37	63	63	861.047	0	0	0
14631	T	T	876.161	37	63	63	0	0	0	876.161
14632	T	T	841.108	37	61	61	0	0	0	841.108
14633	T	T	841.446	37	61	61	0	0	0	841.446
14634	C	C	834.279	37	59	58	0	834.279	0	0
14635	A	A	812.919	37	62	62	812.919	0	0	0
14636	C	C	831.825	37	60	58	0	831.825	0	0
14637	G	G	777.131	37	59	55	0	0	777.131	0
14638	G	G	824.439	37	59	58	0	0	824.439	0
14639	A	A	813.489	37	59	59	813.489	0	0	0
14640	C	C	799.591	37	58	56	0	799.591	0	0
14641	T	T	800.433	37	59	59	0	0	0	800.433
14642	T	T	787.771	37	57	57	0	0	0	787.771
14643	C	C	802.18	37	58	56	0	802.18	0	0
14644	A	A	759.51	37	58	58	759.51	0	0	0
14645	T	T	752.469	37	55	55	0	0	0	752.469
14646	G	G	766.773	37	55	54	0	0	766.773	0
14647	T	T	752.075	37	58	58	0	0	0	752.075
14648	A	A	762.947	37	56	56	762.947	0	0	0
14649	A	A	762.313	37	56	56	762.313	0	0	0
14650	T	T	779.539	37	59	59	0	0	0	779.539
14651	C	C	831.141	37	59	58	0	831.141	0	0
14652	A	A	805.334	37	58	58	805.334	0	0	0
14653	T	T	783.633	37	60	60	0	0	0	783.633
14654	T	T	784.619	37	59	59	0	0	0	784.619
14655	G	G	837.711	37	59	58	0	0	837.711	0
14656	G	G	828.253	37	59	58	0	0	828.253	0
14657	C	C	864.16	37	60	60	0	864.16	0	0
14658	T	T	838.236	37	61	61	0	0	0	838.236
14659	C	C	821.237	37	64	59	0	821.237	0	0
14660	A	A	884.013	37	64	64	884.013	0	0	0
14661	A	A	875.562	37	64	64	875.562	0	0	0
14662	C	C	829.259	37	63	59	0	829.259	0	0
14663	T	T	842.594	37	62	62	0	0	0	842.594
14664	T	T	872.08	37	63	63	0	0	0	872.08
14665	T	T	887.444	37	65	65	0	0	0	887.444
14666	T	T	870.087	37	65	65	0	0	0	870.087
14667	C	C	932.001	37	66	65	0	932.001	0	0
14668	T	T	878.444	37	65	65	0	0	0	878.444
14669	C	C	891.366	37	63	62	0	891.366	0	0
14670	A	A	825.729	37	60	60	825.729	0	0	0
14671	C	C	862.863	37	61	60	0	862.863	0	0
14672	A	A	813.213	37	61	61	813.213	0	0	0
14673	G	G	784.595	37	60	56	0	0	784.595	0
14674	T	T	849.979	37	63	63	0	0	0	849.979
14675	C	C	893.199	37	63	62	0	893.199	0	0
14676	T	T	851.308	37	62	62	0	0	0	851.308
14677	G	G	808.961	37	57	56	0	0	808.961	0
14678	T	T	770.416	37	56	56	0	0	0	770.416
14679	T	T	798.237	37	57	57	0	0	0	798.237
14680	T	T	783.515	37	56	56	0	0	0	783.515
14681	C	C	791.944	37	56	55	0	791.944	0	0
14682	C	C	823.062	37	57	57	0	823.062	0	0
14683	T	T	769.671	37	55	55	0	0	0	769.671
14684	A	A	736.501	37	54	54	736.501	0	0	0
14685	C	C	751.255	37	52	52	0	751.255	0	0
14686	G	G	734.217	37	52	51	0	0	734.217	0
14687	A	A	713.579	37	52	52	713.579	0	0	0
14688	C	C	759.075	37	54	53	0	759.075	0	0
14689	A	A	730.911	37	54	54	730.911	0	0	0
14690	A	A	756.644	37	56	56	756.644	0	0	0
14691	C	C	729.036	37	54	52	0	729.036	0	0
14692	T	T	725.043	37	54	54	0	0	0	725.043
14693	A	A	730.612	37	54	54	730.612	0	0	0
14694	C	C	760.508	37	54	53	0	760.508	0	0
14695	A	A	740.873	37	54	54	740.873	0	0	0
14696	C	C	748.69	37	55	53	0	748.69	0	0
14697	T	T	751.041	37	55	55	0	0	0	751.041
14698	T	T	732.294	37	54	54	0	0	0	732.294
14699	T	T	735.008	37	53	53	0	0	0	735.008
14700	C	C	739.264	37	53	52	0	739.264	0	0
14701	A	A	668.851	37	51	50	668.851	0	0	0
14702	T	T	728.356	37	53	53	0	0	0	728.356
14703	T	T	690.943	35.8902	51	51	0	0	0	690.943
14704	T	T	696.968	35.8902	51	51	0	0	0	696.968
14705	C	C	654.238	35.8707	50	47	0	654.238	0	0
14706	A	A	747.472	35.9273	53	53	747.472	0	0	0
14707	C	C	732.016	35.962	55	52	0	732.016	0	0
14708	A	A	786.512	35.962	55	55	786.512	0	0	0
14709	T	T	753.368	35.9785	56	56	0	0	0	753.368
14710	C	C	788.451	35.9785	56	55	0	788.451	0	0
14711	A	A	785.461	36.01	58	58	785.461	0	0	0
14712	A	A	791.437	36.01	58	58	791.437	0	0	0
14713	G	G	846.405	36.0397	60	59	0	0	846.405	0
14714	T	T	804.42	36.0251	59	59	0	0	0	804.42
14715	C	C	818.836	36.01	58	57	0	818.836	0	0
14716	A	A	793.688	35.9785	56	56	793.688	0	0	0
14717	C	C	793.205	35.9785	56	55	0	793.205	0	0
14718	C	C	835.886	36.01	58	58	0	835.886	0	0
14719	A	A	750.027	35.962	55	55	750.027	0	0	0
14720	T	T	788.849	35.9945	57	57	0	0	0	788.849
14721	T	T	804.468	36.01	58	58	0	0	0	804.468
14722	T	T	772.58	36.0251	59	59	0	0	0	772.58
14723	C	C	822.808	36.0397	60	58	0	822.808	0	0
14724	G	G	818.499	36.01	58	57	0	0	818.499	0
14725	G	G	798.44	36.01	58	56	0	0	798.44	0
14726	C	C	815.851	36.01	58	57	0	815.851	0	0
14727	T	T	787.849	36.01	58	58	0	0	0	787.849
14728	T	T	810.289	36.0538	61	61	0	0	0	810.289
14729	T	T	759.269	36.0251	59	59	0	0	0	759.269
14730	G	G	793.04	36.01	58	56	0	0	793.04	0
14731	A	A	864.34	36.0675	62	62	864.34	0	0	0
14732	A	A	863.855	36.0675	62	62	863.855	0	0	0
14733	G	G	856.42	36.0675	62	60	0	0	856.42	0
14734	C	C	916.298	36.1064	65	64	0	916.298	0	0
14735	A	A	892.27	36.0938	64	64	892.27	0	0	0
14736	G	G	887.238	36.0809	63	62	0	0	887.238	0
14737	C	C	909.324	37	63	63	0	909.324	0	0
14738	A	A	900.729	36.0938	64	64	900.729	0	0	0
14739	G	G	940.152	36.1064	65	65	0	0	940.152	0
14740	C	C	936.112	36.1187	66	65	0	936.112	0	0
14741	A	A	896.449	36.0938	64	64	896.449	0	0	0
14742	T	T	895.361	36.1064	65	65	0	0	0	895.361
14743	G	G	863.118	36.0938	64	61	0	0	863.118	0
14744	A	A	927.531	36.1422	68	68	927.531	0	0	0
14745	T	T	936.477	36.1535	69	69	0	0	0	936.477
14746	A	A	895.973	36.1306	67	67	895.973	0	0	0
14747	T	T	905.032	36.1306	67	67	0	0	0	905.032
14748	T	T	891.782	36.1306	67	67	0	0	0	891.782
14749	G	G	913.968	36.1187	66	64	0	0	913.968	0
14750	A	A	874.188	36.0809	63	63	874.188	0	0	0
14751	C	C	902.044	36.1187	66	64	0	902.044	0	0
14752	A	A	927	36.1306	67	67	927	0	0	0
14753	T	T	911.991	36.1306	67	67	0	0	0	911.991
14754	T	T	898.056	36.1306	67	67	0	0	0	898.056
14755	T	T	888.04	36.1064	65	65	0	0	0	888.04
14756	C	C	897.608	36.1187	66	64	0	897.608	0	0
14757	G	G	893.193	36.1535	69	64	0	0	893.193	0
14758	T	T	912.306	36.1306	67	67	0	0	0	912.306
14759	A	A	929.762	36.1306	67	67	929.762	0	0	0
14760	G	G	966.931	36.1306	67	67	0	0	966.931	0
14761	A	A	943.437	36.1422	68	68	943.437	0	0	0
14762	T	T	937.71	36.1535	69	69	0	0	0	937.71
14763	G	G	976.742	36.1645	70	68	0	0	976.742	0
14764	T	T	956.882	37	72	72	0	0	0	956.882
14765	T	T	971.897	37	74	74	0	0	0	971.897
14766	G	G	1050.33	37	77	74	0	0	1050.33	0
14767	T	T	1017.76	37	77	77	0	0	0	1017.76
14768	A	A	1065.08	37	78	78	1065.08	0	0	0
14769	T	T	1027.06	37	75	75	0	0	0	1027.06
14770	G	G	1096.87	37	76	76	0	0	1096.87	0
14771	A	A	1074.08	37	79	79	1074.08	0	0	0
14772	C	C	1026.82	37	77	73	0	1026.82	0	0
14773	T	T	1055.25	37	77	77	0	0	0	1055.25
14774	A	A	1050.53	37	78	78	1050.53	0	0	0
14775	T	T	1049.39	37	76	76	0	0	0	1049.39
14776	T	T	1058.35	37	75	75	0	0	0	1058.35
14777	C	C	1042.05	37	72	72	0	1042.05	0	0
14778	C	C	1069.85	37	75	74	0	1069.85	0	0
14779	T	T	1006.5	37	72	72	0	0	0	1006.5
14780	A	A	938.23	37	71	71	938.23	0	0	0
14781	T	T	965.781	37	70	70	0	0	0	965.781
14782	A	A	926.669	37	69	69	926.669	0	0	0
14783	T	T	957.7	37	71	71	0	0	0	957.7
14784	G	G	930.206	37	69	66	0	0	930.206	0
14785	T	T	916.948	37	67	67	0	0	0	916.948
14786	T	T	883.547	37	64	64	0	0	0	883.547
14787	T	T	895.912	37	64	64	0	0	0	895.912
14788	C	C	961.782	37	69	67	0	961.782	0	0
14789	C	C	957.077	37	70	67	0	957.077	0	0
14790	A	A	998.687	37	73	73	998.687	0	0	0
14791	T	T	968.422	37	73	73	0	0	0	968.422
14792	C	C	982.702	37	72	69	0	982.702	0	0
14793	T	T	1005.93	37	76	76	0	0	0	1005.93
14794	A	A	1038.35	37	76	76	1038.35	0	0	0
14795	T	T	1017.37	37	75	75	0	0	0	1017.37
14796	T	T	1025.42	37	75	75	0	0	0	1025.42
14797	G	G	1005.75	37	72	70	0	0	1005.75	0
14798	A	A	960.082	37	69	69	960.082	0	0	0
14799	T	T	983.4	37	68	68	0	0	0	983.4
14800	G	G	1022.05	37	72	71	0	0	1022.05	0
14801	A	A	1007.18	37	74	74	1007.18	0	0	0
14802	G	G	989.88	37	75	71	0	0	989.88	0
14803	G	G	944.863	37	72	68	0	0	944.863	0
14804	G	G	1021.96	37	72	71	0	0	1021.96	0
14805	T	T	989.386	37	73	73	0	0	0	989.386
14806	C	C	982.295	37	72	69	0	982.295	0	0
14807	C	C	1010.86	37	71	70	0	1010.86	0	0
14808	T	T	971.547	37	69	69	0	0	0	971.547
14809	G	G	963.233	37	68	67	0	0	963.233	0
14810	C	C	971.664	37	68	67	0	971.664	0	0
14811	T	T	902.762	37	63	63	0	0	0	902.762
14812	T	T	889.001	37	62	62	0	0	0	889.001
14813	C	C	867.892	37	63	61	0	867.892	0	0
14814	T	T	898.482	37	66	66	0	0	0	898.482
14815	T	T	885.844	37	65	65	0	0	0	885.844
14816	T	T	873.358	37	65	65	0	0	0	873.358
14817	A	A	884.199	37	66	66	884.199	0	0	0
14818	G	G	919.231	37	65	64	0	0	919.231	0
14819	T	T	901.704	37	65	65	0	0	0	901.704
14820	A	A	835.389	37	63	63	835.389	0	0	0
14821	T	T	845.737	37	60	60	0	0	0	845.737
14822	T	T	835.363	37	59	59	0	0	0	835.363
14823	G	G	827.225	37	63	59	0	0	827.225	0
14824	A	A	846.564	37	62	62	846.564	0	0	0
14825	T	T	820.437	37	60	60	0	0	0	820.437
14826	C	C	829.665	36.0397	60	58	0	829.665	0	0
14827	A	A	817.909	36.0397	60	60	817.909	0	0	0
14828	G	G	789.201	36.01	58	56	0	0	789.201	0
14829	T	T	821.109	36.01	58	58	0	0	0	821.109
14830	A	A	795.912	36.0251	59	59	795.912	0	0	0
14831	C	C	827.086	35.2773	61	58	0	827.086	0	0
14832	A	A	822.681	35.2537	60	60	822.681	0	0	0
14833	A	A	795.937	35.2044	58	58	795.937	0	0	0
14834	T	T	783	35.2044	58	58	0	0	0	783
14835	T	T	790.965	35.2044	58	58	0	0	0	790.965
14836	G	G	776.374	35.1787	57	55	0	0	776.374	0
14837	A	A	801.798	35.2044	58	58	801.798	0	0	0
14838	C	C	809.241	35.1787	57	56	0	809.241	0	0
14839	T	T	783.382	35.1522	56	56	0	0	0	783.382
14840	T	T	791.094	35.2294	59	58	0	0	0	791.094
14841	C	C	796.453	35.2294	59	56	0	796.453	0	0
14842	C	C	806.478	35.2294	59	57	0	806.478	0	0
14843	A	A	779.649	35.2773	61	61	779.649	0	0	0
14844	A	A	784.89	35.2537	60	60	784.89	0	0	0
14845	T	T	783.169	35.2294	59	59	0	0	0	783.169
14846	C	C	739.64	35.2773	61	54	0	739.64	0	0
14847	A	A	860.405	35.2537	60	60	860.405	0	0	0
14848	A	A	873.886	35.2773	61	61	873.886	0	0	0
14849	T	T	814.26	35.3003	62	62	0	0	0	814.26
14850	A	A	881.346	35.3227	63	63	881.346	0	0	0
14851	A	A	864.177	35.3227	63	63	864.177	0	0	0
14852	G	G	844.7	34.6774	63	60	0	0	844.7	0
14853	C	C	922.097	34.7331	65	64	0	922.097	0	0
14854	T	T	864.359	34.7056	64	64	0	0	0	864.359
14855	C	C	923.523	34.7056	64	64	0	923.523	0	0
14856	C	C	878.592	34.6485	62	61	0	878.592	0	0
14857	G	G	868.764	34.6774	63	61	0	0	868.764	0
14858	G	G	957.117	34.76	66	66	0	0	957.117	0
14859	C	C	950.402	34.7862	67	66	0	950.402	0	0
14860	G	G	971.45	34.7862	67	67	0	0	971.45	0
14861	C	C	942.49	34.8118	68	66	0	942.49	0	0
14862	A	A	990.533	34.303	69	69	990.533	0	0	0
14863	G	G	984.715	34.303	69	68	0	0	984.715	0
14864	T	T	989.069	34.3318	70	70	0	0	0	989.069
14865	C	C	947.649	33.4345	70	67	0	947.649	0	0
14866	C	C	969.904	33.4688	71	68	0	969.904	0	0
14867	A	A	977.406	33.5025	72	72	977.406	0	0	0
14868	G	G	1064.51	33.5679	74	74	0	0	1064.51	0
14869	A	A	1008.2	33.5997	75	75	1008.2	0	0	0
14870	A	A	971.032	33.6308	76	76	971.032	0	0	0
14871	A	A	943.003	33.5356	73	73	943.003	0	0	0
14872	G	G	890.443	33.4345	70	64	0	0	890.443	0
14873	A	A	905.981	33.4345	70	70	905.981	0	0	0
14874	A	T	961.277	33.3635	68	68	0	0	0	961.277
14875	G	G	856.3	33.5807	62	60	0	0	856.3	0
14876	C	C	875.396	34.0472	61	61	0	875.396	0	0
14877	A	A	808.713	34.0116	60	60	808.713	0	0	0
14878	A	A	802.045	33.9752	59	59	802.045	0	0	0
14879	T	T	812.192	34.5251	58	58	0	0	0	812.192
14880	C	C	784.197	34.5572	59	56	0	784.197	0	0
14881	A	A	796.528	34.5572	59	59	796.528	0	0	0
14882	A	A	762.414	34.4921	57	57	762.414	0	0	0
14883	C	C	822.362	34.4921	57	57	0	822.362	0	0
14884	T	T	802.813	34.4921	57	57	0	0	0	802.813
14885	T	T	769.953	34.3875	54	54	0	0	0	769.953
14886	A	A	711.751	34.3875	54	54	711.751	0	0	0
14887	A	A	686.542	34.3127	52	52	686.542	0	0	0
14888	T	T	705.94	34.2332	50	50	0	0	0	705.94
14889	C	C	612.889	34.2735	51	46	0	612.889	0	0
14890	T	T	698.356	34.9752	50	50	0	0	0	698.356
14891	T	T	686.66	34.9752	50	50	0	0	0	686.66
14892	A	A	640.453	34.9423	49	49	640.453	0	0	0
14893	G	G	689.585	34.9083	48	48	0	0	689.585	0
14894	C	C	645.864	34.9752	50	46	0	645.864	0	0
14895	G	G	619.106	34.9083	48	45	0	0	619.106	0
14896	C	C	647.388	34.8367	46	45	0	647.388	0	0
14897	T	T	619.72	34.799	45	45	0	0	0	619.72
14898	A	A	580.313	34.799	45	45	580.313	0	0	0
14899	T	T	586.711	34.6774	42	42	0	0	0	586.711
14900	T	T	594.35	34.7195	43	43	0	0	0	594.35
14901	T	T	588.888	34.6774	42	42	0	0	0	588.888
14902	A	A	554.277	35.6853	42	42	554.277	0	0	0
14903	C	C	586.167	35.6853	42	41	0	586.167	0	0
14904	C	C	587.397	37	41	41	0	587.397	0	0
14905	A	A	577.958	37	42	42	577.958	0	0	0
14906	A	A	577.009	37	42	42	577.009	0	0	0
14907	C	C	574.845	37	41	40	0	574.845	0	0
14908	A	A	583.199	37	41	41	583.199	0	0	0
14909	T	T	567.432	37	41	41	0	0	0	567.432
14910	A	A	566.974	37	42	42	566.974	0	0	0
14911	C	C	573.921	37	41	40	0	573.921	0	0
14912	T	T	587.953	37	42	42	0	0	0	587.953
14913	A	A	575.336	37	43	43	575.336	0	0	0
14914	C	C	577.995	37	42	41	0	577.995	0	0
14915	T	T	556.715	37	41	41	0	0	0	556.715
14916	A	A	589.06	37	42	42	589.06	0	0	0
14917	G	G	603.859	37	42	42	0	0	603.859	0
14918	C	C	590.431	37	42	41	0	590.431	0	0
14919	C	C	590.231	37	42	41	0	590.231	0	0
14920	T	T	568.531	37	41	41	0	0	0	568.531
14921	C	C	604.734	37	42	42	0	604.734	0	0
14922	C	C	618.565	37	43	43	0	618.565	0	0
14923	T	T	589.564	37	42	42	0	0	0	589.564
14924	T	T	606.447	37	44	44	0	0	0	606.447
14925	A	A	612.832	37	45	45	612.832	0	0	0
14926	C	C	582.813	37	43	41	0	582.813	0	0
14927	T	T	599.788	37	44	44	0	0	0	599.788
14928	C	C	610.89	37	47	44	0	610.89	0	0
14929	G	G	660.064	37	47	46	0	0	660.064	0
14930	T	T	624.716	37	46	46	0	0	0	624.716
14931	T	T	574.909	37	43	43	0	0	0	574.909
14932	C	C	604.349	37	42	42	0	604.349	0	0
14933	T	T	618.603	37	45	45	0	0	0	618.603
14934	T	T	607.952	37	46	46	0	0	0	607.952
14935	A	A	664.086	37	47	47	664.086	0	0	0
14936	T	T	645.931	37	52	52	0	0	0	645.931
14937	T	T	666.985	37	54	54	0	0	0	666.985
14938	G	G	726.02	37	53	51	0	0	726.02	0
14939	C	C	704.547	37	52	50	0	704.547	0	0
14940	C	C	734.675	37	52	51	0	734.675	0	0
14941	T	T	731.077	37	53	53	0	0	0	731.077
14942	T	T	704.585	37	50	50	0	0	0	704.585
14943	C	C	774.064	37	54	54	0	774.064	0	0
14944	T	T	736.744	37	55	55	0	0	0	736.744
14945	G	G	763.491	37	56	54	0	0	763.491	0
14946	A	A	714.882	37	53	53	714.882	0	0	0
14947	C	C	678.778	37	50	48	0	678.778	0	0
14948	T	T	690.374	37	50	50	0	0	0	690.374
14949	A	A	700.769	37	50	50	700.769	0	0	0
14950	C	C	726.465	35.9273	53	51	0	726.465	0	0
14951	C	C	773.992	35.962	55	54	0	773.992	0	0
14952	A	A	761.172	35.962	55	55	761.172	0	0	0
14953	C	C	799.379	35.9945	57	56	0	799.379	0	0
14954	A	A	800.655	35.9945	57	57	800.655	0	0	0
14955	G	G	835.424	36.0251	59	58	0	0	835.424	0
14956	T	T	789.494	36.0251	59	59	0	0	0	789.494
14957	T	T	804.87	36.0675	62	62	0	0	0	804.87
14958	A	A	859.03	36.0675	62	62	859.03	0	0	0
14959	A	A	861.886	36.0809	63	63	861.886	0	0	0
14960	A	A	893.009	36.0938	64	64	893.009	0	0	0
14961	T	T	852.589	36.1064	65	65	0	0	0	852.589
14962	A	A	938.692	36.1306	67	67	938.692	0	0	0
14963	T	T	876.549	36.1064	65	65	0	0	0	876.549
14964	T	T	888.361	36.1306	67	67	0	0	0	888.361
14965	T	T	919.58	36.1422	68	68	0	0	0	919.58
14966	A	A	974.932	36.1645	70	70	974.932	0	0	0
14967	C	C	1010.78	36.1752	71	70	0	1010.78	0	0
14968	G	G	1010.16	36.1752	71	70	0	0	1010.16	0
14969	C	C	996.895	36.1535	69	69	0	996.895	0	0
14970	A	A	966.621	36.1535	69	69	966.621	0	0	0
14971	G	G	946.628	36.1422	68	66	0	0	946.628	0
14972	A	A	948.862	36.1422	68	68	948.862	0	0	0
14973	A	A	961.863	36.1535	69	69	961.863	0	0	0
14974	A	A	955.621	36.1422	68	68	955.621	0	0	0
14975	A	A	959.82	36.1535	69	69	959.82	0	0	0
14976	A	A	960.603	36.1535	69	69	960.603	0	0	0
14977	G	G	959.356	36.1752	71	68	0	0	959.356	0
14978	C	C	980.655	36.1857	72	69	0	980.655	0	0
14979	A	A	960.38	36.1645	70	70	960.38	0	0	0
14980	A	A	952.081	36.1645	70	70	952.081	0	0	0
14981	G	G	969.596	35.4641	70	68	0	0	969.596	0
14982	C	C	991.111	34.885	71	69	0	991.111	0	0
14983	C	C	939.93	34.8612	70	66	0	939.93	0	0
14984	C	C	968.501	34.7862	67	67	0	968.501	0	0
14985	C	C	902.357	34.7331	65	63	0	902.357	0	0
14986	T	T	906.863	34.7331	65	65	0	0	0	906.863
14987	A	A	860.675	34.7056	64	64	860.675	0	0	0
14988	T	T	880.339	35.3003	62	62	0	0	0	880.339
14989	G	G	838.786	35.3003	62	59	0	0	838.786	0
14990	A	A	785.728	35.2537	60	60	785.728	0	0	0
14991	A	A	791.675	35.2537	60	60	791.675	0	0	0
14992	T	T	826.428	35.2294	59	59	0	0	0	826.428
14993	G	G	780.265	35.1522	56	55	0	0	780.265	0
14994	C	C	766.819	35.1249	55	54	0	766.819	0	0
14995	G	G	750.253	35.1522	56	53	0	0	750.253	0
14996	G	G	767.344	35.1787	57	54	0	0	767.344	0
14997	G	G	818.136	35.1787	57	57	0	0	818.136	0
14998	T	T	752.332	35.1522	56	56	0	0	0	752.332
14999	T	T	733.537	35.1522	56	56	0	0	0	733.537
15000	T	T	758.424	35.1787	57	57	0	0	0	758.424
15001	G	G	836.894	35.2294	59	58	0	0	836.894	0
15002	A	A	821.785	34.5572	59	59	821.785	0	0	0
15003	C	C	812.171	34.5572	59	57	0	812.171	0	0
15004	C	C	800.41	34.6188	61	57	0	800.41	0	0
15005	C	C	862.416	34.6188	61	60	0	862.416	0	0
15006	C	C	812.365	34.6188	61	58	0	812.365	0	0
15007	A	A	803.584	34.5572	59	59	803.584	0	0	0
15008	T	T	826.295	34.5884	60	60	0	0	0	826.295
15009	A	A	808.771	35.2294	59	59	808.771	0	0	0
15010	G	G	850.457	35.2294	59	59	0	0	850.457	0
15011	G	G	798.687	35.1787	57	56	0	0	798.687	0
15012	A	A	818.546	35.2294	59	59	818.546	0	0	0
15013	T	T	797.395	35.2044	58	58	0	0	0	797.395
15014	C	C	850.371	35.2294	59	59	0	850.371	0	0
15015	G	G	819.674	35.2044	58	57	0	0	819.674	0
15016	G	G	806.162	35.1787	57	56	0	0	806.162	0
15017	C	C	823.533	35.1787	57	57	0	823.533	0	0
15018	A	A	826.873	35.2537	60	60	826.873	0	0	0
15019	C	C	839.483	35.2537	60	59	0	839.483	0	0
15020	G	G	849.674	35.2294	59	59	0	0	849.674	0
15021	C	C	864.336	35.2773	61	60	0	864.336	0	0
15022	C	C	835.424	35.2294	59	58	0	835.424	0	0
15023	T	T	816.492	35.2044	58	58	0	0	0	816.492
15024	C	C	795.617	35.1522	56	55	0	795.617	0	0
15025	C	C	793.679	35.1249	55	55	0	793.679	0	0
15026	C	C	793.546	35.1522	56	55	0	793.546	0	0
15027	T	T	792.213	36.01	58	58	0	0	0	792.213
15028	T	T	793.172	36.0251	59	59	0	0	0	793.172
15029	T	T	795.413	36.0251	59	59	0	0	0	795.413
15030	T	T	810.606	36.0938	64	64	0	0	0	810.606
15031	T	T	795.936	37	63	63	0	0	0	795.936
15032	C	C	833.188	37	62	59	0	833.188	0	0
15033	C	C	852.544	37	62	60	0	852.544	0	0
15034	A	A	870.694	37	64	64	870.694	0	0	0
15035	T	T	833.249	37	62	62	0	0	0	833.249
15036	G	G	878.423	37	62	61	0	0	878.423	0
15037	A	A	879.431	37	64	64	879.431	0	0	0
15038	A	A	886.859	37	65	65	886.859	0	0	0
15039	A	A	880.266	37	65	65	880.266	0	0	0
15040	T	T	885.993	37	67	67	0	0	0	885.993
15041	T	T	885.136	37	67	67	0	0	0	885.136
15042	T	T	891.345	37	66	66	0	0	0	891.345
15043	T	T	886.258	37	65	65	0	0	0	886.258
15044	T	T	894.545	37	66	66	0	0	0	894.545
15045	C	C	928.153	37	68	65	0	928.153	0	0
15046	C	C	1006.35	37	71	70	0	1006.35	0	0
15047	T	T	937.847	37	70	70	0	0	0	937.847
15048	A	A	931.684	37	70	70	931.684	0	0	0
15049	G	G	957.414	37	69	67	0	0	957.414	0
15050	T	T	943.489	37	69	69	0	0	0	943.489
15051	A	A	922.914	37	66	66	922.914	0	0	0
15052	G	G	922.367	37	65	64	0	0	922.367	0
15053	C	C	925.272	37	65	64	0	925.272	0	0
15054	T	T	920.368	37	67	67	0	0	0	920.368
15055	A	A	965.152	37	69	69	965.152	0	0	0
15056	T	T	943.857	37	70	70	0	0	0	943.857
15057	T	T	922.531	37	68	68	0	0	0	922.531
15058	A	A	973.409	37	69	69	973.409	0	0	0
15059	C	C	993.097	37	70	69	0	993.097	0	0
15060	A	A	975.417	37	70	70	975.417	0	0	0
15061	T	T	1007.92	37	74	74	0	0	0	1007.92
15062	T	T	987.048	37	72	72	0	0	0	987.048
15063	T	T	1007.14	37	74	74	0	0	0	1007.14
15064	C	C	1000.9	37	71	70	0	1000.9	0	0
15065	T	T	974.639	37	73	72	0	0	0	974.639
15066	A	A	964.171	37	72	72	964.171	0	0	0
15067	C	C	1011.59	37	74	71	0	1011.59	0	0
15068	T	T	1014.62	37	76	76	0	0	0	1014.62
15069	A	A	991.82	37	77	77	991.82	0	0	0
15070	T	T	988.28	37	73	73	0	0	0	988.28
15071	T	T	944.326	37	70	69	0	0	0	944.326
15072	T	T	950.429	37	71	71	0	0	0	950.429
15073	G	G	956.234	37	70	67	0	0	956.234	0
15074	A	A	957.112	37	68	68	957.112	0	0	0
15075	C	C	965.75	37	67	67	0	965.75	0	0
15076	C	C	963.983	37	68	67	0	963.983	0	0
15077	T	T	951.642	37	68	68	0	0	0	951.642
15078	A	A	944.436	37	68	68	944.436	0	0	0
15079	G	G	944.968	37	68	66	0	0	944.968	0
15080	A	A	923.296	37	66	66	923.296	0	0	0
15081	A	A	910.412	37	66	66	910.412	0	0	0
15082	A	A	911.522	37	65	65	911.522	0	0	0
15083	T	T	932.959	37	67	67	0	0	0	932.959
15084	T	T	932.172	37	68	68	0	0	0	932.172
15085	G	G	943.589	37	68	66	0	0	943.589	0
15086	C	C	952.316	37	67	66	0	952.316	0	0
15087	A	A	870.803	37	65	65	870.803	0	0	0
15088	C	C	915.268	37	65	64	0	915.268	0	0
15089	T	T	922.995	37	65	65	0	0	0	922.995
15090	A	A	843.145	37	63	63	843.145	0	0	0
15091	C	C	893.926	37	63	62	0	893.926	0	0
15092	T	T	850.972	37	63	63	0	0	0	850.972
15093	C	C	869.229	37	62	61	0	869.229	0	0
15094	C	C	893.657	37	62	62	0	893.657	0	0
15095	T	T	831.918	37	60	60	0	0	0	831.918
15096	C	C	792.905	37	58	56	0	792.905	0	0
15097	C	C	808.8	37	57	56	0	808.8	0	0
15098	C	C	819.399	37	58	57	0	819.399	0	0
15099	T	T	747.971	37	54	54	0	0	0	747.971
15100	C	C	801.556	37	57	56	0	801.556	0	0
15101	T	T	763.228	37	56	56	0	0	0	763.228
15102	T	T	751.908	37	56	55	0	0	0	751.908
15103	C	C	767.043	37	57	54	0	767.043	0	0
15104	C	C	792.828	37	56	55	0	792.828	0	0
15105	C	C	748.196	37	53	52	0	748.196	0	0
15106	T	T	725.66	37	53	53	0	0	0	725.66
15107	G	G	788.347	37	57	55	0	0	788.347	0
15108	A	A	743.311	37	54	54	743.311	0	0	0
15109	G	G	791.947	37	55	55	0	0	791.947	0
15110	C	C	765.71	37	57	54	0	765.71	0	0
15111	A	A	775.396	37	57	57	775.396	0	0	0
15112	T	T	741.97	37	53	53	0	0	0	741.97
15113	C	C	718.979	37	55	52	0	718.979	0	0
15114	A	A	776.98	37	56	56	776.98	0	0	0
15115	C	C	794.23	37	55	55	0	794.23	0	0
15116	A	A	794.675	37	58	58	794.675	0	0	0
15117	A	A	782.01	37	56	56	782.01	0	0	0
15118	A	A	786.744	37	56	56	786.744	0	0	0
15119	C	C	783.354	37	56	55	0	783.354	0	0
15120	T	T	775.15	37	57	57	0	0	0	775.15
15121	G	G	807.133	37	57	56	0	0	807.133	0
15122	A	A	793.593	37	58	58	793.593	0	0	0
15123	C	C	792.063	37	56	55	0	792.063	0	0
15124	A	A	758.933	37	54	54	758.933	0	0	0
15125	A	A	763.877	37	55	55	763.877	0	0	0
15126	C	C	808.053	37	57	56	0	808.053	0	0
15127	C	C	821.47	37	58	57	0	821.47	0	0
15128	T	T	783.586	37	59	59	0	0	0	783.586
15129	A	A	774.571	37	58	58	774.571	0	0	0
15130	A	A	757.488	37	59	59	757.488	0	0	0
15131	T	T	792.723	36.0397	60	60	0	0	0	792.723
15132	A	A	746.933	35.9785	56	56	746.933	0	0	0
15133	A	A	754.918	36.01	58	58	754.918	0	0	0
15134	C	C	765.735	35.9945	57	54	0	765.735	0	0
15135	G	G	776.75	35.945	54	54	0	0	776.75	0
15136	A	A	750.755	35.9785	56	56	750.755	0	0	0
15137	T	T	734.42	35.945	54	54	0	0	0	734.42
15138	A	A	731.651	35.9273	53	53	731.651	0	0	0
15139	C	C	765.994	35.962	55	54	0	765.994	0	0
15140	T	T	709.86	35.9091	52	52	0	0	0	709.86
15141	C	C	763.344	35.9273	53	53	0	763.344	0	0
15142	A	A	709.954	35.9273	53	53	709.954	0	0	0
15143	C	C	790.395	35.9785	56	55	0	790.395	0	0
15144	C	C	760.939	35.945	54	53	0	760.939	0	0
15145	A	A	731.497	35.9091	52	52	731.497	0	0	0
15146	T	T	684.075	35.8707	50	50	0	0	0	684.075
15147	A	A	720.069	35.8902	51	51	720.069	0	0	0
15148	G	G	736.671	35.8902	51	51	0	0	736.671	0
15149	C	C	750.746	35.9091	52	52	0	750.746	0	0
15150	G	G	699.802	35.8902	51	49	0	0	699.802	0
15151	C	C	704.44	35.8707	50	49	0	704.44	0	0
15152	T	T	713.563	35.8707	50	50	0	0	0	713.563
15153	A	A	694.563	35.8902	51	51	694.563	0	0	0
15154	C	C	710.36	35.9273	53	50	0	710.36	0	0
15155	T	T	716.949	37	54	54	0	0	0	716.949
15156	G	G	773.333	37	56	54	0	0	773.333	0
15157	C	C	779.997	37	57	55	0	779.997	0	0
15158	T	T	742.964	37	58	58	0	0	0	742.964
15159	T	T	769.934	37	60	60	0	0	0	769.934
15160	A	A	843	37	60	60	843	0	0	0
15161	T	T	811.436	37	61	61	0	0	0	811.436
15162	C	C	846.543	37	60	59	0	846.543	0	0
15163	T	T	808.404	37	61	61	0	0	0	808.404
15164	C	C	905.159	37	63	63	0	905.159	0	0
15165	C	C	886.074	37	64	62	0	886.074	0	0
15166	T	T	861.084	37	64	64	0	0	0	861.084
15167	T	T	844.405	37	62	62	0	0	0	844.405
15168	A	A	835.444	37	61	61	835.444	0	0	0
15169	C	C	845.488	37	61	59	0	845.488	0	0
15170	T	T	843.385	37	60	60	0	0	0	843.385
15171	A	A	852.761	37	62	62	852.761	0	0	0
15172	G	G	867.351	37	60	60	0	0	867.351	0
15173	C	C	889.113	37	63	62	0	889.113	0	0
15174	C	C	875.626	37	62	61	0	875.626	0	0
15175	G	G	849.274	37	62	60	0	0	849.274	0
15176	T	T	861.967	37	63	63	0	0	0	861.967
15177	A	A	872.698	37	64	64	872.698	0	0	0
15178	A	A	879.96	37	65	65	879.96	0	0	0
15179	G	G	873.352	37	63	61	0	0	873.352	0
15180	T	T	892.461	37	67	67	0	0	0	892.461
15181	C	C	915.641	37	66	64	0	915.641	0	0
15182	T	T	880.591	37	66	66	0	0	0	880.591
15183	G	G	940.726	37	66	65	0	0	940.726	0
15184	G	G	926.853	37	65	64	0	0	926.853	0
15185	C	C	909.527	37	64	63	0	909.527	0	0
15186	C	C	898.552	37	62	62	0	898.552	0	0
15187	T	T	913.535	37	64	64	0	0	0	913.535
15188	A	A	900.532	37	65	65	900.532	0	0	0
15189	T	T	937.979	37	68	68	0	0	0	937.979
15190	G	G	864.282	37	65	61	0	0	864.282	0
15191	A	A	893.729	37	65	64	893.729	0	0	0
15192	A	A	864.466	37	64	64	864.466	0	0	0
15193	T	T	913.115	37	68	68	0	0	0	913.115
15194	G	G	936.013	37	68	66	0	0	936.013	0
15195	A	A	940.973	37	69	69	940.973	0	0	0
15196	A	A	938.819	36.1645	70	70	938.819	0	0	0
15197	C	C	934.883	36.1187	66	65	0	934.883	0	0
15198	T	T	920.272	36.1422	68	68	0	0	0	920.272
15199	G	G	979.751	36.1535	69	68	0	0	979.751	0
15200	A	A	955.457	36.1535	69	69	955.457	0	0	0
15201	A	A	948.352	36.1306	67	67	948.352	0	0	0
15202	A	A	954.858	36.1535	69	69	954.858	0	0	0
15203	A	A	964.253	36.1645	70	70	964.253	0	0	0
15204	A	A	934.036	36.1535	69	69	934.036	0	0	0
15205	G	G	979.146	36.1422	68	68	0	0	979.146	0
15206	G	G	907.229	36.1422	68	64	0	0	907.229	0
15207	T	T	929.557	36.1187	66	66	0	0	0	929.557
15208	C	C	968.534	36.1306	67	67	0	968.534	0	0
15209	T	T	907.685	36.1064	65	65	0	0	0	907.685
15210	A	A	843.038	36.0938	64	64	843.038	0	0	0
15211	G	G	819.257	36.1064	65	60	0	0	819.257	0
15212	A	A	803.321	36.0675	62	62	803.321	0	0	0
15213	A	A	793.56	36.0251	59	59	793.56	0	0	0
15214	T	T	828.131	36.0251	59	59	0	0	0	828.131
15215	G	G	787.575	35.9785	56	55	0	0	787.575	0
15216	G	G	752.888	35.962	55	53	0	0	752.888	0
15217	G	G	791.274	35.9785	56	55	0	0	791.274	0
15218	C	C	809.775	36.0251	59	57	0	809.775	0	0
15219	C	C	813.032	36.0251	59	57	0	813.032	0	0
15220	G	G	792.514	35.9785	56	55	0	0	792.514	0
15221	A	A	742.682	37	54	54	742.682	0	0	0
15222	A	A	733.214	37	56	56	733.214	0	0	0
15223	T	T	780.185	37	57	57	0	0	0	780.185
15224	A	A	739.074	37	57	57	739.074	0	0	0
15225	T	T	753.573	37	55	55	0	0	0	753.573
15226	G	G	713.676	37	55	51	0	0	713.676	0
15227	A	A	737.365	37	54	54	737.365	0	0	0
15228	T	T	711.62	37	54	54	0	0	0	711.62
15229	A	A	772.941	37	56	56	772.941	0	0	0
15230	A	A	761.014	37	55	55	761.014	0	0	0
15231	T	T	716.125	37	55	55	0	0	0	716.125
15232	T	T	753.952	37	56	56	0	0	0	753.952
15233	A	A	819.159	37	59	59	819.159	0	0	0
15234	G	G	838.065	37	59	58	0	0	838.065	0
15235	T	T	778.358	37	57	57	0	0	0	778.358
15236	T	T	813.64	37	61	61	0	0	0	813.64
15237	T	T	811.914	37	62	62	0	0	0	811.914
15238	A	A	896.124	37	63	63	896.124	0	0	0
15239	A	A	907.713	37	64	64	907.713	0	0	0
15240	A	A	923.201	37	65	65	923.201	0	0	0
15241	T	T	885.881	37	65	65	0	0	0	885.881
15242	C	C	939.452	37	65	65	0	939.452	0	0
15243	A	A	896.127	37	65	65	896.127	0	0	0
15244	A	A	890.649	37	65	65	890.649	0	0	0
15245	A	A	874.172	37	64	64	874.172	0	0	0
15246	A	A	882.364	37	64	64	882.364	0	0	0
15247	C	C	909.951	37	63	63	0	909.951	0	0
15248	A	A	822.31	37	61	61	822.31	0	0	0
15249	A	A	827.212	37	63	63	827.212	0	0	0
15250	G	G	903.081	37	63	63	0	0	903.081	0
15251	T	T	873.907	37	62	62	0	0	0	873.907
15252	G	G	739.242	37	58	53	0	0	739.242	0
15253	A	A	777.996	37	58	58	777.996	0	0	0
15254	T	T	779.078	37	57	57	0	0	0	779.078
15255	T	T	780.784	37	57	57	0	0	0	780.784
15256	T	T	761.107	37	56	56	0	0	0	761.107
15257	C	C	790.377	37	59	56	0	790.377	0	0
15258	G	G	762.863	37	58	54	0	0	762.863	0
15259	A	A	747.284	37	55	55	747.284	0	0	0
15260	C	C	753.493	37	54	53	0	753.493	0	0
15261	T	T	750.134	37	54	54	0	0	0	750.134
15262	C	C	755.64	37	54	53	0	755.64	0	0
15263	A	A	697.762	37	51	51	697.762	0	0	0
15264	C	C	720.196	37	51	50	0	720.196	0	0
15265	T	T	711.485	37	51	51	0	0	0	711.485
15266	A	A	716.379	37	53	53	716.379	0	0	0
15267	G	G	671.619	37	53	48	0	0	671.619	0
15268	A	A	686.937	37	50	50	686.937	0	0	0
15269	T	T	674.615	37	49	49	0	0	0	674.615
15270	T	T	693.927	37	51	51	0	0	0	693.927
15271	A	A	689.997	37	50	50	689.997	0	0	0
15272	T	T	689.298	37	50	50	0	0	0	689.298
15273	G	G	669.085	37	49	47	0	0	669.085	0
15274	A	A	659.101	37	50	50	659.101	0	0	0
15275	A	A	671.093	37	51	51	671.093	0	0	0
15276	T	T	687.318	37	50	50	0	0	0	687.318
15277	A	A	697.534	37	52	52	697.534	0	0	0
15278	A	A	712.852	37	53	53	712.852	0	0	0
15279	T	T	672.841	37	53	53	0	0	0	672.841
15280	A	A	712.304	37	53	53	712.304	0	0	0
15281	A	A	705.252	37	53	53	705.252	0	0	0
15282	C	C	745.317	37	53	52	0	745.317	0	0
15283	A	A	684.002	37	52	52	684.002	0	0	0
15284	T	T	706.943	37	50	50	0	0	0	706.943
15285	A	A	629.839	37	47	47	629.839	0	0	0
15286	A	A	618.112	37	46	46	618.112	0	0	0
15287	T	T	655.627	37	46	46	0	0	0	655.627
15288	T	T	642.962	37	46	46	0	0	0	642.962
15289	A	A	587.601	37	46	46	587.601	0	0	0
15290	T	T	604.359	37	43	43	0	0	0	604.359
15291	C	C	592.036	37	41	41	0	592.036	0	0
15292	A	A	588.501	37	43	43	588.501	0	0	0
15293	A	A	588.971	37	42	42	588.971	0	0	0
15294	G	G	565.405	37	41	40	0	0	565.405	0
15295	T	T	561.027	37	41	41	0	0	0	561.027
15296	G	G	597.051	35.7371	44	42	0	0	597.051	0
15297	C	C	576.527	35.7371	44	41	0	576.527	0	0
15298	C	C	601.881	35.7117	43	42	0	601.881	0	0
15299	T	T	566.55	35.7117	43	43	0	0	0	566.55
15300	G	G	632.383	35.7371	44	44	0	0	632.383	0
15301	T	T	611.688	35.785	46	46	0	0	0	611.688
15302	A	A	607.896	35.7371	44	44	607.896	0	0	0
15303	G	G	598.308	35.6853	42	42	0	0	598.308	0
15304	T	T	605.988	35.8077	47	47	0	0	0	605.988
15305	T	T	631.131	35.8504	49	49	0	0	0	631.131
15306	T	T	659.823	35.9273	53	53	0	0	0	659.823
15307	A	A	749.722	35.9091	52	52	749.722	0	0	0
15308	T	T	684.219	35.962	55	55	0	0	0	684.219
15309	G	G	794.634	35.962	55	55	0	0	794.634	0
15310	T	T	734.698	35.962	55	55	0	0	0	734.698
15311	T	T	776.469	35.9785	56	56	0	0	0	776.469
15312	A	A	784.73	35.9785	56	56	784.73	0	0	0
15313	A	A	792.392	35.9785	56	56	792.392	0	0	0
15314	T	T	793.337	36.01	58	58	0	0	0	793.337
15315	A	A	815.45	36.0251	59	59	815.45	0	0	0
15316	T	T	821.1	36.0251	59	59	0	0	0	821.1
15317	T	T	813.486	36.0538	61	61	0	0	0	813.486
15318	T	T	832.017	36.0675	62	62	0	0	0	832.017
15319	T	T	828.432	36.0397	60	60	0	0	0	828.432
15320	C	C	838.911	36.0397	60	59	0	838.911	0	0
15321	T	T	798.78	37	59	59	0	0	0	798.78
15322	T	T	834.081	37	60	60	0	0	0	834.081
15323	A	A	849.156	37	61	61	849.156	0	0	0
15324	G	G	879.197	37	61	61	0	0	879.197	0
15325	C	C	852.079	37	59	59	0	852.079	0	0
15326	C	C	764.947	37	59	55	0	764.947	0	0
15327	T	T	853.552	37	62	62	0	0	0	853.552
15328	T	T	847.454	37	61	61	0	0	0	847.454
15329	C	C	849.395	37	62	60	0	849.395	0	0
15330	A	A	824.502	37	63	63	824.502	0	0	0
15331	T	T	801.435	37	59	59	0	0	0	801.435
15332	T	T	794.153	37	59	59	0	0	0	794.153
15333	G	G	824.043	37	60	58	0	0	824.043	0
15334	T	T	818.091	37	60	60	0	0	0	818.091
15335	A	A	802.726	37	61	61	802.726	0	0	0
15336	T	T	759.844	37	58	58	0	0	0	759.844
15337	C	C	795.661	37	58	56	0	795.661	0	0
15338	C	C	795.69	37	58	56	0	795.69	0	0
15339	C	C	841.895	37	60	59	0	841.895	0	0
15340	T	T	807.104	37	61	61	0	0	0	807.104
15341	A	A	799.615	37	59	59	799.615	0	0	0
15342	G	G	874.695	37	62	61	0	0	874.695	0
15343	T	T	806.986	37	60	60	0	0	0	806.986
15344	A	A	794.502	37	59	59	794.502	0	0	0
15345	G	G	777.998	37	57	55	0	0	777.998	0
15346	G	G	808.351	37	57	56	0	0	808.351	0
15347	A	A	807.345	37	57	57	807.345	0	0	0
15348	C	C	793.742	37	58	56	0	793.742	0	0
15349	T	T	797.657	37	58	58	0	0	0	797.657
15350	A	A	810.753	37	57	57	810.753	0	0	0
15351	C	C	805.974	37	57	56	0	805.974	0	0
15352	T	T	818.658	37	59	59	0	0	0	818.658
15353	C	C	848.899	37	60	59	0	848.899	0	0
15354	A	A	854.493	37	63	63	854.493	0	0	0
15355	T	T	842.521	37	63	63	0	0	0	842.521
15356	T	T	849.705	37	63	63	0	0	0	849.705
15357	T	T	843.106	37	62	62	0	0	0	843.106
15358	A	A	861.198	37	61	61	861.198	0	0	0
15359	T	T	842.881	37	61	61	0	0	0	842.881
15360	C	C	907.771	37	64	63	0	907.771	0	0
15361	G	G	871.961	37	64	61	0	0	871.961	0
15362	A	A	905.608	37	65	65	905.608	0	0	0
15363	T	T	876.531	37	64	64	0	0	0	876.531
15364	C	C	895.98	37	66	63	0	895.98	0	0
15365	C	C	935.224	36.1645	70	66	0	935.224	0	0
15366	C	C	986.674	36.1752	71	69	0	986.674	0	0
15367	A	A	983.964	36.1752	71	71	983.964	0	0	0
15368	T	T	942.268	36.1752	71	71	0	0	0	942.268
15369	C	C	975.713	36.1645	70	68	0	975.713	0	0
15370	T	T	966.139	36.1645	70	70	0	0	0	966.139
15371	A	A	1022.14	36.2155	75	75	1022.14	0	0	0
15372	A	A	1053.27	36.2342	77	77	1053.27	0	0	0
15373	T	T	995.195	36.2155	75	75	0	0	0	995.195
15374	A	A	1036.82	36.2155	75	75	1036.82	0	0	0
15375	T	T	1017.42	36.2249	76	76	0	0	0	1017.42
15376	C	C	1026.93	36.2155	75	72	0	1026.93	0	0
15377	C	C	1078.48	36.2249	76	75	0	1078.48	0	0
15378	T	T	1045.29	36.2155	75	75	0	0	0	1045.29
15379	C	C	1058.56	36.2155	75	74	0	1058.56	0	0
15380	C	C	1059.4	36.2342	77	74	0	1059.4	0	0
15381	C	C	1108.04	36.2606	80	78	0	1108.04	0	0
15382	T	T	1093.55	36.2606	80	80	0	0	0	1093.55
15383	A	A	1078.31	36.269	81	81	1078.31	0	0	0
15384	C	C	1111.63	36.269	81	78	0	1111.63	0	0
15385	T	T	1083.84	36.2432	78	78	0	0	0	1083.84
15386	T	T	1053.5	36.2155	75	75	0	0	0	1053.5
15387	T	T	1033	35.5176	73	73	0	0	0	1033
15388	G	G	1057.14	35.5176	73	73	0	0	1057.14	0
15389	C	C	1044.78	35.5675	76	73	0	1044.78	0	0
15390	C	C	1044.57	35.5834	77	74	0	1044.57	0	0
15391	T	T	1069.2	35.6435	81	81	0	0	0	1069.2
15392	A	A	1111.21	35.6435	81	81	1111.21	0	0	0
15393	G	G	1096.78	35.6289	80	77	0	0	1096.78	0
15394	A	A	1085.87	35.6141	79	79	1085.87	0	0	0
15395	G	G	1100.27	36.252	79	77	0	0	1100.27	0
15396	G	G	1082.89	36.2432	78	76	0	0	1082.89	0
15397	G	G	1053.48	36.2342	77	74	0	0	1053.48	0
15398	T	T	1076.02	36.2342	77	77	0	0	0	1076.02
15399	A	A	1030.57	36.2342	77	77	1030.57	0	0	0
15400	T	T	1053.88	36.2155	75	75	0	0	0	1053.88
15401	A	A	1046.35	36.2249	76	76	1046.35	0	0	0
15402	A	A	1029.84	36.2058	74	74	1029.84	0	0	0
15403	T	T	996.925	36.1857	72	72	0	0	0	996.925
15404	G	G	1024.54	36.1752	71	71	0	0	1024.54	0
15405	C	C	1011.21	36.1752	71	70	0	1011.21	0	0
15406	T	T	1023.57	36.1857	72	72	0	0	0	1023.57
15407	G	G	966.306	36.1752	71	68	0	0	966.306	0
15408	T	T	1015.07	36.2058	74	74	0	0	0	1015.07
15409	C	C	1032.19	36.1959	73	72	0	1032.19	0	0
15410	T	T	982.596	36.2058	74	74	0	0	0	982.596
15411	T	T	994.427	36.2058	74	74	0	0	0	994.427
15412	T	T	981.866	36.1959	73	73	0	0	0	981.866
15413	A	A	913.275	36.1645	70	70	913.275	0	0	0
15414	T	T	974.867	36.1535	69	69	0	0	0	974.867
15415	T	T	963.942	37	69	69	0	0	0	963.942
15416	T	T	969.3	37	70	70	0	0	0	969.3
15417	G	G	935.794	37	69	66	0	0	935.794	0
15418	T	T	880.006	37	66	66	0	0	0	880.006
15419	T	T	863.643	37	66	66	0	0	0	863.643
15420	A	A	888.409	37	68	68	888.409	0	0	0
15421	T	T	876.712	37	66	66	0	0	0	876.712
15422	G	G	858.737	37	65	61	0	0	858.737	0
15423	C	C	923.111	37	65	64	0	923.111	0	0
15424	T	T	851.945	37	61	61	0	0	0	851.945
15425	A	A	839.903	37	60	60	839.903	0	0	0
15426	A	A	866.482	37	62	62	866.482	0	0	0
15427	C	C	827.041	37	61	58	0	827.041	0	0
15428	A	A	843.072	37	61	61	843.072	0	0	0
15429	G	G	872.416	37	63	61	0	0	872.416	0
15430	T	T	869.311	37	64	64	0	0	0	869.311
15431	A	A	877.695	37	62	62	877.695	0	0	0
15432	A	A	875.348	37	61	61	875.348	0	0	0
15433	C	C	870.653	37	63	61	0	870.653	0	0
15434	A	A	925.029	37	66	66	925.029	0	0	0
15435	G	G	971.479	37	69	68	0	0	971.479	0
15436	T	T	944.311	37	73	73	0	0	0	944.311
15437	T	T	948.422	37	72	72	0	0	0	948.422
15438	T	T	953.22	37	73	73	0	0	0	953.22
15439	T	T	967.85	37	72	72	0	0	0	967.85
15440	A	A	993.889	37	72	72	993.889	0	0	0
15441	A	A	960.112	37	70	70	960.112	0	0	0
15442	A	A	976.95	37	72	72	976.95	0	0	0
15443	C	C	992.644	37	71	69	0	992.644	0	0
15444	A	A	969.825	37	70	70	969.825	0	0	0
15445	A	A	953.283	37	69	69	953.283	0	0	0
15446	T	T	952.689	37	70	70	0	0	0	952.689
15447	C	C	984.573	37	70	69	0	984.573	0	0
15448	A	A	967.701	37	69	69	967.701	0	0	0
15449	C	C	990.38	37	71	69	0	990.38	0	0
15450	T	T	969.411	37	70	70	0	0	0	969.411
15451	T	T	974.224	37	69	69	0	0	0	974.224
15452	T	T	963.521	37	69	69	0	0	0	963.521
15453	A	A	956.968	37	70	70	956.968	0	0	0
15454	C	C	1051.94	37	73	73	0	1051.94	0	0
15455	A	A	955.953	37	70	70	955.953	0	0	0
15456	C	C	960.234	37	69	67	0	960.234	0	0
15457	T	T	950.348	37	71	71	0	0	0	950.348
15458	G	G	1001.05	37	72	70	0	0	1001.05	0
15459	G	G	985.261	37	70	69	0	0	985.261	0
15460	C	C	959.037	37	69	67	0	959.037	0	0
15461	T	T	924.528	37	67	67	0	0	0	924.528
15462	A	A	897.356	37	66	66	897.356	0	0	0
15463	A	A	879.283	37	65	65	879.283	0	0	0
15464	T	T	888.097	37	65	65	0	0	0	888.097
15465	A	A	902.796	37	65	65	902.796	0	0	0
15466	T	T	863.287	37	63	63	0	0	0	863.287
15467	A	A	880.56	37	65	65	880.56	0	0	0
15468	G	G	897.666	37	65	63	0	0	897.666	0
15469	C	C	921.925	37	65	64	0	921.925	0	0
15470	T	T	919.465	37	67	67	0	0	0	919.465
15471	C	C	913.982	37	65	64	0	913.982	0	0
15472	C	C	850.938	37	60	59	0	850.938	0	0
15473	T	T	824.903	37	58	58	0	0	0	824.903
15474	A	A	832.385	37	58	58	832.385	0	0	0
15475	T	T	860.252	37	63	63	0	0	0	860.252
15476	T	T	877.367	37	65	65	0	0	0	877.367
15477	A	A	907.913	37	67	67	907.913	0	0	0
15478	T	T	910.753	37	69	69	0	0	0	910.753
15479	C	C	881.544	37	68	64	0	881.544	0	0
15480	C	C	874.518	37	68	63	0	874.518	0	0
15481	T	T	898.249	37	68	68	0	0	0	898.249
15482	G	G	981.327	37	68	68	0	0	981.327	0
15483	C	C	840.254	37	68	62	0	840.254	0	0
15484	T	T	929.177	37	69	69	0	0	0	929.177
15485	G	G	963.844	37	68	67	0	0	963.844	0
15486	G	G	978.54	37	68	68	0	0	978.54	0
15487	T	T	946.876	37	69	69	0	0	0	946.876
15488	A	A	982.99	37	72	72	982.99	0	0	0
15489	T	T	970.903	37	71	71	0	0	0	970.903
15490	T	T	902.531	37	66	66	0	0	0	902.531
15491	C	C	949.325	37	67	66	0	949.325	0	0
15492	G	G	969.279	37	67	67	0	0	969.279	0
15493	C	C	954.81	37	67	66	0	954.81	0	0
15494	T	T	953.487	37	69	69	0	0	0	953.487
15495	G	G	995.607	37	69	69	0	0	995.607	0
15496	C	C	952.397	36.1857	72	68	0	952.397	0	0
15497	C	C	1039.67	36.2249	76	73	0	1039.67	0	0
15498	T	T	969.632	36.2058	74	74	0	0	0	969.632
15499	G	G	980.182	36.2058	74	70	0	0	980.182	0
15500	C	C	973.28	36.1857	72	69	0	973.28	0	0
15501	G	G	1050.26	36.2058	74	73	0	0	1050.26	0
15502	A	A	1012.86	36.2058	74	74	1012.86	0	0	0
15503	G	G	999.782	36.1857	72	70	0	0	999.782	0
15504	G	G	1002.52	36.1857	72	70	0	0	1002.52	0
15505	C	C	978.471	36.1857	72	69	0	978.471	0	0
15506	A	A	988.091	36.1752	71	71	988.091	0	0	0
15507	G	G	1021.72	36.1959	73	71	0	0	1021.72	0
15508	C	C	1023.62	35.4824	71	71	0	1023.62	0	0
15509	A	A	999.948	35.5176	73	73	999.948	0	0	0
15510	C	C	1010.03	35.4824	71	70	0	1010.03	0	0
15511	T	T	1003.13	35.5346	74	74	0	0	0	1003.13
15512	A	A	1006.39	35.5346	74	74	1006.39	0	0	0
15513	G	G	1047.45	35.5346	74	73	0	0	1047.45	0
15514	G	G	1016.86	35.5512	75	72	0	0	1016.86	0
15515	A	A	1029.58	35.5989	78	78	1029.58	0	0	0
15516	C	C	1078.63	35.5675	76	75	0	1078.63	0	0
15517	T	T	1008.9	35.5346	74	74	0	0	0	1008.9
15518	G	G	1007.24	35.4824	71	70	0	0	1007.24	0
15519	T	T	982.1	35.4824	71	71	0	0	0	982.1
15520	C	C	998.659	35.4454	69	69	0	998.659	0	0
15521	C	C	983.588	36.1422	68	68	0	983.588	0	0
15522	C	C	983.204	36.1422	68	68	0	983.204	0	0
15523	T	T	943.163	36.1535	69	69	0	0	0	943.163
15524	G	G	894.336	36.1422	68	64	0	0	894.336	0
15525	C	C	951.996	37	66	66	0	951.996	0	0
15526	T	T	888.833	37	64	64	0	0	0	888.833
15527	A	A	909.67	37	66	66	909.67	0	0	0
15528	G	G	990.72	37	71	69	0	0	990.72	0
15529	T	T	960.089	37	74	74	0	0	0	960.089
15530	A	A	998.691	37	74	74	998.691	0	0	0
15531	A	A	975.398	37	73	73	975.398	0	0	0
15532	T	T	951.13	37	72	72	0	0	0	951.13
15533	A	A	986.937	37	74	74	986.937	0	0	0
15534	G	G	1002.28	37	72	70	0	0	1002.28	0
15535	T	T	984.465	37	72	72	0	0	0	984.465
15536	C	C	1005.08	37	71	70	0	1005.08	0	0
15537	T	T	972.132	37	71	71	0	0	0	972.132
15538	C	C	1009.96	37	71	70	0	1009.96	0	0
15539	T	T	924.91	37	67	67	0	0	0	924.91
15540	A	A	941.117	37	69	69	941.117	0	0	0
15541	A	A	971.877	37	70	70	971.877	0	0	0
15542	C	C	967.017	37	71	68	0	967.017	0	0
15543	A	A	1010.06	37	71	71	1010.06	0	0	0
15544	C	C	993.891	36.1959	73	70	0	993.891	0	0
15545	T	T	965.199	36.1857	72	72	0	0	0	965.199
15546	T	T	1000.32	36.2058	74	74	0	0	0	1000.32
15547	A	A	1041.32	36.2058	74	74	1041.32	0	0	0
15548	C	C	1070.34	36.2058	74	74	0	1070.34	0	0
15549	G	G	1017.93	36.1959	73	71	0	0	1017.93	0
15550	G	G	1069.64	36.2155	75	74	0	0	1069.64	0
15551	A	A	1041.68	36.2249	76	76	1041.68	0	0	0
15552	A	A	1036.53	36.2249	76	76	1036.53	0	0	0
15553	C	C	1060.45	36.2249	76	74	0	1060.45	0	0
15554	T	T	1018.02	36.2058	74	74	0	0	0	1018.02
15555	G	G	1005.37	36.2058	74	71	0	0	1005.37	0
15556	A	A	936.596	36.1857	72	72	936.596	0	0	0
15557	T	T	997.735	36.1645	70	70	0	0	0	997.735
15558	T	T	982.435	36.1645	70	70	0	0	0	982.435
15559	A	A	942.249	36.1752	71	71	942.249	0	0	0
15560	T	T	944.586	36.1645	70	70	0	0	0	944.586
15561	G	G	947.661	36.1422	68	66	0	0	947.661	0
15562	T	T	895.454	37	68	68	0	0	0	895.454
15563	A	A	917.504	37	66	66	917.504	0	0	0
15564	C	C	929.008	37	66	65	0	929.008	0	0
15565	A	A	907.52	37	68	68	907.52	0	0	0
15566	A	A	908.057	37	66	66	908.057	0	0	0
15567	A	A	891.736	37	65	65	891.736	0	0	0
15568	A	A	869.413	37	64	64	869.413	0	0	0
15569	C	C	955.785	37	71	68	0	955.785	0	0
15570	C	C	936.828	37	69	66	0	936.828	0	0
15571	T	T	921.263	37	68	68	0	0	0	921.263
15572	C	C	941.516	37	68	66	0	941.516	0	0
15573	A	A	907.28	37	66	66	907.28	0	0	0
15574	A	A	884.65	37	65	65	884.65	0	0	0
15575	T	T	930.773	37	65	65	0	0	0	930.773
15576	C	C	889.044	37	64	62	0	889.044	0	0
15577	T	T	892.781	36.0809	63	63	0	0	0	892.781
15578	C	C	877.884	36.0809	63	61	0	877.884	0	0
15579	T	T	859.394	36.0538	61	61	0	0	0	859.394
15580	T	T	877.083	36.0809	63	63	0	0	0	877.083
15581	A	A	812.517	36.0675	62	62	812.517	0	0	0
15582	C	C	922.005	36.1064	65	64	0	922.005	0	0
15583	A	A	833.808	36.1064	65	65	833.808	0	0	0
15584	A	A	851.937	36.0809	63	63	851.937	0	0	0
15585	T	T	803.791	36.0675	62	61	0	0	0	803.791
15586	G	G	847.771	36.0809	63	60	0	0	847.771	0
15587	C	C	878.371	36.0809	63	62	0	878.371	0	0
15588	T	T	837.713	36.0938	64	64	0	0	0	837.713
15589	A	A	925.922	36.1187	66	66	925.922	0	0	0
15590	A	A	967.458	36.1535	69	69	967.458	0	0	0
15591	A	A	984.46	36.1752	71	71	984.46	0	0	0
15592	A	A	1009.37	36.1857	72	72	1009.37	0	0	0
15593	A	A	1038.09	36.2155	75	75	1038.09	0	0	0
15594	T	T	989.772	36.2342	77	77	0	0	0	989.772
15595	C	C	1131.35	36.2606	80	79	0	1131.35	0	0
15596	A	A	1072.41	36.252	79	79	1072.41	0	0	0
15597	T	T	1080.76	36.2852	83	83	0	0	0	1080.76
15598	C	C	1103	36.2772	82	78	0	1103	0	0
15599	T	T	1080.62	36.2606	80	80	0	0	0	1080.62
15600	T	T	1115.59	36.2772	82	82	0	0	0	1115.59
15601	C	C	1087.72	36.2606	80	77	0	1087.72	0	0
15602	C	C	1113.74	36.2432	78	77	0	1113.74	0	0
15603	C	C	1102.02	36.2249	76	76	0	1102.02	0	0
15604	C	C	1069.37	35.5675	76	74	0	1069.37	0	0
15605	A	A	1011.08	35.5002	72	72	1011.08	0	0	0
15606	C	C	1032.24	35.5176	73	72	0	1032.24	0	0
15607	T	T	1026.28	35.5346	74	74	0	0	0	1026.28
15608	A	A	1001.32	35.5346	74	74	1001.32	0	0	0
15609	T	T	1010.91	35.5002	72	72	0	0	0	1010.91
15610	A	A	981.187	35.5176	73	73	981.187	0	0	0
15611	A	A	983.112	35.5002	72	72	983.112	0	0	0
15612	T	T	989.525	35.4641	70	70	0	0	0	989.525
15613	G	G	871.804	35.4262	68	63	0	0	871.804	0
15614	C	C	1010.06	35.4824	71	70	0	1010.06	0	0
15615	T	T	968.269	36.1752	71	71	0	0	0	968.269
15616	A	A	958.834	36.1752	71	71	958.834	0	0	0
15617	G	G	976.367	36.1535	69	68	0	0	976.367	0
15618	T	T	926.634	36.1306	67	67	0	0	0	926.634
15619	A	A	902.972	36.1187	66	66	902.972	0	0	0
15620	C	C	896.261	36.0809	63	62	0	896.261	0	0
15621	C	C	939.581	36.1064	65	65	0	939.581	0	0
15622	T	T	911.074	36.1064	65	65	0	0	0	911.074
15623	C	C	934.683	36.1187	66	65	0	934.683	0	0
15624	T	T	901.287	36.1064	65	65	0	0	0	901.287
15625	T	T	865.349	36.0809	63	63	0	0	0	865.349
15626	A	A	831.818	36.0809	63	63	831.818	0	0	0
15627	C	C	880.341	36.0675	62	61	0	880.341	0	0
15628	A	A	785.451	36.0538	61	61	785.451	0	0	0
15629	T	T	841.214	36.0397	60	60	0	0	0	841.214
15630	G	G	783.908	35.9945	57	55	0	0	783.908	0
15631	A	A	738.472	35.9785	56	56	738.472	0	0	0
15632	G	G	697.243	35.9091	52	49	0	0	697.243	0
15633	C	C	736.236	37	51	51	0	736.236	0	0
15634	G	G	715.999	37	51	50	0	0	715.999	0
15635	T	T	720.812	37	51	51	0	0	0	720.812
15636	C	C	709.717	37	51	50	0	709.717	0	0
15637	A	A	637.425	37	49	49	637.425	0	0	0
15638	A	A	611.796	37	46	46	611.796	0	0	0
15639	A	A	605.96	37	45	45	605.96	0	0	0
15640	G	G	615.188	37	45	43	0	0	615.188	0
15641	C	C	629.992	37	46	44	0	629.992	0	0
15642	C	C	635.555	37	46	45	0	635.555	0	0
15643	C	C	656.904	37	47	46	0	656.904	0	0
15644	A	A	647.238	37	47	47	647.238	0	0	0
15645	A	A	643.458	37	48	48	643.458	0	0	0
15646	T	T	637.772	37	47	47	0	0	0	637.772
15647	A	A	639.811	37	48	48	639.811	0	0	0
15648	T	T	665.806	37	49	49	0	0	0	665.806
15649	A	A	611.813	37	47	47	611.813	0	0	0
15650	A	A	575.884	37	45	45	575.884	0	0	0
15651	T	T	610.982	37	44	44	0	0	0	610.982
15652	T	T	610.79	37	45	45	0	0	0	610.79
15653	T	T	593.724	37	43	43	0	0	0	593.724
15654	G	G	602.807	37	45	43	0	0	602.807	0
15655	G	G	618.736	37	43	43	0	0	618.736	0
15656	A	A	630.282	35.785	46	46	630.282	0	0	0
15657	T	T	601.454	35.7616	45	45	0	0	0	601.454
15658	C	C	586.949	35.7371	44	42	0	586.949	0	0
15659	A	A	613.808	35.7371	44	44	613.808	0	0	0
15660	A	A	597.031	35.6853	42	42	597.031	0	0	0
15661	T	T	613.782	35.7371	44	44	0	0	0	613.782
15662	A	A	619.239	35.7371	44	44	619.239	0	0	0
15663	C	C	627.301	35.785	46	44	0	627.301	0	0
15664	A	A	666.284	35.8294	48	48	666.284	0	0	0
15665	A	A	672.82	35.8294	48	48	672.82	0	0	0
15666	C	C	592.317	35.8294	48	43	0	592.317	0	0
15667	A	A	690.651	35.8294	48	48	690.651	0	0	0
15668	G	G	693.231	35.8294	48	48	0	0	693.231	0
15669	C	C	691.866	35.8294	48	48	0	691.866	0	0
15670	T	T	677.958	35.8294	48	48	0	0	0	677.958
15671	T	T	697.029	35.8504	49	49	0	0	0	697.029
15672	A	A	659.25	35.8504	49	49	659.25	0	0	0
15673	C	C	694.123	35.8504	49	48	0	694.123	0	0
15674	A	A	618.939	35.8294	48	48	618.939	0	0	0
15675	G	G	716.126	35.8902	51	50	0	0	716.126	0
15676	C	C	691.199	35.9091	52	49	0	691.199	0	0
15677	C	C	728.34	35.9091	52	51	0	728.34	0	0
15678	T	T	632.199	35.8294	48	48	0	0	0	632.199
15679	G	G	673.173	35.8504	49	47	0	0	673.173	0
15680	C	C	645.658	37	48	46	0	645.658	0	0
15681	T	T	656.536	37	51	51	0	0	0	656.536
15682	T	T	683.267	37	54	54	0	0	0	683.267
15683	A	A	830.211	37	58	58	830.211	0	0	0
15684	T	T	751.729	37	61	61	0	0	0	751.729
15685	C	C	777.179	37	61	56	0	777.179	0	0
15686	A	A	887.19	37	63	63	887.19	0	0	0
15687	G	G	910.554	37	64	63	0	0	910.554	0
15688	T	T	877.967	37	65	65	0	0	0	877.967
15689	C	C	946.249	37	67	66	0	946.249	0	0
15690	T	T	906.236	37	67	67	0	0	0	906.236
15691	T	T	909.337	37	66	66	0	0	0	909.337
15692	G	G	868.423	37	65	62	0	0	868.423	0
15693	T	T	904.384	37	66	66	0	0	0	904.384
15694	C	C	954.439	37	66	66	0	954.439	0	0
15695	A	A	918.927	37	66	66	918.927	0	0	0
15696	G	G	928.115	37	66	65	0	0	928.115	0
15697	T	T	876.603	37	65	65	0	0	0	876.603
15698	T	T	902.407	37	65	65	0	0	0	902.407
15699	T	T	910.005	37	66	66	0	0	0	910.005
15700	A	A	886.818	37	66	66	886.818	0	0	0
15701	A	A	889.148	37	65	65	889.148	0	0	0
15702	C	C	924.737	37	64	64	0	924.737	0	0
15703	A	A	880.196	36.1064	65	65	880.196	0	0	0
15704	T	T	890.667	36.1064	65	65	0	0	0	890.667
15705	A	A	905.563	36.1306	67	67	905.563	0	0	0
15706	T	T	905.069	36.1306	67	67	0	0	0	905.069
15707	C	C	892.49	36.1187	66	63	0	892.49	0	0
15708	T	T	857.768	36.0675	62	62	0	0	0	857.768
15709	C	C	890.3	36.0938	64	62	0	890.3	0	0
15710	A	A	878.609	36.0938	64	64	878.609	0	0	0
15711	A	A	867.037	36.1064	65	65	867.037	0	0	0
15712	C	C	906.046	36.0938	64	63	0	906.046	0	0
15713	C	C	876.373	36.0675	62	61	0	876.373	0	0
15714	A	A	809.677	36.0538	61	61	809.677	0	0	0
15715	G	G	795.673	36.0675	62	57	0	0	795.673	0
15716	C	C	855.752	36.0938	64	61	0	855.752	0	0
15717	T	T	852.76	36.1064	65	65	0	0	0	852.76
15718	C	C	916.996	36.1064	65	64	0	916.996	0	0
15719	A	A	893.596	37	65	65	893.596	0	0	0
15720	G	G	934.873	37	66	65	0	0	934.873	0
15721	T	T	868.715	37	65	65	0	0	0	868.715
15722	G	G	935.854	37	66	65	0	0	935.854	0
15723	A	A	869.255	37	65	65	869.255	0	0	0
15724	C	C	937.045	37	65	65	0	937.045	0	0
15725	A	A	869.316	37	64	64	869.316	0	0	0
15726	A	A	891.24	37	67	67	891.24	0	0	0
15727	T	T	867.367	37	64	64	0	0	0	867.367
15728	A	A	891.785	37	64	64	891.785	0	0	0
15729	G	G	909.199	37	63	63	0	0	909.199	0
15730	C	C	934.408	37	65	65	0	934.408	0	0
15731	C	C	864.591	37	64	61	0	864.591	0	0
15732	T	T	882.231	37	65	65	0	0	0	882.231
15733	A	A	914.923	37	66	65	914.923	0	0	0
15734	A	A	955.775	37	69	69	955.775	0	0	0
15735	A	A	949.031	37	68	68	949.031	0	0	0
15736	C	C	979.912	37	68	68	0	979.912	0	0
15737	T	T	945.148	37	69	69	0	0	0	945.148
15738	T	T	960.452	37	70	70	0	0	0	960.452
15739	C	C	925.706	37	67	65	0	925.706	0	0
15740	T	T	937.801	37	66	66	0	0	0	937.801
15741	C	C	968.72	37	67	67	0	968.72	0	0
15742	A	A	894.079	37	65	65	894.079	0	0	0
15743	T	T	914.83	37	65	65	0	0	0	914.83
15744	T	T	922.275	37	66	66	0	0	0	922.275
15745	G	G	821.633	37	64	59	0	0	821.633	0
15746	C	C	881.437	37	62	61	0	881.437	0	0
15747	T	T	870.298	37	62	62	0	0	0	870.298
15748	A	A	854.249	37	64	64	854.249	0	0	0
15749	T	T	873.296	37	64	64	0	0	0	873.296
15750	T	T	850.812	37	62	62	0	0	0	850.812
15751	C	C	765.937	37	60	56	0	765.937	0	0
15752	T	T	842.307	37	64	64	0	0	0	842.307
15753	T	T	832.773	37	61	61	0	0	0	832.773
15754	T	T	829.767	37	60	60	0	0	0	829.767
15755	A	A	818.995	37	61	61	818.995	0	0	0
15756	C	C	785.869	37	57	55	0	785.869	0	0
15757	C	C	795.911	37	55	55	0	795.911	0	0
15758	G	G	783.398	37	56	55	0	0	783.398	0
15759	A	A	790.122	37	58	58	790.122	0	0	0
15760	C	C	763.101	37	58	54	0	763.101	0	0
15761	T	T	820.126	37	61	61	0	0	0	820.126
15762	C	C	889.515	37	62	62	0	889.515	0	0
15763	C	C	840.738	37	61	59	0	840.738	0	0
15764	C	C	816.704	37	62	58	0	816.704	0	0
15765	T	T	825.925	37	62	62	0	0	0	825.925
15766	A	A	845.542	37	63	63	845.542	0	0	0
15767	T	T	840.832	37	62	62	0	0	0	840.832
15768	C	C	806.141	37	60	57	0	806.141	0	0
15769	A	A	792.164	37	59	59	792.164	0	0	0
15770	G	G	782.092	37	57	55	0	0	782.092	0
15771	C	C	819.04	36.01	58	57	0	819.04	0	0
15772	C	C	818.959	36.01	58	57	0	818.959	0	0
15773	C	C	874.01	35.2773	61	61	0	874.01	0	0
15774	C	C	798.792	35.2773	61	57	0	798.792	0	0
15775	C	C	802.814	35.2537	60	57	0	802.814	0	0
15776	C	C	843.15	35.2773	61	59	0	843.15	0	0
15777	T	T	823.89	35.2537	60	60	0	0	0	823.89
15778	A	A	843.565	35.2773	61	61	843.565	0	0	0
15779	T	T	823.181	35.2294	59	59	0	0	0	823.181
15780	T	T	827.562	35.2294	59	59	0	0	0	827.562
15781	A	A	810.938	35.2044	58	58	810.938	0	0	0
15782	G	G	778.775	35.2044	58	55	0	0	778.775	0
15783	T	T	836.382	35.2294	59	59	0	0	0	836.382
15784	C	C	852.691	35.2294	59	59	0	852.691	0	0
15785	C	C	852.526	34.5572	59	59	0	852.526	0	0
15786	T	T	797.628	34.4921	57	57	0	0	0	797.628
15787	C	C	805.8	34.4921	57	56	0	805.8	0	0
15788	A	A	749.475	34.3875	54	54	749.475	0	0	0
15789	C	C	725.838	34.4234	55	52	0	725.838	0	0
15790	A	A	756.32	34.3875	54	54	756.32	0	0	0
15791	A	A	745.019	34.3875	54	54	745.019	0	0	0
15792	C	C	751.776	34.3127	52	52	0	751.776	0	0
15793	A	A	727.879	34.3127	52	52	727.879	0	0	0
15794	T	T	747.817	34.3506	53	53	0	0	0	747.817
15795	G	G	765.616	34.3875	54	53	0	0	765.616	0
15796	A	A	746.58	34.3875	54	54	746.58	0	0	0
15797	C	C	762.882	34.3875	54	53	0	762.882	0	0
15798	T	T	745.576	34.4234	55	55	0	0	0	745.576
15799	A	A	733.591	34.3875	54	54	733.591	0	0	0
15800	C	C	793.054	34.4234	55	55	0	793.054	0	0
15801	T	T	748.383	33.778	54	54	0	0	0	748.383
15802	A	A	738.356	33.778	54	54	738.356	0	0	0
15803	C	C	765.255	33.8994	57	54	0	765.255	0	0
15804	C	C	801.921	33.8994	57	56	0	801.921	0	0
15805	C	C	791.41	33.8195	55	55	0	791.41	0	0
15806	C	C	768.167	33.86	56	54	0	768.167	0	0
15807	T	T	758.446	33.8994	57	57	0	0	0	758.446
15808	A	A	717.909	34.3875	54	54	717.909	0	0	0
15809	A	A	759.366	34.4921	57	57	759.366	0	0	0
15810	T	T	758.578	34.4921	57	57	0	0	0	758.578
15811	G	G	743.917	34.4921	57	53	0	0	743.917	0
15812	C	C	764.65	34.4921	57	54	0	764.65	0	0
15813	T	T	726.317	34.4234	55	55	0	0	0	726.317
15814	A	A	781.025	34.4582	56	56	781.025	0	0	0
15815	A	A	822.589	34.5884	60	60	822.589	0	0	0
15816	T	T	799.557	34.6188	61	61	0	0	0	799.557
15817	G	G	907.272	34.7056	64	63	0	0	907.272	0
15818	G	G	855.041	34.7056	64	61	0	0	855.041	0
15819	C	C	873.671	34.6485	62	61	0	873.671	0	0
15820	G	G	881.002	34.6485	62	61	0	0	881.002	0
15821	A	A	835.468	35.2773	61	61	835.468	0	0	0
15822	G	G	876.228	35.3003	62	61	0	0	876.228	0
15823	T	T	861.983	36.0809	63	63	0	0	0	861.983
15824	C	C	836.82	37	59	58	0	836.82	0	0
15825	A	A	864.488	37	62	62	864.488	0	0	0
15826	A	A	901.774	37	64	64	901.774	0	0	0
15827	T	T	855.727	37	64	64	0	0	0	855.727
15828	T	T	865.305	37	65	65	0	0	0	865.305
15829	T	T	858.922	37	64	64	0	0	0	858.922
15830	C	C	905.626	37	65	63	0	905.626	0	0
15831	A	A	908.718	37	65	65	908.718	0	0	0
15832	C	C	958.688	37	69	67	0	958.688	0	0
15833	C	C	976.238	37	69	68	0	976.238	0	0
15834	T	T	945.58	37	71	71	0	0	0	945.58
15835	G	G	990.646	37	71	69	0	0	990.646	0
15836	T	T	955.945	37	72	72	0	0	0	955.945
15837	C	C	993.268	37	70	69	0	993.268	0	0
15838	A	A	977.229	37	70	70	977.229	0	0	0
15839	A	A	982.176	37	71	71	982.176	0	0	0
15840	A	A	961.581	37	71	71	961.581	0	0	0
15841	G	G	991.474	37	70	69	0	0	991.474	0
15842	G	G	991.157	37	70	69	0	0	991.157	0
15843	A	A	950.909	37	70	70	950.909	0	0	0
15844	A	A	977.137	37	72	72	977.137	0	0	0
15845	A	A	956.102	37	71	71	956.102	0	0	0
15846	C	C	1023.21	37	71	71	0	1023.21	0	0
15847	T	T	949.449	37	70	70	0	0	0	949.449
15848	C	C	947.04	37	71	67	0	947.04	0	0
15849	T	T	970.032	37	71	71	0	0	0	970.032
15850	G	G	950.232	37	69	67	0	0	950.232	0
15851	A	A	949.972	37	70	70	949.972	0	0	0
15852	C	C	930.861	37	69	66	0	930.861	0	0
15853	C	C	966.324	36.1535	69	67	0	966.324	0	0
15854	C	C	933.387	36.1306	67	65	0	933.387	0	0
15855	G	G	888.272	36.1306	67	63	0	0	888.272	0
15856	A	A	908.218	36.1306	67	67	908.218	0	0	0
15857	A	A	861.791	36.0938	64	63	861.791	0	0	0
15858	A	A	871.005	36.1064	65	65	871.005	0	0	0
15859	G	G	855.324	36.0675	62	60	0	0	855.324	0
15860	A	A	828.184	36.0538	61	61	828.184	0	0	0
15861	A	A	837.412	36.0809	63	63	837.412	0	0	0
15862	A	A	828.217	36.0809	63	62	828.217	0	0	0
15863	T	T	855.07	36.0675	62	62	0	0	0	855.07
15864	T	T	821.866	36.0251	59	59	0	0	0	821.866
15865	A	A	824.414	36.0538	61	61	824.414	0	0	0
15866	T	T	814.019	36.0251	59	59	0	0	0	814.019
15867	A	A	779.765	36.01	58	58	779.765	0	0	0
15868	C	C	806.193	35.9945	57	56	0	806.193	0	0
15869	A	A	782.551	35.9945	57	57	782.551	0	0	0
15870	T	T	800.946	36.01	58	58	0	0	0	800.946
15871	C	C	792.656	35.9785	56	55	0	792.656	0	0
15872	A	A	775.25	35.9945	57	57	775.25	0	0	0
15873	C	C	813.609	35.9945	57	57	0	813.609	0	0
15874	C	C	834.078	36.0251	59	58	0	834.078	0	0
15875	A	A	773.826	35.9945	57	57	773.826	0	0	0
15876	T	T	747.379	35.962	55	55	0	0	0	747.379
15877	A	A	800.058	36.01	58	58	800.058	0	0	0
15878	C	C	791.74	36.0251	59	56	0	791.74	0	0
15879	T	T	811.706	36.0251	59	59	0	0	0	811.706
15880	A	A	790.36	35.9945	57	57	790.36	0	0	0
15881	G	G	814.81	36.0251	59	57	0	0	814.81	0
15882	T	T	803.163	36.0251	59	59	0	0	0	803.163
15883	C	C	788.662	37	60	56	0	788.662	0	0
15884	C	C	831.996	37	59	58	0	831.996	0	0
15885	T	T	822.558	36.0675	62	62	0	0	0	822.558
15886	T	T	824.76	36.0538	61	61	0	0	0	824.76
15887	C	C	810.913	36.0397	60	57	0	810.913	0	0
15888	T	T	815.941	36.0538	61	61	0	0	0	815.941
15889	A	A	859.332	36.0538	61	61	859.332	0	0	0
15890	C	C	887.868	36.0809	63	62	0	887.868	0	0
15891	A	A	879.895	36.0938	64	64	879.895	0	0	0
15892	A	A	910.129	36.1306	67	67	910.129	0	0	0
15893	C	C	874.575	36.0938	64	62	0	874.575	0	0
15894	T	T	891.447	36.1187	66	66	0	0	0	891.447
15895	A	A	876.329	36.1064	65	65	876.329	0	0	0
15896	T	T	874.817	36.0809	63	63	0	0	0	874.817
15897	T	T	886.571	36.0809	63	63	0	0	0	886.571
15898	C	C	854.464	36.0809	63	61	0	854.464	0	0
15899	C	C	901.504	36.1306	67	64	0	901.504	0	0
15900	T	T	867.835	36.0938	64	64	0	0	0	867.835
15901	G	G	898.524	36.0938	64	63	0	0	898.524	0
15902	A	A	868.733	36.0809	63	63	868.733	0	0	0
15903	T	T	864.627	36.0809	63	63	0	0	0	864.627
15904	C	C	912.265	36.0938	64	63	0	912.265	0	0
15905	A	A	870.554	36.0809	63	63	870.554	0	0	0
15906	T	T	859.872	36.0938	64	63	0	0	0	859.872
15907	A	A	883.682	36.0938	64	64	883.682	0	0	0
15908	A	A	852.888	36.0809	63	63	852.888	0	0	0
15909	C	C	843.022	36.0397	60	59	0	843.022	0	0
15910	C	C	851.557	36.0397	60	59	0	851.557	0	0
15911	T	T	858.156	36.0397	60	60	0	0	0	858.156
15912	T	T	865.792	36.0675	62	62	0	0	0	865.792
15913	T	T	836.188	36.0538	61	61	0	0	0	836.188
15914	T	T	821.591	36.0538	61	61	0	0	0	821.591
15915	C	C	854.042	36.0675	62	60	0	854.042	0	0
15916	T	T	817.622	36.0675	62	62	0	0	0	817.622
15917	G	G	910.335	36.0809	63	63	0	0	910.335	0
15918	C	C	905.791	36.0938	64	63	0	905.791	0	0
15919	T	T	888.433	36.1187	66	66	0	0	0	888.433
15920	A	A	892.051	36.1064	65	65	892.051	0	0	0
15921	T	T	877.705	36.0938	64	64	0	0	0	877.705
15922	A	A	912.94	36.1187	66	66	912.94	0	0	0
15923	G	G	916.898	36.1306	67	64	0	0	916.898	0
15924	A	A	900.313	36.1064	65	65	900.313	0	0	0
15925	G	G	883.268	36.0938	64	62	0	0	883.268	0
15926	C	C	925.199	36.1422	68	65	0	925.199	0	0
15927	T	T	921.855	36.1306	67	67	0	0	0	921.855
15928	A	A	887.508	36.1306	67	67	887.508	0	0	0
15929	A	A	896.53	36.1187	66	66	896.53	0	0	0
15930	T	T	902.628	36.1306	67	67	0	0	0	902.628
15931	C	C	888.776	36.1187	66	63	0	888.776	0	0
15932	C	C	904.464	37	67	64	0	904.464	0	0
15933	T	T	877.373	37	65	65	0	0	0	877.373
15934	A	A	938.232	37	68	68	938.232	0	0	0
15935	T	T	940.823	37	69	69	0	0	0	940.823
15936	T	T	936.894	37	69	69	0	0	0	936.894
15937	C	C	898.324	37	65	63	0	898.324	0	0
15938	T	T	902.736	37	65	65	0	0	0	902.736
15939	A	A	874.719	37	64	64	874.719	0	0	0
15940	T	T	903.391	37	65	65	0	0	0	903.391
15941	A	A	882.826	37	64	64	882.826	0	0	0
15942	T	T	887.528	37	65	65	0	0	0	887.528
15943	C	C	853.944	37	65	61	0	853.944	0	0
15944	T	T	885.678	37	65	65	0	0	0	885.678
15945	T	T	895.618	37	64	64	0	0	0	895.618
15946	G	G	908.534	37	63	63	0	0	908.534	0
15947	T	T	887.279	37	63	63	0	0	0	887.279
15948	T	T	908.404	37	64	64	0	0	0	908.404
15949	C	C	913.572	37	65	64	0	913.572	0	0
15950	G	G	904.172	37	64	63	0	0	904.172	0
15951	A	A	870.978	36.1064	65	65	870.978	0	0	0
15952	A	A	874.202	36.1064	65	65	874.202	0	0	0
15953	G	G	903.63	36.1187	66	64	0	0	903.63	0
15954	C	C	892.537	35.3864	66	63	0	892.537	0	0
15955	C	C	877.787	35.3657	65	62	0	877.787	0	0
15956	A	A	881.358	35.3445	64	64	881.358	0	0	0
15957	C	C	901.557	35.3657	65	63	0	901.557	0	0
15958	C	C	903.115	35.3657	65	63	0	903.115	0	0
15959	C	C	891.438	35.3227	63	62	0	891.438	0	0
15960	T	T	882.092	35.3227	63	63	0	0	0	882.092
15961	A	A	855.221	35.3003	62	62	855.221	0	0	0
15962	G	G	876.789	35.3003	62	61	0	0	876.789	0
15963	T	T	842.476	35.2537	60	60	0	0	0	842.476
15964	A	A	786.591	35.1787	57	57	786.591	0	0	0
15965	C	C	863.506	35.2773	61	60	0	863.506	0	0
15966	C	C	873.828	35.3227	63	61	0	873.828	0	0
15967	C	C	877.462	35.2773	61	61	0	877.462	0	0
15968	A	A	765.197	35.2294	59	59	765.197	0	0	0
15969	C	C	832.26	35.2537	60	58	0	832.26	0	0
15970	T	T	817.279	35.2537	60	60	0	0	0	817.279
15971	C	C	778.677	35.1249	55	54	0	778.677	0	0
15972	T	T	743.24	35.1249	55	55	0	0	0	743.24
15973	G	G	734.864	35.1787	57	53	0	0	734.864	0
15974	G	G	802.13	35.2294	59	57	0	0	802.13	0
15975	T	T	788.548	35.2294	59	59	0	0	0	788.548
15976	T	T	752.131	35.1787	57	57	0	0	0	752.131
15977	A	A	777.93	35.1249	55	55	777.93	0	0	0
15978	T	T	764.551	35.1787	57	57	0	0	0	764.551
15979	T	T	793.663	35.2294	59	59	0	0	0	793.663
15980	A	A	823.355	35.2537	60	60	823.355	0	0	0
15981	T	T	835.584	35.3445	64	64	0	0	0	835.584
15982	C	C	870.833	36.0809	63	61	0	870.833	0	0
15983	A	A	845.49	36.0675	62	62	845.49	0	0	0
15984	C	C	800.452	36.0397	60	57	0	800.452	0	0
15985	T	T	824.72	36.0538	61	61	0	0	0	824.72
15986	C	C	861.993	36.0675	62	60	0	861.993	0	0
15987	G	G	867.494	36.0397	60	60	0	0	867.494	0
15988	A	A	850.128	36.0538	61	61	850.128	0	0	0
15989	T	T	831.291	36.0397	60	60	0	0	0	831.291
15990	G	G	840.188	36.0538	61	59	0	0	840.188	0
15991	A	A	805.65	36.0397	60	60	805.65	0	0	0
15992	G	G	822.458	36.0538	61	58	0	0	822.458	0
15993	G	G	814.603	37	60	58	0	0	814.603	0
15994	A	A	819.838	37	61	61	819.838	0	0	0
15995	A	A	815.511	37	59	59	815.511	0	0	0
15996	A	A	803.708	37	58	58	803.708	0	0	0
15997	T	T	783.088	37	57	57	0	0	0	783.088
15998	C	C	771.18	37	56	54	0	771.18	0	0
15999	A	A	792.526	37	59	59	792.526	0	0	0
16000	A	A	787.148	37	60	60	787.148	0	0	0
16001	A	A	792.965	37	60	60	792.965	0	0	0
16002	C	C	797.481	37	59	56	0	797.481	0	0
16003	A	A	761.748	37	57	57	761.748	0	0	0
16004	G	G	741.193	37	55	52	0	0	741.193	0
16005	A	A	739.059	37	53	53	739.059	0	0	0
16006	A	A	739.204	37	53	53	739.204	0	0	0
16007	C	C	750.496	37	52	52	0	750.496	0	0
16008	G	G	793.29	37	55	55	0	0	793.29	0
16009	A	A	798.654	37	58	58	798.654	0	0	0
16010	C	C	798.717	37	58	56	0	798.717	0	0
16011	T	T	770.877	37	57	57	0	0	0	770.877
16012	A	A	814.005	37	60	60	814.005	0	0	0
16013	A	A	795.913	37	57	57	795.913	0	0	0
16014	A	A	822.757	37	60	60	822.757	0	0	0
16015	C	C	877.525	37	61	61	0	877.525	0	0
16016	G	G	875.078	37	63	61	0	0	875.078	0
16017	C	C	878.556	37	61	61	0	878.556	0	0
16018	G	G	895.734	37	62	62	0	0	895.734	0
16019	G	G	866.009	37	61	60	0	0	866.009	0
16020	G	G	895.466	37	62	62	0	0	895.466	0
16021	C	C	908.76	37	63	63	0	908.76	0	0
16022	C	C	870.616	37	62	61	0	870.616	0	0
16023	T	T	891.831	37	64	64	0	0	0	891.831
16024	T	T	886.983	37	65	65	0	0	0	886.983
16025	T	T	860.655	37	63	63	0	0	0	860.655
16026	A	A	886.748	37	65	65	886.748	0	0	0
16027	C	C	891.106	37	65	63	0	891.106	0	0
16028	T	T	879.994	37	65	65	0	0	0	879.994
16029	T	T	893.387	37	65	65	0	0	0	893.387
16030	T	T	851.001	37	62	62	0	0	0	851.001
16031	C	C	822.882	37	62	58	0	822.882	0	0
16032	T	T	874.064	37	64	64	0	0	0	874.064
16033	G	G	921.894	37	65	64	0	0	921.894	0
16034	T	T	887.995	37	66	66	0	0	0	887.995
16035	T	T	892.299	37	66	66	0	0	0	892.299
16036	T	T	914.718	37	67	67	0	0	0	914.718
16037	T	T	937.633	37	68	68	0	0	0	937.633
16038	A	A	899.85	37	66	66	899.85	0	0	0
16039	T	T	922.773	37	66	66	0	0	0	922.773
16040	A	A	894.679	37	66	66	894.679	0	0	0
16041	C	C	877.914	37	64	62	0	877.914	0	0
16042	T	T	897.258	37	65	65	0	0	0	897.258
16043	C	C	910.054	37	67	64	0	910.054	0	0
16044	T	T	907.252	37	68	68	0	0	0	907.252
16045	A	A	946.948	37	69	69	946.948	0	0	0
16046	G	G	954.114	37	66	66	0	0	954.114	0
16047	T	T	905.22	37	66	66	0	0	0	905.22
16048	A	A	904.742	37	65	65	904.742	0	0	0
16049	G	G	901.385	37	66	63	0	0	901.385	0
16050	G	G	982.699	37	68	68	0	0	982.699	0
16051	G	G	974.141	37	72	69	0	0	974.141	0
16052	T	T	956.694	37	73	73	0	0	0	956.694
16053	C	C	987.516	37	76	71	0	987.516	0	0
16054	T	T	1000.64	37	76	76	0	0	0	1000.64
16055	C	C	1003.98	37	75	71	0	1003.98	0	0
16056	T	T	1018.15	37	74	74	0	0	0	1018.15
16057	A	A	1036.12	37	75	75	1036.12	0	0	0
16058	C	C	1015.01	37	76	72	0	1015.01	0	0
16059	C	C	1052.74	37	74	73	0	1052.74	0	0
16060	A	A	1016.49	37	74	74	1016.49	0	0	0
16061	T	T	1012.99	37	72	72	0	0	0	1012.99
16062	T	T	1025.94	37	73	73	0	0	0	1025.94
16063	A	A	1009.65	37	73	73	1009.65	0	0	0
16064	C	C	978.359	37	72	69	0	978.359	0	0
16065	T	T	998.293	37	72	72	0	0	0	998.293
16066	A	A	1006.2	37	71	71	1006.2	0	0	0
16067	G	G	1040.3	37	72	72	0	0	1040.3	0
16068	T	T	1018.32	37	73	73	0	0	0	1018.32
16069	T	T	1024.92	37	73	73	0	0	0	1024.92
16070	G	G	938.565	37	71	67	0	0	938.565	0
16071	C	C	1025.61	37	72	71	0	1025.61	0	0
16072	A	A	928.373	37	69	69	928.373	0	0	0
16073	C	C	965.067	37	70	68	0	965.067	0	0
16074	T	T	950.279	37	68	68	0	0	0	950.279
16075	G	G	909.168	37	67	65	0	0	909.168	0
16076	C	C	967.713	37	67	67	0	967.713	0	0
16077	T	T	901.154	37	65	65	0	0	0	901.154
16078	A	A	883.614	37	67	67	883.614	0	0	0
16079	C	C	888.963	37	63	62	0	888.963	0	0
16080	A	A	903.797	37	67	67	903.797	0	0	0
16081	C	C	955.758	37	69	67	0	955.758	0	0
16082	A	A	891.72	37	66	66	891.72	0	0	0
16083	C	C	887.797	37	69	64	0	887.797	0	0
16084	C	C	972.622	37	69	68	0	972.622	0	0
16085	C	C	943.686	37	68	66	0	943.686	0	0
16086	A	A	891.966	37	65	65	891.966	0	0	0
16087	A	A	880.725	37	64	64	880.725	0	0	0
16088	A	A	868.243	37	62	62	868.243	0	0	0
16089	A	A	836.27	37	60	60	836.27	0	0	0
16090	T	T	852.536	37	59	59	0	0	0	852.536
16091	A	A	844.889	37	60	60	844.889	0	0	0
16092	A	A	857.16	37	62	62	857.16	0	0	0
16093	T	T	876.372	37	63	63	0	0	0	876.372
16094	C	C	849.566	37	60	59	0	849.566	0	0
16095	T	T	824.779	37	59	59	0	0	0	824.779
16096	A	A	782.33	37	59	59	782.33	0	0	0
16097	G	G	802.886	37	57	56	0	0	802.886	0
16098	G	G	798.888	37	60	57	0	0	798.888	0
16099	C	C	831.844	37	60	58	0	831.844	0	0
16100	T	T	799.275	37	59	59	0	0	0	799.275
16101	C	C	817.083	37	58	57	0	817.083	0	0
16102	C	C	818.328	37	58	57	0	818.328	0	0
16103	C	C	807.143	37	57	56	0	807.143	0	0
16104	T	T	786.535	37	57	57	0	0	0	786.535
16105	A	A	789.686	37	56	56	789.686	0	0	0
16106	A	A	807.854	37	56	56	807.854	0	0	0
16107	A	A	807.427	37	56	56	807.427	0	0	0
16108	T	T	794.615	37	56	56	0	0	0	794.615
16109	T	T	787.625	37	55	55	0	0	0	787.625
16110	T	T	792.985	37	56	56	0	0	0	792.985
16111	T	T	807.427	37	56	56	0	0	0	807.427
16112	C	C	782.277	37	59	55	0	782.277	0	0
16113	T	T	813.299	37	58	58	0	0	0	813.299
16114	C	C	807.486	37	57	56	0	807.486	0	0
16115	T	T	775.01	37	56	56	0	0	0	775.01
16116	T	T	769.382	37	56	56	0	0	0	769.382
16117	A	A	789.418	37	57	57	789.418	0	0	0
16118	A	A	765.201	37	55	55	765.201	0	0	0
16119	T	T	770.439	37	56	56	0	0	0	770.439
16120	A	A	798.896	37	59	59	798.896	0	0	0
16121	C	C	786.854	37	60	56	0	786.854	0	0
16122	A	A	797.113	37	61	61	797.113	0	0	0
16123	A	A	804.592	37	62	62	804.592	0	0	0
16124	T	T	806.125	37	61	61	0	0	0	806.125
16125	A	A	750.387	37	59	59	750.387	0	0	0
16126	C	C	860.767	37	61	60	0	860.767	0	0
16127	T	T	761.406	37	56	56	0	0	0	761.406
16128	G	G	744.935	37	53	52	0	0	744.935	0
16129	A	A	685.352	37	51	51	685.352	0	0	0
16130	A	A	672.916	37	50	50	672.916	0	0	0
16131	C	C	720.409	37	51	50	0	720.409	0	0
16132	C	C	682.676	35.8902	51	48	0	682.676	0	0
16133	C	C	706.621	35.9091	52	50	0	706.621	0	0
16134	A	A	683.279	35.9091	52	52	683.279	0	0	0
16135	A	A	674.494	35.8902	51	51	674.494	0	0	0
16136	C	C	615.544	35.8504	49	45	0	615.544	0	0
16137	C	C	690.114	35.8294	48	48	0	690.114	0	0
16138	T	T	666.467	35.8294	48	48	0	0	0	666.467
16139	C	C	701.188	35.8707	50	49	0	701.188	0	0
16140	T	T	680.42	35.9091	52	52	0	0	0	680.42
16141	G	G	736.959	35.8902	51	51	0	0	736.959	0
16142	C	C	732.861	35.8902	51	51	0	732.861	0	0
16143	C	C	669.531	35.9091	52	48	0	669.531	0	0
16144	A	A	740.703	35.962	55	55	740.703	0	0	0
16145	A	A	747.098	35.9785	56	56	747.098	0	0	0
16146	A	A	736.489	35.962	55	55	736.489	0	0	0
16147	T	T	735.455	35.9785	56	56	0	0	0	735.455
16148	T	T	760.775	35.9945	57	57	0	0	0	760.775
16149	C	C	700.482	35.0968	54	50	0	700.482	0	0
16150	C	C	762.732	35.0678	53	53	0	762.732	0	0
16151	T	T	733.97	35.0968	54	54	0	0	0	733.97
16152	G	G	793.129	35.1522	56	55	0	0	793.129	0
16153	A	A	791.478	35.1787	57	57	791.478	0	0	0
16154	T	T	785.642	35.1787	57	57	0	0	0	785.642
16155	C	C	767.574	35.1522	56	54	0	767.574	0	0
16156	T	T	762.311	35.1522	56	56	0	0	0	762.311
16157	A	A	820.457	35.2294	59	59	820.457	0	0	0
16158	G	G	750.138	35.2044	58	54	0	0	750.138	0
16159	C	C	812.054	35.2044	58	57	0	812.054	0	0
16160	A	A	771.857	35.1249	55	55	771.857	0	0	0
16161	T	T	799.786	35.2294	59	59	0	0	0	799.786
16162	A	A	792.255	35.2044	58	58	792.255	0	0	0
16163	T	T	804.556	35.2044	58	58	0	0	0	804.556
16164	T	T	803.152	35.2294	59	59	0	0	0	803.152
16165	T	T	802.862	35.2537	60	60	0	0	0	802.862
16166	C	C	847.74	35.2537	60	59	0	847.74	0	0
16167	T	T	790.834	35.2044	58	58	0	0	0	790.834
16168	G	G	820.756	35.2044	58	57	0	0	820.756	0
16169	T	T	813.497	35.2294	59	59	0	0	0	813.497
16170	G	G	785.433	35.2537	60	56	0	0	785.433	0
16171	A	A	810.355	35.2773	61	61	810.355	0	0	0
16172	C	C	862.898	35.2537	60	60	0	862.898	0	0
16173	T	T	802.887	35.2537	60	60	0	0	0	802.887
16174	A	A	818.876	35.2773	61	61	818.876	0	0	0
16175	G	G	848.348	36.0251	59	59	0	0	848.348	0
16176	C	C	817.408	36.01	58	57	0	817.408	0	0
16177	G	G	818.295	36.0251	59	57	0	0	818.295	0
16178	T	T	804.068	37	59	59	0	0	0	804.068
16179	G	G	868.086	37	61	60	0	0	868.086	0
16180	T	T	831.398	37	62	62	0	0	0	831.398
16181	A	A	901.633	37	64	64	901.633	0	0	0
16182	T	T	865.591	37	65	65	0	0	0	865.591
16183	A	A	965.822	37	69	69	965.822	0	0	0
16184	A	A	944.028	37	68	68	944.028	0	0	0
16185	T	T	924.336	37	70	70	0	0	0	924.336
16186	G	G	993.111	37	71	69	0	0	993.111	0
16187	G	G	1003.11	37	71	70	0	0	1003.11	0
16188	C	C	1002.65	37	72	70	0	1002.65	0	0
16189	A	A	1000.57	37	72	72	1000.57	0	0	0
16190	T	T	1011	37	75	75	0	0	0	1011
16191	T	T	1036.1	37	76	76	0	0	0	1036.1
16192	T	T	1026.81	37	74	74	0	0	0	1026.81
16193	A	A	987.7	37	74	74	987.7	0	0	0
16194	T	T	994.362	37	72	72	0	0	0	994.362
16195	G	G	961.703	37	72	68	0	0	961.703	0
16196	G	G	995.763	37	73	70	0	0	995.763	0
16197	T	T	963.411	37	70	70	0	0	0	963.411
16198	A	A	975.791	37	72	72	975.791	0	0	0
16199	A	A	966.213	37	70	70	966.213	0	0	0
16200	A	A	958.899	37	71	71	958.899	0	0	0
16201	A	A	971.042	37	72	72	971.042	0	0	0
16202	A	A	952.742	37	72	72	952.742	0	0	0
16203	T	T	965.472	37	70	70	0	0	0	965.472
16204	A	A	950.034	37	71	71	950.034	0	0	0
16205	C	C	939.221	37	69	66	0	939.221	0	0
16206	C	C	970.451	37	69	68	0	970.451	0	0
16207	T	T	922.191	37	67	67	0	0	0	922.191
16208	C	C	946.825	37	68	66	0	946.825	0	0
16209	T	T	930.052	37	67	67	0	0	0	930.052
16210	A	A	908.111	37	66	66	908.111	0	0	0
16211	T	T	922.212	37	66	66	0	0	0	922.212
16212	A	A	937.048	37	69	69	937.048	0	0	0
16213	C	C	938.223	37	66	65	0	938.223	0	0
16214	G	G	918.412	37	66	64	0	0	918.412	0
16215	G	G	864.226	37	64	61	0	0	864.226	0
16216	T	T	915.426	37	66	66	0	0	0	915.426
16217	C	C	952.068	37	66	66	0	952.068	0	0
16218	T	T	910.001	37	66	66	0	0	0	910.001
16219	T	T	920.164	37	67	67	0	0	0	920.164
16220	C	C	834.11	37	64	60	0	834.11	0	0
16221	A	A	905.272	37	65	65	905.272	0	0	0
16222	C	C	865.729	37	63	61	0	865.729	0	0
16223	C	C	880.329	37	62	61	0	880.329	0	0
16224	T	T	894.716	37	63	63	0	0	0	894.716
16225	G	G	910.273	37	64	63	0	0	910.273	0
16226	T	T	898.5	37	64	64	0	0	0	898.5
16227	G	G	904.051	37	63	63	0	0	904.051	0
16228	A	A	843.071	37	64	64	843.071	0	0	0
16229	T	T	856.576	37	62	62	0	0	0	856.576
16230	T	T	878.101	37	63	63	0	0	0	878.101
16231	A	A	837.895	37	61	61	837.895	0	0	0
16232	C	C	810.653	37	58	57	0	810.653	0	0
16233	C	C	804.405	37	61	57	0	804.405	0	0
16234	A	A	820.884	37	60	60	820.884	0	0	0
16235	A	A	870.309	37	63	63	870.309	0	0	0
16236	A	A	877.214	36.0938	64	64	877.214	0	0	0
16237	A	A	883.083	36.1064	65	65	883.083	0	0	0
16238	G	G	918.726	36.1064	65	64	0	0	918.726	0
16239	C	C	881.654	36.0938	64	62	0	881.654	0	0
16240	A	A	873.712	36.0938	64	64	873.712	0	0	0
16241	C	C	896.206	36.0675	62	62	0	896.206	0	0
16242	A	A	833.469	36.0538	61	61	833.469	0	0	0
16243	C	C	838.351	36.0538	61	59	0	838.351	0	0
16244	G	G	839.65	36.0675	62	59	0	0	839.65	0
16245	T	T	872.061	36.0938	64	64	0	0	0	872.061
16246	A	A	857.476	36.0675	62	62	857.476	0	0	0
16247	G	G	876.045	36.0675	62	61	0	0	876.045	0
16248	A	A	909.622	36.1306	67	67	909.622	0	0	0
16249	G	G	900.302	36.1064	65	63	0	0	900.302	0
16250	G	G	949.489	36.1187	66	66	0	0	949.489	0
16251	C	C	935.875	36.1064	65	65	0	935.875	0	0
16252	A	A	879.991	36.0938	64	64	879.991	0	0	0
16253	C	C	895.845	36.1064	65	63	0	895.845	0	0
16254	C	C	900.638	36.1064	65	63	0	900.638	0	0
16255	T	T	898.297	36.1187	66	66	0	0	0	898.297
16256	A	A	903.218	36.1306	67	67	903.218	0	0	0
16257	T	T	880.253	36.0938	64	64	0	0	0	880.253
16258	T	T	899.113	36.1187	66	66	0	0	0	899.113
16259	G	G	920.817	36.1064	65	64	0	0	920.817	0
16260	C	C	895.81	36.0675	62	62	0	895.81	0	0
16261	A	A	816.999	36.0538	61	61	816.999	0	0	0
16262	G	G	840.289	36.0538	61	59	0	0	840.289	0
16263	G	G	856.073	36.0675	62	60	0	0	856.073	0
16264	A	A	815.716	36.0538	61	61	815.716	0	0	0
16265	T	T	834.232	36.0538	61	61	0	0	0	834.232
16266	C	C	825.167	36.0251	59	58	0	825.167	0	0
16267	C	C	769.692	35.9785	56	54	0	769.692	0	0
16268	A	A	781.021	35.9945	57	57	781.021	0	0	0
16269	T	T	808.122	36.0538	61	61	0	0	0	808.122
16270	A	A	838.87	36.0538	61	61	838.87	0	0	0
16271	G	G	844.797	36.0538	61	59	0	0	844.797	0
16272	T	T	803.372	35.3003	62	62	0	0	0	803.372
16273	A	A	878.327	35.3445	64	64	878.327	0	0	0
16274	C	C	811.443	35.3445	64	59	0	811.443	0	0
16275	T	T	856.957	35.3227	63	63	0	0	0	856.957
16276	T	T	875.624	35.3445	64	64	0	0	0	875.624
16277	G	G	880.373	35.3657	65	62	0	0	880.373	0
16278	C	C	908.676	35.3227	63	63	0	908.676	0	0
16279	T	T	880.453	35.3657	65	65	0	0	0	880.453
16280	G	G	895.616	36.1187	66	63	0	0	895.616	0
16281	C	C	947.313	36.1306	67	66	0	947.313	0	0
16282	C	C	976.523	36.1422	68	68	0	976.523	0	0
16283	G	G	938.643	36.1187	66	65	0	0	938.643	0
16284	T	T	895.101	36.1187	66	66	0	0	0	895.101
16285	A	A	946.164	35.3864	66	66	946.164	0	0	0
16286	C	C	936.343	35.4262	68	66	0	936.343	0	0
16287	T	T	943.051	35.4262	68	68	0	0	0	943.051
16288	C	C	860.652	35.4262	68	63	0	860.652	0	0
16289	C	C	983.429	34.8367	69	68	0	983.429	0	0
16290	T	T	968.823	34.8367	69	69	0	0	0	968.823
16291	A	A	997.638	34.9083	72	72	997.638	0	0	0
16292	A	A	994.049	34.9534	74	74	994.049	0	0	0
16293	A	A	975.916	34.9311	73	73	975.916	0	0	0
16294	A	A	994.914	34.9534	74	74	994.914	0	0	0
16295	C	C	1019.72	34.9083	72	71	0	1019.72	0	0
16296	T	T	994.711	34.9083	72	72	0	0	0	994.711
16297	A	A	974.549	34.885	71	71	974.549	0	0	0
16298	G	G	998.334	34.9083	72	70	0	0	998.334	0
16299	G	G	979.18	34.9083	72	69	0	0	979.18	0
16300	A	A	932.212	34.9083	72	72	932.212	0	0	0
16301	G	G	870.633	34.8367	69	63	0	0	870.633	0
16302	G	G	877.59	35.4262	68	63	0	0	877.59	0
16303	C	C	906.074	35.3445	64	63	0	906.074	0	0
16304	T	T	872.112	35.3003	62	62	0	0	0	872.112
16305	A	A	891.508	35.3445	64	64	891.508	0	0	0
16306	T	T	874.942	35.3445	64	64	0	0	0	874.942
16307	G	G	920.199	35.3864	66	64	0	0	920.199	0
16308	G	G	914.598	35.3657	65	64	0	0	914.598	0
16309	C	C	927.165	35.4066	67	65	0	927.165	0	0
16310	A	A	960.284	35.4454	69	69	960.284	0	0	0
16311	T	T	933.944	35.4454	69	69	0	0	0	933.944
16312	G	G	945.343	35.4262	68	66	0	0	945.343	0
16313	A	A	932.689	35.4641	70	70	932.689	0	0	0
16314	T	T	947.058	36.1422	68	68	0	0	0	947.058
16315	A	A	923.305	36.1422	68	68	923.305	0	0	0
16316	C	C	940.089	36.1064	65	65	0	940.089	0	0
16317	G	G	919.711	36.1306	67	65	0	0	919.711	0
16318	A	A	910.901	36.1187	66	66	910.901	0	0	0
16319	A	A	906.801	36.1306	67	67	906.801	0	0	0
16320	T	T	921.833	37	67	67	0	0	0	921.833
16321	T	T	901.23	37	66	66	0	0	0	901.23
16322	A	A	871.514	37	65	65	871.514	0	0	0
16323	C	C	924.656	37	66	65	0	924.656	0	0
16324	A	A	869.499	37	64	64	869.499	0	0	0
16325	A	A	885.291	37	64	64	885.291	0	0	0
16326	C	C	935.323	37	65	65	0	935.323	0	0
16327	A	A	920.096	37	66	66	920.096	0	0	0
16328	C	C	896.594	37	66	63	0	896.594	0	0
16329	T	T	866.761	37	63	63	0	0	0	866.761
16330	A	A	917.991	37	65	65	917.991	0	0	0
16331	C	C	916.571	37	66	64	0	916.571	0	0
16332	T	T	931.25	37	68	68	0	0	0	931.25
16333	T	T	933.691	37	68	68	0	0	0	933.691
16334	G	G	1013.13	37	70	70	0	0	1013.13	0
16335	G	G	981.772	37	71	69	0	0	981.772	0
16336	T	T	957.415	36.1752	71	71	0	0	0	957.415
16337	C	C	1010.53	36.1752	71	70	0	1010.53	0	0
16338	C	C	1019.8	36.1857	72	71	0	1019.8	0	0
16339	T	T	1006.29	36.1752	71	71	0	0	0	1006.29
16340	T	T	1001.02	36.1752	71	71	0	0	0	1001.02
16341	T	T	991.417	36.1752	71	71	0	0	0	991.417
16342	A	A	959.525	36.1535	69	69	959.525	0	0	0
16343	A	A	953.586	36.1535	69	69	953.586	0	0	0
16344	C	C	951.032	36.1306	67	66	0	951.032	0	0
16345	G	G	938.458	36.1064	65	65	0	0	938.458	0
16346	A	A	879.616	36.1064	65	65	879.616	0	0	0
16347	G	G	916.168	36.1187	66	64	0	0	916.168	0
16348	C	C	950.935	36.1306	67	66	0	950.935	0	0
16349	T	T	906.938	36.1064	65	65	0	0	0	906.938
16350	T	T	887.407	36.1064	65	65	0	0	0	887.407
16351	C	C	921.284	36.0938	64	64	0	921.284	0	0
16352	A	A	857.102	36.1064	65	65	857.102	0	0	0
16353	T	T	879.244	36.0938	64	64	0	0	0	879.244
16354	G	G	841.481	36.0538	61	59	0	0	841.481	0
16355	G	G	835.917	36.0251	59	58	0	0	835.917	0
16356	C	C	819.838	36.01	58	57	0	819.838	0	0
16357	T	T	815.666	36.01	58	58	0	0	0	815.666
16358	T	T	782.152	35.9945	57	57	0	0	0	782.152
16359	A	A	748.922	35.9785	56	55	748.922	0	0	0
16360	C	C	808.178	35.1522	56	56	0	808.178	0	0
16361	C	C	778.701	34.5251	58	55	0	778.701	0	0
16362	C	C	770.155	34.4582	56	54	0	770.155	0	0
16363	C	C	845.201	34.5572	59	59	0	845.201	0	0
16364	T	T	775.271	34.5251	58	58	0	0	0	775.271
16365	T	T	757.165	34.5251	58	58	0	0	0	757.165
16366	C	C	813.434	34.5572	59	57	0	813.434	0	0
16367	A	A	781.576	34.5251	58	58	781.576	0	0	0
16368	T	T	792.2	34.4921	57	57	0	0	0	792.2
16369	A	A	759.093	34.4582	56	56	759.093	0	0	0
16370	A	A	739.484	34.3875	54	54	739.484	0	0	0
16371	T	T	770.255	34.3875	54	54	0	0	0	770.255
16372	A	A	712.707	34.3127	52	52	712.707	0	0	0
16373	C	C	765.968	33.778	54	53	0	765.968	0	0
16374	T	T	747.741	33.8195	55	55	0	0	0	747.741
16375	C	C	774.689	33.8195	55	54	0	774.689	0	0
16376	T	T	735.935	33.8195	55	55	0	0	0	735.935
16377	C	C	785.475	33.86	56	55	0	785.475	0	0
16378	G	G	709.168	33.8195	55	51	0	0	709.168	0
16379	C	C	757.618	34.3875	54	53	0	757.618	0	0
16380	T	T	761.344	34.5251	58	58	0	0	0	761.344
16381	A	A	743.502	35.1787	57	57	743.502	0	0	0
16382	T	T	757.971	36.0251	59	59	0	0	0	757.971
16383	G	G	783.863	36.0251	59	56	0	0	783.863	0
16384	G	G	738.214	35.9945	57	53	0	0	738.214	0
16385	G	G	833.595	36.01	58	58	0	0	833.595	0
16386	G	G	771.625	35.962	55	54	0	0	771.625	0
16387	C	C	761.418	35.9785	56	54	0	761.418	0	0
16388	A	A	767.515	35.9785	56	56	767.515	0	0	0
16389	T	T	786.371	36.01	58	58	0	0	0	786.371
16390	A	A	798.189	36.01	58	58	798.189	0	0	0
16391	A	A	788.829	35.9945	57	57	788.829	0	0	0
16392	T	T	762.625	35.9785	56	56	0	0	0	762.625
16393	T	T	782.559	36.01	58	58	0	0	0	782.559
16394	A	A	803.04	36.01	58	58	803.04	0	0	0
16395	T	T	798.655	35.2294	59	59	0	0	0	798.655
16396	A	A	833.248	34.6485	62	62	833.248	0	0	0
16397	A	A	805.269	34.5884	60	60	805.269	0	0	0
16398	C	C	784.134	34.6188	61	56	0	784.134	0	0
16399	A	A	809.387	34.6188	61	61	809.387	0	0	0
16400	A	A	786.431	34.4921	57	57	786.431	0	0	0
16401	G	G	823.149	35.2537	60	58	0	0	823.149	0
16402	T	T	793.891	35.2294	59	59	0	0	0	793.891
16403	T	T	807.738	35.2537	60	60	0	0	0	807.738
16404	C	C	846.587	35.3227	63	60	0	846.587	0	0
16405	T	T	845.276	35.3657	65	65	0	0	0	845.276
16406	A	A	918.766	35.4066	67	67	918.766	0	0	0
16407	T	T	862.797	35.3657	65	65	0	0	0	862.797
16408	C	C	922.314	35.3445	64	64	0	922.314	0	0
16409	T	T	851.769	35.3003	62	62	0	0	0	851.769
16410	G	G	877.106	35.3003	62	61	0	0	877.106	0
16411	C	C	897.303	35.3227	63	62	0	897.303	0	0
16412	C	C	880.364	35.3003	62	61	0	880.364	0	0
16413	T	T	886.415	35.3227	63	63	0	0	0	886.415
16414	A	A	853.113	35.3227	63	63	853.113	0	0	0
16415	C	C	780.435	35.3003	62	57	0	780.435	0	0
16416	G	G	844.309	35.3445	64	60	0	0	844.309	0
16417	C	C	818.032	36.0397	60	58	0	818.032	0	0
16418	C	C	853.99	36.0538	61	60	0	853.99	0	0
16419	A	A	832.744	36.0675	62	62	832.744	0	0	0
16420	A	A	855.983	36.0675	62	62	855.983	0	0	0
16421	A	A	861.932	36.0809	63	63	861.932	0	0	0
16422	C	C	833.687	36.0809	63	59	0	833.687	0	0
16423	G	G	903.762	36.1064	65	63	0	0	903.762	0
16424	G	G	919.162	36.1422	68	65	0	0	919.162	0
16425	A	A	942.324	36.1306	67	67	942.324	0	0	0
16426	T	T	885.334	37	66	66	0	0	0	885.334
16427	T	T	908.816	37	67	67	0	0	0	908.816
16428	T	T	936.762	37	70	70	0	0	0	936.762
16429	A	A	1004.5	37	72	72	1004.5	0	0	0
16430	A	A	1022.96	37	74	74	1022.96	0	0	0
16431	A	A	991.747	37	73	73	991.747	0	0	0
16432	G	G	958.859	37	72	68	0	0	958.859	0
16433	T	T	991.332	37	73	73	0	0	0	991.332
16434	C	C	1018.18	37	73	71	0	1018.18	0	0
16435	C	C	1034.2	37	74	72	0	1034.2	0	0
16436	C	C	1025.41	37	72	71	0	1025.41	0	0
16437	T	T	983.986	37	71	71	0	0	0	983.986
16438	A	A	969.82	37	71	71	969.82	0	0	0
16439	A	A	985.042	37	71	71	985.042	0	0	0
16440	T	T	981.816	37	70	70	0	0	0	981.816
16441	T	T	956.212	37	69	69	0	0	0	956.212
16442	G	G	945.221	37	70	67	0	0	945.221	0
16443	C	C	932.237	37	69	66	0	932.237	0	0
16444	T	T	976.844	37	69	69	0	0	0	976.844
16445	T	T	943.551	37	68	68	0	0	0	943.551
16446	A	A	902.297	37	67	67	902.297	0	0	0
16447	T	T	946.221	37	68	68	0	0	0	946.221
16448	T	T	917.158	37	67	67	0	0	0	917.158
16449	C	C	915.993	37	66	64	0	915.993	0	0
16450	C	C	921.205	37	65	64	0	921.205	0	0
16451	T	T	890.126	37	64	64	0	0	0	890.126
16452	C	C	866.877	37	61	60	0	866.877	0	0
16453	T	T	872.389	37	61	61	0	0	0	872.389
16454	G	G	844.411	37	60	59	0	0	844.411	0
16455	T	T	844.742	37	61	61	0	0	0	844.742
16456	T	T	800.601	37	59	59	0	0	0	800.601
16457	A	A	742.948	37	56	56	742.948	0	0	0
16458	G	G	755.567	37	55	53	0	0	755.567	0
16459	C	C	764.831	37	54	53	0	764.831	0	0
16460	C	C	741.351	37	54	52	0	741.351	0	0
16461	A	A	781.718	37	57	57	781.718	0	0	0
16462	C	C	745.891	37	57	53	0	745.891	0	0
16463	A	A	798.031	37	57	57	798.031	0	0	0
16464	T	T	774.351	37	59	59	0	0	0	774.351
16465	G	G	776.346	37	57	55	0	0	776.346	0
16466	G	G	845.747	37	60	59	0	0	845.747	0
16467	C	C	820.829	36.0397	60	58	0	820.829	0	0
16468	C	C	834.116	36.0809	63	59	0	834.116	0	0
16469	C	C	883.743	36.0938	64	62	0	883.743	0	0
16470	T	T	839.024	36.0938	64	64	0	0	0	839.024
16471	G	G	862.696	36.0538	61	60	0	0	862.696	0
16472	G	G	832.418	36.0675	62	59	0	0	832.418	0
16473	T	T	832.272	36.0809	63	63	0	0	0	832.272
16474	C	C	891.429	36.1187	66	63	0	891.429	0	0
16475	A	A	958.157	36.1187	66	66	958.157	0	0	0
16476	T	T	888.232	36.1422	68	68	0	0	0	888.232
16477	T	T	928	36.1535	69	69	0	0	0	928
16478	G	G	980.965	36.1535	69	68	0	0	980.965	0
16479	T	T	970.412	36.1535	69	69	0	0	0	970.412
16480	A	A	949.409	36.1645	70	70	949.409	0	0	0
16481	G	G	968.002	36.1752	71	68	0	0	968.002	0
16482	C	C	958.866	36.1645	70	67	0	958.866	0	0
16483	A	A	963.088	36.1535	69	69	963.088	0	0	0
16484	G	G	982.688	36.1422	68	68	0	0	982.688	0
16485	T	T	931.046	36.1306	67	67	0	0	0	931.046
16486	A	A	932.306	36.1306	67	67	932.306	0	0	0
16487	T	T	958.943	36.1422	68	68	0	0	0	958.943
16488	T	T	968.149	36.1645	70	70	0	0	0	968.149
16489	A	A	957.69	36.1535	69	69	957.69	0	0	0
16490	A	A	963.682	36.1645	70	70	963.682	0	0	0
16491	T	T	947.261	36.1645	70	70	0	0	0	947.261
16492	C	C	959.223	36.1535	69	67	0	959.223	0	0
16493	C	C	966.795	36.1422	68	67	0	966.795	0	0
16494	A	A	926.333	36.1306	67	67	926.333	0	0	0
16495	A	A	921.838	36.1306	67	67	921.838	0	0	0
16496	A	A	953.878	36.1422	68	68	953.878	0	0	0
16497	C	C	988.862	35.4824	71	69	0	988.862	0	0
16498	C	C	992.599	35.4641	70	69	0	992.599	0	0
16499	C	C	986.318	35.4824	71	69	0	986.318	0	0
16500	C	C	985.375	35.5002	72	69	0	985.375	0	0
16501	A	A	1025.12	35.5512	75	75	1025.12	0	0	0
16502	T	T	1012.32	35.5512	75	75	0	0	0	1012.32
16503	G	G	1051.87	35.5675	76	74	0	0	1051.87	0
16504	A	A	1029.14	35.5675	76	76	1029.14	0	0	0
16505	A	A	1027.43	35.5512	75	75	1027.43	0	0	0
16506	G	G	1056.2	36.1959	73	73	0	0	1056.2	0
16507	C	C	1035.3	36.2155	75	73	0	1035.3	0	0
16508	T	T	1062.09	36.2432	78	78	0	0	0	1062.09
16509	A	A	1056.93	36.2058	74	74	1056.93	0	0	0
16510	T	T	1035.21	36.2249	76	76	0	0	0	1035.21
16511	A	A	1060.66	36.2249	76	76	1060.66	0	0	0
16512	T	T	1059.63	36.2342	77	77	0	0	0	1059.63
16513	A	A	1035.21	36.2155	75	75	1035.21	0	0	0
16514	G	G	1071.22	36.2249	76	75	0	0	1071.22	0
16515	G	G	1021.09	36.2249	76	72	0	0	1021.09	0
16516	A	A	1027.76	36.2155	75	75	1027.76	0	0	0
16517	G	G	978.33	36.2155	75	70	0	0	978.33	0
16518	C	C	1059.1	36.2249	76	74	0	1059.1	0	0
16519	A	A	1098.02	36.2432	78	78	1098.02	0	0	0
16520	A	A	1127.25	36.2606	80	80	1127.25	0	0	0
16521	C	C	1137.88	36.2606	80	79	0	1137.88	0	0
16522	A	A	1114.62	36.2606	80	80	1114.62	0	0	0
16523	G	G	1121.68	36.2931	84	80	0	0	1121.68	0
16524	C	C	1196.86	36.2931	84	83	0	1196.86	0	0
16525	C	C	1195.72	36.2931	84	83	0	1195.72	0	0
16526	T	T	1150.64	36.2852	83	83	0	0	0	1150.64
16527	T	T	1121.59	36.269	81	81	0	0	0	1121.59
16528	A	A	1079.76	36.269	81	81	1079.76	0	0	0
16529	A	A	1070.02	36.252	79	79	1070.02	0	0	0
16530	T	T	1087.53	36.2432	78	78	0	0	0	1087.53
16531	A	A	1064.95	36.2342	77	77	1064.95	0	0	0
16532	A	A	1025.77	37	76	76	1025.77	0	0	0
16533	T	T	1057.9	37	77	77	0	0	0	1057.9
16534	C	C	1078.05	37	77	75	0	1078.05	0	0
16535	G	G	1107.6	37	77	77	0	0	1107.6	0
16536	C	C	1052.05	37	76	74	0	1052.05	0	0
16537	C	C	1013	37	71	70	0	1013	0	0
16538	C	C	954.934	37	69	67	0	954.934	0	0
16539	A	A	1009.82	37	73	73	1009.82	0	0	0
16540	C	C	1063.01	37	75	74	0	1063.01	0	0
16541	G	G	1078.38	37	77	75	0	0	1078.38	0
16542	G	G	1080.76	37	76	75	0	0	1080.76	0
16543	A	A	1057.26	37	76	76	1057.26	0	0	0
16544	C	C	1036.06	37	75	73	0	1036.06	0	0
16545	T	T	1039.23	37	75	75	0	0	0	1039.23
16546	A	A	1029.47	37	75	75	1029.47	0	0	0
16547	A	A	1039.67	37	75	75	1039.67	0	0	0
16548	C	C	1059.2	37	77	74	0	1059.2	0	0
16549	A	A	1040.72	37	76	76	1040.72	0	0	0
16550	T	T	1023.95	37	74	74	0	0	0	1023.95
16551	C	C	1049.42	37	75	73	0	1049.42	0	0
16552	C	C	1065.81	37	75	74	0	1065.81	0	0
16553	T	T	1035.53	37	75	75	0	0	0	1035.53
16554	C	C	1041.75	37	76	73	0	1041.75	0	0
16555	C	C	1054.98	37	77	74	0	1054.98	0	0
16556	T	T	1046.11	37	76	76	0	0	0	1046.11
16557	T	T	1056.68	37	76	76	0	0	0	1056.68
16558	A	A	993.304	37	73	73	993.304	0	0	0
16559	C	C	1041.21	37	73	72	0	1041.21	0	0
16560	T	T	980.945	37	69	69	0	0	0	980.945
16561	A	A	931.246	37	69	69	931.246	0	0	0
16562	T	T	926.606	37	65	65	0	0	0	926.606
16563	T	T	939.757	37	65	65	0	0	0	939.757
16564	C	C	955.847	37	66	66	0	955.847	0	0
16565	T	T	918.952	37	65	65	0	0	0	918.952
16566	G	G	828.751	37	64	60	0	0	828.751	0
16567	T	T	881.714	37	64	64	0	0	0	881.714
16568	C	C	885.628	37	64	62	0	885.628	0	0
16569	T	T	828.598	37	60	60	0	0	0	828.598
16570	T	T	876.667	37	65	65	0	0	0	876.667
16571	G	G	902.967	37	63	63	0	0	902.967	0
16572	C	C	806.159	37	59	57	0	806.159	0	0
16573	A	A	796.196	37	60	60	796.196	0	0	0
16574	A	A	823.252	37	63	63	823.252	0	0	0
16575	A	A	791.609	37	59	59	791.609	0	0	0
16576	C	C	788.653	37	57	55	0	788.653	0	0
16577	T	T	765.074	37	55	55	0	0	0	765.074
16578	C	C	771.803	37	56	54	0	771.803	0	0
16579	C	C	794.819	37	56	55	0	794.819	0	0
16580	A	A	732.877	37	56	56	732.877	0	0	0
16581	A	A	732.409	37	57	57	732.409	0	0	0
16582	C	C	803.725	37	57	56	0	803.725	0	0
16583	T	T	728.665	37	54	54	0	0	0	728.665
16584	A	A	734.387	37	54	54	734.387	0	0	0
16585	T	T	702.572	37	52	52	0	0	0	702.572
16586	G	G	763.898	37	53	53	0	0	763.898	0
16587	A	A	720.493	37	52	52	720.493	0	0	0
16588	A	A	709.813	37	52	52	709.813	0	0	0
16589	C	C	750.118	37	53	52	0	750.118	0	0
16590	G	G	808.716	37	56	56	0	0	808.716	0
16591	A	A	805.927	37	57	57	805.927	0	0	0
16592	A	A	872.581	37	61	61	872.581	0	0	0
16593	T	T	771.75	37	61	61	0	0	0	771.75
16594	C	C	826.648	37	65	60	0	826.648	0	0
16595	C	C	914.524	37	66	64	0	914.524	0	0
16596	A	A	930.526	37	67	67	930.526	0	0	0
16597	T	T	916.956	37	67	67	0	0	0	916.956
16598	A	A	897.781	37	65	65	897.781	0	0	0
16599	G	G	938.648	37	65	65	0	0	938.648	0
16600	C	C	910.561	37	67	64	0	910.561	0	0
16601	C	C	970.718	37	70	68	0	970.718	0	0
16602	G	G	976.24	37	70	68	0	0	976.24	0
16603	A	A	986.695	37	71	71	986.695	0	0	0
16604	A	A	985.288	37	71	71	985.288	0	0	0
16605	C	C	991.848	36.1752	71	69	0	991.848	0	0
16606	T	T	975.146	36.1645	70	70	0	0	0	975.146
16607	A	A	995.153	36.1857	72	72	995.153	0	0	0
16608	T	T	993.647	36.1857	72	72	0	0	0	993.647
16609	G	G	1007.61	36.1752	71	70	0	0	1007.61	0
16610	A	A	968.31	35.5002	72	72	968.31	0	0	0
16611	T	T	966.292	35.4641	70	70	0	0	0	966.292
16612	C	C	998.482	35.4454	69	69	0	998.482	0	0
16613	C	C	944.946	35.4454	69	66	0	944.946	0	0
16614	T	T	943.837	35.4262	68	68	0	0	0	943.837
16615	C	C	907.34	35.4262	68	65	0	907.34	0	0
16616	G	G	909.948	35.4066	67	64	0	0	909.948	0
16617	C	C	908.952	35.3445	64	63	0	908.952	0	0
16618	G	G	910.275	35.3445	64	63	0	0	910.275	0
16619	C	C	919.992	35.3657	65	64	0	919.992	0	0
16620	G	G	888.525	35.3445	64	62	0	0	888.525	0
16621	A	A	899.75	35.3445	64	64	899.75	0	0	0
16622	G	G	920.508	35.3657	65	64	0	0	920.508	0
16623	G	G	941.316	35.4066	67	66	0	0	941.316	0
16624	C	C	942.122	35.4262	68	66	0	942.122	0	0
16625	C	C	975.756	34.885	71	69	0	975.756	0	0
16626	T	T	956.124	34.9083	72	72	0	0	0	956.124
16627	A	A	1005.12	35.5346	74	74	1005.12	0	0	0
16628	C	C	1015.17	35.5512	75	72	0	1015.17	0	0
16629	A	A	1016.44	35.5675	76	76	1016.44	0	0	0
16630	A	A	992.809	35.5002	72	72	992.809	0	0	0
16631	A	A	974.653	35.4824	71	71	974.653	0	0	0
16632	C	C	1009.97	35.4824	71	70	0	1009.97	0	0
16633	A	A	982.933	36.1857	72	72	982.933	0	0	0
16634	C	C	995.016	36.1857	72	70	0	995.016	0	0
16635	T	T	993.834	36.1857	72	72	0	0	0	993.834
16636	T	T	961.879	36.1535	69	69	0	0	0	961.879
16637	C	C	1002.84	36.1857	72	70	0	1002.84	0	0
16638	T	T	984.225	36.1857	72	72	0	0	0	984.225
16639	C	C	1041.03	36.1857	72	72	0	1041.03	0	0
16640	C	C	1027.31	36.1857	72	71	0	1027.31	0	0
16641	C	C	1010.51	36.1645	70	70	0	1010.51	0	0
16642	A	A	966.098	36.1857	72	72	966.098	0	0	0
16643	C	C	968.713	36.1422	68	67	0	968.713	0	0
16644	T	T	952.057	36.1422	68	68	0	0	0	952.057
16645	T	T	937.681	36.1306	67	67	0	0	0	937.681
16646	A	A	875.588	36.1422	68	68	875.588	0	0	0
16647	T	T	924.861	36.1064	65	65	0	0	0	924.861
16648	G	G	822.795	36.0538	61	58	0	0	822.795	0
16649	G	G	849.3	36.0251	59	59	0	0	849.3	0
16650	C	C	805.91	36.01	58	56	0	805.91	0	0
16651	A	A	822.806	37	58	58	822.806	0	0	0
16652	G	G	865.058	36.0397	60	60	0	0	865.058	0
16653	C	C	837.624	36.0675	62	59	0	837.624	0	0
16654	T	T	836.956	36.0809	63	63	0	0	0	836.956
16655	T	T	839.607	36.0809	63	63	0	0	0	839.607
16656	G	G	904.356	36.0809	63	63	0	0	904.356	0
16657	A	A	830.857	36.0538	61	61	830.857	0	0	0
16658	T	T	831.42	36.0251	59	59	0	0	0	831.42
16659	G	G	813.391	36.0251	59	57	0	0	813.391	0
16660	A	A	827.292	36.0251	59	59	827.292	0	0	0
16661	C	C	813.421	36.01	58	57	0	813.421	0	0
16662	T	T	818.176	36.0251	59	59	0	0	0	818.176
16663	A	A	828.776	36.0251	59	59	828.776	0	0	0
16664	C	C	847.742	36.0397	60	59	0	847.742	0	0
16665	T	T	835.655	36.0397	60	60	0	0	0	835.655
16666	A	A	797.089	36.0397	60	60	797.089	0	0	0
16667	G	G	762.825	36.0251	59	55	0	0	762.825	0
16668	C	C	852.253	36.0397	60	59	0	852.253	0	0
16669	A	A	767.128	35.9785	56	56	767.128	0	0	0
16670	A	A	780.184	35.9945	57	57	780.184	0	0	0
16671	G	G	764.875	35.9785	56	54	0	0	764.875	0
16672	T	T	746.907	37	55	55	0	0	0	746.907
16673	C	C	791.534	37	56	55	0	791.534	0	0
16674	T	T	773.988	37	57	57	0	0	0	773.988
16675	C	C	808.045	37	56	56	0	808.045	0	0
16676	A	A	755.182	37	56	56	755.182	0	0	0
16677	C	C	758.023	37	55	53	0	758.023	0	0
16678	T	T	766.163	37	54	54	0	0	0	766.163
16679	A	A	740.448	37	55	55	740.448	0	0	0
16680	A	A	702.315	37	52	52	702.315	0	0	0
16681	T	T	713.917	37	50	50	0	0	0	713.917
16682	C	C	683.978	37	49	48	0	683.978	0	0
16683	T	T	710.471	37	51	51	0	0	0	710.471
16684	A	A	667.96	37	52	52	667.96	0	0	0
16685	T	T	682.127	37	49	49	0	0	0	682.127
16686	C	C	688.732	37	49	48	0	688.732	0	0
16687	A	A	605.603	37	47	47	605.603	0	0	0
16688	C	C	612.059	37	45	43	0	612.059	0	0
16689	T	T	615.246	37	45	45	0	0	0	615.246
16690	C	C	612.861	37	44	43	0	612.861	0	0
16691	C	C	644.41	37	45	45	0	644.41	0	0
16692	C	C	629.68	37	45	44	0	629.68	0	0
16693	T	T	595.074	37	44	44	0	0	0	595.074
16694	C	C	630.184	37	45	44	0	630.184	0	0
16695	C	C	658.431	37	46	46	0	658.431	0	0
16696	T	T	627.54	37	47	47	0	0	0	627.54
16697	A	A	669.162	37	48	48	669.162	0	0	0
16698	C	C	689.276	37	48	48	0	689.276	0	0
16699	C	C	619.819	37	47	44	0	619.819	0	0
16700	A	A	640.611	37	46	46	640.611	0	0	0
16701	T	T	662.175	37	49	49	0	0	0	662.175
16702	C	C	682.876	37	50	48	0	682.876	0	0
16703	A	A	711.958	37	51	51	711.958	0	0	0
16704	A	A	733.859	35.9091	52	52	733.859	0	0	0
16705	C	C	755.9	35.945	54	53	0	755.9	0	0
16706	C	C	798.406	35.9945	57	56	0	798.406	0	0
16707	T	T	763.203	36.0251	59	59	0	0	0	763.203
16708	T	T	760.282	36.01	58	58	0	0	0	760.282
16709	A	A	857.492	36.0397	60	60	857.492	0	0	0
16710	T	T	805.426	36.0397	60	60	0	0	0	805.426
16711	C	C	837.095	36.0809	63	60	0	837.095	0	0
16712	G	G	896.775	36.0675	62	62	0	0	896.775	0
16713	G	G	921.539	36.1064	65	64	0	0	921.539	0
16714	A	A	899.943	36.1187	66	66	899.943	0	0	0
16715	G	G	917.358	36.1187	66	64	0	0	917.358	0
16716	A	A	881.382	36.1064	65	65	881.382	0	0	0
16717	A	A	858.883	36.0809	63	63	858.883	0	0	0
16718	C	C	864.957	36.0675	62	60	0	864.957	0	0
16719	T	T	879.569	36.0938	64	64	0	0	0	879.569
16720	G	G	919.246	36.1064	65	64	0	0	919.246	0
16721	T	T	872.325	36.0809	63	63	0	0	0	872.325
16722	T	T	865.98	36.0809	63	63	0	0	0	865.98
16723	T	T	853.527	36.0538	61	61	0	0	0	853.527
16724	G	G	882.529	36.0538	61	61	0	0	882.529	0
16725	T	T	874.525	36.0809	63	63	0	0	0	874.525
16726	A	A	900.349	36.0809	63	63	900.349	0	0	0
16727	G	G	905.465	36.1064	65	63	0	0	905.465	0
16728	T	T	872.282	37	64	64	0	0	0	872.282
16729	A	A	888.974	37	64	64	888.974	0	0	0
16730	G	G	980.735	37	68	68	0	0	980.735	0
16731	T	T	941.592	37	69	69	0	0	0	941.592
16732	A	A	905.574	37	66	66	905.574	0	0	0
16733	G	G	976.446	37	70	68	0	0	976.446	0
16734	C	C	890.168	37	68	64	0	890.168	0	0
16735	T	T	916.641	37	66	66	0	0	0	916.641
16736	A	A	932.99	37	68	68	932.99	0	0	0
16737	C	C	954.134	37	70	67	0	954.134	0	0
16738	A	A	940.273	37	70	70	940.273	0	0	0
16739	T	T	943.403	37	69	69	0	0	0	943.403
16740	T	T	923.595	37	68	68	0	0	0	923.595
16741	T	T	919.985	37	67	67	0	0	0	919.985
16742	T	T	938.264	37	67	67	0	0	0	938.264
16743	C	C	910.168	37	67	64	0	910.168	0	0
16744	A	A	951.601	37	71	71	951.601	0	0	0
16745	T	T	954.33	37	71	71	0	0	0	954.33
16746	G	G	930.178	37	72	67	0	0	930.178	0
16747	A	A	891.281	37	68	68	891.281	0	0	0
16748	T	T	890.908	37	64	64	0	0	0	890.908
16749	C	C	924.235	37	65	64	0	924.235	0	0
16750	T	T	895.648	37	65	65	0	0	0	895.648
16751	A	A	880.899	37	66	66	880.899	0	0	0
16752	A	A	885.543	37	65	65	885.543	0	0	0
16753	C	C	917.42	37	65	64	0	917.42	0	0
16754	A	A	896.208	37	67	67	896.208	0	0	0
16755	T	T	850.747	37	62	62	0	0	0	850.747
16756	C	C	848.941	37	64	60	0	848.941	0	0
16757	A	A	875.617	37	64	64	875.617	0	0	0
16758	C	C	867.121	37	64	61	0	867.121	0	0
16759	C	C	932.52	37	67	65	0	932.52	0	0
16760	A	A	910.418	37	65	65	910.418	0	0	0
16761	T	T	895.435	37	67	67	0	0	0	895.435
16762	C	C	910.195	37	67	64	0	910.195	0	0
16763	A	A	875.624	37	66	66	875.624	0	0	0
16764	C	C	951.914	37	67	66	0	951.914	0	0
16765	T	T	921.612	37	67	67	0	0	0	921.612
16766	C	C	881.142	37	61	61	0	881.142	0	0
16767	T	T	845.441	37	62	62	0	0	0	845.441
16768	A	A	884.163	37	64	64	884.163	0	0	0
16769	A	A	874.525	37	63	63	874.525	0	0	0
16770	T	T	853.551	37	63	63	0	0	0	853.551
16771	A	A	896.927	37	64	64	896.927	0	0	0
16772	G	G	925.242	37	65	64	0	0	925.242	0
16773	G	G	899.095	37	64	63	0	0	899.095	0
16774	A	A	933.252	37	68	68	933.252	0	0	0
16775	A	A	899.169	37	67	67	899.169	0	0	0
16776	C	C	951.541	37	66	66	0	951.541	0	0
16777	C	C	893.336	37	65	63	0	893.336	0	0
16778	A	A	851.979	37	64	64	851.979	0	0	0
16779	A	A	875.315	37	66	66	875.315	0	0	0
16780	C	C	881.349	37	62	61	0	881.349	0	0
16781	A	A	836.983	37	63	63	836.983	0	0	0
16782	T	T	837.258	37	60	60	0	0	0	837.258
16783	T	T	829.89	37	60	60	0	0	0	829.89
16784	A	A	812.326	37	60	60	812.326	0	0	0
16785	T	T	807.612	37	59	59	0	0	0	807.612
16786	C	C	836.722	37	58	58	0	836.722	0	0
16787	A	A	843.065	37	60	60	843.065	0	0	0
16788	T	T	819.504	37	60	60	0	0	0	819.504
16789	T	T	838.644	37	64	64	0	0	0	838.644
16790	A	A	901.671	37	65	65	901.671	0	0	0
16791	C	C	924.576	37	66	65	0	924.576	0	0
16792	T	T	878.564	37	65	65	0	0	0	878.564
16793	G	G	922.953	37	64	64	0	0	922.953	0
16794	C	C	844.803	37	63	60	0	844.803	0	0
16795	C	C	906.256	37	65	63	0	906.256	0	0
16796	C	C	892.971	37	63	62	0	892.971	0	0
16797	T	T	889.35	37	65	65	0	0	0	889.35
16798	C	C	921.194	37	65	64	0	921.194	0	0
16799	T	T	861.417	37	64	64	0	0	0	861.417
16800	A	A	835.787	37	63	63	835.787	0	0	0
16801	C	C	855.066	37	61	60	0	855.066	0	0
16802	T	T	831.118	37	59	59	0	0	0	831.118
16803	C	C	865.171	37	60	60	0	865.171	0	0
16804	C	C	823.576	37	58	57	0	823.576	0	0
16805	C	C	819.976	37	58	57	0	819.976	0	0
16806	T	T	823.61	36.0397	60	60	0	0	0	823.61
16807	C	C	814.889	35.3227	63	58	0	814.889	0	0
16808	T	T	848.989	35.3003	62	62	0	0	0	848.989
16809	A	A	830.036	35.2294	59	59	830.036	0	0	0
16810	C	C	813.425	35.2294	59	57	0	813.425	0	0
16811	A	A	802.366	35.2294	59	59	802.366	0	0	0
16812	T	T	833.455	35.2294	59	59	0	0	0	833.455
16813	A	A	852.287	35.2773	61	61	852.287	0	0	0
16814	C	C	832.643	35.3227	63	59	0	832.643	0	0
16815	T	T	850.692	35.3445	64	64	0	0	0	850.692
16816	A	A	841.209	35.3227	63	63	841.209	0	0	0
16817	A	A	819.726	35.3227	63	63	819.726	0	0	0
16818	T	T	857.882	35.3003	62	62	0	0	0	857.882
16819	C	C	832.509	35.2537	60	58	0	832.509	0	0
16820	A	A	805.31	35.2537	60	60	805.31	0	0	0
16821	C	C	815.576	35.2294	59	57	0	815.576	0	0
16822	C	C	822.456	35.2044	58	57	0	822.456	0	0
16823	A	A	807.065	35.2537	60	60	807.065	0	0	0
16824	C	C	782.818	35.2773	61	56	0	782.818	0	0
16825	A	A	813.195	35.2537	60	60	813.195	0	0	0
16826	C	C	848.716	35.2294	59	59	0	848.716	0	0
16827	A	A	783.798	35.2044	58	58	783.798	0	0	0
16828	A	A	775.84	35.2044	58	58	775.84	0	0	0
16829	C	C	808.537	35.1522	56	56	0	808.537	0	0
16830	G	G	763.1	35.0968	54	53	0	0	763.1	0
16831	A	A	717.292	35.0379	52	52	717.292	0	0	0
16832	G	G	746.939	35.0678	53	52	0	0	746.939	0
16833	G	G	728.379	35.0968	54	52	0	0	728.379	0
16834	C	C	718.256	35.962	55	51	0	718.256	0	0
16835	A	A	718.12	35.945	54	54	718.12	0	0	0
16836	A	A	731.631	35.9785	56	56	731.631	0	0	0
16837	G	G	712.776	35.9091	52	50	0	0	712.776	0
16838	T	T	713.55	35.945	54	54	0	0	0	713.55
16839	G	G	698.372	35.8902	51	49	0	0	698.372	0
16840	C	C	707.209	37	50	49	0	707.209	0	0
16841	A	A	673.437	37	50	50	673.437	0	0	0
16842	C	C	646.14	37	48	46	0	646.14	0	0
16843	A	A	709.71	37	52	52	709.71	0	0	0
16844	A	A	701.868	37	52	52	701.868	0	0	0
16845	A	A	713.85	37	53	53	713.85	0	0	0
16846	C	C	632.459	37	50	46	0	632.459	0	0
16847	C	C	695.628	37	51	49	0	695.628	0	0
16848	A	A	722.993	37	52	52	722.993	0	0	0
16849	T	T	699.73	37	52	52	0	0	0	699.73
16850	G	G	727.819	37	51	51	0	0	727.819	0
16851	T	T	711.786	37	52	52	0	0	0	711.786
16852	C	C	725.439	37	52	51	0	725.439	0	0
16853	A	A	718.294	37	51	51	718.294	0	0	0
16854	A	A	720.189	37	51	51	720.189	0	0	0
16855	A	A	717.218	37	52	52	717.218	0	0	0
16856	A	A	722.019	37	51	51	722.019	0	0	0
16857	G	G	736.487	37	51	51	0	0	736.487	0
16858	T	T	726.702	37	52	52	0	0	0	726.702
16859	A	A	724.593	37	53	53	724.593	0	0	0
16860	T	T	716.423	37	52	52	0	0	0	716.423
16861	T	T	732.167	37	53	53	0	0	0	732.167
16862	A	A	750.536	37	55	55	750.536	0	0	0
16863	A	A	752.809	37	55	55	752.809	0	0	0
16864	A	A	799.058	37	57	57	799.058	0	0	0
16865	C	C	828.152	37	59	58	0	828.152	0	0
16866	C	C	822.908	37	60	58	0	822.908	0	0
16867	A	A	812.498	37	60	60	812.498	0	0	0
16868	T	T	773.233	37	60	59	0	0	0	773.233
16869	C	C	824.641	37	61	58	0	824.641	0	0
16870	C	C	869.22	37	63	61	0	869.22	0	0
16871	T	T	818.962	37	60	60	0	0	0	818.962
16872	T	T	805.731	37	59	59	0	0	0	805.731
16873	T	T	779.419	37	56	56	0	0	0	779.419
16874	A	A	730.916	37	53	53	730.916	0	0	0
16875	C	C	752.613	37	52	52	0	752.613	0	0
16876	A	A	740.816	37	54	54	740.816	0	0	0
16877	C	C	760.07	37	55	53	0	760.07	0	0
16878	G	G	763.837	37	54	53	0	0	763.837	0
16879	A	A	785.794	37	57	57	785.794	0	0	0
16880	G	G	794.672	37	55	55	0	0	794.672	0
16881	A	A	772.301	37	54	54	772.301	0	0	0
16882	A	A	800.337	37	56	56	800.337	0	0	0
16883	A	A	791.61	37	57	57	791.61	0	0	0
16884	A	A	785.44	37	56	56	785.44	0	0	0
16885	C	C	787.18	37	57	55	0	787.18	0	0
16886	G	G	835.991	37	59	58	0	0	835.991	0
16887	C	C	827	37	60	58	0	827	0	0
16888	C	C	837.307	37	58	58	0	837.307	0	0
16889	C	C	813.934	37	58	57	0	813.934	0	0
16890	T	T	811.268	37	59	59	0	0	0	811.268
16891	G	G	838.712	37	58	58	0	0	838.712	0
16892	A	A	826.346	37	59	59	826.346	0	0	0
16893	T	T	793.449	37	57	57	0	0	0	793.449
16894	A	A	845.104	37	60	60	845.104	0	0	0
16895	G	G	866.503	37	60	60	0	0	866.503	0
16896	C	C	812.218	37	60	58	0	812.218	0	0
16897	T	T	834.932	37	60	60	0	0	0	834.932
16898	C	C	847.581	37	61	59	0	847.581	0	0
16899	T	T	837.395	37	59	59	0	0	0	837.395
16900	C	C	853.757	37	60	59	0	853.757	0	0
16901	C	C	837.437	37	58	58	0	837.437	0	0
16902	A	A	778.693	37	58	58	778.693	0	0	0
16903	T	T	778.728	37	55	55	0	0	0	778.728
16904	C	C	796.574	37	57	56	0	796.574	0	0
16905	T	T	775.66	37	56	56	0	0	0	775.66
16906	C	C	743.838	37	56	53	0	743.838	0	0
16907	T	T	765.853	37	56	56	0	0	0	765.853
16908	T	T	727.282	37	53	53	0	0	0	727.282
16909	A	A	754.037	35.962	55	55	754.037	0	0	0
16910	C	C	754.694	35.962	55	53	0	754.694	0	0
16911	C	C	787.906	35.9785	56	55	0	787.906	0	0
16912	C	C	748.733	35.962	55	53	0	748.733	0	0
16913	C	C	786.214	35.9785	56	55	0	786.214	0	0
16914	T	T	760.513	35.9785	56	56	0	0	0	760.513
16915	T	T	776.239	35.9945	57	57	0	0	0	776.239
16916	C	C	791.982	35.9785	56	55	0	791.982	0	0
16917	T	T	760.912	35.9785	56	56	0	0	0	760.912
16918	G	G	821.688	35.9945	57	57	0	0	821.688	0
16919	C	C	820.428	36.0538	61	58	0	820.428	0	0
16920	T	T	809.143	36.0538	61	61	0	0	0	809.143
16921	A	A	850.256	36.0397	60	60	850.256	0	0	0
16922	C	C	876.5	36.0675	62	61	0	876.5	0	0
16923	T	T	808.199	36.0397	60	60	0	0	0	808.199
16924	A	A	817.193	36.0251	59	59	817.193	0	0	0
16925	T	T	841.805	36.0538	61	61	0	0	0	841.805
16926	C	C	894.701	36.0675	62	62	0	894.701	0	0
16927	C	C	843.279	36.0397	60	59	0	843.279	0	0
16928	C	C	852.036	36.0251	59	59	0	852.036	0	0
16929	T	T	811.419	36.0251	59	59	0	0	0	811.419
16930	T	T	823.463	36.0397	60	60	0	0	0	823.463
16931	A	A	789.746	36.0251	59	59	789.746	0	0	0
16932	A	A	807.945	36.0397	60	60	807.945	0	0	0
16933	T	T	811.214	36.0675	62	62	0	0	0	811.214
16934	C	C	824.856	36.0397	60	58	0	824.856	0	0
16935	C	C	819.228	36.01	58	57	0	819.228	0	0
16936	C	C	834.041	36.01	58	58	0	834.041	0	0
16937	A	A	785.985	36.01	58	58	785.985	0	0	0
16938	A	A	809.35	36.0397	60	60	809.35	0	0	0
16939	A	A	803.239	36.0251	59	59	803.239	0	0	0
16940	A	A	823.367	36.0538	61	61	823.367	0	0	0
16941	T	T	821.542	36.0538	61	61	0	0	0	821.542
16942	A	A	815.376	36.0251	59	59	815.376	0	0	0
16943	A	A	803.742	36.0251	59	59	803.742	0	0	0
16944	T	T	802.518	36.0251	59	59	0	0	0	802.518
16945	T	T	811.217	36.0251	59	59	0	0	0	811.217
16946	C	C	811.301	36.01	58	57	0	811.301	0	0
16947	T	T	804.394	37	58	58	0	0	0	804.394
16948	A	A	856.028	37	59	59	856.028	0	0	0
16949	G	G	855.429	37	59	59	0	0	855.429	0
16950	G	G	845.192	37	60	59	0	0	845.192	0
16951	A	A	885.051	37	62	62	885.051	0	0	0
16952	C	C	878.296	37	62	61	0	878.296	0	0
16953	C	C	881.468	37	62	61	0	881.468	0	0
16954	T	T	873.403	37	62	62	0	0	0	873.403
16955	A	A	932.108	37	67	67	932.108	0	0	0
16956	T	T	944.898	37	71	71	0	0	0	944.898
16957	T	T	940.215	37	70	70	0	0	0	940.215
16958	T	T	927.113	37	70	70	0	0	0	927.113
16959	A	A	979.006	37	70	70	979.006	0	0	0
16960	C	C	959.215	37	69	67	0	959.215	0	0
16961	T	T	952.06	37	68	68	0	0	0	952.06
16962	G	G	934.216	37	68	66	0	0	934.216	0
16963	T	T	947.61	37	67	67	0	0	0	947.61
16964	A	A	868.187	37	67	67	868.187	0	0	0
16965	A	A	896.494	37	69	69	896.494	0	0	0
16966	A	A	873.009	37	66	66	873.009	0	0	0
16967	T	T	885.784	37	63	63	0	0	0	885.784
16968	A	A	823.443	37	60	60	823.443	0	0	0
16969	T	T	821.574	37	61	61	0	0	0	821.574
16970	A	A	851.066	37	62	62	851.066	0	0	0
16971	G	G	845.389	37	64	61	0	0	845.389	0
16972	T	T	850.645	37	62	62	0	0	0	850.645
16973	T	T	844.393	37	62	62	0	0	0	844.393
16974	T	T	845.433	37	60	60	0	0	0	845.433
16975	A	A	773.053	37	58	58	773.053	0	0	0
16976	A	A	756.407	37	55	55	756.407	0	0	0
16977	C	C	797.014	37	55	55	0	797.014	0	0
16978	A	A	706.39	37	54	54	706.39	0	0	0
16979	A	A	691.764	37	53	53	691.764	0	0	0
16980	A	A	666.445	37	50	50	666.445	0	0	0
16981	A	A	646.183	37	50	50	646.183	0	0	0
16982	A	A	625.658	37	47	47	625.658	0	0	0
16983	C	C	651.116	37	45	45	0	651.116	0	0
16984	A	A	593.407	37	44	44	593.407	0	0	0
16985	T	T	623.233	37	44	44	0	0	0	623.233
16986	T	T	595.99	37	42	42	0	0	0	595.99
16987	A	A	547.13	37	42	42	547.13	0	0	0
16988	G	G	541.919	37	41	39	0	0	541.919	0
16989	A	A	510.592	37	40	40	510.592	0	0	0
16990	T	T	550.804	37	39	39	0	0	0	550.804
16991	T	T	523.895	37	37	37	0	0	0	523.895
16992	G	G	417.327	37	36	31	0	0	417.327	0
16993	T	T	487.472	37	34	34	0	0	0	487.472
16994	G	G	393.245	37	32	29	0	0	393.245	0
16995	A	A	365.695	37	27	27	365.695	0	0	0
16996	A	A	350.319	37	27	27	350.319	0	0	0
16997	T	T	389.154	37	27	27	0	0	0	389.154
16998	C	C	389.153	37	27	27	0	389.153	0	0
16999	T	T	359.974	37	25	25	0	0	0	359.974
17000	A	A	258.436	37	23	23	258.436	0	0	0
17001	A	A	233.966	37	21	21	233.966	0	0	0
17002	T	T	243.256	37	17	17	0	0	0	243.256
17003	A	A	193.584	37	15	15	193.584	0	0	0
17004	A	A	167.578	37	14	14	167.578	0	7.58942e-17	0
17005	T	T	199.486	37	14	14	0	0	0	199.486
17006	A	A	135.093	37	13	13	135.093	5.42101e-19	1.34434e-13	5.42101e-19
17007	A	A	119.733	37	12	12	119.733	1.35525e-17	4.61801e-12	1.35525e-17
17008	A	A	112.43	37	12	12	112.43	1.35525e-17	2.48192e-11	1.35525e-17
17009	A	A	94.9575	37	9	9	94.9575	3.21333e-13	1.38622e-09	3.21316e-13
17010	G	G	93.4204	37	7	7	6.58605e-10	6.5856e-10	93.4204	6.58636e-10
17011	C	C	82.7678	37	6	6	7.65408e-09	82.7678	7.65386e-09	7.65396e-09
17012	C	C	68.1779	37	5	5	2.2023e-07	68.1779	2.20224e-07	2.20227e-07
17013	C	C	68.1779	37	5	5	2.2023e-07	68.1779	2.20224e-07	2.20227e-07
17014	A	A	29.4587	37	5	5	29.4587	2.19981e-07	0.00492181	2.19975e-07
17015	A	A	17.1543	37	3	3	17.1543	0.000183529	0.0840714	0.000181559
17016	G	G	21.7352	37	2	2	0.00971921	0.00971907	21.7352	0.00971931
17017	T	T	10.2493	37	1	1	0.138884	0.138885	0.138885	10.2493
