pos	refBase	base	qual	avgmapq	cov	supp	pa	pc	pg	pt
1	C	C	9.35028	-15.682	1	1	0.171467	9.35028	0.171467	0.171467
2	T	T	16.4797	37	3	3	0.000178264	0.0984317	0.000178298	16.4797
3	T	T	24.268	37	4	4	6.31279e-06	0.0162729	6.31293e-06	24.268
4	T	T	32.4145	37	5	5	2.21442e-07	0.00249103	2.2241e-07	32.4145
5	T	T	51.7149	37	7	7	2.66008e-10	2.92607e-05	2.66019e-10	51.7149
6	T	T	61.5739	37	8	8	9.24517e-12	3.02269e-06	9.24561e-12	61.5739
7	A	A	126.537	37	9	9	126.537	3.21331e-13	3.2132e-13	3.21315e-13
8	T	T	108.018	37	12	12	1.35525e-17	6.85466e-11	1.35525e-17	108.018
9	T	T	135.496	37	15	15	0	1.22515e-13	0	135.496
10	T	T	170.389	37	18	18	0	3.95734e-17	0	170.389
11	A	A	257.846	37	18	18	257.846	0	0	0
12	C	C	274.635	37	20	20	0	274.635	0	0
13	C	C	294.191	37	21	21	0	294.191	0	0
14	G	G	301.615	37	21	21	0	0	301.615	0
15	A	A	345.384	37	24	24	345.384	0	0	0
16	A	A	345.385	37	24	24	345.385	0	0	0
17	A	A	345.348	37	24	24	345.348	0	0	0
18	A	A	345.385	37	24	24	345.385	0	0	0
19	A	A	374.564	37	26	26	374.564	0	0	0
20	G	G	403.743	37	28	28	0	0	403.743	0
21	T	T	390.379	37	31	31	0	0	0	390.379
22	A	A	462.103	37	32	32	462.103	0	0	0
23	C	C	356.094	37	32	27	0	356.094	0	0
24	G	G	476.375	37	33	33	0	0	476.375	0
25	C	C	485.861	37	35	34	0	485.861	0	0
26	A	A	520.463	37	36	36	520.463	0	0	0
27	A	A	520.462	37	36	36	520.462	0	0	0
28	G	G	549.641	37	38	38	0	0	549.641	0
29	A	A	608.001	37	42	42	608.001	0	0	0
30	A	A	604.483	37	42	42	604.483	0	0	0
31	C	C	566.18	37	42	40	0	566.18	0	0
32	T	T	575.133	37	43	43	0	0	0	575.133
33	G	G	649.91	37	45	45	0	0	649.91	0
34	C	C	661.913	37	46	46	0	661.913	0	0
35	T	T	634.927	37	47	47	0	0	0	634.927
36	A	A	721.201	35.8707	50	50	721.201	0	0	0
37	A	A	745.798	35.9273	53	53	745.798	0	0	0
38	T	T	695.483	35.9273	53	53	0	0	0	695.483
39	T	T	721.802	35.1522	56	56	0	0	0	721.802
40	C	C	752.395	35.1787	57	54	0	752.395	0	0
41	A	A	784.907	35.2044	58	58	784.907	0	0	0
42	T	T	760.818	35.1522	56	56	0	0	0	760.818
43	G	G	790.886	33.86	56	55	0	0	790.886	0
44	C	C	752.193	32.9583	58	54	0	752.193	0	0
45	G	G	786.962	32.9124	57	55	0	0	786.962	0
46	T	T	791.841	32.9583	58	58	0	0	0	791.841
47	C	C	816.729	32.9583	58	57	0	816.729	0	0
48	C	C	821.827	32.5407	58	57	0	821.827	0	0
49	A	A	800.231	32.5407	58	58	800.231	0	0	0
50	T	T	808.906	32.5407	58	58	0	0	0	808.906
51	G	G	766.15	32.4422	56	54	0	0	766.15	0
52	C	C	768.01	32.5407	58	55	0	768.01	0	0
53	A	A	748.629	32.5407	58	57	748.629	0	0	0
54	T	T	796.013	32.5407	58	58	0	0	0	796.013
55	A	A	772.614	32.492	57	57	772.614	0	0	0
56	A	A	787.206	32.492	57	57	787.206	0	0	0
57	A	C	738.597	32.0567	56	53	0	738.597	0	0
58	A	A	813.069	32.1088	57	57	813.069	0	0	0
59	T	T	767.743	32.1597	58	58	0	0	0	767.743
60	C	C	728.374	32.6346	60	53	0	728.374	0	0
61	G	G	940.881	32.8517	65	65	0	0	940.881	0
62	T	T	861.52	32.8517	65	65	0	0	0	861.52
63	G	G	926.343	32.8924	66	65	0	0	926.343	0
64	G	G	995.523	33.0095	69	69	0	0	995.523	0
65	C	C	856.131	33.2895	66	62	0	856.131	0	0
66	T	T	917.753	33.2513	65	65	0	0	0	917.753
67	T	T	919.915	33.2513	65	65	0	0	0	919.915
68	T	T	942.396	33.3635	68	68	0	0	0	942.396
69	T	T	952.089	33.3269	67	67	0	0	0	952.089
70	T	T	944.227	33.3269	67	67	0	0	0	944.227
71	C	C	955.086	33.7266	66	66	0	955.086	0	0
72	A	A	883.089	33.7266	66	66	883.089	0	0	0
73	A	A	875.734	33.6913	65	65	875.734	0	0	0
74	C	C	953.939	33.7947	68	67	0	953.939	0	0
75	T	T	913.827	33.7947	68	68	0	0	0	913.827
76	T	T	882.517	33.7266	66	66	0	0	0	882.517
77	T	T	890.576	33.761	67	67	0	0	0	890.576
78	T	T	898.914	33.7947	68	68	0	0	0	898.914
79	A	A	968.758	33.86	70	70	968.758	0	0	0
80	A	A	956.405	33.86	70	70	956.405	0	0	0
81	A	A	986.29	34.3599	71	71	986.29	0	0	0
82	G	G	1025.18	34.3875	72	71	0	0	1025.18	0
83	G	G	982.361	34.9311	73	69	0	0	982.361	0
84	A	A	1018.82	35.5176	73	73	1018.82	0	0	0
85	T	T	980.279	36.1959	73	73	0	0	0	980.279
86	G	G	975.801	36.2058	74	70	0	0	975.801	0
87	G	G	1036.57	36.1959	73	72	0	0	1036.57	0
88	A	A	980.983	36.1959	73	73	980.983	0	0	0
89	A	A	973.929	36.1857	72	72	973.929	0	0	0
90	G	G	1018.56	36.2249	76	72	0	0	1018.56	0
91	T	T	1034.9	36.2249	76	76	0	0	0	1034.9
92	A	A	978.436	36.2058	74	74	978.436	0	0	0
93	A	A	930.698	36.1645	70	70	930.698	0	0	0
94	T	T	966.78	36.1752	71	71	0	0	0	966.78
95	C	C	991.934	36.1752	71	69	0	991.934	0	0
96	C	C	982.764	36.1857	72	69	0	982.764	0	0
97	A	A	910.735	36.1645	70	70	910.735	0	0	0
98	T	T	897.048	36.1064	65	65	0	0	0	897.048
99	T	T	903.054	36.1306	67	67	0	0	0	903.054
100	G	G	896.732	36.1064	65	63	0	0	896.732	0
101	G	G	896.46	36.1064	65	63	0	0	896.46	0
102	T	T	880.379	36.0938	64	64	0	0	0	880.379
103	C	C	906.513	36.0809	63	63	0	906.513	0	0
104	T	T	817.605	36.0397	60	60	0	0	0	817.605
105	T	T	814.509	37	61	61	0	0	0	814.509
106	A	A	855.739	37	61	61	855.739	0	0	0
107	G	G	850.968	37	60	59	0	0	850.968	0
108	G	G	821.161	37	60	58	0	0	821.161	0
109	A	A	867.633	37	62	62	867.633	0	0	0
110	A	A	894.24	37	65	65	894.24	0	0	0
111	C	C	915.456	37	66	64	0	915.456	0	0
112	C	C	895.108	37	66	63	0	895.108	0	0
113	A	A	903.894	37	66	66	903.894	0	0	0
114	A	A	912.553	37	66	66	912.553	0	0	0
115	A	A	892.239	37	64	64	892.239	0	0	0
116	A	A	875.475	37	63	63	875.475	0	0	0
117	A	A	885.944	37	64	64	885.944	0	0	0
118	A	A	877.556	37	63	63	877.556	0	0	0
119	T	T	889.336	37	62	62	0	0	0	889.336
120	T	T	880.657	37	62	62	0	0	0	880.657
121	G	G	882.838	37	61	61	0	0	882.838	0
122	G	G	815.32	37	63	59	0	0	815.32	0
123	T	T	879.354	37	63	63	0	0	0	879.354
124	G	G	877.936	37	64	62	0	0	877.936	0
125	C	C	873.825	37	63	61	0	873.825	0	0
126	A	A	835.718	37	63	63	835.718	0	0	0
127	A	A	841.555	37	61	61	841.555	0	0	0
128	C	C	800.778	37	60	57	0	800.778	0	0
129	T	T	844.969	37	59	59	0	0	0	844.969
130	C	C	825.139	37	58	57	0	825.139	0	0
131	C	C	794.845	37	56	55	0	794.845	0	0
132	A	A	778.231	37	59	59	778.231	0	0	0
133	A	A	804.213	37	61	61	804.213	0	0	0
134	A	A	821.114	37	62	62	821.114	0	0	0
135	T	T	823.171	37	62	62	0	0	0	823.171
136	A	A	792.101	37	59	59	792.101	0	0	0
137	A	A	779.382	37	57	57	779.382	0	0	0
138	A	A	779.325	37	57	57	779.325	0	0	0
139	A	A	760.658	37	57	57	760.658	0	0	0
140	G	G	758.557	37	58	54	0	0	758.557	0
141	T	T	788.949	37	58	58	0	0	0	788.949
142	A	A	762.107	37	55	55	762.107	0	0	0
143	A	A	769.521	37	56	56	769.521	0	0	0
144	T	T	747.827	37	55	55	0	0	0	747.827
145	C	C	791.515	37	56	55	0	791.515	0	0
146	A	A	781.635	37	58	58	781.635	0	0	0
147	A	A	796.582	37	58	58	796.582	0	0	0
148	T	T	770.638	37	56	56	0	0	0	770.638
149	T	T	765.585	37	55	55	0	0	0	765.585
150	T	T	779.302	37	56	56	0	0	0	779.302
151	G	G	780.258	37	54	54	0	0	780.258	0
152	T	T	785.835	35.9945	57	57	0	0	0	785.835
153	T	T	776.74	35.9785	56	56	0	0	0	776.74
154	T	T	763.72	35.9785	56	55	0	0	0	763.72
155	A	A	786.638	36.01	58	58	786.638	0	0	0
156	C	C	738.813	35.9785	56	53	0	738.813	0	0
157	T	T	787.882	35.9945	57	57	0	0	0	787.882
158	T	T	796.765	36.0397	60	60	0	0	0	796.765
159	C	C	752.381	36.0538	61	55	0	752.381	0	0
160	C	C	847.185	36.0397	60	59	0	847.185	0	0
161	T	T	768.498	36.01	58	58	0	0	0	768.498
162	C	C	740.389	35.9785	56	53	0	740.389	0	0
163	T	T	787.392	36.01	58	58	0	0	0	787.392
164	A	A	769.317	35.9945	57	57	769.317	0	0	0
165	T	T	777.394	36.0251	59	59	0	0	0	777.394
166	T	T	792.854	36.0675	62	62	0	0	0	792.854
167	A	A	883.589	35.3657	65	65	883.589	0	0	0
168	T	T	811.381	35.3227	63	63	0	0	0	811.381
169	C	C	778.726	35.3445	64	57	0	778.726	0	0
170	A	A	929.632	35.3864	66	66	929.632	0	0	0
171	T	T	887.165	35.3864	66	66	0	0	0	887.165
172	A	A	909.444	35.3445	64	64	909.444	0	0	0
173	A	A	911.351	35.3445	64	64	911.351	0	0	0
174	C	C	896.193	35.3657	65	63	0	896.193	0	0
175	T	T	934.357	35.4066	67	67	0	0	0	934.357
176	T	T	909.78	35.3657	65	65	0	0	0	909.78
177	T	T	928.246	35.4066	67	67	0	0	0	928.246
178	G	G	951.87	35.4066	67	66	0	0	951.87	0
179	C	C	965.796	35.4262	68	67	0	965.796	0	0
180	T	T	937.039	35.4066	67	67	0	0	0	937.039
181	C	C	995.091	35.4454	69	69	0	995.091	0	0
182	A	A	945.887	35.4066	67	67	945.887	0	0	0
183	T	T	947.556	35.4454	69	69	0	0	0	947.556
184	A	A	959.59	35.4641	70	70	959.59	0	0	0
185	T	T	966.093	35.4641	70	70	0	0	0	966.093
186	T	T	973.512	35.4641	70	70	0	0	0	973.512
187	A	A	962.451	35.4641	70	70	962.451	0	0	0
188	A	A	957.265	35.4641	70	70	957.265	0	0	0
189	C	C	996.156	35.4454	69	69	0	996.156	0	0
190	G	G	942.625	35.4066	67	66	0	0	942.625	0
191	A	A	915.558	35.4454	69	69	915.558	0	0	0
192	T	T	954.455	35.4262	68	68	0	0	0	954.455
193	A	A	882.931	35.3864	66	66	882.931	0	0	0
194	C	C	953.865	35.4066	67	66	0	953.865	0	0
195	C	C	940.812	35.4066	67	66	0	940.812	0	0
196	G	G	851.443	35.3227	63	60	0	0	851.443	0
197	A	A	835.444	35.2773	61	61	835.444	0	0	0
198	T	T	863.628	35.3227	63	63	0	0	0	863.628
199	T	T	876.184	34.76	66	66	0	0	0	876.184
200	A	A	876.891	35.3445	64	64	876.891	0	0	0
201	T	G	859.02	35.3003	62	60	0	0	859.02	0
202	C	C	819.747	35.3864	66	60	0	819.747	0	0
203	C	C	871.961	35.3657	65	62	0	871.961	0	0
204	T	T	883.715	35.3657	65	65	0	0	0	883.715
205	C	C	932.766	35.3864	66	65	0	932.766	0	0
206	A	A	931.281	35.4641	70	70	931.281	0	0	0
207	C	C	1000.86	35.5002	72	70	0	1000.86	0	0
208	C	C	955.523	35.4454	69	67	0	955.523	0	0
209	A	A	915.114	35.4262	68	68	915.114	0	0	0
210	G	G	924.146	35.4262	68	65	0	0	924.146	0
211	C	C	920.011	35.4066	67	65	0	920.011	0	0
212	G	G	932.987	35.3864	66	65	0	0	932.987	0
213	C	C	935.072	34.76	66	65	0	935.072	0	0
214	T	T	885.329	35.3445	64	64	0	0	0	885.329
215	T	T	890.187	35.4066	67	67	0	0	0	890.187
216	C	C	900.618	35.4262	68	64	0	900.618	0	0
217	A	A	1012.53	35.5002	72	72	1012.53	0	0	0
218	A	A	1023.36	35.5176	73	73	1023.36	0	0	0
219	C	C	1005.59	34.9534	74	71	0	1005.59	0	0
220	A	A	1008.03	34.9534	74	74	1008.03	0	0	0
221	C	C	986.55	35.0379	78	72	0	986.55	0	0
222	A	A	1096.8	35.058	79	79	1096.8	0	0	0
223	C	C	1118.59	35.0776	80	78	0	1118.59	0	0
224	A	A	1093.3	35.0379	78	78	1093.3	0	0	0
225	A	A	1078.32	34.9966	76	76	1078.32	0	0	0
226	A	A	1102.27	35.0379	78	78	1102.27	0	0	0
227	A	A	1092.8	35.0379	78	78	1092.8	0	0	0
228	A	A	1132.22	35.0968	81	81	1132.22	0	0	0
229	C	C	1154.44	35.0968	81	80	0	1154.44	0	0
230	A	A	1118.05	35.0968	81	81	1118.05	0	0	0
231	A	A	1118.93	35.0776	80	80	1118.93	0	0	0
232	A	A	1104.24	35.058	79	79	1104.24	0	0	0
233	T	T	1137.8	34.2001	82	82	0	0	0	1137.8
234	C	C	1126.2	34.1224	79	78	0	1126.2	0	0
235	C	C	1129.1	34.0955	78	78	0	1129.1	0	0
236	T	T	1113.2	34.1224	79	79	0	0	0	1113.2
237	A	A	1025.22	34.5412	78	78	1025.22	0	0	0
238	C	C	1048.69	34.4409	74	73	0	1048.69	0	0
239	C	C	1018.72	34.3875	72	71	0	1018.72	0	0
240	C	C	1000.84	34.4145	73	71	0	1000.84	0	0
241	A	A	970.139	34.4145	73	73	970.139	0	0	0
242	C	C	996.569	33.86	70	69	0	996.569	0	0
243	A	A	936.938	33.7947	68	68	936.938	0	0	0
244	A	A	957.502	33.86	70	70	957.502	0	0	0
245	T	T	948.292	33.0469	70	70	0	0	0	948.292
246	A	A	945.044	33.0836	71	71	945.044	0	0	0
247	T	T	967.239	33.0469	70	70	0	0	0	967.239
248	G	G	973.301	33.0095	69	68	0	0	973.301	0
249	T	T	941.242	32.9322	67	67	0	0	0	941.242
250	A	A	863.616	32.8924	66	66	863.616	0	0	0
251	A	A	869.61	32.8517	65	65	869.61	0	0	0
252	A	A	849.902	32.8102	64	64	849.902	0	0	0
253	A	A	842.896	32.3521	62	62	842.896	0	0	0
254	A	A	837.111	32.3977	63	63	837.111	0	0	0
255	C	C	879.198	31.961	61	61	0	879.198	0	0
256	T	T	839.45	31.6417	61	61	0	0	0	839.45
257	A	A	808.368	31.3443	61	61	808.368	0	0	0
258	C	C	840.349	31.0123	60	59	0	840.349	0	0
259	A	A	776.926	30.6939	59	59	776.926	0	0	0
260	G	G	734.748	30.4585	55	52	0	0	734.748	0
261	T	T	775.564	30.03	56	56	0	0	0	775.564
262	C	C	808.829	30.1513	58	57	0	808.829	0	0
263	T	T	754.607	29.9673	55	55	0	0	0	754.607
264	C	C	770.09	29.9673	55	54	0	770.09	0	0
265	T	T	734.579	29.6763	54	54	0	0	0	734.579
266	T	T	746.041	29.3213	55	55	0	0	0	746.041
267	A	A	750.17	28.9385	55	55	750.17	0	0	0
268	T	T	726.451	28.8023	53	53	0	0	0	726.451
269	G	T	712.11	28.5511	52	52	0	0	0	712.11
270	C	C	687.207	28.2103	52	49	0	687.207	0	0
271	T	T	725.252	28.282	53	53	0	0	0	725.252
272	T	G	730.404	28.2613	55	52	0	0	730.404	0
273	T	T	751.397	28.329	56	56	0	0	0	751.397
274	C	C	819.701	28.3953	57	57	0	819.701	0	0
275	A	A	798.462	28.4604	58	58	798.462	0	0	0
276	T	T	788.539	28.5241	59	59	0	0	0	788.539
277	A	A	818.012	28.5867	60	60	818.012	0	0	0
278	A	A	792.072	28.5241	59	59	792.072	0	0	0
279	T	T	794.19	28.4604	58	58	0	0	0	794.19
280	C	C	849.492	28.6822	59	59	0	849.492	0	0
281	A	A	791.118	28.5542	57	57	791.118	0	0	0
282	G	G	770.793	28.5241	59	55	0	0	770.793	0
283	T	T	763.345	28.9385	55	55	0	0	0	763.345
284	A	A	800.53	28.8254	56	56	800.53	0	0	0
285	C	C	802.427	28.8254	56	56	0	802.427	0	0
286	C	C	741.864	28.8254	56	53	0	741.864	0	0
287	A	A	786.99	28.8254	56	56	786.99	0	0	0
288	T	T	803.315	28.7833	58	58	0	0	0	803.315
289	T	T	819.165	28.8463	59	59	0	0	0	819.165
290	C	C	822.849	28.8905	57	57	0	822.849	0	0
291	C	C	787.364	29.069	57	55	0	787.364	0	0
292	C	C	849.082	29.1943	59	59	0	849.082	0	0
293	A	A	785.389	29.3178	58	58	785.389	0	0	0
294	T	T	773.509	29.6531	57	57	0	0	0	773.509
295	A	A	798.632	29.5903	56	56	798.632	0	0	0
296	G	G	801.119	29.6531	57	56	0	0	801.119	0
297	T	T	809.519	29.9487	62	62	0	0	0	809.519
298	A	A	848.1	29.8919	61	61	848.1	0	0	0
299	A	A	845.099	29.8919	61	61	845.099	0	0	0
300	T	T	845.239	29.9487	62	62	0	0	0	845.239
301	A	C	887.507	30.0044	63	62	0	887.507	0	0
302	T	T	858.966	29.834	60	60	0	0	0	858.966
303	T	T	806.594	29.8667	57	57	0	0	0	806.594
304	C	C	803.669	29.7146	58	56	0	803.669	0	0
305	C	C	790.936	29.7749	59	56	0	790.936	0	0
306	T	T	815.133	30.0913	57	57	0	0	0	815.133
307	T	T	821.447	30.1513	58	58	0	0	0	821.447
308	T	T	828.451	30.2101	59	59	0	0	0	828.451
309	A	A	764.345	30.6369	58	58	764.345	0	0	0
310	C	C	819.217	30.8446	57	57	0	819.217	0	0
311	T	T	728.624	31.3182	55	55	0	0	0	728.624
312	C	C	773.131	31.4309	57	55	0	773.131	0	0
313	A	A	774.137	31.4853	58	58	774.137	0	0	0
314	G	G	716.601	32.1597	58	53	0	0	716.601	0
315	G	G	792.052	32.2094	59	56	0	0	792.052	0
316	G	G	785.49	32.9124	57	55	0	0	785.49	0
317	C	C	768.78	33.86	56	54	0	768.78	0	0
318	A	A	744.58	34.4234	55	55	744.58	0	0	0
319	A	A	738.651	35.945	54	54	738.651	0	0	0
320	G	G	733.333	35.9091	52	51	0	0	733.333	0
321	A	A	713.286	35.9091	52	52	713.286	0	0	0
322	A	A	709.464	35.9273	53	53	709.464	0	0	0
323	G	G	762.282	35.9273	53	53	0	0	762.282	0
324	T	T	740.815	35.962	55	55	0	0	0	740.815
325	A	A	737.43	35.962	55	55	737.43	0	0	0
326	A	A	737.289	35.945	54	54	737.289	0	0	0
327	T	T	707.304	37	52	52	0	0	0	707.304
328	T	T	718.445	37	53	53	0	0	0	718.445
329	A	A	696.787	37	52	52	696.787	0	0	0
330	T	T	711.96	37	51	51	0	0	0	711.96
331	T	T	721.224	37	51	51	0	0	0	721.224
332	T	T	722.701	37	51	51	0	0	0	722.701
333	C	C	693.277	37	48	48	0	693.277	0	0
334	A	A	711.086	37	50	50	711.086	0	0	0
335	A	A	718.88	37	50	50	718.88	0	0	0
336	A	A	744.8	35.9091	52	52	744.8	0	0	0
337	C	C	738.044	35.945	54	52	0	738.044	0	0
338	T	T	718.414	35.9785	56	55	0	0	0	718.414
339	G	G	833.233	36.0251	59	58	0	0	833.233	0
340	A	A	839.623	36.0675	62	62	839.623	0	0	0
341	C	C	823.688	35.3227	63	59	0	823.688	0	0
342	A	A	845.626	35.3003	62	62	845.626	0	0	0
343	T	T	819.719	35.3003	62	62	0	0	0	819.719
344	T	T	821.277	35.2773	61	61	0	0	0	821.277
345	G	G	894.021	35.3227	63	62	0	0	894.021	0
346	A	A	873.875	35.2773	61	61	873.875	0	0	0
347	A	A	890.256	35.3003	62	62	890.256	0	0	0
348	T	T	867.848	35.3003	62	62	0	0	0	867.848
349	A	A	873.966	35.3003	62	62	873.966	0	0	0
350	A	A	863.828	35.3003	62	62	863.828	0	0	0
351	C	C	897.403	34.6774	63	62	0	897.403	0	0
352	T	T	897.123	34.7056	64	64	0	0	0	897.123
353	A	A	865.597	34.6774	63	63	865.597	0	0	0
354	T	T	894.924	34.76	66	66	0	0	0	894.924
355	T	T	894.505	34.8118	68	68	0	0	0	894.505
356	C	C	890.436	34.7331	65	63	0	890.436	0	0
357	A	A	894.037	34.7056	64	64	894.037	0	0	0
358	A	A	939.275	34.8118	68	68	939.275	0	0	0
359	A	A	945.012	34.8118	68	68	945.012	0	0	0
360	C	C	941.401	34.7862	67	66	0	941.401	0	0
361	C	C	1007.22	34.885	71	70	0	1007.22	0	0
362	C	C	976.791	34.8367	69	68	0	976.791	0	0
363	T	T	939.289	34.8367	69	69	0	0	0	939.289
364	A	A	937.7	34.8367	69	69	937.7	0	0	0
365	A	A	920.808	34.8118	68	68	920.808	0	0	0
366	A	A	917.595	34.8118	68	68	917.595	0	0	0
367	G	G	979.739	34.8367	69	68	0	0	979.739	0
368	C	C	960.609	35.4454	69	67	0	960.609	0	0
369	T	T	926.438	35.4262	68	68	0	0	0	926.438
370	A	A	929.61	35.4262	68	68	929.61	0	0	0
371	A	A	957.112	35.4641	70	70	957.112	0	0	0
372	C	C	1021.63	35.4824	71	71	0	1021.63	0	0
373	T	T	942.508	35.4454	69	69	0	0	0	942.508
374	C	C	957.283	35.4262	68	67	0	957.283	0	0
375	T	T	925.178	35.4066	67	67	0	0	0	925.178
376	A	A	888.114	35.4066	67	67	888.114	0	0	0
377	A	A	867.819	36.0938	64	64	867.819	0	0	0
378	G	G	872.878	36.0809	63	61	0	0	872.878	0
379	C	C	895.969	36.0675	62	62	0	895.969	0	0
380	T	A	816.52	36.0538	61	61	816.52	0	0	0
381	T	T	835.866	37	59	59	0	0	0	835.866
382	T	T	838.427	37	59	59	0	0	0	838.427
383	A	A	786.84	37	58	58	786.84	0	0	0
384	A	A	800.073	37	58	58	800.073	0	0	0
385	G	G	834.807	37	58	58	0	0	834.807	0
386	C	C	850.238	37	59	59	0	850.238	0	0
387	T	T	796.732	37	59	59	0	0	0	796.732
388	A	A	784.934	37	59	59	784.934	0	0	0
389	G	G	876.333	37	61	61	0	0	876.333	0
390	A	A	819.41	37	58	58	819.41	0	0	0
391	C	C	807.365	37	58	57	0	807.365	0	0
392	T	T	786.01	37	58	58	0	0	0	786.01
393	A	A	822.353	37	59	59	822.353	0	0	0
394	C	C	838.446	37	58	58	0	838.446	0	0
395	T	T	839.083	37	61	61	0	0	0	839.083
396	T	T	852.347	37	62	62	0	0	0	852.347
397	C	C	831.089	36.0809	63	59	0	831.089	0	0
398	T	T	845.38	36.0809	63	63	0	0	0	845.38
399	C	C	886.906	36.1306	67	63	0	886.906	0	0
400	A	A	932.786	36.1306	67	67	932.786	0	0	0
401	G	G	957.917	36.1645	70	67	0	0	957.917	0
402	T	T	922.195	36.1535	69	69	0	0	0	922.195
403	A	A	940.201	36.1535	69	69	940.201	0	0	0
404	A	A	976.893	36.1752	71	71	976.893	0	0	0
405	T	T	959.525	36.1857	72	72	0	0	0	959.525
406	T	T	962.725	36.1752	71	71	0	0	0	962.725
407	T	T	960.608	36.1857	72	72	0	0	0	960.608
408	T	T	973.24	36.1959	73	73	0	0	0	973.24
409	T	T	989.901	36.1857	72	72	0	0	0	989.901
410	A	A	976.683	36.1752	71	71	976.683	0	0	0
411	T	T	967.057	36.1645	70	70	0	0	0	967.057
412	G	G	980.694	36.1422	68	68	0	0	980.694	0
413	C	C	968.612	36.1422	68	67	0	968.612	0	0
414	C	C	934.902	36.1535	69	66	0	934.902	0	0
415	A	A	984.646	36.1959	73	73	984.646	0	0	0
416	G	G	1036.14	36.1959	73	72	0	0	1036.14	0
417	T	T	964.692	36.1857	72	72	0	0	0	964.692
418	A	A	969.865	36.1959	73	73	969.865	0	0	0
419	G	G	957.081	36.1752	71	68	0	0	957.081	0
420	C	C	1050.25	36.1959	73	73	0	1050.25	0	0
421	C	C	971.661	36.1645	70	68	0	971.661	0	0
422	C	C	937.205	36.1752	71	67	0	937.205	0	0
423	T	T	964.567	36.1752	71	71	0	0	0	964.567
424	G	G	1013.95	36.1645	70	70	0	0	1013.95	0
425	T	T	989.948	36.1752	71	71	0	0	0	989.948
426	T	T	1004.31	36.2058	74	74	0	0	0	1004.31
427	C	C	1020.13	36.1959	73	71	0	1020.13	0	0
428	G	G	1055.91	36.2058	74	73	0	0	1055.91	0
429	T	T	1042.83	36.2432	78	78	0	0	0	1042.83
430	C	C	1090.02	36.2432	78	76	0	1090.02	0	0
431	A	A	1129.35	36.2606	80	80	1129.35	0	0	0
432	C	C	1109.33	36.2606	80	78	0	1109.33	0	0
433	A	A	1119.03	37	81	81	1119.03	0	0	0
434	T	T	1129.23	37	80	80	0	0	0	1129.23
435	G	G	1089.21	37	77	76	0	0	1089.21	0
436	A	A	1061.33	37	78	78	1061.33	0	0	0
437	T	T	1106.22	37	78	78	0	0	0	1106.22
438	C	C	1126.69	37	78	78	0	1126.69	0	0
439	G	G	1087.8	37	78	76	0	0	1087.8	0
440	A	A	1025.12	37	77	77	1025.12	0	0	0
441	T	T	1028.29	37	73	73	0	0	0	1028.29
442	C	C	1035.77	37	74	72	0	1035.77	0	0
443	A	A	984.423	37	72	72	984.423	0	0	0
444	T	T	1008.72	37	74	74	0	0	0	1008.72
445	G	G	1014.4	37	74	71	0	0	1014.4	0
446	G	G	1044.38	37	74	73	0	0	1044.38	0
447	A	A	1032.45	37	74	74	1032.45	0	0	0
448	G	G	1040.11	37	73	72	0	0	1040.11	0
449	T	T	1019.54	37	73	73	0	0	0	1019.54
450	T	T	1035.81	37	73	73	0	0	0	1035.81
451	T	T	991.862	37	69	69	0	0	0	991.862
452	T	T	998.126	37	69	69	0	0	0	998.126
453	C	C	927.741	36.1645	70	66	0	927.741	0	0
454	C	C	956.829	36.1645	70	67	0	956.829	0	0
455	A	A	985.63	36.1959	73	73	985.63	0	0	0
456	T	T	970.702	36.1857	72	72	0	0	0	970.702
457	T	T	957.371	36.1857	72	72	0	0	0	957.371
458	T	T	981.019	36.1857	72	72	0	0	0	981.019
459	G	G	938.123	36.1535	69	66	0	0	938.123	0
460	A	A	925.125	36.1422	68	68	925.125	0	0	0
461	T	T	947.933	36.1535	69	69	0	0	0	947.933
462	A	A	933.599	36.1422	68	68	933.599	0	0	0
463	T	T	923.39	35.4262	68	68	0	0	0	923.39
464	A	A	965.622	35.4641	70	70	965.622	0	0	0
465	T	T	948.575	35.4824	71	71	0	0	0	948.575
466	A	A	951.142	35.4454	69	69	951.142	0	0	0
467	C	C	991.154	34.8612	70	69	0	991.154	0	0
468	A	A	923.497	34.8367	69	69	923.497	0	0	0
469	C	C	983.123	34.8367	69	68	0	983.123	0	0
470	A	A	919.185	34.8367	69	69	919.185	0	0	0
471	C	C	978.26	34.8367	69	68	0	978.26	0	0
472	T	T	934.426	34.8118	68	68	0	0	0	934.426
473	G	G	888.85	34.7056	64	62	0	0	888.85	0
474	A	A	859.076	34.7056	64	64	859.076	0	0	0
475	T	T	890.611	34.7331	65	65	0	0	0	890.611
476	C	C	894.957	34.7331	65	63	0	894.957	0	0
477	T	T	895.345	34.7056	64	64	0	0	0	895.345
478	C	C	869.418	34.6774	63	61	0	869.418	0	0
479	A	A	839.578	35.2773	61	61	839.578	0	0	0
480	A	A	857.533	35.3227	63	63	857.533	0	0	0
481	C	C	894.379	34.6774	63	62	0	894.379	0	0
482	A	A	904.28	34.76	66	66	904.28	0	0	0
483	T	T	888.051	34.7862	67	67	0	0	0	888.051
484	C	C	892.158	34.76	66	63	0	892.158	0	0
485	A	A	945.37	34.7862	67	67	945.37	0	0	0
486	A	A	932.091	34.76	66	66	932.091	0	0	0
487	C	C	992.373	34.8367	69	69	0	992.373	0	0
488	C	C	992.506	34.8367	69	69	0	992.506	0	0
489	A	A	996.927	34.885	71	71	996.927	0	0	0
490	T	T	971.859	34.885	71	71	0	0	0	971.859
491	T	A	983.694	34.8612	70	70	983.694	0	0	0
492	T	T	990.459	34.885	71	71	0	0	0	990.459
493	C	C	1019.9	35.5176	73	71	0	1019.9	0	0
494	T	T	996.01	36.1752	71	71	0	0	0	996.01
495	T	T	1014.81	36.1959	73	73	0	0	0	1014.81
496	C	C	1035.68	36.1959	73	72	0	1035.68	0	0
497	A	A	979.232	36.1857	72	72	979.232	0	0	0
498	A	A	956.335	36.1857	72	72	956.335	0	0	0
499	A	A	950.572	36.1959	73	73	950.572	0	0	0
500	T	T	965.628	36.1857	72	72	0	0	0	965.628
501	A	A	968.773	36.1752	71	71	968.773	0	0	0
502	C	C	961.542	36.1752	71	68	0	961.542	0	0
503	C	C	1006.85	36.1645	70	70	0	1006.85	0	0
504	T	T	931.568	36.1645	70	70	0	0	0	931.568
505	A	A	998.926	36.1752	71	71	998.926	0	0	0
506	C	C	1021.14	36.1857	72	71	0	1021.14	0	0
507	T	T	987.304	36.1959	73	73	0	0	0	987.304
508	C	C	1012.56	36.2249	76	72	0	1012.56	0	0
509	A	A	1029.08	36.2249	76	76	1029.08	0	0	0
510	T	T	1037.94	36.2432	78	78	0	0	0	1037.94
511	A	A	1036.62	36.2249	76	76	1036.62	0	0	0
512	T	T	1038.37	36.2342	77	77	0	0	0	1038.37
513	T	T	1026.88	36.2249	76	76	0	0	0	1026.88
514	C	C	1058.83	36.2432	78	75	0	1058.83	0	0
515	C	C	1053.73	36.252	79	75	0	1053.73	0	0
516	T	T	1052.67	36.2432	78	78	0	0	0	1052.67
517	T	T	1067.11	36.252	79	79	0	0	0	1067.11
518	A	A	1081.84	36.252	79	79	1081.84	0	0	0
519	T	T	1098.04	36.252	79	79	0	0	0	1098.04
520	C	C	1138.64	36.2606	80	79	0	1138.64	0	0
521	A	A	1059.51	36.2432	78	78	1059.51	0	0	0
522	C	C	1064.17	36.2432	78	75	0	1064.17	0	0
523	T	T	1069.08	36.2342	77	77	0	0	0	1069.08
524	A	A	988.501	37	73	73	988.501	0	0	0
525	T	T	1038.16	37	74	74	0	0	0	1038.16
526	A	A	1035.81	37	76	76	1035.81	0	0	0
527	A	A	1043.61	37	76	76	1043.61	0	0	0
528	T	T	1041.4	37	77	77	0	0	0	1041.4
529	A	A	1034.2	37	74	74	1034.2	0	0	0
530	A	A	1043.94	37	75	75	1043.94	0	0	0
531	T	T	1025.75	37	74	74	0	0	0	1025.75
532	T	T	1037.59	37	75	75	0	0	0	1037.59
533	C	C	1028.49	37	77	73	0	1028.49	0	0
534	T	T	1044.2	37	76	76	0	0	0	1044.2
535	A	A	1051.63	37	78	78	1051.63	0	0	0
536	G	G	1028.33	37	76	73	0	0	1028.33	0
537	T	T	1056.03	36.2249	76	76	0	0	0	1056.03
538	G	G	1076.87	35.5675	76	75	0	0	1076.87	0
539	A	A	1015.77	35.5675	76	76	1015.77	0	0	0
540	C	C	1047.45	34.9752	75	73	0	1047.45	0	0
541	C	C	1045.09	34.9752	75	73	0	1045.09	0	0
542	G	G	999.256	34.8367	69	69	0	0	999.256	0
543	C	C	1010.7	34.8612	70	70	0	1010.7	0	0
544	A	A	981.326	34.8612	70	70	981.326	0	0	0
545	A	A	1034.55	34.4409	74	74	1034.55	0	0	0
546	A	A	1027.08	33.9528	73	73	1027.08	0	0	0
547	T	T	1000.19	33.9528	73	73	0	0	0	1000.19
548	A	A	1032.85	33.9825	74	74	1032.85	0	0	0
549	A	A	1040.93	33.5997	75	75	1040.93	0	0	0
550	T	T	1053.45	33.6308	76	76	0	0	0	1053.45
551	C	C	1046.05	33.5997	75	73	0	1046.05	0	0
552	T	T	1048.36	33.5997	75	75	0	0	0	1048.36
553	A	A	1047.51	32.9124	76	76	1047.51	0	0	0
554	C	C	1029.89	32.9809	78	73	0	1029.89	0	0
555	T	T	1071.82	33.0142	79	79	0	0	0	1071.82
556	T	T	1091.48	33.0142	79	79	0	0	0	1091.48
557	C	C	1089.82	32.9809	78	76	0	1089.82	0	0
558	A	A	1073.78	32.6998	79	79	1073.78	0	0	0
559	A	A	1084.15	32.7341	80	80	1084.15	0	0	0
560	C	C	1082.65	32.3705	78	76	0	1082.65	0	0
561	T	T	1052.04	32.0947	78	78	0	0	0	1052.04
562	A	A	1028.92	32.018	76	76	1028.92	0	0	0
563	T	T	1057.67	32.0567	77	77	0	0	0	1057.67
564	T	T	1062.28	32.018	76	76	0	0	0	1062.28
565	C	C	988.39	31.8564	72	70	0	988.39	0	0
566	A	C	1003.21	31.5907	72	70	0	1003.21	0	0
567	T	T	1002.02	31.5907	72	72	0	0	0	1002.02
568	C	C	973.039	31.5473	71	68	0	973.039	0	0
569	G	G	996.707	31.4582	69	69	0	0	996.707	0
570	G	G	942.88	31.4582	69	66	0	0	942.88	0
571	C	C	919.074	31.3182	66	64	0	919.074	0	0
572	T	T	959.78	31.3658	67	67	0	0	0	959.78
573	G	G	917.847	31.4124	68	65	0	0	917.847	0
574	A	A	950.592	31.4582	69	69	950.592	0	0	0
575	G	G	944.005	31.9707	68	66	0	0	944.005	0
576	A	A	914.279	32.0567	70	70	914.279	0	0	0
577	A	A	868.571	32.3212	69	68	868.571	0	0	0
578	G	G	888.081	32.6912	70	64	0	0	888.081	0
579	G	G	883.362	32.6912	70	64	0	0	883.362	0
580	A	A	842.802	32.8517	65	65	842.802	0	0	0
581	G	G	889.827	33.6185	63	62	0	0	889.827	0
582	T	T	845.35	33.1723	63	63	0	0	0	845.35
583	A	A	846.986	33.2122	64	64	846.986	0	0	0
584	G	G	756.641	33.0032	59	55	0	0	756.641	0
585	G	G	840.207	33.0469	60	59	0	0	840.207	0
586	G	G	849.736	33.0032	59	59	0	0	849.736	0
587	A	A	812.96	34.0116	60	60	812.96	0	0	0
588	T	T	825.907	34.0116	60	60	0	0	0	825.907
589	C	C	855.49	33.5807	62	60	0	855.49	0	0
590	A	A	811.457	33.5807	62	62	811.457	0	0	0
591	T	T	835.448	33.1315	62	62	0	0	0	835.448
592	A	A	773.897	32.9583	58	58	773.897	0	0	0
593	T	T	805.708	32.2094	59	59	0	0	0	805.708
594	C	C	786.884	31.5907	60	56	0	786.884	0	0
595	T	T	780.245	31.8094	58	58	0	0	0	780.245
596	T	T	796.778	31.861	59	59	0	0	0	796.778
597	T	T	777.973	31.8094	58	58	0	0	0	777.973
598	C	C	725.562	31.3182	55	52	0	725.562	0	0
599	C	C	732.306	31.1391	52	51	0	732.306	0	0
600	T	T	728.665	31.2599	54	54	0	0	0	728.665
601	C	C	777.695	31.3182	55	54	0	777.695	0	0
602	C	C	768.222	31.3182	55	54	0	768.222	0	0
603	T	T	777.806	31.3752	56	56	0	0	0	777.806
604	T	T	781.126	31.3752	56	56	0	0	0	781.126
605	A	A	809.206	30.9017	58	58	809.206	0	0	0
606	T	T	807.268	30.6939	59	59	0	0	0	807.268
607	C	C	820.026	30.6369	58	57	0	820.026	0	0
608	G	G	866.733	30.7497	60	60	0	0	866.733	0
609	G	G	843.564	30.8043	61	59	0	0	843.564	0
610	A	A	865.513	30.9104	63	63	865.513	0	0	0
611	T	T	848.088	30.7179	64	64	0	0	0	848.088
612	G	G	882.987	30.6121	62	61	0	0	882.987	0
613	G	G	911.574	30.4338	63	63	0	0	911.574	0
614	T	T	858.612	30.4338	63	63	0	0	0	858.612
615	G	G	894.76	30.4338	63	62	0	0	894.76	0
616	G	G	892.105	30.4338	63	62	0	0	892.105	0
617	T	T	909.416	30.5905	66	66	0	0	0	909.416
618	A	A	911.768	30.5905	66	66	911.768	0	0	0
619	C	C	921.564	30.3207	65	64	0	921.564	0	0
620	G	G	908.585	30.2677	64	63	0	0	908.585	0
621	G	G	911.141	30.2138	63	63	0	0	911.141	0
622	A	A	865.082	30.2138	63	63	865.082	0	0	0
623	C	C	852.25	30.1587	62	60	0	852.25	0	0
624	G	T	887.789	30.1587	62	62	0	0	0	887.789
625	A	A	827.638	30.0454	60	60	827.638	0	0	0
626	G	G	881.502	30.3207	65	62	0	0	881.502	0
627	C	C	891.882	30.4338	63	62	0	891.882	0	0
628	A	A	903.61	30.7693	65	65	903.61	0	0	0
629	G	T	880.456	30.6408	67	67	0	0	0	880.456
630	A	A	970.962	31.0123	70	70	970.962	0	0	0
631	C	C	902.248	31.0123	70	65	0	902.248	0	0
632	G	G	966.248	31.5032	70	68	0	0	966.248	0
633	C	C	976.723	31.4582	69	68	0	976.723	0	0
634	C	C	965.647	31.4124	68	67	0	965.647	0	0
635	A	A	956.024	31.4124	68	68	956.024	0	0	0
636	A	A	960.312	31.6826	68	68	960.312	0	0	0
637	T	T	965.477	31.9707	68	68	0	0	0	965.477
638	A	A	955.471	32.0141	69	69	955.471	0	0	0
639	C	C	963.012	32.0141	69	67	0	963.012	0	0
640	A	A	939.908	32.0567	70	70	939.908	0	0	0
641	G	G	964.678	32.2793	68	67	0	0	964.678	0
642	C	C	939.986	33.2513	65	65	0	939.986	0	0
643	C	C	902.55	33.6553	64	63	0	902.55	0	0
644	G	G	919.942	33.7266	66	64	0	0	919.942	0
645	C	C	884.203	34.1811	65	63	0	884.203	0	0
646	T	T	913.679	34.2126	66	66	0	0	0	913.679
647	C	C	935.713	34.2126	66	65	0	935.713	0	0
648	T	T	894.407	34.7331	65	65	0	0	0	894.407
649	A	A	876.975	34.7331	65	65	876.975	0	0	0
650	C	C	938.92	34.7331	65	65	0	938.92	0	0
651	A	A	888.657	34.76	66	66	888.657	0	0	0
652	A	A	878.247	34.7331	65	65	878.247	0	0	0
653	G	G	995.055	34.8367	69	69	0	0	995.055	0
654	C	C	913.699	34.8367	69	65	0	913.699	0	0
655	A	A	952.334	34.885	71	71	952.334	0	0	0
656	G	G	928.35	34.8367	69	66	0	0	928.35	0
657	T	T	905.402	34.8367	69	69	0	0	0	905.402
658	C	C	1003.74	34.885	71	70	0	1003.74	0	0
659	C	C	962.526	35.4641	70	68	0	962.526	0	0
660	T	T	965.596	35.5176	73	73	0	0	0	965.596
661	A	A	976.39	36.1645	70	70	976.39	0	0	0
662	T	T	972.1	36.1857	72	72	0	0	0	972.1
663	A	A	975.27	36.1752	71	71	975.27	0	0	0
664	C	C	963.72	36.1752	71	68	0	963.72	0	0
665	A	A	1011.06	36.2058	74	74	1011.06	0	0	0
666	A	A	1008.55	36.1959	73	73	1008.55	0	0	0
667	T	T	1000.98	36.1959	73	73	0	0	0	1000.98
668	C	C	1016.67	36.1959	73	71	0	1016.67	0	0
669	G	G	1070.49	36.2058	74	74	0	0	1070.49	0
670	C	C	1019.5	36.2155	75	72	0	1019.5	0	0
671	A	A	1052.25	36.2155	75	75	1052.25	0	0	0
672	T	T	1005.72	36.1959	73	73	0	0	0	1005.72
673	C	C	1010.19	36.1959	73	71	0	1010.19	0	0
674	G	G	1005.35	36.2058	74	71	0	0	1005.35	0
675	G	G	1035.74	36.2058	74	72	0	0	1035.74	0
676	A	A	1009.79	36.1959	73	73	1009.79	0	0	0
677	G	G	1068.62	36.2155	75	74	0	0	1068.62	0
678	A	A	1047.14	37	76	76	1047.14	0	0	0
679	T	T	1048.11	37	77	77	0	0	0	1048.11
680	G	G	1074.52	37	77	75	0	0	1074.52	0
681	T	T	1047.17	37	79	79	0	0	0	1047.17
682	A	A	1065.52	37	78	78	1065.52	0	0	0
683	G	G	1114.63	37	81	78	0	0	1114.63	0
684	G	G	1194.36	37	84	83	0	0	1194.36	0
685	C	C	1140.54	37	82	80	0	1140.54	0	0
686	T	T	1074.5	37	80	80	0	0	0	1074.5
687	T	T	1087.66	37	80	80	0	0	0	1087.66
688	T	T	1119.61	37	81	81	0	0	0	1119.61
689	A	A	1093.91	37	80	80	1093.91	0	0	0
690	T	T	1131	37	83	83	0	0	0	1131
691	C	C	1177.6	37	84	82	0	1177.6	0	0
692	A	A	1106.85	37	82	82	1106.85	0	0	0
693	T	T	1111.52	37	81	81	0	0	0	1111.52
694	A	A	1103.4	37	82	82	1103.4	0	0	0
695	G	G	1106.12	37	82	78	0	0	1106.12	0
696	C	C	1160.67	37	82	81	0	1160.67	0	0
697	C	C	1143.52	37	82	80	0	1143.52	0	0
698	A	A	1077.13	37	81	81	1077.13	0	0	0
699	T	T	1080.4	37	79	79	0	0	0	1080.4
700	A	A	1029.22	37	78	78	1029.22	0	0	0
701	G	G	1081.2	37	79	76	0	0	1081.2	0
702	C	C	1060.72	37	75	74	0	1060.72	0	0
703	C	C	1055.67	36.1959	73	73	0	1055.67	0	0
704	T	T	1008.17	36.1857	72	72	0	0	0	1008.17
705	G	G	990.695	36.1752	71	69	0	0	990.695	0
706	A	A	957.51	36.1645	70	70	957.51	0	0	0
707	T	T	984.225	36.1857	72	72	0	0	0	984.225
708	T	T	987.346	36.1857	72	72	0	0	0	987.346
709	T	T	951.583	36.1535	69	69	0	0	0	951.583
710	T	T	963.715	36.1645	70	70	0	0	0	963.715
711	T	T	954.514	36.1535	69	69	0	0	0	954.514
712	A	A	905.029	36.1422	68	68	905.029	0	0	0
713	C	C	966.141	36.1645	70	68	0	966.141	0	0
714	T	T	964.012	36.1645	70	70	0	0	0	964.012
715	C	C	969.769	36.1535	69	68	0	969.769	0	0
716	A	A	937.215	35.4262	68	68	937.215	0	0	0
717	A	A	915.276	35.4066	67	67	915.276	0	0	0
718	T	T	947.198	35.4641	70	70	0	0	0	947.198
719	A	A	940.182	35.4262	68	68	940.182	0	0	0
720	C	C	933.77	35.3864	66	65	0	933.77	0	0
721	A	A	928.937	35.4066	67	67	928.937	0	0	0
722	A	A	918.26	35.3864	66	66	918.26	0	0	0
723	A	A	916.03	34.8118	68	68	916.03	0	0	0
724	T	T	953.181	34.3318	70	70	0	0	0	953.181
725	G	G	961.307	34.2735	68	67	0	0	961.307	0
726	C	C	928.091	34.303	69	66	0	928.091	0	0
727	A	C	976.773	34.303	69	68	0	976.773	0	0
728	T	T	914.486	34.303	69	69	0	0	0	914.486
729	G	G	939.139	34.2126	66	65	0	0	939.139	0
730	A	A	947.414	34.7862	67	67	947.414	0	0	0
731	G	G	980.26	34.8367	69	68	0	0	980.26	0
732	A	A	985.575	34.885	71	71	985.575	0	0	0
733	C	C	988.095	34.3599	71	69	0	988.095	0	0
734	T	T	948.86	34.3599	71	71	0	0	0	948.86
735	T	T	984.967	34.4145	73	73	0	0	0	984.967
736	C	C	1004	34.0116	75	71	0	1004	0	0
737	C	C	1080.62	34.0116	75	75	0	1080.62	0	0
738	A	A	1040.33	34.0116	75	75	1040.33	0	0	0
739	A	A	999.89	34.3599	71	71	999.89	0	0	0
740	C	C	1001.96	34.3875	72	70	0	1001.96	0	0
741	A	A	986.976	34.3875	72	72	986.976	0	0	0
742	A	A	1006.94	34.4145	73	73	1006.94	0	0	0
743	A	A	1004.13	34.4145	73	73	1004.13	0	0	0
744	T	T	1000.47	34.3875	72	72	0	0	0	1000.47
745	C	C	1000.74	34.3599	71	70	0	1000.74	0	0
746	T	T	992.713	34.3875	72	72	0	0	0	992.713
747	T	T	1004.55	34.3875	72	72	0	0	0	1004.55
748	T	T	999.62	34.3599	71	71	0	0	0	999.62
749	G	G	943.532	34.3599	71	67	0	0	943.532	0
750	C	C	968.785	34.2735	68	67	0	968.785	0	0
751	A	A	863.102	34.2126	66	66	863.102	0	0	0
752	A	A	836.498	34.1811	65	65	836.498	0	0	0
753	T	T	929.221	34.2735	68	68	0	0	0	929.221
754	T	T	891.595	35.3445	64	64	0	0	0	891.595
755	G	G	818.123	35.3003	62	58	0	0	818.123	0
756	A	A	818.391	34.5884	60	60	818.391	0	0	0
757	A	A	828.393	34.5884	60	60	828.393	0	0	0
758	C	C	828.398	34.6485	62	59	0	828.398	0	0
759	A	A	838.018	34.5884	60	60	838.018	0	0	0
760	T	T	804.497	34.5572	59	59	0	0	0	804.497
761	G	G	838.602	34.5572	59	58	0	0	838.602	0
762	A	A	831.393	33.9752	59	59	831.393	0	0	0
763	A	A	853.553	33.6185	63	63	853.553	0	0	0
764	A	A	863.697	33.6913	65	65	863.697	0	0	0
765	A	A	850.808	33.6553	64	64	850.808	0	0	0
766	C	C	932.339	33.6913	65	65	0	932.339	0	0
767	C	C	948.743	33.7266	66	66	0	948.743	0	0
768	T	T	841.583	33.5807	62	62	0	0	0	841.583
769	T	T	844.7	33.6185	63	63	0	0	0	844.7
770	A	T	866.005	33.7266	66	66	0	0	0	866.005
771	A	A	875.665	34.1811	65	65	875.665	0	0	0
772	C	C	949.684	34.2434	67	66	0	949.684	0	0
773	A	A	903.637	34.2126	66	66	903.637	0	0	0
774	T	T	867.955	34.1811	65	65	0	0	0	867.955
775	T	T	893.807	33.761	67	67	0	0	0	893.807
776	C	C	907.013	33.8277	69	65	0	907.013	0	0
777	C	C	951.638	33.86	70	67	0	951.638	0	0
778	A	A	982.306	34.3318	70	70	982.306	0	0	0
779	C	C	987.618	34.3599	71	69	0	987.618	0	0
780	T	T	980.541	34.3875	72	72	0	0	0	980.541
781	A	A	963.514	34.3318	70	70	963.514	0	0	0
782	G	G	985.757	34.3599	71	69	0	0	985.757	0
783	C	C	996.827	34.3318	70	69	0	996.827	0	0
784	A	A	969.872	34.3599	71	71	969.872	0	0	0
785	G	G	1003.9	34.3599	71	70	0	0	1003.9	0
786	G	G	959.346	34.8367	69	67	0	0	959.346	0
787	A	A	952.941	34.8612	70	70	952.941	0	0	0
788	C	C	981.809	34.885	71	69	0	981.809	0	0
789	T	T	968.246	34.8612	70	70	0	0	0	968.246
790	G	G	939.539	35.4824	71	67	0	0	939.539	0
791	C	C	990.988	36.1645	70	69	0	990.988	0	0
792	T	T	942.415	36.1535	69	69	0	0	0	942.415
793	C	C	943.351	36.1535	69	66	0	943.351	0	0
794	C	C	964.374	36.1422	68	67	0	964.374	0	0
795	T	T	919.912	36.1187	66	66	0	0	0	919.912
796	A	A	915.588	36.1187	66	66	915.588	0	0	0
797	G	G	948.892	36.1306	67	66	0	0	948.892	0
798	C	C	912.623	36.1306	67	64	0	912.623	0	0
799	A	A	906.306	36.1422	68	68	906.306	0	0	0
800	G	G	931.79	36.1422	68	66	0	0	931.79	0
801	C	C	950.352	36.1535	69	67	0	950.352	0	0
802	C	C	899.246	37	67	64	0	899.246	0	0
803	A	A	905.681	37	66	66	905.681	0	0	0
804	C	C	936.631	37	65	65	0	936.631	0	0
805	T	T	873.109	37	64	64	0	0	0	873.109
806	G	G	966.942	37	67	67	0	0	966.942	0
807	G	G	899.988	37	68	64	0	0	899.988	0
808	A	A	928.846	37	67	67	928.846	0	0	0
809	A	A	939.443	37	67	67	939.443	0	0	0
810	A	A	979.616	37	70	70	979.616	0	0	0
811	G	G	954.202	37	69	67	0	0	954.202	0
812	T	T	942.354	37	69	69	0	0	0	942.354
813	C	C	982.042	37	68	68	0	982.042	0	0
814	A	A	933.342	37	67	67	933.342	0	0	0
815	G	G	950.495	37	67	66	0	0	950.495	0
816	C	C	939.616	37	66	65	0	939.616	0	0
817	C	C	982.766	37	68	68	0	982.766	0	0
818	C	C	938.969	37	68	66	0	938.969	0	0
819	A	A	862.347	37	67	67	862.347	0	0	0
820	A	A	855.507	37	67	67	855.507	0	0	0
821	T	T	902.105	37	66	66	0	0	0	902.105
822	T	T	862.455	37	63	63	0	0	0	862.455
823	C	C	820.752	37	63	59	0	820.752	0	0
824	G	G	875.324	37	63	61	0	0	875.324	0
825	G	G	916.151	37	66	64	0	0	916.151	0
826	C	C	848.39	37	67	62	0	848.39	0	0
827	C	C	940.683	37	68	66	0	940.683	0	0
828	T	T	908.521	37	67	67	0	0	0	908.521
829	T	T	907.504	37	67	67	0	0	0	907.504
830	C	C	918.208	37	66	64	0	918.208	0	0
831	A	A	924.964	37	66	66	924.964	0	0	0
832	T	T	922.527	37	67	67	0	0	0	922.527
833	C	C	979.631	37	69	68	0	979.631	0	0
834	C	C	966.916	37	67	67	0	966.916	0	0
835	A	A	980.047	37	70	70	980.047	0	0	0
836	T	T	949.403	37	70	70	0	0	0	949.403
837	G	G	997.023	37	70	69	0	0	997.023	0
838	A	A	1001.52	37	71	71	1001.52	0	0	0
839	C	C	972.392	37	70	68	0	972.392	0	0
840	T	T	993.346	37	72	72	0	0	0	993.346
841	C	C	1009	37	71	70	0	1009	0	0
842	C	C	957.062	37	72	68	0	957.062	0	0
843	C	C	987.593	37	74	70	0	987.593	0	0
844	A	A	994.828	37	72	72	994.828	0	0	0
845	T	T	988.501	37	71	71	0	0	0	988.501
846	C	C	1012.17	37	70	70	0	1012.17	0	0
847	A	A	908.678	37	67	67	908.678	0	0	0
848	G	G	871.856	37	66	62	0	0	871.856	0
849	C	C	918.867	37	65	64	0	918.867	0	0
850	T	T	928.454	37	65	65	0	0	0	928.454
851	A	A	888.663	37	64	64	888.663	0	0	0
852	T	T	872.122	37	62	62	0	0	0	872.122
853	A	A	861.076	37	60	60	861.076	0	0	0
854	G	G	867.286	37	60	60	0	0	867.286	0
855	A	A	846.511	37	62	62	846.511	0	0	0
856	A	A	864.676	36.1064	65	65	864.676	0	0	0
857	G	G	932.967	36.1187	66	65	0	0	932.967	0
858	G	G	894.709	36.1187	66	63	0	0	894.709	0
859	A	A	872.016	36.0938	64	64	872.016	0	0	0
860	C	C	871.277	36.0809	63	61	0	871.277	0	0
861	C	C	859.165	36.0675	62	60	0	859.165	0	0
862	T	T	863.041	36.0809	63	63	0	0	0	863.041
863	A	A	843.699	36.0809	63	63	843.699	0	0	0
864	C	C	884.675	36.0809	63	62	0	884.675	0	0
865	T	T	865.713	36.0675	62	62	0	0	0	865.713
866	C	C	885.639	36.0809	63	62	0	885.639	0	0
867	C	C	838.789	36.0809	63	59	0	838.789	0	0
868	T	T	813.68	36.0251	59	59	0	0	0	813.68
869	G	G	787.318	36.0397	60	56	0	0	787.318	0
870	T	T	814.124	36.0251	59	59	0	0	0	814.124
871	T	T	799.832	36.01	58	58	0	0	0	799.832
872	T	T	783.864	35.9785	56	56	0	0	0	783.864
873	C	C	750.518	35.9273	53	52	0	750.518	0	0
874	A	A	743.715	35.962	55	55	743.715	0	0	0
875	G	G	725.545	35.9273	53	51	0	0	725.545	0
876	C	C	803.584	35.9785	56	56	0	803.584	0	0
877	C	C	760.379	35.945	54	53	0	760.379	0	0
878	C	C	758.193	35.962	55	53	0	758.193	0	0
879	T	T	741.155	35.945	54	54	0	0	0	741.155
880	A	A	726.498	35.945	54	54	726.498	0	0	0
881	C	C	711.738	35.9091	52	50	0	711.738	0	0
882	T	T	700.997	37	52	52	0	0	0	700.997
883	C	C	747.297	37	53	52	0	747.297	0	0
884	C	C	748.324	37	56	53	0	748.324	0	0
885	A	A	746.205	37	56	56	746.205	0	0	0
886	C	C	760.983	37	53	53	0	760.983	0	0
887	T	T	698.04	37	52	52	0	0	0	698.04
888	C	C	747.738	37	53	52	0	747.738	0	0
889	T	T	746.02	37	54	54	0	0	0	746.02
890	A	A	763.074	37	54	54	763.074	0	0	0
891	G	G	752.331	37	56	53	0	0	752.331	0
892	T	T	777.086	37	59	59	0	0	0	777.086
893	A	A	835.59	37	60	60	835.59	0	0	0
894	C	C	819.328	37	61	58	0	819.328	0	0
895	A	A	840.301	37	62	62	840.301	0	0	0
896	A	A	833.391	37	61	61	833.391	0	0	0
897	T	T	826.059	37	61	61	0	0	0	826.059
898	A	A	810.633	37	61	61	810.633	0	0	0
899	G	G	810.753	37	60	57	0	0	810.753	0
900	T	T	835.703	37	62	62	0	0	0	835.703
901	A	A	835.88	37	62	62	835.88	0	0	0
902	G	G	816.533	37	59	57	0	0	816.533	0
903	T	T	802.68	37	60	60	0	0	0	802.68
904	A	A	863.694	37	62	62	863.694	0	0	0
905	G	G	857.388	37	61	60	0	0	857.388	0
906	C	C	875.599	37	62	61	0	875.599	0	0
907	A	A	847.78	37	63	63	847.78	0	0	0
908	G	G	804.015	37	62	58	0	0	804.015	0
909	G	G	890.064	37	63	62	0	0	890.064	0
910	G	G	919.139	37	65	64	0	0	919.139	0
911	G	G	922.87	37	64	64	0	0	922.87	0
912	T	T	858.746	37	65	65	0	0	0	858.746
913	A	A	930.157	37	66	66	930.157	0	0	0
914	T	T	861.926	37	66	66	0	0	0	861.926
915	T	T	883.555	37	67	67	0	0	0	883.555
916	T	T	920.099	37	69	69	0	0	0	920.099
917	C	C	924.318	37	68	65	0	924.318	0	0
918	T	T	956.492	36.1645	70	70	0	0	0	956.492
919	T	T	939.033	36.1645	70	70	0	0	0	939.033
920	C	C	957.022	36.1535	69	67	0	957.022	0	0
921	T	T	924.635	36.1306	67	67	0	0	0	924.635
922	A	A	937.85	35.4262	68	68	937.85	0	0	0
923	A	A	943.205	35.4262	68	68	943.205	0	0	0
924	T	T	960.852	34.8612	70	70	0	0	0	960.852
925	C	C	979.848	34.8367	69	68	0	979.848	0	0
926	C	C	944.167	34.7862	67	66	0	944.167	0	0
927	G	G	971.117	34.7862	67	67	0	0	971.117	0
928	A	T	945.858	34.8118	68	68	0	0	0	945.858
929	T	T	968.608	34.8118	68	68	0	0	0	968.608
930	T	T	964.847	34.8367	69	69	0	0	0	964.847
931	T	T	970.87	34.3318	70	70	0	0	0	970.87
932	T	T	991.608	33.5025	72	72	0	0	0	991.608
933	A	A	955.853	33.5025	72	72	955.853	0	0	0
934	C	C	991.347	33.4345	70	69	0	991.347	0	0
935	C	C	889.859	33.3269	67	63	0	889.859	0	0
936	C	C	911.294	33.3269	67	64	0	911.294	0	0
937	T	T	944.981	33.3635	68	68	0	0	0	944.981
938	C	C	967.198	33.3635	68	67	0	967.198	0	0
939	T	T	924.328	33.2895	66	66	0	0	0	924.328
940	G	G	925.297	33.2513	65	64	0	0	925.297	0
941	A	A	886.454	33.2122	64	64	886.454	0	0	0
942	T	T	902.254	33.2122	64	64	0	0	0	902.254
943	A	A	913.872	33.3269	67	67	913.872	0	0	0
944	G	G	966.948	33.761	67	67	0	0	966.948	0
945	A	A	939.808	33.8277	69	69	939.808	0	0	0
946	A	A	947.988	33.86	70	70	947.988	0	0	0
947	C	C	956.502	33.7947	68	67	0	956.502	0	0
948	A	A	901	33.761	67	67	901	0	0	0
949	C	C	913.445	33.761	67	65	0	913.445	0	0
950	A	A	851.259	34.2126	66	66	851.259	0	0	0
951	A	A	808.76	34.6774	63	63	808.76	0	0	0
952	C	C	883.013	34.7331	65	63	0	883.013	0	0
953	A	A	840.771	34.6774	63	63	840.771	0	0	0
954	A	A	834.906	34.6188	61	61	834.906	0	0	0
955	G	G	833.398	34.5572	59	58	0	0	833.398	0
956	A	A	802.717	34.4582	56	56	802.717	0	0	0
957	C	C	845.492	34.5884	60	59	0	845.492	0	0
958	T	T	841.796	34.6774	63	63	0	0	0	841.796
959	A	A	851.97	34.6774	63	63	851.97	0	0	0
960	T	T	871.299	35.3864	66	66	0	0	0	871.299
961	C	C	847.72	35.4066	67	61	0	847.72	0	0
962	C	C	1000.14	34.885	71	70	0	1000.14	0	0
963	A	A	948.033	34.9083	72	72	948.033	0	0	0
964	A	A	892.366	34.7862	67	67	892.366	0	0	0
965	A	A	887.218	34.7862	67	67	887.218	0	0	0
966	C	C	891.87	34.6774	63	62	0	891.87	0	0
967	A	A	830.18	34.6774	63	63	830.18	0	0	0
968	G	G	799.265	34.6188	61	57	0	0	799.265	0
969	C	C	839.234	34.5251	58	58	0	839.234	0	0
970	C	C	851.595	34.5884	60	59	0	851.595	0	0
971	A	A	806.541	34.5884	60	60	806.541	0	0	0
972	C	C	778.469	34.4921	57	55	0	778.469	0	0
973	T	T	775.85	34.4921	57	57	0	0	0	775.85
974	T	T	772.231	34.5251	58	58	0	0	0	772.231
975	T	T	803.23	33.9752	59	59	0	0	0	803.23
976	A	A	820.386	33.9752	59	59	820.386	0	0	0
977	T	T	814.087	34.0116	60	60	0	0	0	814.087
978	G	G	837.587	33.9378	58	58	0	0	837.587	0
979	C	C	808.44	33.8994	57	56	0	808.44	0	0
980	C	C	809.887	33.8994	57	56	0	809.887	0	0
981	T	T	823.546	34.0116	60	60	0	0	0	823.546
982	A	A	842.766	34.0116	60	60	842.766	0	0	0
983	G	G	881.105	34.0472	61	61	0	0	881.105	0
984	G	G	879.171	34.0472	61	61	0	0	879.171	0
985	C	C	890.994	34.0819	62	62	0	890.994	0	0
986	G	G	845.697	34.0472	61	59	0	0	845.697	0
987	C	A	876.687	34.1157	63	63	876.687	0	0	0
988	A	A	879.049	34.6485	62	62	879.049	0	0	0
989	A	A	881.986	35.3227	63	63	881.986	0	0	0
990	T	T	880.125	35.3227	63	63	0	0	0	880.125
991	A	A	846.528	36.0675	62	62	846.528	0	0	0
992	A	A	836.371	36.0809	63	63	836.371	0	0	0
993	C	C	924.38	36.0938	64	64	0	924.38	0	0
994	C	C	871.016	35.3003	62	61	0	871.016	0	0
995	A	A	835.116	34.7056	64	64	835.116	0	0	0
996	C	C	857.375	34.6485	62	60	0	857.375	0	0
997	C	C	763.366	34.6188	61	55	0	763.366	0	0
998	C	C	833.065	34.5572	59	58	0	833.065	0	0
999	T	T	816.787	34.6485	62	62	0	0	0	816.787
1000	A	A	835.613	34.6188	61	61	835.613	0	0	0
1001	T	T	819.179	34.6188	61	61	0	0	0	819.179
1002	T	T	842.445	34.6485	62	62	0	0	0	842.445
1003	T	T	814.483	34.5884	60	60	0	0	0	814.483
1004	A	A	770.733	34.5251	58	58	770.733	0	0	0
1005	C	C	837.792	34.5251	58	58	0	837.792	0	0
1006	A	A	726.352	34.3127	52	52	726.352	0	0	0
1007	G	G	736.649	34.3127	52	51	0	0	736.649	0
1008	C	C	750.335	34.3506	53	52	0	750.335	0	0
1009	A	A	762.404	33.8195	55	55	762.404	0	0	0
1010	G	G	744.748	33.3343	56	53	0	0	744.748	0
1011	C	C	763.863	33.3779	57	54	0	763.863	0	0
1012	C	C	802.784	33.3779	57	56	0	802.784	0	0
1013	T	T	774.586	33.9378	58	58	0	0	0	774.586
1014	G	G	797.851	33.9378	58	56	0	0	797.851	0
1015	T	T	791.653	33.9378	58	58	0	0	0	791.653
1016	G	G	789.5	33.9752	59	56	0	0	789.5	0
1017	C	C	747.867	34.4582	56	53	0	747.867	0	0
1018	T	T	793.894	34.5572	59	59	0	0	0	793.894
1019	C	C	825.448	34.0116	60	58	0	825.448	0	0
1020	T	T	791.529	34.0472	61	61	0	0	0	791.529
1021	C	C	831.083	34.0472	61	59	0	831.083	0	0
1022	A	A	859.163	34.0472	61	61	859.163	0	0	0
1023	C	C	905.57	34.1157	63	63	0	905.57	0	0
1024	C	C	850.614	34.0819	62	60	0	850.614	0	0
1025	C	C	908.538	33.6553	64	63	0	908.538	0	0
1026	A	A	887.585	33.6185	63	63	887.585	0	0	0
1027	G	G	954.164	33.761	67	66	0	0	954.164	0
1028	A	A	954.64	33.8277	69	68	954.64	0	0	0
1029	A	A	942.873	33.7947	68	68	942.873	0	0	0
1030	T	T	940.319	34.3318	70	70	0	0	0	940.319
1031	G	G	946.443	34.3599	71	67	0	0	946.443	0
1032	A	A	965.029	34.3875	72	72	965.029	0	0	0
1033	C	C	996.531	34.8612	70	69	0	996.531	0	0
1034	A	A	924.514	34.8612	70	70	924.514	0	0	0
1035	T	T	963.025	34.8118	68	68	0	0	0	963.025
1036	C	C	942.127	35.3657	65	65	0	942.127	0	0
1037	A	A	802.735	35.3003	62	62	802.735	0	0	0
1038	A	A	798.139	35.2773	61	61	798.139	0	0	0
1039	A	A	788.519	35.2773	61	60	788.519	0	0	0
1040	A	A	787.766	34.6188	61	61	787.766	0	0	0
1041	A	A	761.844	34.5251	58	58	761.844	0	0	0
1042	G	G	753.847	33.8195	55	53	0	0	753.847	0
1043	A	A	727.938	33.778	54	54	727.938	0	0	0
1044	T	T	762.428	33.8195	55	55	0	0	0	762.428
1045	C	C	817.46	33.8994	57	57	0	817.46	0	0
1046	A	A	732.639	33.8195	55	55	732.639	0	0	0
1047	T	T	752.136	33.3343	56	56	0	0	0	752.136
1048	T	T	730.408	32.8172	55	55	0	0	0	730.408
1049	G	G	715.332	32.8172	55	51	0	0	715.332	0
1050	C	C	723.585	32.3389	54	51	0	723.585	0	0
1051	C	C	748.501	31.8927	53	52	0	748.501	0	0
1052	T	T	720.241	31.2599	54	54	0	0	0	720.241
1053	T	T	734.584	30.7266	55	55	0	0	0	734.584
1054	T	T	726.453	30.7266	55	54	0	0	0	726.453
1055	T	T	742.027	30.7266	55	55	0	0	0	742.027
1056	C	C	789.722	30.7862	56	55	0	789.722	0	0
1057	C	C	780.01	30.6656	54	54	0	780.01	0	0
1058	A	A	807.765	29.6531	57	57	807.765	0	0	0
1059	C	C	784.147	29.4495	57	55	0	784.147	0	0
1060	T	T	782.174	29.5117	58	58	0	0	0	782.174
1061	T	T	803.327	29.4396	60	60	0	0	0	803.327
1062	C	C	901.681	28.9239	63	63	0	901.681	0	0
1063	A	A	844.914	28.7674	63	63	844.914	0	0	0
1064	A	A	887.593	28.446	65	65	887.593	0	0	0
1065	G	G	872.195	28.2688	62	61	0	0	872.195	0
1066	C	C	864.18	28.1452	60	60	0	864.18	0	0
1067	C	C	863.453	28.0702	61	60	0	863.453	0	0
1068	A	A	837.184	27.9437	59	59	837.184	0	0	0
1069	G	G	835.388	27.9437	59	58	0	0	835.388	0
1070	C	C	826.152	27.8122	57	57	0	826.152	0	0
1071	T	T	834.463	27.8099	59	59	0	0	0	834.463
1072	A	A	894.196	27.6842	63	63	894.196	0	0	0
1073	G	G	911.31	27.566	63	63	0	0	911.31	0
1074	G	G	867.958	27.5117	64	61	0	0	867.958	0
1075	A	A	859.33	27.5117	64	64	859.33	0	0	0
1076	C	C	887.667	27.3998	64	62	0	887.667	0	0
1077	T	T	903.555	27.3998	64	64	0	0	0	903.555
1078	A	A	824.434	27.2768	62	62	824.434	0	0	0
1079	A	A	814.425	27.0839	59	59	814.425	0	0	0
1080	T	T	811.282	26.7995	58	58	0	0	0	811.282
1081	A	C	809.394	26.6614	56	56	0	809.394	0	0
1082	A	T	803.772	26.6946	58	58	0	0	0	803.772
1083	T	T	817.661	26.7258	60	60	0	0	0	817.661
1084	C	C	825.47	26.7908	61	58	0	825.47	0	0
1085	G	G	840.498	26.8927	61	59	0	0	840.498	0
1086	T	T	808.196	26.9739	59	59	0	0	0	808.196
1087	A	A	796.926	27.2621	60	60	796.926	0	0	0
1088	A	A	784.902	27.3127	59	59	784.902	0	0	0
1089	C	C	823.142	27.2983	57	57	0	823.142	0	0
1090	A	A	725.827	27.2664	53	53	725.827	0	0	0
1091	A	A	760.636	27.4099	55	55	760.636	0	0	0
1092	T	G	749.139	27.3977	53	52	0	0	749.139	0
1093	T	T	754.532	27.4699	54	54	0	0	0	754.532
1094	G	G	779.191	27.6755	55	54	0	0	779.191	0
1095	G	G	780.656	27.8887	54	54	0	0	780.656	0
1096	A	A	771.373	28.0269	56	56	771.373	0	0	0
1097	A	A	784.648	28.3074	58	58	784.648	0	0	0
1098	T	T	793.993	28.4345	60	60	0	0	0	793.993
1099	T	T	789.536	28.5241	59	59	0	0	0	789.536
1100	A	A	849.336	28.8254	64	64	849.336	0	0	0
1101	A	A	833.394	29.1972	62	62	833.394	0	0	0
1102	T	T	802.143	29.4987	61	61	0	0	0	802.143
1103	C	C	799.911	29.4987	61	57	0	799.911	0	0
1104	A	A	880.626	29.8046	63	63	880.626	0	0	0
1105	G	G	925.041	30.059	64	64	0	0	925.041	0
1106	C	C	869.372	30.1126	65	62	0	869.372	0	0
1107	C	C	950.684	30.1653	66	66	0	950.684	0	0
1108	C	C	865.215	30.6656	63	61	0	865.215	0	0
1109	C	C	848.608	30.3727	66	61	0	848.608	0	0
1110	A	A	915.786	30.5905	66	66	915.786	0	0	0
1111	C	C	953.351	30.5905	66	66	0	953.351	0	0
1112	C	C	899.257	30.487	64	63	0	899.257	0	0
1113	T	T	867.294	30.3795	62	62	0	0	0	867.294
1114	A	A	878.998	30.4338	63	63	878.998	0	0	0
1115	G	G	894.654	30.3795	62	62	0	0	894.654	0
1116	C	C	907.864	30.7179	64	63	0	907.864	0	0
1117	A	A	901.793	30.7179	64	64	901.793	0	0	0
1118	T	T	905.289	30.8198	66	66	0	0	0	905.289
1119	T	T	906.973	31.1581	68	68	0	0	0	906.973
1120	C	C	905.046	31.4582	69	65	0	905.046	0	0
1121	C	C	973.958	31.7711	70	68	0	973.958	0	0
1122	T	T	951.153	31.8142	71	71	0	0	0	951.153
1123	T	T	950.684	32.0984	71	71	0	0	0	950.684
1124	C	C	1011.01	32.0567	70	70	0	1011.01	0	0
1125	A	A	972.824	32.0567	70	70	972.824	0	0	0
1126	T	T	985.45	32.0141	69	69	0	0	0	985.45
1127	A	A	948.305	32.0141	69	69	948.305	0	0	0
1128	T	T	953.415	31.8814	66	66	0	0	0	953.415
1129	C	C	970.078	31.6826	68	67	0	970.078	0	0
1130	T	G	974.449	32.0567	70	68	0	0	974.449	0
1131	G	G	963.168	32.0567	70	68	0	0	963.168	0
1132	C	C	1009.07	32.0567	70	70	0	1009.07	0	0
1133	A	A	948.946	32.3212	69	69	948.946	0	0	0
1134	C	C	950.342	32.9322	67	66	0	950.342	0	0
1135	A	A	898.623	32.9322	67	67	898.623	0	0	0
1136	C	C	943.476	33.3635	68	66	0	943.476	0	0
1137	A	A	932.044	33.8277	69	69	932.044	0	0	0
1138	C	C	959.674	33.8277	69	67	0	959.674	0	0
1139	G	G	927.137	34.1488	64	64	0	0	927.137	0
1140	C	C	936.939	34.1811	65	65	0	936.939	0	0
1141	A	A	902.467	34.1488	64	64	902.467	0	0	0
1142	T	T	907.058	34.1811	65	65	0	0	0	907.058
1143	T	T	936.368	34.303	69	69	0	0	0	936.368
1144	T	T	948.606	34.303	69	69	0	0	0	948.606
1145	T	T	975.417	34.3875	72	72	0	0	0	975.417
1146	T	T	943.711	34.3318	70	70	0	0	0	943.711
1147	C	C	937.715	33.7947	68	66	0	937.715	0	0
1148	A	A	946.155	33.8277	69	69	946.155	0	0	0
1149	A	A	968.769	33.0469	70	70	968.769	0	0	0
1150	G	G	1020.83	33.1196	72	71	0	0	1020.83	0
1151	G	G	1004.99	33.1196	72	70	0	0	1004.99	0
1152	C	C	988.381	32.7298	71	69	0	988.381	0	0
1153	C	C	966.096	32.7298	71	68	0	966.096	0	0
1154	A	A	946.703	33.0095	69	69	946.703	0	0	0
1155	T	T	953.393	32.9713	68	68	0	0	0	953.393
1156	A	A	956.053	33.0095	69	69	956.053	0	0	0
1157	C	C	966.646	32.9322	67	67	0	966.646	0	0
1158	T	T	938.57	32.9322	67	67	0	0	0	938.57
1159	A	A	898.356	32.9322	67	67	898.356	0	0	0
1160	T	T	925.622	33.2895	66	66	0	0	0	925.622
1161	T	T	937.837	33.2895	66	66	0	0	0	937.837
1162	T	T	922.238	33.2513	65	65	0	0	0	922.238
1163	A	A	856.359	33.1315	62	62	856.359	0	0	0
1164	T	T	859.763	33.0897	61	61	0	0	0	859.763
1165	A	A	840.35	33.1315	62	62	840.35	0	0	0
1166	T	T	849.446	33.0897	61	61	0	0	0	849.446
1167	G	G	841.272	33.0897	61	59	0	0	841.272	0
1168	C	C	880.972	33.0897	61	61	0	880.972	0	0
1169	T	T	843.811	33.0897	61	61	0	0	0	843.811
1170	C	C	826.745	33.0032	59	58	0	826.745	0	0
1171	C	C	832.244	33.462	59	58	0	832.244	0	0
1172	G	G	829.531	33.5025	60	58	0	0	829.531	0
1173	G	G	818.311	33.4205	58	57	0	0	818.311	0
1174	G	G	795.35	33.4205	58	56	0	0	795.35	0
1175	T	T	781.976	33.3779	57	57	0	0	0	781.976
1176	C	A	733.717	33.3343	56	56	733.717	0	0	0
1177	C	C	795.499	34.4234	55	55	0	795.499	0	0
1178	A	A	712.109	34.3127	52	52	712.109	0	0	0
1179	T	T	719.35	34.2735	51	51	0	0	0	719.35
1180	T	T	730.938	34.3506	53	53	0	0	0	730.938
1181	A	A	723.472	35.0379	52	52	723.472	0	0	0
1182	T	T	691.833	34.9752	50	50	0	0	0	691.833
1183	C	C	704.083	34.9752	50	49	0	704.083	0	0
1184	C	C	700.552	35.0071	51	49	0	700.552	0	0
1185	A	A	728.928	35.0379	52	52	728.928	0	0	0
1186	C	C	735.157	35.0379	52	51	0	735.157	0	0
1187	A	A	776.919	35.1249	55	55	776.919	0	0	0
1188	G	G	743.012	35.0968	54	52	0	0	743.012	0
1189	C	C	782.107	35.2044	58	55	0	782.107	0	0
1190	T	T	759.234	35.9945	57	57	0	0	0	759.234
1191	T	T	764.916	35.9945	57	57	0	0	0	764.916
1192	A	A	764.22	36.0251	59	59	764.22	0	0	0
1193	A	A	739.16	35.9945	57	57	739.16	0	0	0
1194	A	A	743.659	35.962	55	55	743.659	0	0	0
1195	T	T	761.228	37	57	57	0	0	0	761.228
1196	G	G	777.637	37	59	56	0	0	777.637	0
1197	A	A	836.943	37	60	60	836.943	0	0	0
1198	T	T	766.177	37	60	60	0	0	0	766.177
1199	G	G	863.693	37	61	60	0	0	863.693	0
1200	A	A	818.995	37	60	60	818.995	0	0	0
1201	A	A	838.496	37	61	61	838.496	0	0	0
1202	C	C	824.188	37	61	58	0	824.188	0	0
1203	A	A	859.334	37	62	62	859.334	0	0	0
1204	A	A	865.979	37	62	62	865.979	0	0	0
1205	G	G	880.39	37	62	61	0	0	880.39	0
1206	A	A	894.164	37	65	65	894.164	0	0	0
1207	C	C	888.585	37	68	63	0	888.585	0	0
1208	A	A	932.207	37	66	66	932.207	0	0	0
1209	T	T	903.816	37	68	68	0	0	0	903.816
1210	C	C	891.125	37	68	64	0	891.125	0	0
1211	C	C	934.918	37	66	65	0	934.918	0	0
1212	G	G	975.26	37	70	68	0	0	975.26	0
1213	A	A	1014.76	37	73	73	1014.76	0	0	0
1214	A	A	989.62	37	72	72	989.62	0	0	0
1215	A	A	1002.77	37	73	73	1002.77	0	0	0
1216	A	A	1000.1	37	73	73	1000.1	0	0	0
1217	A	A	1003.77	37	74	74	1003.77	0	0	0
1218	T	T	1039.74	37	77	77	0	0	0	1039.74
1219	A	A	1001.81	37	74	74	1001.81	0	0	0
1220	G	G	1019.57	37	75	72	0	0	1019.57	0
1221	G	G	1104.57	37	78	77	0	0	1104.57	0
1222	A	A	1012.34	37	74	74	1012.34	0	0	0
1223	G	G	974.727	37	72	69	0	0	974.727	0
1224	G	G	1005.57	37	71	70	0	0	1005.57	0
1225	C	C	983.672	36.1535	69	68	0	983.672	0	0
1226	C	C	1011.34	36.1752	71	70	0	1011.34	0	0
1227	T	T	997.003	36.1857	72	72	0	0	0	997.003
1228	A	A	957.02	36.1645	70	70	957.02	0	0	0
1229	T	T	955.974	36.1422	68	68	0	0	0	955.974
1230	T	T	964.672	36.1422	68	68	0	0	0	964.672
1231	C	C	969.08	36.1306	67	67	0	969.08	0	0
1232	A	A	888.353	36.1064	65	65	888.353	0	0	0
1233	A	A	909.901	36.1306	67	67	909.901	0	0	0
1234	A	A	914.258	36.1306	67	67	914.258	0	0	0
1235	G	G	978.761	36.1422	68	68	0	0	978.761	0
1236	C	C	983.807	36.1645	70	69	0	983.807	0	0
1237	C	C	894.915	35.3864	66	63	0	894.915	0	0
1238	C	C	903.301	35.4066	67	64	0	903.301	0	0
1239	T	T	940.283	35.5002	72	72	0	0	0	940.283
1240	G	G	964.589	35.4641	70	68	0	0	964.589	0
1241	C	C	879.531	35.4641	70	64	0	879.531	0	0
1242	C	C	958.281	35.4454	69	67	0	958.281	0	0
1243	G	G	946.253	35.4262	68	66	0	0	946.253	0
1244	C	C	969.47	36.1306	67	67	0	969.47	0	0
1245	T	T	896.925	36.0809	63	63	0	0	0	896.925
1246	T	T	888.64	36.0809	63	63	0	0	0	888.64
1247	A	A	850.301	36.0809	63	63	850.301	0	0	0
1248	C	C	871.683	36.0675	62	61	0	871.683	0	0
1249	C	C	866.105	36.0809	63	61	0	866.105	0	0
1250	A	A	845.046	35.3445	64	64	845.046	0	0	0
1251	C	C	893.464	35.3227	63	62	0	893.464	0	0
1252	T	T	837.126	35.3003	62	62	0	0	0	837.126
1253	A	A	819.043	35.3003	62	62	819.043	0	0	0
1254	C	C	843.153	35.3227	63	60	0	843.153	0	0
1255	C	C	877.788	35.3003	62	61	0	877.788	0	0
1256	G	G	821.928	35.2773	61	58	0	0	821.928	0
1257	C	C	793.745	35.2294	59	56	0	793.745	0	0
1258	A	A	784.17	35.1787	57	57	784.17	0	0	0
1259	T	T	816.644	35.2537	60	60	0	0	0	816.644
1260	T	T	825.444	35.3003	62	62	0	0	0	825.444
1261	A	A	838	35.2537	60	60	838	0	0	0
1262	A	A	860.63	34.6188	61	61	860.63	0	0	0
1263	T	T	821.123	34.6485	62	62	0	0	0	821.123
1264	T	T	851.088	34.6774	63	63	0	0	0	851.088
1265	A	A	889.686	34.6774	63	63	889.686	0	0	0
1266	T	T	852.704	34.6774	63	63	0	0	0	852.704
1267	C	C	922.022	34.7331	65	64	0	922.022	0	0
1268	G	G	916.665	34.8118	68	65	0	0	916.665	0
1269	G	G	963.135	34.8118	68	67	0	0	963.135	0
1270	A	A	917.125	34.8612	70	70	917.125	0	0	0
1271	G	G	964.077	34.8612	70	68	0	0	964.077	0
1272	T	T	970.588	34.4409	74	74	0	0	0	970.588
1273	C	C	961.197	33.5679	74	69	0	961.197	0	0
1274	C	C	952.44	33.9528	73	68	0	952.44	0	0
1275	T	T	928.494	33.8916	71	71	0	0	0	928.494
1276	A	A	990.67	33.8916	71	71	990.67	0	0	0
1277	G	G	963.583	33.9225	72	68	0	0	963.583	0
1278	C	C	1019.81	33.9528	73	71	0	1019.81	0	0
1279	A	A	1000.03	33.9528	73	73	1000.03	0	0	0
1280	C	C	1020.11	33.9528	73	71	0	1020.11	0	0
1281	T	T	1011.01	34.0116	75	75	0	0	0	1011.01
1282	C	C	1048.32	33.9825	74	73	0	1048.32	0	0
1283	A	A	1024.6	33.9528	73	73	1024.6	0	0	0
1284	C	C	973.779	33.9225	72	69	0	973.779	0	0
1285	A	A	1031.68	33.9825	74	74	1031.68	0	0	0
1286	G	G	1066.1	34.0116	75	74	0	0	1066.1	0
1287	G	G	1083.31	34.0116	75	75	0	0	1083.31	0
1288	T	T	1044.91	34.0401	76	76	0	0	0	1044.91
1289	A	A	1029.51	34.0116	75	75	1029.51	0	0	0
1290	T	T	1040.24	34.0116	75	75	0	0	0	1040.24
1291	A	A	1007.48	33.9528	73	73	1007.48	0	0	0
1292	C	C	1003.18	33.8916	71	70	0	1003.18	0	0
1293	C	C	1040.46	33.9225	72	72	0	1040.46	0	0
1294	T	T	1005.05	33.8916	71	71	0	0	0	1005.05
1295	T	T	979.113	33.86	70	70	0	0	0	979.113
1296	T	T	990.078	33.86	70	70	0	0	0	990.078
1297	C	C	987.413	33.86	70	69	0	987.413	0	0
1298	C	C	1010.98	33.86	70	70	0	1010.98	0	0
1299	T	T	963.407	33.86	70	70	0	0	0	963.407
1300	A	A	938.024	33.8277	69	69	938.024	0	0	0
1301	A	A	958.075	33.86	70	70	958.075	0	0	0
1302	C	C	1000.26	33.8916	71	70	0	1000.26	0	0
1303	A	G	998.166	33.9225	72	70	0	0	998.166	0
1304	G	G	1034.93	33.9225	72	72	0	0	1034.93	0
1305	G	G	913.633	34.303	69	65	0	0	913.633	0
1306	A	A	919.278	34.3318	70	70	919.278	0	0	0
1307	T	T	913.203	34.76	66	66	0	0	0	913.203
1308	T	T	904.435	34.7331	65	65	0	0	0	904.435
1309	C	C	937.685	34.76	66	65	0	937.685	0	0
1310	T	T	899.126	36.1535	69	69	0	0	0	899.126
1311	A	A	966.842	36.1752	71	71	966.842	0	0	0
1312	C	C	883.806	36.1306	67	63	0	883.806	0	0
1313	T	T	894.561	36.1306	67	67	0	0	0	894.561
1314	C	C	888.106	36.1306	67	63	0	888.106	0	0
1315	T	T	952.395	36.1422	68	68	0	0	0	952.395
1316	A	A	910.881	36.1306	67	67	910.881	0	0	0
1317	A	A	901.194	36.1064	65	65	901.194	0	0	0
1318	A	A	925.411	36.1306	67	67	925.411	0	0	0
1319	G	G	952.037	36.1187	66	66	0	0	952.037	0
1320	A	A	896.786	37	63	63	896.786	0	0	0
1321	C	C	911.577	37	63	63	0	911.577	0	0
1322	C	C	886.2	37	63	62	0	886.2	0	0
1323	T	T	908.774	37	64	64	0	0	0	908.774
1324	A	A	894.919	37	64	64	894.919	0	0	0
1325	A	A	917.097	37	65	65	917.097	0	0	0
1326	T	T	914.441	37	66	66	0	0	0	914.441
1327	T	T	910.28	37	65	65	0	0	0	910.28
1328	A	A	916.918	37	64	64	916.918	0	0	0
1329	T	T	899.56	37	65	65	0	0	0	899.56
1330	C	C	952.749	37	67	66	0	952.749	0	0
1331	G	G	949.922	37	70	67	0	0	949.922	0
1332	A	A	951.907	37	72	72	951.907	0	0	0
1333	A	A	991.529	37	75	75	991.529	0	0	0
1334	A	A	994.135	37	76	76	994.135	0	0	0
1335	C	C	985.522	37	71	69	0	985.522	0	0
1336	C	C	977.726	37	69	68	0	977.726	0	0
1337	G	G	916.6	37	66	64	0	0	916.6	0
1338	C	C	891.788	37	66	63	0	891.788	0	0
1339	C	C	977.202	37	70	68	0	977.202	0	0
1340	A	A	911.583	37	69	69	911.583	0	0	0
1341	A	A	887.11	37	67	67	887.11	0	0	0
1342	C	C	923.906	37	64	64	0	923.906	0	0
1343	A	A	870.152	37	65	65	870.152	0	0	0
1344	C	C	892.768	37	63	62	0	892.768	0	0
1345	G	G	908.47	37	63	63	0	0	908.47	0
1346	T	T	867.252	37	64	64	0	0	0	867.252
1347	C	C	877.468	37	65	62	0	877.468	0	0
1348	G	G	905.118	37	64	63	0	0	905.118	0
1349	T	T	880.379	37	64	64	0	0	0	880.379
1350	A	A	832.013	36.0675	62	62	832.013	0	0	0
1351	C	C	863.857	36.0538	61	60	0	863.857	0	0
1352	A	A	821.266	36.0538	61	61	821.266	0	0	0
1353	C	C	887.598	36.0938	64	62	0	887.598	0	0
1354	C	C	889.648	36.0809	63	62	0	889.648	0	0
1355	A	A	837.43	36.0538	61	61	837.43	0	0	0
1356	A	A	849.837	36.0397	60	60	849.837	0	0	0
1357	C	C	799.087	36.0397	60	57	0	799.087	0	0
1358	G	G	853.642	36.0251	59	59	0	0	853.642	0
1359	C	C	853.008	36.0397	60	59	0	853.008	0	0
1360	C	C	807.373	36.0251	59	57	0	807.373	0	0
1361	T	T	828.981	36.0251	59	58	0	0	0	828.981
1362	G	G	787.183	35.9945	57	55	0	0	787.183	0
1363	A	A	796.987	36.01	58	58	796.987	0	0	0
1364	G	G	847.644	36.0538	61	59	0	0	847.644	0
1365	C	C	836.258	36.0251	59	58	0	836.258	0	0
1366	C	C	826.26	36.0251	59	58	0	826.26	0	0
1367	C	C	837.186	36.01	58	58	0	837.186	0	0
1368	T	T	806.963	36.0251	59	59	0	0	0	806.963
1369	A	A	765.896	36.0251	59	59	765.896	0	0	0
1370	C	C	808.512	36.0397	60	57	0	808.512	0	0
1371	T	T	794.901	36.0251	59	59	0	0	0	794.901
1372	A	A	767.435	36.0251	59	59	767.435	0	0	0
1373	A	A	739.483	35.9785	56	56	739.483	0	0	0
1374	C	C	750.785	35.9091	52	52	0	750.785	0	0
1375	A	A	685.042	35.9091	52	52	685.042	0	0	0
1376	A	A	702.709	35.9091	52	52	702.709	0	0	0
1377	C	C	749.43	35.9091	52	52	0	749.43	0	0
1378	T	T	717.731	35.9091	52	52	0	0	0	717.731
1379	C	C	652.691	35.8504	49	47	0	652.691	0	0
1380	T	T	666.686	34.9423	49	49	0	0	0	666.686
1381	C	C	686.988	34.9752	50	48	0	686.988	0	0
1382	G	G	765.964	35.0678	53	53	0	0	765.964	0
1383	T	T	726.596	35.1249	55	55	0	0	0	726.596
1384	T	T	728.279	35.1522	56	56	0	0	0	728.279
1385	G	G	799.233	34.5251	58	56	0	0	799.233	0
1386	C	C	752.062	34.4921	57	54	0	752.062	0	0
1387	C	C	821.752	34.4921	57	57	0	821.752	0	0
1388	A	A	766.256	34.4582	56	56	766.256	0	0	0
1389	C	C	749.326	34.3506	53	52	0	749.326	0	0
1390	A	A	771.064	34.4234	55	55	771.064	0	0	0
1391	T	T	789.98	34.4582	56	56	0	0	0	789.98
1392	C	C	780.412	34.3875	54	54	0	780.412	0	0
1393	C	C	791.973	34.4582	56	55	0	791.973	0	0
1394	A	A	806.112	33.9378	58	58	806.112	0	0	0
1395	T	T	794.136	33.9752	59	59	0	0	0	794.136
1396	A	A	805.731	34.5251	58	58	805.731	0	0	0
1397	A	A	849.225	33.5421	61	61	849.225	0	0	0
1398	C	C	797.99	33.5025	60	57	0	797.99	0	0
1399	C	C	835.405	33.462	59	58	0	835.405	0	0
1400	G	G	806.566	33.3779	57	56	0	0	806.566	0
1401	C	C	833.151	33.462	59	58	0	833.151	0	0
1402	T	T	834.008	33.0032	59	59	0	0	0	834.008
1403	G	G	860.057	32.8517	65	61	0	0	860.057	0
1404	C	C	878.807	32.4859	65	62	0	878.807	0	0
1405	C	C	903.458	32.4422	64	63	0	903.458	0	0
1406	T	T	852.527	32.4859	65	65	0	0	0	852.527
1407	A	A	905.269	32.4859	65	65	905.269	0	0	0
1408	C	C	881.154	32.4859	65	62	0	881.154	0	0
1409	A	A	915.819	32.4859	65	65	915.819	0	0	0
1410	G	G	938.511	32.4859	65	65	0	0	938.511	0
1411	T	T	887.654	32.4859	65	65	0	0	0	887.654
1412	A	A	905.591	32.5286	66	66	905.591	0	0	0
1413	C	A	894.914	32.193	66	66	894.914	0	0	0
1414	T	T	938.706	32.3212	69	69	0	0	0	938.706
1415	C	C	936.851	32.5286	66	65	0	936.851	0	0
1416	G	G	912.551	32.4859	65	64	0	0	912.551	0
1417	A	A	928.564	32.6115	68	68	928.564	0	0	0
1418	A	A	920.851	32.4859	65	65	920.851	0	0	0
1419	T	T	889.483	32.4859	65	65	0	0	0	889.483
1420	C	C	935.814	32.5286	66	65	0	935.814	0	0
1421	G	G	918.761	32.5286	66	64	0	0	918.761	0
1422	T	T	930.22	32.5705	67	67	0	0	0	930.22
1423	A	A	956.664	32.6517	69	69	956.664	0	0	0
1424	T	T	957.814	32.7298	71	71	0	0	0	957.814
1425	T	T	943.315	32.6517	69	69	0	0	0	943.315
1426	C	C	993.527	32.6912	70	69	0	993.527	0	0
1427	T	T	975.338	32.7298	71	71	0	0	0	975.338
1428	T	T	972.771	32.7298	71	71	0	0	0	972.771
1429	T	T	979.611	33.0469	70	70	0	0	0	979.611
1430	G	G	957.068	32.9713	68	67	0	0	957.068	0
1431	T	T	930.205	33.3269	67	67	0	0	0	930.205
1432	A	A	925.407	33.3635	68	68	925.407	0	0	0
1433	C	C	912.27	33.3993	69	65	0	912.27	0	0
1434	T	T	965.017	33.4345	70	70	0	0	0	965.017
1435	T	T	980.306	33.5356	73	73	0	0	0	980.306
1436	C	G	1009.79	33.4345	70	70	0	0	1009.79	0
1437	T	T	926.607	33.8277	69	69	0	0	0	926.607
1438	A	A	1017.94	33.9225	72	72	1017.94	0	0	0
1439	G	G	1002.91	33.8916	71	70	0	0	1002.91	0
1440	G	G	1001.64	33.8916	71	70	0	0	1001.64	0
1441	A	A	1018.15	33.8916	71	71	1018.15	0	0	0
1442	C	C	1005.99	33.9225	72	70	0	1005.99	0	0
1443	A	A	1027.04	33.9528	73	73	1027.04	0	0	0
1444	A	A	1008.02	33.9528	73	73	1008.02	0	0	0
1445	C	C	1001.74	33.6308	76	72	0	1001.74	0	0
1446	C	C	1102.83	33.7208	79	77	0	1102.83	0	0
1447	T	T	1065.54	34.0955	78	78	0	0	0	1065.54
1448	C	C	1097.82	34.5884	80	77	0	1097.82	0	0
1449	G	G	1086.48	34.4921	76	76	0	0	1086.48	0
1450	C	C	1034.77	34.4668	75	73	0	1034.77	0	0
1451	T	T	1036.55	34.4921	76	76	0	0	0	1036.55
1452	T	T	1025.02	34.4668	75	75	0	0	0	1025.02
1453	T	T	1021.59	34.4409	74	74	0	0	0	1021.59
1454	A	A	1030.58	34.4668	75	75	1030.58	0	0	0
1455	A	A	1024.3	34.9534	74	74	1024.3	0	0	0
1456	C	C	1052.12	34.9534	74	73	0	1052.12	0	0
1457	C	C	1055.34	34.9534	74	73	0	1055.34	0	0
1458	C	C	976.243	35.5002	72	69	0	976.243	0	0
1459	T	T	1004.19	35.4824	71	71	0	0	0	1004.19
1460	G	G	1040.58	35.5176	73	72	0	0	1040.58	0
1461	T	T	1034.34	35.5512	75	75	0	0	0	1034.34
1462	C	C	1069.63	35.5346	74	74	0	1069.63	0	0
1463	A	A	995.272	35.5176	73	73	995.272	0	0	0
1464	T	T	1030.38	35.5176	73	73	0	0	0	1030.38
1465	T	T	1017.14	35.5002	72	72	0	0	0	1017.14
1466	A	A	957.504	35.4641	70	70	957.504	0	0	0
1467	T	T	972.803	35.4454	69	69	0	0	0	972.803
1468	T	T	975.695	35.4824	71	71	0	0	0	975.695
1469	A	A	962.545	35.4641	70	70	962.545	0	0	0
1470	T	T	964.296	35.4641	70	70	0	0	0	964.296
1471	C	C	982.418	35.4454	69	68	0	982.418	0	0
1472	A	A	933.11	35.4262	68	68	933.11	0	0	0
1473	A	A	986.966	34.4145	73	73	986.966	0	0	0
1474	C	C	971.915	34.3875	72	69	0	971.915	0	0
1475	G	G	963.651	34.3599	71	68	0	0	963.651	0
1476	A	A	919.896	34.2735	68	68	919.896	0	0	0
1477	G	G	917.6	34.2126	66	64	0	0	917.6	0
1478	A	A	906.811	34.76	66	66	906.811	0	0	0
1479	A	A	896.625	34.7331	65	65	896.625	0	0	0
1480	T	T	908.343	34.7056	64	64	0	0	0	908.343
1481	A	A	844.52	34.6485	62	62	844.52	0	0	0
1482	A	A	829.402	34.6485	62	62	829.402	0	0	0
1483	C	C	883.191	34.0819	62	61	0	883.191	0	0
1484	C	C	910.339	34.1157	63	63	0	910.339	0	0
1485	C	G	850.617	34.1157	63	60	0	0	850.617	0
1486	C	C	873.759	33.1723	63	61	0	873.759	0	0
1487	C	C	876.724	33.0897	61	61	0	876.724	0	0
1488	T	T	824.802	33.1315	62	62	0	0	0	824.802
1489	C	C	838.967	33.0897	61	59	0	838.967	0	0
1490	C	C	827.085	33.0469	60	58	0	827.085	0	0
1491	T	T	813.476	33.0032	59	59	0	0	0	813.476
1492	A	A	784.172	32.9124	57	57	784.172	0	0	0
1493	A	A	806.173	33.462	59	59	806.173	0	0	0
1494	T	T	806.906	33.4205	58	58	0	0	0	806.906
1495	C	C	834.837	33.462	59	58	0	834.837	0	0
1496	A	A	822.76	33.5421	61	61	822.76	0	0	0
1497	A	A	801.288	33.462	59	59	801.288	0	0	0
1498	T	T	799.166	33.4205	58	58	0	0	0	799.166
1499	T	T	765.924	33.3779	57	57	0	0	0	765.924
1500	C	C	820.982	32.9583	58	57	0	820.982	0	0
1501	C	C	831.014	33.1723	63	59	0	831.014	0	0
1502	A	A	870.472	33.1723	63	63	870.472	0	0	0
1503	T	T	838.641	32.8102	64	64	0	0	0	838.641
1504	C	C	914.535	31.5433	65	64	0	914.535	0	0
1505	A	A	922.382	31.4124	68	68	922.382	0	0	0
1506	A	A	929.565	31.4582	69	69	929.565	0	0	0
1507	G	G	937.682	31.3658	67	66	0	0	937.682	0
1508	C	C	868.599	31.1699	63	61	0	868.599	0	0
1509	G	G	925.28	30.9619	64	64	0	0	925.28	0
1510	T	T	897.158	31.2697	65	65	0	0	0	897.158
1511	C	C	919.499	31.3182	66	64	0	919.499	0	0
1512	T	T	907.803	31.0618	66	66	0	0	0	907.803
1513	G	G	885.478	31.0123	65	62	0	0	885.478	0
1514	C	C	936.253	31.0618	66	65	0	936.253	0	0
1515	T	T	926.962	31.1104	67	67	0	0	0	926.962
1516	T	T	923.387	31.1581	68	68	0	0	0	923.387
1517	C	C	1003.45	31.0583	71	70	0	1003.45	0	0
1518	T	T	960.362	31.1479	73	73	0	0	0	960.362
1519	A	A	990.415	31.1916	74	74	990.415	0	0	0
1520	G	G	1019.67	31.1035	72	71	0	0	1019.67	0
1521	G	G	988.817	31.3838	73	70	0	0	988.817	0
1522	A	C	1037.69	31.3838	73	72	0	1037.69	0	0
1523	A	A	1000.15	31.8979	73	73	1000.15	0	0	0
1524	G	G	985.822	32.0984	71	69	0	0	985.822	0
1525	T	T	975.111	32.4027	71	71	0	0	0	975.111
1526	A	A	946.254	32.4027	71	70	946.254	0	0	0
1527	T	T	950.455	32.3212	69	69	0	0	0	950.455
1528	T	T	979.587	32.3623	70	70	0	0	0	979.587
1529	T	T	944.323	32.9713	68	68	0	0	0	944.323
1530	T	T	949.693	33.0095	69	69	0	0	0	949.693
1531	C	C	944.576	32.6912	70	67	0	944.576	0	0
1532	G	G	965.853	32.3623	70	68	0	0	965.853	0
1533	C	C	960.274	32.4422	72	68	0	960.274	0	0
1534	A	A	957.694	32.6912	70	70	957.694	0	0	0
1535	G	G	956.693	32.6517	69	67	0	0	956.693	0
1536	G	G	862.978	32.6517	69	63	0	0	862.978	0
1537	A	A	923.953	32.7298	71	71	923.953	0	0	0
1538	T	T	955.845	33.0095	69	69	0	0	0	955.845
1539	A	A	932.385	33.0836	71	71	932.385	0	0	0
1540	C	C	950.841	32.9322	67	66	0	950.841	0	0
1541	C	C	856.576	33.1315	62	60	0	856.576	0	0
1542	T	T	875.649	33.2122	64	64	0	0	0	875.649
1543	A	A	881.525	33.2122	64	64	881.525	0	0	0
1544	A	A	866.783	33.1723	63	63	866.783	0	0	0
1545	T	T	904.122	33.2895	66	66	0	0	0	904.122
1546	C	C	887.198	33.2895	66	63	0	887.198	0	0
1547	T	T	895.209	33.2122	64	64	0	0	0	895.209
1548	T	G	842.024	33.1315	62	60	0	0	842.024	0
1549	C	C	894.594	33.1315	62	62	0	894.594	0	0
1550	C	C	906.061	33.2122	64	63	0	906.061	0	0
1551	A	A	835.388	33.1723	63	63	835.388	0	0	0
1552	C	C	866.659	33.0469	60	60	0	866.659	0	0
1553	A	A	793.129	32.9124	57	57	793.129	0	0	0
1554	A	A	770.052	32.9583	58	58	770.052	0	0	0
1555	T	T	808.489	32.9124	57	57	0	0	0	808.489
1556	A	A	736.556	33.2895	55	55	736.556	0	0	0
1557	T	T	763.952	34.3875	54	54	0	0	0	763.952
1558	C	C	781.472	34.3875	54	54	0	781.472	0	0
1559	A	A	666.896	34.1917	49	49	666.896	0	0	0
1560	C	C	707.582	34.2332	50	49	0	707.582	0	0
1561	A	A	697.788	34.2735	51	51	697.788	0	0	0
1562	C	C	692.873	34.1488	48	48	0	692.873	0	0
1563	C	C	648.097	34.8367	46	45	0	648.097	0	0
1564	C	C	677.202	34.8731	47	47	0	677.202	0	0
1565	A	A	672.411	34.9083	48	48	672.411	0	0	0
1566	C	C	693.704	34.9083	48	48	0	693.704	0	0
1567	T	T	694.728	34.9752	50	50	0	0	0	694.728
1568	A	A	686.834	35.0678	53	53	686.834	0	0	0
1569	C	C	690.646	35.0379	52	49	0	690.646	0	0
1570	C	C	663.545	35.0379	52	48	0	663.545	0	0
1571	A	A	672.816	35.9091	52	52	672.816	0	0	0
1572	T	T	693.559	35.9273	53	53	0	0	0	693.559
1573	C	C	672.482	35.8707	50	48	0	672.482	0	0
1574	C	C	700.542	37	50	49	0	700.542	0	0
1575	C	C	682.427	37	50	48	0	682.427	0	0
1576	A	A	649.269	37	48	48	649.269	0	0	0
1577	C	C	661.838	37	47	46	0	661.838	0	0
1578	A	A	690.764	37	49	49	690.764	0	0	0
1579	A	A	710.541	37	51	51	710.541	0	0	0
1580	A	A	718.434	37	52	52	718.434	0	0	0
1581	T	T	680.494	37	51	51	0	0	0	680.494
1582	A	A	742.002	37	53	53	742.002	0	0	0
1583	A	A	762.271	37	56	56	762.271	0	0	0
1584	C	C	820.757	37	61	58	0	820.757	0	0
1585	C	C	770.606	37	59	55	0	770.606	0	0
1586	A	A	820.444	37	59	59	820.444	0	0	0
1587	T	T	798.404	37	61	61	0	0	0	798.404
1588	A	A	815.496	37	59	59	815.496	0	0	0
1589	C	C	848.058	37	60	59	0	848.058	0	0
1590	C	C	864.241	37	60	60	0	864.241	0	0
1591	C	C	849.172	37	60	59	0	849.172	0	0
1592	T	T	846.295	37	60	60	0	0	0	846.295
1593	A	A	787.022	37	57	57	787.022	0	0	0
1594	C	C	823.66	37	57	57	0	823.66	0	0
1595	T	T	824.859	37	59	59	0	0	0	824.859
1596	A	A	768.82	37	56	56	768.82	0	0	0
1597	C	C	807.768	37	56	56	0	807.768	0	0
1598	C	C	808.48	37	56	56	0	808.48	0	0
1599	T	T	737.303	37	52	52	0	0	0	737.303
1600	A	A	729.344	37	51	51	729.344	0	0	0
1601	A	A	714.944	37	51	51	714.944	0	0	0
1602	A	A	735.236	37	53	53	735.236	0	0	0
1603	A	A	746.349	37	55	55	746.349	0	0	0
1604	A	A	807.271	37	58	58	807.271	0	0	0
1605	T	T	778.575	37	59	59	0	0	0	778.575
1606	A	A	798.766	37	58	58	798.766	0	0	0
1607	A	A	848.247	36.0538	61	61	848.247	0	0	0
1608	T	T	782.908	36.0397	60	60	0	0	0	782.908
1609	A	A	830.015	36.0809	63	63	830.015	0	0	0
1610	G	G	871.942	36.0675	62	61	0	0	871.942	0
1611	C	C	873.744	36.0675	62	61	0	873.744	0	0
1612	T	T	859.202	36.0675	62	62	0	0	0	859.202
1613	C	C	850.648	35.2537	60	59	0	850.648	0	0
1614	T	T	780.713	35.1787	57	57	0	0	0	780.713
1615	C	C	800.772	35.2044	58	56	0	800.772	0	0
1616	G	G	797.404	35.2044	58	56	0	0	797.404	0
1617	C	C	774.295	35.1787	57	55	0	774.295	0	0
1618	G	G	775.236	35.1787	57	55	0	0	775.236	0
1619	G	G	770.786	35.1522	56	54	0	0	770.786	0
1620	T	T	757.562	35.0968	54	54	0	0	0	757.562
1621	C	C	788.715	35.1522	56	55	0	788.715	0	0
1622	A	A	760.127	35.1787	57	57	760.127	0	0	0
1623	C	C	821.162	35.1787	57	57	0	821.162	0	0
1624	T	T	751.911	35.1522	56	56	0	0	0	751.911
1625	A	A	783.705	34.4921	57	57	783.705	0	0	0
1626	T	T	766.739	34.4921	57	57	0	0	0	766.739
1627	A	A	749.115	34.4234	55	55	749.115	0	0	0
1628	C	C	762.111	34.3875	54	53	0	762.111	0	0
1629	T	T	779.358	34.5251	58	58	0	0	0	779.358
1630	A	A	757.678	34.4582	56	56	757.678	0	0	0
1631	G	G	804.524	34.4582	56	56	0	0	804.524	0
1632	G	G	792.358	34.4582	56	55	0	0	792.358	0
1633	T	T	732.904	34.4234	55	55	0	0	0	732.904
1634	T	T	768.702	34.4582	56	56	0	0	0	768.702
1635	T	T	758.403	34.4234	55	55	0	0	0	758.403
1636	T	G	780.721	34.3875	54	54	0	0	780.721	0
1637	A	A	778.336	34.3875	54	54	778.336	0	0	0
1638	T	T	761.91	34.4234	55	55	0	0	0	761.91
1639	C	C	768.198	35.1249	55	54	0	768.198	0	0
1640	C	C	790.125	35.1522	56	55	0	790.125	0	0
1641	T	T	791.608	35.1787	57	57	0	0	0	791.608
1642	A	A	744.508	35.2044	58	58	744.508	0	0	0
1643	G	G	727.871	35.0678	53	51	0	0	727.871	0
1644	C	C	683.973	37	52	49	0	683.973	0	0
1645	A	A	685.731	37	51	51	685.731	0	0	0
1646	T	T	705.007	37	50	50	0	0	0	705.007
1647	T	T	684.45	37	48	48	0	0	0	684.45
1648	A	A	667.439	37	48	48	667.439	0	0	0
1649	G	G	706.245	37	49	49	0	0	706.245	0
1650	A	A	655.187	37	48	48	655.187	0	0	0
1651	A	A	670.355	37	49	49	670.355	0	0	0
1652	C	C	649.028	37	51	47	0	649.028	0	0
1653	T	T	683.404	37	50	50	0	0	0	683.404
1654	C	C	696.852	37	51	49	0	696.852	0	0
1655	A	A	711.13	37	51	51	711.13	0	0	0
1656	A	A	683.793	37	50	50	683.793	0	0	0
1657	T	T	677.194	37	49	49	0	0	0	677.194
1658	T	T	670.06	37	49	49	0	0	0	670.06
1659	C	C	720.297	37	50	50	0	720.297	0	0
1660	T	T	698.486	37	49	49	0	0	0	698.486
1661	A	A	660.408	37	50	50	660.408	0	0	0
1662	C	C	684.978	37	50	48	0	684.978	0	0
1663	C	C	709.112	37	52	50	0	709.112	0	0
1664	A	A	728.091	37	54	54	728.091	0	0	0
1665	C	C	676.854	37	54	49	0	676.854	0	0
1666	A	A	726.071	37	52	52	726.071	0	0	0
1667	C	C	702.903	37	53	50	0	702.903	0	0
1668	A	A	706.442	37	53	53	706.442	0	0	0
1669	A	A	679.483	37	53	53	679.483	0	0	0
1670	A	A	657.197	37	51	51	657.197	0	0	0
1671	C	C	732.563	37	53	51	0	732.563	0	0
1672	T	T	661.933	37	47	47	0	0	0	661.933
1673	C	C	639.997	37	46	45	0	639.997	0	0
1674	T	T	617.705	37	44	44	0	0	0	617.705
1675	C	C	646.241	37	46	45	0	646.241	0	0
1676	A	A	660.52	37	46	46	660.52	0	0	0
1677	A	A	680.951	37	47	47	680.951	0	0	0
1678	A	A	686.417	37	48	48	686.417	0	0	0
1679	C	C	687.287	37	55	50	0	687.287	0	0
1680	T	T	712.438	37	56	56	0	0	0	712.438
1681	T	T	747.341	37	59	59	0	0	0	747.341
1682	G	G	813.794	37	59	57	0	0	813.794	0
1683	A	A	801.088	37	58	58	801.088	0	0	0
1684	C	C	775.871	37	57	55	0	775.871	0	0
1685	T	T	765.621	35.9945	57	57	0	0	0	765.621
1686	A	A	830.936	36.01	58	58	830.936	0	0	0
1687	T	T	800.485	36.01	58	58	0	0	0	800.485
1688	C	C	792.12	36.0538	61	57	0	792.12	0	0
1689	C	C	814.008	36.0538	61	58	0	814.008	0	0
1690	A	A	844.132	36.0397	60	60	844.132	0	0	0
1691	C	C	880.4	36.0675	62	61	0	880.4	0	0
1692	A	A	862.472	36.0675	62	62	862.472	0	0	0
1693	A	A	879.777	36.0675	62	62	879.777	0	0	0
1694	A	A	925.247	36.1064	65	65	925.247	0	0	0
1695	A	A	961	36.1535	69	69	961	0	0	0
1696	T	T	905.604	36.1422	68	68	0	0	0	905.604
1697	C	C	967.472	36.1645	70	68	0	967.472	0	0
1698	C	C	924.624	36.1752	71	67	0	924.624	0	0
1699	A	A	981.583	36.1752	71	71	981.583	0	0	0
1700	T	T	963.787	36.1645	70	70	0	0	0	963.787
1701	T	T	949.359	36.1645	70	70	0	0	0	949.359
1702	T	T	960.348	36.1535	69	69	0	0	0	960.348
1703	A	A	965.152	36.1535	69	69	965.152	0	0	0
1704	A	A	987.987	36.1752	71	71	987.987	0	0	0
1705	A	A	947.336	36.1306	67	67	947.336	0	0	0
1706	T	T	961.636	35.4454	69	69	0	0	0	961.636
1707	T	T	971.609	35.4641	70	70	0	0	0	971.609
1708	C	C	989.947	35.4824	71	69	0	989.947	0	0
1709	T	T	998.042	35.4824	71	71	0	0	0	998.042
1710	C	C	988.261	35.4824	71	69	0	988.261	0	0
1711	T	T	996.164	35.5176	73	73	0	0	0	996.164
1712	A	A	1013.08	35.5002	72	72	1013.08	0	0	0
1713	T	T	1006.51	34.9534	74	74	0	0	0	1006.51
1714	T	T	1022.69	34.4921	76	76	0	0	0	1022.69
1715	C	C	1049.73	34.4409	74	73	0	1049.73	0	0
1716	A	A	1027.87	34.4145	73	73	1027.87	0	0	0
1717	A	A	1050.2	33.9825	74	74	1050.2	0	0	0
1718	C	C	1083.62	33.2568	76	75	0	1083.62	0	0
1719	T	T	1079	32.665	78	78	0	0	0	1079
1720	A	A	1114.69	32.4422	80	80	1114.69	0	0	0
1721	G	G	1113.96	32.3705	78	77	0	0	1113.96	0
1722	G	G	1123.12	32.4067	79	78	0	0	1123.12	0
1723	A	A	1055.66	32.3336	77	77	1055.66	0	0	0
1724	T	T	1078.28	32.3336	77	77	0	0	0	1078.28
1725	A	A	1033.81	32.3705	78	78	1033.81	0	0	0
1726	C	C	1089.95	32.0567	77	76	0	1089.95	0	0
1727	T	T	1041.52	31.8979	73	73	0	0	0	1041.52
1728	T	T	1023.68	31.6333	73	73	0	0	0	1023.68
1729	C	C	1013.18	31.5032	70	70	0	1013.18	0	0
1730	C	C	960.364	31.4124	68	67	0	960.364	0	0
1731	C	C	956.775	31.3182	66	66	0	956.775	0	0
1732	C	C	956.949	31.3182	66	66	0	956.949	0	0
1733	A	A	879.206	31.2697	65	65	879.206	0	0	0
1734	T	T	937.617	31.0123	65	65	0	0	0	937.617
1735	C	C	895.647	30.9619	64	63	0	895.647	0	0
1736	A	A	860.201	30.7179	64	64	860.201	0	0	0
1737	T	T	881.027	30.6121	62	62	0	0	0	881.027
1738	C	C	853.909	30.4453	59	59	0	853.909	0	0
1739	A	A	820.508	30.1026	61	61	820.508	0	0	0
1740	T	G	861.28	30.1026	61	60	0	0	861.28	0
1741	T	T	822.766	29.9275	58	58	0	0	0	822.766
1742	C	C	808.441	29.8667	57	56	0	808.441	0	0
1743	A	A	767.758	29.8046	56	56	767.758	0	0	0
1744	C	C	781.412	29.6763	54	54	0	781.412	0	0
1745	C	C	794.68	29.5261	55	55	0	794.68	0	0
1746	G	G	631.079	29.6101	53	47	0	0	631.079	0
1747	C	C	737.006	29.5423	52	51	0	737.006	0	0
1748	C	C	777.267	29.3213	55	54	0	777.267	0	0
1749	T	T	708.204	29.1183	52	52	0	0	0	708.204
1750	C	C	736.793	28.9209	52	52	0	736.793	0	0
1751	C	C	731.203	28.9209	52	51	0	731.203	0	0
1752	T	T	652.281	28.5867	50	50	0	0	0	652.281
1753	G	G	685.209	28.702	49	48	0	0	685.209	0
1754	C	G	672.607	28.6256	48	47	0	0	672.607	0
1755	C	C	632.711	28.5867	45	44	0	632.711	0	0
1756	A	A	593.999	28.7983	45	45	593.999	0	0	0
1757	A	G	582.752	28.8791	46	42	0	0	582.752	0
1758	T	T	623.569	28.958	47	47	0	0	0	623.569
1759	A	A	619.886	29.1008	46	46	619.886	0	0	0
1760	A	A	621.146	29.0207	45	45	621.146	0	0	0
1761	T	T	583.751	29.3399	43	43	0	0	0	583.751
1762	G	G	594.807	29.3399	43	42	0	0	594.807	0
1763	A	A	580.506	29.3399	43	43	580.506	0	0	0
1764	G	G	632.772	29.4225	44	44	0	0	632.772	0
1765	C	C	647.226	29.5812	46	45	0	647.226	0	0
1766	T	T	587.996	29.8871	43	43	0	0	0	587.996
1767	T	T	602.038	29.9673	44	44	0	0	0	602.038
1768	G	G	620.215	30.1889	43	43	0	0	620.215	0
1769	T	T	585.159	30.1889	43	42	0	0	0	585.159
1770	C	C	581.769	30.4338	42	41	0	581.769	0	0
1771	A	A	607.49	30.7386	46	46	607.49	0	0	0
1772	A	A	609.052	31.3892	45	45	609.052	0	0	0
1773	T	T	616.85	31.3892	45	45	0	0	0	616.85
1774	A	A	608.493	32.193	44	44	608.493	0	0	0
1775	A	A	608.36	32.193	44	44	608.36	0	0	0
1776	G	G	620.457	32.1259	43	43	0	0	620.457	0
1777	C	C	574.315	32.3212	46	42	0	574.315	0	0
1778	C	C	712.735	32.5566	50	50	0	712.735	0	0
1779	A	A	689.269	32.5002	49	49	689.269	0	0	0
1780	A	A	711.753	32.5566	50	50	711.753	0	0	0
1781	A	A	692.919	32.9943	49	49	692.919	0	0	0
1782	A	A	742.232	33.1964	53	53	742.232	0	0	0
1783	A	A	729.085	33.6913	52	52	729.085	0	0	0
1784	A	A	755.971	33.778	54	54	755.971	0	0	0
1785	T	T	746.912	33.8195	55	55	0	0	0	746.912
1786	G	G	781.837	33.8195	55	54	0	0	781.837	0
1787	G	G	796.736	33.86	56	55	0	0	796.736	0
1788	C	C	730.944	33.86	56	53	0	730.944	0	0
1789	A	A	810.018	33.9378	58	58	810.018	0	0	0
1790	T	T	793.701	33.9378	58	58	0	0	0	793.701
1791	C	C	820.916	34.0819	62	58	0	820.916	0	0
1792	T	T	839.677	34.0819	62	62	0	0	0	839.677
1793	A	A	818.057	34.5884	60	60	818.057	0	0	0
1794	T	T	820.578	34.5884	60	60	0	0	0	820.578
1795	A	A	838.136	34.6188	61	61	838.136	0	0	0
1796	T	T	803.836	34.5572	59	59	0	0	0	803.836
1797	T	T	800.417	34.5251	58	58	0	0	0	800.417
1798	A	A	796.671	34.5251	58	58	796.671	0	0	0
1799	C	C	824.35	34.4921	57	57	0	824.35	0	0
1800	T	T	824.572	35.2294	59	59	0	0	0	824.572
1801	A	A	781.25	35.1249	55	55	781.25	0	0	0
1802	G	G	791.899	35.1522	56	55	0	0	791.899	0
1803	A	A	814.946	35.2294	59	59	814.946	0	0	0
1804	C	C	853.909	35.3227	63	60	0	853.909	0	0
1805	A	A	877.81	35.3227	63	63	877.81	0	0	0
1806	T	T	832.746	35.3227	63	63	0	0	0	832.746
1807	A	A	887.596	35.3227	63	63	887.596	0	0	0
1808	A	A	890.048	35.3445	64	64	890.048	0	0	0
1809	C	C	907.702	35.4066	67	64	0	907.702	0	0
1810	C	C	957.898	35.4454	69	67	0	957.898	0	0
1811	T	T	920.138	35.4454	69	69	0	0	0	920.138
1812	G	G	978.839	36.1535	69	68	0	0	978.839	0
1813	A	A	925.641	36.1422	68	68	925.641	0	0	0
1814	C	C	920.12	37	67	65	0	920.12	0	0
1815	T	T	916.427	37	66	66	0	0	0	916.427
1816	A	A	980.595	37	70	70	980.595	0	0	0
1817	G	G	1011.98	37	71	70	0	0	1011.98	0
1818	A	A	998.538	37	71	71	998.538	0	0	0
1819	A	A	1010.49	37	73	73	1010.49	0	0	0
1820	A	A	999.073	37	74	73	999.073	0	0	0
1821	A	A	1037.33	37	76	76	1037.33	0	0	0
1822	T	T	1029.86	37	78	78	0	0	0	1029.86
1823	G	G	1046.54	37	77	74	0	0	1046.54	0
1824	T	T	1032.77	37	76	76	0	0	0	1032.77
1825	A	A	1051.94	37	77	77	1051.94	0	0	0
1826	C	C	1094.02	37	77	76	0	1094.02	0	0
1827	T	T	1061.27	37	76	76	0	0	0	1061.27
1828	A	A	1020.28	37	75	75	1020.28	0	0	0
1829	C	C	1043.19	37	76	73	0	1043.19	0	0
1830	C	C	1063.17	37	76	74	0	1063.17	0	0
1831	A	A	1018.35	37	74	74	1018.35	0	0	0
1832	A	A	1016.91	37	74	74	1016.91	0	0	0
1833	A	A	1030.57	37	76	76	1030.57	0	0	0
1834	A	A	1011.66	37	75	75	1011.66	0	0	0
1835	T	T	1021.59	37	74	74	0	0	0	1021.59
1836	C	C	1040.66	37	73	72	0	1040.66	0	0
1837	C	C	1010.64	37	74	71	0	1010.64	0	0
1838	A	A	1048.34	36.1959	73	73	1048.34	0	0	0
1839	T	T	997.194	36.1857	72	72	0	0	0	997.194
1840	C	C	984.425	36.1857	72	69	0	984.425	0	0
1841	T	T	1036.96	36.2155	75	75	0	0	0	1036.96
1842	C	C	1069.88	36.2432	78	75	0	1069.88	0	0
1843	C	C	1092.62	36.2432	78	76	0	1092.62	0	0
1844	T	T	1079.56	36.252	79	79	0	0	0	1079.56
1845	A	A	1077.54	36.269	81	81	1077.54	0	0	0
1846	C	C	1150.09	36.269	81	80	0	1150.09	0	0
1847	T	T	1114.57	36.2772	82	82	0	0	0	1114.57
1848	T	T	1069.31	36.2432	78	78	0	0	0	1069.31
1849	C	C	1081.51	36.2249	76	75	0	1081.51	0	0
1850	C	C	1053.86	36.2058	74	73	0	1053.86	0	0
1851	A	A	1018.28	36.2058	74	74	1018.28	0	0	0
1852	A	A	1048.79	36.2342	77	77	1048.79	0	0	0
1853	A	A	1055.16	36.2342	77	77	1055.16	0	0	0
1854	T	T	1064.89	36.269	81	81	0	0	0	1064.89
1855	A	A	1120.67	36.269	81	81	1120.67	0	0	0
1856	A	A	1118.67	36.269	81	81	1118.67	0	0	0
1857	A	A	1131.76	36.2772	82	82	1131.76	0	0	0
1858	A	A	1128.04	36.2772	82	82	1128.04	0	0	0
1859	T	T	1117.35	36.269	81	81	0	0	0	1117.35
1860	C	C	1017.07	36.252	79	74	0	1017.07	0	0
1861	T	T	1107.72	36.2606	80	80	0	0	0	1107.72
1862	T	T	1124.24	36.269	81	81	0	0	0	1124.24
1863	C	C	1133.09	36.2772	82	79	0	1133.09	0	0
1864	A	A	1107.08	36.2772	82	82	1107.08	0	0	0
1865	A	A	1134.06	36.2852	83	83	1134.06	0	0	0
1866	T	T	1112.67	37	83	83	0	0	0	1112.67
1867	C	C	1111.28	37	81	78	0	1111.28	0	0
1868	A	A	1169.09	37	84	84	1169.09	0	0	0
1869	C	C	1221.98	37	85	85	0	1221.98	0	0
1870	A	A	1167.21	37	85	85	1167.21	0	0	0
1871	G	G	1090.21	37	83	78	0	0	1090.21	0
1872	T	T	1163.38	37	85	85	0	0	0	1163.38
1873	C	C	1201.53	37	83	83	0	1201.53	0	0
1874	T	T	1168.45	37	83	83	0	0	0	1168.45
1875	C	C	1156.19	37	81	80	0	1156.19	0	0
1876	T	T	1118.36	37	80	80	0	0	0	1118.36
1877	A	A	1072.94	37	78	78	1072.94	0	0	0
1878	A	A	1074.21	37	78	78	1074.21	0	0	0
1879	C	C	1095.97	37	78	76	0	1095.97	0	0
1880	C	C	1115.08	37	79	78	0	1115.08	0	0
1881	A	A	1019.12	37	78	78	1019.12	0	0	0
1882	A	A	1007.86	37	77	77	1007.86	0	0	0
1883	A	A	1031.12	37	79	79	1031.12	0	0	0
1884	A	A	1017.36	37	75	75	1017.36	0	0	0
1885	A	A	1010.39	37	73	73	1010.39	0	0	0
1886	G	G	1037.85	37	73	72	0	0	1037.85	0
1887	G	G	997.03	37	74	71	0	0	997.03	0
1888	A	A	1031.73	37	74	74	1031.73	0	0	0
1889	C	C	1037.83	37	73	72	0	1037.83	0	0
1890	T	T	1008.64	37	73	73	0	0	0	1008.64
1891	A	A	990.967	37	74	74	990.967	0	0	0
1892	A	A	1038.98	37	79	79	1038.98	0	0	0
1893	T	T	1060.61	37	79	79	0	0	0	1060.61
1894	T	T	1044.27	37	78	78	0	0	0	1044.27
1895	A	A	998.774	37	73	73	998.774	0	0	0
1896	A	A	1010.97	37	73	73	1010.97	0	0	0
1897	A	A	1017.96	37	74	74	1017.96	0	0	0
1898	C	C	1068.05	37	74	74	0	1068.05	0	0
1899	T	T	1033.51	37	76	76	0	0	0	1033.51
1900	A	A	1042.32	37	76	76	1042.32	0	0	0
1901	T	T	1023.27	37	75	75	0	0	0	1023.27
1902	A	A	1079.99	37	77	77	1079.99	0	0	0
1903	C	C	1044.64	37	75	73	0	1044.64	0	0
1904	T	T	1022.72	37	75	75	0	0	0	1022.72
1905	T	T	1046.55	37	76	76	0	0	0	1046.55
1906	C	C	1125.02	37	78	78	0	1125.02	0	0
1907	C	C	1103.26	37	79	77	0	1103.26	0	0
1908	T	T	1070.31	37	77	77	0	0	0	1070.31
1909	C	C	1079.81	37	77	75	0	1079.81	0	0
1910	T	T	1077.19	37	77	77	0	0	0	1077.19
1911	C	C	1023.04	37	73	71	0	1023.04	0	0
1912	T	T	1027.06	37	72	72	0	0	0	1027.06
1913	T	T	984.913	37	69	69	0	0	0	984.913
1914	T	T	1002.33	37	71	71	0	0	0	1002.33
1915	C	C	1041.46	37	72	72	0	1041.46	0	0
1916	A	A	998.731	37	72	72	998.731	0	0	0
1917	T	T	1007.29	37	75	75	0	0	0	1007.29
1918	G	G	1028.92	37	76	73	0	0	1028.92	0
1919	A	A	1053.71	37	79	79	1053.71	0	0	0
1920	T	T	1036.3	37	78	78	0	0	0	1036.3
1921	C	C	1065.76	37	75	74	0	1065.76	0	0
1922	A	A	988.875	37	74	74	988.875	0	0	0
1923	C	C	1038.82	37	75	73	0	1038.82	0	0
1924	A	A	990.289	37	74	74	990.289	0	0	0
1925	T	T	1035.94	37	75	75	0	0	0	1035.94
1926	T	T	978.199	37	72	72	0	0	0	978.199
1927	A	A	938.154	37	69	69	938.154	0	0	0
1928	A	A	930.232	37	70	70	930.232	0	0	0
1929	T	T	960.683	37	69	69	0	0	0	960.683
1930	C	C	886.242	37	69	64	0	886.242	0	0
1931	C	C	995.313	37	69	69	0	995.313	0	0
1932	T	T	917.002	37	66	66	0	0	0	917.002
1933	A	A	886.749	37	64	64	886.749	0	0	0
1934	A	A	912.816	37	68	68	912.816	0	0	0
1935	G	G	945.354	37	67	66	0	0	945.354	0
1936	C	C	920.197	37	65	64	0	920.197	0	0
1937	T	T	904.174	37	68	68	0	0	0	904.174
1938	T	T	914.874	37	68	68	0	0	0	914.874
1939	C	C	923.6	37	64	64	0	923.6	0	0
1940	T	T	883.083	37	63	63	0	0	0	883.083
1941	T	T	877.121	37	62	62	0	0	0	877.121
1942	C	C	898.865	37	63	62	0	898.865	0	0
1943	G	G	881.736	37	61	61	0	0	881.736	0
1944	T	T	858.903	37	60	60	0	0	0	858.903
1945	A	A	858.663	37	61	61	858.663	0	0	0
1946	C	C	891.089	37	64	62	0	891.089	0	0
1947	T	T	879.345	37	63	63	0	0	0	879.345
1948	T	T	864.029	37	62	62	0	0	0	864.029
1949	A	A	912.075	37	66	66	912.075	0	0	0
1950	A	A	923.578	37	68	68	923.578	0	0	0
1951	T	T	928.976	37	68	68	0	0	0	928.976
1952	T	T	899.697	37	67	67	0	0	0	899.697
1953	T	T	911.968	37	69	69	0	0	0	911.968
1954	C	C	928.948	37	70	67	0	928.948	0	0
1955	C	C	1007.02	37	70	70	0	1007.02	0	0
1956	A	A	1019.03	37	71	71	1019.03	0	0	0
1957	C	C	1018.36	37	73	71	0	1018.36	0	0
1958	G	G	1053.78	37	76	74	0	0	1053.78	0
1959	A	A	1085.3	37	78	78	1085.3	0	0	0
1960	G	G	1114.24	37	81	78	0	0	1114.24	0
1961	T	T	1093.83	37	82	82	0	0	0	1093.83
1962	A	A	1096.3	37	81	81	1096.3	0	0	0
1963	A	A	1124.83	37	82	82	1124.83	0	0	0
1964	C	C	1087.91	37	83	78	0	1087.91	0	0
1965	T	T	1098.34	37	80	80	0	0	0	1098.34
1966	T	T	1086.91	37	78	78	0	0	0	1086.91
1967	C	C	1114.64	37	78	77	0	1114.64	0	0
1968	C	C	1065.03	37	76	74	0	1065.03	0	0
1969	A	A	1031.13	37	74	74	1031.13	0	0	0
1970	T	T	1062.48	37	74	74	0	0	0	1062.48
1971	A	A	1004.28	36.1959	73	73	1004.28	0	0	0
1972	A	A	975.886	36.1959	73	73	975.886	0	0	0
1973	T	T	1031.7	36.1959	73	73	0	0	0	1031.7
1974	T	T	1034.42	36.2155	75	75	0	0	0	1034.42
1975	A	A	958.526	36.2058	74	74	958.526	0	0	0
1976	C	C	1052.16	36.2058	74	73	0	1052.16	0	0
1977	T	T	959.475	36.1857	72	72	0	0	0	959.475
1978	A	A	976.448	35.5176	73	73	976.448	0	0	0
1979	G	G	986.588	35.4824	71	69	0	0	986.588	0
1980	C	C	925.402	35.4262	68	65	0	925.402	0	0
1981	A	A	935.999	35.4454	69	69	935.999	0	0	0
1982	C	C	941.777	35.4454	69	66	0	941.777	0	0
1983	A	A	929.126	35.4066	67	67	929.126	0	0	0
1984	C	C	949.303	35.4454	69	67	0	949.303	0	0
1985	C	C	895.652	35.3864	66	63	0	895.652	0	0
1986	A	A	924.511	35.4066	67	67	924.511	0	0	0
1987	A	A	905.979	35.4066	67	67	905.979	0	0	0
1988	T	T	936.259	35.4262	68	68	0	0	0	936.259
1989	A	A	911.047	35.4066	67	67	911.047	0	0	0
1990	A	A	943.234	35.4262	68	68	943.234	0	0	0
1991	G	G	1021.2	35.5176	73	71	0	0	1021.2	0
1992	A	A	1007.8	35.5002	72	72	1007.8	0	0	0
1993	A	A	1016.93	35.5176	73	73	1016.93	0	0	0
1994	G	G	1009.84	35.4824	71	70	0	0	1009.84	0
1995	A	A	995.38	35.5002	72	72	995.38	0	0	0
1996	G	G	1112.72	35.5834	77	77	0	0	1112.72	0
1997	A	A	1065.47	35.5834	77	77	1065.47	0	0	0
1998	T	T	1041.38	36.2342	77	77	0	0	0	1041.38
1999	C	C	1019.99	36.2249	76	73	0	1019.99	0	0
2000	A	A	1071.24	36.2342	77	77	1071.24	0	0	0
2001	C	C	1126.87	36.2432	78	78	0	1126.87	0	0
2002	C	C	1058.08	36.2342	77	74	0	1058.08	0	0
2003	C	C	1113.03	36.2432	78	77	0	1113.03	0	0
2004	A	A	1069.9	36.252	79	79	1069.9	0	0	0
2005	G	G	1054.41	36.2249	76	74	0	0	1054.41	0
2006	T	T	1052.48	36.2249	76	76	0	0	0	1052.48
2007	G	G	1089.03	36.2342	77	76	0	0	1089.03	0
2008	A	A	1053.91	36.2249	76	76	1053.91	0	0	0
2009	C	C	1054.9	36.2249	76	74	0	1054.9	0	0
2010	A	A	1104.06	36.252	79	79	1104.06	0	0	0
2011	A	A	1139.37	36.269	81	81	1139.37	0	0	0
2012	T	T	1118.1	36.2852	83	83	0	0	0	1118.1
2013	A	A	1180.56	36.2772	82	82	1180.56	0	0	0
2014	A	A	1187.59	36.2931	84	84	1187.59	0	0	0
2015	C	C	1178.09	36.2931	84	82	0	1178.09	0	0
2016	T	T	1185.71	36.3228	88	88	0	0	0	1185.71
2017	A	A	1250.99	36.3435	91	91	1250.99	0	0	0
2018	A	A	1243.86	36.3502	92	92	1243.86	0	0	0
2019	T	T	1232.54	36.3435	91	91	0	0	0	1232.54
2020	C	C	1234.04	36.3228	88	86	0	1234.04	0	0
2021	A	A	1166.73	36.3083	86	86	1166.73	0	0	0
2022	A	A	1151.32	36.3008	85	85	1151.32	0	0	0
2023	G	G	1176.31	36.3083	86	83	0	0	1176.31	0
2024	T	T	1187.37	37	85	85	0	0	0	1187.37
2025	T	T	1177.84	36.3083	86	86	0	0	0	1177.84
2026	C	C	1177.9	36.2931	84	82	0	1177.9	0	0
2027	C	C	1162.17	35.6986	85	82	0	1162.17	0	0
2028	A	A	1130.5	35.6986	85	85	1130.5	0	0	0
2029	T	T	1152.74	35.6853	84	83	0	0	0	1152.74
2030	A	A	1081.02	35.6716	83	83	1081.02	0	0	0
2031	A	A	1084.1	35.6141	79	79	1084.1	0	0	0
2032	C	C	1092.45	35.5989	78	76	0	1092.45	0	0
2033	T	T	1075.88	35.5834	77	77	0	0	0	1075.88
2034	G	G	1081.74	35.5675	76	75	0	0	1081.74	0
2035	T	T	1036.52	35.5346	74	74	0	0	0	1036.52
2036	A	A	1045.38	35.5512	75	75	1045.38	0	0	0
2037	T	T	1049.25	35.5176	73	73	0	0	0	1049.25
2038	A	A	1020.24	34.9311	73	73	1020.24	0	0	0
2039	A	A	989.111	34.9311	73	73	989.111	0	0	0
2040	A	A	1007.45	34.9534	74	74	1007.45	0	0	0
2041	G	G	1068.07	34.0116	75	74	0	0	1068.07	0
2042	C	C	1042.82	33.9825	74	73	0	1042.82	0	0
2043	C	C	1025.62	33.9225	72	71	0	1025.62	0	0
2044	G	G	979.805	33.8277	69	68	0	0	979.805	0
2045	C	C	1000.46	33.8916	71	70	0	1000.46	0	0
2046	A	A	915.783	33.4345	70	70	915.783	0	0	0
2047	A	A	882.019	33.3993	69	69	882.019	0	0	0
2048	T	T	953.236	32.9713	68	68	0	0	0	953.236
2049	C	C	966.408	32.2793	68	67	0	966.408	0	0
2050	C	C	936.9	32.193	66	65	0	936.9	0	0
2051	C	C	856.307	32.3056	61	60	0	856.307	0	0
2052	C	C	820.571	32.1597	58	57	0	820.571	0	0
2053	A	A	782.476	32.1088	57	57	782.476	0	0	0
2054	T	T	791.862	31.7026	56	56	0	0	0	791.862
2055	G	G	777.286	31.4853	58	55	0	0	777.286	0
2056	G	G	804.687	31.4309	57	56	0	0	804.687	0
2057	C	C	821.112	31.1837	58	57	0	821.112	0	0
2058	T	A	791.012	31.2919	60	60	791.012	0	0	0
2059	T	T	822.897	31.4951	64	64	0	0	0	822.897
2060	C	C	875.646	31.6417	61	61	0	875.646	0	0
2061	C	C	873.217	31.6916	62	61	0	873.217	0	0
2062	T	T	811.671	31.6916	62	62	0	0	0	811.671
2063	C	C	806.223	31.5907	60	57	0	806.223	0	0
2064	A	A	808.893	31.5386	59	59	808.893	0	0	0
2065	C	C	902.916	31.7405	63	63	0	902.916	0	0
2066	T	T	839.806	31.7405	63	63	0	0	0	839.806
2067	A	A	845.72	31.6916	62	62	845.72	0	0	0
2068	A	A	831.355	31.5907	60	60	831.355	0	0	0
2069	A	A	885.748	31.2203	64	64	885.748	0	0	0
2070	A	A	896.899	31.2203	64	64	896.899	0	0	0
2071	A	A	879.903	31.2203	64	64	879.903	0	0	0
2072	A	A	864.848	31.1699	63	63	864.848	0	0	0
2073	C	C	870.99	31.1699	63	61	0	870.99	0	0
2074	C	A	828.111	30.8043	61	61	828.111	0	0	0
2075	C	C	867.458	30.8043	61	60	0	867.458	0	0
2076	C	C	867.234	31.0123	60	60	0	867.234	0	0
2077	G	G	845.561	31.0659	61	59	0	0	845.561	0
2078	A	A	850.174	31.3956	62	62	850.174	0	0	0
2079	A	A	832.61	31.5386	59	59	832.61	0	0	0
2080	T	T	804.398	31.861	59	59	0	0	0	804.398
2081	C	C	811.926	31.861	59	57	0	811.926	0	0
2082	C	C	840.457	31.9116	60	59	0	840.457	0	0
2083	C	C	893.202	32.0567	63	62	0	893.202	0	0
2084	C	C	838.447	32.193	66	60	0	838.447	0	0
2085	C	C	918.301	32.1485	65	64	0	918.301	0	0
2086	G	G	912.339	32.193	66	64	0	0	912.339	0
2087	T	T	899.235	32.2366	67	67	0	0	0	899.235
2088	A	A	893.359	32.193	66	66	893.359	0	0	0
2089	T	T	910.359	32.4859	65	65	0	0	0	910.359
2090	C	C	934.369	32.5705	67	65	0	934.369	0	0
2091	A	A	881.818	33.2513	65	65	881.818	0	0	0
2092	T	T	885.345	33.2122	64	64	0	0	0	885.345
2093	A	A	875.07	33.1723	63	63	875.07	0	0	0
2094	A	A	870.459	33.5807	62	62	870.459	0	0	0
2095	A	A	858.672	33.5807	62	61	858.672	0	0	0
2096	T	T	870.624	33.1723	63	63	0	0	0	870.624
2097	T	T	876.077	33.2122	64	64	0	0	0	876.077
2098	A	A	900.119	33.2513	65	65	900.119	0	0	0
2099	C	C	887.338	33.2122	64	62	0	887.338	0	0
2100	T	T	894.678	32.5286	66	66	0	0	0	894.678
2101	C	C	922.413	32.6115	68	65	0	922.413	0	0
2102	A	A	948.37	32.6517	69	69	948.37	0	0	0
2103	A	A	950.196	32.6517	69	69	950.196	0	0	0
2104	T	T	908.958	32.9713	68	68	0	0	0	908.958
2105	C	C	967.543	32.9322	67	67	0	967.543	0	0
2106	G	G	909.711	32.9322	67	64	0	0	909.711	0
2107	C	C	981.334	33.3635	68	68	0	981.334	0	0
2108	C	C	967.431	33.3269	67	67	0	967.431	0	0
2109	T	T	941.118	32.9713	68	68	0	0	0	941.118
2110	A	A	875.925	32.8924	66	66	875.925	0	0	0
2111	T	T	902.173	32.4859	65	65	0	0	0	902.173
2112	T	G	921.612	32.1485	65	64	0	0	921.612	0
2113	C	C	895.695	32.3521	62	62	0	895.695	0	0
2114	C	C	850.98	32.4422	64	60	0	850.98	0	0
2115	A	A	881.827	32.7677	63	63	881.827	0	0	0
2116	T	T	878.922	32.8924	66	66	0	0	0	878.922
2117	T	T	889.918	32.8924	66	66	0	0	0	889.918
2118	A	A	943.765	32.9713	68	68	943.765	0	0	0
2119	A	A	940.287	32.9713	68	68	940.287	0	0	0
2120	A	A	933.655	32.9713	68	68	933.655	0	0	0
2121	T	T	939.647	32.9713	68	68	0	0	0	939.647
2122	T	T	959.236	33.0469	70	70	0	0	0	959.236
2123	T	T	953.947	33.0469	70	70	0	0	0	953.947
2124	A	A	928.399	32.9713	68	68	928.399	0	0	0
2125	A	A	931.112	32.9713	68	68	931.112	0	0	0
2126	A	A	932.624	33.0095	69	69	932.624	0	0	0
2127	T	T	935.649	32.6517	69	69	0	0	0	935.649
2128	A	A	936.276	32.6115	68	68	936.276	0	0	0
2129	C	C	1011.73	32.8049	73	71	0	1011.73	0	0
2130	A	A	995.607	32.7677	72	72	995.607	0	0	0
2131	A	A	993.915	32.7677	72	72	993.915	0	0	0
2132	T	T	962.57	32.8049	73	73	0	0	0	962.57
2133	C	G	1003.57	32.8414	74	71	0	0	1003.57	0
2134	T	T	1035.03	32.9124	76	76	0	0	0	1035.03
2135	C	C	1079.95	33.5997	75	75	0	1079.95	0	0
2136	A	A	1060.1	33.6614	77	77	1060.1	0	0	0
2137	A	A	1048.43	33.6614	77	77	1048.43	0	0	0
2138	C	C	1122.74	33.7208	79	78	0	1122.74	0	0
2139	T	T	1081.4	33.7496	80	80	0	0	0	1081.4
2140	T	T	1061.74	33.6913	78	78	0	0	0	1061.74
2141	C	C	1057.5	33.6614	77	74	0	1057.5	0	0
2142	A	A	979.744	33.5356	73	73	979.744	0	0	0
2143	T	T	1028.69	33.5025	72	72	0	0	0	1028.69
2144	C	C	954.607	33.3993	69	67	0	954.607	0	0
2145	A	A	955.337	33.5025	72	72	955.337	0	0	0
2146	T	T	983.767	33.4688	71	71	0	0	0	983.767
2147	C	C	945.4	33.86	70	67	0	945.4	0	0
2148	T	T	931.499	33.7947	68	68	0	0	0	931.499
2149	T	T	911.193	34.2434	67	67	0	0	0	911.193
2150	T	T	904.107	34.7056	64	64	0	0	0	904.107
2151	C	C	896.112	34.7331	65	63	0	896.112	0	0
2152	A	A	855.674	34.7331	65	65	855.674	0	0	0
2153	A	A	833.012	34.6485	62	62	833.012	0	0	0
2154	G	G	845.023	34.6774	63	60	0	0	845.023	0
2155	A	A	857.452	37	61	61	857.452	0	0	0
2156	C	C	869.111	37	63	61	0	869.111	0	0
2157	A	A	877.591	37	62	62	877.591	0	0	0
2158	T	T	837.888	37	63	63	0	0	0	837.888
2159	A	A	897.365	37	64	64	897.365	0	0	0
2160	A	A	893.848	37	64	64	893.848	0	0	0
2161	C	C	878.932	37	64	62	0	878.932	0	0
2162	A	A	904.998	37	65	65	904.998	0	0	0
2163	G	G	938.56	37	65	65	0	0	938.56	0
2164	G	G	924.685	37	65	64	0	0	924.685	0
2165	C	C	911.281	37	67	64	0	911.281	0	0
2166	A	A	950.759	37	68	68	950.759	0	0	0
2167	A	A	949.965	37	68	68	949.965	0	0	0
2168	T	T	932.738	37	69	69	0	0	0	932.738
2169	C	C	946.825	37	68	66	0	946.825	0	0
2170	A	A	966.317	37	71	71	966.317	0	0	0
2171	A	A	930.08	37	71	71	930.08	0	0	0
2172	T	T	983.426	37	73	73	0	0	0	983.426
2173	A	A	917.037	37	71	71	917.037	0	0	0
2174	A	A	942.764	37	73	73	942.764	0	0	0
2175	C	C	954.782	37	73	68	0	954.782	0	0
2176	T	T	920.917	37	71	71	0	0	0	920.917
2177	C	C	963.632	37	67	67	0	963.632	0	0
2178	A	A	920.527	37	67	67	920.527	0	0	0
2179	G	G	936.778	37	66	65	0	0	936.778	0
2180	A	A	928.472	37	67	67	928.472	0	0	0
2181	T	T	930.991	37	66	66	0	0	0	930.991
2182	A	A	921.364	37	65	65	921.364	0	0	0
2183	A	A	919.928	37	66	66	919.928	0	0	0
2184	T	T	895.534	37	64	64	0	0	0	895.534
2185	A	A	926.62	37	66	66	926.62	0	0	0
2186	G	G	968.5	37	67	67	0	0	968.5	0
2187	A	A	934.822	37	68	68	934.822	0	0	0
2188	C	C	930.201	37	66	65	0	930.201	0	0
2189	C	C	919.515	37	66	64	0	919.515	0	0
2190	C	C	939.659	37	65	65	0	939.659	0	0
2191	A	A	926.824	37	68	68	926.824	0	0	0
2192	C	C	924.348	37	67	65	0	924.348	0	0
2193	G	G	894.417	37	68	64	0	0	894.417	0
2194	A	A	918.914	37	68	68	918.914	0	0	0
2195	T	T	897.755	37	67	67	0	0	0	897.755
2196	A	A	948.714	37	71	71	948.714	0	0	0
2197	A	A	947.938	37	71	71	947.938	0	0	0
2198	A	A	975.475	37	72	72	975.475	0	0	0
2199	T	T	938.117	37	70	70	0	0	0	938.117
2200	G	G	1007.87	37	71	70	0	0	1007.87	0
2201	C	C	973.208	37	70	68	0	973.208	0	0
2202	G	G	953.785	37	69	67	0	0	953.785	0
2203	C	C	947.213	37	71	67	0	947.213	0	0
2204	C	C	992.606	37	70	69	0	992.606	0	0
2205	T	T	980.615	37	73	73	0	0	0	980.615
2206	A	A	1034.81	37	74	74	1034.81	0	0	0
2207	A	A	1053.28	37	76	76	1053.28	0	0	0
2208	T	T	1032.12	37	76	76	0	0	0	1032.12
2209	A	A	1025.44	37	75	75	1025.44	0	0	0
2210	C	C	1034.29	37	76	73	0	1034.29	0	0
2211	A	A	1002.23	37	74	74	1002.23	0	0	0
2212	G	G	1025.05	37	75	72	0	0	1025.05	0
2213	C	C	1109.97	37	77	77	0	1109.97	0	0
2214	T	T	1009.92	37	73	73	0	0	0	1009.92
2215	T	T	1007.54	37	73	73	0	0	0	1007.54
2216	T	T	988.675	37	72	72	0	0	0	988.675
2217	A	A	908.214	37	71	71	908.214	0	0	0
2218	T	T	951.548	37	68	68	0	0	0	951.548
2219	T	T	949.742	37	71	71	0	0	0	949.742
2220	A	A	940.695	37	70	70	940.695	0	0	0
2221	G	G	951.764	37	67	66	0	0	951.764	0
2222	A	A	946.976	37	66	66	946.976	0	0	0
2223	G	G	969.732	37	67	67	0	0	969.732	0
2224	A	A	933.753	37	66	66	933.753	0	0	0
2225	T	T	926.778	37	66	66	0	0	0	926.778
2226	T	T	925.552	37	66	66	0	0	0	925.552
2227	C	C	940.438	36.1422	68	66	0	940.438	0	0
2228	A	A	909.382	36.1306	67	67	909.382	0	0	0
2229	A	A	919.747	36.1306	67	67	919.747	0	0	0
2230	A	A	960.886	36.1422	68	68	960.886	0	0	0
2231	C	C	986.519	34.8612	70	69	0	986.519	0	0
2232	C	C	953.525	34.8612	70	67	0	953.525	0	0
2233	T	T	957.793	34.9534	74	74	0	0	0	957.793
2234	C	C	982.518	35.0175	77	71	0	982.518	0	0
2235	A	A	1088.32	35.058	79	79	1088.32	0	0	0
2236	G	G	1063.79	35.0379	78	75	0	0	1063.79	0
2237	G	G	1054.29	34.9966	76	74	0	0	1054.29	0
2238	A	A	1088.86	35.0379	78	78	1088.86	0	0	0
2239	T	T	1063.9	35.0175	77	77	0	0	0	1063.9
2240	A	A	1111.62	35.058	79	79	1111.62	0	0	0
2241	C	C	1085.8	35.058	79	76	0	1085.8	0	0
2242	T	T	1105.07	35.1156	82	82	0	0	0	1105.07
2243	G	G	1130.36	35.0968	81	79	0	0	1130.36	0
2244	C	C	1157.96	35.2044	87	82	0	1157.96	0	0
2245	T	T	1178.1	34.799	90	90	0	0	0	1178.1
2246	C	C	1126.4	34.7399	87	81	0	1126.4	0	0
2247	A	A	1149.2	34.6774	84	84	1149.2	0	0	0
2248	G	G	1162.44	34.6558	83	81	0	0	1162.44	0
2249	T	T	1130.05	34.6338	82	82	0	0	0	1130.05
2250	G	G	1185.95	34.6558	83	82	0	0	1185.95	0
2251	G	G	1156.47	34.6558	83	81	0	0	1156.47	0
2252	C	C	1137.06	34.6113	81	79	0	1137.06	0	0
2253	C	C	1127.51	35.0968	81	79	0	1127.51	0	0
2254	A	A	1106.43	35.1156	82	82	1106.43	0	0	0
2255	T	T	1124.34	35.0776	80	80	0	0	0	1124.34
2256	A	A	1095.54	35.058	79	79	1095.54	0	0	0
2257	G	G	1094.87	35.0379	78	76	0	0	1094.87	0
2258	C	C	1115.12	35.5834	77	77	0	1115.12	0	0
2259	C	C	1048.99	35.5512	75	73	0	1048.99	0	0
2260	G	G	1034.47	35.5834	77	73	0	0	1034.47	0
2261	T	T	1081.74	35.5834	77	77	0	0	0	1081.74
2262	A	A	998.573	35.5675	76	75	998.573	0	0	0
2263	G	G	1011.92	35.5675	76	72	0	0	1011.92	0
2264	T	T	1017.65	36.1959	73	73	0	0	0	1017.65
2265	A	A	953.017	36.1752	71	71	953.017	0	0	0
2266	T	T	961.439	37	68	68	0	0	0	961.439
2267	A	A	923.398	37	68	68	923.398	0	0	0
2268	A	A	890.299	37	65	65	890.299	0	0	0
2269	C	C	911.368	37	63	63	0	911.368	0	0
2270	C	C	922.663	37	67	65	0	922.663	0	0
2271	A	A	958.566	37	70	70	958.566	0	0	0
2272	A	A	941.227	37	69	69	941.227	0	0	0
2273	A	A	949.717	37	69	69	949.717	0	0	0
2274	A	A	953.904	37	69	69	953.904	0	0	0
2275	A	A	960.081	37	69	69	960.081	0	0	0
2276	C	C	981.835	37	69	68	0	981.835	0	0
2277	C	C	951.81	36.1645	70	67	0	951.81	0	0
2278	A	A	938.465	36.1535	69	69	938.465	0	0	0
2279	C	C	960.145	36.1535	69	67	0	960.145	0	0
2280	A	A	906.198	36.1422	68	68	906.198	0	0	0
2281	A	A	879.085	36.1306	67	67	879.085	0	0	0
2282	G	G	893.584	35.3864	66	63	0	0	893.584	0
2283	C	C	910.557	35.4066	67	64	0	910.557	0	0
2284	A	A	846.042	35.3657	65	65	846.042	0	0	0
2285	T	T	882.232	35.3657	65	65	0	0	0	882.232
2286	T	T	868.82	34.7331	65	65	0	0	0	868.82
2287	C	C	867.076	34.1488	64	61	0	867.076	0	0
2288	C	C	835.911	34.0472	61	59	0	835.911	0	0
2289	A	A	813.658	34.0116	60	60	813.658	0	0	0
2290	C	C	865.964	34.0116	60	60	0	865.964	0	0
2291	C	T	812.584	33.9752	59	59	0	0	0	812.584
2292	T	T	815.051	34.0116	60	60	0	0	0	815.051
2293	A	A	854.009	34.0472	61	61	854.009	0	0	0
2294	A	A	887.363	34.1157	63	63	887.363	0	0	0
2295	A	A	917.411	34.1811	65	65	917.411	0	0	0
2296	T	T	856.951	34.2434	67	67	0	0	0	856.951
2297	A	A	945.644	34.2735	68	68	945.644	0	0	0
2298	A	A	962.973	34.3318	70	70	962.973	0	0	0
2299	A	A	990.578	34.3599	71	71	990.578	0	0	0
2300	T	T	957.567	34.3599	71	71	0	0	0	957.567
2301	T	T	953.356	34.3599	71	71	0	0	0	953.356
2302	A	A	1034.89	34.4145	73	73	1034.89	0	0	0
2303	A	A	1058	34.4409	74	74	1058	0	0	0
2304	A	A	1093.24	34.5169	77	77	1093.24	0	0	0
2305	A	A	1114.43	34.5884	80	80	1114.43	0	0	0
2306	A	A	1081.26	34.5884	80	80	1081.26	0	0	0
2307	A	A	1085.21	35.058	79	79	1085.21	0	0	0
2308	A	A	1094.66	35.0968	81	81	1094.66	0	0	0
2309	C	C	1195.69	35.1522	84	83	0	1195.69	0	0
2310	C	C	1116.61	35.1156	82	79	0	1116.61	0	0
2311	A	A	1139.94	35.0968	81	81	1139.94	0	0	0
2312	T	T	1096.53	35.0968	81	81	0	0	0	1096.53
2313	T	T	1086.47	35.6141	79	79	0	0	0	1086.47
2314	A	A	1114.18	35.6141	79	79	1114.18	0	0	0
2315	A	A	1093.82	35.5989	78	78	1093.82	0	0	0
2316	A	A	1062.76	35.5989	78	78	1062.76	0	0	0
2317	C	C	1143.81	35.6289	80	79	0	1143.81	0	0
2318	C	C	1137.5	35.6435	81	79	0	1137.5	0	0
2319	T	T	1121.06	35.6435	81	81	0	0	0	1121.06
2320	A	A	1081.2	35.6289	80	80	1081.2	0	0	0
2321	A	A	1066.14	35.5989	78	78	1066.14	0	0	0
2322	A	A	1032.1	35.5834	77	77	1032.1	0	0	0
2323	A	A	1053.58	36.2432	78	78	1053.58	0	0	0
2324	A	A	1049.75	36.2432	78	78	1049.75	0	0	0
2325	A	A	1080.66	36.2606	80	80	1080.66	0	0	0
2326	G	G	1063.11	36.2432	78	75	0	0	1063.11	0
2327	A	A	1054.09	36.2058	74	74	1054.09	0	0	0
2328	C	C	1060.62	36.2249	76	74	0	1060.62	0	0
2329	C	C	1082.77	35.5675	76	75	0	1082.77	0	0
2330	C	C	1082.52	35.5989	78	76	0	1082.52	0	0
2331	C	C	1096.99	35.5834	77	76	0	1096.99	0	0
2332	C	C	1033.31	35.6141	79	74	0	1033.31	0	0
2333	C	C	1082.21	35.6289	80	76	0	1082.21	0	0
2334	A	A	1110.33	35.6435	81	81	1110.33	0	0	0
2335	A	A	1122.18	35.6716	83	83	1122.18	0	0	0
2336	A	A	1118.28	36.2772	82	82	1118.28	0	0	0
2337	A	A	1128.49	36.2852	83	83	1128.49	0	0	0
2338	C	C	1051.01	36.269	81	75	0	1051.01	0	0
2339	T	T	1108.51	36.2606	80	80	0	0	0	1108.51
2340	T	T	1092.53	36.2432	78	78	0	0	0	1092.53
2341	A	A	1128.01	36.2606	80	80	1128.01	0	0	0
2342	A	A	1128.13	36.2606	80	80	1128.13	0	0	0
2343	T	T	1110.44	36.2606	80	80	0	0	0	1110.44
2344	A	A	1112.64	36.269	81	81	1112.64	0	0	0
2345	C	C	1119.86	36.2606	80	78	0	1119.86	0	0
2346	A	A	1074	36.2432	78	78	1074	0	0	0
2347	A	A	1063.38	36.2342	77	77	1063.38	0	0	0
2348	T	T	1101.77	36.2432	78	78	0	0	0	1101.77
2349	A	A	1097.96	36.2342	77	77	1097.96	0	0	0
2350	C	C	1071.55	36.2432	78	75	0	1071.55	0	0
2351	C	C	1081.61	36.252	79	76	0	1081.61	0	0
2352	A	A	1131.84	36.2772	82	81	1131.84	0	0	0
2353	C	C	1124.77	36.269	81	79	0	1124.77	0	0
2354	A	A	1133.06	36.2772	82	82	1133.06	0	0	0
2355	C	C	1163.43	36.2852	83	81	0	1163.43	0	0
2356	C	C	1156.9	36.269	81	80	0	1156.9	0	0
2357	C	C	1108.81	36.252	79	77	0	1108.81	0	0
2358	A	A	1057.89	36.252	79	79	1057.89	0	0	0
2359	A	A	1051.98	36.252	79	79	1051.98	0	0	0
2360	C	C	1138.48	36.252	79	79	0	1138.48	0	0
2361	A	A	1052.36	35.5834	77	77	1052.36	0	0	0
2362	C	C	1098.28	35.5675	76	76	0	1098.28	0	0
2363	C	C	1040	35.5176	73	72	0	1040	0	0
2364	C	C	1030.26	35.5346	74	72	0	1030.26	0	0
2365	C	C	1069.02	36.2058	74	74	0	1069.02	0	0
2366	C	C	989.294	36.1959	73	70	0	989.294	0	0
2367	A	A	952.231	36.1959	73	73	952.231	0	0	0
2368	C	C	1024.12	36.1752	71	71	0	1024.12	0	0
2369	T	T	971.375	36.1752	71	71	0	0	0	971.375
2370	A	A	935.255	36.1422	68	68	935.255	0	0	0
2371	A	A	961.386	35.4641	70	70	961.386	0	0	0
2372	C	C	948.071	35.4824	71	67	0	948.071	0	0
2373	A	A	968.145	35.5002	72	72	968.145	0	0	0
2374	A	A	957.085	35.4824	71	71	957.085	0	0	0
2375	T	T	971.013	35.5176	73	73	0	0	0	971.013
2376	T	T	993.134	35.5346	74	74	0	0	0	993.134
2377	A	A	956.212	35.4454	69	69	956.212	0	0	0
2378	A	A	954.716	35.4066	67	67	954.716	0	0	0
2379	A	A	932.542	35.4066	67	67	932.542	0	0	0
2380	A	A	950.24	35.4454	69	69	950.24	0	0	0
2381	C	C	996.161	35.4454	69	69	0	996.161	0	0
2382	T	T	952.756	35.4262	68	68	0	0	0	952.756
2383	A	A	909.697	35.4262	68	68	909.697	0	0	0
2384	A	A	904.812	35.3864	66	66	904.812	0	0	0
2385	C	C	941.139	34.76	66	65	0	941.139	0	0
2386	C	C	925.225	34.1811	65	64	0	925.225	0	0
2387	C	C	910.801	34.1157	63	63	0	910.801	0	0
2388	C	C	880.753	34.0819	62	61	0	880.753	0	0
2389	C	C	897.813	34.0819	62	62	0	897.813	0	0
2390	C	C	895.275	33.6185	63	62	0	895.275	0	0
2391	G	G	809.653	33.5025	60	57	0	0	809.653	0
2392	T	T	808.176	33.3779	57	57	0	0	0	808.176
2393	A	A	804.485	32.9583	58	58	804.485	0	0	0
2394	A	A	775.506	32.9124	57	57	775.506	0	0	0
2395	A	A	770.411	32.8654	56	56	770.411	0	0	0
2396	T	T	779.606	32.8172	55	55	0	0	0	779.606
2397	G	G	763.426	32.7677	54	53	0	0	763.426	0
2398	G	G	769.592	32.5407	58	55	0	0	769.592	0
2399	G	G	759.058	32.3912	55	53	0	0	759.058	0
2400	A	A	757.744	32.3912	55	55	757.744	0	0	0
2401	G	G	788.85	32.4422	56	55	0	0	788.85	0
2402	A	A	716.491	32.3912	55	55	716.491	0	0	0
2403	A	A	694.124	32.2854	53	53	694.124	0	0	0
2404	G	G	742.572	31.8927	53	52	0	0	742.572	0
2405	G	G	679.64	31.7765	51	48	0	0	679.64	0
2406	C	C	693.185	31.2203	48	48	0	693.185	0	0
2407	T	T	655.248	31.0835	46	46	0	0	0	655.248
2408	T	T	641.693	31.0123	45	45	0	0	0	641.693
2409	A	A	565.075	30.5905	44	44	565.075	0	0	0
2410	G	G	575.037	30.5905	44	41	0	0	575.037	0
2411	A	T	615.926	30.2677	44	44	0	0	0	615.926
2412	A	A	528.751	30.352	41	41	528.751	0	0	0
2413	G	G	518.266	29.9384	40	37	0	0	518.266	0
2414	A	A	534.246	29.9384	40	40	534.246	0	0	0
2415	G	G	571.531	29.7197	41	40	0	0	571.531	0
2416	A	A	544.925	29.6323	40	40	544.925	0	0	0
2417	A	A	541.472	29.7197	41	41	541.472	0	0	0
2418	C	C	546.337	29.5211	42	39	0	546.337	0	0
2419	C	C	585.569	29.2551	42	41	0	585.569	0	0
2420	C	C	588.977	29.0044	42	41	0	588.977	0	0
2421	T	T	563.251	28.8541	43	43	0	0	0	563.251
2422	A	A	566.154	28.7674	42	42	566.154	0	0	0
2423	C	C	593.713	28.7153	44	42	0	593.713	0	0
2424	A	A	602.058	28.503	44	44	602.058	0	0	0
2425	A	A	625.981	28.2749	46	46	625.981	0	0	0
2426	A	A	646.662	28.0908	46	46	646.662	0	0	0
2427	A	A	648.609	27.9143	46	46	648.609	0	0	0
2428	C	G	676.701	27.996	47	47	0	0	676.701	0
2429	C	C	678.567	28.23	50	48	0	678.567	0	0
2430	C	C	730.346	28.3045	51	51	0	730.346	0	0
2431	A	A	702.936	28.3773	52	52	702.936	0	0	0
2432	T	T	693.295	28.4486	53	53	0	0	0	693.295
2433	C	A	708.585	28.3045	51	51	708.585	0	0	0
2434	A	A	712.331	28.5867	50	50	712.331	0	0	0
2435	C	C	703.38	28.8711	54	50	0	703.38	0	0
2436	A	A	750.057	28.9209	52	52	750.057	0	0	0
2437	A	A	743.809	28.9209	52	52	743.809	0	0	0
2438	A	A	750.887	28.9906	53	53	750.887	0	0	0
2439	A	A	754.877	29.0589	54	54	754.877	0	0	0
2440	A	A	736.3	29.1874	53	53	736.3	0	0	0
2441	C	C	750.896	29.1874	53	52	0	750.896	0	0
2442	G	G	733.051	29.3251	52	51	0	0	733.051	0
2443	A	A	725.337	29.4606	54	54	725.337	0	0	0
2444	C	C	740.751	29.6101	53	52	0	740.751	0	0
2445	A	A	737.45	30.1428	54	54	737.45	0	0	0
2446	C	C	763.171	30.7266	55	54	0	763.171	0	0
2447	T	T	738.257	30.7862	56	56	0	0	0	738.257
2448	T	T	743.346	31.4853	58	58	0	0	0	743.346
2449	A	A	809.024	31.8094	58	58	809.024	0	0	0
2450	A	A	812.824	31.861	59	59	812.824	0	0	0
2451	A	A	852.667	32.3056	61	61	852.667	0	0	0
2452	A	A	842.861	32.3056	61	61	842.861	0	0	0
2453	T	T	849.497	32.3521	62	62	0	0	0	849.497
2454	A	A	864.52	32.7243	62	62	864.52	0	0	0
2455	A	A	850.822	32.7243	62	62	850.822	0	0	0
2456	A	A	857.047	33.1315	62	62	857.047	0	0	0
2457	T	T	850.282	33.1315	62	62	0	0	0	850.282
2458	A	A	848.666	33.5807	62	62	848.666	0	0	0
2459	C	C	858.953	33.5807	62	60	0	858.953	0	0
2460	A	A	829.338	33.462	59	59	829.338	0	0	0
2461	A	A	841.962	33.5421	61	61	841.962	0	0	0
2462	T	T	849.17	33.5421	61	61	0	0	0	849.17
2463	A	A	821.949	33.5025	60	60	821.949	0	0	0
2464	T	T	835.067	33.5025	60	60	0	0	0	835.067
2465	A	A	903.878	33.2895	66	66	903.878	0	0	0
2466	C	C	900.886	33.6913	65	63	0	900.886	0	0
2467	A	A	972.179	34.303	69	69	972.179	0	0	0
2468	T	T	888.133	34.3599	71	71	0	0	0	888.133
2469	T	T	917.122	34.4145	73	73	0	0	0	917.122
2470	G	G	975.283	34.3875	72	69	0	0	975.283	0
2471	T	T	965.256	34.4409	74	74	0	0	0	965.256
2472	C	C	1065.79	34.4668	75	74	0	1065.79	0	0
2473	A	A	1010.05	34.4668	75	75	1010.05	0	0	0
2474	T	T	998.137	34.885	71	71	0	0	0	998.137
2475	T	T	971.456	34.8367	69	69	0	0	0	971.456
2476	A	A	947.308	34.8367	69	69	947.308	0	0	0
2477	T	T	975.277	34.8118	68	68	0	0	0	975.277
2478	T	T	959.08	34.7862	67	67	0	0	0	959.08
2479	C	C	925.514	34.7862	67	65	0	925.514	0	0
2480	C	C	921.917	34.7862	67	65	0	921.917	0	0
2481	C	C	953.493	34.7862	67	66	0	953.493	0	0
2482	A	A	910.663	34.76	66	66	910.663	0	0	0
2483	C	C	931.55	34.76	66	65	0	931.55	0	0
2484	A	A	881.911	35.3864	66	66	881.911	0	0	0
2485	T	T	924.172	35.3445	64	64	0	0	0	924.172
2486	G	G	843.835	35.2773	61	59	0	0	843.835	0
2487	G	C	820.027	35.3227	63	59	0	820.027	0	0
2488	A	A	844.658	36.0809	63	63	844.658	0	0	0
2489	A	A	823.831	36.0809	63	63	823.831	0	0	0
2490	T	T	835.604	36.0809	63	63	0	0	0	835.604
2491	C	C	835.231	36.0675	62	59	0	835.231	0	0
2492	T	T	830.276	36.0538	61	61	0	0	0	830.276
2493	A	A	801.89	36.0397	60	60	801.89	0	0	0
2494	A	A	774.937	35.962	55	55	774.937	0	0	0
2495	C	C	793.697	35.9785	56	55	0	793.697	0	0
2496	C	C	835.269	36.01	58	58	0	835.269	0	0
2497	A	A	810.474	35.9945	57	57	810.474	0	0	0
2498	T	T	803.857	36.0251	59	59	0	0	0	803.857
2499	G	G	848.898	36.0397	60	59	0	0	848.898	0
2500	A	A	811.228	36.0538	61	60	811.228	0	0	0
2501	C	C	849.745	36.0397	60	59	0	849.745	0	0
2502	T	T	823.677	36.0251	59	59	0	0	0	823.677
2503	A	A	803.852	36.01	58	58	803.852	0	0	0
2504	G	G	833.449	35.2044	58	58	0	0	833.449	0
2505	T	T	793.889	35.2044	58	58	0	0	0	793.889
2506	G	G	818.636	35.2044	58	57	0	0	818.636	0
2507	A	A	784.014	35.2044	58	58	784.014	0	0	0
2508	C	C	791.058	35.2294	59	56	0	791.058	0	0
2509	A	A	791.207	35.1787	57	57	791.207	0	0	0
2510	T	T	804.589	35.2044	58	58	0	0	0	804.589
2511	G	G	803.515	35.1787	57	56	0	0	803.515	0
2512	A	A	784.009	35.2044	58	58	784.009	0	0	0
2513	A	A	796.445	35.2294	59	59	796.445	0	0	0
2514	A	A	842.495	35.3445	64	64	842.495	0	0	0
2515	A	A	825.672	35.2773	61	61	825.672	0	0	0
2516	A	A	834.3	35.2773	61	61	834.3	0	0	0
2517	T	T	801.259	35.2537	60	60	0	0	0	801.259
2518	C	C	828.797	35.2537	60	58	0	828.797	0	0
2519	A	A	755.238	35.1787	57	57	755.238	0	0	0
2520	C	C	805.549	34.5251	58	56	0	805.549	0	0
2521	C	C	810.797	34.5251	58	57	0	810.797	0	0
2522	G	G	816.545	34.5251	58	57	0	0	816.545	0
2523	T	T	748.716	34.3875	54	54	0	0	0	748.716
2524	T	T	741.27	34.4582	56	56	0	0	0	741.27
2525	G	G	767.436	34.4921	57	54	0	0	767.436	0
2526	T	T	754.11	34.4582	56	56	0	0	0	754.11
2527	A	A	774.296	34.4921	57	57	774.296	0	0	0
2528	C	C	802.667	34.4921	57	56	0	802.667	0	0
2529	T	T	774.334	34.4582	56	56	0	0	0	774.334
2530	T	T	763.065	34.4234	55	55	0	0	0	763.065
2531	C	C	794.408	33.86	56	55	0	794.408	0	0
2532	A	T	758.136	33.778	54	54	0	0	0	758.136
2533	A	A	762.681	33.778	54	54	762.681	0	0	0
2534	C	C	805.034	33.3779	57	56	0	805.034	0	0
2535	T	T	773.557	33.3779	57	57	0	0	0	773.557
2536	A	A	802.255	33.4205	58	58	802.255	0	0	0
2537	C	C	790.51	33.4205	58	56	0	790.51	0	0
2538	A	A	776.012	33.3779	57	57	776.012	0	0	0
2539	A	A	803.704	33.462	59	59	803.704	0	0	0
2540	G	G	792.22	33.462	59	56	0	0	792.22	0
2541	A	A	784.355	33.8994	57	57	784.355	0	0	0
2542	A	A	769.218	33.86	56	56	769.218	0	0	0
2543	C	C	789.603	33.8994	57	55	0	789.603	0	0
2544	C	C	784.234	33.86	56	55	0	784.234	0	0
2545	T	T	765.44	33.778	54	54	0	0	0	765.44
2546	T	T	763.66	33.778	54	54	0	0	0	763.66
2547	A	A	715.013	33.7353	53	53	715.013	0	0	0
2548	A	A	709.461	33.6913	52	52	709.461	0	0	0
2549	T	T	733.29	33.6913	52	52	0	0	0	733.29
2550	G	G	706.973	33.5997	50	49	0	0	706.973	0
2551	A	A	726.997	33.7353	53	53	726.997	0	0	0
2552	C	C	748.525	34.3506	53	52	0	748.525	0	0
2553	C	C	728.506	34.3506	53	51	0	728.506	0	0
2554	A	A	747.904	34.3875	54	54	747.904	0	0	0
2555	A	A	737.017	34.4234	55	55	737.017	0	0	0
2556	C	C	727.237	34.4234	55	52	0	727.237	0	0
2557	A	A	763.447	34.4234	55	55	763.447	0	0	0
2558	T	T	759.369	34.4921	57	57	0	0	0	759.369
2559	C	A	830.452	33.5025	60	60	830.452	0	0	0
2560	C	C	829.415	33.462	59	58	0	829.415	0	0
2561	G	G	858.465	33.5421	61	60	0	0	858.465	0
2562	A	A	874.949	33.5807	62	62	874.949	0	0	0
2563	A	A	894.316	33.6553	64	64	894.316	0	0	0
2564	A	A	982.745	33.86	70	70	982.745	0	0	0
2565	A	A	985.867	33.8916	71	71	985.867	0	0	0
2566	A	A	1017.24	33.9225	72	72	1017.24	0	0	0
2567	C	C	1017.33	33.9225	72	71	0	1017.33	0	0
2568	C	C	992.179	33.9528	73	70	0	992.179	0	0
2569	C	C	1024.29	33.9528	73	71	0	1024.29	0	0
2570	A	A	1026.75	33.9825	74	74	1026.75	0	0	0
2571	C	C	1080.86	34.0401	76	75	0	1080.86	0	0
2572	C	C	1009.03	34.0401	76	72	0	1009.03	0	0
2573	C	C	999.053	34.4668	75	71	0	999.053	0	0
2574	A	A	1048.7	34.4921	76	76	1048.7	0	0	0
2575	T	T	1020.96	34.9311	73	73	0	0	0	1020.96
2576	T	T	1021.89	34.9083	72	72	0	0	0	1021.89
2577	A	A	1050.95	34.9534	74	74	1050.95	0	0	0
2578	G	G	1044.71	34.9534	74	73	0	0	1044.71	0
2579	C	C	1038.11	34.9752	75	73	0	1038.11	0	0
2580	T	T	1048.44	34.9752	75	75	0	0	0	1048.44
2581	A	A	995.983	34.9752	75	75	995.983	0	0	0
2582	A	A	989.96	34.9534	74	74	989.96	0	0	0
2583	A	A	978.898	35.5176	73	73	978.898	0	0	0
2584	A	A	966.568	36.1959	73	73	966.568	0	0	0
2585	T	T	972.979	36.1645	70	70	0	0	0	972.979
2586	C	C	990.056	36.1752	71	69	0	990.056	0	0
2587	A	A	924.414	36.1645	70	70	924.414	0	0	0
2588	T	T	953.696	36.1645	70	70	0	0	0	953.696
2589	C	C	981.479	36.1422	68	68	0	981.479	0	0
2590	A	A	920.795	36.1306	67	67	920.795	0	0	0
2591	A	A	948.679	36.1422	68	68	948.679	0	0	0
2592	C	C	932.901	37	68	66	0	932.901	0	0
2593	A	A	998.261	37	70	70	998.261	0	0	0
2594	A	A	968.768	37	70	70	968.768	0	0	0
2595	C	C	959.726	37	71	68	0	959.726	0	0
2596	T	T	978.345	37	72	72	0	0	0	978.345
2597	C	C	969.241	37	73	69	0	969.241	0	0
2598	A	A	1011.08	37	76	76	1011.08	0	0	0
2599	T	T	981.006	37	72	72	0	0	0	981.006
2600	T	T	1012.79	37	75	75	0	0	0	1012.79
2601	T	T	984.483	37	73	73	0	0	0	984.483
2602	A	A	1015.24	37	75	75	1015.24	0	0	0
2603	T	T	1001.95	37	75	75	0	0	0	1001.95
2604	T	T	1001.18	37	75	75	0	0	0	1001.18
2605	G	G	1040.17	37	76	73	0	0	1040.17	0
2606	A	A	1034.25	37	78	78	1034.25	0	0	0
2607	T	T	1009.26	37	74	74	0	0	0	1009.26
2608	C	C	1040.55	37	73	72	0	1040.55	0	0
2609	T	T	986.305	36.1857	72	72	0	0	0	986.305
2610	T	T	973.765	36.1752	71	71	0	0	0	973.765
2611	C	C	981.393	36.1752	71	69	0	981.393	0	0
2612	C	C	1034.23	36.1959	73	72	0	1034.23	0	0
2613	A	A	1023.19	36.2249	76	76	1023.19	0	0	0
2614	A	A	1040.83	36.2342	77	77	1040.83	0	0	0
2615	C	C	1060.39	36.2249	76	74	0	1060.39	0	0
2616	A	A	1020.23	36.1959	73	73	1020.23	0	0	0
2617	C	C	1023.92	36.2058	74	72	0	1023.92	0	0
2618	C	C	1017.46	36.2155	75	72	0	1017.46	0	0
2619	A	A	1093.85	36.2342	77	77	1093.85	0	0	0
2620	T	T	1048.7	36.2342	77	77	0	0	0	1048.7
2621	C	C	1069.26	36.2432	78	75	0	1069.26	0	0
2622	A	A	1058.53	36.2432	78	78	1058.53	0	0	0
2623	A	A	1044.74	36.2342	77	77	1044.74	0	0	0
2624	A	A	1084.09	36.2606	80	80	1084.09	0	0	0
2625	C	C	1090.95	36.2432	78	76	0	1090.95	0	0
2626	A	A	1029.84	36.2249	76	76	1029.84	0	0	0
2627	T	T	1041.04	36.2155	75	75	0	0	0	1041.04
2628	C	C	1044.54	36.2058	74	73	0	1044.54	0	0
2629	T	T	1041.95	36.1959	73	73	0	0	0	1041.95
2630	C	C	1025.8	36.1857	72	71	0	1025.8	0	0
2631	A	A	912.99	36.1645	70	70	912.99	0	0	0
2632	G	G	952.935	36.1535	69	67	0	0	952.935	0
2633	C	C	951.489	36.1187	66	66	0	951.489	0	0
2634	A	A	929.355	36.1187	66	66	929.355	0	0	0
2635	T	T	918.512	37	70	70	0	0	0	918.512
2636	G	G	960.801	37	69	67	0	0	960.801	0
2637	A	A	983.801	37	70	70	983.801	0	0	0
2638	T	T	965.146	37	72	72	0	0	0	965.146
2639	G	G	1041.93	37	73	72	0	0	1041.93	0
2640	A	A	1010.33	37	74	74	1010.33	0	0	0
2641	A	A	963.299	37	72	72	963.299	0	0	0
2642	A	A	953.688	37	72	72	953.688	0	0	0
2643	C	C	1055.14	37	73	73	0	1055.14	0	0
2644	T	T	1025.47	37	73	73	0	0	0	1025.47
2645	T	T	973.466	37	69	69	0	0	0	973.466
2646	T	T	913.04	37	66	66	0	0	0	913.04
2647	G	G	937.463	37	66	65	0	0	937.463	0
2648	G	G	906.199	37	66	64	0	0	906.199	0
2649	A	A	906.921	37	66	66	906.921	0	0	0
2650	T	T	913.606	37	67	67	0	0	0	913.606
2651	C	C	921.958	37	65	64	0	921.958	0	0
2652	C	C	901.988	37	65	63	0	901.988	0	0
2653	C	C	929.642	37	65	65	0	929.642	0	0
2654	T	T	889.996	37	63	63	0	0	0	889.996
2655	C	C	880.717	37	62	61	0	880.717	0	0
2656	C	C	919.537	37	64	64	0	919.537	0	0
2657	T	T	900.8	37	69	69	0	0	0	900.8
2658	T	T	927.75	37	71	71	0	0	0	927.75
2659	G	G	1008.97	37	70	70	0	0	1008.97	0
2660	G	G	979.556	37	68	68	0	0	979.556	0
2661	A	A	943.49	37	69	69	943.49	0	0	0
2662	G	G	936.341	37	68	66	0	0	936.341	0
2663	T	T	945.483	37	67	67	0	0	0	945.483
2664	G	G	912.04	37	67	64	0	0	912.04	0
2665	T	T	911.121	37	65	65	0	0	0	911.121
2666	G	G	909.416	37	63	63	0	0	909.416	0
2667	T	T	901.435	37	63	63	0	0	0	901.435
2668	T	T	893.584	37	63	63	0	0	0	893.584
2669	T	T	871.794	37	62	62	0	0	0	871.794
2670	A	A	896.065	37	63	63	896.065	0	0	0
2671	A	A	888.061	37	64	64	888.061	0	0	0
2672	T	T	890.672	37	65	65	0	0	0	890.672
2673	T	T	897.582	37	66	66	0	0	0	897.582
2674	C	C	950.371	37	67	66	0	950.371	0	0
2675	T	T	917.793	37	66	66	0	0	0	917.793
2676	A	A	876.237	37	64	64	876.237	0	0	0
2677	C	C	892.861	37	66	63	0	892.861	0	0
2678	A	A	938.789	37	69	69	938.789	0	0	0
2679	G	G	915.416	37	66	64	0	0	915.416	0
2680	A	A	901.375	37	67	67	901.375	0	0	0
2681	T	T	917.149	36.1645	70	70	0	0	0	917.149
2682	T	T	947.195	36.1752	71	71	0	0	0	947.195
2683	C	C	959.802	36.1535	69	67	0	959.802	0	0
2684	T	T	897.257	36.1064	65	65	0	0	0	897.257
2685	A	A	867.823	36.1064	65	65	867.823	0	0	0
2686	A	A	857.022	36.0809	63	63	857.022	0	0	0
2687	C	C	921.512	36.1064	65	64	0	921.512	0	0
2688	A	A	917.476	36.1306	67	67	917.476	0	0	0
2689	G	G	905.805	36.1064	65	63	0	0	905.805	0
2690	G	G	884.516	36.0809	63	62	0	0	884.516	0
2691	C	C	866.314	35.3445	64	61	0	866.314	0	0
2692	C	C	794.886	35.3227	63	58	0	794.886	0	0
2693	T	T	910.765	35.3864	66	66	0	0	0	910.765
2694	G	G	898.379	35.3657	65	63	0	0	898.379	0
2695	T	T	892.971	35.4066	67	67	0	0	0	892.971
2696	T	T	909.209	35.4262	68	68	0	0	0	909.209
2697	T	T	921.187	35.4454	69	69	0	0	0	921.187
2698	C	C	941.927	35.4262	68	66	0	941.927	0	0
2699	T	T	916.115	35.4262	68	68	0	0	0	916.115
2700	A	A	951.434	35.4454	69	69	951.434	0	0	0
2701	G	G	977.715	35.4824	71	69	0	0	977.715	0
2702	C	C	1009.85	35.4824	71	70	0	1009.85	0	0
2703	C	C	920.777	35.4454	69	65	0	920.777	0	0
2704	A	A	952.972	35.4454	69	69	952.972	0	0	0
2705	T	T	954.432	35.4454	69	69	0	0	0	954.432
2706	A	A	919.624	36.1306	67	67	919.624	0	0	0
2707	C	C	916.839	36.1422	68	65	0	916.839	0	0
2708	A	A	916.014	36.1187	66	66	916.014	0	0	0
2709	C	C	941.065	36.1064	65	65	0	941.065	0	0
2710	T	T	936.246	36.1306	67	67	0	0	0	936.246
2711	A	A	977.225	36.1535	69	69	977.225	0	0	0
2712	T	T	918.203	36.1306	67	67	0	0	0	918.203
2713	A	A	972.013	36.1535	69	69	972.013	0	0	0
2714	C	C	947.939	36.1752	71	67	0	947.939	0	0
2715	A	A	974.054	36.1752	71	71	974.054	0	0	0
2716	T	T	999.124	36.1752	71	71	0	0	0	999.124
2717	C	C	974.018	36.1645	70	68	0	974.018	0	0
2718	A	A	948.393	37	69	69	948.393	0	0	0
2719	G	G	1019.71	37	71	71	0	0	1019.71	0
2720	A	A	941.13	37	70	70	941.13	0	0	0
2721	C	C	979.647	37	69	68	0	979.647	0	0
2722	A	A	936.085	37	69	69	936.085	0	0	0
2723	C	C	940.494	37	65	65	0	940.494	0	0
2724	A	A	913.571	37	66	66	913.571	0	0	0
2725	A	A	908.963	37	65	65	908.963	0	0	0
2726	C	C	916.548	37	65	64	0	916.548	0	0
2727	C	C	949.624	37	67	66	0	949.624	0	0
2728	A	A	898.907	37	66	66	898.907	0	0	0
2729	C	C	907.703	37	66	64	0	907.703	0	0
2730	A	A	865.282	37	66	66	865.282	0	0	0
2731	G	G	846.606	37	63	60	0	0	846.606	0
2732	C	C	894.768	37	63	62	0	894.768	0	0
2733	T	T	885.213	37	64	64	0	0	0	885.213
2734	T	T	876.07	37	64	64	0	0	0	876.07
2735	T	T	834.356	37	61	61	0	0	0	834.356
2736	T	T	825.286	37	63	63	0	0	0	825.286
2737	T	T	808.885	36.0538	61	61	0	0	0	808.885
2738	C	C	858.537	36.0675	62	60	0	858.537	0	0
2739	A	A	805.648	36.0538	61	61	805.648	0	0	0
2740	T	T	767.939	36.01	58	58	0	0	0	767.939
2741	C	C	719.592	36.01	58	53	0	719.592	0	0
2742	A	A	767.911	35.9945	57	57	767.911	0	0	0
2743	G	G	784.853	35.9945	57	55	0	0	784.853	0
2744	T	T	772.29	35.962	55	55	0	0	0	772.29
2745	C	C	777.84	35.945	54	54	0	777.84	0	0
2746	A	A	782.667	35.962	55	55	782.667	0	0	0
2747	C	C	778.227	35.945	54	54	0	778.227	0	0
2748	C	C	792.656	35.9785	56	55	0	792.656	0	0
2749	C	C	761.278	35.9785	56	54	0	761.278	0	0
2750	A	A	792.387	35.9945	57	57	792.387	0	0	0
2751	C	C	823.608	36.01	58	57	0	823.608	0	0
2752	A	A	772.164	35.962	55	55	772.164	0	0	0
2753	T	T	787.207	35.962	55	55	0	0	0	787.207
2754	T	T	783.252	35.9785	56	56	0	0	0	783.252
2755	T	T	788.36	35.9945	57	57	0	0	0	788.36
2756	G	G	808.061	35.9945	57	56	0	0	808.061	0
2757	C	C	834.088	36.0251	59	58	0	834.088	0	0
2758	C	C	846.444	36.0251	59	59	0	846.444	0	0
2759	G	G	868.396	36.0397	60	60	0	0	868.396	0
2760	A	A	875.394	36.0809	63	63	875.394	0	0	0
2761	G	G	913.4	36.1064	65	64	0	0	913.4	0
2762	A	A	929.154	36.1306	67	67	929.154	0	0	0
2763	C	C	915.253	36.1187	66	64	0	915.253	0	0
2764	G	G	929.765	36.1064	65	65	0	0	929.765	0
2765	T	T	874.286	37	63	63	0	0	0	874.286
2766	T	T	899.902	37	65	65	0	0	0	899.902
2767	C	C	934.325	35.4066	67	65	0	934.325	0	0
2768	A	A	917.138	35.4066	67	67	917.138	0	0	0
2769	C	C	925.197	35.4262	68	65	0	925.197	0	0
2770	T	T	923.326	35.4262	68	68	0	0	0	923.326
2771	A	A	893.067	35.3864	66	66	893.067	0	0	0
2772	C	C	891.156	35.3657	65	63	0	891.156	0	0
2773	G	G	882.398	35.3227	63	62	0	0	882.398	0
2774	G	G	877.837	35.3003	62	61	0	0	877.837	0
2775	G	G	907.931	35.3445	64	63	0	0	907.931	0
2776	T	T	861.394	35.3003	62	62	0	0	0	861.394
2777	G	G	880.369	35.3003	62	61	0	0	880.369	0
2778	A	A	876.127	35.3445	64	64	876.127	0	0	0
2779	G	G	901.125	35.3657	65	63	0	0	901.125	0
2780	T	T	888.15	34.76	66	66	0	0	0	888.15
2781	T	T	901.13	34.8118	68	68	0	0	0	901.13
2782	A	A	957.828	34.885	71	71	957.828	0	0	0
2783	T	T	934.083	34.885	71	71	0	0	0	934.083
2784	C	C	915.187	34.8367	69	65	0	915.187	0	0
2785	C	C	954.139	34.8118	68	67	0	954.139	0	0
2786	G	G	873.463	34.76	66	62	0	0	873.463	0
2787	A	A	871.327	34.7331	65	65	871.327	0	0	0
2788	T	T	867.144	35.2773	61	61	0	0	0	867.144
2789	A	A	829.685	35.2773	61	61	829.685	0	0	0
2790	T	T	843.629	35.2294	59	59	0	0	0	843.629
2791	G	G	828.862	34.5572	59	58	0	0	828.862	0
2792	T	T	834.769	34.5572	59	59	0	0	0	834.769
2793	A	A	845.394	34.6188	61	61	845.394	0	0	0
2794	C	C	848.71	34.5884	60	59	0	848.71	0	0
2795	A	A	819.809	34.5884	60	60	819.809	0	0	0
2796	T	T	853.573	34.6485	62	62	0	0	0	853.573
2797	G	G	892.293	34.6774	63	62	0	0	892.293	0
2798	C	C	871.126	34.1157	63	61	0	871.126	0	0
2799	A	A	882.393	34.0819	62	62	882.393	0	0	0
2800	A	A	896.238	33.6553	64	64	896.238	0	0	0
2801	A	A	901.404	33.7266	66	66	901.404	0	0	0
2802	T	T	891.062	33.3269	67	67	0	0	0	891.062
2803	G	T	894.708	33.2513	65	65	0	0	0	894.708
2804	G	G	914.324	32.8924	66	64	0	0	914.324	0
2805	A	A	902.405	32.8517	65	65	902.405	0	0	0
2806	G	G	883.991	32.7243	62	61	0	0	883.991	0
2807	C	C	880.575	32.8102	64	62	0	880.575	0	0
2808	C	C	935.886	32.8924	66	65	0	935.886	0	0
2809	T	T	912.158	32.9322	67	67	0	0	0	912.158
2810	C	C	950.105	32.9322	67	66	0	950.105	0	0
2811	C	C	946.71	32.4027	71	67	0	946.71	0	0
2812	A	A	977.972	32.4422	72	72	977.972	0	0	0
2813	T	T	967.502	32.4422	72	72	0	0	0	967.502
2814	G	G	953.645	32.6912	70	67	0	0	953.645	0
2815	T	T	953.285	32.7298	71	71	0	0	0	953.285
2816	T	T	970.445	32.6912	70	70	0	0	0	970.445
2817	C	C	979.183	32.6517	69	68	0	979.183	0	0
2818	T	T	980.696	32.6912	70	70	0	0	0	980.696
2819	T	T	975.442	33.0836	71	71	0	0	0	975.442
2820	T	T	954.059	32.6912	70	70	0	0	0	954.059
2821	A	A	896.717	32.5286	66	66	896.717	0	0	0
2822	T	T	894.603	32.4859	65	65	0	0	0	894.603
2823	C	C	890.487	32.4859	65	63	0	890.487	0	0
2824	T	T	885.638	32.4422	64	64	0	0	0	885.638
2825	G	G	905.662	32.4422	64	63	0	0	905.662	0
2826	C	C	887.235	32.4422	64	62	0	887.235	0	0
2827	C	C	936.452	32.5286	66	65	0	936.452	0	0
2828	T	T	901.323	32.8517	65	65	0	0	0	901.323
2829	A	A	859.157	32.4422	64	64	859.157	0	0	0
2830	T	T	847.962	32.3521	62	62	0	0	0	847.962
2831	T	T	859.685	32.3521	62	62	0	0	0	859.685
2832	C	C	862.332	32.4859	65	61	0	862.332	0	0
2833	A	A	911.09	32.5286	66	66	911.09	0	0	0
2834	T	T	866.811	32.4859	65	65	0	0	0	866.811
2835	G	G	938.284	32.5286	66	65	0	0	938.284	0
2836	C	C	919.511	32.4859	65	64	0	919.511	0	0
2837	A	A	877.149	32.4859	65	65	877.149	0	0	0
2838	C	C	914.606	32.4859	65	64	0	914.606	0	0
2839	G	G	859.616	32.4422	64	61	0	0	859.616	0
2840	T	G	886.639	32.4422	64	62	0	0	886.639	0
2841	A	A	855.488	32.3977	63	63	855.488	0	0	0
2842	G	G	826.642	32.3521	62	59	0	0	826.642	0
2843	G	G	806.718	32.3521	62	58	0	0	806.718	0
2844	A	A	845.154	32.7677	63	63	845.154	0	0	0
2845	C	C	894.038	33.1315	62	62	0	894.038	0	0
2846	G	G	863.102	33.5421	61	60	0	0	863.102	0
2847	G	G	854.393	33.5421	61	60	0	0	854.393	0
2848	G	G	788.366	34.5572	59	56	0	0	788.366	0
2849	G	G	881.561	34.6188	61	61	0	0	881.561	0
2850	C	C	850.571	34.5884	60	59	0	850.571	0	0
2851	C	C	866.944	34.5884	60	60	0	866.944	0	0
2852	T	T	849.232	35.2773	61	61	0	0	0	849.232
2853	G	G	875.979	34.6774	63	61	0	0	875.979	0
2854	T	T	877.684	34.7331	65	65	0	0	0	877.684
2855	A	A	880.4	34.7056	64	64	880.4	0	0	0
2856	C	C	885.858	34.7056	64	62	0	885.858	0	0
2857	T	T	849.921	34.6774	63	63	0	0	0	849.921
2858	A	A	883.078	34.7056	64	64	883.078	0	0	0
2859	T	T	878.546	35.3227	63	63	0	0	0	878.546
2860	G	G	893.916	35.3003	62	62	0	0	893.916	0
2861	G	G	810.639	35.3003	62	58	0	0	810.639	0
2862	C	C	907.984	34.7056	64	63	0	907.984	0	0
2863	T	T	884.514	34.7056	64	64	0	0	0	884.514
2864	C	C	891.061	35.3003	62	62	0	891.061	0	0
2865	A	A	831.888	34.6485	62	62	831.888	0	0	0
2866	T	T	781.837	34.5572	59	59	0	0	0	781.837
2867	A	A	822.134	34.5884	60	60	822.134	0	0	0
2868	C	C	786.572	34.6188	61	57	0	786.572	0	0
2869	C	C	856.243	34.0819	62	60	0	856.243	0	0
2870	T	T	849.04	34.1157	63	63	0	0	0	849.04
2871	A	A	832.105	34.0472	61	61	832.105	0	0	0
2872	T	T	821.514	34.0116	60	60	0	0	0	821.514
2873	T	T	823.428	34.0472	61	61	0	0	0	823.428
2874	C	C	843.641	34.0472	61	59	0	843.641	0	0
2875	T	T	848.945	33.5807	62	62	0	0	0	848.945
2876	C	C	821.914	33.5025	60	58	0	821.914	0	0
2877	A	A	839.579	33.5807	62	62	839.579	0	0	0
2878	G	G	823.22	33.6185	63	59	0	0	823.22	0
2879	A	A	818.715	33.462	59	59	818.715	0	0	0
2880	A	C	798.242	33.3779	57	56	0	798.242	0	0
2881	A	A	830.524	33.462	59	59	830.524	0	0	0
2882	C	C	827.291	33.5421	61	58	0	827.291	0	0
2883	A	A	835.362	33.5025	60	60	835.362	0	0	0
2884	T	T	823.652	33.462	59	59	0	0	0	823.652
2885	G	G	795.873	33.4205	58	56	0	0	795.873	0
2886	A	A	807.749	33.4205	58	58	807.749	0	0	0
2887	A	A	851.711	33.5421	61	61	851.711	0	0	0
2888	A	A	875.026	33.6185	63	63	875.026	0	0	0
2889	C	C	836.06	33.6553	64	60	0	836.06	0	0
2890	A	A	896.041	33.761	67	67	896.041	0	0	0
2891	T	T	866.44	33.761	67	67	0	0	0	866.44
2892	T	T	900.75	33.8277	69	69	0	0	0	900.75
2893	G	G	910.153	33.761	67	65	0	0	910.153	0
2894	G	G	852.744	33.761	67	62	0	0	852.744	0
2895	C	C	912.402	33.7266	66	64	0	912.402	0	0
2896	A	A	933.601	34.2735	68	68	933.601	0	0	0
2897	T	T	901.794	34.2434	67	67	0	0	0	901.794
2898	T	T	918.12	34.303	69	69	0	0	0	918.12
2899	A	A	964.239	34.8612	70	70	964.239	0	0	0
2900	T	T	932.399	34.885	71	71	0	0	0	932.399
2901	T	T	961.844	34.9083	72	72	0	0	0	961.844
2902	C	C	945.047	35.5002	72	68	0	945.047	0	0
2903	T	T	971.521	36.1857	72	72	0	0	0	971.521
2904	C	C	1025.07	36.1752	71	71	0	1025.07	0	0
2905	C	C	1053.24	36.2058	74	73	0	1053.24	0	0
2906	T	T	1015.64	36.1959	73	73	0	0	0	1015.64
2907	A	A	1010.84	36.1959	73	73	1010.84	0	0	0
2908	T	T	1016.58	36.1959	73	73	0	0	0	1016.58
2909	T	T	1006.19	36.1857	72	72	0	0	0	1006.19
2910	T	T	1013.7	36.1752	71	71	0	0	0	1013.7
2911	A	A	988.541	36.1752	71	71	988.541	0	0	0
2912	C	C	974.4	36.1752	71	68	0	974.4	0	0
2913	A	A	1024.79	36.2058	74	74	1024.79	0	0	0
2914	G	G	1050.63	36.2058	74	73	0	0	1050.63	0
2915	T	T	1004.27	36.2155	75	75	0	0	0	1004.27
2916	T	T	1020.52	36.2249	76	76	0	0	0	1020.52
2917	A	A	1055.78	36.2342	77	77	1055.78	0	0	0
2918	T	T	1036.7	37	76	76	0	0	0	1036.7
2919	A	A	1056.64	37	76	76	1056.64	0	0	0
2920	G	G	1104.21	36.252	79	77	0	0	1104.21	0
2921	C	C	1051.27	35.5989	78	74	0	1051.27	0	0
2922	C	C	1081.38	35.5989	78	76	0	1081.38	0	0
2923	A	A	1069.64	35.5989	78	78	1069.64	0	0	0
2924	C	C	1047.51	35.5512	75	73	0	1047.51	0	0
2925	C	C	1082.71	35.5512	75	75	0	1082.71	0	0
2926	G	G	1068.74	35.5512	75	74	0	0	1068.74	0
2927	C	C	1099.43	35.5675	76	76	0	1099.43	0	0
2928	A	A	988.047	35.5346	74	74	988.047	0	0	0
2929	T	T	1046.49	35.5512	75	75	0	0	0	1046.49
2930	T	T	1040.95	35.5176	73	73	0	0	0	1040.95
2931	T	T	1018.32	35.5002	72	72	0	0	0	1018.32
2932	A	A	925.883	35.4454	69	69	925.883	0	0	0
2933	T	T	953.496	35.4641	70	70	0	0	0	953.496
2934	A	A	921.875	35.4454	69	69	921.875	0	0	0
2935	G	G	993.548	35.4641	70	69	0	0	993.548	0
2936	G	G	951.855	35.4641	70	67	0	0	951.855	0
2937	A	A	930.671	35.4454	69	69	930.671	0	0	0
2938	T	T	915.656	35.4066	67	67	0	0	0	915.656
2939	A	A	882.224	35.3657	65	65	882.224	0	0	0
2940	C	C	915.301	35.3657	65	64	0	915.301	0	0
2941	G	G	933.853	35.3864	66	65	0	0	933.853	0
2942	T	T	918.482	35.4066	67	67	0	0	0	918.482
2943	C	C	938.45	36.1064	65	65	0	938.45	0	0
2944	C	C	891.532	36.0809	63	62	0	891.532	0	0
2945	T	T	867.191	36.1064	65	65	0	0	0	867.191
2946	A	A	966.42	36.1645	70	70	966.42	0	0	0
2947	C	C	991.744	36.1645	70	69	0	991.744	0	0
2948	C	C	955.529	36.1535	69	67	0	955.529	0	0
2949	C	C	963.663	36.1752	71	68	0	963.663	0	0
2950	T	T	909.249	36.1422	68	68	0	0	0	909.249
2951	G	G	995.676	36.1645	70	69	0	0	995.676	0
2952	A	A	979.26	36.1645	70	70	979.26	0	0	0
2953	G	G	944.668	36.1535	69	67	0	0	944.668	0
2954	G	G	981.674	36.1752	71	69	0	0	981.674	0
2955	C	C	1023.86	36.1857	72	71	0	1023.86	0	0
2956	C	C	1023.92	36.1857	72	71	0	1023.92	0	0
2957	A	A	1017.43	36.2155	75	75	1017.43	0	0	0
2958	A	A	1022.16	36.2249	76	76	1022.16	0	0	0
2959	A	A	1028.48	36.2249	76	76	1028.48	0	0	0
2960	T	T	1021.07	36.2249	76	76	0	0	0	1021.07
2961	G	G	1092.21	36.2432	78	76	0	0	1092.21	0
2962	T	T	1025.15	36.2342	77	77	0	0	0	1025.15
2963	C	C	1029.29	36.2432	78	74	0	1029.29	0	0
2964	C	C	1085.77	36.2432	78	76	0	1085.77	0	0
2965	T	T	1083.39	36.2772	82	82	0	0	0	1083.39
2966	T	T	1088.36	36.269	81	81	0	0	0	1088.36
2967	C	C	1124.81	36.2432	78	78	0	1124.81	0	0
2968	T	T	1052.13	37	77	77	0	0	0	1052.13
2969	G	G	1095.35	37	77	76	0	0	1095.35	0
2970	A	A	1067.55	37	77	77	1067.55	0	0	0
2971	G	G	1114.25	37	78	77	0	0	1114.25	0
2972	G	G	1126.73	37	78	78	0	0	1126.73	0
2973	A	A	1073.51	37	78	78	1073.51	0	0	0
2974	G	G	1099.15	37	77	76	0	0	1099.15	0
2975	C	C	1098.71	37	76	76	0	1098.71	0	0
2976	G	G	1090.78	37	78	76	0	0	1090.78	0
2977	A	A	1067.66	36.2342	77	77	1067.66	0	0	0
2978	C	C	1073.78	36.2249	76	75	0	1073.78	0	0
2979	T	T	1081.17	35.5989	78	78	0	0	0	1081.17
2980	G	G	1014.71	35.5834	77	72	0	0	1014.71	0
2981	T	T	1054.8	35.5512	75	75	0	0	0	1054.8
2982	C	C	1071.55	35.5512	75	74	0	1071.55	0	0
2983	A	A	1016.69	35.5675	76	76	1016.69	0	0	0
2984	T	T	1076.57	35.0379	78	78	0	0	0	1076.57
2985	C	C	1083.47	34.9752	75	75	0	1083.47	0	0
2986	A	A	970.223	34.9534	74	74	970.223	0	0	0
2987	C	C	1006.78	34.3599	71	70	0	1006.78	0	0
2988	C	C	997.507	33.8277	69	69	0	997.507	0	0
2989	A	A	919.875	33.761	67	67	919.875	0	0	0
2990	A	A	899.592	33.6913	65	65	899.592	0	0	0
2991	T	T	911.907	33.6553	64	64	0	0	0	911.907
2992	C	C	898.498	33.5807	62	62	0	898.498	0	0
2993	T	T	887.738	33.5807	62	62	0	0	0	887.738
2994	A	A	886.473	32.4859	65	65	886.473	0	0	0
2995	C	C	924.098	32.4422	64	64	0	924.098	0	0
2996	T	T	894.922	32.193	66	66	0	0	0	894.922
2997	A	A	892.452	31.5433	65	65	892.452	0	0	0
2998	T	T	900.241	31.4582	69	69	0	0	0	900.241
2999	C	C	950.294	31.3182	66	66	0	950.294	0	0
3000	G	G	890.665	31.1699	63	62	0	0	890.665	0
3001	G	G	893.523	31.1184	62	62	0	0	893.523	0
3002	C	C	897.376	31.1184	62	62	0	897.376	0	0
3003	C	C	869.774	30.8043	61	60	0	869.774	0	0
3004	A	A	778.616	30.6939	59	59	778.616	0	0	0
3005	T	T	807.992	30.5193	56	56	0	0	0	807.992
3006	T	T	814.394	30.5787	57	57	0	0	0	814.394
3007	C	C	809.124	30.2677	56	56	0	809.124	0	0
3008	C	C	781.186	30.1428	54	54	0	781.186	0	0
3009	C	C	737.781	29.9446	51	51	0	737.781	0	0
3010	T	T	715.244	29.8754	50	50	0	0	0	715.244
3011	A	A	647.416	29.4116	47	47	647.416	0	0	0
3012	T	T	672.123	29.035	48	48	0	0	0	672.123
3013	A	A	652.479	29.035	48	48	652.479	0	0	0
3014	T	T	662.919	28.958	47	47	0	0	0	662.919
3015	C	C	664.373	28.8791	46	46	0	664.373	0	0
3016	G	G	597.348	28.7153	44	42	0	0	597.348	0
3017	G	G	603.403	28.6301	43	42	0	0	603.403	0
3018	A	A	568.391	28.5426	42	42	568.391	0	0	0
3019	A	A	535.156	28.3604	40	40	535.156	0	0	0
3020	C	C	562.654	28.0494	39	39	0	562.654	0	0
3021	G	G	530.397	27.9508	38	37	0	0	530.397	0
3022	G	G	508.342	27.9508	38	36	0	0	508.342	0
3023	A	A	500.757	27.9508	38	38	500.757	0	0	0
3024	C	C	504.952	27.6366	35	35	0	504.952	0	0
3025	C	C	491.283	27.5251	34	34	0	491.283	0	0
3026	T	G	472.658	27.5251	34	33	0	0	472.658	0
3027	G	G	407.12	27.4099	33	30	0	0	407.12	0
3028	G	G	436.265	27.2002	33	31	0	0	436.265	0
3029	T	T	462.933	27.0003	33	33	0	0	0	462.933
3030	A	A	413.696	26.9564	31	31	413.696	0	0	0
3031	G	G	405.093	26.8279	30	29	0	0	405.093	0
3032	A	C	431.621	26.8279	30	30	0	431.621	0	0
3033	A	A	441.119	27.3161	34	34	441.119	0	0	0
3034	T	T	439.149	27.2002	33	33	0	0	0	439.149
3035	G	G	416.504	27.2002	33	30	0	0	416.504	0
3036	A	A	418.699	27.0003	33	33	418.699	0	0	0
3037	A	A	449.371	27.2002	33	33	449.371	0	0	0
3038	T	T	437.51	27.3161	34	34	0	0	0	437.51
3039	C	C	454.53	27.0003	33	32	0	454.53	0	0
3040	T	G	474.361	27.0003	33	33	0	0	474.361	0
3041	G	G	472.443	27.0003	33	33	0	0	472.443	0
3042	A	A	441.71	27.2002	33	33	441.71	0	0	0
3043	G	G	514.29	27.537	36	36	0	0	514.29	0
3044	G	G	467.186	27.6366	35	33	0	0	467.186	0
3045	G	G	469.034	27.7446	34	33	0	0	469.034	0
3046	G	G	471.168	28.22	34	33	0	0	471.168	0
3047	G	G	455.847	28.1073	33	32	0	0	455.847	0
3048	C	C	458.53	28.367	33	32	0	458.53	0	0
3049	T	T	464.486	28.6912	36	36	0	0	0	464.486
3050	T	A	488.802	28.8606	35	35	488.802	0	0	0
3051	T	T	469.272	28.964	36	36	0	0	0	469.272
3052	T	T	483.272	29.161	38	38	0	0	0	483.272
3053	C	C	518.066	29.4495	38	37	0	518.066	0	0
3054	C	C	537.441	29.9384	40	38	0	537.441	0	0
3055	G	G	562.011	30.1809	39	39	0	0	562.011	0
3056	T	T	510.366	30.0913	38	38	0	0	0	510.366
3057	A	A	559.489	30.1809	39	39	559.489	0	0	0
3058	G	G	576.197	30.2677	40	40	0	0	576.197	0
3059	A	A	560.713	30.1809	39	39	560.713	0	0	0
3060	T	T	563.42	30.352	41	41	0	0	0	563.42
3061	A	A	612.514	30.5132	43	43	612.514	0	0	0
3062	A	A	627.366	30.6656	45	45	627.366	0	0	0
3063	A	A	653.767	30.8097	47	47	653.767	0	0	0
3064	G	G	662.177	30.8097	47	46	0	0	662.177	0
3065	C	C	675.685	30.8097	47	47	0	675.685	0	0
3066	G	G	661.362	30.7386	46	46	0	0	661.362	0
3067	A	A	627.66	31.0123	45	45	627.66	0	0	0
3068	C	C	674.162	31.2203	48	47	0	674.162	0	0
3069	T	T	667.03	31.2203	48	48	0	0	0	667.03
3070	C	C	677.771	31.5254	47	47	0	677.771	0	0
3071	T	T	632.972	31.8683	46	46	0	0	0	632.972
3072	A	A	607.517	31.8019	45	45	607.517	0	0	0
3073	A	A	592.407	32.258	45	45	592.407	0	0	0
3074	C	C	646.998	33.3453	45	45	0	646.998	0	0
3075	A	A	602.901	33.2895	44	44	602.901	0	0	0
3076	C	C	606.566	33.3993	46	43	0	606.566	0	0
3077	G	G	632.11	33.3453	45	44	0	0	632.11	0
3078	A	A	609.397	33.9123	43	43	609.397	0	0	0
3079	T	T	583.212	33.86	42	42	0	0	0	583.212
3080	T	G	605.49	34.0116	45	43	0	0	605.49	0
3081	C	C	646.299	34.8367	46	45	0	646.299	0	0
3082	T	T	628.761	34.8731	47	47	0	0	0	628.761
3083	T	T	640.118	34.8731	47	47	0	0	0	640.118
3084	T	T	638.019	35.8707	50	50	0	0	0	638.019
3085	G	G	710.509	35.8902	51	50	0	0	710.509	0
3086	C	C	716.281	35.8902	51	50	0	716.281	0	0
3087	T	T	660.484	37	50	50	0	0	0	660.484
3088	T	T	665.722	37	50	50	0	0	0	665.722
3089	T	T	657.629	37	47	47	0	0	0	657.629
3090	C	C	680.053	37	48	47	0	680.053	0	0
3091	C	C	627.939	37	46	44	0	627.939	0	0
3092	A	A	638.232	37	47	47	638.232	0	0	0
3093	C	C	680.232	37	51	48	0	680.232	0	0
3094	T	T	664.991	37	50	50	0	0	0	664.991
3095	T	T	656.419	37	50	50	0	0	0	656.419
3096	T	T	663.046	37	50	50	0	0	0	663.046
3097	A	A	711.788	37	52	52	711.788	0	0	0
3098	T	T	700.468	37	52	52	0	0	0	700.468
3099	T	T	695.585	37	52	52	0	0	0	695.585
3100	C	C	667.472	37	51	48	0	667.472	0	0
3101	T	T	687.489	37	50	50	0	0	0	687.489
3102	C	C	668.775	37	49	47	0	668.775	0	0
3103	C	C	706.891	37	49	49	0	706.891	0	0
3104	C	C	692.126	37	48	48	0	692.126	0	0
3105	G	G	641.356	37	47	45	0	0	641.356	0
3106	T	T	645.145	37	49	49	0	0	0	645.145
3107	T	T	668.79	35.8902	51	51	0	0	0	668.79
3108	C	C	687.897	35.9091	52	49	0	687.897	0	0
3109	A	A	708.301	35.8707	50	50	708.301	0	0	0
3110	T	T	681.949	35.9091	52	52	0	0	0	681.949
3111	C	C	704.306	35.962	55	51	0	704.306	0	0
3112	A	A	767.789	35.9945	57	57	767.789	0	0	0
3113	T	T	752.544	35.9785	56	56	0	0	0	752.544
3114	C	C	791.672	35.962	55	55	0	791.672	0	0
3115	C	C	745.863	35.962	55	53	0	745.863	0	0
3116	T	T	748.641	35.945	54	54	0	0	0	748.641
3117	A	A	722.522	35.9273	53	53	722.522	0	0	0
3118	G	G	680.637	35.9091	52	49	0	0	680.637	0
3119	C	C	707.995	35.8504	49	49	0	707.995	0	0
3120	A	A	670.872	35.8077	47	47	670.872	0	0	0
3121	C	C	693.411	35.8294	48	48	0	693.411	0	0
3122	T	T	701.302	35.8707	50	50	0	0	0	701.302
3123	A	A	722.463	35.9273	53	53	722.463	0	0	0
3124	G	G	742.539	35.9785	56	53	0	0	742.539	0
3125	C	C	770.429	35.9785	56	54	0	770.429	0	0
3126	A	A	742.929	35.962	55	55	742.929	0	0	0
3127	G	G	762.898	37	54	53	0	0	762.898	0
3128	C	C	702.619	37	52	50	0	702.619	0	0
3129	A	A	735.209	37	52	52	735.209	0	0	0
3130	G	G	747.623	37	53	52	0	0	747.623	0
3131	T	T	738.09	37	54	54	0	0	0	738.09
3132	C	C	760.518	37	54	53	0	760.518	0	0
3133	C	C	745.609	37	55	53	0	745.609	0	0
3134	A	A	794.806	37	57	57	794.806	0	0	0
3135	C	C	781.8	37	58	55	0	781.8	0	0
3136	C	C	874.108	36.0675	62	61	0	874.108	0	0
3137	T	T	831.464	36.0809	63	63	0	0	0	831.464
3138	A	A	849.306	36.0538	61	61	849.306	0	0	0
3139	T	T	821.148	36.0538	61	61	0	0	0	821.148
3140	T	T	837.205	36.0938	64	64	0	0	0	837.205
3141	G	G	896.03	36.0675	62	62	0	0	896.03	0
3142	T	T	859.422	36.0675	62	62	0	0	0	859.422
3143	T	T	854.535	36.0538	61	61	0	0	0	854.535
3144	C	C	868.198	36.0397	60	60	0	868.198	0	0
3145	C	C	869.095	36.0397	60	60	0	869.095	0	0
3146	T	T	866.555	36.0938	64	64	0	0	0	866.555
3147	A	A	915.5	36.1064	65	65	915.5	0	0	0
3148	C	C	914.738	36.1187	66	64	0	914.738	0	0
3149	A	A	917.103	36.1064	65	65	917.103	0	0	0
3150	C	C	947.755	36.1306	67	66	0	947.755	0	0
3151	G	G	965.186	36.1535	69	67	0	0	965.186	0
3152	A	A	961.598	36.1422	68	68	961.598	0	0	0
3153	A	A	951.404	36.1422	68	68	951.404	0	0	0
3154	A	A	955.592	35.4262	68	68	955.592	0	0	0
3155	C	C	947.351	35.4262	68	66	0	947.351	0	0
3156	A	A	978.002	34.9083	72	72	978.002	0	0	0
3157	G	G	989.626	34.885	71	69	0	0	989.626	0
3158	G	G	970.981	34.8612	70	68	0	0	970.981	0
3159	A	A	894.425	34.8118	68	68	894.425	0	0	0
3160	T	T	909.167	34.76	66	66	0	0	0	909.167
3161	C	C	994.535	34.8367	69	69	0	994.535	0	0
3162	C	C	917.572	34.8118	68	65	0	917.572	0	0
3163	A	A	914.322	34.7862	67	67	914.322	0	0	0
3164	A	A	922.879	34.7862	67	67	922.879	0	0	0
3165	C	C	943.163	34.76	66	66	0	943.163	0	0
3166	A	A	930.9	34.8118	68	68	930.9	0	0	0
3167	A	A	926.959	34.76	66	66	926.959	0	0	0
3168	C	G	969.591	34.2434	67	67	0	0	969.591	0
3169	C	C	946.316	34.2735	68	66	0	946.316	0	0
3170	C	C	954.855	34.303	69	67	0	954.855	0	0
3171	C	C	1032.48	34.4145	73	72	0	1032.48	0	0
3172	T	T	1000.14	34.5169	77	77	0	0	0	1000.14
3173	C	C	1005.94	34.4921	76	72	0	1005.94	0	0
3174	T	T	1025.59	34.4921	76	76	0	0	0	1025.59
3175	G	G	1050.12	34.4921	76	74	0	0	1050.12	0
3176	G	G	1052.72	34.4409	74	73	0	0	1052.72	0
3177	A	A	1049.4	34.5169	77	77	1049.4	0	0	0
3178	A	A	1015.4	34.4409	74	74	1015.4	0	0	0
3179	T	T	1037.43	34.4668	75	75	0	0	0	1037.43
3180	C	C	1014.26	34.4921	76	72	0	1014.26	0	0
3181	C	C	1035.16	34.5169	77	73	0	1035.16	0	0
3182	C	C	1082.48	34.4921	76	75	0	1082.48	0	0
3183	A	A	978.982	34.4145	73	73	978.982	0	0	0
3184	T	T	1021.6	34.5169	77	77	0	0	0	1021.6
3185	C	C	1049.4	34.4921	76	74	0	1049.4	0	0
3186	T	T	1003	34.4409	74	74	0	0	0	1003
3187	G	G	1000.52	34.3875	72	70	0	0	1000.52	0
3188	A	A	1012.08	33.9825	74	74	1012.08	0	0	0
3189	C	C	999.357	33.5679	74	70	0	999.357	0	0
3190	T	T	1020.22	33.6614	77	77	0	0	0	1020.22
3191	C	C	1070.17	33.6614	77	75	0	1070.17	0	0
3192	A	A	1053.15	33.6614	77	77	1053.15	0	0	0
3193	G	G	1038.33	33.6614	77	74	0	0	1038.33	0
3194	A	A	1038.69	34.0681	77	77	1038.69	0	0	0
3195	C	C	1058.81	34.0955	78	75	0	1058.81	0	0
3196	A	A	1093.61	34.0955	78	78	1093.61	0	0	0
3197	A	A	1105.74	34.0955	78	78	1105.74	0	0	0
3198	A	A	1086.49	34.0681	77	77	1086.49	0	0	0
3199	A	A	1087.92	34.5169	77	77	1087.92	0	0	0
3200	T	T	1095.7	34.565	79	79	0	0	0	1095.7
3201	C	C	1089.17	34.565	79	77	0	1089.17	0	0
3202	C	C	1144.86	34.565	79	79	0	1144.86	0	0
3203	C	C	1113.52	35.5834	77	77	0	1113.52	0	0
3204	A	A	1100.57	35.5989	78	78	1100.57	0	0	0
3205	T	T	1105.56	35.5989	78	78	0	0	0	1105.56
3206	T	T	1093.33	35.5834	77	77	0	0	0	1093.33
3207	C	C	1114.52	35.5834	77	77	0	1114.52	0	0
3208	C	C	1098.09	35.5834	77	76	0	1098.09	0	0
3209	A	A	1067.02	35.0175	77	77	1067.02	0	0	0
3210	T	T	1087.19	35.0379	78	78	0	0	0	1087.19
3211	C	C	1075.18	35.0175	77	75	0	1075.18	0	0
3212	C	C	1048.23	34.5169	77	74	0	1048.23	0	0
3213	A	A	1090.1	34.5412	78	78	1090.1	0	0	0
3214	T	T	1079.71	34.565	79	79	0	0	0	1079.71
3215	A	A	1095.69	34.5884	80	80	1095.69	0	0	0
3216	C	C	1106.36	34.565	79	77	0	1106.36	0	0
3217	T	T	1090.72	34.565	79	79	0	0	0	1090.72
3218	A	A	1077.56	34.1747	81	81	1077.56	0	0	0
3219	T	T	1074.31	34.0955	78	78	0	0	0	1074.31
3220	A	A	1029.59	34.0681	77	77	1029.59	0	0	0
3221	C	C	1126.29	34.1224	79	78	0	1126.29	0	0
3222	A	A	1045.49	34.0681	77	77	1045.49	0	0	0
3223	A	A	1045.03	34.0116	75	75	1045.03	0	0	0
3224	T	T	1042.89	34.0401	76	76	0	0	0	1042.89
3225	T	T	1019.12	34.0401	76	76	0	0	0	1019.12
3226	A	A	1066.18	34.1224	79	78	1066.18	0	0	0
3227	A	A	1058.75	34.0955	78	78	1058.75	0	0	0
3228	G	G	1104.92	34.1224	79	77	0	0	1104.92	0
3229	G	G	1037.89	34.0681	77	73	0	0	1037.89	0
3230	A	A	1011.78	33.9225	72	72	1011.78	0	0	0
3231	T	T	1040.75	33.9528	73	73	0	0	0	1040.75
3232	A	T	1023.34	33.9528	73	73	0	0	0	1023.34
3233	T	T	1035.22	33.9825	74	74	0	0	0	1035.22
3234	T	T	1025.4	33.9528	73	73	0	0	0	1025.4
3235	C	C	1023.05	33.9225	72	71	0	1023.05	0	0
3236	T	T	973.561	34.3318	70	70	0	0	0	973.561
3237	A	A	942.369	34.3875	72	72	942.369	0	0	0
3238	G	G	1055.4	34.4921	76	74	0	0	1055.4	0
3239	G	G	1063.88	34.9752	75	74	0	0	1063.88	0
3240	C	C	1020.45	35.5346	74	72	0	1020.45	0	0
3241	G	G	1018.16	35.5176	73	71	0	0	1018.16	0
3242	C	C	967.283	36.1645	70	68	0	967.283	0	0
3243	C	C	981.424	37	69	68	0	981.424	0	0
3244	C	C	1011.87	37	70	70	0	1011.87	0	0
3245	T	T	975.159	37	70	70	0	0	0	975.159
3246	A	A	937.638	37	71	71	937.638	0	0	0
3247	C	C	995.593	37	70	69	0	995.593	0	0
3248	T	T	942.199	37	68	68	0	0	0	942.199
3249	T	T	919.281	37	67	67	0	0	0	919.281
3250	C	C	975.958	37	68	68	0	975.958	0	0
3251	T	T	931.084	37	70	70	0	0	0	931.084
3252	C	C	1006.92	37	70	70	0	1006.92	0	0
3253	A	A	953.137	37	69	69	953.137	0	0	0
3254	C	C	928.982	37	69	66	0	928.982	0	0
3255	C	C	980.148	37	69	68	0	980.148	0	0
3256	C	C	969.561	37	71	68	0	969.561	0	0
3257	T	T	990.513	37	72	72	0	0	0	990.513
3258	A	A	935.704	37	70	70	935.704	0	0	0
3259	G	G	970.432	37	72	69	0	0	970.432	0
3260	C	C	1005.12	37	71	70	0	1005.12	0	0
3261	C	C	908.844	37	67	64	0	908.844	0	0
3262	T	T	926.853	37	70	70	0	0	0	926.853
3263	T	T	942.966	37	72	72	0	0	0	942.966
3264	A	A	974.926	37	72	72	974.926	0	0	0
3265	G	G	970.935	37	72	69	0	0	970.935	0
3266	C	C	1020.95	37	72	71	0	1020.95	0	0
3267	A	A	935.43	37	71	71	935.43	0	0	0
3268	A	A	917.198	37	70	70	917.198	0	0	0
3269	C	C	954.341	37	66	66	0	954.341	0	0
3270	C	C	897.749	36.0809	63	62	0	897.749	0	0
3271	C	C	856.14	36.0809	63	60	0	856.14	0	0
3272	T	T	893.57	36.0938	64	64	0	0	0	893.57
3273	A	A	868.74	36.0809	63	63	868.74	0	0	0
3274	G	G	881.119	36.0538	61	61	0	0	881.119	0
3275	T	T	853.547	36.0397	60	60	0	0	0	853.547
3276	C	C	867.244	36.0538	61	60	0	867.244	0	0
3277	C	C	852.806	36.0397	60	59	0	852.806	0	0
3278	T	T	854.813	36.0538	61	61	0	0	0	854.813
3279	A	A	841.603	36.0675	62	62	841.603	0	0	0
3280	T	T	866.776	36.0938	64	64	0	0	0	866.776
3281	T	T	886.221	36.0938	64	64	0	0	0	886.221
3282	C	C	881.346	35.3657	65	62	0	881.346	0	0
3283	T	T	859.529	35.3657	65	65	0	0	0	859.529
3284	C	C	862.983	35.3445	64	61	0	862.983	0	0
3285	G	G	858.915	35.3003	62	60	0	0	858.915	0
3286	C	C	890.406	35.3003	62	62	0	890.406	0	0
3287	C	C	893.943	35.3003	62	62	0	893.943	0	0
3288	C	C	879.646	35.3003	62	61	0	879.646	0	0
3289	G	G	866.123	35.3227	63	61	0	0	866.123	0
3290	A	A	867.659	35.3227	63	63	867.659	0	0	0
3291	C	C	864.813	35.2773	61	60	0	864.813	0	0
3292	T	T	839.797	35.2773	61	61	0	0	0	839.797
3293	T	T	844.878	34.6774	63	63	0	0	0	844.878
3294	A	A	907.675	34.7331	65	65	907.675	0	0	0
3295	C	C	933.597	34.76	66	65	0	933.597	0	0
3296	T	T	847.207	35.3445	64	64	0	0	0	847.207
3297	A	A	898.408	35.3657	65	65	898.408	0	0	0
3298	G	G	899.771	35.3657	65	63	0	0	899.771	0
3299	G	G	936.3	35.3864	66	65	0	0	936.3	0
3300	A	A	902.881	35.4066	67	67	902.881	0	0	0
3301	G	G	902.998	35.4066	67	64	0	0	902.998	0
3302	A	A	894.67	35.3445	64	64	894.67	0	0	0
3303	C	C	937.143	34.76	66	65	0	937.143	0	0
3304	C	C	924.111	34.7056	64	64	0	924.111	0	0
3305	C	C	890.214	34.1488	64	62	0	890.214	0	0
3306	T	T	874.998	34.0819	62	62	0	0	0	874.998
3307	G	G	797.75	34.0819	62	58	0	0	797.75	0
3308	A	A	882.08	33.6913	65	65	882.08	0	0	0
3309	T	T	902.632	33.7266	66	66	0	0	0	902.632
3310	A	A	866.952	34.0472	61	61	866.952	0	0	0
3311	A	A	881.267	34.1488	64	64	881.267	0	0	0
3312	C	C	895.306	34.1811	65	63	0	895.306	0	0
3313	T	T	884.691	34.1811	65	65	0	0	0	884.691
3314	A	A	905.533	33.761	67	67	905.533	0	0	0
3315	T	T	908.315	33.761	67	67	0	0	0	908.315
3316	A	A	908.649	33.7266	66	66	908.649	0	0	0
3317	T	T	908.296	33.7947	68	68	0	0	0	908.296
3318	C	C	949.969	33.4345	70	67	0	949.969	0	0
3319	C	C	992.162	32.4811	73	70	0	992.162	0	0
3320	C	C	1045.81	32.5192	74	73	0	1045.81	0	0
3321	C	C	1005.96	32.4027	71	70	0	1005.96	0	0
3322	G	G	1009.27	31.7711	70	70	0	0	1009.27	0
3323	C	C	981.618	31.5907	72	69	0	981.618	0	0
3324	A	A	1019.54	31.4266	74	74	1019.54	0	0	0
3325	A	A	1032.6	31.2345	75	75	1032.6	0	0	0
3326	A	A	1046.11	31.2767	76	76	1046.11	0	0	0
3327	T	T	1020.9	31.2767	76	76	0	0	0	1020.9
3328	C	C	1051.15	31.1916	74	73	0	1051.15	0	0
3329	C	C	1027.49	31.0583	71	71	0	1027.49	0	0
3330	A	A	963.206	31.0583	71	71	963.206	0	0	0
3331	C	C	1027.81	31.0583	71	71	0	1027.81	0	0
3332	T	T	973.942	30.9655	69	69	0	0	0	973.942
3333	G	C	968.693	31.0583	71	68	0	968.693	0	0
3334	A	A	972.328	31.0123	70	70	972.328	0	0	0
3335	G	G	992.072	31.0123	70	69	0	0	992.072	0
3336	C	C	993.999	31.2508	70	69	0	993.999	0	0
3337	A	A	969.906	31.2049	69	69	969.906	0	0	0
3338	C	C	1024.69	31.296	71	71	0	1024.69	0	0
3339	C	C	1020.87	31.3403	72	71	0	1020.87	0	0
3340	C	C	973.849	31.2508	70	68	0	973.849	0	0
3341	C	C	998.287	31.2049	69	69	0	998.287	0	0
3342	A	A	991.578	31.3403	72	72	991.578	0	0	0
3343	C	C	1011.59	31.0583	71	70	0	1011.59	0	0
3344	C	C	983.809	31.1581	68	68	0	983.809	0	0
3345	C	C	1023.42	31.1035	72	71	0	1023.42	0	0
3346	C	C	1035.42	31.1479	73	72	0	1035.42	0	0
3347	A	A	981.263	31.1035	72	72	981.263	0	0	0
3348	C	G	1012.53	31.1035	72	71	0	0	1012.53	0
3349	A	A	965.176	31.296	71	71	965.176	0	0	0
3350	T	T	1001.17	31.5907	72	72	0	0	0	1001.17
3351	C	C	1005.41	31.8564	72	70	0	1005.41	0	0
3352	A	A	956.179	31.7711	70	70	956.179	0	0	0
3353	A	A	960.783	31.8142	71	71	960.783	0	0	0
3354	A	A	960.432	32.0984	71	71	960.432	0	0	0
3355	C	C	951.077	32.5705	67	66	0	951.077	0	0
3356	C	C	957.325	32.6517	69	67	0	957.325	0	0
3357	C	C	968.274	32.7298	71	68	0	968.274	0	0
3358	G	G	972.287	33.0469	70	68	0	0	972.287	0
3359	A	A	960.859	33.3993	69	69	960.859	0	0	0
3360	G	G	1023.93	33.5025	72	71	0	0	1023.93	0
3361	T	T	967.408	33.86	70	70	0	0	0	967.408
3362	G	G	995.889	34.303	69	69	0	0	995.889	0
3363	G	G	967.797	34.2434	67	67	0	0	967.797	0
3364	T	T	942.573	34.2126	66	66	0	0	0	942.573
3365	A	A	878.671	34.2126	66	66	878.671	0	0	0
3366	C	C	956.634	34.2126	66	66	0	956.634	0	0
3367	T	T	939.558	34.2434	67	67	0	0	0	939.558
3368	T	T	919.949	34.76	66	66	0	0	0	919.949
3369	T	T	884.806	34.7056	64	64	0	0	0	884.806
3370	C	C	906.681	35.3227	63	63	0	906.681	0	0
3371	T	T	852.501	35.3003	62	62	0	0	0	852.501
3372	A	A	857.616	35.2773	61	61	857.616	0	0	0
3373	T	T	854.142	35.2537	60	60	0	0	0	854.142
3374	T	T	861.346	35.3003	62	62	0	0	0	861.346
3375	T	T	888.743	35.3445	64	64	0	0	0	888.743
3376	G	G	949.488	35.3864	66	66	0	0	949.488	0
3377	C	C	921.83	35.4262	68	66	0	921.83	0	0
3378	C	C	896.566	34.8367	69	64	0	896.566	0	0
3379	T	T	877.622	34.76	66	66	0	0	0	877.622
3380	A	A	851.799	34.6774	63	63	851.799	0	0	0
3381	C	C	814.797	34.7862	67	60	0	814.797	0	0
3382	G	G	910.771	34.7862	67	64	0	0	910.771	0
3383	C	C	922.778	35.3445	64	64	0	922.778	0	0
3384	T	T	832.086	36.0397	60	60	0	0	0	832.086
3385	A	A	799.39	36.0397	60	60	799.39	0	0	0
3386	T	T	845.29	36.0251	59	59	0	0	0	845.29
3387	C	C	823.007	36.01	58	57	0	823.007	0	0
3388	C	C	809.959	35.9945	57	56	0	809.959	0	0
3389	T	T	802.192	36.01	58	58	0	0	0	802.192
3390	A	A	747.187	35.945	54	54	747.187	0	0	0
3391	C	C	819.858	35.2773	61	58	0	819.858	0	0
3392	G	G	749.901	35.2044	58	54	0	0	749.901	0
3393	A	A	830.217	35.2537	60	60	830.217	0	0	0
3394	T	T	800.414	35.2537	60	60	0	0	0	800.414
3395	C	C	824.522	35.2537	60	58	0	824.522	0	0
3396	C	C	851.503	35.2294	59	59	0	851.503	0	0
3397	A	A	775.433	35.2044	58	58	775.433	0	0	0
3398	T	T	817.696	35.2294	59	59	0	0	0	817.696
3399	C	C	817.323	34.5251	58	57	0	817.323	0	0
3400	C	C	791.467	34.5572	59	56	0	791.467	0	0
3401	C	C	769.493	34.5884	60	55	0	769.493	0	0
3402	T	T	777.401	34.5251	58	58	0	0	0	777.401
3403	A	A	801.89	34.4921	57	57	801.89	0	0	0
3404	A	A	842.624	34.5884	60	60	842.624	0	0	0
3405	T	T	814.603	34.5572	59	59	0	0	0	814.603
3406	A	A	843.794	34.5572	59	59	843.794	0	0	0
3407	A	A	848.801	34.5884	60	60	848.801	0	0	0
3408	A	A	869.248	34.6188	61	61	869.248	0	0	0
3409	C	C	880.632	34.6188	61	61	0	880.632	0	0
3410	T	T	857.416	34.6485	62	62	0	0	0	857.416
3411	A	A	877.596	34.6774	63	63	877.596	0	0	0
3412	G	G	909.37	34.6774	63	63	0	0	909.37	0
3413	G	G	876.305	34.6774	63	61	0	0	876.305	0
3414	A	A	888.021	35.3227	63	63	888.021	0	0	0
3415	G	G	897.572	35.3003	62	62	0	0	897.572	0
3416	G	G	886.384	35.3227	63	62	0	0	886.384	0
3417	A	A	886.409	35.3445	64	64	886.409	0	0	0
3418	G	G	950.67	35.4262	68	66	0	0	950.67	0
3419	T	T	915.344	36.1422	68	68	0	0	0	915.344
3420	A	A	929.08	36.1422	68	68	929.08	0	0	0
3421	C	C	933.439	36.1535	69	66	0	933.439	0	0
3422	T	T	926.48	36.1645	70	70	0	0	0	926.48
3423	A	A	955.229	36.1645	70	70	955.229	0	0	0
3424	G	G	986.737	36.1535	69	69	0	0	986.737	0
3425	C	C	990.46	36.1645	70	69	0	990.46	0	0
3426	A	A	943.622	36.1645	70	70	943.622	0	0	0
3427	C	C	1024.58	36.1857	72	71	0	1024.58	0	0
3428	T	T	963.586	36.1752	71	71	0	0	0	963.586
3429	A	A	929.262	36.1535	69	69	929.262	0	0	0
3430	A	A	894.179	36.1306	67	67	894.179	0	0	0
3431	T	T	933.837	36.1535	69	69	0	0	0	933.837
3432	T	T	967.459	36.1857	72	72	0	0	0	967.459
3433	T	T	924.819	36.1535	69	69	0	0	0	924.819
3434	T	T	920.136	36.1422	68	68	0	0	0	920.136
3435	C	C	932.673	36.1187	66	65	0	932.673	0	0
3436	T	T	897.482	36.1064	65	65	0	0	0	897.482
3437	C	C	888.256	36.1187	66	63	0	888.256	0	0
3438	C	C	940.208	36.1064	65	65	0	940.208	0	0
3439	A	A	882.493	37	65	65	882.493	0	0	0
3440	T	T	889.017	37	65	65	0	0	0	889.017
3441	T	T	879.909	37	64	64	0	0	0	879.909
3442	C	C	814.521	37	61	58	0	814.521	0	0
3443	T	T	845.391	37	63	63	0	0	0	845.391
3444	A	A	881.591	37	63	63	881.591	0	0	0
3445	A	A	864.821	37	64	64	864.821	0	0	0
3446	T	T	872.132	37	63	63	0	0	0	872.132
3447	C	C	907.119	37	64	63	0	907.119	0	0
3448	C	C	911.511	37	64	63	0	911.511	0	0
3449	T	T	883.793	37	64	64	0	0	0	883.793
3450	A	A	866.027	37	62	62	866.027	0	0	0
3451	G	G	936.656	37	65	65	0	0	936.656	0
3452	C	C	920.711	37	64	64	0	920.711	0	0
3453	C	C	893.054	37	63	62	0	893.054	0	0
3454	C	C	830.017	37	63	60	0	830.017	0	0
3455	T	T	873.516	37	63	63	0	0	0	873.516
3456	C	C	851.392	37	64	60	0	851.392	0	0
3457	A	A	918.988	36.1064	65	65	918.988	0	0	0
3458	T	T	902.626	36.1064	65	65	0	0	0	902.626
3459	T	T	917.043	36.1187	66	66	0	0	0	917.043
3460	C	C	936.304	36.1187	66	65	0	936.304	0	0
3461	C	C	907.481	36.0938	64	63	0	907.481	0	0
3462	T	T	919.598	36.1187	66	66	0	0	0	919.598
3463	C	C	942.241	36.1422	68	66	0	942.241	0	0
3464	T	T	903.999	36.1187	66	65	0	0	0	903.999
3465	T	T	911.217	36.1306	67	67	0	0	0	911.217
3466	C	C	928.782	36.1306	67	65	0	928.782	0	0
3467	T	T	936.906	36.1422	68	68	0	0	0	936.906
3468	A	A	902.391	36.1306	67	67	902.391	0	0	0
3469	C	C	898.803	36.1306	67	64	0	898.803	0	0
3470	A	A	884.516	36.1064	65	65	884.516	0	0	0
3471	C	C	918.911	36.1422	68	65	0	918.911	0	0
3472	A	A	889.761	36.1422	68	68	889.761	0	0	0
3473	C	C	892.852	36.0809	63	62	0	892.852	0	0
3474	G	G	828.632	36.0675	62	59	0	0	828.632	0
3475	T	T	869.738	36.0675	62	62	0	0	0	869.738
3476	C	C	882.672	35.3003	62	61	0	882.672	0	0
3477	C	C	804.565	35.2537	60	57	0	804.565	0	0
3478	A	A	806.32	35.2294	59	59	806.32	0	0	0
3479	A	A	811.973	35.2294	59	59	811.973	0	0	0
3480	A	A	825.661	35.2537	60	60	825.661	0	0	0
3481	C	C	851.662	35.2537	60	59	0	851.662	0	0
3482	A	A	800.747	35.2044	58	58	800.747	0	0	0
3483	A	A	766.151	35.9945	57	57	766.151	0	0	0
3484	C	C	802.234	36.01	58	56	0	802.234	0	0
3485	G	G	768.667	36.0251	59	55	0	0	768.667	0
3486	A	A	734.726	36.0251	59	59	734.726	0	0	0
3487	G	G	755.294	36.01	58	55	0	0	755.294	0
3488	G	G	749.409	35.9785	56	53	0	0	749.409	0
3489	A	A	732.139	35.9945	57	57	732.139	0	0	0
3490	A	A	722.089	35.962	55	55	722.089	0	0	0
3491	T	T	694.301	35.9273	53	53	0	0	0	694.301
3492	G	G	760.112	35.945	54	53	0	0	760.112	0
3493	A	A	733.64	35.962	55	55	733.64	0	0	0
3494	T	T	714.382	37	54	54	0	0	0	714.382
3495	A	A	731.845	37	52	52	731.845	0	0	0
3496	T	T	700.142	37	51	51	0	0	0	700.142
3497	T	T	699.378	37	53	53	0	0	0	699.378
3498	C	C	721.686	37	54	51	0	721.686	0	0
3499	C	C	762.495	35.1522	56	54	0	762.495	0	0
3500	G	G	822.481	35.1787	57	57	0	0	822.481	0
3501	G	G	808.098	35.1522	56	56	0	0	808.098	0
3502	C	C	742.418	35.0968	54	52	0	742.418	0	0
3503	C	C	757.789	35.1249	55	53	0	757.789	0	0
3504	C	C	821.082	35.1787	57	57	0	821.082	0	0
3505	C	C	778.972	35.1787	57	55	0	778.972	0	0
3506	T	T	801.067	35.1787	57	57	0	0	0	801.067
3507	A	A	779.342	34.4921	57	57	779.342	0	0	0
3508	A	A	770.955	34.4234	55	55	770.955	0	0	0
3509	G	G	806.865	34.4582	56	56	0	0	806.865	0
3510	C	C	788.105	34.4921	57	55	0	788.105	0	0
3511	C	C	795.673	34.5251	58	56	0	795.673	0	0
3512	A	A	806.68	34.5251	58	58	806.68	0	0	0
3513	A	A	785.479	34.4921	57	57	785.479	0	0	0
3514	T	T	787.143	34.4921	57	57	0	0	0	787.143
3515	G	G	821.056	34.4921	57	57	0	0	821.056	0
3516	C	C	864.157	34.5884	60	60	0	864.157	0	0
3517	C	C	847.702	34.5884	60	59	0	847.702	0	0
3518	T	T	801.626	34.5884	60	60	0	0	0	801.626
3519	A	A	794.107	34.4921	57	57	794.107	0	0	0
3520	T	T	786.022	34.5251	58	58	0	0	0	786.022
3521	T	T	809.696	34.5884	60	60	0	0	0	809.696
3522	T	T	808.843	34.5884	60	60	0	0	0	808.843
3523	T	T	832.647	34.6188	61	61	0	0	0	832.647
3524	G	G	826.356	34.5884	60	58	0	0	826.356	0
3525	A	A	784.628	34.6188	61	61	784.628	0	0	0
3526	C	C	756.189	34.4921	57	54	0	756.189	0	0
3527	T	T	792.33	34.4921	57	57	0	0	0	792.33
3528	T	T	777.499	34.4582	56	56	0	0	0	777.499
3529	C	C	765.445	34.3506	53	53	0	765.445	0	0
3530	T	T	728.83	34.3506	53	53	0	0	0	728.83
3531	A	A	741.165	34.3875	54	54	741.165	0	0	0
3532	G	G	713.416	34.3875	54	51	0	0	713.416	0
3533	T	T	750.014	34.3875	54	54	0	0	0	750.014
3534	A	A	756.478	34.4582	56	56	756.478	0	0	0
3535	G	G	750.757	35.0968	54	53	0	0	750.757	0
3536	C	C	782.314	35.1787	57	55	0	782.314	0	0
3537	A	A	836.939	35.2537	60	60	836.939	0	0	0
3538	G	G	878.341	35.2773	61	61	0	0	878.341	0
3539	A	A	879.459	36.0809	63	63	879.459	0	0	0
3540	C	C	818.296	36.1064	65	59	0	818.296	0	0
3541	C	C	899.929	36.0938	64	63	0	899.929	0	0
3542	T	T	865.655	36.0938	64	64	0	0	0	865.655
3543	A	A	875.394	36.0809	63	63	875.394	0	0	0
3544	C	C	858.426	36.0938	64	61	0	858.426	0	0
3545	T	T	894.151	36.0938	64	64	0	0	0	894.151
3546	A	A	870.583	36.0938	64	64	870.583	0	0	0
3547	A	A	874.183	36.0938	64	64	874.183	0	0	0
3548	C	C	882.078	37	61	61	0	882.078	0	0
3549	A	A	853.49	37	62	62	853.49	0	0	0
3550	C	C	827.775	37	61	59	0	827.775	0	0
3551	T	T	847.362	37	61	61	0	0	0	847.362
3552	A	A	899.356	37	63	63	899.356	0	0	0
3553	A	A	905.264	37	63	63	905.264	0	0	0
3554	C	C	826.109	37	65	60	0	826.109	0	0
3555	A	A	969.26	37	68	68	969.26	0	0	0
3556	T	T	923.227	37	68	68	0	0	0	923.227
3557	G	G	971.775	37	70	68	0	0	971.775	0
3558	A	A	997.638	37	71	71	997.638	0	0	0
3559	A	A	1020.94	37	73	73	1020.94	0	0	0
3560	T	T	1020.7	37	77	77	0	0	0	1020.7
3561	T	T	1031.2	37	77	77	0	0	0	1031.2
3562	G	G	1078.73	37	76	75	0	0	1078.73	0
3563	G	G	1091.73	37	78	76	0	0	1091.73	0
3564	A	A	1055.68	37	78	78	1055.68	0	0	0
3565	G	G	1017.89	36.2342	77	73	0	0	1017.89	0
3566	G	G	1073.61	36.2342	77	75	0	0	1073.61	0
3567	A	A	1048.39	36.2249	76	76	1048.39	0	0	0
3568	C	C	1002.35	36.1857	72	70	0	1002.35	0	0
3569	A	A	1039.3	36.2249	76	76	1039.3	0	0	0
3570	A	A	1066.76	36.252	79	79	1066.76	0	0	0
3571	C	C	1086.97	36.2342	77	76	0	1086.97	0	0
3572	C	C	1061.76	36.2249	76	74	0	1061.76	0	0
3573	A	A	1032.18	36.2342	77	77	1032.18	0	0	0
3574	G	G	1028.9	36.2058	74	72	0	0	1028.9	0
3575	T	T	1028.13	36.2058	74	74	0	0	0	1028.13
3576	A	A	967.453	36.2058	74	74	967.453	0	0	0
3577	G	G	995.665	36.1959	73	70	0	0	995.665	0
3578	A	A	962.352	35.5176	73	72	962.352	0	0	0
3579	A	A	965.072	34.885	71	71	965.072	0	0	0
3580	C	C	981.735	34.8118	68	68	0	981.735	0	0
3581	A	A	924.588	34.76	66	66	924.588	0	0	0
3582	C	C	923.51	34.7331	65	64	0	923.51	0	0
3583	C	C	933.379	34.2434	67	65	0	933.379	0	0
3584	C	A	922.756	33.761	67	67	922.756	0	0	0
3585	C	C	966.285	33.7947	68	67	0	966.285	0	0
3586	T	T	933.28	33.7947	68	68	0	0	0	933.28
3587	T	T	947.879	33.86	70	70	0	0	0	947.879
3588	C	C	988.194	33.4688	71	69	0	988.194	0	0
3589	A	A	942.736	33.8277	69	69	942.736	0	0	0
3590	T	T	935.868	33.8277	69	69	0	0	0	935.868
3591	T	T	944.879	33.8277	69	69	0	0	0	944.879
3592	A	A	931.397	33.7947	68	68	931.397	0	0	0
3593	T	T	961.578	33.7947	68	68	0	0	0	961.578
3594	T	T	929.348	33.761	67	67	0	0	0	929.348
3595	A	A	884.686	33.7266	66	66	884.686	0	0	0
3596	T	T	925.941	33.6913	65	65	0	0	0	925.941
3597	C	C	877.148	33.6185	63	61	0	877.148	0	0
3598	G	G	880.036	33.6185	63	62	0	0	880.036	0
3599	G	G	824.775	33.5025	60	58	0	0	824.775	0
3600	A	A	797.381	33.5025	60	60	797.381	0	0	0
3601	C	C	850.97	33.0469	60	59	0	850.97	0	0
3602	A	A	784.417	33.0469	60	60	784.417	0	0	0
3603	A	A	765.78	32.9583	58	58	765.78	0	0	0
3604	C	C	765.571	32.7677	54	53	0	765.571	0	0
3605	T	T	760.752	32.8172	55	55	0	0	0	760.752
3606	A	A	771.319	32.8172	55	55	771.319	0	0	0
3607	G	G	794.689	32.3912	55	55	0	0	794.689	0
3608	C	A	756.144	32.3912	55	55	756.144	0	0	0
3609	C	C	763.564	32.3389	54	53	0	763.564	0	0
3610	T	T	771.992	32.3912	55	55	0	0	0	771.992
3611	C	C	766.641	32.3389	54	53	0	766.641	0	0
3612	C	C	742.164	32.3912	55	52	0	742.164	0	0
3613	A	A	765.139	32.3912	55	55	765.139	0	0	0
3614	T	T	755.838	32.3912	55	55	0	0	0	755.838
3615	T	T	760.627	32.4422	56	56	0	0	0	760.627
3616	C	C	769.825	32.4422	56	54	0	769.825	0	0
3617	T	T	759.711	32.4422	56	56	0	0	0	759.711
3618	C	C	752.064	32.5407	58	54	0	752.064	0	0
3619	T	T	789.271	32.5882	59	59	0	0	0	789.271
3620	A	A	759.826	32.5882	59	59	759.826	0	0	0
3621	C	C	833.543	32.5882	59	58	0	833.543	0	0
3622	T	T	790.601	32.9583	58	58	0	0	0	790.601
3623	T	T	765.886	33.3343	56	56	0	0	0	765.886
3624	T	T	748.183	33.2435	54	54	0	0	0	748.183
3625	A	A	711.167	33.7353	53	53	711.167	0	0	0
3626	C	C	749.218	33.6913	52	52	0	749.218	0	0
3627	A	A	692.165	34.3127	52	52	692.165	0	0	0
3628	A	A	692.849	35.0379	52	52	692.849	0	0	0
3629	T	T	691.041	35.9091	52	52	0	0	0	691.041
3630	C	C	722.883	35.1787	57	53	0	722.883	0	0
3631	C	C	781.572	35.1787	57	55	0	781.572	0	0
3632	T	T	725.368	35.1522	56	56	0	0	0	725.368
3633	C	C	771.868	35.1249	55	54	0	771.868	0	0
3634	C	C	745.467	35.1522	56	53	0	745.467	0	0
3635	T	T	776.024	35.2044	58	58	0	0	0	776.024
3636	A	A	826.109	36.0251	59	59	826.109	0	0	0
3637	G	G	838.971	36.01	58	58	0	0	838.971	0
3638	T	T	774.002	36.0397	60	60	0	0	0	774.002
3639	A	A	829.479	36.0251	59	59	829.479	0	0	0
3640	C	C	849.721	36.0251	59	59	0	849.721	0	0
3641	T	T	845.429	36.0675	62	62	0	0	0	845.429
3642	C	C	873.426	36.0809	63	61	0	873.426	0	0
3643	A	A	867.458	36.0938	64	64	867.458	0	0	0
3644	T	T	852.166	36.0675	62	62	0	0	0	852.166
3645	A	A	868.677	36.0675	62	62	868.677	0	0	0
3646	C	C	892.638	36.0809	63	62	0	892.638	0	0
3647	C	C	920.154	34.7331	65	64	0	920.154	0	0
3648	C	C	787.507	34.2126	66	59	0	787.507	0	0
3649	A	A	977.127	33.7947	68	68	977.127	0	0	0
3650	T	T	927.415	33.86	70	70	0	0	0	927.415
3651	C	C	985.043	33.8916	71	69	0	985.043	0	0
3652	G	G	987.1	33.86	70	69	0	0	987.1	0
3653	C	C	992.621	33.8916	71	69	0	992.621	0	0
3654	T	T	1001.69	33.1196	72	72	0	0	0	1001.69
3655	G	G	1010.16	33.0469	70	70	0	0	1010.16	0
3656	G	G	1034.84	33.1549	73	72	0	0	1034.84	0
3657	A	A	942.169	33.1196	72	72	942.169	0	0	0
3658	A	A	923.974	33.0469	70	70	923.974	0	0	0
3659	T	T	946.18	32.9713	68	68	0	0	0	946.18
3660	T	T	955.909	32.3623	70	70	0	0	0	955.909
3661	A	A	949.734	32.4027	71	71	949.734	0	0	0
3662	T	T	908.026	31.9707	68	68	0	0	0	908.026
3663	T	T	930.193	31.8142	71	71	0	0	0	930.193
3664	G	G	995.357	31.7711	70	69	0	0	995.357	0
3665	A	A	971.522	31.7711	70	70	971.522	0	0	0
3666	A	A	988.007	31.5032	70	70	988.007	0	0	0
3667	A	A	988.43	31.5032	70	70	988.43	0	0	0
3668	A	A	967.559	31.4582	69	69	967.559	0	0	0
3669	C	C	1010.53	31.5032	70	70	0	1010.53	0	0
3670	A	A	998.35	31.5473	71	71	998.35	0	0	0
3671	A	A	951.183	31.5473	71	70	951.183	0	0	0
3672	C	C	1039.59	31.5907	72	72	0	1039.59	0	0
3673	C	C	1007.13	31.1035	72	70	0	1007.13	0	0
3674	T	T	1009.27	31.1479	73	73	0	0	0	1009.27
3675	C	C	1010.18	31.0583	71	70	0	1010.18	0	0
3676	T	T	946.519	30.9178	68	68	0	0	0	946.519
3677	T	T	909.47	30.5392	65	65	0	0	0	909.47
3678	A	A	870.799	30.5392	65	65	870.799	0	0	0
3679	A	A	857.757	30.487	64	64	857.757	0	0	0
3680	A	A	858.101	30.3207	65	65	858.101	0	0	0
3681	G	T	893.667	30.2677	64	64	0	0	0	893.667
3682	T	T	845.116	30.2677	60	60	0	0	0	845.116
3683	G	C	809.113	30.3242	61	57	0	809.113	0	0
3684	G	G	850.342	30.2677	60	59	0	0	850.342	0
3685	A	A	870.299	30.4338	63	63	870.299	0	0	0
3686	G	G	893.806	30.9104	63	62	0	0	893.806	0
3687	A	A	903.713	31.0123	65	65	903.713	0	0	0
3688	G	G	916.91	31.0618	66	64	0	0	916.91	0
3689	T	T	879.858	31.3182	66	66	0	0	0	879.858
3690	C	C	921.61	31.5433	65	64	0	921.61	0	0
3691	T	T	909.252	31.5907	66	66	0	0	0	909.252
3692	T	T	893.679	32.4422	64	64	0	0	0	893.679
3693	T	T	879.246	32.3977	63	63	0	0	0	879.246
3694	G	G	909.798	32.7677	63	63	0	0	909.798	0
3695	T	T	893.679	32.8102	64	64	0	0	0	893.679
3696	A	A	868.225	32.7677	63	63	868.225	0	0	0
3697	G	G	875.647	33.1315	62	61	0	0	875.647	0
3698	T	T	872.206	33.1315	62	62	0	0	0	872.206
3699	A	A	835.077	33.5421	61	61	835.077	0	0	0
3700	T	T	856.684	33.5421	61	61	0	0	0	856.684
3701	A	A	829.129	33.6185	63	63	829.129	0	0	0
3702	A	A	828.535	34.0472	61	61	828.535	0	0	0
3703	C	C	853.925	34.0472	61	60	0	853.925	0	0
3704	A	A	831.624	34.6188	61	61	831.624	0	0	0
3705	A	A	807	34.5884	60	60	807	0	0	0
3706	T	T	797.995	34.5251	58	58	0	0	0	797.995
3707	T	T	800.738	34.4921	57	57	0	0	0	800.738
3708	A	A	797.875	34.5884	60	60	797.875	0	0	0
3709	C	C	845.062	34.6188	61	59	0	845.062	0	0
3710	C	C	848.123	34.5884	60	59	0	848.123	0	0
3711	T	T	800.664	34.5251	58	58	0	0	0	800.664
3712	T	T	764.676	34.4582	56	56	0	0	0	764.676
3713	G	G	805.115	34.4921	57	56	0	0	805.115	0
3714	G	G	850.671	34.5884	60	59	0	0	850.671	0
3715	T	T	781.453	35.2044	58	58	0	0	0	781.453
3716	C	C	830.062	35.2294	59	58	0	830.062	0	0
3717	T	T	760.653	35.2044	58	58	0	0	0	760.653
3718	T	T	800.916	35.2773	61	61	0	0	0	800.916
3719	G	G	908.499	35.3227	63	63	0	0	908.499	0
3720	T	T	821.434	35.3227	63	63	0	0	0	821.434
3721	A	A	882.377	35.3227	63	63	882.377	0	0	0
3722	A	A	887.26	35.3445	64	64	887.26	0	0	0
3723	G	G	885.148	35.3657	65	62	0	0	885.148	0
3724	C	C	908.47	37	64	63	0	908.47	0	0
3725	C	C	910.072	37	64	63	0	910.072	0	0
3726	A	A	841.117	37	63	63	841.117	0	0	0
3727	A	A	829.606	37	62	62	829.606	0	0	0
3728	A	A	851.126	37	64	64	851.126	0	0	0
3729	A	A	818.446	37	61	61	818.446	0	0	0
3730	A	A	811.24	37	60	60	811.24	0	0	0
3731	C	C	837.657	37	58	58	0	837.657	0	0
3732	G	G	823.489	37	61	59	0	0	823.489	0
3733	G	G	847.904	37	60	59	0	0	847.904	0
3734	A	A	829.311	37	59	59	829.311	0	0	0
3735	G	G	837.671	37	58	58	0	0	837.671	0
3736	A	A	828.167	37	60	60	828.167	0	0	0
3737	A	A	863.614	36.0675	62	62	863.614	0	0	0
3738	T	T	842.148	36.0538	61	61	0	0	0	842.148
3739	A	A	848.11	36.0675	62	62	848.11	0	0	0
3740	T	T	828.287	36.0538	61	61	0	0	0	828.287
3741	C	C	858.909	36.0809	63	61	0	858.909	0	0
3742	T	T	876.441	36.0938	64	64	0	0	0	876.441
3743	A	A	856.225	36.0809	63	63	856.225	0	0	0
3744	C	C	866.143	35.3445	64	62	0	866.143	0	0
3745	C	C	892.924	35.3227	63	62	0	892.924	0	0
3746	C	C	879.761	35.3003	62	61	0	879.761	0	0
3747	T	T	840.001	34.6485	62	62	0	0	0	840.001
3748	C	C	849.209	34.6485	62	60	0	849.209	0	0
3749	C	C	885.198	34.1488	64	62	0	885.198	0	0
3750	C	C	826.212	33.6553	64	59	0	826.212	0	0
3751	T	T	830.749	33.6185	63	63	0	0	0	830.749
3752	A	A	921.628	33.6913	65	65	921.628	0	0	0
3753	A	A	928.536	33.6913	65	65	928.536	0	0	0
3754	G	G	943.406	33.6913	65	65	0	0	943.406	0
3755	A	A	963.648	33.761	67	67	963.648	0	0	0
3756	C	C	975.453	33.4345	70	68	0	975.453	0	0
3757	T	T	982.91	33.2235	75	75	0	0	0	982.91
3758	C	C	1037.67	33.2568	76	73	0	1037.67	0	0
3759	A	A	1043.31	33.3216	78	78	1043.31	0	0	0
3760	A	A	1049.1	32.9809	78	78	1049.1	0	0	0
3761	G	G	1068.36	32.665	78	75	0	0	1068.36	0
3762	G	G	1095.9	32.0567	77	76	0	0	1095.9	0
3763	A	A	1043.54	32.018	76	76	1043.54	0	0	0
3764	A	A	1034.93	31.7162	75	75	1034.93	0	0	0
3765	G	G	1083.28	31.7566	76	75	0	0	1083.28	0
3766	A	A	1036.61	31.7566	76	76	1036.61	0	0	0
3767	A	A	1012.75	32.018	76	76	1012.75	0	0	0
3768	G	G	1051.17	31.8979	73	73	0	0	1051.17	0
3769	C	C	1027.39	31.5473	71	71	0	1027.39	0	0
3770	A	A	990.205	31.5907	72	72	990.205	0	0	0
3771	A	A	989.357	31.296	71	71	989.357	0	0	0
3772	C	C	926.003	31.1104	67	65	0	926.003	0	0
3773	A	A	947.832	31.1104	67	67	947.832	0	0	0
3774	G	G	999.23	30.7862	70	69	0	0	999.23	0
3775	C	C	998.26	30.7386	69	69	0	998.26	0	0
3776	T	T	987.997	30.5714	70	70	0	0	0	987.997
3777	C	C	984.265	30.4738	68	68	0	984.265	0	0
3778	C	C	916.499	30.4237	67	65	0	916.499	0	0
3779	A	A	899.947	30.4237	67	67	899.947	0	0	0
3780	C	C	981.823	30.3176	69	68	0	981.823	0	0
3781	T	T	982.329	30.4148	71	71	0	0	0	982.329
3782	A	A	923.654	30.1711	70	70	923.654	0	0	0
3783	C	G	908.24	29.6161	73	66	0	0	908.24	0
3784	C	C	928.483	29.4151	69	66	0	928.483	0	0
3785	A	A	888.48	29.3627	68	68	888.48	0	0	0
3786	G	G	877.706	29.1999	65	62	0	0	877.706	0
3787	C	C	938.189	29.1999	65	65	0	938.189	0	0
3788	A	A	884.243	29.5423	65	65	884.243	0	0	0
3789	C	C	827.899	29.3732	62	59	0	827.899	0	0
3790	C	C	892.156	29.4306	63	62	0	892.156	0	0
3791	C	C	851.71	29.4306	63	60	0	851.71	0	0
3792	A	A	866.806	29.4306	63	63	866.806	0	0	0
3793	A	A	841.456	29.4306	63	63	841.456	0	0	0
3794	A	C	910.025	29.487	64	63	0	910.025	0	0
3795	G	G	903.174	29.5423	65	63	0	0	903.174	0
3796	C	C	908.137	30.0044	63	63	0	908.137	0	0
3797	T	T	867.752	30.059	64	64	0	0	0	867.752
3798	A	A	869.448	30.4338	63	63	869.448	0	0	0
3799	A	A	866.392	30.6656	63	63	866.392	0	0	0
3800	T	T	870.149	30.7179	64	64	0	0	0	870.149
3801	G	G	832.91	30.9104	63	59	0	0	832.91	0
3802	T	T	850.483	30.8579	62	62	0	0	0	850.483
3803	T	T	867.633	30.8579	62	62	0	0	0	867.633
3804	C	C	827.35	31.3443	61	58	0	827.35	0	0
3805	T	T	839.295	31.3443	61	61	0	0	0	839.295
3806	A	A	797.283	31.861	59	59	797.283	0	0	0
3807	T	T	811.132	31.861	59	59	0	0	0	811.132
3808	T	T	820.751	31.9116	60	60	0	0	0	820.751
3809	T	T	813.309	31.861	59	59	0	0	0	813.309
3810	A	A	784.896	32.0567	56	56	784.896	0	0	0
3811	A	A	771.522	32.0033	55	55	771.522	0	0	0
3812	A	A	776.856	32.1088	57	57	776.856	0	0	0
3813	C	C	860.363	32.258	60	60	0	860.363	0	0
3814	T	T	822.006	32.3056	61	61	0	0	0	822.006
3815	A	A	817.57	32.68	61	61	817.57	0	0	0
3816	T	T	819.478	32.7243	62	62	0	0	0	819.478
3817	T	T	804.359	32.68	61	61	0	0	0	804.359
3818	C	C	810.472	33.0469	60	57	0	810.472	0	0
3819	C	C	844.689	33.6553	64	60	0	844.689	0	0
3820	C	C	850.035	33.7266	66	61	0	850.035	0	0
3821	T	T	880.261	33.7947	68	68	0	0	0	880.261
3822	G	G	897.8	34.2434	67	64	0	0	897.8	0
3823	G	G	891.882	34.1811	65	63	0	0	891.882	0
3824	T	T	913.349	34.7862	67	67	0	0	0	913.349
3825	A	A	934.415	35.4066	67	67	934.415	0	0	0
3826	C	C	961.89	37	68	67	0	961.89	0	0
3827	A	A	967.771	37	69	69	967.771	0	0	0
3828	T	T	909.952	37	68	68	0	0	0	909.952
3829	A	A	968.602	37	69	69	968.602	0	0	0
3830	C	C	1009.73	37	70	70	0	1009.73	0	0
3831	T	T	973.826	37	70	70	0	0	0	973.826
3832	A	A	980.615	37	70	70	980.615	0	0	0
3833	C	C	951.902	37	71	68	0	951.902	0	0
3834	T	T	974.872	37	70	70	0	0	0	974.872
3835	A	A	953.048	37	68	68	953.048	0	0	0
3836	T	T	968.9	37	69	69	0	0	0	968.9
3837	T	T	974.868	37	69	69	0	0	0	974.868
3838	T	T	961.013	37	69	69	0	0	0	961.013
3839	T	T	956.373	37	69	69	0	0	0	956.373
3840	A	A	984.04	37	70	70	984.04	0	0	0
3841	C	C	953.934	37	70	67	0	953.934	0	0
3842	T	T	995.39	37	72	72	0	0	0	995.39
3843	C	C	1032.64	37	74	72	0	1032.64	0	0
3844	C	C	995.649	37	72	70	0	995.649	0	0
3845	A	A	1030.51	37	74	74	1030.51	0	0	0
3846	T	T	988.229	37	73	73	0	0	0	988.229
3847	G	G	1003.15	37	74	71	0	0	1003.15	0
3848	T	T	1027.78	37	73	73	0	0	0	1027.78
3849	C	C	1015.16	37	72	71	0	1015.16	0	0
3850	C	C	1050.34	37	76	74	0	1050.34	0	0
3851	T	T	1037.39	37	79	79	0	0	0	1037.39
3852	A	A	1075.35	37	79	79	1075.35	0	0	0
3853	T	T	1003.52	37	77	77	0	0	0	1003.52
3854	T	T	999.79	37	77	77	0	0	0	999.79
3855	C	C	1006.18	37	76	72	0	1006.18	0	0
3856	A	A	1097.83	37	80	80	1097.83	0	0	0
3857	T	T	1101.73	37	83	83	0	0	0	1101.73
3858	T	T	1103.45	37	84	84	0	0	0	1103.45
3859	T	T	1123.63	37	84	84	0	0	0	1123.63
3860	C	C	1072.13	37	86	78	0	1072.13	0	0
3861	A	A	1169.46	37	85	85	1169.46	0	0	0
3862	T	T	1154.67	37	85	85	0	0	0	1154.67
3863	A	A	1158.01	37	85	85	1158.01	0	0	0
3864	T	T	1112.99	37	81	81	0	0	0	1112.99
3865	A	A	1150.15	37	81	81	1150.15	0	0	0
3866	T	T	1141.05	37	81	81	0	0	0	1141.05
3867	A	A	1114.59	37	81	81	1114.59	0	0	0
3868	C	C	1167.97	37	83	81	0	1167.97	0	0
3869	C	C	1143.03	37	82	80	0	1143.03	0	0
3870	A	A	1106.17	37	81	81	1106.17	0	0	0
3871	T	T	1155.27	37	82	82	0	0	0	1155.27
3872	C	C	1099.55	37	77	76	0	1099.55	0	0
3873	C	C	1057.03	37	74	73	0	1057.03	0	0
3874	T	T	1079.64	37	77	77	0	0	0	1079.64
3875	A	A	1124.76	37	81	81	1124.76	0	0	0
3876	T	T	1110.14	37	80	80	0	0	0	1110.14
3877	G	G	1075.4	37	79	76	0	0	1075.4	0
3878	T	T	1104.43	37	81	81	0	0	0	1104.43
3879	A	A	1129.45	37	83	83	1129.45	0	0	0
3880	C	C	1141.75	37	80	79	0	1141.75	0	0
3881	T	T	1107.71	37	79	79	0	0	0	1107.71
3882	G	G	1093.47	37	81	77	0	0	1093.47	0
3883	T	T	1108.11	37	81	81	0	0	0	1108.11
3884	A	A	1134.37	36.2852	83	83	1134.37	0	0	0
3885	C	C	1103.46	36.2772	82	78	0	1103.46	0	0
3886	C	C	1110.16	36.269	81	78	0	1110.16	0	0
3887	A	A	1084.8	36.252	79	79	1084.8	0	0	0
3888	T	T	1084.49	36.252	79	79	0	0	0	1084.49
3889	C	C	1139.64	36.2606	80	79	0	1139.64	0	0
3890	A	A	1070.36	36.2772	82	82	1070.36	0	0	0
3891	C	C	1102.38	36.252	79	77	0	1102.38	0	0
3892	A	A	1086.51	36.269	81	81	1086.51	0	0	0
3893	G	G	1141.83	36.2772	82	80	0	0	1141.83	0
3894	T	T	1054.22	36.2432	78	78	0	0	0	1054.22
3895	A	A	1002.14	36.2058	74	74	1002.14	0	0	0
3896	T	T	1024.17	36.2155	75	75	0	0	0	1024.17
3897	G	G	1046.22	36.2155	75	73	0	0	1046.22	0
3898	T	T	1002.45	36.1857	72	72	0	0	0	1002.45
3899	C	C	995.344	36.1645	70	69	0	995.344	0	0
3900	C	C	997.448	36.1645	70	69	0	997.448	0	0
3901	T	T	980.629	35.4641	70	70	0	0	0	980.629
3902	C	C	1011.05	35.4824	71	70	0	1011.05	0	0
3903	G	G	1038.13	35.5176	73	72	0	0	1038.13	0
3904	A	A	1027.85	35.5675	76	76	1027.85	0	0	0
3905	A	A	1029.76	35.5989	78	78	1029.76	0	0	0
3906	T	T	1057.88	35.6289	80	80	0	0	0	1057.88
3907	A	A	1050.13	35.6141	79	79	1050.13	0	0	0
3908	C	C	1107.73	36.2342	77	77	0	1107.73	0	0
3909	T	T	1021.56	36.2249	76	76	0	0	0	1021.56
3910	T	T	1002.54	36.2058	74	74	0	0	0	1002.54
3911	T	T	1013.23	36.1959	73	73	0	0	0	1013.23
3912	C	C	1017.41	36.1857	72	71	0	1017.41	0	0
3913	C	C	988.611	36.1857	72	70	0	988.611	0	0
3914	C	C	1042.24	36.1959	73	72	0	1042.24	0	0
3915	C	C	989.203	36.1857	72	70	0	989.203	0	0
3916	C	C	1028.49	36.1959	73	72	0	1028.49	0	0
3917	C	C	1061.86	36.2155	75	74	0	1061.86	0	0
3918	C	C	1036.75	36.1959	73	72	0	1036.75	0	0
3919	C	C	965.237	36.1645	70	68	0	965.237	0	0
3920	T	T	922.954	36.1422	68	68	0	0	0	922.954
3921	A	A	937.41	36.1187	66	66	937.41	0	0	0
3922	T	T	922.283	36.1187	66	66	0	0	0	922.283
3923	G	G	956.455	35.3864	66	66	0	0	956.455	0
3924	T	T	930.692	35.4066	67	67	0	0	0	930.692
3925	A	A	927.034	35.3864	66	66	927.034	0	0	0
3926	T	G	1010.16	34.8612	70	70	0	0	1010.16	0
3927	A	A	967.877	34.8612	70	70	967.877	0	0	0
3928	T	T	984.34	34.9083	72	72	0	0	0	984.34
3929	C	C	993.991	34.9083	72	70	0	993.991	0	0
3930	G	G	941.584	34.8367	69	66	0	0	941.584	0
3931	T	T	933.987	34.76	66	66	0	0	0	933.987
3932	G	G	979.452	34.8367	69	68	0	0	979.452	0
3933	C	C	967.529	35.4066	67	67	0	967.529	0	0
3934	A	A	924.781	35.4262	68	68	924.781	0	0	0
3935	T	T	924.825	35.4262	68	68	0	0	0	924.825
3936	T	T	926.388	35.4454	69	69	0	0	0	926.388
3937	A	A	944.987	35.4262	68	68	944.987	0	0	0
3938	A	A	958.984	35.4641	70	70	958.984	0	0	0
3939	T	T	930.648	35.4641	70	69	0	0	0	930.648
3940	G	G	967.903	35.4824	71	68	0	0	967.903	0
3941	G	G	1008.72	35.4824	71	70	0	0	1008.72	0
3942	C	C	1023.35	35.5002	72	71	0	1023.35	0	0
3943	G	G	941.62	35.4641	70	67	0	0	941.62	0
3944	T	T	962.975	34.885	71	71	0	0	0	962.975
3945	G	G	994.546	35.4454	69	69	0	0	994.546	0
3946	C	C	946.274	35.4262	68	66	0	946.274	0	0
3947	C	C	944.963	35.4066	67	66	0	944.963	0	0
3948	C	C	922.684	34.8367	69	65	0	922.684	0	0
3949	C	C	993.432	34.8612	70	69	0	993.432	0	0
3950	A	A	969.575	34.8612	70	70	969.575	0	0	0
3951	T	T	945.428	34.8612	70	70	0	0	0	945.428
3952	G	G	994.087	35.4641	70	69	0	0	994.087	0
3953	C	C	984.633	35.4641	70	69	0	984.633	0	0
3954	A	A	997.164	35.5176	73	73	997.164	0	0	0
3955	T	T	1004.92	35.5512	75	75	0	0	0	1004.92
3956	A	A	993.382	35.5512	75	75	993.382	0	0	0
3957	T	T	976.271	35.4824	71	71	0	0	0	976.271
3958	A	A	964.679	35.4641	70	70	964.679	0	0	0
3959	A	A	968.977	35.4641	70	70	968.977	0	0	0
3960	G	G	1012.12	35.4641	70	70	0	0	1012.12	0
3961	C	C	994.353	35.4641	70	69	0	994.353	0	0
3962	A	A	973.231	35.4824	71	71	973.231	0	0	0
3963	T	T	981.136	35.5176	73	73	0	0	0	981.136
3964	G	G	1071.23	35.5675	76	75	0	0	1071.23	0
3965	T	T	1023.66	35.5512	75	75	0	0	0	1023.66
3966	A	A	1023.3	35.5512	75	75	1023.3	0	0	0
3967	C	C	1022.69	35.5512	75	72	0	1022.69	0	0
3968	A	A	1046.87	35.5834	77	77	1046.87	0	0	0
3969	T	T	1034.99	36.2249	76	76	0	0	0	1034.99
3970	A	A	1066.37	36.2432	78	78	1066.37	0	0	0
3971	C	C	1041.4	36.2249	76	73	0	1041.4	0	0
3972	T	T	1025.21	36.2155	75	75	0	0	0	1025.21
3973	G	G	1098.49	36.252	79	77	0	0	1098.49	0
3974	T	T	1049.85	36.2432	78	78	0	0	0	1049.85
3975	G	G	1077.17	36.2606	80	76	0	0	1077.17	0
3976	C	C	1081.97	36.269	81	77	0	1081.97	0	0
3977	T	T	1065.35	36.2852	83	83	0	0	0	1065.35
3978	T	T	1079.22	37	82	82	0	0	0	1079.22
3979	G	G	1136.01	37	81	79	0	0	1136.01	0
3980	A	A	1108.17	37	81	81	1108.17	0	0	0
3981	T	T	1076.78	37	79	79	0	0	0	1076.78
3982	C	C	1058.17	37	78	75	0	1058.17	0	0
3983	T	T	1092.81	37	78	78	0	0	0	1092.81
3984	T	T	1091.19	37	77	77	0	0	0	1091.19
3985	G	G	1048.28	37	77	74	0	0	1048.28	0
3986	C	C	1141.08	37	79	79	0	1141.08	0	0
3987	A	A	1075.23	37	80	80	1075.23	0	0	0
3988	T	T	1107.44	37	79	79	0	0	0	1107.44
3989	G	G	1086.22	37	79	76	0	0	1086.22	0
3990	A	A	1084.64	37	79	79	1084.64	0	0	0
3991	G	G	1064.4	37	77	75	0	0	1064.4	0
3992	G	G	1038.57	37	73	72	0	0	1038.57	0
3993	A	A	1013.79	37	73	73	1013.79	0	0	0
3994	C	C	991.045	37	75	71	0	991.045	0	0
3995	T	T	1054.9	37	74	74	0	0	0	1054.9
3996	T	T	1042.2	37	73	73	0	0	0	1042.2
3997	A	A	970.478	37	72	72	970.478	0	0	0
3998	C	C	1012.95	37	71	70	0	1012.95	0	0
3999	G	G	1036.68	37	73	72	0	0	1036.68	0
4000	T	T	1008.67	37	75	75	0	0	0	1008.67
4001	T	T	968.071	37	73	73	0	0	0	968.071
4002	C	C	997.912	37	74	71	0	997.912	0	0
4003	C	C	1014.64	37	76	72	0	1014.64	0	0
4004	G	G	1020.93	37	74	72	0	0	1020.93	0
4005	A	A	1024.5	37	74	74	1024.5	0	0	0
4006	A	A	1025.21	37	75	75	1025.21	0	0	0
4007	A	A	993.253	37	72	72	993.253	0	0	0
4008	G	G	996.643	37	70	69	0	0	996.643	0
4009	T	T	971.32	37	68	68	0	0	0	971.32
4010	T	T	1004.24	37	72	72	0	0	0	1004.24
4011	T	T	1011.48	37	73	73	0	0	0	1011.48
4012	A	A	970.961	37	71	71	970.961	0	0	0
4013	T	T	976.714	37	72	72	0	0	0	976.714
4014	T	T	973.661	37	72	72	0	0	0	973.661
4015	T	T	980.779	37	71	71	0	0	0	980.779
4016	C	C	994.792	37	72	70	0	994.792	0	0
4017	A	A	935.29	37	71	71	935.29	0	0	0
4018	G	G	1006.29	37	71	70	0	0	1006.29	0
4019	G	G	992.027	37	70	69	0	0	992.027	0
4020	C	C	993.104	37	70	69	0	993.104	0	0
4021	G	G	880.976	37	65	62	0	0	880.976	0
4022	T	T	876.035	37	62	62	0	0	0	876.035
4023	A	A	846.501	37	62	62	846.501	0	0	0
4024	T	T	871.123	37	62	62	0	0	0	871.123
4025	A	A	801.475	37	58	58	801.475	0	0	0
4026	G	G	836.586	37	59	58	0	0	836.586	0
4027	T	T	812.068	37	59	59	0	0	0	812.068
4028	C	C	826.885	35.3227	63	59	0	826.885	0	0
4029	T	T	838.145	35.3003	62	62	0	0	0	838.145
4030	G	G	826.978	35.2537	60	58	0	0	826.978	0
4031	C	C	832.188	35.3003	62	59	0	832.188	0	0
4032	A	A	855.66	34.6774	63	63	855.66	0	0	0
4033	A	A	852.753	34.6774	63	63	852.753	0	0	0
4034	G	G	887.769	34.7056	64	62	0	0	887.769	0
4035	C	C	837.099	34.0819	62	59	0	837.099	0	0
4036	A	A	877.192	34.1488	64	64	877.192	0	0	0
4037	T	T	861.152	34.1488	64	64	0	0	0	861.152
4038	G	G	939.859	34.2126	66	65	0	0	939.859	0
4039	T	T	900.491	34.2735	68	68	0	0	0	900.491
4040	A	A	943.419	34.303	69	69	943.419	0	0	0
4041	T	T	902.115	34.2434	67	67	0	0	0	902.115
4042	T	T	919.682	33.8277	69	69	0	0	0	919.682
4043	T	T	955.998	33.8916	71	71	0	0	0	955.998
4044	C	C	1004.62	33.8916	71	70	0	1004.62	0	0
4045	A	A	952.694	33.86	70	70	952.694	0	0	0
4046	C	C	957.635	33.8277	69	67	0	957.635	0	0
4047	T	T	948.8	33.4345	70	70	0	0	0	948.8
4048	T	T	973.293	33.4688	71	71	0	0	0	973.293
4049	A	A	947.868	33.3993	69	69	947.868	0	0	0
4050	G	G	936.268	33.2895	66	65	0	0	936.268	0
4051	T	T	921.807	32.9322	67	67	0	0	0	921.807
4052	C	C	995.248	32.6517	69	69	0	995.248	0	0
4053	C	C	968.44	32.5705	67	67	0	968.44	0	0
4054	G	G	982.674	32.6517	69	68	0	0	982.674	0
4055	G	G	909.544	32.6517	69	65	0	0	909.544	0
4056	G	G	932.096	32.6517	69	66	0	0	932.096	0
4057	A	A	963.425	32.6517	69	69	963.425	0	0	0
4058	G	C	925.186	32.6115	68	65	0	925.186	0	0
4059	C	C	959.738	32.6517	69	67	0	959.738	0	0
4060	T	T	964.286	32.6912	70	70	0	0	0	964.286
4061	T	T	980.37	32.7298	71	71	0	0	0	980.37
4062	A	A	951.199	32.7298	71	71	951.199	0	0	0
4063	A	A	914.419	32.5705	67	67	914.419	0	0	0
4064	T	T	945.915	32.5705	67	67	0	0	0	945.915
4065	C	C	953.957	32.5705	67	66	0	953.957	0	0
4066	A	A	899.808	32.8924	66	66	899.808	0	0	0
4067	C	C	904.642	32.8517	65	63	0	904.642	0	0
4068	C	C	890.704	32.8924	66	63	0	890.704	0	0
4069	A	A	877.818	32.8924	66	66	877.818	0	0	0
4070	G	G	928.286	32.5705	67	65	0	0	928.286	0
4071	G	G	866.908	32.4859	65	62	0	0	866.908	0
4072	C	C	898.492	32.8517	65	63	0	898.492	0	0
4073	C	C	849.234	33.5025	60	59	0	849.234	0	0
4074	T	T	831.664	33.462	59	59	0	0	0	831.664
4075	C	C	793.561	33.86	56	55	0	793.561	0	0
4076	G	G	796.72	33.8994	57	56	0	0	796.72	0
4077	A	A	791.686	33.9378	58	58	791.686	0	0	0
4078	G	G	816.115	34.5572	59	57	0	0	816.115	0
4079	A	A	789.616	35.2294	59	59	789.616	0	0	0
4080	A	A	776.55	35.2044	58	58	776.55	0	0	0
4081	A	A	788.178	36.0251	59	59	788.178	0	0	0
4082	C	C	814.626	36.0251	59	57	0	814.626	0	0
4083	C	C	847.311	36.0397	60	59	0	847.311	0	0
4084	A	A	802.436	36.01	58	58	802.436	0	0	0
4085	G	G	799.349	36.0251	59	56	0	0	799.349	0
4086	C	C	819.686	36.01	58	57	0	819.686	0	0
4087	A	A	817.72	36.01	58	58	817.72	0	0	0
4088	A	A	816.706	36.0251	59	59	816.706	0	0	0
4089	T	T	830.723	35.3003	62	62	0	0	0	830.723
4090	C	C	860.227	35.3003	62	60	0	860.227	0	0
4091	C	C	879.814	35.2773	61	61	0	879.814	0	0
4092	T	T	829.39	35.2537	60	60	0	0	0	829.39
4093	T	T	824.38	35.2773	61	61	0	0	0	824.38
4094	G	G	872.268	34.6485	62	61	0	0	872.268	0
4095	C	C	904.328	34.7056	64	63	0	904.328	0	0
4096	G	G	857.097	34.7056	64	61	0	0	857.097	0
4097	A	A	875.962	34.7056	64	64	875.962	0	0	0
4098	G	G	883.282	34.6774	63	62	0	0	883.282	0
4099	T	T	898.641	34.7862	67	67	0	0	0	898.641
4100	A	A	900.964	34.76	66	66	900.964	0	0	0
4101	C	C	893.742	34.8118	68	64	0	893.742	0	0
4102	G	G	930.626	34.7862	67	65	0	0	930.626	0
4103	T	T	888.81	34.76	66	66	0	0	0	888.81
4104	G	G	887.862	34.2126	66	63	0	0	887.862	0
4105	T	T	898.272	34.2126	66	66	0	0	0	898.272
4106	A	A	918.629	34.2126	66	66	918.629	0	0	0
4107	C	C	894.688	34.1811	65	63	0	894.688	0	0
4108	C	C	924.488	34.2735	68	66	0	924.488	0	0
4109	T	T	923.003	34.2434	67	67	0	0	0	923.003
4110	C	C	885.006	34.2735	68	64	0	885.006	0	0
4111	T	T	949.572	33.4345	70	70	0	0	0	949.572
4112	T	T	958.737	33.4345	70	70	0	0	0	958.737
4113	C	C	1036.74	33.5356	73	72	0	1036.74	0	0
4114	T	T	981.001	33.5025	72	72	0	0	0	981.001
4115	C	C	997.89	33.5356	73	70	0	997.89	0	0
4116	G	G	1031.42	33.1895	74	72	0	0	1031.42	0
4117	C	C	967.195	33.1549	73	69	0	967.195	0	0
4118	T	T	1028.42	32.5566	75	75	0	0	0	1028.42
4119	C	C	1036.02	32.5566	75	73	0	1036.02	0	0
4120	C	C	1037.74	32.5566	75	73	0	1037.74	0	0
4121	G	G	1034.53	32.5192	74	72	0	0	1034.53	0
4122	G	G	1036.82	32.8414	74	72	0	0	1036.82	0
4123	G	G	1020.65	32.8049	73	71	0	0	1020.65	0
4124	C	T	1027.28	32.5566	75	75	0	0	0	1027.28
4125	C	C	1077.06	32.6295	77	75	0	1077.06	0	0
4126	C	C	1039.27	32.8049	73	72	0	1039.27	0	0
4127	A	A	1034.92	32.947	77	77	1034.92	0	0	0
4128	T	T	1025.7	32.8773	75	75	0	0	0	1025.7
4129	G	G	952.371	32.7298	71	68	0	0	952.371	0
4130	A	A	975.846	32.7677	72	72	975.846	0	0	0
4131	A	A	956.93	32.6517	69	69	956.93	0	0	0
4132	A	A	966.76	33.0095	69	69	966.76	0	0	0
4133	T	T	991.421	33.1549	73	73	0	0	0	991.421
4134	G	G	1066.77	33.1895	74	74	0	0	1066.77	0
4135	T	T	978.789	33.1196	72	72	0	0	0	978.789
4136	G	G	1033.69	33.1549	73	72	0	0	1033.69	0
4137	G	G	1017.21	33.1196	72	71	0	0	1017.21	0
4138	G	G	952.025	33.4345	70	67	0	0	952.025	0
4139	G	G	950.276	33.3993	69	67	0	0	950.276	0
4140	G	G	899.059	33.2513	65	63	0	0	899.059	0
4141	T	T	915.981	33.6553	64	64	0	0	0	915.981
4142	T	T	874.041	34.0472	61	61	0	0	0	874.041
4143	T	T	855.869	34.0472	61	61	0	0	0	855.869
4144	C	C	866.084	34.0472	61	60	0	866.084	0	0
4145	T	T	836.214	34.0116	60	60	0	0	0	836.214
4146	A	A	790.565	33.8994	57	57	790.565	0	0	0
4147	T	T	789.058	34.4582	56	56	0	0	0	789.058
4148	G	G	765.206	34.4582	56	54	0	0	765.206	0
4149	T	T	784.113	34.4234	55	55	0	0	0	784.113
4150	T	T	776.243	34.4234	55	55	0	0	0	776.243
4151	G	G	761.027	34.4582	56	54	0	0	761.027	0
4152	A	A	785.878	34.4921	57	57	785.878	0	0	0
4153	A	A	775.849	34.5251	58	58	775.849	0	0	0
4154	A	A	779.637	34.5251	58	58	779.637	0	0	0
4155	C	C	814.07	34.5572	59	57	0	814.07	0	0
4156	T	T	767.912	34.4921	57	57	0	0	0	767.912
4157	A	A	773.032	34.5251	58	58	773.032	0	0	0
4158	T	T	767.243	34.4921	57	57	0	0	0	767.243
4159	A	A	816.452	34.0116	60	60	816.452	0	0	0
4160	C	C	782.92	33.9752	59	56	0	782.92	0	0
4161	C	C	821.345	33.8994	57	57	0	821.345	0	0
4162	T	T	764.409	33.3343	56	56	0	0	0	764.409
4163	G	G	803.66	33.3779	57	56	0	0	803.66	0
4164	G	G	766.298	33.462	59	55	0	0	766.298	0
4165	G	G	802.957	33.462	59	57	0	0	802.957	0
4166	A	A	787.243	33.462	59	59	787.243	0	0	0
4167	T	T	777.391	34.4921	57	57	0	0	0	777.391
4168	C	C	846.97	34.5572	59	59	0	846.97	0	0
4169	T	T	823.048	34.6774	63	63	0	0	0	823.048
4170	G	G	837.603	34.6485	62	59	0	0	837.603	0
4171	G	G	901.865	34.7331	65	63	0	0	901.865	0
4172	T	T	817.733	35.3445	64	64	0	0	0	817.733
4173	T	T	835.353	35.3445	64	64	0	0	0	835.353
4174	C	C	891.629	35.3864	66	63	0	891.629	0	0
4175	T	T	862.902	35.3657	65	65	0	0	0	862.902
4176	T	T	877.494	35.3445	64	64	0	0	0	877.494
4177	A	A	903.752	35.3445	64	64	903.752	0	0	0
4178	C	C	857.892	35.3657	65	61	0	857.892	0	0
4179	C	C	927.437	35.4262	68	65	0	927.437	0	0
4180	T	T	918.06	35.4262	68	68	0	0	0	918.06
4181	C	C	915.957	35.4262	68	65	0	915.957	0	0
4182	A	A	972.429	35.4641	70	70	972.429	0	0	0
4183	G	G	963.361	35.4454	69	67	0	0	963.361	0
4184	G	G	953.188	35.4454	69	67	0	0	953.188	0
4185	G	G	915.712	35.4454	69	65	0	0	915.712	0
4186	C	C	977.589	37	69	68	0	977.589	0	0
4187	C	C	1036.51	37	73	72	0	1036.51	0	0
4188	A	A	1047.85	37	75	75	1047.85	0	0	0
4189	T	T	1015.27	37	75	75	0	0	0	1015.27
4190	G	G	1049.3	37	75	73	0	0	1049.3	0
4191	A	A	1040.8	37	75	75	1040.8	0	0	0
4192	C	C	1064.73	36.2432	78	75	0	1064.73	0	0
4193	A	A	1040.74	36.2155	75	75	1040.74	0	0	0
4194	G	G	1106.96	35.6141	79	77	0	0	1106.96	0
4195	C	C	1039.76	35.5989	78	74	0	1039.76	0	0
4196	T	T	1048.79	35.5675	76	76	0	0	0	1048.79
4197	C	C	1067.53	35.5512	75	74	0	1067.53	0	0
4198	T	T	1056.22	35.5989	78	78	0	0	0	1056.22
4199	A	A	1055.95	35.5834	77	77	1055.95	0	0	0
4200	G	G	1122.14	35.6141	79	78	0	0	1122.14	0
4201	A	A	1034.01	35.6289	80	80	1034.01	0	0	0
4202	T	T	1063.95	35.5834	77	77	0	0	0	1063.95
4203	T	T	1035.12	35.5176	73	73	0	0	0	1035.12
4204	C	C	1042.33	35.5176	73	72	0	1042.33	0	0
4205	C	C	996.933	35.4641	70	69	0	996.933	0	0
4206	A	A	907.814	35.3657	65	65	907.814	0	0	0
4207	A	A	883.463	35.3227	63	63	883.463	0	0	0
4208	T	T	914.022	35.3864	66	66	0	0	0	914.022
4209	C	C	967.478	35.4066	67	67	0	967.478	0	0
4210	C	C	912.89	35.4066	67	64	0	912.89	0	0
4211	T	T	924.615	35.4262	68	68	0	0	0	924.615
4212	A	A	881.885	35.4066	67	67	881.885	0	0	0
4213	C	C	907.659	35.3445	64	63	0	907.659	0	0
4214	T	T	880.41	35.3864	66	66	0	0	0	880.41
4215	A	A	866.668	35.3227	63	63	866.668	0	0	0
4216	A	A	862.528	35.3445	64	64	862.528	0	0	0
4217	C	C	893.188	35.3227	63	62	0	893.188	0	0
4218	C	C	879.959	35.3003	62	61	0	879.959	0	0
4219	C	C	883.264	35.3227	63	62	0	883.264	0	0
4220	T	T	869.707	36.1064	65	65	0	0	0	869.707
4221	T	T	842.275	36.0809	63	62	0	0	0	842.275
4222	C	C	845.837	36.0397	60	59	0	845.837	0	0
4223	A	A	828.028	36.0251	59	59	828.028	0	0	0
4224	A	A	843.241	36.0397	60	60	843.241	0	0	0
4225	A	A	852.383	36.0538	61	61	852.383	0	0	0
4226	T	T	845.847	36.0809	63	63	0	0	0	845.847
4227	G	G	850.92	35.3003	62	60	0	0	850.92	0
4228	G	G	893.299	35.3227	63	62	0	0	893.299	0
4229	G	G	886.287	35.3445	64	62	0	0	886.287	0
4230	A	A	869.214	35.3227	63	63	869.214	0	0	0
4231	C	C	881.004	35.3003	62	61	0	881.004	0	0
4232	A	A	850.156	35.2773	61	61	850.156	0	0	0
4233	T	T	861.503	35.2773	61	61	0	0	0	861.503
4234	C	C	853.202	35.2294	59	59	0	853.202	0	0
4235	T	T	850.335	35.2537	60	60	0	0	0	850.335
4236	C	C	865.656	35.2537	60	60	0	865.656	0	0
4237	G	G	866.55	34.6188	61	60	0	0	866.55	0
4238	A	A	815.788	34.5572	59	59	815.788	0	0	0
4239	A	A	854.338	34.1157	63	63	854.338	0	0	0
4240	T	T	860.947	34.1488	64	64	0	0	0	860.947
4241	G	G	861.122	34.1811	65	61	0	0	861.122	0
4242	G	G	918.55	34.1811	65	64	0	0	918.55	0
4243	A	A	848.433	34.6774	63	63	848.433	0	0	0
4244	C	C	852.178	34.5572	59	59	0	852.178	0	0
4245	T	T	803.088	34.4921	57	57	0	0	0	803.088
4246	A	A	763.61	34.4921	57	57	763.61	0	0	0
4247	A	A	751.935	33.86	56	56	751.935	0	0	0
4248	A	A	745.885	33.86	56	56	745.885	0	0	0
4249	T	T	793.384	33.8195	55	55	0	0	0	793.384
4250	G	G	667.19	33.8195	55	49	0	0	667.19	0
4251	A	A	680.765	33.0469	50	50	680.765	0	0	0
4252	C	C	650.437	32.9401	48	46	0	650.437	0	0
4253	T	T	691.273	32.9401	48	48	0	0	0	691.273
4254	A	A	637.287	32.8844	47	47	637.287	0	0	0
4255	A	A	625.047	32.7677	45	45	625.047	0	0	0
4256	T	T	651.464	32.3212	46	46	0	0	0	651.464
4257	C	C	664.302	32.3212	46	46	0	664.302	0	0
4258	A	A	626.594	31.9329	47	47	626.594	0	0	0
4259	G	G	587.232	31.7336	44	42	0	0	587.232	0
4260	C	C	617.806	31.7336	44	43	0	617.806	0	0
4261	C	C	607.317	31.5907	42	42	0	607.317	0	0
4262	C	C	605.775	31.1699	42	42	0	605.775	0	0
4263	A	C	592.09	31.0923	41	41	0	592.09	0	0
4264	T	T	574.543	31.0123	40	40	0	0	0	574.543
4265	G	G	511.624	30.8446	38	36	0	0	511.624	0
4266	A	A	481.778	30.3612	37	37	481.778	0	0	0
4267	T	T	521.385	30.3612	37	37	0	0	0	521.385
4268	C	C	546.279	30.0913	38	38	0	546.279	0	0
4269	A	A	447.412	30.0913	38	38	447.412	0	0	0
4270	C	C	518.33	29.9033	36	36	0	518.33	0	0
4271	A	A	355.071	29.3732	31	31	355.071	0	0	0
4272	C	C	440.703	28.4104	31	31	0	440.703	0	0
4273	A	A	381.284	28.2515	32	32	381.284	0	0	0
4274	T	T	418.289	27.7446	34	34	0	0	0	418.289
4275	A	A	391.481	27.3891	31	31	391.481	0	0	0
4276	A	A	404.023	26.8279	30	30	404.023	0	0	0
4277	C	C	427.599	26.8279	30	30	0	427.599	0	0
4278	T	T	348.168	26.626	27	27	0	0	0	348.168
4279	G	G	402.081	26.5561	28	28	0	0	402.081	0
4280	T	G	401.082	26.5561	28	28	0	0	401.082	0
4281	G	G	399.394	26.5561	28	28	0	0	399.394	0
4282	G	G	372.441	26.4769	26	26	0	0	372.441	0
4283	T	T	376.959	26.6946	29	29	0	0	0	376.959
4284	G	G	414.287	26.6946	29	29	0	0	414.287	0
4285	T	T	385.056	26.5561	28	28	0	0	0	385.056
4286	C	C	400.129	26.5561	28	28	0	400.129	0	0
4287	A	C	384.151	26.353	28	27	0	384.151	0	0
4288	T	T	401.806	26.4331	30	30	0	0	0	401.806
4289	G	G	417.329	26.2986	29	29	0	0	417.329	0
4290	C	G	389.223	26.4331	30	28	0	0	389.223	0
4291	A	A	429.29	26.626	30	30	429.29	0	0	0
4292	T	T	412.687	26.7552	31	31	0	0	0	412.687
4293	T	T	433.47	26.8798	32	32	0	0	0	433.47
4294	T	T	446.145	27.1168	34	34	0	0	0	446.145
4295	G	G	518.884	27.3389	36	36	0	0	518.884	0
4296	G	G	549.642	27.5477	38	38	0	0	549.642	0
4297	T	T	506.715	27.8389	41	41	0	0	0	506.715
4298	A	A	608.001	27.9308	42	42	608.001	0	0	0
4299	T	T	555.197	28.1073	44	44	0	0	0	555.197
4300	C	C	584.719	28.1073	44	42	0	584.719	0	0
4301	T	T	598.862	28.1073	44	44	0	0	0	598.862
4302	T	T	630.237	28.2749	46	46	0	0	0	630.237
4303	T	T	650.337	28.4345	48	48	0	0	0	650.337
4304	T	T	657.825	28.6256	48	48	0	0	0	657.825
4305	A	A	664.921	29.1789	47	47	664.921	0	0	0
4306	A	A	656.767	29.1789	47	47	656.767	0	0	0
4307	T	T	654.075	29.2551	48	48	0	0	0	654.075
4308	T	T	675.579	29.3295	49	49	0	0	0	675.579
4309	T	T	669.42	29.487	48	48	0	0	0	669.42
4310	T	T	660.902	29.6575	47	47	0	0	0	660.902
4311	T	T	653.531	29.9182	47	47	0	0	0	653.531
4312	A	A	595.29	30.8638	43	43	595.29	0	0	0
4313	G	G	617.725	30.9391	44	43	0	0	617.725	0
4314	G	G	582.344	30.8638	43	41	0	0	582.344	0
4315	G	G	638.413	31.4582	46	45	0	0	638.413	0
4316	G	G	653.613	31.9329	47	46	0	0	653.613	0
4317	G	G	677.914	31.9956	48	47	0	0	677.914	0
4318	G	G	693.402	32.4422	48	48	0	0	693.402	0
4319	G	G	677.415	32.6115	51	48	0	0	677.415	0
4320	A	A	732.838	32.717	53	53	732.838	0	0	0
4321	A	A	776.291	32.8654	56	56	776.291	0	0	0
4322	C	C	718.555	32.9124	57	52	0	718.555	0	0
4323	T	T	738.885	32.9124	57	57	0	0	0	738.885
4324	T	T	745.737	32.9124	57	57	0	0	0	745.737
4325	G	G	778.07	32.9583	58	55	0	0	778.07	0
4326	C	C	790.364	33.4205	58	56	0	790.364	0	0
4327	T	T	794.251	33.8994	57	57	0	0	0	794.251
4328	A	A	735.833	35.0678	53	53	735.833	0	0	0
4329	T	T	759.013	35.0678	53	53	0	0	0	759.013
4330	G	G	778.632	35.0968	54	54	0	0	778.632	0
4331	A	A	752.99	35.0968	54	54	752.99	0	0	0
4332	C	C	730.601	35.0678	53	51	0	730.601	0	0
4333	T	T	732.816	35.9273	53	53	0	0	0	732.816
4334	C	C	760.468	35.945	54	53	0	760.468	0	0
4335	A	A	748.515	35.945	54	54	748.515	0	0	0
4336	G	G	836.874	36.01	58	58	0	0	836.874	0
4337	C	C	820.461	35.9945	57	57	0	820.461	0	0
4338	T	T	795.369	36.0251	59	59	0	0	0	795.369
4339	A	A	805.819	37	60	60	805.819	0	0	0
4340	T	T	786.01	37	59	59	0	0	0	786.01
4341	G	G	831.421	37	60	58	0	0	831.421	0
4342	A	A	795.019	37	57	57	795.019	0	0	0
4343	C	C	736.053	37	55	52	0	736.053	0	0
4344	C	C	780.174	37	54	54	0	780.174	0	0
4345	G	G	792.983	37	56	55	0	0	792.983	0
4346	T	T	811.637	37	60	60	0	0	0	811.637
4347	A	A	817.109	37	60	60	817.109	0	0	0
4348	A	A	793.484	37	57	57	793.484	0	0	0
4349	A	A	779.746	37	56	56	779.746	0	0	0
4350	G	G	814.052	37	61	58	0	0	814.052	0
4351	G	G	859.213	37	62	60	0	0	859.213	0
4352	T	T	813.305	37	59	59	0	0	0	813.305
4353	C	C	837.154	37	58	58	0	837.154	0	0
4354	T	T	800.117	37	59	59	0	0	0	800.117
4355	C	C	863.084	37	61	60	0	863.084	0	0
4356	G	G	862.088	37	62	60	0	0	862.088	0
4357	T	T	821.434	37	60	60	0	0	0	821.434
4358	C	C	862.798	37	63	61	0	862.798	0	0
4359	G	G	878.34	37	63	61	0	0	878.34	0
4360	C	C	853.988	37	61	60	0	853.988	0	0
4361	A	A	905.26	37	64	64	905.26	0	0	0
4362	G	G	923.698	37	64	64	0	0	923.698	0
4363	T	T	910.47	37	67	67	0	0	0	910.47
4364	C	C	901.61	37	67	64	0	901.61	0	0
4365	A	A	910.151	37	67	67	910.151	0	0	0
4366	A	A	902.482	37	66	66	902.482	0	0	0
4367	A	A	877.649	37	63	63	877.649	0	0	0
4368	T	T	892.071	37	66	66	0	0	0	892.071
4369	A	A	931.331	37	68	68	931.331	0	0	0
4370	A	A	937.815	37	69	69	937.815	0	0	0
4371	T	T	928.418	37	69	69	0	0	0	928.418
4372	T	T	919.869	37	68	68	0	0	0	919.869
4373	T	T	932	37	67	67	0	0	0	932
4374	G	G	876.86	37	65	62	0	0	876.86	0
4375	T	T	896.132	37	63	63	0	0	0	896.132
4376	A	A	871.159	37	64	64	871.159	0	0	0
4377	G	G	857.866	37	62	60	0	0	857.866	0
4378	C	C	908.037	37	63	63	0	908.037	0	0
4379	T	T	864.996	37	63	63	0	0	0	864.996
4380	G	G	879.995	37	62	61	0	0	879.995	0
4381	G	G	865.063	37	64	61	0	0	865.063	0
4382	G	G	904.504	37	64	63	0	0	904.504	0
4383	C	C	920.496	37	64	64	0	920.496	0	0
4384	T	T	874.601	37	64	64	0	0	0	874.601
4385	T	T	852.162	37	62	62	0	0	0	852.162
4386	A	A	859.829	37	61	61	859.829	0	0	0
4387	T	T	851.858	37	61	61	0	0	0	851.858
4388	T	T	866.924	37	63	63	0	0	0	866.924
4389	T	T	862.662	37	63	63	0	0	0	862.662
4390	A	A	836.295	37	63	63	836.295	0	0	0
4391	T	T	881.029	37	65	65	0	0	0	881.029
4392	C	C	922.355	37	65	64	0	922.355	0	0
4393	T	T	873.389	37	63	63	0	0	0	873.389
4394	T	T	837.602	37	62	62	0	0	0	837.602
4395	T	T	812.677	37	60	60	0	0	0	812.677
4396	C	C	827.429	37	61	58	0	827.429	0	0
4397	A	A	811.62	37	61	61	811.62	0	0	0
4398	C	C	866.442	37	60	60	0	866.442	0	0
4399	G	G	787.349	37	59	56	0	0	787.349	0
4400	G	G	798.664	37	58	56	0	0	798.664	0
4401	G	G	790.083	37	56	55	0	0	790.083	0
4402	T	T	765.778	37	55	55	0	0	0	765.778
4403	C	C	769.66	37	58	55	0	769.66	0	0
4404	G	G	770.35	37	58	55	0	0	770.35	0
4405	G	G	807.991	37	56	56	0	0	807.991	0
4406	G	G	788.201	37	56	55	0	0	788.201	0
4407	C	C	748.63	37	53	52	0	748.63	0	0
4408	A	A	720.694	37	54	54	720.694	0	0	0
4409	T	T	784.114	37	55	55	0	0	0	784.114
4410	A	A	684.647	37	53	53	684.647	0	0	0
4411	G	G	729.819	37	51	51	0	0	729.819	0
4412	A	A	644.707	37	49	49	644.707	0	0	0
4413	T	T	667.91	37	47	47	0	0	0	667.91
4414	A	A	606.889	37	44	44	606.889	0	0	0
4415	C	C	648.029	35.785	46	45	0	648.029	0	0
4416	C	C	628.151	35.785	46	44	0	628.151	0	0
4417	C	C	637.817	35.8077	47	45	0	637.817	0	0
4418	A	A	633.914	35.8294	48	48	633.914	0	0	0
4419	T	T	613.927	35.785	46	46	0	0	0	613.927
4420	A	A	669.964	34.9423	49	49	669.964	0	0	0
4421	A	A	710.396	35.0379	52	52	710.396	0	0	0
4422	G	G	672.806	35.0379	52	48	0	0	672.806	0
4423	G	G	706.714	34.9423	49	49	0	0	706.714	0
4424	G	G	716	35.0071	51	50	0	0	716	0
4425	G	G	735.25	35.0071	51	51	0	0	735.25	0
4426	T	T	704.495	35.0071	51	51	0	0	0	704.495
4427	T	T	687.536	35.0071	51	51	0	0	0	687.536
4428	A	A	693.208	35.0379	52	52	693.208	0	0	0
4429	C	C	717.847	35.0071	51	50	0	717.847	0	0
4430	T	T	713.063	35.0678	53	53	0	0	0	713.063
4431	C	C	673.525	35.0379	52	49	0	673.525	0	0
4432	A	A	710.776	35.0071	51	51	710.776	0	0	0
4433	G	G	678.461	34.9752	50	48	0	0	678.461	0
4434	T	T	680.191	34.9423	49	49	0	0	0	680.191
4435	C	C	694.002	34.9423	49	48	0	694.002	0	0
4436	A	A	676.55	34.9752	50	50	676.55	0	0	0
4437	A	A	723.042	35.0968	54	54	723.042	0	0	0
4438	T	T	721.458	35.0968	54	54	0	0	0	721.458
4439	G	G	663.88	35.0379	52	48	0	0	663.88	0
4440	G	G	696.865	35.0071	51	49	0	0	696.865	0
4441	T	T	688.576	35.0379	52	52	0	0	0	688.576
4442	C	C	746.021	35.0678	53	52	0	746.021	0	0
4443	G	G	731.133	35.0379	52	51	0	0	731.133	0
4444	C	C	712.67	35.0379	52	50	0	712.67	0	0
4445	A	A	699.905	35.0071	51	51	699.905	0	0	0
4446	G	G	687.536	35.0071	51	49	0	0	687.536	0
4447	G	G	743.873	35.0678	53	52	0	0	743.873	0
4448	A	A	686.894	35.0678	53	53	686.894	0	0	0
4449	C	C	700.301	35.0071	51	49	0	700.301	0	0
4450	A	A	648.876	35.8504	49	49	648.876	0	0	0
4451	T	T	663.107	35.8294	48	48	0	0	0	663.107
4452	A	A	675.215	35.8707	50	50	675.215	0	0	0
4453	C	C	688.592	35.8294	48	48	0	688.592	0	0
4454	A	A	681.873	35.8294	48	48	681.873	0	0	0
4455	G	G	679.529	35.8294	48	47	0	0	679.529	0
4456	T	T	647.442	35.8294	48	48	0	0	0	647.442
4457	A	A	742.84	35.9091	52	52	742.84	0	0	0
4458	C	C	748.316	35.9091	52	52	0	748.316	0	0
4459	A	A	739.598	35.9273	53	53	739.598	0	0	0
4460	T	T	704.881	35.9091	52	52	0	0	0	704.881
4461	A	A	750.11	35.945	54	54	750.11	0	0	0
4462	A	A	768.485	35.1522	56	56	768.485	0	0	0
4463	A	A	761.057	35.1522	56	56	761.057	0	0	0
4464	C	C	814.316	34.5572	59	57	0	814.316	0	0
4465	G	G	791.884	34.4582	56	55	0	0	791.884	0
4466	C	C	815.775	34.5251	58	57	0	815.775	0	0
4467	C	C	821.118	34.5251	58	57	0	821.118	0	0
4468	A	A	780.87	34.5251	58	58	780.87	0	0	0
4469	C	C	782.36	33.9378	58	55	0	782.36	0	0
4470	T	T	755.406	33.8195	55	55	0	0	0	755.406
4471	A	A	759.296	33.2895	55	55	759.296	0	0	0
4472	A	A	792.533	32.9583	58	58	792.533	0	0	0
4473	A	A	784.162	32.9124	57	57	784.162	0	0	0
4474	T	T	796.354	33.0032	59	59	0	0	0	796.354
4475	C	C	812.708	32.5882	59	57	0	812.708	0	0
4476	G	G	822.49	32.492	57	57	0	0	822.49	0
4477	A	A	800.413	32.492	57	57	800.413	0	0	0
4478	A	A	834.108	32.6346	60	60	834.108	0	0	0
4479	C	C	771.976	32.5882	59	55	0	771.976	0	0
4480	G	G	823.809	32.492	57	57	0	0	823.809	0
4481	A	C	801.385	32.5407	58	56	0	801.385	0	0
4482	A	A	813.961	32.5407	58	58	813.961	0	0	0
4483	C	C	838.248	32.5407	58	58	0	838.248	0	0
4484	G	G	854.189	32.5882	59	59	0	0	854.189	0
4485	A	A	864.891	32.68	61	61	864.891	0	0	0
4486	C	C	821.247	32.6346	60	58	0	821.247	0	0
4487	G	G	850.532	32.6346	60	59	0	0	850.532	0
4488	C	C	867.009	32.6346	60	60	0	867.009	0	0
4489	A	A	864.549	32.7677	63	63	864.549	0	0	0
4490	C	C	902.582	32.8517	65	63	0	902.582	0	0
4491	G	G	843.591	32.8102	64	60	0	0	843.591	0
4492	C	C	887.714	33.2122	64	62	0	887.714	0	0
4493	G	G	918.975	33.2122	64	64	0	0	918.975	0
4494	T	T	864.989	33.1723	63	63	0	0	0	864.989
4495	A	A	833.536	34.0116	60	60	833.536	0	0	0
4496	C	C	870.874	34.1157	63	61	0	870.874	0	0
4497	G	G	881.3	34.0472	61	61	0	0	881.3	0
4498	C	C	834.046	34.0472	61	59	0	834.046	0	0
4499	A	A	830.739	34.0116	60	60	830.739	0	0	0
4500	T	T	840.569	34.0116	60	60	0	0	0	840.569
4501	A	A	810.794	34.0116	60	60	810.794	0	0	0
4502	C	C	850.085	34.0116	60	59	0	850.085	0	0
4503	G	G	818.951	34.5251	58	57	0	0	818.951	0
4504	T	T	812.905	34.5251	58	58	0	0	0	812.905
4505	A	A	763.464	34.4582	56	56	763.464	0	0	0
4506	C	C	822.122	34.4921	57	57	0	822.122	0	0
4507	G	G	791.639	35.1522	56	55	0	0	791.639	0
4508	C	C	792.991	35.1249	55	55	0	792.991	0	0
4509	A	A	712.042	35.0678	53	53	712.042	0	0	0
4510	T	T	741.657	35.0678	53	53	0	0	0	741.657
4511	A	A	749.215	35.0968	54	54	749.215	0	0	0
4512	C	C	743.142	35.0968	54	52	0	743.142	0	0
4513	G	G	748.95	35.0678	53	52	0	0	748.95	0
4514	T	T	701.195	35.8707	50	50	0	0	0	701.195
4515	A	A	734.209	35.9273	53	53	734.209	0	0	0
4516	C	C	750.859	35.9091	52	52	0	750.859	0	0
4517	G	G	683.339	37	53	49	0	0	683.339	0
4518	C	C	764.401	37	53	53	0	764.401	0	0
4519	A	A	677.478	37	52	52	677.478	0	0	0
4520	T	T	714.757	37	50	50	0	0	0	714.757
4521	A	A	660.526	37	49	49	660.526	0	0	0
4522	C	C	678.328	35.8077	47	47	0	678.328	0	0
4523	G	G	630.735	35.7616	45	44	0	0	630.735	0
4524	T	T	626.719	35.7371	44	44	0	0	0	626.719
4525	A	A	601.574	35.7371	44	44	601.574	0	0	0
4526	C	C	619.228	35.7371	44	43	0	619.228	0	0
4527	G	G	552.134	35.6577	41	39	0	0	552.134	0
4528	C	C	578.822	35.6289	40	40	0	578.822	0	0
4529	A	A	502.075	35.5989	39	39	502.075	0	0	0
4530	C	C	564.232	35.5989	39	39	0	564.232	0	0
4531	G	G	523.498	35.5675	38	37	0	0	523.498	0
4532	T	T	505.873	35.4641	35	35	0	0	0	505.873
4533	G	G	457.245	35.3445	32	32	0	0	457.245	0
4534	T	T	432.922	35.2537	30	30	0	0	0	432.922
4535	A	A	387.664	35.2044	29	29	387.664	0	0	0
4536	C	C	418.334	35.2044	29	29	0	418.334	0	0
4537	G	G	360.833	35.1522	28	26	0	0	360.833	0
4538	C	C	403.744	35.1522	28	28	0	403.744	0	0
4539	A	A	337.608	35.1522	28	28	337.608	0	0	0
4540	C	C	345.385	34.9083	24	24	0	345.385	0	0
4541	G	G	288.485	34.76	22	21	0	0	288.485	0
4542	T	T	301.615	34.6774	21	21	0	0	0	301.615
4543	G	G	284.68	34.6774	21	20	0	0	284.68	0
4544	T	T	287.025	34.5884	20	20	0	0	0	287.025
4545	A	A	258.572	34.5884	20	20	258.572	0	0	0
4546	C	C	272.435	34.4921	19	19	0	272.435	0	0
4547	G	G	200.548	34.3875	18	15	0	0	200.548	0
4548	C	C	243.256	34.2735	17	17	0	243.256	0	0
4549	A	A	217.928	34.1488	16	16	217.928	0	0	0
4550	C	C	228.666	34.1488	16	16	0	228.666	0	0
4551	G	G	212.547	34.0116	15	15	0	0	212.547	0
4552	T	T	214.076	34.0116	15	15	0	0	0	214.076
4553	G	G	210.942	34.0116	15	15	0	0	210.942	0
4554	T	T	199.486	33.86	14	14	0	0	0	199.486
4555	A	A	174.819	33.6913	13	13	174.819	5.42101e-19	1.35525e-17	5.42101e-19
4556	C	C	184.783	33.6913	13	13	5.42101e-19	184.783	5.42101e-19	5.42101e-19
4557	G	G	155.774	33.6913	13	12	1.07553e-15	3.68629e-17	155.774	3.68629e-17
4558	C	C	170.307	33.5025	12	12	1.35525e-17	170.307	1.35525e-17	1.35525e-17
4559	A	A	119.207	33.5025	12	12	119.207	1.35525e-17	5.21339e-12	1.35525e-17
4560	C	C	155.717	33.2895	11	11	3.88144e-16	155.717	3.88144e-16	3.88144e-16
4561	G	G	108.558	32.4422	8	8	2.0179e-11	2.01785e-11	108.558	2.01794e-11
4562	T	T	111.947	32.4422	8	8	9.24516e-12	9.24528e-12	9.24558e-12	111.947
4563	G	G	79.9124	32.0567	7	6	4.14342e-08	1.44003e-09	79.9124	1.44006e-09
4564	T	T	68.1779	37	5	5	2.20224e-07	2.20227e-07	2.20231e-07	68.1779
4565	A	A	50.0786	37	4	4	50.0786	6.33659e-06	2.99777e-05	6.33644e-06
4566	C	C	53.5881	37	4	4	6.33663e-06	53.5881	6.33648e-06	6.33656e-06
4567	G	G	52.0678	37	4	4	8.99246e-06	8.99237e-06	52.0678	8.99256e-06
4568	C	C	53.5881	37	4	4	6.3366e-06	53.5881	6.33647e-06	6.33654e-06
4569	A	A	39.8429	37	4	4	39.8429	6.33599e-06	0.000437637	6.33585e-06
4570	C	C	38.9988	37	3	3	0.000182303	38.9988	0.0001823	0.000182301
4571	G	G	23.7419	37	2	2	0.0061204	0.00612037	23.7419	0.00612043
4572	T	T	24.4241	37	2	2	0.00523007	0.00523009	0.00523013	24.4241
4573	G	G	23.399	37	2	2	0.00662361	0.00662357	23.399	0.00662364
4574	T	T	24.4241	37	2	2	0.00523007	0.00523009	0.00523013	24.4241
4575	A	A	10.2493	37	1	1	10.2493	0.138885	0.138884	0.138884
4576	C	C	10.2493	37	1	1	0.138885	10.2493	0.138884	0.138885
4577	G	G	10.2494	37	1	1	0.138884	0.138884	10.2494	0.138885
4578	C	C	10.2493	37	1	1	0.138885	10.2493	0.138884	0.138885
4579	A	A	10.2493	37	1	1	10.2493	0.138885	0.138884	0.138884
4580	C	C	10.2493	37	1	1	0.138885	10.2493	0.138884	0.138885
4581	G	G	10.2494	37	1	1	0.138884	0.138884	10.2494	0.138885
4582	T	T	10.2493	37	1	1	0.138884	0.138885	0.138885	10.2493
4583	G	G	10.2493	37	1	1	0.138885	0.138884	10.2493	0.138885
4584	T	T	10.2493	37	1	1	0.138884	0.138885	0.138885	10.2493
4585	A	A	10.2493	37	1	1	10.2493	0.138885	0.138884	0.138884
4586	C	C	10.2493	37	1	1	0.138885	10.2493	0.138884	0.138885
4587	G	G	10.2494	37	1	1	0.138884	0.138884	10.2494	0.138885
4588	C	C	10.2493	37	1	1	0.138885	10.2493	0.138884	0.138885
4589	A	A	10.2493	37	1	1	10.2493	0.138885	0.138884	0.138884
4590	C	A	10.2493	37	1	1	10.2493	0.138885	0.138884	0.138884
4591	G	G	10.2494	37	1	1	0.138884	0.138884	10.2494	0.138885
4592	T	T	10.2493	37	1	1	0.138884	0.138885	0.138885	10.2493
4593	G	G	10.2494	37	1	1	0.138884	0.138884	10.2494	0.138885
4594	T	T	10.2493	37	1	1	0.138884	0.138885	0.138885	10.2493
4595	A	A	10.2493	37	1	1	10.2493	0.138885	0.138884	0.138884
4596	C	C	10.2493	37	1	1	0.138885	10.2493	0.138884	0.138885
4597	G	G	10.2494	37	1	1	0.138884	0.138884	10.2494	0.138885
4598	C	C	10.2493	37	1	1	0.138885	10.2493	0.138884	0.138885
4599	A	A	10.2493	37	1	1	10.2493	0.138885	0.138884	0.138884
4600	C	C	10.2493	37	1	1	0.138885	10.2493	0.138884	0.138885
4601	G	G	10.2494	37	1	1	0.138884	0.138884	10.2494	0.138885
4602	T	T	10.2493	37	1	1	0.138884	0.138885	0.138885	10.2493
4603	G	G	10.2494	37	1	1	0.138884	0.138884	10.2494	0.138885
4604	T	T	10.2493	37	1	1	0.138884	0.138885	0.138885	10.2493
4605	A	A	10.2493	37	1	1	10.2493	0.138885	0.138884	0.138884
4606	C	C	10.2493	37	1	1	0.138885	10.2493	0.138884	0.138885
4607	G	G	10.2494	37	1	1	0.138884	0.138884	10.2494	0.138885
4608	C	C	10.2435	37	1	1	0.139131	10.2435	0.13901	0.139085
4609	A	A	10.2493	37	1	1	10.2493	0.138885	0.138884	0.138884
4610	C	C	10.2493	37	1	1	0.138885	10.2493	0.138884	0.138885
4611	G	A	2.81294	37	1	1	2.81294	1.12817	0.727481	0.656246
4612	T	T	10.2493	37	1	1	0.138884	0.138885	0.138885	10.2493
4613	G	G	10.2494	37	1	1	0.138884	0.138884	10.2494	0.138885
4614	T	T	10.2493	37	1	1	0.138884	0.138885	0.138885	10.2493
4615	A	A	10.2493	37	1	1	10.2493	0.138885	0.138884	0.138884
4616	C	C	10.2493	37	1	1	0.138885	10.2493	0.138884	0.138885
4617	G	G	10.2494	37	1	1	0.138884	0.138884	10.2494	0.138885
4618	C	C	10.2493	37	1	1	0.138885	10.2493	0.138884	0.138885
4619	A	A	10.2493	37	1	1	10.2493	0.138885	0.138884	0.138884
4620	C	C	10.2493	37	1	1	0.138885	10.2493	0.138884	0.138885
4621	G	G	10.2494	37	1	1	0.138884	0.138884	10.2494	0.138885
4622	T	T	10.2477	37	1	1	0.138921	0.138938	0.138955	10.2477
4623	G	A	10.2493	37	1	1	10.2493	0.138885	0.138884	0.138884
4624	T	G	10.2493	37	1	1	0.138885	0.138884	10.2493	0.138885
4625	A	A	7.22198	37	1	1	7.22198	0.12408	0.621071	0.124079
4626	C	C	10.2493	37	1	1	0.138885	10.2493	0.138884	0.138885
4627	G	G	9.50013	37	1	1	0.165539	0.165539	9.50013	0.16554
4628	C	C	10.2493	37	1	1	0.138885	10.2493	0.138884	0.138885
4629	A	A	5.36913	37	1	1	5.36913	0.109016	1.19722	0.108775
4630	C	N	0	0	0	0	0.0	0.0	0.0	0.0
4631	G	N	0	0	0	0	0.0	0.0	0.0	0.0
4632	T	N	0	0	0	0	0.0	0.0	0.0	0.0
4633	G	N	0	0	0	0	0.0	0.0	0.0	0.0
4634	T	N	0	0	0	0	0.0	0.0	0.0	0.0
4635	A	N	0	0	0	0	0.0	0.0	0.0	0.0
4636	C	N	0	0	0	0	0.0	0.0	0.0	0.0
4637	G	N	0	0	0	0	0.0	0.0	0.0	0.0
4638	C	N	0	0	0	0	0.0	0.0	0.0	0.0
4639	A	N	0	0	0	0	0.0	0.0	0.0	0.0
4640	C	N	0	0	0	0	0.0	0.0	0.0	0.0
4641	G	N	0	0	0	0	0.0	0.0	0.0	0.0
4642	T	N	0	0	0	0	0.0	0.0	0.0	0.0
4643	G	N	0	0	0	0	0.0	0.0	0.0	0.0
4644	T	N	0	0	0	0	0.0	0.0	0.0	0.0
4645	A	N	0	0	0	0	0.0	0.0	0.0	0.0
4646	C	N	0	0	0	0	0.0	0.0	0.0	0.0
4647	G	N	0	0	0	0	0.0	0.0	0.0	0.0
4648	C	N	0	0	0	0	0.0	0.0	0.0	0.0
4649	A	N	0	0	0	0	0.0	0.0	0.0	0.0
4650	C	N	0	0	0	0	0.0	0.0	0.0	0.0
4651	G	N	0	0	0	0	0.0	0.0	0.0	0.0
4652	T	N	0	0	0	0	0.0	0.0	0.0	0.0
4653	G	N	0	0	0	0	0.0	0.0	0.0	0.0
4654	T	N	0	0	0	0	0.0	0.0	0.0	0.0
4655	A	N	0	0	0	0	0.0	0.0	0.0	0.0
4656	C	N	0	0	0	0	0.0	0.0	0.0	0.0
4657	G	N	0	0	0	0	0.0	0.0	0.0	0.0
4658	C	N	0	0	0	0	0.0	0.0	0.0	0.0
4659	A	N	0	0	0	0	0.0	0.0	0.0	0.0
4660	C	N	0	0	0	0	0.0	0.0	0.0	0.0
4661	G	N	0	0	0	0	0.0	0.0	0.0	0.0
4662	T	N	0	0	0	0	0.0	0.0	0.0	0.0
4663	G	N	0	0	0	0	0.0	0.0	0.0	0.0
4664	T	N	0	0	0	0	0.0	0.0	0.0	0.0
4665	A	N	0	0	0	0	0.0	0.0	0.0	0.0
4666	C	N	0	0	0	0	0.0	0.0	0.0	0.0
4667	G	N	0	0	0	0	0.0	0.0	0.0	0.0
4668	C	N	0	0	0	0	0.0	0.0	0.0	0.0
4669	A	N	0	0	0	0	0.0	0.0	0.0	0.0
4670	C	N	0	0	0	0	0.0	0.0	0.0	0.0
4671	G	N	0	0	0	0	0.0	0.0	0.0	0.0
4672	T	N	0	0	0	0	0.0	0.0	0.0	0.0
4673	G	N	0	0	0	0	0.0	0.0	0.0	0.0
4674	T	N	0	0	0	0	0.0	0.0	0.0	0.0
4675	A	N	0	0	0	0	0.0	0.0	0.0	0.0
4676	C	N	0	0	0	0	0.0	0.0	0.0	0.0
4677	G	N	0	0	0	0	0.0	0.0	0.0	0.0
4678	C	N	0	0	0	0	0.0	0.0	0.0	0.0
4679	A	N	0	0	0	0	0.0	0.0	0.0	0.0
4680	C	N	0	0	0	0	0.0	0.0	0.0	0.0
4681	G	N	0	0	0	0	0.0	0.0	0.0	0.0
4682	T	N	0	0	0	0	0.0	0.0	0.0	0.0
4683	G	N	0	0	0	0	0.0	0.0	0.0	0.0
4684	T	N	0	0	0	0	0.0	0.0	0.0	0.0
4685	A	N	0	0	0	0	0.0	0.0	0.0	0.0
4686	C	N	0	0	0	0	0.0	0.0	0.0	0.0
4687	G	N	0	0	0	0	0.0	0.0	0.0	0.0
4688	C	N	0	0	0	0	0.0	0.0	0.0	0.0
4689	A	N	0	0	0	0	0.0	0.0	0.0	0.0
4690	C	N	0	0	0	0	0.0	0.0	0.0	0.0
4691	G	N	0	0	0	0	0.0	0.0	0.0	0.0
4692	T	N	0	0	0	0	0.0	0.0	0.0	0.0
4693	G	N	0	0	0	0	0.0	0.0	0.0	0.0
4694	T	N	0	0	0	0	0.0	0.0	0.0	0.0
4695	A	N	0	0	0	0	0.0	0.0	0.0	0.0
4696	C	N	0	0	0	0	0.0	0.0	0.0	0.0
4697	G	N	0	0	0	0	0.0	0.0	0.0	0.0
4698	C	N	0	0	0	0	0.0	0.0	0.0	0.0
4699	A	N	0	0	0	0	0.0	0.0	0.0	0.0
4700	C	N	0	0	0	0	0.0	0.0	0.0	0.0
4701	G	N	0	0	0	0	0.0	0.0	0.0	0.0
4702	T	N	0	0	0	0	0.0	0.0	0.0	0.0
4703	G	N	0	0	0	0	0.0	0.0	0.0	0.0
4704	T	N	0	0	0	0	0.0	0.0	0.0	0.0
4705	A	N	0	0	0	0	0.0	0.0	0.0	0.0
4706	C	N	0	0	0	0	0.0	0.0	0.0	0.0
4707	G	N	0	0	0	0	0.0	0.0	0.0	0.0
4708	C	N	0	0	0	0	0.0	0.0	0.0	0.0
4709	A	N	0	0	0	0	0.0	0.0	0.0	0.0
4710	C	N	0	0	0	0	0.0	0.0	0.0	0.0
4711	G	N	0	0	0	0	0.0	0.0	0.0	0.0
4712	T	N	0	0	0	0	0.0	0.0	0.0	0.0
4713	G	N	0	0	0	0	0.0	0.0	0.0	0.0
4714	T	N	0	0	0	0	0.0	0.0	0.0	0.0
4715	A	N	0	0	0	0	0.0	0.0	0.0	0.0
4716	C	N	0	0	0	0	0.0	0.0	0.0	0.0
4717	G	N	0	0	0	0	0.0	0.0	0.0	0.0
4718	C	N	0	0	0	0	0.0	0.0	0.0	0.0
4719	A	N	0	0	0	0	0.0	0.0	0.0	0.0
4720	C	N	0	0	0	0	0.0	0.0	0.0	0.0
4721	G	N	0	0	0	0	0.0	0.0	0.0	0.0
4722	T	N	0	0	0	0	0.0	0.0	0.0	0.0
4723	G	N	0	0	0	0	0.0	0.0	0.0	0.0
4724	T	N	0	0	0	0	0.0	0.0	0.0	0.0
4725	A	N	0	0	0	0	0.0	0.0	0.0	0.0
4726	C	N	0	0	0	0	0.0	0.0	0.0	0.0
4727	G	N	0	0	0	0	0.0	0.0	0.0	0.0
4728	C	N	0	0	0	0	0.0	0.0	0.0	0.0
4729	A	N	0	0	0	0	0.0	0.0	0.0	0.0
4730	C	N	0	0	0	0	0.0	0.0	0.0	0.0
4731	G	N	0	0	0	0	0.0	0.0	0.0	0.0
4732	T	N	0	0	0	0	0.0	0.0	0.0	0.0
4733	G	N	0	0	0	0	0.0	0.0	0.0	0.0
4734	T	N	0	0	0	0	0.0	0.0	0.0	0.0
4735	A	N	0	0	0	0	0.0	0.0	0.0	0.0
4736	C	N	0	0	0	0	0.0	0.0	0.0	0.0
4737	G	N	0	0	0	0	0.0	0.0	0.0	0.0
4738	C	N	0	0	0	0	0.0	0.0	0.0	0.0
4739	A	N	0	0	0	0	0.0	0.0	0.0	0.0
4740	C	N	0	0	0	0	0.0	0.0	0.0	0.0
4741	G	N	0	0	0	0	0.0	0.0	0.0	0.0
4742	T	N	0	0	0	0	0.0	0.0	0.0	0.0
4743	G	N	0	0	0	0	0.0	0.0	0.0	0.0
4744	T	N	0	0	0	0	0.0	0.0	0.0	0.0
4745	A	N	0	0	0	0	0.0	0.0	0.0	0.0
4746	C	N	0	0	0	0	0.0	0.0	0.0	0.0
4747	G	N	0	0	0	0	0.0	0.0	0.0	0.0
4748	C	N	0	0	0	0	0.0	0.0	0.0	0.0
4749	A	N	0	0	0	0	0.0	0.0	0.0	0.0
4750	C	N	0	0	0	0	0.0	0.0	0.0	0.0
4751	G	N	0	0	0	0	0.0	0.0	0.0	0.0
4752	T	N	0	0	0	0	0.0	0.0	0.0	0.0
4753	G	N	0	0	0	0	0.0	0.0	0.0	0.0
4754	T	N	0	0	0	0	0.0	0.0	0.0	0.0
4755	A	N	0	0	0	0	0.0	0.0	0.0	0.0
4756	C	N	0	0	0	0	0.0	0.0	0.0	0.0
4757	G	N	0	0	0	0	0.0	0.0	0.0	0.0
4758	C	N	0	0	0	0	0.0	0.0	0.0	0.0
4759	A	N	0	0	0	0	0.0	0.0	0.0	0.0
4760	C	N	0	0	0	0	0.0	0.0	0.0	0.0
4761	G	N	0	0	0	0	0.0	0.0	0.0	0.0
4762	T	N	0	0	0	0	0.0	0.0	0.0	0.0
4763	G	N	0	0	0	0	0.0	0.0	0.0	0.0
4764	T	N	0	0	0	0	0.0	0.0	0.0	0.0
4765	A	N	0	0	0	0	0.0	0.0	0.0	0.0
4766	C	N	0	0	0	0	0.0	0.0	0.0	0.0
4767	G	N	0	0	0	0	0.0	0.0	0.0	0.0
4768	C	N	0	0	0	0	0.0	0.0	0.0	0.0
4769	A	N	0	0	0	0	0.0	0.0	0.0	0.0
4770	C	N	0	0	0	0	0.0	0.0	0.0	0.0
4771	G	N	0	0	0	0	0.0	0.0	0.0	0.0
4772	T	N	0	0	0	0	0.0	0.0	0.0	0.0
4773	G	N	0	0	0	0	0.0	0.0	0.0	0.0
4774	T	N	0	0	0	0	0.0	0.0	0.0	0.0
4775	A	N	0	0	0	0	0.0	0.0	0.0	0.0
4776	C	N	0	0	0	0	0.0	0.0	0.0	0.0
4777	G	N	0	0	0	0	0.0	0.0	0.0	0.0
4778	C	N	0	0	0	0	0.0	0.0	0.0	0.0
4779	A	N	0	0	0	0	0.0	0.0	0.0	0.0
4780	C	N	0	0	0	0	0.0	0.0	0.0	0.0
4781	G	N	0	0	0	0	0.0	0.0	0.0	0.0
4782	T	N	0	0	0	0	0.0	0.0	0.0	0.0
4783	G	N	0	0	0	0	0.0	0.0	0.0	0.0
4784	T	N	0	0	0	0	0.0	0.0	0.0	0.0
4785	A	N	0	0	0	0	0.0	0.0	0.0	0.0
4786	C	N	0	0	0	0	0.0	0.0	0.0	0.0
4787	G	N	0	0	0	0	0.0	0.0	0.0	0.0
4788	C	N	0	0	0	0	0.0	0.0	0.0	0.0
4789	A	N	0	0	0	0	0.0	0.0	0.0	0.0
4790	C	N	0	0	0	0	0.0	0.0	0.0	0.0
4791	G	N	0	0	0	0	0.0	0.0	0.0	0.0
4792	T	N	0	0	0	0	0.0	0.0	0.0	0.0
4793	G	N	0	0	0	0	0.0	0.0	0.0	0.0
4794	T	N	0	0	0	0	0.0	0.0	0.0	0.0
4795	A	N	0	0	0	0	0.0	0.0	0.0	0.0
4796	C	N	0	0	0	0	0.0	0.0	0.0	0.0
4797	G	N	0	0	0	0	0.0	0.0	0.0	0.0
4798	C	N	0	0	0	0	0.0	0.0	0.0	0.0
4799	A	N	0	0	0	0	0.0	0.0	0.0	0.0
4800	C	N	0	0	0	0	0.0	0.0	0.0	0.0
4801	G	N	0	0	0	0	0.0	0.0	0.0	0.0
4802	T	N	0	0	0	0	0.0	0.0	0.0	0.0
4803	G	N	0	0	0	0	0.0	0.0	0.0	0.0
4804	T	N	0	0	0	0	0.0	0.0	0.0	0.0
4805	A	N	0	0	0	0	0.0	0.0	0.0	0.0
4806	C	N	0	0	0	0	0.0	0.0	0.0	0.0
4807	G	N	0	0	0	0	0.0	0.0	0.0	0.0
4808	C	N	0	0	0	0	0.0	0.0	0.0	0.0
4809	A	N	0	0	0	0	0.0	0.0	0.0	0.0
4810	C	N	0	0	0	0	0.0	0.0	0.0	0.0
4811	G	N	0	0	0	0	0.0	0.0	0.0	0.0
4812	T	N	0	0	0	0	0.0	0.0	0.0	0.0
4813	G	N	0	0	0	0	0.0	0.0	0.0	0.0
4814	T	N	0	0	0	0	0.0	0.0	0.0	0.0
4815	A	N	0	0	0	0	0.0	0.0	0.0	0.0
4816	C	N	0	0	0	0	0.0	0.0	0.0	0.0
4817	G	N	0	0	0	0	0.0	0.0	0.0	0.0
4818	C	N	0	0	0	0	0.0	0.0	0.0	0.0
4819	A	N	0	0	0	0	0.0	0.0	0.0	0.0
4820	C	N	0	0	0	0	0.0	0.0	0.0	0.0
4821	G	N	0	0	0	0	0.0	0.0	0.0	0.0
4822	T	N	0	0	0	0	0.0	0.0	0.0	0.0
4823	G	N	0	0	0	0	0.0	0.0	0.0	0.0
4824	T	N	0	0	0	0	0.0	0.0	0.0	0.0
4825	A	N	0	0	0	0	0.0	0.0	0.0	0.0
4826	C	N	0	0	0	0	0.0	0.0	0.0	0.0
4827	G	N	0	0	0	0	0.0	0.0	0.0	0.0
4828	C	N	0	0	0	0	0.0	0.0	0.0	0.0
4829	A	N	0	0	0	0	0.0	0.0	0.0	0.0
4830	C	N	0	0	0	0	0.0	0.0	0.0	0.0
4831	G	N	0	0	0	0	0.0	0.0	0.0	0.0
4832	T	N	0	0	0	0	0.0	0.0	0.0	0.0
4833	G	N	0	0	0	0	0.0	0.0	0.0	0.0
4834	T	N	0	0	0	0	0.0	0.0	0.0	0.0
4835	A	N	0	0	0	0	0.0	0.0	0.0	0.0
4836	C	N	0	0	0	0	0.0	0.0	0.0	0.0
4837	G	N	0	0	0	0	0.0	0.0	0.0	0.0
4838	C	N	0	0	0	0	0.0	0.0	0.0	0.0
4839	A	N	0	0	0	0	0.0	0.0	0.0	0.0
4840	C	N	0	0	0	0	0.0	0.0	0.0	0.0
4841	G	N	0	0	0	0	0.0	0.0	0.0	0.0
4842	T	N	0	0	0	0	0.0	0.0	0.0	0.0
4843	G	N	0	0	0	0	0.0	0.0	0.0	0.0
4844	T	N	0	0	0	0	0.0	0.0	0.0	0.0
4845	A	N	0	0	0	0	0.0	0.0	0.0	0.0
4846	C	N	0	0	0	0	0.0	0.0	0.0	0.0
4847	G	N	0	0	0	0	0.0	0.0	0.0	0.0
4848	C	N	0	0	0	0	0.0	0.0	0.0	0.0
4849	A	N	0	0	0	0	0.0	0.0	0.0	0.0
4850	C	N	0	0	0	0	0.0	0.0	0.0	0.0
4851	G	N	0	0	0	0	0.0	0.0	0.0	0.0
4852	T	N	0	0	0	0	0.0	0.0	0.0	0.0
4853	G	N	0	0	0	0	0.0	0.0	0.0	0.0
4854	T	N	0	0	0	0	0.0	0.0	0.0	0.0
4855	A	N	0	0	0	0	0.0	0.0	0.0	0.0
4856	C	N	0	0	0	0	0.0	0.0	0.0	0.0
4857	G	N	0	0	0	0	0.0	0.0	0.0	0.0
4858	C	N	0	0	0	0	0.0	0.0	0.0	0.0
4859	A	N	0	0	0	0	0.0	0.0	0.0	0.0
4860	C	N	0	0	0	0	0.0	0.0	0.0	0.0
4861	G	N	0	0	0	0	0.0	0.0	0.0	0.0
4862	T	N	0	0	0	0	0.0	0.0	0.0	0.0
4863	G	N	0	0	0	0	0.0	0.0	0.0	0.0
4864	T	N	0	0	0	0	0.0	0.0	0.0	0.0
4865	A	N	0	0	0	0	0.0	0.0	0.0	0.0
4866	C	N	0	0	0	0	0.0	0.0	0.0	0.0
4867	G	N	0	0	0	0	0.0	0.0	0.0	0.0
4868	C	N	0	0	0	0	0.0	0.0	0.0	0.0
4869	A	N	0	0	0	0	0.0	0.0	0.0	0.0
4870	C	N	0	0	0	0	0.0	0.0	0.0	0.0
4871	G	N	0	0	0	0	0.0	0.0	0.0	0.0
4872	T	N	0	0	0	0	0.0	0.0	0.0	0.0
4873	G	N	0	0	0	0	0.0	0.0	0.0	0.0
4874	T	N	0	0	0	0	0.0	0.0	0.0	0.0
4875	A	N	0	0	0	0	0.0	0.0	0.0	0.0
4876	C	N	0	0	0	0	0.0	0.0	0.0	0.0
4877	G	N	0	0	0	0	0.0	0.0	0.0	0.0
4878	C	N	0	0	0	0	0.0	0.0	0.0	0.0
4879	A	N	0	0	0	0	0.0	0.0	0.0	0.0
4880	C	N	0	0	0	0	0.0	0.0	0.0	0.0
4881	G	N	0	0	0	0	0.0	0.0	0.0	0.0
4882	T	N	0	0	0	0	0.0	0.0	0.0	0.0
4883	G	N	0	0	0	0	0.0	0.0	0.0	0.0
4884	T	N	0	0	0	0	0.0	0.0	0.0	0.0
4885	A	N	0	0	0	0	0.0	0.0	0.0	0.0
4886	C	N	0	0	0	0	0.0	0.0	0.0	0.0
4887	G	N	0	0	0	0	0.0	0.0	0.0	0.0
4888	C	N	0	0	0	0	0.0	0.0	0.0	0.0
4889	A	N	0	0	0	0	0.0	0.0	0.0	0.0
4890	C	N	0	0	0	0	0.0	0.0	0.0	0.0
4891	G	N	0	0	0	0	0.0	0.0	0.0	0.0
4892	T	N	0	0	0	0	0.0	0.0	0.0	0.0
4893	G	N	0	0	0	0	0.0	0.0	0.0	0.0
4894	T	N	0	0	0	0	0.0	0.0	0.0	0.0
4895	A	N	0	0	0	0	0.0	0.0	0.0	0.0
4896	C	N	0	0	0	0	0.0	0.0	0.0	0.0
4897	G	N	0	0	0	0	0.0	0.0	0.0	0.0
4898	C	N	0	0	0	0	0.0	0.0	0.0	0.0
4899	A	N	0	0	0	0	0.0	0.0	0.0	0.0
4900	C	N	0	0	0	0	0.0	0.0	0.0	0.0
4901	G	N	0	0	0	0	0.0	0.0	0.0	0.0
4902	T	N	0	0	0	0	0.0	0.0	0.0	0.0
4903	G	N	0	0	0	0	0.0	0.0	0.0	0.0
4904	T	N	0	0	0	0	0.0	0.0	0.0	0.0
4905	A	N	0	0	0	0	0.0	0.0	0.0	0.0
4906	C	N	0	0	0	0	0.0	0.0	0.0	0.0
4907	G	N	0	0	0	0	0.0	0.0	0.0	0.0
4908	C	N	0	0	0	0	0.0	0.0	0.0	0.0
4909	A	N	0	0	0	0	0.0	0.0	0.0	0.0
4910	C	N	0	0	0	0	0.0	0.0	0.0	0.0
4911	G	N	0	0	0	0	0.0	0.0	0.0	0.0
4912	T	N	0	0	0	0	0.0	0.0	0.0	0.0
4913	G	N	0	0	0	0	0.0	0.0	0.0	0.0
4914	T	N	0	0	0	0	0.0	0.0	0.0	0.0
4915	A	N	0	0	0	0	0.0	0.0	0.0	0.0
4916	C	N	0	0	0	0	0.0	0.0	0.0	0.0
4917	G	N	0	0	0	0	0.0	0.0	0.0	0.0
4918	C	N	0	0	0	0	0.0	0.0	0.0	0.0
4919	A	N	0	0	0	0	0.0	0.0	0.0	0.0
4920	C	N	0	0	0	0	0.0	0.0	0.0	0.0
4921	G	N	0	0	0	0	0.0	0.0	0.0	0.0
4922	T	N	0	0	0	0	0.0	0.0	0.0	0.0
4923	G	N	0	0	0	0	0.0	0.0	0.0	0.0
4924	T	N	0	0	0	0	0.0	0.0	0.0	0.0
4925	A	N	0	0	0	0	0.0	0.0	0.0	0.0
4926	C	N	0	0	0	0	0.0	0.0	0.0	0.0
4927	G	N	0	0	0	0	0.0	0.0	0.0	0.0
4928	C	N	0	0	0	0	0.0	0.0	0.0	0.0
4929	A	N	0	0	0	0	0.0	0.0	0.0	0.0
4930	C	N	0	0	0	0	0.0	0.0	0.0	0.0
4931	G	N	0	0	0	0	0.0	0.0	0.0	0.0
4932	T	N	0	0	0	0	0.0	0.0	0.0	0.0
4933	G	N	0	0	0	0	0.0	0.0	0.0	0.0
4934	T	N	0	0	0	0	0.0	0.0	0.0	0.0
4935	A	N	0	0	0	0	0.0	0.0	0.0	0.0
4936	C	N	0	0	0	0	0.0	0.0	0.0	0.0
4937	G	N	0	0	0	0	0.0	0.0	0.0	0.0
4938	C	N	0	0	0	0	0.0	0.0	0.0	0.0
4939	A	N	0	0	0	0	0.0	0.0	0.0	0.0
4940	C	N	0	0	0	0	0.0	0.0	0.0	0.0
4941	G	N	0	0	0	0	0.0	0.0	0.0	0.0
4942	T	N	0	0	0	0	0.0	0.0	0.0	0.0
4943	G	N	0	0	0	0	0.0	0.0	0.0	0.0
4944	T	N	0	0	0	0	0.0	0.0	0.0	0.0
4945	A	N	0	0	0	0	0.0	0.0	0.0	0.0
4946	C	N	0	0	0	0	0.0	0.0	0.0	0.0
4947	G	N	0	0	0	0	0.0	0.0	0.0	0.0
4948	C	N	0	0	0	0	0.0	0.0	0.0	0.0
4949	A	N	0	0	0	0	0.0	0.0	0.0	0.0
4950	C	N	0	0	0	0	0.0	0.0	0.0	0.0
4951	G	N	0	0	0	0	0.0	0.0	0.0	0.0
4952	T	N	0	0	0	0	0.0	0.0	0.0	0.0
4953	G	N	0	0	0	0	0.0	0.0	0.0	0.0
4954	T	N	0	0	0	0	0.0	0.0	0.0	0.0
4955	A	N	0	0	0	0	0.0	0.0	0.0	0.0
4956	C	N	0	0	0	0	0.0	0.0	0.0	0.0
4957	G	N	0	0	0	0	0.0	0.0	0.0	0.0
4958	C	N	0	0	0	0	0.0	0.0	0.0	0.0
4959	A	N	0	0	0	0	0.0	0.0	0.0	0.0
4960	C	N	0	0	0	0	0.0	0.0	0.0	0.0
4961	G	N	0	0	0	0	0.0	0.0	0.0	0.0
4962	T	T	5.43974	37	1	1	0.109165	1.16981	0.109165	5.43974
4963	G	G	10.2494	37	1	1	0.138884	0.138884	10.2494	0.138885
4964	T	T	6.61844	37	1	1	0.119691	0.775246	0.119692	6.61844
4965	A	A	10.2493	37	1	1	10.2493	0.138885	0.138884	0.138884
4966	C	C	9.70466	37	1	1	0.157784	9.70466	0.157783	0.157784
4967	G	G	10.2494	37	1	1	0.138884	0.138884	10.2494	0.138885
4968	C	C	10.2493	37	1	1	0.138885	10.2493	0.138884	0.138885
4969	A	A	10.2493	37	1	1	10.2493	0.138885	0.138884	0.138884
4970	C	C	10.2493	37	1	1	0.138885	10.2493	0.138884	0.138885
4971	G	G	10.2494	37	1	1	0.138884	0.138884	10.2494	0.138885
4972	T	T	10.2493	37	1	1	0.138884	0.138885	0.138885	10.2493
4973	G	G	10.2494	37	1	1	0.138884	0.138884	10.2494	0.138885
4974	T	T	10.2493	37	1	1	0.138884	0.138885	0.138885	10.2493
4975	A	A	10.2493	37	1	1	10.2493	0.138885	0.138884	0.138884
4976	C	C	10.2493	37	1	1	0.138885	10.2493	0.138884	0.138885
4977	G	G	10.2494	37	1	1	0.138884	0.138884	10.2494	0.138885
4978	C	C	10.2493	37	1	1	0.138885	10.2493	0.138884	0.138885
4979	A	A	10.2493	37	1	1	10.2493	0.138885	0.138884	0.138884
4980	C	C	10.2493	37	1	1	0.138885	10.2493	0.138884	0.138885
4981	G	G	10.2494	37	1	1	0.138884	0.138884	10.2494	0.138885
4982	T	T	10.2493	37	1	1	0.138884	0.138885	0.138885	10.2493
4983	G	G	10.2493	37	1	1	0.138885	0.138884	10.2493	0.138885
4984	T	T	10.2493	37	1	1	0.138884	0.138885	0.138885	10.2493
4985	A	A	10.2493	37	1	1	10.2493	0.138885	0.138884	0.138884
4986	C	C	10.2493	37	1	1	0.138885	10.2493	0.138884	0.138885
4987	G	G	10.2494	37	1	1	0.138884	0.138884	10.2494	0.138885
4988	C	C	22.5271	29.2551	3	2	0.000788773	22.5271	0.000788769	0.0227526
4989	A	A	38.9988	29.2551	3	3	38.9988	0.000182303	0.000182301	0.0001823
4990	C	C	21.3051	29.2551	3	2	0.0010451	21.3051	0.00104509	0.0301713
4991	G	G	38.9988	29.2551	3	3	0.000182301	0.0001823	38.9988	0.000182303
4992	T	T	29.8913	29.2551	3	3	0.000182136	0.00409063	0.00018214	29.8913
4993	G	G	53.5881	27.7446	4	4	6.33651e-06	6.33646e-06	53.5881	6.33657e-06
4994	T	T	48.7825	27.7446	4	4	6.33642e-06	4.48097e-05	6.33657e-06	48.7825
4995	A	A	53.5881	27.7446	4	4	53.5881	6.33662e-06	6.33651e-06	6.33648e-06
4996	C	C	52.9032	27.7446	4	4	7.41911e-06	52.9032	7.41893e-06	7.41903e-06
4997	G	G	53.5881	27.7446	4	4	6.33651e-06	6.33646e-06	53.5881	6.33657e-06
4998	C	C	53.4856	27.7446	4	4	6.52736e-06	53.4856	6.44138e-06	6.49484e-06
4999	A	A	53.5881	27.7446	4	4	53.5881	6.33662e-06	6.33651e-06	6.33648e-06
5000	C	C	53.5881	27.7446	4	4	6.33663e-06	53.5881	6.33648e-06	6.33657e-06
5001	G	G	53.5881	27.7446	4	4	6.33651e-06	6.33646e-06	53.5881	6.33657e-06
5002	T	T	67.7658	27.7446	6	6	7.65388e-09	7.11133e-07	7.65415e-09	67.7658
5003	G	G	97.3571	28.329	7	7	2.66042e-10	2.66034e-10	97.3571	2.66057e-10
5004	T	G	111.947	28.8254	8	8	9.24525e-12	9.24512e-12	111.947	9.24545e-12
5005	A	A	111.947	28.8254	8	8	111.947	9.24557e-12	9.24526e-12	9.24516e-12
5006	C	C	126.874	29.2551	12	10	1.07553e-15	126.874	1.07553e-15	8.898e-13
5007	G	G	170.307	29.2551	12	12	1.35525e-17	1.35525e-17	170.307	1.35525e-17
5008	C	C	162.197	29.5423	13	12	6.07153e-17	162.197	1.30104e-16	7.15573e-17
5009	A	A	199.486	29.8046	14	14	199.486	0	0	0
5010	C	C	169.424	30.0454	15	13	0	169.424	0	4.98733e-17
5011	G	G	214.076	30.0454	15	15	0	0	214.076	0
5012	T	T	197.02	30.0454	15	15	0	0	0	197.02
5013	G	G	228.666	30.2677	16	16	0	0	228.666	0
5014	T	T	227.642	29.9033	18	18	0	0	0	227.642
5015	A	A	257.846	29.9033	18	18	257.846	0	0	0
5016	C	C	255.478	29.9033	18	18	0	255.478	0	0
5017	G	G	257.846	29.9033	18	18	0	0	257.846	0
5018	C	C	256.311	30.0913	19	18	0	256.311	0	0
5019	A	A	272.435	30.0913	19	19	272.435	0	0	0
5020	C	C	271.604	30.0913	19	19	0	271.604	0	0
5021	G	G	287.025	30.2677	20	20	0	0	287.025	0
5022	T	T	281.319	30.4338	21	21	0	0	0	281.319
5023	G	G	301.615	30.4338	21	21	0	0	301.615	0
5024	T	T	296.099	30.5905	22	22	0	0	0	296.099
5025	A	A	345.385	30.879	24	24	345.385	0	0	0
5026	C	C	367.642	31.2599	27	26	0	367.642	0	0
5027	G	G	418.334	31.4853	29	29	0	0	418.334	0
5028	C	C	391.334	31.5907	30	28	0	391.334	0	0
5029	A	A	447.513	31.6916	31	31	447.513	0	0	0
5030	C	C	464.209	31.4124	34	33	0	464.209	0	0
5031	G	G	504.663	31.5032	35	35	0	0	504.663	0
5032	T	T	469.609	31.5907	36	36	0	0	0	469.609
5033	G	G	535.051	31.6751	37	37	0	0	535.051	0
5034	T	T	500.817	31.7566	38	38	0	0	0	500.817
5035	A	T	524.218	31.7566	38	38	0	0	0	524.218
5036	C	C	552.385	31.9853	41	39	0	552.385	0	0
5037	G	G	568.311	32.0567	42	40	0	0	568.311	0
5038	C	C	547.03	32.0567	42	39	0	547.03	0	0
5039	A	A	596.272	32.0567	42	42	596.272	0	0	0
5040	A	A	584.732	32.0567	42	42	584.732	0	0	0
5041	G	G	620.407	32.6438	43	43	0	0	620.407	0
5042	T	T	605.475	33.2895	44	44	0	0	0	605.475
5043	G	G	576.794	32.7677	45	42	0	0	576.794	0
5044	T	T	627.654	32.8844	47	47	0	0	0	627.654
5045	A	A	698.18	32.9943	49	49	698.18	0	0	0
5046	C	C	700.129	33.5518	49	49	0	700.129	0	0
5047	G	G	749.675	33.7353	53	52	0	0	749.675	0
5048	G	G	779.17	33.8195	55	54	0	0	779.17	0
5049	A	A	769.436	33.86	56	56	769.436	0	0	0
5050	A	A	797.516	34.5251	58	58	797.516	0	0	0
5051	G	G	866.361	35.2773	61	60	0	0	866.361	0
5052	T	T	797.164	36.0675	62	62	0	0	0	797.164
5053	G	G	938.039	36.1064	65	65	0	0	938.039	0
5054	T	T	830.584	35.3657	65	65	0	0	0	830.584
5055	A	A	902.854	35.3445	64	64	902.854	0	0	0
5056	A	A	886.669	35.3657	65	65	886.669	0	0	0
5057	G	G	901.125	35.3657	65	63	0	0	901.125	0
5058	G	G	937.626	35.3657	65	65	0	0	937.626	0
5059	G	G	919.798	35.3864	66	64	0	0	919.798	0
5060	T	T	924.437	35.4262	68	68	0	0	0	924.437
5061	A	A	906.951	36.1064	65	65	906.951	0	0	0
5062	A	A	947.644	36.1422	68	68	947.644	0	0	0
5063	G	G	965.903	36.1422	68	67	0	0	965.903	0
5064	C	C	982.342	36.1422	68	68	0	982.342	0	0
5065	A	A	945.346	36.1535	69	69	945.346	0	0	0
5066	A	A	947.945	36.1306	67	67	947.945	0	0	0
5067	G	G	983.165	36.1422	68	68	0	0	983.165	0
5068	G	G	958.316	36.1645	70	67	0	0	958.316	0
5069	G	G	959.961	36.1752	71	68	0	0	959.961	0
5070	T	T	959.537	36.1645	70	70	0	0	0	959.537
5071	T	T	980.895	36.1959	73	73	0	0	0	980.895
5072	T	T	981.778	36.1857	72	72	0	0	0	981.778
5073	T	T	979.286	36.1857	72	72	0	0	0	979.286
5074	T	T	951.026	36.1535	69	69	0	0	0	951.026
5075	A	A	946.549	36.1645	70	70	946.549	0	0	0
5076	G	G	953.427	36.1306	67	66	0	0	953.427	0
5077	A	A	941.029	37	68	68	941.029	0	0	0
5078	T	T	936.859	37	67	67	0	0	0	936.859
5079	T	T	926.88	37	67	67	0	0	0	926.88
5080	T	T	928.74	37	67	67	0	0	0	928.74
5081	T	T	942.238	37	69	69	0	0	0	942.238
5082	A	A	914.791	37	68	68	914.791	0	0	0
5083	A	A	936.857	36.1752	71	71	936.857	0	0	0
5084	A	A	894.004	36.1422	68	68	894.004	0	0	0
5085	C	C	901.948	36.1064	65	63	0	901.948	0	0
5086	T	T	908.493	36.1064	65	65	0	0	0	908.493
5087	A	A	852.992	36.0938	64	64	852.992	0	0	0
5088	G	G	905.728	36.0809	63	63	0	0	905.728	0
5089	C	C	893.531	36.0675	62	62	0	893.531	0	0
5090	T	T	863.996	36.0675	62	62	0	0	0	863.996
5091	T	T	830.895	36.0538	61	61	0	0	0	830.895
5092	A	A	829.786	36.0538	61	61	829.786	0	0	0
5093	A	A	852.568	36.0809	63	63	852.568	0	0	0
5094	T	T	852.923	36.0809	63	63	0	0	0	852.923
5095	C	C	826.799	36.1064	65	60	0	826.799	0	0
5096	A	A	857.655	36.0675	62	62	857.655	0	0	0
5097	A	A	842.93	36.0538	61	61	842.93	0	0	0
5098	A	A	824.173	36.0538	61	61	824.173	0	0	0
5099	C	C	866.529	36.0397	60	60	0	866.529	0	0
5100	C	C	825.237	35.9945	57	57	0	825.237	0	0
5101	C	C	826.013	35.9945	57	57	0	826.013	0	0
5102	C	C	837.64	36.01	58	58	0	837.64	0	0
5103	C	C	797.988	35.9945	57	56	0	797.988	0	0
5104	C	C	809.522	35.9785	56	56	0	809.522	0	0
5105	T	T	765.632	35.945	54	54	0	0	0	765.632
5106	T	T	728.21	35.9091	52	52	0	0	0	728.21
5107	A	A	698.986	35.9273	53	53	698.986	0	0	0
5108	C	C	751.01	35.9091	52	52	0	751.01	0	0
5109	C	C	763.04	35.0678	53	53	0	763.04	0	0
5110	C	C	749.562	34.3506	53	52	0	749.562	0	0
5111	C	C	748.414	34.3127	52	52	0	748.414	0	0
5112	C	C	674.667	34.1488	48	47	0	674.667	0	0
5113	C	C	667.106	34.1488	48	47	0	667.106	0	0
5114	G	G	687.051	34.1917	49	48	0	0	687.051	0
5115	T	T	669.392	34.1488	48	48	0	0	0	669.392
5116	A	A	589.991	34.0588	46	46	589.991	0	0	0
5117	A	A	573.583	33.9628	44	44	573.583	0	0	0
5118	C	C	587.882	33.86	42	41	0	587.882	0	0
5119	T	T	588.669	33.8058	41	41	0	0	0	588.669
5120	T	T	561.026	33.1107	41	41	0	0	0	561.026
5121	C	C	572.607	33.1107	41	40	0	572.607	0	0
5122	A	A	600.251	33.2895	44	44	600.251	0	0	0
5123	A	A	607.035	32.7677	45	45	607.035	0	0	0
5124	G	G	561.235	32.6438	43	40	0	0	561.235	0
5125	G	G	616.759	32.6438	43	43	0	0	616.759	0
5126	A	A	581.49	32.7067	44	44	581.49	0	0	0
5127	G	G	643.629	32.7677	45	45	0	0	643.629	0
5128	C	G	574.485	32.7067	44	41	0	0	574.485	0
5129	T	T	589.506	33.3453	45	45	0	0	0	589.506
5130	T	T	573.642	33.2319	43	43	0	0	0	573.642
5131	A	A	627.366	33.3453	45	45	627.366	0	0	0
5132	T	T	608.711	33.5025	48	48	0	0	0	608.711
5133	G	G	661.684	33.4517	47	46	0	0	661.684	0
5134	C	C	672.297	33.5025	48	47	0	672.297	0	0
5135	A	A	620.872	33.4517	47	47	620.872	0	0	0
5136	C	C	675.144	33.4517	47	47	0	675.144	0	0
5137	A	A	616.184	33.3453	45	45	616.184	0	0	0
5138	T	T	638.981	33.3993	46	46	0	0	0	638.981
5139	T	T	604.354	33.9123	43	43	0	0	0	604.354
5140	T	T	601.095	33.9628	44	44	0	0	0	601.095
5141	A	A	611.701	34.0116	45	45	611.701	0	0	0
5142	T	T	626.671	34.1045	47	47	0	0	0	626.671
5143	G	G	656.497	34.1488	48	46	0	0	656.497	0
5144	G	G	685.548	34.2332	50	48	0	0	685.548	0
5145	A	A	687.981	34.9752	50	50	687.981	0	0	0
5146	T	T	637.341	35.8504	49	49	0	0	0	637.341
5147	G	G	735.129	35.8902	51	51	0	0	735.129	0
5148	T	T	676.904	35.8707	50	50	0	0	0	676.904
5149	C	C	681.854	35.8504	49	48	0	681.854	0	0
5150	T	T	683.987	34.9423	49	49	0	0	0	683.987
5151	T	T	687.803	34.2332	50	50	0	0	0	687.803
5152	G	G	684.211	34.2332	50	48	0	0	684.211	0
5153	C	C	727.917	34.3506	53	51	0	727.917	0	0
5154	C	C	759.08	33.778	54	53	0	759.08	0	0
5155	A	A	762.783	33.2435	54	54	762.783	0	0	0
5156	A	A	778.713	32.3912	55	55	778.713	0	0	0
5157	A	A	787.165	32.3912	55	55	787.165	0	0	0
5158	C	C	782.138	32.1088	57	55	0	782.138	0	0
5159	C	C	751.217	31.8094	58	54	0	751.217	0	0
5160	C	G	810.529	31.7566	57	56	0	0	810.529	0
5161	C	C	804.692	31.8094	58	56	0	804.692	0	0
5162	C	C	863.592	31.9116	60	60	0	863.592	0	0
5163	A	A	822.634	31.961	61	61	822.634	0	0	0
5164	A	A	800.537	31.961	61	61	800.537	0	0	0
5165	A	A	779.253	31.961	61	61	779.253	0	0	0
5166	A	A	777.086	31.961	61	61	777.086	0	0	0
5167	C	C	807.56	31.7566	57	56	0	807.56	0	0
5168	C	C	805.765	31.7566	57	56	0	805.765	0	0
5169	A	A	760.615	31.7026	56	56	760.615	0	0	0
5170	G	G	762.617	31.5907	54	53	0	0	762.617	0
5171	G	G	775.623	31.6473	55	54	0	0	775.623	0
5172	A	A	803.431	31.7566	57	57	803.431	0	0	0
5173	T	T	740.634	32.0033	55	55	0	0	0	740.634
5174	T	T	754.23	32.0033	55	55	0	0	0	754.23
5175	A	A	795.661	31.7026	56	56	795.661	0	0	0
5176	A	A	788.482	31.7566	57	57	788.482	0	0	0
5177	T	T	817.854	31.861	59	59	0	0	0	817.854
5178	G	G	817.684	31.8094	58	57	0	0	817.684	0
5179	G	G	804.125	31.9116	60	57	0	0	804.125	0
5180	A	A	770.328	31.9116	60	60	770.328	0	0	0
5181	C	C	760.819	31.8094	58	55	0	760.819	0	0
5182	A	A	783.664	32.2094	59	59	783.664	0	0	0
5183	T	T	760.827	32.1088	57	57	0	0	0	760.827
5184	G	T	740.03	32.0033	55	55	0	0	0	740.03
5185	C	C	777.012	31.9487	54	54	0	777.012	0	0
5186	A	A	724.386	32.0033	55	55	724.386	0	0	0
5187	A	A	727.348	32.0033	55	55	727.348	0	0	0
5188	A	A	748.182	32.4422	56	56	748.182	0	0	0
5189	C	C	733.367	32.3912	55	52	0	733.367	0	0
5190	C	C	760.406	32.7677	54	53	0	760.406	0	0
5191	T	T	710.994	32.717	53	53	0	0	0	710.994
5192	G	G	755.339	32.7677	54	53	0	0	755.339	0
5193	A	A	771.364	32.7677	54	54	771.364	0	0	0
5194	A	A	784.035	32.8172	55	55	784.035	0	0	0
5195	G	G	796.144	32.8172	55	55	0	0	796.144	0
5196	G	G	733.835	32.8654	56	53	0	0	733.835	0
5197	T	T	787.977	32.9583	58	58	0	0	0	787.977
5198	T	T	814.02	33.0897	61	61	0	0	0	814.02
5199	T	T	827.854	33.0897	61	61	0	0	0	827.854
5200	T	T	838.76	33.0897	61	61	0	0	0	838.76
5201	A	A	752.825	33.3779	57	57	752.825	0	0	0
5202	C	C	804.619	33.5025	60	57	0	804.619	0	0
5203	A	A	758.724	33.8994	57	57	758.724	0	0	0
5204	C	C	806.701	34.4582	56	56	0	806.701	0	0
5205	C	C	783.491	34.4921	57	55	0	783.491	0	0
5206	C	C	802.182	34.4921	57	56	0	802.182	0	0
5207	C	C	804.856	34.4921	57	56	0	804.856	0	0
5208	A	A	764.696	34.4582	56	56	764.696	0	0	0
5209	A	A	763.12	34.3875	54	54	763.12	0	0	0
5210	A	A	775.311	33.86	56	56	775.311	0	0	0
5211	T	T	749.308	33.778	54	54	0	0	0	749.308
5212	C	C	791.606	32.8172	55	55	0	791.606	0	0
5213	C	C	806.691	32.8654	56	56	0	806.691	0	0
5214	C	C	766.07	32.492	57	54	0	766.07	0	0
5215	A	A	723.96	32.0567	56	56	723.96	0	0	0
5216	C	C	760.41	32.3389	54	53	0	760.41	0	0
5217	T	T	718.419	32.3389	54	54	0	0	0	718.419
5218	A	A	725.565	32.2304	52	52	725.565	0	0	0
5219	A	A	769.445	31.5907	54	54	769.445	0	0	0
5220	T	T	717.269	31.5907	54	54	0	0	0	717.269
5221	A	A	760.166	31.6473	55	55	760.166	0	0	0
5222	A	A	764.768	31.3752	56	56	764.768	0	0	0
5223	G	G	800.356	31.1837	58	56	0	0	800.356	0
5224	T	T	805.03	30.9576	59	59	0	0	0	805.03
5225	A	A	753.732	31.0123	55	55	753.732	0	0	0
5226	A	A	734.431	30.8914	53	53	734.431	0	0	0
5227	A	A	749.871	30.6656	54	54	749.871	0	0	0
5228	A	A	732.471	30.6656	54	54	732.471	0	0	0
5229	T	T	762.445	30.3963	54	54	0	0	0	762.445
5230	T	G	761.287	29.9033	54	53	0	0	761.287	0
5231	C	C	777.349	29.9033	54	54	0	777.349	0	0
5232	C	C	749.05	29.8379	53	52	0	749.05	0	0
5233	A	A	695.934	29.7709	52	52	695.934	0	0	0
5234	G	G	732.094	29.7709	52	51	0	0	732.094	0
5235	C	C	747.15	29.8379	53	52	0	747.15	0	0
5236	C	C	702.983	29.6323	50	49	0	702.983	0	0
5237	G	G	721.854	29.6323	50	50	0	0	721.854	0
5238	A	A	693.055	29.5605	49	49	693.055	0	0	0
5239	A	A	691.402	29.5605	49	49	691.402	0	0	0
5240	T	T	703.844	29.7024	51	51	0	0	0	703.844
5241	A	A	711.762	29.7024	51	51	711.762	0	0	0
5242	A	A	733.909	29.7709	52	52	733.909	0	0	0
5243	T	A	756.774	29.8379	53	53	756.774	0	0	0
5244	C	C	775.947	29.9033	54	54	0	775.947	0	0
5245	A	A	822.077	30.1513	58	58	822.077	0	0	0
5246	C	C	762.498	30.3282	57	54	0	762.498	0	0
5247	T	T	781.561	30.4453	59	59	0	0	0	781.561
5248	G	G	798.767	30.6121	62	58	0	0	798.767	0
5249	T	T	809.906	30.6121	62	62	0	0	0	809.906
5250	A	A	843.973	30.6121	62	62	843.973	0	0	0
5251	T	T	844.173	30.8579	62	62	0	0	0	844.173
5252	C	C	895.543	30.8579	62	62	0	895.543	0	0
5253	A	A	821.912	30.8579	62	62	821.912	0	0	0
5254	C	C	853.384	30.9104	63	60	0	853.384	0	0
5255	A	A	847.245	31.1184	62	62	847.245	0	0	0
5256	G	G	875.942	31.3956	62	61	0	0	875.942	0
5257	G	G	853.547	31.9116	60	59	0	0	853.547	0
5258	C	C	771.487	32.3056	61	56	0	771.487	0	0
5259	A	A	834.261	32.3056	61	61	834.261	0	0	0
5260	T	T	835.914	32.6346	60	60	0	0	0	835.914
5261	G	G	765.446	32.68	61	56	0	0	765.446	0
5262	A	A	821.948	33.1315	62	62	821.948	0	0	0
5263	G	G	752.058	33.462	59	54	0	0	752.058	0
5264	A	A	814.38	33.5025	60	60	814.38	0	0	0
5265	C	C	822.274	33.9378	58	57	0	822.274	0	0
5266	T	T	784.287	35.1787	57	57	0	0	0	784.287
5267	T	T	791.103	35.1787	57	57	0	0	0	791.103
5268	T	T	794.671	35.1787	57	57	0	0	0	794.671
5269	A	A	790.96	35.1787	57	57	790.96	0	0	0
5270	A	A	798.687	35.2044	58	58	798.687	0	0	0
5271	A	A	797.541	35.2044	58	58	797.541	0	0	0
5272	T	T	795.205	36.01	58	58	0	0	0	795.205
5273	T	T	805.134	36.0251	59	59	0	0	0	805.134
5274	T	T	810.763	36.0538	61	61	0	0	0	810.763
5275	A	A	848.164	36.0538	61	61	848.164	0	0	0
5276	G	G	879.636	36.0538	61	61	0	0	879.636	0
5277	G	G	823.877	36.0397	60	58	0	0	823.877	0
5278	A	A	872.5	37	62	62	872.5	0	0	0
5279	T	T	836.188	37	61	61	0	0	0	836.188
5280	C	C	836.144	37	63	60	0	836.144	0	0
5281	T	T	868.761	37	64	64	0	0	0	868.761
5282	A	A	876.532	37	64	64	876.532	0	0	0
5283	T	T	896.561	37	66	66	0	0	0	896.561
5284	C	C	829.64	37	63	59	0	829.64	0	0
5285	T	T	837.957	37	61	61	0	0	0	837.957
5286	A	A	881.762	37	63	63	881.762	0	0	0
5287	T	T	887.337	37	66	66	0	0	0	887.337
5288	G	G	932.283	37	66	65	0	0	932.283	0
5289	G	G	952.065	37	67	66	0	0	952.065	0
5290	A	A	958.281	37	69	69	958.281	0	0	0
5291	A	A	947.298	37	68	68	947.298	0	0	0
5292	A	A	926.699	37	67	67	926.699	0	0	0
5293	T	T	908.793	37	69	69	0	0	0	908.793
5294	T	T	944.065	37	69	69	0	0	0	944.065
5295	T	T	967.292	37	71	71	0	0	0	967.292
5296	T	T	998.451	37	76	76	0	0	0	998.451
5297	T	T	989.641	37	76	76	0	0	0	989.641
5298	T	T	1026.13	37	77	77	0	0	0	1026.13
5299	T	T	1010.45	37	76	76	0	0	0	1010.45
5300	T	T	1026.66	37	76	76	0	0	0	1026.66
5301	T	T	1044.89	37	76	76	0	0	0	1044.89
5302	T	T	1029.08	37	75	75	0	0	0	1029.08
5303	A	A	1033.92	37	75	75	1033.92	0	0	0
5304	C	C	1058.58	37	75	74	0	1058.58	0	0
5305	T	T	1064.07	37	78	78	0	0	0	1064.07
5306	C	C	1072.95	37	77	75	0	1072.95	0	0
5307	T	T	1058.62	37	77	77	0	0	0	1058.62
5308	G	G	1036.26	37	74	72	0	0	1036.26	0
5309	C	C	1056.06	37	73	73	0	1056.06	0	0
5310	T	T	1048.55	37	74	74	0	0	0	1048.55
5311	T	T	1049.17	37	73	73	0	0	0	1049.17
5312	C	C	1004.97	37	71	70	0	1004.97	0	0
5313	C	C	1000.91	37	70	69	0	1000.91	0	0
5314	C	C	969.283	37	70	68	0	969.283	0	0
5315	T	T	960.833	37	69	69	0	0	0	960.833
5316	C	C	961.343	37	68	67	0	961.343	0	0
5317	C	C	948.902	37	67	66	0	948.902	0	0
5318	T	T	830.236	37	63	63	0	0	0	830.236
5319	A	A	925.247	37	65	65	925.247	0	0	0
5320	T	T	880.8	37	65	65	0	0	0	880.8
5321	T	T	892.906	37	66	66	0	0	0	892.906
5322	G	G	955.107	37	67	66	0	0	955.107	0
5323	A	A	932.828	37	68	68	932.828	0	0	0
5324	T	T	948.586	37	69	69	0	0	0	948.586
5325	T	T	939.395	37	68	68	0	0	0	939.395
5326	T	T	960.558	37	69	69	0	0	0	960.558
5327	T	T	971.999	37	70	70	0	0	0	971.999
5328	T	T	933.724	37	70	70	0	0	0	933.724
5329	C	C	1033.59	37	72	72	0	1033.59	0	0
5330	C	C	983.998	37	71	69	0	983.998	0	0
5331	G	G	993.794	37	73	70	0	0	993.794	0
5332	T	T	970.46	37	72	72	0	0	0	970.46
5333	T	T	919.888	37	66	66	0	0	0	919.888
5334	A	A	881.813	37	65	65	881.813	0	0	0
5335	T	T	887.426	37	63	63	0	0	0	887.426
5336	T	T	911.957	37	67	67	0	0	0	911.957
5337	A	A	929.958	37	67	67	929.958	0	0	0
5338	T	T	915.909	36.1535	69	69	0	0	0	915.909
5339	C	C	851.037	36.1645	70	62	0	851.037	0	0
5340	A	A	972.902	36.1752	71	71	972.902	0	0	0
5341	C	C	979.67	36.1857	72	69	0	979.67	0	0
5342	T	T	973.396	36.2058	74	74	0	0	0	973.396
5343	T	T	978.499	36.1959	73	73	0	0	0	978.499
5344	T	T	1003.82	36.2155	75	75	0	0	0	1003.82
5345	T	T	999.116	36.2155	75	75	0	0	0	999.116
5346	T	T	995.206	36.2058	74	74	0	0	0	995.206
5347	T	T	1031.93	36.2155	75	75	0	0	0	1031.93
5348	G	G	1053.21	36.2249	76	74	0	0	1053.21	0
5349	G	G	1091.67	36.2606	80	77	0	0	1091.67	0
5350	C	C	1080.98	36.2606	80	77	0	1080.98	0	0
5351	C	C	1138.99	36.2606	80	79	0	1138.99	0	0
5352	A	A	1066.36	36.2432	78	78	1066.36	0	0	0
5353	C	C	1113.27	36.2342	77	77	0	1113.27	0	0
5354	A	A	1086.87	36.252	79	79	1086.87	0	0	0
5355	A	A	1109.56	36.2606	80	80	1109.56	0	0	0
5356	A	A	1110.58	36.2606	80	80	1110.58	0	0	0
5357	C	C	1069.22	36.2432	78	75	0	1069.22	0	0
5358	T	T	1094.85	36.269	81	81	0	0	0	1094.85
5359	T	T	1092.49	36.252	79	79	0	0	0	1092.49
5360	T	T	1110.5	36.2606	80	80	0	0	0	1110.5
5361	T	T	1104.5	36.252	79	79	0	0	0	1104.5
5362	A	A	1070.4	36.252	79	79	1070.4	0	0	0
5363	C	C	1143.07	36.252	79	79	0	1143.07	0	0
5364	T	T	1101.05	36.2432	78	78	0	0	0	1101.05
5365	A	A	1089.13	36.269	81	81	1089.13	0	0	0
5366	A	A	1070.02	36.252	79	79	1070.02	0	0	0
5367	A	A	1070.95	36.2249	76	76	1070.95	0	0	0
5368	T	T	1021.54	36.2155	75	75	0	0	0	1021.54
5369	T	T	1018.25	36.2155	75	75	0	0	0	1018.25
5370	G	G	996.816	36.2155	75	71	0	0	996.816	0
5371	T	T	1067.99	36.2342	77	77	0	0	0	1067.99
5372	C	C	1114.51	36.2432	78	77	0	1114.51	0	0
5373	C	C	1086.19	36.2155	75	75	0	1086.19	0	0
5374	C	C	1041.9	36.1857	72	72	0	1041.9	0	0
5375	A	T	1011.43	36.1857	72	72	0	0	0	1011.43
5376	T	T	1003.08	36.1752	71	71	0	0	0	1003.08
5377	A	A	986.588	36.1959	73	73	986.588	0	0	0
5378	C	C	1031.42	36.1959	73	72	0	1031.42	0	0
5379	A	A	949.328	36.1535	69	69	949.328	0	0	0
5380	A	A	975.637	36.1752	71	71	975.637	0	0	0
5381	A	A	972.67	36.1535	69	69	972.67	0	0	0
5382	T	T	957.739	37	69	69	0	0	0	957.739
5383	C	C	977.513	37	69	68	0	977.513	0	0
5384	C	C	975.964	37	70	68	0	975.964	0	0
5385	T	T	973.331	37	70	70	0	0	0	973.331
5386	A	A	990.34	37	73	73	990.34	0	0	0
5387	A	A	957.974	37	73	73	957.974	0	0	0
5388	A	A	925.745	37	70	70	925.745	0	0	0
5389	T	T	922.974	37	67	67	0	0	0	922.974
5390	C	C	956.725	37	68	67	0	956.725	0	0
5391	C	C	962.823	37	69	67	0	962.823	0	0
5392	A	A	872.772	37	66	66	872.772	0	0	0
5393	A	A	846.532	37	63	63	846.532	0	0	0
5394	C	C	858.923	37	64	61	0	858.923	0	0
5395	C	C	871.435	37	63	61	0	871.435	0	0
5396	A	A	824.741	37	63	63	824.741	0	0	0
5397	C	C	893.129	37	63	62	0	893.129	0	0
5398	G	G	886.276	37	63	62	0	0	886.276	0
5399	T	T	832.898	37	64	64	0	0	0	832.898
5400	T	T	828.395	37	63	63	0	0	0	828.395
5401	T	T	813.095	37	61	61	0	0	0	813.095
5402	A	A	860.971	37	62	62	860.971	0	0	0
5403	T	T	815.037	37	61	61	0	0	0	815.037
5404	G	G	834.737	37	62	59	0	0	834.737	0
5405	T	T	836.298	37	60	60	0	0	0	836.298
5406	A	A	858.427	37	61	61	858.427	0	0	0
5407	G	G	853.816	37	63	60	0	0	853.816	0
5408	C	C	778.711	37	61	57	0	778.711	0	0
5409	T	T	857.435	37	61	61	0	0	0	857.435
5410	T	T	864.947	37	62	62	0	0	0	864.947
5411	A	A	838.993	37	64	64	838.993	0	0	0
5412	A	A	818.622	37	60	60	818.622	0	0	0
5413	T	T	805.168	37	59	59	0	0	0	805.168
5414	A	A	813.283	37	59	59	813.283	0	0	0
5415	G	G	834.002	37	59	58	0	0	834.002	0
5416	T	T	816.052	37	58	58	0	0	0	816.052
5417	A	A	777.316	37	57	57	777.316	0	0	0
5418	A	A	800.798	37	59	59	800.798	0	0	0
5419	A	A	779.235	37	57	57	779.235	0	0	0
5420	G	G	805.626	35.9945	57	56	0	0	805.626	0
5421	C	C	785.521	35.9945	57	55	0	785.521	0	0
5422	A	A	837.749	36.0251	59	59	837.749	0	0	0
5423	A	A	835.247	36.0251	59	59	835.247	0	0	0
5424	G	G	853.615	36.0251	59	59	0	0	853.615	0
5425	G	G	850.452	36.0397	60	59	0	0	850.452	0
5426	C	C	824.472	36.0538	61	58	0	824.472	0	0
5427	A	A	860.099	36.0675	62	62	860.099	0	0	0
5428	C	C	843.905	36.0809	63	60	0	843.905	0	0
5429	T	T	883.931	36.1064	65	65	0	0	0	883.931
5430	G	G	822.136	36.0675	62	59	0	0	822.136	0
5431	A	A	856.717	36.0538	61	61	856.717	0	0	0
5432	A	A	857.156	36.0538	61	61	857.156	0	0	0
5433	A	A	847.567	36.0538	61	61	847.567	0	0	0
5434	A	A	865.912	36.0675	62	62	865.912	0	0	0
5435	T	T	851.435	36.0538	61	61	0	0	0	851.435
5436	G	G	878.392	36.0538	61	61	0	0	878.392	0
5437	C	C	864.845	36.0538	61	60	0	864.845	0	0
5438	C	C	836.47	36.0251	59	58	0	836.47	0	0
5439	T	T	852.593	36.0538	61	61	0	0	0	852.593
5440	A	A	863.474	36.0538	61	61	863.474	0	0	0
5441	G	G	884.134	36.0809	63	62	0	0	884.134	0
5442	A	A	866.662	36.0809	63	63	866.662	0	0	0
5443	C	C	888.84	36.0809	63	62	0	888.84	0	0
5444	G	G	830.076	36.0938	64	60	0	0	830.076	0
5445	A	A	795.702	36.0938	64	64	795.702	0	0	0
5446	G	G	856.716	37	61	60	0	0	856.716	0
5447	T	T	849.308	37	61	61	0	0	0	849.308
5448	T	T	805.469	37	58	58	0	0	0	805.469
5449	A	A	723.295	37	55	55	723.295	0	0	0
5450	T	T	727.874	37	53	53	0	0	0	727.874
5451	A	A	680.363	37	52	52	680.363	0	0	0
5452	T	T	723.192	37	53	53	0	0	0	723.192
5453	A	A	666.996	37	52	52	666.996	0	0	0
5454	A	A	660.561	37	50	50	660.561	0	0	0
5455	T	T	657.69	37	49	49	0	0	0	657.69
5456	T	T	659.828	37	49	49	0	0	0	659.828
5457	C	C	652.591	37	48	46	0	652.591	0	0
5458	C	C	589.122	37	49	44	0	589.122	0	0
5459	A	A	693.074	37	49	49	693.074	0	0	0
5460	T	T	693.162	35.9091	52	52	0	0	0	693.162
5461	A	A	755.736	35.962	55	55	755.736	0	0	0
5462	A	A	784.226	35.9945	57	57	784.226	0	0	0
5463	A	A	798.491	36.01	58	58	798.491	0	0	0
5464	C	C	831.403	36.01	58	58	0	831.403	0	0
5465	A	A	832.53	36.0397	60	60	832.53	0	0	0
5466	T	T	783.192	36.0251	59	59	0	0	0	783.192
5467	A	A	843.774	35.2537	60	60	843.774	0	0	0
5468	A	T	807.66	35.2294	59	59	0	0	0	807.66
5469	A	A	829.045	35.2537	60	60	829.045	0	0	0
5470	G	G	847.442	35.2537	60	59	0	0	847.442	0
5471	G	G	908.276	35.3227	63	63	0	0	908.276	0
5472	T	T	860.558	35.3227	63	63	0	0	0	860.558
5473	T	T	870.246	35.3445	64	64	0	0	0	870.246
5474	T	T	847.699	35.3227	63	63	0	0	0	847.699
5475	G	G	835.788	35.3003	62	59	0	0	835.788	0
5476	G	G	885.838	35.3445	64	62	0	0	885.838	0
5477	T	T	881.379	35.3657	65	65	0	0	0	881.379
5478	C	C	883.42	36.1306	67	63	0	883.42	0	0
5479	C	C	868.528	36.1064	65	62	0	868.528	0	0
5480	T	T	866.706	36.0938	64	64	0	0	0	866.706
5481	A	A	864.65	36.0675	62	62	864.65	0	0	0
5482	G	G	936.115	35.3657	65	65	0	0	936.115	0
5483	C	C	876.424	35.3227	63	61	0	876.424	0	0
5484	C	C	936.627	34.76	66	65	0	936.627	0	0
5485	T	T	888.68	34.76	66	66	0	0	0	888.68
5486	T	T	904.666	33.7947	68	68	0	0	0	904.666
5487	C	C	928.61	33.3269	67	65	0	928.61	0	0
5488	C	C	894.94	33.2895	66	63	0	894.94	0	0
5489	C	C	923.75	33.3635	68	65	0	923.75	0	0
5490	A	A	926.832	33.3269	67	67	926.832	0	0	0
5491	T	T	919.399	33.3269	67	67	0	0	0	919.399
5492	T	T	917.748	33.3993	69	68	0	0	0	917.748
5493	A	A	961.819	32.9713	68	68	961.819	0	0	0
5494	G	G	1011.86	33.0469	70	70	0	0	1011.86	0
5495	C	C	958.721	33.0095	69	67	0	958.721	0	0
5496	T	T	949.077	32.9713	68	68	0	0	0	949.077
5497	A	A	938.574	32.9713	68	68	938.574	0	0	0
5498	C	C	970.509	32.9322	67	67	0	970.509	0	0
5499	T	T	959.794	32.9322	67	67	0	0	0	959.794
5500	A	A	928.024	32.6115	68	68	928.024	0	0	0
5501	A	A	976.092	32.7677	72	72	976.092	0	0	0
5502	C	C	998.013	32.7677	72	70	0	998.013	0	0
5503	A	A	999.477	32.7677	72	72	999.477	0	0	0
5504	A	A	994.615	32.7298	71	71	994.615	0	0	0
5505	G	G	994.893	32.7298	71	69	0	0	994.893	0
5506	A	A	976.169	32.6912	70	70	976.169	0	0	0
5507	T	C	960.178	32.7298	71	68	0	960.178	0	0
5508	T	T	1006.84	32.8049	73	73	0	0	0	1006.84
5509	A	A	1000.5	32.8049	73	73	1000.5	0	0	0
5510	C	C	1034.34	32.8414	74	72	0	1034.34	0	0
5511	A	A	1002.33	32.7677	72	72	1002.33	0	0	0
5512	C	C	1026.52	32.7298	71	71	0	1026.52	0	0
5513	A	A	912.424	33.0095	69	68	912.424	0	0	0
5514	T	T	971.32	32.9713	68	68	0	0	0	971.32
5515	G	G	976.568	32.9713	68	68	0	0	976.568	0
5516	T	T	966.907	32.9322	67	67	0	0	0	966.907
5517	A	A	840.473	32.7677	63	63	840.473	0	0	0
5518	A	A	825.601	32.68	61	61	825.601	0	0	0
5519	G	G	848.22	32.6346	60	59	0	0	848.22	0
5520	T	T	845.291	32.5882	59	59	0	0	0	845.291
5521	C	C	853.461	32.6346	60	59	0	853.461	0	0
5522	T	T	817.051	33.0032	59	59	0	0	0	817.051
5523	C	C	812.599	32.9583	58	57	0	812.599	0	0
5524	C	C	823.575	32.9124	57	57	0	823.575	0	0
5525	G	G	721.339	33.2435	54	51	0	0	721.339	0
5526	C	C	752.691	33.1479	52	52	0	752.691	0	0
5527	G	G	632.1	33.6462	51	46	0	0	632.1	0
5528	C	C	737.787	34.2735	51	51	0	737.787	0	0
5529	T	T	715.748	35.0071	51	51	0	0	0	715.748
5530	C	C	705.802	34.9752	50	49	0	705.802	0	0
5531	C	C	647.836	35.7616	45	45	0	647.836	0	0
5532	A	A	592.668	35.785	46	46	592.668	0	0	0
5533	G	G	665.179	35.8504	49	47	0	0	665.179	0
5534	T	T	643.28	35.8707	50	50	0	0	0	643.28
5535	G	G	645.931	37	46	45	0	0	645.931	0
5536	A	A	620.239	37	47	47	620.239	0	0	0
5537	A	A	672.428	37	50	50	672.428	0	0	0
5538	A	A	667.835	37	49	49	667.835	0	0	0
5539	A	A	663.05	37	50	50	663.05	0	0	0
5540	T	T	629.558	37	49	49	0	0	0	629.558
5541	G	G	749.066	37	52	52	0	0	749.066	0
5542	C	C	730.075	37	52	51	0	730.075	0	0
5543	C	C	730.709	37	55	52	0	730.709	0	0
5544	C	C	772.622	37	54	54	0	772.622	0	0
5545	T	T	723.603	37	56	56	0	0	0	723.603
5546	T	T	770.584	37	61	61	0	0	0	770.584
5547	T	T	794.017	37	64	64	0	0	0	794.017
5548	G	G	969.032	37	67	67	0	0	969.032	0
5549	G	G	955.636	37	66	66	0	0	955.636	0
5550	A	A	938.751	37	68	68	938.751	0	0	0
5551	C	C	957.315	37	69	67	0	957.315	0	0
5552	C	C	981.617	37	69	68	0	981.617	0	0
5553	T	T	963.278	37	70	70	0	0	0	963.278
5554	T	T	968.672	37	70	70	0	0	0	968.672
5555	A	A	946.34	37	68	68	946.34	0	0	0
5556	A	A	960.376	37	70	70	960.376	0	0	0
5557	A	A	954.381	37	69	69	954.381	0	0	0
5558	G	G	984.044	37	68	68	0	0	984.044	0
5559	C	C	981.791	37	68	68	0	981.791	0	0
5560	G	G	1000.18	37	69	69	0	0	1000.18	0
5561	A	A	1018.15	37	71	71	1018.15	0	0	0
5562	T	T	972.915	37	71	71	0	0	0	972.915
5563	C	C	958.767	37	71	68	0	958.767	0	0
5564	T	T	990.416	37	71	71	0	0	0	990.416
5565	G	G	1004.96	37	72	70	0	0	1004.96	0
5566	A	A	1037.15	37	74	74	1037.15	0	0	0
5567	A	A	1040.31	37	73	73	1040.31	0	0	0
5568	G	G	1084.73	37	75	75	0	0	1084.73	0
5569	G	G	1054.06	37	74	73	0	0	1054.06	0
5570	A	A	1058.57	37	75	75	1058.57	0	0	0
5571	G	G	1108.78	37	78	77	0	0	1108.78	0
5572	C	C	1081.68	37	78	76	0	1081.68	0	0
5573	G	G	1070.62	37	77	75	0	0	1070.62	0
5574	G	G	1036.43	37	76	73	0	0	1036.43	0
5575	G	G	1029.48	37	75	73	0	0	1029.48	0
5576	C	C	1027.56	37	71	71	0	1027.56	0	0
5577	A	A	908.944	37	69	69	908.944	0	0	0
5578	T	T	946.028	37	67	67	0	0	0	946.028
5579	C	C	924.774	37	68	66	0	924.774	0	0
5580	A	A	1018.77	37	75	75	1018.77	0	0	0
5581	A	A	992.695	37	72	72	992.695	0	0	0
5582	G	G	990.104	37	71	69	0	0	990.104	0
5583	C	C	942.561	36.1959	73	68	0	942.561	0	0
5584	A	A	1015.76	36.2058	74	74	1015.76	0	0	0
5585	C	C	1025.72	36.2155	75	72	0	1025.72	0	0
5586	A	A	1074.27	36.2342	77	77	1074.27	0	0	0
5587	C	C	1072.95	36.2342	77	75	0	1072.95	0	0
5588	C	C	1080.23	36.2249	76	75	0	1080.23	0	0
5589	T	T	1021.63	36.2058	74	74	0	0	0	1021.63
5590	C	C	1080.82	36.2249	76	75	0	1080.82	0	0
5591	T	T	1072.86	35.5834	77	77	0	0	0	1072.86
5592	C	C	1011.89	35.5512	75	72	0	1011.89	0	0
5593	C	C	1005.58	35.5002	72	70	0	1005.58	0	0
5594	C	C	974.916	35.4824	71	69	0	974.916	0	0
5595	C	C	976.018	35.4454	69	68	0	976.018	0	0
5596	G	G	978.582	35.4454	69	68	0	0	978.582	0
5597	G	G	978.394	35.4262	68	68	0	0	978.394	0
5598	T	T	947.825	35.4262	68	68	0	0	0	947.825
5599	A	A	932.637	35.4454	69	69	932.637	0	0	0
5600	G	G	994.229	35.4454	69	69	0	0	994.229	0
5601	C	C	950.429	35.4066	67	66	0	950.429	0	0
5602	T	T	904.37	35.4066	67	67	0	0	0	904.37
5603	T	T	933.363	35.4824	71	71	0	0	0	933.363
5604	A	A	1032.54	35.5176	73	73	1032.54	0	0	0
5605	T	T	993.331	35.5675	76	76	0	0	0	993.331
5606	A	A	1060.62	34.9752	75	75	1060.62	0	0	0
5607	A	A	1072.48	34.9752	75	75	1072.48	0	0	0
5608	C	C	993.86	34.9752	75	71	0	993.86	0	0
5609	G	G	1073.93	34.9966	76	75	0	0	1073.93	0
5610	C	C	1053.28	34.9966	76	74	0	1053.28	0	0
5611	C	C	1061.7	34.9752	75	74	0	1061.7	0	0
5612	T	T	1069.47	34.9752	75	75	0	0	0	1069.47
5613	T	T	1052.25	34.9752	75	75	0	0	0	1052.25
5614	G	G	1033.05	34.9534	74	72	0	0	1033.05	0
5615	C	C	1061.67	34.4921	76	74	0	1061.67	0	0
5616	T	T	1014.93	34.4409	74	74	0	0	0	1014.93
5617	T	T	1031.07	34.4668	75	75	0	0	0	1031.07
5618	A	A	1028.85	34.5169	77	77	1028.85	0	0	0
5619	G	G	1075.71	34.4921	76	75	0	0	1075.71	0
5620	C	C	990.247	34.4145	73	70	0	990.247	0	0
5621	C	C	1012.11	33.8916	71	70	0	1012.11	0	0
5622	A	A	943.645	33.8277	69	69	943.645	0	0	0
5623	C	C	997.333	33.4345	70	69	0	997.333	0	0
5624	G	G	945.329	33.3635	68	66	0	0	945.329	0
5625	C	C	938.534	33.2895	66	65	0	938.534	0	0
5626	C	C	924.781	33.6913	65	64	0	924.781	0	0
5627	C	C	913.182	33.6185	63	63	0	913.182	0	0
5628	C	C	899.797	33.5807	62	62	0	899.797	0	0
5629	C	C	925.821	33.6553	64	64	0	925.821	0	0
5630	A	A	838.868	33.2122	64	64	838.868	0	0	0
5631	C	A	839.975	33.2122	64	64	839.975	0	0	0
5632	G	G	848.736	33.0897	61	60	0	0	848.736	0
5633	G	G	806.636	33.3343	56	56	0	0	806.636	0
5634	G	G	783.123	33.462	59	56	0	0	783.123	0
5635	A	A	829.483	33.5025	60	60	829.483	0	0	0
5636	T	T	832.965	33.6185	63	63	0	0	0	832.965
5637	A	A	842.65	34.0819	62	62	842.65	0	0	0
5638	C	C	860.141	33.6553	64	61	0	860.141	0	0
5639	A	A	842.484	33.5807	62	62	842.484	0	0	0
5640	G	G	840.059	33.5807	62	59	0	0	840.059	0
5641	C	C	827.564	34.0819	62	59	0	827.564	0	0
5642	A	A	821.568	34.0472	61	61	821.568	0	0	0
5643	G	G	812.314	34.0472	61	58	0	0	812.314	0
5644	T	T	826.205	34.0116	60	60	0	0	0	826.205
5645	G	G	874.491	34.0472	61	61	0	0	874.491	0
5646	A	A	774.179	33.9378	58	58	774.179	0	0	0
5647	T	T	781.131	33.9378	58	57	0	0	0	781.131
5648	A	A	808.581	34.0116	60	60	808.581	0	0	0
5649	A	A	801.171	34.5572	59	59	801.171	0	0	0
5650	A	A	785.998	34.5251	58	58	785.998	0	0	0
5651	A	A	828.482	34.6188	61	61	828.482	0	0	0
5652	A	A	825.881	34.6188	61	61	825.881	0	0	0
5653	T	T	824.153	34.6485	62	62	0	0	0	824.153
5654	T	T	827.694	34.6485	62	62	0	0	0	827.694
5655	A	A	835.631	34.5572	59	59	835.631	0	0	0
5656	A	A	866.181	34.6188	61	61	866.181	0	0	0
5657	G	G	844.048	34.6485	62	60	0	0	844.048	0
5658	C	C	848.248	34.6485	62	60	0	848.248	0	0
5659	C	C	908.506	34.6774	63	63	0	908.506	0	0
5660	A	A	865.678	34.6774	63	63	865.678	0	0	0
5661	T	T	879.644	34.6774	63	63	0	0	0	879.644
5662	G	G	923.892	34.1488	64	64	0	0	923.892	0
5663	A	A	885.015	34.1488	64	64	885.015	0	0	0
5664	A	A	876.284	34.1488	64	64	876.284	0	0	0
5665	C	C	881.019	33.5807	62	61	0	881.019	0	0
5666	G	G	873.62	33.6913	65	62	0	0	873.62	0
5667	A	A	926.632	33.7947	68	68	926.632	0	0	0
5668	A	A	941.425	33.3993	69	69	941.425	0	0	0
5669	A	A	965.865	33.0469	70	70	965.865	0	0	0
5670	G	G	1013.49	32.7677	72	71	0	0	1013.49	0
5671	T	T	930.737	32.6912	70	70	0	0	0	930.737
5672	T	T	950.941	32.7298	71	71	0	0	0	950.941
5673	C	C	947.851	32.7298	71	67	0	947.851	0	0
5674	G	G	949.234	32.7677	72	68	0	0	949.234	0
5675	A	A	948.531	32.7298	71	71	948.531	0	0	0
5676	C	C	1011.11	32.6912	70	70	0	1011.11	0	0
5677	T	A	931.368	32.7298	71	71	931.368	0	0	0
5678	A	A	916.255	32.6517	69	69	916.255	0	0	0
5679	A	A	886.186	32.8517	65	65	886.186	0	0	0
5680	G	G	934.92	32.8517	65	65	0	0	934.92	0
5681	C	C	937.296	33.2513	65	65	0	937.296	0	0
5682	T	T	871.202	33.5807	62	62	0	0	0	871.202
5683	A	A	887.937	33.6185	63	63	887.937	0	0	0
5684	T	T	870.047	33.6185	63	63	0	0	0	870.047
5685	G	G	862.385	33.6553	64	61	0	0	862.385	0
5686	T	T	891.161	33.6913	65	65	0	0	0	891.161
5687	T	T	902.977	33.6913	65	65	0	0	0	902.977
5688	G	G	803.619	33.6553	64	59	0	0	803.619	0
5689	A	A	925.488	34.2126	66	66	925.488	0	0	0
5690	T	T	916.299	34.2126	66	66	0	0	0	916.299
5691	T	T	922.409	34.2126	66	66	0	0	0	922.409
5692	A	A	890.724	34.7331	65	65	890.724	0	0	0
5693	A	A	860.354	34.6774	63	63	860.354	0	0	0
5694	G	G	920.28	34.7331	65	64	0	0	920.28	0
5695	G	G	923.463	34.7056	64	64	0	0	923.463	0
5696	G	G	935.757	34.76	66	65	0	0	935.757	0
5697	T	T	892.265	34.7331	65	65	0	0	0	892.265
5698	T	T	887.061	34.7331	65	65	0	0	0	887.061
5699	G	G	848.512	34.6485	62	60	0	0	848.512	0
5700	G	G	838.407	34.6188	61	59	0	0	838.407	0
5701	T	T	841.683	34.5884	60	60	0	0	0	841.683
5702	T	T	851.76	34.5884	60	60	0	0	0	851.76
5703	A	A	741.609	34.5251	58	58	741.609	0	0	0
5704	A	A	703.288	34.3875	54	54	703.288	0	0	0
5705	T	T	754.671	34.4234	55	55	0	0	0	754.671
5706	T	T	763.604	34.3875	54	54	0	0	0	763.604
5707	T	T	711.845	33.6462	51	51	0	0	0	711.845
5708	C	C	719.031	33.0981	51	50	0	719.031	0	0
5709	G	G	705.314	32.9943	49	49	0	0	705.314	0
5710	T	T	688.972	32.5566	50	50	0	0	0	688.972
5711	G	G	655.58	32.1161	50	47	0	0	655.58	0
5712	C	C	676.981	32.3826	47	47	0	676.981	0	0
5713	C	C	677.84	31.9329	47	47	0	677.84	0	0
5714	A	A	661.971	31.5907	48	48	661.971	0	0	0
5715	G	G	665.119	31.286	49	47	0	0	665.119	0
5716	C	C	690.66	31.286	49	48	0	690.66	0	0
5717	C	C	648.954	31.0123	45	45	0	648.954	0	0
5718	A	A	633.155	30.7386	46	46	633.155	0	0	0
5719	C	C	638.995	30.7386	46	45	0	638.995	0	0
5720	C	C	635.191	30.3444	45	44	0	635.191	0	0
5721	G	G	668.22	30.0632	49	47	0	0	668.22	0
5722	C	C	674.84	29.9182	47	47	0	674.84	0	0
5723	G	G	653.754	29.732	48	46	0	0	653.754	0
5724	G	G	631.092	29.732	48	45	0	0	631.092	0
5725	T	T	620	29.5812	46	46	0	0	0	620
5726	T	T	624.415	29.2551	45	45	0	0	0	624.415
5727	A	A	592.172	29.0902	43	43	592.172	0	0	0
5728	T	T	597.911	29.0044	42	42	0	0	0	597.911
5729	A	A	589.902	28.6783	41	41	589.902	0	0	0
5730	C	G	592.673	28.6783	41	41	0	0	592.673	0
5731	G	G	621.15	28.8541	43	43	0	0	621.15	0
5732	A	A	634.156	28.5867	45	45	634.156	0	0	0
5733	T	T	615.253	28.6682	46	46	0	0	0	615.253
5734	T	T	622.888	28.6682	46	46	0	0	0	622.888
5735	G	T	626.899	28.6682	46	46	0	0	0	626.899
5736	A	A	608.122	28.7983	45	45	608.122	0	0	0
5737	C	C	627.692	29.1008	46	44	0	627.692	0	0
5738	C	C	634.214	28.7983	45	44	0	634.214	0	0
5739	C	C	634.157	28.5867	45	44	0	634.157	0	0
5740	G	G	595.97	28.7153	44	42	0	0	595.97	0
5741	A	A	577.101	28.8541	43	43	577.101	0	0	0
5742	G	G	618.317	29.0902	43	43	0	0	618.317	0
5743	T	T	608.213	29.3344	46	46	0	0	0	608.213
5744	T	T	616.428	29.4116	47	47	0	0	0	616.428
5745	A	A	626.999	29.3344	46	46	626.999	0	0	0
5746	A	A	623.625	29.3344	46	46	623.625	0	0	0
5747	T	T	626.663	29.4116	47	47	0	0	0	626.663
5748	A	A	600.77	29.1737	44	44	600.77	0	0	0
5749	G	G	630.598	29.1737	44	44	0	0	630.598	0
5750	G	G	603.901	29.5211	42	42	0	0	603.901	0
5751	C	C	632.426	29.5029	45	44	0	632.426	0	0
5752	C	C	616.641	29.4225	44	43	0	616.641	0	0
5753	C	C	566.272	29.4225	44	41	0	566.272	0	0
5754	A	C	566.266	29.4225	44	41	0	566.266	0	0
5755	C	C	614.288	29.4225	44	43	0	614.288	0	0
5756	G	G	664.071	29.5812	46	46	0	0	664.071	0
5757	G	G	628.133	29.5812	46	44	0	0	628.133	0
5758	C	C	675.949	29.6575	47	47	0	675.949	0	0
5759	G	G	677.164	29.9182	47	47	0	0	677.164	0
5760	T	T	641.231	30.2677	48	48	0	0	0	641.231
5761	A	A	690.735	30.2677	48	48	690.735	0	0	0
5762	A	A	689.67	30.2677	48	48	689.67	0	0	0
5763	A	A	715.338	30.699	50	50	715.338	0	0	0
5764	G	G	713.228	30.7647	51	50	0	0	713.228	0
5765	C	C	735.778	30.7647	51	51	0	735.778	0	0
5766	G	G	747.123	30.8914	53	52	0	0	747.123	0
5767	T	T	733.657	30.9526	54	54	0	0	0	733.657
5768	G	G	768.687	31.3752	56	54	0	0	768.687	0
5769	T	T	770.701	31.4853	58	58	0	0	0	770.701
5770	G	G	802.473	32.1088	57	56	0	0	802.473	0
5771	A	A	719.125	32.4422	56	56	719.125	0	0	0
5772	A	A	748.919	32.9124	57	57	748.919	0	0	0
5773	A	A	766.189	33.3779	57	57	766.189	0	0	0
5774	G	G	749.49	33.3343	56	53	0	0	749.49	0
5775	A	A	742.267	33.8195	55	55	742.267	0	0	0
5776	G	G	734.348	33.6913	52	51	0	0	734.348	0
5777	A	A	725.111	34.3127	52	52	725.111	0	0	0
5778	A	A	710.431	34.2735	51	51	710.431	0	0	0
5779	A	A	751.431	35.0678	53	53	751.431	0	0	0
5780	T	T	736.871	35.0968	54	54	0	0	0	736.871
5781	T	T	751.052	34.4582	56	56	0	0	0	751.052
5782	C	C	765.819	33.3779	57	54	0	765.819	0	0
5783	T	T	749.796	33.462	59	58	0	0	0	749.796
5784	C	C	778.854	33.4205	58	55	0	778.854	0	0
5785	C	C	802.061	33.0032	59	57	0	802.061	0	0
5786	C	C	783.161	33.3779	57	55	0	783.161	0	0
5787	T	T	787.318	33.3779	57	57	0	0	0	787.318
5788	A	A	835.598	33.4205	58	58	835.598	0	0	0
5789	C	C	818.578	33.4205	58	57	0	818.578	0	0
5790	T	T	829.688	33.5421	61	61	0	0	0	829.688
5791	A	A	845.902	33.5421	61	61	845.902	0	0	0
5792	A	A	864.894	33.6185	63	63	864.894	0	0	0
5793	A	A	880.559	33.2513	65	65	880.559	0	0	0
5794	G	G	892.926	33.2513	65	63	0	0	892.926	0
5795	T	T	878.394	33.2122	64	64	0	0	0	878.394
5796	T	T	853.291	33.1315	62	62	0	0	0	853.291
5797	A	A	849.928	33.0897	61	61	849.928	0	0	0
5798	A	A	835.406	33.0469	60	60	835.406	0	0	0
5799	A	A	820.759	33.0032	59	59	820.759	0	0	0
5800	G	G	836.736	32.9583	58	58	0	0	836.736	0
5801	T	T	835.503	32.9583	58	58	0	0	0	835.503
5802	T	A	813.371	32.9583	58	58	813.371	0	0	0
5803	T	T	819.99	32.9583	58	58	0	0	0	819.99
5804	A	A	838.105	33.0897	61	61	838.105	0	0	0
5805	A	A	832.545	33.1315	62	62	832.545	0	0	0
5806	T	T	842.514	33.1315	62	62	0	0	0	842.514
5807	C	C	877.132	33.1315	62	61	0	877.132	0	0
5808	C	C	880.416	33.2122	64	62	0	880.416	0	0
5809	A	A	824.674	33.6553	64	64	824.674	0	0	0
5810	G	G	889.064	33.6185	63	62	0	0	889.064	0
5811	C	C	828.637	33.462	59	58	0	828.637	0	0
5812	T	T	789.274	33.5421	61	61	0	0	0	789.274
5813	G	G	792.109	33.0897	61	57	0	0	792.109	0
5814	T	T	799.488	33.0032	59	59	0	0	0	799.488
5815	A	A	770.5	32.9124	57	57	770.5	0	0	0
5816	A	A	736.229	34.3506	53	53	736.229	0	0	0
5817	A	A	733.96	34.3875	54	54	733.96	0	0	0
5818	A	A	718.226	34.3506	53	53	718.226	0	0	0
5819	A	A	716.889	34.3506	53	53	716.889	0	0	0
5820	G	G	719.934	34.3506	53	51	0	0	719.934	0
5821	C	C	720.808	35.0071	51	50	0	720.808	0	0
5822	T	T	709.489	35.0071	51	51	0	0	0	709.489
5823	A	A	659.929	34.9752	50	50	659.929	0	0	0
5824	T	T	692.518	34.9423	49	49	0	0	0	692.518
5825	C	C	648.878	34.799	45	45	0	648.878	0	0
5826	A	A	628.652	34.8367	46	46	628.652	0	0	0
5827	G	G	588.964	35.7371	44	42	0	0	588.964	0
5828	T	T	636.598	35.785	46	46	0	0	0	636.598
5829	A	A	645.778	35.8077	47	47	645.778	0	0	0
5830	A	A	667.864	35.8294	48	48	667.864	0	0	0
5831	C	C	713.581	35.0071	51	50	0	713.581	0	0
5832	A	A	695.26	34.9752	50	50	695.26	0	0	0
5833	C	C	630.681	34.9083	48	45	0	630.681	0	0
5834	T	T	671.524	35.0071	51	51	0	0	0	671.524
5835	A	A	665.031	35.0071	51	51	665.031	0	0	0
5836	A	A	666.285	35.0071	51	51	666.285	0	0	0
5837	A	A	665.502	35.0379	52	52	665.502	0	0	0
5838	A	A	644.184	34.9752	50	50	644.184	0	0	0
5839	T	T	625.859	34.799	45	45	0	0	0	625.859
5840	A	A	605.48	34.799	45	45	605.48	0	0	0
5841	A	A	586.196	34.7195	43	43	586.196	0	0	0
5842	G	G	599.164	34.7195	43	42	0	0	599.164	0
5843	C	C	592.407	34.6338	41	41	0	592.407	0	0
5844	T	T	585.384	33.86	42	42	0	0	0	585.384
5845	A	A	571.705	33.86	42	42	571.705	0	0	0
5846	C	C	570.542	33.86	42	40	0	570.542	0	0
5847	G	G	575.88	33.9123	43	41	0	0	575.88	0
5848	A	A	615.038	33.9628	44	44	615.038	0	0	0
5849	A	A	612.512	33.9123	43	43	612.512	0	0	0
5850	A	A	655.27	34.0588	46	46	655.27	0	0	0
5851	G	G	663.342	34.0588	46	46	0	0	663.342	0
5852	T	T	619.172	34.0116	45	45	0	0	0	619.172
5853	G	G	635.452	34.0116	45	44	0	0	635.452	0
5854	A	A	691.822	33.5518	49	49	691.822	0	0	0
5855	C	A	705.074	33.6462	51	51	705.074	0	0	0
5856	T	T	683.112	33.6913	52	52	0	0	0	683.112
5857	T	T	675.54	33.6462	51	51	0	0	0	675.54
5858	T	T	689.084	33.7353	53	53	0	0	0	689.084
5859	A	A	737.866	33.7353	53	53	737.866	0	0	0
5860	A	A	712.96	33.6462	51	51	712.96	0	0	0
5861	T	T	707.216	33.5997	50	50	0	0	0	707.216
5862	G	G	706.937	33.5997	50	49	0	0	706.937	0
5863	C	C	722.591	34.2332	50	50	0	722.591	0	0
5864	T	T	730.482	34.3127	52	52	0	0	0	730.482
5865	C	C	734.866	33.6462	51	51	0	734.866	0	0
5866	T	T	698.314	33.5997	50	50	0	0	0	698.314
5867	C	C	681.891	33.5518	49	48	0	681.891	0	0
5868	A	A	690.054	33.0469	50	50	690.054	0	0	0
5869	A	A	675.426	32.9943	49	49	675.426	0	0	0
5870	C	C	673.711	32.9943	49	47	0	673.711	0	0
5871	C	C	675.015	33.1964	53	49	0	675.015	0	0
5872	A	A	697.621	33.1479	52	52	697.621	0	0	0
5873	C	C	731.12	32.665	52	51	0	731.12	0	0
5874	A	A	695.037	32.665	52	52	695.037	0	0	0
5875	C	C	748.617	32.2854	53	52	0	748.617	0	0
5876	G	G	620.961	31.9956	48	45	0	0	620.961	0
5877	A	A	683.227	31.9956	48	48	683.227	0	0	0
5878	T	T	687.521	32.1161	50	50	0	0	0	687.521
5879	A	A	752.443	31.8927	53	53	752.443	0	0	0
5880	G	G	766.204	31.8927	53	53	0	0	766.204	0
5881	C	C	762.136	31.9487	54	53	0	762.136	0	0
5882	T	T	734.686	32.0033	55	55	0	0	0	734.686
5883	A	A	768.23	32.0033	55	55	768.23	0	0	0
5884	A	A	752.564	31.9487	54	54	752.564	0	0	0
5885	G	G	783.952	31.7566	57	55	0	0	783.952	0
5886	A	A	791.139	31.861	59	59	791.139	0	0	0
5887	T	A	788.841	31.861	59	59	788.841	0	0	0
5888	C	C	740.128	31.9116	60	54	0	740.128	0	0
5889	C	C	800.664	32.5882	59	57	0	800.664	0	0
5890	A	A	765.971	32.492	57	57	765.971	0	0	0
5891	A	A	745.461	32.3912	55	55	745.461	0	0	0
5892	A	A	728.005	32.3389	54	54	728.005	0	0	0
5893	C	C	729.367	32.2854	53	51	0	729.367	0	0
5894	T	T	741.591	32.665	52	52	0	0	0	741.591
5895	G	G	730.511	32.717	53	51	0	0	730.511	0
5896	G	G	748.842	32.717	53	52	0	0	748.842	0
5897	G	G	751.325	32.8172	55	53	0	0	751.325	0
5898	A	A	771.007	33.778	54	54	771.007	0	0	0
5899	T	T	725.51	33.778	54	54	0	0	0	725.51
5900	T	T	747.903	33.8195	55	55	0	0	0	747.903
5901	A	A	810.235	33.9378	58	58	810.235	0	0	0
5902	G	G	809.394	34.0116	60	57	0	0	809.394	0
5903	A	A	837.48	33.5421	61	61	837.48	0	0	0
5904	T	T	838.645	33.6185	63	63	0	0	0	838.645
5905	A	A	836.931	33.5807	62	62	836.931	0	0	0
5906	C	C	860.459	33.0897	61	60	0	860.459	0	0
5907	C	C	827.686	33.0469	60	58	0	827.686	0	0
5908	C	C	809.24	33.0469	60	57	0	809.24	0	0
5909	C	C	829.481	33.0469	60	58	0	829.481	0	0
5910	A	A	807.446	33.1315	62	62	807.446	0	0	0
5911	C	C	861.64	33.0897	61	60	0	861.64	0	0
5912	T	T	799.322	33.0897	61	61	0	0	0	799.322
5913	A	A	810.059	33.0469	60	60	810.059	0	0	0
5914	T	T	812.431	33.0897	61	61	0	0	0	812.431
5915	G	C	739.621	32.9583	58	53	0	739.621	0	0
5916	C	C	836.934	32.9583	58	58	0	836.934	0	0
5917	T	T	789.831	33.8994	57	57	0	0	0	789.831
5918	T	T	794.024	33.8994	57	57	0	0	0	794.024
5919	A	A	792.637	33.8994	57	57	792.637	0	0	0
5920	G	G	822.431	33.8994	57	57	0	0	822.431	0
5921	C	C	771.632	33.86	56	54	0	771.632	0	0
5922	C	C	835.851	33.9752	59	58	0	835.851	0	0
5923	T	T	804.861	33.9752	59	59	0	0	0	804.861
5924	T	T	802.371	34.5572	59	59	0	0	0	802.371
5925	A	A	831.239	34.5884	60	60	831.239	0	0	0
5926	A	A	817.551	34.5572	59	59	817.551	0	0	0
5927	A	A	829.643	34.6188	61	61	829.643	0	0	0
5928	C	C	824.045	34.6188	61	58	0	824.045	0	0
5929	A	A	806.443	34.6188	61	61	806.443	0	0	0
5930	T	T	832.463	35.3003	62	62	0	0	0	832.463
5931	A	A	839.821	35.2773	61	61	839.821	0	0	0
5932	A	A	871.273	35.3003	62	62	871.273	0	0	0
5933	A	A	861.121	35.3227	63	63	861.121	0	0	0
5934	T	T	819.296	35.3003	62	62	0	0	0	819.296
5935	A	A	853.566	35.3227	63	63	853.566	0	0	0
5936	A	A	863.865	34.7331	65	65	863.865	0	0	0
5937	T	T	894.626	34.7331	65	65	0	0	0	894.626
5938	T	T	865.792	34.6774	63	63	0	0	0	865.792
5939	C	C	814.042	34.5572	59	57	0	814.042	0	0
5940	A	A	826.801	34.6188	61	61	826.801	0	0	0
5941	T	T	829.425	35.2773	61	61	0	0	0	829.425
5942	T	T	849.399	35.3445	64	64	0	0	0	849.399
5943	A	A	882.113	35.3445	64	64	882.113	0	0	0
5944	A	A	862.034	35.3003	62	62	862.034	0	0	0
5945	A	A	850.928	35.2773	61	61	850.928	0	0	0
5946	C	C	853.422	35.3227	63	60	0	853.422	0	0
5947	A	A	896.127	35.3445	64	64	896.127	0	0	0
5948	A	A	921.941	35.3864	66	66	921.941	0	0	0
5949	A	A	935.375	35.4066	67	67	935.375	0	0	0
5950	A	A	918.554	35.3864	66	66	918.554	0	0	0
5951	T	T	915.639	35.4066	67	67	0	0	0	915.639
5952	T	T	913.631	35.4066	67	67	0	0	0	913.631
5953	A	A	927.855	35.4262	68	68	927.855	0	0	0
5954	T	T	944.119	35.4262	68	68	0	0	0	944.119
5955	T	T	915.642	35.3864	66	66	0	0	0	915.642
5956	C	C	903.978	34.7331	65	63	0	903.978	0	0
5957	G	G	858.663	34.76	66	61	0	0	858.663	0
5958	C	C	880.88	34.7056	64	62	0	880.88	0	0
5959	C	C	919.965	34.7331	65	64	0	919.965	0	0
5960	A	A	871.613	35.3445	64	64	871.613	0	0	0
5961	G	G	920.057	35.3657	65	64	0	0	920.057	0
5962	A	A	874.332	35.3657	65	65	874.332	0	0	0
5963	G	G	936.287	35.3864	66	65	0	0	936.287	0
5964	A	A	932.164	36.1306	67	67	932.164	0	0	0
5965	A	A	956.024	36.1422	68	68	956.024	0	0	0
5966	C	C	905.136	36.1187	66	64	0	905.136	0	0
5967	T	T	897.855	36.1422	68	68	0	0	0	897.855
5968	A	A	934.304	36.1422	68	68	934.304	0	0	0
5969	C	C	995.683	36.1535	69	69	0	995.683	0	0
5970	T	T	968.746	36.1535	69	69	0	0	0	968.746
5971	A	A	893.053	36.1422	68	68	893.053	0	0	0
5972	G	G	867.687	36.0938	64	61	0	0	867.687	0
5973	C	C	924.454	36.1306	67	65	0	924.454	0	0
5974	A	A	909.709	36.1306	67	67	909.709	0	0	0
5975	A	A	901.352	36.1306	67	67	901.352	0	0	0
5976	C	C	907.147	36.1187	66	64	0	907.147	0	0
5977	A	A	890.145	36.1306	67	67	890.145	0	0	0
5978	G	G	944.785	36.1422	68	66	0	0	944.785	0
5979	C	C	992.431	36.1535	69	69	0	992.431	0	0
5980	T	T	884.333	36.1064	65	65	0	0	0	884.333
5981	T	T	895.95	36.1064	65	65	0	0	0	895.95
5982	A	A	907.742	36.1187	66	66	907.742	0	0	0
5983	A	A	910.949	36.1187	66	66	910.949	0	0	0
5984	A	A	899.478	36.1187	66	66	899.478	0	0	0
5985	A	A	896.947	36.1187	66	66	896.947	0	0	0
5986	C	C	930.58	36.1306	67	65	0	930.58	0	0
5987	T	T	906.242	37	66	66	0	0	0	906.242
5988	C	C	934.795	37	66	65	0	934.795	0	0
5989	A	A	882.528	37	66	66	882.528	0	0	0
5990	A	A	892.718	37	67	67	892.718	0	0	0
5991	A	A	915.675	37	68	68	915.675	0	0	0
5992	G	G	906.422	37	66	64	0	0	906.422	0
5993	G	G	926.149	37	68	65	0	0	926.149	0
5994	A	A	951.448	37	70	70	951.448	0	0	0
5995	C	C	921.634	37	70	66	0	921.634	0	0
5996	T	T	934.429	36.1645	70	70	0	0	0	934.429
5997	T	T	935.037	36.1645	70	70	0	0	0	935.037
5998	G	G	1008.39	36.1752	71	70	0	0	1008.39	0
5999	G	G	1040.83	36.1959	73	72	0	0	1040.83	0
6000	C	C	1004.47	35.5512	75	71	0	1004.47	0	0
6001	G	G	1066.75	35.5512	75	74	0	0	1066.75	0
6002	G	G	1066.39	35.5512	75	74	0	0	1066.39	0
6003	T	T	1027.83	35.5512	75	75	0	0	0	1027.83
6004	G	G	1049.82	35.5512	75	73	0	0	1049.82	0
6005	C	C	1029.05	35.5346	74	72	0	1029.05	0	0
6006	T	T	1019.88	35.5346	74	74	0	0	0	1019.88
6007	T	T	1037.22	35.5512	75	75	0	0	0	1037.22
6008	T	T	1053.03	35.5989	78	78	0	0	0	1053.03
6009	A	A	1109.96	35.6141	79	79	1109.96	0	0	0
6010	A	A	1078.61	35.5989	78	78	1078.61	0	0	0
6011	A	A	1049.66	35.5834	77	77	1049.66	0	0	0
6012	C	C	1104.38	35.6141	79	77	0	1104.38	0	0
6013	C	C	1126.11	35.6141	79	78	0	1126.11	0	0
6014	C	C	1096.92	35.058	79	77	0	1096.92	0	0
6015	T	T	1058.86	34.9966	76	76	0	0	0	1058.86
6016	C	C	1020.09	34.9311	73	71	0	1020.09	0	0
6017	C	C	1056.07	34.9534	74	73	0	1056.07	0	0
6018	T	T	1031.58	34.9534	74	74	0	0	0	1031.58
6019	A	A	961.915	34.9083	72	72	961.915	0	0	0
6020	G	G	1022.71	34.885	71	71	0	0	1022.71	0
6021	A	A	916.221	34.8367	69	69	916.221	0	0	0
6022	G	G	920.269	34.9083	72	67	0	0	920.269	0
6023	G	G	1022.52	34.9752	75	72	0	0	1022.52	0
6024	A	A	983.763	36.1959	73	73	983.763	0	0	0
6025	G	G	1033.31	36.1857	72	72	0	0	1033.31	0
6026	C	C	898.405	36.1306	67	64	0	898.405	0	0
6027	C	C	930.907	37	67	65	0	930.907	0	0
6028	T	T	961.53	37	70	70	0	0	0	961.53
6029	G	G	942.961	37	69	66	0	0	942.961	0
6030	T	T	936.161	37	68	68	0	0	0	936.161
6031	T	T	901.844	37	66	66	0	0	0	901.844
6032	C	C	952.204	37	66	66	0	952.204	0	0
6033	T	T	947.234	37	69	69	0	0	0	947.234
6034	G	G	994.339	37	70	69	0	0	994.339	0
6035	T	T	976.298	37	72	72	0	0	0	976.298
6036	A	A	981.701	37	72	72	981.701	0	0	0
6037	A	A	975.816	37	73	73	975.816	0	0	0
6038	T	T	996.439	37	72	72	0	0	0	996.439
6039	C	C	996.438	37	70	69	0	996.438	0	0
6040	G	G	962.7	37	71	68	0	0	962.7	0
6041	A	A	955.873	37	71	71	955.873	0	0	0
6042	T	T	957.757	37	70	70	0	0	0	957.757
6043	A	A	915.399	37	68	68	915.399	0	0	0
6044	A	A	891.951	37	67	67	891.951	0	0	0
6045	A	A	918.867	37	70	70	918.867	0	0	0
6046	C	C	936.946	37	66	65	0	936.946	0	0
6047	C	C	850.435	37	62	60	0	850.435	0	0
6048	C	C	883.139	37	61	61	0	883.139	0	0
6049	C	C	795.933	37	60	57	0	795.933	0	0
6050	G	G	838.465	37	61	59	0	0	838.465	0
6051	A	A	809.153	37	60	60	809.153	0	0	0
6052	T	T	811.097	37	59	59	0	0	0	811.097
6053	A	A	799.667	37	59	59	799.667	0	0	0
6054	G	G	764.949	37	58	55	0	0	764.949	0
6055	A	A	806.125	37	58	58	806.125	0	0	0
6056	C	C	822.734	37	58	57	0	822.734	0	0
6057	C	C	790.458	37	58	56	0	790.458	0	0
6058	T	T	795.056	37	57	57	0	0	0	795.056
6059	C	C	862.953	37	60	60	0	862.953	0	0
6060	A	A	826.607	37	61	61	826.607	0	0	0
6061	C	C	817.746	37	58	57	0	817.746	0	0
6062	C	C	786.058	37	60	56	0	786.058	0	0
6063	A	A	829.257	36.0538	61	61	829.257	0	0	0
6064	C	C	848.27	36.0397	60	59	0	848.27	0	0
6065	C	C	842.424	36.0538	61	59	0	842.424	0	0
6066	T	T	803.531	36.01	58	58	0	0	0	803.531
6067	C	C	821.091	36.01	58	57	0	821.091	0	0
6068	T	T	801.173	36.01	58	58	0	0	0	801.173
6069	T	T	795.763	36.01	58	58	0	0	0	795.763
6070	G	G	767.036	36.01	58	55	0	0	767.036	0
6071	C	C	783.052	35.9785	56	55	0	783.052	0	0
6072	T	T	772.007	35.9785	56	56	0	0	0	772.007
6073	A	A	732.374	35.945	54	54	732.374	0	0	0
6074	A	A	754.889	35.9785	56	56	754.889	0	0	0
6075	T	T	753.962	35.945	54	54	0	0	0	753.962
6076	T	T	727.483	35.945	54	54	0	0	0	727.483
6077	C	C	777.811	35.945	54	54	0	777.811	0	0
6078	A	A	765.048	35.945	54	54	765.048	0	0	0
6079	G	G	734.934	35.945	54	52	0	0	734.934	0
6080	T	T	759.784	35.945	54	54	0	0	0	759.784
6081	C	C	723.989	35.9273	53	51	0	723.989	0	0
6082	T	T	748.193	35.9273	53	53	0	0	0	748.193
6083	A	A	722.95	35.962	55	55	722.95	0	0	0
6084	T	T	755.476	35.9785	56	56	0	0	0	755.476
6085	A	A	798.023	36.0397	60	60	798.023	0	0	0
6086	T	T	780.007	36.0397	60	60	0	0	0	780.007
6087	A	A	754.677	35.9785	56	56	754.677	0	0	0
6088	C	C	812.438	36.01	58	57	0	812.438	0	0
6089	C	C	817.186	36.01	58	57	0	817.186	0	0
6090	G	G	770.288	35.9785	56	54	0	0	770.288	0
6091	C	C	819.222	35.9945	57	57	0	819.222	0	0
6092	C	C	818.211	35.2044	58	57	0	818.211	0	0
6093	A	A	799.107	35.1787	57	57	799.107	0	0	0
6094	T	T	783.381	35.2044	58	58	0	0	0	783.381
6095	C	C	739.011	35.1787	57	53	0	739.011	0	0
6096	T	T	758.743	35.1249	55	55	0	0	0	758.743
6097	T	T	790.11	34.4921	57	57	0	0	0	790.11
6098	C	C	803.844	33.9378	58	56	0	803.844	0	0
6099	A	A	817.224	33.462	59	59	817.224	0	0	0
6100	G	G	831.041	33.5025	60	58	0	0	831.041	0
6101	C	C	850.689	33.462	59	59	0	850.689	0	0
6102	A	A	814.446	33.5421	61	61	814.446	0	0	0
6103	A	A	781.789	33.4205	58	58	781.789	0	0	0
6104	A	A	797.221	32.9583	58	58	797.221	0	0	0
6105	C	C	811.824	32.9583	58	57	0	811.824	0	0
6106	C	C	775.17	32.9124	57	55	0	775.17	0	0
6107	C	C	805.283	32.9124	57	56	0	805.283	0	0
6108	T	T	784.265	33.0032	59	59	0	0	0	784.265
6109	T	C	733.249	33.0032	59	53	0	733.249	0	0
6110	A	A	817.448	32.9583	58	58	817.448	0	0	0
6111	A	A	845.27	33.0897	61	61	845.27	0	0	0
6112	A	A	878.792	33.2122	64	64	878.792	0	0	0
6113	A	A	864.868	33.2122	64	64	864.868	0	0	0
6114	G	G	842.368	33.5025	60	59	0	0	842.368	0
6115	G	G	836.747	33.5421	61	59	0	0	836.747	0
6116	A	A	821.326	33.462	59	59	821.326	0	0	0
6117	A	A	821.495	33.462	59	59	821.495	0	0	0
6118	C	C	839.41	33.462	59	58	0	839.41	0	0
6119	A	A	847.119	33.5421	61	61	847.119	0	0	0
6120	A	A	850.009	34.0116	60	60	850.009	0	0	0
6121	G	G	851.807	33.9752	59	59	0	0	851.807	0
6122	A	A	838.51	34.0116	60	60	838.51	0	0	0
6123	G	G	893.013	34.1157	63	62	0	0	893.013	0
6124	T	T	861.668	34.1157	63	63	0	0	0	861.668
6125	A	A	882.797	34.2126	66	66	882.797	0	0	0
6126	A	A	891.68	34.1811	65	65	891.68	0	0	0
6127	G	G	869.918	34.1811	65	62	0	0	869.918	0
6128	C	C	929.125	34.2434	67	65	0	929.125	0	0
6129	A	A	908.871	33.7947	68	68	908.871	0	0	0
6130	C	C	857.836	34.1488	64	61	0	857.836	0	0
6131	A	A	903.457	34.2735	68	68	903.457	0	0	0
6132	A	A	883.789	34.7331	65	65	883.789	0	0	0
6133	T	T	893.746	34.7331	65	65	0	0	0	893.746
6134	C	C	878	34.7056	64	62	0	878	0	0
6135	A	A	850.24	34.6485	62	62	850.24	0	0	0
6136	T	T	861.385	34.6485	62	62	0	0	0	861.385
6137	C	C	883.955	34.6774	63	62	0	883.955	0	0
6138	T	T	890.708	34.7331	65	65	0	0	0	890.708
6139	T	T	878.113	34.7056	64	64	0	0	0	878.113
6140	G	G	868.351	34.7056	64	61	0	0	868.351	0
6141	C	C	923.122	34.7056	64	64	0	923.122	0	0
6142	A	A	848.473	34.6188	61	61	848.473	0	0	0
6143	T	T	832.434	35.2294	59	59	0	0	0	832.434
6144	A	A	845.876	35.2537	60	60	845.876	0	0	0
6145	A	A	842.665	35.3003	62	62	842.665	0	0	0
6146	A	A	841.486	35.3227	63	63	841.486	0	0	0
6147	A	A	849.217	35.3227	63	63	849.217	0	0	0
6148	A	A	911.739	35.4066	67	67	911.739	0	0	0
6149	A	A	908.012	35.4066	67	67	908.012	0	0	0
6150	G	G	891.114	35.3445	64	62	0	0	891.114	0
6151	T	T	832.723	36.0538	61	61	0	0	0	832.723
6152	T	T	843.842	36.0675	62	62	0	0	0	843.842
6153	A	A	879.649	36.0938	64	64	879.649	0	0	0
6154	G	G	891.535	36.0809	63	62	0	0	891.535	0
6155	G	G	863.874	36.0938	64	61	0	0	863.874	0
6156	T	T	879.01	36.0938	64	64	0	0	0	879.01
6157	C	C	921.83	37	64	64	0	921.83	0	0
6158	A	A	870.035	37	62	62	870.035	0	0	0
6159	A	A	925.339	37	65	65	925.339	0	0	0
6160	G	G	967.622	37	67	67	0	0	967.622	0
6161	G	G	935.509	37	68	66	0	0	935.509	0
6162	T	T	918.485	37	69	69	0	0	0	918.485
6163	G	G	967.489	37	70	68	0	0	967.489	0
6164	T	T	938.528	37	70	69	0	0	0	938.528
6165	A	A	897.6	37	69	69	897.6	0	0	0
6166	A	A	871.67	37	66	66	871.67	0	0	0
6167	C	C	902.121	37	65	63	0	902.121	0	0
6168	C	C	869.196	37	64	61	0	869.196	0	0
6169	C	C	919.205	37	65	64	0	919.205	0	0
6170	A	A	914.099	37	65	65	914.099	0	0	0
6171	T	T	867.984	37	65	65	0	0	0	867.984
6172	G	G	950.139	37	68	66	0	0	950.139	0
6173	G	G	953.365	37	67	66	0	0	953.365	0
6174	A	A	988.43	37	70	70	988.43	0	0	0
6175	G	G	998.019	37	69	69	0	0	998.019	0
6176	T	T	957.842	37	70	70	0	0	0	957.842
6177	G	G	997.58	37	70	69	0	0	997.58	0
6178	G	G	960.348	37	71	68	0	0	960.348	0
6179	G	G	971.702	37	71	68	0	0	971.702	0
6180	A	A	975.163	37	71	71	975.163	0	0	0
6181	A	A	977.61	37	73	73	977.61	0	0	0
6182	G	G	1007.29	37	71	70	0	0	1007.29	0
6183	A	A	963.141	37	71	71	963.141	0	0	0
6184	A	A	966.078	37	71	71	966.078	0	0	0
6185	A	A	968.97	37	70	70	968.97	0	0	0
6186	T	T	943.726	37	68	68	0	0	0	943.726
6187	G	G	995.507	37	70	69	0	0	995.507	0
6188	G	G	982.591	37	72	69	0	0	982.591	0
6189	G	G	1033.09	37	74	72	0	0	1033.09	0
6190	C	C	1036.21	37	73	72	0	1036.21	0	0
6191	T	T	987.915	37	73	73	0	0	0	987.915
6192	A	A	998.764	37	74	74	998.764	0	0	0
6193	C	C	1065.56	37	75	74	0	1065.56	0	0
6194	A	A	1046.69	37	77	77	1046.69	0	0	0
6195	T	T	985.979	37	74	74	0	0	0	985.979
6196	T	T	991.096	37	73	73	0	0	0	991.096
6197	T	T	1005.59	37	73	73	0	0	0	1005.59
6198	T	T	1004.84	36.1857	72	72	0	0	0	1004.84
6199	C	C	1039.21	35.5176	73	72	0	1039.21	0	0
6200	T	T	1037.95	35.5346	74	74	0	0	0	1037.95
6201	A	A	1031.57	34.9534	74	74	1031.57	0	0	0
6202	T	T	1047.03	34.9752	75	75	0	0	0	1047.03
6203	T	T	1013.51	34.9083	72	72	0	0	0	1013.51
6204	C	C	976.854	34.9083	72	69	0	976.854	0	0
6205	A	C	987.195	34.9083	72	70	0	987.195	0	0
6206	A	A	1019.99	34.9534	74	74	1019.99	0	0	0
6207	G	G	1024.83	34.9083	72	71	0	0	1024.83	0
6208	A	A	1033.29	34.9534	74	74	1033.29	0	0	0
6209	A	A	1039.92	34.9534	74	74	1039.92	0	0	0
6210	C	C	1039.53	34.9311	73	72	0	1039.53	0	0
6211	A	A	1048.16	34.9752	75	75	1048.16	0	0	0
6212	A	A	1072.06	35.0379	78	78	1072.06	0	0	0
6213	C	C	1067.94	34.9752	75	74	0	1067.94	0	0
6214	T	T	1058.7	35.0175	77	77	0	0	0	1058.7
6215	T	T	1050.77	35.0175	77	77	0	0	0	1050.77
6216	A	A	1028	34.9966	76	76	1028	0	0	0
6217	C	C	1071.64	34.9534	74	74	0	1071.64	0	0
6218	G	G	1045.4	34.4668	75	73	0	0	1045.4	0
6219	A	A	1001.99	34.0116	75	75	1001.99	0	0	0
6220	A	A	950.793	33.8916	71	71	950.793	0	0	0
6221	A	A	968.654	33.9528	73	73	968.654	0	0	0
6222	G	G	1020.99	33.8916	71	71	0	0	1020.99	0
6223	T	T	970.61	33.8916	71	71	0	0	0	970.61
6224	T	T	983.275	33.9225	72	72	0	0	0	983.275
6225	T	T	932.166	33.7947	68	68	0	0	0	932.166
6226	T	T	925.831	33.7947	68	68	0	0	0	925.831
6227	T	T	927.724	33.3635	68	68	0	0	0	927.724
6228	A	A	926.439	33.3269	67	67	926.439	0	0	0
6229	T	T	932.728	33.3635	68	68	0	0	0	932.728
6230	G	G	953.523	33.2895	66	66	0	0	953.523	0
6231	A	A	900.794	33.3269	67	67	900.794	0	0	0
6232	A	A	902.713	33.3269	67	67	902.713	0	0	0
6233	A	A	882.495	32.9713	68	68	882.495	0	0	0
6234	C	C	927.363	32.9713	68	65	0	927.363	0	0
6235	T	T	917.08	32.8924	66	66	0	0	0	917.08
6236	A	A	895.348	32.8924	66	66	895.348	0	0	0
6237	A	A	893.955	32.8517	65	65	893.955	0	0	0
6238	A	T	841.551	32.7243	62	62	0	0	0	841.551
6239	A	A	872.767	32.8102	64	64	872.767	0	0	0
6240	A	A	892.295	32.8517	65	65	892.295	0	0	0
6241	C	C	950.058	32.8924	66	66	0	950.058	0	0
6242	T	T	914.161	32.9322	67	67	0	0	0	914.161
6243	A	A	865.899	33.1315	62	62	865.899	0	0	0
6244	A	A	854.178	33.1723	63	63	854.178	0	0	0
6245	A	A	828.71	33.2122	64	63	828.71	0	0	0
6246	G	G	780.503	33.1723	63	57	0	0	780.503	0
6247	G	G	932.099	33.6913	65	65	0	0	932.099	0
6248	T	T	879.289	33.6553	64	64	0	0	0	879.289
6249	G	G	793.839	34.0472	61	57	0	0	793.839	0
6250	G	G	816.813	33.9752	59	57	0	0	816.813	0
6251	A	A	801.084	35.2294	59	59	801.084	0	0	0
6252	T	T	789.022	35.9945	57	57	0	0	0	789.022
6253	T	T	784.198	35.9945	57	57	0	0	0	784.198
6254	T	T	796.048	36.01	58	58	0	0	0	796.048
6255	A	A	820.005	36.01	58	58	820.005	0	0	0
6256	G	G	866.859	36.0397	60	60	0	0	866.859	0
6257	T	T	816.021	36.0538	61	61	0	0	0	816.021
6258	A	A	882.478	36.0809	63	63	882.478	0	0	0
6259	G	G	859.882	36.0938	64	61	0	0	859.882	0
6260	T	T	867.215	36.0938	64	64	0	0	0	867.215
6261	A	A	892.206	37	64	64	892.206	0	0	0
6262	A	A	854.408	37	63	63	854.408	0	0	0
6263	A	A	853.586	37	63	63	853.586	0	0	0
6264	T	T	889.857	37	64	64	0	0	0	889.857
6265	C	C	859.019	37	64	61	0	859.019	0	0
6266	A	A	837.988	37	65	65	837.988	0	0	0
6267	A	A	820.295	37	61	61	820.295	0	0	0
6268	G	G	825.945	37	62	59	0	0	825.945	0
6269	A	A	828.324	37	63	63	828.324	0	0	0
6270	A	A	815.309	37	61	61	815.309	0	0	0
6271	T	T	808.749	37	59	59	0	0	0	808.749
6272	A	A	778.314	37	58	58	778.314	0	0	0
6273	G	G	837.009	37	58	58	0	0	837.009	0
6274	A	A	813.535	37	60	60	813.535	0	0	0
6275	G	G	863.349	37	60	60	0	0	863.349	0
6276	A	A	801.476	37	59	59	801.476	0	0	0
6277	G	G	833.343	37	60	58	0	0	833.343	0
6278	C	C	801.627	37	61	57	0	801.627	0	0
6279	T	T	810.115	37	60	60	0	0	0	810.115
6280	T	T	807.309	37	59	59	0	0	0	807.309
6281	G	G	833.264	37	59	58	0	0	833.264	0
6282	A	A	805.068	37	58	58	805.068	0	0	0
6283	T	T	838.914	37	60	60	0	0	0	838.914
6284	T	T	849.748	37	62	62	0	0	0	849.748
6285	G	G	881.585	37	61	61	0	0	881.585	0
6286	A	A	846.928	37	61	61	846.928	0	0	0
6287	A	A	830.459	37	62	62	830.459	0	0	0
6288	T	T	855.738	37	63	63	0	0	0	855.738
6289	A	A	829.037	37	63	63	829.037	0	0	0
6290	A	A	834.047	37	63	63	834.047	0	0	0
6291	G	G	874.767	37	63	61	0	0	874.767	0
6292	G	G	831.082	37	60	58	0	0	831.082	0
6293	C	C	772.875	36.0675	62	56	0	772.875	0	0
6294	A	A	872.935	36.0809	63	63	872.935	0	0	0
6295	A	A	881.014	36.0938	64	64	881.014	0	0	0
6296	T	T	877.716	36.1064	65	65	0	0	0	877.716
6297	G	G	937.6	36.1064	65	65	0	0	937.6	0
6298	A	A	926.467	36.1306	67	67	926.467	0	0	0
6299	A	A	892.545	36.1064	65	65	892.545	0	0	0
6300	G	G	889.51	36.0938	64	62	0	0	889.51	0
6301	C	C	914.972	35.3864	66	64	0	914.972	0	0
6302	A	A	912.991	35.3864	66	66	912.991	0	0	0
6303	T	T	922.18	35.3864	66	66	0	0	0	922.18
6304	G	G	939.832	34.76	66	65	0	0	939.832	0
6305	C	C	940.255	34.8118	68	66	0	940.255	0	0
6306	A	A	929.209	34.8367	69	69	929.209	0	0	0
6307	C	C	949.206	34.303	69	67	0	949.206	0	0
6308	A	A	917.016	34.2735	68	68	917.016	0	0	0
6309	C	C	933.209	33.761	67	65	0	933.209	0	0
6310	A	A	905.165	33.7266	66	66	905.165	0	0	0
6311	C	C	878.578	33.6553	64	62	0	878.578	0	0
6312	C	C	896.84	33.5807	62	62	0	896.84	0	0
6313	G	G	890.235	33.6185	63	62	0	0	890.235	0
6314	C	C	882.968	33.5421	61	61	0	882.968	0	0
6315	C	C	895.597	33.6185	63	62	0	895.597	0	0
6316	C	C	866.201	33.5421	61	60	0	866.201	0	0
6317	G	G	774.91	33.462	59	55	0	0	774.91	0
6318	T	T	800.068	33.8994	57	57	0	0	0	800.068
6319	C	C	822.511	33.8994	57	57	0	822.511	0	0
6320	A	A	743.859	33.9378	58	58	743.859	0	0	0
6321	C	C	824.316	33.8994	57	57	0	824.316	0	0
6322	C	C	735.731	33.778	54	52	0	735.731	0	0
6323	C	C	742.317	33.778	54	52	0	742.317	0	0
6324	T	T	733.524	33.8195	55	55	0	0	0	733.524
6325	C	C	773.402	33.778	54	54	0	773.402	0	0
6326	C	C	719.658	33.2435	54	51	0	719.658	0	0
6327	T	T	715.227	33.2895	55	55	0	0	0	715.227
6328	C	C	754.031	33.2895	55	53	0	754.031	0	0
6329	A	A	786.719	33.4205	58	58	786.719	0	0	0
6330	A	A	769.174	33.2895	55	55	769.174	0	0	0
6331	G	G	779.64	33.2435	54	54	0	0	779.64	0
6332	T	T	738.213	33.1964	53	53	0	0	0	738.213
6333	G	G	770.237	33.2895	55	54	0	0	770.237	0
6334	G	G	772.928	33.3343	56	54	0	0	772.928	0
6335	C	C	859.828	33.5025	60	60	0	859.828	0	0
6336	A	G	833.027	33.5421	61	59	0	0	833.027	0
6337	C	C	826.559	33.6185	63	59	0	826.559	0	0
6338	A	A	848.309	34.0819	62	62	848.309	0	0	0
6339	A	A	857.991	34.1488	64	64	857.991	0	0	0
6340	G	G	862.096	34.0819	62	60	0	0	862.096	0
6341	C	C	834.584	34.5572	59	58	0	834.584	0	0
6342	C	C	837.132	34.5572	59	58	0	837.132	0	0
6343	A	A	803.484	34.5572	59	59	803.484	0	0	0
6344	A	A	827.556	35.2537	60	60	827.556	0	0	0
6345	A	A	822.979	35.2773	61	61	822.979	0	0	0
6346	C	C	850.254	35.2294	59	59	0	850.254	0	0
6347	A	A	830.032	35.2294	59	59	830.032	0	0	0
6348	T	T	813.271	35.2537	60	60	0	0	0	813.271
6349	A	A	819.533	35.2294	59	59	819.533	0	0	0
6350	A	A	836.187	36.0251	59	59	836.187	0	0	0
6351	C	C	834.781	36.0251	59	58	0	834.781	0	0
6352	C	C	839.165	36.01	58	58	0	839.165	0	0
6353	T	T	831.608	36.0397	60	60	0	0	0	831.608
6354	A	A	843.903	36.0397	60	60	843.903	0	0	0
6355	T	T	843.595	36.0397	60	60	0	0	0	843.595
6356	T	T	831.003	36.0538	61	61	0	0	0	831.003
6357	G	G	880.475	36.0675	62	61	0	0	880.475	0
6358	A	A	899.111	36.1064	65	65	899.111	0	0	0
6359	A	A	906.665	35.4066	67	67	906.665	0	0	0
6360	A	A	915.727	35.4262	68	68	915.727	0	0	0
6361	C	C	903.556	34.885	71	65	0	903.556	0	0
6362	C	C	1009.87	35.0175	77	72	0	1009.87	0	0
6363	A	A	1022.76	35.5834	77	77	1022.76	0	0	0
6364	A	A	1028.57	35.5834	77	77	1028.57	0	0	0
6365	A	A	1037.96	35.5834	77	77	1037.96	0	0	0
6366	T	T	1004.16	35.5989	78	78	0	0	0	1004.16
6367	A	A	1066.95	35.6141	79	79	1066.95	0	0	0
6368	A	A	1082.34	35.6141	79	79	1082.34	0	0	0
6369	A	A	1111.26	35.6141	79	79	1111.26	0	0	0
6370	A	A	1099.92	35.5834	77	77	1099.92	0	0	0
6371	C	C	1121.37	35.6141	79	78	0	1121.37	0	0
6372	G	G	1140.96	35.6289	80	79	0	0	1140.96	0
6373	C	C	1120.94	35.6577	82	79	0	1120.94	0	0
6374	A	A	1165.1	35.6716	83	83	1165.1	0	0	0
6375	A	A	1147.68	35.6853	84	84	1147.68	0	0	0
6376	G	G	1168.59	35.6577	82	81	0	0	1168.59	0
6377	A	A	1159	35.6853	84	84	1159	0	0	0
6378	G	G	1145.94	35.6716	83	80	0	0	1145.94	0
6379	G	G	1181.11	35.6716	83	82	0	0	1181.11	0
6380	A	A	1113.95	35.6289	80	80	1113.95	0	0	0
6381	G	G	1054.95	35.6435	81	76	0	0	1054.95	0
6382	G	G	1152.19	35.6435	81	80	0	0	1152.19	0
6383	C	C	1140.23	35.6435	81	79	0	1140.23	0	0
6384	A	A	1162.26	35.6577	82	82	1162.26	0	0	0
6385	A	A	1159.27	35.6435	81	81	1159.27	0	0	0
6386	G	G	1187.31	35.6577	82	82	0	0	1187.31	0
6387	T	T	1135.21	36.2772	82	82	0	0	0	1135.21
6388	C	C	1173.45	35.6986	85	82	0	1173.45	0	0
6389	G	G	1123.05	35.6986	85	80	0	0	1123.05	0
6390	T	T	1184.42	35.6986	85	85	0	0	0	1184.42
6391	A	A	1142.21	35.6853	84	84	1142.21	0	0	0
6392	A	A	1142.12	35.6986	85	85	1142.12	0	0	0
6393	C	C	1229.15	36.3008	85	85	0	1229.15	0	0
6394	A	A	1107.45	36.2772	82	82	1107.45	0	0	0
6395	A	A	1096.14	36.269	81	81	1096.14	0	0	0
6396	G	G	1123.04	36.252	79	78	0	0	1123.04	0
6397	G	G	1070.13	36.2606	80	76	0	0	1070.13	0
6398	T	T	1104.72	36.252	79	79	0	0	0	1104.72
6399	A	A	1005.97	36.2432	78	78	1005.97	0	0	0
6400	A	A	998.31	36.2342	77	77	998.31	0	0	0
6401	G	G	1029.62	36.2342	77	73	0	0	1029.62	0
6402	C	C	976.719	36.1959	73	69	0	976.719	0	0
6403	A	A	916.153	36.1535	69	69	916.153	0	0	0
6404	T	T	919.09	36.1064	65	65	0	0	0	919.09
6405	A	A	872.943	36.0938	64	64	872.943	0	0	0
6406	C	C	920.708	36.1306	67	65	0	920.708	0	0
6407	T	T	932.495	36.1422	68	68	0	0	0	932.495
6408	G	G	901.499	36.1064	65	63	0	0	901.499	0
6409	G	G	937.829	36.1064	65	65	0	0	937.829	0
6410	A	A	899.21	36.1187	66	65	899.21	0	0	0
6411	A	A	897.961	36.1187	66	66	897.961	0	0	0
6412	A	A	900.721	35.3864	66	66	900.721	0	0	0
6413	G	G	870.042	35.3003	62	61	0	0	870.042	0
6414	T	T	868.612	35.2773	61	61	0	0	0	868.612
6415	G	G	836.889	35.3003	62	59	0	0	836.889	0
6416	T	T	869.743	35.3003	62	62	0	0	0	869.743
6417	G	G	877.713	35.3003	62	61	0	0	877.713	0
6418	C	C	849.057	35.2773	61	59	0	849.057	0	0
6419	T	T	842.172	35.2773	61	61	0	0	0	842.172
6420	T	T	828.054	35.2537	60	60	0	0	0	828.054
6421	G	G	835.725	35.2294	59	58	0	0	835.725	0
6422	G	G	781.994	35.2294	59	56	0	0	781.994	0
6423	A	A	790.254	35.2537	60	60	790.254	0	0	0
6424	T	T	828.676	35.2294	59	59	0	0	0	828.676
6425	G	G	790.017	35.2773	61	57	0	0	790.017	0
6426	G	G	821.039	35.3003	62	58	0	0	821.039	0
6427	A	A	801.169	36.01	58	58	801.169	0	0	0
6428	T	T	782.008	36.0397	60	60	0	0	0	782.008
6429	C	C	860.184	36.0538	61	60	0	860.184	0	0
6430	A	A	798.37	36.0538	61	61	798.37	0	0	0
6431	A	A	831.557	36.0938	64	64	831.557	0	0	0
6432	A	A	885.572	36.1535	69	69	885.572	0	0	0
6433	G	G	846.817	36.0938	64	60	0	0	846.817	0
6434	T	T	806.984	36.0538	61	61	0	0	0	806.984
6435	G	G	770.082	36.0251	59	55	0	0	770.082	0
6436	T	T	795.482	36.01	58	58	0	0	0	795.482
6437	A	A	805.275	36.0251	59	59	805.275	0	0	0
6438	G	G	793.884	37	59	56	0	0	793.884	0
6439	C	C	814.735	37	59	57	0	814.735	0	0
6440	T	T	813.046	37	61	61	0	0	0	813.046
6441	T	T	788.881	37	59	59	0	0	0	788.881
6442	A	A	821.579	37	60	60	821.579	0	0	0
6443	A	A	834.907	37	61	61	834.907	0	0	0
6444	A	A	855.766	37	62	62	855.766	0	0	0
6445	C	C	904.826	37	64	63	0	904.826	0	0
6446	A	A	842.675	37	60	60	842.675	0	0	0
6447	A	A	872.447	37	62	62	872.447	0	0	0
6448	A	A	917.376	37	65	65	917.376	0	0	0
6449	G	G	924.668	37	67	65	0	0	924.668	0
6450	C	C	892.594	37	68	64	0	892.594	0	0
6451	A	A	944.887	37	69	69	944.887	0	0	0
6452	T	T	928.362	37	70	70	0	0	0	928.362
6453	C	C	992.005	37	70	69	0	992.005	0	0
6454	T	T	945.204	37	69	69	0	0	0	945.204
6455	A	A	942.243	37	68	68	942.243	0	0	0
6456	G	G	916.099	37	66	64	0	0	916.099	0
6457	C	C	954.231	37	67	66	0	954.231	0	0
6458	T	T	932.185	37	66	66	0	0	0	932.185
6459	T	T	954.086	36.1752	71	71	0	0	0	954.086
6460	A	A	961.149	36.1857	72	72	961.149	0	0	0
6461	C	C	1018.24	36.1857	72	71	0	1018.24	0	0
6462	A	A	943.278	36.1535	69	69	943.278	0	0	0
6463	C	C	933.867	36.1535	69	66	0	933.867	0	0
6464	C	C	968.281	36.1306	67	67	0	968.281	0	0
6465	C	C	949.275	36.1422	68	66	0	949.275	0	0
6466	A	A	933.112	36.1306	67	67	933.112	0	0	0
6467	G	G	931.902	36.1306	67	65	0	0	931.902	0
6468	A	A	931.517	36.1422	68	68	931.517	0	0	0
6469	G	G	1008.32	36.1645	70	70	0	0	1008.32	0
6470	G	G	953.435	36.1645	70	67	0	0	953.435	0
6471	A	A	931.726	36.1422	68	68	931.726	0	0	0
6472	T	T	946.958	36.1422	68	68	0	0	0	946.958
6473	T	T	917.338	36.1187	66	66	0	0	0	917.338
6474	T	T	931.58	36.1306	67	67	0	0	0	931.58
6475	C	C	912.08	36.1306	67	65	0	912.08	0	0
6476	A	A	904.839	36.1187	66	66	904.839	0	0	0
6477	C	C	907.363	36.0938	64	63	0	907.363	0	0
6478	G	G	826.351	36.0675	62	59	0	0	826.351	0
6479	T	T	881.545	36.1064	65	65	0	0	0	881.545
6480	A	A	882.178	36.1187	66	66	882.178	0	0	0
6481	T	T	895.027	36.1422	68	67	0	0	0	895.027
6482	G	G	907.274	36.1187	66	64	0	0	907.274	0
6483	T	T	879.085	35.3864	66	66	0	0	0	879.085
6484	G	G	871.611	35.3657	65	62	0	0	871.611	0
6485	A	A	887.722	35.3227	63	63	887.722	0	0	0
6486	C	C	910.344	35.3445	64	63	0	910.344	0	0
6487	C	C	943.084	35.4262	68	66	0	943.084	0	0
6488	G	G	943.789	35.4454	69	66	0	0	943.789	0
6489	C	C	949.375	35.4066	67	66	0	949.375	0	0
6490	T	T	928.707	35.4454	69	69	0	0	0	928.707
6491	T	T	947.618	35.4454	69	69	0	0	0	947.618
6492	T	T	966.968	35.4824	71	71	0	0	0	966.968
6493	G	G	940.309	35.5002	72	67	0	0	940.309	0
6494	A	A	951.554	35.5176	73	73	951.554	0	0	0
6495	A	A	936.267	35.4824	71	71	936.267	0	0	0
6496	C	C	956.933	36.1535	69	67	0	956.933	0	0
6497	C	C	918.478	35.3864	66	64	0	918.478	0	0
6498	C	C	916.93	35.4262	68	65	0	916.93	0	0
6499	A	A	928.887	35.4262	68	68	928.887	0	0	0
6500	G	G	911.226	35.4066	67	64	0	0	911.226	0
6501	A	A	924.102	35.4454	69	69	924.102	0	0	0
6502	G	G	961.181	35.4262	68	67	0	0	961.181	0
6503	C	C	906.882	35.4066	67	64	0	906.882	0	0
6504	T	T	928.204	35.4262	68	68	0	0	0	928.204
6505	A	A	899.964	35.4262	68	67	899.964	0	0	0
6506	G	G	897.346	35.3864	66	63	0	0	897.346	0
6507	C	C	892.385	36.0809	63	62	0	892.385	0	0
6508	C	C	881.524	36.0675	62	61	0	881.524	0	0
6509	C	C	796.83	36.0809	63	58	0	796.83	0	0
6510	A	A	826.562	36.0809	63	63	826.562	0	0	0
6511	G	G	796.922	36.0938	64	58	0	0	796.922	0
6512	A	A	808.394	36.0938	64	64	808.394	0	0	0
6513	T	T	835.908	36.0538	61	61	0	0	0	835.908
6514	A	A	769.346	35.9785	56	56	769.346	0	0	0
6515	A	A	821.743	36.0397	60	60	821.743	0	0	0
6516	C	C	820.708	35.9945	57	57	0	820.708	0	0
6517	A	A	780.589	35.9785	56	56	780.589	0	0	0
6518	A	A	770.51	35.9785	56	56	770.51	0	0	0
6519	C	C	785.618	35.9945	57	55	0	785.618	0	0
6520	T	T	807.438	35.9945	57	57	0	0	0	807.438
6521	A	A	790.415	36.01	58	57	790.415	0	0	0
6522	A	A	800.195	36.01	58	58	800.195	0	0	0
6523	C	C	818.996	36.01	58	57	0	818.996	0	0
6524	C	C	819.02	37	58	57	0	819.02	0	0
6525	A	A	826.202	37	60	60	826.202	0	0	0
6526	A	A	816.198	37	59	59	816.198	0	0	0
6527	A	A	808.606	37	57	57	808.606	0	0	0
6528	C	C	863.058	37	60	60	0	863.058	0	0
6529	T	T	823.609	37	61	61	0	0	0	823.609
6530	A	A	831.763	37	60	60	831.763	0	0	0
6531	C	C	871.833	37	63	61	0	871.833	0	0
6532	C	C	877.522	37	62	61	0	877.522	0	0
6533	A	A	907.15	37	66	66	907.15	0	0	0
6534	T	T	889.207	37	66	66	0	0	0	889.207
6535	A	A	887.034	37	64	64	887.034	0	0	0
6536	G	G	851.626	37	67	62	0	0	851.626	0
6537	A	A	968.986	37	70	70	968.986	0	0	0
6538	T	T	930.592	37	70	70	0	0	0	930.592
6539	C	C	945.005	37	69	67	0	945.005	0	0
6540	A	A	990.681	37	70	70	990.681	0	0	0
6541	A	A	992.406	37	70	70	992.406	0	0	0
6542	T	T	1005.6	37	76	76	0	0	0	1005.6
6543	T	T	1029.63	37	76	76	0	0	0	1029.63
6544	A	A	1117.63	37	81	81	1117.63	0	0	0
6545	A	A	1097.04	37	79	79	1097.04	0	0	0
6546	A	A	1088.74	37	79	79	1088.74	0	0	0
6547	T	T	1086.39	37	78	78	0	0	0	1086.39
6548	A	A	1045.88	37	75	75	1045.88	0	0	0
6549	A	A	1045.13	37	75	75	1045.13	0	0	0
6550	A	A	1022.33	37	74	74	1022.33	0	0	0
6551	A	A	1001.81	37	72	72	1001.81	0	0	0
6552	C	C	1067.76	37	75	74	0	1067.76	0	0
6553	A	A	1031.36	37	75	75	1031.36	0	0	0
6554	T	T	1045.34	37	75	75	0	0	0	1045.34
6555	T	T	1025.37	37	74	74	0	0	0	1025.37
6556	C	C	1052.8	37	74	73	0	1052.8	0	0
6557	A	A	1023.8	37	73	73	1023.8	0	0	0
6558	A	A	1058.98	37	75	75	1058.98	0	0	0
6559	C	C	1034.6	37	74	72	0	1034.6	0	0
6560	A	A	1049.61	37	74	74	1049.61	0	0	0
6561	G	G	1112.78	37	77	77	0	0	1112.78	0
6562	T	T	1048.17	37	76	76	0	0	0	1048.17
6563	A	A	1049.6	37	78	78	1049.6	0	0	0
6564	C	C	1095.64	37	77	76	0	1095.64	0	0
6565	A	A	1039.58	37	78	78	1039.58	0	0	0
6566	A	A	1061.68	37	79	79	1061.68	0	0	0
6567	T	T	1029.7	37	76	76	0	0	0	1029.7
6568	T	T	1057.65	37	80	80	0	0	0	1057.65
6569	A	A	1090.94	37	81	81	1090.94	0	0	0
6570	A	A	1057.79	37	79	79	1057.79	0	0	0
6571	A	A	1055.75	37	78	78	1055.75	0	0	0
6572	G	G	1094.51	37	76	76	0	0	1094.51	0
6573	T	T	1026.64	37	73	73	0	0	0	1026.64
6574	A	A	1069.44	37	76	76	1069.44	0	0	0
6575	T	T	1024.85	37	75	75	0	0	0	1024.85
6576	A	A	1095.43	37	77	77	1095.43	0	0	0
6577	G	G	1144.18	37	79	79	0	0	1144.18	0
6578	G	G	1142.85	37	79	79	0	0	1142.85	0
6579	A	A	1152.38	37	83	83	1152.38	0	0	0
6580	G	G	1149.27	37	82	80	0	0	1149.27	0
6581	A	A	1141.91	37	82	82	1141.91	0	0	0
6582	T	T	1128.33	37	81	81	0	0	0	1128.33
6583	A	A	1110.24	37	81	81	1110.24	0	0	0
6584	G	G	1137.21	37	80	79	0	0	1137.21	0
6585	A	A	1067.9	37	78	78	1067.9	0	0	0
6586	A	A	1099.91	37	80	80	1099.91	0	0	0
6587	A	A	1096.94	37	78	78	1096.94	0	0	0
6588	T	T	1098.97	37	78	78	0	0	0	1098.97
6589	T	T	1067.59	37	77	77	0	0	0	1067.59
6590	C	C	1108.89	37	78	77	0	1108.89	0	0
6591	T	T	1090.25	37	78	78	0	0	0	1090.25
6592	T	T	1105.02	37	79	79	0	0	0	1105.02
6593	T	T	1084.57	37	78	78	0	0	0	1084.57
6594	T	T	1057.75	37	75	75	0	0	0	1057.75
6595	A	A	1084.92	37	78	78	1084.92	0	0	0
6596	A	A	1053.91	37	79	79	1053.91	0	0	0
6597	T	T	1094.48	37	79	79	0	0	0	1094.48
6598	C	C	1081	37	78	76	0	1081	0	0
6599	G	G	1140.37	37	82	80	0	0	1140.37	0
6600	G	G	1108.55	37	81	78	0	0	1108.55	0
6601	A	A	1045.23	37	79	79	1045.23	0	0	0
6602	G	G	1069.58	37	83	77	0	0	1069.58	0
6603	C	C	1068.87	37	79	76	0	1068.87	0	0
6604	T	T	1042.14	37	77	77	0	0	0	1042.14
6605	A	A	984.852	37	77	77	984.852	0	0	0
6606	T	T	999.704	37	72	72	0	0	0	999.704
6607	A	A	923.917	37	71	71	923.917	0	0	0
6608	G	G	910.143	37	67	64	0	0	910.143	0
6609	A	A	894.612	37	65	65	894.612	0	0	0
6610	G	G	896.191	37	65	63	0	0	896.191	0
6611	A	A	941.063	37	67	67	941.063	0	0	0
6612	G	G	966.715	37	68	67	0	0	966.715	0
6613	A	A	974.281	37	69	69	974.281	0	0	0
6614	G	G	961.557	37	69	67	0	0	961.557	0
6615	T	T	937.119	37	69	69	0	0	0	937.119
6616	A	A	1036.6	37	73	73	1036.6	0	0	0
6617	C	C	968.945	37	74	69	0	968.945	0	0
6618	C	C	1052.29	37	74	73	0	1052.29	0	0
6619	G	G	1050.56	37	74	73	0	0	1050.56	0
6620	C	C	999.003	37	75	71	0	999.003	0	0
6621	A	A	997.982	37	74	74	997.982	0	0	0
6622	A	A	971.572	37	74	74	971.572	0	0	0
6623	G	G	986.757	37	71	69	0	0	986.757	0
6624	G	G	1004.53	37	71	70	0	0	1004.53	0
6625	G	G	934.432	37	71	67	0	0	934.432	0
6626	A	A	963.255	37	73	73	963.255	0	0	0
6627	A	A	929.911	37	69	69	929.911	0	0	0
6628	T	T	928.195	37	68	68	0	0	0	928.195
6629	G	G	945.695	37	68	66	0	0	945.695	0
6630	A	A	972.475	37	71	71	972.475	0	0	0
6631	T	T	959.26	37	72	72	0	0	0	959.26
6632	G	G	1001.31	37	72	70	0	0	1001.31	0
6633	A	A	954.555	37	71	71	954.555	0	0	0
6634	A	A	950.679	37	69	69	950.679	0	0	0
6635	A	A	988.837	37	73	73	988.837	0	0	0
6636	G	G	1007.38	37	72	70	0	0	1007.38	0
6637	A	A	968.431	37	70	69	968.431	0	0	0
6638	T	T	947.289	37	69	69	0	0	0	947.289
6639	T	T	966.966	37	71	71	0	0	0	966.966
6640	A	A	989.492	37	70	70	989.492	0	0	0
6641	C	C	992.711	37	72	70	0	992.711	0	0
6642	T	T	1002.76	37	74	74	0	0	0	1002.76
6643	T	T	1019.48	37	76	76	0	0	0	1019.48
6644	A	A	1088.72	37	78	78	1088.72	0	0	0
6645	A	A	1099.59	37	79	79	1099.59	0	0	0
6646	A	A	1107.52	37	80	80	1107.52	0	0	0
6647	G	G	1167.14	37	81	81	0	0	1167.14	0
6648	T	T	1093.51	37	79	79	0	0	0	1093.51
6649	A	A	1040.89	37	78	78	1040.89	0	0	0
6650	A	A	1020.8	37	76	76	1020.8	0	0	0
6651	C	C	1125.34	37	78	78	0	1125.34	0	0
6652	A	A	1036.78	37	75	75	1036.78	0	0	0
6653	A	A	1055.1	37	76	76	1055.1	0	0	0
6654	A	A	1081.45	37	76	76	1081.45	0	0	0
6655	C	C	1052.51	37	74	73	0	1052.51	0	0
6656	A	A	1053.06	37	76	75	1053.06	0	0	0
6657	G	G	1114.37	37	77	77	0	0	1114.37	0
6658	C	C	1111.01	37	78	77	0	1111.01	0	0
6659	A	A	1072.6	37	79	79	1072.6	0	0	0
6660	A	A	1037.55	37	78	78	1037.55	0	0	0
6661	A	A	1044.18	37	79	79	1044.18	0	0	0
6662	G	G	1071.1	37	77	75	0	0	1071.1	0
6663	A	A	1054.84	37	80	80	1054.84	0	0	0
6664	T	T	1072.08	37	79	79	0	0	0	1072.08
6665	T	T	1011.92	37	74	74	0	0	0	1011.92
6666	A	A	989.322	37	72	72	989.322	0	0	0
6667	C	C	1036.69	37	73	72	0	1036.69	0	0
6668	C	C	1003.74	37	72	70	0	1003.74	0	0
6669	C	C	1030.96	37	74	72	0	1030.96	0	0
6670	C	C	1060.92	36.2249	76	74	0	1060.92	0	0
6671	T	T	1009.93	36.2249	76	76	0	0	0	1009.93
6672	C	C	1042.09	36.2155	75	73	0	1042.09	0	0
6673	C	C	985.319	36.2155	75	70	0	985.319	0	0
6674	T	T	1026.21	36.2155	75	75	0	0	0	1026.21
6675	A	A	1000.5	36.1959	73	73	1000.5	0	0	0
6676	C	C	1052.5	36.2249	76	74	0	1052.5	0	0
6677	C	C	1086.18	36.2432	78	76	0	1086.18	0	0
6678	T	T	1010.45	36.2249	76	76	0	0	0	1010.45
6679	T	T	1025.23	36.2249	76	76	0	0	0	1025.23
6680	T	T	1031.74	36.2342	77	77	0	0	0	1031.74
6681	T	T	1059.97	36.2432	78	78	0	0	0	1059.97
6682	G	G	1126.09	36.2432	78	78	0	0	1126.09	0
6683	C	C	1098.28	36.2342	77	76	0	1098.28	0	0
6684	A	A	1029.55	36.2155	75	75	1029.55	0	0	0
6685	T	T	1041.87	36.2058	74	74	0	0	0	1041.87
6686	A	A	1000.08	36.2058	74	74	1000.08	0	0	0
6687	A	A	998.994	36.1959	73	73	998.994	0	0	0
6688	T	T	1011.55	36.1959	73	73	0	0	0	1011.55
6689	G	G	1023.53	36.2058	74	72	0	0	1023.53	0
6690	A	A	1030.95	36.1959	73	73	1030.95	0	0	0
6691	G	G	1070.97	36.2155	75	74	0	0	1070.97	0
6692	T	T	1004.44	36.1959	73	73	0	0	0	1004.44
6693	T	T	1027.69	36.1959	73	73	0	0	0	1027.69
6694	A	A	1019.17	36.2058	74	74	1019.17	0	0	0
6695	G	G	1061.53	36.2155	75	74	0	0	1061.53	0
6696	C	C	1094.43	36.2342	77	76	0	1094.43	0	0
6697	C	C	1011.41	36.2342	77	72	0	1011.41	0	0
6698	A	A	1033.63	36.2342	77	77	1033.63	0	0	0
6699	G	G	1078.01	36.2249	76	75	0	0	1078.01	0
6700	A	A	975.015	36.1752	71	71	975.015	0	0	0
6701	A	A	955.235	36.1752	71	71	955.235	0	0	0
6702	A	A	933.713	36.1645	70	70	933.713	0	0	0
6703	T	T	981.643	36.1535	69	69	0	0	0	981.643
6704	A	A	949.285	36.1535	69	69	949.285	0	0	0
6705	G	G	920.057	36.1535	69	65	0	0	920.057	0
6706	C	C	940.744	35.4454	69	66	0	940.744	0	0
6707	C	C	950.473	35.4066	67	66	0	950.473	0	0
6708	T	T	920.911	35.4262	68	68	0	0	0	920.911
6709	A	A	960.561	35.4824	71	71	960.561	0	0	0
6710	A	A	949.084	35.4454	69	69	949.084	0	0	0
6711	C	C	951.194	35.4066	67	66	0	951.194	0	0
6712	A	A	906.291	35.3864	66	66	906.291	0	0	0
6713	A	A	951.663	35.4262	68	68	951.663	0	0	0
6714	A	A	944.72	35.4262	68	68	944.72	0	0	0
6715	G	G	935.054	35.4066	67	65	0	0	935.054	0
6716	A	A	928.582	35.4066	67	67	928.582	0	0	0
6717	G	G	983.229	35.4454	69	68	0	0	983.229	0
6718	A	A	951.171	35.4454	69	69	951.171	0	0	0
6719	A	A	975.967	36.1645	70	70	975.967	0	0	0
6720	C	C	1023.18	36.1752	71	71	0	1023.18	0	0
6721	T	T	947.786	36.1535	69	69	0	0	0	947.786
6722	T	T	977.233	36.1535	69	69	0	0	0	977.233
6723	A	A	938.68	36.1535	69	69	938.68	0	0	0
6724	A	A	908.43	36.1422	68	68	908.43	0	0	0
6725	G	G	937.185	36.1535	69	66	0	0	937.185	0
6726	C	C	919.8	36.1535	69	66	0	919.8	0	0
6727	T	T	939.326	36.1422	68	68	0	0	0	939.326
6728	A	A	880.432	36.1064	65	65	880.432	0	0	0
6729	G	G	879.248	36.0675	62	61	0	0	879.248	0
6730	G	G	817.712	36.0397	60	58	0	0	817.712	0
6731	T	T	858.166	36.0397	60	60	0	0	0	858.166
6732	C	C	881.794	36.0675	62	61	0	881.794	0	0
6733	C	C	893.852	36.0675	62	62	0	893.852	0	0
6734	C	C	829.155	36.0397	60	58	0	829.155	0	0
6735	C	C	834.894	36.0251	59	58	0	834.894	0	0
6736	C	C	785.139	35.9945	57	55	0	785.139	0	0
6737	G	G	807.295	35.9785	56	56	0	0	807.295	0
6738	A	A	811.043	36.01	58	58	811.043	0	0	0
6739	A	A	799.947	35.9785	56	56	799.947	0	0	0
6740	A	A	812.992	36.01	58	58	812.992	0	0	0
6741	C	C	807.178	35.9945	57	56	0	807.178	0	0
6742	C	C	797.646	35.9945	57	56	0	797.646	0	0
6743	A	A	785.7	35.9945	57	57	785.7	0	0	0
6744	G	G	819.818	35.9945	57	57	0	0	819.818	0
6745	A	A	733.538	35.962	55	55	733.538	0	0	0
6746	C	C	808.885	35.1787	57	56	0	808.885	0	0
6747	G	G	756.702	35.1787	57	54	0	0	756.702	0
6748	A	A	758.978	35.2044	58	58	758.978	0	0	0
6749	G	G	843.619	35.2294	59	59	0	0	843.619	0
6750	C	C	790.769	35.1249	55	55	0	790.769	0	0
6751	T	T	753.75	35.1522	56	56	0	0	0	753.75
6752	A	A	709.811	35.9091	52	52	709.811	0	0	0
6753	C	C	719.098	35.8902	51	50	0	719.098	0	0
6754	C	C	691.949	35.8504	49	48	0	691.949	0	0
6755	T	T	696.193	35.8707	50	50	0	0	0	696.193
6756	A	A	673.7	35.8707	50	50	673.7	0	0	0
6757	T	T	706.323	35.9091	52	52	0	0	0	706.323
6758	G	G	687.553	35.8707	50	48	0	0	687.553	0
6759	A	A	682.588	35.8294	48	48	682.588	0	0	0
6760	A	A	713.982	35.8707	50	50	713.982	0	0	0
6761	C	C	707.294	35.8902	51	50	0	707.294	0	0
6762	A	A	708.136	35.8707	50	50	708.136	0	0	0
6763	A	A	715.469	35.9091	52	52	715.469	0	0	0
6764	T	T	714.328	35.9091	52	52	0	0	0	714.328
6765	C	C	736.825	35.0379	52	51	0	736.825	0	0
6766	C	C	736.232	35.0379	52	51	0	736.232	0	0
6767	A	A	705.455	35.0379	52	52	705.455	0	0	0
6768	C	C	707.071	34.9752	50	49	0	707.071	0	0
6769	T	T	683.775	34.2735	51	51	0	0	0	683.775
6770	G	G	696.513	33.778	54	50	0	0	696.513	0
6771	G	G	833.877	33.4205	58	58	0	0	833.877	0
6772	G	G	756.512	32.9583	58	54	0	0	756.512	0
6773	A	A	763.518	32.9124	57	57	763.518	0	0	0
6774	T	T	745.544	32.8654	56	56	0	0	0	745.544
6775	G	G	747.139	32.2854	53	52	0	0	747.139	0
6776	A	A	735.154	31.8927	53	53	735.154	0	0	0
6777	A	A	746.272	31.9487	54	54	746.272	0	0	0
6778	C	C	769.758	31.3752	56	54	0	769.758	0	0
6779	T	T	750.268	31.3752	56	56	0	0	0	750.268
6780	C	C	788.81	31.3752	56	55	0	788.81	0	0
6781	A	T	749.994	31.3182	55	55	0	0	0	749.994
6782	T	T	769.512	31.4309	57	57	0	0	0	769.512
6783	C	C	807.745	31.4309	57	56	0	807.745	0	0
6784	T	T	784.882	31.3752	56	56	0	0	0	784.882
6785	A	A	750.403	31.2002	53	53	750.403	0	0	0
6786	T	T	756.625	31.2599	54	54	0	0	0	756.625
6787	G	G	809.503	31.3752	56	56	0	0	809.503	0
6788	T	T	776.975	31.3752	56	56	0	0	0	776.975
6789	C	C	779.887	31.2599	54	54	0	779.887	0	0
6790	G	G	808.987	31.3752	56	56	0	0	808.987	0
6791	C	C	749.679	31.3182	55	53	0	749.679	0	0
6792	A	A	756.866	31.3752	56	56	756.866	0	0	0
6793	A	A	763.215	31.4309	57	57	763.215	0	0	0
6794	A	A	783.106	31.4853	58	58	783.106	0	0	0
6795	A	A	798.126	31.5907	60	60	798.126	0	0	0
6796	T	T	782.786	31.8094	58	58	0	0	0	782.786
6797	A	A	754.681	31.6473	55	55	754.681	0	0	0
6798	G	G	776.647	31.6473	55	54	0	0	776.647	0
6799	T	T	769.553	31.7026	56	56	0	0	0	769.553
6800	G	G	821.658	31.8094	58	57	0	0	821.658	0
6801	A	A	852.14	32.0093	62	62	852.14	0	0	0
6802	G	G	866.172	32.6346	60	60	0	0	866.172	0
6803	A	A	836.69	32.6346	60	60	836.69	0	0	0
6804	A	A	845.158	32.3056	61	61	845.158	0	0	0
6805	G	G	867.278	32.3977	63	61	0	0	867.278	0
6806	A	A	825.914	32.3977	63	63	825.914	0	0	0
6807	T	T	844.857	32.3056	61	61	0	0	0	844.857
6808	T	T	844.561	32.3056	61	61	0	0	0	844.561
6809	T	A	773.927	32.2094	59	59	773.927	0	0	0
6810	A	A	745.888	31.9487	54	54	745.888	0	0	0
6811	T	T	750.099	31.8354	52	52	0	0	0	750.099
6812	A	A	746.55	31.8927	53	53	746.55	0	0	0
6813	G	G	750.192	32.2304	52	52	0	0	750.192	0
6814	G	G	748.66	32.2854	53	52	0	0	748.66	0
6815	T	T	740.635	32.2854	53	53	0	0	0	740.635
6816	A	A	728.544	32.3389	54	54	728.544	0	0	0
6817	G	G	760.031	32.492	57	54	0	0	760.031	0
6818	A	A	736.031	32.5407	58	58	736.031	0	0	0
6819	G	G	828.706	33.462	59	58	0	0	828.706	0
6820	G	G	832.183	33.5807	62	59	0	0	832.183	0
6821	T	T	780.27	34.6774	63	63	0	0	0	780.27
6822	G	G	874.868	34.6188	61	61	0	0	874.868	0
6823	A	A	789.671	36.01	58	58	789.671	0	0	0
6824	A	A	787.057	36.01	58	58	787.057	0	0	0
6825	A	A	777.742	35.9785	56	56	777.742	0	0	0
6826	A	A	792.929	35.9945	57	57	792.929	0	0	0
6827	G	G	798.98	36.0251	59	56	0	0	798.98	0
6828	C	C	762.886	35.9945	57	54	0	762.886	0	0
6829	C	C	758.241	35.9945	57	54	0	758.241	0	0
6830	T	T	799.671	36.0397	60	60	0	0	0	799.671
6831	A	A	818.373	36.0397	60	60	818.373	0	0	0
6832	A	A	815.595	36.0397	60	60	815.595	0	0	0
6833	C	C	815.033	36.0251	59	57	0	815.033	0	0
6834	G	G	850.773	36.0251	59	59	0	0	850.773	0
6835	A	A	821.389	36.0397	60	60	821.389	0	0	0
6836	G	G	848.221	36.0397	60	59	0	0	848.221	0
6837	C	C	792.517	36.0251	59	56	0	792.517	0	0
6838	C	C	737.776	36.0251	59	54	0	737.776	0	0
6839	T	T	802.467	35.9945	57	57	0	0	0	802.467
6840	G	G	748.778	35.962	55	53	0	0	748.778	0
6841	G	G	769.162	35.962	55	54	0	0	769.162	0
6842	T	T	794.16	35.962	55	55	0	0	0	794.16
6843	G	G	807.688	35.9785	56	56	0	0	807.688	0
6844	A	A	737.457	35.9785	56	56	737.457	0	0	0
6845	T	T	757.442	37	53	53	0	0	0	757.442
6846	A	A	797.31	37	58	58	797.31	0	0	0
6847	G	G	767.344	37	57	54	0	0	767.344	0
6848	C	C	848.853	37	63	60	0	848.853	0	0
6849	T	T	761.935	37	60	60	0	0	0	761.935
6850	G	G	913.085	37	63	63	0	0	913.085	0
6851	G	G	912.867	37	63	63	0	0	912.867	0
6852	T	T	850.486	37	65	65	0	0	0	850.486
6853	T	T	896.303	37	65	65	0	0	0	896.303
6854	G	G	784.987	37	64	58	0	0	784.987	0
6855	C	C	880.274	37	64	62	0	880.274	0	0
6856	C	C	912.307	37	67	65	0	912.307	0	0
6857	C	C	874.264	37	67	63	0	874.264	0	0
6858	A	A	903.383	37	66	66	903.383	0	0	0
6859	G	G	918.549	37	65	64	0	0	918.549	0
6860	A	A	859.125	37	62	62	859.125	0	0	0
6861	A	A	852.577	37	62	62	852.577	0	0	0
6862	T	T	875.161	37	62	62	0	0	0	875.161
6863	A	A	838.84	37	63	63	838.84	0	0	0
6864	G	G	839.253	37	61	59	0	0	839.253	0
6865	A	A	801.483	37	60	60	801.483	0	0	0
6866	A	A	785.446	37	58	58	785.446	0	0	0
6867	T	T	785.808	37	56	56	0	0	0	785.808
6868	T	T	786.578	37	55	55	0	0	0	786.578
6869	T	T	763.25	37	54	54	0	0	0	763.25
6870	T	T	762.412	37	54	54	0	0	0	762.412
6871	A	A	742.835	37	55	55	742.835	0	0	0
6872	G	G	750.045	37	56	53	0	0	750.045	0
6873	T	T	777.133	37	56	56	0	0	0	777.133
6874	T	T	757.62	37	54	54	0	0	0	757.62
6875	C	C	748.536	35.962	55	53	0	748.536	0	0
6876	A	A	688.062	35.9273	53	53	688.062	0	0	0
6877	A	A	676.995	35.9273	53	53	676.995	0	0	0
6878	C	C	703.552	35.9091	52	50	0	703.552	0	0
6879	T	T	692.496	35.9091	52	52	0	0	0	692.496
6880	T	T	688.826	35.9091	52	52	0	0	0	688.826
6881	T	T	681.069	35.9273	53	53	0	0	0	681.069
6882	A	A	732.183	35.0968	54	54	732.183	0	0	0
6883	A	A	724.027	35.0968	54	54	724.027	0	0	0
6884	A	A	727.734	35.0968	54	54	727.734	0	0	0
6885	C	C	746.252	34.3506	53	52	0	746.252	0	0
6886	T	T	711.344	34.3506	53	53	0	0	0	711.344
6887	T	T	725.434	33.7353	53	53	0	0	0	725.434
6888	G	G	752.462	33.6913	52	52	0	0	752.462	0
6889	C	C	726.104	33.7353	53	51	0	726.104	0	0
6890	C	C	778.401	33.2435	54	54	0	778.401	0	0
6891	T	G	690.605	33.1964	53	50	0	0	690.605	0
6892	A	A	732.896	33.1964	53	53	732.896	0	0	0
6893	C	C	735.277	33.1479	52	51	0	735.277	0	0
6894	A	A	759.067	32.0033	55	54	759.067	0	0	0
6895	A	A	747.908	31.9487	54	54	747.908	0	0	0
6896	A	A	703.305	31.8354	52	52	703.305	0	0	0
6897	A	A	700.364	31.5327	53	53	700.364	0	0	0
6898	C	C	764.832	31.5907	54	53	0	764.832	0	0
6899	T	T	781.026	31.3752	56	56	0	0	0	781.026
6900	T	T	755.772	31.3752	56	56	0	0	0	755.772
6901	A	A	746.384	31.5907	54	54	746.384	0	0	0
6902	A	A	749.822	31.5327	53	53	749.822	0	0	0
6903	A	A	756.056	31.6473	55	55	756.056	0	0	0
6904	A	A	762.456	31.6473	55	55	762.456	0	0	0
6905	A	A	784.635	31.1278	57	57	784.635	0	0	0
6906	T	T	762.637	31.0707	56	56	0	0	0	762.637
6907	T	T	785.934	30.3242	61	61	0	0	0	785.934
6908	C	C	833.72	30.1513	58	58	0	833.72	0	0
6909	T	T	805.802	30.1587	62	62	0	0	0	805.802
6910	A	A	853.711	30.1026	61	61	853.711	0	0	0
6911	A	A	830.593	30.1026	61	61	830.593	0	0	0
6912	T	T	862.879	30.0044	63	63	0	0	0	862.879
6913	G	G	845.075	29.8919	61	59	0	0	845.075	0
6914	C	C	881.411	29.8919	61	61	0	881.411	0	0
6915	A	A	795.512	29.6323	60	60	795.512	0	0	0
6916	A	A	776.809	29.4495	57	57	776.809	0	0	0
6917	G	G	819.706	29.2551	57	57	0	0	819.706	0
6918	T	T	799.358	29.069	57	57	0	0	0	799.358
6919	T	T	798.682	28.8905	57	57	0	0	0	798.682
6920	T	T	759.51	28.5867	55	55	0	0	0	759.51
6921	A	A	767.127	28.5867	55	55	767.127	0	0	0
6922	A	A	792.546	28.1753	56	56	792.546	0	0	0
6923	A	A	801.168	28.0269	56	56	801.168	0	0	0
6924	A	A	785.795	28.0269	56	56	785.795	0	0	0
6925	T	T	773.091	27.9585	55	55	0	0	0	773.091
6926	A	T	774.915	27.9585	55	55	0	0	0	774.915
6927	T	T	785.719	27.9585	55	55	0	0	0	785.719
6928	A	A	759.846	28.0269	56	56	759.846	0	0	0
6929	T	T	771.364	27.8887	54	54	0	0	0	771.364
6930	T	T	763.089	27.7446	54	54	0	0	0	763.089
6931	C	C	749.416	27.8174	53	52	0	749.416	0	0
6932	T	T	759.676	27.8147	55	55	0	0	0	759.676
6933	A	A	715.648	27.673	53	53	715.648	0	0	0
6934	A	A	746.478	27.5407	55	55	746.478	0	0	0
6935	A	A	763.421	27.4099	55	55	763.421	0	0	0
6936	A	C	775.032	27.4099	55	54	0	775.032	0	0
6937	A	A	739.544	27.3389	54	54	739.544	0	0	0
6938	G	G	678.965	27.2664	53	49	0	0	678.965	0
6939	G	G	747.942	27.2664	53	52	0	0	747.942	0
6940	T	T	749.239	27.2664	53	53	0	0	0	749.239
6941	A	A	707.061	27.308	50	50	707.061	0	0	0
6942	C	C	736.337	27.3847	51	51	0	736.337	0	0
6943	A	A	735.657	27.4597	52	52	735.657	0	0	0
6944	G	G	749.928	27.5332	53	52	0	0	749.928	0
6945	C	C	729.919	27.3977	53	51	0	729.919	0	0
6946	T	T	721.201	27.4597	52	52	0	0	0	721.201
6947	T	T	735.025	27.5332	53	53	0	0	0	735.025
6948	T	T	736.114	27.4597	52	52	0	0	0	736.114
6949	T	T	748.777	27.5332	53	53	0	0	0	748.777
6950	T	A	707.777	27.5998	52	52	707.777	0	0	0
6951	A	A	691.27	27.7446	52	52	691.27	0	0	0
6952	G	G	706.403	28.1538	49	49	0	0	706.403	0
6953	A	A	675.619	28.23	50	50	675.619	0	0	0
6954	A	A	719.102	28.6219	53	53	719.102	0	0	0
6955	T	T	727.226	28.759	55	55	0	0	0	727.226
6956	C	C	713.219	29.1257	55	51	0	713.219	0	0
6957	A	A	738.279	29.2551	54	54	738.279	0	0	0
6958	A	A	719.714	29.3936	53	53	719.714	0	0	0
6959	G	G	704.093	29.5261	55	51	0	0	704.093	0
6960	G	G	758.621	29.5261	55	53	0	0	758.621	0
6961	A	A	725.099	29.8379	53	53	725.099	0	0	0
6962	T	T	750.559	30.03	56	56	0	0	0	750.559
6963	A	A	738.947	30.3963	54	54	738.947	0	0	0
6964	C	C	784.284	30.8446	57	55	0	784.284	0	0
6965	A	A	771.951	30.7862	56	56	771.951	0	0	0
6966	A	A	740.114	30.7862	56	56	740.114	0	0	0
6967	C	C	776.387	30.9017	58	55	0	776.387	0	0
6968	C	C	770.314	30.6369	58	55	0	770.314	0	0
6969	T	T	776.73	30.5193	56	56	0	0	0	776.73
6970	T	T	779.48	30.6369	58	58	0	0	0	779.48
6971	A	A	770.077	30.4585	55	55	770.077	0	0	0
6972	C	C	712.813	30.6656	54	51	0	712.813	0	0
6973	T	G	712.366	30.6031	53	51	0	0	712.366	0
6974	T	T	760.019	30.7862	56	56	0	0	0	760.019
6975	A	A	776.808	31.0123	55	55	776.808	0	0	0
6976	G	G	776.765	31.0123	55	54	0	0	776.765	0
6977	A	A	838.023	31.5386	59	59	838.023	0	0	0
6978	G	G	852.684	31.5386	59	59	0	0	852.684	0
6979	A	A	844.873	31.9116	60	60	844.873	0	0	0
6980	G	G	879.561	31.961	61	61	0	0	879.561	0
6981	T	T	812.359	32.3056	61	61	0	0	0	812.359
6982	A	A	841.19	32.3056	61	61	841.19	0	0	0
6983	A	A	874.764	32.4422	64	64	874.764	0	0	0
6984	A	A	868.533	33.1723	63	63	868.533	0	0	0
6985	T	T	844.641	33.0897	61	61	0	0	0	844.641
6986	A	A	830.189	33.462	59	59	830.189	0	0	0
6987	C	C	850.486	33.5807	62	60	0	850.486	0	0
6988	T	T	867.29	33.6185	63	63	0	0	0	867.29
6989	G	G	892.3	33.6185	63	62	0	0	892.3	0
6990	A	A	824.167	34.0472	61	61	824.167	0	0	0
6991	T	T	847.478	34.0472	61	61	0	0	0	847.478
6992	T	T	844.884	34.5884	60	60	0	0	0	844.884
6993	A	A	810.265	34.6188	61	61	810.265	0	0	0
6994	A	A	841.812	34.7056	64	64	841.812	0	0	0
6995	A	A	814.583	36.0251	59	59	814.583	0	0	0
6996	T	T	808.467	36.0251	59	59	0	0	0	808.467
6997	C	C	837.465	36.01	58	58	0	837.465	0	0
6998	A	A	760.533	35.9785	56	56	760.533	0	0	0
6999	T	T	798.319	36.01	58	58	0	0	0	798.319
7000	A	A	773.417	36.01	58	58	773.417	0	0	0
7001	G	G	775.878	35.962	55	54	0	0	775.878	0
7002	T	T	776.268	35.9945	57	57	0	0	0	776.268
7003	A	A	760.637	35.9785	56	56	760.637	0	0	0
7004	G	G	805.202	35.9785	56	56	0	0	805.202	0
7005	G	G	782.877	35.1522	56	55	0	0	782.877	0
7006	C	C	762.374	35.1522	56	54	0	762.374	0	0
7007	C	C	758.806	35.1249	55	53	0	758.806	0	0
7008	T	T	751.178	35.0968	54	54	0	0	0	751.178
7009	A	A	788.155	35.2044	58	58	788.155	0	0	0
7010	G	G	790.399	35.1522	56	55	0	0	790.399	0
7011	A	A	769.131	35.1787	57	57	769.131	0	0	0
7012	A	A	782.205	36.01	58	58	782.205	0	0	0
7013	G	G	846.545	36.0251	59	59	0	0	846.545	0
7014	C	C	817.085	36.0251	59	57	0	817.085	0	0
7015	A	A	775.658	35.9945	57	57	775.658	0	0	0
7016	G	G	769.798	36.01	58	55	0	0	769.798	0
7017	C	C	834.383	36.01	58	58	0	834.383	0	0
7018	C	C	806.103	35.9785	56	56	0	806.103	0	0
7019	A	A	772.179	35.962	55	55	772.179	0	0	0
7020	T	T	775.105	35.9945	57	57	0	0	0	775.105
7021	C	C	767.95	35.9945	57	54	0	767.95	0	0
7022	A	A	753.997	35.9785	56	56	753.997	0	0	0
7023	A	A	773.585	35.9945	57	57	773.585	0	0	0
7024	T	T	779.297	35.9785	56	56	0	0	0	779.297
7025	T	T	736.288	35.9091	52	52	0	0	0	736.288
7026	A	A	738.667	35.9273	53	53	738.667	0	0	0
7027	A	A	764.824	35.945	54	54	764.824	0	0	0
7028	G	G	794.558	35.9785	56	55	0	0	794.558	0
7029	A	A	786.044	37	57	57	786.044	0	0	0
7030	A	A	771.812	37	56	56	771.812	0	0	0
7031	A	A	768.583	37	57	57	768.583	0	0	0
7032	G	G	749.856	37	58	54	0	0	749.856	0
7033	C	C	800.694	37	58	56	0	800.694	0	0
7034	G	G	817.811	37	57	57	0	0	817.811	0
7035	T	T	781.365	37	58	58	0	0	0	781.365
7036	T	T	764.365	37	56	56	0	0	0	764.365
7037	T	T	722.356	37	52	52	0	0	0	722.356
7038	A	A	667.33	37	49	49	667.33	0	0	0
7039	A	A	691.589	37	52	52	691.589	0	0	0
7040	G	G	705.174	37	49	49	0	0	705.174	0
7041	C	C	672.55	37	49	47	0	672.55	0	0
7042	T	T	660.522	37	48	48	0	0	0	660.522
7043	C	C	675.705	37	50	48	0	675.705	0	0
7044	A	A	655.612	37	48	48	655.612	0	0	0
7045	A	A	681.736	37	51	51	681.736	0	0	0
7046	C	C	658.813	37	51	47	0	658.813	0	0
7047	A	A	704.966	35.9091	52	52	704.966	0	0	0
7048	C	C	701.464	35.8707	50	49	0	701.464	0	0
7049	C	C	657.243	35.9091	52	48	0	657.243	0	0
7050	C	C	731.563	35.9091	52	51	0	731.563	0	0
7051	A	A	756.76	35.9273	53	53	756.76	0	0	0
7052	T	T	730.467	35.1249	55	55	0	0	0	730.467
7053	A	A	793.132	35.1522	56	56	793.132	0	0	0
7054	C	C	725.634	34.4921	57	52	0	725.634	0	0
7055	C	C	804.281	34.4921	57	56	0	804.281	0	0
7056	A	A	784.234	34.5251	58	58	784.234	0	0	0
7057	A	A	761.256	34.4921	57	57	761.256	0	0	0
7058	C	C	801.536	34.5251	58	56	0	801.536	0	0
7059	C	C	829.459	34.0116	60	58	0	829.459	0	0
7060	T	T	829.806	34.1488	64	64	0	0	0	829.806
7061	G	G	890.874	34.1157	63	62	0	0	890.874	0
7062	A	A	850.236	34.0472	61	61	850.236	0	0	0
7063	T	T	811.445	34.1157	63	63	0	0	0	811.445
7064	A	A	876.544	34.1488	64	64	876.544	0	0	0
7065	C	C	859.627	34.6485	62	60	0	859.627	0	0
7066	C	C	906.469	34.7056	64	63	0	906.469	0	0
7067	A	A	914.765	34.7331	65	65	914.765	0	0	0
7068	A	A	950.662	34.7862	67	67	950.662	0	0	0
7069	A	A	970.753	34.2735	68	68	970.753	0	0	0
7070	A	A	992.675	34.3599	71	71	992.675	0	0	0
7071	A	C	1002.42	34.3875	72	70	0	1002.42	0	0
7072	T	T	962.181	34.3599	71	71	0	0	0	962.181
7073	A	A	967.927	34.3875	72	72	967.927	0	0	0
7074	T	T	994.814	34.3875	72	72	0	0	0	994.814
7075	C	C	1035.33	34.4145	73	72	0	1035.33	0	0
7076	C	C	1000.43	34.4409	74	71	0	1000.43	0	0
7077	A	A	1005.39	34.4145	73	73	1005.39	0	0	0
7078	A	A	1011.95	34.9534	74	74	1011.95	0	0	0
7079	T	T	995.102	34.9534	74	74	0	0	0	995.102
7080	T	T	1028.61	34.9534	74	74	0	0	0	1028.61
7081	A	A	962.885	34.9083	72	72	962.885	0	0	0
7082	A	A	967.788	34.8612	70	70	967.788	0	0	0
7083	C	C	968.576	34.8612	70	68	0	968.576	0	0
7084	T	T	940.014	35.4262	68	68	0	0	0	940.014
7085	C	C	1008.34	35.4641	70	70	0	1008.34	0	0
7086	C	C	943.73	35.5002	72	68	0	943.73	0	0
7087	T	T	1008.97	35.5675	76	76	0	0	0	1008.97
7088	A	A	1017.45	35.5512	75	75	1017.45	0	0	0
7089	A	A	1002.69	35.5002	72	72	1002.69	0	0	0
7090	T	T	985.063	35.4824	71	71	0	0	0	985.063
7091	A	A	1022.41	35.5176	73	73	1022.41	0	0	0
7092	T	T	1003.31	36.1752	71	71	0	0	0	1003.31
7093	A	A	1003.87	36.1752	71	71	1003.87	0	0	0
7094	A	A	990.409	36.1645	70	70	990.409	0	0	0
7095	T	T	998.012	36.1752	71	71	0	0	0	998.012
7096	A	A	964.894	36.1645	70	70	964.894	0	0	0
7097	A	A	981.569	36.1645	70	70	981.569	0	0	0
7098	C	C	998.517	36.1645	70	69	0	998.517	0	0
7099	T	T	998.643	36.1857	72	72	0	0	0	998.643
7100	G	G	998.826	36.1535	69	69	0	0	998.826	0
7101	G	G	996.073	36.1645	70	69	0	0	996.073	0
7102	G	G	972.795	36.1645	70	68	0	0	972.795	0
7103	C	C	1034.51	36.2058	74	72	0	1034.51	0	0
7104	T	T	1022.02	36.2058	74	74	0	0	0	1022.02
7105	A	A	986.506	37	72	72	986.506	0	0	0
7106	A	A	993.295	37	74	74	993.295	0	0	0
7107	T	T	944.785	37	70	70	0	0	0	944.785
7108	C	C	997.229	37	69	69	0	997.229	0	0
7109	T	T	956.383	37	68	68	0	0	0	956.383
7110	A	A	979.052	37	71	71	979.052	0	0	0
7111	T	T	970.923	37	70	70	0	0	0	970.923
7112	T	T	976.506	37	71	71	0	0	0	976.506
7113	T	T	977.335	37	72	72	0	0	0	977.335
7114	A	A	914.856	37	71	71	914.856	0	0	0
7115	A	A	886.982	37	69	69	886.982	0	0	0
7116	A	A	888.29	37	66	66	888.29	0	0	0
7117	T	T	894.514	37	66	66	0	0	0	894.514
7118	A	A	901.294	37	67	67	901.294	0	0	0
7119	T	T	865.669	37	63	63	0	0	0	865.669
7120	A	A	915.525	37	66	66	915.525	0	0	0
7121	G	G	905.174	37	65	63	0	0	905.174	0
7122	A	A	878.763	37	65	65	878.763	0	0	0
7123	A	A	860.024	37	64	64	860.024	0	0	0
7124	G	G	819.95	37	67	60	0	0	819.95	0
7125	C	C	936.624	37	66	65	0	936.624	0	0
7126	A	A	847.319	37	65	65	847.319	0	0	0
7127	A	A	829.2	37	62	62	829.2	0	0	0
7128	C	C	852.302	37	60	59	0	852.302	0	0
7129	A	A	820.162	37	60	60	820.162	0	0	0
7130	A	A	832.954	37	61	61	832.954	0	0	0
7131	T	T	828.518	37	62	62	0	0	0	828.518
7132	G	G	862.499	37	63	61	0	0	862.499	0
7133	C	C	882.44	37	64	62	0	882.44	0	0
7134	T	T	846.328	37	64	64	0	0	0	846.328
7135	A	A	894.41	37	64	64	894.41	0	0	0
7136	A	A	927.077	37	67	67	927.077	0	0	0
7137	T	T	896.663	37	67	67	0	0	0	896.663
7138	A	A	897.891	37	65	65	897.891	0	0	0
7139	T	T	909.065	37	66	66	0	0	0	909.065
7140	G	G	880.098	37	65	62	0	0	880.098	0
7141	A	A	883.399	37	65	65	883.399	0	0	0
7142	G	G	871.195	37	64	61	0	0	871.195	0
7143	T	T	860.395	37	60	60	0	0	0	860.395
7144	A	A	816.037	37	60	60	816.037	0	0	0
7145	A	A	803.343	37	60	60	803.343	0	0	0
7146	C	C	866.685	37	60	60	0	866.685	0	0
7147	G	G	775.383	37	61	56	0	0	775.383	0
7148	A	A	830.136	37	61	61	830.136	0	0	0
7149	G	G	827.255	37	59	58	0	0	827.255	0
7150	A	A	829.113	37	60	60	829.113	0	0	0
7151	A	A	835.521	37	60	60	835.521	0	0	0
7152	G	G	831.117	37	60	58	0	0	831.117	0
7153	T	T	822.79	37	60	59	0	0	0	822.79
7154	A	A	830.082	37	61	61	830.082	0	0	0
7155	C	C	838.299	37	58	58	0	838.299	0	0
7156	T	T	834.051	37	60	60	0	0	0	834.051
7157	T	T	810.018	37	59	59	0	0	0	810.018
7158	C	C	817.328	37	59	57	0	817.328	0	0
7159	T	T	827.082	37	60	60	0	0	0	827.082
7160	C	C	815.742	37	59	57	0	815.742	0	0
7161	C	C	791.193	37	56	55	0	791.193	0	0
7162	A	A	798.139	37	59	59	798.139	0	0	0
7163	A	A	809.309	37	59	59	809.309	0	0	0
7164	C	C	820.602	37	61	58	0	820.602	0	0
7165	G	G	886.923	36.0809	63	62	0	0	886.923	0
7166	C	C	905.006	36.0809	63	63	0	905.006	0	0
7167	A	A	828.781	36.0251	59	59	828.781	0	0	0
7168	T	T	818.443	36.0538	61	61	0	0	0	818.443
7169	A	A	858.383	36.0675	62	62	858.383	0	0	0
7170	A	A	829.776	36.0538	61	61	829.776	0	0	0
7171	G	G	788.328	36.0397	60	56	0	0	788.328	0
7172	C	C	842.064	36.0538	61	59	0	842.064	0	0
7173	T	T	832.025	36.0251	59	59	0	0	0	832.025
7174	T	T	822.581	35.9945	57	57	0	0	0	822.581
7175	A	A	756.814	35.962	55	55	756.814	0	0	0
7176	T	T	786.932	35.962	55	55	0	0	0	786.932
7177	A	A	750.087	35.962	55	55	750.087	0	0	0
7178	A	A	764.954	35.962	55	55	764.954	0	0	0
7179	C	C	714.523	35.945	54	51	0	714.523	0	0
7180	A	A	786.582	35.9785	56	56	786.582	0	0	0
7181	G	G	763.136	35.9785	56	54	0	0	763.136	0
7182	C	C	806.997	35.9785	56	56	0	806.997	0	0
7183	A	A	775.517	35.9945	57	57	775.517	0	0	0
7184	A	A	759.552	35.9945	57	57	759.552	0	0	0
7185	C	C	821.283	35.9945	57	57	0	821.283	0	0
7186	G	G	712.152	36.01	58	52	0	0	712.152	0
7187	G	G	859.585	36.0675	62	60	0	0	859.585	0
7188	A	A	860.155	37	62	62	860.155	0	0	0
7189	T	T	782.876	37	60	60	0	0	0	782.876
7190	A	A	879.502	37	62	62	879.502	0	0	0
7191	A	A	901.615	37	63	63	901.615	0	0	0
7192	C	C	891.641	37	63	62	0	891.641	0	0
7193	C	C	901.372	37	65	63	0	901.372	0	0
7194	A	A	922.597	37	66	66	922.597	0	0	0
7195	C	C	897.481	37	68	64	0	897.481	0	0
7196	T	T	947.134	37	70	70	0	0	0	947.134
7197	G	G	982.312	37	68	68	0	0	982.312	0
7198	A	A	975.424	37	70	70	975.424	0	0	0
7199	T	T	958.325	37	71	71	0	0	0	958.325
7200	A	A	991.694	37	74	74	991.694	0	0	0
7201	G	G	966.562	37	71	68	0	0	966.562	0
7202	T	T	967.477	37	71	71	0	0	0	967.477
7203	T	T	986.837	37	72	72	0	0	0	986.837
7204	A	A	986.62	37	71	71	986.62	0	0	0
7205	A	A	983.048	37	71	71	983.048	0	0	0
7206	C	C	923.468	37	70	66	0	923.468	0	0
7207	A	A	977.448	37	71	71	977.448	0	0	0
7208	A	A	1015.9	37	73	73	1015.9	0	0	0
7209	C	C	1024.36	37	72	71	0	1024.36	0	0
7210	A	A	1027.45	37	72	72	1027.45	0	0	0
7211	A	A	1011.43	37	72	72	1011.43	0	0	0
7212	C	C	1023.12	37	72	71	0	1023.12	0	0
7213	G	G	1041.53	37	73	72	0	0	1041.53	0
7214	T	T	1029.52	37	75	75	0	0	0	1029.52
7215	A	A	1061.44	37	76	76	1061.44	0	0	0
7216	G	G	1053.96	37	74	73	0	0	1053.96	0
7217	A	A	1020	37	74	74	1020	0	0	0
7218	A	A	1037.98	37	77	77	1037.98	0	0	0
7219	A	A	1039.66	37	77	77	1039.66	0	0	0
7220	T	T	1052.57	37	75	75	0	0	0	1052.57
7221	A	A	1021.36	37	75	75	1021.36	0	0	0
7222	A	A	978.425	37	73	73	978.425	0	0	0
7223	T	T	1001.14	36.1857	72	72	0	0	0	1001.14
7224	C	C	1041.67	36.1857	72	72	0	1041.67	0	0
7225	C	C	995.797	36.1645	70	69	0	995.797	0	0
7226	A	A	892.211	36.1535	69	69	892.211	0	0	0
7227	A	A	888.617	35.4066	67	67	888.617	0	0	0
7228	C	C	915.149	35.4066	67	64	0	915.149	0	0
7229	A	A	885.913	35.3657	65	65	885.913	0	0	0
7230	A	A	872.429	35.3003	62	62	872.429	0	0	0
7231	T	T	850.033	35.3003	62	62	0	0	0	850.033
7232	A	A	846.064	35.3003	62	62	846.064	0	0	0
7233	A	A	848.656	35.3227	63	63	848.656	0	0	0
7234	A	A	845.419	35.3227	63	63	845.419	0	0	0
7235	A	A	834.526	34.6774	63	63	834.526	0	0	0
7236	C	C	852.892	34.5572	59	59	0	852.892	0	0
7237	A	A	791.932	33.9378	58	58	791.932	0	0	0
7238	C	C	793.509	33.9378	58	56	0	793.509	0	0
7239	C	C	791.149	33.9378	58	56	0	791.149	0	0
7240	T	T	808.086	33.9752	59	59	0	0	0	808.086
7241	A	A	814.182	34.0472	61	61	814.182	0	0	0
7242	C	A	830.837	34.0472	61	61	830.837	0	0	0
7243	C	C	847.045	33.9752	59	59	0	847.045	0	0
7244	A	A	819.046	34.0472	61	61	819.046	0	0	0
7245	A	A	863.025	34.1157	63	63	863.025	0	0	0
7246	A	A	846.891	34.0819	62	62	846.891	0	0	0
7247	C	C	892.95	34.0819	62	62	0	892.95	0	0
7248	C	C	834.227	33.9752	59	58	0	834.227	0	0
7249	A	A	816.115	33.9752	59	59	816.115	0	0	0
7250	A	A	848.893	33.5807	62	62	848.893	0	0	0
7251	T	T	846.972	33.5807	62	62	0	0	0	846.972
7252	T	T	858.033	33.6553	64	64	0	0	0	858.033
7253	G	G	937.253	33.6913	65	65	0	0	937.253	0
7254	T	T	858.443	33.7266	66	66	0	0	0	858.443
7255	T	T	881.579	33.761	67	67	0	0	0	881.579
7256	A	A	894.179	33.2895	66	66	894.179	0	0	0
7257	A	A	896.458	33.3269	67	67	896.458	0	0	0
7258	T	T	900.889	33.2895	66	66	0	0	0	900.889
7259	C	C	897.699	33.2513	65	63	0	897.699	0	0
7260	C	C	925.623	32.8924	66	65	0	925.623	0	0
7261	A	A	902.316	32.7677	63	63	902.316	0	0	0
7262	A	A	910.581	32.7677	63	63	910.581	0	0	0
7263	C	C	861.988	32.8517	65	62	0	861.988	0	0
7264	A	C	932.045	32.5705	67	65	0	932.045	0	0
7265	C	C	1000.71	32.7677	72	70	0	1000.71	0	0
7266	A	A	1019.39	32.7298	71	71	1019.39	0	0	0
7267	G	G	1055.92	32.8049	73	73	0	0	1055.92	0
7268	G	G	1055.49	32.8049	73	73	0	0	1055.49	0
7269	C	C	960.642	32.8414	74	69	0	960.642	0	0
7270	A	A	1060.52	32.9124	76	76	1060.52	0	0	0
7271	T	T	1084.13	33.1107	82	82	0	0	0	1084.13
7272	G	G	1099.41	33.3531	79	77	0	0	1099.41	0
7273	C	C	1103.6	33.7208	79	77	0	1103.6	0	0
7274	G	G	1125.59	33.7208	79	78	0	0	1125.59	0
7275	A	A	1095.69	33.778	81	81	1095.69	0	0	0
7276	C	C	1142.9	34.1488	80	79	0	1142.9	0	0
7277	T	T	1112.59	34.1488	80	80	0	0	0	1112.59
7278	A	A	1041.8	34.5169	77	77	1041.8	0	0	0
7279	A	A	1028.57	35.0175	77	77	1028.57	0	0	0
7280	G	G	1069.7	34.9966	76	75	0	0	1069.7	0
7281	G	G	1036.14	34.9752	75	73	0	0	1036.14	0
7282	A	A	1022.54	34.9966	76	76	1022.54	0	0	0
7283	A	A	1002.15	35.5346	74	74	1002.15	0	0	0
7284	A	A	972.938	36.1752	71	71	972.938	0	0	0
7285	G	G	1010.66	36.1645	70	70	0	0	1010.66	0
7286	A	A	1002.72	36.1857	72	72	1002.72	0	0	0
7287	T	T	1008.16	36.1959	73	73	0	0	0	1008.16
7288	T	T	1009.13	36.2155	75	75	0	0	0	1009.13
7289	A	A	1010.59	36.1857	72	72	1010.59	0	0	0
7290	A	A	983.072	36.1752	71	71	983.072	0	0	0
7291	A	A	950.6	36.1752	71	71	950.6	0	0	0
7292	A	A	950.516	37	71	71	950.516	0	0	0
7293	G	G	1006.77	37	70	70	0	0	1006.77	0
7294	A	A	900.373	37	70	70	900.373	0	0	0
7295	A	A	898.697	37	69	69	898.697	0	0	0
7296	G	G	962.779	37	67	67	0	0	962.779	0
7297	T	T	909.081	37	65	65	0	0	0	909.081
7298	A	A	823.654	37	62	62	823.654	0	0	0
7299	A	A	792.319	37	60	60	792.319	0	0	0
7300	A	A	775.619	37	60	60	775.619	0	0	0
7301	A	A	747.992	37	59	59	747.992	0	0	0
7302	G	G	773.833	37	59	55	0	0	773.833	0
7303	G	G	844.547	37	59	59	0	0	844.547	0
7304	A	A	735.329	37	55	55	735.329	0	0	0
7305	A	A	739.311	37	54	54	739.311	0	0	0
7306	C	C	720.604	37	54	51	0	720.604	0	0
7307	T	T	746.442	37	55	55	0	0	0	746.442
7308	C	C	772.404	37	56	54	0	772.404	0	0
7309	G	G	737.682	37	55	52	0	0	737.682	0
7310	G	G	777.488	37	54	54	0	0	777.488	0
7311	C	C	766.995	37	55	54	0	766.995	0	0
7312	A	A	737.927	37	52	52	737.927	0	0	0
7313	A	A	774.6	37	56	56	774.6	0	0	0
7314	A	A	800.468	37	58	58	800.468	0	0	0
7315	C	C	791.149	37	59	56	0	791.149	0	0
7316	A	A	831.134	37	61	61	831.134	0	0	0
7317	C	C	848.23	36.0809	63	60	0	848.23	0	0
7318	A	A	858.866	36.0397	60	60	858.866	0	0	0
7319	A	A	880.618	36.0809	63	63	880.618	0	0	0
7320	A	A	852.934	36.0675	62	62	852.934	0	0	0
7321	C	C	833.891	36.0675	62	59	0	833.891	0	0
7322	C	C	892.939	36.0809	63	62	0	892.939	0	0
7323	C	C	905.998	36.1064	65	63	0	905.998	0	0
7324	C	C	880.173	36.0675	62	61	0	880.173	0	0
7325	G	G	865.678	36.0538	61	60	0	0	865.678	0
7326	C	C	822.525	36.0397	60	58	0	822.525	0	0
7327	C	C	850.106	36.0397	60	59	0	850.106	0	0
7328	T	T	837.964	36.0251	59	59	0	0	0	837.964
7329	G	G	736.493	35.9945	57	53	0	0	736.493	0
7330	T	T	807.541	35.9945	57	57	0	0	0	807.541
7331	T	T	784.88	35.9785	56	56	0	0	0	784.88
7332	T	T	798.905	35.9945	57	57	0	0	0	798.905
7333	A	A	764.317	35.962	55	55	764.317	0	0	0
7334	C	C	790.558	35.9785	56	55	0	790.558	0	0
7335	C	C	795.79	36.01	58	56	0	795.79	0	0
7336	A	A	808.603	36.0251	59	59	808.603	0	0	0
7337	A	A	828.522	36.0251	59	59	828.522	0	0	0
7338	A	A	865.958	36.0538	61	61	865.958	0	0	0
7339	A	A	892.636	36.0938	64	64	892.636	0	0	0
7340	A	A	874.98	36.0675	62	62	874.98	0	0	0
7341	C	C	893.401	36.0675	62	62	0	893.401	0	0
7342	A	A	858.577	36.0675	62	62	858.577	0	0	0
7343	T	T	880.712	36.0809	63	63	0	0	0	880.712
7344	C	C	881.179	36.0675	62	61	0	881.179	0	0
7345	A	A	847.587	36.0675	62	62	847.587	0	0	0
7346	C	C	880.502	36.0538	61	61	0	880.502	0	0
7347	C	C	838.243	36.0538	61	59	0	838.243	0	0
7348	T	T	878.71	36.1064	65	65	0	0	0	878.71
7349	C	C	883.328	36.0938	64	62	0	883.328	0	0
7350	C	C	864.435	36.0938	64	61	0	864.435	0	0
7351	A	A	852.159	36.0809	63	63	852.159	0	0	0
7352	G	G	895.278	36.1064	65	63	0	0	895.278	0
7353	C	C	867.339	36.0938	64	61	0	867.339	0	0
7354	A	A	812.711	36.0809	63	63	812.711	0	0	0
7355	T	T	841.355	36.0538	61	61	0	0	0	841.355
7356	T	T	842.045	36.0809	63	63	0	0	0	842.045
7357	C	C	863.614	36.0538	61	60	0	863.614	0	0
7358	C	C	847.463	36.0397	60	59	0	847.463	0	0
7359	C	C	789.214	36.01	58	56	0	789.214	0	0
7360	A	A	808.818	35.9945	57	57	808.818	0	0	0
7361	G	G	776.886	35.9945	57	55	0	0	776.886	0
7362	T	T	822.252	36.01	58	58	0	0	0	822.252
7363	A	A	783.46	36.01	58	58	783.46	0	0	0
7364	T	T	806.97	35.9945	57	57	0	0	0	806.97
7365	T	T	808.803	35.9945	57	57	0	0	0	808.803
7366	G	G	749.415	35.9273	53	52	0	0	749.415	0
7367	G	G	726.159	35.9091	52	51	0	0	726.159	0
7368	A	A	727.595	35.8902	51	51	727.595	0	0	0
7369	G	G	736.129	35.8902	51	51	0	0	736.129	0
7370	G	G	717.943	35.8902	51	50	0	0	717.943	0
7371	C	C	712.124	35.9273	53	50	0	712.124	0	0
7372	A	A	734.967	35.945	54	54	734.967	0	0	0
7373	C	C	728.512	35.1249	55	52	0	728.512	0	0
7374	T	T	748.125	35.1249	55	55	0	0	0	748.125
7375	G	G	791.604	35.1249	55	55	0	0	791.604	0
7376	C	C	740.829	35.0968	54	52	0	740.829	0	0
7377	C	C	760.623	35.0968	54	53	0	760.623	0	0
7378	T	T	714.11	35.0379	52	52	0	0	0	714.11
7379	G	G	704.958	35.0379	52	50	0	0	704.958	0
7380	C	C	752.595	35.0379	52	52	0	752.595	0	0
7381	C	C	699.417	34.9752	50	49	0	699.417	0	0
7382	C	C	705.286	33.6462	51	49	0	705.286	0	0
7383	G	G	706.074	33.5997	50	49	0	0	706.074	0
7384	G	G	671.31	33.6462	51	48	0	0	671.31	0
7385	T	T	713.8	33.1964	53	53	0	0	0	713.8
7386	G	G	731.874	33.1479	52	51	0	0	731.874	0
7387	A	A	692.532	33.0469	50	50	692.532	0	0	0
7388	C	C	738.067	32.3912	55	52	0	738.067	0	0
7389	A	A	763.67	32.492	57	57	763.67	0	0	0
7390	T	T	757.445	32.492	57	57	0	0	0	757.445
7391	C	C	815.246	32.5407	58	57	0	815.246	0	0
7392	A	A	789.326	32.5407	58	58	789.326	0	0	0
7393	G	G	828.984	32.6346	60	58	0	0	828.984	0
7394	T	T	758.252	32.492	57	57	0	0	0	758.252
7395	T	T	756.706	32.4422	56	56	0	0	0	756.706
7396	A	A	835.616	32.5882	59	59	835.616	0	0	0
7397	A	A	837.059	32.5882	59	59	837.059	0	0	0
7398	A	A	830.831	32.5407	58	58	830.831	0	0	0
7399	C	C	767.549	32.5882	59	55	0	767.549	0	0
7400	G	G	882.655	32.68	61	61	0	0	882.655	0
7401	G	G	912.261	32.0567	63	63	0	0	912.261	0
7402	C	C	894.395	32.0093	62	62	0	894.395	0	0
7403	C	C	863.817	32.103	64	61	0	863.817	0	0
7404	G	G	968.588	31.9707	68	67	0	0	968.588	0
7405	C	C	973.181	31.7711	70	68	0	973.181	0	0
7406	G	G	1039.99	31.8564	72	72	0	0	1039.99	0
7407	G	G	996.8	31.7711	70	69	0	0	996.8	0
7408	T	T	956.569	31.7711	70	70	0	0	0	956.569
7409	A	C	958.748	31.8142	71	68	0	958.748	0	0
7410	T	T	997.041	32.1797	73	73	0	0	0	997.041
7411	T	T	994.185	32.0984	71	71	0	0	0	994.185
7412	C	C	1021.41	32.1394	72	71	0	1021.41	0	0
7413	T	T	997.614	32.2192	74	74	0	0	0	997.614
7414	G	G	1009.55	32.1394	72	70	0	0	1009.55	0
7415	A	A	1055.6	32.2192	74	74	1055.6	0	0	0
7416	C	C	995.371	32.258	75	71	0	995.371	0	0
7417	C	C	1052.67	32.2192	74	73	0	1052.67	0	0
7418	G	G	1056.73	32.1797	73	73	0	0	1056.73	0
7419	T	T	1031.9	32.258	75	75	0	0	0	1031.9
7420	G	G	1062.87	32.2962	76	74	0	0	1062.87	0
7421	C	C	1064.89	32.2962	76	74	0	1064.89	0	0
7422	A	A	1022.44	32.2962	76	76	1022.44	0	0	0
7423	A	A	1007.67	32.258	75	75	1007.67	0	0	0
7424	A	A	1034.74	32.2962	76	76	1034.74	0	0	0
7425	G	G	1048.24	32.3336	77	74	0	0	1048.24	0
7426	G	G	995.251	32.6998	79	72	0	0	995.251	0
7427	T	T	1026.62	33.2895	77	77	0	0	0	1026.62
7428	A	A	1032.69	33.5997	75	75	1032.69	0	0	0
7429	G	G	1069.56	33.6308	76	75	0	0	1069.56	0
7430	C	C	1083.71	34.0116	75	75	0	1083.71	0	0
7431	A	A	1004.05	34.3875	72	72	1004.05	0	0	0
7432	T	T	1041.33	34.4668	75	75	0	0	0	1041.33
7433	A	A	993.923	34.9311	73	73	993.923	0	0	0
7434	A	A	965.565	34.9083	72	72	965.565	0	0	0
7435	T	T	1003.89	35.5002	72	72	0	0	0	1003.89
7436	C	C	1020.91	35.5176	73	71	0	1020.91	0	0
7437	A	A	974.83	35.5002	72	72	974.83	0	0	0
7438	T	T	984.553	35.5002	72	72	0	0	0	984.553
7439	T	T	938.368	35.4262	68	68	0	0	0	938.368
7440	T	T	928.9	36.1422	68	68	0	0	0	928.9
7441	G	G	977.294	36.1645	70	68	0	0	977.294	0
7442	T	T	974.937	37	72	72	0	0	0	974.937
7443	T	T	999.836	37	73	73	0	0	0	999.836
7444	C	C	947.646	37	71	67	0	947.646	0	0
7445	T	T	978.391	37	70	70	0	0	0	978.391
7446	C	C	983.303	37	68	68	0	983.303	0	0
7447	T	T	967.053	37	68	68	0	0	0	967.053
7448	A	A	926.317	37	67	67	926.317	0	0	0
7449	A	A	906.945	37	65	65	906.945	0	0	0
7450	A	A	918.531	37	66	65	918.531	0	0	0
7451	T	T	923.544	37	66	66	0	0	0	923.544
7452	A	A	939.239	37	68	68	939.239	0	0	0
7453	A	A	959.784	37	69	69	959.784	0	0	0
7454	G	G	935.115	37	70	66	0	0	935.115	0
7455	G	G	997.264	37	75	71	0	0	997.264	0
7456	A	A	1013.28	37	75	75	1013.28	0	0	0
7457	C	C	1033.19	37	73	72	0	1033.19	0	0
7458	T	T	1000.98	37	75	75	0	0	0	1000.98
7459	T	T	996.957	37	74	74	0	0	0	996.957
7460	G	G	1011.29	37	70	70	0	0	1011.29	0
7461	T	T	988.75	37	71	71	0	0	0	988.75
7462	A	A	955.915	37	70	70	955.915	0	0	0
7463	T	T	984.871	37	69	69	0	0	0	984.871
7464	G	G	936.105	37	66	65	0	0	936.105	0
7465	A	A	900.384	37	65	65	900.384	0	0	0
7466	A	A	908.435	37	66	66	908.435	0	0	0
7467	A	A	928.683	36.1306	67	67	928.683	0	0	0
7468	G	G	965.706	36.1422	68	67	0	0	965.706	0
7469	G	G	968.48	36.1306	67	67	0	0	968.48	0
7470	C	C	929.689	36.1306	67	65	0	929.689	0	0
7471	C	C	895.437	36.1187	66	63	0	895.437	0	0
7472	A	A	939.251	36.1422	68	68	939.251	0	0	0
7473	C	C	956.959	36.1422	68	67	0	956.959	0	0
7474	A	A	919.147	36.1422	68	68	919.147	0	0	0
7475	C	C	955.338	36.1187	66	66	0	955.338	0	0
7476	G	G	865.169	36.1422	68	62	0	0	865.169	0
7477	A	A	867.863	36.1064	65	65	867.863	0	0	0
7478	G	G	850.673	36.1064	65	61	0	0	850.673	0
7479	G	G	871.847	36.1422	68	63	0	0	871.847	0
7480	G	G	928.405	36.1306	67	65	0	0	928.405	0
7481	T	T	905.954	36.1306	67	67	0	0	0	905.954
7482	T	T	867.718	36.0938	64	64	0	0	0	867.718
7483	T	T	866.787	36.0809	63	63	0	0	0	866.787
7484	A	A	853.507	36.0675	62	62	853.507	0	0	0
7485	A	A	847.323	36.0675	62	62	847.323	0	0	0
7486	C	C	895.843	36.0809	63	62	0	895.843	0	0
7487	T	T	870.808	36.0809	63	63	0	0	0	870.808
7488	G	G	861.786	36.0938	64	61	0	0	861.786	0
7489	T	T	871.787	36.0938	64	64	0	0	0	871.787
7490	C	C	852.034	36.0251	59	59	0	852.034	0	0
7491	T	T	817.27	36.01	58	58	0	0	0	817.27
7492	C	C	795.561	35.9785	56	55	0	795.561	0	0
7493	T	T	762.863	35.945	54	54	0	0	0	762.863
7494	T	T	776.072	35.9945	57	57	0	0	0	776.072
7495	A	A	782.128	35.9945	57	57	782.128	0	0	0
7496	C	C	790.559	35.9785	56	55	0	790.559	0	0
7497	T	T	749.282	35.962	55	55	0	0	0	749.282
7498	T	T	744.67	35.9785	56	56	0	0	0	744.67
7499	C	C	775.868	35.962	55	54	0	775.868	0	0
7500	C	C	796.512	36.01	58	56	0	796.512	0	0
7501	A	A	787.964	36.01	58	58	787.964	0	0	0
7502	A	A	788.479	35.9945	57	57	788.479	0	0	0
7503	T	T	765.297	35.9945	57	56	0	0	0	765.297
7504	C	C	816.308	36.01	58	57	0	816.308	0	0
7505	A	A	821.561	36.0397	60	60	821.561	0	0	0
7506	G	G	839.772	36.0538	61	59	0	0	839.772	0
7507	T	T	831.09	36.0809	63	63	0	0	0	831.09
7508	G	G	878.57	36.0675	62	61	0	0	878.57	0
7509	A	A	838.051	36.0538	61	61	838.051	0	0	0
7510	A	A	817.53	37	59	59	817.53	0	0	0
7511	A	A	825.585	37	59	59	825.585	0	0	0
7512	T	T	826.337	37	60	60	0	0	0	826.337
7513	T	T	848.211	37	61	61	0	0	0	848.211
7514	G	G	847.721	37	60	59	0	0	847.721	0
7515	A	A	829.664	37	61	61	829.664	0	0	0
7516	C	C	862.071	37	61	60	0	862.071	0	0
7517	C	C	796.395	37	59	56	0	796.395	0	0
7518	T	T	823.034	37	59	59	0	0	0	823.034
7519	T	T	820.778	37	60	60	0	0	0	820.778
7520	C	C	818.921	37	60	58	0	818.921	0	0
7521	C	C	838.442	37	59	58	0	838.442	0	0
7522	C	C	802.304	37	58	56	0	802.304	0	0
7523	G	G	832.657	37	59	58	0	0	832.657	0
7524	T	T	812.473	37	59	59	0	0	0	812.473
7525	G	G	839.303	37	62	59	0	0	839.303	0
7526	A	A	871.231	37	62	62	871.231	0	0	0
7527	A	A	879.541	37	63	63	879.541	0	0	0
7528	G	G	857.84	37	62	60	0	0	857.84	0
7529	A	A	879.431	37	64	64	879.431	0	0	0
7530	G	G	882.723	37	65	62	0	0	882.723	0
7531	G	G	899.786	37	65	63	0	0	899.786	0
7532	C	C	932.844	37	66	65	0	932.844	0	0
7533	G	G	891.753	37	63	62	0	0	891.753	0
7534	G	G	886.917	37	64	62	0	0	886.917	0
7535	G	G	848.754	37	65	61	0	0	848.754	0
7536	A	A	829.241	37	63	63	829.241	0	0	0
7537	A	A	825.169	37	63	63	825.169	0	0	0
7538	T	T	856.072	37	62	62	0	0	0	856.072
7539	A	A	814.559	37	61	61	814.559	0	0	0
7540	A	A	798.83	37	59	59	798.83	0	0	0
7541	A	A	788.652	37	58	58	788.652	0	0	0
7542	A	A	788.231	37	57	57	788.231	0	0	0
7543	T	T	806.575	37	60	60	0	0	0	806.575
7544	A	A	857.798	37	63	63	857.798	0	0	0
7545	A	A	824.378	37	63	63	824.378	0	0	0
7546	T	T	823.29	37	63	63	0	0	0	823.29
7547	A	A	813.385	37	62	62	813.385	0	0	0
7548	A	A	840.843	37	65	65	840.843	0	0	0
7549	G	G	835.944	37	62	59	0	0	835.944	0
7550	A	A	772.807	37	59	59	772.807	0	0	0
7551	C	C	835.984	37	58	58	0	835.984	0	0
7552	G	G	784.887	37	57	55	0	0	784.887	0
7553	A	A	784.542	37	58	58	784.542	0	0	0
7554	G	G	799.775	37	58	56	0	0	799.775	0
7555	A	A	756.967	37	56	56	756.967	0	0	0
7556	A	A	747.605	37	55	55	747.605	0	0	0
7557	G	G	806.722	35.9785	56	56	0	0	806.722	0
7558	A	A	741.723	35.9785	56	56	741.723	0	0	0
7559	C	C	746.239	35.945	54	52	0	746.239	0	0
7560	C	C	736.897	35.8902	51	51	0	736.897	0	0
7561	C	C	737.27	35.8902	51	51	0	737.27	0	0
7562	T	T	741.557	35.9091	52	52	0	0	0	741.557
7563	A	A	735.311	35.9273	53	53	735.311	0	0	0
7564	T	T	745.841	35.9785	56	56	0	0	0	745.841
7565	G	G	789.782	35.9785	56	55	0	0	789.782	0
7566	G	G	794.042	35.9785	56	55	0	0	794.042	0
7567	A	A	785.277	36.01	58	58	785.277	0	0	0
7568	G	G	836.103	35.2294	59	58	0	0	836.103	0
7569	C	C	788.389	35.2537	60	56	0	788.389	0	0
7570	T	G	877.653	35.3003	62	61	0	0	877.653	0
7571	T	T	814.917	35.2773	61	61	0	0	0	814.917
7572	C	C	780.515	35.2537	60	56	0	780.515	0	0
7573	A	A	837.324	35.2773	61	61	837.324	0	0	0
7574	A	A	861.067	35.3227	63	63	861.067	0	0	0
7575	T	T	848.357	35.3003	62	62	0	0	0	848.357
7576	T	T	843.24	35.3003	62	62	0	0	0	843.24
7577	A	A	819.353	35.2537	60	60	819.353	0	0	0
7578	A	A	800.246	35.2044	58	58	800.246	0	0	0
7579	T	T	831.909	35.2044	58	58	0	0	0	831.909
7580	T	T	814.789	35.1787	57	57	0	0	0	814.789
7581	A	A	774.912	35.1522	56	56	774.912	0	0	0
7582	G	G	799.127	34.4921	57	56	0	0	799.127	0
7583	C	C	801.818	34.5251	58	56	0	801.818	0	0
7584	T	T	803.934	34.5572	59	59	0	0	0	803.934
7585	C	C	810.517	34.5884	60	57	0	810.517	0	0
7586	A	A	868.386	34.6188	61	61	868.386	0	0	0
7587	A	A	875.495	34.6774	63	63	875.495	0	0	0
7588	A	A	909.241	34.76	66	66	909.241	0	0	0
7589	A	A	917.449	34.7862	67	67	917.449	0	0	0
7590	G	G	954.259	35.3864	66	66	0	0	954.259	0
7591	G	G	948.558	35.4066	67	66	0	0	948.558	0
7592	A	A	895.893	36.0938	64	64	895.893	0	0	0
7593	T	T	899.728	36.1064	65	65	0	0	0	899.728
7594	T	T	920.2	36.1306	67	67	0	0	0	920.2
7595	T	T	952.528	36.1645	70	70	0	0	0	952.528
7596	A	A	926.067	36.1535	69	69	926.067	0	0	0
7597	T	T	932.134	36.1645	70	70	0	0	0	932.134
7598	T	T	947.826	36.1752	71	71	0	0	0	947.826
7599	T	T	962.926	36.1857	72	72	0	0	0	962.926
7600	A	A	962.577	36.1752	71	71	962.577	0	0	0
7601	C	C	974.429	36.1645	70	68	0	974.429	0	0
7602	C	C	958.858	36.1535	69	67	0	958.858	0	0
7603	A	A	902.033	36.1064	65	65	902.033	0	0	0
7604	G	G	918.198	36.1187	66	64	0	0	918.198	0
7605	A	A	901.202	37	65	65	901.202	0	0	0
7606	C	C	953.389	37	66	66	0	953.389	0	0
7607	C	C	980.819	37	68	68	0	980.819	0	0
7608	A	A	915.409	37	66	66	915.409	0	0	0
7609	A	A	937.471	37	68	68	937.471	0	0	0
7610	C	C	955.575	37	69	67	0	955.575	0	0
7611	A	A	915.318	37	68	68	915.318	0	0	0
7612	G	G	944.748	37	70	67	0	0	944.748	0
7613	G	G	901.935	37	71	65	0	0	901.935	0
7614	A	A	916.915	37	69	69	916.915	0	0	0
7615	A	A	936.249	37	70	70	936.249	0	0	0
7616	C	C	975.707	37	69	68	0	975.707	0	0
7617	A	A	961.495	37	70	70	961.495	0	0	0
7618	A	A	917.345	37	67	67	917.345	0	0	0
7619	C	C	991.629	37	69	69	0	991.629	0	0
7620	A	A	907.781	37	68	68	907.781	0	0	0
7621	T	T	945.393	37	68	68	0	0	0	945.393
7622	A	A	956.729	37	72	72	956.729	0	0	0
7623	T	T	931.137	37	70	70	0	0	0	931.137
7624	T	T	928.903	37	68	68	0	0	0	928.903
7625	C	C	933.89	37	66	65	0	933.89	0	0
7626	C	C	864.559	37	65	62	0	864.559	0	0
7627	T	T	921.942	37	66	66	0	0	0	921.942
7628	T	T	938.633	37	68	68	0	0	0	938.633
7629	C	C	945.226	37	68	66	0	945.226	0	0
7630	C	C	932.542	37	68	66	0	932.542	0	0
7631	A	A	909.201	37	67	67	909.201	0	0	0
7632	T	T	934.272	37	69	69	0	0	0	934.272
7633	G	G	1036.22	37	73	72	0	0	1036.22	0
7634	A	A	973.921	37	71	71	973.921	0	0	0
7635	G	G	939.27	37	68	66	0	0	939.27	0
7636	C	C	961.141	37	69	67	0	961.141	0	0
7637	T	T	922.828	37	68	68	0	0	0	922.828
7638	A	A	939.14	37	69	69	939.14	0	0	0
7639	G	G	1005.63	37	71	70	0	0	1005.63	0
7640	C	C	1024.22	37	71	71	0	1024.22	0	0
7641	A	A	905.131	37	67	67	905.131	0	0	0
7642	A	A	890.043	37	65	65	890.043	0	0	0
7643	T	T	898.414	37	63	63	0	0	0	898.414
7644	T	T	899.321	37	65	65	0	0	0	899.321
7645	T	T	919.083	37	66	66	0	0	0	919.083
7646	A	A	866.052	37	64	64	866.052	0	0	0
7647	G	G	866.269	37	65	62	0	0	866.269	0
7648	G	G	856.903	37	64	61	0	0	856.903	0
7649	T	T	864.671	37	62	62	0	0	0	864.671
7650	T	T	869.256	37	63	63	0	0	0	869.256
7651	G	G	849.037	37	60	59	0	0	849.037	0
7652	G	G	887.04	37	64	62	0	0	887.04	0
7653	G	G	896.763	37	64	63	0	0	896.763	0
7654	G	G	922.188	37	64	64	0	0	922.188	0
7655	C	C	891.947	37	63	62	0	891.947	0	0
7656	G	G	834.162	37	62	59	0	0	834.162	0
7657	A	A	794.667	37	60	60	794.667	0	0	0
7658	C	C	840.227	37	58	58	0	840.227	0	0
7659	C	C	825.27	37	57	57	0	825.27	0	0
7660	T	T	788.806	35.9785	56	56	0	0	0	788.806
7661	C	C	765.669	35.9945	57	54	0	765.669	0	0
7662	G	G	786.595	35.9945	57	55	0	0	786.595	0
7663	G	G	787.264	35.9945	57	55	0	0	787.264	0
7664	A	A	798.968	35.2294	59	59	798.968	0	0	0
7665	G	G	819.923	35.2044	58	57	0	0	819.923	0
7666	T	T	780.118	35.2294	59	59	0	0	0	780.118
7667	A	A	749.767	35.2294	59	59	749.767	0	0	0
7668	C	C	846.877	35.2537	60	59	0	846.877	0	0
7669	A	A	813.972	35.3003	62	62	813.972	0	0	0
7670	A	A	804.191	35.2773	61	61	804.191	0	0	0
7671	A	A	809.658	35.2537	60	60	809.658	0	0	0
7672	A	A	807.133	35.2044	58	58	807.133	0	0	0
7673	T	T	794.391	35.2773	61	61	0	0	0	794.391
7674	A	A	848.669	35.2537	60	60	848.669	0	0	0
7675	A	A	834.35	35.2294	59	59	834.35	0	0	0
7676	C	C	794.136	35.2294	59	56	0	794.136	0	0
7677	C	A	853.657	34.6188	61	61	853.657	0	0	0
7678	T	T	855.529	34.6485	62	62	0	0	0	855.529
7679	C	C	921.742	34.7056	64	64	0	921.742	0	0
7680	C	C	887.688	34.7056	64	62	0	887.688	0	0
7681	G	G	846.769	34.6188	61	59	0	0	846.769	0
7682	A	A	890.646	34.7056	64	64	890.646	0	0	0
7683	G	G	925.535	35.3445	64	64	0	0	925.535	0
7684	T	T	869.03	35.3445	64	64	0	0	0	869.03
7685	G	G	955.974	34.76	66	66	0	0	955.974	0
7686	A	A	920.89	34.7331	65	65	920.89	0	0	0
7687	T	T	923.128	34.8367	69	69	0	0	0	923.128
7688	A	A	975.482	34.8612	70	70	975.482	0	0	0
7689	T	T	966.108	34.885	71	71	0	0	0	966.108
7690	T	T	981.009	34.885	71	71	0	0	0	981.009
7691	A	A	973.393	34.8367	69	69	973.393	0	0	0
7692	A	A	967.181	34.8367	69	69	967.181	0	0	0
7693	T	T	971.321	34.8612	70	70	0	0	0	971.321
7694	C	C	968.567	34.8612	70	68	0	968.567	0	0
7695	T	T	973.381	34.8612	70	70	0	0	0	973.381
7696	A	A	962.327	34.8612	70	69	962.327	0	0	0
7697	G	G	964.258	34.8367	69	68	0	0	964.258	0
7698	A	A	975.008	34.8612	70	70	975.008	0	0	0
7699	C	C	978.622	34.3318	70	68	0	978.622	0	0
7700	G	G	982.528	34.3875	72	69	0	0	982.528	0
7701	T	T	1000.99	34.4145	73	73	0	0	0	1000.99
7702	A	A	1035.86	35.5512	75	75	1035.86	0	0	0
7703	C	C	1044.43	35.5512	75	73	0	1044.43	0	0
7704	C	C	1049.36	35.5346	74	73	0	1049.36	0	0
7705	T	T	1005.43	35.5176	73	73	0	0	0	1005.43
7706	G	G	1041.6	35.5176	73	72	0	0	1041.6	0
7707	T	T	1030.94	35.5346	74	74	0	0	0	1030.94
7708	C	C	936.372	35.5002	72	67	0	936.372	0	0
7709	A	A	989.975	35.5176	73	73	989.975	0	0	0
7710	A	A	974.381	34.9311	73	73	974.381	0	0	0
7711	A	A	995.626	34.9966	76	76	995.626	0	0	0
7712	A	A	994.62	34.4668	75	75	994.62	0	0	0
7713	T	T	995.483	34.3875	72	72	0	0	0	995.483
7714	G	G	955.076	33.9225	72	68	0	0	955.076	0
7715	C	C	957.294	33.8277	69	67	0	957.294	0	0
7716	T	T	940.599	33.761	67	67	0	0	0	940.599
7717	C	C	939.291	33.7266	66	65	0	939.291	0	0
7718	A	A	943.677	33.3993	69	69	943.677	0	0	0
7719	C	C	909.97	33.3635	68	65	0	909.97	0	0
7720	T	T	936.49	32.9322	67	67	0	0	0	936.49
7721	T	A	950.812	32.9713	68	68	950.812	0	0	0
7722	A	A	1000.51	33.0836	71	71	1000.51	0	0	0
7723	C	C	1005.58	32.7298	71	70	0	1005.58	0	0
7724	T	T	949.675	32.7298	71	71	0	0	0	949.675
7725	T	T	967.453	32.7677	72	72	0	0	0	967.453
7726	A	A	1013.5	32.7677	72	72	1013.5	0	0	0
7727	T	T	1022.96	32.5192	74	74	0	0	0	1022.96
7728	T	T	1030.57	32.5192	74	74	0	0	0	1030.57
7729	G	G	1064.15	32.5934	76	74	0	0	1064.15	0
7730	A	A	1021.93	32.5566	75	75	1021.93	0	0	0
7731	T	T	1030.31	32.258	75	75	0	0	0	1030.31
7732	C	C	1038.23	32.1797	73	72	0	1038.23	0	0
7733	C	C	1029.84	32.258	75	72	0	1029.84	0	0
7734	A	A	986.568	32.1797	73	73	986.568	0	0	0
7735	A	A	1009.04	31.9386	74	74	1009.04	0	0	0
7736	A	A	998.144	31.9386	74	74	998.144	0	0	0
7737	A	A	960.694	31.8564	72	72	960.694	0	0	0
7738	C	C	1018.59	31.8979	73	71	0	1018.59	0	0
7739	T	T	962.962	31.7273	69	69	0	0	0	962.962
7740	T	T	970.264	31.6826	68	68	0	0	0	970.264
7741	C	C	958.3	31.6826	68	67	0	958.3	0	0
7742	T	T	905.019	31.5433	65	65	0	0	0	905.019
7743	T	T	915.756	31.5433	65	65	0	0	0	915.756
7744	T	T	889.25	31.4458	63	63	0	0	0	889.25
7745	G	G	834.135	31.3956	62	59	0	0	834.135	0
7746	A	A	896.265	31.0123	65	65	896.265	0	0	0
7747	T	T	882.851	31.0618	66	66	0	0	0	882.851
7748	C	C	855.365	30.9619	64	61	0	855.365	0	0
7749	A	T	852.247	31.0123	65	65	0	0	0	852.247
7750	A	A	917.066	31.0123	65	65	917.066	0	0	0
7751	C	C	918.352	30.9178	68	65	0	918.352	0	0
7752	G	G	914.872	31.1104	67	64	0	0	914.872	0
7753	G	G	995.76	31.5032	70	69	0	0	995.76	0
7754	A	A	958.164	31.7711	70	70	958.164	0	0	0
7755	A	A	965.596	31.8564	72	72	965.596	0	0	0
7756	C	C	935.761	32.0141	69	66	0	935.761	0	0
7757	A	A	948.254	32.0141	69	69	948.254	0	0	0
7758	A	A	932.355	31.9265	67	67	932.355	0	0	0
7759	G	G	911.071	32.0141	69	65	0	0	911.071	0
7760	T	T	948.567	31.7273	69	69	0	0	0	948.567
7761	T	T	974.307	31.5907	72	72	0	0	0	974.307
7762	A	A	992.4	31.5907	72	72	992.4	0	0	0
7763	C	C	984.812	31.8142	71	69	0	984.812	0	0
7764	C	C	993.633	31.8979	73	70	0	993.633	0	0
7765	C	C	1017.38	31.6333	73	71	0	1017.38	0	0
7766	T	T	974.755	31.5473	71	71	0	0	0	974.755
7767	A	A	948.492	31.3403	72	72	948.492	0	0	0
7768	G	G	962.441	31.2508	70	68	0	0	962.441	0
7769	G	G	1000.42	31.3403	72	70	0	0	1000.42	0
7770	G	G	956.117	31.4687	75	69	0	0	956.117	0
7771	A	A	1002.48	31.6751	74	74	1002.48	0	0	0
7772	T	T	937.101	31.7711	70	70	0	0	0	937.101
7773	A	A	997.181	32.0984	71	71	997.181	0	0	0
7774	A	A	986.068	32.0984	71	71	986.068	0	0	0
7775	C	C	937.103	32.0567	70	67	0	937.103	0	0
7776	A	A	952.783	32.0567	70	70	952.783	0	0	0
7777	G	G	947.831	32.0141	69	67	0	0	947.831	0
7778	C	C	960.105	31.5907	72	68	0	960.105	0	0
7779	G	G	980.884	31.3838	73	69	0	0	980.884	0
7780	C	C	964.84	31.2508	70	68	0	964.84	0	0
7781	A	A	924.433	31.1581	68	68	924.433	0	0	0
7782	A	A	943.423	30.7386	69	69	943.423	0	0	0
7783	T	T	968.638	30.6189	71	71	0	0	0	968.638
7784	C	C	972.062	30.6656	72	69	0	972.062	0	0
7785	C	C	925.935	30.2677	68	65	0	925.935	0	0
7786	T	T	925.717	30.1215	69	69	0	0	0	925.717
7787	G	G	995.564	30.1215	69	69	0	0	995.564	0
7788	T	A	937.391	30.1215	69	68	937.391	0	0	0
7789	T	T	954.935	30.1711	70	70	0	0	0	954.935
7790	T	T	953.225	30.1215	69	69	0	0	0	953.225
7791	A	A	961.825	30.1711	70	70	961.825	0	0	0
7792	A	A	930.606	30.217	67	67	930.606	0	0	0
7793	G	G	995.948	30.3176	69	69	0	0	995.948	0
7794	A	A	951.755	30.3176	69	69	951.755	0	0	0
7795	G	G	947.297	30.3176	69	67	0	0	947.297	0
7796	T	T	963.91	30.1711	70	70	0	0	0	963.91
7797	C	C	994.618	29.984	70	69	0	994.618	0	0
7798	C	C	987.815	30.0332	71	69	0	987.815	0	0
7799	A	A	1010.24	30.2224	75	75	1010.24	0	0	0
7800	T	T	944.525	30.2677	72	72	0	0	0	944.525
7801	A	A	986.119	30.2677	72	72	986.119	0	0	0
7802	T	T	963.091	30.1294	73	73	0	0	0	963.091
7803	C	C	1051.18	30.1294	73	73	0	1051.18	0	0
7804	G	G	1012.17	30.0817	72	71	0	0	1012.17	0
7805	A	A	960.687	30.0817	72	72	960.687	0	0	0
7806	C	C	973.796	30.0817	72	69	0	973.796	0	0
7807	A	A	959.098	29.984	70	70	959.098	0	0	0
7808	A	A	953.73	29.8828	68	68	953.73	0	0	0
7809	T	G	970.475	29.9338	69	68	0	0	970.475	0
7810	A	A	938.713	30.071	68	68	938.713	0	0	0
7811	G	G	982.266	30.071	68	68	0	0	982.266	0
7812	G	G	956.495	30.1711	70	67	0	0	956.495	0
7813	G	G	982.672	30.523	69	68	0	0	982.672	0
7814	T	T	944.319	30.6901	68	68	0	0	0	944.319
7815	T	T	930.252	30.6408	67	67	0	0	0	930.252
7816	T	T	950.016	30.7386	69	69	0	0	0	950.016
7817	A	A	945.3	30.9655	69	69	945.3	0	0	0
7818	C	C	961.631	30.9655	69	67	0	961.631	0	0
7819	G	G	946.35	31.4124	68	66	0	0	946.35	0
7820	A	A	947.467	31.4124	68	68	947.467	0	0	0
7821	C	C	937.217	31.5907	66	65	0	937.217	0	0
7822	C	C	940.337	31.8354	65	65	0	940.337	0	0
7823	T	T	924.536	31.8814	66	66	0	0	0	924.536
7824	C	C	929.171	31.9707	68	65	0	929.171	0	0
7825	G	G	940.744	31.9265	67	66	0	0	940.744	0
7826	A	A	912.637	31.9707	68	68	912.637	0	0	0
7827	T	T	967.304	32.0141	69	69	0	0	0	967.304
7828	G	G	930.842	32.193	66	65	0	0	930.842	0
7829	T	T	881.013	32.7243	62	62	0	0	0	881.013
7830	T	T	853.575	33.0469	60	60	0	0	0	853.575
7831	G	G	857.329	33.0897	61	60	0	0	857.329	0
7832	G	G	815.447	33.0897	61	58	0	0	815.447	0
7833	A	A	738.107	33.4205	58	58	738.107	0	0	0
7834	T	T	742.018	33.1964	53	53	0	0	0	742.018
7835	C	C	763.889	33.2435	54	53	0	763.889	0	0
7836	A	A	686.124	33.1964	53	53	686.124	0	0	0
7837	G	G	646.449	33.5518	49	46	0	0	646.449	0
7838	G	G	669.397	33.5025	48	47	0	0	669.397	0
7839	A	A	601.753	33.3993	46	46	601.753	0	0	0
7840	C	C	651.086	34.0116	45	45	0	651.086	0	0
7841	A	A	566.954	33.9628	44	44	566.954	0	0	0
7842	T	T	616.75	33.9123	43	43	0	0	0	616.75
7843	C	C	538.502	34.5412	39	38	0	538.502	0	0
7844	C	C	548.811	34.4921	38	38	0	548.811	0	0
7845	T	T	545.84	34.4921	38	38	0	0	0	545.84
7846	A	A	463.933	35.5002	36	36	463.933	0	0	0
7847	A	A	435.891	35.3445	32	32	435.891	0	0	0
7848	T	T	447.513	35.3003	31	31	0	0	0	447.513
7849	G	G	441.928	35.3003	31	31	0	0	441.928	0
7850	G	G	439.628	35.3003	31	31	0	0	439.628	0
7851	T	T	413.539	37	29	29	0	0	0	413.539
7852	G	G	362.561	37	28	26	0	0	362.561	0
7853	C	C	359.974	37	25	25	0	359.974	0	0
7854	A	A	295.647	37	24	24	295.647	0	0	0
7855	G	G	290.855	37	23	21	0	0	290.855	0
7856	C	C	316.205	37	22	22	0	316.205	0	0
7857	A	A	229.705	37	20	20	229.705	0	0	0
7858	G	G	250.811	37	19	18	0	0	250.811	0
7859	C	C	243.256	37	17	17	0	243.256	0	0
7860	T	T	228.666	37	16	16	0	0	0	228.666
7861	A	A	116.024	37	15	15	116.024	0	1.08493e-11	0
7862	T	T	170.307	37	12	12	1.35525e-17	1.35525e-17	1.35525e-17	170.307
7863	T	T	141.127	37	10	10	1.11673e-14	1.11676e-14	1.11678e-14	141.127
7864	A	A	52.5079	37	9	9	52.5079	3.21467e-13	2.43776e-05	3.2139e-13
7865	A	A	31.1567	37	6	6	31.1567	7.64851e-09	0.00332874	7.64815e-09
7866	G	G	8.56384	37	2	1	0.605537	0.0196887	8.56384	0.0196887
7867	G	G	10.2493	37	1	1	0.138885	0.138884	10.2493	0.138885
7868	G	G	24.4241	37	2	2	0.00523012	0.00523007	24.4241	0.00523015
7869	T	T	12.9805	37	2	2	0.00498462	0.21386	0.00498468	12.9805
7870	T	T	18.9903	37	3	3	0.000180023	0.0547804	0.000180026	18.9903
7871	C	C	62.7465	37	5	5	7.69159e-07	62.7465	7.6914e-07	7.69149e-07
7872	G	G	97.3575	37	7	7	2.6602e-10	2.66013e-10	97.3575	2.66026e-10
7873	T	T	76.6537	37	10	10	1.117e-14	9.3846e-08	1.11727e-14	76.6537
7874	T	T	88.6457	37	11	11	3.88144e-16	5.93213e-09	3.88144e-16	88.6457
7875	T	T	105.394	37	12	12	1.35525e-17	1.25426e-10	1.35525e-17	105.394
7876	G	G	184.897	37	13	13	5.42101e-19	5.42101e-19	184.897	5.42101e-19
7877	T	T	169.946	37	18	18	0	4.39102e-17	0	169.946
7878	T	T	198.436	37	18	18	0	0	0	198.436
7879	C	C	216.031	37	18	16	0	216.031	0	0
7880	A	A	257.846	37	18	18	257.846	0	0	0
7881	A	A	272.435	37	19	19	272.435	0	0	0
7882	C	C	284.09	34.6774	21	20	0	284.09	0	0
7883	G	G	301.615	34.6774	21	21	0	0	301.615	0
7884	A	A	316.205	34.76	22	22	316.205	0	0	0
7885	T	T	296.15	34.8367	23	23	0	0	0	296.15
7886	T	T	320.043	35.0379	26	26	0	0	0	320.043
7887	A	A	414.799	35.2044	29	29	414.799	0	0	0
7888	A	A	428.21	35.2537	30	30	428.21	0	0	0
7889	A	A	422.708	35.2537	30	30	422.708	0	0	0
7890	G	G	427.786	35.3003	31	30	0	0	427.786	0
7891	T	T	425.916	35.3864	33	33	0	0	0	425.916
7892	C	C	469.522	35.4262	34	33	0	469.522	0	0
7893	C	C	496.155	35.5002	36	35	0	496.155	0	0
7894	T	T	457.005	35.4641	35	35	0	0	0	457.005
7895	A	A	502.357	35.4641	35	35	502.357	0	0	0
7896	C	C	527.278	35.5346	37	37	0	527.278	0	0
7897	G	G	534.211	35.5346	37	37	0	0	534.211	0
7898	T	T	519.4	35.5989	39	39	0	0	0	519.4
7899	G	G	577.241	35.6289	40	40	0	0	577.241	0
7900	A	A	564.229	35.5989	39	39	564.229	0	0	0
7901	T	T	546.777	35.5989	39	39	0	0	0	546.777
7902	C	C	562.334	35.5989	39	39	0	562.334	0	0
7903	T	T	566.84	35.6289	40	40	0	0	0	566.84
7904	G	G	577.519	35.6289	40	40	0	0	577.519	0
7905	A	A	597.482	35.6853	42	42	597.482	0	0	0
7906	G	G	635.339	35.7371	44	44	0	0	635.339	0
7907	T	T	612.358	35.785	46	46	0	0	0	612.358
7908	T	T	618.887	34.8731	47	47	0	0	0	618.887
7909	C	C	634.813	34.8731	47	45	0	634.813	0	0
7910	A	A	699.064	34.1917	49	49	699.064	0	0	0
7911	G	G	679.582	34.2735	51	48	0	0	679.582	0
7912	A	A	696.51	34.2735	51	51	696.51	0	0	0
7913	C	C	706.267	33.5997	50	49	0	706.267	0	0
7914	C	C	712.314	33.1479	52	50	0	712.314	0	0
7915	G	G	745.333	33.1964	53	52	0	0	745.333	0
7916	G	G	731.763	33.0981	51	51	0	0	731.763	0
7917	A	A	703.539	32.665	52	52	703.539	0	0	0
7918	G	G	679.284	32.6115	51	48	0	0	679.284	0
7919	C	C	731.579	32.665	52	51	0	731.579	0	0
7920	A	A	681.324	32.174	51	51	681.324	0	0	0
7921	A	A	667.24	32.0567	49	49	667.24	0	0	0
7922	T	T	696.956	32.2304	52	52	0	0	0	696.956
7923	C	A	714.187	32.2854	53	53	714.187	0	0	0
7924	C	C	747.376	32.2304	52	52	0	747.376	0	0
7925	A	A	706.397	32.1161	50	50	706.397	0	0	0
7926	G	G	704.716	32.1161	50	49	0	0	704.716	0
7927	G	G	722.307	32.1161	50	50	0	0	722.307	0
7928	T	T	706.656	31.8354	52	52	0	0	0	706.656
7929	C	C	749.445	31.8354	52	52	0	749.445	0	0
7930	G	G	721.798	31.7765	51	50	0	0	721.798	0
7931	G	G	722.407	31.7765	51	50	0	0	722.407	0
7932	T	T	752.101	31.7566	57	57	0	0	0	752.101
7933	T	T	775.962	31.8094	58	58	0	0	0	775.962
7934	T	T	787.168	31.861	59	59	0	0	0	787.168
7935	C	C	813.284	31.861	59	57	0	813.284	0	0
7936	T	T	794.306	31.9116	60	60	0	0	0	794.306
7937	A	A	834.013	31.9116	60	60	834.013	0	0	0
7938	T	T	849.588	32.0567	63	63	0	0	0	849.588
7939	C	C	834.826	31.961	61	59	0	834.826	0	0
7940	T	T	853.861	32.1485	65	65	0	0	0	853.861
7941	A	A	900.303	32.2366	67	67	900.303	0	0	0
7942	T	T	894.088	32.3212	69	69	0	0	0	894.088
7943	T	T	905.395	32.2793	68	68	0	0	0	905.395
7944	T	T	873.16	32.193	66	66	0	0	0	873.16
7945	A	A	900.326	32.2793	68	68	900.326	0	0	0
7946	A	A	905.468	32.193	66	66	905.468	0	0	0
7947	A	C	962.461	32.2793	68	67	0	962.461	0	0
7948	T	T	890.927	32.5286	66	66	0	0	0	890.927
7949	G	G	968.227	32.9713	68	67	0	0	968.227	0
7950	A	A	969.366	33.3993	69	69	969.366	0	0	0
7951	C	C	982.236	33.4345	70	69	0	982.236	0	0
7952	C	C	995.487	33.4345	70	69	0	995.487	0	0
7953	T	T	967.536	33.9528	73	73	0	0	0	967.536
7954	C	C	984.847	33.8916	71	69	0	984.847	0	0
7955	T	T	976.098	33.86	70	70	0	0	0	976.098
7956	C	C	916.936	35.3864	66	64	0	916.936	0	0
7957	C	C	954.164	35.3864	66	66	0	954.164	0	0
7958	C	C	950.399	35.4262	68	66	0	950.399	0	0
7959	A	A	1001.11	35.5002	72	72	1001.11	0	0	0
7960	G	G	1022.76	35.5002	72	71	0	0	1022.76	0
7961	T	T	962.104	35.5002	72	72	0	0	0	962.104
7962	A	A	983.476	35.4824	71	71	983.476	0	0	0
7963	C	C	985.422	35.4641	70	69	0	985.422	0	0
7964	G	G	999.56	35.5176	73	70	0	0	999.56	0
7965	A	A	1006.69	36.1959	73	73	1006.69	0	0	0
7966	A	A	980.388	36.1857	72	72	980.388	0	0	0
7967	A	A	967.461	36.1752	71	71	967.461	0	0	0
7968	G	G	1016.74	36.1959	73	71	0	0	1016.74	0
7969	G	G	974.726	36.1857	72	69	0	0	974.726	0
7970	A	A	972.41	36.1857	72	72	972.41	0	0	0
7971	C	C	1022.69	36.1752	71	71	0	1022.69	0	0
7972	A	A	1025.12	36.1857	72	72	1025.12	0	0	0
7973	A	A	1036.44	36.2058	74	74	1036.44	0	0	0
7974	G	G	1069.46	36.2155	75	74	0	0	1069.46	0
7975	A	A	1086.23	36.2342	77	77	1086.23	0	0	0
7976	G	G	1116.75	36.252	79	78	0	0	1116.75	0
7977	A	A	1093.88	36.2606	80	80	1093.88	0	0	0
7978	A	A	1123.75	36.2852	83	83	1123.75	0	0	0
7979	G	G	1110.29	36.269	81	78	0	0	1110.29	0
7980	T	T	1118.29	36.2772	82	82	0	0	0	1118.29
7981	A	A	1087.36	36.269	81	81	1087.36	0	0	0
7982	A	A	1073.11	36.2606	80	80	1073.11	0	0	0
7983	G	G	1087.56	35.6141	79	76	0	0	1087.56	0
7984	G	G	1061.46	36.2432	78	75	0	0	1061.46	0
7985	C	C	1081.76	36.2249	76	75	0	1081.76	0	0
7986	C	C	1072.36	36.2249	76	75	0	1072.36	0	0
7987	T	T	1070.87	36.252	79	79	0	0	0	1070.87
7988	C	C	1141.6	36.2606	80	79	0	1141.6	0	0
7989	C	C	1098.86	35.6289	80	77	0	1098.86	0	0
7990	C	C	1141.68	35.6141	79	79	0	1141.68	0	0
7991	T	T	1119	35.6435	81	81	0	0	0	1119
7992	C	C	1158.4	35.6289	80	80	0	1158.4	0	0
7993	G	G	1169.03	35.6435	81	81	0	0	1169.03	0
7994	C	C	1143.74	35.6289	80	79	0	1143.74	0	0
7995	C	C	1109.89	35.6141	79	77	0	1109.89	0	0
7996	A	A	1026.42	35.5834	77	77	1026.42	0	0	0
7997	A	A	1003.73	35.5834	77	77	1003.73	0	0	0
7998	A	A	973.968	34.9752	75	75	973.968	0	0	0
7999	G	T	1037.62	34.9534	74	74	0	0	0	1037.62
8000	C	C	1052.2	34.9534	74	73	0	1052.2	0	0
8001	G	G	976.192	34.8367	69	68	0	0	976.192	0
8002	C	C	977.492	34.8612	70	68	0	977.492	0	0
8003	C	C	942.537	34.8367	69	66	0	942.537	0	0
8004	T	T	957.583	34.8612	70	70	0	0	0	957.583
8005	T	T	931.791	34.7862	67	67	0	0	0	931.791
8006	A	A	928.513	34.7862	67	67	928.513	0	0	0
8007	A	A	903.462	34.7331	65	65	903.462	0	0	0
8008	G	G	952.654	34.7862	67	66	0	0	952.654	0
8009	A	A	902.943	34.76	66	66	902.943	0	0	0
8010	C	C	914.323	34.7862	67	65	0	914.323	0	0
8011	C	C	894.639	34.7331	65	63	0	894.639	0	0
8012	A	A	906.603	34.7862	67	67	906.603	0	0	0
8013	A	A	881.306	34.76	66	66	881.306	0	0	0
8014	T	T	890.799	34.7331	65	65	0	0	0	890.799
8015	A	A	874.56	34.7331	65	65	874.56	0	0	0
8016	G	G	833.024	35.3227	63	60	0	0	833.024	0
8017	A	A	860.188	35.3227	63	63	860.188	0	0	0
8018	T	T	857.078	35.3003	62	62	0	0	0	857.078
8019	G	G	828.4	35.3003	62	59	0	0	828.4	0
8020	A	A	868.672	35.3445	64	64	868.672	0	0	0
8021	C	C	810.859	35.3657	65	59	0	810.859	0	0
8022	T	T	892.209	35.4262	68	68	0	0	0	892.209
8023	T	T	820.338	35.3003	62	62	0	0	0	820.338
8024	A	A	896.032	35.3227	63	63	896.032	0	0	0
8025	G	G	904.697	35.3657	65	63	0	0	904.697	0
8026	T	T	891.355	35.3864	66	66	0	0	0	891.355
8027	C	C	874.495	35.3657	65	62	0	874.495	0	0
8028	T	T	921.198	35.4066	67	67	0	0	0	921.198
8029	A	A	923.224	36.1306	67	67	923.224	0	0	0
8030	A	A	911.16	36.1064	65	65	911.16	0	0	0
8031	A	A	901.175	36.1064	65	65	901.175	0	0	0
8032	C	C	954.674	36.1187	66	66	0	954.674	0	0
8033	C	C	927.146	35.3657	65	64	0	927.146	0	0
8034	T	T	896.903	35.3445	64	64	0	0	0	896.903
8035	A	A	856.009	35.3445	64	64	856.009	0	0	0
8036	G	G	878.729	35.3657	65	62	0	0	878.729	0
8037	T	T	905.383	35.3864	66	66	0	0	0	905.383
8038	A	A	875.458	34.7331	65	65	875.458	0	0	0
8039	A	A	872.613	34.1488	64	64	872.613	0	0	0
8040	G	G	891.794	34.1157	63	62	0	0	891.794	0
8041	T	T	873.192	34.1488	64	64	0	0	0	873.192
8042	C	C	839.862	33.6185	63	60	0	839.862	0	0
8043	T	T	851.666	33.5421	61	61	0	0	0	851.666
8044	A	A	819.443	33.0469	60	60	819.443	0	0	0
8045	C	C	788.64	32.6346	60	56	0	788.64	0	0
8046	C	C	816.851	32.3056	61	58	0	816.851	0	0
8047	C	C	893.307	31.6916	62	62	0	893.307	0	0
8048	C	C	889.937	31.1699	63	62	0	889.937	0	0
8049	C	C	869.781	30.9104	63	61	0	869.781	0	0
8050	A	A	865.567	30.8579	62	62	865.567	0	0	0
8051	A	A	844.442	30.8043	61	61	844.442	0	0	0
8052	C	C	880.573	30.5576	61	61	0	880.573	0	0
8053	G	G	834.983	30.5576	61	59	0	0	834.983	0
8054	T	T	871.91	30.5576	61	61	0	0	0	871.91
8055	T	T	854.739	30.3242	61	61	0	0	0	854.739
8056	G	G	864.137	30.3242	61	60	0	0	864.137	0
8057	C	C	834.021	30.2101	59	58	0	834.021	0	0
8058	C	C	808.81	30.0454	60	57	0	808.81	0	0
8059	C	C	850.545	29.9871	59	59	0	850.545	0	0
8060	A	A	818.5	30.0454	60	60	818.5	0	0	0
8061	A	A	768.042	29.9871	59	59	768.042	0	0	0
8062	G	G	762.263	29.8667	57	54	0	0	762.263	0
8063	A	A	721.542	29.7411	55	55	721.542	0	0	0
8064	G	T	764.4	29.6763	54	54	0	0	0	764.4
8065	A	A	705.96	29.7411	55	55	705.96	0	0	0
8066	C	C	679.138	29.8754	50	48	0	679.138	0	0
8067	A	A	691.877	29.6323	50	50	691.877	0	0	0
8068	G	G	733.156	29.7024	51	51	0	0	733.156	0
8069	G	G	675.733	29.7024	51	48	0	0	675.733	0
8070	G	G	716.264	29.9446	51	50	0	0	716.264	0
8071	C	C	727.51	30.1428	54	52	0	727.51	0	0
8072	T	T	713.102	30.1428	54	54	0	0	0	713.102
8073	T	T	706.861	30.3963	54	54	0	0	0	706.861
8074	T	T	709.975	30.5193	56	56	0	0	0	709.975
8075	G	G	761.545	30.3282	57	54	0	0	761.545	0
8076	T	A	771.281	30.4585	55	55	771.281	0	0	0
8077	T	T	724.968	30.6656	54	54	0	0	0	724.968
8078	A	A	757.049	30.7266	55	55	757.049	0	0	0
8079	G	G	756.458	30.7266	55	53	0	0	756.458	0
8080	G	G	778.121	30.9526	54	54	0	0	778.121	0
8081	G	G	778.653	31.2599	54	54	0	0	778.653	0
8082	T	T	750.179	31.5327	53	53	0	0	0	750.179
8083	G	G	737.801	31.8354	52	51	0	0	737.801	0
8084	G	G	737.789	32.174	51	51	0	0	737.789	0
8085	C	C	739.188	32.2854	53	52	0	739.188	0	0
8086	A	A	755.409	32.3912	55	55	755.409	0	0	0
8087	G	G	807.99	32.492	57	56	0	0	807.99	0
8088	A	A	790.584	32.9124	57	57	790.584	0	0	0
8089	G	G	783.055	33.0469	60	56	0	0	783.055	0
8090	C	C	788.244	33.3343	56	55	0	788.244	0	0
8091	C	C	832.903	33.462	59	58	0	832.903	0	0
8092	C	C	748.49	33.4205	58	54	0	748.49	0	0
8093	G	G	844.078	33.5025	60	59	0	0	844.078	0
8094	G	G	868.036	33.5025	60	60	0	0	868.036	0
8095	T	T	824.925	33.9752	59	59	0	0	0	824.925
8096	G	G	794.603	33.9378	58	56	0	0	794.603	0
8097	A	A	837.637	33.9378	58	58	837.637	0	0	0
8098	T	T	850.188	33.9752	59	59	0	0	0	850.188
8099	T	T	861.79	34.0472	61	61	0	0	0	861.79
8100	G	G	870.986	34.0819	62	61	0	0	870.986	0
8101	C	C	865.792	34.6188	61	60	0	865.792	0	0
8102	A	A	865.843	34.7056	64	64	865.843	0	0	0
8103	T	T	892.505	34.7331	65	65	0	0	0	892.505
8104	A	A	836.848	34.6774	63	63	836.848	0	0	0
8105	A	A	832.776	34.6774	63	63	832.776	0	0	0
8106	A	A	828.196	34.6188	61	61	828.196	0	0	0
8107	A	A	811.802	34.5884	60	60	811.802	0	0	0
8108	C	C	828.283	35.2294	59	58	0	828.283	0	0
8109	T	T	822.389	35.2773	61	61	0	0	0	822.389
8110	T	T	818.083	35.2537	60	60	0	0	0	818.083
8111	A	A	799.144	35.2294	59	59	799.144	0	0	0
8112	A	A	812.455	35.2537	60	60	812.455	0	0	0
8113	A	A	785.261	35.2537	60	60	785.261	0	0	0
8114	C	C	823.877	35.1787	57	57	0	823.877	0	0
8115	C	C	794.17	35.1249	55	55	0	794.17	0	0
8116	T	T	765.776	35.0968	54	54	0	0	0	765.776
8117	T	T	764.222	35.9273	53	53	0	0	0	764.222
8118	T	T	736.378	35.0678	53	53	0	0	0	736.378
8119	A	A	762.669	35.0968	54	54	762.669	0	0	0
8120	T	T	747.219	35.1522	56	56	0	0	0	747.219
8121	A	A	801.757	35.1522	56	56	801.757	0	0	0
8122	C	C	814.196	35.2044	58	57	0	814.196	0	0
8123	T	T	800.805	35.2773	61	61	0	0	0	800.805
8124	C	C	826.493	35.2537	60	58	0	826.493	0	0
8125	A	A	881.132	36.0938	64	64	881.132	0	0	0
8126	G	G	949.1	36.1187	66	66	0	0	949.1	0
8127	A	A	857.483	36.1064	65	65	857.483	0	0	0
8128	G	G	842.352	36.0938	64	60	0	0	842.352	0
8129	G	G	881.021	36.1064	65	62	0	0	881.021	0
8130	T	T	882.744	36.1064	65	65	0	0	0	882.744
8131	T	T	876.324	36.1187	66	66	0	0	0	876.324
8132	C	C	816.94	36.0675	62	58	0	816.94	0	0
8133	A	A	847.963	36.0538	61	61	847.963	0	0	0
8134	A	A	858.375	36.0538	61	61	858.375	0	0	0
8135	A	A	867.545	36.0675	62	62	867.545	0	0	0
8136	T	T	874.344	36.0938	64	64	0	0	0	874.344
8137	C	C	883.925	36.0938	64	62	0	883.925	0	0
8138	C	C	919.293	36.0938	64	64	0	919.293	0	0
8139	T	T	884.485	36.1064	65	65	0	0	0	884.485
8140	C	C	913.904	36.1187	66	64	0	913.904	0	0
8141	T	T	888.243	36.1187	66	66	0	0	0	888.243
8142	C	C	921.768	36.1064	65	64	0	921.768	0	0
8143	C	C	913.777	36.1187	66	64	0	913.777	0	0
8144	C	C	863.066	36.1187	66	62	0	863.066	0	0
8145	T	T	878.554	36.0938	64	64	0	0	0	878.554
8146	A	A	906.543	36.1187	66	66	906.543	0	0	0
8147	A	A	913.975	36.0938	64	64	913.975	0	0	0
8148	C	C	903.999	36.0938	64	63	0	903.999	0	0
8149	A	A	934.993	36.1187	66	66	934.993	0	0	0
8150	C	C	906.794	36.1306	67	64	0	906.794	0	0
8151	T	T	930.331	36.1422	68	68	0	0	0	930.331
8152	A	A	905.271	36.1422	68	68	905.271	0	0	0
8153	T	T	939.272	36.1306	67	67	0	0	0	939.272
8154	G	G	909.775	36.1306	67	64	0	0	909.775	0
8155	T	T	936.102	36.1535	69	69	0	0	0	936.102
8156	T	T	925.588	37	68	68	0	0	0	925.588
8157	T	T	887.527	37	65	65	0	0	0	887.527
8158	A	A	908.979	37	67	67	908.979	0	0	0
8159	T	T	901.48	37	68	68	0	0	0	901.48
8160	A	A	915.552	37	66	66	915.552	0	0	0
8161	A	A	899.655	37	65	65	899.655	0	0	0
8162	T	T	881.602	37	64	64	0	0	0	881.602
8163	T	T	912.447	37	67	67	0	0	0	912.447
8164	A	A	942.343	37	68	68	942.343	0	0	0
8165	A	A	923.057	37	67	67	923.057	0	0	0
8166	C	C	941.163	37	67	66	0	941.163	0	0
8167	A	A	936.965	37	68	68	936.965	0	0	0
8168	T	T	936.909	37	68	68	0	0	0	936.909
8169	T	T	944.323	37	68	68	0	0	0	944.323
8170	A	A	935.434	37	67	67	935.434	0	0	0
8171	T	T	916.073	37	66	66	0	0	0	916.073
8172	C	C	940.441	37	65	65	0	940.441	0	0
8173	T	T	926.554	37	65	65	0	0	0	926.554
8174	C	C	927.675	37	64	64	0	927.675	0	0
8175	A	A	896.827	37	66	66	896.827	0	0	0
8176	C	C	939.005	37	65	65	0	939.005	0	0
8177	T	T	896.873	37	65	65	0	0	0	896.873
8178	A	A	914.384	37	66	66	914.384	0	0	0
8179	G	G	954.082	37	67	66	0	0	954.082	0
8180	T	T	910.99	37	68	68	0	0	0	910.99
8181	C	C	936.58	37	65	65	0	936.58	0	0
8182	G	G	939.292	37	66	65	0	0	939.292	0
8183	T	T	899.526	37	65	64	0	0	0	899.526
8184	G	G	920.499	37	65	64	0	0	920.499	0
8185	C	C	968.578	36.1422	68	67	0	968.578	0	0
8186	C	C	925.334	36.0938	64	64	0	925.334	0	0
8187	C	C	894.23	36.0809	63	62	0	894.23	0	0
8188	A	A	912.638	35.3864	66	66	912.638	0	0	0
8189	T	T	889.694	35.3864	66	66	0	0	0	889.694
8190	T	T	900.838	35.3657	65	65	0	0	0	900.838
8191	C	C	916.422	35.4262	68	65	0	916.422	0	0
8192	T	T	909.088	35.4066	67	67	0	0	0	909.088
8193	C	C	931.825	34.7862	67	65	0	931.825	0	0
8194	C	C	916.88	34.76	66	64	0	916.88	0	0
8195	T	T	906.03	34.2434	67	67	0	0	0	906.03
8196	C	C	942.484	34.303	69	66	0	942.484	0	0
8197	G	G	929.86	34.3318	70	66	0	0	929.86	0
8198	C	C	950.583	34.2434	67	66	0	950.583	0	0
8199	C	C	924.841	34.1488	64	64	0	924.841	0	0
8200	G	G	846.699	34.1488	64	60	0	0	846.699	0
8201	T	T	869.635	34.0819	62	62	0	0	0	869.635
8202	A	A	817.794	34.0116	60	60	817.794	0	0	0
8203	G	G	835.65	34.0819	62	59	0	0	835.65	0
8204	C	C	891.533	34.1157	63	62	0	891.533	0	0
8205	C	C	832.799	33.1315	62	59	0	832.799	0	0
8206	T	T	869.841	32.4859	65	65	0	0	0	869.841
8207	T	T	824.667	32.0093	62	62	0	0	0	824.667
8208	C	C	857.991	32.0093	62	60	0	857.991	0	0
8209	T	T	844.391	31.7884	64	64	0	0	0	844.391
8210	T	T	836.484	31.6916	62	62	0	0	0	836.484
8211	A	A	860.384	31.4458	63	63	860.384	0	0	0
8212	A	A	826.021	31.3443	61	61	826.021	0	0	0
8213	C	C	807.442	31.0123	60	57	0	807.442	0	0
8214	A	A	876.066	30.9104	63	63	876.066	0	0	0
8215	C	C	902.312	30.2677	64	63	0	902.312	0	0
8216	T	T	874.79	30.3207	65	65	0	0	0	874.79
8217	A	A	847.76	30.1587	62	62	847.76	0	0	0
8218	G	G	857.905	30.2677	64	61	0	0	857.905	0
8219	T	T	894.012	30.3207	65	65	0	0	0	894.012
8220	G	G	902.213	30.3207	65	63	0	0	902.213	0
8221	G	G	821.155	30.1026	61	58	0	0	821.155	0
8222	A	A	827.849	29.834	60	60	827.849	0	0	0
8223	G	G	830.017	29.834	60	58	0	0	830.017	0
8224	C	C	832.91	29.6323	60	58	0	832.91	0	0
8225	G	G	841.977	29.7483	62	59	0	0	841.977	0
8226	A	A	842.84	29.4987	61	61	842.84	0	0	0
8227	A	A	820.648	29.6323	60	60	820.648	0	0	0
8228	A	A	816.3	29.3793	59	59	816.3	0	0	0
8229	A	A	820.637	29.4396	60	60	820.637	0	0	0
8230	G	T	845.008	29.4396	60	60	0	0	0	845.008
8231	T	T	816.401	29.2551	57	57	0	0	0	816.401
8232	A	A	756.162	29.1257	55	55	756.162	0	0	0
8233	C	C	808.394	29.2551	57	56	0	808.394	0	0
8234	T	T	791.601	29.191	56	56	0	0	0	791.601
8235	G	G	751.15	29.3861	56	53	0	0	751.15	0
8236	G	G	805.243	29.4495	57	56	0	0	805.243	0
8237	G	G	806.901	29.8046	56	56	0	0	806.901	0
8238	C	C	791.9	29.8046	56	55	0	791.9	0	0
8239	T	T	778.56	29.9275	58	58	0	0	0	778.56
8240	A	A	803.647	29.9871	59	59	803.647	0	0	0
8241	T	G	777.325	29.8667	57	55	0	0	777.325	0
8242	A	A	775.668	29.8046	56	56	775.668	0	0	0
8243	T	T	781.867	30.1513	58	58	0	0	0	781.867
8244	A	A	778.592	30.5787	57	57	778.592	0	0	0
8245	C	C	834.805	30.6369	58	58	0	834.805	0	0
8246	A	A	795.813	30.6939	59	59	795.813	0	0	0
8247	A	A	821.112	30.8043	61	61	821.112	0	0	0
8248	C	C	805.705	31.1278	57	56	0	805.705	0	0
8249	T	T	777.704	31.1278	57	57	0	0	0	777.704
8250	T	T	799.591	31.1837	58	58	0	0	0	799.591
8251	C	C	808.524	31.3752	56	56	0	808.524	0	0
8252	G	G	747.775	31.7026	56	53	0	0	747.775	0
8253	T	T	799.022	31.861	59	59	0	0	0	799.022
8254	A	A	754.017	32.1088	57	57	754.017	0	0	0
8255	A	A	738.779	32.7677	54	54	738.779	0	0	0
8256	A	A	720.003	32.665	52	52	720.003	0	0	0
8257	G	G	803.474	33.0032	59	57	0	0	803.474	0
8258	G	G	813.499	33.0032	59	57	0	0	813.499	0
8259	A	A	826.871	33.0032	59	59	826.871	0	0	0
8260	C	C	784.298	33.1315	62	57	0	784.298	0	0
8261	C	C	870.931	33.5807	62	61	0	870.931	0	0
8262	A	A	860.995	34.6188	61	61	860.995	0	0	0
8263	A	A	881.034	34.6774	63	63	881.034	0	0	0
8264	A	A	892.172	34.7056	64	64	892.172	0	0	0
8265	C	C	868.627	34.7056	64	61	0	868.627	0	0
8266	A	A	880.636	35.3445	64	64	880.636	0	0	0
8267	T	T	878.614	35.3445	64	64	0	0	0	878.614
8268	T	T	895.277	36.1187	66	66	0	0	0	895.277
8269	G	G	921.862	36.1422	68	65	0	0	921.862	0
8270	T	T	911.537	36.1422	68	68	0	0	0	911.537
8271	A	A	921.395	36.1306	67	67	921.395	0	0	0
8272	G	G	951.216	36.1306	67	66	0	0	951.216	0
8273	G	G	994.768	36.1535	69	69	0	0	994.768	0
8274	A	A	972.127	35.4641	70	70	972.127	0	0	0
8275	C	C	964.76	35.4641	70	68	0	964.76	0	0
8276	C	C	1004.13	35.4824	71	70	0	1004.13	0	0
8277	C	C	919.305	35.4824	71	66	0	919.305	0	0
8278	T	T	977.651	35.5176	73	73	0	0	0	977.651
8279	A	A	1033.05	35.5176	73	73	1033.05	0	0	0
8280	T	T	1015.9	35.5512	75	75	0	0	0	1015.9
8281	G	G	1086.12	35.5512	75	75	0	0	1086.12	0
8282	G	G	1060.22	35.5512	75	74	0	0	1060.22	0
8283	T	T	1059.19	35.5834	77	77	0	0	0	1059.19
8284	C	C	1078.96	35.5834	77	75	0	1078.96	0	0
8285	T	T	1069.18	35.5834	77	77	0	0	0	1069.18
8286	C	C	1084.68	35.5512	75	75	0	1084.68	0	0
8287	C	C	1071.14	35.5346	74	74	0	1071.14	0	0
8288	T	T	1047.96	35.5346	74	74	0	0	0	1047.96
8289	A	A	971.22	35.4641	70	70	971.22	0	0	0
8290	C	C	1013.34	35.4824	71	70	0	1013.34	0	0
8291	A	A	999.309	34.885	71	71	999.309	0	0	0
8292	A	A	983.059	34.8118	68	68	983.059	0	0	0
8293	C	C	997.354	34.8367	69	69	0	997.354	0	0
8294	C	C	940.819	34.8367	69	66	0	940.819	0	0
8295	T	T	980.418	34.8612	70	70	0	0	0	980.418
8296	A	A	967.48	34.885	71	71	967.48	0	0	0
8297	T	T	1005.11	34.885	71	71	0	0	0	1005.11
8298	C	C	967.296	34.8612	70	68	0	967.296	0	0
8299	G	G	976.404	34.885	71	69	0	0	976.404	0
8300	C	C	1023.6	34.9083	72	71	0	1023.6	0	0
8301	A	A	946.223	34.885	71	71	946.223	0	0	0
8302	G	G	1007.86	34.3599	71	70	0	0	1007.86	0
8303	A	A	968.805	34.3599	71	71	968.805	0	0	0
8304	T	T	950.339	34.3599	71	71	0	0	0	950.339
8305	G	G	963.067	34.3318	70	68	0	0	963.067	0
8306	C	C	926.349	34.2735	68	66	0	926.349	0	0
8307	T	T	965.74	34.3599	71	71	0	0	0	965.74
8308	A	A	941.357	34.3875	72	72	941.357	0	0	0
8309	C	C	998.778	34.3875	72	70	0	998.778	0	0
8310	A	A	923.411	34.3599	71	71	923.411	0	0	0
8311	A	A	897.522	33.7266	66	66	897.522	0	0	0
8312	A	A	865.116	33.6913	65	65	865.116	0	0	0
8313	A	A	871.695	33.6185	63	63	871.695	0	0	0
8314	C	C	894.864	33.6185	63	62	0	894.864	0	0
8315	T	A	891.264	33.6553	64	64	891.264	0	0	0
8316	T	T	894.389	33.7266	66	66	0	0	0	894.389
8317	T	T	866.985	33.6913	65	65	0	0	0	866.985
8318	T	T	896.516	33.761	67	67	0	0	0	896.516
8319	T	T	895.295	33.7266	66	66	0	0	0	895.295
8320	A	A	910.317	33.7947	68	68	910.317	0	0	0
8321	C	C	938.652	34.2126	66	65	0	938.652	0	0
8322	C	C	938.133	34.1811	65	65	0	938.133	0	0
8323	A	A	891.733	34.2126	66	66	891.733	0	0	0
8324	A	A	878.345	34.1488	64	64	878.345	0	0	0
8325	A	A	861.113	34.1157	63	63	861.113	0	0	0
8326	G	G	837.057	34.0819	62	59	0	0	837.057	0
8327	A	A	865.328	34.1157	63	63	865.328	0	0	0
8328	A	A	867.752	34.1811	65	65	867.752	0	0	0
8329	C	C	893.323	34.6774	63	62	0	893.323	0	0
8330	C	C	908.222	35.3227	63	63	0	908.222	0	0
8331	C	C	876.167	35.3227	63	61	0	876.167	0	0
8332	T	T	857.669	35.3003	62	62	0	0	0	857.669
8333	T	T	844.726	35.3003	62	62	0	0	0	844.726
8334	G	G	866.041	35.2773	61	60	0	0	866.041	0
8335	C	C	807.661	35.2537	60	57	0	807.661	0	0
8336	G	G	867.56	35.2773	61	60	0	0	867.56	0
8337	C	C	840.502	36.0397	60	59	0	840.502	0	0
8338	C	C	805.947	36.0251	59	57	0	805.947	0	0
8339	C	C	832.37	35.2537	60	58	0	832.37	0	0
8340	A	A	859.882	35.3227	63	63	859.882	0	0	0
8341	C	C	915.478	35.3864	66	64	0	915.478	0	0
8342	T	T	887.76	34.7862	67	67	0	0	0	887.76
8343	C	C	838.13	34.76	66	61	0	838.13	0	0
8344	A	A	862.017	35.3445	64	64	862.017	0	0	0
8345	C	C	851.624	35.3227	63	60	0	851.624	0	0
8346	A	A	881.365	35.3445	64	64	881.365	0	0	0
8347	T	T	865.888	35.3003	62	62	0	0	0	865.888
8348	C	C	863.327	35.2773	61	60	0	863.327	0	0
8349	A	A	838.638	35.2537	60	60	838.638	0	0	0
8350	T	T	855.155	35.3003	62	62	0	0	0	855.155
8351	C	C	909.269	35.3227	63	63	0	909.269	0	0
8352	T	T	861.305	35.3227	63	63	0	0	0	861.305
8353	A	A	863.692	35.3227	63	63	863.692	0	0	0
8354	C	C	837.336	35.3003	62	59	0	837.336	0	0
8355	A	A	824.713	35.2773	61	61	824.713	0	0	0
8356	A	A	832.048	35.2773	61	61	832.048	0	0	0
8357	C	C	864.219	35.2537	60	60	0	864.219	0	0
8358	T	T	847.654	35.2773	61	61	0	0	0	847.654
8359	A	A	807.736	35.3227	63	63	807.736	0	0	0
8360	T	T	836.954	35.3227	63	63	0	0	0	836.954
8361	A	A	824.082	35.3445	64	64	824.082	0	0	0
8362	T	T	833.339	35.3003	62	62	0	0	0	833.339
8363	T	T	757.893	35.1522	56	56	0	0	0	757.893
8364	T	T	760.057	35.1249	55	55	0	0	0	760.057
8365	A	A	781.349	35.1522	56	56	781.349	0	0	0
8366	T	T	781.059	35.1787	57	57	0	0	0	781.059
8367	T	T	811.022	35.2773	61	61	0	0	0	811.022
8368	A	A	817.617	35.2537	60	60	817.617	0	0	0
8369	T	T	804.68	35.3227	63	63	0	0	0	804.68
8370	A	A	858.573	35.2773	61	61	858.573	0	0	0
8371	G	G	864.305	34.6485	62	60	0	0	864.305	0
8372	C	C	849.32	34.5884	60	59	0	849.32	0	0
8373	C	C	814.575	34.5572	59	57	0	814.575	0	0
8374	C	C	846.349	34.6188	61	59	0	846.349	0	0
8375	C	C	894.029	34.6485	62	62	0	894.029	0	0
8376	T	T	881.626	34.7056	64	64	0	0	0	881.626
8377	A	A	892.376	34.76	66	66	892.376	0	0	0
8378	T	T	874.199	34.76	66	66	0	0	0	874.199
8379	T	T	885.053	34.76	66	66	0	0	0	885.053
8380	C	A	892.527	34.7862	67	67	892.527	0	0	0
8381	T	T	872.972	34.7056	64	64	0	0	0	872.972
8382	A	A	863.779	34.6485	62	62	863.779	0	0	0
8383	G	G	895.545	34.6774	63	62	0	0	895.545	0
8384	C	C	881.217	35.3003	62	61	0	881.217	0	0
8385	C	C	881.409	35.2773	61	61	0	881.409	0	0
8386	C	C	878.045	35.3227	63	61	0	878.045	0	0
8387	T	T	880.56	36.1064	65	65	0	0	0	880.56
8388	A	A	888.693	36.1064	65	65	888.693	0	0	0
8389	A	A	877.477	36.1187	66	66	877.477	0	0	0
8390	C	C	954.222	36.1535	69	67	0	954.222	0	0
8391	A	A	896.814	36.1306	67	67	896.814	0	0	0
8392	C	C	963.379	36.1306	67	67	0	963.379	0	0
8393	T	T	897.752	35.4066	67	67	0	0	0	897.752
8394	A	A	894.099	35.3657	65	65	894.099	0	0	0
8395	G	G	909.148	35.3445	64	63	0	0	909.148	0
8396	C	C	888.187	35.3445	64	62	0	888.187	0	0
8397	C	C	937.901	35.3864	66	65	0	937.901	0	0
8398	C	C	912.721	35.4066	67	64	0	912.721	0	0
8399	T	T	891.673	35.3657	65	65	0	0	0	891.673
8400	A	A	924.631	35.4066	67	67	924.631	0	0	0
8401	A	A	902.986	35.3864	66	66	902.986	0	0	0
8402	C	C	966.492	35.4262	68	67	0	966.492	0	0
8403	T	T	917.746	35.3864	66	66	0	0	0	917.746
8404	A	A	894.829	35.4066	67	67	894.829	0	0	0
8405	T	T	907.213	35.3657	65	65	0	0	0	907.213
8406	A	A	862.87	35.3445	64	64	862.87	0	0	0
8407	T	T	893.189	35.3445	64	64	0	0	0	893.189
8408	G	G	845.904	35.3003	62	60	0	0	845.904	0
8409	A	A	815.686	35.3003	62	62	815.686	0	0	0
8410	G	G	889.682	36.0809	63	62	0	0	889.682	0
8411	T	T	861.988	36.1064	65	65	0	0	0	861.988
8412	T	T	838.05	36.0809	63	63	0	0	0	838.05
8413	C	C	786.625	36.0397	60	56	0	786.625	0	0
8414	C	C	882.752	36.0938	64	62	0	882.752	0	0
8415	C	C	920.985	36.0938	64	64	0	920.985	0	0
8416	C	C	864.518	36.0538	61	60	0	864.518	0	0
8417	T	T	839.76	36.0397	60	60	0	0	0	839.76
8418	A	A	822.483	36.0251	59	59	822.483	0	0	0
8419	C	C	825.339	36.0397	60	58	0	825.339	0	0
8420	C	C	853.328	36.0397	60	59	0	853.328	0	0
8421	A	A	804.944	36.0251	59	59	804.944	0	0	0
8422	A	A	817.832	36.0397	60	60	817.832	0	0	0
8423	T	T	834.719	37	62	62	0	0	0	834.719
8424	G	G	866.439	37	61	60	0	0	866.439	0
8425	C	C	836.346	36.0675	62	59	0	836.346	0	0
8426	C	C	864.991	35.3445	64	61	0	864.991	0	0
8427	A	A	926.264	35.3657	65	65	926.264	0	0	0
8428	T	T	886.615	35.3657	65	65	0	0	0	886.615
8429	A	A	910.961	35.3445	64	64	910.961	0	0	0
8430	C	C	879.523	35.3445	64	62	0	879.523	0	0
8431	C	C	940.838	34.7331	65	65	0	940.838	0	0
8432	C	C	911.249	34.7056	64	63	0	911.249	0	0
8433	C	C	909.336	34.76	66	64	0	909.336	0	0
8434	C	C	936.678	34.76	66	65	0	936.678	0	0
8435	T	T	886.649	34.7056	64	64	0	0	0	886.649
8436	T	T	843.289	34.6188	61	61	0	0	0	843.289
8437	G	G	782.161	34.5572	59	56	0	0	782.161	0
8438	T	T	845.436	34.6188	61	61	0	0	0	845.436
8439	C	C	835.315	34.1157	63	59	0	835.315	0	0
8440	A	A	817.048	34.0472	61	61	817.048	0	0	0
8441	A	A	781.82	33.9752	59	59	781.82	0	0	0
8442	T	T	789.676	33.8994	57	57	0	0	0	789.676
8443	A	A	767.006	33.8994	57	57	767.006	0	0	0
8444	T	T	809.699	33.9378	58	58	0	0	0	809.699
8445	A	A	771.534	33.8994	57	57	771.534	0	0	0
8446	A	A	761.953	33.86	56	56	761.953	0	0	0
8447	A	A	779.194	33.86	56	56	779.194	0	0	0
8448	C	C	806.69	33.86	56	56	0	806.69	0	0
8449	C	C	769.434	33.86	56	54	0	769.434	0	0
8450	T	T	770.773	33.86	56	56	0	0	0	770.773
8451	C	C	791.535	33.8195	55	55	0	791.535	0	0
8452	G	G	821.691	33.8994	57	57	0	0	821.691	0
8453	G	C	754.755	34.5251	58	54	0	754.755	0	0
8454	A	A	795.416	34.5572	59	59	795.416	0	0	0
8455	G	G	820.801	34.5251	58	57	0	0	820.801	0
8456	T	T	796.797	34.5572	59	59	0	0	0	796.797
8457	A	A	765.851	34.5572	59	59	765.851	0	0	0
8458	C	C	749.249	34.4921	57	54	0	749.249	0	0
8459	T	T	786.347	34.4921	57	57	0	0	0	786.347
8460	G	G	801.362	35.1522	56	56	0	0	801.362	0
8461	T	T	700.383	34.9752	50	50	0	0	0	700.383
8462	T	T	714.751	35.0379	52	52	0	0	0	714.751
8463	T	T	730.776	35.0678	53	53	0	0	0	730.776
8464	A	A	719.3	35.0379	52	52	719.3	0	0	0
8465	T	T	734.209	35.0678	53	53	0	0	0	734.209
8466	A	A	699.325	34.9752	50	50	699.325	0	0	0
8467	T	T	714.643	34.9752	50	50	0	0	0	714.643
8468	T	T	712.376	34.9752	50	50	0	0	0	712.376
8469	A	A	660.42	34.9423	49	49	660.42	0	0	0
8470	G	G	673.247	34.9083	48	47	0	0	673.247	0
8471	C	C	684.989	34.9752	50	48	0	684.989	0	0
8472	A	A	634.425	34.9083	48	48	634.425	0	0	0
8473	A	A	685.508	35.8902	51	51	685.508	0	0	0
8474	T	T	668.991	35.8902	51	51	0	0	0	668.991
8475	A	A	718.688	35.9091	52	52	718.688	0	0	0
8476	T	T	679.202	35.9091	52	52	0	0	0	679.202
8477	C	C	701.978	35.9273	53	50	0	701.978	0	0
8478	A	A	689.06	35.9091	52	52	689.06	0	0	0
8479	A	A	686.775	35.9091	52	52	686.775	0	0	0
8480	G	G	663.16	35.9273	53	48	0	0	663.16	0
8481	C	C	698.184	35.8902	51	49	0	698.184	0	0
8482	T	T	683.738	35.8504	49	49	0	0	0	683.738
8483	T	T	656.825	37	47	47	0	0	0	656.825
8484	A	A	668.435	37	47	47	668.435	0	0	0
8485	G	G	654.812	37	47	46	0	0	654.812	0
8486	C	C	705.134	37	49	49	0	705.134	0	0
8487	T	T	692.664	37	51	51	0	0	0	692.664
8488	G	G	735.567	37	51	51	0	0	735.567	0
8489	T	T	713.127	37	54	54	0	0	0	713.127
8490	A	A	732.177	37	53	53	732.177	0	0	0
8491	T	T	723.982	37	54	54	0	0	0	723.982
8492	A	A	745.925	35.962	55	55	745.925	0	0	0
8493	T	T	729.882	35.962	55	55	0	0	0	729.882
8494	T	T	740.925	35.945	54	54	0	0	0	740.925
8495	C	C	740.493	35.9945	57	53	0	740.493	0	0
8496	T	T	744.126	35.9785	56	56	0	0	0	744.126
8497	A	A	789.989	36.01	58	58	789.989	0	0	0
8498	T	T	759.048	35.9945	57	57	0	0	0	759.048
8499	C	C	833.222	36.01	58	58	0	833.222	0	0
8500	C	C	777.175	36.01	58	55	0	777.175	0	0
8501	T	T	758.385	35.9945	57	57	0	0	0	758.385
8502	T	T	784.501	35.9945	57	57	0	0	0	784.501
8503	T	T	784.469	35.9945	57	57	0	0	0	784.469
8504	G	G	801.729	35.9945	57	56	0	0	801.729	0
8505	A	A	794.982	36.0251	59	59	794.982	0	0	0
8506	T	T	820.242	35.2773	61	61	0	0	0	820.242
8507	C	C	819.992	35.1787	57	57	0	819.992	0	0
8508	G	G	758.144	35.1787	57	54	0	0	758.144	0
8509	G	G	763.607	35.1522	56	54	0	0	763.607	0
8510	G	G	761.196	35.1522	56	54	0	0	761.196	0
8511	A	A	774.127	35.1787	57	57	774.127	0	0	0
8512	T	T	784.728	35.1522	56	56	0	0	0	784.728
8513	G	G	794.35	35.2294	59	56	0	0	794.35	0
8514	G	G	829.29	35.2537	60	58	0	0	829.29	0
8515	G	G	792.123	35.2044	58	56	0	0	792.123	0
8516	C	C	823.599	35.2537	60	58	0	823.599	0	0
8517	T	T	823.399	35.3227	63	63	0	0	0	823.399
8518	T	T	857.297	35.3657	65	65	0	0	0	857.297
8519	C	C	906.847	36.0809	63	63	0	906.847	0	0
8520	A	A	877.552	36.0938	64	64	877.552	0	0	0
8521	A	A	867.538	36.0809	63	63	867.538	0	0	0
8522	A	A	897.894	36.0938	64	64	897.894	0	0	0
8523	C	C	838.744	36.0675	62	59	0	838.744	0	0
8524	T	T	851.135	36.0675	62	62	0	0	0	851.135
8525	C	C	858.947	36.0675	62	60	0	858.947	0	0
8526	A	A	823.49	36.0675	62	62	823.49	0	0	0
8527	A	A	838.35	36.0938	64	64	838.35	0	0	0
8528	A	A	814.206	36.0675	62	62	814.206	0	0	0
8529	A	A	804.911	36.0538	61	61	804.911	0	0	0
8530	T	T	833.092	35.2537	60	60	0	0	0	833.092
8531	A	A	820.085	34.5251	58	58	820.085	0	0	0
8532	C	C	778.708	34.5251	58	55	0	778.708	0	0
8533	G	G	813.024	34.5572	59	57	0	0	813.024	0
8534	C	C	822.837	34.6188	61	58	0	822.837	0	0
8535	T	T	828.291	34.6188	61	61	0	0	0	828.291
8536	C	C	893.233	34.6774	63	62	0	893.233	0	0
8537	T	T	838.038	34.6188	61	61	0	0	0	838.038
8538	G	G	791.222	34.5884	60	57	0	0	791.222	0
8539	A	A	882.173	34.6485	62	62	882.173	0	0	0
8540	T	T	858.931	34.7056	64	64	0	0	0	858.931
8541	T	T	887.925	34.76	66	66	0	0	0	887.925
8542	G	G	937.247	34.7331	65	65	0	0	937.247	0
8543	G	G	898.896	34.7331	65	63	0	0	898.896	0
8544	A	A	847.538	34.7056	64	64	847.538	0	0	0
8545	G	G	907.378	34.2434	67	64	0	0	907.378	0
8546	C	C	886.439	34.76	66	63	0	886.439	0	0
8547	C	C	854.044	35.3864	66	62	0	854.044	0	0
8548	C	C	894.806	35.3657	65	63	0	894.806	0	0
8549	T	T	856.074	35.3657	65	65	0	0	0	856.074
8550	A	A	889.114	35.3864	66	66	889.114	0	0	0
8551	C	C	921.72	35.4066	67	65	0	921.72	0	0
8552	G	G	883.794	35.3445	64	62	0	0	883.794	0
8553	A	A	871.53	35.4066	67	67	871.53	0	0	0
8554	G	G	839.231	35.3657	65	60	0	0	839.231	0
8555	C	C	868.835	36.0675	62	61	0	868.835	0	0
8556	C	C	864.349	36.0538	61	60	0	864.349	0	0
8557	G	G	844.667	36.0809	63	60	0	0	844.667	0
8558	T	T	834.523	36.0538	61	61	0	0	0	834.523
8559	A	A	780.727	36.0251	59	59	780.727	0	0	0
8560	G	G	804.282	35.9945	57	56	0	0	804.282	0
8561	C	C	781.174	35.2044	58	55	0	781.174	0	0
8562	C	C	821.408	35.2044	58	57	0	821.408	0	0
8563	C	C	764.503	35.1787	57	54	0	764.503	0	0
8564	A	A	790.205	35.1522	56	56	790.205	0	0	0
8565	G	G	779.643	35.1787	57	55	0	0	779.643	0
8566	A	A	803.254	35.1787	57	57	803.254	0	0	0
8567	C	C	811.912	35.2294	59	57	0	811.912	0	0
8568	A	A	857.488	35.3003	62	62	857.488	0	0	0
8569	A	A	844.724	35.3003	62	62	844.724	0	0	0
8570	T	T	813.945	35.2537	60	60	0	0	0	813.945
8571	C	C	851.721	35.2294	59	59	0	851.721	0	0
8572	T	T	827.625	35.2537	60	60	0	0	0	827.625
8573	C	C	879.375	35.2773	61	61	0	879.375	0	0
8574	A	A	830.988	35.3003	62	62	830.988	0	0	0
8575	T	T	842.813	35.3227	63	63	0	0	0	842.813
8576	A	A	871.519	36.0938	64	64	871.519	0	0	0
8577	T	T	843.643	36.1064	65	65	0	0	0	843.643
8578	G	G	901.618	36.1064	65	63	0	0	901.618	0
8579	A	A	866.097	36.0938	64	64	866.097	0	0	0
8580	A	A	848.344	36.0538	61	61	848.344	0	0	0
8581	G	G	813.305	36.0397	60	57	0	0	813.305	0
8582	T	T	836.901	36.0251	59	59	0	0	0	836.901
8583	C	C	846.135	36.0538	61	59	0	846.135	0	0
8584	A	A	856.859	36.0538	61	61	856.859	0	0	0
8585	C	C	839.25	36.0675	62	59	0	839.25	0	0
8586	A	A	837.059	37	59	59	837.059	0	0	0
8587	T	T	820.571	37	60	60	0	0	0	820.571
8588	T	T	853.805	37	62	62	0	0	0	853.805
8589	A	A	880.209	37	63	63	880.209	0	0	0
8590	G	G	889.666	37	66	63	0	0	889.666	0
8591	C	C	916.419	37	66	64	0	916.419	0	0
8592	C	C	949.705	37	67	66	0	949.705	0	0
8593	A	A	889.669	37	66	66	889.669	0	0	0
8594	T	T	893.602	37	65	65	0	0	0	893.602
8595	T	T	911.113	37	66	66	0	0	0	911.113
8596	A	A	874.967	37	64	64	874.967	0	0	0
8597	T	T	873.956	37	62	62	0	0	0	873.956
8598	C	C	921.409	37	65	64	0	921.409	0	0
8599	C	C	893.866	37	62	62	0	893.866	0	0
8600	T	T	872.913	37	64	64	0	0	0	872.913
8601	C	C	880.285	37	65	62	0	880.285	0	0
8602	C	C	918.703	37	65	64	0	918.703	0	0
8603	T	T	885.992	37	66	66	0	0	0	885.992
8604	A	A	882.692	37	67	66	882.692	0	0	0
8605	T	T	899.391	37	66	66	0	0	0	899.391
8606	C	C	936.81	37	65	65	0	936.81	0	0
8607	A	A	895.073	37	65	65	895.073	0	0	0
8608	G	G	877.827	37	64	62	0	0	877.827	0
8609	T	T	886.596	37	64	64	0	0	0	886.596
8610	C	C	899.889	37	65	63	0	899.889	0	0
8611	C	C	862.973	37	63	61	0	862.973	0	0
8612	T	T	880.94	37	64	64	0	0	0	880.94
8613	A	A	886.551	37	64	64	886.551	0	0	0
8614	C	C	909.6	37	63	63	0	909.6	0	0
8615	T	T	887.638	37	66	66	0	0	0	887.638
8616	A	A	920.326	37	66	66	920.326	0	0	0
8617	A	A	946.307	37	68	68	946.307	0	0	0
8618	T	T	910.351	37	68	68	0	0	0	910.351
8619	A	A	1011.51	37	72	72	1011.51	0	0	0
8620	A	A	993.781	37	72	72	993.781	0	0	0
8621	A	A	984.724	37	72	72	984.724	0	0	0
8622	T	T	960.167	37	70	70	0	0	0	960.167
8623	G	G	980.083	37	69	68	0	0	980.083	0
8624	G	G	987.961	37	71	69	0	0	987.961	0
8625	C	C	974.1	37	71	68	0	974.1	0	0
8626	T	T	977.055	37	71	71	0	0	0	977.055
8627	C	C	1011.41	37	70	70	0	1011.41	0	0
8628	A	A	970.456	37	72	72	970.456	0	0	0
8629	T	T	953.464	37	69	69	0	0	0	953.464
8630	T	T	959.745	37	69	69	0	0	0	959.745
8631	C	C	1007.13	37	72	70	0	1007.13	0	0
8632	A	A	933.545	37	69	69	933.545	0	0	0
8633	C	C	968.024	37	67	67	0	968.024	0	0
8634	A	A	908.877	37	68	68	908.877	0	0	0
8635	C	C	965.327	37	68	67	0	965.327	0	0
8636	T	T	925.536	37	65	65	0	0	0	925.536
8637	C	C	874.083	37	63	61	0	874.083	0	0
8638	T	T	852.054	37	60	60	0	0	0	852.054
8639	C	C	815.709	37	58	57	0	815.709	0	0
8640	T	T	842.712	37	61	61	0	0	0	842.712
8641	A	A	874.233	37	63	63	874.233	0	0	0
8642	C	C	876.545	37	64	62	0	876.545	0	0
8643	T	T	856.461	37	63	63	0	0	0	856.461
8644	T	T	875.735	37	66	66	0	0	0	875.735
8645	T	T	879.895	37	64	64	0	0	0	879.895
8646	A	A	871.973	37	63	63	871.973	0	0	0
8647	A	A	849.916	37	62	62	849.916	0	0	0
8648	T	T	861.9	37	61	61	0	0	0	861.9
8649	T	T	866.817	37	60	60	0	0	0	866.817
8650	A	A	812.276	37	60	60	812.276	0	0	0
8651	C	C	877.773	37	62	61	0	877.773	0	0
8652	T	T	834.533	37	60	60	0	0	0	834.533
8653	A	A	823.806	37	61	61	823.806	0	0	0
8654	C	C	836.131	37	58	58	0	836.131	0	0
8655	T	T	795.757	37	57	57	0	0	0	795.757
8656	C	C	810.865	37	56	56	0	810.865	0	0
8657	A	A	764.611	37	56	56	764.611	0	0	0
8658	A	A	762.218	37	54	54	762.218	0	0	0
8659	G	G	740.224	37	53	52	0	0	740.224	0
8660	A	A	730.152	37	53	53	730.152	0	0	0
8661	A	A	720.487	37	54	54	720.487	0	0	0
8662	C	C	766.038	37	53	53	0	766.038	0	0
8663	A	A	713.188	35.962	55	55	713.188	0	0	0
8664	C	C	722.308	35.945	54	51	0	722.308	0	0
8665	C	C	775.155	35.945	54	54	0	775.155	0	0
8666	T	T	696.51	35.8902	51	51	0	0	0	696.51
8667	C	C	671.459	35.0968	54	49	0	671.459	0	0
8668	T	T	701.167	35.0678	53	53	0	0	0	701.167
8669	G	G	806.28	35.1522	56	56	0	0	806.28	0
8670	A	A	801.826	35.2044	58	58	801.826	0	0	0
8671	C	C	811.356	35.2294	59	57	0	811.356	0	0
8672	T	T	759.155	35.2044	58	58	0	0	0	759.155
8673	A	A	782.201	35.1787	57	57	782.201	0	0	0
8674	A	A	815.228	35.2537	60	60	815.228	0	0	0
8675	T	T	831.899	35.3003	62	62	0	0	0	831.899
8676	T	T	862.342	35.3227	63	63	0	0	0	862.342
8677	T	T	810.254	35.2537	60	60	0	0	0	810.254
8678	T	T	805.764	35.3003	62	62	0	0	0	805.764
8679	C	C	806.214	35.3003	62	58	0	806.214	0	0
8680	C	C	782.65	35.2044	58	56	0	782.65	0	0
8681	C	C	859.964	34.6188	61	60	0	859.964	0	0
8682	C	C	861.392	34.6188	61	60	0	861.392	0	0
8683	A	A	860.144	34.6188	61	61	860.144	0	0	0
8684	C	C	919.573	34.7331	65	64	0	919.573	0	0
8685	A	A	938.432	34.7862	67	67	938.432	0	0	0
8686	T	T	899.249	34.76	66	66	0	0	0	899.249
8687	G	G	953.433	34.7862	67	66	0	0	953.433	0
8688	A	A	911.312	34.76	66	66	911.312	0	0	0
8689	C	C	933.97	34.7862	67	65	0	933.97	0	0
8690	C	C	917.777	34.76	66	64	0	917.777	0	0
8691	T	T	943.62	34.8367	69	69	0	0	0	943.62
8692	C	C	947.742	34.2735	68	66	0	947.742	0	0
8693	T	T	902.546	34.1811	65	65	0	0	0	902.546
8694	G	G	841.821	34.1488	64	60	0	0	841.821	0
8695	G	G	875.342	34.6485	62	61	0	0	875.342	0
8696	C	C	829.105	34.6485	62	59	0	829.105	0	0
8697	C	C	866.17	34.5884	60	60	0	866.17	0	0
8698	A	A	854.165	34.6188	61	61	854.165	0	0	0
8699	T	T	834.241	35.2773	61	61	0	0	0	834.241
8700	A	A	851.457	35.3003	62	62	851.457	0	0	0
8701	A	A	874.966	35.3445	64	64	874.966	0	0	0
8702	T	T	863.898	36.0809	63	63	0	0	0	863.898
8703	A	A	839.357	36.0675	62	62	839.357	0	0	0
8704	T	T	841.281	36.0538	61	61	0	0	0	841.281
8705	G	G	844.935	36.0538	61	59	0	0	844.935	0
8706	A	A	863.747	36.0809	63	63	863.747	0	0	0
8707	T	T	889.582	36.1064	65	65	0	0	0	889.582
8708	T	T	846.36	36.0809	63	63	0	0	0	846.36
8709	T	T	865.433	36.0809	63	63	0	0	0	865.433
8710	A	A	879.682	36.0809	63	63	879.682	0	0	0
8711	T	T	882.435	36.1064	65	65	0	0	0	882.435
8712	T	T	916.004	36.1422	68	68	0	0	0	916.004
8713	T	T	911.653	35.4066	67	67	0	0	0	911.653
8714	C	C	853.82	34.9083	72	63	0	853.82	0	0
8715	C	C	988.387	34.9083	72	70	0	988.387	0	0
8716	A	A	983.011	34.9083	72	72	983.011	0	0	0
8717	C	C	1011.42	34.9534	74	71	0	1011.42	0	0
8718	T	T	1008.13	34.9966	76	76	0	0	0	1008.13
8719	C	C	1035.65	34.9752	75	73	0	1035.65	0	0
8720	T	T	1028.07	34.9966	76	76	0	0	0	1028.07
8721	A	A	1030.8	34.4668	75	75	1030.8	0	0	0
8722	G	G	1098.58	34.4921	76	76	0	0	1098.58	0
8723	C	C	1011.39	34.5169	77	72	0	1011.39	0	0
8724	A	A	1066.53	34.4921	76	76	1066.53	0	0	0
8725	G	G	1031.02	34.5412	78	73	0	0	1031.02	0
8726	A	A	1063.17	35.0175	77	76	1063.17	0	0	0
8727	A	A	1062.3	35.0175	77	77	1062.3	0	0	0
8728	A	A	1040.77	35.0175	77	77	1040.77	0	0	0
8729	C	C	1089.76	35.0175	77	76	0	1089.76	0	0
8730	T	T	1067.92	34.9966	76	76	0	0	0	1067.92
8731	A	A	1018.99	34.9966	76	76	1018.99	0	0	0
8732	A	A	1009.1	34.9752	75	75	1009.1	0	0	0
8733	C	C	961.136	34.9083	72	68	0	961.136	0	0
8734	C	C	984.097	34.9083	72	69	0	984.097	0	0
8735	G	G	1066.49	34.9534	74	74	0	0	1066.49	0
8736	A	A	1016.15	34.9534	74	74	1016.15	0	0	0
8737	G	G	1061.63	34.9966	76	74	0	0	1061.63	0
8738	C	C	1024.59	34.5169	77	73	0	1024.59	0	0
8739	C	C	1002.18	34.4668	75	71	0	1002.18	0	0
8740	C	C	991.544	34.4409	74	70	0	991.544	0	0
8741	C	C	1081.3	34.4921	76	75	0	1081.3	0	0
8742	T	T	1050.15	34.5169	77	77	0	0	0	1050.15
8743	T	T	1064.64	34.5169	77	77	0	0	0	1064.64
8744	T	T	1085.2	34.5884	80	80	0	0	0	1085.2
8745	T	T	1113.44	34.6558	83	83	0	0	0	1113.44
8746	G	G	1106.78	34.6338	82	78	0	0	1106.78	0
8747	A	A	1047.63	35.0175	77	77	1047.63	0	0	0
8748	C	C	1095.96	35.0175	77	76	0	1095.96	0	0
8749	C	C	1066.6	34.9752	75	74	0	1066.6	0	0
8750	T	T	1044.39	34.9752	75	75	0	0	0	1044.39
8751	A	A	1038.94	34.9752	75	75	1038.94	0	0	0
8752	G	G	1024.23	34.9534	74	72	0	0	1024.23	0
8753	C	C	1055.49	35.0175	77	74	0	1055.49	0	0
8754	A	A	1048.4	34.9752	75	75	1048.4	0	0	0
8755	G	G	1024.37	34.9966	76	72	0	0	1024.37	0
8756	A	A	1096.23	35.0379	78	78	1096.23	0	0	0
8757	A	A	1104.26	35.0776	80	80	1104.26	0	0	0
8758	G	G	1083.7	35.058	79	76	0	0	1083.7	0
8759	G	G	1122.51	35.0776	80	78	0	0	1122.51	0
8760	A	A	1110.94	35.6289	80	80	1110.94	0	0	0
8761	G	G	1098.31	35.6289	80	77	0	0	1098.31	0
8762	A	A	1039.84	35.5675	76	76	1039.84	0	0	0
8763	G	G	1029.51	36.2058	74	72	0	0	1029.51	0
8764	T	T	1077.49	36.2155	75	75	0	0	0	1077.49
8765	C	C	1073.63	36.2155	75	74	0	1073.63	0	0
8766	A	A	961.767	36.2155	75	75	961.767	0	0	0
8767	G	G	1015.17	36.1752	71	71	0	0	1015.17	0
8768	A	A	877.715	37	66	66	877.715	0	0	0
8769	A	A	888.095	37	67	67	888.095	0	0	0
8770	T	T	914.931	37	66	66	0	0	0	914.931
8771	T	T	906.172	37	67	67	0	0	0	906.172
8772	A	A	898.983	37	66	66	898.983	0	0	0
8773	G	G	937.22	37	65	65	0	0	937.22	0
8774	T	T	883.666	37	66	66	0	0	0	883.666
8775	C	C	900.39	35.4262	68	64	0	900.39	0	0
8776	T	T	885.001	34.7862	67	67	0	0	0	885.001
8777	C	C	895.509	34.8118	68	64	0	895.509	0	0
8778	A	A	897.587	34.8118	68	68	897.587	0	0	0
8779	G	G	961.664	34.8118	68	67	0	0	961.664	0
8780	G	G	870.476	34.76	66	62	0	0	870.476	0
8781	T	T	890.087	34.7331	65	65	0	0	0	890.087
8782	T	T	887.252	34.7056	64	64	0	0	0	887.252
8783	T	T	853.257	34.6188	61	61	0	0	0	853.257
8784	C	C	895.696	34.6485	62	62	0	895.696	0	0
8785	A	A	808.493	34.6485	62	62	808.493	0	0	0
8786	A	A	779.266	34.4921	57	57	779.266	0	0	0
8787	C	C	801.923	34.5251	58	56	0	801.923	0	0
8788	G	G	823.424	34.5251	58	57	0	0	823.424	0
8789	T	T	794.067	34.6774	63	63	0	0	0	794.067
8790	C	C	862.151	34.7056	64	61	0	862.151	0	0
8791	G	G	899.276	34.7056	64	63	0	0	899.276	0
8792	A	A	881.292	34.7056	64	64	881.292	0	0	0
8793	G	G	843.714	34.6188	61	59	0	0	843.714	0
8794	T	T	876.085	34.6188	61	61	0	0	0	876.085
8795	A	A	828.266	34.5884	60	60	828.266	0	0	0
8796	C	C	894.139	34.6485	62	62	0	894.139	0	0
8797	G	G	905.299	34.7056	64	63	0	0	905.299	0
8798	C	C	860.392	35.3003	62	60	0	860.392	0	0
8799	A	A	879.596	35.3227	63	63	879.596	0	0	0
8800	G	G	874.675	35.3227	63	61	0	0	874.675	0
8801	C	C	935.56	35.3864	66	65	0	935.56	0	0
8802	A	A	914.825	35.3657	65	65	914.825	0	0	0
8803	G	G	883.436	36.0938	64	62	0	0	883.436	0
8804	G	G	870.734	37	63	61	0	0	870.734	0
8805	C	C	896.979	37	63	62	0	896.979	0	0
8806	C	C	861.822	37	64	61	0	861.822	0	0
8807	C	C	912.548	37	63	63	0	912.548	0	0
8808	A	A	842.657	37	64	64	842.657	0	0	0
8809	T	T	852.88	37	60	60	0	0	0	852.88
8810	T	T	865.51	37	61	61	0	0	0	865.51
8811	C	C	852.761	37	59	59	0	852.761	0	0
8812	G	G	750.186	37	56	53	0	0	750.186	0
8813	C	C	792.335	37	56	55	0	792.335	0	0
8814	C	C	780.746	37	54	54	0	780.746	0	0
8815	T	T	739.021	37	53	53	0	0	0	739.021
8816	T	T	695.427	37	50	50	0	0	0	695.427
8817	A	A	743.166	37	53	53	743.166	0	0	0
8818	T	T	735.174	37	55	55	0	0	0	735.174
8819	T	T	726.823	37	54	54	0	0	0	726.823
8820	T	T	748.775	37	55	55	0	0	0	748.775
8821	T	T	729.833	37	55	55	0	0	0	729.833
8822	T	T	760.415	37	56	56	0	0	0	760.415
8823	C	C	736.961	37	57	53	0	736.961	0	0
8824	T	T	749.428	37	55	55	0	0	0	749.428
8825	T	T	754.375	37	56	56	0	0	0	754.375
8826	A	A	745.096	37	57	57	745.096	0	0	0
8827	G	G	799.865	37	57	56	0	0	799.865	0
8828	C	C	767.045	37	57	54	0	767.045	0	0
8829	A	A	726.45	37	55	55	726.45	0	0	0
8830	G	G	731.237	37	52	51	0	0	731.237	0
8831	A	A	722.572	37	52	52	722.572	0	0	0
8832	A	A	725.754	37	51	51	725.754	0	0	0
8833	T	T	708.149	37	52	52	0	0	0	708.149
8834	A	A	760.389	37	54	54	760.389	0	0	0
8835	C	C	773.412	37	55	54	0	773.412	0	0
8836	A	A	792.589	37	57	57	792.589	0	0	0
8837	C	C	730.233	37	58	53	0	730.233	0	0
8838	C	C	806.468	37	57	56	0	806.468	0	0
8839	A	A	806.381	37	58	58	806.381	0	0	0
8840	A	A	813.763	37	58	58	813.763	0	0	0
8841	C	C	829.073	37	60	58	0	829.073	0	0
8842	A	A	812.037	37	58	58	812.037	0	0	0
8843	T	T	766.502	37	56	56	0	0	0	766.502
8844	T	T	800.591	37	57	57	0	0	0	800.591
8845	A	A	827.765	37	60	60	827.765	0	0	0
8846	T	T	822.659	37	60	60	0	0	0	822.659
8847	T	T	842.149	37	63	63	0	0	0	842.149
8848	A	A	868.523	37	64	64	868.523	0	0	0
8849	T	T	847.526	37	64	64	0	0	0	847.526
8850	A	A	908.872	37	66	66	908.872	0	0	0
8851	A	A	893.178	37	65	65	893.178	0	0	0
8852	T	T	881.326	37	64	64	0	0	0	881.326
8853	A	A	873.212	37	65	65	873.212	0	0	0
8854	A	A	858.578	37	65	65	858.578	0	0	0
8855	A	A	853.446	37	63	63	853.446	0	0	0
8856	T	T	884.114	37	64	64	0	0	0	884.114
8857	G	G	847.907	37	61	59	0	0	847.907	0
8858	C	C	826.82	36.0538	61	58	0	826.82	0	0
8859	C	C	850.485	36.0809	63	60	0	850.485	0	0
8860	C	C	920.65	36.0938	64	64	0	920.65	0	0
8861	T	T	870.556	36.0938	64	64	0	0	0	870.556
8862	C	C	907.504	36.1306	67	64	0	907.504	0	0
8863	A	A	932.106	36.1306	67	67	932.106	0	0	0
8864	C	C	909.366	36.1306	67	64	0	909.366	0	0
8865	G	G	963.048	36.1422	68	67	0	0	963.048	0
8866	A	A	904.683	36.1422	68	68	904.683	0	0	0
8867	C	C	966.799	36.1422	68	67	0	966.799	0	0
8868	T	T	922.973	36.1187	66	66	0	0	0	922.973
8869	A	A	874.361	36.0938	64	64	874.361	0	0	0
8870	T	T	870.696	36.0809	63	63	0	0	0	870.696
8871	C	C	875.344	36.0809	63	61	0	875.344	0	0
8872	C	C	852.205	36.0251	59	59	0	852.205	0	0
8873	T	T	832.296	36.0251	59	59	0	0	0	832.296
8874	A	A	819.613	36.0397	60	60	819.613	0	0	0
8875	T	T	888.837	36.1187	66	66	0	0	0	888.837
8876	T	T	860.374	36.1064	65	65	0	0	0	860.374
8877	C	C	889.394	36.1187	66	63	0	889.394	0	0
8878	T	T	863.046	36.1187	66	66	0	0	0	863.046
8879	T	T	862.255	36.1187	66	66	0	0	0	862.255
8880	T	T	881.945	37	64	64	0	0	0	881.945
8881	G	G	832.952	37	60	58	0	0	832.952	0
8882	G	G	792.805	37	59	56	0	0	792.805	0
8883	A	A	781.784	37	57	57	781.784	0	0	0
8884	G	G	820.898	37	57	57	0	0	820.898	0
8885	C	C	787.765	37	57	55	0	787.765	0	0
8886	A	A	764.599	37	58	58	764.599	0	0	0
8887	T	T	803.463	37	58	58	0	0	0	803.463
8888	T	T	765.466	37	56	56	0	0	0	765.466
8889	T	T	779.933	37	58	58	0	0	0	779.933
8890	C	C	804.82	37	57	56	0	804.82	0	0
8891	A	A	765.881	37	56	56	765.881	0	0	0
8892	T	T	758.586	37	57	57	0	0	0	758.586
8893	A	A	814.447	36.0251	59	59	814.447	0	0	0
8894	A	A	815.057	36.0251	59	59	815.057	0	0	0
8895	C	C	842.062	36.0538	61	59	0	842.062	0	0
8896	C	C	859.358	36.0538	61	60	0	859.358	0	0
8897	C	C	808.292	36.0397	60	57	0	808.292	0	0
8898	C	C	834.33	36.0251	59	58	0	834.33	0	0
8899	T	T	809.926	36.01	58	58	0	0	0	809.926
8900	A	A	792.694	35.9945	57	57	792.694	0	0	0
8901	C	C	810.695	35.1787	57	56	0	810.695	0	0
8902	A	A	822.126	35.2044	58	58	822.126	0	0	0
8903	T	T	840.426	35.3003	62	62	0	0	0	840.426
8904	A	A	843.288	35.2773	61	61	843.288	0	0	0
8905	C	C	830.117	35.2537	60	58	0	830.117	0	0
8906	C	C	865.572	35.2537	60	60	0	865.572	0	0
8907	A	A	811.546	35.2773	61	61	811.546	0	0	0
8908	G	G	840.877	35.2773	61	59	0	0	840.877	0
8909	A	A	763.24	35.1787	57	57	763.24	0	0	0
8910	A	A	764.334	34.4234	55	55	764.334	0	0	0
8911	C	C	770.22	33.9378	58	55	0	770.22	0	0
8912	T	T	785.592	33.9378	58	58	0	0	0	785.592
8913	A	A	809.752	33.9752	59	59	809.752	0	0	0
8914	T	T	786.708	33.5025	60	60	0	0	0	786.708
8915	A	A	840.666	33.5421	61	61	840.666	0	0	0
8916	C	C	823.19	33.1315	62	59	0	823.19	0	0
8917	A	A	858.73	33.1315	62	62	858.73	0	0	0
8918	C	C	890.025	33.1723	63	62	0	890.025	0	0
8919	T	T	848.17	33.1723	63	63	0	0	0	848.17
8920	G	C	874.755	33.2122	64	62	0	874.755	0	0
8921	T	T	867.582	33.2122	64	64	0	0	0	867.582
8922	C	C	908.346	33.2122	64	63	0	908.346	0	0
8923	A	A	890.673	33.2122	64	64	890.673	0	0	0
8924	A	A	873.943	33.2122	64	64	873.943	0	0	0
8925	C	C	905.341	33.2513	65	63	0	905.341	0	0
8926	T	T	913.364	33.2513	65	65	0	0	0	913.364
8927	T	T	918.612	33.7266	66	66	0	0	0	918.612
8928	C	C	906.939	33.6553	64	63	0	906.939	0	0
8929	A	A	880.72	33.6553	64	64	880.72	0	0	0
8930	C	C	870.874	33.6913	65	62	0	870.874	0	0
8931	T	T	899.925	33.7266	66	66	0	0	0	899.925
8932	G	G	960.384	34.2735	68	67	0	0	960.384	0
8933	T	T	877.343	34.7331	65	65	0	0	0	877.343
8934	A	A	863.757	34.7331	65	65	863.757	0	0	0
8935	A	A	844.999	34.6774	63	63	844.999	0	0	0
8936	A	A	812.316	35.2294	59	59	812.316	0	0	0
8937	A	A	801.267	35.2044	58	58	801.267	0	0	0
8938	A	A	794.934	35.2044	58	58	794.934	0	0	0
8939	C	C	838.553	35.2294	59	58	0	838.553	0	0
8940	A	A	792.079	35.2294	59	59	792.079	0	0	0
8941	C	C	810.137	35.1522	56	56	0	810.137	0	0
8942	T	T	778.586	35.962	55	55	0	0	0	778.586
8943	C	C	779.563	35.962	55	54	0	779.563	0	0
8944	C	C	794.8	35.962	55	55	0	794.8	0	0
8945	T	T	774.649	35.1522	56	56	0	0	0	774.649
8946	C	C	776.926	35.1249	55	54	0	776.926	0	0
8947	C	C	747.048	35.1522	56	53	0	747.048	0	0
8948	T	T	734.322	35.0678	53	53	0	0	0	734.322
8949	A	A	700.916	34.3506	53	53	700.916	0	0	0
8950	A	A	702.321	33.5997	50	50	702.321	0	0	0
8951	C	C	683.715	33.5997	50	48	0	683.715	0	0
8952	A	A	736.298	33.6913	52	52	736.298	0	0	0
8953	G	G	764.777	33.7353	53	53	0	0	764.777	0
8954	C	C	731.167	33.6913	52	51	0	731.167	0	0
8955	T	T	736.874	33.8195	55	55	0	0	0	736.874
8956	T	T	744.569	33.86	56	56	0	0	0	744.569
8957	C	C	780.82	33.86	56	55	0	780.82	0	0
8958	T	T	756.91	33.8195	55	55	0	0	0	756.91
8959	T	T	735.555	33.778	54	54	0	0	0	735.555
8960	T	T	773.001	33.3779	57	57	0	0	0	773.001
8961	C	C	737.059	32.8172	55	52	0	737.059	0	0
8962	C	C	791.921	32.8172	55	55	0	791.921	0	0
8963	T	T	733.214	32.8654	56	56	0	0	0	733.214
8964	A	A	822.514	32.9583	58	58	822.514	0	0	0
8965	T	T	784.279	32.9583	58	58	0	0	0	784.279
8966	G	G	778.559	32.9124	57	55	0	0	778.559	0
8967	A	A	867.145	32.68	61	61	867.145	0	0	0
8968	A	A	886.896	32.7677	63	63	886.896	0	0	0
8969	T	T	854.031	32.7677	63	63	0	0	0	854.031
8970	C	C	947.414	32.8924	66	66	0	947.414	0	0
8971	C	G	859.874	32.8102	64	61	0	0	859.874	0
8972	G	G	888.587	32.8102	64	62	0	0	888.587	0
8973	C	C	908.283	33.2895	66	64	0	908.283	0	0
8974	G	G	964.961	33.3635	68	67	0	0	964.961	0
8975	C	C	935.208	33.3635	68	66	0	935.208	0	0
8976	A	A	919.458	33.3269	67	67	919.458	0	0	0
8977	T	T	890.312	33.2513	65	65	0	0	0	890.312
8978	C	C	935.633	32.8924	66	65	0	935.633	0	0
8979	A	A	924.218	32.9322	67	67	924.218	0	0	0
8980	T	T	915.243	32.8924	66	66	0	0	0	915.243
8981	A	A	873.189	33.2513	65	65	873.189	0	0	0
8982	C	C	872.777	33.2513	65	62	0	872.777	0	0
8983	C	C	906.771	33.2122	64	63	0	906.771	0	0
8984	C	C	897.735	33.1315	62	62	0	897.735	0	0
8985	T	T	879.104	33.1315	62	62	0	0	0	879.104
8986	C	C	851.837	33.5025	60	59	0	851.837	0	0
8987	G	G	863.271	33.5421	61	60	0	0	863.271	0
8988	A	A	887.842	33.6553	64	64	887.842	0	0	0
8989	T	T	872.446	33.7266	66	66	0	0	0	872.446
8990	T	T	862.657	33.6913	65	65	0	0	0	862.657
8991	C	C	883.544	33.761	67	63	0	883.544	0	0
8992	C	C	894.001	33.7266	66	63	0	894.001	0	0
8993	G	G	997.34	33.8277	69	69	0	0	997.34	0
8994	A	A	1003.94	33.8916	71	71	1003.94	0	0	0
8995	T	T	961.361	33.9528	73	73	0	0	0	961.361
8996	A	A	996.37	33.8916	71	71	996.37	0	0	0
8997	C	C	969.126	33.8916	71	68	0	969.126	0	0
8998	G	G	1030.05	33.9528	73	72	0	0	1030.05	0
8999	A	A	1006.13	33.9528	73	73	1006.13	0	0	0
9000	C	C	999.655	34.0116	75	71	0	999.655	0	0
9001	C	C	1081.24	34.0116	75	75	0	1081.24	0	0
9002	A	A	1018.48	34.4668	75	75	1018.48	0	0	0
9003	A	A	1031.19	34.4921	76	76	1031.19	0	0	0
9004	C	C	1088.89	34.0955	78	76	0	1088.89	0	0
9005	T	T	1033.17	33.6614	77	77	0	0	0	1033.17
9006	A	A	1041.74	33.6614	77	77	1041.74	0	0	0
9007	A	A	1031.37	34.0401	76	76	1031.37	0	0	0
9008	T	T	1031.52	34.0401	76	76	0	0	0	1031.52
9009	A	A	993.772	34.0116	75	75	993.772	0	0	0
9010	C	C	979.917	33.8916	71	69	0	979.917	0	0
9011	A	A	938.461	33.8916	71	71	938.461	0	0	0
9012	C	G	989.443	33.86	70	69	0	0	989.443	0
9013	C	C	984.762	33.9225	72	69	0	984.762	0	0
9014	T	T	969.966	34.3599	71	71	0	0	0	969.966
9015	G	G	983.366	34.303	69	68	0	0	983.366	0
9016	C	C	968.209	34.8612	70	68	0	968.209	0	0
9017	T	T	915.663	34.8118	68	68	0	0	0	915.663
9018	A	A	975.971	34.8367	69	69	975.971	0	0	0
9019	T	T	967.203	34.8612	70	70	0	0	0	967.203
9020	G	G	994.815	34.8612	70	69	0	0	994.815	0
9021	A	A	972.368	34.8612	70	70	972.368	0	0	0
9022	A	A	947.382	34.8118	68	68	947.382	0	0	0
9023	A	A	922.163	34.8118	68	68	922.163	0	0	0
9024	A	A	910.845	34.8118	68	68	910.845	0	0	0
9025	A	A	933.579	34.885	71	71	933.579	0	0	0
9026	A	A	930.721	34.8612	70	70	930.721	0	0	0
9027	T	T	945.943	34.8118	68	68	0	0	0	945.943
9028	T	T	910.237	34.76	66	66	0	0	0	910.237
9029	T	T	873.342	34.6774	63	63	0	0	0	873.342
9030	C	C	850.873	34.6485	62	60	0	850.873	0	0
9031	C	C	910.035	34.7056	64	63	0	910.035	0	0
9032	T	T	899.969	34.7331	65	65	0	0	0	899.969
9033	A	A	896.323	34.7862	67	67	896.323	0	0	0
9034	C	C	846.367	34.7056	64	60	0	846.367	0	0
9035	C	C	865.57	34.2434	67	62	0	865.57	0	0
9036	C	C	941.948	34.2735	68	66	0	941.948	0	0
9037	C	C	951.714	34.2735	68	67	0	951.714	0	0
9038	T	T	923.344	34.303	69	69	0	0	0	923.344
9039	C	C	908.996	34.2434	67	64	0	908.996	0	0
9040	A	A	879.179	34.2126	66	66	879.179	0	0	0
9041	C	C	876.764	34.1157	63	61	0	876.764	0	0
9042	A	A	847.812	34.1157	63	63	847.812	0	0	0
9043	C	C	910.787	34.1488	64	63	0	910.787	0	0
9044	T	T	867.676	34.1157	63	63	0	0	0	867.676
9045	G	G	810.165	34.1157	63	58	0	0	810.165	0
9046	G	G	849.512	34.1157	63	60	0	0	849.512	0
9047	C	C	836.954	34.6485	62	59	0	836.954	0	0
9048	C	C	813.71	35.2294	59	57	0	813.71	0	0
9049	C	C	808.582	35.1522	56	56	0	808.582	0	0
9050	T	T	783.973	35.1787	57	57	0	0	0	783.973
9051	G	G	809.122	35.9785	56	56	0	0	809.122	0
9052	T	T	800.279	36.0251	59	59	0	0	0	800.279
9053	G	G	836.681	36.01	58	58	0	0	836.681	0
9054	C	C	797.099	36.01	58	56	0	797.099	0	0
9055	A	A	841.443	36.0397	60	60	841.443	0	0	0
9056	T	T	812.047	36.0397	60	60	0	0	0	812.047
9057	G	G	854.421	36.0251	59	59	0	0	854.421	0
9058	T	T	816.283	36.0251	59	59	0	0	0	816.283
9059	G	G	835.59	36.0251	59	58	0	0	835.59	0
9060	A	A	828.987	36.0397	60	60	828.987	0	0	0
9061	C	C	881.217	36.0538	61	61	0	881.217	0	0
9062	A	A	900.957	36.1064	65	65	900.957	0	0	0
9063	T	T	830.819	36.0675	62	62	0	0	0	830.819
9064	G	G	907.623	36.0938	64	63	0	0	907.623	0
9065	T	T	861.155	36.1064	65	65	0	0	0	861.155
9066	A	A	902.079	36.1064	65	65	902.079	0	0	0
9067	A	A	912.143	36.1187	66	66	912.143	0	0	0
9068	C	C	894.286	36.1064	65	63	0	894.286	0	0
9069	A	A	864.231	37	62	62	864.231	0	0	0
9070	C	C	869.708	36.0538	61	60	0	869.708	0	0
9071	T	T	879.481	36.0675	62	62	0	0	0	879.481
9072	A	A	855.827	36.0809	63	63	855.827	0	0	0
9073	C	C	889.431	36.1187	66	63	0	889.431	0	0
9074	C	C	925.14	36.1306	67	65	0	925.14	0	0
9075	C	C	871.717	36.1187	66	62	0	871.717	0	0
9076	A	A	900.772	36.1064	65	65	900.772	0	0	0
9077	T	T	878.231	36.1187	66	66	0	0	0	878.231
9078	T	T	896.298	36.1064	65	65	0	0	0	896.298
9079	A	A	889.766	36.1187	66	66	889.766	0	0	0
9080	T	T	881.097	36.0809	63	63	0	0	0	881.097
9081	C	C	888.261	36.0938	64	62	0	888.261	0	0
9082	A	A	849.629	36.0809	63	63	849.629	0	0	0
9083	C	C	825.798	36.0538	61	58	0	825.798	0	0
9084	A	A	885.848	36.0809	63	63	885.848	0	0	0
9085	G	G	879.861	36.0675	62	61	0	0	879.861	0
9086	C	C	907.781	36.0938	64	63	0	907.781	0	0
9087	A	A	917.109	36.1306	67	67	917.109	0	0	0
9088	A	A	918.847	36.1422	68	68	918.847	0	0	0
9089	G	G	965.952	36.1422	68	67	0	0	965.952	0
9090	C	C	859.294	36.1306	67	62	0	859.294	0	0
9091	A	A	899.063	36.1187	66	66	899.063	0	0	0
9092	T	T	905.845	36.1187	66	66	0	0	0	905.845
9093	T	T	917.099	36.1422	68	68	0	0	0	917.099
9094	C	C	922.467	35.4262	68	65	0	922.467	0	0
9095	C	C	932.977	35.4262	68	66	0	932.977	0	0
9096	T	T	903.205	35.3864	66	66	0	0	0	903.205
9097	C	C	923.137	35.4262	68	65	0	923.137	0	0
9098	C	C	976.006	35.4641	70	68	0	976.006	0	0
9099	T	T	929.581	35.4641	70	70	0	0	0	929.581
9100	C	C	1005.74	35.4641	70	70	0	1005.74	0	0
9101	A	A	953.435	35.4454	69	69	953.435	0	0	0
9102	A	A	969.679	35.4824	71	71	969.679	0	0	0
9103	A	A	981.54	35.4641	70	70	981.54	0	0	0
9104	T	T	972.831	35.4824	71	71	0	0	0	972.831
9105	A	A	994.176	35.4824	71	71	994.176	0	0	0
9106	T	T	954.13	35.4454	69	69	0	0	0	954.13
9107	A	A	942.091	35.4454	69	69	942.091	0	0	0
9108	A	A	973.846	35.5002	72	72	973.846	0	0	0
9109	G	G	996.864	35.5176	73	70	0	0	996.864	0
9110	A	A	949.399	36.1752	71	71	949.399	0	0	0
9111	A	A	940.276	36.1535	69	69	940.276	0	0	0
9112	A	A	944.901	36.1422	68	68	944.901	0	0	0
9113	T	T	947.667	36.1535	69	69	0	0	0	947.667
9114	A	A	987.472	36.1752	71	71	987.472	0	0	0
9115	T	T	957.148	36.1752	71	71	0	0	0	957.148
9116	G	G	989.066	36.1752	71	69	0	0	989.066	0
9117	T	T	961.526	36.1645	70	70	0	0	0	961.526
9118	C	C	986.429	36.1752	71	69	0	986.429	0	0
9119	T	T	988.142	36.1752	71	71	0	0	0	988.142
9120	G	G	1005.03	36.1752	71	70	0	0	1005.03	0
9121	A	A	906.378	36.1187	66	66	906.378	0	0	0
9122	C	C	917.939	37	66	64	0	917.939	0	0
9123	A	A	879.362	37	64	64	879.362	0	0	0
9124	A	A	853.954	37	62	62	853.954	0	0	0
9125	A	A	893.526	37	65	65	893.526	0	0	0
9126	A	A	888.803	37	66	66	888.803	0	0	0
9127	G	G	896.623	37	66	63	0	0	896.623	0
9128	A	A	863.662	37	64	64	863.662	0	0	0
9129	A	A	865.745	37	64	64	865.745	0	0	0
9130	T	T	892.461	37	65	65	0	0	0	892.461
9131	T	T	879.183	37	64	64	0	0	0	879.183
9132	A	A	850.805	37	63	63	850.805	0	0	0
9133	C	C	872.284	37	63	61	0	872.284	0	0
9134	T	T	852.282	37	63	63	0	0	0	852.282
9135	T	T	855.12	37	63	63	0	0	0	855.12
9136	T	T	856.881	37	63	63	0	0	0	856.881
9137	G	G	774.652	37	65	57	0	0	774.652	0
9138	A	A	824.41	37	62	62	824.41	0	0	0
9139	T	T	819.741	37	60	60	0	0	0	819.741
9140	A	A	850.493	37	63	63	850.493	0	0	0
9141	G	G	865.818	37	61	60	0	0	865.818	0
9142	A	A	845.768	37	62	62	845.768	0	0	0
9143	G	G	794.21	37	59	56	0	0	794.21	0
9144	T	T	812.618	37	60	60	0	0	0	812.618
9145	A	A	825.392	37	61	61	825.392	0	0	0
9146	A	A	827.075	37	62	62	827.075	0	0	0
9147	A	A	829.059	37	61	61	829.059	0	0	0
9148	T	T	805.449	37	59	59	0	0	0	805.449
9149	A	A	829.204	37	58	58	829.204	0	0	0
9150	A	A	792.667	37	58	58	792.667	0	0	0
9151	T	T	809.451	37	59	59	0	0	0	809.451
9152	A	A	837.448	37	61	61	837.448	0	0	0
9153	G	G	890.961	37	62	62	0	0	890.961	0
9154	A	A	805.092	37	63	63	805.092	0	0	0
9155	G	G	847.93	37	60	59	0	0	847.93	0
9156	G	G	824.814	37	60	58	0	0	824.814	0
9157	T	T	821.338	37	59	59	0	0	0	821.338
9158	T	T	772.892	37	55	55	0	0	0	772.892
9159	A	A	721.464	37	53	53	721.464	0	0	0
9160	G	G	721.902	37	54	51	0	0	721.902	0
9161	A	A	737.024	37	55	55	737.024	0	0	0
9162	A	A	774.645	37	57	57	774.645	0	0	0
9163	T	T	753.692	37	56	56	0	0	0	753.692
9164	C	C	726.48	37	55	52	0	726.48	0	0
9165	C	C	772.534	37	55	54	0	772.534	0	0
9166	T	T	750.94	37	57	57	0	0	0	750.94
9167	C	C	820.031	37	57	57	0	820.031	0	0
9168	T	T	764.528	37	56	56	0	0	0	764.528
9169	T	T	785.563	37	57	57	0	0	0	785.563
9170	A	A	731.372	37	53	53	731.372	0	0	0
9171	T	T	725.799	37	52	52	0	0	0	725.799
9172	T	T	734.95	37	54	54	0	0	0	734.95
9173	T	T	759.771	37	58	58	0	0	0	759.771
9174	C	C	738.584	37	58	53	0	738.584	0	0
9175	T	T	763.66	37	57	57	0	0	0	763.66
9176	A	A	777.263	37	57	57	777.263	0	0	0
9177	G	G	807.854	37	57	56	0	0	807.854	0
9178	A	A	768.332	37	57	57	768.332	0	0	0
9179	A	A	801.193	37	59	59	801.193	0	0	0
9180	T	T	770.016	37	56	56	0	0	0	770.016
9181	T	T	765.111	37	55	55	0	0	0	765.111
9182	A	A	800.458	37	58	58	800.458	0	0	0
9183	T	T	766.562	37	57	57	0	0	0	766.562
9184	A	A	826.436	37	58	58	826.436	0	0	0
9185	G	G	812.259	37	56	56	0	0	812.259	0
9186	G	G	841.438	37	58	58	0	0	841.438	0
9187	A	A	881.689	37	61	61	881.689	0	0	0
9188	A	A	877.121	37	62	62	877.121	0	0	0
9189	T	T	863.068	37	63	63	0	0	0	863.068
9190	C	C	905.469	37	64	63	0	905.469	0	0
9191	G	G	905.323	37	64	63	0	0	905.323	0
9192	A	A	849.283	37	63	63	849.283	0	0	0
9193	A	A	823.938	37	61	61	823.938	0	0	0
9194	C	C	839.829	37	58	58	0	839.829	0	0
9195	C	C	809.955	37	57	56	0	809.955	0	0
9196	T	T	819.172	37	58	58	0	0	0	819.172
9197	A	A	799.122	37	60	60	799.122	0	0	0
9198	A	A	766.967	37	58	58	766.967	0	0	0
9199	T	T	763.994	37	55	55	0	0	0	763.994
9200	C	C	798.231	37	60	57	0	798.231	0	0
9201	T	T	827.623	37	65	65	0	0	0	827.623
9202	T	T	823.382	37	63	63	0	0	0	823.382
9203	A	A	796.307	37	60	60	796.307	0	0	0
9204	A	A	806.098	36.0538	61	61	806.098	0	0	0
9205	G	G	850.246	36.0251	59	59	0	0	850.246	0
9206	A	A	846.949	36.0538	61	61	846.949	0	0	0
9207	A	A	882.231	35.3445	64	64	882.231	0	0	0
9208	C	C	810.595	35.3003	62	58	0	810.595	0	0
9209	T	T	815.183	35.2773	61	61	0	0	0	815.183
9210	C	C	807.927	35.3003	62	58	0	807.927	0	0
9211	A	A	869.807	35.3227	63	63	869.807	0	0	0
9212	A	A	836.97	35.2773	61	61	836.97	0	0	0
9213	A	A	821.64	35.2537	60	60	821.64	0	0	0
9214	A	A	829.089	35.2773	61	61	829.089	0	0	0
9215	A	A	851.815	35.3227	63	63	851.815	0	0	0
9216	T	T	857.467	35.2773	61	61	0	0	0	857.467
9217	C	C	851.455	35.2294	59	59	0	851.455	0	0
9218	T	T	814.634	35.2294	59	59	0	0	0	814.634
9219	T	T	816.127	35.2537	60	60	0	0	0	816.127
9220	C	C	831.384	35.2537	60	58	0	831.384	0	0
9221	G	G	829.126	35.2537	60	58	0	0	829.126	0
9222	T	T	856.593	35.3003	62	62	0	0	0	856.593
9223	G	G	872.168	35.3003	62	61	0	0	872.168	0
9224	C	C	881.805	35.3003	62	61	0	881.805	0	0
9225	T	T	834.322	35.2537	60	60	0	0	0	834.322
9226	A	A	837.202	35.2773	61	61	837.202	0	0	0
9227	C	C	864.44	34.6188	61	60	0	864.44	0	0
9228	C	C	811.134	34.5251	58	57	0	811.134	0	0
9229	T	T	799.635	34.5251	58	58	0	0	0	799.635
9230	A	A	823.08	34.5572	59	59	823.08	0	0	0
9231	A	A	848.231	34.0472	61	61	848.231	0	0	0
9232	T	T	828.877	33.9752	59	59	0	0	0	828.877
9233	T	T	835.97	34.0116	60	60	0	0	0	835.97
9234	A	A	848.132	33.5421	61	61	848.132	0	0	0
9235	C	C	834.602	33.9752	59	58	0	834.602	0	0
9236	A	A	849.377	34.0472	61	61	849.377	0	0	0
9237	C	C	882.598	32.8102	64	62	0	882.598	0	0
9238	C	C	859.997	32.4859	65	61	0	859.997	0	0
9239	A	T	877.474	32.4859	65	65	0	0	0	877.474
9240	T	T	867.912	32.4422	64	64	0	0	0	867.912
9241	A	A	885.599	32.5286	66	66	885.599	0	0	0
9242	T	T	882.992	32.1485	65	65	0	0	0	882.992
9243	C	C	901.697	31.8354	65	63	0	901.697	0	0
9244	C	C	862.972	31.7884	64	61	0	862.972	0	0
9245	T	T	876.705	31.8814	66	66	0	0	0	876.705
9246	A	A	911.009	31.8814	66	66	911.009	0	0	0
9247	A	A	921.91	31.6826	68	68	921.91	0	0	0
9248	A	A	933.199	31.4582	69	69	933.199	0	0	0
9249	G	G	979.24	31.4124	68	68	0	0	979.24	0
9250	T	T	931.983	31.4582	69	69	0	0	0	931.983
9251	A	A	963.399	31.7273	69	69	963.399	0	0	0
9252	A	A	959.27	31.9707	68	68	959.27	0	0	0
9253	G	G	961.272	31.7273	69	67	0	0	961.272	0
9254	G	G	983.106	31.7273	69	68	0	0	983.106	0
9255	T	T	952.049	31.7273	69	69	0	0	0	952.049
9256	C	C	998.062	31.7273	69	69	0	998.062	0	0
9257	A	A	951.149	31.6826	68	68	951.149	0	0	0
9258	G	G	947.316	31.6826	68	66	0	0	947.316	0
9259	C	C	984.126	31.6826	68	68	0	984.126	0	0
9260	T	T	951.394	31.6371	67	67	0	0	0	951.394
9261	A	A	911.751	31.6826	68	68	911.751	0	0	0
9262	A	A	884.119	31.6371	67	67	884.119	0	0	0
9263	A	A	887.309	31.2697	65	65	887.309	0	0	0
9264	T	T	913.717	31.3182	66	66	0	0	0	913.717
9265	A	A	877.665	31.2697	65	65	877.665	0	0	0
9266	A	A	895.651	31.3182	66	66	895.651	0	0	0
9267	G	G	868.414	31.0618	66	62	0	0	868.414	0
9268	C	C	934.055	30.8198	66	65	0	934.055	0	0
9269	T	T	863.465	30.9619	64	64	0	0	0	863.465
9270	A	T	872.007	30.9619	64	64	0	0	0	872.007
9271	T	T	908.399	31.1581	68	68	0	0	0	908.399
9272	C	C	931.573	31.3658	67	65	0	931.573	0	0
9273	G	G	941.752	31.1581	68	66	0	0	941.752	0
9274	G	G	903.668	31.0618	66	64	0	0	903.668	0
9275	G	G	933.594	31.3182	66	65	0	0	933.594	0
9276	C	C	921.985	30.7693	65	64	0	921.985	0	0
9277	C	C	912.344	30.8198	66	64	0	912.344	0	0
9278	C	C	937.55	30.7386	69	66	0	937.55	0	0
9279	A	A	937.78	30.9655	69	69	937.78	0	0	0
9280	T	T	934.852	31.0123	70	70	0	0	0	934.852
9281	A	A	930.337	30.5714	70	70	930.337	0	0	0
9282	C	C	929.257	30.4237	67	65	0	929.257	0	0
9283	C	C	893.371	30.4338	63	62	0	893.371	0	0
9284	C	C	870.895	30.4338	63	61	0	870.895	0	0
9285	C	C	926.188	30.487	64	64	0	926.188	0	0
9286	G	G	892.185	30.6121	62	62	0	0	892.185	0
9287	A	A	812.94	30.502	60	60	812.94	0	0	0
9288	A	A	831.644	30.5576	61	61	831.644	0	0	0
9289	A	A	819.64	30.7497	60	60	819.64	0	0	0
9290	A	A	803.096	30.6939	59	59	803.096	0	0	0
9291	T	T	809.03	30.5787	57	57	0	0	0	809.03
9292	G	G	808.735	30.2677	56	56	0	0	808.735	0
9293	T	T	811.477	30.3873	58	58	0	0	0	811.477
9294	T	G	746.395	30.2677	56	53	0	0	746.395	0
9295	G	G	830.749	30.502	60	58	0	0	830.749	0
9296	G	G	864.802	30.502	60	60	0	0	864.802	0
9297	T	T	827.041	30.9104	63	63	0	0	0	827.041
9298	T	T	834.944	30.8579	62	62	0	0	0	834.944
9299	T	T	839.533	30.8579	62	62	0	0	0	839.533
9300	A	A	825.703	31.1184	62	62	825.703	0	0	0
9301	T	T	821.699	31.2919	60	60	0	0	0	821.699
9302	C	C	819.528	31.1837	58	57	0	819.528	0	0
9303	C	C	813.627	31.2384	59	57	0	813.627	0	0
9304	C	C	814.771	31.2384	59	57	0	814.771	0	0
9305	C	C	847.751	31.2919	60	59	0	847.751	0	0
9306	T	T	807.513	31.2384	59	59	0	0	0	807.513
9307	T	T	765.875	31.0123	55	55	0	0	0	765.875
9308	C	G	792.993	31.0123	55	55	0	0	792.993	0
9309	C	C	790.554	31.3752	56	55	0	790.554	0	0
9310	C	C	788.51	31.7566	57	55	0	788.51	0	0
9311	G	G	770.411	31.7026	56	54	0	0	770.411	0
9312	T	T	763.778	31.7026	56	56	0	0	0	763.778
9313	A	A	771.239	32.0567	56	56	771.239	0	0	0
9314	C	C	806.094	32.2094	59	57	0	806.094	0	0
9315	T	T	805.744	32.5407	58	58	0	0	0	805.744
9316	A	A	806.564	32.9124	57	57	806.564	0	0	0
9317	A	A	815.455	33.4205	58	58	815.455	0	0	0
9318	T	T	788.324	33.462	59	59	0	0	0	788.324
9319	A	A	859.828	33.5807	62	62	859.828	0	0	0
9320	A	A	842.069	33.5807	62	62	842.069	0	0	0
9321	A	A	876.759	33.6913	65	65	876.759	0	0	0
9322	A	A	870.219	33.6553	64	64	870.219	0	0	0
9323	C	C	892.151	33.6185	63	62	0	892.151	0	0
9324	C	C	831.35	33.6913	65	60	0	831.35	0	0
9325	T	T	870.156	33.761	67	67	0	0	0	870.156
9326	C	C	865.45	33.7266	66	62	0	865.45	0	0
9327	C	C	828.171	33.6913	65	60	0	828.171	0	0
9328	T	T	889.566	33.7266	66	66	0	0	0	889.566
9329	A	A	855.684	33.6553	64	64	855.684	0	0	0
9330	T	T	861.933	33.5807	62	62	0	0	0	861.933
9331	T	T	867.059	33.6913	65	65	0	0	0	867.059
9332	C	C	891.725	33.7266	66	63	0	891.725	0	0
9333	T	T	885.494	34.2735	68	68	0	0	0	885.494
9334	A	A	980.573	34.303	69	69	980.573	0	0	0
9335	A	A	946.691	34.2735	68	68	946.691	0	0	0
9336	T	T	936.31	34.303	69	69	0	0	0	936.31
9337	C	C	906.515	34.8612	70	65	0	906.515	0	0
9338	A	A	965.769	34.8612	70	70	965.769	0	0	0
9339	T	T	1000.81	34.9083	72	72	0	0	0	1000.81
9340	T	T	961.646	35.4824	71	71	0	0	0	961.646
9341	A	A	1032.42	35.5176	73	73	1032.42	0	0	0
9342	T	T	1001.49	34.9752	75	75	0	0	0	1001.49
9343	C	C	1000.9	34.9534	74	71	0	1000.9	0	0
9344	A	A	1060.55	34.9966	76	76	1060.55	0	0	0
9345	C	C	1048.61	35.0379	78	74	0	1048.61	0	0
9346	A	A	1141.25	35.1156	82	82	1141.25	0	0	0
9347	T	T	1107.25	35.1156	82	82	0	0	0	1107.25
9348	C	C	1113.74	35.1341	83	79	0	1113.74	0	0
9349	C	C	1110.32	35.0968	81	78	0	1110.32	0	0
9350	A	A	1103.66	35.0776	80	80	1103.66	0	0	0
9351	C	C	1100.72	35.058	79	77	0	1100.72	0	0
9352	C	C	1085.94	35.5675	76	75	0	1085.94	0	0
9353	A	A	1055.46	35.5675	76	76	1055.46	0	0	0
9354	T	T	1062.91	35.5346	74	74	0	0	0	1062.91
9355	T	T	1070.87	35.5675	76	76	0	0	0	1070.87
9356	A	A	1072.98	35.5512	75	75	1072.98	0	0	0
9357	T	T	1064.69	35.5834	77	77	0	0	0	1064.69
9358	C	C	1110.09	35.5989	78	77	0	1110.09	0	0
9359	C	C	1103.45	35.6141	79	77	0	1103.45	0	0
9360	T	T	1086.07	35.5834	77	77	0	0	0	1086.07
9361	A	A	1034.23	35.5675	76	76	1034.23	0	0	0
9362	G	G	1018.37	36.2155	75	72	0	0	1018.37	0
9363	G	G	1082.25	36.2249	76	75	0	0	1082.25	0
9364	A	A	1051.23	36.2249	76	76	1051.23	0	0	0
9365	A	A	1039.06	37	75	75	1039.06	0	0	0
9366	C	C	1082.26	37	76	75	0	1082.26	0	0
9367	C	C	1067.15	37	75	74	0	1067.15	0	0
9368	A	A	998.116	37	73	73	998.116	0	0	0
9369	T	T	1040.2	37	74	74	0	0	0	1040.2
9370	G	G	997.159	37	74	71	0	0	997.159	0
9371	A	A	985.979	37	76	76	985.979	0	0	0
9372	T	T	1000.29	37	73	73	0	0	0	1000.29
9373	C	C	1018.11	37	73	71	0	1018.11	0	0
9374	G	G	1003.36	37	72	70	0	0	1003.36	0
9375	T	T	917.068	37	69	69	0	0	0	917.068
9376	T	T	949.531	36.1645	70	70	0	0	0	949.531
9377	C	C	960.35	36.1535	69	67	0	960.35	0	0
9378	T	T	978.088	36.1857	72	72	0	0	0	978.088
9379	A	A	1004.06	36.1857	72	72	1004.06	0	0	0
9380	T	T	954.544	36.1645	70	70	0	0	0	954.544
9381	T	T	976.745	36.1857	72	72	0	0	0	976.745
9382	T	T	992.885	36.2058	74	74	0	0	0	992.885
9383	A	A	1035.09	35.5512	75	75	1035.09	0	0	0
9384	G	G	1069.94	35.5989	78	75	0	0	1069.94	0
9385	C	C	1051.1	35.5989	78	75	0	1051.1	0	0
9386	T	T	1068.41	35.5989	78	78	0	0	0	1068.41
9387	C	C	1067.99	35.0379	78	75	0	1067.99	0	0
9388	C	C	1055.87	35.0175	77	74	0	1055.87	0	0
9389	C	C	1054.38	35.0175	77	74	0	1054.38	0	0
9390	A	A	1043.92	35.0175	77	77	1043.92	0	0	0
9391	T	T	1034.03	34.9752	75	75	0	0	0	1034.03
9392	T	T	1047.99	34.9752	75	75	0	0	0	1047.99
9393	G	G	1106.48	35.0379	78	77	0	0	1106.48	0
9394	A	A	1028.13	35.0379	78	78	1028.13	0	0	0
9395	C	C	1082.08	34.9752	75	75	0	1082.08	0	0
9396	T	T	1002.91	34.9311	73	73	0	0	0	1002.91
9397	C	C	936.913	34.9311	73	68	0	936.913	0	0
9398	A	A	989.318	34.885	71	71	989.318	0	0	0
9399	T	T	1009.15	34.9752	75	75	0	0	0	1009.15
9400	A	A	1026.16	34.9311	73	73	1026.16	0	0	0
9401	A	A	1028.07	34.9534	74	74	1028.07	0	0	0
9402	T	T	1029.14	34.9966	76	76	0	0	0	1029.14
9403	C	C	1064.9	34.5169	77	75	0	1064.9	0	0
9404	T	T	1061.23	34.5169	77	77	0	0	0	1061.23
9405	G	G	1093.25	34.5169	77	76	0	0	1093.25	0
9406	A	A	1014.15	34.4409	74	74	1014.15	0	0	0
9407	A	A	1000.2	34.4145	73	73	1000.2	0	0	0
9408	T	T	1027.16	34.4409	74	74	0	0	0	1027.16
9409	T	T	1027.88	34.4668	75	75	0	0	0	1027.88
9410	G	G	1011.7	33.9825	74	71	0	0	1011.7	0
9411	G	G	1023.65	34.4921	76	72	0	0	1023.65	0
9412	C	C	1026.89	34.9752	75	73	0	1026.89	0	0
9413	T	T	1031.44	35.0175	77	77	0	0	0	1031.44
9414	T	G	1031.05	34.9966	76	73	0	0	1031.05	0
9415	T	T	1050.99	35.0776	80	80	0	0	0	1050.99
9416	G	G	1086.75	35.0776	80	77	0	0	1086.75	0
9417	A	A	1036.4	35.0175	77	77	1036.4	0	0	0
9418	A	A	1072.18	35.058	79	79	1072.18	0	0	0
9419	A	A	1099.97	35.0776	80	80	1099.97	0	0	0
9420	T	T	1100.69	35.1156	82	82	0	0	0	1100.69
9421	G	G	1215.07	35.1522	84	84	0	0	1215.07	0
9422	A	A	1166.2	35.1156	82	82	1166.2	0	0	0
9423	A	A	1190.41	35.6853	84	84	1190.41	0	0	0
9424	C	C	1203.3	35.7117	86	84	0	1203.3	0	0
9425	A	A	1252.95	35.7734	91	91	1252.95	0	0	0
9426	T	T	1241.08	35.7734	91	91	0	0	0	1241.08
9427	A	A	1233.16	35.7616	90	90	1233.16	0	0	0
9428	C	C	1218.37	35.7495	89	86	0	1218.37	0	0
9429	T	T	1250.31	35.2695	91	91	0	0	0	1250.31
9430	A	A	1249.03	35.7495	89	89	1249.03	0	0	0
9431	G	G	1180.64	35.7371	88	84	0	0	1180.64	0
9432	C	C	1263.64	35.2537	90	88	0	1263.64	0	0
9433	C	C	1192.4	34.799	90	85	0	1192.4	0	0
9434	A	A	1208.42	34.799	90	90	1208.42	0	0	0
9435	T	T	1252.47	35.2376	89	89	0	0	0	1252.47
9436	T	T	1218.89	35.1873	86	86	0	0	0	1218.89
9437	A	A	1158.23	35.1699	85	85	1158.23	0	0	0
9438	T	T	1168.44	35.1341	83	83	0	0	0	1168.44
9439	C	C	1171.41	35.1156	82	81	0	1171.41	0	0
9440	C	C	1168.75	35.1156	82	81	0	1168.75	0	0
9441	C	C	1118.41	35.1156	82	79	0	1118.41	0	0
9442	A	A	1170.33	35.1341	83	83	1170.33	0	0	0
9443	A	A	1151.1	34.2495	84	84	1151.1	0	0	0
9444	T	T	1147.99	33.86	84	84	0	0	0	1147.99
9445	C	C	1143.43	33.4737	83	80	0	1143.43	0	0
9446	C	C	1156.69	33.5588	86	82	0	1156.69	0	0
9447	T	T	1200.7	33.2895	88	88	0	0	0	1200.7
9448	A	A	1138.28	33.1723	84	84	1138.28	0	0	0
9449	A	A	1134.81	32.5455	83	83	1134.81	0	0	0
9450	T	T	1131.38	32.5788	84	84	0	0	0	1131.38
9451	G	G	1143.64	32.6115	85	81	0	0	1143.64	0
9452	A	A	1140.8	32.5788	84	84	1140.8	0	0	0
9453	A	A	1110.12	32.4422	80	80	1110.12	0	0	0
9454	A	A	1084.56	32.1321	79	79	1084.56	0	0	0
9455	A	A	1090.46	32.1688	80	80	1090.46	0	0	0
9456	A	A	1066.26	32.1688	80	80	1066.26	0	0	0
9457	A	A	1057.79	31.8738	79	79	1057.79	0	0	0
9458	T	T	1100.59	31.8354	78	78	0	0	0	1100.59
9459	T	T	1055.87	31.4687	75	75	0	0	0	1055.87
9460	T	T	1047.41	31.4266	74	74	0	0	0	1047.41
9461	A	A	910.721	31.296	71	71	910.721	0	0	0
9462	A	A	881.859	31.2508	70	70	881.859	0	0	0
9463	T	T	940.758	30.6901	68	68	0	0	0	940.758
9464	C	C	918.113	30.6408	67	65	0	918.113	0	0
9465	C	C	879.092	30.3795	62	61	0	879.092	0	0
9466	A	C	815.078	30.2101	59	57	0	815.078	0	0
9467	C	C	821.118	30.2677	60	58	0	821.118	0	0
9468	G	G	892.123	30.1587	62	62	0	0	892.123	0
9469	A	A	871.711	30.2677	64	64	871.711	0	0	0
9470	G	G	831.103	30.3795	62	59	0	0	831.103	0
9471	C	C	889.325	30.1587	62	62	0	889.325	0	0
9472	C	C	859.532	30.3242	61	60	0	859.532	0	0
9473	A	A	855.929	30.4338	63	63	855.929	0	0	0
9474	C	C	871.201	30.4338	63	61	0	871.201	0	0
9475	A	A	854.996	30.4338	63	63	854.996	0	0	0
9476	G	G	892.881	30.3207	65	63	0	0	892.881	0
9477	A	A	898.883	30.1653	66	66	898.883	0	0	0
9478	A	A	896.616	30.1653	66	66	896.616	0	0	0
9479	G	G	888.804	29.8598	64	62	0	0	888.804	0
9480	C	C	878.637	29.7242	65	62	0	878.637	0	0
9481	T	T	907.55	29.778	66	66	0	0	0	907.55
9482	T	T	885.875	29.8598	64	64	0	0	0	885.875
9483	C	C	906.73	29.8598	64	63	0	906.73	0	0
9484	T	T	853.016	29.6908	61	61	0	0	0	853.016
9485	A	A	845.505	29.7483	62	62	845.505	0	0	0
9486	C	G	879.656	29.7483	62	61	0	0	879.656	0
9487	A	A	823.847	29.7749	59	59	823.847	0	0	0
9488	A	A	842.585	29.6908	61	61	842.585	0	0	0
9489	A	A	828.736	29.6908	61	61	828.736	0	0	0
9490	A	A	856.345	29.8046	63	63	856.345	0	0	0
9491	T	T	856.94	29.9487	62	62	0	0	0	856.94
9492	A	A	861.589	29.9487	62	62	861.589	0	0	0
9493	T	T	844.774	30.1026	61	61	0	0	0	844.774
9494	T	T	810.335	30.1513	58	58	0	0	0	810.335
9495	T	T	826.741	29.9871	59	59	0	0	0	826.741
9496	C	C	816.08	29.9871	59	57	0	816.08	0	0
9497	C	C	864.417	29.6908	61	60	0	864.417	0	0
9498	T	T	844.018	29.6323	60	60	0	0	0	844.018
9499	C	C	867.52	29.4987	61	60	0	867.52	0	0
9500	A	A	809.006	29.3178	58	58	809.006	0	0	0
9501	C	C	773.889	29.3178	58	55	0	773.889	0	0
9502	A	A	852.012	29.3732	62	62	852.012	0	0	0
9503	C	C	879.115	29.3732	62	61	0	879.115	0	0
9504	A	A	852.231	29.3119	64	64	852.231	0	0	0
9505	A	A	834.488	29.1972	62	62	834.488	0	0	0
9506	G	G	881.423	28.9239	63	62	0	0	881.423	0
9507	C	C	814.79	28.9686	61	58	0	814.79	0	0
9508	C	C	890.935	28.8652	62	62	0	890.935	0	0
9509	A	A	857.015	28.5568	62	62	857.015	0	0	0
9510	C	C	862.767	28.3495	61	60	0	862.767	0	0
9511	C	A	829.103	28.3495	61	61	829.103	0	0	0
9512	G	G	889.691	28.4104	62	62	0	0	889.691	0
9513	C	C	867.72	28.4345	60	60	0	867.72	0	0
9514	A	A	771.011	28.2242	59	59	771.011	0	0	0
9515	T	T	815.591	28.0817	59	59	0	0	0	815.591
9516	C	C	796.965	28.0169	58	56	0	796.965	0	0
9517	C	C	803.706	28.242	57	56	0	803.706	0	0
9518	A	A	755.698	28.4209	55	55	755.698	0	0	0
9519	T	T	743.562	28.5184	54	54	0	0	0	743.562
9520	G	G	704.886	28.4486	53	50	0	0	704.886	0
9521	C	C	727.296	28.3773	52	51	0	727.296	0	0
9522	T	T	746.811	28.6219	53	53	0	0	0	746.811
9523	C	C	748.018	28.8023	53	52	0	748.018	0	0
9524	C	C	715.942	28.732	52	50	0	715.942	0	0
9525	T	T	709.857	28.8711	54	54	0	0	0	709.857
9526	G	G	748.058	28.8023	53	52	0	0	748.058	0
9527	A	A	712.12	28.732	52	52	712.12	0	0	0
9528	T	T	718.051	28.6219	53	53	0	0	0	718.051
9529	A	A	748.356	28.9385	55	55	748.356	0	0	0
9530	C	C	770.453	29.0044	56	54	0	770.453	0	0
9531	T	T	731.866	28.8711	54	54	0	0	0	731.866
9532	A	A	710.146	28.8023	53	53	710.146	0	0	0
9533	G	G	738.084	28.759	55	52	0	0	738.084	0
9534	G	A	722.691	28.6219	53	53	722.691	0	0	0
9535	C	C	749.239	28.732	52	52	0	749.239	0	0
9536	A	A	746.457	28.8711	54	54	746.457	0	0	0
9537	T	T	710.101	28.9906	53	53	0	0	0	710.101
9538	T	T	734.202	28.9906	53	53	0	0	0	734.202
9539	A	A	712.954	28.9209	52	52	712.954	0	0	0
9540	T	T	721.467	28.9209	52	52	0	0	0	721.467
9541	T	T	733.603	28.9209	52	52	0	0	0	733.603
9542	A	A	686.843	28.9209	52	52	686.843	0	0	0
9543	T	T	733.795	28.9209	52	52	0	0	0	733.795
9544	C	C	746.652	29.1874	53	52	0	746.652	0	0
9545	A	C	728.924	29.6101	53	51	0	728.924	0	0
9546	A	A	725.915	30.0122	52	52	725.915	0	0	0
9547	T	T	698.867	30.1428	54	54	0	0	0	698.867
9548	C	C	757.015	30.3963	54	53	0	757.015	0	0
9549	T	T	725.269	30.6656	54	54	0	0	0	725.269
9550	A	A	721.72	30.6656	54	54	721.72	0	0	0
9551	C	C	777.954	30.4585	55	54	0	777.954	0	0
9552	T	T	766.497	30.7862	56	56	0	0	0	766.497
9553	A	A	771.709	30.9017	58	58	771.709	0	0	0
9554	C	C	794.467	30.9576	59	56	0	794.467	0	0
9555	A	A	743.195	31.9487	54	54	743.195	0	0	0
9556	T	T	735.966	31.9487	54	54	0	0	0	735.966
9557	T	T	737.623	32.2854	53	53	0	0	0	737.623
9558	C	C	747.253	32.3389	54	52	0	747.253	0	0
9559	A	A	697.699	32.6115	51	51	697.699	0	0	0
9560	G	G	763.52	32.717	53	53	0	0	763.52	0
9561	G	G	745.517	32.8172	55	53	0	0	745.517	0
9562	G	G	816.477	32.9124	57	57	0	0	816.477	0
9563	C	C	745.582	33.1964	53	52	0	745.582	0	0
9564	A	A	707.943	33.1964	53	53	707.943	0	0	0
9565	C	C	733.301	33.1479	52	51	0	733.301	0	0
9566	T	T	694.534	32.9943	49	49	0	0	0	694.534
9567	G	G	692.11	33.5518	49	48	0	0	692.11	0
9568	A	A	683.888	34.1488	48	48	683.888	0	0	0
9569	A	A	712.252	34.2735	51	51	712.252	0	0	0
9570	C	C	728.962	34.3127	52	51	0	728.962	0	0
9571	A	A	721.954	34.3506	53	53	721.954	0	0	0
9572	A	A	719.621	33.778	54	54	719.621	0	0	0
9573	T	T	733.814	33.8195	55	55	0	0	0	733.814
9574	C	C	759.742	33.778	54	53	0	759.742	0	0
9575	T	T	707.182	33.6462	51	51	0	0	0	707.182
9576	C	C	707.665	33.0469	50	49	0	707.665	0	0
9577	A	A	654.567	32.9401	48	48	654.567	0	0	0
9578	A	A	656.081	32.9943	49	49	656.081	0	0	0
9579	T	T	705.254	33.1479	52	52	0	0	0	705.254
9580	A	A	695.433	33.0981	51	51	695.433	0	0	0
9581	A	A	718.242	33.1964	53	53	718.242	0	0	0
9582	T	T	674.494	33.0981	51	51	0	0	0	674.494
9583	C	C	669.879	32.9943	49	47	0	669.879	0	0
9584	C	C	706.089	33.0469	50	49	0	706.089	0	0
9585	C	C	760.064	32.717	53	53	0	760.064	0	0
9586	C	C	726.488	32.717	53	51	0	726.488	0	0
9587	A	A	709.153	33.0981	51	51	709.153	0	0	0
9588	A	T	697.144	32.717	53	53	0	0	0	697.144
9589	C	C	716.187	32.717	53	51	0	716.187	0	0
9590	C	C	789.452	32.8172	55	55	0	789.452	0	0
9591	C	C	830.55	32.9583	58	58	0	830.55	0	0
9592	A	A	825.132	33.0032	59	59	825.132	0	0	0
9593	A	A	866.042	33.1315	62	62	866.042	0	0	0
9594	T	T	833.327	33.1723	63	63	0	0	0	833.327
9595	C	C	846.536	33.1723	63	60	0	846.536	0	0
9596	G	G	874.695	33.1723	63	61	0	0	874.695	0
9597	C	C	862.366	33.5421	61	60	0	862.366	0	0
9598	A	A	846.761	33.5807	62	62	846.761	0	0	0
9599	T	T	855.395	34.0819	62	62	0	0	0	855.395
9600	C	C	879.392	34.0819	62	61	0	879.392	0	0
9601	G	G	858.794	34.0819	62	60	0	0	858.794	0
9602	A	A	864.598	34.0472	61	61	864.598	0	0	0
9603	C	C	880.035	34.0472	61	61	0	880.035	0	0
9604	C	C	880.155	34.0819	62	61	0	880.155	0	0
9605	G	G	897.897	34.2126	66	63	0	0	897.897	0
9606	T	T	906.964	33.4345	70	70	0	0	0	906.964
9607	A	A	1006.52	33.5356	73	73	1006.52	0	0	0
9608	A	A	1006.34	34.3875	72	72	1006.34	0	0	0
9609	T	T	921.504	34.3599	71	71	0	0	0	921.504
9610	C	C	1020.97	34.3875	72	71	0	1020.97	0	0
9611	A	A	1008.54	33.9528	73	73	1008.54	0	0	0
9612	C	C	1015.94	33.5679	74	71	0	1015.94	0	0
9613	C	C	1008.49	33.5679	74	71	0	1008.49	0	0
9614	A	A	1029.01	33.5997	75	75	1029.01	0	0	0
9615	T	T	1011.16	33.5356	73	73	0	0	0	1011.16
9616	T	T	1016.32	33.5679	74	74	0	0	0	1016.32
9617	G	G	1027.24	33.5997	75	72	0	0	1027.24	0
9618	C	C	1065.22	33.9825	74	74	0	1065.22	0	0
9619	C	C	1052.1	33.9825	74	73	0	1052.1	0	0
9620	C	C	1055.31	33.9528	73	73	0	1055.31	0	0
9621	T	T	1030.02	34.0116	75	75	0	0	0	1030.02
9622	A	G	998.344	34.0116	75	71	0	0	998.344	0
9623	G	G	1015.45	34.0116	75	72	0	0	1015.45	0
9624	C	C	1023.34	33.9225	72	71	0	1023.34	0	0
9625	A	A	954.799	33.86	70	70	954.799	0	0	0
9626	A	A	962.899	33.8916	71	71	962.899	0	0	0
9627	T	T	995.827	34.3599	71	71	0	0	0	995.827
9628	A	A	982.721	34.4145	73	73	982.721	0	0	0
9629	A	A	929.365	34.7862	67	67	929.365	0	0	0
9630	A	A	905.707	34.7862	67	67	905.707	0	0	0
9631	A	A	892.31	34.8118	68	68	892.31	0	0	0
9632	C	C	983.831	34.8118	68	68	0	983.831	0	0
9633	T	T	957.855	34.8118	68	68	0	0	0	957.855
9634	T	T	901.638	34.7331	65	65	0	0	0	901.638
9635	G	G	857.851	34.6485	62	60	0	0	857.851	0
9636	G	G	833.121	34.5884	60	58	0	0	833.121	0
9637	C	C	837.818	35.2044	58	58	0	837.818	0	0
9638	C	C	808.693	35.1522	56	56	0	808.693	0	0
9639	T	T	801.147	35.1522	56	56	0	0	0	801.147
9640	A	A	777.455	35.1787	57	57	777.455	0	0	0
9641	T	T	810.759	35.2044	58	58	0	0	0	810.759
9642	C	C	849.481	35.2294	59	59	0	849.481	0	0
9643	C	C	828.637	35.2044	58	58	0	828.637	0	0
9644	C	C	814.037	34.6188	61	58	0	814.037	0	0
9645	C	C	815.288	34.5572	59	57	0	815.288	0	0
9646	C	C	846.056	34.5884	60	59	0	846.056	0	0
9647	T	T	822.319	34.5884	60	60	0	0	0	822.319
9648	T	T	827.223	34.6188	61	61	0	0	0	827.223
9649	T	T	793.302	33.9752	59	59	0	0	0	793.302
9650	C	C	795.579	34.0116	60	57	0	795.579	0	0
9651	A	A	838.373	34.0116	60	60	838.373	0	0	0
9652	C	C	797.736	34.0472	61	57	0	797.736	0	0
9653	T	T	816.633	34.0116	60	60	0	0	0	816.633
9654	T	T	834.678	34.0472	61	61	0	0	0	834.678
9655	T	T	852.048	34.1157	63	63	0	0	0	852.048
9656	T	T	851.719	34.1157	63	63	0	0	0	851.719
9657	G	G	836.187	34.0819	62	59	0	0	836.187	0
9658	A	A	880.875	34.1811	65	65	880.875	0	0	0
9659	G	G	934.965	34.2126	66	65	0	0	934.965	0
9660	T	T	901.147	34.2126	66	66	0	0	0	901.147
9661	T	T	908.611	34.2126	66	66	0	0	0	908.611
9662	C	C	876.601	34.6485	62	61	0	876.601	0	0
9663	C	C	870.489	34.6774	63	61	0	870.489	0	0
9664	A	A	844.334	34.6485	62	62	844.334	0	0	0
9665	G	G	872.875	34.6774	63	61	0	0	872.875	0
9666	A	A	892.317	34.7331	65	65	892.317	0	0	0
9667	A	A	907.878	34.7862	67	67	907.878	0	0	0
9668	G	G	919.207	34.76	66	64	0	0	919.207	0
9669	T	T	856.428	35.3445	64	64	0	0	0	856.428
9670	C	C	891.65	35.3227	63	62	0	891.65	0	0
9671	A	A	923.411	35.3657	65	65	923.411	0	0	0
9672	C	C	920.008	35.4066	67	65	0	920.008	0	0
9673	A	A	982.236	34.8612	70	70	982.236	0	0	0
9674	C	C	942.307	34.8612	70	67	0	942.307	0	0
9675	A	A	982.797	34.8612	70	70	982.797	0	0	0
9676	A	A	986.918	34.885	71	71	986.918	0	0	0
9677	G	G	933.648	34.9083	72	67	0	0	933.648	0
9678	G	G	990.371	34.885	71	69	0	0	990.371	0
9679	C	C	981.894	34.8367	69	68	0	981.894	0	0
9680	G	G	914.582	34.8367	69	65	0	0	914.582	0
9681	T	T	980.865	34.8612	70	70	0	0	0	980.865
9682	T	T	978.062	35.4641	70	70	0	0	0	978.062
9683	C	C	964.673	35.4262	68	67	0	964.673	0	0
9684	C	C	886.642	35.3227	63	62	0	886.642	0	0
9685	T	T	862.136	35.2773	61	61	0	0	0	862.136
9686	T	T	851.928	35.2537	60	60	0	0	0	851.928
9687	T	T	865.875	35.2537	60	60	0	0	0	865.875
9688	G	G	893.608	35.3227	63	62	0	0	893.608	0
9689	T	T	872.871	35.3445	64	64	0	0	0	872.871
9690	C	C	871.833	35.3657	65	62	0	871.833	0	0
9691	C	C	963.205	35.4066	67	67	0	963.205	0	0
9692	T	T	879.213	35.3864	66	66	0	0	0	879.213
9693	C	C	916.536	35.3864	66	64	0	916.536	0	0
9694	A	A	835.505	35.3445	64	64	835.505	0	0	0
9695	G	G	828.423	35.3227	63	59	0	0	828.423	0
9696	G	G	823.863	35.2773	61	58	0	0	823.863	0
9697	A	A	827.347	35.2537	60	60	827.347	0	0	0
9698	A	A	818.192	35.2294	59	59	818.192	0	0	0
9699	T	T	803.717	37	59	59	0	0	0	803.717
9700	G	G	838.148	37	58	58	0	0	838.148	0
9701	G	G	880.792	37	61	61	0	0	880.792	0
9702	T	T	820.961	37	59	59	0	0	0	820.961
9703	T	T	838.217	36.0675	62	62	0	0	0	838.217
9704	C	C	845.43	36.0938	64	60	0	845.43	0	0
9705	T	T	858.382	36.1064	65	65	0	0	0	858.382
9706	A	A	906.412	36.1187	66	66	906.412	0	0	0
9707	C	C	835.712	36.0938	64	60	0	835.712	0	0
9708	T	T	895.089	36.1306	67	67	0	0	0	895.089
9709	A	A	954.136	36.1535	69	69	954.136	0	0	0
9710	A	A	937.397	36.1187	66	66	937.397	0	0	0
9711	C	C	935.391	36.1187	66	65	0	935.391	0	0
9712	A	A	932.4	36.1064	65	65	932.4	0	0	0
9713	T	T	926.934	36.1064	65	65	0	0	0	926.934
9714	G	G	913.76	36.1064	65	64	0	0	913.76	0
9715	A	A	921.43	36.1306	67	67	921.43	0	0	0
9716	C	C	968.024	36.1422	68	67	0	968.024	0	0
9717	A	A	934.748	36.1535	69	69	934.748	0	0	0
9718	A	A	960.262	36.1422	68	68	960.262	0	0	0
9719	A	A	969.747	36.1535	69	69	969.747	0	0	0
9720	A	A	960.509	36.1645	70	70	960.509	0	0	0
9721	A	A	978.379	36.1752	71	71	978.379	0	0	0
9722	A	A	986.729	36.1857	72	72	986.729	0	0	0
9723	T	T	987.205	36.1857	72	72	0	0	0	987.205
9724	C	C	974.777	36.1645	70	68	0	974.777	0	0
9725	G	G	908.966	36.1306	67	64	0	0	908.966	0
9726	C	C	953.997	36.1306	67	66	0	953.997	0	0
9727	A	A	904.562	36.1187	66	66	904.562	0	0	0
9728	C	C	930.925	36.1187	66	65	0	930.925	0	0
9729	C	C	890.28	37	65	63	0	890.28	0	0
9730	T	T	898.224	37	65	65	0	0	0	898.224
9731	C	C	858.993	37	67	62	0	858.993	0	0
9732	T	T	919.373	37	68	68	0	0	0	919.373
9733	A	A	883.851	37	67	67	883.851	0	0	0
9734	T	T	888.12	37	66	66	0	0	0	888.12
9735	C	C	863.74	37	65	61	0	863.74	0	0
9736	C	C	882.535	37	65	62	0	882.535	0	0
9737	G	G	876.828	37	66	62	0	0	876.828	0
9738	T	T	884.418	37	66	66	0	0	0	884.418
9739	C	C	934.95	37	65	65	0	934.95	0	0
9740	C	C	934.821	37	65	65	0	934.821	0	0
9741	T	T	860.317	37	64	64	0	0	0	860.317
9742	A	A	880.311	37	64	64	880.311	0	0	0
9743	T	T	858.704	37	63	63	0	0	0	858.704
9744	A	A	878.454	37	64	64	878.454	0	0	0
9745	C	C	870.872	37	63	61	0	870.872	0	0
9746	C	C	859.318	37	62	60	0	859.318	0	0
9747	A	A	872.975	37	63	63	872.975	0	0	0
9748	A	A	868.234	37	63	63	868.234	0	0	0
9749	A	A	893.489	37	65	65	893.489	0	0	0
9750	T	T	885.314	36.1306	67	67	0	0	0	885.314
9751	C	C	895.556	36.1422	68	64	0	895.556	0	0
9752	T	T	904.75	36.1422	68	68	0	0	0	904.75
9753	C	C	960.366	36.1645	70	68	0	960.366	0	0
9754	A	A	967.643	36.1535	69	69	967.643	0	0	0
9755	C	C	982.485	36.1645	70	69	0	982.485	0	0
9756	C	C	1022.04	36.1857	72	71	0	1022.04	0	0
9757	G	G	1031.1	36.2155	75	72	0	0	1031.1	0
9758	T	T	1021.92	36.2432	78	78	0	0	0	1021.92
9759	C	C	1008.92	36.2342	77	72	0	1008.92	0	0
9760	C	C	1046.13	36.2432	78	74	0	1046.13	0	0
9761	A	A	1084.84	36.2432	78	78	1084.84	0	0	0
9762	T	T	1096.81	35.6289	80	80	0	0	0	1096.81
9763	C	C	1034.42	35.5989	78	74	0	1034.42	0	0
9764	A	A	1046.64	35.5834	77	77	1046.64	0	0	0
9765	A	A	1035.93	35.5834	77	77	1035.93	0	0	0
9766	T	T	1064.43	35.5512	75	75	0	0	0	1064.43
9767	C	C	1067.09	35.5675	76	74	0	1067.09	0	0
9768	C	C	1029.39	35.5512	75	72	0	1029.39	0	0
9769	A	A	1000.73	35.5675	76	76	1000.73	0	0	0
9770	A	A	1026.22	35.5834	77	77	1026.22	0	0	0
9771	A	A	1013.31	35.5512	75	75	1013.31	0	0	0
9772	C	C	1018.23	35.5512	75	72	0	1018.23	0	0
9773	C	C	1074.66	35.5675	76	75	0	1074.66	0	0
9774	T	T	966.763	35.4824	71	71	0	0	0	966.763
9775	G	G	1001.56	35.4824	71	70	0	0	1001.56	0
9776	C	C	1009.37	35.4824	71	70	0	1009.37	0	0
9777	T	T	1000.41	35.4824	71	71	0	0	0	1000.41
9778	A	A	970.87	35.4262	68	68	970.87	0	0	0
9779	G	G	944.786	34.8612	70	67	0	0	944.786	0
9780	T	T	1002.51	34.885	71	71	0	0	0	1002.51
9781	A	A	977.239	34.885	71	71	977.239	0	0	0
9782	G	G	993.197	34.8612	70	69	0	0	993.197	0
9783	C	C	972.299	34.8367	69	68	0	972.299	0	0
9784	A	A	953.834	34.8118	68	68	953.834	0	0	0
9785	A	A	940.243	34.7862	67	67	940.243	0	0	0
9786	T	T	959.959	34.8118	68	68	0	0	0	959.959
9787	A	A	922.267	34.7862	67	67	922.267	0	0	0
9788	G	G	846.143	34.76	66	61	0	0	846.143	0
9789	C	C	928.293	35.3445	64	64	0	928.293	0	0
9790	C	C	904.36	34.76	66	63	0	904.36	0	0
9791	G	G	919.829	34.8118	68	65	0	0	919.829	0
9792	C	C	950.402	34.7862	67	66	0	950.402	0	0
9793	T	T	870.475	35.3445	64	64	0	0	0	870.475
9794	A	A	824.812	35.2773	61	61	824.812	0	0	0
9795	C	C	865.499	35.2773	61	60	0	865.499	0	0
9796	A	A	871.802	34.7056	64	64	871.802	0	0	0
9797	T	T	868.619	34.2126	66	66	0	0	0	868.619
9798	C	C	866.355	34.2126	66	62	0	866.355	0	0
9799	C	C	909.764	34.2126	66	64	0	909.764	0	0
9800	G	G	981.268	34.2735	68	68	0	0	981.268	0
9801	T	T	886.047	34.2126	66	66	0	0	0	886.047
9802	A	G	951.912	34.2434	67	66	0	0	951.912	0
9803	T	T	902.239	34.2126	66	66	0	0	0	902.239
9804	T	T	923.897	34.303	69	69	0	0	0	923.897
9805	A	A	949.85	34.3599	71	71	949.85	0	0	0
9806	G	G	960.991	34.8612	70	68	0	0	960.991	0
9807	T	T	937.665	34.885	71	71	0	0	0	937.665
9808	A	A	957.216	34.8367	69	69	957.216	0	0	0
9809	G	G	988.426	34.885	71	69	0	0	988.426	0
9810	G	G	1027.26	34.885	71	71	0	0	1027.26	0
9811	A	A	1002.39	34.9083	72	72	1002.39	0	0	0
9812	G	G	1027.3	34.885	71	71	0	0	1027.3	0
9813	G	G	1040.55	34.9083	72	72	0	0	1040.55	0
9814	C	C	961.263	34.9311	73	69	0	961.263	0	0
9815	T	T	995.894	34.885	71	71	0	0	0	995.894
9816	G	G	1017.48	34.9534	74	72	0	0	1017.48	0
9817	A	A	1035.16	34.9534	74	74	1035.16	0	0	0
9818	G	G	1033.41	34.9534	74	72	0	0	1033.41	0
9819	G	G	1024.06	34.9966	76	73	0	0	1024.06	0
9820	A	A	1049.97	35.0175	77	77	1049.97	0	0	0
9821	G	G	998.506	34.9752	75	71	0	0	998.506	0
9822	G	G	998.465	35.5176	73	70	0	0	998.465	0
9823	A	A	988.805	35.5176	73	73	988.805	0	0	0
9824	C	C	1038.98	35.5176	73	72	0	1038.98	0	0
9825	T	T	1012.38	35.4824	71	71	0	0	0	1012.38
9826	A	A	942.288	35.4824	71	71	942.288	0	0	0
9827	A	A	950.873	35.4454	69	69	950.873	0	0	0
9828	A	A	975.467	35.4641	70	70	975.467	0	0	0
9829	C	C	1009.91	35.4641	70	70	0	1009.91	0	0
9830	C	C	976.884	35.4641	70	68	0	976.884	0	0
9831	A	A	959.476	35.4454	69	69	959.476	0	0	0
9832	A	A	965.743	36.1535	69	69	965.743	0	0	0
9833	A	A	950.759	36.1422	68	68	950.759	0	0	0
9834	C	C	965.59	36.1422	68	67	0	965.59	0	0
9835	T	T	948.092	36.1535	69	69	0	0	0	948.092
9836	C	C	942.5	36.1535	69	66	0	942.5	0	0
9837	A	A	935.997	36.1645	70	70	935.997	0	0	0
9838	A	A	900.672	36.1535	69	69	900.672	0	0	0
9839	C	C	989.469	36.1752	71	69	0	989.469	0	0
9840	T	T	967.314	36.1535	69	69	0	0	0	967.314
9841	C	C	928.385	35.4262	68	65	0	928.385	0	0
9842	C	C	875.614	35.3864	66	62	0	875.614	0	0
9843	G	G	906.664	36.0938	64	63	0	0	906.664	0
9844	A	A	875.105	36.1064	65	65	875.105	0	0	0
9845	A	A	836.158	36.0938	64	64	836.158	0	0	0
9846	A	A	821.96	36.0675	62	62	821.96	0	0	0
9847	A	A	836.159	36.0538	61	61	836.159	0	0	0
9848	A	A	824.57	36.0538	61	61	824.57	0	0	0
9849	T	T	849.474	36.0538	61	61	0	0	0	849.474
9850	C	C	836.186	36.01	58	58	0	836.186	0	0
9851	C	C	823.081	35.9945	57	57	0	823.081	0	0
9852	T	T	806.672	35.9945	57	57	0	0	0	806.672
9853	A	A	790.653	36.0251	59	59	790.653	0	0	0
9854	G	G	833.329	36.01	58	58	0	0	833.329	0
9855	C	C	816.939	35.9945	57	57	0	816.939	0	0
9856	A	A	801.118	36.01	58	58	801.118	0	0	0
9857	T	T	784.434	36.0251	59	59	0	0	0	784.434
9858	A	A	753.145	36.01	58	58	753.145	0	0	0
9859	C	C	804.579	35.9945	57	56	0	804.579	0	0
9860	T	T	789.674	35.9945	57	57	0	0	0	789.674
9861	C	C	821.602	36.01	58	57	0	821.602	0	0
9862	T	T	767.538	35.9785	56	56	0	0	0	767.538
9863	T	T	727.703	35.962	55	55	0	0	0	727.703
9864	C	C	791.204	35.962	55	55	0	791.204	0	0
9865	A	A	768.086	37	55	55	768.086	0	0	0
9866	A	A	773.287	37	55	55	773.287	0	0	0
9867	T	T	757.463	37	55	55	0	0	0	757.463
9868	C	C	780.167	37	54	54	0	780.167	0	0
9869	G	G	758.265	37	55	53	0	0	758.265	0
9870	C	C	780.841	37	54	54	0	780.841	0	0
9871	T	T	755.537	37	53	53	0	0	0	755.537
9872	C	C	729.404	37	55	52	0	729.404	0	0
9873	A	A	713.554	37	53	53	713.554	0	0	0
9874	C	C	722.041	37	51	50	0	722.041	0	0
9875	A	A	719.088	37	52	52	719.088	0	0	0
9876	T	T	710.674	37	52	52	0	0	0	710.674
9877	G	G	672.088	37	51	48	0	0	672.088	0
9878	G	G	704.135	35.9091	52	50	0	0	704.135	0
9879	G	G	747.241	35.9091	52	52	0	0	747.241	0
9880	C	C	748.256	35.9273	53	52	0	748.256	0	0
9881	T	T	752.442	35.9945	57	57	0	0	0	752.442
9882	G	G	750.385	35.962	55	53	0	0	750.385	0
9883	A	A	746.787	35.962	55	55	746.787	0	0	0
9884	A	A	735.171	35.945	54	54	735.171	0	0	0
9885	T	T	739.434	35.962	55	55	0	0	0	739.434
9886	A	A	781.612	35.2294	59	59	781.612	0	0	0
9887	G	G	780.842	35.2294	59	56	0	0	780.842	0
9888	C	C	773.974	35.1787	57	55	0	773.974	0	0
9889	T	T	748.763	35.1522	56	56	0	0	0	748.763
9890	G	T	732.215	35.1249	55	55	0	0	0	732.215
9891	C	C	770.201	35.1522	56	54	0	770.201	0	0
9892	C	C	777.465	35.1249	55	54	0	777.465	0	0
9893	A	A	744.883	35.1249	55	55	744.883	0	0	0
9894	T	T	733.248	35.0968	54	54	0	0	0	733.248
9895	C	C	748.372	35.1249	55	53	0	748.372	0	0
9896	A	A	802.162	35.2294	59	59	802.162	0	0	0
9897	T	T	743.045	35.1787	57	57	0	0	0	743.045
9898	A	A	796.694	35.2044	58	58	796.694	0	0	0
9899	G	G	785.616	35.1787	57	55	0	0	785.616	0
9900	T	T	774.398	35.1787	57	57	0	0	0	774.398
9901	A	A	776.752	35.1787	57	57	776.752	0	0	0
9902	T	T	800.562	35.2294	59	59	0	0	0	800.562
9903	A	A	795.73	35.2044	58	58	795.73	0	0	0
9904	T	T	793.724	35.9945	57	57	0	0	0	793.724
9905	A	A	752.112	35.945	54	54	752.112	0	0	0
9906	A	A	765.012	35.9785	56	56	765.012	0	0	0
9907	T	T	811.312	36.0397	60	60	0	0	0	811.312
9908	C	C	834.315	36.0251	59	58	0	834.315	0	0
9909	C	C	847.335	36.0397	60	59	0	847.335	0	0
9910	T	T	778.463	36.01	58	58	0	0	0	778.463
9911	A	A	808.855	36.01	58	58	808.855	0	0	0
9912	C	C	847.298	36.0675	62	60	0	847.298	0	0
9913	C	C	862.394	37	61	60	0	862.394	0	0
9914	C	C	844.685	37	61	59	0	844.685	0	0
9915	T	T	810.02	37	59	59	0	0	0	810.02
9916	A	A	806.361	37	59	59	806.361	0	0	0
9917	A	A	791.412	37	59	59	791.412	0	0	0
9918	T	T	832.541	37	60	60	0	0	0	832.541
9919	A	A	796.833	37	59	59	796.833	0	0	0
9920	A	A	844.345	37	62	62	844.345	0	0	0
9921	T	T	817.31	37	61	61	0	0	0	817.31
9922	C	C	840.609	37	61	59	0	840.609	0	0
9923	C	C	846.534	37	60	59	0	846.534	0	0
9924	T	T	812.584	37	61	61	0	0	0	812.584
9925	T	T	854.18	37	63	63	0	0	0	854.18
9926	A	A	858.685	37	62	62	858.685	0	0	0
9927	A	A	837.358	37	61	61	837.358	0	0	0
9928	C	C	830.604	37	62	59	0	830.604	0	0
9929	C	C	883.101	37	65	62	0	883.101	0	0
9930	T	T	902.227	37	66	66	0	0	0	902.227
9931	T	T	869.234	37	64	64	0	0	0	869.234
9932	A	A	885.993	37	63	63	885.993	0	0	0
9933	C	C	903.986	37	64	63	0	903.986	0	0
9934	A	A	930.623	37	66	66	930.623	0	0	0
9935	A	A	932.466	37	67	67	932.466	0	0	0
9936	T	T	906.117	37	67	67	0	0	0	906.117
9937	C	C	924.384	37	68	65	0	924.384	0	0
9938	T	T	931.432	37	68	68	0	0	0	931.432
9939	A	A	932.364	37	71	71	932.364	0	0	0
9940	C	C	953.442	37	69	67	0	953.442	0	0
9941	A	A	903.81	37	67	67	903.81	0	0	0
9942	T	T	924.36	37	67	67	0	0	0	924.36
9943	C	C	908.051	37	64	63	0	908.051	0	0
9944	A	A	917.35	37	67	67	917.35	0	0	0
9945	T	T	921.637	37	69	69	0	0	0	921.637
9946	A	A	916.092	37	69	69	916.092	0	0	0
9947	A	A	917.434	37	68	68	917.434	0	0	0
9948	T	T	878.193	37	67	67	0	0	0	878.193
9949	A	A	933.087	37	67	67	933.087	0	0	0
9950	A	A	914.431	37	66	66	914.431	0	0	0
9951	C	C	891.901	37	65	63	0	891.901	0	0
9952	T	T	910.996	37	67	67	0	0	0	910.996
9953	C	C	993.452	37	70	69	0	993.452	0	0
9954	T	T	972.714	37	73	73	0	0	0	972.714
9955	A	A	980.116	37	71	71	980.116	0	0	0
9956	G	G	1025.59	37	72	71	0	0	1025.59	0
9957	G	G	976.076	37	73	69	0	0	976.076	0
9958	G	G	1056.21	37	74	73	0	0	1056.21	0
9959	A	A	1054.24	37	76	76	1054.24	0	0	0
9960	C	C	1091.33	37	77	76	0	1091.33	0	0
9961	A	A	1084.55	37	78	78	1084.55	0	0	0
9962	T	T	1046.82	37	80	80	0	0	0	1046.82
9963	T	T	1068.52	37	79	79	0	0	0	1068.52
9964	T	T	1078.58	37	80	80	0	0	0	1078.58
9965	A	A	1138.32	37	81	81	1138.32	0	0	0
9966	T	T	1114.51	37	81	81	0	0	0	1114.51
9967	A	A	1126.84	37	81	81	1126.84	0	0	0
9968	C	C	1153.11	37	83	81	0	1153.11	0	0
9969	T	T	1133.85	37	81	81	0	0	0	1133.85
9970	A	A	1134.03	37	82	82	1134.03	0	0	0
9971	T	T	1132.08	37	82	82	0	0	0	1132.08
9972	T	T	1129.31	37	81	81	0	0	0	1129.31
9973	C	C	1117.99	37	79	78	0	1117.99	0	0
9974	A	A	1087.05	37	79	79	1087.05	0	0	0
9975	T	T	1105.15	37	78	78	0	0	0	1105.15
9976	G	G	1076.57	37	77	75	0	0	1076.57	0
9977	T	T	1067.36	37	76	76	0	0	0	1067.36
9978	A	A	1091.28	37	78	78	1091.28	0	0	0
9979	C	C	1126.35	37	78	78	0	1126.35	0	0
9980	A	A	1054.82	37	77	77	1054.82	0	0	0
9981	A	A	1067.5	37	78	78	1067.5	0	0	0
9982	T	T	1079.02	37	77	77	0	0	0	1079.02
9983	C	C	1069.85	37	75	74	0	1069.85	0	0
9984	T	T	1060.18	37	75	75	0	0	0	1060.18
9985	A	A	986.601	37	73	73	986.601	0	0	0
9986	T	T	1035.79	37	75	75	0	0	0	1035.79
9987	C	C	968.972	37	71	68	0	968.972	0	0
9988	T	T	991.803	37	71	71	0	0	0	991.803
9989	A	A	917.509	37	70	70	917.509	0	0	0
9990	C	C	944.994	37	67	66	0	944.994	0	0
9991	A	A	887.871	37	67	67	887.871	0	0	0
9992	A	A	868.663	37	64	64	868.663	0	0	0
9993	C	C	922.443	37	65	64	0	922.443	0	0
9994	A	A	798.983	37	60	60	798.983	0	0	0
9995	A	A	793.875	37	60	60	793.875	0	0	0
9996	C	C	836.947	37	64	60	0	836.947	0	0
9997	A	A	856.21	37	65	65	856.21	0	0	0
9998	T	T	871.478	37	66	66	0	0	0	871.478
9999	T	T	812.155	37	62	62	0	0	0	812.155
10000	A	A	808.381	37	59	59	808.381	0	0	0
10001	T	T	834.039	37	61	61	0	0	0	834.039
10002	C	C	905.202	37	63	63	0	905.202	0	0
10003	A	A	829.172	37	61	61	829.172	0	0	0
10004	C	C	850.28	37	60	59	0	850.28	0	0
10005	T	T	818.101	37	61	61	0	0	0	818.101
10006	G	G	806.991	37	59	57	0	0	806.991	0
10007	T	T	816.271	37	58	58	0	0	0	816.271
10008	C	C	795.807	37	59	56	0	795.807	0	0
10009	C	C	814.313	37	59	57	0	814.313	0	0
10010	C	C	891.042	37	62	62	0	891.042	0	0
10011	A	A	910.108	37	65	65	910.108	0	0	0
10012	C	C	848.918	37	67	62	0	848.918	0	0
10013	A	A	887.402	37	65	65	887.402	0	0	0
10014	C	C	869.696	37	65	62	0	869.696	0	0
10015	A	A	881.508	37	67	67	881.508	0	0	0
10016	T	T	924.119	37	68	68	0	0	0	924.119
10017	G	G	874.287	37	65	62	0	0	874.287	0
10018	A	A	902.392	37	66	66	902.392	0	0	0
10019	A	A	895.039	37	65	65	895.039	0	0	0
10020	A	A	935.958	37	66	66	935.958	0	0	0
10021	T	T	875.678	37	65	65	0	0	0	875.678
10022	A	A	926.748	37	67	67	926.748	0	0	0
10023	A	A	951.402	37	69	69	951.402	0	0	0
10024	A	A	950.546	37	69	69	950.546	0	0	0
10025	T	T	980.419	37	73	73	0	0	0	980.419
10026	T	T	937.214	37	69	69	0	0	0	937.214
10027	A	A	969.174	37	69	69	969.174	0	0	0
10028	C	C	994.745	37	73	70	0	994.745	0	0
10029	C	C	1008.34	37	73	71	0	1008.34	0	0
10030	A	A	1025.94	37	73	73	1025.94	0	0	0
10031	C	C	1054.71	37	76	74	0	1054.71	0	0
10032	T	T	1009.15	37	75	75	0	0	0	1009.15
10033	A	A	1059.73	37	76	76	1059.73	0	0	0
10034	A	A	1027.59	37	74	74	1027.59	0	0	0
10035	T	T	1046.07	37	76	76	0	0	0	1046.07
10036	T	T	1046.48	37	75	75	0	0	0	1046.48
10037	G	G	1033.76	37	74	72	0	0	1033.76	0
10038	C	C	1071.06	37	74	74	0	1071.06	0	0
10039	C	C	1019.35	36.1959	73	71	0	1019.35	0	0
10040	T	T	1028.35	36.2058	74	74	0	0	0	1028.35
10041	C	C	993.249	36.2058	74	70	0	993.249	0	0
10042	A	A	1072.06	36.2342	77	77	1072.06	0	0	0
10043	C	C	1071.84	36.2342	77	75	0	1071.84	0	0
10044	T	T	1033.31	36.2432	78	78	0	0	0	1033.31
10045	A	A	1084.7	36.2342	77	77	1084.7	0	0	0
10046	A	A	1100	36.2432	78	78	1100	0	0	0
10047	T	T	1095.69	36.2606	80	80	0	0	0	1095.69
10048	C	C	1142.3	36.252	79	79	0	1142.3	0	0
10049	C	C	1081.56	36.252	79	76	0	1081.56	0	0
10050	T	T	1097.83	36.252	79	79	0	0	0	1097.83
10051	A	A	1100.6	36.2606	80	80	1100.6	0	0	0
10052	G	G	1159.26	36.2772	82	81	0	0	1159.26	0
10053	C	C	1153.21	36.2931	84	81	0	1153.21	0	0
10054	A	A	1136.03	36.269	81	81	1136.03	0	0	0
10055	C	C	1122.16	36.269	81	79	0	1122.16	0	0
10056	T	T	1126.28	36.2852	83	83	0	0	0	1126.28
10057	T	T	1134.43	36.2772	82	82	0	0	0	1134.43
10058	A	A	1159.68	36.2852	83	83	1159.68	0	0	0
10059	T	T	1143.85	36.2852	83	83	0	0	0	1143.85
10060	A	A	1193.31	36.3008	85	85	1193.31	0	0	0
10061	C	C	1173.94	36.3008	85	82	0	1173.94	0	0
10062	T	T	1206.44	35.7734	91	91	0	0	0	1206.44
10063	A	A	1263.78	35.785	92	92	1263.78	0	0	0
10064	T	T	1235.17	35.7734	91	91	0	0	0	1235.17
10065	C	C	1263.33	35.7616	90	88	0	1263.33	0	0
10066	A	A	1179.86	36.3228	88	88	1179.86	0	0	0
10067	C	C	1232.32	36.3008	85	85	0	1232.32	0	0
10068	T	T	1215.33	36.3008	85	85	0	0	0	1215.33
10069	A	A	1114.47	36.2772	82	82	1114.47	0	0	0
10070	G	G	1165.29	36.2772	82	81	0	0	1165.29	0
10071	G	G	1173.55	36.2852	83	82	0	0	1173.55	0
10072	C	C	1164.25	36.2852	83	81	0	1164.25	0	0
10073	G	G	1123.18	36.2772	82	79	0	0	1123.18	0
10074	G	G	1131.62	36.269	81	79	0	0	1131.62	0
10075	C	C	1112.79	36.2432	78	77	0	1112.79	0	0
10076	C	C	1116.53	36.2342	77	77	0	1116.53	0	0
10077	T	T	1060.61	36.2155	75	75	0	0	0	1060.61
10078	C	C	1024.95	37	76	73	0	1024.95	0	0
10079	C	C	1097.12	37	77	76	0	1097.12	0	0
10080	C	C	1077.03	37	77	75	0	1077.03	0	0
10081	T	T	1036.86	37	77	77	0	0	0	1036.86
10082	C	C	1027.44	37	75	72	0	1027.44	0	0
10083	C	C	949.838	37	70	67	0	949.838	0	0
10084	C	C	1023.59	37	71	71	0	1023.59	0	0
10085	C	C	987.663	37	70	69	0	987.663	0	0
10086	T	T	972.088	36.1645	70	70	0	0	0	972.088
10087	C	C	950.313	36.1752	71	67	0	950.313	0	0
10088	T	T	950.862	36.1535	69	69	0	0	0	950.862
10089	C	C	970.068	36.1535	69	68	0	970.068	0	0
10090	A	A	898.902	36.1422	68	68	898.902	0	0	0
10091	G	G	886.238	36.0938	64	62	0	0	886.238	0
10092	G	G	948.79	36.1187	66	66	0	0	948.79	0
10093	C	C	898.645	36.0938	64	63	0	898.645	0	0
10094	T	T	902.221	36.1187	66	66	0	0	0	902.221
10095	T	T	903.161	36.1535	69	69	0	0	0	903.161
10096	T	T	900.597	36.1535	69	69	0	0	0	900.597
10097	A	A	974.179	36.1535	69	69	974.179	0	0	0
10098	T	T	925.91	36.1752	71	71	0	0	0	925.91
10099	T	T	944.893	36.1752	71	71	0	0	0	944.893
10100	C	C	959.661	35.5176	73	69	0	959.661	0	0
10101	C	C	1038.31	35.5176	73	72	0	1038.31	0	0
10102	C	C	1066.75	35.5512	75	74	0	1066.75	0	0
10103	A	A	1027.05	35.5512	75	75	1027.05	0	0	0
10104	A	A	1009.41	35.5002	72	72	1009.41	0	0	0
10105	A	A	1067.55	35.5675	76	76	1067.55	0	0	0
10106	T	T	1047.8	35.5834	77	77	0	0	0	1047.8
10107	G	G	1155.4	35.6435	81	80	0	0	1155.4	0
10108	A	A	1152.19	35.6577	82	82	1152.19	0	0	0
10109	A	A	1149.18	35.6716	83	83	1149.18	0	0	0
10110	T	T	1130.04	35.6986	85	85	0	0	0	1130.04
10111	A	A	1152.63	35.6853	84	84	1152.63	0	0	0
10112	A	A	1137.57	36.2772	82	82	1137.57	0	0	0
10113	T	T	1143.59	36.269	81	81	0	0	0	1143.59
10114	T	T	1133.52	36.269	81	81	0	0	0	1133.52
10115	A	A	1122.83	36.2772	82	82	1122.83	0	0	0
10116	T	T	1132.01	36.269	81	81	0	0	0	1132.01
10117	T	T	1136.71	36.269	81	81	0	0	0	1136.71
10118	C	C	1150.1	36.2772	82	80	0	1150.1	0	0
10119	A	A	1002.79	36.2342	77	77	1002.79	0	0	0
10120	A	A	1016.52	36.2432	78	78	1016.52	0	0	0
10121	G	G	1005.24	36.2342	77	72	0	0	1005.24	0
10122	A	A	957.379	36.2058	74	74	957.379	0	0	0
10123	G	G	927.178	36.1752	71	66	0	0	927.178	0
10124	T	T	934.745	36.1422	68	68	0	0	0	934.745
10125	T	T	953.19	36.1422	68	68	0	0	0	953.19
10126	G	G	899.873	37	66	64	0	0	899.873	0
10127	A	A	911.748	37	65	65	911.748	0	0	0
10128	C	C	939.297	37	68	66	0	939.297	0	0
10129	A	A	945.597	37	69	69	945.597	0	0	0
10130	A	A	965.844	37	70	70	965.844	0	0	0
10131	A	A	988.53	37	72	72	988.53	0	0	0
10132	A	A	1001.56	37	73	73	1001.56	0	0	0
10133	A	A	980.685	37	71	71	980.685	0	0	0
10134	A	A	1019.94	37	73	73	1019.94	0	0	0
10135	T	T	993.598	37	74	74	0	0	0	993.598
10136	G	G	1052.81	37	75	74	0	0	1052.81	0
10137	A	A	960.199	37	72	72	960.199	0	0	0
10138	T	T	995.045	37	73	73	0	0	0	995.045
10139	A	A	1008.21	37	76	76	1008.21	0	0	0
10140	T	T	1001.76	37	73	73	0	0	0	1001.76
10141	A	A	958.504	37	71	71	958.504	0	0	0
10142	A	A	943.786	37	69	69	943.786	0	0	0
10143	T	T	925.872	37	67	67	0	0	0	925.872
10144	T	T	964.302	37	69	69	0	0	0	964.302
10145	G	G	898.847	37	67	64	0	0	898.847	0
10146	T	T	933.836	37	66	66	0	0	0	933.836
10147	C	C	862.466	37	64	61	0	862.466	0	0
10148	A	A	797.034	37	63	63	797.034	0	0	0
10149	T	T	880.94	37	61	61	0	0	0	880.94
10150	A	A	715.227	37	56	56	715.227	0	0	0
10151	C	C	751.771	37	52	52	0	751.771	0	0
10152	C	C	736.757	37	51	51	0	736.757	0	0
10153	C	C	643.915	35.8902	51	47	0	643.915	0	0
10154	A	A	708.767	35.8902	51	51	708.767	0	0	0
10155	T	T	680.876	35.8707	50	50	0	0	0	680.876
10156	A	A	707.509	35.8707	50	50	707.509	0	0	0
10157	T	T	701.726	35.9091	52	52	0	0	0	701.726
10158	T	T	703.258	35.9091	52	52	0	0	0	703.258
10159	C	C	750.927	35.945	54	53	0	750.927	0	0
10160	A	A	746.432	35.962	55	55	746.432	0	0	0
10161	T	T	742.69	35.9785	56	56	0	0	0	742.69
10162	A	A	781.193	36.01	58	58	781.193	0	0	0
10163	G	G	822.265	35.2044	58	57	0	0	822.265	0
10164	C	C	804.38	35.1787	57	56	0	804.38	0	0
10165	C	C	789.746	35.1522	56	55	0	789.746	0	0
10166	A	A	721.012	35.0968	54	54	721.012	0	0	0
10167	C	C	779.509	35.0968	54	54	0	779.509	0	0
10168	C	C	770.149	33.3779	57	54	0	770.149	0	0
10169	A	A	792.949	33.0032	59	59	792.949	0	0	0
10170	C	C	731.496	33.0032	59	53	0	731.496	0	0
10171	A	A	785.658	32.8654	56	56	785.658	0	0	0
10172	G	C	747.71	32.8654	56	53	0	747.71	0	0
10173	C	C	774.127	32.8172	55	54	0	774.127	0	0
10174	T	T	778.148	32.8654	56	56	0	0	0	778.148
10175	C	C	736.535	32.7677	54	52	0	736.535	0	0
10176	T	T	772.577	32.7677	54	54	0	0	0	772.577
10177	A	A	762.038	32.8654	56	56	762.038	0	0	0
10178	C	C	707.081	32.665	52	50	0	707.081	0	0
10179	T	T	728.25	32.6115	51	51	0	0	0	728.25
10180	A	A	712.556	32.665	52	52	712.556	0	0	0
10181	A	A	749.936	32.8172	55	55	749.936	0	0	0
10182	A	A	738.384	32.8172	55	55	738.384	0	0	0
10183	C	C	784.527	32.9124	57	55	0	784.527	0	0
10184	C	C	704.736	33.2895	55	51	0	704.736	0	0
10185	T	T	733.731	33.2895	55	55	0	0	0	733.731
10186	T	T	754.267	33.3779	57	57	0	0	0	754.267
10187	T	T	757.693	33.4205	58	58	0	0	0	757.693
10188	A	A	833.548	33.5807	62	62	833.548	0	0	0
10189	T	T	829.096	33.6553	64	64	0	0	0	829.096
10190	T	T	849.106	33.6913	65	65	0	0	0	849.106
10191	T	T	862.176	33.6913	65	65	0	0	0	862.176
10192	C	C	893.113	33.2895	66	63	0	893.113	0	0
10193	T	T	824.488	33.1315	62	62	0	0	0	824.488
10194	A	A	869.24	33.1315	62	62	869.24	0	0	0
10195	C	C	870.077	33.1723	63	61	0	870.077	0	0
10196	A	A	892.715	33.2513	65	65	892.715	0	0	0
10197	T	T	916.36	33.3269	67	67	0	0	0	916.36
10198	G	G	949.168	33.3635	68	66	0	0	949.168	0
10199	C	C	912.936	33.7266	66	64	0	912.936	0	0
10200	G	G	968.313	33.761	67	67	0	0	968.313	0
10201	C	C	948.318	33.761	67	66	0	948.318	0	0
10202	C	C	936.22	33.7266	66	65	0	936.22	0	0
10203	T	T	938.704	33.761	67	67	0	0	0	938.704
10204	A	A	928.299	33.7947	68	68	928.299	0	0	0
10205	G	G	967.161	34.2434	67	67	0	0	967.161	0
10206	C	C	922.773	34.2434	67	65	0	922.773	0	0
10207	A	A	935.455	34.303	69	69	935.455	0	0	0
10208	T	T	933.253	34.8367	69	69	0	0	0	933.253
10209	A	A	903.088	35.4066	67	67	903.088	0	0	0
10210	C	C	956.748	35.4262	68	67	0	956.748	0	0
10211	G	G	990.242	35.4641	70	69	0	0	990.242	0
10212	C	C	962.171	34.8118	68	67	0	962.171	0	0
10213	T	T	930.654	34.7862	67	67	0	0	0	930.654
10214	A	A	868.693	34.7056	64	64	868.693	0	0	0
10215	C	C	891.848	35.3227	63	62	0	891.848	0	0
10216	A	A	869.207	35.3657	65	65	869.207	0	0	0
10217	G	G	910.501	35.3657	65	64	0	0	910.501	0
10218	C	C	905.344	36.1306	67	64	0	905.344	0	0
10219	A	A	913.152	36.1422	68	68	913.152	0	0	0
10220	C	C	948.371	36.1645	70	67	0	948.371	0	0
10221	T	T	889.004	36.1422	68	68	0	0	0	889.004
10222	A	A	919.644	36.1535	69	69	919.644	0	0	0
10223	A	A	950.429	36.1752	71	71	950.429	0	0	0
10224	C	C	923.483	36.1422	68	65	0	923.483	0	0
10225	A	A	879.156	36.0938	64	64	879.156	0	0	0
10226	A	A	869.562	36.0809	63	63	869.562	0	0	0
10227	T	T	869.268	36.0538	61	61	0	0	0	869.268
10228	G	G	817.632	36.0538	61	58	0	0	817.632	0
10229	T	T	855.334	36.0251	59	59	0	0	0	855.334
10230	T	T	841.027	36.0251	59	59	0	0	0	841.027
10231	T	T	843.717	36.0251	59	59	0	0	0	843.717
10232	C	C	854.149	36.0397	60	59	0	854.149	0	0
10233	C	C	874.853	36.0809	63	61	0	874.853	0	0
10234	C	C	825.507	36.0538	61	58	0	825.507	0	0
10235	T	T	824.889	36.0538	61	61	0	0	0	824.889
10236	C	C	848.454	36.0251	59	59	0	848.454	0	0
10237	G	G	730.485	35.962	55	52	0	0	730.485	0
10238	G	G	756.629	37	55	53	0	0	756.629	0
10239	C	C	763.427	37	54	53	0	763.427	0	0
10240	A	A	762.167	37	55	55	762.167	0	0	0
10241	A	A	768.439	37	55	55	768.439	0	0	0
10242	A	A	773.305	37	55	55	773.305	0	0	0
10243	C	C	768.152	37	57	54	0	768.152	0	0
10244	A	A	789.75	37	58	58	789.75	0	0	0
10245	A	A	800.829	37	59	59	800.829	0	0	0
10246	T	T	809.282	37	61	61	0	0	0	809.282
10247	A	A	824.005	37	60	60	824.005	0	0	0
10248	C	C	857.424	37	62	60	0	857.424	0	0
10249	A	A	889.569	37	63	63	889.569	0	0	0
10250	A	A	862.925	37	61	61	862.925	0	0	0
10251	A	A	847.775	37	61	61	847.775	0	0	0
10252	A	A	838.727	37	62	62	838.727	0	0	0
10253	A	A	820.013	37	62	62	820.013	0	0	0
10254	T	T	889.719	37	62	62	0	0	0	889.719
10255	A	A	778.977	37	59	59	778.977	0	0	0
10256	A	A	784.782	37	59	59	784.782	0	0	0
10257	A	A	759.847	37	57	57	759.847	0	0	0
10258	A	A	738.225	37	55	55	738.225	0	0	0
10259	T	T	749.023	37	54	54	0	0	0	749.023
10260	G	G	743.692	37	53	52	0	0	743.692	0
10261	A	A	705.833	37	53	53	705.833	0	0	0
10262	C	C	736.06	37	51	51	0	736.06	0	0
10263	A	A	702.429	37	53	53	702.429	0	0	0
10264	A	A	710.435	37	53	53	710.435	0	0	0
10265	T	T	709.258	37	53	53	0	0	0	709.258
10266	T	T	715.689	37	54	54	0	0	0	715.689
10267	T	T	694.23	37	53	53	0	0	0	694.23
10268	G	G	737.911	37	53	52	0	0	737.911	0
10269	A	A	758.553	37	55	55	758.553	0	0	0
10270	A	A	776.071	37	56	56	776.071	0	0	0
10271	A	A	738.082	37	54	54	738.082	0	0	0
10272	G	G	778.451	37	55	54	0	0	778.451	0
10273	C	C	760.839	37	54	53	0	760.839	0	0
10274	A	A	734.385	37	54	54	734.385	0	0	0
10275	T	T	750.093	37	52	52	0	0	0	750.093
10276	A	A	686.429	37	48	48	686.429	0	0	0
10277	A	A	693.711	37	49	49	693.711	0	0	0
10278	A	A	678.573	37	49	49	678.573	0	0	0
10279	A	A	690.399	37	50	50	690.399	0	0	0
10280	A	A	672.286	37	50	50	672.286	0	0	0
10281	A	A	689.4	37	51	51	689.4	0	0	0
10282	A	A	703.275	37	53	53	703.275	0	0	0
10283	A	A	727.032	37	54	54	727.032	0	0	0
10284	T	T	717.465	37	54	54	0	0	0	717.465
10285	A	A	713.111	37	53	53	713.111	0	0	0
10286	A	A	699.409	37	52	52	699.409	0	0	0
10287	T	T	683.032	37	50	50	0	0	0	683.032
10288	C	C	707.282	37	50	49	0	707.282	0	0
10289	T	T	681.279	37	49	49	0	0	0	681.279
10290	T	T	697.816	37	50	50	0	0	0	697.816
10291	C	C	690.978	37	49	48	0	690.978	0	0
10292	T	T	662.695	37	47	47	0	0	0	662.695
10293	T	T	665.595	37	49	49	0	0	0	665.595
10294	G	G	653.431	37	48	46	0	0	653.431	0
10295	C	C	540.64	37	43	39	0	540.64	0	0
10296	C	C	616.603	37	43	43	0	616.603	0	0
10297	C	C	599.62	37	43	42	0	599.62	0	0
10298	C	C	617.521	37	44	43	0	617.521	0	0
10299	C	C	632.954	37	44	44	0	632.954	0	0
10300	T	T	591.019	37	43	43	0	0	0	591.019
10301	C	C	619.015	37	43	43	0	619.015	0	0
10302	T	T	580.955	37	42	42	0	0	0	580.955
10303	A	A	631.593	37	45	45	631.593	0	0	0
10304	A	A	648.118	37	46	46	648.118	0	0	0
10305	T	T	605.86	37	47	47	0	0	0	605.86
10306	C	C	643.584	37	46	45	0	643.584	0	0
10307	G	G	677.962	37	48	47	0	0	677.962	0
10308	T	T	658.86	37	49	49	0	0	0	658.86
10309	A	A	669.626	37	48	48	669.626	0	0	0
10310	G	G	596.057	37	48	44	0	0	596.057	0
10311	C	C	678.229	35.8294	48	47	0	678.229	0	0
10312	A	A	666.074	35.8294	48	48	666.074	0	0	0
10313	T	T	664.405	35.8294	48	48	0	0	0	664.405
10314	C	C	675.165	35.8294	48	47	0	675.165	0	0
10315	A	A	685.721	35.8707	50	50	685.721	0	0	0
10316	A	A	696.534	35.8902	51	51	696.534	0	0	0
10317	C	C	655.28	35.8707	50	47	0	655.28	0	0
10318	C	C	709.613	35.8902	51	50	0	709.613	0	0
10319	A	A	665.659	35.8504	49	49	665.659	0	0	0
10320	T	T	662.626	35.8077	47	47	0	0	0	662.626
10321	A	A	679.74	35.8707	50	50	679.74	0	0	0
10322	C	C	704.067	35.8707	50	49	0	704.067	0	0
10323	T	T	677.324	35.0071	51	51	0	0	0	677.324
10324	C	C	703.659	34.9752	50	49	0	703.659	0	0
10325	C	C	705.269	34.9423	49	49	0	705.269	0	0
10326	T	T	691.309	34.3127	52	52	0	0	0	691.309
10327	C	C	669.934	34.3506	53	48	0	669.934	0	0
10328	C	C	736.87	34.3506	53	52	0	736.87	0	0
10329	C	C	710.757	34.3875	54	51	0	710.757	0	0
10330	A	A	754.937	34.4234	55	55	754.937	0	0	0
10331	T	T	760.235	34.4582	56	56	0	0	0	760.235
10332	T	T	768.591	34.4582	56	56	0	0	0	768.591
10333	A	A	741.468	34.4234	55	55	741.468	0	0	0
10334	A	A	723.856	34.4921	57	57	723.856	0	0	0
10335	C	C	785.502	33.8994	57	55	0	785.502	0	0
10336	T	T	750.882	33.86	56	56	0	0	0	750.882
10337	C	C	776.133	33.4205	58	55	0	776.133	0	0
10338	C	C	789.79	33.3343	56	55	0	789.79	0	0
10339	A	A	739.406	32.717	53	53	739.406	0	0	0
10340	A	A	725.527	32.717	53	53	725.527	0	0	0
10341	T	T	701.548	32.2854	53	53	0	0	0	701.548
10342	A	A	762.094	32.3912	55	55	762.094	0	0	0
10343	C	C	754.124	32.3912	55	53	0	754.124	0	0
10344	T	T	757.268	32.3912	55	55	0	0	0	757.268
10345	C	C	712.717	32.2304	52	50	0	712.717	0	0
10346	T	T	728.21	32.2304	52	52	0	0	0	728.21
10347	C	C	752.018	32.2304	52	52	0	752.018	0	0
10348	A	A	691.62	32.1161	50	50	691.62	0	0	0
10349	A	A	739.399	32.3389	54	54	739.399	0	0	0
10350	T	T	737.405	31.9487	54	54	0	0	0	737.405
10351	C	C	777.197	31.9487	54	54	0	777.197	0	0
10352	A	A	736.702	31.8354	52	52	736.702	0	0	0
10353	T	T	722.575	32.0033	55	55	0	0	0	722.575
10354	G	G	780.803	31.9487	54	54	0	0	780.803	0
10355	G	T	760.096	32.0567	56	56	0	0	0	760.096
10356	A	A	797.268	32.1088	57	57	797.268	0	0	0
10357	C	C	798.755	32.1597	58	56	0	798.755	0	0
10358	T	T	808.262	32.258	60	60	0	0	0	808.262
10359	A	A	823.647	32.6346	60	60	823.647	0	0	0
10360	G	G	864.063	32.6346	60	60	0	0	864.063	0
10361	A	A	768.647	32.5882	59	59	768.647	0	0	0
10362	G	G	831.193	32.68	61	59	0	0	831.193	0
10363	A	A	767.555	32.9124	57	57	767.555	0	0	0
10364	T	T	798.443	32.9124	57	57	0	0	0	798.443
10365	T	T	801.581	32.9124	57	57	0	0	0	801.581
10366	T	T	725.399	32.717	53	53	0	0	0	725.399
10367	A	A	715.676	32.665	52	52	715.676	0	0	0
10368	G	G	720.441	32.717	53	51	0	0	720.441	0
10369	G	G	707.284	32.717	53	50	0	0	707.284	0
10370	C	C	769.156	32.9124	57	54	0	769.156	0	0
10371	T	T	758.559	33.3343	56	56	0	0	0	758.559
10372	A	A	736.086	33.778	54	54	736.086	0	0	0
10373	A	A	742.898	33.778	54	54	742.898	0	0	0
10374	A	A	782.906	33.8994	57	57	782.906	0	0	0
10375	A	A	784.477	33.9378	58	58	784.477	0	0	0
10376	A	A	788.178	33.8994	57	57	788.178	0	0	0
10377	G	G	796.149	33.8195	55	55	0	0	796.149	0
10378	A	A	779.428	33.8195	55	55	779.428	0	0	0
10379	C	C	820.863	33.3779	57	57	0	820.863	0	0
10380	C	C	777.191	33.3779	57	55	0	777.191	0	0
10381	A	A	757.287	33.3343	56	56	757.287	0	0	0
10382	A	A	781.264	33.462	59	59	781.264	0	0	0
10383	G	G	734.817	33.4205	58	53	0	0	734.817	0
10384	G	G	766.603	33.3343	56	54	0	0	766.603	0
10385	G	G	757.386	33.8994	57	54	0	0	757.386	0
10386	C	C	813.335	33.4205	58	57	0	813.335	0	0
10387	C	C	803.874	33.8994	57	56	0	803.874	0	0
10388	T	T	766.191	33.9378	58	58	0	0	0	766.191
10389	T	T	774.647	33.9752	59	59	0	0	0	774.647
10390	C	C	858.592	34.0472	61	60	0	858.592	0	0
10391	A	A	849.641	34.0472	61	61	849.641	0	0	0
10392	A	A	825.061	33.9752	59	59	825.061	0	0	0
10393	A	A	808.805	33.9752	59	59	808.805	0	0	0
10394	G	G	806.932	34.0116	60	57	0	0	806.932	0
10395	C	C	831.148	34.1157	63	60	0	831.148	0	0
10396	C	C	865.028	34.0472	61	60	0	865.028	0	0
10397	C	A	793.917	34.0116	60	60	793.917	0	0	0
10398	T	T	795.391	34.5884	60	59	0	0	0	795.391
10399	A	A	828.236	34.5884	60	60	828.236	0	0	0
10400	A	A	829.358	34.6188	61	61	829.358	0	0	0
10401	G	G	820.737	34.6188	61	58	0	0	820.737	0
10402	T	T	802.757	34.6188	61	61	0	0	0	802.757
10403	A	A	802.25	34.5884	60	60	802.25	0	0	0
10404	A	A	798.226	34.5884	60	60	798.226	0	0	0
10405	G	G	860.978	34.6188	61	60	0	0	860.978	0
10406	T	T	798.42	35.2773	61	61	0	0	0	798.42
10407	G	G	829.433	35.2294	59	58	0	0	829.433	0
10408	A	A	857.65	35.2537	60	60	857.65	0	0	0
10409	A	A	874.558	35.2773	61	61	874.558	0	0	0
10410	A	A	867.193	35.3003	62	62	867.193	0	0	0
10411	T	T	856.475	36.0538	61	61	0	0	0	856.475
10412	T	T	869.522	36.0809	63	63	0	0	0	869.522
10413	C	C	894.211	36.1064	65	63	0	894.211	0	0
10414	A	A	896.4	36.1064	65	65	896.4	0	0	0
10415	C	C	838.974	36.0675	62	59	0	838.974	0	0
10416	T	T	873.57	36.0809	63	63	0	0	0	873.57
10417	T	T	860.884	36.0538	61	61	0	0	0	860.884
10418	A	A	872.23	36.0809	63	63	872.23	0	0	0
10419	G	G	870.59	36.0675	62	61	0	0	870.59	0
10420	T	T	887.008	36.0809	63	63	0	0	0	887.008
10421	C	C	861.472	36.0675	62	60	0	861.472	0	0
10422	T	T	813.107	36.0397	60	59	0	0	0	813.107
10423	C	C	789.942	36.0538	61	57	0	789.942	0	0
10424	T	T	859.748	36.0538	61	61	0	0	0	859.748
10425	G	G	832.477	37	59	58	0	0	832.477	0
10426	T	T	820.077	37	59	59	0	0	0	820.077
10427	A	A	767.358	37	58	58	767.358	0	0	0
10428	A	A	755.219	37	57	57	755.219	0	0	0
10429	C	C	781.492	37	57	55	0	781.492	0	0
10430	T	T	762.924	37	57	57	0	0	0	762.924
10431	A	A	816.362	37	60	60	816.362	0	0	0
10432	T	T	766.007	37	58	58	0	0	0	766.007
10433	T	T	781.981	37	60	60	0	0	0	781.981
10434	T	T	789.093	37	60	60	0	0	0	789.093
10435	A	A	806.174	37	59	59	806.174	0	0	0
10436	A	T	814.222	37	59	59	0	0	0	814.222
10437	G	G	836.451	37	58	58	0	0	836.451	0
10438	G	G	863.94	37	60	60	0	0	863.94	0
10439	A	A	826.025	37	60	60	826.025	0	0	0
10440	C	C	849.53	37	59	59	0	849.53	0	0
10441	T	T	801.035	37	58	58	0	0	0	801.035
10442	G	G	823.984	37	57	57	0	0	823.984	0
10443	C	C	834.19	37	59	58	0	834.19	0	0
10444	A	A	822.661	37	59	59	822.661	0	0	0
10445	A	A	830.229	37	59	59	830.229	0	0	0
10446	G	G	892.629	37	63	62	0	0	892.629	0
10447	A	A	875.176	37	65	65	875.176	0	0	0
10448	G	G	870.76	37	63	61	0	0	870.76	0
10449	C	C	861.054	37	63	61	0	861.054	0	0
10450	A	A	851.935	37	65	65	851.935	0	0	0
10451	T	T	863.851	37	63	63	0	0	0	863.851
10452	A	A	806.695	37	62	62	806.695	0	0	0
10453	T	T	857.514	37	62	62	0	0	0	857.514
10454	C	C	824.034	36.0538	61	58	0	824.034	0	0
10455	T	T	823.124	36.0538	61	61	0	0	0	823.124
10456	C	C	790.019	36.01	58	56	0	790.019	0	0
10457	A	A	822.974	36.0397	60	60	822.974	0	0	0
10458	C	C	836.74	36.0809	63	60	0	836.74	0	0
10459	A	A	831.175	36.0538	61	61	831.175	0	0	0
10460	T	T	839.283	36.0809	63	63	0	0	0	839.283
10461	C	C	804.823	36.1064	65	59	0	804.823	0	0
10462	A	A	833.407	36.0538	61	61	833.407	0	0	0
10463	A	A	852.26	36.0675	62	62	852.26	0	0	0
10464	T	T	815.946	36.0251	59	59	0	0	0	815.946
10465	T	T	821.918	36.0251	59	59	0	0	0	821.918
10466	G	G	820.467	36.0251	59	57	0	0	820.467	0
10467	A	A	808.526	35.9945	57	57	808.526	0	0	0
10468	A	A	821.872	36.0251	59	59	821.872	0	0	0
10469	C	C	838.799	36.01	58	58	0	838.799	0	0
10470	G	G	827.446	36.0251	59	58	0	0	827.446	0
10471	C	C	852.588	36.0251	59	59	0	852.588	0	0
10472	A	A	818.758	36.0251	59	59	818.758	0	0	0
10473	A	A	807.518	35.9945	57	57	807.518	0	0	0
10474	A	A	804.131	35.9945	57	57	804.131	0	0	0
10475	A	A	796.062	37	57	57	796.062	0	0	0
10476	C	C	850.289	37	59	59	0	850.289	0	0
10477	A	A	801.704	37	59	59	801.704	0	0	0
10478	A	A	812.733	37	61	61	812.733	0	0	0
10479	C	C	864.533	37	61	60	0	864.533	0	0
10480	C	C	849.093	36.0397	60	59	0	849.093	0	0
10481	G	G	829.558	36.0397	60	58	0	0	829.558	0
10482	C	C	819.624	36.01	58	57	0	819.624	0	0
10483	T	T	803.647	36.0538	61	61	0	0	0	803.647
10484	T	T	803.186	36.0538	61	61	0	0	0	803.186
10485	T	T	814.461	36.0397	60	60	0	0	0	814.461
10486	A	A	774.385	36.0397	60	60	774.385	0	0	0
10487	A	A	749.48	35.9945	57	57	749.48	0	0	0
10488	T	T	782.102	35.9785	56	56	0	0	0	782.102
10489	T	T	782.543	35.9785	56	56	0	0	0	782.543
10490	A	A	724.824	35.962	55	55	724.824	0	0	0
10491	A	A	714.474	35.962	55	55	714.474	0	0	0
10492	G	G	702.511	35.945	54	50	0	0	702.511	0
10493	C	C	733.498	35.962	55	52	0	733.498	0	0
10494	T	T	730.165	35.962	55	55	0	0	0	730.165
10495	A	A	738.786	35.9091	52	52	738.786	0	0	0
10496	A	A	724.683	35.8707	50	50	724.683	0	0	0
10497	G	G	706.07	35.8707	50	49	0	0	706.07	0
10498	C	C	728.32	35.9273	53	51	0	728.32	0	0
10499	C	C	680.742	35.1249	55	50	0	680.742	0	0
10500	C	C	778.85	35.2044	58	55	0	778.85	0	0
10501	T	T	783.74	35.2044	58	58	0	0	0	783.74
10502	T	T	773.34	35.2294	59	59	0	0	0	773.34
10503	C	C	832.307	35.2294	59	58	0	832.307	0	0
10504	T	T	773.394	35.1522	56	56	0	0	0	773.394
10505	A	A	771.699	35.2044	58	58	771.699	0	0	0
10506	G	G	786.087	35.1787	57	55	0	0	786.087	0
10507	A	A	748.759	35.945	54	54	748.759	0	0	0
10508	T	T	766.811	35.9785	56	56	0	0	0	766.811
10509	C	C	778.302	35.945	54	54	0	778.302	0	0
10510	G	G	736.371	35.9273	53	52	0	0	736.371	0
10511	G	G	748.794	35.9091	52	52	0	0	748.794	0
10512	T	T	746.242	35.945	54	54	0	0	0	746.242
10513	G	G	709.904	35.9091	52	50	0	0	709.904	0
10514	G	G	726.548	35.9273	53	51	0	0	726.548	0
10515	G	G	764.189	35.9273	53	53	0	0	764.189	0
10516	C	C	756.074	35.962	55	53	0	756.074	0	0
10517	T	T	723.592	35.945	54	54	0	0	0	723.592
10518	T	T	720.523	35.962	55	55	0	0	0	720.523
10519	T	T	748.921	36.01	58	58	0	0	0	748.921
10520	T	T	771.649	36.0251	59	59	0	0	0	771.649
10521	G	G	848.413	36.0397	60	59	0	0	848.413	0
10522	T	T	795.939	36.0538	61	61	0	0	0	795.939
10523	C	C	797.079	36.0538	61	57	0	797.079	0	0
10524	C	C	876.416	36.0675	62	61	0	876.416	0	0
10525	C	C	876.768	36.0675	62	61	0	876.768	0	0
10526	A	A	844.303	36.0397	60	60	844.303	0	0	0
10527	C	C	850.634	36.0397	60	59	0	850.634	0	0
10528	A	A	851.422	36.0538	61	61	851.422	0	0	0
10529	A	A	875.998	36.0809	63	63	875.998	0	0	0
10530	A	A	907.544	36.0938	64	64	907.544	0	0	0
10531	A	A	923.271	36.1064	65	65	923.271	0	0	0
10532	T	T	886.566	37	67	67	0	0	0	886.566
10533	T	T	886.817	37	66	66	0	0	0	886.817
10534	T	T	904.961	37	66	66	0	0	0	904.961
10535	T	T	932.676	37	67	67	0	0	0	932.676
10536	A	A	912.557	37	66	66	912.557	0	0	0
10537	G	G	885.147	37	65	63	0	0	885.147	0
10538	T	T	927.421	37	66	66	0	0	0	927.421
10539	T	T	930.871	37	68	68	0	0	0	930.871
10540	A	A	947.23	37	67	67	947.23	0	0	0
10541	A	A	967.851	37	70	70	967.851	0	0	0
10542	C	C	850.16	37	72	63	0	850.16	0	0
10543	A	A	993.214	37	72	71	993.214	0	0	0
10544	G	G	1038.6	37	72	72	0	0	1038.6	0
10545	C	C	1021.35	37	75	72	0	1021.35	0	0
10546	T	T	995.829	37	75	75	0	0	0	995.829
10547	A	A	1037.03	37	77	77	1037.03	0	0	0
10548	A	A	1039.56	37	78	78	1039.56	0	0	0
10549	A	A	1047.75	37	77	77	1047.75	0	0	0
10550	A	A	1023.97	37	75	75	1023.97	0	0	0
10551	A	A	1024.37	37	73	73	1024.37	0	0	0
10552	C	C	1040.89	37	73	72	0	1040.89	0	0
10553	C	C	1015.52	37	72	71	0	1015.52	0	0
10554	C	C	1042.44	37	72	72	0	1042.44	0	0
10555	C	C	1016.68	37	72	71	0	1016.68	0	0
10556	A	A	914.775	37	71	71	914.775	0	0	0
10557	A	A	900.157	37	68	67	900.157	0	0	0
10558	A	A	894.393	37	67	67	894.393	0	0	0
10559	C	C	909.926	37	64	63	0	909.926	0	0
10560	A	A	885.384	37	64	64	885.384	0	0	0
10561	A	A	863.28	37	63	63	863.28	0	0	0
10562	C	C	912.012	37	65	64	0	912.012	0	0
10563	T	T	869.921	37	63	63	0	0	0	869.921
10564	G	G	910.53	37	64	63	0	0	910.53	0
10565	G	G	888.019	37	64	62	0	0	888.019	0
10566	C	C	901.518	36.0938	64	63	0	901.518	0	0
10567	T	T	885.242	36.0938	64	64	0	0	0	885.242
10568	T	T	886.032	36.0938	64	64	0	0	0	886.032
10569	C	C	879.37	36.0938	64	62	0	879.37	0	0
10570	A	A	838.27	36.0809	63	63	838.27	0	0	0
10571	A	A	833.83	36.0538	61	61	833.83	0	0	0
10572	T	T	864.24	36.1064	65	64	0	0	0	864.24
10573	C	C	935.322	36.1064	65	65	0	935.322	0	0
10574	T	T	848.024	36.0809	63	63	0	0	0	848.024
10575	A	A	891.643	35.3445	64	63	891.643	0	0	0
10576	C	C	909.905	34.7862	67	64	0	909.905	0	0
10577	T	T	924.266	34.8367	69	69	0	0	0	924.266
10578	T	T	942.804	34.8612	70	70	0	0	0	942.804
10579	C	C	920.566	34.8118	68	65	0	920.566	0	0
10580	T	T	939.825	34.8118	68	68	0	0	0	939.825
10581	C	C	957.913	34.8367	69	67	0	957.913	0	0
10582	C	C	955.611	34.8118	68	67	0	955.611	0	0
10583	C	C	932.452	34.3318	70	66	0	932.452	0	0
10584	G	G	964.508	34.3318	70	68	0	0	964.508	0
10585	C	C	983.804	34.3318	70	69	0	983.804	0	0
10586	C	C	878.394	34.2735	68	64	0	878.394	0	0
10587	G	G	976.926	34.3318	70	68	0	0	976.926	0
10588	C	C	998.14	34.303	69	69	0	998.14	0	0
10589	G	G	995.984	34.3318	70	69	0	0	995.984	0
10590	T	T	974.408	34.3318	70	70	0	0	0	974.408
10591	G	G	1005.58	34.3875	72	70	0	0	1005.58	0
10592	G	G	1039.02	34.9083	72	72	0	0	1039.02	0
10593	A	A	1006.23	34.885	71	71	1006.23	0	0	0
10594	A	A	1019.69	34.9311	73	73	1019.69	0	0	0
10595	A	A	1029.31	34.9534	74	74	1029.31	0	0	0
10596	A	A	1017.67	34.9311	73	73	1017.67	0	0	0
10597	A	A	1023.99	34.9311	73	73	1023.99	0	0	0
10598	A	A	1023.03	34.9311	73	73	1023.03	0	0	0
10599	A	A	998.238	34.885	71	71	998.238	0	0	0
10600	A	A	1016.44	34.9311	73	73	1016.44	0	0	0
10601	G	G	1005.22	34.9083	72	70	0	0	1005.22	0
10602	G	G	1074.06	35.0175	77	75	0	0	1074.06	0
10603	C	C	1096.52	35.0175	77	76	0	1096.52	0	0
10604	G	G	1013.59	35.5512	75	72	0	0	1013.59	0
10605	G	G	1027.56	35.5346	74	72	0	0	1027.56	0
10606	G	G	1034.13	35.5512	75	73	0	0	1034.13	0
10607	A	A	981.165	35.5002	72	72	981.165	0	0	0
10608	G	G	979.124	35.4641	70	68	0	0	979.124	0
10609	A	A	953.46	35.4262	68	68	953.46	0	0	0
10610	A	A	939.549	36.1306	67	67	939.549	0	0	0
10611	G	G	908.177	36.1422	68	65	0	0	908.177	0
10612	C	C	1049.14	36.1959	73	73	0	1049.14	0	0
10613	C	C	978.221	36.1959	73	69	0	978.221	0	0
10614	C	C	1043.74	36.2155	75	73	0	1043.74	0	0
10615	C	C	1001.86	36.2155	75	71	0	1001.86	0	0
10616	G	G	993.376	37	73	70	0	0	993.376	0
10617	G	G	922.408	37	71	66	0	0	922.408	0
10618	C	C	982.439	37	68	68	0	982.439	0	0
10619	A	A	899.021	37	66	66	899.021	0	0	0
10620	G	G	840.018	37	66	61	0	0	840.018	0
10621	A	A	901.054	37	67	67	901.054	0	0	0
10622	A	A	878.907	37	64	64	878.907	0	0	0
10623	T	T	882.831	37	64	64	0	0	0	882.831
10624	T	T	887.938	37	64	64	0	0	0	887.938
10625	G	G	808.07	37	64	58	0	0	808.07	0
10626	A	A	847.055	37	63	63	847.055	0	0	0
10627	A	A	840.43	37	62	62	840.43	0	0	0
10628	T	T	880.177	37	64	64	0	0	0	880.177
10629	C	C	811.431	37	63	58	0	811.431	0	0
10630	T	T	841.845	37	64	64	0	0	0	841.845
10631	G	G	867.775	37	64	61	0	0	867.775	0
10632	C	C	904.558	37	64	63	0	904.558	0	0
10633	T	T	891.09	37	66	66	0	0	0	891.09
10634	T	T	860.298	37	63	63	0	0	0	860.298
10635	C	C	911.428	37	63	63	0	911.428	0	0
10636	T	T	868.615	37	63	63	0	0	0	868.615
10637	T	T	792.634	37	57	57	0	0	0	792.634
10638	T	T	812.933	37	58	58	0	0	0	812.933
10639	G	G	817.118	37	58	57	0	0	817.118	0
10640	A	A	745.135	37	55	55	745.135	0	0	0
10641	A	A	768.348	37	56	56	768.348	0	0	0
10642	T	T	757.865	37	56	56	0	0	0	757.865
10643	T	T	770.062	37	56	56	0	0	0	770.062
10644	T	T	774.794	37	57	57	0	0	0	774.794
10645	G	G	823.599	37	57	57	0	0	823.599	0
10646	C	C	833.35	37	58	58	0	833.35	0	0
10647	A	A	815.758	37	57	57	815.758	0	0	0
10648	A	A	836.315	37	59	59	836.315	0	0	0
10649	T	T	806.15	37	59	59	0	0	0	806.15
10650	T	T	832.821	37	61	61	0	0	0	832.821
10651	C	C	846.759	37	61	59	0	846.759	0	0
10652	A	A	862.532	37	63	63	862.532	0	0	0
10653	A	A	817.585	37	62	62	817.585	0	0	0
10654	T	T	848.679	37	62	62	0	0	0	848.679
10655	A	A	816.806	37	60	60	816.806	0	0	0
10656	T	T	817.091	37	58	58	0	0	0	817.091
10657	G	G	805.9	37	59	57	0	0	805.9	0
10658	A	A	783.079	37	54	54	783.079	0	0	0
10659	T	T	789.642	37	56	56	0	0	0	789.642
10660	T	T	802.437	37	58	58	0	0	0	802.437
10661	A	A	840.012	37	59	59	840.012	0	0	0
10662	T	T	822.484	37	59	59	0	0	0	822.484
10663	T	T	829.844	37	60	60	0	0	0	829.844
10664	C	C	880.772	37	61	61	0	880.772	0	0
10665	A	A	878.032	37	63	63	878.032	0	0	0
10666	C	C	880.424	37	62	61	0	880.424	0	0
10667	C	C	894.79	37	63	62	0	894.79	0	0
10668	A	A	872.635	37	63	63	872.635	0	0	0
10669	C	C	907.905	37	64	63	0	907.905	0	0
10670	A	A	854.781	37	63	63	854.781	0	0	0
10671	G	G	900.894	36.1064	65	63	0	0	900.894	0
10672	A	A	912.733	36.1187	66	66	912.733	0	0	0
10673	G	G	926.916	36.1422	68	65	0	0	926.916	0
10674	C	C	935.282	36.1187	66	65	0	935.282	0	0
10675	T	T	879.784	35.3864	66	66	0	0	0	879.784
10676	T	T	901.707	35.3864	66	66	0	0	0	901.707
10677	G	G	856.051	35.4066	67	62	0	0	856.051	0
10678	G	G	864.468	35.3445	64	61	0	0	864.468	0
10679	C	C	903.814	35.3445	64	63	0	903.814	0	0
10680	A	A	877.856	35.3445	64	64	877.856	0	0	0
10681	A	A	853.903	35.3227	63	63	853.903	0	0	0
10682	A	A	844.762	35.2773	61	61	844.762	0	0	0
10683	A	A	848.3	35.3003	62	62	848.3	0	0	0
10684	A	A	824.912	35.2773	61	61	824.912	0	0	0
10685	G	G	797.325	35.2294	59	56	0	0	797.325	0
10686	A	A	798.584	35.2294	59	59	798.584	0	0	0
10687	G	G	801.826	35.2537	60	57	0	0	801.826	0
10688	G	G	829.619	34.5884	60	58	0	0	829.619	0
10689	A	A	797.08	33.9752	59	59	797.08	0	0	0
10690	C	C	746.201	33.8994	57	53	0	746.201	0	0
10691	T	T	784.878	33.8994	57	57	0	0	0	784.878
10692	T	T	801.346	33.8994	57	57	0	0	0	801.346
10693	G	G	749.608	33.86	56	53	0	0	749.608	0
10694	C	C	821.482	33.8994	57	57	0	821.482	0	0
10695	C	C	821.774	33.8994	57	57	0	821.774	0	0
10696	T	T	790.566	34.4921	57	57	0	0	0	790.566
10697	C	C	817.61	34.5251	58	57	0	817.61	0	0
10698	T	T	785.959	34.5572	59	59	0	0	0	785.959
10699	A	A	828.52	34.5572	59	59	828.52	0	0	0
10700	T	T	793.143	34.5251	58	58	0	0	0	793.143
10701	T	T	792.937	34.5572	59	58	0	0	0	792.937
10702	C	C	849.398	34.5572	59	59	0	849.398	0	0
10703	T	T	843.642	34.6485	62	62	0	0	0	843.642
10704	T	T	846.625	34.6485	62	62	0	0	0	846.625
10705	A	A	798.624	34.6188	61	61	798.624	0	0	0
10706	G	G	791.677	34.5572	59	56	0	0	791.677	0
10707	A	A	795.643	34.6188	61	61	795.643	0	0	0
10708	T	A	810.509	34.5572	59	59	810.509	0	0	0
10709	T	T	780.44	33.9378	58	58	0	0	0	780.44
10710	T	T	790.902	33.9752	59	59	0	0	0	790.902
10711	A	A	793.879	33.8994	57	57	793.879	0	0	0
10712	C	C	791.102	33.86	56	55	0	791.102	0	0
10713	A	A	821.066	33.9752	59	59	821.066	0	0	0
10714	G	G	848.902	34.0116	60	59	0	0	848.902	0
10715	T	T	796.868	33.9752	59	58	0	0	0	796.868
10716	C	C	824.214	34.0116	60	58	0	824.214	0	0
10717	T	T	795.916	33.9752	59	59	0	0	0	795.916
10718	A	A	812.896	33.9752	59	59	812.896	0	0	0
10719	G	G	822.189	34.0819	62	59	0	0	822.189	0
10720	C	C	855.664	34.0819	62	60	0	855.664	0	0
10721	G	G	925.463	33.6913	65	64	0	0	925.463	0
10722	C	C	864.757	33.7266	66	62	0	864.757	0	0
10723	T	T	867.649	33.761	67	67	0	0	0	867.649
10724	T	T	877.916	33.7266	66	66	0	0	0	877.916
10725	T	T	890.745	33.7266	66	66	0	0	0	890.745
10726	T	T	912.645	33.6913	65	65	0	0	0	912.645
10727	A	A	898.338	33.6553	64	64	898.338	0	0	0
10728	T	T	902.425	33.6185	63	63	0	0	0	902.425
10729	C	C	913.358	33.6185	63	63	0	913.358	0	0
10730	A	A	831.457	33.5421	61	61	831.457	0	0	0
10731	G	G	840.285	33.1723	63	60	0	0	840.285	0
10732	C	C	924.785	33.2122	64	64	0	924.785	0	0
10733	C	C	877.909	33.6185	63	61	0	877.909	0	0
10734	A	A	839.345	33.1315	62	62	839.345	0	0	0
10735	T	T	826.763	33.0897	61	61	0	0	0	826.763
10736	T	T	820.197	33.0469	60	60	0	0	0	820.197
10737	T	T	836.079	33.0897	61	61	0	0	0	836.079
10738	T	T	799.284	32.5407	58	58	0	0	0	799.284
10739	A	T	816.087	32.5407	58	58	0	0	0	816.087
10740	C	C	820.878	32.5407	58	57	0	820.878	0	0
10741	C	C	806.231	32.492	57	56	0	806.231	0	0
10742	T	T	803.592	32.5407	58	58	0	0	0	803.592
10743	A	A	785.837	32.5882	59	59	785.837	0	0	0
10744	T	T	805.707	32.5882	59	59	0	0	0	805.707
10745	G	G	782.786	32.492	57	55	0	0	782.786	0
10746	T	T	752.847	32.7677	54	54	0	0	0	752.847
10747	T	T	747.862	32.7677	54	54	0	0	0	747.862
10748	C	C	711.005	33.1964	53	50	0	711.005	0	0
10749	A	A	728.523	33.2435	54	54	728.523	0	0	0
10750	T	T	737.165	33.2895	55	55	0	0	0	737.165
10751	A	A	691.283	33.2435	54	54	691.283	0	0	0
10752	A	A	680.037	33.1964	53	53	680.037	0	0	0
10753	A	A	682.233	33.2435	54	54	682.233	0	0	0
10754	C	C	710.306	33.0981	51	50	0	710.306	0	0
10755	C	C	663.266	32.9943	49	47	0	663.266	0	0
10756	G	G	606.158	32.9401	48	44	0	0	606.158	0
10757	G	G	630.731	33.3453	45	44	0	0	630.731	0
10758	T	T	626.818	33.3993	46	46	0	0	0	626.818
10759	G	G	664.234	34.0588	46	46	0	0	664.234	0
10760	A	A	629.049	34.799	45	45	629.049	0	0	0
10761	T	T	631.967	34.8367	46	46	0	0	0	631.967
10762	T	T	644.771	34.9083	48	48	0	0	0	644.771
10763	A	A	672.917	34.9423	49	49	672.917	0	0	0
10764	T	T	673.719	34.9423	49	49	0	0	0	673.719
10765	T	T	638.594	34.1045	47	47	0	0	0	638.594
10766	C	C	641.747	34.1045	47	45	0	641.747	0	0
10767	T	T	682.848	33.6462	51	51	0	0	0	682.848
10768	C	C	710.757	33.6913	52	50	0	710.757	0	0
10769	T	T	693.971	33.6913	52	52	0	0	0	693.971
10770	A	A	699.338	33.6462	51	51	699.338	0	0	0
10771	C	C	689.89	33.5025	48	48	0	689.89	0	0
10772	G	G	750.485	33.6913	52	52	0	0	750.485	0
10773	A	A	744.376	33.2435	54	54	744.376	0	0	0
10774	A	A	748.087	33.2895	55	55	748.087	0	0	0
10775	C	C	773.886	33.2895	55	54	0	773.886	0	0
10776	C	C	767.684	33.3343	56	54	0	767.684	0	0
10777	A	A	730.257	33.1964	53	53	730.257	0	0	0
10778	T	T	731.822	33.7353	53	53	0	0	0	731.822
10779	A	A	756.034	33.2435	54	54	756.034	0	0	0
10780	A	A	800.521	32.492	57	57	800.521	0	0	0
10781	A	A	802.077	32.492	57	57	802.077	0	0	0
10782	G	G	895.58	32.7677	63	62	0	0	895.58	0
10783	A	A	905.506	32.4859	65	65	905.506	0	0	0
10784	C	C	858.696	32.4422	64	61	0	858.696	0	0
10785	A	A	902.641	32.4422	64	64	902.641	0	0	0
10786	T	T	852.748	32.4422	64	64	0	0	0	852.748
10787	T	T	911.031	32.5705	67	67	0	0	0	911.031
10788	G	G	931.076	32.6517	69	66	0	0	931.076	0
10789	G	G	981.205	32.6517	69	68	0	0	981.205	0
10790	C	G	929.759	32.3212	69	66	0	0	929.759	0
10791	A	A	937.775	32.2793	68	68	937.775	0	0	0
10792	C	C	936.775	32.0567	70	66	0	936.775	0	0
10793	C	C	958.029	32.3623	70	67	0	958.029	0	0
10794	C	C	893.652	32.3212	69	64	0	893.652	0	0
10795	T	T	959.402	32.4027	71	71	0	0	0	959.402
10796	T	T	957.113	32.4027	71	71	0	0	0	957.113
10797	T	T	966.402	32.4027	71	71	0	0	0	966.402
10798	A	A	977.286	32.4027	71	71	977.286	0	0	0
10799	T	T	976.217	32.3623	70	70	0	0	0	976.217
10800	C	C	985.02	32.2793	68	68	0	985.02	0	0
10801	T	T	962.67	32.2366	67	67	0	0	0	962.67
10802	T	T	945.689	32.193	66	66	0	0	0	945.689
10803	C	C	956.004	32.2366	67	66	0	956.004	0	0
10804	T	T	922.198	32.4859	65	65	0	0	0	922.198
10805	G	G	911.525	32.2366	67	65	0	0	911.525	0
10806	T	T	933.283	32.0567	70	70	0	0	0	933.283
10807	T	T	925.103	32.0141	69	69	0	0	0	925.103
10808	C	C	892.522	31.9707	68	64	0	892.522	0	0
10809	G	G	964.978	31.9707	68	67	0	0	964.978	0
10810	G	G	969.14	32.4027	71	69	0	0	969.14	0
10811	T	T	987.904	32.8049	73	73	0	0	0	987.904
10812	G	G	1004.5	32.4422	72	70	0	0	1004.5	0
10813	C	C	950.914	32.3623	70	67	0	950.914	0	0
10814	A	A	958.45	32.4027	71	71	958.45	0	0	0
10815	T	T	955.792	32.3212	69	69	0	0	0	955.792
10816	G	G	906.346	32.3212	69	65	0	0	906.346	0
10817	A	A	900.985	32.3212	69	69	900.985	0	0	0
10818	G	G	920.818	32.5705	67	65	0	0	920.818	0
10819	C	C	892.03	32.5286	66	63	0	892.03	0	0
10820	C	C	879.145	32.7243	62	61	0	879.145	0	0
10821	G	G	837.583	32.7243	62	59	0	0	837.583	0
10822	G	G	796.35	32.6346	60	57	0	0	796.35	0
10823	A	A	820.922	33.0469	60	60	820.922	0	0	0
10824	A	A	805.166	33.0032	59	59	805.166	0	0	0
10825	T	T	833.052	33.0469	60	60	0	0	0	833.052
10826	A	A	815.797	33.0469	60	60	815.797	0	0	0
10827	G	G	833.919	33.462	59	58	0	0	833.919	0
10828	T	T	811.917	33.462	59	59	0	0	0	811.917
10829	G	G	812.788	33.462	59	57	0	0	812.788	0
10830	G	G	807.584	33.5421	61	58	0	0	807.584	0
10831	G	G	840.353	34.1157	63	60	0	0	840.353	0
10832	C	C	870.779	34.6774	63	61	0	870.779	0	0
10833	A	A	812.624	34.6485	62	62	812.624	0	0	0
10834	C	C	819.154	34.6188	61	58	0	819.154	0	0
10835	T	T	759.377	35.962	55	55	0	0	0	759.377
10836	G	G	788.323	35.9785	56	55	0	0	788.323	0
10837	C	C	809.2	35.1787	57	56	0	809.2	0	0
10838	C	C	760.462	35.1787	57	54	0	760.462	0	0
10839	C	C	803.386	35.1522	56	56	0	803.386	0	0
10840	T	T	716.11	34.4582	56	56	0	0	0	716.11
10841	C	C	729.207	35.1522	56	52	0	729.207	0	0
10842	A	A	720.516	35.1249	55	55	720.516	0	0	0
10843	G	G	746.574	35.0379	52	52	0	0	746.574	0
10844	C	C	722.488	35.0678	53	51	0	722.488	0	0
10845	C	C	731.03	35.0968	54	52	0	731.03	0	0
10846	T	T	710.525	35.0968	54	54	0	0	0	710.525
10847	T	T	738.431	35.2294	59	59	0	0	0	738.431
10848	T	T	751.389	35.2773	61	61	0	0	0	751.389
10849	T	T	761.152	35.3003	62	62	0	0	0	761.152
10850	A	A	896.032	35.3445	64	64	896.032	0	0	0
10851	A	A	882.35	35.3227	63	63	882.35	0	0	0
10852	T	T	846.29	35.3227	63	63	0	0	0	846.29
10853	T	T	891.543	35.3864	66	66	0	0	0	891.543
10854	C	C	872.992	35.3657	65	62	0	872.992	0	0
10855	G	G	940.641	35.3657	65	65	0	0	940.641	0
10856	T	T	901.682	34.7862	67	67	0	0	0	901.682
10857	G	G	958.797	34.8118	68	67	0	0	958.797	0
10858	C	C	938.035	34.8367	69	66	0	938.035	0	0
10859	C	C	991.513	34.8612	70	69	0	991.513	0	0
10860	G	G	984.516	34.8367	69	68	0	0	984.516	0
10861	A	A	991.248	34.8612	70	70	991.248	0	0	0
10862	G	G	1013.82	34.8612	70	70	0	0	1013.82	0
10863	C	C	995.711	34.8612	70	69	0	995.711	0	0
10864	T	T	1001.35	34.9083	72	72	0	0	0	1001.35
10865	G	G	1002.77	34.9083	72	70	0	0	1002.77	0
10866	G	G	1011.35	34.885	71	70	0	0	1011.35	0
10867	G	G	1010.81	34.885	71	70	0	0	1010.81	0
10868	T	T	969.106	35.4454	69	69	0	0	0	969.106
10869	C	C	975.715	35.4824	71	68	0	975.715	0	0
10870	A	A	958.48	34.885	71	71	958.48	0	0	0
10871	G	G	1007.28	34.885	71	70	0	0	1007.28	0
10872	C	C	1007	34.9083	72	70	0	1007	0	0
10873	C	C	983.613	34.885	71	69	0	983.613	0	0
10874	C	C	962.81	34.8118	68	67	0	962.81	0	0
10875	G	G	914.864	34.2735	68	65	0	0	914.864	0
10876	G	G	917.467	34.2126	66	64	0	0	917.467	0
10877	G	G	892.294	34.1811	65	63	0	0	892.294	0
10878	G	G	907.874	34.7056	64	63	0	0	907.874	0
10879	C	C	892.322	34.6774	63	62	0	892.322	0	0
10880	T	T	898.355	34.7331	65	65	0	0	0	898.355
10881	C	C	908.028	34.7056	64	63	0	908.028	0	0
10882	T	T	885.892	34.7056	64	64	0	0	0	885.892
10883	G	G	896.146	34.7331	65	63	0	0	896.146	0
10884	T	T	862.78	34.7056	64	64	0	0	0	862.78
10885	T	T	836.964	35.2773	61	61	0	0	0	836.964
10886	G	G	808.521	35.2537	60	57	0	0	808.521	0
10887	G	G	753.305	35.2773	61	55	0	0	753.305	0
10888	G	G	805.376	35.9945	57	56	0	0	805.376	0
10889	G	G	807.351	35.9785	56	56	0	0	807.351	0
10890	G	G	821.514	36.01	58	57	0	0	821.514	0
10891	A	A	775.131	35.9785	56	56	775.131	0	0	0
10892	T	T	758.743	35.945	54	54	0	0	0	758.743
10893	G	G	762.195	35.962	55	53	0	0	762.195	0
10894	A	A	765.477	35.945	54	54	765.477	0	0	0
10895	T	T	781.126	35.9785	56	56	0	0	0	781.126
10896	C	C	758.564	35.962	55	53	0	758.564	0	0
10897	A	A	747.522	35.962	55	55	747.522	0	0	0
10898	G	G	700.265	35.945	54	50	0	0	700.265	0
10899	A	A	744.409	35.9785	56	56	744.409	0	0	0
10900	T	T	762.501	35.945	54	54	0	0	0	762.501
10901	C	C	751.357	37	52	52	0	751.357	0	0
10902	T	T	727.177	37	52	52	0	0	0	727.177
10903	A	A	696.35	37	51	51	696.35	0	0	0
10904	C	C	677.903	37	52	48	0	677.903	0	0
10905	A	A	709.077	37	52	52	709.077	0	0	0
10906	A	A	733.857	37	53	53	733.857	0	0	0
10907	T	T	702.39	37	53	53	0	0	0	702.39
10908	G	G	728.373	37	53	51	0	0	728.373	0
10909	T	T	728.634	37	53	53	0	0	0	728.634
10910	A	A	733.192	37	53	53	733.192	0	0	0
10911	G	G	735.257	37	54	52	0	0	735.257	0
10912	T	T	753.368	37	55	55	0	0	0	753.368
10913	C	C	711.943	37	52	50	0	711.943	0	0
10914	G	G	790.22	37	55	55	0	0	790.22	0
10915	T	T	751.31	37	56	56	0	0	0	751.31
10916	A	A	759.837	37	58	58	759.837	0	0	0
10917	A	A	764.923	37	56	56	764.923	0	0	0
10918	C	C	750.828	35.9785	56	53	0	750.828	0	0
10919	T	T	736.63	35.9785	56	56	0	0	0	736.63
10920	G	G	761.972	35.945	54	53	0	0	761.972	0
10921	C	C	740.434	35.945	54	52	0	740.434	0	0
10922	C	C	763.154	35.945	54	53	0	763.154	0	0
10923	C	C	752.661	35.9091	52	52	0	752.661	0	0
10924	A	A	679.319	35.9091	52	52	679.319	0	0	0
10925	T	T	726.807	35.9273	53	53	0	0	0	726.807
10926	G	G	727.386	35.9273	53	51	0	0	727.386	0
10927	C	C	743.71	35.9273	53	52	0	743.71	0	0
10928	A	A	701.465	35.9091	52	52	701.465	0	0	0
10929	T	T	674.808	35.8902	51	51	0	0	0	674.808
10930	T	T	699.416	35.9273	53	53	0	0	0	699.416
10931	C	C	704.565	35.9273	53	50	0	704.565	0	0
10932	G	G	708.744	35.9273	53	50	0	0	708.744	0
10933	T	T	709.757	35.9273	53	53	0	0	0	709.757
10934	G	G	765.351	35.945	54	53	0	0	765.351	0
10935	A	A	750.262	35.962	55	55	750.262	0	0	0
10936	T	T	750.516	35.9785	56	56	0	0	0	750.516
10937	A	A	760.119	35.9785	56	56	760.119	0	0	0
10938	A	A	793.926	36.01	58	58	793.926	0	0	0
10939	T	T	773.363	36.01	58	58	0	0	0	773.363
10940	C	C	796.197	36.01	58	56	0	796.197	0	0
10941	T	T	788.228	36.0251	59	59	0	0	0	788.228
10942	T	T	779.785	36.01	58	58	0	0	0	779.785
10943	C	C	846.616	36.0397	60	59	0	846.616	0	0
10944	T	T	840.109	36.0675	62	62	0	0	0	840.109
10945	T	T	874.711	36.0938	64	64	0	0	0	874.711
10946	C	C	840.869	36.0397	60	59	0	840.869	0	0
10947	A	A	865.311	36.0675	62	62	865.311	0	0	0
10948	T	T	873.711	36.1064	65	65	0	0	0	873.711
10949	A	A	899.509	36.0938	64	64	899.509	0	0	0
10950	G	G	910.269	36.0809	63	63	0	0	910.269	0
10951	T	T	867.699	36.0809	63	63	0	0	0	867.699
10952	T	T	874.177	36.0809	63	63	0	0	0	874.177
10953	A	A	838.326	36.0809	63	63	838.326	0	0	0
10954	T	T	918.512	36.1422	68	68	0	0	0	918.512
10955	G	G	925.735	36.1422	68	66	0	0	925.735	0
10956	C	C	872.356	35.4454	69	63	0	872.356	0	0
10957	C	C	910.464	35.3864	66	64	0	910.464	0	0
10958	T	T	870.384	35.3864	66	66	0	0	0	870.384
10959	A	A	950.514	35.4262	68	68	950.514	0	0	0
10960	T	T	914.341	35.3864	66	66	0	0	0	914.341
10961	T	T	929.752	35.3864	66	66	0	0	0	929.752
10962	A	A	939.831	35.4454	69	69	939.831	0	0	0
10963	T	T	962.887	35.4824	71	71	0	0	0	962.887
10964	A	A	1020.8	35.5512	75	75	1020.8	0	0	0
10965	A	A	999.602	35.5176	73	73	999.602	0	0	0
10966	T	T	983.203	34.9752	75	75	0	0	0	983.203
10967	T	T	953.629	34.885	71	71	0	0	0	953.629
10968	G	G	993.519	34.8612	70	69	0	0	993.519	0
10969	G	G	971.974	34.9083	72	69	0	0	971.974	0
10970	G	G	928.931	34.885	71	67	0	0	928.931	0
10971	G	G	934.492	34.9083	72	67	0	0	934.492	0
10972	G	G	872.736	35.4262	68	63	0	0	872.736	0
10973	A	A	933.337	35.4454	69	69	933.337	0	0	0
10974	T	T	967.948	35.4824	71	71	0	0	0	967.948
10975	T	T	921.05	35.4262	68	68	0	0	0	921.05
10976	C	C	937.201	35.3864	66	65	0	937.201	0	0
10977	G	G	913.144	35.4066	67	64	0	0	913.144	0
10978	G	G	937.473	35.3864	66	65	0	0	937.473	0
10979	G	G	946.248	35.4262	68	66	0	0	946.248	0
10980	A	A	965.974	35.4641	70	70	965.974	0	0	0
10981	A	A	963.979	35.4641	70	70	963.979	0	0	0
10982	C	C	957.731	35.4262	68	67	0	957.731	0	0
10983	T	T	948.859	35.4641	70	70	0	0	0	948.859
10984	G	G	1008.87	35.4641	70	70	0	0	1008.87	0
10985	A	A	944.94	35.4454	69	69	944.94	0	0	0
10986	T	T	959.046	35.4454	69	69	0	0	0	959.046
10987	T	T	938.577	34.8118	68	68	0	0	0	938.577
10988	A	A	952.663	34.8612	70	70	952.663	0	0	0
10989	G	G	966.949	34.8118	68	67	0	0	966.949	0
10990	T	T	929.734	34.2434	67	67	0	0	0	929.734
10991	G	G	908.046	34.2126	66	64	0	0	908.046	0
10992	C	C	954.403	34.2126	66	66	0	954.403	0	0
10993	C	C	916.124	34.2126	66	64	0	916.124	0	0
10994	T	T	920.794	34.2126	66	66	0	0	0	920.794
10995	T	T	936.156	34.2434	67	67	0	0	0	936.156
10996	T	T	936.166	34.303	69	69	0	0	0	936.166
10997	G	C	950.092	34.303	69	67	0	950.092	0	0
10998	A	A	898.969	34.2735	68	68	898.969	0	0	0
10999	T	T	866.431	34.1488	64	64	0	0	0	866.431
11000	G	G	836.16	34.0819	62	59	0	0	836.16	0
11001	A	A	827.591	34.1157	63	63	827.591	0	0	0
11002	T	T	876.495	34.6774	63	63	0	0	0	876.495
11003	C	C	907.952	35.3227	63	63	0	907.952	0	0
11004	G	G	878	35.3003	62	61	0	0	878	0
11005	G	G	813.436	35.2537	60	57	0	0	813.436	0
11006	T	T	789.865	35.2044	58	58	0	0	0	789.865
11007	G	G	837.601	35.2294	59	58	0	0	837.601	0
11008	C	C	789.679	36.0397	60	56	0	789.679	0	0
11009	C	C	864.419	36.0538	61	60	0	864.419	0	0
11010	C	C	814.768	35.2773	61	58	0	814.768	0	0
11011	C	C	840.009	35.2773	61	59	0	840.009	0	0
11012	C	C	855.422	35.2773	61	60	0	855.422	0	0
11013	G	G	908.971	35.3445	64	63	0	0	908.971	0
11014	A	A	882.294	35.3003	62	62	882.294	0	0	0
11015	C	C	863.098	35.3657	65	61	0	863.098	0	0
11016	A	A	923.02	35.4066	67	67	923.02	0	0	0
11017	T	T	893.128	35.4066	67	67	0	0	0	893.128
11018	A	A	924.21	36.1422	68	68	924.21	0	0	0
11019	G	G	979.674	36.1535	69	68	0	0	979.674	0
11020	C	C	955.648	36.1422	68	67	0	955.648	0	0
11021	G	G	964.039	36.1422	68	67	0	0	964.039	0
11022	T	T	896.064	36.1064	65	65	0	0	0	896.064
11023	T	T	889.6	36.0809	63	63	0	0	0	889.6
11024	C	C	912.415	36.0809	63	63	0	912.415	0	0
11025	C	C	875.266	36.0809	63	61	0	875.266	0	0
11026	C	C	912.379	36.0809	63	63	0	912.379	0	0
11027	T	T	893.624	36.0809	63	63	0	0	0	893.624
11028	C	C	843.518	37	60	59	0	843.518	0	0
11029	G	G	789.478	37	61	57	0	0	789.478	0
11030	A	A	824.703	37	61	61	824.703	0	0	0
11031	A	A	799.906	37	60	60	799.906	0	0	0
11032	T	T	830.917	37	60	60	0	0	0	830.917
11033	A	A	840.108	37	60	60	840.108	0	0	0
11034	A	A	821.295	37	58	58	821.295	0	0	0
11035	A	A	834.337	37	59	59	834.337	0	0	0
11036	T	T	793.34	37	58	58	0	0	0	793.34
11037	A	A	825.119	37	59	59	825.119	0	0	0
11038	A	A	802.057	37	59	59	802.057	0	0	0
11039	C	C	816.893	37	63	59	0	816.893	0	0
11040	A	A	852.621	37	64	64	852.621	0	0	0
11041	T	T	859.213	37	64	64	0	0	0	859.213
11042	A	A	822.776	37	63	63	822.776	0	0	0
11043	A	A	788.203	37	60	60	788.203	0	0	0
11044	G	G	797.346	37	58	56	0	0	797.346	0
11045	C	C	800.2	37	57	56	0	800.2	0	0
11046	T	T	771.129	37	54	54	0	0	0	771.129
11047	T	T	754.855	37	53	53	0	0	0	754.855
11048	C	C	730.928	37	53	51	0	730.928	0	0
11049	T	T	736.425	37	54	54	0	0	0	736.425
11050	G	G	725.027	37	53	51	0	0	725.027	0
11051	G	G	703.997	37	53	50	0	0	703.997	0
11052	T	T	664.674	37	48	48	0	0	0	664.674
11053	T	T	655.076	37	47	47	0	0	0	655.076
11054	G	G	662.396	37	46	46	0	0	662.396	0
11055	C	C	690.08	37	48	48	0	690.08	0	0
11056	T	T	662.6	37	49	49	0	0	0	662.6
11057	G	G	717.862	37	52	50	0	0	717.862	0
11058	C	C	673.849	37	50	48	0	673.849	0	0
11059	C	C	694.13	35.9273	53	50	0	694.13	0	0
11060	A	A	732.249	35.9273	53	53	732.249	0	0	0
11061	C	C	724.045	35.0678	53	51	0	724.045	0	0
11062	C	C	709.068	35.0678	53	50	0	709.068	0	0
11063	A	A	748.763	35.0678	53	53	748.763	0	0	0
11064	T	T	720.046	35.0379	52	52	0	0	0	720.046
11065	C	C	763.535	35.1787	57	54	0	763.535	0	0
11066	T	T	763.205	35.2044	58	58	0	0	0	763.205
11067	T	T	781.527	35.2294	59	59	0	0	0	781.527
11068	T	T	787.889	35.2294	59	59	0	0	0	787.889
11069	C	C	830.924	35.2773	61	59	0	830.924	0	0
11070	T	T	815.333	35.2294	59	59	0	0	0	815.333
11071	T	T	816.696	35.2044	58	58	0	0	0	816.696
11072	A	A	766.534	35.2044	58	58	766.534	0	0	0
11073	C	C	783.617	35.2044	58	55	0	783.617	0	0
11074	T	T	801.779	35.2044	58	58	0	0	0	801.779
11075	G	G	821.481	35.1787	57	57	0	0	821.481	0
11076	C	C	791.316	35.1522	56	55	0	791.316	0	0
11077	T	T	747.022	35.1249	55	55	0	0	0	747.022
11078	T	T	764.302	35.1787	57	57	0	0	0	764.302
11079	C	C	811.951	35.2044	58	57	0	811.951	0	0
11080	T	T	809.42	35.2537	60	60	0	0	0	809.42
11081	G	G	881.299	35.2773	61	61	0	0	881.299	0
11082	G	G	875.022	35.3227	63	61	0	0	875.022	0
11083	C	C	868.918	35.3445	64	61	0	868.918	0	0
11084	C	C	858.051	34.7331	65	61	0	858.051	0	0
11085	T	T	884.252	34.76	66	66	0	0	0	884.252
11086	C	C	948.998	34.76	66	66	0	948.998	0	0
11087	C	C	928.829	34.7862	67	65	0	928.829	0	0
11088	T	T	911.446	34.76	66	66	0	0	0	911.446
11089	C	C	955.349	34.76	66	66	0	955.349	0	0
11090	T	T	912.861	34.7056	64	64	0	0	0	912.861
11091	A	A	899.817	34.7331	65	65	899.817	0	0	0
11092	T	T	934.819	34.76	66	66	0	0	0	934.819
11093	G	G	935.939	34.76	66	65	0	0	935.939	0
11094	G	G	932.534	34.2434	67	65	0	0	932.534	0
11095	T	T	914.089	34.2434	67	67	0	0	0	914.089
11096	A	A	918.828	34.8118	68	68	918.828	0	0	0
11097	G	G	926.337	34.76	66	65	0	0	926.337	0
11098	A	A	915.105	34.7862	67	67	915.105	0	0	0
11099	A	A	894.818	34.7056	64	64	894.818	0	0	0
11100	G	G	847.942	34.6774	63	60	0	0	847.942	0
11101	C	C	894.393	34.6774	63	62	0	894.393	0	0
11102	A	A	871.667	34.7056	64	64	871.667	0	0	0
11103	G	G	912.249	34.2126	66	64	0	0	912.249	0
11104	G	G	866.967	34.1488	64	61	0	0	866.967	0
11105	T	T	896.422	34.1488	64	64	0	0	0	896.422
11106	G	G	923.598	34.1811	65	64	0	0	923.598	0
11107	C	C	901.792	34.1811	65	63	0	901.792	0	0
11108	A	A	896.941	34.1157	63	63	896.941	0	0	0
11109	G	G	907.719	33.6553	64	63	0	0	907.719	0
11110	G	G	938.273	33.2895	66	65	0	0	938.273	0
11111	G	G	932.856	33.2895	66	65	0	0	932.856	0
11112	A	A	866.277	33.2122	64	64	866.277	0	0	0
11113	C	C	926.173	33.2122	64	64	0	926.173	0	0
11114	T	T	883.812	33.5807	62	62	0	0	0	883.812
11115	G	G	874.076	33.5807	62	61	0	0	874.076	0
11116	G	G	846.777	33.0469	60	59	0	0	846.777	0
11117	A	A	807.448	33.0032	59	59	807.448	0	0	0
11118	T	T	786.052	32.9124	57	57	0	0	0	786.052
11119	G	G	776.654	32.8172	55	54	0	0	776.654	0
11120	A	A	755.037	32.4422	56	55	755.037	0	0	0
11121	A	A	770.368	32.4422	56	56	770.368	0	0	0
11122	C	C	784.597	32.4422	56	55	0	784.597	0	0
11123	T	T	810.701	32.5407	58	58	0	0	0	810.701
11124	G	G	704.141	32.4422	56	51	0	0	704.141	0
11125	T	T	765.034	32.3389	54	54	0	0	0	765.034
11126	C	C	779.501	31.9487	54	54	0	779.501	0	0
11127	T	T	722.112	31.7765	51	51	0	0	0	722.112
11128	A	A	696.621	31.7162	50	50	696.621	0	0	0
11129	C	C	722.43	31.35	50	50	0	722.43	0	0
11130	C	C	704.187	31.0123	50	49	0	704.187	0	0
11131	C	C	692.23	30.9465	49	48	0	692.23	0	0
11132	T	T	704.656	31.0123	50	50	0	0	0	704.656
11133	C	C	703.132	30.4738	51	49	0	703.132	0	0
11134	C	C	669.526	30.2677	48	47	0	669.526	0	0
11135	T	T	623.983	29.7657	45	45	0	0	0	623.983
11136	C	C	651.894	29.9916	48	46	0	651.894	0	0
11137	T	T	629.403	29.6575	47	47	0	0	0	629.403
11138	A	A	579.095	29.3399	43	43	579.095	0	0	0
11139	G	G	617.717	29.3399	43	43	0	0	617.717	0
11140	C	G	559.692	29.3399	43	40	0	0	559.692	0
11141	G	C	545.463	28.9857	39	38	0	545.463	0	0
11142	G	G	536.659	28.9857	39	38	0	0	536.659	0
11143	G	G	544.216	29.1679	41	39	0	0	544.216	0
11144	T	T	573.452	29.1679	41	41	0	0	0	573.452
11145	A	A	544.901	28.9857	39	39	544.901	0	0	0
11146	A	A	570.695	29.1679	41	41	570.695	0	0	0
11147	T	T	542.996	29.3464	40	40	0	0	0	542.996
11148	C	C	531.109	29.5211	42	38	0	531.109	0	0
11149	T	T	563.842	29.5211	42	42	0	0	0	563.842
11150	G	G	627.465	29.6575	47	44	0	0	627.465	0
11151	G	G	662.201	29.8754	50	47	0	0	662.201	0
11152	C	C	677.77	29.8754	50	48	0	677.77	0	0
11153	C	C	678.482	30.133	50	48	0	678.482	0	0
11154	C	C	627.775	30.4918	47	45	0	627.775	0	0
11155	A	A	680.851	30.699	50	50	680.851	0	0	0
11156	T	T	685.145	30.7647	51	51	0	0	0	685.145
11157	G	G	697.861	31.0765	51	49	0	0	697.861	0
11158	C	C	703.78	31.35	50	49	0	703.78	0	0
11159	A	A	671.341	31.35	50	50	671.341	0	0	0
11160	G	G	643.88	31.7162	50	47	0	0	643.88	0
11161	G	G	692.127	32.0567	49	48	0	0	692.127	0
11162	A	A	663.078	32.9401	48	48	663.078	0	0	0
11163	G	G	735.199	33.0981	51	51	0	0	735.199	0
11164	C	C	720.777	33.1479	52	51	0	720.777	0	0
11165	A	A	715.727	33.1964	53	53	715.727	0	0	0
11166	T	T	711.703	33.1964	53	53	0	0	0	711.703
11167	C	C	732.629	33.1479	52	51	0	732.629	0	0
11168	A	A	749.076	34.3127	52	52	749.076	0	0	0
11169	G	G	756.856	34.3875	54	53	0	0	756.856	0
11170	T	T	724.45	34.3875	54	54	0	0	0	724.45
11171	A	A	788.181	34.4234	55	55	788.181	0	0	0
11172	G	G	854.512	34.5572	59	59	0	0	854.512	0
11173	A	A	831.005	34.5572	59	59	831.005	0	0	0
11174	C	C	835.287	34.5572	59	58	0	835.287	0	0
11175	T	T	810.651	34.5251	58	58	0	0	0	810.651
11176	T	T	809.414	35.2044	58	58	0	0	0	809.414
11177	A	A	775.079	35.2044	58	58	775.079	0	0	0
11178	A	A	769.501	35.1787	57	57	769.501	0	0	0
11179	C	C	814.98	35.2294	59	57	0	814.98	0	0
11180	A	A	794.621	36.01	58	58	794.621	0	0	0
11181	A	A	810.207	36.01	58	58	810.207	0	0	0
11182	T	T	782.073	37	60	60	0	0	0	782.073
11183	C	C	819.82	37	61	58	0	819.82	0	0
11184	T	T	799.506	37	60	60	0	0	0	799.506
11185	T	T	826.886	37	62	62	0	0	0	826.886
11186	T	T	855.557	37	64	64	0	0	0	855.557
11187	T	T	887.378	37	66	66	0	0	0	887.378
11188	C	C	949.503	37	70	67	0	949.503	0	0
11189	T	T	935.885	37	72	72	0	0	0	935.885
11190	C	C	1001.32	37	75	71	0	1001.32	0	0
11191	T	T	1005.86	37	77	77	0	0	0	1005.86
11192	G	G	1107.55	37	79	77	0	0	1107.55	0
11193	C	C	1052.1	37	80	75	0	1052.1	0	0
11194	A	A	1120.67	37	79	79	1120.67	0	0	0
11195	C	C	1126.56	37	79	78	0	1126.56	0	0
11196	C	C	1128.6	37	79	78	0	1128.6	0	0
11197	T	T	1116.73	37	80	80	0	0	0	1116.73
11198	A	A	1104.95	37	79	79	1104.95	0	0	0
11199	G	G	1090.04	37	80	77	0	0	1090.04	0
11200	C	C	1098.56	37	80	77	0	1098.56	0	0
11201	A	A	1178.25	37	84	84	1178.25	0	0	0
11202	G	G	1131.88	37	83	80	0	0	1131.88	0
11203	G	G	1214.68	37	85	84	0	0	1214.68	0
11204	C	C	1193.62	37	84	83	0	1193.62	0	0
11205	A	A	1166.95	37	85	85	1166.95	0	0	0
11206	T	T	1173.12	37	83	83	0	0	0	1173.12
11207	C	C	1150.28	37	82	80	0	1150.28	0	0
11208	T	T	1155.67	37	82	82	0	0	0	1155.67
11209	C	C	1116.19	37	83	79	0	1116.19	0	0
11210	T	T	1141.27	37	81	81	0	0	0	1141.27
11211	T	T	1120.4	37	80	80	0	0	0	1120.4
11212	C	C	1113.39	37	77	77	0	1113.39	0	0
11213	T	T	1049.44	37	74	74	0	0	0	1049.44
11214	A	A	992.494	37	75	75	992.494	0	0	0
11215	T	T	1049.89	37	76	76	0	0	0	1049.89
11216	T	T	1012.95	37	74	74	0	0	0	1012.95
11217	C	C	1009.24	37	71	70	0	1009.24	0	0
11218	T	T	961.301	37	70	70	0	0	0	961.301
11219	G	G	961.378	37	68	67	0	0	961.378	0
11220	G	G	887.363	37	68	63	0	0	887.363	0
11221	G	G	901.521	37	65	63	0	0	901.521	0
11222	G	G	858.599	37	64	61	0	0	858.599	0
11223	G	G	918.932	37	66	64	0	0	918.932	0
11224	C	C	918.769	37	65	64	0	918.769	0	0
11225	T	T	872.723	37	63	63	0	0	0	872.723
11226	A	A	911.378	37	65	65	911.378	0	0	0
11227	T	T	904.765	37	67	67	0	0	0	904.765
11228	C	C	921.074	37	67	65	0	921.074	0	0
11229	A	A	943.619	37	68	68	943.619	0	0	0
11230	A	A	978.113	37	70	70	978.113	0	0	0
11231	T	T	940.013	37	70	70	0	0	0	940.013
11232	T	T	949.996	37	70	70	0	0	0	949.996
11233	T	T	957.129	37	71	71	0	0	0	957.129
11234	C	C	943.624	37	71	67	0	943.624	0	0
11235	A	A	957.941	37	71	71	957.941	0	0	0
11236	T	T	997.222	37	71	71	0	0	0	997.222
11237	C	C	959.604	37	68	67	0	959.604	0	0
11238	A	A	912.278	37	70	70	912.278	0	0	0
11239	C	C	934.273	37	67	65	0	934.273	0	0
11240	T	T	928.431	37	67	67	0	0	0	928.431
11241	A	A	874.521	37	66	66	874.521	0	0	0
11242	C	C	936.517	37	65	65	0	936.517	0	0
11243	T	T	888.852	37	66	66	0	0	0	888.852
11244	A	A	908.444	37	65	65	908.444	0	0	0
11245	T	T	893.135	37	68	68	0	0	0	893.135
11246	T	T	876.011	37	66	66	0	0	0	876.011
11247	A	A	924.855	37	66	66	924.855	0	0	0
11248	T	T	909.512	37	67	67	0	0	0	909.512
11249	T	T	923.923	37	67	67	0	0	0	923.923
11250	A	A	887.571	37	67	67	887.571	0	0	0
11251	A	A	890.595	37	67	67	890.595	0	0	0
11252	C	C	954.189	37	66	66	0	954.189	0	0
11253	A	A	857.936	37	64	64	857.936	0	0	0
11254	T	T	889.639	37	65	65	0	0	0	889.639
11255	G	G	820.432	37	61	58	0	0	820.432	0
11256	A	A	872.246	37	63	63	872.246	0	0	0
11257	A	A	878.761	37	64	64	878.761	0	0	0
11258	A	A	878.874	37	64	64	878.874	0	0	0
11259	C	C	906.655	37	64	63	0	906.655	0	0
11260	C	C	922.983	37	64	64	0	922.983	0	0
11261	C	C	927.677	37	67	65	0	927.677	0	0
11262	C	C	889.387	37	67	63	0	889.387	0	0
11263	C	C	922.753	37	68	65	0	922.753	0	0
11264	T	T	907.233	37	68	68	0	0	0	907.233
11265	G	G	971.192	37	70	68	0	0	971.192	0
11266	C	C	1022.55	37	71	71	0	1022.55	0	0
11267	A	A	950.071	37	69	69	950.071	0	0	0
11268	A	A	962.126	37	70	70	962.126	0	0	0
11269	T	T	947.312	37	68	68	0	0	0	947.312
11270	A	A	943.784	37	68	68	943.784	0	0	0
11271	T	T	931.637	37	66	66	0	0	0	931.637
11272	C	C	968.338	37	67	67	0	968.338	0	0
11273	T	T	944.746	37	67	67	0	0	0	944.746
11274	C	C	914.578	37	67	65	0	914.578	0	0
11275	A	A	923.643	37	67	67	923.643	0	0	0
11276	A	A	915.64	37	67	67	915.64	0	0	0
11277	T	T	933.255	37	68	68	0	0	0	933.255
11278	A	A	948.585	37	71	71	948.585	0	0	0
11279	T	T	950.591	37	72	72	0	0	0	950.591
11280	C	C	974.574	37	73	69	0	974.574	0	0
11281	A	A	1010.99	37	74	74	1010.99	0	0	0
11282	A	A	1036.94	37	75	75	1036.94	0	0	0
11283	A	A	1010.55	37	73	73	1010.55	0	0	0
11284	C	C	942.096	37	73	68	0	942.096	0	0
11285	C	C	1021.65	37	72	71	0	1021.65	0	0
11286	C	C	1041.12	37	73	72	0	1041.12	0	0
11287	C	C	1038.66	37	73	72	0	1038.66	0	0
11288	T	T	1011.41	37	74	74	0	0	0	1011.41
11289	C	C	1067.11	37	75	74	0	1067.11	0	0
11290	T	T	1008.5	37	74	74	0	0	0	1008.5
11291	G	G	1051.73	37	73	73	0	0	1051.73	0
11292	T	T	999.531	37	72	72	0	0	0	999.531
11293	T	T	963.634	37	68	68	0	0	0	963.634
11294	T	T	972.886	37	69	69	0	0	0	972.886
11295	G	G	955.838	37	67	66	0	0	955.838	0
11296	T	T	962.99	37	69	69	0	0	0	962.99
11297	A	A	968.574	37	69	69	968.574	0	0	0
11298	T	T	955.793	37	68	68	0	0	0	955.793
11299	G	G	1022.66	37	72	71	0	0	1022.66	0
11300	A	A	968.515	37	73	73	968.515	0	0	0
11301	T	T	986.259	37	71	71	0	0	0	986.259
11302	C	C	1037.97	37	72	72	0	1037.97	0	0
11303	A	A	937.682	37	69	69	937.682	0	0	0
11304	G	G	952.361	37	66	66	0	0	952.361	0
11305	T	T	922.238	37	66	66	0	0	0	922.238
11306	C	C	863.361	37	65	62	0	863.361	0	0
11307	C	C	924.726	37	67	65	0	924.726	0	0
11308	T	T	933.376	37	68	68	0	0	0	933.376
11309	A	A	923.529	37	69	69	923.529	0	0	0
11310	A	A	897.52	37	66	66	897.52	0	0	0
11311	T	T	926.677	37	68	68	0	0	0	926.677
11312	C	C	945.789	37	67	66	0	945.789	0	0
11313	A	A	923.037	37	67	67	923.037	0	0	0
11314	C	C	949.567	37	67	66	0	949.567	0	0
11315	A	A	912.801	37	66	66	912.801	0	0	0
11316	G	G	965.022	37	67	67	0	0	965.022	0
11317	C	C	888.829	37	64	62	0	888.829	0	0
11318	A	A	895.11	37	65	65	895.11	0	0	0
11319	G	G	922.709	37	65	64	0	0	922.709	0
11320	T	T	920.428	37	67	67	0	0	0	920.428
11321	A	A	876.566	37	65	65	876.566	0	0	0
11322	C	C	889.628	37	64	62	0	889.628	0	0
11323	T	T	884.702	37	64	64	0	0	0	884.702
11324	T	T	880.836	37	63	63	0	0	0	880.836
11325	C	C	881.336	37	64	62	0	881.336	0	0
11326	T	T	861.583	37	63	63	0	0	0	861.583
11327	T	T	804.939	37	59	59	0	0	0	804.939
11328	C	C	835.497	37	59	58	0	835.497	0	0
11329	T	T	812.666	37	62	62	0	0	0	812.666
11330	T	T	853.414	37	66	66	0	0	0	853.414
11331	T	T	867.064	37	66	66	0	0	0	867.064
11332	T	T	832.155	37	64	64	0	0	0	832.155
11333	A	A	857.47	37	64	64	857.47	0	0	0
11334	T	T	844.133	37	63	63	0	0	0	844.133
11335	C	C	906.52	37	64	63	0	906.52	0	0
11336	T	T	863.32	37	64	64	0	0	0	863.32
11337	C	C	863.797	37	61	60	0	863.797	0	0
11338	T	T	821.634	37	59	59	0	0	0	821.634
11339	G	G	840.356	37	61	59	0	0	840.356	0
11340	C	C	906.133	36.0809	63	63	0	906.133	0	0
11341	C	C	903.697	36.0938	64	63	0	903.697	0	0
11342	A	A	862.108	36.0675	62	62	862.108	0	0	0
11343	G	G	865.922	36.0538	61	60	0	0	865.922	0
11344	T	T	809.235	36.0251	59	59	0	0	0	809.235
11345	C	C	839.597	36.0675	62	59	0	839.597	0	0
11346	T	T	856.698	36.0538	61	61	0	0	0	856.698
11347	T	T	864.252	36.0675	62	62	0	0	0	864.252
11348	A	A	839.816	36.0675	62	62	839.816	0	0	0
11349	G	G	850.005	36.0809	63	60	0	0	850.005	0
11350	C	C	866.457	36.0538	61	60	0	866.457	0	0
11351	A	A	801.484	35.9945	57	57	801.484	0	0	0
11352	G	G	866.494	36.0397	60	60	0	0	866.494	0
11353	C	C	845.089	35.2773	61	59	0	845.089	0	0
11354	T	T	839.867	35.2773	61	61	0	0	0	839.867
11355	G	G	870.695	35.3003	62	61	0	0	870.695	0
11356	G	G	874.432	35.3657	65	62	0	0	874.432	0
11357	G	G	914.135	35.3864	66	64	0	0	914.135	0
11358	A	A	901.277	35.3657	65	65	901.277	0	0	0
11359	T	T	904.096	35.4262	68	68	0	0	0	904.096
11360	T	T	895.55	36.1187	66	66	0	0	0	895.55
11361	A	A	917.691	36.1064	65	65	917.691	0	0	0
11362	C	C	906.961	36.1306	67	64	0	906.961	0	0
11363	T	T	924.485	36.1535	69	69	0	0	0	924.485
11364	A	A	981.481	36.1752	71	71	981.481	0	0	0
11365	T	T	934.862	36.1645	70	70	0	0	0	934.862
11366	A	A	990.928	36.1857	72	72	990.928	0	0	0
11367	C	C	1007.55	36.1752	71	70	0	1007.55	0	0
11368	T	T	992.801	36.1752	71	71	0	0	0	992.801
11369	A	A	924.929	36.1306	67	67	924.929	0	0	0
11370	C	C	971.538	36.1306	67	67	0	971.538	0	0
11371	T	T	952.222	36.1187	66	66	0	0	0	952.222
11372	T	T	938.825	36.1064	65	65	0	0	0	938.825
11373	A	A	907.695	36.1187	66	66	907.695	0	0	0
11374	C	C	924.983	35.3657	65	64	0	924.983	0	0
11375	A	A	861.823	34.7331	65	65	861.823	0	0	0
11376	G	G	868.166	34.7862	67	63	0	0	868.166	0
11377	A	A	873.98	34.8118	68	68	873.98	0	0	0
11378	T	T	900.633	34.7331	65	65	0	0	0	900.633
11379	C	C	891.557	34.6774	63	62	0	891.557	0	0
11380	G	G	732.199	34.5251	58	53	0	0	732.199	0
11381	A	A	800.502	34.5572	59	59	800.502	0	0	0
11382	A	A	810.695	34.6188	61	61	810.695	0	0	0
11383	A	A	820.807	34.6485	62	62	820.807	0	0	0
11384	C	C	847.278	34.5884	60	59	0	847.278	0	0
11385	C	C	829.04	34.6188	61	59	0	829.04	0	0
11386	T	T	815.435	34.6485	62	62	0	0	0	815.435
11387	T	T	811.237	34.6188	61	61	0	0	0	811.237
11388	A	A	861.661	34.0819	62	62	861.661	0	0	0
11389	A	A	852.933	34.0819	62	62	852.933	0	0	0
11390	C	C	823.432	34.0472	61	58	0	823.432	0	0
11391	A	A	846.267	34.0116	60	60	846.267	0	0	0
11392	C	C	866.729	33.5421	61	60	0	866.729	0	0
11393	T	T	869.655	33.6185	63	63	0	0	0	869.655
11394	A	A	843.629	33.5421	61	61	843.629	0	0	0
11395	C	C	863.12	33.6185	63	61	0	863.12	0	0
11396	C	C	864.411	33.5421	61	60	0	864.411	0	0
11397	T	T	831.677	33.462	59	59	0	0	0	831.677
11398	T	T	831.475	33.4205	58	58	0	0	0	831.475
11399	T	T	822.821	33.4205	58	58	0	0	0	822.821
11400	T	T	827.693	33.4205	58	58	0	0	0	827.693
11401	T	T	800.621	33.3343	56	56	0	0	0	800.621
11402	T	T	791.999	33.4205	58	58	0	0	0	791.999
11403	G	G	798.673	33.3779	57	56	0	0	798.673	0
11404	A	A	713.532	32.7677	54	54	713.532	0	0	0
11405	T	T	718.167	32.0033	55	55	0	0	0	718.167
11406	C	C	747.841	31.7026	56	53	0	747.841	0	0
11407	C	C	740.059	31.5907	54	52	0	740.059	0	0
11408	A	A	760.348	31.5907	54	54	760.348	0	0	0
11409	G	G	752.29	31.4733	52	52	0	0	752.29	0
11410	C	C	740.167	31.5327	53	52	0	740.167	0	0
11411	T	T	747.708	31.5327	53	53	0	0	0	747.708
11412	G	G	793.764	31.3182	55	55	0	0	793.764	0
11413	G	G	775.06	31.1278	57	55	0	0	775.06	0
11414	A	A	796.952	30.6369	58	58	796.952	0	0	0
11415	G	C	754.918	30.3282	57	54	0	754.918	0	0
11416	G	G	816.835	30.4453	59	57	0	0	816.835	0
11417	A	A	855.98	30.5576	61	61	855.98	0	0	0
11418	G	G	910.139	30.9619	64	63	0	0	910.139	0
11419	G	G	915.162	31.0123	65	64	0	0	915.162	0
11420	A	A	904.846	31.1699	63	63	904.846	0	0	0
11421	G	G	886.959	31.1699	63	62	0	0	886.959	0
11422	A	A	886.264	31.2203	64	64	886.264	0	0	0
11423	T	T	916.429	31.2697	65	65	0	0	0	916.429
11424	C	C	979.297	31.4124	68	68	0	979.297	0	0
11425	C	C	936.046	31.4124	68	66	0	936.046	0	0
11426	T	T	907.959	31.3182	66	66	0	0	0	907.959
11427	A	A	901.225	31.2697	65	65	901.225	0	0	0
11428	T	T	900.456	31.3182	66	66	0	0	0	900.456
11429	T	T	914.028	31.3182	66	66	0	0	0	914.028
11430	T	T	921.764	31.3182	66	66	0	0	0	921.764
11431	T	T	905.847	31.3182	66	66	0	0	0	905.847
11432	A	A	852.861	31.5907	66	66	852.861	0	0	0
11433	T	T	890.585	31.5433	65	65	0	0	0	890.585
11434	A	A	837.712	32.103	64	64	837.712	0	0	0
11435	T	T	883.767	32.1485	65	65	0	0	0	883.767
11436	C	C	844.016	32.68	61	59	0	844.016	0	0
11437	A	A	759.833	32.492	57	57	759.833	0	0	0
11438	A	C	795.669	32.3912	55	55	0	795.669	0	0
11439	C	C	760.114	32.8172	55	53	0	760.114	0	0
11440	A	A	702.637	33.6913	52	52	702.637	0	0	0
11441	C	C	791.814	33.3343	56	55	0	791.814	0	0
11442	T	T	746.336	33.3343	56	56	0	0	0	746.336
11443	T	T	710.006	33.7353	53	53	0	0	0	710.006
11444	G	G	762.931	34.3506	53	53	0	0	762.931	0
11445	T	T	725.637	34.4234	55	55	0	0	0	725.637
11446	T	T	766.862	34.4921	57	57	0	0	0	766.862
11447	C	C	768.705	34.4921	57	54	0	768.705	0	0
11448	T	T	725.37	34.4234	55	54	0	0	0	725.37
11449	G	G	741.434	34.3506	53	52	0	0	741.434	0
11450	A	A	765.776	34.3875	54	54	765.776	0	0	0
11451	T	T	742.451	34.3875	54	54	0	0	0	742.451
11452	T	T	753.183	34.4234	55	55	0	0	0	753.183
11453	C	C	793.65	34.4234	55	55	0	793.65	0	0
11454	T	T	782.829	34.4921	57	57	0	0	0	782.829
11455	T	T	775.847	34.4582	56	56	0	0	0	775.847
11456	C	C	802.184	34.5572	59	57	0	802.184	0	0
11457	G	G	818.448	34.5251	58	57	0	0	818.448	0
11458	G	G	816.426	34.5572	59	57	0	0	816.426	0
11459	A	A	832.2	35.2773	61	61	832.2	0	0	0
11460	C	C	755.595	35.2773	61	55	0	755.595	0	0
11461	A	A	828.827	36.0397	60	60	828.827	0	0	0
11462	C	C	813.266	36.0251	59	57	0	813.266	0	0
11463	C	C	822.873	36.0397	60	58	0	822.873	0	0
11464	C	C	851.597	36.0251	59	59	0	851.597	0	0
11465	T	T	813.371	36.01	58	58	0	0	0	813.371
11466	G	G	789.299	35.9945	57	55	0	0	789.299	0
11467	A	A	777.971	35.962	55	55	777.971	0	0	0
11468	G	G	831.908	37	58	58	0	0	831.908	0
11469	G	G	839.08	37	58	58	0	0	839.08	0
11470	T	T	800.417	37	57	57	0	0	0	800.417
11471	T	T	800.779	37	58	58	0	0	0	800.779
11472	T	T	796.099	37	57	57	0	0	0	796.099
11473	A	A	808.397	37	58	58	808.397	0	0	0
11474	C	C	865.5	37	61	60	0	865.5	0	0
11475	A	A	826.417	37	61	61	826.417	0	0	0
11476	T	T	845.78	37	62	62	0	0	0	845.78
11477	T	T	817.2	37	61	61	0	0	0	817.2
11478	C	C	846.344	37	62	60	0	846.344	0	0
11479	T	T	834.649	37	63	63	0	0	0	834.649
11480	A	A	832.897	37	63	63	832.897	0	0	0
11481	A	A	810.192	37	61	61	810.192	0	0	0
11482	T	T	822.346	37	60	60	0	0	0	822.346
11483	C	C	826.016	37	60	58	0	826.016	0	0
11484	C	C	837.094	37	59	58	0	837.094	0	0
11485	T	T	787.068	37	57	57	0	0	0	787.068
11486	T	T	778.957	37	56	56	0	0	0	778.957
11487	C	C	778.775	37	55	54	0	778.775	0	0
11488	C	C	751.793	37	53	52	0	751.793	0	0
11489	T	T	767.694	37	55	55	0	0	0	767.694
11490	G	G	719.31	37	54	51	0	0	719.31	0
11491	G	G	756.291	37	55	53	0	0	756.291	0
11492	G	G	774.532	37	54	54	0	0	774.532	0
11493	T	T	721.765	37	52	52	0	0	0	721.765
11494	T	T	721.897	37	53	53	0	0	0	721.897
11495	C	C	731.565	37	54	52	0	731.565	0	0
11496	G	G	760.517	37	54	53	0	0	760.517	0
11497	G	G	761.71	37	54	53	0	0	761.71	0
11498	A	A	753.464	37	55	55	753.464	0	0	0
11499	A	A	723.559	37	54	54	723.559	0	0	0
11500	T	T	751.831	37	56	56	0	0	0	751.831
11501	G	G	777.474	37	54	54	0	0	777.474	0
11502	A	A	742.134	37	54	54	742.134	0	0	0
11503	T	T	754.708	37	55	55	0	0	0	754.708
11504	C	C	727.329	37	53	51	0	727.329	0	0
11505	T	T	751.488	37	53	53	0	0	0	751.488
11506	C	C	734.692	37	52	51	0	734.692	0	0
11507	T	T	736.211	37	54	54	0	0	0	736.211
11508	C	C	775.068	37	55	54	0	775.068	0	0
11509	A	A	761.286	37	54	54	761.286	0	0	0
11510	C	C	774.297	37	54	54	0	774.297	0	0
11511	A	A	816.333	37	57	57	816.333	0	0	0
11512	T	T	779.956	37	59	59	0	0	0	779.956
11513	T	T	815.429	37	61	61	0	0	0	815.429
11514	G	G	838.814	37	61	59	0	0	838.814	0
11515	T	T	816.771	37	60	60	0	0	0	816.771
11516	T	T	853.817	37	63	63	0	0	0	853.817
11517	A	A	829.371	37	63	63	829.371	0	0	0
11518	C	C	848.741	37	61	59	0	848.741	0	0
11519	T	T	854.803	37	62	62	0	0	0	854.803
11520	T	T	815.837	37	59	59	0	0	0	815.837
11521	A	A	835.281	37	59	59	835.281	0	0	0
11522	T	T	799.749	37	58	58	0	0	0	799.749
11523	T	T	790.649	37	58	58	0	0	0	790.649
11524	A	A	866.339	37	63	63	866.339	0	0	0
11525	T	T	843.685	37	64	64	0	0	0	843.685
11526	T	T	884.366	37	67	67	0	0	0	884.366
11527	C	C	913.249	37	66	64	0	913.249	0	0
11528	A	A	876.326	37	65	65	876.326	0	0	0
11529	G	G	884.02	37	64	62	0	0	884.02	0
11530	G	G	905.51	37	64	63	0	0	905.51	0
11531	A	A	837.789	37	63	63	837.789	0	0	0
11532	A	A	811.95	37	60	60	811.95	0	0	0
11533	A	A	781.9	37	59	59	781.9	0	0	0
11534	A	A	783.685	37	59	59	783.685	0	0	0
11535	A	A	760.738	37	55	55	760.738	0	0	0
11536	A	A	774.977	37	56	56	774.977	0	0	0
11537	A	A	773.588	37	56	56	773.588	0	0	0
11538	G	G	778.688	37	55	54	0	0	778.688	0
11539	A	A	773.346	37	56	56	773.346	0	0	0
11540	A	A	777.067	37	57	57	777.067	0	0	0
11541	C	C	805.441	37	59	57	0	805.441	0	0
11542	C	C	811.982	37	59	57	0	811.982	0	0
11543	T	T	805.052	37	59	59	0	0	0	805.052
11544	T	T	791.654	37	60	60	0	0	0	791.654
11545	T	T	791.66	37	59	59	0	0	0	791.66
11546	T	T	815.64	37	59	59	0	0	0	815.64
11547	G	G	837.333	37	58	58	0	0	837.333	0
11548	G	G	771.062	37	58	55	0	0	771.062	0
11549	C	C	838.742	37	59	58	0	838.742	0	0
11550	T	T	797.648	37	57	57	0	0	0	797.648
11551	A	A	775.416	37	58	58	775.416	0	0	0
11552	T	T	805.708	37	58	58	0	0	0	805.708
11553	A	A	785.874	37	58	58	785.874	0	0	0
11554	T	T	773.383	37	57	57	0	0	0	773.383
11555	A	A	782.382	37	56	56	782.382	0	0	0
11556	G	G	823.198	37	57	57	0	0	823.198	0
11557	G	G	788.973	37	57	55	0	0	788.973	0
11558	A	A	784.474	37	57	57	784.474	0	0	0
11559	A	A	792.27	37	58	58	792.27	0	0	0
11560	T	T	801.125	37	58	58	0	0	0	801.125
11561	A	A	754.552	37	55	55	754.552	0	0	0
11562	G	G	801.423	37	56	56	0	0	801.423	0
11563	T	T	771.917	37	55	55	0	0	0	771.917
11564	C	C	717.054	37	54	51	0	717.054	0	0
11565	T	T	769.447	37	57	57	0	0	0	769.447
11566	G	G	744.424	37	56	53	0	0	744.424	0
11567	A	A	698	37	55	55	698	0	0	0
11568	G	G	707.484	37	54	51	0	0	707.484	0
11569	C	C	702.388	37	50	49	0	702.388	0	0
11570	G	G	651.319	37	49	46	0	0	651.319	0
11571	A	A	632.304	37	47	47	632.304	0	0	0
11572	T	T	632.757	37	45	45	0	0	0	632.757
11573	A	A	634.032	35.7616	45	45	634.032	0	0	0
11574	A	A	618.21	35.7616	45	45	618.21	0	0	0
11575	T	T	633.372	35.8077	47	47	0	0	0	633.372
11576	A	A	667.215	35.8504	49	49	667.215	0	0	0
11577	T	T	645.351	35.8707	50	50	0	0	0	645.351
11578	C	C	709.179	35.9091	52	50	0	709.179	0	0
11579	C	C	705.767	35.9091	52	50	0	705.767	0	0
11580	A	A	685.327	35.9091	52	52	685.327	0	0	0
11581	T	T	683.41	35.8902	51	51	0	0	0	683.41
11582	T	T	662.023	35.8504	49	49	0	0	0	662.023
11583	G	G	691.23	35.8294	48	48	0	0	691.23	0
11584	G	G	705.59	35.8504	49	49	0	0	705.59	0
11585	A	A	664.404	35.8294	48	48	664.404	0	0	0
11586	T	T	679.036	35.8707	50	50	0	0	0	679.036
11587	T	T	680.503	35.8707	50	50	0	0	0	680.503
11588	C	C	702.795	35.8707	50	49	0	702.795	0	0
11589	T	T	690.777	35.8707	50	50	0	0	0	690.777
11590	T	T	665.883	35.8504	49	49	0	0	0	665.883
11591	A	A	699.549	35.9091	52	52	699.549	0	0	0
11592	G	G	704.07	35.945	54	50	0	0	704.07	0
11593	G	G	692.473	35.8902	51	49	0	0	692.473	0
11594	A	A	718.741	35.8902	51	51	718.741	0	0	0
11595	T	T	694.821	35.9273	53	53	0	0	0	694.821
11596	T	T	725.173	37	56	56	0	0	0	725.173
11597	T	T	774.142	37	59	59	0	0	0	774.142
11598	A	A	797.88	37	60	60	797.88	0	0	0
11599	T	T	779.878	37	59	59	0	0	0	779.878
11600	C	C	803.167	37	57	56	0	803.167	0	0
11601	G	G	775.997	37	58	55	0	0	775.997	0
11602	T	T	805.027	37	58	58	0	0	0	805.027
11603	G	G	789.021	37	56	55	0	0	789.021	0
11604	T	T	736.991	37	55	55	0	0	0	736.991
11605	G	G	807.492	37	57	56	0	0	807.492	0
11606	A	A	785.772	37	56	56	785.772	0	0	0
11607	G	G	693.704	37	56	51	0	0	693.704	0
11608	C	C	760.871	37	56	54	0	760.871	0	0
11609	T	T	761.536	37	56	56	0	0	0	761.536
11610	C	C	772.316	37	56	54	0	772.316	0	0
11611	A	A	756.897	37	56	56	756.897	0	0	0
11612	T	T	773.557	37	55	55	0	0	0	773.557
11613	C	C	820.272	35.9945	57	57	0	820.272	0	0
11614	A	A	761.517	36.01	58	58	761.517	0	0	0
11615	T	T	784.846	36.01	58	58	0	0	0	784.846
11616	A	A	759.837	35.962	55	55	759.837	0	0	0
11617	T	T	736.643	35.9785	56	56	0	0	0	736.643
11618	G	G	821.93	35.9945	57	57	0	0	821.93	0
11619	T	T	766.021	36.01	58	58	0	0	0	766.021
11620	T	T	796.903	36.0251	59	59	0	0	0	796.903
11621	T	T	796.922	35.2537	60	60	0	0	0	796.922
11622	A	A	858.042	35.2773	61	61	858.042	0	0	0
11623	C	C	836.432	35.3003	62	59	0	836.432	0	0
11624	C	C	892.634	35.3227	63	62	0	892.634	0	0
11625	G	G	864.08	35.3227	63	61	0	0	864.08	0
11626	T	T	863.441	35.3227	63	63	0	0	0	863.441
11627	A	A	867.624	35.3445	64	64	867.624	0	0	0
11628	G	G	883.42	35.3445	64	62	0	0	883.42	0
11629	G	G	856.804	35.3227	63	61	0	0	856.804	0
11630	T	T	866.251	35.2773	61	61	0	0	0	866.251
11631	A	A	819.877	35.3003	62	62	819.877	0	0	0
11632	T	T	826.312	35.2294	59	59	0	0	0	826.312
11633	A	T	805.06	35.2044	58	58	0	0	0	805.06
11634	G	G	856.212	35.3003	62	60	0	0	856.212	0
11635	A	A	797.557	35.2537	60	60	797.557	0	0	0
11636	C	C	847.202	35.2537	60	59	0	847.202	0	0
11637	G	G	796.911	36.01	58	56	0	0	796.911	0
11638	T	T	782.451	36.01	58	58	0	0	0	782.451
11639	T	T	796.388	36.01	58	58	0	0	0	796.388
11640	G	G	790.952	35.962	55	55	0	0	790.952	0
11641	A	A	724.018	35.945	54	53	724.018	0	0	0
11642	C	C	726.466	35.945	54	52	0	726.466	0	0
11643	A	A	754.035	35.962	55	55	754.035	0	0	0
11644	C	C	772.651	35.9785	56	54	0	772.651	0	0
11645	A	A	843.181	36.0538	61	61	843.181	0	0	0
11646	C	C	863.396	36.0938	64	61	0	863.396	0	0
11647	G	G	938.069	36.1064	65	65	0	0	938.069	0
11648	A	A	907.5	36.1187	66	66	907.5	0	0	0
11649	G	G	994.396	36.1535	69	69	0	0	994.396	0
11650	C	C	877.98	36.1422	68	63	0	877.98	0	0
11651	T	T	914.66	36.1422	68	68	0	0	0	914.66
11652	T	T	938.107	36.1752	71	71	0	0	0	938.107
11653	A	A	972.664	35.4641	70	70	972.664	0	0	0
11654	C	C	962.828	35.5002	72	68	0	962.828	0	0
11655	T	T	978.05	35.5176	73	73	0	0	0	978.05
11656	T	T	990.98	35.5512	75	75	0	0	0	990.98
11657	C	C	1013.44	34.5169	77	72	0	1013.44	0	0
11658	A	A	1054.19	34.4921	76	76	1054.19	0	0	0
11659	C	C	1003.33	34.3875	72	70	0	1003.33	0	0
11660	T	T	991.483	34.3875	72	72	0	0	0	991.483
11661	T	T	1015.04	34.3875	72	72	0	0	0	1015.04
11662	C	C	1033.23	34.4145	73	72	0	1033.23	0	0
11663	A	A	1047.72	34.4409	74	74	1047.72	0	0	0
11664	G	G	1083.91	34.0401	76	75	0	0	1083.91	0
11665	C	C	1067.43	34.0116	75	74	0	1067.43	0	0
11666	T	T	1044.05	34.0401	76	76	0	0	0	1044.05
11667	A	A	1072.03	34.0401	76	76	1072.03	0	0	0
11668	C	C	1092.38	33.7208	79	77	0	1092.38	0	0
11669	C	C	1141.92	33.7208	79	79	0	1141.92	0	0
11670	A	A	1058.57	33.6614	77	77	1058.57	0	0	0
11671	T	T	1070.8	33.6308	76	76	0	0	0	1070.8
11672	A	A	1066.39	33.6913	78	78	1066.39	0	0	0
11673	A	A	1068.73	33.6913	78	78	1068.73	0	0	0
11674	T	T	1040.46	33.6308	76	76	0	0	0	1040.46
11675	T	T	1069.75	33.7208	79	79	0	0	0	1069.75
11676	A	A	1119.77	33.778	81	81	1119.77	0	0	0
11677	T	T	1068.22	33.7496	80	80	0	0	0	1068.22
11678	T	T	1090.75	33.7496	80	80	0	0	0	1090.75
11679	G	G	1066.32	33.7496	80	76	0	0	1066.32	0
11680	C	C	1111.77	34.0955	78	77	0	1111.77	0	0
11681	T	T	1089.18	34.0681	77	77	0	0	0	1089.18
11682	A	A	974.252	33.9528	73	73	974.252	0	0	0
11683	T	T	1032.92	33.9528	73	73	0	0	0	1032.92
11684	C	C	1010.26	33.4688	71	70	0	1010.26	0	0
11685	C	C	1026.54	33.0836	71	71	0	1026.54	0	0
11686	C	C	1024.87	33.1196	72	71	0	1024.87	0	0
11687	G	G	912.422	32.5705	67	64	0	0	912.422	0
11688	A	A	923.681	32.5286	66	66	923.681	0	0	0
11689	C	C	877.679	32.3521	62	61	0	877.679	0	0
11690	A	C	836.922	32.3521	62	59	0	836.922	0	0
11691	G	G	863.745	32.0567	63	61	0	0	863.745	0
11692	G	G	936.404	31.8814	66	65	0	0	936.404	0
11693	A	A	902.723	31.9265	67	67	902.723	0	0	0
11694	G	G	925.719	32.193	66	65	0	0	925.719	0
11695	T	T	904.83	32.2366	67	67	0	0	0	904.83
11696	C	C	950.415	32.193	66	66	0	950.415	0	0
11697	A	A	891.821	32.193	66	66	891.821	0	0	0
11698	A	A	896.116	32.2366	67	67	896.116	0	0	0
11699	A	A	899.552	32.193	66	66	899.552	0	0	0
11700	G	G	965.23	31.9265	67	67	0	0	965.23	0
11701	T	T	902.205	31.6826	68	68	0	0	0	902.205
11702	A	A	921.455	31.3658	67	67	921.455	0	0	0
11703	T	T	897.952	31.3658	67	67	0	0	0	897.952
11704	T	T	912.875	30.9178	68	68	0	0	0	912.875
11705	T	T	946.263	30.833	71	71	0	0	0	946.263
11706	A	A	971.835	30.7386	69	69	971.835	0	0	0
11707	G	G	984.267	30.6901	68	68	0	0	984.267	0
11708	C	C	907.643	30.3666	70	65	0	907.643	0	0
11709	T	T	971.327	30.4148	71	71	0	0	0	971.327
11710	G	G	1042.95	30.2677	72	72	0	0	1042.95	0
11711	A	A	1046.04	30.3612	74	74	1046.04	0	0	0
11712	C	C	1052.42	30.3149	73	73	0	1052.42	0	0
11713	T	T	1022.59	30.2224	75	75	0	0	0	1022.59
11714	A	A	1040.24	30.2677	76	76	1040.24	0	0	0
11715	G	G	1040.99	30.0564	79	74	0	0	1040.99	0
11716	C	C	1113.33	29.7827	80	78	0	1113.33	0	0
11717	C	C	1060.47	29.6934	78	75	0	1060.47	0	0
11718	A	A	1025.27	29.7586	76	76	1025.27	0	0	0
11719	C	C	1044.61	29.5063	74	73	0	1044.61	0	0
11720	T	T	1025.5	29.2065	74	73	0	0	0	1025.5
11721	C	C	1055.92	29.0144	73	73	0	1055.92	0	0
11722	T	T	982.272	28.8606	70	70	0	0	0	982.272
11723	G	G	973.315	28.8606	70	68	0	0	973.315	0
11724	C	G	918.156	28.7538	68	65	0	0	918.156	0
11725	A	A	947.564	28.8606	70	70	947.564	0	0	0
11726	C	C	969.658	28.9935	67	67	0	969.658	0	0
11727	G	G	934.286	29.0476	68	66	0	0	934.286	0
11728	G	G	911.79	28.8825	65	64	0	0	911.79	0
11729	A	C	926.002	28.8825	65	64	0	926.002	0	0
11730	G	G	929.802	29.0939	66	65	0	0	929.802	0
11731	G	G	954.989	29.2551	66	66	0	0	954.989	0
11732	G	G	923.742	29.1486	67	65	0	0	923.742	0
11733	A	A	965.954	29.3627	68	68	965.954	0	0	0
11734	A	A	953.453	29.3627	68	68	953.453	0	0	0
11735	T	T	953.767	29.6323	70	70	0	0	0	953.767
11736	A	A	970.009	29.6323	70	70	970.009	0	0	0
11737	T	T	968.72	29.6323	70	70	0	0	0	968.72
11738	T	T	990.006	29.6826	71	71	0	0	0	990.006
11739	A	A	926.126	29.8046	70	70	926.126	0	0	0
11740	A	A	909.207	29.7024	68	68	909.207	0	0	0
11741	A	A	914.821	29.7024	68	68	914.821	0	0	0
11742	T	T	915.099	30.1653	66	66	0	0	0	915.099
11743	G	G	911.625	30.3727	66	64	0	0	911.625	0
11744	A	A	889.286	30.3207	65	65	889.286	0	0	0
11745	T	T	894.671	30.4237	67	67	0	0	0	894.671
11746	C	C	932.966	30.4738	68	66	0	932.966	0	0
11747	T	T	922.291	30.4738	68	68	0	0	0	922.291
11748	C	C	801.095	30.9104	63	58	0	801.095	0	0
11749	C	C	865	30.7693	65	61	0	865	0	0
11750	C	C	918.041	30.7179	64	64	0	918.041	0	0
11751	G	G	854.721	30.7693	65	61	0	0	854.721	0
11752	C	C	880.44	30.8579	62	61	0	880.44	0	0
11753	T	T	882.988	31.0123	65	65	0	0	0	882.988
11754	A	A	864.044	30.9104	63	63	864.044	0	0	0
11755	T	T	872.475	30.9104	63	63	0	0	0	872.475
11756	G	G	940.09	31.1104	67	66	0	0	940.09	0
11757	A	A	890.679	31.2697	65	65	890.679	0	0	0
11758	T	T	877.789	31.4951	64	64	0	0	0	877.789
11759	G	G	865.264	31.4951	64	61	0	0	865.264	0
11760	T	T	859.329	31.7405	63	63	0	0	0	859.329
11761	G	G	849.738	31.6916	62	60	0	0	849.738	0
11762	A	A	821.932	31.7405	63	63	821.932	0	0	0
11763	G	G	831.828	31.861	59	58	0	0	831.828	0
11764	C	C	759.073	31.7566	57	54	0	759.073	0	0
11765	C	C	825.467	31.7566	57	57	0	825.467	0	0
11766	C	C	793.702	31.7026	56	55	0	793.702	0	0
11767	T	T	739.31	32.174	51	51	0	0	0	739.31
11768	G	G	694.639	32.2304	52	49	0	0	694.639	0
11769	G	G	728.18	32.2854	53	51	0	0	728.18	0
11770	G	G	780.021	32.0033	55	54	0	0	780.021	0
11771	C	C	768.561	32.4422	56	54	0	768.561	0	0
11772	T	T	716.119	32.3912	55	55	0	0	0	716.119
11773	T	T	734.618	32.4422	56	56	0	0	0	734.618
11774	T	T	760.944	32.492	57	57	0	0	0	760.944
11775	A	A	808.611	32.5882	59	59	808.611	0	0	0
11776	T	T	789.857	32.5407	58	58	0	0	0	789.857
11777	T	T	776.507	32.492	57	57	0	0	0	776.507
11778	T	T	763.098	32.8654	56	56	0	0	0	763.098
11779	T	T	784.818	32.492	57	57	0	0	0	784.818
11780	C	G	761.702	32.492	57	54	0	0	761.702	0
11781	C	C	834.732	32.5882	59	58	0	834.732	0	0
11782	T	T	790.961	32.492	57	57	0	0	0	790.961
11783	G	G	741.274	32.3389	54	52	0	0	741.274	0
11784	T	T	745.881	32.7677	54	54	0	0	0	745.881
11785	T	T	735.76	32.717	53	53	0	0	0	735.76
11786	T	T	745.909	33.2435	54	54	0	0	0	745.909
11787	A	A	743.352	33.2435	54	54	743.352	0	0	0
11788	C	C	761.736	33.2435	54	53	0	761.736	0	0
11789	A	A	791.867	33.4205	58	58	791.867	0	0	0
11790	G	G	835.293	33.4205	58	58	0	0	835.293	0
11791	T	T	776.775	33.5421	61	61	0	0	0	776.775
11792	A	A	792.567	33.5421	61	61	792.567	0	0	0
11793	G	G	762.798	33.462	59	55	0	0	762.798	0
11794	G	G	802.578	33.86	56	56	0	0	802.578	0
11795	A	A	715.903	34.3127	52	52	715.903	0	0	0
11796	G	G	726.671	34.3127	52	51	0	0	726.671	0
11797	G	G	752.469	35.0678	53	52	0	0	752.469	0
11798	C	C	743.458	35.945	54	52	0	743.458	0	0
11799	C	C	812.383	36.0251	59	57	0	812.383	0	0
11800	T	T	784.757	36.0538	61	61	0	0	0	784.757
11801	T	T	810.901	36.0675	62	62	0	0	0	810.901
11802	A	A	850.014	37	62	62	850.014	0	0	0
11803	C	C	823.917	37	62	59	0	823.917	0	0
11804	G	G	892.743	37	62	62	0	0	892.743	0
11805	G	G	864.951	37	60	60	0	0	864.951	0
11806	G	G	808.2	37	59	57	0	0	808.2	0
11807	A	A	828.044	37	59	59	828.044	0	0	0
11808	A	A	843.046	37	60	60	843.046	0	0	0
11809	T	T	828.302	37	59	59	0	0	0	828.302
11810	T	T	825.872	37	60	60	0	0	0	825.872
11811	G	G	877.543	37	62	61	0	0	877.543	0
11812	T	T	843.974	37	61	61	0	0	0	843.974
11813	C	C	868.904	37	62	61	0	868.904	0	0
11814	C	C	828.163	37	62	59	0	828.163	0	0
11815	T	T	829.355	37	60	60	0	0	0	829.355
11816	A	A	838.931	37	61	61	838.931	0	0	0
11817	G	G	893.352	37	63	62	0	0	893.352	0
11818	C	C	807.097	37	60	57	0	807.097	0	0
11819	T	T	829.115	37	60	60	0	0	0	829.115
11820	A	A	860.11	37	62	62	860.11	0	0	0
11821	A	A	899.493	37	65	65	899.493	0	0	0
11822	T	T	883.145	37	65	65	0	0	0	883.145
11823	T	T	884.936	37	65	65	0	0	0	884.936
11824	C	C	885.305	37	64	62	0	885.305	0	0
11825	A	A	918.504	37	65	65	918.504	0	0	0
11826	T	T	906.529	37	66	66	0	0	0	906.529
11827	C	C	909.674	37	66	64	0	909.674	0	0
11828	T	T	918.566	37	68	68	0	0	0	918.566
11829	C	C	949.363	37	71	68	0	949.363	0	0
11830	T	T	948.703	37	70	70	0	0	0	948.703
11831	A	A	927.561	37	70	70	927.561	0	0	0
11832	G	G	903.376	37	69	65	0	0	903.376	0
11833	A	A	885.247	37	69	69	885.247	0	0	0
11834	C	C	951.951	37	67	66	0	951.951	0	0
11835	A	A	892.869	37	68	68	892.869	0	0	0
11836	T	T	893.481	37	65	65	0	0	0	893.481
11837	C	C	866.582	36.0938	64	61	0	866.582	0	0
11838	G	G	844.693	36.0538	61	59	0	0	844.693	0
11839	T	T	844.171	36.0538	61	61	0	0	0	844.171
11840	T	T	837.907	36.0251	59	59	0	0	0	837.907
11841	C	C	836.35	36.0251	59	58	0	836.35	0	0
11842	T	T	835.361	36.0251	59	59	0	0	0	835.361
11843	C	C	851.825	36.0397	60	59	0	851.825	0	0
11844	C	C	848.691	36.0397	60	59	0	848.691	0	0
11845	A	A	816.034	36.01	58	58	816.034	0	0	0
11846	T	T	809.775	36.0397	60	60	0	0	0	809.775
11847	G	G	834.272	36.0251	59	58	0	0	834.272	0
11848	A	A	816.995	36.0397	60	60	816.995	0	0	0
11849	C	C	806.394	35.9945	57	56	0	806.394	0	0
11850	A	A	790.255	35.9945	57	57	790.255	0	0	0
11851	C	C	824.628	35.9945	57	57	0	824.628	0	0
11852	G	G	810.605	35.9945	57	56	0	0	810.605	0
11853	T	T	792.178	35.9785	56	56	0	0	0	792.178
11854	A	A	808.257	36.01	58	58	808.257	0	0	0
11855	C	C	801.457	36.01	58	56	0	801.457	0	0
11856	T	T	822.898	36.0538	61	61	0	0	0	822.898
11857	A	A	878.28	36.0938	64	64	878.28	0	0	0
11858	T	T	865.402	36.1187	66	66	0	0	0	865.402
11859	G	G	891.046	36.0809	63	62	0	0	891.046	0
11860	T	T	828.086	35.3657	65	64	0	0	0	828.086
11861	G	G	937.744	35.3657	65	65	0	0	937.744	0
11862	G	G	922.763	35.3657	65	64	0	0	922.763	0
11863	T	T	879.545	35.3445	64	64	0	0	0	879.545
11864	A	A	823.859	35.3445	64	64	823.859	0	0	0
11865	G	G	876.37	34.1488	64	62	0	0	876.37	0
11866	C	C	845.276	34.1157	63	60	0	845.276	0	0
11867	C	C	891.72	34.1157	63	62	0	891.72	0	0
11868	C	C	837.558	33.9378	58	58	0	837.558	0	0
11869	A	A	750.446	33.8195	55	55	750.446	0	0	0
11870	T	T	738.308	33.6913	52	52	0	0	0	738.308
11871	T	T	739.31	33.6462	51	51	0	0	0	739.31
11872	T	T	747.964	33.6913	52	52	0	0	0	747.964
11873	T	T	734.567	33.6462	51	51	0	0	0	734.567
11874	C	C	723.172	33.0981	51	50	0	723.172	0	0
11875	A	A	705.886	33.0981	51	51	705.886	0	0	0
11876	C	C	749.604	33.1964	53	52	0	749.604	0	0
11877	T	T	731.35	33.1964	53	53	0	0	0	731.35
11878	A	A	732.545	33.1479	52	52	732.545	0	0	0
11879	C	C	710.943	32.7677	54	51	0	710.943	0	0
11880	G	T	728.894	32.8172	55	55	0	0	0	728.894
11881	T	T	733.628	32.7677	54	54	0	0	0	733.628
11882	G	G	756.216	32.8172	55	53	0	0	756.216	0
11883	C	C	776.098	32.8172	55	54	0	776.098	0	0
11884	T	T	795.443	32.5407	58	58	0	0	0	795.443
11885	G	G	784.778	33.3779	57	55	0	0	784.778	0
11886	T	T	765.073	33.3779	57	57	0	0	0	765.073
11887	C	C	788.152	33.3343	56	55	0	788.152	0	0
11888	A	A	713.178	33.2435	54	54	713.178	0	0	0
11889	A	A	716.933	33.1964	53	53	716.933	0	0	0
11890	T	T	719.777	33.1479	52	52	0	0	0	719.777
11891	G	G	763.468	33.1964	53	53	0	0	763.468	0
11892	G	G	736.447	33.2435	54	52	0	0	736.447	0
11893	G	G	762.032	33.778	54	53	0	0	762.032	0
11894	A	A	758.306	33.8195	55	55	758.306	0	0	0
11895	G	G	792.412	33.8195	55	55	0	0	792.412	0
11896	C	C	793.294	33.86	56	55	0	793.294	0	0
11897	T	T	743.757	35.0678	53	53	0	0	0	743.757
11898	G	G	794.584	35.1522	56	55	0	0	794.584	0
11899	T	T	751.506	35.1249	55	55	0	0	0	751.506
11900	T	T	760.885	35.1522	56	56	0	0	0	760.885
11901	T	T	762.196	35.1522	56	56	0	0	0	762.196
11902	T	T	776.003	35.2044	58	58	0	0	0	776.003
11903	C	C	850.352	35.2294	59	59	0	850.352	0	0
11904	G	G	822.316	35.1787	57	57	0	0	822.316	0
11905	C	C	784.739	35.1522	56	55	0	784.739	0	0
11906	C	C	823.432	35.1787	57	57	0	823.432	0	0
11907	A	A	768.859	35.1522	56	56	768.859	0	0	0
11908	T	T	790.924	35.1522	56	56	0	0	0	790.924
11909	C	C	795.123	35.1249	55	55	0	795.123	0	0
11910	A	A	775.592	35.1522	56	56	775.592	0	0	0
11911	T	T	748.524	35.0968	54	54	0	0	0	748.524
11912	A	A	747.572	35.1249	55	55	747.572	0	0	0
11913	G	G	764.605	35.1787	57	54	0	0	764.605	0
11914	G	G	877.545	35.2773	61	61	0	0	877.545	0
11915	A	A	799.318	36.0397	60	59	799.318	0	0	0
11916	G	G	787.922	35.9945	57	55	0	0	787.922	0
11917	G	G	824.611	36.0251	59	58	0	0	824.611	0
11918	A	A	809.882	37	58	58	809.882	0	0	0
11919	T	T	811.331	37	59	59	0	0	0	811.331
11920	T	T	829.997	37	62	62	0	0	0	829.997
11921	T	T	814.221	37	60	60	0	0	0	814.221
11922	G	G	865.241	37	61	60	0	0	865.241	0
11923	T	T	820.26	37	60	60	0	0	0	820.26
11924	C	C	784.719	37	57	55	0	784.719	0	0
11925	C	C	812.852	37	58	57	0	812.852	0	0
11926	A	A	808.704	37	61	61	808.704	0	0	0
11927	C	C	904.851	37	64	63	0	904.851	0	0
11928	T	T	785.802	37	59	59	0	0	0	785.802
11929	G	G	840.786	37	60	59	0	0	840.786	0
11930	A	A	854.09	37	61	61	854.09	0	0	0
11931	T	T	801.832	37	59	59	0	0	0	801.832
11932	T	T	826.245	37	60	60	0	0	0	826.245
11933	C	C	814.2	37	59	57	0	814.2	0	0
11934	C	C	879.282	37	61	61	0	879.282	0	0
11935	C	C	907.837	37	63	63	0	907.837	0	0
11936	A	A	829.738	37	61	61	829.738	0	0	0
11937	C	C	840.913	37	62	59	0	840.913	0	0
11938	T	T	836.01	37	61	61	0	0	0	836.01
11939	A	A	823.891	37	60	60	823.891	0	0	0
11940	T	T	825.697	37	60	60	0	0	0	825.697
11941	T	T	812.299	37	59	59	0	0	0	812.299
11942	C	C	863.521	36.0397	60	60	0	863.521	0	0
11943	T	T	824.531	36.0538	61	61	0	0	0	824.531
11944	C	C	872.02	36.0809	63	61	0	872.02	0	0
11945	A	A	900.701	36.1064	65	65	900.701	0	0	0
11946	G	G	887.213	36.0938	64	62	0	0	887.213	0
11947	G	G	933.998	36.1306	67	65	0	0	933.998	0
11948	C	C	917.831	36.1306	67	65	0	917.831	0	0
11949	T	T	878.446	36.1064	65	65	0	0	0	878.446
11950	A	A	965.77	36.1645	70	70	965.77	0	0	0
11951	C	C	981.347	36.1857	72	69	0	981.347	0	0
11952	A	A	1002.57	36.1959	73	73	1002.57	0	0	0
11953	C	C	992.196	36.2058	74	70	0	992.196	0	0
11954	A	A	1037.42	36.2155	75	75	1037.42	0	0	0
11955	C	C	1058.81	36.2249	76	74	0	1058.81	0	0
11956	T	T	1038.95	36.2249	76	76	0	0	0	1038.95
11957	T	T	1011.3	36.2058	74	74	0	0	0	1011.3
11958	A	A	1042.78	36.2342	77	77	1042.78	0	0	0
11959	A	A	1021.22	36.2155	75	75	1021.22	0	0	0
11960	T	T	1058.54	36.2249	76	76	0	0	0	1058.54
11961	A	A	1000.61	36.1857	72	72	1000.61	0	0	0
11962	A	A	960.836	36.1645	70	70	960.836	0	0	0
11963	C	C	1026.55	36.1752	71	71	0	1026.55	0	0
11964	A	A	929.885	36.1645	70	70	929.885	0	0	0
11965	C	C	992.532	35.4824	71	69	0	992.532	0	0
11966	A	A	919.63	35.4824	71	71	919.63	0	0	0
11967	T	T	948.818	35.4454	69	69	0	0	0	948.818
11968	G	G	923.975	35.4066	67	65	0	0	923.975	0
11969	A	A	918.105	34.76	66	66	918.105	0	0	0
11970	G	G	911.564	35.3227	63	63	0	0	911.564	0
11971	C	C	896.224	35.3003	62	62	0	896.224	0	0
11972	A	A	826.746	35.3003	62	62	826.746	0	0	0
11973	A	A	878.693	34.76	66	66	878.693	0	0	0
11974	A	A	861.153	34.76	66	66	861.153	0	0	0
11975	A	A	834.618	34.7331	65	65	834.618	0	0	0
11976	A	A	812.412	34.6774	63	63	812.412	0	0	0
11977	T	T	782.787	34.4582	56	56	0	0	0	782.787
11978	T	T	814.899	34.4921	57	57	0	0	0	814.899
11979	C	C	795.116	34.4234	55	55	0	795.116	0	0
11980	A	A	735.856	34.3506	53	53	735.856	0	0	0
11981	C	C	779.985	34.3875	54	54	0	779.985	0	0
11982	T	T	750.875	34.3506	53	53	0	0	0	750.875
11983	T	T	758.293	34.4234	55	55	0	0	0	758.293
11984	T	T	740.715	34.3506	53	53	0	0	0	740.715
11985	A	A	763.298	33.8994	57	57	763.298	0	0	0
11986	T	T	758.174	33.8994	57	57	0	0	0	758.174
11987	A	A	743.669	33.86	56	56	743.669	0	0	0
11988	A	A	702.106	33.8195	55	54	702.106	0	0	0
11989	T	T	703.174	33.6462	51	51	0	0	0	703.174
11990	T	T	717.387	33.0981	51	51	0	0	0	717.387
11991	A	A	756.822	32.3389	54	54	756.822	0	0	0
11992	T	T	733.213	32.3912	55	55	0	0	0	733.213
11993	A	A	764.428	32.0567	56	56	764.428	0	0	0
11994	T	T	738.844	32.1088	57	56	0	0	0	738.844
11995	T	T	744.668	32.0033	55	55	0	0	0	744.668
11996	C	C	789.633	32.0567	56	55	0	789.633	0	0
11997	A	A	745.308	31.9487	54	54	745.308	0	0	0
11998	T	T	735.96	31.8354	52	52	0	0	0	735.96
11999	T	A	717.292	31.8927	53	53	717.292	0	0	0
12000	G	T	726.862	31.8354	52	52	0	0	0	726.862
12001	G	G	717.918	31.7765	51	50	0	0	717.918	0
12002	G	G	726.998	31.8927	53	51	0	0	726.998	0
12003	G	G	747.314	31.8927	53	52	0	0	747.314	0
12004	T	T	704.89	32.174	51	51	0	0	0	704.89
12005	T	T	699.495	32.1161	50	50	0	0	0	699.495
12006	A	A	645.78	31.9956	48	48	645.78	0	0	0
12007	A	A	659.198	32.0567	49	49	659.198	0	0	0
12008	T	T	675.486	31.9956	48	48	0	0	0	675.486
12009	A	A	658.668	32.4422	48	48	658.668	0	0	0
12010	T	T	647.824	32.8844	47	47	0	0	0	647.824
12011	G	G	663.808	33.3993	46	46	0	0	663.808	0
12012	A	A	639.779	34.0116	45	45	639.779	0	0	0
12013	C	C	619.066	33.9628	44	43	0	619.066	0	0
12014	A	A	621.258	34.0116	45	45	621.258	0	0	0
12015	T	T	641.033	34.0116	45	45	0	0	0	641.033
12016	T	T	653.297	33.3993	46	46	0	0	0	653.297
12017	C	C	634.798	33.3453	45	44	0	634.798	0	0
12018	T	T	636.879	33.3993	46	46	0	0	0	636.879
12019	T	T	607.926	33.2895	44	44	0	0	0	607.926
12020	T	T	625.496	32.8844	47	47	0	0	0	625.496
12021	C	C	622.107	32.3826	47	44	0	622.107	0	0
12022	C	C	642.59	32.3212	46	45	0	642.59	0	0
12023	T	T	568.891	32.0567	42	42	0	0	0	568.891
12024	C	C	604.477	31.6632	43	42	0	604.477	0	0
12025	A	A	613.599	31.7336	44	44	613.599	0	0	0
12026	G	G	663.161	31.8683	46	46	0	0	663.161	0
12027	C	C	654.465	31.9956	48	46	0	654.465	0	0
12028	A	A	662.476	32.0567	49	49	662.476	0	0	0
12029	T	T	644.842	32.1161	50	50	0	0	0	644.842
12030	T	T	645.417	32.0567	49	49	0	0	0	645.417
12031	T	T	663.035	32.0567	49	49	0	0	0	663.035
12032	T	T	650.208	31.9329	47	47	0	0	0	650.208
12033	C	C	691.545	31.9956	48	48	0	691.545	0	0
12034	T	T	647.957	31.9329	47	47	0	0	0	647.957
12035	A	A	676.202	31.6543	49	49	676.202	0	0	0
12036	G	G	720.721	31.0123	50	50	0	0	720.721	0
12037	G	G	703.15	31.0123	50	49	0	0	703.15	0
12038	C	C	668.183	30.9465	49	47	0	668.183	0	0
12039	C	C	670.106	30.6317	49	47	0	670.106	0	0
12040	T	T	673.046	30.6317	49	49	0	0	0	673.046
12041	G	G	673.768	30.6317	49	47	0	0	673.768	0
12042	T	G	676.467	30.5626	48	47	0	0	676.467	0
12043	C	C	676.88	30.879	48	47	0	676.88	0	0
12044	A	A	648.222	31.1528	47	47	648.222	0	0	0
12045	G	G	702.916	31.0765	51	49	0	0	702.916	0
12046	G	G	710.72	31.1391	52	50	0	0	710.72	0
12047	A	A	715.474	31.2002	53	53	715.474	0	0	0
12048	A	A	746.078	31.5907	54	54	746.078	0	0	0
12049	T	T	690.827	31.5327	53	53	0	0	0	690.827
12050	A	A	762.218	31.2599	54	54	762.218	0	0	0
12051	C	C	742.458	31.2599	54	52	0	742.458	0	0
12052	C	C	763.172	31.2002	53	53	0	763.172	0	0
12053	T	T	743.882	31.2002	53	53	0	0	0	743.882
12054	C	C	747.121	31.2002	53	52	0	747.121	0	0
12055	G	G	740.155	31.0123	55	52	0	0	740.155	0
12056	G	G	806.85	31.3752	56	56	0	0	806.85	0
12057	C	C	792.545	31.2384	59	56	0	792.545	0	0
12058	G	G	838.076	31.1837	58	58	0	0	838.076	0
12059	A	A	808.821	31.0123	60	60	808.821	0	0	0
12060	T	T	794.541	30.9576	59	59	0	0	0	794.541
12061	A	A	755.282	30.9017	58	58	755.282	0	0	0
12062	T	T	831.529	30.9017	58	58	0	0	0	831.529
12063	T	T	808.284	31.1278	57	57	0	0	0	808.284
12064	C	C	752.543	30.6031	53	52	0	752.543	0	0
12065	C	C	731.247	30.3328	53	51	0	731.247	0	0
12066	G	G	725.048	30.0783	53	51	0	0	725.048	0
12067	A	A	668.113	29.8379	53	53	668.113	0	0	0
12068	C	C	711.469	30.0122	52	50	0	711.469	0	0
12069	T	T	648.999	29.9916	48	48	0	0	0	648.999
12070	A	A	603.913	29.7657	45	45	603.913	0	0	0
12071	T	T	598.505	29.5211	42	42	0	0	0	598.505
12072	C	C	605.873	29.2551	42	42	0	605.873	0	0
12073	C	C	572.681	29.0044	42	40	0	572.681	0	0
12074	A	A	603.115	29.0902	43	43	603.115	0	0	0
12075	G	G	635.518	29.1737	44	44	0	0	635.518	0
12076	A	A	653.971	29.1008	46	46	653.971	0	0	0
12077	T	T	638.929	29.1101	49	49	0	0	0	638.929
12078	G	C	609.614	28.958	47	44	0	609.614	0	0
12079	C	C	672.826	29.035	48	47	0	672.826	0	0
12080	C	G	704.449	29.1834	50	49	0	0	704.449	0
12081	T	T	698.658	29.3936	53	53	0	0	0	698.658
12082	A	A	735.245	29.3936	53	53	735.245	0	0	0
12083	T	T	720.245	29.3936	53	53	0	0	0	720.245
12084	A	A	709.191	29.5423	52	52	709.191	0	0	0
12085	C	C	721.886	29.7024	51	50	0	721.886	0	0
12086	A	A	719.31	30.0122	52	52	719.31	0	0	0
12087	A	A	727.602	30.3328	53	53	727.602	0	0	0
12088	C	C	745.959	30.4585	55	53	0	745.959	0	0
12089	A	A	768.431	30.4585	55	55	768.431	0	0	0
12090	T	T	737.07	30.7862	56	56	0	0	0	737.07
12091	G	G	794.513	30.7266	55	55	0	0	794.513	0
12092	A	A	783.079	30.6656	54	54	783.079	0	0	0
12093	A	A	803.146	30.7862	56	56	803.146	0	0	0
12094	A	A	802.35	30.7862	56	56	802.35	0	0	0
12095	C	C	822.91	30.8446	57	57	0	822.91	0	0
12096	A	A	836.886	31.0123	60	60	836.886	0	0	0
12097	C	C	843.694	31.0659	61	59	0	843.694	0	0
12098	A	A	860.036	31.4458	63	63	860.036	0	0	0
12099	G	G	885.464	31.4951	64	62	0	0	885.464	0
12100	T	T	842.189	32.1485	65	65	0	0	0	842.189
12101	A	A	905.99	32.3212	69	69	905.99	0	0	0
12102	T	T	917.164	32.4422	72	72	0	0	0	917.164
12103	C	C	918.39	32.9713	68	65	0	918.39	0	0
12104	T	T	875.081	32.8924	66	66	0	0	0	875.081
12105	T	T	842.897	32.7677	63	63	0	0	0	842.897
12106	C	C	851.188	33.1315	62	60	0	851.188	0	0
12107	T	T	901.152	33.3635	68	68	0	0	0	901.152
12108	A	A	967.181	33.8277	69	69	967.181	0	0	0
12109	T	T	916.596	34.3318	70	70	0	0	0	916.596
12110	A	A	989.698	34.3599	71	71	989.698	0	0	0
12111	G	G	998.52	34.4145	73	70	0	0	998.52	0
12112	G	G	1028.48	34.4145	73	72	0	0	1028.48	0
12113	C	C	988.405	34.885	71	69	0	988.405	0	0
12114	T	T	1000.36	34.9311	73	73	0	0	0	1000.36
12115	C	C	990.405	34.9311	73	70	0	990.405	0	0
12116	A	A	1038.15	34.9534	74	74	1038.15	0	0	0
12117	T	T	1020.48	34.9752	75	75	0	0	0	1020.48
12118	T	T	1017.19	34.9752	75	75	0	0	0	1017.19
12119	T	T	1022.66	35.5512	75	75	0	0	0	1022.66
12120	A	A	1055.91	36.2155	75	75	1055.91	0	0	0
12121	T	T	1032.9	36.2155	75	74	0	0	0	1032.9
12122	T	T	1055.51	36.2155	75	75	0	0	0	1055.51
12123	T	T	1045.33	36.2155	75	75	0	0	0	1045.33
12124	C	C	1036.33	36.2058	74	72	0	1036.33	0	0
12125	A	A	984.613	36.2058	74	74	984.613	0	0	0
12126	C	C	982.29	36.1535	69	68	0	982.29	0	0
12127	T	T	958.58	36.1422	68	68	0	0	0	958.58
12128	A	A	901.893	36.1422	68	68	901.893	0	0	0
12129	A	A	867.105	36.0938	64	64	867.105	0	0	0
12130	C	C	931.986	36.1422	68	65	0	931.986	0	0
12131	A	A	888.181	36.1535	69	69	888.181	0	0	0
12132	G	G	943.346	36.1752	71	67	0	0	943.346	0
12133	C	C	891.451	36.1857	72	65	0	891.451	0	0
12134	A	A	939.227	36.1752	71	70	939.227	0	0	0
12135	G	G	960.513	37	68	67	0	0	960.513	0
12136	T	T	872.344	37	66	66	0	0	0	872.344
12137	T	T	915.836	37	69	69	0	0	0	915.836
12138	A	A	938.57	37	68	68	938.57	0	0	0
12139	T	T	952.084	37	71	71	0	0	0	952.084
12140	G	G	960.395	37	69	67	0	0	960.395	0
12141	C	C	936.111	37	69	66	0	936.111	0	0
12142	T	T	966.844	37	70	70	0	0	0	966.844
12143	A	A	934.688	37	69	69	934.688	0	0	0
12144	A	A	942.043	37	69	69	942.043	0	0	0
12145	T	T	940.363	37	69	69	0	0	0	940.363
12146	A	A	965.735	37	70	70	965.735	0	0	0
12147	A	A	937.866	37	66	66	937.866	0	0	0
12148	T	T	917.396	37	66	66	0	0	0	917.396
12149	T	T	919.176	37	65	65	0	0	0	919.176
12150	T	T	943.366	37	67	67	0	0	0	943.366
12151	T	T	962.975	37	69	69	0	0	0	962.975
12152	C	C	979.999	37	69	68	0	979.999	0	0
12153	A	A	962.181	37	69	69	962.181	0	0	0
12154	T	T	958.962	37	70	70	0	0	0	958.962
12155	G	G	970.418	37	71	68	0	0	970.418	0
12156	A	A	990.809	37	72	72	990.809	0	0	0
12157	T	T	958.391	37	70	70	0	0	0	958.391
12158	T	T	961.395	37	69	69	0	0	0	961.395
12159	T	T	970.79	37	71	71	0	0	0	970.79
12160	G	G	1011.56	37	72	71	0	0	1011.56	0
12161	G	G	979.126	37	72	69	0	0	979.126	0
12162	G	G	992.109	37	70	69	0	0	992.109	0
12163	A	A	951.629	36.1857	72	72	951.629	0	0	0
12164	G	G	917.385	35.4454	69	65	0	0	917.385	0
12165	G	G	965.378	35.4262	68	67	0	0	965.378	0
12166	C	C	903.129	35.4262	68	64	0	903.129	0	0
12167	C	C	915.493	35.3864	66	64	0	915.493	0	0
12168	T	T	902.13	35.3445	64	64	0	0	0	902.13
12169	T	T	901.452	35.3445	64	64	0	0	0	901.452
12170	C	C	895.832	35.3003	62	62	0	895.832	0	0
12171	G	G	841.607	35.2773	61	59	0	0	841.607	0
12172	C	C	879.7	35.3003	62	61	0	879.7	0	0
12173	A	A	822.277	35.3003	62	62	822.277	0	0	0
12174	T	T	846.097	35.3003	62	62	0	0	0	846.097
12175	C	C	829.826	35.2537	60	58	0	829.826	0	0
12176	A	A	818.051	35.3003	62	62	818.051	0	0	0
12177	A	A	853.783	35.3445	64	64	853.783	0	0	0
12178	A	A	871.803	35.3864	66	66	871.803	0	0	0
12179	A	A	844.118	35.3227	63	63	844.118	0	0	0
12180	C	C	832.871	35.3003	62	59	0	832.871	0	0
12181	G	G	844.361	35.2537	60	59	0	0	844.361	0
12182	A	A	818.969	35.2294	59	59	818.969	0	0	0
12183	G	G	843.952	35.2773	61	59	0	0	843.952	0
12184	A	A	872.884	35.3227	63	63	872.884	0	0	0
12185	G	G	866.423	35.3227	63	61	0	0	866.423	0
12186	G	G	857.705	35.3003	62	60	0	0	857.705	0
12187	T	T	852.613	35.3227	63	63	0	0	0	852.613
12188	G	G	835.629	35.2773	61	59	0	0	835.629	0
12189	G	G	825.618	35.2773	61	58	0	0	825.618	0
12190	C	C	843.673	35.3227	63	60	0	843.673	0	0
12191	A	A	886.31	35.3227	63	63	886.31	0	0	0
12192	G	G	892.014	35.3227	63	62	0	0	892.014	0
12193	T	T	850.686	35.3227	63	63	0	0	0	850.686
12194	G	G	889.237	35.3445	64	62	0	0	889.237	0
12195	G	G	959.958	35.4454	69	67	0	0	959.958	0
12196	T	T	929.64	35.4641	70	70	0	0	0	929.64
12197	A	A	938.265	35.4262	68	68	938.265	0	0	0
12198	G	G	935.959	35.4454	69	66	0	0	935.959	0
12199	A	A	946.104	35.4641	70	70	946.104	0	0	0
12200	A	A	964.428	35.4641	70	70	964.428	0	0	0
12201	C	C	995.826	35.4641	70	69	0	995.826	0	0
12202	T	T	939.547	37	68	68	0	0	0	939.547
12203	T	T	917.056	37	66	66	0	0	0	917.056
12204	A	A	935.94	37	67	67	935.94	0	0	0
12205	C	C	952.652	37	67	66	0	952.652	0	0
12206	C	C	899.752	37	65	63	0	899.752	0	0
12207	T	T	926.099	36.1306	67	67	0	0	0	926.099
12208	C	C	979.846	36.1422	68	68	0	979.846	0	0
12209	A	A	935.003	36.1422	68	68	935.003	0	0	0
12210	A	A	924.758	36.1306	67	67	924.758	0	0	0
12211	C	C	958.149	36.1535	69	67	0	958.149	0	0
12212	C	C	993.191	36.1645	70	69	0	993.191	0	0
12213	A	A	959.415	36.1535	69	69	959.415	0	0	0
12214	A	A	959.964	36.1645	70	70	959.964	0	0	0
12215	C	C	993.764	36.1645	70	69	0	993.764	0	0
12216	A	A	934.348	36.1535	69	69	934.348	0	0	0
12217	T	T	948.592	36.1306	67	67	0	0	0	948.592
12218	T	T	942.185	36.1187	66	66	0	0	0	942.185
12219	G	G	865.979	36.0809	63	61	0	0	865.979	0
12220	A	A	899.382	36.0938	64	64	899.382	0	0	0
12221	A	A	890.062	35.3227	63	63	890.062	0	0	0
12222	T	T	899.92	35.3445	64	64	0	0	0	899.92
12223	G	G	925.586	35.3445	64	64	0	0	925.586	0
12224	A	A	913.851	34.7331	65	65	913.851	0	0	0
12225	C	C	921.572	34.7331	65	64	0	921.572	0	0
12226	T	T	888.928	34.6774	63	63	0	0	0	888.928
12227	A	A	852.378	34.1157	63	63	852.378	0	0	0
12228	C	C	933.891	33.2895	66	65	0	933.891	0	0
12229	A	T	922.954	33.2895	66	66	0	0	0	922.954
12230	C	C	896.561	33.1315	62	62	0	896.561	0	0
12231	G	G	809.01	33.0469	60	57	0	0	809.01	0
12232	G	G	821.102	33.0897	61	58	0	0	821.102	0
12233	A	A	787.481	33.0469	60	60	787.481	0	0	0
12234	T	T	821.043	33.0032	59	59	0	0	0	821.043
12235	G	G	800.062	32.9583	58	56	0	0	800.062	0
12236	C	C	808.21	32.8654	56	56	0	808.21	0	0
12237	C	C	779.234	32.8172	55	54	0	779.234	0	0
12238	C	C	817.122	32.9124	57	57	0	817.122	0	0
12239	T	T	761.217	32.8654	56	56	0	0	0	761.217
12240	C	C	778.596	32.7677	54	54	0	778.596	0	0
12241	C	C	791.118	32.8172	55	55	0	791.118	0	0
12242	T	T	727.797	32.8172	55	55	0	0	0	727.797
12243	C	C	760.185	32.3912	55	53	0	760.185	0	0
12244	C	C	771.295	32.4422	56	54	0	771.295	0	0
12245	A	A	773.726	32.492	57	57	773.726	0	0	0
12246	T	T	759.11	32.492	57	57	0	0	0	759.11
12247	A	A	792.905	32.5407	58	58	792.905	0	0	0
12248	T	A	785.586	32.5407	58	58	785.586	0	0	0
12249	C	C	799.567	32.6346	60	57	0	799.567	0	0
12250	A	A	780.497	32.5882	59	59	780.497	0	0	0
12251	C	C	786.136	32.9124	57	55	0	786.136	0	0
12252	A	A	758.169	32.9124	57	57	758.169	0	0	0
12253	C	C	774.028	32.8654	56	54	0	774.028	0	0
12254	A	A	751.577	32.8654	56	56	751.577	0	0	0
12255	T	T	753.437	32.8172	55	55	0	0	0	753.437
12256	T	T	733.189	32.7677	54	54	0	0	0	733.189
12257	C	C	723.945	32.8654	56	52	0	723.945	0	0
12258	G	G	730.11	32.8654	56	52	0	0	730.11	0
12259	A	A	780.098	32.9124	57	57	780.098	0	0	0
12260	A	A	793.569	33.3343	56	56	793.569	0	0	0
12261	G	G	821.593	33.3779	57	57	0	0	821.593	0
12262	A	A	777.241	33.3343	56	56	777.241	0	0	0
12263	A	A	812.904	33.9378	58	58	812.904	0	0	0
12264	C	C	826.019	34.0116	60	58	0	826.019	0	0
12265	C	C	766.782	34.0472	61	56	0	766.782	0	0
12266	T	T	797.676	34.0116	60	60	0	0	0	797.676
12267	G	G	862.559	34.0472	61	60	0	0	862.559	0
12268	C	C	821.656	34.0819	62	59	0	821.656	0	0
12269	C	C	866.449	34.6188	61	60	0	866.449	0	0
12270	T	T	799.269	34.5251	58	58	0	0	0	799.269
12271	A	A	769.88	33.8994	57	57	769.88	0	0	0
12272	C	C	752.267	33.86	56	53	0	752.267	0	0
12273	G	G	750.889	33.9378	58	54	0	0	750.889	0
12274	T	T	787.206	35.2044	58	58	0	0	0	787.206
12275	T	T	779.531	35.2044	58	58	0	0	0	779.531
12276	A	A	817.125	35.2294	59	59	817.125	0	0	0
12277	C	C	823.259	35.2537	60	58	0	823.259	0	0
12278	A	A	892.582	35.3227	63	63	892.582	0	0	0
12279	C	C	771.709	35.3003	62	56	0	771.709	0	0
12280	T	T	827.814	35.3227	63	63	0	0	0	827.814
12281	A	A	902.491	35.3445	64	64	902.491	0	0	0
12282	A	A	921.665	35.3864	66	66	921.665	0	0	0
12283	A	A	914.025	35.3864	66	66	914.025	0	0	0
12284	A	A	924.214	35.3864	66	66	924.214	0	0	0
12285	T	T	911.932	35.4066	67	67	0	0	0	911.932
12286	A	A	952.504	35.4641	70	70	952.504	0	0	0
12287	A	A	949.77	35.4641	70	70	949.77	0	0	0
12288	G	G	977.384	35.4454	69	68	0	0	977.384	0
12289	A	A	905.633	35.4262	68	68	905.633	0	0	0
12290	A	A	886.092	35.4262	68	68	886.092	0	0	0
12291	A	A	883.86	35.3864	66	66	883.86	0	0	0
12292	G	G	927.853	35.3864	66	65	0	0	927.853	0
12293	G	G	834.796	35.3657	65	60	0	0	834.796	0
12294	A	A	893.382	35.4066	67	67	893.382	0	0	0
12295	A	A	860.496	37	64	64	860.496	0	0	0
12296	G	G	908.251	37	67	64	0	0	908.251	0
12297	G	G	889.974	36.0809	63	62	0	0	889.974	0
12298	A	A	850.445	36.0809	63	63	850.445	0	0	0
12299	G	G	902.827	36.0938	64	63	0	0	902.827	0
12300	T	T	854.059	36.0675	62	62	0	0	0	854.059
12301	C	C	837.738	36.0675	62	59	0	837.738	0	0
12302	G	G	882.26	36.0538	61	61	0	0	882.26	0
12303	A	A	896.776	36.0809	63	63	896.776	0	0	0
12304	A	A	881.439	36.0809	63	63	881.439	0	0	0
12305	C	C	908.476	36.0938	64	63	0	908.476	0	0
12306	C	C	895.505	36.0675	62	62	0	895.505	0	0
12307	C	C	896.918	36.0809	63	62	0	896.918	0	0
12308	T	T	888.707	36.0675	62	62	0	0	0	888.707
12309	C	C	869.179	36.0397	60	60	0	869.179	0	0
12310	T	T	866.76	36.0397	60	60	0	0	0	866.76
12311	G	G	799.2	36.01	58	56	0	0	799.2	0
12312	G	G	861.963	36.0538	61	60	0	0	861.963	0
12313	A	A	816.077	36.0538	61	61	816.077	0	0	0
12314	A	A	816.455	37	61	61	816.455	0	0	0
12315	T	T	814.516	37	59	59	0	0	0	814.516
12316	T	T	783.452	37	58	58	0	0	0	783.452
12317	G	G	819.354	37	58	57	0	0	819.354	0
12318	G	G	765.391	37	57	54	0	0	765.391	0
12319	T	T	784.946	37	56	56	0	0	0	784.946
12320	T	T	748.809	37	54	54	0	0	0	748.809
12321	T	T	759.904	37	55	55	0	0	0	759.904
12322	C	C	753.121	37	56	53	0	753.121	0	0
12323	A	A	752.71	37	56	56	752.71	0	0	0
12324	A	A	781.355	36.01	58	58	781.355	0	0	0
12325	G	G	825.915	36.0397	60	58	0	0	825.915	0
12326	C	C	749.222	35.9785	56	53	0	749.222	0	0
12327	C	C	797.516	36.01	58	56	0	797.516	0	0
12328	A	A	755.522	35.9785	56	56	755.522	0	0	0
12329	A	A	782.522	36.01	58	58	782.522	0	0	0
12330	T	T	786.881	36.01	58	58	0	0	0	786.881
12331	A	A	798.983	36.01	58	58	798.983	0	0	0
12332	T	T	814.985	36.0538	61	61	0	0	0	814.985
12333	C	C	858.856	36.0397	60	60	0	858.856	0	0
12334	A	A	834.433	36.0538	61	61	834.433	0	0	0
12335	T	T	826.108	36.0675	62	62	0	0	0	826.108
12336	A	A	868.628	36.0938	64	64	868.628	0	0	0
12337	A	A	858.613	36.0809	63	63	858.613	0	0	0
12338	C	C	909.034	36.0938	64	63	0	909.034	0	0
12339	C	C	837.442	36.01	58	58	0	837.442	0	0
12340	A	A	832.407	36.0251	59	59	832.407	0	0	0
12341	C	C	807.944	36.0251	59	57	0	807.944	0	0
12342	T	T	844.18	36.0397	60	60	0	0	0	844.18
12343	A	A	827.541	36.0397	60	60	827.541	0	0	0
12344	T	T	852.376	36.0397	60	60	0	0	0	852.376
12345	G	G	864.733	36.0397	60	60	0	0	864.733	0
12346	T	T	811.531	36.0251	59	59	0	0	0	811.531
12347	C	C	851.923	36.0251	59	59	0	851.923	0	0
12348	T	T	821.561	36.0251	59	59	0	0	0	821.561
12349	C	C	788.955	36.0251	59	56	0	788.955	0	0
12350	T	T	813.108	36.01	58	58	0	0	0	813.108
12351	C	C	807.931	35.9945	57	56	0	807.931	0	0
12352	T	T	783.236	35.9945	57	57	0	0	0	783.236
12353	C	C	830.307	36.0251	59	58	0	830.307	0	0
12354	A	A	843.953	36.0675	62	62	843.953	0	0	0
12355	A	A	840.756	36.0397	60	60	840.756	0	0	0
12356	T	T	795.479	36.0397	60	60	0	0	0	795.479
12357	A	A	857.73	36.0538	61	61	857.73	0	0	0
12358	A	A	908.914	36.0938	64	64	908.914	0	0	0
12359	A	A	946.505	36.1187	66	66	946.505	0	0	0
12360	G	G	968.19	36.1306	67	67	0	0	968.19	0
12361	A	A	983.489	36.1645	70	70	983.489	0	0	0
12362	G	G	995.411	36.1645	70	69	0	0	995.411	0
12363	A	A	975.543	36.1752	71	71	975.543	0	0	0
12364	T	T	993.844	36.1959	73	73	0	0	0	993.844
12365	A	A	978.066	36.1857	72	72	978.066	0	0	0
12366	T	T	992.792	36.1857	72	72	0	0	0	992.792
12367	T	T	987.871	36.1959	73	73	0	0	0	987.871
12368	A	A	1004.08	36.1857	72	72	1004.08	0	0	0
12369	G	G	1046.84	36.2155	75	73	0	0	1046.84	0
12370	T	T	991.825	36.2058	74	74	0	0	0	991.825
12371	A	A	1030.23	36.2249	76	76	1030.23	0	0	0
12372	A	A	994.897	36.2058	74	74	994.897	0	0	0
12373	A	A	975.883	37	73	73	975.883	0	0	0
12374	A	A	1011.76	37	76	76	1011.76	0	0	0
12375	A	A	978.155	37	74	74	978.155	0	0	0
12376	T	T	1017.41	37	75	75	0	0	0	1017.41
12377	T	T	985.945	37	73	73	0	0	0	985.945
12378	A	A	972.995	37	73	73	972.995	0	0	0
12379	C	C	1012.83	37	72	71	0	1012.83	0	0
12380	A	A	944.601	37	68	68	944.601	0	0	0
12381	T	T	972.015	37	70	70	0	0	0	972.015
12382	A	A	954.673	37	67	67	954.673	0	0	0
12383	A	A	952.693	37	67	67	952.693	0	0	0
12384	C	C	944.389	37	67	66	0	944.389	0	0
12385	T	T	932.468	37	66	66	0	0	0	932.468
12386	T	T	942.568	37	67	67	0	0	0	942.568
12387	T	T	962.315	36.1535	69	69	0	0	0	962.315
12388	G	G	929.063	36.1645	70	66	0	0	929.063	0
12389	T	T	966.186	36.1857	72	72	0	0	0	966.186
12390	C	C	997.283	36.1959	73	70	0	997.283	0	0
12391	A	A	1009.83	36.1857	72	72	1009.83	0	0	0
12392	G	G	1029.08	36.1959	73	72	0	0	1029.08	0
12393	G	G	1052.89	36.2058	74	73	0	0	1052.89	0
12394	G	G	1045.87	36.2155	75	73	0	0	1045.87	0
12395	T	T	1033.32	36.2058	74	74	0	0	0	1033.32
12396	T	T	1026.86	36.2058	74	74	0	0	0	1026.86
12397	A	A	1045.13	36.2058	74	74	1045.13	0	0	0
12398	A	A	1049.85	36.2058	74	74	1049.85	0	0	0
12399	A	A	1048.01	36.2155	75	75	1048.01	0	0	0
12400	T	T	1041.48	36.2342	77	77	0	0	0	1041.48
12401	T	T	1045.87	36.2342	77	77	0	0	0	1045.87
12402	A	A	1123.36	36.269	81	81	1123.36	0	0	0
12403	T	T	1082.55	36.252	79	79	0	0	0	1082.55
12404	A	A	1063.63	36.2432	78	78	1063.63	0	0	0
12405	G	G	1082.13	36.252	79	76	0	0	1082.13	0
12406	G	G	1100.87	36.252	79	77	0	0	1100.87	0
12407	T	T	1111.58	36.252	79	79	0	0	0	1111.58
12408	G	G	1045.13	36.2342	77	74	0	0	1045.13	0
12409	A	A	972.915	37	74	74	972.915	0	0	0
12410	A	A	960.892	37	72	72	960.892	0	0	0
12411	A	A	966.852	37	73	73	966.852	0	0	0
12412	A	A	971.512	37	73	73	971.512	0	0	0
12413	T	T	995.105	37	72	72	0	0	0	995.105
12414	C	C	939.282	37	66	65	0	939.282	0	0
12415	C	C	926.844	37	68	65	0	926.844	0	0
12416	T	T	942.944	37	69	69	0	0	0	942.944
12417	T	T	951.188	37	69	69	0	0	0	951.188
12418	T	T	927.657	37	68	68	0	0	0	927.657
12419	A	A	934.953	37	69	69	934.953	0	0	0
12420	T	T	898.1	37	66	66	0	0	0	898.1
12421	A	A	918.387	37	64	64	918.387	0	0	0
12422	T	T	880.798	37	64	64	0	0	0	880.798
12423	C	C	938.318	37	66	65	0	938.318	0	0
12424	T	T	917.514	37	65	65	0	0	0	917.514
12425	T	T	920.887	37	66	66	0	0	0	920.887
12426	T	T	936.45	37	67	67	0	0	0	936.45
12427	A	A	907.864	37	66	66	907.864	0	0	0
12428	T	T	907.86	37	65	65	0	0	0	907.86
12429	G	G	964.631	37	68	67	0	0	964.631	0
12430	G	G	1018.71	37	73	71	0	0	1018.71	0
12431	C	C	958.388	37	69	67	0	958.388	0	0
12432	A	A	965.14	37	71	71	965.14	0	0	0
12433	T	T	953.509	37	73	73	0	0	0	953.509
12434	G	G	915.609	37	71	66	0	0	915.609	0
12435	C	C	1015.79	37	73	71	0	1015.79	0	0
12436	C	C	978.904	37	72	69	0	978.904	0	0
12437	C	C	964.236	37	70	68	0	964.236	0	0
12438	C	C	949.684	37	69	67	0	949.684	0	0
12439	T	T	937.902	37	68	68	0	0	0	937.902
12440	T	T	966.073	37	69	69	0	0	0	966.073
12441	C	C	968.028	37	68	67	0	968.028	0	0
12442	C	C	939.214	37	68	66	0	939.214	0	0
12443	A	A	919.469	37	65	65	919.469	0	0	0
12444	A	A	931.628	37	66	66	931.628	0	0	0
12445	A	A	979.958	37	70	70	979.958	0	0	0
12446	T	T	956.253	37	70	70	0	0	0	956.253
12447	A	A	946.448	37	68	68	946.448	0	0	0
12448	G	G	930.066	37	67	65	0	0	930.066	0
12449	G	G	937.697	37	69	66	0	0	937.697	0
12450	T	T	973.203	37	69	69	0	0	0	973.203
12451	C	C	996.088	37	69	69	0	996.088	0	0
12452	T	T	938.449	37	67	67	0	0	0	938.449
12453	T	T	906.92	37	66	66	0	0	0	906.92
12454	C	C	938.948	37	66	65	0	938.948	0	0
12455	A	A	879.711	37	65	65	879.711	0	0	0
12456	A	A	880.33	37	63	63	880.33	0	0	0
12457	G	G	851.07	37	63	60	0	0	851.07	0
12458	A	A	849.487	37	63	63	849.487	0	0	0
12459	C	C	879.586	37	62	61	0	879.586	0	0
12460	G	G	823.91	37	60	58	0	0	823.91	0
12461	C	C	855.281	37	59	59	0	855.281	0	0
12462	A	A	780.549	37	57	57	780.549	0	0	0
12463	A	A	774.831	37	56	56	774.831	0	0	0
12464	C	C	794.038	37	56	55	0	794.038	0	0
12465	T	T	775.394	37	56	56	0	0	0	775.394
12466	T	T	783.763	37	57	57	0	0	0	783.763
12467	C	C	847.49	37	59	59	0	847.49	0	0
12468	T	T	806.742	37	61	61	0	0	0	806.742
12469	C	C	841.272	37	61	59	0	841.272	0	0
12470	C	C	819.43	37	60	58	0	819.43	0	0
12471	C	C	823.603	37	61	58	0	823.603	0	0
12472	A	A	802.534	37	60	60	802.534	0	0	0
12473	T	T	828.029	37	59	59	0	0	0	828.029
12474	C	C	809.696	37	56	56	0	809.696	0	0
12475	A	A	788.269	37	58	58	788.269	0	0	0
12476	T	T	790.904	37	57	57	0	0	0	790.904
12477	A	A	748.676	37	55	55	748.676	0	0	0
12478	G	G	761.759	37	54	53	0	0	761.759	0
12479	A	A	772.242	37	57	57	772.242	0	0	0
12480	G	G	762.503	37	56	54	0	0	762.503	0
12481	G	G	737.164	37	54	52	0	0	737.164	0
12482	A	A	764.834	37	55	55	764.834	0	0	0
12483	A	A	769.2	37	56	56	769.2	0	0	0
12484	C	C	802.43	37	57	56	0	802.43	0	0
12485	T	T	761.293	37	56	56	0	0	0	761.293
12486	T	T	772.346	37	56	56	0	0	0	772.346
12487	T	T	758.896	37	54	54	0	0	0	758.896
12488	T	T	762.146	37	55	55	0	0	0	762.146
12489	G	G	835.566	37	59	58	0	0	835.566	0
12490	C	C	773.017	37	59	55	0	773.017	0	0
12491	A	A	848.237	37	61	61	848.237	0	0	0
12492	T	T	822.524	37	63	63	0	0	0	822.524
12493	T	T	829.081	37	64	64	0	0	0	829.081
12494	T	T	853.814	37	64	64	0	0	0	853.814
12495	T	T	861.838	37	65	65	0	0	0	861.838
12496	C	C	949.521	37	67	66	0	949.521	0	0
12497	A	A	887.317	37	65	65	887.317	0	0	0
12498	T	T	926.11	37	68	68	0	0	0	926.11
12499	G	G	877.968	37	66	62	0	0	877.968	0
12500	A	A	862.327	37	63	63	862.327	0	0	0
12501	T	T	887.89	37	63	63	0	0	0	887.89
12502	C	C	908.282	37	64	63	0	908.282	0	0
12503	A	A	903.144	37	64	64	903.144	0	0	0
12504	T	T	887.376	37	66	66	0	0	0	887.376
12505	A	A	907.563	37	65	65	907.563	0	0	0
12506	C	C	919.572	37	65	64	0	919.572	0	0
12507	A	A	889.224	37	64	64	889.224	0	0	0
12508	T	T	904.007	37	64	64	0	0	0	904.007
12509	T	T	918.527	37	66	66	0	0	0	918.527
12510	A	A	889.686	37	66	66	889.686	0	0	0
12511	A	A	881.56	37	66	66	881.56	0	0	0
12512	T	T	893.814	37	65	65	0	0	0	893.814
12513	A	A	860.602	37	65	65	860.602	0	0	0
12514	A	A	869.979	37	66	66	869.979	0	0	0
12515	T	T	874.157	37	63	63	0	0	0	874.157
12516	T	T	832.894	37	60	60	0	0	0	832.894
12517	G	G	864.959	37	60	60	0	0	864.959	0
12518	T	T	845.482	37	64	64	0	0	0	845.482
12519	G	G	877.627	37	64	62	0	0	877.627	0
12520	T	T	859.842	37	65	65	0	0	0	859.842
12521	T	T	865.866	37	64	64	0	0	0	865.866
12522	C	C	922.961	37	68	65	0	922.961	0	0
12523	C	C	969.573	37	70	68	0	969.573	0	0
12524	T	T	928.067	37	71	71	0	0	0	928.067
12525	A	A	922.947	37	69	69	922.947	0	0	0
12526	A	A	936.332	37	71	71	936.332	0	0	0
12527	T	T	936.326	37	70	70	0	0	0	936.326
12528	T	T	934.142	37	69	69	0	0	0	934.142
12529	A	A	921.669	37	68	68	921.669	0	0	0
12530	G	G	938.033	37	66	65	0	0	938.033	0
12531	C	C	952.374	37	66	66	0	952.374	0	0
12532	T	T	945.03	37	70	70	0	0	0	945.03
12533	C	C	908.533	37	67	64	0	908.533	0	0
12534	C	C	936.321	37	66	65	0	936.321	0	0
12535	C	C	922.25	37	65	64	0	922.25	0	0
12536	T	T	881.96	37	64	64	0	0	0	881.96
12537	A	A	901.626	37	64	64	901.626	0	0	0
12538	G	G	967.861	37	67	67	0	0	967.861	0
12539	T	T	933.507	37	68	68	0	0	0	933.507
12540	T	T	914.017	37	67	67	0	0	0	914.017
12541	C	C	938.302	37	68	66	0	938.302	0	0
12542	T	T	926.989	37	67	67	0	0	0	926.989
12543	C	C	935.234	37	67	65	0	935.234	0	0
12544	T	T	938.081	37	69	69	0	0	0	938.081
12545	A	A	954.98	37	70	70	954.98	0	0	0
12546	T	T	943.232	37	69	69	0	0	0	943.232
12547	A	A	945.351	37	67	67	945.351	0	0	0
12548	T	T	933.294	37	69	69	0	0	0	933.294
12549	T	T	973.872	37	72	72	0	0	0	973.872
12550	A	A	1028.03	37	73	73	1028.03	0	0	0
12551	T	T	992.541	37	74	74	0	0	0	992.541
12552	C	C	1028.24	37	74	72	0	1028.24	0	0
12553	T	T	1011.73	37	74	74	0	0	0	1011.73
12554	C	C	1017.09	37	77	73	0	1017.09	0	0
12555	A	A	1025.15	37	77	77	1025.15	0	0	0
12556	A	A	1026.05	37	75	75	1026.05	0	0	0
12557	C	C	1007	37	74	71	0	1007	0	0
12558	T	T	954.093	37	71	71	0	0	0	954.093
12559	A	A	1017.75	37	74	74	1017.75	0	0	0
12560	T	T	1009.03	37	74	74	0	0	0	1009.03
12561	A	A	996.166	37	73	73	996.166	0	0	0
12562	C	C	985.955	37	72	70	0	985.955	0	0
12563	T	T	971.139	37	71	71	0	0	0	971.139
12564	A	A	995.513	37	71	71	995.513	0	0	0
12565	A	A	1024.3	37	73	73	1024.3	0	0	0
12566	C	C	1027.8	37	74	72	0	1027.8	0	0
12567	C	C	1017.8	37	73	71	0	1017.8	0	0
12568	A	A	990.36	37	72	72	990.36	0	0	0
12569	C	C	1032.78	37	74	72	0	1032.78	0	0
12570	C	C	1031.65	37	74	72	0	1031.65	0	0
12571	A	A	990.527	37	73	73	990.527	0	0	0
12572	A	A	995.091	37	73	73	995.091	0	0	0
12573	A	A	985.353	37	73	73	985.353	0	0	0
12574	T	T	997.22	37	74	74	0	0	0	997.22
12575	T	T	986.897	37	73	73	0	0	0	986.897
12576	A	A	973.464	37	73	73	973.464	0	0	0
12577	A	A	925.513	37	70	70	925.513	0	0	0
12578	C	C	980.96	37	71	69	0	980.96	0	0
12579	A	A	943.911	37	70	70	943.911	0	0	0
12580	C	C	966.58	37	70	68	0	966.58	0	0
12581	A	A	949.304	37	70	70	949.304	0	0	0
12582	C	C	885.472	37	66	63	0	885.472	0	0
12583	A	A	936.698	37	67	67	936.698	0	0	0
12584	C	C	912.901	37	67	64	0	912.901	0	0
12585	A	A	924.981	37	67	67	924.981	0	0	0
12586	A	A	920.463	37	68	68	920.463	0	0	0
12587	G	G	913.788	37	66	64	0	0	913.788	0
12588	T	T	926.984	37	65	65	0	0	0	926.984
12589	A	A	868.673	36.0938	64	64	868.673	0	0	0
12590	C	C	923.961	36.1064	65	64	0	923.961	0	0
12591	A	A	864.201	36.0809	63	63	864.201	0	0	0
12592	A	A	862.985	36.0809	63	63	862.985	0	0	0
12593	T	T	873.828	36.0938	64	64	0	0	0	873.828
12594	A	A	848.751	36.0809	63	63	848.751	0	0	0
12595	G	G	905.234	36.0938	64	63	0	0	905.234	0
12596	A	A	862.936	36.0938	64	64	862.936	0	0	0
12597	C	C	922.041	36.0938	64	64	0	922.041	0	0
12598	G	G	890.369	36.0809	63	62	0	0	890.369	0
12599	C	C	793.293	36.0538	61	57	0	793.293	0	0
12600	A	A	820.598	36.0538	61	61	820.598	0	0	0
12601	C	C	865.952	36.0397	60	60	0	865.952	0	0
12602	A	A	832.667	36.0809	63	63	832.667	0	0	0
12603	A	A	834.456	36.0809	63	63	834.456	0	0	0
12604	G	G	867.401	36.0675	62	61	0	0	867.401	0
12605	A	A	816.97	36.0251	59	59	816.97	0	0	0
12606	A	A	798.604	36.01	58	58	798.604	0	0	0
12607	G	G	807.929	35.9785	56	56	0	0	807.929	0
12608	T	T	800.513	35.9945	57	57	0	0	0	800.513
12609	A	A	777.015	36.01	58	58	777.015	0	0	0
12610	G	G	798.818	36.01	58	56	0	0	798.818	0
12611	A	A	778.824	35.9945	57	57	778.824	0	0	0
12612	G	G	750.772	35.9785	56	53	0	0	750.772	0
12613	A	A	764.768	35.962	55	55	764.768	0	0	0
12614	C	C	768.599	35.9785	56	54	0	768.599	0	0
12615	G	G	806.564	35.9945	57	56	0	0	806.564	0
12616	G	G	771.533	36.0251	59	55	0	0	771.533	0
12617	T	T	797.965	37	61	61	0	0	0	797.965
12618	G	G	824.196	37	60	58	0	0	824.196	0
12619	T	T	809.473	37	61	61	0	0	0	809.473
12620	G	G	895.35	37	62	62	0	0	895.35	0
12621	A	A	853.619	37	60	60	853.619	0	0	0
12622	A	A	833.799	37	62	62	833.799	0	0	0
12623	C	C	850.846	37	64	60	0	850.846	0	0
12624	T	T	873.031	37	63	63	0	0	0	873.031
12625	A	A	835.031	37	64	64	835.031	0	0	0
12626	T	T	888.625	37	66	66	0	0	0	888.625
12627	C	C	845.02	37	62	60	0	845.02	0	0
12628	C	C	850.162	37	63	60	0	850.162	0	0
12629	T	T	830.122	37	64	64	0	0	0	830.122
12630	G	G	894.999	37	63	62	0	0	894.999	0
12631	C	C	798.283	37	60	57	0	798.283	0	0
12632	C	C	842.107	37	61	59	0	842.107	0	0
12633	A	A	797.761	37	61	61	797.761	0	0	0
12634	G	G	774.863	37	60	56	0	0	774.863	0
12635	C	C	808.715	37	61	58	0	808.715	0	0
12636	T	T	813.272	37	58	58	0	0	0	813.272
12637	A	A	783.383	37	60	60	783.383	0	0	0
12638	T	T	766.371	37	57	57	0	0	0	766.371
12639	T	T	763.084	37	58	58	0	0	0	763.084
12640	A	A	794.755	37	59	59	794.755	0	0	0
12641	T	T	757.166	37	57	57	0	0	0	757.166
12642	C	C	806.354	37	56	56	0	806.354	0	0
12643	T	T	773.784	37	58	58	0	0	0	773.784
12644	T	T	760.443	37	56	56	0	0	0	760.443
12645	G	G	764.056	37	57	54	0	0	764.056	0
12646	A	A	807.992	37	56	56	807.992	0	0	0
12647	T	T	769.69	37	57	57	0	0	0	769.69
12648	T	T	812.719	37	61	61	0	0	0	812.719
12649	C	C	854.333	37	62	60	0	854.333	0	0
12650	T	T	840.5	37	63	63	0	0	0	840.5
12651	G	G	901.276	37	65	63	0	0	901.276	0
12652	A	A	916.157	37	65	65	916.157	0	0	0
12653	T	T	885.378	37	65	65	0	0	0	885.378
12654	C	C	861.216	37	66	62	0	861.216	0	0
12655	G	G	941.879	37	67	66	0	0	941.879	0
12656	C	C	915.167	37	66	64	0	915.167	0	0
12657	A	A	891.179	37	66	66	891.179	0	0	0
12658	C	C	916.477	37	67	64	0	916.477	0	0
12659	T	T	922.953	37	66	66	0	0	0	922.953
12660	C	C	918.15	37	66	64	0	918.15	0	0
12661	C	C	976.271	37	69	68	0	976.271	0	0
12662	C	C	975.126	37	69	68	0	975.126	0	0
12663	A	A	995.415	37	72	72	995.415	0	0	0
12664	T	T	945.389	37	71	71	0	0	0	945.389
12665	C	C	1006.53	37	70	70	0	1006.53	0	0
12666	A	A	997.982	37	72	72	997.982	0	0	0
12667	C	C	1051.26	37	73	73	0	1051.26	0	0
12668	T	T	1010.96	37	73	73	0	0	0	1010.96
12669	A	A	975.873	37	69	69	975.873	0	0	0
12670	C	C	1010.89	37	70	70	0	1010.89	0	0
12671	G	G	903.038	37	70	65	0	0	903.038	0
12672	G	G	1036.67	37	73	72	0	0	1036.67	0
12673	A	A	986.81	37	73	73	986.81	0	0	0
12674	T	T	1006.93	36.2058	74	74	0	0	0	1006.93
12675	C	C	957.917	36.1752	71	68	0	957.917	0	0
12676	C	C	976.017	36.1645	70	68	0	976.017	0	0
12677	T	T	960.231	36.1422	68	68	0	0	0	960.231
12678	C	C	909.701	36.1187	66	64	0	909.701	0	0
12679	T	T	945.19	36.1187	66	66	0	0	0	945.19
12680	A	A	818.224	36.0397	60	60	818.224	0	0	0
12681	T	T	814.753	36.01	58	58	0	0	0	814.753
12682	A	A	822.374	36.0397	60	60	822.374	0	0	0
12683	T	T	790.18	35.9945	57	57	0	0	0	790.18
12684	G	G	771.549	35.9785	56	54	0	0	771.549	0
12685	A	A	777.492	35.962	55	55	777.492	0	0	0
12686	T	T	778.991	35.962	55	55	0	0	0	778.991
12687	G	G	769.183	35.9785	56	54	0	0	769.183	0
12688	G	G	808.466	35.9785	56	56	0	0	808.466	0
12689	A	A	779.41	35.9785	56	56	779.41	0	0	0
12690	T	T	786.908	35.9785	56	56	0	0	0	786.908
12691	G	G	756.941	35.962	55	53	0	0	756.941	0
12692	A	A	772.14	35.9785	56	56	772.14	0	0	0
12693	G	G	762.699	35.9945	57	54	0	0	762.699	0
12694	A	A	785.422	36.01	58	58	785.422	0	0	0
12695	T	T	815.39	36.0809	63	63	0	0	0	815.39
12696	C	C	809.927	36.0675	62	58	0	809.927	0	0
12697	A	A	809.699	36.0675	62	62	809.699	0	0	0
12698	A	A	790.714	36.0397	60	60	790.714	0	0	0
12699	T	T	800.582	36.0397	60	60	0	0	0	800.582
12700	A	A	800.406	36.0538	61	61	800.406	0	0	0
12701	A	A	797.916	36.0538	61	61	797.916	0	0	0
12702	T	T	782.192	37	58	58	0	0	0	782.192
12703	C	C	806.878	37	56	56	0	806.878	0	0
12704	C	C	764.795	37	58	55	0	764.795	0	0
12705	C	C	770.556	37	56	54	0	770.556	0	0
12706	T	T	772.019	37	57	57	0	0	0	772.019
12707	C	C	815.095	37	59	57	0	815.095	0	0
12708	A	A	814.507	37	59	59	814.507	0	0	0
12709	C	C	758.068	37	58	54	0	758.068	0	0
12710	T	T	754.753	37	57	57	0	0	0	754.753
12711	A	A	837.153	37	58	58	837.153	0	0	0
12712	A	A	851.223	37	59	59	851.223	0	0	0
12713	C	C	850.029	37	60	59	0	850.029	0	0
12714	T	T	835.349	37	60	60	0	0	0	835.349
12715	G	G	856.039	37	62	60	0	0	856.039	0
12716	T	T	880.273	37	65	65	0	0	0	880.273
12717	A	A	875.287	37	66	66	875.287	0	0	0
12718	A	A	829.121	37	62	62	829.121	0	0	0
12719	A	A	836.208	37	60	60	836.208	0	0	0
12720	A	A	836.807	37	60	60	836.807	0	0	0
12721	A	A	848.677	36.0675	62	62	848.677	0	0	0
12722	C	C	836.789	36.0538	61	59	0	836.789	0	0
12723	C	C	842.184	36.0538	61	59	0	842.184	0	0
12724	A	A	870.377	36.0938	64	64	870.377	0	0	0
12725	T	T	856.851	36.0809	63	63	0	0	0	856.851
12726	G	G	907.146	36.0938	64	63	0	0	907.146	0
12727	G	G	894.458	36.0675	62	62	0	0	894.458	0
12728	G	G	846.707	36.0538	61	59	0	0	846.707	0
12729	C	C	855.826	36.0538	61	60	0	855.826	0	0
12730	C	C	838.948	35.3445	64	60	0	838.948	0	0
12731	A	A	858.828	35.3227	63	63	858.828	0	0	0
12732	C	C	888.416	35.3445	64	62	0	888.416	0	0
12733	C	C	872.724	35.3227	63	61	0	872.724	0	0
12734	A	A	801.972	35.3003	62	62	801.972	0	0	0
12735	G	G	841.02	35.2773	61	59	0	0	841.02	0
12736	T	T	827.489	35.2294	59	59	0	0	0	827.489
12737	G	G	831.882	35.2044	58	58	0	0	831.882	0
12738	A	A	749.669	35.0968	54	54	749.669	0	0	0
12739	T	T	743.222	35.0678	53	53	0	0	0	743.222
12740	A	A	705.413	35.0678	53	53	705.413	0	0	0
12741	T	T	769.129	35.1249	55	55	0	0	0	769.129
12742	T	T	751.333	35.0968	54	54	0	0	0	751.333
12743	G	G	716.077	35.1249	55	51	0	0	716.077	0
12744	A	A	727.442	35.945	54	54	727.442	0	0	0
12745	A	A	717.29	35.9091	52	52	717.29	0	0	0
12746	G	G	748.645	35.9273	53	52	0	0	748.645	0
12747	T	T	719.488	35.9273	53	53	0	0	0	719.488
12748	T	T	726.116	35.9273	53	53	0	0	0	726.116
12749	A	A	740.782	35.945	54	54	740.782	0	0	0
12750	C	C	758.883	35.9785	56	54	0	758.883	0	0
12751	G	G	823.135	35.9945	57	57	0	0	823.135	0
12752	A	A	814.409	36.0251	59	59	814.409	0	0	0
12753	A	A	802.75	36.0397	60	60	802.75	0	0	0
12754	T	T	770.564	36.01	58	58	0	0	0	770.564
12755	A	A	746.651	36.01	58	58	746.651	0	0	0
12756	T	T	807.495	36.0397	60	60	0	0	0	807.495
12757	A	A	826.936	36.0809	63	63	826.936	0	0	0
12758	C	C	842.117	36.0538	61	59	0	842.117	0	0
12759	A	A	776.501	36.0251	59	59	776.501	0	0	0
12760	G	G	768.419	35.962	55	54	0	0	768.419	0
12761	A	A	761.507	35.9785	56	56	761.507	0	0	0
12762	T	T	779.361	35.962	55	55	0	0	0	779.361
12763	T	T	782.511	35.9785	56	56	0	0	0	782.511
12764	A	A	747.239	35.945	54	54	747.239	0	0	0
12765	T	T	747.19	35.945	54	54	0	0	0	747.19
12766	G	G	735.696	35.945	54	52	0	0	735.696	0
12767	A	A	744.8	35.945	54	54	744.8	0	0	0
12768	A	A	777.784	35.9945	57	57	777.784	0	0	0
12769	G	G	834.735	35.2294	59	58	0	0	834.735	0
12770	A	A	830.419	35.2773	61	61	830.419	0	0	0
12771	T	T	794.84	35.2773	61	61	0	0	0	794.84
12772	T	T	771.975	35.2044	58	58	0	0	0	771.975
12773	T	G	835.672	35.2773	61	59	0	0	835.672	0
12774	A	A	884.695	35.3445	64	64	884.695	0	0	0
12775	A	A	890.06	35.3445	64	64	890.06	0	0	0
12776	A	A	871.11	35.3003	62	62	871.11	0	0	0
12777	C	C	860.24	36.0809	63	61	0	860.24	0	0
12778	T	T	850.363	36.0675	62	62	0	0	0	850.363
12779	T	T	883.227	36.0938	64	64	0	0	0	883.227
12780	T	T	894.73	36.0938	64	64	0	0	0	894.73
12781	G	G	897.21	36.0938	64	63	0	0	897.21	0
12782	A	A	873.877	36.1064	65	65	873.877	0	0	0
12783	C	C	889.154	36.0938	64	62	0	889.154	0	0
12784	T	T	866.48	36.0538	61	61	0	0	0	866.48
12785	C	C	881.167	36.0675	62	61	0	881.167	0	0
12786	C	C	852.593	36.0251	59	59	0	852.593	0	0
12787	T	T	838.389	36.0251	59	59	0	0	0	838.389
12788	A	A	776.514	36.01	58	58	776.514	0	0	0
12789	T	T	817.823	36.0251	59	59	0	0	0	817.823
12790	A	A	795.423	36.0397	60	60	795.423	0	0	0
12791	T	T	828.909	36.0251	59	59	0	0	0	828.909
12792	G	G	682.275	35.962	55	50	0	0	682.275	0
12793	A	A	717.514	37	54	54	717.514	0	0	0
12794	T	T	767.551	35.962	55	55	0	0	0	767.551
12795	T	T	748.515	35.9273	53	53	0	0	0	748.515
12796	C	C	746.947	35.9273	53	52	0	746.947	0	0
12797	C	C	702.547	34.3875	54	50	0	702.547	0	0
12798	G	G	764.919	34.4582	56	54	0	0	764.919	0
12799	A	A	807.981	33.9378	58	58	807.981	0	0	0
12800	C	C	793.327	33.9752	59	56	0	793.327	0	0
12801	A	A	806.1	33.8994	57	57	806.1	0	0	0
12802	C	C	804.543	33.8994	57	56	0	804.543	0	0
12803	A	A	828.289	33.5025	60	60	828.289	0	0	0
12804	A	A	839.243	32.6346	60	60	839.243	0	0	0
12805	G	G	855.686	32.68	61	60	0	0	855.686	0
12806	A	A	848.839	32.3977	63	63	848.839	0	0	0
12807	A	A	830.336	32.3521	62	62	830.336	0	0	0
12808	C	C	827.173	31.961	61	58	0	827.173	0	0
12809	T	T	846.855	32.0093	62	62	0	0	0	846.855
12810	A	A	881.17	31.8354	65	65	881.17	0	0	0
12811	A	A	871.247	31.7405	63	63	871.247	0	0	0
12812	A	A	848.626	31.6916	62	62	848.626	0	0	0
12813	G	G	858.669	31.6916	62	60	0	0	858.669	0
12814	C	C	872.802	31.7405	63	61	0	872.802	0	0
12815	C	C	881.905	31.6417	61	61	0	881.905	0	0
12816	T	T	853.114	31.5907	60	60	0	0	0	853.114
12817	G	G	820.872	31.2384	59	57	0	0	820.872	0
12818	G	G	851.196	31.2384	59	59	0	0	851.196	0
12819	A	T	834.432	31.2919	60	59	0	0	0	834.432
12820	G	G	814.143	31.2919	60	57	0	0	814.143	0
12821	A	A	799.378	31.8094	58	58	799.378	0	0	0
12822	A	A	792.137	31.8094	58	58	792.137	0	0	0
12823	T	T	801.33	31.7566	57	57	0	0	0	801.33
12824	T	T	795.216	31.7026	56	56	0	0	0	795.216
12825	G	G	773.59	31.7026	56	54	0	0	773.59	0
12826	C	C	766.269	31.9487	54	53	0	766.269	0	0
12827	G	G	735.878	32.2304	52	51	0	0	735.878	0
12828	G	G	776.025	32.3912	55	54	0	0	776.025	0
12829	T	T	760.49	32.8172	55	55	0	0	0	760.49
12830	T	T	775.247	32.8654	56	56	0	0	0	775.247
12831	A	A	748.663	32.8654	56	56	748.663	0	0	0
12832	T	T	738.019	33.1964	53	53	0	0	0	738.019
12833	T	T	739.597	33.1964	53	53	0	0	0	739.597
12834	A	A	716.938	33.2435	54	54	716.938	0	0	0
12835	G	G	738.176	33.2435	54	52	0	0	738.176	0
12836	A	A	711.651	33.2435	54	54	711.651	0	0	0
12837	A	A	736.56	32.8172	55	55	736.56	0	0	0
12838	G	G	689.078	33.1964	53	50	0	0	689.078	0
12839	T	T	699.36	33.0981	51	51	0	0	0	699.36
12840	G	G	639.707	33.5518	49	46	0	0	639.707	0
12841	G	G	678.498	33.5997	50	48	0	0	678.498	0
12842	A	A	626.392	33.5025	48	48	626.392	0	0	0
12843	C	C	652.371	33.4517	47	46	0	652.371	0	0
12844	A	A	607.349	33.3993	46	46	607.349	0	0	0
12845	A	A	603.506	33.3993	46	46	603.506	0	0	0
12846	T	T	644.597	33.4517	47	47	0	0	0	644.597
12847	C	C	602.414	33.3453	45	43	0	602.414	0	0
12848	G	G	627.586	33.3453	45	44	0	0	627.586	0
12849	A	A	566.014	33.2319	43	43	566.014	0	0	0
12850	G	G	558.954	33.7496	40	39	0	0	558.954	0
12851	T	T	559.795	33.7496	40	40	0	0	0	559.795
12852	A	A	545.841	34.4921	38	38	545.841	0	0	0
12853	G	G	561.308	34.5884	40	39	0	0	561.308	0
12854	T	T	551.555	34.5884	40	40	0	0	0	551.555
12855	G	G	618.749	34.76	44	43	0	0	618.749	0
12856	C	C	599.69	34.7195	43	42	0	599.69	0	0
12857	T	T	587.448	34.76	44	44	0	0	0	587.448
12858	G	G	635.74	35.7371	44	44	0	0	635.74	0
12859	C	C	645.939	35.7616	45	45	0	645.939	0	0
12860	C	C	636.363	34.1488	48	45	0	636.363	0	0
12861	C	C	673.503	34.1488	48	47	0	673.503	0	0
12862	G	G	674.07	34.1488	48	47	0	0	674.07	0
12863	T	T	654.382	34.1488	48	48	0	0	0	654.382
12864	A	A	635.041	34.0588	46	46	635.041	0	0	0
12865	G	G	606.158	34.1488	48	44	0	0	606.158	0
12866	A	A	708.927	33.6913	52	52	708.927	0	0	0
12867	A	A	685.414	34.2735	51	51	685.414	0	0	0
12868	A	A	661.412	34.1488	48	48	661.412	0	0	0
12869	T	G	690.712	34.1917	49	48	0	0	690.712	0
12870	A	A	696.063	34.2735	51	51	696.063	0	0	0
12871	A	A	686.768	34.2332	50	50	686.768	0	0	0
12872	C	C	706.421	33.7353	53	50	0	706.421	0	0
12873	G	G	765.186	33.778	54	53	0	0	765.186	0
12874	A	A	760.592	33.778	54	54	760.592	0	0	0
12875	T	T	711.93	33.1964	53	53	0	0	0	711.93
12876	C	C	742.805	33.3343	56	53	0	742.805	0	0
12877	C	C	791.047	33.3343	56	55	0	791.047	0	0
12878	G	G	771.507	33.3343	56	54	0	0	771.507	0
12879	T	T	785.14	33.3779	57	57	0	0	0	785.14
12880	A	A	793.136	33.3779	57	57	793.136	0	0	0
12881	T	T	804.277	33.4205	58	58	0	0	0	804.277
12882	A	A	810.187	33.462	59	59	810.187	0	0	0
12883	C	C	785.217	33.3779	57	55	0	785.217	0	0
12884	T	T	770.778	33.86	56	56	0	0	0	770.778
12885	G	G	805.404	33.86	56	56	0	0	805.404	0
12886	A	A	768.621	33.4205	58	58	768.621	0	0	0
12887	T	T	813.414	33.0469	60	60	0	0	0	813.414
12888	C	C	819.28	32.9583	58	57	0	819.28	0	0
12889	T	T	757.532	32.8172	55	55	0	0	0	757.532
12890	C	C	792.277	33.2895	55	55	0	792.277	0	0
12891	G	G	705.912	33.1479	52	50	0	0	705.912	0
12892	T	T	745.773	32.717	53	53	0	0	0	745.773
12893	C	C	749.556	32.3912	55	53	0	749.556	0	0
12894	A	A	820.914	32.492	57	57	820.914	0	0	0
12895	G	G	825.639	32.492	57	57	0	0	825.639	0
12896	A	A	839.582	32.2094	59	59	839.582	0	0	0
12897	A	A	868.285	32.3521	62	62	868.285	0	0	0
12898	G	G	908.946	32.0567	63	63	0	0	908.946	0
12899	A	A	840.561	32.0567	63	63	840.561	0	0	0
12900	T	T	847.069	31.961	61	61	0	0	0	847.069
12901	G	G	835.095	32.0093	62	59	0	0	835.095	0
12902	T	T	856.419	31.6417	61	61	0	0	0	856.419
12903	C	C	866.368	31.5907	60	60	0	866.368	0	0
12904	T	T	805.716	31.4853	58	58	0	0	0	805.716
12905	T	T	784.858	31.4309	57	57	0	0	0	784.858
12906	G	G	804.702	31.4309	57	56	0	0	804.702	0
12907	C	G	715.097	31.3182	55	51	0	0	715.097	0
12908	A	A	763.819	31.3752	56	56	763.819	0	0	0
12909	T	T	767.157	31.3752	56	56	0	0	0	767.157
12910	T	T	792.201	31.2384	59	59	0	0	0	792.201
12911	C	C	823.163	31.2919	60	58	0	823.163	0	0
12912	A	A	809.539	31.2384	59	59	809.539	0	0	0
12913	T	T	785.686	31.2919	60	60	0	0	0	785.686
12914	G	G	868.203	31.2919	60	60	0	0	868.203	0
12915	A	A	880.465	31.3443	61	61	880.465	0	0	0
12916	G	G	895.198	31.3956	62	62	0	0	895.198	0
12917	C	C	864.131	31.3443	61	60	0	864.131	0	0
12918	T	A	843.238	31.4951	64	64	843.238	0	0	0
12919	G	G	908.515	31.2697	65	64	0	0	908.515	0
12920	T	T	914.487	31.3182	66	66	0	0	0	914.487
12921	A	A	849.623	31.4951	64	64	849.623	0	0	0
12922	C	C	862.065	31.961	61	60	0	862.065	0	0
12923	C	C	836.066	32.1597	58	58	0	836.066	0	0
12924	A	A	819.027	32.2094	59	59	819.027	0	0	0
12925	T	T	814.547	32.2094	59	59	0	0	0	814.547
12926	C	C	837.136	32.5882	59	58	0	837.136	0	0
12927	C	C	848.125	32.6346	60	59	0	848.125	0	0
12928	C	C	836.01	32.7243	62	59	0	836.01	0	0
12929	T	T	851.909	32.8102	64	64	0	0	0	851.909
12930	A	A	862.243	32.8102	64	64	862.243	0	0	0
12931	G	G	850.177	32.7677	63	60	0	0	850.177	0
12932	G	G	907.437	32.7677	63	63	0	0	907.437	0
12933	G	G	868.656	32.7243	62	61	0	0	868.656	0
12934	C	C	883.814	33.0897	61	61	0	883.814	0	0
12935	T	T	827.731	33.462	59	59	0	0	0	827.731
12936	A	A	881.698	34.0472	61	61	881.698	0	0	0
12937	A	A	907.336	34.1811	65	65	907.336	0	0	0
12938	A	A	912.462	34.2126	66	66	912.462	0	0	0
12939	A	A	908.31	34.2126	66	66	908.31	0	0	0
12940	A	A	925.34	34.2735	68	68	925.34	0	0	0
12941	C	C	976.834	34.303	69	68	0	976.834	0	0
12942	T	T	894.572	34.7056	64	64	0	0	0	894.572
12943	G	G	900.874	34.7331	65	63	0	0	900.874	0
12944	A	A	887.902	34.76	66	66	887.902	0	0	0
12945	T	T	910.81	35.3657	65	65	0	0	0	910.81
12946	G	G	863.127	36.0397	60	60	0	0	863.127	0
12947	C	C	852.601	35.2294	59	59	0	852.601	0	0
12948	A	A	790.678	35.2044	58	58	790.678	0	0	0
12949	A	A	783.403	35.2044	58	58	783.403	0	0	0
12950	T	T	779.277	35.0968	54	54	0	0	0	779.277
12951	C	C	780.896	35.0968	54	54	0	780.896	0	0
12952	C	C	767.485	35.0678	53	53	0	767.485	0	0
12953	C	C	753.06	35.0379	52	52	0	753.06	0	0
12954	A	A	724.298	35.0678	53	53	724.298	0	0	0
12955	G	G	729.434	35.0678	53	51	0	0	729.434	0
12956	G	G	761.919	35.0968	54	53	0	0	761.919	0
12957	A	A	716.07	35.0678	53	53	716.07	0	0	0
12958	C	C	729.546	35.9273	53	51	0	729.546	0	0
12959	G	G	716.32	35.962	55	51	0	0	716.32	0
12960	G	G	816.699	36.01	58	57	0	0	816.699	0
12961	C	C	748.692	35.9785	56	53	0	748.692	0	0
12962	T	T	734.604	35.962	55	55	0	0	0	734.604
12963	A	A	760.955	35.9785	56	56	760.955	0	0	0
12964	A	A	723.849	35.962	55	55	723.849	0	0	0
12965	A	A	723.936	35.945	54	54	723.936	0	0	0
12966	C	C	774.066	35.962	55	54	0	774.066	0	0
12967	C	C	762.234	35.9273	53	53	0	762.234	0	0
12968	A	A	682.479	35.9273	53	53	682.479	0	0	0
12969	G	G	670.525	35.8504	49	48	0	0	670.525	0
12970	A	A	674.664	35.8902	51	51	674.664	0	0	0
12971	C	C	639.304	35.8294	48	46	0	639.304	0	0
12972	A	A	635.875	35.785	46	46	635.875	0	0	0
12973	A	A	646.649	34.8367	46	46	646.649	0	0	0
12974	C	C	628.827	34.8367	46	44	0	628.827	0	0
12975	T	T	647.005	34.8367	46	46	0	0	0	647.005
12976	C	C	675.368	34.9083	48	47	0	675.368	0	0
12977	T	T	654.398	34.9083	48	48	0	0	0	654.398
12978	C	C	703.589	34.2332	50	49	0	703.589	0	0
12979	A	A	686.153	34.3127	52	52	686.153	0	0	0
12980	T	T	668.943	34.2332	50	50	0	0	0	668.943
12981	A	A	704.625	34.3506	53	53	704.625	0	0	0
12982	G	G	712.038	34.3127	52	50	0	0	712.038	0
12983	C	C	717.93	34.2735	51	50	0	717.93	0	0
12984	C	C	719.284	34.2332	50	50	0	719.284	0	0
12985	A	A	714.905	34.2735	51	51	714.905	0	0	0
12986	T	T	707.643	34.3506	53	53	0	0	0	707.643
12987	G	G	748.989	34.3506	53	52	0	0	748.989	0
12988	C	C	789.8	34.4234	55	55	0	789.8	0	0
12989	G	G	820.086	33.8994	57	57	0	0	820.086	0
12990	A	A	785.087	33.8994	57	57	785.087	0	0	0
12991	C	C	828.824	33.9752	59	58	0	828.824	0	0
12992	C	A	824.825	34.0472	61	61	824.825	0	0	0
12993	A	A	824.99	34.0116	60	60	824.99	0	0	0
12994	G	G	821.434	33.9378	58	57	0	0	821.434	0
12995	G	G	814.161	33.9752	59	57	0	0	814.161	0
12996	G	G	775.634	33.9378	58	55	0	0	775.634	0
12997	C	C	802.448	34.5251	58	56	0	802.448	0	0
12998	T	T	814.837	34.5251	58	58	0	0	0	814.837
12999	A	A	818.134	34.5572	59	59	818.134	0	0	0
13000	T	T	805.192	35.2044	58	58	0	0	0	805.192
13001	A	A	844.947	35.2537	60	60	844.947	0	0	0
13002	T	T	842.008	35.3227	63	63	0	0	0	842.008
13003	T	T	820.595	35.2773	61	61	0	0	0	820.595
13004	A	A	858.007	35.2773	61	61	858.007	0	0	0
13005	T	T	862.305	35.3445	64	64	0	0	0	862.305
13006	G	G	882.868	35.3003	62	61	0	0	882.868	0
13007	G	G	883.705	35.3003	62	61	0	0	883.705	0
13008	C	C	921.214	36.0938	64	64	0	921.214	0	0
13009	C	C	918.955	36.1064	65	64	0	918.955	0	0
13010	A	A	951.107	36.1535	69	69	951.107	0	0	0
13011	A	A	935.244	36.1422	68	68	935.244	0	0	0
13012	T	T	933.165	36.1645	70	70	0	0	0	933.165
13013	G	G	1014.35	36.1752	71	70	0	0	1014.35	0
13014	C	C	1003.21	36.1752	71	70	0	1003.21	0	0
13015	T	T	974.45	36.1959	73	73	0	0	0	974.45
13016	C	C	986.43	36.2155	75	70	0	986.43	0	0
13017	A	A	1099.36	36.252	79	79	1099.36	0	0	0
13018	G	G	1087.96	36.2772	82	77	0	0	1087.96	0
13019	A	A	1095.41	37	80	80	1095.41	0	0	0
13020	A	A	1084.4	37	80	80	1084.4	0	0	0
13021	A	A	1071.34	37	78	78	1071.34	0	0	0
13022	T	T	1096.32	37	79	79	0	0	0	1096.32
13023	T	T	1072.06	37	77	77	0	0	0	1072.06
13024	T	T	1081.53	37	78	78	0	0	0	1081.53
13025	G	G	1073.58	37	77	75	0	0	1073.58	0
13026	T	T	1078.9	37	79	79	0	0	0	1078.9
13027	G	G	1104.55	37	78	77	0	0	1104.55	0
13028	G	G	1031.56	37	77	73	0	0	1031.56	0
13029	C	C	1032.7	37	76	73	0	1032.7	0	0
13030	T	T	1015.91	37	75	75	0	0	0	1015.91
13031	C	C	984.628	37	72	69	0	984.628	0	0
13032	C	C	1048.89	37	74	73	0	1048.89	0	0
13033	A	A	1044.07	37	75	75	1044.07	0	0	0
13034	A	A	1025.39	37	74	74	1025.39	0	0	0
13035	T	T	990.249	37	72	72	0	0	0	990.249
13036	C	C	1053.77	37	74	73	0	1053.77	0	0
13037	A	A	1063.07	37	77	77	1063.07	0	0	0
13038	C	C	1085.45	37	77	76	0	1085.45	0	0
13039	A	A	1033.53	37	74	74	1033.53	0	0	0
13040	G	G	1024.13	37	74	72	0	0	1024.13	0
13041	T	T	1036.24	37	76	76	0	0	0	1036.24
13042	T	T	1066.92	37	77	77	0	0	0	1066.92
13043	T	T	1078.71	37	80	80	0	0	0	1078.71
13044	T	T	1069.28	37	80	80	0	0	0	1069.28
13045	A	A	1076.44	37	79	79	1076.44	0	0	0
13046	T	T	1066.23	37	79	79	0	0	0	1066.23
13047	A	A	1052.63	37	77	77	1052.63	0	0	0
13048	C	C	1059.59	37	77	74	0	1059.59	0	0
13049	C	C	1101.22	37	79	77	0	1101.22	0	0
13050	T	T	1088.28	37	80	80	0	0	0	1088.28
13051	A	A	1057.24	37	76	76	1057.24	0	0	0
13052	T	T	1047.71	37	76	76	0	0	0	1047.71
13053	T	T	1065.05	37	76	76	0	0	0	1065.05
13054	G	G	1085.98	37	78	76	0	0	1085.98	0
13055	T	T	1077.69	37	78	78	0	0	0	1077.69
13056	C	C	1083.78	37	76	75	0	1083.78	0	0
13057	C	C	1059.94	37	76	74	0	1059.94	0	0
13058	T	T	1008.65	37	74	74	0	0	0	1008.65
13059	C	C	1038.23	37	72	72	0	1038.23	0	0
13060	G	G	1067.28	37	74	74	0	0	1067.28	0
13061	A	A	1023.91	37	74	74	1023.91	0	0	0
13062	G	G	1034.75	37	74	72	0	0	1034.75	0
13063	C	C	1011.39	37	74	71	0	1011.39	0	0
13064	T	T	996.477	37	72	72	0	0	0	996.477
13065	A	A	949.387	37	71	71	949.387	0	0	0
13066	G	G	983.119	37	75	70	0	0	983.119	0
13067	T	T	1013.66	37	74	74	0	0	0	1013.66
13068	C	C	993.367	37	70	69	0	993.367	0	0
13069	C	C	981.448	37	68	68	0	981.448	0	0
13070	C	C	944.302	37	68	66	0	944.302	0	0
13071	A	A	923.628	37	67	67	923.628	0	0	0
13072	C	C	933.118	37	67	65	0	933.118	0	0
13073	T	T	951.735	37	70	70	0	0	0	951.735
13074	A	A	969.676	37	72	72	969.676	0	0	0
13075	T	T	955.561	37	71	71	0	0	0	955.561
13076	C	C	916.919	37	69	65	0	916.919	0	0
13077	C	C	962.049	37	68	67	0	962.049	0	0
13078	T	T	947.416	37	70	70	0	0	0	947.416
13079	A	A	920.501	37	68	68	920.501	0	0	0
13080	T	T	958.963	37	69	69	0	0	0	958.963
13081	T	T	904.742	37	65	65	0	0	0	904.742
13082	T	T	881.307	37	63	63	0	0	0	881.307
13083	T	T	888.344	37	64	64	0	0	0	888.344
13084	G	G	910.872	37	65	64	0	0	910.872	0
13085	A	A	891.222	37	66	66	891.222	0	0	0
13086	A	A	896.041	37	64	64	896.041	0	0	0
13087	G	G	938.291	37	65	65	0	0	938.291	0
13088	A	A	939.978	37	67	67	939.978	0	0	0
13089	A	A	952.085	37	69	69	952.085	0	0	0
13090	T	T	916.555	37	68	68	0	0	0	916.555
13091	G	G	937.389	37	68	66	0	0	937.389	0
13092	A	A	948.408	37	69	69	948.408	0	0	0
13093	T	T	939.992	37	67	67	0	0	0	939.992
13094	C	C	920.394	37	68	65	0	920.394	0	0
13095	C	C	965.476	36.1422	68	67	0	965.476	0	0
13096	G	G	911.972	35.4262	68	65	0	0	911.972	0
13097	C	C	959.305	34.3318	70	67	0	959.305	0	0
13098	T	T	911.752	34.2735	68	68	0	0	0	911.752
13099	T	T	908.774	34.2126	66	66	0	0	0	908.774
13100	C	C	879.985	34.1811	65	62	0	879.985	0	0
13101	A	A	881.092	34.1157	63	63	881.092	0	0	0
13102	A	A	917.725	33.6913	65	65	917.725	0	0	0
13103	T	T	918.16	33.761	67	67	0	0	0	918.16
13104	A	A	926.374	33.7947	68	68	926.374	0	0	0
13105	C	C	864.663	33.6913	65	62	0	864.663	0	0
13106	T	T	895.828	33.6913	65	65	0	0	0	895.828
13107	A	A	912.406	33.7266	66	66	912.406	0	0	0
13108	T	T	910.75	33.6553	64	64	0	0	0	910.75
13109	A	A	897.411	33.6913	65	65	897.411	0	0	0
13110	G	G	928.753	33.761	67	65	0	0	928.753	0
13111	A	A	906.525	33.761	67	67	906.525	0	0	0
13112	A	A	882.035	33.7266	66	66	882.035	0	0	0
13113	T	T	896.186	33.6913	65	65	0	0	0	896.186
13114	C	C	896.873	34.0819	62	62	0	896.873	0	0
13115	A	A	890.046	34.2434	67	67	890.046	0	0	0
13116	T	T	904.628	34.2735	68	68	0	0	0	904.628
13117	T	T	884.048	34.2126	66	66	0	0	0	884.048
13118	G	G	889.698	34.1157	63	62	0	0	889.698	0
13119	A	A	838.688	34.1157	63	63	838.688	0	0	0
13120	G	G	818.779	34.0116	60	58	0	0	818.779	0
13121	A	A	854.96	34.1157	63	63	854.96	0	0	0
13122	A	A	859.238	34.1157	63	63	859.238	0	0	0
13123	G	G	903.948	34.1488	64	63	0	0	903.948	0
13124	C	G	881.272	34.0819	62	61	0	0	881.272	0
13125	T	T	828.578	34.0819	62	62	0	0	0	828.578
13126	A	A	837.999	34.1157	63	63	837.999	0	0	0
13127	A	A	860.86	34.2126	66	66	860.86	0	0	0
13128	C	C	912.236	34.76	66	64	0	912.236	0	0
13129	A	A	848.18	34.7331	65	65	848.18	0	0	0
13130	T	T	845.555	34.6485	62	62	0	0	0	845.555
13131	A	A	826.599	34.5884	60	60	826.599	0	0	0
13132	G	G	815.069	34.5572	59	57	0	0	815.069	0
13133	C	C	862.693	34.6188	61	60	0	862.693	0	0
13134	G	G	864.746	35.2773	61	60	0	0	864.746	0
13135	T	T	846.204	35.3227	63	63	0	0	0	846.204
13136	T	T	845.676	36.0809	63	63	0	0	0	845.676
13137	A	A	879.303	37	63	63	879.303	0	0	0
13138	A	A	865.23	37	62	62	865.23	0	0	0
13139	C	C	895.524	37	62	62	0	895.524	0	0
13140	C	C	880.702	36.0675	62	61	0	880.702	0	0
13141	T	T	864.094	36.0938	64	64	0	0	0	864.094
13142	T	T	893.635	36.1187	66	66	0	0	0	893.635
13143	T	T	895.568	36.1306	67	67	0	0	0	895.568
13144	T	T	907.374	36.1422	68	68	0	0	0	907.374
13145	A	A	940.011	36.1306	67	67	940.011	0	0	0
13146	A	A	929.661	36.1306	67	67	929.661	0	0	0
13147	G	G	963.673	36.1422	68	67	0	0	963.673	0
13148	T	T	956.061	36.1535	69	69	0	0	0	956.061
13149	T	T	942.963	36.1422	68	68	0	0	0	942.963
13150	A	A	957.625	36.1752	71	71	957.625	0	0	0
13151	A	A	960.056	36.1752	71	71	960.056	0	0	0
13152	A	A	970.813	36.1752	71	71	970.813	0	0	0
13153	G	G	953.558	36.1645	70	67	0	0	953.558	0
13154	A	A	956.618	36.1752	71	71	956.618	0	0	0
13155	C	C	963.738	36.1645	70	68	0	963.738	0	0
13156	T	T	980.105	36.2058	74	74	0	0	0	980.105
13157	G	G	1048.7	36.2058	74	73	0	0	1048.7	0
13158	A	A	1029.08	36.2249	76	76	1029.08	0	0	0
13159	G	G	959.173	36.1857	72	68	0	0	959.173	0
13160	A	A	978.918	36.1752	71	71	978.918	0	0	0
13161	A	A	977.29	36.1535	69	69	977.29	0	0	0
13162	T	T	979.749	36.1752	71	71	0	0	0	979.749
13163	G	G	936.177	35.5176	73	67	0	0	936.177	0
13164	C	C	1012.21	35.5346	74	71	0	1012.21	0	0
13165	A	A	1003.21	36.1857	72	72	1003.21	0	0	0
13166	G	G	1028.07	36.2155	75	72	0	0	1028.07	0
13167	A	A	1033.5	36.2155	75	75	1033.5	0	0	0
13168	C	C	1067.2	36.2155	75	74	0	1067.2	0	0
13169	T	T	1024.33	36.2155	75	75	0	0	0	1024.33
13170	T	T	1031.04	36.2249	76	76	0	0	0	1031.04
13171	C	C	1057.81	36.2155	75	74	0	1057.81	0	0
13172	T	T	1026.85	36.2155	75	75	0	0	0	1026.85
13173	C	C	1068.99	36.2058	74	74	0	1068.99	0	0
13174	C	C	1016.01	36.2058	74	71	0	1016.01	0	0
13175	T	T	1012.97	36.1959	73	73	0	0	0	1012.97
13176	T	T	1033.88	36.2058	74	74	0	0	0	1033.88
13177	A	A	1017.22	36.2249	76	76	1017.22	0	0	0
13178	A	A	1008.07	36.1959	73	73	1008.07	0	0	0
13179	T	T	1030.62	36.2058	74	74	0	0	0	1030.62
13180	G	G	995.198	36.1645	70	69	0	0	995.198	0
13181	A	A	953.725	35.4454	69	69	953.725	0	0	0
13182	A	A	940.116	35.4454	69	69	940.116	0	0	0
13183	G	G	918.266	35.4454	69	65	0	0	918.266	0
13184	A	A	919.804	35.4454	69	69	919.804	0	0	0
13185	T	T	965.831	35.4454	69	69	0	0	0	965.831
13186	G	G	933.238	35.4066	67	65	0	0	933.238	0
13187	C	C	951.512	36.1306	67	66	0	951.512	0	0
13188	C	C	890.552	36.1064	65	63	0	890.552	0	0
13189	A	A	941.997	36.1422	68	68	941.997	0	0	0
13190	C	C	897.353	36.1535	69	65	0	897.353	0	0
13191	A	A	918.714	36.1535	69	69	918.714	0	0	0
13192	A	A	948.266	36.1752	71	71	948.266	0	0	0
13193	C	C	949.233	36.1306	67	66	0	949.233	0	0
13194	T	T	922.876	36.1187	66	66	0	0	0	922.876
13195	A	A	875.177	36.0675	62	62	875.177	0	0	0
13196	G	G	923.024	36.0938	64	64	0	0	923.024	0
13197	A	A	892.38	36.1187	66	66	892.38	0	0	0
13198	T	T	913.84	36.1187	66	66	0	0	0	913.84
13199	A	A	871.314	36.0938	64	64	871.314	0	0	0
13200	C	C	887.604	36.0938	64	62	0	887.604	0	0
13201	A	A	835.613	36.0675	62	62	835.613	0	0	0
13202	T	T	863.91	36.0675	62	62	0	0	0	863.91
13203	C	C	881.696	36.0675	62	61	0	881.696	0	0
13204	A	A	830.824	37	63	63	830.824	0	0	0
13205	A	A	803.866	37	60	60	803.866	0	0	0
13206	C	C	820.301	37	58	57	0	820.301	0	0
13207	A	A	832.162	37	62	62	832.162	0	0	0
13208	T	T	832.176	37	62	62	0	0	0	832.176
13209	G	G	849.04	37	59	59	0	0	849.04	0
13210	A	A	847.11	37	62	62	847.11	0	0	0
13211	T	T	792.855	37	60	60	0	0	0	792.855
13212	C	C	851.391	37	59	59	0	851.391	0	0
13213	T	T	815.46	37	59	59	0	0	0	815.46
13214	A	A	776.851	37	58	58	776.851	0	0	0
13215	T	T	826.117	37	59	59	0	0	0	826.117
13216	T	T	785.561	37	58	58	0	0	0	785.561
13217	A	A	803.187	37	59	59	803.187	0	0	0
13218	C	C	820.407	37	57	57	0	820.407	0	0
13219	A	A	792.919	37	57	57	792.919	0	0	0
13220	A	A	781.717	37	57	57	781.717	0	0	0
13221	T	T	782.829	37	57	57	0	0	0	782.829
13222	T	T	800.052	36.0251	59	59	0	0	0	800.052
13223	C	C	788.692	36.0397	60	56	0	788.692	0	0
13224	T	T	810.933	35.2537	60	60	0	0	0	810.933
13225	A	A	799.74	35.2537	60	60	799.74	0	0	0
13226	T	T	794.463	34.6485	62	62	0	0	0	794.463
13227	C	C	814.343	34.6485	62	58	0	814.343	0	0
13228	C	C	867.401	34.6774	63	61	0	867.401	0	0
13229	A	A	854.16	34.6485	62	62	854.16	0	0	0
13230	T	T	810.84	34.5884	60	60	0	0	0	810.84
13231	A	A	863.684	34.6774	63	63	863.684	0	0	0
13232	G	C	874.947	34.6485	62	61	0	874.947	0	0
13233	T	T	862.821	34.6774	63	63	0	0	0	862.821
13234	T	T	873.805	34.7331	65	65	0	0	0	873.805
13235	C	C	866.073	34.7056	64	61	0	866.073	0	0
13236	T	T	868.19	34.7056	64	64	0	0	0	868.19
13237	A	A	870.134	34.6774	63	63	870.134	0	0	0
13238	A	A	860.681	34.6485	62	62	860.681	0	0	0
13239	C	C	906.66	34.6774	63	63	0	906.66	0	0
13240	A	A	903.726	34.6774	63	63	903.726	0	0	0
13241	C	C	858.435	34.7056	64	61	0	858.435	0	0
13242	T	T	878.248	34.7056	64	64	0	0	0	878.248
13243	A	A	903.581	34.76	66	66	903.581	0	0	0
13244	T	T	931.79	34.8367	69	69	0	0	0	931.79
13245	T	T	946.524	34.8612	70	70	0	0	0	946.524
13246	T	T	916.175	34.7862	67	67	0	0	0	916.175
13247	A	A	916.373	34.8367	69	69	916.373	0	0	0
13248	T	T	902.817	34.76	66	66	0	0	0	902.817
13249	C	C	922.262	34.7331	65	64	0	922.262	0	0
13250	G	G	852.257	35.3227	63	61	0	0	852.257	0
13251	C	C	850.625	35.2537	60	59	0	850.625	0	0
13252	C	C	881.221	35.3003	62	61	0	881.221	0	0
13253	C	C	874.964	35.3227	63	61	0	874.964	0	0
13254	T	T	854.453	35.3003	62	62	0	0	0	854.453
13255	T	T	844.419	35.2773	61	61	0	0	0	844.419
13256	C	C	865.218	35.3657	65	62	0	865.218	0	0
13257	A	A	901.133	35.3864	66	66	901.133	0	0	0
13258	A	A	906.546	35.4066	67	67	906.546	0	0	0
13259	T	T	909.102	36.1422	68	68	0	0	0	909.102
13260	T	T	926.499	36.1645	70	70	0	0	0	926.499
13261	A	A	940.568	37	68	68	940.568	0	0	0
13262	A	A	941.512	37	67	67	941.512	0	0	0
13263	A	A	952.451	37	67	67	952.451	0	0	0
13264	A	A	977.309	37	70	70	977.309	0	0	0
13265	G	G	981.486	37	69	68	0	0	981.486	0
13266	T	T	959.157	37	70	70	0	0	0	959.157
13267	C	C	1022.32	37	72	71	0	1022.32	0	0
13268	T	T	988.946	37	72	72	0	0	0	988.946
13269	C	C	996.967	37	69	69	0	996.967	0	0
13270	A	A	943.779	37	69	69	943.779	0	0	0
13271	A	A	908	37	65	65	908	0	0	0
13272	A	A	896.883	37	63	63	896.883	0	0	0
13273	A	A	925.257	37	66	66	925.257	0	0	0
13274	T	T	947.101	37	68	68	0	0	0	947.101
13275	A	A	950.253	37	69	69	950.253	0	0	0
13276	C	C	966.729	37	68	67	0	966.729	0	0
13277	A	A	905.867	37	68	68	905.867	0	0	0
13278	A	A	874.584	37	66	66	874.584	0	0	0
13279	A	A	883.208	37	66	66	883.208	0	0	0
13280	T	T	924.562	37	65	65	0	0	0	924.562
13281	A	A	843.754	37	62	62	843.754	0	0	0
13282	C	C	829.958	37	59	58	0	829.958	0	0
13283	C	C	803.78	37	58	56	0	803.78	0	0
13284	C	C	825.492	37	58	57	0	825.492	0	0
13285	T	T	834.708	37	59	59	0	0	0	834.708
13286	G	G	847.777	37	60	59	0	0	847.777	0
13287	A	A	808.982	37	62	62	808.982	0	0	0
13288	G	G	863.478	37	66	62	0	0	863.478	0
13289	A	A	891.174	37	66	66	891.174	0	0	0
13290	T	T	827.343	37	65	65	0	0	0	827.343
13291	C	C	859.801	37	64	61	0	859.801	0	0
13292	C	C	917.128	37	65	64	0	917.128	0	0
13293	C	C	919.327	37	68	65	0	919.327	0	0
13294	C	C	990.204	37	70	69	0	990.204	0	0
13295	G	G	1054.26	37	73	73	0	0	1054.26	0
13296	A	A	1032.49	37	75	75	1032.49	0	0	0
13297	G	G	1079.74	37	76	75	0	0	1079.74	0
13298	C	C	1009.11	36.2432	78	72	0	1009.11	0	0
13299	C	C	1066.99	36.2432	78	75	0	1066.99	0	0
13300	A	A	1017.84	36.2249	76	76	1017.84	0	0	0
13301	A	A	1006.67	36.2155	75	75	1006.67	0	0	0
13302	A	A	983.05	36.1752	71	71	983.05	0	0	0
13303	A	A	1002.94	36.1752	71	71	1002.94	0	0	0
13304	T	T	993.333	36.1752	71	71	0	0	0	993.333
13305	C	C	1025.47	36.1752	71	71	0	1025.47	0	0
13306	T	T	992.893	35.5002	72	72	0	0	0	992.893
13307	C	C	1005.67	35.5002	72	70	0	1005.67	0	0
13308	T	T	1006.36	35.4824	71	71	0	0	0	1006.36
13309	C	C	1042.19	35.5002	72	72	0	1042.19	0	0
13310	T	T	1028.18	35.5346	74	74	0	0	0	1028.18
13311	C	C	1051.29	35.5512	75	73	0	1051.29	0	0
13312	A	A	1009.01	35.5346	74	74	1009.01	0	0	0
13313	T	T	1038.36	35.5512	75	75	0	0	0	1038.36
13314	C	C	985.065	35.5346	74	70	0	985.065	0	0
13315	A	A	978.555	35.5176	73	73	978.555	0	0	0
13316	T	T	1000.11	35.5002	72	72	0	0	0	1000.11
13317	C	C	1011.05	35.4824	71	70	0	1011.05	0	0
13318	A	A	973.335	35.5176	73	73	973.335	0	0	0
13319	A	A	937.636	35.4641	70	70	937.636	0	0	0
13320	A	A	958.47	35.4454	69	69	958.47	0	0	0
13321	A	A	993.42	35.4824	71	71	993.42	0	0	0
13322	A	A	984.776	35.4641	70	70	984.776	0	0	0
13323	A	A	973.373	35.4454	69	69	973.373	0	0	0
13324	G	G	975.253	35.4454	69	68	0	0	975.253	0
13325	C	C	998.532	35.4824	71	70	0	998.532	0	0
13326	T	T	992.665	35.4824	71	71	0	0	0	992.665
13327	T	T	1003.66	35.5002	72	72	0	0	0	1003.66
13328	G	G	1003.63	35.5002	72	70	0	0	1003.63	0
13329	T	T	1007.04	34.9311	73	73	0	0	0	1007.04
13330	A	A	1039.55	35.0175	77	77	1039.55	0	0	0
13331	C	C	1031.37	35.0175	77	73	0	1031.37	0	0
13332	C	C	1098.43	35.058	79	77	0	1098.43	0	0
13333	T	T	1062.91	35.0776	80	80	0	0	0	1062.91
13334	T	T	1055.33	35.0776	80	80	0	0	0	1055.33
13335	G	G	1078.47	35.0175	77	75	0	0	1078.47	0
13336	A	A	1039.81	35.0175	77	77	1039.81	0	0	0
13337	G	G	1068.54	35.0175	77	75	0	0	1068.54	0
13338	A	A	988.49	34.9752	75	75	988.49	0	0	0
13339	A	A	992.039	34.9966	76	76	992.039	0	0	0
13340	G	G	1108.12	35.0776	80	78	0	0	1108.12	0
13341	A	A	1006.74	34.9752	75	75	1006.74	0	0	0
13342	A	A	989.423	35.5002	72	72	989.423	0	0	0
13343	A	A	993.816	35.4824	71	71	993.816	0	0	0
13344	A	A	1010.91	35.4824	71	71	1010.91	0	0	0
13345	A	A	1020.71	36.1857	72	72	1020.71	0	0	0
13346	T	T	996.807	36.1857	72	72	0	0	0	996.807
13347	G	G	1039.76	36.1959	73	72	0	0	1039.76	0
13348	A	A	1042.54	36.2155	75	75	1042.54	0	0	0
13349	A	A	1061.01	36.2432	78	78	1061.01	0	0	0
13350	C	C	1027.44	36.252	79	74	0	1027.44	0	0
13351	G	G	1119.71	36.2606	80	78	0	0	1119.71	0
13352	A	A	1040.43	36.2432	78	78	1040.43	0	0	0
13353	A	A	1041.67	36.2342	77	77	1041.67	0	0	0
13354	A	A	1037.15	37	76	76	1037.15	0	0	0
13355	A	A	1004.52	37	75	75	1004.52	0	0	0
13356	T	T	1055.77	37	75	75	0	0	0	1055.77
13357	T	T	1005.01	37	72	72	0	0	0	1005.01
13358	T	T	1011.4	37	72	72	0	0	0	1011.4
13359	A	A	934.608	37	71	71	934.608	0	0	0
13360	T	T	953.889	37	69	69	0	0	0	953.889
13361	T	T	930.262	37	67	67	0	0	0	930.262
13362	T	T	945.042	37	68	68	0	0	0	945.042
13363	A	A	865.462	37	65	65	865.462	0	0	0
13364	C	C	920.464	37	65	64	0	920.464	0	0
13365	C	C	896.934	36.0938	64	63	0	896.934	0	0
13366	T	T	866.399	36.0938	64	64	0	0	0	866.399
13367	C	C	932.471	36.1187	66	65	0	932.471	0	0
13368	T	T	877.032	36.1187	66	66	0	0	0	877.032
13369	T	T	896.069	36.1422	68	68	0	0	0	896.069
13370	T	T	879.938	36.1306	67	67	0	0	0	879.938
13371	T	T	910.762	36.1535	69	69	0	0	0	910.762
13372	A	A	925.591	36.1535	69	69	925.591	0	0	0
13373	T	T	912.715	36.1535	69	69	0	0	0	912.715
13374	C	C	931.346	36.1306	67	65	0	931.346	0	0
13375	A	A	931.768	36.1306	67	67	931.768	0	0	0
13376	C	C	925.913	36.1187	66	65	0	925.913	0	0
13377	C	C	939.39	36.1306	67	66	0	939.39	0	0
13378	C	C	946.413	36.1422	68	66	0	946.413	0	0
13379	C	C	922.779	36.1645	70	66	0	922.779	0	0
13380	A	A	993.191	36.1959	73	73	993.191	0	0	0
13381	A	A	1003.78	36.2058	74	74	1003.78	0	0	0
13382	C	C	1000.75	36.1857	72	70	0	1000.75	0	0
13383	G	G	979.318	36.1857	72	69	0	0	979.318	0
13384	A	A	990.294	36.1857	72	72	990.294	0	0	0
13385	T	T	982.75	36.1752	71	71	0	0	0	982.75
13386	A	A	994.216	36.1857	72	72	994.216	0	0	0
13387	G	G	1002.62	36.2058	74	71	0	0	1002.62	0
13388	T	T	1015.33	36.2058	74	74	0	0	0	1015.33
13389	G	G	976.207	36.1645	70	68	0	0	976.207	0
13390	G	G	930.899	36.1752	71	67	0	0	930.899	0
13391	G	G	990.311	36.1752	71	69	0	0	990.311	0
13392	A	A	1022.75	36.2058	74	74	1022.75	0	0	0
13393	A	A	1023.67	36.1959	73	73	1023.67	0	0	0
13394	T	T	982.208	37	71	71	0	0	0	982.208
13395	T	T	997.394	37	72	72	0	0	0	997.394
13396	C	C	1019.73	37	73	71	0	1019.73	0	0
13397	C	C	1013.84	36.1752	71	70	0	1013.84	0	0
13398	T	T	1026.75	36.2058	74	74	0	0	0	1026.75
13399	A	A	994.991	36.1959	73	73	994.991	0	0	0
13400	T	T	1013.1	36.1857	72	72	0	0	0	1013.1
13401	T	T	1007.58	36.1752	71	71	0	0	0	1007.58
13402	G	G	970.595	36.1645	70	68	0	0	970.595	0
13403	T	T	960.399	36.1306	67	67	0	0	0	960.399
13404	A	A	906.701	36.1306	67	67	906.701	0	0	0
13405	C	C	929.546	36.1187	66	65	0	929.546	0	0
13406	C	C	951.824	36.1306	67	66	0	951.824	0	0
13407	T	T	937.072	36.1306	67	67	0	0	0	937.072
13408	T	T	935.13	36.1422	68	68	0	0	0	935.13
13409	T	T	888.312	36.0938	64	64	0	0	0	888.312
13410	A	A	894.401	36.0938	64	64	894.401	0	0	0
13411	A	A	881.518	36.0938	64	64	881.518	0	0	0
13412	T	T	910.382	36.1306	67	67	0	0	0	910.382
13413	T	T	900.774	36.1064	65	65	0	0	0	900.774
13414	A	A	860.581	36.0938	64	64	860.581	0	0	0
13415	T	T	895.509	36.0938	64	64	0	0	0	895.509
13416	C	C	891.192	36.0809	63	62	0	891.192	0	0
13417	A	A	830.261	36.0538	61	61	830.261	0	0	0
13418	T	T	850.35	36.0538	61	61	0	0	0	850.35
13419	G	G	861.607	36.0538	61	60	0	0	861.607	0
13420	T	T	809.663	36.01	58	58	0	0	0	809.663
13421	T	T	800.424	35.9945	57	57	0	0	0	800.424
13422	T	T	815.25	36.0538	61	61	0	0	0	815.25
13423	C	C	836.822	36.0397	60	59	0	836.822	0	0
13424	C	C	875.454	36.0538	61	61	0	875.454	0	0
13425	G	G	840.493	36.1064	65	60	0	0	840.493	0
13426	A	A	858.67	36.1064	65	65	858.67	0	0	0
13427	G	G	833.978	37	61	59	0	0	833.978	0
13428	C	C	859.166	37	61	60	0	859.166	0	0
13429	A	A	837.314	37	60	60	837.314	0	0	0
13430	T	T	835.976	37	61	61	0	0	0	835.976
13431	T	T	843.213	37	61	61	0	0	0	843.213
13432	T	T	835.211	37	60	60	0	0	0	835.211
13433	T	T	840.012	37	61	61	0	0	0	840.012
13434	A	A	868.625	37	61	61	868.625	0	0	0
13435	T	T	851.972	37	61	61	0	0	0	851.972
13436	T	T	865.76	37	62	62	0	0	0	865.76
13437	T	T	870.268	37	63	63	0	0	0	870.268
13438	C	C	865.944	37	63	61	0	865.944	0	0
13439	C	C	867.08	37	64	61	0	867.08	0	0
13440	T	T	896.868	37	66	66	0	0	0	896.868
13441	T	T	908.889	37	68	68	0	0	0	908.889
13442	C	C	885.944	37	64	62	0	885.944	0	0
13443	T	T	885.365	37	66	66	0	0	0	885.365
13444	C	C	928.451	37	68	65	0	928.451	0	0
13445	C	C	939.506	37	69	66	0	939.506	0	0
13446	C	C	973.568	37	70	68	0	973.568	0	0
13447	A	A	950.136	37	70	70	950.136	0	0	0
13448	G	G	990.706	37	70	69	0	0	990.706	0
13449	T	T	963.407	37	69	69	0	0	0	963.407
13450	C	C	1032.55	37	73	72	0	1032.55	0	0
13451	G	G	997.172	37	73	70	0	0	997.172	0
13452	A	A	899.827	37	67	67	899.827	0	0	0
13453	C	C	915.971	37	66	64	0	915.971	0	0
13454	T	T	890.351	37	65	65	0	0	0	890.351
13455	G	G	922.621	37	65	64	0	0	922.621	0
13456	A	A	879.448	37	65	65	879.448	0	0	0
13457	T	T	870.145	37	63	63	0	0	0	870.145
13458	C	C	848.752	37	60	59	0	848.752	0	0
13459	G	G	906.334	37	64	63	0	0	906.334	0
13460	A	A	880.741	37	63	63	880.741	0	0	0
13461	T	T	866.608	37	62	62	0	0	0	866.608
13462	A	A	870.989	37	63	63	870.989	0	0	0
13463	A	A	870.003	37	63	63	870.003	0	0	0
13464	T	T	897.765	37	64	64	0	0	0	897.765
13465	C	C	880.954	37	62	61	0	880.954	0	0
13466	G	G	896.756	37	62	62	0	0	896.756	0
13467	C	C	837.191	37	62	59	0	837.191	0	0
13468	T	T	875.068	37	64	64	0	0	0	875.068
13469	T	T	893.513	37	66	66	0	0	0	893.513
13470	A	A	919.529	37	68	68	919.529	0	0	0
13471	G	G	934.488	37	69	66	0	0	934.488	0
13472	T	T	899.376	37	68	68	0	0	0	899.376
13473	A	A	908.688	37	66	66	908.688	0	0	0
13474	T	T	934.34	37	69	69	0	0	0	934.34
13475	C	C	935.284	37	66	65	0	935.284	0	0
13476	T	T	922.863	37	66	66	0	0	0	922.863
13477	A	A	893.835	37	66	66	893.835	0	0	0
13478	T	T	922.359	37	69	69	0	0	0	922.359
13479	T	T	940.166	37	69	69	0	0	0	940.166
13480	C	C	965.989	37	68	67	0	965.989	0	0
13481	A	A	903.365	37	67	67	903.365	0	0	0
13482	A	A	861.039	37	65	64	861.039	0	0	0
13483	C	C	906.804	37	64	63	0	906.804	0	0
13484	A	A	912.255	37	65	65	912.255	0	0	0
13485	G	G	926.411	36.1064	65	64	0	0	926.411	0
13486	T	T	896.3	35.3864	66	66	0	0	0	896.3
13487	G	G	962.004	35.4066	67	67	0	0	962.004	0
13488	A	A	953.878	35.4262	68	68	953.878	0	0	0
13489	C	C	916.638	35.4262	68	65	0	916.638	0	0
13490	T	T	936.525	35.4262	68	68	0	0	0	936.525
13491	A	A	931.49	35.4262	68	68	931.49	0	0	0
13492	G	G	1022.29	35.4824	71	71	0	0	1022.29	0
13493	T	T	959.135	35.4454	69	69	0	0	0	959.135
13494	T	T	923.501	35.4066	67	67	0	0	0	923.501
13495	C	C	964.247	35.4262	68	67	0	964.247	0	0
13496	G	T	911.772	35.3657	65	65	0	0	0	911.772
13497	G	G	871.036	35.3657	65	62	0	0	871.036	0
13498	C	C	895.289	35.3227	63	62	0	895.289	0	0
13499	T	T	856.848	35.3227	63	63	0	0	0	856.848
13500	A	A	865.863	35.3003	62	62	865.863	0	0	0
13501	A	A	854.702	35.3003	62	62	854.702	0	0	0
13502	C	C	889.197	34.6774	63	62	0	889.197	0	0
13503	A	A	879.261	34.6774	63	63	879.261	0	0	0
13504	T	T	882.054	34.7056	64	64	0	0	0	882.054
13505	C	C	884.979	34.7331	65	62	0	884.979	0	0
13506	A	A	923.016	34.2126	66	66	923.016	0	0	0
13507	A	A	916.096	34.2126	66	66	916.096	0	0	0
13508	A	A	922.354	34.2126	66	66	922.354	0	0	0
13509	A	A	938.025	33.7947	68	68	938.025	0	0	0
13510	C	C	930.3	33.7947	68	65	0	930.3	0	0
13511	A	A	921.179	33.7947	68	68	921.179	0	0	0
13512	A	A	900.547	33.7266	66	66	900.547	0	0	0
13513	A	A	893.811	33.7266	66	66	893.811	0	0	0
13514	T	T	909.951	34.1488	64	64	0	0	0	909.951
13515	A	A	863.107	34.1157	63	63	863.107	0	0	0
13516	T	T	873.493	34.0472	61	61	0	0	0	873.493
13517	T	T	869.82	34.0819	62	62	0	0	0	869.82
13518	A	A	845.249	34.1157	63	63	845.249	0	0	0
13519	T	T	868.688	34.1157	63	63	0	0	0	868.688
13520	C	C	864.158	34.0472	61	60	0	864.158	0	0
13521	C	C	812.547	33.9752	59	57	0	812.547	0	0
13522	A	A	803.801	34.0472	61	61	803.801	0	0	0
13523	T	T	833.357	34.0472	61	61	0	0	0	833.357
13524	T	T	821.326	33.6185	63	63	0	0	0	821.326
13525	C	C	873.405	33.6913	65	62	0	873.405	0	0
13526	A	A	870.378	33.6553	64	64	870.378	0	0	0
13527	T	T	819.999	33.6185	63	63	0	0	0	819.999
13528	A	A	842.083	33.5025	60	60	842.083	0	0	0
13529	G	G	852.392	33.5025	60	59	0	0	852.392	0
13530	C	T	839.664	33.5025	60	60	0	0	0	839.664
13531	C	C	852.091	33.9752	59	59	0	852.091	0	0
13532	A	A	817.567	33.9752	59	59	817.567	0	0	0
13533	C	C	803.797	33.5807	62	58	0	803.797	0	0
13534	A	A	833.474	33.6185	63	63	833.474	0	0	0
13535	A	A	806.913	33.5807	62	62	806.913	0	0	0
13536	A	A	783.289	33.462	59	59	783.289	0	0	0
13537	G	G	812.118	33.9752	59	57	0	0	812.118	0
13538	G	G	798.297	33.9378	58	56	0	0	798.297	0
13539	A	A	824.149	34.5884	60	60	824.149	0	0	0
13540	C	C	791.611	34.6188	61	57	0	791.611	0	0
13541	A	A	866.471	34.6485	62	62	866.471	0	0	0
13542	A	A	903.654	34.7056	64	64	903.654	0	0	0
13543	A	A	930.832	34.7862	67	67	930.832	0	0	0
13544	C	C	948.476	34.7862	67	66	0	948.476	0	0
13545	C	C	975.384	34.8367	69	68	0	975.384	0	0
13546	T	T	896.405	34.76	66	66	0	0	0	896.405
13547	G	G	955.285	34.8367	69	67	0	0	955.285	0
13548	G	G	948.404	34.7862	67	66	0	0	948.404	0
13549	G	G	919.155	34.7331	65	64	0	0	919.155	0
13550	C	C	897.731	36.0675	62	62	0	897.731	0	0
13551	A	A	864.305	36.0809	63	63	864.305	0	0	0
13552	C	C	882.12	37	61	61	0	882.12	0	0
13553	T	T	871.393	37	62	62	0	0	0	871.393
13554	A	A	829.257	37	62	62	829.257	0	0	0
13555	A	A	824.514	37	60	60	824.514	0	0	0
13556	T	T	840.051	37	60	60	0	0	0	840.051
13557	A	A	869.37	37	62	62	869.37	0	0	0
13558	T	T	832.041	37	61	61	0	0	0	832.041
13559	T	T	836.429	37	63	63	0	0	0	836.429
13560	G	G	873.79	37	63	61	0	0	873.79	0
13561	A	A	886.962	37	64	64	886.962	0	0	0
13562	T	T	897.927	37	66	66	0	0	0	897.927
13563	A	A	905.1	37	65	65	905.1	0	0	0
13564	T	T	890.076	37	65	65	0	0	0	890.076
13565	C	C	898.768	37	65	63	0	898.768	0	0
13566	A	A	961.635	37	67	67	961.635	0	0	0
13567	C	C	966.819	37	68	67	0	966.819	0	0
13568	T	T	930.324	37	68	68	0	0	0	930.324
13569	A	A	955.551	37	70	70	955.551	0	0	0
13570	A	A	970.012	37	72	72	970.012	0	0	0
13571	T	T	1009.21	37	75	75	0	0	0	1009.21
13572	C	C	1093.04	37	77	76	0	1093.04	0	0
13573	C	C	1014.37	37	75	72	0	1014.37	0	0
13574	T	T	970.137	37	73	73	0	0	0	970.137
13575	A	A	977.137	37	71	71	977.137	0	0	0
13576	T	T	1001.83	37	73	73	0	0	0	1001.83
13577	T	T	1026.48	37	73	73	0	0	0	1026.48
13578	T	T	999.744	37	71	71	0	0	0	999.744
13579	A	A	968.877	37	69	69	968.877	0	0	0
13580	T	T	959.434	37	69	69	0	0	0	959.434
13581	T	T	970.396	37	70	70	0	0	0	970.396
13582	G	G	974.294	37	70	68	0	0	974.294	0
13583	G	G	967.715	37	67	67	0	0	967.715	0
13584	C	C	996.608	37	69	69	0	996.608	0	0
13585	T	T	973.808	37	70	70	0	0	0	973.808
13586	C	C	954.188	37	67	66	0	954.188	0	0
13587	A	A	865.633	37	67	67	865.633	0	0	0
13588	A	A	902.157	37	68	68	902.157	0	0	0
13589	C	C	931.838	37	69	66	0	931.838	0	0
13590	T	T	899.038	37	66	66	0	0	0	899.038
13591	A	A	831.468	37	63	63	831.468	0	0	0
13592	A	A	856.63	37	63	63	856.63	0	0	0
13593	T	T	884.661	37	66	66	0	0	0	884.661
13594	C	C	879.648	37	64	62	0	879.648	0	0
13595	T	T	851.122	37	62	62	0	0	0	851.122
13596	T	T	829.969	37	63	63	0	0	0	829.969
13597	C	C	905.636	37	64	63	0	905.636	0	0
13598	T	T	886.88	37	66	66	0	0	0	886.88
13599	G	G	885.346	37	65	62	0	0	885.346	0
13600	G	G	1012.58	37	70	70	0	0	1012.58	0
13601	G	G	985.099	37	68	68	0	0	985.099	0
13602	T	T	934.566	37	70	70	0	0	0	934.566
13603	C	C	959.423	37	69	67	0	959.423	0	0
13604	T	T	960.165	37	71	71	0	0	0	960.165
13605	A	A	966.357	37	72	72	966.357	0	0	0
13606	T	T	988.353	37	71	71	0	0	0	988.353
13607	T	T	1010.16	37	72	72	0	0	0	1010.16
13608	A	A	951.065	37	72	72	951.065	0	0	0
13609	C	C	968.647	37	70	68	0	968.647	0	0
13610	C	C	979.98	37	69	68	0	979.98	0	0
13611	G	G	981.701	37	68	68	0	0	981.701	0
13612	C	C	964.588	37	68	67	0	964.588	0	0
13613	A	A	909.68	37	66	66	909.68	0	0	0
13614	C	C	928.065	37	68	65	0	928.065	0	0
13615	T	T	936.169	37	67	67	0	0	0	936.169
13616	C	C	953.223	37	66	66	0	953.223	0	0
13617	A	A	894.609	37	67	67	894.609	0	0	0
13618	T	T	902.813	37	65	65	0	0	0	902.813
13619	T	T	889.601	37	63	63	0	0	0	889.601
13620	C	C	839.466	37	58	58	0	839.466	0	0
13621	A	A	837.72	37	59	59	837.72	0	0	0
13622	C	C	824.794	37	60	58	0	824.794	0	0
13623	A	A	837.741	37	61	61	837.741	0	0	0
13624	C	C	863.405	37	63	61	0	863.405	0	0
13625	C	C	909.794	37	66	64	0	909.794	0	0
13626	T	T	883.156	37	66	66	0	0	0	883.156
13627	A	A	873.034	37	64	64	873.034	0	0	0
13628	C	C	889.66	37	63	62	0	889.66	0	0
13629	C	C	909.734	37	65	64	0	909.734	0	0
13630	A	A	880.4	37	63	63	880.4	0	0	0
13631	C	C	893.251	36.1187	66	63	0	893.251	0	0
13632	A	A	900.624	36.1187	66	66	900.624	0	0	0
13633	C	C	888.525	36.1306	67	63	0	888.525	0	0
13634	A	A	899.444	36.1187	66	66	899.444	0	0	0
13635	A	A	911.42	36.1306	67	67	911.42	0	0	0
13636	C	C	914.628	36.1064	65	64	0	914.628	0	0
13637	T	T	882.708	36.0809	63	63	0	0	0	882.708
13638	G	G	877.718	36.0538	61	61	0	0	877.718	0
13639	T	T	871.373	36.0675	62	62	0	0	0	871.373
13640	C	C	876.549	35.3227	63	61	0	876.549	0	0
13641	A	A	837.151	35.3003	62	62	837.151	0	0	0
13642	A	A	833.081	35.2537	60	60	833.081	0	0	0
13643	T	T	806.909	35.2294	59	59	0	0	0	806.909
13644	G	G	865.936	35.2537	60	60	0	0	865.936	0
13645	A	A	808.899	35.2044	58	58	808.899	0	0	0
13646	A	A	803.295	35.2044	58	58	803.295	0	0	0
13647	C	C	838.775	35.2044	58	58	0	838.775	0	0
13648	C	C	831.141	35.2537	60	58	0	831.141	0	0
13649	T	T	851.038	35.3003	62	62	0	0	0	851.038
13650	A	A	782.371	35.2294	59	59	782.371	0	0	0
13651	G	G	844.975	35.2537	60	59	0	0	844.975	0
13652	G	G	820.214	35.2044	58	57	0	0	820.214	0
13653	A	A	773.355	35.2294	59	59	773.355	0	0	0
13654	A	A	767.775	35.2294	59	59	767.775	0	0	0
13655	T	T	767.584	35.1787	57	57	0	0	0	767.584
13656	G	G	784.888	35.1787	57	55	0	0	784.888	0
13657	G	G	748.992	35.2044	58	54	0	0	748.992	0
13658	C	C	768.907	35.9785	56	54	0	768.907	0	0
13659	T	T	754.113	35.9785	56	56	0	0	0	754.113
13660	A	A	765.45	35.9785	56	56	765.45	0	0	0
13661	T	T	770.937	37	55	55	0	0	0	770.937
13662	T	T	774.76	35.9785	56	56	0	0	0	774.76
13663	C	C	791.068	35.1249	55	55	0	791.068	0	0
13664	C	C	764.039	35.1787	57	54	0	764.039	0	0
13665	C	C	805.888	35.1787	57	56	0	805.888	0	0
13666	T	T	792.883	35.2044	58	58	0	0	0	792.883
13667	T	T	799.886	35.2044	58	58	0	0	0	799.886
13668	A	A	781.141	35.1522	56	56	781.141	0	0	0
13669	T	T	782.205	35.2044	58	58	0	0	0	782.205
13670	G	G	852.507	35.2294	59	59	0	0	852.507	0
13671	G	G	852.449	35.2294	59	59	0	0	852.449	0
13672	G	G	847.733	35.2537	60	59	0	0	847.733	0
13673	C	C	873.313	34.6774	63	61	0	873.313	0	0
13674	A	A	832.758	34.6485	62	62	832.758	0	0	0
13675	G	G	859.4	34.6188	61	60	0	0	859.4	0
13676	G	G	861.054	34.6188	61	60	0	0	861.054	0
13677	T	T	811.113	34.5884	60	60	0	0	0	811.113
13678	A	A	787.491	34.4921	57	57	787.491	0	0	0
13679	C	C	838.253	34.0116	60	59	0	838.253	0	0
13680	A	A	811.284	33.9752	59	59	811.284	0	0	0
13681	G	G	848.296	34.0116	60	59	0	0	848.296	0
13682	T	T	812.54	33.9752	59	59	0	0	0	812.54
13683	C	C	788.451	33.462	59	56	0	788.451	0	0
13684	G	G	837.053	33.4205	58	58	0	0	837.053	0
13685	C	C	847.888	33.5025	60	59	0	847.888	0	0
13686	T	T	808.175	33.4205	58	58	0	0	0	808.175
13687	A	C	784.68	33.3343	56	55	0	784.68	0	0
13688	C	C	788.099	33.8994	57	55	0	788.099	0	0
13689	T	T	810.893	33.9752	59	59	0	0	0	810.893
13690	G	G	850.213	34.0116	60	59	0	0	850.213	0
13691	G	G	810.12	33.9752	59	57	0	0	810.12	0
13692	A	A	788.81	33.9752	59	59	788.81	0	0	0
13693	T	T	779.565	34.4921	57	57	0	0	0	779.565
13694	T	T	785.863	34.4921	57	57	0	0	0	785.863
13695	C	C	820.995	34.4921	57	57	0	820.995	0	0
13696	C	C	754.276	34.3875	54	53	0	754.276	0	0
13697	G	G	755.937	34.4234	55	53	0	0	755.937	0
13698	A	A	728.625	34.4234	55	55	728.625	0	0	0
13699	T	T	744.127	34.3506	53	53	0	0	0	744.127
13700	A	A	692.601	34.2332	50	50	692.601	0	0	0
13701	C	C	707.306	34.2332	50	49	0	707.306	0	0
13702	A	A	685.025	34.2735	51	51	685.025	0	0	0
13703	A	A	692.013	34.2735	51	51	692.013	0	0	0
13704	G	G	728.726	34.3506	53	51	0	0	728.726	0
13705	A	A	710.139	35.0379	52	52	710.139	0	0	0
13706	C	C	677.898	35.0071	51	48	0	677.898	0	0
13707	C	C	733.688	35.0071	51	51	0	733.688	0	0
13708	A	A	697.297	35.0071	51	51	697.297	0	0	0
13709	A	A	693.718	35.0379	52	52	693.718	0	0	0
13710	G	G	670.243	35.0379	52	48	0	0	670.243	0
13711	G	G	720.151	34.9752	50	50	0	0	720.151	0
13712	C	C	704.768	34.9423	49	49	0	704.768	0	0
13713	A	A	657.724	34.9423	49	49	657.724	0	0	0
13714	T	T	693.196	35.9273	53	53	0	0	0	693.196
13715	C	C	729.852	35.9091	52	51	0	729.852	0	0
13716	C	C	712.422	35.9091	52	50	0	712.422	0	0
13717	T	T	702.721	35.9273	53	53	0	0	0	702.721
13718	T	T	679.464	35.8902	51	51	0	0	0	679.464
13719	G	G	723.888	35.8707	50	50	0	0	723.888	0
13720	G	G	737.089	35.9091	52	51	0	0	737.089	0
13721	C	C	713.976	35.945	54	51	0	713.976	0	0
13722	T	T	738.295	35.945	54	54	0	0	0	738.295
13723	C	C	754.645	35.1249	55	53	0	754.645	0	0
13724	A	A	755.504	35.1522	56	56	755.504	0	0	0
13725	C	C	760.274	36.01	58	54	0	760.274	0	0
13726	T	T	799.091	36.01	58	58	0	0	0	799.091
13727	T	T	798.147	36.0675	62	62	0	0	0	798.147
13728	T	T	773.454	36.0251	59	59	0	0	0	773.454
13729	C	C	779.973	36.0397	60	56	0	779.973	0	0
13730	T	T	817.386	36.0675	62	62	0	0	0	817.386
13731	A	A	887.67	36.0809	63	63	887.67	0	0	0
13732	C	C	900.015	36.1064	65	63	0	900.015	0	0
13733	C	C	868.634	36.1064	65	62	0	868.634	0	0
13734	T	T	879.904	36.1064	65	65	0	0	0	879.904
13735	C	C	902.223	36.1064	65	63	0	902.223	0	0
13736	A	A	891.408	36.1064	65	65	891.408	0	0	0
13737	A	A	896.32	36.1187	66	66	896.32	0	0	0
13738	G	G	908.71	36.1187	66	64	0	0	908.71	0
13739	G	G	931.661	36.1306	67	65	0	0	931.661	0
13740	G	G	926.711	36.1422	68	65	0	0	926.711	0
13741	A	A	926.034	36.1306	67	67	926.034	0	0	0
13742	C	C	927.108	36.1306	67	65	0	927.108	0	0
13743	A	A	913.873	36.1306	67	67	913.873	0	0	0
13744	C	C	925.069	36.0938	64	64	0	925.069	0	0
13745	C	C	939.55	36.1187	66	65	0	939.55	0	0
13746	T	T	939.748	36.1535	69	69	0	0	0	939.748
13747	T	T	953.826	36.1645	70	70	0	0	0	953.826
13748	T	T	917.581	37	68	68	0	0	0	917.581
13749	C	C	952.856	36.1645	70	67	0	952.856	0	0
13750	C	C	991.83	36.1645	70	69	0	991.83	0	0
13751	C	C	927.429	36.1752	71	66	0	927.429	0	0
13752	T	T	999.834	36.2249	76	76	0	0	0	999.834
13753	C	C	1018.72	36.2249	76	72	0	1018.72	0	0
13754	T	T	1044.9	36.2342	77	77	0	0	0	1044.9
13755	A	A	1105.36	36.2432	78	78	1105.36	0	0	0
13756	A	A	1109.77	36.2606	80	80	1109.77	0	0	0
13757	T	T	1081.7	36.2432	78	78	0	0	0	1081.7
13758	C	C	1049.18	36.2432	78	74	0	1049.18	0	0
13759	C	C	1128.04	36.252	79	78	0	1128.04	0	0
13760	C	C	1116.06	36.269	81	78	0	1116.06	0	0
13761	G	G	1113.98	36.2432	78	77	0	0	1113.98	0
13762	A	A	1080.28	36.2249	76	76	1080.28	0	0	0
13763	T	T	1072.39	36.2249	76	76	0	0	0	1072.39
13764	A	A	1082.56	36.2432	78	78	1082.56	0	0	0
13765	C	C	1128.96	36.2432	78	78	0	1128.96	0	0
13766	T	T	1097.43	36.2432	78	78	0	0	0	1097.43
13767	C	C	1113.81	36.2342	77	77	0	1113.81	0	0
13768	G	G	1069.48	36.2058	74	74	0	0	1069.48	0
13769	T	T	1057.87	36.2058	74	74	0	0	0	1057.87
13770	A	A	1010.28	36.2058	74	74	1010.28	0	0	0
13771	A	A	1025.07	36.2249	76	76	1025.07	0	0	0
13772	T	T	1022.59	37	73	73	0	0	0	1022.59
13773	T	T	1026.44	37	75	75	0	0	0	1026.44
13774	A	A	1012.42	37	75	75	1012.42	0	0	0
13775	T	T	980.967	37	74	72	0	0	0	980.967
13776	T	T	1012.12	37	73	73	0	0	0	1012.12
13777	G	G	986.259	37	71	69	0	0	986.259	0
13778	A	A	922.183	37	70	70	922.183	0	0	0
13779	A	A	911.042	37	69	69	911.042	0	0	0
13780	A	A	884.895	37	65	65	884.895	0	0	0
13781	C	C	896.836	37	62	62	0	896.836	0	0
13782	A	A	839.625	37	62	62	839.625	0	0	0
13783	A	A	826.842	37	62	62	826.842	0	0	0
13784	T	T	872.039	37	62	62	0	0	0	872.039
13785	C	C	918.018	37	66	64	0	918.018	0	0
13786	A	A	797.067	37	61	61	797.067	0	0	0
13787	G	G	859.569	37	61	60	0	0	859.569	0
13788	C	C	903.503	37	63	63	0	903.503	0	0
13789	C	C	833.932	37	62	59	0	833.932	0	0
13790	T	T	802.939	37	60	60	0	0	0	802.939
13791	A	A	774.826	37	58	58	774.826	0	0	0
13792	T	T	780.051	37	57	57	0	0	0	780.051
13793	T	T	797.557	37	58	58	0	0	0	797.557
13794	T	T	745.248	37	55	55	0	0	0	745.248
13795	A	A	735.114	37	57	57	735.114	0	0	0
13796	T	T	764.998	37	57	57	0	0	0	764.998
13797	C	C	786.64	37	57	55	0	786.64	0	0
13798	C	C	660.821	37	54	49	0	660.821	0	0
13799	A	A	691.513	37	50	50	691.513	0	0	0
13800	G	G	713.31	37	52	50	0	0	713.31	0
13801	C	C	696.827	37	51	49	0	696.827	0	0
13802	C	C	700.436	37	51	49	0	700.436	0	0
13803	T	T	702.899	37	51	51	0	0	0	702.899
13804	G	G	733.886	37	51	51	0	0	733.886	0
13805	T	T	718.211	37	52	52	0	0	0	718.211
13806	G	G	751.044	35.9273	53	52	0	0	751.044	0
13807	G	G	705.466	35.9091	52	50	0	0	705.466	0
13808	C	C	733.422	35.0379	52	51	0	733.422	0	0
13809	C	C	744.918	35.0678	53	52	0	744.918	0	0
13810	C	C	731.601	35.0968	54	52	0	731.601	0	0
13811	T	T	767.15	34.4582	56	56	0	0	0	767.15
13812	G	G	822.118	34.5251	58	57	0	0	822.118	0
13813	G	G	808.755	34.5884	60	57	0	0	808.755	0
13814	C	C	832.188	34.5572	59	58	0	832.188	0	0
13815	C	C	849.503	34.5572	59	59	0	849.503	0	0
13816	G	G	864.271	34.6188	61	60	0	0	864.271	0
13817	T	T	843.35	34.6188	61	61	0	0	0	843.35
13818	G	G	849.308	33.9752	59	59	0	0	849.308	0
13819	C	C	844.082	34.0472	61	59	0	844.082	0	0
13820	G	G	817.068	34.0472	61	58	0	0	817.068	0
13821	A	A	782.238	33.9752	59	59	782.238	0	0	0
13822	C	C	846.697	33.5025	60	59	0	846.697	0	0
13823	T	T	791.885	33.4205	58	58	0	0	0	791.885
13824	A	A	773.257	33.3343	56	56	773.257	0	0	0
13825	A	A	768.314	33.2895	55	55	768.314	0	0	0
13826	C	C	765.577	33.1964	53	53	0	765.577	0	0
13827	C	C	779.735	32.3912	55	54	0	779.735	0	0
13828	G	G	809.588	32.4422	56	56	0	0	809.588	0
13829	C	C	830.986	32.2094	59	58	0	830.986	0	0
13830	T	T	790.913	32.1597	58	58	0	0	0	790.913
13831	A	A	773.019	32.0567	56	56	773.019	0	0	0
13832	A	A	784.133	31.7566	57	57	784.133	0	0	0
13833	T	T	821.976	31.0659	61	61	0	0	0	821.976
13834	A	A	823.38	30.8043	61	61	823.38	0	0	0
13835	T	T	790.946	30.6369	58	58	0	0	0	790.946
13836	T	T	780.561	30.5787	57	57	0	0	0	780.561
13837	A	A	763.489	30.5787	57	57	763.489	0	0	0
13838	C	C	781.871	30.3963	54	54	0	781.871	0	0
13839	T	T	792.258	29.8667	57	57	0	0	0	792.258
13840	G	G	790.346	29.5903	56	55	0	0	790.346	0
13841	C	C	778.716	29.4606	54	54	0	778.716	0	0
13842	A	A	729.072	29.2551	57	57	729.072	0	0	0
13843	G	G	775.513	29.069	57	55	0	0	775.513	0
13844	G	G	665.698	28.732	52	48	0	0	665.698	0
13845	C	C	734.896	28.8496	51	51	0	734.896	0	0
13846	C	C	706.587	28.702	49	49	0	706.587	0	0
13847	A	C	660.59	28.3557	47	46	0	660.59	0	0
13848	T	T	650.351	28.1721	47	47	0	0	0	650.351
13849	T	T	625.137	28.1921	45	45	0	0	0	625.137
13850	T	T	609.192	28.1073	44	44	0	0	0	609.192
13851	G	G	611.568	28.0075	45	43	0	0	611.568	0
13852	C	C	592.511	28.0075	45	42	0	592.511	0	0
13853	T	T	637.517	28.4345	48	48	0	0	0	637.517
13854	C	C	685.219	28.5115	49	48	0	685.219	0	0
13855	A	A	616.174	28.3557	47	47	616.174	0	0	0
13856	T	T	649.019	28.5867	50	50	0	0	0	649.019
13857	T	T	618.436	28.5115	49	49	0	0	0	618.436
13858	C	A	635.247	28.4345	48	48	635.247	0	0	0
13859	A	A	621.91	28.5473	47	47	621.91	0	0	0
13860	T	T	630.067	28.9753	50	50	0	0	0	630.067
13861	T	T	654.041	29.0476	51	51	0	0	0	654.041
13862	T	T	671.104	29.2551	51	51	0	0	0	671.104
13863	A	A	694.097	29.1834	50	50	694.097	0	0	0
13864	A	A	698.396	29.4021	50	50	698.396	0	0	0
13865	T	T	674.324	29.4021	50	50	0	0	0	674.324
13866	T	T	710.346	29.6763	54	54	0	0	0	710.346
13867	G	G	780.379	29.9673	55	54	0	0	780.379	0
13868	G	G	795.273	29.8046	56	55	0	0	795.273	0
13869	G	G	781.791	30.1428	54	54	0	0	781.791	0
13870	G	G	780.947	30.1428	54	54	0	0	780.947	0
13871	G	G	808.243	30.3282	57	56	0	0	808.243	0
13872	A	A	827.575	30.4453	59	59	827.575	0	0	0
13873	G	G	834.839	30.6369	58	58	0	0	834.839	0
13874	C	G	836.092	30.6369	58	58	0	0	836.092	0
13875	T	T	788.569	30.8446	57	57	0	0	0	788.569
13876	A	A	776.447	31.0707	56	56	776.447	0	0	0
13877	C	C	811.349	31.1278	57	56	0	811.349	0	0
13878	T	T	767.479	32.3912	55	55	0	0	0	767.479
13879	T	T	777.775	32.3912	55	55	0	0	0	777.775
13880	T	T	784.269	32.4422	56	56	0	0	0	784.269
13881	G	G	805.283	32.1088	57	56	0	0	805.283	0
13882	A	A	804.83	32.258	60	60	804.83	0	0	0
13883	C	C	786.221	33.8994	57	55	0	786.221	0	0
13884	T	T	749.431	33.8195	55	55	0	0	0	749.431
13885	C	C	776.214	33.8195	55	54	0	776.214	0	0
13886	T	T	760.402	33.778	54	54	0	0	0	760.402
13887	A	A	771.492	33.8994	57	57	771.492	0	0	0
13888	A	A	816.574	34.0472	61	61	816.574	0	0	0
13889	C	C	818.858	34.5251	58	57	0	818.858	0	0
13890	A	A	808.77	34.5884	60	60	808.77	0	0	0
13891	A	A	779.697	35.2044	58	58	779.697	0	0	0
13892	G	G	837.648	35.2294	59	58	0	0	837.648	0
13893	T	T	802.604	36.0251	59	59	0	0	0	802.604
13894	A	A	833.975	36.0251	59	59	833.975	0	0	0
13895	T	T	801.289	36.01	58	58	0	0	0	801.289
13896	T	T	784.529	36.01	58	58	0	0	0	784.529
13897	A	A	818.947	36.0251	59	59	818.947	0	0	0
13898	G	G	805.055	36.0251	59	57	0	0	805.055	0
13899	C	C	837.401	35.2537	60	58	0	837.401	0	0
13900	A	A	812.917	35.3003	62	62	812.917	0	0	0
13901	C	C	838.442	35.3003	62	59	0	838.442	0	0
13902	T	T	822.057	35.2773	61	61	0	0	0	822.057
13903	A	A	826.09	35.2537	60	60	826.09	0	0	0
13904	T	T	792.017	35.2294	59	59	0	0	0	792.017
13905	T	T	804.631	35.2537	60	60	0	0	0	804.631
13906	A	A	853.003	35.3003	62	62	853.003	0	0	0
13907	C	C	849.48	35.2537	60	59	0	849.48	0	0
13908	A	A	868.386	35.3227	63	63	868.386	0	0	0
13909	G	G	924.202	36.0938	64	64	0	0	924.202	0
13910	C	C	888.389	36.1064	65	63	0	888.389	0	0
13911	C	C	896.273	36.1187	66	63	0	896.273	0	0
13912	T	T	866.594	36.1064	65	65	0	0	0	866.594
13913	T	T	888.001	36.1064	65	65	0	0	0	888.001
13914	T	T	878.61	36.1064	65	65	0	0	0	878.61
13915	A	A	910.647	36.1187	66	66	910.647	0	0	0
13916	T	T	894.712	36.1064	65	65	0	0	0	894.712
13917	C	C	922.496	36.1064	65	64	0	922.496	0	0
13918	A	A	873.814	36.1064	65	65	873.814	0	0	0
13919	C	C	881.664	36.0938	64	62	0	881.664	0	0
13920	C	C	896.41	36.0675	62	62	0	896.41	0	0
13921	T	T	875.86	36.0809	63	63	0	0	0	875.86
13922	T	T	841.486	36.0538	61	61	0	0	0	841.486
13923	T	T	851.948	36.0538	61	61	0	0	0	851.948
13924	A	A	810.974	37	61	61	810.974	0	0	0
13925	C	C	816.363	37	59	57	0	816.363	0	0
13926	C	C	788.688	37	59	56	0	788.688	0	0
13927	G	G	789.564	37	58	56	0	0	789.564	0
13928	T	T	791.429	37	58	58	0	0	0	791.429
13929	T	T	780.696	37	57	57	0	0	0	780.696
13930	C	C	768.102	37	55	54	0	768.102	0	0
13931	T	T	770.819	37	56	56	0	0	0	770.819
13932	A	A	805.492	37	57	57	805.492	0	0	0
13933	G	G	823.632	37	58	57	0	0	823.632	0
13934	T	T	801.278	37	59	59	0	0	0	801.278
13935	A	A	861.077	37	60	60	861.077	0	0	0
13936	C	C	826.706	37	60	58	0	826.706	0	0
13937	T	T	850.789	37	64	64	0	0	0	850.789
13938	A	A	901.094	37	66	66	901.094	0	0	0
13939	C	C	925.361	37	67	65	0	925.361	0	0
13940	T	T	911.279	37	68	68	0	0	0	911.279
13941	T	T	888.998	37	66	66	0	0	0	888.998
13942	A	A	892.345	37	65	65	892.345	0	0	0
13943	C	C	906.962	37	64	63	0	906.962	0	0
13944	C	C	938.938	37	65	65	0	938.938	0	0
13945	A	A	886.761	37	64	64	886.761	0	0	0
13946	T	T	903.312	37	66	66	0	0	0	903.312
13947	T	T	891.162	37	65	65	0	0	0	891.162
13948	C	C	951.421	37	67	66	0	951.421	0	0
13949	T	T	929.257	37	68	68	0	0	0	929.257
13950	C	C	900.793	37	65	63	0	900.793	0	0
13951	G	G	891.833	37	65	63	0	0	891.833	0
13952	A	A	893.476	37	65	65	893.476	0	0	0
13953	G	G	950.761	37	67	66	0	0	950.761	0
13954	T	T	921.588	37	67	67	0	0	0	921.588
13955	T	T	886.754	37	65	65	0	0	0	886.754
13956	C	C	851.831	37	63	60	0	851.831	0	0
13957	G	G	903.373	37	64	63	0	0	903.373	0
13958	C	C	897.26	37	62	62	0	897.26	0	0
13959	T	T	872.892	37	62	62	0	0	0	872.892
13960	G	G	852.494	37	63	60	0	0	852.494	0
13961	T	T	879.098	37	63	63	0	0	0	879.098
13962	A	A	873.229	37	63	63	873.229	0	0	0
13963	G	G	909.492	37	64	63	0	0	909.492	0
13964	C	C	947.607	37	67	66	0	947.607	0	0
13965	C	C	914.079	37	68	65	0	914.079	0	0
13966	C	C	892.196	36.1187	66	63	0	892.196	0	0
13967	T	T	903.226	36.1422	68	68	0	0	0	903.226
13968	C	C	974.379	36.1535	69	68	0	974.379	0	0
13969	A	A	960.9	36.1535	69	69	960.9	0	0	0
13970	T	T	958.366	36.1645	70	70	0	0	0	958.366
13971	T	T	964.877	36.1752	71	71	0	0	0	964.877
13972	C	C	967.267	36.1422	68	67	0	967.267	0	0
13973	A	A	911.526	36.1422	68	68	911.526	0	0	0
13974	G	G	1018.34	36.1752	71	71	0	0	1018.34	0
13975	G	G	979.198	36.1422	68	68	0	0	979.198	0
13976	C	C	901.205	36.1306	67	64	0	901.205	0	0
13977	C	C	953.141	36.1187	66	66	0	953.141	0	0
13978	T	T	911.15	36.1422	68	68	0	0	0	911.15
13979	A	A	908.145	36.1306	67	67	908.145	0	0	0
13980	C	C	915.717	36.1422	68	65	0	915.717	0	0
13981	G	G	901.313	36.1187	66	63	0	0	901.313	0
13982	T	T	866.004	36.1064	65	65	0	0	0	866.004
13983	C	C	897.308	36.1306	67	64	0	897.308	0	0
13984	T	T	926.69	36.1535	69	69	0	0	0	926.69
13985	T	T	949.357	36.1535	69	69	0	0	0	949.357
13986	C	C	996.594	36.1535	69	69	0	996.594	0	0
13987	A	A	960.066	36.1752	71	71	960.066	0	0	0
13988	C	C	981.701	36.1535	69	68	0	981.701	0	0
13989	C	C	940.113	36.1187	66	65	0	940.113	0	0
13990	C	C	927.191	36.1187	66	65	0	927.191	0	0
13991	T	T	922.853	36.1306	67	67	0	0	0	922.853
13992	G	G	948.708	36.1422	68	66	0	0	948.708	0
13993	C	C	951.176	36.1535	69	67	0	951.176	0	0
13994	T	T	947.372	36.1422	68	68	0	0	0	947.372
13995	A	A	930.807	36.1422	68	68	930.807	0	0	0
13996	G	G	920.872	36.1306	67	65	0	0	920.872	0
13997	T	T	970.241	36.1535	69	69	0	0	0	970.241
13998	A	A	913.364	36.1422	68	68	913.364	0	0	0
13999	A	A	923.698	35.4454	69	69	923.698	0	0	0
14000	G	G	915.549	35.3864	66	64	0	0	915.549	0
14001	C	C	908.727	35.3445	64	63	0	908.727	0	0
14002	C	C	881.025	35.3003	62	61	0	881.025	0	0
14003	T	T	866.644	34.6188	61	61	0	0	0	866.644
14004	A	A	814.465	34.0472	61	61	814.465	0	0	0
14005	T	T	824.796	33.462	59	59	0	0	0	824.796
14006	A	A	807.226	33.462	59	59	807.226	0	0	0
14007	C	C	835.967	33.462	59	58	0	835.967	0	0
14008	C	C	836.873	33.0032	59	58	0	836.873	0	0
14009	T	T	794.052	32.9124	57	57	0	0	0	794.052
14010	A	A	738.936	32.8172	55	54	738.936	0	0	0
14011	C	C	777.522	32.8172	55	54	0	777.522	0	0
14012	A	A	769.074	32.8654	56	56	769.074	0	0	0
14013	C	C	807.866	32.8654	56	56	0	807.866	0	0
14014	G	G	778.728	32.8172	55	54	0	0	778.728	0
14015	A	A	778.047	32.8654	56	56	778.047	0	0	0
14016	T	T	761.253	32.8654	56	56	0	0	0	761.253
14017	A	A	764.379	32.8172	55	55	764.379	0	0	0
14018	A	A	762.881	32.9124	57	57	762.881	0	0	0
14019	C	C	792.447	32.8654	56	55	0	792.447	0	0
14020	A	A	710.06	32.7677	54	54	710.06	0	0	0
14021	C	C	779.846	32.8172	55	54	0	779.846	0	0
14022	T	T	757.34	32.7677	54	54	0	0	0	757.34
14023	T	T	718.69	32.6115	51	51	0	0	0	718.69
14024	A	A	654.315	32.5002	49	49	654.315	0	0	0
14025	A	A	674.081	32.1161	50	50	674.081	0	0	0
14026	T	T	687.929	31.7162	50	50	0	0	0	687.929
14027	G	G	680	31.7162	50	48	0	0	680	0
14028	A	A	635.989	31.1528	47	47	635.989	0	0	0
14029	C	C	674.928	30.4918	47	47	0	674.928	0	0
14030	T	T	659.064	30.5626	48	48	0	0	0	659.064
14031	C	C	687.53	30.5626	48	48	0	687.53	0	0
14032	A	A	661.443	30.5626	48	48	661.443	0	0	0
14033	C	C	676.558	30.4918	47	47	0	676.558	0	0
14034	C	C	676.542	29.9916	48	47	0	676.542	0	0
14035	A	A	674.745	29.8754	50	50	674.745	0	0	0
14036	A	C	711.958	29.7709	52	50	0	711.958	0	0
14037	A	A	665.971	29.6323	50	50	665.971	0	0	0
14038	C	C	730.844	29.5423	52	51	0	730.844	0	0
14039	A	A	719.17	29.4606	54	54	719.17	0	0	0
14040	C	C	729.447	29.1257	55	52	0	729.447	0	0
14041	A	T	726.251	29.191	56	56	0	0	0	726.251
14042	T	T	699.923	29.3213	55	55	0	0	0	699.923
14043	G	G	722.1	29.4606	54	51	0	0	722.1	0
14044	C	C	726.682	29.5261	55	52	0	726.682	0	0
14045	A	A	778.362	29.8046	56	56	778.362	0	0	0
14046	T	T	788.428	29.9275	58	58	0	0	0	788.428
14047	A	A	792.307	30.1513	58	58	792.307	0	0	0
14048	C	C	734.73	30.5576	61	54	0	734.73	0	0
14049	C	C	788.2	30.502	60	57	0	788.2	0	0
14050	A	A	816.997	30.5576	61	61	816.997	0	0	0
14051	T	T	820.777	31.1699	63	63	0	0	0	820.777
14052	A	A	818.981	31.6417	61	61	818.981	0	0	0
14053	T	T	824.685	32.3056	61	61	0	0	0	824.685
14054	A	A	838.399	32.3056	61	61	838.399	0	0	0
14055	G	G	852.055	32.258	60	59	0	0	852.055	0
14056	T	T	849.007	32.3977	63	63	0	0	0	849.007
14057	C	C	848.512	32.0567	63	60	0	848.512	0	0
14058	A	A	895.261	31.7884	64	64	895.261	0	0	0
14059	A	A	920.637	31.8814	66	66	920.637	0	0	0
14060	C	C	912.172	32.193	66	64	0	912.172	0	0
14061	C	C	914.914	32.5286	66	64	0	914.914	0	0
14062	C	C	936.963	32.5286	66	65	0	936.963	0	0
14063	A	A	940.956	32.5286	66	66	940.956	0	0	0
14064	A	A	939.43	32.5286	66	66	939.43	0	0	0
14065	G	G	929.321	32.5705	67	65	0	0	929.321	0
14066	C	C	919.198	32.8924	66	64	0	919.198	0	0
14067	C	C	981.825	32.9713	68	68	0	981.825	0	0
14068	C	C	948.248	32.9322	67	66	0	948.248	0	0
14069	A	A	957.538	33.0469	70	70	957.538	0	0	0
14070	T	T	930.205	33.3993	69	69	0	0	0	930.205
14071	G	G	1027.93	33.8916	71	71	0	0	1027.93	0
14072	A	A	1003.67	33.9225	72	72	1003.67	0	0	0
14073	C	C	985.313	33.9825	74	70	0	985.313	0	0
14074	C	C	1050.33	33.9825	74	73	0	1050.33	0	0
14075	A	A	1010.33	33.9825	74	74	1010.33	0	0	0
14076	C	C	982.315	33.9528	73	70	0	982.315	0	0
14077	T	T	1005.37	33.9225	72	72	0	0	0	1005.37
14078	A	A	983.552	33.9825	74	74	983.552	0	0	0
14079	A	A	933.628	33.9528	73	73	933.628	0	0	0
14080	C	C	997.119	33.86	70	69	0	997.119	0	0
14081	A	A	866.872	34.2434	67	67	866.872	0	0	0
14082	G	G	889.723	34.2735	68	64	0	0	889.723	0
14083	G	G	930.718	34.2126	66	65	0	0	930.718	0
14084	A	A	841.328	34.5884	60	60	841.328	0	0	0
14085	G	G	751.624	34.5572	59	55	0	0	751.624	0
14086	C	C	849.988	34.0116	60	59	0	849.988	0	0
14087	C	C	855.755	34.0819	62	60	0	855.755	0	0
14088	C	C	834.22	34.1157	63	59	0	834.22	0	0
14089	T	T	869.882	34.1488	64	64	0	0	0	869.882
14090	C	C	911.841	34.2434	67	64	0	911.841	0	0
14091	T	T	892.096	34.2126	66	66	0	0	0	892.096
14092	C	C	935.116	34.2126	66	65	0	935.116	0	0
14093	A	A	983.285	34.3318	70	70	983.285	0	0	0
14094	G	G	989.858	34.3599	71	69	0	0	989.858	0
14095	C	C	1007.83	34.3599	71	70	0	1007.83	0	0
14096	C	C	1009.79	34.3318	70	70	0	1009.79	0	0
14097	C	C	935	34.3318	70	66	0	935	0	0
14098	T	T	986.025	34.3599	71	71	0	0	0	986.025
14099	T	T	992.048	34.3875	72	72	0	0	0	992.048
14100	C	C	1009.8	34.885	71	70	0	1009.8	0	0
14101	T	T	972.448	34.885	71	71	0	0	0	972.448
14102	T	T	978.749	34.9083	72	72	0	0	0	978.749
14103	A	A	901.747	34.7862	67	67	901.747	0	0	0
14104	T	T	926.658	34.76	66	66	0	0	0	926.658
14105	A	A	894.553	34.76	66	66	894.553	0	0	0
14106	A	A	879.923	34.7331	65	65	879.923	0	0	0
14107	C	C	881.777	34.7056	64	62	0	881.777	0	0
14108	A	A	904.867	35.3657	65	65	904.867	0	0	0
14109	T	T	889.903	35.3864	66	66	0	0	0	889.903
14110	C	C	938.468	35.4641	70	67	0	938.468	0	0
14111	G	G	959.011	36.1535	69	67	0	0	959.011	0
14112	G	G	992.241	37	70	69	0	0	992.241	0
14113	G	G	970.348	37	71	68	0	0	970.348	0
14114	G	G	1015.66	37	72	71	0	0	1015.66	0
14115	C	C	942.991	37	68	66	0	942.991	0	0
14116	T	T	924.991	37	68	68	0	0	0	924.991
14117	A	A	960.005	37	70	70	960.005	0	0	0
14118	A	A	935.534	37	67	67	935.534	0	0	0
14119	T	T	944.874	37	67	67	0	0	0	944.874
14120	T	T	918.561	37	67	67	0	0	0	918.561
14121	A	A	947.581	37	68	68	947.581	0	0	0
14122	T	T	962.465	37	70	70	0	0	0	962.465
14123	G	G	949.085	37	69	67	0	0	949.085	0
14124	T	T	953.697	37	69	69	0	0	0	953.697
14125	G	G	915.107	37	66	64	0	0	915.107	0
14126	A	A	866.969	37	66	66	866.969	0	0	0
14127	T	T	903.22	37	63	63	0	0	0	903.22
14128	T	T	885.049	37	63	63	0	0	0	885.049
14129	T	T	880.387	37	62	62	0	0	0	880.387
14130	C	C	853.745	37	59	59	0	853.745	0	0
14131	A	A	768.267	37	57	57	768.267	0	0	0
14132	C	C	756.566	37	55	53	0	756.566	0	0
14133	T	T	804.003	37	57	57	0	0	0	804.003
14134	T	T	797.451	37	59	59	0	0	0	797.451
14135	T	T	780.118	37	58	58	0	0	0	780.118
14136	A	A	802.439	37	57	57	802.439	0	0	0
14137	A	A	800.309	37	56	56	800.309	0	0	0
14138	C	C	796.884	37	58	56	0	796.884	0	0
14139	T	T	799.171	37	58	58	0	0	0	799.171
14140	C	C	812.383	37	59	57	0	812.383	0	0
14141	T	T	833.463	37	61	61	0	0	0	833.463
14142	A	A	843.491	37	61	61	843.491	0	0	0
14143	T	T	824.653	37	60	60	0	0	0	824.653
14144	A	A	837.929	37	58	58	837.929	0	0	0
14145	C	C	836.923	37	58	58	0	836.923	0	0
14146	T	T	825.07	37	58	58	0	0	0	825.07
14147	C	C	866.288	37	60	60	0	866.288	0	0
14148	T	T	858.229	37	60	60	0	0	0	858.229
14149	T	T	844.983	37	59	59	0	0	0	844.983
14150	A	A	745.095	37	58	58	745.095	0	0	0
14151	T	T	765.776	37	54	54	0	0	0	765.776
14152	T	T	735.043	37	51	51	0	0	0	735.043
14153	A	A	680.224	37	51	51	680.224	0	0	0
14154	T	T	710.622	37	51	51	0	0	0	710.622
14155	T	T	690.774	37	49	49	0	0	0	690.774
14156	G	G	691.28	35.8504	49	48	0	0	691.28	0
14157	C	C	647.233	35.785	46	45	0	647.233	0	0
14158	T	T	653.357	34.8731	47	47	0	0	0	653.357
14159	A	A	706.287	34.9423	49	49	706.287	0	0	0
14160	G	T	672.95	34.9752	50	50	0	0	0	672.95
14161	G	G	685.903	34.9752	50	48	0	0	685.903	0
14162	C	C	695.895	35.0071	51	49	0	695.895	0	0
14163	C	C	721.191	34.9752	50	50	0	721.191	0	0
14164	T	T	724.433	35.0379	52	52	0	0	0	724.433
14165	T	T	710.112	35.0071	51	51	0	0	0	710.112
14166	A	A	701.883	35.0678	53	53	701.883	0	0	0
14167	C	C	749.673	35.0379	52	52	0	749.673	0	0
14168	A	A	700.694	35.0678	53	53	700.694	0	0	0
14169	A	A	675.189	34.9423	49	49	675.189	0	0	0
14170	C	C	691.314	34.9423	49	48	0	691.314	0	0
14171	C	C	650.381	34.9423	49	46	0	650.381	0	0
14172	A	A	660.622	34.9423	49	49	660.622	0	0	0
14173	A	A	635.691	34.9752	50	50	635.691	0	0	0
14174	T	T	689.102	35.0379	52	52	0	0	0	689.102
14175	A	A	672.801	35.0071	51	51	672.801	0	0	0
14176	T	T	667.545	34.9752	50	50	0	0	0	667.545
14177	A	A	635.105	34.9423	49	49	635.105	0	0	0
14178	C	C	646.21	35.7616	45	45	0	646.21	0	0
14179	T	T	629.054	35.785	46	46	0	0	0	629.054
14180	C	C	621.34	35.8504	49	45	0	621.34	0	0
14181	A	A	656.328	35.8077	47	47	656.328	0	0	0
14182	C	C	672.549	35.8294	48	47	0	672.549	0	0
14183	C	C	676.74	35.8504	49	48	0	676.74	0	0
14184	A	A	685.344	35.8707	50	50	685.344	0	0	0
14185	T	T	663.303	35.8504	49	49	0	0	0	663.303
14186	G	G	664.269	35.8707	50	47	0	0	664.269	0
14187	T	T	679.17	35.8902	51	51	0	0	0	679.17
14188	A	A	686.872	35.9091	52	52	686.872	0	0	0
14189	T	T	699.308	35.8902	51	51	0	0	0	699.308
14190	C	C	705.573	37	50	49	0	705.573	0	0
14191	A	A	708.859	37	51	51	708.859	0	0	0
14192	A	A	726.357	37	51	51	726.357	0	0	0
14193	T	T	674.722	37	50	50	0	0	0	674.722
14194	G	G	690.103	37	51	49	0	0	690.103	0
14195	G	G	722.352	37	50	50	0	0	722.352	0
14196	T	T	712.846	37	51	51	0	0	0	712.846
14197	G	G	747.751	37	52	52	0	0	747.751	0
14198	A	A	683.336	37	50	50	683.336	0	0	0
14199	C	C	708.384	37	50	49	0	708.384	0	0
14200	G	G	719.582	37	51	50	0	0	719.582	0
14201	G	G	672.283	37	49	47	0	0	672.283	0
14202	G	G	735.829	37	52	51	0	0	735.829	0
14203	A	A	698.151	37	50	50	698.151	0	0	0
14204	T	T	681.763	37	50	50	0	0	0	681.763
14205	A	A	704.252	37	51	51	704.252	0	0	0
14206	T	T	695.76	35.9091	52	52	0	0	0	695.76
14207	T	T	736.295	35.0968	54	54	0	0	0	736.295
14208	A	A	789.585	35.1787	57	57	789.585	0	0	0
14209	T	T	732.822	35.1787	57	57	0	0	0	732.822
14210	T	T	747.851	35.1787	57	57	0	0	0	747.851
14211	C	C	802.101	35.1787	57	56	0	802.101	0	0
14212	G	G	810.021	35.1522	56	56	0	0	810.021	0
14213	A	A	792.694	35.1522	56	56	792.694	0	0	0
14214	G	G	750.423	35.1249	55	53	0	0	750.423	0
14215	A	A	786.135	35.1522	56	56	786.135	0	0	0
14216	G	G	821.621	35.1787	57	57	0	0	821.621	0
14217	A	A	801.498	35.1787	57	57	801.498	0	0	0
14218	G	G	778.901	35.2294	59	55	0	0	778.901	0
14219	T	T	808.54	34.5884	60	60	0	0	0	808.54
14220	A	A	827.053	34.0116	60	60	827.053	0	0	0
14221	C	C	793.989	33.9752	59	56	0	793.989	0	0
14222	A	A	816.938	34.0116	60	60	816.938	0	0	0
14223	T	T	798.86	33.9378	58	58	0	0	0	798.86
14224	T	T	815.328	33.9378	58	58	0	0	0	815.328
14225	T	T	828.452	34.0472	61	61	0	0	0	828.452
14226	C	C	793.611	33.9752	59	56	0	793.611	0	0
14227	A	A	814.352	33.9378	58	58	814.352	0	0	0
14228	A	A	847.135	33.5421	61	61	847.135	0	0	0
14229	G	G	880.178	33.5807	62	61	0	0	880.178	0
14230	G	T	845.877	33.1315	62	62	0	0	0	845.877
14231	C	C	843.372	33.6553	64	60	0	843.372	0	0
14232	C	C	885.756	33.761	67	63	0	885.756	0	0
14233	A	A	943.643	33.8916	71	71	943.643	0	0	0
14234	T	T	917.574	33.86	70	70	0	0	0	917.574
14235	C	C	1001.18	33.9225	72	70	0	1001.18	0	0
14236	A	A	967.9	33.9825	74	74	967.9	0	0	0
14237	C	C	980.332	33.8916	71	69	0	980.332	0	0
14238	A	A	926.629	33.7947	68	68	926.629	0	0	0
14239	C	C	928.068	33.761	67	65	0	928.068	0	0
14240	T	T	888.513	33.6913	65	65	0	0	0	888.513
14241	C	C	932.394	33.761	67	65	0	932.394	0	0
14242	C	C	967.618	34.2434	67	67	0	967.618	0	0
14243	T	T	910.403	34.1811	65	65	0	0	0	910.403
14244	G	G	964.337	34.2735	68	67	0	0	964.337	0
14245	T	T	922.971	34.2434	67	67	0	0	0	922.971
14246	T	T	929.675	34.2434	67	67	0	0	0	929.675
14247	G	G	896.286	34.2126	66	63	0	0	896.286	0
14248	T	T	909.502	34.8118	68	68	0	0	0	909.502
14249	C	C	980.144	34.8118	68	68	0	980.144	0	0
14250	C	C	965.371	34.8118	68	67	0	965.371	0	0
14251	A	A	929.762	34.76	66	66	929.762	0	0	0
14252	A	A	930.071	34.76	66	66	930.071	0	0	0
14253	A	A	930.552	34.76	66	66	930.552	0	0	0
14254	A	A	946.015	34.7862	67	67	946.015	0	0	0
14255	G	G	958.575	34.8612	70	68	0	0	958.575	0
14256	G	G	982.277	34.9083	72	69	0	0	982.277	0
14257	G	G	996.771	34.9311	73	70	0	0	996.771	0
14258	A	A	985.179	34.9311	73	73	985.179	0	0	0
14259	C	C	1019.52	34.9311	73	71	0	1019.52	0	0
14260	T	T	986.749	34.9083	72	72	0	0	0	986.749
14261	G	G	1025.11	35.4824	71	71	0	0	1025.11	0
14262	C	C	949.272	35.5346	74	68	0	949.272	0	0
14263	G	G	1035.67	36.1959	73	72	0	0	1035.67	0
14264	G	G	1108.86	36.2342	77	77	0	0	1108.86	0
14265	T	T	1016.8	36.2249	76	76	0	0	0	1016.8
14266	A	A	970.182	36.1857	72	72	970.182	0	0	0
14267	C	C	1038.29	35.5176	73	72	0	1038.29	0	0
14268	G	G	969.15	35.4824	71	68	0	0	969.15	0
14269	G	G	975.877	35.4454	69	68	0	0	975.877	0
14270	A	A	947.788	36.1535	69	69	947.788	0	0	0
14271	A	A	920.4	36.1306	67	67	920.4	0	0	0
14272	T	T	942.123	36.1306	67	67	0	0	0	942.123
14273	A	A	896.759	36.1422	68	68	896.759	0	0	0
14274	G	G	927.808	36.1306	67	65	0	0	927.808	0
14275	T	T	953.25	36.1645	70	70	0	0	0	953.25
14276	C	C	965.687	36.1422	68	67	0	965.687	0	0
14277	C	C	895.183	36.1187	66	63	0	895.183	0	0
14278	T	T	864.012	36.0809	63	63	0	0	0	864.012
14279	A	A	859.835	36.0675	62	62	859.835	0	0	0
14280	T	T	877.297	36.0809	63	63	0	0	0	877.297
14281	T	T	895.941	36.1187	66	66	0	0	0	895.941
14282	T	T	905.311	36.1187	66	66	0	0	0	905.311
14283	A	A	887.301	36.1187	66	66	887.301	0	0	0
14284	T	T	866.597	36.0809	63	63	0	0	0	866.597
14285	C	C	919.603	36.1064	65	64	0	919.603	0	0
14286	G	G	870.441	36.1064	65	62	0	0	870.441	0
14287	T	T	898.694	36.1064	65	65	0	0	0	898.694
14288	A	A	855.036	36.0938	64	64	855.036	0	0	0
14289	T	T	870.052	36.0938	64	64	0	0	0	870.052
14290	C	C	878.212	36.0675	62	61	0	878.212	0	0
14291	A	A	825.297	36.0538	61	61	825.297	0	0	0
14292	G	G	808.712	36.0397	60	57	0	0	808.712	0
14293	A	A	772.202	35.9945	57	57	772.202	0	0	0
14294	A	A	760.698	36.01	58	58	760.698	0	0	0
14295	G	G	781.292	35.9945	57	55	0	0	781.292	0
14296	T	T	793.554	35.9785	56	56	0	0	0	793.554
14297	A	A	754.551	35.9945	57	57	754.551	0	0	0
14298	T	T	762.786	35.9945	57	57	0	0	0	762.786
14299	T	T	737.113	35.962	55	55	0	0	0	737.113
14300	C	C	760.698	37	54	53	0	760.698	0	0
14301	T	T	709.072	37	52	52	0	0	0	709.072
14302	T	T	745.429	37	55	55	0	0	0	745.429
14303	C	C	806.879	37	57	56	0	806.879	0	0
14304	T	T	781.521	37	57	57	0	0	0	781.521
14305	T	T	785.936	37	57	57	0	0	0	785.936
14306	T	T	755.036	37	56	56	0	0	0	755.036
14307	G	G	740.979	37	54	52	0	0	740.979	0
14308	C	C	766.221	37	53	53	0	766.221	0	0
14309	A	A	731.231	37	55	55	731.231	0	0	0
14310	G	G	736.836	37	55	52	0	0	736.836	0
14311	G	G	775.116	37	55	54	0	0	775.116	0
14312	A	A	779.249	37	58	58	779.249	0	0	0
14313	T	T	724.437	37	55	55	0	0	0	724.437
14314	T	T	733.065	37	55	55	0	0	0	733.065
14315	C	C	765.8	37	55	54	0	765.8	0	0
14316	T	T	734.627	37	55	55	0	0	0	734.627
14317	T	T	765.669	37	56	56	0	0	0	765.669
14318	C	C	753.347	37	54	53	0	753.347	0	0
14319	T	T	721.874	37	52	52	0	0	0	721.874
14320	G	G	734.268	37	52	51	0	0	734.268	0
14321	A	A	721.736	37	54	54	721.736	0	0	0
14322	G	G	740.163	37	54	52	0	0	740.163	0
14323	C	C	761.54	37	54	53	0	761.54	0	0
14324	T	T	749.476	37	56	56	0	0	0	749.476
14325	T	T	742.788	37	56	56	0	0	0	742.788
14326	T	T	704.063	37	52	52	0	0	0	704.063
14327	T	T	717.454	37	54	54	0	0	0	717.454
14328	T	T	721.488	37	55	55	0	0	0	721.488
14329	A	A	737.825	37	55	55	737.825	0	0	0
14330	T	T	749.817	37	56	56	0	0	0	749.817
14331	C	C	720.296	37	54	51	0	720.296	0	0
14332	A	A	727.976	37	56	56	727.976	0	0	0
14333	C	C	754.253	37	54	53	0	754.253	0	0
14334	T	T	732.427	37	54	54	0	0	0	732.427
14335	C	C	747.369	37	52	52	0	747.369	0	0
14336	A	A	698.269	37	50	50	698.269	0	0	0
14337	A	A	706.657	35.8707	50	50	706.657	0	0	0
14338	G	G	736.825	35.9091	52	51	0	0	736.825	0
14339	C	C	748.277	35.0379	52	52	0	748.277	0	0
14340	C	C	741.094	35.0968	54	52	0	741.094	0	0
14341	T	T	722.378	35.0968	54	54	0	0	0	722.378
14342	A	A	792.254	35.1522	56	56	792.254	0	0	0
14343	G	G	808.523	35.1787	57	56	0	0	808.523	0
14344	C	C	817.493	34.5251	58	57	0	817.493	0	0
14345	A	A	820.804	34.5251	58	58	820.804	0	0	0
14346	C	C	861.617	34.0116	60	60	0	861.617	0	0
14347	C	C	802.005	34.0472	61	57	0	802.005	0	0
14348	C	C	813.581	33.9752	59	57	0	813.581	0	0
14349	A	A	813.819	34.0116	60	60	813.819	0	0	0
14350	C	C	880.153	34.0472	61	61	0	880.153	0	0
14351	T	T	842.553	34.0116	60	60	0	0	0	842.553
14352	C	C	819.993	33.5025	60	58	0	819.993	0	0
14353	C	C	829.544	33.5807	62	59	0	829.544	0	0
14354	C	C	831.727	33.5421	61	59	0	831.727	0	0
14355	G	T	852.94	33.7266	66	66	0	0	0	852.94
14356	A	A	909.79	33.7266	66	66	909.79	0	0	0
14357	A	A	906.062	33.761	67	67	906.062	0	0	0
14358	C	C	978.316	33.7947	68	68	0	978.316	0	0
14359	T	T	892.134	33.761	67	67	0	0	0	892.134
14360	A	A	884.909	33.6913	65	65	884.909	0	0	0
14361	G	G	895.383	33.6553	64	63	0	0	895.383	0
14362	G	G	861.14	34.0819	62	60	0	0	861.14	0
14363	A	A	854.725	34.1157	63	63	854.725	0	0	0
14364	G	G	890.784	34.1811	65	63	0	0	890.784	0
14365	C	C	897.897	34.2126	66	63	0	897.897	0	0
14366	A	A	920.457	34.76	66	66	920.457	0	0	0
14367	T	T	871.637	34.76	66	66	0	0	0	871.637
14368	G	G	943.606	34.7862	67	66	0	0	943.606	0
14369	C	C	876.172	34.76	66	62	0	876.172	0	0
14370	T	T	915.201	34.7862	67	67	0	0	0	915.201
14371	G	G	968.69	34.8118	68	67	0	0	968.69	0
14372	A	A	946.555	35.4066	67	67	946.555	0	0	0
14373	C	C	936.905	35.4262	68	66	0	936.905	0	0
14374	C	C	946.825	35.4262	68	66	0	946.825	0	0
14375	A	A	959.158	35.5002	72	72	959.158	0	0	0
14376	C	C	1008.9	35.4824	71	70	0	1008.9	0	0
14377	C	C	989.605	35.4824	71	69	0	989.605	0	0
14378	C	C	931.081	35.4641	70	66	0	931.081	0	0
14379	A	A	896.855	35.3864	66	66	896.855	0	0	0
14380	C	C	888.504	35.3445	64	62	0	888.504	0	0
14381	A	A	869.759	35.3227	63	63	869.759	0	0	0
14382	G	G	879.33	35.3003	62	61	0	0	879.33	0
14383	G	G	855.274	35.2773	61	60	0	0	855.274	0
14384	T	T	869.878	35.3003	62	62	0	0	0	869.878
14385	A	A	839.66	35.3227	63	63	839.66	0	0	0
14386	T	T	859.197	35.2773	61	61	0	0	0	859.197
14387	T	T	845.24	35.3003	62	62	0	0	0	845.24
14388	A	A	836.525	35.3003	62	62	836.525	0	0	0
14389	C	C	827.311	35.2537	60	58	0	827.311	0	0
14390	T	T	822.647	35.2773	61	61	0	0	0	822.647
14391	C	C	799.524	35.2537	60	57	0	799.524	0	0
14392	C	C	878.091	34.6485	62	61	0	878.091	0	0
14393	C	C	857.844	34.6485	62	60	0	857.844	0	0
14394	C	C	891.414	34.6774	63	62	0	891.414	0	0
14395	T	T	822.987	34.5572	59	59	0	0	0	822.987
14396	A	A	842.182	34.6485	62	62	842.182	0	0	0
14397	A	A	811.637	34.6188	61	61	811.637	0	0	0
14398	A	A	797.939	34.5884	60	60	797.939	0	0	0
14399	C	C	865.956	34.5884	60	60	0	865.956	0	0
14400	C	C	837.787	34.5251	58	58	0	837.787	0	0
14401	C	C	836.805	34.5251	58	58	0	836.805	0	0
14402	G	G	773.6	33.86	56	54	0	0	773.6	0
14403	C	C	792.579	33.86	56	55	0	792.579	0	0
14404	T	T	768.252	33.86	56	56	0	0	0	768.252
14405	A	A	742.888	33.778	54	54	742.888	0	0	0
14406	G	G	724.447	33.8195	55	52	0	0	724.447	0
14407	A	A	763.568	32.8654	56	56	763.568	0	0	0
14408	A	A	779.091	32.5407	58	58	779.091	0	0	0
14409	G	G	809.813	32.2094	59	57	0	0	809.813	0
14410	T	T	756.959	32.4422	56	56	0	0	0	756.959
14411	C	C	807.513	32.4422	56	56	0	807.513	0	0
14412	C	C	759.512	32.3389	54	53	0	759.512	0	0
14413	C	C	737.678	32.174	51	51	0	737.678	0	0
14414	A	A	691.568	32.174	51	51	691.568	0	0	0
14415	C	C	693.524	32.0567	49	48	0	693.524	0	0
14416	T	T	682.02	32.0567	49	49	0	0	0	682.02
14417	T	T	686.193	32.1161	50	50	0	0	0	686.193
14418	C	C	654.595	32.1161	50	47	0	654.595	0	0
14419	T	T	694.752	32.174	51	51	0	0	0	694.752
14420	C	C	709.077	32.6115	51	50	0	709.077	0	0
14421	A	A	747.012	32.7677	54	54	747.012	0	0	0
14422	A	A	729.231	32.6115	51	51	729.231	0	0	0
14423	C	C	723.232	32.2304	52	51	0	723.232	0	0
14424	A	A	741.611	32.2854	53	53	741.611	0	0	0
14425	C	C	751.623	32.3389	54	53	0	751.623	0	0
14426	T	T	760.725	32.3912	55	55	0	0	0	760.725
14427	T	G	760.401	31.7026	56	54	0	0	760.401	0
14428	C	C	790.629	32.0567	56	55	0	790.629	0	0
14429	G	G	741.508	32.1088	57	53	0	0	741.508	0
14430	G	G	739.038	32.5407	58	53	0	0	739.038	0
14431	T	T	729.462	32.3912	55	55	0	0	0	729.462
14432	A	A	734.049	32.8654	56	56	734.049	0	0	0
14433	C	C	773.672	32.7677	54	54	0	773.672	0	0
14434	T	T	717.629	32.7677	54	54	0	0	0	717.629
14435	T	T	725.985	32.7677	54	54	0	0	0	725.985
14436	C	C	777.074	32.7677	54	54	0	777.074	0	0
14437	T	T	721.496	32.7677	54	54	0	0	0	721.496
14438	T	T	720.98	32.7677	54	54	0	0	0	720.98
14439	G	G	780.027	32.8172	55	54	0	0	780.027	0
14440	C	C	741.273	32.7677	54	52	0	741.273	0	0
14441	A	A	746.815	32.7677	54	54	746.815	0	0	0
14442	T	T	754.894	32.8172	55	55	0	0	0	754.894
14443	C	C	805.645	32.492	57	56	0	805.645	0	0
14444	C	C	803.574	32.492	57	56	0	803.574	0	0
14445	G	G	811.829	32.2094	59	57	0	0	811.829	0
14446	G	G	863.784	32.3056	61	60	0	0	863.784	0
14447	A	A	820.188	32.258	60	60	820.188	0	0	0
14448	G	G	825.236	32.3056	61	58	0	0	825.236	0
14449	T	T	804.773	32.6346	60	60	0	0	0	804.773
14450	G	G	804.42	32.5882	59	57	0	0	804.42	0
14451	T	T	793.656	32.492	57	57	0	0	0	793.656
14452	C	C	824.026	32.492	57	57	0	824.026	0	0
14453	C	C	766.538	32.4422	56	54	0	766.538	0	0
14454	A	A	799.016	32.1597	58	58	799.016	0	0	0
14455	T	T	806.809	32.1088	57	57	0	0	0	806.809
14456	T	T	794.242	32.0567	56	56	0	0	0	794.242
14457	A	A	745.358	32.0033	55	55	745.358	0	0	0
14458	C	C	762.956	31.9487	54	53	0	762.956	0	0
14459	C	C	742.784	31.8927	53	52	0	742.784	0	0
14460	T	T	749.621	31.8354	52	52	0	0	0	749.621
14461	G	C	699.322	31.7162	50	49	0	699.322	0	0
14462	A	A	666.407	31.6543	49	49	666.407	0	0	0
14463	G	G	654.241	31.5907	48	46	0	0	654.241	0
14464	C	C	689.077	31.6543	49	48	0	689.077	0	0
14465	T	T	693.587	31.7162	50	50	0	0	0	693.587
14466	C	C	672.167	32.0567	49	47	0	672.167	0	0
14467	A	A	652.237	32.1161	50	50	652.237	0	0	0
14468	C	C	646.328	32.5002	49	46	0	646.328	0	0
14469	C	C	673.375	32.4422	48	47	0	673.375	0	0
14470	A	A	650.346	32.9401	48	48	650.346	0	0	0
14471	C	C	658.97	32.8844	47	46	0	658.97	0	0
14472	A	A	634.751	32.9401	48	48	634.751	0	0	0
14473	G	G	649.746	32.9401	48	46	0	0	649.746	0
14474	C	C	659.509	34.0588	46	46	0	659.509	0	0
14475	T	T	644.514	34.1045	47	47	0	0	0	644.514
14476	T	T	643.301	34.1488	48	48	0	0	0	643.301
14477	A	A	668.639	34.1045	47	47	668.639	0	0	0
14478	A	A	659.272	34.1045	47	47	659.272	0	0	0
14479	T	T	632.317	34.0588	46	46	0	0	0	632.317
14480	A	A	699.614	34.1917	49	49	699.614	0	0	0
14481	G	G	633.863	34.2332	50	46	0	0	633.863	0
14482	A	A	690.099	34.2332	50	50	690.099	0	0	0
14483	G	G	735.383	35.0071	51	51	0	0	735.383	0
14484	G	G	721.244	35.0071	51	50	0	0	721.244	0
14485	G	G	736.43	35.0379	52	51	0	0	736.43	0
14486	A	A	712.77	37	50	50	712.77	0	0	0
14487	A	A	694.101	37	49	49	694.101	0	0	0
14488	G	G	721.899	37	50	50	0	0	721.899	0
14489	C	C	723.112	37	50	50	0	723.112	0	0
14490	C	C	723.557	37	51	50	0	723.557	0	0
14491	G	G	715.756	37	51	50	0	0	715.756	0
14492	C	C	733.823	37	51	51	0	733.823	0	0
14493	A	A	728.332	37	54	54	728.332	0	0	0
14494	A	A	722.453	37	54	54	722.453	0	0	0
14495	G	G	772.756	35.962	55	54	0	0	772.756	0
14496	C	C	701.711	34.4582	56	51	0	701.711	0	0
14497	A	A	727.147	34.4921	57	57	727.147	0	0	0
14498	C	C	709.674	34.3875	54	51	0	709.674	0	0
14499	A	A	717.214	34.4234	55	55	717.214	0	0	0
14500	T	T	714.859	34.3875	54	54	0	0	0	714.859
14501	A	A	738.742	33.8195	55	55	738.742	0	0	0
14502	C	C	734.364	33.7353	53	52	0	734.364	0	0
14503	T	T	721.438	33.8195	55	55	0	0	0	721.438
14504	C	C	788.747	33.3343	56	55	0	788.747	0	0
14505	C	C	802.801	33.3779	57	56	0	802.801	0	0
14506	A	A	768.127	33.3343	56	56	768.127	0	0	0
14507	A	A	760.099	33.3343	56	56	760.099	0	0	0
14508	G	G	791.908	32.8654	56	55	0	0	791.908	0
14509	C	C	754.18	32.7677	54	53	0	754.18	0	0
14510	C	C	740.358	32.8654	56	53	0	740.358	0	0
14511	C	C	786.96	33.0469	60	56	0	786.96	0	0
14512	T	T	775.212	32.9583	58	58	0	0	0	775.212
14513	A	A	826.079	32.5882	59	59	826.079	0	0	0
14514	T	T	783.591	32.2094	59	59	0	0	0	783.591
14515	T	T	818.585	31.6417	61	61	0	0	0	818.585
14516	C	C	851.341	31.4458	63	60	0	851.341	0	0
14517	A	A	852.017	31.1699	63	63	852.017	0	0	0
14518	T	T	864.192	31.2203	64	64	0	0	0	864.192
14519	T	T	853.237	31.1184	62	62	0	0	0	853.237
14520	A	A	793.976	31.2919	60	60	793.976	0	0	0
14521	C	C	814.578	31.1837	58	57	0	814.578	0	0
14522	T	T	823.946	30.3242	61	61	0	0	0	823.946
14523	A	A	820.088	30.2101	59	59	820.088	0	0	0
14524	T	T	804.078	30.2101	59	59	0	0	0	804.078
14525	T	T	789.465	30.2101	59	59	0	0	0	789.465
14526	T	T	800.381	30.2677	60	60	0	0	0	800.381
14527	C	C	891.725	30.3795	62	62	0	891.725	0	0
14528	T	T	840.546	30.1587	62	62	0	0	0	840.546
14529	C	A	850.053	30.1026	61	61	850.053	0	0	0
14530	T	T	835.556	30.1026	61	61	0	0	0	835.556
14531	A	A	843.138	30.1026	61	61	843.138	0	0	0
14532	G	G	874.408	30.0044	63	61	0	0	874.408	0
14533	G	G	841.974	30.0044	63	60	0	0	841.974	0
14534	C	C	908.067	30.0044	63	63	0	908.067	0	0
14535	G	G	853.229	30.0044	63	60	0	0	853.229	0
14536	T	T	850.988	29.9487	62	62	0	0	0	850.988
14537	G	G	893.962	30.2138	63	62	0	0	893.962	0
14538	T	T	851.203	30.3242	61	61	0	0	0	851.203
14539	A	A	831.062	30.502	60	60	831.062	0	0	0
14540	C	C	880.628	30.5576	61	61	0	880.628	0	0
14541	T	T	850.465	30.5576	61	61	0	0	0	850.465
14542	T	T	846.838	30.5576	61	61	0	0	0	846.838
14543	T	T	865.605	30.487	64	64	0	0	0	865.605
14544	A	A	828.784	30.1587	62	62	828.784	0	0	0
14545	C	A	811.959	30.1026	61	61	811.959	0	0	0
14546	A	A	802.506	30.1026	61	61	802.506	0	0	0
14547	C	C	792.961	30.03	56	55	0	792.961	0	0
14548	T	T	799.968	30.03	56	56	0	0	0	799.968
14549	C	C	794.928	30.2677	56	55	0	794.928	0	0
14550	C	C	793.277	30.7266	55	55	0	793.277	0	0
14551	T	T	771.124	30.7266	55	55	0	0	0	771.124
14552	A	A	781.212	30.9017	58	58	781.212	0	0	0
14553	C	C	761.968	31.1278	57	54	0	761.968	0	0
14554	A	A	742.09	31.3752	56	56	742.09	0	0	0
14555	A	A	732.056	31.6473	55	55	732.056	0	0	0
14556	G	G	782.174	31.7566	57	55	0	0	782.174	0
14557	C	C	759.226	32.2094	59	54	0	759.226	0	0
14558	C	C	831.194	32.2094	59	58	0	831.194	0	0
14559	T	T	736.163	32.8654	56	56	0	0	0	736.163
14560	C	C	802.556	32.9124	57	56	0	802.556	0	0
14561	A	A	767.47	32.9124	57	57	767.47	0	0	0
14562	G	G	785.538	32.9124	57	55	0	0	785.538	0
14563	A	A	774.136	33.3779	57	57	774.136	0	0	0
14564	G	G	819.552	33.3779	57	57	0	0	819.552	0
14565	T	T	766.745	33.3343	56	56	0	0	0	766.745
14566	A	A	769.244	33.2895	55	55	769.244	0	0	0
14567	C	C	740.319	33.1964	53	52	0	740.319	0	0
14568	T	T	771.165	33.3779	57	57	0	0	0	771.165
14569	A	A	799.361	33.462	59	59	799.361	0	0	0
14570	T	T	822.193	33.0897	61	61	0	0	0	822.193
14571	G	G	739.661	33.5025	60	54	0	0	739.661	0
14572	A	A	818.379	34.0116	60	60	818.379	0	0	0
14573	G	G	744.216	33.9752	59	54	0	0	744.216	0
14574	G	G	776.306	34.5251	58	55	0	0	776.306	0
14575	C	C	811.685	35.2044	58	57	0	811.685	0	0
14576	A	A	780.384	35.1787	57	57	780.384	0	0	0
14577	T	T	803.573	36.01	58	58	0	0	0	803.573
14578	C	C	874.766	36.0538	61	61	0	874.766	0	0
14579	C	C	838.882	36.0538	61	59	0	838.882	0	0
14580	T	T	825.424	36.0675	62	62	0	0	0	825.424
14581	T	T	837.622	36.0938	64	64	0	0	0	837.622
14582	C	C	906.757	36.0809	63	63	0	906.757	0	0
14583	A	A	824.693	36.0809	63	63	824.693	0	0	0
14584	C	C	902.731	36.1064	65	63	0	902.731	0	0
14585	T	T	832.6	36.0675	62	62	0	0	0	832.6
14586	A	A	881.753	35.3657	65	65	881.753	0	0	0
14587	T	T	869.86	35.3657	65	65	0	0	0	869.86
14588	T	T	814.01	35.2773	61	61	0	0	0	814.01
14589	T	T	835.635	35.2773	61	61	0	0	0	835.635
14590	C	C	818.485	35.3003	62	59	0	818.485	0	0
14591	A	A	825.83	35.2773	61	61	825.83	0	0	0
14592	G	G	814.569	35.2773	61	58	0	0	814.569	0
14593	A	A	879.471	35.3445	64	64	879.471	0	0	0
14594	T	T	882.869	35.3657	65	65	0	0	0	882.869
14595	G	G	920.442	35.3657	65	64	0	0	920.442	0
14596	G	G	861.437	35.3003	62	60	0	0	861.437	0
14597	A	A	870.715	36.0675	62	62	870.715	0	0	0
14598	G	G	894.656	36.0675	62	62	0	0	894.656	0
14599	T	T	855.171	36.0675	62	62	0	0	0	855.171
14600	C	G	882.076	36.0938	64	62	0	0	882.076	0
14601	T	T	891.866	36.1306	67	67	0	0	0	891.866
14602	A	A	928.699	36.1306	67	67	928.699	0	0	0
14603	C	C	919.844	36.1422	68	65	0	919.844	0	0
14604	G	G	981.967	36.1422	68	68	0	0	981.967	0
14605	G	G	944.054	36.1306	67	66	0	0	944.054	0
14606	C	C	982.548	36.1422	68	68	0	982.548	0	0
14607	T	T	931.268	36.1306	67	67	0	0	0	931.268
14608	C	C	924.592	36.1535	69	65	0	924.592	0	0
14609	A	A	926.126	36.1422	68	68	926.126	0	0	0
14610	A	A	964.764	36.1752	71	71	964.764	0	0	0
14611	C	C	1009.39	36.2058	74	71	0	1009.39	0	0
14612	T	T	949.491	37	71	71	0	0	0	949.491
14613	T	T	939.609	37	69	69	0	0	0	939.609
14614	T	T	958.296	37	72	72	0	0	0	958.296
14615	T	T	959.224	37	70	70	0	0	0	959.224
14616	T	T	984.002	37	71	71	0	0	0	984.002
14617	T	T	974.989	37	70	70	0	0	0	974.989
14618	C	C	938.541	37	69	66	0	938.541	0	0
14619	A	A	927.894	37	68	68	927.894	0	0	0
14620	T	T	926.969	37	65	65	0	0	0	926.969
14621	A	A	902.146	37	67	67	902.146	0	0	0
14622	G	G	869.289	37	68	63	0	0	869.289	0
14623	C	C	948.058	36.1422	68	66	0	948.058	0	0
14624	G	G	896.948	36.1064	65	63	0	0	896.948	0
14625	A	A	846.014	36.0938	64	64	846.014	0	0	0
14626	C	C	898.734	36.1064	65	63	0	898.734	0	0
14627	T	T	806.189	36.0251	59	59	0	0	0	806.189
14628	G	G	833.636	36.01	58	58	0	0	833.636	0
14629	G	G	776.534	35.9945	57	55	0	0	776.534	0
14630	A	A	821.914	36.0397	60	60	821.914	0	0	0
14631	T	T	811.019	36.01	58	58	0	0	0	811.019
14632	T	T	799.204	36.0251	59	59	0	0	0	799.204
14633	T	T	806.216	36.0251	59	59	0	0	0	806.216
14634	C	C	859.464	36.0538	61	60	0	859.464	0	0
14635	A	A	832.808	36.0538	61	61	832.808	0	0	0
14636	C	C	832.893	36.0538	61	59	0	832.893	0	0
14637	G	G	892.859	36.0809	63	62	0	0	892.859	0
14638	G	G	896.35	36.0675	62	62	0	0	896.35	0
14639	A	A	855.644	36.0675	62	62	855.644	0	0	0
14640	C	C	848.164	35.4066	67	61	0	848.164	0	0
14641	T	T	875.09	35.4262	68	68	0	0	0	875.09
14642	T	T	913.864	35.4262	68	68	0	0	0	913.864
14643	C	C	962.471	35.4262	68	67	0	962.471	0	0
14644	A	A	887.565	35.3864	66	66	887.565	0	0	0
14645	T	T	878.174	36.0809	63	62	0	0	0	878.174
14646	G	G	837.261	36.0675	62	59	0	0	837.261	0
14647	T	T	858.656	36.0397	60	60	0	0	0	858.656
14648	A	A	820.107	36.0397	60	60	820.107	0	0	0
14649	A	A	797.004	36.0251	59	59	797.004	0	0	0
14650	T	T	826.166	36.0251	59	59	0	0	0	826.166
14651	C	C	864.137	36.0397	60	60	0	864.137	0	0
14652	A	A	809.408	36.0397	60	60	809.408	0	0	0
14653	T	T	809.491	36.0251	59	59	0	0	0	809.491
14654	T	T	792.066	36.01	58	58	0	0	0	792.066
14655	G	G	786.974	35.9945	57	55	0	0	786.974	0
14656	G	G	820.256	36.01	58	57	0	0	820.256	0
14657	C	C	790.453	36.0397	60	57	0	790.453	0	0
14658	T	T	805.955	36.0251	59	59	0	0	0	805.955
14659	C	C	661.803	35.9785	56	50	0	661.803	0	0
14660	A	A	805.782	36.01	58	58	805.782	0	0	0
14661	A	A	800.525	36.01	58	58	800.525	0	0	0
14662	C	C	775.533	35.9785	56	54	0	775.533	0	0
14663	T	T	798.879	36.0251	59	59	0	0	0	798.879
14664	T	T	790.911	36.01	58	58	0	0	0	790.911
14665	T	T	807.826	36.01	58	58	0	0	0	807.826
14666	T	T	820.211	36.0397	60	60	0	0	0	820.211
14667	C	C	845.367	35.2537	60	59	0	845.367	0	0
14668	T	T	833.049	35.2537	60	60	0	0	0	833.049
14669	C	C	860.4	35.2773	61	60	0	860.4	0	0
14670	A	A	831.854	35.2773	61	61	831.854	0	0	0
14671	C	C	862.989	35.2773	61	60	0	862.989	0	0
14672	A	A	762.036	35.2044	58	58	762.036	0	0	0
14673	G	G	796.762	35.2044	58	56	0	0	796.762	0
14674	T	T	792.333	35.2044	58	57	0	0	0	792.333
14675	C	C	776.112	35.2294	59	55	0	776.112	0	0
14676	T	T	781.229	35.1787	57	57	0	0	0	781.229
14677	G	G	761.909	35.945	54	53	0	0	761.909	0
14678	T	T	759.257	35.9785	56	56	0	0	0	759.257
14679	T	T	736.877	35.962	55	55	0	0	0	736.877
14680	T	T	720.096	35.9273	53	53	0	0	0	720.096
14681	C	C	756.649	35.962	55	53	0	756.649	0	0
14682	C	C	727.062	35.9273	53	51	0	727.062	0	0
14683	T	T	744.125	35.9273	53	53	0	0	0	744.125
14684	A	A	775.917	35.9785	56	56	775.917	0	0	0
14685	C	C	763.553	35.945	54	53	0	763.553	0	0
14686	G	G	738.394	35.962	55	52	0	0	738.394	0
14687	A	A	821.97	36.01	58	58	821.97	0	0	0
14688	C	C	847.464	36.0397	60	59	0	847.464	0	0
14689	A	A	866.294	37	61	61	866.294	0	0	0
14690	A	A	894.268	37	63	63	894.268	0	0	0
14691	C	C	825.771	37	63	59	0	825.771	0	0
14692	T	T	864.838	37	64	64	0	0	0	864.838
14693	A	A	939.847	37	67	67	939.847	0	0	0
14694	C	C	886.257	36.1306	67	63	0	886.257	0	0
14695	A	A	931.658	36.1422	68	68	931.658	0	0	0
14696	C	C	944.907	36.1422	68	66	0	944.907	0	0
14697	T	T	935.118	35.4454	69	69	0	0	0	935.118
14698	T	T	943.021	35.4262	68	68	0	0	0	943.021
14699	T	T	938.556	35.4454	69	69	0	0	0	938.556
14700	C	C	901.443	35.4066	67	64	0	901.443	0	0
14701	A	A	853.95	35.3003	62	62	853.95	0	0	0
14702	T	T	847.081	35.2537	60	60	0	0	0	847.081
14703	T	T	825.569	35.2044	58	58	0	0	0	825.569
14704	T	T	860.392	35.2773	61	61	0	0	0	860.392
14705	C	C	826.992	35.2773	61	59	0	826.992	0	0
14706	A	A	866.289	34.6774	63	63	866.289	0	0	0
14707	C	C	904.722	34.7056	64	63	0	904.722	0	0
14708	A	A	869.142	34.7331	65	65	869.142	0	0	0
14709	T	T	871.474	34.7056	64	64	0	0	0	871.474
14710	C	C	891.981	34.6774	63	62	0	891.981	0	0
14711	A	A	811.462	34.0472	61	61	811.462	0	0	0
14712	A	A	803.98	33.5025	60	60	803.98	0	0	0
14713	G	G	812.504	33.462	59	57	0	0	812.504	0
14714	T	T	822.805	33.4205	58	58	0	0	0	822.805
14715	C	C	764.067	32.258	60	56	0	764.067	0	0
14716	A	A	777.036	32.1088	57	57	777.036	0	0	0
14717	C	C	821.222	32.1088	57	57	0	821.222	0	0
14718	C	C	770.428	32.0567	56	54	0	770.428	0	0
14719	A	A	745.835	31.6473	55	55	745.835	0	0	0
14720	T	T	774.946	31.7026	56	56	0	0	0	774.946
14721	T	T	761.193	31.6473	55	55	0	0	0	761.193
14722	T	T	756.107	31.3752	56	56	0	0	0	756.107
14723	C	C	785.909	31.0707	56	55	0	785.909	0	0
14724	G	G	791.736	31.0707	56	55	0	0	791.736	0
14725	G	G	777.494	31.0123	55	54	0	0	777.494	0
14726	C	C	747.449	30.8914	53	52	0	747.449	0	0
14727	T	T	737.227	30.8288	52	52	0	0	0	737.227
14728	T	T	746.232	30.6031	53	53	0	0	0	746.232
14729	T	T	735.055	30.5392	52	52	0	0	0	735.055
14730	G	G	695.671	30.4068	50	49	0	0	695.671	0
14731	A	A	687.003	30.4738	51	51	687.003	0	0	0
14732	A	A	666.235	30.3381	49	49	666.235	0	0	0
14733	G	G	689.467	29.8046	49	48	0	0	689.467	0
14734	C	G	662.147	29.6323	50	47	0	0	662.147	0
14735	A	A	679.07	29.6323	50	50	679.07	0	0	0
14736	G	G	690.089	29.487	48	48	0	0	690.089	0
14737	C	C	677.788	29.2551	48	47	0	677.788	0	0
14738	A	A	661.595	28.958	47	47	661.595	0	0	0
14739	G	G	677.392	28.958	47	47	0	0	677.392	0
14740	C	C	664.512	28.7478	47	46	0	664.512	0	0
14741	A	A	649.998	28.6682	46	46	649.998	0	0	0
14742	T	G	678.59	28.7478	47	47	0	0	678.59	0
14743	G	G	707.236	28.9012	49	49	0	0	707.236	0
14744	A	A	701.497	28.9753	50	50	701.497	0	0	0
14745	T	T	671.911	28.9753	50	50	0	0	0	671.911
14746	A	A	708.735	28.9753	50	50	708.735	0	0	0
14747	T	T	684.823	28.9753	50	50	0	0	0	684.823
14748	T	T	705.259	29.0476	51	51	0	0	0	705.259
14749	G	G	762.987	29.1874	53	53	0	0	762.987	0
14750	A	A	740.444	29.3213	55	55	740.444	0	0	0
14751	C	C	760.838	29.4606	54	53	0	760.838	0	0
14752	A	A	716.487	29.4606	54	54	716.487	0	0	0
14753	T	T	735.114	29.4606	54	54	0	0	0	735.114
14754	T	T	727.403	29.6101	53	53	0	0	0	727.403
14755	T	T	725.249	29.9033	54	54	0	0	0	725.249
14756	C	C	733.134	29.7709	52	51	0	733.134	0	0
14757	G	G	762.923	29.6101	53	53	0	0	762.923	0
14758	T	T	686.548	29.7709	52	52	0	0	0	686.548
14759	A	A	729.395	29.6763	54	54	729.395	0	0	0
14760	G	G	775.132	29.7411	55	54	0	0	775.132	0
14761	A	A	718.126	29.7411	55	55	718.126	0	0	0
14762	T	T	773.288	29.9275	58	58	0	0	0	773.288
14763	G	G	772.562	30.4585	55	54	0	0	772.562	0
14764	T	T	721.339	30.6656	54	54	0	0	0	721.339
14765	T	T	716.491	30.8914	53	53	0	0	0	716.491
14766	G	G	763.716	31.2002	53	53	0	0	763.716	0
14767	T	T	707.273	30.8914	53	53	0	0	0	707.273
14768	A	A	744.177	30.8914	53	53	744.177	0	0	0
14769	T	T	732.736	30.9526	54	54	0	0	0	732.736
14770	G	G	821.38	30.9017	58	57	0	0	821.38	0
14771	A	A	797.812	30.9017	58	58	797.812	0	0	0
14772	C	G	828.863	30.502	60	58	0	0	828.863	0
14773	T	T	782.978	30.6939	59	59	0	0	0	782.978
14774	A	A	819.664	30.6939	59	59	819.664	0	0	0
14775	T	T	808.412	30.6369	58	58	0	0	0	808.412
14776	T	T	805.777	30.4453	59	59	0	0	0	805.777
14777	C	C	832.215	30.4453	59	58	0	832.215	0	0
14778	C	C	834.084	30.4453	59	58	0	834.084	0	0
14779	T	T	831.969	30.5576	61	61	0	0	0	831.969
14780	A	A	864.635	30.6656	63	63	864.635	0	0	0
14781	T	T	851.348	30.6121	62	62	0	0	0	851.348
14782	A	A	869.781	30.7179	64	64	869.781	0	0	0
14783	T	T	856.119	30.9104	63	63	0	0	0	856.119
14784	G	G	887.557	31.2203	64	62	0	0	887.557	0
14785	T	T	862.897	31.4458	63	63	0	0	0	862.897
14786	T	T	872.488	31.4951	64	64	0	0	0	872.488
14787	T	T	852.536	31.6417	61	61	0	0	0	852.536
14788	C	C	862.076	31.6417	61	60	0	862.076	0	0
14789	C	G	895.888	31.7405	63	62	0	0	895.888	0
14790	A	A	878.405	31.7405	63	63	878.405	0	0	0
14791	T	T	879.346	31.7405	63	63	0	0	0	879.346
14792	C	C	876.508	31.7405	63	61	0	876.508	0	0
14793	T	T	869.744	31.7405	63	63	0	0	0	869.744
14794	A	A	877.607	31.7884	64	64	877.607	0	0	0
14795	T	T	881.178	31.7405	63	63	0	0	0	881.178
14796	T	T	880.045	31.8354	65	65	0	0	0	880.045
14797	G	G	872.584	31.7884	64	61	0	0	872.584	0
14798	A	A	886.105	32.7677	63	63	886.105	0	0	0
14799	T	T	887.944	32.8924	66	66	0	0	0	887.944
14800	G	G	931.194	32.8924	66	65	0	0	931.194	0
14801	A	A	978.631	33.3993	69	69	978.631	0	0	0
14802	G	G	996.551	33.4345	70	69	0	0	996.551	0
14803	G	G	1025.89	33.5679	74	72	0	0	1025.89	0
14804	G	G	1044.11	33.5679	74	73	0	0	1044.11	0
14805	T	T	1010.52	33.5997	75	75	0	0	0	1010.52
14806	C	C	1015.77	33.9225	72	71	0	1015.77	0	0
14807	C	C	1050.49	33.9825	74	73	0	1050.49	0	0
14808	T	T	1062.87	34.0681	77	77	0	0	0	1062.87
14809	G	G	1004.68	34.0116	75	71	0	0	1004.68	0
14810	C	C	1066.47	34.4409	74	74	0	1066.47	0	0
14811	T	T	988.244	34.9311	73	73	0	0	0	988.244
14812	T	T	1011.67	34.9534	74	74	0	0	0	1011.67
14813	C	C	1011.57	35.4824	71	70	0	1011.57	0	0
14814	T	T	989.672	35.4641	70	70	0	0	0	989.672
14815	T	T	979.139	36.1645	70	70	0	0	0	979.139
14816	T	T	975.257	36.1535	69	69	0	0	0	975.257
14817	A	A	964.693	36.1645	70	70	964.693	0	0	0
14818	G	G	981.607	36.1535	69	68	0	0	981.607	0
14819	T	T	966.121	36.1645	70	70	0	0	0	966.121
14820	A	A	945.981	36.1306	67	67	945.981	0	0	0
14821	T	T	956.218	36.1645	70	70	0	0	0	956.218
14822	T	T	952.943	36.1422	68	68	0	0	0	952.943
14823	G	G	923.598	36.1306	67	65	0	0	923.598	0
14824	A	A	943.397	36.1535	69	69	943.397	0	0	0
14825	T	T	959.757	36.1535	69	69	0	0	0	959.757
14826	C	C	955.248	36.1306	67	66	0	955.248	0	0
14827	A	A	908.582	36.1422	68	68	908.582	0	0	0
14828	G	G	925.246	36.1645	70	66	0	0	925.246	0
14829	T	T	935.823	36.1422	68	68	0	0	0	935.823
14830	A	A	897.253	37	66	66	897.253	0	0	0
14831	C	C	887.491	37	64	62	0	887.491	0	0
14832	A	A	859.805	37	62	62	859.805	0	0	0
14833	A	A	856.801	37	63	63	856.801	0	0	0
14834	T	T	886.286	37	63	63	0	0	0	886.286
14835	T	T	871.344	37	62	62	0	0	0	871.344
14836	G	G	798.844	37	62	58	0	0	798.844	0
14837	A	A	826.054	37	61	61	826.054	0	0	0
14838	C	C	842.156	37	61	59	0	842.156	0	0
14839	T	T	855.636	36.0938	64	64	0	0	0	855.636
14840	T	T	855.843	36.0809	63	63	0	0	0	855.843
14841	C	C	931.932	36.1064	65	65	0	931.932	0	0
14842	C	C	902.594	36.0938	64	63	0	902.594	0	0
14843	A	A	875.569	36.0938	64	64	875.569	0	0	0
14844	A	A	907.673	36.1306	67	67	907.673	0	0	0
14845	T	T	892.561	36.1306	67	67	0	0	0	892.561
14846	C	C	941.719	36.1422	68	66	0	941.719	0	0
14847	A	A	865.925	36.1064	65	65	865.925	0	0	0
14848	A	A	868.946	36.0938	64	64	868.946	0	0	0
14849	T	T	890.703	36.1064	65	65	0	0	0	890.703
14850	A	A	876.327	36.0809	63	63	876.327	0	0	0
14851	A	A	872.293	36.0675	62	62	872.293	0	0	0
14852	G	G	911.344	35.3227	63	63	0	0	911.344	0
14853	C	C	826.402	35.3227	63	59	0	826.402	0	0
14854	T	T	881.086	35.3227	63	63	0	0	0	881.086
14855	C	C	909.993	35.3227	63	63	0	909.993	0	0
14856	C	C	824.494	35.3227	63	59	0	824.494	0	0
14857	G	G	924.77	35.3864	66	65	0	0	924.77	0
14858	G	G	823.782	35.3227	63	59	0	0	823.782	0
14859	C	C	881.414	35.2773	61	61	0	881.414	0	0
14860	G	G	891.395	35.3003	62	62	0	0	891.395	0
14861	C	C	876.247	34.6774	63	61	0	876.247	0	0
14862	A	A	831.032	34.6485	62	62	831.032	0	0	0
14863	G	G	920.355	34.7056	64	64	0	0	920.355	0
14864	T	T	827.901	34.6188	61	61	0	0	0	827.901
14865	C	C	834.947	34.6485	62	59	0	834.947	0	0
14866	C	C	863.952	34.7056	64	61	0	863.952	0	0
14867	A	A	843.464	34.6485	62	62	843.464	0	0	0
14868	G	G	879.49	34.6485	62	61	0	0	879.49	0
14869	A	A	839.9	34.6485	62	62	839.9	0	0	0
14870	A	A	829.432	34.6485	62	62	829.432	0	0	0
14871	A	A	811.717	34.5884	60	60	811.717	0	0	0
14872	G	G	820.297	34.5884	60	58	0	0	820.297	0
14873	A	A	826.975	34.6188	61	61	826.975	0	0	0
14874	A	A	809.775	34.5884	60	60	809.775	0	0	0
14875	G	G	823.718	34.5572	59	58	0	0	823.718	0
14876	C	C	822.901	34.5251	58	57	0	822.901	0	0
14877	A	A	766.689	34.4921	57	57	766.689	0	0	0
14878	A	A	775.444	34.4921	57	57	775.444	0	0	0
14879	T	T	786.273	34.4582	56	56	0	0	0	786.273
14880	C	C	812.43	34.5572	59	57	0	812.43	0	0
14881	A	A	800.491	35.2044	58	58	800.491	0	0	0
14882	A	A	774.957	35.1787	57	57	774.957	0	0	0
14883	C	C	807.663	35.1787	57	56	0	807.663	0	0
14884	T	T	791.666	35.2294	59	59	0	0	0	791.666
14885	T	T	824.36	36.0397	60	60	0	0	0	824.36
14886	A	A	796.615	36.01	58	58	796.615	0	0	0
14887	A	A	794.194	36.01	58	58	794.194	0	0	0
14888	T	T	763.098	35.9785	56	56	0	0	0	763.098
14889	C	C	778.651	35.962	55	54	0	778.651	0	0
14890	T	T	785.341	35.9785	56	56	0	0	0	785.341
14891	T	T	784.748	35.9785	56	56	0	0	0	784.748
14892	A	A	769.468	35.9785	56	56	769.468	0	0	0
14893	G	G	777.746	35.962	55	54	0	0	777.746	0
14894	C	C	795.324	35.1522	56	55	0	795.324	0	0
14895	G	G	732.606	35.1249	55	52	0	0	732.606	0
14896	C	C	735.829	35.962	55	52	0	735.829	0	0
14897	T	T	772.086	35.9945	57	57	0	0	0	772.086
14898	A	A	797.317	36.0397	60	60	797.317	0	0	0
14899	T	T	791.671	36.0538	61	61	0	0	0	791.671
14900	T	T	798.702	36.0397	60	60	0	0	0	798.702
14901	T	T	802.248	36.0251	59	59	0	0	0	802.248
14902	A	A	781.965	35.9945	57	57	781.965	0	0	0
14903	C	C	735.22	35.962	55	52	0	735.22	0	0
14904	C	C	809.01	35.9785	56	56	0	809.01	0	0
14905	A	A	754.319	35.9785	56	56	754.319	0	0	0
14906	A	A	749.456	35.962	55	55	749.456	0	0	0
14907	C	C	758.115	35.962	55	53	0	758.115	0	0
14908	A	A	730.948	35.945	54	54	730.948	0	0	0
14909	T	T	744.165	35.9273	53	53	0	0	0	744.165
14910	A	A	747.041	35.9273	53	53	747.041	0	0	0
14911	C	C	743.529	35.945	54	52	0	743.529	0	0
14912	T	T	735.385	35.962	55	55	0	0	0	735.385
14913	A	A	773.818	35.9945	57	57	773.818	0	0	0
14914	C	C	842.791	36.0397	60	59	0	842.791	0	0
14915	T	T	803.486	36.0538	61	61	0	0	0	803.486
14916	A	A	775.767	36.0251	59	59	775.767	0	0	0
14917	G	G	756.915	37	55	53	0	0	756.915	0
14918	C	C	765.983	37	53	53	0	765.983	0	0
14919	C	C	792.173	37	56	55	0	792.173	0	0
14920	T	T	758.804	37	55	55	0	0	0	758.804
14921	C	C	727.616	37	54	51	0	727.616	0	0
14922	C	C	753.128	37	55	53	0	753.128	0	0
14923	T	T	760.96	37	57	57	0	0	0	760.96
14924	T	T	787.177	37	58	58	0	0	0	787.177
14925	A	A	753.576	37	56	56	753.576	0	0	0
14926	C	C	755.045	37	57	54	0	755.045	0	0
14927	T	T	778.397	37	57	57	0	0	0	778.397
14928	C	C	806.643	37	57	56	0	806.643	0	0
14929	G	G	833.195	37	59	58	0	0	833.195	0
14930	T	T	760.224	37	59	58	0	0	0	760.224
14931	T	T	759.96	37	57	57	0	0	0	759.96
14932	C	C	774.327	37	55	54	0	774.327	0	0
14933	T	T	724.438	37	53	53	0	0	0	724.438
14934	T	T	768.791	37	55	55	0	0	0	768.791
14935	A	A	762.188	37	57	57	762.188	0	0	0
14936	T	T	789.219	37	57	57	0	0	0	789.219
14937	T	T	802.106	37	59	59	0	0	0	802.106
14938	G	G	798.999	37	58	56	0	0	798.999	0
14939	C	C	716.894	37	55	52	0	716.894	0	0
14940	C	C	804.671	37	56	56	0	804.671	0	0
14941	T	T	779.267	37	59	59	0	0	0	779.267
14942	T	T	775.23	37	58	58	0	0	0	775.23
14943	C	C	811.68	37	59	57	0	811.68	0	0
14944	T	T	761.905	37	57	57	0	0	0	761.905
14945	G	G	792.626	37	56	55	0	0	792.626	0
14946	A	A	761.02	37	56	56	761.02	0	0	0
14947	C	C	795.763	37	55	55	0	795.763	0	0
14948	T	T	756.43	37	53	53	0	0	0	756.43
14949	A	A	782.348	37	56	56	782.348	0	0	0
14950	C	C	766.708	37	57	54	0	766.708	0	0
14951	C	C	818.517	37	57	57	0	818.517	0	0
14952	A	A	824.423	37	58	58	824.423	0	0	0
14953	C	C	819.259	37	58	57	0	819.259	0	0
14954	A	A	805.866	37	59	59	805.866	0	0	0
14955	G	G	848.934	37	59	59	0	0	848.934	0
14956	T	T	816.468	37	58	58	0	0	0	816.468
14957	T	T	821.374	37	58	58	0	0	0	821.374
14958	A	A	778.111	37	57	57	778.111	0	0	0
14959	A	A	772.196	37	57	57	772.196	0	0	0
14960	A	A	794.837	37	58	58	794.837	0	0	0
14961	T	T	767.964	37	57	57	0	0	0	767.964
14962	A	A	777.507	37	55	55	777.507	0	0	0
14963	T	T	767.995	37	56	56	0	0	0	767.995
14964	T	T	782.128	37	58	58	0	0	0	782.128
14965	T	T	797.055	37	58	58	0	0	0	797.055
14966	A	A	837.394	36.0397	60	60	837.394	0	0	0
14967	C	C	844.347	36.0538	61	59	0	844.347	0	0
14968	G	G	862.313	36.0538	61	60	0	0	862.313	0
14969	C	C	847.765	36.0397	60	59	0	847.765	0	0
14970	A	A	797.257	36.0251	59	59	797.257	0	0	0
14971	G	G	820.727	36.01	58	57	0	0	820.727	0
14972	A	A	774.815	36.01	58	58	774.815	0	0	0
14973	A	A	761.112	35.9945	57	57	761.112	0	0	0
14974	A	A	776.309	35.9945	57	57	776.309	0	0	0
14975	A	A	769.838	36.01	58	58	769.838	0	0	0
14976	A	A	798.117	36.0538	61	61	798.117	0	0	0
14977	G	G	818.579	35.9945	57	57	0	0	818.579	0
14978	C	C	750.519	36.01	58	54	0	750.519	0	0
14979	A	A	754.704	36.01	58	58	754.704	0	0	0
14980	A	A	738.369	35.962	55	55	738.369	0	0	0
14981	G	G	755.948	35.962	55	53	0	0	755.948	0
14982	C	C	788.526	35.1522	56	55	0	788.526	0	0
14983	C	C	722.881	34.3875	54	51	0	722.881	0	0
14984	C	C	728.221	34.3506	53	51	0	728.221	0	0
14985	C	C	729.884	34.3506	53	51	0	729.884	0	0
14986	T	T	731.836	34.4582	56	56	0	0	0	731.836
14987	A	A	791.626	34.4921	57	57	791.626	0	0	0
14988	T	T	771.8	34.5251	58	58	0	0	0	771.8
14989	G	G	822.771	34.5251	58	57	0	0	822.771	0
14990	A	A	805.24	34.5251	58	58	805.24	0	0	0
14991	A	A	783.59	34.4921	57	57	783.59	0	0	0
14992	T	T	797.895	34.5251	58	58	0	0	0	797.895
14993	G	G	798.743	34.5251	58	56	0	0	798.743	0
14994	C	C	821.682	34.5251	58	57	0	821.682	0	0
14995	G	G	819.283	34.5884	60	58	0	0	819.283	0
14996	G	G	774.662	34.5251	58	55	0	0	774.662	0
14997	G	G	850.705	34.5572	59	59	0	0	850.705	0
14998	T	T	798.262	34.5251	58	58	0	0	0	798.262
14999	T	T	813.31	34.5572	59	59	0	0	0	813.31
15000	T	T	815.622	34.5251	58	58	0	0	0	815.622
15001	G	G	821.206	34.4921	57	57	0	0	821.206	0
15002	A	A	826.24	34.5884	60	60	826.24	0	0	0
15003	C	C	836.182	34.5572	59	58	0	836.182	0	0
15004	C	C	765.119	35.2044	58	55	0	765.119	0	0
15005	C	C	813.118	35.2294	59	57	0	813.118	0	0
15006	C	C	851.122	35.2773	61	60	0	851.122	0	0
15007	A	A	821.667	35.2773	61	61	821.667	0	0	0
15008	T	T	851.747	35.3445	64	64	0	0	0	851.747
15009	A	A	827.258	35.3445	64	64	827.258	0	0	0
15010	G	G	888.351	35.3227	63	62	0	0	888.351	0
15011	G	G	846.356	35.3003	62	60	0	0	846.356	0
15012	A	A	824.465	35.3003	62	62	824.465	0	0	0
15013	T	T	793.428	35.2044	58	58	0	0	0	793.428
15014	C	C	755.33	35.945	54	53	0	755.33	0	0
15015	G	G	767.607	35.962	55	54	0	0	767.607	0
15016	G	G	789.812	35.962	55	55	0	0	789.812	0
15017	C	C	777.391	35.9785	56	54	0	777.391	0	0
15018	A	A	777.96	35.9945	57	57	777.96	0	0	0
15019	C	C	721.418	35.945	54	51	0	721.418	0	0
15020	G	G	728.013	35.9273	53	51	0	0	728.013	0
15021	C	C	760.141	35.962	55	53	0	760.141	0	0
15022	C	C	772.322	35.9785	56	54	0	772.322	0	0
15023	T	T	781.918	35.9945	57	57	0	0	0	781.918
15024	C	C	775.34	35.962	55	54	0	775.34	0	0
15025	C	C	773.909	35.9785	56	54	0	773.909	0	0
15026	C	C	818.97	35.9945	57	57	0	818.97	0	0
15027	T	T	789.722	36.01	58	58	0	0	0	789.722
15028	T	T	810.687	36.0397	60	60	0	0	0	810.687
15029	T	T	793.128	37	60	60	0	0	0	793.128
15030	T	T	769.701	37	59	59	0	0	0	769.701
15031	T	T	785.719	37	60	60	0	0	0	785.719
15032	C	C	847.039	37	63	60	0	847.039	0	0
15033	C	C	852.333	37	62	60	0	852.333	0	0
15034	A	A	871.5	37	62	62	871.5	0	0	0
15035	T	T	855.576	37	64	64	0	0	0	855.576
15036	G	G	871.659	37	62	61	0	0	871.659	0
15037	A	A	903.177	37	65	65	903.177	0	0	0
15038	A	A	892.096	37	65	65	892.096	0	0	0
15039	A	A	890.948	37	66	66	890.948	0	0	0
15040	T	T	898.113	37	66	66	0	0	0	898.113
15041	T	T	895.09	37	67	67	0	0	0	895.09
15042	T	T	917.145	37	68	68	0	0	0	917.145
15043	T	T	923.452	37	70	70	0	0	0	923.452
15044	T	T	901.561	37	67	67	0	0	0	901.561
15045	C	C	899.561	37	67	64	0	899.561	0	0
15046	C	C	944.181	37	68	66	0	944.181	0	0
15047	T	T	968.056	37	69	69	0	0	0	968.056
15048	A	A	949.175	37	69	69	949.175	0	0	0
15049	G	G	947.474	37	71	67	0	0	947.474	0
15050	T	T	989.463	37	71	71	0	0	0	989.463
15051	A	A	922.584	37	69	69	922.584	0	0	0
15052	G	G	951.199	37	69	67	0	0	951.199	0
15053	C	C	942.711	37	69	66	0	942.711	0	0
15054	T	T	952.422	37	72	72	0	0	0	952.422
15055	A	A	1023.19	37	74	74	1023.19	0	0	0
15056	T	T	952.652	37	72	72	0	0	0	952.652
15057	T	T	964.183	37	71	71	0	0	0	964.183
15058	A	A	1003.76	37	73	73	1003.76	0	0	0
15059	C	C	1039.4	37	72	72	0	1039.4	0	0
15060	A	A	963.584	37	71	71	963.584	0	0	0
15061	T	T	976.456	37	71	71	0	0	0	976.456
15062	T	T	987.322	37	72	72	0	0	0	987.322
15063	T	T	1014.52	37	74	74	0	0	0	1014.52
15064	C	C	1023.15	37	71	71	0	1023.15	0	0
15065	T	T	970.578	37	72	72	0	0	0	970.578
15066	A	A	982.34	37	72	72	982.34	0	0	0
15067	C	C	958.533	37	69	67	0	958.533	0	0
15068	T	T	953.359	37	69	69	0	0	0	953.359
15069	A	A	968.778	37	69	69	968.778	0	0	0
15070	T	T	974.46	37	72	72	0	0	0	974.46
15071	T	T	984.521	37	72	72	0	0	0	984.521
15072	T	T	975.207	37	73	73	0	0	0	975.207
15073	G	G	1012.57	37	74	71	0	0	1012.57	0
15074	A	A	1006.19	37	74	74	1006.19	0	0	0
15075	C	C	1017.78	37	73	71	0	1017.78	0	0
15076	C	C	999.062	37	74	71	0	999.062	0	0
15077	T	T	996.325	37	74	74	0	0	0	996.325
15078	A	A	1029.4	37	75	75	1029.4	0	0	0
15079	G	G	1009.38	37	73	71	0	0	1009.38	0
15080	A	A	1013.82	37	73	73	1013.82	0	0	0
15081	A	A	1016.41	37	73	73	1016.41	0	0	0
15082	A	A	998.142	37	72	72	998.142	0	0	0
15083	T	T	1014.09	37	73	73	0	0	0	1014.09
15084	T	T	1033.45	37	76	76	0	0	0	1033.45
15085	G	G	1045.4	37	77	74	0	0	1045.4	0
15086	C	C	1026.38	37	75	72	0	1026.38	0	0
15087	A	A	1020.5	37	74	74	1020.5	0	0	0
15088	C	C	1025.26	37	72	71	0	1025.26	0	0
15089	T	T	992.18	37	70	70	0	0	0	992.18
15090	A	A	966.639	37	69	69	966.639	0	0	0
15091	C	C	969.772	37	68	67	0	969.772	0	0
15092	T	T	983.058	37	68	68	0	0	0	983.058
15093	C	C	970.472	37	67	67	0	970.472	0	0
15094	C	C	968.038	37	67	67	0	968.038	0	0
15095	T	T	971.455	37	71	71	0	0	0	971.455
15096	C	C	961.141	37	71	68	0	961.141	0	0
15097	C	C	907.216	37	69	65	0	907.216	0	0
15098	C	C	928.56	37	67	65	0	928.56	0	0
15099	T	T	839.563	37	61	61	0	0	0	839.563
15100	C	C	879.696	36.0675	62	61	0	879.696	0	0
15101	T	T	820.799	36.0538	61	61	0	0	0	820.799
15102	T	T	805.148	35.2773	61	61	0	0	0	805.148
15103	C	C	880.443	35.3445	64	62	0	880.443	0	0
15104	C	C	854.285	35.3657	65	61	0	854.285	0	0
15105	C	C	956.358	35.4262	68	67	0	956.358	0	0
15106	T	T	891.746	35.4262	68	68	0	0	0	891.746
15107	G	G	990.704	35.4641	70	69	0	0	990.704	0
15108	A	A	956.065	35.5002	72	72	956.065	0	0	0
15109	G	G	1005.83	35.4824	71	70	0	0	1005.83	0
15110	C	C	1002.55	35.5002	72	70	0	1002.55	0	0
15111	A	A	938.216	35.4454	69	69	938.216	0	0	0
15112	T	T	911.413	35.3864	66	66	0	0	0	911.413
15113	C	C	892.976	35.3657	65	63	0	892.976	0	0
15114	A	A	913.844	35.3864	66	66	913.844	0	0	0
15115	C	C	904.996	35.3657	65	63	0	904.996	0	0
15116	A	A	913.04	35.3864	66	66	913.04	0	0	0
15117	A	A	929.696	35.3864	66	66	929.696	0	0	0
15118	A	A	936.837	35.3864	66	66	936.837	0	0	0
15119	C	C	952.419	35.4066	67	66	0	952.419	0	0
15120	T	T	926.659	35.4262	68	68	0	0	0	926.659
15121	G	G	952.449	35.4066	67	66	0	0	952.449	0
15122	A	A	948.077	35.4454	69	69	948.077	0	0	0
15123	C	C	979.318	35.4824	71	69	0	979.318	0	0
15124	A	A	933.889	35.4641	70	70	933.889	0	0	0
15125	A	A	926.821	35.4641	70	70	926.821	0	0	0
15126	C	C	1008.71	35.4641	70	70	0	1008.71	0	0
15127	C	C	980.877	35.4262	68	68	0	980.877	0	0
15128	T	T	943.865	35.4262	68	68	0	0	0	943.865
15129	A	A	901.691	35.4066	67	67	901.691	0	0	0
15130	A	A	889.975	35.3657	65	65	889.975	0	0	0
15131	T	T	885.777	35.3445	64	64	0	0	0	885.777
15132	A	A	883.255	35.3657	65	65	883.255	0	0	0
15133	A	A	859.354	35.3003	62	62	859.354	0	0	0
15134	C	C	880.041	35.3003	62	61	0	880.041	0	0
15135	G	G	874.993	35.3227	63	61	0	0	874.993	0
15136	A	A	840.249	35.3003	62	62	840.249	0	0	0
15137	T	T	856.166	35.2773	61	61	0	0	0	856.166
15138	A	A	804.391	35.2537	60	60	804.391	0	0	0
15139	C	C	866.032	35.2773	61	60	0	866.032	0	0
15140	T	T	815.305	35.2044	58	58	0	0	0	815.305
15141	C	C	821.569	35.2044	58	57	0	821.569	0	0
15142	A	A	774.705	35.1522	56	56	774.705	0	0	0
15143	C	C	795.626	35.1249	55	55	0	795.626	0	0
15144	C	C	780.871	35.0968	54	54	0	780.871	0	0
15145	A	A	722.179	35.0678	53	53	722.179	0	0	0
15146	T	T	775.972	35.1787	57	57	0	0	0	775.972
15147	A	A	756.665	35.2044	58	58	756.665	0	0	0
15148	G	G	775.955	35.1522	56	55	0	0	775.955	0
15149	C	C	749.698	35.0379	52	52	0	749.698	0	0
15150	G	G	756.206	35.1249	55	53	0	0	756.206	0
15151	C	C	720.735	35.945	54	51	0	720.735	0	0
15152	T	T	739.459	35.9785	56	56	0	0	0	739.459
15153	A	A	794.192	35.9945	57	57	794.192	0	0	0
15154	C	C	828.229	36.0251	59	58	0	828.229	0	0
15155	T	T	770.946	36.01	58	58	0	0	0	770.946
15156	G	G	754.448	36.0251	59	54	0	0	754.448	0
15157	C	C	793.805	36.0251	59	56	0	793.805	0	0
15158	T	T	800.218	36.01	58	58	0	0	0	800.218
15159	T	T	806.511	36.01	58	58	0	0	0	806.511
15160	A	A	739.081	37	54	54	739.081	0	0	0
15161	T	T	758.043	37	54	54	0	0	0	758.043
15162	C	C	736.215	35.8902	51	51	0	736.215	0	0
15163	T	T	711.843	35.8902	51	51	0	0	0	711.843
15164	C	C	710.64	35.8902	51	50	0	710.64	0	0
15165	C	C	733.026	35.9091	52	51	0	733.026	0	0
15166	T	T	737.688	35.945	54	54	0	0	0	737.688
15167	T	T	768.01	36.01	58	58	0	0	0	768.01
15168	A	A	806.541	36.0397	60	60	806.541	0	0	0
15169	C	C	886.567	36.0809	63	62	0	886.567	0	0
15170	T	T	783.495	36.0538	61	61	0	0	0	783.495
15171	A	A	810.096	36.0397	60	60	810.096	0	0	0
15172	G	G	880.286	36.0809	63	62	0	0	880.286	0
15173	C	C	831.84	36.0251	59	58	0	831.84	0	0
15174	C	C	838.108	36.01	58	58	0	838.108	0	0
15175	G	G	841.781	36.0397	60	59	0	0	841.781	0
15176	T	T	813.164	36.0397	60	60	0	0	0	813.164
15177	A	A	864.541	36.0538	61	61	864.541	0	0	0
15178	A	A	865.495	36.0538	61	61	865.495	0	0	0
15179	G	G	867.71	36.0397	60	60	0	0	867.71	0
15180	T	T	855.96	36.0675	62	62	0	0	0	855.96
15181	C	C	865.181	36.0809	63	61	0	865.181	0	0
15182	T	T	889.583	36.1064	65	65	0	0	0	889.583
15183	G	G	936.561	36.1064	65	65	0	0	936.561	0
15184	G	G	935.79	36.1187	66	65	0	0	935.79	0
15185	C	C	933.306	36.1187	66	65	0	933.306	0	0
15186	C	C	933.823	36.1187	66	65	0	933.823	0	0
15187	T	T	894.054	36.1064	65	65	0	0	0	894.054
15188	A	A	908.394	37	66	66	908.394	0	0	0
15189	T	T	914.466	36.1187	66	66	0	0	0	914.466
15190	G	G	968.326	36.1306	67	67	0	0	968.326	0
15191	A	A	947.745	36.1422	68	68	947.745	0	0	0
15192	A	A	949.524	36.1306	67	67	949.524	0	0	0
15193	T	T	922.802	36.1535	69	69	0	0	0	922.802
15194	G	G	1016.52	36.1645	70	70	0	0	1016.52	0
15195	A	A	1045.7	36.1857	72	72	1045.7	0	0	0
15196	A	A	1074.88	36.2058	74	74	1074.88	0	0	0
15197	C	C	1004.01	36.2432	78	72	0	1004.01	0	0
15198	T	T	1065.31	36.252	79	79	0	0	0	1065.31
15199	G	G	1160.06	36.2606	80	80	0	0	1160.06	0
15200	A	A	1128.98	36.2606	80	80	1128.98	0	0	0
15201	A	A	1111	36.2606	80	80	1111	0	0	0
15202	A	A	1091.39	36.2432	78	78	1091.39	0	0	0
15203	A	A	1091.6	36.2432	78	78	1091.6	0	0	0
15204	A	A	1075	36.2606	80	80	1075	0	0	0
15205	G	G	1110.26	36.2432	78	77	0	0	1110.26	0
15206	G	G	1085.97	36.2432	78	76	0	0	1085.97	0
15207	T	T	1085.37	36.2342	77	77	0	0	0	1085.37
15208	C	C	1083.64	36.2249	76	75	0	1083.64	0	0
15209	T	T	1016.39	36.1857	72	72	0	0	0	1016.39
15210	A	A	989.878	36.1959	73	73	989.878	0	0	0
15211	G	G	988.381	36.1752	71	69	0	0	988.381	0
15212	A	A	969.954	36.1645	70	70	969.954	0	0	0
15213	A	A	966.826	36.1752	71	71	966.826	0	0	0
15214	T	T	991.056	36.1752	71	71	0	0	0	991.056
15215	G	G	949.23	36.1422	68	66	0	0	949.23	0
15216	G	G	930.136	37	68	65	0	0	930.136	0
15217	G	G	920.91	37	66	64	0	0	920.91	0
15218	C	C	953.447	37	66	66	0	953.447	0	0
15219	C	C	954.729	37	66	66	0	954.729	0	0
15220	G	G	907.568	37	67	64	0	0	907.568	0
15221	A	A	938.813	37	70	70	938.813	0	0	0
15222	A	A	920.46	37	68	68	920.46	0	0	0
15223	T	T	913.605	37	67	67	0	0	0	913.605
15224	A	A	879.472	37	65	65	879.472	0	0	0
15225	T	T	911.042	37	66	66	0	0	0	911.042
15226	G	G	850.535	37	64	60	0	0	850.535	0
15227	A	A	867.627	37	63	63	867.627	0	0	0
15228	T	T	871.246	37	62	62	0	0	0	871.246
15229	A	A	836.348	37	60	60	836.348	0	0	0
15230	A	A	829.799	37	60	60	829.799	0	0	0
15231	T	T	847.978	37	61	61	0	0	0	847.978
15232	T	T	863.241	37	62	62	0	0	0	863.241
15233	A	A	845.582	37	61	61	845.582	0	0	0
15234	G	G	851.317	37	59	59	0	0	851.317	0
15235	T	T	820.32	37	59	59	0	0	0	820.32
15236	T	T	822.581	37	58	58	0	0	0	822.581
15237	T	T	835.379	37	59	59	0	0	0	835.379
15238	A	A	812.393	37	59	59	812.393	0	0	0
15239	A	A	825.488	37	60	60	825.488	0	0	0
15240	A	A	828.52	37	60	60	828.52	0	0	0
15241	T	T	826.236	37	60	60	0	0	0	826.236
15242	C	C	827.867	37	60	58	0	827.867	0	0
15243	A	A	827.56	37	60	60	827.56	0	0	0
15244	A	A	855.381	37	62	62	855.381	0	0	0
15245	A	A	865.888	37	62	62	865.888	0	0	0
15246	A	A	883.846	37	64	64	883.846	0	0	0
15247	C	C	781.512	37	63	57	0	781.512	0	0
15248	A	A	864.248	37	62	62	864.248	0	0	0
15249	A	A	858.21	37	62	62	858.21	0	0	0
15250	G	G	885.071	37	63	62	0	0	885.071	0
15251	T	T	882.717	37	64	64	0	0	0	882.717
15252	G	G	841.303	37	64	60	0	0	841.303	0
15253	A	A	851.648	37	65	65	851.648	0	0	0
15254	T	T	865.326	37	63	63	0	0	0	865.326
15255	T	T	886.808	37	64	64	0	0	0	886.808
15256	T	T	840.127	37	61	61	0	0	0	840.127
15257	C	C	819.934	37	58	57	0	819.934	0	0
15258	G	G	776.533	37	59	55	0	0	776.533	0
15259	A	A	757.205	37	54	54	757.205	0	0	0
15260	C	C	803.341	37	57	56	0	803.341	0	0
15261	T	T	791.303	37	59	59	0	0	0	791.303
15262	C	C	812.209	37	59	57	0	812.209	0	0
15263	A	A	839.124	37	61	61	839.124	0	0	0
15264	C	C	819.956	37	61	58	0	819.956	0	0
15265	T	T	825.777	37	62	62	0	0	0	825.777
15266	A	A	836.69	37	63	63	836.69	0	0	0
15267	G	G	862.631	37	61	60	0	0	862.631	0
15268	A	A	815.015	37	59	59	815.015	0	0	0
15269	T	T	780.74	37	56	56	0	0	0	780.74
15270	T	T	790.621	37	57	57	0	0	0	790.621
15271	A	A	802.678	37	57	57	802.678	0	0	0
15272	T	T	805.55	37	58	58	0	0	0	805.55
15273	G	G	816.207	37	59	57	0	0	816.207	0
15274	A	A	802.099	37	59	59	802.099	0	0	0
15275	A	A	825.518	37	60	60	825.518	0	0	0
15276	T	T	823.136	37	61	61	0	0	0	823.136
15277	A	A	836.562	37	60	60	836.562	0	0	0
15278	A	A	837.271	37	60	60	837.271	0	0	0
15279	T	T	826.342	37	62	62	0	0	0	826.342
15280	A	A	876.414	37	63	63	876.414	0	0	0
15281	A	A	857.869	37	61	61	857.869	0	0	0
15282	C	C	828.572	37	60	58	0	828.572	0	0
15283	A	A	838.345	37	60	60	838.345	0	0	0
15284	T	T	853.421	37	60	60	0	0	0	853.421
15285	A	A	849.334	37	61	61	849.334	0	0	0
15286	A	A	842.363	37	61	61	842.363	0	0	0
15287	T	T	854.146	37	62	62	0	0	0	854.146
15288	T	T	836.174	37	60	60	0	0	0	836.174
15289	A	A	821.141	37	61	61	821.141	0	0	0
15290	T	T	850.506	37	61	61	0	0	0	850.506
15291	C	C	836.904	37	59	58	0	836.904	0	0
15292	A	A	810.32	37	59	59	810.32	0	0	0
15293	A	A	772.653	37	58	58	772.653	0	0	0
15294	G	G	791.186	37	56	55	0	0	791.186	0
15295	T	T	797.593	37	57	57	0	0	0	797.593
15296	G	G	826.957	37	60	58	0	0	826.957	0
15297	C	C	863.414	37	61	60	0	863.414	0	0
15298	C	C	750.814	37	59	54	0	750.814	0	0
15299	T	T	799.748	37	61	61	0	0	0	799.748
15300	G	G	796.858	37	58	56	0	0	796.858	0
15301	T	T	794.59	37	60	60	0	0	0	794.59
15302	A	A	801.357	37	61	61	801.357	0	0	0
15303	G	G	779.303	37	58	55	0	0	779.303	0
15304	T	T	794.487	37	57	57	0	0	0	794.487
15305	T	T	772.598	37	56	56	0	0	0	772.598
15306	T	T	760.867	37	55	55	0	0	0	760.867
15307	A	A	763.3	37	55	55	763.3	0	0	0
15308	T	T	748.279	37	54	54	0	0	0	748.279
15309	G	G	727.544	37	53	51	0	0	727.544	0
15310	T	T	749.994	37	54	54	0	0	0	749.994
15311	T	T	756.034	37	54	54	0	0	0	756.034
15312	A	A	801.88	37	57	57	801.88	0	0	0
15313	A	A	799.988	37	58	58	799.988	0	0	0
15314	T	T	784.688	37	60	60	0	0	0	784.688
15315	A	A	866.079	37	63	63	866.079	0	0	0
15316	T	T	825.722	37	64	64	0	0	0	825.722
15317	T	T	846.333	37	64	64	0	0	0	846.333
15318	T	T	835.37	37	63	63	0	0	0	835.37
15319	T	T	879.816	37	67	67	0	0	0	879.816
15320	C	C	917.194	37	65	64	0	917.194	0	0
15321	T	T	897.499	37	67	67	0	0	0	897.499
15322	T	T	892.601	37	66	66	0	0	0	892.601
15323	A	A	854.659	37	64	64	854.659	0	0	0
15324	G	G	887.82	37	64	62	0	0	887.82	0
15325	C	C	808.583	37	62	58	0	808.583	0	0
15326	C	C	934.018	37	66	65	0	934.018	0	0
15327	T	T	875.1	37	65	65	0	0	0	875.1
15328	T	T	853.241	37	64	64	0	0	0	853.241
15329	C	C	888.331	37	64	62	0	888.331	0	0
15330	A	A	860.265	37	61	61	860.265	0	0	0
15331	T	T	870.506	37	63	63	0	0	0	870.506
15332	T	T	871.72	37	63	63	0	0	0	871.72
15333	G	G	864.186	37	63	61	0	0	864.186	0
15334	T	T	888.498	37	63	63	0	0	0	888.498
15335	A	A	880.756	37	63	63	880.756	0	0	0
15336	T	T	895.923	37	65	65	0	0	0	895.923
15337	C	C	869.487	37	64	61	0	869.487	0	0
15338	C	C	885.048	37	63	62	0	885.048	0	0
15339	C	C	866.334	37	61	60	0	866.334	0	0
15340	T	T	882.679	37	64	64	0	0	0	882.679
15341	A	A	881.905	37	64	64	881.905	0	0	0
15342	G	G	904.492	37	65	63	0	0	904.492	0
15343	T	T	877.365	37	67	67	0	0	0	877.365
15344	A	A	922.744	37	68	68	922.744	0	0	0
15345	G	G	914.983	37	68	65	0	0	914.983	0
15346	G	G	883.266	37	67	63	0	0	883.266	0
15347	A	A	930.674	37	69	69	930.674	0	0	0
15348	C	C	951.149	37	66	66	0	951.149	0	0
15349	T	T	911.384	37	67	67	0	0	0	911.384
15350	A	A	939.222	37	68	68	939.222	0	0	0
15351	C	C	907.751	36.1306	67	64	0	907.751	0	0
15352	T	T	921.897	36.1306	67	67	0	0	0	921.897
15353	C	C	972.128	36.1645	70	68	0	972.128	0	0
15354	A	A	990.463	36.1645	70	70	990.463	0	0	0
15355	T	T	965.633	36.1752	71	71	0	0	0	965.633
15356	T	T	973.921	36.1959	73	73	0	0	0	973.921
15357	T	T	994.124	36.2058	74	74	0	0	0	994.124
15358	A	A	1001.82	36.2058	74	74	1001.82	0	0	0
15359	T	T	1017.91	36.2058	74	74	0	0	0	1017.91
15360	C	C	1023.41	36.1857	72	71	0	1023.41	0	0
15361	G	G	991.383	36.1645	70	69	0	0	991.383	0
15362	A	A	934.714	36.1422	68	68	934.714	0	0	0
15363	T	T	963.226	35.4454	69	69	0	0	0	963.226
15364	C	C	933.19	34.8367	69	66	0	933.19	0	0
15365	C	C	966.098	34.7862	67	67	0	966.098	0	0
15366	C	C	949.691	34.3318	70	67	0	949.691	0	0
15367	A	A	964.78	34.3599	71	71	964.78	0	0	0
15368	T	T	960.934	34.3318	70	70	0	0	0	960.934
15369	C	C	963.7	33.9528	73	69	0	963.7	0	0
15370	T	T	973.642	33.9825	74	74	0	0	0	973.642
15371	A	A	975.552	33.4688	71	71	975.552	0	0	0
15372	A	A	984.489	33.5025	72	72	984.489	0	0	0
15373	T	T	964.352	33.4688	71	71	0	0	0	964.352
15374	A	A	938.972	33.0095	69	69	938.972	0	0	0
15375	T	T	965.911	33.0095	69	69	0	0	0	965.911
15376	C	C	933.126	32.9322	67	65	0	933.126	0	0
15377	C	C	965.906	32.3212	69	67	0	965.906	0	0
15378	T	T	954.396	32.2793	68	68	0	0	0	954.396
15379	C	C	907.234	31.5433	65	63	0	907.234	0	0
15380	C	C	917.393	31.3182	66	64	0	917.393	0	0
15381	C	C	949.461	31.3658	67	66	0	949.461	0	0
15382	T	T	906.321	31.3182	66	66	0	0	0	906.321
15383	A	A	904.779	31.3182	66	66	904.779	0	0	0
15384	C	C	908.768	31.2203	64	63	0	908.768	0	0
15385	T	T	898.415	31.1699	63	63	0	0	0	898.415
15386	T	T	873.106	31.0659	61	61	0	0	0	873.106
15387	T	T	886.242	31.1184	62	62	0	0	0	886.242
15388	G	C	896.41	31.1184	62	62	0	896.41	0	0
15389	C	C	868.06	31.0123	60	60	0	868.06	0	0
15390	C	C	875.651	31.1184	62	61	0	875.651	0	0
15391	T	T	816.578	31.2919	60	60	0	0	0	816.578
15392	A	A	797.65	31.1837	58	58	797.65	0	0	0
15393	G	G	784.616	31.1278	57	55	0	0	784.616	0
15394	A	A	783.706	31.0707	56	56	783.706	0	0	0
15395	G	G	838.755	31.5386	59	58	0	0	838.755	0
15396	G	G	852.815	31.5386	59	59	0	0	852.815	0
15397	G	G	867.605	31.5907	60	60	0	0	867.605	0
15398	T	T	805.525	31.5907	60	60	0	0	0	805.525
15399	A	A	836.675	31.5907	60	60	836.675	0	0	0
15400	T	T	841.196	31.6417	61	61	0	0	0	841.196
15401	A	A	900.032	31.5907	66	66	900.032	0	0	0
15402	A	A	904.223	31.5907	66	66	904.223	0	0	0
15403	T	T	891.125	31.9707	68	68	0	0	0	891.125
15404	G	G	932.978	31.9707	68	66	0	0	932.978	0
15405	C	C	931.18	31.8814	66	65	0	931.18	0	0
15406	T	T	896.734	31.8354	65	65	0	0	0	896.734
15407	G	G	914.605	31.8814	66	64	0	0	914.605	0
15408	T	T	925.829	31.8354	65	65	0	0	0	925.829
15409	C	C	924.113	32.4859	65	64	0	924.113	0	0
15410	T	T	872.001	32.3521	62	62	0	0	0	872.001
15411	T	A	819.239	32.3977	63	63	819.239	0	0	0
15412	T	T	854.941	32.3521	62	62	0	0	0	854.941
15413	A	A	844.091	32.4859	65	65	844.091	0	0	0
15414	T	T	885.61	32.4422	64	64	0	0	0	885.61
15415	T	T	840.36	33.1315	62	62	0	0	0	840.36
15416	T	T	784.4	33.9378	58	58	0	0	0	784.4
15417	G	G	785.761	34.4921	57	55	0	0	785.761	0
15418	T	T	797.236	34.5251	58	58	0	0	0	797.236
15419	T	T	757.757	35.1249	55	55	0	0	0	757.757
15420	A	A	770.757	35.1787	57	57	770.757	0	0	0
15421	T	T	764.404	35.1787	57	57	0	0	0	764.404
15422	G	G	808.431	35.1787	57	56	0	0	808.431	0
15423	C	C	796.666	35.2537	60	57	0	796.666	0	0
15424	T	T	784.591	36.0538	61	61	0	0	0	784.591
15425	A	A	865.878	36.0675	62	62	865.878	0	0	0
15426	A	A	862.508	36.0809	63	63	862.508	0	0	0
15427	C	C	862.154	36.0538	61	60	0	862.154	0	0
15428	A	A	863.772	36.0809	63	63	863.772	0	0	0
15429	G	G	912.15	36.1064	65	64	0	0	912.15	0
15430	T	T	882.997	36.1064	65	65	0	0	0	882.997
15431	A	A	911.511	36.1187	66	66	911.511	0	0	0
15432	A	A	905.788	36.1064	65	64	905.788	0	0	0
15433	C	C	856.648	36.1064	65	61	0	856.648	0	0
15434	A	A	908.937	36.1187	66	66	908.937	0	0	0
15435	G	G	951.895	36.1187	66	66	0	0	951.895	0
15436	T	T	920.086	36.1306	67	67	0	0	0	920.086
15437	T	T	928.74	36.1306	67	67	0	0	0	928.74
15438	T	T	922.671	36.1535	69	69	0	0	0	922.671
15439	T	T	929.052	36.1645	70	70	0	0	0	929.052
15440	A	A	945.099	37	70	70	945.099	0	0	0
15441	A	A	952.543	37	71	71	952.543	0	0	0
15442	A	A	931.06	37	68	68	931.06	0	0	0
15443	C	C	926.401	37	71	66	0	926.401	0	0
15444	A	A	971.743	37	70	70	971.743	0	0	0
15445	A	A	985.928	37	72	72	985.928	0	0	0
15446	T	T	961.305	37	72	72	0	0	0	961.305
15447	C	C	990.8	37	72	70	0	990.8	0	0
15448	A	A	995.789	37	72	72	995.789	0	0	0
15449	C	C	1024.62	37	72	71	0	1024.62	0	0
15450	T	T	971.017	37	69	69	0	0	0	971.017
15451	T	T	971.364	37	68	68	0	0	0	971.364
15452	T	T	951.169	37	67	67	0	0	0	951.169
15453	A	A	947.771	37	70	70	947.771	0	0	0
15454	C	C	978.022	37	69	68	0	978.022	0	0
15455	A	A	947.397	37	70	70	947.397	0	0	0
15456	C	C	956.864	37	69	67	0	956.864	0	0
15457	T	T	916.785	37	67	67	0	0	0	916.785
15458	G	G	912.055	37	67	64	0	0	912.055	0
15459	G	G	921.551	37	65	64	0	0	921.551	0
15460	C	C	936.022	37	66	65	0	936.022	0	0
15461	T	T	917.582	37	65	65	0	0	0	917.582
15462	A	A	942.698	37	70	70	942.698	0	0	0
15463	A	A	943.162	37	70	70	943.162	0	0	0
15464	T	T	942.093	37	70	70	0	0	0	942.093
15465	A	A	923.331	37	69	69	923.331	0	0	0
15466	T	T	907.188	37	68	68	0	0	0	907.188
15467	A	A	919.002	37	67	67	919.002	0	0	0
15468	G	G	920.113	37	65	64	0	0	920.113	0
15469	C	C	859.919	37	62	60	0	859.919	0	0
15470	T	T	883.781	37	62	62	0	0	0	883.781
15471	C	C	899.18	37	62	62	0	899.18	0	0
15472	C	C	870.618	37	60	60	0	870.618	0	0
15473	T	T	856.028	37	59	59	0	0	0	856.028
15474	A	A	811.989	37	61	61	811.989	0	0	0
15475	T	T	814.615	37	57	57	0	0	0	814.615
15476	T	T	796.21	37	57	57	0	0	0	796.21
15477	A	A	792.785	37	58	58	792.785	0	0	0
15478	T	T	790.29	37	58	58	0	0	0	790.29
15479	C	C	822.783	37	57	57	0	822.783	0	0
15480	C	C	811.13	36.0397	60	57	0	811.13	0	0
15481	T	T	799.711	36.0397	60	60	0	0	0	799.711
15482	G	G	848.324	36.0397	60	59	0	0	848.324	0
15483	C	C	826.144	36.0397	60	58	0	826.144	0	0
15484	T	T	794.952	36.0251	59	59	0	0	0	794.952
15485	G	G	825.76	36.0397	60	58	0	0	825.76	0
15486	G	G	841.603	36.0538	61	59	0	0	841.603	0
15487	T	T	824.552	36.0538	61	61	0	0	0	824.552
15488	A	A	791.875	36.0251	59	59	791.875	0	0	0
15489	T	T	757.505	35.9785	56	56	0	0	0	757.505
15490	T	T	790.624	36.01	58	58	0	0	0	790.624
15491	C	C	847.931	36.0251	59	59	0	847.931	0	0
15492	G	G	829.778	36.0675	62	59	0	0	829.778	0
15493	C	C	837.671	36.0938	64	60	0	837.671	0	0
15494	T	T	827.513	36.0809	63	63	0	0	0	827.513
15495	G	G	753.346	36.01	58	54	0	0	753.346	0
15496	C	C	778.595	35.945	54	54	0	778.595	0	0
15497	C	C	669.307	37	50	48	0	669.307	0	0
15498	T	T	674.993	37	47	47	0	0	0	674.993
15499	G	G	639.327	37	46	45	0	0	639.327	0
15500	C	C	673.798	37	49	47	0	673.798	0	0
15501	G	G	721.571	37	50	50	0	0	721.571	0
15502	A	A	725.381	37	52	52	725.381	0	0	0
15503	G	G	766.19	37	54	53	0	0	766.19	0
15504	G	G	808.436	37	57	56	0	0	808.436	0
15505	C	C	714.955	37	56	52	0	714.955	0	0
15506	A	A	809.633	37	57	57	809.633	0	0	0
15507	G	G	799.021	37	57	56	0	0	799.021	0
15508	C	C	858.784	37	61	60	0	858.784	0	0
15509	A	A	864.448	37	62	62	864.448	0	0	0
15510	C	C	833.646	37	61	59	0	833.646	0	0
15511	T	T	835.692	37	61	61	0	0	0	835.692
15512	A	A	850.672	37	62	62	850.672	0	0	0
15513	G	G	876.944	37	62	61	0	0	876.944	0
15514	G	G	920.076	37	65	64	0	0	920.076	0
15515	A	A	887.546	37	66	66	887.546	0	0	0
15516	C	C	882.836	37	65	62	0	882.836	0	0
15517	T	T	863.65	37	64	64	0	0	0	863.65
15518	G	G	925.051	37	67	65	0	0	925.051	0
15519	T	T	895.19	37	67	67	0	0	0	895.19
15520	C	C	950.646	37	67	66	0	950.646	0	0
15521	C	C	941.117	37	66	66	0	941.117	0	0
15522	C	C	928.159	37	67	65	0	928.159	0	0
15523	T	T	948.077	37	69	69	0	0	0	948.077
15524	G	G	961.514	37	68	67	0	0	961.514	0
15525	C	C	992.597	37	70	69	0	992.597	0	0
15526	T	T	914.019	37	67	67	0	0	0	914.019
15527	A	A	905.4	37	67	67	905.4	0	0	0
15528	G	G	950.085	37	67	66	0	0	950.085	0
15529	T	T	915.601	37	67	67	0	0	0	915.601
15530	A	A	874.7	37	65	65	874.7	0	0	0
15531	A	A	900.111	37	65	65	900.111	0	0	0
15532	T	T	887.835	37	64	64	0	0	0	887.835
15533	A	A	870.601	37	66	66	870.601	0	0	0
15534	G	G	919.707	37	64	64	0	0	919.707	0
15535	T	T	870.4	37	64	64	0	0	0	870.4
15536	C	C	924.852	37	64	64	0	924.852	0	0
15537	T	T	844.32	37	61	61	0	0	0	844.32
15538	C	C	820.647	37	58	57	0	820.647	0	0
15539	T	T	824.156	37	60	60	0	0	0	824.156
15540	A	A	827.089	37	60	60	827.089	0	0	0
15541	A	A	825.09	37	60	60	825.09	0	0	0
15542	C	C	842.045	37	61	59	0	842.045	0	0
15543	A	A	824.329	37	62	62	824.329	0	0	0
15544	C	C	846.659	37	62	60	0	846.659	0	0
15545	T	T	839.527	37	62	62	0	0	0	839.527
15546	T	T	823.69	37	61	61	0	0	0	823.69
15547	A	A	828.474	37	63	63	828.474	0	0	0
15548	C	C	864.005	37	61	60	0	864.005	0	0
15549	G	G	830.887	37	59	58	0	0	830.887	0
15550	G	G	826.412	37	60	58	0	0	826.412	0
15551	A	A	791.049	37	60	60	791.049	0	0	0
15552	A	A	766.154	37	58	58	766.154	0	0	0
15553	C	C	752.736	37	56	53	0	752.736	0	0
15554	T	T	734.595	37	54	54	0	0	0	734.595
15555	G	G	808.497	37	56	56	0	0	808.497	0
15556	A	A	779.372	37	56	56	779.372	0	0	0
15557	T	T	777.164	37	59	59	0	0	0	777.164
15558	T	T	804.763	37	59	59	0	0	0	804.763
15559	A	A	882.922	37	64	64	882.922	0	0	0
15560	T	T	836.255	37	64	64	0	0	0	836.255
15561	G	G	891.685	37	64	62	0	0	891.685	0
15562	T	T	865.253	37	64	64	0	0	0	865.253
15563	A	A	889.932	37	63	63	889.932	0	0	0
15564	C	C	945.071	37	68	66	0	945.071	0	0
15565	A	A	939.727	37	68	68	939.727	0	0	0
15566	A	A	957.234	37	70	70	957.234	0	0	0
15567	A	A	969.059	37	71	71	969.059	0	0	0
15568	A	A	934.363	37	70	70	934.363	0	0	0
15569	C	C	977.283	37	69	68	0	977.283	0	0
15570	C	C	994.708	37	70	69	0	994.708	0	0
15571	T	T	957.995	37	70	70	0	0	0	957.995
15572	C	C	997.35	37	73	70	0	997.35	0	0
15573	A	A	970.495	37	70	70	970.495	0	0	0
15574	A	A	979.274	37	70	70	979.274	0	0	0
15575	T	T	924.01	37	68	68	0	0	0	924.01
15576	C	C	901.894	37	68	64	0	901.894	0	0
15577	T	T	939.905	37	67	67	0	0	0	939.905
15578	C	C	971.884	37	69	68	0	971.884	0	0
15579	T	T	972.211	37	69	69	0	0	0	972.211
15580	T	T	960.85	37	68	68	0	0	0	960.85
15581	A	A	937.513	37	70	70	937.513	0	0	0
15582	C	C	902.415	37	67	64	0	902.415	0	0
15583	A	A	899.212	37	65	65	899.212	0	0	0
15584	A	A	897.996	37	65	65	897.996	0	0	0
15585	T	T	892.21	37	65	65	0	0	0	892.21
15586	G	G	906.35	37	65	63	0	0	906.35	0
15587	C	C	933.475	37	66	65	0	933.475	0	0
15588	T	T	913.345	37	67	67	0	0	0	913.345
15589	A	A	917.263	37	68	68	917.263	0	0	0
15590	A	A	909.53	37	67	67	909.53	0	0	0
15591	A	A	902.128	37	67	67	902.128	0	0	0
15592	A	A	923.762	37	66	66	923.762	0	0	0
15593	A	A	932.12	37	67	67	932.12	0	0	0
15594	T	T	916.082	37	67	67	0	0	0	916.082
15595	C	C	891.618	37	68	64	0	891.618	0	0
15596	A	A	887.957	37	65	65	887.957	0	0	0
15597	T	T	919.2	37	65	65	0	0	0	919.2
15598	C	C	912.993	37	63	63	0	912.993	0	0
15599	T	T	890.9	37	64	64	0	0	0	890.9
15600	T	T	883.888	37	63	63	0	0	0	883.888
15601	C	C	845.879	37	63	60	0	845.879	0	0
15602	C	C	880.05	37	62	61	0	880.05	0	0
15603	C	C	907.694	37	63	63	0	907.694	0	0
15604	C	C	866.778	37	60	60	0	866.778	0	0
15605	A	A	789.967	37	59	59	789.967	0	0	0
15606	C	C	865.252	37	60	60	0	865.252	0	0
15607	T	T	804.882	37	58	58	0	0	0	804.882
15608	A	A	787.81	37	58	58	787.81	0	0	0
15609	T	T	789.163	37	58	58	0	0	0	789.163
15610	A	A	820.104	37	58	58	820.104	0	0	0
15611	A	A	850.402	37	60	60	850.402	0	0	0
15612	T	T	798.806	37	59	59	0	0	0	798.806
15613	G	G	853.99	37	59	59	0	0	853.99	0
15614	C	C	890.463	37	63	62	0	890.463	0	0
15615	T	T	861.991	37	64	64	0	0	0	861.991
15616	A	A	872.378	37	64	64	872.378	0	0	0
15617	G	G	870.139	37	66	62	0	0	870.139	0
15618	T	T	884.502	37	66	66	0	0	0	884.502
15619	A	A	935.421	37	67	67	935.421	0	0	0
15620	C	C	912.662	37	66	64	0	912.662	0	0
15621	C	C	896.929	37	69	64	0	896.929	0	0
15622	T	T	932.272	37	71	71	0	0	0	932.272
15623	C	C	1021.05	37	71	71	0	1021.05	0	0
15624	T	T	971.218	37	72	72	0	0	0	971.218
15625	T	T	969.831	37	71	71	0	0	0	969.831
15626	A	A	936.199	37	68	68	936.199	0	0	0
15627	C	C	968.624	37	67	67	0	968.624	0	0
15628	A	A	912.501	37	67	67	912.501	0	0	0
15629	T	T	937.504	37	66	66	0	0	0	937.504
15630	G	G	879.136	37	66	62	0	0	879.136	0
15631	A	A	883.746	37	64	64	883.746	0	0	0
15632	G	G	895.729	37	62	62	0	0	895.729	0
15633	C	C	905.179	37	65	63	0	905.179	0	0
15634	G	G	870.306	37	65	62	0	0	870.306	0
15635	T	T	903.622	37	66	66	0	0	0	903.622
15636	C	C	887.496	37	67	63	0	887.496	0	0
15637	A	A	945.132	37	70	70	945.132	0	0	0
15638	A	A	923.192	37	68	68	923.192	0	0	0
15639	A	A	914.655	37	68	68	914.655	0	0	0
15640	G	G	909.223	37	67	64	0	0	909.223	0
15641	C	C	875.401	37	66	62	0	875.401	0	0
15642	C	C	916.758	37	68	65	0	916.758	0	0
15643	C	C	945.638	37	68	66	0	945.638	0	0
15644	A	A	889.314	37	65	65	889.314	0	0	0
15645	A	A	877.734	37	65	65	877.734	0	0	0
15646	T	T	870.745	37	64	64	0	0	0	870.745
15647	A	A	904.708	37	66	66	904.708	0	0	0
15648	T	T	872.814	37	64	64	0	0	0	872.814
15649	A	A	879.653	37	65	65	879.653	0	0	0
15650	A	A	865.783	37	62	62	865.783	0	0	0
15651	T	T	858.28	37	62	62	0	0	0	858.28
15652	T	T	895.187	37	65	65	0	0	0	895.187
15653	T	T	891.313	37	65	65	0	0	0	891.313
15654	G	G	881.64	37	63	62	0	0	881.64	0
15655	G	G	890.114	37	63	62	0	0	890.114	0
15656	A	A	829.568	37	62	62	829.568	0	0	0
15657	T	T	851.926	37	62	62	0	0	0	851.926
15658	C	C	872.597	37	63	61	0	872.597	0	0
15659	A	A	869.04	37	63	63	869.04	0	0	0
15660	A	A	867.311	37	63	63	867.311	0	0	0
15661	T	T	836.785	37	62	62	0	0	0	836.785
15662	A	A	876.489	37	62	62	876.489	0	0	0
15663	C	C	887.975	37	64	62	0	887.975	0	0
15664	A	A	886.668	37	64	64	886.668	0	0	0
15665	A	A	902.214	37	66	66	902.214	0	0	0
15666	C	C	944.886	37	68	66	0	944.886	0	0
15667	A	A	899.55	37	65	65	899.55	0	0	0
15668	G	G	888.044	37	64	62	0	0	888.044	0
15669	C	C	898.251	36.1187	66	63	0	898.251	0	0
15670	T	T	884.947	36.0938	64	64	0	0	0	884.947
15671	T	T	896.854	36.1064	65	65	0	0	0	896.854
15672	A	A	923.266	35.3864	66	66	923.266	0	0	0
15673	C	C	935.602	35.3864	66	65	0	935.602	0	0
15674	A	A	946.227	34.8118	68	68	946.227	0	0	0
15675	G	G	942.87	34.7331	65	65	0	0	942.87	0
15676	C	C	932.659	34.2434	67	65	0	932.659	0	0
15677	C	C	985.63	34.3599	71	69	0	985.63	0	0
15678	T	T	958.514	34.4145	73	72	0	0	0	958.514
15679	G	G	1025.86	34.3875	72	71	0	0	1025.86	0
15680	C	C	1041.6	34.4668	75	73	0	1041.6	0	0
15681	T	T	1041.61	34.5412	78	78	0	0	0	1041.61
15682	T	T	1051.29	34.5169	77	77	0	0	0	1051.29
15683	A	A	993.895	34.4921	76	76	993.895	0	0	0
15684	T	T	1055.43	34.5169	77	77	0	0	0	1055.43
15685	C	G	1021.55	34.4668	75	72	0	0	1021.55	0
15686	A	A	923.869	34.303	69	69	923.869	0	0	0
15687	G	G	904.456	34.2126	66	64	0	0	904.456	0
15688	T	T	916.663	34.1811	65	65	0	0	0	916.663
15689	C	C	937.945	34.2126	66	65	0	937.945	0	0
15690	T	T	913.151	34.2126	66	66	0	0	0	913.151
15691	T	T	904.213	34.2126	66	66	0	0	0	904.213
15692	G	G	931.209	34.2735	68	65	0	0	931.209	0
15693	T	T	865.349	34.7056	64	64	0	0	0	865.349
15694	C	C	924.162	34.7331	65	64	0	924.162	0	0
15695	A	A	953.782	34.8367	69	69	953.782	0	0	0
15696	G	G	965.213	34.8612	70	68	0	0	965.213	0
15697	T	T	962.913	34.885	71	71	0	0	0	962.913
15698	T	T	954.379	34.9083	72	72	0	0	0	954.379
15699	T	T	963.877	34.9311	73	73	0	0	0	963.877
15700	A	A	1010.88	34.9083	72	72	1010.88	0	0	0
15701	A	A	1011.15	34.9083	72	72	1011.15	0	0	0
15702	C	C	982.108	34.9083	72	69	0	982.108	0	0
15703	A	A	993.248	34.9083	72	72	993.248	0	0	0
15704	T	T	1006.97	34.9311	73	73	0	0	0	1006.97
15705	A	A	980.413	34.9083	72	72	980.413	0	0	0
15706	T	T	1027.79	34.9966	76	76	0	0	0	1027.79
15707	C	C	997.482	35.5512	75	71	0	997.482	0	0
15708	T	T	1021.5	35.5675	76	76	0	0	0	1021.5
15709	C	C	993.848	35.5176	73	70	0	993.848	0	0
15710	A	A	949.889	35.5002	72	72	949.889	0	0	0
15711	A	A	961.77	35.5002	72	72	961.77	0	0	0
15712	C	C	1025.64	35.4824	71	71	0	1025.64	0	0
15713	C	C	1003.02	35.5002	72	70	0	1003.02	0	0
15714	A	A	926.751	35.4066	67	67	926.751	0	0	0
15715	G	G	906.811	36.0938	64	63	0	0	906.811	0
15716	C	C	918.801	36.1187	66	64	0	918.801	0	0
15717	T	T	927.403	36.1306	67	67	0	0	0	927.403
15718	C	C	982.058	36.1422	68	68	0	982.058	0	0
15719	A	A	873.096	37	66	66	873.096	0	0	0
15720	G	G	893.294	37	63	62	0	0	893.294	0
15721	T	T	894.822	37	64	64	0	0	0	894.822
15722	G	G	871.018	37	63	61	0	0	871.018	0
15723	A	A	840.48	37	61	61	840.48	0	0	0
15724	C	C	823.632	37	60	58	0	823.632	0	0
15725	A	A	876.313	37	63	63	876.313	0	0	0
15726	A	A	866.712	37	63	63	866.712	0	0	0
15727	T	T	850.364	37	62	62	0	0	0	850.364
15728	A	A	887.099	37	65	65	887.099	0	0	0
15729	G	G	899.965	37	65	63	0	0	899.965	0
15730	C	C	885.557	37	64	62	0	885.557	0	0
15731	C	C	791.344	37	62	57	0	791.344	0	0
15732	T	T	821.536	37	60	60	0	0	0	821.536
15733	A	A	811.281	36.0538	61	61	811.281	0	0	0
15734	A	A	791.066	36.0538	61	61	791.066	0	0	0
15735	A	A	779.307	36.0538	61	61	779.307	0	0	0
15736	C	C	868.287	36.0397	60	60	0	868.287	0	0
15737	T	T	807.264	35.9945	57	57	0	0	0	807.264
15738	T	T	747.799	35.9273	53	53	0	0	0	747.799
15739	C	C	736.516	35.0379	52	51	0	736.516	0	0
15740	T	T	710.631	35.0071	51	51	0	0	0	710.631
15741	C	C	725.073	35.0678	53	51	0	725.073	0	0
15742	A	A	748.124	35.1249	55	55	748.124	0	0	0
15743	T	T	724.275	35.0968	54	54	0	0	0	724.275
15744	T	T	706.323	35.0379	52	52	0	0	0	706.323
15745	G	G	700.199	35.0379	52	50	0	0	700.199	0
15746	C	C	674.499	34.3127	52	49	0	674.499	0	0
15747	T	T	705.351	34.1917	49	49	0	0	0	705.351
15748	A	A	637.562	34.1488	48	48	637.562	0	0	0
15749	T	T	684.373	34.1488	48	48	0	0	0	684.373
15750	T	T	636.793	34.0588	46	46	0	0	0	636.793
15751	C	C	624.376	34.0116	45	44	0	624.376	0	0
15752	T	T	614.486	33.3453	45	45	0	0	0	614.486
15753	T	T	610.604	33.2895	44	44	0	0	0	610.604
15754	T	T	580.682	33.2319	43	43	0	0	0	580.682
15755	A	A	648.705	33.4517	47	47	648.705	0	0	0
15756	C	C	679.183	32.5566	50	48	0	679.183	0	0
15757	C	C	716.123	32.5566	50	50	0	716.123	0	0
15758	G	G	670.51	32.1161	50	48	0	0	670.51	0
15759	A	A	678.052	31.8354	52	52	678.052	0	0	0
15760	C	C	703.153	31.7162	50	49	0	703.153	0	0
15761	T	T	672.615	31.7162	50	50	0	0	0	672.615
15762	C	C	676.219	31.5254	47	47	0	676.219	0	0
15763	C	C	664.261	30.879	48	47	0	664.261	0	0
15764	C	C	662.63	30.4918	47	46	0	662.63	0	0
15765	T	T	652.796	30.2677	48	48	0	0	0	652.796
15766	A	A	664.071	30.1955	47	47	664.071	0	0	0
15767	T	T	661.936	30.2677	48	48	0	0	0	661.936
15768	C	A	675.655	30.3381	49	49	675.655	0	0	0
15769	A	A	714.142	30.5392	52	52	714.142	0	0	0
15770	G	G	690.987	30.3381	49	48	0	0	690.987	0
15771	C	C	719.181	30.2012	51	50	0	719.181	0	0
15772	C	C	690.893	30.2012	51	49	0	690.893	0	0
15773	C	C	721.613	30.0122	52	51	0	721.613	0	0
15774	C	C	747.484	30.0783	53	52	0	747.484	0	0
15775	C	C	747.471	30.0783	53	52	0	747.471	0	0
15776	C	C	758.933	30.1428	54	53	0	758.933	0	0
15777	T	T	734.625	30.1428	54	54	0	0	0	734.625
15778	A	A	806.369	30.2101	59	59	806.369	0	0	0
15779	T	T	770.871	30.4453	59	59	0	0	0	770.871
15780	T	T	800.955	30.3242	61	61	0	0	0	800.955
15781	A	A	831.511	30.3795	62	62	831.511	0	0	0
15782	G	T	807.978	30.1026	61	61	0	0	0	807.978
15783	T	T	806.749	29.9871	59	59	0	0	0	806.749
15784	C	C	804.437	29.9871	59	57	0	804.437	0	0
15785	C	C	849.894	30.0454	60	59	0	849.894	0	0
15786	T	T	806.203	30.1513	58	58	0	0	0	806.203
15787	C	C	805.407	30.0913	57	56	0	805.407	0	0
15788	A	A	784.312	29.8667	57	57	784.312	0	0	0
15789	C	C	759.583	30.1513	58	54	0	759.583	0	0
15790	A	A	768.513	30.0913	57	57	768.513	0	0	0
15791	A	A	756.638	30.03	56	56	756.638	0	0	0
15792	C	C	791.879	30.03	56	55	0	791.879	0	0
15793	A	A	728.575	30.3963	54	54	728.575	0	0	0
15794	T	T	756.092	30.6031	53	53	0	0	0	756.092
15795	G	G	708.911	30.5392	52	50	0	0	708.911	0
15796	A	A	732.166	30.8914	53	53	732.166	0	0	0
15797	C	C	737.707	31.2002	53	52	0	737.707	0	0
15798	T	T	741.544	31.3752	56	56	0	0	0	741.544
15799	A	A	772.994	32.3389	54	54	772.994	0	0	0
15800	C	C	757.974	32.4422	56	54	0	757.974	0	0
15801	T	T	765.602	32.5407	58	58	0	0	0	765.602
15802	A	A	804.133	32.5407	58	58	804.133	0	0	0
15803	C	C	821.078	32.492	57	57	0	821.078	0	0
15804	C	C	824.488	32.5882	59	58	0	824.488	0	0
15805	C	C	835.217	32.5882	59	58	0	835.217	0	0
15806	C	C	836.538	32.9583	58	58	0	836.538	0	0
15807	T	T	813.651	33.0032	59	59	0	0	0	813.651
15808	A	A	806.161	32.9583	58	58	806.161	0	0	0
15809	A	C	824.727	32.9124	57	57	0	824.727	0	0
15810	T	T	836.528	33.1723	63	63	0	0	0	836.528
15811	G	G	908.81	33.1723	63	63	0	0	908.81	0
15812	C	C	869.672	33.1723	63	61	0	869.672	0	0
15813	T	T	852.249	33.2513	65	65	0	0	0	852.249
15814	A	A	901.429	33.2122	64	64	901.429	0	0	0
15815	A	A	916.85	33.2513	65	65	916.85	0	0	0
15816	T	T	869.804	33.2513	65	64	0	0	0	869.804
15817	G	G	968.673	33.3269	67	67	0	0	968.673	0
15818	G	G	982.46	33.3993	69	68	0	0	982.46	0
15819	C	C	938.466	33.3993	69	66	0	938.466	0	0
15820	G	G	984.752	33.86	70	69	0	0	984.752	0
15821	A	A	975.219	33.9225	72	72	975.219	0	0	0
15822	G	G	960.898	33.9225	72	68	0	0	960.898	0
15823	T	T	981.481	34.885	71	71	0	0	0	981.481
15824	C	C	974.98	36.1422	68	68	0	974.98	0	0
15825	A	A	962.63	36.1645	70	70	962.63	0	0	0
15826	A	A	933.232	36.1535	69	68	933.232	0	0	0
15827	T	T	942.638	36.1535	69	69	0	0	0	942.638
15828	T	T	910.561	36.1187	66	66	0	0	0	910.561
15829	T	T	904.448	36.1187	66	66	0	0	0	904.448
15830	C	C	968.691	36.1422	68	67	0	968.691	0	0
15831	A	A	921.196	36.1187	66	66	921.196	0	0	0
15832	C	C	954.026	36.1422	68	67	0	954.026	0	0
15833	C	C	977.461	36.1535	69	68	0	977.461	0	0
15834	T	T	953.277	36.1752	71	71	0	0	0	953.277
15835	G	G	1025.07	36.1752	71	71	0	0	1025.07	0
15836	T	T	966.043	36.1857	72	72	0	0	0	966.043
15837	C	C	979.728	36.1535	69	68	0	979.728	0	0
15838	A	A	955.283	36.1752	71	71	955.283	0	0	0
15839	A	A	974.075	36.1959	73	73	974.075	0	0	0
15840	A	A	967.611	36.1752	71	71	967.611	0	0	0
15841	G	G	983.076	36.1422	68	68	0	0	983.076	0
15842	G	G	1005.83	36.1857	72	70	0	0	1005.83	0
15843	A	A	1039.77	36.2058	74	74	1039.77	0	0	0
15844	A	A	1027.62	36.2155	75	75	1027.62	0	0	0
15845	A	A	1004.47	36.1857	72	72	1004.47	0	0	0
15846	C	C	1008.54	36.1752	71	70	0	1008.54	0	0
15847	T	T	1015.12	36.1752	71	71	0	0	0	1015.12
15848	C	C	999.812	36.1857	72	70	0	999.812	0	0
15849	T	T	994.542	36.1645	70	70	0	0	0	994.542
15850	G	G	956.063	36.1645	70	67	0	0	956.063	0
15851	A	A	915.079	37	68	68	915.079	0	0	0
15852	C	C	936.493	37	66	65	0	936.493	0	0
15853	C	C	926.345	37	65	64	0	926.345	0	0
15854	C	C	910.296	37	66	64	0	910.296	0	0
15855	G	G	936.116	37	65	65	0	0	936.116	0
15856	A	A	871.449	37	63	63	871.449	0	0	0
15857	A	A	893.097	37	65	65	893.097	0	0	0
15858	A	A	892.038	37	65	65	892.038	0	0	0
15859	G	G	834.263	37	64	60	0	0	834.263	0
15860	A	A	852.714	37	64	64	852.714	0	0	0
15861	A	A	882.23	37	67	67	882.23	0	0	0
15862	A	A	910.578	37	69	69	910.578	0	0	0
15863	T	T	927.008	37	71	71	0	0	0	927.008
15864	T	T	864.318	37	66	66	0	0	0	864.318
15865	A	A	848.888	37	63	63	848.888	0	0	0
15866	T	T	860.877	37	63	63	0	0	0	860.877
15867	A	A	855.496	37	62	62	855.496	0	0	0
15868	C	C	909.098	36.0938	64	63	0	909.098	0	0
15869	A	A	878.518	36.0938	64	64	878.518	0	0	0
15870	T	T	850.341	36.0675	62	62	0	0	0	850.341
15871	C	C	895.458	36.0675	62	62	0	895.458	0	0
15872	A	A	840.005	36.0538	61	61	840.005	0	0	0
15873	C	C	854.82	36.0251	59	59	0	854.82	0	0
15874	C	C	852.927	36.0251	59	59	0	852.927	0	0
15875	A	A	823.308	35.2537	60	60	823.308	0	0	0
15876	T	T	865.683	35.3227	63	63	0	0	0	865.683
15877	A	A	856.24	34.6774	63	63	856.24	0	0	0
15878	C	C	798.686	34.6774	63	58	0	798.686	0	0
15879	T	T	852.206	34.6485	62	62	0	0	0	852.206
15880	A	A	790.145	34.5572	59	59	790.145	0	0	0
15881	G	G	768.593	34.5884	60	56	0	0	768.593	0
15882	T	T	828.627	34.5572	59	59	0	0	0	828.627
15883	C	C	811.42	34.5884	60	58	0	811.42	0	0
15884	C	C	837.235	34.5251	58	58	0	837.235	0	0
15885	T	T	771.375	34.4582	56	56	0	0	0	771.375
15886	T	T	725.87	33.6913	52	52	0	0	0	725.87
15887	C	C	755.547	33.2895	55	53	0	755.547	0	0
15888	T	T	758.463	33.3343	56	56	0	0	0	758.463
15889	A	A	777.522	33.4205	58	58	777.522	0	0	0
15890	C	C	801.521	33.3779	57	56	0	801.521	0	0
15891	A	A	794.303	33.4205	58	58	794.303	0	0	0
15892	A	A	826.485	33.0897	61	61	826.485	0	0	0
15893	C	C	851.377	33.2122	64	61	0	851.377	0	0
15894	T	T	812.629	33.1315	62	62	0	0	0	812.629
15895	A	A	862.7	32.7677	63	63	862.7	0	0	0
15896	T	T	820.415	32.7243	62	62	0	0	0	820.415
15897	T	T	830.772	32.68	61	61	0	0	0	830.772
15898	C	C	865.892	32.68	61	60	0	865.892	0	0
15899	C	C	877.973	32.68	61	61	0	877.973	0	0
15900	T	G	826.801	32.6346	60	58	0	0	826.801	0
15901	G	G	819.7	32.68	61	58	0	0	819.7	0
15902	A	A	814.02	32.6346	60	60	814.02	0	0	0
15903	T	T	777.446	32.9124	57	57	0	0	0	777.446
15904	C	C	819.839	32.9583	58	57	0	819.839	0	0
15905	A	A	805.271	32.9124	57	57	805.271	0	0	0
15906	T	T	785.469	32.8654	56	56	0	0	0	785.469
15907	A	A	839.42	33.0032	59	59	839.42	0	0	0
15908	A	A	867.956	33.1315	62	62	867.956	0	0	0
15909	C	C	914.998	33.2895	66	64	0	914.998	0	0
15910	C	C	898.867	33.2513	65	63	0	898.867	0	0
15911	T	T	889.767	33.3635	68	68	0	0	0	889.767
15912	T	T	888.362	33.2895	66	66	0	0	0	888.362
15913	T	T	892.86	33.2895	66	66	0	0	0	892.86
15914	T	T	895.195	33.7266	66	66	0	0	0	895.195
15915	C	C	897.865	33.6913	65	63	0	897.865	0	0
15916	T	T	891.913	33.761	67	67	0	0	0	891.913
15917	G	G	955.669	34.2434	67	66	0	0	955.669	0
15918	C	C	856.569	34.7331	65	61	0	856.569	0	0
15919	T	T	914.504	34.7862	67	67	0	0	0	914.504
15920	A	A	938.165	34.8612	70	70	938.165	0	0	0
15921	T	T	968.477	34.885	71	71	0	0	0	968.477
15922	A	A	941.956	34.9083	72	72	941.956	0	0	0
15923	G	G	947.434	34.885	71	67	0	0	947.434	0
15924	A	A	926.015	35.4066	67	67	926.015	0	0	0
15925	G	G	920.624	36.1064	65	64	0	0	920.624	0
15926	C	C	911.567	36.0809	63	63	0	911.567	0	0
15927	T	T	893.339	36.0938	64	64	0	0	0	893.339
15928	A	A	880.748	36.0938	64	64	880.748	0	0	0
15929	A	A	898.092	36.1187	66	66	898.092	0	0	0
15930	T	T	914.055	37	66	66	0	0	0	914.055
15931	C	C	909.786	37	63	63	0	909.786	0	0
15932	C	C	857.691	37	61	60	0	857.691	0	0
15933	T	T	864.217	36.0675	62	62	0	0	0	864.217
15934	A	A	828.597	36.0538	61	61	828.597	0	0	0
15935	T	T	854.188	36.0809	63	63	0	0	0	854.188
15936	T	T	852.848	36.0809	63	63	0	0	0	852.848
15937	C	C	763.448	36.0538	61	56	0	763.448	0	0
15938	T	T	842.362	36.0675	62	62	0	0	0	842.362
15939	A	A	820.26	36.0809	63	63	820.26	0	0	0
15940	T	T	893.708	36.0938	64	64	0	0	0	893.708
15941	A	A	777.742	36.0538	61	61	777.742	0	0	0
15942	T	T	810.737	36.0251	59	59	0	0	0	810.737
15943	C	C	840.254	36.0397	60	59	0	840.254	0	0
15944	T	T	778.73	36.01	58	58	0	0	0	778.73
15945	T	T	806.125	36.0538	61	61	0	0	0	806.125
15946	G	G	835.035	36.01	58	58	0	0	835.035	0
15947	T	T	757.854	36.01	58	58	0	0	0	757.854
15948	T	T	781.294	35.2537	60	60	0	0	0	781.294
15949	C	C	863.478	35.2773	61	60	0	863.478	0	0
15950	G	G	782.222	35.2044	58	55	0	0	782.222	0
15951	A	A	821.508	35.2294	59	59	821.508	0	0	0
15952	A	A	822.118	35.2294	59	59	822.118	0	0	0
15953	G	G	833.541	35.2537	60	58	0	0	833.541	0
15954	C	C	827.803	35.2537	60	58	0	827.803	0	0
15955	C	C	797.037	36.0251	59	57	0	797.037	0	0
15956	A	A	836.166	35.3003	62	62	836.166	0	0	0
15957	C	C	891.943	34.6774	63	62	0	891.943	0	0
15958	C	C	869.532	34.6774	63	61	0	869.532	0	0
15959	C	C	857.274	34.6485	62	60	0	857.274	0	0
15960	T	T	815.863	34.6485	62	62	0	0	0	815.863
15961	A	A	863.455	34.6485	62	62	863.455	0	0	0
15962	G	G	882.205	34.6188	61	61	0	0	882.205	0
15963	T	T	846.563	34.1157	63	63	0	0	0	846.563
15964	A	A	910.028	33.6913	65	65	910.028	0	0	0
15965	C	C	913.649	33.2895	66	64	0	913.649	0	0
15966	C	C	926.96	32.9713	68	65	0	926.96	0	0
15967	C	C	890.143	32.9713	68	64	0	890.143	0	0
15968	A	A	964.894	33.0095	69	69	964.894	0	0	0
15969	C	C	979.71	32.6517	69	68	0	979.71	0	0
15970	T	T	947.8	32.6517	69	69	0	0	0	947.8
15971	C	C	976.888	32.3623	70	68	0	976.888	0	0
15972	T	T	977.616	32.4811	73	73	0	0	0	977.616
15973	G	G	1051.6	32.258	75	73	0	0	1051.6	0
15974	G	G	1083.47	32.258	75	75	0	0	1083.47	0
15975	T	T	996.19	31.9386	74	74	0	0	0	996.19
15976	T	T	1000.65	31.8979	73	73	0	0	0	1000.65
15977	A	A	1083.21	31.7963	77	77	1083.21	0	0	0
15978	T	T	1061.17	31.7566	76	76	0	0	0	1061.17
15979	T	T	1051.17	31.7566	76	76	0	0	0	1051.17
15980	A	A	1069.06	31.7566	76	76	1069.06	0	0	0
15981	T	T	1071.02	31.5507	77	77	0	0	0	1071.02
15982	C	G	1080.51	31.51	76	75	0	0	1080.51	0
15983	A	A	1112.25	31.3992	79	79	1112.25	0	0	0
15984	C	C	1061.14	31.359	78	75	0	1061.14	0	0
15985	T	T	1094.51	31.4387	80	80	0	0	0	1094.51
15986	C	C	1138.68	31.3992	79	79	0	1138.68	0	0
15987	G	G	1132.96	31.2599	81	79	0	0	1132.96	0
15988	A	A	1089.2	31.2599	81	81	1089.2	0	0	0
15989	T	T	1130.26	31.3373	83	83	0	0	0	1130.26
15990	G	G	1152.66	31.2599	81	80	0	0	1152.66	0
15991	A	A	1049.63	31.2203	80	80	1049.63	0	0	0
15992	G	G	1061.55	31.0553	76	74	0	0	1061.55	0
15993	G	G	1007.34	31.0123	75	71	0	0	1007.34	0
15994	A	A	981.915	31.0583	71	71	981.915	0	0	0
15995	A	A	983.775	31.1035	72	72	983.775	0	0	0
15996	A	A	944.406	30.7862	70	70	944.406	0	0	0
15997	T	T	993.34	30.6189	71	71	0	0	0	993.34
15998	C	C	1012.93	30.5714	70	70	0	1012.93	0	0
15999	A	A	903.299	30.523	69	69	903.299	0	0	0
16000	A	A	896.358	30.1711	70	70	896.358	0	0	0
16001	A	A	887.069	30.0196	67	67	887.069	0	0	0
16002	C	C	922.377	29.9141	65	64	0	922.377	0	0
16003	A	A	866.473	29.8598	64	64	866.473	0	0	0
16004	G	G	870.948	29.6136	63	61	0	0	870.948	0
16005	A	A	821.15	29.4396	60	60	821.15	0	0	0
16006	A	A	840.974	29.3147	61	61	840.974	0	0	0
16007	C	C	808.605	29.1943	59	57	0	808.605	0	0
16008	G	C	868.258	29.1972	62	61	0	868.258	0	0
16009	A	A	866.291	29.2551	63	63	866.291	0	0	0
16010	C	C	837.787	29.3732	62	59	0	837.787	0	0
16011	T	T	855.293	29.2551	63	63	0	0	0	855.293
16012	A	A	869.078	29.6908	61	61	869.078	0	0	0
16013	A	A	875.626	29.7483	62	62	875.626	0	0	0
16014	A	A	853.013	29.7483	62	62	853.013	0	0	0
16015	C	C	886.639	29.8598	64	62	0	886.639	0	0
16016	G	G	902.115	29.7242	65	63	0	0	902.115	0
16017	C	C	891.167	29.65	67	63	0	891.167	0	0
16018	G	G	916.728	29.5292	68	65	0	0	916.728	0
16019	G	G	923.884	29.4763	67	65	0	0	923.884	0
16020	G	G	921.052	29.3677	65	64	0	0	921.052	0
16021	C	C	863.353	29.3119	64	61	0	863.353	0	0
16022	C	C	911.04	29.5292	68	65	0	911.04	0	0
16023	T	T	920.196	29.65	67	67	0	0	0	920.196
16024	T	T	913.549	29.5966	66	66	0	0	0	913.549
16025	T	T	878.972	29.8598	64	64	0	0	0	878.972
16026	A	A	864.755	29.7483	62	62	864.755	0	0	0
16027	C	A	895.51	29.9141	65	65	895.51	0	0	0
16028	T	T	902.372	30.0196	67	67	0	0	0	902.372
16029	T	T	895.738	30.217	67	67	0	0	0	895.738
16030	T	T	889.658	30.4237	67	67	0	0	0	889.658
16031	C	C	821.652	30.4738	68	61	0	821.652	0	0
16032	T	T	901.151	30.8198	66	66	0	0	0	901.151
16033	G	G	891.538	30.7179	64	62	0	0	891.538	0
16034	T	T	880.926	31.1699	63	63	0	0	0	880.926
16035	T	T	872.236	31.1184	62	62	0	0	0	872.236
16036	T	T	890.984	31.2203	64	64	0	0	0	890.984
16037	T	T	901.786	31.3182	66	66	0	0	0	901.786
16038	A	A	906.787	31.5907	66	66	906.787	0	0	0
16039	T	T	900.06	31.5907	66	66	0	0	0	900.06
16040	A	A	899.185	31.8354	65	65	899.185	0	0	0
16041	C	C	907.267	31.7884	64	63	0	907.267	0	0
16042	T	T	882.527	32.103	64	64	0	0	0	882.527
16043	C	C	905.04	32.1485	65	63	0	905.04	0	0
16044	T	T	899.874	32.4859	65	65	0	0	0	899.874
16045	A	A	901.77	32.5286	66	66	901.77	0	0	0
16046	G	G	910.95	32.4422	64	63	0	0	910.95	0
16047	T	T	880.716	32.8517	65	65	0	0	0	880.716
16048	A	A	912.023	32.8517	65	65	912.023	0	0	0
16049	G	G	896.21	32.9322	67	64	0	0	896.21	0
16050	G	G	952.574	33.3269	67	66	0	0	952.574	0
16051	G	G	966.041	33.3635	68	67	0	0	966.041	0
16052	T	T	925.526	33.7266	66	66	0	0	0	925.526
16053	C	C	939.263	33.6913	65	65	0	939.263	0	0
16054	T	T	924.046	33.761	67	67	0	0	0	924.046
16055	C	C	951.378	33.761	67	66	0	951.378	0	0
16056	T	T	913.929	34.2126	66	66	0	0	0	913.929
16057	A	A	847.745	34.1157	63	63	847.745	0	0	0
16058	C	C	843.937	34.1157	63	60	0	843.937	0	0
16059	C	C	897.336	34.1157	63	62	0	897.336	0	0
16060	A	A	827.993	34.1488	64	64	827.993	0	0	0
16061	T	T	830.57	35.2773	61	60	0	0	0	830.57
16062	T	T	804.559	35.2044	58	58	0	0	0	804.559
16063	A	A	821.934	35.2294	59	59	821.934	0	0	0
16064	C	C	796.268	35.2537	60	57	0	796.268	0	0
16065	T	T	823.831	35.3003	62	62	0	0	0	823.831
16066	A	A	843.999	35.2537	60	60	843.999	0	0	0
16067	G	G	872.112	35.3227	63	61	0	0	872.112	0
16068	T	T	855.709	36.1064	65	65	0	0	0	855.709
16069	T	T	867.833	37	65	65	0	0	0	867.833
16070	G	G	944.136	37	67	66	0	0	944.136	0
16071	C	C	909.663	37	67	64	0	909.663	0	0
16072	A	A	926.618	37	67	67	926.618	0	0	0
16073	C	C	968.934	37	67	67	0	968.934	0	0
16074	T	T	953.436	37	70	70	0	0	0	953.436
16075	G	G	942.457	37	71	67	0	0	942.457	0
16076	C	C	906.147	37	69	65	0	906.147	0	0
16077	T	T	923.388	37	67	67	0	0	0	923.388
16078	A	A	901.865	37	66	66	901.865	0	0	0
16079	C	C	980.977	37	69	68	0	980.977	0	0
16080	A	A	946.621	37	70	70	946.621	0	0	0
16081	C	C	916.29	37	68	65	0	916.29	0	0
16082	A	A	948.45	37	69	69	948.45	0	0	0
16083	C	C	961.649	37	68	67	0	961.649	0	0
16084	C	C	962.898	37	70	68	0	962.898	0	0
16085	C	C	983.811	37	72	69	0	983.811	0	0
16086	A	A	980.801	37	74	74	980.801	0	0	0
16087	A	A	956.715	37	73	73	956.715	0	0	0
16088	A	A	930.308	37	66	66	930.308	0	0	0
16089	A	A	931.457	37	66	66	931.457	0	0	0
16090	T	T	954.735	37	72	72	0	0	0	954.735
16091	A	A	982.733	37	71	71	982.733	0	0	0
16092	A	A	996.906	37	72	72	996.906	0	0	0
16093	T	T	990.079	37	75	75	0	0	0	990.079
16094	C	C	1050.67	37	74	73	0	1050.67	0	0
16095	T	T	991.007	37	73	73	0	0	0	991.007
16096	A	A	987.24	37	72	72	987.24	0	0	0
16097	G	G	1022.61	37	71	71	0	0	1022.61	0
16098	G	G	973.166	37	70	68	0	0	973.166	0
16099	C	C	963.595	37	71	68	0	963.595	0	0
16100	T	T	997.671	36.1857	72	72	0	0	0	997.671
16101	C	C	970.744	35.4824	71	68	0	970.744	0	0
16102	C	C	960.236	35.4454	69	67	0	960.236	0	0
16103	C	C	941.724	34.885	71	67	0	941.724	0	0
16104	T	T	974.985	34.9083	72	72	0	0	0	974.985
16105	A	A	950.922	34.8612	70	70	950.922	0	0	0
16106	A	A	940.361	34.8367	69	69	940.361	0	0	0
16107	A	A	921.847	34.8118	68	68	921.847	0	0	0
16108	T	T	937.549	34.7862	67	67	0	0	0	937.549
16109	T	T	907.038	34.7056	64	64	0	0	0	907.038
16110	T	T	914.43	34.7331	65	65	0	0	0	914.43
16111	T	T	917.651	34.7331	65	65	0	0	0	917.651
16112	C	C	921.514	33.7266	66	64	0	921.514	0	0
16113	T	T	888.321	33.6185	63	63	0	0	0	888.321
16114	C	C	836.676	33.1723	63	59	0	836.676	0	0
16115	T	T	856.091	33.2122	64	64	0	0	0	856.091
16116	T	T	853.853	33.2122	64	64	0	0	0	853.853
16117	A	A	967.375	33.3635	68	68	967.375	0	0	0
16118	A	A	950.419	33.3635	68	68	950.419	0	0	0
16119	T	T	901.183	33.3269	67	67	0	0	0	901.183
16120	A	A	947.945	33.3269	67	67	947.945	0	0	0
16121	C	C	959.13	33.3993	69	67	0	959.13	0	0
16122	A	A	971.465	33.4345	70	70	971.465	0	0	0
16123	A	A	953.148	33.3993	69	69	953.148	0	0	0
16124	T	T	966.089	33.5356	73	72	0	0	0	966.089
16125	A	A	1031.23	33.5679	74	74	1031.23	0	0	0
16126	C	C	1036.73	33.5356	73	72	0	1036.73	0	0
16127	T	T	996.889	33.5356	73	73	0	0	0	996.889
16128	G	G	1026.7	33.5025	72	71	0	0	1026.7	0
16129	A	C	1031.3	33.6308	76	73	0	1031.3	0	0
16130	A	A	1072.85	33.6913	78	78	1072.85	0	0	0
16131	C	C	1100.85	33.7208	79	77	0	1100.85	0	0
16132	C	C	1096.21	33.7496	80	77	0	1096.21	0	0
16133	C	C	1121.23	34.1224	79	78	0	1121.23	0	0
16134	A	A	1084.6	34.0955	78	78	1084.6	0	0	0
16135	A	A	1073.67	34.1224	79	79	1073.67	0	0	0
16136	C	C	1124.82	34.1224	79	78	0	1124.82	0	0
16137	C	C	1097.17	34.0681	77	76	0	1097.17	0	0
16138	T	T	1047.31	34.4668	75	75	0	0	0	1047.31
16139	C	C	1042.14	34.4668	75	73	0	1042.14	0	0
16140	T	T	1033.5	34.4145	73	73	0	0	0	1033.5
16141	G	G	1006.5	34.3599	71	70	0	0	1006.5	0
16142	C	C	971.139	34.885	71	68	0	971.139	0	0
16143	C	C	931.03	34.9083	72	67	0	931.03	0	0
16144	A	A	951.209	35.4641	70	70	951.209	0	0	0
16145	A	A	954.895	35.4641	70	70	954.895	0	0	0
16146	A	A	933.834	36.1422	68	68	933.834	0	0	0
16147	T	T	958.54	36.1535	69	69	0	0	0	958.54
16148	T	T	926.92	36.1306	67	67	0	0	0	926.92
16149	C	C	915.222	36.1422	68	65	0	915.222	0	0
16150	C	C	960.666	36.1535	69	67	0	960.666	0	0
16151	T	T	944.935	36.1535	69	69	0	0	0	944.935
16152	G	G	904.744	36.1187	66	64	0	0	904.744	0
16153	A	A	924.016	36.1306	67	67	924.016	0	0	0
16154	T	T	923.59	36.1187	66	66	0	0	0	923.59
16155	C	C	943.36	36.1306	67	66	0	943.36	0	0
16156	T	T	942.307	36.1422	68	68	0	0	0	942.307
16157	A	A	930.32	36.1306	67	67	930.32	0	0	0
16158	G	G	892.022	36.1306	67	64	0	0	892.022	0
16159	C	C	915.696	36.1535	69	65	0	915.696	0	0
16160	A	A	971.504	36.1752	71	71	971.504	0	0	0
16161	T	T	939.967	36.1752	71	71	0	0	0	939.967
16162	A	A	1022.16	36.2058	74	74	1022.16	0	0	0
16163	T	T	963.867	36.1959	73	73	0	0	0	963.867
16164	T	T	980.744	36.1959	73	73	0	0	0	980.744
16165	T	T	986.871	36.1959	73	73	0	0	0	986.871
16166	C	C	1037.52	36.2155	75	73	0	1037.52	0	0
16167	T	T	1034.35	36.2249	76	76	0	0	0	1034.35
16168	G	G	1156.29	36.2606	80	80	0	0	1156.29	0
16169	T	T	1068.01	36.252	79	79	0	0	0	1068.01
16170	G	G	1091.21	36.2606	80	77	0	0	1091.21	0
16171	A	A	1046.85	36.2432	78	78	1046.85	0	0	0
16172	C	C	1106.46	36.2432	78	77	0	1106.46	0	0
16173	T	T	1104.98	36.2606	80	80	0	0	0	1104.98
16174	A	A	1049.53	36.2342	77	77	1049.53	0	0	0
16175	G	G	1090.26	36.2432	78	76	0	0	1090.26	0
16176	C	C	1039.66	36.1959	73	72	0	1039.66	0	0
16177	G	G	1007.67	36.1959	73	71	0	0	1007.67	0
16178	T	T	1042.03	36.2155	75	75	0	0	0	1042.03
16179	G	G	1051.71	36.2342	77	74	0	0	1051.71	0
16180	T	T	1023.62	36.2058	74	74	0	0	0	1023.62
16181	A	A	1019.77	36.2058	74	74	1019.77	0	0	0
16182	T	T	1014.84	36.1959	73	73	0	0	0	1014.84
16183	A	A	1028.16	36.2155	75	75	1028.16	0	0	0
16184	A	A	1038.84	36.2249	76	76	1038.84	0	0	0
16185	T	T	1016.11	36.1959	73	73	0	0	0	1016.11
16186	G	G	982.396	36.1857	72	69	0	0	982.396	0
16187	G	G	1037.32	36.1959	73	72	0	0	1037.32	0
16188	C	C	1041.75	36.1959	73	72	0	1041.75	0	0
16189	A	A	1006.29	36.1959	73	73	1006.29	0	0	0
16190	T	T	1010.5	37	72	72	0	0	0	1010.5
16191	T	T	991.012	37	70	70	0	0	0	991.012
16192	T	T	994.325	37	71	71	0	0	0	994.325
16193	A	A	961.075	37	70	70	961.075	0	0	0
16194	T	T	999.802	37	72	72	0	0	0	999.802
16195	G	G	995.399	37	70	69	0	0	995.399	0
16196	G	G	951.2	37	70	67	0	0	951.2	0
16197	T	T	921.41	37	67	66	0	0	0	921.41
16198	A	A	921.851	37	67	67	921.851	0	0	0
16199	A	A	921.522	37	68	68	921.522	0	0	0
16200	A	A	889.969	37	67	67	889.969	0	0	0
16201	A	A	878.325	37	65	65	878.325	0	0	0
16202	A	A	861.214	37	64	64	861.214	0	0	0
16203	T	T	912.032	37	66	66	0	0	0	912.032
16204	A	A	867.454	37	65	65	867.454	0	0	0
16205	C	C	878.582	37	62	61	0	878.582	0	0
16206	C	C	920.547	37	64	64	0	920.547	0	0
16207	T	T	863.833	37	64	64	0	0	0	863.833
16208	C	C	873.037	37	63	61	0	873.037	0	0
16209	T	T	843.753	37	61	61	0	0	0	843.753
16210	A	A	826.108	37	60	60	826.108	0	0	0
16211	T	T	839.264	37	59	59	0	0	0	839.264
16212	A	A	779.448	37	57	57	779.448	0	0	0
16213	C	C	796.733	37	58	56	0	796.733	0	0
16214	G	G	801.366	37	58	56	0	0	801.366	0
16215	G	G	745.871	37	57	54	0	0	745.871	0
16216	T	T	741.6	37	53	53	0	0	0	741.6
16217	C	C	766.197	37	53	53	0	766.197	0	0
16218	T	T	768.302	37	55	55	0	0	0	768.302
16219	T	T	763.611	37	54	54	0	0	0	763.611
16220	C	C	735.555	37	52	51	0	735.555	0	0
16221	A	A	695.624	37	51	51	695.624	0	0	0
16222	C	C	717.741	37	52	50	0	717.741	0	0
16223	C	C	706.571	37	50	49	0	706.571	0	0
16224	T	T	701.644	37	51	51	0	0	0	701.644
16225	G	G	730.897	37	52	51	0	0	730.897	0
16226	T	T	697.98	37	51	51	0	0	0	697.98
16227	G	G	670.191	37	49	47	0	0	670.191	0
16228	A	A	722.153	37	53	53	722.153	0	0	0
16229	T	T	696.737	37	51	51	0	0	0	696.737
16230	T	T	702.818	37	53	53	0	0	0	702.818
16231	A	A	722.038	37	53	53	722.038	0	0	0
16232	C	C	757.089	37	55	53	0	757.089	0	0
16233	C	C	730.02	37	56	52	0	730.02	0	0
16234	A	A	759.275	37	56	56	759.275	0	0	0
16235	A	A	756.294	37	53	53	756.294	0	0	0
16236	A	A	750.099	37	52	52	750.099	0	0	0
16237	A	A	740.44	37	55	55	740.44	0	0	0
16238	G	G	733.125	37	55	52	0	0	733.125	0
16239	C	C	782.165	37	56	55	0	782.165	0	0
16240	A	A	734.969	37	56	56	734.969	0	0	0
16241	C	C	808.607	37	56	56	0	808.607	0	0
16242	A	A	672.788	37	49	49	672.788	0	0	0
16243	C	C	668.016	37	48	47	0	668.016	0	0
16244	G	G	677.197	37	48	47	0	0	677.197	0
16245	T	T	698.216	37	51	51	0	0	0	698.216
16246	A	A	754.584	37	54	54	754.584	0	0	0
16247	G	G	766.416	37	54	53	0	0	766.416	0
16248	A	A	813.215	37	57	57	813.215	0	0	0
16249	G	G	774.587	37	56	54	0	0	774.587	0
16250	G	G	765.192	37	56	54	0	0	765.192	0
16251	C	C	771.536	37	56	54	0	771.536	0	0
16252	A	A	786.135	37	56	56	786.135	0	0	0
16253	C	C	811.562	37	56	56	0	811.562	0	0
16254	C	C	779.443	37	57	55	0	779.443	0	0
16255	T	T	825.372	37	61	61	0	0	0	825.372
16256	A	A	813.614	37	60	60	813.614	0	0	0
16257	T	T	812.835	37	60	60	0	0	0	812.835
16258	T	T	817.428	37	62	62	0	0	0	817.428
16259	G	G	852.729	37	61	60	0	0	852.729	0
16260	C	C	864.9	37	60	60	0	864.9	0	0
16261	A	A	806.542	37	58	58	806.542	0	0	0
16262	G	G	864.636	37	61	60	0	0	864.636	0
16263	G	G	827.412	37	61	58	0	0	827.412	0
16264	A	A	793.347	37	59	59	793.347	0	0	0
16265	T	T	809.077	37	58	58	0	0	0	809.077
16266	C	C	820.803	37	58	57	0	820.803	0	0
16267	C	C	832.906	37	59	58	0	832.906	0	0
16268	A	A	748.491	37	56	56	748.491	0	0	0
16269	T	T	749.846	37	53	53	0	0	0	749.846
16270	A	A	726.32	37	53	53	726.32	0	0	0
16271	G	G	791.265	37	55	55	0	0	791.265	0
16272	T	T	732.256	37	53	53	0	0	0	732.256
16273	A	A	761.613	37	55	55	761.613	0	0	0
16274	C	C	805.395	37	56	56	0	805.395	0	0
16275	T	T	738.314	37	55	55	0	0	0	738.314
16276	T	T	734.192	37	53	53	0	0	0	734.192
16277	G	G	746.607	37	53	52	0	0	746.607	0
16278	C	C	766.492	37	53	53	0	766.492	0	0
16279	T	T	764.414	37	54	54	0	0	0	764.414
16280	G	G	774.492	37	54	54	0	0	774.492	0
16281	C	C	721.826	37	50	50	0	721.826	0	0
16282	C	C	733.903	37	51	51	0	733.903	0	0
16283	G	G	719.328	37	50	50	0	0	719.328	0
16284	T	T	693.473	37	50	50	0	0	0	693.473
16285	A	A	691.384	35.8902	51	51	691.384	0	0	0
16286	C	C	704.694	34.9752	50	49	0	704.694	0	0
16287	T	T	661.69	34.8731	47	47	0	0	0	661.69
16288	C	C	678.6	34.9423	49	48	0	678.6	0	0
16289	C	C	714.45	35.0071	51	50	0	714.45	0	0
16290	T	T	711.453	35.0968	54	54	0	0	0	711.453
16291	A	A	718.692	35.0379	52	52	718.692	0	0	0
16292	A	A	691.625	35.0379	52	52	691.625	0	0	0
16293	A	A	696.563	35.0379	52	52	696.563	0	0	0
16294	A	A	694.693	35.0379	52	52	694.693	0	0	0
16295	C	C	775.257	35.0968	54	54	0	775.257	0	0
16296	T	T	726.15	35.0678	53	53	0	0	0	726.15
16297	A	A	677.145	34.9423	49	49	677.145	0	0	0
16298	G	G	733.803	35.0379	52	51	0	0	733.803	0
16299	G	G	748.235	35.0678	53	52	0	0	748.235	0
16300	A	A	752.461	35.0968	54	54	752.461	0	0	0
16301	G	G	765.374	35.0678	53	53	0	0	765.374	0
16302	G	G	720.472	35.0678	53	51	0	0	720.472	0
16303	C	C	761.846	35.0968	54	53	0	761.846	0	0
16304	T	T	736.229	35.0678	53	53	0	0	0	736.229
16305	A	C	762.637	35.0968	54	53	0	762.637	0	0
16306	T	T	755.659	35.0968	54	54	0	0	0	755.659
16307	G	G	761.175	35.0968	54	53	0	0	761.175	0
16308	G	G	764.677	35.0678	53	53	0	0	764.677	0
16309	C	C	763.17	35.0968	54	53	0	763.17	0	0
16310	A	A	732.486	35.0968	54	54	732.486	0	0	0
16311	T	T	743.105	35.0678	53	53	0	0	0	743.105
16312	G	G	716.492	35.0071	51	50	0	0	716.492	0
16313	A	A	703.065	35.8902	51	51	703.065	0	0	0
16314	T	T	723.824	35.9091	52	52	0	0	0	723.824
16315	A	A	677.327	35.8707	50	50	677.327	0	0	0
16316	C	C	690.789	35.9091	52	49	0	690.789	0	0
16317	G	G	712.2	35.9091	52	50	0	0	712.2	0
16318	A	A	718.786	35.9273	53	53	718.786	0	0	0
16319	A	A	730.596	35.9091	52	52	730.596	0	0	0
16320	T	T	686.301	35.9091	52	52	0	0	0	686.301
16321	T	T	714.674	37	56	56	0	0	0	714.674
16322	A	A	793.441	37	56	56	793.441	0	0	0
16323	C	C	780.786	37	56	55	0	780.786	0	0
16324	A	A	759.507	37	56	56	759.507	0	0	0
16325	A	A	772.444	37	55	55	772.444	0	0	0
16326	C	C	796.958	37	57	56	0	796.958	0	0
16327	A	A	816.878	37	59	59	816.878	0	0	0
16328	C	C	765.851	37	57	54	0	765.851	0	0
16329	T	T	763.605	37	56	56	0	0	0	763.605
16330	A	A	777.62	37	57	57	777.62	0	0	0
16331	C	C	806.16	37	57	56	0	806.16	0	0
16332	T	T	817.682	37	59	59	0	0	0	817.682
16333	T	T	778.347	37	56	56	0	0	0	778.347
16334	G	G	788.658	37	56	55	0	0	788.658	0
16335	G	G	734.211	37	57	53	0	0	734.211	0
16336	T	T	770.387	37	56	56	0	0	0	770.387
16337	C	C	834.925	37	59	58	0	834.925	0	0
16338	C	C	806.325	37	57	56	0	806.325	0	0
16339	T	T	774.449	37	58	58	0	0	0	774.449
16340	T	T	794.698	37	59	59	0	0	0	794.698
16341	T	T	747.228	37	56	56	0	0	0	747.228
16342	A	A	734.096	37	56	56	734.096	0	0	0
16343	A	A	716.476	37	54	54	716.476	0	0	0
16344	C	C	706.03	37	50	49	0	706.03	0	0
16345	G	G	722.137	37	50	50	0	0	722.137	0
16346	A	A	741.84	37	52	52	741.84	0	0	0
16347	G	G	767.165	37	53	53	0	0	767.165	0
16348	C	C	742.02	37	57	53	0	742.02	0	0
16349	T	T	747.019	37	57	57	0	0	0	747.019
16350	T	T	770.403	37	58	58	0	0	0	770.403
16351	C	C	821.883	37	57	57	0	821.883	0	0
16352	A	A	816.679	37	58	58	816.679	0	0	0
16353	T	T	850.811	36.0938	64	64	0	0	0	850.811
16354	G	G	899.656	36.1064	65	63	0	0	899.656	0
16355	G	G	879.541	36.0938	64	62	0	0	879.541	0
16356	C	C	797.119	36.0938	64	58	0	797.119	0	0
16357	T	T	864.237	35.3657	65	65	0	0	0	864.237
16358	T	T	904.639	34.76	66	66	0	0	0	904.639
16359	A	A	918.233	34.8118	68	68	918.233	0	0	0
16360	C	C	899.12	34.7862	67	64	0	899.12	0	0
16361	C	C	878.511	34.7331	65	62	0	878.511	0	0
16362	C	C	906.535	34.1488	64	63	0	906.535	0	0
16363	C	C	902.828	33.6913	65	63	0	902.828	0	0
16364	T	T	909.464	33.761	67	67	0	0	0	909.464
16365	T	T	912.356	33.3269	67	67	0	0	0	912.356
16366	C	C	946.763	32.9322	67	66	0	946.763	0	0
16367	A	A	937.527	32.9713	68	68	937.527	0	0	0
16368	T	T	943.745	33.0095	69	69	0	0	0	943.745
16369	A	A	950.181	32.6115	68	68	950.181	0	0	0
16370	A	A	983.719	32.6912	70	70	983.719	0	0	0
16371	T	T	955.89	32.7298	71	71	0	0	0	955.89
16372	A	A	976.723	32.7298	71	71	976.723	0	0	0
16373	C	C	1022.02	32.4422	72	71	0	1022.02	0	0
16374	T	T	982.302	32.4422	72	72	0	0	0	982.302
16375	C	C	1038.54	32.1797	73	72	0	1038.54	0	0
16376	T	T	967.442	32.0567	70	70	0	0	0	967.442
16377	C	C	966.187	31.9707	68	67	0	966.187	0	0
16378	G	G	897.946	31.6826	68	64	0	0	897.946	0
16379	C	C	955.014	31.6371	67	66	0	955.014	0	0
16380	T	T	980.046	31.3838	73	73	0	0	0	980.046
16381	A	A	1015.09	31.3403	72	72	1015.09	0	0	0
16382	T	T	952.809	31.2508	70	70	0	0	0	952.809
16383	G	G	1010.7	31.2508	70	70	0	0	1010.7	0
16384	G	G	939.834	31.2049	69	66	0	0	939.834	0
16385	G	G	978.306	31.296	71	69	0	0	978.306	0
16386	G	G	1034.97	31.1916	74	72	0	0	1034.97	0
16387	C	C	966.178	31.0123	70	68	0	966.178	0	0
16388	A	A	979.53	31.0583	71	71	979.53	0	0	0
16389	T	T	982.418	31.0583	71	71	0	0	0	982.418
16390	A	A	938.986	30.9178	68	68	938.986	0	0	0
16391	A	A	934.491	30.9655	69	69	934.491	0	0	0
16392	T	T	964.637	30.9655	69	69	0	0	0	964.637
16393	T	T	974.834	31.0583	71	71	0	0	0	974.834
16394	A	A	936.731	30.9655	69	69	936.731	0	0	0
16395	T	T	943.891	30.9655	69	69	0	0	0	943.891
16396	A	C	944.432	30.6901	68	66	0	944.432	0	0
16397	A	A	907.62	30.5905	66	66	907.62	0	0	0
16398	C	A	949.801	30.5714	70	70	949.801	0	0	0
16399	A	A	926.846	30.9178	68	68	926.846	0	0	0
16400	A	A	929.593	30.9655	69	69	929.593	0	0	0
16401	G	G	918.083	30.9655	69	65	0	0	918.083	0
16402	T	T	914.147	31.3182	66	66	0	0	0	914.147
16403	T	T	904.882	31.7405	63	63	0	0	0	904.882
16404	C	C	870.012	31.5907	60	60	0	870.012	0	0
16405	T	T	870.206	31.6417	61	61	0	0	0	870.206
16406	A	A	815.252	31.861	59	59	815.252	0	0	0
16407	T	T	834.732	31.861	59	59	0	0	0	834.732
16408	C	C	834.635	32.2094	59	58	0	834.635	0	0
16409	T	T	813.285	32.2094	59	59	0	0	0	813.285
16410	G	G	826.182	32.6346	60	58	0	0	826.182	0
16411	C	C	820.305	32.5407	58	57	0	820.305	0	0
16412	C	C	840.626	33.0897	61	59	0	840.626	0	0
16413	T	T	825.377	33.5421	61	61	0	0	0	825.377
16414	A	A	802.488	33.5025	60	60	802.488	0	0	0
16415	C	C	837.83	33.9378	58	58	0	837.83	0	0
16416	G	G	772.983	34.4582	56	54	0	0	772.983	0
16417	C	C	795.444	35.1249	55	55	0	795.444	0	0
16418	C	C	782.075	35.945	54	54	0	782.075	0	0
16419	A	A	749.446	35.9785	56	56	749.446	0	0	0
16420	A	A	733.212	35.962	55	55	733.212	0	0	0
16421	A	A	748.533	35.9945	57	57	748.533	0	0	0
16422	C	C	751.861	35.9785	56	53	0	751.861	0	0
16423	G	G	747.551	37	52	52	0	0	747.551	0
16424	G	G	749.084	37	53	52	0	0	749.084	0
16425	A	A	739.568	37	54	54	739.568	0	0	0
16426	T	T	730.906	37	54	54	0	0	0	730.906
16427	T	T	722.568	37	54	54	0	0	0	722.568
16428	T	T	728.553	37	54	54	0	0	0	728.553
16429	A	A	720.722	37	53	53	720.722	0	0	0
16430	A	A	706.103	37	55	54	706.103	0	0	0
16431	A	A	739.75	37	55	55	739.75	0	0	0
16432	G	G	755.891	37	55	53	0	0	755.891	0
16433	T	T	705.327	37	52	52	0	0	0	705.327
16434	C	C	676.941	37	53	49	0	676.941	0	0
16435	C	C	761.131	37	54	53	0	761.131	0	0
16436	C	C	734.003	37	56	52	0	734.003	0	0
16437	T	T	732.249	37	57	57	0	0	0	732.249
16438	A	A	809.199	37	57	57	809.199	0	0	0
16439	A	A	836.721	37	59	59	836.721	0	0	0
16440	T	T	811.609	37	61	61	0	0	0	811.609
16441	T	T	807.949	37	59	59	0	0	0	807.949
16442	G	G	848.454	37	60	59	0	0	848.454	0
16443	C	C	831.178	37	60	58	0	831.178	0	0
16444	T	T	855.028	37	62	62	0	0	0	855.028
16445	T	T	843.139	36.0675	62	62	0	0	0	843.139
16446	A	A	858.289	36.0675	62	62	858.289	0	0	0
16447	T	T	841.785	35.3003	62	62	0	0	0	841.785
16448	T	T	843.395	35.3003	62	62	0	0	0	843.395
16449	C	C	828.651	35.3003	62	59	0	828.651	0	0
16450	C	C	876.016	35.3003	62	61	0	876.016	0	0
16451	T	T	854.024	35.3003	62	62	0	0	0	854.024
16452	C	C	850.537	35.3003	62	60	0	850.537	0	0
16453	T	T	874.515	35.3003	62	62	0	0	0	874.515
16454	G	G	816.415	35.2773	61	58	0	0	816.415	0
16455	T	T	866.657	35.2773	61	61	0	0	0	866.657
16456	T	T	895.788	35.3445	64	64	0	0	0	895.788
16457	A	A	836.089	35.3227	63	62	836.089	0	0	0
16458	G	G	909.206	35.3227	63	63	0	0	909.206	0
16459	C	C	920.362	35.3445	64	64	0	920.362	0	0
16460	C	C	914.097	35.3864	66	64	0	914.097	0	0
16461	A	A	891.39	34.76	66	66	891.39	0	0	0
16462	C	C	832.83	34.7056	64	60	0	832.83	0	0
16463	A	A	875.148	34.7056	64	64	875.148	0	0	0
16464	T	T	892.299	34.7331	65	65	0	0	0	892.299
16465	G	G	869.214	34.6485	62	61	0	0	869.214	0
16466	G	G	866.9	34.1488	64	61	0	0	866.9	0
16467	C	C	908.226	33.6553	64	63	0	908.226	0	0
16468	C	C	911.243	33.7266	66	64	0	911.243	0	0
16469	C	C	855.606	34.1488	64	61	0	855.606	0	0
16470	T	T	862.749	34.1488	64	64	0	0	0	862.749
16471	G	G	831.865	34.0819	62	59	0	0	831.865	0
16472	G	G	819.59	34.0472	61	58	0	0	819.59	0
16473	T	T	874.724	34.1488	64	64	0	0	0	874.724
16474	C	C	919.91	34.1811	65	64	0	919.91	0	0
16475	A	A	911.74	34.2735	68	68	911.74	0	0	0
16476	T	T	913.997	34.3318	70	70	0	0	0	913.997
16477	T	T	876.566	34.2434	67	67	0	0	0	876.566
16478	G	G	933.56	34.2126	66	65	0	0	933.56	0
16479	T	T	873.706	34.1811	65	65	0	0	0	873.706
16480	A	A	890.078	34.1811	65	65	890.078	0	0	0
16481	G	G	898.651	34.1488	64	63	0	0	898.651	0
16482	C	C	922.565	33.6913	65	64	0	922.565	0	0
16483	A	C	936.847	33.6913	65	65	0	936.847	0	0
16484	G	G	904.88	33.6553	64	63	0	0	904.88	0
16485	T	T	897.263	33.7266	66	66	0	0	0	897.263
16486	A	A	922.388	33.86	70	70	922.388	0	0	0
16487	T	T	908.245	34.2735	68	68	0	0	0	908.245
16488	T	T	907.902	34.2434	67	67	0	0	0	907.902
16489	A	A	886.97	34.1811	65	65	886.97	0	0	0
16490	A	A	896.078	34.1488	64	64	896.078	0	0	0
16491	T	T	888.535	34.7331	65	65	0	0	0	888.535
16492	C	C	906.161	34.8118	68	64	0	906.161	0	0
16493	C	C	914.619	34.8367	69	65	0	914.619	0	0
16494	A	A	963.287	34.303	69	69	963.287	0	0	0
16495	A	A	980.607	34.303	69	69	980.607	0	0	0
16496	A	A	989.492	34.3318	70	70	989.492	0	0	0
16497	C	C	991.733	34.3318	70	69	0	991.733	0	0
16498	C	C	964.681	34.3318	70	68	0	964.681	0	0
16499	C	C	987.621	34.4145	73	70	0	987.621	0	0
16500	C	C	1040.21	34.4921	76	73	0	1040.21	0	0
16501	A	A	1041.49	34.4668	75	75	1041.49	0	0	0
16502	T	T	1024.21	34.4668	75	75	0	0	0	1024.21
16503	G	G	1081.84	34.4921	76	75	0	0	1081.84	0
16504	A	A	1026.17	34.5169	77	77	1026.17	0	0	0
16505	A	A	1027.6	34.9966	76	76	1027.6	0	0	0
16506	G	G	1081.3	34.9966	76	75	0	0	1081.3	0
16507	C	C	1058.24	34.9966	76	74	0	1058.24	0	0
16508	T	T	1030.07	34.9966	76	76	0	0	0	1030.07
16509	A	A	1032.94	34.9534	74	74	1032.94	0	0	0
16510	T	T	1023.29	35.5512	75	75	0	0	0	1023.29
16511	A	A	1075.01	35.5675	76	76	1075.01	0	0	0
16512	T	T	1057.19	35.5834	77	77	0	0	0	1057.19
16513	A	A	1082.94	35.5834	77	77	1082.94	0	0	0
16514	G	G	1085.45	35.5512	75	75	0	0	1085.45	0
16515	G	G	1040.69	35.5675	76	73	0	0	1040.69	0
16516	A	A	1016.78	35.5675	76	76	1016.78	0	0	0
16517	G	G	1078.81	35.5512	75	75	0	0	1078.81	0
16518	C	C	1005.99	36.1959	73	71	0	1005.99	0	0
16519	A	A	1018.49	37	75	75	1018.49	0	0	0
16520	A	A	986.404	37	73	73	986.404	0	0	0
16521	C	C	1003.38	36.2058	74	71	0	1003.38	0	0
16522	A	A	1015	36.2058	74	74	1015	0	0	0
16523	G	G	1057.67	36.2249	76	74	0	0	1057.67	0
16524	C	C	1053.43	35.5834	77	74	0	1053.43	0	0
16525	C	C	965.778	35.5176	73	69	0	965.778	0	0
16526	T	T	1024.87	35.5346	74	74	0	0	0	1024.87
16527	T	T	1014.76	35.5176	73	73	0	0	0	1014.76
16528	A	A	944.321	35.5002	72	72	944.321	0	0	0
16529	A	A	958.887	35.5002	72	72	958.887	0	0	0
16530	T	T	968.444	35.4824	71	71	0	0	0	968.444
16531	A	A	926.683	35.4262	68	68	926.683	0	0	0
16532	A	A	926.413	35.4066	67	67	926.413	0	0	0
16533	T	T	909.968	35.3864	66	66	0	0	0	909.968
16534	C	C	937.464	34.8118	68	66	0	937.464	0	0
16535	G	G	938.459	34.76	66	65	0	0	938.459	0
16536	C	C	932.192	34.2434	67	65	0	932.192	0	0
16537	C	C	901.435	33.8277	69	65	0	901.435	0	0
16538	C	C	1018.67	33.9225	72	71	0	1018.67	0	0
16539	A	A	977.115	33.9225	72	72	977.115	0	0	0
16540	C	C	994.436	33.5025	72	70	0	994.436	0	0
16541	G	G	1022.51	33.5025	72	71	0	0	1022.51	0
16542	G	G	1006.47	33.4688	71	70	0	0	1006.47	0
16543	A	T	993.08	33.5025	72	72	0	0	0	993.08
16544	C	C	965.796	33.1895	74	69	0	965.796	0	0
16545	T	T	985.387	33.1549	73	73	0	0	0	985.387
16546	A	A	995.116	33.0836	71	71	995.116	0	0	0
16547	A	A	959.478	33.0836	71	70	959.478	0	0	0
16548	C	C	973.139	33.0469	70	68	0	973.139	0	0
16549	A	A	982.637	33.0095	69	69	982.637	0	0	0
16550	T	T	991.746	33.1196	72	72	0	0	0	991.746
16551	C	C	982.556	33.0836	71	69	0	982.556	0	0
16552	C	C	998.188	33.0469	70	69	0	998.188	0	0
16553	T	T	993.837	33.1196	72	72	0	0	0	993.837
16554	C	C	1073.45	33.2895	77	75	0	1073.45	0	0
16555	C	C	1045.41	33.3216	78	74	0	1045.41	0	0
16556	T	T	1028.11	33.2895	77	77	0	0	0	1028.11
16557	T	T	1056.43	33.3841	80	80	0	0	0	1056.43
16558	A	A	1009.12	33.6308	76	76	1009.12	0	0	0
16559	C	C	1046.85	33.5997	75	73	0	1046.85	0	0
16560	T	T	1036.43	33.5997	75	75	0	0	0	1036.43
16561	A	A	979.527	33.5679	74	74	979.527	0	0	0
16562	T	T	994.175	34.3599	71	71	0	0	0	994.175
16563	T	T	963.838	34.3318	70	70	0	0	0	963.838
16564	C	C	993.7	34.303	69	69	0	993.7	0	0
16565	T	T	971.928	34.3318	70	70	0	0	0	971.928
16566	G	G	967.64	34.7862	67	67	0	0	967.64	0
16567	T	T	948.381	34.7862	67	67	0	0	0	948.381
16568	C	C	979.684	34.8118	68	68	0	979.684	0	0
16569	T	T	935.088	34.8118	68	68	0	0	0	935.088
16570	T	T	957.208	34.8367	69	69	0	0	0	957.208
16571	G	G	911.805	35.4066	67	64	0	0	911.805	0
16572	C	C	892.021	35.3227	63	62	0	892.021	0	0
16573	A	A	875.659	35.3227	63	63	875.659	0	0	0
16574	A	A	862.581	34.6485	62	62	862.581	0	0	0
16575	A	A	846.092	34.6485	62	62	846.092	0	0	0
16576	C	C	858.522	34.6485	62	60	0	858.522	0	0
16577	T	T	866.669	34.6485	62	62	0	0	0	866.669
16578	C	C	895.868	34.6485	62	62	0	895.868	0	0
16579	C	C	836.537	34.5572	59	58	0	836.537	0	0
16580	A	A	772.214	34.4921	57	57	772.214	0	0	0
16581	A	A	745.212	34.4234	55	55	745.212	0	0	0
16582	C	C	794.844	34.4234	55	55	0	794.844	0	0
16583	T	T	742.912	34.3875	54	54	0	0	0	742.912
16584	A	A	770.802	34.4921	57	57	770.802	0	0	0
16585	T	T	780.491	34.5251	58	58	0	0	0	780.491
16586	G	G	810.362	34.5572	59	57	0	0	810.362	0
16587	A	A	757.983	34.4921	57	57	757.983	0	0	0
16588	A	A	727.152	34.4234	55	55	727.152	0	0	0
16589	C	C	792.094	33.86	56	55	0	792.094	0	0
16590	G	G	785.612	33.86	56	55	0	0	785.612	0
16591	A	A	706.223	33.8195	55	55	706.223	0	0	0
16592	A	A	718.681	33.86	56	56	718.681	0	0	0
16593	T	T	714.312	33.778	54	54	0	0	0	714.312
16594	C	C	764.001	33.3343	56	54	0	764.001	0	0
16595	C	C	750.87	33.3779	57	54	0	750.87	0	0
16596	A	A	745.247	33.2435	54	54	745.247	0	0	0
16597	T	T	706.453	33.2435	54	54	0	0	0	706.453
16598	A	A	748.877	33.1964	53	53	748.877	0	0	0
16599	G	G	749.943	33.1964	53	52	0	0	749.943	0
16600	C	C	778.144	33.2895	55	54	0	778.144	0	0
16601	C	C	758.074	32.8172	55	53	0	758.074	0	0
16602	G	G	794.525	32.8654	56	55	0	0	794.525	0
16603	A	A	800.304	32.1088	57	57	800.304	0	0	0
16604	A	C	801.329	32.258	60	57	0	801.329	0	0
16605	C	C	876.113	32.3056	61	61	0	876.113	0	0
16606	T	T	801.265	32.3521	62	61	0	0	0	801.265
16607	A	A	883.189	32.3521	62	62	883.189	0	0	0
16608	T	T	838.127	32.3521	62	62	0	0	0	838.127
16609	G	G	923.198	32.4422	64	64	0	0	923.198	0
16610	A	A	880.094	32.4422	64	64	880.094	0	0	0
16611	T	T	912.39	32.5286	66	66	0	0	0	912.39
16612	C	C	826.12	32.4859	65	60	0	826.12	0	0
16613	C	C	893.666	32.4859	65	63	0	893.666	0	0
16614	T	T	878.032	32.4422	64	64	0	0	0	878.032
16615	C	C	889.288	32.4422	64	62	0	889.288	0	0
16616	G	G	839.266	32.4859	65	60	0	0	839.266	0
16617	C	C	878.987	32.8102	64	62	0	878.987	0	0
16618	G	G	935.963	33.2513	65	65	0	0	935.963	0
16619	C	C	851.964	33.6185	63	60	0	851.964	0	0
16620	G	G	843.844	34.0472	61	59	0	0	843.844	0
16621	A	A	832.49	33.9752	59	59	832.49	0	0	0
16622	G	G	867.273	34.0116	60	60	0	0	867.273	0
16623	G	G	851.815	34.0819	62	60	0	0	851.815	0
16624	C	C	865.088	34.1157	63	61	0	865.088	0	0
16625	C	C	879.497	34.6485	62	61	0	879.497	0	0
16626	T	T	853.466	34.6774	63	63	0	0	0	853.466
16627	A	A	917.103	34.7331	65	65	917.103	0	0	0
16628	C	C	944.309	34.8118	68	66	0	944.309	0	0
16629	A	A	936.746	34.8367	69	69	936.746	0	0	0
16630	A	A	930.596	34.8118	68	68	930.596	0	0	0
16631	A	A	922.587	34.8118	68	68	922.587	0	0	0
16632	C	C	973.613	34.8612	70	68	0	973.613	0	0
16633	A	A	932.012	35.4262	68	68	932.012	0	0	0
16634	C	C	939.581	35.3657	65	65	0	939.581	0	0
16635	T	T	904.809	35.3445	64	64	0	0	0	904.809
16636	T	T	888.698	35.3227	63	63	0	0	0	888.698
16637	C	C	925.819	35.3445	64	64	0	925.819	0	0
16638	T	T	907.544	36.0938	64	64	0	0	0	907.544
16639	C	C	924.666	36.1064	65	64	0	924.666	0	0
16640	C	C	923.319	36.0938	64	64	0	923.319	0	0
16641	C	C	895.795	36.0675	62	62	0	895.795	0	0
16642	A	A	814.11	36.0538	61	61	814.11	0	0	0
16643	C	C	835.988	37	58	58	0	835.988	0	0
16644	T	T	805.57	37	58	58	0	0	0	805.57
16645	T	T	805.65	37	58	58	0	0	0	805.65
16646	A	A	831.06	37	60	60	831.06	0	0	0
16647	T	T	793.063	37	57	57	0	0	0	793.063
16648	G	G	836.9	37	58	58	0	0	836.9	0
16649	G	G	822.621	36.01	58	57	0	0	822.621	0
16650	C	C	825.318	36.0397	60	58	0	825.318	0	0
16651	A	A	839.495	36.0675	62	62	839.495	0	0	0
16652	G	G	838.447	36.0538	61	59	0	0	838.447	0
16653	C	C	825.74	36.0809	63	59	0	825.74	0	0
16654	T	T	825.683	36.0675	62	62	0	0	0	825.683
16655	T	T	832.369	36.0675	62	62	0	0	0	832.369
16656	G	G	908.75	36.0938	64	63	0	0	908.75	0
16657	A	A	889.733	36.0675	62	62	889.733	0	0	0
16658	T	T	852.549	36.0938	64	64	0	0	0	852.549
16659	G	G	935.861	36.1187	66	65	0	0	935.861	0
16660	A	A	962.567	36.1645	70	70	962.567	0	0	0
16661	C	C	991.949	36.1959	73	70	0	991.949	0	0
16662	T	T	958.269	36.1857	72	72	0	0	0	958.269
16663	A	A	991.2	36.1857	72	72	991.2	0	0	0
16664	C	C	1004.35	36.1752	71	70	0	1004.35	0	0
16665	T	T	957.238	36.1645	70	70	0	0	0	957.238
16666	A	A	944.004	36.1645	70	70	944.004	0	0	0
16667	G	G	963.212	36.1645	70	68	0	0	963.212	0
16668	C	C	1000.26	36.1752	71	70	0	1000.26	0	0
16669	A	A	980.658	36.1857	72	72	980.658	0	0	0
16670	A	A	952.015	36.1422	68	68	952.015	0	0	0
16671	G	G	926.452	36.1422	68	65	0	0	926.452	0
16672	T	T	931.606	36.1422	68	68	0	0	0	931.606
16673	C	C	1005.31	36.1752	71	70	0	1005.31	0	0
16674	T	T	996.446	35.5512	75	75	0	0	0	996.446
16675	C	C	971.216	35.5512	75	70	0	971.216	0	0
16676	A	A	1048.86	36.2249	76	76	1048.86	0	0	0
16677	C	C	1034.16	36.2249	76	73	0	1034.16	0	0
16678	T	T	1033.99	36.2249	76	76	0	0	0	1033.99
16679	A	A	1029.79	36.2249	76	76	1029.79	0	0	0
16680	A	A	1042.39	36.2432	78	78	1042.39	0	0	0
16681	T	T	1035.84	36.2155	75	75	0	0	0	1035.84
16682	C	C	1081.15	36.2249	76	75	0	1081.15	0	0
16683	T	T	1022.35	36.2155	75	75	0	0	0	1022.35
16684	A	A	1069.39	36.2249	76	76	1069.39	0	0	0
16685	T	T	1052.98	36.252	79	79	0	0	0	1052.98
16686	C	C	1102.65	36.252	79	77	0	1102.65	0	0
16687	A	A	1117.75	36.269	81	81	1117.75	0	0	0
16688	C	C	1123.63	36.252	79	78	0	1123.63	0	0
16689	T	T	1111.93	36.2852	83	83	0	0	0	1111.93
16690	C	C	1175.11	35.1699	85	82	0	1175.11	0	0
16691	C	C	1203.43	35.1873	86	84	0	1203.43	0	0
16692	C	C	1208.74	35.1699	85	84	0	1208.74	0	0
16693	T	T	1155.6	35.2044	87	87	0	0	0	1155.6
16694	C	C	1195.84	35.2044	87	84	0	1195.84	0	0
16695	C	C	1186.75	35.1873	86	83	0	1186.75	0	0
16696	T	T	1197.51	35.2044	87	87	0	0	0	1197.51
16697	A	A	1161.25	35.1873	86	86	1161.25	0	0	0
16698	C	C	1192.51	35.6986	85	83	0	1192.51	0	0
16699	C	C	1214.88	35.6853	84	84	0	1214.88	0	0
16700	A	A	1121.78	35.6716	83	83	1121.78	0	0	0
16701	T	T	1151.64	35.6435	81	81	0	0	0	1151.64
16702	C	C	1109.43	35.6289	80	78	0	1109.43	0	0
16703	A	A	1131.25	35.6577	82	82	1131.25	0	0	0
16704	A	A	1124.77	35.6435	81	81	1124.77	0	0	0
16705	C	C	1118.97	35.6289	80	78	0	1118.97	0	0
16706	C	C	1104.77	35.6577	82	78	0	1104.77	0	0
16707	T	T	1100.41	35.6141	79	79	0	0	0	1100.41
16708	T	T	1122.81	35.6435	81	81	0	0	0	1122.81
16709	A	A	1062.51	35.6435	81	81	1062.51	0	0	0
16710	T	T	1107.19	35.6141	79	79	0	0	0	1107.19
16711	C	C	1043.19	35.6141	79	75	0	1043.19	0	0
16712	G	G	1056.93	36.2249	76	74	0	0	1056.93	0
16713	G	G	1021.99	36.1959	73	71	0	0	1021.99	0
16714	A	A	1027.13	36.2058	74	74	1027.13	0	0	0
16715	G	G	1041.41	36.2155	75	73	0	0	1041.41	0
16716	A	A	987.082	36.2249	76	76	987.082	0	0	0
16717	A	A	976.763	36.2155	75	75	976.763	0	0	0
16718	C	C	1073.35	36.2342	77	75	0	1073.35	0	0
16719	T	T	1024.46	36.2058	74	74	0	0	0	1024.46
16720	G	G	967.131	36.1422	68	67	0	0	967.131	0
16721	T	T	926.475	36.1422	68	68	0	0	0	926.475
16722	T	T	924.421	36.1306	67	67	0	0	0	924.421
16723	T	T	940.465	36.1535	69	69	0	0	0	940.465
16724	G	G	966.125	36.1422	68	67	0	0	966.125	0
16725	T	T	937.022	36.1422	68	68	0	0	0	937.022
16726	A	A	939.564	37	67	67	939.564	0	0	0
16727	G	G	964.266	37	69	67	0	0	964.266	0
16728	T	T	949.89	37	71	71	0	0	0	949.89
16729	A	A	1000.82	37	72	72	1000.82	0	0	0
16730	G	G	986.528	37	70	69	0	0	986.528	0
16731	T	T	965.944	37	71	71	0	0	0	965.944
16732	A	A	970.174	37	71	71	970.174	0	0	0
16733	G	G	983.052	37	68	68	0	0	983.052	0
16734	C	C	1012.02	37	70	70	0	1012.02	0	0
16735	T	T	966.391	37	69	69	0	0	0	966.391
16736	A	A	986.7	37	71	71	986.7	0	0	0
16737	C	C	984.882	37	71	69	0	984.882	0	0
16738	A	A	1015.36	37	72	72	1015.36	0	0	0
16739	T	T	988.39	37	72	72	0	0	0	988.39
16740	T	T	955.459	37	69	69	0	0	0	955.459
16741	T	T	982.984	36.1645	70	70	0	0	0	982.984
16742	T	T	998.835	36.1645	70	70	0	0	0	998.835
16743	C	C	999.002	36.1645	70	69	0	999.002	0	0
16744	A	A	901.305	36.1645	70	70	901.305	0	0	0
16745	T	T	971.643	36.1535	69	69	0	0	0	971.643
16746	G	G	919.05	35.4066	67	65	0	0	919.05	0
16747	A	A	888.944	35.3864	66	66	888.944	0	0	0
16748	T	T	903.131	35.3657	65	65	0	0	0	903.131
16749	C	C	850.408	35.2537	60	59	0	850.408	0	0
16750	T	T	844.871	35.2537	60	60	0	0	0	844.871
16751	A	A	848.143	34.6485	62	62	848.143	0	0	0
16752	A	A	881.471	34.1488	64	64	881.471	0	0	0
16753	C	C	817.357	34.0819	62	58	0	817.357	0	0
16754	A	A	877.825	34.1488	64	64	877.825	0	0	0
16755	T	T	857.07	33.7266	66	66	0	0	0	857.07
16756	C	C	859.844	33.6913	65	62	0	859.844	0	0
16757	A	A	844.543	33.2895	66	66	844.543	0	0	0
16758	C	C	816.103	33.2122	64	59	0	816.103	0	0
16759	C	C	922.629	32.4422	64	64	0	922.629	0	0
16760	A	A	756.76	32.1597	58	58	756.76	0	0	0
16761	T	T	781.872	31.7026	56	56	0	0	0	781.872
16762	C	C	776.972	31.3182	55	54	0	776.972	0	0
16763	A	A	770.887	30.9017	58	58	770.887	0	0	0
16764	C	C	789.037	30.7862	56	55	0	789.037	0	0
16765	T	T	743.765	30.5193	56	56	0	0	0	743.765
16766	C	G	788.421	30.2677	56	55	0	0	788.421	0
16767	T	T	734.335	30.206	55	55	0	0	0	734.335
16768	A	A	756.281	30.03	56	56	756.281	0	0	0
16769	A	A	754.342	29.9673	55	55	754.342	0	0	0
16770	T	T	746.084	29.9673	55	55	0	0	0	746.084
16771	A	A	806.199	30.0913	57	57	806.199	0	0	0
16772	G	G	834.872	30.4453	59	58	0	0	834.872	0
16773	G	G	845.695	30.3795	62	60	0	0	845.695	0
16774	A	A	845.447	30.3242	61	61	845.447	0	0	0
16775	A	A	857.473	30.4338	63	63	857.473	0	0	0
16776	C	C	933.715	30.1126	65	65	0	933.715	0	0
16777	C	C	876.253	29.9487	62	61	0	876.253	0	0
16778	A	A	826.831	29.834	60	60	826.831	0	0	0
16779	A	A	825.682	29.6323	60	60	825.682	0	0	0
16780	C	C	747.652	29.3147	61	55	0	747.652	0	0
16781	A	A	871.894	29.4306	63	63	871.894	0	0	0
16782	T	T	858.377	29.3119	64	64	0	0	0	858.377
16783	T	T	869.509	29.1486	67	67	0	0	0	869.509
16784	A	A	956.628	29.0044	70	70	956.628	0	0	0
16785	T	T	906.814	28.7739	71	71	0	0	0	906.814
16786	C	C	926.774	28.7215	70	66	0	926.774	0	0
16787	A	A	963.101	28.5331	69	69	963.101	0	0	0
16788	T	T	925.194	28.4787	68	68	0	0	0	925.194
16789	T	T	940.889	28.4233	67	67	0	0	0	940.889
16790	A	A	946.33	28.2918	67	67	946.33	0	0	0
16791	C	C	965.107	28.3474	68	67	0	965.107	0	0
16792	T	T	965.972	28.4021	69	69	0	0	0	965.972
16793	G	T	932.007	28.3474	68	68	0	0	0	932.007
16794	C	C	981.341	28.2749	69	68	0	981.341	0	0
16795	C	C	996.904	28.329	70	69	0	996.904	0	0
16796	C	C	1006.93	28.1921	72	70	0	1006.93	0	0
16797	T	T	978.497	28.0758	72	72	0	0	0	978.497
16798	C	C	932.309	28.1513	69	66	0	932.309	0	0
16799	T	T	974.839	28.0857	70	70	0	0	0	974.839
16800	A	A	966.704	28.1393	71	71	966.704	0	0	0
16801	C	C	976.522	27.9626	72	69	0	976.522	0	0
16802	T	T	995.569	27.9048	73	73	0	0	0	995.569
16803	C	C	977.892	27.8004	69	68	0	977.892	0	0
16804	C	C	964.962	27.8553	70	68	0	964.962	0	0
16805	C	G	902.941	27.8553	70	65	0	0	902.941	0
16806	T	T	1004.66	27.9094	71	71	0	0	0	1004.66
16807	C	C	974.703	28.259	71	68	0	974.703	0	0
16808	T	T	992.181	28.3116	72	72	0	0	0	992.181
16809	A	A	1022.86	28.5367	74	74	1022.86	0	0	0
16810	C	C	1047.55	28.5367	74	73	0	1047.55	0	0
16811	A	A	1013.26	28.7422	73	73	1013.26	0	0	0
16812	T	T	1005.49	28.7422	73	73	0	0	0	1005.49
16813	A	A	982.893	28.7924	74	74	982.893	0	0	0
16814	C	C	1004.38	28.964	72	70	0	1004.38	0	0
16815	T	T	983.684	29.1008	69	69	0	0	0	983.684
16816	A	A	927.792	29.1531	70	70	927.792	0	0	0
16817	A	A	944.134	28.964	72	72	944.134	0	0	0
16818	T	T	949.258	29.1008	69	69	0	0	0	949.258
16819	C	C	930.73	29.1486	67	65	0	930.73	0	0
16820	A	A	913.252	29.2551	69	69	913.252	0	0	0
16821	C	C	929.171	29.4763	67	65	0	929.171	0	0
16822	C	C	936.316	29.778	66	65	0	936.316	0	0
16823	A	A	909.297	29.9141	65	65	909.297	0	0	0
16824	C	C	905.533	29.8598	64	63	0	905.533	0	0
16825	A	A	895.359	29.8598	64	64	895.359	0	0	0
16826	C	C	890.247	29.65	67	64	0	890.247	0	0
16827	A	A	941.596	29.7024	68	68	941.596	0	0	0
16828	A	A	966.383	29.6323	70	70	966.383	0	0	0
16829	C	C	955.62	29.5812	69	67	0	955.62	0	0
16830	G	G	984.468	29.732	72	69	0	0	984.468	0
16831	A	A	995.857	29.8284	74	74	995.857	0	0	0
16832	G	G	1018.96	29.7806	73	71	0	0	1018.96	0
16833	G	G	996.823	29.9515	73	70	0	0	996.823	0
16834	C	C	1064.18	29.8754	75	74	0	1064.18	0	0
16835	A	A	973.452	29.9033	72	72	973.452	0	0	0
16836	A	A	980.185	29.6323	70	70	980.185	0	0	0
16837	G	G	990.968	29.6826	71	69	0	0	990.968	0
16838	T	G	961.964	29.7539	69	67	0	0	961.964	0
16839	G	G	1021.69	29.8544	71	71	0	0	1021.69	0
16840	C	C	972.614	29.9338	69	68	0	972.614	0	0
16841	A	A	952.251	30.0817	72	72	952.251	0	0	0
16842	C	C	969.469	30.0332	71	68	0	969.469	0	0
16843	A	A	944.16	29.984	70	70	944.16	0	0	0
16844	A	A	915.054	29.778	66	66	915.054	0	0	0
16845	A	A	913.686	29.778	66	66	913.686	0	0	0
16846	C	C	887.655	29.8598	64	62	0	887.655	0	0
16847	C	C	927.541	29.8598	64	64	0	927.541	0	0
16848	A	A	842.011	30.1587	62	62	842.011	0	0	0
16849	T	T	892.81	30.2138	63	63	0	0	0	892.81
16850	G	G	875.141	30.2677	64	62	0	0	875.141	0
16851	T	T	886.267	30.5392	65	65	0	0	0	886.267
16852	C	C	869.022	30.8579	62	61	0	869.022	0	0
16853	A	A	904.968	30.7179	64	64	904.968	0	0	0
16854	A	A	924.849	30.8198	66	66	924.849	0	0	0
16855	A	A	905.776	31.0618	66	65	905.776	0	0	0
16856	A	C	904.507	31.2508	70	65	0	904.507	0	0
16857	G	G	1021.89	31.296	71	71	0	0	1021.89	0
16858	T	T	941.139	32.0567	70	70	0	0	0	941.139
16859	A	A	992.319	32.4422	72	72	992.319	0	0	0
16860	T	T	960.212	33.1549	73	73	0	0	0	960.212
16861	T	T	989.86	33.5679	74	74	0	0	0	989.86
16862	A	A	1002.94	33.9825	74	74	1002.94	0	0	0
16863	A	A	997.166	33.9528	73	73	997.166	0	0	0
16864	A	A	1004.67	33.9825	74	74	1004.67	0	0	0
16865	C	C	1000.98	33.9528	73	70	0	1000.98	0	0
16866	C	C	1007.28	34.0116	75	71	0	1007.28	0	0
16867	A	A	998.092	33.8916	71	71	998.092	0	0	0
16868	T	T	985.552	33.9225	72	72	0	0	0	985.552
16869	C	C	1004.04	33.9225	72	70	0	1004.04	0	0
16870	C	C	1038.46	34.0116	75	73	0	1038.46	0	0
16871	T	T	1034.57	34.0116	75	75	0	0	0	1034.57
16872	T	T	1016.03	34.4409	74	74	0	0	0	1016.03
16873	T	T	1023.9	34.4921	76	76	0	0	0	1023.9
16874	A	A	1013.92	34.4668	75	75	1013.92	0	0	0
16875	C	C	1029.68	35.058	79	74	0	1029.68	0	0
16876	A	A	1046.86	35.0379	78	78	1046.86	0	0	0
16877	C	C	1074.32	35.5675	76	75	0	1074.32	0	0
16878	G	G	1066.55	35.5512	75	74	0	0	1066.55	0
16879	A	A	1025.4	35.5512	75	75	1025.4	0	0	0
16880	G	G	1070.33	36.2058	74	74	0	0	1070.33	0
16881	A	A	1026.29	36.1959	73	73	1026.29	0	0	0
16882	A	A	1059.07	36.2249	76	76	1059.07	0	0	0
16883	A	A	1026.04	36.2058	74	74	1026.04	0	0	0
16884	A	A	1010.64	36.1959	73	73	1010.64	0	0	0
16885	C	C	1052.91	36.2058	74	73	0	1052.91	0	0
16886	G	G	1028.3	36.1959	73	72	0	0	1028.3	0
16887	C	C	1054.09	36.2058	74	73	0	1054.09	0	0
16888	C	C	981.98	36.1752	71	69	0	981.98	0	0
16889	C	C	993.042	36.1752	71	69	0	993.042	0	0
16890	T	T	1017.87	36.1857	72	72	0	0	0	1017.87
16891	G	G	964.671	36.1645	70	68	0	0	964.671	0
16892	A	A	966.347	36.1752	71	71	966.347	0	0	0
16893	T	T	947.288	36.1306	67	67	0	0	0	947.288
16894	A	A	933.951	36.1422	68	68	933.951	0	0	0
16895	G	G	953.72	36.1187	66	66	0	0	953.72	0
16896	C	C	944.082	36.1306	67	66	0	944.082	0	0
16897	T	T	948.853	36.1422	68	68	0	0	0	948.853
16898	C	C	968.276	36.1422	68	67	0	968.276	0	0
16899	T	T	939.103	36.1535	69	69	0	0	0	939.103
16900	C	C	926.52	36.1422	68	65	0	926.52	0	0
16901	C	C	868.101	36.1064	65	62	0	868.101	0	0
16902	A	A	868.991	36.0938	64	64	868.991	0	0	0
16903	T	T	874.164	37	63	63	0	0	0	874.164
16904	C	C	860.041	37	64	61	0	860.041	0	0
16905	T	T	893.87	37	64	64	0	0	0	893.87
16906	C	C	865.944	37	61	60	0	865.944	0	0
16907	T	T	861.226	36.0809	63	63	0	0	0	861.226
16908	T	T	868.368	36.0938	64	64	0	0	0	868.368
16909	A	A	873.178	36.0938	64	64	873.178	0	0	0
16910	C	C	926.329	35.4066	67	65	0	926.329	0	0
16911	C	C	919.474	35.4262	68	65	0	919.474	0	0
16912	C	C	934.478	35.3864	66	65	0	934.478	0	0
16913	C	C	908.827	35.3227	63	63	0	908.827	0	0
16914	T	T	855.708	35.2773	61	61	0	0	0	855.708
16915	T	T	897.419	35.3445	64	64	0	0	0	897.419
16916	C	C	924.088	35.3657	65	64	0	924.088	0	0
16917	T	T	892.841	35.3864	66	66	0	0	0	892.841
16918	G	G	919.739	35.3657	65	64	0	0	919.739	0
16919	C	C	901.131	34.8118	68	64	0	901.131	0	0
16920	T	T	898.742	34.7862	67	67	0	0	0	898.742
16921	A	A	898.12	34.7862	67	67	898.12	0	0	0
16922	C	C	836.439	35.3657	65	61	0	836.439	0	0
16923	T	T	886.384	34.7331	65	65	0	0	0	886.384
16924	A	A	880.417	34.7056	64	64	880.417	0	0	0
16925	T	T	882.052	34.7056	64	64	0	0	0	882.052
16926	C	C	895.225	34.6485	62	62	0	895.225	0	0
16927	C	C	913.311	33.7266	66	64	0	913.311	0	0
16928	C	C	916.07	33.7947	68	65	0	916.07	0	0
16929	T	T	918.51	33.8277	69	69	0	0	0	918.51
16930	T	T	916.342	33.761	67	67	0	0	0	916.342
16931	A	A	911.511	33.2513	65	65	911.511	0	0	0
16932	A	A	901.099	33.2513	65	65	901.099	0	0	0
16933	T	T	923.398	32.9713	68	68	0	0	0	923.398
16934	C	C	933.464	32.9713	68	66	0	933.464	0	0
16935	C	C	930.335	32.5705	67	65	0	930.335	0	0
16936	C	C	953.358	32.5286	66	66	0	953.358	0	0
16937	A	A	875.165	32.4859	65	65	875.165	0	0	0
16938	A	A	868.56	32.1485	65	65	868.56	0	0	0
16939	A	A	890.155	31.8814	66	66	890.155	0	0	0
16940	A	A	897.638	32.193	66	66	897.638	0	0	0
16941	T	T	888.482	31.8814	66	66	0	0	0	888.482
16942	A	A	881.52	31.8354	65	65	881.52	0	0	0
16943	A	A	857.824	31.4458	63	63	857.824	0	0	0
16944	T	T	872.835	31.1699	63	63	0	0	0	872.835
16945	T	T	874.855	31.1184	62	62	0	0	0	874.855
16946	C	C	882.089	30.8043	61	61	0	882.089	0	0
16947	T	T	862.609	30.3795	62	62	0	0	0	862.609
16948	A	C	852.524	30.4453	59	59	0	852.524	0	0
16949	G	G	784.906	30.2101	59	56	0	0	784.906	0
16950	G	G	821.139	30.1513	58	57	0	0	821.139	0
16951	A	A	780.67	29.9673	55	55	780.67	0	0	0
16952	C	C	758.759	29.6531	57	54	0	758.759	0	0
16953	C	C	849.627	29.7749	59	59	0	849.627	0	0
16954	T	T	818.589	29.9871	59	59	0	0	0	818.589
16955	A	A	810.907	30.0454	60	60	810.907	0	0	0
16956	T	T	808.154	29.9871	59	59	0	0	0	808.154
16957	T	T	814.644	29.9871	59	59	0	0	0	814.644
16958	T	T	762.99	29.7411	55	55	0	0	0	762.99
16959	A	A	743.217	29.5261	55	55	743.217	0	0	0
16960	C	C	750.343	29.5261	55	53	0	750.343	0	0
16961	T	T	780.399	29.2551	57	57	0	0	0	780.399
16962	G	G	776.043	29.1257	55	54	0	0	776.043	0
16963	T	T	733.325	28.9906	53	53	0	0	0	733.325
16964	A	A	719.512	28.9906	53	53	719.512	0	0	0
16965	A	A	695.093	29.3251	52	52	695.093	0	0	0
16966	A	A	698.037	29.3936	53	53	698.037	0	0	0
16967	T	T	735.548	29.3936	53	53	0	0	0	735.548
16968	A	A	677.908	29.1874	53	53	677.908	0	0	0
16969	T	T	697.173	28.9753	50	50	0	0	0	697.173
16970	A	C	640.173	28.5473	47	45	0	640.173	0	0
16971	G	G	678.322	28.5473	47	47	0	0	678.322	0
16972	T	T	645.639	28.5473	47	47	0	0	0	645.639
16973	T	G	655.638	28.7478	47	46	0	0	655.638	0
16974	T	T	655.433	28.7478	47	47	0	0	0	655.433
16975	A	A	672.232	28.8254	48	48	672.232	0	0	0
16976	A	A	663.532	28.8254	48	48	663.532	0	0	0
16977	C	C	720.126	28.9753	50	50	0	720.126	0	0
16978	A	A	690.155	29.2551	51	51	690.155	0	0	0
16979	A	A	683.403	29.2551	51	51	683.403	0	0	0
16980	A	A	659.636	29.487	48	48	659.636	0	0	0
16981	A	A	638.267	29.4116	47	47	638.267	0	0	0
16982	A	A	630.247	29.6575	47	47	630.247	0	0	0
16983	C	C	639.128	30.1215	46	45	0	639.128	0	0
16984	A	A	628.985	30.1955	47	47	628.985	0	0	0
16985	T	T	647.59	30.1215	46	46	0	0	0	647.59
16986	T	T	620.195	30.5905	44	44	0	0	0	620.195
16987	A	A	571.43	30.7862	42	42	571.43	0	0	0
16988	G	G	557.113	31.0123	40	39	0	0	557.113	0
16989	A	A	550.646	31.0923	41	41	550.646	0	0	0
16990	T	T	574.016	31.4387	40	40	0	0	0	574.016
16991	T	T	565.795	31.4387	40	40	0	0	0	565.795
16992	G	G	556.574	31.8354	39	39	0	0	556.574	0
16993	T	T	510.386	32.1394	36	36	0	0	0	510.386
16994	G	G	497.815	32.1394	36	35	0	0	497.815	0
16995	A	A	463.025	31.5032	35	35	463.025	0	0	0
16996	A	A	444.613	31.3182	33	33	444.613	0	0	0
16997	T	T	472.268	31.3182	33	33	0	0	0	472.268
16998	C	C	444.619	31.7884	32	31	0	444.619	0	0
16999	T	T	458.593	31.7884	32	32	0	0	0	458.593
17000	A	A	374.619	31.4853	29	29	374.619	0	0	0
17001	A	A	365.504	31.3752	28	28	365.504	0	0	0
17002	T	T	374.564	31.1391	26	26	0	0	0	374.564
17003	A	A	332.497	31.0123	25	25	332.497	0	0	0
17004	A	A	318.582	30.879	24	24	318.582	0	0	0
17005	T	T	330.795	30.7386	23	23	0	0	0	330.795
17006	A	A	288.792	30.7386	23	23	288.792	0	0	0
17007	A	A	273.668	30.5905	22	22	273.668	0	0	0
17008	A	A	251.782	30.4338	21	21	251.782	0	0	0
17009	A	A	222.648	30.2677	20	20	222.648	0	0	0
17010	G	G	191.055	30.0913	19	15	0	0	191.055	0
17011	C	C	243.256	31.4124	17	17	0	243.256	0	0
17012	C	C	228.666	32.4422	16	16	0	228.666	0	0
17013	C	C	199.486	33.86	14	14	0	199.486	0	0
17014	A	A	67.7009	33.2895	11	11	67.7009	3.89229e-16	7.37381e-07	3.88686e-16
17015	A	A	43.5833	32.0567	7	7	43.5833	2.66016e-10	0.000190309	2.66003e-10
17016	G	G	59.7133	31.5907	6	5	4.33777e-06	1.50758e-07	59.7133	1.50761e-07
17017	T	T	38.9987	29.2551	3	3	0.000182303	0.000182306	0.000182309	38.9987
