Position 1:	T=0	G=0	C=0	-=0	A=0	
Position 2:	T=0	G=0	C=0	-=0	A=0	
Position 3:	T=0	G=0	C=0	-=0	A=0	
Position 4:	T=0	G=0	C=0	-=0	A=0	
Position 5:	T=0	G=0	C=0	-=0	A=0	
Position 6:	T=0	G=0	C=0	-=0	A=0	
Position 7:	T=0	G=0	C=0	-=0	A=0	
Position 8:	T=0	G=0	C=0	-=0	A=0	
Position 9:	T=0	G=0	C=0	-=0	A=0	
Position 10:	T=0	G=0	C=0	-=0	A=0	
Position 11:	T=0	G=0	C=0	-=0	A=0	
Position 12:	T=0	G=0	C=0	-=0	A=0	
Position 13:	T=0	G=0	C=0	-=0	A=0	
Position 14:	T=0	G=0	C=0	-=0	A=0	
Position 15:	T=0	G=0	C=0	-=0	A=0	
Position 16:	T=0	G=0	C=0	-=0	A=0	
Position 17:	T=0	G=0	C=0	-=0	A=0	
Position 18:	T=0	G=0	C=0	-=0	A=0	
Position 19:	T=0	G=0	C=0	-=0	A=0	
Position 20:	T=1	G=0	-=0	A=0	C=0	
Position 21:	T=0	G=0	-=0	A=1	C=0	
Position 22:	T=1	G=0	-=0	A=0	C=0	
Position 23:	T=1	G=0	-=0	A=0	C=0	
Position 24:	T=1	G=0	-=0	A=0	C=0	
Position 25:	T=0	G=0	-=0	A=1	C=0	
Position 26:	T=0	G=0	-=0	A=0	C=1	
Position 27:	T=0	G=0	-=0	A=0	C=1	
Position 28:	T=0	G=1	-=0	A=0	C=0	
Position 29:	T=0	G=0	-=0	A=1	C=0	
Position 30:	T=0	G=0	-=0	A=1	C=0	
Position 31:	T=0	G=0	-=0	A=1	C=0	
Position 32:	T=0	G=0	-=0	A=1	C=0	
Position 33:	T=0	G=0	-=0	A=1	C=0	
Position 34:	T=1	G=0	-=0	A=0	C=0	
Position 35:	T=1	G=0	-=0	A=0	C=0	
Position 36:	T=0	G=0	-=0	A=1	C=0	
Position 37:	T=0	G=0	-=0	A=0	C=1	
Position 38:	T=0	G=1	-=0	A=0	C=0	
Position 39:	T=0	G=0	-=0	A=0	C=1	
Position 40:	T=0	G=1	-=0	A=0	C=0	
Position 41:	T=0	G=0	-=0	A=1	C=0	
Position 42:	T=0	G=1	-=0	A=0	C=0	
Position 43:	T=0	G=0	-=0	A=1	C=0	
Position 44:	T=0	G=0	-=0	A=1	C=0	
Position 45:	T=0	G=0	-=0	A=0	C=1	
Position 46:	T=1	G=0	-=0	A=0	C=0	
Position 47:	T=0	G=1	-=0	A=0	C=0	
Position 48:	T=0	G=0	-=0	A=0	C=1	
Position 49:	T=1	G=0	-=0	A=0	C=0	
Position 50:	T=0	G=0	-=0	A=1	C=0	
Position 51:	T=0	G=0	-=0	A=1	C=0	
Position 52:	T=1	G=0	-=0	A=0	C=0	
Position 53:	T=0	G=1	-=0	A=0	C=0	
Position 54:	T=0	G=0	-=0	A=0	C=1	
Position 55:	T=0	G=0	-=0	A=1	C=0	
Position 56:	T=1	G=0	-=0	A=0	C=0	
Position 57:	T=0	G=1	-=0	A=0	C=0	
Position 58:	T=0	G=0	-=0	A=0	C=1	
Position 59:	T=0	G=1	-=0	A=0	C=0	
Position 60:	T=0	G=0	-=0	A=1	C=0	
Position 61:	T=0	G=0	-=0	A=0	C=1	
Position 62:	T=0	G=0	-=0	A=0	C=1	
Position 63:	T=0	G=0	-=0	A=1	C=0	
Position 64:	T=1	G=0	-=0	A=0	C=0	
Position 65:	T=1	G=0	-=0	A=0	C=0	
Position 66:	T=0	G=1	-=0	A=0	C=0	
Position 67:	T=0	G=0	-=0	A=1	C=0	
Position 68:	T=1	G=0	-=0	A=0	C=0	
Position 69:	T=0	G=0	-=0	A=1	C=0	
Position 70:	T=1	G=0	-=0	A=0	C=0	
Position 71:	T=0	G=0	-=0	A=1	C=0	
Position 72:	T=0	G=0	-=0	A=1	C=0	
Position 73:	T=1	G=0	-=0	A=0	C=0	
Position 74:	T=0	G=0	-=0	A=0	C=1	
Position 75:	T=0	G=1	-=0	A=0	C=0	
Position 76:	T=0	G=0	-=0	A=0	C=1	
Position 77:	T=1	G=0	-=0	A=0	C=0	
Position 78:	T=0	G=0	-=0	A=0	C=1	
Position 79:	T=0	G=0	-=0	A=1	C=0	
Position 80:	T=0	G=1	-=0	A=0	C=0	
Position 81:	T=1	G=0	-=0	A=0	C=0	
Position 82:	T=0	G=0	-=0	A=1	C=0	
Position 83:	T=0	G=0	-=0	A=1	C=0	
Position 84:	T=1	G=0	-=0	A=0	C=0	
Position 85:	T=1	G=0	-=0	A=0	C=0	
Position 86:	T=1	G=0	-=0	A=0	C=0	
Position 87:	T=1	G=0	-=0	A=0	C=0	
Position 88:	T=1	G=0	-=0	A=0	C=0	
Position 89:	T=0	G=0	-=0	A=1	C=0	
Position 90:	T=1	G=0	-=0	A=0	C=0	
Position 91:	T=1	G=0	-=0	A=0	C=0	
Position 92:	T=0	G=0	-=0	A=0	C=1	
Position 93:	T=0	G=1	-=0	A=0	C=0	
Position 94:	T=0	G=0	-=0	A=1	C=0	
Position 95:	T=0	G=1	-=0	A=0	C=0	
Position 96:	T=1	G=0	-=0	A=0	C=0	
Position 97:	T=0	G=0	-=0	A=1	C=0	
Position 98:	T=0	G=0	-=0	A=0	C=1	
Position 99:	T=0	G=1	-=0	A=0	C=0	
Position 100:	T=0	G=0	-=0	A=0	C=1	
Position 101:	T=0	G=0	-=0	A=0	C=1	
Position 102:	T=1	G=0	-=0	A=0	C=0	
Position 103:	T=0	G=1	-=0	A=0	C=0	
Position 104:	T=1	G=0	-=0	A=0	C=0	
Position 105:	T=1	G=0	-=0	A=0	C=0	
Position 106:	T=0	G=0	-=0	A=1	C=0	
Position 107:	T=0	G=1	-=0	A=0	C=0	
Position 108:	T=0	G=1	-=0	A=0	C=0	
Position 109:	T=0	G=0	-=0	A=0	C=1	
Position 110:	T=0	G=0	-=0	A=1	C=0	
Position 111:	T=0	G=0	-=0	A=0	C=1	
Position 112:	T=0	G=0	-=0	A=0	C=1	
Position 113:	T=1	G=0	-=0	A=0	C=0	
Position 114:	T=0	G=1	-=0	A=0	C=0	
Position 115:	T=0	G=0	-=0	A=1	C=0	
Position 116:	T=0	G=1	-=0	A=0	C=0	
Position 117:	T=0	G=0	-=0	A=0	C=1	
Position 118:	T=0	G=1	-=0	A=0	C=0	
Position 119:	T=0	G=0	-=0	A=0	C=1	
Position 120:	T=0	G=0	C=0	-=0	A=0	
Position 121:	T=0	G=0	C=0	-=0	A=0	
Position 122:	T=0	G=0	C=0	-=0	A=0	
Position 123:	T=0	G=0	C=0	-=0	A=0	
Position 124:	T=1	G=0	-=0	A=0	C=0	
Position 125:	T=0	G=0	-=0	A=0	C=1	
Position 126:	T=0	G=1	-=0	A=0	C=0	
Position 127:	T=1	G=0	-=0	A=0	C=0	
Position 128:	T=1	G=0	-=0	A=0	C=0	
Position 129:	T=0	G=0	-=0	A=0	C=1	
Position 130:	T=1	G=0	-=0	A=0	C=0	
Position 131:	T=0	G=0	-=0	A=0	C=1	
Position 132:	T=0	G=0	-=0	A=0	C=1	
Position 133:	T=0	G=1	-=0	A=0	C=0	
Position 134:	T=0	G=1	-=0	A=0	C=0	
Position 135:	T=1	G=0	-=0	A=0	C=0	
Position 136:	T=0	G=0	-=0	A=0	C=1	
Position 137:	T=0	G=1	-=0	A=0	C=0	
Position 138:	T=1	G=0	-=0	A=0	C=0	
Position 139:	T=0	G=0	-=0	A=0	C=1	
Position 140:	T=0	G=0	-=0	A=1	C=0	
Position 141:	T=0	G=0	-=0	A=1	C=0	
Position 142:	T=0	G=1	-=0	A=0	C=0	
Position 143:	T=0	G=0	-=0	A=1	C=0	
Position 144:	T=0	G=0	-=0	A=0	C=1	
Position 145:	T=0	G=1	-=0	A=0	C=0	
Position 146:	T=0	G=0	-=0	A=0	C=1	
Position 147:	T=0	G=0	-=0	A=0	C=1	
Position 148:	T=0	G=0	-=0	A=1	C=0	
Position 149:	T=0	G=0	-=0	A=1	C=0	
Position 150:	T=1	G=0	-=0	A=0	C=0	
Position 151:	T=1	G=0	-=0	A=0	C=0	
Position 152:	T=0	G=0	-=0	A=0	C=1	
Position 153:	T=0	G=0	-=0	A=1	C=0	
Position 154:	T=0	G=2	-=0	A=0	C=0	
Position 155:	T=0	G=0	-=0	A=0	C=2	
Position 156:	T=0	G=0	-=0	A=0	C=2	
Position 157:	T=0	G=2	-=0	A=0	C=0	
Position 158:	T=0	G=0	-=0	A=0	C=2	
Position 159:	T=2	G=0	-=0	A=0	C=0	
Position 160:	T=0	G=0	-=0	A=0	C=2	
Position 161:	T=2	G=0	-=0	A=0	C=0	
Position 162:	T=0	G=0	-=0	A=2	C=0	
Position 163:	T=0	G=0	-=0	A=0	C=2	
Position 164:	T=0	G=0	-=0	A=2	C=0	
Position 165:	T=0	G=0	-=0	A=0	C=1	
Position 166:	T=0	G=1	-=0	A=0	C=0	
Position 167:	T=0	G=0	-=0	A=0	C=1	
Position 168:	T=0	G=0	-=0	A=1	C=0	
Position 169:	T=0	G=1	-=0	A=0	C=0	
Position 170:	T=1	G=0	-=0	A=0	C=0	
Position 171:	T=0	G=0	-=0	A=1	C=0	
Position 172:	T=0	G=1	-=0	A=0	C=0	
Position 173:	T=1	G=0	-=0	A=0	C=0	
Position 174:	T=0	G=0	-=0	A=1	C=0	
Position 175:	T=1	G=0	-=0	A=0	C=0	
Position 176:	T=0	G=0	-=0	A=1	C=0	
Position 177:	T=0	G=0	-=0	A=1	C=0	
Position 178:	T=0	G=0	-=0	A=1	C=0	
Position 179:	T=0	G=0	-=0	A=1	C=0	
Position 180:	T=1	G=0	-=0	A=0	C=0	
Position 181:	T=0	G=0	-=0	A=0	C=1	
Position 182:	T=0	G=1	-=0	A=0	C=0	
Position 183:	T=0	G=0	-=0	A=0	C=1	
Position 184:	T=0	G=0	-=0	A=1	C=0	
Position 185:	T=1	G=0	-=0	A=0	C=0	
Position 186:	T=0	G=0	-=0	A=0	C=1	
Position 187:	T=0	G=1	-=0	A=0	C=0	
Position 188:	T=0	G=1	-=0	A=0	C=0	
Position 189:	T=0	G=0	-=0	A=1	C=0	
Position 190:	T=0	G=1	-=0	A=0	C=0	
Position 191:	T=0	G=0	-=0	A=1	C=0	
Position 192:	T=1	G=0	-=0	A=0	C=0	
Position 193:	T=0	G=1	-=0	A=0	C=0	
Position 194:	T=0	G=0	-=0	A=1	C=0	
Position 195:	T=0	G=0	-=0	A=1	C=0	
Position 196:	T=0	G=1	-=0	A=0	C=0	
Position 197:	T=1	G=0	-=0	A=0	C=0	
Position 198:	T=0	G=0	-=0	A=0	C=1	
Position 199:	T=1	G=0	-=0	A=0	C=0	
Position 200:	T=0	G=0	-=0	A=1	C=0	
Position 201:	T=1	G=0	-=0	A=0	C=0	
Position 202:	T=1	G=0	-=0	A=0	C=0	
Position 203:	T=1	G=0	-=0	A=0	C=0	
Position 204:	T=0	G=0	-=0	A=0	C=1	
Position 205:	T=1	G=0	-=0	A=0	C=0	
Position 206:	T=1	G=0	-=0	A=0	C=0	
Position 207:	T=0	G=0	-=0	A=1	C=0	
Position 208:	T=0	G=0	C=0	-=0	A=0	
Position 209:	T=1	G=0	-=0	A=0	C=0	
Position 210:	T=0	G=0	-=0	A=1	C=0	
Position 211:	T=1	G=0	-=0	A=0	C=0	
Position 212:	T=0	G=1	-=0	A=0	C=0	
Position 213:	T=0	G=0	-=0	A=0	C=1	
Position 214:	T=0	G=1	-=0	A=0	C=0	
Position 215:	T=0	G=0	-=0	A=0	C=1	
Position 216:	T=0	G=0	-=0	A=1	C=0	
Position 217:	T=1	G=0	-=0	A=0	C=0	
Position 218:	T=1	G=0	-=0	A=0	C=0	
Position 219:	T=0	G=0	-=0	A=1	C=0	
Position 220:	T=0	G=0	-=0	A=1	C=0	
Position 221:	T=0	G=0	-=0	A=0	C=1	
Position 222:	T=0	G=0	-=0	A=0	C=1	
Position 223:	T=0	G=0	-=0	A=1	C=0	
Position 224:	T=0	G=0	-=0	A=0	C=1	
Position 225:	T=0	G=0	-=0	A=0	C=1	
Position 226:	T=0	G=0	-=0	A=0	C=1	
Position 227:	T=1	G=0	-=0	A=0	C=0	
Position 228:	T=0	G=0	-=0	A=1	C=0	
Position 229:	T=1	G=0	-=0	A=0	C=0	
Position 230:	T=1	G=0	-=0	A=0	C=0	
Position 231:	T=1	G=0	-=0	A=0	C=0	
Position 232:	T=0	G=0	-=0	A=1	C=0	
Position 233:	T=0	G=0	-=0	A=0	C=1	
Position 234:	T=0	G=0	-=0	A=1	C=0	
Position 235:	T=1	G=0	-=0	A=0	C=0	
Position 236:	T=0	G=0	-=0	A=0	C=1	
Position 237:	T=0	G=0	-=0	A=1	C=0	
Position 238:	T=0	G=1	-=0	A=0	C=0	
Position 239:	T=0	G=0	-=0	A=0	C=1	
Position 240:	T=0	G=0	-=0	A=0	C=1	
Position 241:	T=0	G=0	-=0	A=1	C=0	
Position 242:	T=0	G=0	-=0	A=1	C=0	
Position 243:	T=0	G=1	-=0	A=0	C=0	
Position 244:	T=0	G=1	-=0	A=0	C=0	
Position 245:	T=1	G=0	-=0	A=0	C=0	
Position 246:	T=1	G=0	-=0	A=0	C=0	
Position 247:	T=1	G=0	-=0	A=0	C=0	
Position 248:	T=0	G=1	-=0	A=0	C=0	
Position 249:	T=0	G=0	-=0	A=1	C=0	
Position 250:	T=0	G=1	-=0	A=0	C=0	
Position 251:	T=0	G=0	-=0	A=1	C=0	
Position 252:	T=0	G=1	-=0	A=0	C=0	
Position 253:	T=0	G=0	-=0	A=0	C=1	
Position 254:	T=0	G=0	-=0	A=1	C=0	
Position 255:	T=0	G=0	-=0	A=1	C=0	
Position 256:	T=0	G=0	-=0	A=1	C=0	
Position 257:	T=0	G=0	-=0	A=1	C=0	
Position 258:	T=0	G=0	-=0	A=0	C=1	
Position 259:	T=0	G=0	-=0	A=0	C=1	
Position 260:	T=1	G=0	-=0	A=0	C=0	
Position 261:	T=0	G=1	-=0	A=0	C=0	
Position 262:	T=0	G=0	-=0	A=0	C=1	
Position 263:	T=0	G=0	-=0	A=0	C=1	
Position 264:	T=0	G=0	-=0	A=0	C=1	
Position 265:	T=0	G=0	-=0	A=0	C=1	
Position 266:	T=0	G=0	-=0	A=0	C=1	
Position 267:	T=0	G=0	-=0	A=1	C=0	
Position 268:	T=0	G=1	-=0	A=0	C=0	
Position 269:	T=0	G=0	-=0	A=0	C=1	
Position 270:	T=1	G=0	-=0	A=0	C=0	
Position 271:	T=0	G=0	-=0	A=1	C=0	
Position 272:	T=0	G=0	-=0	A=1	C=0	
Position 273:	T=0	G=0	-=0	A=0	C=1	
Position 274:	T=0	G=0	-=0	A=0	C=1	
Position 275:	T=0	G=0	-=0	A=1	C=0	
Position 276:	T=0	G=0	-=0	A=0	C=1	
Position 277:	T=1	G=0	-=0	A=0	C=0	
Position 278:	T=0	G=0	-=0	A=0	C=1	
Position 279:	T=1	G=0	-=0	A=0	C=0	
Position 280:	T=0	G=0	-=0	A=0	C=1	
Position 281:	T=0	G=1	-=0	A=0	C=0	
Position 282:	T=1	G=0	-=0	A=0	C=0	
Position 283:	T=1	G=0	-=0	A=0	C=0	
Position 284:	T=0	G=1	-=0	A=0	C=0	
Position 285:	T=0	G=0	-=0	A=0	C=1	
Position 286:	T=0	G=0	-=0	A=0	C=1	
Position 287:	T=0	G=0	-=0	A=1	C=0	
Position 288:	T=0	G=0	-=0	A=0	C=1	
Position 289:	T=0	G=0	-=0	A=1	C=0	
Position 290:	T=1	G=0	-=0	A=0	C=0	
Position 291:	T=0	G=0	-=0	A=0	C=1	
Position 292:	T=0	G=0	-=0	A=0	C=1	
Position 293:	T=0	G=0	-=0	A=1	C=0	
Position 294:	T=1	G=0	-=0	A=0	C=0	
Position 295:	T=0	G=0	-=0	A=1	C=0	
Position 296:	T=0	G=1	-=0	A=0	C=0	
Position 297:	T=0	G=0	-=0	A=0	C=1	
Position 298:	T=0	G=0	-=0	A=0	C=1	
Position 299:	T=0	G=1	-=0	A=1	C=0	
Position 300:	T=0	G=0	-=0	A=0	C=1	
Position 301:	T=1	G=0	-=0	A=0	C=0	
Position 302:	T=0	G=1	-=0	A=0	C=0	
Position 303:	T=0	G=0	-=0	A=0	C=1	
Position 304:	T=0	G=0	-=0	A=0	C=1	
Position 305:	T=1	G=0	-=0	A=0	C=0	
Position 306:	T=0	G=0	-=0	A=1	C=0	
Position 307:	T=0	G=0	-=0	A=0	C=1	
Position 308:	T=0	G=0	-=0	A=1	C=0	
Position 309:	T=0	G=1	-=0	A=0	C=0	
Position 310:	T=1	G=0	-=0	A=0	C=0	
Position 311:	T=0	G=0	-=0	A=1	C=0	
Position 312:	T=0	G=0	-=0	A=0	C=1	
Position 313:	T=1	G=0	-=0	A=0	C=0	
Position 314:	T=0	G=0	-=0	A=0	C=1	
Position 315:	T=0	G=1	-=0	A=0	C=0	
Position 316:	T=0	G=0	-=0	A=1	C=0	
Position 317:	T=0	G=0	-=0	A=1	C=0	
Position 318:	T=0	G=1	-=0	A=0	C=0	
Position 319:	T=0	G=0	-=0	A=0	C=1	
Position 320:	T=0	G=1	-=0	A=0	C=0	
Position 321:	T=1	G=0	-=0	A=0	C=0	
Position 322:	T=0	G=0	-=0	A=1	C=0	
Position 323:	T=0	G=0	-=0	A=1	C=0	
Position 324:	T=1	G=0	-=0	A=0	C=0	
Position 325:	T=0	G=0	-=0	A=0	C=1	
Position 326:	T=1	G=0	-=0	A=0	C=0	
Position 327:	T=1	G=0	-=0	A=0	C=0	
Position 328:	T=1	G=0	-=0	A=0	C=0	
Position 329:	T=0	G=1	-=0	A=0	C=0	
Position 330:	T=0	G=0	-=0	A=1	C=0	
Position 331:	T=0	G=0	C=0	-=0	A=0	
Position 332:	T=1	G=0	-=0	A=0	C=0	
Position 333:	T=1	G=0	-=0	A=0	C=0	
Position 334:	T=1	G=0	-=0	A=0	C=0	
Position 335:	T=0	G=0	-=0	A=1	C=0	
Position 336:	T=0	G=0	-=0	A=1	C=0	
Position 337:	T=0	G=0	-=0	A=0	C=1	
Position 338:	T=0	G=0	-=0	A=1	C=0	
Position 339:	T=0	G=0	-=0	A=1	C=0	
Position 340:	T=0	G=0	-=0	A=0	C=1	
Position 341:	T=0	G=1	-=0	A=0	C=0	
Position 342:	T=0	G=0	-=0	A=1	C=0	
Position 343:	T=0	G=1	-=0	A=0	C=0	
Position 344:	T=0	G=0	-=0	A=1	C=0	
Position 345:	T=0	G=0	-=0	A=1	C=0	
Position 346:	T=0	G=0	-=0	A=0	C=1	
Position 347:	T=0	G=0	-=0	A=1	C=0	
Position 348:	T=0	G=0	-=0	A=1	C=0	
Position 349:	T=0	G=0	-=0	A=0	C=1	
Position 350:	T=0	G=0	-=0	A=0	C=1	
Position 351:	T=0	G=0	-=0	A=0	C=1	
Position 352:	T=0	G=0	-=0	A=0	C=1	
Position 353:	T=0	G=0	-=0	A=0	C=1	
Position 354:	T=1	G=0	-=0	A=0	C=0	
Position 355:	T=0	G=0	-=0	A=0	C=1	
Position 356:	T=0	G=0	-=0	A=0	C=1	
Position 357:	T=1	G=0	-=0	A=0	C=0	
Position 358:	T=0	G=0	-=0	A=1	C=0	
Position 359:	T=0	G=1	-=0	A=0	C=0	
Position 360:	T=0	G=0	-=0	A=1	C=0	
Position 361:	T=0	G=0	-=0	A=1	C=0	
Position 362:	T=0	G=0	-=0	A=0	C=1	
Position 363:	T=0	G=0	-=0	A=0	C=1	
Position 364:	T=0	G=0	-=0	A=0	C=1	
Position 365:	T=1	G=0	-=0	A=0	C=0	
Position 366:	T=0	G=0	-=0	A=1	C=0	
Position 367:	T=0	G=0	-=0	A=0	C=1	
Position 368:	T=0	G=0	-=0	A=1	C=0	
Position 369:	T=1	G=0	-=0	A=0	C=0	
Position 370:	T=0	G=0	-=0	A=1	C=0	
Position 371:	T=0	G=0	-=0	A=0	C=1	
Position 372:	T=0	G=0	-=0	A=0	C=1	
Position 373:	T=0	G=0	-=0	A=0	C=1	
Position 374:	T=0	G=0	-=0	A=0	C=1	
Position 375:	T=0	G=0	-=0	A=1	C=0	
Position 376:	T=1	G=0	-=0	A=0	C=0	
Position 377:	T=0	G=0	-=0	A=0	C=1	
Position 378:	T=0	G=0	-=0	A=1	C=0	
Position 379:	T=0	G=0	-=0	A=0	C=1	
Position 380:	T=0	G=0	-=0	A=0	C=1	
Position 381:	T=0	G=0	-=0	A=1	C=0	
Position 382:	T=0	G=1	-=0	A=0	C=0	
Position 383:	T=0	G=0	-=0	A=1	C=0	
Position 384:	T=0	G=0	-=0	A=1	C=0	
Position 385:	T=0	G=1	-=0	A=0	C=0	
Position 386:	T=0	G=1	-=0	A=0	C=0	
Position 387:	T=0	G=0	-=0	A=1	C=0	
Position 388:	T=0	G=0	-=0	A=0	C=1	
Position 389:	T=0	G=0	-=0	A=1	C=0	
Position 390:	T=0	G=0	-=0	A=0	C=1	
Position 391:	T=1	G=0	-=0	A=0	C=0	
Position 392:	T=1	G=0	-=0	A=0	C=0	
Position 393:	T=0	G=0	-=0	A=1	C=0	
Position 394:	T=0	G=0	-=0	A=1	C=0	
Position 395:	T=0	G=0	-=0	A=1	C=0	
Position 396:	T=0	G=0	-=0	A=1	C=0	
Position 397:	T=1	G=0	-=0	A=0	C=0	
Position 398:	T=0	G=0	-=0	A=1	C=0	
Position 399:	T=0	G=0	-=0	A=1	C=0	
Position 400:	T=0	G=0	-=0	A=1	C=0	
Position 401:	T=1	G=0	-=0	A=0	C=0	
Position 402:	T=0	G=0	-=0	A=1	C=0	
Position 403:	T=0	G=0	-=0	A=0	C=1	
Position 404:	T=1	G=0	-=0	A=0	C=0	
Position 405:	T=0	G=0	-=0	A=1	C=0	
Position 406:	T=1	G=0	-=0	A=0	C=0	
Position 407:	T=0	G=0	-=0	A=1	C=0	
Position 408:	T=1	G=0	-=0	A=0	C=0	
Position 409:	T=0	G=0	-=0	A=0	C=1	
Position 410:	T=0	G=0	-=0	A=0	C=1	
Position 411:	T=1	G=0	-=0	A=0	C=0	
Position 412:	T=1	G=0	-=0	A=0	C=0	
Position 413:	T=1	G=0	-=0	A=0	C=0	
Position 414:	T=0	G=1	-=0	A=0	C=0	
Position 415:	T=1	G=0	-=0	A=0	C=0	
Position 416:	T=0	G=0	-=0	A=1	C=0	
Position 417:	T=0	G=0	-=0	A=1	C=0	
Position 418:	T=1	G=0	-=0	A=0	C=0	
Position 419:	T=0	G=0	-=0	A=1	C=0	
Position 420:	T=0	G=0	-=0	A=1	C=0	
Position 421:	T=0	G=0	-=0	A=0	C=1	
Position 422:	T=0	G=1	-=0	A=0	C=0	
Position 423:	T=0	G=0	-=0	A=0	C=1	
Position 424:	T=0	G=0	-=0	A=1	C=0	
Position 425:	T=0	G=0	-=0	A=0	C=1	
Position 426:	T=0	G=0	-=0	A=1	C=0	
Position 427:	T=0	G=0	-=0	A=0	C=1	
Position 428:	T=0	G=0	-=0	A=1	C=0	
Position 429:	T=1	G=0	-=0	A=0	C=0	
Position 430:	T=0	G=0	-=0	A=0	C=1	
Position 431:	T=0	G=1	-=0	A=0	C=0	
Position 432:	T=0	G=0	-=0	A=1	C=0	
Position 433:	T=0	G=0	-=0	A=0	C=1	
Position 434:	T=1	G=0	-=0	A=0	C=0	
Position 435:	T=0	G=0	-=0	A=0	C=1	
Position 436:	T=1	G=0	-=0	A=0	C=0	
Position 437:	T=0	G=0	-=0	A=1	C=0	
Position 438:	T=0	G=0	-=0	A=0	C=1	
Position 439:	T=0	G=0	-=0	A=0	C=1	
Position 440:	T=0	G=0	-=0	A=0	C=1	
Position 441:	T=0	G=0	-=0	A=0	C=1	
Position 442:	T=1	G=0	-=0	A=0	C=0	
Position 443:	T=0	G=1	-=0	A=0	C=0	
Position 444:	T=0	G=0	-=0	A=0	C=1	
Position 445:	T=0	G=0	-=0	A=0	C=1	
Position 446:	T=0	G=0	-=0	A=1	C=0	
Position 447:	T=0	G=0	C=0	-=0	A=0	
Position 448:	T=0	G=0	C=0	-=0	A=0	
Position 449:	T=0	G=0	C=0	-=0	A=0	
Position 450:	T=0	G=0	C=0	-=0	A=0	
Position 451:	T=0	G=0	C=0	-=0	A=0	
Position 452:	T=0	G=0	-=0	A=0	C=1	
Position 453:	T=1	G=0	-=0	A=0	C=0	
Position 454:	T=0	G=0	-=0	A=2	C=0	
Position 455:	T=2	G=0	-=0	A=0	C=0	
Position 456:	T=2	G=0	-=0	A=0	C=0	
Position 457:	T=0	G=0	-=0	A=0	C=2	
Position 458:	T=2	G=0	-=0	A=0	C=0	
Position 459:	T=0	G=0	-=0	A=0	C=2	
Position 460:	T=0	G=3	-=0	A=0	C=0	
Position 461:	T=0	G=0	-=0	A=0	C=3	
Position 462:	T=0	G=3	-=0	A=0	C=0	
Position 463:	T=3	G=0	-=0	A=0	C=0	
Position 464:	T=3	G=0	-=0	A=0	C=0	
Position 465:	T=0	G=0	-=0	A=0	C=3	
Position 466:	T=0	G=0	-=0	A=3	C=0	
Position 467:	T=3	G=0	-=0	A=0	C=0	
Position 468:	T=0	G=0	-=0	A=0	C=3	
Position 469:	T=0	G=0	-=0	A=3	C=0	
Position 470:	T=3	G=0	-=0	A=0	C=0	
Position 471:	T=0	G=0	-=0	A=0	C=3	
Position 472:	T=0	G=0	-=0	A=0	C=3	
Position 473:	T=3	G=0	-=0	A=0	C=0	
Position 474:	T=0	G=0	-=0	A=3	C=0	
Position 475:	T=0	G=3	-=0	A=0	C=0	
Position 476:	T=0	G=3	-=0	A=0	C=0	
Position 477:	T=0	G=0	-=0	A=3	C=0	
Position 478:	T=0	G=0	-=0	A=0	C=3	
Position 479:	T=3	G=0	-=0	A=0	C=0	
Position 480:	T=0	G=0	-=0	A=3	C=0	
Position 481:	T=0	G=0	-=0	A=0	C=3	
Position 482:	T=0	G=0	-=0	A=0	C=3	
Position 483:	T=0	G=0	-=0	A=3	C=0	
Position 484:	T=0	G=3	-=0	A=0	C=0	
Position 485:	T=0	G=0	-=0	A=0	C=2	
Position 486:	T=0	G=0	-=0	A=2	C=0	
Position 487:	T=0	G=2	-=0	A=0	C=0	
Position 488:	T=2	G=0	-=0	A=0	C=0	
Position 489:	T=0	G=0	-=0	A=0	C=1	
Position 490:	T=0	G=0	-=0	A=0	C=1	
Position 491:	T=0	G=0	-=0	A=1	C=0	
Position 492:	T=0	G=1	-=0	A=0	C=0	
Position 493:	T=0	G=0	-=0	A=0	C=1	
Position 494:	T=1	G=0	-=0	A=0	C=0	
Position 495:	T=1	G=0	-=0	A=0	C=0	
Position 496:	T=1	G=0	-=0	A=0	C=0	
Position 497:	T=0	G=0	-=0	A=0	C=1	
Position 498:	T=0	G=1	-=0	A=0	C=0	
Position 499:	T=1	G=0	-=0	A=0	C=0	
Position 500:	T=1	G=0	-=0	A=0	C=0	
Position 501:	T=0	G=0	-=0	A=0	C=1	
Position 502:	T=0	G=0	-=0	A=0	C=1	
Position 503:	T=1	G=0	-=0	A=0	C=0	
Position 504:	T=0	G=0	-=0	A=1	C=0	
Position 505:	T=0	G=0	-=0	A=0	C=1	
Position 506:	T=0	G=0	-=0	A=1	C=0	
Position 507:	T=0	G=0	-=0	A=0	C=1	
Position 508:	T=0	G=0	-=0	A=1	C=0	
Position 509:	T=0	G=0	C=0	-=0	A=0	
Position 510:	T=0	G=0	C=0	-=0	A=0	
Position 511:	T=0	G=0	-=0	A=1	C=0	
Position 512:	T=0	G=0	-=0	A=0	C=1	
Position 513:	T=1	G=0	-=0	A=0	C=0	
Position 514:	T=0	G=0	-=0	A=1	C=0	
Position 515:	T=0	G=0	-=0	A=1	C=0	
Position 516:	T=0	G=1	-=0	A=0	C=0	
Position 517:	T=0	G=0	-=0	A=0	C=1	
Position 518:	T=0	G=0	-=0	A=1	C=0	
Position 519:	T=1	G=0	-=0	A=0	C=0	
Position 520:	T=0	G=0	-=0	A=0	C=1	
Position 521:	T=1	G=0	-=0	A=0	C=0	
Position 522:	T=0	G=1	-=0	A=0	C=0	
Position 523:	T=1	G=0	-=0	A=0	C=0	
Position 524:	T=0	G=0	-=0	A=0	C=1	
Position 525:	T=1	G=0	-=0	A=0	C=0	
Position 526:	T=0	G=0	-=0	A=1	C=0	
Position 527:	T=1	G=0	-=0	A=0	C=0	
Position 528:	T=1	G=0	-=0	A=0	C=0	
Position 529:	T=0	G=1	-=0	A=0	C=0	
Position 530:	T=1	G=0	-=0	A=0	C=0	
Position 531:	T=0	G=1	-=0	A=0	C=0	
Position 532:	T=0	G=0	-=0	A=0	C=1	
Position 533:	T=0	G=0	-=0	A=0	C=1	
Position 534:	T=1	G=0	-=0	A=0	C=0	
Position 535:	T=1	G=0	-=0	A=0	C=0	
Position 536:	T=0	G=0	-=0	A=0	C=1	
Position 537:	T=0	G=1	-=0	A=0	C=0	
Position 538:	T=0	G=0	-=0	A=1	C=0	
Position 539:	T=0	G=1	-=0	A=0	C=0	
Position 540:	T=1	G=0	-=0	A=0	C=0	
Position 541:	T=0	G=0	-=0	A=0	C=1	
Position 542:	T=1	G=0	-=0	A=0	C=0	
Position 543:	T=0	G=0	-=0	A=0	C=1	
Position 544:	T=0	G=0	-=0	A=1	C=0	
Position 545:	T=0	G=1	-=0	A=0	C=0	
Position 546:	T=0	G=0	-=0	A=1	C=0	
Position 547:	T=0	G=0	-=0	A=0	C=1	
Position 548:	T=0	G=0	-=0	A=0	C=1	
Position 549:	T=1	G=0	-=0	A=0	C=0	
Position 550:	T=0	G=0	-=0	A=1	C=0	
Position 551:	T=0	G=0	-=0	A=0	C=1	
Position 552:	T=1	G=0	-=0	A=0	C=0	
Position 553:	T=0	G=0	-=0	A=1	C=0	
Position 554:	T=0	G=0	-=0	A=1	C=0	
Position 555:	T=0	G=0	-=0	A=0	C=1	
Position 556:	T=0	G=0	-=0	A=1	C=0	
Position 557:	T=0	G=0	-=0	A=0	C=1	
Position 558:	T=1	G=0	-=0	A=0	C=0	
Position 559:	T=1	G=0	-=0	A=0	C=0	
Position 560:	T=0	G=0	-=0	A=1	C=0	
Position 561:	T=0	G=0	-=0	A=0	C=1	
Position 562:	T=0	G=0	-=0	A=1	C=0	
Position 563:	T=0	G=1	-=0	A=0	C=0	
Position 564:	T=0	G=0	-=0	A=0	C=1	
Position 565:	T=1	G=0	-=0	A=0	C=0	
Position 566:	T=0	G=0	-=0	A=1	C=0	
Position 567:	T=1	G=0	-=0	A=0	C=0	
Position 568:	T=0	G=1	-=0	A=0	C=0	
Position 569:	T=0	G=1	-=0	A=0	C=0	
Position 570:	T=0	G=0	-=0	A=0	C=1	
Position 571:	T=0	G=0	-=0	A=1	C=0	
Position 572:	T=0	G=0	C=0	-=0	A=0	
Position 573:	T=1	G=0	-=0	A=0	C=0	
Position 574:	T=0	G=0	-=0	A=1	C=0	
Position 575:	T=0	G=0	-=0	A=0	C=1	
Position 576:	T=0	G=0	-=0	A=1	C=0	
Position 577:	T=1	G=0	-=0	A=0	C=0	
Position 578:	T=1	G=0	-=0	A=0	C=0	
Position 579:	T=0	G=0	-=0	A=0	C=1	
Position 580:	T=0	G=0	-=0	A=0	C=1	
Position 581:	T=0	G=0	-=0	A=1	C=0	
Position 582:	T=0	G=0	-=0	A=1	C=0	
Position 583:	T=1	G=0	-=0	A=0	C=0	
Position 584:	T=0	G=0	-=0	A=0	C=1	
Position 585:	T=1	G=0	-=0	A=0	C=0	
Position 586:	T=0	G=0	-=0	A=0	C=1	
Position 587:	T=0	G=0	-=0	A=1	C=0	
Position 588:	T=1	G=0	-=0	A=0	C=0	
Position 589:	T=0	G=0	-=0	A=0	C=1	
Position 590:	T=0	G=1	-=0	A=0	C=0	
Position 591:	T=1	G=0	-=0	A=0	C=0	
Position 592:	T=0	G=1	-=0	A=0	C=0	
Position 593:	T=1	G=0	-=0	A=0	C=0	
Position 594:	T=0	G=0	-=0	A=0	C=1	
Position 595:	T=0	G=0	-=0	A=0	C=1	
Position 596:	T=0	G=0	-=0	A=1	C=0	
Position 597:	T=1	G=0	-=0	A=0	C=0	
Position 598:	T=1	G=0	-=0	A=0	C=0	
Position 599:	T=0	G=0	-=0	A=0	C=1	
Position 600:	T=1	G=0	-=0	A=0	C=0	
Position 601:	T=0	G=0	-=0	A=0	C=1	
Position 602:	T=0	G=0	-=0	A=0	C=1	
Position 603:	T=1	G=0	-=0	A=0	C=0	
Position 604:	T=0	G=0	-=0	A=1	C=0	
Position 605:	T=0	G=1	-=0	A=0	C=0	
Position 606:	T=1	G=0	-=0	A=0	C=0	
Position 607:	T=0	G=0	-=0	A=2	C=0	
Position 608:	T=1	G=0	-=0	A=0	C=1	
Position 609:	T=2	G=0	-=0	A=0	C=0	
Position 610:	T=0	G=0	-=0	A=0	C=2	
Position 611:	T=0	G=0	-=0	A=2	C=0	
Position 612:	T=3	G=0	-=0	A=0	C=0	
Position 613:	T=0	G=0	-=0	A=3	C=0	
Position 614:	T=0	G=0	-=0	A=0	C=3	
Position 615:	T=1	G=0	-=0	A=0	C=2	
Position 616:	T=0	G=0	-=0	A=0	C=3	
Position 617:	T=0	G=0	-=0	A=2	C=0	
Position 618:	T=2	G=0	-=0	A=0	C=0	
Position 619:	T=0	G=0	-=0	A=0	C=2	
Position 620:	T=0	G=2	-=0	A=0	C=0	
Position 621:	T=0	G=0	-=0	A=0	C=2	
Position 622:	T=2	G=0	-=0	A=0	C=0	
Position 623:	T=0	G=2	-=0	A=0	C=0	
Position 624:	T=0	G=2	-=0	A=0	C=0	
Position 625:	T=0	G=0	-=0	A=2	C=0	
Position 626:	T=0	G=0	-=0	A=2	C=0	
Position 627:	T=2	G=0	-=0	A=0	C=0	
Position 628:	T=2	G=0	-=0	A=0	C=0	
Position 629:	T=2	G=0	-=0	A=0	C=0	
Position 630:	T=2	G=0	-=0	A=0	C=0	
Position 631:	T=0	G=2	-=0	A=0	C=0	
Position 632:	T=0	G=2	-=0	A=0	C=0	
Position 633:	T=0	G=0	-=0	A=2	C=0	
Position 634:	T=0	G=2	-=0	A=0	C=0	
Position 635:	T=0	G=0	-=0	A=1	C=0	
Position 636:	T=0	G=0	-=0	A=1	C=0	
Position 637:	T=0	G=0	-=0	A=0	C=1	
Position 638:	T=0	G=0	-=0	A=1	C=0	
Position 639:	T=0	G=0	-=0	A=1	C=0	
Position 640:	T=0	G=0	-=0	A=0	C=1	
Position 641:	T=0	G=0	-=0	A=0	C=1	
Position 642:	T=1	G=0	-=0	A=0	C=0	
Position 643:	T=0	G=0	-=0	A=0	C=1	
Position 644:	T=1	G=0	-=0	A=0	C=0	
Position 645:	T=1	G=0	-=0	A=0	C=0	
Position 646:	T=0	G=0	-=0	A=1	C=0	
Position 647:	T=0	G=0	-=0	A=1	C=0	
Position 648:	T=0	G=0	-=0	A=1	C=0	
Position 649:	T=0	G=1	-=0	A=0	C=0	
Position 650:	T=1	G=0	-=0	A=0	C=0	
Position 651:	T=0	G=0	-=0	A=0	C=1	
Position 652:	T=0	G=1	-=0	A=0	C=0	
Position 653:	T=0	G=0	-=0	A=1	C=0	
Position 654:	T=0	G=1	-=0	A=0	C=0	
Position 655:	T=0	G=0	-=0	A=1	C=0	
Position 656:	T=0	G=1	-=0	A=0	C=0	
Position 657:	T=1	G=0	-=0	A=0	C=0	
Position 658:	T=0	G=0	-=0	A=0	C=1	
Position 659:	T=1	G=0	-=0	A=0	C=0	
Position 660:	T=1	G=0	-=0	A=0	C=0	
Position 661:	T=1	G=0	-=0	A=0	C=0	
Position 662:	T=0	G=1	-=0	A=0	C=0	
Position 663:	T=1	G=0	-=0	A=0	C=0	
Position 664:	T=0	G=0	-=0	A=1	C=0	
Position 665:	T=0	G=1	-=0	A=0	C=0	
Position 666:	T=0	G=0	-=0	A=1	C=0	
Position 667:	T=0	G=0	-=0	A=0	C=1	
Position 668:	T=1	G=0	-=0	A=0	C=0	
Position 669:	T=0	G=0	-=0	A=1	C=0	
Position 670:	T=0	G=0	-=0	A=1	C=0	
Position 671:	T=0	G=0	-=0	A=0	C=1	
Position 672:	T=0	G=0	-=0	A=1	C=0	
Position 673:	T=1	G=0	-=0	A=0	C=0	
Position 674:	T=0	G=0	C=0	-=0	A=0	
Position 675:	T=1	G=0	-=0	A=0	C=0	
Position 676:	T=0	G=0	-=0	A=0	C=1	
Position 677:	T=1	G=0	-=0	A=0	C=0	
Position 678:	T=1	G=0	-=0	A=0	C=0	
Position 679:	T=0	G=1	-=0	A=0	C=0	
Position 680:	T=0	G=1	-=0	A=0	C=0	
Position 681:	T=0	G=0	-=0	A=0	C=1	
Position 682:	T=0	G=0	-=0	A=1	C=0	
Position 683:	T=1	G=0	-=0	A=0	C=0	
Position 684:	T=0	G=1	-=0	A=0	C=0	
Position 685:	T=0	G=1	-=0	A=0	C=0	
Position 686:	T=0	G=1	-=0	A=0	C=0	
Position 687:	T=0	G=1	-=0	A=0	C=0	
Position 688:	T=1	G=0	-=0	A=0	C=0	
Position 689:	T=0	G=0	-=0	A=0	C=1	
Position 690:	T=0	G=0	-=0	A=1	C=0	
Position 691:	T=1	G=0	-=0	A=0	C=0	
Position 692:	T=0	G=0	-=0	A=0	C=1	
Position 693:	T=0	G=0	-=0	A=1	C=0	
Position 694:	T=0	G=0	-=0	A=1	C=0	
Position 695:	T=0	G=0	-=0	A=1	C=0	
Position 696:	T=1	G=0	-=0	A=0	C=0	
Position 697:	T=1	G=0	-=0	A=0	C=0	
Position 698:	T=1	G=0	-=0	A=0	C=0	
Position 699:	T=1	G=0	-=0	A=0	C=0	
Position 700:	T=0	G=0	-=0	A=1	C=0	
Position 701:	T=0	G=0	-=0	A=1	C=0	
Position 702:	T=1	G=0	-=0	A=0	C=0	
Position 703:	T=1	G=0	-=0	A=0	C=0	
Position 704:	T=0	G=0	C=0	-=0	A=0	
Position 705:	T=0	G=0	C=0	-=0	A=0	
Position 706:	T=0	G=0	C=0	-=0	A=0	
Position 707:	T=0	G=0	C=0	-=0	A=0	
Position 708:	T=0	G=0	-=0	A=2	C=0	
Position 709:	T=1	G=0	-=0	A=0	C=1	
Position 710:	T=2	G=0	-=0	A=0	C=0	
Position 711:	T=0	G=0	-=0	A=2	C=0	
Position 712:	T=0	G=2	-=0	A=0	C=0	
Position 713:	T=2	G=0	-=0	A=0	C=0	
Position 714:	T=0	G=2	-=0	A=0	C=0	
Position 715:	T=0	G=0	-=0	A=2	C=0	
Position 716:	T=2	G=0	-=0	A=0	C=0	
Position 717:	T=0	G=2	-=0	A=0	C=0	
Position 718:	T=0	G=0	-=0	A=2	C=0	
Position 719:	T=2	G=0	-=0	A=0	C=0	
Position 720:	T=2	G=0	-=0	A=0	C=0	
Position 721:	T=0	G=0	-=0	A=0	C=2	
Position 722:	T=0	G=0	-=0	A=0	C=2	
Position 723:	T=0	G=2	-=0	A=0	C=0	
Position 724:	T=2	G=0	-=0	A=0	C=0	
Position 725:	T=2	G=0	-=0	A=0	C=0	
Position 726:	T=0	G=0	-=0	A=2	C=0	
Position 727:	T=2	G=0	-=0	A=0	C=0	
Position 728:	T=2	G=0	-=0	A=0	C=0	
Position 729:	T=0	G=0	-=0	A=2	C=0	
Position 730:	T=2	G=0	-=0	A=0	C=0	
Position 731:	T=0	G=0	-=0	A=0	C=2	
Position 732:	T=0	G=0	-=0	A=2	C=0	
Position 733:	T=0	G=0	-=0	A=0	C=2	
Position 734:	T=2	G=0	-=0	A=0	C=0	
Position 735:	T=2	G=0	-=0	A=0	C=0	
Position 736:	T=2	G=0	-=0	A=0	C=0	
Position 737:	T=2	G=0	-=0	A=0	C=0	
Position 738:	T=2	G=0	-=0	A=0	C=0	
Position 739:	T=2	G=0	-=0	A=0	C=0	
Position 740:	T=0	G=1	-=0	A=0	C=0	
Position 741:	T=0	G=0	-=0	A=0	C=1	
Position 742:	T=0	G=0	-=0	A=0	C=1	
Position 743:	T=0	G=0	-=0	A=1	C=0	
Position 744:	T=0	G=0	-=0	A=1	C=0	
Position 745:	T=0	G=0	-=0	A=0	C=1	
Position 746:	T=0	G=0	-=0	A=1	C=0	
Position 747:	T=0	G=0	-=0	A=1	C=0	
Position 748:	T=0	G=0	-=0	A=1	C=0	
Position 749:	T=0	G=0	-=0	A=0	C=1	
Position 750:	T=0	G=1	-=0	A=0	C=0	
Position 751:	T=1	G=0	-=0	A=0	C=0	
Position 752:	T=1	G=0	-=0	A=0	C=0	
Position 753:	T=1	G=0	-=0	A=0	C=0	
Position 754:	T=0	G=0	-=0	A=1	C=0	
Position 755:	T=0	G=1	-=0	A=0	C=0	
Position 756:	T=0	G=0	-=0	A=1	C=0	
Position 757:	T=0	G=0	-=0	A=1	C=0	
Position 758:	T=0	G=0	-=0	A=1	C=0	
Position 759:	T=0	G=0	-=0	A=1	C=0	
Position 760:	T=1	G=0	-=0	A=0	C=0	
Position 761:	T=1	G=0	-=0	A=0	C=0	
Position 762:	T=0	G=1	-=0	A=0	C=0	
Position 763:	T=0	G=0	-=0	A=0	C=1	
Position 764:	T=0	G=0	-=0	A=0	C=1	
Position 765:	T=1	G=0	-=0	A=0	C=0	
Position 766:	T=0	G=0	-=0	A=0	C=1	
Position 767:	T=0	G=0	-=0	A=1	C=0	
Position 768:	T=1	G=0	-=0	A=0	C=0	
Position 769:	T=0	G=0	C=0	-=0	A=0	
Position 770:	T=0	G=0	-=0	A=0	C=1	
Position 771:	T=0	G=1	-=0	A=0	C=0	
Position 772:	T=0	G=0	-=0	A=0	C=1	
Position 773:	T=0	G=0	-=0	A=0	C=1	
Position 774:	T=0	G=0	-=0	A=0	C=1	
Position 775:	T=0	G=0	-=0	A=0	C=1	
Position 776:	T=0	G=0	-=0	A=1	C=0	
Position 777:	T=0	G=0	-=0	A=1	C=0	
Position 778:	T=0	G=1	-=0	A=0	C=0	
Position 779:	T=0	G=1	-=0	A=0	C=0	
Position 780:	T=0	G=1	-=0	A=0	C=0	
Position 781:	T=0	G=1	-=0	A=0	C=0	
Position 782:	T=0	G=0	-=0	A=1	C=0	
Position 783:	T=1	G=0	-=0	A=0	C=0	
Position 784:	T=0	G=0	-=0	A=1	C=0	
Position 785:	T=0	G=0	-=0	A=0	C=1	
Position 786:	T=0	G=0	-=0	A=1	C=0	
Position 787:	T=0	G=0	-=0	A=0	C=1	
Position 788:	T=0	G=0	-=0	A=1	C=0	
Position 789:	T=0	G=0	-=0	A=1	C=0	
Position 790:	T=1	G=0	-=0	A=0	C=0	
Position 791:	T=0	G=1	-=0	A=0	C=0	
Position 792:	T=0	G=1	-=0	A=0	C=0	
Position 793:	T=0	G=0	-=0	A=1	C=0	
Position 794:	T=0	G=1	-=0	A=0	C=0	
Position 795:	T=0	G=0	-=0	A=1	C=0	
Position 796:	T=0	G=1	-=0	A=0	C=0	
Position 797:	T=0	G=0	-=0	A=1	C=0	
Position 798:	T=1	G=0	-=0	A=0	C=0	
Position 799:	T=0	G=0	-=0	A=1	C=0	
Position 800:	T=0	G=1	-=0	A=0	C=0	
Position 801:	T=1	G=0	-=0	A=0	C=0	
Position 802:	T=0	G=0	-=0	A=0	C=1	
Position 803:	T=0	G=0	-=0	A=1	C=0	
Position 804:	T=0	G=0	-=0	A=0	C=1	
Position 805:	T=0	G=0	-=0	A=0	C=1	
Position 806:	T=0	G=0	-=0	A=0	C=1	
Position 807:	T=0	G=0	-=0	A=1	C=0	
Position 808:	T=1	G=0	-=0	A=0	C=0	
Position 809:	T=0	G=1	-=0	A=0	C=0	
Position 810:	T=0	G=0	-=0	A=1	C=0	
Position 811:	T=0	G=0	-=0	A=1	C=0	
Position 812:	T=0	G=1	-=0	A=0	C=0	
Position 813:	T=0	G=1	-=0	A=0	C=0	
Position 814:	T=0	G=0	-=0	A=1	C=0	
Position 815:	T=0	G=0	-=0	A=1	C=0	
Position 816:	T=0	G=0	-=0	A=1	C=0	
Position 817:	T=0	G=1	-=0	A=0	C=0	
Position 818:	T=1	G=0	-=0	A=0	C=0	
Position 819:	T=1	G=0	-=0	A=0	C=0	
Position 820:	T=0	G=0	-=0	A=0	C=1	
Position 821:	T=0	G=1	-=0	A=0	C=0	
Position 822:	T=0	G=0	-=0	A=1	C=0	
Position 823:	T=0	G=0	-=0	A=0	C=1	
Position 824:	T=1	G=0	-=0	A=0	C=0	
Position 825:	T=0	G=0	-=0	A=1	C=0	
Position 826:	T=0	G=0	-=0	A=1	C=0	
Position 827:	T=0	G=1	-=0	A=0	C=0	
Position 828:	T=0	G=0	-=0	A=0	C=1	
Position 829:	T=0	G=1	-=0	A=0	C=0	
Position 830:	T=0	G=0	-=0	A=0	C=1	
Position 831:	T=1	G=0	-=0	A=0	C=0	
Position 832:	T=0	G=1	-=0	A=0	C=0	
Position 833:	T=1	G=0	-=0	A=0	C=0	
Position 834:	T=1	G=0	-=0	A=0	C=0	
Position 835:	T=0	G=0	C=0	-=0	A=0	
Position 836:	T=1	G=0	-=0	A=0	C=0	
Position 837:	T=1	G=0	-=0	A=0	C=0	
Position 838:	T=0	G=0	-=0	A=1	C=0	
Position 839:	T=0	G=0	-=0	A=1	C=0	
Position 840:	T=1	G=0	-=0	A=0	C=0	
Position 841:	T=0	G=1	-=0	A=0	C=0	
Position 842:	T=0	G=0	-=0	A=0	C=1	
Position 843:	T=1	G=0	-=0	A=0	C=0	
Position 844:	T=0	G=0	-=0	A=0	C=1	
Position 845:	T=1	G=0	-=0	A=0	C=0	
Position 846:	T=0	G=0	-=0	A=0	C=1	
Position 847:	T=0	G=0	-=0	A=1	C=0	
Position 848:	T=0	G=0	-=0	A=1	C=0	
Position 849:	T=0	G=0	-=0	A=0	C=1	
Position 850:	T=0	G=0	-=0	A=0	C=1	
Position 851:	T=0	G=0	-=0	A=0	C=1	
Position 852:	T=0	G=0	-=0	A=0	C=1	
Position 853:	T=0	G=0	-=0	A=1	C=0	
Position 854:	T=0	G=0	-=0	A=0	C=1	
Position 855:	T=0	G=1	-=0	A=0	C=0	
Position 856:	T=0	G=0	-=0	A=0	C=1	
Position 857:	T=1	G=0	-=0	A=0	C=0	
Position 858:	T=0	G=0	-=0	A=1	C=0	
Position 859:	T=0	G=1	-=0	A=0	C=0	
Position 860:	T=0	G=0	-=0	A=0	C=1	
Position 861:	T=1	G=0	-=0	A=0	C=0	
Position 862:	T=0	G=0	-=0	A=1	C=0	
Position 863:	T=0	G=0	-=0	A=1	C=0	
Position 864:	T=0	G=1	-=0	A=0	C=0	
Position 865:	T=0	G=0	-=0	A=1	C=0	
Position 866:	T=1	G=0	-=0	A=0	C=0	
Position 867:	T=0	G=0	-=0	A=1	C=0	
Position 868:	T=0	G=1	-=0	A=0	C=0	
Position 869:	T=0	G=0	-=0	A=1	C=0	
Position 870:	T=0	G=0	-=0	A=0	C=1	
Position 871:	T=0	G=0	-=0	A=1	C=0	
Position 872:	T=1	G=0	-=0	A=0	C=0	
Position 873:	T=0	G=0	-=0	A=1	C=0	
Position 874:	T=1	G=0	-=0	A=0	C=0	
Position 875:	T=1	G=0	-=0	A=0	C=0	
Position 876:	T=0	G=0	C=0	-=0	A=0	
Position 877:	T=0	G=0	-=0	A=1	C=0	
Position 878:	T=0	G=0	-=0	A=0	C=1	
Position 879:	T=1	G=0	-=0	A=0	C=0	
Position 880:	T=0	G=1	-=0	A=0	C=0	
Position 881:	T=0	G=0	-=0	A=1	C=0	
Position 882:	T=0	G=0	-=0	A=1	C=0	
Position 883:	T=0	G=0	-=0	A=1	C=0	
Position 884:	T=0	G=1	-=0	A=0	C=0	
Position 885:	T=0	G=1	-=0	A=0	C=0	
Position 886:	T=0	G=0	-=0	A=1	C=0	
Position 887:	T=0	G=0	-=0	A=0	C=1	
Position 888:	T=1	G=0	-=0	A=0	C=0	
Position 889:	T=1	G=0	-=0	A=0	C=0	
Position 890:	T=0	G=1	-=0	A=0	C=0	
Position 891:	T=0	G=1	-=0	A=0	C=0	
Position 892:	T=0	G=0	-=0	A=1	C=0	
Position 893:	T=0	G=1	-=0	A=0	C=0	
Position 894:	T=0	G=1	-=0	A=0	C=0	
Position 895:	T=1	G=0	-=0	A=0	C=0	
Position 896:	T=0	G=1	-=0	A=0	C=0	
Position 897:	T=0	G=1	-=0	A=0	C=0	
Position 898:	T=1	G=0	-=0	A=0	C=0	
Position 899:	T=0	G=0	-=0	A=0	C=1	
Position 900:	T=1	G=0	-=0	A=0	C=0	
Position 901:	T=0	G=0	-=0	A=1	C=0	
Position 902:	T=0	G=0	-=0	A=1	C=0	
Position 903:	T=0	G=0	-=0	A=1	C=0	
Position 904:	T=0	G=0	-=0	A=1	C=0	
Position 905:	T=0	G=0	-=0	A=1	C=0	
Position 906:	T=0	G=0	-=0	A=1	C=0	
Position 907:	T=0	G=1	-=0	A=0	C=0	
Position 908:	T=1	G=0	-=0	A=0	C=0	
Position 909:	T=0	G=0	-=0	A=1	C=0	
Position 910:	T=1	G=0	-=0	A=0	C=0	
Position 911:	T=0	G=0	-=0	A=1	C=0	
Position 912:	T=0	G=1	-=0	A=0	C=0	
Position 913:	T=1	G=0	-=0	A=0	C=0	
Position 914:	T=0	G=1	-=0	A=0	C=0	
Position 915:	T=0	G=0	-=0	A=0	C=1	
Position 916:	T=0	G=0	-=0	A=1	C=0	
Position 917:	T=1	G=0	-=0	A=0	C=0	
Position 918:	T=0	G=0	-=0	A=0	C=1	
Position 919:	T=0	G=0	-=0	A=0	C=1	
Position 920:	T=1	G=0	-=0	A=0	C=0	
Position 921:	T=0	G=1	-=0	A=0	C=0	
Position 922:	T=1	G=0	-=0	A=0	C=0	
Position 923:	T=0	G=0	-=0	A=1	C=0	
Position 924:	T=0	G=0	-=0	A=0	C=1	
Position 925:	T=1	G=0	-=0	A=0	C=0	
Position 926:	T=0	G=0	-=0	A=1	C=0	
Position 927:	T=1	G=0	-=0	A=0	C=0	
Position 928:	T=1	G=0	-=0	A=0	C=0	
Position 929:	T=0	G=0	-=0	A=1	C=0	
Position 930:	T=0	G=0	-=0	A=1	C=0	
Position 931:	T=0	G=0	-=0	A=0	C=1	
Position 932:	T=0	G=1	-=0	A=0	C=0	
Position 933:	T=0	G=0	-=0	A=1	C=0	
Position 934:	T=1	G=0	-=0	A=0	C=0	
Position 935:	T=0	G=0	-=0	A=1	C=0	
Position 936:	T=0	G=0	-=0	A=1	C=0	
Position 937:	T=0	G=0	-=0	A=1	C=0	
Position 938:	T=0	G=1	-=0	A=0	C=0	
Position 939:	T=0	G=0	-=0	A=0	C=1	
Position 940:	T=0	G=0	-=0	A=0	C=1	
Position 941:	T=0	G=0	-=0	A=0	C=1	
Position 942:	T=0	G=1	-=0	A=0	C=0	
Position 943:	T=0	G=0	-=0	A=1	C=0	
Position 944:	T=1	G=0	-=0	A=0	C=0	
Position 945:	T=0	G=0	-=0	A=1	C=0	
Position 946:	T=0	G=1	-=0	A=0	C=0	
Position 947:	T=0	G=0	-=0	A=1	C=0	
Position 948:	T=0	G=0	-=0	A=0	C=1	
Position 949:	T=0	G=0	-=0	A=0	C=1	
Position 950:	T=1	G=0	-=0	A=0	C=0	
Position 951:	T=0	G=0	-=0	A=0	C=1	
Position 952:	T=0	G=0	-=0	A=1	C=0	
Position 953:	T=0	G=0	-=0	A=0	C=1	
Position 954:	T=0	G=0	-=0	A=0	C=1	
Position 955:	T=0	G=0	-=0	A=1	C=0	
Position 956:	T=0	G=0	-=0	A=0	C=1	
Position 957:	T=0	G=0	-=0	A=0	C=1	
Position 958:	T=1	G=0	-=0	A=0	C=0	
Position 959:	T=0	G=0	-=0	A=0	C=1	
Position 960:	T=1	G=0	-=0	A=0	C=0	
Position 961:	T=1	G=0	-=0	A=0	C=0	
Position 962:	T=0	G=1	-=0	A=0	C=0	
Position 963:	T=0	G=0	-=0	A=0	C=1	
Position 964:	T=0	G=1	-=0	A=0	C=0	
Position 965:	T=0	G=0	-=0	A=1	C=0	
Position 966:	T=0	G=0	-=0	A=1	C=0	
Position 967:	T=1	G=0	-=0	A=0	C=0	
Position 968:	T=1	G=0	-=0	A=0	C=0	
Position 969:	T=0	G=0	-=0	A=0	C=1	
Position 970:	T=0	G=0	-=0	A=1	C=0	
Position 971:	T=0	G=1	-=0	A=0	C=0	
Position 972:	T=0	G=1	-=0	A=0	C=0	
Position 973:	T=0	G=1	-=0	A=0	C=0	
Position 974:	T=0	G=0	-=0	A=1	C=0	
Position 975:	T=0	G=0	-=0	A=1	C=0	
Position 976:	T=1	G=0	-=0	A=0	C=0	
Position 977:	T=0	G=0	-=0	A=1	C=0	
Position 978:	T=0	G=0	C=0	-=0	A=0	
Position 979:	T=0	G=1	-=0	A=0	C=0	
Position 980:	T=1	G=0	-=0	A=0	C=0	
Position 981:	T=0	G=0	-=0	A=0	C=1	
Position 982:	T=1	G=0	-=0	A=0	C=0	
Position 983:	T=1	G=0	-=0	A=0	C=0	
Position 984:	T=0	G=0	-=0	A=1	C=0	
Position 985:	T=1	G=0	-=0	A=0	C=0	
Position 986:	T=0	G=0	-=0	A=0	C=1	
Position 987:	T=0	G=0	-=0	A=1	C=0	
Position 988:	T=0	G=0	-=0	A=1	C=0	
Position 989:	T=0	G=1	-=0	A=0	C=0	
Position 990:	T=0	G=1	-=0	A=0	C=0	
Position 991:	T=1	G=0	-=0	A=0	C=0	
Position 992:	T=0	G=0	-=0	A=1	C=0	
Position 993:	T=0	G=0	-=0	A=1	C=0	
Position 994:	T=0	G=1	-=0	A=0	C=0	
Position 995:	T=0	G=0	-=0	A=0	C=1	
Position 996:	T=0	G=0	-=0	A=1	C=0	
Position 997:	T=1	G=0	-=0	A=0	C=0	
Position 998:	T=1	G=0	-=0	A=0	C=0	
Position 999:	T=0	G=0	-=0	A=0	C=1	
Position 1000:	T=1	G=0	-=0	A=0	C=0	
Position 1001:	T=0	G=1	-=0	A=0	C=0	
Position 1002:	T=0	G=1	-=0	A=0	C=0	
Position 1003:	T=0	G=0	-=0	A=1	C=0	
Position 1004:	T=0	G=0	-=0	A=1	C=0	
Position 1005:	T=0	G=0	-=0	A=1	C=0	
Position 1006:	T=0	G=1	-=0	A=0	C=0	
Position 1007:	T=1	G=0	-=0	A=0	C=0	
Position 1008:	T=0	G=1	-=0	A=0	C=0	
Position 1009:	T=1	G=0	-=0	A=0	C=0	
Position 1010:	T=0	G=0	-=0	A=1	C=0	
Position 1011:	T=0	G=1	-=0	A=0	C=0	
Position 1012:	T=1	G=0	-=0	A=0	C=0	
Position 1013:	T=0	G=0	C=0	-=0	A=0	
Position 1014:	T=1	G=0	-=0	A=0	C=0	
Position 1015:	T=0	G=0	-=0	A=1	C=0	
Position 1016:	T=0	G=0	-=0	A=1	C=0	
Position 1017:	T=0	G=0	-=0	A=1	C=0	
Position 1018:	T=1	G=0	-=0	A=0	C=0	
Position 1019:	T=0	G=0	-=0	A=0	C=1	
Position 1020:	T=0	G=0	-=0	A=1	C=0	
Position 1021:	T=0	G=0	-=0	A=1	C=0	
Position 1022:	T=0	G=0	-=0	A=1	C=0	
Position 1023:	T=0	G=0	-=0	A=0	C=1	
Position 1024:	T=0	G=0	-=0	A=1	C=0	
Position 1025:	T=1	G=0	-=0	A=0	C=0	
Position 1026:	T=1	G=0	-=0	A=0	C=0	
Position 1027:	T=0	G=0	-=0	A=0	C=1	
Position 1028:	T=0	G=0	-=0	A=1	C=0	
Position 1029:	T=0	G=0	-=0	A=1	C=0	
Position 1030:	T=0	G=0	-=0	A=0	C=1	
Position 1031:	T=0	G=0	-=0	A=1	C=0	
Position 1032:	T=0	G=1	-=0	A=0	C=0	
Position 1033:	T=1	G=0	-=0	A=0	C=0	
Position 1034:	T=0	G=0	-=0	A=1	C=0	
Position 1035:	T=0	G=0	-=0	A=0	C=1	
Position 1036:	T=0	G=0	-=0	A=1	C=0	
Position 1037:	T=0	G=0	-=0	A=1	C=0	
Position 1038:	T=0	G=0	-=0	A=1	C=0	
Position 1039:	T=0	G=0	-=0	A=1	C=0	
Position 1040:	T=0	G=0	-=0	A=1	C=0	
Position 1041:	T=0	G=0	-=0	A=1	C=0	
Position 1042:	T=0	G=0	-=0	A=1	C=0	
Position 1043:	T=0	G=1	-=0	A=0	C=0	
Position 1044:	T=1	G=0	-=0	A=0	C=0	
Position 1045:	T=0	G=0	-=0	A=1	C=0	
Position 1046:	T=1	G=0	-=0	A=0	C=0	
Position 1047:	T=0	G=0	-=0	A=1	C=0	
Position 1048:	T=0	G=1	-=0	A=0	C=0	
Position 1049:	T=0	G=1	-=0	A=0	C=0	
Position 1050:	T=0	G=0	-=0	A=1	C=0	
Position 1051:	T=0	G=1	-=0	A=0	C=0	
Position 1052:	T=0	G=0	-=0	A=1	C=0	
Position 1053:	T=0	G=1	-=0	A=0	C=0	
Position 1054:	T=0	G=0	-=0	A=1	C=0	
Position 1055:	T=0	G=1	-=0	A=0	C=0	
Position 1056:	T=0	G=1	-=0	A=0	C=0	
Position 1057:	T=0	G=1	-=0	A=0	C=0	
Position 1058:	T=0	G=0	-=0	A=1	C=0	
Position 1059:	T=1	G=0	-=0	A=0	C=0	
Position 1060:	T=1	G=0	-=0	A=0	C=0	
Position 1061:	T=0	G=0	-=0	A=0	C=1	
Position 1062:	T=1	G=0	-=0	A=0	C=0	
Position 1063:	T=1	G=0	-=0	A=0	C=0	
Position 1064:	T=1	G=0	-=0	A=0	C=0	
Position 1065:	T=1	G=0	-=0	A=0	C=0	
Position 1066:	T=0	G=0	-=0	A=1	C=0	
Position 1067:	T=0	G=0	-=0	A=0	C=1	
Position 1068:	T=0	G=0	C=0	-=0	A=0	
Position 1069:	T=0	G=0	C=0	-=0	A=0	
Position 1070:	T=1	G=0	-=0	A=0	C=0	
Position 1071:	T=1	G=0	-=0	A=0	C=0	
Position 1072:	T=0	G=0	-=0	A=1	C=0	
Position 1073:	T=0	G=0	-=0	A=1	C=0	
Position 1074:	T=0	G=0	-=0	A=0	C=1	
Position 1075:	T=1	G=0	-=0	A=0	C=0	
Position 1076:	T=0	G=1	-=0	A=0	C=0	
Position 1077:	T=1	G=0	-=0	A=0	C=0	
Position 1078:	T=0	G=0	-=0	A=0	C=1	
Position 1079:	T=1	G=0	-=0	A=0	C=0	
Position 1080:	T=0	G=0	-=0	A=0	C=1	
Position 1081:	T=1	G=0	-=0	A=0	C=0	
Position 1082:	T=1	G=0	-=0	A=0	C=0	
Position 1083:	T=0	G=0	-=0	A=1	C=0	
Position 1084:	T=0	G=0	-=0	A=0	C=1	
Position 1085:	T=1	G=0	-=0	A=0	C=0	
Position 1086:	T=0	G=0	-=0	A=0	C=1	
Position 1087:	T=0	G=0	-=0	A=0	C=1	
Position 1088:	T=0	G=0	-=0	A=0	C=1	
Position 1089:	T=0	G=0	-=0	A=1	C=0	
Position 1090:	T=0	G=0	-=0	A=0	C=1	
Position 1091:	T=0	G=0	-=0	A=0	C=1	
Position 1092:	T=0	G=0	-=0	A=1	C=0	
Position 1093:	T=0	G=0	-=0	A=1	C=0	
Position 1094:	T=0	G=1	-=0	A=0	C=0	
Position 1095:	T=2	G=0	-=0	A=0	C=0	
Position 1096:	T=0	G=3	-=0	A=0	C=0	
Position 1097:	T=0	G=0	-=0	A=3	C=0	
Position 1098:	T=0	G=0	-=0	A=3	C=0	
Position 1099:	T=0	G=0	-=0	A=3	C=0	
Position 1100:	T=3	G=0	-=0	A=0	C=0	
Position 1101:	T=3	G=0	-=0	A=0	C=0	
Position 1102:	T=0	G=3	-=0	A=0	C=0	
Position 1103:	T=0	G=0	-=0	A=3	C=0	
Position 1104:	T=0	G=0	-=0	A=0	C=3	
Position 1105:	T=0	G=0	-=0	A=0	C=3	
Position 1106:	T=3	G=0	-=0	A=0	C=0	
Position 1107:	T=3	G=0	-=0	A=0	C=0	
Position 1108:	T=0	G=0	-=0	A=0	C=3	
Position 1109:	T=0	G=0	-=0	A=0	C=3	
Position 1110:	T=0	G=0	-=0	A=0	C=3	
Position 1111:	T=0	G=0	-=0	A=3	C=0	
Position 1112:	T=0	G=0	-=0	A=3	C=0	
Position 1113:	T=0	G=3	-=0	A=0	C=0	
Position 1114:	T=0	G=0	-=0	A=2	C=0	
Position 1115:	T=0	G=0	-=0	A=2	C=0	
Position 1116:	T=0	G=2	-=0	A=0	C=0	
Position 1117:	T=0	G=0	-=0	A=2	C=0	
Position 1118:	T=2	G=0	-=0	A=0	C=0	
Position 1119:	T=0	G=2	-=0	A=0	C=0	
Position 1120:	T=0	G=0	-=0	A=0	C=2	
Position 1121:	T=0	G=2	-=0	A=0	C=0	
Position 1122:	T=0	G=2	-=0	A=0	C=0	
Position 1123:	T=0	G=0	-=0	A=0	C=2	
Position 1124:	T=2	G=0	-=0	A=0	C=0	
Position 1125:	T=0	G=0	-=0	A=2	C=0	
Position 1126:	T=2	G=0	-=0	A=0	C=0	
Position 1127:	T=0	G=0	-=0	A=2	C=0	
Position 1128:	T=0	G=0	-=0	A=2	C=0	
Position 1129:	T=0	G=0	-=0	A=2	C=0	
Position 1130:	T=0	G=0	-=0	A=2	C=0	
Position 1131:	T=2	G=0	-=0	A=0	C=0	
Position 1132:	T=0	G=0	-=0	A=2	C=0	
Position 1133:	T=0	G=0	-=0	A=2	C=0	
Position 1134:	T=2	G=0	-=0	A=0	C=0	
Position 1135:	T=0	G=0	-=0	A=1	C=0	
Position 1136:	T=0	G=0	-=0	A=0	C=1	
Position 1137:	T=0	G=1	-=0	A=0	C=0	
Position 1138:	T=0	G=0	-=0	A=1	C=0	
Position 1139:	T=0	G=1	-=0	A=0	C=0	
Position 1140:	T=0	G=1	-=0	A=0	C=0	
Position 1141:	T=0	G=0	-=0	A=1	C=0	
Position 1142:	T=0	G=1	-=0	A=0	C=0	
Position 1143:	T=0	G=0	-=0	A=1	C=0	
Position 1144:	T=1	G=0	-=0	A=0	C=0	
Position 1145:	T=0	G=0	C=0	-=0	A=0	
Position 1146:	T=0	G=0	C=0	-=0	A=0	
Position 1147:	T=0	G=0	C=0	-=0	A=0	
Position 1148:	T=0	G=0	C=0	-=0	A=0	
Position 1149:	T=0	G=0	C=0	-=0	A=0	
Position 1150:	T=0	G=0	C=0	-=0	A=0	
Position 1151:	T=0	G=0	C=0	-=0	A=0	
Position 1152:	T=0	G=0	C=0	-=0	A=0	
Position 1153:	T=0	G=0	C=0	-=0	A=0	
Position 1154:	T=0	G=0	C=0	-=0	A=0	
Position 1155:	T=0	G=0	C=0	-=0	A=0	
Position 1156:	T=0	G=0	C=0	-=0	A=0	
Position 1157:	T=0	G=0	C=0	-=0	A=0	
Position 1158:	T=0	G=0	C=0	-=0	A=0	
Position 1159:	T=0	G=0	C=0	-=0	A=0	
Position 1160:	T=0	G=0	C=0	-=0	A=0	
Position 1161:	T=0	G=0	C=0	-=0	A=0	
Position 1162:	T=0	G=0	C=0	-=0	A=0	
Position 1163:	T=0	G=0	C=0	-=0	A=0	
Position 1164:	T=0	G=0	C=0	-=0	A=0	
Position 1165:	T=0	G=0	C=0	-=0	A=0	
Position 1166:	T=0	G=0	C=0	-=0	A=0	
Position 1167:	T=0	G=0	C=0	-=0	A=0	
Position 1168:	T=0	G=0	C=0	-=0	A=0	
Position 1169:	T=0	G=0	C=0	-=0	A=0	
Position 1170:	T=0	G=0	C=0	-=0	A=0	
Position 1171:	T=0	G=0	C=0	-=0	A=0	
Position 1172:	T=1	G=0	-=0	A=0	C=0	
Position 1173:	T=0	G=0	-=0	A=1	C=0	
Position 1174:	T=0	G=0	-=0	A=0	C=1	
Position 1175:	T=0	G=1	-=0	A=0	C=0	
Position 1176:	T=0	G=0	-=0	A=1	C=0	
Position 1177:	T=1	G=0	-=0	A=0	C=0	
Position 1178:	T=1	G=0	-=0	A=0	C=0	
Position 1179:	T=0	G=0	-=0	A=1	C=0	
Position 1180:	T=0	G=0	-=0	A=1	C=0	
Position 1181:	T=0	G=0	-=0	A=1	C=0	
Position 1182:	T=1	G=0	-=0	A=0	C=0	
Position 1183:	T=1	G=0	-=0	A=0	C=0	
Position 1184:	T=0	G=0	-=0	A=0	C=1	
Position 1185:	T=0	G=0	-=0	A=0	C=1	
Position 1186:	T=1	G=0	-=0	A=0	C=0	
Position 1187:	T=0	G=0	-=0	A=1	C=0	
Position 1188:	T=0	G=0	-=0	A=0	C=1	
Position 1189:	T=1	G=0	-=0	A=0	C=0	
Position 1190:	T=0	G=1	-=0	A=0	C=0	
Position 1191:	T=0	G=1	-=0	A=0	C=0	
Position 1192:	T=0	G=0	-=0	A=1	C=0	
Position 1193:	T=2	G=0	-=0	A=0	C=0	
Position 1194:	T=0	G=0	-=0	A=0	C=2	
Position 1195:	T=2	G=0	-=0	A=0	C=0	
Position 1196:	T=2	G=0	-=0	A=0	C=0	
Position 1197:	T=0	G=0	-=0	A=2	C=0	
Position 1198:	T=0	G=2	-=0	A=0	C=0	
Position 1199:	T=2	G=0	-=0	A=0	C=0	
Position 1200:	T=2	G=0	-=0	A=0	C=0	
Position 1201:	T=0	G=0	-=0	A=0	C=2	
Position 1202:	T=0	G=0	-=0	A=2	C=0	
Position 1203:	T=0	G=2	-=0	A=0	C=0	
Position 1204:	T=0	G=0	-=0	A=2	C=0	
Position 1205:	T=0	G=0	-=0	A=0	C=2	
Position 1206:	T=0	G=0	-=0	A=0	C=2	
Position 1207:	T=0	G=2	-=0	A=0	C=0	
Position 1208:	T=0	G=3	-=0	A=0	C=0	
Position 1209:	T=0	G=0	-=0	A=3	C=0	
Position 1210:	T=0	G=3	-=0	A=0	C=0	
Position 1211:	T=0	G=0	-=0	A=0	C=3	
Position 1212:	T=0	G=0	-=0	A=3	C=0	
Position 1213:	T=0	G=0	-=0	A=3	C=0	
Position 1214:	T=0	G=0	-=0	A=3	C=0	
Position 1215:	T=0	G=0	-=0	A=0	C=3	
Position 1216:	T=0	G=0	-=0	A=0	C=3	
Position 1217:	T=0	G=0	-=0	A=3	C=0	
Position 1218:	T=0	G=3	-=0	A=0	C=0	
Position 1219:	T=0	G=0	-=0	A=0	C=3	
Position 1220:	T=0	G=3	-=0	A=0	C=0	
Position 1221:	T=0	G=0	-=0	A=0	C=3	
Position 1222:	T=3	G=0	-=0	A=0	C=0	
Position 1223:	T=3	G=0	-=0	A=0	C=0	
Position 1224:	T=3	G=0	-=0	A=0	C=0	
Position 1225:	T=3	G=0	-=0	A=0	C=0	
Position 1226:	T=3	G=0	-=0	A=0	C=0	
Position 1227:	T=0	G=0	-=0	A=0	C=3	
Position 1228:	T=3	G=0	-=0	A=0	C=0	
Position 1229:	T=0	G=0	-=0	A=3	C=0	
Position 1230:	T=3	G=0	-=0	A=0	C=0	
Position 1231:	T=0	G=0	-=0	A=0	C=3	
Position 1232:	T=3	G=0	-=0	A=0	C=0	
Position 1233:	T=0	G=0	-=0	A=3	C=0	
Position 1234:	T=3	G=0	-=0	A=0	C=0	
Position 1235:	T=3	G=0	-=0	A=0	C=0	
Position 1236:	T=3	G=0	-=0	A=0	C=0	
Position 1237:	T=0	G=0	-=0	A=3	C=0	
Position 1238:	T=0	G=0	-=0	A=3	C=0	
Position 1239:	T=0	G=0	-=0	A=3	C=0	
Position 1240:	T=3	G=0	-=0	A=0	C=0	
Position 1241:	T=0	G=3	-=0	A=0	C=0	
Position 1242:	T=0	G=0	-=0	A=2	C=0	
Position 1243:	T=0	G=0	-=0	A=0	C=2	
Position 1244:	T=0	G=0	-=0	A=0	C=2	
Position 1245:	T=2	G=0	-=0	A=0	C=0	
Position 1246:	T=0	G=0	-=0	A=0	C=2	
Position 1247:	T=0	G=0	-=0	A=2	C=0	
Position 1248:	T=0	G=0	-=0	A=0	C=1	
Position 1249:	T=0	G=0	-=0	A=0	C=1	
Position 1250:	T=0	G=0	-=0	A=0	C=1	
Position 1251:	T=0	G=0	-=0	A=1	C=0	
Position 1252:	T=0	G=1	-=0	A=0	C=0	
Position 1253:	T=1	G=0	-=0	A=0	C=0	
Position 1254:	T=0	G=0	-=0	A=1	C=0	
Position 1255:	T=0	G=0	-=0	A=0	C=1	
Position 1256:	T=0	G=1	-=0	A=0	C=0	
Position 1257:	T=0	G=1	-=0	A=0	C=0	
Position 1258:	T=0	G=0	-=0	A=1	C=0	
Position 1259:	T=0	G=0	-=0	A=1	C=0	
Position 1260:	T=0	G=1	-=0	A=0	C=0	
Position 1261:	T=0	G=1	-=0	A=0	C=0	
Position 1262:	T=0	G=0	C=0	-=0	A=0	
Position 1263:	T=0	G=0	-=0	A=1	C=0	
Position 1264:	T=0	G=0	-=0	A=1	C=0	
Position 1265:	T=0	G=0	-=0	A=1	C=0	
Position 1266:	T=0	G=0	-=0	A=1	C=0	
Position 1267:	T=1	G=0	-=0	A=0	C=0	
Position 1268:	T=0	G=0	-=0	A=1	C=0	
Position 1269:	T=0	G=0	-=0	A=1	C=0	
Position 1270:	T=0	G=0	-=0	A=1	C=0	
Position 1271:	T=1	G=0	-=0	A=0	C=0	
Position 1272:	T=0	G=0	-=0	A=0	C=1	
Position 1273:	T=0	G=0	-=0	A=1	C=0	
Position 1274:	T=1	G=0	-=0	A=0	C=0	
Position 1275:	T=1	G=0	-=0	A=0	C=0	
Position 1276:	T=1	G=0	-=0	A=0	C=0	
Position 1277:	T=1	G=0	-=0	A=0	C=0	
Position 1278:	T=1	G=0	-=0	A=0	C=0	
Position 1279:	T=1	G=0	-=0	A=0	C=0	
Position 1280:	T=0	G=0	-=0	A=0	C=1	
Position 1281:	T=1	G=0	-=0	A=0	C=0	
Position 1282:	T=0	G=1	-=0	A=0	C=0	
Position 1283:	T=0	G=0	-=0	A=1	C=0	
Position 1284:	T=0	G=1	-=0	A=0	C=0	
Position 1285:	T=0	G=0	-=0	A=1	C=0	
Position 1286:	T=1	G=0	-=0	A=0	C=0	
Position 1287:	T=0	G=1	-=0	A=0	C=0	
Position 1288:	T=0	G=1	-=0	A=0	C=0	
Position 1289:	T=1	G=0	-=0	A=0	C=0	
Position 1290:	T=0	G=0	-=0	A=0	C=1	
Position 1291:	T=0	G=0	-=0	A=1	C=0	
Position 1292:	T=0	G=0	-=0	A=1	C=0	
Position 1293:	T=0	G=0	-=0	A=1	C=0	
Position 1294:	T=1	G=0	-=0	A=0	C=0	
Position 1295:	T=0	G=0	-=0	A=0	C=1	
Position 1296:	T=0	G=0	-=0	A=0	C=1	
Position 1297:	T=1	G=0	-=0	A=0	C=0	
Position 1298:	T=0	G=0	-=0	A=1	C=0	
Position 1299:	T=0	G=0	-=0	A=0	C=1	
Position 1300:	T=0	G=0	-=0	A=0	C=1	
Position 1301:	T=0	G=1	-=0	A=0	C=0	
Position 1302:	T=0	G=0	-=0	A=0	C=1	
Position 1303:	T=1	G=0	-=0	A=0	C=0	
Position 1304:	T=0	G=0	-=0	A=1	C=0	
Position 1305:	T=0	G=0	-=0	A=0	C=1	
Position 1306:	T=0	G=0	-=0	A=1	C=0	
Position 1307:	T=0	G=0	-=0	A=1	C=0	
Position 1308:	T=0	G=0	-=0	A=0	C=1	
Position 1309:	T=1	G=0	-=0	A=0	C=0	
Position 1310:	T=0	G=0	-=0	A=1	C=0	
Position 1311:	T=1	G=0	-=0	A=0	C=0	
Position 1312:	T=0	G=1	-=0	A=0	C=0	
Position 1313:	T=1	G=0	-=0	A=0	C=0	
Position 1314:	T=1	G=0	-=0	A=0	C=0	
Position 1315:	T=1	G=0	-=0	A=0	C=0	
Position 1316:	T=0	G=0	-=0	A=1	C=0	
Position 1317:	T=1	G=0	-=0	A=0	C=0	
Position 1318:	T=0	G=0	-=0	A=1	C=0	
Position 1319:	T=0	G=0	-=0	A=1	C=0	
Position 1320:	T=0	G=0	-=0	A=1	C=0	
Position 1321:	T=1	G=0	-=0	A=0	C=0	
Position 1322:	T=0	G=0	-=0	A=1	C=0	
Position 1323:	T=0	G=0	-=0	A=1	C=0	
Position 1324:	T=0	G=0	-=0	A=0	C=1	
Position 1325:	T=0	G=0	-=0	A=1	C=0	
Position 1326:	T=1	G=0	-=0	A=0	C=0	
Position 1327:	T=1	G=0	-=0	A=0	C=0	
Position 1328:	T=0	G=0	-=0	A=1	C=0	
Position 1329:	T=1	G=0	-=0	A=0	C=0	
Position 1330:	T=0	G=0	-=0	A=0	C=1	
Position 1331:	T=1	G=0	-=0	A=0	C=0	
Position 1332:	T=0	G=1	-=0	A=0	C=0	
Position 1333:	T=0	G=0	-=0	A=1	C=0	
Position 1334:	T=0	G=0	C=0	-=0	A=0	
Position 1335:	T=0	G=0	-=0	A=1	C=0	
Position 1336:	T=1	G=0	-=0	A=0	C=0	
Position 1337:	T=0	G=0	-=0	A=0	C=1	
Position 1338:	T=0	G=0	-=0	A=1	C=0	
Position 1339:	T=0	G=0	-=0	A=1	C=0	
Position 1340:	T=1	G=0	-=0	A=0	C=0	
Position 1341:	T=0	G=1	-=0	A=0	C=0	
Position 1342:	T=0	G=0	-=0	A=0	C=1	
Position 1343:	T=0	G=0	-=0	A=1	C=0	
Position 1344:	T=0	G=0	-=0	A=0	C=1	
Position 1345:	T=1	G=0	-=0	A=0	C=0	
Position 1346:	T=0	G=0	-=0	A=0	C=1	
Position 1347:	T=0	G=0	-=0	A=1	C=0	
Position 1348:	T=0	G=1	-=0	A=0	C=0	
Position 1349:	T=1	G=0	-=0	A=0	C=0	
Position 1350:	T=0	G=0	-=0	A=1	C=0	
Position 1351:	T=0	G=0	-=0	A=0	C=1	
Position 1352:	T=0	G=1	-=0	A=0	C=0	
Position 1353:	T=0	G=0	-=0	A=1	C=0	
Position 1354:	T=1	G=0	-=0	A=0	C=0	
Position 1355:	T=0	G=1	-=0	A=0	C=0	
Position 1356:	T=0	G=0	-=0	A=0	C=1	
Position 1357:	T=1	G=0	-=0	A=0	C=0	
Position 1358:	T=0	G=0	-=0	A=1	C=0	
Position 1359:	T=1	G=0	-=0	A=0	C=0	
Position 1360:	T=2	G=0	-=0	A=0	C=0	
Position 1361:	T=0	G=0	-=0	A=0	C=2	
Position 1362:	T=2	G=0	-=0	A=0	C=0	
Position 1363:	T=2	G=0	-=0	A=0	C=0	
Position 1364:	T=0	G=0	-=0	A=2	C=0	
Position 1365:	T=0	G=2	-=0	A=0	C=0	
Position 1366:	T=2	G=0	-=0	A=0	C=0	
Position 1367:	T=0	G=0	-=0	A=2	C=0	
Position 1368:	T=0	G=2	-=0	A=0	C=0	
Position 1369:	T=0	G=0	-=0	A=0	C=2	
Position 1370:	T=0	G=0	-=0	A=2	C=0	
Position 1371:	T=0	G=2	-=0	A=0	C=0	
Position 1372:	T=2	G=0	-=0	A=0	C=0	
Position 1373:	T=2	G=0	-=0	A=0	C=0	
Position 1374:	T=0	G=0	-=0	A=0	C=2	
Position 1375:	T=0	G=0	-=0	A=2	C=0	
Position 1376:	T=2	G=0	-=0	A=0	C=0	
Position 1377:	T=0	G=0	-=0	A=2	C=0	
Position 1378:	T=0	G=0	-=0	A=2	C=0	
Position 1379:	T=0	G=0	-=0	A=0	C=2	
Position 1380:	T=0	G=0	-=0	A=0	C=2	
Position 1381:	T=0	G=0	-=0	A=0	C=2	
Position 1382:	T=0	G=0	-=0	A=0	C=2	
Position 1383:	T=2	G=0	-=0	A=0	C=0	
Position 1384:	T=0	G=0	-=0	A=2	C=0	
Position 1385:	T=0	G=0	-=0	A=0	C=2	
Position 1386:	T=0	G=0	-=0	A=2	C=0	
Position 1387:	T=2	G=0	-=0	A=0	C=0	
Position 1388:	T=0	G=0	-=0	A=2	C=0	
Position 1389:	T=2	G=0	-=0	A=0	C=0	
Position 1390:	T=0	G=0	-=0	A=0	C=2	
Position 1391:	T=0	G=0	-=0	A=2	C=0	
Position 1392:	T=0	G=1	-=0	A=0	C=0	
Position 1393:	T=0	G=0	-=0	A=1	C=0	
Position 1394:	T=0	G=0	-=0	A=1	C=0	
Position 1395:	T=0	G=0	-=0	A=0	C=1	
Position 1396:	T=1	G=0	-=0	A=0	C=0	
Position 1397:	T=0	G=0	-=0	A=0	C=1	
Position 1398:	T=1	G=0	-=0	A=0	C=0	
Position 1399:	T=0	G=0	-=0	A=1	C=0	
Position 1400:	T=0	G=0	-=0	A=0	C=1	
Position 1401:	T=0	G=0	-=0	A=1	C=0	
Position 1402:	T=0	G=0	-=0	A=0	C=1	
Position 1403:	T=1	G=0	-=0	A=0	C=0	
Position 1404:	T=0	G=1	-=0	A=0	C=0	
Position 1405:	T=0	G=0	-=0	A=1	C=0	
Position 1406:	T=0	G=0	-=0	A=0	C=1	
Position 1407:	T=0	G=0	-=0	A=1	C=0	
Position 1408:	T=0	G=0	-=0	A=1	C=0	
Position 1409:	T=0	G=0	-=0	A=0	C=1	
Position 1410:	T=1	G=0	-=0	A=0	C=0	
Position 1411:	T=1	G=0	-=0	A=0	C=0	
Position 1412:	T=0	G=0	-=0	A=0	C=1	
Position 1413:	T=0	G=0	-=0	A=1	C=0	
Position 1414:	T=0	G=1	-=0	A=0	C=0	
Position 1415:	T=0	G=0	C=0	-=0	A=0	
Position 1416:	T=1	G=0	-=0	A=0	C=0	
Position 1417:	T=1	G=0	-=0	A=0	C=0	
Position 1418:	T=1	G=0	-=0	A=0	C=0	
Position 1419:	T=0	G=0	-=0	A=1	C=0	
Position 1420:	T=0	G=1	-=0	A=0	C=0	
Position 1421:	T=1	G=0	-=0	A=0	C=0	
Position 1422:	T=0	G=0	-=0	A=1	C=0	
Position 1423:	T=1	G=0	-=0	A=0	C=0	
Position 1424:	T=0	G=1	-=0	A=0	C=0	
Position 1425:	T=0	G=0	-=0	A=1	C=0	
Position 1426:	T=0	G=0	-=0	A=1	C=0	
Position 1427:	T=1	G=0	-=0	A=0	C=0	
Position 1428:	T=0	G=0	-=0	A=0	C=1	
Position 1429:	T=1	G=0	-=0	A=0	C=0	
Position 1430:	T=0	G=0	-=0	A=1	C=0	
Position 1431:	T=0	G=0	-=0	A=0	C=1	
Position 1432:	T=1	G=0	-=0	A=0	C=0	
Position 1433:	T=0	G=0	-=0	A=1	C=0	
Position 1434:	T=0	G=0	-=0	A=0	C=1	
Position 1435:	T=0	G=0	-=0	A=1	C=0	
Position 1436:	T=0	G=1	-=0	A=0	C=0	
Position 1437:	T=2	G=0	-=0	A=0	C=0	
Position 1438:	T=0	G=0	-=0	A=0	C=2	
Position 1439:	T=0	G=0	-=0	A=2	C=0	
Position 1440:	T=0	G=2	-=0	A=0	C=0	
Position 1441:	T=0	G=2	-=0	A=0	C=0	
Position 1442:	T=0	G=2	-=0	A=0	C=0	
Position 1443:	T=0	G=0	-=0	A=0	C=2	
Position 1444:	T=0	G=0	-=0	A=2	C=0	
Position 1445:	T=0	G=0	-=0	A=0	C=2	
Position 1446:	T=0	G=0	-=0	A=2	C=0	
Position 1447:	T=0	G=2	-=0	A=0	C=0	
Position 1448:	T=0	G=0	-=0	A=2	C=0	
Position 1449:	T=0	G=0	-=0	A=2	C=0	
Position 1450:	T=0	G=0	-=0	A=0	C=1	
Position 1451:	T=0	G=0	-=0	A=1	C=0	
Position 1452:	T=0	G=0	-=0	A=1	C=0	
Position 1453:	T=1	G=0	-=0	A=0	C=0	
Position 1454:	T=0	G=0	-=0	A=0	C=1	
Position 1455:	T=1	G=0	-=0	A=0	C=0	
Position 1456:	T=0	G=1	-=0	A=0	C=0	
Position 1457:	T=0	G=0	-=0	A=1	C=0	
Position 1458:	T=0	G=0	-=0	A=1	C=0	
Position 1459:	T=1	G=0	-=0	A=0	C=0	
Position 1460:	T=0	G=0	-=0	A=1	C=0	
Position 1461:	T=0	G=0	-=0	A=1	C=0	
Position 1462:	T=1	G=0	-=0	A=0	C=0	
Position 1463:	T=0	G=0	-=0	A=0	C=1	
Position 1464:	T=0	G=0	-=0	A=0	C=1	
Position 1465:	T=0	G=0	-=0	A=0	C=1	
Position 1466:	T=0	G=0	-=0	A=0	C=1	
Position 1467:	T=0	G=1	-=0	A=1	C=0	
Position 1468:	T=0	G=0	-=0	A=1	C=0	
Position 1469:	T=0	G=1	-=0	A=1	C=0	
Position 1470:	T=1	G=0	-=0	A=0	C=1	
Position 1471:	T=1	G=0	-=0	A=0	C=1	
Position 1472:	T=0	G=0	-=0	A=1	C=0	
Position 1473:	T=0	G=0	-=0	A=1	C=0	
Position 1474:	T=1	G=0	-=0	A=0	C=1	
Position 1475:	T=1	G=0	-=0	A=0	C=1	
Position 1476:	T=1	G=0	-=0	A=0	C=0	
Position 1477:	T=0	G=1	-=0	A=1	C=0	
Position 1478:	T=0	G=0	-=0	A=1	C=0	
Position 1479:	T=1	G=1	-=0	A=0	C=0	
Position 1480:	T=0	G=0	-=0	A=1	C=0	
Position 1481:	T=0	G=1	-=0	A=0	C=0	
Position 1482:	T=0	G=0	-=0	A=1	C=0	
Position 1483:	T=0	G=1	-=0	A=0	C=0	
Position 1484:	T=0	G=0	-=0	A=1	C=0	
Position 1485:	T=0	G=0	-=0	A=1	C=0	
Position 1486:	T=0	G=0	-=0	A=1	C=0	
Position 1487:	T=0	G=0	-=0	A=1	C=0	
Position 1488:	T=0	G=0	-=0	A=0	C=1	
Position 1489:	T=0	G=0	-=0	A=1	C=0	
Position 1490:	T=0	G=0	-=0	A=1	C=0	
Position 1491:	T=1	G=0	-=0	A=0	C=0	
Position 1492:	T=0	G=0	-=0	A=1	C=0	
Position 1493:	T=1	G=0	-=0	A=0	C=0	
Position 1494:	T=0	G=0	-=0	A=1	C=0	
Position 1495:	T=0	G=1	-=0	A=0	C=0	
Position 1496:	T=0	G=0	-=0	A=0	C=1	
Position 1497:	T=1	G=0	-=0	A=0	C=0	
Position 1498:	T=1	G=0	-=0	A=0	C=0	
Position 1499:	T=0	G=1	-=0	A=0	C=0	
Position 1500:	T=0	G=1	-=0	A=0	C=0	
Position 1501:	T=0	G=0	-=0	A=1	C=0	
Position 1502:	T=0	G=0	-=0	A=1	C=0	
Position 1503:	T=1	G=0	-=0	A=0	C=0	
Position 1504:	T=0	G=0	-=0	A=0	C=2	
Position 1505:	T=0	G=0	-=0	A=0	C=2	
Position 1506:	T=2	G=0	-=0	A=0	C=0	
Position 1507:	T=0	G=0	-=0	A=0	C=2	
Position 1508:	T=3	G=0	-=0	A=0	C=0	
Position 1509:	T=3	G=0	-=0	A=0	C=0	
Position 1510:	T=0	G=0	-=0	A=3	C=0	
Position 1511:	T=3	G=0	-=0	A=0	C=0	
Position 1512:	T=3	G=0	-=0	A=0	C=0	
Position 1513:	T=3	G=0	-=0	A=0	C=0	
Position 1514:	T=0	G=0	-=0	A=0	C=3	
Position 1515:	T=0	G=4	-=0	A=0	C=0	
Position 1516:	T=0	G=0	-=0	A=4	C=0	
Position 1517:	T=0	G=4	-=0	A=0	C=0	
Position 1518:	T=0	G=0	-=0	A=4	C=0	
Position 1519:	T=0	G=0	-=0	A=4	C=0	
Position 1520:	T=4	G=0	-=0	A=0	C=0	
Position 1521:	T=0	G=0	-=0	A=4	C=0	
Position 1522:	T=0	G=0	-=0	A=4	C=0	
Position 1523:	T=4	G=0	-=0	A=0	C=0	
Position 1524:	T=0	G=0	-=0	A=4	C=0	
Position 1525:	T=0	G=4	-=0	A=0	C=0	
Position 1526:	T=0	G=4	-=0	A=0	C=0	
Position 1527:	T=0	G=0	-=0	A=4	C=0	
Position 1528:	T=0	G=0	-=0	A=4	C=0	
Position 1529:	T=4	G=0	-=0	A=0	C=0	
Position 1530:	T=0	G=0	-=0	A=0	C=4	
Position 1531:	T=0	G=4	-=0	A=0	C=0	
Position 1532:	T=0	G=0	-=0	A=4	C=0	
Position 1533:	T=0	G=0	-=0	A=4	C=0	
Position 1534:	T=0	G=0	-=0	A=4	C=0	
Position 1535:	T=0	G=0	-=0	A=0	C=3	
Position 1536:	T=3	G=0	-=0	A=0	C=0	
Position 1537:	T=0	G=0	-=0	A=3	C=0	
Position 1538:	T=0	G=0	-=0	A=3	C=0	
Position 1539:	T=3	G=0	-=0	A=0	C=0	
Position 1540:	T=0	G=0	-=0	A=0	C=2	
Position 1541:	T=2	G=0	-=0	A=0	C=0	
Position 1542:	T=0	G=1	-=0	A=0	C=0	
Position 1543:	T=0	G=0	-=0	A=1	C=0	
Position 1544:	T=0	G=0	-=0	A=1	C=0	
Position 1545:	T=0	G=1	-=0	A=0	C=0	
Position 1546:	T=0	G=0	-=0	A=1	C=0	
Position 1547:	T=0	G=0	-=0	A=1	C=0	
Position 1548:	T=0	G=0	-=0	A=0	C=1	
Position 1549:	T=1	G=0	-=0	A=0	C=0	
Position 1550:	T=0	G=0	-=0	A=0	C=1	
Position 1551:	T=0	G=0	-=0	A=1	C=0	
Position 1552:	T=0	G=0	-=0	A=1	C=0	
Position 1553:	T=0	G=0	-=0	A=1	C=0	
Position 1554:	T=0	G=0	C=0	-=0	A=0	
Position 1555:	T=1	G=0	-=0	A=0	C=0	
Position 1556:	T=0	G=0	-=0	A=1	C=0	
Position 1557:	T=0	G=0	-=0	A=1	C=0	
Position 1558:	T=0	G=0	-=0	A=1	C=0	
Position 1559:	T=1	G=0	-=0	A=0	C=0	
Position 1560:	T=1	G=0	-=0	A=0	C=0	
Position 1561:	T=1	G=0	-=0	A=0	C=0	
Position 1562:	T=0	G=0	-=0	A=1	C=0	
Position 1563:	T=0	G=0	-=0	A=1	C=0	
Position 1564:	T=1	G=0	-=0	A=0	C=0	
Position 1565:	T=0	G=0	-=0	A=0	C=1	
Position 1566:	T=0	G=0	-=0	A=0	C=1	
Position 1567:	T=0	G=0	-=0	A=1	C=0	
Position 1568:	T=0	G=0	-=0	A=0	C=1	
Position 1569:	T=0	G=1	-=0	A=0	C=0	
Position 1570:	T=0	G=0	-=0	A=1	C=0	
Position 1571:	T=1	G=0	-=0	A=0	C=0	
Position 1572:	T=0	G=0	-=0	A=0	C=1	
Position 1573:	T=0	G=0	-=0	A=0	C=1	
Position 1574:	T=0	G=0	-=0	A=1	C=0	
Position 1575:	T=0	G=0	-=0	A=0	C=1	
Position 1576:	T=0	G=0	-=0	A=1	C=0	
Position 1577:	T=0	G=1	-=0	A=0	C=0	
Position 1578:	T=0	G=0	-=0	A=1	C=0	
Position 1579:	T=0	G=0	-=0	A=1	C=0	
Position 1580:	T=0	G=0	-=0	A=1	C=0	
Position 1581:	T=0	G=0	-=0	A=0	C=1	
Position 1582:	T=1	G=0	-=0	A=0	C=0	
Position 1583:	T=1	G=0	-=0	A=0	C=0	
Position 1584:	T=0	G=0	-=0	A=0	C=1	
Position 1585:	T=1	G=0	-=0	A=0	C=0	
Position 1586:	T=0	G=0	-=0	A=1	C=0	
Position 1587:	T=0	G=0	-=0	A=0	C=1	
Position 1588:	T=0	G=0	-=0	A=1	C=0	
Position 1589:	T=1	G=0	-=0	A=0	C=0	
Position 1590:	T=0	G=0	-=0	A=1	C=0	
Position 1591:	T=0	G=0	-=0	A=1	C=0	
Position 1592:	T=1	G=0	-=0	A=0	C=0	
Position 1593:	T=0	G=0	C=0	-=0	A=0	
Position 1594:	T=0	G=1	-=0	A=0	C=0	
Position 1595:	T=0	G=1	-=0	A=0	C=0	
Position 1596:	T=0	G=0	-=0	A=0	C=1	
Position 1597:	T=1	G=0	-=0	A=0	C=0	
Position 1598:	T=0	G=1	-=0	A=0	C=0	
Position 1599:	T=0	G=0	-=0	A=0	C=1	
Position 1600:	T=0	G=0	-=0	A=0	C=1	
Position 1601:	T=1	G=0	-=0	A=0	C=0	
Position 1602:	T=0	G=0	-=0	A=0	C=1	
Position 1603:	T=0	G=0	-=0	A=0	C=1	
Position 1604:	T=0	G=0	-=0	A=0	C=1	
Position 1605:	T=0	G=0	-=0	A=0	C=1	
Position 1606:	T=1	G=0	-=0	A=0	C=0	
Position 1607:	T=0	G=0	-=0	A=0	C=1	
Position 1608:	T=1	G=0	-=0	A=0	C=0	
Position 1609:	T=0	G=0	-=0	A=0	C=1	
Position 1610:	T=0	G=0	-=0	A=1	C=0	
Position 1611:	T=1	G=0	-=0	A=0	C=0	
Position 1612:	T=0	G=1	-=0	A=0	C=0	
Position 1613:	T=0	G=0	-=0	A=0	C=1	
Position 1614:	T=0	G=0	-=0	A=1	C=0	
Position 1615:	T=1	G=0	-=0	A=0	C=0	
Position 1616:	T=1	G=0	-=0	A=0	C=0	
Position 1617:	T=0	G=0	-=0	A=1	C=0	
Position 1618:	T=1	G=0	-=0	A=0	C=0	
Position 1619:	T=1	G=0	-=0	A=0	C=0	
Position 1620:	T=0	G=0	-=0	A=0	C=1	
Position 1621:	T=0	G=1	-=0	A=0	C=0	
Position 1622:	T=0	G=1	-=0	A=0	C=0	
Position 1623:	T=0	G=0	-=0	A=1	C=0	
Position 1624:	T=0	G=0	-=0	A=1	C=0	
Position 1625:	T=0	G=0	-=0	A=1	C=0	
Position 1626:	T=1	G=0	-=0	A=0	C=0	
Position 1627:	T=1	G=0	-=0	A=0	C=0	
Position 1628:	T=0	G=0	-=0	A=1	C=0	
Position 1629:	T=0	G=0	-=0	A=0	C=1	
Position 1630:	T=0	G=1	-=0	A=0	C=0	
Position 1631:	T=1	G=0	-=0	A=0	C=0	
Position 1632:	T=0	G=0	-=0	A=1	C=0	
Position 1633:	T=1	G=0	-=0	A=0	C=0	
Position 1634:	T=1	G=0	-=0	A=0	C=0	
Position 1635:	T=0	G=0	-=0	A=1	C=0	
Position 1636:	T=1	G=0	-=0	A=0	C=0	
Position 1637:	T=1	G=0	-=0	A=0	C=0	
Position 1638:	T=0	G=1	-=0	A=0	C=0	
Position 1639:	T=0	G=0	-=0	A=1	C=0	
Position 1640:	T=1	G=0	-=0	A=0	C=0	
Position 1641:	T=0	G=0	-=0	A=0	C=1	
Position 1642:	T=1	G=0	-=0	A=0	C=0	
Position 1643:	T=0	G=1	-=0	A=0	C=0	
Position 1644:	T=1	G=0	-=0	A=0	C=0	
Position 1645:	T=1	G=0	-=0	A=0	C=0	
Position 1646:	T=1	G=0	-=0	A=0	C=0	
Position 1647:	T=1	G=0	-=0	A=0	C=0	
Position 1648:	T=0	G=0	-=0	A=0	C=1	
Position 1649:	T=0	G=0	-=0	A=1	C=0	
Position 1650:	T=0	G=0	-=0	A=1	C=0	
Position 1651:	T=0	G=0	-=0	A=1	C=0	
Position 1652:	T=0	G=0	-=0	A=1	C=0	
Position 1653:	T=0	G=0	-=0	A=1	C=0	
Position 1654:	T=0	G=0	-=0	A=1	C=0	
Position 1655:	T=1	G=0	-=0	A=0	C=0	
Position 1656:	T=0	G=1	-=0	A=0	C=0	
Position 1657:	T=0	G=0	-=0	A=1	C=0	
Position 1658:	T=1	G=0	-=0	A=0	C=0	
Position 1659:	T=0	G=0	-=0	A=1	C=0	
Position 1660:	T=1	G=0	-=0	A=0	C=0	
Position 1661:	T=0	G=0	-=0	A=1	C=0	
Position 1662:	T=0	G=0	-=0	A=1	C=0	
Position 1663:	T=0	G=1	-=0	A=0	C=0	
Position 1664:	T=1	G=0	-=0	A=0	C=0	
Position 1665:	T=0	G=1	-=0	A=0	C=0	
Position 1666:	T=1	G=0	-=0	A=0	C=0	
Position 1667:	T=0	G=0	-=0	A=0	C=1	
Position 1668:	T=0	G=0	-=0	A=1	C=0	
Position 1669:	T=1	G=0	-=0	A=0	C=0	
Position 1670:	T=0	G=0	-=0	A=1	C=0	
Position 1671:	T=0	G=0	-=0	A=0	C=1	
Position 1672:	T=0	G=0	-=0	A=0	C=1	
Position 1673:	T=0	G=0	-=0	A=0	C=1	
Position 1674:	T=0	G=0	-=0	A=1	C=0	
Position 1675:	T=0	G=0	-=0	A=1	C=0	
Position 1676:	T=0	G=0	-=0	A=1	C=0	
Position 1677:	T=1	G=0	-=0	A=0	C=0	
Position 1678:	T=0	G=0	C=0	-=0	A=0	
Position 1679:	T=0	G=0	-=0	A=0	C=1	
Position 1680:	T=0	G=1	-=0	A=0	C=0	
Position 1681:	T=0	G=0	-=0	A=0	C=1	
Position 1682:	T=0	G=0	-=0	A=0	C=1	
Position 1683:	T=0	G=0	-=0	A=1	C=0	
Position 1684:	T=0	G=0	-=0	A=1	C=0	
Position 1685:	T=0	G=0	-=0	A=1	C=0	
Position 1686:	T=0	G=0	-=0	A=0	C=1	
Position 1687:	T=0	G=0	-=0	A=1	C=0	
Position 1688:	T=0	G=0	-=0	A=1	C=0	
Position 1689:	T=1	G=0	-=0	A=0	C=0	
Position 1690:	T=0	G=0	-=0	A=1	C=0	
Position 1691:	T=0	G=0	-=0	A=0	C=1	
Position 1692:	T=0	G=0	-=0	A=1	C=0	
Position 1693:	T=0	G=0	-=0	A=1	C=0	
Position 1694:	T=0	G=0	-=0	A=1	C=0	
Position 1695:	T=0	G=0	-=0	A=1	C=0	
Position 1696:	T=0	G=0	-=0	A=1	C=0	
Position 1697:	T=1	G=0	-=0	A=0	C=0	
Position 1698:	T=0	G=0	-=0	A=1	C=0	
Position 1699:	T=0	G=0	-=0	A=1	C=0	
Position 1700:	T=0	G=0	-=0	A=1	C=0	
Position 1701:	T=0	G=0	-=0	A=1	C=0	
Position 1702:	T=1	G=0	-=0	A=0	C=0	
Position 1703:	T=0	G=1	-=0	A=0	C=0	
Position 1704:	T=0	G=0	-=0	A=1	C=0	
Position 1705:	T=0	G=0	-=0	A=0	C=1	
Position 1706:	T=0	G=0	-=0	A=1	C=0	
Position 1707:	T=0	G=0	-=0	A=1	C=0	
Position 1708:	T=1	G=0	-=0	A=0	C=0	
Position 1709:	T=1	G=0	-=0	A=0	C=0	
Position 1710:	T=0	G=0	C=0	-=0	A=0	
Position 1711:	T=0	G=0	C=0	-=0	A=0	
Position 1712:	T=0	G=0	C=0	-=0	A=0	
Position 1713:	T=0	G=0	C=0	-=0	A=0	
Position 1714:	T=0	G=0	C=0	-=0	A=0	
Position 1715:	T=0	G=0	C=0	-=0	A=0	
Position 1716:	T=0	G=0	C=0	-=0	A=0	
Position 1717:	T=0	G=0	C=0	-=0	A=0	
Position 1718:	T=0	G=0	C=0	-=0	A=0	
Position 1719:	T=0	G=0	C=0	-=0	A=0	
Position 1720:	T=0	G=0	C=0	-=0	A=0	
Position 1721:	T=0	G=0	C=0	-=0	A=0	
Position 1722:	T=0	G=0	C=0	-=0	A=0	
Position 1723:	T=0	G=0	C=0	-=0	A=0	
Position 1724:	T=0	G=0	C=0	-=0	A=0	
Position 1725:	T=0	G=0	C=0	-=0	A=0	
Position 1726:	T=0	G=0	C=0	-=0	A=0	
Position 1727:	T=0	G=0	C=0	-=0	A=0	
Position 1728:	T=0	G=0	C=0	-=0	A=0	
Position 1729:	T=0	G=0	C=0	-=0	A=0	
Position 1730:	T=0	G=0	C=0	-=0	A=0	
Position 1731:	T=0	G=0	C=0	-=0	A=0	
Position 1732:	T=0	G=0	C=0	-=0	A=0	
Position 1733:	T=0	G=0	C=0	-=0	A=0	
Position 1734:	T=0	G=0	C=0	-=0	A=0	
Position 1735:	T=0	G=0	C=0	-=0	A=0	
Position 1736:	T=0	G=0	C=0	-=0	A=0	
Position 1737:	T=0	G=0	C=0	-=0	A=0	
Position 1738:	T=0	G=0	C=0	-=0	A=0	
Position 1739:	T=0	G=1	-=0	A=0	C=0	
Position 1740:	T=0	G=0	-=0	A=1	C=0	
Position 1741:	T=0	G=0	-=0	A=1	C=0	
Position 1742:	T=1	G=0	-=0	A=0	C=0	
Position 1743:	T=1	G=0	-=0	A=0	C=0	
Position 1744:	T=1	G=0	-=0	A=0	C=0	
Position 1745:	T=0	G=1	-=0	A=0	C=0	
Position 1746:	T=0	G=0	-=0	A=1	C=0	
Position 1747:	T=1	G=0	-=0	A=0	C=0	
Position 1748:	T=0	G=0	-=0	A=0	C=1	
Position 1749:	T=1	G=0	-=0	A=0	C=0	
Position 1750:	T=1	G=0	-=0	A=0	C=0	
Position 1751:	T=0	G=0	-=0	A=0	C=1	
Position 1752:	T=1	G=0	-=0	A=0	C=0	
Position 1753:	T=1	G=0	-=0	A=0	C=0	
Position 1754:	T=0	G=0	-=0	A=0	C=1	
Position 1755:	T=1	G=0	-=0	A=0	C=0	
Position 1756:	T=1	G=0	-=0	A=0	C=0	
Position 1757:	T=1	G=0	-=0	A=0	C=0	
Position 1758:	T=1	G=0	-=0	A=0	C=0	
Position 1759:	T=0	G=0	-=0	A=1	C=0	
Position 1760:	T=1	G=0	-=0	A=0	C=0	
Position 1761:	T=1	G=0	-=0	A=0	C=0	
Position 1762:	T=1	G=0	-=0	A=0	C=0	
Position 1763:	T=1	G=0	-=0	A=0	C=0	
Position 1764:	T=0	G=1	-=0	A=0	C=0	
Position 1765:	T=0	G=0	-=0	A=0	C=1	
Position 1766:	T=0	G=0	-=0	A=1	C=0	
Position 1767:	T=0	G=0	-=0	A=1	C=0	
Position 1768:	T=0	G=0	-=0	A=1	C=0	
Position 1769:	T=1	G=0	-=0	A=0	C=0	
Position 1770:	T=0	G=1	-=0	A=0	C=0	
Position 1771:	T=0	G=0	-=0	A=1	C=0	
Position 1772:	T=0	G=0	-=0	A=1	C=0	
Position 1773:	T=1	G=0	-=0	A=0	C=0	
Position 1774:	T=0	G=0	-=0	A=1	C=0	
Position 1775:	T=1	G=0	-=0	A=0	C=0	
Position 1776:	T=0	G=1	-=0	A=0	C=0	
Position 1777:	T=0	G=0	-=0	A=1	C=0	
Position 1778:	T=1	G=0	-=0	A=0	C=0	
Position 1779:	T=1	G=0	-=0	A=0	C=0	
Position 1780:	T=0	G=0	-=0	A=1	C=0	
Position 1781:	T=1	G=0	-=0	A=0	C=0	
Position 1782:	T=0	G=1	-=0	A=0	C=0	
Position 1783:	T=0	G=0	-=0	A=0	C=1	
Position 1784:	T=0	G=0	-=0	A=1	C=0	
Position 1785:	T=0	G=0	-=0	A=0	C=1	
Position 1786:	T=0	G=0	-=0	A=0	C=1	
Position 1787:	T=0	G=0	-=0	A=1	C=0	
Position 1788:	T=0	G=0	-=0	A=0	C=1	
Position 1789:	T=0	G=0	-=0	A=1	C=0	
Position 1790:	T=0	G=1	-=0	A=0	C=0	
Position 1791:	T=0	G=0	-=0	A=1	C=0	
Position 1792:	T=0	G=1	-=0	A=0	C=0	
Position 1793:	T=0	G=0	C=0	-=0	A=0	
Position 1794:	T=1	G=0	-=0	A=0	C=0	
Position 1795:	T=0	G=0	-=0	A=0	C=1	
Position 1796:	T=0	G=1	-=0	A=0	C=0	
Position 1797:	T=1	G=0	-=0	A=0	C=0	
Position 1798:	T=1	G=0	-=0	A=0	C=0	
Position 1799:	T=0	G=1	-=0	A=0	C=0	
Position 1800:	T=1	G=0	-=0	A=0	C=0	
Position 1801:	T=1	G=0	-=0	A=0	C=0	
Position 1802:	T=0	G=0	-=0	A=1	C=0	
Position 1803:	T=1	G=0	-=0	A=0	C=0	
Position 1804:	T=1	G=0	-=0	A=0	C=0	
Position 1805:	T=1	G=0	-=0	A=0	C=0	
Position 1806:	T=0	G=1	-=0	A=0	C=0	
Position 1807:	T=1	G=0	-=0	A=0	C=0	
Position 1808:	T=0	G=1	-=0	A=0	C=0	
Position 1809:	T=0	G=1	-=0	A=0	C=0	
Position 1810:	T=0	G=0	-=0	A=0	C=1	
Position 1811:	T=0	G=1	-=0	A=0	C=0	
Position 1812:	T=0	G=0	-=0	A=1	C=0	
Position 1813:	T=0	G=1	-=0	A=0	C=0	
Position 1814:	T=0	G=1	-=0	A=0	C=0	
Position 1815:	T=1	G=0	-=0	A=0	C=0	
Position 1816:	T=0	G=1	-=0	A=0	C=0	
Position 1817:	T=0	G=1	-=0	A=0	C=0	
Position 1818:	T=1	G=0	-=0	A=0	C=0	
Position 1819:	T=1	G=0	-=0	A=0	C=0	
Position 1820:	T=0	G=0	-=0	A=1	C=0	
Position 1821:	T=1	G=0	-=0	A=0	C=0	
Position 1822:	T=0	G=0	-=0	A=0	C=1	
Position 1823:	T=0	G=0	-=0	A=0	C=1	
Position 1824:	T=0	G=0	-=0	A=0	C=1	
Position 1825:	T=0	G=0	-=0	A=0	C=1	
Position 1826:	T=0	G=1	-=0	A=0	C=0	
Position 1827:	T=0	G=1	-=0	A=0	C=0	
Position 1828:	T=0	G=1	-=0	A=0	C=0	
Position 1829:	T=0	G=1	-=0	A=0	C=0	
Position 1830:	T=0	G=0	-=0	A=1	C=0	
Position 1831:	T=0	G=0	-=0	A=1	C=0	
Position 1832:	T=0	G=0	-=0	A=0	C=1	
Position 1833:	T=1	G=0	-=0	A=0	C=0	
Position 1834:	T=0	G=0	-=0	A=0	C=1	
Position 1835:	T=1	G=0	-=0	A=0	C=0	
Position 1836:	T=1	G=0	-=0	A=0	C=0	
Position 1837:	T=0	G=1	-=0	A=0	C=0	
Position 1838:	T=0	G=1	-=0	A=0	C=0	
Position 1839:	T=0	G=1	-=0	A=0	C=0	
Position 1840:	T=0	G=1	-=0	A=0	C=0	
Position 1841:	T=0	G=1	-=0	A=0	C=0	
Position 1842:	T=0	G=0	-=0	A=1	C=0	
Position 1843:	T=1	G=0	-=0	A=0	C=0	
Position 1844:	T=0	G=1	-=0	A=0	C=0	
Position 1845:	T=0	G=0	-=0	A=1	C=0	
Position 1846:	T=1	G=0	-=0	A=0	C=0	
Position 1847:	T=0	G=0	-=0	A=0	C=1	
Position 1848:	T=0	G=0	-=0	A=1	C=0	
Position 1849:	T=0	G=1	-=0	A=0	C=0	
Position 1850:	T=0	G=0	-=0	A=1	C=0	
Position 1851:	T=0	G=1	-=0	A=0	C=0	
Position 1852:	T=0	G=0	-=0	A=0	C=1	
Position 1853:	T=1	G=0	-=0	A=0	C=0	
Position 1854:	T=0	G=0	-=0	A=1	C=0	
Position 1855:	T=0	G=0	C=0	-=0	A=0	
Position 1856:	T=1	G=0	-=0	A=0	C=0	
Position 1857:	T=0	G=0	-=0	A=0	C=1	
Position 1858:	T=0	G=0	-=0	A=0	C=1	
Position 1859:	T=1	G=0	-=0	A=0	C=0	
Position 1860:	T=0	G=0	-=0	A=0	C=1	
Position 1861:	T=1	G=0	-=0	A=0	C=0	
Position 1862:	T=0	G=1	-=0	A=0	C=0	
Position 1863:	T=1	G=0	-=0	A=0	C=0	
Position 1864:	T=1	G=0	-=0	A=0	C=0	
Position 1865:	T=1	G=0	-=0	A=0	C=0	
Position 1866:	T=0	G=1	-=0	A=0	C=0	
Position 1867:	T=1	G=0	-=0	A=0	C=0	
Position 1868:	T=0	G=0	-=0	A=1	C=0	
Position 1869:	T=1	G=0	-=0	A=0	C=0	
Position 1870:	T=0	G=1	-=0	A=0	C=0	
Position 1871:	T=0	G=0	-=0	A=1	C=0	
Position 1872:	T=1	G=0	-=0	A=0	C=0	
Position 1873:	T=0	G=0	-=0	A=0	C=1	
Position 1874:	T=1	G=0	-=0	A=0	C=0	
Position 1875:	T=0	G=1	-=0	A=0	C=0	
Position 1876:	T=0	G=1	-=0	A=0	C=0	
Position 1877:	T=0	G=0	-=0	A=1	C=0	
Position 1878:	T=0	G=1	-=0	A=0	C=0	
Position 1879:	T=1	G=0	-=0	A=0	C=0	
Position 1880:	T=0	G=0	-=0	A=0	C=1	
Position 1881:	T=0	G=0	-=0	A=1	C=0	
Position 1882:	T=1	G=0	-=0	A=0	C=0	
Position 1883:	T=0	G=0	-=0	A=0	C=1	
Position 1884:	T=0	G=0	-=0	A=0	C=1	
Position 1885:	T=0	G=0	-=0	A=0	C=1	
Position 1886:	T=0	G=0	-=0	A=1	C=0	
Position 1887:	T=1	G=0	-=0	A=0	C=0	
Position 1888:	T=0	G=0	-=0	A=1	C=0	
Position 1889:	T=0	G=1	-=0	A=0	C=0	
Position 1890:	T=0	G=1	-=0	A=0	C=0	
Position 1891:	T=1	G=0	-=0	A=0	C=0	
Position 1892:	T=0	G=0	-=0	A=1	C=0	
Position 1893:	T=0	G=0	-=0	A=0	C=1	
Position 1894:	T=1	G=0	-=0	A=0	C=0	
Position 1895:	T=1	G=0	-=0	A=0	C=0	
Position 1896:	T=0	G=0	-=0	A=0	C=1	
Position 1897:	T=1	G=0	-=0	A=0	C=0	
Position 1898:	T=1	G=0	-=0	A=0	C=0	
Position 1899:	T=0	G=0	C=0	-=0	A=0	
Position 1900:	T=1	G=0	-=0	A=0	C=0	
Position 1901:	T=1	G=0	-=0	A=0	C=0	
Position 1902:	T=0	G=0	-=0	A=0	C=1	
Position 1903:	T=0	G=0	-=0	A=0	C=1	
Position 1904:	T=1	G=0	-=0	A=0	C=0	
Position 1905:	T=0	G=0	-=0	A=1	C=0	
Position 1906:	T=1	G=0	-=0	A=0	C=0	
Position 1907:	T=0	G=0	-=0	A=0	C=1	
Position 1908:	T=0	G=0	-=0	A=0	C=1	
Position 1909:	T=1	G=0	-=0	A=0	C=0	
Position 1910:	T=0	G=0	-=0	A=0	C=1	
Position 1911:	T=0	G=0	-=0	A=1	C=0	
Position 1912:	T=0	G=1	-=0	A=0	C=0	
Position 1913:	T=0	G=1	-=0	A=0	C=0	
Position 1914:	T=0	G=1	-=0	A=0	C=0	
Position 1915:	T=0	G=0	-=0	A=0	C=1	
Position 1916:	T=0	G=0	-=0	A=0	C=1	
Position 1917:	T=0	G=1	-=0	A=0	C=0	
Position 1918:	T=0	G=1	-=0	A=0	C=0	
Position 1919:	T=0	G=0	-=0	A=1	C=0	
Position 1920:	T=0	G=0	-=0	A=1	C=0	
Position 1921:	T=0	G=1	-=0	A=0	C=0	
Position 1922:	T=1	G=0	-=0	A=0	C=0	
Position 1923:	T=0	G=0	-=0	A=0	C=1	
Position 1924:	T=0	G=0	-=0	A=1	C=0	
Position 1925:	T=1	G=0	-=0	A=0	C=0	
Position 1926:	T=1	G=0	-=0	A=0	C=0	
Position 1927:	T=0	G=0	-=0	A=1	C=0	
Position 1928:	T=1	G=0	-=0	A=0	C=0	
Position 1929:	T=1	G=0	-=0	A=0	C=0	
Position 1930:	T=1	G=0	-=0	A=0	C=0	
Position 1931:	T=0	G=0	-=0	A=0	C=1	
Position 1932:	T=0	G=0	-=0	A=1	C=0	
Position 1933:	T=0	G=0	-=0	A=1	C=0	
Position 1934:	T=0	G=0	-=0	A=1	C=0	
Position 1935:	T=0	G=0	-=0	A=0	C=1	
Position 1936:	T=1	G=0	-=0	A=0	C=0	
Position 1937:	T=0	G=1	-=0	A=0	C=0	
Position 1938:	T=0	G=0	-=0	A=1	C=0	
Position 1939:	T=0	G=0	-=0	A=0	C=1	
Position 1940:	T=1	G=0	-=0	A=0	C=0	
Position 1941:	T=0	G=1	-=0	A=0	C=0	
Position 1942:	T=1	G=0	-=0	A=0	C=0	
Position 1943:	T=0	G=0	-=0	A=1	C=0	
Position 1944:	T=0	G=0	-=0	A=1	C=0	
Position 1945:	T=1	G=0	-=0	A=0	C=0	
Position 1946:	T=0	G=0	-=0	A=1	C=0	
Position 1947:	T=0	G=0	C=0	-=0	A=0	
Position 1948:	T=0	G=0	-=0	A=1	C=0	
Position 1949:	T=0	G=1	-=0	A=0	C=0	
Position 1950:	T=0	G=0	-=0	A=1	C=0	
Position 1951:	T=0	G=0	-=0	A=1	C=0	
Position 1952:	T=1	G=0	-=0	A=0	C=0	
Position 1953:	T=1	G=0	-=0	A=0	C=0	
Position 1954:	T=0	G=1	-=0	A=0	C=0	
Position 1955:	T=0	G=0	-=0	A=1	C=0	
Position 1956:	T=0	G=1	-=0	A=0	C=0	
Position 1957:	T=0	G=1	-=0	A=0	C=0	
Position 1958:	T=1	G=0	-=0	A=0	C=0	
Position 1959:	T=1	G=0	-=0	A=0	C=0	
Position 1960:	T=0	G=0	-=0	A=1	C=0	
Position 1961:	T=1	G=0	-=0	A=0	C=0	
Position 1962:	T=1	G=0	-=0	A=0	C=0	
Position 1963:	T=1	G=0	-=0	A=0	C=0	
Position 1964:	T=0	G=1	-=0	A=0	C=0	
Position 1965:	T=0	G=0	-=0	A=1	C=0	
Position 1966:	T=0	G=0	-=0	A=1	C=0	
Position 1967:	T=0	G=1	-=0	A=0	C=0	
Position 1968:	T=1	G=0	-=0	A=0	C=0	
Position 1969:	T=0	G=1	-=0	A=0	C=0	
Position 1970:	T=0	G=1	-=0	A=0	C=0	
Position 1971:	T=0	G=0	-=0	A=0	C=1	
Position 1972:	T=0	G=0	-=0	A=1	C=0	
Position 1973:	T=0	G=0	-=0	A=1	C=0	
Position 1974:	T=0	G=0	-=0	A=1	C=0	
Position 1975:	T=1	G=0	-=0	A=0	C=0	
Position 1976:	T=0	G=1	-=0	A=0	C=0	
Position 1977:	T=0	G=1	-=0	A=0	C=0	
Position 1978:	T=0	G=0	-=0	A=1	C=0	
Position 1979:	T=0	G=1	-=0	A=0	C=0	
Position 1980:	T=1	G=0	-=0	A=0	C=0	
Position 1981:	T=0	G=0	-=0	A=1	C=0	
Position 1982:	T=0	G=1	-=0	A=0	C=0	
Position 1983:	T=1	G=0	-=0	A=0	C=0	
Position 1984:	T=0	G=1	-=0	A=0	C=0	
Position 1985:	T=0	G=0	-=0	A=0	C=1	
Position 1986:	T=1	G=0	-=0	A=0	C=0	
Position 1987:	T=0	G=1	-=0	A=0	C=0	
Position 1988:	T=0	G=0	-=0	A=0	C=1	
Position 1989:	T=0	G=0	-=0	A=1	C=0	
Position 1990:	T=0	G=0	-=0	A=0	C=1	
Position 1991:	T=0	G=1	-=0	A=0	C=0	
Position 1992:	T=1	G=0	-=0	A=0	C=0	
Position 1993:	T=0	G=0	-=0	A=1	C=0	
Position 1994:	T=0	G=1	-=0	A=0	C=0	
Position 1995:	T=0	G=0	-=0	A=1	C=0	
Position 1996:	T=0	G=0	-=0	A=1	C=0	
Position 1997:	T=0	G=0	-=0	A=1	C=0	
Position 1998:	T=1	G=0	-=0	A=0	C=0	
Position 1999:	T=0	G=0	-=0	A=1	C=0	
Position 2000:	T=0	G=0	-=0	A=1	C=0	
Position 2001:	T=0	G=0	-=0	A=0	C=1	
Position 2002:	T=0	G=1	-=0	A=0	C=0	
Position 2003:	T=0	G=0	-=0	A=1	C=0	
Position 2004:	T=0	G=0	-=0	A=1	C=0	
Position 2005:	T=0	G=0	-=0	A=1	C=0	
Position 2006:	T=0	G=0	-=0	A=0	C=1	
Position 2007:	T=0	G=0	-=0	A=0	C=1	
Position 2008:	T=0	G=0	C=0	-=0	A=0	
Position 2009:	T=0	G=1	-=0	A=0	C=0	
Position 2010:	T=1	G=0	-=0	A=0	C=0	
Position 2011:	T=0	G=0	-=0	A=0	C=1	
Position 2012:	T=1	G=0	-=0	A=0	C=0	
Position 2013:	T=0	G=0	-=0	A=0	C=1	
Position 2014:	T=0	G=0	-=0	A=1	C=0	
Position 2015:	T=0	G=1	-=0	A=0	C=0	
Position 2016:	T=1	G=0	-=0	A=0	C=0	
Position 2017:	T=0	G=0	-=0	A=0	C=1	
Position 2018:	T=0	G=0	-=0	A=1	C=0	
Position 2019:	T=1	G=0	-=0	A=0	C=0	
Position 2020:	T=0	G=1	-=0	A=0	C=0	
Position 2021:	T=0	G=0	-=0	A=1	C=0	
Position 2022:	T=0	G=0	-=0	A=1	C=0	
Position 2023:	T=0	G=1	-=0	A=0	C=0	
Position 2024:	T=1	G=0	-=0	A=0	C=0	
Position 2025:	T=1	G=0	-=0	A=0	C=0	
Position 2026:	T=0	G=1	-=0	A=0	C=0	
Position 2027:	T=0	G=0	-=0	A=0	C=1	
Position 2028:	T=0	G=0	-=0	A=0	C=1	
Position 2029:	T=0	G=0	-=0	A=1	C=0	
Position 2030:	T=0	G=0	-=0	A=0	C=1	
Position 2031:	T=0	G=0	-=0	A=1	C=0	
Position 2032:	T=0	G=0	-=0	A=1	C=0	
Position 2033:	T=0	G=0	-=0	A=0	C=1	
Position 2034:	T=1	G=0	-=0	A=0	C=0	
Position 2035:	T=0	G=0	-=0	A=1	C=0	
Position 2036:	T=0	G=1	-=0	A=0	C=0	
Position 2037:	T=0	G=0	-=0	A=1	C=0	
Position 2038:	T=1	G=0	-=0	A=0	C=0	
Position 2039:	T=0	G=0	-=0	A=1	C=0	
Position 2040:	T=0	G=0	-=0	A=0	C=1	
Position 2041:	T=0	G=0	-=0	A=1	C=0	
Position 2042:	T=0	G=1	-=0	A=0	C=0	
Position 2043:	T=0	G=1	-=0	A=0	C=0	
Position 2044:	T=0	G=0	-=0	A=1	C=0	
Position 2045:	T=1	G=0	-=0	A=0	C=0	
Position 2046:	T=0	G=0	-=0	A=0	C=1	
Position 2047:	T=0	G=0	-=0	A=0	C=1	
Position 2048:	T=0	G=1	-=0	A=0	C=0	
Position 2049:	T=0	G=1	-=0	A=0	C=0	
Position 2050:	T=0	G=0	-=0	A=1	C=0	
Position 2051:	T=1	G=0	-=0	A=0	C=0	
Position 2052:	T=0	G=0	-=0	A=0	C=1	
Position 2053:	T=1	G=0	-=0	A=0	C=0	
Position 2054:	T=0	G=0	-=0	A=1	C=0	
Position 2055:	T=1	G=0	-=0	A=0	C=0	
Position 2056:	T=1	G=0	-=0	A=0	C=0	
Position 2057:	T=0	G=0	-=0	A=1	C=0	
Position 2058:	T=0	G=0	-=0	A=0	C=1	
Position 2059:	T=0	G=0	C=0	-=0	A=0	
Position 2060:	T=0	G=0	-=0	A=0	C=1	
Position 2061:	T=1	G=0	-=0	A=0	C=0	
Position 2062:	T=1	G=0	-=0	A=0	C=0	
Position 2063:	T=0	G=1	-=0	A=0	C=0	
Position 2064:	T=0	G=0	-=0	A=1	C=0	
Position 2065:	T=0	G=1	-=0	A=0	C=0	
Position 2066:	T=0	G=0	-=0	A=0	C=1	
Position 2067:	T=0	G=0	-=0	A=1	C=0	
Position 2068:	T=0	G=1	-=0	A=0	C=0	
Position 2069:	T=0	G=0	-=0	A=1	C=0	
Position 2070:	T=1	G=0	-=0	A=0	C=0	
Position 2071:	T=0	G=0	-=0	A=1	C=0	
Position 2072:	T=0	G=0	-=0	A=1	C=0	
Position 2073:	T=0	G=0	-=0	A=1	C=0	
Position 2074:	T=1	G=0	-=0	A=0	C=0	
Position 2075:	T=0	G=1	-=0	A=0	C=0	
Position 2076:	T=0	G=0	-=0	A=1	C=0	
Position 2077:	T=0	G=0	-=0	A=1	C=0	
Position 2078:	T=0	G=0	-=0	A=0	C=1	
Position 2079:	T=0	G=1	-=0	A=0	C=0	
Position 2080:	T=0	G=0	-=0	A=1	C=0	
Position 2081:	T=0	G=0	-=0	A=1	C=0	
Position 2082:	T=0	G=0	-=0	A=1	C=0	
Position 2083:	T=0	G=0	-=0	A=1	C=0	
Position 2084:	T=1	G=0	-=0	A=0	C=0	
Position 2085:	T=0	G=0	-=0	A=1	C=0	
Position 2086:	T=1	G=0	-=0	A=0	C=0	
Position 2087:	T=0	G=0	-=0	A=1	C=0	
Position 2088:	T=1	G=0	-=0	A=0	C=0	
Position 2089:	T=1	G=0	-=0	A=0	C=0	
Position 2090:	T=1	G=0	-=0	A=0	C=0	
Position 2091:	T=0	G=0	-=0	A=1	C=0	
Position 2092:	T=0	G=0	-=0	A=0	C=1	
Position 2093:	T=0	G=0	-=0	A=0	C=1	
Position 2094:	T=0	G=0	-=0	A=1	C=0	
Position 2095:	T=0	G=0	-=0	A=0	C=1	
Position 2096:	T=1	G=0	-=0	A=0	C=0	
Position 2097:	T=0	G=0	C=0	-=0	A=0	
Position 2098:	T=0	G=0	C=0	-=0	A=0	
Position 2099:	T=0	G=0	C=0	-=0	A=0	
Position 2100:	T=0	G=0	C=0	-=0	A=0	
Position 2101:	T=0	G=0	C=0	-=0	A=0	
Position 2102:	T=0	G=0	C=0	-=0	A=0	
Position 2103:	T=1	G=0	-=0	A=0	C=0	
Position 2104:	T=1	G=0	-=0	A=0	C=0	
Position 2105:	T=0	G=0	-=0	A=1	C=0	
Position 2106:	T=1	G=0	-=0	A=0	C=0	
Position 2107:	T=0	G=0	-=0	A=1	C=0	
Position 2108:	T=0	G=0	-=0	A=0	C=1	
Position 2109:	T=1	G=0	-=0	A=0	C=0	
Position 2110:	T=0	G=0	-=0	A=0	C=1	
Position 2111:	T=0	G=0	-=0	A=0	C=1	
Position 2112:	T=1	G=0	-=0	A=0	C=0	
Position 2113:	T=0	G=0	-=0	A=1	C=0	
Position 2114:	T=0	G=0	-=0	A=1	C=0	
Position 2115:	T=0	G=0	-=0	A=1	C=0	
Position 2116:	T=0	G=1	-=0	A=0	C=0	
Position 2117:	T=0	G=0	-=0	A=1	C=0	
Position 2118:	T=1	G=0	-=0	A=0	C=0	
Position 2119:	T=1	G=0	-=0	A=0	C=0	
Position 2120:	T=0	G=1	-=0	A=0	C=0	
Position 2121:	T=0	G=0	-=0	A=1	C=0	
Position 2122:	T=1	G=0	-=0	A=0	C=0	
Position 2123:	T=1	G=0	-=0	A=0	C=0	
Position 2124:	T=0	G=0	-=0	A=0	C=1	
Position 2125:	T=0	G=0	-=0	A=1	C=0	
Position 2126:	T=0	G=0	-=0	A=1	C=0	
Position 2127:	T=0	G=0	-=0	A=1	C=0	
Position 2128:	T=0	G=0	-=0	A=0	C=1	
Position 2129:	T=1	G=0	-=0	A=0	C=0	
Position 2130:	T=0	G=1	-=0	A=0	C=0	
Position 2131:	T=0	G=0	-=0	A=0	C=1	
Position 2132:	T=0	G=0	-=0	A=0	C=1	
Position 2133:	T=1	G=0	-=0	A=0	C=0	
Position 2134:	T=0	G=0	-=0	A=1	C=0	
Position 2135:	T=1	G=0	-=0	A=0	C=0	
Position 2136:	T=1	G=0	-=0	A=0	C=0	
Position 2137:	T=1	G=0	-=0	A=0	C=0	
Position 2138:	T=0	G=0	-=0	A=1	C=0	
Position 2139:	T=1	G=0	-=0	A=0	C=0	
Position 2140:	T=0	G=0	-=0	A=0	C=1	
Position 2141:	T=0	G=0	-=0	A=0	C=1	
Position 2142:	T=0	G=0	-=0	A=1	C=0	
Position 2143:	T=0	G=1	-=0	A=0	C=0	
Position 2144:	T=0	G=0	-=0	A=0	C=1	
Position 2145:	T=0	G=0	-=0	A=0	C=1	
Position 2146:	T=1	G=0	-=0	A=0	C=0	
Position 2147:	T=0	G=1	-=0	A=0	C=0	
Position 2148:	T=0	G=1	-=0	A=0	C=0	
Position 2149:	T=0	G=1	-=0	A=0	C=0	
Position 2150:	T=0	G=1	-=0	A=0	C=0	
Position 2151:	T=0	G=0	-=0	A=0	C=1	
Position 2152:	T=0	G=0	-=0	A=0	C=1	
Position 2153:	T=0	G=0	-=0	A=1	C=0	
Position 2154:	T=1	G=0	-=0	A=0	C=0	
Position 2155:	T=0	G=1	-=0	A=0	C=0	
Position 2156:	T=0	G=1	-=0	A=0	C=0	
Position 2157:	T=0	G=0	-=0	A=0	C=1	
Position 2158:	T=0	G=0	-=0	A=0	C=1	
Position 2159:	T=0	G=1	-=0	A=0	C=0	
Position 2160:	T=1	G=0	-=0	A=0	C=0	
Position 2161:	T=0	G=1	-=0	A=0	C=0	
Position 2162:	T=0	G=0	-=0	A=0	C=1	
Position 2163:	T=0	G=1	-=0	A=0	C=0	
Position 2164:	T=0	G=0	-=0	A=1	C=0	
Position 2165:	T=0	G=0	-=0	A=0	C=1	
Position 2166:	T=1	G=0	-=0	A=0	C=0	
Position 2167:	T=0	G=0	-=0	A=1	C=0	
Position 2168:	T=0	G=0	-=0	A=1	C=0	
Position 2169:	T=0	G=0	-=0	A=0	C=1	
Position 2170:	T=0	G=0	-=0	A=1	C=0	
Position 2171:	T=0	G=1	-=0	A=0	C=0	
Position 2172:	T=0	G=0	-=0	A=0	C=1	
Position 2173:	T=1	G=0	-=0	A=0	C=0	
Position 2174:	T=0	G=0	-=0	A=1	C=0	
Position 2175:	T=0	G=0	-=0	A=1	C=0	
Position 2176:	T=0	G=1	-=0	A=0	C=0	
Position 2177:	T=0	G=0	-=0	A=1	C=0	
Position 2178:	T=1	G=0	-=0	A=0	C=0	
Position 2179:	T=1	G=0	-=0	A=0	C=0	
Position 2180:	T=0	G=0	-=0	A=1	C=0	
Position 2181:	T=0	G=0	-=0	A=0	C=1	
Position 2182:	T=0	G=0	-=0	A=1	C=0	
Position 2183:	T=0	G=1	-=0	A=0	C=0	
Position 2184:	T=0	G=0	-=0	A=0	C=1	
Position 2185:	T=0	G=0	-=0	A=1	C=0	
Position 2186:	T=0	G=1	-=0	A=0	C=0	
Position 2187:	T=0	G=1	-=0	A=0	C=0	
Position 2188:	T=0	G=0	-=0	A=0	C=1	
Position 2189:	T=0	G=0	-=0	A=0	C=1	
Position 2190:	T=0	G=0	-=0	A=1	C=0	
Position 2191:	T=0	G=1	-=0	A=0	C=0	
Position 2192:	T=1	G=0	-=0	A=0	C=0	
Position 2193:	T=1	G=0	-=0	A=0	C=0	
Position 2194:	T=0	G=1	-=0	A=0	C=0	
Position 2195:	T=0	G=0	-=0	A=0	C=1	
Position 2196:	T=0	G=1	-=0	A=0	C=0	
Position 2197:	T=0	G=0	C=0	-=0	A=0	
Position 2198:	T=1	G=0	-=0	A=0	C=0	
Position 2199:	T=0	G=1	-=0	A=0	C=0	
Position 2200:	T=0	G=0	-=0	A=1	C=0	
Position 2201:	T=1	G=0	-=0	A=0	C=0	
Position 2202:	T=0	G=0	-=0	A=0	C=1	
Position 2203:	T=0	G=0	-=0	A=1	C=0	
Position 2204:	T=0	G=0	-=0	A=0	C=1	
Position 2205:	T=0	G=0	-=0	A=0	C=1	
Position 2206:	T=1	G=0	-=0	A=0	C=0	
Position 2207:	T=1	G=0	-=0	A=0	C=0	
Position 2208:	T=1	G=0	-=0	A=0	C=0	
Position 2209:	T=0	G=0	-=0	A=1	C=0	
Position 2210:	T=0	G=0	-=0	A=0	C=1	
Position 2211:	T=0	G=0	-=0	A=0	C=1	
Position 2212:	T=0	G=1	-=0	A=0	C=0	
Position 2213:	T=1	G=0	-=0	A=0	C=0	
Position 2214:	T=1	G=0	-=0	A=0	C=0	
Position 2215:	T=0	G=0	-=0	A=0	C=1	
Position 2216:	T=1	G=0	-=0	A=0	C=0	
Position 2217:	T=0	G=0	-=0	A=1	C=0	
Position 2218:	T=0	G=1	-=0	A=0	C=0	
Position 2219:	T=1	G=0	-=0	A=0	C=0	
Position 2220:	T=0	G=0	-=0	A=1	C=0	
Position 2221:	T=0	G=0	-=0	A=0	C=1	
Position 2222:	T=0	G=0	-=0	A=1	C=0	
Position 2223:	T=0	G=0	-=0	A=1	C=0	
Position 2224:	T=0	G=0	-=0	A=0	C=1	
Position 2225:	T=0	G=0	-=0	A=1	C=0	
Position 2226:	T=1	G=0	-=0	A=0	C=0	
Position 2227:	T=0	G=0	-=0	A=1	C=0	
Position 2228:	T=0	G=0	-=0	A=0	C=1	
Position 2229:	T=0	G=0	-=0	A=0	C=1	
Position 2230:	T=0	G=0	-=0	A=0	C=1	
Position 2231:	T=1	G=0	-=0	A=0	C=0	
Position 2232:	T=0	G=0	-=0	A=1	C=0	
Position 2233:	T=0	G=0	-=0	A=0	C=1	
Position 2234:	T=0	G=0	C=0	-=0	A=0	
Position 2235:	T=0	G=0	-=0	A=0	C=1	
Position 2236:	T=0	G=0	-=0	A=0	C=1	
Position 2237:	T=0	G=0	-=0	A=1	C=0	
Position 2238:	T=0	G=0	-=0	A=0	C=1	
Position 2239:	T=0	G=0	-=0	A=1	C=0	
Position 2240:	T=0	G=1	-=0	A=0	C=0	
Position 2241:	T=0	G=1	-=0	A=0	C=0	
Position 2242:	T=1	G=0	-=0	A=0	C=0	
Position 2243:	T=0	G=0	-=0	A=1	C=0	
Position 2244:	T=1	G=0	-=0	A=0	C=0	
Position 2245:	T=1	G=0	-=0	A=0	C=0	
Position 2246:	T=0	G=0	-=0	A=1	C=0	
Position 2247:	T=0	G=0	-=0	A=0	C=1	
Position 2248:	T=1	G=0	-=0	A=0	C=0	
Position 2249:	T=0	G=0	-=0	A=1	C=0	
Position 2250:	T=0	G=0	-=0	A=0	C=1	
Position 2251:	T=0	G=0	-=0	A=0	C=1	
Position 2252:	T=0	G=0	-=0	A=0	C=1	
Position 2253:	T=1	G=0	-=0	A=0	C=0	
Position 2254:	T=0	G=0	-=0	A=1	C=0	
Position 2255:	T=0	G=0	-=0	A=1	C=0	
Position 2256:	T=0	G=0	-=0	A=1	C=0	
Position 2257:	T=0	G=0	-=0	A=0	C=1	
Position 2258:	T=0	G=0	-=0	A=0	C=1	
Position 2259:	T=0	G=0	-=0	A=0	C=1	
Position 2260:	T=0	G=1	-=0	A=0	C=0	
Position 2261:	T=0	G=0	-=0	A=0	C=1	
Position 2262:	T=1	G=0	-=0	A=0	C=0	
Position 2263:	T=0	G=0	-=0	A=1	C=0	
Position 2264:	T=0	G=0	-=0	A=1	C=0	
Position 2265:	T=0	G=0	-=0	A=1	C=0	
Position 2266:	T=0	G=0	-=0	A=1	C=0	
Position 2267:	T=0	G=1	-=0	A=0	C=0	
Position 2268:	T=1	G=0	-=0	A=0	C=0	
Position 2269:	T=0	G=0	-=0	A=0	C=1	
Position 2270:	T=0	G=0	-=0	A=0	C=1	
Position 2271:	T=0	G=0	-=0	A=0	C=1	
Position 2272:	T=0	G=0	-=0	A=1	C=0	
Position 2273:	T=0	G=0	-=0	A=0	C=1	
Position 2274:	T=1	G=0	-=0	A=0	C=0	
Position 2275:	T=1	G=0	-=0	A=0	C=0	
Position 2276:	T=0	G=0	-=0	A=0	C=1	
Position 2277:	T=1	G=0	-=0	A=0	C=0	
Position 2278:	T=0	G=0	-=0	A=0	C=1	
Position 2279:	T=0	G=0	-=0	A=1	C=0	
Position 2280:	T=0	G=0	-=0	A=1	C=0	
Position 2281:	T=0	G=0	-=0	A=1	C=0	
Position 2282:	T=0	G=0	-=0	A=1	C=0	
Position 2283:	T=0	G=0	-=0	A=0	C=1	
Position 2284:	T=1	G=0	-=0	A=0	C=0	
Position 2285:	T=1	G=0	-=0	A=0	C=0	
Position 2286:	T=0	G=0	-=0	A=0	C=1	
Position 2287:	T=0	G=1	-=0	A=0	C=0	
Position 2288:	T=0	G=1	-=0	A=0	C=0	
Position 2289:	T=0	G=1	-=0	A=0	C=0	
Position 2290:	T=0	G=0	-=0	A=1	C=0	
Position 2291:	T=0	G=0	-=0	A=0	C=1	
Position 2292:	T=1	G=0	-=0	A=0	C=0	
Position 2293:	T=1	G=0	-=0	A=0	C=0	
Position 2294:	T=0	G=0	-=0	A=0	C=1	
Position 2295:	T=0	G=0	-=0	A=1	C=0	
Position 2296:	T=1	G=0	-=0	A=0	C=0	
Position 2297:	T=0	G=1	-=0	A=0	C=0	
Position 2298:	T=0	G=0	-=0	A=0	C=1	
Position 2299:	T=0	G=0	-=0	A=1	C=0	
Position 2300:	T=1	G=0	-=0	A=0	C=0	
Position 2301:	T=0	G=0	-=0	A=0	C=1	
Position 2302:	T=0	G=0	-=0	A=0	C=1	
Position 2303:	T=0	G=1	-=0	A=0	C=0	
Position 2304:	T=0	G=1	-=0	A=0	C=0	
Position 2305:	T=0	G=0	-=0	A=0	C=1	
Position 2306:	T=0	G=1	-=0	A=0	C=0	
Position 2307:	T=0	G=0	-=0	A=1	C=0	
Position 2308:	T=0	G=1	-=0	A=0	C=0	
Position 2309:	T=1	G=0	-=0	A=0	C=0	
Position 2310:	T=0	G=0	-=0	A=1	C=0	
Position 2311:	T=0	G=0	-=0	A=0	C=1	
Position 2312:	T=1	G=0	-=0	A=0	C=0	
Position 2313:	T=1	G=0	-=0	A=0	C=0	
Position 2314:	T=0	G=0	C=0	-=0	A=0	
Position 2315:	T=0	G=1	-=0	A=0	C=0	
Position 2316:	T=0	G=0	-=0	A=1	C=0	
Position 2317:	T=1	G=0	-=0	A=0	C=0	
Position 2318:	T=0	G=0	-=0	A=1	C=0	
Position 2319:	T=1	G=0	-=0	A=0	C=0	
Position 2320:	T=1	G=0	-=0	A=0	C=0	
Position 2321:	T=0	G=1	-=0	A=0	C=0	
Position 2322:	T=0	G=0	-=0	A=1	C=0	
Position 2323:	T=0	G=0	-=0	A=0	C=1	
Position 2324:	T=0	G=0	-=0	A=1	C=0	
Position 2325:	T=1	G=0	-=0	A=0	C=0	
Position 2326:	T=1	G=0	-=0	A=0	C=0	
Position 2327:	T=1	G=0	-=0	A=0	C=0	
Position 2328:	T=0	G=0	-=0	A=1	C=0	
Position 2329:	T=0	G=1	-=0	A=0	C=0	
Position 2330:	T=1	G=0	-=0	A=0	C=0	
Position 2331:	T=0	G=0	-=0	A=1	C=0	
Position 2332:	T=0	G=1	-=0	A=0	C=0	
Position 2333:	T=0	G=0	-=0	A=1	C=0	
Position 2334:	T=1	G=0	-=0	A=0	C=0	
Position 2335:	T=0	G=1	-=0	A=0	C=0	
Position 2336:	T=0	G=0	-=0	A=0	C=1	
Position 2337:	T=0	G=0	-=0	A=1	C=0	
Position 2338:	T=0	G=1	-=0	A=0	C=0	
Position 2339:	T=1	G=0	-=0	A=0	C=0	
Position 2340:	T=0	G=0	-=0	A=1	C=0	
Position 2341:	T=1	G=0	-=0	A=0	C=0	
Position 2342:	T=0	G=0	-=0	A=0	C=1	
Position 2343:	T=0	G=0	-=0	A=0	C=1	
Position 2344:	T=0	G=0	-=0	A=0	C=1	
Position 2345:	T=0	G=0	-=0	A=1	C=0	
Position 2346:	T=0	G=0	-=0	A=1	C=0	
Position 2347:	T=1	G=0	-=0	A=0	C=0	
Position 2348:	T=0	G=0	-=0	A=1	C=0	
Position 2349:	T=0	G=1	-=0	A=0	C=0	
Position 2350:	T=0	G=0	-=0	A=0	C=1	
Position 2351:	T=0	G=0	-=0	A=0	C=1	
Position 2352:	T=0	G=0	-=0	A=1	C=0	
Position 2353:	T=0	G=0	-=0	A=1	C=0	
Position 2354:	T=0	G=0	-=0	A=1	C=0	
Position 2355:	T=1	G=0	-=0	A=0	C=0	
Position 2356:	T=0	G=1	-=0	A=0	C=0	
Position 2357:	T=0	G=0	-=0	A=1	C=0	
Position 2358:	T=1	G=0	-=0	A=0	C=0	
Position 2359:	T=0	G=0	-=0	A=1	C=0	
Position 2360:	T=0	G=0	C=0	-=0	A=0	
Position 2361:	T=1	G=0	-=0	A=0	C=0	
Position 2362:	T=0	G=0	-=0	A=0	C=1	
Position 2363:	T=0	G=1	-=0	A=0	C=0	
Position 2364:	T=1	G=0	-=0	A=0	C=0	
Position 2365:	T=1	G=0	-=0	A=0	C=0	
Position 2366:	T=0	G=0	-=0	A=0	C=1	
Position 2367:	T=1	G=0	-=0	A=0	C=0	
Position 2368:	T=1	G=0	-=0	A=0	C=0	
Position 2369:	T=0	G=0	-=0	A=0	C=1	
Position 2370:	T=1	G=0	-=0	A=0	C=0	
Position 2371:	T=1	G=0	-=0	A=0	C=0	
Position 2372:	T=0	G=1	-=0	A=0	C=0	
Position 2373:	T=0	G=0	-=0	A=0	C=1	
Position 2374:	T=0	G=0	-=0	A=0	C=1	
Position 2375:	T=1	G=0	-=0	A=0	C=0	
Position 2376:	T=1	G=0	-=0	A=0	C=0	
Position 2377:	T=0	G=0	-=0	A=0	C=1	
Position 2378:	T=0	G=1	-=0	A=0	C=0	
Position 2379:	T=0	G=1	-=0	A=0	C=0	
Position 2380:	T=0	G=0	-=0	A=1	C=0	
Position 2381:	T=0	G=0	-=0	A=0	C=1	
Position 2382:	T=1	G=0	-=0	A=0	C=0	
Position 2383:	T=0	G=0	-=0	A=1	C=0	
Position 2384:	T=0	G=0	-=0	A=0	C=1	
Position 2385:	T=0	G=0	-=0	A=1	C=0	
Position 2386:	T=0	G=0	-=0	A=1	C=0	
Position 2387:	T=0	G=0	-=0	A=0	C=1	
Position 2388:	T=0	G=0	-=0	A=1	C=0	
Position 2389:	T=0	G=1	-=0	A=0	C=0	
Position 2390:	T=1	G=0	-=0	A=0	C=0	
Position 2391:	T=0	G=0	-=0	A=1	C=0	
Position 2392:	T=1	G=0	-=0	A=0	C=0	
Position 2393:	T=1	G=0	-=0	A=0	C=0	
Position 2394:	T=0	G=0	-=0	A=1	C=0	
Position 2395:	T=1	G=0	-=0	A=0	C=0	
Position 2396:	T=1	G=0	-=0	A=0	C=0	
Position 2397:	T=0	G=0	-=1	A=0	C=0	
Position 2398:	T=0	G=0	-=1	A=0	C=0	
Position 2399:	T=1	G=0	-=0	A=0	C=0	
Position 2400:	T=1	G=0	-=0	A=0	C=0	
Position 2401:	T=0	G=1	-=0	A=0	C=0	
Position 2402:	T=0	G=1	-=0	A=0	C=0	
Position 2403:	T=0	G=0	-=0	A=0	C=1	
Position 2404:	T=0	G=1	-=0	A=0	C=0	
Position 2405:	T=0	G=0	-=0	A=0	C=1	
Position 2406:	T=0	G=0	-=0	A=1	C=0	
Position 2407:	T=0	G=1	-=0	A=0	C=0	
Position 2408:	T=0	G=1	-=0	A=0	C=0	
Position 2409:	T=0	G=0	-=0	A=0	C=1	
Position 2410:	T=0	G=0	-=0	A=1	C=0	
Position 2411:	T=0	G=0	-=0	A=1	C=0	
Position 2412:	T=0	G=0	-=0	A=1	C=0	
Position 2413:	T=0	G=1	-=0	A=0	C=0	
Position 2414:	T=0	G=0	-=0	A=0	C=1	
Position 2415:	T=0	G=0	-=0	A=1	C=0	
Position 2416:	T=0	G=0	-=0	A=1	C=0	
Position 2417:	T=0	G=1	-=0	A=0	C=0	
Position 2418:	T=0	G=0	-=0	A=0	C=1	
Position 2419:	T=0	G=0	-=0	A=0	C=1	
Position 2420:	T=0	G=0	-=0	A=0	C=1	
Position 2421:	T=0	G=0	-=0	A=0	C=1	
Position 2422:	T=1	G=0	-=0	A=0	C=0	
Position 2423:	T=0	G=0	-=0	A=1	C=0	
Position 2424:	T=0	G=0	-=0	A=1	C=0	
Position 2425:	T=1	G=0	-=0	A=0	C=0	
Position 2426:	T=0	G=0	-=0	A=1	C=0	
Position 2427:	T=0	G=0	-=0	A=1	C=0	
Position 2428:	T=1	G=0	-=0	A=0	C=0	
Position 2429:	T=0	G=1	-=0	A=0	C=0	
Position 2430:	T=0	G=0	-=0	A=0	C=1	
Position 2431:	T=0	G=1	-=0	A=0	C=0	
Position 2432:	T=0	G=1	-=0	A=0	C=0	
Position 2433:	T=0	G=1	-=0	A=0	C=0	
Position 2434:	T=1	G=0	-=0	A=0	C=0	
Position 2435:	T=1	G=0	-=0	A=0	C=0	
Position 2436:	T=1	G=0	-=0	A=0	C=0	
Position 2437:	T=0	G=1	-=0	A=0	C=0	
Position 2438:	T=1	G=0	-=0	A=0	C=0	
Position 2439:	T=0	G=1	-=0	A=0	C=0	
Position 2440:	T=0	G=0	-=0	A=0	C=1	
Position 2441:	T=0	G=0	-=0	A=0	C=1	
Position 2442:	T=0	G=0	-=0	A=0	C=1	
Position 2443:	T=0	G=0	-=0	A=1	C=0	
Position 2444:	T=1	G=0	-=0	A=0	C=0	
Position 2445:	T=0	G=0	-=0	A=1	C=0	
Position 2446:	T=0	G=1	-=0	A=0	C=0	
Position 2447:	T=0	G=1	-=0	A=0	C=0	
Position 2448:	T=0	G=0	-=0	A=1	C=0	
Position 2449:	T=1	G=0	-=0	A=0	C=0	
Position 2450:	T=0	G=0	-=0	A=1	C=0	
Position 2451:	T=0	G=1	-=0	A=0	C=0	
Position 2452:	T=0	G=1	-=0	A=1	C=0	
Position 2453:	T=0	G=0	-=0	A=0	C=1	
Position 2454:	T=0	G=0	-=0	A=1	C=0	
Position 2455:	T=0	G=0	-=0	A=0	C=1	
Position 2456:	T=0	G=0	-=0	A=0	C=1	
Position 2457:	T=0	G=1	-=0	A=0	C=0	
Position 2458:	T=0	G=0	-=0	A=0	C=1	
Position 2459:	T=0	G=1	-=0	A=0	C=0	
Position 2460:	T=0	G=0	-=0	A=0	C=1	
Position 2461:	T=0	G=0	-=0	A=0	C=1	
Position 2462:	T=0	G=0	C=0	-=0	A=0	
Position 2463:	T=0	G=0	-=0	A=1	C=0	
Position 2464:	T=1	G=0	-=0	A=0	C=0	
Position 2465:	T=0	G=0	-=0	A=1	C=0	
Position 2466:	T=0	G=0	-=0	A=0	C=1	
Position 2467:	T=1	G=0	-=0	A=0	C=0	
Position 2468:	T=0	G=0	-=0	A=1	C=0	
Position 2469:	T=1	G=0	-=0	A=0	C=0	
Position 2470:	T=1	G=0	-=0	A=0	C=0	
Position 2471:	T=0	G=0	-=0	A=1	C=0	
Position 2472:	T=1	G=0	-=0	A=0	C=0	
Position 2473:	T=0	G=1	-=0	A=0	C=0	
Position 2474:	T=0	G=0	-=0	A=1	C=0	
Position 2475:	T=0	G=0	-=0	A=1	C=0	
Position 2476:	T=1	G=0	-=0	A=0	C=0	
Position 2477:	T=0	G=0	-=0	A=1	C=0	
Position 2478:	T=0	G=0	-=0	A=1	C=0	
Position 2479:	T=1	G=0	-=0	A=0	C=0	
Position 2480:	T=0	G=0	-=0	A=1	C=0	
Position 2481:	T=0	G=0	-=0	A=1	C=0	
Position 2482:	T=0	G=0	-=0	A=0	C=1	
Position 2483:	T=0	G=0	-=0	A=1	C=0	
Position 2484:	T=1	G=0	-=0	A=0	C=0	
Position 2485:	T=0	G=0	-=0	A=1	C=0	
Position 2486:	T=0	G=0	-=0	A=1	C=0	
Position 2487:	T=1	G=0	-=0	A=0	C=0	
Position 2488:	T=1	G=0	-=0	A=0	C=0	
Position 2489:	T=0	G=0	-=0	A=1	C=0	
Position 2490:	T=1	G=0	-=0	A=0	C=0	
Position 2491:	T=0	G=0	-=0	A=0	C=1	
Position 2492:	T=0	G=0	-=0	A=0	C=1	
Position 2493:	T=0	G=0	-=0	A=1	C=0	
Position 2494:	T=0	G=0	-=0	A=0	C=1	
Position 2495:	T=0	G=0	-=0	A=0	C=1	
Position 2496:	T=0	G=1	-=0	A=0	C=0	
Position 2497:	T=0	G=0	-=0	A=0	C=1	
Position 2498:	T=0	G=0	-=0	A=0	C=1	
Position 2499:	T=1	G=0	-=0	A=0	C=0	
Position 2500:	T=0	G=1	-=0	A=0	C=0	
Position 2501:	T=0	G=1	-=0	A=0	C=0	
Position 2502:	T=0	G=0	-=0	A=1	C=0	
Position 2503:	T=0	G=1	-=0	A=0	C=0	
Position 2504:	T=1	G=0	-=0	A=0	C=0	
Position 2505:	T=0	G=0	C=0	-=0	A=0	
Position 2506:	T=0	G=0	-=0	A=1	C=0	
Position 2507:	T=1	G=0	-=0	A=0	C=0	
Position 2508:	T=0	G=0	-=0	A=0	C=1	
Position 2509:	T=1	G=0	-=0	A=0	C=0	
Position 2510:	T=0	G=0	-=0	A=0	C=1	
Position 2511:	T=1	G=0	-=0	A=0	C=0	
Position 2512:	T=0	G=0	-=0	A=1	C=0	
Position 2513:	T=0	G=0	-=0	A=0	C=1	
Position 2514:	T=1	G=0	-=0	A=0	C=0	
Position 2515:	T=0	G=0	-=0	A=0	C=1	
Position 2516:	T=1	G=0	-=0	A=0	C=0	
Position 2517:	T=1	G=0	-=0	A=0	C=0	
Position 2518:	T=0	G=1	-=0	A=0	C=0	
Position 2519:	T=0	G=0	-=0	A=1	C=0	
Position 2520:	T=0	G=0	-=0	A=0	C=1	
Position 2521:	T=0	G=1	-=0	A=0	C=0	
Position 2522:	T=0	G=0	-=0	A=0	C=1	
Position 2523:	T=0	G=0	-=0	A=1	C=0	
Position 2524:	T=0	G=0	-=0	A=1	C=0	
Position 2525:	T=1	G=0	-=0	A=0	C=0	
Position 2526:	T=0	G=0	-=0	A=0	C=1	
Position 2527:	T=0	G=1	-=0	A=0	C=0	
Position 2528:	T=0	G=0	-=0	A=0	C=1	
Position 2529:	T=0	G=0	-=0	A=1	C=0	
Position 2530:	T=1	G=0	-=0	A=0	C=0	
Position 2531:	T=0	G=0	-=0	A=0	C=1	
Position 2532:	T=1	G=0	-=0	A=0	C=0	
Position 2533:	T=0	G=0	-=0	A=1	C=0	
Position 2534:	T=0	G=0	-=0	A=1	C=0	
Position 2535:	T=1	G=0	-=0	A=0	C=0	
Position 2536:	T=0	G=0	-=0	A=1	C=0	
Position 2537:	T=1	G=0	-=0	A=0	C=0	
Position 2538:	T=0	G=0	-=0	A=0	C=1	
Position 2539:	T=0	G=0	-=0	A=0	C=1	
Position 2540:	T=0	G=0	-=0	A=1	C=0	
Position 2541:	T=0	G=0	-=0	A=0	C=1	
Position 2542:	T=0	G=0	-=0	A=0	C=1	
Position 2543:	T=0	G=0	-=0	A=0	C=1	
Position 2544:	T=1	G=0	-=0	A=0	C=0	
Position 2545:	T=0	G=0	-=0	A=1	C=0	
Position 2546:	T=0	G=0	-=0	A=0	C=1	
Position 2547:	T=1	G=0	-=0	A=0	C=0	
Position 2548:	T=1	G=0	-=0	A=0	C=0	
Position 2549:	T=1	G=0	-=0	A=0	C=0	
Position 2550:	T=0	G=1	-=0	A=0	C=0	
Position 2551:	T=0	G=0	-=0	A=0	C=1	
Position 2552:	T=0	G=0	-=0	A=0	C=1	
Position 2553:	T=1	G=0	-=0	A=0	C=0	
Position 2554:	T=0	G=0	-=0	A=1	C=0	
Position 2555:	T=0	G=1	-=0	A=0	C=0	
Position 2556:	T=0	G=0	-=0	A=1	C=0	
Position 2557:	T=0	G=1	-=0	A=0	C=0	
Position 2558:	T=0	G=1	-=0	A=0	C=0	
Position 2559:	T=1	G=0	-=0	A=0	C=0	
Position 2560:	T=1	G=0	-=0	A=0	C=0	
Position 2561:	T=0	G=0	-=0	A=1	C=0	
Position 2562:	T=1	G=0	-=0	A=0	C=0	
Position 2563:	T=0	G=0	-=0	A=1	C=0	
Position 2564:	T=0	G=0	-=0	A=1	C=0	
Position 2565:	T=1	G=0	-=0	A=0	C=0	
Position 2566:	T=0	G=1	-=0	A=0	C=0	
Position 2567:	T=0	G=0	-=0	A=0	C=1	
Position 2568:	T=1	G=0	-=0	A=0	C=0	
Position 2569:	T=0	G=1	-=0	A=0	C=0	
Position 2570:	T=1	G=0	-=0	A=0	C=0	
Position 2571:	T=0	G=0	-=0	A=0	C=1	
Position 2572:	T=0	G=1	-=0	A=0	C=0	
Position 2573:	T=1	G=0	-=0	A=0	C=0	
Position 2574:	T=1	G=0	-=0	A=0	C=0	
Position 2575:	T=0	G=0	-=0	A=1	C=0	
Position 2576:	T=1	G=0	-=0	A=0	C=0	
Position 2577:	T=1	G=0	-=0	A=0	C=0	
Position 2578:	T=1	G=0	-=0	A=0	C=0	
Position 2579:	T=0	G=1	-=0	A=0	C=0	
Position 2580:	T=1	G=0	-=0	A=0	C=0	
Position 2581:	T=0	G=0	-=0	A=1	C=0	
Position 2582:	T=0	G=0	-=0	A=1	C=0	
Position 2583:	T=1	G=0	-=0	A=0	C=0	
Position 2584:	T=0	G=1	-=0	A=0	C=0	
Position 2585:	T=0	G=0	-=0	A=0	C=1	
Position 2586:	T=0	G=0	-=0	A=1	C=0	
Position 2587:	T=0	G=0	-=0	A=1	C=0	
Position 2588:	T=0	G=0	-=0	A=1	C=0	
Position 2589:	T=0	G=0	-=0	A=0	C=1	
Position 2590:	T=0	G=0	-=0	A=1	C=0	
Position 2591:	T=0	G=1	-=0	A=0	C=0	
Position 2592:	T=1	G=0	-=0	A=0	C=0	
Position 2593:	T=0	G=1	-=0	A=0	C=0	
Position 2594:	T=0	G=0	-=0	A=1	C=0	
Position 2595:	T=0	G=0	-=0	A=0	C=1	
Position 2596:	T=1	G=0	-=0	A=0	C=0	
Position 2597:	T=0	G=0	-=0	A=0	C=1	
Position 2598:	T=1	G=0	-=0	A=0	C=0	
Position 2599:	T=1	G=0	-=0	A=0	C=0	
Position 2600:	T=1	G=0	-=0	A=0	C=0	
Position 2601:	T=1	G=0	-=0	A=0	C=0	
Position 2602:	T=0	G=0	-=0	A=1	C=0	
Position 2603:	T=1	G=0	-=0	A=0	C=0	
Position 2604:	T=0	G=0	-=0	A=1	C=0	
Position 2605:	T=0	G=0	C=0	-=0	A=0	
Position 2606:	T=0	G=0	-=0	A=0	C=1	
Position 2607:	T=1	G=0	-=0	A=0	C=0	
Position 2608:	T=0	G=0	-=0	A=1	C=0	
Position 2609:	T=0	G=0	-=0	A=0	C=1	
Position 2610:	T=1	G=0	-=0	A=0	C=0	
Position 2611:	T=0	G=0	-=0	A=1	C=0	
Position 2612:	T=1	G=0	-=0	A=0	C=0	
Position 2613:	T=0	G=0	-=0	A=1	C=0	
Position 2614:	T=0	G=1	-=0	A=0	C=0	
Position 2615:	T=0	G=0	-=0	A=0	C=1	
Position 2616:	T=1	G=0	-=0	A=0	C=0	
Position 2617:	T=0	G=0	-=0	A=0	C=1	
Position 2618:	T=0	G=0	-=0	A=0	C=1	
Position 2619:	T=1	G=0	-=0	A=0	C=0	
Position 2620:	T=0	G=0	-=0	A=1	C=0	
Position 2621:	T=1	G=0	-=0	A=0	C=0	
Position 2622:	T=1	G=0	-=0	A=0	C=0	
Position 2623:	T=0	G=0	-=0	A=1	C=0	
Position 2624:	T=1	G=0	-=0	A=0	C=0	
Position 2625:	T=0	G=0	-=0	A=0	C=1	
Position 2626:	T=0	G=0	-=0	A=0	C=1	
Position 2627:	T=0	G=0	-=0	A=1	C=0	
Position 2628:	T=0	G=1	-=0	A=0	C=0	
Position 2629:	T=0	G=1	-=0	A=0	C=0	
Position 2630:	T=0	G=1	-=0	A=0	C=0	
Position 2631:	T=0	G=1	-=0	A=0	C=0	
Position 2632:	T=0	G=1	-=0	A=0	C=0	
Position 2633:	T=0	G=0	-=0	A=1	C=0	
Position 2634:	T=0	G=0	-=0	A=1	C=0	
Position 2635:	T=1	G=0	-=0	A=0	C=0	
Position 2636:	T=1	G=0	-=0	A=0	C=0	
Position 2637:	T=0	G=0	-=0	A=1	C=0	
Position 2638:	T=1	G=0	-=0	A=0	C=0	
Position 2639:	T=0	G=0	-=0	A=0	C=1	
Position 2640:	T=0	G=1	-=0	A=0	C=0	
Position 2641:	T=0	G=1	-=0	A=0	C=0	
Position 2642:	T=0	G=0	-=0	A=0	C=1	
Position 2643:	T=0	G=0	-=0	A=0	C=1	
Position 2644:	T=0	G=0	-=0	A=1	C=0	
Position 2645:	T=0	G=0	C=0	-=0	A=0	
Position 2646:	T=0	G=0	-=0	A=0	C=1	
Position 2647:	T=1	G=0	-=0	A=0	C=0	
Position 2648:	T=0	G=0	-=0	A=0	C=1	
Position 2649:	T=0	G=0	-=0	A=0	C=1	
Position 2650:	T=0	G=0	-=0	A=1	C=0	
Position 2651:	T=0	G=0	-=0	A=0	C=1	
Position 2652:	T=1	G=0	-=0	A=0	C=0	
Position 2653:	T=0	G=0	-=0	A=1	C=0	
Position 2654:	T=1	G=0	-=0	A=0	C=0	
Position 2655:	T=0	G=1	-=0	A=0	C=0	
Position 2656:	T=0	G=0	-=0	A=1	C=0	
Position 2657:	T=0	G=1	-=0	A=0	C=0	
Position 2658:	T=1	G=0	-=0	A=0	C=0	
Position 2659:	T=0	G=0	-=0	A=0	C=1	
Position 2660:	T=0	G=0	-=0	A=0	C=1	
Position 2661:	T=1	G=0	-=0	A=0	C=0	
Position 2662:	T=0	G=0	-=0	A=0	C=1	
Position 2663:	T=0	G=0	-=0	A=1	C=0	
Position 2664:	T=0	G=0	-=0	A=0	C=1	
Position 2665:	T=0	G=0	-=0	A=1	C=0	
Position 2666:	T=0	G=0	-=0	A=1	C=0	
Position 2667:	T=0	G=0	-=0	A=0	C=1	
Position 2668:	T=0	G=0	-=0	A=1	C=0	
Position 2669:	T=1	G=0	-=0	A=0	C=0	
Position 2670:	T=0	G=1	-=0	A=0	C=0	
Position 2671:	T=0	G=0	-=0	A=1	C=0	
Position 2672:	T=0	G=0	-=0	A=0	C=1	
Position 2673:	T=1	G=0	-=0	A=0	C=0	
Position 2674:	T=0	G=0	-=0	A=1	C=0	
Position 2675:	T=0	G=1	-=0	A=0	C=0	
Position 2676:	T=1	G=0	-=0	A=0	C=0	
Position 2677:	T=0	G=0	-=0	A=1	C=0	
Position 2678:	T=0	G=0	-=0	A=0	C=1	
Position 2679:	T=0	G=0	-=0	A=0	C=1	
Position 2680:	T=0	G=0	-=0	A=0	C=1	
Position 2681:	T=0	G=1	-=0	A=0	C=0	
Position 2682:	T=0	G=0	-=0	A=1	C=0	
Position 2683:	T=0	G=0	-=0	A=1	C=0	
Position 2684:	T=0	G=0	-=0	A=1	C=0	
Position 2685:	T=1	G=0	-=0	A=0	C=0	
Position 2686:	T=0	G=0	-=0	A=1	C=0	
Position 2687:	T=0	G=0	-=0	A=1	C=0	
Position 2688:	T=1	G=0	-=0	A=0	C=0	
Position 2689:	T=0	G=0	-=0	A=1	C=0	
Position 2690:	T=0	G=0	-=0	A=0	C=1	
Position 2691:	T=0	G=0	C=0	-=0	A=0	
Position 2692:	T=1	G=0	-=0	A=0	C=0	
Position 2693:	T=1	G=0	-=0	A=0	C=0	
Position 2694:	T=0	G=0	-=0	A=1	C=0	
Position 2695:	T=0	G=0	-=0	A=1	C=0	
Position 2696:	T=0	G=0	-=0	A=1	C=0	
Position 2697:	T=1	G=0	-=0	A=0	C=0	
Position 2698:	T=1	G=0	-=0	A=0	C=0	
Position 2699:	T=0	G=0	-=0	A=1	C=0	
Position 2700:	T=0	G=0	-=0	A=1	C=0	
Position 2701:	T=0	G=0	-=0	A=1	C=0	
Position 2702:	T=1	G=0	-=0	A=0	C=0	
Position 2703:	T=0	G=0	-=0	A=1	C=0	
Position 2704:	T=0	G=1	-=0	A=0	C=0	
Position 2705:	T=0	G=0	-=0	A=1	C=0	
Position 2706:	T=0	G=0	-=0	A=1	C=0	
Position 2707:	T=0	G=0	-=0	A=0	C=1	
Position 2708:	T=0	G=1	-=0	A=0	C=0	
Position 2709:	T=0	G=0	-=0	A=0	C=1	
Position 2710:	T=0	G=0	-=0	A=0	C=1	
Position 2711:	T=1	G=0	-=0	A=0	C=0	
Position 2712:	T=1	G=0	-=0	A=0	C=0	
Position 2713:	T=0	G=1	-=0	A=0	C=0	
Position 2714:	T=1	G=0	-=0	A=0	C=0	
Position 2715:	T=0	G=0	-=0	A=1	C=0	
Position 2716:	T=0	G=1	-=0	A=0	C=0	
Position 2717:	T=0	G=0	-=0	A=0	C=1	
Position 2718:	T=0	G=0	-=0	A=0	C=1	
Position 2719:	T=0	G=1	-=0	A=0	C=0	
Position 2720:	T=0	G=1	-=0	A=0	C=0	
Position 2721:	T=0	G=0	-=0	A=0	C=1	
Position 2722:	T=0	G=0	-=0	A=0	C=1	
Position 2723:	T=1	G=0	-=0	A=0	C=0	
Position 2724:	T=1	G=0	-=0	A=0	C=0	
Position 2725:	T=1	G=0	-=0	A=0	C=0	
Position 2726:	T=0	G=0	-=0	A=1	C=0	
Position 2727:	T=0	G=0	-=0	A=0	C=1	
Position 2728:	T=0	G=0	-=0	A=1	C=0	
Position 2729:	T=1	G=0	-=0	A=0	C=0	
Position 2730:	T=1	G=0	-=0	A=0	C=0	
Position 2731:	T=0	G=0	-=0	A=0	C=1	
Position 2732:	T=1	G=0	-=0	A=0	C=0	
Position 2733:	T=0	G=1	-=0	A=0	C=0	
Position 2734:	T=1	G=0	-=0	A=0	C=0	
Position 2735:	T=1	G=0	-=0	A=0	C=0	
Position 2736:	T=1	G=0	-=0	A=0	C=0	
Position 2737:	T=1	G=0	-=0	A=0	C=0	
Position 2738:	T=0	G=0	-=0	A=1	C=0	
Position 2739:	T=1	G=0	-=0	A=0	C=0	
Position 2740:	T=0	G=0	-=0	A=1	C=0	
Position 2741:	T=0	G=1	-=0	A=0	C=0	
Position 2742:	T=0	G=0	-=0	A=1	C=0	
Position 2743:	T=0	G=0	-=0	A=0	C=1	
Position 2744:	T=1	G=0	-=0	A=0	C=0	
Position 2745:	T=0	G=0	-=0	A=1	C=0	
Position 2746:	T=0	G=1	-=0	A=0	C=0	
Position 2747:	T=0	G=1	-=0	A=0	C=0	
Position 2748:	T=0	G=1	-=0	A=0	C=0	
Position 2749:	T=0	G=1	-=0	A=0	C=0	
Position 2750:	T=0	G=1	-=0	A=0	C=0	
Position 2751:	T=0	G=1	-=0	A=0	C=0	
Position 2752:	T=2	G=0	-=0	A=0	C=0	
Position 2753:	T=1	G=0	-=0	A=0	C=1	
Position 2754:	T=2	G=0	-=0	A=0	C=0	
Position 2755:	T=0	G=0	-=0	A=0	C=2	
Position 2756:	T=2	G=0	-=0	A=0	C=0	
Position 2757:	T=2	G=0	-=0	A=0	C=0	
Position 2758:	T=0	G=2	-=0	A=0	C=0	
Position 2759:	T=0	G=0	-=0	A=0	C=2	
Position 2760:	T=0	G=0	-=0	A=2	C=0	
Position 2761:	T=2	G=0	-=0	A=0	C=0	
Position 2762:	T=2	G=0	-=0	A=0	C=0	
Position 2763:	T=0	G=0	-=0	A=2	C=0	
Position 2764:	T=0	G=0	-=0	A=0	C=2	
Position 2765:	T=2	G=0	-=0	A=0	C=0	
Position 2766:	T=0	G=0	-=0	A=2	C=0	
Position 2767:	T=0	G=2	-=0	A=0	C=0	
Position 2768:	T=2	G=0	-=0	A=0	C=0	
Position 2769:	T=2	G=0	-=0	A=0	C=0	
Position 2770:	T=0	G=2	-=0	A=0	C=0	
Position 2771:	T=0	G=0	-=0	A=0	C=2	
Position 2772:	T=0	G=0	-=0	A=2	C=0	
Position 2773:	T=0	G=0	-=0	A=0	C=2	
Position 2774:	T=2	G=0	-=0	A=0	C=0	
Position 2775:	T=0	G=2	-=0	A=0	C=0	
Position 2776:	T=0	G=0	-=0	A=0	C=2	
Position 2777:	T=2	G=0	-=0	A=0	C=0	
Position 2778:	T=0	G=0	-=0	A=2	C=0	
Position 2779:	T=0	G=0	-=0	A=0	C=2	
Position 2780:	T=0	G=0	-=0	A=1	C=0	
Position 2781:	T=0	G=0	-=0	A=0	C=1	
Position 2782:	T=0	G=0	-=0	A=1	C=0	
Position 2783:	T=0	G=0	-=0	A=0	C=1	
Position 2784:	T=0	G=1	-=0	A=0	C=0	
Position 2785:	T=0	G=0	-=0	A=0	C=1	
Position 2786:	T=0	G=0	-=0	A=0	C=1	
Position 2787:	T=0	G=0	-=0	A=1	C=0	
Position 2788:	T=0	G=0	-=0	A=1	C=0	
Position 2789:	T=0	G=0	-=0	A=1	C=0	
Position 2790:	T=0	G=0	C=0	-=0	A=0	
Position 2791:	T=0	G=0	-=0	A=1	C=0	
Position 2792:	T=0	G=1	-=0	A=0	C=0	
Position 2793:	T=0	G=0	-=0	A=0	C=1	
Position 2794:	T=1	G=0	-=0	A=0	C=0	
Position 2795:	T=1	G=0	-=0	A=0	C=0	
Position 2796:	T=0	G=0	-=0	A=0	C=1	
Position 2797:	T=0	G=0	-=0	A=1	C=0	
Position 2798:	T=1	G=0	-=0	A=0	C=0	
Position 2799:	T=0	G=1	-=0	A=0	C=0	
Position 2800:	T=0	G=0	-=0	A=2	C=0	
Position 2801:	T=0	G=0	-=0	A=0	C=2	
Position 2802:	T=2	G=0	-=0	A=0	C=0	
Position 2803:	T=0	G=0	-=0	A=2	C=0	
Position 2804:	T=0	G=0	-=0	A=0	C=2	
Position 2805:	T=2	G=0	-=0	A=0	C=0	
Position 2806:	T=2	G=0	-=0	A=0	C=0	
Position 2807:	T=0	G=0	-=0	A=2	C=0	
Position 2808:	T=0	G=0	-=0	A=0	C=2	
Position 2809:	T=0	G=0	-=0	A=2	C=0	
Position 2810:	T=0	G=0	-=0	A=2	C=0	
Position 2811:	T=0	G=2	-=0	A=0	C=0	
Position 2812:	T=2	G=0	-=0	A=0	C=0	
Position 2813:	T=0	G=0	-=0	A=0	C=2	
Position 2814:	T=2	G=0	-=0	A=0	C=0	
Position 2815:	T=0	G=0	-=0	A=0	C=2	
Position 2816:	T=0	G=0	-=0	A=2	C=0	
Position 2817:	T=0	G=0	-=0	A=0	C=2	
Position 2818:	T=2	G=0	-=0	A=0	C=0	
Position 2819:	T=0	G=0	-=0	A=2	C=0	
Position 2820:	T=0	G=0	-=0	A=2	C=0	
Position 2821:	T=2	G=0	-=0	A=0	C=0	
Position 2822:	T=0	G=0	-=0	A=0	C=2	
Position 2823:	T=2	G=0	-=0	A=0	C=0	
Position 2824:	T=0	G=0	-=0	A=2	C=0	
Position 2825:	T=0	G=2	-=0	A=0	C=0	
Position 2826:	T=0	G=0	-=0	A=0	C=2	
Position 2827:	T=0	G=0	-=0	A=2	C=0	
Position 2828:	T=0	G=0	-=0	A=0	C=2	
Position 2829:	T=0	G=2	-=0	A=0	C=0	
Position 2830:	T=0	G=0	-=0	A=0	C=2	
Position 2831:	T=0	G=0	-=0	A=0	C=2	
Position 2832:	T=0	G=0	-=0	A=0	C=2	
Position 2833:	T=0	G=0	-=0	A=2	C=0	
Position 2834:	T=0	G=0	-=0	A=0	C=2	
Position 2835:	T=0	G=0	-=0	A=0	C=2	
Position 2836:	T=0	G=2	-=0	A=0	C=0	
Position 2837:	T=0	G=0	-=0	A=2	C=0	
Position 2838:	T=0	G=0	-=0	A=0	C=2	
Position 2839:	T=0	G=0	-=0	A=0	C=2	
Position 2840:	T=0	G=0	-=0	A=2	C=0	
Position 2841:	T=2	G=0	-=0	A=0	C=0	
Position 2842:	T=0	G=0	-=0	A=0	C=2	
Position 2843:	T=0	G=0	-=0	A=1	C=0	
Position 2844:	T=0	G=0	-=0	A=1	C=0	
Position 2845:	T=0	G=0	-=0	A=0	C=1	
Position 2846:	T=0	G=0	-=0	A=0	C=1	
Position 2847:	T=1	G=0	-=0	A=0	C=0	
Position 2848:	T=1	G=0	-=0	A=0	C=0	
Position 2849:	T=1	G=0	-=0	A=0	C=0	
Position 2850:	T=1	G=0	-=0	A=0	C=0	
Position 2851:	T=0	G=0	-=0	A=0	C=1	
Position 2852:	T=0	G=1	-=0	A=0	C=0	
Position 2853:	T=1	G=0	-=0	A=0	C=0	
Position 2854:	T=0	G=0	-=0	A=1	C=0	
Position 2855:	T=0	G=0	-=0	A=0	C=1	
Position 2856:	T=0	G=0	-=0	A=1	C=0	
Position 2857:	T=0	G=0	-=0	A=1	C=0	
Position 2858:	T=0	G=0	-=0	A=0	C=1	
Position 2859:	T=1	G=0	-=0	A=0	C=0	
Position 2860:	T=0	G=1	-=0	A=0	C=0	
Position 2861:	T=0	G=1	-=0	A=0	C=0	
Position 2862:	T=1	G=0	-=0	A=0	C=0	
Position 2863:	T=1	G=0	-=0	A=0	C=0	
Position 2864:	T=0	G=1	-=0	A=0	C=0	
Position 2865:	T=0	G=1	-=0	A=0	C=0	
Position 2866:	T=0	G=0	C=0	-=0	A=0	
Position 2867:	T=0	G=0	-=0	A=1	C=0	
Position 2868:	T=0	G=0	-=0	A=1	C=0	
Position 2869:	T=1	G=0	-=0	A=0	C=0	
Position 2870:	T=1	G=0	-=0	A=0	C=0	
Position 2871:	T=0	G=0	-=0	A=1	C=0	
Position 2872:	T=0	G=0	-=0	A=1	C=0	
Position 2873:	T=0	G=0	-=0	A=0	C=1	
Position 2874:	T=0	G=0	-=0	A=1	C=0	
Position 2875:	T=0	G=0	-=0	A=0	C=1	
Position 2876:	T=0	G=0	-=0	A=1	C=0	
Position 2877:	T=0	G=0	-=0	A=0	C=1	
Position 2878:	T=0	G=0	-=0	A=1	C=0	
Position 2879:	T=0	G=0	-=0	A=1	C=0	
Position 2880:	T=0	G=0	-=0	A=0	C=1	
Position 2881:	T=0	G=1	-=0	A=0	C=0	
Position 2882:	T=0	G=0	-=0	A=1	C=0	
Position 2883:	T=0	G=1	-=0	A=0	C=0	
Position 2884:	T=0	G=1	-=0	A=0	C=0	
Position 2885:	T=0	G=0	-=0	A=0	C=1	
Position 2886:	T=0	G=0	-=0	A=1	C=0	
Position 2887:	T=0	G=0	-=0	A=0	C=1	
Position 2888:	T=1	G=0	-=0	A=0	C=0	
Position 2889:	T=0	G=1	-=0	A=0	C=0	
Position 2890:	T=0	G=1	-=0	A=0	C=0	
Position 2891:	T=0	G=0	-=0	A=0	C=1	
Position 2892:	T=0	G=0	-=0	A=1	C=0	
Position 2893:	T=0	G=0	-=0	A=0	C=1	
Position 2894:	T=0	G=1	-=0	A=0	C=0	
Position 2895:	T=0	G=0	-=0	A=1	C=0	
Position 2896:	T=0	G=0	-=0	A=1	C=0	
Position 2897:	T=0	G=0	-=0	A=1	C=0	
Position 2898:	T=0	G=0	-=0	A=0	C=1	
Position 2899:	T=0	G=0	-=0	A=1	C=0	
Position 2900:	T=1	G=0	-=0	A=0	C=0	
Position 2901:	T=0	G=1	-=0	A=0	C=0	
Position 2902:	T=1	G=0	-=0	A=0	C=0	
Position 2903:	T=0	G=0	-=0	A=0	C=1	
Position 2904:	T=0	G=0	-=0	A=1	C=0	
Position 2905:	T=0	G=0	-=0	A=1	C=0	
Position 2906:	T=0	G=0	C=0	-=0	A=0	
Position 2907:	T=0	G=1	-=0	A=0	C=0	
Position 2908:	T=1	G=0	-=0	A=0	C=0	
Position 2909:	T=0	G=0	-=0	A=0	C=1	
Position 2910:	T=0	G=0	-=0	A=0	C=1	
Position 2911:	T=0	G=0	-=0	A=1	C=0	
Position 2912:	T=1	G=0	-=0	A=0	C=0	
Position 2913:	T=1	G=0	-=0	A=0	C=0	
Position 2914:	T=1	G=0	-=0	A=0	C=0	
Position 2915:	T=1	G=0	-=0	A=0	C=0	
Position 2916:	T=0	G=1	-=0	A=0	C=0	
Position 2917:	T=0	G=0	-=0	A=0	C=1	
Position 2918:	T=0	G=1	-=0	A=0	C=0	
Position 2919:	T=0	G=1	-=0	A=0	C=0	
Position 2920:	T=1	G=0	-=0	A=0	C=0	
Position 2921:	T=0	G=0	-=0	A=1	C=0	
Position 2922:	T=0	G=0	-=0	A=1	C=0	
Position 2923:	T=0	G=0	-=0	A=1	C=0	
Position 2924:	T=1	G=0	-=0	A=0	C=0	
Position 2925:	T=0	G=0	-=0	A=1	C=0	
Position 2926:	T=1	G=0	-=0	A=0	C=0	
Position 2927:	T=0	G=0	-=0	A=1	C=0	
Position 2928:	T=0	G=1	-=0	A=0	C=0	
Position 2929:	T=1	G=0	-=0	A=0	C=0	
Position 2930:	T=1	G=0	-=0	A=0	C=0	
Position 2931:	T=1	G=0	-=0	A=0	C=0	
Position 2932:	T=0	G=0	-=0	A=1	C=0	
Position 2933:	T=0	G=0	-=0	A=1	C=0	
Position 2934:	T=1	G=0	-=0	A=0	C=0	
Position 2935:	T=0	G=0	-=0	A=1	C=0	
Position 2936:	T=0	G=0	-=0	A=0	C=1	
Position 2937:	T=0	G=0	-=0	A=1	C=0	
Position 2938:	T=1	G=0	-=0	A=0	C=0	
Position 2939:	T=0	G=0	-=0	A=0	C=1	
Position 2940:	T=0	G=0	-=0	A=0	C=1	
Position 2941:	T=1	G=0	-=0	A=0	C=0	
Position 2942:	T=1	G=0	-=0	A=0	C=0	
Position 2943:	T=1	G=0	-=0	A=0	C=0	
Position 2944:	T=1	G=0	-=0	A=0	C=0	
Position 2945:	T=0	G=1	-=0	A=0	C=0	
Position 2946:	T=0	G=0	-=0	A=1	C=0	
Position 2947:	T=1	G=0	-=0	A=0	C=0	
Position 2948:	T=1	G=0	-=0	A=0	C=0	
Position 2949:	T=0	G=1	-=0	A=0	C=0	
Position 2950:	T=1	G=0	-=0	A=0	C=0	
Position 2951:	T=0	G=1	-=0	A=0	C=0	
Position 2952:	T=0	G=0	-=0	A=1	C=0	
Position 2953:	T=0	G=0	-=0	A=1	C=0	
Position 2954:	T=1	G=0	-=0	A=0	C=0	
Position 2955:	T=0	G=0	-=0	A=0	C=1	
Position 2956:	T=1	G=0	-=0	A=0	C=0	
Position 2957:	T=0	G=0	-=0	A=1	C=0	
Position 2958:	T=0	G=0	-=0	A=1	C=0	
Position 2959:	T=1	G=0	-=0	A=0	C=0	
Position 2960:	T=0	G=0	-=0	A=1	C=0	
Position 2961:	T=1	G=0	-=0	A=0	C=0	
Position 2962:	T=1	G=0	-=0	A=0	C=0	
Position 2963:	T=0	G=0	-=0	A=1	C=0	
Position 2964:	T=0	G=0	-=0	A=1	C=0	
Position 2965:	T=0	G=0	-=0	A=1	C=0	
Position 2966:	T=0	G=0	-=0	A=1	C=0	
Position 2967:	T=0	G=1	-=0	A=0	C=0	
Position 2968:	T=0	G=0	-=0	A=0	C=1	
Position 2969:	T=0	G=0	-=0	A=0	C=1	
Position 2970:	T=0	G=0	-=0	A=1	C=0	
Position 2971:	T=0	G=0	-=0	A=1	C=0	
Position 2972:	T=0	G=0	-=0	A=1	C=0	
Position 2973:	T=0	G=1	-=0	A=0	C=0	
Position 2974:	T=0	G=0	-=0	A=1	C=0	
Position 2975:	T=0	G=0	-=0	A=0	C=1	
Position 2976:	T=1	G=0	-=0	A=0	C=0	
Position 2977:	T=1	G=0	-=0	A=0	C=0	
Position 2978:	T=0	G=0	-=0	A=1	C=0	
Position 2979:	T=0	G=0	C=0	-=0	A=0	
