pos	refBase	base	qual	avgmapq	cov	supp	pa	pc	pg	pt
1	G	N	0	0	0	0	0.0	0.0	0.0	0.0
2	G	G	10.2494	37	1	1	0.138884	0.138884	10.2494	0.138885
3	T	T	6.14845	37	1	1	0.11583	0.915746	0.11583	6.14845
4	T	T	6.73871	37	1	1	0.120614	0.742333	0.120615	6.73871
5	C	C	9.56552	37	1	1	0.163019	9.56552	0.163018	0.163018
6	G	G	10.2494	37	1	1	0.138884	0.138884	10.2494	0.138885
7	T	T	10.2493	37	1	1	0.138884	0.138885	0.138885	10.2493
8	T	T	10.2493	37	1	1	0.138884	0.138885	0.138885	10.2493
9	T	T	18.5424	37	2	2	0.00517557	0.0506995	0.00517563	18.5424
10	G	G	24.4242	37	2	2	0.00523007	0.00523006	24.4242	0.0052301
11	T	T	20.3347	37	2	2	0.00520041	0.0299159	0.00520047	20.3347
12	T	T	26.2324	37	3	3	0.000181889	0.0099882	0.000181893	26.2324
13	C	C	37.1008	37	4	3	2.75132e-05	37.1008	2.75128e-05	0.000791699
14	A	A	82.7678	37	6	6	82.7678	7.65413e-09	7.65392e-09	7.65388e-09
15	A	A	82.7678	37	6	6	82.7678	7.65413e-09	7.65392e-09	7.65388e-09
16	C	C	42.9631	37	6	4	2.64521e-07	42.9631	2.64517e-07	0.000218995
17	G	G	97.3576	37	7	7	2.66011e-10	2.66009e-10	97.3576	2.66016e-10
18	A	A	97.3576	37	7	7	97.3576	2.6602e-10	2.66012e-10	2.6601e-10
19	T	T	98.7889	37	8	8	9.24516e-12	5.55489e-10	9.2456e-12	98.7889
20	T	T	100.302	37	8	8	9.24532e-12	3.86585e-10	9.24588e-12	100.302
21	A	A	111.947	37	8	8	111.947	9.24557e-12	9.24524e-12	9.24516e-12
22	A	A	111.947	37	8	8	111.947	9.24557e-12	9.24524e-12	9.24516e-12
23	A	A	111.939	37	8	8	111.939	9.26979e-12	9.26095e-12	9.25927e-12
24	G	G	111.947	37	8	8	9.24521e-12	9.2451e-12	111.947	9.2454e-12
25	T	T	111.947	37	8	8	9.24516e-12	9.24536e-12	9.2456e-12	111.947
26	C	C	111.947	37	8	8	9.24566e-12	111.947	9.24519e-12	9.24547e-12
27	C	C	124.892	37	9	9	4.69288e-13	124.892	4.69263e-13	4.69277e-13
28	T	T	127.402	37	10	10	1.11697e-14	7.67567e-13	1.11724e-14	127.402
29	A	A	141.126	37	10	10	141.126	1.11724e-14	1.11703e-14	1.117e-14
30	C	C	139.477	37	10	10	1.63292e-14	139.477	1.63281e-14	1.63286e-14
31	G	G	123.701	37	10	9	1.73175e-12	6.01862e-14	123.701	6.01884e-14
32	T	T	143.162	37	11	11	3.88144e-16	2.01919e-14	3.88144e-16	143.162
33	G	G	154.858	37	11	11	4.72712e-16	4.72712e-16	154.858	4.73254e-16
34	A	A	165.621	37	12	12	165.621	1.35525e-17	9.21572e-17	1.35525e-17
35	T	T	159.013	37	12	12	1.35525e-17	5.18249e-16	1.35525e-17	159.013
36	C	C	138.299	37	11	10	2.08817e-15	138.299	2.08817e-15	6.00713e-14
37	T	T	151.574	37	11	11	3.88144e-16	2.24674e-15	3.88144e-16	151.574
38	C	C	155.007	37	11	11	4.56991e-16	155.007	4.56991e-16	4.56991e-16
39	A	A	159.618	37	12	12	159.618	1.35525e-17	4.47233e-16	1.35525e-17
40	G	G	168.534	37	12	12	2.05998e-17	2.05998e-17	168.534	2.00577e-17
41	T	T	165.958	37	12	12	1.35525e-17	8.29415e-17	1.35525e-17	165.958
42	T	T	151.574	37	11	11	3.88144e-16	2.24674e-15	3.88144e-16	151.574
43	C	C	155.007	37	11	11	4.56991e-16	155.007	4.56991e-16	4.56991e-16
44	A	A	136.984	37	10	10	136.984	1.11684e-14	6.46437e-14	1.11676e-14
45	G	G	140.268	37	10	10	1.36111e-14	1.36111e-14	140.268	1.36116e-14
46	A	A	136.442	37	10	10	136.442	1.11678e-14	7.62094e-14	1.11673e-14
47	C	C	141.127	37	10	10	1.11678e-14	141.127	1.11673e-14	1.11676e-14
48	A	A	126.537	37	9	9	126.537	3.21332e-13	3.21321e-13	3.21315e-13
49	G	G	126.537	37	9	9	3.21323e-13	3.21314e-13	126.537	3.2133e-13
50	G	G	125.92	37	9	9	3.70377e-13	3.70368e-13	125.92	3.70386e-13
51	A	A	122.484	37	9	9	122.484	3.21341e-13	1.80869e-12	3.2132e-13
52	G	G	125.756	37	9	9	3.84638e-13	3.84628e-13	125.756	3.84647e-13
53	C	C	126.537	37	9	9	3.21329e-13	126.537	3.21314e-13	3.21321e-13
54	A	A	113.761	37	9	9	113.761	3.21332e-13	1.76248e-11	3.21315e-13
55	A	A	107.833	37	8	8	107.833	9.24559e-12	5.30333e-11	9.24516e-12
56	T	T	111.947	37	8	8	9.24518e-12	9.24532e-12	9.24562e-12	111.947
57	C	C	111.947	37	8	8	9.24553e-12	111.947	9.24514e-12	9.24534e-12
58	C	C	97.0401	37	7	7	2.91455e-10	97.0401	2.79999e-10	2.87123e-10
59	A	A	93.0089	37	7	7	93.0089	2.66021e-10	1.64016e-09	2.6601e-10
60	G	G	95.5876	37	8	7	1.1216e-09	3.89804e-11	95.5876	3.89817e-11
61	G	G	109.593	37	8	8	1.58998e-11	1.58995e-11	109.593	1.59002e-11
62	T	T	93.0089	37	7	7	2.6601e-10	1.64016e-09	2.66021e-10	93.0089
63	C	C	109.289	37	9	8	1.66225e-12	109.289	1.6622e-12	4.78269e-11
64	G	G	124.845	37	9	9	4.74408e-13	4.74396e-13	124.845	4.7442e-13
65	G	G	107.818	37	9	8	6.71169e-11	2.3326e-12	107.818	2.33269e-12
66	T	T	101.33	37	8	8	9.24516e-12	3.0123e-10	9.24558e-12	101.33
67	T	T	102.296	37	8	8	9.24518e-12	2.37451e-10	9.24561e-12	102.296
68	T	T	120.61	37	9	9	3.21315e-13	3.13117e-12	3.21331e-13	120.61
69	C	C	123.834	37	9	9	5.98833e-13	123.834	5.98796e-13	5.9881e-13
70	T	T	115.165	37	9	9	3.21315e-13	1.25782e-11	3.21331e-13	115.165
71	A	A	126.537	37	9	9	126.537	3.21383e-13	3.21361e-13	3.21344e-13
72	T	T	116.559	37	9	9	3.21315e-13	8.94782e-12	3.21331e-13	116.559
73	C	C	109.111	37	9	8	1.7318e-12	109.111	1.73174e-12	4.98279e-11
74	T	T	126.537	37	9	9	3.21315e-13	3.21319e-13	3.21331e-13	126.537
75	A	A	122.423	37	9	9	122.423	3.21334e-13	1.84318e-12	3.21316e-13
76	T	T	135.2	37	10	10	1.11673e-14	1.08824e-13	1.11678e-14	135.2
77	T	T	141.891	37	11	11	3.88144e-16	2.73205e-14	3.88144e-16	141.891
78	T	T	134.405	37	11	11	3.88144e-16	1.56722e-13	3.88144e-16	134.405
79	A	A	144.841	37	11	11	144.841	3.88144e-16	1.34701e-14	3.88144e-16
80	C	C	153.557	37	11	11	6.38053e-16	153.557	6.38053e-16	6.38053e-16
81	A	A	141.752	37	11	11	141.752	3.88144e-16	2.82364e-14	3.88144e-16
82	T	T	137.566	37	10	10	1.11684e-14	5.3726e-14	1.11697e-14	137.566
83	G	G	126.537	37	9	9	3.21321e-13	3.21314e-13	126.537	3.21329e-13
84	A	A	141.127	37	10	10	141.127	1.11678e-14	1.11676e-14	1.11673e-14
85	G	G	141.127	37	10	10	1.11686e-14	1.11681e-14	141.127	1.11692e-14
86	C	C	115.567	37	10	9	3.9164e-13	115.567	3.91625e-13	1.12684e-11
87	T	T	142.685	37	11	11	3.88144e-16	2.26268e-14	3.88144e-16	142.685
88	C	C	129.325	37	11	10	1.64885e-14	129.325	1.64885e-14	4.74406e-13
89	T	T	151.368	37	11	11	3.88144e-16	2.39311e-15	3.88144e-16	151.368
90	C	C	151.587	37	12	11	9.75782e-17	151.587	9.75782e-17	2.81784e-15
91	C	C	166.817	33.5025	12	12	3.03577e-17	166.817	2.98156e-17	2.98156e-17
92	C	C	153.335	33.5025	12	11	6.50521e-17	153.335	6.50521e-17	1.88434e-15
93	T	T	159.612	33.5025	12	12	1.35525e-17	4.47775e-16	1.35525e-17	159.612
94	G	G	169.248	33.5025	12	12	1.73472e-17	1.73472e-17	169.248	1.73472e-17
95	T	T	159.658	33.5025	12	12	1.35525e-17	4.42897e-16	1.35525e-17	159.658
96	A	A	151.664	33.2895	11	11	151.664	3.88144e-16	2.18467e-15	3.88144e-16
97	C	C	180.888	33.6913	13	13	1.0842e-18	180.888	1.0842e-18	1.0842e-18
98	G	G	181.232	33.86	14	13	3.25261e-18	0	181.232	0
99	A	A	186.631	33.86	14	14	186.631	0	1.0842e-18	0
100	T	T	176.212	34.0116	15	15	0	1.02999e-17	0	176.212
101	A	A	208.149	34.0116	15	15	208.149	0	0	0
102	G	G	199.486	33.86	14	14	0	0	199.486	0
103	G	G	199.486	33.86	14	14	0	0	199.486	0
104	A	A	199.486	33.86	14	14	199.486	0	0	0
105	C	C	212.431	34.0116	15	15	0	212.431	0	0
106	A	A	214.076	34.0116	15	15	214.076	0	0	0
107	A	A	210.515	34.0116	15	15	210.515	0	0	0
108	G	G	213.314	34.0116	15	15	0	0	213.314	0
109	A	A	209.962	34.0116	15	15	209.962	0	0	0
110	G	G	212.308	34.0116	15	15	0	0	212.308	0
111	A	A	230.361	34.2735	17	17	230.361	0	0	0
112	A	A	218.432	34.1488	16	16	218.432	0	0	0
113	G	G	196.526	34.2735	17	15	0	0	196.526	0
114	T	T	229.376	34.3875	18	18	0	0	0	229.376
115	A	A	231.349	37	17	17	231.349	0	0	0
116	A	A	229.67	37	17	17	229.67	0	0	0
117	G	G	256.201	37	18	18	0	0	256.201	0
118	G	G	257.846	37	18	18	0	0	257.846	0
119	C	C	255.143	37	19	18	0	255.143	0	0
120	C	C	281.987	37	20	20	0	281.987	0	0
121	T	T	253.833	37	20	20	0	0	0	253.833
122	C	C	268.381	37	20	19	0	268.381	0	0
123	C	C	285.525	37	20	20	0	285.525	0	0
124	C	C	286.315	37	20	20	0	286.315	0	0
125	T	T	287.025	37	20	20	0	0	0	287.025
126	C	C	272.436	37	19	19	0	272.436	0	0
127	G	G	267.578	37	20	19	0	0	267.578	0
128	C	C	285.967	37	20	20	0	285.967	0	0
129	C	C	286.224	37	20	20	0	286.224	0	0
130	A	A	274.696	37	20	20	274.696	0	0	0
131	A	A	271.79	37	20	20	271.79	0	0	0
132	A	A	272.435	37	19	19	272.435	0	0	0
133	G	G	254.557	37	19	18	0	0	254.557	0
134	C	C	270.945	37	19	19	0	270.945	0	0
135	G	G	232.044	37	19	17	0	0	232.044	0
136	C	C	247.118	37	19	18	0	247.118	0	0
137	C	C	265.454	37	19	19	0	265.454	0	0
138	T	T	257.846	37	18	18	0	0	0	257.846
139	T	T	228.666	37	16	16	0	0	0	228.666
140	A	A	209.962	37	15	15	209.962	0	0	0
141	A	A	217.784	37	16	16	217.784	0	0	0
142	G	G	212.307	37	16	15	0	0	212.307	0
143	A	A	203.496	37	15	15	203.496	0	0	0
144	C	C	213.314	37	15	15	0	213.314	0	0
145	C	C	213.459	37	15	15	0	213.459	0	0
146	A	A	179.213	37	14	14	179.213	0	5.42101e-18	0
147	A	A	173.943	37	13	13	173.943	5.42101e-19	1.68051e-17	5.42101e-19
148	T	T	184.897	37	13	13	5.42101e-19	5.42101e-19	5.42101e-19	184.897
149	A	A	155.644	37	13	13	155.644	5.42101e-19	1.18341e-15	5.42101e-19
150	G	G	131.877	37	12	10	2.81168e-13	3.68629e-16	131.877	3.56703e-16
151	A	A	159.353	37	12	12	159.353	1.35525e-17	4.77049e-16	1.35525e-17
152	T	T	171.599	37	13	13	0	2.87314e-17	0	171.599
153	G	G	163.568	37	13	12	1.77809e-16	5.42101e-18	163.568	6.50521e-18
154	A	A	145.1	37	11	11	145.1	3.88144e-16	1.26459e-14	3.88144e-16
155	C	C	154.926	37	11	11	4.65665e-16	154.926	4.65665e-16	4.65665e-16
156	T	T	151.831	37	11	11	3.88144e-16	2.07245e-15	3.88144e-16	151.831
157	T	T	164.379	37	12	12	1.35525e-17	1.31188e-16	1.35525e-17	164.379
158	A	A	136.778	37	10	10	136.778	1.11678e-14	6.88552e-14	1.11673e-14
159	G	G	139.357	37	11	10	4.70858e-14	1.63606e-15	139.357	1.63606e-15
160	T	T	144.423	37	11	11	3.88144e-16	1.49089e-14	3.88144e-16	144.423
161	C	C	139.643	37	10	10	1.57226e-14	139.643	1.57101e-14	1.57139e-14
162	T	T	142.823	37	11	11	3.87873e-16	2.18928e-14	3.88144e-16	142.823
163	A	A	151.031	37	11	11	151.031	3.88144e-16	2.64871e-15	3.88144e-16
164	A	A	149.669	37	11	11	149.669	3.88415e-16	3.9099e-15	3.88144e-16
165	A	A	141.127	37	10	10	141.127	1.11678e-14	1.11676e-14	1.11673e-14
166	C	C	136.153	37	12	10	1.26852e-16	136.153	1.26852e-16	1.05062e-13
167	C	C	181.287	37	13	13	1.0842e-18	181.287	1.0842e-18	1.0842e-18
168	T	T	165.494	37	13	13	5.42101e-19	1.21431e-16	5.42101e-19	165.494
169	A	A	174.316	37	13	13	174.316	5.42101e-19	1.51788e-17	5.42101e-19
170	G	G	167.672	37	13	12	6.93889e-17	2.1684e-18	167.672	2.1684e-18
171	T	T	180.934	37	13	13	0	2.1684e-18	0	180.934
172	A	A	157.752	37	12	12	157.752	1.35525e-17	7.02021e-16	1.35525e-17
173	A	A	151.574	37	11	11	151.574	3.88144e-16	2.24674e-15	3.88144e-16
174	G	G	154.857	37	11	11	4.72712e-16	4.72712e-16	154.857	4.73254e-16
175	T	T	155.717	37	11	11	3.88144e-16	3.88144e-16	3.88144e-16	155.717
176	C	C	181.678	37	13	13	1.0842e-18	181.678	1.0842e-18	1.0842e-18
177	G	G	170.306	37	12	12	1.35525e-17	1.35525e-17	170.306	1.35525e-17
178	A	A	170.306	37	12	12	170.306	1.35525e-17	1.35525e-17	1.35525e-17
179	C	C	168.464	37	13	12	2.1684e-18	168.464	2.1684e-18	5.74627e-17
180	C	C	167.21	37	13	12	2.1684e-18	167.21	2.1684e-18	7.69784e-17
181	C	C	184.037	37	13	13	5.42101e-19	184.037	5.42101e-19	5.42101e-19
182	C	C	184.106	37	13	13	5.42101e-19	184.106	5.42101e-19	5.42101e-19
183	C	C	184.187	37	13	13	5.42101e-19	184.187	5.42101e-19	5.42101e-19
184	A	A	170.307	37	12	12	170.307	1.35525e-17	1.35525e-17	1.35525e-17
185	A	A	170.306	37	12	12	170.306	1.35525e-17	1.35525e-17	1.35525e-17
186	C	C	183.252	37	13	13	5.42101e-19	183.252	5.42101e-19	5.42101e-19
187	G	G	184.279	37	13	13	5.42101e-19	5.42101e-19	184.279	5.42101e-19
188	T	T	180.548	37	13	13	5.42101e-19	2.71051e-18	5.42101e-19	180.548
189	T	T	180.753	37	13	13	5.42101e-19	2.71051e-18	5.42101e-19	180.753
190	G	G	183.076	37	13	13	1.0842e-18	1.0842e-18	183.076	5.42101e-19
191	C	C	184.897	37	13	13	5.42101e-19	184.897	5.42101e-19	5.42101e-19
192	C	C	183.252	37	13	13	5.42101e-19	183.252	5.42101e-19	5.42101e-19
193	C	C	183.835	37	14	13	0	183.835	0	2.1684e-18
194	T	T	177.966	37	14	14	0	7.04731e-18	0	177.966
195	A	A	182.169	37	14	14	182.169	0	2.71051e-18	0
196	G	G	175.71	37	15	13	1.0842e-17	0	175.71	0
197	A	A	193.01	37	15	15	193.01	0	0	0
198	G	G	183.758	37	14	13	2.1684e-18	0	183.758	0
199	A	A	187.366	37	14	14	187.366	0	5.42101e-19	0
200	C	C	167.827	37	13	12	2.1684e-18	167.827	2.1684e-18	6.72205e-17
201	A	A	180.782	37	13	13	180.782	5.42101e-19	2.71051e-18	5.42101e-19
202	G	G	159.137	37	13	12	4.94396e-16	1.73472e-17	159.137	1.73472e-17
203	G	G	182.706	37	13	13	1.0842e-18	1.0842e-18	182.706	5.42101e-19
204	G	G	198.015	37	14	14	0	0	198.015	0
205	C	C	177.791	37	15	13	0	177.791	0	7.58942e-18
206	T	T	194.985	37	15	15	0	0	0	194.985
207	T	T	195.775	37	15	15	0	0	0	195.775
208	G	G	197.051	37	14	14	0	0	197.051	0
209	G	G	183.42	37	13	13	5.42101e-19	5.42101e-19	183.42	5.42101e-19
210	T	T	184.897	37	13	13	5.42101e-19	5.42101e-19	5.42101e-19	184.897
211	T	T	184.897	37	13	13	5.42101e-19	5.42101e-19	5.42101e-19	184.897
212	A	A	165.429	37	12	12	165.429	1.35525e-17	9.75782e-17	1.35525e-17
213	G	G	168.733	37	12	12	1.95156e-17	1.95156e-17	168.733	1.95156e-17
214	G	G	155.717	37	11	11	3.88144e-16	3.88144e-16	155.717	3.88144e-16
215	G	G	155.717	37	11	11	3.88144e-16	3.88144e-16	155.717	3.88144e-16
216	T	T	155.717	37	11	11	3.88144e-16	3.88144e-16	3.88144e-16	155.717
217	G	G	155.717	37	11	11	3.88144e-16	3.88144e-16	155.717	3.88144e-16
218	G	G	169.597	37	12	12	1.6263e-17	1.6263e-17	169.597	1.57209e-17
219	C	C	169.324	37	12	12	1.68051e-17	169.324	1.68051e-17	1.68051e-17
220	A	A	159.431	37	12	12	159.431	1.35525e-17	4.68375e-16	1.35525e-17
221	G	G	168.543	37	12	12	2.05998e-17	2.05998e-17	168.543	2.00577e-17
222	A	A	170.932	37	13	13	170.932	5.42101e-19	3.41524e-17	5.42101e-19
223	G	G	168.733	37	12	12	1.89735e-17	1.89735e-17	168.733	1.95156e-17
224	C	C	154.858	37	11	11	4.73254e-16	154.858	4.73254e-16	4.73254e-16
225	C	C	154.926	37	11	11	4.65665e-16	154.926	4.65665e-16	4.65665e-16
226	C	C	155.007	37	11	11	4.56991e-16	155.007	4.56991e-16	4.56991e-16
227	G	G	154.658	37	11	11	4.94938e-16	4.94938e-16	154.658	4.9548e-16
228	G	G	152.023	37	11	11	9.24824e-16	8.00683e-16	152.023	1.00018e-15
229	A	A	141.09	37	10	10	141.09	1.12906e-14	1.12624e-14	1.12364e-14
230	G	G	116.427	37	10	9	9.24549e-12	3.21316e-13	116.427	3.21334e-13
231	A	A	141.127	37	10	10	141.127	1.11684e-14	1.11678e-14	1.11676e-14
232	T	T	149.79	37	11	11	3.88144e-16	3.78224e-15	3.88144e-16	149.79
233	T	T	150.839	37	11	11	3.87873e-16	2.80348e-15	3.88144e-16	150.839
234	G	G	184.279	37	13	13	5.42101e-19	5.42101e-19	184.279	5.42101e-19
235	C	C	166.793	37	13	12	3.25261e-18	166.793	3.25261e-18	8.45678e-17
236	A	A	174.955	37	13	13	174.955	5.42101e-19	1.30104e-17	5.42101e-19
237	T	T	174.165	37	13	13	5.42101e-19	1.57209e-17	5.42101e-19	174.165
238	A	A	164.662	37	13	13	164.662	5.42101e-19	1.47451e-16	5.42101e-19
239	A	A	152.039	37	12	12	152.039	1.35525e-17	2.68882e-15	1.35525e-17
240	A	A	163.666	37	13	13	163.666	5.42101e-19	1.85941e-16	5.42101e-19
241	A	A	157.451	37	12	12	157.451	1.35525e-17	7.54063e-16	1.35525e-17
242	C	C	154.936	37	11	11	4.64581e-16	154.936	4.64581e-16	4.64581e-16
243	T	T	151.664	37	11	11	3.88144e-16	2.18467e-15	3.88144e-16	151.664
244	T	T	137.566	37	10	10	1.11673e-14	5.37247e-14	1.11678e-14	137.566
245	A	A	137.013	37	10	10	137.013	1.11678e-14	6.40595e-14	1.11673e-14
246	A	A	136.249	37	10	10	136.249	1.11686e-14	8.06728e-14	1.11678e-14
247	C	C	154.143	37	11	11	5.57822e-16	154.143	5.57822e-16	5.57822e-16
248	C	C	140.069	37	10	10	1.42502e-14	140.069	1.42491e-14	1.42497e-14
249	C	C	153.291	37	11	11	6.78711e-16	153.291	6.78711e-16	6.78711e-16
250	T	T	144.423	37	11	11	3.87873e-16	1.49086e-14	3.88144e-16	144.423
251	T	T	145.483	37	11	11	3.88144e-16	1.15126e-14	3.88144e-16	145.483
252	T	T	136.984	37	10	10	1.1167e-14	6.4642e-14	1.11678e-14	136.984
253	A	A	141.127	37	10	10	141.127	1.11678e-14	1.11676e-14	1.11673e-14
254	T	T	141.127	37	10	10	1.11673e-14	1.11676e-14	1.11678e-14	141.127
255	A	A	155.717	37	11	11	155.717	3.88144e-16	3.88144e-16	3.88144e-16
256	C	C	167.675	37	12	12	2.49366e-17	167.675	2.49366e-17	2.49366e-17
257	T	T	158.699	37	12	12	1.35525e-17	5.58906e-16	1.35525e-17	158.699
258	C	C	168.764	37	12	12	1.89735e-17	168.764	1.89735e-17	1.89735e-17
259	A	A	199.486	37	14	14	199.486	0	0	0
260	G	G	199.486	37	14	14	0	0	199.486	0
261	A	A	214.076	37	15	15	214.076	0	0	0
262	G	G	214.076	37	15	15	0	0	214.076	0
263	G	G	214.076	37	15	15	0	0	214.076	0
264	G	G	214.076	37	15	15	0	0	214.076	0
265	T	T	210.191	37	15	15	0	0	0	210.191
266	C	C	214.076	37	15	15	0	214.076	0	0
267	A	A	203.459	37	15	15	203.459	0	0	0
268	A	A	203.122	37	15	15	203.122	0	0	0
269	A	A	201.747	37	15	15	201.747	0	0	0
270	T	T	222.62	37	16	16	0	0	0	222.62
271	C	C	198.504	37	14	14	0	198.504	0	0
272	C	C	173.759	37	14	13	0	173.759	0	1.73472e-17
273	T	T	195.343	37	14	14	0	0	0	195.343
274	C	C	211.791	37	15	15	0	211.791	0	0
275	T	T	209.198	37	15	15	0	0	0	209.198
276	C	C	213.071	37	15	15	0	213.071	0	0
277	C	C	174.024	37	14	13	0	174.024	0	1.51788e-17
278	C	C	198.869	37	14	14	0	198.869	0	0
279	T	T	199.486	37	14	14	0	0	0	199.486
280	A	A	194.609	37	14	14	194.609	0	0	0
281	A	A	208.149	37	15	15	208.149	0	0	0
282	C	C	198.504	37	14	14	0	198.504	0	0
283	A	A	214.076	37	15	15	214.076	0	0	0
284	C	C	197.173	37	15	14	0	197.173	0	0
285	T	T	213.388	37	17	17	0	0	0	213.388
286	A	A	218.166	37	17	17	218.166	0	0	0
287	T	T	225.978	37	17	17	0	0	0	225.978
288	G	G	238.789	37	17	17	0	0	238.789	0
289	T	T	219.433	37	16	16	0	0	0	219.433
290	T	T	199.486	37	14	14	0	0	0	199.486
291	T	T	184.897	37	13	13	5.42101e-19	5.42101e-19	5.42101e-19	184.897
292	A	A	199.486	37	14	14	199.486	0	0	0
293	T	T	194.801	37	14	14	0	0	0	194.801
294	C	C	198.627	37	14	14	0	198.627	0	0
295	A	A	209.933	37	15	15	209.933	0	0	0
296	T	T	203	37	15	15	0	0	0	203
297	T	T	209.727	37	15	15	0	0	0	209.727
298	A	A	215.752	37	16	16	215.752	0	0	0
299	A	A	209.962	37	15	15	209.962	0	0	0
300	C	C	197.276	37	15	14	0	197.276	0	0
301	A	A	216.111	37	16	16	216.111	0	0	0
302	T	T	202.766	37	15	15	0	0	0	202.766
303	T	T	215.806	37	16	16	0	0	0	215.806
304	A	A	223.98	37	16	16	223.98	0	0	0
305	T	T	218.725	37	16	16	0	0	0	218.725
306	C	C	213.314	37	15	15	0	213.314	0	0
307	T	T	210.515	37	15	15	0	0	0	210.515
308	C	C	214.076	37	15	15	0	214.076	0	0
309	A	A	201.522	37	15	15	201.522	0	0	0
310	C	C	199.486	37	14	14	0	199.486	0	0
311	T	T	199.486	37	14	14	0	0	0	199.486
312	A	A	194.801	37	14	14	194.801	0	0	0
313	G	G	184.817	37	14	13	1.0842e-18	0	184.817	0
314	T	T	193.559	37	14	14	0	0	0	193.559
315	C	C	211.444	37	15	15	0	211.444	0	0
316	G	G	226.413	37	16	16	0	0	226.413	0
317	T	T	214.458	37	17	17	0	0	0	214.458
318	G	G	217.712	37	18	16	0	0	217.712	0
319	C	C	240.037	37	17	17	0	240.037	0	0
320	C	C	226.506	37	16	16	0	226.506	0	0
321	C	C	212.697	37	15	15	0	212.697	0	0
322	A	A	189.032	37	15	15	189.032	0	5.42101e-19	0
323	T	T	170.307	37	12	12	1.35525e-17	1.35525e-17	1.35525e-17	170.307
324	T	T	170.307	37	12	12	1.35525e-17	1.35525e-17	1.35525e-17	170.307
325	C	C	170.307	37	12	12	1.35525e-17	170.307	1.35525e-17	1.35525e-17
326	T	T	170.307	37	12	12	1.35525e-17	1.35525e-17	1.35525e-17	170.307
327	C	C	170.307	37	12	12	1.35525e-17	170.307	1.35525e-17	1.35525e-17
328	C	C	170.307	37	12	12	1.35525e-17	170.307	1.35525e-17	1.35525e-17
329	T	T	170.044	37	12	12	1.40946e-17	1.40946e-17	1.46367e-17	170.044
330	C	C	155.494	37	12	11	3.95734e-17	155.494	3.95734e-17	1.146e-15
331	G	G	165.168	37	12	12	4.33681e-17	4.33681e-17	165.168	4.44523e-17
332	C	C	140.346	37	10	10	1.33688e-14	140.346	1.33677e-14	1.33682e-14
333	C	C	109.341	37	9	8	1.64255e-12	109.341	1.64248e-12	4.72601e-11
334	G	G	124.892	37	9	9	4.69264e-13	4.69258e-13	124.892	4.69276e-13
335	T	T	111.947	37	8	8	9.24516e-12	9.24536e-12	9.2456e-12	111.947
336	A	A	107.804	37	8	8	107.804	9.24622e-12	5.35179e-11	9.24553e-12
337	G	G	125.678	37	9	9	3.91628e-13	3.91622e-13	125.678	3.91638e-13
338	C	C	138.275	37	11	10	2.09902e-15	138.275	2.09902e-15	6.0402e-14
339	C	C	89.0174	37	11	8	2.28595e-13	89.0174	2.28589e-13	5.44517e-09
340	T	T	122.744	37	10	10	1.11673e-14	2.28627e-12	1.11678e-14	122.744
341	T	T	128.048	37	11	11	3.88144e-16	6.79948e-13	3.88144e-16	128.048
342	C	C	133.609	37	12	10	2.27682e-16	133.609	2.27682e-16	1.88709e-13
343	T	T	158.4	37	12	12	1.35525e-17	6.00648e-16	1.35525e-17	158.4
344	T	T	164.399	37	13	13	5.42101e-19	1.56667e-16	5.42101e-19	164.399
345	A	A	184.896	37	13	13	184.896	5.42101e-19	5.42101e-19	5.42101e-19
346	A	A	181.012	37	13	13	181.012	5.42101e-19	2.71051e-18	5.42101e-19
347	C	C	184.106	37	13	13	5.42101e-19	184.106	5.42101e-19	5.42101e-19
348	A	A	181.065	37	14	14	181.065	0	3.25261e-18	0
349	C	C	198.504	37	14	14	0	198.504	0	0
350	T	T	205.454	37	16	16	0	0	0	205.454
351	A	A	191.266	37	15	15	191.266	0	5.42101e-19	0
352	G	G	167.782	37	13	12	6.83047e-17	3.25261e-18	167.782	2.1684e-18
353	T	T	174.165	37	13	13	5.42101e-19	1.57209e-17	5.42101e-19	174.165
354	G	G	197.149	37	14	14	0	0	197.149	0
355	G	G	198.705	37	14	14	0	0	198.705	0
356	A	A	209.198	37	15	15	209.198	0	0	0
357	G	G	226.383	37	16	16	0	0	226.383	0
358	C	C	193.566	37	15	14	0	193.566	0	0
359	G	G	212.455	37	15	15	0	0	212.455	0
360	A	A	217.294	37	16	16	217.294	0	0	0
361	A	A	214.701	37	16	16	214.701	0	0	0
362	A	A	222.739	37	16	16	222.739	0	0	0
363	A	A	228.666	37	16	16	228.666	0	0	0
364	G	G	228.666	37	16	16	0	0	228.666	0
365	T	T	217.675	37	16	16	0	0	0	217.675
366	A	A	228.666	37	16	16	228.666	0	0	0
367	C	C	203.256	37	16	15	0	203.256	0	0
368	T	T	228.649	37	16	16	0	0	0	228.649
369	G	G	243.256	37	17	17	0	0	243.256	0
370	G	G	243.256	37	17	17	0	0	243.256	0
371	G	G	233.145	37	18	17	0	0	233.145	0
372	C	C	252.734	37	19	18	0	252.734	0	0
373	T	T	253.623	37	19	19	0	0	0	253.623
374	A	A	268.551	37	19	19	268.551	0	0	0
375	T	T	262.034	37	19	19	0	0	0	262.034
376	A	A	268.038	37	19	19	268.038	0	0	0
377	T	T	272.436	37	19	19	0	0	0	272.436
378	A	A	280.979	37	20	20	280.979	0	0	0
379	C	C	271.453	37	19	19	0	271.453	0	0
380	C	C	271.576	37	19	19	0	271.576	0	0
381	A	A	268.551	37	19	19	268.551	0	0	0
382	C	C	271.726	37	19	19	0	271.726	0	0
383	G	G	270.177	37	19	19	0	0	270.177	0
384	T	T	272.436	37	19	19	0	0	0	272.436
385	C	C	243.314	37	20	18	0	243.314	0	0
386	G	G	268.577	37	20	19	0	0	268.577	0
387	T	T	261.064	37	19	19	0	0	0	261.064
388	A	A	246.964	37	18	18	246.964	0	0	0
389	A	A	245.069	37	18	18	245.069	0	0	0
390	T	T	239.371	37	17	17	0	0	0	239.371
391	G	G	194.013	37	17	15	0	0	194.013	0
392	G	G	238.682	37	17	17	0	0	238.682	0
393	A	A	217.003	37	17	17	217.003	0	0	0
394	C	C	226.895	37	17	16	0	226.895	0	0
395	C	C	227.805	37	16	16	0	227.805	0	0
396	A	A	208.149	37	15	15	208.149	0	0	0
397	A	A	195.601	37	14	14	195.601	0	0	0
398	A	A	195.343	37	14	14	195.343	0	0	0
399	C	C	198.696	37	14	14	0	198.696	0	0
400	A	A	194.801	37	14	14	194.801	0	0	0
401	T	T	199.486	37	14	14	0	0	0	199.486
402	A	A	195.926	37	14	14	195.926	0	0	0
403	G	G	196.878	37	15	14	0	0	196.878	0
404	T	T	202.169	37	15	15	0	0	0	202.169
405	A	A	231.939	37	17	17	231.939	0	0	0
406	G	G	240.275	37	17	17	0	0	240.275	0
407	G	G	226.428	37	16	16	0	0	226.428	0
408	A	A	209.967	37	16	16	209.967	0	0	0
409	C	C	240.284	37	17	17	0	240.284	0	0
410	C	C	212.306	37	16	15	0	212.306	0	0
411	C	C	213.217	37	15	15	0	213.217	0	0
412	T	T	195.341	37	14	14	0	0	0	195.341
413	A	A	199.486	37	14	14	199.486	0	0	0
414	T	T	199.486	37	14	14	0	0	0	199.486
415	G	G	174.024	37	14	13	1.73472e-17	2.1684e-18	174.024	0
416	G	G	198.705	37	14	14	0	0	198.705	0
417	T	T	199.486	37	14	14	0	0	0	199.486
418	C	C	199.486	37	14	14	0	199.486	0	0
419	T	T	184.897	37	13	13	5.42101e-19	5.42101e-19	5.42101e-19	184.897
420	C	C	184.895	37	13	13	5.42101e-19	184.895	5.42101e-19	5.42101e-19
421	C	C	184.896	37	13	13	5.42101e-19	184.896	5.42101e-19	5.42101e-19
422	T	T	184.897	37	13	13	5.42101e-19	5.42101e-19	5.42101e-19	184.897
423	A	A	141.511	37	12	12	141.511	1.35525e-17	3.06417e-14	1.35525e-17
424	C	C	140.145	37	10	10	1.40019e-14	140.145	1.40014e-14	1.40014e-14
425	A	A	130.469	37	10	10	130.469	1.11678e-14	3.67462e-13	1.11673e-14
426	A	A	128.56	37	10	10	128.56	1.11684e-14	5.82729e-13	1.11676e-14
427	C	C	123.701	37	10	9	6.01884e-14	123.701	6.01862e-14	1.73175e-12
428	C	C	111.868	37	9	8	9.17989e-13	111.868	9.17961e-13	2.64127e-11
429	T	T	127.541	37	10	10	1.1167e-14	7.42636e-13	1.11678e-14	127.541
430	A	A	155.717	37	11	11	155.717	3.88144e-16	3.88144e-16	3.88144e-16
431	T	T	136.653	37	11	11	3.88144e-16	9.30912e-14	3.88144e-16	136.653
432	C	C	153.464	37	11	11	6.52148e-16	153.464	6.52148e-16	6.52148e-16
433	G	G	131.017	37	11	10	3.21323e-13	1.11673e-14	131.017	1.11684e-14
434	C	C	155.1	37	11	11	4.47233e-16	155.1	4.47233e-16	4.47233e-16
435	A	A	146.484	37	11	11	146.484	3.88144e-16	8.98289e-15	3.88144e-16
436	G	G	154.193	37	11	11	5.51317e-16	5.51317e-16	154.193	5.51317e-16
437	A	A	137.992	37	11	11	137.992	3.88144e-16	6.81809e-14	3.88144e-16
438	T	T	164.38	37	12	12	1.35525e-17	1.31188e-16	1.35525e-17	164.38
439	G	G	167.656	37	13	12	6.93889e-17	2.1684e-18	167.656	2.1684e-18
440	C	C	166.709	37	12	12	3.08998e-17	166.709	3.08998e-17	3.08998e-17
441	T	T	151.608	37	12	12	1.35525e-17	2.97234e-15	1.35525e-17	151.608
442	A	A	155.717	37	11	11	155.717	3.88144e-16	3.88144e-16	3.88144e-16
443	G	G	138.29	37	11	10	6.0196e-14	2.09143e-15	138.29	2.09251e-15
444	A	A	159.906	37	12	12	159.906	1.35525e-17	4.16876e-16	1.35525e-17
445	A	A	167.27	37	13	13	167.27	5.42101e-19	8.0231e-17	5.42101e-19
446	A	A	165.657	37	13	13	165.657	5.42101e-19	1.17094e-16	5.42101e-19
447	A	A	150.529	37	13	12	150.529	6.72205e-17	3.76652e-15	1.0842e-17
448	C	C	181.823	37	13	13	1.0842e-18	181.823	1.0842e-18	1.0842e-18
449	T	T	158.997	37	12	12	1.35525e-17	5.19875e-16	1.35525e-17	158.997
450	T	T	151.603	37	11	11	3.88144e-16	2.22641e-15	3.88144e-16	151.603
451	T	T	151.664	37	11	11	3.88144e-16	2.18467e-15	3.88144e-16	151.664
452	T	T	158.187	37	12	12	1.35525e-17	6.3209e-16	1.35525e-17	158.187
453	T	T	165.429	37	12	12	1.35525e-17	9.75782e-17	1.35525e-17	165.429
454	A	A	166.253	37	12	12	166.253	1.35525e-17	7.58942e-17	1.35525e-17
455	C	C	182.561	37	13	13	5.42101e-19	182.561	5.42101e-19	5.42101e-19
456	C	C	168.167	37	13	12	2.1684e-18	168.167	2.1684e-18	6.17995e-17
457	A	A	178.969	37	13	13	178.969	5.42101e-19	4.33681e-18	5.42101e-19
458	A	A	170.307	37	12	12	170.307	1.35525e-17	1.35525e-17	1.35525e-17
459	A	A	184.897	37	13	13	184.897	5.42101e-19	5.42101e-19	5.42101e-19
460	T	T	185.521	37	14	14	0	1.0842e-18	0	185.521
461	A	A	189.621	37	14	14	189.621	0	5.42101e-19	0
462	A	A	188.744	37	14	14	188.744	0	5.42101e-19	0
463	C	C	198.079	37	14	14	0	198.079	0	0
464	C	C	198.776	37	14	14	0	198.776	0	0
465	C	C	197.842	37	14	14	0	197.842	0	0
466	T	T	180.18	37	13	13	5.42101e-19	3.25261e-18	5.42101e-19	180.18
467	T	T	186.328	37	14	14	0	1.0842e-18	0	186.328
468	G	G	181.553	37	14	13	3.25261e-18	0	181.553	0
469	C	C	183.406	37	13	13	5.42101e-19	183.406	5.42101e-19	5.42101e-19
470	G	G	170.307	37	12	12	1.35525e-17	1.35525e-17	170.307	1.35525e-17
471	C	C	169.69	37	12	12	1.57209e-17	169.69	1.57209e-17	1.57209e-17
472	C	C	170.306	37	12	12	1.35525e-17	170.306	1.35525e-17	1.35525e-17
473	C	C	170.307	37	12	12	1.35525e-17	170.307	1.35525e-17	1.35525e-17
474	A	A	170.307	37	12	12	170.307	1.35525e-17	1.35525e-17	1.35525e-17
475	C	C	170.307	37	12	12	1.35525e-17	170.307	1.35525e-17	1.35525e-17
476	T	T	178.85	37	13	13	0	4.33681e-18	0	178.85
477	C	C	168.537	37	13	12	2.1684e-18	168.537	2.1684e-18	5.63785e-17
478	A	A	195.926	37	14	14	195.926	0	0	0
479	C	C	181.429	37	14	13	0	181.429	0	3.25261e-18
480	A	A	195.965	37	15	15	195.965	0	0	0
481	T	T	202.667	37	15	15	0	0	0	202.667
482	C	C	196.566	37	15	14	0	196.566	0	0
483	A	A	168.981	37	14	14	168.981	0	5.47522e-17	0
484	T	T	166.422	37	12	12	1.35525e-17	7.20994e-17	1.35525e-17	166.422
485	C	C	170.307	37	12	12	1.35525e-17	170.307	1.35525e-17	1.35525e-17
486	G	G	139.407	37	11	10	4.65491e-14	1.61763e-15	139.407	1.61763e-15
487	A	A	128.798	37	10	10	128.798	1.11678e-14	5.50502e-13	1.11673e-14
488	C	C	141.127	37	10	10	1.11678e-14	141.127	1.11673e-14	1.11676e-14
489	A	A	108.062	37	8	8	108.062	9.24559e-12	4.93578e-11	9.24516e-12
490	A	A	122.394	37	9	9	122.394	3.21334e-13	1.85995e-12	3.21316e-13
491	C	C	125.479	37	9	9	4.10028e-13	125.479	4.10003e-13	4.10016e-13
492	T	T	122.423	37	9	9	3.21315e-13	1.84317e-12	3.21332e-13	122.423
493	T	T	122.484	37	9	9	3.21315e-13	1.80865e-12	3.21331e-13	122.484
494	T	T	114.28	37	9	9	3.21315e-13	1.55685e-11	3.21331e-13	114.28
495	A	A	122.188	37	9	9	122.188	3.21333e-13	1.98118e-12	3.21316e-13
496	T	T	122.189	37	9	9	3.21315e-13	1.98116e-12	3.21331e-13	122.189
497	T	T	128.215	37	10	10	1.12025e-14	6.32624e-13	1.12302e-14	128.215
498	T	T	115.227	37	9	9	3.21315e-13	1.23914e-11	3.21331e-13	115.227
499	A	A	126.537	37	9	9	126.537	3.21332e-13	3.21321e-13	3.21315e-13
500	T	T	122.484	37	9	9	3.21315e-13	1.80865e-12	3.21332e-13	122.484
501	T	T	122.976	37	9	9	3.21315e-13	1.54581e-12	3.21331e-13	122.976
502	A	A	141.127	37	10	10	141.127	1.11678e-14	1.11676e-14	1.11673e-14
503	T	T	141.992	37	11	11	3.88144e-16	2.66754e-14	3.88144e-16	141.992
504	A	A	151.832	37	11	11	151.832	3.88144e-16	2.07218e-15	3.88144e-16
505	G	G	154.926	37	11	11	4.65665e-16	4.65665e-16	154.926	4.65665e-16
506	C	C	167.233	37	12	12	2.76472e-17	167.233	2.71051e-17	2.71051e-17
507	C	C	181.483	37	13	13	1.0842e-18	181.483	1.0842e-18	1.0842e-18
508	C	C	183.133	37	13	13	5.42101e-19	183.133	5.42101e-19	5.42101e-19
509	C	C	168.461	37	12	12	2.11419e-17	168.461	2.05998e-17	2.05998e-17
510	T	T	160.329	37	12	12	1.35525e-17	3.75676e-16	1.35525e-17	160.329
511	A	A	170.307	37	12	12	170.307	1.35525e-17	1.35525e-17	1.35525e-17
512	T	T	170.307	37	12	12	1.35525e-17	1.35525e-17	1.35525e-17	170.307
513	T	T	170.307	37	12	12	1.35525e-17	1.35525e-17	1.35525e-17	170.307
514	C	C	170.307	37	12	12	1.35525e-17	170.307	1.35525e-17	1.35525e-17
515	T	T	178.85	37	13	13	0	4.33681e-18	0	178.85
516	A	A	179.988	37	13	13	179.988	5.42101e-19	3.25261e-18	5.42101e-19
517	G	G	182.706	37	13	13	1.0842e-18	1.0842e-18	182.706	5.42101e-19
518	C	C	169.516	37	12	12	1.6263e-17	169.516	1.6263e-17	1.6263e-17
519	C	C	169.597	37	12	12	1.57209e-17	169.597	1.57209e-17	1.57209e-17
520	C	C	183.252	37	13	13	5.42101e-19	183.252	5.42101e-19	5.42101e-19
521	T	T	180.211	37	13	13	5.42101e-19	3.25261e-18	5.42101e-19	180.211
522	A	A	158.699	37	12	12	158.699	1.35525e-17	5.58906e-16	1.35525e-17
523	A	A	156.481	37	12	12	156.481	1.35525e-17	9.49761e-16	1.35525e-17
524	C	C	167.952	37	12	12	2.33103e-17	167.952	2.33103e-17	2.33103e-17
525	A	A	155.717	37	11	11	155.717	3.88144e-16	3.88144e-16	3.88144e-16
526	G	G	155.717	37	11	11	3.88144e-16	3.88144e-16	155.717	3.88144e-16
527	T	T	151.574	37	11	11	3.87873e-16	2.24647e-15	3.88144e-16	151.574
528	A	A	155.717	37	11	11	155.717	3.88144e-16	3.88144e-16	3.88144e-16
529	G	G	155.717	37	11	11	3.88144e-16	3.88144e-16	155.717	3.88144e-16
530	C	C	155.717	37	11	11	3.88144e-16	155.717	3.88144e-16	3.88144e-16
531	C	C	155.717	37	11	11	3.88144e-16	155.717	3.88144e-16	3.88144e-16
532	C	C	155.717	37	11	11	3.88144e-16	155.717	3.88144e-16	3.88144e-16
533	T	T	155.717	37	11	11	3.88144e-16	3.88144e-16	3.88144e-16	155.717
534	A	A	158.112	37	12	12	158.112	1.40946e-17	6.42932e-16	1.35525e-17
535	A	A	151.664	37	11	11	151.664	3.88144e-16	2.18467e-15	3.88144e-16
536	C	C	154.936	37	11	11	4.64581e-16	154.936	4.64581e-16	4.64581e-16
537	T	T	151.664	37	11	11	3.88144e-16	2.18467e-15	3.88144e-16	151.664
538	A	A	208.149	37	15	15	208.149	0	0	0
539	T	T	175.454	37	15	15	0	1.24683e-17	0	175.454
540	A	A	214.076	37	15	15	214.076	0	0	0
541	T	T	180.444	37	15	15	0	3.79471e-18	0	180.444
542	G	G	212.842	37	15	15	0	0	212.842	0
543	A	A	196.514	37	15	15	196.514	0	0	0
544	G	G	211.723	37	15	15	0	0	211.723	0
545	T	T	214.076	37	15	15	0	0	0	214.076
546	T	T	214.076	37	15	15	0	0	0	214.076
547	C	C	184.897	37	13	13	5.42101e-19	184.897	5.42101e-19	5.42101e-19
548	C	C	170.307	37	12	12	1.35525e-17	170.307	1.35525e-17	1.35525e-17
549	C	C	170.307	37	12	12	1.35525e-17	170.307	1.35525e-17	1.35525e-17
550	C	C	168.662	33.5025	12	12	1.95156e-17	168.662	1.95156e-17	1.95156e-17
551	T	T	165.621	33.5025	12	12	1.35525e-17	9.21572e-17	1.35525e-17	165.621
552	A	A	164.379	33.5025	12	12	164.379	1.35525e-17	1.31188e-16	1.35525e-17
553	C	C	154.926	33.2895	11	11	4.65665e-16	154.926	4.65665e-16	4.65665e-16
554	C	C	155.007	33.2895	11	11	4.56991e-16	155.007	4.56991e-16	4.56991e-16
555	A	A	170.307	33.5025	12	12	170.307	1.35525e-17	1.35525e-17	1.35525e-17
556	A	A	170.307	33.5025	12	12	170.307	1.35525e-17	1.35525e-17	1.35525e-17
557	T	T	166.185	33.5025	12	12	1.35525e-17	7.75205e-17	1.35525e-17	166.185
558	G	G	170.307	33.5025	12	12	1.35525e-17	1.35525e-17	170.307	1.35525e-17
559	C	C	182.706	33.6913	13	13	5.42101e-19	182.706	5.42101e-19	5.42101e-19
560	C	C	172.154	33.86	14	13	0	172.154	0	2.38524e-17
561	A	A	188.61	33.86	14	14	188.61	0	5.42101e-19	0
562	T	T	188.906	33.86	14	14	0	5.42101e-19	0	188.906
563	A	A	163.909	33.86	14	14	163.909	0	1.76725e-16	0
564	C	C	184.057	33.86	14	13	0	184.057	0	1.0842e-18
565	C	C	183.828	33.6913	13	13	5.42101e-19	183.828	5.42101e-19	5.42101e-19
566	C	C	183.866	33.86	14	13	0	183.866	0	2.1684e-18
567	C	C	196.093	33.86	14	14	0	196.093	0	0
568	C	C	167.85	33.5025	12	12	2.38524e-17	167.85	2.38524e-17	2.38524e-17
569	T	T	159.726	33.5025	12	12	1.35525e-17	4.35307e-16	1.35525e-17	159.726
570	T	T	160.442	33.5025	12	12	1.35525e-17	3.65376e-16	1.35525e-17	160.442
571	G	G	153.193	33.5025	12	11	1.94723e-15	6.72205e-17	153.193	6.72205e-17
572	T	T	170.307	33.5025	12	12	1.35525e-17	1.35525e-17	1.35525e-17	170.307
573	A	A	157.531	33.5025	12	12	157.531	1.35525e-17	7.39968e-16	1.35525e-17
574	A	A	166.193	37	12	12	166.193	1.35525e-17	7.75205e-17	1.35525e-17
575	A	A	165.429	37	12	12	165.429	1.35525e-17	9.75782e-17	1.35525e-17
576	T	T	166.193	37	12	12	1.35525e-17	7.75205e-17	1.35525e-17	166.193
577	A	A	145.43	37	11	11	145.43	3.88144e-16	1.16633e-14	3.88144e-16
578	T	T	152.156	37	11	11	3.88144e-16	1.86727e-15	3.88144e-16	152.156
579	A	A	151.728	37	12	12	151.728	1.35525e-17	2.89048e-15	1.35525e-17
580	A	A	163.912	37	13	13	163.912	5.42101e-19	1.75641e-16	5.42101e-19
581	A	A	157.313	37	12	12	157.313	1.35525e-17	7.79541e-16	1.35525e-17
582	C	C	154.096	37	11	11	5.63785e-16	154.096	5.63785e-16	5.63785e-16
583	C	C	111.807	37	12	9	1.22298e-15	111.807	1.19479e-15	2.86424e-11
584	T	T	149.409	37	12	12	1.35525e-17	4.94938e-15	1.35525e-17	149.409
585	C	C	168.465	37	12	12	2.05998e-17	168.465	2.05998e-17	2.05998e-17
586	G	G	154.579	37	12	11	1.41488e-15	4.87891e-17	154.579	4.87891e-17
587	G	G	154.143	37	11	11	5.5728e-16	5.5728e-16	154.143	5.57822e-16
588	A	A	141.127	37	10	10	141.127	1.11678e-14	1.11676e-14	1.11673e-14
589	G	G	141.127	37	10	10	1.11676e-14	1.11673e-14	141.127	1.11678e-14
590	T	T	140.84	37	10	10	1.17205e-14	1.19257e-14	1.21479e-14	140.84
591	A	A	141.127	37	10	10	141.127	1.11678e-14	1.11676e-14	1.11673e-14
592	C	C	129.372	37	11	10	1.63107e-14	129.372	1.63086e-14	4.69273e-13
593	T	T	156.581	37	12	12	1.35525e-17	9.26993e-16	1.35525e-17	156.581
594	G	G	169.524	37	12	12	1.6263e-17	1.6263e-17	169.524	1.6263e-17
595	G	G	144.548	37	12	11	1.42508e-14	4.94396e-16	144.548	4.94396e-16
596	T	T	169.436	37	14	14	0	4.93312e-17	0	169.436
597	T	T	165.432	37	13	13	5.42101e-19	1.23057e-16	5.42101e-19	165.432
598	A	A	181.012	37	13	13	181.012	5.42101e-19	2.71051e-18	5.42101e-19
599	T	T	174.279	37	13	13	5.42101e-19	1.51788e-17	5.42101e-19	174.279
600	A	A	174.02	37	13	13	174.02	5.42101e-19	1.6263e-17	5.42101e-19
601	T	T	184.897	37	13	13	5.42101e-19	5.42101e-19	5.42101e-19	184.897
602	T	T	193.559	37	14	14	0	0	0	193.559
603	A	A	178.969	37	13	13	178.969	5.42101e-19	4.33681e-18	5.42101e-19
604	G	G	170.307	37	12	12	1.35525e-17	1.35525e-17	170.307	1.35525e-17
605	C	C	169.545	37	12	12	1.6263e-17	169.545	1.6263e-17	1.6263e-17
606	A	A	174.825	37	13	13	174.825	5.42101e-19	1.35525e-17	5.42101e-19
607	A	A	174.165	37	13	13	174.165	5.42101e-19	1.57209e-17	5.42101e-19
608	T	T	180.782	37	13	13	5.42101e-19	2.71051e-18	5.42101e-19	180.782
609	A	A	172.804	37	13	13	172.804	5.42101e-19	2.1684e-17	5.42101e-19
610	T	T	181.336	37	13	13	5.42101e-19	2.1684e-18	5.42101e-19	181.336
611	C	C	155.717	37	11	11	3.88144e-16	155.717	3.88144e-16	3.88144e-16
612	A	A	155.716	37	11	11	155.716	3.88144e-16	3.88144e-16	3.88144e-16
613	A	A	170.307	37	12	12	170.307	1.35525e-17	1.35525e-17	1.35525e-17
614	G	G	199.486	37	14	14	0	0	199.486	0
615	C	C	181.534	37	14	13	0	181.534	0	3.25261e-18
616	T	T	181.534	37	14	14	0	3.25261e-18	0	181.534
617	T	T	191.687	37	16	16	0	5.42101e-19	0	191.687
618	A	A	217.785	37	16	16	217.785	0	0	0
619	G	G	184.193	37	16	14	2.1684e-18	0	184.193	0
620	C	C	212.524	37	15	15	0	212.524	0	0
621	T	T	204.407	37	15	15	0	0	0	204.407
622	G	G	226.302	37	16	16	0	0	226.302	0
623	T	T	209.198	37	15	15	0	0	0	209.198
624	A	A	218.018	37	16	16	218.018	0	0	0
625	T	T	217.372	37	16	16	0	0	0	217.372
626	A	A	211.696	37	16	16	211.696	0	0	0
627	T	T	221.762	37	17	17	0	0	0	221.762
628	T	T	223.713	37	17	17	0	0	0	223.713
629	C	C	227.045	37	16	16	0	227.045	0	0
630	T	T	228.39	37	18	18	0	0	0	228.39
631	A	A	222.62	37	16	16	222.62	0	0	0
632	T	T	217.495	37	18	18	0	0	0	217.495
633	C	C	250.867	37	19	18	0	250.867	0	0
634	C	C	235.896	37	20	18	0	235.896	0	0
635	T	T	252.553	37	20	20	0	0	0	252.553
636	T	T	255.212	37	20	20	0	0	0	255.212
637	T	T	276.738	37	20	20	0	0	0	276.738
638	G	G	260.793	37	20	19	0	0	260.793	0
639	A	A	266.389	37	19	19	266.389	0	0	0
640	T	T	271.79	37	20	20	0	0	0	271.79
641	C	C	250.355	37	20	18	0	250.355	0	0
642	G	G	286.235	37	20	20	0	0	286.235	0
643	G	G	300.756	37	21	21	0	0	300.756	0
644	G	G	315.223	37	22	22	0	0	315.223	0
645	A	A	310.159	37	22	22	310.159	0	0	0
646	T	T	290.739	37	21	21	0	0	0	290.739
647	G	G	298.779	37	22	21	0	0	298.779	0
648	G	G	298.513	37	22	21	0	0	298.513	0
649	G	G	314.583	37	22	22	0	0	314.583	0
650	C	C	315.414	37	22	22	0	315.414	0	0
651	T	T	312.32	37	22	22	0	0	0	312.32
652	T	T	310.159	37	22	22	0	0	0	310.159
653	C	C	300.632	37	21	21	0	300.632	0	0
654	A	A	291.964	37	21	21	291.964	0	0	0
655	A	A	313.559	37	23	23	313.559	0	0	0
656	A	A	327.122	37	24	24	327.122	0	0	0
657	C	C	342.686	37	24	24	0	342.686	0	0
658	T	T	332.137	37	25	25	0	0	0	332.137
659	C	C	327.607	37	23	23	0	327.607	0	0
660	A	A	311.519	37	22	22	311.519	0	0	0
661	A	A	324.712	37	23	23	324.712	0	0	0
662	A	A	312.319	37	22	22	312.319	0	0	0
663	A	A	306.227	37	22	22	306.227	0	0	0
664	T	T	312.152	37	22	22	0	0	0	312.152
665	A	A	297.385	37	22	22	297.385	0	0	0
666	C	C	316.205	37	22	22	0	316.205	0	0
667	G	G	298.269	37	21	21	0	0	298.269	0
668	C	C	287.025	37	20	20	0	287.025	0	0
669	T	T	280.979	37	20	20	0	0	0	280.979
670	C	C	285.963	37	21	20	0	285.963	0	0
671	G	G	286.043	37	20	20	0	0	286.043	0
672	G	G	299.97	37	21	21	0	0	299.97	0
673	A	A	287.017	37	20	20	287.017	0	0	0
674	T	T	276.661	37	20	20	0	0	0	276.661
675	T	T	282.972	37	20	20	0	0	0	282.972
676	G	G	259.982	37	20	19	0	0	259.982	0
677	G	G	259.825	37	20	19	0	0	259.825	0
678	A	A	266.488	37	20	20	266.488	0	0	0
679	G	G	283.727	37	21	20	0	0	283.727	0
680	C	C	241.486	37	18	17	0	241.486	0	0
681	C	C	256.986	37	18	18	0	256.986	0	0
682	C	C	257.055	37	18	18	0	257.055	0	0
683	T	T	253.961	37	18	18	0	0	0	253.961
684	A	A	253.702	37	18	18	253.702	0	0	0
685	C	C	257.846	37	18	18	0	257.846	0	0
686	G	G	238.343	37	18	17	0	0	238.343	0
687	A	A	222.855	37	18	18	222.855	0	0	0
688	G	G	254.539	37	18	18	0	0	254.539	0
689	C	C	256.787	37	18	18	0	256.787	0	0
690	C	C	239.157	37	18	17	0	239.157	0	0
691	T	T	217.137	37	16	16	0	0	0	217.137
692	T	T	204.135	37	15	15	0	0	0	204.135
693	A	A	194.379	37	15	15	194.379	0	0	0
694	G	G	197.195	37	14	14	0	0	197.195	0
695	C	C	199.445	37	14	14	0	199.445	0	0
696	C	C	199.486	37	14	14	0	199.486	0	0
697	C	C	199.486	37	14	14	0	199.486	0	0
698	A	A	172.204	37	13	13	172.204	5.42101e-19	2.49366e-17	5.42101e-19
699	G	G	153.232	37	12	11	1.9288e-15	6.72205e-17	153.232	6.72205e-17
700	A	A	160.073	37	12	12	160.073	1.35525e-17	4.00071e-16	1.35525e-17
701	C	C	169.545	37	12	12	1.6263e-17	169.545	1.6263e-17	1.6263e-17
702	A	A	157.313	37	12	12	157.313	1.35525e-17	7.79541e-16	1.35525e-17
703	A	A	179.327	37	13	13	179.327	5.42101e-19	3.79471e-18	5.42101e-19
704	T	T	177.281	37	14	14	0	8.13152e-18	0	177.281
705	C	C	165.941	37	13	12	3.25261e-18	165.941	3.25261e-18	1.02999e-16
706	T	T	171.193	37	14	14	0	3.30682e-17	0	171.193
707	C	C	179.258	37	14	13	0	179.258	0	4.33681e-18
708	A	A	195.343	37	14	14	195.343	0	0	0
709	T	T	195.343	37	14	14	0	0	0	195.343
710	A	A	194.801	37	14	14	194.801	0	0	0
711	T	T	208.03	37	15	15	0	0	0	208.03
712	G	G	227.287	37	16	16	0	0	227.287	0
713	A	A	218.086	37	16	16	218.086	0	0	0
714	A	A	217.059	37	16	16	217.059	0	0	0
715	G	G	226.032	37	16	16	0	0	226.032	0
716	T	T	209.418	37	16	16	0	0	0	209.418
717	C	C	213.018	37	15	15	0	213.018	0	0
718	A	A	204.21	37	15	15	204.21	0	0	0
719	C	C	213.3	37	15	15	0	213.3	0	0
720	A	A	195.808	37	15	15	195.808	0	0	0
721	A	A	192.846	37	15	15	192.846	0	0	0
722	T	T	208.03	37	15	15	0	0	0	208.03
723	A	A	194.609	37	14	14	194.609	0	0	0
724	G	G	197.913	37	14	14	0	0	197.913	0
725	C	C	184.106	37	13	13	5.42101e-19	184.106	5.42101e-19	5.42101e-19
726	C	C	197.203	37	14	14	0	197.203	0	0
727	A	A	188.827	37	14	14	188.827	0	5.42101e-19	0
728	T	T	201.082	37	15	15	0	0	0	201.082
729	T	T	202.782	37	15	15	0	0	0	202.782
730	A	A	194.801	37	14	14	194.801	0	0	0
731	T	T	195.343	37	14	14	0	0	0	195.343
732	C	C	184.187	37	13	13	5.42101e-19	184.187	5.42101e-19	5.42101e-19
733	C	C	184.897	37	13	13	5.42101e-19	184.897	5.42101e-19	5.42101e-19
734	T	T	184.897	37	13	13	5.42101e-19	5.42101e-19	5.42101e-19	184.897
735	C	C	184.673	37	14	13	0	184.673	0	1.0842e-18
736	C	C	198.428	37	14	14	0	198.428	0	0
737	T	T	195.372	37	14	14	0	0	0	195.372
738	A	A	162.112	37	14	14	162.112	0	2.67256e-16	0
739	G	G	167.782	37	12	12	2.38524e-17	2.38524e-17	167.782	2.43945e-17
740	C	C	170.307	37	12	12	1.35525e-17	170.307	1.35525e-17	1.35525e-17
741	A	A	141.891	37	11	11	141.891	3.88144e-16	2.73214e-14	3.88144e-16
742	G	G	121.676	37	10	9	2.76086e-12	9.5953e-14	121.676	9.59562e-14
743	T	T	126.537	37	9	9	3.21315e-13	3.2132e-13	3.21332e-13	126.537
744	C	C	126.537	37	9	9	3.2133e-13	126.537	3.21314e-13	3.21323e-13
745	C	C	126.537	37	9	9	3.2133e-13	126.537	3.21314e-13	3.21323e-13
746	T	T	126.537	37	9	9	3.21315e-13	3.2132e-13	3.21332e-13	126.537
747	A	A	106.207	37	9	9	106.207	3.21332e-13	1.03376e-10	3.21315e-13
748	G	G	109.169	37	9	8	4.917e-11	1.70889e-12	109.169	1.70894e-12
749	T	T	93.2435	37	7	7	2.6601e-10	1.52593e-09	2.66021e-10	93.2435
750	A	A	73.1166	37	6	6	73.1166	7.65468e-09	1.96588e-07	7.65419e-09
751	C	C	82.1507	37	6	6	8.82275e-09	82.1507	8.8224e-09	8.8226e-09
752	T	T	96.7124	37	8	8	9.24516e-12	9.07365e-10	9.2456e-12	96.7124
753	A	A	114.208	37	9	9	114.208	3.21331e-13	1.58394e-11	3.21315e-13
754	A	A	111.302	37	9	9	111.302	3.21331e-13	3.15352e-11	3.21315e-13
755	A	A	126.537	37	9	9	126.537	3.21331e-13	3.21318e-13	3.21315e-13
756	T	T	97.2348	37	10	10	1.11673e-14	8.20913e-10	1.11678e-14	97.2348
757	G	G	116.427	37	10	9	9.2452e-12	3.21314e-13	116.427	3.21324e-13
758	G	G	141.127	37	10	10	1.11673e-14	1.11673e-14	141.127	1.11676e-14
759	C	C	117.593	37	11	9	9.11055e-15	117.593	9.10947e-15	7.54189e-12
760	T	T	145.069	37	11	11	3.88144e-16	1.27424e-14	3.88144e-16	145.069
761	C	C	154.777	37	12	11	4.66207e-17	154.777	4.66207e-17	1.352e-15
762	A	A	184.897	37	13	13	184.897	5.42101e-19	5.42101e-19	5.42101e-19
763	T	T	165.87	37	13	13	5.42101e-19	1.11131e-16	5.42101e-19	165.87
764	T	T	174.202	37	13	13	0	1.51788e-17	0	174.202
765	C	C	138.092	37	13	11	8.0231e-17	138.092	8.0231e-17	6.72227e-14
766	A	A	184.896	37	13	13	184.896	5.42101e-19	5.42101e-19	5.42101e-19
767	C	C	197.841	37	14	14	0	197.841	0	0
768	A	A	199.486	37	14	14	199.486	0	0	0
769	C	C	198.627	37	14	14	0	198.627	0	0
770	T	T	195.343	37	14	14	0	0	0	195.343
771	C	C	182.06	37	14	13	0	182.06	0	2.1684e-18
772	T	T	199.486	37	14	14	0	0	0	199.486
773	C	C	212.431	37	15	15	0	212.431	0	0
774	T	T	209.391	37	15	15	0	0	0	209.391
775	A	A	203.085	37	15	15	203.085	0	0	0
776	C	C	213.286	37	15	15	0	213.286	0	0
777	T	T	210.191	37	15	15	0	0	0	210.191
778	T	T	199.486	37	14	14	0	0	0	199.486
779	T	T	184.897	37	13	13	5.42101e-19	5.42101e-19	5.42101e-19	184.897
780	A	A	172.003	37	13	13	172.003	5.42101e-19	2.6563e-17	5.42101e-19
781	A	A	165.958	37	12	12	165.958	1.35525e-17	8.29415e-17	1.35525e-17
782	T	T	170.307	37	12	12	1.35525e-17	1.35525e-17	1.35525e-17	170.307
783	T	T	170.307	37	12	12	1.35525e-17	1.35525e-17	1.35525e-17	170.307
784	A	A	166.422	37	12	12	166.422	1.35525e-17	7.20994e-17	1.35525e-17
785	C	C	208.154	37	15	15	0	208.154	0	0
786	T	T	185.988	37	15	15	0	1.0842e-18	0	185.988
787	A	A	209.391	37	15	15	209.391	0	0	0
788	C	C	237.006	37	17	17	0	237.006	0	0
789	T	T	199.944	37	17	17	0	0	0	199.944
790	C	C	240.555	37	17	17	0	240.555	0	0
791	A	A	224.602	37	17	17	224.602	0	0	0
792	A	A	222.733	37	17	17	222.733	0	0	0
793	G	G	238.393	37	17	17	0	0	238.393	0
794	A	A	199.486	37	14	14	199.486	0	0	0
795	A	A	199.486	37	14	14	199.486	0	0	0
796	C	C	174.786	37	14	13	0	174.786	0	1.30104e-17
797	A	A	195.601	37	14	14	195.601	0	0	0
798	C	C	174.786	37	14	13	0	174.786	0	1.30104e-17
799	G	G	173.927	37	14	13	1.73472e-17	0	173.927	0
800	T	T	199.486	37	14	14	0	0	0	199.486
801	C	C	225.447	37	16	16	0	225.447	0	0
802	T	T	206.461	37	16	16	0	0	0	206.461
803	G	G	227.166	37	16	16	0	0	227.166	0
804	A	A	217.675	37	16	16	217.675	0	0	0
805	C	C	226.548	37	16	16	0	226.548	0	0
806	T	T	224.781	37	16	16	0	0	0	224.781
807	A	A	201.082	37	15	15	201.082	0	0	0
808	A	A	194.609	37	14	14	194.609	0	0	0
809	T	T	199.486	37	14	14	0	0	0	199.486
810	T	T	184.897	37	13	13	5.42101e-19	5.42101e-19	5.42101e-19	184.897
811	T	T	193.44	37	14	14	0	0	0	193.44
812	A	A	195.372	37	14	14	195.372	0	0	0
813	C	C	198.627	37	14	14	0	198.627	0	0
814	C	C	198.696	37	14	14	0	198.696	0	0
815	C	C	197.132	37	14	14	0	197.132	0	0
816	C	C	198.504	37	14	14	0	198.504	0	0
817	A	A	195.343	37	14	14	195.343	0	0	0
818	C	C	211.641	37	15	15	0	211.641	0	0
819	A	A	225.54	37	17	17	225.54	0	0	0
820	T	T	223.416	37	17	17	0	0	0	223.416
821	G	G	226.263	37	16	16	0	0	226.263	0
822	A	A	208.892	37	16	16	208.892	0	0	0
823	C	C	227.246	37	16	16	0	227.246	0	0
824	C	C	199.486	37	14	14	0	199.486	0	0
825	T	T	184.896	37	13	13	5.42101e-19	5.42101e-19	5.42101e-19	184.896
826	C	C	184.897	37	13	13	5.42101e-19	184.897	5.42101e-19	5.42101e-19
827	G	G	212.504	37	15	15	0	0	212.504	0
828	G	G	210.924	37	15	15	0	0	210.924	0
829	G	G	209.997	37	15	15	0	0	209.997	0
830	C	C	197.934	37	14	14	0	197.934	0	0
831	C	C	179.325	37	14	13	0	179.325	0	4.33681e-18
832	A	A	176.88	37	14	14	176.88	0	8.67362e-18	0
833	T	T	166.193	37	12	12	1.35525e-17	7.75205e-17	1.35525e-17	166.193
834	A	A	178.969	37	13	13	178.969	5.42101e-19	4.33681e-18	5.42101e-19
835	A	A	170.307	37	12	12	170.307	1.35525e-17	1.35525e-17	1.35525e-17
836	T	T	165.958	37	12	12	1.35525e-17	8.29415e-17	1.35525e-17	165.958
837	A	A	170.307	37	12	12	170.307	1.35525e-17	1.35525e-17	1.35525e-17
838	T	T	172.342	37	13	13	5.42101e-19	2.43945e-17	5.42101e-19	172.342
839	G	G	184.279	37	13	13	5.42101e-19	5.42101e-19	184.279	5.42101e-19
840	A	A	175.032	37	13	13	175.032	5.42101e-19	1.24683e-17	5.42101e-19
841	T	T	186.572	37	14	14	0	1.0842e-18	0	186.572
842	T	T	188.838	37	14	14	0	5.42101e-19	0	188.838
843	T	T	195.138	37	14	14	0	0	0	195.138
844	T	T	180.753	37	13	13	5.42101e-19	2.71051e-18	5.42101e-19	180.753
845	T	T	166.422	37	12	12	1.35525e-17	7.20994e-17	1.35525e-17	166.422
846	T	T	184.111	37	14	14	0	1.6263e-18	0	184.111
847	T	T	172.798	37	13	13	5.42101e-19	2.1684e-17	5.42101e-19	172.798
848	C	C	183.178	37	13	13	5.42101e-19	183.178	5.42101e-19	5.42101e-19
849	C	C	182.978	37	13	13	5.42101e-19	182.978	5.42101e-19	5.42101e-19
850	A	A	171.311	37	13	13	171.311	5.42101e-19	3.14419e-17	5.42101e-19
851	C	C	170.307	37	12	12	1.35525e-17	170.307	1.35525e-17	1.35525e-17
852	T	T	155.717	37	11	11	3.88144e-16	3.88144e-16	3.88144e-16	155.717
853	C	C	155.717	37	11	11	3.88144e-16	155.717	3.88144e-16	3.88144e-16
854	T	T	155.717	37	11	11	3.88144e-16	3.88144e-16	3.88144e-16	155.717
855	A	A	151.664	37	11	11	151.664	3.88144e-16	2.18467e-15	3.88144e-16
856	G	G	154.935	37	11	11	4.64581e-16	4.64581e-16	154.935	4.64581e-16
857	C	C	155.717	37	11	11	3.88144e-16	155.717	3.88144e-16	3.88144e-16
858	A	A	143.597	37	11	11	143.597	3.88144e-16	1.81954e-14	3.88144e-16
859	G	G	138.521	37	11	10	5.70854e-14	1.98409e-15	138.521	1.98409e-15
860	A	A	166.193	37	12	12	166.193	1.35525e-17	7.75205e-17	1.35525e-17
861	A	A	165.429	37	12	12	165.429	1.35525e-17	9.75782e-17	1.35525e-17
862	A	A	166.097	37	13	13	166.097	5.42101e-19	1.0571e-16	5.42101e-19
863	C	C	152.568	37	12	11	7.80626e-17	152.568	7.80626e-17	2.24864e-15
864	T	T	160.073	37	12	12	1.35525e-17	4.00071e-16	1.35525e-17	160.073
865	A	A	157.74	37	12	12	157.74	1.35525e-17	7.03647e-16	1.35525e-17
866	A	A	155.212	37	12	12	155.212	1.35525e-17	1.28098e-15	1.35525e-17
867	C	C	153.992	37	12	11	5.63785e-17	153.992	5.63785e-17	1.6198e-15
868	C	C	168.342	37	12	12	2.11419e-17	168.342	2.11419e-17	2.11419e-17
869	G	G	167.073	37	13	12	7.91468e-17	3.25261e-18	167.073	3.25261e-18
870	A	A	187.842	37	14	14	187.842	0	5.42101e-19	0
871	G	G	211.643	37	15	15	0	0	211.643	0
872	C	C	180.837	37	14	13	0	180.837	0	3.25261e-18
873	C	C	197.205	37	14	14	0	197.205	0	0
874	C	C	183.425	37	13	13	5.42101e-19	183.425	5.42101e-19	5.42101e-19
875	C	C	197.296	37	14	14	0	197.296	0	0
876	T	T	194.609	37	14	14	0	0	0	194.609
877	T	T	180.782	37	13	13	5.42101e-19	2.71051e-18	5.42101e-19	180.782
878	T	T	180.843	37	13	13	5.42101e-19	2.71051e-18	5.42101e-19	180.843
879	T	T	181.336	37	13	13	5.42101e-19	2.1684e-18	5.42101e-19	181.336
880	G	G	184.115	37	13	13	5.42101e-19	5.42101e-19	184.115	5.42101e-19
881	A	A	194.609	37	14	14	194.609	0	0	0
882	C	C	198.418	37	14	14	0	198.418	0	0
883	C	C	183.893	37	14	13	0	183.893	0	2.1684e-18
884	T	T	192.704	37	15	15	0	0	0	192.704
885	A	A	228.666	37	16	16	228.666	0	0	0
886	G	G	228.049	37	16	16	0	0	228.049	0
887	C	C	205.772	37	17	15	0	205.772	0	0
888	A	A	232.892	37	17	17	232.892	0	0	0
889	G	G	225.735	37	17	16	0	0	225.735	0
890	A	A	222.71	37	17	17	222.71	0	0	0
891	A	A	217.294	37	16	16	217.294	0	0	0
892	G	G	240.553	37	17	17	0	0	240.553	0
893	G	G	213.847	37	16	15	0	0	213.847	0
894	A	A	214.076	37	15	15	214.076	0	0	0
895	G	G	214.076	37	15	15	0	0	214.076	0
896	A	A	214.076	37	15	15	214.076	0	0	0
897	G	G	213.366	37	15	15	0	0	213.366	0
898	T	T	214.076	37	15	15	0	0	0	214.076
899	C	C	214.076	37	15	15	0	214.076	0	0
900	A	A	209.391	37	15	15	209.391	0	0	0
901	G	G	187.731	37	15	14	0	0	187.731	0
902	A	A	199.486	37	14	14	199.486	0	0	0
903	A	A	199.486	37	14	14	199.486	0	0	0
904	T	T	199.486	37	14	14	0	0	0	199.486
905	T	T	199.486	37	14	14	0	0	0	199.486
906	A	A	195.138	37	14	14	195.138	0	0	0
907	G	G	197.886	37	14	14	0	0	197.886	0
908	T	T	199.486	37	14	14	0	0	0	199.486
909	C	C	184.674	33.86	14	13	0	184.674	0	1.0842e-18
910	T	T	200.111	34.0116	15	15	0	0	0	200.111
911	C	C	195.98	34.0116	15	14	0	195.98	0	0
912	A	A	185.901	33.86	14	14	185.901	0	1.0842e-18	0
913	G	G	199.407	34.0116	15	14	0	0	199.407	0
914	G	G	181.443	33.86	14	13	3.25261e-18	0	181.443	0
915	T	T	192.994	34.0116	15	15	0	0	0	192.994
916	T	T	195.209	34.0116	15	15	0	0	0	195.209
917	T	T	196.35	34.0116	15	15	0	0	0	196.35
918	C	C	213.286	34.0116	15	15	0	213.286	0	0
919	A	A	164.502	33.6913	13	13	164.502	5.42101e-19	1.52873e-16	5.42101e-19
920	A	A	173.609	33.6913	13	13	173.609	5.42101e-19	1.78893e-17	5.42101e-19
921	C	C	183.838	33.6913	13	13	5.42101e-19	183.838	5.42101e-19	5.42101e-19
922	G	G	129.694	33.6913	13	10	4.65919e-13	1.95156e-17	129.694	1.95156e-17
923	T	T	151.664	33.2895	11	11	3.88144e-16	2.18467e-15	3.88144e-16	151.664
924	C	C	130.4	33.2895	11	10	1.28727e-14	130.4	1.28716e-14	3.70376e-13
925	G	G	168.733	33.5025	12	12	1.89735e-17	1.89735e-17	168.733	1.95156e-17
926	A	A	155.717	33.2895	11	11	155.717	3.88144e-16	3.88144e-16	3.88144e-16
927	G	G	155.1	33.2895	11	11	4.47775e-16	4.47775e-16	155.1	4.47233e-16
928	T	T	157.413	33.5025	12	12	1.35525e-17	7.60568e-16	1.35525e-17	157.413
929	A	A	152.543	33.5025	12	12	152.543	1.35525e-17	2.39121e-15	1.35525e-17
930	C	C	144.825	33.5025	12	11	4.64039e-16	144.825	4.64039e-16	1.33682e-14
931	G	G	180.13	33.86	14	13	4.33681e-18	0	180.13	0
932	C	C	147.609	33.6913	13	11	8.67362e-18	147.609	8.67362e-18	7.51352e-15
933	A	A	164.26	33.5025	12	12	164.26	1.35525e-17	1.36067e-16	1.35525e-17
934	G	G	170.307	33.5025	12	12	1.35525e-17	1.35525e-17	170.307	1.35525e-17
935	C	C	165.883	33.6913	13	12	3.25261e-18	165.883	3.25261e-18	1.05168e-16
936	A	A	199.485	33.86	14	14	199.485	0	0	0
937	G	G	199.486	33.86	14	14	0	0	199.486	0
938	G	G	198.777	33.86	14	14	0	0	198.777	0
939	C	C	211.053	34.0116	15	15	0	211.053	0	0
940	C	C	171.092	34.1488	16	13	0	171.092	0	3.46945e-17
941	C	C	239.841	34.2735	17	17	0	239.841	0	0
942	A	A	237.21	34.2735	17	17	237.21	0	0	0
943	T	T	210.902	34.1488	16	16	0	0	0	210.902
944	T	T	218.379	34.1488	16	16	0	0	0	218.379
945	C	C	228.049	34.1488	16	16	0	228.049	0	0
946	G	G	226.896	34.2735	17	16	0	0	226.896	0
947	C	C	222.475	34.3875	18	16	0	222.475	0	0
948	C	C	206.145	37	17	15	0	206.145	0	0
949	T	T	242.216	37	19	19	0	0	0	242.216
950	T	T	249.812	37	20	20	0	0	0	249.812
951	A	A	264.717	37	20	20	264.717	0	0	0
952	T	T	254.254	37	19	19	0	0	0	254.254
953	T	T	226.693	37	17	17	0	0	0	226.693
954	T	T	239.371	37	17	17	0	0	0	239.371
955	T	T	243.256	37	17	17	0	0	0	243.256
956	T	T	243.256	37	17	17	0	0	0	243.256
957	C	C	231.572	37	18	17	0	231.572	0	0
958	T	T	258.61	37	19	19	0	0	0	258.61
959	T	T	265.571	37	20	20	0	0	0	265.571
960	A	A	312.644	37	22	22	312.644	0	0	0
961	G	G	299.009	37	22	21	0	0	299.009	0
962	C	C	296.794	37	22	21	0	296.794	0	0
963	A	A	298.246	37	22	22	298.246	0	0	0
964	G	G	290.753	37	23	21	0	0	290.753	0
965	A	A	305.251	37	22	22	305.251	0	0	0
966	A	A	297.19	37	22	22	297.19	0	0	0
967	T	T	317.88	37	23	23	0	0	0	317.88
968	A	A	305.393	37	22	22	305.393	0	0	0
969	C	C	314.363	37	22	22	0	314.363	0	0
970	A	A	317.194	37	23	23	317.194	0	0	0
971	C	C	313.646	37	22	22	0	313.646	0	0
972	G	G	284.189	37	21	20	0	0	284.189	0
973	A	A	312.061	37	22	22	312.061	0	0	0
974	A	A	311.856	37	22	22	311.856	0	0	0
975	C	C	315.424	37	22	22	0	315.424	0	0
976	A	A	310.158	37	22	22	310.158	0	0	0
977	T	T	298.054	37	21	21	0	0	0	298.054
978	T	T	301.578	37	21	21	0	0	0	301.578
979	A	A	291.637	37	21	21	291.637	0	0	0
980	T	T	301.615	37	21	21	0	0	0	301.615
981	T	T	309.921	37	22	22	0	0	0	309.921
982	A	A	295.511	37	22	22	295.511	0	0	0
983	T	T	297.266	37	21	21	0	0	0	297.266
984	A	A	269.694	37	20	20	269.694	0	0	0
985	A	A	267.771	37	20	20	267.771	0	0	0
986	T	T	287.025	37	20	20	0	0	0	287.025
987	A	A	251.741	37	19	19	251.741	0	0	0
988	A	A	231.122	37	18	18	231.122	0	0	0
989	A	A	218.028	37	17	17	218.028	0	0	0
990	T	T	243.256	37	17	17	0	0	0	243.256
991	G	G	221.904	37	17	16	0	0	221.904	0
992	C	C	228.666	37	16	16	0	228.666	0	0
993	C	C	212.28	37	16	15	0	212.28	0	0
994	C	C	196.905	37	15	14	0	196.905	0	0
995	T	T	188.829	37	14	14	0	5.42101e-19	0	188.829
996	C	C	179.954	37	14	13	0	179.954	0	4.33681e-18
997	A	A	181.98	37	14	14	181.98	0	2.71051e-18	0
998	C	C	198.705	37	14	14	0	198.705	0	0
999	G	G	193.517	37	15	14	0	0	193.517	0
1000	A	A	177.863	37	14	14	177.863	0	7.04731e-18	0
1001	C	C	184.037	37	13	13	5.42101e-19	184.037	5.42101e-19	5.42101e-19
1002	T	T	171.865	37	13	13	5.42101e-19	2.71051e-17	5.42101e-19	171.865
1003	A	A	166.422	37	12	12	166.422	1.35525e-17	7.20994e-17	1.35525e-17
1004	T	T	171.599	37	13	13	0	2.87314e-17	0	171.599
1005	C	C	183.124	37	13	13	5.42101e-19	183.124	5.42101e-19	5.42101e-19
1006	C	C	167.279	37	13	12	2.1684e-18	167.279	2.1684e-18	7.58942e-17
1007	T	T	186.593	37	14	14	0	1.0842e-18	0	186.593
1008	A	A	193.44	37	14	14	193.44	0	0	0
1009	T	T	173.289	37	13	13	5.42101e-19	1.95156e-17	5.42101e-19	173.289
1010	T	T	174.316	37	13	13	5.42101e-19	1.51788e-17	5.42101e-19	174.316
1011	C	C	166.256	37	13	12	3.25261e-18	166.256	3.25261e-18	9.6494e-17
1012	T	T	187.229	37	14	14	5.42101e-19	1.0842e-18	5.42101e-19	187.229
1013	T	T	200.491	37	15	15	0	0	0	200.491
1014	T	T	187.578	37	14	14	0	5.42101e-19	0	187.578
1015	G	G	198.504	37	14	14	0	0	198.504	0
1016	G	G	184.817	37	14	13	1.0842e-18	0	184.817	0
1017	A	A	184.897	37	13	13	184.897	5.42101e-19	5.42101e-19	5.42101e-19
1018	G	G	184.897	37	13	13	5.42101e-19	5.42101e-19	184.897	5.42101e-19
1019	C	C	184.674	37	14	13	0	184.674	0	1.0842e-18
1020	A	A	188.869	37	14	14	188.869	0	5.42101e-19	0
1021	T	T	195.372	37	14	14	0	0	0	195.372
1022	T	T	205.999	37	16	16	0	0	0	205.999
1023	T	T	209.651	37	16	16	0	0	0	209.651
1024	C	C	197.831	37	14	14	0	197.831	0	0
1025	A	A	181.533	37	14	14	181.533	0	3.25261e-18	0
1026	T	T	189.835	37	14	14	0	5.42101e-19	0	189.835
1027	A	A	206.9	37	16	16	206.9	0	0	0
1028	A	A	200.49	37	15	15	200.49	0	0	0
1029	C	C	194.458	37	15	14	0	194.458	0	0
1030	C	C	196.635	37	14	14	0	196.635	0	0
1031	C	C	180.039	37	14	13	0	180.039	0	4.33681e-18
1032	C	C	198.696	37	14	14	0	198.696	0	0
1033	T	T	195.601	37	14	14	0	0	0	195.601
1034	T	T	199.486	37	14	14	0	0	0	199.486
1035	C	C	199.486	37	14	14	0	199.486	0	0
1036	A	A	188.718	37	14	14	188.718	0	5.42101e-19	0
1037	T	T	213.431	37	16	16	0	0	0	213.431
1038	A	A	201.971	37	16	16	201.971	0	0	0
1039	C	C	227.026	37	16	16	0	227.026	0	0
1040	C	C	181.65	37	14	13	0	181.65	0	3.25261e-18
1041	A	A	178.42	37	14	14	178.42	0	5.96311e-18	0
1042	G	G	169.169	37	13	12	4.87891e-17	2.1684e-18	169.169	2.1684e-18
1043	A	A	164.379	37	12	12	164.379	1.35525e-17	1.31188e-16	1.35525e-17
1044	A	A	155.717	37	11	11	155.717	3.88144e-16	3.88144e-16	3.88144e-16
1045	C	C	168.733	37	12	12	1.95156e-17	168.733	1.95156e-17	1.95156e-17
1046	T	T	165.429	37	12	12	1.35525e-17	9.75782e-17	1.35525e-17	165.429
1047	A	A	184.897	37	13	13	184.897	5.42101e-19	5.42101e-19	5.42101e-19
1048	T	T	178.256	37	14	14	0	6.50521e-18	0	178.256
1049	A	A	188.755	37	14	14	188.755	0	5.42101e-19	0
1050	C	C	197.944	37	14	14	0	197.944	0	0
1051	A	A	180.039	37	14	14	180.039	0	4.33681e-18	0
1052	C	C	198.552	37	14	14	0	198.552	0	0
1053	T	T	178.85	37	13	13	0	4.33681e-18	0	178.85
1054	G	G	183.323	37	13	13	5.42101e-19	5.42101e-19	183.323	5.42101e-19
1055	T	T	165.958	37	12	12	1.35525e-17	8.29415e-17	1.35525e-17	165.958
1056	C	C	169.516	37	12	12	1.6263e-17	169.516	1.6263e-17	1.6263e-17
1057	A	A	174.239	37	13	13	174.239	5.42101e-19	1.51788e-17	5.42101e-19
1058	A	A	165.187	37	13	13	165.187	5.42101e-19	1.30646e-16	5.42101e-19
1059	C	C	183.893	37	14	13	0	183.893	0	2.1684e-18
1060	T	T	158.778	37	12	12	1.35525e-17	5.48606e-16	1.35525e-17	158.778
1061	T	T	160.366	37	12	12	1.30104e-17	3.71881e-16	1.30104e-17	160.366
1062	C	C	169.545	37	12	12	1.6263e-17	169.545	1.6263e-17	1.6263e-17
1063	A	A	135.362	37	11	11	135.362	3.88144e-16	1.25582e-13	3.88144e-16
1064	C	C	116.427	37	10	9	3.2133e-13	116.427	3.21316e-13	9.2454e-12
1065	T	T	141.127	37	10	10	1.11673e-14	1.11676e-14	1.11678e-14	141.127
1066	G	G	122.286	37	10	9	2.3988e-12	8.33686e-14	122.286	8.3373e-14
1067	T	T	121.852	37	9	9	3.21315e-13	2.19277e-12	3.21332e-13	121.852
1068	A	A	115.227	37	9	9	115.227	3.21383e-13	1.23929e-11	3.21344e-13
1069	A	A	113.644	37	9	9	113.644	3.21331e-13	1.81245e-11	3.21315e-13
1070	A	A	115.878	37	9	9	115.878	3.21331e-13	1.05767e-11	3.21315e-13
1071	A	A	115.128	37	9	9	115.128	3.21331e-13	1.26926e-11	3.21315e-13
1072	A	A	113.24	37	9	9	113.24	3.21331e-13	1.9953e-11	3.21315e-13
1073	C	C	110.313	37	9	8	1.35923e-12	110.313	1.23983e-12	3.781e-11
1074	A	A	149.671	37	11	11	149.671	3.88144e-16	3.90909e-15	3.88144e-16
1075	C	C	122.849	37	10	9	7.32303e-14	122.849	7.3227e-14	2.10699e-12
1076	T	T	127.341	37	11	11	3.88144e-16	8.00265e-13	3.88144e-16	127.341
1077	A	A	165.958	37	12	12	165.958	1.35525e-17	8.29415e-17	1.35525e-17
1078	C	C	167.062	37	12	12	2.87314e-17	167.062	2.87314e-17	2.87314e-17
1079	T	T	164.399	33.6913	13	13	5.42101e-19	1.56667e-16	5.42101e-19	164.399
1080	C	C	167.824	33.5025	12	12	2.38524e-17	167.824	2.38524e-17	2.38524e-17
1081	C	C	152.889	33.5025	12	11	7.26415e-17	152.889	7.26415e-17	2.08817e-15
1082	T	T	166.163	33.5025	12	12	1.35525e-17	7.80626e-17	1.35525e-17	166.163
1083	A	A	170.307	33.5025	12	12	170.307	1.35525e-17	1.35525e-17	1.35525e-17
1084	A	A	184.897	33.6913	13	13	184.897	5.42101e-19	5.42101e-19	5.42101e-19
1085	C	C	183.914	33.6913	13	13	5.42101e-19	183.914	5.42101e-19	5.42101e-19
1086	A	A	199.486	33.86	14	14	199.486	0	0	0
1087	G	G	199.486	33.86	14	14	0	0	199.486	0
1088	C	C	197.917	33.86	14	14	0	197.917	0	0
1089	T	T	195.343	33.86	14	14	0	0	0	195.343
1090	T	T	201.384	34.0116	15	15	0	0	0	201.384
1091	C	C	197.716	34.0116	15	14	0	197.716	0	0
1092	T	T	215.369	34.1488	16	16	0	0	0	215.369
1093	T	T	207.561	34.1488	16	16	0	0	0	207.561
1094	T	T	195.049	34.0116	15	15	0	0	0	195.049
1095	C	C	183.245	33.86	14	13	0	183.245	0	2.1684e-18
1096	C	C	197.032	33.86	14	14	0	197.032	0	0
1097	T	T	189.252	33.86	14	14	0	5.42101e-19	0	189.252
1098	A	A	180.913	33.86	14	14	180.913	0	3.25261e-18	0
1099	T	T	195.601	33.86	14	14	0	0	0	195.601
1100	G	G	194.674	34.0116	15	14	0	0	194.674	0
1101	A	A	172.342	33.6913	13	13	172.342	5.42101e-19	2.43945e-17	5.42101e-19
1102	A	A	160.329	33.5025	12	12	160.329	1.35525e-17	3.75676e-16	1.35525e-17
1103	T	T	166.253	33.5025	12	12	1.35525e-17	7.58942e-17	1.35525e-17	166.253
1104	C	C	169.69	33.5025	12	12	1.57209e-17	169.69	1.57209e-17	1.57209e-17
1105	C	C	170.084	33.6913	13	12	1.0842e-18	170.084	1.0842e-18	4.01155e-17
1106	G	G	154.732	33.5025	12	11	1.36501e-15	4.66207e-17	154.732	4.77049e-17
1107	C	C	154.936	37	11	11	4.64581e-16	154.936	4.64581e-16	4.64581e-16
1108	G	G	139.604	37	11	10	4.44826e-14	1.54607e-15	139.604	1.54607e-15
1109	C	C	155.1	37	11	11	4.47233e-16	155.1	4.47233e-16	4.47233e-16
1110	A	A	141.127	37	10	10	141.127	1.11678e-14	1.11676e-14	1.11673e-14
1111	T	T	149.67	37	11	11	3.88144e-16	3.90909e-15	3.88144e-16	149.67
1112	C	C	154.651	37	12	11	4.87891e-17	154.651	4.87891e-17	1.39212e-15
1113	A	A	170.019	37	12	12	170.019	1.46367e-17	1.46367e-17	1.40946e-17
1114	T	T	159.316	37	12	12	1.35525e-17	4.81386e-16	1.35525e-17	159.316
1115	A	A	184.897	37	13	13	184.897	5.42101e-19	5.42101e-19	5.42101e-19
1116	C	C	195.85	34.0116	15	14	0	195.85	0	0
1117	C	C	211.253	34.0116	15	15	0	211.253	0	0
1118	C	C	175.202	34.0116	15	13	0	175.202	0	1.30104e-17
1119	T	T	196.696	34.0116	15	15	0	0	0	196.696
1120	C	C	212.749	34.0116	15	15	0	212.749	0	0
1121	G	G	212.553	34.1488	16	15	0	0	212.553	0
1122	A	A	237.329	34.2735	17	17	237.329	0	0	0
1123	T	T	216.759	34.1488	16	16	0	0	0	216.759
1124	T	T	217.971	34.1488	16	16	0	0	0	217.971
1125	C	C	206.031	34.2735	17	15	0	206.031	0	0
1126	C	C	241.58	34.2735	17	17	0	241.58	0	0
1127	G	G	239.988	34.3875	18	17	0	0	239.988	0
1128	A	A	264.276	34.5884	20	20	264.276	0	0	0
1129	T	T	230.961	34.3875	18	18	0	0	0	230.961
1130	A	A	251.918	34.3875	18	18	251.918	0	0	0
1131	C	C	240.994	34.2735	17	17	0	240.994	0	0
1132	G	G	217.321	34.2735	17	16	0	0	217.321	0
1133	A	A	232.753	34.2735	17	17	232.753	0	0	0
1134	C	C	243.256	34.2735	17	17	0	243.256	0	0
1135	C	C	256.272	34.3875	18	18	0	256.272	0	0
1136	A	A	220.476	34.3875	18	18	220.476	0	0	0
1137	A	A	209.602	34.1488	16	16	209.602	0	0	0
1138	C	C	227.904	34.1488	16	16	0	227.904	0	0
1139	T	T	216.408	34.1488	16	16	0	0	0	216.408
1140	A	A	194.066	34.0116	15	15	194.066	0	0	0
1141	A	A	188.192	37	14	14	188.192	0	5.42101e-19	0
1142	T	T	195.343	37	14	14	0	0	0	195.343
1143	A	A	174.015	37	13	13	174.015	5.42101e-19	1.6263e-17	5.42101e-19
1144	C	C	184.897	37	13	13	5.42101e-19	184.897	5.42101e-19	5.42101e-19
1145	A	A	159.726	37	12	12	159.726	1.35525e-17	4.35307e-16	1.35525e-17
1146	C	C	170.307	37	12	12	1.35525e-17	170.307	1.35525e-17	1.35525e-17
1147	C	C	170.307	37	12	12	1.35525e-17	170.307	1.35525e-17	1.35525e-17
1148	T	T	164.26	37	12	12	1.35525e-17	1.35525e-16	1.35525e-17	164.26
1149	G	G	155.007	37	11	11	4.56991e-16	4.56991e-16	155.007	4.56991e-16
1150	C	C	138.916	37	11	10	1.8117e-15	138.916	1.8117e-15	5.21143e-14
1151	T	T	162.108	37	13	13	5.42101e-19	2.66172e-16	5.42101e-19	162.108
1152	A	A	180.211	37	13	13	180.211	5.42101e-19	3.25261e-18	5.42101e-19
1153	T	T	178.859	37	14	14	0	5.42101e-18	0	178.859
1154	G	G	184.895	37	13	13	5.42101e-19	5.42101e-19	184.895	5.42101e-19
1155	A	A	184.435	37	13	13	184.435	5.42101e-19	5.42101e-19	5.42101e-19
1156	A	A	183.691	37	13	13	183.691	5.42101e-19	5.42101e-19	5.42101e-19
1157	A	A	184.897	37	13	13	184.897	5.42101e-19	5.42101e-19	5.42101e-19
1158	A	A	181.336	37	13	13	181.336	5.42101e-19	2.1684e-18	5.42101e-19
1159	A	A	180.843	37	13	13	180.843	5.42101e-19	2.71051e-18	5.42101e-19
1160	A	A	180.782	37	13	13	180.782	5.42101e-19	2.71051e-18	5.42101e-19
1161	T	T	193.559	37	14	14	0	0	0	193.559
1162	T	T	194.609	37	14	14	0	0	0	194.609
1163	T	T	180.782	37	13	13	5.42101e-19	2.71051e-18	5.42101e-19	180.782
1164	C	C	197.151	37	14	14	0	197.151	0	0
1165	C	C	197.811	37	14	14	0	197.811	0	0
1166	T	T	195.372	37	14	14	0	0	0	195.372
1167	A	A	195.601	37	14	14	195.601	0	0	0
1168	C	C	173.186	37	14	13	0	173.186	0	1.95156e-17
1169	C	C	198.627	37	14	14	0	198.627	0	0
1170	C	C	198.696	37	14	14	0	198.696	0	0
1171	C	C	198.776	37	14	14	0	198.776	0	0
1172	T	T	184.897	37	13	13	5.42101e-19	5.42101e-19	5.42101e-19	184.897
1173	C	C	170.307	37	12	12	1.35525e-17	170.307	1.35525e-17	1.35525e-17
1174	A	A	166.162	37	12	12	166.162	1.35525e-17	7.80626e-17	1.35525e-17
1175	C	C	170.307	37	12	12	1.35525e-17	170.307	1.35525e-17	1.35525e-17
1176	A	A	166.159	37	13	13	166.159	5.42101e-19	1.04083e-16	5.42101e-19
1177	C	C	183.914	37	13	13	5.42101e-19	183.914	5.42101e-19	5.42101e-19
1178	T	T	171.738	37	13	13	5.42101e-19	2.81893e-17	5.42101e-19	171.738
1179	G	G	167.794	37	13	12	6.72205e-17	2.1684e-18	167.794	2.1684e-18
1180	G	G	154.735	37	11	11	4.86265e-16	4.86265e-16	154.735	4.86807e-16
1181	G	G	141.048	37	11	10	3.19043e-14	1.1086e-15	141.048	1.1086e-15
1182	C	C	140.51	37	10	10	1.2873e-14	140.51	1.28722e-14	1.28727e-14
1183	C	C	141.127	37	10	10	1.11678e-14	141.127	1.11673e-14	1.11676e-14
1184	T	T	155.072	37	12	12	1.35525e-17	1.32381e-15	1.35525e-17	155.072
1185	G	G	170.307	37	12	12	1.35525e-17	1.35525e-17	170.307	1.35525e-17
1186	T	T	164.126	37	13	13	5.42101e-19	1.66967e-16	5.42101e-19	164.126
1187	G	G	184.106	37	13	13	5.42101e-19	5.42101e-19	184.106	5.42101e-19
1188	C	C	166.769	37	13	12	3.25261e-18	166.769	3.25261e-18	8.5652e-17
1189	A	A	173.603	37	13	13	173.603	5.42101e-19	1.78893e-17	5.42101e-19
1190	T	T	181.012	37	13	13	5.42101e-19	2.1684e-18	5.42101e-19	181.012
1191	G	G	183.22	37	13	13	1.0842e-18	1.0842e-18	183.22	5.42101e-19
1192	T	T	180.019	37	13	13	5.42101e-19	3.25261e-18	5.42101e-19	180.019
1193	G	G	169.526	37	12	12	1.6263e-17	1.6263e-17	169.526	1.6263e-17
1194	A	A	180.019	37	13	13	180.019	5.42101e-19	3.25261e-18	5.42101e-19
1195	C	C	167.92	37	13	12	2.1684e-18	167.92	2.1684e-18	6.50521e-17
1196	A	A	184.897	37	13	13	184.897	5.42101e-19	5.42101e-19	5.42101e-19
1197	T	T	173.487	37	13	13	5.42101e-19	1.84314e-17	5.42101e-19	173.487
1198	G	G	199.486	37	14	14	0	0	199.486	0
1199	A	A	195.926	37	14	14	195.926	0	0	0
1200	A	A	189.622	37	14	14	189.622	0	5.42101e-19	0
1201	A	A	181.843	37	14	14	181.843	0	2.71051e-18	0
1202	C	C	211.814	37	15	15	0	211.814	0	0
1203	A	A	199.433	37	16	16	199.433	0	0	0
1204	C	C	225.103	37	16	16	0	225.103	0	0
1205	T	T	195.257	37	15	15	0	0	0	195.257
1206	A	A	193.44	37	14	14	193.44	0	0	0
1207	C	C	183.489	37	13	13	5.42101e-19	183.489	5.42101e-19	5.42101e-19
1208	C	C	172.502	37	14	13	0	172.502	0	2.38524e-17
1209	C	C	198.428	37	14	14	0	198.428	0	0
1210	A	A	188.192	37	14	14	188.192	0	5.42101e-19	0
1211	C	C	182.288	37	14	13	0	182.288	0	2.1684e-18
1212	T	T	187.229	37	14	14	5.42101e-19	1.0842e-18	5.42101e-19	187.229
1213	A	A	193.559	37	14	14	193.559	0	0	0
1214	T	T	180.548	37	13	13	5.42101e-19	2.71051e-18	5.42101e-19	180.548
1215	C	C	184.106	37	13	13	5.42101e-19	184.106	5.42101e-19	5.42101e-19
1216	A	A	175.032	37	13	13	175.032	5.42101e-19	1.24683e-17	5.42101e-19
1217	C	C	184.897	37	13	13	5.42101e-19	184.897	5.42101e-19	5.42101e-19
1218	A	A	173.177	37	14	14	173.177	0	2.05998e-17	0
1219	C	C	198.428	37	14	14	0	198.428	0	0
1220	C	C	184.115	37	13	13	5.42101e-19	184.115	5.42101e-19	5.42101e-19
1221	A	A	156.582	37	12	12	156.582	1.35525e-17	9.26993e-16	1.35525e-17
1222	A	A	149.671	37	11	11	149.671	3.88144e-16	3.90909e-15	3.88144e-16
1223	G	G	141.014	37	10	10	1.14438e-14	1.14074e-14	141.014	1.15389e-14
1224	C	C	141.127	37	10	10	1.11678e-14	141.127	1.11673e-14	1.11676e-14
1225	A	A	155.717	37	11	11	155.717	3.88144e-16	3.88144e-16	3.88144e-16
1226	T	T	150.839	37	11	11	3.88144e-16	2.80375e-15	3.88144e-16	150.839
1227	T	T	151.603	37	11	11	3.88144e-16	2.22641e-15	3.88144e-16	151.603
1228	C	C	154.955	37	11	11	4.62412e-16	154.955	4.62412e-16	4.62412e-16
1229	C	C	155.1	37	11	11	4.47233e-16	155.1	4.47233e-16	4.47233e-16
1230	T	T	155.683	37	11	11	3.90313e-16	3.90584e-16	3.9221e-16	155.683
1231	C	C	141.127	37	10	10	1.11678e-14	141.127	1.11673e-14	1.11676e-14
1232	C	C	154.143	37	11	11	5.57822e-16	154.143	5.57822e-16	5.57822e-16
1233	T	T	150.839	37	11	11	3.88144e-16	2.80402e-15	3.88144e-16	150.839
1234	C	C	143.931	37	11	11	7.25928e-15	143.931	4.20183e-15	6.10352e-15
1235	A	A	142.723	37	11	11	142.723	3.88144e-16	2.24227e-14	3.88144e-16
1236	A	A	123.585	37	10	10	123.585	1.12849e-14	1.87968e-12	1.12353e-14
1237	A	A	120.974	37	10	10	120.974	1.11678e-14	3.44792e-12	1.11673e-14
1238	G	G	139.565	37	10	10	1.60017e-14	1.60017e-14	139.565	1.60023e-14
1239	A	A	128.56	37	10	10	128.56	1.11678e-14	5.8271e-13	1.11673e-14
1240	T	T	137.011	37	10	10	1.11705e-14	6.40861e-14	1.11738e-14	137.011
1241	A	A	107.804	37	8	8	107.804	9.24557e-12	5.35155e-11	9.24516e-12
1242	A	A	107.599	37	8	8	107.599	9.24557e-12	5.70034e-11	9.24516e-12
1243	G	G	94.8778	37	8	7	1.32073e-09	4.59018e-11	94.8778	4.59029e-11
1244	A	A	98.9157	37	8	8	98.9157	9.24557e-12	5.38976e-10	9.24516e-12
1245	A	A	93.0089	37	7	7	93.0089	2.6602e-10	1.64015e-09	2.6601e-10
1246	A	A	86.2818	37	7	7	86.2818	2.66028e-10	9.69163e-09	2.66014e-10
1247	T	T	97.3576	37	7	7	2.6601e-10	2.66015e-10	2.66021e-10	97.3576
1248	A	A	78.419	37	6	6	78.419	7.65414e-09	4.71919e-08	7.65388e-09
1249	T	T	91.4304	37	7	7	2.6601e-10	2.59224e-09	2.66021e-10	91.4304
1250	G	G	94.6662	37	7	7	4.87343e-10	4.74426e-10	94.6662	5.21296e-10
1251	T	T	84.5021	37	7	7	2.6601e-10	1.48697e-08	2.66021e-10	84.5021
1252	C	C	95.5373	37	7	7	4.04521e-10	95.5373	4.04503e-10	4.04514e-10
1253	T	T	87.4164	37	7	7	2.6601e-10	7.34096e-09	2.66021e-10	87.4164
1254	G	G	94.8707	37	8	7	1.3229e-09	4.59672e-11	94.8707	4.60039e-11
1255	A	A	98.9157	37	8	8	98.9157	9.24557e-12	5.38976e-10	9.24516e-12
1256	C	C	96.5764	37	7	7	3.1844e-10	96.5764	3.18426e-10	3.18435e-10
1257	A	A	92.672	37	7	7	92.672	2.66021e-10	1.81533e-09	2.66011e-10
1258	A	A	91.3112	37	7	7	91.3112	2.66021e-10	2.67912e-09	2.66011e-10
1259	A	A	82.7678	37	6	6	82.7678	7.65414e-09	7.65394e-09	7.65388e-09
1260	A	A	82.7678	37	6	6	82.7678	7.65414e-09	7.65394e-09	7.65388e-09
1261	G	G	82.7678	37	6	6	7.65392e-09	7.65385e-09	82.7678	7.65405e-09
1262	A	A	82.7678	37	6	6	82.7678	7.65414e-09	7.65394e-09	7.65388e-09
1263	A	A	82.7678	37	6	6	82.7678	7.65414e-09	7.65394e-09	7.65388e-09
1264	T	T	82.7677	37	6	6	7.65389e-09	7.654e-09	7.65416e-09	82.7677
1265	T	T	82.7677	37	6	6	7.65389e-09	7.654e-09	7.65416e-09	82.7677
1266	A	A	93.0089	37	7	7	93.0089	2.6602e-10	1.64015e-09	2.6601e-10
1267	C	C	96.299	37	7	7	3.39444e-10	96.299	3.39429e-10	3.39438e-10
1268	T	T	93.2435	37	7	7	2.6601e-10	1.52593e-09	2.66021e-10	93.2435
1269	T	T	84.4431	37	7	7	2.6601e-10	1.50804e-08	2.66021e-10	84.4431
1270	T	T	91.4988	37	8	8	9.24516e-12	3.05692e-09	9.24559e-12	91.4988
1271	G	G	110.098	37	8	8	1.41522e-11	1.41519e-11	110.098	1.41525e-11
1272	A	A	91.8668	37	8	8	91.8668	6.47589e-11	2.71917e-09	4.15972e-11
1273	T	T	86.9565	37	7	7	2.6601e-10	8.22054e-09	2.66021e-10	86.9565
1274	A	A	91.3112	37	7	7	91.3112	2.66021e-10	2.67912e-09	2.6601e-10
1275	G	G	97.3576	37	7	7	2.66013e-10	2.66009e-10	97.3576	2.66018e-10
1276	A	A	97.3576	37	7	7	97.3576	2.66021e-10	2.66013e-10	2.6601e-10
1277	G	G	79.9316	37	7	6	4.12511e-08	1.43367e-09	79.9316	1.4337e-09
1278	T	T	99.033	37	8	8	9.24516e-12	5.24118e-10	9.24559e-12	99.033
1279	A	A	122.188	37	9	9	122.188	3.2134e-13	1.98117e-12	3.2132e-13
1280	A	A	121.852	37	9	9	121.852	3.21331e-13	2.19276e-12	3.21315e-13
1281	A	A	120.491	37	9	9	120.491	3.21331e-13	3.23614e-12	3.21315e-13
1282	T	T	101.546	37	8	8	9.24516e-12	2.85704e-10	9.24559e-12	101.546
1283	A	A	126.537	37	9	9	126.537	3.21332e-13	3.21321e-13	3.21315e-13
1284	A	A	141.127	37	10	10	141.127	1.11678e-14	1.11676e-14	1.11673e-14
1285	T	T	129.456	37	10	10	1.11673e-14	4.69883e-13	1.11678e-14	129.456
1286	A	A	141.127	37	10	10	141.127	1.11678e-14	1.11676e-14	1.11673e-14
1287	G	G	141.127	37	10	10	1.11676e-14	1.11673e-14	141.127	1.11678e-14
1288	A	A	141.121	37	10	10	141.121	1.11882e-14	1.11806e-14	1.11789e-14
1289	G	G	141.127	37	10	10	1.11676e-14	1.11673e-14	141.127	1.11678e-14
1290	G	G	141.127	37	10	10	1.11678e-14	1.11676e-14	141.127	1.11681e-14
1291	T	T	141.127	37	10	10	1.11673e-14	1.11676e-14	1.11678e-14	141.127
1292	T	T	141.127	37	10	10	1.11673e-14	1.11676e-14	1.11678e-14	141.127
1293	A	A	151.664	37	11	11	151.664	3.88144e-16	2.18467e-15	3.88144e-16
1294	G	G	153.193	37	12	11	1.94723e-15	6.72205e-17	153.193	6.72205e-17
1295	A	A	158.997	37	12	12	158.997	1.35525e-17	5.20417e-16	1.35525e-17
1296	A	A	157.413	37	12	12	157.413	1.35525e-17	7.6111e-16	1.35525e-17
1297	T	T	145.739	37	11	11	3.88144e-16	1.08081e-14	3.88144e-16	145.739
1298	C	C	154.784	33.5025	12	11	4.66207e-17	154.784	4.66207e-17	1.34983e-15
1299	C	C	149.916	31.8354	13	11	5.42101e-18	149.916	5.42101e-18	4.41704e-15
1300	T	T	158.935	31.5907	12	12	1.35525e-17	5.28006e-16	1.35525e-17	158.935
1301	C	C	165.761	31.8354	13	12	3.25261e-18	165.761	3.25261e-18	1.07336e-16
1302	T	T	152	31.5907	12	12	1.35525e-17	2.71322e-15	1.35525e-17	152
1303	A	A	180.211	31.8354	13	13	180.211	5.42101e-19	3.25261e-18	5.42101e-19
1304	A	A	178.85	31.8354	13	13	178.85	5.42101e-19	4.87891e-18	5.42101e-19
1305	T	T	164.886	31.8354	13	13	5.42101e-19	1.39862e-16	5.42101e-19	164.886
1306	T	T	173.487	31.8354	13	13	5.42101e-19	1.84314e-17	5.42101e-19	173.487
1307	T	T	174.237	31.8354	13	13	5.42101e-19	1.51788e-17	5.42101e-19	174.237
1308	C	C	184.106	31.8354	13	13	5.42101e-19	184.106	5.42101e-19	5.42101e-19
1309	T	T	177.993	31.8354	13	13	1.0842e-18	4.87891e-18	1.0842e-18	177.993
1310	A	A	164.581	31.8354	13	13	164.581	5.42101e-19	1.50162e-16	5.42101e-19
1311	G	G	168.19	31.5907	12	12	2.1684e-17	2.1684e-17	168.19	2.22261e-17
1312	A	A	155.211	31.5907	12	12	155.211	1.35525e-17	1.28098e-15	1.35525e-17
1313	A	A	141.127	31.0123	10	10	141.127	1.11678e-14	1.11676e-14	1.11673e-14
1314	T	T	141.127	31.0123	10	10	1.11673e-14	1.11676e-14	1.11678e-14	141.127
1315	T	T	141.127	31.0123	10	10	1.11673e-14	1.11676e-14	1.11678e-14	141.127
1316	A	A	151.603	31.3182	11	11	151.603	3.88144e-16	2.22641e-15	3.88144e-16
1317	T	T	156.721	31.5907	12	12	1.35525e-17	8.97177e-16	1.35525e-17	156.721
1318	A	A	164.38	31.5907	12	12	164.38	1.35525e-17	1.31188e-16	1.35525e-17
1319	G	G	170.306	31.5907	12	12	1.35525e-17	1.35525e-17	170.306	1.35525e-17
1320	G	G	199.486	32.0567	14	14	0	0	199.486	0
1321	A	A	210.191	32.258	15	15	210.191	0	0	0
1322	A	A	209.933	32.258	15	15	209.933	0	0	0
1323	T	T	173.849	32.4422	16	15	0	1.84314e-17	0	173.849
1324	C	C	225.49	32.4422	16	16	0	225.49	0	0
1325	G	G	213.997	32.4422	16	15	0	0	213.997	0
1326	A	A	228.666	32.4422	16	16	228.666	0	0	0
1327	A	A	254.285	32.7677	18	18	254.285	0	0	0
1328	C	C	230.322	32.7677	18	17	0	230.322	0	0
1329	C	C	255.336	32.7677	18	18	0	255.336	0	0
1330	T	T	240.043	32.7677	18	18	0	0	0	240.043
1331	A	A	237.539	32.7677	18	18	237.539	0	0	0
1332	A	A	244.931	34.3875	18	18	244.931	0	0	0
1333	T	T	238.378	34.2735	17	17	0	0	0	238.378
1334	C	C	201.821	34.3875	18	16	0	201.821	0	0
1335	T	T	246.552	34.3875	18	18	0	0	0	246.552
1336	T	T	233.022	34.2735	17	17	0	0	0	233.022
1337	A	A	239.511	34.3875	18	18	239.511	0	0	0
1338	A	A	236.719	34.3875	18	18	236.719	0	0	0
1339	G	G	206.657	34.2735	17	15	0	0	206.657	0
1340	A	A	231.727	37	17	17	231.727	0	0	0
1341	A	A	230.4	37	17	17	230.4	0	0	0
1342	C	C	240.822	37	18	17	0	240.822	0	0
1343	T	T	242.511	37	19	19	0	0	0	242.511
1344	C	C	254.606	37	18	18	0	254.606	0	0
1345	A	A	267.75	37	19	19	267.75	0	0	0
1346	C	C	282.276	37	20	20	0	282.276	0	0
1347	A	A	261.933	37	19	19	261.933	0	0	0
1348	A	A	255.148	37	19	19	255.148	0	0	0
1349	A	A	281.678	37	21	21	281.678	0	0	0
1350	T	T	282.355	37	21	21	0	0	0	282.355
1351	C	C	254.54	37	19	18	0	254.54	0	0
1352	T	T	261.933	37	19	19	0	0	0	261.933
1353	T	T	248.613	37	18	18	0	0	0	248.613
1354	C	C	257.846	37	18	18	0	257.846	0	0
1355	G	G	242.242	37	18	17	0	0	242.242	0
1356	T	T	257.2	37	19	19	0	0	0	257.2
1357	G	G	254.08	37	19	18	0	0	254.08	0
1358	C	C	270.795	37	19	19	0	270.795	0	0
1359	T	T	247.228	37	18	18	0	0	0	247.228
1360	A	A	250.127	37	19	19	250.127	0	0	0
1361	C	C	256.863	37	18	18	0	256.863	0	0
1362	C	C	227.807	37	16	16	0	227.807	0	0
1363	T	T	224.523	37	16	16	0	0	0	224.523
1364	A	A	218.015	37	16	16	218.015	0	0	0
1365	A	A	215.737	37	16	16	215.737	0	0	0
1366	T	T	214.076	37	15	15	0	0	0	214.076
1367	T	T	214.076	37	15	15	0	0	0	214.076
1368	A	A	201.183	37	15	15	201.183	0	0	0
1369	C	C	199.486	37	14	14	0	199.486	0	0
1370	A	A	203	37	15	15	203	0	0	0
1371	C	C	225.963	37	16	16	0	225.963	0	0
1372	A	A	209.727	37	15	15	209.727	0	0	0
1373	A	A	209.391	37	15	15	209.391	0	0	0
1374	T	T	204.098	37	15	15	0	0	0	204.098
1375	A	A	209.933	37	15	15	209.933	0	0	0
1376	T	T	209.391	37	15	15	0	0	0	209.391
1377	C	C	213.217	37	15	15	0	213.217	0	0
1378	C	C	213.286	37	15	15	0	213.286	0	0
1379	T	T	201.521	37	15	15	0	0	0	201.521
1380	A	A	195.049	37	15	15	195.049	0	0	0
1381	A	A	192.971	37	15	15	192.971	0	0	0
1382	A	A	179.476	37	14	14	179.476	0	4.87891e-18	0
1383	G	G	183.153	37	13	13	1.0842e-18	1.0842e-18	183.153	5.42101e-19
1384	T	T	184.897	37	13	13	5.42101e-19	5.42101e-19	5.42101e-19	184.897
1385	A	A	173.252	37	13	13	173.252	5.42101e-19	1.95156e-17	5.42101e-19
1386	A	A	171.738	37	13	13	171.738	5.42101e-19	2.81893e-17	5.42101e-19
1387	G	G	169.324	37	12	12	1.68051e-17	1.68051e-17	169.324	1.68051e-17
1388	G	G	154.927	37	12	11	1.30538e-15	4.55365e-17	154.927	4.55365e-17
1389	T	T	162.458	37	13	13	5.42101e-19	2.45572e-16	5.42101e-19	162.458
1390	C	C	151.525	37	14	12	4.33681e-18	151.525	4.33681e-18	3.04878e-15
1391	A	A	187.815	37	14	14	187.815	0	5.42101e-19	0
1392	G	G	196.859	37	14	14	0	0	196.859	0
1393	C	C	182.779	37	13	13	5.42101e-19	182.779	5.42101e-19	5.42101e-19
1394	T	T	166.422	37	12	12	1.35525e-17	7.20994e-17	1.35525e-17	166.422
1395	A	A	165.958	37	12	12	165.958	1.35525e-17	8.29415e-17	1.35525e-17
1396	A	A	165.621	37	12	12	165.621	1.35525e-17	9.21572e-17	1.35525e-17
1397	A	A	158.049	37	12	12	158.049	1.35525e-17	6.53774e-16	1.35525e-17
1398	T	T	164.26	37	12	12	1.35525e-17	1.35525e-16	1.35525e-17	164.26
1399	A	A	153.782	37	12	12	153.782	1.35525e-17	1.7911e-15	1.35525e-17
1400	A	A	144.201	37	12	12	144.201	1.35525e-17	1.6482e-14	1.35525e-17
1401	G	G	150.048	37	12	11	4.01588e-15	1.38778e-16	150.048	1.39862e-16
1402	C	C	155.007	37	11	11	4.56991e-16	155.007	4.56991e-16	4.56991e-16
1403	T	T	155.717	37	11	11	3.88144e-16	3.88144e-16	3.88144e-16	155.717
1404	A	A	135.081	37	10	10	135.081	1.11678e-14	1.12473e-13	1.11673e-14
1405	T	T	121.852	37	9	9	3.21315e-13	2.19275e-12	3.21331e-13	121.852
1406	C	C	125.678	37	9	9	3.91638e-13	125.678	3.91622e-13	3.91628e-13
1407	G	G	126.537	37	9	9	3.21326e-13	3.21315e-13	126.537	3.21333e-13
1408	G	G	126.537	37	9	9	3.21347e-13	3.21329e-13	126.537	3.21359e-13
1409	G	G	126.537	37	9	9	3.21326e-13	3.21315e-13	126.537	3.21333e-13
1410	C	C	126.537	37	9	9	3.21326e-13	126.537	3.21313e-13	3.21318e-13
1411	C	C	126.537	37	9	9	3.21326e-13	126.537	3.21313e-13	3.21318e-13
1412	G	G	125.827	37	9	9	3.78382e-13	3.7837e-13	125.827	3.78391e-13
1413	A	A	136.984	37	10	10	136.984	1.11678e-14	6.46426e-14	1.11673e-14
1414	T	T	141.992	37	11	11	3.88144e-16	2.66754e-14	3.88144e-16	141.992
1415	A	A	144.423	37	11	11	144.423	3.88144e-16	1.49089e-14	3.88144e-16
1416	C	C	154.067	37	11	11	5.6758e-16	154.067	5.6758e-16	5.6758e-16
1417	C	C	139.547	37	11	10	1.56667e-15	139.547	1.56667e-15	4.50692e-14
1418	C	C	166.97	37	12	12	2.92735e-17	166.97	2.92735e-17	2.92735e-17
1419	C	C	153.875	37	11	11	5.93059e-16	153.875	5.93059e-16	5.93059e-16
1420	G	G	155.1	37	11	11	4.47775e-16	4.47775e-16	155.1	4.47233e-16
1421	A	A	151.664	37	11	11	151.664	3.88144e-16	2.18467e-15	3.88144e-16
1422	A	A	166.193	37	12	12	166.193	1.35525e-17	7.75205e-17	1.35525e-17
1423	A	A	165.429	37	12	12	165.429	1.35525e-17	9.75782e-17	1.35525e-17
1424	A	A	172.776	37	13	13	172.776	5.42101e-19	2.22261e-17	5.42101e-19
1425	T	T	158.662	37	12	12	1.35525e-17	5.63785e-16	1.35525e-17	158.662
1426	G	G	169.526	37	12	12	1.6263e-17	1.6263e-17	169.526	1.6263e-17
1427	T	T	166.253	37	12	12	1.35525e-17	7.58942e-17	1.35525e-17	166.253
1428	T	T	166.746	37	12	12	1.30104e-17	6.451e-17	1.30104e-17	166.746
1429	G	G	155.717	37	11	11	3.88144e-16	3.88144e-16	155.717	3.88144e-16
1430	G	G	167.955	37	12	12	2.27682e-17	2.11419e-17	167.955	2.54788e-17
1431	T	T	165.429	37	12	12	1.35525e-17	9.75782e-17	1.35525e-17	165.429
1432	T	T	166.193	37	12	12	1.35525e-17	7.75205e-17	1.35525e-17	166.193
1433	T	T	166.253	37	12	12	1.35525e-17	7.58942e-17	1.35525e-17	166.253
1434	A	A	170.307	37	12	12	170.307	1.35525e-17	1.35525e-17	1.35525e-17
1435	T	T	170.307	37	12	12	1.35525e-17	1.35525e-17	1.35525e-17	170.307
1436	C	C	183.323	37	13	13	5.42101e-19	183.323	5.42101e-19	5.42101e-19
1437	C	C	196.854	37	14	14	0	196.854	0	0
1438	C	C	210.592	37	15	15	0	210.592	0	0
1439	C	C	171.094	37	16	13	0	171.094	0	3.46945e-17
1440	T	T	202.863	37	16	16	0	0	0	202.863
1441	T	T	211.039	37	16	16	0	0	0	211.039
1442	C	C	222.665	37	18	16	0	222.665	0	0
1443	C	C	240.505	37	17	17	0	240.505	0	0
1444	C	C	241.615	37	17	17	0	241.615	0	0
1445	G	G	243.244	37	17	17	0	0	243.244	0
1446	T	T	238.598	37	18	18	0	0	0	238.598
1447	A	A	261.818	37	19	19	261.818	0	0	0
1448	C	C	270.672	37	19	19	0	270.672	0	0
1449	T	T	261.559	37	19	19	0	0	0	261.559
1450	A	A	235.375	37	19	19	235.375	0	0	0
1451	A	A	217.068	37	17	17	217.068	0	0	0
1452	T	T	243.255	37	17	17	0	0	0	243.255
1453	A	A	199.555	37	16	16	199.555	0	0	0
1454	A	A	222.029	37	17	17	222.029	0	0	0
1455	A	A	207.972	37	16	16	207.972	0	0	0
1456	A	A	201.3	37	15	15	201.3	0	0	0
1457	C	C	181.65	37	14	13	0	181.65	0	3.25261e-18
1458	C	C	159.984	37	14	12	0	159.984	0	4.35849e-16
1459	T	T	199.486	37	14	14	0	0	0	199.486
1460	C	C	184.897	37	13	13	5.42101e-19	184.897	5.42101e-19	5.42101e-19
1461	C	C	184.897	37	13	13	5.42101e-19	184.897	5.42101e-19	5.42101e-19
1462	T	T	197.198	37	15	15	0	0	0	197.198
1463	A	A	210.515	37	15	15	210.515	0	0	0
1464	T	T	203.122	37	15	15	0	0	0	203.122
1465	T	T	203.459	37	15	15	0	0	0	203.459
1466	C	C	212.749	37	15	15	0	212.749	0	0
1467	T	T	222.62	37	16	16	0	0	0	222.62
1468	A	A	203.382	37	15	15	203.382	0	0	0
1469	A	A	195.497	37	15	15	195.497	0	0	0
1470	T	T	209.933	37	15	15	0	0	0	209.933
1471	C	C	198.777	37	14	14	0	198.777	0	0
1472	A	A	180.019	37	13	13	180.019	5.42101e-19	3.25261e-18	5.42101e-19
1473	T	T	193.44	37	14	14	0	0	0	193.44
1474	T	T	180.211	37	13	13	5.42101e-19	3.25261e-18	5.42101e-19	180.211
1475	A	A	195.601	37	14	14	195.601	0	0	0
1476	T	T	188.077	37	14	14	0	5.42101e-19	0	188.077
1477	C	C	197.917	37	14	14	0	197.917	0	0
1478	A	A	188.192	37	14	14	188.192	0	5.42101e-19	0
1479	C	C	198.777	37	14	14	0	198.777	0	0
1480	A	A	180.019	37	13	13	180.019	5.42101e-19	3.25261e-18	5.42101e-19
1481	T	T	184.897	37	13	13	5.42101e-19	5.42101e-19	5.42101e-19	184.897
1482	C	C	170.286	37	12	12	1.35525e-17	170.286	1.35525e-17	1.35525e-17
1483	C	C	170.307	37	12	12	1.35525e-17	170.307	1.35525e-17	1.35525e-17
1484	A	A	160.366	37	12	12	160.366	1.35525e-17	3.72423e-16	1.35525e-17
1485	C	C	170.307	37	12	12	1.35525e-17	170.307	1.35525e-17	1.35525e-17
1486	C	C	196.197	37	14	14	0	196.197	0	0
1487	A	A	202.541	37	15	15	202.541	0	0	0
1488	T	T	186.115	37	15	15	0	1.0842e-18	0	186.115
1489	T	T	173.513	37	14	14	0	1.95156e-17	0	173.513
1490	A	A	186.593	37	14	14	186.593	0	1.0842e-18	0
1491	T	T	175.245	37	13	13	5.42101e-19	1.19262e-17	5.42101e-19	175.245
1492	C	C	197.84	37	14	14	0	197.84	0	0
1493	C	C	198.504	37	14	14	0	198.504	0	0
1494	T	T	186.189	37	14	14	0	1.0842e-18	0	186.189
1495	A	A	203.712	37	15	15	203.712	0	0	0
1496	G	G	212.186	37	15	15	0	0	212.186	0
1497	G	G	198.404	37	15	14	0	0	198.404	0
1498	A	A	209.391	37	15	15	209.391	0	0	0
1499	A	A	201.819	37	15	15	201.819	0	0	0
1500	C	C	178.408	37	15	13	0	178.408	0	6.50521e-18
1501	C	C	212.303	37	15	15	0	212.303	0	0
1502	A	A	209.683	37	16	16	209.683	0	0	0
1503	T	T	217.257	37	16	16	0	0	0	217.257
1504	G	G	196.271	37	15	14	0	0	196.271	0
1505	A	A	191.288	37	15	15	191.288	0	5.42101e-19	0
1506	T	T	181.012	37	13	13	5.42101e-19	2.1684e-18	5.42101e-19	181.012
1507	C	C	184.897	37	13	13	5.42101e-19	184.897	5.42101e-19	5.42101e-19
1508	G	G	170.227	37	13	12	3.90313e-17	1.0842e-18	170.227	1.0842e-18
1509	T	T	170.307	37	12	12	1.35525e-17	1.35525e-17	1.35525e-17	170.307
1510	T	T	178.85	37	13	13	0	4.33681e-18	0	178.85
1511	C	C	196.931	37	14	14	0	196.931	0	0
1512	T	T	192.452	37	15	15	0	0	0	192.452
1513	A	A	201.747	37	15	15	201.747	0	0	0
1514	T	T	196.433	37	15	15	0	0	0	196.433
1515	T	T	180.011	37	14	14	0	4.33681e-18	0	180.011
1516	T	T	188.605	37	14	14	0	5.42101e-19	0	188.605
1517	A	A	201.509	37	15	15	201.509	0	0	0
1518	G	G	197.677	37	15	14	0	0	197.677	0
1519	C	C	183.42	37	13	13	5.42101e-19	183.42	5.42101e-19	5.42101e-19
1520	T	T	180.753	37	13	13	5.42101e-19	2.71051e-18	5.42101e-19	180.753
1521	C	C	197.132	37	14	14	0	197.132	0	0
1522	C	C	198.504	37	14	14	0	198.504	0	0
1523	C	C	211.643	37	15	15	0	211.643	0	0
1524	A	A	195.925	37	14	14	195.925	0	0	0
1525	T	T	189.122	37	14	14	0	5.42101e-19	0	189.122
1526	T	T	195.433	37	14	14	0	0	0	195.433
1527	G	G	172.493	37	14	13	2.38524e-17	0	172.493	0
1528	A	A	201.713	37	16	16	201.713	0	0	0
1529	C	C	207.611	37	17	15	0	207.611	0	0
1530	T	T	215.28	37	17	17	0	0	0	215.28
1531	C	C	223.75	37	17	16	0	223.75	0	0
1532	A	A	200.491	37	15	15	200.491	0	0	0
1533	T	T	189.835	37	14	14	0	5.42101e-19	0	189.835
1534	A	A	184.897	37	13	13	184.897	5.42101e-19	5.42101e-19	5.42101e-19
1535	A	A	184.897	37	13	13	184.897	5.42101e-19	5.42101e-19	5.42101e-19
1536	T	T	198.841	37	15	15	0	0	0	198.841
1537	C	C	212.035	37	15	15	0	212.035	0	0
1538	T	T	207.896	37	16	16	0	0	0	207.896
1539	G	G	227.016	37	16	16	0	0	227.016	0
1540	A	A	216.995	37	16	16	216.995	0	0	0
1541	A	A	244.121	37	18	18	244.121	0	0	0
1542	T	T	223.792	37	17	17	0	0	0	223.792
1543	T	T	217.712	37	16	16	0	0	0	217.712
1544	G	G	227.884	37	16	16	0	0	227.884	0
1545	G	G	241.58	37	17	17	0	0	241.58	0
1546	C	C	242.197	37	17	17	0	242.197	0	0
1547	T	T	224.551	37	16	16	0	0	0	224.551
1548	T	T	239.751	37	19	19	0	0	0	239.751
1549	T	T	245.111	37	19	19	0	0	0	245.111
1550	G	G	257.844	37	18	18	0	0	257.844	0
1551	A	A	254.285	37	18	18	254.285	0	0	0
1552	A	A	253.792	37	18	18	253.792	0	0	0
1553	A	A	241.321	37	18	18	241.321	0	0	0
1554	T	T	257.846	37	18	18	0	0	0	257.846
1555	G	G	219.408	37	18	16	0	0	219.408	0
1556	A	A	229.638	37	18	18	229.638	0	0	0
1557	A	A	226.158	37	18	18	226.158	0	0	0
1558	C	C	227.584	37	17	16	0	227.584	0	0
1559	A	A	228.666	37	16	16	228.666	0	0	0
1560	T	T	214.544	37	17	17	0	0	0	214.544
1561	A	A	239.695	37	17	17	239.695	0	0	0
1562	C	C	241.018	37	17	17	0	241.018	0	0
1563	T	T	233.278	37	17	17	0	0	0	233.278
1564	A	A	245.939	37	18	18	245.939	0	0	0
1565	G	G	253.863	37	19	18	0	0	253.863	0
1566	C	C	253.65	37	19	18	0	253.65	0	0
1567	C	C	255.242	37	18	18	0	255.242	0	0
1568	A	A	246.317	37	18	18	246.317	0	0	0
1569	T	T	247.445	37	18	18	0	0	0	247.445
1570	T	T	239.334	37	17	17	0	0	0	239.334
1571	A	A	208.479	37	17	17	208.479	0	0	0
1572	T	T	237.329	37	17	17	0	0	0	237.329
1573	C	C	248.827	37	20	18	0	248.827	0	0
1574	C	C	253.254	37	19	18	0	253.254	0	0
1575	C	C	219.384	37	18	16	0	219.384	0	0
1576	A	A	227.835	37	18	18	227.835	0	0	0
1577	A	A	224.949	37	17	17	224.949	0	0	0
1578	T	T	223.881	37	17	17	0	0	0	223.881
1579	C	C	226.305	37	17	16	0	226.305	0	0
1580	C	C	224.085	37	17	16	0	224.085	0	0
1581	T	T	218.432	37	16	16	0	0	0	218.432
1582	A	A	210.515	37	15	15	210.515	0	0	0
1583	A	A	210.023	37	15	15	210.023	0	0	0
1584	T	T	214.076	37	15	15	0	0	0	214.076
1585	G	G	226.846	37	16	16	0	0	226.846	0
1586	A	A	223.25	37	17	17	223.25	0	0	0
1587	A	A	209.911	37	16	16	209.911	0	0	0
1588	A	A	207.999	37	16	16	207.999	0	0	0
1589	A	A	195.742	37	15	15	195.742	0	0	0
1590	A	A	192.949	37	15	15	192.949	0	0	0
1591	T	T	199.486	37	14	14	0	0	0	199.486
1592	A	A	159.242	37	13	13	159.242	5.42101e-19	5.1608e-16	5.42101e-19
1593	T	T	184.897	37	13	13	5.42101e-19	5.42101e-19	5.42101e-19	184.897
1594	T	T	170.307	37	12	12	1.35525e-17	1.35525e-17	1.35525e-17	170.307
1595	A	A	146.053	37	13	13	146.053	5.42101e-19	1.07748e-14	5.42101e-19
1596	A	A	134.777	37	11	11	134.777	3.88144e-16	1.43783e-13	3.88144e-16
1597	T	T	137.013	37	10	10	1.11684e-14	6.40609e-14	1.11697e-14	137.013
1598	C	C	140.365	37	10	10	1.33091e-14	140.365	1.3308e-14	1.33086e-14
1599	C	C	111.33	37	8	8	1.0657e-11	111.33	1.06565e-11	1.06567e-11
1600	A	A	121.659	37	9	9	121.659	3.21332e-13	2.32107e-12	3.21315e-13
1601	C	C	125.555	37	9	9	4.02878e-13	125.555	4.02861e-13	4.02868e-13
1602	G	G	111.947	37	8	8	9.24538e-12	9.24516e-12	111.947	9.24557e-12
1603	T	T	107.804	37	8	8	9.24516e-12	5.35157e-11	9.24558e-12	107.804
1604	G	G	111.947	37	8	8	9.24538e-12	9.24516e-12	111.947	9.24557e-12
1605	C	C	111.947	37	8	8	9.24549e-12	111.947	9.24513e-12	9.24529e-12
1606	C	C	111.725	37	9	8	9.48766e-13	111.725	9.48735e-13	2.72982e-11
1607	A	A	126.537	37	9	9	126.537	3.21332e-13	3.21321e-13	3.21315e-13
1608	C	C	109.423	37	9	8	1.61176e-12	109.423	1.61171e-12	4.63741e-11
1609	A	A	126.537	37	9	9	126.537	3.21333e-13	3.21321e-13	3.21316e-13
1610	G	G	126.517	37	9	9	3.22918e-13	3.22372e-13	126.517	3.23253e-13
1611	A	A	137.566	37	10	10	137.566	1.11678e-14	5.37249e-14	1.11673e-14
1612	A	A	137.074	37	10	10	137.074	1.11678e-14	6.28599e-14	1.11673e-14
1613	G	G	140.346	37	10	10	1.33682e-14	1.33677e-14	140.346	1.33682e-14
1614	C	C	124.073	37	10	9	5.76904e-14	124.073	5.96094e-14	1.58265e-12
1615	T	T	137.242	37	10	10	1.11673e-14	5.96195e-14	1.11678e-14	137.242
1616	T	T	126.537	37	9	9	3.21316e-13	3.21321e-13	3.21333e-13	126.537
1617	C	C	126.537	37	9	9	3.21329e-13	126.537	3.21314e-13	3.21321e-13
1618	T	T	126.537	37	9	9	3.21315e-13	3.2132e-13	3.21332e-13	126.537
1619	A	A	126.537	37	9	9	126.537	3.21332e-13	3.21321e-13	3.21315e-13
1620	C	C	126.314	37	10	9	3.29744e-14	126.314	3.29733e-14	9.48751e-13
1621	T	T	136.249	37	10	10	1.11673e-14	8.0669e-14	1.11681e-14	136.249
1622	A	A	155.717	37	11	11	155.717	3.88144e-16	3.88144e-16	3.88144e-16
1623	A	A	170.307	37	12	12	170.307	1.35525e-17	1.35525e-17	1.35525e-17
1624	A	A	147.322	37	12	12	147.322	1.35525e-17	8.01822e-15	1.35525e-17
1625	T	T	159.726	37	12	12	1.35525e-17	4.35307e-16	1.35525e-17	159.726
1626	A	A	144.412	37	12	12	144.412	1.35525e-17	1.56982e-14	1.35525e-17
1627	T	T	177.498	37	14	14	0	7.58942e-18	0	177.498
1628	T	T	191.871	37	15	15	0	5.42101e-19	0	191.871
1629	T	T	136.625	37	11	11	3.88144e-16	9.36816e-14	3.88144e-16	136.625
1630	C	C	153.233	37	11	11	6.90637e-16	153.233	6.85216e-16	6.86842e-16
1631	C	C	137.315	37	11	10	2.61835e-15	137.315	2.61835e-15	7.53477e-14
1632	T	T	151.832	37	11	11	3.88144e-16	2.07218e-15	3.88144e-16	151.832
1633	C	C	155.717	37	11	11	3.88144e-16	155.717	3.88144e-16	3.88144e-16
1634	A	A	149.79	37	11	11	149.79	3.88144e-16	3.78224e-15	3.88144e-16
1635	C	C	141.127	37	10	10	1.11681e-14	141.127	1.11673e-14	1.11676e-14
1636	A	A	141.127	37	10	10	141.127	1.11678e-14	1.11676e-14	1.11673e-14
1637	C	C	141.127	37	10	10	1.11678e-14	141.127	1.11673e-14	1.11676e-14
1638	T	T	141.127	37	10	10	1.11673e-14	1.11676e-14	1.11678e-14	141.127
1639	A	A	130.395	37	10	10	130.395	1.11678e-14	3.74177e-13	1.11673e-14
1640	G	G	123.466	37	10	9	1.82801e-12	6.35277e-14	123.466	6.35375e-14
1641	C	C	141.127	37	10	10	1.11678e-14	141.127	1.11673e-14	1.11676e-14
1642	C	C	141.127	37	10	10	1.11678e-14	141.127	1.11673e-14	1.11676e-14
1643	A	A	122.652	37	9	9	122.652	3.21331e-13	1.71542e-12	3.21315e-13
1644	C	C	125.514	37	9	9	4.07713e-13	125.514	4.05519e-13	4.06882e-13
1645	C	C	125.678	37	9	9	3.91643e-13	125.678	3.91624e-13	3.91634e-13
1646	G	G	109.416	37	9	8	4.64543e-11	1.61449e-12	109.416	1.61455e-12
1647	C	C	125.827	37	9	9	3.78388e-13	125.827	3.78369e-13	3.78379e-13
1648	A	A	100.303	37	8	8	100.303	9.24562e-12	3.86574e-10	9.24518e-12
1649	T	T	125.892	37	10	10	1.1167e-14	1.09601e-12	1.11678e-14	125.892
1650	C	C	109.119	37	9	8	1.72874e-12	109.119	1.72867e-12	4.97398e-11
1651	C	C	121.509	37	10	9	9.97108e-14	121.509	9.97076e-14	2.86892e-12
1652	A	A	126.537	37	9	9	126.537	3.21332e-13	3.21321e-13	3.21315e-13
1653	A	A	126.537	37	9	9	126.537	3.21332e-13	3.21321e-13	3.21315e-13
1654	C	C	109.463	37	9	8	1.59724e-12	109.463	1.59718e-12	4.59563e-11
1655	C	C	125.827	37	9	9	3.78385e-13	125.827	3.78368e-13	3.78377e-13
1656	T	T	126.537	37	9	9	3.21315e-13	3.2132e-13	3.21332e-13	126.537
1657	C	C	126.537	37	9	9	3.21329e-13	126.537	3.21314e-13	3.21321e-13
1658	C	C	126.537	37	9	9	3.21329e-13	126.537	3.21314e-13	3.21321e-13
1659	T	T	111.947	37	8	8	9.24516e-12	9.24528e-12	9.24558e-12	111.947
1660	G	G	111.947	37	8	8	9.24538e-12	9.24516e-12	111.947	9.24557e-12
1661	A	A	116.465	37	9	9	116.465	3.21332e-13	9.15814e-12	3.21315e-13
1662	T	T	121.852	37	9	9	3.21315e-13	2.19275e-12	3.21331e-13	121.852
1663	A	A	107.964	37	9	9	107.964	3.21383e-13	6.87662e-11	3.21344e-13
1664	C	C	125.747	37	9	9	3.85479e-13	125.747	3.85463e-13	3.8547e-13
1665	T	T	122.652	37	9	9	3.21315e-13	1.71542e-12	3.21331e-13	122.652
1666	A	A	91.4303	37	7	7	91.4303	2.66022e-10	2.59225e-09	2.66011e-10
1667	G	G	82.7677	37	6	6	7.65412e-09	7.65393e-09	82.7677	7.65425e-09
1668	G	G	96.7405	37	7	7	3.06628e-10	3.06621e-10	96.7405	3.06633e-10
1669	C	C	52.3465	37	7	5	3.04874e-08	52.3465	3.04871e-08	2.52396e-05
1670	A	A	93.2435	37	7	7	93.2435	2.66021e-10	1.52592e-09	2.6601e-10
1671	T	T	99.033	37	8	8	9.24516e-12	5.24114e-10	9.24557e-12	99.033
1672	T	T	106.231	37	9	9	3.21315e-13	1.02797e-10	3.21331e-13	106.231
1673	A	A	111.947	37	8	8	111.947	9.24563e-12	9.24534e-12	9.24518e-12
1674	T	T	106.04	37	9	9	3.21315e-13	1.07452e-10	3.21331e-13	106.04
1675	T	T	108.147	37	9	9	3.21315e-13	6.58932e-11	3.21331e-13	108.147
1676	A	A	122.976	37	9	9	122.976	3.21381e-13	1.54597e-12	3.21343e-13
1677	T	T	122.394	37	9	9	3.21315e-13	1.85994e-12	3.21331e-13	122.394
1678	C	C	125.827	37	9	9	3.78385e-13	125.827	3.78369e-13	3.78376e-13
1679	A	A	121.659	37	9	9	121.659	3.21332e-13	2.32107e-12	3.21315e-13
1680	A	A	135.2	37	10	10	135.2	1.11678e-14	1.08824e-13	1.11673e-14
1681	T	T	127.541	37	10	10	1.11673e-14	7.42638e-13	1.11678e-14	127.541
1682	C	C	139.209	37	10	10	1.73684e-14	139.209	1.73673e-14	1.73678e-14
1683	T	T	130.432	37	10	10	1.11673e-14	3.70803e-13	1.11678e-14	130.432
1684	A	A	141.127	37	10	10	141.127	1.11678e-14	1.11676e-14	1.11673e-14
1685	C	C	140.51	37	10	10	1.28727e-14	140.51	1.28722e-14	1.28725e-14
1686	T	T	141.127	37	10	10	1.11673e-14	1.11676e-14	1.11678e-14	141.127
1687	A	A	145.483	37	11	11	145.483	3.88144e-16	1.15126e-14	3.88144e-16
1688	C	C	154.735	37	11	11	4.86807e-16	154.735	4.86807e-16	4.86807e-16
1689	A	A	142.723	37	11	11	142.723	3.88144e-16	2.24229e-14	3.88144e-16
1690	T	T	136.984	37	10	10	1.11673e-14	6.4642e-14	1.11678e-14	136.984
1691	T	T	143.024	37	11	11	3.88144e-16	2.08687e-14	3.88144e-16	143.024
1692	C	C	140.145	37	10	10	1.40019e-14	140.145	1.40014e-14	1.40014e-14
1693	A	A	140.337	37	10	10	140.337	1.41648e-14	1.31118e-14	1.29139e-14
1694	G	G	141.127	37	10	10	1.11676e-14	1.11673e-14	141.127	1.11678e-14
1695	G	G	141.127	37	10	10	1.11676e-14	1.11673e-14	141.127	1.11678e-14
1696	G	G	141.127	37	10	10	1.11676e-14	1.11673e-14	141.127	1.11678e-14
1697	C	C	140.904	37	11	10	1.146e-15	140.904	1.146e-15	3.29744e-14
1698	A	A	155.717	37	11	11	155.717	3.88144e-16	3.88144e-16	3.88144e-16
1699	C	C	154.936	37	11	11	4.64581e-16	154.936	4.64581e-16	4.64581e-16
1700	C	C	154.955	37	11	11	4.62412e-16	154.955	4.62412e-16	4.62412e-16
1701	G	G	154.955	37	11	11	4.62954e-16	4.62954e-16	154.955	4.62412e-16
1702	A	A	151.603	37	11	11	151.603	3.88144e-16	2.22641e-15	3.88144e-16
1703	A	A	165.429	37	12	12	165.429	1.35525e-17	9.75782e-17	1.35525e-17
1704	C	C	182.341	37	13	13	1.0842e-18	182.341	1.0842e-18	1.0842e-18
1705	A	A	180.842	37	13	13	180.842	5.42101e-19	2.71051e-18	5.42101e-19
1706	A	A	180.782	37	13	13	180.782	5.42101e-19	2.71051e-18	5.42101e-19
1707	T	T	166.943	37	13	13	5.42101e-19	8.67362e-17	5.42101e-19	166.943
1708	C	C	183.489	37	13	13	5.42101e-19	183.489	5.42101e-19	5.42101e-19
1709	T	T	166.422	37	12	12	1.35525e-17	7.20994e-17	1.35525e-17	166.422
1710	C	C	170.307	37	12	12	1.35525e-17	170.307	1.35525e-17	1.35525e-17
1711	A	A	166.163	37	12	12	166.163	1.35525e-17	7.80626e-17	1.35525e-17
1712	A	A	165.958	37	12	12	165.958	1.35525e-17	8.29415e-17	1.35525e-17
1713	T	T	170.307	37	12	12	1.35525e-17	1.35525e-17	1.35525e-17	170.307
1714	A	A	157.392	37	12	12	157.392	1.35525e-17	7.64905e-16	1.35525e-17
1715	A	A	151.603	37	11	11	151.603	3.88144e-16	2.22641e-15	3.88144e-16
1716	T	T	155.717	37	11	11	3.88144e-16	3.88144e-16	3.88144e-16	155.717
1717	C	C	155.717	37	11	11	3.88144e-16	155.717	3.88144e-16	3.88144e-16
1718	C	C	141.127	37	10	10	1.11678e-14	141.127	1.11673e-14	1.11676e-14
1719	C	C	141.127	37	10	10	1.11678e-14	141.127	1.11673e-14	1.11676e-14
1720	C	C	141.127	37	10	10	1.11684e-14	141.127	1.11676e-14	1.11681e-14
1721	A	A	164.26	37	12	12	164.26	1.35525e-17	1.36067e-16	1.35525e-17
1722	A	A	170.307	37	12	12	170.307	1.35525e-17	1.35525e-17	1.35525e-17
1723	C	C	151.667	37	12	11	9.6494e-17	151.667	9.6494e-17	2.76688e-15
1724	C	C	122.791	37	12	10	2.75171e-15	122.791	2.75171e-15	2.27849e-12
1725	C	C	181.163	37	13	13	1.0842e-18	181.163	1.0842e-18	1.0842e-18
1726	A	A	174.955	37	13	13	174.955	5.42101e-19	1.30104e-17	5.42101e-19
1727	A	A	173.368	37	13	13	173.368	5.42101e-19	1.89735e-17	5.42101e-19
1728	T	T	180.753	37	13	13	5.42101e-19	2.71051e-18	5.42101e-19	180.753
1729	C	C	169.597	37	12	12	1.57209e-17	169.597	1.57209e-17	1.57209e-17
1730	G	G	168.116	37	12	12	2.22261e-17	2.22261e-17	168.116	2.22261e-17
1731	C	C	155.715	37	11	11	3.88415e-16	155.715	3.88144e-16	3.88144e-16
1732	A	A	166.193	37	12	12	166.193	1.35525e-17	7.75205e-17	1.35525e-17
1733	T	T	165.621	37	12	12	1.35525e-17	9.21572e-17	1.35525e-17	165.621
1734	C	C	169.447	37	12	12	1.6263e-17	169.447	1.6263e-17	1.6263e-17
1735	G	G	184.897	37	13	13	5.42101e-19	5.42101e-19	184.897	5.42101e-19
1736	A	A	184.897	37	13	13	184.897	5.42101e-19	5.42101e-19	5.42101e-19
1737	C	C	167.236	37	13	12	2.1684e-18	167.236	2.1684e-18	7.69784e-17
1738	C	C	183.315	37	13	13	5.42101e-19	183.315	5.42101e-19	5.42101e-19
1739	G	G	199.486	37	14	14	0	0	199.486	0
1740	G	G	199.486	37	14	14	0	0	199.486	0
1741	A	A	199.486	37	14	14	199.486	0	0	0
1742	T	T	195.341	37	14	14	0	0	0	195.341
1743	T	T	195.926	37	14	14	0	0	0	195.926
1744	C	C	199.486	37	14	14	0	199.486	0	0
1745	A	A	188.61	37	14	14	188.61	0	5.42101e-19	0
1746	C	C	199.486	37	14	14	0	199.486	0	0
1747	C	C	199.486	37	14	14	0	199.486	0	0
1748	A	A	178.969	37	13	13	178.969	5.42101e-19	4.33681e-18	5.42101e-19
1749	T	T	170.307	37	12	12	1.35525e-17	1.35525e-17	1.35525e-17	170.307
1750	T	T	178.969	37	13	13	5.42101e-19	4.33681e-18	5.42101e-19	178.969
1751	G	G	184.897	37	13	13	5.42101e-19	5.42101e-19	184.897	5.42101e-19
1752	C	C	197.06	37	14	14	0	197.06	0	0
1753	C	C	197.742	37	14	14	0	197.742	0	0
1754	C	C	182.069	37	14	13	0	182.069	0	2.1684e-18
1755	T	T	195.343	37	14	14	0	0	0	195.343
1756	A	A	195.343	37	14	14	195.343	0	0	0
1757	G	G	198.627	37	14	14	0	0	198.627	0
1758	C	C	199.486	37	14	14	0	199.486	0	0
1759	A	A	187.229	37	14	14	187.229	0	5.42101e-19	0
1760	A	A	180.843	37	13	13	180.843	5.42101e-19	2.71051e-18	5.42101e-19
1761	T	T	184.897	37	13	13	5.42101e-19	5.42101e-19	5.42101e-19	184.897
1762	A	A	174.015	37	13	13	174.015	5.42101e-19	1.6263e-17	5.42101e-19
1763	A	A	164.972	37	13	13	164.972	5.42101e-19	1.37152e-16	5.42101e-19
1764	A	A	152.99	37	12	12	152.99	1.35525e-17	2.15485e-15	1.35525e-17
1765	A	A	151.052	37	12	12	151.052	1.35525e-17	3.38163e-15	1.35525e-17
1766	C	C	170.307	37	12	12	1.35525e-17	170.307	1.35525e-17	1.35525e-17
1767	T	T	164.26	37	12	12	1.35525e-17	1.35525e-16	1.35525e-17	164.26
1768	T	T	151.031	37	11	11	3.88144e-16	2.64871e-15	3.88144e-16	151.031
1769	G	G	140.268	37	10	10	1.36111e-14	1.36111e-14	140.268	1.36116e-14
1770	G	G	153.315	37	11	11	6.74916e-16	6.74916e-16	153.315	6.74916e-16
1771	C	C	154.025	37	11	11	5.73001e-16	154.025	5.73001e-16	5.73001e-16
1772	C	C	140.268	37	10	10	1.36116e-14	140.268	1.36111e-14	1.36111e-14
1773	T	T	136.984	37	10	10	1.11673e-14	6.4642e-14	1.11678e-14	136.984
1774	A	A	132.906	37	11	11	132.906	3.88144e-16	2.21628e-13	3.88144e-16
1775	T	T	132.216	37	11	11	3.88144e-16	2.59945e-13	3.88144e-16	132.216
1776	C	C	152.817	37	11	11	7.56773e-16	152.817	7.56773e-16	7.56773e-16
1777	C	C	137.345	37	11	10	2.601e-15	137.345	2.601e-15	7.48371e-14
1778	C	C	151.881	37	11	11	9.38919e-16	151.881	9.38919e-16	9.38919e-16
1779	C	C	153.332	37	11	11	6.72205e-16	153.332	6.72205e-16	6.72205e-16
1780	C	C	154.935	37	11	11	4.64581e-16	154.935	4.64581e-16	4.64581e-16
1781	T	T	137.074	37	10	10	1.1167e-14	6.28593e-14	1.11678e-14	137.074
1782	T	T	137.566	37	10	10	1.11678e-14	5.37276e-14	1.11689e-14	137.566
1783	T	T	141.127	37	10	10	1.11673e-14	1.11676e-14	1.11681e-14	141.127
1784	C	C	141.127	37	10	10	1.11678e-14	141.127	1.11673e-14	1.11676e-14
1785	A	A	119.815	37	10	10	119.815	1.11678e-14	4.50924e-12	1.11673e-14
1786	C	C	126.509	37	9	9	3.24002e-13	126.509	3.23044e-13	3.2331e-13
1787	T	T	111.947	37	8	8	9.24516e-12	9.24528e-12	9.24558e-12	111.947
1788	T	T	97.3576	37	7	7	2.6601e-10	2.66013e-10	2.66021e-10	97.3576
1789	T	T	97.3573	37	7	7	2.66021e-10	2.66025e-10	2.66039e-10	97.3573
1790	T	T	97.3576	37	7	7	2.6601e-10	2.66013e-10	2.66021e-10	97.3576
1791	G	G	97.3576	37	7	7	2.66015e-10	2.6601e-10	97.3576	2.6602e-10
1792	A	A	126.537	37	9	9	126.537	3.21332e-13	3.21321e-13	3.21315e-13
1793	G	G	126.537	37	9	9	3.21328e-13	3.21319e-13	126.537	3.21337e-13
1794	T	T	115.583	37	9	9	3.21315e-13	1.13644e-11	3.21331e-13	115.583
1795	T	T	115.92	37	9	9	3.21315e-13	1.04693e-11	3.21332e-13	115.92
1796	C	C	138.227	37	10	10	2.17773e-14	138.227	2.17762e-14	2.17767e-14
1797	C	C	125.014	37	10	9	4.44837e-14	125.014	4.44816e-14	1.27989e-12
1798	A	A	136.778	37	10	10	136.778	1.11678e-14	6.88552e-14	1.11673e-14
1799	G	G	140.144	37	10	10	1.4003e-14	1.40025e-14	140.144	1.40041e-14
1800	A	A	128.434	37	10	10	128.434	1.11678e-14	6.00453e-13	1.11673e-14
1801	A	A	136.984	37	10	10	136.984	1.11678e-14	6.46423e-14	1.11673e-14
1802	G	G	124.326	37	10	9	1.49954e-12	5.21143e-14	124.326	5.21176e-14
1803	T	T	136.778	37	10	10	1.11673e-14	6.88552e-14	1.11678e-14	136.778
1804	C	C	140.113	33.2895	11	10	1.37477e-15	140.113	1.37477e-15	3.95604e-14
1805	A	A	137.242	33.0469	10	10	137.242	1.11678e-14	5.96197e-14	1.11673e-14
1806	C	C	124.012	33.0469	10	9	5.60261e-14	124.012	5.60207e-14	1.61196e-12
1807	A	A	130.893	33.0469	10	10	130.893	1.11678e-14	3.31251e-13	1.11673e-14
1808	C	C	140.51	33.0469	10	10	1.28727e-14	140.51	1.28722e-14	1.28725e-14
1809	A	A	142.723	33.2895	11	11	142.723	3.88144e-16	2.24229e-14	3.88144e-16
1810	A	A	136.249	33.0469	10	10	136.249	1.11678e-14	8.0669e-14	1.11673e-14
1811	G	G	139.554	33.0469	10	10	1.6044e-14	1.60435e-14	139.554	1.6044e-14
1812	G	G	126.537	32.7677	9	9	3.21324e-13	3.21315e-13	126.537	3.21332e-13
1813	C	C	125.827	32.7677	9	9	3.78384e-13	125.827	3.78368e-13	3.78375e-13
1814	G	G	141.127	33.0469	10	10	1.11676e-14	1.11673e-14	141.127	1.11678e-14
1815	T	T	136.442	33.0469	10	10	1.11673e-14	7.62091e-14	1.11678e-14	136.442
1816	T	T	142.42	33.2895	11	11	3.88144e-16	2.41013e-14	3.88144e-16	142.42
1817	C	C	155.205	33.6913	13	12	4.33681e-17	155.205	4.33681e-17	1.22515e-15
1818	C	C	165.345	33.6913	13	12	4.33681e-18	165.345	4.33681e-18	1.18178e-16
1819	T	T	171.111	33.86	14	14	0	3.36103e-17	0	171.111
1820	T	T	173.506	33.86	14	14	0	1.95156e-17	0	173.506
1821	T	T	167.617	33.6913	13	13	5.42101e-19	7.42678e-17	5.42101e-19	167.617
1822	G	G	170.084	33.6913	13	12	4.01155e-17	1.0842e-18	170.084	1.0842e-18
1823	T	T	166.422	33.5025	12	12	1.35525e-17	7.20994e-17	1.35525e-17	166.422
1824	C	C	170.307	33.5025	12	12	1.35525e-17	170.307	1.35525e-17	1.35525e-17
1825	C	C	170.307	33.5025	12	12	1.35525e-17	170.307	1.35525e-17	1.35525e-17
1826	T	T	170.307	33.5025	12	12	1.35525e-17	1.35525e-17	1.35525e-17	170.307
1827	C	C	170.307	33.5025	12	12	1.35525e-17	170.307	1.35525e-17	1.35525e-17
1828	A	A	150.839	33.2895	11	11	150.839	3.88144e-16	2.80375e-15	3.88144e-16
1829	G	G	168.733	33.5025	12	12	1.89735e-17	1.89735e-17	168.733	1.95156e-17
1830	G	G	170.307	33.5025	12	12	1.35525e-17	1.35525e-17	170.307	1.35525e-17
1831	A	A	170.174	33.5025	12	12	170.174	1.40946e-17	1.40946e-17	1.35525e-17
1832	A	A	170.307	33.5025	12	12	170.307	1.35525e-17	1.35525e-17	1.35525e-17
1833	T	T	164.709	33.6913	13	13	5.42101e-19	1.45825e-16	5.42101e-19	164.709
1834	G	G	184.135	33.6913	13	13	5.42101e-19	5.42101e-19	184.135	5.42101e-19
1835	G	G	198.705	33.86	14	14	0	0	198.705	0
1836	T	T	192.583	34.0116	15	15	0	0	0	192.583
1837	T	T	195.605	34.0116	15	15	0	0	0	195.605
1838	C	C	177.503	34.0116	15	13	0	177.503	0	7.58942e-18
1839	T	T	205.216	34.2735	17	17	0	0	0	205.216
1840	A	A	230.224	34.2735	17	17	230.224	0	0	0
1841	C	C	226.119	34.2735	17	16	0	226.119	0	0
1842	T	T	222.31	34.3875	18	18	0	0	0	222.31
1843	A	A	237.835	34.3875	18	18	237.835	0	0	0
1844	A	A	231.962	37	17	17	231.962	0	0	0
1845	C	C	241.654	37	18	17	0	241.654	0	0
1846	A	A	232.374	37	17	17	232.374	0	0	0
1847	T	T	239.142	37	17	17	0	0	0	239.142
1848	G	G	227.885	37	16	16	0	0	227.885	0
1849	A	A	223.788	37	16	16	223.788	0	0	0
1850	C	C	228.661	37	16	16	0	228.661	0	0
1851	A	A	214.076	37	15	15	214.076	0	0	0
1852	A	A	210.515	37	15	15	210.515	0	0	0
1853	A	A	204.212	37	15	15	204.212	0	0	0
1854	A	A	203.496	37	15	15	203.496	0	0	0
1855	A	A	202.469	37	15	15	202.469	0	0	0
1856	A	A	207.665	37	16	16	207.665	0	0	0
1857	T	T	214.701	37	16	16	0	0	0	214.701
1858	C	C	212.313	37	15	15	0	212.313	0	0
1859	G	G	209.137	37	16	15	0	0	209.137	0
1860	C	C	181.166	37	18	14	0	181.166	0	4.33681e-18
1861	A	A	223.171	37	17	17	223.171	0	0	0
1862	C	C	253.77	37	18	18	0	253.77	0	0
1863	C	C	176.597	37	17	14	0	176.597	0	8.67362e-18
1864	T	T	207.658	37	17	17	0	0	0	207.658
1865	C	C	224.683	37	17	16	0	224.683	0	0
1866	T	T	225.182	37	17	17	0	0	0	225.182
1867	A	A	237.801	37	18	18	237.801	0	0	0
1868	T	T	232.18	37	17	17	0	0	0	232.18
1869	A	A	231.585	37	17	17	231.585	0	0	0
1870	C	C	242.465	37	17	17	0	242.465	0	0
1871	G	G	226.404	37	16	16	0	0	226.404	0
1872	T	T	214.076	37	15	15	0	0	0	214.076
1873	C	C	214.076	37	15	15	0	214.076	0	0
1874	C	C	214.076	37	15	15	0	214.076	0	0
1875	T	T	214.071	37	15	15	0	0	0	214.071
1876	A	A	188.754	37	14	14	188.754	0	5.42101e-19	0
1877	A	A	202.825	37	15	15	202.825	0	0	0
1878	A	A	201.984	37	15	15	201.984	0	0	0
1879	C	C	213.295	37	15	15	0	213.295	0	0
1880	C	C	197.08	37	14	14	0	197.08	0	0
1881	A	A	181.456	37	14	14	181.456	0	3.25261e-18	0
1882	A	A	180.831	37	14	14	180.831	0	3.79471e-18	0
1883	A	A	178.963	37	14	14	178.963	0	5.42101e-18	0
1884	T	T	201.384	37	15	15	0	0	0	201.384
1885	C	C	169.325	37	12	12	1.68051e-17	169.325	1.68051e-17	1.68051e-17
1886	T	T	165.958	37	12	12	1.35525e-17	8.29415e-17	1.35525e-17	165.958
1887	C	C	169.475	37	12	12	1.6263e-17	169.475	1.6263e-17	1.6263e-17
1888	A	A	166.235	37	12	12	166.235	1.35525e-17	7.64363e-17	1.35525e-17
1889	C	C	170.307	37	12	12	1.35525e-17	170.307	1.35525e-17	1.35525e-17
1890	C	C	170.278	37	12	12	1.35525e-17	170.278	1.35525e-17	1.35525e-17
1891	G	G	181.78	37	13	13	1.0842e-18	1.0842e-18	181.78	1.0842e-18
1892	T	T	176.128	37	14	14	0	1.0842e-17	0	176.128
1893	G	G	183.615	37	14	13	2.1684e-18	0	183.615	0
1894	C	C	161.982	37	14	12	0	161.982	0	2.74303e-16
1895	A	A	189.835	37	14	14	189.835	0	5.42101e-19	0
1896	T	T	174.364	37	14	14	0	1.57209e-17	0	174.364
1897	C	C	181.895	37	14	13	0	181.895	0	2.1684e-18
1898	A	A	194.384	37	15	15	194.384	0	0	0
1899	A	A	184.517	37	15	15	184.517	0	1.6263e-18	0
1900	T	T	186.189	37	14	14	0	1.0842e-18	0	186.189
1901	C	C	182.336	37	14	13	0	182.336	0	2.1684e-18
1902	C	C	167.386	37	13	12	2.1684e-18	167.386	2.1684e-18	7.37257e-17
1903	A	A	178.969	37	13	13	178.969	5.42101e-19	4.33681e-18	5.42101e-19
1904	A	A	168.999	37	12	12	168.999	1.95156e-17	1.84314e-17	1.68051e-17
1905	A	A	170.307	37	12	12	170.307	1.35525e-17	1.35525e-17	1.35525e-17
1906	C	C	170.307	37	12	12	1.35525e-17	170.307	1.35525e-17	1.35525e-17
1907	A	A	166.746	37	12	12	166.746	1.35525e-17	6.50521e-17	1.35525e-17
1908	T	T	178.969	37	13	13	5.42101e-19	4.33681e-18	5.42101e-19	178.969
1909	G	G	198.705	37	14	14	0	0	198.705	0
1910	C	C	197.723	37	14	14	0	197.723	0	0
1911	T	T	188.61	37	14	14	0	5.42101e-19	0	188.61
1912	A	A	174.202	37	13	13	174.202	5.42101e-19	1.57209e-17	5.42101e-19
1913	G	G	197.568	37	14	14	0	0	197.568	0
1914	T	T	194.609	37	14	14	0	0	0	194.609
1915	A	A	165.279	37	13	13	165.279	5.42101e-19	1.27936e-16	5.42101e-19
1916	G	G	183.354	37	13	13	5.42101e-19	5.42101e-19	183.354	5.42101e-19
1917	C	C	183.297	37	13	13	5.42101e-19	183.297	5.42101e-19	5.42101e-19
1918	A	A	171.071	37	13	13	171.071	5.42101e-19	3.30682e-17	5.42101e-19
1919	A	A	164.379	37	12	12	164.379	1.35525e-17	1.31188e-16	1.35525e-17
1920	T	T	151.832	37	11	11	3.87873e-16	2.07191e-15	3.88144e-16	151.832
1921	A	A	155.717	37	11	11	155.717	3.88144e-16	3.88144e-16	3.88144e-16
1922	G	G	155.007	37	11	11	4.56991e-16	4.56991e-16	155.007	4.56991e-16
1923	C	C	155.717	37	11	11	3.88144e-16	155.717	3.88144e-16	3.88144e-16
1924	C	C	155.717	37	11	11	3.88144e-16	155.717	3.88144e-16	3.88144e-16
1925	G	G	168.707	37	12	12	1.95156e-17	1.95156e-17	168.707	1.95156e-17
1926	C	C	169.324	37	12	12	1.68051e-17	169.324	1.68051e-17	1.68051e-17
1927	T	T	151.368	37	11	11	3.88144e-16	2.39311e-15	3.88144e-16	151.368
1928	A	A	137.001	37	11	11	137.001	3.88144e-16	8.58588e-14	3.88144e-16
1929	C	C	154.784	37	12	11	4.66207e-17	154.784	4.66207e-17	1.34983e-15
1930	A	A	142.558	37	11	11	142.558	3.88144e-16	2.33198e-14	3.88144e-16
1931	T	T	137.013	37	10	10	1.11673e-14	6.40595e-14	1.11681e-14	137.013
1932	C	C	153.31	37	11	11	6.75458e-16	153.31	6.75458e-16	6.75458e-16
1933	C	C	139.528	37	10	10	1.61394e-14	139.528	1.61389e-14	1.61394e-14
1934	G	G	141.127	37	10	10	1.11676e-14	1.11673e-14	141.127	1.11678e-14
1935	T	T	142.824	37	11	11	3.88144e-16	2.18928e-14	3.88144e-16	142.824
1936	A	A	184.897	37	13	13	184.897	5.42101e-19	5.42101e-19	5.42101e-19
1937	T	T	165.123	37	13	13	5.42101e-19	1.32273e-16	5.42101e-19	165.123
1938	T	T	175.938	37	15	15	0	1.0842e-17	0	175.938
1939	A	A	203.417	37	15	15	203.417	0	0	0
1940	G	G	212.303	37	15	15	0	0	212.303	0
1941	T	T	208.107	37	16	16	0	0	0	208.107
1942	A	A	223.98	37	16	16	223.98	0	0	0
1943	G	G	241.611	37	17	17	0	0	241.611	0
1944	G	G	228.666	37	16	16	0	0	228.666	0
1945	A	A	225.105	37	16	16	225.105	0	0	0
1946	G	G	227.904	37	16	16	0	0	227.904	0
1947	G	G	226.651	37	16	16	0	0	226.651	0
1948	C	C	228.666	37	16	16	0	228.666	0	0
1949	T	T	228.666	37	16	16	0	0	0	228.666
1950	G	G	211.959	37	15	15	0	0	211.959	0
1951	A	A	198.982	37	15	15	198.982	0	0	0
1952	G	G	184.897	37	13	13	5.42101e-19	5.42101e-19	184.897	5.42101e-19
1953	G	G	184.897	37	13	13	5.42101e-19	5.42101e-19	184.897	5.42101e-19
1954	A	A	184.897	37	13	13	184.897	5.42101e-19	5.42101e-19	5.42101e-19
1955	G	G	199.486	37	14	14	0	0	199.486	0
1956	G	G	198.159	37	14	14	0	0	198.159	0
1957	A	A	182.251	37	14	14	182.251	0	2.71051e-18	0
1958	C	C	198.696	37	14	14	0	198.696	0	0
1959	T	T	201.384	37	15	15	0	0	0	201.384
1960	A	A	190.329	37	15	15	190.329	0	5.42101e-19	0
1961	A	A	193.559	37	14	14	193.559	0	0	0
1962	A	A	195.601	37	14	14	195.601	0	0	0
1963	C	C	160.722	37	14	12	0	160.722	0	3.6646e-16
1964	C	C	197.865	37	14	14	0	197.865	0	0
1965	A	A	188.838	37	14	14	188.838	0	5.42101e-19	0
1966	A	A	186.572	37	14	14	186.572	0	1.0842e-18	0
1967	T	T	184.897	37	13	13	5.42101e-19	5.42101e-19	5.42101e-19	184.897
1968	C	C	184.897	37	13	13	5.42101e-19	184.897	5.42101e-19	5.42101e-19
1969	T	T	193.44	37	14	14	0	0	0	193.44
1970	C	C	183.873	37	13	13	5.42101e-19	183.873	5.42101e-19	5.42101e-19
1971	A	A	174.662	37	13	13	174.662	5.42101e-19	1.40946e-17	5.42101e-19
1972	A	A	166.47	37	13	13	166.47	5.42101e-19	9.70361e-17	5.42101e-19
1973	C	C	184.187	37	13	13	5.42101e-19	184.187	5.42101e-19	5.42101e-19
1974	T	T	170.307	37	12	12	1.35525e-17	1.35525e-17	1.35525e-17	170.307
1975	C	C	170.307	37	12	12	1.35525e-17	170.307	1.35525e-17	1.35525e-17
1976	C	C	155.717	37	11	11	3.88144e-16	155.717	3.88144e-16	3.88144e-16
1977	G	G	115.717	37	10	9	1.0887e-11	3.7837e-13	115.717	3.78387e-13
1978	A	A	130.726	37	10	10	130.726	1.11678e-14	3.45105e-13	1.11673e-14
1979	A	A	130.136	37	10	10	130.136	1.11678e-14	3.98566e-13	1.11673e-14
1980	T	T	141.127	37	10	10	1.11673e-14	1.11676e-14	1.11678e-14	141.127
1981	A	A	127.402	37	10	10	127.402	1.11678e-14	7.67537e-13	1.11673e-14
1982	A	A	120.491	37	9	9	120.491	3.21332e-13	3.23616e-12	3.21315e-13
1983	T	T	120.61	37	9	9	3.21315e-13	3.13117e-12	3.21331e-13	120.61
1984	C	C	125.479	37	9	9	4.10012e-13	125.479	4.09995e-13	4.10003e-13
1985	C	C	125.756	37	9	9	3.84642e-13	125.756	3.84626e-13	3.84633e-13
1986	T	T	122.484	37	9	9	3.21315e-13	1.80865e-12	3.21331e-13	122.484
1987	A	A	115.656	37	9	9	115.656	3.21332e-13	1.11663e-11	3.21315e-13
1988	C	C	126.537	37	9	9	3.21327e-13	126.537	3.21313e-13	3.2132e-13
1989	C	C	111.947	37	8	8	9.24549e-12	111.947	9.24513e-12	9.24529e-12
1990	A	A	93.0036	37	8	8	93.0036	9.24559e-12	2.15633e-09	9.24516e-12
1991	T	T	111.947	37	8	8	9.24516e-12	9.24528e-12	9.24558e-12	111.947
1992	A	A	83.5319	37	7	7	83.5319	2.66021e-10	1.87251e-08	2.6601e-10
1993	C	C	82.7677	37	6	6	7.65412e-09	82.7677	7.65387e-09	7.65399e-09
1994	T	T	68.1779	37	5	5	2.20224e-07	2.20227e-07	2.20231e-07	68.1779
1995	C	C	68.1779	37	5	5	2.20231e-07	68.1779	2.20224e-07	2.20228e-07
1996	T	T	76.7214	37	6	6	7.65388e-09	7.70862e-08	7.65415e-09	76.7214
1997	T	T	78.0822	37	6	6	7.65388e-09	5.22324e-08	7.65415e-09	78.0822
1998	C	C	65.9673	37	6	5	3.57186e-08	65.9673	3.57178e-08	1.02771e-06
1999	A	A	93.0089	37	7	7	93.0089	2.66022e-10	1.64016e-09	2.66011e-10
2000	A	A	86.6725	37	7	7	86.6725	2.68941e-10	8.80741e-09	2.67658e-10
2001	T	T	93.2435	37	7	7	2.6601e-10	1.52592e-09	2.66021e-10	93.2435
2002	C	C	82.006	37	6	6	9.12154e-09	82.006	9.12125e-09	9.1214e-09
2003	G	G	81.7093	37	6	6	9.76647e-09	9.76632e-09	81.7093	9.76663e-09
2004	C	C	82.7677	37	6	6	7.65412e-09	82.7677	7.65387e-09	7.65399e-09
2005	T	T	76.8405	37	6	6	7.65389e-09	7.4586e-08	7.65415e-09	76.8405
2006	C	C	81.6297	37	7	6	9.69742e-10	81.6297	9.69714e-10	2.79019e-08
2007	A	A	107.804	37	8	8	107.804	9.24558e-12	5.35157e-11	9.24516e-12
2008	C	C	122.212	37	9	9	8.69909e-13	122.212	8.69798e-13	8.69862e-13
2009	A	A	115.889	37	9	9	115.889	3.21331e-13	1.0549e-11	3.21315e-13
2010	T	T	113.184	37	10	10	1.11673e-14	2.08391e-11	1.11678e-14	113.184
2011	G	G	125.756	37	9	9	3.84637e-13	3.84627e-13	125.756	3.84646e-13
2012	G	G	110.424	37	9	8	3.68262e-11	1.27987e-12	110.424	1.27992e-12
2013	G	G	107.537	37	9	8	7.15906e-11	2.48805e-12	107.537	2.48826e-12
2014	C	C	111.238	37	8	8	1.08872e-11	111.238	1.08868e-11	1.0887e-11
2015	T	T	111.947	37	8	8	9.24516e-12	9.2453e-12	9.24559e-12	111.947
2016	G	G	110.965	37	8	8	1.15917e-11	1.15915e-11	110.965	1.1592e-11
2017	A	A	105.901	37	8	8	105.901	9.24559e-12	9.31131e-11	9.24516e-12
2018	A	A	126.537	37	9	9	126.537	3.21331e-13	3.2132e-13	3.21315e-13
2019	T	T	113.97	37	9	9	3.21315e-13	1.67663e-11	3.21332e-13	113.97
2020	A	A	126.537	37	9	9	126.537	3.21331e-13	3.2132e-13	3.21315e-13
2021	G	G	126.537	37	9	9	3.21321e-13	3.21314e-13	126.537	3.21329e-13
2022	C	C	125.303	37	9	9	4.26931e-13	125.303	4.2691e-13	4.26921e-13
2023	T	T	126.537	37	9	9	3.21315e-13	3.2132e-13	3.21332e-13	126.537
2024	G	G	109.111	37	9	8	4.98279e-11	1.73174e-12	109.111	1.7318e-12
2025	C	C	139.482	37	10	10	1.63102e-14	139.482	1.63091e-14	1.63097e-14
2026	C	C	115.445	37	10	9	4.02879e-13	115.445	4.02862e-13	1.15917e-11
2027	A	A	129.755	37	10	10	129.755	1.11697e-14	4.37209e-13	1.11684e-14
2028	T	T	142.685	37	11	11	3.88144e-16	2.26268e-14	3.88144e-16	142.685
2029	C	C	128.431	37	10	10	2.57624e-13	128.431	1.49107e-13	2.16599e-13
2030	A	A	126.537	37	9	9	126.537	3.21332e-13	3.21321e-13	3.21315e-13
2031	T	T	128.095	37	10	10	1.11673e-14	6.51037e-13	1.11678e-14	128.095
2032	A	A	155.717	37	11	11	155.717	3.88144e-16	3.88144e-16	3.88144e-16
2033	G	G	155.717	37	11	11	3.88144e-16	3.88144e-16	155.717	3.88144e-16
2034	T	T	144.726	37	11	11	3.88144e-16	1.3852e-14	3.88144e-16	144.726
2035	A	A	166.746	37	12	12	166.746	1.35525e-17	6.50521e-17	1.35525e-17
2036	T	T	159.231	37	12	12	1.35525e-17	4.91144e-16	1.35525e-17	159.231
2037	A	A	153.337	37	12	12	153.337	1.35525e-17	1.98734e-15	1.35525e-17
2038	T	T	166.163	37	12	12	1.35525e-17	7.80626e-17	1.35525e-17	166.163
2039	A	A	178.857	37	14	14	178.857	0	5.42101e-18	0
2040	A	A	187.157	37	14	14	187.157	0	5.42101e-19	0
2041	A	A	184.251	37	14	14	184.251	0	1.6263e-18	0
2042	C	C	167.866	37	12	12	2.38524e-17	167.866	2.38524e-17	2.38524e-17
2043	G	G	184.876	37	13	13	5.42101e-19	5.42101e-19	184.876	5.42101e-19
2044	T	T	178.588	37	14	14	0	5.96311e-18	0	178.588
2045	A	A	199.486	37	14	14	199.486	0	0	0
2046	C	C	197.836	37	14	14	0	197.836	0	0
2047	C	C	197.986	37	14	14	0	197.986	0	0
2048	C	C	211.722	37	15	15	0	211.722	0	0
2049	T	T	209.391	37	15	15	0	0	0	209.391
2050	A	A	193.928	37	15	15	193.928	0	0	0
2051	A	A	187.842	37	14	14	187.842	0	5.42101e-19	0
2052	T	T	195.601	37	14	14	0	0	0	195.601
2053	A	A	194.801	37	14	14	194.801	0	0	0
2054	A	A	187.229	37	14	14	187.229	0	5.42101e-19	0
2055	T	T	180.479	37	13	13	5.42101e-19	2.71051e-18	5.42101e-19	180.479
2056	C	C	184.135	37	13	13	5.42101e-19	184.135	5.42101e-19	5.42101e-19
2057	C	C	184.057	37	14	13	0	184.057	0	1.0842e-18
2058	T	T	194.609	37	14	14	0	0	0	194.609
2059	T	T	180.782	37	13	13	5.42101e-19	2.71051e-18	5.42101e-19	180.782
2060	A	A	180.548	37	13	13	180.548	5.42101e-19	2.71051e-18	5.42101e-19
2061	A	A	174.248	37	13	13	174.248	5.42101e-19	1.51788e-17	5.42101e-19
2062	C	C	184.897	37	13	13	5.42101e-19	184.897	5.42101e-19	5.42101e-19
2063	C	C	170.307	37	12	12	1.35525e-17	170.307	1.35525e-17	1.35525e-17
2064	T	T	170.307	37	12	12	1.35525e-17	1.35525e-17	1.35525e-17	170.307
2065	T	T	178.968	37	13	13	5.42101e-19	4.33681e-18	5.42101e-19	178.968
2066	A	A	157.531	37	12	12	157.531	1.35525e-17	7.39968e-16	1.35525e-17
2067	C	C	154.936	37	11	11	4.64581e-16	154.936	4.64581e-16	4.64581e-16
2068	A	A	150.839	37	11	11	150.839	3.88144e-16	2.80375e-15	3.88144e-16
2069	A	A	149.79	37	11	11	149.79	3.88144e-16	3.78224e-15	3.88144e-16
2070	T	T	141.127	37	10	10	1.11673e-14	1.11676e-14	1.11681e-14	141.127
2071	C	C	141.127	37	10	10	1.11678e-14	141.127	1.11673e-14	1.11676e-14
2072	T	T	141.127	37	10	10	1.11673e-14	1.11676e-14	1.11681e-14	141.127
2073	A	A	136.249	37	10	10	136.249	1.11678e-14	8.0669e-14	1.11673e-14
2074	C	C	141.127	37	10	10	1.11678e-14	141.127	1.11673e-14	1.11676e-14
2075	A	A	126.537	37	9	9	126.537	3.21332e-13	3.21321e-13	3.21315e-13
2076	T	T	126.537	37	9	9	3.21315e-13	3.21319e-13	3.21331e-13	126.537
2077	C	C	139.482	37	10	10	1.63097e-14	139.482	1.63091e-14	1.63097e-14
2078	A	A	141.127	37	10	10	141.127	1.11678e-14	1.11676e-14	1.11673e-14
2079	T	T	136.778	37	10	10	1.11673e-14	6.88552e-14	1.11681e-14	136.778
2080	A	A	130.84	37	10	10	130.84	1.11678e-14	3.35589e-13	1.11673e-14
2081	C	C	153.362	37	11	11	6.67326e-16	153.362	6.67326e-16	6.67326e-16
2082	T	T	151.031	37	11	11	3.88144e-16	2.64871e-15	3.88144e-16	151.031
2083	A	A	142.131	37	11	11	142.131	3.88144e-16	2.58105e-14	3.88144e-16
2084	A	A	148.613	37	11	11	148.613	5.2638e-16	4.98516e-15	4.66207e-16
2085	C	C	137.074	37	11	10	2.76797e-15	137.074	2.76797e-15	7.96542e-14
2086	T	T	140.889	37	11	11	7.19368e-16	3.37165e-14	9.57351e-16	140.889
2087	C	C	154.145	37	11	11	5.5728e-16	154.145	5.5728e-16	5.5728e-16
2088	T	T	150.24	37	12	12	1.35525e-17	4.08256e-15	1.35525e-17	150.24
2089	A	A	199.486	37	14	14	199.486	0	0	0
2090	G	G	199.485	37	14	14	0	0	199.485	0
2091	G	G	189.376	37	15	14	0	0	189.376	0
2092	G	G	214.076	37	15	15	0	0	214.076	0
2093	A	A	214.076	37	15	15	214.076	0	0	0
2094	C	C	209.897	37	16	15	0	209.897	0	0
2095	A	A	247.25	37	18	18	247.25	0	0	0
2096	T	T	238.072	37	18	18	0	0	0	238.072
2097	T	T	239.583	37	18	18	0	0	0	239.583
2098	T	T	240.61	37	18	18	0	0	0	240.61
2099	A	A	243.256	37	17	17	243.256	0	0	0
2100	A	A	243.256	37	17	17	243.256	0	0	0
2101	A	A	239.371	37	17	17	239.371	0	0	0
2102	C	C	255.287	37	19	18	0	255.287	0	0
2103	T	T	253.175	37	19	19	0	0	0	253.175
2104	A	A	282.34	37	20	20	282.34	0	0	0
2105	T	T	273.003	37	21	21	0	0	0	273.003
2106	T	T	271.171	37	22	22	0	0	0	271.171
2107	C	C	325.459	37	23	23	0	325.459	0	0
2108	A	A	330.795	37	23	23	330.795	0	0	0
2109	T	T	305.254	37	23	23	0	0	0	305.254
2110	G	G	329.294	37	23	23	0	0	329.294	0
2111	T	T	326.91	37	23	23	0	0	0	326.91
2112	A	A	319.124	37	23	23	319.124	0	0	0
2113	C	C	330.795	37	23	23	0	330.795	0	0
2114	A	A	310.159	37	22	22	310.159	0	0	0
2115	A	A	301.615	37	21	21	301.615	0	0	0
2116	T	T	301.614	37	21	21	0	0	0	301.614
2117	C	C	276.915	37	21	20	0	276.915	0	0
2118	T	T	310.159	37	22	22	0	0	0	310.159
2119	A	A	312.152	37	22	22	312.152	0	0	0
2120	T	T	311.856	37	22	22	0	0	0	311.856
2121	C	C	315.414	37	22	22	0	315.414	0	0
2122	T	T	312.32	37	22	22	0	0	0	312.32
2123	A	A	261.261	37	21	21	261.261	0	0	0
2124	C	C	301.615	37	21	21	0	301.615	0	0
2125	A	A	244.567	37	21	21	244.567	0	0	0
2126	A	A	221.325	37	18	18	221.325	0	0	0
2127	C	C	243.255	37	17	17	0	243.255	0	0
2128	A	A	193.928	37	15	15	193.928	0	0	0
2129	A	A	187.842	37	14	14	187.842	0	5.42101e-19	0
2130	C	C	199.486	37	14	14	0	199.486	0	0
2131	A	A	166.507	37	13	13	166.507	5.42101e-19	9.59519e-17	5.42101e-19
2132	T	T	184.897	37	13	13	5.42101e-19	5.42101e-19	5.42101e-19	184.897
2133	A	A	158.4	37	12	12	158.4	1.35525e-17	6.00648e-16	1.35525e-17
2134	A	A	156.721	37	12	12	156.721	1.35525e-17	8.97177e-16	1.35525e-17
2135	T	T	164.26	37	12	12	1.35525e-17	1.35525e-16	1.35525e-17	164.26
2136	C	C	167.68	37	12	12	2.49366e-17	167.68	2.49366e-17	2.49366e-17
2137	A	A	166.163	37	12	12	166.163	1.35525e-17	7.80626e-17	1.35525e-17
2138	C	C	181.673	37	13	13	1.0842e-18	181.673	1.0842e-18	1.0842e-18
2139	T	T	166.142	37	13	13	5.42101e-19	1.04626e-16	5.42101e-19	166.142
2140	G	G	167.97	37	13	12	6.50521e-17	2.1684e-18	167.97	2.1684e-18
2141	T	T	166.253	37	12	12	1.35525e-17	7.58942e-17	1.35525e-17	166.253
2142	C	C	169.61	37	13	12	1.0842e-18	169.61	1.0842e-18	4.44523e-17
2143	C	C	167.672	37	13	12	2.1684e-18	167.672	2.1684e-18	6.93889e-17
2144	C	C	166.055	37	13	12	3.25261e-18	166.055	3.25261e-18	1.00831e-16
2145	A	A	170.288	37	12	12	170.288	1.35525e-17	1.35525e-17	1.35525e-17
2146	C	C	167.822	37	13	12	2.1684e-18	167.822	2.1684e-18	6.72205e-17
2147	A	A	184.897	37	13	13	184.897	5.42101e-19	5.42101e-19	5.42101e-19
2148	C	C	184.115	37	13	13	5.42101e-19	184.115	5.42101e-19	5.42101e-19
2149	A	A	180.843	37	13	13	180.843	5.42101e-19	2.71051e-18	5.42101e-19
2150	T	T	181.336	37	13	13	5.42101e-19	2.1684e-18	5.42101e-19	181.336
2151	G	G	183.076	37	13	13	1.0842e-18	1.0842e-18	183.076	5.42101e-19
2152	A	A	172.041	37	13	13	172.041	5.42101e-19	2.60209e-17	5.42101e-19
2153	A	A	165.429	37	12	12	165.429	1.35525e-17	9.75782e-17	1.35525e-17
2154	A	A	158.187	37	12	12	158.187	1.35525e-17	6.32632e-16	1.35525e-17
2155	T	T	155.717	37	11	11	3.88144e-16	3.88144e-16	3.88144e-16	155.717
2156	A	A	145.137	37	11	11	145.137	3.88144e-16	1.2532e-14	3.88144e-16
2157	A	A	158.699	37	12	12	158.699	1.35525e-17	5.58906e-16	1.35525e-17
2158	A	A	156.481	37	12	12	156.481	1.35525e-17	9.49761e-16	1.35525e-17
2159	T	T	157.148	37	12	12	1.35525e-17	8.10441e-16	1.35525e-17	157.148
2160	T	T	144.072	37	11	11	3.88144e-16	1.62286e-14	3.88144e-16	144.072
2161	A	A	151.603	37	11	11	151.603	3.88144e-16	2.22641e-15	3.88144e-16
2162	C	C	154.955	37	11	11	4.62412e-16	154.955	4.62412e-16	4.62412e-16
2163	C	C	155.1	37	11	11	4.47233e-16	155.1	4.47233e-16	4.47233e-16
2164	A	A	136.984	37	10	10	136.984	1.11678e-14	6.46423e-14	1.11673e-14
2165	C	C	154.143	37	11	11	5.57822e-16	154.143	5.57822e-16	5.57822e-16
2166	T	T	150.839	37	11	11	3.88144e-16	2.80375e-15	3.88144e-16	150.839
2167	A	A	143.459	37	11	11	143.459	3.88144e-16	1.88055e-14	3.88144e-16
2168	A	A	137.074	37	10	10	137.074	1.11684e-14	6.28612e-14	1.11676e-14
2169	T	T	137.566	37	10	10	1.11673e-14	5.37249e-14	1.11681e-14	137.566
2170	T	T	141.127	37	10	10	1.11673e-14	1.11676e-14	1.11678e-14	141.127
2171	G	G	138.773	37	10	10	1.92045e-14	1.92039e-14	138.773	1.92056e-14
2172	C	C	126.537	37	9	9	3.2133e-13	126.537	3.21314e-13	3.21323e-13
2173	C	C	126.537	37	9	9	3.2133e-13	126.537	3.21314e-13	3.21323e-13
2174	T	T	111.947	37	8	8	9.24516e-12	9.24532e-12	9.24559e-12	111.947
2175	C	C	111.725	37	9	8	9.48775e-13	111.725	9.48738e-13	2.72984e-11
2176	A	A	122.189	37	9	9	122.189	3.21331e-13	1.98116e-12	3.21315e-13
2177	C	C	125.756	37	9	9	3.84648e-13	125.756	3.84628e-13	3.84639e-13
2178	T	T	128.213	37	10	10	1.11673e-14	6.33087e-13	1.11678e-14	128.213
2179	A	A	126.537	37	9	9	126.537	3.21331e-13	3.2132e-13	3.21315e-13
2180	A	A	126.537	37	9	9	126.537	3.21331e-13	3.2132e-13	3.21315e-13
2181	T	T	122.394	37	9	9	3.21315e-13	1.85994e-12	3.21332e-13	122.394
2182	C	C	125.827	37	9	9	3.78387e-13	125.827	3.78369e-13	3.78378e-13
2183	C	C	126.537	37	9	9	3.2133e-13	126.537	3.21314e-13	3.21323e-13
2184	T	T	126.537	37	9	9	3.21345e-13	3.21361e-13	3.21384e-13	126.537
2185	A	A	112.572	37	9	9	112.572	3.21331e-13	2.33764e-11	3.21315e-13
2186	G	G	92.4959	37	8	7	2.28565e-09	7.94368e-11	92.4959	7.94392e-11
2187	C	C	97.3576	37	7	7	2.6602e-10	97.3576	2.6601e-10	2.66015e-10
2188	A	A	93.2435	37	7	7	93.2435	2.66021e-10	1.52592e-09	2.6601e-10
2189	C	C	97.3576	37	7	7	2.6602e-10	97.3576	2.6601e-10	2.66015e-10
2190	T	T	97.3576	37	7	7	2.6601e-10	2.66014e-10	2.66021e-10	97.3576
2191	T	T	91.4304	37	7	7	2.6601e-10	2.59224e-09	2.66021e-10	91.4304
2192	A	A	93.0089	37	7	7	93.0089	2.66021e-10	1.64016e-09	2.6601e-10
2193	G	G	96.3742	37	7	7	3.33605e-10	3.3359e-10	96.3742	3.33638e-10
2194	A	A	91.3112	37	7	7	91.3112	2.66021e-10	2.67912e-09	2.6601e-10
2195	C	C	82.1507	37	6	6	8.82267e-09	82.1507	8.82237e-09	8.82253e-09
2196	T	T	82.7677	37	6	6	7.65389e-09	7.65399e-09	7.65415e-09	82.7677
2197	A	A	82.7677	37	6	6	82.7677	7.65414e-09	7.65395e-09	7.65388e-09
2198	T	T	82.7677	37	6	6	7.65389e-09	7.65399e-09	7.65415e-09	82.7677
2199	C	C	82.7677	37	6	6	7.65415e-09	82.7677	7.65389e-09	7.65403e-09
2200	A	A	72.0726	37	6	6	72.0726	7.65531e-09	2.54166e-07	7.65457e-09
2201	C	C	108.801	37	8	8	1.90819e-11	108.801	1.9081e-11	1.90815e-11
2202	T	T	104.086	37	9	9	3.21315e-13	1.68861e-10	3.21332e-13	104.086
2203	A	A	98.6503	37	8	8	98.6503	9.24557e-12	5.74105e-10	9.24516e-12
2204	G	G	95.7583	37	7	7	3.84443e-10	3.84437e-10	95.7583	3.8445e-10
2205	G	G	94.951	37	7	7	4.62978e-10	4.62971e-10	94.951	4.62986e-10
2206	C	C	82.0579	37	6	6	9.0133e-09	82.0579	9.01297e-09	9.01315e-09
2207	G	G	81.2448	37	7	6	3.04872e-08	1.05958e-09	81.2448	1.0596e-09
2208	G	G	95.7842	37	7	7	3.8216e-10	3.82155e-10	95.7842	3.82167e-10
2209	C	C	81.7638	37	7	6	9.40239e-10	81.7638	9.40209e-10	2.7053e-08
2210	C	C	50.2047	37	7	5	4.99236e-08	50.2047	4.99226e-08	4.13304e-05
2211	T	T	92.2481	37	8	8	9.24516e-12	2.56956e-09	9.2456e-12	92.2481
2212	C	C	109.981	37	9	8	1.41764e-12	109.981	1.41758e-12	4.07888e-11
2213	C	C	108.948	37	9	8	1.79816e-12	108.948	1.79808e-12	5.17371e-11
2214	A	A	111.947	37	8	8	111.947	9.24557e-12	9.24526e-12	9.24516e-12
2215	T	T	101.66	37	8	8	9.24516e-12	2.77827e-10	9.2456e-12	101.66
2216	C	C	111.33	37	8	8	1.06571e-11	111.33	1.06566e-11	1.06569e-11
2217	C	C	111.947	37	8	8	9.24562e-12	111.947	9.24517e-12	9.24542e-12
2218	A	A	111.947	37	8	8	111.947	9.24557e-12	9.24526e-12	9.24516e-12
2219	C	C	111.947	37	8	8	9.24562e-12	111.947	9.24517e-12	9.24542e-12
2220	A	A	126.536	37	9	9	126.536	3.21461e-13	3.21403e-13	3.2139e-13
2221	C	C	125.479	37	9	9	4.1002e-13	125.479	4.09997e-13	4.1001e-13
2222	T	T	122.423	37	9	9	3.21316e-13	1.84318e-12	3.21333e-13	122.423
2223	C	C	125.775	37	9	9	3.82938e-13	125.775	3.82917e-13	3.82929e-13
2224	A	A	126.537	37	9	9	126.537	3.21332e-13	3.21319e-13	3.21315e-13
2225	G	G	126.537	37	9	9	3.21318e-13	3.21313e-13	126.537	3.21326e-13
2226	G	G	140.417	37	10	10	1.31503e-14	1.31503e-14	140.417	1.31508e-14
2227	C	C	140.145	37	10	10	1.40025e-14	140.145	1.40014e-14	1.40019e-14
2228	T	T	136.778	37	10	10	1.11673e-14	6.88558e-14	1.11681e-14	136.778
2229	T	T	136.984	37	10	10	1.11676e-14	6.46442e-14	1.11684e-14	136.984
2230	T	T	137.242	37	10	10	1.11681e-14	5.96271e-14	1.11697e-14	137.242
2231	A	A	121.659	37	9	9	121.659	3.21331e-13	2.32106e-12	3.21315e-13
2232	T	T	135.2	37	10	10	1.11673e-14	1.08825e-13	1.11681e-14	135.2
2233	T	T	131.97	37	11	11	3.88144e-16	2.7516e-13	3.88144e-16	131.97
2234	C	C	128.195	37	11	10	2.1387e-14	128.195	2.1387e-14	6.15361e-13
2235	C	C	128.587	37	11	10	1.95785e-14	128.587	1.952e-14	5.62144e-13
2236	C	C	166.493	37	12	12	3.25261e-17	166.493	3.25261e-17	3.25261e-17
2237	A	A	166.163	37	12	12	166.163	1.35525e-17	7.80626e-17	1.35525e-17
2238	A	A	165.958	37	12	12	165.958	1.35525e-17	8.29415e-17	1.35525e-17
2239	A	A	165.621	37	12	12	165.621	1.35525e-17	9.21572e-17	1.35525e-17
2240	T	T	160.02	37	12	12	1.35525e-17	4.05492e-16	1.35525e-17	160.02
2241	G	G	125.084	37	11	10	1.26344e-12	3.35365e-14	125.084	5.02181e-14
2242	A	A	166.163	37	12	12	166.163	1.35525e-17	7.80626e-17	1.35525e-17
2243	A	A	165.958	37	12	12	165.958	1.35525e-17	8.29415e-17	1.35525e-17
2244	T	T	166.193	37	12	12	1.35525e-17	7.75205e-17	1.35525e-17	166.193
2245	A	A	164.26	37	12	12	164.26	1.35525e-17	1.36067e-16	1.35525e-17
2246	A	A	155.717	37	11	11	155.717	3.88144e-16	3.88144e-16	3.88144e-16
2247	T	T	169.521	37	13	13	0	4.71628e-17	0	169.521
2248	T	T	172.804	37	13	13	5.42101e-19	2.1684e-17	5.42101e-19	172.804
2249	A	A	184.897	37	13	13	184.897	5.42101e-19	5.42101e-19	5.42101e-19
2250	T	T	174.165	37	13	13	5.42101e-19	1.57209e-17	5.42101e-19	174.165
2251	T	T	174.825	37	13	13	0	1.30104e-17	0	174.825
2252	C	C	184.897	37	13	13	5.42101e-19	184.897	5.42101e-19	5.42101e-19
2253	A	A	180.547	37	13	13	180.547	5.42101e-19	2.71051e-18	5.42101e-19
2254	A	A	180.211	37	13	13	180.211	5.42101e-19	3.25261e-18	5.42101e-19
2255	G	G	197.842	37	14	14	0	0	197.842	0
2256	A	A	214.076	37	15	15	214.076	0	0	0
2257	G	G	214.076	37	15	15	0	0	214.076	0
2258	T	T	195.694	37	15	15	0	0	0	195.694
2259	T	T	196.394	37	15	15	0	0	0	196.394
2260	G	G	211.24	37	16	15	0	0	211.24	0
2261	A	A	218.688	37	16	16	218.688	0	0	0
2262	G	G	227.045	37	16	16	0	0	227.045	0
2263	T	T	224.613	37	16	16	0	0	0	224.613
2264	A	A	214.701	37	16	16	214.701	0	0	0
2265	A	A	194.829	37	15	15	194.829	0	0	0
2266	A	A	189.16	37	15	15	189.16	0	5.42101e-19	0
2267	A	A	188.103	37	15	15	188.103	0	5.42101e-19	0
2268	T	T	209.962	37	15	15	0	0	0	209.962
2269	T	T	210.023	37	15	15	0	0	0	210.023
2270	G	G	179.489	37	13	13	1.0842e-18	1.0842e-18	179.489	2.1684e-18
2271	A	A	137.415	37	11	11	137.415	3.88144e-16	7.79709e-14	3.88144e-16
2272	T	T	155.717	37	11	11	3.88144e-16	3.88144e-16	3.88144e-16	155.717
2273	A	A	133.512	37	11	11	133.512	3.88144e-16	1.92693e-13	3.88144e-16
2274	T	T	141.127	37	10	10	1.11673e-14	1.11676e-14	1.11678e-14	141.127
2275	C	C	111.947	37	8	8	9.24549e-12	111.947	9.24513e-12	9.24529e-12
2276	A	A	122.423	37	9	9	122.423	3.21332e-13	1.84318e-12	3.21315e-13
2277	T	T	121.852	37	9	9	3.21315e-13	2.19275e-12	3.21331e-13	121.852
2278	T	T	122.189	37	9	9	3.21315e-13	1.98116e-12	3.21331e-13	122.189
2279	G	G	125.747	37	9	9	3.85476e-13	3.85465e-13	125.747	3.85485e-13
2280	T	T	115.462	37	9	9	3.21315e-13	1.17064e-11	3.21331e-13	115.462
2281	C	C	125.678	37	9	9	3.91641e-13	125.678	3.91624e-13	3.91631e-13
2282	A	A	105.849	37	9	9	105.849	3.21332e-13	1.12313e-10	3.21315e-13
2283	T	T	108.062	37	8	8	9.24516e-12	4.93575e-11	9.24557e-12	108.062
2284	A	A	97.9824	37	8	8	97.9824	9.2456e-12	6.72608e-10	9.24516e-12
2285	G	G	82.5449	37	7	6	2.25998e-08	7.85443e-10	82.5449	7.85468e-10
2286	C	C	95.7842	37	7	7	3.82167e-10	95.7842	3.82155e-10	3.8216e-10
2287	C	C	96.2991	37	7	7	3.39438e-10	96.2991	3.39427e-10	3.39431e-10
2288	A	A	111.947	37	8	8	111.947	9.24559e-12	9.24532e-12	9.24516e-12
2289	T	T	105.307	37	9	9	3.21315e-13	1.27313e-10	3.21331e-13	105.307
2290	A	A	141.127	37	10	10	141.127	1.11678e-14	1.11676e-14	1.11673e-14
2291	T	T	127.165	37	11	11	3.88144e-16	8.33372e-13	3.88144e-16	127.165
2292	T	T	129.667	37	11	11	3.88144e-16	4.68101e-13	3.88144e-16	129.667
2293	C	C	137.244	37	11	10	2.66172e-15	137.244	2.66172e-15	7.65935e-14
2294	A	A	180.843	37	13	13	180.843	5.42101e-19	2.71051e-18	5.42101e-19
2295	T	T	165.881	37	13	13	5.42101e-19	1.11131e-16	5.42101e-19	165.881
2296	C	C	183.256	37	13	13	5.42101e-19	183.256	5.42101e-19	5.42101e-19
2297	G	G	166.523	37	13	12	8.99888e-17	3.25261e-18	166.523	3.25261e-18
2298	C	C	144.28	37	12	11	5.26922e-16	144.28	5.26922e-16	1.51571e-14
2299	C	C	170.307	37	12	12	1.35525e-17	170.307	1.35525e-17	1.35525e-17
2300	A	A	152.156	37	11	11	152.156	3.88144e-16	1.86727e-15	3.88144e-16
2301	C	C	155.717	37	11	11	3.88144e-16	155.717	3.88144e-16	3.88144e-16
2302	T	T	155.717	37	11	11	3.88144e-16	3.88144e-16	3.88144e-16	155.717
2303	A	A	144.835	37	11	11	144.835	3.88144e-16	1.34877e-14	3.88144e-16
2304	C	C	168.733	37	12	12	1.95156e-17	168.733	1.95156e-17	1.95156e-17
2305	A	A	151.603	37	11	11	151.603	3.88144e-16	2.22641e-15	3.88144e-16
2306	G	G	154.658	37	11	11	4.94938e-16	4.94938e-16	154.658	4.9548e-16
2307	C	C	151.466	37	12	11	1.00831e-16	151.466	1.00831e-16	2.89699e-15
2308	T	T	149.858	37	12	12	1.35525e-17	4.45987e-15	1.35525e-17	149.858
2309	C	C	123.625	37	12	10	2.27249e-15	123.625	2.27249e-15	1.88049e-12
2310	G	G	170.307	37	12	12	1.35525e-17	1.35525e-17	170.307	1.35525e-17
2311	A	A	170.307	37	12	12	170.307	1.35525e-17	1.35525e-17	1.35525e-17
2312	C	C	169.597	37	12	12	1.57209e-17	169.597	1.57209e-17	1.57209e-17
2313	T	T	170.307	37	12	12	1.35525e-17	1.35525e-17	1.35525e-17	170.307
2314	A	A	170.307	37	12	12	170.307	1.35525e-17	1.35525e-17	1.35525e-17
2315	A	A	166.422	37	12	12	166.422	1.35525e-17	7.20994e-17	1.35525e-17
2316	A	A	166.163	37	12	12	166.163	1.35525e-17	7.80626e-17	1.35525e-17
2317	C	C	170.306	37	12	12	1.35525e-17	170.306	1.35525e-17	1.35525e-17
2318	C	C	170.307	37	12	12	1.35525e-17	170.307	1.35525e-17	1.35525e-17
2319	T	T	170.307	37	12	12	1.35525e-17	1.35525e-17	1.35525e-17	170.307
2320	T	T	155.717	37	11	11	3.88144e-16	3.88144e-16	3.88144e-16	155.717
2321	T	T	155.717	37	11	11	3.88144e-16	3.88144e-16	3.88144e-16	155.717
2322	A	A	126.537	37	9	9	126.537	3.21333e-13	3.21321e-13	3.21316e-13
2323	T	T	135.163	37	10	10	1.12367e-14	1.09748e-13	1.12906e-14	135.163
2324	T	T	136.249	37	10	10	1.11673e-14	8.06687e-14	1.11678e-14	136.249
2325	T	T	142.723	37	11	11	3.88144e-16	2.24227e-14	3.88144e-16	142.723
2326	C	C	153.973	37	11	11	5.80048e-16	153.973	5.80048e-16	5.80048e-16
2327	T	T	145.408	37	11	11	4.07118e-16	1.16731e-14	4.22026e-16	145.408
2328	A	A	159.013	37	12	12	159.013	1.35525e-17	5.18249e-16	1.35525e-17
2329	C	C	168.538	37	12	12	2.00577e-17	168.538	2.00577e-17	2.00577e-17
2330	A	A	150.839	37	11	11	150.839	3.88144e-16	2.80375e-15	3.88144e-16
2331	T	T	151.664	37	11	11	3.88144e-16	2.18467e-15	3.88144e-16	151.664
2332	G	G	154.926	37	11	11	4.65665e-16	4.65665e-16	154.926	4.65665e-16
2333	C	C	167.751	37	12	12	2.43945e-17	167.751	2.43945e-17	2.43945e-17
2334	G	G	143.914	37	12	11	1.64885e-14	5.72459e-16	143.914	5.72459e-16
2335	C	C	168.735	37	12	12	1.95156e-17	168.735	1.95156e-17	1.95156e-17
2336	C	C	154.245	37	11	11	5.44812e-16	154.245	5.44812e-16	5.44812e-16
2337	T	T	158.049	37	12	12	1.30104e-17	6.53232e-16	1.30104e-17	158.049
2338	T	T	165.621	37	12	12	1.35525e-17	9.21572e-17	1.35525e-17	165.621
2339	G	G	137.784	37	11	10	6.76455e-14	2.35163e-15	137.784	2.35055e-15
2340	C	C	140.337	37	10	10	1.33975e-14	140.337	1.33969e-14	1.33969e-14
2341	A	A	122.484	37	9	9	122.484	3.21332e-13	1.80866e-12	3.21315e-13
2342	T	T	126.537	37	9	9	3.21315e-13	3.21319e-13	3.21331e-13	126.537
2343	A	A	121.659	37	9	9	121.659	3.21333e-13	2.32108e-12	3.21316e-13
2344	C	C	126.537	37	9	9	3.21327e-13	126.537	3.21313e-13	3.2132e-13
2345	G	G	125.92	37	9	9	3.70377e-13	3.70368e-13	125.92	3.70386e-13
2346	C	C	100.778	37	9	8	1.17972e-11	100.778	1.17968e-11	3.39432e-10
2347	T	T	122.423	37	9	9	3.21315e-13	1.84317e-12	3.21332e-13	122.423
2348	A	A	121.654	37	9	9	121.654	3.21888e-13	2.32417e-12	3.21629e-13
2349	C	C	125.92	37	9	9	3.70385e-13	125.92	3.70368e-13	3.70376e-13
2350	A	A	111.947	37	8	8	111.947	9.24559e-12	9.2453e-12	9.24516e-12
2351	G	G	126.537	37	9	9	3.21323e-13	3.21314e-13	126.537	3.2133e-13
2352	C	C	110.177	37	9	8	1.35481e-12	110.177	1.35476e-12	3.8981e-11
2353	A	A	141.127	37	10	10	141.127	1.11678e-14	1.11676e-14	1.11673e-14
2354	C	C	136.01	37	11	10	3.53667e-15	136.01	3.53667e-15	1.01759e-13
2355	T	T	137.001	37	11	11	3.88144e-16	8.58585e-14	3.88144e-16	137.001
2356	A	A	155.717	37	11	11	155.717	3.88144e-16	3.88144e-16	3.88144e-16
2357	A	A	155.717	37	11	11	155.717	3.88144e-16	3.88144e-16	3.88144e-16
2358	C	C	168.116	37	12	12	2.22261e-17	168.116	2.22261e-17	2.22261e-17
2359	A	A	166.746	37	12	12	166.746	1.35525e-17	6.50521e-17	1.35525e-17
2360	A	A	180.843	37	13	13	180.843	5.42101e-19	2.71051e-18	5.42101e-19
2361	A	A	174.955	37	13	13	174.955	5.42101e-19	1.30104e-17	5.42101e-19
2362	G	G	183.076	37	13	13	1.0842e-18	1.0842e-18	183.076	5.42101e-19
2363	T	T	180.753	37	13	13	5.42101e-19	2.71051e-18	5.42101e-19	180.753
2364	T	T	172.342	37	13	13	5.42101e-19	2.43945e-17	5.42101e-19	172.342
2365	T	T	185.661	33.86	14	14	0	1.0842e-18	0	185.661
2366	C	C	183.028	33.6913	13	13	5.42101e-19	183.028	5.42101e-19	5.42101e-19
2367	C	C	196.37	33.86	14	14	0	196.37	0	0
2368	C	C	161.747	33.86	14	12	0	161.747	0	2.89482e-16
2369	T	T	181.463	33.86	14	14	0	3.25261e-18	0	181.463
2370	C	C	181.924	33.86	14	13	0	181.924	0	2.1684e-18
2371	G	G	213.366	34.0116	15	15	0	0	213.366	0
2372	G	G	213.286	34.0116	15	15	0	0	213.286	0
2373	C	C	213.217	34.0116	15	15	0	213.217	0	0
2374	A	A	218.017	34.1488	16	16	218.017	0	0	0
2375	A	A	215.752	34.1488	16	16	215.752	0	0	0
2376	A	A	218.302	34.1488	16	16	218.302	0	0	0
2377	C	C	226.922	34.1488	16	16	0	226.922	0	0
2378	A	A	222.938	34.2735	17	17	222.938	0	0	0
2379	A	A	217.257	34.1488	16	16	217.257	0	0	0
2380	T	T	218.007	34.1488	16	16	0	0	0	218.007
2381	A	A	217.257	34.1488	16	16	217.257	0	0	0
2382	C	C	226.898	34.1488	16	16	0	226.898	0	0
2383	A	A	209.391	34.0116	15	15	209.391	0	0	0
2384	A	A	208.03	34.0116	15	15	208.03	0	0	0
2385	A	A	199.486	33.86	14	14	199.486	0	0	0
2386	A	A	214.076	34.0116	15	15	214.076	0	0	0
2387	A	A	243.256	34.2735	17	17	243.256	0	0	0
2388	T	T	223.237	34.2735	17	17	0	0	0	223.237
2389	A	A	243.256	34.2735	17	17	243.256	0	0	0
2390	A	A	243.256	34.2735	17	17	243.256	0	0	0
2391	A	A	243.256	34.2735	17	17	243.256	0	0	0
2392	A	A	243.256	34.2735	17	17	243.256	0	0	0
2393	T	T	243.256	34.2735	17	17	0	0	0	243.256
2394	G	G	257.846	34.3875	18	18	0	0	257.846	0
2395	A	A	253.961	34.3875	18	18	253.961	0	0	0
2396	C	C	269.931	34.4921	19	19	0	269.931	0	0
2397	A	A	268.087	34.4921	19	19	268.087	0	0	0
2398	A	A	261.787	34.4921	19	19	261.787	0	0	0
2399	T	T	268.214	34.4921	19	19	0	0	0	268.214
2400	T	T	253.961	34.3875	18	18	0	0	0	253.961
2401	T	T	257.846	34.3875	18	18	0	0	0	257.846
2402	G	G	208.788	34.3875	18	16	0	0	208.788	0
2403	A	A	209.678	34.2735	17	17	209.678	0	0	0
2404	A	A	206.4	34.2735	17	17	206.4	0	0	0
2405	A	A	228.586	34.3875	18	18	228.586	0	0	0
2406	G	G	223.652	34.2735	17	16	0	0	223.652	0
2407	C	C	240.12	34.2735	17	17	0	240.12	0	0
2408	A	A	209.962	37	15	15	209.962	0	0	0
2409	T	T	197.552	37	15	15	0	0	0	197.552
2410	A	A	222.739	37	16	16	222.739	0	0	0
2411	A	A	228.666	37	16	16	228.666	0	0	0
2412	A	A	228.666	37	16	16	228.666	0	0	0
2413	A	A	253.961	37	18	18	253.961	0	0	0
2414	A	A	268.292	37	19	19	268.292	0	0	0
2415	A	A	276.791	37	20	20	276.791	0	0	0
2416	A	A	275.731	37	20	20	275.731	0	0	0
2417	A	A	274.032	37	20	20	274.032	0	0	0
2418	T	T	267.287	37	20	20	0	0	0	267.287
2419	A	A	274.905	37	20	20	274.905	0	0	0
2420	A	A	268.382	37	19	19	268.382	0	0	0
2421	T	T	268.292	37	19	19	0	0	0	268.292
2422	C	C	271.718	37	19	19	0	271.718	0	0
2423	T	T	272.435	37	19	19	0	0	0	272.435
2424	T	T	257.846	37	18	18	0	0	0	257.846
2425	C	C	257.846	37	18	18	0	257.846	0	0
2426	T	T	257.846	37	18	18	0	0	0	257.846
2427	C	C	243.256	37	17	17	0	243.256	0	0
2428	G	G	255.491	37	18	18	0	0	255.491	0
2429	C	C	240.088	34.3875	18	17	0	240.088	0	0
2430	C	C	233.19	34.4921	19	17	0	233.19	0	0
2431	C	C	269.756	34.4921	19	19	0	269.756	0	0
2432	C	C	228.883	34.5884	20	17	0	228.883	0	0
2433	C	C	233.69	34.4921	19	17	0	233.69	0	0
2434	T	T	267.013	34.5884	20	20	0	0	0	267.013
2435	C	C	269.875	34.5884	20	19	0	269.875	0	0
2436	T	T	276.366	34.5884	20	20	0	0	0	276.366
2437	A	A	224.199	34.4921	19	19	224.199	0	0	0
2438	A	A	192.644	34.1488	16	16	192.644	0	0	0
2439	T	T	222.62	34.1488	16	16	0	0	0	222.62
2440	C	C	213.094	34.0116	15	15	0	213.094	0	0
2441	C	C	213.217	34.0116	15	15	0	213.217	0	0
2442	T	T	195.343	33.86	14	14	0	0	0	195.343
2443	A	A	160.365	33.5025	12	12	160.365	1.35525e-17	3.72423e-16	1.35525e-17
2444	G	G	153.432	33.5025	12	11	1.84206e-15	6.39679e-17	153.432	6.39679e-17
2445	C	C	170.307	33.5025	12	12	1.35525e-17	170.307	1.35525e-17	1.35525e-17
2446	A	A	144.072	33.2895	11	11	144.072	3.88144e-16	1.62286e-14	3.88144e-16
2447	T	T	155.715	33.2895	11	11	3.88144e-16	3.88144e-16	3.88144e-16	155.715
2448	C	C	141.127	33.0469	10	10	1.11678e-14	141.127	1.11673e-14	1.11676e-14
2449	A	A	128.095	33.0469	10	10	128.095	1.11678e-14	6.51038e-13	1.11673e-14
2450	A	A	122.189	32.7677	9	9	122.189	3.21332e-13	1.98117e-12	3.21315e-13
2451	C	C	126.537	32.7677	9	9	3.21329e-13	126.537	3.21314e-13	3.21321e-13
2452	C	C	126.537	32.7677	9	9	3.21329e-13	126.537	3.21314e-13	3.21321e-13
2453	A	A	111.947	32.4422	8	8	111.947	9.24559e-12	9.24532e-12	9.24516e-12
2454	T	T	111.947	32.4422	8	8	9.24516e-12	9.24528e-12	9.24558e-12	111.947
2455	A	A	111.947	32.4422	8	8	111.947	9.24559e-12	9.24532e-12	9.24516e-12
2456	C	C	124.892	32.7677	9	9	4.6928e-13	124.892	4.6926e-13	4.69269e-13
2457	T	T	127.402	33.0469	10	10	1.11673e-14	7.67534e-13	1.11681e-14	127.402
2458	C	C	139.285	33.0469	10	10	1.70659e-14	139.285	1.70653e-14	1.70653e-14
2459	C	C	123.193	33.0469	10	9	6.76586e-14	123.193	6.76564e-14	1.9467e-12
2460	T	T	130.726	33.0469	10	10	1.11673e-14	3.45103e-13	1.11681e-14	130.726
2461	G	G	125.555	32.7677	9	9	4.02876e-13	4.02863e-13	125.555	4.02885e-13
2462	C	C	126.458	31.0123	10	9	3.19048e-14	126.458	3.19037e-14	9.1797e-13
2463	C	C	125.555	30.6656	9	9	4.02874e-13	125.555	4.02859e-13	4.02865e-13
2464	A	A	141.127	31.0123	10	10	141.127	1.11678e-14	1.11676e-14	1.11673e-14
2465	T	T	129.718	31.0123	10	10	1.11673e-14	4.41129e-13	1.11678e-14	129.718
2466	T	T	130.468	31.0123	10	10	1.11673e-14	3.67594e-13	1.11678e-14	130.468
2467	A	A	131.262	31.0123	10	10	131.262	1.11678e-14	3.02409e-13	1.11673e-14
2468	A	A	130.547	31.0123	10	10	130.547	1.11678e-14	3.60581e-13	1.11673e-14
2469	C	C	154.072	31.3182	11	11	5.67038e-16	154.072	5.67038e-16	5.67038e-16
2470	T	T	151.031	31.3182	11	11	3.88144e-16	2.64871e-15	3.88144e-16	151.031
2471	C	C	124.327	33.0469	10	9	5.21143e-14	124.327	5.21133e-14	1.49946e-12
2472	C	C	125.747	32.7677	9	9	3.85476e-13	125.747	3.85462e-13	3.85466e-13
2473	A	A	122.447	32.7677	9	9	122.447	3.24859e-13	1.82402e-12	3.23306e-13
2474	A	A	122.423	32.7677	9	9	122.423	3.21332e-13	1.84318e-12	3.21315e-13
2475	T	T	126.537	32.7677	9	9	3.21344e-13	3.21358e-13	3.21382e-13	126.537
2476	A	A	128.572	33.0469	10	10	128.572	1.11681e-14	5.80988e-13	1.11673e-14
2477	C	C	125.479	32.7677	9	9	4.10011e-13	125.479	4.09994e-13	4.10001e-13
2478	T	T	122.423	32.7677	9	9	3.21315e-13	1.84316e-12	3.21331e-13	122.423
2479	C	C	125.776	32.7677	9	9	3.82929e-13	125.776	3.82914e-13	3.8292e-13
2480	T	T	122.976	32.7677	9	9	3.21315e-13	1.54581e-12	3.21331e-13	122.976
2481	C	C	111.947	32.4422	8	8	9.24653e-12	111.947	9.24583e-12	9.24604e-12
2482	A	A	111.947	32.4422	8	8	111.947	9.2456e-12	9.24536e-12	9.24516e-12
2483	A	A	111.947	32.4422	8	8	111.947	9.2456e-12	9.24536e-12	9.24516e-12
2484	T	T	120.491	32.7677	9	9	3.21315e-13	3.23612e-12	3.21331e-13	120.491
2485	C	C	138.571	33.0469	10	10	2.01157e-14	138.571	2.01147e-14	2.01152e-14
2486	A	A	159.719	33.5025	12	12	159.719	1.35525e-17	4.36391e-16	1.35525e-17
2487	T	T	143.179	33.5025	12	12	1.35525e-17	2.08584e-14	1.35525e-17	143.179
2488	G	G	166.913	33.5025	12	12	2.98156e-17	2.98156e-17	166.913	2.92735e-17
2489	G	G	119.592	33.2895	11	9	4.75898e-12	5.74844e-15	119.592	5.74844e-15
2490	A	A	136.249	37	10	10	136.249	1.11678e-14	8.06692e-14	1.11673e-14
2491	C	C	141.127	37	10	10	1.11676e-14	141.127	1.11673e-14	1.11673e-14
2492	T	T	140.482	37	11	11	3.88144e-16	3.80915e-14	3.88144e-16	140.482
2493	A	A	155.717	37	11	11	155.717	3.88144e-16	3.88144e-16	3.88144e-16
2494	G	G	155.717	37	11	11	3.88144e-16	3.88144e-16	155.717	3.88144e-16
2495	A	A	151.832	37	11	11	151.832	3.88144e-16	2.07218e-15	3.88144e-16
2496	G	G	138.642	37	11	10	5.55122e-14	1.9288e-15	138.642	1.92988e-15
2497	A	A	151.368	37	11	11	151.368	3.88144e-16	2.39311e-15	3.88144e-16
2498	T	T	155.717	37	11	11	3.88144e-16	3.88144e-16	3.88144e-16	155.717
2499	T	T	155.717	37	11	11	3.88144e-16	3.88144e-16	3.88144e-16	155.717
2500	T	T	141.127	37	10	10	1.11673e-14	1.11676e-14	1.11678e-14	141.127
2501	A	A	141.127	37	10	10	141.127	1.11678e-14	1.11676e-14	1.11673e-14
2502	G	G	141.127	37	10	10	1.11678e-14	1.11673e-14	141.127	1.11681e-14
2503	G	G	141.127	37	10	10	1.11678e-14	1.11673e-14	141.127	1.11681e-14
2504	C	C	141.127	37	10	10	1.11676e-14	141.127	1.11673e-14	1.11673e-14
2505	T	T	141.127	37	10	10	1.11673e-14	1.11676e-14	1.11681e-14	141.127
2506	A	A	141.127	37	10	10	141.127	1.11678e-14	1.11676e-14	1.11673e-14
2507	A	A	141.127	37	10	10	141.127	1.11678e-14	1.11676e-14	1.11673e-14
2508	A	A	141.127	37	10	10	141.127	1.11678e-14	1.11676e-14	1.11673e-14
2509	A	A	141.127	37	10	10	141.127	1.11678e-14	1.11676e-14	1.11673e-14
2510	A	A	141.127	37	10	10	141.127	1.11681e-14	1.11676e-14	1.11673e-14
2511	G	G	140.51	37	10	10	1.28727e-14	1.28722e-14	140.51	1.2873e-14
2512	A	A	137.074	37	10	10	137.074	1.11678e-14	6.28601e-14	1.11673e-14
2513	C	C	140.904	37	11	10	1.146e-15	140.904	1.146e-15	3.29733e-14
2514	C	C	139.604	37	11	10	1.54607e-15	139.604	1.54607e-15	4.44816e-14
2515	A	A	158.187	37	12	12	158.187	1.35525e-17	6.32632e-16	1.35525e-17
2516	A	A	151.664	37	11	11	151.664	3.88144e-16	2.18467e-15	3.88144e-16
2517	G	G	169.526	37	12	12	1.6263e-17	1.6263e-17	169.526	1.6263e-17
2518	G	G	169.248	37	12	12	1.73472e-17	1.73472e-17	169.248	1.73472e-17
2519	G	G	155.494	37	12	11	1.14654e-15	4.01155e-17	155.494	3.95734e-17
2520	C	C	154.926	37	11	11	4.65665e-16	154.926	4.65665e-16	4.65665e-16
2521	C	C	151.236	37	12	11	1.06252e-16	151.236	1.06252e-16	3.05528e-15
2522	T	T	165.621	37	12	12	1.35525e-17	9.21572e-17	1.35525e-17	165.621
2523	T	T	171.599	37	13	13	0	2.87314e-17	0	171.599
2524	C	C	167.746	37	13	12	2.1684e-18	167.746	2.1684e-18	6.83047e-17
2525	A	A	170.307	37	12	12	170.307	1.35525e-17	1.35525e-17	1.35525e-17
2526	A	A	166.746	37	12	12	166.746	1.35525e-17	6.50521e-17	1.35525e-17
2527	A	A	195.415	37	14	14	195.415	0	0	0
2528	G	G	198.705	37	14	14	0	0	198.705	0
2529	C	C	181.513	37	14	13	0	181.513	0	3.25261e-18
2530	C	C	181.65	37	14	13	0	181.65	0	3.25261e-18
2531	C	C	196.515	37	14	14	0	196.515	0	0
2532	T	T	194.801	37	14	14	0	0	0	194.801
2533	A	A	201.221	37	15	15	201.221	0	0	0
2534	A	A	194.609	37	14	14	194.609	0	0	0
2535	G	G	212.503	37	15	15	0	0	212.503	0
2536	T	T	187.842	37	14	14	0	5.42101e-19	0	187.842
2537	A	A	195.926	37	14	14	195.926	0	0	0
2538	A	A	195.433	37	14	14	195.433	0	0	0
2539	G	G	182.372	37	14	13	2.1684e-18	0	182.372	0
2540	T	T	199.486	37	14	14	0	0	0	199.486
2541	G	G	184.674	37	14	13	1.0842e-18	0	184.674	0
2542	A	A	184.897	37	13	13	184.897	5.42101e-19	5.42101e-19	5.42101e-19
2543	A	A	199.486	37	14	14	199.486	0	0	0
2544	A	A	199.486	37	14	14	199.486	0	0	0
2545	T	T	195.138	37	14	14	0	0	0	195.138
2546	T	T	195.343	37	14	14	0	0	0	195.343
2547	C	C	198.777	37	14	14	0	198.777	0	0
2548	A	A	224.523	37	16	16	224.523	0	0	0
2549	C	C	211.571	37	16	15	0	211.571	0	0
2550	T	T	217.712	37	16	16	0	0	0	217.712
2551	T	T	218.049	37	16	16	0	0	0	218.049
2552	A	A	217.137	37	16	16	217.137	0	0	0
2553	G	G	209.979	37	16	15	0	0	209.979	0
2554	T	T	192.387	37	15	14	0	0	0	192.387
2555	C	C	213.062	37	16	15	0	213.062	0	0
2556	T	T	207.522	37	16	16	0	0	0	207.522
2557	C	C	239.847	37	17	17	0	239.847	0	0
2558	T	T	224.246	37	17	17	0	0	0	224.246
2559	G	G	255.361	37	19	18	0	0	255.361	0
2560	T	T	245.373	37	19	19	0	0	0	245.373
2561	A	A	254.493	37	19	19	254.493	0	0	0
2562	A	A	244.576	37	19	19	244.576	0	0	0
2563	C	C	256.519	37	18	18	0	256.519	0	0
2564	T	T	257.846	37	18	18	0	0	0	257.846
2565	A	A	222.499	37	17	17	222.499	0	0	0
2566	T	T	228.666	37	16	16	0	0	0	228.666
2567	T	T	214.076	37	15	15	0	0	0	214.076
2568	T	T	228.021	37	17	17	0	0	0	228.021
2569	A	A	237.144	37	18	18	237.144	0	0	0
2570	A	A	230.48	37	17	17	230.48	0	0	0
2571	G	G	227.885	37	16	16	0	0	227.885	0
2572	G	G	242.197	37	17	17	0	0	242.197	0
2573	A	A	237.329	37	17	17	237.329	0	0	0
2574	C	C	227.807	37	16	16	0	227.807	0	0
2575	T	T	230.362	37	17	17	0	0	0	230.362
2576	G	G	242.489	37	17	17	0	0	242.489	0
2577	C	C	255.491	37	18	18	0	255.491	0	0
2578	A	A	252.968	37	18	18	252.968	0	0	0
2579	A	A	251.918	37	18	18	251.918	0	0	0
2580	G	G	243.256	37	17	17	0	0	243.256	0
2581	A	A	243.256	37	17	17	243.256	0	0	0
2582	G	G	242.639	37	17	17	0	0	242.639	0
2583	C	C	243.256	37	17	17	0	243.256	0	0
2584	A	A	238.159	37	18	18	238.159	0	0	0
2585	T	T	258.85	37	19	19	0	0	0	258.85
2586	A	A	259.58	37	19	19	259.58	0	0	0
2587	T	T	247.151	37	18	18	0	0	0	247.151
2588	C	C	269.39	37	19	19	0	269.39	0	0
2589	T	T	251.869	37	19	19	0	0	0	251.869
2590	C	C	283.612	37	20	20	0	283.612	0	0
2591	A	A	261.58	37	20	20	261.58	0	0	0
2592	C	C	297.882	37	21	21	0	297.882	0	0
2593	A	A	268.849	37	21	21	268.849	0	0	0
2594	T	T	247.905	37	18	18	0	0	0	247.905
2595	C	C	256.817	37	19	18	0	256.817	0	0
2596	A	A	253.791	37	18	18	253.791	0	0	0
2597	T	T	259.58	37	19	19	0	0	0	259.58
2598	T	T	260.906	37	19	19	0	0	0	260.906
2599	T	T	267.326	37	20	20	0	0	0	267.326
2600	G	G	253.059	37	19	18	0	0	253.059	0
2601	A	A	245.502	37	19	19	245.502	0	0	0
2602	A	A	242.488	37	19	19	242.488	0	0	0
2603	C	C	257.136	37	18	18	0	257.136	0	0
2604	G	G	227.021	37	16	16	0	0	227.021	0
2605	C	C	214.076	37	15	15	0	214.076	0	0
2606	A	A	210.191	37	15	15	210.191	0	0	0
2607	A	A	224.523	37	16	16	224.523	0	0	0
2608	A	A	224.317	37	16	16	224.317	0	0	0
2609	A	A	223.981	37	16	16	223.981	0	0	0
2610	C	C	211.591	37	16	15	0	211.591	0	0
2611	A	A	204.004	37	15	15	204.004	0	0	0
2612	A	A	217.934	37	16	16	217.934	0	0	0
2613	C	C	202.907	37	16	15	0	202.907	0	0
2614	C	C	227.883	37	16	16	0	227.883	0	0
2615	G	G	211.561	37	16	15	0	0	211.561	0
2616	C	C	198.869	37	14	14	0	198.869	0	0
2617	T	T	199.486	37	14	14	0	0	0	199.486
2618	T	T	208.03	37	15	15	0	0	0	208.03
2619	T	T	194.801	37	14	14	0	0	0	194.801
2620	A	A	153.264	37	14	14	153.264	0	2.04806e-15	0
2621	A	A	141.074	37	12	12	141.074	1.35525e-17	3.38884e-14	1.35525e-17
2622	T	T	151.832	37	11	11	3.88144e-16	2.07218e-15	3.88144e-16	151.832
2623	T	T	141.127	37	10	10	1.11673e-14	1.11676e-14	1.11681e-14	141.127
2624	A	A	120.454	37	9	9	120.454	3.24858e-13	3.26362e-12	3.23306e-13
2625	A	A	126.537	37	9	9	126.537	3.21331e-13	3.2132e-13	3.21315e-13
2626	G	G	126.537	37	9	9	3.21321e-13	3.21314e-13	126.537	3.21329e-13
2627	C	C	125.678	37	9	9	3.91643e-13	125.678	3.91624e-13	3.91634e-13
2628	T	T	128.234	37	10	10	1.11673e-14	6.29922e-13	1.11678e-14	128.234
2629	A	A	166.253	37	12	12	166.253	1.35525e-17	7.58942e-17	1.35525e-17
2630	A	A	166.193	37	12	12	166.193	1.35525e-17	7.75205e-17	1.35525e-17
2631	G	G	154.194	37	12	11	1.54607e-15	5.42101e-17	154.194	5.42101e-17
2632	C	C	164.798	37	13	12	4.33681e-18	164.798	4.33681e-18	1.34441e-16
2633	C	C	167.775	37	13	12	2.1684e-18	167.775	2.1684e-18	6.83047e-17
2634	C	C	182.979	37	13	13	5.42101e-19	182.979	5.42101e-19	5.42101e-19
2635	T	T	174.202	37	13	13	0	1.51788e-17	0	174.202
2636	T	T	179.42	37	14	14	0	4.87891e-18	0	179.42
2637	C	C	180.583	37	14	13	0	180.583	0	3.25261e-18
2638	T	T	195.138	37	14	14	0	0	0	195.138
2639	C	C	198.696	37	14	14	0	198.696	0	0
2640	G	G	196	37	14	14	0	0	196	0
2641	A	A	163.998	37	13	13	163.998	5.42101e-19	1.71846e-16	5.42101e-19
2642	T	T	170.307	37	12	12	1.35525e-17	1.35525e-17	1.35525e-17	170.307
2643	C	C	155.717	37	11	11	3.88144e-16	155.717	3.88144e-16	3.88144e-16
2644	G	G	154.735	37	11	11	4.86265e-16	4.86265e-16	154.735	4.86807e-16
2645	G	G	154.072	37	11	11	5.66496e-16	5.66496e-16	154.072	5.67038e-16
2646	T	T	141.127	37	10	10	1.11673e-14	1.11676e-14	1.11678e-14	141.127
2647	G	G	140.51	37	10	10	1.28725e-14	1.28722e-14	140.51	1.28727e-14
2648	G	G	137.529	37	11	10	7.17276e-14	2.49258e-15	137.529	2.49258e-15
2649	G	G	137.151	37	11	10	7.8249e-14	2.71918e-15	137.151	2.71918e-15
2650	C	C	154.936	37	11	11	4.64581e-16	154.936	4.64581e-16	4.64581e-16
2651	T	T	151.663	37	11	11	3.88144e-16	2.18494e-15	3.88144e-16	151.663
2652	T	T	137.566	37	10	10	1.11673e-14	5.37249e-14	1.11681e-14	137.566
2653	T	T	126.537	37	9	9	3.21315e-13	3.2132e-13	3.21332e-13	126.537
2654	T	T	111.947	37	8	8	9.24516e-12	9.24528e-12	9.24558e-12	111.947
2655	G	G	111.088	37	8	8	1.12684e-11	1.12682e-11	111.088	1.12687e-11
2656	T	T	111.947	37	8	8	9.24518e-12	9.2453e-12	9.24561e-12	111.947
2657	C	C	124.964	37	9	9	4.61628e-13	124.964	4.61607e-13	4.61617e-13
2658	C	C	95.8346	37	8	7	3.68264e-11	95.8346	3.68255e-11	1.05958e-09
2659	C	C	111.138	37	8	8	1.11593e-11	111.138	1.11264e-11	1.11356e-11
2660	A	A	107.893	37	8	8	107.893	9.24954e-12	5.20573e-11	9.24739e-12
2661	C	C	111.302	37	8	8	1.07456e-11	111.302	1.07139e-11	1.07227e-11
2662	A	A	121.659	37	9	9	121.659	3.21332e-13	2.32107e-12	3.21315e-13
2663	A	A	120.61	37	9	9	120.61	3.21332e-13	3.13118e-12	3.21315e-13
2664	A	A	125.9	37	9	9	125.9	3.8955e-13	3.65574e-13	3.61072e-13
2665	T	T	115.008	37	9	9	3.21315e-13	1.30649e-11	3.21332e-13	115.008
2666	T	T	121.427	37	10	10	1.11681e-14	3.10409e-12	1.11695e-14	121.427
2667	T	T	134.589	37	11	11	3.88144e-16	1.50192e-13	3.88144e-16	134.589
2668	G	G	139.604	37	11	10	4.44826e-14	1.54607e-15	139.604	1.54607e-15
2669	T	T	149.498	37	12	12	1.35525e-17	4.84855e-15	1.35525e-17	149.498
2670	A	A	155.717	37	11	11	155.717	3.88144e-16	3.88144e-16	3.88144e-16
2671	G	G	154.39	37	11	11	5.26922e-16	5.26922e-16	154.39	5.26922e-16
2672	T	T	151.574	37	11	11	3.88144e-16	2.24674e-15	3.88144e-16	151.574
2673	T	T	157.752	37	12	12	1.35525e-17	7.01479e-16	1.35525e-17	157.752
2674	A	A	150.615	37	12	12	150.615	1.35525e-17	3.74267e-15	1.35525e-17
2675	A	A	147.539	37	12	12	147.539	1.35525e-17	7.62628e-15	1.35525e-17
2676	C	C	140.365	37	10	10	1.33091e-14	140.365	1.3308e-14	1.33086e-14
2677	A	A	135.2	37	10	10	135.2	1.11678e-14	1.08824e-13	1.11673e-14
2678	G	G	126.537	37	9	9	3.2133e-13	3.2132e-13	126.537	3.21339e-13
2679	C	C	139.482	37	10	10	1.63102e-14	139.482	1.63091e-14	1.63097e-14
2680	T	T	136.442	37	10	10	1.11673e-14	7.62094e-14	1.11678e-14	136.442
2681	T	T	142.558	37	11	11	3.88144e-16	2.33198e-14	3.88144e-16	142.558
2682	A	A	155.717	37	11	11	155.717	3.88144e-16	3.88144e-16	3.88144e-16
2683	A	A	181.012	37	13	13	181.012	5.42101e-19	2.71051e-18	5.42101e-19
2684	A	A	239.113	37	17	17	239.113	0	0	0
2685	A	A	238.906	37	17	17	238.906	0	0	0
2686	C	C	222.066	37	17	16	0	222.066	0	0
2687	C	C	201.786	37	17	15	0	201.786	0	0
2688	C	C	209.389	37	16	15	0	209.389	0	0
2689	C	C	228.666	37	16	16	0	228.666	0	0
2690	A	A	218.801	37	16	16	218.801	0	0	0
2691	A	A	211.022	37	16	16	211.022	0	0	0
2692	A	A	209.602	37	16	16	209.602	0	0	0
2693	C	C	203.966	37	16	15	0	203.966	0	0
2694	A	A	200.491	37	15	15	200.491	0	0	0
2695	A	A	193.44	37	14	14	193.44	0	0	0
2696	C	C	184.897	37	13	13	5.42101e-19	184.897	5.42101e-19	5.42101e-19
2697	T	T	184.897	37	13	13	5.42101e-19	5.42101e-19	5.42101e-19	184.897
2698	G	G	199.486	37	14	14	0	0	199.486	0
2699	G	G	199.486	37	14	14	0	0	199.486	0
2700	C	C	178.408	37	15	13	0	178.408	0	6.50521e-18
2701	T	T	207.418	37	16	16	0	0	0	207.418
2702	T	T	209.884	37	16	16	0	0	0	209.884
2703	C	C	211.075	37	16	15	0	211.075	0	0
2704	A	A	246.969	37	18	18	246.969	0	0	0
2705	A	A	239.822	37	18	18	239.822	0	0	0
2706	T	T	246.892	37	18	18	0	0	0	246.892
2707	C	C	225.419	37	17	16	0	225.419	0	0
2708	T	T	223.866	37	17	17	0	0	0	223.866
2709	A	A	221.193	37	17	17	221.193	0	0	0
2710	C	C	224.882	37	17	16	0	224.882	0	0
2711	T	T	202.431	37	15	15	0	0	0	202.431
2712	T	T	203.712	37	15	15	0	0	0	203.712
2713	C	C	213.314	37	15	15	0	213.314	0	0
2714	T	T	210.515	37	15	15	0	0	0	210.515
2715	C	C	214.076	37	15	15	0	214.076	0	0
2716	C	C	189.376	37	15	14	0	189.376	0	0
2717	C	C	214.076	37	15	15	0	214.076	0	0
2718	G	G	211.722	37	15	15	0	0	211.722	0
2719	G	G	211.866	37	15	15	0	0	211.866	0
2720	C	C	226.037	37	16	16	0	226.037	0	0
2721	G	G	254.435	37	18	18	0	0	254.435	0
2722	C	C	254.079	37	18	18	0	254.079	0	0
2723	G	G	239.107	37	17	17	0	0	239.107	0
2724	T	T	196.514	37	15	15	0	0	0	196.514
2725	G	G	211.641	37	15	15	0	0	211.641	0
2726	G	G	198.627	37	14	14	0	0	198.627	0
2727	A	A	188.411	37	14	14	188.411	0	5.42101e-19	0
2728	A	A	179.748	37	14	14	179.748	0	4.33681e-18	0
2729	A	A	174.02	37	13	13	174.02	5.42101e-19	1.6263e-17	5.42101e-19
2730	A	A	173.525	37	13	13	173.525	5.42101e-19	1.84314e-17	5.42101e-19
2731	T	T	198.841	37	15	15	0	0	0	198.841
2732	A	A	201.522	37	15	15	201.522	0	0	0
2733	A	A	189.508	37	14	14	189.508	0	5.42101e-19	0
2734	A	A	188.61	37	14	14	188.61	0	5.42101e-19	0
2735	G	G	197.106	37	14	14	0	0	197.106	0
2736	G	G	196.021	37	14	14	0	0	196.021	0
2737	C	C	184.897	37	13	13	5.42101e-19	184.897	5.42101e-19	5.42101e-19
2738	G	G	169.248	37	12	12	1.73472e-17	1.73472e-17	169.248	1.73472e-17
2739	G	G	168.733	37	12	12	1.89735e-17	1.89735e-17	168.733	1.95156e-17
2740	G	G	155.717	37	11	11	3.88144e-16	3.88144e-16	155.717	3.88144e-16
2741	A	A	152.156	37	11	11	152.156	3.88144e-16	1.86727e-15	3.88144e-16
2742	G	G	154.955	37	11	11	4.62412e-16	4.62412e-16	154.955	4.62412e-16
2743	A	A	166.193	37	12	12	166.193	1.35525e-17	7.75205e-17	1.35525e-17
2744	A	A	165.429	37	12	12	165.429	1.35525e-17	9.75782e-17	1.35525e-17
2745	G	G	155.494	37	12	11	1.14654e-15	4.01155e-17	155.494	3.95734e-17
2746	C	C	154.926	37	11	11	4.65665e-16	154.926	4.65665e-16	4.65665e-16
2747	C	C	155.007	37	11	11	4.56991e-16	155.007	4.56991e-16	4.56991e-16
2748	C	C	155.717	37	11	11	3.88144e-16	155.717	3.88144e-16	3.88144e-16
2749	C	C	155.717	37	11	11	3.88144e-16	155.717	3.88144e-16	3.88144e-16
2750	G	G	169.526	37	12	12	1.6263e-17	1.6263e-17	169.526	1.6263e-17
2751	G	G	169.248	37	12	12	1.73472e-17	1.73472e-17	169.248	1.73472e-17
2752	C	C	169.223	37	12	12	1.73472e-17	169.223	1.73472e-17	1.73472e-17
2753	C	C	138.642	37	11	10	1.9288e-15	138.642	1.9288e-15	5.55112e-14
2754	G	G	169.516	37	12	12	1.6263e-17	1.6263e-17	169.516	1.6263e-17
2755	A	A	165.957	37	12	12	165.957	1.35525e-17	8.29415e-17	1.35525e-17
2756	A	A	161.083	37	13	12	161.083	1.19262e-17	3.08998e-16	1.73472e-17
2757	T	T	173.487	37	13	13	5.42101e-19	1.84314e-17	5.42101e-19	173.487
2758	T	T	159.648	37	12	12	1.35525e-17	4.43981e-16	1.35525e-17	159.648
2759	G	G	168.054	37	12	12	2.27682e-17	2.27682e-17	168.054	2.27682e-17
2760	A	A	144.449	37	12	12	144.449	1.35525e-17	1.55648e-14	1.35525e-17
2761	A	A	134.376	37	12	12	134.376	1.35525e-17	1.58537e-13	1.35525e-17
2762	G	G	138.379	37	11	10	5.89763e-14	2.04914e-15	138.379	2.05023e-15
2763	C	C	141.127	37	10	10	1.11678e-14	141.127	1.11673e-14	1.11676e-14
2764	T	T	135.2	37	10	10	1.11673e-14	1.08824e-13	1.11678e-14	135.2
2765	G	G	124.964	37	9	9	4.61624e-13	4.6161e-13	124.964	4.61635e-13
2766	C	C	82.0453	37	9	7	3.26777e-11	82.0453	3.26769e-11	2.70527e-08
2767	T	T	119.897	37	10	10	1.11673e-14	4.42478e-12	1.11681e-14	119.897
2768	T	T	127.6	37	11	11	3.88144e-16	7.53942e-13	3.88144e-16	127.6
2769	C	C	136.681	37	11	10	3.03035e-15	136.681	3.03035e-15	8.71926e-14
2770	T	T	138.52	37	11	11	3.88144e-16	6.02887e-14	3.88144e-16	138.52
2771	T	T	150.831	37	12	12	1.35525e-17	3.55998e-15	1.35525e-17	150.831
2772	T	T	144.835	37	11	11	3.88144e-16	1.34877e-14	3.88144e-16	144.835
2773	G	G	168.83	37	12	12	1.89735e-17	1.89735e-17	168.83	1.89735e-17
2774	A	A	159.013	37	12	12	159.013	1.35525e-17	5.18249e-16	1.35525e-17
2775	A	A	171.903	37	13	13	171.903	5.42101e-19	2.71051e-17	5.42101e-19
2776	A	A	158.997	37	12	12	158.997	1.35525e-17	5.20417e-16	1.35525e-17
2777	T	T	169.927	37	14	14	0	4.39102e-17	0	169.927
2778	T	T	165.204	37	13	13	5.42101e-19	1.30104e-16	5.42101e-19	165.204
2779	T	T	167.309	37	13	13	5.42101e-19	7.96889e-17	5.42101e-19	167.309
2780	C	C	196.289	37	14	14	0	196.289	0	0
2781	T	T	167.181	37	13	13	5.42101e-19	8.18573e-17	5.42101e-19	167.181
2782	A	A	199.486	37	14	14	199.486	0	0	0
2783	T	T	188.077	37	14	14	0	5.42101e-19	0	188.077
2784	T	T	188.827	37	14	14	0	5.42101e-19	0	188.827
2785	C	C	198.696	37	14	14	0	198.696	0	0
2786	A	A	195.433	37	14	14	195.433	0	0	0
2787	A	A	195.372	37	14	14	195.372	0	0	0
2788	T	T	199.486	37	14	14	0	0	0	199.486
2789	A	A	186.71	37	14	14	186.71	0	1.0842e-18	0
2790	T	T	184.897	37	13	13	5.42101e-19	5.42101e-19	5.42101e-19	184.897
2791	C	C	173.141	37	14	13	0	173.141	0	1.95156e-17
2792	A	A	193.559	37	14	14	193.559	0	0	0
2793	T	T	180.548	37	13	13	5.42101e-19	2.71051e-18	5.42101e-19	180.548
2794	T	T	180.753	37	13	13	5.42101e-19	2.71051e-18	5.42101e-19	180.753
2795	A	A	167.887	37	13	13	167.887	5.42101e-19	6.9931e-17	5.42101e-19
2796	T	T	193.44	37	14	14	0	0	0	193.44
2797	T	T	194.801	37	14	14	0	0	0	194.801
2798	C	C	198.627	37	14	14	0	198.627	0	0
2799	A	A	161.396	37	13	13	161.396	5.42101e-19	3.13877e-16	5.42101e-19
2800	C	C	155.007	37	11	11	4.56991e-16	155.007	4.56991e-16	4.56991e-16
2801	C	C	141.127	37	10	10	1.11678e-14	141.127	1.11673e-14	1.11676e-14
2802	A	A	137.242	37	10	10	137.242	1.11678e-14	5.96197e-14	1.11673e-14
2803	C	C	154.072	37	11	11	5.67038e-16	154.072	5.67038e-16	5.67038e-16
2804	A	A	137.295	37	11	11	137.295	3.88144e-16	8.01822e-14	3.88144e-16
2805	G	G	153.016	37	11	11	7.23163e-16	7.22621e-16	153.016	7.23163e-16
2806	A	A	133.758	37	11	11	133.758	3.88144e-16	1.82041e-13	3.88144e-16
2807	G	G	152.427	37	11	11	8.27788e-16	8.27788e-16	152.427	8.27788e-16
2808	C	C	125.479	37	9	9	4.10012e-13	125.479	4.09995e-13	4.10003e-13
2809	T	T	122.423	37	9	9	3.21315e-13	1.84316e-12	3.21331e-13	122.423
2810	T	T	122.484	37	9	9	3.21315e-13	1.80865e-12	3.21331e-13	122.484
2811	G	G	108.365	37	9	8	5.9174e-11	2.05655e-12	108.365	2.05663e-12
2812	G	G	110.665	37	9	8	3.48378e-11	1.2107e-12	110.665	1.21085e-12
2813	C	C	111.725	37	9	8	9.48769e-13	111.725	9.48737e-13	2.72982e-11
2814	A	A	126.537	37	9	9	126.537	3.21331e-13	3.2132e-13	3.21315e-13
2815	A	A	126.537	37	9	9	126.537	3.21331e-13	3.2132e-13	3.21315e-13
2816	A	A	126.537	37	9	9	126.537	3.21332e-13	3.21321e-13	3.21316e-13
2817	A	A	126.519	37	9	9	126.519	3.23096e-13	3.22685e-13	3.22311e-13
2818	A	A	122.652	37	9	9	122.652	3.21331e-13	1.71542e-12	3.21315e-13
2819	G	G	124.052	37	10	9	1.59722e-12	5.55101e-14	124.052	5.55122e-14
2820	A	A	136.778	37	10	10	136.778	1.11678e-14	6.88552e-14	1.11673e-14
2821	G	G	140.145	37	10	10	1.40019e-14	1.40014e-14	140.145	1.40025e-14
2822	G	G	126.458	37	10	9	9.17983e-13	3.19037e-14	126.458	3.19054e-14
2823	A	A	122.976	37	9	9	122.976	3.21332e-13	1.54582e-12	3.21315e-13
2824	C	C	126.537	37	9	9	3.21329e-13	126.537	3.21314e-13	3.21321e-13
2825	T	T	126.537	37	9	9	3.21315e-13	3.2132e-13	3.21332e-13	126.537
2826	T	T	126.537	37	9	9	3.21315e-13	3.2132e-13	3.21332e-13	126.537
2827	G	G	138.495	37	10	10	2.04719e-14	2.04714e-14	138.495	2.04719e-14
2828	C	C	138.495	37	10	10	2.04719e-14	138.495	2.04708e-14	2.04714e-14
2829	C	C	124.698	37	9	9	4.90809e-13	124.698	4.90784e-13	4.90798e-13
2830	T	T	115.957	37	9	9	3.21315e-13	1.03749e-11	3.21332e-13	115.957
2831	G	G	126.496	37	9	9	3.24508e-13	3.23427e-13	126.496	3.2517e-13
2832	T	T	122.976	37	9	9	3.21315e-13	1.54582e-12	3.21332e-13	122.976
2833	A	A	126.537	37	9	9	126.537	3.21331e-13	3.21319e-13	3.21315e-13
2834	T	T	135.081	37	10	10	1.11673e-14	1.12472e-13	1.11678e-14	135.081
2835	T	T	136.442	37	10	10	1.11673e-14	7.62097e-14	1.11678e-14	136.442
2836	C	C	140.268	37	10	10	1.36116e-14	140.268	1.36111e-14	1.36111e-14
2837	T	T	142.823	37	11	11	3.88144e-16	2.1893e-14	3.88144e-16	142.823
2838	T	T	149.305	37	12	12	1.35525e-17	5.06919e-15	1.35525e-17	149.305
2839	A	A	158.935	37	12	12	158.935	1.35525e-17	5.28006e-16	1.35525e-17
2840	G	G	167.603	37	12	12	2.54788e-17	2.54788e-17	167.603	2.49366e-17
2841	A	A	149.79	37	11	11	149.79	3.88144e-16	3.78224e-15	3.88144e-16
2842	T	T	148.461	37	12	12	1.30104e-17	6.16206e-15	1.30104e-17	148.461
2843	T	T	157.74	37	12	12	1.35525e-17	7.03647e-16	1.35525e-17	157.74
2844	T	T	164.438	37	13	13	5.42101e-19	1.55041e-16	5.42101e-19	164.438
2845	A	A	184.897	37	13	13	184.897	5.42101e-19	5.42101e-19	5.42101e-19
2846	C	C	195.748	37	14	14	0	195.748	0	0
2847	A	A	210.023	37	15	15	210.023	0	0	0
2848	G	G	166.971	37	15	13	8.67362e-17	0	166.971	0
2849	T	T	212.437	37	17	17	0	0	0	212.437
2850	C	C	202.591	37	17	15	0	202.591	0	0
2851	T	T	215.061	37	17	17	0	0	0	215.061
2852	A	A	237.21	37	17	17	237.21	0	0	0
2853	G	G	227.956	37	16	16	0	0	227.956	0
2854	C	C	211.469	37	16	15	0	211.469	0	0
2855	G	G	227.097	37	16	16	0	0	227.097	0
2856	C	C	203.964	37	16	15	0	203.964	0	0
2857	T	T	237.209	37	17	17	0	0	0	237.209
2858	T	T	229.67	37	17	17	0	0	0	229.67
2859	T	T	231.349	37	17	17	0	0	0	231.349
2860	T	T	217.971	37	16	16	0	0	0	217.971
2861	A	A	239.371	37	17	17	239.371	0	0	0
2862	T	T	232.608	37	17	17	0	0	0	232.608
2863	C	C	242.396	37	17	17	0	242.396	0	0
2864	A	A	238.569	37	17	17	238.569	0	0	0
2865	G	G	256.201	37	18	18	0	0	256.201	0
2866	C	C	255.142	37	18	18	0	255.142	0	0
2867	C	C	269.027	37	19	19	0	269.027	0	0
2868	A	A	247.346	37	19	19	247.346	0	0	0
2869	T	T	254.809	37	19	19	0	0	0	254.809
2870	T	T	266.838	37	20	20	0	0	0	266.838
2871	T	T	261.36	37	19	19	0	0	0	261.36
2872	T	T	238.907	37	17	17	0	0	0	238.907
2873	A	A	224.552	37	16	16	224.552	0	0	0
2874	C	C	227.956	37	16	16	0	227.956	0	0
2875	C	C	241.611	37	17	17	0	241.611	0	0
2876	T	T	223.98	37	16	16	0	0	0	223.98
2877	A	A	217.79	37	16	16	217.79	0	0	0
2878	T	T	235.199	37	18	18	0	0	0	235.199
2879	G	G	237.264	37	18	17	0	0	237.264	0
2880	T	T	232.598	37	17	17	0	0	0	232.598
2881	T	T	218.163	37	16	16	0	0	0	218.163
2882	C	C	227.432	37	16	16	0	227.432	0	0
2883	A	A	207.288	37	16	16	207.288	0	0	0
2884	T	T	222.739	37	16	16	0	0	0	222.739
2885	A	A	201.044	37	15	15	201.044	0	0	0
2886	A	A	209.727	37	15	15	209.727	0	0	0
2887	A	A	223.98	37	16	16	223.98	0	0	0
2888	C	C	226.205	37	17	16	0	226.205	0	0
2889	C	C	225.84	37	17	16	0	225.84	0	0
2890	G	G	243.256	37	17	17	0	0	243.256	0
2891	G	G	243.256	37	17	17	0	0	243.256	0
2892	T	T	237.921	37	18	18	0	0	0	237.921
2893	T	T	246.964	37	18	18	0	0	0	246.964
2894	A	A	247.689	37	18	18	247.689	0	0	0
2895	T	T	253.792	37	18	18	0	0	0	253.792
2896	T	T	254.285	37	18	18	0	0	0	254.285
2897	A	A	244.02	37	18	18	244.02	0	0	0
2898	T	T	242.465	37	17	17	0	0	0	242.465
2899	T	T	228.666	37	16	16	0	0	0	228.666
2900	C	C	228.666	37	16	16	0	228.666	0	0
2901	T	T	228.666	37	16	16	0	0	0	228.666
2902	C	C	228.443	37	17	16	0	228.443	0	0
2903	T	T	209.198	37	15	15	0	0	0	209.198
2904	A	A	203.712	37	15	15	203.712	0	0	0
2905	C	C	196.88	37	15	14	0	196.88	0	0
2906	G	G	210.853	37	15	15	0	0	210.853	0
2907	A	A	188.503	37	15	15	188.503	0	5.42101e-19	0
2908	A	A	185.342	37	15	15	185.342	0	1.0842e-18	0
2909	C	C	198.705	37	14	14	0	198.705	0	0
2910	C	C	184.135	37	13	13	5.42101e-19	184.135	5.42101e-19	5.42101e-19
2911	A	A	147.696	37	13	13	147.696	5.42101e-19	7.38179e-15	5.42101e-19
2912	T	T	164.26	37	12	12	1.35525e-17	1.35525e-16	1.35525e-17	164.26
2913	A	A	150.659	37	12	12	150.659	1.35525e-17	3.70418e-15	1.35525e-17
2914	A	A	148.49	37	12	12	148.49	1.35525e-17	6.12141e-15	1.35525e-17
2915	A	A	140.342	37	11	11	140.342	3.88144e-16	3.93687e-14	3.88144e-16
2916	G	G	126.537	37	9	9	3.21321e-13	3.21314e-13	126.537	3.21329e-13
2917	A	A	122.652	37	9	9	122.652	3.21331e-13	1.71542e-12	3.21315e-13
2918	C	C	126.537	37	9	9	3.2133e-13	126.537	3.21314e-13	3.21323e-13
2919	A	A	122.189	37	9	9	122.189	3.21331e-13	1.98116e-12	3.21315e-13
2920	T	T	126.537	37	9	9	3.21316e-13	3.21321e-13	3.21333e-13	126.537
2921	T	T	126.537	37	9	9	3.21315e-13	3.2132e-13	3.21332e-13	126.537
2922	G	G	87.2471	37	8	7	7.65397e-09	2.6601e-10	87.2471	2.66018e-10
2923	G	G	111.238	37	8	8	1.0887e-11	1.08868e-11	111.238	1.08873e-11
2924	C	C	111.947	37	8	8	9.24553e-12	111.947	9.24514e-12	9.24534e-12
2925	A	A	107.599	37	8	8	107.599	9.24559e-12	5.70038e-11	9.24516e-12
2926	C	C	111.947	37	8	8	9.24553e-12	111.947	9.24514e-12	9.24534e-12
2927	C	C	111.947	37	8	8	9.24553e-12	111.947	9.24514e-12	9.24534e-12
2928	C	C	97.3576	37	7	7	2.66019e-10	97.3576	2.6601e-10	2.66014e-10
2929	T	T	97.3576	37	7	7	2.6601e-10	2.66013e-10	2.66021e-10	97.3576
2930	T	T	97.3576	37	7	7	2.6601e-10	2.66013e-10	2.66021e-10	97.3576
2931	T	T	82.7673	37	6	6	7.65457e-09	7.65473e-09	7.65532e-09	82.7673
2932	A	A	57.5807	37	6	6	57.5807	7.65414e-09	7.56547e-06	7.65387e-09
2933	T	T	38.9988	37	3	3	0.0001823	0.000182301	0.000182303	38.9988
2934	C	C	38.9988	37	3	3	0.000182303	38.9988	0.0001823	0.000182301
2935	T	T	38.9988	37	3	3	0.0001823	0.000182301	0.000182303	38.9988
2936	T	T	38.9988	37	3	3	0.0001823	0.000182301	0.000182303	38.9988
2937	C	C	38.9988	37	3	3	0.000182303	38.9988	0.0001823	0.000182301
2938	T	T	38.9988	37	3	3	0.0001823	0.000182301	0.000182303	38.9988
2939	G	G	37.9405	37	3	3	0.00023261	0.000232608	37.9405	0.000232612
2940	T	T	38.9987	37	3	3	0.000182303	0.000182305	0.000182309	38.9987
2941	T	T	24.4241	37	2	2	0.00523007	0.00523009	0.00523013	24.4241
2942	C	C	24.4242	37	2	2	0.00523012	24.4242	0.00523007	0.00523009
2943	G	G	23.4459	37	2	2	0.00655245	0.00655242	23.4459	0.00655249
2944	G	G	22.7865	37	2	2	0.00762768	0.00762764	22.7865	0.00762772
2945	T	T	10.2493	37	1	1	0.138884	0.138884	0.138885	10.2493
2946	G	G	24.4241	37	2	2	0.00523012	0.00523007	24.4241	0.00523015
2947	C	C	36.3722	37	3	3	0.000333783	36.3722	0.000333779	0.00033378
2948	A	A	68.1779	37	5	5	68.1779	2.20231e-07	2.20227e-07	2.20224e-07
2949	T	T	44.9505	37	6	6	7.65364e-09	0.000138897	7.6539e-09	44.9505
2950	G	G	82.7677	37	6	6	7.65399e-09	7.65387e-09	82.7677	7.65412e-09
2951	C	C	54.4509	32.4422	8	5	6.54208e-10	54.4509	6.54203e-10	1.55834e-05
2952	G	G	111.947	32.4422	8	8	9.24534e-12	9.24514e-12	111.947	9.24553e-12
2953	C	C	93.7488	32.4422	8	7	5.95312e-11	93.7488	5.95292e-11	1.71285e-09
2954	C	C	123.26	33.0469	10	9	6.66199e-14	123.26	6.66145e-14	1.91678e-12
2955	G	G	140.346	33.0469	10	10	1.33682e-14	1.33677e-14	140.346	1.33682e-14
2956	G	G	140.069	33.0469	10	10	1.42502e-14	1.42497e-14	140.069	1.42502e-14
2957	G	G	140.904	33.2895	11	10	3.29738e-14	1.146e-15	140.904	1.146e-15
2958	A	A	141.127	33.0469	10	10	141.127	1.11686e-14	1.11681e-14	1.11678e-14
2959	T	T	137.013	33.0469	10	10	1.11673e-14	6.40595e-14	1.11681e-14	137.013
2960	A	A	141.127	33.0469	10	10	141.127	1.11678e-14	1.11676e-14	1.11673e-14
2961	G	G	141.127	33.0469	10	10	1.11676e-14	1.11673e-14	141.127	1.11678e-14
2962	T	T	141.127	33.0469	10	10	1.11673e-14	1.11676e-14	1.11678e-14	141.127
2963	G	G	141.127	33.0469	10	10	1.11681e-14	1.11676e-14	141.127	1.11684e-14
2964	G	G	140.51	33.0469	10	10	1.28725e-14	1.28722e-14	140.51	1.28727e-14
2965	G	G	154.955	31.3182	11	11	4.62954e-16	4.62954e-16	154.955	4.62412e-16
2966	C	C	139.357	31.3182	11	10	1.63606e-15	139.357	1.63606e-15	4.70858e-14
2967	A	A	150.839	31.3182	11	11	150.839	3.88144e-16	2.80375e-15	3.88144e-16
2968	C	C	151.659	31.5907	12	11	9.6494e-17	151.659	9.6494e-17	2.77122e-15
2969	T	T	149.305	31.5907	12	12	1.35525e-17	5.06919e-15	1.35525e-17	149.305
2970	G	G	170.307	31.5907	12	12	1.35525e-17	1.35525e-17	170.307	1.35525e-17
2971	C	C	152.431	31.5907	12	11	8.0231e-17	152.431	8.0231e-17	2.32019e-15
2972	C	C	168.928	31.5907	12	12	1.84314e-17	168.928	1.84314e-17	1.84314e-17
2973	G	G	184.187	31.8354	13	13	5.42101e-19	5.42101e-19	184.187	5.42101e-19
2974	T	T	185.521	32.0567	14	14	0	1.0842e-18	0	185.521
2975	C	C	210.739	32.258	15	15	0	210.739	0	0
2976	A	A	209.289	32.258	15	15	209.289	0	0	0
2977	G	G	212.431	32.258	15	15	0	0	212.431	0
2978	C	C	173.314	32.0567	14	13	0	173.314	0	1.95156e-17
2979	C	C	198.869	32.0567	14	14	0	198.869	0	0
2980	T	T	199.486	32.0567	14	14	0	0	0	199.486
2981	T	T	208.03	32.258	15	15	0	0	0	208.03
2982	T	T	209.391	32.258	15	15	0	0	0	209.391
2983	T	T	215.507	32.4422	16	16	0	0	0	215.507
2984	A	A	243.256	32.6115	17	17	243.256	0	0	0
2985	A	A	243.256	32.6115	17	17	243.256	0	0	0
2986	T	T	232.675	32.6115	17	17	0	0	0	232.675
2987	T	T	233.391	32.6115	17	17	0	0	0	233.391
2988	C	C	217.939	32.6115	17	16	0	217.939	0	0
2989	G	G	253.353	32.9124	19	18	0	0	253.353	0
2990	T	T	260.106	32.9124	19	19	0	0	0	260.106
2991	G	G	267.376	32.9124	19	19	0	0	267.376	0
2992	C	C	254.649	32.7677	18	18	0	254.649	0	0
2993	C	C	240.947	32.6115	17	17	0	240.947	0	0
2994	G	G	242.494	32.6115	17	17	0	0	242.494	0
2995	A	A	239.142	32.6115	17	17	239.142	0	0	0
2996	G	G	241.487	32.6115	17	17	0	0	241.487	0
2997	C	C	238.137	32.9124	19	17	0	238.137	0	0
2998	T	T	243.669	32.9124	19	19	0	0	0	243.669
2999	T	T	253.033	32.9124	19	19	0	0	0	253.033
3000	G	G	270.791	32.9124	19	19	0	0	270.791	0
3001	G	G	271.818	32.9124	19	19	0	0	271.818	0
3002	T	T	261.36	32.9124	19	19	0	0	0	261.36
3003	C	C	271.353	33.0469	20	19	0	271.353	0	0
3004	A	A	267.689	33.0469	20	20	267.689	0	0	0
3005	G	G	259.289	33.1723	21	19	0	0	259.289	0
3006	C	C	268.771	33.0469	20	19	0	268.771	0	0
3007	C	C	240.115	34.3875	18	17	0	240.115	0	0
3008	C	C	257.055	34.3875	18	18	0	257.055	0	0
3009	G	G	251.808	34.3875	18	18	0	0	251.808	0
3010	G	G	239.855	34.2735	17	17	0	0	239.855	0
3011	G	G	231.665	34.4921	19	17	0	0	231.665	0
3012	G	G	238.683	34.3875	18	17	0	0	238.683	0
3013	C	C	255.443	34.3875	18	18	0	255.443	0	0
3014	T	T	196.84	37	15	15	0	0	0	196.84
3015	C	C	191.756	37	16	14	0	191.756	0	0
3016	T	T	209.391	37	15	15	0	0	0	209.391
3017	G	G	228.666	37	16	16	0	0	228.666	0
3018	T	T	217.257	37	16	16	0	0	0	217.257
3019	T	T	217.862	37	16	16	0	0	0	217.862
3020	G	G	226.181	37	17	16	0	0	226.181	0
3021	G	G	226.349	37	17	16	0	0	226.349	0
3022	G	G	256.863	37	18	18	0	0	256.863	0
3023	G	G	240.459	37	18	17	0	0	240.459	0
3024	G	G	243.256	37	17	17	0	0	243.256	0
3025	A	A	243.256	37	17	17	243.256	0	0	0
3026	T	T	245.726	37	18	18	0	0	0	245.726
3027	G	G	257.846	37	18	18	0	0	257.846	0
3028	A	A	257.846	37	18	18	257.846	0	0	0
3029	T	T	253.101	37	18	18	0	0	0	253.101
3030	C	C	232.527	37	18	17	0	232.527	0	0
3031	A	A	233.558	37	18	18	233.558	0	0	0
3032	G	G	268.532	37	19	19	0	0	268.532	0
3033	A	A	235.9	37	19	19	235.9	0	0	0
3034	T	T	253.732	37	18	18	0	0	0	253.732
3035	C	C	213.373	34.3875	18	16	0	213.373	0	0
3036	T	T	222.562	34.2735	17	17	0	0	0	222.562
3037	A	A	224.781	34.1488	16	16	224.781	0	0	0
3038	C	C	190.471	34.1488	16	14	0	190.471	0	0
3039	A	A	210.485	34.1488	16	16	210.485	0	0	0
3040	A	A	209.886	34.1488	16	16	209.886	0	0	0
3041	T	T	237.209	34.2735	17	17	0	0	0	237.209
3042	G	G	238.072	34.2735	17	17	0	0	238.072	0
3043	T	T	207.288	34.1488	16	16	0	0	0	207.288
3044	A	A	224.602	34.2735	17	17	224.602	0	0	0
3045	G	G	240.231	34.2735	17	17	0	0	240.231	0
3046	T	T	230.046	34.3875	18	18	0	0	0	230.046
3047	C	C	207.294	34.1488	16	15	0	207.294	0	0
3048	G	G	228.047	34.1488	16	16	0	0	228.047	0
3049	T	T	217.79	34.1488	16	16	0	0	0	217.79
3050	A	A	218.302	34.1488	16	16	218.302	0	0	0
3051	A	A	217.021	34.1488	16	16	217.021	0	0	0
3052	A	A	230.097	34.2735	17	17	230.097	0	0	0
3053	T	T	223.98	34.1488	16	16	0	0	0	223.98
3054	G	G	213.997	34.1488	16	15	0	0	213.997	0
3055	C	C	213.286	34.0116	15	15	0	213.286	0	0
3056	C	C	213.366	34.0116	15	15	0	213.366	0	0
3057	C	C	214.076	34.0116	15	15	0	214.076	0	0
3058	A	A	228.666	34.1488	16	16	228.666	0	0	0
3059	T	T	223.98	34.1488	16	16	0	0	0	223.98
3060	G	G	243.256	34.2735	17	17	0	0	243.256	0
3061	C	C	254.386	34.3875	18	18	0	254.386	0	0
3062	A	A	257.846	34.3875	18	18	257.846	0	0	0
3063	G	G	257.846	34.3875	18	18	0	0	257.846	0
3064	T	T	252.511	34.4921	19	19	0	0	0	252.511
3065	C	C	270.76	34.4921	19	19	0	270.76	0	0
3066	G	G	246.154	34.4921	19	18	0	0	246.154	0
3067	T	T	274.243	34.5884	20	20	0	0	0	274.243
3068	G	G	269.683	34.5884	20	19	0	0	269.683	0
3069	A	A	257.176	34.5884	20	20	257.176	0	0	0
3070	C	C	257.084	34.3875	18	18	0	257.084	0	0
3071	A	A	232.261	34.3875	18	18	232.261	0	0	0
3072	A	A	253.041	34.5884	20	20	253.041	0	0	0
3073	T	T	274.604	34.5884	20	20	0	0	0	274.604
3074	C	C	256.205	34.3875	18	18	0	256.205	0	0
3075	T	T	247.228	34.3875	18	18	0	0	0	247.228
3076	T	T	219.014	37	16	16	0	0	0	219.014
3077	C	C	214.076	37	15	15	0	214.076	0	0
3078	T	T	214.076	37	15	15	0	0	0	214.076
3079	T	T	222.738	37	16	16	0	0	0	222.738
3080	C	C	208.276	37	17	15	0	208.276	0	0
3081	A	A	199.603	37	16	16	199.603	0	0	0
3082	T	T	203.2	37	15	15	0	0	0	203.2
3083	A	A	164.428	37	14	14	164.428	0	1.56667e-16	0
3084	G	G	164.585	37	13	12	1.40946e-16	5.42101e-18	164.585	5.42101e-18
3085	T	T	178.85	37	13	13	0	4.33681e-18	0	178.85
3086	T	T	185.762	37	14	14	0	1.0842e-18	0	185.762
3087	A	A	184.251	37	14	14	184.251	0	1.6263e-18	0
3088	T	T	155.91	37	13	13	5.42101e-19	1.11239e-15	5.42101e-19	155.91
3089	G	G	181.608	37	14	13	3.25261e-18	0	181.608	0
3090	C	C	196.146	37	14	14	0	196.146	0	0
3091	C	C	197.234	37	14	14	0	197.234	0	0
3092	T	T	189.622	37	14	14	0	5.42101e-19	0	189.622
3093	A	A	186.631	37	14	14	186.631	0	1.0842e-18	0
3094	T	T	184.897	37	13	13	5.42101e-19	5.42101e-19	5.42101e-19	184.897
3095	T	T	184.86	37	13	13	5.42101e-19	5.42101e-19	5.42101e-19	184.86
3096	A	A	166.163	37	12	12	166.163	1.35525e-17	7.80626e-17	1.35525e-17
3097	T	T	170.307	37	12	12	1.35525e-17	1.35525e-17	1.35525e-17	170.307
3098	A	A	180.211	37	13	13	180.211	5.42101e-19	3.25261e-18	5.42101e-19
3099	A	A	187.229	37	14	14	187.229	0	5.42101e-19	0
3100	T	T	172.99	37	13	13	5.42101e-19	2.05998e-17	5.42101e-19	172.99
3101	T	T	174.202	37	13	13	0	1.51788e-17	0	174.202
3102	G	G	166.403	37	13	12	9.32414e-17	3.25261e-18	166.403	3.25261e-18
3103	G	G	179.903	37	14	13	4.33681e-18	0	179.903	0
3104	G	G	168.385	37	13	12	5.85469e-17	2.1684e-18	168.385	2.1684e-18
3105	C	C	182.542	37	13	13	5.42101e-19	182.542	5.42101e-19	5.42101e-19
3106	G	G	168.662	37	12	12	2.00577e-17	2.00577e-17	168.662	1.95156e-17
3107	A	A	155.717	37	11	11	155.717	3.88144e-16	3.88144e-16	3.88144e-16
3108	T	T	151.664	37	11	11	3.88144e-16	2.18467e-15	3.88144e-16	151.664
3109	T	T	152.156	37	11	11	3.88144e-16	1.86727e-15	3.88144e-16	152.156
3110	C	C	155.717	37	11	11	3.88144e-16	155.717	3.88144e-16	3.88144e-16
3111	G	G	155.717	37	11	11	3.88144e-16	3.88144e-16	155.717	3.88144e-16
3112	G	G	170.307	37	12	12	1.35525e-17	1.35525e-17	170.307	1.35525e-17
3113	G	G	170.307	37	12	12	1.35525e-17	1.35525e-17	170.307	1.35525e-17
3114	A	A	170.307	37	12	12	170.307	1.35525e-17	1.35525e-17	1.35525e-17
3115	A	A	170.306	37	12	12	170.306	1.35525e-17	1.35525e-17	1.35525e-17
3116	C	C	169.597	37	12	12	1.57209e-17	169.597	1.57209e-17	1.57209e-17
3117	T	T	170.307	37	12	12	1.35525e-17	1.35525e-17	1.35525e-17	170.307
3118	G	G	170.306	37	12	12	1.35525e-17	1.35525e-17	170.306	1.35525e-17
3119	A	A	184.897	37	13	13	184.897	5.42101e-19	5.42101e-19	5.42101e-19
3120	T	T	185.521	37	14	14	0	1.0842e-18	0	185.521
3121	T	T	188.114	37	14	14	0	5.42101e-19	0	188.114
3122	A	A	189.621	37	14	14	189.621	0	5.42101e-19	0
3123	G	G	196.2	37	15	14	0	0	196.2	0
3124	T	T	202.766	37	15	15	0	0	0	202.766
3125	G	G	211.444	37	15	15	0	0	211.444	0
3126	C	C	198.502	37	15	14	0	198.502	0	0
3127	C	C	197.811	37	14	14	0	197.811	0	0
3128	T	T	195.372	37	14	14	0	0	0	195.372
3129	T	T	201.162	37	15	15	0	0	0	201.162
3130	T	T	203.428	37	15	15	0	0	0	203.428
3131	G	G	197.995	37	14	14	0	0	197.995	0
3132	A	A	187.842	37	14	14	187.842	0	5.42101e-19	0
3133	T	T	195.522	37	14	14	0	0	0	195.522
3134	G	G	183.9	37	13	13	5.42101e-19	5.42101e-19	183.9	5.42101e-19
3135	A	A	172.85	37	14	14	172.85	0	2.27682e-17	0
3136	T	T	180.019	37	13	13	5.42101e-19	3.25261e-18	5.42101e-19	180.019
3137	C	C	197.06	37	14	14	0	197.06	0	0
3138	G	G	195.702	37	14	14	0	0	195.702	0
3139	G	G	176.416	37	14	13	9.75782e-18	0	176.416	0
3140	T	T	151.574	37	11	11	3.88144e-16	2.24674e-15	3.88144e-16	151.574
3141	G	G	151.933	37	12	11	2.60209e-15	8.99888e-17	151.933	8.99888e-17
3142	C	C	139.604	37	11	10	1.54607e-15	139.604	1.54607e-15	4.44826e-14
3143	C	C	167.952	37	12	12	2.33103e-17	167.952	2.33103e-17	2.33103e-17
3144	C	C	153.817	37	12	11	5.85469e-17	153.817	5.85469e-17	1.68593e-15
3145	C	C	151.593	37	12	11	9.75782e-17	151.593	9.75782e-17	2.8135e-15
3146	C	C	152.251	37	12	11	8.45678e-17	152.251	8.45678e-17	2.41777e-15
3147	G	G	168.733	37	12	12	1.89735e-17	1.89735e-17	168.733	1.95156e-17
3148	A	A	155.717	37	11	11	155.717	3.88144e-16	3.88144e-16	3.88144e-16
3149	C	C	155.716	37	11	11	3.88144e-16	155.716	3.88144e-16	3.88144e-16
3150	A	A	152.156	37	11	11	152.156	3.88144e-16	1.86727e-15	3.88144e-16
3151	T	T	155.717	37	11	11	3.88144e-16	3.88144e-16	3.88144e-16	155.717
3152	A	A	151.603	37	11	11	151.603	3.88144e-16	2.22641e-15	3.88144e-16
3153	G	G	153.484	37	12	11	1.82038e-15	6.28837e-17	153.484	6.28837e-17
3154	C	C	169.324	37	12	12	1.68051e-17	169.324	1.68051e-17	1.68051e-17
3155	G	G	152.251	37	12	11	2.41777e-15	8.45678e-17	152.251	8.45678e-17
3156	T	T	158.897	37	12	12	1.35525e-17	5.32885e-16	1.35525e-17	158.897
3157	T	T	159.648	37	12	12	1.35525e-17	4.43981e-16	1.35525e-17	159.648
3158	G	G	140.904	37	11	10	3.29738e-14	1.146e-15	140.904	1.146e-15
3159	C	C	123.701	37	10	9	6.01895e-14	123.701	6.01862e-14	1.73178e-12
3160	C	C	141.127	37	10	10	1.11678e-14	141.127	1.11673e-14	1.11676e-14
3161	T	T	141.127	37	10	10	1.11673e-14	1.11676e-14	1.11678e-14	141.127
3162	C	C	141.127	37	10	10	1.11678e-14	141.127	1.11673e-14	1.11676e-14
3163	G	G	155.717	37	11	11	3.88144e-16	3.88144e-16	155.717	3.88144e-16
3164	A	A	151.832	37	11	11	151.832	3.88144e-16	2.07218e-15	3.88144e-16
3165	A	A	151.574	37	11	11	151.574	3.88144e-16	2.24674e-15	3.88144e-16
3166	T	T	151.573	37	11	11	3.88144e-16	2.24701e-15	3.88144e-16	151.573
3167	A	A	151.031	37	11	11	151.031	3.88144e-16	2.64871e-15	3.88144e-16
3168	A	A	178.85	37	13	13	178.85	5.42101e-19	4.87891e-18	5.42101e-19
3169	A	A	170.307	37	12	12	170.307	1.35525e-17	1.35525e-17	1.35525e-17
3170	T	T	159.055	37	12	12	1.35525e-17	5.12828e-16	1.35525e-17	159.055
3171	A	A	159.906	37	12	12	159.906	1.35525e-17	4.16876e-16	1.35525e-17
3172	A	A	144.993	37	12	12	144.993	1.35525e-17	1.37303e-14	1.35525e-17
3173	C	C	170.307	37	12	12	1.35525e-17	170.307	1.35525e-17	1.35525e-17
3174	A	A	140.903	37	12	12	140.903	1.35525e-17	3.52469e-14	1.35525e-17
3175	T	T	169.521	37	13	13	0	4.71628e-17	0	169.521
3176	A	A	154.931	37	12	12	154.931	1.35525e-17	1.36826e-15	1.35525e-17
3177	A	A	141.127	37	10	10	141.127	1.11678e-14	1.11676e-14	1.11673e-14
3178	G	G	141.127	37	10	10	1.11678e-14	1.11673e-14	141.127	1.11681e-14
3179	C	C	152.724	37	11	11	7.73036e-16	152.724	7.73036e-16	7.73036e-16
3180	T	T	150.747	37	11	11	3.94107e-16	2.86338e-15	3.98715e-16	150.747
3181	T	T	151.603	37	11	11	3.88144e-16	2.22641e-15	3.88144e-16	151.603
3182	C	C	154.955	37	11	11	4.62412e-16	154.955	4.62412e-16	4.62412e-16
3183	T	T	152.156	37	11	11	3.88144e-16	1.86727e-15	3.88144e-16	152.156
3184	G	G	155.717	37	11	11	3.88144e-16	3.88144e-16	155.717	3.88144e-16
3185	G	G	155.717	37	11	11	3.88144e-16	3.88144e-16	155.717	3.88144e-16
3186	T	T	155.717	37	11	11	3.88144e-16	3.88144e-16	3.88144e-16	155.717
3187	T	T	155.716	37	11	11	3.88144e-16	3.88144e-16	3.88144e-16	155.716
3188	G	G	154.338	37	11	11	5.33427e-16	5.32885e-16	154.338	5.33427e-16
3189	C	C	155.717	37	11	11	3.88144e-16	155.717	3.88144e-16	3.88144e-16
3190	T	T	155.717	37	11	11	3.88144e-16	3.88144e-16	3.88144e-16	155.717
3191	G	G	152.225	37	11	11	8.6682e-16	8.6682e-16	152.225	8.67362e-16
3192	C	C	141.127	37	10	10	1.11676e-14	141.127	1.11673e-14	1.11673e-14
3193	C	C	126.537	37	9	9	3.21326e-13	126.537	3.21313e-13	3.21318e-13
3194	A	A	126.391	37	9	9	126.391	3.3542e-13	3.3222e-13	3.29267e-13
3195	C	C	125.479	37	9	9	4.10011e-13	125.479	4.09994e-13	4.10001e-13
3196	C	C	125.742	37	9	9	3.86242e-13	125.742	3.85662e-13	3.85823e-13
3197	A	A	130.469	37	10	10	130.469	1.11678e-14	3.67461e-13	1.11673e-14
3198	T	T	130.246	37	10	10	1.11673e-14	3.88081e-13	1.11678e-14	130.246
3199	C	C	140.266	37	11	10	1.32706e-15	140.266	1.32706e-15	3.8191e-14
3200	T	T	115.243	37	9	9	3.21315e-13	1.23426e-11	3.21331e-13	115.243
3201	T	T	116.303	37	9	9	3.21315e-13	9.531e-12	3.21331e-13	116.303
3202	T	T	132.929	37	11	11	3.88144e-16	2.20491e-13	3.88144e-16	132.929
3203	C	C	134.605	37	11	10	4.88758e-15	134.605	4.88758e-15	1.40625e-13
3204	T	T	141.36	37	12	12	1.35525e-17	3.17265e-14	1.35525e-17	141.36
3205	T	T	148.019	37	13	13	5.42101e-19	6.85162e-15	5.42101e-19	148.019
3206	A	A	184.763	37	13	13	184.763	5.42101e-19	5.42101e-19	5.42101e-19
3207	C	C	166.131	37	13	12	3.25261e-18	166.131	3.25261e-18	9.86624e-17
3208	T	T	174.919	37	13	13	5.42101e-19	1.30104e-17	5.42101e-19	174.919
3209	G	G	184.897	37	13	13	5.42101e-19	5.42101e-19	184.897	5.42101e-19
3210	C	C	160.196	37	13	12	1.30104e-17	160.196	1.30104e-17	3.88144e-16
3211	T	T	184.897	37	13	13	5.42101e-19	5.42101e-19	5.42101e-19	184.897
3212	T	T	184.897	37	13	13	5.42101e-19	5.42101e-19	5.42101e-19	184.897
3213	C	C	184.897	37	13	13	5.42101e-19	184.897	5.42101e-19	5.42101e-19
3214	T	T	184.897	37	13	13	5.42101e-19	5.42101e-19	5.42101e-19	184.897
3215	G	G	183.373	37	13	13	5.42101e-19	5.42101e-19	183.373	5.42101e-19
3216	G	G	167.001	37	13	12	8.0231e-17	2.1684e-18	167.001	3.25261e-18
3217	C	C	184.897	37	13	13	5.42101e-19	184.897	5.42101e-19	5.42101e-19
3218	C	C	184.897	37	13	13	5.42101e-19	184.897	5.42101e-19	5.42101e-19
3219	T	T	164.38	37	12	12	1.35525e-17	1.31188e-16	1.35525e-17	164.38
3220	C	C	169.248	37	12	12	1.73472e-17	169.248	1.73472e-17	1.73472e-17
3221	C	C	169.526	37	12	12	1.6263e-17	169.526	1.6263e-17	1.6263e-17
3222	T	T	151.664	37	11	11	3.88144e-16	2.18467e-15	3.88144e-16	151.664
3223	C	C	140.51	37	10	10	1.28727e-14	140.51	1.28722e-14	1.28725e-14
3224	T	T	141.127	37	10	10	1.11676e-14	1.11678e-14	1.11684e-14	141.127
3225	A	A	130.893	37	10	10	130.893	1.11678e-14	3.31251e-13	1.11673e-14
3226	A	A	129.833	37	10	10	129.833	1.11678e-14	4.28968e-13	1.11673e-14
3227	G	G	138.701	37	10	10	1.95232e-14	1.95227e-14	138.701	1.95238e-14
3228	G	G	125.479	37	9	9	4.10007e-13	4.09996e-13	125.479	4.10016e-13
3229	T	T	126.537	37	9	9	3.21315e-13	3.2132e-13	3.21332e-13	126.537
3230	A	A	111.947	37	8	8	111.947	9.24559e-12	9.2453e-12	9.24516e-12
3231	G	G	111.947	37	8	8	9.24537e-12	9.24516e-12	111.947	9.24557e-12
3232	A	A	126.537	37	9	9	126.537	3.21333e-13	3.21321e-13	3.21316e-13
3233	A	A	126.537	37	9	9	126.537	3.21331e-13	3.2132e-13	3.21315e-13
3234	G	G	125.92	37	9	9	3.70375e-13	3.70367e-13	125.92	3.70384e-13
3235	C	C	125.775	37	9	9	3.82936e-13	125.775	3.82917e-13	3.82927e-13
3236	A	A	123.363	37	10	10	123.363	1.11678e-14	1.9796e-12	1.11673e-14
3237	G	G	122.266	37	10	9	2.40898e-12	8.3206e-14	122.266	8.50817e-14
3238	G	G	136.361	37	11	10	9.38713e-14	3.26236e-15	136.361	3.26236e-15
3239	T	T	137.997	37	12	12	3.90313e-17	6.87812e-14	5.74627e-17	137.997
3240	G	G	168.662	37	12	12	2.00577e-17	2.00577e-17	168.662	1.95156e-17
3241	C	C	152.178	37	11	11	8.76577e-16	152.178	8.76577e-16	8.76577e-16
3242	A	A	170.307	37	12	12	170.307	1.35525e-17	1.35525e-17	1.35525e-17
3243	G	G	170.306	37	12	12	1.35525e-17	1.35525e-17	170.306	1.35525e-17
3244	G	G	152.88	37	12	11	2.09251e-15	7.26415e-17	152.88	7.26415e-17
3245	G	G	169.516	37	12	12	1.6263e-17	1.6263e-17	169.516	1.6263e-17
3246	A	A	160.073	37	12	12	160.073	1.35525e-17	4.00071e-16	1.35525e-17
3247	C	C	170.307	37	12	12	1.35525e-17	170.307	1.35525e-17	1.35525e-17
3248	A	A	149.93	37	12	12	149.93	1.35525e-17	4.38668e-15	1.35525e-17
3249	G	G	138.206	37	11	10	6.13778e-14	2.13371e-15	138.206	2.13371e-15
3250	G	G	152.323	37	11	11	8.47846e-16	8.47846e-16	152.323	8.47846e-16
3251	A	A	128.272	37	10	10	128.272	1.11678e-14	6.24242e-13	1.11673e-14
3252	T	T	135.2	37	10	10	1.11676e-14	1.08827e-13	1.11684e-14	135.2
3253	G	G	155.494	37	12	11	1.146e-15	3.95734e-17	155.494	3.95734e-17
3254	A	A	155.698	37	11	11	155.698	3.90313e-16	3.89771e-16	3.89229e-16
3255	A	A	155.717	37	11	11	155.717	3.88144e-16	3.88144e-16	3.88144e-16
3256	A	A	184.897	37	13	13	184.897	5.42101e-19	5.42101e-19	5.42101e-19
3257	T	T	158.883	37	13	13	5.42101e-19	5.60533e-16	5.42101e-19	158.883
3258	G	G	184.896	37	13	13	5.42101e-19	5.42101e-19	184.896	5.42101e-19
3259	T	T	179.092	37	14	14	0	5.42101e-18	0	179.092
3260	C	C	131.87	37	14	11	1.0842e-17	131.87	1.0842e-17	2.82311e-13
3261	T	T	205.917	37	16	16	0	0	0	205.917
3262	A	A	224.317	37	16	16	224.317	0	0	0
3263	C	C	226.408	37	16	16	0	226.408	0	0
3264	C	C	181.931	37	16	14	0	181.931	0	2.1684e-18
3265	C	C	212.749	37	15	15	0	212.749	0	0
3266	T	T	214.076	37	15	15	0	0	0	214.076
3267	C	C	214.076	37	15	15	0	214.076	0	0
3268	C	C	214.076	37	15	15	0	214.076	0	0
3269	T	T	214.076	37	15	15	0	0	0	214.076
3270	C	C	212.423	37	16	15	0	212.423	0	0
3271	T	T	216.192	37	16	16	0	0	0	216.192
3272	A	A	215.773	37	16	16	215.773	0	0	0
3273	G	G	213.217	37	15	15	0	0	213.217	0
3274	C	C	238.711	34.2735	17	17	0	238.711	0	0
3275	G	G	254.822	34.3875	18	18	0	0	254.822	0
3276	G	G	241.713	34.2735	17	17	0	0	241.713	0
3277	G	G	225.083	34.2735	17	16	0	0	225.083	0
3278	T	T	226.246	34.2735	17	17	0	0	0	226.246
3279	A	A	222.739	34.1488	16	16	222.739	0	0	0
3280	A	A	214.076	34.0116	15	15	214.076	0	0	0
3281	T	T	214.076	34.0116	15	15	0	0	0	214.076
3282	C	C	214.076	34.0116	15	15	0	214.076	0	0
3283	T	T	214.076	34.0116	15	15	0	0	0	214.076
3284	G	G	213.366	34.0116	15	15	0	0	213.366	0
3285	G	G	213.286	34.0116	15	15	0	0	213.286	0
3286	C	C	214.076	34.0116	15	15	0	214.076	0	0
3287	C	C	227.092	34.1488	16	16	0	227.092	0	0
3288	C	C	227.608	34.1488	16	16	0	227.608	0	0
3289	A	A	214.076	34.0116	15	15	214.076	0	0	0
3290	T	T	210.023	34.0116	15	15	0	0	0	210.023
3291	G	G	213.366	34.0116	15	15	0	0	213.366	0
3292	C	C	227.093	34.1488	16	16	0	227.093	0	0
3293	A	A	217.675	34.1488	16	16	217.675	0	0	0
3294	G	G	217.987	34.3875	18	16	0	0	217.987	0
3295	G	G	239.079	34.3875	18	17	0	0	239.079	0
3296	A	A	216.307	34.2735	17	17	216.307	0	0	0
3297	G	G	226.055	37	16	16	0	0	226.055	0
3298	C	C	227.339	37	16	16	0	227.339	0	0
3299	A	A	194.263	37	15	15	194.263	0	0	0
3300	T	T	214.076	37	15	15	0	0	0	214.076
3301	C	C	184.897	37	13	13	5.42101e-19	184.897	5.42101e-19	5.42101e-19
3302	A	A	193.44	37	14	14	193.44	0	0	0
3303	G	G	184.897	37	13	13	5.42101e-19	5.42101e-19	184.897	5.42101e-19
3304	T	T	180.782	37	13	13	5.42101e-19	2.71051e-18	5.42101e-19	180.782
3305	A	A	199.486	37	14	14	199.486	0	0	0
3306	G	G	199.486	37	14	14	0	0	199.486	0
3307	A	A	210.191	37	15	15	210.191	0	0	0
3308	C	C	212.303	37	15	15	0	212.303	0	0
3309	T	T	203.417	37	15	15	0	0	0	203.417
3310	T	T	209.933	37	15	15	0	0	0	209.933
3311	A	A	174.466	37	15	15	174.466	0	1.57209e-17	0
3312	A	A	164.706	37	14	14	164.706	0	1.46909e-16	0
3313	C	C	141.127	37	10	10	1.11678e-14	141.127	1.11673e-14	1.11676e-14
3314	A	A	141.127	37	10	10	141.127	1.11678e-14	1.11676e-14	1.11673e-14
3315	A	A	141.127	37	10	10	141.127	1.11678e-14	1.11676e-14	1.11673e-14
3316	T	T	141.127	37	10	10	1.11673e-14	1.11676e-14	1.11678e-14	141.127
3317	C	C	140.904	33.2895	11	10	1.146e-15	140.904	1.146e-15	3.29744e-14
3318	T	T	150.838	33.2895	11	11	3.88144e-16	2.80402e-15	3.88144e-16	150.838
3319	T	T	157.451	33.5025	12	12	1.35525e-17	7.54063e-16	1.35525e-17	157.451
3320	T	T	158.778	33.5025	12	12	1.35525e-17	5.48606e-16	1.35525e-17	158.778
3321	T	T	160.366	33.5025	12	12	1.30104e-17	3.71881e-16	1.30104e-17	160.366
3322	C	C	169.545	33.5025	12	12	1.6263e-17	169.545	1.6263e-17	1.6263e-17
3323	T	T	152.156	33.2895	11	11	3.88144e-16	1.86727e-15	3.88144e-16	152.156
3324	C	C	141.127	33.0469	10	10	1.11678e-14	141.127	1.11673e-14	1.11676e-14
3325	T	T	149.671	33.2895	11	11	3.87873e-16	3.90882e-15	3.88144e-16	149.671
3326	G	G	155.717	33.2895	11	11	3.88144e-16	3.88144e-16	155.717	3.88144e-16
3327	C	C	153.875	33.2895	11	11	5.93059e-16	153.875	5.93059e-16	5.93059e-16
3328	A	A	152.078	33.2895	11	11	152.078	3.98444e-16	1.89925e-15	3.94107e-16
3329	C	C	167.233	33.5025	12	12	2.76472e-17	167.233	2.71051e-17	2.76472e-17
3330	C	C	143.838	33.5025	12	11	5.83301e-16	143.838	5.83301e-16	1.67791e-14
3331	T	T	166.193	33.5025	12	12	1.35525e-17	7.75205e-17	1.35525e-17	166.193
3332	A	A	156.481	33.5025	12	12	156.481	1.35525e-17	9.49761e-16	1.35525e-17
3333	G	G	153.991	33.5025	12	11	1.62088e-15	5.31259e-17	153.991	5.85469e-17
3334	C	C	154.658	33.2895	11	11	4.9548e-16	154.658	4.9548e-16	4.9548e-16
3335	A	A	151.368	33.2895	11	11	151.368	3.88144e-16	2.39311e-15	3.88144e-16
3336	G	G	139.357	33.2895	11	10	4.70869e-14	1.63715e-15	139.357	1.63606e-15
3337	G	G	168.662	33.5025	12	12	2.00577e-17	2.00577e-17	168.662	1.95156e-17
3338	C	C	139.604	33.2895	11	10	1.54607e-15	139.604	1.54607e-15	4.44826e-14
3339	T	T	151.603	33.2895	11	11	3.88144e-16	2.22641e-15	3.88144e-16	151.603
3340	T	T	151.664	33.2895	11	11	3.88144e-16	2.18467e-15	3.88144e-16	151.664
3341	G	G	154.955	33.2895	11	11	4.62412e-16	4.62412e-16	154.955	4.62412e-16
3342	T	T	164.251	33.5025	12	12	1.35525e-17	1.36067e-16	1.35525e-17	164.251
3343	G	G	183.128	33.6913	13	13	1.0842e-18	1.0842e-18	183.128	5.42101e-19
3344	T	T	172.99	33.6913	13	13	5.42101e-19	2.05998e-17	5.42101e-19	172.99
3345	T	T	159.612	33.5025	12	12	1.35525e-17	4.47775e-16	1.35525e-17	159.612
3346	C	C	152.401	33.5025	12	11	8.13152e-17	152.401	8.13152e-17	2.33646e-15
3347	T	T	177.356	33.86	14	14	0	8.13152e-18	0	177.356
3348	A	A	174.955	33.6913	13	13	174.955	5.42101e-19	1.30104e-17	5.42101e-19
3349	T	T	178.404	33.86	14	14	0	6.50521e-18	0	178.404
3350	T	T	180.628	33.86	14	14	0	3.79471e-18	0	180.628
3351	C	C	174.64	34.0116	15	13	0	174.64	0	1.51788e-17
3352	T	T	198.993	34.1488	16	16	0	0	0	198.993
3353	G	G	151.227	34.0116	15	12	3.27429e-15	0	151.227	0
3354	G	G	184.187	33.6913	13	13	5.42101e-19	5.42101e-19	184.187	5.42101e-19
3355	G	G	184.106	33.6913	13	13	5.42101e-19	5.42101e-19	184.106	5.42101e-19
3356	G	G	168.096	33.6913	13	12	6.28837e-17	2.1684e-18	168.096	2.1684e-18
3357	G	G	168.537	33.6913	13	12	5.63785e-17	2.1684e-18	168.537	2.1684e-18
3358	C	C	197.81	33.86	14	14	0	197.81	0	0
3359	T	T	180.019	37	13	13	5.42101e-19	3.25261e-18	5.42101e-19	180.019
3360	A	A	184.897	37	13	13	184.897	5.42101e-19	5.42101e-19	5.42101e-19
3361	T	T	180.843	37	13	13	5.42101e-19	2.71051e-18	5.42101e-19	180.843
3362	C	C	184.279	37	13	13	5.42101e-19	184.279	5.42101e-19	5.42101e-19
3363	A	A	243.256	37	17	17	243.256	0	0	0
3364	A	A	243.256	37	17	17	243.256	0	0	0
3365	G	G	233.145	37	18	17	0	0	233.145	0
3366	T	T	223.89	37	18	18	0	0	0	223.89
3367	T	T	227.287	37	18	18	0	0	0	227.287
3368	C	C	257.084	37	18	18	0	257.084	0	0
3369	A	A	247.187	37	18	18	247.187	0	0	0
3370	T	T	257.846	37	18	18	0	0	0	257.846
3371	C	C	257.846	37	18	18	0	257.846	0	0
3372	A	A	231.198	37	18	18	231.198	0	0	0
3373	C	C	241.733	37	18	17	0	241.733	0	0
3374	T	T	239.142	37	17	17	0	0	0	239.142
3375	A	A	209.728	37	15	15	209.728	0	0	0
3376	C	C	168.201	37	15	13	0	168.201	0	6.50521e-17
3377	A	A	222.619	37	16	16	222.619	0	0	0
3378	A	A	214.076	37	15	15	214.076	0	0	0
3379	T	T	203.417	37	15	15	0	0	0	203.417
3380	T	T	209.933	37	15	15	0	0	0	209.933
3381	A	A	209.727	37	15	15	209.727	0	0	0
3382	T	T	214.076	37	15	15	0	0	0	214.076
3383	T	T	214.076	37	15	15	0	0	0	214.076
3384	A	A	199.486	37	14	14	199.486	0	0	0
3385	A	A	199.486	37	14	14	199.486	0	0	0
3386	C	C	212.431	37	15	15	0	212.431	0	0
3387	A	A	196.046	37	15	15	196.046	0	0	0
3388	T	T	220.337	37	17	17	0	0	0	220.337
3389	G	G	253.273	37	19	18	0	0	253.273	0
3390	A	A	232.848	37	19	19	232.848	0	0	0
3391	A	A	217.13	37	16	16	217.13	0	0	0
3392	A	A	215.811	37	16	16	215.811	0	0	0
3393	C	C	212.749	37	15	15	0	212.749	0	0
3394	C	C	214.076	37	15	15	0	214.076	0	0
3395	C	C	199.486	37	14	14	0	199.486	0	0
3396	G	G	198.428	37	14	14	0	0	198.428	0
3397	C	C	199.486	37	14	14	0	199.486	0	0
3398	T	T	184.897	37	13	13	5.42101e-19	5.42101e-19	5.42101e-19	184.897
3399	G	G	167.471	37	13	12	7.26415e-17	2.1684e-18	167.471	2.1684e-18
3400	C	C	184.896	37	13	13	5.42101e-19	184.896	5.42101e-19	5.42101e-19
3401	A	A	173.906	37	13	13	173.906	5.42101e-19	1.68051e-17	5.42101e-19
3402	A	A	173.226	37	13	13	173.226	5.42101e-19	1.95156e-17	5.42101e-19
3403	T	T	184.897	37	13	13	5.42101e-19	5.42101e-19	5.42101e-19	184.897
3404	A	A	178.85	37	13	13	178.85	5.42101e-19	4.87891e-18	5.42101e-19
3405	T	T	171.071	37	13	13	5.42101e-19	3.30682e-17	5.42101e-19	171.071
3406	C	C	166.724	37	13	12	3.25261e-18	166.724	3.25261e-18	8.67362e-17
3407	T	T	174.316	37	13	13	5.42101e-19	1.51788e-17	5.42101e-19	174.316
3408	C	C	183.518	37	13	13	5.42101e-19	183.518	5.42101e-19	5.42101e-19
3409	A	A	153.989	37	13	13	153.989	5.42101e-19	1.73256e-15	5.42101e-19
3410	A	A	142.685	37	11	11	142.685	3.88144e-16	2.26268e-14	3.88144e-16
3411	T	T	141.127	37	10	10	1.11673e-14	1.11676e-14	1.11678e-14	141.127
3412	A	A	117.773	37	10	9	117.773	3.42769e-13	3.1187e-12	3.79129e-12
3413	T	T	141.127	37	10	10	1.11673e-14	1.11676e-14	1.11678e-14	141.127
3414	C	C	126.537	37	9	9	3.21369e-13	126.537	3.2134e-13	3.21352e-13
3415	A	A	122.394	37	9	9	122.394	3.21332e-13	1.85994e-12	3.21316e-13
3416	A	A	122.189	37	9	9	122.189	3.21331e-13	1.98116e-12	3.21315e-13
3417	A	A	121.852	37	9	9	121.852	3.21331e-13	2.19276e-12	3.21315e-13
3418	C	C	126.537	37	9	9	3.2133e-13	126.537	3.21314e-13	3.21323e-13
3419	C	C	111.703	32.7677	9	8	9.54448e-13	111.703	9.51859e-13	2.74339e-11
3420	C	C	125.479	32.7677	9	9	4.10016e-13	125.479	4.09996e-13	4.10007e-13
3421	C	C	138.773	33.0469	10	10	1.92056e-14	138.773	1.92045e-14	1.9205e-14
3422	T	T	129.598	33.0469	10	10	1.11673e-14	4.5407e-13	1.11681e-14	129.598
3423	C	C	135.484	33.2895	11	10	3.99203e-15	135.484	3.99203e-15	1.14861e-13
3424	T	T	144.188	33.2895	11	11	3.88144e-16	1.57811e-14	3.88144e-16	144.188
3425	G	G	155.717	33.2895	11	11	3.88144e-16	3.88144e-16	155.717	3.88144e-16
3426	T	T	151.663	33.2895	11	11	3.88144e-16	2.18494e-15	3.88144e-16	151.663
3427	T	T	158.187	33.5025	12	12	1.35525e-17	6.3209e-16	1.35525e-17	158.187
3428	T	T	165.429	33.5025	12	12	1.35525e-17	9.75782e-17	1.35525e-17	165.429
3429	G	G	184.897	33.6913	13	13	5.42101e-19	5.42101e-19	184.897	5.42101e-19
3430	T	T	173.603	33.6913	13	13	5.42101e-19	1.78893e-17	5.42101e-19	173.603
3431	A	A	199.486	33.86	14	14	199.486	0	0	0
3432	T	T	188.077	33.86	14	14	0	5.42101e-19	0	188.077
3433	G	G	198.079	33.86	14	14	0	0	198.079	0
3434	A	A	188.61	33.86	14	14	188.61	0	5.42101e-19	0
3435	T	T	195.601	33.86	14	14	0	0	0	195.601
3436	C	C	199.486	33.86	14	14	0	199.486	0	0
3437	A	A	172.776	33.6913	13	13	172.776	5.42101e-19	2.22261e-17	5.42101e-19
3438	G	G	184.135	33.6913	13	13	5.42101e-19	5.42101e-19	184.135	5.42101e-19
3439	T	T	185.901	33.86	14	14	0	1.0842e-18	0	185.901
3440	C	C	175.32	34.0116	15	13	0	175.32	0	1.30104e-17
3441	C	C	224.467	34.1488	16	16	0	224.467	0	0
3442	T	T	187.821	34.0116	15	15	0	5.42101e-19	0	187.821
3443	T	T	201.052	34.1488	16	16	0	0	0	201.052
3444	A	A	228.021	34.2735	17	17	228.021	0	0	0
3445	T	T	195.294	34.0116	15	15	0	0	0	195.294
3446	C	C	212.426	34.0116	15	15	0	212.426	0	0
3447	A	A	209.727	34.0116	15	15	209.727	0	0	0
3448	C	C	213.366	34.0116	15	15	0	213.366	0	0
3449	A	A	208.03	34.0116	15	15	208.03	0	0	0
3450	G	G	199.486	33.86	14	14	0	0	199.486	0
3451	C	C	212.503	34.0116	15	15	0	212.503	0	0
3452	A	A	224.523	34.1488	16	16	224.523	0	0	0
3453	G	G	210.381	34.1488	16	15	0	0	210.381	0
3454	T	T	217.79	34.1488	16	16	0	0	0	217.79
3455	A	A	208.655	34.1488	16	16	208.655	0	0	0
3456	C	C	226.382	34.1488	16	16	0	226.382	0	0
3457	T	T	223.788	34.1488	16	16	0	0	0	223.788
3458	T	T	209.962	37	15	15	0	0	0	209.962
3459	C	C	213.314	37	15	15	0	213.314	0	0
3460	T	T	195.926	37	14	14	0	0	0	195.926
3461	T	T	178.969	37	13	13	5.42101e-19	4.33681e-18	5.42101e-19	178.969
3462	C	C	183.838	37	13	13	5.42101e-19	183.838	5.42101e-19	5.42101e-19
3463	T	T	180.782	37	13	13	5.42101e-19	2.71051e-18	5.42101e-19	180.782
3464	T	T	180.843	37	13	13	5.42101e-19	2.71051e-18	5.42101e-19	180.843
3465	T	T	166.746	37	12	12	1.30104e-17	6.451e-17	1.30104e-17	166.746
3466	T	T	178.967	37	13	13	5.42101e-19	4.33681e-18	5.42101e-19	178.967
3467	A	A	178.85	37	13	13	178.85	5.42101e-19	4.87891e-18	5.42101e-19
3468	T	T	166.193	37	12	12	1.35525e-17	7.75205e-17	1.35525e-17	166.193
3469	C	C	169.545	37	12	12	1.6263e-17	169.545	1.6263e-17	1.6263e-17
3470	T	T	172.639	37	13	13	5.42101e-19	2.27682e-17	5.42101e-19	172.639
3471	C	C	183.692	37	14	13	0	183.692	0	2.1684e-18
3472	T	T	187.58	37	14	14	0	5.42101e-19	0	187.58
3473	G	G	198.725	37	14	14	0	0	198.725	0
3474	C	C	177.303	37	15	13	0	177.303	0	7.58942e-18
3475	C	C	187.777	37	15	14	0	187.777	0	0
3476	A	A	201.3	37	15	15	201.3	0	0	0
3477	G	G	198.705	37	14	14	0	0	198.705	0
3478	T	T	195.601	37	14	14	0	0	0	195.601
3479	C	C	199.486	37	14	14	0	199.486	0	0
3480	T	T	184.897	37	13	13	5.42101e-19	5.42101e-19	5.42101e-19	184.897
3481	A	A	184.897	37	13	13	184.897	5.42101e-19	5.42101e-19	5.42101e-19
3482	A	A	195.926	37	14	14	195.926	0	0	0
3483	G	G	198.725	37	14	14	0	0	198.725	0
3484	C	C	198.705	37	14	14	0	198.705	0	0
3485	A	A	194.323	37	14	14	194.323	0	0	0
3486	G	G	211.793	37	15	15	0	0	211.793	0
3487	C	C	198.428	37	14	14	0	198.428	0	0
3488	T	T	195.372	37	14	14	0	0	0	195.372
3489	G	G	212.313	37	15	15	0	0	212.313	0
3490	G	G	211.373	37	15	15	0	0	211.373	0
3491	G	G	197.203	37	14	14	0	0	197.203	0
3492	C	C	184.135	37	13	13	5.42101e-19	184.135	5.42101e-19	5.42101e-19
3493	T	T	181.336	37	13	13	5.42101e-19	2.1684e-18	5.42101e-19	181.336
3494	T	T	203.479	37	16	16	0	0	0	203.479
3495	A	A	230.224	37	17	17	230.224	0	0	0
3496	C	C	225.108	37	16	16	0	225.108	0	0
3497	T	T	203.088	37	16	16	0	0	0	203.088
3498	A	A	207.857	37	16	16	207.857	0	0	0
3499	T	T	210.515	37	15	15	0	0	0	210.515
3500	A	A	186.826	37	15	15	186.826	0	1.0842e-18	0
3501	C	C	174.786	37	14	13	0	174.786	0	1.30104e-17
3502	T	T	184.897	37	13	13	5.42101e-19	5.42101e-19	5.42101e-19	184.897
3503	A	A	179.428	37	14	14	179.428	0	4.87891e-18	0
3504	C	C	211.444	37	15	15	0	211.444	0	0
3505	T	T	173.289	37	13	13	5.42101e-19	1.95156e-17	5.42101e-19	173.289
3506	T	T	174.316	37	13	13	5.42101e-19	1.51788e-17	5.42101e-19	174.316
3507	A	A	165.621	37	12	12	165.621	1.35525e-17	9.21572e-17	1.35525e-17
3508	C	C	169.69	37	12	12	1.57209e-17	169.69	1.57209e-17	1.57209e-17
3509	A	A	184.897	37	13	13	184.897	5.42101e-19	5.42101e-19	5.42101e-19
3510	G	G	160.196	37	13	12	3.88144e-16	1.30104e-17	160.196	1.30104e-17
3511	A	A	181.012	37	13	13	181.012	5.42101e-19	2.71051e-18	5.42101e-19
3512	T	T	174.279	37	13	13	5.42101e-19	1.51788e-17	5.42101e-19	174.279
3513	C	C	183.347	37	14	13	0	183.347	0	2.1684e-18
3514	G	G	198.504	37	14	14	0	0	198.504	0
3515	A	A	193.44	37	14	14	193.44	0	0	0
3516	A	A	184.897	37	13	13	184.897	5.42101e-19	5.42101e-19	5.42101e-19
3517	A	A	184.897	37	13	13	184.897	5.42101e-19	5.42101e-19	5.42101e-19
3518	C	C	184.896	37	13	13	5.42101e-19	184.896	5.42101e-19	5.42101e-19
3519	C	C	184.897	37	13	13	5.42101e-19	184.897	5.42101e-19	5.42101e-19
3520	T	T	184.897	37	13	13	5.42101e-19	5.42101e-19	5.42101e-19	184.897
3521	T	T	184.897	37	13	13	5.42101e-19	5.42101e-19	5.42101e-19	184.897
3522	A	A	173.226	37	13	13	173.226	5.42101e-19	1.95156e-17	5.42101e-19
3523	A	A	171.172	37	13	13	171.172	5.42101e-19	3.1984e-17	5.42101e-19
3524	C	C	170.307	37	12	12	1.35525e-17	170.307	1.35525e-17	1.35525e-17
3525	A	A	170.307	37	12	12	170.307	1.35525e-17	1.35525e-17	1.35525e-17
3526	C	C	182.193	37	13	13	1.0842e-18	182.193	1.0842e-18	1.0842e-18
3527	T	T	173.525	37	13	13	5.42101e-19	1.84314e-17	5.42101e-19	173.525
3528	A	A	184.897	37	13	13	184.897	5.42101e-19	5.42101e-19	5.42101e-19
3529	C	C	183.489	37	13	13	5.42101e-19	183.489	5.42101e-19	5.42101e-19
3530	C	C	184.187	37	13	13	5.42101e-19	184.187	5.42101e-19	5.42101e-19
3531	T	T	184.897	37	13	13	5.42101e-19	5.42101e-19	5.42101e-19	184.897
3532	T	T	184.86	37	13	13	5.42101e-19	5.42101e-19	5.42101e-19	184.86
3533	T	T	184.897	37	13	13	5.42101e-19	5.42101e-19	5.42101e-19	184.897
3534	T	T	184.896	37	13	13	5.42101e-19	5.42101e-19	5.42101e-19	184.896
3535	T	T	193.44	37	14	14	0	0	0	193.44
3536	T	T	185.762	37	14	14	0	1.0842e-18	0	185.762
3537	G	G	211.321	37	15	15	0	0	211.321	0
3538	A	A	184.061	37	15	15	184.061	0	1.6263e-18	0
3539	T	T	166.823	37	13	13	5.42101e-19	8.94467e-17	5.42101e-19	166.823
3540	C	C	183.396	37	13	13	5.42101e-19	183.396	5.42101e-19	5.42101e-19
3541	C	C	169.517	37	13	12	1.0842e-18	169.517	1.0842e-18	4.55365e-17
3542	A	A	178.969	37	13	13	178.969	5.42101e-19	4.33681e-18	5.42101e-19
3543	G	G	170.307	37	12	12	1.35525e-17	1.35525e-17	170.307	1.35525e-17
3544	C	C	169.437	37	13	12	1.0842e-18	169.437	1.0842e-18	4.66207e-17
3545	C	C	183.204	37	13	13	5.42101e-19	183.204	5.42101e-19	5.42101e-19
3546	G	G	184.135	37	13	13	5.42101e-19	5.42101e-19	184.135	5.42101e-19
3547	G	G	167.073	37	13	12	7.91468e-17	3.25261e-18	167.073	3.25261e-18
3548	A	A	173.252	37	13	13	173.252	5.42101e-19	1.95156e-17	5.42101e-19
3549	G	G	165.813	37	13	12	1.07336e-16	4.33681e-18	165.813	3.25261e-18
3550	G	G	183.124	37	13	13	1.0842e-18	1.0842e-18	183.124	5.42101e-19
3551	A	A	171.599	37	13	13	171.599	5.42101e-19	2.92735e-17	5.42101e-19
3552	G	G	183.914	37	13	13	5.42101e-19	5.42101e-19	183.914	5.42101e-19
3553	G	G	170.227	37	13	12	3.90313e-17	1.0842e-18	170.227	1.0842e-18
3554	A	A	170.307	37	12	12	170.307	1.35525e-17	1.35525e-17	1.35525e-17
3555	G	G	170.307	37	12	12	1.35525e-17	1.35525e-17	170.307	1.35525e-17
3556	A	A	170.307	37	12	12	170.307	1.35525e-17	1.35525e-17	1.35525e-17
3557	T	T	170.307	37	12	12	1.35525e-17	1.35525e-17	1.35525e-17	170.307
3558	C	C	170.307	37	12	12	1.35525e-17	170.307	1.35525e-17	1.35525e-17
3559	C	C	170.307	37	12	12	1.35525e-17	170.307	1.35525e-17	1.35525e-17
3560	T	T	170.307	37	12	12	1.35525e-17	1.35525e-17	1.35525e-17	170.307
3561	A	A	166.253	37	12	12	166.253	1.35525e-17	7.58942e-17	1.35525e-17
3562	T	T	178.969	37	13	13	5.42101e-19	4.33681e-18	5.42101e-19	178.969
3563	T	T	180.019	37	13	13	5.42101e-19	3.25261e-18	5.42101e-19	180.019
3564	A	A	178.969	37	13	13	178.969	5.42101e-19	4.33681e-18	5.42101e-19
3565	T	T	172.12	37	13	13	5.42101e-19	2.54788e-17	5.42101e-19	172.12
3566	A	A	195.926	37	14	14	195.926	0	0	0
3567	T	T	188.114	37	14	14	0	5.42101e-19	0	188.114
3568	A	A	195.372	37	14	14	195.372	0	0	0
3569	T	T	189.509	37	14	14	0	5.42101e-19	0	189.509
3570	A	A	186.71	37	14	14	186.71	0	1.0842e-18	0
3571	A	A	180.782	37	13	13	180.782	5.42101e-19	2.71051e-18	5.42101e-19
3572	A	A	174.015	37	13	13	174.015	5.42101e-19	1.6263e-17	5.42101e-19
3573	C	C	180.396	37	15	13	0	180.396	0	4.33681e-18
3574	A	A	195.372	37	14	14	195.372	0	0	0
3575	C	C	210.862	37	15	15	0	210.862	0	0
3576	T	T	199.685	37	16	16	0	0	0	199.685
3577	T	T	188.815	37	15	15	0	5.42101e-19	0	188.815
3578	G	G	211.622	37	15	15	0	0	211.622	0
3579	T	T	204.098	37	15	15	0	0	0	204.098
3580	T	T	195.601	37	14	14	0	0	0	195.601
3581	C	C	212.431	37	15	15	0	212.431	0	0
3582	T	T	194.801	37	14	14	0	0	0	194.801
3583	G	G	198.428	37	14	14	0	0	198.428	0
3584	A	A	193.559	37	14	14	193.559	0	0	0
3585	T	T	174.237	37	13	13	5.42101e-19	1.51788e-17	5.42101e-19	174.237
3586	T	T	180.753	37	13	13	5.42101e-19	2.71051e-18	5.42101e-19	180.753
3587	C	C	184.186	37	13	13	5.42101e-19	184.186	5.42101e-19	5.42101e-19
3588	T	T	184.897	37	13	13	5.42101e-19	5.42101e-19	5.42101e-19	184.897
3589	T	T	193.44	37	14	14	0	0	0	193.44
3590	C	C	183.914	37	13	13	5.42101e-19	183.914	5.42101e-19	5.42101e-19
3591	G	G	196.5	37	14	14	0	0	196.5	0
3592	G	G	183.076	37	13	13	1.0842e-18	1.0842e-18	183.076	5.42101e-19
3593	T	T	174.237	37	13	13	5.42101e-19	1.51788e-17	5.42101e-19	174.237
3594	C	C	153.232	37	12	11	6.72205e-17	153.232	6.72205e-17	1.9288e-15
3595	A	A	164.378	37	12	12	164.378	1.35525e-17	1.31731e-16	1.35525e-17
3596	C	C	155.717	37	11	11	3.88144e-16	155.717	3.88144e-16	3.88144e-16
3597	C	C	155.717	37	11	11	3.88144e-16	155.717	3.88144e-16	3.88144e-16
3598	C	C	155.717	37	11	11	3.88144e-16	155.717	3.88144e-16	3.88144e-16
3599	T	T	155.717	37	11	11	3.88144e-16	3.88144e-16	3.88144e-16	155.717
3600	G	G	155.717	37	11	11	3.88144e-16	3.88144e-16	155.717	3.88144e-16
3601	A	A	170.307	37	12	12	170.307	1.35525e-17	1.35525e-17	1.35525e-17
3602	G	G	145.606	37	12	11	1.11673e-14	3.88144e-16	145.606	3.88144e-16
3603	T	T	166.193	37	12	12	1.35525e-17	7.75205e-17	1.35525e-17	166.193
3604	T	T	166.253	37	12	12	1.35525e-17	7.58942e-17	1.35525e-17	166.253
3605	T	T	166.746	37	12	12	1.30104e-17	6.451e-17	1.30104e-17	166.746
3606	T	T	178.85	37	13	13	0	4.33681e-18	0	178.85
3607	A	A	180.782	37	13	13	180.782	5.42101e-19	2.71051e-18	5.42101e-19
3608	C	C	197.054	33.86	14	14	0	197.054	0	0
3609	A	A	201.919	34.0116	15	15	201.919	0	0	0
3610	T	T	181.014	33.86	14	14	0	3.25261e-18	0	181.014
3611	T	T	188.61	33.86	14	14	0	5.42101e-19	0	188.61
3612	C	C	198.079	33.86	14	14	0	198.079	0	0
3613	T	T	195.601	33.86	14	14	0	0	0	195.601
3614	A	A	164.202	33.6913	13	13	164.202	5.42101e-19	1.64257e-16	5.42101e-19
3615	A	A	165.421	33.6913	13	13	165.421	5.42101e-19	1.23599e-16	5.42101e-19
3616	T	T	165.621	33.5025	12	12	1.35525e-17	9.21572e-17	1.35525e-17	165.621
3617	C	C	124.608	33.5025	12	10	1.81062e-15	124.608	1.81062e-15	1.49947e-12
3618	C	C	169.516	33.5025	12	12	1.6263e-17	169.516	1.6263e-17	1.6263e-17
3619	T	T	151.832	33.2895	11	11	3.88144e-16	2.07218e-15	3.88144e-16	151.832
3620	T	T	149.789	33.2895	11	11	3.88144e-16	3.78278e-15	3.88144e-16	149.789
3621	C	C	140.069	33.0469	10	10	1.42502e-14	140.069	1.42491e-14	1.42497e-14
3622	C	C	105.146	33.0469	10	8	1.60035e-13	105.146	1.60029e-13	1.32486e-10
3623	T	T	129.833	33.0469	10	10	1.11673e-14	4.28969e-13	1.11681e-14	129.833
3624	G	G	124.813	33.0469	10	9	1.34068e-12	4.65936e-14	124.813	4.65968e-14
3625	G	G	111.947	32.4422	8	8	9.24538e-12	9.24516e-12	111.947	9.24557e-12
3626	G	G	109.111	32.7677	9	8	4.98284e-11	1.73175e-12	109.111	1.73182e-12
3627	T	T	121.852	32.7677	9	9	3.21315e-13	2.19275e-12	3.21331e-13	121.852
3628	T	T	127.83	33.0469	10	10	1.11673e-14	6.93467e-13	1.11678e-14	127.83
3629	C	C	123.977	33.0469	10	9	5.64869e-14	123.977	5.64848e-14	1.62525e-12
3630	G	G	153.291	33.2895	11	11	6.78168e-16	6.78168e-16	153.291	6.78711e-16
3631	G	G	137.232	33.2895	11	10	7.68005e-14	2.66931e-15	137.232	2.66931e-15
3632	A	A	136.121	33.2895	11	11	136.121	3.88144e-16	1.05325e-13	3.88144e-16
3633	A	A	130.251	33.0469	10	10	130.251	1.11678e-14	3.87576e-13	1.11673e-14
3634	T	T	131.149	33.0469	10	10	1.11673e-14	3.10981e-13	1.11678e-14	131.149
3635	G	G	137.807	33.0469	10	10	2.39885e-14	2.39874e-14	137.807	2.39891e-14
3636	A	A	113.761	37	9	9	113.761	3.21384e-13	1.76271e-11	3.21344e-13
3637	T	T	111.947	37	8	8	9.24518e-12	9.24528e-12	9.24561e-12	111.947
3638	C	C	111.947	37	8	8	9.24547e-12	111.947	9.24513e-12	9.24527e-12
3639	T	T	120.61	37	9	9	3.21315e-13	3.13117e-12	3.21331e-13	120.61
3640	A	A	111.947	37	8	8	111.947	9.24559e-12	9.24532e-12	9.24516e-12
3641	T	T	107.833	37	8	8	9.24516e-12	5.30331e-11	9.24558e-12	107.833
3642	C	C	150.084	37	12	11	1.38778e-16	150.084	1.38778e-16	3.98336e-15
3643	A	A	170.307	37	12	12	170.307	1.35525e-17	1.35525e-17	1.35525e-17
3644	C	C	143.498	37	13	11	2.38524e-17	143.498	2.38524e-17	1.93595e-14
3645	A	A	199.486	37	14	14	199.486	0	0	0
3646	T	T	159.577	37	14	14	0	4.78675e-16	0	159.577
3647	T	T	188.791	37	14	14	0	5.42101e-19	0	188.791
3648	G	G	196.962	37	15	14	0	0	196.962	0
3649	T	T	203.428	37	15	15	0	0	0	203.428
3650	T	T	209.727	37	15	15	0	0	0	209.727
3651	A	A	199.486	37	14	14	199.486	0	0	0
3652	C	C	198.776	37	14	14	0	198.776	0	0
3653	G	G	199.486	37	14	14	0	0	199.486	0
3654	T	T	199.486	37	14	14	0	0	0	199.486
3655	A	A	199.486	37	14	14	199.486	0	0	0
3656	T	T	199.453	37	14	14	0	0	0	199.453
3657	T	T	199.486	37	14	14	0	0	0	199.486
3658	A	A	203.842	37	15	15	203.842	0	0	0
3659	A	A	217.372	37	16	16	217.372	0	0	0
3660	T	T	216.759	37	16	16	0	0	0	216.759
3661	C	C	212.505	37	15	15	0	212.505	0	0
3662	A	A	216.111	37	16	16	216.111	0	0	0
3663	G	G	213.286	37	15	15	0	0	213.286	0
3664	G	G	213.216	37	15	15	0	0	213.216	0
3665	A	A	209.391	37	15	15	209.391	0	0	0
3666	A	A	208.03	37	15	15	208.03	0	0	0
3667	A	A	199.486	37	14	14	199.486	0	0	0
3668	A	A	214.07	37	15	15	214.07	0	0	0
3669	A	A	214.076	37	15	15	214.076	0	0	0
3670	A	A	214.076	37	15	15	214.076	0	0	0
3671	A	A	210.515	37	15	15	210.515	0	0	0
3672	G	G	187.997	37	15	14	0	0	187.997	0
3673	A	A	203.496	37	15	15	203.496	0	0	0
3674	A	A	195.808	37	15	15	195.808	0	0	0
3675	C	C	214.076	37	15	15	0	214.076	0	0
3676	C	C	187.802	37	15	14	0	187.802	0	0
3677	T	T	200.25	37	15	15	0	0	0	200.25
3678	T	T	207.354	37	16	16	0	0	0	207.354
3679	T	T	195.131	37	15	15	0	0	0	195.131
3680	A	A	203	37	15	15	203	0	0	0
3681	G	G	197.275	37	15	14	0	0	197.275	0
3682	G	G	197.104	37	14	14	0	0	197.104	0
3683	C	C	199.407	37	15	14	0	199.407	0	0
3684	T	T	209.391	37	15	15	0	0	0	209.391
3685	A	A	191.431	37	15	15	191.431	0	5.42101e-19	0
3686	G	G	183.42	37	13	13	5.42101e-19	5.42101e-19	183.42	5.42101e-19
3687	A	A	174.308	37	14	14	174.308	0	1.6263e-17	0
3688	T	T	187.957	37	14	14	0	5.42101e-19	0	187.957
3689	A	A	180.15	37	14	14	180.15	0	4.33681e-18	0
3690	G	G	195.872	37	14	14	0	0	195.872	0
3691	G	G	181.678	37	13	13	1.0842e-18	1.0842e-18	181.678	1.0842e-18
3692	A	A	170.306	37	12	12	170.306	1.35525e-17	1.35525e-17	1.35525e-17
3693	A	A	199.486	37	14	14	199.486	0	0	0
3694	T	T	179.713	37	14	14	0	4.87891e-18	0	179.713
3695	A	A	214.076	37	15	15	214.076	0	0	0
3696	G	G	214.076	37	15	15	0	0	214.076	0
3697	T	T	201.548	37	16	16	0	0	0	201.548
3698	C	C	211.763	37	16	15	0	211.763	0	0
3699	T	T	218.302	37	16	16	0	0	0	218.302
3700	G	G	243.256	37	17	17	0	0	243.256	0
3701	A	A	253.961	37	18	18	253.961	0	0	0
3702	G	G	268.809	37	20	19	0	0	268.809	0
3703	C	C	281.375	37	21	20	0	281.375	0	0
3704	G	G	299.774	37	21	21	0	0	299.774	0
3705	A	A	287.89	37	21	21	287.89	0	0	0
3706	T	T	270.136	37	20	20	0	0	0	270.136
3707	A	A	301.615	37	21	21	301.615	0	0	0
3708	A	A	301.615	37	21	21	301.615	0	0	0
3709	T	T	290.661	37	21	21	0	0	0	290.661
3710	A	A	297.472	37	21	21	297.472	0	0	0
3711	T	T	291.964	37	21	21	0	0	0	291.964
3712	C	C	301.615	37	21	21	0	301.615	0	0
3713	C	C	314.56	37	22	22	0	314.56	0	0
3714	A	A	297.501	37	21	21	297.501	0	0	0
3715	T	T	297.266	37	21	21	0	0	0	297.266
3716	T	T	297.471	37	21	21	0	0	0	297.471
3717	C	C	286.315	37	20	20	0	286.315	0	0
3718	G	G	287.025	37	20	20	0	0	287.025	0
3719	A	A	291.543	37	21	21	291.543	0	0	0
3720	T	T	296.737	37	21	21	0	0	0	296.737
3721	T	T	297.501	37	21	21	0	0	0	297.501
3722	C	C	300.853	37	21	21	0	300.853	0	0
3723	T	T	298.054	37	21	21	0	0	0	298.054
3724	T	T	272.435	37	19	19	0	0	0	272.435
3725	A	A	234.176	37	19	19	234.176	0	0	0
3726	G	G	254.946	37	18	18	0	0	254.946	0
3727	G	G	250.225	37	20	18	0	0	250.225	0
3728	A	A	240.196	37	18	18	240.196	0	0	0
3729	T	T	224.682	37	17	17	0	0	0	224.682
3730	T	T	230.65	37	18	18	0	0	0	230.65
3731	T	T	239.439	37	18	18	0	0	0	239.439
3732	A	A	244.549	37	18	18	244.549	0	0	0
3733	T	T	243.993	37	18	18	0	0	0	243.993
3734	C	C	241.116	37	18	17	0	241.116	0	0
3735	G	G	243.256	37	17	17	0	0	243.256	0
3736	T	T	244.931	37	18	18	0	0	0	244.931
3737	G	G	287.025	37	20	20	0	0	287.025	0
3738	T	T	271.915	34.6774	21	21	0	0	0	271.915
3739	G	G	301.615	34.6774	21	21	0	0	301.615	0
3740	A	A	298.054	34.6774	21	21	298.054	0	0	0
3741	G	G	282.975	34.6774	21	20	0	0	282.975	0
3742	C	C	283.737	34.6774	21	20	0	283.737	0	0
3743	T	T	310.278	34.76	22	22	0	0	0	310.278
3744	C	C	328.091	34.8367	23	23	0	328.091	0	0
3745	A	A	316.969	34.8367	23	23	316.969	0	0	0
3746	T	T	301.787	34.8367	23	23	0	0	0	301.787
3747	C	C	312.956	34.76	22	22	0	312.956	0	0
3748	A	A	321.144	34.8367	23	23	321.144	0	0	0
3749	T	T	316.776	34.9083	24	24	0	0	0	316.776
3750	A	A	327.122	34.9083	24	24	327.122	0	0	0
3751	T	T	339.74	34.9752	25	25	0	0	0	339.74
3752	G	G	340.643	34.9752	25	24	0	0	340.643	0
3753	T	T	320.854	34.8367	23	23	0	0	0	320.854
3754	T	T	312.151	34.76	22	22	0	0	0	312.151
3755	T	T	312.643	34.76	22	22	0	0	0	312.643
3756	A	A	298.142	34.76	22	22	298.142	0	0	0
3757	C	C	291.505	34.76	22	21	0	291.505	0	0
3758	C	C	301.615	34.6774	21	21	0	301.615	0	0
3759	G	G	285.887	34.6774	21	20	0	0	285.887	0
3760	T	T	287.025	37	20	20	0	0	0	287.025
3761	A	A	272.435	37	19	19	272.435	0	0	0
3762	G	G	272.436	37	19	19	0	0	272.436	0
3763	G	G	272.435	37	19	19	0	0	272.435	0
3764	T	T	272.435	37	19	19	0	0	0	272.435
3765	A	A	283.465	37	20	20	283.465	0	0	0
3766	T	T	287.79	37	21	21	0	0	0	287.79
3767	A	A	291.251	37	21	21	291.251	0	0	0
3768	G	G	328.946	37	23	23	0	0	328.946	0
3769	A	A	310.912	37	23	23	310.912	0	0	0
3770	C	C	313.947	37	22	22	0	313.947	0	0
3771	G	G	312.988	37	22	22	0	0	312.988	0
3772	T	T	296.957	37	22	22	0	0	0	296.957
3773	T	T	311.327	37	22	22	0	0	0	311.327
3774	G	G	281.754	37	21	20	0	0	281.754	0
3775	A	A	276.304	37	21	21	276.304	0	0	0
3776	C	C	312.956	37	22	22	0	312.956	0	0
3777	T	T	304.598	37	22	22	0	0	0	304.598
3778	C	C	300.072	37	21	21	0	300.072	0	0
3779	A	A	255.982	37	21	21	255.982	0	0	0
3780	C	C	255.706	37	19	18	0	255.706	0	0
3781	G	G	269.19	37	20	19	0	0	269.19	0
3782	A	A	247.249	37	19	19	247.249	0	0	0
3783	G	G	228.666	37	16	16	0	0	228.666	0
3784	C	C	227.904	37	16	16	0	227.904	0	0
3785	T	T	231.136	37	17	17	0	0	0	231.136
3786	T	T	243.881	37	18	18	0	0	0	243.881
3787	A	A	247.228	37	18	18	247.228	0	0	0
3788	C	C	256.224	37	18	18	0	256.224	0	0
3789	T	T	247.868	37	18	18	0	0	0	247.868
3790	T	T	253.96	37	18	18	0	0	0	253.96
3791	C	C	228.666	37	16	16	0	228.666	0	0
3792	A	A	228.666	37	16	16	228.666	0	0	0
3793	C	C	228.666	37	16	16	0	228.666	0	0
3794	T	T	228.666	37	16	16	0	0	0	228.666
3795	T	T	228.666	37	16	16	0	0	0	228.666
3796	C	C	228.666	37	16	16	0	228.666	0	0
3797	A	A	239.371	37	17	17	239.371	0	0	0
3798	G	G	217.765	37	17	16	0	0	217.765	0
3799	C	C	242.396	37	17	17	0	242.396	0	0
3800	T	T	239.113	37	17	17	0	0	0	239.113
3801	A	A	251.665	37	19	19	251.665	0	0	0
3802	C	C	255.727	37	18	18	0	255.727	0	0
3803	C	C	231.583	37	18	17	0	231.583	0	0
3804	A	A	224.533	37	16	16	224.533	0	0	0
3805	T	T	219.433	37	16	16	0	0	0	219.433
3806	A	A	222.739	37	16	16	222.739	0	0	0
3807	A	A	204.425	37	15	15	204.425	0	0	0
3808	T	T	214.076	37	15	15	0	0	0	214.076
3809	T	T	214.076	37	15	15	0	0	0	214.076
3810	A	A	201.33	37	16	16	201.33	0	0	0
3811	T	T	223.788	37	16	16	0	0	0	223.788
3812	T	T	195.372	37	14	14	0	0	0	195.372
3813	G	G	166.8	37	13	12	8.45678e-17	3.25261e-18	166.8	3.25261e-18
3814	C	C	184.279	37	13	13	5.42101e-19	184.279	5.42101e-19	5.42101e-19
3815	T	T	178.85	37	13	13	0	4.33681e-18	0	178.85
3816	A	A	170.307	37	12	12	170.307	1.35525e-17	1.35525e-17	1.35525e-17
3817	T	T	165.958	37	12	12	1.35525e-17	8.29415e-17	1.35525e-17	165.958
3818	C	C	182.533	33.6913	13	13	5.42101e-19	182.533	5.42101e-19	5.42101e-19
3819	C	C	168.074	33.6913	13	12	2.1684e-18	168.074	2.1684e-18	6.28837e-17
3820	A	A	184.897	33.6913	13	13	184.897	5.42101e-19	5.42101e-19	5.42101e-19
3821	G	G	214.076	34.0116	15	15	0	0	214.076	0
3822	A	A	224.781	34.1488	16	16	224.781	0	0	0
3823	C	C	226.043	34.1488	16	16	0	226.043	0	0
3824	A	A	224.317	34.1488	16	16	224.317	0	0	0
3825	G	G	227.682	34.1488	16	16	0	0	227.682	0
3826	G	G	227.021	34.1488	16	16	0	0	227.021	0
3827	A	A	204.425	34.0116	15	15	204.425	0	0	0
3828	G	G	227.114	34.1488	16	16	0	0	227.114	0
3829	T	T	223.788	34.1488	16	16	0	0	0	223.788
3830	C	C	227.885	34.1488	16	16	0	227.885	0	0
3831	A	A	228.021	34.2735	17	17	228.021	0	0	0
3832	A	A	243.256	34.2735	17	17	243.256	0	0	0
3833	A	A	239.371	34.2735	17	17	239.371	0	0	0
3834	G	G	226.181	34.2735	17	16	0	0	226.181	0
3835	T	T	225.453	34.2735	17	17	0	0	0	225.453
3836	A	A	231.49	34.2735	17	17	231.49	0	0	0
3837	T	T	243.256	34.2735	17	17	0	0	0	243.256
3838	T	T	228.666	37	16	16	0	0	0	228.666
3839	T	T	237.329	37	17	17	0	0	0	237.329
3840	A	A	251.799	37	18	18	251.799	0	0	0
3841	G	G	243.256	37	17	17	0	0	243.256	0
3842	C	C	225.379	37	17	16	0	225.379	0	0
3843	T	T	233.391	37	17	17	0	0	0	233.391
3844	G	G	241.675	37	17	17	0	0	241.675	0
3845	A	A	224.911	37	17	17	224.911	0	0	0
3846	C	C	256.201	37	18	18	0	256.201	0	0
3847	T	T	253.16	37	18	18	0	0	0	253.16
3848	A	A	210.642	37	16	16	210.642	0	0	0
3849	G	G	225.201	37	16	16	0	0	225.201	0
3850	C	C	213.366	37	15	15	0	213.366	0	0
3851	C	C	199.486	37	14	14	0	199.486	0	0
3852	A	A	193.559	37	14	14	193.559	0	0	0
3853	C	C	184.897	37	13	13	5.42101e-19	184.897	5.42101e-19	5.42101e-19
3854	T	T	184.897	37	13	13	5.42101e-19	5.42101e-19	5.42101e-19	184.897
3855	C	C	210.858	37	15	15	0	210.858	0	0
3856	T	T	206.461	37	16	16	0	0	0	206.461
3857	G	G	226.259	37	16	16	0	0	226.259	0
3858	C	C	195.38	37	15	14	0	195.38	0	0
3859	A	A	217.137	37	16	16	217.137	0	0	0
3860	C	C	226.974	37	16	16	0	226.974	0	0
3861	G	G	197.175	37	15	14	0	0	197.175	0
3862	G	G	197.773	37	15	14	0	0	197.773	0
3863	A	A	195.769	37	15	15	195.769	0	0	0
3864	G	G	210.882	37	15	15	0	0	210.882	0
3865	G	G	197.723	37	14	14	0	0	197.723	0
3866	G	G	211.373	37	15	15	0	0	211.373	0
3867	A	A	193.559	37	14	14	193.559	0	0	0
3868	A	A	195.926	37	14	14	195.926	0	0	0
3869	T	T	192.846	37	15	15	0	0	0	192.846
3870	A	A	203.712	37	15	15	203.712	0	0	0
3871	T	T	208.432	37	16	16	0	0	0	208.432
3872	T	T	210.479	37	16	16	0	0	0	210.479
3873	A	A	209.391	37	15	15	209.391	0	0	0
3874	A	A	208.03	37	15	15	208.03	0	0	0
3875	A	A	228.666	37	16	16	228.666	0	0	0
3876	T	T	216.099	37	16	16	0	0	0	216.099
3877	G	G	209.997	37	16	15	0	0	209.997	0
3878	C	C	202.442	37	16	15	0	202.442	0	0
3879	T	T	224.457	37	17	17	0	0	0	224.457
3880	C	C	242.196	37	17	17	0	242.196	0	0
3881	T	T	224.552	37	16	16	0	0	0	224.552
3882	C	C	208.814	37	17	15	0	208.814	0	0
3883	C	C	226.008	37	16	16	0	226.008	0	0
3884	C	C	227.025	37	16	16	0	227.025	0	0
3885	G	G	242.474	37	17	17	0	0	242.474	0
3886	C	C	240.947	37	17	17	0	240.947	0	0
3887	T	T	238.907	37	17	17	0	0	0	238.907
3888	T	T	230.224	37	17	17	0	0	0	230.224
3889	T	T	232.18	37	17	17	0	0	0	232.18
3890	G	G	242.465	37	17	17	0	0	242.465	0
3891	A	A	238.907	37	17	17	238.907	0	0	0
3892	T	T	239.085	37	17	17	0	0	0	239.085
3893	G	G	241.611	37	17	17	0	0	241.611	0
3894	T	T	228.666	37	16	16	0	0	0	228.666
3895	G	G	242.494	37	17	17	0	0	242.494	0
3896	A	A	239.14	37	17	17	239.14	0	0	0
3897	G	G	242.197	37	17	17	0	0	242.197	0
3898	C	C	242.494	37	17	17	0	242.494	0	0
3899	C	C	194.835	37	17	15	0	194.835	0	0
3900	C	C	242.274	37	17	17	0	242.274	0	0
3901	T	T	238.907	37	17	17	0	0	0	238.907
3902	G	G	225.84	37	17	16	0	0	225.84	0
3903	G	G	211.616	37	16	15	0	0	211.616	0
3904	G	G	196.877	37	15	14	0	0	196.877	0
3905	C	C	199.486	37	14	14	0	199.486	0	0
3906	T	T	184.897	37	13	13	5.42101e-19	5.42101e-19	5.42101e-19	184.897
3907	T	T	184.897	37	13	13	5.42101e-19	5.42101e-19	5.42101e-19	184.897
3908	T	T	170.307	37	12	12	1.35525e-17	1.35525e-17	1.35525e-17	170.307
3909	A	A	151.832	37	11	11	151.832	3.88144e-16	2.07218e-15	3.88144e-16
3910	T	T	155.717	37	11	11	3.88144e-16	3.88144e-16	3.88144e-16	155.717
3911	T	T	155.717	37	11	11	3.88144e-16	3.88144e-16	3.88144e-16	155.717
3912	T	T	155.717	37	11	11	3.88144e-16	3.88144e-16	3.88144e-16	155.717
3913	T	T	164.379	37	12	12	1.35525e-17	1.31188e-16	1.35525e-17	164.379
3914	C	C	167.603	37	12	12	2.49366e-17	167.603	2.49366e-17	2.49366e-17
3915	C	C	168.543	37	12	12	2.00577e-17	168.543	2.00577e-17	2.00577e-17
3916	T	T	144.841	37	11	11	3.88144e-16	1.34701e-14	3.88144e-16	144.841
3917	G	G	154.857	37	11	11	4.72712e-16	4.72712e-16	154.857	4.73254e-16
3918	T	T	157.752	37	12	12	1.35525e-17	7.01479e-16	1.35525e-17	157.752
3919	T	T	165.429	37	12	12	1.35525e-17	9.75782e-17	1.35525e-17	165.429
3920	T	T	151.603	37	11	11	3.88144e-16	2.22641e-15	3.88144e-16	151.603
3921	A	A	146.066	37	11	11	146.066	3.88144e-16	9.96843e-15	3.88144e-16
3922	C	C	137.839	37	11	10	2.32128e-15	137.839	2.32128e-15	6.67912e-14
3923	A	A	144.671	37	11	11	144.671	3.98986e-16	1.40206e-14	3.94107e-16
3924	G	G	153.676	37	11	11	6.21248e-16	6.21248e-16	153.676	6.20706e-16
3925	T	T	155.717	37	11	11	3.88144e-16	3.88144e-16	3.88144e-16	155.717
3926	A	A	151.664	37	11	11	151.664	3.88144e-16	2.18467e-15	3.88144e-16
3927	G	G	154.934	37	11	11	4.65123e-16	4.65123e-16	154.934	4.64581e-16
3928	G	G	153.484	37	12	11	1.82038e-15	6.28837e-17	153.484	6.28837e-17
3929	A	A	157.413	37	12	12	157.413	1.35525e-17	7.6111e-16	1.35525e-17
3930	G	G	154.857	37	11	11	4.72712e-16	4.72712e-16	154.857	4.73254e-16
3931	G	G	153.408	37	11	11	6.60821e-16	6.60821e-16	153.408	6.60279e-16
3932	C	C	155.007	37	11	11	4.56991e-16	155.007	4.56991e-16	4.56991e-16
3933	C	C	141.127	37	10	10	1.11678e-14	141.127	1.11673e-14	1.11676e-14
3934	T	T	141.127	37	10	10	1.11673e-14	1.11676e-14	1.11678e-14	141.127
3935	T	T	141.127	37	10	10	1.11673e-14	1.11676e-14	1.11678e-14	141.127
3936	A	A	111.947	37	8	8	111.947	9.24558e-12	9.24528e-12	9.24516e-12
3937	C	C	111.947	37	8	8	9.2456e-12	111.947	9.24517e-12	9.2454e-12
3938	G	G	111.947	37	8	8	9.24531e-12	9.24515e-12	111.947	9.24551e-12
3939	G	G	110.528	37	8	8	1.28201e-11	1.28199e-11	110.528	1.28204e-11
3940	G	G	124.956	37	9	9	4.62436e-13	4.62426e-13	124.956	4.6245e-13
3941	A	A	115.286	37	9	9	115.286	3.21331e-13	1.22152e-11	3.21315e-13
3942	A	A	114.445	37	9	9	114.445	3.21331e-13	1.49639e-11	3.21315e-13
3943	T	T	122.484	37	9	9	3.21315e-13	1.80866e-12	3.21332e-13	122.484
3944	T	T	93.7968	37	7	7	2.6601e-10	1.27975e-09	2.66021e-10	93.7968
3945	G	G	96.567	37	7	7	3.19123e-10	3.19118e-10	96.567	3.19129e-10
3946	T	T	97.3576	37	7	7	2.6601e-10	2.66014e-10	2.66021e-10	97.3576
3947	C	C	97.3574	37	7	7	2.66035e-10	97.3574	2.6602e-10	2.66026e-10
3948	C	C	97.3576	37	7	7	2.6602e-10	97.3576	2.6601e-10	2.66015e-10
3949	T	T	82.7677	37	6	6	7.65388e-09	7.65397e-09	7.65415e-09	82.7677
3950	A	A	79.207	37	6	6	79.207	7.65415e-09	3.68219e-08	7.65388e-09
3951	G	G	82.006	37	6	6	9.1214e-09	9.12125e-09	82.006	9.12154e-09
3952	C	C	82.7666	37	6	6	7.65657e-09	82.7666	7.65546e-09	7.65582e-09
3953	T	T	82.7677	37	6	6	7.65388e-09	7.65397e-09	7.65415e-09	82.7677
3954	A	A	70.2131	37	6	6	70.2131	7.65417e-09	3.98191e-07	7.6539e-09
3955	A	A	64.0346	37	5	5	64.0346	2.20231e-07	1.27477e-06	2.20224e-07
3956	T	T	76.1419	37	6	6	8.60091e-09	8.7703e-08	9.27913e-09	76.1419
3957	T	T	78.0822	37	6	6	7.65388e-09	5.22324e-08	7.65415e-09	78.0822
3958	C	C	81.9084	37	6	6	9.32898e-09	81.9084	9.32869e-09	9.32884e-09
3959	A	A	68.1779	37	5	5	68.1779	2.20231e-07	2.20227e-07	2.20224e-07
3960	T	T	64.293	37	5	5	2.20224e-07	1.17572e-06	2.20231e-07	64.293
3961	A	A	64.6171	37	5	5	64.6171	2.20231e-07	1.05947e-06	2.20224e-07
3962	T	T	76.8405	37	6	6	7.65388e-09	7.45858e-08	7.65415e-09	76.8405
3963	C	C	81.6949	37	6	6	9.80729e-09	81.6949	9.79263e-09	9.79674e-09
3964	T	T	78.6537	37	6	6	7.65388e-09	4.3905e-08	7.65415e-09	78.6537
3965	A	A	91.4304	37	7	7	91.4304	2.66021e-10	2.59223e-09	2.6601e-10
3966	G	G	82.7678	37	6	6	7.65396e-09	7.65386e-09	82.7678	7.65408e-09
3967	A	A	82.7677	37	6	6	82.7677	7.65417e-09	7.65397e-09	7.6539e-09
3968	C	C	81.7405	37	7	6	9.47241e-10	81.7405	9.42176e-10	2.71996e-08
3969	A	A	111.929	37	8	8	111.929	9.29636e-12	9.28456e-12	9.27382e-12
3970	G	G	111.947	37	8	8	9.24529e-12	9.24513e-12	111.947	9.24549e-12
3971	C	C	123.271	37	9	9	6.81629e-13	123.271	6.81596e-13	6.81614e-13
3972	G	G	125.92	37	9	9	3.70375e-13	3.70367e-13	125.92	3.70384e-13
3973	T	T	115.878	37	9	9	3.21344e-13	1.05781e-11	3.21383e-13	115.878
3974	T	T	122.394	37	9	9	3.21316e-13	1.85995e-12	3.21333e-13	122.394
3975	C	C	138.772	37	10	10	1.92061e-14	138.772	1.9205e-14	1.92056e-14
3976	T	T	136.442	37	10	10	1.11673e-14	7.62094e-14	1.11678e-14	136.442
3977	C	C	125.678	37	9	9	3.91643e-13	125.678	3.91624e-13	3.91634e-13
3978	C	C	109.462	37	9	8	1.59731e-12	109.462	1.59722e-12	4.59579e-11
3979	A	A	126.537	37	9	9	126.537	3.21331e-13	3.2132e-13	3.21315e-13
3980	T	T	135.081	37	10	10	1.11673e-14	1.12472e-13	1.11678e-14	135.081
3981	G	G	141.127	37	10	10	1.11676e-14	1.11673e-14	141.127	1.11678e-14
3982	A	A	141.127	37	10	10	141.127	1.11678e-14	1.11676e-14	1.11673e-14
3983	C	C	115.425	37	10	9	4.11102e-13	115.425	4.0204e-13	1.16398e-11
3984	A	A	141.127	37	10	10	141.127	1.11678e-14	1.11676e-14	1.11673e-14
3985	C	C	154.072	37	11	11	5.67038e-16	154.072	5.67038e-16	5.67038e-16
3986	C	C	154.735	37	11	11	4.86807e-16	154.735	4.86807e-16	4.86807e-16
3987	T	T	151.368	37	11	11	3.88144e-16	2.39311e-15	3.88144e-16	151.368
3988	T	T	157.413	37	12	12	1.35525e-17	7.6111e-16	1.35525e-17	157.413
3989	C	C	168.497	37	12	12	2.05998e-17	168.497	2.05998e-17	2.05998e-17
3990	T	T	172.041	37	13	13	5.42101e-19	2.60209e-17	5.42101e-19	172.041
3991	A	A	180.211	37	13	13	180.211	5.42101e-19	3.25261e-18	5.42101e-19
3992	T	T	174.955	37	13	13	5.42101e-19	1.30104e-17	5.42101e-19	174.955
3993	G	G	170.307	37	12	12	1.35525e-17	1.35525e-17	170.307	1.35525e-17
3994	T	T	166.746	37	12	12	1.30104e-17	6.451e-17	1.30104e-17	166.746
3995	G	G	184.882	37	13	13	5.42101e-19	5.42101e-19	184.882	5.42101e-19
3996	G	G	181.608	37	14	13	3.25261e-18	0	181.608	0
3997	T	T	187.879	37	14	14	0	5.42101e-19	0	187.879
3998	A	A	188.792	37	14	14	188.792	0	5.42101e-19	0
3999	G	G	226.748	37	16	16	0	0	226.748	0
4000	C	C	210.631	37	16	15	0	210.631	0	0
4001	C	C	225.122	37	17	16	0	225.122	0	0
4002	C	C	224.774	37	17	16	0	224.774	0	0
4003	A	A	232.639	37	17	17	232.639	0	0	0
4004	T	T	225.384	37	17	17	0	0	0	225.384
4005	T	T	226.812	37	17	17	0	0	0	226.812
4006	T	T	245.588	37	18	18	0	0	0	245.588
4007	T	T	229.67	37	17	17	0	0	0	229.67
4008	C	C	241.338	37	17	17	0	241.338	0	0
4009	A	A	246.77	37	18	18	246.77	0	0	0
4010	G	G	237.532	37	18	17	0	0	237.532	0
4011	T	T	237.977	37	18	18	0	0	0	237.977
4012	A	A	246.474	37	18	18	246.474	0	0	0
4013	C	C	231.655	37	18	17	0	231.655	0	0
4014	G	G	270.1	37	19	19	0	0	270.1	0
4015	T	T	243.422	37	19	19	0	0	0	243.422
4016	G	G	285.967	37	20	20	0	0	285.967	0
4017	C	C	296.5	37	21	21	0	296.5	0	0
4018	T	T	254.146	37	20	20	0	0	0	254.146
4019	G	G	287.025	37	20	20	0	0	287.025	0
4020	T	T	277.048	37	20	20	0	0	0	277.048
4021	C	C	299.252	37	22	21	0	299.252	0	0
4022	A	A	316.205	37	22	22	316.205	0	0	0
4023	A	A	306.554	37	22	22	306.554	0	0	0
4024	T	T	305.588	37	22	22	0	0	0	305.588
4025	G	G	327.654	37	23	23	0	0	327.654	0
4026	G	G	326.394	37	23	23	0	0	326.394	0
4027	G	G	299.627	37	23	22	0	0	299.627	0
4028	A	A	272.607	37	21	21	272.607	0	0	0
4029	G	G	283	37	20	20	0	0	283	0
4030	C	C	272.435	37	19	19	0	272.435	0	0
4031	T	T	257.846	37	18	18	0	0	0	257.846
4032	G	G	270.518	37	19	19	0	0	270.518	0
4033	T	T	260.343	37	19	19	0	0	0	260.343
4034	T	T	246.595	37	18	18	0	0	0	246.595
4035	T	T	237.444	37	18	18	0	0	0	237.444
4036	T	T	239.439	37	18	18	0	0	0	239.439
4037	C	C	270.081	37	19	19	0	270.081	0	0
4038	G	G	271.377	37	19	19	0	0	271.377	0
4039	C	C	271.037	37	19	19	0	271.037	0	0
4040	C	C	256.861	34.4921	19	18	0	256.861	0	0
4041	A	A	268.244	34.4921	19	19	268.244	0	0	0
4042	T	T	257.747	34.4921	19	19	0	0	0	257.747
4043	C	C	255.239	34.4921	19	18	0	255.239	0	0
4044	C	C	270.174	34.4921	19	19	0	270.174	0	0
4045	T	T	267.75	34.4921	19	19	0	0	0	267.75
4046	A	A	243.428	34.4921	19	19	243.428	0	0	0
4047	G	G	240.703	34.3875	18	17	0	0	240.703	0
4048	G	G	253.025	34.3875	18	18	0	0	253.025	0
4049	A	A	229.695	34.3875	18	18	229.695	0	0	0
4050	G	G	239.923	34.2735	17	17	0	0	239.923	0
4051	G	G	205.273	34.2735	17	15	0	0	205.273	0
4052	A	A	220.194	34.2735	17	17	220.194	0	0	0
4053	T	T	203	34.0116	15	15	0	0	0	203
4054	T	T	209.727	34.0116	15	15	0	0	0	209.727
4055	T	T	201.183	34.0116	15	15	0	0	0	201.183
4056	G	G	212.506	34.0116	15	15	0	0	212.506	0
4057	T	T	209.962	34.0116	15	15	0	0	0	209.962
4058	C	C	213.314	34.0116	15	15	0	213.314	0	0
4059	C	C	198.645	33.86	14	14	0	198.645	0	0
4060	A	A	164.374	33.86	14	14	164.374	0	1.58836e-16	0
4061	C	C	184.897	33.6913	13	13	5.42101e-19	184.897	5.42101e-19	5.42101e-19
4062	T	T	184.897	33.6913	13	13	5.42101e-19	5.42101e-19	5.42101e-19	184.897
4063	G	G	195.21	37	14	14	0	0	195.21	0
4064	A	A	178.969	37	13	13	178.969	5.42101e-19	4.33681e-18	5.42101e-19
4065	T	T	151.215	37	12	12	1.35525e-17	3.25586e-15	1.35525e-17	151.215
4066	T	T	152.005	37	12	12	1.35525e-17	2.70996e-15	1.35525e-17	152.005
4067	C	C	151.905	37	12	11	9.1073e-17	151.905	9.1073e-17	2.61835e-15
4068	C	C	169.597	37	12	12	1.57209e-17	169.597	1.57209e-17	1.57209e-17
4069	C	C	170.307	37	12	12	1.35525e-17	170.307	1.35525e-17	1.35525e-17
4070	A	A	170.307	37	12	12	170.307	1.35525e-17	1.35525e-17	1.35525e-17
4071	C	C	170.306	37	12	12	1.35525e-17	170.306	1.35525e-17	1.35525e-17
4072	T	T	170.307	37	12	12	1.35525e-17	1.35525e-17	1.35525e-17	170.307
4073	A	A	166.746	37	12	12	166.746	1.35525e-17	6.50521e-17	1.35525e-17
4074	T	T	170.307	37	12	12	1.35525e-17	1.35525e-17	1.35525e-17	170.307
4075	G	G	169.526	37	12	12	1.6263e-17	1.6263e-17	169.526	1.6263e-17
4076	C	C	170.307	37	12	12	1.35525e-17	170.307	1.35525e-17	1.35525e-17
4077	T	T	178.969	37	13	13	5.42101e-19	4.33681e-18	5.42101e-19	178.969
4078	C	C	169.248	37	12	12	1.73472e-17	169.248	1.73472e-17	1.73472e-17
4079	A	A	174.919	37	13	13	174.919	5.42101e-19	1.30104e-17	5.42101e-19
4080	G	G	183.275	37	13	13	1.0842e-18	1.0842e-18	183.275	5.42101e-19
4081	G	G	166.183	37	13	12	9.75782e-17	3.25261e-18	166.183	3.25261e-18
4082	C	C	163.423	37	14	12	0	163.423	0	1.97325e-16
4083	A	A	164.541	37	13	13	164.541	5.42101e-19	1.51788e-16	5.42101e-19
4084	A	A	158.4	37	12	12	158.4	1.35525e-17	6.00648e-16	1.35525e-17
4085	A	A	171.311	37	13	13	171.311	5.42101e-19	3.14419e-17	5.42101e-19
4086	A	A	164.26	37	12	12	164.26	1.35525e-17	1.36067e-16	1.35525e-17
4087	C	C	154.936	37	11	11	4.64581e-16	154.936	4.64581e-16	4.64581e-16
4088	A	A	170.307	37	12	12	170.307	1.35525e-17	1.35525e-17	1.35525e-17
4089	C	C	168.602	37	12	12	2.00577e-17	168.602	2.00577e-17	2.00577e-17
4090	T	T	166.193	37	12	12	1.35525e-17	7.75205e-17	1.35525e-17	166.193
4091	T	T	172.12	37	13	13	5.42101e-19	2.54788e-17	5.42101e-19	172.12
4092	A	A	174.955	37	13	13	174.955	5.42101e-19	1.30104e-17	5.42101e-19
4093	A	A	173.368	37	13	13	173.368	5.42101e-19	1.89735e-17	5.42101e-19
4094	T	T	180.843	37	13	13	5.42101e-19	2.71051e-18	5.42101e-19	180.843
4095	A	A	165.429	37	12	12	165.429	1.35525e-17	9.75782e-17	1.35525e-17
4096	A	A	164.379	37	12	12	164.379	1.35525e-17	1.31731e-16	1.35525e-17
4097	C	C	155.717	37	11	11	3.88144e-16	155.717	3.88144e-16	3.88144e-16
4098	A	A	151.589	37	11	11	151.589	4.2067e-16	2.18467e-15	4.07118e-16
4099	C	C	155.717	37	11	11	3.88144e-16	155.717	3.88144e-16	3.88144e-16
4100	A	A	151.368	37	11	11	151.368	3.88144e-16	2.39311e-15	3.88144e-16
4101	T	T	155.717	37	11	11	3.88144e-16	3.88144e-16	3.88144e-16	155.717
4102	G	G	168.662	37	12	12	2.00577e-17	2.00577e-17	168.662	1.95156e-17
4103	A	A	151.832	37	11	11	151.832	3.88144e-16	2.07218e-15	3.88144e-16
4104	G	G	154.926	37	11	11	4.65665e-16	4.65665e-16	154.926	4.65665e-16
4105	C	C	138.642	37	11	10	1.92988e-15	138.642	1.9288e-15	5.55112e-14
4106	A	A	144.423	37	11	11	144.423	3.88144e-16	1.49089e-14	3.88144e-16
4107	A	A	142.723	37	11	11	142.723	3.88144e-16	2.24227e-14	3.88144e-16
4108	A	A	150.839	37	11	11	150.839	3.88144e-16	2.80375e-15	3.88144e-16
4109	A	A	164.375	37	12	12	164.375	1.35525e-17	1.31731e-16	1.35525e-17
4110	A	A	155.717	37	11	11	155.717	3.88144e-16	3.88144e-16	3.88144e-16
4111	T	T	145.137	37	11	11	3.88144e-16	1.2532e-14	3.88144e-16	145.137
4112	T	T	145.852	37	11	11	3.88144e-16	1.05103e-14	3.88144e-16	145.852
4113	C	C	155.099	37	11	11	4.47233e-16	155.099	4.47233e-16	4.47233e-16
4114	A	A	151.031	37	11	11	151.031	3.88144e-16	2.64871e-15	3.88144e-16
4115	C	C	155.717	37	11	11	3.88144e-16	155.717	3.88144e-16	3.88144e-16
4116	T	T	149.671	37	11	11	3.87873e-16	3.90882e-15	3.88144e-16	149.671
4117	T	T	161.538	37	13	13	5.42101e-19	3.03577e-16	5.42101e-19	161.538
4118	T	T	164.566	37	13	13	5.42101e-19	1.50704e-16	5.42101e-19	164.566
4119	T	T	166.824	37	13	13	0	8.89046e-17	0	166.824
4120	T	T	167.334	37	13	13	5.42101e-19	7.91468e-17	5.42101e-19	167.334
4121	A	A	174.015	37	13	13	174.015	5.42101e-19	1.6263e-17	5.42101e-19
4122	A	A	215.89	37	16	16	215.89	0	0	0
4123	T	T	185.675	37	15	15	0	1.0842e-18	0	185.675
4124	T	T	187.791	37	15	15	0	5.42101e-19	0	187.791
4125	A	A	208.149	37	15	15	208.149	0	0	0
4126	T	T	192.004	37	16	16	0	5.42101e-19	0	192.004
4127	A	A	224.523	37	16	16	224.523	0	0	0
4128	T	T	217.415	37	16	16	0	0	0	217.415
4129	T	T	217.934	37	16	16	0	0	0	217.934
4130	C	C	227.246	37	16	16	0	227.246	0	0
4131	A	A	217.257	37	16	16	217.257	0	0	0
4132	T	T	223.788	37	16	16	0	0	0	223.788
4133	T	T	220.507	37	17	17	0	0	0	220.507
4134	G	G	241.611	37	17	17	0	0	241.611	0
4135	G	G	228.666	37	16	16	0	0	228.666	0
4136	G	G	228.666	37	16	16	0	0	228.666	0
4137	G	G	228.666	37	16	16	0	0	228.666	0
4138	T	T	228.666	37	16	16	0	0	0	228.666
4139	T	T	228.666	37	16	16	0	0	0	228.666
4140	A	A	219.015	37	16	16	219.015	0	0	0
4141	A	A	232.639	37	17	17	232.639	0	0	0
4142	T	T	244.26	37	18	18	0	0	0	244.26
4143	A	A	238.033	37	18	18	238.033	0	0	0
4144	T	T	247.151	37	18	18	0	0	0	247.151
4145	G	G	227.684	37	16	16	0	0	227.684	0
4146	A	A	222.618	37	16	16	222.618	0	0	0
4147	C	C	227.013	37	17	16	0	227.013	0	0
4148	A	A	243.255	37	17	17	243.255	0	0	0
4149	T	T	232.302	37	17	17	0	0	0	232.302
4150	T	T	234.18	37	18	18	0	0	0	234.18
4151	C	C	238.199	37	18	17	0	238.199	0	0
4152	T	T	253.732	37	18	18	0	0	0	253.732
4153	A	A	246.964	37	18	18	246.964	0	0	0
4154	T	T	260.315	37	19	19	0	0	0	260.315
4155	C	C	256.787	37	18	18	0	256.787	0	0
4156	C	C	257.065	37	18	18	0	257.065	0	0
4157	T	T	253.792	37	18	18	0	0	0	253.792
4158	C	C	242.639	37	17	17	0	242.639	0	0
4159	A	A	228.666	37	16	16	228.666	0	0	0
4160	G	G	228.665	37	16	16	0	0	228.665	0
4161	C	C	241.611	37	17	17	0	241.611	0	0
4162	A	A	239.113	37	17	17	239.113	0	0	0
4163	T	T	238.907	37	17	17	0	0	0	238.907
4164	T	T	239.113	37	17	17	0	0	0	239.113
4165	T	T	239.371	37	17	17	0	0	0	239.371
4166	T	T	228.665	37	16	16	0	0	0	228.665
4167	C	C	228.666	37	16	16	0	228.666	0	0
4168	T	T	228.666	37	16	16	0	0	0	228.666
4169	A	A	201.384	37	15	15	201.384	0	0	0
4170	G	G	182.412	37	14	13	2.1684e-18	0	182.412	0
4171	G	G	180.039	37	14	13	4.33681e-18	0	180.039	0
4172	C	C	199.486	37	14	14	0	199.486	0	0
4173	C	C	212.503	37	15	15	0	212.503	0	0
4174	T	T	194.609	37	14	14	0	0	0	194.609
4175	G	G	195.286	37	14	14	0	0	195.286	0
4176	T	T	172.12	37	13	13	5.42101e-19	2.54788e-17	5.42101e-19	172.12
4177	C	C	181.576	37	13	13	1.0842e-18	181.576	1.0842e-18	1.0842e-18
4178	A	A	199.486	37	14	14	199.486	0	0	0
4179	G	G	198.777	37	14	14	0	0	198.777	0
4180	G	G	198.079	37	14	14	0	0	198.079	0
4181	A	A	188.61	37	14	14	188.61	0	5.42101e-19	0
4182	A	A	188.114	37	14	14	188.114	0	5.42101e-19	0
4183	T	T	199.486	37	14	14	0	0	0	199.486
4184	C	C	184.897	37	13	13	5.42101e-19	184.897	5.42101e-19	5.42101e-19
4185	C	C	170.307	37	12	12	1.35525e-17	170.307	1.35525e-17	1.35525e-17
4186	C	C	170.306	37	12	12	1.35525e-17	170.306	1.35525e-17	1.35525e-17
4187	T	T	170.307	37	12	12	1.35525e-17	1.35525e-17	1.35525e-17	170.307
4188	C	C	170.307	37	12	12	1.35525e-17	170.307	1.35525e-17	1.35525e-17
4189	G	G	184.172	37	13	13	5.42101e-19	5.42101e-19	184.172	5.42101e-19
4190	G	G	183.171	37	13	13	1.0842e-18	1.0842e-18	183.171	5.42101e-19
4191	C	C	197.132	37	14	14	0	197.132	0	0
4192	G	G	211.696	37	15	15	0	0	211.696	0
4193	A	A	185.446	37	15	15	185.446	0	1.0842e-18	0
4194	T	T	193.388	37	15	15	0	0	0	193.388
4195	A	A	187.58	37	14	14	187.58	0	5.42101e-19	0
4196	T	T	188.827	37	14	14	0	5.42101e-19	0	188.827
4197	T	T	186.455	37	14	14	0	1.0842e-18	0	186.455
4198	C	C	183.204	37	13	13	5.42101e-19	183.204	5.42101e-19	5.42101e-19
4199	C	C	184.037	37	13	13	5.42101e-19	184.037	5.42101e-19	5.42101e-19
4200	G	G	184.28	37	13	13	5.42101e-19	5.42101e-19	184.28	5.42101e-19
4201	A	A	180.843	37	13	13	180.843	5.42101e-19	2.71051e-18	5.42101e-19
4202	C	C	184.897	37	13	13	5.42101e-19	184.897	5.42101e-19	5.42101e-19
4203	T	T	184.897	37	13	13	5.42101e-19	5.42101e-19	5.42101e-19	184.897
4204	A	A	178.969	37	13	13	178.969	5.42101e-19	4.33681e-18	5.42101e-19
4205	T	T	170.307	37	12	12	1.35525e-17	1.35525e-17	1.35525e-17	170.307
4206	C	C	170.307	37	12	12	1.35525e-17	170.307	1.35525e-17	1.35525e-17
4207	C	C	170.307	37	12	12	1.35525e-17	170.307	1.35525e-17	1.35525e-17
4208	A	A	159.648	37	12	12	159.648	1.35525e-17	4.43981e-16	1.35525e-17
4209	G	G	167.917	37	12	12	2.33103e-17	2.33103e-17	167.917	2.33103e-17
4210	A	A	149.618	37	12	12	149.618	1.35525e-17	4.7152e-15	1.35525e-17
4211	T	T	155.717	37	11	11	3.88144e-16	3.88144e-16	3.88144e-16	155.717
4212	G	G	154.579	37	12	11	1.41488e-15	4.87891e-17	154.579	4.87891e-17
4213	C	C	167.68	37	12	12	2.49366e-17	167.68	2.49366e-17	2.49366e-17
4214	C	C	163.967	37	13	12	5.42101e-18	163.967	5.42101e-18	1.6263e-16
4215	T	T	156.963	37	13	13	5.42101e-19	8.72783e-16	5.42101e-19	156.963
4216	A	A	184.897	37	13	13	184.897	5.42101e-19	5.42101e-19	5.42101e-19
4217	T	T	167.334	37	13	13	5.42101e-19	7.91468e-17	5.42101e-19	167.334
4218	A	A	184.897	37	13	13	184.897	5.42101e-19	5.42101e-19	5.42101e-19
4219	C	C	197.841	37	14	14	0	197.841	0	0
4220	A	A	181.684	37	14	14	181.684	0	2.71051e-18	0
4221	A	A	195.383	37	15	15	195.383	0	0	0
4222	C	C	212.303	37	15	15	0	212.303	0	0
4223	A	A	190.432	37	15	15	190.432	0	5.42101e-19	0
4224	A	A	193.44	37	14	14	193.44	0	0	0
4225	G	G	184.897	37	13	13	5.42101e-19	5.42101e-19	184.897	5.42101e-19
4226	A	A	181.336	37	13	13	181.336	5.42101e-19	2.1684e-18	5.42101e-19
4227	A	A	210.023	37	15	15	210.023	0	0	0
4228	A	A	203.712	37	15	15	203.712	0	0	0
4229	C	C	212.514	37	15	15	0	212.514	0	0
4230	A	A	200.918	37	15	15	200.918	0	0	0
4231	C	C	211.197	37	15	15	0	211.197	0	0
4232	A	A	208.03	37	15	15	208.03	0	0	0
4233	G	G	198.869	37	14	14	0	0	198.869	0
4234	T	T	201.044	37	15	15	0	0	0	201.044
4235	C	C	212.384	37	15	15	0	212.384	0	0
4236	T	T	209.727	37	15	15	0	0	0	209.727
4237	C	C	168.103	37	15	13	0	168.103	0	6.72205e-17
4238	T	T	195.601	37	14	14	0	0	0	195.601
4239	T	T	208.03	37	15	15	0	0	0	208.03
4240	C	C	197.716	37	15	14	0	197.716	0	0
4241	T	T	209.727	37	15	15	0	0	0	209.727
4242	A	A	183.442	37	15	15	183.442	0	2.1684e-18	0
4243	T	T	195.601	37	14	14	0	0	0	195.601
4244	A	A	170.307	37	12	12	170.307	1.35525e-17	1.35525e-17	1.35525e-17
4245	G	G	169.597	37	12	12	1.6263e-17	1.6263e-17	169.597	1.57209e-17
4246	G	G	198.696	37	14	14	0	0	198.696	0
4247	C	C	196.76	37	14	14	0	196.76	0	0
4248	T	T	186.19	37	15	15	0	1.0842e-18	0	186.19
4249	G	G	212.431	37	15	15	0	0	212.431	0
4250	A	A	214.076	37	15	15	214.076	0	0	0
4251	T	T	202.667	37	15	15	0	0	0	202.667
4252	T	T	193.68	37	15	15	0	0	0	193.68
4253	T	T	215.634	37	16	16	0	0	0	215.634
4254	A	A	209.202	37	16	16	209.202	0	0	0
4255	T	T	224.317	37	16	16	0	0	0	224.317
4256	T	T	195.343	37	14	14	0	0	0	195.343
4257	T	T	195.601	37	14	14	0	0	0	195.601
4258	C	C	187.731	37	15	14	0	187.731	0	0
4259	A	A	199.486	37	14	14	199.486	0	0	0
4260	C	C	198.627	37	14	14	0	198.627	0	0
4261	T	T	195.343	37	14	14	0	0	0	195.343
4262	A	A	199.486	37	14	14	199.486	0	0	0
4263	A	A	199.486	37	14	14	199.486	0	0	0
4264	C	C	199.486	37	14	14	0	199.486	0	0
4265	A	A	199.486	37	14	14	199.486	0	0	0
4266	G	G	174.786	37	14	13	1.30104e-17	0	174.786	0
4267	A	A	214.076	37	15	15	214.076	0	0	0
4268	A	A	210.515	37	15	15	210.515	0	0	0
4269	G	G	213.314	37	15	15	0	0	213.314	0
4270	T	T	209.933	37	15	15	0	0	0	209.933
4271	T	T	210.191	37	15	15	0	0	0	210.191
4272	A	A	208.148	37	15	15	208.148	0	0	0
4273	T	T	199.486	37	14	14	0	0	0	199.486
4274	G	G	180.589	37	14	13	3.25261e-18	0	180.589	0
4275	C	C	199.262	37	14	14	0	199.262	0	0
4276	T	T	199.486	37	14	14	0	0	0	199.486
4277	A	A	185.452	37	15	15	185.452	0	1.0842e-18	0
4278	A	A	169.866	37	14	14	169.866	0	4.49944e-17	0
4279	T	T	166.193	37	12	12	1.35525e-17	7.75205e-17	1.35525e-17	166.193
4280	A	A	151.363	37	12	12	151.363	1.35525e-17	3.14635e-15	1.35525e-17
4281	A	A	178.175	37	14	14	178.175	0	6.50521e-18	0
4282	T	T	177.281	37	14	14	0	8.13152e-18	0	177.281
4283	T	T	170.54	37	14	14	0	3.84892e-17	0	170.54
4284	T	T	162.752	37	14	14	0	2.30393e-16	0	162.752
4285	T	T	175.623	37	16	16	0	1.19262e-17	0	175.623
4286	C	C	208.995	37	16	15	0	208.995	0	0
4287	A	A	228.666	37	16	16	228.666	0	0	0
4288	T	T	211.43	37	16	16	0	0	0	211.43
4289	G	G	242.639	37	17	17	0	0	242.639	0
4290	T	T	238.57	37	17	17	0	0	0	238.57
4291	T	T	238.907	37	17	17	0	0	0	238.907
4292	T	T	244.952	37	18	18	0	0	0	244.952
4293	T	T	251.434	37	19	19	0	0	0	251.434
4294	G	G	236.311	37	19	17	0	0	236.311	0
4295	G	G	241.733	37	18	17	0	0	241.733	0
4296	G	G	256.272	37	18	18	0	0	256.272	0
4297	A	A	243.256	37	17	17	243.256	0	0	0
4298	G	G	243.256	37	17	17	0	0	243.256	0
4299	G	G	218.513	37	17	16	0	0	218.513	0
4300	G	G	257.845	37	18	18	0	0	257.845	0
4301	C	C	269.88	37	19	19	0	269.88	0	0
4302	T	T	260.529	37	19	19	0	0	0	260.529
4303	T	T	261.741	37	19	19	0	0	0	261.741
4304	C	C	254.248	37	19	18	0	254.248	0	0
4305	G	G	270.667	37	19	19	0	0	270.667	0
4306	C	C	285.452	34.5884	20	20	0	285.452	0	0
4307	C	C	271.059	34.4921	19	19	0	271.059	0	0
4308	T	T	268.321	34.4921	19	19	0	0	0	268.321
4309	C	C	284.619	34.5884	20	20	0	284.619	0	0
4310	A	A	254.363	34.4921	19	19	254.363	0	0	0
4311	A	A	244.853	34.4921	19	19	244.853	0	0	0
4312	T	T	274.132	34.5884	20	20	0	0	0	274.132
4313	C	C	253.968	34.4921	19	18	0	253.968	0	0
4314	C	C	256.082	34.3875	18	18	0	256.082	0	0
4315	T	T	230.031	34.3875	18	17	0	0	0	230.031
4316	A	A	233.184	34.2735	17	17	233.184	0	0	0
4317	G	G	255.648	34.3875	18	18	0	0	255.648	0
4318	A	A	232.031	34.3875	18	18	232.031	0	0	0
4319	G	G	252.983	34.3875	18	18	0	0	252.983	0
4320	G	G	214.84	34.3875	18	16	0	0	214.84	0
4321	A	A	206.676	34.2735	17	17	206.676	0	0	0
4322	G	G	225.686	34.2735	17	16	0	0	225.686	0
4323	G	G	211.441	34.1488	16	15	0	0	211.441	0
4324	C	C	181.431	33.86	14	13	0	181.431	0	3.25261e-18
4325	A	A	167.779	33.6913	13	13	167.779	5.42101e-19	7.15573e-17	5.42101e-19
4326	G	G	197.162	33.86	14	14	0	0	197.162	0
4327	T	T	194.609	33.86	14	14	0	0	0	194.609
4328	G	G	195.281	33.86	14	14	0	0	195.281	0
4329	G	G	133.87	33.5025	12	10	1.77714e-13	2.14672e-16	133.87	2.14672e-16
4330	T	T	158.187	33.5025	12	12	1.35525e-17	6.3209e-16	1.35525e-17	158.187
4331	A	A	180.548	33.6913	13	13	180.548	5.42101e-19	2.71051e-18	5.42101e-19
4332	G	G	167.827	33.6913	13	12	6.72205e-17	2.1684e-18	167.827	2.1684e-18
4333	A	A	171.865	33.6913	13	13	171.865	5.42101e-19	2.71051e-17	5.42101e-19
4334	A	A	195.138	37	14	14	195.138	0	0	0
4335	C	C	181.681	37	14	13	0	181.681	0	3.25261e-18
4336	T	T	197.887	37	16	16	0	0	0	197.887
4337	T	T	187.031	37	15	15	0	1.0842e-18	0	187.031
4338	A	A	214.076	37	15	15	214.076	0	0	0
4339	C	C	212.495	37	15	15	0	212.495	0	0
4340	C	C	212.657	37	15	15	0	212.657	0	0
4341	T	T	214.076	37	15	15	0	0	0	214.076
4342	C	C	226.87	37	17	16	0	226.87	0	0
4343	A	A	228.161	37	17	17	228.161	0	0	0
4344	A	A	210.515	37	15	15	210.515	0	0	0
4345	C	C	212.553	37	15	15	0	212.553	0	0
4346	C	C	212.619	37	16	15	0	212.619	0	0
4347	A	A	224.5	37	17	17	224.5	0	0	0
4348	A	A	222.589	37	17	17	222.589	0	0	0
4349	C	C	227.045	37	16	16	0	227.045	0	0
4350	A	A	207.768	37	16	16	207.768	0	0	0
4351	G	G	198.616	37	15	14	0	0	198.616	0
4352	T	T	199.486	37	14	14	0	0	0	199.486
4353	G	G	197.794	37	14	14	0	0	197.794	0
4354	A	A	186.455	37	14	14	186.455	0	1.0842e-18	0
4355	A	A	189.252	37	14	14	189.252	0	5.42101e-19	0
4356	T	T	200.491	37	15	15	0	0	0	200.491
4357	G	G	211.033	37	15	15	0	0	211.033	0
4358	A	A	202.547	37	15	15	202.547	0	0	0
4359	C	C	211.622	37	15	15	0	211.622	0	0
4360	T	T	189.252	37	14	14	0	5.42101e-19	0	189.252
4361	A	A	208.149	37	15	15	208.149	0	0	0
4362	C	C	197.718	37	14	14	0	197.718	0	0
4363	A	A	188.869	37	14	14	188.869	0	5.42101e-19	0
4364	C	C	182.29	37	14	13	0	182.29	0	2.1684e-18
4365	G	G	212.035	37	15	15	0	0	212.035	0
4366	G	G	197.123	37	15	14	0	0	197.123	0
4367	A	A	174.919	37	13	13	174.919	5.42101e-19	1.30104e-17	5.42101e-19
4368	T	T	180.753	37	13	13	5.42101e-19	2.71051e-18	5.42101e-19	180.753
4369	G	G	183.133	37	13	13	1.0842e-18	1.0842e-18	183.133	5.42101e-19
4370	C	C	184.897	37	13	13	5.42101e-19	184.897	5.42101e-19	5.42101e-19
4371	C	C	170.307	37	12	12	1.35525e-17	170.307	1.35525e-17	1.35525e-17
4372	C	C	155.717	37	11	11	3.88144e-16	155.717	3.88144e-16	3.88144e-16
4373	T	T	164.349	37	12	12	1.35525e-17	1.32273e-16	1.35525e-17	164.349
4374	C	C	169.248	37	12	12	1.73472e-17	169.248	1.73472e-17	1.73472e-17
4375	C	C	169.526	37	12	12	1.6263e-17	169.526	1.6263e-17	1.6263e-17
4376	T	T	166.253	37	12	12	1.35525e-17	7.58942e-17	1.35525e-17	166.253
4377	C	C	169.69	37	12	12	1.57209e-17	169.69	1.57209e-17	1.57209e-17
4378	C	C	170.307	37	12	12	1.35525e-17	170.307	1.35525e-17	1.35525e-17
4379	A	A	145.43	37	11	11	145.43	3.88144e-16	1.16633e-14	3.88144e-16
4380	T	T	164.38	33.5025	12	12	1.35525e-17	1.31188e-16	1.35525e-17	164.38
4381	A	A	165.642	33.6913	13	13	165.642	5.42101e-19	1.17636e-16	5.42101e-19
4382	T	T	182.896	34.0116	15	15	0	2.1684e-18	0	182.896
4383	C	C	139.338	33.86	14	11	2.1684e-18	139.338	2.1684e-18	5.05802e-14
4384	A	A	186.71	33.86	14	14	186.71	0	1.0842e-18	0
4385	G	G	184.101	33.6913	13	13	5.42101e-19	5.42101e-19	184.101	5.42101e-19
4386	A	A	174.015	33.6913	13	13	174.015	5.42101e-19	1.6263e-17	5.42101e-19
4387	A	A	172.12	33.6913	13	13	172.12	5.42101e-19	2.54788e-17	5.42101e-19
4388	A	A	166.193	33.5025	12	12	166.193	1.35525e-17	7.75205e-17	1.35525e-17
4389	T	T	170.307	33.5025	12	12	1.35525e-17	1.35525e-17	1.35525e-17	170.307
4390	T	T	170.307	33.5025	12	12	1.35525e-17	1.35525e-17	1.35525e-17	170.307
4391	C	C	155.717	33.2895	11	11	3.88144e-16	155.717	3.88144e-16	3.88144e-16
4392	G	G	155.717	33.2895	11	11	3.88144e-16	3.88144e-16	155.717	3.88144e-16
4393	A	A	155.716	33.2895	11	11	155.716	3.88144e-16	3.88144e-16	3.88144e-16
4394	A	A	155.717	33.2895	11	11	155.717	3.88144e-16	3.88144e-16	3.88144e-16
4395	G	G	170.307	33.5025	12	12	1.35525e-17	1.35525e-17	170.307	1.35525e-17
4396	A	A	166.422	33.5025	12	12	166.422	1.35525e-17	7.20994e-17	1.35525e-17
4397	A	A	166.163	33.5025	12	12	166.163	1.35525e-17	7.80626e-17	1.35525e-17
4398	G	G	169.427	33.5025	12	12	1.68051e-17	1.68051e-17	169.427	1.68051e-17
4399	C	C	152.881	33.5025	12	11	7.26415e-17	152.881	7.26415e-17	2.09143e-15
4400	T	T	170.307	33.5025	12	12	1.35525e-17	1.35525e-17	1.35525e-17	170.307
4401	G	G	155.716	33.2895	11	11	3.88144e-16	3.88144e-16	155.716	3.88144e-16
4402	C	C	155.717	33.2895	11	11	3.88144e-16	155.717	3.88144e-16	3.88144e-16
4403	C	C	155.717	33.2895	11	11	3.88144e-16	155.717	3.88144e-16	3.88144e-16
4404	T	T	164.379	33.5025	12	12	1.35525e-17	1.31188e-16	1.35525e-17	164.379
4405	A	A	166.746	33.5025	12	12	166.746	1.35525e-17	6.50521e-17	1.35525e-17
4406	C	C	153.193	33.5025	12	11	6.72205e-17	153.193	6.72205e-17	1.94723e-15
4407	G	G	169.526	33.5025	12	12	1.6263e-17	1.6263e-17	169.526	1.6263e-17
4408	T	T	166.746	33.5025	12	12	1.30104e-17	6.451e-17	1.30104e-17	166.746
4409	T	T	170.307	33.5025	12	12	1.35525e-17	1.35525e-17	1.35525e-17	170.307
4410	A	A	184.897	33.6913	13	13	184.897	5.42101e-19	5.42101e-19	5.42101e-19
4411	G	G	184.897	33.6913	13	13	5.42101e-19	5.42101e-19	184.897	5.42101e-19
4412	A	A	184.897	33.6913	13	13	184.897	5.42101e-19	5.42101e-19	5.42101e-19
4413	C	C	178.987	34.0116	15	13	0	178.987	0	5.42101e-18
4414	T	T	188.063	34.0116	15	15	0	5.42101e-19	0	188.063
4415	A	A	228.666	34.1488	16	16	228.666	0	0	0
4416	A	A	228.666	34.1488	16	16	228.666	0	0	0
4417	A	A	211.558	34.1488	16	16	211.558	0	0	0
4418	A	A	203.729	34.1488	16	16	203.729	0	0	0
4419	T	T	225.105	34.1488	16	16	0	0	0	225.105
4420	A	A	193.203	34.1488	16	16	193.203	0	0	0
4421	A	A	186.857	34.1488	16	16	186.857	0	1.0842e-18	0
4422	G	G	156.931	33.6913	13	12	8.23994e-16	2.81893e-17	156.931	2.81893e-17
4423	A	A	142.868	33.5025	12	12	142.868	1.35525e-17	2.24132e-14	1.35525e-17
4424	A	A	137.282	33.2895	11	11	137.282	3.98444e-16	8.04139e-14	3.94107e-16
4425	T	T	155.717	33.2895	11	11	3.88144e-16	3.88144e-16	3.88144e-16	155.717
4426	G	G	134.097	33.5025	12	10	1.68657e-13	2.02746e-16	134.097	2.0383e-16
4427	G	G	139.403	33.2895	11	10	4.65947e-14	1.6198e-15	139.403	1.6198e-15
4428	A	A	137.242	37	10	10	137.242	1.11678e-14	5.96197e-14	1.11673e-14
4429	A	A	136.984	37	10	10	136.984	1.11678e-14	6.46423e-14	1.11673e-14
4430	G	G	115.567	37	10	9	1.12684e-11	3.91627e-13	115.567	3.91643e-13
4431	G	G	140.145	37	10	10	1.40025e-14	1.40019e-14	140.145	1.40025e-14
4432	A	A	149.671	37	11	11	149.671	3.88144e-16	3.90909e-15	3.88144e-16
4433	G	G	141.127	37	10	10	1.11676e-14	1.11673e-14	141.127	1.11678e-14
4434	T	T	137.013	37	10	10	1.11673e-14	6.40595e-14	1.11681e-14	137.013
4435	C	C	153.31	37	11	11	6.75458e-16	153.31	6.75458e-16	6.75458e-16
4436	G	G	154.857	37	11	11	4.72712e-16	4.72712e-16	154.857	4.73254e-16
4437	A	A	151.031	37	11	11	151.031	3.88144e-16	2.64871e-15	3.88144e-16
4438	A	A	149.671	37	11	11	149.671	3.88144e-16	3.90909e-15	3.88144e-16
4439	C	C	166.421	33.5025	12	12	3.30682e-17	166.421	3.30682e-17	3.30682e-17
4440	C	C	153.135	33.5025	12	11	6.83047e-17	153.135	6.83047e-17	1.97216e-15
4441	C	C	168.745	33.5025	12	12	1.95156e-17	168.745	1.95156e-17	1.95156e-17
4442	T	T	159.804	33.5025	12	12	1.35525e-17	4.27176e-16	1.35525e-17	159.804
4443	C	C	138.605	33.86	14	11	2.1684e-18	138.605	2.1684e-18	5.98718e-14
4444	T	T	187.157	33.86	14	14	0	1.0842e-18	0	187.157
4445	G	G	182.514	33.86	14	13	2.1684e-18	0	182.514	0
4446	G	G	181.553	33.86	14	13	3.25261e-18	0	181.553	0
4447	A	A	178.85	33.6913	13	13	178.85	5.42101e-19	4.87891e-18	5.42101e-19
4448	A	A	184.897	33.6913	13	13	184.897	5.42101e-19	5.42101e-19	5.42101e-19
4449	T	T	178.792	33.86	14	14	0	5.96311e-18	0	178.792
4450	T	T	197.59	34.1488	16	16	0	0	0	197.59
4451	G	G	228.049	34.1488	16	16	0	0	228.049	0
4452	G	G	242.494	34.2735	17	17	0	0	242.494	0
4453	T	T	217.275	34.2735	17	17	0	0	0	217.275
4454	T	T	225.976	34.2735	17	17	0	0	0	225.976
4455	T	T	239.113	34.2735	17	17	0	0	0	239.113
4456	C	C	195.287	34.2735	17	15	0	195.287	0	0
4457	A	A	239.371	34.2735	17	17	239.371	0	0	0
4458	A	A	233.278	34.2735	17	17	233.278	0	0	0
4459	G	G	241.635	34.2735	17	17	0	0	241.635	0
4460	C	C	242.546	34.2735	17	17	0	242.546	0	0
4461	C	C	243.033	34.3875	18	17	0	243.033	0	0
4462	A	A	245.726	37	18	18	245.726	0	0	0
4463	A	A	233.391	37	17	17	233.391	0	0	0
4464	T	T	232.38	37	17	17	0	0	0	232.38
4465	A	A	231.649	37	17	17	231.649	0	0	0
4466	T	T	249.997	37	19	19	0	0	0	249.997
4467	C	C	236.33	37	19	17	0	236.33	0	0
4468	A	A	253.702	37	18	18	253.702	0	0	0
4469	T	T	244.455	37	19	19	0	0	0	244.455
4470	A	A	282.34	37	20	20	282.34	0	0	0
4471	A	A	274.333	37	20	20	274.333	0	0	0
4472	C	C	270.786	37	19	19	0	270.786	0	0
4473	C	C	254.219	37	19	18	0	254.219	0	0
4474	A	A	262.177	37	20	20	262.177	0	0	0
4475	C	C	285.963	37	21	20	0	285.963	0	0
4476	T	T	280.237	37	21	21	0	0	0	280.237
4477	A	A	293.754	37	22	22	293.754	0	0	0
4478	T	T	280.261	37	22	22	0	0	0	280.261
4479	G	G	287.025	37	20	20	0	0	287.025	0
4480	T	T	269.708	37	20	20	0	0	0	269.708
4481	C	C	285.554	37	20	20	0	285.554	0	0
4482	T	T	289.35	37	21	21	0	0	0	289.35
4483	C	C	300.556	37	21	21	0	300.556	0	0
4484	T	T	297.501	37	21	21	0	0	0	297.501
4485	C	C	284.392	37	21	20	0	284.392	0	0
4486	T	T	283.465	37	20	20	0	0	0	283.465
4487	C	C	262.325	37	20	19	0	262.325	0	0
4488	A	A	281.098	37	20	20	281.098	0	0	0
4489	A	A	268.875	37	19	19	268.875	0	0	0
4490	T	T	280.979	37	20	20	0	0	0	280.979
4491	A	A	282.911	37	20	20	282.911	0	0	0
4492	A	A	287.813	37	21	21	287.813	0	0	0
4493	A	A	281.69	37	21	21	281.69	0	0	0
4494	G	G	248.022	37	20	18	0	0	248.022	0
4495	A	A	267.771	37	20	20	267.771	0	0	0
4496	G	G	299.629	37	22	21	0	0	299.629	0
4497	A	A	280.921	37	21	21	280.921	0	0	0
4498	A	A	267.101	37	20	20	267.101	0	0	0
4499	A	A	276.331	37	20	20	276.331	0	0	0
4500	T	T	269.066	37	20	20	0	0	0	269.066
4501	T	T	288.621	37	21	21	0	0	0	288.621
4502	A	A	280.693	37	20	20	280.693	0	0	0
4503	G	G	246.919	37	19	18	0	0	246.919	0
4504	T	T	268.292	37	19	19	0	0	0	268.292
4505	A	A	261.445	37	19	19	261.445	0	0	0
4506	A	A	254.102	37	19	19	254.102	0	0	0
4507	A	A	251.309	37	19	19	251.309	0	0	0
4508	A	A	224.532	37	18	18	224.532	0	0	0
4509	A	A	224.241	37	18	18	224.241	0	0	0
4510	T	T	258.711	37	19	19	0	0	0	258.711
4511	T	T	251.058	37	19	19	0	0	0	251.058
4512	A	A	245.893	37	20	20	245.893	0	0	0
4513	G	G	225.251	37	17	16	0	0	225.251	0
4514	A	A	222.62	37	16	16	222.62	0	0	0
4515	T	T	208.928	37	16	16	0	0	0	208.928
4516	A	A	243.256	37	17	17	243.256	0	0	0
4517	A	A	257.846	37	18	18	257.846	0	0	0
4518	C	C	239.291	37	18	17	0	239.291	0	0
4519	T	T	239.772	37	18	18	0	0	0	239.772
4520	T	T	247.443	37	18	18	0	0	0	247.443
4521	T	T	253.961	37	18	18	0	0	0	253.961
4522	G	G	270.152	37	19	19	0	0	270.152	0
4523	T	T	253.16	37	18	18	0	0	0	253.16
4524	C	C	256.986	37	18	18	0	256.986	0	0
4525	A	A	260.765	37	19	19	260.765	0	0	0
4526	G	G	256.074	37	19	18	0	0	256.074	0
4527	G	G	239.126	37	18	17	0	0	239.126	0
4528	G	G	256.369	37	18	18	0	0	256.369	0
4529	T	T	251.537	37	19	19	0	0	0	251.537
4530	T	T	265.505	37	20	20	0	0	0	265.505
4531	A	A	267.558	37	19	19	267.558	0	0	0
4532	A	A	295.688	37	21	21	295.688	0	0	0
4533	A	A	283.465	37	20	20	283.465	0	0	0
4534	T	T	268.68	37	20	20	0	0	0	268.68
4535	T	T	276.294	37	20	20	0	0	0	276.294
4536	A	A	275.496	37	20	20	275.496	0	0	0
4537	T	T	287.025	37	20	20	0	0	0	287.025
4538	A	A	282.148	37	20	20	282.148	0	0	0
4539	G	G	314.631	37	22	22	0	0	314.631	0
4540	G	G	289.901	37	21	21	0	0	289.901	0
4541	T	T	282.671	37	21	21	0	0	0	282.671
4542	G	G	298.76	37	21	21	0	0	298.76	0
4543	A	A	275.444	37	21	21	275.444	0	0	0
4544	A	A	258.498	37	21	21	258.498	0	0	0
4545	A	A	249.604	37	20	20	249.604	0	0	0
4546	A	A	235.122	37	19	19	235.122	0	0	0
4547	T	T	243.256	37	17	17	0	0	0	243.256
4548	C	C	243.256	37	17	17	0	243.256	0	0
4549	C	C	240.037	37	17	17	0	240.037	0	0
4550	T	T	230.926	37	17	17	0	0	0	230.926
4551	T	T	217.712	37	16	16	0	0	0	217.712
4552	T	T	211.108	37	16	16	0	0	0	211.108
4553	A	A	228.666	37	16	16	228.666	0	0	0
4554	T	T	237.329	37	17	17	0	0	0	237.329
4555	A	A	234.632	37	18	18	234.632	0	0	0
4556	T	T	246.238	37	18	18	0	0	0	246.238
4557	C	C	256.303	37	18	18	0	256.303	0	0
4558	T	T	247.981	37	18	18	0	0	0	247.981
4559	T	T	250.448	37	19	19	0	0	0	250.448
4560	T	T	225.625	37	18	18	0	0	0	225.625
4561	A	A	251.799	37	18	18	251.799	0	0	0
4562	G	G	257.136	37	18	18	0	0	257.136	0
4563	G	G	255.318	37	19	18	0	0	255.318	0
4564	G	G	245.024	37	19	18	0	0	245.024	0
4565	C	C	283.019	37	21	20	0	283.019	0	0
4566	A	A	273.592	37	21	21	273.592	0	0	0
4567	T	T	269.128	37	20	20	0	0	0	269.128
4568	G	G	282.305	37	20	20	0	0	282.305	0
4569	C	C	204.206	37	17	15	0	204.206	0	0
4570	C	C	243.256	37	17	17	0	243.256	0	0
4571	C	C	243.256	37	17	17	0	243.256	0	0
4572	C	C	243.256	37	17	17	0	243.256	0	0
4573	T	T	243.256	37	17	17	0	0	0	243.256
4574	T	T	243.255	37	17	17	0	0	0	243.255
4575	C	C	243.255	37	17	17	0	243.255	0	0
4576	C	C	243.256	37	17	17	0	243.256	0	0
4577	A	A	205.917	37	16	16	205.917	0	0	0
4578	A	A	194.609	37	14	14	194.609	0	0	0
4579	A	A	208.149	37	15	15	208.149	0	0	0
4580	T	T	194.609	37	14	14	0	0	0	194.609
4581	T	T	206.06	37	16	16	0	0	0	206.06
4582	G	G	242.494	37	17	17	0	0	242.494	0
4583	G	G	223.98	37	17	16	0	0	223.98	0
4584	T	T	225.075	37	17	17	0	0	0	225.075
4585	C	C	280.138	37	20	20	0	280.138	0	0
4586	T	T	244.659	37	19	19	0	0	0	244.659
4587	T	T	258.376	37	20	20	0	0	0	258.376
4588	C	C	230.771	37	19	17	0	230.771	0	0
4589	A	A	260.906	37	19	19	260.906	0	0	0
4590	A	A	259.58	37	19	19	259.58	0	0	0
4591	G	G	256.786	37	18	18	0	0	256.786	0
4592	A	A	251.918	37	18	18	251.918	0	0	0
4593	C	C	243.256	37	17	17	0	243.256	0	0
4594	G	G	242.494	37	17	17	0	0	242.494	0
4595	C	C	243.256	37	17	17	0	243.256	0	0
4596	A	A	238.378	37	17	17	238.378	0	0	0
4597	A	A	224.457	37	17	17	224.457	0	0	0
4598	C	C	228.666	37	16	16	0	228.666	0	0
4599	T	T	228.649	37	16	16	0	0	0	228.649
4600	T	T	228.666	37	16	16	0	0	0	228.666
4601	C	C	228.666	37	16	16	0	228.666	0	0
4602	T	T	199.453	37	14	14	0	0	0	199.453
4603	C	C	199.486	37	14	14	0	199.486	0	0
4604	C	C	199.486	37	14	14	0	199.486	0	0
4605	C	C	199.486	37	14	14	0	199.486	0	0
4606	A	A	166.746	37	12	12	166.746	1.35525e-17	6.50521e-17	1.35525e-17
4607	T	T	170.307	37	12	12	1.35525e-17	1.35525e-17	1.35525e-17	170.307
4608	C	C	170.307	37	12	12	1.35525e-17	170.307	1.35525e-17	1.35525e-17
4609	A	A	173.586	37	13	13	173.586	5.42101e-19	1.78893e-17	5.42101e-19
4610	T	T	180.019	37	13	13	5.42101e-19	3.25261e-18	5.42101e-19	180.019
4611	A	A	180.548	37	13	13	180.548	5.42101e-19	2.71051e-18	5.42101e-19
4612	G	G	168.537	37	13	12	5.63785e-17	2.1684e-18	168.537	2.1684e-18
4613	A	A	172.204	37	13	13	172.204	5.42101e-19	2.49366e-17	5.42101e-19
4614	G	G	169.516	37	12	12	1.6263e-17	1.6263e-17	169.516	1.6263e-17
4615	G	G	168.83	37	12	12	1.89735e-17	1.89735e-17	168.83	1.89735e-17
4616	A	A	151.917	37	12	12	151.917	1.35525e-17	2.76634e-15	1.35525e-17
4617	A	A	142.556	37	12	12	142.556	1.35525e-17	2.40823e-14	1.35525e-17
4618	C	C	168.662	37	12	12	1.95156e-17	168.662	1.95156e-17	1.95156e-17
4619	T	T	165.621	37	12	12	1.35525e-17	9.21572e-17	1.35525e-17	165.621
4620	T	T	151.368	37	11	11	3.88144e-16	2.39311e-15	3.88144e-16	151.368
4621	T	T	136.984	37	10	10	1.11673e-14	6.46423e-14	1.11678e-14	136.984
4622	T	T	122.652	37	9	9	3.21315e-13	1.71543e-12	3.21332e-13	122.652
4623	G	G	106.716	37	9	8	8.64909e-11	2.99596e-12	106.716	3.0121e-12
4624	C	C	111.947	37	8	8	9.24549e-12	111.947	9.24513e-12	9.24529e-12
4625	A	A	86.7092	37	7	7	86.7092	2.66021e-10	8.73327e-09	2.6601e-10
4626	T	T	97.3576	37	7	7	2.66011e-10	2.66014e-10	2.66022e-10	97.3576
4627	T	T	91.4304	37	7	7	2.6601e-10	2.59223e-09	2.66021e-10	91.4304
4628	T	T	92.4798	37	7	7	2.6601e-10	1.92156e-09	2.66021e-10	92.4798
4629	T	T	98.9537	37	8	8	9.24516e-12	5.34118e-10	9.24558e-12	98.9537
4630	C	C	108.559	37	8	8	2.0175e-11	108.559	2.01742e-11	2.01746e-11
4631	T	T	93.6134	37	8	8	9.24516e-12	1.87144e-09	9.24558e-12	93.6134
4632	T	T	110.595	37	10	10	1.11673e-14	3.78475e-11	1.11681e-14	110.595
4633	G	G	154.735	37	11	11	4.86265e-16	4.86265e-16	154.735	4.86807e-16
4634	A	A	164.26	37	12	12	164.26	1.35525e-17	1.36067e-16	1.35525e-17
4635	T	T	129.233	37	11	11	3.88144e-16	5.17426e-13	3.88144e-16	129.233
4636	C	C	152.833	37	11	11	7.54063e-16	152.833	7.54063e-16	7.54063e-16
4637	A	A	155.717	37	11	11	155.717	3.88144e-16	3.88144e-16	3.88144e-16
4638	T	T	151.832	37	11	11	3.87873e-16	2.07191e-15	3.88144e-16	151.832
4639	A	A	151.574	37	11	11	151.574	3.88144e-16	2.24674e-15	3.88144e-16
4640	C	C	168.733	37	12	12	1.95156e-17	168.733	1.95156e-17	1.95156e-17
4641	A	A	194.801	37	14	14	194.801	0	0	0
4642	T	T	179.713	37	14	14	0	4.87891e-18	0	179.713
4643	T	T	166.634	37	13	13	5.42101e-19	9.32414e-17	5.42101e-19	166.634
4644	A	A	184.897	37	13	13	184.897	5.42101e-19	5.42101e-19	5.42101e-19
4645	A	A	184.897	37	13	13	184.897	5.42101e-19	5.42101e-19	5.42101e-19
4646	T	T	184.897	37	13	13	5.42101e-19	5.42101e-19	5.42101e-19	184.897
4647	A	A	184.896	37	13	13	184.896	5.42101e-19	5.42101e-19	5.42101e-19
4648	A	A	184.897	37	13	13	184.897	5.42101e-19	5.42101e-19	5.42101e-19
4649	T	T	184.896	37	13	13	5.42101e-19	5.42101e-19	5.42101e-19	184.896
4650	T	T	193.559	37	14	14	0	0	0	193.559
4651	G	G	213.314	37	15	15	0	0	213.314	0
4652	T	T	207.212	37	16	16	0	0	0	207.212
4653	A	A	217.785	37	16	16	217.785	0	0	0
4654	T	T	211.159	37	16	16	0	0	0	211.159
4655	T	T	204.098	37	15	15	0	0	0	204.098
4656	C	C	213.366	37	15	15	0	213.366	0	0
4657	C	C	239.966	37	17	17	0	239.966	0	0
4658	T	T	216.574	37	16	16	0	0	0	216.574
4659	A	A	232.38	37	17	17	232.38	0	0	0
4660	A	A	231.884	37	17	17	231.884	0	0	0
4661	T	T	225.529	37	17	17	0	0	0	225.529
4662	T	T	224.492	37	16	16	0	0	0	224.492
4663	A	A	196.804	37	15	15	196.804	0	0	0
4664	G	G	186.357	37	15	14	0	0	186.357	0
4665	C	C	214.076	37	15	15	0	214.076	0	0
4666	T	T	214.076	37	15	15	0	0	0	214.076
4667	C	C	184.897	37	13	13	5.42101e-19	184.897	5.42101e-19	5.42101e-19
4668	T	T	178.969	37	13	13	5.42101e-19	4.33681e-18	5.42101e-19	178.969
4669	C	C	169.248	37	12	12	1.73472e-17	169.248	1.73472e-17	1.73472e-17
4670	T	T	166.193	37	12	12	1.35525e-17	7.75205e-17	1.35525e-17	166.193
4671	A	A	165.958	37	12	12	165.958	1.35525e-17	8.29415e-17	1.35525e-17
4672	G	G	169.324	37	12	12	1.68051e-17	1.68051e-17	169.324	1.68051e-17
4673	T	T	170.307	37	12	12	1.35525e-17	1.35525e-17	1.35525e-17	170.307
4674	T	T	155.717	37	11	11	3.88144e-16	3.88144e-16	3.88144e-16	155.717
4675	C	C	155.717	37	11	11	3.88144e-16	155.717	3.88144e-16	3.88144e-16
4676	T	T	155.717	37	11	11	3.88144e-16	3.88144e-16	3.88144e-16	155.717
4677	C	C	155.716	37	11	11	3.88144e-16	155.716	3.88144e-16	3.88144e-16
4678	T	T	164.26	37	12	12	1.30104e-17	1.35525e-16	1.30104e-17	164.26
4679	A	A	174.919	37	13	13	174.919	5.42101e-19	1.30104e-17	5.42101e-19
4680	A	A	166.943	37	13	13	166.943	5.42101e-19	8.67362e-17	5.42101e-19
4681	A	A	159.285	37	13	13	159.285	5.42101e-19	5.11201e-16	5.42101e-19
4682	T	T	174.609	37	13	13	5.42101e-19	1.40946e-17	5.42101e-19	174.609
4683	T	T	172.639	37	13	13	5.42101e-19	2.27682e-17	5.42101e-19	172.639
4684	A	A	156.342	37	12	12	156.342	1.35525e-17	9.81203e-16	1.35525e-17
4685	T	T	151.368	37	11	11	3.88144e-16	2.39338e-15	3.88144e-16	151.368
4686	C	C	140.337	37	10	10	1.33975e-14	140.337	1.33969e-14	1.33969e-14
4687	T	T	137.242	37	10	10	1.11673e-14	5.96208e-14	1.11681e-14	137.242
4688	C	C	141.127	37	10	10	1.11678e-14	141.127	1.11673e-14	1.11676e-14
4689	A	A	130.395	37	10	10	130.395	1.11678e-14	3.74178e-13	1.11673e-14
4690	A	A	144.466	37	11	11	144.466	3.88144e-16	1.47549e-14	3.88144e-16
4691	C	C	152.302	37	12	11	8.34836e-17	152.302	8.34836e-17	2.38958e-15
4692	T	T	158.636	37	12	12	1.35525e-17	5.6758e-16	1.35525e-17	158.636
4693	A	A	141.127	37	10	10	141.127	1.11678e-14	1.11676e-14	1.11673e-14
4694	T	T	135.529	37	11	11	3.88144e-16	1.20796e-13	3.88144e-16	135.529
4695	A	A	159.689	37	12	12	159.689	1.35525e-17	4.39644e-16	1.35525e-17
4696	C	C	165.469	37	13	12	4.33681e-18	165.469	4.33681e-18	1.14925e-16
4697	T	T	170.357	37	14	14	0	4.01155e-17	0	170.357
4698	A	A	176.737	37	14	14	176.737	0	9.21572e-18	0
4699	A	A	165.429	37	12	12	165.429	1.35525e-17	9.75782e-17	1.35525e-17
4700	C	C	168.806	37	12	12	1.89735e-17	168.806	1.89735e-17	1.89735e-17
4701	C	C	138.291	37	11	10	2.09143e-15	138.291	2.09143e-15	6.01862e-14
4702	A	A	155.717	37	11	11	155.717	3.88144e-16	3.88144e-16	3.88144e-16
4703	C	C	155.717	37	11	11	3.88144e-16	155.717	3.88144e-16	3.88144e-16
4704	G	G	155.717	37	11	11	3.88144e-16	3.88144e-16	155.717	3.88144e-16
4705	A	A	155.717	37	11	11	155.717	3.88144e-16	3.88144e-16	3.88144e-16
4706	A	A	155.717	37	11	11	155.717	3.88144e-16	3.88144e-16	3.88144e-16
4707	A	A	166.746	37	12	12	166.746	1.35525e-17	6.50521e-17	1.35525e-17
4708	T	T	171.071	37	13	13	5.42101e-19	3.30682e-17	5.42101e-19	171.071
4709	T	T	173.289	37	13	13	5.42101e-19	1.95156e-17	5.42101e-19	173.289
4710	A	A	180.019	37	13	13	180.019	5.42101e-19	3.25261e-18	5.42101e-19
4711	A	A	178.969	37	13	13	178.969	5.42101e-19	4.33681e-18	5.42101e-19
4712	C	C	169.69	37	12	12	1.57209e-17	169.69	1.57209e-17	1.57209e-17
4713	A	A	166.422	37	12	12	166.422	1.35525e-17	7.20994e-17	1.35525e-17
4714	C	C	170.307	37	12	12	1.35525e-17	170.307	1.35525e-17	1.35525e-17
4715	A	A	165.958	37	12	12	165.958	1.35525e-17	8.29415e-17	1.35525e-17
4716	C	C	170.227	37	13	12	1.0842e-18	170.227	1.0842e-18	3.90313e-17
4717	A	A	193.44	37	14	14	193.44	0	0	0
4718	C	C	182.979	37	13	13	5.42101e-19	182.979	5.42101e-19	5.42101e-19
4719	A	A	184.897	37	13	13	184.897	5.42101e-19	5.42101e-19	5.42101e-19
4720	A	A	184.897	37	13	13	184.897	5.42101e-19	5.42101e-19	5.42101e-19
4721	G	G	184.896	37	13	13	5.42101e-19	5.42101e-19	184.896	5.42101e-19
4722	T	T	193.44	37	14	14	0	0	0	193.44
4723	A	A	174.913	37	14	14	174.913	0	1.40946e-17	0
4724	C	C	198.627	37	14	14	0	198.627	0	0
4725	A	A	185.495	37	15	15	185.495	0	1.0842e-18	0
4726	A	A	180.595	37	15	15	180.595	0	3.79471e-18	0
4727	G	G	168.116	37	12	12	2.22261e-17	2.22261e-17	168.116	2.22261e-17
4728	A	A	151.664	37	11	11	151.664	3.88144e-16	2.18467e-15	3.88144e-16
4729	G	G	138.603	37	11	10	5.60164e-14	1.94723e-15	138.603	1.94723e-15
4730	A	A	150.839	37	11	11	150.839	3.88144e-16	2.80375e-15	3.88144e-16
4731	C	C	155.717	37	11	11	3.88144e-16	155.717	3.88144e-16	3.88144e-16
4732	G	G	141.127	37	10	10	1.11676e-14	1.11673e-14	141.127	1.11678e-14
4733	C	C	141.127	37	10	10	1.11692e-14	141.127	1.11681e-14	1.11684e-14
4734	A	A	139.154	37	11	11	139.154	3.88144e-16	5.19964e-14	3.88144e-16
4735	C	C	139.604	37	11	10	1.54607e-15	139.604	1.54607e-15	4.44826e-14
4736	A	A	173.914	37	14	14	173.914	0	1.73472e-17	0
4737	A	A	169.545	37	14	14	169.545	0	4.8247e-17	0
4738	G	G	167.399	37	13	12	7.48099e-17	3.25261e-18	167.399	2.1684e-18
4739	A	A	150.83	37	11	11	150.83	3.89229e-16	2.80971e-15	3.88686e-16
4740	A	A	143.597	37	11	11	143.597	3.88144e-16	1.81954e-14	3.88144e-16
4741	G	G	140.365	37	10	10	1.33091e-14	1.33086e-14	140.365	1.33091e-14
4742	T	T	141.127	37	10	10	1.11673e-14	1.11676e-14	1.11681e-14	141.127
4743	A	A	136.249	37	10	10	136.249	1.11678e-14	8.0669e-14	1.11673e-14
4744	G	G	139.554	37	10	10	1.6044e-14	1.60435e-14	139.554	1.6044e-14
4745	A	A	126.537	37	9	9	126.537	3.21332e-13	3.21321e-13	3.21315e-13
4746	G	G	126.537	37	9	9	3.21324e-13	3.21315e-13	126.537	3.21332e-13
4747	A	A	126.537	37	9	9	126.537	3.21332e-13	3.21321e-13	3.21315e-13
4748	C	C	139.482	37	10	10	1.63097e-14	139.482	1.63091e-14	1.63097e-14
4749	G	G	155.717	37	11	11	3.88144e-16	3.88144e-16	155.717	3.88144e-16
4750	G	G	170.307	37	12	12	1.35525e-17	1.35525e-17	170.307	1.35525e-17
4751	T	T	151.487	37	12	12	1.35525e-17	3.05637e-15	1.35525e-17	151.487
4752	G	G	169.595	37	12	12	1.6263e-17	1.6263e-17	169.595	1.57209e-17
4753	T	T	160.329	37	12	12	1.35525e-17	3.75676e-16	1.35525e-17	160.329
4754	G	G	165.36	37	12	12	4.01155e-17	3.68629e-17	165.36	4.87891e-17
4755	A	A	174.247	37	13	13	174.247	5.42101e-19	1.51788e-17	5.42101e-19
4756	A	A	171.982	37	13	13	171.982	5.42101e-19	2.6563e-17	5.42101e-19
4757	C	C	169.447	37	12	12	1.6263e-17	169.447	1.6263e-17	1.6263e-17
4758	T	T	166.163	37	12	12	1.35525e-17	7.80626e-17	1.35525e-17	166.163
4759	A	A	158.187	37	12	12	158.187	1.35525e-17	6.32632e-16	1.35525e-17
4760	T	T	154.738	37	11	11	4.65123e-16	4.73796e-16	5.20146e-16	154.738
4761	C	C	155.717	37	11	11	3.88144e-16	155.717	3.88144e-16	3.88144e-16
4762	C	C	155.494	37	12	11	3.95734e-17	155.494	3.95734e-17	1.146e-15
4763	T	T	180.309	37	15	15	0	3.79471e-18	0	180.309
4764	G	G	196.962	37	15	14	0	0	196.962	0
4765	C	C	206.764	37	16	15	0	206.764	0	0
4766	C	C	165.219	37	16	13	0	165.219	0	1.30104e-16
4767	A	A	224.781	37	16	16	224.781	0	0	0
4768	G	G	242.465	37	17	17	0	0	242.465	0
4769	C	C	253.816	37	18	18	0	253.816	0	0
4770	T	T	238.902	37	18	18	0	0	0	238.902
4771	A	A	244.931	37	18	18	244.931	0	0	0
4772	T	T	233.391	37	17	17	0	0	0	233.391
4773	T	T	239.695	37	17	17	0	0	0	239.695
4774	A	A	237.329	37	17	17	237.329	0	0	0
4775	T	T	237.21	37	17	17	0	0	0	237.21
4776	C	C	242.274	37	17	17	0	242.274	0	0
4777	T	T	238.907	37	17	17	0	0	0	238.907
4778	T	T	239.113	37	17	17	0	0	0	239.113
4779	G	G	220.494	37	18	16	0	0	220.494	0
4780	A	A	230.362	37	17	17	230.362	0	0	0
4781	T	T	224.552	37	16	16	0	0	0	224.552
4782	T	T	224.613	37	16	16	0	0	0	224.613
4783	C	C	240.993	37	17	17	0	240.993	0	0
4784	T	T	223.98	37	16	16	0	0	0	223.98
4785	G	G	227.956	37	16	16	0	0	227.956	0
4786	A	A	218.688	37	16	16	218.688	0	0	0
4787	T	T	224.781	37	16	16	0	0	0	224.781
4788	C	C	228.666	37	16	16	0	228.666	0	0
4789	G	G	225.201	37	16	16	0	0	225.201	0
4790	C	C	214.076	37	15	15	0	214.076	0	0
4791	A	A	194.593	37	14	14	194.593	0	0	0
4792	C	C	199.486	37	14	14	0	199.486	0	0
4793	T	T	184.897	37	13	13	5.42101e-19	5.42101e-19	5.42101e-19	184.897
4794	C	C	197.842	37	14	14	0	197.842	0	0
4795	C	C	198.504	37	14	14	0	198.504	0	0
4796	C	C	198.627	37	14	14	0	198.627	0	0
4797	A	A	184.897	37	13	13	184.897	5.42101e-19	5.42101e-19	5.42101e-19
4798	T	T	181.012	37	13	13	5.42101e-19	2.1684e-18	5.42101e-19	181.012
4799	C	C	184.674	37	14	13	0	184.674	0	1.0842e-18
4800	A	A	189.085	37	14	14	189.085	0	5.42101e-19	0
4801	C	C	198.705	37	14	14	0	198.705	0	0
4802	T	T	195.433	37	14	14	0	0	0	195.433
4803	A	A	171.021	37	14	14	171.021	0	3.41524e-17	0
4804	C	C	184.897	37	13	13	5.42101e-19	184.897	5.42101e-19	5.42101e-19
4805	G	G	153.844	37	12	11	1.67509e-15	5.74627e-17	153.844	5.85469e-17
4806	G	G	109.599	37	11	9	4.7511e-11	5.7389e-14	109.599	5.7389e-14
4807	A	A	156.582	37	12	12	156.582	1.35525e-17	9.26993e-16	1.35525e-17
4808	T	T	151.031	37	11	11	3.88144e-16	2.64871e-15	3.88144e-16	151.031
4809	C	C	153.284	37	11	11	6.79795e-16	153.284	6.79795e-16	6.79795e-16
4810	C	C	153.868	37	11	11	5.94143e-16	153.868	5.94143e-16	5.94143e-16
4811	T	T	145.352	37	11	11	3.88144e-16	1.18872e-14	3.88144e-16	145.352
4812	C	C	154.955	37	11	11	4.62412e-16	154.955	4.62412e-16	4.62412e-16
4813	T	T	137.566	37	10	10	1.11673e-14	5.37249e-14	1.11681e-14	137.566
4814	A	A	121.852	37	9	9	121.852	3.21331e-13	2.19276e-12	3.21315e-13
4815	T	T	135.2	37	10	10	1.11673e-14	1.08824e-13	1.11681e-14	135.2
4816	G	G	108.846	37	9	8	5.29722e-11	1.84102e-12	108.846	1.84108e-12
4817	T	T	122.423	37	9	9	3.21315e-13	1.84317e-12	3.21332e-13	122.423
4818	G	G	124.774	37	9	9	4.82253e-13	4.82242e-13	124.774	4.82265e-13
4819	A	A	127.162	37	10	10	127.162	1.11678e-14	8.12444e-13	1.11673e-14
4820	T	T	121.659	37	9	9	3.21315e-13	2.32107e-12	3.21332e-13	121.659
4821	G	G	111.947	37	8	8	9.24529e-12	9.24513e-12	111.947	9.24549e-12
4822	G	G	140.417	37	10	10	1.31503e-14	1.31503e-14	140.417	1.31508e-14
4823	A	A	136.984	37	10	10	136.984	1.11678e-14	6.4642e-14	1.11673e-14
4824	T	T	135.089	37	11	11	3.87873e-16	1.33768e-13	3.88144e-16	135.089
4825	G	G	169.324	37	12	12	1.68051e-17	1.68051e-17	169.324	1.68051e-17
4826	A	A	178.85	37	13	13	178.85	5.42101e-19	4.87891e-18	5.42101e-19
4827	G	G	170.307	37	12	12	1.35525e-17	1.35525e-17	170.307	1.35525e-17
4828	T	T	157.597	37	13	13	5.42101e-19	7.54063e-16	5.42101e-19	157.597
4829	T	T	166.507	37	13	13	5.42101e-19	9.59519e-17	5.42101e-19	166.507
4830	C	C	183.42	37	13	13	5.42101e-19	183.42	5.42101e-19	5.42101e-19
4831	A	A	187.879	37	14	14	187.879	0	5.42101e-19	0
4832	A	A	185.661	37	14	14	185.661	0	1.0842e-18	0
4833	T	T	180.782	37	13	13	5.42101e-19	2.71051e-18	5.42101e-19	180.782
4834	C	C	169.545	37	12	12	1.6263e-17	169.545	1.6263e-17	1.6263e-17
4835	A	A	170.307	37	12	12	170.307	1.35525e-17	1.35525e-17	1.35525e-17
4836	T	T	170.307	37	12	12	1.35525e-17	1.35525e-17	1.35525e-17	170.307
4837	C	C	158.551	37	13	12	1.95156e-17	158.551	1.95156e-17	5.65954e-16
4838	C	C	183.914	37	13	13	5.42101e-19	183.914	5.42101e-19	5.42101e-19
4839	C	C	184.037	37	13	13	5.42101e-19	184.037	5.42101e-19	5.42101e-19
4840	T	T	183.683	37	14	14	0	1.6263e-18	0	183.683
4841	C	C	197.718	37	14	14	0	197.718	0	0
4842	A	A	199.486	37	14	14	199.486	0	0	0
4843	C	C	174.024	37	14	13	0	174.024	0	1.51788e-17
4844	T	T	195.926	37	14	14	0	0	0	195.926
4845	A	A	203.675	37	15	15	203.675	0	0	0
4846	A	A	203.085	37	15	15	203.085	0	0	0
4847	C	C	188.516	37	15	14	0	188.516	0	0
4848	T	T	209.933	37	15	15	0	0	0	209.933
4849	G	G	184.817	37	14	13	1.0842e-18	0	184.817	0
4850	T	T	184.896	37	13	13	5.42101e-19	5.42101e-19	5.42101e-19	184.896
4851	A	A	184.897	37	13	13	184.897	5.42101e-19	5.42101e-19	5.42101e-19
4852	A	A	184.897	37	13	13	184.897	5.42101e-19	5.42101e-19	5.42101e-19
4853	A	A	184.897	37	13	13	184.897	5.42101e-19	5.42101e-19	5.42101e-19
4854	A	A	199.486	37	14	14	199.486	0	0	0
4855	A	A	199.469	37	14	14	199.469	0	0	0
4856	C	C	211.65	37	15	15	0	211.65	0	0
4857	C	C	212.332	37	15	15	0	212.332	0	0
4858	A	A	210.515	37	15	15	210.515	0	0	0
4859	T	T	209.933	37	15	15	0	0	0	209.933
4860	G	G	196.345	37	15	14	0	0	196.345	0
4861	G	G	212.255	37	15	15	0	0	212.255	0
4862	G	G	186.404	37	15	14	0	0	186.404	0
4863	C	C	199.486	37	14	14	0	199.486	0	0
4864	C	C	199.486	37	14	14	0	199.486	0	0
4865	A	A	180.731	37	14	14	180.731	0	3.79471e-18	0
4866	C	C	198.428	37	14	14	0	198.428	0	0
4867	C	C	184.115	37	13	13	5.42101e-19	184.115	5.42101e-19	5.42101e-19
4868	A	A	163.77	37	13	13	163.77	5.42101e-19	1.81604e-16	5.42101e-19
4869	G	G	167.881	37	12	12	2.33103e-17	2.33103e-17	167.881	2.38524e-17
4870	T	T	155.717	37	11	11	3.88144e-16	3.88144e-16	3.88144e-16	155.717
4871	G	G	140.883	37	11	10	3.31376e-14	1.1498e-15	140.883	1.15305e-15
4872	A	A	155.717	37	11	11	155.717	3.88144e-16	3.88144e-16	3.88144e-16
4873	T	T	161.149	37	13	13	5.42101e-19	3.32308e-16	5.42101e-19	161.149
4874	A	A	199.486	37	14	14	199.486	0	0	0
4875	T	T	172.674	37	14	14	0	2.33103e-17	0	172.674
4876	G	G	228.666	37	16	16	0	0	228.666	0
4877	G	G	210.53	37	16	15	0	0	210.53	0
4878	A	A	232.524	37	17	17	232.524	0	0	0
4879	A	A	224.911	37	17	17	224.911	0	0	0
4880	T	T	225.839	37	17	17	0	0	0	225.839
4881	T	T	239.202	37	17	17	0	0	0	239.202
4882	T	T	210.515	37	15	15	0	0	0	210.515
4883	C	C	209.719	34.2735	17	15	0	209.719	0	0
4884	C	C	224.34	34.2735	17	16	0	224.34	0	0
4885	C	C	240.479	34.2735	17	17	0	240.479	0	0
4886	A	A	207.896	34.1488	16	16	207.896	0	0	0
4887	A	A	201.747	34.0116	15	15	201.747	0	0	0
4888	T	T	210.515	34.0116	15	15	0	0	0	210.515
4889	A	A	199.483	33.86	14	14	199.483	0	0	0
4890	T	T	194.609	33.86	14	14	0	0	0	194.609
4891	A	A	195.343	33.86	14	14	195.343	0	0	0
4892	C	C	182.29	33.86	14	13	0	182.29	0	2.1684e-18
4893	A	A	209.391	34.0116	15	15	209.391	0	0	0
4894	G	G	211.497	34.0116	15	15	0	0	211.497	0
4895	A	A	195.343	33.86	14	14	195.343	0	0	0
4896	T	T	205.878	34.1488	16	16	0	0	0	205.878
4897	T	T	209.202	34.1488	16	16	0	0	0	209.202
4898	A	A	215.973	34.1488	16	16	215.973	0	0	0
4899	T	T	203.459	34.0116	15	15	0	0	0	203.459
4900	G	G	227.806	34.1488	16	16	0	0	227.806	0
4901	A	A	223.98	34.1488	16	16	223.98	0	0	0
4902	A	A	237.21	34.2735	17	17	237.21	0	0	0
4903	G	G	243.256	34.2735	17	17	0	0	243.256	0
4904	A	A	239.371	34.2735	17	17	239.371	0	0	0
4905	A	A	232.855	34.2735	17	17	232.855	0	0	0
4906	T	T	247.09	34.5884	20	20	0	0	0	247.09
4907	T	T	258.91	34.5884	20	20	0	0	0	258.91
4908	A	A	266.577	34.5884	20	20	266.577	0	0	0
4909	A	A	274.11	34.5884	20	20	274.11	0	0	0
4910	A	A	284.645	34.6774	21	21	284.645	0	0	0
4911	C	C	298.717	34.6774	21	21	0	298.717	0	0
4912	T	T	283.663	34.6774	21	21	0	0	0	283.663
4913	T	T	274.519	34.6774	21	21	0	0	0	274.519
4914	T	T	289.098	34.76	22	22	0	0	0	289.098
4915	G	G	270.393	34.5884	20	19	0	0	270.393	0
4916	A	A	259.58	37	19	19	259.58	0	0	0
4917	C	C	256.374	37	18	18	0	256.374	0	0
4918	T	T	254.205	37	18	18	0	0	0	254.205
4919	C	C	243.256	37	17	17	0	243.256	0	0
4920	C	C	256.201	37	18	18	0	256.201	0	0
4921	T	T	253.16	37	18	18	0	0	0	253.16
4922	A	A	238.57	37	17	17	238.57	0	0	0
4923	T	T	239.112	37	17	17	0	0	0	239.112
4924	A	A	228.666	37	16	16	228.666	0	0	0
4925	T	T	228.666	37	16	16	0	0	0	228.666
4926	G	G	203.175	37	16	15	0	0	203.175	0
4927	T	T	228.666	37	16	16	0	0	0	228.666
4928	T	T	228.666	37	16	16	0	0	0	228.666
4929	T	T	228.666	37	16	16	0	0	0	228.666
4930	C	C	214.076	37	15	15	0	214.076	0	0
4931	C	C	213.997	37	16	15	0	213.997	0	0
4932	G	G	227.956	37	16	16	0	0	227.956	0
4933	A	A	218.688	37	16	16	218.688	0	0	0
4934	C	C	227.875	37	16	16	0	227.875	0	0
4935	A	A	203.176	37	16	16	203.176	0	0	0
4936	C	C	228.666	37	16	16	0	228.666	0	0
4937	A	A	192.595	37	16	16	192.595	0	0	0
4938	A	A	185.157	37	15	15	185.157	0	1.0842e-18	0
4939	G	G	194.644	37	15	14	0	0	194.644	0
4940	A	A	185.901	37	14	14	185.901	0	1.0842e-18	0
4941	A	A	172.204	37	13	13	172.204	5.42101e-19	2.49366e-17	5.42101e-19
4942	C	C	169.516	37	12	12	1.6263e-17	169.516	1.6263e-17	1.6263e-17
4943	T	T	172.342	37	13	13	5.42101e-19	2.43945e-17	5.42101e-19	172.342
4944	A	A	173.821	37	13	13	173.821	5.42101e-19	1.73472e-17	5.42101e-19
4945	A	A	171.865	37	13	13	171.865	5.42101e-19	2.71051e-17	5.42101e-19
4946	A	A	180.548	37	13	13	180.548	5.42101e-19	2.71051e-18	5.42101e-19
4947	G	G	159.214	37	13	12	4.85723e-16	1.73472e-17	159.214	1.73472e-17
4948	C	C	184.115	37	13	13	5.42101e-19	184.115	5.42101e-19	5.42101e-19
4949	C	C	148.69	37	13	11	7.58942e-18	148.69	7.58942e-18	5.85794e-15
4950	T	T	174.015	37	13	13	5.42101e-19	1.6263e-17	5.42101e-19	174.015
4951	G	G	184.115	37	13	13	5.42101e-19	5.42101e-19	184.115	5.42101e-19
4952	G	G	168.784	37	13	12	5.31259e-17	1.0842e-18	168.784	2.1684e-18
4953	A	A	178.969	37	13	13	178.969	5.42101e-19	4.33681e-18	5.42101e-19
4954	G	G	170.307	37	12	12	1.35525e-17	1.35525e-17	170.307	1.35525e-17
4955	A	A	170.307	37	12	12	170.307	1.35525e-17	1.35525e-17	1.35525e-17
4956	A	A	166.422	37	12	12	166.422	1.35525e-17	7.20994e-17	1.35525e-17
4957	T	T	170.307	37	12	12	1.35525e-17	1.35525e-17	1.35525e-17	170.307
4958	T	T	170.307	37	12	12	1.35525e-17	1.35525e-17	1.35525e-17	170.307
4959	G	G	151.675	37	12	11	2.76038e-15	9.54098e-17	151.675	9.6494e-17
4960	C	C	183.252	37	13	13	5.42101e-19	183.252	5.42101e-19	5.42101e-19
4961	G	G	166.941	37	13	12	8.13152e-17	2.1684e-18	166.941	3.25261e-18
4962	G	G	153.327	37	11	11	6.7329e-16	6.7329e-16	153.327	6.72747e-16
4963	T	T	145.022	37	11	11	3.88144e-16	1.28874e-14	3.88144e-16	145.022
4964	T	T	135.507	37	11	11	4.07389e-16	1.21374e-13	4.22297e-16	135.507
4965	T	T	149.613	37	12	12	1.35525e-17	4.72116e-15	1.35525e-17	149.613
4966	T	T	144.345	37	11	11	3.87873e-16	1.51932e-14	3.88144e-16	144.345
4967	T	T	130.251	37	10	10	1.11673e-14	3.87575e-13	1.11678e-14	130.251
4968	A	A	155.717	37	11	11	155.717	3.88144e-16	3.88144e-16	3.88144e-16
4969	C	C	154.025	37	11	11	5.73001e-16	154.025	5.73001e-16	5.73001e-16
4970	A	A	155.717	37	11	11	155.717	3.88144e-16	3.88144e-16	3.88144e-16
4971	A	A	155.717	37	11	11	155.717	3.88144e-16	3.88144e-16	3.88144e-16
4972	G	G	138.291	37	11	10	6.01884e-14	2.09251e-15	138.291	2.09143e-15
4973	T	T	155.717	37	11	11	3.88144e-16	3.88144e-16	3.88144e-16	155.717
4974	G	G	154.148	37	11	11	5.56738e-16	5.56738e-16	154.148	5.5728e-16
4975	G	G	168.532	37	12	12	2.05998e-17	2.05998e-17	168.532	2.00577e-17
4976	A	A	157.01	37	12	12	157.01	1.35525e-17	8.37546e-16	1.35525e-17
4977	C	C	154.857	37	11	11	4.73254e-16	154.857	4.73254e-16	4.73254e-16
4978	A	A	157.614	37	12	12	157.614	1.35525e-17	7.25331e-16	1.35525e-17
4979	A	A	151.574	37	11	11	151.574	3.88144e-16	2.24674e-15	3.88144e-16
4980	T	T	151.368	37	11	11	3.88144e-16	2.39311e-15	3.88144e-16	151.368
4981	C	C	154.847	37	12	11	4.66207e-17	154.847	4.66207e-17	1.33032e-15
4982	G	G	151.466	37	12	11	2.89699e-15	9.97466e-17	151.466	1.00831e-16
4983	A	A	151.603	37	11	11	151.603	3.88144e-16	2.22641e-15	3.88144e-16
4984	G	G	154.658	37	11	11	4.94938e-16	4.94938e-16	154.658	4.9548e-16
4985	T	T	151.709	37	11	11	3.97631e-16	2.12829e-15	4.04407e-16	151.709
4986	A	A	141.127	37	10	10	141.127	1.11678e-14	1.11676e-14	1.11673e-14
4987	G	G	141.127	37	10	10	1.11676e-14	1.11673e-14	141.127	1.11678e-14
4988	T	T	141.127	37	10	10	1.11673e-14	1.11676e-14	1.11681e-14	141.127
4989	G	G	124.052	37	10	9	1.59727e-12	5.55112e-14	124.052	5.55144e-14
4990	C	C	141.127	37	10	10	1.11678e-14	141.127	1.11673e-14	1.11676e-14
4991	G	G	140.145	37	10	10	1.40019e-14	1.40014e-14	140.145	1.40025e-14
4992	G	G	153.362	33.2895	11	11	6.67869e-16	6.67869e-16	153.362	6.67326e-16
4993	C	C	124.972	33.0469	10	9	4.5015e-14	124.972	4.47743e-14	1.29258e-12
4994	C	C	136.958	33.2895	11	10	2.84278e-15	136.958	2.84278e-15	8.18074e-14
4995	C	C	153.973	33.2895	11	11	5.80048e-16	153.973	5.80048e-16	5.80048e-16
4996	G	G	154.072	33.2895	11	11	5.66496e-16	5.66496e-16	154.072	5.67038e-16
4997	T	T	136.984	33.0469	10	10	1.11673e-14	6.46418e-14	1.11678e-14	136.984
4998	A	A	155.717	33.2895	11	11	155.717	3.88144e-16	3.88144e-16	3.88144e-16
4999	G	G	155.717	33.2895	11	11	3.88144e-16	3.88144e-16	155.717	3.88144e-16
5000	A	A	155.717	33.2895	11	11	155.717	3.88144e-16	3.88144e-16	3.88144e-16
5001	A	A	146.066	33.2895	11	11	146.066	3.88144e-16	9.96843e-15	3.88144e-16
5002	A	A	145.1	33.2895	11	11	145.1	3.88144e-16	1.26459e-14	3.88144e-16
5003	T	T	155.717	33.2895	11	11	3.88144e-16	3.88144e-16	3.88144e-16	155.717
5004	A	A	143.387	33.2895	11	11	143.387	3.88144e-16	1.91326e-14	3.88144e-16
5005	A	A	133.729	33.2895	11	11	133.729	3.88144e-16	1.83256e-13	3.88144e-16
5006	C	C	126.537	32.7677	9	9	3.21326e-13	126.537	3.21313e-13	3.21318e-13
5007	G	G	107.116	32.7677	9	8	7.88811e-11	2.74145e-12	107.116	2.74156e-12
5008	A	A	129.98	33.2895	11	11	129.98	3.88144e-16	4.355e-13	3.88144e-16
5009	T	T	143.624	33.2895	11	11	3.87873e-16	1.80747e-14	3.88144e-16	143.624
5010	C	C	136.484	33.2895	11	10	3.17129e-15	136.484	3.17129e-15	9.12508e-14
5011	C	C	123.433	33.0469	10	9	6.40189e-14	123.433	6.40167e-14	1.84197e-12
5012	G	G	124.943	32.7677	9	9	4.63914e-13	4.63127e-13	124.943	4.64395e-13
5013	G	G	111.947	32.4422	8	8	9.24538e-12	9.24516e-12	111.947	9.24557e-12
5014	A	A	111.947	32.4422	8	8	111.947	9.24587e-12	9.24553e-12	9.24532e-12
5015	A	A	111.947	32.4422	8	8	111.947	9.24559e-12	9.24532e-12	9.24516e-12
5016	A	A	111.947	32.4422	8	8	111.947	9.24559e-12	9.24532e-12	9.24516e-12
5017	C	C	124.964	32.7677	9	9	4.61628e-13	124.964	4.61607e-13	4.61617e-13
5018	T	T	127.162	33.0469	10	10	1.11673e-14	8.12445e-13	1.11681e-14	127.162
5019	G	G	141.127	33.0469	10	10	1.11676e-14	1.11673e-14	141.127	1.11678e-14
5020	A	A	137.566	33.0469	10	10	137.566	1.11678e-14	5.37249e-14	1.11673e-14
5021	T	T	131.149	33.0469	10	10	1.11673e-14	3.10982e-13	1.11681e-14	131.149
5022	C	C	135.731	33.5025	12	10	1.39862e-16	135.731	1.39862e-16	1.15786e-13
5023	G	G	183.149	33.6913	13	13	1.0842e-18	1.0842e-18	183.149	5.42101e-19
5024	C	C	195.368	33.86	14	14	0	195.368	0	0
5025	G	G	184.115	33.6913	13	13	5.42101e-19	5.42101e-19	184.115	5.42101e-19
5026	T	T	160.8	33.6913	13	13	5.42101e-19	3.59955e-16	5.42101e-19	160.8
5027	C	C	183.425	33.6913	13	13	5.42101e-19	183.425	5.42101e-19	5.42101e-19
5028	A	A	160.656	33.5025	12	12	160.656	1.35525e-17	3.46403e-16	1.35525e-17
5029	G	G	168.754	33.5025	12	12	1.89735e-17	1.89735e-17	168.754	1.95156e-17
5030	A	A	159.353	33.5025	12	12	159.353	1.35525e-17	4.77049e-16	1.35525e-17
5031	A	A	157.977	33.5025	12	12	157.977	1.35525e-17	6.65158e-16	1.35525e-17
5032	G	G	154.064	33.5025	12	11	1.59269e-15	5.52943e-17	154.064	5.52943e-17
5033	A	A	137.242	37	10	10	137.242	1.11678e-14	5.96195e-14	1.11673e-14
5034	T	T	141.127	37	10	10	1.11673e-14	1.11676e-14	1.11678e-14	141.127
5035	G	G	140.268	37	10	10	1.36111e-14	1.36111e-14	140.268	1.36116e-14
5036	T	T	141.127	37	10	10	1.11676e-14	1.11678e-14	1.11684e-14	141.127
5037	C	C	141.127	37	10	10	1.11678e-14	141.127	1.11673e-14	1.11676e-14
5038	T	T	126.537	37	9	9	3.21315e-13	3.2132e-13	3.21332e-13	126.537
5039	T	T	126.537	37	9	9	3.21315e-13	3.2132e-13	3.21332e-13	126.537
5040	G	G	141.127	37	10	10	1.11676e-14	1.11673e-14	141.127	1.11678e-14
5041	C	C	153.09	37	11	11	7.10695e-16	153.09	7.10695e-16	7.10695e-16
5042	T	T	144.046	37	11	11	3.88144e-16	1.63308e-14	3.88144e-16	144.046
5043	T	T	144.726	37	11	11	3.88144e-16	1.3852e-14	3.88144e-16	144.726
5044	T	T	145.316	37	11	11	3.88144e-16	1.1994e-14	3.88144e-16	145.316
5045	C	C	167.944	37	13	12	2.1684e-18	167.944	2.1684e-18	6.50521e-17
5046	A	A	180.019	37	13	13	180.019	5.42101e-19	3.25261e-18	5.42101e-19
5047	T	T	165.56	37	13	13	5.42101e-19	1.19804e-16	5.42101e-19	165.56
5048	G	G	184.897	37	13	13	5.42101e-19	5.42101e-19	184.897	5.42101e-19
5049	A	A	184.897	37	13	13	184.897	5.42101e-19	5.42101e-19	5.42101e-19
5050	G	G	184.187	37	13	13	5.42101e-19	5.42101e-19	184.187	5.42101e-19
5051	C	C	197.151	37	14	14	0	197.151	0	0
5052	T	T	188.605	37	14	14	0	5.42101e-19	0	188.605
5053	G	G	197.007	37	15	14	0	0	197.007	0
5054	T	T	202.547	37	15	15	0	0	0	202.547
5055	A	A	181.514	37	14	14	181.514	0	3.25261e-18	0
5056	C	C	182.29	37	14	13	0	182.29	0	2.1684e-18
5057	C	C	211.886	37	15	15	0	211.886	0	0
5058	A	A	179.18	37	14	14	179.18	0	5.42101e-18	0
5059	T	T	186.493	37	14	14	0	1.0842e-18	0	186.493
5060	A	A	167.926	37	13	13	167.926	5.42101e-19	6.88468e-17	5.42101e-19
5061	C	C	196.119	37	14	14	0	196.119	0	0
5062	C	C	182.583	37	14	13	0	182.583	0	2.1684e-18
5063	T	T	174.531	37	13	13	5.42101e-19	1.40946e-17	5.42101e-19	174.531
5064	A	A	169.662	37	13	13	169.662	5.42101e-19	4.60786e-17	5.42101e-19
5065	G	G	155.717	37	11	11	3.88144e-16	3.88144e-16	155.717	3.88144e-16
5066	G	G	155.1	37	11	11	4.47775e-16	4.47775e-16	155.1	4.47233e-16
5067	G	G	169.545	37	12	12	1.57209e-17	1.57209e-17	169.545	1.6263e-17
5068	C	C	144.624	37	12	11	4.85723e-16	144.624	4.85723e-16	1.40014e-14
5069	T	T	165.958	37	12	12	1.35525e-17	8.29415e-17	1.35525e-17	165.958
5070	A	A	164.38	37	12	12	164.38	1.35525e-17	1.31188e-16	1.35525e-17
5071	A	A	184.897	37	13	13	184.897	5.42101e-19	5.42101e-19	5.42101e-19
5072	A	A	195.926	37	14	14	195.926	0	0	0
5073	A	A	210.023	37	15	15	210.023	0	0	0
5074	A	A	209.962	37	15	15	209.962	0	0	0
5075	C	C	172.579	37	15	13	0	172.579	0	2.38524e-17
5076	T	T	209.048	37	16	16	0	0	0	209.048
5077	G	G	214.076	37	15	15	0	0	214.076	0
5078	A	A	214.076	37	15	15	214.076	0	0	0
5079	T	T	209.933	37	15	15	0	0	0	209.933
5080	G	G	213.459	37	15	15	0	0	213.459	0
5081	C	C	226.942	37	17	16	0	226.942	0	0
5082	A	A	239.142	37	17	17	239.142	0	0	0
5083	A	A	238.378	37	17	17	238.378	0	0	0
5084	T	T	237.451	34.3875	18	18	0	0	0	237.451
5085	C	C	238.668	34.3875	18	17	0	238.668	0	0
5086	C	C	256.082	34.3875	18	18	0	256.082	0	0
5087	C	C	240.283	34.3875	18	17	0	240.283	0	0
5088	A	A	272.434	34.4921	19	19	272.434	0	0	0
5089	G	G	272.436	34.4921	19	19	0	0	272.436	0
5090	G	G	287.025	34.5884	20	20	0	0	287.025	0
5091	A	A	287.025	34.5884	20	20	287.025	0	0	0
5092	C	C	298.494	34.6774	21	21	0	298.494	0	0
5093	G	G	301.615	34.6774	21	21	0	0	301.615	0
5094	G	G	301.615	34.6774	21	21	0	0	301.615	0
5095	C	C	300.783	34.6774	21	21	0	300.783	0	0
5096	T	T	296.427	34.6774	21	21	0	0	0	296.427
5097	A	A	291.637	34.6774	21	21	291.637	0	0	0
5098	A	A	290.739	34.6774	21	21	290.739	0	0	0
5099	A	A	276.354	34.6774	21	21	276.354	0	0	0
5100	C	C	314.632	34.76	22	22	0	314.632	0	0
5101	C	C	300.556	34.6774	21	21	0	300.556	0	0
5102	A	A	289.286	34.6774	21	21	289.286	0	0	0
5103	G	G	219.989	34.76	22	18	0	0	219.989	0
5104	A	A	269.57	34.5884	20	20	269.57	0	0	0
5105	C	C	285.375	34.5884	20	20	0	285.375	0	0
5106	A	A	252.755	34.5884	20	20	252.755	0	0	0
5107	A	A	256.875	34.6774	21	21	256.875	0	0	0
5108	C	C	285.967	37	20	20	0	285.967	0	0
5109	T	T	253.732	37	18	18	0	0	0	253.732
5110	C	C	226.06	37	17	16	0	226.06	0	0
5111	T	T	225.105	37	16	16	0	0	0	225.105
5112	C	C	214.076	37	15	15	0	214.076	0	0
5113	A	A	170.852	37	14	14	170.852	0	3.57787e-17	0
5114	T	T	184.897	37	13	13	5.42101e-19	5.42101e-19	5.42101e-19	184.897
5115	A	A	155.212	37	12	12	155.212	1.35525e-17	1.28098e-15	1.35525e-17
5116	G	G	155.716	37	11	11	3.88144e-16	3.88144e-16	155.716	3.88144e-16
5117	C	C	154.735	37	11	11	4.86807e-16	154.735	4.86807e-16	4.86807e-16
5118	C	C	154.857	37	11	11	4.73254e-16	154.857	4.73254e-16	4.73254e-16
5119	A	A	155.717	37	11	11	155.717	3.88144e-16	3.88144e-16	3.88144e-16
5120	T	T	151.832	37	11	11	3.88144e-16	2.07218e-15	3.88144e-16	151.832
5121	G	G	168.726	37	12	12	1.95156e-17	1.95156e-17	168.726	1.95156e-17
5122	C	C	169.248	37	12	12	1.73472e-17	169.248	1.73472e-17	1.73472e-17
5123	G	G	167.015	37	12	12	2.87314e-17	2.87314e-17	167.015	2.87314e-17
5124	A	A	139.884	37	12	12	139.884	1.35525e-17	4.45808e-14	1.35525e-17
5125	C	C	140.51	37	10	10	1.2873e-14	140.51	1.28722e-14	1.28727e-14
5126	C	C	141.127	37	10	10	1.11678e-14	141.127	1.11673e-14	1.11676e-14
5127	A	A	125.892	37	10	10	125.892	1.11678e-14	1.09601e-12	1.11673e-14
5128	G	G	141.098	37	10	10	1.12367e-14	1.12275e-14	141.098	1.12608e-14
5129	G	G	123.249	37	10	9	1.92178e-12	6.67901e-14	123.249	6.67934e-14
5130	G	G	115.665	37	10	9	1.10179e-11	3.82917e-13	115.665	3.82934e-13
5131	C	C	139.604	37	10	10	1.58603e-14	139.604	1.58597e-14	1.58603e-14
5132	T	T	131.894	37	10	10	1.11673e-14	2.5846e-13	1.11678e-14	131.894
5133	A	A	128.351	37	10	10	128.351	1.11678e-14	6.1255e-13	1.11673e-14
5134	T	T	126.537	37	9	9	3.21315e-13	3.2132e-13	3.21332e-13	126.537
5135	A	A	121.659	37	9	9	121.659	3.21331e-13	2.32106e-12	3.21315e-13
5136	T	T	126.537	37	9	9	3.21316e-13	3.21321e-13	3.21333e-13	126.537
5137	T	T	111.947	37	8	8	9.24516e-12	9.24532e-12	9.24559e-12	111.947
5138	A	A	122.423	37	9	9	122.423	3.21331e-13	1.84317e-12	3.21315e-13
5139	T	T	121.852	37	9	9	3.21316e-13	2.19277e-12	3.21333e-13	121.852
5140	G	G	126.314	37	10	9	9.48746e-13	3.29733e-14	126.314	3.29744e-14
5141	G	G	126.537	37	9	9	3.2132e-13	3.21313e-13	126.537	3.21327e-13
5142	C	C	125.046	37	9	9	4.52948e-13	125.046	4.52924e-13	4.52937e-13
5143	C	C	138.72	37	10	10	1.9437e-14	138.72	1.9436e-14	1.94365e-14
5144	A	A	130.726	37	10	10	130.726	1.11678e-14	3.45103e-13	1.11673e-14
5145	T	T	136.778	37	10	10	1.11673e-14	6.88555e-14	1.11678e-14	136.778
5146	T	T	142.685	37	11	11	3.88144e-16	2.26268e-14	3.88144e-16	142.685
5147	G	G	153.09	37	11	11	7.10695e-16	7.10695e-16	153.09	7.10695e-16
5148	C	C	124.327	37	10	9	5.21154e-14	124.327	5.21133e-14	1.49948e-12
5149	T	T	122.394	37	9	9	3.21315e-13	1.85994e-12	3.21331e-13	122.394
5150	C	C	109.111	37	9	8	1.7318e-12	109.111	1.73174e-12	4.98279e-11
5151	A	A	122.423	37	9	9	122.423	3.21332e-13	1.84317e-12	3.21315e-13
5152	G	G	108.053	37	9	8	6.35806e-11	2.2097e-12	108.053	2.20979e-12
5153	A	A	113.644	37	9	9	113.644	3.21332e-13	1.81246e-11	3.21315e-13
5154	A	A	107.599	37	8	8	107.599	9.24565e-12	5.70039e-11	9.2452e-12
5155	A	A	107.262	37	8	8	107.262	9.24559e-12	6.3092e-11	9.24516e-12
5156	T	T	111.947	37	8	8	9.24516e-12	9.2453e-12	9.24559e-12	111.947
5157	T	T	105.901	37	8	8	9.24516e-12	9.31129e-11	9.24558e-12	105.901
5158	T	T	107.262	37	8	8	9.24531e-12	6.3092e-11	9.24584e-12	107.262
5159	G	G	111.947	37	8	8	9.24538e-12	9.24516e-12	111.947	9.24557e-12
5160	T	T	107.804	37	8	8	9.24516e-12	5.35157e-11	9.24558e-12	107.804
5161	G	G	141.127	37	10	10	1.11676e-14	1.11673e-14	141.127	1.11678e-14
5162	G	G	155.717	37	11	11	3.88144e-16	3.88144e-16	155.717	3.88144e-16
5163	C	C	153.172	37	11	11	6.97142e-16	153.172	6.97142e-16	6.97142e-16
5164	T	T	151.506	37	14	14	0	3.07046e-15	0	151.506
5165	C	C	179.308	37	14	13	0	179.308	0	4.33681e-18
5166	C	C	180.084	37	14	13	0	180.084	0	4.33681e-18
5167	A	A	179.794	37	14	14	179.794	0	4.33681e-18	0
5168	A	A	176.737	37	14	14	176.737	0	9.21572e-18	0
5169	T	T	170.306	37	12	12	1.35525e-17	1.35525e-17	1.35525e-17	170.306
5170	C	C	170.307	37	12	12	1.35525e-17	170.307	1.35525e-17	1.35525e-17
5171	A	A	151.368	37	11	11	151.368	3.88415e-16	2.39311e-15	3.88144e-16
5172	C	C	155.716	37	11	11	3.88144e-16	155.716	3.88144e-16	3.88144e-16
5173	A	A	136.327	37	11	11	136.327	3.88144e-16	1.00396e-13	3.88144e-16
5174	G	G	123.291	37	10	9	1.90343e-12	6.61526e-14	123.291	6.61548e-14
5175	T	T	141.127	37	10	10	1.11673e-14	1.11676e-14	1.11678e-14	141.127
5176	T	T	141.127	37	10	10	1.11673e-14	1.11676e-14	1.11678e-14	141.127
5177	T	T	141.127	37	10	10	1.11673e-14	1.11676e-14	1.11678e-14	141.127
5178	T	T	120.491	37	9	9	3.21315e-13	3.23614e-12	3.21331e-13	120.491
5179	A	A	137.012	37	10	10	137.012	1.11697e-14	6.40674e-14	1.11684e-14
5180	T	T	134.093	37	11	11	3.88144e-16	1.68452e-13	3.88144e-16	134.093
5181	A	A	164.38	37	12	12	164.38	1.35525e-17	1.31188e-16	1.35525e-17
5182	C	C	116.19	37	11	9	1.25822e-14	116.19	1.25811e-14	1.04161e-11
5183	C	C	137.044	37	11	10	2.78748e-15	137.044	2.78748e-15	8.01984e-14
5184	T	T	145.739	37	11	11	3.88144e-16	1.08081e-14	3.88144e-16	145.739
5185	A	A	151.031	37	11	11	151.031	3.88144e-16	2.64871e-15	3.88144e-16
5186	T	T	155.717	37	11	11	3.88144e-16	3.88144e-16	3.88144e-16	155.717
5187	T	T	141.127	37	10	10	1.11673e-14	1.11676e-14	1.11678e-14	141.127
5188	G	G	141.127	37	10	10	1.11676e-14	1.11673e-14	141.127	1.11678e-14
5189	T	T	141.127	37	10	10	1.11673e-14	1.11676e-14	1.11678e-14	141.127
5190	C	C	141.127	37	10	10	1.11678e-14	141.127	1.11673e-14	1.11676e-14
5191	C	C	141.127	37	10	10	1.11678e-14	141.127	1.11673e-14	1.11676e-14
5192	T	T	149.79	37	11	11	3.88144e-16	3.78224e-15	3.88144e-16	149.79
5193	C	C	154.658	37	11	11	4.9548e-16	154.658	4.9548e-16	4.9548e-16
5194	G	G	153.95	37	11	11	5.81132e-16	5.77338e-16	153.95	5.90348e-16
5195	A	A	151.591	37	12	12	151.591	1.35525e-17	2.98427e-15	1.35525e-17
5196	G	G	153.645	37	12	11	1.75424e-15	6.07153e-17	153.645	6.07153e-17
5197	C	C	154.936	37	11	11	4.64581e-16	154.936	4.64581e-16	4.64581e-16
5198	T	T	142.802	37	11	11	3.88144e-16	2.20031e-14	3.88144e-16	142.802
5199	A	A	142.656	37	11	11	142.656	3.9221e-16	2.27804e-14	3.90584e-16
5200	G	G	124.327	37	10	9	1.49948e-12	5.21133e-14	124.327	5.21154e-14
5201	T	T	136.984	37	10	10	1.11673e-14	6.46423e-14	1.11678e-14	136.984
5202	C	C	123.701	37	10	9	6.01895e-14	123.701	6.01862e-14	1.73178e-12
5203	C	C	126.314	37	10	9	3.29749e-14	126.314	3.29733e-14	9.48756e-13
5204	C	C	140.069	37	10	10	1.42502e-14	140.069	1.42491e-14	1.42497e-14
5205	T	T	137.013	37	10	10	1.11678e-14	6.40644e-14	1.11692e-14	137.013
5206	C	C	125.775	37	9	9	3.82935e-13	125.775	3.82916e-13	3.82926e-13
5207	T	T	114.417	37	9	9	3.21315e-13	1.50636e-11	3.21332e-13	114.417
5208	A	A	141.127	37	10	10	141.127	1.11678e-14	1.11676e-14	1.11673e-14
5209	T	T	129.52	37	10	10	1.11673e-14	4.62737e-13	1.11681e-14	129.52
5210	C	C	139.361	37	11	10	1.63498e-15	139.361	1.63498e-15	4.70424e-14
5211	C	C	153.28	37	11	11	6.80337e-16	153.28	6.80337e-16	6.80337e-16
5212	T	T	145.776	37	11	11	3.88144e-16	1.07108e-14	3.88144e-16	145.776
5213	A	A	166.746	37	12	12	166.746	1.35525e-17	6.50521e-17	1.35525e-17
5214	T	T	159.425	37	12	12	1.30104e-17	4.68375e-16	1.30104e-17	159.425
5215	T	T	166.193	37	12	12	1.35525e-17	7.75205e-17	1.35525e-17	166.193
5216	T	T	171.982	37	13	13	5.42101e-19	2.6563e-17	5.42101e-19	171.982
5217	T	T	179.18	37	14	14	0	5.42101e-18	0	179.18
5218	G	G	183.838	37	13	13	5.42101e-19	5.42101e-19	183.838	5.42101e-19
5219	A	A	178.969	37	13	13	178.969	5.42101e-19	4.33681e-18	5.42101e-19
5220	A	A	170.307	37	12	12	170.307	1.35525e-17	1.35525e-17	1.35525e-17
5221	G	G	169.597	37	12	12	1.6263e-17	1.6263e-17	169.597	1.57209e-17
5222	A	A	166.163	37	12	12	166.163	1.35525e-17	7.80626e-17	1.35525e-17
5223	A	A	165.958	37	12	12	165.958	1.35525e-17	8.29415e-17	1.35525e-17
5224	T	T	178.85	37	13	13	0	4.33681e-18	0	178.85
5225	G	G	182.542	37	13	13	1.0842e-18	1.0842e-18	182.542	5.42101e-19
5226	A	A	180.753	33.6913	13	13	180.753	5.42101e-19	2.71051e-18	5.42101e-19
5227	T	T	173.487	33.6913	13	13	5.42101e-19	1.84314e-17	5.42101e-19	173.487
5228	A	A	173.487	33.6913	13	13	173.487	5.42101e-19	1.84314e-17	5.42101e-19
5229	C	C	167.822	33.6913	13	12	2.1684e-18	167.822	2.1684e-18	6.72205e-17
5230	G	G	153.947	33.5025	12	11	1.63715e-15	5.74627e-17	153.947	5.63785e-17
5231	C	C	170.307	33.5025	12	12	1.35525e-17	170.307	1.35525e-17	1.35525e-17
5232	T	T	155.717	33.2895	11	11	3.88144e-16	3.88144e-16	3.88144e-16	155.717
5233	T	T	155.716	33.2895	11	11	3.88144e-16	3.88144e-16	3.88144e-16	155.716
5234	C	C	155.717	33.2895	11	11	3.88144e-16	155.717	3.88144e-16	3.88144e-16
5235	A	A	143.624	33.2895	11	11	143.624	3.88144e-16	1.8075e-14	3.88144e-16
5236	A	A	140.342	33.2895	11	11	140.342	3.88144e-16	3.93687e-14	3.88144e-16
5237	T	T	126.537	32.7677	9	9	3.21345e-13	3.21361e-13	3.21384e-13	126.537
5238	A	A	126.537	32.7677	9	9	126.537	3.21331e-13	3.2132e-13	3.21315e-13
5239	C	C	139.482	33.0469	10	10	1.63102e-14	139.482	1.63091e-14	1.63097e-14
5240	T	T	136.442	33.0469	10	10	1.11673e-14	7.62094e-14	1.11678e-14	136.442
5241	A	A	138.3	33.2895	11	11	138.3	3.88144e-16	6.34554e-14	3.88144e-16
5242	T	T	144.072	33.2895	11	11	3.88144e-16	1.62286e-14	3.88144e-16	144.072
5243	A	A	127.171	33.2895	11	11	127.171	3.88144e-16	8.32276e-13	3.88144e-16
5244	G	G	122.362	33.0469	10	9	2.35718e-12	8.19212e-14	122.362	8.19256e-14
5245	T	T	137.566	33.0469	10	10	1.11673e-14	5.37249e-14	1.11678e-14	137.566
5246	A	A	98.9156	32.4422	8	8	98.9156	9.24562e-12	5.38981e-10	9.24518e-12
5247	T	T	111.162	32.7677	9	9	3.21315e-13	3.25924e-11	3.21331e-13	111.162
5248	C	C	137.518	33.0469	10	10	2.56392e-14	137.518	2.56376e-14	2.56381e-14
5249	A	A	128.095	33.0469	10	10	128.095	1.11678e-14	6.51041e-13	1.11673e-14
5250	T	T	108.116	32.7677	9	9	3.21315e-13	6.63805e-11	3.21331e-13	108.116
5251	T	T	109.082	32.7677	9	9	3.21315e-13	5.30109e-11	3.21331e-13	109.082
5252	G	G	124.111	32.7677	9	9	5.61745e-13	5.61728e-13	124.111	5.61758e-13
5253	A	A	107.07	32.4422	8	8	107.07	9.2456e-12	6.67841e-11	9.24516e-12
5254	G	G	97.1348	32.4422	8	7	7.85459e-10	2.7298e-11	97.1348	2.72991e-11
5255	A	A	97.3576	32.0567	7	7	97.3576	2.66021e-10	2.66015e-10	2.6601e-10
5256	A	A	97.3576	32.0567	7	7	97.3576	2.66021e-10	2.66015e-10	2.6601e-10
5257	G	G	97.3575	32.0567	7	7	2.66018e-10	2.66011e-10	97.3575	2.66023e-10
5258	C	C	97.3576	32.0567	7	7	2.66016e-10	97.3576	2.66009e-10	2.66011e-10
5259	T	T	97.3576	32.0567	7	7	2.6601e-10	2.66012e-10	2.6602e-10	97.3576
5260	A	A	93.2435	32.0567	7	7	93.2435	2.66021e-10	1.52593e-09	2.6601e-10
5261	A	A	86.4761	32.0567	7	7	86.4761	2.66021e-10	9.24432e-09	2.6601e-10
5262	C	C	97.3576	32.0567	7	7	2.66016e-10	97.3576	2.66009e-10	2.66011e-10
5263	A	A	78.6537	31.5907	6	6	78.6537	7.65416e-09	4.39052e-08	7.65389e-09
5264	T	T	82.7678	31.5907	6	6	7.65388e-09	7.65394e-09	7.65414e-09	82.7678
5265	A	A	91.4304	32.0567	7	7	91.4304	2.66021e-10	2.59224e-09	2.6601e-10
5266	G	G	64.8896	31.5907	6	5	1.31716e-06	4.57771e-08	64.8896	4.57782e-08
5267	C	C	81.9084	31.5907	6	6	9.3289e-09	81.9084	9.32866e-09	9.32875e-09
5268	G	G	80.2435	32.0567	7	6	3.83927e-08	1.33431e-09	80.2435	1.33436e-09
5269	T	T	91.1917	32.4422	8	8	9.24516e-12	3.28228e-09	9.24557e-12	91.1917
5270	T	T	100.041	32.4422	8	8	9.24516e-12	4.11767e-10	9.24557e-12	100.041
5271	A	A	86.4038	37	7	7	86.4038	2.66021e-10	9.40839e-09	2.6601e-10
5272	A	A	84.9913	37	7	7	84.9913	2.68941e-10	1.32245e-08	2.67658e-10
5273	C	C	122.479	37	10	9	7.97452e-14	122.479	7.97431e-14	2.29446e-12
5274	C	C	108.848	37	8	8	1.88736e-11	108.848	1.88729e-11	1.88732e-11
5275	T	T	98.344	37	9	9	3.21315e-13	6.35249e-10	3.21331e-13	98.344
5276	T	T	104.788	37	10	10	1.11673e-14	1.44168e-10	1.11681e-14	104.788
5277	T	T	108.804	37	10	10	1.11673e-14	5.71748e-11	1.11678e-14	108.804
5278	T	T	115.957	37	9	9	3.21316e-13	1.03749e-11	3.21333e-13	115.957
5279	A	A	126.537	37	9	9	126.537	3.21331e-13	3.2132e-13	3.21315e-13
5280	A	A	126.537	37	9	9	126.537	3.21331e-13	3.2132e-13	3.21315e-13
5281	G	G	126.537	37	9	9	3.21322e-13	3.21314e-13	126.537	3.21329e-13
5282	T	T	126.537	37	9	9	3.21315e-13	3.2132e-13	3.21332e-13	126.537
5283	T	T	126.537	37	9	9	3.21315e-13	3.2132e-13	3.21332e-13	126.537
5284	A	A	136.778	37	10	10	136.778	1.11678e-14	6.88552e-14	1.11673e-14
5285	A	A	136.442	37	10	10	136.442	1.11678e-14	7.62091e-14	1.11673e-14
5286	A	A	128.87	37	10	10	128.87	1.11678e-14	5.41082e-13	1.11673e-14
5287	G	G	125.776	37	9	9	3.82924e-13	3.82915e-13	125.776	3.82933e-13
5288	A	A	137.013	37	10	10	137.013	1.11678e-14	6.40593e-14	1.11673e-14
5289	C	C	139.846	37	11	10	1.46259e-15	139.846	1.46259e-15	4.20746e-14
5290	T	T	144.11	37	11	11	3.87873e-16	1.60822e-14	3.88144e-16	144.11
5291	G	G	155.717	37	11	11	3.88144e-16	3.88144e-16	155.717	3.88144e-16
5292	A	A	155.717	37	11	11	155.717	3.88144e-16	3.88144e-16	3.88144e-16
5293	G	G	155.717	37	11	11	3.88144e-16	3.88144e-16	155.717	3.88144e-16
5294	A	A	170.307	37	12	12	170.307	1.35525e-17	1.35525e-17	1.35525e-17
5295	A	A	184.896	37	13	13	184.896	5.42101e-19	5.42101e-19	5.42101e-19
5296	T	T	173.525	37	13	13	5.42101e-19	1.84314e-17	5.42101e-19	173.525
5297	G	G	183.91	37	13	13	5.42101e-19	5.42101e-19	183.91	5.42101e-19
5298	C	C	167.205	37	13	12	2.1684e-18	167.205	2.1684e-18	7.69784e-17
5299	A	A	173.586	37	13	13	173.586	5.42101e-19	1.78893e-17	5.42101e-19
5300	G	G	181.916	37	13	13	5.42101e-19	5.42101e-19	181.916	1.0842e-18
5301	A	A	152.353	37	12	12	152.353	1.35525e-17	2.49909e-15	1.35525e-17
5302	C	C	170.307	37	12	12	1.35525e-17	170.307	1.35525e-17	1.35525e-17
5303	T	T	170.307	37	12	12	1.35525e-17	1.35525e-17	1.35525e-17	170.307
5304	T	T	155.717	37	11	11	3.88144e-16	3.88144e-16	3.88144e-16	155.717
5305	C	C	141.127	37	10	10	1.11681e-14	141.127	1.11673e-14	1.11678e-14
5306	T	T	126.537	37	9	9	3.21315e-13	3.21322e-13	3.21332e-13	126.537
5307	C	C	126.14	37	9	9	3.60074e-13	126.14	3.42622e-13	3.53476e-13
5308	C	C	126.537	37	9	9	3.21334e-13	126.537	3.21316e-13	3.21327e-13
5309	T	T	126.537	37	9	9	3.21315e-13	3.21322e-13	3.21332e-13	126.537
5310	T	T	111.947	37	8	8	9.24516e-12	9.24536e-12	9.2456e-12	111.947
5311	A	A	107.599	37	8	8	107.599	9.24557e-12	5.70034e-11	9.24516e-12
5312	A	A	107.262	37	8	8	107.262	9.24557e-12	6.30916e-11	9.24516e-12
5313	T	T	111.947	37	8	8	9.24516e-12	9.24536e-12	9.2456e-12	111.947
5314	G	G	96.5671	37	7	7	3.1912e-10	3.19117e-10	96.5671	3.19126e-10
5315	A	A	93.0089	37	7	7	93.0089	2.66021e-10	1.64016e-09	2.66011e-10
5316	A	A	107.262	37	8	8	107.262	9.24557e-12	6.30916e-11	9.24516e-12
5317	G	G	111.868	37	9	8	2.64127e-11	9.17961e-13	111.868	9.17989e-13
5318	A	A	111.947	37	8	8	111.947	9.24557e-12	9.24526e-12	9.24516e-12
5319	T	T	101.071	37	8	8	9.24516e-12	3.20865e-10	9.2456e-12	101.071
5320	G	G	111.947	37	8	8	9.24525e-12	9.24512e-12	111.947	9.24545e-12
5321	C	C	111.238	37	8	8	1.08873e-11	111.238	1.08868e-11	1.08871e-11
5322	C	C	111.947	37	8	8	9.24562e-12	111.947	9.24517e-12	9.24542e-12
5323	A	A	107.804	37	8	8	107.804	9.24699e-12	5.35209e-11	9.24598e-12
5324	C	C	124.892	37	9	9	4.69288e-13	124.892	4.69263e-13	4.69276e-13
5325	A	A	115.461	37	9	9	115.461	3.21354e-13	1.17069e-11	3.21328e-13
5326	A	A	113.505	37	9	9	113.505	3.2139e-13	1.87345e-11	3.21349e-13
5327	C	C	111.157	37	8	8	1.10915e-11	111.157	1.1091e-11	1.10912e-11
5328	T	T	108.062	37	8	8	9.24516e-12	4.93578e-11	9.24559e-12	108.062
5329	A	A	105.901	37	8	8	105.901	9.24558e-12	9.31129e-11	9.24516e-12
5330	G	G	97.3576	37	7	7	2.66014e-10	2.6601e-10	97.3576	2.66019e-10
5331	A	A	97.3576	37	7	7	97.3576	2.66021e-10	2.66013e-10	2.6601e-10
5332	T	T	105.901	37	8	8	9.24516e-12	9.31131e-11	9.24559e-12	105.901
5333	A	A	122.394	37	9	9	122.394	3.21332e-13	1.85994e-12	3.21316e-13
5334	C	C	124.395	37	10	9	5.13066e-14	124.395	5.12936e-14	1.47608e-12
5335	A	A	136.442	37	10	10	136.442	1.11678e-14	7.62091e-14	1.11673e-14
5336	T	T	123.483	37	10	10	1.11673e-14	1.92502e-12	1.11678e-14	123.483
5337	C	C	125.158	37	9	9	4.41395e-13	125.158	4.41374e-13	4.41385e-13
5338	A	A	126.537	37	9	9	126.537	3.21331e-13	3.2132e-13	3.21315e-13
5339	A	A	126.537	37	9	9	126.537	3.21331e-13	3.2132e-13	3.21315e-13
5340	C	C	114.782	37	10	9	4.6928e-13	114.782	4.69262e-13	1.35022e-11
5341	A	A	130.51	37	10	10	130.51	1.11678e-14	3.63859e-13	1.11673e-14
5342	T	T	136.778	37	10	10	1.11673e-14	6.88555e-14	1.11681e-14	136.778
5343	G	G	123.709	37	10	9	1.7287e-12	6.008e-14	123.709	6.00821e-14
5344	A	A	118.689	37	10	10	118.689	1.11678e-14	5.85125e-12	1.11673e-14
5345	T	T	120.491	37	9	9	3.21315e-13	3.23614e-12	3.21331e-13	120.491
5346	C	C	125.555	37	9	9	4.0288e-13	125.555	4.02861e-13	4.0287e-13
5347	T	T	127.969	37	10	10	1.11673e-14	6.70976e-13	1.11678e-14	127.969
5348	A	A	135.081	37	10	10	135.081	1.11678e-14	1.12472e-13	1.11673e-14
5349	T	T	116.173	37	9	9	3.21315e-13	9.84009e-12	3.21331e-13	116.173
5350	T	T	128.351	37	10	10	1.11676e-14	6.12564e-13	1.11684e-14	128.351
5351	A	A	141.127	37	10	10	141.127	1.11678e-14	1.11676e-14	1.11673e-14
5352	C	C	140.346	37	10	10	1.33682e-14	140.346	1.33677e-14	1.33682e-14
5353	A	A	130.51	37	10	10	130.51	1.11678e-14	3.63859e-13	1.11673e-14
5354	A	A	130.173	37	10	10	130.173	1.11678e-14	3.94972e-13	1.11673e-14
5355	T	T	141.127	37	10	10	1.11673e-14	1.11676e-14	1.11678e-14	141.127
5356	T	T	149.79	37	11	11	3.88144e-16	3.78224e-15	3.88144e-16	149.79
5357	C	C	125.479	37	9	9	4.10016e-13	125.479	4.09996e-13	4.10007e-13
5358	G	G	126.537	37	9	9	3.21321e-13	3.21314e-13	126.537	3.21329e-13
5359	A	A	126.537	37	9	9	126.537	3.21331e-13	3.2132e-13	3.21315e-13
5360	T	T	122.976	37	9	9	3.21315e-13	1.54582e-12	3.21332e-13	122.976
5361	C	C	139.554	37	10	10	1.6044e-14	139.554	1.60429e-14	1.60435e-14
5362	C	C	140.069	37	10	10	1.42502e-14	140.069	1.42491e-14	1.42497e-14
5363	A	A	141.127	37	10	10	141.127	1.11678e-14	1.11676e-14	1.11673e-14
5364	T	T	137.073	37	10	10	1.11684e-14	6.28675e-14	1.11697e-14	137.073
5365	A	A	141.127	37	10	10	141.127	1.11678e-14	1.11676e-14	1.11673e-14
5366	G	G	141.127	37	10	10	1.11676e-14	1.11673e-14	141.127	1.11678e-14
5367	T	T	141.127	37	10	10	1.11673e-14	1.11676e-14	1.11678e-14	141.127
5368	T	T	141.127	37	10	10	1.11673e-14	1.11676e-14	1.11678e-14	141.127
5369	C	C	141.127	37	10	10	1.11678e-14	141.127	1.11673e-14	1.11676e-14
5370	T	T	149.671	37	11	11	3.87873e-16	3.90882e-15	3.88144e-16	149.671
5371	G	G	153.353	37	11	11	6.68953e-16	6.68953e-16	153.353	6.68953e-16
5372	A	A	145.058	37	11	11	145.058	3.88144e-16	1.27757e-14	3.88144e-16
5373	C	C	153.868	37	11	11	5.94143e-16	153.868	5.94143e-16	5.94143e-16
5374	A	A	150.099	37	12	12	150.099	2.27682e-17	4.20345e-15	1.89735e-17
5375	C	C	137.462	37	11	10	2.53161e-15	137.462	2.53161e-15	7.2841e-14
5376	T	T	145.776	37	11	11	3.88144e-16	1.07108e-14	3.88144e-16	145.776
5377	A	A	150.839	37	11	11	150.839	3.88144e-16	2.80375e-15	3.88144e-16
5378	T	T	144.835	37	11	11	3.88144e-16	1.34877e-14	3.88144e-16	144.835
5379	T	T	137.013	37	10	10	1.11678e-14	6.40633e-14	1.11689e-14	137.013
5380	G	G	141.127	37	10	10	1.11673e-14	1.1167e-14	141.127	1.11678e-14
5381	A	A	141.127	37	10	10	141.127	1.11678e-14	1.11676e-14	1.11673e-14
5382	T	T	149.671	37	11	11	3.87873e-16	3.90882e-15	3.88144e-16	149.671
5383	A	A	166.253	37	12	12	166.253	1.35525e-17	7.58942e-17	1.35525e-17
5384	G	G	169.526	37	12	12	1.6263e-17	1.6263e-17	169.526	1.6263e-17
5385	C	C	168.656	37	12	12	1.95156e-17	168.656	1.95156e-17	1.95156e-17
5386	A	A	157.752	37	12	12	157.752	1.35525e-17	7.02021e-16	1.35525e-17
5387	C	C	138.291	37	11	10	2.09143e-15	138.291	2.09143e-15	6.01884e-14
5388	T	T	155.717	37	11	11	3.88144e-16	3.88144e-16	3.88144e-16	155.717
5389	T	T	155.717	37	11	11	3.88144e-16	3.88144e-16	3.88144e-16	155.717
5390	C	C	168.733	37	12	12	1.95156e-17	168.733	1.95156e-17	1.95156e-17
5391	A	A	158.636	37	12	12	158.636	1.35525e-17	5.6758e-16	1.35525e-17
5392	A	A	156.582	37	12	12	156.582	1.35525e-17	9.26993e-16	1.35525e-17
5393	T	T	144.841	37	11	11	3.88144e-16	1.34701e-14	3.88144e-16	144.841
5394	T	T	135.978	37	11	11	3.88144e-16	1.08859e-13	3.88144e-16	135.978
5395	A	A	155.717	37	11	11	155.717	3.88144e-16	3.88144e-16	3.88144e-16
5396	A	A	170.307	37	12	12	170.307	1.35525e-17	1.35525e-17	1.35525e-17
5397	A	A	170.307	37	12	12	170.307	1.35525e-17	1.35525e-17	1.35525e-17
5398	A	A	166.422	37	12	12	166.422	1.35525e-17	7.20994e-17	1.35525e-17
5399	G	G	152.09	37	12	11	2.50993e-15	8.67362e-17	152.09	8.67362e-17
5400	T	T	172.639	37	13	13	5.42101e-19	2.27682e-17	5.42101e-19	172.639
5401	C	C	183.914	37	13	13	5.42101e-19	183.914	5.42101e-19	5.42101e-19
5402	T	T	186.328	37	14	14	0	1.0842e-18	0	186.328
5403	C	C	183.048	37	13	13	5.42101e-19	183.048	5.42101e-19	5.42101e-19
5404	A	A	164.38	37	12	12	164.38	1.35525e-17	1.31188e-16	1.35525e-17
5405	A	A	155.717	37	11	11	155.717	3.88144e-16	3.88144e-16	3.88144e-16
5406	A	A	155.717	37	11	11	155.717	3.88144e-16	3.88144e-16	3.88144e-16
5407	A	A	152.156	37	11	11	152.156	3.88144e-16	1.86727e-15	3.88144e-16
5408	T	T	155.717	37	11	11	3.88144e-16	3.88144e-16	3.88144e-16	155.717
5409	A	A	145.137	37	11	11	145.137	3.88144e-16	1.2532e-14	3.88144e-16
5410	C	C	168.662	37	12	12	1.95156e-17	168.662	1.95156e-17	1.95156e-17
5411	A	A	171.071	37	13	13	171.071	5.42101e-19	3.30682e-17	5.42101e-19
5412	A	A	178.969	37	13	13	178.969	5.42101e-19	4.33681e-18	5.42101e-19
5413	A	A	170.307	37	12	12	170.307	1.35525e-17	1.35525e-17	1.35525e-17
5414	T	T	152.233	37	12	12	1.35525e-17	2.5701e-15	1.35525e-17	152.233
5415	A	A	166.163	37	12	12	166.163	1.35525e-17	7.80626e-17	1.35525e-17
5416	C	C	169.517	37	13	12	1.0842e-18	169.517	1.0842e-18	4.55365e-17
5417	C	C	183.914	37	13	13	5.42101e-19	183.914	5.42101e-19	5.42101e-19
5418	C	C	184.037	37	13	13	5.42101e-19	184.037	5.42101e-19	5.42101e-19
5419	T	T	166.163	37	12	12	1.35525e-17	7.80626e-17	1.35525e-17	166.163
5420	G	G	155.637	37	12	11	1.10914e-15	3.90313e-17	155.637	3.84892e-17
5421	A	A	139.5	37	11	11	139.5	3.88144e-16	4.79564e-14	3.88144e-16
5422	G	G	153.403	37	11	11	6.61363e-16	6.61363e-16	153.403	6.61363e-16
5423	A	A	151.963	37	12	12	151.963	1.35525e-17	2.73653e-15	1.35525e-17
5424	T	T	165.429	37	12	12	1.35525e-17	9.75782e-17	1.35525e-17	165.429
5425	C	C	182.542	37	13	13	5.42101e-19	182.542	5.42101e-19	5.42101e-19
5426	C	C	139.307	37	10	10	1.69819e-14	139.307	1.69813e-14	1.69813e-14
5427	C	C	122.468	37	10	9	7.99534e-14	122.468	7.99502e-14	2.30044e-12
5428	C	C	123.931	37	10	9	5.70854e-14	123.931	5.70843e-14	1.64249e-12
5429	G	G	122.994	37	10	9	2.03805e-12	7.08298e-14	122.994	7.08342e-14
5430	A	A	142.413	37	11	11	142.413	4.05221e-16	2.41108e-14	3.97631e-16
5431	G	G	140.145	37	10	10	1.40019e-14	1.40014e-14	140.145	1.40025e-14
5432	C	C	166.229	37	12	12	3.46945e-17	166.229	3.46945e-17	3.46945e-17
5433	C	C	150.776	37	12	11	1.18178e-16	150.776	1.18178e-16	3.39572e-15
5434	A	A	170.307	37	12	12	170.307	1.35525e-17	1.35525e-17	1.35525e-17
5435	A	A	184.897	37	13	13	184.897	5.42101e-19	5.42101e-19	5.42101e-19
5436	A	A	184.896	37	13	13	184.896	5.42101e-19	5.42101e-19	5.42101e-19
5437	A	A	199.486	37	14	14	199.486	0	0	0
5438	T	T	188.077	37	14	14	0	5.42101e-19	0	188.077
5439	C	C	190.5	37	16	14	0	190.5	0	0
5440	T	T	208.853	37	16	16	0	0	0	208.853
5441	C	C	209.6	37	16	15	0	209.6	0	0
5442	T	T	218.049	37	16	16	0	0	0	218.049
5443	C	C	227.324	37	16	16	0	227.324	0	0
5444	T	T	237.329	37	17	17	0	0	0	237.329
5445	C	C	255.142	37	18	18	0	255.142	0	0
5446	A	A	254.285	37	18	18	254.285	0	0	0
5447	T	T	246.97	37	18	18	0	0	0	246.97
5448	C	C	256.438	37	18	18	0	256.438	0	0
5449	A	A	275.496	37	20	20	275.496	0	0	0
5450	T	T	274.932	37	20	20	0	0	0	274.932
5451	C	C	270.717	37	19	19	0	270.717	0	0
5452	A	A	274.17	37	20	20	274.17	0	0	0
5453	A	A	282.148	37	20	20	282.148	0	0	0
5454	A	A	275.573	37	21	21	275.573	0	0	0
5455	A	A	262.331	37	20	20	262.331	0	0	0
5456	A	A	261.212	37	20	20	261.212	0	0	0
5457	A	A	251.42	37	20	20	251.42	0	0	0
5458	G	G	266.528	37	20	19	0	0	266.528	0
5459	C	C	256.201	37	18	18	0	256.201	0	0
5460	T	T	238.57	37	17	17	0	0	0	238.57
5461	T	T	238.907	37	17	17	0	0	0	238.907
5462	G	G	212.871	37	16	15	0	0	212.871	0
5463	T	T	210.191	37	15	15	0	0	0	210.191
5464	A	A	199.486	37	14	14	199.486	0	0	0
5465	C	C	199.486	37	14	14	0	199.486	0	0
5466	C	C	212.503	37	15	15	0	212.503	0	0
5467	T	T	209.198	37	15	15	0	0	0	209.198
5468	G	G	194.03	37	15	14	0	0	194.03	0
5469	G	G	208.751	37	15	15	0	0	208.751	0
5470	A	A	177.598	37	15	15	177.598	0	7.58942e-18	0
5471	G	G	194.076	37	15	14	0	0	194.076	0
5472	A	A	155.072	37	12	12	155.072	1.35525e-17	1.32381e-15	1.35525e-17
5473	A	A	137.566	37	10	10	137.566	1.11678e-14	5.37249e-14	1.11673e-14
5474	G	G	140.365	37	10	10	1.33086e-14	1.3308e-14	140.365	1.33091e-14
5475	A	A	137.013	37	10	10	137.013	1.11678e-14	6.40595e-14	1.11673e-14
5476	A	A	136.249	37	10	10	136.249	1.11678e-14	8.06687e-14	1.11673e-14
5477	A	A	128.572	37	10	10	128.572	1.11678e-14	5.80978e-13	1.11673e-14
5478	A	A	116.559	37	9	9	116.559	3.21332e-13	8.94785e-12	3.21315e-13
5479	A	A	115.661	37	9	9	115.661	3.21332e-13	1.11516e-11	3.21315e-13
5480	T	T	126.537	37	9	9	3.21315e-13	3.2132e-13	3.21332e-13	126.537
5481	G	G	106.147	37	10	8	1.05208e-10	1.27079e-13	106.147	1.27084e-13
5482	A	A	120.61	37	9	9	120.61	3.21332e-13	3.13118e-12	3.21315e-13
5483	A	A	111.947	37	8	8	111.947	9.24559e-12	9.2453e-12	9.24516e-12
5484	C	C	111.186	37	8	8	1.10181e-11	111.186	1.10176e-11	1.10178e-11
5485	G	G	126.537	37	9	9	3.21323e-13	3.21314e-13	126.537	3.2133e-13
5486	A	A	126.537	37	9	9	126.537	3.21332e-13	3.21321e-13	3.21315e-13
5487	A	A	126.537	37	9	9	126.537	3.21332e-13	3.21321e-13	3.21315e-13
5488	A	A	122.976	37	9	9	122.976	3.21332e-13	1.54582e-12	3.21315e-13
5489	A	A	122.484	37	9	9	122.484	3.21332e-13	1.80865e-12	3.21315e-13
5490	T	T	126.537	37	9	9	3.21315e-13	3.2132e-13	3.21332e-13	126.537
5491	T	T	126.537	37	9	9	3.21315e-13	3.2132e-13	3.21332e-13	126.537
5492	T	T	103.205	37	9	8	1.01697e-11	1.88552e-10	8.89394e-12	103.205
5493	A	A	114.63	37	9	9	114.63	3.21332e-13	1.4311e-11	3.21315e-13
5494	T	T	121.852	37	9	9	3.21315e-13	2.19276e-12	3.21331e-13	121.852
5495	G	G	124.892	37	9	9	4.69273e-13	4.69261e-13	124.892	4.69284e-13
5496	T	T	100.538	37	8	8	9.24516e-12	3.65203e-10	9.24558e-12	100.538
5497	A	A	102.083	37	8	8	102.083	9.24559e-12	2.50356e-10	9.24516e-12
5498	C	C	137.047	37	10	10	2.85752e-14	137.047	2.85736e-14	2.85741e-14
5499	C	C	138.453	37	10	10	2.0673e-14	138.453	2.06719e-14	2.06725e-14
5500	G	G	137.785	37	10	10	2.41067e-14	2.41062e-14	137.785	2.41072e-14
5501	C	C	108.672	37	9	8	1.91612e-12	108.672	1.91605e-12	5.51311e-11
5502	T	T	111.571	37	10	10	1.11673e-14	3.02248e-11	1.11678e-14	111.571
5503	T	T	128.56	37	10	10	1.11673e-14	5.82712e-13	1.11678e-14	128.56
5504	T	T	130.469	37	10	10	1.11676e-14	3.67463e-13	1.11686e-14	130.469
5505	T	T	116.034	37	9	9	3.21315e-13	1.01806e-11	3.21331e-13	116.034
5506	A	A	126.537	37	9	9	126.537	3.21332e-13	3.21321e-13	3.21315e-13
5507	T	T	126.537	37	9	9	3.21315e-13	3.2132e-13	3.21332e-13	126.537
5508	C	C	139.554	37	10	10	1.6044e-14	139.554	1.60429e-14	1.60435e-14
5509	A	A	151.368	37	11	11	151.368	3.88144e-16	2.39311e-15	3.88144e-16
5510	C	C	153.954	37	11	11	5.82759e-16	153.954	5.82759e-16	5.82759e-16
5511	C	C	154.016	37	12	11	5.63785e-17	154.016	5.63785e-17	1.61004e-15
5512	G	G	170.306	37	12	12	1.35525e-17	1.35525e-17	170.306	1.35525e-17
5513	C	C	167.532	33.6913	13	12	2.1684e-18	167.532	2.1684e-18	7.15573e-17
5514	A	A	199.486	33.86	14	14	199.486	0	0	0
5515	A	A	228.665	34.1488	16	16	228.665	0	0	0
5516	C	C	167.884	34.1488	16	13	0	167.884	0	7.15573e-17
5517	G	G	242.639	34.2735	17	17	0	0	242.639	0
5518	A	A	239.203	34.2735	17	17	239.203	0	0	0
5519	T	T	226.286	34.2735	17	17	0	0	0	226.286
5520	A	A	238.378	34.2735	17	17	238.378	0	0	0
5521	G	G	242.416	34.3875	18	17	0	0	242.416	0
5522	T	T	248.546	34.4921	19	19	0	0	0	248.546
5523	G	G	286.244	34.5884	20	20	0	0	286.244	0
5524	G	G	285.967	34.5884	20	20	0	0	285.967	0
5525	G	G	284.742	34.5884	20	20	0	0	284.742	0
5526	A	A	268.292	34.4921	19	19	268.292	0	0	0
5527	A	A	268.087	34.4921	19	19	268.087	0	0	0
5528	T	T	272.435	34.4921	19	19	0	0	0	272.435
5529	T	T	272.435	34.4921	19	19	0	0	0	272.435
5530	C	C	257.846	34.3875	18	18	0	257.846	0	0
5531	C	C	257.846	34.3875	18	18	0	257.846	0	0
5532	T	T	257.846	34.3875	18	18	0	0	0	257.846
5533	A	A	272.435	34.4921	19	19	272.435	0	0	0
5534	A	A	272.435	34.4921	19	19	272.435	0	0	0
5535	T	T	268.321	34.4921	19	19	0	0	0	268.321
5536	G	G	271.726	34.4921	19	19	0	0	271.726	0
5537	T	T	268.875	34.4921	19	19	0	0	0	268.875
5538	A	A	261.776	34.4921	19	19	261.776	0	0	0
5539	C	C	272.213	34.5884	20	19	0	272.213	0	0
5540	C	C	232.368	34.5884	20	18	0	232.368	0	0
5541	T	T	268.321	34.4921	19	19	0	0	0	268.321
5542	T	T	268.382	34.4921	19	19	0	0	0	268.382
5543	T	T	254.284	34.3875	18	18	0	0	0	254.284
5544	A	A	227.508	34.3875	18	18	227.508	0	0	0
5545	C	C	243.256	34.2735	17	17	0	243.256	0	0
5546	T	T	214.076	34.0116	15	15	0	0	0	214.076
5547	T	T	207.993	34.0116	15	15	0	0	0	207.993
5548	A	A	202.704	34.0116	15	15	202.704	0	0	0
5549	T	T	209.727	34.0116	15	15	0	0	0	209.727
5550	C	C	198.696	33.86	14	14	0	198.696	0	0
5551	A	A	174.609	33.6913	13	13	174.609	5.42101e-19	1.40946e-17	5.42101e-19
5552	T	T	184.897	33.6913	13	13	5.42101e-19	5.42101e-19	5.42101e-19	184.897
5553	G	G	145.769	33.6913	13	11	1.14795e-14	1.30104e-17	145.769	1.30104e-17
5554	T	T	193.44	33.86	14	14	0	0	0	193.44
5555	T	T	180.211	33.6913	13	13	5.42101e-19	3.25261e-18	5.42101e-19	180.211
5556	T	T	171.738	33.6913	13	13	5.42101e-19	2.81893e-17	5.42101e-19	171.738
5557	C	C	138.814	33.2895	11	10	1.85507e-15	138.814	1.85507e-15	5.33633e-14
5558	C	C	154.226	33.2895	11	11	5.4698e-16	154.226	5.4698e-16	5.4698e-16
5559	G	G	136.283	33.2895	11	10	9.55583e-14	3.32091e-15	136.283	3.32091e-15
5560	A	A	120.318	33.0469	10	10	120.318	1.11678e-14	4.0141e-12	1.11673e-14
5561	G	G	123.908	33.0469	10	9	1.65124e-12	5.73879e-14	123.908	5.73901e-14
5562	C	C	140.145	33.0469	10	10	1.40019e-14	140.145	1.40014e-14	1.40019e-14
5563	A	A	113.505	37	9	9	113.505	3.21332e-13	1.87322e-11	3.21315e-13
5564	T	T	107.659	37	8	8	9.47395e-12	5.53307e-11	9.65092e-12	107.659
5565	T	T	108.062	37	8	8	9.24516e-12	4.93576e-11	9.24558e-12	108.062
5566	T	T	111.855	37	8	8	9.38933e-12	9.44286e-12	9.501e-12	111.855
5567	T	T	105.901	37	8	8	9.24516e-12	9.31127e-11	9.24557e-12	105.901
5568	A	A	102.006	37	8	8	102.006	9.2456e-12	2.55135e-10	9.24516e-12
5569	T	T	107.599	37	8	8	9.24516e-12	5.70035e-11	9.24557e-12	107.599
5570	T	T	107.804	37	8	8	9.24516e-12	5.35156e-11	9.24557e-12	107.804
5571	T	T	93.4726	37	7	7	2.6601e-10	1.42016e-09	2.66021e-10	93.4726
5572	C	C	97.3576	37	7	7	2.66018e-10	97.3576	2.66009e-10	2.66013e-10
5573	C	C	82.7678	37	6	6	7.65408e-09	82.7678	7.65386e-09	7.65396e-09
5574	T	T	82.7677	37	6	6	7.65388e-09	7.65395e-09	7.65414e-09	82.7677
5575	T	T	96.7124	37	8	8	9.24516e-12	9.0736e-10	9.24558e-12	96.7124
5576	C	C	107.797	37	9	8	2.34362e-12	107.797	2.34355e-12	6.74314e-11
5577	T	T	107.446	37	9	9	3.21315e-13	7.75532e-11	3.21331e-13	107.446
5578	C	C	87.2091	37	9	7	9.95107e-12	87.2091	9.95087e-12	8.23814e-09
5579	C	C	124.42	37	9	9	5.23226e-13	124.42	5.23204e-13	5.23214e-13
5580	C	C	111.238	37	8	8	1.08871e-11	111.238	1.08867e-11	1.08869e-11
5581	A	A	88.3431	37	8	8	88.3431	9.24563e-12	6.34179e-09	9.24518e-12
5582	G	G	95.7841	37	7	7	3.82165e-10	3.82157e-10	95.7841	3.82172e-10
5583	T	T	77.89	37	6	6	7.65388e-09	5.52887e-08	7.65415e-09	77.89
5584	C	C	61.3762	37	7	5	3.81203e-09	61.3762	3.81198e-09	3.15586e-06
5585	G	G	126.537	37	9	9	3.21321e-13	3.21314e-13	126.537	3.21329e-13
5586	A	A	141.127	37	10	10	141.127	1.11678e-14	1.11676e-14	1.11673e-14
5587	C	C	76.5717	37	11	7	1.39537e-13	76.5717	1.39535e-13	9.5635e-08
5588	T	T	121.964	37	11	11	3.88144e-16	2.76233e-12	3.88144e-16	121.964
5589	G	G	169.516	37	12	12	1.6263e-17	1.6263e-17	169.516	1.6263e-17
5590	A	A	165.958	37	12	12	165.958	1.35525e-17	8.29415e-17	1.35525e-17
5591	T	T	159.648	37	12	12	1.35525e-17	4.43981e-16	1.35525e-17	159.648
5592	C	C	169.516	37	12	12	1.6263e-17	169.516	1.6263e-17	1.6263e-17
5593	G	G	169.69	37	12	12	1.51788e-17	1.51788e-17	169.69	1.57209e-17
5594	C	C	169.169	37	13	12	2.1684e-18	169.169	2.1684e-18	4.87891e-17
5595	T	T	173.525	37	13	13	5.42101e-19	1.84314e-17	5.42101e-19	173.525
5596	A	A	180.019	37	13	13	180.019	5.42101e-19	3.25261e-18	5.42101e-19
5597	A	A	192.868	37	14	14	192.868	0	0	0
5598	T	T	178.731	37	14	14	0	5.96311e-18	0	178.731
5599	C	C	197.568	37	14	14	0	197.568	0	0
5600	G	G	199.486	37	14	14	0	0	199.486	0
5601	C	C	181.58	37	14	13	0	181.58	0	3.25261e-18
5602	T	T	195.926	37	14	14	0	0	0	195.926
5603	A	A	199.486	37	14	14	199.486	0	0	0
5604	A	A	228.666	37	16	16	228.666	0	0	0
5605	G	G	228.049	37	16	16	0	0	228.049	0
5606	T	T	218.008	37	16	16	0	0	0	218.008
5607	A	A	224.552	37	16	16	224.552	0	0	0
5608	T	T	219.433	37	16	16	0	0	0	219.433
5609	C	C	241.611	34.2735	17	17	0	241.611	0	0
5610	T	T	223.98	34.1488	16	16	0	0	0	223.98
5611	A	A	217.675	34.1488	16	16	217.675	0	0	0
5612	T	T	224.523	34.1488	16	16	0	0	0	224.523
5613	T	T	224.781	34.1488	16	16	0	0	0	224.781
5614	C	C	189.376	34.0116	15	14	0	189.376	0	0
5615	A	A	199.486	33.86	14	14	199.486	0	0	0
5616	T	T	199.486	33.86	14	14	0	0	0	199.486
5617	C	C	199.486	33.86	14	14	0	199.486	0	0
5618	A	A	188.792	33.86	14	14	188.792	0	5.42101e-19	0
5619	G	G	197.568	33.86	14	14	0	0	197.568	0
5620	T	T	199.486	33.86	14	14	0	0	0	199.486
5621	G	G	181.227	33.6913	13	13	1.0842e-18	1.0842e-18	181.227	1.0842e-18
5622	A	A	152.126	33.5025	12	12	152.126	1.35525e-17	2.63515e-15	1.35525e-17
5623	C	C	183.323	33.6913	13	13	5.42101e-19	183.323	5.42101e-19	5.42101e-19
5624	T	T	185.521	33.86	14	14	0	1.0842e-18	0	185.521
5625	A	A	184.392	33.86	14	14	184.392	0	1.6263e-18	0
5626	G	G	170.306	33.5025	12	12	1.35525e-17	1.35525e-17	170.306	1.35525e-17
5627	T	T	152.68	33.5025	12	12	1.35525e-17	2.31586e-15	1.35525e-17	152.68
5628	T	T	159.906	33.5025	12	12	1.35525e-17	4.16876e-16	1.35525e-17	159.906
5629	C	C	169.374	33.6913	13	12	2.1684e-18	169.374	2.1684e-18	4.66207e-17
5630	G	G	181.232	33.86	14	13	3.25261e-18	0	181.232	0
5631	G	G	183.893	33.86	14	13	2.1684e-18	0	183.893	0
5632	C	C	163.057	33.86	14	12	0	163.057	0	2.14672e-16
5633	T	T	181.405	33.86	14	14	0	3.25261e-18	0	181.405
5634	A	A	174.165	37	13	13	174.165	5.42101e-19	1.57209e-17	5.42101e-19
5635	A	A	166.999	37	13	13	166.999	5.42101e-19	8.5652e-17	5.42101e-19
5636	C	C	184.187	37	13	13	5.42101e-19	184.187	5.42101e-19	5.42101e-19
5637	A	A	154.391	37	13	13	154.391	5.42101e-19	1.57914e-15	5.42101e-19
5638	T	T	155.717	37	11	11	3.88144e-16	3.88144e-16	3.88144e-16	155.717
5639	C	C	155.493	37	11	11	4.13894e-16	155.493	4.0495e-16	4.07389e-16
5640	A	A	115.34	37	10	9	115.34	3.21881e-13	3.27121e-12	9.10529e-12
5641	A	A	137.074	37	10	10	137.074	1.11678e-14	6.28599e-14	1.11673e-14
5642	A	A	137.013	37	10	10	137.013	1.11697e-14	6.4066e-14	1.11684e-14
5643	A	A	136.249	37	10	10	136.249	1.11681e-14	8.06692e-14	1.11673e-14
5644	C	C	140.114	37	11	10	1.37477e-15	140.114	1.37477e-15	3.95571e-14
5645	A	A	141.127	37	10	10	141.127	1.11678e-14	1.11676e-14	1.11673e-14
5646	A	A	131.458	37	10	10	131.458	1.12294e-14	2.88039e-13	1.1202e-14
5647	A	A	144.409	37	11	11	144.409	4.7461e-16	1.48227e-14	4.36933e-16
5648	T	T	149.755	37	12	12	1.35525e-17	4.56774e-15	1.35525e-17	149.755
5649	A	A	172.567	37	13	13	172.567	5.42101e-19	2.33103e-17	5.42101e-19
5650	T	T	165.938	37	13	13	5.42101e-19	1.09504e-16	5.42101e-19	165.938
5651	T	T	138.52	37	11	11	3.88144e-16	6.02922e-14	3.88144e-16	138.52
5652	A	A	155.717	37	11	11	155.717	3.88144e-16	3.88144e-16	3.88144e-16
5653	T	T	158.187	37	12	12	1.35525e-17	6.3209e-16	1.35525e-17	158.187
5654	C	C	169.248	37	12	12	1.73472e-17	169.248	1.73472e-17	1.73472e-17
5655	C	C	182.542	37	13	13	5.42101e-19	182.542	5.42101e-19	5.42101e-19
5656	A	A	181.336	37	13	13	181.336	5.42101e-19	2.1684e-18	5.42101e-19
5657	T	T	174.955	37	13	13	5.42101e-19	1.30104e-17	5.42101e-19	174.955
5658	T	T	180.843	37	13	13	5.42101e-19	2.71051e-18	5.42101e-19	180.843
5659	C	C	184.279	37	13	13	5.42101e-19	184.279	5.42101e-19	5.42101e-19
5660	A	A	171.071	37	13	13	171.071	5.42101e-19	3.30682e-17	5.42101e-19
5661	T	T	170.307	37	12	12	1.35525e-17	1.35525e-17	1.35525e-17	170.307
5662	A	A	170.307	37	12	12	170.307	1.35525e-17	1.35525e-17	1.35525e-17
5663	G	G	123.53	37	12	10	1.92172e-12	2.32236e-15	123.53	2.32236e-15
5664	C	C	169.526	37	12	12	1.6263e-17	169.526	1.6263e-17	1.6263e-17
5665	C	C	169.465	37	13	12	1.0842e-18	169.465	1.0842e-18	4.55365e-17
5666	A	A	180.019	37	13	13	180.019	5.42101e-19	3.25261e-18	5.42101e-19
5667	C	C	184.037	37	13	13	5.42101e-19	184.037	5.42101e-19	5.42101e-19
5668	A	A	170.307	37	12	12	170.307	1.35525e-17	1.35525e-17	1.35525e-17
5669	A	A	160.235	37	12	12	160.235	1.35525e-17	3.8435e-16	1.35525e-17
5670	A	A	159.575	37	12	12	159.575	1.35525e-17	4.52112e-16	1.35525e-17
5671	G	G	167.237	37	13	12	7.69784e-17	2.1684e-18	167.237	2.1684e-18
5672	G	G	196.905	37	14	14	0	0	196.905	0
5673	A	A	176.669	37	14	14	176.669	0	9.21572e-18	0
5674	C	C	181.702	37	13	13	1.0842e-18	181.702	1.0842e-18	1.0842e-18
5675	A	A	180.019	37	13	13	180.019	5.42101e-19	3.25261e-18	5.42101e-19
5676	A	A	186.932	37	14	14	186.932	0	1.0842e-18	0
5677	T	T	173.368	37	13	13	5.42101e-19	1.89735e-17	5.42101e-19	173.368
5678	C	C	183.498	37	13	13	5.42101e-19	183.498	5.42101e-19	5.42101e-19
5679	C	C	197.078	37	14	14	0	197.078	0	0
5680	T	T	188.838	37	14	14	0	5.42101e-19	0	188.838
5681	G	G	158.551	37	13	12	5.65954e-16	1.95156e-17	158.551	1.95156e-17
5682	G	G	170.307	37	12	12	1.35525e-17	1.35525e-17	170.307	1.35525e-17
5683	G	G	170.307	37	12	12	1.35525e-17	1.35525e-17	170.307	1.35525e-17
5684	C	C	170.307	37	12	12	1.35525e-17	170.307	1.35525e-17	1.35525e-17
5685	A	A	184.896	37	13	13	184.896	5.42101e-19	5.42101e-19	5.42101e-19
5686	C	C	196.783	37	14	14	0	196.783	0	0
5687	T	T	188.114	37	14	14	0	5.42101e-19	0	188.114
5688	A	A	209.932	37	15	15	209.932	0	0	0
5689	A	A	209.727	37	15	15	209.727	0	0	0
5690	T	T	203.417	37	15	15	0	0	0	203.417
5691	A	A	208.03	37	15	15	208.03	0	0	0
5692	T	T	201.384	37	15	15	0	0	0	201.384
5693	T	T	214.941	37	16	16	0	0	0	214.941
5694	G	G	227.166	37	16	16	0	0	227.166	0
5695	A	A	217.674	37	16	16	217.674	0	0	0
5696	T	T	218.265	37	16	16	0	0	0	218.265
5697	A	A	200.513	37	16	16	200.513	0	0	0
5698	T	T	214.076	37	15	15	0	0	0	214.076
5699	C	C	199.486	37	14	14	0	199.486	0	0
5700	A	A	216.573	37	16	16	216.573	0	0	0
5701	C	C	226.625	37	16	16	0	226.625	0	0
5702	T	T	188.533	37	14	14	0	5.42101e-19	0	188.533
5703	A	A	199.486	37	14	14	199.486	0	0	0
5704	A	A	199.486	37	14	14	199.486	0	0	0
5705	T	T	208.03	37	15	15	0	0	0	208.03
5706	C	C	197.716	37	15	14	0	197.716	0	0
5707	C	C	197.276	37	15	14	0	197.276	0	0
5708	T	T	209.933	37	15	15	0	0	0	209.933
5709	A	A	200.66	37	16	16	200.66	0	0	0
5710	T	T	223.788	37	16	16	0	0	0	223.788
5711	T	T	180.782	37	13	13	5.42101e-19	2.71051e-18	5.42101e-19	180.782
5712	T	T	180.843	37	13	13	5.42101e-19	2.71051e-18	5.42101e-19	180.843
5713	A	A	166.253	37	12	12	166.253	1.35525e-17	7.58942e-17	1.35525e-17
5714	T	T	170.307	37	12	12	1.35525e-17	1.35525e-17	1.35525e-17	170.307
5715	T	T	178.85	37	13	13	0	4.33681e-18	0	178.85
5716	G	G	165.445	37	13	12	1.1601e-16	4.33681e-18	165.445	4.33681e-18
5717	G	G	169.545	37	12	12	1.57209e-17	1.57209e-17	169.545	1.6263e-17
5718	C	C	169.516	37	12	12	1.6263e-17	169.516	1.6263e-17	1.6263e-17
5719	T	T	166.422	37	12	12	1.35525e-17	7.20994e-17	1.35525e-17	166.422
5720	C	C	170.307	37	12	12	1.35525e-17	170.307	1.35525e-17	1.35525e-17
5721	A	A	155.717	37	11	11	155.717	3.88144e-16	3.88144e-16	3.88144e-16
5722	A	A	155.717	37	11	11	155.717	3.88144e-16	3.88144e-16	3.88144e-16
5723	A	A	152.138	37	11	11	152.138	3.90313e-16	1.87513e-15	3.89229e-16
5724	T	T	155.717	37	11	11	3.88144e-16	3.88144e-16	3.88144e-16	155.717
5725	A	A	151.603	37	11	11	151.603	3.88144e-16	2.22641e-15	3.88144e-16
5726	A	A	158.997	37	12	12	158.997	1.35525e-17	5.20417e-16	1.35525e-17
5727	T	T	171.311	37	13	13	5.42101e-19	3.08998e-17	5.42101e-19	171.311
5728	C	C	166.351	37	13	12	3.25261e-18	166.351	3.25261e-18	9.43256e-17
5729	T	T	165.832	37	13	13	5.42101e-19	1.12215e-16	5.42101e-19	165.832
5730	T	T	167.179	37	13	13	0	8.18573e-17	0	167.179
5731	C	C	168.928	37	12	12	1.84314e-17	168.928	1.84314e-17	1.84314e-17
5732	T	T	152.156	37	11	11	3.88144e-16	1.86727e-15	3.88144e-16	152.156
5733	G	G	138.031	37	11	10	6.3905e-14	2.22045e-15	138.031	2.22153e-15
5734	G	G	139.554	37	10	10	1.6044e-14	1.60435e-14	139.554	1.6044e-14
5735	C	C	126.458	37	10	9	3.19048e-14	126.458	3.19037e-14	9.17978e-13
5736	T	T	136.442	37	10	10	1.11673e-14	7.62094e-14	1.11681e-14	136.442
5737	C	C	166.229	37	12	12	3.46945e-17	166.229	3.46945e-17	3.46945e-17
5738	T	T	150.494	37	12	12	1.35525e-17	3.84892e-15	1.35525e-17	150.494
5739	A	A	170.307	37	12	12	170.307	1.35525e-17	1.35525e-17	1.35525e-17
5740	T	T	164.623	37	13	13	5.42101e-19	1.48536e-16	5.42101e-19	164.623
5741	T	T	166.937	37	13	13	5.42101e-19	8.67362e-17	5.42101e-19	166.937
5742	A	A	199.486	37	14	14	199.486	0	0	0
5743	C	C	177.03	37	15	13	0	177.03	0	8.67362e-18
5744	C	C	211.394	37	16	15	0	211.394	0	0
5745	G	G	227.956	37	16	16	0	0	227.956	0
5746	C	C	239.33	37	17	17	0	239.33	0	0
5747	A	A	232.265	37	17	17	232.265	0	0	0
5748	C	C	225.838	37	17	16	0	225.838	0	0
5749	T	T	239.113	37	17	17	0	0	0	239.113
5750	C	C	227.956	37	16	16	0	227.956	0	0
5751	A	A	214.076	37	15	15	214.076	0	0	0
5752	T	T	214.076	37	15	15	0	0	0	214.076
5753	T	T	214.076	37	15	15	0	0	0	214.076
5754	C	C	214.076	37	15	15	0	214.076	0	0
5755	A	A	202.547	37	15	15	202.547	0	0	0
5756	C	C	214.076	37	15	15	0	214.076	0	0
5757	A	A	194.609	37	14	14	194.609	0	0	0
5758	C	C	199.486	37	14	14	0	199.486	0	0
5759	C	C	184.817	33.86	14	13	0	184.817	0	1.0842e-18
5760	T	T	194.801	33.86	14	14	0	0	0	194.801
5761	A	A	210.515	34.0116	15	15	210.515	0	0	0
5762	C	C	212.081	34.1488	16	15	0	212.081	0	0
5763	C	C	222.267	34.2735	17	16	0	222.267	0	0
5764	A	A	224.231	34.2735	17	17	224.231	0	0	0
5765	C	C	240.925	34.2735	17	17	0	240.925	0	0
5766	A	A	213.801	34.2735	17	17	213.801	0	0	0
5767	C	C	212.308	34.0116	15	15	0	212.308	0	0
5768	A	A	187.784	34.0116	15	15	187.784	0	5.42101e-19	0
5769	A	A	199.329	34.1488	16	16	199.329	0	0	0
5770	C	C	197.346	34.0116	15	14	0	197.346	0	0
5771	G	G	196.268	33.86	14	14	0	0	196.268	0
5772	G	G	184.897	33.6913	13	13	5.42101e-19	5.42101e-19	184.897	5.42101e-19
5773	T	T	188.078	34.1488	16	16	0	5.42101e-19	0	188.078
5774	C	C	209.484	34.1488	16	15	0	209.484	0	0
5775	A	A	228.666	34.1488	16	16	228.666	0	0	0
5776	A	A	228.665	34.1488	16	16	228.665	0	0	0
5777	T	T	211.887	34.1488	16	16	0	0	0	211.887
5778	G	G	228.666	34.1488	16	16	0	0	228.666	0
5779	A	A	228.666	34.1488	16	16	228.666	0	0	0
5780	A	A	239.695	34.2735	17	17	239.695	0	0	0
5781	C	C	242.274	34.2735	17	17	0	242.274	0	0
5782	C	C	242.396	34.2735	17	17	0	242.396	0	0
5783	T	T	244.952	34.3875	18	18	0	0	0	244.952
5784	A	A	245.726	34.3875	18	18	245.726	0	0	0
5785	G	G	256.374	34.3875	18	18	0	0	256.374	0
5786	G	G	256.274	34.3875	18	18	0	0	256.274	0
5787	A	A	245.939	34.3875	18	18	245.939	0	0	0
5788	A	A	244.26	34.3875	18	18	244.26	0	0	0
5789	T	T	239.371	34.2735	17	17	0	0	0	239.371
5790	G	G	211.24	34.1488	16	15	0	0	211.24	0
5791	G	G	227.875	34.1488	16	16	0	0	227.875	0
5792	C	C	241.611	34.2735	17	17	0	241.611	0	0
5793	T	T	238.57	34.2735	17	17	0	0	0	238.57
5794	A	A	222.758	34.2735	17	17	222.758	0	0	0
5795	G	G	208.87	34.1488	16	15	0	0	208.87	0
5796	T	T	224.781	34.1488	16	16	0	0	0	224.781
5797	C	C	214.076	34.0116	15	15	0	214.076	0	0
5798	C	C	199.486	33.86	14	14	0	199.486	0	0
5799	C	C	199.486	33.86	14	14	0	199.486	0	0
5800	T	T	193.559	33.86	14	14	0	0	0	193.559
5801	T	T	194.609	33.86	14	14	0	0	0	194.609
5802	A	A	193.44	33.86	14	14	193.44	0	0	0
5803	T	T	180.843	33.6913	13	13	5.42101e-19	2.71051e-18	5.42101e-19	180.843
5804	G	G	198.869	33.86	14	14	0	0	198.869	0
5805	G	G	198.108	33.86	14	14	0	0	198.108	0
5806	G	G	181.611	33.86	14	13	3.25261e-18	0	181.611	0
5807	C	C	211.712	34.0116	15	15	0	211.712	0	0
5808	T	T	202.766	34.0116	15	15	0	0	0	202.766
5809	G	G	183.813	37	14	13	2.1684e-18	0	183.813	0
5810	G	G	168.537	37	13	12	5.63785e-17	2.1684e-18	168.537	2.1684e-18
5811	T	T	181.336	37	13	13	5.42101e-19	2.1684e-18	5.42101e-19	181.336
5812	A	A	174.609	37	13	13	174.609	5.42101e-19	1.40946e-17	5.42101e-19
5813	C	C	183.837	37	13	13	5.42101e-19	183.837	5.42101e-19	5.42101e-19
5814	A	A	180.46	37	14	14	180.46	0	3.79471e-18	0
5815	G	G	182.901	37	14	13	2.1684e-18	0	182.901	0
5816	T	T	174.955	37	13	13	5.42101e-19	1.30104e-17	5.42101e-19	174.955
5817	C	C	182.561	37	13	13	5.42101e-19	182.561	5.42101e-19	5.42101e-19
5818	T	T	174.015	37	13	13	5.42101e-19	1.6263e-17	5.42101e-19	174.015
5819	C	C	169.524	37	12	12	1.6263e-17	169.524	1.6263e-17	1.6263e-17
5820	A	A	178.969	37	13	13	178.969	5.42101e-19	4.33681e-18	5.42101e-19
5821	A	A	166.746	37	12	12	166.746	1.35525e-17	6.50521e-17	1.35525e-17
5822	C	C	169.447	37	12	12	1.6263e-17	169.447	1.6263e-17	1.6263e-17
5823	T	T	166.163	37	12	12	1.35525e-17	7.80626e-17	1.35525e-17	166.163
5824	G	G	165.865	37	13	12	1.05168e-16	3.25261e-18	165.865	3.25261e-18
5825	G	G	181.282	37	13	13	1.0842e-18	1.0842e-18	181.282	1.0842e-18
5826	A	A	155.072	37	12	12	155.072	1.35525e-17	1.32381e-15	1.35525e-17
5827	T	T	137.074	37	10	10	1.11673e-14	6.28601e-14	1.11681e-14	137.074
5828	T	T	137.566	37	10	10	1.11673e-14	5.37252e-14	1.11681e-14	137.566
5829	C	C	141.126	37	10	10	1.117e-14	141.126	1.11684e-14	1.11692e-14
5830	C	C	141.127	37	10	10	1.11678e-14	141.127	1.11673e-14	1.11676e-14
5831	G	G	130.157	37	11	10	3.91629e-13	1.36111e-14	130.157	1.36111e-14
5832	A	A	151.031	37	11	11	151.031	3.88144e-16	2.64871e-15	3.88144e-16
5833	T	T	151.368	37	11	11	3.88144e-16	2.39311e-15	3.88144e-16	151.368
5834	A	A	141.127	37	10	10	141.127	1.11678e-14	1.11676e-14	1.11673e-14
5835	A	A	137.566	37	10	10	137.566	1.11678e-14	5.37247e-14	1.11673e-14
5836	A	A	137.074	37	10	10	137.074	1.11678e-14	6.28596e-14	1.11673e-14
5837	A	A	130.763	37	10	10	130.763	1.11678e-14	3.41992e-13	1.11673e-14
5838	T	T	141.127	37	10	10	1.11684e-14	1.11689e-14	1.11697e-14	141.127
5839	A	A	113.327	37	10	10	113.327	1.11678e-14	2.01631e-11	1.11673e-14
5840	C	C	126.537	37	9	9	3.21332e-13	126.537	3.21315e-13	3.21324e-13
5841	C	C	126.537	37	9	9	3.21332e-13	126.537	3.21315e-13	3.21324e-13
5842	A	A	98.3617	37	8	8	98.3617	9.24558e-12	6.14813e-10	9.24516e-12
5843	A	A	91.3112	37	7	7	91.3112	2.66021e-10	2.67912e-09	2.6601e-10
5844	G	G	82.7678	37	6	6	7.65396e-09	7.65386e-09	82.7678	7.65408e-09
5845	G	G	82.0579	37	6	6	9.01304e-09	9.01293e-09	82.0579	9.01318e-09
5846	C	C	82.7677	37	6	6	7.65415e-09	82.7677	7.65389e-09	7.65403e-09
5847	A	A	78.419	37	6	6	78.419	7.65414e-09	4.7192e-08	7.65388e-09
5848	T	T	82.7677	37	6	6	7.65389e-09	7.65399e-09	7.65415e-09	82.7677
5849	C	C	82.7677	37	6	6	7.65415e-09	82.7677	7.65389e-09	7.65403e-09
5850	C	C	68.1779	37	5	5	2.20231e-07	68.1779	2.20224e-07	2.20228e-07
5851	T	T	68.1779	37	5	5	2.20224e-07	2.20227e-07	2.20231e-07	68.1779
5852	T	T	68.1779	37	5	5	2.20224e-07	2.20227e-07	2.20231e-07	68.1779
5853	G	G	68.1779	37	5	5	2.20227e-07	2.20224e-07	68.1779	2.2023e-07
5854	G	G	68.1779	37	5	5	2.20227e-07	2.20224e-07	68.1779	2.2023e-07
5855	C	C	68.1779	37	5	5	2.20231e-07	68.1779	2.20224e-07	2.20228e-07
5856	T	T	76.8405	37	6	6	7.65389e-09	7.4586e-08	7.65415e-09	76.8405
5857	C	C	66.6549	37	6	5	3.04878e-08	66.6549	3.04872e-08	8.77212e-07
5858	A	A	78.6245	37	6	6	78.6245	7.65417e-09	4.43044e-08	7.6539e-09
5859	C	C	82.006	37	6	6	9.12158e-09	82.006	9.12127e-09	9.12144e-09
5860	T	T	79.207	37	6	6	7.65389e-09	3.6822e-08	7.65415e-09	79.207
5861	T	T	82.7677	37	6	6	7.65389e-09	7.65399e-09	7.65415e-09	82.7677
5862	T	T	68.1779	37	5	5	2.20224e-07	2.20227e-07	2.20231e-07	68.1779
5863	C	C	81.1943	37	6	6	1.09961e-08	81.1943	1.09957e-08	1.0996e-08
5864	T	T	77.89	37	6	6	7.65389e-09	5.52888e-08	7.65415e-09	77.89
5865	C	C	81.9866	37	6	6	9.16235e-09	81.9866	9.16203e-09	9.1622e-09
5866	C	C	78.5166	37	7	6	1.98592e-09	78.5166	1.98587e-09	5.71397e-08
5867	C	C	95.7583	37	7	7	3.84453e-10	95.7583	3.84439e-10	3.84446e-10
5868	T	T	98.6498	37	8	8	9.24598e-12	5.74165e-10	9.247e-12	98.6498
5869	C	C	79.3006	37	7	6	1.65791e-09	79.3006	1.65786e-09	4.77022e-08
5870	A	A	93.0089	37	7	7	93.0089	2.66021e-10	1.64016e-09	2.6601e-10
5871	A	A	92.672	37	7	7	92.672	2.66022e-10	1.81534e-09	2.66011e-10
5872	G	G	82.6882	37	7	6	2.18666e-08	7.59965e-10	82.6882	7.59984e-10
5873	G	G	82.0562	37	6	6	9.01654e-09	9.01568e-09	82.0562	9.01769e-09
5874	G	G	81.9772	37	6	6	9.18211e-09	9.18197e-09	81.9772	9.18227e-09
5875	A	A	93.0089	37	7	7	93.0089	2.66022e-10	1.64016e-09	2.66011e-10
5876	C	C	96.2991	37	7	7	3.39441e-10	96.2991	3.39428e-10	3.39435e-10
5877	A	A	91.3112	37	7	7	91.3112	2.66022e-10	2.67914e-09	2.66011e-10
5878	C	C	94.951	37	7	7	4.62988e-10	94.951	4.62972e-10	4.6298e-10
5879	C	C	80.3808	37	7	6	1.29284e-09	80.3808	1.29281e-09	3.71981e-08
5880	T	T	98.6502	37	8	8	9.24518e-12	5.74108e-10	9.24561e-12	98.6502
5881	T	T	100.538	37	8	8	9.24516e-12	3.65203e-10	9.24558e-12	100.538
5882	T	T	101.288	37	8	8	9.24516e-12	3.04324e-10	9.24558e-12	101.288
5883	C	C	94.8727	37	8	7	4.59571e-11	94.8727	4.59557e-11	1.32229e-09
5884	C	C	111.238	37	8	8	1.08872e-11	111.238	1.08868e-11	1.08869e-11
5885	C	C	111.946	37	8	8	9.24846e-12	111.946	9.24705e-12	9.2475e-12
5886	T	T	82.7677	37	6	6	7.65388e-09	7.65395e-09	7.65414e-09	82.7677
5887	C	C	82.7472	37	6	6	7.69988e-09	82.7472	7.67905e-09	7.69197e-09
5888	T	T	82.7677	37	6	6	7.65388e-09	7.65395e-09	7.65414e-09	82.7677
5889	A	A	82.7677	37	6	6	82.7677	7.65415e-09	7.65399e-09	7.65389e-09
5890	A	A	82.7677	37	6	6	82.7677	7.65415e-09	7.65399e-09	7.65389e-09
5891	T	T	82.7677	37	6	6	7.65388e-09	7.65395e-09	7.65414e-09	82.7677
5892	C	C	82.6882	37	7	6	7.59992e-10	82.6882	7.59984e-10	2.18665e-08
5893	C	C	96.3753	37	7	7	3.33531e-10	96.3753	3.33521e-10	3.33525e-10
5894	C	C	109.515	37	8	8	1.61887e-11	109.515	1.61881e-11	1.61884e-11
5895	G	G	111.166	37	8	8	1.10671e-11	1.10669e-11	111.166	1.10673e-11
5896	A	A	107.07	37	8	8	107.07	9.24559e-12	6.67838e-11	9.24516e-12
5897	T	T	107.894	37	8	8	9.24516e-12	5.204e-11	9.24558e-12	107.894
5898	A	A	97.3576	37	7	7	97.3576	2.66021e-10	2.66014e-10	2.6601e-10
5899	C	C	97.3572	37	7	7	2.66047e-10	97.3572	2.66025e-10	2.66037e-10
5900	T	T	97.3576	37	7	7	2.6601e-10	2.66013e-10	2.66021e-10	97.3576
5901	C	C	110.374	37	8	8	1.32823e-11	110.374	1.32818e-11	1.32821e-11
5902	G	G	111.33	37	8	8	1.06568e-11	1.06566e-11	111.33	1.0657e-11
5903	T	T	107.833	37	8	8	9.24516e-12	5.30333e-11	9.24559e-12	107.833
5904	A	A	107.833	37	8	8	107.833	9.24559e-12	5.30333e-11	9.24516e-12
5905	A	A	107.07	37	8	8	107.07	9.24559e-12	6.67837e-11	9.24516e-12
5906	T	T	111.947	37	8	8	9.24518e-12	9.24532e-12	9.24562e-12	111.947
5907	T	T	97.3576	37	7	7	2.6601e-10	2.66014e-10	2.66021e-10	97.3576
5908	A	A	93.7968	37	7	7	93.7968	2.66021e-10	1.27974e-09	2.6601e-10
5909	T	T	106.02	37	8	8	9.24516e-12	9.0093e-11	9.24559e-12	106.02
5910	T	T	107.07	37	8	8	9.24516e-12	6.67838e-11	9.24559e-12	107.07
5911	G	G	110.889	37	8	8	1.1797e-11	1.17968e-11	110.889	1.17972e-11
5912	A	A	106.02	37	8	8	106.02	9.24558e-12	9.00927e-11	9.24516e-12
5913	A	A	97.3576	37	7	7	97.3576	2.66021e-10	2.66013e-10	2.6601e-10
5914	A	A	93.7968	37	7	7	93.7968	2.66022e-10	1.27974e-09	2.66011e-10
5915	C	C	97.3576	37	7	7	2.66021e-10	97.3576	2.6601e-10	2.66016e-10
5916	A	A	107.833	37	8	8	107.833	9.24557e-12	5.3033e-11	9.24516e-12
5917	A	A	121.659	37	9	9	121.659	3.21332e-13	2.32106e-12	3.21315e-13
5918	T	T	114.93	37	9	9	3.21315e-13	1.33143e-11	3.21332e-13	114.93
5919	C	C	94.0716	37	8	7	5.52666e-11	94.0716	5.52645e-11	1.59015e-09
5920	A	A	131.476	37	10	10	131.476	1.11689e-14	2.86839e-13	1.11678e-14
5921	G	G	154.165	37	11	11	5.54569e-16	5.54569e-16	154.165	5.55112e-16
5922	C	C	153.016	37	11	11	7.23163e-16	153.016	7.22621e-16	7.23163e-16
5923	C	C	129.87	37	12	10	5.39933e-16	129.87	5.39933e-16	4.46461e-13
5924	T	T	144.309	37	12	12	1.35525e-17	1.60755e-14	1.35525e-17	144.309
5925	A	A	151.031	37	11	11	151.031	3.88144e-16	2.64871e-15	3.88144e-16
5926	T	T	144.188	37	11	11	3.88144e-16	1.57811e-14	3.88144e-16	144.188
5927	T	T	131.186	37	10	10	1.11673e-14	3.0818e-13	1.11678e-14	131.186
5928	T	T	142.941	37	11	11	3.87873e-16	2.12891e-14	3.88144e-16	142.941
5929	A	A	151.832	37	11	11	151.832	3.88144e-16	2.07218e-15	3.88144e-16
5930	T	T	151.603	37	11	11	3.88144e-16	2.22641e-15	3.88144e-16	151.603
5931	C	C	167.972	37	12	12	2.33103e-17	167.972	2.33103e-17	2.33103e-17
5932	C	C	132.118	37	12	10	3.20924e-16	132.118	3.20924e-16	2.66047e-13
5933	A	A	164.26	37	12	12	164.26	1.35525e-17	1.36067e-16	1.35525e-17
5934	G	G	170.307	37	12	12	1.35525e-17	1.35525e-17	170.307	1.35525e-17
5935	C	C	153.577	37	12	11	6.17995e-17	153.577	6.17995e-17	1.78243e-15
5936	C	C	169.526	37	12	12	1.6263e-17	169.526	1.6263e-17	1.6263e-17
5937	T	T	166.253	37	12	12	1.35525e-17	7.58942e-17	1.35525e-17	166.253
5938	G	G	170.307	37	12	12	1.35525e-17	1.35525e-17	170.307	1.35525e-17
5939	T	T	170.307	37	12	12	1.35525e-17	1.35525e-17	1.35525e-17	170.307
5940	G	G	184.106	37	13	13	5.42101e-19	5.42101e-19	184.106	5.42101e-19
5941	G	G	198.627	33.86	14	14	0	0	198.627	0
5942	C	C	197.568	33.86	14	14	0	197.568	0	0
5943	C	C	181.582	33.86	14	13	0	181.582	0	3.25261e-18
5944	C	C	183.425	33.6913	13	13	5.42101e-19	183.425	5.42101e-19	5.42101e-19
5945	T	T	181.336	33.6913	13	13	5.42101e-19	2.1684e-18	5.42101e-19	181.336
5946	G	G	184.896	33.6913	13	13	5.42101e-19	5.42101e-19	184.896	5.42101e-19
5947	G	G	184.896	33.6913	13	13	5.42101e-19	5.42101e-19	184.896	5.42101e-19
5948	C	C	197.841	33.86	14	14	0	197.841	0	0
5949	C	C	173.804	33.86	14	13	0	173.804	0	1.73472e-17
5950	G	G	196.252	34.0116	15	14	0	0	196.252	0
5951	T	T	207.418	34.1488	16	16	0	0	0	207.418
5952	G	G	225.471	34.1488	16	16	0	0	225.471	0
5953	C	C	196.485	34.0116	15	14	0	196.485	0	0
5954	G	G	165.92	34.0116	15	13	1.10589e-16	0	165.92	0
5955	A	A	178.82	33.86	14	14	178.82	0	5.42101e-18	0
5956	C	C	184.896	33.6913	13	13	5.42101e-19	184.896	5.42101e-19	5.42101e-19
5957	T	T	184.897	33.6913	13	13	5.42101e-19	5.42101e-19	5.42101e-19	184.897
5958	A	A	149.498	33.5025	12	12	149.498	1.35525e-17	4.84855e-15	1.35525e-17
5959	A	A	158.636	33.5025	12	12	158.636	1.35525e-17	5.6758e-16	1.35525e-17
5960	C	C	169.324	33.5025	12	12	1.68051e-17	169.324	1.68051e-17	1.68051e-17
5961	C	C	154.857	33.2895	11	11	4.73254e-16	154.857	4.73254e-16	4.73254e-16
5962	G	G	154.926	33.2895	11	11	4.65665e-16	4.65665e-16	154.926	4.65665e-16
5963	C	C	137.309	33.2895	11	10	2.62269e-15	137.309	2.62269e-15	7.54626e-14
5964	T	T	151.368	33.2895	11	11	3.88144e-16	2.39311e-15	3.88144e-16	151.368
5965	A	A	163.975	33.5025	12	12	163.975	1.46367e-17	1.45283e-16	1.40946e-17
5966	T	T	144.641	37	11	11	3.88144e-16	1.41402e-14	3.88144e-16	144.641
5967	T	T	151.368	37	11	11	3.88144e-16	2.39311e-15	3.88144e-16	151.368
5968	A	A	151.601	37	11	11	151.601	3.88415e-16	2.22722e-15	3.88144e-16
5969	T	T	151.816	37	11	11	3.89229e-16	2.07896e-15	3.90042e-16	151.816
5970	T	T	155.717	37	11	11	3.88144e-16	3.88144e-16	3.88144e-16	155.717
5971	A	A	141.127	37	10	10	141.127	1.11678e-14	1.11676e-14	1.11673e-14
5972	C	C	136.627	37	12	10	1.13841e-16	136.627	1.13841e-16	9.4202e-14
5973	T	T	157.977	37	12	12	1.30104e-17	6.64616e-16	1.30104e-17	157.977
5974	G	G	168.83	37	12	12	1.89735e-17	1.89735e-17	168.83	1.89735e-17
5975	C	C	168.754	37	12	12	1.95156e-17	168.754	1.95156e-17	1.95156e-17
5976	A	A	150.158	37	12	12	150.158	1.35525e-17	4.16063e-15	1.35525e-17
5977	G	G	153.868	37	11	11	5.94143e-16	5.94143e-16	153.868	5.94143e-16
5978	G	G	149.996	37	12	11	4.06467e-15	1.40946e-16	149.996	1.40946e-16
5979	C	C	154.658	37	11	11	4.9548e-16	154.658	4.9548e-16	4.9548e-16
5980	C	C	180.889	37	14	13	0	180.889	0	3.25261e-18
5981	A	A	173.289	37	13	13	173.289	5.42101e-19	1.95156e-17	5.42101e-19
5982	T	T	159.764	37	13	13	5.42101e-19	4.57533e-16	5.42101e-19	159.764
5983	T	T	152.397	37	12	12	1.35525e-17	2.47361e-15	1.35525e-17	152.397
5984	T	T	139.5	37	11	11	3.88144e-16	4.79562e-14	3.88144e-16	139.5
5985	G	G	155.717	37	11	11	3.88144e-16	3.88144e-16	155.717	3.88144e-16
5986	C	C	155.717	37	11	11	3.88144e-16	155.717	3.88144e-16	3.88144e-16
5987	T	T	169.662	37	13	13	5.42101e-19	4.60786e-17	5.42101e-19	169.662
5988	C	C	182.856	37	13	13	5.42101e-19	182.856	5.42101e-19	5.42101e-19
5989	A	A	181.012	37	13	13	181.012	5.42101e-19	2.71051e-18	5.42101e-19
5990	T	T	174.279	37	13	13	5.42101e-19	1.51788e-17	5.42101e-19	174.279
5991	T	T	175.246	37	13	13	5.42101e-19	1.19262e-17	5.42101e-19	175.246
5992	C	C	184.897	37	13	13	5.42101e-19	184.897	5.42101e-19	5.42101e-19
5993	A	A	187.229	37	14	14	187.229	0	5.42101e-19	0
5994	T	T	180.019	37	13	13	5.42101e-19	3.25261e-18	5.42101e-19	180.019
5995	G	G	184.115	37	13	13	5.42101e-19	5.42101e-19	184.115	5.42101e-19
5996	T	T	180.843	37	13	13	5.42101e-19	2.71051e-18	5.42101e-19	180.843
5997	A	A	193.559	37	14	14	193.559	0	0	0
5998	A	A	184.897	37	13	13	184.897	5.42101e-19	5.42101e-19	5.42101e-19
5999	T	T	180.782	37	13	13	5.42101e-19	2.71051e-18	5.42101e-19	180.782
6000	T	T	180.843	37	13	13	5.42101e-19	2.71051e-18	5.42101e-19	180.843
6001	G	G	198.725	37	14	14	0	0	198.725	0
6002	G	G	198.705	37	14	14	0	0	198.705	0
6003	G	G	198.428	37	14	14	0	0	198.428	0
6004	G	G	199.264	37	15	14	0	0	199.264	0
6005	G	G	198.777	37	14	14	0	0	198.777	0
6006	A	A	195.343	37	14	14	195.343	0	0	0
6007	G	G	213.217	37	15	15	0	0	213.217	0
6008	C	C	212.477	37	15	15	0	212.477	0	0
6009	T	T	209.727	37	15	15	0	0	0	209.727
6010	A	A	199.486	37	14	14	199.486	0	0	0
6011	C	C	198.776	37	14	14	0	198.776	0	0
6012	T	T	199.486	37	14	14	0	0	0	199.486
6013	T	T	199.486	37	14	14	0	0	0	199.486
6014	T	T	208.149	37	15	15	0	0	0	208.149
6015	G	G	211.65	37	15	15	0	0	211.65	0
6016	A	A	188.605	37	14	14	188.605	0	5.42101e-19	0
6017	C	C	198.725	37	14	14	0	198.725	0	0
6018	T	T	181.336	37	13	13	5.42101e-19	2.1684e-18	5.42101e-19	181.336
6019	C	C	184.897	37	13	13	5.42101e-19	184.897	5.42101e-19	5.42101e-19
6020	T	T	193.559	37	14	14	0	0	0	193.559
6021	A	A	173.906	37	13	13	173.906	5.42101e-19	1.68051e-17	5.42101e-19
6022	A	A	187.816	37	14	14	187.816	0	5.42101e-19	0
6023	C	C	197.742	37	14	14	0	197.742	0	0
6024	A	A	171.865	37	13	13	171.865	5.42101e-19	2.71051e-17	5.42101e-19
6025	A	A	180.548	37	13	13	180.548	5.42101e-19	2.71051e-18	5.42101e-19
6026	G	G	183.914	37	13	13	5.42101e-19	5.42101e-19	183.914	5.42101e-19
6027	T	T	186.188	37	14	14	0	1.0842e-18	0	186.188
6028	A	A	180.843	37	13	13	180.843	5.42101e-19	2.71051e-18	5.42101e-19
6029	T	T	179.026	37	14	14	0	5.42101e-18	0	179.026
6030	T	T	188.077	37	14	14	0	5.42101e-19	0	188.077
6031	T	T	193.616	37	15	15	0	0	0	193.616
6032	G	G	199.486	37	14	14	0	0	199.486	0
6033	C	C	197.917	37	14	14	0	197.917	0	0
6034	A	A	210.37	37	15	15	210.37	0	0	0
6035	C	C	212.384	37	15	15	0	212.384	0	0
6036	T	T	209.727	37	15	15	0	0	0	209.727
6037	A	A	209.198	37	15	15	209.198	0	0	0
6038	T	T	215.973	37	16	16	0	0	0	215.973
6039	T	T	209.39	37	15	15	0	0	0	209.39
6040	A	A	217.79	37	16	16	217.79	0	0	0
6041	C	C	226.893	37	16	16	0	226.893	0	0
6042	C	C	227.096	37	16	16	0	227.096	0	0
6043	G	G	212.503	37	15	15	0	0	212.503	0
6044	C	C	198.777	37	14	14	0	198.777	0	0
6045	C	C	199.262	37	15	14	0	199.262	0	0
6046	T	T	209.198	37	15	15	0	0	0	209.198
6047	T	T	215.672	37	16	16	0	0	0	215.672
6048	T	T	217.372	37	16	16	0	0	0	217.372
6049	A	A	222.739	37	16	16	222.739	0	0	0
6050	T	T	202.431	37	15	15	0	0	0	202.431
6051	C	C	208.814	37	16	15	0	208.814	0	0
6052	A	A	224.523	37	16	16	224.523	0	0	0
6053	C	C	222.546	37	18	16	0	222.546	0	0
6054	C	C	233.577	37	19	17	0	233.577	0	0
6055	T	T	246.412	37	19	19	0	0	0	246.412
6056	T	T	239.665	37	18	18	0	0	0	239.665
6057	T	T	241.283	37	18	18	0	0	0	241.283
6058	A	A	240.121	37	18	18	240.121	0	0	0
6059	C	C	257.846	37	18	18	0	257.846	0	0
6060	C	C	257.845	37	18	18	0	257.845	0	0
6061	G	G	226.141	37	16	16	0	0	226.141	0
6062	T	T	228.666	37	16	16	0	0	0	228.666
6063	T	T	214.076	37	15	15	0	0	0	214.076
6064	C	C	199.486	37	14	14	0	199.486	0	0
6065	G	G	184.897	37	13	13	5.42101e-19	5.42101e-19	184.897	5.42101e-19
6066	A	A	184.896	37	13	13	184.896	5.42101e-19	5.42101e-19	5.42101e-19
6067	G	G	160.196	37	13	12	3.88144e-16	1.30104e-17	160.196	1.30104e-17
6068	T	T	184.897	37	13	13	5.42101e-19	5.42101e-19	5.42101e-19	184.897
6069	C	C	184.882	37	13	13	5.42101e-19	184.882	5.42101e-19	5.42101e-19
6070	C	C	197.913	37	14	14	0	197.913	0	0
6071	T	T	194.609	37	14	14	0	0	0	194.609
6072	A	A	189.509	37	14	14	189.509	0	5.42101e-19	0
6073	C	C	198.725	37	14	14	0	198.725	0	0
6074	T	T	195.924	37	14	14	0	0	0	195.924
6075	T	T	199.486	37	14	14	0	0	0	199.486
6076	A	A	164.581	37	13	13	164.581	5.42101e-19	1.50162e-16	5.42101e-19
6077	C	C	170.307	37	12	12	1.35525e-17	170.307	1.35525e-17	1.35525e-17
6078	C	C	170.296	37	12	12	1.35525e-17	170.296	1.35525e-17	1.35525e-17
6079	A	A	122.946	37	10	10	122.946	1.11678e-14	2.18158e-12	1.11673e-14
6080	T	T	141.127	37	10	10	1.11673e-14	1.11676e-14	1.11678e-14	141.127
6081	T	T	141.127	37	10	10	1.11673e-14	1.11676e-14	1.11678e-14	141.127
6082	C	C	126.537	37	9	9	3.21329e-13	126.537	3.21314e-13	3.21321e-13
6083	T	T	97.3576	37	7	7	2.66011e-10	2.66015e-10	2.66022e-10	97.3576
6084	C	C	97.3576	37	7	7	2.6602e-10	97.3576	2.6601e-10	2.66015e-10
6085	G	G	68.1779	37	5	5	2.20226e-07	2.20224e-07	68.1779	2.20229e-07
6086	A	A	68.1779	37	5	5	68.1779	2.20231e-07	2.20226e-07	2.20224e-07
6087	G	G	67.4679	37	5	5	2.59341e-07	2.59337e-07	67.4679	2.59348e-07
6088	T	T	68.1779	37	5	5	2.20225e-07	2.20227e-07	2.20231e-07	68.1779
6089	T	T	68.1779	37	5	5	2.20225e-07	2.20227e-07	2.20231e-07	68.1779
6090	C	C	68.1779	37	5	5	2.20232e-07	68.1779	2.20225e-07	2.20229e-07
6091	G	G	65.8232	37	5	5	3.78737e-07	3.78734e-07	65.8232	3.78742e-07
6092	C	C	53.5085	37	5	4	6.2917e-07	53.5085	6.29158e-07	1.81029e-05
6093	T	T	63.4924	37	5	5	2.20224e-07	1.50288e-06	2.20231e-07	63.4924
6094	G	G	51.8182	37	5	4	2.67167e-05	9.28528e-07	51.8182	9.28542e-07
6095	T	T	64.0346	37	5	5	2.20224e-07	1.27477e-06	2.20231e-07	64.0346
6096	A	A	50.0274	37	4	4	50.0274	6.33659e-06	3.04838e-05	6.33644e-06
6097	G	G	52.8264	37	4	4	7.55135e-06	7.55127e-06	52.8264	7.55143e-06
6098	C	C	53.5881	37	4	4	6.3366e-06	53.5881	6.33647e-06	6.33654e-06
6099	C	C	53.5881	37	4	4	6.3366e-06	53.5881	6.33647e-06	6.33654e-06
6100	C	C	53.5881	37	4	4	6.3366e-06	53.5881	6.33647e-06	6.33654e-06
6101	T	T	38.9988	37	3	3	0.0001823	0.000182302	0.000182304	38.9988
6102	C	C	38.9988	37	3	3	0.000182304	38.9988	0.0001823	0.000182302
6103	A	A	49.2394	37	4	4	49.2394	6.33657e-06	3.9069e-05	6.33643e-06
6104	T	T	54.5922	37	5	5	2.20224e-07	1.46451e-05	2.2023e-07	54.5922
6105	T	T	56.271	37	5	5	2.20228e-07	9.80851e-06	2.20237e-07	56.271
6106	C	C	52.0165	37	4	4	9.09954e-06	52.0165	9.09934e-06	9.09944e-06
6107	A	A	53.5881	37	4	4	53.5881	6.33662e-06	6.33652e-06	6.33648e-06
6108	G	G	67.4681	37	5	5	2.59331e-07	2.59328e-07	67.4681	2.59335e-07
6109	G	G	67.3874	37	5	5	2.64194e-07	2.64191e-07	67.3874	2.64198e-07
6110	C	C	67.3968	37	5	5	2.63625e-07	67.3968	2.63618e-07	2.63622e-07
6111	C	C	50.9818	37	5	4	1.12574e-06	50.9818	1.12572e-06	3.23905e-05
6112	T	T	75.3697	37	7	7	2.6601e-10	1.25598e-07	2.66021e-10	75.3697
6113	A	A	82.7677	37	6	6	82.7677	7.65415e-09	7.65397e-09	7.65388e-09
6114	C	C	81.1273	37	6	6	1.11672e-08	81.1273	1.11668e-08	1.1167e-08
6115	G	G	97.3576	37	7	7	2.66015e-10	2.6601e-10	97.3576	2.6602e-10
6116	T	T	79.6425	37	7	7	2.6601e-10	4.6624e-08	2.66021e-10	79.6425
6117	C	C	96.4982	37	7	7	3.24229e-10	96.4982	3.24217e-10	3.24223e-10
6118	T	T	93.2143	37	7	7	2.6601e-10	1.5398e-09	2.66021e-10	93.2143
6119	T	T	93.4726	37	7	7	2.6601e-10	1.42016e-09	2.66021e-10	93.4726
6120	C	C	97.3576	37	7	7	2.66019e-10	97.3576	2.6601e-10	2.66014e-10
6121	A	A	97.3576	37	7	7	97.3576	2.66021e-10	2.66014e-10	2.6601e-10
6122	C	C	97.1345	37	8	7	2.73009e-11	97.1345	2.72991e-11	7.855e-10
6123	C	C	95.8345	37	8	7	3.68278e-11	95.8345	3.68262e-11	1.05962e-09
6124	C	C	99.411	37	9	8	1.6163e-11	99.411	1.61625e-11	4.65048e-10
6125	T	T	115.243	37	9	9	3.21315e-13	1.23426e-11	3.21332e-13	115.243
6126	G	G	109.341	37	9	8	4.72594e-11	1.64247e-12	109.341	1.64253e-12
6127	C	C	125.747	37	9	9	3.85481e-13	125.747	3.85463e-13	3.85472e-13
6128	T	T	122.652	37	9	9	3.21315e-13	1.71542e-12	3.21331e-13	122.652
6129	A	A	120.609	37	9	9	120.609	3.21383e-13	3.13157e-12	3.21344e-13
6130	G	G	111.947	37	8	8	9.24534e-12	9.24514e-12	111.947	9.24553e-12
6131	T	T	111.947	37	8	8	9.24516e-12	9.2453e-12	9.24559e-12	111.947
6132	A	A	111.947	37	8	8	111.947	9.24559e-12	9.2453e-12	9.24516e-12
6133	A	A	111.947	37	8	8	111.947	9.24559e-12	9.2453e-12	9.24516e-12
6134	G	G	111.947	37	8	8	9.24584e-12	9.24558e-12	111.947	9.2462e-12
6135	C	C	111.947	37	8	8	9.24553e-12	111.947	9.24514e-12	9.24534e-12
6136	C	C	111.947	37	8	8	9.24553e-12	111.947	9.24514e-12	9.24534e-12
6137	T	T	111.947	37	8	8	9.24516e-12	9.2453e-12	9.24559e-12	111.947
6138	A	A	111.947	37	8	8	111.947	9.24559e-12	9.2453e-12	9.24516e-12
6139	T	T	111.947	37	8	8	9.24516e-12	9.2453e-12	9.24559e-12	111.947
6140	A	A	108.387	37	8	8	108.387	9.24559e-12	4.44775e-11	9.24516e-12
6141	C	C	111.947	37	8	8	9.24553e-12	111.947	9.24514e-12	9.24534e-12
6142	C	C	111.868	37	9	8	9.17998e-13	111.868	9.17964e-13	2.64129e-11
6143	T	T	121.852	37	9	9	3.21315e-13	2.19276e-12	3.21331e-13	121.852
6144	A	A	134.777	37	11	11	134.777	3.88144e-16	1.43783e-13	3.88144e-16
6145	C	C	138.14	37	11	10	2.16624e-15	138.14	2.16624e-15	6.23167e-14
6146	A	A	140.342	37	11	11	140.342	3.88144e-16	3.93687e-14	3.88144e-16
6147	C	C	124.154	37	9	9	5.56207e-13	124.154	5.56181e-13	5.56193e-13
6148	G	G	124.852	37	9	9	4.74426e-13	4.68312e-13	124.852	4.78148e-13
6149	A	A	115.88	37	9	9	115.88	3.21332e-13	1.05729e-11	3.21315e-13
6150	T	T	126.537	37	9	9	3.21315e-13	3.2132e-13	3.21332e-13	126.537
6151	A	A	111.443	37	9	9	111.443	3.21332e-13	3.05125e-11	3.21315e-13
6152	A	A	111.947	37	8	8	111.947	9.24559e-12	9.2453e-12	9.24516e-12
6153	C	C	91.3101	37	9	7	3.87053e-12	91.3101	3.87042e-12	3.20428e-09
6154	A	A	122.394	37	9	9	122.394	3.21333e-13	1.85995e-12	3.21316e-13
6155	C	C	124.887	37	9	9	4.69831e-13	124.887	4.6981e-13	4.69821e-13
6156	T	T	116.136	37	9	9	3.21315e-13	9.92962e-12	3.21331e-13	116.136
6157	T	T	128.572	37	10	10	1.11673e-14	5.80977e-13	1.11681e-14	128.572
6158	A	A	126.537	37	9	9	126.537	3.21332e-13	3.21321e-13	3.21315e-13
6159	A	A	141.127	37	10	10	141.127	1.11678e-14	1.11676e-14	1.11673e-14
6160	T	T	129.598	37	10	10	1.11673e-14	4.54069e-13	1.11678e-14	129.598
6161	G	G	153.111	37	12	11	1.98409e-15	6.93889e-17	153.111	6.93889e-17
6162	A	A	166.193	37	12	12	166.193	1.35525e-17	7.75205e-17	1.35525e-17
6163	C	C	168.049	37	12	12	2.27682e-17	168.049	2.27682e-17	2.27682e-17
6164	T	T	159.689	37	12	12	1.35525e-17	4.39644e-16	1.35525e-17	159.689
6165	C	C	154.39	37	11	11	5.26922e-16	154.39	5.26922e-16	5.26922e-16
6166	A	A	151.031	37	11	11	151.031	3.88144e-16	2.64871e-15	3.88144e-16
6167	C	C	155.717	37	11	11	3.88144e-16	155.717	3.88144e-16	3.88144e-16
6168	C	C	141.127	37	10	10	1.11678e-14	141.127	1.11673e-14	1.11676e-14
6169	A	A	130.763	37	10	10	130.763	1.11678e-14	3.41992e-13	1.11673e-14
6170	A	A	129.482	37	10	10	129.482	1.11686e-14	4.66966e-13	1.11678e-14
6171	A	A	142.558	37	11	11	142.558	3.88144e-16	2.33198e-14	3.88144e-16
6172	C	C	140.068	37	10	10	1.42518e-14	140.068	1.42508e-14	1.42513e-14
6173	A	A	135.08	37	10	10	135.08	1.11697e-14	1.12483e-13	1.11684e-14
6174	C	C	125.774	37	9	9	3.83111e-13	125.774	3.83013e-13	3.83072e-13
6175	A	A	116.559	37	9	9	116.559	3.21331e-13	8.94784e-12	3.21315e-13
6176	T	T	135.2	37	10	10	1.11676e-14	1.08827e-13	1.11684e-14	135.2
6177	G	G	139.364	37	10	10	1.67607e-14	1.67601e-14	139.364	1.67612e-14
6178	C	C	140.346	37	10	10	1.33682e-14	140.346	1.33677e-14	1.33682e-14
6179	A	A	135.185	37	10	10	135.185	1.12264e-14	1.09194e-13	1.12014e-14
6180	T	T	120.433	37	10	10	1.11673e-14	3.90854e-12	1.11681e-14	120.433
6181	A	A	141.127	37	10	10	141.127	1.11681e-14	1.11676e-14	1.11676e-14
6182	C	C	136.045	37	11	10	3.51607e-15	136.045	3.49655e-15	1.00948e-13
6183	C	C	149.006	37	12	11	1.77809e-16	149.006	1.77809e-16	5.10442e-15
6184	A	A	184.897	37	13	13	184.897	5.42101e-19	5.42101e-19	5.42101e-19
6185	T	T	166.198	37	13	13	5.42101e-19	1.02999e-16	5.42101e-19	166.198
6186	A	A	181.336	37	13	13	181.336	5.42101e-19	2.1684e-18	5.42101e-19
6187	T	T	174.919	37	13	13	5.42101e-19	1.30104e-17	5.42101e-19	174.919
6188	A	A	180.782	37	13	13	180.782	5.42101e-19	2.71051e-18	5.42101e-19
6189	G	G	183.838	37	13	13	5.42101e-19	5.42101e-19	183.838	5.42101e-19
6190	T	T	184.897	37	13	13	5.42101e-19	5.42101e-19	5.42101e-19	184.897
6191	G	G	170.307	37	12	12	1.35525e-17	1.35525e-17	170.307	1.35525e-17
6192	A	A	166.422	37	12	12	166.422	1.35525e-17	7.20994e-17	1.35525e-17
6193	A	A	180.753	37	13	13	180.753	5.42101e-19	2.71051e-18	5.42101e-19
6194	C	C	183.914	37	13	13	5.42101e-19	183.914	5.42101e-19	5.42101e-19
6195	C	C	184.037	37	13	13	5.42101e-19	184.037	5.42101e-19	5.42101e-19
6196	C	C	184.105	37	13	13	5.42101e-19	184.105	5.42101e-19	5.42101e-19
6197	A	A	166.163	37	12	12	166.163	1.35525e-17	7.80626e-17	1.35525e-17
6198	A	A	165.958	37	12	12	165.958	1.35525e-17	8.29415e-17	1.35525e-17
6199	G	G	169.324	37	12	12	1.68051e-17	1.68051e-17	169.324	1.68051e-17
6200	C	C	170.307	37	12	12	1.35525e-17	170.307	1.35525e-17	1.35525e-17
6201	C	C	155.717	37	11	11	3.88144e-16	155.717	3.88144e-16	3.88144e-16
6202	C	C	131.017	37	11	10	1.11673e-14	131.017	1.11673e-14	3.21322e-13
6203	A	A	184.897	37	13	13	184.897	5.42101e-19	5.42101e-19	5.42101e-19
6204	T	T	177.281	37	14	14	0	8.13152e-18	0	177.281
6205	G	G	199.486	37	14	14	0	0	199.486	0
6206	A	A	199.486	37	14	14	199.486	0	0	0
6207	C	C	205.67	37	17	15	0	205.67	0	0
6208	C	C	239.447	37	17	17	0	239.447	0	0
6209	A	A	225.492	37	17	17	225.492	0	0	0
6210	C	C	240.942	37	17	17	0	240.942	0	0
6211	T	T	231.803	37	18	18	0	0	0	231.803
6212	A	A	222.129	37	17	17	222.129	0	0	0
6213	A	A	202.169	37	16	16	202.169	0	0	0
6214	C	C	213.308	37	15	15	0	213.308	0	0
6215	A	A	186.157	37	15	15	186.157	0	1.0842e-18	0
6216	G	G	181.456	37	14	13	3.25261e-18	0	181.456	0
6217	G	G	164.681	37	14	12	1.47451e-16	0	164.681	0
6218	A	A	164.26	37	12	12	164.26	1.35525e-17	1.36067e-16	1.35525e-17
6219	G	G	155.717	37	11	11	3.88144e-16	3.88144e-16	155.717	3.88144e-16
6220	C	C	155.676	37	11	11	3.92752e-16	155.676	3.90584e-16	3.91939e-16
6221	C	C	168.662	37	12	12	1.95156e-17	168.662	1.95156e-17	1.95156e-17
6222	C	C	169.245	33.6913	13	12	2.1684e-18	169.245	2.1684e-18	4.87891e-17
6223	T	T	173.226	33.6913	13	13	5.42101e-19	1.95156e-17	5.42101e-19	173.226
6224	C	C	183.246	33.6913	13	13	5.42101e-19	183.246	5.42101e-19	5.42101e-19
6225	T	T	174.495	33.6913	13	13	0	1.40946e-17	0	174.495
6226	C	C	152.881	33.5025	12	11	7.26415e-17	152.881	7.26415e-17	2.09143e-15
6227	A	A	166.253	33.5025	12	12	166.253	1.35525e-17	7.58942e-17	1.35525e-17
6228	G	G	166.689	33.6913	13	12	8.67362e-17	3.25261e-18	166.689	3.25261e-18
6229	C	C	196.703	32.258	15	14	0	196.703	0	0
6230	C	C	195.785	32.258	15	14	0	195.785	0	0
6231	C	C	181.065	32.0567	14	13	0	181.065	0	3.25261e-18
6232	T	T	182.131	32.0567	14	14	0	2.71051e-18	0	182.131
6233	T	T	174.825	31.8354	13	13	0	1.30104e-17	0	174.825
6234	C	C	184.897	31.8354	13	13	5.42101e-19	184.897	5.42101e-19	5.42101e-19
6235	T	T	178.969	31.8354	13	13	5.42101e-19	4.33681e-18	5.42101e-19	178.969
6236	T	T	165.429	31.5907	12	12	1.35525e-17	9.75782e-17	1.35525e-17	165.429
6237	A	A	156.342	31.5907	12	12	156.342	1.35525e-17	9.81203e-16	1.35525e-17
6238	T	T	157.392	31.5907	12	12	1.30104e-17	7.64363e-16	1.30104e-17	157.392
6239	A	A	155.717	31.3182	11	11	155.717	3.88144e-16	3.88144e-16	3.88144e-16
6240	A	A	166.422	31.5907	12	12	166.422	1.35525e-17	7.20994e-17	1.35525e-17
6241	C	C	168.458	31.5907	12	12	2.05998e-17	168.458	2.05998e-17	2.05998e-17
6242	A	A	165.958	31.5907	12	12	165.958	1.35525e-17	8.29415e-17	1.35525e-17
6243	T	T	166.253	31.5907	12	12	1.35525e-17	7.58942e-17	1.35525e-17	166.253
6244	C	C	169.69	31.5907	12	12	1.57209e-17	169.69	1.57209e-17	1.57209e-17
6245	G	G	169.545	31.5907	12	12	1.57209e-17	1.57209e-17	169.545	1.6263e-17
6246	G	G	169.505	31.5907	12	12	1.6263e-17	1.6263e-17	169.505	1.6263e-17
6247	G	G	144.548	31.5907	12	11	1.42508e-14	4.94396e-16	144.548	4.94396e-16
6248	G	G	168.733	31.5907	12	12	1.89735e-17	1.89735e-17	168.733	1.95156e-17
6249	C	C	155.1	33.2895	11	11	4.47233e-16	155.1	4.47233e-16	4.47233e-16
6250	T	T	155.717	33.2895	11	11	3.88144e-16	3.88144e-16	3.88144e-16	155.717
6251	A	A	145.776	33.2895	11	11	145.776	3.88144e-16	1.07108e-14	3.88144e-16
6252	A	A	158.778	33.5025	12	12	158.778	1.35525e-17	5.48606e-16	1.35525e-17
6253	T	T	165.429	33.5025	12	12	1.35525e-17	9.75782e-17	1.35525e-17	165.429
6254	T	T	151.603	33.2895	11	11	3.88144e-16	2.22641e-15	3.88144e-16	151.603
6255	A	A	157.451	33.5025	12	12	157.451	1.35525e-17	7.54063e-16	1.35525e-17
6256	T	T	150	37	12	12	1.30104e-17	4.31512e-15	1.30104e-17	150
6257	G	G	165.553	37	13	12	1.12757e-16	4.33681e-18	165.553	4.33681e-18
6258	T	T	151.242	37	12	12	1.35525e-17	3.23526e-15	1.35525e-17	151.242
6259	G	G	152.211	37	12	11	2.44162e-15	8.5652e-17	152.211	8.45678e-17
6260	A	A	170.932	37	13	13	170.932	5.42101e-19	3.41524e-17	5.42101e-19
6261	T	T	159.658	37	12	12	1.35525e-17	4.42897e-16	1.35525e-17	159.658
6262	T	T	151.368	37	11	11	3.88144e-16	2.39311e-15	3.88144e-16	151.368
6263	T	T	151.574	37	11	11	3.88144e-16	2.24674e-15	3.88144e-16	151.574
6264	C	C	155.007	37	11	11	4.56991e-16	155.007	4.56991e-16	4.56991e-16
6265	A	A	151.368	37	11	11	151.368	3.88144e-16	2.39311e-15	3.88144e-16
6266	C	C	155.716	37	11	11	3.88144e-16	155.716	3.88144e-16	3.88144e-16
6267	T	T	164.26	37	12	12	1.35525e-17	1.35525e-16	1.35525e-17	164.26
6268	T	T	156.721	37	12	12	1.35525e-17	8.97177e-16	1.35525e-17	156.721
6269	T	T	158.399	37	12	12	1.35525e-17	6.00648e-16	1.35525e-17	158.399
6270	A	A	160.656	37	12	12	160.656	1.35525e-17	3.46403e-16	1.35525e-17
6271	A	A	159.689	37	12	12	159.689	1.35525e-17	4.39644e-16	1.35525e-17
6272	C	C	182.635	37	13	13	5.42101e-19	182.635	5.42101e-19	5.42101e-19
6273	T	T	190.432	37	15	15	0	5.42101e-19	0	190.432
6274	C	C	208.693	37	15	15	0	208.693	0	0
6275	T	T	166.202	37	13	13	5.42101e-19	1.02999e-16	5.42101e-19	166.202
6276	A	A	184.897	37	13	13	184.897	5.42101e-19	5.42101e-19	5.42101e-19
6277	T	T	179.648	37	14	14	0	4.87891e-18	0	179.648
6278	A	A	195.925	37	14	14	195.925	0	0	0
6279	C	C	198.627	37	14	14	0	198.627	0	0
6280	T	T	201.044	37	15	15	0	0	0	201.044
6281	C	C	212.384	37	15	15	0	212.384	0	0
6282	T	T	215.508	37	16	16	0	0	0	215.508
6283	T	T	202.431	37	15	15	0	0	0	202.431
6284	A	A	209.933	37	15	15	209.933	0	0	0
6285	T	T	210.023	37	15	15	0	0	0	210.023
6286	T	T	210.515	37	15	15	0	0	0	210.515
6287	A	A	215.634	37	16	16	215.634	0	0	0
6288	T	T	209.198	37	15	15	0	0	0	209.198
6289	T	T	220.65	37	17	17	0	0	0	220.65
6290	G	G	228.586	37	17	16	0	0	228.586	0
6291	C	C	210.154	37	16	15	0	210.154	0	0
6292	T	T	222.961	37	17	17	0	0	0	222.961
6293	A	A	268.087	37	19	19	268.087	0	0	0
6294	G	G	270.743	37	19	19	0	0	270.743	0
6295	G	G	270	37	19	19	0	0	270	0
6296	C	C	239.299	37	18	17	0	239.299	0	0
6297	C	C	239.803	37	18	17	0	239.803	0	0
6298	T	T	257.846	37	18	18	0	0	0	257.846
6299	T	T	243.256	37	17	17	0	0	0	243.256
6300	T	T	243.256	37	17	17	0	0	0	243.256
6301	C	C	282.234	34.5884	20	20	0	282.234	0	0
6302	A	A	269.072	34.5884	20	20	269.072	0	0	0
6303	A	A	268.206	34.5884	20	20	268.206	0	0	0
6304	C	C	281.293	34.6774	21	20	0	281.293	0	0
6305	C	C	266.762	34.5884	20	19	0	266.762	0	0
6306	A	A	259.521	34.4921	19	19	259.521	0	0	0
6307	A	A	268.321	34.4921	19	19	268.321	0	0	0
6308	T	T	261.787	34.4921	19	19	0	0	0	261.787
6309	A	A	259.881	34.4921	19	19	259.881	0	0	0
6310	T	T	259.542	34.4921	19	19	0	0	0	259.542
6311	A	A	268.087	34.4921	19	19	268.087	0	0	0
6312	C	C	246.954	34.4921	19	18	0	246.954	0	0
6313	T	T	268.382	34.4921	19	19	0	0	0	268.382
6314	C	C	257.229	34.3875	18	18	0	257.229	0	0
6315	A	A	239.211	34.3875	18	18	239.211	0	0	0
6316	C	C	270.862	34.4921	19	19	0	270.862	0	0
6317	C	C	256.787	34.3875	18	18	0	256.787	0	0
6318	A	A	265.647	34.5884	20	20	265.647	0	0	0
6319	T	T	257.473	34.5884	20	20	0	0	0	257.473
6320	G	G	270.029	37	19	19	0	0	270.029	0
6321	T	T	239.855	37	18	18	0	0	0	239.855
6322	A	A	246.317	37	18	18	246.317	0	0	0
6323	T	T	254.285	37	18	18	0	0	0	254.285
6324	C	C	243.256	37	17	17	0	243.256	0	0
6325	A	A	230.362	37	17	17	230.362	0	0	0
6326	T	T	237.209	37	17	17	0	0	0	237.209
6327	T	T	244.26	37	18	18	0	0	0	244.26
6328	G	G	236.203	37	19	17	0	0	236.203	0
6329	G	G	256.355	37	18	18	0	0	256.355	0
6330	T	T	239.892	37	18	18	0	0	0	239.892
6331	G	G	238.681	37	18	17	0	0	238.681	0
6332	A	A	231.353	37	17	17	231.353	0	0	0
6333	C	C	243.256	37	17	17	0	243.256	0	0
6334	T	T	228.666	37	16	16	0	0	0	228.666
6335	G	G	212.039	37	15	15	0	0	212.039	0
6336	G	G	211.733	37	15	15	0	0	211.733	0
6337	A	A	195.422	37	15	15	195.422	0	0	0
6338	T	T	214.076	37	15	15	0	0	0	214.076
6339	A	A	182.074	37	15	15	182.074	0	2.71051e-18	0
6340	T	T	170.307	37	12	12	1.35525e-17	1.35525e-17	1.35525e-17	170.307
6341	T	T	178.85	37	13	13	0	4.33681e-18	0	178.85
6342	C	C	183.914	37	13	13	5.42101e-19	183.914	5.42101e-19	5.42101e-19
6343	A	A	193.559	37	14	14	193.559	0	0	0
6344	T	T	173.252	37	13	13	5.42101e-19	1.95156e-17	5.42101e-19	173.252
6345	C	C	183.405	37	13	13	5.42101e-19	183.405	5.42101e-19	5.42101e-19
6346	G	G	116.907	37	13	10	8.85257e-12	3.70797e-16	116.907	3.70797e-16
6347	A	A	160.349	37	13	13	160.349	5.42101e-19	4.00071e-16	5.42101e-19
6348	G	G	165.755	37	13	12	1.0842e-16	3.25261e-18	165.755	3.25261e-18
6349	A	A	163.002	37	14	14	163.002	0	2.17383e-16	0
6350	G	G	180.43	37	13	13	1.0842e-18	1.0842e-18	180.43	1.0842e-18
6351	A	A	168.475	37	14	14	168.475	0	6.17995e-17	0
6352	G	G	167.943	37	12	12	2.33103e-17	2.33103e-17	167.943	2.33103e-17
6353	T	T	138.129	37	11	11	3.88144e-16	6.60393e-14	3.88144e-16	138.129
6354	A	A	151.031	37	11	11	151.031	3.88144e-16	2.64871e-15	3.88144e-16
6355	C	C	167.335	37	12	12	2.6563e-17	167.335	2.6563e-17	2.6563e-17
6356	A	A	155.717	37	11	11	155.717	3.88144e-16	3.88144e-16	3.88144e-16
6357	T	T	151.368	37	11	11	3.88144e-16	2.39311e-15	3.88144e-16	151.368
6358	T	T	151.574	37	11	11	3.88144e-16	2.24674e-15	3.88144e-16	151.574
6359	T	T	151.832	37	11	11	3.88144e-16	2.07218e-15	3.88144e-16	151.832
6360	C	C	155.717	37	11	11	3.88144e-16	155.717	3.88144e-16	3.88144e-16
6361	A	A	155.717	37	11	11	155.717	3.88144e-16	3.88144e-16	3.88144e-16
6362	A	A	152.156	37	11	11	152.156	3.88144e-16	1.86727e-15	3.88144e-16
6363	G	G	168.914	37	12	12	1.89735e-17	1.89735e-17	168.914	1.84314e-17
6364	G	G	167.941	37	12	12	2.33103e-17	2.33103e-17	167.941	2.33103e-17
6365	A	A	159.029	37	13	13	159.029	5.42101e-19	5.42101e-16	5.42101e-19
6366	C	C	183.048	37	13	13	5.42101e-19	183.048	5.42101e-19	5.42101e-19
6367	A	A	141.634	37	12	12	141.634	1.35525e-17	2.97852e-14	1.35525e-17
6368	T	T	151.664	37	11	11	3.88144e-16	2.18467e-15	3.88144e-16	151.664
6369	C	C	140.51	37	10	10	1.28727e-14	140.51	1.28722e-14	1.28725e-14
6370	A	A	97.8764	37	9	9	97.8764	3.4954e-13	7.07498e-10	3.37237e-13
6371	C	C	111.947	37	8	8	9.24553e-12	111.947	9.24514e-12	9.24534e-12
6372	A	A	103.036	37	9	9	103.036	3.21331e-13	2.15204e-10	3.21315e-13
6373	C	C	81.2448	37	7	6	1.05961e-09	81.2448	1.05958e-09	3.04875e-08
6374	T	T	78.6537	37	6	6	7.65388e-09	4.3905e-08	7.65415e-09	78.6537
6375	C	C	82.006	37	6	6	9.12154e-09	82.006	9.12125e-09	9.1214e-09
6376	C	C	95.1671	37	7	7	4.40514e-10	95.1671	4.40498e-10	4.40506e-10
6377	T	T	92.4798	37	7	7	2.6601e-10	1.92156e-09	2.66021e-10	92.4798
6378	G	G	51.2632	37	7	5	3.23902e-05	3.91243e-08	51.2632	3.91247e-08
6379	T	T	93.3042	37	7	7	2.6601e-10	1.49734e-09	2.66021e-10	93.3042
6380	T	T	93.7968	37	7	7	2.66011e-10	1.27975e-09	2.66022e-10	93.7968
6381	G	G	95.1671	37	7	7	4.40504e-10	4.40497e-10	95.1671	4.40512e-10
6382	T	T	82.7677	37	6	6	7.65389e-09	7.65399e-09	7.65415e-09	82.7677
6383	C	C	95.5611	37	8	7	3.92214e-11	95.5611	3.92186e-11	1.12848e-09
6384	C	C	75.5238	37	8	6	1.46688e-10	75.5238	1.46685e-10	1.21438e-07
6385	A	A	99.8273	37	8	8	99.8273	9.24557e-12	4.33419e-10	9.24516e-12
6386	A	A	93.3042	37	7	7	93.3042	2.6602e-10	1.49733e-09	2.6601e-10
6387	A	A	93.2435	37	7	7	93.2435	2.6602e-10	1.52591e-09	2.6601e-10
6388	T	T	97.3576	37	7	7	2.6601e-10	2.66015e-10	2.66021e-10	97.3576
6389	G	G	95.7842	37	7	7	3.82158e-10	3.82154e-10	95.7842	3.82165e-10
6390	G	G	82.0579	37	6	6	9.01296e-09	9.0129e-09	82.0579	9.0131e-09
6391	G	G	81.9768	37	6	6	9.1828e-09	9.18263e-09	81.9768	9.18323e-09
6392	A	A	78.4191	37	6	6	78.4191	7.65413e-09	4.71918e-08	7.65388e-09
6393	G	G	81.0757	37	6	6	1.13004e-08	1.13003e-08	81.0757	1.13006e-08
6394	T	T	82.7677	37	6	6	7.65389e-09	7.65402e-09	7.65416e-09	82.7677
6395	T	T	68.1778	37	5	5	2.20229e-07	2.20233e-07	2.20239e-07	68.1778
6396	C	C	68.1779	37	5	5	2.20233e-07	68.1779	2.20225e-07	2.2023e-07
6397	G	G	53.5086	37	5	4	1.81026e-05	6.29155e-07	53.5086	6.29161e-07
6398	G	G	68.178	37	5	5	2.20225e-07	2.20223e-07	68.178	2.20227e-07
6399	T	T	68.9421	37	6	6	7.65389e-09	5.38776e-07	7.65416e-09	68.9421
6400	C	C	65.8738	37	6	5	3.64956e-08	65.8738	3.64946e-08	1.05007e-06
6401	C	C	94.2413	37	7	7	5.45188e-10	94.2413	5.45162e-10	5.45178e-10
6402	G	G	96.6474	37	7	7	3.13268e-10	3.13263e-10	96.6474	3.13282e-10
6403	G	G	96.5671	37	7	7	3.19119e-10	3.19116e-10	96.5671	3.19124e-10
6404	A	A	107.599	37	8	8	107.599	9.24556e-12	5.70033e-11	9.24516e-12
6405	A	A	107.262	37	8	8	107.262	9.24556e-12	6.30915e-11	9.24516e-12
6406	T	T	107.833	37	8	8	9.24516e-12	5.30337e-11	9.24561e-12	107.833
6407	A	A	108.062	37	8	8	108.062	9.24559e-12	4.93574e-11	9.24517e-12
6408	G	G	111.157	37	8	8	1.1091e-11	1.10909e-11	111.157	1.10912e-11
6409	T	T	107.833	37	8	8	9.24518e-12	5.30339e-11	9.24564e-12	107.833
6410	C	C	111.186	37	8	8	1.10183e-11	111.186	1.10177e-11	1.10181e-11
6411	C	C	94.0692	37	8	7	5.52968e-11	94.0692	5.52945e-11	1.59102e-09
6412	T	T	106.02	37	8	8	9.24516e-12	9.00936e-11	9.24561e-12	106.02
6413	A	A	111.947	37	8	8	111.947	9.24556e-12	9.24522e-12	9.24516e-12
6414	T	T	107.833	37	8	8	9.24516e-12	5.30337e-11	9.24561e-12	107.833
6415	T	T	107.894	37	8	8	9.24516e-12	5.20405e-11	9.24561e-12	107.894
6416	T	T	108.387	37	8	8	9.24516e-12	4.44779e-11	9.24561e-12	108.387
6417	A	A	126.52	37	9	9	126.52	3.23015e-13	3.2241e-13	3.22296e-13
6418	T	T	121.852	37	9	9	3.21315e-13	2.19278e-12	3.21332e-13	121.852
6419	C	C	96.6999	37	10	8	1.11889e-12	96.6999	1.11884e-12	9.26284e-10
6420	C	C	152.299	37	11	11	8.52725e-16	152.299	8.52725e-16	8.52725e-16
6421	T	T	136.935	37	11	11	3.88144e-16	8.71856e-14	3.88144e-16	136.935
6422	A	A	149.671	37	11	11	149.671	3.88144e-16	3.90882e-15	3.88144e-16
6423	T	T	130.726	37	10	10	1.11673e-14	3.45106e-13	1.11681e-14	130.726
6424	C	C	140.417	37	10	10	1.31508e-14	140.417	1.31503e-14	1.31508e-14
6425	A	A	155.717	37	11	11	155.717	3.88144e-16	3.88144e-16	3.88144e-16
6426	G	G	155.717	37	11	11	3.88144e-16	3.88144e-16	155.717	3.88144e-16
6427	A	A	155.717	37	11	11	155.717	3.88144e-16	3.88144e-16	3.88144e-16
6428	A	A	155.717	37	11	11	155.717	3.88144e-16	3.88144e-16	3.88144e-16
6429	G	G	155.007	37	11	11	4.56991e-16	4.56991e-16	155.007	4.56991e-16
6430	T	T	155.717	37	11	11	3.88144e-16	3.88144e-16	3.88144e-16	155.717
6431	A	A	144.726	37	11	11	144.726	3.88144e-16	1.3852e-14	3.88144e-16
6432	T	T	164.379	37	12	12	1.35525e-17	1.31188e-16	1.35525e-17	164.379
6433	T	T	170.932	37	13	13	5.42101e-19	3.41524e-17	5.42101e-19	170.932
6434	C	C	153.165	37	12	11	6.83047e-17	153.165	6.83047e-17	1.95915e-15
6435	T	T	144.841	37	11	11	3.88144e-16	1.34701e-14	3.88144e-16	144.841
6436	T	T	145.739	37	11	11	3.88144e-16	1.08081e-14	3.88144e-16	145.739
6437	C	C	155.007	37	11	11	4.56991e-16	155.007	4.56991e-16	4.56991e-16
6438	T	T	169.662	37	13	13	5.42101e-19	4.60786e-17	5.42101e-19	169.662
6439	T	T	177.281	37	14	14	0	8.13152e-18	0	177.281
6440	T	T	184.701	37	15	15	0	1.6263e-18	0	184.701
6441	G	G	214.076	37	15	15	0	0	214.076	0
6442	C	C	195.158	37	15	14	0	195.158	0	0
6443	A	A	224.781	37	16	16	224.781	0	0	0
6444	G	G	227.875	37	16	16	0	0	227.875	0
6445	G	G	182.257	37	16	14	2.1684e-18	0	182.257	0
6446	A	A	231.846	37	17	17	231.846	0	0	0
6447	T	T	236.702	37	18	18	0	0	0	236.702
6448	T	T	236.637	37	18	18	0	0	0	236.637
6449	C	C	255.242	37	18	18	0	255.242	0	0
6450	T	T	225.629	37	17	17	0	0	0	225.629
6451	T	T	232.855	37	17	17	0	0	0	232.855
6452	C	C	238.775	37	18	17	0	238.775	0	0
6453	T	T	253.159	37	18	18	0	0	0	253.159
6454	G	G	237.293	37	18	17	0	0	237.293	0
6455	A	A	220.603	37	18	18	220.603	0	0	0
6456	G	G	226.264	37	16	16	0	0	226.264	0
6457	C	C	228.666	37	16	16	0	228.666	0	0
6458	T	T	237.089	37	17	17	0	0	0	237.089
6459	T	T	215.066	37	16	16	0	0	0	215.066
6460	T	T	202.169	37	15	15	0	0	0	202.169
6461	T	T	203.381	37	15	15	0	0	0	203.381
6462	T	T	203.789	37	15	15	0	0	0	203.789
6463	A	A	179.794	37	14	14	179.794	0	4.33681e-18	0
6464	T	T	213.571	37	16	16	0	0	0	213.571
6465	C	C	197.369	37	14	14	0	197.369	0	0
6466	A	A	186.631	37	14	14	186.631	0	1.0842e-18	0
6467	C	C	179.884	37	14	13	0	179.884	0	4.33681e-18
6468	T	T	186.969	37	15	15	0	1.0842e-18	0	186.969
6469	C	C	197.568	37	14	14	0	197.568	0	0
6470	A	A	195.372	37	14	14	195.372	0	0	0
6471	A	A	209.198	37	15	15	209.198	0	0	0
6472	G	G	199.264	37	15	14	0	0	199.264	0
6473	C	C	211.65	37	15	15	0	211.65	0	0
6474	C	C	208.914	37	16	15	0	208.914	0	0
6475	T	T	210.087	37	16	16	0	0	0	210.087
6476	A	A	228.666	37	16	16	228.666	0	0	0
6477	G	G	227.338	37	16	16	0	0	227.338	0
6478	G	G	225.787	37	16	16	0	0	225.787	0
6479	A	A	217.404	37	17	17	217.404	0	0	0
6480	C	C	230.513	37	18	17	0	230.513	0	0
6481	C	C	220.421	37	18	16	0	220.421	0	0
6482	C	C	227.123	37	16	16	0	227.123	0	0
6483	A	A	188.983	37	14	14	188.983	0	5.42101e-19	0
6484	C	C	198.869	37	14	14	0	198.869	0	0
6485	T	T	199.486	37	14	14	0	0	0	199.486
6486	C	C	212.503	37	15	15	0	212.503	0	0
6487	C	C	183.838	37	13	13	5.42101e-19	183.838	5.42101e-19	5.42101e-19
6488	C	C	197.132	37	14	14	0	197.132	0	0
6489	G	G	212.431	37	15	15	0	0	212.431	0
6490	A	A	199.485	37	14	14	199.485	0	0	0
6491	A	A	199.486	37	14	14	199.486	0	0	0
6492	C	C	197.856	37	15	14	0	197.856	0	0
6493	T	T	202.766	37	15	15	0	0	0	202.766
6494	A	A	214.076	37	15	15	214.076	0	0	0
6495	G	G	228.666	37	16	16	0	0	228.666	0
6496	G	G	228.666	37	16	16	0	0	228.666	0
6497	A	A	239.664	37	17	17	239.664	0	0	0
6498	G	G	241.836	37	17	17	0	0	241.836	0
6499	C	C	241.765	37	17	17	0	241.765	0	0
6500	A	A	231.619	37	17	17	231.619	0	0	0
6501	T	T	239.695	37	17	17	0	0	0	239.695
6502	G	G	240.973	37	17	17	0	0	240.973	0
6503	C	C	227.684	37	16	16	0	227.684	0	0
6504	T	T	224.317	37	16	16	0	0	0	224.317
6505	G	G	241.564	37	17	17	0	0	241.564	0
6506	A	A	237.658	37	18	18	237.658	0	0	0
6507	C	C	238.1	37	18	17	0	238.1	0	0
6508	C	C	238.81	37	18	17	0	238.81	0	0
6509	A	A	236.948	37	18	18	236.948	0	0	0
6510	C	C	241.877	37	17	17	0	241.877	0	0
6511	C	C	216.365	37	17	16	0	216.365	0	0
6512	C	C	242.197	37	17	17	0	242.197	0	0
6513	A	A	237.697	37	18	18	237.697	0	0	0
6514	C	C	241.512	37	17	17	0	241.512	0	0
6515	A	A	230.097	37	17	17	230.097	0	0	0
6516	G	G	226.974	37	16	16	0	0	226.974	0
6517	G	G	226.231	37	16	16	0	0	226.231	0
6518	T	T	214.076	37	15	15	0	0	0	214.076
6519	A	A	209.391	37	15	15	209.391	0	0	0
6520	T	T	214.076	37	15	15	0	0	0	214.076
6521	T	T	199.486	37	14	14	0	0	0	199.486
6522	C	C	199.486	37	14	14	0	199.486	0	0
6523	C	C	199.486	37	14	14	0	199.486	0	0
6524	T	T	199.486	37	14	14	0	0	0	199.486
6525	C	C	199.486	37	14	14	0	199.486	0	0
6526	C	C	184.817	37	14	13	0	184.817	0	1.0842e-18
6527	C	C	198.504	37	14	14	0	198.504	0	0
6528	G	G	213.314	37	15	15	0	0	213.314	0
6529	T	T	202.667	37	15	15	0	0	0	202.667
6530	A	A	217.784	37	16	16	217.784	0	0	0
6531	A	A	208.741	37	16	16	208.741	0	0	0
6532	A	A	203.382	37	15	15	203.382	0	0	0
6533	C	C	197.001	37	15	14	0	197.001	0	0
6534	C	C	226.382	37	16	16	0	226.382	0	0
6535	C	C	213.018	37	15	15	0	213.018	0	0
6536	G	G	213.286	37	15	15	0	0	213.286	0
6537	C	C	212.332	37	15	15	0	212.332	0	0
6538	T	T	203.842	37	15	15	0	0	0	203.842
6539	A	A	208.479	37	16	16	208.479	0	0	0
6540	G	G	210.732	37	16	15	0	0	210.732	0
6541	A	A	224.921	37	17	17	224.921	0	0	0
6542	A	A	214.873	37	17	17	214.873	0	0	0
6543	G	G	176.746	37	17	14	8.67362e-18	0	176.746	0
6544	T	T	214.769	37	17	17	0	0	0	214.769
6545	C	C	240.799	37	17	17	0	240.799	0	0
6546	C	C	227.123	37	16	16	0	227.123	0	0
6547	C	C	196.263	37	15	14	0	196.263	0	0
6548	A	A	202.431	37	15	15	202.431	0	0	0
6549	C	C	213.094	37	15	15	0	213.094	0	0
6550	T	T	195.138	37	14	14	0	0	0	195.138
6551	T	T	195.343	37	14	14	0	0	0	195.343
6552	C	C	184.187	37	13	13	5.42101e-19	184.187	5.42101e-19	5.42101e-19
6553	T	T	183.833	37	13	13	5.42101e-19	5.42101e-19	5.42101e-19	183.833
6554	C	C	170.307	37	12	12	1.35525e-17	170.307	1.35525e-17	1.35525e-17
6555	A	A	184.897	37	13	13	184.897	5.42101e-19	5.42101e-19	5.42101e-19
6556	A	A	199.486	37	14	14	199.486	0	0	0
6557	C	C	197.723	37	14	14	0	197.723	0	0
6558	A	A	199.486	37	14	14	199.486	0	0	0
6559	C	C	198.079	37	14	14	0	198.079	0	0
6560	T	T	195.601	37	14	14	0	0	0	195.601
6561	T	T	208.149	37	15	15	0	0	0	208.149
6562	G	G	214.076	37	15	15	0	0	214.076	0
6563	G	G	214.076	37	15	15	0	0	214.076	0
6564	G	G	213.459	37	15	15	0	0	213.459	0
6565	T	T	216.546	37	16	16	0	0	0	216.546
6566	A	A	224.552	37	16	16	224.552	0	0	0
6567	C	C	229.146	37	18	17	0	229.146	0	0
6568	T	T	238.154	37	18	18	0	0	0	238.154
6569	T	T	225.668	37	17	17	0	0	0	225.668
6570	C	C	241.704	37	17	17	0	241.704	0	0
6571	T	T	233.605	37	17	17	0	0	0	233.605
6572	T	T	237.329	37	17	17	0	0	0	237.329
6573	G	G	240.906	37	17	17	0	0	240.906	0
6574	C	C	255.491	37	18	18	0	255.491	0	0
6575	A	A	219.668	37	18	18	219.668	0	0	0
6576	T	T	218.725	37	16	16	0	0	0	218.725
6577	C	C	227.903	37	16	16	0	227.903	0	0
6578	C	C	201.704	37	16	15	0	201.704	0	0
6579	G	G	199.486	37	14	14	0	0	199.486	0
6580	G	G	197.357	37	14	14	0	0	197.357	0
6581	A	A	181.336	37	14	14	181.336	0	3.25261e-18	0
6582	G	G	196.908	37	14	14	0	0	196.908	0
6583	T	T	208.03	37	15	15	0	0	0	208.03
6584	G	G	195.407	37	15	14	0	0	195.407	0
6585	T	T	176.425	33.86	14	14	0	9.75782e-18	0	176.425
6586	G	G	197.865	33.86	14	14	0	0	197.865	0
6587	C	C	173.68	34.0116	15	13	0	173.68	0	1.95156e-17
6588	A	A	200.111	34.0116	15	15	200.111	0	0	0
6589	T	T	191.692	34.1488	16	16	0	5.42101e-19	0	191.692
6590	T	T	194.629	34.0116	15	15	0	0	0	194.629
6591	A	A	203.2	34.0116	15	15	203.2	0	0	0
6592	C	C	196.211	34.0116	15	14	0	196.211	0	0
6593	C	C	208.997	34.0116	15	15	0	208.997	0	0
6594	T	T	207.909	34.0116	15	15	0	0	0	207.909
6595	G	G	196.923	33.86	14	14	0	0	196.923	0
6596	A	A	178.404	33.86	14	14	178.404	0	6.50521e-18	0
6597	G	G	182.144	33.86	14	13	2.1684e-18	0	182.144	0
6598	C	C	197.794	33.86	14	14	0	197.794	0	0
6599	T	T	165.958	33.5025	12	12	1.35525e-17	8.29415e-17	1.35525e-17	165.958
6600	C	C	169.516	33.5025	12	12	1.6263e-17	169.516	1.6263e-17	1.6263e-17
6601	A	A	160.442	33.5025	12	12	160.442	1.35525e-17	3.65376e-16	1.35525e-17
6602	C	C	170.307	33.5025	12	12	1.35525e-17	170.307	1.35525e-17	1.35525e-17
6603	C	C	183.251	33.6913	13	13	5.42101e-19	183.251	5.42101e-19	5.42101e-19
6604	A	A	163.667	33.6913	13	13	163.667	5.42101e-19	1.85941e-16	5.42101e-19
6605	C	C	169.447	33.5025	12	12	1.6263e-17	169.447	1.6263e-17	1.6263e-17
6606	A	A	150.839	33.2895	11	11	150.839	3.88144e-16	2.80375e-15	3.88144e-16
6607	G	G	140.904	33.2895	11	10	3.29738e-14	1.146e-15	140.904	1.146e-15
6608	C	C	154.072	37	11	11	5.67038e-16	154.072	5.67038e-16	5.67038e-16
6609	T	T	156.721	37	12	12	1.35525e-17	8.97177e-16	1.35525e-17	156.721
6610	T	T	158.4	37	12	12	1.35525e-17	6.00648e-16	1.35525e-17	158.4
6611	A	A	174.486	37	13	13	174.486	5.42101e-19	1.46367e-17	5.42101e-19
6612	A	A	166.823	37	13	13	166.823	5.42101e-19	8.94467e-17	5.42101e-19
6613	T	T	174.662	37	13	13	0	1.35525e-17	0	174.662
6614	A	A	163.376	37	13	13	163.376	5.42101e-19	1.98409e-16	5.42101e-19
6615	G	G	154.655	37	12	11	1.38995e-15	4.87891e-17	154.655	4.87891e-17
6616	A	A	149.671	37	11	11	149.671	3.88144e-16	3.90909e-15	3.88144e-16
6617	G	G	141.127	37	10	10	1.11678e-14	1.11673e-14	141.127	1.11681e-14
6618	G	G	170.307	37	12	12	1.35525e-17	1.35525e-17	170.307	1.35525e-17
6619	G	G	199.486	37	14	14	0	0	199.486	0
6620	A	A	199.486	37	14	14	199.486	0	0	0
6621	A	A	199.486	37	14	14	199.486	0	0	0
6622	G	G	198.869	37	14	14	0	0	198.869	0
6623	C	C	211.012	37	15	15	0	211.012	0	0
6624	C	C	212.871	37	16	15	0	212.871	0	0
6625	G	G	202.145	37	16	15	0	0	202.145	0
6626	C	C	215.411	37	17	16	0	215.411	0	0
6627	A	A	223.788	37	16	16	223.788	0	0	0
6628	A	A	209.867	37	16	16	209.867	0	0	0
6629	G	G	212.553	37	15	15	0	0	212.553	0
6630	G	G	212.514	37	15	15	0	0	212.514	0
6631	A	A	209.406	37	16	16	209.406	0	0	0
6632	C	C	225.322	37	17	16	0	225.322	0	0
6633	A	A	209.962	37	15	15	209.962	0	0	0
6634	T	T	203.382	37	15	15	0	0	0	203.382
6635	A	A	208.149	37	15	15	208.149	0	0	0
6636	C	C	211.886	37	15	15	0	211.886	0	0
6637	T	T	209.198	37	15	15	0	0	0	209.198
6638	C	C	196.962	37	15	14	0	196.962	0	0
6639	C	C	226.259	37	16	16	0	226.259	0	0
6640	A	A	216.408	37	16	16	216.408	0	0	0
6641	A	A	210.023	37	15	15	210.023	0	0	0
6642	G	G	213.295	37	15	15	0	0	213.295	0
6643	C	C	222.612	37	17	16	0	222.612	0	0
6644	C	C	241.214	37	17	17	0	241.214	0	0
6645	C	C	226.953	37	16	16	0	226.953	0	0
6646	T	T	222.982	37	17	17	0	0	0	222.982
6647	A	A	221.929	37	17	17	221.929	0	0	0
6648	T	T	224.521	37	16	16	0	0	0	224.521
6649	G	G	199.264	37	15	14	0	0	199.264	0
6650	C	C	181.608	37	14	13	0	181.608	0	3.25261e-18
6651	A	A	199.486	37	14	14	199.486	0	0	0
6652	T	T	199.486	37	14	14	0	0	0	199.486
6653	T	T	199.486	37	14	14	0	0	0	199.486
6654	A	A	188.61	37	14	14	188.61	0	5.42101e-19	0
6655	C	C	199.486	37	14	14	0	199.486	0	0
6656	T	T	199.486	37	14	14	0	0	0	199.486
6657	A	A	172.776	37	13	13	172.776	5.42101e-19	2.22261e-17	5.42101e-19
6658	T	T	170.307	37	12	12	1.35525e-17	1.35525e-17	1.35525e-17	170.307
6659	T	T	170.307	37	12	12	1.35525e-17	1.35525e-17	1.35525e-17	170.307
6660	T	T	170.307	37	12	12	1.35525e-17	1.35525e-17	1.35525e-17	170.307
6661	C	C	170.307	37	12	12	1.35525e-17	170.307	1.35525e-17	1.35525e-17
6662	T	T	155.717	37	11	11	3.88144e-16	3.88144e-16	3.88144e-16	155.717
6663	C	C	155.717	37	11	11	3.88144e-16	155.717	3.88144e-16	3.88144e-16
6664	T	T	155.717	37	11	11	3.88144e-16	3.88144e-16	3.88144e-16	155.717
6665	A	A	142.42	37	11	11	142.42	3.88144e-16	2.41026e-14	3.88144e-16
6666	G	G	139.435	37	10	10	1.6488e-14	1.6488e-14	139.435	1.64885e-14
6667	G	G	135.67	37	11	10	1.1004e-13	3.82398e-15	135.67	3.82507e-15
6668	C	C	140.069	37	10	10	1.42502e-14	140.069	1.42497e-14	1.42497e-14
6669	G	G	138.504	37	10	10	2.0428e-14	2.0428e-14	138.504	2.04285e-14
6670	T	T	142.798	37	11	11	3.88686e-16	2.20264e-14	3.88958e-16	142.798
6671	G	G	137.147	37	10	10	2.79225e-14	2.7922e-14	137.147	2.79236e-14
6672	T	T	107.599	37	8	8	9.24516e-12	5.70038e-11	9.24559e-12	107.599
6673	C	C	111.157	37	8	8	1.10914e-11	111.157	1.10909e-11	1.10911e-11
6674	C	C	86.5373	37	8	7	3.13255e-10	86.5373	3.13245e-10	9.01309e-09
6675	T	T	97.3576	37	7	7	2.6601e-10	2.66014e-10	2.66021e-10	97.3576
6676	T	T	97.3576	37	7	7	2.6601e-10	2.66014e-10	2.66021e-10	97.3576
6677	T	T	97.3576	37	7	7	2.6601e-10	2.66014e-10	2.66021e-10	97.3576
6678	A	A	82.7672	37	6	6	82.7672	7.65538e-09	7.65492e-09	7.65458e-09
6679	C	C	66.4724	37	8	6	1.20284e-09	66.4724	1.16998e-09	9.76097e-07
6680	A	A	111.947	37	8	8	111.947	9.24559e-12	9.24532e-12	9.24516e-12
6681	C	C	110.229	37	8	8	1.37344e-11	110.229	1.37338e-11	1.37341e-11
6682	T	T	101.216	37	8	8	9.24516e-12	3.09772e-10	9.24558e-12	101.216
6683	C	C	105.766	37	9	8	3.99629e-12	105.766	3.63696e-12	1.07495e-10
6684	C	C	125.555	37	9	9	4.02878e-13	125.555	4.02861e-13	4.02868e-13
6685	T	T	122.189	37	9	9	3.21316e-13	1.98116e-12	3.21332e-13	122.189
6686	A	A	126.537	37	9	9	126.537	3.21333e-13	3.21322e-13	3.21316e-13
6687	C	C	125.827	37	9	9	3.78384e-13	125.827	3.78368e-13	3.78375e-13
6688	A	A	137.058	37	10	10	137.058	1.12264e-14	6.30737e-14	1.12014e-14
6689	A	A	137.013	37	10	10	137.013	1.11684e-14	6.40609e-14	1.11676e-14
6690	G	G	125.014	37	10	9	1.27989e-12	4.44816e-14	125.014	4.44837e-14
6691	C	C	123.931	37	10	9	5.70865e-14	123.931	5.70843e-14	1.64249e-12
6692	C	C	125.841	37	10	9	3.67756e-14	125.841	3.67745e-14	1.05812e-12
6693	T	T	142.131	37	11	11	3.87873e-16	2.58102e-14	3.88144e-16	142.131
6694	C	C	153.799	37	11	11	6.03901e-16	153.799	6.03359e-16	6.03359e-16
6695	A	A	151.574	37	11	11	151.574	3.88144e-16	2.24674e-15	3.88144e-16
6696	G	G	154.857	37	11	11	4.72712e-16	4.72712e-16	154.857	4.73254e-16
6697	A	A	165.621	37	12	12	165.621	1.35525e-17	9.21572e-17	1.35525e-17
6698	G	G	183.237	37	13	13	1.0842e-18	1.0842e-18	183.237	5.42101e-19
6699	T	T	158.935	37	12	12	1.35525e-17	5.28006e-16	1.35525e-17	158.935
6700	A	A	170.307	37	12	12	170.307	1.35525e-17	1.35525e-17	1.35525e-17
6701	C	C	151.638	37	12	11	9.6494e-17	151.638	9.6494e-17	2.78532e-15
6702	T	T	172.342	37	13	13	5.42101e-19	2.43945e-17	5.42101e-19	172.342
6703	A	A	180.843	37	13	13	180.843	5.42101e-19	2.71051e-18	5.42101e-19
6704	T	T	186.63	37	14	14	0	1.0842e-18	0	186.63
6705	G	G	198.428	37	14	14	0	0	198.428	0
6706	A	A	208.149	37	15	15	208.149	0	0	0
6707	G	G	189.376	37	15	14	0	0	189.376	0
6708	G	G	214.075	37	15	15	0	0	214.075	0
6709	C	C	212.426	37	15	15	0	212.426	0	0
6710	A	A	203.789	37	15	15	203.789	0	0	0
6711	T	T	210.191	37	15	15	0	0	0	210.191
6712	C	C	227.021	37	16	16	0	227.021	0	0
6713	G	G	227.461	37	17	16	0	0	227.461	0
6714	T	T	221.735	37	17	17	0	0	0	221.735
6715	T	T	209.536	37	16	16	0	0	0	209.536
6716	C	C	205.944	37	17	15	0	205.944	0	0
6717	A	A	239.371	37	17	17	239.371	0	0	0
6718	C	C	217.064	37	17	16	0	217.064	0	0
6719	T	T	239.203	37	17	17	0	0	0	239.203
6720	A	A	247.197	37	18	18	247.197	0	0	0
6721	T	T	253.16	37	18	18	0	0	0	253.16
6722	T	T	249.374	37	19	19	0	0	0	249.374
6723	T	T	252.623	37	19	19	0	0	0	252.623
6724	C	C	225.246	37	19	17	0	225.246	0	0
6725	A	A	245.516	37	18	18	245.516	0	0	0
6726	G	G	268.6	37	19	19	0	0	268.6	0
6727	A	A	253.792	37	18	18	253.792	0	0	0
6728	T	T	245.939	37	18	18	0	0	0	245.939
6729	G	G	256.787	37	18	18	0	0	256.787	0
6730	G	G	270.862	37	19	19	0	0	270.862	0
6731	A	A	257.846	37	18	18	257.846	0	0	0
6732	G	G	271.818	37	19	19	0	0	271.818	0
6733	T	T	266.041	34.5884	20	20	0	0	0	266.041
6734	C	C	269.436	34.5884	20	19	0	269.436	0	0
6735	T	T	276.329	34.5884	20	20	0	0	0	276.329
6736	A	A	274.132	34.5884	20	20	274.132	0	0	0
6737	C	C	263.081	34.6774	21	19	0	263.081	0	0
6738	G	G	284.545	34.6774	21	20	0	0	284.545	0
6739	G	G	297.853	34.6774	21	21	0	0	297.853	0
6740	C	C	285.473	34.5884	20	20	0	285.473	0	0
6741	T	T	277.374	34.5884	20	20	0	0	0	277.374
6742	C	C	287.025	34.5884	20	20	0	287.025	0	0
6743	A	A	257.201	34.4921	19	19	257.201	0	0	0
6744	A	A	243.256	34.2735	17	17	243.256	0	0	0
6745	C	C	243.256	34.2735	17	17	0	243.256	0	0
6746	T	T	243.256	34.2735	17	17	0	0	0	243.256
6747	T	T	243.256	34.2735	17	17	0	0	0	243.256
6748	T	T	243.256	34.2735	17	17	0	0	0	243.256
6749	T	T	243.255	34.2735	17	17	0	0	0	243.255
6750	T	T	251.781	34.3875	18	18	0	0	0	251.781
6751	T	T	258.85	34.4921	19	19	0	0	0	258.85
6752	C	C	270.518	34.4921	19	19	0	270.518	0	0
6753	A	A	276.953	34.5884	20	20	276.953	0	0	0
6754	T	T	273.232	34.6774	21	21	0	0	0	273.232
6755	A	A	269.436	34.6774	21	21	269.436	0	0	0
6756	G	G	281.013	34.6774	21	20	0	0	281.013	0
6757	C	C	300.115	34.6774	21	21	0	300.115	0	0
6758	G	G	231.615	37	19	17	0	0	231.615	0
6759	A	A	228.512	37	18	18	228.512	0	0	0
6760	C	C	203.966	37	16	15	0	203.966	0	0
6761	T	T	228.666	37	16	16	0	0	0	228.666
6762	G	G	224.655	37	16	16	0	0	224.655	0
6763	G	G	191.78	37	16	14	0	0	191.78	0
6764	A	A	202.469	37	15	15	202.469	0	0	0
6765	T	T	209.962	37	15	15	0	0	0	209.962
6766	T	T	195.433	37	14	14	0	0	0	195.433
6767	T	T	181.336	37	13	13	5.42101e-19	2.1684e-18	5.42101e-19	181.336
6768	C	C	184.897	37	13	13	5.42101e-19	184.897	5.42101e-19	5.42101e-19
6769	A	A	156.834	37	13	13	156.834	5.42101e-19	8.99346e-16	5.42101e-19
6770	C	C	170.307	37	12	12	1.35525e-17	170.307	1.35525e-17	1.35525e-17
6771	G	G	167.528	37	13	12	7.15573e-17	2.1684e-18	167.528	2.1684e-18
6772	G	G	153.362	37	11	11	6.67869e-16	6.67869e-16	153.362	6.67326e-16
6773	A	A	136.984	37	10	10	136.984	1.11684e-14	6.46437e-14	1.11676e-14
6774	C	C	149.964	37	12	11	1.4203e-16	149.964	1.4203e-16	4.09503e-15
6775	T	T	151.046	37	12	12	1.35525e-17	3.38596e-15	1.35525e-17	151.046
6776	T	T	159.649	37	12	12	1.35525e-17	4.43981e-16	1.35525e-17	159.649
6777	C	C	167.21	37	12	12	2.76472e-17	167.21	2.76472e-17	2.76472e-17
6778	A	A	150.158	37	12	12	150.158	1.35525e-17	4.16063e-15	1.35525e-17
6779	T	T	151.603	37	11	11	3.88144e-16	2.22641e-15	3.88144e-16	151.603
6780	G	G	153.284	37	11	11	6.79253e-16	6.79253e-16	153.284	6.79795e-16
6781	T	T	137.566	37	10	10	1.11673e-14	5.37252e-14	1.11681e-14	137.566
6782	A	A	128.434	37	10	10	128.434	1.11678e-14	6.00451e-13	1.11673e-14
6783	A	A	131.149	37	10	10	131.149	1.11678e-14	3.10981e-13	1.11673e-14
6784	T	T	136.249	37	10	10	1.11673e-14	8.0669e-14	1.11678e-14	136.249
6785	C	C	124.013	37	10	9	5.60196e-14	124.013	5.60164e-14	1.6118e-12
6786	A	A	141.752	37	11	11	141.752	3.88144e-16	2.82364e-14	3.88144e-16
6787	T	T	130.245	37	10	10	1.11676e-14	3.88091e-13	1.11684e-14	130.245
6788	T	T	128.133	37	10	10	1.11673e-14	6.4517e-13	1.11678e-14	128.133
6789	G	G	153.609	37	11	11	6.31006e-16	6.31006e-16	153.609	6.30464e-16
6790	T	T	137.383	37	11	11	3.88144e-16	7.85648e-14	3.88144e-16	137.383
6791	A	A	135.089	37	11	11	135.089	3.88144e-16	1.33767e-13	3.88144e-16
6792	T	T	130.726	37	10	10	1.11673e-14	3.45106e-13	1.11681e-14	130.726
6793	C	C	140.417	37	10	10	1.31508e-14	140.417	1.31503e-14	1.31508e-14
6794	A	A	122.394	37	9	9	122.394	3.21331e-13	1.85993e-12	3.21315e-13
6795	A	A	136.778	37	10	10	136.778	1.11678e-14	6.8855e-14	1.11673e-14
6796	C	C	139.364	37	10	10	1.67612e-14	139.364	1.67601e-14	1.67612e-14
6797	T	T	130.251	37	10	10	1.11673e-14	3.87576e-13	1.11678e-14	130.251
6798	T	T	121.531	37	10	10	1.11673e-14	3.03046e-12	1.11678e-14	121.531
6799	T	T	129.817	37	10	10	1.11673e-14	4.30667e-13	1.11681e-14	129.817
6800	T	T	142.861	37	11	11	3.87873e-16	2.16954e-14	3.88144e-16	142.861
6801	C	C	137.462	37	11	10	2.53161e-15	137.462	2.53161e-15	7.2841e-14
6802	T	T	145.776	37	11	11	3.88144e-16	1.07108e-14	3.88144e-16	145.776
6803	C	C	154.955	37	11	11	4.62412e-16	154.955	4.62412e-16	4.62412e-16
6804	A	A	155.683	37	11	11	155.683	3.9221e-16	3.90855e-16	3.90584e-16
6805	C	C	155.717	37	11	11	3.88144e-16	155.717	3.88144e-16	3.88144e-16
6806	A	A	155.717	37	11	11	155.717	3.88144e-16	3.88144e-16	3.88144e-16
6807	G	G	152.171	37	12	11	2.46331e-15	8.5652e-17	152.171	8.5652e-17
6808	T	T	170.932	37	13	13	5.42101e-19	3.41524e-17	5.42101e-19	170.932
6809	C	C	167.755	37	13	12	2.1684e-18	167.755	2.1684e-18	6.83047e-17
6810	T	T	174.02	37	13	13	5.42101e-19	1.6263e-17	5.42101e-19	174.02
6811	G	G	163.471	37	13	12	1.82146e-16	6.50521e-18	163.471	6.50521e-18
6812	T	T	151.832	37	11	11	3.88144e-16	2.07218e-15	3.88144e-16	151.832
6813	T	T	155.717	37	11	11	3.88144e-16	3.88144e-16	3.88144e-16	155.717
6814	T	T	155.717	37	11	11	3.88144e-16	3.88144e-16	3.88144e-16	155.717
6815	C	C	155.716	37	11	11	3.88144e-16	155.716	3.88144e-16	3.88144e-16
6816	C	C	126.537	37	9	9	3.2133e-13	126.537	3.21314e-13	3.21323e-13
6817	T	T	135.2	37	10	10	1.11673e-14	1.08824e-13	1.11681e-14	135.2
6818	A	A	151.574	37	11	11	151.574	3.88144e-16	2.24674e-15	3.88144e-16
6819	C	C	153.925	37	11	11	5.87638e-16	153.925	5.85469e-16	5.86011e-16
6820	G	G	168.534	37	12	12	2.05998e-17	2.05998e-17	168.534	2.00577e-17
6821	A	A	171.599	37	13	13	171.599	5.42101e-19	2.92735e-17	5.42101e-19
6822	A	A	159.658	37	12	12	159.658	1.35525e-17	4.42897e-16	1.35525e-17
6823	A	A	171.982	37	13	13	171.982	5.42101e-19	2.6563e-17	5.42101e-19
6824	A	A	166.193	37	12	12	166.193	1.35525e-17	7.75205e-17	1.35525e-17
6825	C	C	168.83	37	12	12	1.89735e-17	168.83	1.89735e-17	1.89735e-17
6826	T	T	166.163	37	12	12	1.35525e-17	7.80626e-17	1.35525e-17	166.163
6827	A	A	155.43	37	11	11	155.43	4.22297e-16	4.14436e-16	4.07389e-16
6828	C	C	155.717	37	11	11	3.88144e-16	155.717	3.88144e-16	3.88144e-16
6829	A	A	151.832	37	11	11	151.832	3.88144e-16	2.07218e-15	3.88144e-16
6830	C	C	155.717	37	11	11	3.88144e-16	155.717	3.88144e-16	3.88144e-16
6831	T	T	164.38	37	12	12	1.35525e-17	1.31188e-16	1.35525e-17	164.38
6832	T	T	165.429	37	12	12	1.35525e-17	9.75782e-17	1.35525e-17	165.429
6833	T	T	166.193	37	12	12	1.35525e-17	7.75205e-17	1.35525e-17	166.193
6834	C	C	154.955	37	11	11	4.62412e-16	154.955	4.62412e-16	4.62412e-16
6835	A	A	170.307	37	12	12	170.307	1.35525e-17	1.35525e-17	1.35525e-17
6836	T	T	165.429	37	12	12	1.35525e-17	9.75782e-17	1.35525e-17	165.429
6837	T	T	166.191	37	12	12	1.35525e-17	7.75205e-17	1.35525e-17	166.191
6838	T	T	166.253	37	12	12	1.35525e-17	7.58942e-17	1.35525e-17	166.253
6839	C	C	169.69	37	12	12	1.57209e-17	169.69	1.57209e-17	1.57209e-17
6840	A	A	149.64	37	12	12	149.64	1.35525e-17	4.69134e-15	1.35525e-17
6841	C	C	155.717	37	11	11	3.88144e-16	155.717	3.88144e-16	3.88144e-16
6842	A	A	141.992	37	11	11	141.992	3.88144e-16	2.66757e-14	3.88144e-16
6843	T	T	141.127	37	10	10	1.11673e-14	1.11676e-14	1.11678e-14	141.127
6844	C	C	126.537	37	9	9	3.21329e-13	126.537	3.21314e-13	3.21321e-13
6845	A	A	126.537	37	9	9	126.537	3.21332e-13	3.21321e-13	3.21315e-13
6846	A	A	126.537	37	9	9	126.537	3.21332e-13	3.21321e-13	3.21315e-13
6847	G	G	125.303	37	9	9	4.26921e-13	4.2691e-13	125.303	4.26931e-13
6848	T	T	126.537	37	9	9	3.21315e-13	3.2132e-13	3.21332e-13	126.537
6849	C	C	101.837	37	9	8	9.24546e-12	101.837	9.24516e-12	2.66013e-10
6850	A	A	135.779	33.2895	11	11	135.779	3.88144e-16	1.13996e-13	3.88144e-16
6851	C	C	164.26	33.6913	13	12	5.42101e-18	164.26	5.42101e-18	1.51788e-16
6852	A	A	136.962	33.2895	11	11	136.962	3.88144e-16	8.664e-14	3.88144e-16
6853	A	A	135.05	33.2895	11	11	135.05	3.88144e-16	1.34985e-13	3.88144e-16
6854	T	T	116.662	33.0469	10	10	1.11673e-14	9.34517e-12	1.11681e-14	116.662
6855	T	T	131.476	33.0469	10	10	1.11673e-14	2.8682e-13	1.11678e-14	131.476
6856	T	T	126.537	32.7677	9	9	3.21315e-13	3.2132e-13	3.21332e-13	126.537
6857	C	C	111.947	32.4422	8	8	9.24553e-12	111.947	9.24514e-12	9.24534e-12
6858	G	G	111.947	32.4422	8	8	9.24534e-12	9.24514e-12	111.947	9.24553e-12
6859	G	G	111.947	32.4422	8	8	9.24534e-12	9.24514e-12	111.947	9.24553e-12
6860	C	C	111.947	32.4422	8	8	9.24553e-12	111.947	9.24514e-12	9.24534e-12
6861	T	T	111.947	32.4422	8	8	9.24516e-12	9.2453e-12	9.24559e-12	111.947
6862	T	T	120.61	32.7677	9	9	3.21315e-13	3.13118e-12	3.21332e-13	120.61
6863	T	T	121.659	32.7677	9	9	3.21315e-13	2.32107e-12	3.21332e-13	121.659
6864	G	G	126.537	32.7677	9	9	3.21342e-13	3.21328e-13	126.537	3.21354e-13
6865	A	A	126.537	32.7677	9	9	126.537	3.21331e-13	3.2132e-13	3.21315e-13
6866	A	A	141.127	33.0469	10	10	141.127	1.11678e-14	1.11676e-14	1.11673e-14
6867	G	G	122.632	33.0469	10	9	2.21524e-12	7.69892e-14	122.632	7.69935e-14
6868	C	C	124.013	33.0469	10	9	5.60175e-14	124.013	5.60153e-14	1.61174e-12
6869	A	A	123.849	33.0469	10	10	123.849	1.11684e-14	1.76779e-12	1.11676e-14
6870	G	G	102.562	33.0469	10	8	2.40197e-10	2.90135e-13	102.562	2.90141e-13
6871	C	C	167.16	33.5025	12	12	2.76472e-17	167.16	2.76472e-17	2.76472e-17
6872	A	A	136.249	33.0469	10	10	136.249	1.11678e-14	8.06682e-14	1.11673e-14
6873	G	G	139.554	33.0469	10	10	1.60435e-14	1.60429e-14	139.554	1.60435e-14
6874	C	C	124.934	37	10	9	4.53121e-14	124.934	4.53099e-14	1.30373e-12
6875	A	A	155.717	37	11	11	155.717	3.88144e-16	3.88144e-16	3.88144e-16
6876	T	T	143.81	37	11	11	3.88144e-16	1.72865e-14	3.88144e-16	143.81
6877	G	G	155.717	37	11	11	3.88144e-16	3.88144e-16	155.717	3.88144e-16
6878	A	A	184.897	37	13	13	184.897	5.42101e-19	5.42101e-19	5.42101e-19
6879	T	T	170.473	37	14	14	0	3.90313e-17	0	170.473
6880	A	A	195.601	37	14	14	195.601	0	0	0
6881	T	T	190.632	37	16	16	0	5.42101e-19	0	190.632
6882	T	T	194.539	37	16	16	0	0	0	194.539
6883	G	G	189.823	37	16	14	0	0	189.823	0
6884	A	A	207.418	37	16	16	207.418	0	0	0
6885	C	C	212.842	37	15	15	0	212.842	0	0
6886	T	T	199.449	37	14	14	0	0	0	199.449
6887	T	T	199.486	37	14	14	0	0	0	199.486
6888	T	T	165.571	37	14	13	2.1684e-18	1.21431e-16	2.1684e-18	165.571
6889	T	T	200.251	37	15	15	0	0	0	200.251
6890	C	C	197.182	37	15	14	0	197.182	0	0
6891	G	G	214.076	37	15	15	0	0	214.076	0
6892	T	T	204.212	37	15	15	0	0	0	204.212
6893	A	A	197.067	37	15	15	197.067	0	0	0
6894	G	G	211.665	37	15	15	0	0	211.665	0
6895	A	A	194.985	37	15	15	194.985	0	0	0
6896	T	T	222.62	37	16	16	0	0	0	222.62
6897	G	G	210.858	37	15	15	0	0	210.858	0
6898	T	T	180.548	37	13	13	5.42101e-19	2.71051e-18	5.42101e-19	180.548
6899	T	T	186.455	33.86	14	14	0	1.0842e-18	0	186.455
6900	G	G	199.486	33.86	14	14	0	0	199.486	0
6901	T	T	195.138	33.86	14	14	0	0	0	195.138
6902	A	A	188.869	33.86	14	14	188.869	0	5.42101e-19	0
6903	G	G	171.819	33.86	14	13	2.81893e-17	2.1684e-18	171.819	0
6904	G	G	210.483	34.0116	15	15	0	0	210.483	0
6905	A	A	176.168	34.0116	15	15	176.168	0	1.02999e-17	0
6906	C	C	168.096	33.6913	13	12	2.1684e-18	168.096	2.1684e-18	6.28837e-17
6907	T	T	180.753	33.6913	13	13	5.42101e-19	2.71051e-18	5.42101e-19	180.753
6908	A	A	151.031	33.2895	11	11	151.031	3.88144e-16	2.64871e-15	3.88144e-16
6909	T	T	155.717	33.2895	11	11	3.88144e-16	3.88144e-16	3.88144e-16	155.717
6910	T	T	141.127	33.0469	10	10	1.11673e-14	1.11676e-14	1.11678e-14	141.127
6911	C	C	141.127	33.0469	10	10	1.11678e-14	141.127	1.11673e-14	1.11676e-14
6912	C	C	154.072	33.2895	11	11	5.67038e-16	154.072	5.67038e-16	5.67038e-16
6913	T	T	150.34	33.2895	11	11	4.36662e-16	3.10461e-15	4.74338e-16	150.34
6914	A	A	151.832	33.2895	11	11	151.832	3.88144e-16	2.07218e-15	3.88144e-16
6915	T	T	148.813	33.5025	12	12	1.35525e-17	5.68068e-15	1.35525e-17	148.813
6916	A	A	165.958	33.5025	12	12	165.958	1.35525e-17	8.29415e-17	1.35525e-17
6917	T	T	159.431	33.5025	12	12	1.35525e-17	4.67833e-16	1.35525e-17	159.431
6918	G	G	155.637	33.5025	12	11	1.10914e-15	3.90313e-17	155.637	3.84892e-17
6919	T	T	151.832	33.2895	11	11	3.88144e-16	2.07218e-15	3.88144e-16	151.832
6920	T	T	155.716	33.2895	11	11	3.88144e-16	3.88144e-16	3.88144e-16	155.716
6921	T	T	155.717	33.2895	11	11	3.88144e-16	3.88144e-16	3.88144e-16	155.717
6922	C	C	168.733	33.5025	12	12	1.95156e-17	168.733	1.95156e-17	1.95156e-17
6923	C	C	169.248	33.5025	12	12	1.73472e-17	169.248	1.73472e-17	1.73472e-17
6924	A	A	137.074	33.0469	10	10	137.074	1.11678e-14	6.28596e-14	1.11673e-14
6925	T	T	136.831	33.0469	10	10	1.17121e-14	6.6274e-14	1.21029e-14	136.831
6926	C	C	140.51	33.0469	10	10	1.28727e-14	140.51	1.28722e-14	1.28725e-14
6927	T	T	141.127	33.0469	10	10	1.11673e-14	1.11676e-14	1.11678e-14	141.127
6928	A	A	126.537	32.7677	9	9	126.537	3.21331e-13	3.2132e-13	3.21315e-13
6929	T	T	107.075	32.7677	9	8	5.84358e-11	1.4812e-11	1.19185e-11	107.075
6930	T	T	126.537	32.7677	9	9	3.21319e-13	3.21327e-13	3.21339e-13	126.537
6931	G	G	140.337	33.0469	10	10	1.33969e-14	1.33969e-14	140.337	1.33975e-14
6932	A	A	136.778	33.0469	10	10	136.778	1.11678e-14	6.88555e-14	1.11673e-14
6933	T	T	142.558	33.2895	11	11	3.88144e-16	2.33198e-14	3.88144e-16	142.558
6934	G	G	119.653	33.2895	11	9	4.69243e-12	5.66821e-15	119.653	5.66821e-15
6935	A	A	151.603	33.2895	11	11	151.603	3.88144e-16	2.22641e-15	3.88144e-16
6936	G	G	139.604	33.2895	11	10	4.44826e-14	1.54607e-15	139.604	1.54607e-15
6937	T	T	145.483	33.2895	11	11	3.88144e-16	1.15126e-14	3.88144e-16	145.483
6938	G	G	140.365	37	10	10	1.33086e-14	1.3308e-14	140.365	1.33091e-14
6939	T	T	137.242	37	10	10	1.11673e-14	5.96197e-14	1.11681e-14	137.242
6940	C	C	141.127	37	10	10	1.11678e-14	141.127	1.11673e-14	1.11676e-14
6941	C	C	141.127	37	10	10	1.11678e-14	141.127	1.11673e-14	1.11676e-14
6942	T	T	126.537	37	9	9	3.21315e-13	3.2132e-13	3.21332e-13	126.537
6943	T	T	126.537	37	9	9	3.21315e-13	3.2132e-13	3.21332e-13	126.537
6944	C	C	126.537	37	9	9	3.2133e-13	126.537	3.21314e-13	3.21323e-13
6945	T	T	120.61	37	9	9	3.21315e-13	3.13119e-12	3.21332e-13	120.61
6946	T	T	121.659	37	9	9	3.21315e-13	2.32107e-12	3.21332e-13	121.659
6947	C	C	137.128	37	10	10	2.80483e-14	137.128	2.80467e-14	2.80478e-14
6948	T	T	121.435	37	10	10	1.11673e-14	3.09868e-12	1.11678e-14	121.435
6949	A	A	141.127	37	10	10	141.127	1.11678e-14	1.11676e-14	1.11673e-14
6950	T	T	122.389	37	10	10	1.11673e-14	2.48306e-12	1.11678e-14	122.389
6951	A	A	141.127	37	10	10	141.127	1.11697e-14	1.11689e-14	1.11684e-14
6952	G	G	141.127	37	10	10	1.11676e-14	1.11673e-14	141.127	1.11678e-14
6953	C	C	140.417	37	10	10	1.31508e-14	140.417	1.31503e-14	1.31508e-14
6954	A	A	136.984	37	10	10	136.984	1.11678e-14	6.46423e-14	1.11673e-14
6955	T	T	154.931	37	12	12	1.35525e-17	1.36826e-15	1.35525e-17	154.931
6956	T	T	158.214	37	12	12	1.35525e-17	6.28295e-16	1.35525e-17	158.214
6957	G	G	167.881	37	12	12	2.33103e-17	2.33103e-17	167.881	2.38524e-17
6958	A	A	150.839	37	11	11	150.839	3.88144e-16	2.80375e-15	3.88144e-16
6959	T	T	145.645	37	11	11	3.88144e-16	1.10621e-14	3.88144e-16	145.645
6960	C	C	153.849	37	12	11	5.85469e-17	153.849	5.85469e-17	1.67401e-15
6961	A	A	180.548	37	13	13	180.548	5.42101e-19	2.71051e-18	5.42101e-19
6962	G	G	146.296	37	13	11	1.01666e-14	1.19262e-17	146.296	1.19262e-17
6963	T	T	166.595	37	13	13	0	9.37835e-17	0	166.595
6964	A	A	159.353	37	12	12	159.353	1.35525e-17	4.77049e-16	1.35525e-17
6965	C	C	169.597	37	12	12	1.57209e-17	169.597	1.57209e-17	1.57209e-17
6966	A	A	162.909	37	13	13	162.909	5.42101e-19	2.21177e-16	5.42101e-19
6967	T	T	156.581	37	12	12	1.35525e-17	9.26993e-16	1.35525e-17	156.581
6968	T	T	158.636	37	12	12	1.35525e-17	5.6758e-16	1.35525e-17	158.636
6969	T	T	164.23	37	13	13	5.42101e-19	1.63172e-16	5.42101e-19	164.23
6970	C	C	167.79	37	13	12	5.42101e-18	167.79	7.58942e-18	5.96311e-17
6971	A	A	170.307	37	12	12	170.307	1.35525e-17	1.35525e-17	1.35525e-17
6972	C	C	136.018	37	14	11	4.33681e-18	136.018	4.33681e-18	1.08622e-13
6973	T	T	180.716	37	14	14	0	3.79471e-18	0	180.716
6974	T	T	188.235	37	14	14	0	5.42101e-19	0	188.235
6975	C	C	181.621	37	14	13	0	181.621	0	3.25261e-18
6976	C	C	190.018	37	16	14	0	190.018	0	0
6977	A	A	217.971	37	16	16	217.971	0	0	0
6978	A	A	209.639	37	16	16	209.639	0	0	0
6979	T	T	217.934	37	16	16	0	0	0	217.934
6980	C	C	191.52	37	16	14	0	191.52	0	0
6981	A	A	209.391	37	15	15	209.391	0	0	0
6982	A	A	208.03	37	15	15	208.03	0	0	0
6983	T	T	195.433	37	14	14	0	0	0	195.433
6984	A	A	199.486	37	14	14	199.486	0	0	0
6985	A	A	199.486	37	14	14	199.486	0	0	0
6986	G	G	198.869	37	14	14	0	0	198.869	0
6987	C	C	199.407	37	15	14	0	199.407	0	0
6988	T	T	209.391	37	15	15	0	0	0	209.391
6989	C	C	213.188	37	15	15	0	213.188	0	0
6990	C	C	213.063	37	16	15	0	213.063	0	0
6991	G	G	157.947	37	15	12	6.96058e-16	0	157.947	0
6992	G	G	167.315	37	13	12	7.58942e-17	2.1684e-18	167.315	2.1684e-18
6993	C	C	184.055	37	14	13	0	184.055	0	1.0842e-18
6994	G	G	183.243	37	14	13	2.1684e-18	0	183.243	0
6995	C	C	169.447	37	12	12	1.6263e-17	169.447	1.6263e-17	1.6263e-17
6996	A	A	170.307	37	12	12	170.307	1.35525e-17	1.35525e-17	1.35525e-17
6997	G	G	170.307	37	12	12	1.35525e-17	1.35525e-17	170.307	1.35525e-17
6998	T	T	178.85	37	13	13	0	4.33681e-18	0	178.85
6999	C	C	168.51	37	13	12	2.1684e-18	168.51	2.1684e-18	5.74627e-17
7000	C	C	184.037	37	13	13	5.42101e-19	184.037	5.42101e-19	5.42101e-19
7001	A	A	195.138	37	14	14	195.138	0	0	0
7002	G	G	197.887	37	14	14	0	0	197.887	0
7003	A	A	193.973	37	15	15	193.973	0	0	0
7004	A	A	188.792	37	14	14	188.792	0	5.42101e-19	0
7005	A	A	202.169	37	15	15	202.169	0	0	0
7006	G	G	240.7	37	17	17	0	0	240.7	0
7007	A	A	222.583	37	16	16	222.583	0	0	0
7008	A	A	228.666	37	16	16	228.666	0	0	0
7009	G	G	228.666	37	16	16	0	0	228.666	0
7010	C	C	184.84	37	17	14	0	184.84	0	2.1684e-18
7011	A	A	243.256	37	17	17	243.256	0	0	0
7012	A	A	243.256	37	17	17	243.256	0	0	0
7013	T	T	239.203	37	17	17	0	0	0	239.203
7014	C	C	242.639	37	17	17	0	242.639	0	0
7015	A	A	243.256	37	17	17	243.256	0	0	0
7016	A	A	239.695	37	17	17	239.695	0	0	0
7017	C	C	218.556	37	17	16	0	218.556	0	0
7018	T	T	243.256	37	17	17	0	0	0	243.256
7019	T	T	243.256	37	17	17	0	0	0	243.256
7020	A	A	215.769	37	17	17	215.769	0	0	0
7021	A	A	209.602	37	16	16	209.602	0	0	0
7022	T	T	228.666	37	16	16	0	0	0	228.666
7023	C	C	214.076	37	15	15	0	214.076	0	0
7024	T	T	199.486	37	14	14	0	0	0	199.486
7025	T	T	193.44	37	14	14	0	0	0	193.44
7026	A	A	210.023	37	15	15	210.023	0	0	0
7027	G	G	213.295	37	15	15	0	0	213.295	0
7028	C	C	225.371	37	16	16	0	225.371	0	0
7029	G	G	208.535	37	16	15	0	0	208.535	0
7030	C	C	195.791	37	15	14	0	195.791	0	0
7031	T	T	209.933	37	15	15	0	0	0	209.933
7032	A	A	190.575	37	15	15	190.575	0	5.42101e-19	0
7033	T	T	184.897	37	13	13	5.42101e-19	5.42101e-19	5.42101e-19	184.897
7034	T	T	170.307	37	12	12	1.35525e-17	1.35525e-17	1.35525e-17	170.307
7035	T	T	178.969	37	13	13	5.42101e-19	4.33681e-18	5.42101e-19	178.969
7036	A	A	167.661	37	13	13	167.661	5.42101e-19	7.37257e-17	5.42101e-19
7037	C	C	184.115	37	13	13	5.42101e-19	184.115	5.42101e-19	5.42101e-19
7038	C	C	184.135	37	13	13	5.42101e-19	184.135	5.42101e-19	5.42101e-19
7039	A	A	153.655	37	13	13	153.655	5.42101e-19	1.87079e-15	5.42101e-19
7040	A	A	129.363	37	11	11	129.363	3.88144e-16	5.02125e-13	3.88144e-16
7041	C	C	141.127	37	10	10	1.11676e-14	141.127	1.11673e-14	1.11673e-14
7042	C	C	141.127	37	10	10	1.11676e-14	141.127	1.11673e-14	1.11673e-14
7043	T	T	126.537	37	9	9	3.21314e-13	3.21318e-13	3.21331e-13	126.537
7044	A	A	102.933	37	9	9	102.933	3.21332e-13	2.20409e-10	3.21315e-13
7045	C	C	97.3576	37	7	7	2.66016e-10	97.3576	2.66009e-10	2.66011e-10
7046	T	T	82.7678	37	6	6	7.65388e-09	7.65394e-09	7.65414e-09	82.7678
7047	A	A	79.207	37	6	6	79.207	7.65416e-09	3.6822e-08	7.65389e-09
7048	C	C	82.7677	37	6	6	7.65422e-09	82.7677	7.65396e-09	7.65405e-09
7049	T	T	82.7678	37	6	6	7.65388e-09	7.65394e-09	7.65414e-09	82.7678
7050	A	A	63.7423	37	6	6	63.7423	7.65472e-09	1.81935e-06	7.6542e-09
7051	G	G	46.5859	37	6	4	9.50925e-05	1.14861e-07	46.5859	1.14863e-07
7052	C	C	68.1779	37	5	5	2.20228e-07	68.1779	2.20224e-07	2.20226e-07
7053	C	C	38.9984	37	3	3	0.000182325	38.9984	0.000182314	0.000182318
7054	T	T	38.9988	37	3	3	0.0001823	0.000182301	0.000182303	38.9988
7055	C	C	38.9988	37	3	3	0.000182303	38.9988	0.0001823	0.000182301
7056	C	C	51.9433	37	4	4	9.25419e-06	51.9433	9.25402e-06	9.25409e-06
7057	T	T	34.3143	37	3	3	0.000182256	0.00124391	0.000182259	34.3143
7058	T	T	34.651	37	3	3	0.000182261	0.00112389	0.000182264	34.651
7059	A	A	38.9988	37	3	3	38.9988	0.000182304	0.000182302	0.0001823
7060	C	C	64.3212	37	5	5	5.35239e-07	64.3212	5.35224e-07	5.35232e-07
7061	T	T	55.6108	37	5	5	2.20224e-07	1.14913e-05	2.2023e-07	55.6108
7062	C	C	66.6157	37	5	5	3.15572e-07	66.6157	3.15563e-07	3.15568e-07
7063	G	G	67.1957	37	5	5	2.76119e-07	2.76116e-07	67.1957	2.76122e-07
7064	T	T	63.8266	37	6	6	7.65388e-09	1.78408e-06	7.65415e-09	63.8266
7065	T	T	63.4924	37	5	5	2.20224e-07	1.50287e-06	2.20231e-07	63.4924
7066	C	C	67.3185	37	5	5	2.6842e-07	67.3185	2.68413e-07	2.68416e-07
7067	T	T	64.0346	37	5	5	2.20224e-07	1.27477e-06	2.20231e-07	64.0346
7068	G	G	68.1779	37	5	5	2.20228e-07	2.20224e-07	68.1779	2.20231e-07
7069	A	A	82.7677	37	6	6	82.7677	7.65415e-09	7.65399e-09	7.65389e-09
7070	T	T	78.0822	37	6	6	7.65388e-09	5.22323e-08	7.65414e-09	78.0822
7071	T	T	84.0604	37	7	7	2.6601e-10	1.65187e-08	2.66021e-10	84.0604
7072	G	G	97.3576	37	7	7	2.66016e-10	2.6601e-10	97.3576	2.66021e-10
7073	C	C	95.7884	37	7	7	3.81799e-10	95.7884	3.81787e-10	3.81792e-10
7074	C	C	96.5671	37	7	7	3.19127e-10	96.5671	3.19117e-10	3.19122e-10
7075	T	T	93.4726	37	7	7	2.6601e-10	1.42016e-09	2.66021e-10	93.4726
7076	T	T	97.3576	37	7	7	2.6601e-10	2.66013e-10	2.66021e-10	97.3576
7077	G	G	97.3576	37	7	7	2.66016e-10	2.6601e-10	97.3576	2.66021e-10
7078	T	T	106.02	37	8	8	9.24516e-12	9.00927e-11	9.24558e-12	106.02
7079	G	G	111.947	37	8	8	9.24541e-12	9.24518e-12	111.947	9.24561e-12
7080	A	A	111.947	37	8	8	111.947	9.24559e-12	9.24532e-12	9.24516e-12
7081	C	C	111.186	37	8	8	1.1018e-11	111.186	1.10176e-11	1.10178e-11
7082	T	T	108.387	37	8	8	9.24516e-12	4.44774e-11	9.24558e-12	108.387
7083	A	A	108.387	37	8	8	108.387	9.24559e-12	4.44776e-11	9.24516e-12
7084	C	C	111.947	37	8	8	9.24549e-12	111.947	9.24513e-12	9.24529e-12
7085	C	C	124.964	37	9	9	4.61629e-13	124.964	4.61608e-13	4.61618e-13
7086	A	A	121.659	37	9	9	121.659	3.21332e-13	2.32107e-12	3.21315e-13
7087	C	C	125.756	37	9	9	3.84645e-13	125.756	3.84627e-13	3.84636e-13
7088	A	A	111.947	37	8	8	111.947	9.24559e-12	9.2453e-12	9.24516e-12
7089	G	G	126.537	37	9	9	3.21336e-13	3.21326e-13	126.537	3.21348e-13
7090	T	T	121.852	37	9	9	3.21318e-13	2.19279e-12	3.21338e-13	121.852
7091	A	A	122.394	37	9	9	122.394	3.21333e-13	1.85995e-12	3.21316e-13
7092	A	A	122.189	37	9	9	122.189	3.21332e-13	1.98117e-12	3.21315e-13
7093	A	A	121.852	37	9	9	121.852	3.21332e-13	2.19276e-12	3.21315e-13
7094	A	A	135.081	37	10	10	135.081	1.11678e-14	1.12472e-13	1.11673e-14
7095	T	T	121.659	37	9	9	3.21315e-13	2.32106e-12	3.21331e-13	121.659
7096	A	A	126.537	37	9	9	126.537	3.21332e-13	3.21321e-13	3.21315e-13
7097	T	T	122.484	37	9	9	3.21315e-13	1.80865e-12	3.21331e-13	122.484
7098	T	T	129.007	37	10	10	1.11673e-14	5.23533e-13	1.11681e-14	129.007
7099	T	T	136.249	37	10	10	1.11673e-14	8.06687e-14	1.11681e-14	136.249
7100	A	A	137.008	37	10	10	137.008	1.11863e-14	6.41278e-14	1.11781e-14
7101	C	C	123.931	37	10	9	5.70865e-14	123.931	5.70843e-14	1.6425e-12
7102	G	G	139.554	37	10	10	1.60435e-14	1.60429e-14	139.554	1.6044e-14
7103	C	C	126.537	37	9	9	3.2133e-13	126.537	3.21314e-13	3.21323e-13
7104	A	A	126.537	37	9	9	126.537	3.21331e-13	3.2132e-13	3.21315e-13
7105	G	G	126.537	37	9	9	3.21321e-13	3.21314e-13	126.537	3.21329e-13
7106	T	T	135.2	37	10	10	1.11673e-14	1.08824e-13	1.11681e-14	135.2
7107	A	A	137.242	37	10	10	137.242	1.11678e-14	5.96195e-14	1.11673e-14
7108	A	A	136.984	37	10	10	136.984	1.11678e-14	6.46423e-14	1.11673e-14
7109	C	C	140.365	37	10	10	1.33091e-14	140.365	1.3308e-14	1.33086e-14
7110	A	A	136.442	37	10	10	136.442	1.11678e-14	7.62091e-14	1.11673e-14
7111	G	G	139.482	37	10	10	1.63097e-14	1.63091e-14	139.482	1.63097e-14
7112	C	C	126.537	37	9	9	3.2133e-13	126.537	3.21314e-13	3.21323e-13
7113	A	A	126.537	37	9	9	126.537	3.21331e-13	3.2132e-13	3.21315e-13
7114	A	A	126.537	37	9	9	126.537	3.21331e-13	3.2132e-13	3.21315e-13
7115	G	G	126.536	37	9	9	3.21397e-13	3.2137e-13	126.536	3.21424e-13
7116	G	G	126.537	37	9	9	3.21321e-13	3.21314e-13	126.537	3.21329e-13
7117	C	C	139.554	37	10	10	1.6044e-14	139.554	1.60429e-14	1.60435e-14
7118	C	C	153.014	37	11	11	7.23163e-16	153.014	7.23163e-16	7.23163e-16
7119	C	C	131.061	37	12	10	4.09828e-16	131.061	4.09828e-16	3.39303e-13
7120	T	T	151.052	37	12	12	1.35525e-17	3.38163e-15	1.35525e-17	151.052
7121	A	A	166.156	37	12	12	166.156	1.35525e-17	7.80626e-17	1.35525e-17
7122	T	T	164.972	37	13	13	5.42101e-19	1.37152e-16	5.42101e-19	164.972
7123	G	G	184.057	37	14	13	2.1684e-18	1.0842e-18	184.057	0
7124	A	A	180.843	37	13	13	180.843	5.42101e-19	2.71051e-18	5.42101e-19
7125	C	C	166.919	37	13	12	3.25261e-18	166.919	3.25261e-18	8.23994e-17
7126	T	T	175.032	37	13	13	5.42101e-19	1.24683e-17	5.42101e-19	175.032
7127	G	G	183.323	37	13	13	5.42101e-19	5.42101e-19	183.323	5.42101e-19
7128	C	C	170.307	37	12	12	1.35525e-17	170.307	1.35525e-17	1.35525e-17
7129	G	G	184.135	37	13	13	5.42101e-19	5.42101e-19	184.135	5.42101e-19
7130	G	G	198.704	37	14	14	0	0	198.704	0
7131	G	G	198.428	37	14	14	0	0	198.428	0
7132	T	T	188.906	37	14	14	0	5.42101e-19	0	188.906
7133	T	T	184.599	37	15	15	0	1.6263e-18	0	184.599
7134	G	G	213.366	37	15	15	0	0	213.366	0
7135	G	G	187.876	37	15	14	0	0	187.876	0
7136	A	A	203.085	37	15	15	203.085	0	0	0
7137	C	C	195.488	37	15	14	0	195.488	0	0
7138	C	C	214.076	37	15	15	0	214.076	0	0
7139	C	C	199.486	37	14	14	0	199.486	0	0
7140	C	C	184.895	37	13	13	5.42101e-19	184.895	5.42101e-19	5.42101e-19
7141	A	A	180.753	37	13	13	180.753	5.42101e-19	2.71051e-18	5.42101e-19
7142	T	T	184.86	37	13	13	5.42101e-19	5.42101e-19	5.42101e-19	184.86
7143	A	A	180.628	37	14	14	180.628	0	3.79471e-18	0
7144	G	G	195.413	37	14	14	0	0	195.413	0
7145	G	G	182.142	37	13	13	5.42101e-19	5.42101e-19	182.142	1.0842e-18
7146	A	A	161.692	37	13	13	161.692	5.42101e-19	2.93277e-16	5.42101e-19
7147	T	T	151.832	37	11	11	3.88144e-16	2.07218e-15	3.88144e-16	151.832
7148	C	C	155.717	37	11	11	3.88144e-16	155.717	3.88144e-16	3.88144e-16
7149	G	G	141.127	37	10	10	1.11676e-14	1.11673e-14	141.127	1.11678e-14
7150	G	G	155.717	37	11	11	3.88144e-16	3.88144e-16	155.717	3.88144e-16
7151	C	C	154.591	37	11	11	5.07407e-16	154.591	4.98191e-16	5.03612e-16
7152	A	A	166.253	37	12	12	166.253	1.35525e-17	7.58942e-17	1.35525e-17
7153	G	G	153.193	37	12	11	1.94723e-15	6.72205e-17	153.193	6.72205e-17
7154	G	G	168.784	37	13	12	5.31259e-17	1.0842e-18	168.784	2.1684e-18
7155	C	C	183.124	37	13	13	5.42101e-19	183.124	5.42101e-19	5.42101e-19
7156	C	C	168.737	37	12	12	1.95156e-17	168.737	1.95156e-17	1.95156e-17
7157	T	T	166.163	37	12	12	1.35525e-17	7.80626e-17	1.35525e-17	166.163
7158	C	C	152.881	37	12	11	7.26415e-17	152.881	7.26415e-17	2.09143e-15
7159	C	C	170.307	37	12	12	1.35525e-17	170.307	1.35525e-17	1.35525e-17
7160	C	C	170.307	37	12	12	1.35525e-17	170.307	1.35525e-17	1.35525e-17
7161	T	T	170.307	37	12	12	1.35525e-17	1.35525e-17	1.35525e-17	170.307
7162	T	T	178.85	37	13	13	0	4.33681e-18	0	178.85
7163	A	A	184.111	37	14	14	184.111	0	1.6263e-18	0
7164	T	T	158.636	37	12	12	1.35525e-17	5.6758e-16	1.35525e-17	158.636
7165	T	T	164.087	37	13	13	5.42101e-19	1.68593e-16	5.42101e-19	164.087
7166	C	C	182.414	37	13	13	1.0842e-18	182.414	1.0842e-18	1.0842e-18
7167	C	C	183.327	37	13	13	5.42101e-19	183.327	5.42101e-19	5.42101e-19
7168	A	A	180.843	37	13	13	180.843	5.42101e-19	2.71051e-18	5.42101e-19
7169	T	T	181.012	37	13	13	5.42101e-19	2.1684e-18	5.42101e-19	181.012
7170	G	G	168.784	37	13	12	5.31259e-17	1.0842e-18	168.784	2.1684e-18
7171	A	A	186.931	37	14	14	186.931	0	1.0842e-18	0
7172	C	C	209.804	37	15	15	0	209.804	0	0
7173	A	A	209.727	37	15	15	209.727	0	0	0
7174	T	T	195.383	37	15	15	0	0	0	195.383
7175	T	T	196.273	37	15	15	0	0	0	196.273
7176	T	T	189.414	37	14	14	0	5.42101e-19	0	189.414
7177	T	T	208.149	37	15	15	0	0	0	208.149
7178	T	T	214.84	37	16	16	0	0	0	214.84
7179	C	C	226.826	37	16	16	0	226.826	0	0
7180	C	C	210.79	37	16	15	0	210.79	0	0
7181	T	T	204.212	37	15	15	0	0	0	204.212
7182	A	A	186.932	37	14	14	186.932	0	1.0842e-18	0
7183	G	G	184.106	37	13	13	5.42101e-19	5.42101e-19	184.106	5.42101e-19
7184	T	T	184.897	37	13	13	5.42101e-19	5.42101e-19	5.42101e-19	184.897
7185	A	A	194.801	37	14	14	194.801	0	0	0
7186	G	G	212.431	37	15	15	0	0	212.431	0
7187	C	C	195.459	37	15	14	0	195.459	0	0
7188	T	T	195.242	37	15	15	0	0	0	195.242
7189	C	C	204.472	37	17	15	0	204.472	0	0
7190	T	T	216.892	37	17	17	0	0	0	216.892
7191	T	T	229.508	37	18	18	0	0	0	229.508
7192	A	A	276.072	37	20	20	276.072	0	0	0
7193	C	C	278.992	37	21	20	0	278.992	0	0
7194	A	A	286.38	37	21	21	286.38	0	0	0
7195	T	T	247.208	37	19	19	0	0	0	247.208
7196	T	T	255.546	37	19	19	0	0	0	255.546
7197	T	T	268.875	37	19	19	0	0	0	268.875
7198	C	C	247.735	37	19	18	0	247.735	0	0
7199	T	T	272.435	37	19	19	0	0	0	272.435
7200	A	A	260.178	37	19	19	260.178	0	0	0
7201	C	C	257.846	37	18	18	0	257.846	0	0
7202	T	T	257.846	37	18	18	0	0	0	257.846
7203	A	A	239.578	37	18	18	239.578	0	0	0
7204	T	T	257.812	37	18	18	0	0	0	257.812
7205	T	T	251.919	37	18	18	0	0	0	251.919
7206	T	T	238.378	37	17	17	0	0	0	238.378
7207	G	G	239.641	37	17	17	0	0	239.641	0
7208	A	A	228.021	37	17	17	228.021	0	0	0
7209	C	C	187.7	37	15	14	0	187.7	0	0
7210	C	C	213.295	37	15	15	0	213.295	0	0
7211	T	T	215.752	37	16	16	0	0	0	215.752
7212	A	A	228.666	37	16	16	228.666	0	0	0
7213	G	G	228.645	37	16	16	0	0	228.645	0
7214	A	A	225.105	37	16	16	225.105	0	0	0
7215	A	A	218.801	37	16	16	218.801	0	0	0
7216	A	A	218.086	37	16	16	218.086	0	0	0
7217	T	T	228.632	37	16	16	0	0	0	228.632
7218	T	T	237.21	37	17	17	0	0	0	237.21
7219	G	G	225.569	37	16	16	0	0	225.569	0
7220	C	C	225.939	37	17	16	0	225.939	0	0
7221	A	A	230.572	37	17	17	230.572	0	0	0
7222	C	C	237.518	37	18	17	0	237.518	0	0
7223	T	T	209.928	37	16	16	0	0	0	209.928
7224	A	A	243.256	37	17	17	243.256	0	0	0
7225	C	C	254.499	37	18	18	0	254.499	0	0
7226	T	T	238.819	37	18	18	0	0	0	238.819
7227	C	C	231.574	37	18	17	0	231.574	0	0
7228	C	C	239.94	37	18	17	0	239.94	0	0
7229	T	T	254.285	37	18	18	0	0	0	254.285
7230	C	C	243.256	37	17	17	0	243.256	0	0
7231	C	C	241.611	37	17	17	0	241.611	0	0
7232	C	C	242.274	37	17	17	0	242.274	0	0
7233	T	T	238.907	37	17	17	0	0	0	238.907
7234	C	C	255.481	37	18	18	0	255.481	0	0
7235	T	T	251.292	37	19	19	0	0	0	251.292
7236	T	T	246.474	37	18	18	0	0	0	246.474
7237	C	C	248.458	34.5884	20	18	0	248.458	0	0
7238	C	C	248.7	34.5884	20	18	0	248.7	0	0
7239	C	C	267.082	34.5884	20	19	0	267.082	0	0
7240	T	T	267.922	34.5884	20	20	0	0	0	267.922
7241	G	G	269.188	34.4921	19	19	0	0	269.188	0
7242	A	A	243.82	34.5884	20	20	243.82	0	0	0
7243	G	G	249.668	34.4921	19	18	0	0	249.668	0
7244	C	C	256.764	34.4921	19	18	0	256.764	0	0
7245	A	A	228.212	34.3875	18	18	228.212	0	0	0
7246	T	T	232.892	34.2735	17	17	0	0	0	232.892
7247	C	C	226.331	34.1488	16	16	0	226.331	0	0
7248	A	A	210.191	34.0116	15	15	210.191	0	0	0
7249	C	C	188.595	34.0116	15	14	0	188.595	0	0
7250	A	A	209.727	34.0116	15	15	209.727	0	0	0
7251	A	A	203.195	34.0116	15	15	203.195	0	0	0
7252	A	A	194.458	34.0116	15	15	194.458	0	0	0
7253	C	C	199.486	33.86	14	14	0	199.486	0	0
7254	T	T	199.486	33.86	14	14	0	0	0	199.486
7255	G	G	196.854	33.86	14	14	0	0	196.854	0
7256	A	A	193.559	33.86	14	14	193.559	0	0	0
7257	C	C	183.692	32.0567	14	13	0	183.692	0	2.1684e-18
7258	A	A	199.486	32.0567	14	14	199.486	0	0	0
7259	A	A	199.486	32.0567	14	14	199.486	0	0	0
7260	C	C	198.015	32.0567	14	14	0	198.015	0	0
7261	C	C	198.869	32.0567	14	14	0	198.869	0	0
7262	T	T	199.486	32.0567	14	14	0	0	0	199.486
7263	A	A	181.451	32.0567	14	14	181.451	0	3.25261e-18	0
7264	A	A	179.674	32.0567	14	14	179.674	0	4.87891e-18	0
7265	T	T	208.149	32.258	15	15	0	0	0	208.149
7266	A	A	174.248	31.8354	13	13	174.248	5.42101e-19	1.51788e-17	5.42101e-19
7267	A	A	171.982	31.8354	13	13	171.982	5.42101e-19	2.6563e-17	5.42101e-19
7268	C	C	124.212	31.5907	12	10	1.98409e-15	124.212	1.98409e-15	1.64249e-12
7269	G	G	153.484	31.5907	12	11	1.82038e-15	6.28837e-17	153.484	6.28837e-17
7270	A	A	143.462	31.5907	12	12	143.462	1.35525e-17	1.95422e-14	1.35525e-17
7271	T	T	155.717	33.2895	11	11	3.88144e-16	3.88144e-16	3.88144e-16	155.717
7272	A	A	136.626	33.2895	11	11	136.626	3.88144e-16	9.36775e-14	3.88144e-16
7273	C	C	168.733	33.5025	12	12	1.95156e-17	168.733	1.95156e-17	1.95156e-17
7274	T	T	150.839	33.2895	11	11	3.87873e-16	2.80348e-15	3.87873e-16	150.839
7275	C	C	125.756	32.7677	9	9	3.84646e-13	125.756	3.84627e-13	3.84637e-13
7276	A	A	122.484	32.7677	9	9	122.484	3.21331e-13	1.80865e-12	3.21315e-13
7277	C	C	151.802	33.5025	12	11	9.32414e-17	151.802	9.32414e-17	2.68123e-15
7278	C	C	132.654	33.5025	12	10	2.84061e-16	132.654	2.84061e-16	2.3515e-13
7279	A	A	157.752	33.5025	12	12	157.752	1.35525e-17	7.02021e-16	1.35525e-17
7280	T	T	137.687	33.2895	11	11	3.88144e-16	7.32018e-14	3.88144e-16	137.687
7281	A	A	144.726	33.2895	11	11	144.726	3.88144e-16	1.3852e-14	3.88144e-16
7282	G	G	153.875	33.2895	11	11	5.93059e-16	5.93059e-16	153.875	5.93059e-16
7283	C	C	155.717	33.2895	11	11	3.88144e-16	155.717	3.88144e-16	3.88144e-16
7284	G	G	138.72	37	10	10	1.94365e-14	1.9436e-14	138.72	1.9437e-14
7285	C	C	126.537	37	9	9	3.21329e-13	126.537	3.21314e-13	3.21321e-13
7286	T	T	126.536	37	9	9	3.21411e-13	3.21427e-13	3.21496e-13	126.536
7287	A	A	135.2	37	10	10	135.2	1.11678e-14	1.08824e-13	1.11673e-14
7288	C	C	125.479	37	9	9	4.10017e-13	125.479	4.09997e-13	4.10007e-13
7289	T	T	122.423	37	9	9	3.21315e-13	1.84317e-12	3.21332e-13	122.423
7290	G	G	141.127	37	10	10	1.11676e-14	1.11673e-14	141.127	1.11678e-14
7291	C	C	124.15	37	10	9	5.42752e-14	124.15	5.4273e-14	1.56162e-12
7292	T	T	136.778	37	10	10	1.11673e-14	6.88555e-14	1.11681e-14	136.778
7293	T	T	136.984	37	10	10	1.11673e-14	6.46423e-14	1.11678e-14	136.984
7294	A	A	141.127	37	10	10	141.127	1.11678e-14	1.11676e-14	1.11673e-14
7295	T	T	141.127	37	10	10	1.11673e-14	1.11676e-14	1.11678e-14	141.127
7296	C	C	141.127	37	10	10	1.11678e-14	141.127	1.11673e-14	1.11676e-14
7297	T	T	141.127	37	10	10	1.11673e-14	1.11676e-14	1.11678e-14	141.127
7298	C	C	141.127	37	10	10	1.11678e-14	141.127	1.11673e-14	1.11676e-14
7299	C	C	141.127	37	10	10	1.11678e-14	141.127	1.11673e-14	1.11676e-14
7300	T	T	126.537	37	9	9	3.21315e-13	3.2132e-13	3.21332e-13	126.537
7301	T	T	111.947	37	8	8	9.24516e-12	9.24528e-12	9.24558e-12	111.947
7302	A	A	107.262	37	8	8	107.262	9.24559e-12	6.30921e-11	9.24516e-12
7303	C	C	111.947	37	8	8	9.24549e-12	111.947	9.24513e-12	9.24529e-12
7304	T	T	97.3576	37	7	7	2.6601e-10	2.66013e-10	2.66021e-10	97.3576
7305	A	A	93.3042	37	7	7	93.3042	2.66021e-10	1.49735e-09	2.6601e-10
7306	G	G	111.166	37	8	8	1.10672e-11	1.10669e-11	111.166	1.10674e-11
7307	C	C	110.965	37	8	8	1.15919e-11	110.965	1.15915e-11	1.15916e-11
7308	C	C	111.088	37	8	8	1.12685e-11	111.088	1.12681e-11	1.12683e-11
7309	G	G	96.5958	37	7	7	3.17017e-10	3.1701e-10	96.5958	3.17023e-10
7310	T	T	93.4726	37	7	7	2.66011e-10	1.42016e-09	2.66022e-10	93.4726
7311	A	A	107.07	37	8	8	107.07	9.2456e-12	6.6784e-11	9.24516e-12
7312	A	A	99.8273	37	8	8	99.8273	9.2456e-12	4.33422e-10	9.24516e-12
7313	G	G	96.5952	37	7	7	3.17063e-10	3.1704e-10	96.5952	3.17079e-10
7314	T	T	93.2136	37	7	7	2.66045e-10	1.54004e-09	2.66081e-10	93.2136
7315	C	C	96.6477	37	7	7	3.13253e-10	96.6477	3.13243e-10	3.13248e-10
7316	T	T	97.3576	37	7	7	2.6601e-10	2.66013e-10	2.66021e-10	97.3576
7317	G	G	82.7677	37	6	6	7.65403e-09	7.65389e-09	82.7677	7.65415e-09
7318	G	G	64.8896	37	6	5	1.31715e-06	4.5777e-08	64.8896	4.5778e-08
7319	C	C	82.7678	37	6	6	7.65408e-09	82.7678	7.65386e-09	7.65396e-09
7320	C	C	82.7678	37	6	6	7.65408e-09	82.7678	7.65386e-09	7.65396e-09
7321	T	T	91.3112	37	7	7	2.6601e-10	2.67912e-09	2.66021e-10	91.3112
7322	A	A	83.7719	37	7	7	83.7719	2.66021e-10	1.769e-08	2.6601e-10
7323	T	T	78.419	37	6	6	7.65388e-09	4.7192e-08	7.65414e-09	78.419
7324	G	G	68.1779	37	5	5	2.20229e-07	2.20225e-07	68.1779	2.20232e-07
7325	T	T	64.293	37	5	5	2.20224e-07	1.17572e-06	2.20231e-07	64.293
7326	A	A	82.7506	37	6	6	82.7506	7.69483e-09	7.68046e-09	7.67758e-09
7327	T	T	78.0822	37	6	6	7.65388e-09	5.22322e-08	7.65414e-09	78.0822
7328	G	G	82.1507	37	6	6	8.82257e-09	8.82238e-09	82.1507	8.82271e-09
7329	A	A	78.7144	37	6	6	78.7144	7.65419e-09	4.30831e-08	7.6539e-09
7330	A	A	78.6536	37	6	6	78.6536	7.65438e-09	4.3906e-08	7.65401e-09
7331	C	C	82.7678	37	6	6	7.65405e-09	82.7678	7.65385e-09	7.65392e-09
7332	T	T	91.3112	37	7	7	2.6601e-10	2.67912e-09	2.6602e-10	91.3112
7333	G	G	82.7677	37	6	6	7.65407e-09	7.6539e-09	82.7677	7.65419e-09
7334	A	A	82.7677	37	6	6	82.7677	7.65416e-09	7.654e-09	7.65389e-09
7335	A	A	82.7675	37	6	6	82.7675	7.65469e-09	7.65435e-09	7.6542e-09
7336	A	A	97.3576	37	7	7	97.3576	2.66021e-10	2.66014e-10	2.6601e-10
7337	A	A	126.537	37	9	9	126.537	3.21332e-13	3.21321e-13	3.21315e-13
7338	A	A	126.537	37	9	9	126.537	3.21332e-13	3.21321e-13	3.21315e-13
7339	G	G	126.537	37	9	9	3.21324e-13	3.21315e-13	126.537	3.21332e-13
7340	G	G	140.51	37	10	10	1.28725e-14	1.28722e-14	140.51	1.28727e-14
7341	T	T	132.474	37	12	12	1.35525e-17	2.45643e-13	1.35525e-17	132.474
7342	C	C	167.485	37	12	12	2.60209e-17	167.485	2.60209e-17	2.60209e-17
7343	T	T	152.044	37	12	12	1.35525e-17	2.68557e-15	1.35525e-17	152.044
7344	A	A	157.752	37	12	12	157.752	1.35525e-17	7.02021e-16	1.35525e-17
7345	G	G	138.642	37	11	10	5.55122e-14	1.92988e-15	138.642	1.92988e-15
7346	G	G	138.916	37	11	10	5.21143e-14	1.8117e-15	138.916	1.8117e-15
7347	A	A	151.031	37	11	11	151.031	3.88144e-16	2.64871e-15	3.88144e-16
7348	T	T	155.717	37	11	11	3.88144e-16	3.88144e-16	3.88144e-16	155.717
7349	G	G	141.127	37	10	10	1.11676e-14	1.11673e-14	141.127	1.11678e-14
7350	G	G	141.127	37	10	10	1.11676e-14	1.11673e-14	141.127	1.11678e-14
7351	G	G	140.51	37	10	10	1.28725e-14	1.28722e-14	140.51	1.28727e-14
7352	C	C	141.127	37	10	10	1.11678e-14	141.127	1.11673e-14	1.11676e-14
7353	C	C	154.043	37	11	11	5.71375e-16	154.043	5.69748e-16	5.7029e-16
7354	G	G	137.232	37	11	10	7.67995e-14	2.66931e-15	137.232	2.66931e-15
7355	A	A	136.121	37	11	11	136.121	3.88144e-16	1.05323e-13	3.88144e-16
7356	A	A	130.251	37	10	10	130.251	1.11678e-14	3.87575e-13	1.11673e-14
7357	T	T	137.242	37	10	10	1.11673e-14	5.96195e-14	1.11678e-14	137.242
7358	A	A	127.162	37	10	10	127.162	1.11678e-14	8.12448e-13	1.11673e-14
7359	T	T	135.081	37	10	10	1.11673e-14	1.12472e-13	1.11681e-14	135.081
7360	G	G	126.537	37	9	9	3.21324e-13	3.21315e-13	126.537	3.21332e-13
7361	A	A	122.652	37	9	9	122.652	3.21332e-13	1.71543e-12	3.21315e-13
7362	T	T	122.394	37	9	9	3.21315e-13	1.85994e-12	3.21331e-13	122.394
7363	A	A	122.189	37	9	9	122.189	3.21332e-13	1.98117e-12	3.21315e-13
7364	A	A	121.852	37	9	9	121.852	3.21332e-13	2.19277e-12	3.21315e-13
7365	T	T	126.537	37	9	9	3.21315e-13	3.21319e-13	3.21331e-13	126.537
7366	T	T	111.947	37	8	8	9.24516e-12	9.24526e-12	9.24557e-12	111.947
7367	A	A	101.293	37	8	8	101.293	9.48929e-12	3.0362e-10	9.38718e-12
7368	G	G	110.108	37	8	8	1.41217e-11	1.41213e-11	110.108	1.4122e-11
7369	T	T	111.947	37	8	8	9.24516e-12	9.24526e-12	9.24557e-12	111.947
7370	T	T	106.02	37	8	8	9.24516e-12	9.00927e-11	9.24558e-12	106.02
7371	T	T	92.4798	37	7	7	2.6601e-10	1.92156e-09	2.66021e-10	92.4798
7372	A	A	92.4798	37	7	7	92.4798	2.66022e-10	1.92156e-09	2.66011e-10
7373	A	A	91.4304	37	7	7	91.4304	2.66021e-10	2.59223e-09	2.6601e-10
7374	A	A	82.7677	37	6	6	82.7677	7.65415e-09	7.65397e-09	7.65388e-09
7375	T	T	82.7677	37	6	6	7.65388e-09	7.65397e-09	7.65415e-09	82.7677
7376	C	C	82.7677	37	6	6	7.65412e-09	82.7677	7.65387e-09	7.65399e-09
7377	A	A	82.7677	37	6	6	82.7677	7.65415e-09	7.65397e-09	7.65388e-09
7378	T	T	82.7492	37	6	6	7.67761e-09	7.68649e-09	7.69619e-09	82.7492
7379	A	A	97.3576	37	7	7	97.3576	2.66021e-10	2.66014e-10	2.6601e-10
7380	A	A	97.3576	37	7	7	97.3576	2.66021e-10	2.66014e-10	2.6601e-10
7381	C	C	80.5571	37	7	6	1.2414e-09	80.5571	1.24137e-09	3.57182e-08
7382	A	A	126.537	37	9	9	126.537	3.21333e-13	3.21321e-13	3.21316e-13
7383	A	A	119.16	37	9	9	119.16	2.25063e-12	1.57286e-12	1.44568e-12
7384	G	G	141.127	37	10	10	1.11676e-14	1.11673e-14	141.127	1.11678e-14
7385	T	T	122.509	37	10	10	1.11673e-14	2.41458e-12	1.11681e-14	122.509
7386	G	G	140.337	37	10	10	1.33969e-14	1.33969e-14	140.337	1.33975e-14
7387	A	A	136.778	37	10	10	136.778	1.11678e-14	6.88552e-14	1.11673e-14
7388	T	T	137.242	37	10	10	1.11673e-14	5.96197e-14	1.11681e-14	137.242
7389	T	T	141.127	37	10	10	1.11673e-14	1.11676e-14	1.11678e-14	141.127
7390	T	T	126.537	37	9	9	3.21315e-13	3.2132e-13	3.21332e-13	126.537
7391	C	C	126.537	37	9	9	3.21329e-13	126.537	3.21314e-13	3.21321e-13
7392	G	G	109.341	37	9	8	4.72637e-11	1.6426e-12	109.341	1.64273e-12
7393	A	A	137.013	37	10	10	137.013	1.11678e-14	6.40593e-14	1.11673e-14
7394	C	C	140.069	37	10	10	1.42502e-14	140.069	1.42491e-14	1.42497e-14
7395	A	A	135.2	37	10	10	135.2	1.11678e-14	1.08824e-13	1.11673e-14
7396	C	C	125.775	37	9	9	3.82935e-13	125.775	3.82916e-13	3.82926e-13
7397	A	A	132.66	37	11	10	132.66	9.87925e-15	2.10962e-13	1.45543e-14
7398	C	C	153.675	37	11	11	6.21248e-16	153.675	6.21248e-16	6.21248e-16
7399	T	T	144.763	37	11	11	3.88144e-16	1.37271e-14	3.88144e-16	144.763
7400	A	A	149.79	37	11	11	149.79	3.88144e-16	3.78224e-15	3.88144e-16
7401	G	G	141.127	37	10	10	1.11676e-14	1.11673e-14	141.127	1.11678e-14
7402	A	A	137.566	37	10	10	137.566	1.11678e-14	5.37247e-14	1.11673e-14
7403	T	T	141.127	37	10	10	1.11673e-14	1.11676e-14	1.11678e-14	141.127
7404	T	T	141.127	37	10	10	1.11673e-14	1.11676e-14	1.11678e-14	141.127
7405	A	A	136.219	37	10	10	136.219	1.12849e-14	8.12165e-14	1.12353e-14
7406	T	T	141.127	37	10	10	1.11673e-14	1.11676e-14	1.11678e-14	141.127
7407	A	A	122.484	37	9	9	122.484	3.21331e-13	1.80865e-12	3.21315e-13
7408	A	A	136.771	37	10	10	136.771	1.21032e-14	6.7539e-14	1.17124e-14
7409	A	A	136.249	37	10	10	136.249	1.11678e-14	8.06684e-14	1.11673e-14
7410	T	T	136.778	37	10	10	1.11673e-14	6.88555e-14	1.11678e-14	136.778
7411	A	A	141.127	37	10	10	141.127	1.11678e-14	1.11676e-14	1.11673e-14
7412	A	A	155.717	37	11	11	155.717	3.88144e-16	3.88144e-16	3.88144e-16
7413	A	A	151.832	37	11	11	151.832	3.88144e-16	2.07218e-15	3.88144e-16
7414	A	A	159.906	37	12	12	159.906	1.35525e-17	4.16876e-16	1.35525e-17
7415	A	A	159.314	37	12	12	159.314	1.35525e-17	4.81386e-16	1.35525e-17
7416	C	C	168.737	37	12	12	1.95156e-17	168.737	1.95156e-17	1.95156e-17
7417	A	A	156.582	37	12	12	156.582	1.35525e-17	9.26993e-16	1.35525e-17
7418	T	T	151.832	37	11	11	3.88144e-16	2.07218e-15	3.88144e-16	151.832
7419	A	A	137.566	37	10	10	137.566	1.11678e-14	5.37247e-14	1.11673e-14
7420	A	A	145.43	37	11	11	145.43	3.88144e-16	1.16633e-14	3.88144e-16
7421	T	T	156.342	37	12	12	1.35525e-17	9.81203e-16	1.35525e-17	156.342
7422	T	T	163.831	37	13	13	5.42101e-19	1.78893e-16	5.42101e-19	163.831
7423	C	C	147.024	37	13	11	1.0842e-17	147.024	1.0842e-17	8.59772e-15
7424	T	T	157.597	37	13	13	5.42101e-19	7.54063e-16	5.42101e-19	157.597
7425	C	C	167.853	37	12	12	2.38524e-17	167.853	2.38524e-17	2.38524e-17
7426	A	A	170.273	37	12	12	170.273	1.35525e-17	1.35525e-17	1.35525e-17
7427	A	A	166.422	37	12	12	166.422	1.35525e-17	7.20994e-17	1.35525e-17
7428	G	G	169.516	37	12	12	1.6263e-17	1.6263e-17	169.516	1.6263e-17
7429	T	T	170.307	37	12	12	1.35525e-17	1.35525e-17	1.35525e-17	170.307
7430	G	G	153.947	37	12	11	1.63715e-15	5.74627e-17	153.947	5.63785e-17
7431	C	C	170.307	37	12	12	1.35525e-17	170.307	1.35525e-17	1.35525e-17
7432	C	C	155.717	37	11	11	3.88144e-16	155.717	3.88144e-16	3.88144e-16
7433	T	T	164.38	37	12	12	1.35525e-17	1.31188e-16	1.35525e-17	164.38
7434	G	G	168.754	37	12	12	1.89735e-17	1.89735e-17	168.754	1.95156e-17
7435	T	T	172.041	37	13	13	5.42101e-19	2.60209e-17	5.42101e-19	172.041
7436	A	A	172.567	37	13	13	172.567	5.42101e-19	2.33103e-17	5.42101e-19
7437	G	G	181.678	37	13	13	1.0842e-18	1.0842e-18	181.678	1.0842e-18
7438	T	T	151.664	37	11	11	3.88144e-16	2.18467e-15	3.88144e-16	151.664
7439	T	T	152.156	37	11	11	3.88144e-16	1.86727e-15	3.88144e-16	152.156
7440	T	T	155.717	37	11	11	3.88144e-16	3.88144e-16	3.88144e-16	155.717
7441	A	A	155.717	37	11	11	155.717	3.88144e-16	3.88144e-16	3.88144e-16
7442	T	T	164.38	37	12	12	1.35525e-17	1.31188e-16	1.35525e-17	164.38
7443	C	C	169.248	37	12	12	1.73472e-17	169.248	1.73472e-17	1.73472e-17
7444	T	T	166.193	37	12	12	1.35525e-17	7.75205e-17	1.35525e-17	166.193
7445	T	T	166.253	37	12	12	1.35525e-17	7.58942e-17	1.35525e-17	166.253
7446	A	A	156.032	37	13	13	156.032	5.42101e-19	1.08203e-15	5.42101e-19
7447	A	A	149.098	37	12	12	149.098	1.35525e-17	5.31801e-15	1.35525e-17
7448	T	T	151.603	37	11	11	3.88144e-16	2.22641e-15	3.88144e-16	151.603
7449	A	A	135.2	37	10	10	135.2	1.11678e-14	1.08824e-13	1.11673e-14
7450	T	T	122.976	37	9	9	3.21315e-13	1.54582e-12	3.21332e-13	122.976
7451	T	T	126.537	37	9	9	3.21315e-13	3.21321e-13	3.21332e-13	126.537
7452	T	T	126.537	37	9	9	3.2132e-13	3.21329e-13	3.21341e-13	126.537
7453	T	T	126.537	37	9	9	3.21315e-13	3.21321e-13	3.21332e-13	126.537
7454	C	C	126.537	37	9	9	3.21332e-13	126.537	3.21315e-13	3.21324e-13
7455	T	T	111.947	37	8	8	9.24518e-12	9.24534e-12	9.24562e-12	111.947
7456	T	T	105.901	37	8	8	9.24516e-12	9.31131e-11	9.24559e-12	105.901
7457	A	A	106.02	37	8	8	106.02	9.24707e-12	9.0104e-11	9.246e-12
7458	G	G	97.3576	37	7	7	2.66014e-10	2.6601e-10	97.3576	2.66019e-10
7459	C	C	96.3443	37	8	7	3.2749e-11	96.3443	3.27479e-11	9.42265e-10
7460	C	C	110.179	37	8	8	1.38921e-11	110.179	1.38915e-11	1.38918e-11
7461	T	T	107.833	37	8	8	9.24516e-12	5.30334e-11	9.24559e-12	107.833
7462	T	T	107.894	37	8	8	9.24516e-12	5.20402e-11	9.24559e-12	107.894
7463	C	C	124.347	37	9	9	5.32107e-13	124.347	5.3208e-13	5.32094e-13
7464	A	A	111.93	37	8	8	111.93	9.29406e-12	9.27671e-12	9.27341e-12
7465	T	T	107.833	37	8	8	9.24516e-12	5.30335e-11	9.2456e-12	107.833
7466	T	T	113.623	37	9	9	3.21315e-13	1.82157e-11	3.21332e-13	113.623
7467	G	G	125.066	37	9	9	4.50916e-13	4.50907e-13	125.066	4.50926e-13
7468	T	T	122.188	37	9	9	3.21333e-13	1.98133e-12	3.21365e-13	122.188
7469	A	A	129.22	37	10	10	129.22	1.11678e-14	4.97378e-13	1.11673e-14
7470	T	T	130.051	37	10	10	1.11673e-14	4.06859e-13	1.11678e-14	130.051
7471	C	C	120.578	37	9	9	1.49553e-12	120.578	9.98739e-13	1.30772e-12
7472	C	C	111.157	37	8	8	1.10914e-11	111.157	1.10909e-11	1.10912e-11
7473	C	C	111.238	37	8	8	1.08873e-11	111.238	1.08868e-11	1.0887e-11
7474	T	T	111.947	37	8	8	9.24516e-12	9.24532e-12	9.24559e-12	111.947
7475	A	A	111.947	37	8	8	111.947	9.24558e-12	9.24528e-12	9.24516e-12
7476	G	G	111.947	37	8	8	9.24529e-12	9.24513e-12	111.947	9.24549e-12
7477	T	T	111.947	37	8	8	9.24518e-12	9.24534e-12	9.24563e-12	111.947
7478	A	A	108.062	37	8	8	108.062	9.24558e-12	4.93576e-11	9.24516e-12
7479	G	G	115.636	37	10	9	1.10911e-11	3.85465e-13	115.636	3.85479e-13
7480	G	G	140.227	37	10	10	1.37461e-14	1.37005e-14	140.227	1.37742e-14
7481	A	A	136.442	37	10	10	136.442	1.11678e-14	7.62094e-14	1.11673e-14
7482	C	C	164.691	37	12	12	5.14996e-17	164.691	4.60786e-17	4.93312e-17
7483	T	T	129.662	37	11	11	3.88144e-16	4.68722e-13	3.88144e-16	129.662
7484	A	A	155.717	37	11	11	155.717	3.88144e-16	3.88144e-16	3.88144e-16
7485	C	C	129.493	37	11	10	1.58597e-14	129.493	1.58597e-14	4.56341e-13
7486	T	T	156.101	37	13	13	5.42101e-19	1.06469e-15	5.42101e-19	156.101
7487	C	C	182.856	37	13	13	5.42101e-19	182.856	5.42101e-19	5.42101e-19
7488	A	A	181.012	37	13	13	181.012	5.42101e-19	2.71051e-18	5.42101e-19
7489	T	T	174.279	37	13	13	5.42101e-19	1.51788e-17	5.42101e-19	174.279
7490	T	T	175.246	37	13	13	5.42101e-19	1.19262e-17	5.42101e-19	175.246
7491	T	T	184.897	37	13	13	5.42101e-19	5.42101e-19	5.42101e-19	184.897
7492	A	A	162.937	37	13	13	162.937	5.42101e-19	2.20093e-16	5.42101e-19
7493	T	T	178.969	37	13	13	5.42101e-19	4.33681e-18	5.42101e-19	178.969
7494	C	C	139.602	37	11	10	1.54716e-15	139.602	1.54607e-15	4.45e-14
7495	G	G	137.058	37	11	10	7.99512e-14	2.77881e-15	137.058	2.77881e-15
7496	A	A	144.188	37	11	11	144.188	3.88144e-16	1.57811e-14	3.88144e-16
7497	T	T	152.156	37	11	11	3.88144e-16	1.86727e-15	3.88144e-16	152.156
7498	C	C	141.127	37	10	10	1.11678e-14	141.127	1.11673e-14	1.11676e-14
7499	C	C	141.127	37	10	10	1.11678e-14	141.127	1.11673e-14	1.11676e-14
7500	C	C	126.537	37	9	9	3.21333e-13	126.537	3.21315e-13	3.21326e-13
7501	C	C	126.314	37	10	9	3.29749e-14	126.314	3.29733e-14	9.48764e-13
7502	T	T	121.659	37	9	9	3.21315e-13	2.32108e-12	3.21332e-13	121.659
7503	C	C	109.423	37	9	8	1.61179e-12	109.423	1.61172e-12	4.6375e-11
7504	T	T	122.484	37	9	9	3.21315e-13	1.80867e-12	3.21332e-13	122.484
7505	A	A	121.852	37	9	9	121.852	3.21331e-13	2.19274e-12	3.21315e-13
7506	A	A	135.081	37	10	10	135.081	1.11678e-14	1.12472e-13	1.11673e-14
7507	T	T	132.216	37	11	11	3.87873e-16	2.59948e-13	3.88144e-16	132.216
7508	A	A	155.454	37	11	11	155.454	4.2067e-16	4.09286e-16	4.07118e-16
7509	T	T	137.334	37	11	11	3.88144e-16	7.94606e-14	3.88144e-16	137.334
7510	C	C	153.455	37	11	11	6.53232e-16	153.455	6.53232e-16	6.53232e-16
7511	C	C	154.167	33.5025	12	11	5.42101e-17	154.167	5.42101e-17	1.55583e-15
7512	T	T	165.429	33.5025	12	12	1.35525e-17	9.75782e-17	1.35525e-17	165.429
7513	C	C	153.193	33.5025	12	11	6.72205e-17	153.193	6.72205e-17	1.94723e-15
7514	G	G	130.19	33.5025	12	10	4.14683e-13	5.00901e-16	130.19	5.00901e-16
7515	C	C	182.706	33.6913	13	13	5.42101e-19	182.706	5.42101e-19	5.42101e-19
7516	T	T	170.932	33.6913	13	13	5.42101e-19	3.41524e-17	5.42101e-19	170.932
7517	A	A	172.804	33.6913	13	13	172.804	5.42101e-19	2.1684e-17	5.42101e-19
7518	C	C	182.217	33.6913	13	13	1.0842e-18	182.217	1.0842e-18	1.0842e-18
7519	T	T	138.4	33.2895	11	11	3.88144e-16	6.19985e-14	3.88144e-16	138.4
7520	T	T	145.43	33.2895	11	11	3.88144e-16	1.16633e-14	3.88144e-16	145.43
7521	T	T	152.156	33.2895	11	11	3.88144e-16	1.86727e-15	3.88144e-16	152.156
7522	G	G	170.307	33.5025	12	12	1.35525e-17	1.35525e-17	170.307	1.35525e-17
7523	A	A	170.307	33.5025	12	12	170.307	1.35525e-17	1.35525e-17	1.35525e-17
7524	C	C	169.447	33.5025	12	12	1.6263e-17	169.447	1.6263e-17	1.6263e-17
7525	T	T	166.163	33.5025	12	12	1.35525e-17	7.80626e-17	1.35525e-17	166.163
7526	A	A	159.575	33.5025	12	12	159.575	1.35525e-17	4.52112e-16	1.35525e-17
7527	G	G	168.588	33.5025	12	12	2.00577e-17	2.00577e-17	168.588	2.00577e-17
7528	A	A	151.536	33.5025	12	12	151.536	1.35525e-17	3.02221e-15	1.35525e-17
7529	G	G	167.821	33.6913	13	12	6.72205e-17	2.1684e-18	167.821	2.1684e-18
7530	G	G	154.936	33.2895	11	11	4.64581e-16	4.64581e-16	154.936	4.64581e-16
7531	G	G	154.658	33.2895	11	11	4.94938e-16	4.94938e-16	154.658	4.9548e-16
7532	T	T	151.574	33.2895	11	11	3.88144e-16	2.24674e-15	3.88144e-16	151.574
7533	A	A	131.055	33.0469	10	10	131.055	1.11678e-14	3.1829e-13	1.11673e-14
7534	T	T	149.79	33.2895	11	11	3.88144e-16	3.78224e-15	3.88144e-16	149.79
7535	A	A	144.466	33.2895	11	11	144.466	3.88144e-16	1.47549e-14	3.88144e-16
7536	A	A	151.087	33.5025	12	12	151.087	1.35525e-17	3.35398e-15	1.35525e-17
7537	T	T	159.013	33.5025	12	12	1.35525e-17	5.18249e-16	1.35525e-17	159.013
7538	G	G	154.857	37	11	11	4.72712e-16	4.72712e-16	154.857	4.73254e-16
7539	C	C	137.66	37	11	10	2.41886e-15	137.66	2.41886e-15	6.95993e-14
7540	T	T	145.058	37	11	11	3.88144e-16	1.27765e-14	3.88144e-16	145.058
7541	G	G	141.098	37	10	10	1.12367e-14	1.12275e-14	141.098	1.12608e-14
7542	T	T	137.242	37	10	10	1.11673e-14	5.96195e-14	1.11678e-14	137.242
7543	C	C	153.921	37	12	11	5.74627e-17	153.921	5.74627e-17	1.6469e-15
7544	T	T	162.588	37	13	13	0	2.37982e-16	0	162.588
7545	T	T	165.871	37	13	13	5.42101e-19	1.11131e-16	5.42101e-19	165.871
7546	T	T	167.026	37	13	13	5.42101e-19	8.51099e-17	5.42101e-19	167.026
7547	A	A	173.226	37	13	13	173.226	5.42101e-19	1.95156e-17	5.42101e-19
7548	T	T	181.336	37	13	13	5.42101e-19	2.1684e-18	5.42101e-19	181.336
7549	T	T	170.307	37	12	12	1.35525e-17	1.35525e-17	1.35525e-17	170.307
7550	T	T	155.717	37	11	11	3.88144e-16	3.88144e-16	3.88144e-16	155.717
7551	G	G	154.194	37	12	11	1.54499e-15	5.31259e-17	154.194	5.42101e-17
7552	T	T	165.621	37	12	12	1.35525e-17	9.21572e-17	1.35525e-17	165.621
7553	T	T	157.148	37	12	12	1.35525e-17	8.10441e-16	1.35525e-17	157.148
7554	A	A	149.798	37	12	12	149.798	3.41524e-17	4.49022e-15	2.49366e-17
7555	T	T	164.748	37	13	13	0	1.44199e-16	0	164.748
7556	G	G	181.998	37	13	13	5.42101e-19	5.42101e-19	181.998	1.0842e-18
7557	C	C	161.88	37	14	12	0	161.88	0	2.80808e-16
7558	T	T	155.981	37	12	12	2.49366e-17	1.03758e-15	3.30682e-17	155.981
7559	A	A	170.307	37	12	12	170.307	1.35525e-17	1.35525e-17	1.35525e-17
7560	A	A	184.897	37	13	13	184.897	5.42101e-19	5.42101e-19	5.42101e-19
7561	C	C	182.345	37	13	13	1.0842e-18	182.345	1.0842e-18	1.0842e-18
7562	A	A	184.897	37	13	13	184.897	5.42101e-19	5.42101e-19	5.42101e-19
7563	G	G	199.486	37	14	14	0	0	199.486	0
7564	T	T	188.176	37	14	14	0	5.42101e-19	0	188.176
7565	A	A	189.835	37	14	14	189.835	0	5.42101e-19	0
7566	A	A	188.869	37	14	14	188.869	0	5.42101e-19	0
7567	C	C	198.869	37	14	14	0	198.869	0	0
7568	A	A	187.157	37	14	14	187.157	0	5.42101e-19	0
7569	G	G	196.268	37	14	14	0	0	196.268	0
7570	T	T	170.307	37	12	12	1.35525e-17	1.35525e-17	1.35525e-17	170.307
7571	T	T	170.307	37	12	12	1.35525e-17	1.35525e-17	1.35525e-17	170.307
7572	T	T	170.307	37	12	12	1.35525e-17	1.35525e-17	1.35525e-17	170.307
7573	T	T	170.307	37	12	12	1.35525e-17	1.35525e-17	1.35525e-17	170.307
7574	A	A	166.746	37	12	12	166.746	1.35525e-17	6.50521e-17	1.35525e-17
7575	A	A	160.442	37	12	12	160.442	1.35525e-17	3.65376e-16	1.35525e-17
7576	A	A	174.316	37	13	13	174.316	5.42101e-19	1.51788e-17	5.42101e-19
7577	C	C	183.913	37	13	13	5.42101e-19	183.913	5.42101e-19	5.42101e-19
7578	A	A	163.667	37	13	13	163.667	5.42101e-19	1.85941e-16	5.42101e-19
7579	A	A	157.451	37	12	12	157.451	1.35525e-17	7.54063e-16	1.35525e-17
7580	G	G	139.604	37	11	10	4.44826e-14	1.54607e-15	139.604	1.54607e-15
7581	C	C	155.696	37	11	11	3.90584e-16	155.696	3.895e-16	3.90042e-16
7582	A	A	141.127	37	10	10	141.127	1.11678e-14	1.11676e-14	1.11673e-14
7583	C	C	141.127	37	10	10	1.11678e-14	141.127	1.11673e-14	1.11676e-14
7584	T	T	141.127	37	10	10	1.11673e-14	1.11676e-14	1.11678e-14	141.127
7585	T	T	149.671	37	11	11	3.87873e-16	3.90882e-15	3.88144e-16	149.671
7586	T	T	151.031	37	11	11	3.88144e-16	2.64871e-15	3.88144e-16	151.031
7587	A	A	150.839	37	11	11	150.839	3.88144e-16	2.80375e-15	3.88144e-16
7588	C	C	154.926	37	11	11	4.65665e-16	154.926	4.65665e-16	4.65665e-16
7589	A	A	141.127	37	10	10	141.127	1.11678e-14	1.11676e-14	1.11673e-14
7590	C	C	154.143	37	11	11	5.57822e-16	154.143	5.57822e-16	5.57822e-16
7591	T	T	150.839	37	11	11	3.87873e-16	2.80348e-15	3.87873e-16	150.839
7592	G	G	168.657	37	12	12	2.00577e-17	2.00577e-17	168.657	1.95156e-17
7593	G	G	168.465	37	12	12	2.05998e-17	2.05998e-17	168.465	2.05998e-17
7594	C	C	181.775	37	13	13	1.0842e-18	181.775	1.0842e-18	1.0842e-18
7595	T	T	158.897	37	12	12	1.35525e-17	5.32885e-16	1.35525e-17	158.897
7596	A	A	151.603	37	11	11	151.603	3.88144e-16	2.22641e-15	3.88144e-16
7597	A	A	150.839	37	11	11	150.839	3.88144e-16	2.80375e-15	3.88144e-16
7598	T	T	151.832	37	11	11	3.87873e-16	2.07191e-15	3.88144e-16	151.832
7599	A	A	130.726	37	10	10	130.726	1.11678e-14	3.45105e-13	1.11673e-14
7600	T	T	141.127	37	10	10	1.11673e-14	1.11676e-14	1.11678e-14	141.127
7601	A	A	129.456	37	10	10	129.456	1.11678e-14	4.69885e-13	1.11673e-14
7602	G	G	153.09	33.2895	11	11	7.10695e-16	7.10695e-16	153.09	7.10695e-16
7603	C	C	96.116	33.0469	10	8	1.27991e-12	96.116	1.27987e-12	1.05959e-09
7604	T	T	132.825	33.2895	11	11	3.88144e-16	2.25828e-13	3.88144e-16	132.825
7605	C	C	108.715	33.2895	11	9	7.03539e-14	108.715	7.03517e-14	5.82434e-11
7606	C	C	136.12	33.2895	11	10	3.44885e-15	136.12	3.44776e-15	9.92186e-14
7607	T	T	144.985	33.2895	11	11	3.88144e-16	1.30045e-14	3.88144e-16	144.985
7608	A	A	143.597	33.2895	11	11	143.597	3.88144e-16	1.81954e-14	3.88144e-16
7609	T	T	149.787	33.2895	11	11	3.88686e-16	3.78305e-15	3.89229e-16	149.787
7610	T	T	156.342	33.5025	12	12	1.35525e-17	9.81203e-16	1.35525e-17	156.342
7611	A	A	165.429	33.5025	12	12	165.429	1.35525e-17	9.75782e-17	1.35525e-17
7612	T	T	164.208	33.6913	13	13	5.42101e-19	1.63715e-16	5.42101e-19	164.208
7613	C	C	206.895	34.0116	15	15	0	206.895	0	0
7614	C	C	206.958	34.1488	16	15	0	206.958	0	0
7615	T	T	194.15	34.1488	16	16	0	0	0	194.15
7616	G	G	228.049	34.1488	16	16	0	0	228.049	0
7617	C	C	225.96	34.1488	16	16	0	225.96	0	0
7618	T	T	225.105	34.1488	16	16	0	0	0	225.105
7619	G	G	226.99	34.1488	16	16	0	0	226.99	0
7620	G	G	226.331	34.1488	16	16	0	0	226.331	0
7621	T	T	214.076	34.0116	15	15	0	0	0	214.076
7622	A	A	209.162	34.0116	15	15	209.162	0	0	0
7623	T	T	214.076	34.0116	15	15	0	0	0	214.076
7624	T	T	199.486	33.86	14	14	0	0	0	199.486
7625	C	C	199.486	33.86	14	14	0	199.486	0	0
7626	G	G	197.865	33.86	14	14	0	0	197.865	0
7627	C	C	199.472	33.86	14	14	0	199.472	0	0
7628	T	T	208.03	34.0116	15	15	0	0	0	208.03
7629	G	G	197.913	37	14	14	0	0	197.913	0
7630	C	C	184.037	37	13	13	5.42101e-19	184.037	5.42101e-19	5.42101e-19
7631	C	C	167.822	37	13	12	2.1684e-18	167.822	2.1684e-18	6.72205e-17
7632	T	T	181.012	37	13	13	5.42101e-19	2.1684e-18	5.42101e-19	181.012
7633	G	G	182.537	37	13	13	1.0842e-18	1.0842e-18	182.537	5.42101e-19
7634	C	C	184.897	37	13	13	5.42101e-19	184.897	5.42101e-19	5.42101e-19
7635	G	G	181.41	37	13	13	1.0842e-18	1.0842e-18	181.41	1.0842e-18
7636	A	A	149.858	37	12	12	149.858	1.35525e-17	4.46041e-15	1.35525e-17
7637	G	G	167.9	37	12	12	2.38524e-17	2.38524e-17	167.9	2.33103e-17
7638	G	G	154.225	37	11	11	5.47522e-16	5.47522e-16	154.225	5.4698e-16
7639	C	C	154.858	37	11	11	4.73254e-16	154.858	4.73254e-16	4.73254e-16
7640	A	A	142.558	37	11	11	142.558	3.88144e-16	2.33198e-14	3.88144e-16
7641	G	G	124.767	37	10	9	1.3548e-12	4.70847e-14	124.767	4.70869e-14
7642	C	C	141.127	37	10	10	1.11684e-14	141.127	1.11676e-14	1.11678e-14
7643	A	A	126.537	37	9	9	126.537	3.21332e-13	3.21322e-13	3.21315e-13
7644	C	C	126.537	37	9	9	3.21326e-13	126.537	3.21313e-13	3.21318e-13
7645	T	T	126.537	37	9	9	3.2132e-13	3.21324e-13	3.2134e-13	126.537
7646	A	A	122.975	37	9	9	122.975	3.21504e-13	1.54646e-12	3.21412e-13
7647	G	G	125.066	37	9	9	4.50924e-13	4.5091e-13	125.066	4.50935e-13
7648	G	G	100.265	37	9	8	3.82008e-10	1.32764e-11	100.265	1.32769e-11
7649	A	A	122.548	37	10	10	122.548	1.11678e-14	2.39282e-12	1.11673e-14
7650	C	C	140.145	37	10	10	1.40025e-14	140.145	1.40014e-14	1.40019e-14
7651	T	T	122.189	37	9	9	3.21315e-13	1.98115e-12	3.21331e-13	122.189
7652	G	G	110.889	37	8	8	1.17972e-11	1.17968e-11	110.889	1.17974e-11
7653	T	T	108.062	37	8	8	9.24516e-12	4.93574e-11	9.24557e-12	108.062
7654	C	C	97.2781	37	8	7	2.64134e-11	97.2781	2.64131e-11	7.59964e-10
7655	C	C	95.5877	37	8	7	3.89812e-11	95.5877	3.89802e-11	1.12158e-09
7656	C	C	111.088	37	8	8	1.12685e-11	111.088	1.12681e-11	1.12683e-11
7657	T	T	107.804	37	8	8	9.24516e-12	5.35155e-11	9.24557e-12	107.804
7658	G	G	81.1943	37	6	6	1.0996e-08	1.09958e-08	81.1943	1.09962e-08
7659	C	C	68.1779	37	5	5	2.20228e-07	68.1779	2.20224e-07	2.20226e-07
7660	T	T	68.1779	37	5	5	2.20224e-07	2.20226e-07	2.20231e-07	68.1779
7661	A	A	68.1779	37	5	5	68.1779	2.20231e-07	2.20227e-07	2.20225e-07
7662	G	G	68.1779	37	5	5	2.20229e-07	2.20225e-07	68.1779	2.20232e-07
7663	T	T	68.1779	37	5	5	2.20224e-07	2.20226e-07	2.20231e-07	68.1779
7664	A	A	57.5606	37	5	5	57.5606	2.20231e-07	7.17544e-06	2.20224e-07
7665	A	A	50.5901	37	5	5	50.5901	2.20229e-07	3.74713e-05	2.20223e-07
7666	T	T	68.1779	37	5	5	2.20224e-07	2.20226e-07	2.20231e-07	68.1779
7667	C	C	68.1779	37	5	5	2.20228e-07	68.1779	2.20224e-07	2.20226e-07
7668	G	G	37.9404	37	3	3	0.000232611	0.000232608	37.9404	0.000232613
7669	T	T	38.9988	37	3	3	0.0001823	0.000182301	0.000182303	38.9988
7670	C	C	24.4242	37	2	2	0.0052301	24.4242	0.00523006	0.00523007
7671	T	T	33.0732	37	3	3	0.000182233	0.00177615	0.000182237	33.0732
7672	A	A	38.9988	37	3	3	38.9988	0.000182304	0.000182302	0.0001823
7673	T	T	34.8856	37	3	3	0.000182267	0.00104562	0.000182273	34.8856
7674	A	A	38.9988	37	3	3	38.9988	0.000182304	0.000182302	0.0001823
7675	A	A	53.5881	37	4	4	53.5881	6.33663e-06	6.33654e-06	6.33648e-06
7676	C	C	52.6059	37	4	4	7.94475e-06	52.6059	7.94461e-06	7.94467e-06
7677	A	A	53.5881	37	4	4	53.5881	6.33663e-06	6.33654e-06	6.33648e-06
7678	C	C	52.7976	37	4	4	7.60165e-06	52.7976	7.60151e-06	7.60157e-06
7679	T	T	49.7032	37	4	4	6.33644e-06	3.38285e-05	6.33658e-06	49.7032
7680	T	T	62.1316	37	5	5	2.20224e-07	2.21798e-06	2.20231e-07	62.1316
7681	A	A	68.0447	37	5	5	68.0447	2.2945e-07	2.26208e-07	2.25597e-07
7682	C	C	42.6185	37	5	4	7.72274e-06	42.6185	7.72265e-06	0.000222209
7683	C	C	51.1033	37	5	4	1.09469e-06	51.1033	1.09468e-06	3.14972e-05
7684	G	G	82.006	37	6	6	9.12144e-09	9.12127e-09	82.006	9.12158e-09
7685	A	A	93.2435	37	7	7	93.2435	2.66021e-10	1.52592e-09	2.6601e-10
7686	T	T	85.7503	37	7	7	2.6601e-10	1.10225e-08	2.66021e-10	85.7503
7687	C	C	108.76	37	8	8	1.92618e-11	108.76	1.92611e-11	1.92614e-11
7688	T	T	79.4152	37	7	7	2.6601e-10	4.91579e-08	2.66021e-10	79.4152
7689	G	G	111.947	37	8	8	9.24534e-12	9.24514e-12	111.947	9.24553e-12
7690	A	A	111.947	37	8	8	111.947	9.24559e-12	9.2453e-12	9.24516e-12
7691	T	T	101.583	37	8	8	9.24516e-12	2.83128e-10	9.24559e-12	101.583
7692	T	T	107.894	37	8	8	9.24516e-12	5.20401e-11	9.24559e-12	107.894
7693	A	A	111.947	37	8	8	111.947	9.24559e-12	9.2453e-12	9.24516e-12
7694	T	T	111.947	37	8	8	9.24516e-12	9.2453e-12	9.24559e-12	111.947
7695	G	G	111.947	37	8	8	9.24534e-12	9.24514e-12	111.947	9.24553e-12
7696	T	T	111.947	37	8	8	9.2452e-12	9.24535e-12	9.24565e-12	111.947
7697	A	A	111.947	37	8	8	111.947	9.24559e-12	9.2453e-12	9.24516e-12
7698	C	C	82.9588	37	9	7	2.64924e-11	82.9588	2.64561e-11	2.1921e-08
7699	A	A	137.241	37	10	10	137.241	1.11724e-14	5.96355e-14	1.117e-14
7700	A	A	136.984	37	10	10	136.984	1.11678e-14	6.46423e-14	1.11673e-14
7701	A	A	136.778	37	10	10	136.778	1.11678e-14	6.88555e-14	1.11673e-14
7702	A	A	130.479	37	10	10	130.479	1.11678e-14	3.66631e-13	1.11673e-14
7703	C	C	115.717	37	10	9	3.78382e-13	115.717	3.78369e-13	1.08869e-11
7704	C	C	126.537	37	9	9	3.21327e-13	126.537	3.21313e-13	3.2132e-13
7705	T	T	135.081	37	10	10	1.11673e-14	1.12472e-13	1.11681e-14	135.081
7706	C	C	91.177	37	11	8	1.39029e-13	91.177	1.39025e-13	3.31167e-09
7707	A	A	141.127	37	10	10	141.127	1.11678e-14	1.11676e-14	1.11673e-14
7708	A	A	141.127	37	10	10	141.127	1.11678e-14	1.11676e-14	1.11673e-14
7709	T	T	130.84	37	10	10	1.11673e-14	3.35587e-13	1.11681e-14	130.84
7710	C	C	140.5	37	10	10	1.29112e-14	140.5	1.28933e-14	1.29044e-14
7711	T	T	141.127	37	10	10	1.11673e-14	1.11676e-14	1.11678e-14	141.127
7712	C	C	141.127	37	10	10	1.11678e-14	141.127	1.11673e-14	1.11676e-14
7713	T	T	141.127	37	10	10	1.11681e-14	1.11686e-14	1.11697e-14	141.127
7714	T	T	141.127	37	10	10	1.11673e-14	1.11676e-14	1.11678e-14	141.127
7715	A	A	137.242	37	10	10	137.242	1.11678e-14	5.96197e-14	1.11673e-14
7716	C	C	141.127	37	10	10	1.11678e-14	141.127	1.11673e-14	1.11676e-14
7717	A	A	144.726	37	11	11	144.726	3.88144e-16	1.3852e-14	3.88144e-16
7718	A	A	144.046	37	11	11	144.046	3.88144e-16	1.63308e-14	3.88144e-16
7719	T	T	151.603	37	11	11	3.88144e-16	2.22641e-15	3.88144e-16	151.603
7720	G	G	126.458	37	10	9	9.17987e-13	3.19037e-14	126.458	3.19054e-14
7721	C	C	121.604	37	10	9	9.75457e-14	121.604	9.75424e-14	2.80661e-12
7722	T	T	135.538	37	10	10	1.33774e-14	9.29969e-14	1.49601e-14	135.538
7723	A	A	151.632	37	11	11	151.632	3.9221e-16	2.19958e-15	3.90584e-16
7724	A	A	151.603	37	11	11	151.603	3.88144e-16	2.22641e-15	3.88144e-16
7725	A	A	165.429	37	12	12	165.429	1.35525e-17	9.75782e-17	1.35525e-17
7726	A	A	178.969	37	13	13	178.969	5.42101e-19	4.33681e-18	5.42101e-19
7727	A	A	170.307	37	12	12	170.307	1.35525e-17	1.35525e-17	1.35525e-17
7728	T	T	164.541	37	13	13	5.42101e-19	1.51788e-16	5.42101e-19	164.541
7729	C	C	182.366	37	13	13	1.0842e-18	182.366	1.0842e-18	1.0842e-18
7730	A	A	180.753	37	13	13	180.753	5.42101e-19	2.71051e-18	5.42101e-19
7731	T	T	180.841	37	13	13	5.42101e-19	2.71051e-18	5.42101e-19	180.841
7732	C	C	184.279	37	13	13	5.42101e-19	184.279	5.42101e-19	5.42101e-19
7733	T	T	184.897	37	13	13	5.42101e-19	5.42101e-19	5.42101e-19	184.897
7734	T	T	170.306	37	12	12	1.35525e-17	1.35525e-17	1.35525e-17	170.306
7735	C	C	170.307	37	12	12	1.35525e-17	170.307	1.35525e-17	1.35525e-17
7736	C	C	155.717	37	11	11	3.88144e-16	155.717	3.88144e-16	3.88144e-16
7737	C	C	155.637	37	12	11	3.84892e-17	155.637	3.84892e-17	1.1086e-15
7738	C	C	182.341	37	13	13	1.0842e-18	182.341	1.0842e-18	1.0842e-18
7739	A	A	222.19	37	17	17	222.19	0	0	0
7740	C	C	223.013	37	16	16	0	223.013	0	0
7741	T	T	173.097	37	15	15	0	2.11419e-17	0	173.097
7742	C	C	195.765	37	14	14	0	195.765	0	0
7743	T	T	176.051	37	14	14	0	1.0842e-17	0	176.051
7744	A	A	194.609	37	14	14	194.609	0	0	0
7745	A	A	193.559	37	14	14	193.559	0	0	0
7746	T	T	193.44	37	14	14	0	0	0	193.44
7747	G	G	198.015	37	14	14	0	0	198.015	0
7748	C	C	182.686	37	14	13	0	182.686	0	2.1684e-18
7749	T	T	195.343	37	14	14	0	0	0	195.343
7750	A	A	193.32	37	15	15	193.32	0	0	0
7751	G	G	196.434	37	14	14	0	0	196.434	0
7752	T	T	186.631	37	14	14	0	1.0842e-18	0	186.631
7753	A	A	188.114	37	14	14	188.114	0	5.42101e-19	0
7754	C	C	198.088	37	14	14	0	198.088	0	0
7755	C	C	193.662	37	15	14	0	193.662	0	0
7756	T	T	180.471	37	14	14	0	3.79471e-18	0	180.471
7757	C	C	210.79	37	15	15	0	210.79	0	0
7758	T	T	195.338	37	15	15	0	0	0	195.338
7759	T	T	196.796	37	15	15	0	0	0	196.796
7760	A	A	214.076	37	15	15	214.076	0	0	0
7761	C	C	213.366	37	15	15	0	213.366	0	0
7762	A	A	192.708	37	15	14	192.708	0	0	0
7763	T	T	214.076	37	15	15	0	0	0	214.076
7764	G	G	189.376	37	15	14	0	0	189.376	0
7765	A	A	214.076	37	15	15	214.076	0	0	0
7766	G	G	214.076	37	15	15	0	0	214.076	0
7767	C	C	227.093	37	16	16	0	227.093	0	0
7768	G	G	243.256	37	17	17	0	0	243.256	0
7769	T	T	231.884	37	17	17	0	0	0	231.884
7770	C	C	241.635	37	17	17	0	241.635	0	0
7771	A	A	239.37	37	17	17	239.37	0	0	0
7772	A	A	239.112	37	17	17	239.112	0	0	0
7773	A	A	253.497	37	18	18	253.497	0	0	0
7774	G	G	256.246	37	18	18	0	0	256.246	0
7775	C	C	256.985	37	18	18	0	256.985	0	0
7776	C	C	255.41	37	18	18	0	255.41	0	0
7777	C	C	219.862	37	18	16	0	219.862	0	0
7778	T	T	253.497	37	18	18	0	0	0	253.497
7779	A	A	230.926	37	17	17	230.926	0	0	0
7780	T	T	239.371	37	17	17	0	0	0	239.371
7781	A	A	213.943	37	15	15	213.943	0	0	0
7782	T	T	214.076	37	15	15	0	0	0	214.076
7783	A	A	228.666	37	16	16	228.666	0	0	0
7784	A	A	253.961	37	18	18	253.961	0	0	0
7785	T	T	237.842	37	18	18	0	0	0	237.842
7786	T	T	239.583	37	18	18	0	0	0	239.583
7787	T	T	240.61	37	18	18	0	0	0	240.61
7788	G	G	253.543	37	18	18	0	0	253.543	0
7789	G	G	240.626	37	18	17	0	0	240.626	0
7790	A	A	224.552	37	16	16	224.552	0	0	0
7791	T	T	230.4	37	17	17	0	0	0	230.4
7792	C	C	241.436	37	17	17	0	241.436	0	0
7793	A	A	254.285	37	18	18	254.285	0	0	0
7794	A	A	262.571	37	19	19	262.571	0	0	0
7795	T	T	246.304	37	19	19	0	0	0	246.304
7796	A	A	260.828	37	19	19	260.828	0	0	0
7797	C	C	270.347	37	19	19	0	270.347	0	0
7798	A	A	266.631	37	20	20	266.631	0	0	0
7799	A	A	254.538	37	19	19	254.538	0	0	0
7800	C	C	250.12	37	20	18	0	250.12	0	0
7801	A	A	271.232	37	21	21	271.232	0	0	0
7802	G	G	255.542	37	19	18	0	0	255.542	0
7803	C	C	254.56	37	19	18	0	254.56	0	0
7804	T	T	247.981	37	18	18	0	0	0	247.981
7805	T	T	239.677	37	17	17	0	0	0	239.677
7806	A	A	230.926	37	17	17	230.926	0	0	0
7807	C	C	256.272	37	18	18	0	256.272	0	0
7808	A	A	233.605	37	17	17	233.605	0	0	0
7809	G	G	241.058	37	17	17	0	0	241.058	0
7810	C	C	241.635	37	17	17	0	241.635	0	0
7811	C	C	241.848	37	17	17	0	241.848	0	0
7812	T	T	239.371	37	17	17	0	0	0	239.371
7813	G	G	227.093	37	16	16	0	0	227.093	0
7814	C	C	226.034	37	16	16	0	226.034	0	0
7815	T	T	217.058	37	16	16	0	0	0	217.058
7816	T	T	218.086	37	16	16	0	0	0	218.086
7817	A	A	228.666	37	16	16	228.666	0	0	0
7818	T	T	225.105	37	16	16	0	0	0	225.105
7819	C	C	228.666	37	16	16	0	228.666	0	0
7820	A	A	228.666	37	16	16	228.666	0	0	0
7821	G	G	203.966	37	16	15	0	0	203.966	0
7822	T	T	212.804	37	16	15	0	0	0	212.804
7823	A	A	217.934	37	16	16	217.934	0	0	0
7824	T	T	228.666	37	16	16	0	0	0	228.666
7825	T	T	228.666	37	16	16	0	0	0	228.666
7826	G	G	239.966	37	17	17	0	0	239.966	0
7827	T	T	209.391	37	15	15	0	0	0	209.391
7828	C	C	197.276	37	15	14	0	197.276	0	0
7829	A	A	224.552	37	16	16	224.552	0	0	0
7830	G	G	202.907	37	16	15	0	0	202.907	0
7831	T	T	224.317	37	16	16	0	0	0	224.317
7832	T	T	209.933	37	15	15	0	0	0	209.933
7833	T	T	215.973	37	16	16	0	0	0	215.973
7834	A	A	202.027	37	16	16	202.027	0	0	0
7835	A	A	197.529	37	16	16	197.529	0	0	0
7836	C	C	198.696	37	14	14	0	198.696	0	0
7837	A	A	180.019	37	13	13	180.019	5.42101e-19	3.25261e-18	5.42101e-19
7838	T	T	184.897	37	13	13	5.42101e-19	5.42101e-19	5.42101e-19	184.897
7839	A	A	153.298	37	12	12	153.298	1.35525e-17	2.00523e-15	1.35525e-17
7840	T	T	178.85	37	13	13	0	4.33681e-18	0	178.85
7841	C	C	183.691	37	14	13	0	183.691	0	2.1684e-18
7842	T	T	192.452	37	15	15	0	0	0	192.452
7843	C	C	161.32	37	14	12	0	161.32	0	3.1984e-16
7844	A	A	173.189	37	13	13	173.189	5.42101e-19	2.00577e-17	5.42101e-19
7845	A	A	163.998	37	13	13	163.998	5.42101e-19	1.71846e-16	5.42101e-19
7846	T	T	165.197	37	13	13	5.42101e-19	1.30104e-16	5.42101e-19	165.197
7847	C	C	168.34	37	13	12	2.1684e-18	168.34	2.1684e-18	5.96311e-17
7848	A	A	173.821	37	13	13	173.821	5.42101e-19	1.73472e-17	5.42101e-19
7849	G	G	184.026	37	14	13	2.1684e-18	1.0842e-18	184.026	0
7850	C	C	182.443	37	13	13	1.0842e-18	182.443	1.0842e-18	1.0842e-18
7851	T	T	174.662	37	13	13	0	1.35525e-17	0	174.662
7852	C	C	184.104	37	13	13	5.42101e-19	184.104	5.42101e-19	5.42101e-19
7853	A	A	165.621	37	12	12	165.621	1.35525e-17	9.21572e-17	1.35525e-17
7854	G	G	155.637	37	12	11	1.10914e-15	3.90313e-17	155.637	3.84892e-17
7855	T	T	155.717	37	11	11	3.88144e-16	3.88144e-16	3.88144e-16	155.717
7856	G	G	155.717	37	11	11	3.88144e-16	3.88144e-16	155.717	3.88144e-16
7857	A	A	170.307	37	12	12	170.307	1.35525e-17	1.35525e-17	1.35525e-17
7858	C	C	153.947	37	12	11	5.63785e-17	153.947	5.63785e-17	1.63606e-15
7859	A	A	170.307	37	12	12	170.307	1.35525e-17	1.35525e-17	1.35525e-17
7860	A	A	199.486	37	14	14	199.486	0	0	0
7861	T	T	184.754	37	15	15	0	1.6263e-18	0	184.754
7862	A	A	214.076	37	15	15	214.076	0	0	0
7863	G	G	228.666	37	16	16	0	0	228.666	0
7864	C	C	208.258	37	16	15	0	208.258	0	0
7865	A	A	228.666	37	16	16	228.666	0	0	0
7866	T	T	230.341	37	17	17	0	0	0	230.341
7867	A	A	239.695	37	17	17	239.695	0	0	0
7868	A	A	239.203	37	17	17	239.203	0	0	0
7869	A	A	247.481	37	18	18	247.481	0	0	0
7870	C	C	239.361	37	18	17	0	239.361	0	0
7871	T	T	253.732	37	18	18	0	0	0	253.732
7872	T	T	244.931	37	18	18	0	0	0	244.931
7873	C	C	231.546	37	18	17	0	231.546	0	0
7874	T	T	238.907	37	17	17	0	0	0	238.907
7875	C	C	242.465	37	17	17	0	242.465	0	0
7876	A	A	218.379	37	16	16	218.379	0	0	0
7877	T	T	237.329	37	17	17	0	0	0	237.329
7878	T	T	238.378	37	17	17	0	0	0	238.378
7879	G	G	221.932	37	17	16	0	0	221.932	0
7880	C	C	227.904	37	16	16	0	227.904	0	0
7881	G	G	197.223	37	15	14	0	0	197.223	0
7882	A	A	184.251	37	14	14	184.251	0	1.6263e-18	0
7883	T	T	170.288	37	12	12	1.35525e-17	1.35525e-17	1.35525e-17	170.288
7884	T	T	170.306	37	12	12	1.35525e-17	1.35525e-17	1.35525e-17	170.306
7885	C	C	170.307	37	12	12	1.35525e-17	170.307	1.35525e-17	1.35525e-17
7886	T	T	170.306	37	12	12	1.35525e-17	1.35525e-17	1.35525e-17	170.306
7887	T	T	170.307	37	12	12	1.35525e-17	1.35525e-17	1.35525e-17	170.307
7888	T	T	170.307	37	12	12	1.35525e-17	1.35525e-17	1.35525e-17	170.307
7889	A	A	159.431	37	12	12	159.431	1.35525e-17	4.68375e-16	1.35525e-17
7890	C	C	183.028	37	14	13	0	183.028	0	2.1684e-18
7891	C	C	182.055	37	14	13	0	182.055	0	2.1684e-18
7892	G	G	169.374	37	13	12	4.66207e-17	2.1684e-18	169.374	2.1684e-18
7893	A	A	160.329	37	12	12	160.329	1.35525e-17	3.75676e-16	1.35525e-17
7894	C	C	147.298	37	13	11	9.75782e-18	147.298	9.75782e-18	8.0708e-15
7895	T	T	180.018	37	13	13	5.42101e-19	3.25261e-18	5.42101e-19	180.018
7896	C	C	197.132	37	14	14	0	197.132	0	0
7897	C	C	183.076	37	13	13	5.42101e-19	183.076	5.42101e-19	5.42101e-19
7898	A	A	170.307	37	12	12	170.307	1.35525e-17	1.35525e-17	1.35525e-17
7899	T	T	166.253	37	12	12	1.35525e-17	7.58942e-17	1.35525e-17	166.253
7900	A	A	160.235	37	12	12	160.235	1.35525e-17	3.8435e-16	1.35525e-17
7901	T	T	170.306	37	12	12	1.35525e-17	1.35525e-17	1.35525e-17	170.306
7902	C	C	170.307	37	12	12	1.35525e-17	170.307	1.35525e-17	1.35525e-17
7903	A	A	158.214	37	12	12	158.214	1.35525e-17	6.28295e-16	1.35525e-17
7904	G	G	167.017	37	12	12	2.87314e-17	2.87314e-17	167.017	2.87314e-17
7905	C	C	140.904	37	11	10	1.146e-15	140.904	1.146e-15	3.29738e-14
7906	C	C	154.578	33.5025	12	11	4.87891e-17	154.578	4.87891e-17	1.41488e-15
7907	C	C	168.543	33.5025	12	12	2.00577e-17	168.543	2.00577e-17	2.00577e-17
7908	C	C	152.744	33.5025	12	11	7.48099e-17	152.744	7.48099e-17	2.15865e-15
7909	C	C	151.638	33.5025	12	11	9.6494e-17	151.638	9.6494e-17	2.78532e-15
7910	C	C	152.879	33.5025	12	11	7.26415e-17	152.879	7.26415e-17	2.09251e-15
7911	T	T	155.717	33.2895	11	11	3.88144e-16	3.88144e-16	3.88144e-16	155.717
7912	A	A	145.058	33.2895	11	11	145.058	3.88144e-16	1.27757e-14	3.88144e-16
7913	T	T	155.022	33.2895	11	11	4.36933e-16	4.55094e-16	4.7461e-16	155.022
7914	T	T	164.26	33.5025	12	12	1.35525e-17	1.35525e-16	1.35525e-17	164.26
7915	A	A	159.013	33.5025	12	12	159.013	1.35525e-17	5.18249e-16	1.35525e-17
7916	G	G	167.264	33.5025	12	12	2.71051e-17	2.71051e-17	167.264	2.71051e-17
7917	T	T	144.726	33.2895	11	11	3.88144e-16	1.3852e-14	3.88144e-16	144.726
7918	C	C	167.161	33.5025	12	12	2.76472e-17	167.161	2.76472e-17	2.76472e-17
7919	C	C	154.025	33.2895	11	11	5.73001e-16	154.025	5.73001e-16	5.73001e-16
7920	T	T	157.148	33.5025	12	12	1.35525e-17	8.10441e-16	1.35525e-17	157.148
7921	A	A	144.466	33.2895	11	11	144.466	3.88144e-16	1.47549e-14	3.88144e-16
7922	A	A	143.624	33.2895	11	11	143.624	3.88144e-16	1.8075e-14	3.88144e-16
7923	C	C	154.955	33.2895	11	11	4.62412e-16	154.955	4.62412e-16	4.62412e-16
7924	A	A	126.537	32.7677	9	9	126.537	3.21332e-13	3.21321e-13	3.21315e-13
7925	A	A	126.537	32.7677	9	9	126.537	3.21332e-13	3.21321e-13	3.21315e-13
7926	C	C	126.537	32.7677	9	9	3.21354e-13	126.537	3.21328e-13	3.21342e-13
7927	A	A	126.537	32.7677	9	9	126.537	3.21332e-13	3.21321e-13	3.21315e-13
7928	T	T	135.081	33.0469	10	10	1.1167e-14	1.12472e-13	1.11678e-14	135.081
7929	G	G	141.127	33.0469	10	10	1.11676e-14	1.11673e-14	141.127	1.11678e-14
7930	T	T	136.778	33.0469	10	10	1.11673e-14	6.88552e-14	1.11678e-14	136.778
7931	C	C	140.336	33.0469	10	10	1.33997e-14	140.336	1.3398e-14	1.33991e-14
7932	T	T	137.242	33.0469	10	10	1.11673e-14	5.96195e-14	1.11678e-14	137.242
7933	A	A	130.479	33.0469	10	10	130.479	1.11684e-14	3.66632e-13	1.11676e-14
7934	C	C	141.127	33.0469	10	10	1.11678e-14	141.127	1.11673e-14	1.11676e-14
7935	T	T	126.537	32.7677	9	9	3.21315e-13	3.21319e-13	3.21331e-13	126.537
7936	A	A	115.227	32.7677	9	9	115.227	3.21332e-13	1.23915e-11	3.21315e-13
7937	C	C	126.537	32.7677	9	9	3.21346e-13	126.537	3.21326e-13	3.21334e-13
7938	C	C	124.892	32.7677	9	9	4.6928e-13	124.892	4.6926e-13	4.69269e-13
7939	C	C	125.555	32.7677	9	9	4.02878e-13	125.555	4.02861e-13	4.02868e-13
7940	C	C	125.678	32.7677	9	9	3.9164e-13	125.678	3.91623e-13	3.9163e-13
7941	T	T	107.804	32.4422	8	8	9.24531e-12	5.35166e-11	9.24584e-12	107.804
7942	A	A	107.959	32.7677	9	9	107.959	3.21332e-13	6.88479e-11	3.21315e-13
7943	A	A	105.553	32.7677	9	9	105.553	3.21332e-13	1.20276e-10	3.21315e-13
7944	A	A	98.9536	37	8	8	98.9536	9.24559e-12	5.3412e-10	9.24516e-12
7945	G	G	95.682	37	7	7	3.91256e-10	3.91247e-10	95.682	3.91263e-10
7946	C	C	96.7406	37	7	7	3.06629e-10	96.7406	3.06619e-10	3.06624e-10
7947	T	T	82.7677	37	6	6	7.65388e-09	7.65395e-09	7.65414e-09	82.7677
7948	A	A	77.89	37	6	6	77.89	7.65415e-09	5.52888e-08	7.65389e-09
7949	A	A	76.8405	37	6	6	76.8405	7.65415e-09	7.4586e-08	7.65389e-09
7950	T	T	76.8405	37	6	6	7.65388e-09	7.45858e-08	7.65415e-09	76.8405
7951	G	G	82.7677	37	6	6	7.65399e-09	7.65387e-09	82.7677	7.65412e-09
7952	G	G	97.3576	37	7	7	2.66014e-10	2.6601e-10	97.3576	2.66019e-10
7953	C	C	80.4831	37	7	6	1.26275e-09	80.4831	1.26272e-09	3.63324e-08
7954	G	G	97.3576	37	7	7	2.66014e-10	2.6601e-10	97.3576	2.66019e-10
7955	A	A	97.3576	37	7	7	97.3576	2.66021e-10	2.66013e-10	2.6601e-10
7956	G	G	111.947	37	8	8	9.24529e-12	9.24513e-12	111.947	9.24549e-12
7957	T	T	107.07	37	8	8	9.24516e-12	6.67838e-11	9.24559e-12	107.07
7958	C	C	111.166	37	8	8	1.10673e-11	111.166	1.10669e-11	1.10671e-11
7959	A	A	111.947	37	8	8	111.947	9.24558e-12	9.24528e-12	9.24516e-12
7960	A	A	111.947	37	8	8	111.947	9.24561e-12	9.2453e-12	9.24518e-12
7961	T	T	111.947	37	8	8	9.24516e-12	9.24532e-12	9.24559e-12	111.947
7962	T	T	120.61	37	9	9	3.21315e-13	3.13119e-12	3.21332e-13	120.61
7963	T	T	121.659	37	9	9	3.21315e-13	2.32107e-12	3.21332e-13	121.659
7964	C	C	125.756	37	9	9	3.84648e-13	125.756	3.84628e-13	3.84639e-13
7965	A	A	137.566	37	10	10	137.566	1.11678e-14	5.37247e-14	1.11673e-14
7966	C	C	124.15	37	10	9	5.42752e-14	124.15	5.4273e-14	1.56162e-12
7967	C	C	140.268	37	10	10	1.36122e-14	140.268	1.36111e-14	1.36116e-14
7968	T	T	136.984	37	10	10	1.11673e-14	6.46426e-14	1.11681e-14	136.984
7969	G	G	137.954	37	10	10	2.31862e-14	2.31857e-14	137.954	2.31867e-14
7970	T	T	126.537	37	9	9	3.21315e-13	3.21321e-13	3.21332e-13	126.537
7971	C	C	87.2471	37	8	7	2.66019e-10	87.2471	2.66011e-10	7.65401e-09
7972	A	A	121.659	37	9	9	121.659	3.21331e-13	2.32106e-12	3.21315e-13
7973	A	A	120.61	37	9	9	120.61	3.21331e-13	3.13117e-12	3.21315e-13
7974	A	A	111.947	37	8	8	111.947	9.24557e-12	9.24526e-12	9.24516e-12
7975	G	G	126.537	37	9	9	3.2132e-13	3.21313e-13	126.537	3.21327e-13
7976	G	G	126.537	37	9	9	3.2132e-13	3.21314e-13	126.537	3.21328e-13
7977	A	A	137.566	37	10	10	137.566	1.11678e-14	5.37247e-14	1.11673e-14
7978	A	A	137.074	37	10	10	137.074	1.11678e-14	6.28596e-14	1.11673e-14
7979	A	A	137.013	37	10	10	137.013	1.11678e-14	6.40593e-14	1.11673e-14
7980	C	C	140.337	37	10	10	1.33975e-14	140.337	1.33969e-14	1.33969e-14
7981	T	T	143.162	37	11	11	3.88144e-16	2.01919e-14	3.88144e-16	143.162
7982	A	A	137.074	37	10	10	137.074	1.11678e-14	6.28593e-14	1.11673e-14
7983	G	G	140.346	37	10	10	1.33677e-14	1.33677e-14	140.346	1.33682e-14
7984	G	G	140.069	37	10	10	1.42497e-14	1.42491e-14	140.069	1.42502e-14
7985	A	A	135.2	37	10	10	135.2	1.11678e-14	1.08824e-13	1.11673e-14
7986	C	C	126.537	37	9	9	3.21333e-13	126.537	3.21315e-13	3.21326e-13
7987	C	C	126.537	37	9	9	3.21334e-13	126.537	3.21316e-13	3.21327e-13
7988	C	C	126.537	37	9	9	3.21333e-13	126.537	3.21315e-13	3.21326e-13
7989	G	G	155.717	37	11	11	3.88144e-16	3.88144e-16	155.717	3.88144e-16
7990	A	A	170.307	37	12	12	170.307	1.35525e-17	1.35525e-17	1.35525e-17
7991	A	A	170.306	37	12	12	170.306	1.35525e-17	1.35525e-17	1.35525e-17
7992	A	A	160.235	37	12	12	160.235	1.35525e-17	3.8435e-16	1.35525e-17
7993	G	G	144.025	37	12	11	1.607e-14	5.5728e-16	144.025	5.59448e-16
7994	A	A	159.056	37	12	12	159.056	1.35525e-17	5.12828e-16	1.35525e-17
7995	A	A	158.214	37	12	12	158.214	1.35525e-17	6.28295e-16	1.35525e-17
7996	A	A	147.726	37	12	12	147.726	1.35525e-17	7.30481e-15	1.35525e-17
7997	T	T	149.671	37	11	11	3.88144e-16	3.90909e-15	3.88144e-16	149.671
7998	T	T	151.031	37	11	11	3.88144e-16	2.64871e-15	3.88144e-16	151.031
7999	A	A	151.031	37	11	11	151.031	3.88144e-16	2.64871e-15	3.88144e-16
8000	T	T	151.573	37	11	11	3.88144e-16	2.24674e-15	3.88144e-16	151.573
8001	A	A	155.717	37	11	11	155.717	3.88144e-16	3.88144e-16	3.88144e-16
8002	C	C	154.658	37	11	11	4.9548e-16	154.658	4.9548e-16	4.9548e-16
8003	A	A	155.715	37	11	11	155.715	3.88415e-16	3.88144e-16	3.88144e-16
8004	T	T	151.664	37	11	11	3.88144e-16	2.18467e-15	3.88144e-16	151.664
8005	C	C	155.1	37	11	11	4.47233e-16	155.1	4.47233e-16	4.47233e-16
8006	A	A	145.316	37	11	11	145.316	3.88144e-16	1.1994e-14	3.88144e-16
8007	C	C	155.717	37	11	11	3.88144e-16	155.717	3.88144e-16	3.88144e-16
8008	C	C	155.716	37	11	11	3.88144e-16	155.716	3.88144e-16	3.88144e-16
8009	A	A	149.098	37	12	12	149.098	1.35525e-17	5.31801e-15	1.35525e-17
8010	T	T	156.582	37	12	12	1.35525e-17	9.26993e-16	1.35525e-17	156.582
8011	A	A	149.79	37	11	11	149.79	3.88144e-16	3.78224e-15	3.88144e-16
8012	C	C	139.477	37	10	10	1.63303e-14	139.477	1.63292e-14	1.63297e-14
8013	T	T	130.726	37	10	10	1.11673e-14	3.45105e-13	1.11678e-14	130.726
8014	A	A	141.127	37	10	10	141.127	1.11678e-14	1.11676e-14	1.11673e-14
8015	G	G	116.427	37	10	9	9.24533e-12	3.21315e-13	116.427	3.21328e-13
8016	T	T	141.127	37	10	10	1.11673e-14	1.11676e-14	1.11678e-14	141.127
8017	C	C	141.127	37	10	10	1.11678e-14	141.127	1.11673e-14	1.11676e-14
8018	C	C	141.127	37	10	10	1.11678e-14	141.127	1.11673e-14	1.11676e-14
8019	T	T	141.127	37	10	10	1.11673e-14	1.11676e-14	1.11678e-14	141.127
8020	T	T	149.671	37	11	11	3.87873e-16	3.90882e-15	3.88144e-16	149.671
8021	C	C	154.735	37	11	11	4.86807e-16	154.735	4.86807e-16	4.86807e-16
8022	T	T	151.368	37	11	11	3.88144e-16	2.39311e-15	3.88144e-16	151.368
8023	A	A	151.368	37	11	11	151.368	3.88144e-16	2.39311e-15	3.88144e-16
8024	C	C	167.952	37	12	12	2.33103e-17	167.952	2.33103e-17	2.33103e-17
8025	A	A	178.85	37	13	13	178.85	5.42101e-19	4.87891e-18	5.42101e-19
8026	A	A	170.307	37	12	12	170.307	1.35525e-17	1.35525e-17	1.35525e-17
8027	C	C	181.673	37	13	13	1.0842e-18	181.673	1.0842e-18	1.0842e-18
8028	T	T	166.096	37	13	13	5.42101e-19	1.0571e-16	5.42101e-19	166.096
8029	A	A	189.835	37	14	14	189.835	0	5.42101e-19	0
8030	T	T	188.192	37	14	14	0	5.42101e-19	0	188.192
8031	T	T	189.252	37	14	14	0	5.42101e-19	0	189.252
8032	C	C	198.696	37	14	14	0	198.696	0	0
8033	C	C	198.776	37	14	14	0	198.776	0	0
8034	T	T	170.306	37	12	12	1.35525e-17	1.35525e-17	1.35525e-17	170.306
8035	G	G	139.922	37	11	10	4.13428e-14	1.43657e-15	139.922	1.43657e-15
8036	A	A	135.081	37	10	10	135.081	1.11678e-14	1.12472e-13	1.11673e-14
8037	G	G	140.509	37	10	10	1.28744e-14	1.28733e-14	140.509	1.28752e-14
8038	C	C	139.989	37	11	10	1.41488e-15	139.989	1.41488e-15	4.07096e-14
8039	A	A	151.603	37	11	11	151.603	3.88144e-16	2.22641e-15	3.88144e-16
8040	T	T	144.841	37	11	11	3.88144e-16	1.34701e-14	3.88144e-16	144.841
8041	A	A	142.941	37	11	11	142.941	3.88144e-16	2.12894e-14	3.88144e-16
8042	A	A	130.763	37	10	10	130.763	1.11678e-14	3.41993e-13	1.11673e-14
8043	C	C	154.143	37	11	11	5.57822e-16	154.143	5.57822e-16	5.57822e-16
8044	C	C	167.675	37	12	12	2.49366e-17	167.675	2.49366e-17	2.49366e-17
8045	T	T	144.11	37	11	11	3.87873e-16	1.60822e-14	3.88144e-16	144.11
8046	T	T	145.137	37	11	11	3.87873e-16	1.25318e-14	3.88144e-16	145.137
8047	T	T	131.262	37	10	10	1.11673e-14	3.02407e-13	1.11681e-14	131.262
8048	T	T	137.566	37	10	10	1.11673e-14	5.37249e-14	1.11681e-14	137.566
8049	C	C	141.127	37	10	10	1.11678e-14	141.127	1.11673e-14	1.11676e-14
8050	T	T	141.127	37	10	10	1.11673e-14	1.11676e-14	1.11678e-14	141.127
8051	G	G	154.955	37	11	11	4.62412e-16	4.62412e-16	154.955	4.62412e-16
8052	C	C	154.658	37	11	11	4.9548e-16	154.658	4.9548e-16	4.9548e-16
8053	T	T	151.603	37	11	11	3.88144e-16	2.22641e-15	3.88144e-16	151.603
8054	A	A	149.79	37	11	11	149.79	3.88144e-16	3.78224e-15	3.88144e-16
8055	T	T	137.566	37	10	10	1.11673e-14	5.37249e-14	1.11678e-14	137.566
8056	A	A	136.984	37	10	10	136.984	1.11678e-14	6.4642e-14	1.11673e-14
8057	G	G	154.857	37	11	11	4.72712e-16	4.72712e-16	154.857	4.73254e-16
8058	A	A	151.031	37	11	11	151.031	3.88144e-16	2.64871e-15	3.88144e-16
8059	G	G	153.455	37	11	11	6.53232e-16	6.53232e-16	153.455	6.53232e-16
8060	C	C	140.337	37	10	10	1.33975e-14	140.337	1.33969e-14	1.33969e-14
8061	T	T	137.242	37	10	10	1.11684e-14	5.96208e-14	1.11697e-14	137.242
8062	A	A	136.249	37	10	10	136.249	1.11678e-14	8.06687e-14	1.11673e-14
8063	A	A	135.2	37	10	10	135.2	1.11678e-14	1.08824e-13	1.11673e-14
8064	T	T	135.081	37	10	10	1.11673e-14	1.12472e-13	1.11678e-14	135.081
8065	C	C	124.767	37	10	9	4.70869e-14	124.767	4.70847e-14	1.35479e-12
8066	C	C	140.268	37	10	10	1.36116e-14	140.268	1.36111e-14	1.36111e-14
8067	T	T	136.984	37	10	10	1.11673e-14	6.46426e-14	1.11681e-14	136.984
8068	A	A	112.703	37	10	10	112.703	1.11681e-14	2.32871e-11	1.11676e-14
8069	T	T	126.537	37	9	9	3.21315e-13	3.2132e-13	3.21332e-13	126.537
8070	T	T	126.537	37	9	9	3.2132e-13	3.21328e-13	3.21341e-13	126.537
8071	C	C	97.1348	37	8	7	2.72987e-11	97.1348	2.72979e-11	7.85448e-10
8072	T	T	92.4798	37	7	7	2.6601e-10	1.92156e-09	2.66021e-10	92.4798
8073	A	A	97.3576	37	7	7	97.3576	2.66021e-10	2.66013e-10	2.6601e-10
8074	T	T	93.3042	37	7	7	2.6601e-10	1.49734e-09	2.66021e-10	93.3042
8075	A	A	111.947	37	8	8	111.947	9.24558e-12	9.24528e-12	9.24516e-12
8076	T	T	112.712	37	9	9	3.21315e-13	2.26182e-11	3.21332e-13	112.712
8077	C	C	109.643	37	9	8	1.53212e-12	109.643	1.53206e-12	4.40826e-11
8078	A	A	136.984	37	10	10	136.984	1.11678e-14	6.4642e-14	1.11673e-14
8079	T	T	127.786	37	11	11	3.88144e-16	7.22359e-13	3.88144e-16	127.786
8080	G	G	126.91	37	12	10	7.64683e-13	9.7331e-14	126.91	2.26316e-14
8081	T	T	151.176	37	12	12	1.35525e-17	3.28513e-15	1.35525e-17	151.176
8082	T	T	142.243	37	12	12	1.35525e-17	2.58853e-14	1.35525e-17	142.243
8083	C	C	167.824	37	12	12	2.38524e-17	167.824	2.38524e-17	2.38524e-17
8084	G	G	181.474	37	13	13	1.0842e-18	1.0842e-18	181.474	1.0842e-18
8085	A	A	157.148	37	12	12	157.148	1.35525e-17	8.10441e-16	1.35525e-17
8086	A	A	151.031	37	11	11	151.031	3.88144e-16	2.64871e-15	3.88144e-16
8087	G	G	168.045	37	12	12	2.27682e-17	2.27682e-17	168.045	2.27682e-17
8088	C	C	154.041	37	11	11	5.70832e-16	154.041	5.70832e-16	5.70832e-16
8089	G	G	154.936	37	11	11	4.64581e-16	4.64581e-16	154.936	4.64581e-16
8090	A	A	150.839	37	11	11	150.839	3.88144e-16	2.80375e-15	3.88144e-16
8091	C	C	155.1	37	11	11	4.47233e-16	155.1	4.47233e-16	4.47233e-16
8092	C	C	154.072	37	11	11	5.67038e-16	154.072	5.67038e-16	5.67038e-16
8093	C	C	154.735	37	11	11	4.86807e-16	154.735	4.86807e-16	4.86807e-16
8094	T	T	151.368	37	11	11	3.88144e-16	2.39311e-15	3.88144e-16	151.368
8095	A	A	151.573	37	11	11	151.573	3.88144e-16	2.24701e-15	3.88144e-16
8096	G	G	154.148	37	11	11	5.56738e-16	5.56738e-16	154.148	5.5728e-16
8097	T	T	155.717	37	11	11	3.88144e-16	3.88144e-16	3.88144e-16	155.717
8098	A	A	142.42	37	11	11	142.42	3.88144e-16	2.41015e-14	3.88144e-16
8099	C	C	141.127	37	10	10	1.11678e-14	141.127	1.11673e-14	1.11676e-14
8100	C	C	141.126	37	10	10	1.11713e-14	141.126	1.11695e-14	1.11703e-14
8101	C	C	126.537	37	9	9	3.21329e-13	126.537	3.21314e-13	3.21321e-13
8102	A	A	151.832	33.2895	11	11	151.832	3.88144e-16	2.07218e-15	3.88144e-16
8103	C	C	138.299	33.2895	11	10	2.08817e-15	138.299	2.08817e-15	6.00811e-14
8104	G	G	154.855	33.2895	11	11	4.73254e-16	4.73254e-16	154.855	4.73254e-16
8105	C	C	154.165	33.2895	11	11	5.55112e-16	154.165	5.55112e-16	5.55112e-16
8106	T	T	146.066	33.2895	11	11	3.88144e-16	9.96843e-15	3.88144e-16	146.066
8107	G	G	141.127	33.0469	10	10	1.11676e-14	1.11673e-14	141.127	1.11678e-14
8108	G	G	141.127	33.0469	10	10	1.11676e-14	1.11673e-14	141.127	1.11678e-14
8109	T	T	141.127	33.0469	10	10	1.11673e-14	1.11676e-14	1.11678e-14	141.127
8110	G	G	141.127	33.0469	10	10	1.11686e-14	1.11681e-14	141.127	1.11692e-14
8111	A	A	137.548	33.0469	10	10	137.548	1.12294e-14	5.39532e-14	1.1202e-14
8112	T	T	141.127	33.0469	10	10	1.11673e-14	1.11676e-14	1.11678e-14	141.127
8113	T	T	149.79	33.2895	11	11	3.88144e-16	3.78224e-15	3.88144e-16	149.79
8114	A	A	137.001	33.2895	11	11	137.001	3.88144e-16	8.58585e-14	3.88144e-16
8115	T	T	151.603	33.2895	11	11	3.88144e-16	2.22641e-15	3.88144e-16	151.603
8116	C	C	140.365	33.0469	10	10	1.33091e-14	140.365	1.3308e-14	1.33086e-14
8117	A	A	121.852	32.7677	9	9	121.852	3.21331e-13	2.19276e-12	3.21315e-13
8118	C	C	126.314	33.0469	10	9	3.29749e-14	126.314	3.29733e-14	9.48756e-13
8119	T	T	121.623	32.7677	9	9	3.23306e-13	2.34078e-12	3.24859e-13	121.623
8120	C	C	125.756	32.7677	9	9	3.84646e-13	125.756	3.84627e-13	3.84637e-13
8121	G	G	108.975	32.7677	9	8	5.14158e-11	1.78692e-12	108.975	1.78699e-12
8122	A	A	115.165	32.7677	9	9	115.165	3.21331e-13	1.25782e-11	3.21315e-13
8123	T	T	126.537	32.7677	9	9	3.21315e-13	3.2132e-13	3.21332e-13	126.537
8124	G	G	92.5373	32.4422	8	7	2.26398e-09	7.86817e-11	92.5373	7.86871e-11
8125	A	A	86.4038	32.0567	7	7	86.4038	2.66021e-10	9.40835e-09	2.6601e-10
8126	G	G	109.907	32.4422	8	8	1.4791e-11	1.47907e-11	109.907	1.47913e-11
8127	G	G	92.8573	32.7677	9	7	2.24394e-09	2.71045e-12	92.8573	2.71051e-12
8128	A	A	97.3576	37	7	7	97.3576	2.66021e-10	2.66013e-10	2.6601e-10
8129	A	A	87.7065	37	7	7	87.7065	2.66028e-10	6.83226e-09	2.66015e-10
8130	A	A	101.33	37	8	8	101.33	9.24561e-12	3.01231e-10	9.24518e-12
8131	T	T	101.066	37	8	8	9.24516e-12	3.21285e-10	9.24559e-12	101.066
8132	C	C	111.166	37	8	8	1.10673e-11	111.166	1.10669e-11	1.10671e-11
8133	A	A	103.788	37	9	9	103.788	3.21331e-13	1.80894e-10	3.21315e-13
8134	A	A	92.4798	37	7	7	92.4798	2.66021e-10	1.92156e-09	2.6601e-10
8135	A	A	91.4304	37	7	7	91.4304	2.66021e-10	2.59223e-09	2.6601e-10
8136	C	C	81.9772	37	6	6	9.18228e-09	81.9772	9.18197e-09	9.18214e-09
8137	A	A	97.3576	37	7	7	97.3576	2.66021e-10	2.66013e-10	2.6601e-10
8138	G	G	97.3576	37	7	7	2.66014e-10	2.6601e-10	97.3576	2.66019e-10
8139	A	A	97.3576	37	7	7	97.3576	2.66021e-10	2.66013e-10	2.6601e-10
8140	A	A	97.3576	37	7	7	97.3576	2.66021e-10	2.66013e-10	2.6601e-10
8141	C	C	96.6477	37	7	7	3.13256e-10	96.6477	3.13244e-10	3.1325e-10
8142	G	G	126.537	37	9	9	3.21323e-13	3.21314e-13	126.537	3.2133e-13
8143	C	C	124.573	37	9	9	5.05128e-13	124.573	5.05105e-13	5.05116e-13
8144	C	C	124.818	37	9	9	4.7734e-13	124.818	4.77318e-13	4.77329e-13
8145	T	T	115.805	37	9	9	3.21315e-13	1.07661e-11	3.21331e-13	115.805
8146	A	A	126.537	37	9	9	126.537	3.21332e-13	3.21321e-13	3.21315e-13
8147	A	A	126.537	37	9	9	126.537	3.21332e-13	3.21321e-13	3.21315e-13
8148	A	A	126.537	37	9	9	126.537	3.21332e-13	3.21321e-13	3.21315e-13
8149	C	C	126.537	37	9	9	3.21346e-13	126.537	3.21326e-13	3.21334e-13
8150	G	G	141.127	37	10	10	1.11676e-14	1.11673e-14	141.127	1.11678e-14
8151	C	C	140.069	37	10	10	1.42502e-14	140.069	1.42491e-14	1.42497e-14
8152	G	G	141.127	37	10	10	1.11676e-14	1.11673e-14	141.127	1.11678e-14
8153	G	G	141.127	37	10	10	1.11676e-14	1.11673e-14	141.127	1.11678e-14
8154	G	G	141.125	37	10	10	1.11719e-14	1.117e-14	141.125	1.1173e-14
8155	C	C	141.127	37	10	10	1.11678e-14	141.127	1.11673e-14	1.11676e-14
8156	C	C	141.127	37	10	10	1.11678e-14	141.127	1.11673e-14	1.11676e-14
8157	T	T	149.79	37	11	11	3.88144e-16	3.78224e-15	3.88144e-16	149.79
8158	T	T	156.481	37	12	12	1.35525e-17	9.49219e-16	1.35525e-17	156.481
8159	T	T	158.699	37	12	12	1.35525e-17	5.58906e-16	1.35525e-17	158.699
8160	A	A	165.958	37	12	12	165.958	1.35525e-17	8.29415e-17	1.35525e-17
8161	C	C	152.493	37	12	11	7.91468e-17	152.493	7.91468e-17	2.28658e-15
8162	T	T	166.746	37	12	12	1.30104e-17	6.451e-17	1.30104e-17	166.746
8163	T	T	155.717	37	11	11	3.88144e-16	3.88144e-16	3.88144e-16	155.717
8164	T	T	164.26	37	12	12	1.35525e-17	1.35525e-16	1.35525e-17	164.26
8165	C	C	169.324	37	12	12	1.68051e-17	169.324	1.68051e-17	1.68051e-17
8166	T	T	165.958	37	12	12	1.35525e-17	8.29415e-17	1.35525e-17	165.958
8167	G	G	167.608	37	12	12	2.54788e-17	2.54788e-17	167.608	2.49366e-17
8168	T	T	166.422	37	12	12	1.35525e-17	7.20994e-17	1.35525e-17	166.422
8169	T	T	169.662	37	13	13	5.42101e-19	4.60786e-17	5.42101e-19	169.662
8170	T	T	143.387	37	11	11	3.88144e-16	1.91326e-14	3.88144e-16	143.387
8171	T	T	144.763	37	11	11	3.88144e-16	1.37271e-14	3.88144e-16	144.763
8172	A	A	151.832	37	11	11	151.832	3.88144e-16	2.07218e-15	3.88144e-16
8173	T	T	146.066	37	11	11	3.88144e-16	9.96843e-15	3.88144e-16	146.066
8174	A	A	151.368	37	11	11	151.368	3.88144e-16	2.39311e-15	3.88144e-16
8175	G	G	117.281	37	11	9	8.10277e-12	9.78709e-15	117.281	9.78709e-15
8176	T	T	164.26	37	12	12	1.35525e-17	1.35525e-16	1.35525e-17	164.26
8177	C	C	130.034	37	11	10	1.40014e-14	130.034	1.40014e-14	4.0287e-13
8178	T	T	151.368	37	11	11	3.88144e-16	2.39311e-15	3.88144e-16	151.368
8179	A	A	135.171	37	11	11	135.171	3.88144e-16	1.31263e-13	3.88144e-16
8180	G	G	103.455	37	10	8	1.95528e-10	2.36176e-13	103.455	2.36184e-13
8181	T	T	141.127	37	10	10	1.11673e-14	1.11676e-14	1.11678e-14	141.127
8182	A	A	120.61	37	9	9	120.61	3.21333e-13	3.13119e-12	3.21316e-13
8183	G	G	141.127	37	10	10	1.11676e-14	1.11673e-14	141.127	1.11678e-14
8184	G	G	141.127	37	10	10	1.11676e-14	1.11673e-14	141.127	1.11678e-14
8185	G	G	141.127	37	10	10	1.11676e-14	1.11673e-14	141.127	1.11678e-14
8186	T	T	130.51	37	10	10	1.11673e-14	3.63859e-13	1.11678e-14	130.51
8187	C	C	139.8	37	10	10	1.51588e-14	139.8	1.51577e-14	1.51582e-14
8188	T	T	141.127	37	10	10	1.11673e-14	1.11676e-14	1.11678e-14	141.127
8189	C	C	141.127	37	10	10	1.11678e-14	141.127	1.11673e-14	1.11676e-14
8190	T	T	141.127	37	10	10	1.11681e-14	1.11686e-14	1.11695e-14	141.127
8191	A	A	129.598	37	10	10	129.598	1.11678e-14	4.54069e-13	1.11673e-14
8192	C	C	141.127	37	10	10	1.11678e-14	141.127	1.11673e-14	1.11676e-14
8193	C	C	126.314	37	10	9	3.29749e-14	126.314	3.29733e-14	9.48756e-13
8194	A	A	149.79	37	11	11	149.79	3.88144e-16	3.78224e-15	3.88144e-16
8195	T	T	129.52	37	10	10	1.11673e-14	4.62737e-13	1.11681e-14	129.52
8196	T	T	130.547	37	10	10	1.11673e-14	3.6058e-13	1.11678e-14	130.547
8197	A	A	136.778	37	10	10	136.778	1.11678e-14	6.88552e-14	1.11673e-14
8198	C	C	140.51	37	10	10	1.2873e-14	140.51	1.28722e-14	1.28725e-14
8199	T	T	149.79	37	11	11	3.88144e-16	3.78224e-15	3.88144e-16	149.79
8200	A	A	137.566	37	10	10	137.566	1.11678e-14	5.37244e-14	1.11673e-14
8201	G	G	154.955	37	11	11	4.62412e-16	4.62412e-16	154.955	4.62412e-16
8202	T	T	148.934	37	12	12	1.35525e-17	5.52401e-15	1.35525e-17	148.934
8203	T	T	157.026	37	13	13	5.42101e-19	8.60314e-16	5.42101e-19	157.026
8204	G	G	166.248	37	13	12	9.6494e-17	3.25261e-18	166.248	3.25261e-18
8205	C	C	147.413	37	13	11	9.75782e-18	147.413	9.75782e-18	7.86047e-15
8206	A	A	194.801	37	14	14	194.801	0	0	0
8207	C	C	180.773	37	14	13	0	180.773	0	3.25261e-18
8208	T	T	174.019	37	13	13	5.42101e-19	1.6263e-17	5.42101e-19	174.019
8209	G	G	184.187	37	13	13	5.42101e-19	5.42101e-19	184.187	5.42101e-19
8210	C	C	167.471	37	13	12	2.1684e-18	167.471	2.1684e-18	7.26415e-17
8211	T	T	193.44	37	14	14	0	0	0	193.44
8212	A	A	188.838	37	14	14	188.838	0	5.42101e-19	0
8213	C	C	211.643	37	15	15	0	211.643	0	0
8214	A	A	203.496	37	15	15	203.496	0	0	0
8215	C	C	211.603	37	15	15	0	211.603	0	0
8216	A	A	200.251	37	15	15	200.251	0	0	0
8217	C	C	211.024	37	15	15	0	211.024	0	0
8218	C	C	181.078	37	14	13	0	181.078	0	3.25261e-18
8219	C	C	198.404	37	15	14	0	198.404	0	0
8220	A	A	218.265	37	16	16	218.265	0	0	0
8221	A	A	232.265	37	17	17	232.265	0	0	0
8222	A	A	223.898	37	17	17	223.898	0	0	0
8223	A	A	236.948	37	18	18	236.948	0	0	0
8224	T	T	224.912	37	17	17	0	0	0	224.912
8225	A	A	224.317	37	16	16	224.317	0	0	0
8226	A	A	223.981	37	16	16	223.981	0	0	0
8227	T	T	225.105	37	16	16	0	0	0	225.105
8228	C	C	209.576	37	17	15	0	209.576	0	0
8229	T	T	230.926	37	17	17	0	0	0	230.926
8230	T	T	232.302	37	17	17	0	0	0	232.302
8231	G	G	256.787	37	18	18	0	0	256.787	0
8232	G	G	256.272	37	18	18	0	0	256.272	0
8233	C	C	242.396	37	17	17	0	242.396	0	0
8234	T	T	239.113	37	17	17	0	0	0	239.113
8235	C	C	242.546	37	17	17	0	242.546	0	0
8236	C	C	243.256	37	17	17	0	243.256	0	0
8237	C	C	243.256	37	17	17	0	243.256	0	0
8238	T	T	243.256	37	17	17	0	0	0	243.256
8239	A	A	232.596	37	17	17	232.596	0	0	0
8240	A	A	224.746	37	17	17	224.746	0	0	0
8241	A	A	222.447	37	17	17	222.447	0	0	0
8242	T	T	242.611	37	18	18	0	0	0	242.611
8243	T	T	250.373	37	19	19	0	0	0	250.373
8244	A	A	243.655	37	19	19	243.655	0	0	0
8245	T	T	231.554	37	18	18	0	0	0	231.554
8246	C	C	238.957	37	18	17	0	238.957	0	0
8247	T	T	223.518	37	17	17	0	0	0	223.518
8248	C	C	226.974	37	16	16	0	226.974	0	0
8249	T	T	224.317	37	16	16	0	0	0	224.317
8250	T	T	209.933	37	15	15	0	0	0	209.933
8251	A	A	210.023	37	15	15	210.023	0	0	0
8252	A	A	224.552	37	16	16	224.552	0	0	0
8253	T	T	223.981	37	16	16	0	0	0	223.981
8254	A	A	215.773	37	16	16	215.773	0	0	0
8255	C	C	188.585	37	15	14	0	188.585	0	0
8256	A	A	195.459	37	15	15	195.459	0	0	0
8257	A	A	193.618	37	15	15	193.618	0	0	0
8258	T	T	199.485	37	14	14	0	0	0	199.485
8259	A	A	198.981	37	15	15	198.981	0	0	0
8260	C	C	183.835	37	14	13	0	183.835	0	2.1684e-18
8261	T	T	187.815	37	14	14	0	5.42101e-19	0	187.815
8262	G	G	214.076	37	15	15	0	0	214.076	0
8263	A	A	228.666	37	16	16	228.666	0	0	0
8264	A	A	228.666	37	16	16	228.666	0	0	0
8265	C	C	227.123	37	16	16	0	227.123	0	0
8266	C	C	227.287	37	16	16	0	227.287	0	0
8267	C	C	228.049	37	16	16	0	228.049	0	0
8268	T	T	228.666	37	16	16	0	0	0	228.666
8269	A	A	230.688	37	17	17	230.688	0	0	0
8270	C	C	242.274	37	17	17	0	242.274	0	0
8271	C	C	213.217	37	15	15	0	213.217	0	0
8272	T	T	215.773	37	16	16	0	0	0	215.773
8273	C	C	226.898	37	16	16	0	226.898	0	0
8274	T	T	224.552	37	16	16	0	0	0	224.552
8275	G	G	256.787	37	18	18	0	0	256.787	0
8276	C	C	240.091	37	18	17	0	240.091	0	0
8277	C	C	241.615	37	17	17	0	241.615	0	0
8278	A	A	239.371	37	17	17	239.371	0	0	0
8279	A	A	239.113	37	17	17	239.113	0	0	0
8280	A	A	225.976	37	17	17	225.976	0	0	0
8281	T	T	251.799	37	18	18	0	0	0	251.799
8282	T	T	253.159	37	18	18	0	0	0	253.159
8283	C	C	242.396	37	17	17	0	242.396	0	0
8284	C	C	255.409	37	18	18	0	255.409	0	0
8285	G	G	228.625	37	16	16	0	0	228.625	0
8286	T	T	224.317	37	16	16	0	0	0	224.317
8287	A	A	239.695	37	17	17	239.695	0	0	0
8288	T	T	232.179	37	17	17	0	0	0	232.179
8289	C	C	242.396	37	17	17	0	242.396	0	0
8290	T	T	239.113	37	17	17	0	0	0	239.113
8291	A	A	213.309	37	17	17	213.309	0	0	0
8292	G	G	173.953	37	17	14	1.73472e-17	0	173.953	0
8293	C	C	212.795	37	16	15	0	212.795	0	0
8294	A	A	196.124	37	15	15	196.124	0	0	0
8295	T	T	196.554	37	15	15	0	0	0	196.554
8296	A	A	183.659	37	15	15	183.659	0	1.6263e-18	0
8297	T	T	187.366	37	14	14	0	5.42101e-19	0	187.366
8298	T	T	180.019	37	13	13	5.42101e-19	3.25261e-18	5.42101e-19	180.019
8299	T	T	180.782	37	13	13	5.42101e-19	2.71051e-18	5.42101e-19	180.782
8300	C	C	167.7	37	13	12	2.1684e-18	167.7	2.1684e-18	6.93889e-17
8301	T	T	166.746	37	12	12	1.30104e-17	6.451e-17	1.30104e-17	166.746
8302	G	G	167.59	37	12	12	2.49366e-17	2.49366e-17	167.59	2.54788e-17
8303	T	T	164.26	37	12	12	1.35525e-17	1.35525e-16	1.35525e-17	164.26
8304	G	G	152.249	37	12	11	2.41886e-15	8.45678e-17	152.249	8.45678e-17
8305	A	A	157.01	37	12	12	157.01	1.35525e-17	8.37546e-16	1.35525e-17
8306	C	C	167.943	37	12	12	2.33103e-17	167.943	2.33103e-17	2.33103e-17
8307	T	T	163.753	37	13	13	5.42101e-19	1.82146e-16	5.42101e-19	163.753
8308	A	A	174.239	37	13	13	174.239	5.42101e-19	1.51788e-17	5.42101e-19
8309	G	G	167.725	37	13	12	6.83047e-17	2.1684e-18	167.725	2.1684e-18
8310	C	C	182.708	37	13	13	5.42101e-19	182.708	5.42101e-19	5.42101e-19
8311	G	G	155.1	37	11	11	4.47775e-16	4.47775e-16	155.1	4.47233e-16
8312	T	T	152.156	37	11	11	3.88144e-16	1.86727e-15	3.88144e-16	152.156
8313	G	G	138.603	37	11	10	5.60153e-14	1.94723e-15	138.603	1.94723e-15
8314	T	T	155.717	37	11	11	3.88144e-16	3.88144e-16	3.88144e-16	155.717
8315	T	T	164.26	37	12	12	1.35525e-17	1.35525e-16	1.35525e-17	164.26
8316	T	T	151.031	37	11	11	3.88144e-16	2.64871e-15	3.88144e-16	151.031
8317	A	A	150.839	37	11	11	150.839	3.88144e-16	2.80375e-15	3.88144e-16
8318	A	A	149.79	37	11	11	149.79	3.88144e-16	3.78224e-15	3.88144e-16
8319	T	T	143.162	37	11	11	3.88144e-16	2.01919e-14	3.88144e-16	143.162
8320	G	G	154.955	37	11	11	4.62412e-16	4.62412e-16	154.955	4.62412e-16
8321	T	T	157.451	37	12	12	1.35525e-17	7.54063e-16	1.35525e-17	157.451
8322	C	C	181.503	37	13	13	1.0842e-18	181.503	1.0842e-18	1.0842e-18
8323	A	A	193.559	37	14	14	193.559	0	0	0
8324	T	T	166.198	37	13	13	5.42101e-19	1.02999e-16	5.42101e-19	166.198
8325	T	T	172.138	37	14	14	0	2.6563e-17	0	172.138
8326	T	T	181.179	37	14	14	0	3.25261e-18	0	181.179
8327	A	A	188.192	37	14	14	188.192	0	5.42101e-19	0
8328	T	T	195.433	37	14	14	0	0	0	195.433
8329	G	G	166.411	37	13	12	9.32414e-17	3.25261e-18	166.411	3.25261e-18
8330	G	G	166.201	37	13	12	1.30104e-17	1.6263e-17	166.201	7.69784e-17
8331	T	T	178.85	37	13	13	0	4.33681e-18	0	178.85
8332	A	A	173.821	37	13	13	173.821	5.42101e-19	1.73472e-17	5.42101e-19
8333	A	A	171.865	37	13	13	171.865	5.42101e-19	2.71051e-17	5.42101e-19
8334	A	A	165.958	37	12	12	165.958	1.35525e-17	8.29415e-17	1.35525e-17
8335	A	A	180.211	37	13	13	180.211	5.42101e-19	3.25261e-18	5.42101e-19
8336	A	A	172.204	37	13	13	172.204	5.42101e-19	2.49366e-17	5.42101e-19
8337	T	T	165.958	37	12	12	1.35525e-17	8.29415e-17	1.35525e-17	165.958
8338	A	A	180.548	37	13	13	180.548	5.42101e-19	2.71051e-18	5.42101e-19
8339	C	C	183.204	37	13	13	5.42101e-19	183.204	5.42101e-19	5.42101e-19
8340	C	C	184.037	37	13	13	5.42101e-19	184.037	5.42101e-19	5.42101e-19
8341	T	T	166.163	37	12	12	1.35525e-17	7.80626e-17	1.35525e-17	166.163
8342	C	C	136.928	37	13	11	1.06252e-16	136.928	1.06252e-16	8.78984e-14
8343	T	T	180.211	37	13	13	5.42101e-19	3.25261e-18	5.42101e-19	180.211
8344	A	A	195.372	37	14	14	195.372	0	0	0
8345	T	T	188.077	37	14	14	0	5.42101e-19	0	188.077
8346	A	A	201.183	37	15	15	201.183	0	0	0
8347	C	C	182.583	37	14	13	0	182.583	0	2.1684e-18
8348	G	G	182.417	37	14	13	2.1684e-18	0	182.417	0
8349	G	G	197.051	37	14	14	0	0	197.051	0
8350	T	T	181.335	37	13	13	5.42101e-19	2.1684e-18	5.42101e-19	181.335
8351	C	C	197.913	37	14	14	0	197.913	0	0
8352	T	T	194.609	37	14	14	0	0	0	194.609
8353	T	T	180.751	37	13	13	5.42101e-19	2.71051e-18	5.42101e-19	180.751
8354	C	C	184.135	37	13	13	5.42101e-19	184.135	5.42101e-19	5.42101e-19
8355	A	A	184.897	37	13	13	184.897	5.42101e-19	5.42101e-19	5.42101e-19
8356	C	C	160.196	37	13	12	1.30104e-17	160.196	1.30104e-17	3.88144e-16
8357	C	C	184.673	37	14	13	0	184.673	0	1.0842e-18
8358	T	T	194.532	37	14	14	0	0	0	194.532
8359	G	G	180.907	37	14	13	3.25261e-18	0	180.907	0
8360	T	T	195.433	37	14	14	0	0	0	195.433
8361	G	G	167.782	37	12	12	2.38524e-17	2.38524e-17	167.782	2.43945e-17
8362	A	A	163.442	37	13	13	163.442	5.42101e-19	1.95698e-16	5.42101e-19
8363	T	T	165.621	37	12	12	1.35525e-17	9.21572e-17	1.35525e-17	165.621
8364	T	T	151.368	37	11	11	3.88144e-16	2.39311e-15	3.88144e-16	151.368
8365	A	A	141.127	37	10	10	141.127	1.11678e-14	1.11676e-14	1.11673e-14
8366	C	C	153.434	37	11	11	6.56484e-16	153.434	6.56484e-16	6.56484e-16
8367	C	C	154.658	37	11	11	4.9548e-16	154.658	4.9548e-16	4.9548e-16
8368	A	A	151.368	37	11	11	151.368	3.88144e-16	2.39311e-15	3.88144e-16
8369	A	A	151.031	37	11	11	151.031	3.88144e-16	2.64871e-15	3.88144e-16
8370	A	A	143.459	37	11	11	143.459	3.88144e-16	1.88052e-14	3.88144e-16
8371	A	A	137.074	37	10	10	137.074	1.11678e-14	6.28596e-14	1.11673e-14
8372	G	G	154.936	37	11	11	4.64581e-16	4.64581e-16	154.936	4.64581e-16
8373	C	C	139.357	37	11	10	1.63606e-15	139.357	1.63606e-15	4.70858e-14
8374	A	A	164.38	37	12	12	164.38	1.35525e-17	1.31188e-16	1.35525e-17
8375	C	C	137.66	37	11	10	2.41886e-15	137.66	2.41886e-15	6.95993e-14
8376	A	A	155.717	37	11	11	155.717	3.88144e-16	3.88144e-16	3.88144e-16
8377	C	C	138.642	37	11	10	1.92988e-15	138.642	1.92988e-15	5.55177e-14
8378	G	G	155.717	37	11	11	3.88144e-16	3.88144e-16	155.717	3.88144e-16
8379	T	T	164.38	37	12	12	1.35525e-17	1.31188e-16	1.35525e-17	164.38
8380	A	A	170.307	37	12	12	170.307	1.35525e-17	1.35525e-17	1.35525e-17
8381	G	G	199.486	37	14	14	0	0	199.486	0
8382	A	A	199.486	37	14	14	199.486	0	0	0
8383	G	G	199.486	37	14	14	0	0	199.486	0
8384	G	G	199.486	37	14	14	0	0	199.486	0
8385	C	C	198.067	37	14	14	0	198.067	0	0
8386	A	A	188.755	37	14	14	188.755	0	5.42101e-19	0
8387	C	C	199.486	37	14	14	0	199.486	0	0
8388	C	C	199.486	37	14	14	0	199.486	0	0
8389	T	T	199.486	37	14	14	0	0	0	199.486
8390	A	A	166.746	37	12	12	166.746	1.35525e-17	6.50521e-17	1.35525e-17
8391	T	T	170.307	37	12	12	1.35525e-17	1.35525e-17	1.35525e-17	170.307
8392	T	T	170.307	37	12	12	1.35525e-17	1.35525e-17	1.35525e-17	170.307
8393	G	G	183.374	37	14	13	2.1684e-18	0	183.374	0
8394	C	C	197.369	37	14	14	0	197.369	0	0
8395	A	A	184.863	37	13	13	184.863	5.42101e-19	5.42101e-19	5.42101e-19
8396	G	G	199.486	37	14	14	0	0	199.486	0
8397	G	G	198.067	37	14	14	0	0	198.067	0
8398	A	A	188.755	37	14	14	188.755	0	5.42101e-19	0
8399	T	T	201.044	37	15	15	0	0	0	201.044
8400	C	C	225.328	37	16	16	0	225.328	0	0
8401	C	C	226.824	37	16	16	0	226.824	0	0
8402	A	A	199.486	37	14	14	199.486	0	0	0
8403	T	T	189.085	37	14	14	0	5.42101e-19	0	189.085
8404	A	A	195.432	37	14	14	195.432	0	0	0
8405	G	G	212.678	37	15	15	0	0	212.678	0
8406	T	T	209.198	37	15	15	0	0	0	209.198
8407	A	A	193.721	37	15	15	193.721	0	0	0
8408	C	C	211.741	37	15	15	0	211.741	0	0
8409	G	G	225.996	37	16	16	0	0	225.996	0
8410	T	T	202.469	37	15	15	0	0	0	202.469
8411	G	G	181.608	37	14	13	3.25261e-18	0	181.608	0
8412	C	C	198.108	37	14	14	0	198.108	0	0
8413	T	T	201.956	37	15	15	0	0	0	201.956
8414	T	T	209.198	37	15	15	0	0	0	209.198
8415	C	C	208.195	37	15	15	0	208.195	0	0
8416	C	C	198.725	37	14	14	0	198.725	0	0
8417	G	G	196.289	37	14	14	0	0	196.289	0
8418	T	T	184.896	37	13	13	5.42101e-19	5.42101e-19	5.42101e-19	184.896
8419	A	A	165.881	37	13	13	165.881	5.42101e-19	1.11131e-16	5.42101e-19
8420	C	C	184.674	37	14	13	0	184.674	0	1.0842e-18
8421	T	T	165.429	37	12	12	1.35525e-17	9.75782e-17	1.35525e-17	165.429
8422	C	C	169.235	37	13	12	2.1684e-18	169.235	2.1684e-18	4.87891e-17
8423	C	C	209.034	37	16	15	0	209.034	0	0
8424	T	T	178.856	37	15	15	0	5.42101e-18	0	178.856
8425	A	A	209.198	37	15	15	209.198	0	0	0
8426	A	A	208.149	37	15	15	208.149	0	0	0
8427	A	A	199.486	37	14	14	199.486	0	0	0
8428	A	A	228.665	37	16	16	228.665	0	0	0
8429	C	C	211.571	37	16	15	0	211.571	0	0
8430	T	T	217.712	37	16	16	0	0	0	217.712
8431	A	A	239.112	37	17	17	239.112	0	0	0
8432	G	G	256.986	37	18	18	0	0	256.986	0
8433	G	G	256.863	37	18	18	0	0	256.863	0
8434	A	A	266.389	37	19	19	266.389	0	0	0
8435	G	G	247.735	37	19	18	0	0	247.735	0
8436	G	G	300.864	37	21	21	0	0	300.864	0
8437	C	C	281.719	37	21	20	0	281.719	0	0
8438	T	T	276.114	37	21	21	0	0	0	276.114
8439	A	A	290.281	37	22	22	290.281	0	0	0
8440	T	T	298.246	37	22	22	0	0	0	298.246
8441	G	G	299.772	37	22	21	0	0	299.772	0
8442	G	G	298.912	37	21	21	0	0	298.912	0
8443	C	C	282.553	37	21	20	0	282.553	0	0
8444	A	A	297.73	37	21	21	297.73	0	0	0
8445	T	T	282.588	37	21	21	0	0	0	282.588
8446	G	G	283.488	37	21	20	0	0	283.488	0
8447	A	A	282.877	37	21	21	282.877	0	0	0
8448	T	T	298.054	37	21	21	0	0	0	298.054
8449	A	A	267.333	37	20	20	267.333	0	0	0
8450	C	C	233.427	37	20	18	0	233.427	0	0
8451	G	G	256.077	37	18	18	0	0	256.077	0
8452	A	A	252.39	37	19	19	252.39	0	0	0
8453	T	T	252.968	37	18	18	0	0	0	252.968
8454	T	T	253.732	37	18	18	0	0	0	253.732
8455	T	T	253.792	37	18	18	0	0	0	253.792
8456	A	A	230.224	37	17	17	230.224	0	0	0
8457	C	C	228.625	37	16	16	0	228.625	0	0
8458	A	A	223.98	37	16	16	223.98	0	0	0
8459	A	A	230.563	37	17	17	230.563	0	0	0
8460	C	C	227.684	37	16	16	0	227.684	0	0
8461	A	A	238.907	37	17	17	238.907	0	0	0
8462	C	C	254.423	37	18	18	0	254.423	0	0
8463	T	T	243.867	37	19	19	0	0	0	243.867
8464	A	A	272.434	37	19	19	272.434	0	0	0
8465	C	C	233.632	37	19	17	0	233.632	0	0
8466	T	T	259.991	37	20	20	0	0	0	259.991
8467	T	T	273.437	37	21	21	0	0	0	273.437
8468	G	G	306.095	34.8367	23	22	0	0	306.095	0
8469	G	G	345.385	34.9083	24	24	0	0	345.385	0
8470	T	T	311.633	34.9083	24	24	0	0	0	311.633
8471	C	C	338.57	34.9752	25	24	0	338.57	0	0
8472	C	C	340.16	34.9752	25	24	0	340.16	0	0
8473	T	T	349.74	34.9752	25	25	0	0	0	349.74
8474	T	T	355.831	34.9752	25	25	0	0	0	355.831
8475	T	T	356.09	34.9752	25	25	0	0	0	356.09
8476	A	A	317.452	34.9083	24	24	317.452	0	0	0
8477	C	C	330.795	34.8367	23	23	0	330.795	0	0
8478	C	C	316.205	34.76	22	22	0	316.205	0	0
8479	G	G	312.956	34.76	22	22	0	0	312.956	0
8480	A	A	288.839	34.6774	21	21	288.839	0	0	0
8481	G	G	286.244	34.5884	20	20	0	0	286.244	0
8482	C	C	287.025	34.5884	20	20	0	287.025	0	0
8483	T	T	287.025	34.5884	20	20	0	0	0	287.025
8484	T	T	272.435	34.4921	19	19	0	0	0	272.435
8485	C	C	272.433	34.4921	19	19	0	272.433	0	0
8486	A	A	268.382	34.4921	19	19	268.382	0	0	0
8487	T	T	280.979	34.5884	20	20	0	0	0	280.979
8488	G	G	266.669	34.5884	20	19	0	0	266.669	0
8489	G	G	283.109	34.5884	20	20	0	0	283.109	0
8490	C	C	271.645	34.4921	19	19	0	271.645	0	0
8491	T	T	268.551	34.4921	19	19	0	0	0	268.551
8492	T	T	281.08	34.5884	20	20	0	0	0	281.08
8493	A	A	232.639	37	17	17	232.639	0	0	0
8494	C	C	242.475	37	17	17	0	242.475	0	0
8495	C	C	242.494	37	17	17	0	242.494	0	0
8496	C	C	242.639	37	17	17	0	242.639	0	0
8497	C	C	214.076	37	15	15	0	214.076	0	0
8498	T	T	214.076	37	15	15	0	0	0	214.076
8499	T	T	199.224	37	14	14	0	0	0	199.224
8500	C	C	212.503	37	15	15	0	212.503	0	0
8501	A	A	190.893	37	15	15	190.893	0	5.42101e-19	0
8502	T	T	209.962	37	15	15	0	0	0	209.962
8503	A	A	178.798	37	14	14	178.798	0	5.96311e-18	0
8504	A	A	166.873	37	13	13	166.873	5.42101e-19	8.83625e-17	5.42101e-19
8505	T	T	198.841	37	15	15	0	0	0	198.841
8506	A	A	179.131	37	14	14	179.131	0	5.42101e-18	0
8507	C	C	183.256	37	13	13	5.42101e-19	183.256	5.42101e-19	5.42101e-19
8508	T	T	174.279	37	13	13	5.42101e-19	1.51788e-17	5.42101e-19	174.279
8509	C	C	168.98	37	12	12	1.84314e-17	168.98	1.84314e-17	1.84314e-17
8510	T	T	169.662	37	13	13	5.42101e-19	4.60786e-17	5.42101e-19	169.662
8511	C	C	182.855	37	13	13	5.42101e-19	182.855	5.42101e-19	5.42101e-19
8512	G	G	198.696	37	14	14	0	0	198.696	0
8513	C	C	196.876	37	14	14	0	196.876	0	0
8514	T	T	182.516	37	14	14	0	2.1684e-18	0	182.516
8515	A	A	186.794	37	14	14	186.794	0	1.0842e-18	0
8516	T	T	181.336	37	13	13	5.42101e-19	2.1684e-18	5.42101e-19	181.336
8517	G	G	184.037	37	13	13	5.42101e-19	5.42101e-19	184.037	5.42101e-19
8518	G	G	183.914	37	13	13	5.42101e-19	5.42101e-19	183.914	5.42101e-19
8519	G	G	169.61	37	13	12	4.44523e-17	1.0842e-18	169.61	1.0842e-18
8520	G	G	168.835	37	12	12	1.89735e-17	1.89735e-17	168.835	1.89735e-17
8521	C	C	170.307	37	12	12	1.35525e-17	170.307	1.35525e-17	1.35525e-17
8522	A	A	158.4	37	12	12	158.4	1.35525e-17	6.00648e-16	1.35525e-17
8523	T	T	170.307	37	12	12	1.35525e-17	1.35525e-17	1.35525e-17	170.307
8524	C	C	155.717	37	11	11	3.88144e-16	155.717	3.88144e-16	3.88144e-16
8525	A	A	141.127	37	10	10	141.127	1.11697e-14	1.11686e-14	1.11684e-14
8526	T	T	141.11	37	10	10	1.12014e-14	1.12055e-14	1.12264e-14	141.11
8527	T	T	141.127	37	10	10	1.11673e-14	1.11676e-14	1.11678e-14	141.127
8528	A	A	116.211	37	10	10	116.211	1.11678e-14	1.03705e-11	1.11673e-14
8529	T	T	141.093	37	10	10	1.12353e-14	1.12432e-14	1.12849e-14	141.093
8530	A	A	113.166	37	10	10	113.166	1.11678e-14	2.09277e-11	1.11673e-14
8531	A	A	117.066	37	11	11	117.066	3.88144e-16	8.53407e-12	3.88144e-16
8532	C	C	125.479	37	9	9	4.1002e-13	125.479	4.09997e-13	4.1001e-13
8533	A	A	93.2421	37	7	7	93.2421	2.66134e-10	1.52641e-09	2.66074e-10
8534	T	T	99.1712	37	8	8	9.24516e-12	5.07118e-10	9.2456e-12	99.1712
8535	G	G	109.583	37	8	8	1.59336e-11	1.59334e-11	109.583	1.5934e-11
8536	T	T	93.2435	37	7	7	2.66011e-10	1.52593e-09	2.66022e-10	93.2435
8537	T	T	93.3042	37	7	7	2.6601e-10	1.49735e-09	2.66021e-10	93.3042
8538	C	C	96.7405	37	7	7	3.06635e-10	96.7405	3.06621e-10	3.06629e-10
8539	T	T	82.7677	37	6	6	7.65389e-09	7.654e-09	7.65416e-09	82.7677
8540	A	A	72.1087	37	6	6	72.1087	7.65414e-09	2.51943e-07	7.65388e-09
8541	T	T	91.3112	37	7	7	2.6601e-10	2.67914e-09	2.66021e-10	91.3112
8542	C	C	96.3753	37	7	7	3.33536e-10	96.3753	3.33522e-10	3.3353e-10
8543	T	T	78.419	37	6	6	7.65389e-09	4.71922e-08	7.65415e-09	78.419
8544	G	G	67.4813	37	6	5	7.25216e-07	2.52047e-08	67.4813	2.52052e-08
8545	C	C	76.6419	37	7	6	3.05795e-09	76.6419	3.05787e-09	8.79846e-08
8546	C	C	108.258	37	9	8	2.10754e-12	108.258	2.10747e-12	6.06388e-11
8547	T	T	98.8229	37	9	9	3.21315e-13	5.68864e-10	3.21331e-13	98.8229
8548	A	A	112.952	37	9	9	112.952	3.21332e-13	2.13679e-11	3.21315e-13
8549	C	C	92.6625	37	8	7	7.64496e-11	92.6625	7.64473e-11	2.19964e-09
8550	G	G	111.947	37	8	8	9.24548e-12	9.24521e-12	111.947	9.24569e-12
8551	C	C	123.98	37	9	9	5.7905e-13	123.98	5.78905e-13	5.78991e-13
8552	C	C	137.636	37	10	10	2.49518e-14	137.636	2.49502e-14	2.49507e-14
8553	A	A	155.717	37	11	11	155.717	3.88144e-16	3.88144e-16	3.88144e-16
8554	A	A	170.307	37	12	12	170.307	1.35525e-17	1.35525e-17	1.35525e-17
8555	A	A	170.307	37	12	12	170.307	1.35525e-17	1.35525e-17	1.35525e-17
8556	C	C	150.807	37	12	11	1.17094e-16	150.807	1.17094e-16	3.37187e-15
8557	G	G	170.305	37	12	12	1.35525e-17	1.35525e-17	170.305	1.35525e-17
8558	G	G	184.897	37	13	13	5.42101e-19	5.42101e-19	184.897	5.42101e-19
8559	A	A	181.011	37	13	13	181.011	5.42101e-19	2.71051e-18	5.42101e-19
8560	T	T	180.548	37	13	13	5.42101e-19	2.71051e-18	5.42101e-19	180.548
8561	T	T	180.747	37	13	13	5.42101e-19	2.71051e-18	5.42101e-19	180.747
8562	T	T	181.012	37	13	13	5.42101e-19	2.1684e-18	5.42101e-19	181.012
8563	A	A	172.639	37	13	13	172.639	5.42101e-19	2.27682e-17	5.42101e-19
8564	A	A	160.442	37	12	12	160.442	1.35525e-17	3.65376e-16	1.35525e-17
8565	A	A	174.315	37	13	13	174.315	5.42101e-19	1.51788e-17	5.42101e-19
8566	G	G	183.057	37	13	13	1.0842e-18	1.0842e-18	183.057	5.42101e-19
8567	T	T	180.548	37	13	13	5.42101e-19	2.71051e-18	5.42101e-19	180.548
8568	C	C	182.389	37	13	13	1.0842e-18	182.389	1.0842e-18	1.0842e-18
8569	C	C	168.615	37	12	12	2.00577e-17	168.615	2.00577e-17	2.00577e-17
8570	C	C	169.447	37	12	12	1.6263e-17	169.447	1.6263e-17	1.6263e-17
8571	T	T	166.163	37	12	12	1.35525e-17	7.80626e-17	1.35525e-17	166.163
8572	A	A	165.621	37	12	12	165.621	1.35525e-17	9.21572e-17	1.35525e-17
8573	A	A	158.049	37	12	12	158.049	1.35525e-17	6.53774e-16	1.35525e-17
8574	T	T	164.26	37	12	12	1.35525e-17	1.35525e-16	1.35525e-17	164.26
8575	T	T	165.621	37	12	12	1.35525e-17	9.21572e-17	1.35525e-17	165.621
8576	G	G	169.248	37	12	12	1.73472e-17	1.73472e-17	169.248	1.73472e-17
8577	C	C	169.437	37	13	12	1.0842e-18	169.437	1.0842e-18	4.66207e-17
8578	T	T	159.231	37	12	12	1.30104e-17	4.91144e-16	1.35525e-17	159.231
8579	T	T	165.958	37	12	12	1.35525e-17	8.29415e-17	1.35525e-17	165.958
8580	A	A	189.545	37	14	14	189.545	0	5.42101e-19	0
8581	T	T	180.022	37	14	14	0	4.33681e-18	0	180.022
8582	T	T	193.449	37	15	15	0	0	0	193.449
8583	C	C	196.876	37	14	14	0	196.876	0	0
8584	C	C	172.678	37	14	13	0	172.678	0	2.1684e-17
8585	T	T	186.71	37	14	14	0	1.0842e-18	0	186.71
8586	C	C	210.676	37	16	15	0	210.676	0	0
8587	T	T	209.138	37	16	16	0	0	0	209.138
8588	G	G	213.997	37	16	15	0	0	213.997	0
8589	T	T	196.72	37	15	15	0	0	0	196.72
8590	T	T	203.989	37	15	15	0	0	0	203.989
8591	A	A	196.124	37	15	15	196.124	0	0	0
8592	G	G	196.122	37	15	14	0	0	196.122	0
8593	C	C	214.076	37	15	15	0	214.076	0	0
8594	C	C	184.897	37	13	13	5.42101e-19	184.897	5.42101e-19	5.42101e-19
8595	A	A	170.307	37	12	12	170.307	1.35525e-17	1.35525e-17	1.35525e-17
8596	C	C	183.252	37	13	13	5.42101e-19	183.252	5.42101e-19	5.42101e-19
8597	A	A	184.897	37	13	13	184.897	5.42101e-19	5.42101e-19	5.42101e-19
8598	T	T	180.548	37	13	13	5.42101e-19	2.71051e-18	5.42101e-19	180.548
8599	G	G	184.106	37	13	13	5.42101e-19	5.42101e-19	184.106	5.42101e-19
8600	G	G	183.42	37	13	13	5.42101e-19	5.42101e-19	183.42	5.42101e-19
8601	C	C	184.897	37	13	13	5.42101e-19	184.897	5.42101e-19	5.42101e-19
8602	C	C	197.841	37	14	14	0	197.841	0	0
8603	C	C	183.914	37	13	13	5.42101e-19	183.914	5.42101e-19	5.42101e-19
8604	T	T	180.548	37	13	13	5.42101e-19	2.71051e-18	5.42101e-19	180.548
8605	G	G	167.656	37	12	12	2.49366e-17	2.43945e-17	167.656	2.54788e-17
8606	G	G	132.414	37	12	10	2.48487e-13	2.9924e-16	132.414	3.00324e-16
8607	A	A	156.026	37	13	13	156.026	5.42101e-19	1.08366e-15	5.42101e-19
8608	C	C	125.296	37	12	10	1.54607e-15	125.296	1.54607e-15	1.27989e-12
8609	A	A	137.013	37	10	10	137.013	1.11678e-14	6.40595e-14	1.11673e-14
8610	T	T	137.074	37	10	10	1.11673e-14	6.28596e-14	1.11678e-14	137.074
8611	T	T	137.566	37	10	10	1.11673e-14	5.37247e-14	1.11678e-14	137.566
8612	G	G	125.677	37	9	9	3.91691e-13	3.91662e-13	125.677	3.91712e-13
8613	T	T	126.537	37	9	9	3.21315e-13	3.2132e-13	3.21332e-13	126.537
8614	A	A	135.081	33.0469	10	10	135.081	1.11678e-14	1.12472e-13	1.11673e-14
8615	G	G	101.837	32.7677	9	8	2.66018e-10	9.24521e-12	101.837	9.24561e-12
8616	C	C	109.737	32.7677	9	8	1.4995e-12	109.737	1.49945e-12	4.31441e-11
8617	A	A	126.537	32.7677	9	9	126.537	3.21332e-13	3.21321e-13	3.21315e-13
8618	G	G	101.22	32.7677	9	8	3.06629e-10	1.06566e-11	101.22	1.06571e-11
8619	T	T	126.537	32.7677	9	9	3.21315e-13	3.21319e-13	3.21331e-13	126.537
8620	A	A	116.173	32.7677	9	9	116.173	3.21361e-13	9.84023e-12	3.21332e-13
8621	T	T	126.537	32.7677	9	9	3.21315e-13	3.21319e-13	3.21331e-13	126.537
8622	T	T	126.537	32.7677	9	9	3.2132e-13	3.21327e-13	3.21341e-13	126.537
8623	A	A	93.5572	32.4422	8	8	93.5572	9.24627e-12	1.89605e-09	9.24554e-12
8624	A	A	91.4499	32.4422	8	8	91.4499	9.24578e-12	3.09173e-09	9.24527e-12
8625	T	T	97.3559	32.0567	7	7	2.66089e-10	2.66101e-10	2.66157e-10	97.3559
8626	C	C	97.3576	32.0567	7	7	2.66018e-10	97.3576	2.66009e-10	2.66013e-10
8627	C	C	82.7678	31.5907	6	6	7.65408e-09	82.7678	7.65386e-09	7.65396e-09
8628	A	A	68.1779	31.0123	5	5	68.1779	2.20231e-07	2.20227e-07	2.20225e-07
8629	A	A	68.1779	31.0123	5	5	68.1779	2.20231e-07	2.20227e-07	2.20225e-07
8630	A	A	82.7677	31.5907	6	6	82.7677	7.65415e-09	7.65399e-09	7.65389e-09
8631	C	C	81.7093	31.5907	6	6	9.76658e-09	81.7093	9.7663e-09	9.76643e-09
8632	C	C	81.9867	31.5907	6	6	9.16226e-09	81.9867	9.162e-09	9.16212e-09
8633	C	C	65.5717	31.5907	6	5	3.91251e-08	65.5717	3.91245e-08	1.12573e-06
8634	C	C	82.1507	31.5907	6	6	8.82259e-09	82.1507	8.82234e-09	8.82245e-09
8635	A	A	79.207	31.5907	6	6	79.207	7.65415e-09	3.6822e-08	7.65389e-09
8636	T	T	82.7677	31.5907	6	6	7.65388e-09	7.65395e-09	7.65414e-09	82.7677
8637	G	G	81.2249	31.5907	6	6	1.09188e-08	1.09185e-08	81.2249	1.09189e-08
8638	A	A	71.1605	31.5907	6	6	71.1605	7.65415e-09	3.1715e-07	7.65388e-09
8639	A	A	68.9421	31.5907	6	6	68.9421	7.65415e-09	5.38774e-07	7.65388e-09
8640	G	G	52.6551	31.0123	5	4	2.20338e-05	7.65769e-07	52.6551	7.65814e-07
8641	C	C	53.588	37	4	4	6.33681e-06	53.588	6.33658e-06	6.33671e-06
8642	T	T	62.1316	37	5	5	2.20224e-07	2.21799e-06	2.20231e-07	62.1316
8643	A	A	63.4924	37	5	5	63.4924	2.20231e-07	1.50288e-06	2.20224e-07
8644	T	T	63.8292	37	5	5	2.20224e-07	1.35785e-06	2.20231e-07	63.8292
8645	A	A	57.889	37	5	5	57.889	2.2035e-07	6.62067e-06	2.20291e-07
8646	T	T	56.8677	37	5	5	2.20224e-07	8.49283e-06	2.2023e-07	56.8677
8647	A	A	56.2711	37	5	5	56.2711	2.2023e-07	9.80848e-06	2.20224e-07
8648	G	G	65.6222	37	5	5	3.9668e-07	3.96674e-07	65.6222	3.96685e-07
8649	G	G	51.9433	37	4	4	9.25413e-06	9.25404e-06	51.9433	9.25423e-06
8650	A	A	38.9988	37	3	3	38.9988	0.000182304	0.000182302	0.0001823
8651	G	G	38.9988	37	3	3	0.000182302	0.0001823	38.9988	0.000182304
8652	C	C	38.9988	37	3	3	0.000182303	38.9988	0.0001823	0.000182301
8653	A	A	38.9988	37	3	3	38.9988	0.000182304	0.000182302	0.0001823
8654	A	A	38.9988	37	3	3	38.9988	0.000182304	0.000182302	0.0001823
8655	C	C	38.9988	37	3	3	0.000182303	38.9988	0.0001823	0.000182301
8656	A	A	38.9988	37	3	3	38.9988	0.000182304	0.000182302	0.0001823
8657	G	G	38.9988	37	3	3	0.000182302	0.0001823	38.9988	0.000182304
8658	C	C	38.9988	37	3	3	0.000182303	38.9988	0.0001823	0.000182301
8659	C	C	38.9988	37	3	3	0.000182303	38.9988	0.0001823	0.000182301
8660	T	T	38.9988	37	3	3	0.0001823	0.000182301	0.000182303	38.9988
8661	T	T	38.9988	37	3	3	0.0001823	0.000182301	0.000182303	38.9988
8662	A	A	38.9988	37	3	3	38.9988	0.000182304	0.000182302	0.0001823
8663	A	A	53.5881	37	4	4	53.5881	6.33663e-06	6.33654e-06	6.33648e-06
8664	T	T	54.4532	37	5	5	2.20224e-07	1.5136e-05	2.2023e-07	54.4532
8665	A	A	82.7677	37	6	6	82.7677	7.65416e-09	7.654e-09	7.65389e-09
8666	A	A	82.7677	37	6	6	82.7677	7.65416e-09	7.654e-09	7.65389e-09
8667	T	T	64.6939	37	6	6	7.6539e-09	1.45836e-06	7.65416e-09	64.6939
8668	C	C	81.2674	37	6	6	1.08126e-08	81.2674	1.08123e-08	1.08124e-08
8669	G	G	81.9866	37	6	6	9.16225e-09	9.16204e-09	81.9866	9.16239e-09
8670	C	C	82.7678	37	6	6	7.65405e-09	82.7678	7.65385e-09	7.65392e-09
8671	C	C	95.7842	37	7	7	3.82167e-10	95.7842	3.82155e-10	3.8216e-10
8672	C	C	81.7093	37	6	6	9.76658e-09	81.7093	9.7663e-09	9.76643e-09
8673	A	A	111.947	37	8	8	111.947	9.2456e-12	9.24534e-12	9.24516e-12
8674	C	C	109.221	37	8	8	1.73202e-11	109.221	1.73196e-11	1.73198e-11
8675	G	G	126.537	37	9	9	3.21324e-13	3.21315e-13	126.537	3.21332e-13
8676	G	G	126.537	37	9	9	3.21324e-13	3.21315e-13	126.537	3.21332e-13
8677	A	A	126.537	37	9	9	126.537	3.21332e-13	3.21321e-13	3.21315e-13
8678	C	C	138.792	37	10	10	1.91199e-14	138.792	1.91188e-14	1.91194e-14
8679	T	T	130.246	37	10	10	1.11673e-14	3.88081e-13	1.11678e-14	130.246
8680	A	A	155.717	37	11	11	155.717	3.88144e-16	3.88144e-16	3.88144e-16
8681	A	A	155.717	37	11	11	155.717	3.88144e-16	3.88144e-16	3.88144e-16
8682	C	C	154.24	37	11	11	5.45354e-16	154.24	5.45354e-16	5.45354e-16
8683	A	A	151.573	37	11	11	151.573	3.88144e-16	2.24701e-15	3.88144e-16
8684	T	T	151.832	37	11	11	3.87873e-16	2.07191e-15	3.88144e-16	151.832
8685	C	C	155.717	37	11	11	3.88144e-16	155.717	3.88144e-16	3.88144e-16
8686	C	C	155.717	37	11	11	3.88144e-16	155.717	3.88144e-16	3.88144e-16
8687	T	T	141.127	37	10	10	1.11673e-14	1.11676e-14	1.11681e-14	141.127
8688	C	C	141.127	37	10	10	1.11678e-14	141.127	1.11673e-14	1.11676e-14
8689	C	C	126.537	37	9	9	3.21327e-13	126.537	3.21313e-13	3.2132e-13
8690	T	T	135.081	37	10	10	1.11673e-14	1.12472e-13	1.11681e-14	135.081
8691	T	T	136.442	37	10	10	1.11673e-14	7.62091e-14	1.11678e-14	136.442
8692	A	A	118.676	37	10	10	118.676	1.11678e-14	5.86876e-12	1.11673e-14
8693	C	C	125.747	37	9	9	3.85478e-13	125.747	3.85462e-13	3.85468e-13
8694	A	A	97.3576	37	7	7	97.3576	2.66022e-10	2.66015e-10	2.66011e-10
8695	A	A	111.947	37	8	8	111.947	9.24559e-12	9.24532e-12	9.24516e-12
8696	T	T	112.572	37	9	9	3.21315e-13	2.33763e-11	3.21331e-13	112.572
8697	T	T	115.165	37	9	9	3.21315e-13	1.25782e-11	3.21331e-13	115.165
8698	C	C	124.916	37	9	9	4.66724e-13	124.916	4.66703e-13	4.66713e-13
8699	T	T	116.559	37	9	9	3.21315e-13	8.94782e-12	3.21331e-13	116.559
8700	G	G	125.775	37	9	9	3.82927e-13	3.82916e-13	125.775	3.82936e-13
8701	T	T	126.537	37	9	9	3.21315e-13	3.21319e-13	3.21331e-13	126.537
8702	C	C	126.537	37	9	9	3.21327e-13	126.537	3.21313e-13	3.2132e-13
8703	T	T	135.081	37	10	10	1.11673e-14	1.12472e-13	1.11681e-14	135.081
8704	T	T	127.402	37	10	10	1.11673e-14	7.67532e-13	1.11678e-14	127.402
8705	G	G	114.852	37	10	9	1.32872e-11	4.61727e-13	114.852	4.61844e-13
8706	C	C	124.887	37	9	9	4.69829e-13	124.887	4.6981e-13	4.69818e-13
8707	A	A	137.074	37	10	10	137.074	1.11678e-14	6.28599e-14	1.11673e-14
8708	A	A	137.013	37	10	10	137.013	1.11681e-14	6.40598e-14	1.11673e-14
8709	A	A	130.246	37	10	10	130.246	1.11681e-14	3.88085e-13	1.11673e-14
8710	C	C	166.075	37	13	12	3.25261e-18	166.075	3.25261e-18	9.97466e-17
8711	T	T	142.284	37	12	12	1.35525e-17	2.56435e-14	1.35525e-17	142.284
8712	C	C	123.046	37	12	10	2.59558e-15	123.046	2.59558e-15	2.14864e-12
8713	C	C	110.173	37	12	9	1.75207e-15	110.173	1.75207e-15	4.1734e-11
8714	C	C	153.773	37	11	11	6.07153e-16	153.773	6.07153e-16	6.07153e-16
8715	A	A	151.574	37	11	11	151.574	3.88144e-16	2.24674e-15	3.88144e-16
8716	C	C	155.717	37	11	11	3.88144e-16	155.717	3.88144e-16	3.88144e-16
8717	T	T	155.717	37	11	11	3.88144e-16	3.88144e-16	3.88144e-16	155.717
8718	A	A	157.313	37	12	12	157.313	1.35525e-17	7.79541e-16	1.35525e-17
8719	T	T	156.582	37	12	12	1.35525e-17	9.26993e-16	1.35525e-17	156.582
8720	G	G	155.494	37	12	11	1.146e-15	3.95734e-17	155.494	3.95734e-17
8721	A	A	151.546	37	11	11	151.546	4.22297e-16	2.21286e-15	4.07389e-16
8722	A	A	145.739	37	11	11	145.739	3.88144e-16	1.08084e-14	3.88144e-16
8723	C	C	168.023	37	12	12	2.27682e-17	168.023	2.27682e-17	2.27682e-17
8724	G	G	168.543	37	12	12	2.05998e-17	2.05998e-17	168.543	2.00577e-17
8725	A	A	156.342	37	12	12	156.342	1.35525e-17	9.81203e-16	1.35525e-17
8726	G	G	152.714	37	11	11	7.84962e-16	7.08526e-16	152.714	8.31583e-16
8727	T	T	137.566	37	10	10	1.11673e-14	5.37247e-14	1.11678e-14	137.566
8728	C	C	141.127	37	10	10	1.11678e-14	141.127	1.11673e-14	1.11676e-14
8729	C	C	141.127	37	10	10	1.11684e-14	141.127	1.11676e-14	1.11678e-14
8730	A	A	141.127	37	10	10	141.127	1.11678e-14	1.11676e-14	1.11673e-14
8731	T	T	141.127	37	10	10	1.11673e-14	1.11676e-14	1.11678e-14	141.127
8732	A	A	141.127	37	10	10	141.127	1.11678e-14	1.11676e-14	1.11673e-14
8733	G	G	145.606	37	12	11	1.11673e-14	3.88144e-16	145.606	3.88144e-16
8734	C	C	153.212	37	12	11	6.72205e-17	153.212	6.72205e-17	1.93855e-15
8735	C	C	168.666	37	12	12	1.95156e-17	168.666	1.95156e-17	1.95156e-17
8736	G	G	152.429	37	12	11	2.32128e-15	8.0231e-17	152.429	8.0231e-17
8737	A	A	174.609	37	13	13	174.609	5.42101e-19	1.40946e-17	5.42101e-19
8738	A	A	174.202	37	13	13	174.202	5.42101e-19	1.57209e-17	5.42101e-19
8739	C	C	184.115	37	13	13	5.42101e-19	184.115	5.42101e-19	5.42101e-19
8740	T	T	180.843	37	13	13	5.42101e-19	2.71051e-18	5.42101e-19	180.843
8741	A	A	172.639	37	13	13	172.639	5.42101e-19	2.27682e-17	5.42101e-19
8742	T	T	165.621	37	12	12	1.35525e-17	9.21572e-17	1.35525e-17	165.621
8743	G	G	153.193	37	12	11	1.94723e-15	6.72205e-17	153.193	6.72205e-17
8744	A	A	165.429	37	12	12	165.429	1.35525e-17	9.75782e-17	1.35525e-17
8745	T	T	166.422	37	12	12	1.35525e-17	7.20994e-17	1.35525e-17	166.422
8746	C	C	168.733	37	12	12	1.95156e-17	168.733	1.95156e-17	1.95156e-17
8747	T	T	165.429	37	12	12	1.35525e-17	9.75782e-17	1.35525e-17	165.429
8748	T	T	166.193	37	12	12	1.35525e-17	7.75205e-17	1.35525e-17	166.193
8749	C	C	169.545	37	12	12	1.6263e-17	169.545	1.6263e-17	1.6263e-17
8750	G	G	169.447	37	12	12	1.68051e-17	1.68051e-17	169.447	1.6263e-17
8751	C	C	167.731	37	13	12	4.01155e-17	167.731	2.05998e-17	1.19262e-17
8752	C	C	183.838	37	13	13	5.42101e-19	183.838	5.42101e-19	5.42101e-19
8753	C	C	182.542	37	13	13	5.42101e-19	182.542	5.42101e-19	5.42101e-19
8754	G	G	167.018	37	13	12	8.0231e-17	3.25261e-18	167.018	3.25261e-18
8755	A	A	195.433	37	14	14	195.433	0	0	0
8756	G	G	198.705	37	14	14	0	0	198.705	0
8757	G	G	202.907	37	16	15	0	0	202.907	0
8758	C	C	202.875	37	17	15	0	202.875	0	0
8759	C	C	225.348	37	16	16	0	225.348	0	0
8760	T	T	210.244	37	16	16	0	0	0	210.244
8761	A	A	218.007	37	16	16	218.007	0	0	0
8762	C	C	227.733	34.2735	17	16	0	227.733	0	0
8763	A	A	223.245	34.2735	17	17	223.245	0	0	0
8764	A	A	217.366	34.1488	16	16	217.366	0	0	0
8765	A	A	208.967	34.1488	16	16	208.967	0	0	0
8766	C	C	213.459	34.0116	15	15	0	213.459	0	0
8767	A	A	215.811	34.1488	16	16	215.811	0	0	0
8768	C	C	213.018	34.0116	15	15	0	213.018	0	0
8769	T	T	215.811	34.1488	16	16	0	0	0	215.811
8770	T	T	202.547	34.0116	15	15	0	0	0	202.547
8771	C	C	212.678	34.0116	15	15	0	212.678	0	0
8772	A	A	209.391	34.0116	15	15	209.391	0	0	0
8773	C	C	226.476	34.1488	16	16	0	226.476	0	0
8774	C	C	213.018	34.0116	15	15	0	213.018	0	0
8775	C	C	213.295	34.0116	15	15	0	213.295	0	0
8776	A	A	202.666	34.0116	15	15	202.666	0	0	0
8777	C	C	213.459	34.0116	15	15	0	213.459	0	0
8778	T	T	199.449	33.86	14	14	0	0	0	199.449
8779	T	T	208.03	34.0116	15	15	0	0	0	208.03
8780	A	A	195.138	33.86	14	14	195.138	0	0	0
8781	T	T	195.138	33.86	14	14	0	0	0	195.138
8782	G	G	195.701	33.86	14	14	0	0	195.701	0
8783	G	G	197.162	33.86	14	14	0	0	197.162	0
8784	C	C	196.319	34.0116	15	14	0	196.319	0	0
8785	A	A	183.207	34.0116	15	15	183.207	0	2.1684e-18	0
8786	G	G	157.832	33.6913	13	12	6.67869e-16	2.38524e-17	157.832	2.38524e-17
8787	C	C	168.899	33.5025	12	12	1.84314e-17	168.899	1.84314e-17	1.84314e-17
8788	T	T	172.203	33.6913	13	13	5.42101e-19	2.49366e-17	5.42101e-19	172.203
8789	T	T	180.211	33.6913	13	13	5.42101e-19	3.25261e-18	5.42101e-19	180.211
8790	G	G	169.516	33.5025	12	12	1.6263e-17	1.6263e-17	169.516	1.6263e-17
8791	A	A	165.958	33.5025	12	12	165.958	1.35525e-17	8.29415e-17	1.35525e-17
8792	T	T	166.422	33.5025	12	12	1.35525e-17	7.20994e-17	1.35525e-17	166.422
8793	G	G	112.118	33.5025	12	9	2.66646e-11	1.12107e-15	112.118	1.1189e-15
8794	A	A	144.985	37	11	11	144.985	3.88144e-16	1.30045e-14	3.88144e-16
8795	C	C	155.717	37	11	11	3.88144e-16	155.717	3.88144e-16	3.88144e-16
8796	T	T	155.717	37	11	11	3.88144e-16	3.88144e-16	3.88144e-16	155.717
8797	A	A	132.907	37	11	11	132.907	3.88144e-16	2.21601e-13	3.88144e-16
8798	C	C	126.537	37	9	9	3.21327e-13	126.537	3.21313e-13	3.2132e-13
8799	A	A	121.659	37	9	9	121.659	3.21332e-13	2.32107e-12	3.21315e-13
8800	A	A	143.162	37	11	11	143.162	3.88144e-16	2.01919e-14	3.88144e-16
8801	G	G	140.337	37	10	10	1.33969e-14	1.33969e-14	140.337	1.33975e-14
8802	C	C	139.487	37	10	10	1.62934e-14	139.487	1.62928e-14	1.62934e-14
8803	A	A	137.654	37	11	11	137.654	3.88144e-16	7.3758e-14	3.88144e-16
8804	A	A	164.208	37	13	13	164.208	5.42101e-19	1.63715e-16	5.42101e-19
8805	G	G	168.543	37	12	12	2.05998e-17	2.05998e-17	168.543	2.00577e-17
8806	T	T	152.234	37	12	12	1.35525e-17	2.56902e-15	1.35525e-17	152.234
8807	C	C	136.767	37	11	10	2.97071e-15	136.767	2.97071e-15	8.54774e-14
8808	T	T	131.894	37	10	10	1.11673e-14	2.5846e-13	1.11678e-14	131.894
8809	C	C	141.127	37	10	10	1.11678e-14	141.127	1.11673e-14	1.11676e-14
8810	A	A	150.839	37	11	11	150.839	3.88144e-16	2.80375e-15	3.88144e-16
8811	C	C	154.735	37	11	11	4.86807e-16	154.735	4.86807e-16	4.86807e-16
8812	T	T	142.42	37	11	11	3.88144e-16	2.41015e-14	3.88144e-16	142.42
8813	A	A	152.156	37	11	11	152.156	3.88144e-16	1.86727e-15	3.88144e-16
8814	A	A	166.253	37	12	12	166.253	1.35525e-17	7.58942e-17	1.35525e-17
8815	T	T	163.791	37	13	13	5.42101e-19	1.8052e-16	5.42101e-19	163.791
8816	C	C	182.269	37	13	13	1.0842e-18	182.269	1.0842e-18	1.0842e-18
8817	T	T	174.202	37	13	13	0	1.51788e-17	0	174.202
8818	A	A	166.422	37	12	12	166.422	1.35525e-17	7.20994e-17	1.35525e-17
8819	T	T	172.639	37	13	13	5.42101e-19	2.27682e-17	5.42101e-19	172.639
8820	C	C	183.914	37	13	13	5.42101e-19	183.914	5.42101e-19	5.42101e-19
8821	A	A	174.248	37	13	13	174.248	5.42101e-19	1.51788e-17	5.42101e-19
8822	C	C	184.106	37	13	13	5.42101e-19	184.106	5.42101e-19	5.42101e-19
8823	T	T	166.422	37	12	12	1.35525e-17	7.20994e-17	1.35525e-17	166.422
8824	C	C	170.227	37	13	12	1.0842e-18	170.227	1.0842e-18	3.90313e-17
8825	C	C	209.876	37	15	15	0	209.876	0	0
8826	C	C	196.363	37	15	14	0	196.363	0	0
8827	T	T	187.142	37	15	15	0	1.0842e-18	0	187.142
8828	C	C	181.853	37	13	13	1.0842e-18	181.853	1.0842e-18	1.0842e-18
8829	C	C	182.808	37	13	13	5.42101e-19	182.808	5.42101e-19	5.42101e-19
8830	T	T	172.639	37	13	13	5.42101e-19	2.27682e-17	5.42101e-19	172.639
8831	A	A	172.342	37	13	13	172.342	5.42101e-19	2.43945e-17	5.42101e-19
8832	C	C	169.447	37	12	12	1.6263e-17	169.447	1.6263e-17	1.6263e-17
8833	C	C	169.516	37	12	12	1.6263e-17	169.516	1.6263e-17	1.6263e-17
8834	A	A	159.013	37	12	12	159.013	1.35525e-17	5.18249e-16	1.35525e-17
8835	T	T	184.251	37	14	14	0	1.6263e-18	0	184.251
8836	C	C	195.872	37	14	14	0	195.872	0	0
8837	A	A	193.559	37	14	14	193.559	0	0	0
8838	A	A	199.486	37	14	14	199.486	0	0	0
8839	C	C	158.446	37	14	12	0	158.446	0	6.20164e-16
8840	C	C	198.088	37	14	14	0	198.088	0	0
8841	T	T	195.433	37	14	14	0	0	0	195.433
8842	T	T	201.819	37	15	15	0	0	0	201.819
8843	A	A	214.076	37	15	15	214.076	0	0	0
8844	T	T	215.508	37	16	16	0	0	0	215.508
8845	G	G	228.666	37	16	16	0	0	228.666	0
8846	C	C	227.175	37	16	16	0	227.175	0	0
8847	G	G	227.904	37	16	16	0	0	227.904	0
8848	A	A	224.552	37	16	16	224.552	0	0	0
8849	G	G	226.989	37	16	16	0	0	226.989	0
8850	A	A	215.89	37	16	16	215.89	0	0	0
8851	T	T	214.076	37	15	15	0	0	0	214.076
8852	C	C	226.402	37	16	16	0	226.402	0	0
8853	T	T	223.98	37	16	16	0	0	0	223.98
8854	G	G	212.227	37	15	15	0	0	212.227	0
8855	T	T	209.933	37	15	15	0	0	0	209.933
8856	T	T	195.601	37	14	14	0	0	0	195.601
8857	T	T	199.486	37	14	14	0	0	0	199.486
8858	G	G	183.57	37	13	13	5.42101e-19	5.42101e-19	183.57	5.42101e-19
8859	T	T	184.897	37	13	13	5.42101e-19	5.42101e-19	5.42101e-19	184.897
8860	A	A	166.862	37	13	13	166.862	5.42101e-19	8.83625e-17	5.42101e-19
8861	G	G	126.682	37	13	10	9.32273e-13	3.90313e-17	126.682	3.90313e-17
8862	T	T	184.896	37	13	13	5.42101e-19	5.42101e-19	5.42101e-19	184.896
8863	A	A	158.897	37	12	12	158.897	1.35525e-17	5.32885e-16	1.35525e-17
8864	G	G	169.346	37	13	12	4.66207e-17	1.0842e-18	169.346	2.1684e-18
8865	T	T	163.831	37	13	13	5.42101e-19	1.78893e-16	5.42101e-19	163.831
8866	A	A	193.44	37	14	14	193.44	0	0	0
8867	G	G	174.786	37	14	13	1.30104e-17	0	174.786	0
8868	C	C	208.95	37	15	15	0	208.95	0	0
8869	T	T	188.027	37	15	15	0	5.42101e-19	0	188.027
8870	A	A	210.191	37	15	15	210.191	0	0	0
8871	C	C	191.749	37	16	14	0	191.749	0	0
8872	A	A	238.907	37	17	17	238.907	0	0	0
8873	A	A	232.18	37	17	17	232.18	0	0	0
8874	T	T	232.674	37	17	17	0	0	0	232.674
8875	T	T	223.637	37	17	17	0	0	0	223.637
8876	T	T	232.608	37	17	17	0	0	0	232.608
8877	C	C	242.317	37	18	17	0	242.317	0	0
8878	A	A	243.256	37	17	17	243.256	0	0	0
8879	T	T	232.597	37	17	17	0	0	0	232.597
8880	G	G	242.465	37	17	17	0	0	242.465	0
8881	A	A	238.907	37	17	17	238.907	0	0	0
8882	T	T	243.255	37	17	17	0	0	0	243.255
8883	C	C	243.256	37	17	17	0	243.256	0	0
8884	T	T	242.466	37	18	18	0	0	0	242.466
8885	A	A	246.747	37	18	18	246.747	0	0	0
8886	A	A	260.106	37	19	19	260.106	0	0	0
8887	C	C	269.872	37	19	19	0	269.872	0	0
8888	A	A	239.37	37	17	17	239.37	0	0	0
8889	T	T	239.113	37	17	17	0	0	0	239.113
8890	C	C	242.546	37	17	17	0	242.546	0	0
8891	A	A	238.533	37	17	17	238.533	0	0	0
8892	C	C	243.256	37	17	17	0	243.256	0	0
8893	C	C	228.666	37	16	16	0	228.666	0	0
8894	A	A	211.462	37	16	16	211.462	0	0	0
8895	T	T	228.666	37	16	16	0	0	0	228.666
8896	C	C	241.611	37	17	17	0	241.611	0	0
8897	G	G	192.761	37	16	14	0	0	192.761	0
8898	C	C	213.217	37	15	15	0	213.217	0	0
8899	T	T	195.343	37	14	14	0	0	0	195.343
8900	C	C	184.187	37	13	13	5.42101e-19	184.187	5.42101e-19	5.42101e-19
8901	A	A	195.138	37	14	14	195.138	0	0	0
8902	A	A	194.801	37	14	14	194.801	0	0	0
8903	A	A	193.403	37	14	14	193.403	0	0	0
8904	T	T	180.753	37	13	13	5.42101e-19	2.71051e-18	5.42101e-19	180.753
8905	A	A	180.753	37	13	13	180.753	5.42101e-19	2.71051e-18	5.42101e-19
8906	G	G	166.769	37	13	12	8.5652e-17	3.25261e-18	166.769	3.25261e-18
8907	G	G	166.984	37	13	12	8.13152e-17	3.25261e-18	166.984	3.25261e-18
8908	A	A	171.913	37	14	14	171.913	0	2.81893e-17	0
8909	A	A	165.204	37	13	13	165.204	5.42101e-19	1.30104e-16	5.42101e-19
8910	C	C	184.037	37	13	13	5.42101e-19	184.037	5.42101e-19	5.42101e-19
8911	C	C	154.926	37	11	11	4.65665e-16	154.926	4.65665e-16	4.65665e-16
8912	A	A	127.84	37	11	11	127.84	3.88144e-16	7.1332e-13	3.88144e-16
8913	A	A	108.866	37	10	10	108.866	1.11678e-14	5.63623e-11	1.11673e-14
8914	C	C	141.127	37	10	10	1.11678e-14	141.127	1.11673e-14	1.11676e-14
8915	A	A	100.776	37	10	10	100.776	1.11678e-14	3.63213e-10	1.11673e-14
8916	T	T	97.3576	37	7	7	2.6601e-10	2.66012e-10	2.6602e-10	97.3576
8917	T	T	97.3576	37	7	7	2.66011e-10	2.66012e-10	2.66021e-10	97.3576
8918	A	A	64.0638	37	5	5	64.0638	2.20231e-07	1.26328e-06	2.20224e-07
8919	T	T	68.1779	37	5	5	2.20224e-07	2.20225e-07	2.2023e-07	68.1779
8920	C	C	68.178	37	5	5	2.20227e-07	68.178	2.20223e-07	2.20225e-07
8921	A	A	53.5881	37	4	4	53.5881	6.33663e-06	6.33655e-06	6.33648e-06
8922	T	T	53.5881	37	4	4	6.33649e-06	6.33651e-06	6.33664e-06	53.5881
8923	T	T	53.5881	37	4	4	6.33647e-06	6.3365e-06	6.33661e-06	53.5881
8924	A	A	53.5881	37	4	4	53.5881	6.33663e-06	6.33655e-06	6.33648e-06
8925	C	C	53.5881	37	4	4	6.33655e-06	53.5881	6.33645e-06	6.33648e-06
8926	T	T	62.1316	37	5	5	2.20225e-07	2.21798e-06	2.20231e-07	62.1316
8927	G	G	66.6157	37	5	5	3.1557e-07	3.15563e-07	66.6157	3.15574e-07
8928	C	C	51.3775	37	5	4	1.0277e-06	51.3775	1.02769e-06	2.95698e-05
8929	C	C	80.3243	37	7	6	1.30978e-09	80.3243	1.30975e-09	3.76855e-08
8930	C	C	50.3731	37	5	4	1.29512e-06	50.3731	1.29511e-06	3.72642e-05
8931	T	T	57.2242	37	5	5	2.20224e-07	7.78893e-06	2.2023e-07	57.2242
8932	C	C	50.1913	37	5	4	1.35047e-06	50.1913	1.35046e-06	3.88567e-05
8933	T	T	63.3781	37	6	6	7.65388e-09	1.97983e-06	7.65414e-09	63.3781
8934	A	A	72.1874	37	6	6	72.1874	7.65439e-09	2.4714e-07	7.65401e-09
8935	C	C	65.9673	37	6	5	3.57183e-08	65.9673	3.57177e-08	1.02771e-06
8936	T	T	78.6245	37	6	6	7.65388e-09	4.43043e-08	7.65414e-09	78.6245
8937	C	C	67.468	37	5	5	2.59339e-07	67.468	2.59332e-07	2.59334e-07
8938	C	C	66.5327	37	5	5	3.2167e-07	66.5327	3.21649e-07	3.21656e-07
8939	C	C	80.2121	37	6	6	1.37867e-08	80.2121	1.37864e-08	1.37865e-08
8940	T	T	80.3107	37	8	8	9.24598e-12	4.04125e-08	9.24699e-12	80.3107
8941	C	C	88.68	37	9	7	7.09221e-12	88.68	7.09203e-12	5.87139e-09
8942	T	T	92.7021	37	9	9	3.21316e-13	2.33051e-09	3.21332e-13	92.7021
8943	A	A	141.127	37	10	10	141.127	1.11678e-14	1.11676e-14	1.11673e-14
8944	C	C	138.027	37	10	10	2.27997e-14	138.027	2.27986e-14	2.27991e-14
8945	A	A	152.156	37	11	11	152.156	3.88144e-16	1.86727e-15	3.88144e-16
8946	T	T	144.307	37	11	11	3.88144e-16	1.53314e-14	3.88144e-16	144.307
8947	A	A	166.193	37	12	12	166.193	1.35525e-17	7.75205e-17	1.35525e-17
8948	C	C	181.328	37	14	13	0	181.328	0	3.25261e-18
8949	T	T	171.903	37	14	14	0	2.81893e-17	0	171.903
8950	A	A	214.076	37	15	15	214.076	0	0	0
8951	A	A	228.666	37	16	16	228.666	0	0	0
8952	T	T	195.404	37	16	16	0	0	0	195.404
8953	C	C	160.319	37	16	13	0	160.319	0	4.03323e-16
8954	A	A	238.552	37	17	17	238.552	0	0	0
8955	C	C	224.396	37	17	16	0	224.396	0	0
8956	C	C	242.396	37	17	17	0	242.396	0	0
8957	A	A	228.666	37	16	16	228.666	0	0	0
8958	C	C	240.973	37	17	17	0	240.973	0	0
8959	A	A	243.256	37	17	17	243.256	0	0	0
8960	C	C	242.475	37	17	17	0	242.475	0	0
8961	A	A	239.695	37	17	17	239.695	0	0	0
8962	A	A	232.968	37	17	17	232.968	0	0	0
8963	G	G	256.274	37	18	18	0	0	256.274	0
8964	G	G	255.311	37	18	18	0	0	255.311	0
8965	A	A	229.606	37	18	18	229.606	0	0	0
8966	G	G	240.039	37	17	17	0	0	240.039	0
8967	G	G	208.87	37	16	15	0	0	208.87	0
8968	C	C	228.666	37	16	16	0	228.666	0	0
8969	A	A	193.699	37	15	15	193.699	0	0	0
8970	A	A	187.879	37	14	14	187.879	0	5.42101e-19	0
8971	G	G	211.444	37	15	15	0	0	211.444	0
8972	T	T	194.609	37	14	14	0	0	0	194.609
8973	A	A	181.05	37	13	13	181.05	5.42101e-19	2.1684e-18	5.42101e-19
8974	C	C	184.055	37	14	13	0	184.055	0	1.0842e-18
8975	A	A	188.906	37	14	14	188.906	0	5.42101e-19	0
8976	C	C	211.643	37	15	15	0	211.643	0	0
8977	A	A	200.251	37	15	15	200.251	0	0	0
8978	A	A	193.559	37	14	14	193.559	0	0	0
8979	A	A	181.012	37	13	13	181.012	5.42101e-19	2.71051e-18	5.42101e-19
8980	C	C	184.279	37	13	13	5.42101e-19	184.279	5.42101e-19	5.42101e-19
8981	C	C	184.897	37	13	13	5.42101e-19	184.897	5.42101e-19	5.42101e-19
8982	C	C	184.897	37	13	13	5.42101e-19	184.897	5.42101e-19	5.42101e-19
8983	T	T	184.897	37	13	13	5.42101e-19	5.42101e-19	5.42101e-19	184.897
8984	G	G	183.133	37	13	13	1.0842e-18	1.0842e-18	183.133	5.42101e-19
8985	T	T	185.761	37	14	14	0	1.0842e-18	0	185.761
8986	C	C	183.055	37	13	13	5.42101e-19	183.055	5.42101e-19	5.42101e-19
8987	A	A	166.422	37	12	12	166.422	1.35525e-17	7.20994e-17	1.35525e-17
8988	A	A	159.906	37	12	12	159.906	1.35525e-17	4.16876e-16	1.35525e-17
8989	A	A	159.316	37	12	12	159.316	1.35525e-17	4.81386e-16	1.35525e-17
8990	A	A	158.636	37	12	12	158.636	1.35525e-17	5.6758e-16	1.35525e-17
8991	G	G	167.68	37	12	12	2.43945e-17	2.43945e-17	167.68	2.49366e-17
8992	T	T	174.442	37	14	14	0	1.57209e-17	0	174.442
8993	A	A	180.843	37	13	13	180.843	5.42101e-19	2.71051e-18	5.42101e-19
8994	T	T	166.553	37	13	13	5.42101e-19	9.48677e-17	5.42101e-19	166.553
8995	T	T	171.588	37	14	14	0	3.03577e-17	0	171.588
8996	A	A	187.366	37	14	14	187.366	0	5.42101e-19	0
8997	A	A	174.609	37	13	13	174.609	5.42101e-19	1.40946e-17	5.42101e-19
8998	A	A	167.096	37	13	13	167.096	5.42101e-19	8.40257e-17	5.42101e-19
8999	C	C	184.187	37	13	13	5.42101e-19	184.187	5.42101e-19	5.42101e-19
9000	C	C	184.897	37	13	13	5.42101e-19	184.897	5.42101e-19	5.42101e-19
9001	A	A	171.172	37	13	13	171.172	5.42101e-19	3.1984e-17	5.42101e-19
9002	T	T	165.621	37	12	12	1.35525e-17	9.21572e-17	1.35525e-17	165.621
9003	C	C	154.858	37	11	11	4.73254e-16	154.858	4.73254e-16	4.73254e-16
9004	C	C	138.642	37	11	10	1.9288e-15	138.642	1.9288e-15	5.55112e-14
9005	T	T	151.832	37	11	11	3.87873e-16	2.07191e-15	3.88144e-16	151.832
9006	T	T	164.38	37	12	12	1.35525e-17	1.31188e-16	1.35525e-17	164.38
9007	T	T	165.429	37	12	12	1.35525e-17	9.75782e-17	1.35525e-17	165.429
9008	A	A	170.307	37	12	12	170.307	1.35525e-17	1.35525e-17	1.35525e-17
9009	C	C	169.545	37	12	12	1.6263e-17	169.545	1.6263e-17	1.6263e-17
9010	A	A	159.689	37	12	12	159.689	1.35525e-17	4.39644e-16	1.35525e-17
9011	C	C	183.323	37	13	13	5.42101e-19	183.323	5.42101e-19	5.42101e-19
9012	G	G	166.861	37	13	12	8.34836e-17	3.25261e-18	166.861	3.25261e-18
9013	A	A	162.229	37	13	13	162.229	5.42101e-19	2.59124e-16	5.42101e-19
9014	G	G	154.936	37	11	11	4.64581e-16	4.64581e-16	154.936	4.64581e-16
9015	A	A	165.429	37	12	12	165.429	1.35525e-17	9.75782e-17	1.35525e-17
9016	A	A	164.356	37	12	12	164.356	1.40946e-17	1.31731e-16	1.35525e-17
9017	A	A	155.717	37	11	11	155.717	3.88144e-16	3.88144e-16	3.88144e-16
9018	A	A	166.422	37	12	12	166.422	1.35525e-17	7.20994e-17	1.35525e-17
9019	C	C	181.624	37	13	13	1.0842e-18	181.624	1.0842e-18	1.0842e-18
9020	G	G	184.037	37	13	13	5.42101e-19	5.42101e-19	184.037	5.42101e-19
9021	C	C	183.247	37	13	13	5.42101e-19	183.247	5.42101e-19	5.42101e-19
9022	C	C	196.413	37	14	14	0	196.413	0	0
9023	C	C	183.128	37	13	13	5.42101e-19	183.128	5.42101e-19	5.42101e-19
9024	T	T	180.782	37	13	13	5.42101e-19	2.71051e-18	5.42101e-19	180.782
9025	G	G	184.115	37	13	13	5.42101e-19	5.42101e-19	184.115	5.42101e-19
9026	A	A	194.609	37	14	14	194.609	0	0	0
9027	G	G	199.264	37	15	14	0	0	199.264	0
9028	A	A	199.486	37	14	14	199.486	0	0	0
9029	G	G	198.869	37	14	14	0	0	198.869	0
9030	C	C	210.931	37	15	15	0	210.931	0	0
9031	T	T	207.68	37	16	16	0	0	0	207.68
9032	C	C	226.748	37	16	16	0	226.748	0	0
9033	T	T	222.901	37	17	17	0	0	0	222.901
9034	C	C	226.136	37	16	16	0	226.136	0	0
9035	C	C	227.268	37	16	16	0	227.268	0	0
9036	A	A	210.023	37	15	15	210.023	0	0	0
9037	T	T	210.515	37	15	15	0	0	0	210.515
9038	C	C	214.076	37	15	15	0	214.076	0	0
9039	T	T	222.62	37	16	16	0	0	0	222.62
9040	C	C	210.661	37	16	15	0	210.661	0	0
9041	T	T	216.995	37	16	16	0	0	0	216.995
9042	A	A	217.971	37	16	16	217.971	0	0	0
9043	A	A	216.759	37	16	16	216.759	0	0	0
9044	C	C	240.901	37	17	17	0	240.901	0	0
9045	C	C	240.7	37	17	17	0	240.7	0	0
9046	C	C	211.694	37	16	15	0	211.694	0	0
9047	C	C	202.394	37	16	15	0	202.394	0	0
9048	T	T	223.189	37	17	17	0	0	0	223.189
9049	T	T	218.018	37	16	16	0	0	0	218.018
9050	C	C	226.162	37	16	16	0	226.162	0	0
9051	A	A	224.523	37	16	16	224.523	0	0	0
9052	G	G	227.806	37	16	16	0	0	227.806	0
9053	C	C	227.875	37	16	16	0	227.875	0	0
9054	T	T	224.781	37	16	16	0	0	0	224.781
9055	A	A	188.848	37	15	15	188.848	0	5.42101e-19	0
9056	C	C	214.076	37	15	15	0	214.076	0	0
9057	T	T	214.076	37	15	15	0	0	0	214.076
9058	A	A	169.174	37	14	14	169.174	0	5.25838e-17	0
9059	T	T	170.306	37	12	12	1.35525e-17	1.35525e-17	1.35525e-17	170.306
9060	C	C	155.717	37	11	11	3.88144e-16	155.717	3.88144e-16	3.88144e-16
9061	C	C	155.717	37	11	11	3.88144e-16	155.717	3.88144e-16	3.88144e-16
9062	C	C	155.717	37	11	11	3.88144e-16	155.717	3.88144e-16	3.88144e-16
9063	T	T	141.127	37	10	10	1.11673e-14	1.11676e-14	1.11678e-14	141.127
9064	T	T	141.127	37	10	10	1.11676e-14	1.11678e-14	1.11686e-14	141.127
9065	A	A	135.081	37	10	10	135.081	1.11678e-14	1.12472e-13	1.11673e-14
9066	A	A	126.537	37	9	9	126.537	3.21332e-13	3.21321e-13	3.21315e-13
9067	T	T	126.537	37	9	9	3.21315e-13	3.21319e-13	3.21331e-13	126.537
9068	C	C	126.537	37	9	9	3.21327e-13	126.537	3.21313e-13	3.2132e-13
9069	C	C	126.537	37	9	9	3.21327e-13	126.537	3.21313e-13	3.2132e-13
9070	C	C	126.537	37	9	9	3.21327e-13	126.537	3.21313e-13	3.2132e-13
9071	A	A	108.193	37	9	9	108.193	3.21383e-13	6.51974e-11	3.21344e-13
9072	A	A	98.9657	37	9	9	98.9657	3.21332e-13	5.50441e-10	3.21315e-13
9073	A	A	86.7233	37	9	9	86.7233	3.21332e-13	9.23462e-09	3.21315e-13
9074	A	A	72.0731	37	6	6	72.0731	7.65415e-09	2.54142e-07	7.65388e-09
9075	T	T	82.7677	37	6	6	7.65388e-09	7.65395e-09	7.65414e-09	82.7677
9076	T	T	91.3112	37	7	7	2.6601e-10	2.67912e-09	2.66021e-10	91.3112
9077	A	A	76.7214	37	6	6	76.7214	7.65415e-09	7.70864e-08	7.65389e-09
9078	T	T	69.6093	37	6	6	7.65388e-09	4.59873e-07	7.65414e-09	69.6093
9079	T	T	76.0067	37	7	7	2.6601e-10	1.08389e-07	2.66021e-10	76.0067
9080	C	C	94.8081	37	7	7	4.78472e-10	94.8081	4.78456e-10	4.78464e-10
9081	T	T	96.1536	37	9	9	3.21315e-13	1.05235e-09	3.21331e-13	96.1536
9082	A	A	144.423	37	11	11	144.423	3.88144e-16	1.49089e-14	3.88144e-16
9083	G	G	154.856	37	12	11	1.32706e-15	4.66207e-17	154.856	4.66207e-17
9084	G	G	139.604	37	11	10	4.44826e-14	1.54607e-15	139.604	1.54607e-15
9085	A	A	149.79	37	11	11	149.79	3.88144e-16	3.78224e-15	3.88144e-16
9086	C	C	139.01	37	10	10	1.81848e-14	139.01	1.81837e-14	1.81842e-14
9087	A	A	155.717	37	11	11	155.717	3.88144e-16	3.88144e-16	3.88144e-16
9088	T	T	150.839	37	11	11	3.87873e-16	2.80348e-15	3.88144e-16	150.839
9089	A	A	151.664	37	11	11	151.664	3.88144e-16	2.18467e-15	3.88144e-16
9090	T	T	151.664	37	11	11	3.88144e-16	2.18467e-15	3.88144e-16	151.664
9091	T	T	152.156	37	11	11	3.88144e-16	1.86727e-15	3.88144e-16	152.156
9092	T	T	164.26	37	12	12	1.35525e-17	1.35525e-16	1.35525e-17	164.26
9093	A	A	165.429	37	12	12	165.429	1.35525e-17	9.75782e-17	1.35525e-17
9094	C	C	181.481	37	13	13	1.0842e-18	181.481	1.0842e-18	1.0842e-18
9095	T	T	150.931	37	12	12	1.35525e-17	3.47758e-15	1.35525e-17	150.931
9096	G	G	170.307	37	12	12	1.35525e-17	1.35525e-17	170.307	1.35525e-17
9097	T	T	160.019	37	12	12	1.35525e-17	4.05492e-16	1.35525e-17	160.019
9098	A	A	184.897	37	13	13	184.897	5.42101e-19	5.42101e-19	5.42101e-19
9099	A	A	184.897	37	13	13	184.897	5.42101e-19	5.42101e-19	5.42101e-19
9100	A	A	184.897	37	13	13	184.897	5.42101e-19	5.42101e-19	5.42101e-19
9101	T	T	186.71	37	14	14	0	1.0842e-18	0	186.71
9102	C	C	194.909	37	15	14	0	194.909	0	0
9103	T	T	202.704	37	15	15	0	0	0	202.704
9104	A	A	209.727	37	15	15	209.727	0	0	0
9105	G	G	227.684	37	16	16	0	0	227.684	0
9106	T	T	217.356	37	16	16	0	0	0	217.356
9107	T	T	209.962	37	15	15	0	0	0	209.962
9108	T	T	210.023	37	15	15	0	0	0	210.023
9109	A	A	228.666	37	16	16	228.666	0	0	0
9110	A	A	228.666	37	16	16	228.666	0	0	0
9111	C	C	227.584	37	17	16	0	227.584	0	0
9112	A	A	243.256	37	17	17	243.256	0	0	0
9113	A	A	243.256	37	17	17	243.256	0	0	0
9114	A	A	243.256	37	17	17	243.256	0	0	0
9115	A	A	243.256	37	17	17	243.256	0	0	0
9116	A	A	239.695	37	17	17	239.695	0	0	0
9117	C	C	243.176	37	18	17	0	243.176	0	0
9118	A	A	247.151	37	18	18	247.151	0	0	0
9119	T	T	253.497	37	18	18	0	0	0	253.497
9120	T	T	253.702	37	18	18	0	0	0	253.702
9121	A	A	245.135	37	18	18	245.135	0	0	0
9122	G	G	242.465	37	17	17	0	0	242.465	0
9123	A	A	238.907	37	17	17	238.907	0	0	0
9124	T	T	239.113	37	17	17	0	0	0	239.113
9125	T	T	239.371	37	17	17	0	0	0	239.371
9126	G	G	211.47	37	16	15	0	0	211.47	0
9127	T	T	237.064	37	17	17	0	0	0	237.064
9128	G	G	227.143	37	17	16	0	0	227.143	0
9129	C	C	242.396	37	17	17	0	242.396	0	0
9130	A	A	239.112	37	17	17	239.112	0	0	0
9131	T	T	232.18	37	17	17	0	0	0	232.18
9132	C	C	255.412	37	18	18	0	255.412	0	0
9133	T	T	246.201	37	18	18	0	0	0	246.201
9134	A	A	216.068	37	17	17	216.068	0	0	0
9135	A	A	213.037	37	17	17	213.037	0	0	0
9136	T	T	210.515	37	15	15	0	0	0	210.515
9137	A	A	215.08	37	16	16	215.08	0	0	0
9138	A	A	222.62	37	16	16	222.62	0	0	0
9139	T	T	207.458	37	16	16	0	0	0	207.458
9140	G	G	228.666	37	16	16	0	0	228.666	0
9141	A	A	225.105	37	16	16	225.105	0	0	0
9142	A	A	247.981	37	18	18	247.981	0	0	0
9143	A	A	261.854	37	19	19	261.854	0	0	0
9144	G	G	280.57	37	21	20	0	0	280.57	0
9145	C	C	280.802	37	21	20	0	280.802	0	0
9146	C	C	259.044	37	21	19	0	259.044	0	0
9147	C	C	267.375	37	20	19	0	267.375	0	0
9148	A	A	261.981	37	20	20	261.981	0	0	0
9149	A	A	243.256	37	17	17	243.256	0	0	0
9150	T	T	239.371	37	17	17	0	0	0	239.371
9151	T	T	243.256	37	17	17	0	0	0	243.256
9152	C	C	255.982	37	19	18	0	255.982	0	0
9153	T	T	259.868	37	19	19	0	0	0	259.868
9154	T	T	261.778	37	19	19	0	0	0	261.778
9155	T	T	261.932	37	19	19	0	0	0	261.932
9156	T	T	268.084	37	20	20	0	0	0	268.084
9157	T	T	282.34	37	20	20	0	0	0	282.34
9158	A	A	275.731	37	20	20	275.731	0	0	0
9159	T	T	282.882	37	20	20	0	0	0	282.882
9160	T	T	268.551	37	19	19	0	0	0	268.551
9161	T	T	281.098	37	20	20	0	0	0	281.098
9162	A	A	267.558	37	19	19	267.558	0	0	0
9163	A	A	266.508	37	19	19	266.508	0	0	0
9164	C	C	228.106	37	19	17	0	228.106	0	0
9165	G	G	272.436	37	19	19	0	0	272.436	0
9166	A	A	268.551	37	19	19	268.551	0	0	0
9167	A	A	268.292	37	19	19	268.292	0	0	0
9168	A	A	282.676	37	20	20	282.676	0	0	0
9169	A	A	269.309	37	20	20	269.309	0	0	0
9170	A	A	259.357	37	20	20	259.357	0	0	0
9171	G	G	268.585	37	19	19	0	0	268.585	0
9172	T	T	274.905	37	20	20	0	0	0	274.905
9173	T	T	287.65	37	21	21	0	0	0	287.65
9174	C	C	270.672	37	19	19	0	270.672	0	0
9175	G	G	240.77	37	18	17	0	0	240.77	0
9176	C	C	200.717	37	16	15	0	200.717	0	0
9177	A	A	223.788	37	16	16	223.788	0	0	0
9178	A	A	216.546	37	16	16	216.546	0	0	0
9179	G	G	212.697	37	15	15	0	0	212.697	0
9180	A	A	203.496	37	15	15	203.496	0	0	0
9181	A	A	202.469	37	15	15	202.469	0	0	0
9182	C	C	213.853	37	16	15	0	213.853	0	0
9183	T	T	209.198	37	15	15	0	0	0	209.198
9184	G	G	199.486	37	14	14	0	0	199.486	0
9185	C	C	211.741	37	15	15	0	211.741	0	0
9186	T	T	203.194	37	15	15	0	0	0	203.194
9187	A	A	214.076	37	15	15	214.076	0	0	0
9188	A	A	214.076	37	15	15	214.076	0	0	0
9189	T	T	216.546	37	16	16	0	0	0	216.546
9190	T	T	229.43	34.2735	17	17	0	0	0	229.43
9191	C	C	226.362	34.2735	17	16	0	226.362	0	0
9192	A	A	239.456	34.3875	18	18	239.456	0	0	0
9193	T	T	239.903	34.3875	18	18	0	0	0	239.903
9194	G	G	255.137	34.3875	18	18	0	0	255.137	0
9195	C	C	220.46	34.3875	18	16	0	220.46	0	0
9196	T	T	232.892	34.2735	17	17	0	0	0	232.892
9197	T	T	230.443	34.2735	17	17	0	0	0	230.443
9198	C	C	211.936	34.1488	16	15	0	211.936	0	0
9199	C	C	227.884	34.1488	16	16	0	227.884	0	0
9200	A	A	207.91	34.1488	16	16	207.91	0	0	0
9201	T	T	210.515	34.0116	15	15	0	0	0	210.515
9202	G	G	197.046	33.86	14	14	0	0	197.046	0
9203	C	C	199.486	33.86	14	14	0	199.486	0	0
9204	A	A	170.72	33.86	14	14	170.72	0	3.68629e-17	0
9205	T	T	184.897	33.6913	13	13	5.42101e-19	5.42101e-19	5.42101e-19	184.897
9206	A	A	145.776	33.2895	11	11	145.776	3.88144e-16	1.07108e-14	3.88144e-16
9207	A	A	144.188	33.2895	11	11	144.188	3.88144e-16	1.57811e-14	3.88144e-16
9208	A	A	142.861	33.2895	11	11	142.861	3.88144e-16	2.16954e-14	3.88144e-16
9209	A	A	136.249	33.0469	10	10	136.249	1.11697e-14	8.06698e-14	1.11684e-14
9210	T	T	141.127	33.0469	10	10	1.11673e-14	1.11676e-14	1.11678e-14	141.127
9211	C	C	126.537	32.7677	9	9	3.21332e-13	126.537	3.21315e-13	3.21324e-13
9212	G	G	122.483	33.0469	10	9	2.29236e-12	7.96704e-14	122.483	7.96726e-14
9213	T	T	141.752	33.2895	11	11	3.88144e-16	2.82367e-14	3.88144e-16	141.752
9214	G	G	151.469	33.2895	11	11	1.03216e-15	1.03216e-15	151.469	1.03216e-15
9215	G	G	137.719	33.0469	10	10	2.4478e-14	2.44775e-14	137.719	2.44786e-14
9216	C	C	125.13	37	9	9	4.44333e-13	125.13	4.44311e-13	4.44322e-13
9217	C	C	111.238	37	8	8	1.08872e-11	111.238	1.08868e-11	1.0887e-11
9218	T	T	97.3576	37	7	7	2.6601e-10	2.66014e-10	2.66021e-10	97.3576
9219	T	T	97.3576	37	7	7	2.6601e-10	2.66014e-10	2.66021e-10	97.3576
9220	T	T	97.3576	37	7	7	2.6601e-10	2.66014e-10	2.66021e-10	97.3576
9221	T	T	97.3576	37	7	7	2.6601e-10	2.66014e-10	2.66021e-10	97.3576
9222	C	C	97.3576	37	7	7	2.6602e-10	97.3576	2.6601e-10	2.66015e-10
9223	A	A	92.9933	37	7	7	92.9933	2.67416e-10	1.64574e-09	2.66823e-10
9224	A	A	115.432	37	9	9	115.432	3.24697e-13	1.1786e-11	3.23276e-13
9225	A	A	112.815	37	9	9	112.815	3.92835e-13	2.19568e-11	3.61674e-13
9226	T	T	100.994	37	8	8	9.24516e-12	3.26987e-10	9.24559e-12	100.994
9227	T	T	101.33	37	8	8	9.24518e-12	3.01231e-10	9.24562e-12	101.33
9228	G	G	97.278	37	8	7	7.59976e-10	2.64125e-11	97.278	2.64134e-11
9229	T	T	97.3576	37	7	7	2.6601e-10	2.66013e-10	2.66021e-10	97.3576
9230	A	A	97.3576	37	7	7	97.3576	2.66021e-10	2.66014e-10	2.6601e-10
9231	A	A	97.3576	37	7	7	97.3576	2.66021e-10	2.66014e-10	2.6601e-10
9232	A	A	97.3576	37	7	7	97.3576	2.66021e-10	2.66014e-10	2.6601e-10
9233	G	G	97.3576	37	7	7	2.66015e-10	2.6601e-10	97.3576	2.6602e-10
9234	G	G	97.3571	37	7	7	2.66039e-10	2.66031e-10	97.3571	2.66052e-10
9235	A	A	97.3576	37	7	7	97.3576	2.66021e-10	2.66014e-10	2.6601e-10
9236	T	T	97.3576	37	7	7	2.6601e-10	2.66013e-10	2.66021e-10	97.3576
9237	G	G	111.947	37	8	8	9.24534e-12	9.24514e-12	111.947	9.24553e-12
9238	G	G	94.0693	37	8	7	1.59099e-09	5.52942e-11	94.0693	5.52958e-11
9239	A	A	107.894	37	8	8	107.894	9.24559e-12	5.20401e-11	9.24516e-12
9240	A	A	107.833	37	8	8	107.833	9.24559e-12	5.30333e-11	9.24516e-12
9241	G	G	110.272	37	8	8	1.3598e-11	1.35977e-11	110.272	1.35983e-11
9242	T	T	111.947	37	8	8	9.24516e-12	9.2453e-12	9.24559e-12	111.947
9243	A	A	93.2435	37	7	7	93.2435	2.66021e-10	1.52592e-09	2.6601e-10
9244	A	A	92.4798	37	7	7	92.4798	2.66022e-10	1.92156e-09	2.66011e-10
9245	T	T	97.3576	37	7	7	2.6601e-10	2.66014e-10	2.66021e-10	97.3576
9246	C	C	95.7127	37	7	7	3.88507e-10	95.7127	3.88492e-10	3.885e-10
9247	C	C	96.3753	37	7	7	3.33534e-10	96.3753	3.33522e-10	3.33528e-10
9248	A	A	97.3576	37	7	7	97.3576	2.66021e-10	2.66013e-10	2.6601e-10
9249	T	T	93.2143	37	7	7	2.6601e-10	1.5398e-09	2.66021e-10	93.2143
9250	T	T	93.4726	37	7	7	2.6601e-10	1.42016e-09	2.66021e-10	93.4726
9251	G	G	97.3576	37	7	7	2.66014e-10	2.6601e-10	97.3576	2.66019e-10
9252	G	G	97.3576	37	7	7	2.66015e-10	2.6601e-10	97.3576	2.6602e-10
9253	T	T	97.3576	37	7	7	2.6601e-10	2.66014e-10	2.66021e-10	97.3576
9254	C	C	97.3576	37	7	7	2.6602e-10	97.3576	2.6601e-10	2.66015e-10
9255	T	T	97.3576	37	7	7	2.6601e-10	2.66014e-10	2.66021e-10	97.3576
9256	T	T	97.3576	37	7	7	2.6601e-10	2.66014e-10	2.66021e-10	97.3576
9257	A	A	97.3576	37	7	7	97.3576	2.66021e-10	2.66013e-10	2.6601e-10
9258	G	G	97.3576	37	7	7	2.66014e-10	2.6601e-10	97.3576	2.66019e-10
9259	G	G	97.3576	37	7	7	2.66014e-10	2.6601e-10	97.3576	2.66019e-10
9260	A	A	97.3576	37	7	7	97.3576	2.66021e-10	2.66013e-10	2.6601e-10
9261	A	A	97.3576	37	7	7	97.3576	2.66021e-10	2.66013e-10	2.6601e-10
9262	C	C	97.3165	37	7	7	2.69202e-10	97.3165	2.6776e-10	2.68656e-10
9263	C	C	72.6573	37	7	6	7.65414e-09	72.6573	7.65392e-09	2.20229e-07
9264	A	A	93.3042	37	7	7	93.3042	2.66021e-10	1.49734e-09	2.6601e-10
9265	A	A	107.833	37	8	8	107.833	9.24559e-12	5.30333e-11	9.24516e-12
9266	A	A	93.988	37	8	8	93.988	9.24586e-12	1.71524e-09	9.24532e-12
9267	A	A	91.6739	37	8	8	91.6739	9.24559e-12	2.93541e-09	9.24516e-12
9268	A	A	100.994	37	8	8	100.994	9.24558e-12	3.26987e-10	9.24516e-12
9269	A	A	92.4834	37	8	8	92.4834	9.24558e-12	2.43308e-09	9.24516e-12
9270	T	T	107.833	37	8	8	9.24516e-12	5.30334e-11	9.24559e-12	107.833
9271	T	T	78.7144	37	6	6	7.65389e-09	4.30829e-08	7.65415e-09	78.7144
9272	G	G	81.7711	37	6	6	9.62622e-09	9.62222e-09	81.7711	9.63659e-09
9273	G	G	81.1229	37	6	6	1.11782e-08	1.1178e-08	81.1229	1.11783e-08
9274	T	T	76.8405	37	6	6	7.65389e-09	7.4586e-08	7.65415e-09	76.8405
9275	G	G	82.7678	37	6	6	7.65396e-09	7.65386e-09	82.7678	7.65408e-09
9276	C	C	65.6537	37	6	5	3.83927e-08	65.6537	3.83919e-08	1.10466e-06
9277	A	A	82.7677	37	6	6	82.7677	7.65414e-09	7.65395e-09	7.65388e-09
9278	A	A	82.7677	37	6	6	82.7677	7.65414e-09	7.65395e-09	7.65388e-09
9279	C	C	95.7841	37	7	7	3.82172e-10	95.7841	3.82156e-10	3.82165e-10
9280	T	T	92.4798	37	7	7	2.6601e-10	1.92156e-09	2.66021e-10	92.4798
9281	C	C	96.4969	37	8	7	3.16181e-11	96.4969	3.1617e-11	9.09728e-10
9282	C	C	94.8259	37	8	7	4.64555e-11	94.8259	4.64538e-11	1.33663e-09
9283	A	A	120.61	37	9	9	120.61	3.21331e-13	3.13117e-12	3.21315e-13
9284	A	A	108.062	37	8	8	108.062	9.24564e-12	4.93577e-11	9.24519e-12
9285	A	A	107.804	37	8	8	107.804	9.24557e-12	5.35156e-11	9.24516e-12
9286	T	T	113.761	37	9	9	3.21315e-13	1.76249e-11	3.21332e-13	113.761
9287	A	A	121.852	37	9	9	121.852	3.21331e-13	2.19275e-12	3.21315e-13
9288	A	A	135.081	37	10	10	135.081	1.11678e-14	1.12471e-13	1.11673e-14
9289	A	A	126.537	37	9	9	126.537	3.21331e-13	3.21318e-13	3.21315e-13
9290	A	A	126.537	37	9	9	126.537	3.21331e-13	3.21318e-13	3.21315e-13
9291	G	G	126.537	37	9	9	3.21318e-13	3.21313e-13	126.537	3.21326e-13
9292	T	T	133.729	33.2895	11	11	3.88144e-16	1.83254e-13	3.88144e-16	133.729
9293	A	A	155.717	33.2895	11	11	155.717	3.88144e-16	3.88144e-16	3.88144e-16
9294	A	A	155.717	33.2895	11	11	155.717	3.88144e-16	3.88144e-16	3.88144e-16
9295	T	T	145.099	33.2895	11	11	3.88144e-16	1.26475e-14	3.88144e-16	145.099
9296	C	C	150.145	33.5025	12	11	1.36609e-16	150.145	1.36609e-16	3.92698e-15
9297	A	A	184.897	33.6913	13	13	184.897	5.42101e-19	5.42101e-19	5.42101e-19
9298	A	A	199.486	33.86	14	14	199.486	0	0	0
9299	T	T	180.543	33.86	14	14	0	3.79471e-18	0	180.543
9300	T	T	187.041	34.0116	15	15	0	1.0842e-18	0	187.041
9301	T	T	200.631	34.1488	16	16	0	0	0	200.631
9302	G	G	228.049	34.1488	16	16	0	0	228.049	0
9303	T	T	218.085	34.1488	16	16	0	0	0	218.085
9304	T	T	223.78	34.2735	17	17	0	0	0	223.78
9305	G	G	240.628	34.2735	17	17	0	0	240.628	0
9306	A	A	222.151	34.2735	17	17	222.151	0	0	0
9307	C	C	227.904	34.1488	16	16	0	227.904	0	0
9308	T	T	210.515	34.0116	15	15	0	0	0	210.515
9309	T	T	222.739	34.1488	16	16	0	0	0	222.739
9310	C	C	213.017	34.0116	15	15	0	213.017	0	0
9311	C	C	213.295	34.0116	15	15	0	213.295	0	0
9312	T	T	210.023	34.0116	15	15	0	0	0	210.023
9313	C	C	226.475	34.1488	16	16	0	226.475	0	0
9314	G	G	211.433	34.1488	16	15	0	0	211.433	0
9315	A	A	207.584	37	16	16	207.584	0	0	0
9316	T	T	202.547	37	15	15	0	0	0	202.547
9317	T	T	208.967	37	16	16	0	0	0	208.967
9318	A	A	195.601	37	14	14	195.601	0	0	0
9319	T	T	189.252	37	14	14	0	5.42101e-19	0	189.252
9320	C	C	198.696	37	14	14	0	198.696	0	0
9321	A	A	209.391	37	15	15	209.391	0	0	0
9322	T	T	209.198	37	15	15	0	0	0	209.198
9323	A	A	195.343	37	14	14	195.343	0	0	0
9324	A	A	195.138	37	14	14	195.138	0	0	0
9325	C	C	181.608	37	14	13	0	181.608	0	3.25261e-18
9326	T	T	208.03	37	15	15	0	0	0	208.03
9327	T	T	194.801	37	14	14	0	0	0	194.801
9328	T	T	195.138	37	14	14	0	0	0	195.138
9329	G	G	195.082	37	14	14	0	0	195.082	0
9330	C	C	167.449	37	13	12	2.1684e-18	167.449	2.1684e-18	7.26415e-17
9331	T	T	164.26	37	12	12	1.35525e-17	1.35525e-16	1.35525e-17	164.26
9332	C	C	169.324	37	12	12	1.68051e-17	169.324	1.68051e-17	1.68051e-17
9333	A	A	155.717	37	11	11	155.717	3.88144e-16	3.88144e-16	3.88144e-16
9334	T	T	151.573	37	11	11	3.88144e-16	2.24674e-15	3.88144e-16	151.573
9335	A	A	151.832	37	11	11	151.832	3.88144e-16	2.07218e-15	3.88144e-16
9336	T	T	155.717	37	11	11	3.88144e-16	3.88144e-16	3.88144e-16	155.717
9337	T	T	164.26	37	12	12	1.35525e-17	1.35525e-16	1.35525e-17	164.26
9338	A	A	158.897	37	12	12	158.897	1.35525e-17	5.32885e-16	1.35525e-17
9339	A	A	157.01	37	12	12	157.01	1.35525e-17	8.37546e-16	1.35525e-17
9340	C	C	154.926	37	11	11	4.65665e-16	154.926	4.65665e-16	4.65665e-16
9341	G	G	152.652	37	11	11	7.86047e-16	7.86047e-16	152.652	7.86047e-16
9342	A	A	130.395	37	10	10	130.395	1.11697e-14	3.74223e-13	1.11684e-14
9343	T	T	149.79	37	11	11	3.88144e-16	3.78224e-15	3.88144e-16	149.79
9344	A	A	136.27	37	11	11	136.27	3.88144e-16	1.01741e-13	3.88144e-16
9345	C	C	154.936	37	11	11	4.64581e-16	154.936	4.64581e-16	4.64581e-16
9346	C	C	125.696	37	10	9	3.80219e-14	125.696	3.80203e-14	1.09398e-12
9347	G	G	138.694	37	10	10	1.95541e-14	1.95536e-14	138.694	1.95547e-14
9348	A	A	130.479	37	10	10	130.479	1.11678e-14	3.6663e-13	1.11673e-14
9349	T	T	129.718	37	10	10	1.11673e-14	4.41133e-13	1.11678e-14	129.718
9350	T	T	115.878	37	9	9	3.21315e-13	1.05768e-11	3.21332e-13	115.878
9351	A	A	150.839	37	11	11	150.839	3.88144e-16	2.80375e-15	3.88144e-16
9352	T	T	136.498	37	11	11	3.88144e-16	9.64967e-14	3.88144e-16	136.498
9353	C	C	103.328	37	10	8	2.43202e-13	103.328	2.43194e-13	2.01337e-10
9354	C	C	152.562	37	11	11	8.0231e-16	152.562	8.0231e-16	8.0231e-16
9355	T	T	137.31	37	11	11	3.88144e-16	7.99079e-14	3.88144e-16	137.31
9356	C	C	151.548	37	12	11	9.86624e-17	151.548	9.86624e-17	2.84278e-15
9357	A	A	181.012	37	13	13	181.012	5.42101e-19	2.71051e-18	5.42101e-19
9358	C	C	182.438	37	13	13	1.0842e-18	182.438	1.0842e-18	1.0842e-18
9359	C	C	183.247	37	13	13	5.42101e-19	183.247	5.42101e-19	5.42101e-19
9360	A	A	167.181	37	13	13	167.181	5.42101e-19	8.23994e-17	5.42101e-19
9361	G	G	181.699	37	13	13	1.0842e-18	1.0842e-18	181.699	1.0842e-18
9362	C	C	183.323	37	13	13	5.42101e-19	183.323	5.42101e-19	5.42101e-19
9363	G	G	165.781	37	13	12	1.07336e-16	3.25261e-18	165.781	3.25261e-18
9364	C	C	184.115	37	13	13	5.42101e-19	184.115	5.42101e-19	5.42101e-19
9365	T	T	151.664	37	11	11	3.88144e-16	2.18467e-15	3.88144e-16	151.664
9366	T	T	152.156	37	11	11	3.88144e-16	1.86727e-15	3.88144e-16	152.156
9367	C	C	154.072	37	11	11	5.67038e-16	154.072	5.67038e-16	5.67038e-16
9368	C	C	152.302	37	12	11	8.34836e-17	152.302	8.34836e-17	2.38958e-15
9369	A	A	165.958	37	12	12	165.958	1.35525e-17	8.29415e-17	1.35525e-17
9370	C	C	168.657	37	12	12	1.95156e-17	168.657	1.95156e-17	1.95156e-17
9371	A	A	178.85	37	13	13	178.85	5.42101e-19	4.87891e-18	5.42101e-19
9372	C	C	168.538	37	12	12	2.00577e-17	168.538	2.00577e-17	2.00577e-17
9373	A	A	170.307	37	12	12	170.307	1.35525e-17	1.35525e-17	1.35525e-17
9374	C	C	169.465	37	13	12	1.0842e-18	169.465	1.0842e-18	4.55365e-17
9375	A	A	184.897	37	13	13	184.897	5.42101e-19	5.42101e-19	5.42101e-19
9376	A	A	184.897	37	13	13	184.897	5.42101e-19	5.42101e-19	5.42101e-19
9377	T	T	180.753	37	13	13	5.42101e-19	2.71051e-18	5.42101e-19	180.753
9378	A	A	204.098	37	15	15	204.098	0	0	0
9379	A	A	204.377	37	16	16	204.377	0	0	0
9380	C	C	218.543	37	18	16	0	218.543	0	0
9381	A	A	228.821	37	18	18	228.821	0	0	0
9382	T	T	210.8	37	17	17	0	0	0	210.8
9383	A	A	213.571	37	16	16	213.571	0	0	0
9384	T	T	190.253	37	14	14	0	5.42101e-19	0	190.253
9385	C	C	199.486	37	14	14	0	199.486	0	0
9386	C	C	225.448	37	16	16	0	225.448	0	0
9387	T	T	215.634	37	16	16	0	0	0	215.634
9388	A	A	217.712	37	16	16	217.712	0	0	0
9389	C	C	210.679	37	16	15	0	210.679	0	0
9390	C	C	227.336	37	16	16	0	227.336	0	0
9391	C	C	199.486	37	14	14	0	199.486	0	0
9392	A	A	214.076	37	15	15	214.076	0	0	0
9393	C	C	213.094	37	15	15	0	213.094	0	0
9394	A	A	228.666	37	16	16	228.666	0	0	0
9395	A	A	228.666	37	16	16	228.666	0	0	0
9396	T	T	218.007	37	16	16	0	0	0	218.007
9397	A	A	228.666	37	16	16	228.666	0	0	0
9398	T	T	224.781	37	16	16	0	0	0	224.781
9399	G	G	227.501	37	16	16	0	0	227.501	0
9400	T	T	228.666	37	16	16	0	0	0	228.666
9401	A	A	243.123	37	17	17	243.123	0	0	0
9402	A	A	257.846	37	18	18	257.846	0	0	0
9403	A	A	254.285	37	18	18	254.285	0	0	0
9404	A	A	247.981	37	18	18	247.981	0	0	0
9405	A	A	247.265	37	18	18	247.265	0	0	0
9406	G	G	256.006	37	18	18	0	0	256.006	0
9407	T	T	257.846	37	18	18	0	0	0	257.846
9408	A	A	222.981	37	17	17	222.981	0	0	0
9409	C	C	228.666	37	16	16	0	228.666	0	0
9410	A	A	202.055	37	16	16	202.055	0	0	0
9411	G	G	210.587	37	16	15	0	0	210.587	0
9412	T	T	199.485	37	14	14	0	0	0	199.485
9413	C	C	199.486	37	14	14	0	199.486	0	0
9414	T	T	184.897	37	13	13	5.42101e-19	5.42101e-19	5.42101e-19	184.897
9415	C	C	170.307	37	12	12	1.35525e-17	170.307	1.35525e-17	1.35525e-17
9416	T	T	170.307	37	12	12	1.35525e-17	1.35525e-17	1.35525e-17	170.307
9417	T	T	155.717	37	11	11	3.88144e-16	3.88144e-16	3.88144e-16	155.717
9418	A	A	151.663	37	11	11	151.663	3.88144e-16	2.18467e-15	3.88144e-16
9419	T	T	164.38	37	12	12	1.35525e-17	1.31188e-16	1.35525e-17	164.38
9420	G	G	169.248	37	12	12	1.73472e-17	1.73472e-17	169.248	1.73472e-17
9421	C	C	169.444	37	13	12	1.0842e-18	169.444	1.0842e-18	4.66207e-17
9422	T	T	159.013	37	12	12	1.35525e-17	5.18249e-16	1.35525e-17	159.013
9423	T	T	160.073	37	12	12	1.35525e-17	4.00071e-16	1.35525e-17	160.073
9424	T	T	166.163	37	12	12	1.35525e-17	7.80626e-17	1.35525e-17	166.163
9425	C	C	169.597	37	12	12	1.57209e-17	169.597	1.57209e-17	1.57209e-17
9426	A	A	128.859	37	11	11	128.859	3.88144e-16	5.63968e-13	3.88144e-16
9427	T	T	151.031	37	11	11	3.88144e-16	2.64871e-15	3.88144e-16	151.031
9428	A	A	115.165	37	9	9	115.165	3.21332e-13	1.25782e-11	3.21315e-13
9429	C	C	125.747	37	9	9	3.85479e-13	125.747	3.85463e-13	3.8547e-13
9430	T	T	108.062	37	8	8	9.24516e-12	4.93575e-11	9.24557e-12	108.062
9431	C	C	97.3576	37	7	7	2.66018e-10	97.3576	2.66009e-10	2.66013e-10
9432	A	A	97.3576	37	7	7	97.3576	2.66021e-10	2.66014e-10	2.6601e-10
9433	G	G	111.33	37	8	8	1.06569e-11	1.06566e-11	111.33	1.06571e-11
9434	T	T	112.812	37	9	9	3.21315e-13	2.20841e-11	3.21331e-13	112.812
9435	A	A	137.013	37	10	10	137.013	1.11678e-14	6.40595e-14	1.11673e-14
9436	C	C	138.418	37	10	10	2.08384e-14	138.418	2.08362e-14	2.08367e-14
9437	C	C	151.791	37	11	11	9.58435e-16	151.791	9.58435e-16	9.58435e-16
9438	C	C	121.957	37	10	9	8.99313e-14	121.957	8.99281e-14	2.58753e-12
9439	G	G	141.127	37	10	10	1.11676e-14	1.11673e-14	141.127	1.11681e-14
9440	T	T	142.685	37	11	11	3.88144e-16	2.26268e-14	3.88144e-16	142.685
9441	C	C	137.309	37	11	10	2.62269e-15	137.309	2.62269e-15	7.54626e-14
9442	C	C	154.778	37	12	11	4.66207e-17	154.778	4.66207e-17	1.35092e-15
9443	C	C	168.534	37	12	12	2.00577e-17	168.534	2.00577e-17	2.00577e-17
9444	A	A	158.778	37	12	12	158.778	1.35525e-17	5.48606e-16	1.35525e-17
9445	G	G	167.952	37	12	12	2.33103e-17	2.33103e-17	167.952	2.33103e-17
9446	A	A	165.429	37	12	12	165.429	1.35525e-17	9.75782e-17	1.35525e-17
9447	G	G	155.494	37	12	11	1.14654e-15	4.01155e-17	155.494	3.95734e-17
9448	T	T	151.368	37	11	11	3.88144e-16	2.39338e-15	3.88144e-16	151.368
9449	A	A	155.717	37	11	11	155.717	3.88144e-16	3.88144e-16	3.88144e-16
9450	A	A	155.717	37	11	11	155.717	3.88144e-16	3.88144e-16	3.88144e-16
9451	T	T	155.717	37	11	11	3.88144e-16	3.88144e-16	3.88144e-16	155.717
9452	A	A	155.717	37	11	11	155.717	3.88144e-16	3.88144e-16	3.88144e-16
9453	T	T	155.717	37	11	11	3.88144e-16	3.88144e-16	3.88144e-16	155.717
9454	T	T	164.38	37	12	12	1.35525e-17	1.31188e-16	1.35525e-17	164.38
9455	C	C	169.248	37	12	12	1.73472e-17	169.248	1.73472e-17	1.73472e-17
9456	C	C	169.526	37	12	12	1.6263e-17	169.526	1.6263e-17	1.6263e-17
9457	T	T	166.253	37	12	12	1.35525e-17	7.58942e-17	1.35525e-17	166.253
9458	T	T	166.746	37	12	12	1.30104e-17	6.451e-17	1.30104e-17	166.746
9459	T	T	170.307	37	12	12	1.35525e-17	1.35525e-17	1.35525e-17	170.307
9460	A	A	166.253	37	12	12	166.253	1.35525e-17	7.58942e-17	1.35525e-17
9461	C	C	182.193	37	13	13	1.0842e-18	182.193	1.0842e-18	1.0842e-18
9462	T	T	178.278	37	14	14	0	6.50521e-18	0	178.278
9463	C	C	196.883	37	14	14	0	196.883	0	0
9464	A	A	184.897	37	13	13	184.897	5.42101e-19	5.42101e-19	5.42101e-19
9465	G	G	184.896	37	13	13	5.42101e-19	5.42101e-19	184.896	5.42101e-19
9466	G	G	184.896	37	13	13	5.42101e-19	5.42101e-19	184.896	5.42101e-19
9467	G	G	199.486	37	14	14	0	0	199.486	0
9468	C	C	183.374	37	14	13	0	183.374	0	2.1684e-18
9469	A	A	228.666	37	16	16	228.666	0	0	0
9470	A	A	228.666	37	16	16	228.666	0	0	0
9471	C	C	189.937	37	16	14	0	189.937	0	0
9472	A	A	247.228	37	18	18	247.228	0	0	0
9473	A	A	246.892	37	18	18	246.892	0	0	0
9474	G	G	255.095	37	18	18	0	0	255.095	0
9475	T	T	256.624	37	20	20	0	0	0	256.624
9476	A	A	247.611	37	18	18	247.611	0	0	0
9477	A	A	239.903	37	18	18	239.903	0	0	0
9478	T	T	247.228	37	18	18	0	0	0	247.228
9479	T	T	233.605	37	17	17	0	0	0	233.605
9480	A	A	222.704	37	17	17	222.704	0	0	0
9481	T	T	228.666	37	16	16	0	0	0	228.666
9482	T	T	228.161	37	17	17	0	0	0	228.161
9483	T	T	230.689	37	17	17	0	0	0	230.689
9484	C	C	241.694	37	17	17	0	241.694	0	0
9485	A	A	217.059	37	16	16	217.059	0	0	0
9486	A	A	214.84	37	16	16	214.84	0	0	0
9487	A	A	208.149	37	15	15	208.149	0	0	0
9488	C	C	199.486	37	14	14	0	199.486	0	0
9489	T	T	199.486	37	14	14	0	0	0	199.486
9490	G	G	213.314	37	15	15	0	0	213.314	0
9491	A	A	197.547	37	15	15	197.547	0	0	0
9492	C	C	213.295	37	15	15	0	213.295	0	0
9493	A	A	193.76	37	15	15	193.76	0	0	0
9494	T	T	195.926	37	14	14	0	0	0	195.926
9495	T	T	208.03	37	15	15	0	0	0	208.03
9496	G	G	184.895	37	13	13	5.42101e-19	5.42101e-19	184.895	5.42101e-19
9497	A	A	181.012	37	13	13	181.012	5.42101e-19	2.71051e-18	5.42101e-19
9498	A	A	180.753	37	13	13	180.753	5.42101e-19	2.71051e-18	5.42101e-19
9499	T	T	181.012	37	13	13	5.42101e-19	2.1684e-18	5.42101e-19	181.012
9500	A	A	173.487	37	13	13	173.487	5.42101e-19	1.84314e-17	5.42101e-19
9501	A	A	200.779	37	15	15	200.779	0	0	0
9502	C	C	197.522	37	14	14	0	197.522	0	0
9503	T	T	192.994	37	15	15	0	0	0	192.994
9504	A	A	189.085	37	14	14	189.085	0	5.42101e-19	0
9505	T	T	181.76	37	14	14	0	2.71051e-18	0	181.76
9506	T	T	195.343	37	14	14	0	0	0	195.343
9507	C	C	174.076	37	14	13	0	174.076	0	1.51788e-17
9508	A	A	178.85	37	13	13	178.85	5.42101e-19	4.87891e-18	5.42101e-19
9509	A	A	170.306	37	12	12	170.306	1.35525e-17	1.35525e-17	1.35525e-17
9510	A	A	170.306	37	12	12	170.306	1.35525e-17	1.35525e-17	1.35525e-17
9511	C	C	170.307	37	12	12	1.35525e-17	170.307	1.35525e-17	1.35525e-17
9512	C	C	167.463	37	12	12	2.92735e-17	167.463	2.38524e-17	2.49366e-17
9513	C	C	170.307	37	12	12	1.35525e-17	170.307	1.35525e-17	1.35525e-17
9514	T	T	178.969	37	13	13	5.42101e-19	4.33681e-18	5.42101e-19	178.969
9515	A	A	180.471	37	14	14	180.471	0	3.79471e-18	0
9516	A	A	176.819	37	14	14	176.819	0	9.21572e-18	0
9517	A	A	166.07	37	12	12	166.07	1.40946e-17	7.96889e-17	1.35525e-17
9518	G	G	183.832	37	13	13	5.42101e-19	5.42101e-19	183.832	5.42101e-19
9519	C	C	183.204	37	13	13	5.42101e-19	183.204	5.42101e-19	5.42101e-19
9520	T	T	165.909	37	12	12	1.35525e-17	8.34836e-17	1.35525e-17	165.909
9521	A	A	170.307	37	12	12	170.307	1.35525e-17	1.35525e-17	1.35525e-17
9522	A	A	170.307	37	12	12	170.307	1.35525e-17	1.35525e-17	1.35525e-17
9523	C	C	170.227	37	13	12	1.0842e-18	170.227	1.0842e-18	3.90313e-17
9524	T	T	180.211	37	13	13	5.42101e-19	3.25261e-18	5.42101e-19	180.211
9525	C	C	168.096	37	13	12	2.1684e-18	168.096	2.1684e-18	6.28837e-17
9526	T	T	180.753	37	13	13	5.42101e-19	2.71051e-18	5.42101e-19	180.753
9527	A	A	184.897	37	13	13	184.897	5.42101e-19	5.42101e-19	5.42101e-19
9528	A	A	181.336	37	13	13	181.336	5.42101e-19	2.1684e-18	5.42101e-19
9529	G	G	184.135	37	13	13	5.42101e-19	5.42101e-19	184.135	5.42101e-19
9530	T	T	184.897	37	13	13	5.42101e-19	5.42101e-19	5.42101e-19	184.897
9531	T	T	184.891	37	13	13	5.42101e-19	5.42101e-19	5.42101e-19	184.891
9532	T	T	198.841	37	15	15	0	0	0	198.841
9533	T	T	187.157	37	14	14	0	1.0842e-18	0	187.157
9534	A	A	173.315	37	14	14	173.315	0	2.00577e-17	0
9535	A	A	170.622	37	14	14	170.622	0	3.7405e-17	0
9536	G	G	156.767	37	13	12	8.54351e-16	3.03577e-17	156.767	3.03577e-17
9537	C	C	170.307	37	12	12	1.35525e-17	170.307	1.35525e-17	1.35525e-17
9538	T	T	164.26	37	12	12	1.35525e-17	1.35525e-16	1.35525e-17	164.26
9539	A	A	151.603	37	11	11	151.603	3.88144e-16	2.22641e-15	3.88144e-16
9540	G	G	169.248	37	12	12	1.73472e-17	1.73472e-17	169.248	1.73472e-17
9541	A	A	178.969	37	13	13	178.969	5.42101e-19	4.33681e-18	5.42101e-19
9542	C	C	151.039	37	12	11	1.10589e-16	151.039	1.10589e-16	3.19623e-15
9543	T	T	159.316	37	12	12	1.35525e-17	4.81386e-16	1.35525e-17	159.316
9544	A	A	166.193	37	12	12	166.193	1.35525e-17	7.75205e-17	1.35525e-17
9545	C	C	169.597	37	12	12	1.57209e-17	169.597	1.57209e-17	1.57209e-17
9546	T	T	178.969	37	13	13	5.42101e-19	4.33681e-18	5.42101e-19	178.969
9547	T	T	165.429	37	12	12	1.35525e-17	9.75782e-17	1.35525e-17	165.429
9548	C	C	166.138	37	13	12	3.25261e-18	166.138	3.25261e-18	9.86624e-17
9549	T	T	173.603	37	13	13	5.42101e-19	1.78893e-17	5.42101e-19	173.603
9550	C	C	168.83	37	12	12	1.89735e-17	168.83	1.89735e-17	1.89735e-17
9551	A	A	166.746	37	12	12	166.746	1.35525e-17	6.50521e-17	1.35525e-17
9552	G	G	168.928	37	12	12	1.84314e-17	1.84314e-17	168.928	1.84314e-17
9553	T	T	178.85	37	13	13	0	4.33681e-18	0	178.85
9554	A	A	173.289	37	13	13	173.289	5.42101e-19	1.95156e-17	5.42101e-19
9555	A	A	163.895	37	13	13	163.895	5.42101e-19	1.76183e-16	5.42101e-19
9556	T	T	172.003	37	13	13	5.42101e-19	2.6563e-17	5.42101e-19	172.003
9557	T	T	158.997	37	12	12	1.35525e-17	5.19875e-16	1.35525e-17	158.997
9558	T	T	176.595	37	14	14	0	9.75782e-18	0	176.595
9559	G	G	197.841	37	14	14	0	0	197.841	0
9560	T	T	166.999	37	13	13	5.42101e-19	8.5652e-17	5.42101e-19	166.999
9561	A	A	181.336	37	13	13	181.336	5.42101e-19	2.1684e-18	5.42101e-19
9562	T	T	179.79	37	14	14	0	4.33681e-18	0	179.79
9563	G	G	212.678	37	15	15	0	0	212.678	0
9564	C	C	212.313	37	15	15	0	212.313	0	0
9565	C	C	187.755	37	15	14	0	187.755	0	0
9566	A	A	194.609	37	14	14	194.609	0	0	0
9567	G	G	197.913	37	14	14	0	0	197.913	0
9568	T	T	184.897	37	13	13	5.42101e-19	5.42101e-19	5.42101e-19	184.897
9569	A	A	180.843	37	13	13	180.843	5.42101e-19	2.71051e-18	5.42101e-19
9570	G	G	184.115	37	13	13	5.42101e-19	5.42101e-19	184.115	5.42101e-19
9571	C	C	197.842	37	14	14	0	197.842	0	0
9572	C	C	198.504	37	14	14	0	198.504	0	0
9573	C	C	184.037	37	13	13	5.42101e-19	184.037	5.42101e-19	5.42101e-19
9574	T	T	180.753	37	13	13	5.42101e-19	2.71051e-18	5.42101e-19	180.753
9575	C	C	197.117	37	14	14	0	197.117	0	0
9576	T	T	194.801	37	14	14	0	0	0	194.801
9577	T	T	200.779	37	15	15	0	0	0	200.779
9578	C	C	212.303	37	15	15	0	212.303	0	0
9579	G	G	214.076	37	15	15	0	0	214.076	0
9580	T	T	209.933	37	15	15	0	0	0	209.933
9581	C	C	213.366	37	15	15	0	213.366	0	0
9582	A	A	196.433	37	15	15	196.433	0	0	0
9583	C	C	214.076	37	15	15	0	214.076	0	0
9584	A	A	192.452	37	15	15	192.452	0	0	0
9585	T	T	199.486	37	14	14	0	0	0	199.486
9586	G	G	196.463	37	14	14	0	0	196.463	0
9587	A	A	174.316	37	13	13	174.316	5.42101e-19	1.51788e-17	5.42101e-19
9588	T	T	186.616	37	14	14	0	1.0842e-18	0	186.616
9589	C	C	197.666	37	14	14	0	197.666	0	0
9590	G	G	182.542	37	13	13	1.0842e-18	1.0842e-18	182.542	5.42101e-19
9591	A	A	194.609	37	14	14	194.609	0	0	0
9592	T	T	180.716	37	14	14	0	3.79471e-18	0	180.716
9593	C	C	167.237	37	13	12	2.1684e-18	167.237	2.1684e-18	7.69784e-17
9594	A	A	180.753	37	13	13	180.753	5.42101e-19	2.71051e-18	5.42101e-19
9595	T	T	174.824	37	13	13	0	1.30104e-17	0	174.824
9596	G	G	183.152	37	13	13	1.0842e-18	1.0842e-18	183.152	5.42101e-19
9597	G	G	184.036	37	14	13	2.1684e-18	1.0842e-18	184.036	0
9598	A	A	173.586	37	13	13	173.586	5.42101e-19	1.78893e-17	5.42101e-19
9599	G	G	169.293	37	13	12	4.77049e-17	2.1684e-18	169.293	2.1684e-18
9600	T	T	166.163	37	12	12	1.35525e-17	7.80626e-17	1.35525e-17	166.163
9601	T	T	166.422	37	12	12	1.35525e-17	7.20994e-17	1.35525e-17	166.422
9602	T	T	170.307	37	12	12	1.35525e-17	1.35525e-17	1.35525e-17	170.307
9603	T	T	164.38	37	12	12	1.35525e-17	1.31188e-16	1.35525e-17	164.38
9604	C	C	169.248	37	12	12	1.73472e-17	169.248	1.73472e-17	1.73472e-17
9605	C	C	148.915	37	13	11	6.50521e-18	148.915	6.50521e-18	5.56196e-15
9606	A	A	180.019	37	13	13	180.019	5.42101e-19	3.25261e-18	5.42101e-19
9607	T	T	174.662	37	13	13	0	1.35525e-17	0	174.662
9608	T	T	166.163	37	12	12	1.35525e-17	7.80626e-17	1.35525e-17	166.163
9609	T	T	166.422	37	12	12	1.35525e-17	7.20994e-17	1.35525e-17	166.422
9610	G	G	144.198	37	13	11	1.64777e-14	1.95156e-17	144.198	1.95156e-17
9611	A	A	147.754	37	13	13	147.754	5.42101e-19	7.28367e-15	5.42101e-19
9612	T	T	151.368	37	11	11	3.88144e-16	2.39311e-15	3.88144e-16	151.368
9613	A	A	133.111	37	11	11	133.111	3.88144e-16	2.11417e-13	3.88144e-16
9614	T	T	122.652	37	9	9	3.21315e-13	1.71542e-12	3.21331e-13	122.652
9615	A	A	113.644	37	9	9	113.644	3.21345e-13	1.81253e-11	3.21322e-13
9616	T	T	111.947	37	8	8	9.24518e-12	9.2453e-12	9.24561e-12	111.947
9617	A	A	107.262	37	8	8	107.262	9.24562e-12	6.30923e-11	9.24518e-12
9618	C	C	111.947	37	8	8	9.24549e-12	111.947	9.24513e-12	9.24529e-12
9619	A	A	97.357	37	7	7	97.357	2.66064e-10	2.66047e-10	2.66034e-10
9620	C	C	85.6023	37	8	7	3.88501e-10	85.6023	3.88492e-10	1.11781e-08
9621	A	A	111.947	37	8	8	111.947	9.2456e-12	9.24534e-12	9.24516e-12
9622	C	C	111.088	37	8	8	1.12685e-11	111.088	1.12681e-11	1.12683e-11
9623	T	T	113.505	37	9	9	3.21315e-13	1.87321e-11	3.21331e-13	113.505
9624	G	G	126.376	37	9	9	3.34063e-13	3.29757e-13	126.376	3.36682e-13
9625	A	A	122.976	37	9	9	122.976	3.21332e-13	1.54582e-12	3.21315e-13
9626	T	T	128.234	37	10	10	1.11673e-14	6.29918e-13	1.11678e-14	128.234
9627	C	C	124.304	37	10	9	5.23821e-14	124.304	5.238e-14	1.50714e-12
9628	T	T	137.013	37	10	10	1.11673e-14	6.4059e-14	1.11678e-14	137.013
9629	C	C	153.382	37	11	11	6.64616e-16	153.382	6.64616e-16	6.64616e-16
9630	A	A	141.127	37	10	10	141.127	1.11678e-14	1.11676e-14	1.11673e-14
9631	T	T	137.013	37	10	10	1.11673e-14	6.40593e-14	1.11678e-14	137.013
9632	C	C	140.365	37	10	10	1.33086e-14	140.365	1.3308e-14	1.33086e-14
9633	A	A	155.683	37	11	11	155.683	3.9221e-16	3.90855e-16	3.90584e-16
9634	T	T	150.839	37	11	11	3.87873e-16	2.80348e-15	3.88144e-16	150.839
9635	C	C	154.936	37	11	11	4.64581e-16	154.936	4.64581e-16	4.64581e-16
9636	A	A	174.316	37	13	13	174.316	5.42101e-19	1.51788e-17	5.42101e-19
9637	A	A	187.879	37	14	14	187.879	0	5.42101e-19	0
9638	C	C	196.864	37	14	14	0	196.864	0	0
9639	C	C	195.43	37	14	14	0	195.43	0	0
9640	A	A	174.609	37	13	13	174.609	5.42101e-19	1.40946e-17	5.42101e-19
9641	T	T	174.237	37	13	13	5.42101e-19	1.51788e-17	5.42101e-19	174.237
9642	T	T	180.753	37	13	13	5.42101e-19	2.71051e-18	5.42101e-19	180.753
9643	T	T	181.012	37	13	13	5.42101e-19	2.1684e-18	5.42101e-19	181.012
9644	C	C	170.307	37	12	12	1.35525e-17	170.307	1.35525e-17	1.35525e-17
9645	T	T	164.38	37	12	12	1.35525e-17	1.31188e-16	1.35525e-17	164.38
9646	T	T	171.071	37	13	13	5.42101e-19	3.30682e-17	5.42101e-19	171.071
9647	C	C	132.882	37	12	10	2.69966e-16	132.882	2.69966e-16	2.23122e-13
9648	A	A	184.897	37	13	13	184.897	5.42101e-19	5.42101e-19	5.42101e-19
9649	A	A	195.601	37	14	14	195.601	0	0	0
9650	A	A	195.343	37	14	14	195.343	0	0	0
9651	T	T	188.61	37	14	14	0	5.42101e-19	0	188.61
9652	A	A	194.801	37	14	14	194.801	0	0	0
9653	C	C	198.756	37	14	14	0	198.756	0	0
9654	C	C	184.897	37	13	13	5.42101e-19	184.897	5.42101e-19	5.42101e-19
9655	T	T	184.897	37	13	13	5.42101e-19	5.42101e-19	5.42101e-19	184.897
9656	A	A	180.782	37	13	13	180.782	5.42101e-19	2.71051e-18	5.42101e-19
9657	C	C	184.897	37	13	13	5.42101e-19	184.897	5.42101e-19	5.42101e-19
9658	T	T	184.897	37	13	13	5.42101e-19	5.42101e-19	5.42101e-19	184.897
9659	C	C	170.307	37	12	12	1.35525e-17	170.307	1.35525e-17	1.35525e-17
9660	A	A	165.429	37	12	12	165.429	1.35525e-17	9.75782e-17	1.35525e-17
9661	T	T	170.307	37	12	12	1.35525e-17	1.35525e-17	1.35525e-17	170.307
9662	A	A	146.484	37	11	11	146.484	3.88144e-16	8.98289e-15	3.88144e-16
9663	T	T	155.717	37	11	11	3.88144e-16	3.88144e-16	3.88144e-16	155.717
9664	T	T	155.717	37	11	11	3.88144e-16	3.88144e-16	3.88144e-16	155.717
9665	C	C	155.717	37	11	11	3.88144e-16	155.717	3.88144e-16	3.88144e-16
9666	C	C	155.716	37	11	11	3.88144e-16	155.716	3.88144e-16	3.88144e-16
9667	T	T	126.537	37	9	9	3.21315e-13	3.21321e-13	3.21332e-13	126.537
9668	T	T	140.622	37	11	11	3.88144e-16	3.68564e-14	3.88144e-16	140.622
9669	A	A	136.121	37	11	11	136.121	3.88144e-16	1.05322e-13	3.88144e-16
9670	T	T	135.401	37	11	11	3.87873e-16	1.24452e-13	3.88144e-16	135.401
9671	C	C	136.7	37	11	10	3.01733e-15	136.7	3.01733e-15	8.68077e-14
9672	A	A	156.342	37	12	12	156.342	1.35525e-17	9.81203e-16	1.35525e-17
9673	A	A	143.162	37	11	11	143.162	3.88144e-16	2.01916e-14	3.88144e-16
9674	T	T	131.185	37	10	10	1.11681e-14	3.08212e-13	1.11695e-14	131.185
9675	A	A	136.778	37	10	10	136.778	1.11678e-14	6.88547e-14	1.11673e-14
9676	T	T	137.566	37	10	10	1.11673e-14	5.37252e-14	1.11678e-14	137.566
9677	A	A	128.434	37	10	10	128.434	1.11678e-14	6.00448e-13	1.11673e-14
9678	A	A	122.394	37	9	9	122.394	3.21331e-13	1.85993e-12	3.21315e-13
9679	T	T	126.537	37	9	9	3.21315e-13	3.21323e-13	3.21332e-13	126.537
9680	A	A	121.852	37	9	9	121.852	3.21331e-13	2.19274e-12	3.21315e-13
9681	A	A	120.491	37	9	9	120.491	3.21331e-13	3.23612e-12	3.21315e-13
9682	T	T	111.947	37	8	8	9.24516e-12	9.24536e-12	9.2456e-12	111.947
9683	T	T	120.491	37	9	9	3.21315e-13	3.23616e-12	3.21332e-13	120.491
9684	C	C	125.555	37	9	9	4.02885e-13	125.555	4.02863e-13	4.02876e-13
9685	T	T	127.968	37	10	10	1.11684e-14	6.71065e-13	1.117e-14	127.968
9686	A	A	136.778	37	10	10	136.778	1.11678e-14	6.8855e-14	1.11673e-14
9687	T	T	130.763	37	10	10	1.11673e-14	3.41995e-13	1.11681e-14	130.763
9688	T	T	137.074	37	10	10	1.11673e-14	6.28601e-14	1.11678e-14	137.074
9689	G	G	125.756	37	9	9	3.84632e-13	3.84626e-13	125.756	3.84641e-13
9690	A	A	121.659	37	9	9	121.659	3.21389e-13	2.32133e-12	3.21349e-13
9691	C	C	126.537	37	9	9	3.21333e-13	126.537	3.21315e-13	3.21326e-13
9692	C	C	111.947	37	8	8	9.24568e-12	111.947	9.2452e-12	9.24549e-12
9693	G	G	111.947	37	8	8	9.24521e-12	9.2451e-12	111.947	9.2454e-12
9694	C	C	111.947	37	8	8	9.24566e-12	111.947	9.24519e-12	9.24547e-12
9695	A	A	126.537	37	9	9	126.537	3.21331e-13	3.21318e-13	3.21315e-13
9696	A	A	126.537	37	9	9	126.537	3.21331e-13	3.21318e-13	3.21315e-13
9697	A	A	141.127	37	10	10	141.127	1.11678e-14	1.11673e-14	1.11673e-14
9698	T	T	129.598	37	10	10	1.11673e-14	4.54073e-13	1.11681e-14	129.598
9699	A	A	141.127	37	10	10	141.127	1.11678e-14	1.11673e-14	1.11673e-14
9700	A	A	137.242	37	10	10	137.242	1.11678e-14	5.96192e-14	1.11673e-14
9701	T	T	137.566	37	10	10	1.11673e-14	5.37252e-14	1.11678e-14	137.566
9702	C	C	141.126	37	10	10	1.117e-14	141.126	1.11684e-14	1.11695e-14
9703	T	T	141.127	37	10	10	1.1167e-14	1.11676e-14	1.11678e-14	141.127
9704	A	A	135.081	37	10	10	135.081	1.11686e-14	1.12476e-13	1.11678e-14
9705	C	C	126.537	37	9	9	3.21334e-13	126.537	3.21316e-13	3.21327e-13
9706	T	T	126.537	37	9	9	3.21315e-13	3.21323e-13	3.21332e-13	126.537
9707	T	T	126.537	37	9	9	3.21315e-13	3.21323e-13	3.21332e-13	126.537
9708	C	C	126.458	37	10	9	3.19054e-14	126.458	3.19037e-14	9.17996e-13
9709	A	A	121.997	37	10	10	121.997	1.11678e-14	2.71988e-12	1.11673e-14
9710	A	A	119.607	37	10	10	119.607	1.11678e-14	4.73236e-12	1.11673e-14
9711	C	C	125.747	37	9	9	3.85486e-13	125.747	3.85465e-13	3.85477e-13
9712	T	T	108.062	37	8	8	9.24516e-12	4.93579e-11	9.2456e-12	108.062
9713	A	A	93.2143	37	7	7	93.2143	2.66022e-10	1.5398e-09	2.66011e-10
9714	T	T	97.3576	37	7	7	2.6601e-10	2.66014e-10	2.66021e-10	97.3576
9715	T	T	97.3576	37	7	7	2.6601e-10	2.66014e-10	2.66021e-10	97.3576
9716	C	C	97.3576	37	7	7	2.66021e-10	97.3576	2.6601e-10	2.66016e-10
9717	A	A	82.7677	37	6	6	82.7677	7.65417e-09	7.65397e-09	7.6539e-09
9718	T	T	82.7677	37	6	6	7.65389e-09	7.65399e-09	7.65415e-09	82.7677
9719	C	C	82.7677	37	6	6	7.65415e-09	82.7677	7.65389e-09	7.65403e-09
9720	G	G	81.1178	37	6	6	1.11913e-08	1.11911e-08	81.1178	1.11914e-08
9721	G	G	43.4727	37	6	4	0.000194749	2.35233e-07	43.4727	2.35235e-07
9722	C	C	82.7677	37	6	6	7.65415e-09	82.7677	7.65389e-09	7.65403e-09
9723	T	T	68.1778	37	5	5	2.20228e-07	2.20232e-07	2.20237e-07	68.1778
9724	G	G	37.4626	37	4	3	0.000728401	2.53032e-05	37.4626	2.53405e-05
9725	A	A	47.661	37	4	4	47.661	6.33654e-06	6.17473e-05	6.3364e-06
9726	G	G	38.9988	37	3	3	0.000182301	0.0001823	38.9988	0.000182303
9727	A	A	53.5881	37	4	4	53.5881	6.33662e-06	6.33652e-06	6.33648e-06
9728	A	A	53.5544	37	4	4	53.5544	6.40299e-06	6.37957e-06	6.37515e-06
9729	G	G	28.8934	37	4	3	0.00524227	0.000182088	28.8934	0.00018209
9730	G	G	53.5881	37	4	4	6.33654e-06	6.33647e-06	53.5881	6.3366e-06
9731	A	A	53.5881	37	4	4	53.5881	6.33662e-06	6.33652e-06	6.33648e-06
9732	G	G	53.588	37	4	4	6.33664e-06	6.33656e-06	53.588	6.33675e-06
9733	T	T	53.5881	37	4	4	6.33648e-06	6.33652e-06	6.33662e-06	53.5881
9734	A	A	49.4449	37	4	4	49.4449	6.33658e-06	3.66784e-05	6.33643e-06
9735	G	G	36.7885	37	4	3	0.000850726	2.9564e-05	36.7885	2.95643e-05
9736	G	G	67.1957	37	5	5	2.76119e-07	2.76116e-07	67.1957	2.76122e-07
9737	G	G	52.8915	37	5	4	2.08665e-05	7.25207e-07	52.8915	7.25218e-07
9738	A	A	49.5348	37	4	4	49.5348	6.33658e-06	3.5667e-05	6.33643e-06
9739	T	T	60.2432	37	6	6	7.65388e-09	4.09113e-06	7.65415e-09	60.2432
9740	C	C	77.9958	37	7	6	2.23894e-09	77.9958	2.23887e-09	6.44197e-08
9741	A	A	91.4304	37	7	7	91.4304	2.66021e-10	2.59222e-09	2.6601e-10
9742	T	T	64.8968	37	6	6	7.65388e-09	1.39107e-06	7.65416e-09	64.8968
9743	A	A	78.8828	37	6	6	78.8828	7.65414e-09	4.08619e-08	7.65388e-09
9744	T	T	79.207	37	6	6	7.65389e-09	3.6822e-08	7.65416e-09	79.207
9745	C	C	82.7677	37	6	6	7.65419e-09	82.7677	7.6539e-09	7.65407e-09
9746	T	T	82.7677	37	6	6	7.65389e-09	7.654e-09	7.65416e-09	82.7677
9747	T	T	91.4304	37	7	7	2.6601e-10	2.59224e-09	2.66021e-10	91.4304
9748	T	T	77.89	37	6	6	7.65389e-09	5.52889e-08	7.65416e-09	77.89
9749	C	C	81.9866	37	6	6	9.16239e-09	81.9866	9.16204e-09	9.16225e-09
9750	C	C	82.006	37	6	6	9.12165e-09	82.006	9.1213e-09	9.1215e-09
9751	T	T	79.207	37	6	6	7.65389e-09	3.6822e-08	7.65416e-09	79.207
9752	C	C	82.7677	37	6	6	7.65419e-09	82.7677	7.6539e-09	7.65407e-09
9753	C	C	82.7677	37	6	6	7.65419e-09	82.7677	7.6539e-09	7.65407e-09
9754	T	T	82.7677	37	6	6	7.65389e-09	7.654e-09	7.65416e-09	82.7677
9755	T	T	82.7677	37	6	6	7.65389e-09	7.654e-09	7.65416e-09	82.7677
9756	A	A	68.1779	37	5	5	68.1779	2.2023e-07	2.20225e-07	2.20224e-07
9757	A	A	82.7678	37	6	6	82.7678	7.65414e-09	7.65394e-09	7.65388e-09
9758	C	C	81.7855	37	6	6	9.59677e-09	81.7855	9.59641e-09	9.59662e-09
9759	G	G	111.157	37	8	8	1.1091e-11	1.10909e-11	111.157	1.10912e-11
9760	G	G	111.088	37	8	8	1.12682e-11	1.12681e-11	111.088	1.12685e-11
9761	A	A	107.262	37	8	8	107.262	9.24557e-12	6.30916e-11	9.24516e-12
9762	T	T	101.444	37	8	8	9.24516e-12	2.92926e-10	9.2456e-12	101.444
9763	G	G	71.9475	37	7	6	2.5933e-07	9.01296e-09	71.9475	9.01313e-09
9764	G	G	95.8572	37	7	7	3.75785e-10	3.75781e-10	95.8572	3.75792e-10
9765	T	T	105.901	37	8	8	9.24516e-12	9.31135e-11	9.2456e-12	105.901
9766	G	G	74.5892	37	8	6	1.50597e-07	1.81907e-10	74.5892	1.8191e-10
9767	G	G	108.61	37	8	8	1.99349e-11	1.99346e-11	108.61	1.99353e-11
9768	T	T	93.2143	37	7	7	2.6601e-10	1.53981e-09	2.66021e-10	93.2143
9769	A	A	78.37	37	6	6	78.37	7.97433e-09	4.73954e-08	7.84049e-09
9770	C	C	82.7676	37	6	6	7.6544e-09	82.7676	7.65402e-09	7.65424e-09
9771	G	G	82.6882	37	7	6	2.18666e-08	7.59965e-10	82.6882	7.59984e-10
9772	A	A	78.8828	37	6	6	78.8828	7.65415e-09	4.08621e-08	7.65388e-09
9773	T	T	78.4188	37	6	6	7.6542e-09	4.71942e-08	7.65469e-09	78.4188
9774	C	C	81.9772	37	6	6	9.18224e-09	81.9772	9.18195e-09	9.1821e-09
9775	G	G	96.3753	37	7	7	3.33528e-10	3.33522e-10	96.3753	3.33534e-10
9776	A	A	91.3112	37	7	7	91.3112	2.66021e-10	2.67913e-09	2.6601e-10
9777	G	G	97.3576	37	7	7	2.66015e-10	2.6601e-10	97.3576	2.6602e-10
9778	C	C	80.4543	37	7	6	1.27115e-09	80.4543	1.27112e-09	3.6574e-08
9779	A	A	97.0946	37	7	7	97.0946	2.8834e-10	2.80498e-10	2.79016e-10
9780	G	G	97.3576	37	7	7	2.66015e-10	2.6601e-10	97.3576	2.6602e-10
9781	A	A	111.947	32.4422	8	8	111.947	9.24559e-12	9.2453e-12	9.24516e-12
9782	C	C	95.8346	32.4422	8	7	3.68266e-11	95.8346	3.68255e-11	1.05959e-09
9783	G	G	111.238	32.4422	8	8	1.0887e-11	1.08868e-11	111.238	1.08873e-11
9784	C	C	107.768	32.7677	9	8	2.3597e-12	107.768	2.35961e-12	6.78939e-11
9785	C	C	124.862	32.7677	9	9	4.72611e-13	124.862	4.72588e-13	4.726e-13
9786	A	A	136.442	33.0469	10	10	136.442	1.11678e-14	7.62094e-14	1.11673e-14
9787	A	A	135.081	33.0469	10	10	135.081	1.11678e-14	1.12472e-13	1.11673e-14
9788	T	T	116.596	32.7677	9	9	3.21315e-13	8.86717e-12	3.21332e-13	116.596
9789	A	A	126.537	32.7677	9	9	126.537	3.21331e-13	3.2132e-13	3.21315e-13
9790	C	C	125.92	32.7677	9	9	3.70386e-13	125.92	3.70368e-13	3.70377e-13
9791	A	A	137.074	33.0469	10	10	137.074	1.11678e-14	6.28596e-14	1.11673e-14
9792	G	G	140.346	33.0469	10	10	1.33677e-14	1.33671e-14	140.346	1.33682e-14
9793	C	C	140.346	33.0469	10	10	1.33688e-14	140.346	1.33677e-14	1.33682e-14
9794	C	C	140.365	33.0469	10	10	1.33091e-14	140.365	1.3308e-14	1.33086e-14
9795	G	G	125.827	32.7677	9	9	3.78375e-13	3.78368e-13	125.827	3.78384e-13
9796	C	C	126.537	32.7677	9	9	3.21332e-13	126.537	3.21315e-13	3.21324e-13
9797	T	T	135.2	33.0469	10	10	1.11673e-14	1.08825e-13	1.11681e-14	135.2
9798	C	C	137.959	33.2895	11	10	2.25839e-15	137.959	2.25731e-15	6.49643e-14
9799	T	T	144.345	33.2895	11	11	3.88144e-16	1.51935e-14	3.88144e-16	144.345
9800	A	A	141.127	37	10	10	141.127	1.11678e-14	1.11676e-14	1.11673e-14
9801	C	C	139.709	37	10	10	1.54889e-14	139.709	1.54672e-14	1.54808e-14
9802	A	A	141.127	37	10	10	141.127	1.11678e-14	1.11676e-14	1.11673e-14
9803	A	A	137.242	37	10	10	137.242	1.11678e-14	5.96195e-14	1.11673e-14
9804	G	G	154.926	37	11	11	4.65665e-16	4.65665e-16	154.926	4.65665e-16
9805	C	C	139.357	37	11	10	1.63606e-15	139.357	1.63606e-15	4.70858e-14
9806	A	A	151.031	37	11	11	151.031	3.88144e-16	2.64871e-15	3.88144e-16
9807	G	G	154.072	37	11	11	5.66496e-16	5.66496e-16	154.072	5.67038e-16
9808	T	T	137.242	37	10	10	1.11673e-14	5.96197e-14	1.11681e-14	137.242
9809	C	C	141.047	33.2895	11	10	1.10914e-15	141.047	1.1086e-15	3.19054e-14
9810	C	C	154.735	33.2895	11	11	4.86807e-16	154.735	4.86807e-16	4.86807e-16
9811	T	T	151.366	33.2895	11	11	3.88415e-16	2.39419e-15	3.88415e-16	151.366
9812	A	A	155.717	33.2895	11	11	155.717	3.88144e-16	3.88144e-16	3.88144e-16
9813	T	T	157.752	33.5025	12	12	1.35525e-17	7.01479e-16	1.35525e-17	157.752
9814	A	A	160.012	33.5025	12	12	160.012	1.35525e-17	4.06034e-16	1.35525e-17
9815	A	A	159.612	33.5025	12	12	159.612	1.35525e-17	4.47775e-16	1.35525e-17
9816	A	A	187.58	33.86	14	14	187.58	0	5.42101e-19	0
9817	T	T	180.471	33.86	14	14	0	3.79471e-18	0	180.471
9818	T	T	173.943	33.6913	13	13	5.42101e-19	1.6263e-17	5.42101e-19	173.943
9819	C	C	168.754	33.5025	12	12	1.95156e-17	168.754	1.95156e-17	1.95156e-17
9820	G	G	170.307	33.5025	12	12	1.35525e-17	1.35525e-17	170.307	1.35525e-17
9821	C	C	170.307	33.5025	12	12	1.35525e-17	170.307	1.35525e-17	1.35525e-17
9822	A	A	170.307	33.5025	12	12	170.307	1.35525e-17	1.35525e-17	1.35525e-17
9823	T	T	170.307	33.5025	12	12	1.35525e-17	1.35525e-17	1.35525e-17	170.307
9824	C	C	170.307	33.5025	12	12	1.35525e-17	170.307	1.35525e-17	1.35525e-17
9825	G	G	168.806	33.5025	12	12	1.89735e-17	1.89735e-17	168.806	1.89735e-17
9826	G	G	114.575	33.6913	13	10	1.51441e-11	6.35342e-16	114.575	6.35342e-16
9827	A	A	158.291	33.6913	13	13	158.291	5.42101e-19	6.42932e-16	5.42101e-19
9828	G	G	193.158	34.0116	15	14	0	0	193.158	0
9829	A	A	162.85	33.86	14	14	162.85	0	2.25514e-16	0
9830	T	T	167.309	33.6913	13	13	5.42101e-19	7.96889e-17	5.42101e-19	167.309
9831	G	G	153.953	37	11	11	5.82217e-16	5.82217e-16	153.953	5.82759e-16
9832	T	T	146.066	37	11	11	3.88144e-16	9.96843e-15	3.88144e-16	146.066
9833	A	A	142.941	37	11	11	142.941	3.88144e-16	2.12891e-14	3.88144e-16
9834	G	G	140.346	37	10	10	1.33682e-14	1.33677e-14	140.346	1.33682e-14
9835	G	G	125.014	37	10	9	1.27989e-12	4.44826e-14	125.014	4.44837e-14
9836	C	C	153.31	37	11	11	6.75458e-16	153.31	6.75458e-16	6.75458e-16
9837	T	T	130.479	37	10	10	1.11673e-14	3.6663e-13	1.11678e-14	130.479
9838	T	T	142.42	37	11	11	3.88144e-16	2.41015e-14	3.88144e-16	142.42
9839	T	T	144.307	37	11	11	3.88144e-16	1.53314e-14	3.88144e-16	144.307
9840	A	A	155.717	37	11	11	155.717	3.88144e-16	3.88144e-16	3.88144e-16
9841	T	T	151.574	37	11	11	3.88144e-16	2.24674e-15	3.88144e-16	151.574
9842	C	C	138.291	37	11	10	2.09143e-15	138.291	2.09143e-15	6.01873e-14
9843	A	A	145.43	37	11	11	145.43	3.88144e-16	1.16633e-14	3.88144e-16
9844	T	T	155.715	37	11	11	3.88144e-16	3.88144e-16	3.88144e-16	155.715
9845	A	A	143.81	37	11	11	143.81	3.88144e-16	1.72865e-14	3.88144e-16
9846	G	G	137.784	37	11	10	6.76455e-14	2.35163e-15	137.784	2.35055e-15
9847	C	C	141.047	37	11	10	1.1086e-15	141.047	1.1086e-15	3.19043e-14
9848	C	C	140.065	37	11	10	1.38995e-15	140.065	1.38995e-15	4.00016e-14
9849	A	A	155.715	37	11	11	155.715	3.88415e-16	3.88144e-16	3.88144e-16
9850	T	T	144.726	37	11	11	3.88144e-16	1.3852e-14	3.88144e-16	144.726
9851	A	A	170.307	37	12	12	170.307	1.35525e-17	1.35525e-17	1.35525e-17
9852	G	G	170.307	37	12	12	1.35525e-17	1.35525e-17	170.307	1.35525e-17
9853	C	C	169.447	37	12	12	1.6263e-17	169.447	1.6263e-17	1.6263e-17
9854	C	C	195.478	37	14	14	0	195.478	0	0
9855	T	T	184.754	37	15	15	0	1.6263e-18	0	184.754
9856	G	G	214.076	37	15	15	0	0	214.076	0
9857	A	A	214.076	37	15	15	214.076	0	0	0
9858	T	T	197.187	37	15	15	0	0	0	197.187
9859	T	T	210.515	37	15	15	0	0	0	210.515
9860	T	T	214.076	37	15	15	0	0	0	214.076
9861	T	T	222.62	37	16	16	0	0	0	222.62
9862	T	T	223.981	37	16	16	0	0	0	223.981
9863	A	A	210.37	37	15	15	210.37	0	0	0
9864	C	C	210.018	37	16	15	0	210.018	0	0
9865	T	T	217.356	37	16	16	0	0	0	217.356
9866	C	C	253.918	37	18	18	0	253.918	0	0
9867	A	A	237.53	37	18	18	237.53	0	0	0
9868	A	A	230.689	37	17	17	230.689	0	0	0
9869	T	T	232.753	37	17	17	0	0	0	232.753
9870	A	A	210.023	37	15	15	210.023	0	0	0
9871	C	C	214.076	37	15	15	0	214.076	0	0
9872	T	T	214.076	37	15	15	0	0	0	214.076
9873	A	A	201.522	37	15	15	201.522	0	0	0
9874	A	A	195.343	37	14	14	195.343	0	0	0
9875	T	T	199.486	37	14	14	0	0	0	199.486
9876	G	G	197.004	37	14	14	0	0	197.004	0
9877	C	C	199.486	37	14	14	0	199.486	0	0
9878	A	A	159.093	37	13	13	159.093	5.42101e-19	5.3397e-16	5.42101e-19
9879	T	T	184.897	37	13	13	5.42101e-19	5.42101e-19	5.42101e-19	184.897
9880	G	G	166.112	37	12	12	3.57787e-17	3.57787e-17	166.112	3.52366e-17
9881	A	A	132.585	37	11	11	132.585	2.83085e-15	2.34904e-13	1.76671e-15
9882	G	G	110.53	37	11	9	3.8351e-11	4.63236e-14	110.53	4.63258e-14
9883	A	A	129.833	37	10	10	129.833	1.11678e-14	4.28968e-13	1.11673e-14
9884	C	C	140.268	37	10	10	1.36116e-14	140.268	1.36111e-14	1.36111e-14
9885	T	T	122.394	37	9	9	3.21315e-13	1.85994e-12	3.21331e-13	122.394
9886	T	T	128.434	37	10	10	1.11673e-14	6.00452e-13	1.11681e-14	128.434
9887	C	C	125.555	37	9	9	4.02912e-13	125.555	4.02879e-13	4.02897e-13
9888	C	C	125.678	37	9	9	3.91643e-13	125.678	3.91624e-13	3.91633e-13
9889	A	A	121.659	37	9	9	121.659	3.21332e-13	2.32107e-12	3.21315e-13
9890	T	T	122.652	37	9	9	3.21315e-13	1.71542e-12	3.21331e-13	122.652
9891	C	C	111.947	37	8	8	9.24553e-12	111.947	9.24514e-12	9.24534e-12
9892	A	A	107.894	37	8	8	107.894	9.24559e-12	5.20401e-11	9.24516e-12
9893	A	A	107.833	37	8	8	107.833	9.24586e-12	5.30345e-11	9.24532e-12
9894	A	A	101.066	37	8	8	101.066	9.24559e-12	3.21284e-10	9.24516e-12
9895	T	T	120.491	37	9	9	3.21316e-13	3.23615e-12	3.21333e-13	120.491
9896	C	C	110.742	37	9	8	1.18956e-12	110.742	1.18952e-12	3.42265e-11
9897	T	T	114.63	37	9	9	3.21344e-13	1.43128e-11	3.21383e-13	114.63
9898	T	T	115.843	37	9	9	3.21315e-13	1.06691e-11	3.21332e-13	115.843
9899	T	T	111.341	37	10	10	1.11673e-14	3.18674e-11	1.11678e-14	111.341
9900	T	T	121.867	37	10	10	1.11673e-14	2.80334e-12	1.11681e-14	121.867
9901	C	C	139.565	37	10	10	1.60028e-14	139.565	1.60017e-14	1.60023e-14
9902	A	A	137.224	37	10	10	137.224	1.12294e-14	5.98729e-14	1.1202e-14
9903	A	A	136.984	37	10	10	136.984	1.11678e-14	6.4642e-14	1.11673e-14
9904	T	T	136.778	37	10	10	1.11673e-14	6.88555e-14	1.11678e-14	136.778
9905	T	T	136.984	37	10	10	1.11676e-14	6.46439e-14	1.11684e-14	136.984
9906	G	G	139.482	37	10	10	1.63097e-14	1.63091e-14	139.482	1.63097e-14
9907	A	A	126.537	37	9	9	126.537	3.21331e-13	3.2132e-13	3.21315e-13
9908	A	A	141.127	37	10	10	141.127	1.11686e-14	1.11681e-14	1.11678e-14
9909	C	C	140.145	37	10	10	1.40019e-14	140.145	1.40014e-14	1.40019e-14
9910	A	A	159.804	37	12	12	159.804	1.35525e-17	4.27176e-16	1.35525e-17
9911	T	T	150.739	37	12	12	1.35525e-17	3.63641e-15	1.35525e-17	150.739
9912	G	G	168.19	37	12	12	2.1684e-17	2.1684e-17	168.19	2.22261e-17
9913	A	A	148.011	37	12	12	148.011	1.35525e-17	6.83861e-15	1.35525e-17
9914	A	A	136.984	37	10	10	136.984	1.11678e-14	6.46423e-14	1.11673e-14
9915	A	A	151.368	37	11	11	151.368	3.88144e-16	2.39311e-15	3.88144e-16
9916	A	A	180.211	37	13	13	180.211	5.42101e-19	3.25261e-18	5.42101e-19
9917	C	C	165.666	37	13	12	4.33681e-18	165.666	4.33681e-18	1.10589e-16
9918	C	C	167.983	37	12	12	2.27682e-17	167.983	2.27682e-17	2.27682e-17
9919	T	T	153.191	37	12	12	1.35525e-17	2.05619e-15	1.35525e-17	153.191
9920	T	T	161.074	37	12	12	1.35525e-17	3.1225e-16	1.35525e-17	161.074
9921	A	A	166.163	37	12	12	166.163	1.35525e-17	7.80626e-17	1.35525e-17
9922	A	A	165.958	37	12	12	165.958	1.35525e-17	8.29415e-17	1.35525e-17
9923	C	C	170.307	37	12	12	1.35525e-17	170.307	1.35525e-17	1.35525e-17
9924	A	A	157.614	37	12	12	157.614	1.35525e-17	7.25331e-16	1.35525e-17
9925	T	T	155.717	37	11	11	3.88144e-16	3.88144e-16	3.88144e-16	155.717
9926	T	T	164.26	37	12	12	1.35525e-17	1.35525e-16	1.35525e-17	164.26
9927	C	C	153.947	37	12	11	5.63785e-17	153.947	5.63785e-17	1.63606e-15
9928	T	T	171.599	37	13	13	0	2.87314e-17	0	171.599
9929	A	A	170.222	37	12	12	170.222	1.40946e-17	1.35525e-17	1.35525e-17
9930	C	C	181.754	37	13	13	1.0842e-18	181.754	1.0842e-18	1.0842e-18
9931	T	T	173.215	37	13	13	5.42101e-19	1.95156e-17	5.42101e-19	173.215
9932	A	A	184.897	37	13	13	184.897	5.42101e-19	5.42101e-19	5.42101e-19
9933	G	G	199.486	37	14	14	0	0	199.486	0
9934	C	C	186.132	37	15	14	0	186.132	0	0
9935	A	A	214.07	37	15	15	214.07	0	0	0
9936	G	G	214.076	37	15	15	0	0	214.076	0
9937	G	G	214.076	37	15	15	0	0	214.076	0
9938	A	A	210.515	37	15	15	210.515	0	0	0
9939	C	C	214.076	37	15	15	0	214.076	0	0
9940	T	T	214.076	37	15	15	0	0	0	214.076
9941	G	G	197.963	37	15	14	0	0	197.963	0
9942	C	C	214.076	37	15	15	0	214.076	0	0
9943	T	T	199.486	37	14	14	0	0	0	199.486
9944	C	C	212.431	37	15	15	0	212.431	0	0
9945	C	C	213.094	37	15	15	0	213.094	0	0
9946	G	G	212.514	37	15	15	0	0	212.514	0
9947	A	A	208.957	37	16	16	208.957	0	0	0
9948	G	G	224.688	37	16	16	0	0	224.688	0
9949	C	C	198.626	37	14	14	0	198.626	0	0
9950	A	A	209.391	37	15	15	209.391	0	0	0
9951	G	G	226.404	37	16	16	0	0	226.404	0
9952	C	C	197.104	37	15	14	0	197.104	0	0
9953	C	C	209.237	37	16	15	0	209.237	0	0
9954	A	A	216.759	37	16	16	216.759	0	0	0
9955	C	C	209.9	37	16	15	0	209.9	0	0
9956	T	T	215.52	37	16	16	0	0	0	215.52
9957	G	G	213.366	37	15	15	0	0	213.366	0
9958	G	G	197.001	37	15	14	0	0	197.001	0
9959	T	T	215.634	37	16	16	0	0	0	215.634
9960	C	C	226.974	37	16	16	0	226.974	0	0
9961	A	A	222.62	37	16	16	222.62	0	0	0
9962	G	G	214.076	37	15	15	0	0	214.076	0
9963	T	T	210.191	37	15	15	0	0	0	210.191
9964	A	A	204.651	37	16	16	204.651	0	0	0
9965	A	A	202.935	37	16	16	202.935	0	0	0
9966	G	G	221.61	37	17	16	0	0	221.61	0
9967	C	C	226.134	37	17	16	0	226.134	0	0
9968	C	C	212.6	37	15	15	0	212.6	0	0
9969	C	C	159.406	37	13	12	1.51788e-17	159.406	1.51788e-17	4.66207e-16
9970	A	A	184.251	37	14	14	184.251	0	1.6263e-18	0
9971	A	A	170.307	37	12	12	170.307	1.35525e-17	1.35525e-17	1.35525e-17
9972	T	T	171.903	37	13	13	5.42101e-19	2.71051e-17	5.42101e-19	171.903
9973	T	T	173.603	37	13	13	5.42101e-19	1.78893e-17	5.42101e-19	173.603
9974	C	C	183.348	37	13	13	5.42101e-19	183.348	5.42101e-19	5.42101e-19
9975	G	G	184.135	37	13	13	5.42101e-19	5.42101e-19	184.135	5.42101e-19
9976	G	G	213.295	37	15	15	0	0	213.295	0
9977	C	C	212.111	37	15	15	0	212.111	0	0
9978	C	C	212.357	37	15	15	0	212.357	0	0
9979	T	T	188.755	37	14	14	0	5.42101e-19	0	188.755
9980	T	T	194.238	37	15	15	0	0	0	194.238
9981	C	C	197.716	37	15	14	0	197.716	0	0
9982	A	A	228.666	37	16	16	228.666	0	0	0
9983	T	T	221.905	37	17	17	0	0	0	221.905
9984	C	C	240.706	37	17	17	0	240.706	0	0
9985	C	C	254.658	37	18	18	0	254.658	0	0
9986	A	A	257.846	37	18	18	257.846	0	0	0
9987	T	T	247.612	37	18	18	0	0	0	247.612
9988	G	G	257.055	37	18	18	0	0	257.055	0
9989	A	A	268.087	37	19	19	268.087	0	0	0
9990	C	C	284.37	37	20	20	0	284.37	0	0
9991	T	T	275.347	37	20	20	0	0	0	275.347
9992	C	C	270.786	37	19	19	0	270.786	0	0
9993	C	C	254.219	37	19	18	0	254.219	0	0
9994	C	C	271.726	37	19	19	0	271.726	0	0
9995	A	A	268.875	37	19	19	268.875	0	0	0
9996	T	T	272.434	37	19	19	0	0	0	272.434
9997	C	C	272.356	37	20	19	0	272.356	0	0
9998	A	A	268.756	37	20	20	268.756	0	0	0
9999	G	G	283.167	37	21	20	0	0	283.167	0
10000	C	C	285.176	37	20	20	0	285.176	0	0
10001	T	T	262.071	37	19	19	0	0	0	262.071
10002	A	A	289.495	37	21	21	289.495	0	0	0
10003	T	T	268.255	37	20	20	0	0	0	268.255
10004	A	A	282.911	37	20	20	282.911	0	0	0
10005	G	G	267.831	37	20	19	0	0	267.831	0
10006	A	A	281.22	37	21	21	281.22	0	0	0
10007	A	A	275.774	37	20	20	275.774	0	0	0
10008	G	G	246.052	37	21	19	0	0	246.052	0
10009	G	G	326.888	37	23	23	0	0	326.888	0
10010	A	A	291.328	37	21	21	291.328	0	0	0
10011	C	C	299.105	37	22	21	0	299.105	0	0
10012	C	C	296.245	37	22	21	0	296.245	0	0
10013	T	T	298.925	37	22	22	0	0	0	298.925
10014	A	A	281.916	37	21	21	281.916	0	0	0
10015	C	C	299.259	37	21	21	0	299.259	0	0
10016	T	T	296.93	37	21	21	0	0	0	296.93
10017	C	C	286.166	37	20	20	0	286.166	0	0
10018	C	C	286.235	37	20	20	0	286.235	0	0
10019	T	T	268.551	37	19	19	0	0	0	268.551
10020	G	G	241.975	37	18	17	0	0	241.975	0
10021	T	T	244.12	37	18	18	0	0	0	244.12
10022	T	T	231.585	37	17	17	0	0	0	231.585
10023	T	T	237.022	37	18	18	0	0	0	237.022
10024	C	C	255.363	37	18	18	0	255.363	0	0
10025	A	A	245.29	37	18	18	245.29	0	0	0
10026	G	G	224.587	37	17	16	0	0	224.587	0
10027	C	C	242.546	37	17	17	0	242.546	0	0
10028	C	C	243.256	37	17	17	0	243.256	0	0
10029	C	C	243.033	37	18	17	0	243.033	0	0
10030	T	T	253.545	37	20	20	0	0	0	253.545
10031	A	A	287.025	37	20	20	287.025	0	0	0
10032	C	C	279.622	37	21	20	0	279.622	0	0
10033	T	T	265.267	37	22	22	0	0	0	265.267
10034	C	C	311.724	37	22	22	0	311.724	0	0
10035	C	C	297.518	37	22	21	0	297.518	0	0
10036	A	A	297.222	37	22	22	297.222	0	0	0
10037	C	C	315.588	37	22	22	0	315.588	0	0
10038	T	T	301.615	37	21	21	0	0	0	301.615
10039	C	C	301.615	37	21	21	0	301.615	0	0
10040	T	T	272.434	37	19	19	0	0	0	272.434
10041	A	A	246.906	37	19	19	246.906	0	0	0
10042	G	G	206.581	37	19	16	0	0	206.581	0
10043	G	G	255.024	37	18	18	0	0	255.024	0
10044	A	A	234.098	37	18	18	234.098	0	0	0
10045	C	C	228.666	37	16	16	0	228.666	0	0
10046	A	A	214.076	37	15	15	214.076	0	0	0
10047	A	A	214.039	37	15	15	214.039	0	0	0
10048	T	T	214.076	37	15	15	0	0	0	214.076
10049	A	A	210.515	37	15	15	210.515	0	0	0
10050	G	G	227.194	37	16	16	0	0	227.194	0
10051	C	C	227.608	37	16	16	0	227.608	0	0
10052	A	A	210.087	37	16	16	210.087	0	0	0
10053	G	G	211.492	37	16	15	0	0	211.492	0
10054	T	T	210.515	37	15	15	0	0	0	210.515
10055	A	A	187.879	37	14	14	187.879	0	5.42101e-19	0
10056	G	G	211.444	37	15	15	0	0	211.444	0
10057	C	C	198.428	37	14	14	0	198.428	0	0
10058	A	A	181.012	37	13	13	181.012	5.42101e-19	2.71051e-18	5.42101e-19
10059	G	G	183.396	37	13	13	5.42101e-19	5.42101e-19	183.396	5.42101e-19
10060	G	G	146.823	37	13	11	9.00321e-15	1.0842e-17	146.823	1.0842e-17
10061	G	G	196.935	37	14	14	0	0	196.935	0
10062	G	G	142.715	37	14	11	2.3241e-14	2.1684e-18	142.715	0
10063	G	G	181.775	37	13	13	1.0842e-18	1.0842e-18	181.775	1.0842e-18
10064	A	A	202.782	37	15	15	202.782	0	0	0
10065	T	T	191.068	37	16	16	0	5.42101e-19	0	191.068
10066	T	T	187.428	37	15	15	0	5.42101e-19	0	187.428
10067	T	T	188.306	37	15	15	0	5.42101e-19	0	188.306
10068	C	C	196.672	37	15	14	0	196.672	0	0
10069	T	T	203	37	15	15	0	0	0	203
10070	T	T	209.727	37	15	15	0	0	0	209.727
10071	C	C	226.231	37	16	16	0	226.231	0	0
10072	T	T	203	37	15	15	0	0	0	203
10073	A	A	225.105	37	16	16	225.105	0	0	0
10074	A	A	218.379	37	16	16	218.379	0	0	0
10075	T	T	222.938	37	17	17	0	0	0	222.938
10076	C	C	239.369	37	18	17	0	239.369	0	0
10077	C	C	255.296	37	18	18	0	255.296	0	0
10078	G	G	255.491	37	18	18	0	0	255.491	0
10079	A	A	239.113	37	17	17	239.113	0	0	0
10080	T	T	233.315	37	17	17	0	0	0	233.315
10081	T	T	239.203	37	17	17	0	0	0	239.203
10082	T	T	250.305	37	19	19	0	0	0	250.305
10083	T	T	245.753	37	18	18	0	0	0	245.753
10084	T	T	246.595	37	18	18	0	0	0	246.595
10085	C	C	252.997	37	19	18	0	252.997	0	0
10086	A	A	237.152	37	18	18	237.152	0	0	0
10087	C	C	242.474	37	17	17	0	242.474	0	0
10088	T	T	224.613	37	16	16	0	0	0	224.613
10089	C	C	210.788	37	16	15	0	210.788	0	0
10090	T	T	228.666	37	16	16	0	0	0	228.666
10091	G	G	214.076	37	15	15	0	0	214.076	0
10092	A	A	219.015	37	16	16	219.015	0	0	0
10093	T	T	223.98	37	16	16	0	0	0	223.98
10094	A	A	217.712	37	16	16	217.712	0	0	0
10095	G	G	225.915	37	16	16	0	0	225.915	0
10096	A	A	205.878	37	16	16	205.878	0	0	0
10097	A	A	195.138	37	14	14	195.138	0	0	0
10098	C	C	199.486	37	14	14	0	199.486	0	0
10099	A	A	193.44	37	14	14	193.44	0	0	0
10100	C	C	184.897	37	13	13	5.42101e-19	184.897	5.42101e-19	5.42101e-19
10101	C	C	184.897	37	13	13	5.42101e-19	184.897	5.42101e-19	5.42101e-19
10102	A	A	199.486	37	14	14	199.486	0	0	0
10103	C	C	211.373	37	15	15	0	211.373	0	0
10104	A	A	218.049	37	16	16	218.049	0	0	0
10105	A	A	217.712	37	16	16	217.712	0	0	0
10106	G	G	241.215	37	17	17	0	0	241.215	0
10107	A	A	228.021	37	17	17	228.021	0	0	0
10108	C	C	183.622	37	16	14	0	183.622	0	2.1684e-18
10109	T	T	217.257	37	16	16	0	0	0	217.257
10110	A	A	210.525	37	16	16	210.525	0	0	0
10111	T	T	224.523	37	16	16	0	0	0	224.523
10112	C	C	227.956	37	16	16	0	227.956	0	0
10113	C	C	214.076	37	15	15	0	214.076	0	0
10114	A	A	180.548	37	13	13	180.548	5.42101e-19	2.71051e-18	5.42101e-19
10115	A	A	180.211	37	13	13	180.211	5.42101e-19	3.25261e-18	5.42101e-19
10116	A	A	178.85	37	13	13	178.85	5.42101e-19	4.87891e-18	5.42101e-19
10117	C	C	170.307	37	12	12	1.35525e-17	170.307	1.35525e-17	1.35525e-17
10118	A	A	159.872	37	13	13	159.872	5.42101e-19	4.46149e-16	5.42101e-19
10119	G	G	181.763	37	13	13	1.0842e-18	1.0842e-18	181.763	1.0842e-18
10120	C	C	184.037	37	13	13	5.42101e-19	184.037	5.42101e-19	5.42101e-19
10121	C	C	184.106	37	13	13	5.42101e-19	184.106	5.42101e-19	5.42101e-19
10122	C	C	140.417	37	10	10	1.31508e-14	140.417	1.31503e-14	1.31503e-14
10123	C	C	139.331	37	11	10	1.6469e-15	139.331	1.6469e-15	4.7371e-14
10124	T	T	143.15	37	11	11	3.88144e-16	2.02521e-14	3.88144e-16	143.15
10125	T	T	145.059	37	11	11	3.88144e-16	1.27711e-14	3.88144e-16	145.059
10126	T	T	145.214	37	11	11	3.87873e-16	1.2297e-14	3.88144e-16	145.214
10127	A	A	141.127	37	10	10	141.127	1.11678e-14	1.11676e-14	1.11673e-14
10128	T	T	141.127	37	10	10	1.11673e-14	1.11676e-14	1.11678e-14	141.127
10129	G	G	141.127	37	10	10	1.11676e-14	1.11673e-14	141.127	1.11678e-14
10130	C	C	141.127	37	10	10	1.11678e-14	141.127	1.11673e-14	1.11676e-14
10131	C	C	141.127	37	10	10	1.11678e-14	141.127	1.11673e-14	1.11676e-14
10132	T	T	141.127	37	10	10	1.11673e-14	1.11676e-14	1.11678e-14	141.127
10133	A	A	136.778	37	10	10	136.778	1.11678e-14	6.88552e-14	1.11673e-14
10134	G	G	140.145	37	10	10	1.40019e-14	1.40014e-14	140.145	1.40019e-14
10135	G	G	138.865	37	10	10	1.87995e-14	1.8799e-14	138.865	1.88001e-14
10136	C	C	126.537	37	9	9	3.21329e-13	126.537	3.21314e-13	3.21321e-13
10137	G	G	108.661	37	9	8	5.52653e-11	1.92071e-12	108.661	1.92078e-12
10138	C	C	126.537	37	9	9	3.21329e-13	126.537	3.21314e-13	3.21321e-13
10139	A	A	119.897	37	10	10	119.897	1.11678e-14	4.42477e-12	1.11673e-14
10140	A	A	113.117	37	9	9	113.117	3.8955e-13	2.04349e-11	3.61072e-13
10141	T	T	113.681	37	9	9	3.21391e-13	1.7966e-11	3.21463e-13	113.681
10142	A	A	120.61	37	9	9	120.61	3.21331e-13	3.13117e-12	3.21315e-13
10143	A	A	111.947	37	8	8	111.947	9.24706e-12	9.24641e-12	9.24599e-12
10144	C	C	111.145	37	8	8	1.11499e-11	111.145	1.10901e-11	1.11273e-11
10145	C	C	111.33	37	8	8	1.06571e-11	111.33	1.06566e-11	1.06569e-11
10146	A	A	122.189	37	9	9	122.189	3.21331e-13	1.98116e-12	3.21315e-13
10147	C	C	125.555	37	9	9	4.02884e-13	125.555	4.02863e-13	4.02874e-13
10148	C	C	125.678	37	9	9	3.91645e-13	125.678	3.91625e-13	3.91636e-13
10149	C	C	124.173	37	9	9	5.53796e-13	124.173	5.53767e-13	5.53783e-13
10150	T	T	115.227	37	9	9	3.21318e-13	1.23917e-11	3.21338e-13	115.227
10151	A	A	122.652	37	9	9	122.652	3.2134e-13	1.71545e-12	3.2132e-13
10152	T	T	128.213	37	10	10	1.11673e-14	6.33087e-13	1.11678e-14	128.213
10153	T	T	130.479	37	10	10	1.11673e-14	3.66631e-13	1.11678e-14	130.479
10154	T	T	136.777	37	10	10	1.11697e-14	6.88734e-14	1.11724e-14	136.777
10155	A	A	156.342	37	12	12	156.342	1.35525e-17	9.81203e-16	1.35525e-17
10156	C	C	165.983	37	12	12	3.63208e-17	165.983	3.63208e-17	3.63208e-17
10157	A	A	170.307	37	12	12	170.307	1.35525e-17	1.35525e-17	1.35525e-17
10158	G	G	170.307	37	12	12	1.35525e-17	1.35525e-17	170.307	1.35525e-17
10159	C	C	167.437	37	12	12	2.60209e-17	167.437	2.60209e-17	2.60209e-17
10160	A	A	166.422	37	12	12	166.422	1.35525e-17	7.20994e-17	1.35525e-17
10161	G	G	169.516	37	12	12	1.6263e-17	1.6263e-17	169.516	1.6263e-17
10162	C	C	170.307	37	12	12	1.35525e-17	170.307	1.35525e-17	1.35525e-17
10163	C	C	183.323	37	13	13	5.42101e-19	183.323	5.42101e-19	5.42101e-19
10164	T	T	180.019	37	13	13	5.42101e-19	3.25261e-18	5.42101e-19	180.019
10165	G	G	170.307	37	12	12	1.35525e-17	1.35525e-17	170.307	1.35525e-17
10166	T	T	166.253	37	12	12	1.35525e-17	7.58942e-17	1.35525e-17	166.253
10167	C	C	169.69	37	12	12	1.57209e-17	169.69	1.57209e-17	1.57209e-17
10168	C	C	170.307	37	12	12	1.35525e-17	170.307	1.35525e-17	1.35525e-17
10169	T	T	178.954	37	13	13	5.42101e-19	4.33681e-18	5.42101e-19	178.954
10170	C	C	164.506	37	14	12	0	164.506	0	1.53957e-16
10171	T	T	173.524	37	13	13	5.42101e-19	1.84314e-17	5.42101e-19	173.524
10172	C	C	168.686	37	12	12	1.95156e-17	168.686	1.95156e-17	1.95156e-17
10173	A	A	165.621	37	12	12	165.621	1.35525e-17	9.21572e-17	1.35525e-17
10174	C	C	169.597	37	12	12	1.57209e-17	169.597	1.57209e-17	1.57209e-17
10175	C	C	155.717	37	11	11	3.88144e-16	155.717	3.88144e-16	3.88144e-16
10176	C	C	155.637	37	12	11	3.84892e-17	155.637	3.84892e-17	1.1086e-15
10177	A	A	170.307	37	12	12	170.307	1.35525e-17	1.35525e-17	1.35525e-17
10178	G	G	169.596	37	12	12	1.6263e-17	1.6263e-17	169.596	1.57209e-17
10179	A	A	180.753	37	13	13	180.753	5.42101e-19	2.71051e-18	5.42101e-19
10180	A	A	167.617	37	13	13	167.617	5.42101e-19	7.42678e-17	5.42101e-19
10181	T	T	180.548	37	13	13	5.42101e-19	2.71051e-18	5.42101e-19	180.548
10182	G	G	163.037	37	14	12	2.15756e-16	0	163.037	0
10183	A	A	172.567	37	13	13	172.567	5.42101e-19	2.33103e-17	5.42101e-19
10184	C	C	184.115	37	13	13	5.42101e-19	184.115	5.42101e-19	5.42101e-19
10185	C	C	154.955	37	11	11	4.62412e-16	154.955	4.62412e-16	4.62412e-16
10186	T	T	158.049	37	12	12	1.30104e-17	6.53232e-16	1.30104e-17	158.049
10187	C	C	182.341	37	13	13	1.0842e-18	182.341	1.0842e-18	1.0842e-18
10188	A	A	184.897	37	13	13	184.897	5.42101e-19	5.42101e-19	5.42101e-19
10189	A	A	195.601	37	14	14	195.601	0	0	0
10190	A	A	195.343	37	14	14	195.343	0	0	0
10191	A	A	195.138	37	14	14	195.138	0	0	0
10192	A	A	209.391	37	15	15	209.391	0	0	0
10193	G	G	212.431	37	15	15	0	0	212.431	0
10194	A	A	199.486	37	14	14	199.486	0	0	0
10195	T	T	195.343	37	14	14	0	0	0	195.343
10196	C	C	182.06	37	14	13	0	182.06	0	2.1684e-18
10197	A	A	195.137	37	14	14	195.137	0	0	0
10198	T	T	199.486	37	14	14	0	0	0	199.486
10199	T	T	199.486	37	14	14	0	0	0	199.486
10200	G	G	184.897	37	13	13	5.42101e-19	5.42101e-19	184.897	5.42101e-19
10201	C	C	184.897	37	13	13	5.42101e-19	184.897	5.42101e-19	5.42101e-19
10202	C	C	173.141	37	14	13	0	173.141	0	1.95156e-17
10203	T	T	194.8	37	14	14	0	0	0	194.8
10204	T	T	195.138	37	14	14	0	0	0	195.138
10205	T	T	195.343	37	14	14	0	0	0	195.343
10206	T	T	195.601	37	14	14	0	0	0	195.601
10207	C	C	199.486	37	14	14	0	199.486	0	0
10208	C	C	199.486	37	14	14	0	199.486	0	0
10209	A	A	178.136	37	14	14	178.136	0	6.50521e-18	0
10210	C	C	210.787	37	15	15	0	210.787	0	0
10211	G	G	183.127	37	14	13	2.1684e-18	0	183.127	0
10212	T	T	188.235	37	14	14	0	5.42101e-19	0	188.235
10213	G	G	199.486	37	14	14	0	0	199.486	0
10214	A	A	195.926	37	14	14	195.926	0	0	0
10215	A	A	195.433	37	14	14	195.433	0	0	0
10216	G	G	198.705	37	14	14	0	0	198.705	0
10217	C	C	198.777	37	14	14	0	198.777	0	0
10218	C	C	212.503	37	15	15	0	212.503	0	0
10219	T	T	194.609	37	14	14	0	0	0	194.609
10220	G	G	209.761	37	15	15	0	0	209.761	0
10221	C	C	212.332	37	15	15	0	212.332	0	0
10222	T	T	208.798	37	16	16	0	0	0	208.798
10223	A	A	207.682	37	16	16	207.682	0	0	0
10224	G	G	211.65	37	15	15	0	0	211.65	0
10225	G	G	197.88	37	14	14	0	0	197.88	0
10226	A	A	193.559	37	14	14	193.559	0	0	0
10227	C	C	184.674	37	14	13	0	184.674	0	1.0842e-18
10228	T	T	200.251	37	15	15	0	0	0	200.251
10229	A	A	224.523	37	16	16	224.523	0	0	0
10230	A	A	224.286	37	16	16	224.286	0	0	0
10231	T	T	211.469	37	16	16	0	0	0	211.469
10232	A	A	222.62	37	16	16	222.62	0	0	0
10233	A	A	214.076	37	15	15	214.076	0	0	0
10234	T	T	214.076	37	15	15	0	0	0	214.076
10235	C	C	214.076	37	15	15	0	214.076	0	0
10236	G	G	203.185	37	16	15	0	0	203.185	0
10237	T	T	229.43	37	17	17	0	0	0	229.43
10238	A	A	217.213	37	17	17	217.213	0	0	0
10239	A	A	225.346	37	17	17	225.346	0	0	0
10240	C	C	204.885	37	17	15	0	204.885	0	0
10241	A	A	214.974	37	17	17	214.974	0	0	0
10242	A	A	203.812	37	17	17	203.812	0	0	0
10243	T	T	195.601	37	14	14	0	0	0	195.601
10244	T	T	199.486	37	14	14	0	0	0	199.486
10245	G	G	181.652	37	13	13	1.0842e-18	1.0842e-18	181.652	1.0842e-18
10246	G	G	196.112	37	15	14	0	0	196.112	0
10247	A	A	164.334	37	14	14	164.334	0	1.5992e-16	0
10248	A	A	172.462	37	14	14	172.462	0	2.43945e-17	0
10249	T	T	185.485	37	15	15	0	1.0842e-18	0	185.485
10250	T	T	159.076	37	13	13	5.42101e-19	5.36138e-16	5.42101e-19	159.076
10251	A	A	165.621	37	12	12	165.621	1.35525e-17	9.21572e-17	1.35525e-17
10252	A	A	164.26	37	12	12	164.26	1.35525e-17	1.36067e-16	1.35525e-17
10253	T	T	152.156	37	11	11	3.88144e-16	1.86727e-15	3.88144e-16	152.156
10254	C	C	168.733	37	12	12	1.95156e-17	168.733	1.95156e-17	1.95156e-17
10255	A	A	165.958	37	12	12	165.958	1.35525e-17	8.29415e-17	1.35525e-17
10256	G	G	125.049	37	12	10	1.35478e-12	1.63715e-15	125.049	1.63715e-15
10257	C	C	182.561	37	13	13	5.42101e-19	182.561	5.42101e-19	5.42101e-19
10258	C	C	181.576	37	13	13	1.0842e-18	181.576	1.0842e-18	1.0842e-18
10259	C	C	183.133	37	13	13	5.42101e-19	183.133	5.42101e-19	5.42101e-19
10260	C	C	183.275	37	13	13	5.42101e-19	183.275	5.42101e-19	5.42101e-19
10261	C	C	183.489	37	13	13	5.42101e-19	183.489	5.42101e-19	5.42101e-19
10262	C	C	172.431	37	14	13	0	172.431	0	2.38524e-17
10263	C	C	196.072	37	15	14	0	196.072	0	0
10264	T	T	202.405	37	15	15	0	0	0	202.405
10265	A	A	218.007	37	16	16	218.007	0	0	0
10266	G	G	240.866	37	17	17	0	0	240.866	0
10267	C	C	208.627	37	18	16	0	208.627	0	0
10268	C	C	240.702	37	17	17	0	240.702	0	0
10269	T	T	234.753	37	19	19	0	0	0	234.753
10270	T	T	230.988	37	18	18	0	0	0	230.988
10271	A	A	231.136	37	17	17	231.136	0	0	0
10272	A	A	229.959	37	17	17	229.959	0	0	0
10273	T	T	224.313	37	17	17	0	0	0	224.313
10274	T	T	238.57	37	17	17	0	0	0	238.57
10275	C	C	227.807	37	16	16	0	227.807	0	0
10276	A	A	228.666	37	16	16	228.666	0	0	0
10277	T	T	224.781	37	16	16	0	0	0	224.781
10278	A	A	228.666	37	16	16	228.666	0	0	0
10279	T	T	228.666	37	16	16	0	0	0	228.666
10280	C	C	241.682	37	17	17	0	241.682	0	0
10281	T	T	238.378	37	17	17	0	0	0	238.378
10282	G	G	240.905	37	17	17	0	0	240.905	0
10283	C	C	242.097	37	17	17	0	242.097	0	0
10284	A	A	234.784	37	18	18	234.784	0	0	0
10285	C	C	202.983	37	16	15	0	202.983	0	0
10286	A	A	208.25	37	16	16	208.25	0	0	0
10287	C	C	213.286	37	15	15	0	213.286	0	0
10288	A	A	186.571	37	15	15	186.571	0	1.0842e-18	0
10289	C	C	214.076	37	15	15	0	214.076	0	0
10290	G	G	166.352	37	13	12	9.43256e-17	3.25261e-18	166.352	3.25261e-18
10291	G	G	181.488	37	13	13	1.0842e-18	1.0842e-18	181.488	1.0842e-18
10292	A	A	170.932	37	13	13	170.932	5.42101e-19	3.41524e-17	5.42101e-19
10293	T	T	165.621	37	12	12	1.35525e-17	9.21572e-17	1.35525e-17	165.621
10294	T	T	157.148	37	12	12	1.35525e-17	8.10441e-16	1.35525e-17	157.148
10295	T	T	158.662	37	12	12	1.35525e-17	5.63785e-16	1.35525e-17	158.662
10296	T	T	159.943	37	12	12	1.35525e-17	4.13081e-16	1.35525e-17	159.943
10297	T	T	166.253	37	12	12	1.35525e-17	7.58942e-17	1.35525e-17	166.253
10298	C	C	165.445	37	13	12	4.33681e-18	165.445	4.33681e-18	1.1601e-16
10299	A	A	180.548	37	13	13	180.548	5.42101e-19	2.71051e-18	5.42101e-19
10300	A	A	174.248	37	13	13	174.248	5.42101e-19	1.51788e-17	5.42101e-19
10301	T	T	180.843	37	13	13	5.42101e-19	2.71051e-18	5.42101e-19	180.843
10302	G	G	169.526	37	12	12	1.6263e-17	1.6263e-17	169.526	1.6263e-17
10303	C	C	170.307	37	12	12	1.35525e-17	170.307	1.35525e-17	1.35525e-17
10304	C	C	170.307	37	12	12	1.35525e-17	170.307	1.35525e-17	1.35525e-17
10305	C	C	155.717	37	11	11	3.88144e-16	155.717	3.88144e-16	3.88144e-16
10306	T	T	164.26	37	12	12	1.35525e-17	1.35525e-16	1.35525e-17	164.26
10307	A	A	159.395	37	12	12	159.395	1.35525e-17	4.7217e-16	1.35525e-17
10308	C	C	182.392	37	13	13	1.0842e-18	182.392	1.0842e-18	1.0842e-18
10309	T	T	158.897	37	12	12	1.35525e-17	5.32885e-16	1.35525e-17	158.897
10310	A	A	150.97	37	12	12	150.97	1.35525e-17	3.44668e-15	1.35525e-17
10311	T	T	166.163	37	12	12	1.35525e-17	7.80626e-17	1.35525e-17	166.163
10312	T	T	157.614	37	12	12	1.35525e-17	7.25331e-16	1.35525e-17	157.614
10313	T	T	136.441	37	10	10	1.11684e-14	7.62167e-14	1.11697e-14	136.441
10314	A	A	129.52	37	10	10	129.52	1.11678e-14	4.62737e-13	1.11673e-14
10315	G	G	167.675	37	12	12	2.43945e-17	2.43945e-17	167.675	2.49366e-17
10316	A	A	143.597	37	11	11	143.597	3.88144e-16	1.81954e-14	3.88144e-16
10317	T	T	130.173	37	10	10	1.11673e-14	3.9497e-13	1.11678e-14	130.173
10318	G	G	140.346	37	10	10	1.33682e-14	1.33677e-14	140.346	1.33682e-14
10319	C	C	115.1	37	10	9	4.36151e-13	115.1	4.36133e-13	1.2549e-11
10320	T	T	141.127	37	10	10	1.11676e-14	1.11678e-14	1.11684e-14	141.127
10321	C	C	126.537	37	9	9	3.21329e-13	126.537	3.21314e-13	3.21322e-13
10322	C	C	139.259	37	11	10	1.67401e-15	139.259	1.67401e-15	4.81559e-14
10323	G	G	127.523	37	11	10	7.18336e-13	2.49648e-14	127.523	2.4967e-14
10324	G	G	138.581	37	10	10	2.00377e-14	1.99743e-14	138.581	2.02046e-14
10325	G	G	125.441	37	9	9	4.12837e-13	4.11525e-13	125.441	4.16269e-13
10326	T	T	116.886	37	9	9	3.21315e-13	8.2526e-12	3.21332e-13	116.886
10327	C	C	111.947	37	8	8	9.24549e-12	111.947	9.24513e-12	9.24529e-12
10328	C	C	111.947	37	8	8	9.24549e-12	111.947	9.24513e-12	9.24529e-12
10329	A	A	126.537	37	9	9	126.537	3.21332e-13	3.21321e-13	3.21315e-13
10330	T	T	131.826	37	11	11	3.88144e-16	2.84416e-13	3.88144e-16	131.826
10331	T	T	140.777	37	12	12	1.35525e-17	3.6292e-14	1.35525e-17	140.777
10332	A	A	170.307	37	12	12	170.307	1.35525e-17	1.35525e-17	1.35525e-17
10333	T	T	154.366	37	14	14	0	1.58944e-15	0	154.366
10334	C	C	179.858	37	14	13	0	179.858	0	4.33681e-18
10335	C	C	197.136	37	14	14	0	197.136	0	0
10336	A	A	195.926	37	14	14	195.926	0	0	0
10337	C	C	198.08	34.0116	15	14	0	198.08	0	0
10338	A	A	224.551	34.1488	16	16	224.551	0	0	0
10339	G	G	227.607	34.1488	16	16	0	0	227.607	0
10340	C	C	210.732	34.1488	16	15	0	210.732	0	0
10341	T	T	203.675	34.0116	15	15	0	0	0	203.675
10342	T	T	216.111	34.1488	16	16	0	0	0	216.111
10343	A	A	228.666	34.1488	16	16	228.666	0	0	0
10344	A	A	228.665	34.1488	16	16	228.665	0	0	0
10345	A	A	257.846	34.3875	18	18	257.846	0	0	0
10346	T	T	243.422	34.4921	19	19	0	0	0	243.422
10347	G	G	247.735	34.4921	19	18	0	0	247.735	0
10348	A	A	268.551	34.4921	19	19	268.551	0	0	0
10349	T	T	255.427	34.4921	19	19	0	0	0	255.427
10350	G	G	270.814	34.4921	19	19	0	0	270.814	0
10351	A	A	269.002	34.5884	20	20	269.002	0	0	0
10352	A	A	265.653	34.5884	20	20	265.653	0	0	0
10353	C	C	284.599	34.5884	20	20	0	284.599	0	0
10354	A	A	283.308	34.6774	21	21	283.308	0	0	0
10355	A	A	281.069	34.6774	21	21	281.069	0	0	0
10356	T	T	268.643	34.5884	20	20	0	0	0	268.643
10357	A	A	265.882	34.5884	20	20	265.882	0	0	0
10358	C	C	253.848	34.4921	19	18	0	253.848	0	0
10359	A	A	240.339	34.3875	18	18	240.339	0	0	0
10360	T	T	257.846	34.3875	18	18	0	0	0	257.846
10361	C	C	257.846	34.3875	18	18	0	257.846	0	0
10362	C	C	243.256	34.2735	17	17	0	243.256	0	0
10363	G	G	224.572	37	16	16	0	0	224.572	0
10364	A	A	193.618	37	15	15	193.618	0	0	0
10365	A	A	186.919	37	14	14	186.919	0	1.0842e-18	0
10366	A	A	177.641	37	14	14	177.641	0	7.58942e-18	0
10367	A	A	180.843	37	13	13	180.843	5.42101e-19	2.71051e-18	5.42101e-19
10368	A	A	180.782	37	13	13	180.782	5.42101e-19	2.71051e-18	5.42101e-19
10369	T	T	180.548	37	13	13	5.42101e-19	2.71051e-18	5.42101e-19	180.548
10370	A	A	193.559	37	14	14	193.559	0	0	0
10371	G	G	184.897	37	13	13	5.42101e-19	5.42101e-19	184.897	5.42101e-19
10372	G	G	184.897	37	13	13	5.42101e-19	5.42101e-19	184.897	5.42101e-19
10373	A	A	184.897	37	13	13	184.897	5.42101e-19	5.42101e-19	5.42101e-19
10374	G	G	184.897	37	13	13	5.42101e-19	5.42101e-19	184.897	5.42101e-19
10375	G	G	184.897	37	13	13	5.42101e-19	5.42101e-19	184.897	5.42101e-19
10376	C	C	184.897	37	13	13	5.42101e-19	184.897	5.42101e-19	5.42101e-19
10377	C	C	184.897	37	13	13	5.42101e-19	184.897	5.42101e-19	5.42101e-19
10378	T	T	184.897	37	13	13	5.42101e-19	5.42101e-19	5.42101e-19	184.897
10379	A	A	195.306	37	15	15	195.306	0	0	0
10380	T	T	201.747	37	15	15	0	0	0	201.747
10381	T	T	173.943	37	13	13	5.42101e-19	1.6263e-17	5.42101e-19	173.943
10382	C	C	166.91	37	13	12	3.25261e-18	166.91	3.25261e-18	8.23994e-17
10383	A	A	193.559	37	14	14	193.559	0	0	0
10384	A	A	181.012	37	13	13	181.012	5.42101e-19	2.71051e-18	5.42101e-19
10385	A	A	180.753	37	13	13	180.753	5.42101e-19	2.71051e-18	5.42101e-19
10386	G	G	159.337	37	13	12	4.72712e-16	1.73472e-17	159.337	1.73472e-17
10387	C	C	184.28	37	13	13	5.42101e-19	184.28	5.42101e-19	5.42101e-19
10388	C	C	184.897	37	13	13	5.42101e-19	184.897	5.42101e-19	5.42101e-19
10389	C	C	196.117	37	15	14	0	196.117	0	0
10390	T	T	193.062	37	15	15	0	0	0	193.062
10391	G	G	192.874	37	15	14	0	0	192.874	0
10392	C	C	140.853	37	14	11	2.1684e-18	140.853	2.1684e-18	3.56854e-14
10393	C	C	196.577	37	14	14	0	196.577	0	0
10394	G	G	181.847	37	13	13	5.42101e-19	5.42101e-19	181.847	1.0842e-18
10395	C	C	169.545	37	12	12	1.6263e-17	169.545	1.6263e-17	1.6263e-17
10396	T	T	166.746	37	12	12	1.30104e-17	6.451e-17	1.30104e-17	166.746
10397	T	T	155.717	37	11	11	3.88144e-16	3.88144e-16	3.88144e-16	155.717
10398	A	A	149.79	37	11	11	149.79	3.88144e-16	3.78224e-15	3.88144e-16
10399	C	C	154.143	37	11	11	5.57822e-16	154.143	5.57822e-16	5.57822e-16
10400	C	C	167.603	37	12	12	2.49366e-17	167.603	2.49366e-17	2.49366e-17
10401	A	A	165.958	37	12	12	165.958	1.35525e-17	8.29415e-17	1.35525e-17
10402	A	A	165.621	37	12	12	165.621	1.35525e-17	9.21572e-17	1.35525e-17
10403	T	T	160.329	37	12	12	1.35525e-17	3.75676e-16	1.35525e-17	160.329
10404	A	A	166.421	33.5025	12	12	166.421	1.35525e-17	7.20994e-17	1.35525e-17
10405	C	C	154.194	33.5025	12	11	5.42101e-17	154.194	5.42101e-17	1.54607e-15
10406	C	C	169.526	33.5025	12	12	1.6263e-17	169.526	1.6263e-17	1.6263e-17
10407	G	G	153.947	33.5025	12	11	1.63715e-15	5.74627e-17	153.947	5.63785e-17
10408	C	C	152.429	33.5025	12	11	8.0231e-17	152.429	8.0231e-17	2.32128e-15
10409	A	A	151.664	33.2895	11	11	151.664	3.88144e-16	2.18467e-15	3.88144e-16
10410	T	T	155.717	33.2895	11	11	3.88144e-16	3.88144e-16	3.88144e-16	155.717
10411	T	T	155.717	33.2895	11	11	3.88144e-16	3.88144e-16	3.88144e-16	155.717
10412	A	A	158.187	33.5025	12	12	158.187	1.35525e-17	6.32632e-16	1.35525e-17
10413	A	A	151.664	33.2895	11	11	151.664	3.88144e-16	2.18467e-15	3.88144e-16
10414	T	T	151.603	33.2895	11	11	3.88144e-16	2.22641e-15	3.88144e-16	151.603
10415	T	T	157.392	33.5025	12	12	1.30104e-17	7.64363e-16	1.30104e-17	157.392
10416	A	A	164.38	33.5025	12	12	164.38	1.35525e-17	1.31188e-16	1.35525e-17
10417	T	T	151.368	33.2895	11	11	3.88144e-16	2.39311e-15	3.88144e-16	151.368
10418	A	A	151.832	33.2895	11	11	151.832	3.88144e-16	2.07218e-15	3.88144e-16
10419	G	G	154.926	33.2895	11	11	4.65665e-16	4.65665e-16	154.926	4.65665e-16
10420	G	G	154.858	33.2895	11	11	4.72712e-16	4.72712e-16	154.858	4.73254e-16
10421	A	A	145.068	33.2895	11	11	145.068	3.88144e-16	1.27434e-14	3.88144e-16
10422	G	G	111.387	33.2895	11	9	3.14767e-11	3.80208e-14	111.387	3.80208e-14
10423	T	T	149.67	33.2895	11	11	3.88144e-16	3.90909e-15	3.88144e-16	149.67
10424	C	C	167.68	33.5025	12	12	2.49366e-17	167.68	2.49366e-17	2.49366e-17
10425	C	C	152.524	33.5025	12	11	7.91468e-17	152.524	7.91468e-17	2.2714e-15
10426	T	T	144.726	33.2895	11	11	3.88144e-16	1.38526e-14	3.88144e-16	144.726
10427	A	A	151.555	33.2895	11	11	151.555	3.90313e-16	2.25622e-15	3.89229e-16
10428	G	G	138.916	33.2895	11	10	5.21143e-14	1.8117e-15	138.916	1.8117e-15
10429	C	C	155.717	33.2895	11	11	3.88144e-16	155.717	3.88144e-16	3.88144e-16
10430	C	C	168.662	33.5025	12	12	1.95156e-17	168.662	1.95156e-17	1.95156e-17
10431	C	C	154.734	33.2895	11	11	4.86807e-16	154.734	4.86807e-16	4.86807e-16
10432	T	T	151.368	33.2895	11	11	3.88144e-16	2.39338e-15	3.88144e-16	151.368
10433	C	C	138.642	33.2895	11	10	1.9288e-15	138.642	1.9288e-15	5.55112e-14
10434	A	A	151.574	33.2895	11	11	151.574	3.88144e-16	2.24674e-15	3.88144e-16
10435	C	C	155.717	33.2895	11	11	3.88144e-16	155.717	3.88144e-16	3.88144e-16
10436	A	A	151.031	33.2895	11	11	151.031	3.88144e-16	2.64871e-15	3.88144e-16
10437	G	G	136.646	33.2895	11	10	8.79006e-14	3.05528e-15	136.646	3.05528e-15
10438	G	G	140.336	33.0469	10	10	1.33969e-14	1.33969e-14	140.336	1.33975e-14
10439	T	T	149.671	33.2895	11	11	3.88144e-16	3.90882e-15	3.88144e-16	149.671
10440	A	A	137.327	33.2895	11	11	137.327	3.88144e-16	7.95934e-14	3.88144e-16
10441	T	T	157.01	33.5025	12	12	1.35525e-17	8.37546e-16	1.35525e-17	157.01
10442	A	A	136.69	37	11	11	136.69	3.88144e-16	9.2287e-14	3.88144e-16
10443	C	C	154.148	37	11	11	5.5728e-16	154.148	5.5728e-16	5.5728e-16
10444	C	C	119.775	33.2895	11	9	5.51208e-15	119.775	5.51208e-15	4.56302e-12
10445	T	T	130.051	33.0469	10	10	1.11673e-14	4.06855e-13	1.11678e-14	130.051
10446	T	T	142.558	33.2895	11	11	3.88144e-16	2.33196e-14	3.88144e-16	142.558
10447	T	T	129.482	33.0469	10	10	1.1167e-14	4.66942e-13	1.11678e-14	129.482
10448	C	C	122.92	33.0469	10	9	7.20474e-14	122.92	7.20452e-14	2.07298e-12
10449	C	C	153.31	33.2895	11	11	6.75458e-16	153.31	6.75458e-16	6.75458e-16
10450	T	T	135.268	33.2895	11	11	3.88144e-16	1.28331e-13	3.88144e-16	135.268
10451	A	A	145.137	33.2895	11	11	145.137	3.88144e-16	1.2532e-14	3.88144e-16
10452	A	A	173.289	33.6913	13	13	173.289	5.42101e-19	1.95156e-17	5.42101e-19
10453	C	C	180.5	33.6913	13	13	1.0842e-18	180.5	1.0842e-18	1.0842e-18
10454	A	A	164.379	33.5025	12	12	164.379	1.35525e-17	1.31188e-16	1.35525e-17
10455	T	T	137.914	33.2895	11	11	3.87873e-16	6.94263e-14	3.87873e-16	137.914
10456	G	G	155.717	33.2895	11	11	3.88144e-16	3.88144e-16	155.717	3.88144e-16
10457	A	A	155.717	33.2895	11	11	155.717	3.88144e-16	3.88144e-16	3.88144e-16
10458	T	T	155.717	33.2895	11	11	3.88144e-16	3.88144e-16	3.88144e-16	155.717
10459	T	T	155.717	33.2895	11	11	3.88144e-16	3.88144e-16	3.88144e-16	155.717
10460	C	C	168.733	33.5025	12	12	1.95156e-17	168.733	1.95156e-17	1.95156e-17
10461	T	T	165.429	33.5025	12	12	1.35525e-17	9.75782e-17	1.35525e-17	165.429
10462	A	A	166.193	33.5025	12	12	166.193	1.35525e-17	7.75205e-17	1.35525e-17
10463	C	C	169.545	33.5025	12	12	1.6263e-17	169.545	1.6263e-17	1.6263e-17
10464	T	T	166.746	33.5025	12	12	1.30104e-17	6.451e-17	1.30104e-17	166.746
10465	C	C	131.017	33.2895	11	10	1.11673e-14	131.017	1.11673e-14	3.21317e-13
10466	T	T	155.717	33.2895	11	11	3.88144e-16	3.88144e-16	3.88144e-16	155.717
10467	A	A	151.664	33.2895	11	11	151.664	3.88144e-16	2.18467e-15	3.88144e-16
10468	A	A	151.603	33.2895	11	11	151.603	3.88144e-16	2.22641e-15	3.88144e-16
10469	A	A	150.839	33.2895	11	11	150.839	3.88144e-16	2.80375e-15	3.88144e-16
10470	G	G	114.189	33.2895	11	9	1.65126e-11	1.9945e-14	114.189	1.9945e-14
10471	A	A	124.011	33.0469	10	10	124.011	1.11681e-14	1.70221e-12	1.11673e-14
10472	C	C	140.903	33.0469	10	10	1.19105e-14	140.903	1.16479e-14	1.17202e-14
10473	C	C	140.904	33.2895	11	10	1.146e-15	140.904	1.146e-15	3.29733e-14
10474	A	A	132.113	33.2895	11	11	132.113	3.88144e-16	2.66234e-13	3.88144e-16
10475	A	A	120.61	37	9	9	120.61	3.21332e-13	3.13119e-12	3.21315e-13
10476	A	A	122.976	37	9	9	122.976	3.21332e-13	1.54582e-12	3.21315e-13
10477	T	T	115.889	37	9	9	3.21315e-13	1.05489e-11	3.21331e-13	115.889
10478	T	T	122.158	37	9	9	3.26251e-13	1.98654e-12	3.29801e-13	122.158
10479	A	A	121.659	37	9	9	121.659	3.21332e-13	2.32107e-12	3.21315e-13
10480	T	T	122.652	37	9	9	3.21315e-13	1.71542e-12	3.21331e-13	122.652
10481	C	C	124.892	37	9	9	4.69281e-13	124.892	4.69261e-13	4.6927e-13
10482	G	G	125.92	37	9	9	3.70379e-13	3.70368e-13	125.92	3.70388e-13
10483	A	A	122.484	37	9	9	122.484	3.21332e-13	1.80866e-12	3.21315e-13
10484	A	A	122.423	37	9	9	122.423	3.21332e-13	1.84318e-12	3.21315e-13
10485	A	A	121.659	37	9	9	121.659	3.21332e-13	2.32107e-12	3.21315e-13
10486	C	C	126.537	37	9	9	3.21327e-13	126.537	3.21313e-13	3.2132e-13
10487	C	C	124.964	37	9	9	4.61628e-13	124.964	4.61607e-13	4.61617e-13
10488	G	G	126.537	37	9	9	3.21323e-13	3.21314e-13	126.537	3.2133e-13
10489	T	T	122.423	37	9	9	3.21315e-13	1.84317e-12	3.21332e-13	122.423
10490	C	C	109.341	37	9	8	1.64252e-12	109.341	1.64247e-12	4.72592e-11
10491	A	A	122.652	37	9	9	122.652	3.21341e-13	1.71547e-12	3.2132e-13
10492	A	A	136.984	37	10	10	136.984	1.11697e-14	6.46434e-14	1.11684e-14
10493	C	C	140.145	37	10	10	1.40019e-14	140.145	1.40014e-14	1.40019e-14
10494	A	A	136.442	37	10	10	136.442	1.11678e-14	7.62097e-14	1.11673e-14
10495	C	C	140.336	37	10	10	1.33975e-14	140.336	1.33969e-14	1.33975e-14
10496	G	G	141.127	37	10	10	1.11676e-14	1.11673e-14	141.127	1.11678e-14
10497	T	T	136.249	37	10	10	1.11684e-14	8.06766e-14	1.11697e-14	136.249
10498	C	C	166.307	37	12	12	3.36103e-17	166.307	3.36103e-17	3.36103e-17
10499	G	G	170.307	37	12	12	1.35525e-17	1.35525e-17	170.307	1.35525e-17
10500	T	T	152.719	37	12	12	1.35525e-17	2.29526e-15	1.35525e-17	152.719
10501	A	A	166.422	37	12	12	166.422	1.35525e-17	7.20994e-17	1.35525e-17
10502	C	C	151.719	37	12	11	9.54098e-17	151.719	9.54098e-17	2.73327e-15
10503	A	A	165.958	37	12	12	165.958	1.35525e-17	8.29415e-17	1.35525e-17
10504	C	C	170.204	37	12	12	1.40946e-17	170.204	1.35525e-17	1.40946e-17
10505	C	C	183.252	37	13	13	5.42101e-19	183.252	5.42101e-19	5.42101e-19
10506	A	A	166.192	37	12	12	166.192	1.35525e-17	7.75205e-17	1.35525e-17
10507	A	A	165.429	37	12	12	165.429	1.35525e-17	9.75782e-17	1.35525e-17
10508	C	C	169.444	37	12	12	1.6263e-17	169.444	1.6263e-17	1.6263e-17
10509	G	G	155.1	37	11	11	4.47775e-16	4.47775e-16	155.1	4.47233e-16
10510	C	C	168.662	37	12	12	1.95156e-17	168.662	1.95156e-17	1.95156e-17
10511	C	C	153.947	37	12	11	5.63785e-17	153.947	5.63785e-17	1.63606e-15
10512	T	T	171.738	37	13	13	5.42101e-19	2.81893e-17	5.42101e-19	171.738
10513	G	G	182.561	37	13	13	1.0842e-18	1.0842e-18	182.561	5.42101e-19
10514	A	A	166.185	37	12	12	166.185	1.35525e-17	7.75205e-17	1.35525e-17
10515	C	C	153.111	37	12	11	6.93889e-17	153.111	6.93889e-17	1.98409e-15
10516	C	C	182.706	37	13	13	5.42101e-19	182.706	5.42101e-19	5.42101e-19
10517	C	C	169.248	37	12	12	1.73472e-17	169.248	1.73472e-17	1.73472e-17
10518	C	C	182.471	37	13	13	1.0842e-18	182.471	1.0842e-18	1.0842e-18
10519	T	T	178.36	37	14	14	0	6.50521e-18	0	178.36
10520	A	A	187.816	37	14	14	187.816	0	5.42101e-19	0
10521	C	C	197.836	37	14	14	0	197.836	0	0
10522	T	T	179.299	37	14	14	0	4.87891e-18	0	179.299
10523	A	A	189.545	37	14	14	189.545	0	5.42101e-19	0
10524	A	A	181.3	37	14	14	181.3	0	3.25261e-18	0
10525	C	C	197.836	37	14	14	0	197.836	0	0
10526	A	A	173.289	37	13	13	173.289	5.42101e-19	1.95156e-17	5.42101e-19
10527	A	A	163.895	37	13	13	163.895	5.42101e-19	1.76183e-16	5.42101e-19
10528	C	C	170.307	37	12	12	1.35525e-17	170.307	1.35525e-17	1.35525e-17
10529	T	T	164.26	37	12	12	1.35525e-17	1.35525e-16	1.35525e-17	164.26
10530	C	C	169.324	37	12	12	1.68051e-17	169.324	1.68051e-17	1.68051e-17
10531	T	T	165.958	37	12	12	1.35525e-17	8.29415e-17	1.35525e-17	165.958
10532	C	C	154.926	37	11	11	4.65665e-16	154.926	4.65665e-16	4.65665e-16
10533	G	G	155.007	37	11	11	4.56991e-16	4.56991e-16	155.007	4.56991e-16
10534	T	T	164.26	37	12	12	1.35525e-17	1.35525e-16	1.35525e-17	164.26
10535	T	T	165.621	37	12	12	1.35525e-17	9.21572e-17	1.35525e-17	165.621
10536	G	G	169.324	37	12	12	1.68051e-17	1.68051e-17	169.324	1.68051e-17
10537	C	C	169.516	37	12	12	1.6263e-17	169.516	1.6263e-17	1.6263e-17
10538	C	C	155.007	37	11	11	4.56991e-16	155.007	4.56991e-16	4.56991e-16
10539	A	A	145.852	37	11	11	145.852	3.88144e-16	1.05103e-14	3.88144e-16
10540	C	C	155.717	37	11	11	3.88144e-16	155.717	3.88144e-16	3.88144e-16
10541	A	A	137.449	37	11	11	137.449	3.88144e-16	7.73698e-14	3.88144e-16
10542	T	T	164.38	37	12	12	1.35525e-17	1.31188e-16	1.35525e-17	164.38
10543	C	C	154.658	37	11	11	4.9548e-16	154.658	4.9548e-16	4.9548e-16
10544	C	C	119.736	37	11	9	5.56196e-15	119.736	5.56196e-15	4.60451e-12
10545	A	A	135.711	37	11	11	135.711	3.88144e-16	1.15826e-13	3.88144e-16
10546	T	T	130.607	37	10	10	1.17202e-14	3.53737e-13	1.21479e-14	130.607
10547	A	A	121.259	37	10	10	121.259	1.11678e-14	3.22796e-12	1.11673e-14
10548	A	A	115.243	37	9	9	115.243	3.21332e-13	1.23427e-11	3.21315e-13
10549	C	C	126.537	37	9	9	3.21328e-13	126.537	3.21314e-13	3.2132e-13
10550	C	C	111.947	37	8	8	9.24545e-12	111.947	9.24512e-12	9.24525e-12
10551	G	G	110.865	37	9	8	3.3272e-11	1.15634e-12	110.865	1.15639e-12
10552	C	C	110.965	37	8	8	1.15919e-11	110.965	1.15915e-11	1.15916e-11
10553	A	A	120.491	37	9	9	120.491	3.21332e-13	3.23616e-12	3.21315e-13
10554	G	G	111.946	37	8	8	9.24926e-12	9.2477e-12	111.946	9.25023e-12
10555	C	C	94.4371	37	8	7	5.08056e-11	94.4371	5.08044e-11	1.4618e-09
10556	C	C	94.8728	37	8	7	4.59565e-11	94.8728	4.59554e-11	1.32228e-09
10557	T	T	108.062	37	8	8	9.24598e-12	4.93623e-11	9.24698e-12	108.062
10558	A	A	122.423	37	9	9	122.423	3.21332e-13	1.84318e-12	3.21315e-13
10559	G	G	125.014	37	10	9	1.2799e-12	4.44816e-14	125.014	4.44837e-14
10560	A	A	143.597	37	11	11	143.597	3.88144e-16	1.81954e-14	3.88144e-16
10561	G	G	115.665	37	10	9	1.10178e-11	3.82916e-13	115.665	3.82934e-13
10562	T	T	123.93	37	10	10	1.11673e-14	1.73467e-12	1.11681e-14	123.93
10563	A	A	165.429	37	12	12	165.429	1.35525e-17	9.75782e-17	1.35525e-17
10564	C	C	167.725	37	12	12	2.43945e-17	167.725	2.43945e-17	2.43945e-17
10565	T	T	144.466	37	11	11	3.88144e-16	1.47549e-14	3.88144e-16	144.466
10566	C	C	167.081	37	12	12	2.81893e-17	167.081	2.81893e-17	2.81893e-17
10567	G	G	184.896	37	13	13	5.42101e-19	5.42101e-19	184.896	5.42101e-19
10568	A	A	184.634	37	13	13	184.634	5.42101e-19	5.42101e-19	5.42101e-19
10569	A	A	184.896	37	13	13	184.896	5.42101e-19	5.42101e-19	5.42101e-19
10570	T	T	174.494	37	13	13	0	1.40946e-17	0	174.494
10571	C	C	184.186	37	13	13	5.42101e-19	184.186	5.42101e-19	5.42101e-19
10572	G	G	184.279	37	13	13	5.42101e-19	5.42101e-19	184.279	5.42101e-19
10573	T	T	184.897	37	13	13	5.42101e-19	5.42101e-19	5.42101e-19	184.897
10574	A	A	195.372	37	14	14	195.372	0	0	0
10575	T	T	200.251	37	15	15	0	0	0	200.251
10576	T	T	202.469	37	15	15	0	0	0	202.469
10577	C	C	181.611	37	14	13	0	181.611	0	3.25261e-18
10578	T	T	189.621	37	14	14	0	5.42101e-19	0	189.621
10579	T	T	195.907	37	14	14	0	0	0	195.907
10580	T	T	199.486	37	14	14	0	0	0	199.486
10581	G	G	198.869	37	14	14	0	0	198.869	0
10582	T	T	199.486	37	14	14	0	0	0	199.486
10583	A	A	209.962	37	15	15	209.962	0	0	0
10584	C	C	213.094	37	15	15	0	213.094	0	0
10585	T	T	209.727	37	15	15	0	0	0	209.727
10586	T	T	195.343	37	14	14	0	0	0	195.343
10587	C	C	198.776	37	14	14	0	198.776	0	0
10588	T	T	199.486	37	14	14	0	0	0	199.486
10589	A	A	195.343	37	14	14	195.343	0	0	0
10590	G	G	198.627	37	14	14	0	0	198.627	0
10591	G	G	198.504	37	14	14	0	0	198.504	0
10592	A	A	186.794	37	14	14	186.794	0	1.0842e-18	0
10593	C	C	184.897	37	13	13	5.42101e-19	184.897	5.42101e-19	5.42101e-19
10594	A	A	188.495	37	14	14	188.495	0	5.42101e-19	0
10595	A	A	173.913	37	14	14	173.913	0	1.73472e-17	0
10596	C	C	198.705	37	14	14	0	198.705	0	0
10597	C	C	184.135	37	13	13	5.42101e-19	184.135	5.42101e-19	5.42101e-19
10598	T	T	166.746	37	12	12	1.30104e-17	6.451e-17	1.30104e-17	166.746
10599	C	C	170.307	37	12	12	1.35525e-17	170.307	1.35525e-17	1.35525e-17
10600	G	G	155.717	37	11	11	3.88144e-16	3.88144e-16	155.717	3.88144e-16
10601	C	C	167.68	37	12	12	2.49366e-17	167.68	2.49366e-17	2.49366e-17
10602	T	T	158.636	37	12	12	1.35525e-17	5.6758e-16	1.35525e-17	158.636
10603	T	T	159.316	37	12	12	1.35525e-17	4.81386e-16	1.35525e-17	159.316
10604	T	T	159.906	37	12	12	1.35525e-17	4.16876e-16	1.35525e-17	159.906
10605	A	A	184.897	37	13	13	184.897	5.42101e-19	5.42101e-19	5.42101e-19
10606	A	A	181.336	37	13	13	181.336	5.42101e-19	2.1684e-18	5.42101e-19
10607	C	C	197.054	37	14	14	0	197.054	0	0
10608	C	C	197.637	37	14	14	0	197.637	0	0
10609	C	C	181.279	37	14	13	0	181.279	0	3.25261e-18
10610	T	T	195.433	37	14	14	0	0	0	195.433
10611	G	G	199.486	37	14	14	0	0	199.486	0
10612	T	T	194.801	37	14	14	0	0	0	194.801
10613	C	C	198.627	37	14	14	0	198.627	0	0
10614	A	A	210.023	37	15	15	210.023	0	0	0
10615	T	T	202.766	37	15	15	0	0	0	202.766
10616	T	T	209.962	37	15	15	0	0	0	209.962
10617	A	A	208.149	37	15	15	208.149	0	0	0
10618	T	T	201.956	37	15	15	0	0	0	201.956
10619	T	T	209.198	37	15	15	0	0	0	209.198
10620	A	A	210.191	37	15	15	210.191	0	0	0
10621	T	T	210.023	37	15	15	0	0	0	210.023
10622	C	C	213.459	37	15	15	0	213.459	0	0
10623	A	A	196.047	37	16	16	196.047	0	0	0
10624	A	A	207.046	37	17	17	207.046	0	0	0
10625	C	C	226.711	37	16	16	0	226.711	0	0
10626	G	G	208.978	37	15	15	0	0	208.978	0
10627	A	A	169.076	37	14	14	169.076	0	5.3668e-17	0
10628	G	G	152.21	37	12	11	2.44162e-15	8.5652e-17	152.21	8.45678e-17
10629	A	A	149.613	37	12	12	149.613	1.35525e-17	4.72116e-15	1.35525e-17
10630	A	A	142.941	37	11	11	142.941	3.88144e-16	2.12894e-14	3.88144e-16
10631	T	T	141.127	37	10	10	1.11673e-14	1.11676e-14	1.11678e-14	141.127
10632	A	A	129.598	37	10	10	129.598	1.11678e-14	4.54071e-13	1.11673e-14
10633	A	A	142.861	37	11	11	142.861	3.88144e-16	2.16957e-14	3.88144e-16
10634	C	C	124.767	37	10	9	4.70858e-14	124.767	4.70847e-14	1.35477e-12
10635	C	C	140.268	37	10	10	1.36116e-14	140.268	1.36111e-14	1.36111e-14
10636	C	C	125.747	37	9	9	3.85479e-13	125.747	3.85463e-13	3.8547e-13
10637	C	C	125.827	37	9	9	3.78384e-13	125.827	3.78368e-13	3.78375e-13
10638	C	C	139.554	37	10	10	1.6044e-14	139.554	1.60429e-14	1.60435e-14
10639	T	T	136.249	37	10	10	1.11673e-14	8.06684e-14	1.11678e-14	136.249
10640	C	C	140.346	37	10	10	1.33682e-14	140.346	1.33677e-14	1.33682e-14
10641	C	C	153.382	37	11	11	6.64616e-16	153.382	6.64616e-16	6.64616e-16
10642	T	T	144.835	37	11	11	3.88144e-16	1.34877e-14	3.88144e-16	144.835
10643	A	A	145.1	37	11	11	145.1	3.88144e-16	1.26459e-14	3.88144e-16
10644	A	A	144.763	37	11	11	144.763	3.88144e-16	1.37274e-14	3.88144e-16
10645	G	G	153.676	37	11	11	6.21248e-16	6.21248e-16	153.676	6.20706e-16
10646	C	C	168.733	37	12	12	1.95156e-17	168.733	1.95156e-17	1.95156e-17
10647	A	A	137.074	37	10	10	137.074	1.11678e-14	6.28596e-14	1.11673e-14
10648	A	A	137.013	37	10	10	137.013	1.11684e-14	6.40609e-14	1.11676e-14
10649	T	T	137.074	37	10	10	1.11673e-14	6.28596e-14	1.11678e-14	137.074
10650	T	T	137.566	37	10	10	1.11673e-14	5.37249e-14	1.11681e-14	137.566
10651	C	C	126.537	37	9	9	3.2133e-13	126.537	3.21314e-13	3.21323e-13
10652	C	C	126.537	37	9	9	3.2133e-13	126.537	3.21314e-13	3.21323e-13
10653	A	A	136.442	37	10	10	136.442	1.11678e-14	7.62091e-14	1.11673e-14
10654	T	T	136.249	37	10	10	1.11673e-14	8.0669e-14	1.11681e-14	136.249
10655	C	C	125.756	37	9	9	3.84646e-13	125.756	3.84627e-13	3.84637e-13
10656	A	A	122.976	37	9	9	122.976	3.21331e-13	1.54581e-12	3.21315e-13
10657	A	A	122.483	37	9	9	122.483	3.21383e-13	1.80887e-12	3.21344e-13
10658	G	G	125.756	37	9	9	3.84635e-13	3.84626e-13	125.756	3.84644e-13
10659	C	C	126.537	37	9	9	3.2133e-13	126.537	3.21314e-13	3.21323e-13
10660	G	G	124.964	37	9	9	4.61617e-13	4.61607e-13	124.964	4.61628e-13
10661	T	T	111.947	37	8	8	9.24516e-12	9.24532e-12	9.24559e-12	111.947
10662	C	C	111.947	37	8	8	9.24557e-12	111.947	9.24516e-12	9.24538e-12
10663	T	T	111.947	37	8	8	9.24516e-12	9.24532e-12	9.24559e-12	111.947
10664	G	G	111.947	37	8	8	9.24529e-12	9.24513e-12	111.947	9.24549e-12
10665	C	C	111.947	37	8	8	9.24557e-12	111.947	9.24516e-12	9.24538e-12
10666	T	T	111.947	37	8	8	9.24516e-12	9.24532e-12	9.24559e-12	111.947
10667	T	T	111.947	37	8	8	9.24518e-12	9.24534e-12	9.24562e-12	111.947
10668	C	C	111.947	37	8	8	9.24557e-12	111.947	9.24516e-12	9.24538e-12
10669	T	T	111.947	37	8	8	9.24516e-12	9.24532e-12	9.24559e-12	111.947
10670	A	A	100.575	37	8	8	100.575	9.24558e-12	3.6191e-10	9.24516e-12
10671	G	G	91.5571	37	9	7	3.02711e-09	3.65646e-12	91.5571	3.65653e-12
10672	G	G	124.964	37	9	9	4.61615e-13	4.61606e-13	124.964	4.61626e-13
10673	A	A	111.947	37	8	8	111.947	9.24557e-12	9.24526e-12	9.24516e-12
10674	A	A	111.947	37	8	8	111.947	9.24557e-12	9.24526e-12	9.24516e-12
10675	G	G	126.537	37	9	9	3.21348e-13	3.21339e-13	126.537	3.21366e-13
10676	T	T	120.678	37	10	10	1.11673e-14	3.69248e-12	1.11678e-14	120.678
10677	A	A	137.074	37	10	10	137.074	1.11678e-14	6.28596e-14	1.11673e-14
10678	T	T	134.908	37	11	11	3.88144e-16	1.3951e-13	3.88144e-16	134.908
10679	T	T	137.207	37	11	11	3.88144e-16	8.18505e-14	3.88144e-16	137.207
10680	T	T	145.058	37	11	11	3.88144e-16	1.2776e-14	3.88144e-16	145.058
10681	T	T	136.984	37	10	10	1.11673e-14	6.46423e-14	1.11678e-14	136.984
10682	C	C	140.417	37	10	10	1.31508e-14	140.417	1.31503e-14	1.31508e-14
10683	G	G	139.506	37	10	10	1.62207e-14	1.62202e-14	139.506	1.62213e-14
10684	C	C	141.127	37	10	10	1.11678e-14	141.127	1.11673e-14	1.11676e-14
10685	A	A	127.162	37	10	10	127.162	1.11678e-14	8.12444e-13	1.11673e-14
10686	G	G	126.314	37	10	9	9.48746e-13	3.29733e-14	126.314	3.29744e-14
10687	G	G	140.417	37	10	10	1.31503e-14	1.31503e-14	140.417	1.31508e-14
10688	A	A	136.984	37	10	10	136.984	1.11678e-14	6.4642e-14	1.11673e-14
10689	T	T	130.251	37	10	10	1.11673e-14	3.87575e-13	1.11678e-14	130.251
10690	A	A	144.641	37	11	11	144.641	3.88144e-16	1.41402e-14	3.88144e-16
10691	C	C	117.98	37	11	9	8.33209e-15	117.98	8.33209e-15	6.89804e-12
10692	C	C	140.346	37	10	10	1.33682e-14	140.346	1.33677e-14	1.33682e-14
10693	T	T	142.802	37	11	11	3.88144e-16	2.20028e-14	3.88144e-16	142.802
10694	A	A	149.671	37	11	11	149.671	3.88144e-16	3.90909e-15	3.88144e-16
10695	A	A	141.127	37	10	10	141.127	1.11678e-14	1.11676e-14	1.11673e-14
10696	T	T	136.983	37	10	10	1.11684e-14	6.46502e-14	1.11697e-14	136.983
10697	C	C	140.417	37	10	10	1.31508e-14	140.417	1.31503e-14	1.31503e-14
10698	T	T	141.127	37	10	10	1.11673e-14	1.11676e-14	1.11678e-14	141.127
10699	T	T	141.127	37	10	10	1.11673e-14	1.11676e-14	1.11678e-14	141.127
10700	C	C	141.047	37	11	10	1.10914e-15	141.047	1.1086e-15	3.19059e-14
10701	C	C	167.68	37	12	12	2.49366e-17	167.68	2.49366e-17	2.49366e-17
10702	A	A	164.26	37	12	12	164.26	1.35525e-17	1.36067e-16	1.35525e-17
10703	C	C	129.367	37	11	10	1.63281e-14	129.367	1.63281e-14	4.69817e-13
10704	A	A	151.574	37	11	11	151.574	3.88144e-16	2.24674e-15	3.88144e-16
10705	A	A	151.368	37	11	11	151.368	3.88144e-16	2.39311e-15	3.88144e-16
10706	T	T	169.662	37	13	13	5.42101e-19	4.60786e-17	5.42101e-19	169.662
10707	A	A	222.62	37	16	16	222.62	0	0	0
10708	C	C	209.336	37	15	15	0	209.336	0	0
10709	C	C	193.769	37	15	14	0	193.769	0	0
10710	A	A	196.178	37	15	15	196.178	0	0	0
10711	A	A	194.629	37	15	15	194.629	0	0	0
10712	A	A	191.184	37	15	15	191.184	0	5.42101e-19	0
10713	C	C	210.856	37	15	15	0	210.856	0	0
10714	C	C	196.981	37	15	14	0	196.981	0	0
10715	C	C	194.921	37	15	14	0	194.921	0	0
10716	A	A	214.076	37	15	15	214.076	0	0	0
10717	C	C	173.793	37	15	13	0	173.793	0	1.73472e-17
10718	T	T	210.023	37	15	15	0	0	0	210.023
10719	A	A	214.076	37	15	15	214.076	0	0	0
10720	C	C	227.093	37	16	16	0	227.093	0	0
10721	C	C	227.608	37	16	16	0	227.608	0	0
10722	A	A	224.523	37	16	16	224.523	0	0	0
10723	T	T	224.613	37	16	16	0	0	0	224.613
10724	A	A	223.98	37	16	16	223.98	0	0	0
10725	C	C	228.666	37	16	16	0	228.666	0	0
10726	C	C	213.853	37	16	15	0	213.853	0	0
10727	A	A	225.105	37	16	16	225.105	0	0	0
10728	C	C	227.885	37	16	16	0	227.885	0	0
10729	A	A	218.086	37	16	16	218.086	0	0	0
10730	A	A	231.649	37	17	17	231.649	0	0	0
10731	A	A	229.43	37	17	17	229.43	0	0	0
10732	T	T	224.552	37	16	16	0	0	0	224.552
10733	A	A	214.076	37	15	15	214.076	0	0	0
10734	A	A	228.666	37	16	16	228.666	0	0	0
10735	C	C	227.684	37	16	16	0	227.684	0	0
10736	C	C	198.686	37	17	15	0	198.686	0	0
10737	A	A	232.598	37	17	17	232.598	0	0	0
10738	T	T	242.282	37	19	19	0	0	0	242.282
10739	A	A	257.326	37	19	19	257.326	0	0	0
10740	C	C	224.979	37	17	16	0	224.979	0	0
10741	C	C	267.557	34.5884	20	19	0	267.557	0	0
10742	C	C	249.984	34.6774	21	19	0	249.984	0	0
10743	T	T	279.115	34.76	22	22	0	0	0	279.115
10744	A	A	299.196	34.76	22	22	299.196	0	0	0
10745	C	C	275.276	34.76	22	20	0	275.276	0	0
10746	T	T	311.319	34.8367	23	23	0	0	0	311.319
10747	A	A	285.847	34.8367	23	23	285.847	0	0	0
10748	C	C	315.424	34.76	22	22	0	315.424	0	0
10749	C	C	299.207	34.6774	21	21	0	299.207	0	0
10750	T	T	261.778	34.4921	19	19	0	0	0	261.778
10751	A	A	251.309	34.4921	19	19	251.309	0	0	0
10752	A	A	244.852	34.3875	18	18	244.852	0	0	0
10753	A	A	254.476	34.4921	19	19	254.476	0	0	0
10754	A	A	252.162	34.4921	19	19	252.162	0	0	0
10755	A	A	246.892	34.3875	18	18	246.892	0	0	0
10756	T	T	252.02	34.4921	19	19	0	0	0	252.02
10757	A	A	242.156	34.4921	19	19	242.156	0	0	0
10758	A	A	261.482	34.4921	19	19	261.482	0	0	0
10759	T	T	252.868	34.4921	19	19	0	0	0	252.868
10760	A	A	249.997	34.4921	19	19	249.997	0	0	0
10761	G	G	242.465	34.2735	17	17	0	0	242.465	0
10762	C	C	225.12	34.2735	17	16	0	225.12	0	0
10763	T	T	243.256	34.2735	17	17	0	0	0	243.256
10764	C	C	243.255	34.2735	17	17	0	243.255	0	0
10765	T	T	228.666	34.1488	16	16	0	0	0	228.666
10766	C	C	241.682	34.2735	17	17	0	241.682	0	0
10767	G	G	256.986	34.3875	18	18	0	0	256.986	0
10768	C	C	239.749	34.3875	18	17	0	239.749	0	0
10769	G	G	256.201	34.3875	18	18	0	0	256.201	0
10770	G	G	196.469	34.2735	17	15	0	0	196.469	0
10771	T	T	239.371	34.2735	17	17	0	0	0	239.371
10772	C	C	243.256	34.2735	17	17	0	243.256	0	0
10773	A	A	232.373	34.2735	17	17	232.373	0	0	0
10774	C	C	243.256	34.2735	17	17	0	243.256	0	0
10775	T	T	228.666	34.1488	16	16	0	0	0	228.666
10776	A	A	210.259	34.1488	16	16	210.259	0	0	0
10777	T	T	228.666	34.1488	16	16	0	0	0	228.666
10778	A	A	202.825	34.0116	15	15	202.825	0	0	0
10779	C	C	214.076	34.0116	15	15	0	214.076	0	0
10780	T	T	228.021	34.2735	17	17	0	0	0	228.021
10781	A	A	203.496	34.0116	15	15	203.496	0	0	0
10782	C	C	167.205	34.0116	15	13	0	167.205	0	8.23994e-17
10783	G	G	196.39	34.0116	15	14	0	0	196.39	0
10784	T	T	189.835	33.86	14	14	0	5.42101e-19	0	189.835
10785	T	T	184.895	33.6913	13	13	5.42101e-19	5.42101e-19	5.42101e-19	184.895
10786	T	T	184.897	33.6913	13	13	5.42101e-19	5.42101e-19	5.42101e-19	184.897
10787	T	T	193.44	33.86	14	14	0	0	0	193.44
10788	A	A	169.934	33.86	14	14	169.934	0	4.39102e-17	0
10789	T	T	186.189	33.86	14	14	0	1.0842e-18	0	186.189
10790	C	C	168.534	37	12	12	2.00577e-17	168.534	2.00577e-17	2.00577e-17
10791	C	C	181.754	37	13	13	1.0842e-18	181.754	1.0842e-18	1.0842e-18
10792	T	T	163.546	37	13	13	5.42101e-19	1.9082e-16	5.42101e-19	163.546
10793	A	A	187.879	37	14	14	187.879	0	5.42101e-19	0
10794	G	G	211.444	37	15	15	0	0	211.444	0
10795	C	C	179.935	37	14	13	0	179.935	0	4.33681e-18
10796	A	A	181.336	37	13	13	181.336	5.42101e-19	2.1684e-18	5.42101e-19
10797	T	T	175.032	37	13	13	5.42101e-19	1.24683e-17	5.42101e-19	175.032
10798	T	T	181.336	37	13	13	5.42101e-19	2.1684e-18	5.42101e-19	181.336
10799	A	A	180.017	37	13	13	180.017	5.42101e-19	3.25261e-18	5.42101e-19
10800	G	G	184.674	37	14	13	1.0842e-18	0	184.674	0
10801	A	A	214.076	37	15	15	214.076	0	0	0
10802	A	A	210.191	37	15	15	210.191	0	0	0
10803	C	C	211.674	37	15	15	0	211.674	0	0
10804	T	T	201.419	37	16	16	0	0	0	201.419
10805	G	G	205.502	37	17	15	0	0	205.502	0
10806	A	A	244.851	37	18	18	244.851	0	0	0
10807	A	A	238.363	37	17	17	238.363	0	0	0
10808	T	T	225.612	37	17	17	0	0	0	225.612
10809	T	T	218.801	37	16	16	0	0	0	218.801
10810	C	C	227.887	37	16	16	0	227.887	0	0
10811	G	G	226.897	37	16	16	0	0	226.897	0
10812	A	A	230.362	37	17	17	230.362	0	0	0
10813	C	C	212.306	37	16	15	0	212.306	0	0
10814	C	C	240.822	37	17	17	0	240.822	0	0
10815	A	A	230.563	37	17	17	230.563	0	0	0
10816	C	C	227.095	37	17	16	0	227.095	0	0
10817	A	A	232.033	37	17	17	232.033	0	0	0
10818	C	C	254.796	37	18	18	0	254.796	0	0
10819	A	A	236.506	37	18	18	236.506	0	0	0
10820	A	A	229.269	37	17	17	229.269	0	0	0
10821	A	A	223.981	37	16	16	223.981	0	0	0
10822	C	C	241.065	37	17	17	0	241.065	0	0
10823	T	T	223.788	37	16	16	0	0	0	223.788
10824	C	C	227.885	37	16	16	0	227.885	0	0
10825	T	T	224.613	37	16	16	0	0	0	224.613
10826	C	C	228.049	37	16	16	0	228.049	0	0
10827	A	A	208.206	37	16	16	208.206	0	0	0
10828	A	A	231.846	37	17	17	231.846	0	0	0
10829	A	A	229.959	37	17	17	229.959	0	0	0
10830	C	C	227.026	37	16	16	0	227.026	0	0
10831	T	T	222.982	37	17	17	0	0	0	222.982
10832	T	T	210.707	37	16	16	0	0	0	210.707
10833	G	G	228.666	37	16	16	0	0	228.666	0
10834	A	A	228.666	37	16	16	228.666	0	0	0
10835	C	C	223.804	37	17	16	0	223.804	0	0
10836	T	T	238.378	37	17	17	0	0	0	238.378
10837	A	A	253.961	37	18	18	253.961	0	0	0
10838	T	T	250.971	37	19	19	0	0	0	250.971
10839	C	C	270.055	37	19	19	0	270.055	0	0
10840	C	C	254.273	37	19	18	0	254.273	0	0
10841	A	A	250.981	37	19	19	250.981	0	0	0
10842	C	C	270.152	37	19	19	0	270.152	0	0
10843	A	A	230.441	37	18	18	230.441	0	0	0
10844	A	A	225.269	37	18	18	225.269	0	0	0
10845	A	A	230.058	37	19	19	230.058	0	0	0
10846	A	A	225.787	37	19	19	225.787	0	0	0
10847	T	T	237.036	37	18	18	0	0	0	237.036
10848	C	C	240.773	37	17	17	0	240.773	0	0
10849	C	C	212.507	37	15	15	0	212.507	0	0
10850	A	A	189.545	37	14	14	189.545	0	5.42101e-19	0
10851	T	T	195.601	37	14	14	0	0	0	195.601
10852	T	T	213.431	37	16	16	0	0	0	213.431
10853	T	T	201.747	37	15	15	0	0	0	201.747
10854	A	A	200.03	37	16	16	200.03	0	0	0
10855	A	A	192.829	37	15	15	192.829	0	0	0
10856	A	A	200.779	37	15	15	200.779	0	0	0
10857	T	T	187.842	37	14	14	0	5.42101e-19	0	187.842
10858	T	T	194.07	37	15	15	0	0	0	194.07
10859	C	C	182.612	37	14	13	0	182.612	0	2.1684e-18
10860	T	T	189.545	37	14	14	0	5.42101e-19	0	189.545
10861	C	C	174.024	37	14	13	0	174.024	0	1.51788e-17
10862	T	T	201.956	37	15	15	0	0	0	201.956
10863	A	A	214.076	37	15	15	214.076	0	0	0
10864	T	T	209.962	37	15	15	0	0	0	209.962
10865	T	T	210.023	37	15	15	0	0	0	210.023
10866	C	C	209.102	37	17	15	0	209.102	0	0
10867	A	A	252.823	37	18	18	252.823	0	0	0
10868	C	C	255.068	37	18	18	0	255.068	0	0
10869	C	C	240.894	37	17	17	0	240.894	0	0
10870	T	T	225.92	37	17	17	0	0	0	225.92
10871	A	A	239.695	37	17	17	239.695	0	0	0
10872	G	G	226.06	37	17	16	0	0	226.06	0
10873	G	G	242.475	37	17	17	0	0	242.475	0
10874	A	A	231.946	37	17	17	231.946	0	0	0
10875	T	T	232.663	37	17	17	0	0	0	232.663
10876	A	A	211.039	37	16	16	211.039	0	0	0
10877	C	C	228.666	37	16	16	0	228.666	0	0
10878	T	T	237.209	37	17	17	0	0	0	237.209
10879	T	T	223.979	37	16	16	0	0	0	223.979
10880	C	C	197.275	37	15	14	0	197.275	0	0
10881	C	C	198.696	37	14	14	0	198.696	0	0
10882	G	G	182.456	37	13	13	5.42101e-19	5.42101e-19	182.456	1.0842e-18
10883	C	C	197.913	37	14	14	0	197.913	0	0
10884	A	A	169.917	37	14	14	169.917	0	4.44523e-17	0
10885	T	T	180.781	37	13	13	5.42101e-19	2.71051e-18	5.42101e-19	180.781
10886	C	C	154.955	37	11	11	4.62412e-16	154.955	4.62412e-16	4.62412e-16
10887	A	A	149.671	37	11	11	149.671	3.88144e-16	3.90909e-15	3.88144e-16
10888	T	T	149.79	37	11	11	3.88144e-16	3.78224e-15	3.88144e-16	149.79
10889	C	C	154.658	37	11	11	4.9548e-16	154.658	4.9548e-16	4.9548e-16
10890	A	A	166.193	37	12	12	166.193	1.35525e-17	7.75205e-17	1.35525e-17
10891	T	T	159.013	37	12	12	1.35525e-17	5.18249e-16	1.35525e-17	159.013
10892	T	T	160.072	37	12	12	1.35525e-17	4.00071e-16	1.35525e-17	160.072
10893	C	C	138.642	37	11	10	1.92988e-15	138.642	1.9288e-15	5.55122e-14
10894	A	A	151.603	37	11	11	151.603	3.88144e-16	2.22641e-15	3.88144e-16
10895	C	C	143.962	37	12	11	5.65954e-16	143.962	5.65954e-16	1.63086e-14
10896	C	C	169.324	37	12	12	1.68051e-17	169.324	1.68051e-17	1.68051e-17
10897	G	G	155.717	37	11	11	3.88144e-16	3.88144e-16	155.717	3.88144e-16
10898	C	C	138.642	37	11	10	1.9288e-15	138.642	1.9288e-15	5.55112e-14
10899	A	A	155.717	37	11	11	155.717	3.88144e-16	3.88144e-16	3.88144e-16
10900	T	T	155.717	37	11	11	3.88144e-16	3.88144e-16	3.88144e-16	155.717
10901	C	C	155.716	37	11	11	3.88144e-16	155.716	3.88144e-16	3.88144e-16
10902	C	C	155.717	37	11	11	3.88144e-16	155.717	3.88144e-16	3.88144e-16
10903	T	T	155.717	37	11	11	3.88144e-16	3.88144e-16	3.88144e-16	155.717
10904	G	G	150.074	37	12	11	3.99203e-15	1.38778e-16	150.074	1.38778e-16
10905	C	C	148.2	37	13	11	7.58942e-18	148.2	7.58942e-18	6.55834e-15
10906	C	C	178.611	37	14	13	0	178.611	0	5.42101e-18
10907	A	A	187.053	37	15	15	187.053	0	1.0842e-18	0
10908	A	A	190.483	37	16	16	190.483	0	5.42101e-19	0
10909	T	T	171.449	37	15	15	0	3.08998e-17	0	171.449
10910	A	A	195.377	37	15	15	195.377	0	0	0
10911	A	A	192.622	37	15	15	192.622	0	0	0
10912	T	T	186.277	37	15	15	0	1.0842e-18	0	186.277
10913	G	G	197.913	37	14	14	0	0	197.913	0
10914	A	A	184.812	37	13	13	184.812	5.42101e-19	5.42101e-19	5.42101e-19
10915	G	G	184.187	37	13	13	5.42101e-19	5.42101e-19	184.187	5.42101e-19
10916	C	C	197.224	37	14	14	0	197.224	0	0
10917	T	T	194.801	37	14	14	0	0	0	194.801
10918	T	T	195.138	37	14	14	0	0	0	195.138
10919	G	G	197.842	37	14	14	0	0	197.842	0
10920	T	T	181.012	37	13	13	5.42101e-19	2.1684e-18	5.42101e-19	181.012
10921	C	C	184.896	37	13	13	5.42101e-19	184.896	5.42101e-19	5.42101e-19
10922	A	A	184.897	37	13	13	184.897	5.42101e-19	5.42101e-19	5.42101e-19
10923	A	A	184.897	37	13	13	184.897	5.42101e-19	5.42101e-19	5.42101e-19
10924	T	T	184.863	37	13	13	5.42101e-19	5.42101e-19	5.42101e-19	184.863
10925	A	A	195.432	37	14	14	195.432	0	0	0
10926	A	A	209.962	37	15	15	209.962	0	0	0
10927	G	G	197.963	37	15	14	0	0	197.963	0
10928	C	C	212.533	37	15	15	0	212.533	0	0
10929	C	C	180.847	37	14	13	0	180.847	0	3.25261e-18
10930	A	A	181.451	37	14	14	181.451	0	3.25261e-18	0
10931	A	A	179.674	37	14	14	179.674	0	4.87891e-18	0
10932	A	A	169.155	37	14	14	169.155	0	5.25838e-17	0
10933	C	C	170.084	37	13	12	1.0842e-18	170.084	1.0842e-18	4.01155e-17
10934	A	A	171.599	37	13	13	171.599	5.42101e-19	2.92735e-17	5.42101e-19
10935	A	A	180.211	37	13	13	180.211	5.42101e-19	3.25261e-18	5.42101e-19
10936	T	T	178.256	37	14	14	0	6.50521e-18	0	178.256
10937	G	G	184.897	37	13	13	5.42101e-19	5.42101e-19	184.897	5.42101e-19
10938	C	C	167.021	37	13	12	3.25261e-18	167.021	3.25261e-18	8.0231e-17
10939	A	A	180.753	37	13	13	180.753	5.42101e-19	2.71051e-18	5.42101e-19
10940	A	A	180.548	37	13	13	180.548	5.42101e-19	2.71051e-18	5.42101e-19
10941	A	A	180.211	37	13	13	180.211	5.42101e-19	3.25261e-18	5.42101e-19
10942	C	C	197.913	37	14	14	0	197.913	0	0
10943	T	T	180.019	37	13	13	5.42101e-19	3.25261e-18	5.42101e-19	180.019
10944	A	A	181.317	37	13	13	181.317	5.42101e-19	2.1684e-18	5.42101e-19
10945	T	T	180.843	37	13	13	5.42101e-19	2.71051e-18	5.42101e-19	180.843
10946	T	T	181.05	37	13	13	5.42101e-19	2.1684e-18	5.42101e-19	181.05
10947	T	T	184.897	37	13	13	5.42101e-19	5.42101e-19	5.42101e-19	184.897
10948	T	T	184.897	37	13	13	5.42101e-19	5.42101e-19	5.42101e-19	184.897
10949	A	A	157.778	37	13	13	157.778	5.42101e-19	7.23705e-16	5.42101e-19
10950	C	C	182.341	37	13	13	1.0842e-18	182.341	1.0842e-18	1.0842e-18
10951	T	T	177.72	37	14	14	0	7.58942e-18	0	177.72
10952	A	A	165.084	37	13	13	165.084	5.42101e-19	1.33899e-16	5.42101e-19
10953	G	G	167.794	37	13	12	6.72205e-17	2.1684e-18	167.794	2.1684e-18
10954	A	A	165.621	37	12	12	165.621	1.35525e-17	9.21572e-17	1.35525e-17
10955	C	C	168.316	37	13	12	2.1684e-18	168.316	2.1684e-18	5.96311e-17
10956	A	A	170.306	37	12	12	170.306	1.35525e-17	1.35525e-17	1.35525e-17
10957	T	T	159.719	37	12	12	1.35525e-17	4.36391e-16	1.35525e-17	159.719
10958	A	A	170.307	37	12	12	170.307	1.35525e-17	1.35525e-17	1.35525e-17
10959	A	A	170.306	37	12	12	170.306	1.35525e-17	1.35525e-17	1.35525e-17
10960	C	C	170.251	37	12	12	1.35525e-17	170.251	1.35525e-17	1.35525e-17
10961	C	C	170.307	37	12	12	1.35525e-17	170.307	1.35525e-17	1.35525e-17
10962	T	T	170.307	37	12	12	1.35525e-17	1.35525e-17	1.35525e-17	170.307
10963	G	G	170.307	37	12	12	1.35525e-17	1.35525e-17	170.307	1.35525e-17
10964	A	A	184.897	37	13	13	184.897	5.42101e-19	5.42101e-19	5.42101e-19
10965	C	C	183.914	37	13	13	5.42101e-19	183.914	5.42101e-19	5.42101e-19
10966	T	T	186.328	37	14	14	0	1.0842e-18	0	186.328
10967	A	A	181.723	37	14	14	181.723	0	2.71051e-18	0
10968	G	G	196.068	37	14	14	0	0	196.068	0
10969	A	A	185.09	37	15	15	185.09	0	1.0842e-18	0
10970	A	A	192.556	37	15	15	192.556	0	0	0
10971	A	A	178.588	37	14	14	178.588	0	5.96311e-18	0
10972	A	A	171.865	37	13	13	171.865	5.42101e-19	2.71051e-17	5.42101e-19
10973	T	T	159.906	37	12	12	1.35525e-17	4.16876e-16	1.35525e-17	159.906
10974	G	G	151.898	37	12	11	2.62269e-15	9.1073e-17	151.898	9.1073e-17
10975	G	G	182.461	37	13	13	5.42101e-19	5.42101e-19	182.461	1.0842e-18
10976	A	A	195.138	37	14	14	195.138	0	0	0
10977	C	C	209.605	37	15	15	0	209.605	0	0
10978	T	T	187.577	37	15	15	0	5.42101e-19	0	187.577
10979	A	A	188.906	37	14	14	188.906	0	5.42101e-19	0
10980	C	C	194.073	37	15	14	0	194.073	0	0
10981	C	C	212.401	37	15	15	0	212.401	0	0
10982	A	A	193.559	37	14	14	193.559	0	0	0
10983	A	A	177.993	37	13	13	177.993	1.0842e-18	4.87891e-18	1.0842e-18
10984	A	A	204.098	37	15	15	204.098	0	0	0
10985	A	A	203.2	37	15	15	203.2	0	0	0
10986	T	T	203.419	37	15	15	0	0	0	203.419
10987	C	C	212.553	37	15	15	0	212.553	0	0
10988	C	C	180.991	37	14	13	0	180.991	0	3.25261e-18
10989	A	A	195.138	37	14	14	195.138	0	0	0
10990	T	T	200.351	37	15	15	0	0	0	200.351
10991	C	C	196.857	37	15	14	0	196.857	0	0
10992	T	T	188.495	37	14	14	0	5.42101e-19	0	188.495
10993	C	C	210.931	37	15	15	0	210.931	0	0
10994	C	C	225.329	37	16	16	0	225.329	0	0
10995	T	T	207.146	37	16	16	0	0	0	207.146
10996	A	A	218.432	37	16	16	218.432	0	0	0
10997	C	C	181.124	37	16	14	0	181.124	0	4.33681e-18
10998	T	T	214.871	37	16	16	0	0	0	214.871
10999	T	T	210.191	37	15	15	0	0	0	210.191
11000	C	C	227.092	37	16	16	0	227.092	0	0
11001	C	C	226.005	37	16	16	0	226.005	0	0
11002	A	A	208.03	37	15	15	208.03	0	0	0
11003	A	A	195.926	37	14	14	195.926	0	0	0
11004	A	A	224.613	37	16	16	224.613	0	0	0
11005	T	T	214.385	37	17	17	0	0	0	214.385
11006	A	A	246.201	37	18	18	246.201	0	0	0
11007	A	A	244.687	37	18	18	244.687	0	0	0
11008	A	A	232.608	37	17	17	232.608	0	0	0
11009	A	A	230.341	37	17	17	230.341	0	0	0
11010	T	T	224.781	37	16	16	0	0	0	224.781
11011	C	C	228.666	37	16	16	0	228.666	0	0
11012	T	T	237.21	37	17	17	0	0	0	237.21
11013	T	T	223.98	37	16	16	0	0	0	223.98
11014	C	C	240.823	37	17	17	0	240.823	0	0
11015	A	A	243.256	37	17	17	243.256	0	0	0
11016	A	A	257.846	37	18	18	257.846	0	0	0
11017	T	T	246.552	37	18	18	0	0	0	246.552
11018	C	C	269.314	37	19	19	0	269.314	0	0
11019	A	A	268.551	37	19	19	268.551	0	0	0
11020	C	C	270.866	37	19	19	0	270.866	0	0
11021	A	A	276.366	37	20	20	276.366	0	0	0
11022	G	G	269.258	37	20	19	0	0	269.258	0
11023	T	T	282.677	37	20	20	0	0	0	282.677
11024	C	C	271.565	37	20	19	0	271.565	0	0
11025	T	T	275.95	37	20	20	0	0	0	275.95
11026	C	C	284.521	37	20	20	0	284.521	0	0
11027	T	T	261.026	37	19	19	0	0	0	261.026
11028	A	A	240.43	37	19	19	240.43	0	0	0
11029	A	A	231.25	37	19	19	231.25	0	0	0
11030	C	C	270.865	37	19	19	0	270.865	0	0
11031	A	A	219.487	37	18	18	219.487	0	0	0
11032	A	A	209.736	37	17	17	209.736	0	0	0
11033	A	A	193.44	37	14	14	193.44	0	0	0
11034	A	A	181.336	37	13	13	181.336	5.42101e-19	2.1684e-18	5.42101e-19
11035	A	A	180.843	37	13	13	180.843	5.42101e-19	2.71051e-18	5.42101e-19
11036	A	A	195.372	37	14	14	195.372	0	0	0
11037	G	G	198.428	37	14	14	0	0	198.428	0
11038	G	G	197.913	37	14	14	0	0	197.913	0
11039	A	A	184.897	37	13	13	184.897	5.42101e-19	5.42101e-19	5.42101e-19
11040	C	C	184.187	37	13	13	5.42101e-19	184.187	5.42101e-19	5.42101e-19
11041	T	T	184.897	37	13	13	5.42101e-19	5.42101e-19	5.42101e-19	184.897
11042	T	T	184.897	37	13	13	5.42101e-19	5.42101e-19	5.42101e-19	184.897
11043	A	A	168.007	37	13	13	168.007	5.42101e-19	6.77626e-17	5.42101e-19
11044	T	T	184.897	37	13	13	5.42101e-19	5.42101e-19	5.42101e-19	184.897
11045	T	T	184.897	37	13	13	5.42101e-19	5.42101e-19	5.42101e-19	184.897
11046	A	A	155.262	37	13	13	155.262	5.42101e-19	1.29183e-15	5.42101e-19
11047	A	A	146.56	37	12	12	146.56	1.35525e-17	9.56321e-15	1.35525e-17
11048	A	A	143.162	37	11	11	143.162	3.88144e-16	2.01919e-14	3.88144e-16
11049	C	C	140.069	37	10	10	1.42502e-14	140.069	1.42491e-14	1.42497e-14
11050	T	T	137.013	37	10	10	1.11673e-14	6.4059e-14	1.11678e-14	137.013
11051	A	A	136.937	37	11	11	136.937	3.88144e-16	8.7153e-14	3.88144e-16
11052	T	T	145.069	37	11	11	3.88144e-16	1.27421e-14	3.88144e-16	145.069
11053	A	A	140.622	37	11	11	140.622	3.88144e-16	3.68566e-14	3.88144e-16
11054	C	C	124.764	37	9	9	4.83309e-13	124.764	4.8329e-13	4.83298e-13
11055	T	T	115.878	37	9	9	3.21315e-13	1.05767e-11	3.21331e-13	115.878
11056	T	T	128.095	37	10	10	1.11673e-14	6.51034e-13	1.11678e-14	128.095
11057	C	C	124.057	37	10	9	5.54472e-14	124.057	5.5445e-14	1.59533e-12
11058	C	C	150.359	37	12	11	1.30104e-16	150.359	1.30104e-16	3.73833e-15
11059	T	T	150.249	37	12	12	1.30104e-17	4.07389e-15	1.30104e-17	150.249
11060	C	C	164.718	37	13	12	4.33681e-18	164.718	4.33681e-18	1.36609e-16
11061	T	T	151.444	37	12	12	1.35525e-17	3.08727e-15	1.35525e-17	151.444
11062	C	C	168.292	37	12	12	2.1684e-17	168.292	2.1684e-17	2.1684e-17
11063	T	T	166.253	37	12	12	1.35525e-17	7.58942e-17	1.35525e-17	166.253
11064	T	T	166.746	37	12	12	1.30104e-17	6.451e-17	1.30104e-17	166.746
11065	T	T	170.307	37	12	12	1.35525e-17	1.35525e-17	1.35525e-17	170.307
11066	C	C	170.307	37	12	12	1.35525e-17	170.307	1.35525e-17	1.35525e-17
11067	A	A	170.307	37	12	12	170.307	1.35525e-17	1.35525e-17	1.35525e-17
11068	T	T	170.307	37	12	12	1.35525e-17	1.35525e-17	1.35525e-17	170.307
11069	G	G	170.307	37	12	12	1.35525e-17	1.35525e-17	170.307	1.35525e-17
11070	A	A	170.307	37	12	12	170.307	1.35525e-17	1.35525e-17	1.35525e-17
11071	T	T	170.307	37	12	12	1.35525e-17	1.35525e-17	1.35525e-17	170.307
11072	C	C	196.268	37	14	14	0	196.268	0	0
11073	A	A	195.372	37	14	14	195.372	0	0	0
11074	C	C	197.846	37	14	14	0	197.846	0	0
11075	A	A	186.932	37	14	14	186.932	0	1.0842e-18	0
11076	T	T	180.239	37	14	14	0	4.33681e-18	0	180.239
11077	T	T	194.609	37	14	14	0	0	0	194.609
11078	A	A	194.801	37	14	14	194.801	0	0	0
11079	A	A	193.44	37	14	14	193.44	0	0	0
11080	T	T	187.366	37	14	14	0	5.42101e-19	0	187.366
11081	C	C	198.428	37	14	14	0	198.428	0	0
11082	C	C	198.705	37	14	14	0	198.705	0	0
11083	T	T	195.433	37	14	14	0	0	0	195.433
11084	A	A	201.183	37	15	15	201.183	0	0	0
11085	A	A	195.138	37	14	14	195.138	0	0	0
11086	G	G	198.504	37	14	14	0	0	198.504	0
11087	C	C	198.696	37	14	14	0	198.696	0	0
11088	T	T	181.012	37	13	13	5.42101e-19	2.1684e-18	5.42101e-19	181.012
11089	T	T	184.897	37	13	13	5.42101e-19	5.42101e-19	5.42101e-19	184.897
11090	C	C	184.882	37	13	13	5.42101e-19	184.882	5.42101e-19	5.42101e-19
11091	T	T	184.897	37	13	13	5.42101e-19	5.42101e-19	5.42101e-19	184.897
11092	T	T	193.559	37	14	14	0	0	0	193.559
11093	C	C	169.248	37	12	12	1.73472e-17	169.248	1.73472e-17	1.73472e-17
11094	G	G	150.426	37	13	11	3.92806e-15	4.33681e-18	150.426	4.33681e-18
11095	T	T	149.077	37	12	12	1.35525e-17	5.34457e-15	1.35525e-17	149.077
11096	A	A	158.897	37	12	12	158.897	1.35525e-17	5.32885e-16	1.35525e-17
11097	G	G	167.185	37	12	12	2.76472e-17	2.76472e-17	167.185	2.76472e-17
11098	C	C	154.338	37	11	11	5.33427e-16	154.338	5.32885e-16	5.32885e-16
11099	T	T	152.156	37	11	11	3.88144e-16	1.86727e-15	3.88144e-16	152.156
11100	A	A	129.52	37	10	10	129.52	1.11678e-14	4.62735e-13	1.11673e-14
11101	A	A	127.301	37	10	10	127.301	1.11678e-14	7.86093e-13	1.11673e-14
11102	T	T	126.537	37	9	9	3.21316e-13	3.21321e-13	3.21333e-13	126.537
11103	T	T	111.947	37	8	8	9.24516e-12	9.24532e-12	9.24559e-12	111.947
11104	T	T	111.947	37	8	8	9.24516e-12	9.24532e-12	9.24559e-12	111.947
11105	C	C	111.947	37	8	8	9.24557e-12	111.947	9.24516e-12	9.24538e-12
11106	C	C	111.947	37	8	8	9.24609e-12	111.947	9.24549e-12	9.24576e-12
11107	A	A	111.947	37	8	8	111.947	9.24558e-12	9.24528e-12	9.24516e-12
11108	C	C	111.947	37	8	8	9.24557e-12	111.947	9.24516e-12	9.24538e-12
11109	G	G	111.947	37	8	8	9.24529e-12	9.24513e-12	111.947	9.24549e-12
11110	A	A	108.062	37	8	8	108.062	9.24558e-12	4.93576e-11	9.24516e-12
11111	G	G	94.2557	37	8	7	1.52416e-09	5.29714e-11	94.2557	5.29729e-11
11112	T	T	111.947	37	8	8	9.24516e-12	9.24532e-12	9.24559e-12	111.947
11113	A	A	129.755	37	10	10	129.755	1.11678e-14	4.37154e-13	1.11673e-14
11114	A	A	127.162	37	10	10	127.162	1.11678e-14	8.12443e-13	1.11673e-14
11115	C	C	108.642	37	9	8	1.92937e-12	108.642	1.92929e-12	5.55124e-11
11116	T	T	101.444	37	8	8	9.24516e-12	2.92925e-10	9.2456e-12	101.444
11117	T	T	107.596	37	9	9	3.21315e-13	7.48976e-11	3.21332e-13	107.596
11118	C	C	125.555	37	9	9	4.02885e-13	125.555	4.02864e-13	4.02875e-13
11119	C	C	125.678	37	9	9	3.91645e-13	125.678	3.91625e-13	3.91636e-13
11120	A	A	135.081	37	10	10	135.081	1.11678e-14	1.12472e-13	1.11673e-14
11121	T	T	107.068	37	9	9	3.23276e-13	8.46679e-11	3.24697e-13	107.068
11122	A	A	137.074	37	10	10	137.074	1.11678e-14	6.28596e-14	1.11673e-14
11123	A	A	137.013	37	10	10	137.013	1.11678e-14	6.40593e-14	1.11673e-14
11124	T	T	123.847	37	10	10	1.11673e-14	1.76845e-12	1.11678e-14	123.847
11125	T	T	142.823	37	11	11	3.88144e-16	2.18936e-14	3.88415e-16	142.823
11126	A	A	144.466	37	11	11	144.466	3.88144e-16	1.47549e-14	3.88144e-16
11127	C	C	130.99	37	12	10	4.16334e-16	130.99	4.16334e-16	3.44939e-13
11128	T	T	151.297	37	12	12	1.30104e-17	3.1946e-15	1.30104e-17	151.297
11129	A	A	141.127	37	10	10	141.127	1.11678e-14	1.11676e-14	1.11673e-14
11130	G	G	141.127	37	10	10	1.11676e-14	1.11673e-14	141.127	1.11678e-14
11131	C	C	153.434	37	11	11	6.56484e-16	153.434	6.56484e-16	6.56484e-16
11132	A	A	155.717	37	11	11	155.717	3.88144e-16	3.88144e-16	3.88144e-16
11133	C	C	154.936	37	11	11	4.64581e-16	154.936	4.64581e-16	4.64581e-16
11134	A	A	151.832	37	11	11	151.832	3.88144e-16	2.07218e-15	3.88144e-16
11135	G	G	154.926	37	11	11	4.65665e-16	4.65665e-16	154.926	4.65665e-16
11136	C	C	168.733	37	12	12	1.95156e-17	168.733	1.95156e-17	1.95156e-17
11137	A	A	165.621	37	12	12	165.621	1.35525e-17	9.21572e-17	1.35525e-17
11138	A	A	164.26	37	12	12	164.26	1.35525e-17	1.36067e-16	1.35525e-17
11139	T	T	151.664	37	11	11	3.88144e-16	2.18467e-15	3.88144e-16	151.664
11140	A	A	170.307	37	12	12	170.307	1.35525e-17	1.35525e-17	1.35525e-17
11141	A	A	170.306	37	12	12	170.306	1.35525e-17	1.35525e-17	1.35525e-17
11142	G	G	170.307	37	12	12	1.35525e-17	1.35525e-17	170.307	1.35525e-17
11143	A	A	166.42	37	12	12	166.42	1.35525e-17	7.20994e-17	1.35525e-17
11144	A	A	166.163	37	12	12	166.163	1.35525e-17	7.80626e-17	1.35525e-17
11145	G	G	166.158	37	13	12	9.86624e-17	3.25261e-18	166.158	3.25261e-18
11146	A	A	173.603	37	13	13	173.603	5.42101e-19	1.78893e-17	5.42101e-19
11147	G	G	169.446	37	13	12	4.66207e-17	1.0842e-18	169.446	1.0842e-18
11148	A	A	173.586	37	13	13	173.586	5.42101e-19	1.78893e-17	5.42101e-19
11149	T	T	174.015	37	13	13	5.42101e-19	1.6263e-17	5.42101e-19	174.015
11150	C	C	182.391	37	14	13	0	182.391	0	2.1684e-18
11151	A	A	188.114	37	14	14	188.114	0	5.42101e-19	0
11152	C	C	197.151	37	14	14	0	197.151	0	0
11153	C	C	183.315	37	13	13	5.42101e-19	183.315	5.42101e-19	5.42101e-19
11154	C	C	168.807	37	13	12	2.1684e-18	168.807	2.1684e-18	5.31259e-17
11155	A	A	180.843	37	13	13	180.843	5.42101e-19	2.71051e-18	5.42101e-19
11156	G	G	183.406	37	13	13	5.42101e-19	5.42101e-19	183.406	5.42101e-19
11157	T	T	180.753	37	13	13	5.42101e-19	2.71051e-18	5.42101e-19	180.753
11158	G	G	183.814	37	14	13	2.1684e-18	0	183.814	0
11159	A	A	180.211	37	13	13	180.211	5.42101e-19	3.25261e-18	5.42101e-19
11160	C	C	184.115	37	13	13	5.42101e-19	184.115	5.42101e-19	5.42101e-19
11161	A	A	170.307	37	12	12	170.307	1.35525e-17	1.35525e-17	1.35525e-17
11162	T	T	166.746	37	12	12	1.30104e-17	6.451e-17	1.30104e-17	166.746
11163	T	T	178.849	37	13	13	0	4.33681e-18	0	178.849
11164	A	A	184.26	37	13	13	184.26	5.42101e-19	5.42101e-19	5.42101e-19
11165	A	A	184.897	37	13	13	184.897	5.42101e-19	5.42101e-19	5.42101e-19
11166	C	C	167.7	37	13	12	2.1684e-18	167.7	2.1684e-18	6.93889e-17
11167	T	T	181.244	37	13	13	5.42101e-19	2.1684e-18	5.42101e-19	181.244
11168	A	A	195.137	37	14	14	195.137	0	0	0
11169	A	A	194.801	37	14	14	194.801	0	0	0
11170	T	T	195.372	37	14	14	0	0	0	195.372
11171	C	C	184.133	37	13	13	5.42101e-19	184.133	5.42101e-19	5.42101e-19
11172	C	C	184.2	37	14	13	0	184.2	0	1.0842e-18
11173	A	A	172.792	37	14	14	172.792	0	2.27682e-17	0
11174	G	G	181.6	37	14	13	3.25261e-18	0	181.6	0
11175	T	T	166.163	37	12	12	1.35525e-17	7.80626e-17	1.35525e-17	166.163
11176	T	T	166.422	37	12	12	1.35525e-17	7.20994e-17	1.35525e-17	166.422
11177	C	C	155.716	37	11	11	3.88144e-16	155.716	3.88144e-16	3.88144e-16
11178	A	A	141.127	37	10	10	141.127	1.11678e-14	1.11676e-14	1.11673e-14
11179	A	A	137.242	37	10	10	137.242	1.11678e-14	5.96197e-14	1.11673e-14
11180	T	T	141.127	37	10	10	1.11673e-14	1.11676e-14	1.11678e-14	141.127
11181	A	A	136.778	37	10	10	136.778	1.11678e-14	6.88552e-14	1.11673e-14
11182	A	A	136.442	37	10	10	136.442	1.11678e-14	7.62094e-14	1.11673e-14
11183	C	C	141.127	37	10	10	1.11678e-14	141.127	1.11673e-14	1.11676e-14
11184	T	T	126.537	37	9	9	3.21315e-13	3.2132e-13	3.21332e-13	126.537
11185	G	G	140.417	37	10	10	1.31503e-14	1.31503e-14	140.417	1.31508e-14
11186	T	T	136.249	37	10	10	1.11673e-14	8.06687e-14	1.11678e-14	136.249
11187	A	A	123.5	37	10	10	123.5	1.11678e-14	1.91742e-12	1.11673e-14
11188	T	T	142.941	37	11	11	3.88144e-16	2.12891e-14	3.88144e-16	142.941
11189	A	A	142.293	37	12	12	142.293	1.35525e-17	2.55845e-14	1.35525e-17
11190	A	A	134.344	37	11	11	134.344	3.88144e-16	1.58938e-13	3.88144e-16
11191	A	A	142.861	37	11	11	142.861	3.88144e-16	2.16954e-14	3.88144e-16
11192	G	G	136.07	37	11	10	1.00358e-13	3.48788e-15	136.07	3.48788e-15
11193	C	C	137.241	37	11	10	2.66388e-15	137.241	2.66388e-15	7.66498e-14
11194	C	C	136.288	37	11	10	3.31766e-15	136.288	3.31766e-15	9.54629e-14
11195	G	G	167.485	37	12	12	2.54788e-17	2.54788e-17	167.485	2.60209e-17
11196	C	C	167.85	37	12	12	2.38524e-17	167.85	2.38524e-17	2.38524e-17
11197	A	A	135.2	37	10	10	135.2	1.11678e-14	1.08824e-13	1.11673e-14
11198	A	A	126.537	37	9	9	126.537	3.21332e-13	3.21319e-13	3.21315e-13
11199	T	T	122.976	37	9	9	3.21315e-13	1.54582e-12	3.21332e-13	122.976
11200	C	C	126.537	37	9	9	3.21389e-13	126.537	3.21346e-13	3.21372e-13
11201	C	C	139.554	37	10	10	1.6044e-14	139.554	1.60429e-14	1.6044e-14
11202	C	C	139.966	37	10	10	1.4679e-14	139.966	1.44855e-14	1.46058e-14
11203	C	C	140.346	37	10	10	1.33688e-14	140.346	1.33677e-14	1.33682e-14
11204	A	A	135.081	37	10	10	135.081	1.11678e-14	1.12471e-13	1.11673e-14
11205	T	T	122.94	37	9	9	3.23306e-13	1.55895e-12	3.24859e-13	122.94
11206	G	G	140.365	37	10	10	1.33086e-14	1.3308e-14	140.365	1.33086e-14
11207	G	G	139.636	37	10	10	1.57415e-14	1.5741e-14	139.636	1.57421e-14
11208	C	C	140.346	37	10	10	1.33688e-14	140.346	1.33677e-14	1.33682e-14
11209	T	T	137.074	37	10	10	1.11673e-14	6.28601e-14	1.11678e-14	137.074
11210	T	T	122.976	37	9	9	3.21315e-13	1.54583e-12	3.21332e-13	122.976
11211	C	C	139.482	37	10	10	1.63102e-14	139.482	1.63091e-14	1.63097e-14
11212	C	C	125.555	37	9	9	4.02885e-13	125.555	4.02863e-13	4.02876e-13
11213	T	T	122.188	37	9	9	3.21328e-13	1.98129e-12	3.21355e-13	122.188
11214	C	C	125.747	37	9	9	3.85486e-13	125.747	3.85465e-13	3.85477e-13
11215	A	A	122.394	37	9	9	122.394	3.2138e-13	1.85996e-12	3.21343e-13
11216	C	C	126.537	37	9	9	3.21333e-13	126.537	3.21315e-13	3.21326e-13
11217	T	T	126.537	37	9	9	3.21315e-13	3.21322e-13	3.21332e-13	126.537
11218	A	A	120.491	37	9	9	120.491	3.21331e-13	3.23613e-12	3.21315e-13
11219	A	A	111.947	37	8	8	111.947	9.24561e-12	9.24528e-12	9.24518e-12
11220	A	A	126.537	37	9	9	126.537	3.21331e-13	3.21318e-13	3.21315e-13
11221	A	A	137.242	37	10	10	137.242	1.11678e-14	5.96195e-14	1.11673e-14
11222	A	A	136.984	37	10	10	136.984	1.11678e-14	6.4642e-14	1.11673e-14
11223	A	A	136.778	37	10	10	136.778	1.11678e-14	6.88552e-14	1.11673e-14
11224	C	C	139.719	37	10	10	1.54428e-14	139.719	1.54417e-14	1.54423e-14
11225	C	C	140.417	37	10	10	1.31525e-14	140.417	1.31514e-14	1.31519e-14
11226	C	C	126.314	37	10	9	3.29787e-14	126.314	3.29787e-14	9.48773e-13
11227	C	C	153.085	37	11	11	7.11779e-16	153.085	7.11237e-16	7.11237e-16
11228	G	G	153.374	37	11	11	6.657e-16	6.657e-16	153.374	6.657e-16
11229	A	A	137.063	37	11	11	137.063	3.88144e-16	8.46374e-14	3.88144e-16
11230	A	A	149.784	37	12	12	149.784	1.35525e-17	4.53793e-15	1.35525e-17
11231	T	T	159.658	37	12	12	1.35525e-17	4.42897e-16	1.35525e-17	159.658
11232	C	C	125.678	37	9	9	3.91645e-13	125.678	3.91625e-13	3.91636e-13
11233	C	C	122.479	37	10	9	7.97507e-14	122.479	7.97474e-14	2.29462e-12
11234	C	C	139.359	37	10	10	1.67807e-14	139.359	1.67797e-14	1.67802e-14
11235	C	C	153.334	37	11	11	6.7329e-16	153.334	6.71121e-16	6.71663e-16
11236	C	C	153.897	37	11	11	5.90348e-16	153.897	5.90348e-16	5.90348e-16
11237	G	G	170.307	37	12	12	1.35525e-17	1.35525e-17	170.307	1.35525e-17
11238	T	T	163.911	37	13	13	5.42101e-19	1.75641e-16	5.42101e-19	163.911
11239	A	A	184.897	37	13	13	184.897	5.42101e-19	5.42101e-19	5.42101e-19
11240	T	T	174.202	37	13	13	0	1.51788e-17	0	174.202
11241	C	C	196.441	37	14	14	0	196.441	0	0
11242	A	A	195.343	37	14	14	195.343	0	0	0
11243	T	T	195.372	37	14	14	0	0	0	195.372
11244	A	A	194.801	37	14	14	194.801	0	0	0
11245	A	A	193.44	37	14	14	193.44	0	0	0
11246	A	A	184.897	37	13	13	184.897	5.42101e-19	5.42101e-19	5.42101e-19
11247	T	T	184.897	37	13	13	5.42101e-19	5.42101e-19	5.42101e-19	184.897
11248	T	T	184.897	37	13	13	5.42101e-19	5.42101e-19	5.42101e-19	184.897
11249	A	A	180.548	37	13	13	180.548	5.42101e-19	2.71051e-18	5.42101e-19
11250	C	C	184.896	37	13	13	5.42101e-19	184.896	5.42101e-19	5.42101e-19
11251	T	T	184.897	37	13	13	5.42101e-19	5.42101e-19	5.42101e-19	184.897
11252	C	C	183.243	37	14	13	0	183.243	0	2.1684e-18
11253	A	A	182.207	37	14	14	182.207	0	2.71051e-18	0
11254	A	A	188.095	37	15	15	188.095	0	5.42101e-19	0
11255	T	T	200.066	37	16	16	0	0	0	200.066
11256	C	C	186.131	37	15	14	0	186.131	0	0
11257	G	G	196.851	37	15	14	0	0	196.851	0
11258	C	C	183.425	37	13	13	5.42101e-19	183.425	5.42101e-19	5.42101e-19
11259	C	C	169.69	37	12	12	1.57209e-17	169.69	1.57209e-17	1.57209e-17
11260	T	T	170.307	37	12	12	1.35525e-17	1.35525e-17	1.35525e-17	170.307
11261	A	A	159.943	37	12	12	159.943	1.35525e-17	4.13081e-16	1.35525e-17
11262	T	T	170.306	37	12	12	1.35525e-17	1.35525e-17	1.35525e-17	170.306
11263	T	T	170.306	37	12	12	1.35525e-17	1.35525e-17	1.35525e-17	170.306
11264	C	C	155.717	37	11	11	3.88144e-16	155.717	3.88144e-16	3.88144e-16
11265	C	C	155.494	37	12	11	3.95734e-17	155.494	3.95734e-17	1.146e-15
11266	A	A	151.832	37	11	11	151.832	3.88144e-16	2.07218e-15	3.88144e-16
11267	T	T	161.997	37	13	13	5.42101e-19	2.73219e-16	5.42101e-19	161.997
11268	T	T	165.45	37	13	13	0	1.22515e-16	0	165.45
11269	A	A	209.391	37	15	15	209.391	0	0	0
11270	A	A	201.384	37	15	15	201.384	0	0	0
11271	A	A	188.94	37	14	14	188.94	0	5.42101e-19	0
11272	T	T	193.66	37	15	15	0	0	0	193.66
11273	T	T	200.964	37	16	16	0	0	0	200.964
11274	T	T	221.735	37	17	17	0	0	0	221.735
11275	A	A	237.209	37	17	17	237.209	0	0	0
11276	A	A	228.666	37	16	16	228.666	0	0	0
11277	A	A	239.695	37	17	17	239.695	0	0	0
11278	T	T	229.214	37	18	18	0	0	0	229.214
11279	A	A	253.731	37	18	18	253.731	0	0	0
11280	C	C	231.603	37	18	17	0	231.603	0	0
11281	A	A	245.291	37	18	18	245.291	0	0	0
11282	A	A	239.112	37	17	17	239.112	0	0	0
11283	T	T	251.799	37	18	18	0	0	0	251.799
11284	C	C	256.863	37	18	18	0	256.863	0	0
11285	T	T	253.497	37	18	18	0	0	0	253.497
11286	C	C	226.181	37	17	16	0	226.181	0	0
11287	A	A	238.378	37	17	17	238.378	0	0	0
11288	A	A	237.329	37	17	17	237.329	0	0	0
11289	C	C	216.982	34.2735	17	16	0	216.982	0	0
11290	T	T	238.378	34.2735	17	17	0	0	0	238.378
11291	T	T	239.142	34.2735	17	17	0	0	0	239.142
11292	C	C	197.161	34.2735	17	15	0	197.161	0	0
11293	A	A	215.964	34.2735	17	17	215.964	0	0	0
11294	T	T	251.918	34.3875	18	18	0	0	0	251.918
11295	C	C	225.569	34.2735	17	16	0	225.569	0	0
11296	A	A	214.009	34.2735	17	17	214.009	0	0	0
11297	T	T	208.289	34.1488	16	16	0	0	0	208.289
11298	C	C	239.321	34.2735	17	17	0	239.321	0	0
11299	T	T	224.677	34.2735	17	17	0	0	0	224.677
11300	T	T	232.561	34.2735	17	17	0	0	0	232.561
11301	T	T	203.789	34.0116	15	15	0	0	0	203.789
11302	C	C	213.459	34.0116	15	15	0	213.459	0	0
11303	A	A	195.926	33.86	14	14	195.926	0	0	0
11304	A	A	189.622	33.86	14	14	189.622	0	5.42101e-19	0
11305	G	G	181.611	33.86	14	13	3.25261e-18	0	181.611	0
11306	A	A	202.469	34.0116	15	15	202.469	0	0	0
11307	C	C	197.716	34.0116	15	14	0	197.716	0	0
11308	A	A	187.366	33.86	14	14	187.366	0	5.42101e-19	0
11309	T	T	186.455	33.86	14	14	0	1.0842e-18	0	186.455
11310	A	A	189.121	33.86	14	14	189.121	0	5.42101e-19	0
11311	A	A	209.869	34.1488	16	16	209.869	0	0	0
11312	C	C	225.911	34.1488	16	16	0	225.911	0	0
11313	A	A	187.822	34.0116	15	15	187.822	0	5.42101e-19	0
11314	G	G	193.593	34.0116	15	14	0	0	193.593	0
11315	G	G	179.271	33.86	14	13	5.42101e-18	1.0842e-18	179.271	0
11316	C	C	184.897	33.6913	13	13	5.42101e-19	184.897	5.42101e-19	5.42101e-19
11317	A	A	157.01	33.5025	12	12	157.01	1.35525e-17	8.37546e-16	1.35525e-17
11318	A	A	159.658	37	12	12	159.658	1.35525e-17	4.42897e-16	1.35525e-17
11319	T	T	165.429	37	12	12	1.35525e-17	9.75782e-17	1.35525e-17	165.429
11320	C	C	154.936	37	11	11	4.64581e-16	154.936	4.64581e-16	4.64581e-16
11321	T	T	151.664	37	11	11	3.88144e-16	2.18467e-15	3.88144e-16	151.664
11322	A	A	149.79	37	11	11	149.79	3.88144e-16	3.78224e-15	3.88144e-16
11323	T	T	149.671	37	11	11	3.88144e-16	3.90882e-15	3.88144e-16	149.671
11324	A	A	152.156	37	11	11	152.156	3.88144e-16	1.86727e-15	3.88144e-16
11325	A	A	166.253	37	12	12	166.253	1.35525e-17	7.58942e-17	1.35525e-17
11326	C	C	132.921	37	12	10	2.66714e-16	132.921	2.66714e-16	2.21111e-13
11327	T	T	164.748	37	13	13	0	1.44199e-16	0	164.748
11328	C	C	196.098	37	14	14	0	196.098	0	0
11329	A	A	181.137	37	14	14	181.137	0	3.25261e-18	0
11330	G	G	162.911	37	14	12	2.22261e-16	1.0842e-18	162.911	0
11331	A	A	173.525	37	13	13	173.525	5.42101e-19	1.84314e-17	5.42101e-19
11332	T	T	174.378	37	13	13	5.42101e-19	1.46367e-17	5.42101e-19	174.378
11333	A	A	164.379	37	12	12	164.379	1.35525e-17	1.31188e-16	1.35525e-17
11334	C	C	144.033	37	12	11	5.5728e-16	144.033	5.5728e-16	1.6044e-14
11335	T	T	165.429	37	12	12	1.35525e-17	9.75782e-17	1.35525e-17	165.429
11336	A	A	170.307	37	12	12	170.307	1.35525e-17	1.35525e-17	1.35525e-17
11337	G	G	170.306	37	12	12	1.35525e-17	1.35525e-17	170.306	1.35525e-17
11338	A	A	170.307	37	12	12	170.307	1.35525e-17	1.35525e-17	1.35525e-17
11339	C	C	170.307	37	12	12	1.35525e-17	170.307	1.35525e-17	1.35525e-17
11340	C	C	170.306	37	12	12	1.35525e-17	170.306	1.35525e-17	1.35525e-17
11341	C	C	183.323	37	13	13	5.42101e-19	183.323	5.42101e-19	5.42101e-19
11342	A	A	166.126	37	13	13	166.126	5.42101e-19	1.05168e-16	5.42101e-19
11343	C	C	183.893	37	14	13	0	183.893	0	2.1684e-18
11344	G	G	169.525	37	12	12	1.6263e-17	1.6263e-17	169.525	1.6263e-17
11345	A	A	165.429	37	12	12	165.429	1.35525e-17	9.75782e-17	1.35525e-17
11346	T	T	172.12	37	13	13	5.42101e-19	2.54788e-17	5.42101e-19	172.12
11347	A	A	166.746	37	12	12	166.746	1.35525e-17	6.50521e-17	1.35525e-17
11348	A	A	180.843	37	13	13	180.843	5.42101e-19	2.71051e-18	5.42101e-19
11349	A	A	180.782	37	13	13	180.782	5.42101e-19	2.71051e-18	5.42101e-19
11350	T	T	179.618	37	14	14	0	4.87891e-18	0	179.618
11351	G	G	210.321	37	15	15	0	0	210.321	0
11352	C	C	196.936	37	14	14	0	196.936	0	0
11353	G	G	196.092	37	14	14	0	0	196.092	0
11354	C	C	180.847	37	14	13	0	180.847	0	3.25261e-18
11355	C	C	167.018	37	13	12	3.25261e-18	167.018	3.25261e-18	8.0231e-17
11356	T	T	155.717	37	11	11	3.88144e-16	3.88144e-16	3.88144e-16	155.717
11357	A	A	149.79	37	11	11	149.79	3.88144e-16	3.78224e-15	3.88144e-16
11358	A	A	141.127	37	10	10	141.127	1.11678e-14	1.11676e-14	1.11673e-14
11359	T	T	149.79	37	11	11	3.88144e-16	3.78224e-15	3.88144e-16	149.79
11360	A	A	175.032	37	13	13	175.032	5.42101e-19	1.24683e-17	5.42101e-19
11361	C	C	182.075	37	13	13	1.0842e-18	182.075	1.0842e-18	1.0842e-18
11362	A	A	173.289	37	13	13	173.289	5.42101e-19	1.95156e-17	5.42101e-19
11363	G	G	183.615	37	14	13	2.1684e-18	0	183.615	0
11364	C	C	195.532	37	14	14	0	195.532	0	0
11365	T	T	165.171	37	14	13	1.0842e-18	1.31188e-16	1.0842e-18	165.171
11366	T	T	184.843	37	15	15	0	1.6263e-18	0	184.843
11367	T	T	187.767	37	15	15	0	5.42101e-19	0	187.767
11368	A	A	224.781	37	16	16	224.781	0	0	0
11369	T	T	215.221	37	17	17	0	0	0	215.221
11370	T	T	224.988	37	17	17	0	0	0	224.988
11371	A	A	232.134	37	18	18	232.134	0	0	0
11372	G	G	253.561	37	18	18	0	0	253.561	0
11373	A	A	229.65	37	18	18	229.65	0	0	0
11374	G	G	240.5	37	17	17	0	0	240.5	0
11375	A	A	234.641	37	18	18	234.641	0	0	0
11376	T	T	217.255	37	16	16	0	0	0	217.255
11377	T	T	218.007	37	16	16	0	0	0	218.007
11378	C	C	213.286	37	15	15	0	213.286	0	0
11379	A	A	218.688	37	16	16	218.688	0	0	0
11380	A	A	217.79	37	16	16	217.79	0	0	0
11381	A	A	231.884	37	17	17	231.884	0	0	0
11382	C	C	241.512	37	17	17	0	241.512	0	0
11383	C	C	253.222	37	18	18	0	253.222	0	0
11384	T	T	223.198	37	17	17	0	0	0	223.198
11385	C	C	224.651	37	17	16	0	224.651	0	0
11386	A	A	238.907	37	17	17	238.907	0	0	0
11387	G	G	242.269	37	17	17	0	0	242.269	0
11388	G	G	243.176	37	18	17	0	0	243.176	0
11389	A	A	257.846	37	18	18	257.846	0	0	0
11390	T	T	246.238	37	18	18	0	0	0	246.238
11391	A	A	253.702	37	18	18	253.702	0	0	0
11392	C	C	256.467	37	18	18	0	256.467	0	0
11393	T	T	260.315	37	19	19	0	0	0	260.315
11394	G	G	234.735	37	19	17	0	0	234.735	0
11395	C	C	257.065	37	18	18	0	257.065	0	0
11396	T	T	253.792	37	18	18	0	0	0	253.792
11397	C	C	213.459	37	15	15	0	213.459	0	0
11398	A	A	210.515	37	15	15	210.515	0	0	0
11399	G	G	196.88	37	15	14	0	0	196.88	0
11400	T	T	214.076	37	15	15	0	0	0	214.076
11401	G	G	212.256	37	15	15	0	0	212.256	0
11402	G	G	177.241	37	15	13	8.67362e-18	0	177.241	0
11403	C	C	199.486	37	14	14	0	199.486	0	0
11404	C	C	199.486	37	14	14	0	199.486	0	0
11405	A	A	188.192	37	14	14	188.192	0	5.42101e-19	0
11406	T	T	194.608	37	14	14	0	0	0	194.608
11407	A	A	180.019	37	13	13	180.019	5.42101e-19	3.25261e-18	5.42101e-19
11408	G	G	183.323	37	13	13	5.42101e-19	5.42101e-19	183.323	5.42101e-19
11409	C	C	169.69	37	12	12	1.57209e-17	169.69	1.57209e-17	1.57209e-17
11410	C	C	183.252	37	13	13	5.42101e-19	183.252	5.42101e-19	5.42101e-19
11411	G	G	166.709	37	13	12	8.67362e-17	3.25261e-18	166.709	3.25261e-18
11412	T	T	180.548	37	13	13	5.42101e-19	2.71051e-18	5.42101e-19	180.548
11413	A	A	165.521	37	13	13	165.521	5.42101e-19	1.20889e-16	5.42101e-19
11414	G	G	181.481	37	13	13	1.0842e-18	1.0842e-18	181.481	1.0842e-18
11415	T	T	170.306	37	12	12	1.35525e-17	1.35525e-17	1.35525e-17	170.306
11416	A	A	149.67	37	11	11	149.67	3.88144e-16	3.90909e-15	3.88144e-16
11417	T	T	141.127	37	10	10	1.11673e-14	1.11676e-14	1.11678e-14	141.127
11418	A	A	155.717	37	11	11	155.717	3.88144e-16	3.88144e-16	3.88144e-16
11419	A	A	146.066	37	11	11	146.066	3.88144e-16	9.96843e-15	3.88144e-16
11420	C	C	154.857	37	11	11	4.73254e-16	154.857	4.73254e-16	4.73254e-16
11421	C	C	167.72	37	13	12	2.1684e-18	167.72	2.1684e-18	6.83047e-17
11422	A	A	187.157	37	14	14	187.157	0	5.42101e-19	0
11423	A	A	184.251	37	14	14	184.251	0	1.6263e-18	0
11424	A	A	160.235	37	12	12	160.235	1.35525e-17	3.8435e-16	1.35525e-17
11425	A	A	174.165	37	13	13	174.165	5.42101e-19	1.57209e-17	5.42101e-19
11426	A	A	188.235	37	14	14	188.235	0	5.42101e-19	0
11427	C	C	182.514	37	14	13	0	182.514	0	2.1684e-18
11428	C	C	181.631	37	14	13	0	181.631	0	3.25261e-18
11429	A	A	184.897	37	13	13	184.897	5.42101e-19	5.42101e-19	5.42101e-19
11430	C	C	182.998	37	14	13	0	182.998	0	2.1684e-18
11431	A	A	210.023	37	15	15	210.023	0	0	0
11432	A	A	209.925	37	15	15	209.925	0	0	0
11433	C	C	250.823	37	18	18	0	250.823	0	0
11434	C	C	218.491	37	18	16	0	218.491	0	0
11435	A	A	238.907	37	17	17	238.907	0	0	0
11436	T	T	229.969	37	18	18	0	0	0	229.969
11437	T	T	232.65	37	18	18	0	0	0	232.65
11438	C	C	238.118	34.4921	19	17	0	238.118	0	0
11439	A	A	261.481	34.4921	19	19	261.481	0	0	0
11440	A	A	260.106	34.4921	19	19	260.106	0	0	0
11441	C	C	270.854	34.4921	19	19	0	270.854	0	0
11442	C	C	225.12	34.2735	17	16	0	225.12	0	0
11443	T	T	243.256	34.2735	17	17	0	0	0	243.256
11444	A	A	239.113	34.2735	17	17	239.113	0	0	0
11445	A	A	238.907	34.2735	17	17	238.907	0	0	0
11446	A	A	253.16	34.3875	18	18	253.16	0	0	0
11447	T	T	258.471	34.4921	19	19	0	0	0	258.471
11448	A	A	257.846	34.3875	18	18	257.846	0	0	0
11449	A	A	257.846	34.3875	18	18	257.846	0	0	0
11450	A	A	257.846	34.3875	18	18	257.846	0	0	0
11451	T	T	253.961	34.3875	18	18	0	0	0	253.961
11452	T	T	271.65	34.5884	20	20	0	0	0	271.65
11453	A	A	277.374	34.5884	20	20	277.374	0	0	0
11454	A	A	276.408	34.5884	20	20	276.408	0	0	0
11455	A	A	276.072	34.5884	20	20	276.072	0	0	0
11456	A	A	289.286	34.6774	21	21	289.286	0	0	0
11457	A	A	300.97	34.76	22	22	300.97	0	0	0
11458	A	A	276.953	34.5884	20	20	276.953	0	0	0
11459	A	A	276.294	34.5884	20	20	276.294	0	0	0
11460	C	C	269.241	34.5884	20	19	0	269.241	0	0
11461	C	C	286.315	34.5884	20	20	0	286.315	0	0
11462	A	A	253.894	34.5884	20	20	253.894	0	0	0
11463	T	T	271.65	34.5884	20	20	0	0	0	271.65
11464	T	T	274.933	34.5884	20	20	0	0	0	274.933
11465	C	C	269.143	37	19	19	0	269.143	0	0
11466	A	A	246.192	37	19	19	246.192	0	0	0
11467	A	A	242.052	37	19	19	242.052	0	0	0
11468	C	C	242.494	37	17	17	0	242.494	0	0
11469	C	C	242.639	37	17	17	0	242.639	0	0
11470	T	T	228.666	37	16	16	0	0	0	228.666
11471	A	A	194.509	37	15	15	194.509	0	0	0
11472	A	A	184.061	37	15	15	184.061	0	1.6263e-18	0
11473	A	A	173.603	37	13	13	173.603	5.42101e-19	1.78893e-17	5.42101e-19
11474	A	A	171.903	37	13	13	171.903	5.42101e-19	2.71051e-17	5.42101e-19
11475	A	A	180	37	13	13	180	5.42101e-19	3.25261e-18	5.42101e-19
11476	A	A	193.559	37	14	14	193.559	0	0	0
11477	G	G	184.896	37	13	13	5.42101e-19	5.42101e-19	184.896	5.42101e-19
11478	A	A	181.012	37	13	13	181.012	5.42101e-19	2.71051e-18	5.42101e-19
11479	C	C	183.489	37	13	13	5.42101e-19	183.489	5.42101e-19	5.42101e-19
11480	C	C	184.187	37	13	13	5.42101e-19	184.187	5.42101e-19	5.42101e-19
11481	C	C	184.817	37	14	13	0	184.817	0	1.0842e-18
11482	C	C	183.127	37	14	13	0	183.127	0	2.1684e-18
11483	C	C	159.337	37	13	12	1.73472e-17	159.337	1.73472e-17	4.72712e-16
11484	C	C	169.516	37	12	12	1.6263e-17	169.516	1.6263e-17	1.6263e-17
11485	A	A	170.307	37	12	12	170.307	1.35525e-17	1.35525e-17	1.35525e-17
11486	A	A	170.307	37	12	12	170.307	1.35525e-17	1.35525e-17	1.35525e-17
11487	A	A	170.307	37	12	12	170.307	1.35525e-17	1.35525e-17	1.35525e-17
11488	A	A	170.307	37	12	12	170.307	1.35525e-17	1.35525e-17	1.35525e-17
11489	C	C	183.323	37	13	13	5.42101e-19	183.323	5.42101e-19	5.42101e-19
11490	T	T	185.521	37	14	14	0	1.0842e-18	0	185.521
11491	T	T	188.114	37	14	14	0	5.42101e-19	0	188.114
11492	A	A	203.573	37	15	15	203.573	0	0	0
11493	A	A	203.419	37	15	15	203.419	0	0	0
11494	T	T	203.712	37	15	15	0	0	0	203.712
11495	A	A	192.231	37	15	15	192.231	0	0	0
11496	C	C	197.296	37	14	14	0	197.296	0	0
11497	A	A	175.39	37	14	14	175.39	0	1.24683e-17	0
11498	A	A	187.346	37	15	15	187.346	0	5.42101e-19	0
11499	T	T	207.436	37	16	16	0	0	0	207.436
11500	A	A	203.912	37	16	16	203.912	0	0	0
11501	C	C	175.643	37	15	13	0	175.643	0	1.0842e-17
11502	C	C	182.658	37	13	13	5.42101e-19	182.658	5.42101e-19	5.42101e-19
11503	A	A	181.012	37	13	13	181.012	5.42101e-19	2.71051e-18	5.42101e-19
11504	C	C	167.47	37	13	12	2.1684e-18	167.47	2.1684e-18	7.26415e-17
11505	A	A	174.02	37	13	13	174.02	5.42101e-19	1.6263e-17	5.42101e-19
11506	C	C	184.896	37	13	13	5.42101e-19	184.896	5.42101e-19	5.42101e-19
11507	C	C	184.897	37	13	13	5.42101e-19	184.897	5.42101e-19	5.42101e-19
11508	C	C	183.252	37	13	13	5.42101e-19	183.252	5.42101e-19	5.42101e-19
11509	A	A	158.997	37	12	12	158.997	1.35525e-17	5.20417e-16	1.35525e-17
11510	A	A	157.413	37	12	12	157.413	1.35525e-17	7.6111e-16	1.35525e-17
11511	A	A	151.368	37	11	11	151.368	3.88144e-16	2.39311e-15	3.88144e-16
11512	A	A	165.621	37	12	12	165.621	1.35525e-17	9.21572e-17	1.35525e-17
11513	C	C	169.248	37	12	12	1.73472e-17	169.248	1.73472e-17	1.73472e-17
11514	C	C	154.936	37	11	11	4.64581e-16	154.936	4.64581e-16	4.64581e-16
11515	C	C	154.955	37	11	11	4.62412e-16	154.955	4.62412e-16	4.62412e-16
11516	C	C	155.099	37	11	11	4.47775e-16	155.099	4.47233e-16	4.47233e-16
11517	C	C	155.717	37	11	11	3.88144e-16	155.717	3.88144e-16	3.88144e-16
11518	A	A	137.242	37	10	10	137.242	1.11678e-14	5.96197e-14	1.11673e-14
11519	C	C	141.127	37	10	10	1.11678e-14	141.127	1.11673e-14	1.11676e-14
11520	T	T	149.671	37	11	11	3.87873e-16	3.90882e-15	3.88144e-16	149.671
11521	A	A	151.031	37	11	11	151.031	3.88144e-16	2.64871e-15	3.88144e-16
11522	A	A	149.671	37	11	11	149.671	3.88144e-16	3.90909e-15	3.88144e-16
11523	C	C	140.335	37	10	10	1.34029e-14	140.335	1.34002e-14	1.34013e-14
11524	A	A	141.127	37	10	10	141.127	1.11678e-14	1.11676e-14	1.11673e-14
11525	A	A	137.242	37	10	10	137.242	1.11678e-14	5.96197e-14	1.11673e-14
11526	T	T	141.127	37	10	10	1.11673e-14	1.11676e-14	1.11678e-14	141.127
11527	T	T	141.127	37	10	10	1.11673e-14	1.11676e-14	1.11678e-14	141.127
11528	A	A	130.478	37	10	10	130.478	1.11724e-14	3.66727e-13	1.117e-14
11529	T	T	141.127	37	10	10	1.11673e-14	1.11676e-14	1.11678e-14	141.127
11530	A	A	115.843	37	9	9	115.843	3.21332e-13	1.06691e-11	3.21315e-13
11531	A	A	107.959	37	9	9	107.959	3.21332e-13	6.88479e-11	3.21315e-13
11532	C	C	126.537	37	9	9	3.21327e-13	126.537	3.21313e-13	3.2132e-13
11533	T	T	111.947	37	8	8	9.24516e-12	9.24528e-12	9.24558e-12	111.947
11534	A	A	85.7503	37	7	7	85.7503	2.66021e-10	1.10226e-08	2.6601e-10
11535	A	A	83.5319	37	7	7	83.5319	2.66021e-10	1.87251e-08	2.6601e-10
11536	C	C	82.7678	37	6	6	7.65408e-09	82.7678	7.65386e-09	7.65396e-09
11537	C	C	68.1779	37	5	5	2.2023e-07	68.1779	2.20224e-07	2.20227e-07
11538	C	C	68.1779	37	5	5	2.2023e-07	68.1779	2.20224e-07	2.20227e-07
11539	C	C	68.1779	37	5	5	2.2023e-07	68.1779	2.20224e-07	2.20227e-07
11540	C	C	68.1779	37	5	5	2.2023e-07	68.1779	2.20224e-07	2.20227e-07
11541	C	C	68.1779	37	5	5	2.2023e-07	68.1779	2.20224e-07	2.20227e-07
11542	G	G	52.0652	37	5	4	2.52398e-05	8.77199e-07	52.0652	8.77212e-07
11543	T	T	68.1779	37	5	5	2.20224e-07	2.20226e-07	2.20231e-07	68.1779
11544	A	A	53.5881	37	4	4	53.5881	6.33662e-06	6.33652e-06	6.33648e-06
11545	A	A	68.1779	37	5	5	68.1779	2.20231e-07	2.20226e-07	2.20224e-07
11546	A	A	68.1779	37	5	5	68.1779	2.20231e-07	2.20226e-07	2.20224e-07
11547	T	T	69.6809	37	6	6	8.02738e-09	4.51082e-07	8.29502e-09	69.6809
11548	G	G	82.006	37	6	6	9.12135e-09	9.12124e-09	82.006	9.1215e-09
11549	G	G	96.5765	37	7	7	3.18429e-10	3.18424e-10	96.5765	3.18435e-10
11550	G	G	110.889	37	8	8	1.1797e-11	1.17968e-11	110.889	1.17972e-11
11551	A	A	106.02	37	8	8	106.02	9.24558e-12	9.00927e-11	9.24516e-12
11552	G	G	97.3576	37	7	7	2.66013e-10	2.66009e-10	97.3576	2.66018e-10
11553	A	A	111.947	37	8	8	111.947	9.24558e-12	9.24528e-12	9.24516e-12
11554	A	A	111.947	37	8	8	111.947	9.24558e-12	9.24528e-12	9.24516e-12
11555	G	G	111.947	37	8	8	9.24529e-12	9.24513e-12	111.947	9.24549e-12
11556	G	G	111.947	37	8	8	9.24529e-12	9.24513e-12	111.947	9.24549e-12
11557	C	C	124.254	37	9	9	5.43604e-13	124.254	5.43575e-13	5.43591e-13
11558	T	T	121.659	37	9	9	3.21315e-13	2.32107e-12	3.21332e-13	121.659
11559	T	T	122.423	37	9	9	3.21315e-13	1.84318e-12	3.21332e-13	122.423
11560	A	A	122.423	37	9	9	122.423	3.21331e-13	1.84316e-12	3.21315e-13
11561	G	G	140.069	37	10	10	1.42497e-14	1.42491e-14	140.069	1.42502e-14
11562	A	A	164.38	37	12	12	164.38	1.35525e-17	1.31188e-16	1.35525e-17
11563	A	A	155.717	37	11	11	155.717	3.88144e-16	3.88144e-16	3.88144e-16
11564	G	G	155.717	37	11	11	3.88144e-16	3.88144e-16	155.717	3.88144e-16
11565	A	A	170.27	37	12	12	170.27	1.35525e-17	1.35525e-17	1.35525e-17
11566	G	G	169.597	37	12	12	1.6263e-17	1.6263e-17	169.597	1.57209e-17
11567	A	A	180.753	37	13	13	180.753	5.42101e-19	2.71051e-18	5.42101e-19
11568	A	A	180.548	37	13	13	180.548	5.42101e-19	2.71051e-18	5.42101e-19
11569	C	C	196.351	37	14	14	0	196.351	0	0
11570	C	C	197.742	37	14	14	0	197.742	0	0
11571	C	C	183.273	37	14	13	0	183.273	0	2.1684e-18
11572	T	T	188.077	37	14	14	0	5.42101e-19	0	188.077
11573	A	A	209.933	37	15	15	209.933	0	0	0
11574	C	C	212.303	37	15	15	0	212.303	0	0
11575	A	A	209.391	37	15	15	209.391	0	0	0
11576	A	A	194.238	37	15	15	194.238	0	0	0
11577	A	A	196.72	37	15	15	196.72	0	0	0
11578	A	A	210.078	37	16	16	210.078	0	0	0
11579	C	C	210.472	37	16	15	0	210.472	0	0
11580	C	C	227.123	37	16	16	0	227.123	0	0
11581	C	C	211.122	37	15	15	0	211.122	0	0
11582	A	A	188.827	37	14	14	188.827	0	5.42101e-19	0
11583	T	T	201.082	37	15	15	0	0	0	201.082
11584	C	C	196.955	37	15	14	0	196.955	0	0
11585	A	A	194.801	37	14	14	194.801	0	0	0
11586	C	C	198.696	37	14	14	0	198.696	0	0
11587	A	A	184.897	37	13	13	184.897	5.42101e-19	5.42101e-19	5.42101e-19
11588	A	A	199.486	37	14	14	199.486	0	0	0
11589	A	A	195.926	37	14	14	195.926	0	0	0
11590	A	A	195.433	37	14	14	195.433	0	0	0
11591	A	A	189.122	37	14	14	189.122	0	5.42101e-19	0
11592	C	C	174.169	37	14	13	0	174.169	0	1.51788e-17
11593	G	G	183.814	37	14	13	2.1684e-18	0	183.814	0
11594	A	A	180.211	37	13	13	180.211	5.42101e-19	3.25261e-18	5.42101e-19
11595	G	G	183.252	37	13	13	1.0842e-18	1.0842e-18	183.252	5.42101e-19
11596	A	A	170.307	37	12	12	170.307	1.35525e-17	1.35525e-17	1.35525e-17
11597	C	C	170.307	37	12	12	1.35525e-17	170.307	1.35525e-17	1.35525e-17
11598	T	T	178.85	37	13	13	0	4.33681e-18	0	178.85
11599	G	G	184.897	37	13	13	5.42101e-19	5.42101e-19	184.897	5.42101e-19
11600	A	A	199.486	37	14	14	199.486	0	0	0
11601	A	A	199.486	37	14	14	199.486	0	0	0
11602	A	A	199.486	37	14	14	199.486	0	0	0
11603	A	A	214.076	37	15	15	214.076	0	0	0
11604	T	T	203.428	37	15	15	0	0	0	203.428
11605	A	A	243.256	37	17	17	243.256	0	0	0
11606	A	A	257.846	37	18	18	257.846	0	0	0
11607	A	A	253.883	37	18	18	253.883	0	0	0
11608	G	G	257.054	37	18	18	0	0	257.054	0
11609	A	A	247.187	37	18	18	247.187	0	0	0
11610	C	C	257.229	37	18	18	0	257.229	0	0
11611	A	A	259.138	37	19	19	259.138	0	0	0
11612	A	A	253.16	37	18	18	253.16	0	0	0
11613	T	T	253.255	37	18	18	0	0	0	253.255
11614	A	A	257.846	37	18	18	257.846	0	0	0
11615	T	T	256.261	37	20	20	0	0	0	256.261
11616	A	A	287.025	37	20	20	287.025	0	0	0
11617	C	C	284.594	37	20	20	0	284.594	0	0
11618	A	A	277.161	37	20	20	277.161	0	0	0
11619	T	T	282.367	37	21	21	0	0	0	282.367
11620	T	T	296.737	37	21	21	0	0	0	296.737
11621	G	G	294.905	37	22	21	0	0	294.905	0
11622	T	T	299.8	37	23	23	0	0	0	299.8
11623	C	C	277.171	37	22	20	0	277.171	0	0
11624	A	A	285.232	37	22	22	285.232	0	0	0
11625	T	T	269.324	37	20	20	0	0	0	269.324
11626	T	T	262.785	37	19	19	0	0	0	262.785
11627	A	A	238.126	37	19	19	238.126	0	0	0
11628	T	T	257.846	37	18	18	0	0	0	257.846
11629	T	T	266.389	37	19	19	0	0	0	266.389
11630	C	C	256.863	37	18	18	0	256.863	0	0
11631	C	C	242.396	37	17	17	0	242.396	0	0
11632	C	C	213.286	37	15	15	0	213.286	0	0
11633	A	A	228.666	37	16	16	228.666	0	0	0
11634	A	A	233.184	37	17	17	233.184	0	0	0
11635	A	A	232.524	37	17	17	232.524	0	0	0
11636	T	T	232.265	37	17	17	0	0	0	232.265
11637	G	G	225.914	37	17	16	0	0	225.914	0
11638	G	G	214.032	37	17	16	0	0	214.032	0
11639	A	A	203.572	37	15	15	203.572	0	0	0
11640	A	A	203.419	37	15	15	203.419	0	0	0
11641	T	T	214.076	37	15	15	0	0	0	214.076
11642	C	C	214.076	37	15	15	0	214.076	0	0
11643	T	T	193.559	37	14	14	0	0	0	193.559
11644	C	C	183.374	37	14	13	0	183.374	0	2.1684e-18
11645	A	A	215.964	37	17	17	215.964	0	0	0
11646	C	C	239.471	37	17	17	0	239.471	0	0
11647	C	C	195.018	37	15	14	0	195.018	0	0
11648	A	A	198.967	37	16	16	198.967	0	0	0
11649	T	T	174.29	37	14	14	0	1.6263e-17	0	174.29
11650	G	G	197.654	37	14	14	0	0	197.654	0
11651	A	A	187.394	37	14	14	187.394	0	5.42101e-19	0
11652	C	C	211.886	37	15	15	0	211.886	0	0
11653	A	A	184.896	37	13	13	184.896	5.42101e-19	5.42101e-19	5.42101e-19
11654	A	A	184.897	37	13	13	184.897	5.42101e-19	5.42101e-19	5.42101e-19
11655	G	G	184.187	37	13	13	5.42101e-19	5.42101e-19	184.187	5.42101e-19
11656	T	T	181.336	37	13	13	5.42101e-19	2.1684e-18	5.42101e-19	181.336
11657	G	G	182.686	37	14	13	2.1684e-18	0	182.686	0
11658	A	A	209.39	37	15	15	209.39	0	0	0
11659	C	C	212.158	37	15	15	0	212.158	0	0
11660	A	A	189.622	37	14	14	189.622	0	5.42101e-19	0
11661	T	T	189.199	37	14	14	0	5.42101e-19	0	189.199
11662	G	G	197.647	37	14	14	0	0	197.647	0
11663	A	A	200.251	37	15	15	200.251	0	0	0
11664	A	A	201.956	37	15	15	201.956	0	0	0
11665	A	A	195.433	37	14	14	195.433	0	0	0
11666	A	A	195.372	37	14	14	195.372	0	0	0
11667	A	A	203.18	37	15	15	203.18	0	0	0
11668	T	T	203.428	37	15	15	0	0	0	203.428
11669	C	C	211.643	37	15	15	0	211.643	0	0
11670	A	A	209.198	37	15	15	209.198	0	0	0
11671	C	C	212.585	37	15	15	0	212.585	0	0
11672	C	C	198.725	37	14	14	0	198.725	0	0
11673	G	G	199.486	37	14	14	0	0	199.486	0
11674	T	T	199.486	37	14	14	0	0	0	199.486
11675	T	T	199.486	37	14	14	0	0	0	199.486
11676	G	G	198.777	37	14	14	0	0	198.777	0
11677	T	T	208.149	37	15	15	0	0	0	208.149
11678	A	A	224.317	37	16	16	224.317	0	0	0
11679	C	C	226.903	37	16	16	0	226.903	0	0
11680	T	T	222.71	37	17	17	0	0	0	222.71
11681	T	T	210.359	37	16	16	0	0	0	210.359
11682	C	C	227.175	37	16	16	0	227.175	0	0
11683	A	A	232.892	37	17	17	232.892	0	0	0
11684	A	A	224.949	37	17	17	224.949	0	0	0
11685	C	C	239.157	37	18	17	0	239.157	0	0
11686	T	T	231.727	37	17	17	0	0	0	231.727
11687	A	A	236.373	37	18	18	236.373	0	0	0
11688	C	C	241.436	37	17	17	0	241.436	0	0
11689	A	A	222.739	37	16	16	222.739	0	0	0
11690	A	A	214.071	37	15	15	214.071	0	0	0
11691	G	G	196.65	37	15	14	0	0	196.65	0
11692	A	A	209.933	37	15	15	209.933	0	0	0
11693	A	A	224.317	34.1488	16	16	224.317	0	0	0
11694	C	C	183.654	34.1488	16	14	0	183.654	0	2.1684e-18
11695	C	C	203.185	34.1488	16	15	0	203.185	0	0
11696	T	T	210.023	34.0116	15	15	0	0	0	210.023
11697	T	T	210.515	34.0116	15	15	0	0	0	210.515
11698	A	A	203.122	34.0116	15	15	203.122	0	0	0
11699	A	A	201.629	34.0116	15	15	201.629	0	0	0
11700	T	T	214.076	34.0116	15	15	0	0	0	214.076
11701	G	G	167.822	33.6913	13	12	6.72205e-17	2.1684e-18	167.822	2.1684e-18
11702	A	A	180.548	33.6913	13	13	180.548	5.42101e-19	2.71051e-18	5.42101e-19
11703	C	C	184.896	33.6913	13	13	5.42101e-19	184.896	5.42101e-19	5.42101e-19
11704	C	C	131.298	33.6913	13	11	3.88144e-16	131.298	3.88144e-16	3.21327e-13
11705	A	A	152.272	33.5025	12	12	152.272	1.35525e-17	2.54679e-15	1.35525e-17
11706	A	A	165.084	33.6913	13	13	165.084	5.42101e-19	1.33899e-16	5.42101e-19
11707	C	C	168.784	33.6913	13	12	2.1684e-18	168.784	2.1684e-18	5.42101e-17
11708	A	A	180.211	33.6913	13	13	180.211	5.42101e-19	3.25261e-18	5.42101e-19
11709	T	T	164.959	33.6913	13	13	5.42101e-19	1.37694e-16	5.42101e-19	164.959
11710	C	C	168.127	33.5025	12	12	2.22261e-17	168.127	2.22261e-17	2.22261e-17
11711	C	C	168.783	33.5025	12	12	1.89735e-17	168.783	1.89735e-17	1.89735e-17
11712	G	G	184.106	33.6913	13	13	5.42101e-19	5.42101e-19	184.106	5.42101e-19
11713	A	A	180.547	33.6913	13	13	180.547	5.42101e-19	2.71051e-18	5.42101e-19
11714	A	A	180.211	33.6913	13	13	180.211	5.42101e-19	3.25261e-18	5.42101e-19
11715	A	A	178.85	33.6913	13	13	178.85	5.42101e-19	4.87891e-18	5.42101e-19
11716	A	A	166.422	33.5025	12	12	166.422	1.35525e-17	7.20994e-17	1.35525e-17
11717	A	A	180.753	33.6913	13	13	180.753	5.42101e-19	2.71051e-18	5.42101e-19
11718	A	A	180.548	33.6913	13	13	180.548	5.42101e-19	2.71051e-18	5.42101e-19
11719	C	C	184.023	33.6913	13	13	5.42101e-19	184.023	5.42101e-19	5.42101e-19
11720	C	C	184.106	33.6913	13	13	5.42101e-19	184.106	5.42101e-19	5.42101e-19
11721	A	A	170.306	37	12	12	170.306	1.35525e-17	1.35525e-17	1.35525e-17
11722	C	C	116.708	37	12	10	1.11673e-14	116.708	1.11673e-14	9.24546e-12
11723	C	C	170.084	37	13	12	1.0842e-18	170.084	1.0842e-18	4.01155e-17
11724	C	C	183.838	37	13	13	5.42101e-19	183.838	5.42101e-19	5.42101e-19
11725	A	A	166.999	37	13	13	166.999	5.42101e-19	8.5652e-17	5.42101e-19
11726	T	T	180.843	37	13	13	5.42101e-19	2.71051e-18	5.42101e-19	180.843
11727	T	T	181.336	37	13	13	5.42101e-19	2.1684e-18	5.42101e-19	181.336
11728	A	A	144.05	37	11	11	144.05	4.3097e-16	1.62489e-14	4.12268e-16
11729	G	G	153.353	37	11	11	6.68953e-16	6.68953e-16	153.353	6.68953e-16
11730	C	C	154.143	37	11	11	5.57822e-16	154.143	5.57822e-16	5.57822e-16
11731	T	T	150.839	37	11	11	3.88144e-16	2.80375e-15	3.88144e-16	150.839
11732	A	A	149.671	37	11	11	149.671	3.88144e-16	3.90882e-15	3.88144e-16
11733	A	A	137.211	37	10	10	137.211	1.12849e-14	6.00244e-14	1.12353e-14
11734	A	A	136.984	37	10	10	136.984	1.11678e-14	6.4642e-14	1.11673e-14
11735	A	A	136.778	37	10	10	136.778	1.11678e-14	6.8855e-14	1.11673e-14
11736	T	T	141.127	37	10	10	1.11673e-14	1.11676e-14	1.11678e-14	141.127
11737	C	C	141.127	37	10	10	1.11678e-14	141.127	1.11673e-14	1.11676e-14
11738	A	A	116.303	37	9	9	116.303	3.21331e-13	9.531e-12	3.21315e-13
11739	T	T	126.537	37	9	9	3.21319e-13	3.21327e-13	3.21339e-13	126.537
11740	C	C	126.537	37	9	9	3.21332e-13	126.537	3.21315e-13	3.21324e-13
11741	A	A	101.066	37	8	8	101.066	9.24558e-12	3.21284e-10	9.24516e-12
11742	A	A	128.351	37	10	10	128.351	1.11678e-14	6.12548e-13	1.11673e-14
11743	C	C	109.119	37	9	8	1.72875e-12	109.119	1.72867e-12	4.97401e-11
11744	A	A	136.249	37	10	10	136.249	1.11678e-14	8.06682e-14	1.11673e-14
11745	A	A	135.2	37	10	10	135.2	1.11678e-14	1.08824e-13	1.11673e-14
11746	C	C	137.445	37	10	10	2.60691e-14	137.445	2.60675e-14	2.60686e-14
11747	T	T	134.344	37	11	11	3.88144e-16	1.58939e-13	3.88144e-16	134.344
11748	C	C	137.959	37	11	10	2.25839e-15	137.959	2.25839e-15	6.49686e-14
11749	A	A	166.163	37	12	12	166.163	1.35525e-17	7.80626e-17	1.35525e-17
11750	T	T	152	37	12	12	1.35525e-17	2.71322e-15	1.35525e-17	152
11751	T	T	159.943	37	12	12	1.35525e-17	4.13081e-16	1.35525e-17	159.943
11752	T	T	166.253	37	12	12	1.35525e-17	7.58942e-17	1.35525e-17	166.253
11753	A	A	155.717	37	11	11	155.717	3.88144e-16	3.88144e-16	3.88144e-16
11754	T	T	155.717	37	11	11	3.88144e-16	3.88144e-16	3.88144e-16	155.717
11755	T	T	164.379	37	12	12	1.35525e-17	1.31188e-16	1.35525e-17	164.379
11756	G	G	169.447	37	12	12	1.68051e-17	1.68051e-17	169.447	1.6263e-17
11757	A	A	173.818	37	13	13	173.818	5.42101e-19	1.73472e-17	5.42101e-19
11758	T	T	173.603	37	13	13	5.42101e-19	1.78893e-17	5.42101e-19	173.603
11759	C	C	168.83	37	12	12	1.89735e-17	168.83	1.89735e-17	1.89735e-17
11760	T	T	166.163	37	12	12	1.35525e-17	7.80626e-17	1.35525e-17	166.163
11761	T	T	166.422	37	12	12	1.35525e-17	7.20994e-17	1.35525e-17	166.422
11762	C	C	155.717	37	11	11	3.88144e-16	155.717	3.88144e-16	3.88144e-16
11763	C	C	168.733	37	12	12	1.95156e-17	168.733	1.95156e-17	1.95156e-17
11764	A	A	157.313	37	12	12	157.313	1.35525e-17	7.79541e-16	1.35525e-17
11765	A	A	150.839	37	11	11	150.839	3.88144e-16	2.80375e-15	3.88144e-16
11766	C	C	154.955	37	11	11	4.62412e-16	154.955	4.62412e-16	4.62412e-16
11767	A	A	137.242	37	10	10	137.242	1.11678e-14	5.96195e-14	1.11673e-14
11768	C	C	154.143	37	11	11	5.57822e-16	154.143	5.57822e-16	5.57822e-16
11769	C	C	154.658	37	11	11	4.9548e-16	154.658	4.9548e-16	4.9548e-16
11770	A	A	144.641	37	11	11	144.641	3.88144e-16	1.41402e-14	3.88144e-16
11771	T	T	151.645	37	11	11	3.895e-16	2.19415e-15	3.90313e-16	151.645
11772	A	A	145.058	37	11	11	145.058	3.88144e-16	1.27757e-14	3.88144e-16
11773	A	A	144.306	37	11	11	144.306	3.88415e-16	1.53379e-14	3.88144e-16
11774	A	A	142.42	37	11	11	142.42	3.88144e-16	2.41015e-14	3.88144e-16
11775	A	A	151.031	37	11	11	151.031	3.88144e-16	2.64871e-15	3.88144e-16
11776	C	C	154.025	37	11	11	5.73001e-16	154.025	5.73001e-16	5.73001e-16
11777	A	A	141.127	37	10	10	141.127	1.11678e-14	1.11676e-14	1.11673e-14
11778	T	T	147.376	37	12	12	1.35525e-17	7.9201e-15	1.35525e-17	147.376
11779	T	T	151.088	37	12	12	1.35525e-17	3.35344e-15	1.35525e-17	151.088
11780	T	T	163.957	37	13	13	5.42101e-19	1.73472e-16	5.42101e-19	163.957
11781	C	C	182.257	37	13	13	1.0842e-18	182.257	1.0842e-18	1.0842e-18
11782	A	A	195.601	37	14	14	195.601	0	0	0
11783	G	G	198.696	37	14	14	0	0	198.696	0
11784	C	C	198.088	37	14	14	0	198.088	0	0
11785	A	A	209.391	37	15	15	209.391	0	0	0
11786	T	T	207.971	37	16	16	0	0	0	207.971
11787	G	G	214.076	37	15	15	0	0	214.076	0
11788	A	A	228.666	37	16	16	228.666	0	0	0
11789	T	T	210.603	37	16	16	0	0	0	210.603
11790	G	G	243.256	37	17	17	0	0	243.256	0
11791	A	A	243.256	37	17	17	243.256	0	0	0
11792	C	C	238.76	37	18	17	0	238.76	0	0
11793	A	A	257.846	37	18	18	257.846	0	0	0
11794	C	C	256.355	37	18	18	0	256.355	0	0
11795	T	T	253.792	37	18	18	0	0	0	253.792
11796	G	G	246.973	37	19	18	0	0	246.973	0
11797	A	A	282.911	37	20	20	282.911	0	0	0
11798	G	G	285.967	37	20	20	0	0	285.967	0
11799	G	G	272.213	37	20	19	0	0	272.213	0
11800	A	A	287.025	37	20	20	287.025	0	0	0
11801	T	T	285.297	37	22	22	0	0	0	285.297
11802	C	C	266.332	37	24	20	0	266.332	0	0
11803	C	C	340.758	37	24	24	0	340.758	0	0
11804	C	C	325.199	37	24	23	0	325.199	0	0
11805	T	T	320.589	37	24	24	0	0	0	320.589
11806	C	C	329.561	37	23	23	0	329.561	0	0
11807	C	C	330.795	37	23	23	0	330.795	0	0
11808	T	T	330.795	37	23	23	0	0	0	330.795
11809	T	T	330.795	37	23	23	0	0	0	330.795
11810	G	G	329.736	37	23	23	0	0	329.736	0
11811	G	G	293.741	37	23	21	0	0	293.741	0
11812	A	A	292.191	37	22	22	292.191	0	0	0
11813	G	G	275.366	37	22	20	0	0	275.366	0
11814	T	T	330.29	37	24	24	0	0	0	330.29
11815	C	C	299.315	37	24	22	0	299.315	0	0
11816	T	T	310.336	37	23	23	0	0	0	310.336
11817	G	G	298.121	37	21	21	0	0	298.121	0
11818	T	T	270.192	37	20	20	0	0	0	270.192
11819	T	T	268.292	37	19	19	0	0	0	268.292
11820	T	T	274.333	37	20	20	0	0	0	274.333
11821	A	A	268.382	37	19	19	268.382	0	0	0
11822	A	A	268.321	37	19	19	268.321	0	0	0
11823	T	T	273.994	37	20	20	0	0	0	273.994
11824	T	T	275.95	37	20	20	0	0	0	275.95
11825	C	C	246.875	37	19	18	0	246.875	0	0
11826	T	T	268.292	37	19	19	0	0	0	268.292
11827	A	A	261.559	37	19	19	261.559	0	0	0
11828	C	C	260.751	37	20	19	0	260.751	0	0
11829	A	A	251.104	37	20	20	251.104	0	0	0
11830	G	G	251.823	37	19	18	0	0	251.823	0
11831	A	A	230.84	37	18	18	230.84	0	0	0
11832	T	T	254.285	37	18	18	0	0	0	254.285
11833	T	T	228.582	37	16	16	0	0	0	228.582
11834	C	C	189.376	37	15	14	0	189.376	0	0
11835	T	T	208.03	37	15	15	0	0	0	208.03
11836	A	A	201.509	37	15	15	201.509	0	0	0
11837	A	A	192.216	37	15	15	192.216	0	0	0
11838	C	C	184.106	37	13	13	5.42101e-19	184.106	5.42101e-19	5.42101e-19
11839	A	A	180.782	37	13	13	180.782	5.42101e-19	2.71051e-18	5.42101e-19
11840	G	G	168.77	37	13	12	5.31259e-17	1.0842e-18	168.77	2.1684e-18
11841	G	G	173.212	37	14	13	1.95156e-17	0	173.212	0
11842	C	C	183.838	37	13	13	5.42101e-19	183.838	5.42101e-19	5.42101e-19
11843	C	C	183.893	37	14	13	0	183.893	0	2.1684e-18
11844	T	T	192.616	37	15	15	0	0	0	192.616
11845	G	G	214.076	37	15	15	0	0	214.076	0
11846	T	T	208.432	37	16	16	0	0	0	208.432
11847	T	T	215.078	37	17	17	0	0	0	215.078
11848	T	T	225.232	37	17	17	0	0	0	225.232
11849	C	C	225.2	37	17	16	0	225.2	0	0
11850	T	T	238.107	37	18	18	0	0	0	238.107
11851	A	A	247.612	37	18	18	247.612	0	0	0
11852	G	G	240.724	37	18	17	0	0	240.724	0
11853	C	C	256.274	37	18	18	0	256.274	0	0
11854	C	C	241.784	37	17	17	0	241.784	0	0
11855	A	A	245.726	37	18	18	245.726	0	0	0
11856	T	T	238.378	37	17	17	0	0	0	238.378
11857	A	A	239.142	37	17	17	239.142	0	0	0
11858	C	C	255.193	37	18	18	0	255.193	0	0
11859	A	A	238.149	37	18	18	238.149	0	0	0
11860	C	C	242.475	37	17	17	0	242.475	0	0
11861	T	T	244.931	37	18	18	0	0	0	244.931
11862	A	A	245.753	37	18	18	245.753	0	0	0
11863	T	T	253.497	37	18	18	0	0	0	253.497
11864	A	A	218.801	37	16	16	218.801	0	0	0
11865	C	C	240.678	37	18	17	0	240.678	0	0
11866	A	A	238.902	37	18	18	238.902	0	0	0
11867	T	T	246.892	37	18	18	0	0	0	246.892
11868	C	C	254.649	37	18	18	0	254.649	0	0
11869	A	A	245.291	37	18	18	245.291	0	0	0
11870	T	T	231.349	37	17	17	0	0	0	231.349
11871	A	A	253.405	37	18	18	253.405	0	0	0
11872	G	G	256.863	37	18	18	0	0	256.863	0
11873	A	A	259.743	37	19	19	259.743	0	0	0
11874	C	C	255.997	37	18	18	0	255.997	0	0
11875	A	A	239.772	37	18	18	239.772	0	0	0
11876	A	A	253.305	37	19	19	253.305	0	0	0
11877	C	C	255.457	37	19	18	0	255.457	0	0
11878	C	C	241.045	37	18	17	0	241.045	0	0
11879	A	A	230.563	37	17	17	230.563	0	0	0
11880	C	C	240.901	37	17	17	0	240.901	0	0
11881	A	A	232.265	37	17	17	232.265	0	0	0
11882	G	G	241.414	37	17	17	0	0	241.414	0
11883	C	C	242.465	37	17	17	0	242.465	0	0
11884	T	T	230.563	37	17	17	0	0	0	230.563
11885	T	T	229.531	37	17	17	0	0	0	229.531
11886	T	T	231.584	37	17	17	0	0	0	231.584
11887	G	G	242.274	37	17	17	0	0	242.274	0
11888	T	T	232.855	37	17	17	0	0	0	232.855
11889	G	G	228.666	37	16	16	0	0	228.666	0
11890	A	A	243.256	37	17	17	243.256	0	0	0
11891	T	T	238.57	37	17	17	0	0	0	238.57
11892	C	C	206.025	37	19	16	0	206.025	0	0
11893	A	A	261.776	37	19	19	261.776	0	0	0
11894	G	G	224.863	37	19	17	0	0	224.863	0
11895	T	T	261.818	37	19	19	0	0	0	261.818
11896	C	C	256.519	37	18	18	0	256.519	0	0
11897	A	A	236.391	37	18	18	236.391	0	0	0
11898	C	C	243.256	37	17	17	0	243.256	0	0
11899	C	C	228.666	37	16	16	0	228.666	0	0
11900	C	C	214.076	37	15	15	0	214.076	0	0
11901	A	A	203.2	37	15	15	203.2	0	0	0
11902	C	C	214.076	37	15	15	0	214.076	0	0
11903	A	A	193.382	37	15	15	193.382	0	0	0
11904	T	T	199.486	37	14	14	0	0	0	199.486
11905	T	T	184.897	37	13	13	5.42101e-19	5.42101e-19	5.42101e-19	184.897
11906	T	T	184.887	37	13	13	5.42101e-19	5.42101e-19	5.42101e-19	184.887
11907	G	G	197.913	37	14	14	0	0	197.913	0
11908	C	C	196.854	37	14	14	0	196.854	0	0
11909	C	C	177.036	37	15	13	0	177.036	0	8.67362e-18
11910	G	G	213.295	37	15	15	0	0	213.295	0
11911	A	A	203.195	37	15	15	203.195	0	0	0
11912	G	G	211.741	37	15	15	0	0	211.741	0
11913	A	A	203.712	37	15	15	203.712	0	0	0
11914	C	C	213.094	37	15	15	0	213.094	0	0
11915	G	G	210.882	37	15	15	0	0	210.882	0
11916	T	T	195.343	37	14	14	0	0	0	195.343
11917	T	T	195.601	37	14	14	0	0	0	195.601
11918	C	C	184.897	37	13	13	5.42101e-19	184.897	5.42101e-19	5.42101e-19
11919	A	A	180.782	37	13	13	180.782	5.42101e-19	2.71051e-18	5.42101e-19
11920	C	C	168.537	37	13	12	2.1684e-18	168.537	2.1684e-18	5.63785e-17
11921	T	T	180.548	37	13	13	5.42101e-19	2.71051e-18	5.42101e-19	180.548
11922	A	A	166.514	37	13	13	166.514	5.42101e-19	9.59519e-17	5.42101e-19
11923	C	C	167.827	37	13	12	2.1684e-18	167.827	2.1684e-18	6.72205e-17
11924	G	G	167.671	37	13	12	6.93889e-17	2.1684e-18	167.671	2.1684e-18
11925	G	G	141.049	37	11	10	3.18246e-14	1.15196e-15	141.049	1.13299e-15
11926	G	G	141.127	37	10	10	1.11676e-14	1.11673e-14	141.127	1.11678e-14
11927	T	T	141.127	37	10	10	1.11673e-14	1.11676e-14	1.11681e-14	141.127
11928	G	G	123.701	37	10	9	1.73179e-12	6.01862e-14	123.701	6.01895e-14
11929	A	A	136.984	37	10	10	136.984	1.11678e-14	6.46426e-14	1.11673e-14
11930	G	G	140.268	37	10	10	1.36111e-14	1.36111e-14	140.268	1.36116e-14
11931	T	T	141.127	37	10	10	1.11673e-14	1.11676e-14	1.11681e-14	141.127
11932	T	T	141.127	37	10	10	1.11673e-14	1.11676e-14	1.11681e-14	141.127
11933	A	A	126.537	37	9	9	126.537	3.21384e-13	3.21362e-13	3.21344e-13
11934	T	T	126.537	37	9	9	3.21343e-13	3.2135e-13	3.2138e-13	126.537
11935	C	C	126.458	37	10	9	3.19048e-14	126.458	3.19037e-14	9.17972e-13
11936	C	C	140.145	37	10	10	1.40019e-14	140.145	1.40014e-14	1.40014e-14
11937	G	G	124.327	37	10	9	1.49951e-12	5.21133e-14	124.327	5.21165e-14
11938	T	T	142.824	37	11	11	3.88144e-16	2.18928e-14	3.88144e-16	142.824
11939	T	T	144.407	37	11	11	3.88144e-16	1.49677e-14	3.88144e-16	144.407
11940	T	T	137.013	37	10	10	1.11673e-14	6.4059e-14	1.11678e-14	137.013
11941	T	T	137.074	37	10	10	1.11673e-14	6.28593e-14	1.11678e-14	137.074
11942	T	T	148.319	37	12	12	1.35525e-17	6.3686e-15	1.35525e-17	148.319
11943	T	T	162.834	37	13	13	5.42101e-19	2.24972e-16	5.42101e-19	162.834
11944	A	A	172.041	37	13	13	172.041	5.42101e-19	2.60209e-17	5.42101e-19
11945	C	C	167.973	37	12	12	2.33103e-17	167.973	2.33103e-17	2.33103e-17
11946	A	A	164.379	37	12	12	164.379	1.35525e-17	1.31188e-16	1.35525e-17
11947	T	T	152.156	37	11	11	3.88144e-16	1.86727e-15	3.88144e-16	152.156
11948	G	G	170.145	37	12	12	1.35525e-17	1.35525e-17	170.145	1.40946e-17
11949	C	C	169.248	37	12	12	1.73472e-17	169.248	1.73472e-17	1.73472e-17
11950	A	A	180.843	37	13	13	180.843	5.42101e-19	2.71051e-18	5.42101e-19
11951	A	A	174.955	37	13	13	174.955	5.42101e-19	1.30104e-17	5.42101e-19
11952	A	A	173.367	37	13	13	173.367	5.42101e-19	1.89735e-17	5.42101e-19
11953	T	T	191.43	37	15	15	0	5.42101e-19	0	191.43
11954	G	G	202.907	37	16	15	0	0	202.907	0
11955	G	G	227.093	37	16	16	0	0	227.093	0
11956	A	A	214.076	37	15	15	214.076	0	0	0
11957	T	T	189.941	37	15	15	0	5.42101e-19	0	189.941
11958	C	C	225.601	37	16	16	0	225.601	0	0
11959	C	C	227.684	37	16	16	0	227.684	0	0
11960	T	T	224.317	37	16	16	0	0	0	224.317
11961	C	C	227.875	37	16	16	0	227.875	0	0
11962	C	C	213.366	37	15	15	0	213.366	0	0
11963	A	A	214.076	37	15	15	214.076	0	0	0
11964	T	T	209.391	37	15	15	0	0	0	209.391
11965	G	G	214.076	37	15	15	0	0	214.076	0
11966	T	T	209.933	37	15	15	0	0	0	209.933
11967	T	T	210.191	37	15	15	0	0	0	210.191
11968	C	C	214.076	37	15	15	0	214.076	0	0
11969	T	T	214.075	37	15	15	0	0	0	214.075
11970	T	T	214.076	37	15	15	0	0	0	214.076
11971	T	T	214.076	37	15	15	0	0	0	214.076
11972	A	A	214.076	37	15	15	214.076	0	0	0
11973	T	T	227.881	37	17	17	0	0	0	227.881
11974	C	C	241.069	37	18	17	0	241.069	0	0
11975	T	T	238.186	37	18	18	0	0	0	238.186
11976	G	G	246.677	37	19	18	0	0	246.677	0
11977	C	C	253.894	37	19	18	0	253.894	0	0
11978	C	C	256.29	37	19	18	0	256.29	0	0
11979	T	T	261.026	37	19	19	0	0	0	261.026
11980	A	A	272.435	37	19	19	272.435	0	0	0
11981	T	T	274.132	37	20	20	0	0	0	274.132
11982	T	T	275.715	37	20	20	0	0	0	275.715
11983	C	C	241.013	37	20	18	0	241.013	0	0
11984	A	A	282.972	37	20	20	282.972	0	0	0
11985	T	T	283.465	37	20	20	0	0	0	283.465
11986	G	G	268.892	37	20	19	0	0	268.892	0
11987	C	C	287.025	37	20	20	0	287.025	0	0
11988	A	A	275.95	37	20	20	275.95	0	0	0
11989	C	C	285.967	37	20	20	0	285.967	0	0
11990	G	G	271.576	37	19	19	0	0	271.576	0
11991	T	T	268.382	37	19	19	0	0	0	268.382
11992	A	A	252.369	37	19	19	252.369	0	0	0
11993	C	C	257.846	37	18	18	0	257.846	0	0
11994	G	G	198.452	37	18	15	0	0	198.452	0
11995	A	A	215.654	37	18	18	215.654	0	0	0
11996	C	C	243.256	37	17	17	0	243.256	0	0
11997	G	G	204.307	37	17	15	0	0	204.307	0
11998	G	G	224.976	37	16	16	0	0	224.976	0
11999	G	G	210.929	37	15	15	0	0	210.929	0
12000	G	G	167.471	37	13	12	7.26415e-17	2.1684e-18	167.471	2.1684e-18
12001	C	C	184.187	37	13	13	5.42101e-19	184.187	5.42101e-19	5.42101e-19
12002	C	C	184.896	37	13	13	5.42101e-19	184.896	5.42101e-19	5.42101e-19
12003	T	T	184.897	37	13	13	5.42101e-19	5.42101e-19	5.42101e-19	184.897
12004	G	G	169.517	37	13	12	4.55365e-17	1.0842e-18	169.517	1.0842e-18
12005	T	T	170.307	37	12	12	1.35525e-17	1.35525e-17	1.35525e-17	170.307
12006	A	A	180.548	37	13	13	180.548	5.42101e-19	2.71051e-18	5.42101e-19
12007	C	C	183.914	37	13	13	5.42101e-19	183.914	5.42101e-19	5.42101e-19
12008	T	T	180.548	37	13	13	5.42101e-19	2.71051e-18	5.42101e-19	180.548
12009	A	A	166.193	37	12	12	166.193	1.35525e-17	7.75205e-17	1.35525e-17
12010	T	T	166.422	37	12	12	1.35525e-17	7.20994e-17	1.35525e-17	166.422
12011	G	G	167.972	37	12	12	2.27682e-17	2.27682e-17	167.972	2.33103e-17
12012	G	G	138.603	37	11	10	5.60164e-14	1.94723e-15	138.603	1.94723e-15
12013	C	C	168.662	37	12	12	1.95156e-17	168.662	1.95156e-17	1.95156e-17
12014	T	T	165.621	37	12	12	1.35525e-17	9.21572e-17	1.35525e-17	165.621
12015	C	C	167.874	37	12	12	2.38524e-17	167.874	2.38524e-17	2.38524e-17
12016	A	A	166.193	37	12	12	166.193	1.35525e-17	7.75205e-17	1.35525e-17
12017	T	T	159.943	37	12	12	1.35525e-17	4.13081e-16	1.35525e-17	159.943
12018	A	A	178.969	37	13	13	178.969	5.42101e-19	4.33681e-18	5.42101e-19
12019	C	C	153.33	37	12	11	6.50521e-17	153.33	6.50521e-17	1.88651e-15
12020	C	C	169.447	37	12	12	1.6263e-17	169.447	1.6263e-17	1.6263e-17
12021	T	T	166.163	37	12	12	1.35525e-17	7.80626e-17	1.35525e-17	166.163
12022	A	A	153.298	37	12	12	153.298	1.35525e-17	2.00523e-15	1.35525e-17
12023	T	T	184.392	37	14	14	0	1.6263e-18	0	184.392
12024	T	T	191.768	37	15	15	0	5.42101e-19	0	191.768
12025	C	C	195.123	37	15	14	0	195.123	0	0
12026	T	T	181.615	37	14	14	5.42101e-19	3.25261e-18	5.42101e-19	181.615
12027	C	C	168.311	37	12	12	2.11419e-17	168.311	2.11419e-17	2.11419e-17
12028	A	A	149.79	37	11	11	149.79	3.88144e-16	3.78224e-15	3.88144e-16
12029	G	G	170.307	37	12	12	1.35525e-17	1.35525e-17	170.307	1.35525e-17
12030	A	A	184.897	37	13	13	184.897	5.42101e-19	5.42101e-19	5.42101e-19
12031	T	T	165.494	37	13	13	5.42101e-19	1.21431e-16	5.42101e-19	165.494
12032	A	A	199.485	37	14	14	199.485	0	0	0
12033	C	C	209.163	37	15	15	0	209.163	0	0
12034	A	A	214.076	37	15	15	214.076	0	0	0
12035	T	T	203.2	37	15	15	0	0	0	203.2
12036	G	G	214.076	37	15	15	0	0	214.076	0
12037	A	A	214.076	37	15	15	214.076	0	0	0
12038	A	A	214.076	37	15	15	214.076	0	0	0
12039	A	A	210.189	37	15	15	210.189	0	0	0
12040	C	C	227.021	37	16	16	0	227.021	0	0
12041	A	A	238.907	37	17	17	238.907	0	0	0
12042	T	T	231.585	37	17	17	0	0	0	231.585
12043	T	T	237.036	37	18	18	0	0	0	237.036
12044	G	G	243.256	37	17	17	0	0	243.256	0
12045	G	G	243.256	37	17	17	0	0	243.256	0
12046	C	C	242.243	37	18	17	0	242.243	0	0
12047	A	A	253.702	37	18	18	253.702	0	0	0
12048	T	T	264.134	37	20	20	0	0	0	264.134
12049	T	T	267.578	37	20	20	0	0	0	267.578
12050	A	A	280.979	37	20	20	280.979	0	0	0
12051	T	T	261.704	37	19	19	0	0	0	261.704
12052	T	T	262.364	37	19	19	0	0	0	262.364
12053	C	C	247.735	37	19	18	0	247.735	0	0
12054	T	T	272.435	37	19	19	0	0	0	272.435
12055	C	C	247.735	37	19	18	0	247.735	0	0
12056	C	C	257.766	37	19	18	0	257.766	0	0
12057	T	T	267.75	37	19	19	0	0	0	267.75
12058	A	A	253.702	37	18	18	253.702	0	0	0
12059	T	T	259.542	37	19	19	0	0	0	259.542
12060	T	T	261.125	37	19	19	0	0	0	261.125
12061	T	T	268.321	37	19	19	0	0	0	268.321
12062	A	A	246.964	37	18	18	246.964	0	0	0
12063	C	C	257.229	37	18	18	0	257.229	0	0
12064	A	A	232.847	37	18	18	232.847	0	0	0
12065	G	G	216.599	37	18	16	0	0	216.599	0
12066	T	T	253.732	37	18	18	0	0	0	253.732
12067	T	T	238.899	37	17	17	0	0	0	238.899
12068	A	A	180.796	37	16	16	180.796	0	3.79471e-18	0
12069	T	T	199.486	37	14	14	0	0	0	199.486
12070	A	A	156.342	37	12	12	156.342	1.35525e-17	9.81203e-16	1.35525e-17
12071	G	G	154.143	37	11	11	5.5728e-16	5.5728e-16	154.143	5.57822e-16
12072	C	C	141.127	37	10	10	1.11678e-14	141.127	1.11673e-14	1.11676e-14
12073	C	C	116.427	37	10	9	3.21342e-13	116.427	3.21325e-13	9.24561e-12
12074	A	A	137.566	37	10	10	137.566	1.11678e-14	5.37249e-14	1.11673e-14
12075	C	C	141.127	37	10	10	1.11678e-14	141.127	1.11673e-14	1.11676e-14
12076	C	C	141.127	37	10	10	1.11678e-14	141.127	1.11673e-14	1.11676e-14
12077	G	G	140.069	37	10	10	1.42497e-14	1.42497e-14	140.069	1.42502e-14
12078	C	C	141.127	37	10	10	1.11681e-14	141.127	1.11673e-14	1.11678e-14
12079	A	A	122.976	37	9	9	122.976	3.21332e-13	1.54582e-12	3.21315e-13
12080	T	T	126.537	37	9	9	3.21315e-13	3.21319e-13	3.21331e-13	126.537
12081	T	T	126.537	37	9	9	3.21315e-13	3.21319e-13	3.21331e-13	126.537
12082	T	T	126.537	37	9	9	3.21315e-13	3.21319e-13	3.21331e-13	126.537
12083	A	A	120.61	37	9	9	120.61	3.21332e-13	3.13119e-12	3.21315e-13
12084	T	T	120.491	37	9	9	3.21315e-13	3.23614e-12	3.21331e-13	120.491
12085	A	A	116.559	37	9	9	116.559	3.21333e-13	8.94788e-12	3.21316e-13
12086	G	G	85.2903	37	10	8	1.28146e-08	1.54787e-11	85.2903	1.54792e-11
12087	G	G	136.048	37	11	10	1.00889e-13	3.50631e-15	136.048	3.50631e-15
12088	A	A	126.654	37	11	11	126.654	3.88144e-16	9.37566e-13	3.88144e-16
12089	T	T	135.482	37	11	11	3.88144e-16	1.2212e-13	3.88144e-16	135.482
12090	A	A	134.733	37	11	11	134.733	3.88144e-16	1.45282e-13	3.88144e-16
12091	C	C	138.747	37	10	10	1.93199e-14	138.747	1.93189e-14	1.93194e-14
12092	G	G	124.862	37	9	9	4.726e-13	4.72588e-13	124.862	4.72611e-13
12093	T	T	116.559	37	9	9	3.21315e-13	8.94784e-12	3.21331e-13	116.559
12094	C	C	111.238	37	8	8	1.08872e-11	111.238	1.08868e-11	1.0887e-11
12095	C	C	111.947	37	8	8	9.24553e-12	111.947	9.24514e-12	9.24534e-12
12096	T	T	111.947	37	8	8	9.24516e-12	9.2453e-12	9.24559e-12	111.947
12097	A	A	93.7968	37	7	7	93.7968	2.66021e-10	1.27974e-09	2.6601e-10
12098	C	C	97.3576	37	7	7	2.6602e-10	97.3576	2.6601e-10	2.66015e-10
12099	C	C	97.3576	37	7	7	2.6602e-10	97.3576	2.6601e-10	2.66015e-10
12100	C	C	97.3576	37	7	7	2.66021e-10	97.3576	2.6601e-10	2.66016e-10
12101	T	T	97.3576	37	7	7	2.6601e-10	2.66014e-10	2.66021e-10	97.3576
12102	G	G	82.7678	37	6	6	7.65396e-09	7.65386e-09	82.7678	7.65408e-09
12103	A	A	82.7677	37	6	6	82.7677	7.65414e-09	7.65395e-09	7.65388e-09
12104	C	C	82.7677	37	6	6	7.65415e-09	82.7677	7.65389e-09	7.65403e-09
12105	G	G	82.0058	37	6	6	9.12173e-09	9.12157e-09	82.0058	9.122e-09
12106	C	C	82.7677	37	6	6	7.65415e-09	82.7677	7.65389e-09	7.65403e-09
12107	C	C	82.7671	37	6	6	7.65549e-09	82.7671	7.65462e-09	7.65514e-09
12108	A	A	76.8406	37	6	6	76.8406	7.65414e-09	7.45856e-08	7.65388e-09
12109	A	A	68.1779	37	5	5	68.1779	2.20231e-07	2.20226e-07	2.20224e-07
12110	A	A	68.1779	37	5	5	68.1779	2.20231e-07	2.20226e-07	2.20224e-07
12111	T	T	68.1779	37	5	5	2.20225e-07	2.20227e-07	2.20231e-07	68.1779
12112	G	G	68.1779	37	5	5	2.20226e-07	2.20224e-07	68.1779	2.20228e-07
12113	T	T	68.1779	37	5	5	2.20225e-07	2.20227e-07	2.20231e-07	68.1779
12114	C	C	81.1229	37	6	6	1.11784e-08	81.1229	1.11781e-08	1.11783e-08
12115	C	C	66.408	37	6	5	3.2272e-08	66.408	3.22712e-08	9.28547e-07
12116	T	T	78.419	37	6	6	7.6539e-09	4.71923e-08	7.65418e-09	78.419
12117	T	T	78.6245	37	6	6	7.65389e-09	4.43046e-08	7.65415e-09	78.6245
12118	C	C	82.0579	37	6	6	9.01327e-09	82.0579	9.01296e-09	9.01313e-09
12119	T	T	82.7677	37	6	6	7.65389e-09	7.65399e-09	7.65415e-09	82.7677
12120	G	G	51.0839	37	4	4	1.12791e-05	1.1279e-05	51.0839	1.12792e-05
12121	A	A	63.4918	37	5	5	63.4918	2.20266e-07	1.50307e-06	2.20244e-07
12122	G	G	66.5331	37	5	5	3.21631e-07	3.21626e-07	66.5331	3.21636e-07
12123	G	G	53.5881	37	4	4	6.3366e-06	6.33649e-06	53.5881	6.33666e-06
12124	A	A	53.5881	37	4	4	53.5881	6.33663e-06	6.33655e-06	6.33648e-06
12125	G	G	53.5881	37	4	4	6.3366e-06	6.33649e-06	53.5881	6.33666e-06
12126	C	C	53.3654	37	5	4	6.50252e-07	53.3654	6.50246e-07	1.87095e-05
12127	G	G	68.1779	37	5	5	2.20229e-07	2.20225e-07	68.1779	2.20232e-07
12128	A	A	68.1779	37	5	5	68.1779	2.20231e-07	2.20227e-07	2.20225e-07
12129	C	C	67.416	37	5	5	2.62465e-07	67.416	2.62454e-07	2.62457e-07
12130	T	T	64.6172	37	5	5	2.20224e-07	1.05947e-06	2.20231e-07	64.6172
12131	G	G	68.1779	37	5	5	2.20229e-07	2.20225e-07	68.1779	2.20232e-07
12132	A	A	68.1777	37	5	5	68.1777	2.20247e-07	2.2024e-07	2.20234e-07
12133	C	C	68.1779	37	5	5	2.20228e-07	68.1779	2.20224e-07	2.20226e-07
12134	A	A	68.1779	37	5	5	68.1779	2.20231e-07	2.20227e-07	2.20225e-07
12135	T	T	68.1779	37	5	5	2.20224e-07	2.20226e-07	2.20231e-07	68.1779
12136	C	C	68.1779	37	5	5	2.20228e-07	68.1779	2.20224e-07	2.20226e-07
12137	A	A	68.1779	37	5	5	68.1779	2.20231e-07	2.20227e-07	2.20225e-07
12138	C	C	76.694	37	8	6	1.1204e-10	76.694	1.12039e-10	9.27546e-08
12139	C	C	93.7939	37	8	7	5.89163e-11	93.7939	5.89148e-11	1.69516e-09
12140	A	A	111.947	37	8	8	111.947	9.24559e-12	9.24532e-12	9.24516e-12
12141	A	A	111.947	37	8	8	111.947	9.24559e-12	9.24532e-12	9.24516e-12
12142	T	T	95.7302	37	8	8	9.24516e-12	1.14233e-09	9.24558e-12	95.7302
12143	C	C	124.963	37	9	9	4.61745e-13	124.963	4.61672e-13	4.61715e-13
12144	T	T	127.301	37	10	10	1.11673e-14	7.86093e-13	1.11678e-14	127.301
12145	A	A	155.717	37	11	11	155.717	3.88144e-16	3.88144e-16	3.88144e-16
12146	C	C	153.192	37	11	11	6.94431e-16	153.192	6.94431e-16	6.94431e-16
12147	T	T	138.21	37	11	11	3.88144e-16	6.48025e-14	3.88144e-16	138.21
12148	A	A	155.716	37	11	11	155.716	3.88144e-16	3.88144e-16	3.88144e-16
12149	T	T	151.832	37	11	11	3.88144e-16	2.07218e-15	3.88144e-16	151.832
12150	C	C	155.717	37	11	11	3.88144e-16	155.717	3.88144e-16	3.88144e-16
12151	G	G	138.603	37	11	10	5.60153e-14	1.94614e-15	138.603	1.94723e-15
12152	G	G	154.041	37	11	11	5.70832e-16	5.70832e-16	154.041	5.70832e-16
12153	C	C	155.717	37	11	11	3.88144e-16	155.717	3.88144e-16	3.88144e-16
12154	C	C	141.127	37	10	10	1.11678e-14	141.127	1.11673e-14	1.11676e-14
12155	A	A	150.839	37	11	11	150.839	3.88144e-16	2.80375e-15	3.88144e-16
12156	T	T	151.031	37	11	11	3.88144e-16	2.64871e-15	3.88144e-16	151.031
12157	T	T	136.778	37	10	10	1.11673e-14	6.88555e-14	1.11678e-14	136.778
12158	C	C	140.257	37	11	10	1.33032e-15	140.257	1.33032e-15	3.82745e-14
12159	C	C	153.802	37	12	11	5.85469e-17	153.802	5.85469e-17	1.69244e-15
12160	A	A	170.307	37	12	12	170.307	1.35525e-17	1.35525e-17	1.35525e-17
12161	T	T	164.541	37	13	13	5.42101e-19	1.51788e-16	5.42101e-19	164.541
12162	A	A	181.336	37	13	13	181.336	5.42101e-19	2.1684e-18	5.42101e-19
12163	T	T	174.955	37	13	13	5.42101e-19	1.30104e-17	5.42101e-19	174.955
12164	A	A	174.316	37	13	13	174.316	5.42101e-19	1.51788e-17	5.42101e-19
12165	T	T	187.229	37	14	14	5.42101e-19	1.0842e-18	5.42101e-19	187.229
12166	C	C	198.504	37	14	14	0	198.504	0	0
12167	G	G	181.823	37	13	13	1.0842e-18	1.0842e-18	181.823	1.0842e-18
12168	G	G	183.247	37	13	13	1.0842e-18	1.0842e-18	183.247	5.42101e-19
12169	A	A	173.226	37	13	13	173.226	5.42101e-19	1.95156e-17	5.42101e-19
12170	A	A	185.762	37	14	14	185.762	0	1.0842e-18	0
12171	C	C	183.124	37	13	13	5.42101e-19	183.124	5.42101e-19	5.42101e-19
12172	G	G	184.182	37	13	13	5.42101e-19	5.42101e-19	184.182	5.42101e-19
12173	G	G	183.489	37	13	13	5.42101e-19	5.42101e-19	183.489	5.42101e-19
12174	A	A	174.02	37	13	13	174.02	5.42101e-19	1.6263e-17	5.42101e-19
12175	C	C	184.135	37	13	13	5.42101e-19	184.135	5.42101e-19	5.42101e-19
12176	C	C	159.579	37	13	12	1.51788e-17	159.579	1.51788e-17	4.46691e-16
12177	T	T	170.307	37	12	12	1.35525e-17	1.35525e-17	1.35525e-17	170.307
12178	G	G	153.949	37	11	11	5.83301e-16	5.83301e-16	153.949	5.83301e-16
12179	G	G	153.353	37	11	11	6.68953e-16	6.68953e-16	153.353	6.68953e-16
12180	T	T	141.127	37	10	10	1.11673e-14	1.11676e-14	1.11678e-14	141.127
12181	A	A	129.717	37	10	10	129.717	1.11697e-14	4.41188e-13	1.11684e-14
12182	G	G	138.006	37	10	10	2.2913e-14	2.29124e-14	138.006	2.29135e-14
12183	A	A	108.147	37	9	9	108.147	3.21332e-13	6.58935e-11	3.21315e-13
12184	A	A	106.04	37	9	9	106.04	3.21332e-13	1.07453e-10	3.21315e-13
12185	T	T	111.947	37	8	8	9.24516e-12	9.24528e-12	9.24558e-12	111.947
12186	G	G	109.392	37	8	8	1.6653e-11	1.66526e-11	109.392	1.66534e-11
12187	A	A	91.3112	37	7	7	91.3112	2.66021e-10	2.67913e-09	2.6601e-10
12188	A	A	82.7677	37	6	6	82.7677	7.65415e-09	7.65399e-09	7.65389e-09
12189	T	T	82.7677	37	6	6	7.65388e-09	7.65395e-09	7.65414e-09	82.7677
12190	C	C	82.7676	37	6	6	7.65451e-09	82.7676	7.65414e-09	7.65428e-09
12191	T	T	82.7677	37	6	6	7.65388e-09	7.65395e-09	7.65414e-09	82.7677
12192	G	G	96.5765	37	7	7	3.18433e-10	3.18426e-10	96.5765	3.18439e-10
12193	A	A	92.4798	37	7	7	92.4798	2.66021e-10	1.92156e-09	2.6601e-10
12194	G	G	95.7841	37	7	7	3.82165e-10	3.82156e-10	95.7841	3.82172e-10
12195	G	G	82.0579	37	6	6	9.01315e-09	9.01297e-09	82.0579	9.0133e-09
12196	G	G	81.9772	37	6	6	9.18214e-09	9.18197e-09	81.9772	9.18228e-09
12197	G	G	81.9083	37	6	6	9.32888e-09	9.3287e-09	81.9083	9.32902e-09
12198	G	G	80.9978	37	7	6	3.22717e-08	1.12158e-09	80.9978	1.12162e-09
12199	C	C	96.3753	37	7	7	3.33531e-10	96.3753	3.33521e-10	3.33525e-10
12200	T	T	84.1991	37	7	7	2.6601e-10	1.59829e-08	2.66021e-10	84.1991
12201	T	T	90.4541	37	8	8	9.24531e-12	3.89332e-09	9.24584e-12	90.4541
12202	T	T	93.4761	37	8	8	9.24516e-12	1.93212e-09	9.24557e-12	93.4761
12203	T	T	101.071	37	8	8	9.24516e-12	3.20862e-10	9.24557e-12	101.071
12204	C	C	110.54	37	8	8	1.27846e-11	110.54	1.27841e-11	1.27843e-11
12205	C	C	111.238	37	8	8	1.08871e-11	111.238	1.08867e-11	1.08869e-11
12206	G	G	125.827	37	9	9	3.78382e-13	3.7837e-13	125.827	3.78391e-13
12207	T	T	121.852	37	9	9	3.21315e-13	2.19275e-12	3.21331e-13	121.852
12208	A	A	122.188	37	9	9	122.188	3.21332e-13	1.98118e-12	3.21315e-13
12209	G	G	110.177	37	9	8	3.89872e-11	1.3549e-12	110.177	1.35506e-12
12210	A	A	120.491	37	9	9	120.491	3.21332e-13	3.23616e-12	3.21315e-13
12211	T	T	111.947	37	8	8	9.24531e-12	9.24541e-12	9.24583e-12	111.947
12212	A	A	122.976	37	9	9	122.976	3.21332e-13	1.54583e-12	3.21315e-13
12213	A	A	122.484	37	9	9	122.484	3.21332e-13	1.80867e-12	3.21315e-13
12214	A	A	151.603	37	11	11	151.603	3.88144e-16	2.22641e-15	3.88144e-16
12215	G	G	154.658	37	11	11	4.94938e-16	4.94938e-16	154.658	4.9548e-16
12216	C	C	153.367	37	11	11	6.66784e-16	153.367	6.66784e-16	6.66784e-16
12217	G	G	139.604	37	10	10	1.58603e-14	1.58597e-14	139.604	1.58608e-14
12218	A	A	130.469	37	10	10	130.469	1.11678e-14	3.67462e-13	1.11673e-14
12219	C	C	141.048	37	11	10	1.1086e-15	141.048	1.1086e-15	3.19037e-14
12220	T	T	151.031	37	11	11	3.88144e-16	2.64871e-15	3.88144e-16	151.031
12221	C	C	121.321	37	11	9	3.86084e-15	121.321	3.86084e-15	3.1964e-12
12222	T	T	136.149	37	11	11	3.88144e-16	1.04625e-13	3.88144e-16	136.149
12223	A	A	155.717	37	11	11	155.717	3.88144e-16	3.88144e-16	3.88144e-16
12224	A	A	152.156	37	11	11	152.156	3.88144e-16	1.86727e-15	3.88144e-16
12225	C	C	154.297	37	11	11	5.38306e-16	154.297	5.38306e-16	5.38306e-16
12226	A	A	151.603	37	11	11	151.603	3.88144e-16	2.22641e-15	3.88144e-16
12227	C	C	155.716	37	11	11	3.88144e-16	155.716	3.88144e-16	3.88144e-16
12228	G	G	140.904	37	11	10	3.29744e-14	1.146e-15	140.904	1.146e-15
12229	A	A	140.98	37	10	10	140.98	1.16598e-14	1.15481e-14	1.14448e-14
12230	T	T	141.127	37	10	10	1.11673e-14	1.11676e-14	1.11681e-14	141.127
12231	T	T	141.127	37	10	10	1.11673e-14	1.11676e-14	1.11681e-14	141.127
12232	C	C	141.127	37	10	10	1.11676e-14	141.127	1.11673e-14	1.11673e-14
12233	T	T	141.11	37	10	10	1.12012e-14	1.12052e-14	1.12264e-14	141.11
12234	T	T	141.127	37	10	10	1.11673e-14	1.11676e-14	1.11681e-14	141.127
12235	T	T	140.482	37	11	11	3.88144e-16	3.80918e-14	3.88144e-16	140.482
12236	C	C	128.976	37	11	10	1.78655e-14	128.976	1.78655e-14	5.14055e-13
12237	C	C	154.076	37	11	11	5.66496e-16	154.076	5.66496e-16	5.66496e-16
12238	A	A	150.711	37	12	12	150.711	1.35525e-17	3.66027e-15	1.35525e-17
12239	T	T	142.358	37	12	12	1.35525e-17	2.52044e-14	1.35525e-17	142.358
12240	T	T	158.935	37	12	12	1.35525e-17	5.28006e-16	1.35525e-17	158.935
12241	C	C	165.196	37	13	12	4.33681e-18	165.196	4.33681e-18	1.22515e-16
12242	C	C	167.917	37	12	12	2.33103e-17	167.917	2.33103e-17	2.33103e-17
12243	A	A	158.187	37	12	12	158.187	1.35525e-17	6.32632e-16	1.35525e-17
12244	C	C	153.868	37	11	11	5.94143e-16	153.868	5.94143e-16	5.94143e-16
12245	G	G	154.174	37	11	11	5.54027e-16	5.54027e-16	154.174	5.53485e-16
12246	T	T	157.392	37	12	12	1.30104e-17	7.64363e-16	1.30104e-17	157.392
12247	T	T	159.658	37	12	12	1.35525e-17	4.42897e-16	1.35525e-17	159.658
12248	A	A	149.79	37	11	11	149.79	3.88144e-16	3.78224e-15	3.88144e-16
12249	T	T	136.984	37	10	10	1.1167e-14	6.4642e-14	1.11678e-14	136.984
12250	T	T	143.024	37	11	11	3.88144e-16	2.08687e-14	3.88144e-16	143.024
12251	C	C	154.735	37	11	11	4.86807e-16	154.735	4.86807e-16	4.86807e-16
12252	T	T	151.368	37	11	11	3.88144e-16	2.39311e-15	3.88144e-16	151.368
12253	C	C	138.642	37	11	10	1.9288e-15	138.642	1.9288e-15	5.55112e-14
12254	C	C	155.007	37	11	11	4.56991e-16	155.007	4.56991e-16	4.56991e-16
12255	C	C	140.904	37	11	10	1.146e-15	140.904	1.146e-15	3.29738e-14
12256	G	G	155.717	37	11	11	3.88144e-16	3.88144e-16	155.717	3.88144e-16
12257	T	T	157.451	37	12	12	1.35525e-17	7.54063e-16	1.35525e-17	157.451
12258	T	T	158.777	37	12	12	1.35525e-17	5.48606e-16	1.35525e-17	158.777
12259	C	C	168.909	37	12	12	1.84314e-17	168.909	1.84314e-17	1.84314e-17
12260	A	A	165.621	37	12	12	165.621	1.35525e-17	9.21572e-17	1.35525e-17
12261	T	T	166.746	37	12	12	1.30104e-17	6.451e-17	1.30104e-17	166.746
12262	C	C	168.662	37	12	12	1.95156e-17	168.662	1.95156e-17	1.95156e-17
12263	A	A	170.306	37	12	12	170.306	1.35525e-17	1.35525e-17	1.35525e-17
12264	T	T	165.958	37	12	12	1.35525e-17	8.29415e-17	1.35525e-17	165.958
12265	C	C	169.516	37	12	12	1.6263e-17	169.516	1.6263e-17	1.6263e-17
12266	C	C	169.597	37	12	12	1.57209e-17	169.597	1.57209e-17	1.57209e-17
12267	T	T	170.306	37	12	12	1.35525e-17	1.35525e-17	1.35525e-17	170.306
12268	A	A	157.196	37	12	12	157.196	1.6263e-17	7.96889e-16	1.51788e-17
12269	G	G	169.447	37	12	12	1.68051e-17	1.68051e-17	169.447	1.6263e-17
12270	C	C	164.605	37	14	12	0	164.605	0	1.4962e-16
12271	T	T	184.195	37	15	15	0	1.6263e-18	0	184.195
12272	C	C	171.542	34.0116	15	13	0	171.542	0	3.03577e-17
12273	T	T	181.089	34.0116	15	15	0	3.25261e-18	0	181.089
12274	A	A	184.442	34.0116	15	15	184.442	0	1.6263e-18	0
12275	G	G	195.21	33.86	14	14	0	0	195.21	0
12276	C	C	152.881	33.5025	12	11	7.26415e-17	152.881	7.26415e-17	2.09143e-15
12277	A	A	155.716	33.2895	11	11	155.716	3.88144e-16	3.88144e-16	3.88144e-16
12278	G	G	155.717	33.2895	11	11	3.88144e-16	3.88144e-16	155.717	3.88144e-16
12279	C	C	131.017	33.2895	11	10	1.11684e-14	131.017	1.11673e-14	3.21324e-13
12280	A	A	214.076	34.0116	15	15	214.076	0	0	0
12281	G	G	228.049	34.1488	16	16	0	0	228.049	0
12282	T	T	198.683	34.2735	17	17	0	0	0	198.683
12283	C	C	222.932	34.2735	17	16	0	222.932	0	0
12284	C	C	238.951	34.2735	17	17	0	238.951	0	0
12285	A	A	222.19	34.2735	17	17	222.19	0	0	0
12286	C	C	227.956	34.1488	16	16	0	227.956	0	0
12287	C	C	214.076	34.0116	15	15	0	214.076	0	0
12288	T	T	199.486	33.86	14	14	0	0	0	199.486
12289	A	A	189.199	33.86	14	14	189.199	0	5.42101e-19	0
12290	T	T	199.486	33.86	14	14	0	0	0	199.486
12291	T	T	199.486	33.86	14	14	0	0	0	199.486
12292	G	G	194.72	34.0116	15	14	0	0	194.72	0
12293	T	T	194.609	33.86	14	14	0	0	0	194.609
12294	T	T	186.631	33.86	14	14	0	1.0842e-18	0	186.631
12295	C	C	160.335	33.86	14	12	0	160.335	0	4.01155e-16
12296	C	C	159.314	33.86	14	12	0	159.314	0	5.07407e-16
12297	T	T	193.53	34.0116	15	15	0	0	0	193.53
12298	A	A	209.391	34.0116	15	15	209.391	0	0	0
12299	C	C	212.585	34.0116	15	15	0	212.585	0	0
12300	A	A	195.343	33.86	14	14	195.343	0	0	0
12301	C	C	169.891	34.0116	15	13	0	169.891	0	4.33681e-17
12302	G	G	213.094	34.0116	15	15	0	0	213.094	0
12303	A	A	222.62	34.1488	16	16	222.62	0	0	0
12304	A	A	225.105	34.1488	16	16	225.105	0	0	0
12305	A	A	218.379	34.1488	16	16	218.379	0	0	0
12306	C	C	190.158	34.1488	16	14	0	190.158	0	0
12307	A	A	216.759	34.1488	16	16	216.759	0	0	0
12308	G	G	225.493	34.1488	16	16	0	0	225.493	0
12309	G	G	194.525	34.0116	15	14	0	0	194.525	0
12310	A	A	188.792	33.86	14	14	188.792	0	5.42101e-19	0
12311	T	T	199.486	33.86	14	14	0	0	0	199.486
12312	C	C	199.486	33.86	14	14	0	199.486	0	0
12313	C	C	184.896	33.6913	13	13	5.42101e-19	184.896	5.42101e-19	5.42101e-19
12314	A	A	170.307	33.5025	12	12	170.307	1.35525e-17	1.35525e-17	1.35525e-17
12315	A	A	166.746	33.5025	12	12	166.746	1.35525e-17	6.50521e-17	1.35525e-17
12316	C	C	170.307	33.5025	12	12	1.35525e-17	170.307	1.35525e-17	1.35525e-17
12317	A	A	159.726	33.5025	12	12	159.726	1.35525e-17	4.35307e-16	1.35525e-17
12318	A	A	158.699	33.5025	12	12	158.699	1.35525e-17	5.58906e-16	1.35525e-17
12319	C	C	170.307	33.5025	12	12	1.35525e-17	170.307	1.35525e-17	1.35525e-17
12320	C	C	155.717	37	11	11	3.88144e-16	155.717	3.88144e-16	3.88144e-16
12321	C	C	141.127	37	10	10	1.11678e-14	141.127	1.11673e-14	1.11676e-14
12322	C	C	141.127	37	10	10	1.11678e-14	141.127	1.11673e-14	1.11676e-14
12323	T	T	149.671	37	11	11	3.87873e-16	3.90882e-15	3.88144e-16	149.671
12324	A	A	160.073	37	12	12	160.073	1.35525e-17	4.00071e-16	1.35525e-17
12325	T	T	158.4	37	12	12	1.35525e-17	6.00648e-16	1.35525e-17	158.4
12326	G	G	167.881	37	12	12	2.33103e-17	2.33103e-17	167.881	2.38524e-17
12327	G	G	153.948	37	11	11	5.83301e-16	5.83301e-16	153.948	5.83301e-16
12328	A	A	157.413	37	12	12	157.413	1.35525e-17	7.6111e-16	1.35525e-17
12329	A	A	151.368	37	11	11	151.368	3.88144e-16	2.39311e-15	3.88144e-16
12330	T	T	151.601	37	11	11	3.88144e-16	2.22695e-15	3.88144e-16	151.601
12331	C	C	138.521	37	11	10	1.98409e-15	138.521	1.98409e-15	5.70854e-14
12332	C	C	153.455	37	11	11	6.53232e-16	153.455	6.53232e-16	6.53232e-16
12333	C	C	154.735	37	11	11	4.86807e-16	154.735	4.86807e-16	4.86807e-16
12334	A	A	136.734	37	11	11	136.734	3.88144e-16	9.13503e-14	3.88144e-16
12335	T	T	157.413	37	12	12	1.35525e-17	7.6111e-16	1.35525e-17	157.413
12336	C	C	151.911	37	12	11	9.1073e-17	151.911	9.1073e-17	2.6151e-15
12337	T	T	158.699	37	12	12	1.35525e-17	5.58906e-16	1.35525e-17	158.699
12338	G	G	155.717	37	11	11	3.88144e-16	3.88144e-16	155.717	3.88144e-16
12339	A	A	151.831	37	11	11	151.831	3.88415e-16	2.07272e-15	3.88144e-16
12340	C	C	154.24	37	11	11	5.45354e-16	154.24	5.45354e-16	5.45354e-16
12341	T	T	151.573	37	11	11	3.88144e-16	2.24674e-15	3.88144e-16	151.573
12342	C	C	109.393	37	11	9	6.01884e-14	109.393	6.01862e-14	4.98285e-11
12343	A	A	143.024	37	11	11	143.024	3.88144e-16	2.08687e-14	3.88144e-16
12344	T	T	149.79	37	11	11	3.88144e-16	3.78224e-15	3.88144e-16	149.79
12345	A	A	151.368	37	11	11	151.368	3.88144e-16	2.39311e-15	3.88144e-16
12346	C	C	154.856	37	12	11	4.66207e-17	154.856	4.66207e-17	1.32706e-15
12347	A	A	164.26	37	12	12	164.26	1.35525e-17	1.36067e-16	1.35525e-17
12348	A	A	155.717	37	11	11	155.717	3.88144e-16	3.88144e-16	3.88144e-16
12349	A	A	155.717	37	11	11	155.717	3.88144e-16	3.88144e-16	3.88144e-16
12350	A	A	152.156	37	11	11	152.156	3.88144e-16	1.86727e-15	3.88144e-16
12351	T	T	164.379	37	12	12	1.35525e-17	1.31188e-16	1.35525e-17	164.379
12352	C	C	169.248	37	12	12	1.73472e-17	169.248	1.73472e-17	1.73472e-17
12353	C	C	169.526	37	12	12	1.6263e-17	169.526	1.6263e-17	1.6263e-17
12354	C	C	169.135	37	13	12	2.1684e-18	169.135	2.1684e-18	4.98733e-17
12355	A	A	171.599	37	13	13	171.599	5.42101e-19	2.92735e-17	5.42101e-19
12356	T	T	158.635	37	12	12	1.35525e-17	5.6758e-16	1.35525e-17	158.635
12357	T	T	159.316	37	12	12	1.35525e-17	4.81386e-16	1.35525e-17	159.316
12358	C	C	154.217	37	11	11	5.48064e-16	154.217	5.48064e-16	5.48064e-16
12359	C	C	155.007	37	11	11	4.56991e-16	155.007	4.56991e-16	4.56991e-16
12360	A	A	166.422	37	12	12	166.422	1.35525e-17	7.20994e-17	1.35525e-17
12361	T	T	171.071	37	13	13	5.42101e-19	3.30682e-17	5.42101e-19	171.071
12362	C	C	182.834	37	14	13	0	182.834	0	2.1684e-18
12363	C	C	209.83	37	15	15	0	209.83	0	0
12364	A	A	222.62	37	16	16	222.62	0	0	0
12365	T	T	192.592	37	16	16	0	0	0	192.592
12366	A	A	224.611	37	16	16	224.611	0	0	0
12367	A	A	218.725	37	16	16	218.725	0	0	0
12368	T	T	218.688	37	16	16	0	0	0	218.688
12369	A	A	209.109	37	16	16	209.109	0	0	0
12370	T	T	214.076	37	15	15	0	0	0	214.076
12371	A	A	201.221	37	15	15	201.221	0	0	0
12372	C	C	199.486	37	14	14	0	199.486	0	0
12373	A	A	222.739	37	16	16	222.739	0	0	0
12374	A	A	214.076	37	15	15	214.076	0	0	0
12375	T	T	203.419	37	15	15	0	0	0	203.419
12376	T	T	203.573	37	15	15	0	0	0	203.573
12377	A	A	210.191	37	15	15	210.191	0	0	0
12378	A	A	209.932	37	15	15	209.932	0	0	0
12379	G	G	211.156	37	16	15	0	0	211.156	0
12380	G	G	226.893	37	16	16	0	0	226.893	0
12381	A	A	215.369	37	16	16	215.369	0	0	0
12382	T	T	210.023	37	15	15	0	0	0	210.023
12383	A	A	201.384	37	15	15	201.384	0	0	0
12384	T	T	199.449	37	14	14	0	0	0	199.449
12385	T	T	199.486	37	14	14	0	0	0	199.486
12386	C	C	199.486	37	14	14	0	199.486	0	0
12387	T	T	199.486	37	14	14	0	0	0	199.486
12388	A	A	173.603	37	13	13	173.603	5.42101e-19	1.78893e-17	5.42101e-19
12389	G	G	182.471	37	13	13	5.42101e-19	5.42101e-19	182.471	1.0842e-18
12390	G	G	144.548	37	12	11	1.42508e-14	4.96565e-16	144.548	4.94396e-16
12391	C	C	170.307	37	12	12	1.35525e-17	170.307	1.35525e-17	1.35525e-17
12392	G	G	137.09	37	11	10	7.93603e-14	2.75821e-15	137.09	2.75821e-15
12393	C	C	131.016	37	11	10	1.11684e-14	131.016	1.11673e-14	3.21332e-13
12394	C	C	155.717	37	11	11	3.88144e-16	155.717	3.88144e-16	3.88144e-16
12395	C	C	168.733	37	12	12	1.95156e-17	168.733	1.95156e-17	1.95156e-17
12396	T	T	121.659	37	9	9	3.21315e-13	2.32107e-12	3.21332e-13	121.659
12397	A	A	114.445	37	9	9	114.445	3.21332e-13	1.49639e-11	3.21315e-13
12398	C	C	138.72	37	10	10	1.9437e-14	138.72	1.9436e-14	1.94365e-14
12399	T	T	101.299	37	8	8	9.24516e-12	3.03524e-10	9.24559e-12	101.299
12400	T	T	107.599	37	8	8	9.24516e-12	5.70038e-11	9.24559e-12	107.599
12401	C	C	111.157	37	8	8	1.10914e-11	111.157	1.10909e-11	1.10911e-11
12402	T	T	108.062	37	8	8	9.24516e-12	4.93577e-11	9.24559e-12	108.062
12403	C	C	111.947	37	8	8	9.24553e-12	111.947	9.24514e-12	9.24534e-12
12404	A	A	111.947	37	8	8	111.947	9.24559e-12	9.2453e-12	9.24516e-12
12405	C	C	111.947	37	8	8	9.24553e-12	111.947	9.24514e-12	9.24534e-12
12406	G	G	110.395	37	8	8	1.32175e-11	1.32172e-11	110.395	1.32178e-11
12407	C	C	111.947	37	8	8	9.24553e-12	111.947	9.24514e-12	9.24534e-12
12408	T	T	111.947	37	8	8	9.24516e-12	9.2453e-12	9.24559e-12	111.947
12409	A	A	96.7124	37	8	8	96.7124	9.24559e-12	9.07362e-10	9.24516e-12
12410	G	G	97.3576	37	7	7	2.66014e-10	2.6601e-10	97.3576	2.66019e-10
12411	C	C	96.2191	37	8	7	3.37075e-11	96.2191	3.37049e-11	9.69815e-10
12412	C	C	110.184	37	8	8	1.38761e-11	110.184	1.38755e-11	1.38758e-11
12413	T	T	101.071	37	8	8	9.24516e-12	3.20864e-10	9.24559e-12	101.071
12414	T	T	101.97	37	8	8	9.24516e-12	2.57455e-10	9.24559e-12	101.97
12415	A	A	101.713	37	8	8	101.713	9.24623e-12	2.74247e-10	9.24554e-12
12416	G	G	64.8708	37	8	6	1.41143e-06	1.70487e-09	64.8708	1.7049e-09
12417	C	C	111.947	37	8	8	9.24553e-12	111.947	9.24514e-12	9.24534e-12
12418	A	A	107.07	37	8	8	107.07	9.24559e-12	6.67837e-11	9.24516e-12
12419	A	A	106.02	37	8	8	106.02	9.24707e-12	9.0104e-11	9.246e-12
12420	C	C	80.2436	37	7	6	1.33434e-09	80.2436	1.33431e-09	3.83922e-08
12421	C	C	109.612	37	8	8	1.58289e-11	109.612	1.58281e-11	1.58285e-11
12422	C	C	90.94	37	9	7	4.21479e-12	90.94	4.21468e-12	3.48928e-09
12423	T	T	115.165	37	9	9	3.21315e-13	1.25782e-11	3.21332e-13	115.165
12424	A	A	128.351	37	10	10	128.351	1.11678e-14	6.1255e-13	1.11673e-14
12425	G	G	125.756	37	9	9	3.84635e-13	3.84626e-13	125.756	3.84644e-13
12426	T	T	115.878	37	9	9	3.21315e-13	1.05768e-11	3.21332e-13	115.878
12427	C	C	138.763	37	10	10	1.92478e-14	138.763	1.92462e-14	1.92468e-14
12428	C	C	124.689	37	10	9	4.79402e-14	124.689	4.7938e-14	1.37934e-12
12429	T	T	129.755	37	10	10	1.11673e-14	4.37156e-13	1.11678e-14	129.755
12430	A	A	141.127	37	10	10	141.127	1.11678e-14	1.11676e-14	1.11673e-14
12431	T	T	135.979	37	11	11	3.88144e-16	1.08854e-13	3.88144e-16	135.979
12432	T	T	144.641	37	11	11	3.88144e-16	1.41404e-14	3.88144e-16	144.641
12433	C	C	138.916	37	11	10	1.8117e-15	138.916	1.8117e-15	5.21143e-14
12434	T	T	151.574	37	11	11	3.88144e-16	2.24674e-15	3.88144e-16	151.574
12435	G	G	155.717	37	11	11	3.88144e-16	3.88144e-16	155.717	3.88144e-16
12436	C	C	144.033	37	12	11	5.5728e-16	144.033	5.5728e-16	1.6044e-14
12437	C	C	182.193	37	13	13	1.0842e-18	182.193	1.0842e-18	1.0842e-18
12438	C	C	167.756	37	13	12	2.1684e-18	167.756	2.1684e-18	6.83047e-17
12439	C	C	183.275	37	13	13	5.42101e-19	183.275	5.42101e-19	5.42101e-19
12440	G	G	182.461	37	13	13	5.42101e-19	5.42101e-19	182.461	1.0842e-18
12441	A	A	159.648	37	12	12	159.648	1.35525e-17	4.43981e-16	1.35525e-17
12442	C	C	170.307	37	12	12	1.35525e-17	170.307	1.35525e-17	1.35525e-17
12443	T	T	178.969	37	13	13	5.42101e-19	4.33681e-18	5.42101e-19	178.969
12444	T	T	165.429	37	12	12	1.35525e-17	9.75782e-17	1.35525e-17	165.429
12445	A	A	157.275	37	12	12	157.275	1.35525e-17	7.86589e-16	1.35525e-17
12446	C	C	154.955	37	11	11	4.62412e-16	154.955	4.62412e-16	4.62412e-16
12447	T	T	152.156	37	11	11	3.88144e-16	1.86727e-15	3.88144e-16	152.156
12448	A	A	142.685	37	11	11	142.685	3.88144e-16	2.2627e-14	3.88144e-16
12449	G	G	154.857	37	11	11	4.72712e-16	4.72712e-16	154.857	4.73254e-16
12450	G	G	154.735	37	11	11	4.86265e-16	4.86265e-16	154.735	4.86807e-16
12451	A	A	149.671	37	11	11	149.671	3.88144e-16	3.90909e-15	3.88144e-16
12452	G	G	141.127	37	10	10	1.11676e-14	1.11673e-14	141.127	1.11678e-14
12453	A	A	155.717	37	11	11	155.717	3.88144e-16	3.88144e-16	3.88144e-16
12454	C	C	139.604	37	11	10	1.54607e-15	139.604	1.54607e-15	4.44826e-14
12455	C	C	154.936	37	11	11	4.64581e-16	154.936	4.64581e-16	4.64581e-16
12456	A	A	152.156	37	11	11	152.156	3.88144e-16	1.86727e-15	3.88144e-16
12457	T	T	152.156	37	11	11	3.88144e-16	1.86727e-15	3.88144e-16	152.156
12458	G	G	154.174	37	11	11	5.54027e-16	5.54027e-16	154.174	5.53485e-16
12459	A	A	158.699	37	12	12	158.699	1.35525e-17	5.58906e-16	1.35525e-17
12460	T	T	165.429	37	12	12	1.35525e-17	9.75782e-17	1.35525e-17	165.429
12461	A	A	164.38	37	12	12	164.38	1.35525e-17	1.31188e-16	1.35525e-17
12462	A	A	155.717	37	11	11	155.717	3.88144e-16	3.88144e-16	3.88144e-16
12463	C	C	154.319	37	11	11	5.35596e-16	154.319	5.35596e-16	5.35596e-16
12464	T	T	151.662	37	11	11	3.88144e-16	2.18521e-15	3.88415e-16	151.662
12465	A	A	152.156	37	11	11	152.156	3.88144e-16	1.86727e-15	3.88144e-16
12466	T	T	164.26	37	12	12	1.35525e-17	1.35525e-16	1.35525e-17	164.26
12467	A	A	166.905	37	13	13	166.905	5.42101e-19	8.78204e-17	5.42101e-19
12468	T	T	173.226	37	13	13	5.42101e-19	1.95156e-17	5.42101e-19	173.226
12469	C	C	183.247	37	13	13	5.42101e-19	183.247	5.42101e-19	5.42101e-19
12470	C	C	168.806	37	12	12	1.89735e-17	168.806	1.89735e-17	1.89735e-17
12471	C	C	140.417	37	10	10	1.31508e-14	140.417	1.31503e-14	1.31503e-14
12472	C	C	141.127	37	10	10	1.11678e-14	141.127	1.11673e-14	1.11676e-14
12473	G	G	125.676	37	10	9	1.09902e-12	3.81943e-14	125.676	3.81986e-14
12474	C	C	126.537	37	9	9	3.21329e-13	126.537	3.21314e-13	3.21321e-13
12475	A	A	113.585	37	9	9	113.585	2.25063e-12	1.53272e-11	1.44568e-12
12476	A	A	111.947	37	8	8	111.947	9.24559e-12	9.2453e-12	9.24516e-12
12477	A	A	108.061	37	8	8	108.061	9.24932e-12	4.93706e-11	9.24734e-12
12478	T	T	120.491	37	9	9	3.21315e-13	3.23614e-12	3.21331e-13	120.491
12479	C	C	110.177	37	9	8	1.35481e-12	110.177	1.35476e-12	3.8981e-11
12480	C	C	125.678	37	9	9	3.91643e-13	125.678	3.91624e-13	3.91633e-13
12481	A	A	120.491	37	9	9	120.491	3.21332e-13	3.23615e-12	3.21315e-13
12482	C	C	111.238	37	8	8	1.08872e-11	111.238	1.08868e-11	1.08869e-11
12483	T	T	120.61	37	9	9	3.21315e-13	3.13117e-12	3.21331e-13	120.61
12484	T	T	131.97	37	11	11	3.88144e-16	2.75157e-13	3.88144e-16	131.97
12485	A	A	155.717	37	11	11	155.717	3.88144e-16	3.88144e-16	3.88144e-16
12486	G	G	155.007	37	11	11	4.56991e-16	4.56991e-16	155.007	4.56991e-16
12487	C	C	137.113	37	11	10	2.74303e-15	137.113	2.74303e-15	7.89364e-14
12488	A	A	159.431	37	12	12	159.431	1.35525e-17	4.68375e-16	1.35525e-17
12489	C	C	182.341	37	13	13	1.0842e-18	182.341	1.0842e-18	1.0842e-18
12490	C	C	182.979	37	13	13	5.42101e-19	182.979	5.42101e-19	5.42101e-19
12491	C	C	168.735	37	12	12	1.95156e-17	168.735	1.95156e-17	1.95156e-17
12492	C	C	154.245	37	11	11	5.44812e-16	154.245	5.44812e-16	5.44812e-16
12493	A	A	149.671	37	11	11	149.671	3.88144e-16	3.90909e-15	3.88144e-16
12494	C	C	141.127	37	10	10	1.11678e-14	141.127	1.11673e-14	1.11676e-14
12495	C	C	141.127	37	10	10	1.11678e-14	141.127	1.11673e-14	1.11676e-14
12496	C	C	141.127	37	10	10	1.11678e-14	141.127	1.11673e-14	1.11676e-14
12497	C	C	141.127	37	10	10	1.11678e-14	141.127	1.11673e-14	1.11676e-14
12498	A	A	136.249	37	10	10	136.249	1.11697e-14	8.06768e-14	1.11684e-14
12499	C	C	141.127	37	10	10	1.11678e-14	141.127	1.11673e-14	1.11676e-14
12500	A	A	126.537	37	9	9	126.537	3.21332e-13	3.21321e-13	3.21315e-13
12501	T	T	126.537	37	9	9	3.21315e-13	3.2132e-13	3.21332e-13	126.537
12502	C	C	126.537	37	9	9	3.2133e-13	126.537	3.21315e-13	3.21322e-13
12503	A	A	122.484	37	9	9	122.484	3.21332e-13	1.80865e-12	3.21315e-13
12504	A	A	123.711	37	10	10	123.711	1.11678e-14	1.82579e-12	1.11673e-14
12505	A	A	122.024	37	10	10	122.024	1.11678e-14	2.70288e-12	1.11673e-14
12506	C	C	140.346	37	10	10	1.33682e-14	140.346	1.33677e-14	1.33682e-14
12507	C	C	125.775	37	9	9	3.82935e-13	125.775	3.82916e-13	3.82926e-13
12508	C	C	138.865	37	10	10	1.88001e-14	138.865	1.8799e-14	1.87995e-14
12509	G	G	111.166	37	8	8	1.10671e-11	1.10669e-11	111.166	1.10673e-11
12510	A	A	121.659	37	9	9	121.659	3.21332e-13	2.32107e-12	3.21315e-13
12511	G	G	124.964	37	9	9	4.61621e-13	4.61608e-13	124.964	4.61632e-13
12512	T	T	101.288	37	8	8	9.24516e-12	3.04324e-10	9.24558e-12	101.288
12513	G	G	126.537	37	9	9	3.21323e-13	3.21314e-13	126.537	3.2133e-13
12514	G	G	126.537	37	9	9	3.21323e-13	3.21314e-13	126.537	3.2133e-13
12515	T	T	122.423	37	9	9	3.21315e-13	1.84317e-12	3.21332e-13	122.423
12516	A	A	116.034	37	9	9	116.034	3.21341e-13	1.01806e-11	3.2132e-13
12517	C	C	138.937	37	10	10	1.84932e-14	138.937	1.84922e-14	1.84927e-14
12518	T	T	136.013	37	10	10	1.257e-14	8.25522e-14	1.36531e-14	136.013
12519	T	T	137.013	37	10	10	1.11673e-14	6.40595e-14	1.11681e-14	137.013
12520	T	T	107.894	37	8	8	9.24516e-12	5.20402e-11	9.24559e-12	107.894
12521	C	C	94.0693	37	8	7	5.5296e-11	94.0693	5.52943e-11	1.591e-09
12522	T	T	111.947	37	8	8	9.24516e-12	9.24532e-12	9.24559e-12	111.947
12523	A	A	126.537	37	9	9	126.537	3.21331e-13	3.21319e-13	3.21315e-13
12524	T	T	121.659	37	9	9	3.21315e-13	2.32107e-12	3.21332e-13	121.659
12525	T	T	122.423	37	9	9	3.21315e-13	1.84318e-12	3.21332e-13	122.423
12526	T	T	122.484	37	9	9	3.21315e-13	1.80866e-12	3.21332e-13	122.484
12527	G	G	126.537	37	9	9	3.2132e-13	3.21313e-13	126.537	3.21327e-13
12528	C	C	126.537	37	9	9	3.21349e-13	126.537	3.21326e-13	3.21337e-13
12529	C	C	126.537	37	9	9	3.21332e-13	126.537	3.21315e-13	3.21324e-13
12530	T	T	135.2	37	10	10	1.11673e-14	1.08825e-13	1.11681e-14	135.2
12531	A	A	151.574	37	11	11	151.574	3.88144e-16	2.24674e-15	3.88144e-16
12532	C	C	142.27	37	12	11	8.37004e-16	142.27	8.37004e-16	2.4078e-14
12533	G	G	168.707	37	12	12	1.95156e-17	1.95156e-17	168.707	1.95156e-17
12534	C	C	151.834	37	12	11	9.21572e-17	151.834	9.21572e-17	2.66172e-15
12535	T	T	145.43	37	11	11	3.88144e-16	1.16633e-14	3.88144e-16	145.43
12536	A	A	180.019	37	13	13	180.019	5.42101e-19	3.25261e-18	5.42101e-19
12537	T	T	172.567	37	13	13	5.42101e-19	2.27682e-17	5.42101e-19	172.567
12538	C	C	148.056	37	13	11	8.67362e-18	148.056	8.67362e-18	6.77952e-15
12539	C	C	182.139	37	14	13	0	182.139	0	2.1684e-18
12540	T	T	173.666	37	14	14	0	1.84314e-17	0	173.666
12541	A	A	186.572	37	14	14	186.572	0	1.0842e-18	0
12542	C	C	196.441	37	14	14	0	196.441	0	0
12543	G	G	182.757	37	14	13	2.1684e-18	0	182.757	0
12544	A	A	186.71	37	14	14	186.71	0	1.0842e-18	0
12545	T	T	186.71	37	14	14	0	1.0842e-18	0	186.71
12546	G	G	182.664	37	14	13	2.1684e-18	0	182.664	0
12547	C	C	198.705	37	14	14	0	198.705	0	0
12548	A	A	180.548	37	13	13	180.548	5.42101e-19	2.71051e-18	5.42101e-19
12549	T	T	181.336	37	13	13	5.42101e-19	2.1684e-18	5.42101e-19	181.336
12550	C	C	184.896	37	13	13	5.42101e-19	184.896	5.42101e-19	5.42101e-19
12551	C	C	170.307	37	12	12	1.35525e-17	170.307	1.35525e-17	1.35525e-17
12552	C	C	183.243	37	14	13	0	183.243	0	2.1684e-18
12553	T	T	192.014	37	15	15	0	5.42101e-19	0	192.014
12554	A	A	215.08	37	16	16	215.08	0	0	0
12555	A	A	208.03	37	15	15	208.03	0	0	0
12556	T	T	175.06	37	14	14	0	1.35525e-17	0	175.06
12557	A	A	199.486	37	14	14	199.486	0	0	0
12558	A	A	199.486	37	14	14	199.486	0	0	0
12559	A	A	214.076	37	15	15	214.076	0	0	0
12560	C	C	213.014	37	16	15	0	213.014	0	0
12561	T	T	216.977	37	16	16	0	0	0	216.977
12562	A	A	232.524	37	17	17	232.524	0	0	0
12563	G	G	270.688	37	19	19	0	0	270.688	0
12564	G	G	270.471	37	19	19	0	0	270.471	0
12565	C	C	249.178	37	20	18	0	249.178	0	0
12566	T	T	232.07	37	18	18	0	0	0	232.07
12567	G	G	272.436	37	19	19	0	0	272.436	0
12568	A	A	272.436	37	19	19	272.436	0	0	0
12569	G	G	272.436	37	19	19	0	0	272.436	0
12570	T	T	268.382	37	19	19	0	0	0	268.382
12571	A	A	254.98	37	19	19	254.98	0	0	0
12572	C	C	298.397	37	21	21	0	298.397	0	0
12573	T	T	294.142	37	22	22	0	0	0	294.142
12574	A	A	294.246	37	22	22	294.246	0	0	0
12575	G	G	263.677	37	21	19	0	0	263.677	0
12576	C	C	270.347	37	19	19	0	270.347	0	0
12577	A	A	268.087	37	19	19	268.087	0	0	0
12578	C	C	272.435	37	19	19	0	272.435	0	0
12579	T	T	272.435	37	19	19	0	0	0	272.435
12580	A	A	247.612	37	18	18	247.612	0	0	0
12581	A	A	239.903	37	18	18	239.903	0	0	0
12582	T	T	257.846	37	18	18	0	0	0	257.846
12583	T	T	243.256	37	17	17	0	0	0	243.256
12584	T	T	243.256	37	17	17	0	0	0	243.256
12585	T	T	228.666	37	16	16	0	0	0	228.666
12586	C	C	214.076	37	15	15	0	214.076	0	0
12587	T	T	222.62	37	16	16	0	0	0	222.62
12588	C	C	227.684	37	16	16	0	227.684	0	0
12589	C	C	227.806	37	16	16	0	227.806	0	0
12590	A	A	200.075	37	16	16	200.075	0	0	0
12591	T	T	210.191	37	15	15	0	0	0	210.191
12592	T	T	199.34	37	14	14	0	0	0	199.34
12593	G	G	196.268	37	14	14	0	0	196.268	0
12594	T	T	184.392	37	14	14	0	1.6263e-18	0	184.392
12595	A	A	199.486	37	14	14	199.486	0	0	0
12596	A	A	199.486	37	14	14	199.486	0	0	0
12597	T	T	188.982	37	14	14	0	5.42101e-19	0	188.982
12598	C	C	198.252	37	14	14	0	198.252	0	0
12599	C	C	199.486	37	14	14	0	199.486	0	0
12600	T	T	199.485	37	14	14	0	0	0	199.485
12601	A	A	169.085	37	14	14	169.085	0	5.3668e-17	0
12602	G	G	167.878	37	12	12	2.33103e-17	2.33103e-17	167.878	2.38524e-17
12603	A	A	150.739	37	12	12	150.739	1.35525e-17	3.63641e-15	1.35525e-17
12604	C	C	170.307	37	12	12	1.35525e-17	170.307	1.35525e-17	1.35525e-17
12605	C	C	140.81	37	10	10	1.22358e-14	140.81	1.17546e-14	1.20539e-14
12606	T	T	141.127	37	10	10	1.11676e-14	1.11681e-14	1.11686e-14	141.127
12607	C	C	126.537	37	9	9	3.21332e-13	126.537	3.21315e-13	3.21324e-13
12608	A	A	128.095	37	10	10	128.095	1.11678e-14	6.51037e-13	1.11673e-14
12609	T	T	121.852	37	9	9	3.21315e-13	2.19276e-12	3.21332e-13	121.852
12610	T	T	122.189	37	9	9	3.21315e-13	1.98117e-12	3.21332e-13	122.189
12611	C	C	122.408	37	10	9	8.10723e-14	122.408	8.1069e-14	2.33264e-12
12612	C	C	124.845	37	9	9	4.74418e-13	124.845	4.74396e-13	4.74406e-13
12613	T	T	122.189	37	9	9	3.21315e-13	1.98116e-12	3.21332e-13	122.189
12614	C	C	125.747	37	9	9	3.85481e-13	125.747	3.85463e-13	3.85472e-13
12615	T	T	122.652	37	9	9	3.21315e-13	1.71542e-12	3.21331e-13	122.652
12616	T	T	126.537	37	9	9	3.21321e-13	3.21327e-13	3.21342e-13	126.537
12617	C	C	111.725	37	9	8	9.48774e-13	111.725	9.48739e-13	2.72984e-11
12618	A	A	111.302	37	9	9	111.302	3.21331e-13	3.15353e-11	3.21315e-13
12619	A	A	97.3576	37	7	7	97.3576	2.66021e-10	2.66013e-10	2.6601e-10
12620	C	C	96.5958	37	7	7	3.17021e-10	96.5958	3.17009e-10	3.17015e-10
12621	A	A	97.3576	37	7	7	97.3576	2.66021e-10	2.66013e-10	2.6601e-10
12622	C	C	97.278	37	8	7	2.64134e-11	97.278	2.64125e-11	7.59976e-10
12623	A	A	108.387	37	8	8	108.387	9.24559e-12	4.44775e-11	9.24516e-12
12624	C	C	111.088	37	8	8	1.12693e-11	111.088	1.12686e-11	1.12689e-11
12625	G	G	111.166	37	8	8	1.10671e-11	1.10669e-11	111.166	1.10673e-11
12626	T	T	113.845	37	9	9	3.21315e-13	1.72767e-11	3.21332e-13	113.845
12627	C	C	123.194	37	10	9	6.76455e-14	123.194	6.76434e-14	1.94632e-12
12628	C	C	124.619	37	9	9	4.99768e-13	124.619	4.99729e-13	4.99751e-13
12629	A	A	141.127	37	10	10	141.127	1.11681e-14	1.11676e-14	1.11673e-14
12630	A	A	141.127	37	10	10	141.127	1.11678e-14	1.11676e-14	1.11673e-14
12631	A	A	137.242	37	10	10	137.242	1.11678e-14	5.96195e-14	1.11673e-14
12632	C	C	140.365	37	10	10	1.33091e-14	140.365	1.3308e-14	1.33086e-14
12633	A	A	136.778	37	10	10	136.778	1.11678e-14	6.88552e-14	1.11673e-14
12634	A	A	136.442	37	10	10	136.442	1.11678e-14	7.62091e-14	1.11673e-14
12635	C	C	141.127	37	10	10	1.11678e-14	141.127	1.11673e-14	1.11676e-14
12636	G	G	141.127	37	10	10	1.11676e-14	1.11673e-14	141.127	1.11678e-14
12637	A	A	137.242	37	10	10	137.242	1.11678e-14	5.96197e-14	1.11673e-14
12638	G	G	140.337	37	10	10	1.33969e-14	1.33969e-14	140.337	1.33975e-14
12639	G	G	139.651	37	10	10	1.56889e-14	1.56889e-14	139.651	1.56895e-14
12640	A	A	129.833	37	10	10	129.833	1.11678e-14	4.28968e-13	1.11673e-14
12641	A	A	121.428	37	10	10	121.428	1.11678e-14	3.10379e-12	1.11673e-14
12642	T	T	135.08	37	10	10	1.11681e-14	1.12486e-13	1.11697e-14	135.08
12643	G	G	125.533	37	10	9	1.1357e-12	3.94704e-14	125.533	3.9472e-14
12644	A	A	115.227	37	9	9	115.227	3.21332e-13	1.23914e-11	3.21315e-13
12645	T	T	122.394	37	9	9	3.21315e-13	1.85994e-12	3.21331e-13	122.394
12646	A	A	107.599	37	8	8	107.599	9.24559e-12	5.70038e-11	9.24516e-12
12647	T	T	111.947	37	8	8	9.24516e-12	9.2453e-12	9.24559e-12	111.947
12648	T	T	120.61	37	9	9	3.21315e-13	3.13118e-12	3.21332e-13	120.61
12649	C	C	110.889	37	8	8	1.17973e-11	110.889	1.17968e-11	1.1797e-11
12650	C	C	94.8334	37	8	7	4.6375e-11	94.8334	4.63736e-11	1.33432e-09
12651	G	G	111.238	37	8	8	1.0887e-11	1.08868e-11	111.238	1.08872e-11
12652	G	G	110.54	37	8	8	1.27844e-11	1.27841e-11	110.54	1.27846e-11
12653	C	C	111.947	37	8	8	9.24557e-12	111.947	9.24516e-12	9.24537e-12
12654	C	C	111.947	37	8	8	9.24553e-12	111.947	9.24514e-12	9.24534e-12
12655	C	C	111.947	37	8	8	9.24715e-12	111.947	9.24603e-12	9.24668e-12
12656	C	C	110.303	37	8	8	1.35025e-11	110.303	1.3502e-11	1.35022e-11
12657	T	T	92.672	37	7	7	2.6601e-10	1.81533e-09	2.66021e-10	92.672
12658	A	A	111.947	37	8	8	111.947	9.24559e-12	9.2453e-12	9.24516e-12
12659	A	A	102.296	37	8	8	102.296	9.24559e-12	2.37451e-10	9.24516e-12
12660	G	G	110.395	37	8	8	1.32175e-11	1.32172e-11	110.395	1.32178e-11
12661	C	C	111.186	37	8	8	1.10181e-11	111.186	1.10176e-11	1.10178e-11
12662	C	C	124.347	37	9	9	5.32105e-13	124.347	5.32079e-13	5.32092e-13
12663	A	A	104.099	37	9	9	104.099	3.21341e-13	1.68361e-10	3.2132e-13
12664	A	A	93.2143	37	7	7	93.2143	2.66021e-10	1.5398e-09	2.6601e-10
12665	T	T	93.3041	37	7	7	2.66015e-10	1.49738e-09	2.66029e-10	93.3041
12666	G	G	96.3753	37	7	7	3.33527e-10	3.33521e-10	96.3753	3.33533e-10
12667	C	C	97.3576	37	7	7	2.6602e-10	97.3576	2.6601e-10	2.66015e-10
12668	C	C	95.784	37	7	7	3.82183e-10	95.784	3.82163e-10	3.82174e-10
12669	T	T	97.9825	37	8	8	9.24516e-12	6.72606e-10	9.24559e-12	97.9825
12670	A	A	111.947	37	8	8	111.947	9.24559e-12	9.2453e-12	9.24516e-12
12671	T	T	101.071	37	8	8	9.24516e-12	3.20864e-10	9.24559e-12	101.071
12672	T	T	101.97	37	8	8	9.24516e-12	2.57455e-10	9.24559e-12	101.97
12673	T	T	108.062	37	8	8	9.24516e-12	4.93577e-11	9.24559e-12	108.062
12674	T	T	111.947	37	8	8	9.24637e-12	9.24687e-12	9.24772e-12	111.947
12675	G	G	111.947	37	8	8	9.24668e-12	9.24603e-12	111.947	9.24715e-12
12676	A	A	111.947	37	8	8	111.947	9.24559e-12	9.2453e-12	9.24516e-12
12677	C	C	124.964	37	9	9	4.6163e-13	124.964	4.61608e-13	4.61619e-13
12678	T	T	127.162	37	10	10	1.11673e-14	8.12446e-13	1.11678e-14	127.162
12679	T	T	129.755	37	10	10	1.11673e-14	4.37155e-13	1.11681e-14	129.755
12680	C	C	123.072	37	10	9	6.95776e-14	123.072	6.95754e-14	2.00191e-12
12681	T	T	131.149	37	10	10	1.11673e-14	3.10982e-13	1.11678e-14	131.149
12682	A	A	122.484	37	9	9	122.484	3.21333e-13	1.80865e-12	3.21316e-13
12683	G	G	125.756	37	9	9	3.84637e-13	3.84627e-13	125.756	3.84646e-13
12684	T	T	126.537	37	9	9	3.21343e-13	3.21352e-13	3.2138e-13	126.537
12685	A	A	120.61	37	9	9	120.61	3.21381e-13	3.13149e-12	3.21343e-13
12686	G	G	125.827	37	9	9	3.78377e-13	3.78368e-13	125.827	3.78385e-13
12687	C	C	138.424	37	10	10	2.08118e-14	138.424	2.08102e-14	2.08107e-14
12688	A	A	136.778	37	10	10	136.778	1.11686e-14	6.88585e-14	1.11678e-14
12689	G	G	154.733	37	11	11	4.86807e-16	4.86807e-16	154.733	4.86807e-16
12690	A	A	164.26	37	12	12	164.26	1.35525e-17	1.36067e-16	1.35525e-17
12691	C	C	153.167	37	11	11	6.98226e-16	153.167	6.98226e-16	6.98226e-16
12692	C	C	137.841	37	11	10	2.32019e-15	137.841	2.32019e-15	6.67554e-14
12693	T	T	150.689	37	12	12	1.35525e-17	3.6787e-15	1.35525e-17	150.689
12694	A	A	170.307	37	12	12	170.307	1.35525e-17	1.35525e-17	1.35525e-17
12695	C	C	169.447	37	12	12	1.6263e-17	169.447	1.6263e-17	1.6263e-17
12696	T	T	171.865	37	13	13	5.42101e-19	2.71051e-17	5.42101e-19	171.865
12697	A	A	184.897	37	13	13	184.897	5.42101e-19	5.42101e-19	5.42101e-19
12698	A	A	199.486	37	14	14	199.486	0	0	0
12699	C	C	210.659	37	15	15	0	210.659	0	0
12700	A	A	203.459	37	15	15	203.459	0	0	0
12701	C	C	196.485	37	15	14	0	196.485	0	0
12702	T	T	203.675	37	15	15	0	0	0	203.675
12703	A	A	191.409	37	15	15	191.409	0	5.42101e-19	0
12704	A	A	174.532	37	13	13	174.532	5.42101e-19	1.40946e-17	5.42101e-19
12705	C	C	184.897	37	13	13	5.42101e-19	184.897	5.42101e-19	5.42101e-19
12706	A	A	164.35	37	13	13	164.35	5.42101e-19	1.58294e-16	5.42101e-19
12707	T	T	170.307	37	12	12	1.35525e-17	1.35525e-17	1.35525e-17	170.307
12708	G	G	150.529	37	12	11	3.59521e-15	1.24683e-16	150.529	1.24683e-16
12709	A	A	142.558	37	11	11	142.558	3.88144e-16	2.33198e-14	3.88144e-16
12710	A	A	136.442	37	10	10	136.442	1.11678e-14	7.62097e-14	1.11673e-14
12711	T	T	149.671	37	11	11	3.88144e-16	3.90882e-15	3.88144e-16	149.671
12712	T	T	136.442	37	10	10	1.11673e-14	7.62091e-14	1.11678e-14	136.442
12713	G	G	140.51	37	10	10	1.28725e-14	1.28722e-14	140.51	1.2873e-14
12714	G	G	140.365	37	10	10	1.33091e-14	1.33086e-14	140.365	1.33091e-14
12715	A	A	159.943	37	12	12	159.943	1.35525e-17	4.13081e-16	1.35525e-17
12716	G	G	183.047	37	13	13	1.0842e-18	1.0842e-18	183.047	5.42101e-19
12717	G	G	182.464	37	13	13	5.42101e-19	5.42101e-19	182.464	1.0842e-18
12718	A	A	180.211	37	13	13	180.211	5.42101e-19	3.25261e-18	5.42101e-19
12719	C	C	181.749	37	13	13	1.0842e-18	181.749	1.0842e-18	1.0842e-18
12720	A	A	184.896	37	13	13	184.896	5.42101e-19	5.42101e-19	5.42101e-19
12721	A	A	183.714	37	14	14	183.714	0	1.6263e-18	0
12722	C	C	222.841	37	16	16	0	222.841	0	0
12723	C	C	182.391	37	17	14	0	182.391	0	2.1684e-18
12724	A	A	222.242	37	17	17	222.242	0	0	0
12725	G	G	225.296	37	17	16	0	0	225.296	0
12726	T	T	182.151	37	14	14	0	2.71051e-18	0	182.151
12727	A	A	199.486	37	14	14	199.486	0	0	0
12728	G	G	199.486	37	14	14	0	0	199.486	0
12729	A	A	195.926	37	14	14	195.926	0	0	0
12730	A	A	204.212	37	15	15	204.212	0	0	0
12731	C	C	212.932	37	15	15	0	212.932	0	0
12732	A	A	202.469	37	15	15	202.469	0	0	0
12733	C	C	226.302	37	16	16	0	226.302	0	0
12734	C	C	212.308	37	15	15	0	212.308	0	0
12735	C	C	198.705	37	14	14	0	198.705	0	0
12736	C	C	195.235	37	15	14	0	195.235	0	0
12737	G	G	213.295	37	15	15	0	0	213.295	0
12738	T	T	209.727	37	15	15	0	0	0	209.727
12739	C	C	213.286	37	15	15	0	213.286	0	0
12740	A	A	217.712	37	16	16	217.712	0	0	0
12741	G	G	226.161	37	17	16	0	0	226.161	0
12742	T	T	223.854	37	17	17	0	0	0	223.854
12743	A	A	228.666	37	16	16	228.666	0	0	0
12744	T	T	207.624	37	17	17	0	0	0	207.624
12745	T	T	224.229	37	17	17	0	0	0	224.229
12746	A	A	239.371	37	17	17	239.371	0	0	0
12747	T	T	232.969	37	17	17	0	0	0	232.969
12748	C	C	242.639	37	17	17	0	242.639	0	0
12749	G	G	224.543	37	17	16	0	0	224.543	0
12750	G	G	226.766	37	17	16	0	0	226.766	0
12751	A	A	230.4	37	17	17	230.4	0	0	0
12752	C	C	212.306	37	16	15	0	212.306	0	0
12753	A	A	222.739	37	16	16	222.739	0	0	0
12754	A	A	210.046	37	15	15	210.046	0	0	0
12755	C	C	213.366	37	15	15	0	213.366	0	0
12756	T	T	214.076	37	15	15	0	0	0	214.076
12757	A	A	209.391	37	15	15	209.391	0	0	0
12758	G	G	158.833	37	15	13	5.68122e-16	2.1684e-18	158.833	0
12759	C	C	199.486	37	14	14	0	199.486	0	0
12760	C	C	212.502	37	15	15	0	212.502	0	0
12761	T	T	214.84	37	16	16	0	0	0	214.84
12762	C	C	226.826	37	16	16	0	226.826	0	0
12763	C	C	253.013	37	18	18	0	253.013	0	0
12764	A	A	231.46	37	19	19	231.46	0	0	0
12765	A	A	226.314	37	19	19	226.314	0	0	0
12766	T	T	225.145	37	17	17	0	0	0	225.145
12767	G	G	239.447	37	17	17	0	0	239.447	0
12768	T	T	232.322	37	17	17	0	0	0	232.322
12769	C	C	198.627	37	14	14	0	198.627	0	0
12770	T	T	201.183	37	15	15	0	0	0	201.183
12771	A	A	208.03	37	15	15	208.03	0	0	0
12772	C	C	198.664	37	14	14	0	198.664	0	0
12773	T	T	195.433	37	14	14	0	0	0	195.433
12774	T	T	195.926	37	14	14	0	0	0	195.926
12775	T	T	199.486	37	14	14	0	0	0	199.486
12776	A	A	186.932	37	14	14	186.932	0	1.0842e-18	0
12777	C	C	184.897	37	13	13	5.42101e-19	184.897	5.42101e-19	5.42101e-19
12778	A	A	180.548	37	13	13	180.548	5.42101e-19	2.71051e-18	5.42101e-19
12779	A	A	180.211	37	13	13	180.211	5.42101e-19	3.25261e-18	5.42101e-19
12780	T	T	184.897	37	13	13	5.42101e-19	5.42101e-19	5.42101e-19	184.897
12781	C	C	170.307	37	12	12	1.35525e-17	170.307	1.35525e-17	1.35525e-17
12782	C	C	170.307	37	12	12	1.35525e-17	170.307	1.35525e-17	1.35525e-17
12783	T	T	178.969	37	13	13	5.42101e-19	4.33681e-18	5.42101e-19	178.969
12784	C	C	183.758	37	14	13	0	183.758	0	2.1684e-18
12785	C	C	210.739	37	15	15	0	210.739	0	0
12786	A	A	194.065	37	15	15	194.065	0	0	0
12787	A	A	202.782	37	15	15	202.782	0	0	0
12788	G	G	211.033	37	15	15	0	0	211.033	0
12789	T	T	189.544	37	14	14	0	5.42101e-19	0	189.544
12790	A	A	179.48	37	14	14	179.48	0	4.87891e-18	0
12791	C	C	159.579	37	13	12	1.51788e-17	159.579	1.51788e-17	4.46691e-16
12792	T	T	184.897	37	13	13	5.42101e-19	5.42101e-19	5.42101e-19	184.897
12793	C	C	170.307	37	12	12	1.35525e-17	170.307	1.35525e-17	1.35525e-17
12794	A	A	164.26	37	12	12	164.26	1.35525e-17	1.36067e-16	1.35525e-17
12795	T	T	164.26	37	12	12	1.35525e-17	1.35525e-16	1.35525e-17	164.26
12796	A	A	170.306	37	12	12	170.306	1.35525e-17	1.35525e-17	1.35525e-17
12797	C	C	169.447	37	12	12	1.6263e-17	169.447	1.6263e-17	1.6263e-17
12798	C	C	166.248	37	13	12	3.25261e-18	166.248	3.25261e-18	9.6494e-17
12799	C	C	166.412	37	13	12	3.25261e-18	166.412	3.25261e-18	9.32414e-17
12800	A	A	180.782	37	13	13	180.782	5.42101e-19	2.71051e-18	5.42101e-19
12801	G	G	168.784	37	13	12	5.31259e-17	1.0842e-18	168.784	2.1684e-18
12802	C	C	184.279	37	13	13	5.42101e-19	184.279	5.42101e-19	5.42101e-19
12803	G	G	167.463	37	12	12	2.49366e-17	2.38524e-17	167.463	2.92735e-17
12804	C	C	170.307	37	12	12	1.35525e-17	170.307	1.35525e-17	1.35525e-17
12805	T	T	170.306	37	12	12	1.35525e-17	1.35525e-17	1.35525e-17	170.306
12806	G	G	170.307	37	12	12	1.35525e-17	1.35525e-17	170.307	1.35525e-17
12807	G	G	170.307	37	12	12	1.35525e-17	1.35525e-17	170.307	1.35525e-17
12808	A	A	184.897	37	13	13	184.897	5.42101e-19	5.42101e-19	5.42101e-19
12809	A	A	181.336	37	13	13	181.336	5.42101e-19	2.1684e-18	5.42101e-19
12810	T	T	180.548	37	13	13	5.42101e-19	2.71051e-18	5.42101e-19	180.548
12811	T	T	180.753	37	13	13	5.42101e-19	2.71051e-18	5.42101e-19	180.753
12812	A	A	180.019	37	13	13	180.019	5.42101e-19	3.25261e-18	5.42101e-19
12813	T	T	184.897	37	13	13	5.42101e-19	5.42101e-19	5.42101e-19	184.897
12814	T	T	170.307	37	12	12	1.35525e-17	1.35525e-17	1.35525e-17	170.307
12815	G	G	168.899	37	12	12	1.89735e-17	1.89735e-17	168.899	1.84314e-17
12816	A	A	152.316	37	12	12	152.316	1.35525e-17	2.52077e-15	1.35525e-17
12817	A	A	151.487	37	12	12	151.487	1.35525e-17	3.05691e-15	1.35525e-17
12818	A	A	148.54	37	12	12	148.54	1.35525e-17	6.05093e-15	1.35525e-17
12819	A	A	142.131	37	11	11	142.131	3.88144e-16	2.58105e-14	3.88144e-16
12820	C	C	141.127	37	10	10	1.11678e-14	141.127	1.11673e-14	1.11676e-14
12821	A	A	126.537	37	9	9	126.537	3.21332e-13	3.21321e-13	3.21315e-13
12822	A	A	126.537	37	9	9	126.537	3.21332e-13	3.21321e-13	3.21315e-13
12823	C	C	126.537	37	9	9	3.21329e-13	126.537	3.21314e-13	3.21321e-13
12824	C	C	126.537	37	9	9	3.21329e-13	126.537	3.21314e-13	3.21321e-13
12825	T	T	126.537	37	9	9	3.21328e-13	3.21334e-13	3.21354e-13	126.537
12826	C	C	126.537	37	9	9	3.21329e-13	126.537	3.21314e-13	3.21321e-13
12827	T	T	135.169	37	10	10	1.12356e-14	1.09564e-13	1.12849e-14	135.169
12828	T	T	136.249	37	10	10	1.11673e-14	8.06687e-14	1.11678e-14	136.249
12829	A	A	145.135	37	12	12	145.135	1.35525e-17	1.32858e-14	1.35525e-17
12830	A	A	142.741	37	12	12	142.741	1.35525e-17	2.30778e-14	1.35525e-17
12831	A	A	139.23	37	12	12	139.23	1.35525e-17	5.18243e-14	1.35525e-17
12832	G	G	124.781	37	10	9	1.35037e-12	4.69286e-14	124.781	4.6934e-14
12833	T	T	121.43	37	10	10	1.11681e-14	3.10203e-12	1.11695e-14	121.43
12834	G	G	125.046	37	9	9	4.52935e-13	4.52924e-13	125.046	4.52946e-13
12835	G	G	139.278	37	10	10	1.70952e-14	1.70946e-14	139.278	1.70952e-14
12836	A	A	157.148	37	12	12	157.148	1.35525e-17	8.10441e-16	1.35525e-17
12837	G	G	139.357	37	11	10	4.70858e-14	1.63606e-15	139.357	1.63606e-15
12838	A	A	149.525	37	11	11	149.525	4.05221e-16	4.04163e-15	3.97631e-16
12839	G	G	141.127	37	10	10	1.11686e-14	1.11681e-14	141.127	1.11692e-14
12840	T	T	131.476	37	10	10	1.11673e-14	2.86819e-13	1.11678e-14	131.476
12841	C	C	141.127	37	10	10	1.11678e-14	141.127	1.11673e-14	1.11676e-14
12842	T	T	141.127	37	10	10	1.11673e-14	1.11676e-14	1.11678e-14	141.127
12843	T	T	149.79	37	11	11	3.88144e-16	3.78224e-15	3.88144e-16	149.79
12844	T	T	150.839	37	11	11	3.87873e-16	2.80348e-15	3.88144e-16	150.839
12845	G	G	152.396	37	11	11	8.33751e-16	8.33751e-16	152.396	8.33751e-16
12846	T	T	137.074	37	10	10	1.11673e-14	6.28596e-14	1.11678e-14	137.074
12847	T	T	122.976	37	9	9	3.21318e-13	1.54583e-12	3.21338e-13	122.976
12848	G	G	125.479	37	9	9	4.10007e-13	4.09996e-13	125.479	4.10016e-13
12849	T	T	140.482	37	11	11	3.88144e-16	3.80918e-14	3.88144e-16	140.482
12850	A	A	155.717	37	11	11	155.717	3.88144e-16	3.88144e-16	3.88144e-16
12851	T	T	136.381	37	11	11	3.88144e-16	9.9159e-14	3.88144e-16	136.381
12852	A	A	155.717	37	11	11	155.717	3.88144e-16	3.88144e-16	3.88144e-16
12853	A	A	166.746	37	12	12	166.746	1.35525e-17	6.50521e-17	1.35525e-17
12854	C	C	164.463	37	13	12	5.42101e-18	164.463	5.42101e-18	1.45283e-16
12855	A	A	180.782	37	13	13	180.782	5.42101e-19	2.71051e-18	5.42101e-19
12856	C	C	183.325	37	13	13	5.42101e-19	183.325	5.42101e-19	5.42101e-19
12857	T	T	174.609	37	13	13	5.42101e-19	1.40946e-17	5.42101e-19	174.609
12858	T	T	166.746	37	12	12	1.30104e-17	6.451e-17	1.30104e-17	166.746
12859	A	A	170.307	37	12	12	170.307	1.35525e-17	1.35525e-17	1.35525e-17
12860	C	C	183.323	37	13	13	5.42101e-19	183.323	5.42101e-19	5.42101e-19
12861	C	C	152.902	37	14	12	2.1684e-18	152.902	2.1684e-18	2.22045e-15
12862	A	A	199.486	37	14	14	199.486	0	0	0
12863	T	T	193.699	37	15	15	0	0	0	193.699
12864	G	G	214.076	37	15	15	0	0	214.076	0
12865	G	G	203.952	37	16	15	0	0	203.952	0
12866	T	T	217.021	37	16	16	0	0	0	217.021
12867	C	C	202.475	37	16	15	0	202.475	0	0
12868	T	T	224.613	37	16	16	0	0	0	224.613
12869	T	T	230.998	37	17	17	0	0	0	230.998
12870	G	G	240.094	37	17	17	0	0	240.094	0
12871	T	T	238.907	37	17	17	0	0	0	238.907
12872	A	A	220.649	37	17	17	220.649	0	0	0
12873	A	A	209.198	37	15	15	209.198	0	0	0
12874	G	G	212.503	37	15	15	0	0	212.503	0
12875	C	C	198.725	37	14	14	0	198.725	0	0
12876	C	C	224.902	37	16	16	0	224.902	0	0
12877	A	A	239.371	37	17	17	239.371	0	0	0
12878	A	A	247.868	37	18	18	247.868	0	0	0
12879	A	A	246.964	37	18	18	246.964	0	0	0
12880	A	A	246.474	37	18	18	246.474	0	0	0
12881	A	A	243.881	37	18	18	243.881	0	0	0
12882	C	C	242.639	37	17	17	0	242.639	0	0
12883	G	G	218.556	37	17	16	0	0	218.556	0
12884	G	G	243.256	37	17	17	0	0	243.256	0
12885	A	A	253.961	37	18	18	253.961	0	0	0
12886	G	G	257.055	37	18	18	0	0	257.055	0
12887	A	A	247.612	37	18	18	247.612	0	0	0
12888	A	A	254.046	37	19	19	254.046	0	0	0
12889	T	T	261.787	37	19	19	0	0	0	261.787
12890	A	A	260.529	37	19	19	260.529	0	0	0
12891	T	T	261.026	37	19	19	0	0	0	261.026
12892	C	C	256.276	37	18	18	0	256.276	0	0
12893	T	T	239.094	37	17	17	0	0	0	239.094
12894	A	A	246.436	37	18	18	246.436	0	0	0
12895	C	C	256.787	37	18	18	0	256.787	0	0
12896	C	C	242.474	37	17	17	0	242.474	0	0
12897	C	C	242.494	37	17	17	0	242.494	0	0
12898	T	T	231.136	34.2735	17	17	0	0	0	231.136
12899	C	C	242.197	34.2735	17	17	0	242.197	0	0
12900	C	C	211.552	34.1488	16	15	0	211.552	0	0
12901	C	C	192.602	34.1488	16	14	0	192.602	0	0
12902	C	C	175.64	34.0116	15	13	0	175.64	0	1.0842e-17
12903	A	A	223.788	34.1488	16	16	223.788	0	0	0
12904	A	A	222.739	34.1488	16	16	222.739	0	0	0
12905	G	G	214.076	34.0116	15	15	0	0	214.076	0
12906	A	A	211.558	34.1488	16	16	211.558	0	0	0
12907	C	C	226.188	34.1488	16	16	0	226.188	0	0
12908	T	T	224.552	34.1488	16	16	0	0	0	224.552
12909	C	C	227.904	34.1488	16	16	0	227.904	0	0
12910	A	A	188.17	34.1488	16	16	188.17	0	5.42101e-19	0
12911	A	A	173.487	33.6913	13	13	173.487	5.42101e-19	1.84314e-17	5.42101e-19
12912	G	G	182.392	33.6913	13	13	5.42101e-19	5.42101e-19	182.392	1.0842e-18
12913	G	G	169.324	33.5025	12	12	1.68051e-17	1.68051e-17	169.324	1.68051e-17
12914	A	A	164.26	33.5025	12	12	164.26	1.35525e-17	1.36067e-16	1.35525e-17
12915	A	A	170.306	33.5025	12	12	170.306	1.35525e-17	1.35525e-17	1.35525e-17
12916	G	G	170.307	33.5025	12	12	1.35525e-17	1.35525e-17	170.307	1.35525e-17
12917	A	A	166.422	33.5025	12	12	166.422	1.35525e-17	7.20994e-17	1.35525e-17
12918	A	A	209.933	34.0116	15	15	209.933	0	0	0
12919	G	G	211.156	34.1488	16	15	0	0	211.156	0
12920	C	C	225.262	34.1488	16	16	0	225.262	0	0
12921	A	A	229.959	34.2735	17	17	229.959	0	0	0
12922	A	A	238.57	34.2735	17	17	238.57	0	0	0
12923	C	C	223.582	34.2735	17	16	0	223.582	0	0
12924	A	A	257.846	34.3875	18	18	257.846	0	0	0
12925	G	G	257.229	34.3875	18	18	0	0	257.229	0
12926	C	C	238.249	34.3875	18	17	0	238.249	0	0
12927	T	T	247.114	34.3875	18	18	0	0	0	247.114
12928	C	C	256.411	34.3875	18	18	0	256.411	0	0
12929	C	C	257.846	34.3875	18	18	0	257.846	0	0
12930	A	A	225.255	34.2735	17	17	225.255	0	0	0
12931	C	C	231.572	34.3875	18	17	0	231.572	0	0
12932	G	G	225.675	37	17	16	0	0	225.675	0
12933	A	A	230.82	37	17	17	230.82	0	0	0
12934	G	G	227.013	37	17	16	0	0	227.013	0
12935	C	C	213.459	37	15	15	0	213.459	0	0
12936	A	A	210.023	37	15	15	210.023	0	0	0
12937	G	G	212.585	37	15	15	0	0	212.585	0
12938	C	C	214.076	37	15	15	0	214.076	0	0
12939	A	A	200.917	37	15	15	200.917	0	0	0
12940	C	C	212.431	37	15	15	0	212.431	0	0
12941	C	C	213.094	37	15	15	0	213.094	0	0
12942	C	C	182.686	37	14	13	0	182.686	0	2.1684e-18
12943	A	A	172.948	37	14	14	172.948	0	2.22261e-17	0
12944	A	A	170.293	37	14	14	170.293	0	4.06576e-17	0
12945	A	A	162.834	37	13	13	162.834	5.42101e-19	2.24972e-16	5.42101e-19
12946	G	G	167.088	37	12	12	2.81893e-17	2.81893e-17	167.088	2.81893e-17
12947	C	C	141.127	37	10	10	1.11678e-14	141.127	1.11673e-14	1.11676e-14
12948	T	T	149.79	37	11	11	3.88144e-16	3.78224e-15	3.88144e-16	149.79
12949	A	A	159.689	37	12	12	159.689	1.35525e-17	4.39644e-16	1.35525e-17
12950	A	A	159.353	37	12	12	159.353	1.35525e-17	4.77049e-16	1.35525e-17
12951	T	T	159.431	37	12	12	1.35525e-17	4.67833e-16	1.35525e-17	159.431
12952	G	G	167.088	37	12	12	2.81893e-17	2.81893e-17	167.088	2.81893e-17
12953	T	T	137.242	37	10	10	1.11673e-14	5.96195e-14	1.11678e-14	137.242
12954	T	T	141.127	37	10	10	1.11673e-14	1.11676e-14	1.11681e-14	141.127
12955	C	C	141.127	37	10	10	1.11678e-14	141.127	1.11673e-14	1.11676e-14
12956	T	T	141.127	37	10	10	1.11681e-14	1.11686e-14	1.11697e-14	141.127
12957	A	A	122.102	37	10	10	122.102	1.11678e-14	2.65437e-12	1.11673e-14
12958	T	T	141.127	37	10	10	1.11673e-14	1.11676e-14	1.11681e-14	141.127
12959	T	T	126.537	37	9	9	3.21315e-13	3.21319e-13	3.21331e-13	126.537
12960	T	T	97.3576	37	7	7	2.6601e-10	2.66013e-10	2.66021e-10	97.3576
12961	A	A	111.947	37	8	8	111.947	9.24559e-12	9.24532e-12	9.24516e-12
12962	A	A	137.566	37	10	10	137.566	1.11678e-14	5.37249e-14	1.11673e-14
12963	A	A	151.664	37	11	11	151.664	3.88144e-16	2.18467e-15	3.88144e-16
12964	C	C	152.149	37	11	11	8.82541e-16	152.149	8.82541e-16	8.82541e-16
12965	T	T	135.077	37	12	12	1.35525e-17	1.34881e-13	1.35525e-17	135.077
12966	A	A	179.618	37	14	14	179.618	0	4.87891e-18	0
12967	T	T	158.325	37	13	13	5.42101e-19	6.37511e-16	5.42101e-19	158.325
12968	T	T	166.634	37	13	13	5.42101e-19	9.32414e-17	5.42101e-19	166.634
12969	C	C	168.137	37	12	12	2.22261e-17	168.137	2.22261e-17	2.22261e-17
12970	C	C	168.755	37	12	12	1.95156e-17	168.755	1.89735e-17	1.89735e-17
12971	C	C	155.717	37	11	11	3.88144e-16	155.717	3.88144e-16	3.88144e-16
12972	T	T	155.717	37	11	11	3.88144e-16	3.88144e-16	3.88144e-16	155.717
12973	G	G	155.007	37	11	11	4.56991e-16	4.56991e-16	155.007	4.56991e-16
12974	G	G	154.926	37	11	11	4.65665e-16	4.65665e-16	154.926	4.65665e-16
12975	T	T	151.368	37	11	11	3.88144e-16	2.39311e-15	3.88144e-16	151.368
12976	T	T	151.574	37	11	11	3.88144e-16	2.24674e-15	3.88144e-16	151.574
12977	C	C	155.007	37	11	11	4.56991e-16	155.007	4.56991e-16	4.56991e-16
12978	A	A	136.249	37	10	10	136.249	1.11678e-14	8.06687e-14	1.11673e-14
12979	T	T	149.79	37	11	11	3.88144e-16	3.78224e-15	3.88144e-16	149.79
12980	A	A	141.127	37	10	10	141.127	1.11678e-14	1.11676e-14	1.11673e-14
12981	C	C	140.346	37	10	10	1.33682e-14	140.346	1.33677e-14	1.33682e-14
12982	T	T	137.074	37	10	10	1.11673e-14	6.28599e-14	1.11681e-14	137.074
12983	A	A	141.127	37	10	10	141.127	1.11686e-14	1.11681e-14	1.11678e-14
12984	C	C	141.127	37	10	10	1.11678e-14	141.127	1.11673e-14	1.11676e-14
12985	T	T	141.127	37	10	10	1.11673e-14	1.11676e-14	1.11678e-14	141.127
12986	A	A	137.013	37	10	10	137.013	1.11678e-14	6.40593e-14	1.11673e-14
12987	T	T	141.127	37	10	10	1.11673e-14	1.11676e-14	1.11678e-14	141.127
12988	T	T	141.127	37	10	10	1.11673e-14	1.11676e-14	1.11678e-14	141.127
12989	T	T	126.537	37	9	9	3.21315e-13	3.2132e-13	3.21332e-13	126.537
12990	T	T	126.537	37	9	9	3.21315e-13	3.2132e-13	3.21332e-13	126.537
12991	A	A	116.559	37	9	9	116.559	3.21341e-13	8.94804e-12	3.2132e-13
12992	C	C	126.537	37	9	9	3.2133e-13	126.537	3.21314e-13	3.21323e-13
12993	T	T	126.537	37	9	9	3.21315e-13	3.2132e-13	3.21332e-13	126.537
12994	C	C	126.537	37	9	9	3.2133e-13	126.537	3.21314e-13	3.21323e-13
12995	C	C	111.947	37	8	8	9.24553e-12	111.947	9.24514e-12	9.24534e-12
12996	A	A	93.3042	37	7	7	93.3042	2.66021e-10	1.49734e-09	2.6601e-10
12997	T	T	97.3576	37	7	7	2.66011e-10	2.66015e-10	2.66022e-10	97.3576
12998	G	G	95.1248	37	8	7	1.24774e-09	4.33645e-11	95.1248	4.33658e-11
12999	A	A	99.054	37	8	8	99.054	9.24559e-12	5.21497e-10	9.24516e-12
13000	C	C	96.4184	37	8	7	3.21949e-11	96.4184	3.21932e-11	9.26312e-10
13001	C	C	110.175	37	8	8	1.39063e-11	110.175	1.39057e-11	1.3906e-11
13002	T	T	101.288	37	8	8	9.24516e-12	3.04325e-10	9.24559e-12	101.288
13003	A	A	111.947	37	8	8	111.947	9.24559e-12	9.24532e-12	9.24516e-12
13004	T	T	100.872	37	8	8	9.24516e-12	3.36827e-10	9.24558e-12	100.872
13005	T	T	107.599	37	8	8	9.24516e-12	5.70036e-11	9.24558e-12	107.599
13006	C	C	111.157	37	8	8	1.10913e-11	111.157	1.10909e-11	1.10911e-11
13007	A	A	107.804	37	8	8	107.804	9.24559e-12	5.35159e-11	9.24516e-12
13008	T	T	111.947	37	8	8	9.24516e-12	9.24528e-12	9.24558e-12	111.947
13009	T	T	111.947	37	8	8	9.24516e-12	9.24528e-12	9.24558e-12	111.947
13010	T	T	111.947	37	8	8	9.24518e-12	9.2453e-12	9.24561e-12	111.947
13011	C	C	97.3576	37	7	7	2.66018e-10	97.3576	2.66009e-10	2.66013e-10
13012	A	A	97.3576	37	7	7	97.3576	2.66021e-10	2.66014e-10	2.6601e-10
13013	T	T	97.3576	37	7	7	2.6601e-10	2.66013e-10	2.66021e-10	97.3576
13014	A	A	93.7968	37	7	7	93.7968	2.66021e-10	1.27975e-09	2.6601e-10
13015	T	T	97.3576	37	7	7	2.6601e-10	2.66013e-10	2.66021e-10	97.3576
13016	A	A	93.2435	37	7	7	93.2435	2.66021e-10	1.52592e-09	2.6601e-10
13017	T	T	97.3576	37	7	7	2.6601e-10	2.66013e-10	2.66021e-10	97.3576
13018	A	A	91.4304	37	7	7	91.4304	2.66021e-10	2.59224e-09	2.6601e-10
13019	C	C	95.6332	37	8	7	3.85749e-11	95.6332	3.85739e-11	1.10989e-09
13020	C	C	122.777	37	10	9	7.44684e-14	122.777	7.44663e-14	2.14263e-12
13021	A	A	137.072	37	10	10	137.072	1.11735e-14	6.28807e-14	1.11705e-14
13022	T	T	115.437	37	10	10	1.12353e-14	1.23957e-11	1.12849e-14	115.437
13023	C	C	121.75	37	10	9	9.43353e-14	121.75	9.4331e-14	2.71423e-12
13024	C	C	122.632	37	10	9	7.69892e-14	122.632	7.69859e-14	2.21515e-12
13025	T	T	126.537	37	9	9	3.21316e-13	3.21321e-13	3.21333e-13	126.537
13026	A	A	126.537	37	9	9	126.537	3.21332e-13	3.21321e-13	3.21315e-13
13027	T	T	135.2	37	10	10	1.11676e-14	1.08826e-13	1.11681e-14	135.2
13028	G	G	140.337	37	10	10	1.33969e-14	1.33969e-14	140.337	1.33975e-14
13029	T	T	137.013	37	10	10	1.11673e-14	6.40595e-14	1.11681e-14	137.013
13030	A	A	136.441	37	10	10	136.441	1.11686e-14	7.62137e-14	1.11678e-14
13031	C	C	140.286	37	10	10	1.3729e-14	140.286	1.34262e-14	1.35097e-14
13032	T	T	135.081	37	10	10	1.1167e-14	1.12472e-13	1.11678e-14	135.081
13033	G	G	141.125	37	10	10	1.11719e-14	1.117e-14	141.125	1.1173e-14
13034	T	T	142.42	37	11	11	3.88144e-16	2.41015e-14	3.88144e-16	142.42
13035	A	A	166.422	37	12	12	166.422	1.35525e-17	7.20994e-17	1.35525e-17
13036	C	C	167.679	37	12	12	2.49366e-17	167.679	2.49366e-17	2.49366e-17
13037	C	C	152.402	37	12	11	8.13152e-17	152.402	8.13152e-17	2.33537e-15
13038	A	A	165.621	37	12	12	165.621	1.35525e-17	9.21572e-17	1.35525e-17
13039	T	T	166.746	37	12	12	1.30104e-17	6.451e-17	1.30104e-17	166.746
13040	C	C	168.662	37	12	12	1.95156e-17	168.662	1.95156e-17	1.95156e-17
13041	A	A	166.193	37	12	12	166.193	1.35525e-17	7.75205e-17	1.35525e-17
13042	C	C	169.447	37	12	12	1.6263e-17	169.447	1.6263e-17	1.6263e-17
13043	A	A	178.969	37	13	13	178.969	5.42101e-19	4.33681e-18	5.42101e-19
13044	G	G	183.662	37	13	13	5.42101e-19	5.42101e-19	183.662	5.42101e-19
13045	T	T	173.525	37	13	13	5.42101e-19	1.84314e-17	5.42101e-19	173.525
13046	A	A	166.944	37	13	13	166.944	5.42101e-19	8.67362e-17	5.42101e-19
13047	T	T	174.919	37	13	13	5.42101e-19	1.30104e-17	5.42101e-19	174.919
13048	G	G	148.2	37	13	11	6.55834e-15	7.58942e-18	148.2	7.58942e-18
13049	T	T	164.38	37	12	12	1.35525e-17	1.31188e-16	1.35525e-17	164.38
13050	C	C	154.658	37	11	11	4.9548e-16	154.658	4.9548e-16	4.9548e-16
13051	C	C	138.603	37	11	10	1.94723e-15	138.603	1.94723e-15	5.60164e-14
13052	T	T	151.664	37	11	11	3.88144e-16	2.18467e-15	3.88144e-16	151.664
13053	C	C	155.1	37	11	11	4.47233e-16	155.1	4.47233e-16	4.47233e-16
13054	T	T	141.127	37	10	10	1.11673e-14	1.11676e-14	1.11678e-14	141.127
13055	A	A	128.095	37	10	10	128.095	1.11678e-14	6.51038e-13	1.11673e-14
13056	A	A	122.189	37	9	9	122.189	3.21332e-13	1.98117e-12	3.21315e-13
13057	T	T	122.188	37	9	9	3.21345e-13	1.98137e-12	3.21383e-13	122.188
13058	A	A	135.081	37	10	10	135.081	1.11678e-14	1.12472e-13	1.11673e-14
13059	C	C	124.845	37	9	9	4.74415e-13	124.845	4.74395e-13	4.74404e-13
13060	T	T	127.969	37	10	10	1.11673e-14	6.70975e-13	1.11678e-14	127.969
13061	T	T	129.482	37	10	10	1.11684e-14	4.66993e-13	1.11697e-14	129.482
13062	T	T	140.436	37	12	12	1.35525e-17	3.92563e-14	1.40946e-17	140.436
13063	C	C	142.728	37	12	11	7.52436e-16	142.728	7.52436e-16	2.16689e-14
13064	C	C	150.866	37	12	11	1.1601e-16	150.866	1.1601e-16	3.32633e-15
13065	C	C	181.728	37	13	13	1.0842e-18	181.728	1.0842e-18	1.0842e-18
13066	C	C	182.68	37	13	13	5.42101e-19	182.68	5.42101e-19	5.42101e-19
13067	C	C	184.037	37	13	13	5.42101e-19	184.037	5.42101e-19	5.42101e-19
13068	C	C	197.051	37	14	14	0	197.051	0	0
13069	C	C	210.738	37	15	15	0	210.738	0	0
13070	G	G	183.1	37	14	13	2.1684e-18	0	183.1	0
13071	T	T	159.316	37	12	12	1.35525e-17	4.81386e-16	1.35525e-17	159.316
13072	A	A	166.746	37	12	12	166.746	1.35525e-17	6.50521e-17	1.35525e-17
13073	T	T	166.385	37	12	12	1.35525e-17	7.26415e-17	1.35525e-17	166.385
13074	G	G	184.115	37	13	13	5.42101e-19	5.42101e-19	184.115	5.42101e-19
13075	T	T	180.211	37	13	13	5.42101e-19	3.25261e-18	5.42101e-19	180.211
13076	T	T	180.543	37	13	13	5.42101e-19	2.71051e-18	5.42101e-19	180.543
13077	T	T	171.855	37	13	13	5.42101e-19	2.71051e-17	5.42101e-19	171.855
13078	A	A	199.486	37	14	14	199.486	0	0	0
13079	T	T	187.816	37	14	14	0	5.42101e-19	0	187.816
13080	A	A	214.076	37	15	15	214.076	0	0	0
13081	G	G	190.974	37	15	14	0	0	190.974	0
13082	T	T	203.417	37	15	15	0	0	0	203.417
13083	G	G	226.304	37	16	16	0	0	226.304	0
13084	C	C	210.258	37	16	15	0	210.258	0	0
13085	A	A	206.849	37	16	16	206.849	0	0	0
13086	T	T	215.634	37	16	16	0	0	0	215.634
13087	T	T	188.411	37	14	14	0	5.42101e-19	0	188.411
13088	A	A	199.486	37	14	14	199.486	0	0	0
13089	A	A	214.076	37	15	15	214.076	0	0	0
13090	T	T	203	37	15	15	0	0	0	203
13091	G	G	213.286	37	15	15	0	0	213.286	0
13092	G	G	197.276	37	15	14	0	0	197.276	0
13093	C	C	180.768	37	16	14	0	180.768	0	4.33681e-18
13094	G	G	227.877	37	17	16	0	0	227.877	0
13095	T	T	217.059	37	16	16	0	0	0	217.059
13096	G	G	226.254	37	16	16	0	0	226.254	0
13097	C	C	189.394	37	16	14	0	189.394	0	0
13098	C	C	228.049	37	16	16	0	228.049	0	0
13099	C	C	227.093	37	16	16	0	227.093	0	0
13100	C	C	198.428	37	14	14	0	198.428	0	0
13101	A	A	209.727	37	15	15	209.727	0	0	0
13102	T	T	207.436	37	16	16	0	0	0	207.436
13103	T	T	210.398	37	16	16	0	0	0	210.398
13104	C	C	225.55	37	16	16	0	225.55	0	0
13105	A	A	228.666	37	16	16	228.666	0	0	0
13106	T	T	218.725	37	16	16	0	0	0	218.725
13107	A	A	243.255	37	17	17	243.255	0	0	0
13108	T	T	232.374	37	17	17	0	0	0	232.374
13109	A	A	243.219	37	17	17	243.219	0	0	0
13110	A	A	239.695	37	17	17	239.695	0	0	0
13111	T	T	239.695	37	17	17	0	0	0	239.695
13112	C	C	243.256	37	17	17	0	243.256	0	0
13113	A	A	203.2	37	17	17	203.2	0	0	0
13114	G	G	219.878	37	17	16	0	0	219.878	0
13115	G	G	205.427	37	16	15	0	0	205.427	0
13116	T	T	214.076	37	15	15	0	0	0	214.076
13117	A	A	152.963	37	13	13	152.963	5.42101e-19	2.19443e-15	5.42101e-19
13118	C	C	155.717	37	11	11	3.88144e-16	155.717	3.88144e-16	3.88144e-16
13119	A	A	122.976	37	9	9	122.976	3.21331e-13	1.54581e-12	3.21315e-13
13120	T	T	126.537	37	9	9	3.21344e-13	3.21361e-13	3.21383e-13	126.537
13121	A	A	137.013	37	10	10	137.013	1.11678e-14	6.40593e-14	1.11673e-14
13122	C	C	140.145	37	10	10	1.40025e-14	140.145	1.40014e-14	1.40019e-14
13123	T	T	136.778	37	10	10	1.11673e-14	6.88555e-14	1.11678e-14	136.778
13124	G	G	138.603	37	11	10	5.60153e-14	1.94723e-15	138.603	1.94723e-15
13125	T	T	136.253	37	11	11	3.88144e-16	1.02143e-13	3.88144e-16	136.253
13126	G	G	154.143	37	11	11	5.5728e-16	5.5728e-16	154.143	5.57822e-16
13127	C	C	152.52	37	11	11	8.10441e-16	152.52	8.10441e-16	8.10441e-16
13128	T	T	138.002	37	11	11	3.88144e-16	6.80269e-14	3.88144e-16	138.002
13129	T	T	151.368	37	11	11	3.88144e-16	2.39311e-15	3.88144e-16	151.368
13130	G	G	155.717	37	11	11	3.88144e-16	3.88144e-16	155.717	3.88144e-16
13131	A	A	170.307	37	12	12	170.307	1.35525e-17	1.35525e-17	1.35525e-17
13132	T	T	171.071	37	13	13	5.42101e-19	3.30682e-17	5.42101e-19	171.071
13133	C	C	196.073	37	14	14	0	196.073	0	0
13134	T	T	180.543	37	14	14	0	3.79471e-18	0	180.543
13135	T	T	187.041	37	15	15	0	1.0842e-18	0	187.041
13136	G	G	213.366	37	15	15	0	0	213.366	0
13137	C	C	212.678	37	15	15	0	212.678	0	0
13138	A	A	209.728	37	15	15	209.728	0	0	0
13139	T	T	210.515	37	15	15	0	0	0	210.515
13140	G	G	211.721	37	15	15	0	0	211.721	0
13141	A	A	195.343	37	14	14	195.343	0	0	0
13142	G	G	197.276	37	15	14	0	0	197.276	0
13143	G	G	212.477	37	15	15	0	0	212.477	0
13144	A	A	201.162	37	15	15	201.162	0	0	0
13145	C	C	198.696	37	14	14	0	198.696	0	0
13146	T	T	195.601	37	14	14	0	0	0	195.601
13147	T	T	208.03	37	15	15	0	0	0	208.03
13148	T	T	200.49	37	15	15	0	0	0	200.49
13149	C	C	197.104	37	15	14	0	197.104	0	0
13150	G	G	189.611	37	16	14	0	0	189.611	0
13151	T	T	210.031	37	16	16	0	0	0	210.031
13152	T	T	209.109	37	16	16	0	0	0	209.109
13153	C	C	212.256	37	15	15	0	212.256	0	0
13154	C	C	198.088	37	14	14	0	198.088	0	0
13155	G	G	196.982	37	14	14	0	0	196.982	0
13156	A	A	180.211	37	13	13	180.211	5.42101e-19	3.25261e-18	5.42101e-19
13157	A	A	178.85	37	13	13	178.85	5.42101e-19	4.87891e-18	5.42101e-19
13158	A	A	170.306	37	12	12	170.306	1.35525e-17	1.35525e-17	1.35525e-17
13159	G	G	170.307	37	12	12	1.35525e-17	1.35525e-17	170.307	1.35525e-17
13160	T	T	170.307	37	12	12	1.35525e-17	1.35525e-17	1.35525e-17	170.307
13161	T	T	170.307	37	12	12	1.35525e-17	1.35525e-17	1.35525e-17	170.307
13162	T	T	178.85	37	13	13	0	4.33681e-18	0	178.85
13163	A	A	195.601	37	14	14	195.601	0	0	0
13164	T	T	187.816	37	14	14	0	5.42101e-19	0	187.816
13165	T	T	188.495	37	14	14	0	5.42101e-19	0	188.495
13166	T	T	193.889	37	15	15	0	0	0	193.889
13167	C	C	212.16	37	15	15	0	212.16	0	0
13168	A	A	209.962	37	15	15	209.962	0	0	0
13169	G	G	211.598	37	15	15	0	0	211.598	0
13170	G	G	225.512	37	16	16	0	0	225.512	0
13171	C	C	195.898	37	15	14	0	195.898	0	0
13172	G	G	195.327	37	15	14	0	0	195.327	0
13173	T	T	215.634	37	16	16	0	0	0	215.634
13174	A	A	217.294	34.1488	16	16	217.294	0	0	0
13175	G	G	225.346	34.1488	16	16	0	0	225.346	0
13176	A	A	201.3	34.0116	15	15	201.3	0	0	0
13177	G	G	198.088	33.86	14	14	0	0	198.088	0
13178	T	T	189.835	33.86	14	14	0	5.42101e-19	0	189.835
13179	C	C	199.486	33.86	14	14	0	199.486	0	0
13180	T	T	184.897	33.6913	13	13	5.42101e-19	5.42101e-19	5.42101e-19	184.897
13181	G	G	182.706	33.6913	13	13	1.0842e-18	1.0842e-18	182.706	5.42101e-19
13182	C	C	170.307	33.5025	12	12	1.35525e-17	170.307	1.35525e-17	1.35525e-17
13183	A	A	159.612	33.5025	12	12	159.612	1.35525e-17	4.47775e-16	1.35525e-17
13184	A	A	202.169	34.0116	15	15	202.169	0	0	0
13185	G	G	198.281	34.0116	15	14	0	0	198.281	0
13186	C	C	176.311	34.0116	15	13	0	176.311	0	9.75782e-18
13187	A	A	214.076	34.0116	15	15	214.076	0	0	0
13188	T	T	182	34.0116	15	15	0	2.71051e-18	0	182
13189	G	G	214.076	34.0116	15	15	0	0	214.076	0
13190	T	T	204.098	34.0116	15	15	0	0	0	204.098
13191	A	A	196.741	34.0116	15	15	196.741	0	0	0
13192	T	T	214.076	34.0116	15	15	0	0	0	214.076
13193	T	T	214.076	34.0116	15	15	0	0	0	214.076
13194	T	T	214.076	34.0116	15	15	0	0	0	214.076
13195	C	C	199.486	33.86	14	14	0	199.486	0	0
13196	A	A	170.307	33.5025	12	12	170.307	1.35525e-17	1.35525e-17	1.35525e-17
13197	C	C	170.307	33.5025	12	12	1.35525e-17	170.307	1.35525e-17	1.35525e-17
13198	T	T	170.307	33.5025	12	12	1.35525e-17	1.35525e-17	1.35525e-17	170.307
13199	A	A	168.007	33.6913	13	13	168.007	5.42101e-19	6.77626e-17	5.42101e-19
13200	A	A	166.905	33.6913	13	13	166.905	5.42101e-19	8.78204e-17	5.42101e-19
13201	G	G	181.58	33.6913	13	13	1.0842e-18	1.0842e-18	181.58	1.0842e-18
13202	T	T	186.455	33.86	14	14	0	1.0842e-18	0	186.455
13203	C	C	166.488	33.6913	13	12	3.25261e-18	166.488	3.25261e-18	9.1073e-17
13204	C	C	154.858	33.2895	11	11	4.73254e-16	154.858	4.73254e-16	4.73254e-16
13205	G	G	117.501	33.2895	11	9	7.70273e-12	9.30354e-15	117.501	9.30462e-15
13206	G	G	95.5827	33.2895	11	8	1.20081e-09	5.04111e-14	95.5827	5.04111e-14
13207	G	G	136.962	33.2895	11	10	8.17261e-14	2.84061e-15	136.962	2.84061e-15
13208	A	A	149.538	33.5025	12	12	149.538	1.35525e-17	4.80356e-15	1.35525e-17
13209	G	G	166.463	33.6913	13	12	9.1073e-17	2.1684e-18	166.463	3.25261e-18
13210	C	C	138.747	37	10	10	1.93199e-14	138.747	1.93189e-14	1.93194e-14
13211	T	T	135.028	37	11	11	3.88144e-16	1.35663e-13	3.88144e-16	135.028
13212	T	T	137.625	37	11	11	3.90584e-16	7.42584e-14	3.9221e-16	137.625
13213	A	A	149.79	37	11	11	149.79	3.88144e-16	3.78224e-15	3.88144e-16
13214	A	A	151.832	37	11	11	151.832	3.88144e-16	2.07218e-15	3.88144e-16
13215	T	T	144.407	37	11	11	3.88144e-16	1.49677e-14	3.88144e-16	144.407
13216	C	C	151.619	37	12	11	9.75782e-17	151.619	9.75782e-17	2.79724e-15
13217	A	A	158.935	37	12	12	158.935	1.35525e-17	5.28006e-16	1.35525e-17
13218	C	C	168.909	37	12	12	1.84314e-17	168.909	1.84314e-17	1.84314e-17
13219	C	C	154.955	37	11	11	4.62412e-16	154.955	4.62412e-16	4.62412e-16
13220	A	A	141.127	37	10	10	141.127	1.11678e-14	1.11676e-14	1.11673e-14
13221	G	G	155.007	37	11	11	4.56991e-16	4.56991e-16	155.007	4.56991e-16
13222	G	G	154.926	37	11	11	4.65665e-16	4.65665e-16	154.926	4.65665e-16
13223	C	C	167.881	37	12	12	2.38524e-17	167.881	2.38524e-17	2.38524e-17
13224	C	C	164.482	37	12	12	5.96311e-17	164.482	4.55365e-17	4.93312e-17
13225	T	T	160.073	37	12	12	1.35525e-17	4.00071e-16	1.35525e-17	160.073
13226	C	C	154.926	37	11	11	4.65665e-16	154.926	4.65665e-16	4.65665e-16
13227	G	G	154.143	37	11	11	5.5728e-16	5.5728e-16	154.143	5.57822e-16
13228	A	A	141.127	37	10	10	141.127	1.11678e-14	1.11676e-14	1.11673e-14
13229	G	G	141.127	37	10	10	1.11676e-14	1.11673e-14	141.127	1.11678e-14
13230	A	A	137.242	37	10	10	137.242	1.11678e-14	5.96195e-14	1.11673e-14
13231	A	A	136.984	37	10	10	136.984	1.11678e-14	6.4642e-14	1.11673e-14
13232	A	A	136.778	37	10	10	136.778	1.11678e-14	6.88552e-14	1.11673e-14
13233	C	C	141.127	37	10	10	1.11678e-14	141.127	1.11673e-14	1.11676e-14
13234	C	C	141.127	37	10	10	1.11678e-14	141.127	1.11673e-14	1.11676e-14
13235	A	A	126.537	37	9	9	126.537	3.21331e-13	3.2132e-13	3.21315e-13
13236	G	G	126.537	37	9	9	3.21321e-13	3.21314e-13	126.537	3.21329e-13
13237	C	C	126.537	37	9	9	3.21386e-13	126.537	3.21345e-13	3.21369e-13
13238	A	A	122.652	37	9	9	122.652	3.21331e-13	1.71542e-12	3.21315e-13
13239	A	A	116.559	37	9	9	116.559	3.21331e-13	8.94784e-12	3.21315e-13
13240	T	T	126.537	37	9	9	3.21315e-13	3.2132e-13	3.21332e-13	126.537
13241	C	C	126.537	37	9	9	3.2133e-13	126.537	3.21314e-13	3.21323e-13
13242	C	C	126.537	37	9	9	3.2133e-13	126.537	3.21314e-13	3.21323e-13
13243	T	T	120.61	37	9	9	3.21315e-13	3.13118e-12	3.21332e-13	120.61
13244	T	T	112.712	37	9	9	3.21315e-13	2.26182e-11	3.21332e-13	112.712
13245	G	G	107.59	37	10	8	7.54589e-11	9.11467e-14	107.59	9.11489e-14
13246	C	C	72.457	37	8	6	2.97217e-10	72.457	2.97212e-10	2.46056e-07
13247	G	G	111.186	37	8	8	1.10178e-11	1.10176e-11	111.186	1.10181e-11
13248	A	A	102.006	37	8	8	102.006	9.24585e-12	2.55138e-10	9.24531e-12
13249	G	G	110.127	37	8	8	1.40587e-11	1.40584e-11	110.127	1.4059e-11
13250	T	T	111.947	37	8	8	9.24516e-12	9.2453e-12	9.24559e-12	111.947
13251	A	A	92.4798	37	7	7	92.4798	2.66021e-10	1.92156e-09	2.6601e-10
13252	C	C	110.374	37	8	8	1.32824e-11	110.374	1.32818e-11	1.32821e-11
13253	G	G	80.2829	37	7	6	3.80459e-08	1.32227e-09	80.2829	1.3223e-09
13254	T	T	93.2435	37	7	7	2.6601e-10	1.52592e-09	2.66021e-10	93.2435
13255	G	G	96.3753	37	7	7	3.33525e-10	3.33521e-10	96.3753	3.33531e-10
13256	T	T	93.7968	37	7	7	2.66011e-10	1.27975e-09	2.66022e-10	93.7968
13257	A	A	82.7677	37	6	6	82.7677	7.65414e-09	7.65395e-09	7.65388e-09
13258	C	C	82.7677	37	6	6	7.65415e-09	82.7677	7.65389e-09	7.65403e-09
13259	C	C	82.7677	37	6	6	7.65415e-09	82.7677	7.65389e-09	7.65403e-09
13260	T	T	82.7677	37	6	6	7.65389e-09	7.65399e-09	7.65415e-09	82.7677
13261	C	C	82.545	37	7	6	7.85464e-10	82.545	7.85442e-10	2.25997e-08
13262	T	T	92.4798	37	7	7	2.6601e-10	1.92156e-09	2.66021e-10	92.4798
13263	T	T	89.1983	37	8	8	9.24518e-12	5.20487e-09	9.24563e-12	89.1983
13264	C	C	109.145	37	8	8	1.76273e-11	109.145	1.76264e-11	1.76269e-11
13265	T	T	94.3596	37	8	8	9.24516e-12	1.57308e-09	9.2456e-12	94.3596
13266	C	C	106.906	37	9	8	2.87776e-12	106.906	2.87764e-12	8.27997e-11
13267	G	G	125.747	37	9	9	3.85471e-13	3.85463e-13	125.747	3.8548e-13
13268	C	C	109.737	37	9	8	1.49953e-12	109.737	1.49946e-12	4.31449e-11
13269	T	T	122.394	37	9	9	3.21315e-13	1.85995e-12	3.21332e-13	122.394
13270	C	C	109.111	37	9	8	1.73182e-12	109.111	1.73174e-12	4.98283e-11
13271	C	C	111.947	37	8	8	9.24557e-12	111.947	9.24516e-12	9.24538e-12
13272	G	G	111.186	37	8	8	1.10178e-11	1.10176e-11	111.186	1.1018e-11
13273	G	G	111.166	37	8	8	1.1068e-11	1.10677e-11	111.166	1.10686e-11
13274	G	G	124.769	37	9	9	4.82807e-13	4.82797e-13	124.769	4.82819e-13
13275	C	C	125.555	37	9	9	4.02882e-13	125.555	4.02862e-13	4.02872e-13
13276	C	C	111.088	37	8	8	1.12687e-11	111.088	1.12682e-11	1.12684e-11
13277	C	C	111.157	37	8	8	1.10914e-11	111.157	1.10909e-11	1.10912e-11
13278	A	A	105.901	37	8	8	105.901	9.24558e-12	9.31129e-11	9.24516e-12
13279	T	T	105.901	37	8	8	9.24516e-12	9.31131e-11	9.24559e-12	105.901
13280	G	G	111.947	37	8	8	9.24534e-12	9.24514e-12	111.947	9.24553e-12
13281	A	A	111.947	37	8	8	111.947	9.24559e-12	9.2453e-12	9.24516e-12
13282	A	A	108.387	37	8	8	108.387	9.24559e-12	4.44775e-11	9.24516e-12
13283	A	A	107.894	37	8	8	107.894	9.24559e-12	5.20401e-11	9.24516e-12
13284	T	T	120.61	37	9	9	3.2132e-13	3.13125e-12	3.21341e-13	120.61
13285	G	G	125.479	37	9	9	4.10005e-13	4.09995e-13	125.479	4.10014e-13
13286	T	T	128.269	37	10	10	1.11719e-14	6.24563e-13	1.11757e-14	128.269
13287	G	G	126.537	37	9	9	3.2133e-13	3.21323e-13	126.537	3.21342e-13
13288	G	G	126.537	37	9	9	3.2132e-13	3.21314e-13	126.537	3.21328e-13
13289	G	G	141.127	37	10	10	1.11673e-14	1.1167e-14	141.127	1.11678e-14
13290	G	G	141.127	37	10	10	1.11676e-14	1.11673e-14	141.127	1.11678e-14
13291	G	G	139.8	37	10	10	1.51582e-14	1.51577e-14	139.8	1.51582e-14
13292	T	T	137.074	37	10	10	1.11673e-14	6.28601e-14	1.11681e-14	137.074
13293	T	T	143.597	37	11	11	3.88144e-16	1.81959e-14	3.88144e-16	143.597
13294	T	T	150.839	37	11	11	3.88144e-16	2.80375e-15	3.88144e-16	150.839
13295	C	C	154.936	37	11	11	4.64581e-16	154.936	4.64581e-16	4.64581e-16
13296	T	T	122.484	37	9	9	3.21315e-13	1.80866e-12	3.21332e-13	122.484
13297	A	A	121.56	37	10	10	121.56	1.11678e-14	3.01037e-12	1.11673e-14
13298	T	T	141.891	37	11	11	3.88144e-16	2.73208e-14	3.88144e-16	141.891
13299	G	G	140.144	37	10	10	1.40052e-14	1.40046e-14	140.144	1.40068e-14
13300	T	T	122.428	37	10	10	1.11673e-14	2.46068e-12	1.11678e-14	122.428
13301	T	T	109.031	37	9	9	3.2132e-13	5.36487e-11	3.21341e-13	109.031
13302	G	G	170.307	33.5025	12	12	1.35525e-17	1.35525e-17	170.307	1.35525e-17
13303	A	A	170.307	33.5025	12	12	170.307	1.35525e-17	1.35525e-17	1.35525e-17
13304	A	A	184.896	33.6913	13	13	184.896	5.42101e-19	5.42101e-19	5.42101e-19
13305	A	A	184.897	33.6913	13	13	184.897	5.42101e-19	5.42101e-19	5.42101e-19
13306	C	C	140.144	33.86	14	11	2.1684e-18	140.144	2.1684e-18	4.20063e-14
13307	T	T	188.077	33.86	14	14	0	5.42101e-19	0	188.077
13308	T	T	198.485	34.1488	16	16	0	0	0	198.485
13309	T	T	208.608	34.1488	16	16	0	0	0	208.608
13310	A	A	223.981	34.1488	16	16	223.981	0	0	0
13311	C	C	227.143	34.1488	16	16	0	227.143	0	0
13312	C	C	212.842	34.0116	15	15	0	212.842	0	0
13313	T	T	214.076	34.0116	15	15	0	0	0	214.076
13314	G	G	214.076	34.0116	15	15	0	0	214.076	0
13315	G	G	214.076	34.0116	15	15	0	0	214.076	0
13316	G	G	213.366	34.0116	15	15	0	0	213.366	0
13317	A	A	197.067	34.0116	15	15	197.067	0	0	0
13318	T	T	214.076	34.0116	15	15	0	0	0	214.076
13319	C	C	214.076	34.0116	15	15	0	214.076	0	0
13320	T	T	214.076	34.0116	15	15	0	0	0	214.076
13321	G	G	210.858	34.0116	15	15	0	0	210.858	0
13322	G	G	160.196	33.6913	13	12	3.88144e-16	1.30104e-17	160.196	1.30104e-17
13323	T	T	186.328	32.0567	14	14	0	1.0842e-18	0	186.328
13324	C	C	182.583	32.0567	14	13	0	182.583	0	2.1684e-18
13325	C	C	181.662	32.0567	14	13	0	181.662	0	3.25261e-18
13326	T	T	195.433	32.0567	14	14	0	0	0	195.433
13327	T	T	195.926	32.0567	14	14	0	0	0	195.926
13328	A	A	182.207	32.0567	14	14	182.207	0	2.71051e-18	0
13329	C	C	169.563	32.0567	14	13	2.1684e-18	169.563	2.1684e-18	4.55365e-17
13330	C	C	199.486	32.0567	14	14	0	199.486	0	0
13331	T	T	184.897	31.8354	13	13	5.42101e-19	5.42101e-19	5.42101e-19	184.897
13332	C	C	184.897	31.8354	13	13	5.42101e-19	184.897	5.42101e-19	5.42101e-19
13333	A	A	140.342	31.3182	11	11	140.342	3.88144e-16	3.93687e-14	3.88144e-16
13334	G	G	123.084	31.0123	10	9	1.99616e-12	6.93748e-14	123.084	6.93781e-14
13335	G	G	122.674	31.0123	10	9	2.19402e-12	7.62509e-14	122.674	7.62552e-14
13336	G	G	101.142	31.0123	10	8	3.33041e-10	4.02275e-13	101.142	4.02292e-13
13337	C	C	166.298	31.5907	12	12	3.41524e-17	166.298	3.41524e-17	3.41524e-17
13338	C	C	131.588	31.5907	12	10	3.63208e-16	131.588	3.63208e-16	3.00582e-13
13339	A	A	127.301	33.0469	10	10	127.301	1.11678e-14	7.86095e-13	1.11673e-14
13340	T	T	115.92	32.7677	9	9	3.21315e-13	1.04693e-11	3.21332e-13	115.92
13341	G	G	111.947	32.4422	8	8	9.24534e-12	9.24514e-12	111.947	9.24553e-12
13342	T	T	111.947	32.4422	8	8	9.24516e-12	9.2453e-12	9.24559e-12	111.947
13343	C	C	111.947	32.4422	8	8	9.24553e-12	111.947	9.24514e-12	9.24534e-12
13344	A	A	108.062	32.4422	8	8	108.062	9.24559e-12	4.93577e-11	9.24516e-12
13345	G	G	125.747	32.7677	9	9	3.85474e-13	3.85464e-13	125.747	3.85483e-13
13346	C	C	125.555	32.7677	9	9	4.0288e-13	125.555	4.02861e-13	4.0287e-13
13347	T	T	122.189	32.7677	9	9	3.21315e-13	1.98116e-12	3.21332e-13	122.189
13348	C	C	109.463	32.7677	9	8	1.59724e-12	109.463	1.59718e-12	4.59563e-11
13349	T	T	108.062	32.4422	8	8	9.24554e-12	4.93604e-11	9.24626e-12	108.062
13350	A	A	100.418	32.4422	8	8	100.418	9.24587e-12	3.75915e-10	9.24532e-12
13351	G	G	96.3537	32.4422	8	7	9.40223e-10	3.26769e-11	96.3537	3.2678e-11
13352	A	A	107.069	30.2677	8	8	107.069	9.247e-12	6.67903e-11	9.24598e-12
13353	T	T	112.712	30.6656	9	9	3.21315e-13	2.26182e-11	3.21332e-13	112.712
13354	T	T	105.226	30.6656	9	9	3.21315e-13	1.29744e-10	3.21332e-13	105.226
13355	C	C	123.936	30.6656	9	9	5.84907e-13	123.936	5.84876e-13	5.84893e-13
13356	C	C	108.044	30.6656	9	8	2.21402e-12	108.044	2.21393e-12	6.37025e-11
13357	A	A	141.127	31.0123	10	10	141.127	1.11678e-14	1.11676e-14	1.11673e-14
13358	A	A	141.127	31.0123	10	10	141.127	1.11678e-14	1.11676e-14	1.11673e-14
13359	T	T	136.778	31.0123	10	10	1.11673e-14	6.88555e-14	1.11678e-14	136.778
13360	C	C	140.337	31.0123	10	10	1.33975e-14	140.337	1.33969e-14	1.33969e-14
13361	C	C	153.434	31.3182	11	11	6.56484e-16	153.434	6.56484e-16	6.56484e-16
13362	T	T	150.839	31.3182	11	11	3.88144e-16	2.80375e-15	3.88144e-16	150.839
13363	A	A	165.958	31.5907	12	12	165.958	1.35525e-17	8.29415e-17	1.35525e-17
13364	C	C	168.486	31.5907	12	12	2.05998e-17	168.486	2.05998e-17	2.05998e-17
13365	T	T	160.366	31.5907	12	12	1.30104e-17	3.71881e-16	1.30104e-17	160.366
13366	A	A	145.316	33.2895	11	11	145.316	3.88144e-16	1.1994e-14	3.88144e-16
13367	A	A	138.09	33.2895	11	11	138.09	3.88144e-16	6.66399e-14	3.88144e-16
13368	C	C	155.637	33.5025	12	11	3.84892e-17	155.637	3.84892e-17	1.1086e-15
13369	C	C	169.324	33.5025	12	12	1.68051e-17	169.324	1.68051e-17	1.68051e-17
13370	C	C	167.802	33.5025	12	12	2.38524e-17	167.802	2.38524e-17	2.38524e-17
13371	T	T	144.307	33.2895	11	11	3.88144e-16	1.53314e-14	3.88144e-16	144.307
13372	T	T	135.399	33.2895	11	11	3.88144e-16	1.24497e-13	3.88144e-16	135.399
13373	C	C	166.699	33.5025	12	12	3.08998e-17	166.699	3.08998e-17	3.08998e-17
13374	A	A	166.193	33.5025	12	12	166.193	1.35525e-17	7.75205e-17	1.35525e-17
13375	A	A	158.997	33.5025	12	12	158.997	1.35525e-17	5.20417e-16	1.35525e-17
13376	A	A	150.711	33.5025	12	12	150.711	1.35525e-17	3.66027e-15	1.35525e-17
13377	T	T	151.832	33.2895	11	11	3.88144e-16	2.07218e-15	3.88144e-16	151.832
13378	G	G	153.166	33.5025	12	11	1.95915e-15	6.83047e-17	153.166	6.83047e-17
13379	G	G	135.327	33.5025	12	10	1.27082e-13	1.53957e-16	135.327	1.53957e-16
13380	G	G	154.143	37	11	11	5.5728e-16	5.5728e-16	154.143	5.57822e-16
13381	A	A	170.307	33.5025	12	12	170.307	1.35525e-17	1.35525e-17	1.35525e-17
13382	C	C	167.556	33.5025	12	12	2.54788e-17	167.556	2.54788e-17	2.54788e-17
13383	A	A	170.307	33.5025	12	12	170.307	1.35525e-17	1.35525e-17	1.35525e-17
13384	T	T	164.481	33.6913	13	13	5.42101e-19	1.53957e-16	5.42101e-19	164.481
13385	C	C	157.887	33.6913	13	12	2.38524e-17	157.887	2.38524e-17	6.61363e-16
13386	T	T	180.547	33.6913	13	13	5.42101e-19	2.71051e-18	5.42101e-19	180.547
13387	C	C	167.822	33.6913	13	12	2.1684e-18	167.822	2.1684e-18	6.72205e-17
13388	G	G	184.897	33.6913	13	13	5.42101e-19	5.42101e-19	184.897	5.42101e-19
13389	A	A	184.897	33.6913	13	13	184.897	5.42101e-19	5.42101e-19	5.42101e-19
13390	A	A	184.897	33.6913	13	13	184.897	5.42101e-19	5.42101e-19	5.42101e-19
13391	T	T	184.897	33.6913	13	13	5.42101e-19	5.42101e-19	5.42101e-19	184.897
13392	G	G	179.796	33.6913	13	13	1.6263e-18	1.0842e-18	179.796	1.6263e-18
13393	G	G	184.868	33.6913	13	13	5.42101e-19	5.42101e-19	184.868	5.42101e-19
13394	A	A	199.486	33.86	14	14	199.486	0	0	0
13395	C	C	198.428	33.86	14	14	0	198.428	0	0
13396	T	T	195.372	33.86	14	14	0	0	0	195.372
13397	A	A	203.344	34.0116	15	15	203.344	0	0	0
13398	A	A	225.358	34.2735	17	17	225.358	0	0	0
13399	A	A	217.553	34.2735	17	16	217.553	0	0	0
13400	T	T	224.683	34.2735	17	17	0	0	0	224.683
13401	G	G	197.254	34.0116	15	14	0	0	197.254	0
13402	A	A	215.773	34.1488	16	16	215.773	0	0	0
13403	C	C	213.018	37	15	15	0	213.018	0	0
13404	T	T	209.961	37	15	15	0	0	0	209.961
13405	A	A	208.03	37	15	15	208.03	0	0	0
13406	A	A	199.486	37	14	14	199.486	0	0	0
13407	T	T	199.486	37	14	14	0	0	0	199.486
13408	C	C	199.486	37	14	14	0	199.486	0	0
13409	A	A	195.372	37	14	14	195.372	0	0	0
13410	G	G	188.317	37	15	14	0	0	188.317	0
13411	C	C	226.034	37	16	16	0	226.034	0	0
13412	C	C	212.157	34.1488	16	15	0	212.157	0	0
13413	C	C	210.763	34.1488	16	15	0	210.763	0	0
13414	A	A	194.194	34.1488	16	16	194.194	0	0	0
13415	T	T	223.66	34.2735	17	17	0	0	0	223.66
13416	G	G	188.991	34.1488	16	14	0	0	188.991	0
13417	A	A	166.55	34.0116	15	15	166.55	0	9.59519e-17	0
13418	T	T	166.253	33.5025	12	12	1.35525e-17	7.58942e-17	1.35525e-17	166.253
13419	C	C	169.69	33.5025	12	12	1.57209e-17	169.69	1.57209e-17	1.57209e-17
13420	A	A	141.752	33.2895	11	11	141.752	3.88144e-16	2.82367e-14	3.88144e-16
13421	C	C	141.127	33.0469	10	10	1.11678e-14	141.127	1.11673e-14	1.11676e-14
13422	A	A	126.537	32.7677	9	9	126.537	3.21332e-13	3.21321e-13	3.21315e-13
13423	C	C	126.537	32.7677	9	9	3.21329e-13	126.537	3.21314e-13	3.21321e-13
13424	A	A	122.976	32.7677	9	9	122.976	3.21332e-13	1.54582e-12	3.21315e-13
13425	T	T	126.537	32.7677	9	9	3.21315e-13	3.2132e-13	3.21332e-13	126.537
13426	A	A	122.423	32.7677	9	9	122.423	3.21332e-13	1.84317e-12	3.21315e-13
13427	A	A	136.249	33.0469	10	10	136.249	1.11678e-14	8.06687e-14	1.11673e-14
13428	G	G	124.988	33.0469	10	9	1.28778e-12	4.47559e-14	124.988	4.4758e-14
13429	T	T	122.423	32.7677	9	9	3.2132e-13	1.84321e-12	3.2134e-13	122.423
13430	G	G	124.897	32.7677	9	9	4.68801e-13	4.68791e-13	124.897	4.68812e-13
13431	T	T	133.729	33.2895	11	11	3.87873e-16	1.83253e-13	3.88144e-16	133.729
13432	G	G	154.064	33.5025	12	11	1.59269e-15	5.52943e-17	154.064	5.52943e-17
13433	G	G	141.127	33.0469	10	10	1.11676e-14	1.11673e-14	141.127	1.11678e-14
13434	T	T	122.826	33.0469	10	10	1.11673e-14	2.24345e-12	1.11678e-14	122.826
13435	G	G	155.678	33.2895	11	11	3.91397e-16	3.90855e-16	155.678	3.92481e-16
13436	T	T	154.275	33.6913	13	13	5.42101e-19	1.62197e-15	5.42101e-19	154.275
13437	C	C	181.697	33.86	14	13	0	181.697	0	3.25261e-18
13438	A	A	174.92	33.86	14	14	174.92	0	1.40946e-17	0
13439	T	T	174.38	33.86	14	14	0	1.57209e-17	0	174.38
13440	G	G	179.909	33.86	14	13	4.33681e-18	0	179.909	0
13441	C	C	181.608	33.86	14	13	0	181.608	0	3.25261e-18
13442	A	A	159.567	33.6913	13	13	159.567	5.42101e-19	4.78675e-16	5.42101e-19
13443	T	T	141.127	33.0469	10	10	1.11673e-14	1.11676e-14	1.11678e-14	141.127
13444	T	T	154.931	33.5025	12	12	1.35525e-17	1.36826e-15	1.35525e-17	154.931
13445	T	T	158.214	33.5025	12	12	1.35525e-17	6.28295e-16	1.35525e-17	158.214
13446	G	G	169.248	33.5025	12	12	1.73472e-17	1.73472e-17	169.248	1.73472e-17
13447	G	G	170.084	33.6913	13	12	4.01155e-17	1.0842e-18	170.084	1.0842e-18
13448	A	A	199.486	37	14	14	199.486	0	0	0
13449	A	A	214.076	37	15	15	214.076	0	0	0
13450	T	T	192.532	37	16	16	0	0	0	192.532
13451	C	C	189.414	37	16	14	0	189.414	0	0
13452	T	T	204.57	37	16	16	0	0	0	204.57
13453	A	A	224.613	37	16	16	224.613	0	0	0
13454	T	T	225.105	37	16	16	0	0	0	225.105
13455	T	T	228.666	37	16	16	0	0	0	228.666
13456	A	A	237.328	37	17	17	237.328	0	0	0
13457	C	C	227.607	37	16	16	0	227.607	0	0
13458	T	T	224.551	37	16	16	0	0	0	224.551
13459	T	T	224.612	37	16	16	0	0	0	224.612
13460	T	T	225.105	37	16	16	0	0	0	225.105
13461	T	T	228.666	37	16	16	0	0	0	228.666
13462	T	T	228.666	37	16	16	0	0	0	228.666
13463	A	A	207.458	37	16	16	207.458	0	0	0
13464	G	G	210.908	37	16	15	0	0	210.908	0
13465	G	G	212.503	37	15	15	0	0	212.503	0
13466	G	G	198.869	37	14	14	0	0	198.869	0
13467	G	G	198.725	37	14	14	0	0	198.725	0
13468	G	G	198.705	37	14	14	0	0	198.705	0
13469	G	G	213.018	37	15	15	0	0	213.018	0
13470	G	G	209.756	37	15	15	0	0	209.756	0
13471	A	A	164.373	37	14	14	164.373	0	1.58294e-16	0
13472	A	A	165.467	37	14	14	165.467	0	1.23057e-16	0
13473	C	C	181.608	37	14	13	0	181.608	0	3.25261e-18
13474	T	T	199.486	37	14	14	0	0	0	199.486
13475	T	T	141.127	37	10	10	1.11673e-14	1.11676e-14	1.11678e-14	141.127
13476	G	G	139.688	37	10	10	1.55616e-14	1.55095e-14	139.688	1.55935e-14
13477	C	C	140.068	37	10	10	1.42513e-14	140.068	1.42502e-14	1.42508e-14
13478	T	T	137.013	37	10	10	1.11673e-14	6.40598e-14	1.11681e-14	137.013
13479	A	A	121.66	37	9	9	121.66	3.21331e-13	2.32105e-12	3.21315e-13
13480	T	T	129.007	37	10	10	1.11673e-14	5.23536e-13	1.11678e-14	129.007
13481	G	G	126.537	37	9	9	3.21318e-13	3.21313e-13	126.537	3.21326e-13
13482	A	A	126.537	37	9	9	126.537	3.21331e-13	3.21318e-13	3.21315e-13
13483	C	C	138.792	37	10	10	1.91204e-14	138.792	1.91188e-14	1.91199e-14
13484	T	T	135.165	37	11	11	3.88144e-16	1.31436e-13	3.88144e-16	135.165
13485	C	C	137.544	37	11	10	2.48391e-15	137.544	2.48391e-15	7.14771e-14
13486	A	A	145.058	37	11	11	145.058	3.88144e-16	1.27757e-14	3.88144e-16
13487	G	G	129.244	37	11	10	4.83296e-13	1.67965e-14	129.244	1.67965e-14
13488	C	C	155.1	37	11	11	4.47233e-16	155.1	4.47233e-16	4.47233e-16
13489	T	T	141.127	37	10	10	1.1167e-14	1.11676e-14	1.11678e-14	141.127
13490	A	A	149.671	37	11	11	149.671	3.88144e-16	3.90882e-15	3.88144e-16
13491	T	T	136.441	37	10	10	1.11673e-14	7.62099e-14	1.11678e-14	136.441
13492	G	G	154.926	37	11	11	4.65665e-16	4.65665e-16	154.926	4.65665e-16
13493	A	A	151.368	37	11	11	151.368	3.88144e-16	2.39311e-15	3.88144e-16
13494	C	C	167.171	37	12	12	2.76472e-17	167.171	2.76472e-17	2.76472e-17
13495	C	C	165.073	37	13	12	4.33681e-18	165.073	4.33681e-18	1.25767e-16
13496	G	G	170.307	37	12	12	1.35525e-17	1.35525e-17	170.307	1.35525e-17
13497	T	T	164.087	37	13	13	5.42101e-19	1.68593e-16	5.42101e-19	164.087
13498	A	A	184.897	37	13	13	184.897	5.42101e-19	5.42101e-19	5.42101e-19
13499	A	A	181.012	37	13	13	181.012	5.42101e-19	2.71051e-18	5.42101e-19
13500	A	A	195.343	37	14	14	195.343	0	0	0
13501	G	G	197.876	37	14	14	0	0	197.876	0
13502	G	G	144.115	37	14	12	1.67986e-14	2.1684e-17	144.115	1.95156e-17
13503	T	T	201.183	37	15	15	0	0	0	201.183
13504	C	C	182.664	37	14	13	0	182.664	0	2.1684e-18
13505	T	T	201.082	37	15	15	0	0	0	201.082
13506	C	C	197.742	37	14	14	0	197.742	0	0
13507	G	G	198.777	37	14	14	0	0	198.777	0
13508	T	T	201.044	37	15	15	0	0	0	201.044
13509	C	C	225.4	37	16	16	0	225.4	0	0
13510	G	G	227.684	37	16	16	0	0	227.684	0
13511	C	C	210.761	37	16	15	0	210.761	0	0
13512	A	A	214.076	37	15	15	214.076	0	0	0
13513	G	G	243.256	37	17	17	0	0	243.256	0
13514	T	T	230.926	37	17	17	0	0	0	230.926
13515	C	C	241.615	37	17	17	0	241.615	0	0
13516	A	A	232.63	37	17	17	232.63	0	0	0
13517	A	A	232.302	37	17	17	232.302	0	0	0
13518	A	A	230.926	37	17	17	230.926	0	0	0
13519	T	T	243.256	37	17	17	0	0	0	243.256
13520	A	A	204.197	37	15	15	204.197	0	0	0
13521	A	A	196.433	37	15	15	196.433	0	0	0
13522	T	T	222.739	37	16	16	0	0	0	222.739
13523	T	T	229.291	37	17	17	0	0	0	229.291
13524	T	T	217.294	37	16	16	0	0	0	217.294
13525	G	G	211.572	37	15	15	0	0	211.572	0
13526	T	T	194.48	37	15	15	0	0	0	194.48
13527	A	A	201.384	37	15	15	201.384	0	0	0
13528	G	G	197.986	37	14	14	0	0	197.986	0
13529	C	C	190.958	37	16	14	0	190.958	0	0
13530	T	T	209.895	37	16	16	0	0	0	209.895
13531	G	G	227.604	37	17	16	0	0	227.604	0
13532	G	G	241.611	37	17	17	0	0	241.611	0
13533	G	G	228.666	37	16	16	0	0	228.666	0
13534	C	C	211.075	37	16	15	0	211.075	0	0
13535	T	T	218.265	37	16	16	0	0	0	218.265
13536	T	T	230.701	37	17	17	0	0	0	230.701
13537	A	A	239.695	37	17	17	239.695	0	0	0
13538	T	T	239.142	37	17	17	0	0	0	239.142
13539	T	T	239.203	37	17	17	0	0	0	239.203
13540	T	T	239.695	37	17	17	0	0	0	239.695
13541	A	A	200.931	37	17	17	200.931	0	0	0
13542	T	T	228.664	37	16	16	0	0	0	228.664
13543	C	C	241.682	37	17	17	0	241.682	0	0
13544	T	T	209.198	37	15	15	0	0	0	209.198
13545	T	T	195.372	37	14	14	0	0	0	195.372
13546	T	T	172.12	37	13	13	5.42101e-19	2.54788e-17	5.42101e-19	172.12
13547	C	C	183.221	37	13	13	5.42101e-19	183.221	5.42101e-19	5.42101e-19
13548	C	C	169.526	37	12	12	1.6263e-17	169.526	1.6263e-17	1.6263e-17
13549	C	C	144.845	37	12	11	4.6187e-16	144.845	4.6187e-16	1.33075e-14
13550	G	G	151.537	37	12	11	2.85037e-15	9.86624e-17	151.537	9.86624e-17
13551	G	G	169.526	37	12	12	1.6263e-17	1.6263e-17	169.526	1.6263e-17
13552	G	G	183.374	37	14	13	2.1684e-18	0	183.374	0
13553	T	T	188.3	37	16	16	0	5.42101e-19	0	188.3
13554	C	C	172.895	37	15	13	0	172.895	0	2.1684e-17
13555	G	G	194.871	37	15	14	0	0	194.871	0
13556	G	G	195.478	37	15	14	0	0	195.478	0
13557	G	G	195.321	37	15	14	0	0	195.321	0
13558	C	C	214.076	37	15	15	0	214.076	0	0
13559	A	A	181.535	37	15	15	181.535	0	3.25261e-18	0
13560	T	T	170.307	37	12	12	1.35525e-17	1.35525e-17	1.35525e-17	170.307
13561	A	A	152.347	37	12	12	152.347	1.35525e-17	2.50234e-15	1.35525e-17
13562	G	G	153.942	37	12	11	1.63823e-15	5.74627e-17	153.942	5.74627e-17
13563	A	A	144.763	37	11	11	144.763	3.88144e-16	1.37274e-14	3.88144e-16
13564	T	T	164.26	37	12	12	1.35525e-17	1.35525e-16	1.35525e-17	164.26
13565	A	A	155.072	37	12	12	155.072	1.35525e-17	1.32381e-15	1.35525e-17
13566	A	A	141.127	37	10	10	141.127	1.11678e-14	1.11676e-14	1.11673e-14
13567	C	C	124.052	37	10	9	5.55122e-14	124.052	5.55101e-14	1.59722e-12
13568	C	C	140.417	37	10	10	1.31508e-14	140.417	1.31503e-14	1.31503e-14
13569	A	A	141.127	37	10	10	141.127	1.11678e-14	1.11676e-14	1.11673e-14
13570	A	A	141.127	37	10	10	141.127	1.11678e-14	1.11676e-14	1.11673e-14
13571	A	A	141.127	37	10	10	141.127	1.11678e-14	1.11676e-14	1.11673e-14
13572	A	A	141.127	37	10	10	141.127	1.11678e-14	1.11676e-14	1.11673e-14
13573	G	G	141.127	37	10	10	1.11676e-14	1.11673e-14	141.127	1.11678e-14
13574	G	G	141.127	37	10	10	1.11678e-14	1.11673e-14	141.127	1.11681e-14
13575	G	G	155.007	37	11	11	4.56991e-16	4.56991e-16	155.007	4.56991e-16
13576	G	G	130.446	37	12	10	3.90955e-13	4.70544e-16	130.446	4.72712e-16
13577	T	T	163.688	37	13	13	5.42101e-19	1.84856e-16	5.42101e-19	163.688
13578	T	T	165.887	37	13	13	5.42101e-19	1.11131e-16	5.42101e-19	165.887
13579	A	A	162.691	37	13	13	162.691	5.42101e-19	2.32561e-16	5.42101e-19
13580	C	C	168.806	37	12	12	1.89735e-17	168.806	1.89735e-17	1.89735e-17
13581	T	T	137.242	37	10	10	1.11673e-14	5.96197e-14	1.11678e-14	137.242
13582	C	C	141.127	37	10	10	1.11678e-14	141.127	1.11673e-14	1.11676e-14
13583	A	A	137.242	37	10	10	137.242	1.11678e-14	5.96197e-14	1.11673e-14
13584	G	G	154.926	37	11	11	4.65665e-16	4.65665e-16	154.926	4.65665e-16
13585	T	T	150.839	37	11	11	3.87873e-16	2.80348e-15	3.88144e-16	150.839
13586	A	A	165.606	37	12	12	165.606	1.35525e-17	9.21572e-17	1.35525e-17
13587	A	A	178.758	37	13	13	178.758	5.42101e-19	4.87891e-18	5.42101e-19
13588	A	A	199.486	37	14	14	199.486	0	0	0
13589	T	T	171.921	37	14	14	0	2.76472e-17	0	171.921
13590	G	G	213.285	37	15	15	0	0	213.285	0
13591	G	G	212.6	37	15	15	0	0	212.6	0
13592	T	T	196.797	37	15	15	0	0	0	196.797
13593	C	C	223.034	37	17	16	0	223.034	0	0
13594	G	G	242.197	37	17	17	0	0	242.197	0
13595	C	C	225.334	37	17	16	0	225.334	0	0
13596	A	A	228.666	37	16	16	228.666	0	0	0
13597	G	G	228.049	37	16	16	0	0	228.049	0
13598	G	G	227.904	37	16	16	0	0	227.904	0
13599	A	A	218.302	37	16	16	218.302	0	0	0
13600	C	C	241.611	37	17	17	0	241.611	0	0
13601	A	A	259.277	37	19	19	259.277	0	0	0
13602	T	T	237.76	37	18	18	0	0	0	237.76
13603	A	A	251.799	37	18	18	251.799	0	0	0
13604	C	C	240.993	37	17	17	0	240.993	0	0
13605	A	A	243.256	37	17	17	243.256	0	0	0
13606	G	G	242.546	37	17	17	0	0	242.546	0
13607	T	T	243.256	37	17	17	0	0	0	243.256
13608	A	A	233.022	37	17	17	233.022	0	0	0
13609	C	C	243.256	37	17	17	0	243.256	0	0
13610	A	A	223.557	37	17	17	223.557	0	0	0
13611	T	T	228.666	37	16	16	0	0	0	228.666
13612	A	A	208.301	37	16	16	208.301	0	0	0
13613	A	A	202.169	37	15	15	202.169	0	0	0
13614	A	A	193.32	37	15	15	193.32	0	0	0
13615	C	C	199.486	37	14	14	0	199.486	0	0
13616	G	G	213.217	37	15	15	0	0	213.217	0
13617	C	C	196.734	37	15	14	0	196.734	0	0
13618	C	C	196.416	37	15	14	0	196.416	0	0
13619	A	A	199.486	37	14	14	199.486	0	0	0
13620	C	C	198.066	37	14	14	0	198.066	0	0
13621	T	T	199.486	37	14	14	0	0	0	199.486
13622	A	A	188.983	37	14	14	188.983	0	5.42101e-19	0
13623	A	A	203.419	37	15	15	203.419	0	0	0
13624	A	A	201.509	37	15	15	201.509	0	0	0
13625	T	T	209.728	37	15	15	0	0	0	209.728
13626	C	C	184.106	37	13	13	5.42101e-19	184.106	5.42101e-19	5.42101e-19
13627	G	G	167.7	37	13	12	6.93889e-17	2.1684e-18	167.7	2.1684e-18
13628	A	A	180.782	37	13	13	180.782	5.42101e-19	2.71051e-18	5.42101e-19
13629	A	A	209.198	37	15	15	209.198	0	0	0
13630	C	C	212.112	37	15	15	0	212.112	0	0
13631	G	G	182.29	37	14	13	2.1684e-18	0	182.29	0
13632	A	A	195.372	37	14	14	195.372	0	0	0
13633	A	A	194.609	37	14	14	194.609	0	0	0
13634	C	C	199.407	37	15	14	0	199.407	0	0
13635	G	G	199.486	37	14	14	0	0	199.486	0
13636	A	A	189.414	37	14	14	189.414	0	5.42101e-19	0
13637	C	C	198.696	37	14	14	0	198.696	0	0
13638	G	G	226.947	37	16	16	0	0	226.947	0
13639	C	C	226.549	37	16	16	0	226.549	0	0
13640	A	A	191.653	37	16	16	191.653	0	5.42101e-19	0
13641	C	C	181.529	37	14	13	0	181.529	0	3.25261e-18
13642	G	G	196.864	37	14	14	0	0	196.864	0
13643	C	C	199.486	37	14	14	0	199.486	0	0
13644	G	G	167.891	37	13	12	6.61363e-17	2.1684e-18	167.891	2.1684e-18
13645	T	T	155.717	37	11	11	3.88144e-16	3.88144e-16	3.88144e-16	155.717
13646	A	A	165.429	37	12	12	165.429	1.35525e-17	9.75782e-17	1.35525e-17
13647	C	C	169.325	37	12	12	1.68051e-17	169.325	1.68051e-17	1.68051e-17
13648	G	G	154.483	37	11	11	5.1608e-16	5.1608e-16	154.483	5.15538e-16
13649	C	C	154.926	37	11	11	4.65665e-16	154.926	4.65665e-16	4.65665e-16
13650	A	A	145.059	37	11	11	145.059	3.88144e-16	1.27711e-14	3.88144e-16
13651	T	T	155.717	37	11	11	3.88144e-16	3.88144e-16	3.88144e-16	155.717
13652	A	A	140.622	37	11	11	140.622	3.88144e-16	3.68621e-14	3.88144e-16
13653	C	C	126.458	37	10	9	3.19048e-14	126.458	3.19037e-14	9.1797e-13
13654	G	G	155.717	37	11	11	3.88144e-16	3.88144e-16	155.717	3.88144e-16
13655	T	T	144.046	37	11	11	3.88144e-16	1.63308e-14	3.88144e-16	144.046
13656	A	A	152.156	37	11	11	152.156	3.88144e-16	1.86727e-15	3.88144e-16
13657	C	C	167.233	37	12	12	2.76472e-17	167.233	2.71051e-17	2.71051e-17
13658	G	G	182.737	37	13	13	1.0842e-18	1.0842e-18	182.737	5.42101e-19
13659	C	C	183.132	37	13	13	5.42101e-19	183.132	5.42101e-19	5.42101e-19
13660	A	A	178.175	37	14	14	178.175	0	6.50521e-18	0
13661	T	T	166.834	37	13	13	5.42101e-19	8.89046e-17	5.42101e-19	166.834
13662	A	A	178.969	37	13	13	178.969	5.42101e-19	4.33681e-18	5.42101e-19
13663	C	C	153.403	37	12	11	6.39679e-17	153.403	6.39679e-17	1.85507e-15
13664	G	G	184.279	37	13	13	5.42101e-19	5.42101e-19	184.279	5.42101e-19
13665	T	T	187.539	37	16	16	0	5.42101e-19	0	187.539
13666	A	A	253.732	37	18	18	253.732	0	0	0
13667	C	C	236.604	37	18	17	0	236.604	0	0
13668	G	G	256.272	37	18	18	0	0	256.272	0
13669	C	C	223.354	37	17	16	0	223.354	0	0
13670	A	A	243.256	37	17	17	243.256	0	0	0
13671	T	T	243.256	37	17	17	0	0	0	243.256
13672	A	A	243.256	37	17	17	243.256	0	0	0
13673	G	G	243.256	37	17	17	0	0	243.256	0
13674	G	G	225.83	37	17	16	0	0	225.83	0
13675	T	T	243.256	37	17	17	0	0	0	243.256
13676	A	A	233.015	37	17	17	233.015	0	0	0
13677	C	C	243.256	37	17	17	0	243.256	0	0
13678	G	G	227.015	37	17	16	0	0	227.015	0
13679	C	C	228.666	37	16	16	0	228.666	0	0
13680	A	A	208.36	37	16	16	208.36	0	0	0
13681	C	C	227.021	37	16	16	0	227.021	0	0
13682	G	G	213.295	37	15	15	0	0	213.295	0
13683	T	T	209.727	37	15	15	0	0	0	209.727
13684	G	G	212.503	37	15	15	0	0	212.503	0
13685	T	T	195.601	37	14	14	0	0	0	195.601
13686	A	A	195.433	37	14	14	195.433	0	0	0
13687	C	C	199.486	37	14	14	0	199.486	0	0
13688	G	G	196.904	37	14	14	0	0	196.904	0
13689	C	C	199.486	37	14	14	0	199.486	0	0
13690	A	A	164.839	37	13	13	164.839	5.42101e-19	1.41488e-16	5.42101e-19
13691	C	C	184.897	37	13	13	5.42101e-19	184.897	5.42101e-19	5.42101e-19
13692	G	G	154.118	37	11	11	5.60533e-16	5.60533e-16	154.118	5.61075e-16
13693	T	T	155.717	37	11	11	3.88144e-16	3.88144e-16	3.88144e-16	155.717
13694	G	G	122.303	37	10	9	2.38947e-12	8.30445e-14	122.303	8.30477e-14
13695	T	T	141.127	37	10	10	1.11673e-14	1.11673e-14	1.11678e-14	141.127
13696	A	A	113.245	37	10	10	113.245	1.11697e-14	2.05499e-11	1.11684e-14
13697	C	C	125.773	37	9	9	3.99234e-13	125.773	3.64159e-13	3.85973e-13
13698	G	G	121.669	37	9	9	9.8573e-13	9.85712e-13	121.669	9.85754e-13
13699	C	C	97.3576	37	7	7	2.66021e-10	97.3576	2.6601e-10	2.66016e-10
13700	A	A	83.6328	37	7	7	83.6328	2.66021e-10	1.82829e-08	2.6601e-10
13701	C	C	82.7677	37	6	6	7.65415e-09	82.7677	7.65389e-09	7.65403e-09
13702	G	G	67.3874	37	5	5	2.64194e-07	2.64191e-07	67.3874	2.64198e-07
13703	T	T	68.1779	37	5	5	2.20224e-07	2.20227e-07	2.20231e-07	68.1779
13704	G	G	65.776	37	5	5	3.82883e-07	3.82879e-07	65.776	3.82888e-07
13705	T	T	68.1779	37	5	5	2.20224e-07	2.20227e-07	2.20231e-07	68.1779
13706	A	A	35.6914	37	4	4	35.6914	6.33494e-06	0.00115872	6.33479e-06
13707	C	C	53.5881	37	4	4	6.3366e-06	53.5881	6.33647e-06	6.33654e-06
13708	G	G	49.5173	37	4	4	1.61784e-05	1.61782e-05	49.5173	1.61787e-05
13709	C	C	24.4242	37	2	2	0.0052301	24.4242	0.00523006	0.00523007
13710	A	A	18.5424	37	2	2	18.5424	0.00517563	0.0506995	0.00517557
13711	C	C	10.2494	37	1	1	0.138885	10.2494	0.138884	0.138884
13712	G	G	10.2493	37	1	1	0.138885	0.138884	10.2493	0.138885
13713	T	T	18.5424	37	2	2	0.00517556	0.0506994	0.00517562	18.5424
13714	G	G	24.4242	37	2	2	0.00523009	0.00523007	24.4242	0.00523012
13715	T	T	20.3348	37	2	2	0.00520041	0.0299158	0.00520047	20.3348
13716	A	A	24.4241	37	2	2	24.4241	0.00523013	0.00523009	0.00523007
13717	C	C	7.40218	37	2	1	0.0257446	7.40218	0.0257446	0.809523
13718	G	G	24.4242	37	2	2	0.00523009	0.00523007	24.4242	0.00523012
13719	C	C	50.3699	37	4	4	1.32948e-05	50.3699	1.32945e-05	1.32947e-05
13720	A	A	53.5881	37	4	4	53.5881	6.33662e-06	6.33652e-06	6.33648e-06
13721	C	C	51.9476	37	4	4	9.24495e-06	51.9476	9.24476e-06	9.24486e-06
13722	G	G	53.5881	37	4	4	6.33654e-06	6.33647e-06	53.5881	6.3366e-06
13723	A	A	53.5881	37	4	4	53.5881	6.33662e-06	6.33652e-06	6.33648e-06
13724	G	G	53.5881	37	4	4	6.33655e-06	6.33648e-06	53.5881	6.33662e-06
13725	T	T	62.1314	37	5	5	2.20233e-07	2.21809e-06	2.20246e-07	62.1314
13726	A	A	68.1779	37	5	5	68.1779	2.20231e-07	2.20227e-07	2.20224e-07
13727	C	C	67.3185	37	5	5	2.6842e-07	67.3185	2.68413e-07	2.68416e-07
13728	G	G	68.1779	37	5	5	2.20228e-07	2.20224e-07	68.1779	2.20231e-07
13729	C	C	67.4681	37	5	5	2.59335e-07	67.4681	2.59328e-07	2.59331e-07
13730	A	A	68.1779	37	5	5	68.1779	2.20231e-07	2.20227e-07	2.20224e-07
13731	C	C	43.4778	37	5	4	6.3363e-06	43.4778	6.33622e-06	0.000182315
13732	G	G	68.1779	37	5	5	2.20228e-07	2.20224e-07	68.1779	2.20231e-07
13733	T	T	68.1779	37	5	5	2.20224e-07	2.20226e-07	2.20231e-07	68.1779
13734	G	G	68.1779	37	5	5	2.20228e-07	2.20224e-07	68.1779	2.20231e-07
13735	T	T	68.1779	37	5	5	2.20224e-07	2.20226e-07	2.20231e-07	68.1779
13736	A	A	68.1779	37	5	5	68.1779	2.20231e-07	2.20227e-07	2.20224e-07
13737	C	C	68.1779	37	5	5	2.2023e-07	68.1779	2.20224e-07	2.20227e-07
13738	G	G	68.1779	37	5	5	2.20228e-07	2.20224e-07	68.1779	2.20231e-07
13739	C	C	68.1779	37	5	5	2.2023e-07	68.1779	2.20224e-07	2.20227e-07
13740	A	A	68.1779	37	5	5	68.1779	2.20231e-07	2.20227e-07	2.20224e-07
13741	C	C	43.4778	37	5	4	6.33634e-06	43.4778	6.33624e-06	0.000182317
13742	G	G	68.1779	37	5	5	2.20228e-07	2.20224e-07	68.1779	2.20231e-07
13743	T	T	76.8405	37	6	6	7.65388e-09	7.45858e-08	7.65415e-09	76.8405
13744	G	G	82.1507	37	6	6	8.82249e-09	8.82235e-09	82.1507	8.82263e-09
13745	A	A	78.7144	37	6	6	78.7144	7.65415e-09	4.30828e-08	7.65388e-09
13746	A	A	78.6537	37	6	6	78.6537	7.65415e-09	4.3905e-08	7.65388e-09
13747	C	C	82.1507	37	6	6	8.82263e-09	82.1507	8.82235e-09	8.82249e-09
13748	G	G	81.1943	37	6	6	1.09959e-08	1.09957e-08	81.1943	1.09961e-08
13749	C	C	68.1779	37	5	5	2.20231e-07	68.1779	2.20225e-07	2.20228e-07
13750	A	A	68.1779	37	5	5	68.1779	2.20231e-07	2.20226e-07	2.20224e-07
13751	G	G	82.1507	37	6	6	8.82249e-09	8.82235e-09	82.1507	8.82263e-09
13752	G	G	82.006	37	6	6	9.1214e-09	9.12125e-09	82.006	9.12154e-09
13753	T	T	84.0604	37	7	7	2.66015e-10	1.65187e-08	2.66028e-10	84.0604
13754	G	G	81.2448	37	7	6	3.04875e-08	1.05958e-09	81.2448	1.05961e-09
13755	T	T	86.6985	37	7	7	2.6601e-10	8.75629e-09	2.66021e-10	86.6985
13756	A	A	82.7677	37	6	6	82.7677	7.65415e-09	7.65397e-09	7.65388e-09
13757	C	C	82.0579	37	6	6	9.01323e-09	82.0579	9.01294e-09	9.01308e-09
13758	G	G	82.7677	37	6	6	7.65399e-09	7.65387e-09	82.7677	7.65412e-09
13759	C	C	82.7677	37	6	6	7.65414e-09	82.7677	7.65389e-09	7.65401e-09
13760	A	A	82.7677	37	6	6	82.7677	7.65415e-09	7.65397e-09	7.65388e-09
13761	C	C	82.7677	37	6	6	7.65412e-09	82.7677	7.65387e-09	7.65399e-09
13762	G	G	82.7677	37	6	6	7.65399e-09	7.65387e-09	82.7677	7.65412e-09
13763	T	T	82.7677	37	6	6	7.65388e-09	7.65397e-09	7.65415e-09	82.7677
13764	G	G	79.9316	37	7	6	4.12515e-08	1.43367e-09	79.9316	1.43371e-09
13765	T	T	98.3617	37	8	8	9.24516e-12	6.14814e-10	9.24559e-12	98.3617
13766	A	A	107.599	37	8	8	107.599	9.24559e-12	5.70038e-11	9.24516e-12
13767	C	C	94.0914	37	8	7	5.50157e-11	94.0914	5.50128e-11	1.58291e-09
13768	G	G	93.2279	37	8	7	1.93114e-09	6.71156e-11	93.2279	6.71178e-11
13769	C	C	79.4795	37	7	6	1.59101e-09	79.4795	1.59097e-09	4.57772e-08
13770	A	A	92.672	37	7	7	92.672	2.66021e-10	1.81534e-09	2.6601e-10
13771	C	C	97.3576	37	7	7	2.66019e-10	97.3576	2.6601e-10	2.66014e-10
13772	G	G	97.3576	37	7	7	2.66015e-10	2.6601e-10	97.3576	2.6602e-10
13773	T	T	92.4798	37	7	7	2.66011e-10	1.92156e-09	2.66022e-10	92.4798
13774	G	G	126.537	37	9	9	3.21321e-13	3.21314e-13	126.537	3.21329e-13
13775	T	T	106.6	37	9	9	3.21315e-13	9.43745e-11	3.21332e-13	106.6
13776	A	A	126.537	37	9	9	126.537	3.21331e-13	3.2132e-13	3.21315e-13
13777	C	C	125.014	37	9	9	4.56349e-13	125.014	4.56327e-13	4.56339e-13
13778	G	G	141.127	33.0469	10	10	1.11676e-14	1.11673e-14	141.127	1.11678e-14
13779	C	C	124.767	33.0469	10	9	4.70869e-14	124.767	4.70847e-14	1.35479e-12
13780	A	A	137.566	33.0469	10	10	137.566	1.11678e-14	5.37247e-14	1.11673e-14
13781	C	C	140.337	33.0469	10	10	1.33975e-14	140.337	1.33969e-14	1.33969e-14
13782	G	G	138.603	33.2895	11	10	5.60153e-14	1.94614e-15	138.603	1.94723e-15
13783	T	T	151.031	33.2895	11	11	3.88144e-16	2.64871e-15	3.88144e-16	151.031
13784	G	G	140.904	33.2895	11	10	3.29738e-14	1.146e-15	140.904	1.146e-15
13785	T	T	136.984	33.0469	10	10	1.11673e-14	6.46423e-14	1.11678e-14	136.984
13786	A	A	141.127	33.0469	10	10	141.127	1.11678e-14	1.11676e-14	1.11673e-14
13787	C	C	141.127	33.0469	10	10	1.11678e-14	141.127	1.11673e-14	1.11676e-14
13788	G	G	155.717	33.2895	11	11	3.88144e-16	3.88144e-16	155.717	3.88144e-16
13789	C	C	154.735	33.2895	11	11	4.86807e-16	154.735	4.86807e-16	4.86807e-16
13790	A	A	184.897	33.6913	13	13	184.897	5.42101e-19	5.42101e-19	5.42101e-19
13791	C	C	167.011	33.6913	13	12	3.25261e-18	167.011	3.25261e-18	8.13152e-17
13792	A	A	184.897	33.6913	13	13	184.897	5.42101e-19	5.42101e-19	5.42101e-19
13793	T	T	171.358	33.6913	13	13	1.0842e-18	2.98156e-17	1.6263e-18	171.358
13794	G	G	184.897	33.6913	13	13	5.42101e-19	5.42101e-19	184.897	5.42101e-19
13795	T	T	184.897	33.6913	13	13	5.42101e-19	5.42101e-19	5.42101e-19	184.897
13796	A	A	199.486	33.86	14	14	199.486	0	0	0
13797	C	C	198.504	33.86	14	14	0	198.504	0	0
13798	G	G	228.666	34.1488	16	16	0	0	228.666	0
13799	C	C	223.478	34.2735	17	16	0	223.478	0	0
13800	A	A	239.695	34.2735	17	17	239.695	0	0	0
13801	C	C	240.815	34.2735	17	17	0	240.815	0	0
13802	G	G	242.475	34.2735	17	17	0	0	242.475	0
13803	T	T	245.153	34.3875	18	18	0	0	0	245.153
13804	G	G	243.033	34.3875	18	17	0	0	243.033	0
13805	T	T	238.907	37	17	17	0	0	0	238.907
13806	A	A	233.391	37	17	17	233.391	0	0	0
13807	A	A	218.379	37	17	17	218.379	0	0	0
13808	G	G	224.781	37	17	16	0	0	224.781	0
13809	C	C	218.556	37	17	16	0	218.556	0	0
13810	A	A	199.24	37	16	16	199.24	0	0	0
13811	C	C	214.076	37	15	15	0	214.076	0	0
13812	G	G	183.124	37	13	13	1.0842e-18	1.0842e-18	183.124	5.42101e-19
13813	T	T	184.897	37	13	13	5.42101e-19	5.42101e-19	5.42101e-19	184.897
13814	G	G	169.324	37	12	12	1.68051e-17	1.68051e-17	169.324	1.68051e-17
13815	T	T	170.306	37	12	12	1.35525e-17	1.35525e-17	1.35525e-17	170.306
13816	A	A	155.717	37	11	11	155.717	3.88144e-16	3.88144e-16	3.88144e-16
13817	C	C	155.717	37	11	11	3.88144e-16	155.717	3.88144e-16	3.88144e-16
13818	G	G	170.307	37	12	12	1.35525e-17	1.35525e-17	170.307	1.35525e-17
13819	C	C	169.248	37	12	12	1.73472e-17	169.248	1.73472e-17	1.73472e-17
13820	A	A	166.746	37	12	12	166.746	1.35525e-17	6.50521e-17	1.35525e-17
13821	C	C	169.545	37	12	12	1.6263e-17	169.545	1.6263e-17	1.6263e-17
13822	C	C	169.69	37	12	12	1.57209e-17	169.69	1.57209e-17	1.57209e-17
13823	T	T	170.307	37	12	12	1.35525e-17	1.35525e-17	1.35525e-17	170.307
13824	G	G	155.494	37	12	11	1.14654e-15	4.01155e-17	155.494	3.95734e-17
13825	T	T	155.717	37	11	11	3.88144e-16	3.88144e-16	3.88144e-16	155.717
13826	A	A	155.717	37	11	11	155.717	3.88144e-16	3.88144e-16	3.88144e-16
13827	C	C	155.717	37	11	11	3.88144e-16	155.717	3.88144e-16	3.88144e-16
13828	G	G	153.628	37	11	11	6.27753e-16	6.27753e-16	153.628	6.27753e-16
13829	C	C	155.717	37	11	11	3.88144e-16	155.717	3.88144e-16	3.88144e-16
13830	A	A	121.635	37	11	11	121.635	3.88144e-16	2.97978e-12	3.88144e-16
13831	C	C	155.717	37	11	11	3.88144e-16	155.717	3.88144e-16	3.88144e-16
13832	G	G	104.912	37	10	8	1.39806e-10	1.6887e-13	104.912	1.68875e-13
13833	T	T	111.947	37	8	8	9.24516e-12	9.24526e-12	9.24557e-12	111.947
13834	G	G	81.907	37	7	6	2.61755e-08	9.09713e-10	81.907	9.09742e-10
13835	T	T	82.7678	37	6	6	7.65388e-09	7.65394e-09	7.65414e-09	82.7678
13836	A	A	76.8402	37	6	6	76.8402	7.65492e-09	7.45912e-08	7.65433e-09
13837	C	C	68.1779	37	5	5	2.20228e-07	68.1779	2.20224e-07	2.20226e-07
13838	G	G	66.7991	37	5	5	3.02517e-07	3.02512e-07	66.7991	3.02521e-07
13839	C	C	68.1779	37	5	5	2.20228e-07	68.1779	2.20224e-07	2.20226e-07
13840	A	A	56.5707	37	5	5	56.5707	2.20231e-07	9.12531e-06	2.20224e-07
13841	C	C	68.1779	37	5	5	2.20228e-07	68.1779	2.20224e-07	2.20226e-07
13842	G	G	52.0147	37	4	4	9.10324e-06	9.10312e-06	52.0147	9.10333e-06
13843	T	T	38.9988	37	3	3	0.0001823	0.000182301	0.000182303	38.9988
13844	G	G	38.9988	37	3	3	0.000182302	0.0001823	38.9988	0.000182304
13845	T	T	38.9988	37	3	3	0.0001823	0.000182301	0.000182303	38.9988
13846	A	A	38.9986	37	3	3	38.9986	0.000182317	0.000182312	0.000182308
13847	C	C	38.9988	37	3	3	0.000182303	38.9988	0.0001823	0.000182301
13848	G	G	21.1536	37	3	2	0.0312465	0.00108221	21.1536	0.00108221
13849	C	C	38.9988	37	3	3	0.000182303	38.9988	0.0001823	0.000182301
13850	A	A	34.8851	37	3	3	34.8851	0.000182297	0.00104575	0.000182281
13851	C	C	38.9988	37	3	3	0.000182303	38.9988	0.0001823	0.000182301
13852	G	G	52.0147	37	4	4	9.10324e-06	9.10312e-06	52.0147	9.10333e-06
13853	T	T	34.3143	37	3	3	0.000182256	0.00124391	0.000182259	34.3143
13854	C	C	38.1396	37	3	3	0.000222189	38.1396	0.000222186	0.000222187
13855	T	T	34.8564	37	3	3	0.000182264	0.00105513	0.000182267	34.8564
13856	A	A	34.1222	37	3	3	34.1222	0.000182256	0.00131669	0.000182253
13857	C	C	38.9988	37	3	3	0.000182303	38.9988	0.0001823	0.000182301
13858	G	G	24.4242	37	2	2	0.00523009	0.00523007	24.4242	0.00523012
13859	C	C	24.4242	37	2	2	0.00523012	24.4242	0.00523007	0.00523009
13860	A	A	24.4241	37	2	2	24.4241	0.00523013	0.00523009	0.00523007
13861	C	C	37.4256	37	3	3	0.000261889	37.4256	0.000261885	0.000261887
13862	G	G	38.9988	37	3	3	0.000182301	0.0001823	38.9988	0.000182303
13863	T	T	34.8856	37	3	3	0.000182264	0.00104562	0.000182267	34.8856
13864	G	G	38.9988	37	3	3	0.000182301	0.0001823	38.9988	0.000182303
13865	T	T	35.4387	37	3	3	0.000182271	0.00087695	0.000182274	35.4387
13866	A	A	38.9988	37	3	3	38.9988	0.000182303	0.000182301	0.0001823
13867	C	C	38.9988	37	3	3	0.000182304	38.9988	0.0001823	0.000182302
13868	G	G	38.9988	37	3	3	0.000182301	0.0001823	38.9988	0.000182303
13869	C	C	38.9988	37	3	3	0.000182304	38.9988	0.0001823	0.000182302
13870	A	A	38.9988	37	3	3	38.9988	0.000182303	0.000182301	0.0001823
13871	C	C	38.9988	37	3	3	0.000182304	38.9988	0.0001823	0.000182302
13872	G	G	36.5137	37	4	3	0.000906297	3.14935e-05	36.5137	3.14963e-05
13873	T	T	48.9026	37	4	4	6.33642e-06	4.32417e-05	6.33657e-06	48.9026
13874	G	G	52.6059	37	4	4	7.9447e-06	7.94462e-06	52.6059	7.94479e-06
13875	T	T	49.4449	37	4	4	6.33643e-06	3.66784e-05	6.33658e-06	49.4449
13876	A	A	38.9988	37	3	3	38.9988	0.000182304	0.000182302	0.0001823
13877	C	C	38.9988	37	3	3	0.000182303	38.9988	0.0001823	0.000182301
13878	G	G	38.9988	37	3	3	0.000182302	0.0001823	38.9988	0.000182304
13879	C	C	51.9433	37	4	4	9.25419e-06	51.9433	9.25402e-06	9.25409e-06
13880	A	A	53.5881	37	4	4	53.5881	6.33663e-06	6.33654e-06	6.33648e-06
13881	C	C	65.6737	37	5	5	3.9201e-07	65.6737	3.92002e-07	3.92005e-07
13882	G	G	68.1763	37	5	5	2.20313e-07	2.20281e-07	68.1763	2.20333e-07
13883	T	T	57.5188	37	5	5	2.20224e-07	7.24911e-06	2.2023e-07	57.5188
13884	G	G	68.1779	37	5	5	2.20229e-07	2.20225e-07	68.1779	2.20232e-07
13885	T	T	64.293	37	5	5	2.20224e-07	1.17572e-06	2.20231e-07	64.293
13886	A	A	68.1779	37	5	5	68.1779	2.20231e-07	2.20227e-07	2.20225e-07
13887	C	C	68.1779	37	5	5	2.20228e-07	68.1779	2.20224e-07	2.20226e-07
13888	G	G	82.7677	37	6	6	7.65403e-09	7.65389e-09	82.7677	7.65415e-09
13889	C	C	81.7093	37	6	6	9.76658e-09	81.7093	9.7663e-09	9.76643e-09
13890	A	A	82.7677	37	6	6	82.7677	7.65415e-09	7.65399e-09	7.65389e-09
13891	C	C	82.006	37	6	6	9.1215e-09	82.006	9.12124e-09	9.12135e-09
13892	G	G	82.7677	37	6	6	7.65403e-09	7.65389e-09	82.7677	7.65415e-09
13893	T	T	82.7673	37	6	6	7.65457e-09	7.65471e-09	7.65531e-09	82.7673
13894	G	G	82.7677	37	6	6	7.65403e-09	7.65389e-09	82.7677	7.65415e-09
13895	T	T	82.7677	37	6	6	7.6539e-09	7.65398e-09	7.65417e-09	82.7677
13896	A	A	111.947	37	8	8	111.947	9.24559e-12	9.2453e-12	9.24516e-12
13897	C	C	107.721	37	9	8	2.38519e-12	107.721	2.38509e-12	6.8627e-11
13898	G	G	126.536	37	9	9	3.21445e-13	3.21396e-13	126.536	3.21478e-13
13899	C	C	124.154	37	9	9	5.56205e-13	124.154	5.56179e-13	5.56192e-13
13900	A	A	126.537	37	9	9	126.537	3.21332e-13	3.21321e-13	3.21315e-13
13901	C	C	138.844	37	10	10	1.88938e-14	138.844	1.88928e-14	1.88933e-14
13902	G	G	131.017	37	11	10	3.21324e-13	1.11673e-14	131.017	1.11684e-14
13903	T	T	144.345	37	11	11	3.88144e-16	1.51932e-14	3.88144e-16	144.345
13904	G	G	155.717	37	11	11	3.88144e-16	3.88144e-16	155.717	3.88144e-16
13905	T	T	150.711	37	12	12	1.35525e-17	3.66027e-15	1.35525e-17	150.711
13906	T	T	163.753	37	13	13	5.42101e-19	1.82146e-16	5.42101e-19	163.753
13907	C	C	183.133	37	13	13	5.42101e-19	183.133	5.42101e-19	5.42101e-19
13908	G	G	184.897	37	13	13	5.42101e-19	5.42101e-19	184.897	5.42101e-19
13909	C	C	183.489	37	13	13	5.42101e-19	183.489	5.42101e-19	5.42101e-19
13910	A	A	181.336	37	13	13	181.336	5.42101e-19	2.1684e-18	5.42101e-19
13911	C	C	184.896	37	13	13	5.42101e-19	184.896	5.42101e-19	5.42101e-19
13912	T	T	193.559	37	14	14	0	0	0	193.559
13913	T	T	194.609	37	14	14	0	0	0	194.609
13914	G	G	183.893	37	14	13	2.1684e-18	0	183.893	0
13915	T	T	180.843	37	13	13	5.42101e-19	2.71051e-18	5.42101e-19	180.843
13916	A	A	186.932	37	14	14	186.932	0	1.0842e-18	0
13917	C	C	183.838	37	13	13	5.42101e-19	183.838	5.42101e-19	5.42101e-19
13918	G	G	166.611	37	13	12	8.89046e-17	3.25261e-18	166.611	3.25261e-18
13919	C	C	184.055	37	14	13	0	184.055	0	1.0842e-18
13920	A	A	179.026	37	14	14	179.026	0	5.42101e-18	0
13921	C	C	163.818	37	14	12	0	163.818	0	1.79978e-16
13922	G	G	196.982	37	14	14	0	0	196.982	0
13923	T	T	174.237	37	13	13	5.42101e-19	1.51788e-17	5.42101e-19	174.237
13924	G	G	182.542	37	13	13	1.0842e-18	1.0842e-18	182.542	5.42101e-19
13925	T	T	172.342	37	13	13	5.42101e-19	2.43945e-17	5.42101e-19	172.342
13926	A	A	167.27	37	13	13	167.27	5.42101e-19	8.0231e-17	5.42101e-19
13927	C	C	184.115	37	13	13	5.42101e-19	184.115	5.42101e-19	5.42101e-19
13928	C	C	184.135	37	13	13	5.42101e-19	184.135	5.42101e-19	5.42101e-19
13929	C	C	144.989	37	12	11	4.46691e-16	144.989	4.46691e-16	1.28716e-14
13930	A	A	149.79	37	11	11	149.79	3.88144e-16	3.78224e-15	3.88144e-16
13931	C	C	141.127	37	10	10	1.11678e-14	141.127	1.11673e-14	1.11676e-14
13932	G	G	155.717	37	11	11	3.88144e-16	3.88144e-16	155.717	3.88144e-16
13933	T	T	150.839	37	11	11	3.88144e-16	2.80375e-15	3.88144e-16	150.839
13934	G	G	155.717	37	11	11	3.88144e-16	3.88144e-16	155.717	3.88144e-16
13935	T	T	151.664	37	11	11	3.88144e-16	2.18467e-15	3.88144e-16	151.664
13936	A	A	155.716	37	11	11	155.716	3.88144e-16	3.88144e-16	3.88144e-16
13937	C	C	155.717	37	11	11	3.88144e-16	155.717	3.88144e-16	3.88144e-16
13938	G	G	155.717	37	11	11	3.88144e-16	3.88144e-16	155.717	3.88144e-16
13939	A	A	152.156	37	11	11	152.156	3.88144e-16	1.86754e-15	3.88144e-16
13940	A	A	151.664	37	11	11	151.664	3.88144e-16	2.18467e-15	3.88144e-16
13941	C	C	155.717	37	11	11	3.88144e-16	155.717	3.88144e-16	3.88144e-16
13942	G	G	138.987	37	11	10	5.1273e-14	1.78134e-15	138.987	1.78243e-15
13943	T	T	155.717	37	11	11	3.88144e-16	3.88144e-16	3.88144e-16	155.717
13944	G	G	140.325	37	10	10	1.34343e-14	1.34116e-14	140.325	1.34484e-14
13945	T	T	141.127	37	10	10	1.11673e-14	1.11676e-14	1.11678e-14	141.127
13946	A	A	135.2	37	10	10	135.2	1.11678e-14	1.08824e-13	1.11673e-14
13947	C	C	126.537	37	9	9	3.21331e-13	126.537	3.21315e-13	3.21323e-13
13948	G	G	126.537	37	9	9	3.21342e-13	3.21328e-13	126.537	3.21354e-13
13949	C	C	126.537	37	9	9	3.2133e-13	126.537	3.21314e-13	3.21323e-13
13950	A	A	122.394	37	9	9	122.394	3.21331e-13	1.85994e-12	3.21315e-13
13951	C	C	126.537	37	9	9	3.21331e-13	126.537	3.21315e-13	3.21323e-13
13952	G	G	125.555	37	9	9	4.02872e-13	4.02862e-13	125.555	4.02881e-13
13953	T	T	126.537	37	9	9	3.21316e-13	3.21321e-13	3.21333e-13	126.537
13954	G	G	126.537	37	9	9	3.21326e-13	3.21319e-13	126.537	3.21336e-13
13955	T	T	121.659	37	9	9	3.21315e-13	2.32108e-12	3.21333e-13	121.659
13956	A	A	109.301	37	9	9	109.301	3.21331e-13	5.03657e-11	3.21315e-13
13957	C	C	125.775	37	9	9	3.82935e-13	125.775	3.82916e-13	3.82926e-13
13958	G	G	123.715	37	9	9	6.15354e-13	6.1534e-13	123.715	6.15368e-13
13959	C	C	126.537	37	9	9	3.2133e-13	126.537	3.21314e-13	3.21323e-13
13960	C	C	97.3576	37	7	7	2.6602e-10	97.3576	2.6601e-10	2.66015e-10
13961	C	C	82.7677	37	6	6	7.65415e-09	82.7677	7.65389e-09	7.65403e-09
13962	G	G	80.5056	37	6	6	1.28854e-08	1.28852e-08	80.5056	1.28856e-08
13963	T	T	82.7672	37	6	6	7.65458e-09	7.65494e-09	7.65538e-09	82.7672
13964	G	G	63.8731	37	6	5	1.66453e-06	5.78502e-08	63.8731	5.78514e-08
13965	T	T	82.7672	37	6	6	7.65458e-09	7.65494e-09	7.65538e-09	82.7672
13966	A	A	40.5947	37	4	4	40.5947	6.33609e-06	0.000366058	6.33595e-06
13967	C	C	38.9988	37	3	3	0.000182304	38.9988	0.0001823	0.000182302
13968	G	G	4.47737	37	3	1	1.90984	0.00186694	4.47737	0.00186692
13969	C	C	24.4241	37	2	2	0.00523015	24.4241	0.00523007	0.00523012
13970	A	A	20.1024	37	2	2	20.1024	0.00519779	0.0321472	0.00519773
13971	C	C	24.4241	37	2	2	0.00523015	24.4241	0.00523007	0.00523012
13972	G	G	22.7865	37	2	2	0.00762764	0.00762763	22.7865	0.00762769
13973	T	T	10.2493	37	1	1	0.138884	0.138885	0.138885	10.2493
13974	G	G	10.2494	37	1	1	0.138884	0.138884	10.2494	0.138885
13975	T	T	10.2493	37	1	1	0.138884	0.138885	0.138885	10.2493
13976	A	A	10.2493	37	1	1	10.2493	0.138885	0.138884	0.138884
13977	C	C	10.2493	37	1	1	0.138885	10.2493	0.138884	0.138885
13978	G	G	10.2494	37	1	1	0.138884	0.138884	10.2494	0.138885
13979	C	C	10.2493	37	1	1	0.138885	10.2493	0.138884	0.138885
13980	A	A	10.2493	37	1	1	10.2493	0.138885	0.138884	0.138884
13981	C	C	10.2493	37	1	1	0.138885	10.2493	0.138884	0.138885
13982	G	G	10.2494	37	1	1	0.138884	0.138884	10.2494	0.138885
13983	T	T	10.2493	37	1	1	0.138884	0.138885	0.138885	10.2493
13984	G	G	10.2494	37	1	1	0.138884	0.138884	10.2494	0.138885
13985	T	T	10.2493	37	1	1	0.138884	0.138885	0.138885	10.2493
13986	A	A	10.2493	37	1	1	10.2493	0.138885	0.138884	0.138884
13987	C	C	10.2493	37	1	1	0.138885	10.2493	0.138884	0.138885
13988	G	G	10.2494	37	1	1	0.138884	0.138884	10.2494	0.138885
13989	C	C	10.2493	37	1	1	0.138885	10.2493	0.138884	0.138885
13990	A	A	10.2493	37	1	1	10.2493	0.138885	0.138884	0.138884
13991	C	C	10.2493	37	1	1	0.138885	10.2493	0.138884	0.138885
13992	G	G	10.2494	37	1	1	0.138884	0.138884	10.2494	0.138885
13993	T	T	10.2493	37	1	1	0.138884	0.138885	0.138885	10.2493
13994	G	G	10.2494	37	1	1	0.138884	0.138884	10.2494	0.138885
13995	T	T	10.2493	37	1	1	0.138884	0.138885	0.138885	10.2493
13996	A	A	10.2493	37	1	1	10.2493	0.138885	0.138884	0.138884
13997	C	C	10.2493	37	1	1	0.138885	10.2493	0.138884	0.138885
13998	G	G	10.2494	37	1	1	0.138884	0.138884	10.2494	0.138885
13999	C	C	10.2493	37	1	1	0.138885	10.2493	0.138884	0.138885
14000	A	A	10.2493	37	1	1	10.2493	0.138889	0.138887	0.138886
14001	C	C	10.2307	37	1	1	0.139666	10.2307	0.139285	0.139522
14002	G	G	10.2494	37	1	1	0.138884	0.138884	10.2494	0.138885
14003	T	T	10.2493	37	1	1	0.138884	0.138885	0.138885	10.2493
14004	G	G	10.2494	37	1	1	0.138884	0.138884	10.2494	0.138885
14005	T	T	10.2493	37	1	1	0.138884	0.138885	0.138885	10.2493
14006	A	A	10.2493	37	1	1	10.2493	0.138885	0.138884	0.138884
14007	C	C	10.2493	37	1	1	0.138885	10.2493	0.138884	0.138885
14008	G	G	10.2494	37	1	1	0.138884	0.138884	10.2494	0.138885
14009	C	C	10.2493	37	1	1	0.138885	10.2493	0.138884	0.138885
14010	A	A	10.2493	37	1	1	10.2493	0.138885	0.138884	0.138884
14011	C	C	10.2493	37	1	1	0.138885	10.2493	0.138884	0.138885
14012	G	G	10.2494	37	1	1	0.138884	0.138884	10.2494	0.138885
14013	T	T	10.2493	37	1	1	0.138884	0.138885	0.138885	10.2493
14014	G	G	10.2494	37	1	1	0.138884	0.138884	10.2494	0.138885
14015	T	T	10.2477	37	1	1	0.138921	0.138938	0.138955	10.2477
14016	A	A	10.2493	37	1	1	10.2493	0.138885	0.138884	0.138884
14017	C	C	10.2493	37	1	1	0.138885	10.2493	0.138884	0.138885
14018	G	G	10.2494	37	1	1	0.138884	0.138884	10.2494	0.138885
14019	C	C	10.2493	37	1	1	0.138885	10.2493	0.138884	0.138885
14020	A	A	10.2493	37	1	1	10.2493	0.138885	0.138884	0.138884
14021	C	C	10.2493	37	1	1	0.138885	10.2493	0.138884	0.138885
14022	G	G	10.2494	37	1	1	0.138884	0.138884	10.2494	0.138885
14023	T	T	10.2493	37	1	1	0.138884	0.138885	0.138885	10.2493
14024	G	G	10.2494	37	1	1	0.138884	0.138884	10.2494	0.138885
14025	T	T	10.2493	37	1	1	0.138884	0.138885	0.138885	10.2493
14026	A	A	10.2493	37	1	1	10.2493	0.138885	0.138884	0.138884
14027	C	C	10.2493	37	1	1	0.138885	10.2493	0.138884	0.138885
14028	T	T	10.2493	37	1	1	0.138884	0.138885	0.138885	10.2493
14029	C	C	10.2493	37	1	1	0.138885	10.2493	0.138884	0.138885
14030	A	A	10.2493	37	1	1	10.2493	0.138885	0.138884	0.138884
14031	C	C	10.2493	37	1	1	0.138885	10.2493	0.138884	0.138885
14032	G	G	10.2494	37	1	1	0.138884	0.138884	10.2494	0.138885
14033	T	T	10.2493	37	1	1	0.138884	0.138885	0.138885	10.2493
14034	G	G	10.2494	37	1	1	0.138884	0.138884	10.2494	0.138885
14035	T	T	10.2493	37	1	1	0.138884	0.138885	0.138885	10.2493
14036	A	A	6.71571	37	1	1	6.71571	0.12044	0.748537	0.12044
14037	C	C	10.2493	37	1	1	0.138885	10.2493	0.138884	0.138885
14038	G	G	9.36994	37	1	1	0.170677	0.170677	9.36994	0.170677
14039	C	C	10.2493	37	1	1	0.138885	10.2493	0.138884	0.138885
14040	A	N	0	0	0	0	0.0	0.0	0.0	0.0
14041	C	N	0	0	0	0	0.0	0.0	0.0	0.0
14042	G	N	0	0	0	0	0.0	0.0	0.0	0.0
14043	T	N	0	0	0	0	0.0	0.0	0.0	0.0
14044	G	N	0	0	0	0	0.0	0.0	0.0	0.0
14045	T	N	0	0	0	0	0.0	0.0	0.0	0.0
14046	A	N	0	0	0	0	0.0	0.0	0.0	0.0
14047	C	N	0	0	0	0	0.0	0.0	0.0	0.0
14048	G	N	0	0	0	0	0.0	0.0	0.0	0.0
14049	C	N	0	0	0	0	0.0	0.0	0.0	0.0
14050	A	N	0	0	0	0	0.0	0.0	0.0	0.0
14051	C	N	0	0	0	0	0.0	0.0	0.0	0.0
14052	G	N	0	0	0	0	0.0	0.0	0.0	0.0
14053	T	N	0	0	0	0	0.0	0.0	0.0	0.0
14054	G	N	0	0	0	0	0.0	0.0	0.0	0.0
14055	T	N	0	0	0	0	0.0	0.0	0.0	0.0
14056	A	N	0	0	0	0	0.0	0.0	0.0	0.0
14057	C	N	0	0	0	0	0.0	0.0	0.0	0.0
14058	G	N	0	0	0	0	0.0	0.0	0.0	0.0
14059	C	N	0	0	0	0	0.0	0.0	0.0	0.0
14060	A	N	0	0	0	0	0.0	0.0	0.0	0.0
14061	C	N	0	0	0	0	0.0	0.0	0.0	0.0
14062	G	N	0	0	0	0	0.0	0.0	0.0	0.0
14063	T	N	0	0	0	0	0.0	0.0	0.0	0.0
14064	G	N	0	0	0	0	0.0	0.0	0.0	0.0
14065	T	N	0	0	0	0	0.0	0.0	0.0	0.0
14066	A	N	0	0	0	0	0.0	0.0	0.0	0.0
14067	C	N	0	0	0	0	0.0	0.0	0.0	0.0
14068	G	N	0	0	0	0	0.0	0.0	0.0	0.0
14069	C	N	0	0	0	0	0.0	0.0	0.0	0.0
14070	A	N	0	0	0	0	0.0	0.0	0.0	0.0
14071	C	N	0	0	0	0	0.0	0.0	0.0	0.0
14072	G	N	0	0	0	0	0.0	0.0	0.0	0.0
14073	T	N	0	0	0	0	0.0	0.0	0.0	0.0
14074	G	N	0	0	0	0	0.0	0.0	0.0	0.0
14075	T	N	0	0	0	0	0.0	0.0	0.0	0.0
14076	A	N	0	0	0	0	0.0	0.0	0.0	0.0
14077	C	N	0	0	0	0	0.0	0.0	0.0	0.0
14078	G	N	0	0	0	0	0.0	0.0	0.0	0.0
14079	C	N	0	0	0	0	0.0	0.0	0.0	0.0
14080	A	N	0	0	0	0	0.0	0.0	0.0	0.0
14081	C	N	0	0	0	0	0.0	0.0	0.0	0.0
14082	G	N	0	0	0	0	0.0	0.0	0.0	0.0
14083	T	N	0	0	0	0	0.0	0.0	0.0	0.0
14084	G	N	0	0	0	0	0.0	0.0	0.0	0.0
14085	T	N	0	0	0	0	0.0	0.0	0.0	0.0
14086	A	N	0	0	0	0	0.0	0.0	0.0	0.0
14087	C	N	0	0	0	0	0.0	0.0	0.0	0.0
14088	G	N	0	0	0	0	0.0	0.0	0.0	0.0
14089	C	N	0	0	0	0	0.0	0.0	0.0	0.0
14090	A	N	0	0	0	0	0.0	0.0	0.0	0.0
14091	C	N	0	0	0	0	0.0	0.0	0.0	0.0
14092	G	N	0	0	0	0	0.0	0.0	0.0	0.0
14093	T	N	0	0	0	0	0.0	0.0	0.0	0.0
14094	G	N	0	0	0	0	0.0	0.0	0.0	0.0
14095	T	N	0	0	0	0	0.0	0.0	0.0	0.0
14096	A	N	0	0	0	0	0.0	0.0	0.0	0.0
14097	C	N	0	0	0	0	0.0	0.0	0.0	0.0
14098	G	N	0	0	0	0	0.0	0.0	0.0	0.0
14099	C	N	0	0	0	0	0.0	0.0	0.0	0.0
14100	A	N	0	0	0	0	0.0	0.0	0.0	0.0
14101	C	N	0	0	0	0	0.0	0.0	0.0	0.0
14102	G	N	0	0	0	0	0.0	0.0	0.0	0.0
14103	T	N	0	0	0	0	0.0	0.0	0.0	0.0
14104	G	N	0	0	0	0	0.0	0.0	0.0	0.0
14105	T	N	0	0	0	0	0.0	0.0	0.0	0.0
14106	A	N	0	0	0	0	0.0	0.0	0.0	0.0
14107	C	N	0	0	0	0	0.0	0.0	0.0	0.0
14108	G	N	0	0	0	0	0.0	0.0	0.0	0.0
14109	C	N	0	0	0	0	0.0	0.0	0.0	0.0
14110	A	N	0	0	0	0	0.0	0.0	0.0	0.0
14111	C	N	0	0	0	0	0.0	0.0	0.0	0.0
14112	G	N	0	0	0	0	0.0	0.0	0.0	0.0
14113	T	N	0	0	0	0	0.0	0.0	0.0	0.0
14114	G	N	0	0	0	0	0.0	0.0	0.0	0.0
14115	T	N	0	0	0	0	0.0	0.0	0.0	0.0
14116	A	N	0	0	0	0	0.0	0.0	0.0	0.0
14117	C	N	0	0	0	0	0.0	0.0	0.0	0.0
14118	G	N	0	0	0	0	0.0	0.0	0.0	0.0
14119	C	N	0	0	0	0	0.0	0.0	0.0	0.0
14120	A	N	0	0	0	0	0.0	0.0	0.0	0.0
14121	C	N	0	0	0	0	0.0	0.0	0.0	0.0
14122	G	N	0	0	0	0	0.0	0.0	0.0	0.0
14123	T	N	0	0	0	0	0.0	0.0	0.0	0.0
14124	G	N	0	0	0	0	0.0	0.0	0.0	0.0
14125	T	N	0	0	0	0	0.0	0.0	0.0	0.0
14126	A	N	0	0	0	0	0.0	0.0	0.0	0.0
14127	C	N	0	0	0	0	0.0	0.0	0.0	0.0
14128	G	N	0	0	0	0	0.0	0.0	0.0	0.0
14129	C	N	0	0	0	0	0.0	0.0	0.0	0.0
14130	A	N	0	0	0	0	0.0	0.0	0.0	0.0
14131	C	N	0	0	0	0	0.0	0.0	0.0	0.0
14132	G	N	0	0	0	0	0.0	0.0	0.0	0.0
14133	T	N	0	0	0	0	0.0	0.0	0.0	0.0
14134	G	N	0	0	0	0	0.0	0.0	0.0	0.0
14135	T	N	0	0	0	0	0.0	0.0	0.0	0.0
14136	A	N	0	0	0	0	0.0	0.0	0.0	0.0
14137	C	N	0	0	0	0	0.0	0.0	0.0	0.0
14138	G	N	0	0	0	0	0.0	0.0	0.0	0.0
14139	C	N	0	0	0	0	0.0	0.0	0.0	0.0
14140	A	N	0	0	0	0	0.0	0.0	0.0	0.0
14141	C	N	0	0	0	0	0.0	0.0	0.0	0.0
14142	G	N	0	0	0	0	0.0	0.0	0.0	0.0
14143	T	N	0	0	0	0	0.0	0.0	0.0	0.0
14144	G	N	0	0	0	0	0.0	0.0	0.0	0.0
14145	T	N	0	0	0	0	0.0	0.0	0.0	0.0
14146	A	N	0	0	0	0	0.0	0.0	0.0	0.0
14147	C	N	0	0	0	0	0.0	0.0	0.0	0.0
14148	G	N	0	0	0	0	0.0	0.0	0.0	0.0
14149	C	N	0	0	0	0	0.0	0.0	0.0	0.0
14150	A	N	0	0	0	0	0.0	0.0	0.0	0.0
14151	C	N	0	0	0	0	0.0	0.0	0.0	0.0
14152	G	N	0	0	0	0	0.0	0.0	0.0	0.0
14153	T	N	0	0	0	0	0.0	0.0	0.0	0.0
14154	G	N	0	0	0	0	0.0	0.0	0.0	0.0
14155	T	N	0	0	0	0	0.0	0.0	0.0	0.0
14156	A	N	0	0	0	0	0.0	0.0	0.0	0.0
14157	C	N	0	0	0	0	0.0	0.0	0.0	0.0
14158	G	G	10.2494	37	1	1	0.138884	0.138884	10.2494	0.138885
14159	C	C	9.30257	37	1	1	0.1734	9.30257	0.173399	0.173399
14160	A	A	24.4242	37	2	2	24.4242	0.00523013	0.00523008	0.00523007
14161	C	C	48.5496	37	4	4	2.02165e-05	48.5496	2.0216e-05	2.02162e-05
14162	G	G	53.5881	37	4	4	6.33651e-06	6.33646e-06	53.5881	6.33657e-06
14163	T	T	35.3269	37	4	4	6.33465e-06	0.00126129	6.3348e-06	35.3269
14164	G	G	53.588	37	4	4	6.33668e-06	6.33657e-06	53.588	6.33678e-06
14165	T	T	43.9373	37	4	4	6.33625e-06	0.000162741	6.3364e-06	43.9373
14166	A	A	53.5881	37	4	4	53.5881	6.33662e-06	6.33651e-06	6.33648e-06
14167	C	C	66.6045	37	5	5	3.1639e-07	66.6045	3.1638e-07	3.16385e-07
14168	G	G	68.1779	37	5	5	2.20226e-07	2.20224e-07	68.1779	2.20228e-07
14169	C	C	67.3968	37	5	5	2.63627e-07	67.3968	2.63618e-07	2.63623e-07
14170	A	A	97.3575	37	7	7	97.3575	2.66028e-10	2.66018e-10	2.66015e-10
14171	C	C	75.3679	32.4422	8	6	1.52049e-10	75.3679	1.52046e-10	1.25877e-07
14172	G	G	111.947	32.4422	8	8	9.24529e-12	9.24513e-12	111.947	9.24549e-12
14173	T	T	98.3867	32.7677	9	9	3.21315e-13	6.29027e-10	3.21332e-13	98.3867
14174	G	G	126.537	32.7677	9	9	3.2132e-13	3.21313e-13	126.537	3.21327e-13
14175	T	T	116.136	32.7677	9	9	3.23306e-13	9.92369e-12	3.24859e-13	116.136
14176	A	A	126.537	32.7677	9	9	126.537	3.21331e-13	3.21319e-13	3.21315e-13
14177	C	C	101.22	32.7677	9	8	1.0657e-11	101.22	1.06566e-11	3.06628e-10
14178	G	G	141.127	33.0469	10	10	1.11676e-14	1.11673e-14	141.127	1.11678e-14
14179	C	C	153.09	33.2895	11	11	7.10695e-16	153.09	7.10695e-16	7.10695e-16
14180	A	A	170.306	33.5025	12	12	170.306	1.35525e-17	1.35525e-17	1.35525e-17
14181	C	C	167.598	33.5025	12	12	2.49366e-17	167.598	2.49366e-17	2.49366e-17
14182	G	G	170.307	33.5025	12	12	1.35525e-17	1.35525e-17	170.307	1.35525e-17
14183	T	T	160.02	33.5025	12	12	1.35525e-17	4.05492e-16	1.35525e-17	160.02
14184	G	G	170.307	33.5025	12	12	1.35525e-17	1.35525e-17	170.307	1.35525e-17
14185	T	T	170.307	33.5025	12	12	1.35525e-17	1.35525e-17	1.35525e-17	170.307
14186	A	A	184.897	33.6913	13	13	184.897	5.42101e-19	5.42101e-19	5.42101e-19
14187	C	C	196.931	33.86	14	14	0	196.931	0	0
14188	G	G	199.486	33.86	14	14	0	0	199.486	0
14189	C	C	197.915	33.86	14	14	0	197.915	0	0
14190	A	A	214.076	34.0116	15	15	214.076	0	0	0
14191	A	A	214.076	34.0116	15	15	214.076	0	0	0
14192	G	G	214.076	34.0116	15	15	0	0	214.076	0
14193	T	T	215.752	34.1488	16	16	0	0	0	215.752
14194	G	G	228.666	34.1488	16	16	0	0	228.666	0
14195	T	T	224.317	34.1488	16	16	0	0	0	224.317
14196	A	A	228.666	34.1488	16	16	228.666	0	0	0
14197	C	C	227.956	34.1488	16	16	0	227.956	0	0
14198	T	T	228.666	34.1488	16	16	0	0	0	228.666
14199	G	G	227.097	34.1488	16	16	0	0	227.097	0
14200	A	A	217.257	34.1488	16	16	217.257	0	0	0
14201	A	A	222.796	34.2735	17	17	222.796	0	0	0
14202	G	G	256.072	34.3875	18	18	0	0	256.072	0
14203	T	T	238.317	34.3875	18	18	0	0	0	238.317
14204	G	G	256.863	34.3875	18	18	0	0	256.863	0
14205	T	T	231.949	34.3875	18	18	0	0	0	231.949
14206	A	A	247.981	34.3875	18	18	247.981	0	0	0
14207	A	A	247.265	34.3875	18	18	247.265	0	0	0
14208	G	G	191.251	34.3875	18	15	0	0	191.251	0
14209	G	G	245.103	34.4921	19	18	0	0	245.103	0
14210	G	G	242.205	34.3875	18	17	0	0	242.205	0
14211	T	T	244.549	37	18	18	0	0	0	244.549
14212	A	A	253.732	37	18	18	253.732	0	0	0
14213	A	A	261.125	37	19	19	261.125	0	0	0
14214	G	G	269.362	37	19	19	0	0	269.362	0
14215	C	C	240.022	37	18	17	0	240.022	0	0
14216	A	A	239.064	37	18	18	239.064	0	0	0
14217	A	A	236.598	37	18	18	236.598	0	0	0
14218	G	G	227.727	37	17	16	0	0	227.727	0
14219	G	G	227.684	37	16	16	0	0	227.684	0
14220	G	G	227.021	37	16	16	0	0	227.021	0
14221	T	T	214.076	37	15	15	0	0	0	214.076
14222	T	T	222.739	37	16	16	0	0	0	222.739
14223	T	T	223.788	37	16	16	0	0	0	223.788
14224	T	T	230.262	37	17	17	0	0	0	230.262
14225	T	T	236.861	37	18	18	0	0	0	236.861
14226	A	A	239.147	37	18	18	239.147	0	0	0
14227	G	G	254.361	37	18	18	0	0	254.361	0
14228	A	A	244.02	37	18	18	244.02	0	0	0
14229	T	T	232.373	37	17	17	0	0	0	232.373
14230	T	T	224.552	37	16	16	0	0	0	224.552
14231	T	T	224.613	37	16	16	0	0	0	224.613
14232	T	T	225.105	37	16	16	0	0	0	225.105
14233	A	A	222.739	37	16	16	222.739	0	0	0
14234	A	A	210.191	37	15	15	210.191	0	0	0
14235	A	A	218.265	37	16	16	218.265	0	0	0
14236	C	C	227.608	37	16	16	0	227.608	0	0
14237	T	T	224.552	37	16	16	0	0	0	224.552
14238	A	A	200.054	37	16	16	200.054	0	0	0
14239	G	G	197.844	37	15	14	0	0	197.844	0
14240	C	C	199.486	37	14	14	0	199.486	0	0
14241	T	T	199.486	37	14	14	0	0	0	199.486
14242	T	T	178.85	37	13	13	0	4.33681e-18	0	178.85
14243	A	A	180.548	37	13	13	180.548	5.42101e-19	2.71051e-18	5.42101e-19
14244	A	A	180.211	37	13	13	180.211	5.42101e-19	3.25261e-18	5.42101e-19
14245	T	T	180.753	37	13	13	5.42101e-19	2.71051e-18	5.42101e-19	180.753
14246	A	A	184.897	37	13	13	184.897	5.42101e-19	5.42101e-19	5.42101e-19
14247	A	A	195.926	37	14	14	195.926	0	0	0
14248	A	A	211.777	37	16	16	211.777	0	0	0
14249	A	A	210.675	37	16	16	210.675	0	0	0
14250	C	C	209.506	37	16	15	0	209.506	0	0
14251	C	C	209.659	37	16	15	0	209.659	0	0
14252	C	C	212.657	37	15	15	0	212.657	0	0
14253	C	C	184.897	37	13	13	5.42101e-19	184.897	5.42101e-19	5.42101e-19
14254	C	C	184.897	37	13	13	5.42101e-19	184.897	5.42101e-19	5.42101e-19
14255	C	C	183.252	37	13	13	5.42101e-19	183.252	5.42101e-19	5.42101e-19
14256	T	T	180.211	37	13	13	5.42101e-19	3.25261e-18	5.42101e-19	180.211
14257	T	T	180.548	37	13	13	5.42101e-19	2.71051e-18	5.42101e-19	180.548
14258	A	A	180.782	37	13	13	180.782	5.42101e-19	2.71051e-18	5.42101e-19
14259	C	C	184.186	37	13	13	5.42101e-19	184.186	5.42101e-19	5.42101e-19
14260	C	C	184.897	37	13	13	5.42101e-19	184.897	5.42101e-19	5.42101e-19
14261	C	C	170.307	37	12	12	1.35525e-17	170.307	1.35525e-17	1.35525e-17
14262	C	C	170.084	37	13	12	1.0842e-18	170.084	1.0842e-18	4.01155e-17
14263	C	C	168.784	37	13	12	2.1684e-18	168.784	2.1684e-18	5.42101e-17
14264	C	C	169.526	37	12	12	1.6263e-17	169.526	1.6263e-17	1.6263e-17
14265	G	G	152.401	37	12	11	2.33646e-15	8.13152e-17	152.401	8.13152e-17
14266	T	T	166.746	37	12	12	1.30104e-17	6.451e-17	1.30104e-17	166.746
14267	A	A	172.99	37	13	13	172.99	5.42101e-19	2.11419e-17	5.42101e-19
14268	A	A	164.141	37	13	13	164.141	5.42101e-19	1.66425e-16	5.42101e-19
14269	C	C	182.464	37	13	13	1.0842e-18	182.464	1.0842e-18	1.0842e-18
14270	T	T	158.646	37	12	12	1.35525e-17	5.65411e-16	1.35525e-17	158.646
14271	T	T	159.942	37	12	12	1.35525e-17	4.13081e-16	1.35525e-17	159.942
14272	C	C	169.545	37	12	12	1.6263e-17	169.545	1.6263e-17	1.6263e-17
14273	A	A	151.664	37	11	11	151.664	3.88144e-16	2.18467e-15	3.88144e-16
14274	A	A	145.353	37	11	11	145.353	3.88144e-16	1.18861e-14	3.88144e-16
14275	G	G	168.458	37	12	12	2.05998e-17	2.05998e-17	168.458	2.05998e-17
14276	G	G	150.448	37	12	11	3.66352e-15	1.27936e-16	150.448	1.26852e-16
14277	A	A	144.307	37	11	11	144.307	3.88144e-16	1.53317e-14	3.88144e-16
14278	G	G	135.458	37	11	10	2.24137e-14	8.20839e-14	135.458	1.90863e-14
14279	C	C	140.417	37	10	10	1.31508e-14	140.417	1.31503e-14	1.31503e-14
14280	T	T	141.127	37	10	10	1.11673e-14	1.11676e-14	1.11681e-14	141.127
14281	T	T	126.537	37	9	9	3.21315e-13	3.21318e-13	3.21331e-13	126.537
14282	A	A	115.957	37	9	9	115.957	3.21332e-13	1.03749e-11	3.21315e-13
14283	T	T	126.537	37	9	9	3.21315e-13	3.21318e-13	3.21331e-13	126.537
14284	G	G	125.256	37	10	9	1.21073e-12	4.20779e-14	125.256	4.20811e-14
14285	C	C	125.479	37	9	9	4.10012e-13	125.479	4.09995e-13	4.10003e-13
14286	A	A	111.947	37	8	8	111.947	9.24559e-12	9.24532e-12	9.24516e-12
14287	C	C	111.186	37	8	8	1.1018e-11	111.186	1.10176e-11	1.10178e-11
14288	A	A	122.976	37	9	9	122.976	3.21332e-13	1.54582e-12	3.21315e-13
14289	T	T	127.541	37	10	10	1.11673e-14	7.42638e-13	1.11678e-14	127.541
14290	T	T	129.22	37	10	10	1.11673e-14	4.97378e-13	1.11678e-14	129.22
14291	T	T	130.432	37	10	10	1.11673e-14	3.70803e-13	1.11678e-14	130.432
14292	A	A	149.79	37	11	11	149.79	3.88144e-16	3.78224e-15	3.88144e-16
14293	T	T	130.479	37	10	10	1.11673e-14	3.66629e-13	1.11678e-14	130.479
14294	G	G	139.748	37	10	10	1.53404e-14	1.53398e-14	139.748	1.53409e-14
14295	G	G	154.174	37	11	11	5.54027e-16	5.54027e-16	154.174	5.53485e-16
14296	A	A	158.698	37	12	12	158.698	1.35525e-17	5.58906e-16	1.35525e-17
14297	G	G	196.854	37	14	14	0	0	196.854	0
14298	G	G	183.323	37	13	13	5.42101e-19	5.42101e-19	183.323	5.42101e-19
14299	T	T	149.702	37	13	13	5.42101e-19	4.65014e-15	5.42101e-19	149.702
14300	C	C	164.936	37	13	12	4.33681e-18	164.936	4.33681e-18	1.30104e-16
14301	T	T	172.224	37	14	14	0	2.60209e-17	0	172.224
14302	T	T	188.077	37	14	14	0	5.42101e-19	0	188.077
14303	G	G	199.373	37	14	14	0	0	199.373	0
14304	C	C	198.696	37	14	14	0	198.696	0	0
14305	C	C	198.777	37	14	14	0	198.777	0	0
14306	A	A	199.486	37	14	14	199.486	0	0	0
14307	A	A	199.486	37	14	14	199.486	0	0	0
14308	A	A	199.486	37	14	14	199.486	0	0	0
14309	C	C	199.486	37	14	14	0	199.486	0	0
14310	C	C	199.486	37	14	14	0	199.486	0	0
14311	C	C	238.464	34.2735	17	17	0	238.464	0	0
14312	C	C	225.102	34.2735	17	16	0	225.102	0	0
14313	C	C	204.362	34.2735	17	15	0	204.362	0	0
14314	A	A	267.75	34.4921	19	19	267.75	0	0	0
14315	A	A	266.389	34.4921	19	19	266.389	0	0	0
14316	A	A	254.285	34.3875	18	18	254.285	0	0	0
14317	A	A	247.559	34.3875	18	18	247.559	0	0	0
14318	C	C	269.371	34.4921	19	19	0	269.371	0	0
14319	C	C	271.453	34.4921	19	19	0	271.453	0	0
14320	A	A	251.37	34.4921	19	19	251.37	0	0	0
14321	G	G	255.142	34.3875	18	18	0	0	255.142	0
14322	G	G	241.682	34.2735	17	17	0	0	241.682	0
14323	A	A	224.781	34.1488	16	16	224.781	0	0	0
14324	T	T	228.666	34.1488	16	16	0	0	0	228.666
14325	T	T	237.21	34.2735	17	17	0	0	0	237.21
14326	A	A	225.449	34.2735	17	17	225.449	0	0	0
14327	A	A	208.317	34.2735	17	17	208.317	0	0	0
14328	T	T	224.523	34.1488	16	16	0	0	0	224.523
14329	G	G	238.145	34.3875	18	17	0	0	238.145	0
14330	G	G	237.285	34.3875	18	17	0	0	237.285	0
14331	A	A	213.291	37	16	16	213.291	0	0	0
14332	C	C	197.905	37	14	14	0	197.905	0	0
14333	A	A	197.632	37	15	15	197.632	0	0	0
14334	T	T	209.391	37	15	15	0	0	0	209.391
14335	T	T	209.728	37	15	15	0	0	0	209.728
14336	C	C	213.286	37	15	15	0	213.286	0	0
14337	A	A	184.392	37	14	14	184.392	0	1.6263e-18	0
14338	A	A	166.746	37	12	12	166.746	1.35525e-17	6.50521e-17	1.35525e-17
14339	A	A	166.253	37	12	12	166.253	1.35525e-17	7.58942e-17	1.35525e-17
14340	C	C	183.029	37	14	13	0	183.029	0	2.1684e-18
14341	C	C	197.446	37	14	14	0	197.446	0	0
14342	T	T	188.533	37	14	14	0	5.42101e-19	0	188.533
14343	G	G	183.396	37	13	13	5.42101e-19	5.42101e-19	183.396	5.42101e-19
14344	A	A	173.906	37	13	13	173.906	5.42101e-19	1.68051e-17	5.42101e-19
14345	A	A	166.562	37	13	13	166.562	5.42101e-19	9.48677e-17	5.42101e-19
14346	G	G	128.004	37	13	10	6.87647e-13	2.81893e-17	128.004	2.81893e-17
14347	G	G	182.471	37	13	13	5.42101e-19	5.42101e-19	182.471	1.0842e-18
14348	T	T	165.621	37	12	12	1.35525e-17	9.21572e-17	1.35525e-17	165.621
14349	T	T	165.958	37	12	12	1.35525e-17	8.29415e-17	1.35525e-17	165.958
14350	T	T	151.574	37	11	11	3.87873e-16	2.24647e-15	3.88144e-16	151.574
14351	T	T	157.614	37	12	12	1.35525e-17	7.25331e-16	1.35525e-17	157.614
14352	A	A	144.881	37	12	12	144.881	1.35525e-17	1.4087e-14	1.35525e-17
14353	C	C	169.447	37	12	12	1.6263e-17	169.447	1.6263e-17	1.6263e-17
14354	A	A	136.677	37	12	12	136.677	1.35525e-17	9.33232e-14	1.35525e-17
14355	C	C	168.614	37	12	12	2.00577e-17	168.614	2.00577e-17	2.00577e-17
14356	C	C	154.858	37	11	11	4.73254e-16	154.858	4.73254e-16	4.73254e-16
14357	C	C	138.763	37	10	10	1.92468e-14	138.763	1.92462e-14	1.92462e-14
14358	C	C	124.769	37	9	9	4.82812e-13	124.769	4.82795e-13	4.82801e-13
14359	A	A	89.6389	37	8	8	89.6389	9.2456e-12	4.70102e-09	9.24516e-12
14360	A	A	96.8527	37	8	8	96.8527	9.2456e-12	8.77933e-10	9.24516e-12
14361	A	A	82.7677	37	6	6	82.7677	7.65415e-09	7.65399e-09	7.65389e-09
14362	A	A	82.7677	37	6	6	82.7677	7.65415e-09	7.65399e-09	7.65389e-09
14363	C	C	95.0224	37	7	7	4.55437e-10	95.0224	4.55421e-10	4.55429e-10
14364	C	C	108.698	37	8	8	1.95356e-11	108.698	1.95348e-11	1.95352e-11
14365	C	C	107.999	37	9	8	2.23755e-12	107.999	2.23748e-12	6.43796e-11
14366	A	A	126.537	37	9	9	126.537	3.21332e-13	3.21321e-13	3.21315e-13
14367	C	C	124.299	37	9	9	5.3798e-13	124.299	5.37955e-13	5.37966e-13
14368	T	T	116.559	37	9	9	3.21315e-13	8.94786e-12	3.21332e-13	116.559
14369	A	A	126.537	37	9	9	126.537	3.21332e-13	3.21321e-13	3.21315e-13
14370	A	A	141.127	37	10	10	141.127	1.11678e-14	1.11676e-14	1.11673e-14
14371	T	T	136.442	37	10	10	1.11673e-14	7.62094e-14	1.11681e-14	136.442
14372	A	A	152.138	37	11	11	152.138	3.90313e-16	1.87513e-15	3.89229e-16
14373	A	A	151.664	37	11	11	151.664	3.88144e-16	2.18467e-15	3.88144e-16
14374	C	C	167.171	37	12	12	2.76472e-17	167.171	2.76472e-17	2.76472e-17
14375	T	T	159.013	37	12	12	1.35525e-17	5.18249e-16	1.35525e-17	159.013
14376	A	A	178.969	37	13	13	178.969	5.42101e-19	4.33681e-18	5.42101e-19
14377	A	A	170.307	37	12	12	170.307	1.35525e-17	1.35525e-17	1.35525e-17
14378	A	A	170.305	37	12	12	170.305	1.35525e-17	1.35525e-17	1.35525e-17
14379	A	A	170.307	37	12	12	170.307	1.35525e-17	1.35525e-17	1.35525e-17
14380	T	T	172.776	37	13	13	5.42101e-19	2.1684e-17	5.42101e-19	172.776
14381	T	T	180.019	37	13	13	5.42101e-19	3.25261e-18	5.42101e-19	180.019
14382	C	C	184.115	37	13	13	5.42101e-19	184.115	5.42101e-19	5.42101e-19
14383	C	C	138.802	37	13	11	6.93889e-17	138.802	6.93889e-17	5.70854e-14
14384	A	A	184.897	37	13	13	184.897	5.42101e-19	5.42101e-19	5.42101e-19
14385	G	G	184.897	37	13	13	5.42101e-19	5.42101e-19	184.897	5.42101e-19
14386	C	C	184.897	37	13	13	5.42101e-19	184.897	5.42101e-19	5.42101e-19
14387	C	C	184.897	37	13	13	5.42101e-19	184.897	5.42101e-19	5.42101e-19
14388	G	G	184.897	37	13	13	5.42101e-19	5.42101e-19	184.897	5.42101e-19
14389	A	A	214.076	37	15	15	214.076	0	0	0
14390	T	T	201.747	37	15	15	0	0	0	201.747
14391	T	T	203.122	37	15	15	0	0	0	203.122
14392	A	A	210.515	37	15	15	210.515	0	0	0
14393	A	A	209.986	37	15	15	209.986	0	0	0
14394	T	T	214.076	37	15	15	0	0	0	214.076
14395	C	C	214.076	37	15	15	0	214.076	0	0
14396	T	T	222.62	37	16	16	0	0	0	222.62
14397	C	C	239.126	37	17	17	0	239.126	0	0
14398	T	T	222.925	37	17	17	0	0	0	222.925
14399	G	G	213.459	37	15	15	0	0	213.459	0
14400	A	A	210.023	37	15	15	210.023	0	0	0
14401	A	A	209.962	37	15	15	209.962	0	0	0
14402	T	T	214.059	37	15	15	0	0	0	214.059
14403	A	A	201.956	37	15	15	201.956	0	0	0
14404	A	A	195.433	37	14	14	195.433	0	0	0
14405	C	C	199.407	37	15	14	0	199.407	0	0
14406	A	A	209.198	37	15	15	209.198	0	0	0
14407	G	G	226.383	37	16	16	0	0	226.383	0
14408	G	G	227.861	37	16	16	0	0	227.861	0
14409	C	C	226.192	37	16	16	0	226.192	0	0
14410	A	A	217.372	37	16	16	217.372	0	0	0
14411	T	T	223.66	37	17	17	0	0	0	223.66
14412	G	G	212.553	37	16	15	0	0	212.553	0
14413	A	A	222.739	37	16	16	222.739	0	0	0
14414	G	G	213.459	37	15	15	0	0	213.459	0
14415	A	A	197.187	37	15	15	197.187	0	0	0
14416	A	A	196.085	37	15	15	196.085	0	0	0
14417	T	T	227.88	37	17	17	0	0	0	227.88
14418	T	T	231.163	37	17	17	0	0	0	231.163
14419	G	G	190.5	37	16	14	0	0	190.5	0
14420	A	A	180.976	37	14	14	180.976	0	3.25261e-18	0
14421	A	A	193.267	37	15	15	193.267	0	0	0
14422	A	A	187.815	37	14	14	187.815	0	5.42101e-19	0
14423	T	T	201.082	37	15	15	0	0	0	201.082
14424	T	T	188.192	37	14	14	0	5.42101e-19	0	188.192
14425	T	T	174.662	37	13	13	0	1.35525e-17	0	174.662
14426	A	A	173.586	37	13	13	173.586	5.42101e-19	1.78893e-17	5.42101e-19
14427	G	G	166.248	37	13	12	9.6494e-17	3.25261e-18	166.248	3.25261e-18
14428	C	C	170.084	37	13	12	1.0842e-18	170.084	1.0842e-18	4.01155e-17
14429	A	A	194.801	37	14	14	194.801	0	0	0
14430	T	T	192.622	37	15	15	0	0	0	192.622
14431	C	C	180.628	37	14	13	0	180.628	0	3.25261e-18
14432	T	T	186.728	37	15	15	0	1.0842e-18	0	186.728
14433	A	A	228.666	37	16	16	228.666	0	0	0
14434	T	T	219.393	37	18	18	0	0	0	219.393
14435	C	C	239.132	37	18	17	0	239.132	0	0
14436	T	T	233.108	37	18	18	0	0	0	233.108
14437	A	A	257.845	37	18	18	257.845	0	0	0
14438	T	T	248.613	37	18	18	0	0	0	248.613
14439	G	G	272.435	37	19	19	0	0	272.435	0
14440	G	G	271.818	37	19	19	0	0	271.818	0
14441	A	A	268.382	37	19	19	268.382	0	0	0
14442	A	A	282.911	37	20	20	282.911	0	0	0
14443	A	A	275.715	37	20	20	275.715	0	0	0
14444	T	T	282.911	37	20	20	0	0	0	282.911
14445	T	T	268.382	37	19	19	0	0	0	268.382
14446	T	T	274.768	37	20	20	0	0	0	274.768
14447	G	G	284.59	37	20	20	0	0	284.59	0
14448	T	T	273.728	37	20	20	0	0	0	273.728
14449	T	T	280.368	37	21	21	0	0	0	280.368
14450	T	T	282.833	37	21	21	0	0	0	282.833
14451	T	T	276.034	37	20	20	0	0	0	276.034
14452	T	T	276.624	37	20	20	0	0	0	276.624
14453	T	T	283.14	37	20	20	0	0	0	283.14
14454	A	A	264.476	37	21	21	264.476	0	0	0
14455	C	C	271.377	37	19	19	0	271.377	0	0
14456	T	T	268.321	37	19	19	0	0	0	268.321
14457	C	C	257.004	37	19	18	0	257.004	0	0
14458	T	T	266.719	37	20	20	0	0	0	266.719
14459	G	G	218.54	37	18	16	0	0	218.54	0
14460	C	C	256.274	37	18	18	0	256.274	0	0
14461	T	T	232.969	37	17	17	0	0	0	232.969
14462	T	T	225.105	37	16	16	0	0	0	225.105
14463	C	C	228.666	37	16	16	0	228.666	0	0
14464	C	C	199.486	37	14	14	0	199.486	0	0
14465	C	C	170.084	37	13	12	1.0842e-18	170.084	1.0842e-18	4.01155e-17
14466	T	T	180.019	37	13	13	5.42101e-19	3.25261e-18	5.42101e-19	180.019
14467	C	C	184.115	37	13	13	5.42101e-19	184.115	5.42101e-19	5.42101e-19
14468	C	C	184.135	37	13	13	5.42101e-19	184.135	5.42101e-19	5.42101e-19
14469	T	T	181.336	37	13	13	5.42101e-19	2.1684e-18	5.42101e-19	181.336
14470	C	C	170.307	37	12	12	1.35525e-17	170.307	1.35525e-17	1.35525e-17
14471	A	A	159.906	37	12	12	159.906	1.35525e-17	4.16876e-16	1.35525e-17
14472	T	T	170.307	37	12	12	1.35525e-17	1.35525e-17	1.35525e-17	170.307
14473	G	G	151.762	37	12	11	2.70617e-15	9.43256e-17	151.762	9.43256e-17
14474	A	A	149.098	37	12	12	149.098	1.35525e-17	5.31801e-15	1.35525e-17
14475	T	T	155.717	37	11	11	3.88144e-16	3.88144e-16	3.88144e-16	155.717
14476	T	T	154.931	37	12	12	1.35525e-17	1.36826e-15	1.35525e-17	154.931
14477	T	T	148.348	37	12	12	1.35525e-17	6.32686e-15	1.35525e-17	148.348
14478	T	T	150.904	37	12	12	1.35525e-17	3.4998e-15	1.35525e-17	150.904
14479	A	A	184.897	37	13	13	184.897	5.42101e-19	5.42101e-19	5.42101e-19
14480	C	C	144.506	37	13	11	1.95156e-17	144.506	1.95156e-17	1.53523e-14
14481	C	C	158.627	37	13	12	1.95156e-17	158.627	1.95156e-17	5.5728e-16
14482	G	G	183.247	37	13	13	1.0842e-18	1.0842e-18	183.247	5.42101e-19
14483	T	T	181.012	37	13	13	5.42101e-19	2.1684e-18	5.42101e-19	181.012
14484	T	T	198.841	37	15	15	0	0	0	198.841
14485	A	A	193.44	37	14	14	193.44	0	0	0
14486	T	T	173.943	37	13	13	5.42101e-19	1.6263e-17	5.42101e-19	173.943
14487	T	T	174.279	37	13	13	5.42101e-19	1.51788e-17	5.42101e-19	174.279
14488	A	A	180.843	37	13	13	180.843	5.42101e-19	2.71051e-18	5.42101e-19
14489	T	T	193.559	37	14	14	0	0	0	193.559
14490	C	C	198.428	37	14	14	0	198.428	0	0
14491	A	A	208.149	37	15	15	208.149	0	0	0
14492	C	C	182.612	37	14	13	0	182.612	0	2.1684e-18
14493	T	T	189.545	37	14	14	0	5.42101e-19	0	189.545
14494	T	T	195.433	37	14	14	0	0	0	195.433
14495	T	T	195.926	37	14	14	0	0	0	195.926
14496	T	T	199.486	37	14	14	0	0	0	199.486
14497	T	T	184.897	37	13	13	5.42101e-19	5.42101e-19	5.42101e-19	184.897
14498	T	T	184.896	37	13	13	5.42101e-19	5.42101e-19	5.42101e-19	184.896
14499	G	G	170.307	37	12	12	1.35525e-17	1.35525e-17	170.307	1.35525e-17
14500	G	G	170.307	37	12	12	1.35525e-17	1.35525e-17	170.307	1.35525e-17
14501	C	C	170.307	37	12	12	1.35525e-17	170.307	1.35525e-17	1.35525e-17
14502	C	C	170.307	37	12	12	1.35525e-17	170.307	1.35525e-17	1.35525e-17
14503	A	A	180.753	37	13	13	180.753	5.42101e-19	2.71051e-18	5.42101e-19
14504	C	C	168.784	37	13	12	2.1684e-18	168.784	2.1684e-18	5.42101e-17
14505	C	C	184.115	37	13	13	5.42101e-19	184.115	5.42101e-19	5.42101e-19
14506	A	A	171.865	37	13	13	171.865	5.42101e-19	2.71051e-17	5.42101e-19
14507	A	A	180.548	37	13	13	180.548	5.42101e-19	2.71051e-18	5.42101e-19
14508	C	C	183.914	37	13	13	5.42101e-19	183.914	5.42101e-19	5.42101e-19
14509	T	T	180.548	37	13	13	5.42101e-19	2.71051e-18	5.42101e-19	180.548
14510	T	T	166.163	37	12	12	1.35525e-17	7.80626e-17	1.35525e-17	166.163
14511	T	T	172.342	37	13	13	5.42101e-19	2.43945e-17	5.42101e-19	172.342
14512	T	T	180.019	37	13	13	5.42101e-19	3.25261e-18	5.42101e-19	180.019
14513	A	A	173.368	37	13	13	173.368	5.42101e-19	1.89735e-17	5.42101e-19
14514	C	C	184.135	37	13	13	5.42101e-19	184.135	5.42101e-19	5.42101e-19
14515	T	T	166.746	37	12	12	1.30104e-17	6.451e-17	1.30104e-17	166.746
14516	A	A	157.413	37	12	12	157.413	1.35525e-17	7.6111e-16	1.35525e-17
14517	T	T	155.717	37	11	11	3.88144e-16	3.88144e-16	3.88144e-16	155.717
14518	A	A	159.658	37	12	12	159.658	1.35525e-17	4.42897e-16	1.35525e-17
14519	G	G	167.9	37	12	12	2.38524e-17	2.38524e-17	167.9	2.33103e-17
14520	T	T	151.603	37	11	11	3.88144e-16	2.22641e-15	3.88144e-16	151.603
14521	G	G	154.041	37	11	11	5.70832e-16	5.70832e-16	154.041	5.70832e-16
14522	T	T	151.87	37	11	11	4.07389e-16	1.99412e-15	4.22297e-16	151.87
14523	C	C	154.072	37	11	11	5.67038e-16	154.072	5.67038e-16	5.67038e-16
14524	C	C	139.357	37	11	10	1.63606e-15	139.357	1.63606e-15	4.70858e-14
14525	C	C	154.857	37	11	11	4.73254e-16	154.857	4.73254e-16	4.73254e-16
14526	A	A	130.479	37	10	10	130.479	1.11678e-14	3.6663e-13	1.11673e-14
14527	T	T	137.242	37	10	10	1.11673e-14	5.96197e-14	1.11681e-14	137.242
14528	A	A	122.423	37	9	9	122.423	3.21332e-13	1.84317e-12	3.21315e-13
14529	C	C	126.537	37	9	9	3.21329e-13	126.537	3.21314e-13	3.21321e-13
14530	A	A	120.61	37	9	9	120.61	3.21342e-13	3.13119e-12	3.21321e-13
14531	A	A	111.947	37	8	8	111.947	9.24562e-12	9.24532e-12	9.24518e-12
14532	A	A	126.537	37	9	9	126.537	3.21332e-13	3.21321e-13	3.21315e-13
14533	T	T	121.852	37	9	9	3.21315e-13	2.19276e-12	3.21331e-13	121.852
14534	C	C	125.678	37	9	9	3.91641e-13	125.678	3.91624e-13	3.91632e-13
14535	C	C	125.747	37	9	9	3.85481e-13	125.747	3.85463e-13	3.85472e-13
14536	T	T	128.434	37	10	10	1.11673e-14	6.00452e-13	1.11681e-14	128.434
14537	A	A	122.783	37	10	10	122.783	1.11678e-14	2.26565e-12	1.11673e-14
14538	A	A	120.358	37	10	10	120.358	1.11697e-14	3.97706e-12	1.11684e-14
14539	A	A	116.083	37	10	10	116.083	1.11678e-14	1.06803e-11	1.11673e-14
14540	T	T	93.4726	37	7	7	2.6601e-10	1.42016e-09	2.66021e-10	93.4726
14541	C	C	97.3576	37	7	7	2.66019e-10	97.3576	2.6601e-10	2.66014e-10
14542	C	C	72.6573	37	7	6	7.65411e-09	72.6573	7.65391e-09	2.20227e-07
14543	A	A	97.3571	37	7	7	97.3571	2.66062e-10	2.6604e-10	2.66034e-10
14544	A	A	93.4726	37	7	7	93.4726	2.66021e-10	1.42016e-09	2.6601e-10
14545	C	C	97.3576	37	7	7	2.66019e-10	97.3576	2.6601e-10	2.66014e-10
14546	C	C	97.3556	37	7	7	2.66174e-10	97.3556	2.66095e-10	2.66143e-10
14547	A	A	85.6868	37	7	7	85.6868	2.66021e-10	1.11928e-08	2.6601e-10
14548	C	C	97.3576	37	7	7	2.66019e-10	97.3576	2.6601e-10	2.66014e-10
14549	G	G	95.0029	37	7	7	4.57487e-10	4.57476e-10	95.0029	4.57495e-10
14550	T	T	78.0822	37	6	6	7.65388e-09	5.22322e-08	7.65414e-09	78.0822
14551	T	T	84.1989	37	7	7	2.66073e-10	1.59836e-08	2.66129e-10	84.1989
14552	T	T	85.7128	37	7	7	2.6601e-10	1.11228e-08	2.66021e-10	85.7128
14553	A	A	83.3926	37	7	7	83.3926	2.66021e-10	1.93528e-08	2.6601e-10
14554	T	T	84.5814	37	7	7	2.6601e-10	1.45911e-08	2.66021e-10	84.5814
14555	G	G	82.7677	37	6	6	7.65403e-09	7.65389e-09	82.7677	7.65415e-09
14556	G	G	82.7677	37	6	6	7.65403e-09	7.65389e-09	82.7677	7.65415e-09
14557	A	A	82.7677	37	6	6	82.7677	7.65415e-09	7.65399e-09	7.65389e-09
14558	G	G	82.7677	37	6	6	7.65403e-09	7.65389e-09	82.7677	7.65415e-09
14559	C	C	95.7128	37	7	7	3.88504e-10	95.7128	3.88491e-10	3.88496e-10
14560	T	T	92.672	37	7	7	2.6601e-10	1.81533e-09	2.66021e-10	92.672
14561	T	T	89.0729	37	8	8	7.82506e-11	5.1705e-09	1.27651e-10	89.0729
14562	A	A	107.07	37	8	8	107.07	9.24559e-12	6.67838e-11	9.24516e-12
14563	A	A	120.61	37	9	9	120.61	3.21332e-13	3.13119e-12	3.21315e-13
14564	T	T	100.654	37	8	8	9.24516e-12	3.55132e-10	9.24558e-12	100.654
14565	A	A	111.947	37	8	8	111.947	9.24559e-12	9.24532e-12	9.24516e-12
14566	G	G	111.947	37	8	8	9.24538e-12	9.24516e-12	111.947	9.24557e-12
14567	T	T	108.062	37	8	8	9.24516e-12	4.93576e-11	9.24558e-12	108.062
14568	A	A	111.947	37	8	8	111.947	9.24559e-12	9.24532e-12	9.24516e-12
14569	A	A	111.947	37	8	8	111.947	9.24559e-12	9.24532e-12	9.24516e-12
14570	A	A	111.947	37	8	8	111.947	9.24563e-12	9.24534e-12	9.24518e-12
14571	G	G	111.33	37	8	8	1.06568e-11	1.06566e-11	111.33	1.0657e-11
14572	A	A	122.484	37	9	9	122.484	3.21355e-13	1.80876e-12	3.21328e-13
14573	A	A	122.423	37	9	9	122.423	3.21332e-13	1.84318e-12	3.21315e-13
14574	A	A	121.659	37	9	9	121.659	3.21333e-13	2.32108e-12	3.21316e-13
14575	G	G	124.964	37	9	9	4.61622e-13	4.61609e-13	124.964	4.61634e-13
14576	G	G	111.947	37	8	8	9.24538e-12	9.24516e-12	111.947	9.24557e-12
14577	C	C	124.813	37	10	9	4.65958e-14	124.813	4.65936e-14	1.34065e-12
14578	A	A	155.717	37	11	11	155.717	3.88144e-16	3.88144e-16	3.88144e-16
14579	C	C	150.655	37	12	11	1.21431e-16	150.655	1.21431e-16	3.49222e-15
14580	T	T	143.334	37	12	12	1.35525e-17	2.01298e-14	1.35525e-17	143.334
14581	G	G	184.037	37	13	13	5.42101e-19	5.42101e-19	184.037	5.42101e-19
14582	A	A	173.821	37	13	13	173.821	5.42101e-19	1.73472e-17	5.42101e-19
14583	A	A	140.79	37	13	12	140.79	1.0842e-17	3.61766e-14	1.51788e-17
14584	A	A	159.315	37	12	12	159.315	1.35525e-17	4.81386e-16	1.35525e-17
14585	A	A	151.973	37	12	12	151.973	1.35525e-17	2.73056e-15	1.35525e-17
14586	T	T	170.307	37	12	12	1.35525e-17	1.35525e-17	1.35525e-17	170.307
14587	G	G	153.291	37	11	11	6.78168e-16	6.78168e-16	153.291	6.78711e-16
14588	C	C	141.127	37	10	10	1.11676e-14	141.127	1.11673e-14	1.11673e-14
14589	C	C	141.127	37	10	10	1.11676e-14	141.127	1.11673e-14	1.11673e-14
14590	T	T	126.537	37	9	9	3.21314e-13	3.21318e-13	3.21331e-13	126.537
14591	A	A	136.212	37	10	10	136.212	1.12906e-14	8.13542e-14	1.12364e-14
14592	G	G	153.526	37	11	11	6.4239e-16	6.4239e-16	153.526	6.42932e-16
14593	A	A	151.663	37	11	11	151.663	3.88144e-16	2.18494e-15	3.88144e-16
14594	C	C	153.112	37	12	11	6.93889e-17	153.112	6.93889e-17	1.98301e-15
14595	T	T	149.069	37	13	13	5.42101e-19	5.37981e-15	5.42101e-19	149.069
14596	A	A	178.969	37	13	13	178.969	5.42101e-19	4.33681e-18	5.42101e-19
14597	G	G	170.307	37	12	12	1.35525e-17	1.35525e-17	170.307	1.35525e-17
14598	T	T	159.891	37	12	12	1.35525e-17	4.18502e-16	1.35525e-17	159.891
14599	T	T	166.421	37	12	12	1.35525e-17	7.20994e-17	1.35525e-17	166.421
14600	A	A	170.307	37	12	12	170.307	1.35525e-17	1.35525e-17	1.35525e-17
14601	T	T	170.307	37	12	12	1.35525e-17	1.35525e-17	1.35525e-17	170.307
14602	A	A	170.307	37	12	12	170.307	1.35525e-17	1.35525e-17	1.35525e-17
14603	T	T	170.307	37	12	12	1.35525e-17	1.35525e-17	1.35525e-17	170.307
14604	A	A	166.746	37	12	12	166.746	1.35525e-17	6.50521e-17	1.35525e-17
14605	A	A	166.253	37	12	12	166.253	1.35525e-17	7.58942e-17	1.35525e-17
14606	T	T	170.307	37	12	12	1.35525e-17	1.35525e-17	1.35525e-17	170.307
14607	T	T	170.307	37	12	12	1.35525e-17	1.35525e-17	1.35525e-17	170.307
14608	C	C	170.084	37	13	12	1.0842e-18	170.084	1.0842e-18	4.01155e-17
14609	C	C	169.248	37	12	12	1.73472e-17	169.248	1.73472e-17	1.73472e-17
14610	A	A	161.152	37	12	12	161.152	4.66207e-17	2.53703e-16	3.30682e-17
14611	T	T	166.253	37	12	12	1.35525e-17	7.58942e-17	1.35525e-17	166.253
14612	A	A	161.074	37	12	12	161.074	1.35525e-17	3.1225e-16	1.35525e-17
14613	A	A	159.804	37	12	12	159.804	1.35525e-17	4.27176e-16	1.35525e-17
14614	A	A	159.649	37	12	12	159.649	1.35525e-17	4.43981e-16	1.35525e-17
14615	C	C	169.516	37	12	12	1.6263e-17	169.516	1.6263e-17	1.6263e-17
14616	A	A	155.212	37	12	12	155.212	1.35525e-17	1.28098e-15	1.35525e-17
14617	T	T	141.127	37	10	10	1.11673e-14	1.11676e-14	1.11678e-14	141.127
14618	A	A	123.891	37	10	10	123.891	1.11697e-14	1.75049e-12	1.11684e-14
14619	A	A	115.626	37	10	10	115.626	1.11678e-14	1.18691e-11	1.11673e-14
14620	A	A	113.753	37	10	10	113.753	1.11678e-14	1.82788e-11	1.11673e-14
14621	G	G	122.135	37	10	9	2.48388e-12	8.63253e-14	122.135	8.63296e-14
14622	G	G	123.22	37	9	9	6.89736e-13	6.89718e-13	123.22	6.89753e-13
14623	T	T	107.07	37	8	8	9.24516e-12	6.67837e-11	9.24559e-12	107.07
14624	T	T	93.2435	37	7	7	2.6601e-10	1.52592e-09	2.66021e-10	93.2435
14625	T	T	99.033	37	8	8	9.24516e-12	5.24115e-10	9.24558e-12	99.033
14626	G	G	96.2991	37	7	7	3.39435e-10	3.39428e-10	96.2991	3.39441e-10
14627	G	G	95.7841	37	7	7	3.82163e-10	3.82156e-10	95.7841	3.8217e-10
14628	T	T	78.6245	37	6	6	7.65388e-09	4.43045e-08	7.65415e-09	78.6245
14629	C	C	95.0029	37	7	7	4.57492e-10	95.0029	4.57475e-10	4.57483e-10
14630	C	C	89.5934	37	9	7	5.74689e-12	89.5934	5.74673e-12	4.75765e-09
14631	T	T	110.79	37	10	10	1.11676e-14	3.6185e-11	1.11684e-14	110.79
14632	A	A	155.717	37	11	11	155.717	3.88144e-16	3.88144e-16	3.88144e-16
14633	G	G	155.717	37	11	11	3.88144e-16	3.88144e-16	155.717	3.88144e-16
14634	C	C	135.65	37	11	10	3.84241e-15	135.65	3.84241e-15	1.10557e-13
14635	C	C	154.245	37	11	11	5.44812e-16	154.245	5.44812e-16	5.44812e-16
14636	T	T	158.187	37	12	12	1.35525e-17	6.3209e-16	1.35525e-17	158.187
14637	T	T	165.429	37	12	12	1.35525e-17	9.75782e-17	1.35525e-17	165.429
14638	C	C	169.526	37	12	12	1.6263e-17	169.526	1.6263e-17	1.6263e-17
14639	C	C	169.545	37	12	12	1.6263e-17	169.545	1.6263e-17	1.6263e-17
14640	C	C	140.51	37	10	10	1.28744e-14	140.51	1.2873e-14	1.28735e-14
14641	A	A	121.852	37	9	9	121.852	3.21331e-13	2.19275e-12	3.21315e-13
14642	T	T	126.537	37	9	9	3.21315e-13	3.21321e-13	3.21332e-13	126.537
14643	T	T	111.947	37	8	8	9.24554e-12	9.24584e-12	9.24627e-12	111.947
14644	A	A	111.947	37	8	8	111.947	9.24558e-12	9.24528e-12	9.24516e-12
14645	G	G	111.947	37	8	8	9.24529e-12	9.24513e-12	111.947	9.24549e-12
14646	A	A	111.947	37	8	8	111.947	9.24558e-12	9.24528e-12	9.24516e-12
14647	T	T	111.947	37	8	8	9.24516e-12	9.24532e-12	9.24559e-12	111.947
14648	A	A	111.947	37	8	8	111.947	9.24558e-12	9.24528e-12	9.24516e-12
14649	C	C	111.947	37	8	8	9.24557e-12	111.947	9.24516e-12	9.24538e-12
14650	T	T	120.491	37	9	9	3.21315e-13	3.23615e-12	3.21332e-13	120.491
14651	A	A	122.394	37	9	9	122.394	3.21331e-13	1.85994e-12	3.21315e-13
14652	A	A	115.878	37	9	9	115.878	3.21331e-13	1.05768e-11	3.21315e-13
14653	C	C	125.747	37	9	9	3.85483e-13	125.747	3.85464e-13	3.85474e-13
14654	A	A	113.24	37	9	9	113.24	3.21331e-13	1.99531e-11	3.21315e-13
14655	A	A	107.262	37	8	8	107.262	9.24559e-12	6.3092e-11	9.24516e-12
14656	G	G	124.892	37	9	9	4.69273e-13	4.69261e-13	124.892	4.69284e-13
14657	A	A	122.976	37	9	9	122.976	3.21333e-13	1.54582e-12	3.21316e-13
14658	T	T	119.361	37	10	10	1.11673e-14	5.00929e-12	1.11678e-14	119.361
14659	T	T	126.901	37	11	11	3.88144e-16	8.85733e-13	3.88144e-16	126.901
14660	A	A	150.839	37	11	11	150.839	3.88144e-16	2.80375e-15	3.88144e-16
14661	C	C	153.45	37	11	11	6.54316e-16	153.45	6.54316e-16	6.54316e-16
14662	A	A	137.242	37	10	10	137.242	1.11678e-14	5.96197e-14	1.11673e-14
14663	C	C	123.701	37	10	9	6.01884e-14	123.701	6.01862e-14	1.73176e-12
14664	A	A	151.368	37	11	11	151.368	3.88144e-16	2.39311e-15	3.88144e-16
14665	T	T	151.03	37	11	11	3.88144e-16	2.64952e-15	3.88415e-16	151.03
14666	G	G	155.637	37	12	11	1.10914e-15	3.90313e-17	155.637	3.84892e-17
14667	T	T	144.072	37	11	11	3.88144e-16	1.62286e-14	3.88144e-16	144.072
14668	A	A	155.717	37	11	11	155.717	3.88144e-16	3.88144e-16	3.88144e-16
14669	A	A	170.307	37	12	12	170.307	1.35525e-17	1.35525e-17	1.35525e-17
14670	G	G	184.896	37	13	13	5.42101e-19	5.42101e-19	184.896	5.42101e-19
14671	T	T	173.289	37	13	13	5.42101e-19	1.95156e-17	5.42101e-19	173.289
14672	C	C	183.354	37	13	13	5.42101e-19	183.354	5.42101e-19	5.42101e-19
14673	T	T	175.032	37	13	13	5.42101e-19	1.24683e-17	5.42101e-19	175.032
14674	C	C	184.279	37	13	13	5.42101e-19	184.279	5.42101e-19	5.42101e-19
14675	C	C	184.783	37	13	13	5.42101e-19	184.783	5.42101e-19	5.42101e-19
14676	G	G	166.964	37	13	12	8.13152e-17	3.25261e-18	166.964	3.25261e-18
14677	C	C	184.897	37	13	13	5.42101e-19	184.897	5.42101e-19	5.42101e-19
14678	G	G	154.658	37	11	11	4.94938e-16	4.94938e-16	154.658	4.9548e-16
14679	C	C	155.717	37	11	11	3.88144e-16	155.717	3.88144e-16	3.88144e-16
14680	T	T	141.127	37	10	10	1.11673e-14	1.11676e-14	1.11678e-14	141.127
14681	G	G	140.346	37	10	10	1.33677e-14	1.33671e-14	140.346	1.33682e-14
14682	C	C	141.127	37	10	10	1.11678e-14	141.127	1.11673e-14	1.11676e-14
14683	A	A	135.2	37	10	10	135.2	1.11678e-14	1.08824e-13	1.11673e-14
14684	G	G	126.537	37	9	9	3.2132e-13	3.21313e-13	126.537	3.21327e-13
14685	T	T	126.537	37	9	9	3.21315e-13	3.21321e-13	3.21332e-13	126.537
14686	G	G	140.417	37	10	10	1.31503e-14	1.31503e-14	140.417	1.31508e-14
14687	A	A	130.726	37	10	10	130.726	1.11678e-14	3.45103e-13	1.11673e-14
14688	A	A	123.053	37	10	10	123.053	1.11678e-14	2.12781e-12	1.11673e-14
14689	A	A	121.997	37	10	10	121.997	1.11681e-14	2.7199e-12	1.11676e-14
14690	A	A	119.607	37	10	10	119.607	1.11678e-14	4.73239e-12	1.11673e-14
14691	T	T	118.825	37	9	9	1.46274e-12	1.88566e-12	2.34364e-12	118.825
14692	G	G	110.303	37	8	8	1.35023e-11	1.3502e-11	110.303	1.35026e-11
14693	C	C	97.3576	37	7	7	2.66019e-10	97.3576	2.6601e-10	2.66014e-10
14694	C	C	97.3576	37	7	7	2.66019e-10	97.3576	2.6601e-10	2.66014e-10
14695	C	C	97.3576	37	7	7	2.66019e-10	97.3576	2.6601e-10	2.66014e-10
14696	T	T	97.3576	37	7	7	2.6601e-10	2.66013e-10	2.66021e-10	97.3576
14697	T	T	97.3576	37	7	7	2.6601e-10	2.66013e-10	2.66021e-10	97.3576
14698	T	T	97.3576	37	7	7	2.6601e-10	2.66013e-10	2.66021e-10	97.3576
14699	G	G	96.5958	37	7	7	3.17015e-10	3.17009e-10	96.5958	3.17022e-10
14700	G	G	71.8762	37	7	6	2.63623e-07	9.16207e-09	71.8762	9.16234e-09
14701	A	A	86.0474	37	7	7	86.0474	2.66021e-10	1.02586e-08	2.6601e-10
14702	C	C	97.3576	37	7	7	2.66019e-10	97.3576	2.6601e-10	2.66014e-10
14703	C	C	82.7677	37	6	6	7.65412e-09	82.7677	7.65387e-09	7.65399e-09
14704	T	T	82.7677	37	6	6	7.65388e-09	7.65397e-09	7.65415e-09	82.7677
14705	T	T	82.7677	37	6	6	7.65388e-09	7.65397e-09	7.65415e-09	82.7677
14706	A	A	42.4472	37	5	5	42.4472	2.20219e-07	0.000246775	2.20212e-07
14707	A	A	40.8436	37	5	5	40.8436	2.20213e-07	0.000357199	2.20206e-07
14708	A	A	35.8546	37	5	5	35.8546	2.20207e-07	0.00112776	2.20187e-07
14709	G	G	37.2029	37	4	3	0.000773302	2.68736e-05	37.2029	2.68739e-05
14710	C	C	23.4459	37	2	2	0.00655249	23.4459	0.00655242	0.00655245
14711	T	T	20.1023	37	2	2	0.00519773	0.0321473	0.00519779	20.1023
14712	A	A	24.4241	37	2	2	24.4241	0.00523013	0.00523009	0.00523007
14713	T	T	20.5618	37	2	2	0.00520288	0.0278491	0.00520294	20.5618
14714	C	C	37.3542	37	3	3	0.00026623	37.3542	0.000266226	0.000266228
14715	T	T	34.3143	37	3	3	0.000182256	0.00124391	0.000182259	34.3143
14716	G	G	38.0167	37	3	3	0.000228563	0.000228561	38.0167	0.000228565
14717	A	A	32.9541	37	3	3	32.9541	0.000182234	0.00183568	0.000182231
14718	A	A	38.9988	37	3	3	38.9988	0.000182304	0.000182302	0.000182301
14719	G	G	38.9988	37	3	3	0.000182303	0.000182301	38.9988	0.000182304
14720	G	G	38.9988	37	3	3	0.000182303	0.000182301	38.9988	0.000182304
14721	A	A	82.7677	37	6	6	82.7677	7.65415e-09	7.65399e-09	7.65389e-09
14722	G	G	97.3576	37	7	7	2.66015e-10	2.6601e-10	97.3576	2.6602e-10
14723	C	C	93.8775	37	7	7	5.92817e-10	93.8775	5.92796e-10	5.92806e-10
14724	G	G	111.947	37	8	8	9.24538e-12	9.24516e-12	111.947	9.24557e-12
14725	G	G	111.947	37	8	8	9.24538e-12	9.24516e-12	111.947	9.24557e-12
14726	G	G	111.947	37	8	8	9.24541e-12	9.24518e-12	111.947	9.24561e-12
14727	C	C	111.157	37	8	8	1.10913e-11	111.157	1.10909e-11	1.10911e-11
14728	A	A	111.947	37	8	8	111.947	9.24559e-12	9.24532e-12	9.24516e-12
14729	T	T	120.61	37	9	9	3.21315e-13	3.13117e-12	3.21331e-13	120.61
14730	C	C	100.778	37	9	8	1.17973e-11	100.778	1.17968e-11	3.39434e-10
14731	A	A	126.537	37	9	9	126.537	3.21332e-13	3.21321e-13	3.21315e-13
14732	A	A	126.537	37	9	9	126.537	3.21332e-13	3.21321e-13	3.21315e-13
14733	G	G	126.537	37	9	9	3.21323e-13	3.21314e-13	126.537	3.2133e-13
14734	C	C	126.537	37	9	9	3.21329e-13	126.537	3.21314e-13	3.21321e-13
14735	A	A	126.537	37	9	9	126.537	3.21332e-13	3.21321e-13	3.21315e-13
14736	C	C	126.537	37	9	9	3.21329e-13	126.537	3.21314e-13	3.21322e-13
14737	A	A	126.537	37	9	9	126.537	3.21332e-13	3.21321e-13	3.21315e-13
14738	C	C	126.537	37	9	9	3.21329e-13	126.537	3.21314e-13	3.21321e-13
14739	C	C	126.537	37	9	9	3.21329e-13	126.537	3.21314e-13	3.21321e-13
14740	T	T	135.2	37	10	10	1.11673e-14	1.08824e-13	1.11681e-14	135.2
14741	C	C	140.069	37	10	10	1.42502e-14	140.069	1.42491e-14	1.42497e-14
14742	T	T	137.013	37	10	10	1.11673e-14	6.40595e-14	1.11681e-14	137.013
14743	C	C	153.382	37	11	11	6.64616e-16	153.382	6.64616e-16	6.64616e-16
14744	C	C	154.041	37	11	11	5.70832e-16	154.041	5.70832e-16	5.70832e-16
14745	C	C	154.713	37	12	11	4.77049e-17	154.713	4.77049e-17	1.37152e-15
14746	C	C	153.89	37	11	11	5.91432e-16	153.89	5.9089e-16	5.9089e-16
14747	G	G	141.127	37	10	10	1.11676e-14	1.11673e-14	141.127	1.11678e-14
14748	C	C	140.365	37	10	10	1.33091e-14	140.365	1.3308e-14	1.33086e-14
14749	T	T	143.597	37	11	11	3.88144e-16	1.81954e-14	3.88144e-16	143.597
14750	A	A	151.574	37	11	11	151.574	3.88144e-16	2.24674e-15	3.88144e-16
14751	G	G	138.916	37	11	10	5.21133e-14	1.81062e-15	138.916	1.8117e-15
14752	C	C	154.955	37	11	11	4.62412e-16	154.955	4.62412e-16	4.62412e-16
14753	T	T	152.156	37	11	11	3.88144e-16	1.86727e-15	3.88144e-16	152.156
14754	T	T	149.671	37	11	11	3.87873e-16	3.90882e-15	3.88144e-16	149.671
14755	A	A	151.664	37	11	11	151.664	3.88144e-16	2.18467e-15	3.88144e-16
14756	T	T	151.368	37	11	11	3.88144e-16	2.39311e-15	3.88144e-16	151.368
14757	A	A	141.916	37	11	11	141.916	9.5464e-16	2.62632e-14	7.18284e-16
14758	A	A	142.941	37	11	11	142.941	3.88144e-16	2.12891e-14	3.88144e-16
14759	C	C	141.127	37	10	10	1.11678e-14	141.127	1.11673e-14	1.11676e-14
14760	G	G	96.116	37	10	8	1.05958e-09	1.27987e-12	96.116	1.2799e-12
14761	C	C	167.017	37	12	12	2.87314e-17	167.017	2.87314e-17	2.87314e-17
14762	C	C	138.375	37	11	10	2.05131e-15	138.375	2.05131e-15	5.90359e-14
14763	T	T	144.466	37	11	11	3.88144e-16	1.47549e-14	3.88144e-16	144.466
14764	T	T	144.985	37	11	11	3.88144e-16	1.30045e-14	3.88144e-16	144.985
14765	G	G	167.881	37	12	12	2.33103e-17	2.33103e-17	167.881	2.38524e-17
14766	C	C	154.733	37	11	11	4.86807e-16	154.733	4.86807e-16	4.86807e-16
14767	T	T	151.368	37	11	11	3.88144e-16	2.39311e-15	3.88144e-16	151.368
14768	T	T	136.984	37	10	10	1.11676e-14	6.46458e-14	1.11686e-14	136.984
14769	A	A	141.127	37	10	10	141.127	1.11678e-14	1.11676e-14	1.11673e-14
14770	G	G	155.717	37	11	11	3.88144e-16	3.88144e-16	155.717	3.88144e-16
14771	C	C	154.735	37	11	11	4.86807e-16	154.735	4.86807e-16	4.86807e-16
14772	C	C	138.916	37	11	10	1.8117e-15	138.916	1.8117e-15	5.21143e-14
14773	A	A	145.739	37	11	11	145.739	3.88144e-16	1.08081e-14	3.88144e-16
14774	C	C	155.007	37	11	11	4.56991e-16	155.007	4.56991e-16	4.56991e-16
14775	G	G	128.463	37	11	10	5.78537e-13	2.01054e-14	128.463	2.01076e-14
14776	C	C	155.717	37	11	11	3.88144e-16	155.717	3.88144e-16	3.88144e-16
14777	C	C	141.127	37	10	10	1.11678e-14	141.127	1.11673e-14	1.11676e-14
14778	C	C	126.537	37	9	9	3.21329e-13	126.537	3.21314e-13	3.21321e-13
14779	G	G	87.2471	37	8	7	7.65406e-09	2.66012e-10	87.2471	2.66021e-10
14780	C	C	111.947	37	8	8	9.24549e-12	111.947	9.24513e-12	9.24529e-12
14781	A	A	111.947	37	8	8	111.947	9.24559e-12	9.24532e-12	9.24516e-12
14782	C	C	111.947	37	8	8	9.24549e-12	111.947	9.24513e-12	9.24529e-12
14783	G	G	126.537	37	9	9	3.21324e-13	3.21315e-13	126.537	3.21332e-13
14784	G	G	141.127	37	10	10	1.11678e-14	1.11676e-14	141.127	1.11681e-14
14785	G	G	140.417	37	10	10	1.31503e-14	1.31497e-14	140.417	1.31508e-14
14786	A	A	131.149	37	10	10	131.149	1.11678e-14	3.10984e-13	1.11673e-14
14787	T	T	130.726	37	10	10	1.11673e-14	3.45103e-13	1.11681e-14	130.726
14788	A	A	101.726	37	10	9	101.726	1.36461e-12	2.9028e-10	2.53416e-13
14789	C	C	141.127	37	10	10	1.11678e-14	141.127	1.11673e-14	1.11676e-14
14790	A	A	133.654	37	11	11	133.654	3.88144e-16	1.86444e-13	3.88144e-16
14791	G	G	124.67	37	10	9	1.38562e-12	4.81559e-14	124.67	4.81581e-14
14792	C	C	110.229	37	8	8	1.37342e-11	110.229	1.37338e-11	1.37339e-11
14793	A	A	122.976	37	9	9	122.976	3.21332e-13	1.54583e-12	3.21315e-13
14794	G	G	125.158	37	9	9	4.41391e-13	4.41375e-13	125.158	4.41401e-13
14795	T	T	127.969	37	10	10	1.11673e-14	6.70972e-13	1.11678e-14	127.969
14796	G	G	138.497	37	10	10	2.04632e-14	2.04627e-14	138.497	2.04638e-14
14797	A	A	119.503	37	10	10	119.503	1.11678e-14	4.84685e-12	1.11673e-14
14798	T	T	122.484	37	9	9	3.21315e-13	1.80864e-12	3.21331e-13	122.484
14799	A	A	99.033	37	8	8	99.033	9.2456e-12	5.24119e-10	9.24516e-12
14800	A	A	107.833	37	8	8	107.833	9.24563e-12	5.30336e-11	9.24518e-12
14801	A	A	121.659	37	9	9	121.659	3.21332e-13	2.32108e-12	3.21315e-13
14802	A	A	149.79	37	11	11	149.79	3.88144e-16	3.78224e-15	3.88144e-16
14803	A	A	141.127	37	10	10	141.127	1.11678e-14	1.11676e-14	1.11673e-14
14804	T	T	115.956	37	10	10	1.11676e-14	1.09988e-11	1.11684e-14	115.956
14805	T	T	123.445	37	10	10	1.11673e-14	1.94252e-12	1.11678e-14	123.445
14806	A	A	141.127	37	10	10	141.127	1.11678e-14	1.11676e-14	1.11673e-14
14807	A	A	141.127	37	10	10	141.127	1.11678e-14	1.11676e-14	1.11673e-14
14808	G	G	155.717	37	11	11	3.88144e-16	3.88144e-16	155.717	3.88144e-16
14809	C	C	154.735	37	11	11	4.86807e-16	154.735	4.86807e-16	4.86807e-16
14810	C	C	154.858	37	11	11	4.73254e-16	154.858	4.73254e-16	4.73254e-16
14811	A	A	155.717	37	11	11	155.717	3.88144e-16	3.88144e-16	3.88144e-16
14812	T	T	151.832	37	11	11	3.87873e-16	2.07191e-15	3.88144e-16	151.832
14813	G	G	155.717	37	11	11	3.88144e-16	3.88144e-16	155.717	3.88144e-16
14814	A	A	155.717	37	11	11	155.717	3.88144e-16	3.88144e-16	3.88144e-16
14815	A	A	155.717	37	11	11	155.717	3.88144e-16	3.88144e-16	3.88144e-16
14816	C	C	155.717	37	11	11	3.88144e-16	155.717	3.88144e-16	3.88144e-16
14817	G	G	155.716	37	11	11	3.88144e-16	3.88144e-16	155.716	3.88144e-16
14818	A	A	155.717	37	11	11	155.717	3.88144e-16	3.88144e-16	3.88144e-16
14819	A	A	152.156	37	11	11	152.156	3.88144e-16	1.86727e-15	3.88144e-16
14820	A	A	145.852	37	11	11	145.852	3.88144e-16	1.05103e-14	3.88144e-16
14821	G	G	154.174	37	11	11	5.54027e-16	5.54027e-16	154.174	5.53485e-16
14822	T	T	155.717	37	11	11	3.88144e-16	3.88144e-16	3.88144e-16	155.717
14823	T	T	155.717	37	11	11	3.88144e-16	3.88144e-16	3.88144e-16	155.717
14824	C	C	141.127	37	10	10	1.11678e-14	141.127	1.11673e-14	1.11676e-14
14825	G	G	124.698	37	9	9	4.90798e-13	4.90784e-13	124.698	4.90809e-13
14826	A	A	120.575	37	10	10	120.575	1.11678e-14	3.78177e-12	1.11673e-14
14827	A	A	113.761	37	9	9	113.761	3.21332e-13	1.76249e-11	3.21315e-13
14828	T	T	107.599	37	8	8	9.24516e-12	5.70036e-11	9.24558e-12	107.599
14829	A	A	107.07	37	8	8	107.07	9.24563e-12	6.6784e-11	9.24518e-12
14830	C	C	111.238	37	8	8	1.08872e-11	111.238	1.08868e-11	1.08869e-11
14831	G	G	72.6573	37	7	6	2.20229e-07	7.65392e-09	72.6573	7.65414e-09
14832	C	C	110.374	37	8	8	1.32823e-11	110.374	1.32818e-11	1.32821e-11
14833	T	T	107.069	37	8	8	9.24737e-12	6.67867e-11	9.2495e-12	107.069
14834	A	A	111.947	37	8	8	111.947	9.24559e-12	9.2453e-12	9.24516e-12
14835	T	T	107.894	37	8	8	9.24516e-12	5.20401e-11	9.24559e-12	107.894
14836	G	G	111.186	37	8	8	1.10178e-11	1.10176e-11	111.186	1.10181e-11
14837	T	T	126.032	37	10	10	1.11673e-14	1.06046e-12	1.11678e-14	126.032
14838	T	T	128.559	37	10	10	1.11681e-14	5.82786e-13	1.11695e-14	128.559
14839	G	G	138.937	37	10	10	1.84927e-14	1.84922e-14	138.937	1.84932e-14
14840	A	A	137.074	37	10	10	137.074	1.11678e-14	6.28596e-14	1.11673e-14
14841	T	T	123.859	37	10	10	1.11673e-14	1.76379e-12	1.11681e-14	123.859
14842	T	T	136.778	37	10	10	1.11676e-14	6.88569e-14	1.11684e-14	136.778
14843	A	A	143.162	37	11	11	143.162	3.88144e-16	2.01916e-14	3.88144e-16
14844	A	A	159.906	37	12	12	159.906	1.35525e-17	4.16876e-16	1.35525e-17
14845	G	G	167.33	37	12	12	2.71051e-17	2.71051e-17	167.33	2.6563e-17
14846	G	G	165.068	37	13	12	1.26852e-16	4.33681e-18	165.068	4.33681e-18
14847	G	G	124.31	37	13	10	1.60963e-12	6.72205e-17	124.31	6.72205e-17
14848	T	T	157.778	37	13	13	5.42101e-19	7.23163e-16	5.42101e-19	157.778
14849	T	T	158.662	37	12	12	1.35525e-17	5.63785e-16	1.35525e-17	158.662
14850	G	G	155.717	37	11	11	3.88144e-16	3.88144e-16	155.717	3.88144e-16
14851	G	G	155.688	37	11	11	3.90313e-16	3.90042e-16	155.688	3.91397e-16
14852	T	T	145.483	37	11	11	3.88144e-16	1.15126e-14	3.88144e-16	145.483
14853	T	T	157.413	37	12	12	1.35525e-17	7.6111e-16	1.35525e-17	157.413
14854	A	A	170.307	37	12	12	170.307	1.35525e-17	1.35525e-17	1.35525e-17
14855	A	A	170.307	37	12	12	170.307	1.35525e-17	1.35525e-17	1.35525e-17
14856	T	T	166.253	37	12	12	1.35525e-17	7.58942e-17	1.35525e-17	166.253
14857	T	T	166.746	37	12	12	1.30104e-17	6.451e-17	1.30104e-17	166.746
14858	T	T	170.307	37	12	12	1.35525e-17	1.35525e-17	1.35525e-17	170.307
14859	C	C	170.307	37	12	12	1.35525e-17	170.307	1.35525e-17	1.35525e-17
14860	G	G	170.307	37	12	12	1.35525e-17	1.35525e-17	170.307	1.35525e-17
14861	T	T	170.306	37	12	12	1.35525e-17	1.35525e-17	1.35525e-17	170.306
14862	G	G	184.135	37	13	13	5.42101e-19	5.42101e-19	184.135	5.42101e-19
14863	C	C	183.838	37	13	13	5.42101e-19	183.838	5.42101e-19	5.42101e-19
14864	C	C	184.115	37	13	13	5.42101e-19	184.115	5.42101e-19	5.42101e-19
14865	A	A	178.969	37	13	13	178.969	5.42101e-19	4.33681e-18	5.42101e-19
14866	G	G	169.597	37	12	12	1.6263e-17	1.6263e-17	169.597	1.57209e-17
14867	C	C	170.307	37	12	12	1.35525e-17	170.307	1.35525e-17	1.35525e-17
14868	C	C	170.227	37	13	12	1.0842e-18	170.227	1.0842e-18	3.90313e-17
14869	A	A	180.211	37	13	13	180.211	5.42101e-19	3.25261e-18	5.42101e-19
14870	C	C	184.037	37	13	13	5.42101e-19	184.037	5.42101e-19	5.42101e-19
14871	C	C	144.816	37	12	11	4.66207e-16	144.816	4.66207e-16	1.33964e-14
14872	G	G	170.307	37	12	12	1.35525e-17	1.35525e-17	170.307	1.35525e-17
14873	C	C	183.252	37	13	13	5.42101e-19	183.252	5.42101e-19	5.42101e-19
14874	G	G	184.135	37	13	13	5.42101e-19	5.42101e-19	184.135	5.42101e-19
14875	G	G	182.372	37	14	13	2.1684e-18	0	182.372	0
14876	T	T	188.077	37	14	14	0	5.42101e-19	0	188.077
14877	T	T	188.827	37	14	14	0	5.42101e-19	0	188.827
14878	A	A	166.862	37	13	13	166.862	5.42101e-19	8.83625e-17	5.42101e-19
14879	T	T	181.012	37	13	13	5.42101e-19	2.1684e-18	5.42101e-19	181.012
14880	A	A	169.614	37	14	14	169.614	0	4.71628e-17	0
14881	C	C	153.947	37	12	11	5.63785e-17	153.947	5.63785e-17	1.63606e-15
14882	G	G	169.446	37	13	12	4.66207e-17	1.0842e-18	169.446	1.0842e-18
14883	A	A	180.019	37	13	13	180.019	5.42101e-19	3.25261e-18	5.42101e-19
14884	T	T	166.181	37	13	13	5.42101e-19	1.03541e-16	5.42101e-19	166.181
14885	T	T	159.726	37	12	12	1.35525e-17	4.35307e-16	1.35525e-17	159.726
14886	G	G	168.737	37	12	12	1.89735e-17	1.89735e-17	168.737	1.95156e-17
14887	A	A	158.897	37	12	12	158.897	1.35525e-17	5.32885e-16	1.35525e-17
14888	C	C	183.252	37	13	13	5.42101e-19	183.252	5.42101e-19	5.42101e-19
14889	C	C	182.269	37	13	13	1.0842e-18	182.269	1.0842e-18	1.0842e-18
14890	C	C	195.992	37	15	14	0	195.992	0	0
14891	G	G	213.217	37	15	15	0	0	213.217	0
14892	A	A	209.391	37	15	15	209.391	0	0	0
14893	G	G	227.021	37	16	16	0	0	227.021	0
14894	T	T	188.651	37	15	15	0	5.42101e-19	0	188.651
14895	T	T	204.135	37	15	15	0	0	0	204.135
14896	A	A	214.076	37	15	15	214.076	0	0	0
14897	A	A	210.515	37	15	15	210.515	0	0	0
14898	A	A	239.202	37	17	17	239.202	0	0	0
14899	A	A	239.142	37	17	17	239.142	0	0	0
14900	G	G	256.787	37	18	18	0	0	256.787	0
14901	G	G	270.862	37	19	19	0	0	270.862	0
14902	C	C	254.677	37	18	18	0	254.677	0	0
14903	C	C	256.196	37	18	18	0	256.196	0	0
14904	C	C	235.208	37	19	17	0	235.208	0	0
14905	T	T	261.125	37	19	19	0	0	0	261.125
14906	C	C	271.654	37	19	19	0	271.654	0	0
14907	G	G	270.203	37	20	19	0	0	270.203	0
14908	G	G	271.422	37	20	19	0	0	271.422	0
14909	C	C	271.654	37	19	19	0	271.654	0	0
14910	G	G	271.412	37	19	19	0	0	271.412	0
14911	T	T	274.905	37	20	20	0	0	0	274.905
14912	A	A	268.382	37	19	19	268.382	0	0	0
14913	A	A	282.911	37	20	20	282.911	0	0	0
14914	A	A	275.715	37	20	20	275.715	0	0	0
14915	G	G	271.422	37	20	19	0	0	271.422	0
14916	C	C	271.674	37	19	19	0	271.674	0	0
14917	G	G	270.743	37	19	19	0	0	270.743	0
14918	G	G	284.59	37	20	20	0	0	284.59	0
14919	G	G	255.635	37	19	18	0	0	255.635	0
14920	T	T	268.321	37	19	19	0	0	0	268.321
14921	G	G	269.464	37	19	19	0	0	269.464	0
14922	A	A	240.61	37	18	18	240.61	0	0	0
14923	A	A	239.583	37	18	18	239.583	0	0	0
14924	A	A	238.072	37	18	18	238.072	0	0	0
14925	G	G	239.699	37	18	17	0	0	239.699	0
14926	A	A	215.89	37	16	16	215.89	0	0	0
14927	G	G	216.353	37	17	16	0	0	216.353	0
14928	A	A	224.153	37	17	17	224.153	0	0	0
14929	A	A	236.906	37	18	18	236.906	0	0	0
14930	A	A	224.485	37	17	17	224.485	0	0	0
14931	G	G	225.47	37	17	16	0	0	225.47	0
14932	T	T	210.023	37	15	15	0	0	0	210.023
14933	C	C	226.404	37	16	16	0	226.404	0	0
14934	T	T	229.67	37	17	17	0	0	0	229.67
14935	C	C	224.57	37	17	16	0	224.57	0	0
14936	C	C	209.827	37	16	15	0	209.827	0	0
14937	C	C	226.335	37	16	16	0	226.335	0	0
14938	T	T	204.098	37	15	15	0	0	0	204.098
14939	A	A	203	37	15	15	203	0	0	0
14940	C	C	212.795	37	16	15	0	212.795	0	0
14941	T	T	202.469	37	15	15	0	0	0	202.469
14942	T	T	203.496	37	15	15	0	0	0	203.496
14943	A	A	193.579	37	15	15	193.579	0	0	0
14944	A	A	187.58	37	14	14	187.58	0	5.42101e-19	0
14945	G	G	196.931	37	14	14	0	0	196.931	0
14946	T	T	184.897	37	13	13	5.42101e-19	5.42101e-19	5.42101e-19	184.897
14947	T	T	178.85	37	13	13	0	4.33681e-18	0	178.85
14948	A	A	181.336	37	13	13	181.336	5.42101e-19	2.1684e-18	5.42101e-19
14949	T	T	180.548	37	13	13	5.42101e-19	2.71051e-18	5.42101e-19	180.548
14950	A	A	174.532	37	13	13	174.532	5.42101e-19	1.40946e-17	5.42101e-19
14951	G	G	183.048	37	13	13	1.0842e-18	1.0842e-18	183.048	5.42101e-19
14952	T	T	184.897	37	13	13	5.42101e-19	5.42101e-19	5.42101e-19	184.897
14953	T	T	170.307	37	12	12	1.35525e-17	1.35525e-17	1.35525e-17	170.307
14954	T	T	170.307	37	12	12	1.35525e-17	1.35525e-17	1.35525e-17	170.307
14955	A	A	152.156	37	11	11	152.156	3.88144e-16	1.86727e-15	3.88144e-16
14956	A	A	145.852	37	11	11	145.852	3.88144e-16	1.05103e-14	3.88144e-16
14957	T	T	164.38	37	12	12	1.35525e-17	1.31188e-16	1.35525e-17	164.38
14958	C	C	182.265	37	13	13	1.0842e-18	182.265	1.0842e-18	1.0842e-18
14959	C	C	196.073	37	14	14	0	196.073	0	0
14960	A	A	172.12	37	13	13	172.12	5.42101e-19	2.54788e-17	5.42101e-19
14961	G	G	169.525	37	12	12	1.6263e-17	1.6263e-17	169.525	1.6263e-17
14962	C	C	168.927	37	12	12	1.84314e-17	168.927	1.84314e-17	1.84314e-17
14963	T	T	172.776	37	13	13	5.42101e-19	2.1684e-17	5.42101e-19	172.776
14964	G	G	169.447	37	12	12	1.68051e-17	1.68051e-17	169.447	1.6263e-17
14965	T	T	166.193	37	12	12	1.35525e-17	7.75205e-17	1.35525e-17	166.193
14966	A	A	157.275	37	12	12	157.275	1.35525e-17	7.86589e-16	1.35525e-17
14967	A	A	138.437	37	11	11	138.437	3.88144e-16	6.14618e-14	3.88144e-16
14968	A	A	136.979	37	11	11	136.979	3.88144e-16	8.62979e-14	3.88144e-16
14969	A	A	142.282	37	12	12	142.282	1.35525e-17	2.56517e-14	1.35525e-17
14970	A	A	135.904	37	11	11	135.904	3.88144e-16	1.10747e-13	3.88144e-16
14971	G	G	121.178	37	11	9	3.30354e-12	3.98986e-15	121.178	3.99095e-15
14972	C	C	125.775	37	9	9	3.8294e-13	125.775	3.82917e-13	3.82931e-13
14973	T	T	122.976	37	9	9	3.21315e-13	1.54583e-12	3.21332e-13	122.976
14974	A	A	126.537	37	9	9	126.537	3.2138e-13	3.2135e-13	3.21343e-13
14975	T	T	121.852	37	9	9	3.21315e-13	2.19277e-12	3.21332e-13	121.852
14976	C	C	125.678	37	9	9	3.91647e-13	125.678	3.91625e-13	3.91638e-13
14977	A	A	126.537	37	9	9	126.537	3.21331e-13	3.21318e-13	3.21315e-13
14978	G	G	125.827	37	9	9	3.78373e-13	3.78367e-13	125.827	3.78382e-13
14979	T	T	135.2	37	10	10	1.1167e-14	1.08825e-13	1.11678e-14	135.2
14980	A	A	136.778	37	10	10	136.778	1.11678e-14	6.8855e-14	1.11673e-14
14981	A	A	151.031	37	11	11	151.031	3.88144e-16	2.64898e-15	3.88144e-16
14982	C	C	153.897	37	11	11	5.90348e-16	153.897	5.90348e-16	5.90348e-16
14983	A	A	141.127	37	10	10	141.127	1.11678e-14	1.11673e-14	1.11673e-14
14984	C	C	140.365	37	10	10	1.33091e-14	140.365	1.3308e-14	1.33086e-14
14985	T	T	143.597	37	11	11	3.87873e-16	1.81954e-14	3.88144e-16	143.597
14986	A	A	151.832	37	11	11	151.832	3.88144e-16	2.07218e-15	3.88144e-16
14987	A	A	151.574	37	11	11	151.574	3.88144e-16	2.24674e-15	3.88144e-16
14988	A	A	151.368	37	11	11	151.368	3.88144e-16	2.39311e-15	3.88144e-16
14989	A	A	159.231	37	12	12	159.231	1.35525e-17	4.91686e-16	1.35525e-17
14990	T	T	165.621	37	12	12	1.35525e-17	9.21572e-17	1.35525e-17	165.621
14991	A	A	151.368	37	11	11	151.368	3.88144e-16	2.39311e-15	3.88144e-16
14992	A	A	151.031	37	11	11	151.031	3.88144e-16	2.64871e-15	3.88144e-16
14993	G	G	152.745	37	11	11	7.69241e-16	7.69241e-16	152.745	7.69241e-16
14994	C	C	167.017	37	12	12	2.87314e-17	167.017	2.87314e-17	2.87314e-17
14995	T	T	163.08	37	13	13	5.42101e-19	2.12504e-16	5.42101e-19	163.08
14996	A	A	187.157	37	14	14	187.157	0	5.42101e-19	0
14997	A	A	184.251	37	14	14	184.251	0	1.6263e-18	0
14998	G	G	170.307	37	12	12	1.35525e-17	1.35525e-17	170.307	1.35525e-17
14999	A	A	166.422	37	12	12	166.422	1.35525e-17	7.20994e-17	1.35525e-17
15000	C	C	169.69	37	12	12	1.57209e-17	169.69	1.57209e-17	1.57209e-17
15001	A	A	159.648	37	12	12	159.648	1.35525e-17	4.43981e-16	1.35525e-17
15002	G	G	168.534	37	12	12	2.05998e-17	2.05998e-17	168.534	2.00577e-17
15003	T	T	170.307	37	12	12	1.35525e-17	1.35525e-17	1.35525e-17	170.307
15004	G	G	168.615	37	12	12	1.95156e-17	1.95156e-17	168.615	2.00577e-17
15005	A	A	157.275	37	12	12	157.275	1.35525e-17	7.86589e-16	1.35525e-17
15006	C	C	154.936	37	11	11	4.64581e-16	154.936	4.64581e-16	4.64581e-16
15007	T	T	157.392	37	12	12	1.30104e-17	7.64363e-16	1.30104e-17	157.392
15008	T	T	159.658	37	12	12	1.35525e-17	4.42897e-16	1.35525e-17	159.658
15009	T	T	151.368	37	11	11	3.88144e-16	2.39311e-15	3.88144e-16	151.368
15010	A	A	156.582	37	12	12	156.582	1.35525e-17	9.26993e-16	1.35525e-17
15011	A	A	143.459	37	11	11	143.459	3.88144e-16	1.88055e-14	3.88144e-16
15012	T	T	136.778	37	10	10	1.11673e-14	6.88552e-14	1.11678e-14	136.778
15013	G	G	139.729	37	10	10	1.54092e-14	1.54087e-14	139.729	1.54098e-14
15014	C	C	140.417	37	10	10	1.31508e-14	140.417	1.31503e-14	1.31503e-14
15015	T	T	149.79	37	11	11	3.88144e-16	3.78224e-15	3.88144e-16	149.79
15016	C	C	140.069	37	10	10	1.42502e-14	140.069	1.42491e-14	1.42497e-14
15017	T	T	137.013	37	10	10	1.11673e-14	6.40595e-14	1.11681e-14	137.013
15018	C	C	125.775	37	9	9	3.82937e-13	125.775	3.82917e-13	3.82927e-13
15019	A	A	120.491	37	9	9	120.491	3.21333e-13	3.23615e-12	3.21316e-13
15020	A	A	111.947	37	8	8	111.947	9.24559e-12	9.2453e-12	9.24516e-12
15021	C	C	111.947	37	8	8	9.24553e-12	111.947	9.24514e-12	9.24534e-12
15022	C	C	150.854	37	11	11	1.18937e-15	150.854	1.18937e-15	1.18937e-15
15023	A	A	151.664	37	11	11	151.664	3.88144e-16	2.18467e-15	3.88144e-16
15024	C	C	137.276	37	11	10	2.6422e-15	137.276	2.6422e-15	7.6034e-14
15025	A	A	150.839	37	11	11	150.839	3.88144e-16	2.80375e-15	3.88144e-16
15026	C	C	136.419	37	11	10	3.219e-15	136.419	3.219e-15	9.26169e-14
15027	G	G	154.165	37	11	11	5.54569e-16	5.54569e-16	154.165	5.55112e-16
15028	A	A	144.763	37	11	11	144.763	3.88144e-16	1.37271e-14	3.88144e-16
15029	T	T	151.368	37	11	11	3.88144e-16	2.39311e-15	3.88144e-16	151.368
15030	A	A	140.482	37	11	11	140.482	3.88144e-16	3.80921e-14	3.88144e-16
15031	G	G	141.127	37	10	10	1.11676e-14	1.11673e-14	141.127	1.11678e-14
15032	C	C	140.145	37	10	10	1.40019e-14	140.145	1.40014e-14	1.40019e-14
15033	T	T	136.778	37	10	10	1.11673e-14	6.88552e-14	1.11678e-14	136.778
15034	A	A	141.127	37	10	10	141.127	1.11678e-14	1.11676e-14	1.11673e-14
15035	A	A	136.956	37	10	10	136.956	1.21479e-14	6.36676e-14	1.17205e-14
15036	G	G	154.926	37	11	11	4.65665e-16	4.65665e-16	154.926	4.65665e-16
15037	A	A	145.483	37	11	11	145.483	3.88144e-16	1.15126e-14	3.88144e-16
15038	T	T	157.148	37	12	12	1.35525e-17	8.10441e-16	1.35525e-17	157.148
15039	C	C	153.403	37	12	11	6.39679e-17	153.403	6.39679e-17	1.85507e-15
15040	C	C	154.226	37	11	11	5.4698e-16	154.226	5.4698e-16	5.4698e-16
15041	A	A	143.162	37	11	11	143.162	3.88144e-16	2.01919e-14	3.88144e-16
15042	A	A	151.574	37	11	11	151.574	3.88144e-16	2.24674e-15	3.88144e-16
15043	A	A	145.482	37	11	11	145.482	3.88144e-16	1.15137e-14	3.88144e-16
15044	C	C	154.858	37	11	11	4.73254e-16	154.858	4.73254e-16	4.73254e-16
15045	T	T	157.413	37	12	12	1.35525e-17	7.60568e-16	1.35525e-17	157.413
15046	G	G	139.604	37	11	10	4.44826e-14	1.54607e-15	139.604	1.54607e-15
15047	G	G	140.904	37	11	10	3.29766e-14	1.14654e-15	140.904	1.146e-15
15048	G	G	123.701	37	10	9	1.73178e-12	6.01862e-14	123.701	6.01895e-14
15049	A	A	136.984	37	10	10	136.984	1.11684e-14	6.46426e-14	1.11676e-14
15050	T	T	141.127	37	10	10	1.11673e-14	1.11676e-14	1.11678e-14	141.127
15051	T	T	141.11	37	10	10	1.12014e-14	1.12055e-14	1.12266e-14	141.11
15052	A	A	142.685	37	11	11	142.685	3.88144e-16	2.26268e-14	3.88144e-16
15053	C	C	124.767	37	10	9	4.70858e-14	124.767	4.70847e-14	1.35477e-12
15054	A	A	129.833	37	10	10	129.833	1.11678e-14	4.2897e-13	1.11673e-14
15055	G	G	119.118	37	11	9	5.30758e-12	6.41089e-15	119.118	6.41089e-15
15056	A	A	129.598	37	10	10	129.598	1.11681e-14	4.54073e-13	1.11673e-14
15057	C	C	140.268	37	10	10	1.36116e-14	140.268	1.36105e-14	1.36111e-14
15058	C	C	125.747	37	9	9	3.85478e-13	125.747	3.85462e-13	3.85468e-13
15059	C	C	125.827	37	9	9	3.78382e-13	125.827	3.78367e-13	3.78373e-13
15060	C	C	111.947	37	8	8	9.24545e-12	111.947	9.24512e-12	9.24525e-12
15061	A	A	111.947	37	8	8	111.947	9.2456e-12	9.24534e-12	9.24516e-12
15062	C	C	111.947	37	8	8	9.24545e-12	111.947	9.24512e-12	9.24525e-12
15063	T	T	111.947	37	8	8	9.24516e-12	9.24526e-12	9.24557e-12	111.947
15064	A	A	102.006	37	8	8	102.006	9.2456e-12	2.55135e-10	9.24516e-12
15065	T	T	111.947	37	8	8	9.24516e-12	9.24526e-12	9.24557e-12	111.947
15066	G	G	107.108	37	9	8	7.90317e-11	2.74668e-12	107.108	2.7468e-12
15067	C	C	110.889	37	8	8	1.17972e-11	110.889	1.17968e-11	1.1797e-11
15068	T	T	107.833	37	8	8	9.24516e-12	5.30331e-11	9.24558e-12	107.833
15069	T	T	93.3042	37	7	7	2.66011e-10	1.49734e-09	2.66022e-10	93.3042
15070	A	A	78.6537	37	6	6	78.6537	7.65415e-09	4.39051e-08	7.65389e-09
15071	G	G	81.7092	37	6	6	9.76652e-09	9.76633e-09	81.7092	9.76667e-09
15072	C	C	82.7678	37	6	6	7.65408e-09	82.7678	7.65386e-09	7.65396e-09
15073	C	C	68.1779	37	5	5	2.2023e-07	68.1779	2.20224e-07	2.20227e-07
15074	T	T	68.1779	37	5	5	2.20224e-07	2.20226e-07	2.20231e-07	68.1779
15075	T	T	68.1779	37	5	5	2.20224e-07	2.20226e-07	2.20231e-07	68.1779
15076	A	A	68.1779	37	5	5	68.1779	2.20231e-07	2.20227e-07	2.20224e-07
15077	A	A	68.1774	37	5	5	68.1774	2.20265e-07	2.20249e-07	2.20244e-07
15078	A	A	68.1779	37	5	5	68.1779	2.20231e-07	2.20227e-07	2.20224e-07
15079	C	C	68.1779	37	5	5	2.2023e-07	68.1779	2.20224e-07	2.20227e-07
15080	A	A	68.1779	37	5	5	68.1779	2.20231e-07	2.20227e-07	2.20224e-07
15081	T	T	68.1779	37	5	5	2.20224e-07	2.20226e-07	2.20231e-07	68.1779
15082	A	A	93.4726	37	7	7	93.4726	2.66021e-10	1.42016e-09	2.6601e-10
15083	A	A	93.2142	37	7	7	93.2142	2.66029e-10	1.53984e-09	2.66015e-10
15084	A	A	107.598	37	8	8	107.598	9.24932e-12	5.70061e-11	9.24734e-12
15085	T	T	92.9646	37	8	8	9.24516e-12	2.17595e-09	9.24559e-12	92.9646
15086	A	A	120.491	37	9	9	120.491	3.21331e-13	3.23614e-12	3.21315e-13
15087	A	A	111.947	37	8	8	111.947	9.24559e-12	9.2453e-12	9.24516e-12
15088	T	T	111.711	37	10	10	1.11673e-14	2.92645e-11	1.11681e-14	111.711
15089	T	T	121.19	37	10	10	1.11673e-14	3.27999e-12	1.11678e-14	121.19
15090	C	C	138.948	37	10	10	1.84455e-14	138.948	1.84444e-14	1.8445e-14
15091	C	C	123.169	37	10	9	6.80304e-14	123.169	6.80283e-14	1.9574e-12
15092	T	T	136.776	37	11	11	3.88144e-16	9.04694e-14	3.88144e-16	136.776
15093	T	T	151.031	37	11	11	3.88144e-16	2.64871e-15	3.88144e-16	151.031
15094	A	A	123.168	37	10	10	123.168	1.11678e-14	2.07185e-12	1.11673e-14
15095	A	A	120.854	37	10	10	120.854	1.11678e-14	3.5457e-12	1.11673e-14
15096	A	A	115.583	37	9	9	115.583	3.21331e-13	1.13644e-11	3.21315e-13
15097	C	C	139.482	37	10	10	1.63102e-14	139.482	1.63091e-14	1.63097e-14
15098	A	A	125.892	37	10	10	125.892	1.11678e-14	1.09601e-12	1.11673e-14
15099	A	A	141.127	37	10	10	141.127	1.11678e-14	1.11676e-14	1.11673e-14
15100	A	A	151.832	37	11	11	151.832	3.88144e-16	2.07218e-15	3.88144e-16
15101	A	A	166.163	37	12	12	166.163	1.35525e-17	7.80626e-17	1.35525e-17
15102	T	T	148.26	37	13	13	0	6.48136e-15	0	148.26
15103	T	T	151.704	37	13	13	0	2.93222e-15	0	151.704
15104	A	A	178.85	37	13	13	178.85	5.42101e-19	4.87891e-18	5.42101e-19
15105	T	T	159.906	37	12	12	1.35525e-17	4.16876e-16	1.35525e-17	159.906
15106	T	T	166.422	37	12	12	1.35525e-17	7.20994e-17	1.35525e-17	166.422
15107	C	C	170.307	37	12	12	1.35525e-17	170.307	1.35525e-17	1.35525e-17
15108	G	G	169.568	37	12	12	1.6263e-17	1.6263e-17	169.568	1.6263e-17
15109	C	C	170.084	37	13	12	1.0842e-18	170.084	1.0842e-18	4.01155e-17
15110	C	C	183.838	37	13	13	5.42101e-19	183.838	5.42101e-19	5.42101e-19
15111	A	A	173.603	37	13	13	173.603	5.42101e-19	1.78893e-17	5.42101e-19
15112	G	G	182.47	37	13	13	5.42101e-19	5.42101e-19	182.47	1.0842e-18
15113	A	A	159.425	37	12	12	159.425	1.35525e-17	4.68917e-16	1.35525e-17
15114	G	G	154.732	37	12	11	1.36501e-15	4.66207e-17	154.732	4.77049e-17
15115	A	A	151.603	37	11	11	151.603	3.88144e-16	2.22641e-15	3.88144e-16
15116	A	A	150.839	37	11	11	150.839	3.88144e-16	2.80375e-15	3.88144e-16
15117	C	C	155.717	37	11	11	3.88144e-16	155.717	3.88144e-16	3.88144e-16
15118	T	T	159.852	37	13	13	5.42101e-19	4.48318e-16	5.42101e-19	159.852
15119	A	A	184.897	37	13	13	184.897	5.42101e-19	5.42101e-19	5.42101e-19
15120	C	C	195.491	37	14	14	0	195.491	0	0
15121	T	T	177.732	37	15	15	0	7.58942e-18	0	177.732
15122	A	A	214.076	37	15	15	214.076	0	0	0
15123	G	G	214.076	37	15	15	0	0	214.076	0
15124	C	C	225.714	37	16	16	0	225.714	0	0
15125	A	A	228.666	37	16	16	228.666	0	0	0
15126	A	A	228.666	37	16	16	228.666	0	0	0
15127	C	C	227.904	37	16	16	0	227.904	0	0
15128	A	A	218.265	37	16	16	218.265	0	0	0
15129	G	G	240.989	37	17	17	0	0	240.989	0
15130	C	C	255.29	37	18	18	0	255.29	0	0
15131	T	T	245.939	37	18	18	0	0	0	245.939
15132	T	T	232.541	37	17	17	0	0	0	232.541
15133	A	A	222.71	37	17	17	222.71	0	0	0
15134	A	A	231.884	37	17	17	231.884	0	0	0
15135	A	A	229.29	37	17	17	229.29	0	0	0
15136	A	A	222.738	37	16	16	222.738	0	0	0
15137	C	C	212.605	37	15	15	0	212.605	0	0
15138	T	T	210.515	37	15	15	0	0	0	210.515
15139	C	C	214.076	37	15	15	0	214.076	0	0
15140	A	A	202.603	37	16	16	202.603	0	0	0
15141	A	A	199.29	37	16	16	199.29	0	0	0
15142	A	A	192.698	37	15	15	192.698	0	0	0
15143	G	G	196.859	37	14	14	0	0	196.859	0
15144	G	G	168.993	37	13	12	5.09575e-17	2.1684e-18	168.993	2.1684e-18
15145	A	A	159.804	37	12	12	159.804	1.35525e-17	4.27176e-16	1.35525e-17
15146	C	C	170.307	37	12	12	1.35525e-17	170.307	1.35525e-17	1.35525e-17
15147	T	T	170.306	37	12	12	1.35525e-17	1.35525e-17	1.35525e-17	170.306
15148	T	T	170.306	37	12	12	1.35525e-17	1.35525e-17	1.35525e-17	170.306
15149	G	G	140.365	37	10	10	1.33086e-14	1.3308e-14	140.365	1.33086e-14
15150	G	G	115.645	37	10	9	1.10687e-11	3.84665e-13	115.645	3.84711e-13
15151	C	C	154.072	37	11	11	5.67038e-16	154.072	5.67038e-16	5.67038e-16
15152	G	G	168.733	37	12	12	1.89735e-17	1.89735e-17	168.733	1.95156e-17
15153	G	G	155.717	37	11	11	3.88144e-16	3.88144e-16	155.717	3.88144e-16
15154	T	T	144.726	37	11	11	3.88144e-16	1.3852e-14	3.88144e-16	144.726
15155	G	G	155.717	37	11	11	3.88144e-16	3.88144e-16	155.717	3.88144e-16
15156	C	C	155.007	37	11	11	4.56991e-16	155.007	4.56991e-16	4.56991e-16
15157	T	T	155.717	37	11	11	3.88144e-16	3.88144e-16	3.88144e-16	155.717
15158	T	T	164.38	37	12	12	1.35525e-17	1.31188e-16	1.35525e-17	164.38
15159	T	T	165.429	37	12	12	1.35525e-17	9.75782e-17	1.35525e-17	165.429
15160	A	A	141.326	37	12	12	141.326	1.35525e-17	3.19764e-14	1.35525e-17
15161	A	A	135.089	37	11	11	135.089	3.88144e-16	1.33768e-13	3.88144e-16
15162	A	A	128.798	37	10	10	128.798	1.11678e-14	5.505e-13	1.11673e-14
15163	C	C	153.97	37	11	11	5.83843e-16	153.97	5.76253e-16	5.81132e-16
15164	C	C	110.177	37	9	8	1.35482e-12	110.177	1.35476e-12	3.89812e-11
15165	C	C	138.694	37	10	10	1.95547e-14	138.694	1.95536e-14	1.95541e-14
15166	T	T	134.223	37	11	11	3.88144e-16	1.63462e-13	3.88144e-16	134.223
15167	C	C	132.49	37	12	10	2.94903e-16	132.49	2.94903e-16	2.44195e-13
15168	C	C	180.643	37	13	13	1.0842e-18	180.643	1.0842e-18	1.0842e-18
15169	T	T	163.748	37	14	14	0	1.8323e-16	0	163.748
15170	A	A	200.917	37	15	15	200.917	0	0	0
15171	G	G	183.127	37	14	13	2.1684e-18	0	183.127	0
15172	A	A	193.403	37	14	14	193.403	0	0	0
15173	G	G	184.897	37	13	13	5.42101e-19	5.42101e-19	184.897	5.42101e-19
15174	G	G	198.869	37	14	14	0	0	198.869	0
15175	A	A	182.151	37	14	14	182.151	0	2.71051e-18	0
15176	G	G	180.84	37	14	13	3.25261e-18	0	180.84	0
15177	C	C	179.675	37	14	13	1.0842e-18	179.675	3.25261e-18	1.0842e-18
15178	C	C	211.721	37	15	15	0	211.721	0	0
15179	T	T	200.49	37	15	15	0	0	0	200.49
15180	G	G	174.786	37	14	13	1.30104e-17	0	174.786	0
15181	T	T	180.422	37	14	14	0	3.79471e-18	0	180.422
15182	T	T	181.843	37	14	14	0	2.71051e-18	0	181.843
15183	C	C	211.124	37	15	15	0	211.124	0	0
15184	T	T	203.195	37	15	15	0	0	0	203.195
15185	G	G	212.158	37	15	15	0	0	212.158	0
15186	T	T	210.023	37	15	15	0	0	0	210.023
15187	A	A	179.402	37	14	13	179.402	2.1684e-18	3.25261e-18	0
15188	A	A	184.897	37	13	13	184.897	5.42101e-19	5.42101e-19	5.42101e-19
15189	T	T	184.897	37	13	13	5.42101e-19	5.42101e-19	5.42101e-19	184.897
15190	C	C	197.841	37	14	14	0	197.841	0	0
15191	G	G	197.995	37	14	14	0	0	197.995	0
15192	A	A	187.842	37	14	14	187.842	0	5.42101e-19	0
15193	T	T	195.341	37	14	14	0	0	0	195.341
15194	A	A	180.211	37	13	13	180.211	5.42101e-19	3.25261e-18	5.42101e-19
15195	A	A	178.85	37	13	13	178.85	5.42101e-19	4.87891e-18	5.42101e-19
15196	A	A	170.222	37	12	12	170.222	1.40946e-17	1.35525e-17	1.35525e-17
15197	C	C	183.252	37	13	13	5.42101e-19	183.252	5.42101e-19	5.42101e-19
15198	C	C	196.859	37	14	14	0	196.859	0	0
15199	C	C	197.645	37	14	14	0	197.645	0	0
15200	C	C	177.475	37	15	13	0	177.475	0	7.58942e-18
15201	G	G	188.517	37	15	14	0	0	188.517	0
15202	A	A	209.391	37	15	15	209.391	0	0	0
15203	T	T	210.023	37	15	15	0	0	0	210.023
15204	A	A	204.098	37	15	15	204.098	0	0	0
15205	G	G	226.335	37	16	16	0	0	226.335	0
15206	A	A	209.847	37	16	16	209.847	0	0	0
15207	C	C	211.104	37	16	15	0	211.104	0	0
15208	C	C	212.664	37	15	15	0	212.664	0	0
15209	T	T	195.601	37	14	14	0	0	0	195.601
15210	C	C	184.817	37	14	13	0	184.817	0	1.0842e-18
15211	A	A	199.486	37	14	14	199.486	0	0	0
15212	C	C	198.627	37	14	14	0	198.627	0	0
15213	C	C	211.641	37	15	15	0	211.641	0	0
15214	A	A	214.076	37	15	15	214.076	0	0	0
15215	C	C	213.217	37	15	15	0	213.217	0	0
15216	C	C	213.286	37	15	15	0	213.286	0	0
15217	G	G	214.076	37	15	15	0	0	214.076	0
15218	C	C	214.076	37	15	15	0	214.076	0	0
15219	T	T	222.62	37	16	16	0	0	0	222.62
15220	T	T	223.98	37	16	16	0	0	0	223.98
15221	G	G	228.049	37	16	16	0	0	228.049	0
15222	C	C	224.58	37	17	16	0	224.58	0	0
15223	T	T	231.946	37	17	17	0	0	0	231.946
15224	A	A	224.192	37	17	17	224.192	0	0	0
15225	A	A	236.222	37	18	18	236.222	0	0	0
15226	T	T	232.374	37	17	17	0	0	0	232.374
15227	T	T	224.552	37	16	16	0	0	0	224.552
15228	C	C	213.314	37	15	15	0	213.314	0	0
15229	G	G	194.803	37	15	14	0	0	194.803	0
15230	G	G	209.136	37	16	15	0	0	209.136	0
15231	T	T	209.391	37	15	15	0	0	0	209.391
15232	C	C	184.033	37	13	13	5.42101e-19	184.033	5.42101e-19	5.42101e-19
15233	T	T	180.753	37	13	13	5.42101e-19	2.71051e-18	5.42101e-19	180.753
15234	A	A	173.525	37	13	13	173.525	5.42101e-19	1.84314e-17	5.42101e-19
15235	T	T	180.211	37	13	13	5.42101e-19	3.25261e-18	5.42101e-19	180.211
15236	A	A	164.379	37	12	12	164.379	1.35525e-17	1.31188e-16	1.35525e-17
15237	T	T	151.574	37	11	11	3.88144e-16	2.24674e-15	3.88144e-16	151.574
15238	A	A	151.664	37	11	11	151.664	3.88144e-16	2.18467e-15	3.88144e-16
15239	C	C	155.717	37	11	11	3.88144e-16	155.717	3.88144e-16	3.88144e-16
15240	C	C	155.712	37	11	11	3.88686e-16	155.712	3.88415e-16	3.88415e-16
15241	G	G	140.904	37	11	10	3.29738e-14	1.146e-15	140.904	1.146e-15
15242	C	C	141.127	37	10	10	1.11678e-14	141.127	1.11673e-14	1.11676e-14
15243	C	C	141.127	37	10	10	1.11678e-14	141.127	1.11673e-14	1.11676e-14
15244	A	A	166.163	37	12	12	166.163	1.35525e-17	7.80626e-17	1.35525e-17
15245	T	T	157.74	37	12	12	1.35525e-17	7.03647e-16	1.35525e-17	157.74
15246	C	C	168.745	37	12	12	1.95156e-17	168.745	1.95156e-17	1.95156e-17
15247	T	T	164.601	37	13	13	5.42101e-19	1.4962e-16	5.42101e-19	164.601
15248	T	T	153.038	37	12	12	1.35525e-17	2.13046e-15	1.35525e-17	153.038
15249	C	C	157.692	37	13	12	2.38524e-17	157.692	2.38524e-17	6.91721e-16
15250	T	T	173.487	37	13	13	5.42101e-19	1.84314e-17	5.42101e-19	173.487
15251	G	G	196.931	37	14	14	0	0	196.931	0
15252	C	C	180.938	37	14	13	0	180.938	0	3.25261e-18
15253	A	A	184.86	37	13	13	184.86	5.42101e-19	5.42101e-19	5.42101e-19
15254	A	A	184.897	37	13	13	184.897	5.42101e-19	5.42101e-19	5.42101e-19
15255	A	A	181.336	37	13	13	181.336	5.42101e-19	2.1684e-18	5.42101e-19
15256	C	C	184.187	37	13	13	5.42101e-19	184.187	5.42101e-19	5.42101e-19
15257	C	C	184.674	37	14	13	0	184.674	0	1.0842e-18
15258	C	C	198.428	37	14	14	0	198.428	0	0
15259	T	T	195.372	37	14	14	0	0	0	195.372
15260	T	T	180.843	37	13	13	5.42101e-19	2.71051e-18	5.42101e-19	180.843
15261	A	A	180.782	37	13	13	180.782	5.42101e-19	2.71051e-18	5.42101e-19
15262	A	A	166.937	37	13	13	166.937	5.42101e-19	8.67362e-17	5.42101e-19
15263	A	A	179.213	37	14	14	179.213	0	5.42101e-18	0
15264	A	A	181.899	37	14	14	181.899	0	2.71051e-18	0
15265	G	G	211.274	37	15	15	0	0	211.274	0
15266	G	G	197.052	37	15	14	0	0	197.052	0
15267	A	A	174.015	37	13	13	174.015	5.42101e-19	1.6263e-17	5.42101e-19
15268	A	A	172.12	37	13	13	172.12	5.42101e-19	2.54788e-17	5.42101e-19
15269	C	C	169.597	37	12	12	1.57209e-17	169.597	1.57209e-17	1.57209e-17
15270	A	A	158.778	37	12	12	158.778	1.35525e-17	5.48606e-16	1.35525e-17
15271	A	A	172.041	37	13	13	172.041	5.42101e-19	2.60209e-17	5.42101e-19
15272	G	G	169.248	37	12	12	1.73472e-17	1.73472e-17	169.248	1.73472e-17
15273	A	A	172.776	37	13	13	172.776	5.42101e-19	2.22261e-17	5.42101e-19
15274	G	G	169.543	37	12	12	1.57209e-17	1.57209e-17	169.543	1.6263e-17
15275	T	T	164.579	37	13	13	5.42101e-19	1.50162e-16	5.42101e-19	164.579
15276	A	A	187.842	37	14	14	187.842	0	5.42101e-19	0
15277	A	A	186.211	37	14	14	186.211	0	1.0842e-18	0
15278	G	G	168.537	37	13	12	5.63785e-17	2.1684e-18	168.537	2.1684e-18
15279	C	C	167.083	37	13	12	3.25261e-18	167.083	3.25261e-18	7.91468e-17
15280	A	A	170.273	37	12	12	170.273	1.35525e-17	1.35525e-17	1.35525e-17
15281	C	C	170.307	37	12	12	1.35525e-17	170.307	1.35525e-17	1.35525e-17
15282	A	A	166.253	37	12	12	166.253	1.35525e-17	7.58942e-17	1.35525e-17
15283	A	A	195.372	37	14	14	195.372	0	0	0
15284	T	T	187.157	37	14	14	0	1.0842e-18	0	187.157
15285	C	C	197.846	37	14	14	0	197.846	0	0
15286	A	A	174.825	37	13	13	174.825	5.42101e-19	1.35525e-17	5.42101e-19
15287	T	T	180.097	37	14	14	0	4.33681e-18	0	180.097
15288	C	C	198.504	37	14	14	0	198.504	0	0
15289	T	T	195.138	37	14	14	0	0	0	195.138
15290	T	T	195.343	37	14	14	0	0	0	195.343
15291	G	G	184.897	37	13	13	5.42101e-19	5.42101e-19	184.897	5.42101e-19
15292	C	C	196.931	37	14	14	0	196.931	0	0
15293	A	A	199.34	37	14	14	199.34	0	0	0
15294	T	T	193.721	37	15	15	0	0	0	193.721
15295	A	A	209.933	37	15	15	209.933	0	0	0
15296	A	A	209.727	37	15	15	209.727	0	0	0
15297	A	A	223.98	37	16	16	223.98	0	0	0
15298	A	A	222.62	37	16	16	222.62	0	0	0
15299	A	A	224.781	37	16	16	224.781	0	0	0
15300	A	A	218.688	37	16	16	218.688	0	0	0
15301	G	G	240.308	37	17	17	0	0	240.308	0
15302	T	T	231.611	37	17	17	0	0	0	231.611
15303	T	T	232.892	37	17	17	0	0	0	232.892
15304	A	A	206.603	37	16	16	206.603	0	0	0
15305	G	G	180.396	37	15	13	4.33681e-18	0	180.396	0
15306	T	T	193.44	37	14	14	0	0	0	193.44
15307	T	T	194.801	37	14	14	0	0	0	194.801
15308	C	C	198.627	37	14	14	0	198.627	0	0
15309	A	A	195.433	37	14	14	195.433	0	0	0
15310	A	A	195.372	37	14	14	195.372	0	0	0
15311	G	G	183.374	37	14	13	2.1684e-18	0	183.374	0
15312	G	G	183.964	37	14	13	2.1684e-18	0	183.964	0
15313	T	T	184.896	37	13	13	5.42101e-19	5.42101e-19	5.42101e-19	184.896
15314	G	G	138.407	37	13	11	6.25194e-14	7.58942e-17	138.407	7.58942e-17
15315	T	T	184.897	37	13	13	5.42101e-19	5.42101e-19	5.42101e-19	184.897
15316	A	A	171.172	37	13	13	171.172	5.42101e-19	3.1984e-17	5.42101e-19
15317	A	A	164.26	37	12	12	164.26	1.35525e-17	1.36067e-16	1.35525e-17
15318	C	C	155.717	37	11	11	3.88144e-16	155.717	3.88144e-16	3.88144e-16
15319	C	C	155.717	37	11	11	3.88144e-16	155.717	3.88144e-16	3.88144e-16
15320	C	C	131.017	37	11	10	1.11673e-14	131.017	1.11673e-14	3.21318e-13
15321	A	A	151.603	37	11	11	151.603	3.88144e-16	2.22641e-15	3.88144e-16
15322	G	G	153.949	37	11	11	5.83301e-16	5.83301e-16	153.949	5.83301e-16
15323	G	G	153.353	37	11	11	6.68953e-16	6.68953e-16	153.353	6.68953e-16
15324	G	G	140.268	37	10	10	1.36111e-14	1.36111e-14	140.268	1.36116e-14
15325	A	A	136.442	37	10	10	136.442	1.11678e-14	7.62097e-14	1.11673e-14
15326	G	G	154.072	37	11	11	5.66496e-16	5.66496e-16	154.072	5.67038e-16
15327	T	T	142.131	37	11	11	3.88144e-16	2.58102e-14	3.88144e-16	142.131
15328	G	G	155.717	37	11	11	3.88144e-16	3.88144e-16	155.717	3.88144e-16
15329	G	G	155.717	37	11	11	3.88144e-16	3.88144e-16	155.717	3.88144e-16
15330	G	G	137.839	37	11	10	6.67923e-14	2.32236e-15	137.839	2.32128e-15
15331	T	T	152.156	37	11	11	3.88144e-16	1.86727e-15	3.88144e-16	152.156
15332	A	A	139.193	37	11	11	139.193	3.88144e-16	5.15275e-14	3.88144e-16
15333	G	G	136.658	37	11	10	8.76708e-14	3.03685e-15	136.658	3.05311e-15
15334	A	A	128.6	37	11	11	128.6	3.88144e-16	5.98711e-13	3.88144e-16
15335	A	A	150.369	37	12	12	150.369	1.35525e-17	3.96167e-15	1.35525e-17
15336	A	A	147.691	37	12	12	147.691	1.40946e-17	7.3639e-15	1.35525e-17
15337	T	T	135.401	37	11	11	3.88144e-16	1.24458e-13	3.88415e-16	135.401
15338	G	G	137.069	37	11	10	7.97485e-14	2.77122e-15	137.069	2.77122e-15
15339	G	G	140.267	37	10	10	1.36149e-14	1.36143e-14	140.267	1.3616e-14
15340	G	G	140.145	37	10	10	1.40014e-14	1.40014e-14	140.145	1.40019e-14
15341	C	C	140.481	37	10	10	1.29801e-14	140.481	1.29413e-14	1.29522e-14
15342	T	T	126.537	37	9	9	3.21315e-13	3.21321e-13	3.21332e-13	126.537
15343	A	A	126.537	37	9	9	126.537	3.21331e-13	3.21319e-13	3.21315e-13
15344	C	C	126.537	37	9	9	3.21389e-13	126.537	3.21346e-13	3.21372e-13
15345	A	A	126.537	37	9	9	126.537	3.21331e-13	3.21319e-13	3.21315e-13
15346	G	G	125.827	37	9	9	3.78375e-13	3.78368e-13	125.827	3.78384e-13
15347	T	T	126.537	37	9	9	3.21315e-13	3.21321e-13	3.21332e-13	126.537
15348	T	T	126.537	37	9	9	3.21315e-13	3.21321e-13	3.21332e-13	126.537
15349	T	T	126.537	37	9	9	3.21315e-13	3.21321e-13	3.21332e-13	126.537
15350	C	C	126.537	37	9	9	3.21332e-13	126.537	3.21315e-13	3.21324e-13
15351	T	T	111.947	37	8	8	9.24518e-12	9.24534e-12	9.24562e-12	111.947
15352	A	A	107.262	37	8	8	107.262	9.24558e-12	6.30919e-11	9.24516e-12
15353	T	T	111.947	37	8	8	9.24516e-12	9.24532e-12	9.24559e-12	111.947
15354	T	T	105.901	37	8	8	9.24518e-12	9.31134e-11	9.24562e-12	105.901
15355	C	C	110.965	37	8	8	1.1592e-11	110.965	1.15915e-11	1.15917e-11
15356	A	A	107.894	37	8	8	107.894	9.24559e-12	5.20401e-11	9.24516e-12
15357	A	A	122.423	37	9	9	122.423	3.21331e-13	1.84317e-12	3.21315e-13
15358	G	G	125.479	37	9	9	4.10005e-13	4.09995e-13	125.479	4.10014e-13
15359	A	A	120.027	37	9	9	120.027	5.5531e-13	3.30703e-12	4.5338e-13
15360	A	A	111.947	37	8	8	111.947	9.24558e-12	9.24528e-12	9.24516e-12
15361	C	C	124.346	37	9	9	5.322e-13	124.346	5.32131e-13	5.32172e-13
15362	A	A	126.537	37	9	9	126.537	3.21331e-13	3.21319e-13	3.21315e-13
15363	A	A	141.108	37	10	10	141.108	1.12294e-14	1.1215e-14	1.1202e-14
15364	C	C	139.307	37	10	10	1.69824e-14	139.307	1.69813e-14	1.69819e-14
15365	T	T	136.16	37	11	11	3.88144e-16	1.04373e-13	3.88144e-16	136.16
15366	T	T	144.188	37	11	11	3.88144e-16	1.57816e-14	3.88415e-16	144.188
15367	A	A	155.717	37	11	11	155.717	3.88144e-16	3.88144e-16	3.88144e-16
15368	C	C	154.955	37	11	11	4.62412e-16	154.955	4.62412e-16	4.62412e-16
15369	G	G	137.581	37	11	10	7.08743e-14	2.46331e-15	137.581	2.46331e-15
15370	C	C	155.717	37	11	11	3.88144e-16	155.717	3.88144e-16	3.88144e-16
15371	A	A	144.465	37	11	11	144.465	3.88144e-16	1.47563e-14	3.88144e-16
15372	A	A	143.624	37	11	11	143.624	3.88144e-16	1.8075e-14	3.88144e-16
15373	G	G	121.563	37	11	9	3.02292e-12	3.65159e-15	121.563	3.65159e-15
15374	T	T	126.537	37	9	9	3.21315e-13	3.21321e-13	3.21332e-13	126.537
15375	T	T	126.537	37	9	9	3.21315e-13	3.21321e-13	3.21332e-13	126.537
15376	T	T	126.537	37	9	9	3.21315e-13	3.21322e-13	3.21333e-13	126.537
15377	T	T	135.2	37	10	10	1.11673e-14	1.08825e-13	1.11681e-14	135.2
15378	T	T	121.659	37	9	9	3.21315e-13	2.32108e-12	3.21332e-13	121.659
15379	A	A	105.901	37	8	8	105.901	9.24557e-12	9.31125e-11	9.24516e-12
15380	T	T	93.3042	37	7	7	2.6601e-10	1.49735e-09	2.66021e-10	93.3042
15381	G	G	97.3576	37	7	7	2.66011e-10	2.66009e-10	97.3576	2.66016e-10
15382	A	A	108.062	37	8	8	108.062	9.24557e-12	4.93575e-11	9.24516e-12
15383	A	A	107.804	37	8	8	107.804	9.24557e-12	5.35156e-11	9.24516e-12
15384	A	A	101.288	37	8	8	101.288	9.24557e-12	3.04324e-10	9.24516e-12
15385	C	C	111.157	37	8	8	1.10915e-11	111.157	1.10909e-11	1.10913e-11
15386	T	T	118.689	37	10	10	1.11673e-14	5.85127e-12	1.11681e-14	118.689
15387	A	A	121.851	37	9	9	121.851	3.21383e-13	2.19303e-12	3.21344e-13
15388	A	A	120.491	37	9	9	120.491	3.2134e-13	3.2362e-12	3.2132e-13
15389	A	A	111.947	37	8	8	111.947	9.24558e-12	9.24528e-12	9.24516e-12
15390	A	A	122.652	37	9	9	122.652	3.21331e-13	1.71542e-12	3.21315e-13
15391	A	A	122.394	37	9	9	122.394	3.21331e-13	1.85994e-12	3.21315e-13
15392	C	C	125.756	37	9	9	3.84648e-13	125.756	3.84628e-13	3.84639e-13
15393	T	T	122.484	37	9	9	3.2132e-13	1.8087e-12	3.21341e-13	122.484
15394	A	A	113.505	37	9	9	113.505	3.21332e-13	1.87322e-11	3.21315e-13
15395	A	A	107.599	37	8	8	107.599	9.24558e-12	5.70036e-11	9.24516e-12
15396	A	A	107.262	37	8	8	107.262	9.24558e-12	6.30919e-11	9.24516e-12
15397	G	G	110.303	37	8	8	1.35023e-11	1.3502e-11	110.303	1.35025e-11
15398	G	G	96.3111	37	7	7	3.33698e-10	3.24852e-10	96.3111	3.56947e-10
15399	T	T	106.02	37	8	8	9.24516e-12	9.0093e-11	9.24559e-12	106.02
15400	G	G	111.947	37	8	8	9.24529e-12	9.24513e-12	111.947	9.24549e-12
15401	G	G	111.947	37	8	8	9.24529e-12	9.24513e-12	111.947	9.24549e-12
15402	A	A	111.947	37	8	8	111.947	9.24699e-12	9.2462e-12	9.24598e-12
15403	T	T	108.386	37	8	8	9.24554e-12	4.44801e-11	9.24627e-12	108.386
15404	T	T	111.947	37	8	8	9.24516e-12	9.24532e-12	9.24559e-12	111.947
15405	T	T	111.947	37	8	8	9.24516e-12	9.24532e-12	9.24559e-12	111.947
15406	A	A	107.894	37	8	8	107.894	9.24558e-12	5.204e-11	9.24516e-12
15407	G	G	111.166	37	8	8	1.1067e-11	1.10668e-11	111.166	1.10673e-11
15408	T	T	111.947	37	8	8	9.246e-12	9.24647e-12	9.24707e-12	111.947
15409	A	A	135.2	37	10	10	135.2	1.11678e-14	1.08824e-13	1.11673e-14
15410	G	G	141.127	37	10	10	1.11673e-14	1.1167e-14	141.127	1.11678e-14
15411	G	G	141.127	37	10	10	1.11673e-14	1.1167e-14	141.127	1.11678e-14
15412	A	A	137.566	37	10	10	137.566	1.11678e-14	5.37244e-14	1.11673e-14
15413	A	A	137.074	37	10	10	137.074	1.11678e-14	6.28593e-14	1.11673e-14
15414	A	A	136.992	37	10	10	136.992	1.1247e-14	6.43534e-14	1.12134e-14
15415	T	T	141.127	37	10	10	1.11673e-14	1.11676e-14	1.11678e-14	141.127
15416	C	C	116.427	37	10	9	3.2133e-13	116.427	3.21316e-13	9.2454e-12
15417	A	A	141.127	37	10	10	141.127	1.11678e-14	1.11676e-14	1.11673e-14
15418	A	A	141.127	37	10	10	141.127	1.11678e-14	1.11676e-14	1.11673e-14
15419	G	G	141.127	37	10	10	1.11673e-14	1.1167e-14	141.127	1.11678e-14
15420	A	A	141.127	37	10	10	141.127	1.11678e-14	1.11676e-14	1.11673e-14
15421	A	A	141.127	37	10	10	141.127	1.11678e-14	1.11676e-14	1.11673e-14
15422	T	T	141.127	37	10	10	1.11673e-14	1.11676e-14	1.11678e-14	141.127
15423	A	A	137.242	37	10	10	137.242	1.11678e-14	5.96195e-14	1.11673e-14
15424	G	G	154.906	37	11	11	4.67833e-16	4.67291e-16	154.906	4.68375e-16
15425	A	A	151.368	37	11	11	151.368	3.88144e-16	2.39311e-15	3.88144e-16
15426	G	G	154.735	37	11	11	4.86265e-16	4.86265e-16	154.735	4.86807e-16
15427	A	A	143.024	37	11	11	143.024	3.88144e-16	2.08687e-14	3.88144e-16
15428	G	G	154.926	37	11	11	4.65665e-16	4.65665e-16	154.926	4.65665e-16
15429	C	C	139.357	37	11	10	1.63606e-15	139.357	1.63606e-15	4.70858e-14
15430	T	T	151.368	37	11	11	3.88144e-16	2.39311e-15	3.88144e-16	151.368
15431	T	T	151.574	37	11	11	3.88144e-16	2.24674e-15	3.88144e-16	151.574
15432	G	G	141.127	37	10	10	1.11676e-14	1.11673e-14	141.127	1.11678e-14
15433	A	A	141.127	37	10	10	141.127	1.11678e-14	1.11676e-14	1.11673e-14
15434	T	T	141.127	37	10	10	1.11673e-14	1.11676e-14	1.11678e-14	141.127
15435	T	T	141.127	37	10	10	1.11673e-14	1.11676e-14	1.11678e-14	141.127
15436	G	G	141.127	37	10	10	1.11676e-14	1.11673e-14	141.127	1.11678e-14
15437	A	A	141.127	37	10	10	141.127	1.11678e-14	1.11676e-14	1.11673e-14
15438	A	A	141.127	37	10	10	141.127	1.11678e-14	1.11676e-14	1.11673e-14
15439	T	T	141.127	37	10	10	1.11673e-14	1.11676e-14	1.11678e-14	141.127
15440	A	A	151.574	37	11	11	151.574	3.88144e-16	2.24674e-15	3.88144e-16
15441	A	A	151.368	37	11	11	151.368	3.88144e-16	2.39311e-15	3.88144e-16
15442	G	G	110.459	37	11	9	3.89785e-11	4.70847e-14	110.459	4.70847e-14
15443	G	G	154.072	37	11	11	5.66496e-16	5.66496e-16	154.072	5.67038e-16
15444	C	C	140.43	37	11	10	1.27827e-15	140.43	1.27827e-15	3.67751e-14
15445	A	A	145.43	37	11	11	145.43	3.88144e-16	1.16633e-14	3.88144e-16
15446	A	A	138.4	37	11	11	138.4	3.88144e-16	6.19982e-14	3.88144e-16
15447	T	T	157.413	37	12	12	1.35525e-17	7.60568e-16	1.35525e-17	157.413
15448	G	G	152.969	37	12	11	2.04914e-15	7.04731e-17	152.969	7.15573e-17
15449	A	A	134.263	37	11	11	134.263	3.88144e-16	1.61971e-13	3.88144e-16
15450	A	A	127.301	37	10	10	127.301	1.11678e-14	7.86092e-13	1.11673e-14
15451	G	G	126.313	37	10	9	9.48969e-13	3.29798e-14	126.313	3.29847e-14
15452	C	C	125.479	37	9	9	4.1002e-13	125.479	4.09997e-13	4.1001e-13
15453	A	A	126.537	37	9	9	126.537	3.2138e-13	3.2135e-13	3.21343e-13
15454	T	T	122.484	37	9	9	3.21315e-13	1.80866e-12	3.21332e-13	122.484
15455	G	G	125.827	37	9	9	3.78374e-13	3.78368e-13	125.827	3.78384e-13
15456	C	C	126.537	37	9	9	3.21333e-13	126.537	3.21315e-13	3.21326e-13
15457	A	A	115.878	37	9	9	115.878	3.21331e-13	1.05767e-11	3.21315e-13
15458	C	C	126.537	37	9	9	3.21345e-13	126.537	3.21322e-13	3.21335e-13
15459	A	A	127.83	37	10	10	127.83	1.11678e-14	6.93465e-13	1.11673e-14
15460	C	C	125.479	37	9	9	4.1002e-13	125.479	4.09997e-13	4.1001e-13
15461	A	A	114.28	37	9	9	114.28	3.21331e-13	1.55684e-11	3.21315e-13
15462	C	C	111.186	37	8	8	1.10186e-11	111.186	1.10178e-11	1.10183e-11
15463	C	C	111.33	37	8	8	1.06571e-11	111.33	1.06566e-11	1.06569e-11
15464	G	G	110.889	37	8	8	1.17969e-11	1.17968e-11	110.889	1.17972e-11
15465	C	C	111.947	37	8	8	9.24562e-12	111.947	9.24517e-12	9.24542e-12
15466	C	C	110.374	37	8	8	1.32825e-11	110.374	1.32818e-11	1.32822e-11
15467	C	C	110.889	37	8	8	1.17974e-11	110.889	1.17968e-11	1.17972e-11
15468	G	G	111.238	37	8	8	1.08868e-11	1.08867e-11	111.238	1.08871e-11
15469	T	T	107.894	37	8	8	9.24516e-12	5.20404e-11	9.2456e-12	107.894
15470	C	C	111.33	37	8	8	1.06571e-11	111.33	1.06566e-11	1.06569e-11
15471	A	A	107.262	37	8	8	107.262	9.2456e-12	6.30917e-11	9.24518e-12
15472	C	C	111.947	37	8	8	9.24566e-12	111.947	9.24519e-12	9.24547e-12
15473	C	C	97.3575	37	7	7	2.66023e-10	97.3575	2.66011e-10	2.66018e-10
15474	C	C	97.3575	37	7	7	2.66023e-10	97.3575	2.66011e-10	2.66018e-10
15475	T	T	97.3572	37	7	7	2.66025e-10	2.66035e-10	2.66047e-10	97.3572
15476	C	C	97.3575	37	7	7	2.66023e-10	97.3575	2.66011e-10	2.66018e-10
15477	C	C	97.278	37	8	7	2.64136e-11	97.278	2.64126e-11	7.59983e-10
15478	T	T	92.672	37	7	7	2.6601e-10	1.81534e-09	2.66021e-10	92.672
15479	C	C	71.7979	37	7	6	9.32902e-09	71.7979	9.32875e-09	2.68419e-07
15480	A	A	97.3576	37	7	7	97.3576	2.66021e-10	2.66013e-10	2.6601e-10
15481	A	A	97.3239	37	7	7	97.3239	2.68807e-10	2.6782e-10	2.67634e-10
15482	G	G	97.3576	37	7	7	2.66013e-10	2.66009e-10	97.3576	2.66018e-10
15483	T	T	97.3576	37	7	7	2.6601e-10	2.66014e-10	2.66021e-10	97.3576
15484	G	G	111.947	37	8	8	9.24529e-12	9.24513e-12	111.947	9.24549e-12
15485	G	G	111.947	37	8	8	9.24529e-12	9.24513e-12	111.947	9.24549e-12
15486	C	C	111.088	37	8	8	1.12687e-11	111.088	1.12682e-11	1.12684e-11
15487	A	A	122.652	37	9	9	122.652	3.21331e-13	1.71542e-12	3.21315e-13
15488	C	C	124.845	37	9	9	4.7442e-13	124.845	4.74396e-13	4.74408e-13
15489	A	A	122.189	37	9	9	122.189	3.21331e-13	1.98116e-12	3.21315e-13
15490	A	A	121.852	37	9	9	121.852	3.21331e-13	2.19276e-12	3.21315e-13
15491	G	G	124.892	37	9	9	4.69271e-13	4.69261e-13	124.892	4.69282e-13
15492	C	C	124.821	37	9	9	4.79093e-13	124.821	4.75604e-13	4.7657e-13
15493	C	C	125.555	37	9	9	4.0288e-13	125.555	4.02861e-13	4.0287e-13
15494	A	A	141.127	37	10	10	141.127	1.11678e-14	1.11676e-14	1.11673e-14
15495	A	A	141.127	37	10	10	141.127	1.11678e-14	1.11676e-14	1.11673e-14
15496	A	A	141.127	37	10	10	141.127	1.11678e-14	1.11676e-14	1.11673e-14
15497	C	C	140.337	37	10	10	1.33975e-14	140.337	1.33969e-14	1.33969e-14
15498	A	A	151.574	37	11	11	151.574	3.88144e-16	2.24674e-15	3.88144e-16
15499	T	T	150.839	37	11	11	3.88144e-16	2.80375e-15	3.88144e-16	150.839
15500	A	A	144.423	37	11	11	144.423	3.88144e-16	1.49089e-14	3.88144e-16
15501	A	A	142.723	37	11	11	142.723	3.88144e-16	2.24229e-14	3.88144e-16
15502	C	C	140.51	37	10	10	1.28727e-14	140.51	1.28722e-14	1.28725e-14
15503	C	C	116.427	37	10	9	3.21328e-13	116.427	3.21315e-13	9.24533e-12
15504	T	T	126.537	37	9	9	3.21315e-13	3.2132e-13	3.21332e-13	126.537
15505	A	A	122.652	37	9	9	122.652	3.21332e-13	1.71543e-12	3.21315e-13
15506	T	T	135.2	37	10	10	1.11673e-14	1.08824e-13	1.11681e-14	135.2
15507	T	T	141.876	37	11	11	3.89229e-16	2.74135e-14	3.90313e-16	141.876
15508	G	G	198.504	37	14	14	0	0	198.504	0
15509	A	A	187.229	37	14	14	187.229	0	5.42101e-19	0
15510	A	A	180.843	37	13	13	180.843	5.42101e-19	2.71051e-18	5.42101e-19
15511	A	A	180.781	37	13	13	180.781	5.42101e-19	2.71051e-18	5.42101e-19
15512	C	C	182.953	37	13	13	5.42101e-19	182.953	5.42101e-19	5.42101e-19
15513	C	C	184.897	37	13	13	5.42101e-19	184.897	5.42101e-19	5.42101e-19
15514	A	A	170.307	37	12	12	170.307	1.35525e-17	1.35525e-17	1.35525e-17
15515	A	A	166.745	37	12	12	166.745	1.35525e-17	6.50521e-17	1.35525e-17
15516	A	A	153.418	37	12	12	153.418	1.35525e-17	1.94994e-15	1.35525e-17
15517	T	T	170.307	37	12	12	1.35525e-17	1.35525e-17	1.35525e-17	170.307
15518	A	A	150.97	37	12	12	150.97	1.35525e-17	3.44614e-15	1.35525e-17
15519	A	A	148.244	37	12	12	148.244	1.35525e-17	6.47973e-15	1.35525e-17
15520	A	A	133.279	37	11	11	133.279	3.88144e-16	2.03359e-13	3.88144e-16
15521	A	A	122.394	37	9	9	122.394	3.21342e-13	1.85998e-12	3.21321e-13
15522	C	C	126.537	37	9	9	3.21332e-13	126.537	3.21315e-13	3.21324e-13
15523	G	G	124.767	37	10	9	1.35477e-12	4.70847e-14	124.767	4.70858e-14
15524	C	C	153.014	37	11	11	7.23163e-16	153.014	7.23163e-16	7.23163e-16
15525	A	A	141.127	37	10	10	141.127	1.11678e-14	1.11676e-14	1.11673e-14
15526	A	A	141.127	37	10	10	141.127	1.11678e-14	1.11676e-14	1.11673e-14
15527	G	G	155.717	37	11	11	3.88144e-16	3.88144e-16	155.717	3.88144e-16
15528	A	A	155.571	37	11	11	155.571	4.05221e-16	4.01155e-16	3.97631e-16
15529	G	G	155.717	37	11	11	3.88144e-16	3.88144e-16	155.717	3.88144e-16
15530	G	G	155.717	37	11	11	3.88144e-16	3.88144e-16	155.717	3.88144e-16
15531	A	A	151.832	37	11	11	151.832	3.88144e-16	2.07218e-15	3.88144e-16
15532	G	G	168.806	37	12	12	1.89735e-17	1.89735e-17	168.806	1.89735e-17
15533	G	G	168.657	37	12	12	2.00577e-17	2.00577e-17	168.657	1.95156e-17
15534	C	C	169.526	37	12	12	1.6263e-17	169.526	1.6263e-17	1.6263e-17
15535	A	A	149.858	37	12	12	149.858	1.35525e-17	4.46041e-15	1.35525e-17
15536	T	T	158.049	37	12	12	1.30104e-17	6.53232e-16	1.30104e-17	158.049
15537	G	G	169.526	37	12	12	1.6263e-17	1.6263e-17	169.526	1.6263e-17
15538	T	T	163.519	33.6913	13	13	5.42101e-19	1.91904e-16	5.42101e-19	163.519
15539	C	C	146.652	33.6913	13	11	1.0842e-17	146.652	1.0842e-17	9.36642e-15
15540	G	G	170.307	33.5025	12	12	1.35525e-17	1.35525e-17	170.307	1.35525e-17
15541	G	G	184.897	33.6913	13	13	5.42101e-19	5.42101e-19	184.897	5.42101e-19
15542	A	A	181.336	33.6913	13	13	181.336	5.42101e-19	2.1684e-18	5.42101e-19
15543	A	A	180.843	33.6913	13	13	180.843	5.42101e-19	2.71051e-18	5.42101e-19
15544	C	C	184.106	33.6913	13	13	5.42101e-19	184.106	5.42101e-19	5.42101e-19
15545	A	A	173.252	33.6913	13	13	173.252	5.42101e-19	1.95156e-17	5.42101e-19
15546	A	A	171.738	33.6913	13	13	171.738	5.42101e-19	2.81893e-17	5.42101e-19
15547	C	C	183.252	33.6913	13	13	5.42101e-19	183.252	5.42101e-19	5.42101e-19
15548	G	G	170.227	33.6913	13	12	3.90313e-17	1.0842e-18	170.227	1.0842e-18
15549	T	T	165.958	33.5025	12	12	1.35525e-17	8.29415e-17	1.35525e-17	165.958
15550	A	A	170.307	33.5025	12	12	170.307	1.35525e-17	1.35525e-17	1.35525e-17
15551	A	A	166.422	33.5025	12	12	166.422	1.35525e-17	7.20994e-17	1.35525e-17
15552	G	G	168.899	33.5025	12	12	1.89735e-17	1.89735e-17	168.899	1.84314e-17
15553	T	T	170.307	33.5025	12	12	1.35525e-17	1.35525e-17	1.35525e-17	170.307
15554	A	A	158.935	33.5025	12	12	158.935	1.35525e-17	5.28006e-16	1.35525e-17
15555	A	A	156.342	33.5025	12	12	156.342	1.35525e-17	9.81203e-16	1.35525e-17
15556	A	A	164.38	33.5025	12	12	164.38	1.35525e-17	1.31188e-16	1.35525e-17
15557	C	C	154.658	33.2895	11	11	4.9548e-16	154.658	4.9548e-16	4.9548e-16
15558	T	T	157.313	33.5025	12	12	1.35525e-17	7.78999e-16	1.35525e-17	157.313
15559	G	G	152.373	33.5025	12	11	2.35163e-15	8.13152e-17	152.373	8.13152e-17
15560	G	G	183.055	33.6913	13	13	1.0842e-18	1.0842e-18	183.055	5.42101e-19
15561	A	A	171.153	33.6913	13	13	171.153	5.42101e-19	3.25261e-17	5.42101e-19
15562	A	A	164.26	33.5025	12	12	164.26	1.35525e-17	1.36067e-16	1.35525e-17
15563	A	A	155.717	37	11	11	155.717	3.88144e-16	3.88144e-16	3.88144e-16
15564	G	G	155.717	37	11	11	3.88144e-16	3.88144e-16	155.717	3.88144e-16
15565	T	T	155.717	37	11	11	3.88144e-16	3.88144e-16	3.88144e-16	155.717
15566	G	G	155.717	37	11	11	3.88144e-16	3.88144e-16	155.717	3.88144e-16
15567	T	T	155.717	37	11	11	3.88144e-16	3.88144e-16	3.88144e-16	155.717
15568	G	G	155.717	37	11	11	3.88144e-16	3.88144e-16	155.717	3.88144e-16
15569	C	C	131.017	37	11	10	1.11673e-14	131.017	1.11673e-14	3.21318e-13
15570	T	T	164.38	37	12	12	1.35525e-17	1.31188e-16	1.35525e-17	164.38
15571	T	T	175.739	37	14	14	0	1.13841e-17	0	175.739
15572	G	G	198.428	37	14	14	0	0	198.428	0
15573	G	G	180.035	37	14	13	4.33681e-18	0	180.035	0
15574	A	A	167.953	37	13	13	167.953	5.42101e-19	6.88468e-17	5.42101e-19
15575	T	T	175.246	37	13	13	5.42101e-19	1.19262e-17	5.42101e-19	175.246
15576	G	G	182.198	37	13	13	5.42101e-19	5.42101e-19	182.198	1.0842e-18
15577	G	G	180.572	37	13	13	1.6263e-18	1.6263e-18	180.572	1.0842e-18
15578	A	A	147.518	37	12	12	147.518	1.35525e-17	7.66314e-15	1.35525e-17
15579	T	T	141.127	37	10	10	1.11678e-14	1.11684e-14	1.11689e-14	141.127
15580	C	C	141.127	37	10	10	1.11678e-14	141.127	1.11673e-14	1.11676e-14
15581	A	A	135.081	37	10	10	135.081	1.11678e-14	1.12472e-13	1.11673e-14
15582	A	A	141.127	37	10	10	141.127	1.11678e-14	1.11676e-14	1.11673e-14
15583	A	A	141.127	37	10	10	141.127	1.11678e-14	1.11676e-14	1.11673e-14
15584	G	G	141.127	37	10	10	1.11676e-14	1.11673e-14	141.127	1.11678e-14
15585	G	G	141.127	37	10	10	1.11676e-14	1.11673e-14	141.127	1.11678e-14
15586	G	G	141.127	37	10	10	1.11676e-14	1.11673e-14	141.127	1.11678e-14
15587	T	T	141.127	37	10	10	1.11684e-14	1.11686e-14	1.11697e-14	141.127
15588	C	C	141.127	37	10	10	1.11678e-14	141.127	1.11673e-14	1.11676e-14
15589	G	G	123.249	37	10	9	1.92178e-12	6.67901e-14	123.249	6.67934e-14
15590	C	C	116.427	37	10	9	3.21326e-13	116.427	3.21314e-13	9.24527e-12
15591	T	T	149.79	37	11	11	3.88144e-16	3.78224e-15	3.88144e-16	149.79
15592	T	T	150.839	37	11	11	3.88144e-16	2.80375e-15	3.88144e-16	150.839
15593	A	A	142.823	37	11	11	142.823	3.88144e-16	2.1893e-14	3.88144e-16
15594	A	A	136.778	37	10	10	136.778	1.11684e-14	6.88571e-14	1.11676e-14
15595	A	A	136.442	37	10	10	136.442	1.11678e-14	7.62094e-14	1.11673e-14
15596	C	C	141.127	37	10	10	1.11678e-14	141.127	1.11673e-14	1.11676e-14
15597	A	A	122.394	37	9	9	122.394	3.21332e-13	1.85994e-12	3.21315e-13
15598	A	A	122.188	37	9	9	122.188	3.21355e-13	1.98128e-12	3.21328e-13
15599	A	A	121.852	37	9	9	121.852	3.21332e-13	2.19276e-12	3.21315e-13
15600	G	G	124.892	37	9	9	4.69273e-13	4.69261e-13	124.892	4.69284e-13
15601	C	C	124.813	37	10	9	4.65979e-14	124.813	4.65947e-14	1.3407e-12
15602	C	C	139.163	37	10	10	1.75554e-14	139.163	1.75549e-14	1.75554e-14
15603	A	A	141.127	37	10	10	141.127	1.11678e-14	1.11676e-14	1.11673e-14
15604	C	C	139.546	37	10	10	1.60722e-14	139.546	1.60717e-14	1.60717e-14
15605	T	T	131.055	37	10	10	1.11673e-14	3.18289e-13	1.11678e-14	131.055
15606	A	A	137.566	37	10	10	137.566	1.11697e-14	5.37317e-14	1.11684e-14
15607	G	G	140.365	37	10	10	1.33091e-14	1.33086e-14	140.365	1.33091e-14
15608	C	C	141.127	37	10	10	1.11678e-14	141.127	1.11673e-14	1.11676e-14
15609	T	T	141.127	37	10	10	1.11673e-14	1.11676e-14	1.11681e-14	141.127
15610	T	T	141.127	37	10	10	1.11673e-14	1.11676e-14	1.11681e-14	141.127
15611	A	A	115.92	37	9	9	115.92	3.21333e-13	1.04693e-11	3.21316e-13
15612	C	C	126.314	33.0469	10	9	3.29744e-14	126.314	3.29733e-14	9.48746e-13
15613	A	A	128.792	33.0469	10	10	128.792	1.11873e-14	5.51237e-13	1.11781e-14
15614	C	C	124.013	33.0469	10	9	5.60164e-14	124.013	5.60153e-14	1.61173e-12
15615	A	A	111.947	32.4422	8	8	111.947	9.24559e-12	9.24532e-12	9.24516e-12
15616	C	C	111.33	32.4422	8	8	1.0657e-11	111.33	1.06565e-11	1.06567e-11
15617	C	C	124.964	32.7677	9	9	4.61628e-13	124.964	4.61607e-13	4.61617e-13
15618	G	G	126.537	32.7677	9	9	3.21323e-13	3.21314e-13	126.537	3.2133e-13
15619	A	A	126.537	32.7677	9	9	126.537	3.21332e-13	3.21321e-13	3.21315e-13
15620	G	G	125.92	32.7677	9	9	3.70377e-13	3.70368e-13	125.92	3.70386e-13
15621	G	G	125.775	32.7677	9	9	3.82926e-13	3.82916e-13	125.775	3.82935e-13
15622	C	C	126.537	32.7677	9	9	3.21329e-13	126.537	3.21314e-13	3.21321e-13
15623	T	T	126.537	32.7677	9	9	3.21315e-13	3.2132e-13	3.21332e-13	126.537
15624	T	T	126.537	32.7677	9	9	3.21315e-13	3.2132e-13	3.21332e-13	126.537
15625	T	T	111.947	32.4422	8	8	9.24516e-12	9.2453e-12	9.24559e-12	111.947
15626	C	C	111.868	32.7677	9	8	9.17998e-13	111.868	9.17964e-13	2.64129e-11
15627	A	A	106.47	32.7677	9	9	106.47	3.21333e-13	9.72479e-11	3.21316e-13
15628	C	C	111.088	32.4422	8	8	1.12686e-11	111.088	1.12681e-11	1.12683e-11
15629	G	G	94.9752	32.4422	8	7	1.29145e-09	4.48837e-11	94.9752	4.48852e-11
15630	T	T	108.062	32.4422	8	8	9.24518e-12	4.93577e-11	9.24561e-12	108.062
15631	A	A	91.3112	32.0567	7	7	91.3112	2.66021e-10	2.67913e-09	2.6601e-10
15632	T	T	82.7677	31.5907	6	6	7.65388e-09	7.65395e-09	7.65414e-09	82.7677
15633	G	G	82.0579	31.5907	6	6	9.01313e-09	9.01296e-09	82.0579	9.01327e-09
15634	T	T	91.3112	32.0567	7	7	2.6601e-10	2.67912e-09	2.66021e-10	91.3112
15635	G	G	96.4982	32.0567	7	7	3.24226e-10	3.24218e-10	96.4982	3.24232e-10
15636	A	A	92.672	32.0567	7	7	92.672	2.66021e-10	1.81534e-09	2.6601e-10
15637	C	C	84.8832	32.4422	8	7	4.58464e-10	84.8832	4.58452e-10	1.31911e-08
15638	C	C	108.533	37	8	8	2.02949e-11	108.533	2.02919e-11	2.02928e-11
15639	G	G	111.947	37	8	8	9.24542e-12	9.24517e-12	111.947	9.24562e-12
15640	C	C	65.4868	37	8	6	1.47943e-09	65.4868	1.47939e-09	1.22476e-06
15641	T	T	106.799	37	9	9	3.21315e-13	9.01171e-11	3.21332e-13	106.799
15642	T	T	115.462	37	9	9	3.21315e-13	1.17064e-11	3.21331e-13	115.462
15643	A	A	122.976	37	9	9	122.976	3.21332e-13	1.54582e-12	3.21315e-13
15644	G	G	125.775	37	9	9	3.82929e-13	3.82917e-13	125.775	3.82938e-13
15645	A	A	151.603	37	11	11	151.603	3.88144e-16	2.22641e-15	3.88144e-16
15646	A	A	150.839	37	11	11	150.839	3.88144e-16	2.80375e-15	3.88144e-16
15647	C	C	166.87	37	13	12	3.25261e-18	166.87	3.25261e-18	8.34836e-17
15648	C	C	166.637	37	12	12	3.14419e-17	166.637	3.14419e-17	3.14419e-17
15649	C	C	167.418	37	12	12	2.60209e-17	167.418	2.60209e-17	2.60209e-17
15650	A	A	184.897	37	13	13	184.897	5.42101e-19	5.42101e-19	5.42101e-19
15651	G	G	184.897	37	13	13	5.42101e-19	5.42101e-19	184.897	5.42101e-19
15652	A	A	184.897	37	13	13	184.897	5.42101e-19	5.42101e-19	5.42101e-19
15653	G	G	184.896	37	13	13	5.42101e-19	5.42101e-19	184.896	5.42101e-19
15654	C	C	167.471	37	13	12	2.1684e-18	167.471	2.1684e-18	7.26415e-17
15655	T	T	184.897	37	13	13	5.42101e-19	5.42101e-19	5.42101e-19	184.897
15656	A	A	184.897	37	13	13	184.897	5.42101e-19	5.42101e-19	5.42101e-19
15657	G	G	167.018	37	13	12	8.0231e-17	3.25261e-18	167.018	3.25261e-18
15658	C	C	184.897	37	13	13	5.42101e-19	184.897	5.42101e-19	5.42101e-19
15659	C	C	184.897	37	13	13	5.42101e-19	184.897	5.42101e-19	5.42101e-19
15660	C	C	197.841	37	14	14	0	197.841	0	0
15661	A	A	186.631	37	14	14	186.631	0	1.0842e-18	0
15662	G	G	183.838	37	13	13	5.42101e-19	5.42101e-19	183.838	5.42101e-19
15663	A	A	178.969	37	13	13	178.969	5.42101e-19	4.33681e-18	5.42101e-19
15664	T	T	166.422	37	12	12	1.35525e-17	7.20994e-17	1.35525e-17	166.422
15665	A	A	180.843	37	13	13	180.843	5.42101e-19	2.71051e-18	5.42101e-19
15666	A	A	174.955	37	13	13	174.955	5.42101e-19	1.30104e-17	5.42101e-19
15667	C	C	168.096	37	13	12	2.1684e-18	168.096	2.1684e-18	6.28837e-17
15668	A	A	164.662	37	13	13	164.662	5.42101e-19	1.47451e-16	5.42101e-19
15669	A	A	152.039	37	12	12	152.039	1.35525e-17	2.68882e-15	1.35525e-17
15670	C	C	170.307	37	12	12	1.35525e-17	170.307	1.35525e-17	1.35525e-17
15671	T	T	155.698	37	11	11	3.89229e-16	3.89771e-16	3.90313e-16	155.698
15672	A	A	136.249	37	10	10	136.249	1.11678e-14	8.06687e-14	1.11673e-14
15673	A	A	143.162	37	11	11	143.162	3.88144e-16	2.01919e-14	3.88144e-16
15674	C	C	140.145	37	10	10	1.40019e-14	140.145	1.40014e-14	1.40019e-14
15675	C	C	153.213	37	11	11	6.91179e-16	153.213	6.90637e-16	6.90637e-16
15676	A	A	144.345	37	11	11	144.345	3.88144e-16	1.51935e-14	3.88144e-16
15677	A	A	156.342	37	12	12	156.342	1.35525e-17	9.81203e-16	1.35525e-17
15678	A	A	164.38	37	12	12	164.38	1.35525e-17	1.31188e-16	1.35525e-17
15679	C	C	136.451	37	11	10	3.19514e-15	136.451	3.19514e-15	9.19382e-14
15680	T	T	145.137	37	11	11	3.87873e-16	1.25318e-14	3.88144e-16	145.137
15681	A	A	170.307	37	12	12	170.307	1.35525e-17	1.35525e-17	1.35525e-17
15682	C	C	143.931	37	12	11	5.7029e-16	143.931	5.7029e-16	1.64257e-14
15683	C	C	169.525	37	12	12	1.6263e-17	169.525	1.6263e-17	1.6263e-17
15684	A	A	166.422	37	12	12	166.422	1.35525e-17	7.20994e-17	1.35525e-17
15685	T	T	166.746	37	12	12	1.30104e-17	6.451e-17	1.30104e-17	166.746
15686	A	A	165.958	37	12	12	165.958	1.35525e-17	8.29415e-17	1.35525e-17
15687	G	G	154.161	37	14	12	1.661e-15	2.1684e-18	154.161	2.1684e-18
15688	A	A	186.794	37	14	14	186.794	0	1.0842e-18	0
15689	T	T	173.625	37	13	13	5.42101e-19	1.78893e-17	5.42101e-19	173.625
15690	C	C	196.259	33.86	14	14	0	196.259	0	0
15691	A	A	188.114	33.86	14	14	188.114	0	5.42101e-19	0
15692	A	A	185.521	33.86	14	14	185.521	0	1.0842e-18	0
15693	T	T	180.752	33.6913	13	13	5.42101e-19	2.71051e-18	5.42101e-19	180.752
15694	T	T	166.422	33.5025	12	12	1.35525e-17	7.20994e-17	1.35525e-17	166.422
15695	A	A	184.897	33.6913	13	13	184.897	5.42101e-19	5.42101e-19	5.42101e-19
15696	T	T	180.211	33.6913	13	13	5.42101e-19	3.25261e-18	5.42101e-19	180.211
15697	A	A	184.897	33.6913	13	13	184.897	5.42101e-19	5.42101e-19	5.42101e-19
15698	T	T	180.753	33.6913	13	13	5.42101e-19	2.71051e-18	5.42101e-19	180.753
15699	A	A	184.897	33.6913	13	13	184.897	5.42101e-19	5.42101e-19	5.42101e-19
15700	A	A	184.897	33.6913	13	13	184.897	5.42101e-19	5.42101e-19	5.42101e-19
15701	A	A	184.896	33.6913	13	13	184.896	5.42101e-19	5.42101e-19	5.42101e-19
15702	A	A	184.897	33.6913	13	13	184.897	5.42101e-19	5.42101e-19	5.42101e-19
15703	C	C	184.897	33.6913	13	13	5.42101e-19	184.897	5.42101e-19	5.42101e-19
15704	A	A	180.753	33.6913	13	13	180.753	5.42101e-19	2.71051e-18	5.42101e-19
15705	T	T	165.434	33.6913	13	12	8.5652e-17	2.1684e-17	1.73472e-17	165.434
15706	T	T	184.897	33.6913	13	13	5.42101e-19	5.42101e-19	5.42101e-19	184.897
15707	C	C	184.897	33.6913	13	13	5.42101e-19	184.897	5.42101e-19	5.42101e-19
15708	A	A	144.41	33.5025	12	12	144.41	1.35525e-17	1.57068e-14	1.35525e-17
15709	A	A	135.063	33.5025	12	12	135.063	1.35525e-17	1.3532e-13	1.35525e-17
15710	C	C	155.717	33.2895	11	11	3.88144e-16	155.717	3.88144e-16	3.88144e-16
15711	A	A	116.748	33.2895	11	11	116.748	3.88144e-16	9.18221e-12	3.88144e-16
15712	G	G	106.791	32.7677	9	8	8.50108e-11	2.95448e-12	106.791	2.95461e-12
15713	T	T	120.61	32.7677	9	9	3.21315e-13	3.13117e-12	3.21331e-13	120.61
15714	A	A	99.3928	32.4422	8	8	99.3928	9.24559e-12	4.80978e-10	9.24516e-12
15715	C	C	109.593	37	8	8	1.58995e-11	109.593	1.58989e-11	1.58992e-11
15716	A	A	107.599	37	8	8	107.599	9.24559e-12	5.70038e-11	9.24516e-12
15717	A	A	107.262	37	8	8	107.262	9.24559e-12	6.3092e-11	9.24516e-12
15718	T	T	113.761	37	9	9	3.21316e-13	1.76248e-11	3.21333e-13	113.761
15719	T	T	101.066	37	8	8	9.24518e-12	3.21285e-10	9.24562e-12	101.066
15720	A	A	107.833	37	8	8	107.833	9.24559e-12	5.30333e-11	9.24516e-12
15721	A	A	107.07	37	8	8	107.07	9.24559e-12	6.67837e-11	9.24516e-12
15722	A	A	99.3928	37	8	8	99.3928	9.24559e-12	4.80977e-10	9.24516e-12
15723	G	G	96.567	37	7	7	3.19123e-10	3.19118e-10	96.567	3.19129e-10
15724	T	T	105.901	37	8	8	9.24518e-12	9.31134e-11	9.24562e-12	105.901
15725	A	A	107.262	37	8	8	107.262	9.24562e-12	6.30922e-11	9.24518e-12
15726	T	T	107.599	37	8	8	9.24522e-12	5.70042e-11	9.24568e-12	107.599
15727	A	A	87.493	37	7	7	87.493	2.66021e-10	7.20345e-09	2.6601e-10
15728	G	G	95.8147	37	7	7	3.7948e-10	3.79473e-10	95.8147	3.79487e-10
15729	G	G	80.4637	37	7	6	3.64948e-08	1.26836e-09	80.4637	1.26839e-09
15730	A	A	90.946	37	8	8	90.946	9.24559e-12	3.47436e-09	9.24516e-12
15731	G	G	81.7544	37	7	6	2.71116e-08	9.42252e-10	81.7544	9.42276e-10
15732	A	A	78.419	37	6	6	78.419	7.65415e-09	4.71921e-08	7.65388e-09
15733	T	T	78.6245	37	6	6	7.65388e-09	4.43045e-08	7.65415e-09	78.6245
15734	A	A	84.3258	37	7	7	84.3258	2.66021e-10	1.5508e-08	2.6601e-10
15735	G	G	81.9083	37	6	6	9.32888e-09	9.3287e-09	81.9083	9.32902e-09
15736	A	A	78.0822	37	6	6	78.0822	7.65415e-09	5.22325e-08	7.65389e-09
15737	A	A	76.7214	37	6	6	76.7214	7.65415e-09	7.70864e-08	7.65389e-09
15738	A	A	64.6171	37	5	5	64.6171	2.20231e-07	1.05947e-06	2.20224e-07
15739	T	T	68.1779	37	5	5	2.20224e-07	2.20226e-07	2.20231e-07	68.1779
15740	T	T	68.1779	37	5	5	2.20224e-07	2.20226e-07	2.20231e-07	68.1779
15741	C	C	68.1779	37	5	5	2.20228e-07	68.1779	2.20224e-07	2.20226e-07
15742	T	T	68.1779	37	5	5	2.20224e-07	2.20226e-07	2.20231e-07	68.1779
15743	T	T	53.5881	37	4	4	6.33648e-06	6.33651e-06	6.33662e-06	53.5881
15744	T	T	53.5881	37	4	4	6.33649e-06	6.33653e-06	6.33664e-06	53.5881
15745	T	T	53.5881	37	4	4	6.33648e-06	6.33651e-06	6.33662e-06	53.5881
15746	A	A	49.7032	37	4	4	49.7032	6.33659e-06	3.38286e-05	6.33644e-06
15747	A	A	43.6105	37	4	4	43.6105	6.33638e-06	0.000176451	6.33623e-06
15748	T	T	53.5881	37	4	4	6.33648e-06	6.33651e-06	6.33662e-06	53.5881
15749	C	C	53.5881	37	4	4	6.33657e-06	53.5881	6.33646e-06	6.33651e-06
15750	G	G	80.0644	37	6	6	1.42635e-08	1.42632e-08	80.0644	1.42637e-08
15751	G	G	66.6045	37	5	5	3.16387e-07	3.1638e-07	66.6045	3.16391e-07
15752	A	A	53.5881	37	4	4	53.5881	6.33663e-06	6.33655e-06	6.33648e-06
15753	G	G	53.5881	37	4	4	6.3366e-06	6.33649e-06	53.5881	6.33666e-06
15754	C	C	35.4536	37	4	3	4.02037e-05	35.4536	4.02035e-05	0.00115692
15755	T	T	53.5881	37	4	4	6.33647e-06	6.3365e-06	6.33661e-06	53.5881
15756	A	A	49.5348	37	4	4	49.5348	6.33661e-06	3.56672e-05	6.33645e-06
15757	T	T	53.5881	37	4	4	6.33647e-06	6.3365e-06	6.33661e-06	53.5881
15758	A	A	63.3002	37	5	5	63.3002	2.20231e-07	1.59082e-06	2.20224e-07
15759	G	G	53.3653	37	5	4	1.87097e-05	6.50249e-07	53.3653	6.50261e-07
15760	A	A	53.5881	37	4	4	53.5881	6.33663e-06	6.33654e-06	6.33648e-06
15761	G	G	53.5881	37	4	4	6.33657e-06	6.33648e-06	53.5881	6.33663e-06
15762	A	A	53.5881	37	4	4	53.5881	6.33663e-06	6.33654e-06	6.33648e-06
15763	G	G	68.1779	37	5	5	2.20228e-07	2.20224e-07	68.1779	2.20231e-07
15764	A	A	82.7677	37	6	6	82.7677	7.65415e-09	7.65397e-09	7.65388e-09
15765	G	G	82.1507	37	6	6	8.82251e-09	8.82237e-09	82.1507	8.82265e-09
15766	T	T	77.1231	37	7	7	2.6601e-10	8.36986e-08	2.66021e-10	77.1231
15767	A	A	93.2435	37	7	7	93.2435	2.66021e-10	1.52592e-09	2.6601e-10
15768	C	C	95.9594	37	7	7	3.67052e-10	95.9594	3.67038e-10	3.67045e-10
15769	C	C	96.5958	37	7	7	3.17021e-10	96.5958	3.17009e-10	3.17015e-10
15770	T	T	79.207	37	6	6	7.65389e-09	3.6822e-08	7.65415e-09	79.207
15771	C	C	82.7677	37	6	6	7.65415e-09	82.7677	7.65389e-09	7.65403e-09
15772	A	A	82.7677	37	6	6	82.7677	7.65414e-09	7.65395e-09	7.65388e-09
15773	T	T	91.4304	37	7	7	2.6601e-10	2.59224e-09	2.66021e-10	91.4304
15774	G	G	96.7406	37	7	7	3.06624e-10	3.06619e-10	96.7406	3.06629e-10
15775	G	G	96.5959	37	7	7	3.17012e-10	3.17008e-10	96.5959	3.17018e-10
15776	T	T	93.3042	37	7	7	2.6601e-10	1.49735e-09	2.66021e-10	93.3042
15777	A	A	92.4798	37	7	7	92.4798	2.66021e-10	1.92155e-09	2.6601e-10
15778	A	A	91.4304	37	7	7	91.4304	2.66021e-10	2.59222e-09	2.6601e-10
15779	T	T	91.4303	37	7	7	2.66015e-10	2.59225e-09	2.66029e-10	91.4303
15780	G	G	96.7406	37	7	7	3.06623e-10	3.06619e-10	96.7406	3.06629e-10
15781	A	A	93.3042	37	7	7	93.3042	2.6602e-10	1.49733e-09	2.6601e-10
15782	T	T	93.3042	37	7	7	2.6601e-10	1.49735e-09	2.66021e-10	93.3042
15783	G	G	96.2991	37	7	7	3.3943e-10	3.39426e-10	96.2991	3.39436e-10
15784	A	A	91.4304	37	7	7	91.4304	2.6602e-10	2.59221e-09	2.6601e-10
15785	A	A	82.7678	37	6	6	82.7678	7.65413e-09	7.65392e-09	7.65388e-09
15786	A	A	82.7678	37	6	6	82.7678	7.65413e-09	7.65392e-09	7.65388e-09
15787	G	G	82.7678	37	6	6	7.65389e-09	7.65384e-09	82.7678	7.65401e-09
15788	A	A	78.8828	37	6	6	78.8828	7.65416e-09	4.08619e-08	7.6539e-09
15789	T	T	82.7677	37	6	6	7.6539e-09	7.65404e-09	7.65419e-09	82.7677
15790	T	T	91.4303	37	7	7	2.6601e-10	2.59225e-09	2.66021e-10	91.4303
15791	A	A	92.6721	37	7	7	92.6721	2.6602e-10	1.81532e-09	2.6601e-10
15792	C	C	96.5764	37	7	7	3.18442e-10	96.5764	3.18427e-10	3.18436e-10
15793	T	T	78.7144	37	6	6	7.65389e-09	4.30831e-08	7.65416e-09	78.7144
15794	T	T	79.2064	37	6	6	7.65458e-09	3.68267e-08	7.65539e-09	79.2064
15795	A	A	78.8828	37	6	6	78.8828	7.65413e-09	4.08618e-08	7.65388e-09
15796	A	A	78.6245	37	6	6	78.6245	7.65413e-09	4.43042e-08	7.65388e-09
15797	A	A	78.4191	37	6	6	78.4191	7.65413e-09	4.71918e-08	7.65388e-09
15798	G	G	81.7855	37	6	6	9.5964e-09	9.59634e-09	81.7855	9.59655e-09
15799	T	T	82.4085	37	6	6	8.13197e-09	8.30923e-09	8.50116e-09	82.4085
15800	T	T	68.1779	37	5	5	2.20225e-07	2.20228e-07	2.20231e-07	68.1779
15801	A	A	68.1779	37	5	5	68.1779	2.2023e-07	2.20225e-07	2.20224e-07
15802	C	C	68.1779	37	5	5	2.20233e-07	68.1779	2.20225e-07	2.2023e-07
15803	A	A	82.7678	37	6	6	82.7678	7.65414e-09	7.65394e-09	7.65388e-09
15804	A	A	82.7678	37	6	6	82.7678	7.65414e-09	7.65394e-09	7.65388e-09
15805	A	A	97.3576	37	7	7	97.3576	2.6602e-10	2.66012e-10	2.6601e-10
15806	C	C	108.453	37	8	8	2.06717e-11	108.453	2.06698e-11	2.06706e-11
15807	A	A	107.804	37	8	8	107.804	9.24557e-12	5.35156e-11	9.24516e-12
15808	G	G	111.088	37	8	8	1.12683e-11	1.12681e-11	111.088	1.12685e-11
15809	C	C	110.54	37	8	8	1.27848e-11	110.54	1.27841e-11	1.27845e-11
15810	A	A	120.491	37	9	9	120.491	3.21331e-13	3.23613e-12	3.21315e-13
15811	A	A	108.047	37	8	8	108.047	9.29402e-12	4.95253e-11	9.27339e-12
15812	A	A	107.804	37	8	8	107.804	9.24557e-12	5.35156e-11	9.24516e-12
15813	G	G	125.678	37	9	9	3.9163e-13	3.91623e-13	125.678	3.9164e-13
15814	A	A	121.852	37	9	9	121.852	3.21331e-13	2.19275e-12	3.21315e-13
15815	T	T	122.189	37	9	9	3.21315e-13	1.98117e-12	3.21332e-13	122.189
15816	T	T	107.804	37	8	8	9.24518e-12	5.35161e-11	9.24563e-12	107.804
15817	A	A	107.804	37	8	8	107.804	9.24558e-12	5.35157e-11	9.24516e-12
15818	C	C	95.8427	37	10	8	1.36304e-12	95.8427	1.36299e-12	1.12841e-09
15819	C	C	139.01	37	10	10	1.81832e-14	139.01	1.81821e-14	1.81826e-14
15820	C	C	139.565	37	10	10	1.60028e-14	139.565	1.60017e-14	1.60023e-14
15821	C	C	125.014	37	9	9	4.56352e-13	125.014	4.56328e-13	4.56341e-13
15822	T	T	117.304	37	9	9	3.21316e-13	7.43668e-12	3.21333e-13	117.304
15823	C	C	126.537	37	9	9	3.21332e-13	126.537	3.21315e-13	3.21324e-13
15824	C	C	126.537	37	9	9	3.21332e-13	126.537	3.21316e-13	3.21325e-13
15825	T	T	126.537	37	9	9	3.21315e-13	3.21321e-13	3.21332e-13	126.537
15826	A	A	121.852	37	9	9	121.852	3.21331e-13	2.19275e-12	3.21315e-13
15827	C	C	126.537	37	9	9	3.21332e-13	126.537	3.21315e-13	3.21324e-13
15828	C	C	111.947	37	8	8	9.24557e-12	111.947	9.24516e-12	9.24538e-12
15829	T	T	111.947	37	8	8	9.24516e-12	9.24532e-12	9.24559e-12	111.947
15830	T	T	111.947	37	8	8	9.24516e-12	9.24532e-12	9.24559e-12	111.947
15831	T	T	120.491	37	9	9	3.21315e-13	3.23615e-12	3.21332e-13	120.491
15832	T	T	121.852	37	9	9	3.21315e-13	2.19276e-12	3.21332e-13	121.852
15833	G	G	126.537	37	9	9	3.21321e-13	3.21314e-13	126.537	3.21329e-13
15834	C	C	109.463	37	9	8	1.59725e-12	109.463	1.59718e-12	4.59565e-11
15835	A	A	141.127	37	10	10	141.127	1.11678e-14	1.11676e-14	1.11673e-14
15836	T	T	136.442	37	10	10	1.11673e-14	7.62094e-14	1.11678e-14	136.442
15837	A	A	137.566	37	10	10	137.566	1.11678e-14	5.37247e-14	1.11673e-14
15838	A	A	136.982	37	10	10	136.982	1.14766e-14	6.42029e-14	1.13413e-14
15839	T	T	137.242	37	10	10	1.11673e-14	5.96197e-14	1.11681e-14	137.242
15840	G	G	125.014	37	10	9	1.27989e-12	4.44826e-14	125.014	4.44837e-14
15841	A	A	135.199	37	10	10	135.199	1.11697e-14	1.08835e-13	1.11684e-14
15842	G	G	125.827	37	9	9	3.78377e-13	3.78368e-13	125.827	3.78385e-13
15843	T	T	135.2	37	10	10	1.11676e-14	1.08827e-13	1.11684e-14	135.2
15844	T	T	136.249	37	10	10	1.11673e-14	8.0669e-14	1.11681e-14	136.249
15845	A	A	129.456	37	10	10	129.456	1.11678e-14	4.69883e-13	1.11673e-14
15846	G	G	153.09	37	11	11	7.10695e-16	7.10695e-16	153.09	7.10695e-16
15847	C	C	152.244	37	11	11	8.74951e-16	152.244	8.55436e-16	8.60857e-16
15848	C	C	135.9	37	11	10	3.62774e-15	135.9	3.62774e-15	1.04387e-13
15849	A	A	170.307	37	12	12	170.307	1.35525e-17	1.35525e-17	1.35525e-17
15850	G	G	184.897	37	13	13	5.42101e-19	5.42101e-19	184.897	5.42101e-19
15851	A	A	184.897	37	13	13	184.897	5.42101e-19	5.42101e-19	5.42101e-19
15852	A	A	184.897	37	13	13	184.897	5.42101e-19	5.42101e-19	5.42101e-19
15853	A	A	195.01	37	14	14	195.01	0	0	0
15854	T	T	197.654	37	16	16	0	0	0	197.654
15855	A	A	218.007	37	16	16	218.007	0	0	0
15856	G	G	202.193	37	16	15	0	0	202.193	0
15857	C	C	210.062	37	16	15	0	210.062	0	0
15858	C	C	225.472	37	17	16	0	225.472	0	0
15859	G	G	253.799	37	18	18	0	0	253.799	0
15860	A	A	223.482	37	17	17	223.482	0	0	0
15861	A	A	212.696	37	17	17	212.696	0	0	0
15862	C	C	211.959	37	15	15	0	211.959	0	0
15863	A	A	204.135	37	15	15	204.135	0	0	0
15864	C	C	225.963	37	16	16	0	225.963	0	0
15865	A	A	230.4	37	17	17	230.4	0	0	0
15866	G	G	227.608	37	16	16	0	0	227.608	0
15867	A	A	222.738	37	16	16	222.738	0	0	0
15868	G	G	213.458	37	15	15	0	0	213.458	0
15869	A	A	210.023	37	15	15	210.023	0	0	0
15870	A	A	224.552	37	16	16	224.552	0	0	0
15871	C	C	212.553	37	16	15	0	212.553	0	0
15872	T	T	224.552	37	16	16	0	0	0	224.552
15873	T	T	210.023	37	15	15	0	0	0	210.023
15874	A	A	214.076	37	15	15	214.076	0	0	0
15875	A	A	214.076	37	15	15	214.076	0	0	0
15876	G	G	228.666	37	16	16	0	0	228.666	0
15877	C	C	227.684	37	16	16	0	227.684	0	0
15878	T	T	224.317	37	16	16	0	0	0	224.317
15879	A	A	224.552	37	16	16	224.552	0	0	0
15880	G	G	227.608	37	16	16	0	0	227.608	0
15881	G	G	227.093	37	16	16	0	0	227.093	0
15882	T	T	214.076	37	15	15	0	0	0	214.076
15883	C	C	214.076	37	15	15	0	214.076	0	0
15884	C	C	227.021	37	16	16	0	227.021	0	0
15885	C	C	227.684	37	16	16	0	227.684	0	0
15886	C	C	240.6	37	18	17	0	240.6	0	0
15887	C	C	254.938	37	18	18	0	254.938	0	0
15888	G	G	256.225	37	18	18	0	0	256.225	0
15889	A	A	246.474	37	18	18	246.474	0	0	0
15890	A	A	243.881	37	18	18	243.881	0	0	0
15891	A	A	237.329	37	17	17	237.329	0	0	0
15892	C	C	228.666	37	16	16	0	228.666	0	0
15893	C	C	228.666	37	16	16	0	228.666	0	0
15894	A	A	217.934	37	16	16	217.934	0	0	0
15895	G	G	211.006	37	16	15	0	0	211.006	0
15896	A	A	209.447	37	16	16	209.447	0	0	0
15897	C	C	228.666	37	16	16	0	228.666	0	0
15898	G	G	198.598	37	14	14	0	0	198.598	0
15899	A	A	210.504	37	16	16	210.504	0	0	0
15900	G	G	209.156	37	16	15	0	0	209.156	0
15901	C	C	212.514	37	15	15	0	212.514	0	0
15902	T	T	203.573	37	15	15	0	0	0	203.573
15903	A	A	183.653	37	15	15	183.653	0	1.6263e-18	0
15904	C	C	184.897	37	13	13	5.42101e-19	184.897	5.42101e-19	5.42101e-19
15905	C	C	184.897	37	13	13	5.42101e-19	184.897	5.42101e-19	5.42101e-19
15906	T	T	193.44	37	14	14	0	0	0	193.44
15907	A	A	166.193	37	12	12	166.193	1.35525e-17	7.75205e-17	1.35525e-17
15908	T	T	165.958	37	12	12	1.35525e-17	8.29415e-17	1.35525e-17	165.958
15909	G	G	150.855	37	12	11	3.33501e-15	1.1601e-16	150.855	1.1601e-16
15910	A	A	153.418	37	12	12	153.418	1.35525e-17	1.94994e-15	1.35525e-17
15911	A	A	166.905	37	13	13	166.905	5.42101e-19	8.78204e-17	5.42101e-19
15912	C	C	195.995	37	14	14	0	195.995	0	0
15913	A	A	177.424	37	14	14	177.424	0	7.58942e-18	0
15914	A	A	166.828	37	13	13	166.828	1.0842e-18	8.83625e-17	5.42101e-19
15915	T	T	145.852	37	11	11	3.87873e-16	1.051e-14	3.87873e-16	145.852
15916	C	C	137.839	37	11	10	2.32128e-15	137.839	2.32128e-15	6.67912e-14
15917	C	C	168.733	37	12	12	1.95156e-17	168.733	1.95156e-17	1.95156e-17
15918	A	A	166.253	37	12	12	166.253	1.35525e-17	7.58942e-17	1.35525e-17
15919	C	C	144.825	37	12	11	4.64039e-16	144.825	4.64039e-16	1.33682e-14
15920	T	T	166.253	37	12	12	1.35525e-17	7.58942e-17	1.35525e-17	166.253
15921	G	G	166.397	37	12	12	3.30682e-17	3.30682e-17	166.397	3.30682e-17
15922	G	G	115.537	37	11	9	1.21068e-11	1.46237e-14	115.537	1.46237e-14
15923	G	G	131.919	37	12	10	2.78524e-13	3.37187e-16	131.919	3.36103e-16
15924	A	A	129.52	37	10	10	129.52	1.11678e-14	4.62736e-13	1.11673e-14
15925	T	T	136.778	37	10	10	1.11673e-14	6.88555e-14	1.11681e-14	136.778
15926	G	G	111.725	37	9	8	2.72982e-11	9.48735e-13	111.725	9.48766e-13
15927	A	A	111.947	37	8	8	111.947	9.24558e-12	9.24528e-12	9.24516e-12
15928	A	A	111.947	37	8	8	111.947	9.24558e-12	9.24528e-12	9.24516e-12
15929	C	C	111.868	37	9	8	9.18002e-13	111.868	9.17965e-13	2.6413e-11
15930	T	T	121.852	37	9	9	3.21315e-13	2.19276e-12	3.21332e-13	121.852
15931	C	C	125.678	37	9	9	3.91643e-13	125.678	3.91624e-13	3.91634e-13
15932	A	A	126.537	37	9	9	126.537	3.21331e-13	3.2132e-13	3.21315e-13
15933	T	T	122.652	37	9	9	3.21315e-13	1.71543e-12	3.21332e-13	122.652
15934	C	C	139.482	37	10	10	1.63102e-14	139.482	1.63091e-14	1.63097e-14
15935	T	T	146.663	37	12	12	1.35525e-17	9.33715e-15	1.35525e-17	146.663
15936	A	A	170.307	37	12	12	170.307	1.35525e-17	1.35525e-17	1.35525e-17
15937	T	T	151.613	37	12	12	1.30104e-17	2.968e-15	1.30104e-17	151.613
15938	G	G	170.307	37	12	12	1.35525e-17	1.35525e-17	170.307	1.35525e-17
15939	T	T	160.235	37	12	12	1.35525e-17	3.8435e-16	1.35525e-17	160.235
15940	A	A	170.307	37	12	12	170.307	1.35525e-17	1.35525e-17	1.35525e-17
15941	G	G	169.597	37	12	12	1.6263e-17	1.6263e-17	169.597	1.57209e-17
15942	C	C	170.306	37	12	12	1.35525e-17	170.306	1.35525e-17	1.35525e-17
15943	A	A	165.958	37	12	12	165.958	1.35525e-17	8.29415e-17	1.35525e-17
15944	A	A	142.431	37	12	11	142.431	4.27176e-16	2.30664e-14	1.31947e-15
15945	A	A	157.238	37	12	12	157.238	1.35525e-17	7.93094e-16	1.35525e-17
15946	A	A	145.058	37	11	11	145.058	3.88144e-16	1.2776e-14	3.88144e-16
15947	T	T	155.717	37	11	11	3.88144e-16	3.88144e-16	3.88144e-16	155.717
15948	A	A	135.028	37	11	11	135.028	3.88144e-16	1.35664e-13	3.88144e-16
15949	G	G	139.364	37	10	10	1.67612e-14	1.67607e-14	139.364	1.67612e-14
15950	T	T	149.671	37	11	11	3.88144e-16	3.90882e-15	3.88144e-16	149.671
15951	G	G	114.853	37	10	9	1.32822e-11	4.6161e-13	114.853	4.61634e-13
15952	A	A	141.127	37	10	10	141.127	1.11697e-14	1.11686e-14	1.11684e-14
15953	G	G	141.127	37	10	10	1.11676e-14	1.11673e-14	141.127	1.11678e-14
15954	A	A	137.566	37	10	10	137.566	1.11681e-14	5.37252e-14	1.11673e-14
15955	A	A	137.074	37	10	10	137.074	1.11678e-14	6.28599e-14	1.11673e-14
15956	G	G	139.729	37	10	10	1.54087e-14	1.54081e-14	139.729	1.54092e-14
15957	A	A	144.188	37	11	11	144.188	3.88144e-16	1.57811e-14	3.88144e-16
15958	T	T	151.031	37	11	11	3.88144e-16	2.64871e-15	3.88144e-16	151.031
15959	T	T	136.778	37	10	10	1.11673e-14	6.88552e-14	1.11681e-14	136.778
15960	T	T	136.984	37	10	10	1.11676e-14	6.46423e-14	1.11684e-14	136.984
15961	A	A	116.559	37	9	9	116.559	3.21332e-13	8.94787e-12	3.21315e-13
15962	T	T	126.537	37	9	9	3.21315e-13	3.2132e-13	3.21332e-13	126.537
15963	T	T	126.537	37	9	9	3.21315e-13	3.21319e-13	3.21331e-13	126.537
15964	G	G	153.014	37	11	11	7.23163e-16	7.23163e-16	153.014	7.23163e-16
15965	G	G	97.4162	37	10	8	7.85453e-10	9.48742e-13	97.4162	9.48772e-13
15966	T	T	115.583	37	9	9	3.21315e-13	1.13644e-11	3.21331e-13	115.583
15967	A	A	126.537	37	9	9	126.537	3.21332e-13	3.21321e-13	3.21315e-13
15968	G	G	126.537	37	9	9	3.21324e-13	3.21315e-13	126.537	3.21332e-13
15969	A	A	126.537	37	9	9	126.537	3.21332e-13	3.21321e-13	3.21315e-13
15970	G	G	126.537	37	9	9	3.21324e-13	3.21315e-13	126.537	3.21332e-13
15971	G	G	126.537	37	9	9	3.21324e-13	3.21315e-13	126.537	3.21332e-13
15972	T	T	126.537	37	9	9	3.21315e-13	3.2132e-13	3.21332e-13	126.537
15973	G	G	141.127	37	10	10	1.11676e-14	1.11673e-14	141.127	1.11678e-14
15974	A	A	141.127	37	10	10	141.127	1.11678e-14	1.11676e-14	1.11673e-14
15975	A	A	155.717	37	11	11	155.717	3.88144e-16	3.88144e-16	3.88144e-16
15976	A	A	155.717	37	11	11	155.717	3.88144e-16	3.88144e-16	3.88144e-16
15977	A	A	155.717	37	11	11	155.717	3.88144e-16	3.88144e-16	3.88144e-16
15978	G	G	152.263	37	12	11	2.41127e-15	8.34836e-17	152.263	8.34836e-17
15979	C	C	181.652	37	13	13	1.0842e-18	181.652	1.0842e-18	1.0842e-18
15980	C	C	183.055	37	13	13	5.42101e-19	183.055	5.42101e-19	5.42101e-19
15981	T	T	173.906	37	13	13	5.42101e-19	1.68051e-17	5.42101e-19	173.906
15982	A	A	169.662	37	13	13	169.662	5.42101e-19	4.60786e-17	5.42101e-19
15983	C	C	138.291	37	11	10	2.09143e-15	138.291	2.09143e-15	6.01873e-14
15984	C	C	155.717	37	11	11	3.88144e-16	155.717	3.88144e-16	3.88144e-16
15985	G	G	154.936	37	11	11	4.64581e-16	4.64581e-16	154.936	4.64581e-16
15986	A	A	137.758	37	11	11	137.758	3.88144e-16	7.20073e-14	3.88144e-16
15987	G	G	136.307	37	11	10	9.5039e-14	3.30248e-15	136.307	3.30356e-15
15988	C	C	141.127	37	10	10	1.11678e-14	141.127	1.11673e-14	1.11676e-14
15989	C	C	141.127	37	10	10	1.11678e-14	141.127	1.11673e-14	1.11676e-14
15990	T	T	141.127	37	10	10	1.11684e-14	1.11686e-14	1.11697e-14	141.127
15991	G	G	140.069	37	10	10	1.42497e-14	1.42491e-14	140.069	1.42502e-14
15992	G	G	139.553	37	10	10	1.6044e-14	1.60435e-14	139.553	1.60451e-14
15993	T	T	115.286	37	9	9	3.21315e-13	1.22152e-11	3.21331e-13	115.286
15994	T	T	115.805	37	9	9	3.21315e-13	1.07661e-11	3.21331e-13	115.805
15995	A	A	126.537	37	9	9	126.537	3.21332e-13	3.21322e-13	3.21315e-13
15996	T	T	140.622	37	11	11	3.88144e-16	3.68561e-14	3.88144e-16	140.622
15997	A	A	155.717	37	11	11	155.717	3.88144e-16	3.88144e-16	3.88144e-16
15998	G	G	155.717	37	11	11	3.88144e-16	3.88144e-16	155.717	3.88144e-16
15999	C	C	137.759	37	11	10	2.36464e-15	137.759	2.36464e-15	6.80283e-14
16000	T	T	151.508	37	12	12	1.35525e-17	3.04227e-15	1.35525e-17	151.508
16001	G	G	169.69	37	12	12	1.51788e-17	1.51788e-17	169.69	1.57209e-17
16002	G	G	169.545	37	12	12	1.57209e-17	1.57209e-17	169.545	1.6263e-17
16003	T	T	172.12	37	13	13	5.42101e-19	2.54788e-17	5.42101e-19	172.12
16004	T	T	174.015	37	13	13	5.42101e-19	1.6263e-17	5.42101e-19	174.015
16005	T	T	180.782	37	13	13	5.42101e-19	2.71051e-18	5.42101e-19	180.782
16006	C	C	169.545	37	12	12	1.6263e-17	169.545	1.6263e-17	1.6263e-17
16007	C	C	169.689	37	12	12	1.57209e-17	169.689	1.57209e-17	1.57209e-17
16008	C	C	170.307	37	12	12	1.35525e-17	170.307	1.35525e-17	1.35525e-17
16009	A	A	174.279	37	13	13	174.279	5.42101e-19	1.51788e-17	5.42101e-19
16010	G	G	197.846	37	14	14	0	0	197.846	0
16011	A	A	187.156	37	14	14	187.156	0	5.42101e-19	0
16012	A	A	177.491	37	14	14	177.491	0	7.58942e-18	0
16013	T	T	159.876	37	12	12	1.35525e-17	4.19044e-16	1.40946e-17	159.876
16014	A	A	166.193	37	12	12	166.193	1.35525e-17	7.75205e-17	1.35525e-17
16015	G	G	183.221	37	13	13	1.0842e-18	1.0842e-18	183.221	5.42101e-19
16016	A	A	172.12	37	13	13	172.12	5.42101e-19	2.54788e-17	5.42101e-19
16017	A	A	166.193	37	12	12	166.193	1.35525e-17	7.75205e-17	1.35525e-17
16018	T	T	171.865	37	13	13	5.42101e-19	2.71051e-17	5.42101e-19	171.865
16019	T	T	178.588	37	14	14	0	5.96311e-18	0	178.588
16020	T	T	173.226	37	13	13	5.42101e-19	1.95156e-17	5.42101e-19	173.226
16021	T	T	173.906	37	13	13	5.42101e-19	1.68051e-17	5.42101e-19	173.906
16022	A	A	170.932	37	13	13	170.932	5.42101e-19	3.41524e-17	5.42101e-19
16023	G	G	168.733	37	12	12	1.89735e-17	1.89735e-17	168.733	1.95156e-17
16024	T	T	155.717	37	11	11	3.88144e-16	3.88144e-16	3.88144e-16	155.717
16025	T	T	155.717	37	11	11	3.88144e-16	3.88144e-16	3.88144e-16	155.717
16026	C	C	168.438	37	12	12	2.11419e-17	168.438	2.05998e-17	2.05998e-17
16027	A	A	159.013	37	12	12	159.013	1.35525e-17	5.18249e-16	1.35525e-17
16028	A	A	157.313	37	12	12	157.313	1.35525e-17	7.79541e-16	1.35525e-17
16029	C	C	167.871	37	12	12	2.38524e-17	167.871	2.38524e-17	2.38524e-17
16030	T	T	159.231	37	12	12	1.35525e-17	4.91144e-16	1.35525e-17	159.231
16031	T	T	151.368	37	11	11	3.88144e-16	2.39311e-15	3.88144e-16	151.368
16032	T	T	151.574	37	11	11	3.87873e-16	2.24647e-15	3.88144e-16	151.574
16033	A	A	140.341	37	11	11	140.341	3.88144e-16	3.9369e-14	3.88144e-16
16034	A	A	126.537	37	9	9	126.537	3.21356e-13	3.21341e-13	3.21328e-13
16035	A	A	126.537	37	9	9	126.537	3.21332e-13	3.21323e-13	3.21315e-13
16036	C	C	126.315	37	10	9	3.29738e-14	126.315	3.29733e-14	9.48738e-13
16037	T	T	136.248	37	10	10	1.11697e-14	8.0689e-14	1.11724e-14	136.248
16038	T	T	142.723	37	11	11	3.88144e-16	2.24227e-14	3.88144e-16	142.723
16039	G	G	155.717	37	11	11	3.88144e-16	3.88144e-16	155.717	3.88144e-16
16040	C	C	154.241	37	11	11	5.45354e-16	154.241	5.45354e-16	5.45354e-16
16041	C	C	138.642	37	11	10	1.9288e-15	138.642	1.9288e-15	5.55101e-14
16042	T	T	157.752	37	12	12	1.35525e-17	7.01479e-16	1.35525e-17	157.752
16043	A	A	160.073	37	12	12	160.073	1.35525e-17	4.00071e-16	1.35525e-17
16044	C	C	169.526	37	12	12	1.6263e-17	169.526	1.6263e-17	1.6263e-17
16045	A	A	157.311	37	12	12	157.311	1.35525e-17	7.79541e-16	1.35525e-17
16046	A	A	150.839	37	11	11	150.839	3.88144e-16	2.80375e-15	3.88144e-16
16047	A	A	149.79	37	11	11	149.79	3.88144e-16	3.78224e-15	3.88144e-16
16048	A	A	137.566	37	10	10	137.566	1.11678e-14	5.37252e-14	1.11673e-14
16049	C	C	141.127	37	10	10	1.11676e-14	141.127	1.11673e-14	1.11673e-14
16050	T	T	141.127	37	10	10	1.11673e-14	1.11676e-14	1.11678e-14	141.127
16051	T	T	141.127	37	10	10	1.11673e-14	1.11676e-14	1.11681e-14	141.127
16052	A	A	127.301	37	10	10	127.301	1.11678e-14	7.86098e-13	1.11673e-14
16053	A	A	143.597	37	11	11	143.597	3.88144e-16	1.81954e-14	3.88144e-16
16054	A	A	131.262	37	10	10	131.262	1.11678e-14	3.02408e-13	1.11673e-14
16055	C	C	139.487	37	10	10	1.62934e-14	139.487	1.62928e-14	1.62928e-14
16056	A	A	122.183	37	10	10	122.183	1.11678e-14	2.60466e-12	1.11673e-14
16057	T	T	140.916	37	12	12	1.35525e-17	3.51422e-14	1.35525e-17	140.916
16058	T	T	143.624	37	11	11	3.88144e-16	1.8075e-14	3.88144e-16	143.624
16059	C	C	123.467	37	10	9	6.35191e-14	123.467	6.35169e-14	1.82758e-12
16060	G	G	126.537	37	9	9	3.21329e-13	3.2132e-13	126.537	3.21339e-13
16061	A	A	126.537	37	9	9	126.537	3.21332e-13	3.21321e-13	3.21315e-13
16062	A	A	141.127	37	10	10	141.127	1.11678e-14	1.11676e-14	1.11673e-14
16063	A	A	155.717	37	11	11	155.717	3.88144e-16	3.88144e-16	3.88144e-16
16064	G	G	155.717	37	11	11	3.88144e-16	3.88144e-16	155.717	3.88144e-16
16065	C	C	154.067	37	11	11	5.6758e-16	154.067	5.6758e-16	5.6758e-16
16066	A	A	152.156	37	11	11	152.156	3.88144e-16	1.86727e-15	3.88144e-16
16067	A	A	145.852	37	11	11	145.852	3.88144e-16	1.05103e-14	3.88144e-16
16068	G	G	154.173	37	11	11	5.54027e-16	5.53485e-16	154.173	5.54027e-16
16069	T	T	155.717	37	11	11	3.88144e-16	3.88144e-16	3.88144e-16	155.717
16070	T	T	155.717	37	11	11	3.88144e-16	3.88144e-16	3.88144e-16	155.717
16071	T	T	141.127	37	10	10	1.11673e-14	1.11676e-14	1.11681e-14	141.127
16072	A	A	115.128	37	9	9	115.128	3.21332e-13	1.26927e-11	3.21315e-13
16073	A	A	99.5869	37	9	8	99.5869	8.52896e-12	4.5797e-10	1.11292e-11
16074	A	A	107.262	37	8	8	107.262	9.2456e-12	6.30923e-11	9.24516e-12
16075	A	A	105.901	37	8	8	105.901	9.2456e-12	9.31135e-11	9.24516e-12
16076	T	T	97.3576	37	7	7	2.66011e-10	2.66013e-10	2.66021e-10	97.3576
16077	T	T	105.901	37	8	8	9.24516e-12	9.31125e-11	9.24557e-12	105.901
16078	T	T	107.262	37	8	8	9.24516e-12	6.30916e-11	9.24557e-12	107.262
16079	A	A	108.387	37	8	8	108.387	9.2456e-12	4.44778e-11	9.24516e-12
16080	T	T	107.804	37	8	8	9.24518e-12	5.35155e-11	9.2456e-12	107.804
16081	T	T	113.983	37	9	9	3.2132e-13	1.67163e-11	3.2134e-13	113.983
16082	C	C	125.479	37	9	9	4.10011e-13	125.479	4.09994e-13	4.10001e-13
16083	T	T	128.272	37	10	10	1.11673e-14	6.24238e-13	1.11681e-14	128.272
16084	A	A	122.484	37	9	9	122.484	3.21332e-13	1.80866e-12	3.21315e-13
16085	A	A	122.423	37	9	9	122.423	3.21332e-13	1.84318e-12	3.21315e-13
16086	A	A	115.656	37	9	9	115.656	3.21332e-13	1.11663e-11	3.21315e-13
16087	A	A	113.761	37	9	9	113.761	3.21332e-13	1.76249e-11	3.21315e-13
16088	A	A	107.833	37	8	8	107.833	9.24559e-12	5.30334e-11	9.24516e-12
16089	G	G	125.479	37	9	9	4.10008e-13	4.09997e-13	125.479	4.10018e-13
16090	G	G	125.08	37	10	9	1.26056e-12	4.38094e-14	125.08	4.38115e-14
16091	T	T	114.866	37	9	9	3.21315e-13	1.35199e-11	3.21331e-13	114.866
16092	A	A	130.469	37	10	10	130.469	1.11684e-14	3.67469e-13	1.11676e-14
16093	C	C	138.339	37	11	10	2.06974e-15	138.339	2.06866e-15	5.95292e-14
16094	A	A	155.212	37	12	12	155.212	1.35525e-17	1.28098e-15	1.35525e-17
16095	G	G	155.717	37	11	11	3.88144e-16	3.88144e-16	155.717	3.88144e-16
16096	C	C	152.496	37	11	11	8.14778e-16	152.496	8.14778e-16	8.14778e-16
16097	T	T	138.09	37	11	11	3.87873e-16	6.66399e-14	3.88144e-16	138.09
16098	T	T	145.316	37	11	11	3.88144e-16	1.1994e-14	3.88144e-16	145.316
16099	T	T	151.832	37	11	11	3.88144e-16	2.07218e-15	3.88144e-16	151.832
16100	T	T	169.661	37	13	13	5.42101e-19	4.60786e-17	5.42101e-19	169.661
16101	T	T	157.977	37	12	12	1.35525e-17	6.65158e-16	1.35525e-17	157.977
16102	A	A	170.306	37	12	12	170.306	1.35525e-17	1.35525e-17	1.35525e-17
16103	G	G	184.897	37	13	13	5.42101e-19	5.42101e-19	184.897	5.42101e-19
16104	A	A	184.897	37	13	13	184.897	5.42101e-19	5.42101e-19	5.42101e-19
16105	A	A	210.515	37	15	15	210.515	0	0	0
16106	T	T	194.629	37	15	15	0	0	0	194.629
16107	C	C	192.862	37	17	15	0	192.862	0	0
16108	A	A	238.378	37	17	17	238.378	0	0	0
16109	A	A	236.271	37	17	17	236.271	0	0	0
16110	G	G	228.666	37	16	16	0	0	228.666	0
16111	G	G	243.256	37	17	17	0	0	243.256	0
16112	A	A	272.435	37	19	19	272.435	0	0	0
16113	T	T	225.094	37	19	18	0	0	0	225.094
16114	A	A	272.435	37	19	19	272.435	0	0	0
16115	C	C	296.177	37	22	21	0	296.177	0	0
16116	A	A	330.795	37	23	23	330.795	0	0	0
16117	A	A	341.824	37	24	24	341.824	0	0	0
16118	C	C	325.823	37	24	23	0	325.823	0	0
16119	C	C	337.927	37	25	24	0	337.927	0	0
16120	T	T	341.464	37	25	25	0	0	0	341.464
16121	T	T	349.315	37	25	25	0	0	0	349.315
16122	A	A	369.416	37	27	27	369.416	0	0	0
16123	C	C	368.399	37	27	26	0	368.399	0	0
16124	T	T	362.193	37	27	27	0	0	0	362.193
16125	T	T	367.972	37	28	28	0	0	0	367.972
16126	A	A	375.328	37	27	27	375.328	0	0	0
16127	G	G	373.632	37	27	26	0	0	373.632	0
16128	A	A	385.011	37	27	27	385.011	0	0	0
16129	G	G	372.353	37	27	26	0	0	372.353	0
16130	A	A	364.204	37	27	27	364.204	0	0	0
16131	G	G	383.322	37	28	27	0	0	383.322	0
16132	T	T	378.273	37	27	27	0	0	0	378.273
16133	A	A	375.738	37	28	28	375.738	0	0	0
16134	A	A	370.978	37	28	28	370.978	0	0	0
16135	A	A	349.093	37	25	25	349.093	0	0	0
16136	T	T	355.831	37	25	25	0	0	0	355.831
16137	A	A	335.444	37	24	24	335.444	0	0	0
16138	C	C	345.385	37	24	24	0	345.385	0	0
16139	T	T	345.384	37	24	24	0	0	0	345.384
16140	G	G	327.393	37	23	23	0	0	327.393	0
16141	A	A	295.017	37	23	23	295.017	0	0	0
16142	T	T	316.205	37	22	22	0	0	0	316.205
16143	T	T	316.205	37	22	22	0	0	0	316.205
16144	A	A	254.273	37	19	19	254.273	0	0	0
16145	A	A	245.097	37	19	19	245.097	0	0	0
16146	A	A	232.482	37	18	18	232.482	0	0	0
16147	T	T	257.846	37	18	18	0	0	0	257.846
16148	C	C	257.846	37	18	18	0	257.846	0	0
16149	A	A	207.436	37	16	16	207.436	0	0	0
16150	T	T	222.739	37	16	16	0	0	0	222.739
16151	A	A	202.547	37	15	15	202.547	0	0	0
16152	G	G	194.679	37	15	14	0	0	194.679	0
16153	T	T	195.433	37	14	14	0	0	0	195.433
16154	A	A	179.169	37	14	14	179.169	0	5.42101e-18	0
16155	G	G	197.097	37	14	14	0	0	197.097	0
16156	G	G	196.059	37	14	14	0	0	196.059	0
16157	C	C	184.037	37	13	13	5.42101e-19	184.037	5.42101e-19	5.42101e-19
16158	C	C	184.106	37	13	13	5.42101e-19	184.106	5.42101e-19	5.42101e-19
16159	T	T	176.905	37	14	14	0	8.67362e-18	0	176.905
16160	A	A	181.319	37	13	13	181.319	5.42101e-19	2.1684e-18	5.42101e-19
16161	G	G	167.083	37	13	12	7.91468e-17	3.25261e-18	167.083	3.25261e-18
16162	A	A	188.906	37	14	14	188.906	0	5.42101e-19	0
16163	A	A	187.879	37	14	14	187.879	0	5.42101e-19	0
16164	G	G	196.854	37	14	14	0	0	196.854	0
16165	C	C	167.7	37	13	12	2.1684e-18	167.7	2.1684e-18	6.93889e-17
16166	A	A	180.728	37	13	13	180.728	5.42101e-19	2.71051e-18	5.42101e-19
16167	G	G	184.115	37	13	13	5.42101e-19	5.42101e-19	184.115	5.42101e-19
16168	C	C	184.115	37	13	13	5.42101e-19	184.115	5.42101e-19	5.42101e-19
16169	C	C	167.7	37	13	12	2.1684e-18	167.7	2.1684e-18	6.93889e-17
16170	A	A	152.517	37	12	12	152.517	1.35525e-17	2.40584e-15	1.35525e-17
16171	T	T	170.305	37	12	12	1.35525e-17	1.35525e-17	1.35525e-17	170.305
16172	A	A	149.292	37	12	12	149.292	1.35525e-17	5.08437e-15	1.35525e-17
16173	A	A	152.729	37	13	13	152.729	5.42101e-19	2.31586e-15	5.42101e-19
16174	A	A	145.739	37	11	11	145.739	3.88144e-16	1.08081e-14	3.88144e-16
16175	T	T	148.786	37	12	12	1.35525e-17	5.71646e-15	1.35525e-17	148.786
16176	T	T	151.176	37	12	12	1.35525e-17	3.28513e-15	1.35525e-17	151.176
16177	A	A	163.403	37	13	13	163.403	5.42101e-19	1.97325e-16	5.42101e-19
16178	A	A	150.438	37	12	12	150.438	1.35525e-17	3.89933e-15	1.35525e-17
16179	G	G	153.973	37	11	11	5.80048e-16	5.80048e-16	153.973	5.80048e-16
16180	A	A	142.723	37	11	11	142.723	3.88144e-16	2.24229e-14	3.88144e-16
16181	A	A	150.839	37	11	11	150.839	3.88144e-16	2.80375e-15	3.88144e-16
16182	A	A	149.79	37	11	11	149.79	3.88144e-16	3.78224e-15	3.88144e-16
16183	G	G	140.417	37	10	10	1.31503e-14	1.31497e-14	140.417	1.31508e-14
16184	C	C	140.335	37	10	10	1.34024e-14	140.335	1.33997e-14	1.34007e-14
16185	G	G	124.327	37	10	9	1.49949e-12	5.21133e-14	124.327	5.21154e-14
16186	T	T	149.79	37	11	11	3.88144e-16	3.78224e-15	3.88144e-16	149.79
16187	T	T	150.839	37	11	11	3.88144e-16	2.80375e-15	3.88144e-16	150.839
16188	T	T	137.013	37	10	10	1.11673e-14	6.40593e-14	1.11678e-14	137.013
16189	A	A	130.893	37	10	10	130.893	1.11678e-14	3.31251e-13	1.11673e-14
16190	A	A	137.327	37	11	11	137.327	3.88144e-16	7.95934e-14	3.88144e-16
16191	G	G	118.377	37	11	9	6.2961e-12	7.60568e-15	118.377	7.60568e-15
16192	A	A	121.872	37	10	10	121.872	1.11678e-14	2.79966e-12	1.11673e-14
16193	T	T	137.074	37	10	10	1.11673e-14	6.28596e-14	1.11678e-14	137.074
16194	C	C	125.92	37	9	9	3.70429e-13	125.92	3.70396e-13	3.70409e-13
16195	A	A	106.02	37	8	8	106.02	9.24701e-12	9.0102e-11	9.24598e-12
16196	A	A	80.1007	37	7	6	80.1007	6.77098e-09	2.56874e-08	9.97565e-09
16197	C	C	97.3576	37	7	7	2.66019e-10	97.3576	2.6601e-10	2.66014e-10
16198	A	A	111.947	37	8	8	111.947	9.24627e-12	9.24584e-12	9.24554e-12
16199	C	C	110.965	37	8	8	1.15919e-11	110.965	1.15915e-11	1.15917e-11
16200	C	C	111.088	37	8	8	1.12686e-11	111.088	1.12681e-11	1.12683e-11
16201	C	C	119.256	37	9	9	2.01291e-12	119.256	1.50046e-12	1.64168e-12
16202	A	A	141.127	37	10	10	141.127	1.11678e-14	1.11676e-14	1.11673e-14
16203	T	T	129.22	37	10	10	1.11673e-14	4.97378e-13	1.11678e-14	129.22
16204	A	A	146.066	37	11	11	146.066	3.88144e-16	9.96843e-15	3.88144e-16
16205	C	C	153.15	37	11	11	7.02563e-16	153.15	6.99853e-16	7.00395e-16
16206	C	C	133.708	37	12	10	2.23346e-16	133.708	2.23346e-16	1.84463e-13
16207	A	A	157.977	37	12	12	157.977	1.35525e-17	6.65158e-16	1.35525e-17
16208	A	A	155.07	37	12	12	155.07	1.35525e-17	1.32435e-15	1.35525e-17
16209	C	C	153.353	37	11	11	6.68953e-16	153.353	6.68953e-16	6.68953e-16
16210	C	C	153.949	37	11	11	5.83301e-16	153.949	5.83301e-16	5.83301e-16
16211	T	T	151.602	37	11	11	3.88144e-16	2.22668e-15	3.88144e-16	151.602
16212	G	G	155.717	37	11	11	3.88144e-16	3.88144e-16	155.717	3.88144e-16
16213	A	A	155.717	37	11	11	155.717	3.88144e-16	3.88144e-16	3.88144e-16
16214	T	T	155.717	37	11	11	3.88144e-16	3.88144e-16	3.88144e-16	155.717
16215	A	A	155.717	37	11	11	155.717	3.88144e-16	3.88144e-16	3.88144e-16
16216	C	C	155.717	37	11	11	3.88144e-16	155.717	3.88144e-16	3.88144e-16
16217	C	C	155.494	37	12	11	3.95734e-17	155.494	3.95734e-17	1.146e-15
16218	A	A	170.307	37	12	12	170.307	1.35525e-17	1.35525e-17	1.35525e-17
16219	T	T	166.193	37	12	12	1.35525e-17	7.75205e-17	1.35525e-17	166.193
16220	A	A	162.854	37	12	12	162.854	3.41524e-17	1.65883e-16	2.49366e-17
16221	A	A	174.532	37	13	13	174.532	5.42101e-19	1.40946e-17	5.42101e-19
16222	A	A	166.59	37	13	13	166.59	5.42101e-19	9.43256e-17	5.42101e-19
16223	T	T	186.631	37	14	14	0	1.0842e-18	0	186.631
16224	A	A	158.726	37	13	13	158.726	5.42101e-19	5.81674e-16	5.42101e-19
16225	T	T	174.955	37	13	13	5.42101e-19	1.30104e-17	5.42101e-19	174.955
16226	C	C	148.69	37	13	11	7.58942e-18	148.69	7.58942e-18	5.85794e-15
16227	C	C	168.631	37	12	12	2.00577e-17	168.631	2.00577e-17	2.00577e-17
16228	A	A	141.127	37	10	10	141.127	1.11678e-14	1.11673e-14	1.11673e-14
16229	A	A	151.832	37	11	11	151.832	3.88144e-16	2.07218e-15	3.88144e-16
16230	T	T	149.858	37	12	12	1.35525e-17	4.45987e-15	1.35525e-17	149.858
16231	T	T	158.634	37	12	12	1.35525e-17	5.6758e-16	1.35525e-17	158.634
16232	A	A	180.211	37	13	13	180.211	5.42101e-19	3.25261e-18	5.42101e-19
16233	C	C	182.414	37	13	13	1.0842e-18	182.414	1.0842e-18	1.0842e-18
16234	C	C	168.737	37	12	12	1.95156e-17	168.737	1.95156e-17	1.95156e-17
16235	T	T	172.003	37	13	13	5.42101e-19	2.6563e-17	5.42101e-19	172.003
16236	C	C	183.128	37	13	13	5.42101e-19	183.128	5.42101e-19	5.42101e-19
16237	C	C	167.783	37	13	12	2.1684e-18	167.783	2.1684e-18	6.72205e-17
16238	T	T	180.843	37	13	13	5.42101e-19	2.71051e-18	5.42101e-19	180.843
16239	A	A	170.307	37	12	12	170.307	1.35525e-17	1.35525e-17	1.35525e-17
16240	A	A	170.307	37	12	12	170.307	1.35525e-17	1.35525e-17	1.35525e-17
16241	T	T	170.307	37	12	12	1.35525e-17	1.35525e-17	1.35525e-17	170.307
16242	A	A	180.753	37	13	13	180.753	5.42101e-19	2.71051e-18	5.42101e-19
16243	A	A	194.894	37	14	14	194.894	0	0	0
16244	A	A	203	37	15	15	203	0	0	0
16245	A	A	201.044	37	15	15	201.044	0	0	0
16246	T	T	190.84	37	16	16	0	5.42101e-19	0	190.84
16247	A	A	218.018	37	16	16	218.018	0	0	0
16248	A	A	215.752	37	16	16	215.752	0	0	0
16249	C	C	212.524	37	15	15	0	212.524	0	0
16250	T	T	204.425	37	15	15	0	0	0	204.425
16251	G	G	227.093	37	16	16	0	0	227.093	0
16252	G	G	214.076	37	15	15	0	0	214.076	0
16253	G	G	214.076	37	15	15	0	0	214.076	0
16254	C	C	197.001	37	15	14	0	197.001	0	0
16255	T	T	210.191	37	15	15	0	0	0	210.191
16256	A	A	203.2	37	15	15	203.2	0	0	0
16257	A	A	196.051	37	15	15	196.051	0	0	0
16258	T	T	214.076	37	15	15	0	0	0	214.076
16259	C	C	199.486	37	14	14	0	199.486	0	0
16260	T	T	184.897	37	13	13	5.42101e-19	5.42101e-19	5.42101e-19	184.897
16261	A	A	185.646	37	14	14	185.646	0	1.0842e-18	0
16262	G	G	184.674	37	14	13	1.0842e-18	0	184.674	0
16263	T	T	172.99	37	13	13	5.42101e-19	2.05998e-17	5.42101e-19	172.99
16264	T	T	174.202	37	13	13	0	1.51788e-17	0	174.202
16265	A	A	184.897	37	13	13	184.897	5.42101e-19	5.42101e-19	5.42101e-19
16266	A	A	184.897	37	13	13	184.897	5.42101e-19	5.42101e-19	5.42101e-19
16267	A	A	199.486	37	14	14	199.486	0	0	0
16268	A	A	195.601	37	14	14	195.601	0	0	0
16269	A	A	189.085	37	14	14	189.085	0	5.42101e-19	0
16270	T	T	195.433	37	14	14	0	0	0	195.433
16271	A	A	202.405	37	15	15	202.405	0	0	0
16272	G	G	176.801	37	15	13	8.67362e-18	0	176.801	0
16273	A	A	201.043	37	15	15	201.043	0	0	0
16274	A	A	189.252	37	14	14	189.252	0	5.42101e-19	0
16275	G	G	197.742	37	14	14	0	0	197.742	0
16276	C	C	198.696	37	14	14	0	198.696	0	0
16277	A	A	180.019	37	13	13	180.019	5.42101e-19	3.25261e-18	5.42101e-19
16278	A	A	178.969	37	13	13	178.969	5.42101e-19	4.33681e-18	5.42101e-19
16279	C	C	170.307	37	12	12	1.35525e-17	170.307	1.35525e-17	1.35525e-17
16280	T	T	170.307	37	12	12	1.35525e-17	1.35525e-17	1.35525e-17	170.307
16281	A	A	160.387	37	13	13	160.387	5.42101e-19	3.96276e-16	5.42101e-19
16282	T	T	180.21	37	13	13	5.42101e-19	3.25261e-18	5.42101e-19	180.21
16283	G	G	163.628	37	13	12	1.75641e-16	6.50521e-18	163.628	6.50521e-18
16284	C	C	153.232	37	12	11	6.72205e-17	153.232	6.72205e-17	1.9288e-15
16285	T	T	172.342	37	13	13	5.42101e-19	2.43945e-17	5.42101e-19	172.342
16286	A	A	135.08	37	10	10	135.08	1.11686e-14	1.12478e-13	1.11678e-14
16287	A	A	141.127	37	10	10	141.127	1.11678e-14	1.11676e-14	1.11673e-14
16288	T	T	129.598	37	10	10	1.11673e-14	4.54068e-13	1.11681e-14	129.598
16289	A	A	155.717	37	11	11	155.717	3.88144e-16	3.88144e-16	3.88144e-16
16290	T	T	149.077	37	12	12	1.35525e-17	5.34457e-15	1.35525e-17	149.077
16291	G	G	169.545	37	12	12	1.57209e-17	1.57209e-17	169.545	1.6263e-17
16292	A	A	159.943	37	12	12	159.943	1.35525e-17	4.13081e-16	1.35525e-17
16293	G	G	168.458	37	12	12	2.05998e-17	2.05998e-17	168.458	2.05998e-17
16294	T	T	166.746	37	12	12	1.30104e-17	6.451e-17	1.30104e-17	166.746
16295	A	A	151.031	37	11	11	151.031	3.88144e-16	2.64871e-15	3.88144e-16
16296	A	A	149.671	37	11	11	149.671	3.88144e-16	3.90909e-15	3.88144e-16
16297	C	C	154.143	37	11	11	5.57822e-16	154.143	5.57822e-16	5.57822e-16
16298	G	G	155.717	37	11	11	3.88144e-16	3.88144e-16	155.717	3.88144e-16
16299	A	A	155.717	37	11	11	155.717	3.88144e-16	3.88144e-16	3.88144e-16
16300	G	G	170.307	37	12	12	1.35525e-17	1.35525e-17	170.307	1.35525e-17
16301	A	A	184.897	37	13	13	184.897	5.42101e-19	5.42101e-19	5.42101e-19
16302	A	A	184.897	37	13	13	184.897	5.42101e-19	5.42101e-19	5.42101e-19
16303	G	G	184.279	37	13	13	5.42101e-19	5.42101e-19	184.279	5.42101e-19
16304	T	T	174.495	37	13	13	0	1.40946e-17	0	174.495
16305	A	A	160.921	37	13	13	160.921	5.42101e-19	3.50197e-16	5.42101e-19
16306	C	C	184.897	37	13	13	5.42101e-19	184.897	5.42101e-19	5.42101e-19
16307	T	T	184.897	37	13	13	5.42101e-19	5.42101e-19	5.42101e-19	184.897
16308	T	T	170.305	37	12	12	1.35525e-17	1.35525e-17	1.35525e-17	170.305
16309	C	C	168.733	37	12	12	1.95156e-17	168.733	1.95156e-17	1.95156e-17
16310	T	T	136.249	37	10	10	1.11673e-14	8.0669e-14	1.11678e-14	136.249
16311	C	C	140.123	37	11	10	1.37152e-15	140.123	1.37152e-15	3.94715e-14
16312	C	C	134.265	33.5025	12	10	2.00577e-16	134.265	1.98409e-16	1.62258e-13
16313	A	A	170.306	33.5025	12	12	170.306	1.35525e-17	1.35525e-17	1.35525e-17
16314	A	A	166.422	33.5025	12	12	166.422	1.35525e-17	7.20994e-17	1.35525e-17
16315	G	G	184.004	33.6913	13	13	5.42101e-19	5.42101e-19	184.004	5.42101e-19
16316	G	G	184.037	33.6913	13	13	5.42101e-19	5.42101e-19	184.037	5.42101e-19
16317	C	C	197.06	33.86	14	14	0	197.06	0	0
16318	A	A	193.44	33.86	14	14	193.44	0	0	0
16319	A	A	184.897	33.6913	13	13	184.897	5.42101e-19	5.42101e-19	5.42101e-19
16320	A	A	184.88	33.6913	13	13	184.88	5.42101e-19	5.42101e-19	5.42101e-19
16321	A	A	184.897	33.6913	13	13	184.897	5.42101e-19	5.42101e-19	5.42101e-19
16322	G	G	184.187	33.6913	13	13	5.42101e-19	5.42101e-19	184.187	5.42101e-19
16323	C	C	184.896	33.6913	13	13	5.42101e-19	184.896	5.42101e-19	5.42101e-19
16324	T	T	184.897	33.6913	13	13	5.42101e-19	5.42101e-19	5.42101e-19	184.897
16325	T	T	193.559	33.86	14	14	0	0	0	193.559
16326	A	A	185.762	33.86	14	14	185.762	0	1.0842e-18	0
16327	G	G	158.551	33.6913	13	12	5.68122e-16	2.1684e-17	158.551	1.95156e-17
16328	A	A	170.307	33.5025	12	12	170.307	1.35525e-17	1.35525e-17	1.35525e-17
16329	A	A	166.422	33.5025	12	12	166.422	1.35525e-17	7.20994e-17	1.35525e-17
16330	C	C	170.307	33.5025	12	12	1.35525e-17	170.307	1.35525e-17	1.35525e-17
16331	A	A	152.233	33.5025	12	12	152.233	1.35525e-17	2.5701e-15	1.35525e-17
16332	G	G	167.673	33.5025	12	12	2.43945e-17	2.43945e-17	167.673	2.49366e-17
16333	C	C	170.307	33.5025	12	12	1.35525e-17	170.307	1.35525e-17	1.35525e-17
16334	A	A	156.582	33.5025	12	12	156.582	1.35525e-17	9.26993e-16	1.35525e-17
16335	A	A	149.671	33.2895	11	11	149.671	3.88144e-16	3.90909e-15	3.88144e-16
16336	C	C	140.346	37	10	10	1.33688e-14	140.346	1.33677e-14	1.33682e-14
16337	G	G	154.165	37	11	11	5.54569e-16	5.54569e-16	154.165	5.55112e-16
16338	G	G	153.367	37	11	11	6.66784e-16	6.66784e-16	153.367	6.66784e-16
16339	A	A	129.106	37	11	11	129.106	3.88144e-16	5.32788e-13	3.88144e-16
16340	T	T	151.664	37	11	11	3.88144e-16	2.18467e-15	3.88144e-16	151.664
16341	A	A	108.514	37	9	9	108.514	3.21331e-13	6.05113e-11	3.21315e-13
16342	A	A	105.165	37	9	9	105.165	3.21331e-13	1.31581e-10	3.21315e-13
16343	C	C	111.927	37	8	8	9.3009e-12	111.927	9.27559e-12	9.2913e-12
16344	C	C	110.374	37	8	8	1.32825e-11	110.374	1.32818e-11	1.32822e-11
16345	A	A	99.8273	37	8	8	99.8273	9.24557e-12	4.33419e-10	9.24516e-12
16346	C	C	80.2435	37	7	6	1.33435e-09	80.2435	1.33431e-09	3.83926e-08
16347	T	T	93.3042	37	7	7	2.6601e-10	1.49735e-09	2.66021e-10	93.3042
16348	G	G	96.2991	37	7	7	3.3943e-10	3.39426e-10	96.2991	3.39436e-10
16349	A	A	91.4303	37	7	7	91.4303	2.66026e-10	2.59225e-09	2.66013e-10
16350	T	T	91.4302	37	7	7	2.66015e-10	2.59231e-09	2.6603e-10	91.4302
16351	A	A	97.3576	37	7	7	97.3576	2.6602e-10	2.66012e-10	2.6601e-10
16352	G	G	97.3576	37	7	7	2.6601e-10	2.66008e-10	97.3576	2.66015e-10
16353	T	T	99.033	37	8	8	9.24516e-12	5.2412e-10	9.2456e-12	99.033
16354	T	T	106.089	37	9	9	3.21315e-13	1.06244e-10	3.21332e-13	106.089
16355	A	A	122.381	37	9	9	122.381	3.24696e-13	1.86207e-12	3.23276e-13
16356	A	A	122.189	37	9	9	122.189	3.21331e-13	1.98115e-12	3.21315e-13
16357	C	C	108.74	37	9	8	1.88738e-12	108.74	1.88437e-12	5.42724e-11
16358	A	A	135.081	37	10	10	135.081	1.11678e-14	1.12472e-13	1.11673e-14
16359	A	A	126.537	37	9	9	126.537	3.21331e-13	3.21319e-13	3.21315e-13
16360	C	C	125.678	37	9	9	3.91646e-13	125.678	3.91625e-13	3.91637e-13
16361	A	A	122.394	37	9	9	122.394	3.21331e-13	1.85994e-12	3.21315e-13
16362	A	A	136.778	37	10	10	136.778	1.11678e-14	6.88555e-14	1.11673e-14
16363	C	C	128.389	37	11	10	2.04502e-14	128.389	2.04481e-14	5.88375e-13
16364	G	G	153.524	37	11	11	6.38053e-16	6.28837e-16	153.524	6.62448e-16
16365	T	T	130.136	37	10	10	1.11673e-14	3.98565e-13	1.11681e-14	130.136
16366	A	A	141.127	37	10	10	141.127	1.11678e-14	1.11676e-14	1.11673e-14
16367	G	G	141.127	37	10	10	1.11676e-14	1.11673e-14	141.127	1.11678e-14
16368	A	A	151.832	37	11	11	151.832	3.88144e-16	2.07218e-15	3.88144e-16
16369	A	A	159.906	37	12	12	159.906	1.35525e-17	4.16876e-16	1.35525e-17
16370	A	A	159.316	37	12	12	159.316	1.35525e-17	4.81386e-16	1.35525e-17
16371	T	T	159.726	37	12	12	1.35525e-17	4.35307e-16	1.35525e-17	159.726
16372	A	A	156.582	37	12	12	156.582	1.35525e-17	9.26993e-16	1.35525e-17
16373	A	A	149.671	37	11	11	149.671	3.88144e-16	3.90909e-15	3.88144e-16
16374	T	T	141.127	37	10	10	1.11673e-14	1.11676e-14	1.11678e-14	141.127
16375	C	C	141.127	37	10	10	1.11678e-14	141.127	1.11673e-14	1.11676e-14
16376	C	C	141.126	37	10	10	1.11697e-14	141.126	1.11684e-14	1.11692e-14
16377	A	A	155.717	37	11	11	155.717	3.88144e-16	3.88144e-16	3.88144e-16
16378	A	A	166.422	37	12	12	166.422	1.35525e-17	7.20994e-17	1.35525e-17
16379	C	C	194.433	37	14	14	0	194.433	0	0
16380	A	A	195.136	37	14	14	195.136	0	0	0
16381	A	A	194.801	37	14	14	194.801	0	0	0
16382	T	T	181.684	37	14	14	0	2.71051e-18	0	181.684
16383	A	A	180.753	37	13	13	180.753	5.42101e-19	2.71051e-18	5.42101e-19
16384	A	A	195.138	37	14	14	195.138	0	0	0
16385	A	A	194.801	37	14	14	194.801	0	0	0
16386	A	A	193.44	37	14	14	193.44	0	0	0
16387	C	C	184.135	37	13	13	5.42101e-19	184.135	5.42101e-19	5.42101e-19
16388	A	A	184.891	37	13	13	184.891	5.42101e-19	5.42101e-19	5.42101e-19
16389	C	C	184.897	37	13	13	5.42101e-19	184.897	5.42101e-19	5.42101e-19
16390	C	C	184.897	37	13	13	5.42101e-19	184.897	5.42101e-19	5.42101e-19
16391	T	T	184.897	37	13	13	5.42101e-19	5.42101e-19	5.42101e-19	184.897
16392	A	A	174.279	37	13	13	174.279	5.42101e-19	1.51788e-17	5.42101e-19
16393	C	C	184.897	37	13	13	5.42101e-19	184.897	5.42101e-19	5.42101e-19
16394	C	C	184.897	37	13	13	5.42101e-19	184.897	5.42101e-19	5.42101e-19
16395	A	A	162.909	37	13	13	162.909	5.42101e-19	2.21177e-16	5.42101e-19
16396	A	A	151.664	37	11	11	151.664	3.88144e-16	2.18467e-15	3.88144e-16
16397	A	A	151.603	37	11	11	151.603	3.88144e-16	2.22641e-15	3.88144e-16
16398	C	C	168.662	37	12	12	1.95156e-17	168.662	1.95156e-17	1.95156e-17
16399	C	C	153.947	37	12	11	5.63785e-17	153.947	5.63785e-17	1.63606e-15
16400	A	A	151.664	37	11	11	151.664	3.88144e-16	2.18467e-15	3.88144e-16
16401	A	A	151.603	37	11	11	151.603	3.88144e-16	2.22641e-15	3.88144e-16
16402	T	T	151.832	37	11	11	3.87873e-16	2.07191e-15	3.88144e-16	151.832
16403	T	T	155.717	37	11	11	3.88144e-16	3.88144e-16	3.88144e-16	155.717
16404	G	G	155.717	37	11	11	3.88144e-16	3.88144e-16	155.717	3.88144e-16
16405	T	T	150.839	37	11	11	3.87873e-16	2.80348e-15	3.88144e-16	150.839
16406	T	T	151.567	37	11	11	3.94107e-16	2.23454e-15	3.98986e-16	151.567
16407	A	A	152.044	37	12	12	152.044	1.35525e-17	2.68557e-15	1.35525e-17
16408	A	A	143.284	37	12	12	143.284	1.35525e-17	2.03635e-14	1.35525e-17
16409	T	T	165.957	37	12	12	1.35525e-17	8.29415e-17	1.35525e-17	165.957
16410	C	C	153.353	37	11	11	6.68953e-16	153.353	6.68953e-16	6.68953e-16
16411	C	C	139.359	37	10	10	1.67802e-14	139.359	1.67797e-14	1.67802e-14
16412	A	A	135.081	37	10	10	135.081	1.11684e-14	1.12475e-13	1.11676e-14
16413	A	A	126.537	37	9	9	126.537	3.21332e-13	3.21321e-13	3.21315e-13
16414	C	C	125.697	37	10	9	3.80083e-14	125.697	3.80072e-14	1.09359e-12
16415	A	A	137.074	37	10	10	137.074	1.11678e-14	6.28596e-14	1.11673e-14
16416	C	C	140.344	37	10	10	1.33747e-14	140.344	1.33709e-14	1.33731e-14
16417	A	A	129.817	37	10	10	129.817	1.11678e-14	4.30665e-13	1.11673e-14
16418	G	G	119.632	37	11	9	4.71603e-12	5.6964e-15	119.632	5.6964e-15
16419	G	G	138.916	37	11	10	5.21143e-14	1.8117e-15	138.916	1.8117e-15
16420	C	C	137.858	37	11	10	2.31152e-15	137.858	2.31152e-15	6.64985e-14
16421	A	A	142.802	37	11	11	142.802	3.88144e-16	2.20028e-14	3.88144e-16
16422	T	T	135.792	37	11	11	3.88144e-16	1.13656e-13	3.88144e-16	135.792
16423	C	C	132.503	37	12	10	2.93819e-16	132.503	2.93819e-16	2.43481e-13
16424	C	C	181.488	37	13	13	1.0842e-18	181.488	1.0842e-18	1.0842e-18
16425	G	G	170.307	37	12	12	1.35525e-17	1.35525e-17	170.307	1.35525e-17
16426	A	A	181.336	37	13	13	181.336	5.42101e-19	2.1684e-18	5.42101e-19
16427	C	C	165.698	37	13	12	4.33681e-18	165.698	4.33681e-18	1.09504e-16
16428	T	T	174.237	37	13	13	5.42101e-19	1.51788e-17	5.42101e-19	174.237
16429	A	A	194.609	37	14	14	194.609	0	0	0
16430	A	A	208.149	37	15	15	208.149	0	0	0
16431	T	T	187.58	37	14	14	0	5.42101e-19	0	187.58
16432	G	G	199.486	37	14	14	0	0	199.486	0
16433	A	A	199.449	37	14	14	199.449	0	0	0
16434	A	A	199.486	37	14	14	199.486	0	0	0
16435	A	A	199.486	37	14	14	199.486	0	0	0
16436	G	G	199.486	37	14	14	0	0	199.486	0
16437	A	A	210.515	37	15	15	210.515	0	0	0
16438	T	T	209.198	37	15	15	0	0	0	209.198
16439	T	T	220.364	37	17	17	0	0	0	220.364
16440	A	A	246.964	37	18	18	246.964	0	0	0
16441	A	A	237.921	37	18	18	237.921	0	0	0
16442	A	A	232.561	37	17	17	232.561	0	0	0
16443	A	A	245.939	37	18	18	245.939	0	0	0
16444	G	G	255.29	37	18	18	0	0	255.29	0
16445	A	A	237.209	37	17	17	237.209	0	0	0
16446	A	A	239.371	37	17	17	239.371	0	0	0
16447	G	G	226.181	37	17	16	0	0	226.181	0
16448	T	T	244.984	37	18	18	0	0	0	244.984
16449	A	A	282.339	37	20	20	282.339	0	0	0
16450	A	A	274.767	37	20	20	274.767	0	0	0
16451	A	A	268.382	37	19	19	268.382	0	0	0
16452	A	A	262.494	37	19	19	262.494	0	0	0
16453	G	G	245.915	37	19	18	0	0	245.915	0
16454	G	G	269.371	37	19	19	0	0	269.371	0
16455	A	A	246.201	37	18	18	246.201	0	0	0
16456	A	A	244.687	37	18	18	244.687	0	0	0
16457	C	C	243.256	37	17	17	0	243.256	0	0
16458	T	T	251.918	37	18	18	0	0	0	251.918
16459	C	C	240.088	37	18	17	0	240.088	0	0
16460	G	G	271.724	37	19	19	0	0	271.724	0
16461	G	G	254.219	37	19	18	0	0	254.219	0
16462	C	C	254.227	37	19	18	0	254.227	0	0
16463	A	A	268.016	37	20	20	268.016	0	0	0
16464	A	A	258.56	37	20	20	258.56	0	0	0
16465	A	A	237.317	37	19	19	237.317	0	0	0
16466	C	C	283.017	37	20	20	0	283.017	0	0
16467	A	A	253.655	37	19	19	253.655	0	0	0
16468	C	C	234.323	37	19	17	0	234.323	0	0
16469	A	A	257.341	37	19	19	257.341	0	0	0
16470	A	A	243.256	37	17	17	243.256	0	0	0
16471	A	A	243.256	37	17	17	243.256	0	0	0
16472	C	C	242.494	37	17	17	0	242.494	0	0
16473	C	C	242.639	37	17	17	0	242.639	0	0
16474	C	C	243.256	37	17	17	0	243.256	0	0
16475	C	C	243.241	37	17	17	0	243.241	0	0
16476	G	G	171.992	37	17	14	2.81893e-17	0	171.992	0
16477	C	C	214.076	37	15	15	0	214.076	0	0
16478	C	C	199.486	37	14	14	0	199.486	0	0
16479	T	T	199.486	37	14	14	0	0	0	199.486
16480	G	G	169.545	37	12	12	1.57209e-17	1.57209e-17	169.545	1.6263e-17
16481	T	T	184.251	37	14	14	0	1.6263e-18	0	184.251
16482	T	T	187.157	37	14	14	0	1.0842e-18	0	187.157
16483	T	T	193.448	37	15	15	0	0	0	193.448
16484	A	A	188.755	37	14	14	188.755	0	5.42101e-19	0
16485	C	C	197.378	37	14	14	0	197.378	0	0
16486	C	C	153.392	37	14	12	2.1684e-18	153.392	2.1684e-18	1.98409e-15
16487	A	A	191.266	37	15	15	191.266	0	5.42101e-19	0
16488	A	A	195.357	37	14	14	195.357	0	0	0
16489	A	A	188.176	37	14	14	188.176	0	5.42101e-19	0
16490	A	A	186.593	37	14	14	186.593	0	1.0842e-18	0
16491	A	A	189.252	37	14	14	189.252	0	5.42101e-19	0
16492	C	C	181.002	37	14	13	0	181.002	0	3.25261e-18
16493	A	A	186.493	37	14	14	186.493	0	1.0842e-18	0
16494	T	T	191.237	37	15	15	0	5.42101e-19	0	191.237
16495	C	C	196.117	37	15	14	0	196.117	0	0
16496	A	A	195.433	37	14	14	195.433	0	0	0
16497	C	C	181.621	37	14	13	0	181.621	0	3.25261e-18
16498	C	C	198.067	37	14	14	0	198.067	0	0
16499	T	T	199.486	37	14	14	0	0	0	199.486
16500	C	C	184.897	37	13	13	5.42101e-19	184.897	5.42101e-19	5.42101e-19
16501	C	C	197.913	37	14	14	0	197.913	0	0
16502	A	A	203.417	37	15	15	203.417	0	0	0
16503	G	G	226.893	37	16	16	0	0	226.893	0
16504	C	C	226.141	37	16	16	0	226.141	0	0
16505	A	A	209.391	37	15	15	209.391	0	0	0
16506	T	T	208.928	37	16	16	0	0	0	208.928
16507	T	T	203	37	15	15	0	0	0	203
16508	C	C	197.276	37	15	14	0	197.276	0	0
16509	C	C	213.286	37	15	15	0	213.286	0	0
16510	C	C	196.65	37	15	14	0	196.65	0	0
16511	A	A	188.664	37	15	15	188.664	0	5.42101e-19	0
16512	G	G	222.814	37	17	16	0	0	222.814	0
16513	T	T	230.926	37	17	17	0	0	0	230.926
16514	A	A	209.138	37	16	16	209.138	0	0	0
16515	T	T	218.049	37	16	16	0	0	0	218.049
16516	T	T	189.835	37	14	14	0	5.42101e-19	0	189.835
16517	G	G	167.7	37	13	12	6.93889e-17	2.1684e-18	167.7	2.1684e-18
16518	G	G	184.115	37	13	13	5.42101e-19	5.42101e-19	184.115	5.42101e-19
16519	A	A	180.019	37	13	13	180.019	5.42101e-19	3.25261e-18	5.42101e-19
16520	G	G	147.298	37	13	11	8.0708e-15	9.75782e-18	147.298	9.75782e-18
16521	G	G	168.726	37	12	12	1.95156e-17	1.95156e-17	168.726	1.95156e-17
16522	C	C	183.323	37	13	13	5.42101e-19	183.323	5.42101e-19	5.42101e-19
16523	A	A	180.022	37	14	14	180.022	0	4.33681e-18	0
16524	C	C	162.062	37	14	12	0	162.062	0	2.69966e-16
16525	T	T	159.726	37	12	12	1.35525e-17	4.35307e-16	1.35525e-17	159.726
16526	G	G	169.324	37	12	12	1.68051e-17	1.68051e-17	169.324	1.68051e-17
16527	C	C	169.69	37	12	12	1.57209e-17	169.69	1.57209e-17	1.57209e-17
16528	C	C	155.717	37	11	11	3.88144e-16	155.717	3.88144e-16	3.88144e-16
16529	T	T	155.717	37	11	11	3.88144e-16	3.88144e-16	3.88144e-16	155.717
16530	G	G	169.69	33.5025	12	12	1.51788e-17	1.51788e-17	169.69	1.57209e-17
16531	C	C	169.248	33.5025	12	12	1.73472e-17	169.248	1.73472e-17	1.73472e-17
16532	C	C	169.525	33.5025	12	12	1.6263e-17	169.525	1.6263e-17	1.6263e-17
16533	C	C	153.111	33.5025	12	11	6.93889e-17	153.111	6.93889e-17	1.98409e-15
16534	G	G	182.561	33.6913	13	13	1.0842e-18	1.0842e-18	182.561	5.42101e-19
16535	G	G	184.115	33.6913	13	13	5.42101e-19	5.42101e-19	184.115	5.42101e-19
16536	T	T	177.863	33.86	14	14	0	7.04731e-18	0	177.863
16537	G	G	197.912	33.86	14	14	0	0	197.912	0
16538	A	A	184.897	33.6913	13	13	184.897	5.42101e-19	5.42101e-19	5.42101e-19
16539	C	C	183.517	33.6913	13	13	5.42101e-19	183.517	5.42101e-19	5.42101e-19
16540	A	A	199.486	33.86	14	14	199.486	0	0	0
16541	T	T	194.801	33.86	14	14	0	0	0	194.801
16542	C	C	198.626	33.86	14	14	0	198.626	0	0
16543	A	A	203.842	34.0116	15	15	203.842	0	0	0
16544	G	G	173.205	34.0116	15	13	2.1684e-17	0	173.205	0
16545	T	T	209.727	34.0116	15	15	0	0	0	209.727
16546	T	T	201.183	34.0116	15	15	0	0	0	201.183
16547	A	A	184.507	34.0116	15	15	184.507	0	1.6263e-18	0
16548	A	A	191.431	34.0116	15	15	191.431	0	5.42101e-19	0
16549	A	A	195.137	33.86	14	14	195.137	0	0	0
16550	C	C	197.028	33.86	14	14	0	197.028	0	0
16551	G	G	184.026	33.86	14	13	2.1684e-18	1.0842e-18	184.026	0
16552	G	G	184.037	33.6913	13	13	5.42101e-19	5.42101e-19	184.037	5.42101e-19
16553	C	C	184.187	33.6913	13	13	5.42101e-19	184.187	5.42101e-19	5.42101e-19
16554	C	C	184.897	33.6913	13	13	5.42101e-19	184.897	5.42101e-19	5.42101e-19
16555	G	G	167.904	33.5025	12	12	2.38524e-17	2.38524e-17	167.904	2.33103e-17
16556	C	C	170.307	33.5025	12	12	1.35525e-17	170.307	1.35525e-17	1.35525e-17
16557	G	G	167.595	33.6913	13	12	7.04731e-17	2.1684e-18	167.595	2.1684e-18
16558	G	G	155.494	37	12	11	1.146e-15	3.95734e-17	155.494	3.95734e-17
16559	T	T	143.418	37	11	11	4.36933e-16	1.88567e-14	4.7461e-16	143.418
16560	C	C	154.174	37	11	11	5.53485e-16	154.174	5.53485e-16	5.53485e-16
16561	T	T	150.831	37	12	12	1.35525e-17	3.55944e-15	1.35525e-17	150.831
16562	T	T	164.345	37	13	13	5.42101e-19	1.58836e-16	5.42101e-19	164.345
16563	C	C	183.057	37	13	13	5.42101e-19	183.057	5.42101e-19	5.42101e-19
16564	T	T	179.252	37	14	14	5.42101e-19	5.42101e-18	5.42101e-19	179.252
16565	G	G	212.431	37	15	15	0	0	212.431	0
16566	A	A	199.486	37	14	14	199.486	0	0	0
16567	C	C	197.943	37	14	14	0	197.943	0	0
16568	C	C	172.56	37	16	13	0	172.56	0	2.38524e-17
16569	G	G	228.666	37	16	16	0	0	228.666	0
16570	T	T	218.008	37	16	16	0	0	0	218.008
16571	G	G	227.89	37	16	16	0	0	227.89	0
16572	C	C	210.171	37	16	15	0	210.171	0	0
16573	A	A	231.946	37	17	17	231.946	0	0	0
16574	A	A	230.362	37	17	17	230.362	0	0	0
16575	A	A	224.317	37	16	16	224.317	0	0	0
16576	G	G	212.306	37	16	15	0	0	212.306	0
16577	G	G	209.143	37	16	15	0	0	209.143	0
16578	T	T	214.076	37	15	15	0	0	0	214.076
16579	A	A	218.302	37	16	16	218.302	0	0	0
16580	G	G	209.391	37	16	15	0	0	209.391	0
16581	A	A	215.335	37	17	17	215.335	0	0	0
16582	A	A	209.535	37	16	16	209.535	0	0	0
16583	T	T	222.796	37	17	17	0	0	0	222.796
16584	A	A	207.539	37	16	16	207.539	0	0	0
16585	G	G	226.24	37	16	16	0	0	226.24	0
16586	T	T	202.431	37	15	15	0	0	0	202.431
16587	C	C	212.585	37	15	15	0	212.585	0	0
16588	A	A	199.486	37	14	14	199.486	0	0	0
16589	T	T	195.926	37	14	14	0	0	0	195.926
16590	T	T	199.486	37	14	14	0	0	0	199.486
16591	T	T	199.486	37	14	14	0	0	0	199.486
16592	G	G	182.686	37	14	13	2.1684e-18	0	182.686	0
16593	T	T	199.486	37	14	14	0	0	0	199.486
16594	T	T	208.148	37	15	15	0	0	0	208.148
16595	C	C	211.444	37	15	15	0	211.444	0	0
16596	T	T	202.468	37	15	15	0	0	0	202.468
16597	C	C	212.533	37	15	15	0	212.533	0	0
16598	G	G	211.713	37	15	15	0	0	211.713	0
16599	A	A	195.383	37	15	15	195.383	0	0	0
16600	A	A	194.236	37	15	15	194.236	0	0	0
16601	A	A	183.168	37	15	15	183.168	0	2.1684e-18	0
16602	T	T	193.559	37	14	14	0	0	0	193.559
16603	A	A	180.548	37	13	13	180.548	5.42101e-19	2.71051e-18	5.42101e-19
16604	A	A	180.211	37	13	13	180.211	5.42101e-19	3.25261e-18	5.42101e-19
16605	G	G	170.227	37	13	12	3.90313e-17	1.0842e-18	170.227	1.0842e-18
16606	G	G	170.307	37	12	12	1.35525e-17	1.35525e-17	170.307	1.35525e-17
16607	A	A	181.011	37	13	13	181.011	5.42101e-19	2.71051e-18	5.42101e-19
16608	C	C	183.838	37	13	13	5.42101e-19	183.838	5.42101e-19	5.42101e-19
16609	T	T	180.782	37	13	13	5.42101e-19	2.71051e-18	5.42101e-19	180.782
16610	T	T	180.843	37	13	13	5.42101e-19	2.71051e-18	5.42101e-19	180.843
16611	G	G	147.839	37	13	11	7.12646e-15	8.67362e-18	147.839	8.67362e-18
16612	T	T	170.307	37	12	12	1.35525e-17	1.35525e-17	1.35525e-17	170.307
16613	A	A	149.671	37	11	11	149.671	3.88144e-16	3.90909e-15	3.88144e-16
16614	T	T	149.671	37	11	11	3.87873e-16	3.90882e-15	3.88144e-16	149.671
16615	G	G	155.007	37	11	11	4.56991e-16	4.56991e-16	155.007	4.56991e-16
16616	A	A	166.163	37	12	12	166.163	1.35525e-17	7.80626e-17	1.35525e-17
16617	A	A	180.548	37	13	13	180.548	5.42101e-19	2.71051e-18	5.42101e-19
16618	A	A	180.211	37	13	13	180.211	5.42101e-19	3.25261e-18	5.42101e-19
16619	G	G	183.252	37	13	13	1.0842e-18	1.0842e-18	183.252	5.42101e-19
16620	G	G	170.306	37	12	12	1.35525e-17	1.35525e-17	170.306	1.35525e-17
16621	C	C	182.412	37	14	13	0	182.412	0	2.1684e-18
16622	C	C	182.068	37	14	13	0	182.068	0	2.1684e-18
16623	A	A	200.204	37	15	15	200.204	0	0	0
16624	C	C	196.164	37	15	14	0	196.164	0	0
16625	A	A	191.409	37	15	15	191.409	0	5.42101e-19	0
16626	C	C	184.106	37	13	13	5.42101e-19	184.106	5.42101e-19	5.42101e-19
16627	G	G	182.612	37	14	13	2.1684e-18	0	182.612	0
16628	A	A	186.631	37	14	14	186.631	0	1.0842e-18	0
16629	G	G	158.428	37	13	12	5.83301e-16	1.95156e-17	158.428	1.95156e-17
16630	G	G	166.248	37	13	12	9.6494e-17	3.25261e-18	166.248	3.25261e-18
16631	G	G	198.626	37	14	14	0	0	198.626	0
16632	T	T	187.157	37	14	14	0	1.0842e-18	0	187.157
16633	T	T	188.533	37	14	14	0	5.42101e-19	0	188.533
16634	T	T	179.071	37	14	14	0	5.42101e-18	0	179.071
16635	A	A	194.801	37	14	14	194.801	0	0	0
16636	A	A	193.44	37	14	14	193.44	0	0	0
16637	C	C	197.043	34.0116	15	14	0	197.043	0	0
16638	T	T	194.612	34.0116	15	15	0	0	0	194.612
16639	G	G	212.749	34.0116	15	15	0	0	212.749	0
16640	T	T	203.459	34.0116	15	15	0	0	0	203.459
16641	C	C	191.505	34.1488	16	14	0	191.505	0	0
16642	T	T	223.788	34.1488	16	16	0	0	0	223.788
16643	C	C	227.662	34.2735	17	16	0	227.662	0	0
16644	T	T	202.547	34.0116	15	15	0	0	0	202.547
16645	T	T	204.135	34.0116	15	15	0	0	0	204.135
16646	A	A	210.023	34.0116	15	15	210.023	0	0	0
16647	C	C	213.459	34.0116	15	15	0	213.459	0	0
16648	T	T	214.076	34.0116	15	15	0	0	0	214.076
16649	T	T	214.076	34.0116	15	15	0	0	0	214.076
16650	C	C	212.503	34.0116	15	15	0	212.503	0	0
16651	A	A	200.918	34.0116	15	15	200.918	0	0	0
16652	A	A	194.801	33.86	14	14	194.801	0	0	0
16653	A	A	208.03	34.0116	15	15	208.03	0	0	0
16654	T	T	188.605	33.86	14	14	0	5.42101e-19	0	188.605
16655	C	C	198.705	33.86	14	14	0	198.705	0	0
16656	A	A	209.933	34.0116	15	15	209.933	0	0	0
16657	G	G	213.217	34.0116	15	15	0	0	213.217	0
16658	T	T	209.727	34.0116	15	15	0	0	0	209.727
16659	G	G	210.879	34.0116	15	15	0	0	210.879	0
16660	A	A	188.533	33.86	14	14	188.533	0	5.42101e-19	0
16661	A	A	180.471	33.86	14	14	180.471	0	3.79471e-18	0
16662	A	A	169.558	33.86	14	14	169.558	0	4.8247e-17	0
16663	T	T	170.307	33.5025	12	12	1.35525e-17	1.35525e-17	1.35525e-17	170.307
16664	T	T	170.307	33.5025	12	12	1.35525e-17	1.35525e-17	1.35525e-17	170.307
16665	G	G	153.011	33.5025	12	11	2.02963e-15	7.04731e-17	153.011	7.04731e-17
16666	A	A	149.498	37	12	12	149.498	1.35525e-17	4.84855e-15	1.35525e-17
16667	C	C	154.658	37	11	11	4.9548e-16	154.658	4.9548e-16	4.9548e-16
16668	C	C	154.936	37	11	11	4.64581e-16	154.936	4.64581e-16	4.64581e-16
16669	T	T	137.074	37	10	10	1.11673e-14	6.28601e-14	1.11681e-14	137.074
16670	T	T	122.976	37	9	9	3.21344e-13	1.54598e-12	3.21382e-13	122.976
16671	C	C	126.537	37	9	9	3.21332e-13	126.537	3.21315e-13	3.21324e-13
16672	C	C	139.482	37	10	10	1.63102e-14	139.482	1.63091e-14	1.63097e-14
16673	C	C	140.145	37	10	10	1.40025e-14	140.145	1.40014e-14	1.40019e-14
16674	G	G	124.173	37	9	9	5.53777e-13	5.53765e-13	124.173	5.53791e-13
16675	T	T	107.804	37	8	8	9.24516e-12	5.35159e-11	9.24559e-12	107.804
16676	G	G	110.965	37	8	8	1.15917e-11	1.15915e-11	110.965	1.15919e-11
16677	A	A	105.901	37	8	8	105.901	9.24558e-12	9.31129e-11	9.24516e-12
16678	A	A	97.3576	37	7	7	97.3576	2.66021e-10	2.66013e-10	2.6601e-10
16679	G	G	96.7406	37	7	7	3.06625e-10	3.0662e-10	96.7406	3.06631e-10
16680	A	A	93.3042	37	7	7	93.3042	2.66021e-10	1.49734e-09	2.6601e-10
16681	G	G	96.5765	37	7	7	3.1843e-10	3.18425e-10	96.5765	3.18436e-10
16682	G	G	80.6278	37	7	6	3.51416e-08	1.22134e-09	80.6278	1.22136e-09
16683	C	C	97.3576	37	7	7	2.6602e-10	97.3576	2.6601e-10	2.66015e-10
16684	G	G	81.9867	37	6	6	9.16212e-09	9.162e-09	81.9867	9.16226e-09
16685	G	G	81.7093	37	6	6	9.76643e-09	9.7663e-09	81.7093	9.76658e-09
16686	G	G	81.1943	37	6	6	1.09958e-08	1.09957e-08	81.1943	1.0996e-08
16687	A	A	68.1779	37	5	5	68.1779	2.20231e-07	2.20226e-07	2.20224e-07
16688	A	A	68.1779	37	5	5	68.1779	2.20231e-07	2.20226e-07	2.20224e-07
16689	T	T	68.1774	37	5	5	2.20244e-07	2.20255e-07	2.20266e-07	68.1774
16690	A	A	68.1779	37	5	5	68.1779	2.20231e-07	2.20226e-07	2.20224e-07
16691	A	A	82.7677	37	6	6	82.7677	7.65438e-09	7.6541e-09	7.65403e-09
16692	A	A	82.7678	37	6	6	82.7678	7.65414e-09	7.65394e-09	7.65388e-09
16693	A	A	97.3576	37	7	7	97.3576	2.66021e-10	2.66013e-10	2.6601e-10
16694	T	T	86.0637	37	7	7	2.6601e-10	1.02182e-08	2.66021e-10	86.0637
16695	A	A	111.947	37	8	8	111.947	9.24558e-12	9.24528e-12	9.24516e-12
16696	A	A	111.947	37	8	8	111.947	9.24699e-12	9.2462e-12	9.24598e-12
16697	T	T	101.288	37	8	8	9.24598e-12	3.04331e-10	9.24701e-12	101.288
16698	A	A	111.947	37	8	8	111.947	9.24561e-12	9.2453e-12	9.24518e-12
16699	A	A	126.537	37	9	9	126.537	3.21331e-13	3.21319e-13	3.21315e-13
16700	G	G	141.127	37	10	10	1.11676e-14	1.11673e-14	141.127	1.11678e-14
16701	A	A	155.717	37	11	11	155.717	3.88144e-16	3.88144e-16	3.88144e-16
16702	C	C	153.037	37	11	11	7.19368e-16	153.037	7.19368e-16	7.19368e-16
16703	G	G	154.978	37	11	11	4.59702e-16	4.59702e-16	154.978	4.60786e-16
16704	A	A	145.316	37	11	11	145.316	3.88144e-16	1.1994e-14	3.88144e-16
16705	G	G	154.067	37	11	11	5.6758e-16	5.6758e-16	154.067	5.6758e-16
16706	A	A	136.935	37	11	11	136.935	3.88144e-16	8.71848e-14	3.88144e-16
16707	A	A	149.059	37	12	12	149.059	1.35525e-17	5.36626e-15	1.35525e-17
16708	G	G	153.213	37	11	11	6.91179e-16	6.91179e-16	153.213	6.90637e-16
16709	A	A	151.031	37	11	11	151.031	3.88144e-16	2.64871e-15	3.88144e-16
16710	C	C	153.868	37	11	11	5.94143e-16	153.868	5.94143e-16	5.94143e-16
16711	C	C	152.581	37	11	11	7.99057e-16	152.581	7.99057e-16	7.99057e-16
16712	C	C	138.595	37	11	10	1.95048e-15	138.595	1.95048e-15	5.61129e-14
16713	T	T	145.483	37	11	11	3.88144e-16	1.15126e-14	3.88144e-16	145.483
16714	A	A	145.739	37	11	11	145.739	3.88144e-16	1.08084e-14	3.88144e-16
16715	T	T	151.832	37	11	11	3.88144e-16	2.07218e-15	3.88144e-16	151.832
16716	G	G	138.576	37	11	10	5.63633e-14	1.95915e-15	138.576	1.95915e-15
16717	G	G	139.989	37	11	10	4.07096e-14	1.41488e-15	139.989	1.41488e-15
16718	A	A	135.2	37	10	10	135.2	1.11678e-14	1.08824e-13	1.11673e-14
16719	G	G	126.537	37	9	9	3.21323e-13	3.21314e-13	126.537	3.2133e-13
16720	C	C	139.554	37	10	10	1.6044e-14	139.554	1.60429e-14	1.60435e-14
16721	T	T	136.249	37	10	10	1.11673e-14	8.06687e-14	1.11678e-14	136.249
16722	T	T	147.7	37	12	12	1.35525e-17	7.34764e-15	1.35525e-17	147.7
16723	C	C	167.428	37	12	12	2.60209e-17	167.428	2.60209e-17	2.60209e-17
16724	A	A	166.253	37	12	12	166.253	1.35525e-17	7.58942e-17	1.35525e-17
16725	A	A	166.193	37	12	12	166.193	1.35525e-17	7.75205e-17	1.35525e-17
16726	T	T	161.073	37	12	12	1.35525e-17	3.1225e-16	1.35525e-17	161.073
16727	T	T	178.969	37	13	13	5.42101e-19	4.33681e-18	5.42101e-19	178.969
16728	A	A	184.897	37	13	13	184.897	5.42101e-19	5.42101e-19	5.42101e-19
16729	A	A	184.897	37	13	13	184.897	5.42101e-19	5.42101e-19	5.42101e-19
16730	T	T	174.316	37	13	13	5.42101e-19	1.51788e-17	5.42101e-19	174.316
16731	T	T	175.032	37	13	13	5.42101e-19	1.24683e-17	5.42101e-19	175.032
16732	A	A	181.012	37	13	13	181.012	5.42101e-19	2.71051e-18	5.42101e-19
16733	A	A	189.509	37	14	14	189.509	0	5.42101e-19	0
16734	C	C	198.504	37	14	14	0	198.504	0	0
16735	T	T	195.138	37	14	14	0	0	0	195.138
16736	C	C	198.616	37	15	14	0	198.616	0	0
16737	A	A	185.901	37	14	14	185.901	0	1.0842e-18	0
16738	A	A	178.85	37	13	13	178.85	5.42101e-19	4.87891e-18	5.42101e-19
16739	A	A	170.307	37	12	12	170.307	1.35525e-17	1.35525e-17	1.35525e-17
16740	A	A	170.307	37	12	12	170.307	1.35525e-17	1.35525e-17	1.35525e-17
16741	G	G	170.307	37	12	12	1.35525e-17	1.35525e-17	170.307	1.35525e-17
16742	G	G	170.306	37	12	12	1.35525e-17	1.35525e-17	170.306	1.35525e-17
16743	A	A	166.422	37	12	12	166.422	1.35525e-17	7.20994e-17	1.35525e-17
16744	T	T	167.941	37	12	12	2.05998e-17	2.33103e-17	2.60209e-17	167.941
16745	T	T	178.758	37	13	13	5.42101e-19	4.87891e-18	5.42101e-19	178.758
16746	T	T	180.211	37	13	13	5.42101e-19	3.25261e-18	5.42101e-19	180.211
16747	A	A	178.85	37	13	13	178.85	5.42101e-19	4.87891e-18	5.42101e-19
16748	T	T	166.163	37	12	12	1.35525e-17	7.80626e-17	1.35525e-17	166.163
16749	T	T	166.422	37	12	12	1.35525e-17	7.20994e-17	1.35525e-17	166.422
16750	T	T	170.288	37	12	12	1.35525e-17	1.35525e-17	1.35525e-17	170.288
16751	A	A	181.336	33.6913	13	13	181.336	5.42101e-19	2.1684e-18	5.42101e-19
16752	C	C	168.784	33.6913	13	12	2.1684e-18	168.784	2.1684e-18	5.42101e-17
16753	C	C	163.362	33.86	14	12	0	163.362	0	1.99493e-16
16754	A	A	174.742	33.86	14	14	174.742	0	1.46367e-17	0
16755	G	G	176.467	34.0116	15	13	9.75782e-18	0	176.467	0
16756	A	A	181.143	33.86	14	14	181.143	0	3.25261e-18	0
16757	C	C	197.969	33.86	14	14	0	197.969	0	0
16758	C	C	198.616	32.258	15	14	0	198.616	0	0
16759	A	A	170.307	31.5907	12	12	170.307	1.35525e-17	1.35525e-17	1.35525e-17
16760	A	A	170.307	31.5907	12	12	170.307	1.35525e-17	1.35525e-17	1.35525e-17
16761	C	C	153.232	31.5907	12	11	6.72205e-17	153.232	6.72205e-17	1.9288e-15
16762	A	A	184.897	31.8354	13	13	184.897	5.42101e-19	5.42101e-19	5.42101e-19
16763	G	G	184.897	31.8354	13	13	5.42101e-19	5.42101e-19	184.897	5.42101e-19
16764	G	G	184.897	31.8354	13	13	5.42101e-19	5.42101e-19	184.897	5.42101e-19
16765	A	A	184.897	31.8354	13	13	184.897	5.42101e-19	5.42101e-19	5.42101e-19
16766	A	A	195.601	32.0567	14	14	195.601	0	0	0
16767	C	C	183.127	32.0567	14	13	0	183.127	0	2.1684e-18
16768	A	A	188.495	32.0567	14	14	188.495	0	5.42101e-19	0
16769	C	C	211.561	32.4422	16	15	0	211.561	0	0
16770	C	C	189.7	32.4422	16	14	0	189.7	0	0
16771	A	A	208.478	32.4422	16	16	208.478	0	0	0
16772	T	T	195.218	32.258	15	15	0	0	0	195.218
16773	A	A	195.066	32.258	15	15	195.066	0	0	0
16774	T	T	209.933	32.258	15	15	0	0	0	209.933
16775	T	T	195.601	32.0567	14	14	0	0	0	195.601
16776	C	C	184.897	33.6913	13	13	5.42101e-19	184.897	5.42101e-19	5.42101e-19
16777	C	C	170.307	33.5025	12	12	1.35525e-17	170.307	1.35525e-17	1.35525e-17
16778	T	T	170.307	33.5025	12	12	1.35525e-17	1.35525e-17	1.35525e-17	170.307
16779	T	T	170.307	33.5025	12	12	1.35525e-17	1.35525e-17	1.35525e-17	170.307
16780	C	C	116.427	37	10	9	3.21325e-13	116.427	3.21314e-13	9.24522e-12
16781	C	C	126.537	37	9	9	3.21327e-13	126.537	3.21314e-13	3.21318e-13
16782	A	A	141.127	37	10	10	141.127	1.11681e-14	1.11676e-14	1.11673e-14
16783	T	T	136.249	37	10	10	1.11673e-14	8.06684e-14	1.11681e-14	136.249
16784	G	G	141.127	37	10	10	1.11676e-14	1.11673e-14	141.127	1.11678e-14
16785	A	A	141.127	37	10	10	141.127	1.11678e-14	1.11676e-14	1.11673e-14
16786	G	G	141.127	37	10	10	1.11676e-14	1.11673e-14	141.127	1.11678e-14
16787	C	C	141.127	37	10	10	1.11678e-14	141.127	1.11673e-14	1.11676e-14
16788	T	T	141.127	37	10	10	1.11673e-14	1.11676e-14	1.11681e-14	141.127
16789	A	A	141.127	37	10	10	141.127	1.11678e-14	1.11676e-14	1.11673e-14
16790	G	G	140.51	37	10	10	1.28725e-14	1.28722e-14	140.51	1.2873e-14
16791	C	C	141.127	37	10	10	1.11678e-14	141.127	1.11673e-14	1.11676e-14
16792	A	A	137.013	37	10	10	137.013	1.11678e-14	6.40595e-14	1.11673e-14
16793	T	T	141.127	37	10	10	1.11673e-14	1.11676e-14	1.11681e-14	141.127
16794	T	T	141.127	37	10	10	1.11673e-14	1.11676e-14	1.11681e-14	141.127
16795	T	T	135.081	37	10	10	1.11673e-14	1.12472e-13	1.11681e-14	135.081
16796	A	A	145.727	37	12	12	145.727	1.35525e-17	1.1589e-14	1.35525e-17
16797	A	A	144.807	37	12	12	144.807	1.35525e-17	1.43315e-14	1.35525e-17
16798	G	G	132.043	37	12	10	2.70636e-13	3.27429e-16	132.043	3.27429e-16
16799	G	G	164.528	37	12	12	5.09575e-17	5.09575e-17	164.528	5.09575e-17
16800	T	T	121.431	37	10	10	1.11673e-14	3.10164e-12	1.11681e-14	121.431
16801	T	T	121.659	37	9	9	3.21315e-13	2.32106e-12	3.21331e-13	121.659
16802	T	T	122.423	37	9	9	3.21315e-13	1.84317e-12	3.21332e-13	122.423
16803	G	G	126.537	37	9	9	3.21328e-13	3.21319e-13	126.537	3.21337e-13
16804	G	G	126.537	37	9	9	3.21323e-13	3.21314e-13	126.537	3.2133e-13
16805	G	G	125.92	37	9	9	3.70411e-13	3.70397e-13	125.92	3.70431e-13
16806	C	C	126.537	37	9	9	3.21329e-13	126.537	3.21314e-13	3.21321e-13
16807	G	G	125.756	37	9	9	3.84693e-13	3.84664e-13	125.756	3.84713e-13
16808	A	A	144.407	37	11	11	144.407	3.88144e-16	1.49677e-14	3.88144e-16
16809	C	C	153.6	37	11	11	6.3209e-16	153.6	6.3209e-16	6.3209e-16
16810	G	G	139.506	37	10	10	1.62207e-14	1.62202e-14	139.506	1.62213e-14
16811	T	T	130.624	37	10	10	1.11673e-14	3.53826e-13	1.11678e-14	130.624
16812	C	C	152.909	37	11	11	7.41052e-16	152.909	7.41052e-16	7.41052e-16
16813	G	G	139.554	37	10	10	1.60435e-14	1.60429e-14	139.554	1.6044e-14
16814	G	G	141.125	37	10	10	1.11719e-14	1.117e-14	141.125	1.1173e-14
16815	A	A	141.127	37	10	10	141.127	1.11684e-14	1.11678e-14	1.11676e-14
16816	G	G	139.707	37	10	10	1.54857e-14	1.54851e-14	139.707	1.54862e-14
16817	T	T	147.518	37	12	12	1.35525e-17	7.66314e-15	1.35525e-17	147.518
16818	A	A	188.235	37	14	14	188.235	0	5.42101e-19	0
16819	C	C	180.503	37	14	13	0	180.503	0	3.25261e-18
16820	A	A	184.111	37	14	14	184.111	0	1.6263e-18	0
16821	A	A	184.896	37	13	13	184.896	5.42101e-19	5.42101e-19	5.42101e-19
16822	A	A	199.486	37	14	14	199.486	0	0	0
16823	A	A	214.059	37	15	15	214.059	0	0	0
16824	T	T	195.012	37	15	15	0	0	0	195.012
16825	A	A	214.076	37	15	15	214.076	0	0	0
16826	A	A	228.666	37	16	16	228.666	0	0	0
16827	C	C	207.268	37	17	15	0	207.268	0	0
16828	C	C	241.338	37	17	17	0	241.338	0	0
16829	T	T	232.561	37	17	17	0	0	0	232.561
16830	C	C	241.783	37	17	17	0	241.783	0	0
16831	C	C	242.639	37	17	17	0	242.639	0	0
16832	G	G	226.134	37	17	16	0	0	226.134	0
16833	A	A	230.262	37	17	17	230.262	0	0	0
16834	C	C	228.666	37	16	16	0	228.666	0	0
16835	T	T	228.666	37	16	16	0	0	0	228.666
16836	G	G	159.767	37	15	13	4.57533e-16	0	159.767	0
16837	A	A	210.023	37	15	15	210.023	0	0	0
16838	T	T	214.076	37	15	15	0	0	0	214.076
16839	A	A	202.431	37	15	15	202.431	0	0	0
16840	T	T	214.076	37	15	15	0	0	0	214.076
16841	T	T	208.03	37	15	15	0	0	0	208.03
16842	A	A	200.779	37	15	15	200.779	0	0	0
16843	A	A	188.411	37	14	14	188.411	0	5.42101e-19	0
16844	T	T	201.044	37	15	15	0	0	0	201.044
16845	C	C	182.417	37	14	13	0	182.417	0	2.1684e-18
16846	T	T	195.138	37	14	14	0	0	0	195.138
16847	A	A	208.655	37	16	16	208.655	0	0	0
16848	C	C	195.948	37	15	14	0	195.948	0	0
16849	A	A	187.579	37	15	15	187.579	0	5.42101e-19	0
16850	C	C	197.934	37	14	14	0	197.934	0	0
16851	G	G	195.641	37	14	14	0	0	195.641	0
16852	T	T	184.896	37	13	13	5.42101e-19	5.42101e-19	5.42101e-19	184.896
16853	A	A	146.826	37	13	13	146.826	5.42101e-19	9.01948e-15	5.42101e-19
16854	C	C	155.717	37	11	11	3.88144e-16	155.717	3.88144e-16	3.88144e-16
16855	C	C	155.717	37	11	11	3.88144e-16	155.717	3.88144e-16	3.88144e-16
16856	T	T	149.79	37	11	11	3.88144e-16	3.78224e-15	3.88144e-16	149.79
16857	G	G	125.756	37	9	9	3.8464e-13	3.84629e-13	125.756	3.84649e-13
16858	T	T	122.423	37	9	9	3.21315e-13	1.84316e-12	3.21331e-13	122.423
16859	C	C	125.776	37	9	9	3.82931e-13	125.776	3.82915e-13	3.82922e-13
16860	A	A	111.947	37	8	8	111.947	9.24559e-12	9.24532e-12	9.24516e-12
16861	A	A	111.947	37	8	8	111.947	9.24559e-12	9.24532e-12	9.24516e-12
16862	A	A	111.947	37	8	8	111.947	9.24559e-12	9.24532e-12	9.24516e-12
16863	A	A	111.947	37	8	8	111.947	9.24559e-12	9.24532e-12	9.24516e-12
16864	T	T	120.491	37	9	9	3.21315e-13	3.23614e-12	3.21332e-13	120.491
16865	G	G	126.537	37	9	9	3.21324e-13	3.21315e-13	126.537	3.21332e-13
16866	C	C	125.598	37	10	9	3.8886e-14	125.598	3.88849e-14	1.11884e-12
16867	T	T	134.612	37	11	11	3.88144e-16	1.49401e-13	3.88144e-16	134.612
16868	C	C	166.034	37	12	12	3.63208e-17	166.034	3.63208e-17	3.63208e-17
16869	A	A	174.609	37	13	13	174.609	5.42101e-19	1.40946e-17	5.42101e-19
16870	C	C	166.453	37	13	12	3.25261e-18	166.453	3.25261e-18	9.21572e-17
16871	T	T	167.58	37	13	13	5.42101e-19	7.48099e-17	5.42101e-19	167.58
16872	T	T	179.419	37	14	14	0	4.87891e-18	0	179.419
16873	A	A	178.85	37	13	13	178.85	5.42101e-19	4.87891e-18	5.42101e-19
16874	C	C	169.447	37	12	12	1.6263e-17	169.447	1.6263e-17	1.6263e-17
16875	T	T	166.163	37	12	12	1.35525e-17	7.80626e-17	1.35525e-17	166.163
16876	A	A	166.193	37	12	12	166.193	1.35525e-17	7.75205e-17	1.35525e-17
16877	A	A	165.429	37	12	12	165.429	1.35525e-17	9.75782e-17	1.35525e-17
16878	T	T	170.307	37	12	12	1.35525e-17	1.35525e-17	1.35525e-17	170.307
16879	T	T	155.717	37	11	11	3.88144e-16	3.88144e-16	3.88144e-16	155.717
16880	G	G	155.717	37	11	11	3.88144e-16	3.88144e-16	155.717	3.88144e-16
16881	A	A	155.717	37	11	11	155.717	3.88144e-16	3.88144e-16	3.88144e-16
16882	T	T	164.26	37	12	12	1.35525e-17	1.35525e-16	1.35525e-17	164.26
16883	C	C	182.341	37	13	13	1.0842e-18	182.341	1.0842e-18	1.0842e-18
16884	C	C	182.979	37	13	13	5.42101e-19	182.979	5.42101e-19	5.42101e-19
16885	A	A	180.782	37	13	13	180.782	5.42101e-19	2.71051e-18	5.42101e-19
16886	A	A	196.117	37	15	15	196.117	0	0	0
16887	A	A	187.002	37	15	15	187.002	0	1.0842e-18	0
16888	A	A	181.224	37	14	14	181.224	0	3.25261e-18	0
16889	C	C	194.516	37	15	14	0	194.516	0	0
16890	T	T	196.117	37	15	15	0	0	0	196.117
16891	T	T	180.782	37	13	13	5.42101e-19	2.71051e-18	5.42101e-19	180.782
16892	C	C	169.545	37	12	12	1.6263e-17	169.545	1.6263e-17	1.6263e-17
16893	T	T	166.746	37	12	12	1.30104e-17	6.451e-17	1.30104e-17	166.746
16894	T	T	170.307	37	12	12	1.35525e-17	1.35525e-17	1.35525e-17	170.307
16895	T	T	170.307	37	12	12	1.35525e-17	1.35525e-17	1.35525e-17	170.307
16896	G	G	184.106	37	13	13	5.42101e-19	5.42101e-19	184.106	5.42101e-19
16897	A	A	180.548	37	13	13	180.548	5.42101e-19	2.71051e-18	5.42101e-19
16898	T	T	186.328	37	14	14	0	1.0842e-18	0	186.328
16899	C	C	197.558	37	15	14	0	197.558	0	0
16900	A	A	195.343	37	14	14	195.343	0	0	0
16901	A	A	195.138	37	14	14	195.138	0	0	0
16902	C	C	198.079	37	14	14	0	198.079	0	0
16903	G	G	184.817	37	14	13	1.0842e-18	0	184.817	0
16904	G	G	199.486	37	14	14	0	0	199.486	0
16905	A	A	199.486	37	14	14	199.486	0	0	0
16906	A	A	199.486	37	14	14	199.486	0	0	0
16907	C	C	198.725	37	14	14	0	198.725	0	0
16908	A	A	228.666	37	16	16	228.666	0	0	0
16909	A	A	225.105	37	16	16	225.105	0	0	0
16910	G	G	227.287	37	16	16	0	0	227.287	0
16911	T	T	227.709	37	18	18	0	0	0	227.709
16912	T	T	231.339	37	18	18	0	0	0	231.339
16913	A	A	222.863	37	18	18	222.863	0	0	0
16914	C	C	225.298	37	17	16	0	225.298	0	0
16915	C	C	227.432	37	16	16	0	227.432	0	0
16916	C	C	228.666	37	16	16	0	228.666	0	0
16917	G	G	211.663	37	16	15	0	0	211.663	0
16918	A	A	195.433	37	14	14	195.433	0	0	0
16919	G	G	182.372	37	14	13	2.1684e-18	0	182.372	0
16920	G	G	197.811	37	14	14	0	0	197.811	0
16921	G	G	197.151	37	14	14	0	0	197.151	0
16922	A	A	167.926	37	13	13	167.926	5.42101e-19	6.88468e-17	5.42101e-19
16923	T	T	184.897	37	13	13	5.42101e-19	5.42101e-19	5.42101e-19	184.897
16924	A	A	193.449	37	15	15	193.449	0	0	0
16925	A	A	187.157	37	14	14	187.157	0	5.42101e-19	0
16926	C	C	181.826	37	14	13	0	181.826	0	2.1684e-18
16927	A	A	170.305	37	12	12	170.305	1.35525e-17	1.35525e-17	1.35525e-17
16928	G	G	170.307	37	12	12	1.35525e-17	1.35525e-17	170.307	1.35525e-17
16929	C	C	170.307	37	12	12	1.35525e-17	170.307	1.35525e-17	1.35525e-17
16930	G	G	145.606	37	12	11	1.11673e-14	3.88144e-16	145.606	3.88144e-16
16931	C	C	170.307	37	12	12	1.35525e-17	170.307	1.35525e-17	1.35525e-17
16932	A	A	189.085	37	14	14	189.085	0	5.42101e-19	0
16933	A	A	188.495	37	14	14	188.495	0	5.42101e-19	0
16934	A	A	187.816	37	14	14	187.816	0	5.42101e-19	0
16935	C	C	181.65	37	14	13	0	181.65	0	3.25261e-18
16936	C	C	183.57	37	13	13	5.42101e-19	183.57	5.42101e-19	5.42101e-19
16937	T	T	178.85	37	13	13	0	4.33681e-18	0	178.85
16938	G	G	182.118	37	13	13	5.42101e-19	5.42101e-19	182.118	1.0842e-18
16939	T	T	186.328	37	14	14	0	1.0842e-18	0	186.328
16940	T	T	173.252	37	13	13	5.42101e-19	1.95156e-17	5.42101e-19	173.252
16941	T	T	159.943	37	12	12	1.35525e-17	4.13081e-16	1.35525e-17	159.943
16942	A	A	146.066	37	11	11	146.066	3.88144e-16	9.96843e-15	3.88144e-16
16943	A	A	159.689	37	12	12	159.689	1.35525e-17	4.39644e-16	1.35525e-17
16944	G	G	152.725	37	12	11	2.1684e-15	7.48099e-17	152.725	7.58942e-17
16945	A	A	157.977	37	12	12	157.977	1.35525e-17	6.65158e-16	1.35525e-17
16946	G	G	136.627	37	12	10	9.42031e-14	1.13841e-16	136.627	1.13841e-16
16947	T	T	137.566	37	10	10	1.11673e-14	5.37249e-14	1.11681e-14	137.566
16948	C	C	140.574	37	11	10	1.25551e-15	140.574	1.20617e-15	3.55906e-14
16949	C	C	167.603	37	12	12	2.49366e-17	167.603	2.49366e-17	2.49366e-17
16950	A	A	170.307	37	12	12	170.307	1.35525e-17	1.35525e-17	1.35525e-17
16951	T	T	159.431	37	12	12	1.35525e-17	4.67833e-16	1.35525e-17	159.431
16952	A	A	166.253	37	12	12	166.253	1.35525e-17	7.58942e-17	1.35525e-17
16953	T	T	166.422	37	12	12	1.35525e-17	7.20994e-17	1.35525e-17	166.422
16954	C	C	170.307	37	12	12	1.35525e-17	170.307	1.35525e-17	1.35525e-17
16955	G	G	154.877	37	12	11	1.32164e-15	4.66207e-17	154.877	4.55365e-17
16956	A	A	151.664	37	11	11	151.664	3.88144e-16	2.18467e-15	3.88144e-16
16957	C	C	155.715	37	11	11	3.88415e-16	155.715	3.88144e-16	3.88415e-16
16958	A	A	150.839	37	11	11	150.839	3.88144e-16	2.80375e-15	3.88144e-16
16959	A	A	149.79	37	11	11	149.79	3.88144e-16	3.78224e-15	3.88144e-16
16960	T	T	141.127	37	10	10	1.11673e-14	1.11676e-14	1.11678e-14	141.127
16961	A	A	151.664	37	11	11	151.664	3.88144e-16	2.18467e-15	3.88144e-16
16962	G	G	154.936	37	11	11	4.64581e-16	4.64581e-16	154.936	4.64581e-16
16963	G	G	154.658	37	11	11	4.94938e-16	4.94938e-16	154.658	4.9548e-16
16964	G	G	119.28	37	11	9	5.11328e-12	6.17562e-15	119.28	6.1767e-15
16965	T	T	137.566	37	10	10	1.11676e-14	5.37263e-14	1.11684e-14	137.566
16966	T	T	141.127	37	10	10	1.11673e-14	1.11676e-14	1.11678e-14	141.127
16967	T	T	141.127	37	10	10	1.11673e-14	1.11676e-14	1.11678e-14	141.127
16968	A	A	127.83	37	10	10	127.83	1.11678e-14	6.93467e-13	1.11673e-14
16969	C	C	126.537	37	9	9	3.21332e-13	126.537	3.21315e-13	3.21324e-13
16970	G	G	122.856	37	9	9	7.50058e-13	7.50044e-13	122.856	7.50076e-13
16971	A	A	93.9174	37	8	8	93.9174	9.24561e-12	1.74365e-09	9.24518e-12
16972	C	C	111.947	37	8	8	9.24719e-12	111.947	9.24605e-12	9.24672e-12
16973	C	C	124.892	37	9	9	4.69284e-13	124.892	4.69261e-13	4.69273e-13
16974	T	T	121.852	37	9	9	3.21316e-13	2.19277e-12	3.21333e-13	121.852
16975	C	C	81.9084	37	6	6	9.32898e-09	81.9084	9.32869e-09	9.32884e-09
16976	G	G	82.7677	37	6	6	7.65399e-09	7.65387e-09	82.7677	7.65412e-09
16977	A	A	97.3576	37	7	7	97.3576	2.66021e-10	2.66014e-10	2.6601e-10
16978	T	T	92.672	37	7	7	2.6601e-10	1.81533e-09	2.66021e-10	92.672
16979	G	G	111.186	37	8	8	1.10178e-11	1.10176e-11	111.186	1.10181e-11
16980	T	T	100.303	37	8	8	9.24518e-12	3.86574e-10	9.24562e-12	100.303
16981	G	G	110.889	37	8	8	1.1797e-11	1.17968e-11	110.889	1.17973e-11
16982	G	G	124.964	37	9	9	4.61619e-13	4.61608e-13	124.964	4.6163e-13
16983	G	G	111.947	37	8	8	9.24534e-12	9.24514e-12	111.947	9.24553e-12
16984	A	A	101.875	37	8	8	101.875	9.24559e-12	2.63505e-10	9.24516e-12
16985	T	T	107.804	37	8	8	9.24516e-12	5.35158e-11	9.24559e-12	107.804
16986	C	C	111.237	37	8	8	1.08886e-11	111.237	1.08877e-11	1.0888e-11
16987	A	A	92.3799	37	8	8	92.3799	9.24559e-12	2.49223e-09	9.24516e-12
16988	G	G	94.7738	37	8	7	1.35277e-09	4.70147e-11	94.7738	4.70162e-11
16989	G	G	81.7855	37	6	6	9.59658e-09	9.59639e-09	81.7855	9.59673e-09
16990	A	A	76.7214	37	6	6	76.7214	7.65415e-09	7.70864e-08	7.65389e-09
16991	C	C	68.1779	37	5	5	2.20228e-07	68.1779	2.20224e-07	2.20226e-07
16992	A	A	68.1779	37	5	5	68.1779	2.20231e-07	2.20227e-07	2.20225e-07
16993	T	T	68.1779	37	5	5	2.20224e-07	2.20226e-07	2.20231e-07	68.1779
16994	C	C	68.1779	37	5	5	2.20228e-07	68.1779	2.20224e-07	2.20226e-07
16995	C	C	68.1492	37	5	5	2.22061e-07	68.1492	2.21409e-07	2.21589e-07
16996	T	T	68.1779	37	5	5	2.20224e-07	2.20226e-07	2.20231e-07	68.1779
16997	A	A	62.2507	37	5	5	62.2507	2.20231e-07	2.14605e-06	2.20224e-07
16998	A	A	50.0274	37	4	4	50.0274	6.33659e-06	3.04839e-05	6.33644e-06
16999	T	T	53.5881	37	4	4	6.33648e-06	6.33651e-06	6.33662e-06	53.5881
17000	G	G	52.807	37	4	4	7.58514e-06	7.58503e-06	52.807	7.58522e-06
17001	G	G	52.5295	37	4	4	8.08565e-06	8.08546e-06	52.5295	8.08578e-06
17002	T	T	53.5881	37	4	4	6.33648e-06	6.33651e-06	6.33662e-06	53.5881
17003	G	G	38.9988	37	3	3	0.000182302	0.0001823	38.9988	0.000182304
17004	C	C	38.9988	37	3	3	0.000182303	38.9988	0.0001823	0.000182301
17005	A	A	34.9463	37	3	3	34.9463	0.000182268	0.00102604	0.000182265
17006	G	G	38.2178	37	3	3	0.000218219	0.000218217	38.2178	0.000218221
17007	C	C	38.9988	37	3	3	0.000182303	38.9988	0.0001823	0.000182301
17008	A	A	33.0732	37	3	3	33.0732	0.000182237	0.00177615	0.000182233
17009	G	G	24.4242	37	2	2	0.00523009	0.00523007	24.4242	0.00523012
17010	C	C	24.4242	37	2	2	0.00523012	24.4242	0.00523007	0.00523009
17011	T	T	24.4241	37	2	2	0.00523007	0.00523009	0.00523013	24.4241
17012	A	A	20.5618	37	2	2	20.5618	0.00520294	0.0278491	0.00520288
17013	T	T	24.4241	37	2	2	0.00523007	0.00523009	0.00523013	24.4241
17014	T	T	24.4241	37	2	2	0.00523007	0.00523009	0.00523013	24.4241
17015	A	A	13.2471	37	2	2	13.2471	0.00500042	0.200172	0.00500036
17016	A	A	10.8189	37	2	2	10.8189	0.00481415	0.364951	0.00481409
17017	G	A	5.378	37	1	1	5.378	0.108532	1.19476	0.108531
