pos	refBase	base	qual	avgmapq	cov	supp	pa	pc	pg	pt
1	C	C	59.9907	-8.69232	5	5	1.45077e-06	59.9907	1.45074e-06	1.45075e-06
2	T	T	53.0283	37	10	10	1.11673e-14	2.16249e-05	1.11678e-14	53.0283
3	T	T	86.3694	34.0116	15	15	0	1.00195e-08	0	86.3694
4	T	T	113.999	34.3875	18	18	0	1.72928e-11	0	113.999
5	T	T	139.766	34.6774	21	21	0	4.58346e-14	0	139.766
6	T	T	198.733	34.9083	24	24	0	0	0	198.733
7	A	A	389.154	35.0968	27	27	389.154	0	0	0
8	T	T	315.112	35.2537	30	30	0	0	0	315.112
9	T	T	357.584	35.3864	33	33	0	0	0	357.584
10	T	T	402.901	35.5002	36	36	0	0	0	402.901
11	A	A	608.001	35.6853	42	42	608.001	0	0	0
12	C	C	571.964	35.785	46	42	0	571.964	0	0
13	C	C	658.141	35.9091	52	48	0	658.141	0	0
14	G	G	841.439	36.01	58	58	0	0	841.439	0
15	A	A	914.388	36.0809	63	63	914.388	0	0	0
16	A	A	987.337	36.1422	68	68	987.337	0	0	0
17	A	A	1045.7	36.1857	72	72	1045.7	0	0	0
18	A	A	1104.06	36.2249	76	76	1104.06	0	0	0
19	A	A	1162.41	36.2606	80	80	1162.41	0	0	0
20	G	G	1196.07	36.2931	84	83	0	0	1196.07	0
21	T	T	1120.66	36.3228	88	88	0	0	0	1120.66
22	A	A	1322.9	36.3435	91	91	1322.9	0	0	0
23	C	C	1265.73	36.4043	101	92	0	1265.73	0	0
24	G	G	1567.34	36.4547	111	109	0	0	1567.34	0
25	C	C	1532.81	36.4893	119	111	0	1532.81	0	0
26	A	A	1748.77	36.4973	121	121	1748.77	0	0	0
27	A	A	1768.59	36.505	123	123	1768.59	0	0	0
28	G	G	1783.7	36.5088	124	123	0	0	1783.7	0
29	A	A	1852.16	37	129	129	1852.16	0	0	0
30	A	A	1857.92	37	130	130	1857.92	0	0	0
31	C	C	1912.44	37	135	133	0	1912.44	0	0
32	T	T	1869.01	37	139	139	0	0	0	1869.01
33	G	G	2009.99	37	141	139	0	0	2009.99	0
34	C	C	1942.92	37	144	138	0	1942.92	0	0
35	T	T	1958.51	37	145	145	0	0	0	1958.51
36	A	A	2079.21	37	147	147	2079.21	0	0	0
37	A	A	2098.29	37	149	149	2098.29	0	0	0
38	T	T	2075.76	37	156	156	0	0	0	2075.76
39	T	T	2131.59	37	160	160	0	0	0	2131.59
40	C	C	2256.91	37	162	158	0	2256.91	0	0
41	A	A	2252.6	37	162	162	2252.6	0	0	0
42	T	T	2209.96	37	165	165	0	0	0	2209.96
43	G	G	2444.97	37	170	169	0	0	2444.97	0
44	C	C	2390.19	36.6322	168	166	0	2390.19	0	0
45	G	G	2336.61	36.6301	167	163	0	0	2336.61	0
46	T	T	2300.16	36.6363	170	170	0	0	0	2300.16
47	C	C	2396.8	36.6443	174	169	0	2396.8	0	0
48	C	C	2440.97	36.6443	174	170	0	2440.97	0	0
49	A	A	2466.64	36.652	178	178	2466.64	0	0	0
50	T	T	2402.78	36.6539	179	179	0	0	0	2402.78
51	G	G	2555.12	36.6576	181	178	0	0	2555.12	0
52	C	C	2509.37	36.6612	183	177	0	2509.37	0	0
53	A	A	2550.63	36.6576	181	181	2550.63	0	0	0
54	T	T	2507.31	36.6647	185	185	0	0	0	2507.31
55	A	A	2646.02	36.6682	187	187	2646.02	0	0	0
56	A	A	2668.37	36.6732	190	190	2668.37	0	0	0
57	A	A	2689.66	36.0981	193	193	2689.66	0	0	0
58	A	A	2705.06	36.1023	194	194	2705.06	0	0	0
59	T	T	2697.89	36.1106	196	196	0	0	0	2697.89
60	C	C	2727.1	36.1227	199	192	0	2727.1	0	0
61	G	G	2799.91	36.1146	197	194	0	0	2799.91	0
62	T	T	2703.77	36.1187	198	198	0	0	0	2703.77
63	G	G	2874.55	36.1267	200	199	0	0	2874.55	0
64	G	G	2833.14	36.1384	203	198	0	0	2833.14	0
65	C	C	2815.42	36.146	205	197	0	2815.42	0	0
66	T	T	2821.07	36.1498	206	206	0	0	0	2821.07
67	T	T	2786.32	36.1422	204	204	0	0	0	2786.32
68	T	T	2825.51	36.1498	206	206	0	0	0	2825.51
69	T	T	2761.48	36.1384	203	202	0	0	0	2761.48
70	T	T	2769.47	36.1422	204	204	0	0	0	2769.47
71	C	C	2820.89	36.1384	203	197	0	2820.89	0	0
72	A	A	2810.09	36.1422	204	204	2810.09	0	0	0
73	A	A	2825.75	36.1384	203	203	2825.75	0	0	0
74	C	C	2867.48	36.146	205	200	0	2867.48	0	0
75	T	T	2823.97	36.1535	207	207	0	0	0	2823.97
76	T	T	2795.49	35.8997	206	206	0	0	0	2795.49
77	T	T	2824.38	35.895	205	205	0	0	0	2824.38
78	T	T	2857.47	35.9137	209	209	0	0	0	2857.47
79	A	A	2953.88	35.9273	212	212	2953.88	0	0	0
80	A	A	2902.18	35.9318	213	212	2902.18	0	0	0
81	A	A	2918.02	35.9273	212	212	2918.02	0	0	0
82	G	G	2948.11	35.9228	211	206	0	0	2948.11	0
83	G	G	2968.18	35.9273	212	207	0	0	2968.18	0
84	A	A	2914.18	36.1822	215	215	2914.18	0	0	0
85	T	T	2893.99	36.7019	209	209	0	0	0	2893.99
86	G	G	2909.56	36.706	212	204	0	0	2909.56	0
87	G	G	2898.73	36.706	212	205	0	0	2898.73	0
88	A	A	2766.02	36.7033	210	210	2766.02	0	0	0
89	A	A	2734.22	36.6963	205	205	2734.22	0	0	0
90	G	G	2839.43	36.6934	203	198	0	0	2839.43	0
91	T	T	2793.45	36.6905	201	201	0	0	0	2793.45
92	A	A	2696.47	36.6934	203	203	2696.47	0	0	0
93	A	A	2645.21	36.6813	195	195	2645.21	0	0	0
94	T	T	2666.46	36.6828	196	196	0	0	0	2666.46
95	C	C	2792.88	36.6859	198	195	0	2792.88	0	0
96	C	C	2702.65	36.6781	193	189	0	2702.65	0	0
97	A	A	2631.6	36.6828	196	196	2631.6	0	0	0
98	T	T	2659.59	36.6828	196	196	0	0	0	2659.59
99	T	T	2647.36	36.6813	195	195	0	0	0	2647.36
100	G	G	2693.29	36.6813	195	189	0	0	2693.29	0
101	G	G	2716.41	36.6844	197	191	0	0	2716.41	0
102	T	T	2629.44	37	195	195	0	0	0	2629.44
103	C	C	2644.07	37	194	186	0	2644.07	0	0
104	T	T	2641.22	37	194	194	0	0	0	2641.22
105	T	T	2641.51	37	191	191	0	0	0	2641.51
106	A	A	2670.06	37	190	190	2670.06	0	0	0
107	G	G	2705.29	37	191	188	0	0	2705.29	0
108	G	G	2774.79	37	198	193	0	0	2774.79	0
109	A	A	2785.66	37	199	199	2785.66	0	0	0
110	A	A	2755.95	37	199	199	2755.95	0	0	0
111	C	C	2735.35	37	202	194	0	2735.35	0	0
112	C	C	2843.46	37	201	198	0	2843.46	0	0
113	A	A	2754.45	37	203	203	2754.45	0	0	0
114	A	A	2738.52	37	202	202	2738.52	0	0	0
115	A	A	2668.19	37	198	198	2668.19	0	0	0
116	A	A	2596.19	37	193	193	2596.19	0	0	0
117	A	A	2679.89	37	197	197	2679.89	0	0	0
118	A	A	2738.35	37	203	203	2738.35	0	0	0
119	T	T	2733.86	37	201	201	0	0	0	2733.86
120	T	T	2678.48	37	200	200	0	0	0	2678.48
121	G	G	2786.71	37	198	194	0	0	2786.71	0
122	G	G	2732.19	37	202	193	0	0	2732.19	0
123	T	T	2715.22	37	198	198	0	0	0	2715.22
124	G	G	2779.29	37	195	193	0	0	2779.29	0
125	C	C	2758.98	37	197	192	0	2758.98	0	0
126	A	A	2675.16	37	198	198	2675.16	0	0	0
127	A	A	2745.98	37	200	200	2745.98	0	0	0
128	C	C	2747.58	37	202	194	0	2747.58	0	0
129	T	T	2775.16	37	206	206	0	0	0	2775.16
130	C	C	2776.05	37	203	195	0	2776.05	0	0
131	C	C	2811.72	37	203	197	0	2811.72	0	0
132	A	A	2744.89	37	200	200	2744.89	0	0	0
133	A	A	2757.49	37	202	202	2757.49	0	0	0
134	A	A	2789.6	37	204	204	2789.6	0	0	0
135	T	T	2782.81	37	201	201	0	0	0	2782.81
136	A	A	2739.75	37	200	200	2739.75	0	0	0
137	A	A	2741.89	37	199	199	2741.89	0	0	0
138	A	A	2756.6	37	199	199	2756.6	0	0	0
139	A	A	2737.35	37	201	201	2737.35	0	0	0
140	G	G	2820.74	37	203	198	0	0	2820.74	0
141	T	T	2725.5	37	198	198	0	0	0	2725.5
142	A	A	2725.97	37	200	200	2725.97	0	0	0
143	A	A	2709.14	37	199	199	2709.14	0	0	0
144	T	T	2714.81	37	197	197	0	0	0	2714.81
145	C	C	2753.6	37	196	192	0	2753.6	0	0
146	A	A	2616.68	37	193	193	2616.68	0	0	0
147	A	A	2642.64	37	194	194	2642.64	0	0	0
148	T	T	2665.84	37	193	193	0	0	0	2665.84
149	T	T	2651.94	37	196	196	0	0	0	2651.94
150	T	T	2634.74	37	195	195	0	0	0	2634.74
151	G	G	2753.39	37	195	192	0	0	2753.39	0
152	T	T	2645.25	37	194	194	0	0	0	2645.25
153	T	T	2652.91	37	197	197	0	0	0	2652.91
154	T	T	2688.15	37	196	196	0	0	0	2688.15
155	A	A	2639.45	37	197	197	2639.45	0	0	0
156	C	C	2695.14	37	194	189	0	2695.14	0	0
157	T	T	2610.37	37	196	196	0	0	0	2610.37
158	T	T	2649.11	37	196	196	0	0	0	2649.11
159	C	C	2719.53	37	194	190	0	2719.53	0	0
160	C	C	2664.15	36.6813	195	188	0	2664.15	0	0
161	T	T	2663.84	36.6844	197	197	0	0	0	2663.84
162	C	C	2859.17	36.6875	199	198	0	2859.17	0	0
163	T	T	2694.48	36.6859	198	198	0	0	0	2694.48
164	A	A	2744.56	36.6875	199	199	2744.56	0	0	0
165	T	T	2706.97	36.6875	199	199	0	0	0	2706.97
166	T	T	2735.64	36.6905	201	201	0	0	0	2735.64
167	A	A	2764.03	36.6875	199	199	2764.03	0	0	0
168	T	T	2712.79	36.6828	196	196	0	0	0	2712.79
169	C	C	2858.83	36.689	200	198	0	2858.83	0	0
170	A	A	2746.94	36.6875	199	199	2746.94	0	0	0
171	T	T	2748.33	36.6828	196	196	0	0	0	2748.33
172	A	A	2649.32	36.6813	195	195	2649.32	0	0	0
173	A	A	2590.62	36.6748	191	191	2590.62	0	0	0
174	C	C	2616.74	36.6664	186	182	0	2616.74	0	0
175	T	T	2674.34	36.6699	188	188	0	0	0	2674.34
176	T	T	2598.71	36.6629	184	184	0	0	0	2598.71
177	T	T	2561.54	36.6594	182	182	0	0	0	2561.54
178	G	G	2656.06	36.6682	187	185	0	0	2656.06	0
179	C	C	2578.95	36.6699	188	181	0	2578.95	0	0
180	T	T	2510.35	36.6664	186	186	0	0	0	2510.35
181	C	C	2701.07	36.6682	187	187	0	2701.07	0	0
182	A	A	2498.12	36.6664	186	186	2498.12	0	0	0
183	T	T	2465.17	36.6557	180	180	0	0	0	2465.17
184	A	A	2396.77	36.652	178	178	2396.77	0	0	0
185	T	T	2435.05	36.6501	177	177	0	0	0	2435.05
186	T	T	2441.62	36.652	178	178	0	0	0	2441.62
187	A	A	2393.3	36.6539	179	179	2393.3	0	0	0
188	A	A	2381.44	36.6501	177	177	2381.44	0	0	0
189	C	C	2419.3	36.6443	174	169	0	2419.3	0	0
190	G	G	2368.18	36.652	178	168	0	0	2368.18	0
191	A	A	2327.75	36.6463	175	175	2327.75	0	0	0
192	T	T	2357.06	36.6404	172	172	0	0	0	2357.06
193	A	A	2312.04	37	170	170	2312.04	0	0	0
194	C	C	2367.65	37	168	165	0	2367.65	0	0
195	C	C	2355.59	37	168	164	0	2355.59	0	0
196	G	G	2381.52	37	166	165	0	0	2381.52	0
197	A	A	2291.86	37	168	168	2291.86	0	0	0
198	T	T	2281.41	37	166	166	0	0	0	2281.41
199	T	T	2273.95	37	167	167	0	0	0	2273.95
200	A	A	2249.08	37	163	163	2249.08	0	0	0
201	T	T	2246.77	37	164	164	0	0	0	2246.77
202	C	C	2247.91	37	162	158	0	2247.91	0	0
203	C	C	2383.49	37	165	165	0	2383.49	0	0
204	T	T	2273.58	37	165	165	0	0	0	2273.58
205	C	C	2356.42	37	167	164	0	2356.42	0	0
206	A	A	2336.15	36.3083	172	172	2336.15	0	0	0
207	C	C	2309.74	36.3156	174	164	0	2309.74	0	0
208	C	C	2377.18	36.3264	177	168	0	2377.18	0	0
209	A	A	2476.23	36.3469	183	183	2476.23	0	0	0
210	G	G	2530.87	36.0348	179	176	0	0	2530.87	0
211	C	C	2438.24	36.0251	177	171	0	2438.24	0	0
212	G	G	2535.13	36.0491	182	177	0	0	2535.13	0
213	C	C	2369.65	36.03	178	169	0	2369.65	0	0
214	T	T	2453.23	36.0348	179	179	0	0	0	2453.23
215	T	T	2478.2	36.0444	181	181	0	0	0	2478.2
216	C	C	2492.64	36.0491	182	176	0	2492.64	0	0
217	A	A	2570.05	36.063	185	185	2570.05	0	0	0
218	A	A	2573.33	36.072	187	187	2573.33	0	0	0
219	C	C	2667.65	36.072	187	185	0	2667.65	0	0
220	A	A	2546.06	36.063	185	185	2546.06	0	0	0
221	C	C	2590.43	36.0765	188	182	0	2590.43	0	0
222	A	A	2612.83	36.0852	190	190	2612.83	0	0	0
223	C	C	2636.85	36.0765	188	184	0	2636.85	0	0
224	A	A	2540.71	36.0538	183	183	2540.71	0	0	0
225	A	A	2498.61	36.0491	182	182	2498.61	0	0	0
226	A	A	2486.31	36.0584	184	184	2486.31	0	0	0
227	A	A	2494.42	36.072	187	187	2494.42	0	0	0
228	A	A	2470.71	36.3534	185	185	2470.71	0	0	0
229	C	C	2571.18	36.6699	188	180	0	2571.18	0	0
230	A	A	2501.05	36.6647	185	185	2501.05	0	0	0
231	A	A	2489.1	37	182	182	2489.1	0	0	0
232	A	A	2429.89	37	175	175	2429.89	0	0	0
233	T	T	2448.21	37	182	182	0	0	0	2448.21
234	C	C	2511.79	37	185	177	0	2511.79	0	0
235	C	C	2590.46	37	183	180	0	2590.46	0	0
236	T	T	2511.75	37	183	183	0	0	0	2511.75
237	A	A	2454.13	36.6557	180	180	2454.13	0	0	0
238	C	C	2510.56	36.6501	177	174	0	2510.56	0	0
239	C	C	2492.27	36.3402	181	174	0	2492.27	0	0
240	C	C	2558.67	36.3693	190	181	0	2558.67	0	0
241	A	A	2669.55	36.3784	193	193	2669.55	0	0	0
242	C	C	2487.2	36.3599	187	177	0	2487.2	0	0
243	A	A	2626.85	36.3693	190	190	2626.85	0	0	0
244	A	A	2630.49	36.3724	191	191	2630.49	0	0	0
245	T	T	2637.42	36.3754	192	192	0	0	0	2637.42
246	A	A	2705.46	36.3931	198	198	2705.46	0	0	0
247	T	T	2718.85	36.3959	199	199	0	0	0	2718.85
248	G	G	2740.91	36.3814	194	191	0	0	2740.91	0
249	T	T	2634.54	36.3784	193	193	0	0	0	2634.54
250	A	A	2568.77	36.3662	189	189	2568.77	0	0	0
251	A	A	2586.09	36.3693	190	190	2586.09	0	0	0
252	A	A	2561.77	36.3662	189	189	2561.77	0	0	0
253	A	A	2601.66	36.3754	192	192	2601.66	0	0	0
254	A	A	2614.8	36.3784	193	193	2614.8	0	0	0
255	C	C	2540.25	36.3599	187	179	0	2540.25	0	0
256	T	T	2580.64	36.3662	189	189	0	0	0	2580.64
257	A	A	2511	36.3502	184	184	2511	0	0	0
258	C	C	2589.55	36.3502	184	180	0	2589.55	0	0
259	A	A	2474.51	36.3469	183	183	2474.51	0	0	0
260	G	G	2570.52	36.3502	184	179	0	0	2570.52	0
261	T	T	2523.8	36.6629	184	184	0	0	0	2523.8
262	C	C	2647.88	36.6629	184	183	0	2647.88	0	0
263	T	T	2534.21	36.6699	188	188	0	0	0	2534.21
264	C	C	2536.19	37	184	178	0	2536.19	0	0
265	T	T	2517.69	37	187	186	0	0	0	2517.69
266	T	T	2521.79	37	185	185	0	0	0	2521.79
267	A	A	2486.18	37	181	181	2486.18	0	0	0
268	T	T	2514.88	37	185	185	0	0	0	2514.88
269	G	G	2595.08	37	187	182	0	0	2595.08	0
270	C	C	2627.56	37	184	182	0	2627.56	0	0
271	T	T	2479.66	37	180	180	0	0	0	2479.66
272	T	T	2497.44	37	182	182	0	0	0	2497.44
273	T	T	2505.94	37	183	183	0	0	0	2505.94
274	C	C	2576.89	37	179	178	0	2576.89	0	0
275	A	A	2494.76	37	176	176	2494.76	0	0	0
276	T	T	2485.85	37	184	184	0	0	0	2485.85
277	A	A	2711.88	37	191	191	2711.88	0	0	0
278	A	A	2772.2	37	198	198	2772.2	0	0	0
279	T	T	2668.44	37	204	204	0	0	0	2668.44
280	C	C	2639.43	37	206	191	0	2639.43	0	0
281	A	A	2925.85	37	212	212	2925.85	0	0	0
282	G	G	2997.59	37	216	209	0	0	2997.59	0
283	T	T	2879.75	37	216	216	0	0	0	2879.75
284	A	A	3050.41	37	218	218	3050.41	0	0	0
285	C	C	3054.79	37	218	213	0	3054.79	0	0
286	C	C	3070.16	37	219	214	0	3070.16	0	0
287	A	A	3052.09	37	222	222	3052.09	0	0	0
288	T	T	3096.88	37	225	225	0	0	0	3096.88
289	T	T	3087.11	37	224	224	0	0	0	3087.11
290	C	C	3175.15	37	224	221	0	3175.15	0	0
291	C	C	3202.03	37	225	222	0	3202.03	0	0
292	C	C	3116.75	37	224	218	0	3116.75	0	0
293	A	A	3032.67	37	222	222	3032.67	0	0	0
294	T	T	3011.85	37	217	217	0	0	0	3011.85
295	A	A	3009.93	37	220	220	3009.93	0	0	0
296	G	G	3044.23	37	215	211	0	0	3044.23	0
297	T	T	3012.38	37	214	214	0	0	0	3012.38
298	A	A	2961.37	37	213	213	2961.37	0	0	0
299	A	A	2912.87	37	211	211	2912.87	0	0	0
300	T	T	2948.96	37	210	210	0	0	0	2948.96
301	A	A	2899.71	37	215	215	2899.71	0	0	0
302	T	T	2989.38	36.71	215	215	0	0	0	2989.38
303	T	T	2949.47	36.7046	211	211	0	0	0	2949.47
304	C	C	2915.5	36.6963	205	202	0	2915.5	0	0
305	C	C	2830.52	36.6905	201	197	0	2830.52	0	0
306	T	T	2770.24	36.6828	196	196	0	0	0	2770.24
307	T	T	2727.94	36.6797	194	194	0	0	0	2727.94
308	T	T	2677.77	36.6748	191	191	0	0	0	2677.77
309	A	A	2594.32	36.6748	191	191	2594.32	0	0	0
310	C	C	2653.58	36.6781	193	186	0	2653.58	0	0
311	T	T	2611.05	36.6715	189	189	0	0	0	2611.05
312	C	C	2665.14	36.6797	194	187	0	2665.14	0	0
313	A	A	2644.96	36.3844	195	195	2644.96	0	0	0
314	G	G	2617	36.3724	191	184	0	0	2617	0
315	G	G	2614.77	36.3754	192	184	0	0	2614.77	0
316	G	G	2701.1	36.3784	193	189	0	0	2701.1	0
317	C	C	2722.1	36.3873	196	191	0	2722.1	0	0
318	A	A	2680.33	36.3873	196	196	2680.33	0	0	0
319	A	A	2703.35	36.3959	199	199	2703.35	0	0	0
320	G	G	2731.93	36.3873	196	191	0	0	2731.93	0
321	A	A	2689.87	36.3814	194	194	2689.87	0	0	0
322	A	A	2699.28	36.3814	194	194	2699.28	0	0	0
323	G	G	2722.82	36.3814	194	190	0	0	2722.82	0
324	T	T	2672.92	36.6797	194	194	0	0	0	2672.92
325	A	A	2677.42	36.6844	197	197	2677.42	0	0	0
326	A	A	2659.12	36.6844	197	197	2659.12	0	0	0
327	T	T	2719.94	36.6875	199	199	0	0	0	2719.94
328	T	T	2697.76	36.689	200	200	0	0	0	2697.76
329	A	A	2727.26	36.6919	202	202	2727.26	0	0	0
330	T	T	2700.05	36.689	200	200	0	0	0	2700.05
331	T	T	2654.64	36.6828	196	196	0	0	0	2654.64
332	T	T	2675.83	36.6875	199	199	0	0	0	2675.83
333	C	C	2730.45	36.6875	199	192	0	2730.45	0	0
334	A	A	2651.68	36.6797	194	194	2651.68	0	0	0
335	A	A	2633.89	36.6828	196	196	2633.89	0	0	0
336	A	A	2619.44	36.6765	192	192	2619.44	0	0	0
337	C	C	2765.83	36.6813	195	192	0	2765.83	0	0
338	T	T	2685.19	36.6828	196	196	0	0	0	2685.19
339	G	G	2708.41	36.6828	196	190	0	0	2708.41	0
340	A	A	2665	36.6813	195	195	2665	0	0	0
341	C	C	2660.36	37	194	188	0	2660.36	0	0
342	A	A	2717.11	37	198	198	2717.11	0	0	0
343	T	T	2665.24	37	197	197	0	0	0	2665.24
344	T	T	2675.22	37	195	195	0	0	0	2675.22
345	G	G	2691.4	37	194	188	0	0	2691.4	0
346	A	A	2631.15	37	192	192	2631.15	0	0	0
347	A	A	2610.8	37	191	191	2610.8	0	0	0
348	T	T	2651.65	37	191	191	0	0	0	2651.65
349	A	A	2608.82	37	191	191	2608.82	0	0	0
350	A	A	2569.87	37	189	189	2569.87	0	0	0
351	C	C	2728.51	37	195	191	0	2728.51	0	0
352	T	T	2645.31	37	196	196	0	0	0	2645.31
353	A	A	2607.27	37	196	196	2607.27	0	0	0
354	T	T	2608.02	37	190	190	0	0	0	2608.02
355	T	T	2545.98	37	185	185	0	0	0	2545.98
356	C	C	2608.12	37	184	181	0	2608.12	0	0
357	A	A	2554.32	37	188	188	2554.32	0	0	0
358	A	A	2576.29	36.6699	188	188	2576.29	0	0	0
359	A	A	2573.15	36.6647	185	185	2573.15	0	0	0
360	C	C	2511.21	36.6594	182	176	0	2511.21	0	0
361	C	C	2531.67	36.6647	185	178	0	2531.67	0	0
362	C	C	2585.28	36.6647	185	181	0	2585.28	0	0
363	T	T	2541.42	36.6594	182	182	0	0	0	2541.42
364	A	A	2565.8	36.6682	187	187	2565.8	0	0	0
365	A	A	2555.21	36.6612	183	183	2555.21	0	0	0
366	A	A	2549.11	36.6629	184	184	2549.11	0	0	0
367	G	G	2541.42	36.6647	185	179	0	0	2541.42	0
368	C	C	2686.51	36.6682	187	186	0	2686.51	0	0
369	T	T	2583.85	36.6732	190	190	0	0	0	2583.85
370	A	A	2574.29	36.6732	190	190	2574.29	0	0	0
371	A	A	2555.78	36.6664	186	186	2555.78	0	0	0
372	C	C	2611.98	36.6664	186	182	0	2611.98	0	0
373	T	T	2576	36.6682	187	187	0	0	0	2576
374	C	C	2651.25	36.6629	184	183	0	2651.25	0	0
375	T	T	2536.9	36.6647	185	185	0	0	0	2536.9
376	A	A	2572.12	36.6699	188	188	2572.12	0	0	0
377	A	A	2578.96	36.6748	191	191	2578.96	0	0	0
378	G	G	2550.53	36.6748	191	181	0	0	2550.53	0
379	C	C	2657.52	37	192	186	0	2657.52	0	0
380	T	T	2577.59	37	190	190	0	0	0	2577.59
381	T	T	2603.49	37	193	193	0	0	0	2603.49
382	T	T	2559.63	37	189	189	0	0	0	2559.63
383	A	A	2618.65	37	189	189	2618.65	0	0	0
384	A	A	2578.97	37	187	187	2578.97	0	0	0
385	G	G	2660.78	37	191	186	0	0	2660.78	0
386	C	C	2677.89	37	189	186	0	2677.89	0	0
387	T	T	2610.85	37	190	190	0	0	0	2610.85
388	A	A	2602.18	36.6748	191	191	2602.18	0	0	0
389	G	G	2696.99	36.6715	189	187	0	0	2696.99	0
390	A	A	2664.21	36.0938	192	192	2664.21	0	0	0
391	C	C	2623.75	36.0896	191	184	0	2623.75	0	0
392	T	T	2627.22	35.8504	196	196	0	0	0	2627.22
393	A	A	2794.94	35.8902	204	204	2794.94	0	0	0
394	C	C	2772.3	35.895	205	196	0	2772.3	0	0
395	T	T	2772.18	35.9044	207	207	0	0	0	2772.18
396	T	T	2779.07	35.9091	208	208	0	0	0	2779.07
397	C	C	2916	35.8997	206	203	0	2916	0	0
398	T	T	2753.73	35.8707	200	200	0	0	0	2753.73
399	C	C	2839.46	35.8997	206	200	0	2839.46	0	0
400	A	A	2842.66	35.9044	207	207	2842.66	0	0	0
401	G	G	2905.95	35.9228	211	204	0	0	2905.95	0
402	T	T	2821.18	35.9183	210	210	0	0	0	2821.18
403	A	A	2900.37	35.9362	214	214	2900.37	0	0	0
404	A	A	2879.04	35.9228	211	211	2879.04	0	0	0
405	T	T	2853.89	35.9091	208	208	0	0	0	2853.89
406	T	T	2857.13	35.895	205	205	0	0	0	2857.13
407	T	T	2895.69	35.9183	210	210	0	0	0	2895.69
408	T	T	2832.88	35.8854	203	203	0	0	0	2832.88
409	T	T	2832.49	35.8997	206	205	0	0	0	2832.49
410	A	A	2853.99	36.1498	206	206	2853.99	0	0	0
411	T	T	2812.56	36.1572	208	208	0	0	0	2812.56
412	G	G	2826.12	36.1498	206	198	0	0	2826.12	0
413	C	C	2910.81	35.9044	207	203	0	2910.81	0	0
414	C	C	2866.44	36.1422	204	200	0	2866.44	0	0
415	A	A	2733.65	36.4124	205	205	2733.65	0	0	0
416	G	G	2777.78	36.3931	198	194	0	0	2777.78	0
417	T	T	2705.1	36.3873	196	196	0	0	0	2705.1
418	A	A	2729.72	36.3873	196	196	2729.72	0	0	0
419	G	G	2778.2	36.3959	199	194	0	0	2778.2	0
420	C	C	2680.91	36.3844	195	188	0	2680.91	0	0
421	C	C	2843.47	36.1187	198	197	0	2843.47	0	0
422	C	C	2782.86	36.1106	196	193	0	2782.86	0	0
423	T	T	2740.34	36.1187	198	198	0	0	0	2740.34
424	G	G	2622.62	36.1023	194	185	0	0	2622.62	0
425	T	T	2644.33	35.8241	191	191	0	0	0	2644.33
426	T	T	2681.72	35.8556	197	197	0	0	0	2681.72
427	C	C	2703.36	35.84	194	189	0	2703.36	0	0
428	G	G	2609.11	35.8186	190	183	0	0	2609.11	0
429	T	T	2588.99	35.8186	190	190	0	0	0	2588.99
430	C	C	2557.63	36.0584	184	179	0	2557.63	0	0
431	A	A	2502.21	36.0765	188	188	2502.21	0	0	0
432	C	C	2537.12	36.0538	183	178	0	2537.12	0	0
433	A	A	2422.81	36.0444	181	181	2422.81	0	0	0
434	T	T	2455.09	36.0201	176	176	0	0	0	2455.09
435	G	G	2226.95	35.9945	171	159	0	0	2226.95	0
436	A	A	2317.56	35.9998	172	172	2317.56	0	0	0
437	T	T	2393.82	35.9998	172	172	0	0	0	2393.82
438	C	C	2275.48	35.692	169	161	0	2275.48	0	0
439	G	G	2326.97	35.6577	164	161	0	0	2326.97	0
440	A	A	2299.43	35.6577	164	164	2299.43	0	0	0
441	T	T	2318.81	35.7117	172	172	0	0	0	2318.81
442	C	C	2473.16	35.7309	175	172	0	2473.16	0	0
443	A	A	2369.64	35.7182	173	173	2369.64	0	0	0
444	T	T	2374.35	35.7246	174	174	0	0	0	2374.35
445	G	G	2371.59	35.7246	174	167	0	0	2371.59	0
446	G	G	2483.67	35.7433	177	173	0	0	2483.67	0
447	A	A	2385.57	36.0151	175	175	2385.57	0	0	0
448	G	G	2394.07	35.9998	172	168	0	0	2394.07	0
449	T	T	2370.04	36.01	174	174	0	0	0	2370.04
450	T	T	2334.94	36.3192	175	174	0	0	0	2334.94
451	T	T	2368.01	36.312	173	173	0	0	0	2368.01
452	T	T	2371.48	36.3045	171	171	0	0	0	2371.48
453	C	C	2412.34	36.3156	174	169	0	2412.34	0	0
454	C	C	2342.45	36.312	173	165	0	2342.45	0	0
455	A	A	2319.26	36.3083	172	172	2319.26	0	0	0
456	T	T	2350.6	36.312	173	173	0	0	0	2350.6
457	T	T	2328.52	36.3192	175	174	0	0	0	2328.52
458	T	T	2345.84	36.3156	174	174	0	0	0	2345.84
459	G	G	2288.69	36.3045	171	162	0	0	2288.69	0
460	A	A	2285.44	36.6322	168	168	2285.44	0	0	0
461	T	T	2321.27	36.6424	173	173	0	0	0	2321.27
462	A	A	2342.78	36.6384	171	171	2342.78	0	0	0
463	T	T	2323.07	37	173	173	0	0	0	2323.07
464	A	A	2395.23	37	176	176	2395.23	0	0	0
465	T	T	2325.86	37	174	173	0	0	0	2325.86
466	A	A	2308.39	37	171	171	2308.39	0	0	0
467	C	C	2390.28	36.6424	173	167	0	2390.28	0	0
468	A	A	2385.25	36.6443	174	174	2385.25	0	0	0
469	C	C	2359.42	36.6463	175	166	0	2359.42	0	0
470	A	A	2363.58	36.6424	173	173	2363.58	0	0	0
471	C	C	2362	36.6363	170	165	0	2362	0	0
472	T	T	2337.98	36.6443	174	174	0	0	0	2337.98
473	G	G	2615.27	36.6594	182	181	0	0	2615.27	0
474	A	A	2556.45	36.6647	185	185	2556.45	0	0	0
475	T	T	2443.6	36.6629	184	184	0	0	0	2443.6
476	C	C	2570.89	36.6732	190	182	0	2570.89	0	0
477	T	T	2474.23	36.6647	185	185	0	0	0	2474.23
478	C	C	2560.65	36.6647	185	179	0	2560.65	0	0
479	A	A	2540.16	36.6664	186	186	2540.16	0	0	0
480	A	A	2534.15	36.6629	184	184	2534.15	0	0	0
481	C	C	2655.42	36.6664	186	184	0	2655.42	0	0
482	A	A	2631.79	36.6748	191	191	2631.79	0	0	0
483	T	T	2550.03	36.6699	188	188	0	0	0	2550.03
484	C	C	2687.84	36.6732	190	187	0	2687.84	0	0
485	A	A	2555.21	36.6699	188	188	2555.21	0	0	0
486	A	A	2547.21	36.6647	185	185	2547.21	0	0	0
487	C	C	2568.09	36.6594	182	179	0	2568.09	0	0
488	C	C	2638.19	36.6612	183	182	0	2638.19	0	0
489	A	A	2436.28	36.6594	182	182	2436.28	0	0	0
490	T	T	2497.07	36.6557	180	180	0	0	0	2497.07
491	T	T	2518.43	36.6594	182	182	0	0	0	2518.43
492	T	T	2510.01	36.6629	184	184	0	0	0	2510.01
493	C	C	2415.64	36.6539	179	171	0	2415.64	0	0
494	T	T	2397.59	36.6501	177	177	0	0	0	2397.59
495	T	T	2455.65	36.6557	180	180	0	0	0	2455.65
496	C	C	2472.23	36.6482	176	172	0	2472.23	0	0
497	A	A	2361.27	36.6443	174	174	2361.27	0	0	0
498	A	A	2298.94	36.6322	168	168	2298.94	0	0	0
499	A	A	2338.88	36.3045	171	171	2338.88	0	0	0
500	T	T	2316.81	36.3045	171	171	0	0	0	2316.81
501	A	A	2427.75	36.3299	178	178	2427.75	0	0	0
502	C	C	2512.34	36.3334	179	175	0	2512.34	0	0
503	C	C	2361.06	36.6463	175	167	0	2361.06	0	0
504	T	T	2380.73	36.6501	177	177	0	0	0	2380.73
505	A	A	2470.29	36.6576	181	181	2470.29	0	0	0
506	C	C	2512.42	36.6539	179	175	0	2512.42	0	0
507	T	T	2463.28	36.3534	185	185	0	0	0	2463.28
508	C	C	2574.86	36.3599	187	181	0	2574.86	0	0
509	A	A	2516	36.3534	185	185	2516	0	0	0
510	T	T	2481.15	36.3435	182	182	0	0	0	2481.15
511	A	A	2482.91	36.3368	180	180	2482.91	0	0	0
512	T	T	2539.69	36.3534	185	185	0	0	0	2539.69
513	T	T	2519.9	36.3599	187	187	0	0	0	2519.9
514	C	C	2483.5	36.363	188	177	0	2483.5	0	0
515	C	C	2725.48	36.3693	190	189	0	2725.48	0	0
516	T	T	2552.65	36.3724	191	191	0	0	0	2552.65
517	T	T	2556.45	36.3693	190	190	0	0	0	2556.45
518	A	A	2654.64	36.3784	193	193	2654.64	0	0	0
519	T	T	2648.19	36.3784	193	193	0	0	0	2648.19
520	C	C	2736.66	36.3931	198	192	0	2736.66	0	0
521	A	A	2694.52	36.3902	197	197	2694.52	0	0	0
522	C	C	2698.04	36.3902	197	190	0	2698.04	0	0
523	T	T	2660.94	36.3814	194	194	0	0	0	2660.94
524	A	A	2686.98	36.3902	197	197	2686.98	0	0	0
525	T	T	2727.19	36.3844	195	195	0	0	0	2727.19
526	A	A	2532.18	36.6699	188	188	2532.18	0	0	0
527	A	A	2516.06	36.6682	187	187	2516.06	0	0	0
528	T	T	2607.15	36.6699	188	188	0	0	0	2607.15
529	A	A	2482.81	36.6647	185	185	2482.81	0	0	0
530	A	A	2481.17	36.6629	184	184	2481.17	0	0	0
531	T	T	2487.47	36.6594	182	182	0	0	0	2487.47
532	T	T	2452.92	36.6539	179	179	0	0	0	2452.92
533	C	C	2431.62	36.6463	175	170	0	2431.62	0	0
534	T	T	2452.14	36.6557	180	180	0	0	0	2452.14
535	A	A	2530	36.6594	182	182	2530	0	0	0
536	G	G	2528.57	36.6594	182	177	0	0	2528.57	0
537	T	T	2491.07	36.6539	179	179	0	0	0	2491.07
538	G	G	2503.09	36.6594	182	176	0	0	2503.09	0
539	A	A	2599.09	36.3599	187	187	2599.09	0	0	0
540	C	C	2578.35	36.363	188	182	0	2578.35	0	0
541	C	C	2657.63	36.3662	189	185	0	2657.63	0	0
542	G	G	2689.36	36.3693	190	187	0	0	2689.36	0
543	C	C	2624.11	36.6699	188	183	0	2624.11	0	0
544	A	A	2592.14	36.6748	191	191	2592.14	0	0	0
545	A	A	2536.68	36.6699	188	188	2536.68	0	0	0
546	A	A	2529.94	36.6715	189	189	2529.94	0	0	0
547	T	T	2643.98	36.6732	190	190	0	0	0	2643.98
548	A	A	2521.77	36.6647	185	185	2521.77	0	0	0
549	A	A	2539.32	36.6682	187	187	2539.32	0	0	0
550	T	T	2504.05	36.6629	184	184	0	0	0	2504.05
551	C	C	2471.16	36.3469	183	175	0	2471.16	0	0
552	T	T	2468.46	36.3402	181	181	0	0	0	2468.46
553	A	A	2485.74	36.3469	183	183	2485.74	0	0	0
554	C	C	2558.02	36.3402	181	178	0	2558.02	0	0
555	T	T	2518.82	36.3469	183	183	0	0	0	2518.82
556	T	T	2474.84	36.3334	179	179	0	0	0	2474.84
557	C	C	2529.43	36.3228	176	175	0	2529.43	0	0
558	A	A	2451.92	36.3299	178	178	2451.92	0	0	0
559	A	A	2473.13	36.3402	181	181	2473.13	0	0	0
560	C	C	2500.85	36.3435	182	175	0	2500.85	0	0
561	T	T	2486.09	36.3368	180	180	0	0	0	2486.09
562	A	A	2432.55	36.3469	183	183	2432.55	0	0	0
563	T	T	2481.88	36.3469	183	183	0	0	0	2481.88
564	T	T	2473.31	36.0491	182	182	0	0	0	2473.31
565	C	C	2411.63	36.0151	175	169	0	2411.63	0	0
566	A	A	2411.91	36.03	178	178	2411.91	0	0	0
567	T	T	2386.75	36.0151	175	175	0	0	0	2386.75
568	C	C	2488.97	36.03	178	174	0	2488.97	0	0
569	G	G	2434.33	36.3228	176	170	0	0	2434.33	0
570	G	G	2410.62	36.3192	175	170	0	0	2410.62	0
571	C	C	2372.23	36.3083	172	167	0	2372.23	0	0
572	T	T	2365.14	36.3083	172	172	0	0	0	2365.14
573	G	G	2447.25	36.312	173	170	0	0	2447.25	0
574	A	A	2348.88	36.3192	175	175	2348.88	0	0	0
575	G	G	2463.93	36.3156	174	171	0	0	2463.93	0
576	A	A	2375.86	36.3156	174	174	2375.86	0	0	0
577	A	A	2397.29	36.3156	174	174	2397.29	0	0	0
578	G	G	2438.23	36.3156	174	170	0	0	2438.23	0
579	G	G	2325.51	36.3008	170	164	0	0	2325.51	0
580	A	A	2471.93	36.3264	177	177	2471.93	0	0	0
581	G	G	2602.27	36.3402	181	180	0	0	2602.27	0
582	T	T	2439.45	36.3368	180	180	0	0	0	2439.45
583	A	A	2461.65	36.3402	181	181	2461.65	0	0	0
584	G	G	2576.81	36.6594	182	179	0	0	2576.81	0
585	G	G	2550.37	36.6576	181	178	0	0	2550.37	0
586	G	G	2512.86	36.6539	179	175	0	0	2512.86	0
587	A	A	2473.01	36.6576	181	181	2473.01	0	0	0
588	T	T	2469.9	37	183	183	0	0	0	2469.9
589	C	C	2545.32	36.3567	186	179	0	2545.32	0	0
590	A	A	2506.53	36.3599	187	187	2506.53	0	0	0
591	T	T	2476.54	36.0584	184	184	0	0	0	2476.54
592	A	A	2381.83	36.0348	179	179	2381.83	0	0	0
593	T	T	2439.64	36.0251	177	177	0	0	0	2439.64
594	C	C	2450.38	36.0049	173	170	0	2450.38	0	0
595	T	T	2415.34	36.0049	173	173	0	0	0	2415.34
596	T	T	2392.79	36.01	174	174	0	0	0	2392.79
597	T	T	2353.16	35.7246	174	174	0	0	0	2353.16
598	C	C	2317.44	35.692	169	163	0	2317.44	0	0
599	C	C	2337.2	35.7117	172	165	0	2337.2	0	0
600	T	T	2336.71	35.7182	173	173	0	0	0	2336.71
601	C	C	2420.7	35.7182	173	169	0	2420.7	0	0
602	C	C	2477.95	35.7182	173	172	0	2477.95	0	0
603	T	T	2342.82	35.7182	173	173	0	0	0	2342.82
604	T	T	2302.64	35.7052	171	171	0	0	0	2302.64
605	A	A	2471.38	35.7433	177	177	2471.38	0	0	0
606	T	T	2446.34	35.521	183	183	0	0	0	2446.34
607	C	C	2533.78	35.5346	185	178	0	2533.78	0	0
608	G	G	2627.84	35.5279	184	182	0	0	2627.84	0
609	G	G	2524.14	35.7675	181	177	0	0	2524.14	0
610	A	A	2466.49	35.7555	179	179	2466.49	0	0	0
611	T	T	2466.67	35.7433	177	177	0	0	0	2466.67
612	G	G	2586.24	35.785	184	180	0	0	2586.24	0
613	G	G	2696.83	35.8077	188	187	0	0	2696.83	0
614	T	T	2540.89	36.072	187	187	0	0	0	2540.89
615	G	G	2670.67	36.072	187	185	0	0	2670.67	0
616	G	G	2636.12	36.0675	186	183	0	0	2636.12	0
617	T	T	2541.25	36.072	187	187	0	0	0	2541.25
618	A	A	2628.2	36.0809	189	189	2628.2	0	0	0
619	C	C	2598.35	36.0852	190	183	0	2598.35	0	0
620	G	G	2639.08	36.1064	195	186	0	0	2639.08	0
621	G	G	2676.92	36.3784	193	188	0	0	2676.92	0
622	A	A	2630.87	36.3784	193	193	2630.87	0	0	0
623	C	C	2719.08	36.3784	193	189	0	2719.08	0	0
624	G	G	2719.38	36.6732	190	188	0	0	2719.38	0
625	A	A	2631.83	36.6732	190	190	2631.83	0	0	0
626	G	G	2600.2	36.6682	187	182	0	0	2600.2	0
627	C	C	2632.61	36.6765	192	185	0	2632.61	0	0
628	A	A	2625.04	36.6748	191	191	2625.04	0	0	0
629	G	G	2740.9	36.6765	192	190	0	0	2740.9	0
630	A	A	2581.31	36.6715	189	189	2581.31	0	0	0
631	C	C	2665.33	36.6732	190	186	0	2665.33	0	0
632	G	G	2596.32	36.6765	192	183	0	0	2596.32	0
633	C	C	2652.88	36.6715	189	185	0	2652.88	0	0
634	C	C	2700.1	37	192	188	0	2700.1	0	0
635	A	A	2564.74	36.6765	192	192	2564.74	0	0	0
636	A	A	2561.03	36.6699	188	188	2561.03	0	0	0
637	T	T	2525.72	36.6682	187	187	0	0	0	2525.72
638	A	A	2522.34	36.6664	186	186	2522.34	0	0	0
639	C	C	2558.64	36.6629	184	179	0	2558.64	0	0
640	A	A	2432.01	36.6557	180	180	2432.01	0	0	0
641	G	G	2499.18	36.6557	180	175	0	0	2499.18	0
642	C	C	2451.23	36.0201	176	171	0	2451.23	0	0
643	C	C	2530.98	35.486	178	176	0	2530.98	0	0
644	G	G	2510.82	35.5072	181	176	0	0	2510.82	0
645	C	C	2375.59	35.5002	180	169	0	2375.59	0	0
646	T	T	2391.95	35.486	178	178	0	0	0	2391.95
647	C	C	2445.48	35.4788	177	172	0	2445.48	0	0
648	T	T	2413.12	35.2376	178	178	0	0	0	2413.12
649	A	A	2377.04	35.2044	174	174	2377.04	0	0	0
650	C	C	2435.57	35.2044	174	170	0	2435.57	0	0
651	A	A	2343.71	35.1873	172	172	2343.71	0	0	0
652	A	A	2360.93	35.1873	172	172	2360.93	0	0	0
653	G	G	2376.69	35.1699	170	166	0	0	2376.69	0
654	C	C	2363.22	35.1611	169	165	0	2363.22	0	0
655	A	A	2289.07	35.1611	169	169	2289.07	0	0	0
656	G	G	2363.61	35.1611	169	165	0	0	2363.61	0
657	T	T	2346.13	35.1699	170	170	0	0	0	2346.13
658	C	C	2331.96	35.1522	168	163	0	2331.96	0	0
659	C	C	2299.13	34.8782	165	161	0	2299.13	0	0
660	T	T	2244.65	35.0968	162	162	0	0	0	2244.65
661	A	A	2187.69	35.1063	163	163	2187.69	0	0	0
662	T	T	2237.99	35.1063	163	163	0	0	0	2237.99
663	A	A	2167.25	35.0968	162	162	2167.25	0	0	0
664	C	C	2260.44	35.0776	160	157	0	2260.44	0	0
665	A	A	2117.11	35.0278	155	155	2117.11	0	0	0
666	A	A	2108.64	35.0071	153	153	2108.64	0	0	0
667	T	T	2117.98	34.7486	153	153	0	0	0	2117.98
668	C	C	2152.05	35.058	158	151	0	2152.05	0	0
669	G	G	2301.53	35.1156	164	161	0	0	2301.53	0
670	C	C	2241.67	35.1249	165	159	0	2241.67	0	0
671	A	A	2392.89	35.1787	171	171	2392.89	0	0	0
672	T	T	2210.88	35.1522	168	168	0	0	0	2210.88
673	C	C	2341.74	35.1611	169	164	0	2341.74	0	0
674	G	G	2453.63	35.1873	172	170	0	0	2453.63	0
675	G	G	2437.33	35.4567	174	170	0	0	2437.33	0
676	A	A	2379.33	35.4641	175	175	2379.33	0	0	0
677	G	G	2367.45	35.434	171	166	0	0	2367.45	0
678	A	A	2380.83	35.4492	173	173	2380.83	0	0	0
679	T	T	2344.06	35.4262	170	170	0	0	0	2344.06
680	G	G	2387.83	35.4416	172	167	0	0	2387.83	0
681	T	T	2368.66	35.7246	174	174	0	0	0	2368.66
682	A	A	2408.63	35.7371	176	176	2408.63	0	0	0
683	G	G	2475.82	35.7495	178	173	0	0	2475.82	0
684	G	G	2542.34	35.7675	181	177	0	0	2542.34	0
685	C	C	2468.83	36.0201	176	172	0	2468.83	0	0
686	T	T	2399.66	36.3192	175	175	0	0	0	2399.66
687	T	T	2394.89	36.3156	174	174	0	0	0	2394.89
688	T	T	2385.41	36.3045	171	171	0	0	0	2385.41
689	A	A	2324.39	36.3008	170	170	2324.39	0	0	0
690	T	T	2358.85	36.2969	169	169	0	0	0	2358.85
691	C	C	2346.04	36.2969	169	165	0	2346.04	0	0
692	A	A	2283.82	36.2852	166	166	2283.82	0	0	0
693	T	T	2350.25	36.2931	168	168	0	0	0	2350.25
694	A	A	2219.36	36.269	162	162	2219.36	0	0	0
695	G	G	2242.1	35.9564	164	158	0	0	2242.1	0
696	C	C	2286.55	35.9507	163	159	0	2286.55	0	0
697	C	C	2174.92	35.9507	163	155	0	2174.92	0	0
698	A	A	2172.17	35.945	162	162	2172.17	0	0	0
699	T	T	2218.53	35.9507	163	163	0	0	0	2218.53
700	A	A	2155.79	35.9333	160	160	2155.79	0	0	0
701	G	G	2159.21	35.9333	160	153	0	0	2159.21	0
702	C	C	2273.23	35.962	165	160	0	2273.23	0	0
703	C	C	2220.52	35.9676	166	157	0	2220.52	0	0
704	T	T	2139.65	35.9333	160	160	0	0	0	2139.65
705	G	G	2148.3	36.2648	161	153	0	0	2148.3	0
706	A	A	2226.89	36.6169	161	161	2226.89	0	0	0
707	T	T	2183.22	36.6214	163	163	0	0	0	2183.22
708	T	T	2225.26	36.6258	165	165	0	0	0	2225.26
709	T	T	2240.68	36.6258	165	165	0	0	0	2240.68
710	T	T	2269.42	36.6322	168	168	0	0	0	2269.42
711	T	T	2276.62	36.6343	169	169	0	0	0	2276.62
712	A	A	2350.85	36.6343	169	169	2350.85	0	0	0
713	C	C	2343.14	36.6343	169	164	0	2343.14	0	0
714	T	T	2235.46	36.6279	166	166	0	0	0	2235.46
715	C	C	2344.32	36.6343	169	164	0	2344.32	0	0
716	A	A	2357.09	36.6384	171	171	2357.09	0	0	0
717	A	A	2424.19	36.6501	177	177	2424.19	0	0	0
718	T	T	2404.33	36.6576	181	179	0	0	0	2404.33
719	A	A	2485.68	36.6594	182	182	2485.68	0	0	0
720	C	C	2474.7	36.6576	181	174	0	2474.7	0	0
721	A	A	2563.56	36.6699	188	188	2563.56	0	0	0
722	A	A	2525.51	36.6699	188	188	2525.51	0	0	0
723	A	A	2527.61	37	188	188	2527.61	0	0	0
724	T	T	2535.02	37	188	188	0	0	0	2535.02
725	G	G	2608.87	37	185	182	0	0	2608.87	0
726	C	C	2547.82	37	188	179	0	2547.82	0	0
727	A	A	2583.35	37	186	186	2583.35	0	0	0
728	T	T	2522.87	37	186	186	0	0	0	2522.87
729	G	G	2680.83	37	187	185	0	0	2680.83	0
730	A	A	2748.18	37	196	196	2748.18	0	0	0
731	G	G	2815.08	37	198	195	0	0	2815.08	0
732	A	A	2747.31	37	199	199	2747.31	0	0	0
733	C	C	2810.81	37	201	196	0	2810.81	0	0
734	T	T	2754.53	37	205	205	0	0	0	2754.53
735	T	T	2805.67	37	206	206	0	0	0	2805.67
736	C	C	2839.76	37	204	199	0	2839.76	0	0
737	C	C	2815.8	37	205	198	0	2815.8	0	0
738	A	A	2915.2	37	210	210	2915.2	0	0	0
739	A	A	2968.64	37	214	214	2968.64	0	0	0
740	C	C	3073.29	37	216	214	0	3073.29	0	0
741	A	A	3012.21	37	219	219	3012.21	0	0	0
742	A	A	3010.79	37	218	218	3010.79	0	0	0
743	A	A	2987.01	37	217	216	2987.01	0	0	0
744	T	T	2997.23	37	218	218	0	0	0	2997.23
745	C	C	2944.49	37	217	207	0	2944.49	0	0
746	T	T	2994.1	37	217	217	0	0	0	2994.1
747	T	T	2993.95	37	216	216	0	0	0	2993.95
748	T	T	2988.7	37	217	217	0	0	0	2988.7
749	G	G	3098.05	37	219	215	0	0	3098.05	0
750	C	C	3158.58	37	224	220	0	3158.58	0	0
751	A	A	2999.55	37	220	219	2999.55	0	0	0
752	A	A	2921.64	37	216	216	2921.64	0	0	0
753	T	T	3019.69	37	217	216	0	0	0	3019.69
754	T	T	3006.97	37	217	217	0	0	0	3006.97
755	G	G	2936.77	37	213	206	0	0	2936.77	0
756	A	A	2907.22	37	214	214	2907.22	0	0	0
757	A	A	2874.03	37	209	209	2874.03	0	0	0
758	C	C	3072.78	37	218	214	0	3072.78	0	0
759	A	A	2928.4	37	216	216	2928.4	0	0	0
760	T	T	3035.77	37	225	225	0	0	0	3035.77
761	G	G	2966.68	37	216	208	0	0	2966.68	0
762	A	A	2962.66	37	216	216	2962.66	0	0	0
763	A	A	2970.67	37	217	216	2970.67	0	0	0
764	A	A	2962.78	37	214	214	2962.78	0	0	0
765	A	A	2908.8	37	212	212	2908.8	0	0	0
766	C	C	2914.64	36.7046	211	204	0	2914.64	0	0
767	C	C	2956.69	36.71	215	208	0	2956.69	0	0
768	T	T	2991.51	36.7138	218	218	0	0	0	2991.51
769	T	T	3000.91	36.7163	220	220	0	0	0	3000.91
770	A	A	2889.89	36.7073	213	213	2889.89	0	0	0
771	A	A	2859.05	36.6977	206	206	2859.05	0	0	0
772	C	C	2792.59	36.6991	207	198	0	2792.59	0	0
773	A	A	2897.64	36.7019	209	209	2897.64	0	0	0
774	T	T	2921.56	36.7073	213	213	0	0	0	2921.56
775	T	T	2880.84	36.706	212	211	0	0	0	2880.84
776	C	C	2931.13	36.7073	213	206	0	2931.13	0	0
777	C	C	2991.63	36.706	212	208	0	2991.63	0	0
778	A	A	2946.13	36.7073	213	213	2946.13	0	0	0
779	C	C	2987.54	36.7046	211	208	0	2987.54	0	0
780	T	T	2977.95	36.7138	218	218	0	0	0	2977.95
781	A	A	3034.01	36.4593	224	224	3034.01	0	0	0
782	G	G	3154.54	36.4593	224	220	0	0	3154.54	0
783	C	C	3072.95	36.4593	224	216	0	3072.95	0	0
784	A	A	3036.88	36.4593	224	224	3036.88	0	0	0
785	G	G	3126.8	36.4547	222	218	0	0	3126.8	0
786	G	G	2998.45	36.4477	219	211	0	0	2998.45	0
787	A	A	3073.42	36.457	223	223	3073.42	0	0	0
788	C	C	3135.41	36.2123	224	219	0	3135.41	0	0
789	T	T	3016.39	36.1992	220	220	0	0	0	3016.39
790	G	G	3083.91	35.9662	221	215	0	0	3083.91	0
791	C	C	3002.41	35.9578	219	211	0	3002.41	0	0
792	T	T	3043.1	35.7271	218	218	0	0	0	3043.1
793	C	C	2960.82	35.696	212	206	0	2960.82	0	0
794	C	C	3002.31	35.7271	218	210	0	3002.31	0	0
795	T	T	3040.38	35.7421	221	221	0	0	0	3040.38
796	A	A	2958.29	35.722	217	217	2958.29	0	0	0
797	G	G	3087.71	35.7421	221	216	0	0	3087.71	0
798	C	C	2980.02	35.962	220	210	0	2980.02	0	0
799	A	A	2959.16	35.9536	218	218	2959.16	0	0	0
800	G	G	2967.77	35.9318	213	208	0	0	2967.77	0
801	C	C	2986.87	35.7117	215	209	0	2986.87	0	0
802	C	C	2978.21	35.7065	214	208	0	2978.21	0	0
803	A	A	2794.91	35.6744	208	208	2794.91	0	0	0
804	C	C	2948.2	35.6906	211	206	0	2948.2	0	0
805	T	T	2885.74	35.696	212	212	0	0	0	2885.74
806	G	G	2989.05	35.6906	211	208	0	0	2989.05	0
807	G	G	2804.97	35.6689	207	198	0	0	2804.97	0
808	A	A	2774.94	35.8854	203	203	2774.94	0	0	0
809	A	A	2824.3	35.9044	207	207	2824.3	0	0	0
810	A	A	2825.62	35.9044	207	207	2825.62	0	0	0
811	G	G	2766.26	35.8902	204	195	0	0	2766.26	0
812	T	T	2783.46	35.8707	200	200	0	0	0	2783.46
813	C	C	2745.31	35.6171	198	192	0	2745.31	0	0
814	A	A	2694.27	35.6111	197	197	2694.27	0	0	0
815	G	G	2766.94	35.6111	197	193	0	0	2766.94	0
816	C	C	2633.64	35.605	196	187	0	2633.64	0	0
817	C	C	2692	35.605	196	189	0	2692	0	0
818	C	C	2773.82	35.84	194	192	0	2773.82	0	0
819	A	A	2662.44	35.84	194	194	2662.44	0	0	0
820	A	A	2644.59	35.84	194	194	2644.59	0	0	0
821	T	T	2714.43	35.8657	199	199	0	0	0	2714.43
822	T	T	2694.95	36.1187	198	198	0	0	0	2694.95
823	C	C	2613.58	36.1064	195	186	0	2613.58	0	0
824	G	G	2753.58	36.1187	198	193	0	0	2753.58	0
825	G	G	2680.08	36.1064	195	189	0	0	2680.08	0
826	C	C	2664.31	36.3662	189	185	0	2664.31	0	0
827	C	C	2633.21	36.3693	190	185	0	2633.21	0	0
828	T	T	2593.62	36.3599	187	187	0	0	0	2593.62
829	T	T	2592.98	36.3599	187	187	0	0	0	2592.98
830	C	C	2589.25	36.3567	186	181	0	2589.25	0	0
831	A	A	2390.59	36.0348	179	179	2390.59	0	0	0
832	T	T	2485.94	36.0397	180	180	0	0	0	2485.94
833	C	C	2360.98	36.0151	175	166	0	2360.98	0	0
834	C	C	2510.28	36.0201	176	174	0	2510.28	0	0
835	A	A	2464.14	36.03	178	178	2464.14	0	0	0
836	T	T	2386.57	36.0348	179	179	0	0	0	2386.57
837	G	G	2523.61	36.0397	180	176	0	0	2523.61	0
838	A	A	2499.56	36.03	178	178	2499.56	0	0	0
839	C	C	2536.26	36.0538	183	178	0	2536.26	0	0
840	T	T	2539.64	36.0809	189	189	0	0	0	2539.64
841	C	C	2648.08	36.072	187	184	0	2648.08	0	0
842	C	C	2597.48	36.0675	186	182	0	2597.48	0	0
843	C	C	2597.04	36.072	187	182	0	2597.04	0	0
844	A	A	2643.7	36.0852	190	190	2643.7	0	0	0
845	T	T	2611.17	36.0809	189	189	0	0	0	2611.17
846	C	C	2707.66	36.0852	190	188	0	2707.66	0	0
847	A	A	2613.26	36.0809	189	189	2613.26	0	0	0
848	G	G	2743.3	36.1187	198	192	0	0	2743.3	0
849	C	C	2602.82	36.3902	197	185	0	2602.82	0	0
850	T	T	2659.11	36.6844	197	197	0	0	0	2659.11
851	A	A	2647.1	36.6828	196	196	2647.1	0	0	0
852	T	T	2667.69	36.6828	196	196	0	0	0	2667.69
853	A	A	2654.88	36.6919	202	202	2654.88	0	0	0
854	G	G	2805.76	36.6905	201	196	0	0	2805.76	0
855	A	A	2683.25	36.6919	202	202	2683.25	0	0	0
856	A	A	2692.07	37	198	198	2692.07	0	0	0
857	G	G	2754.78	37	195	192	0	0	2754.78	0
858	G	G	2749.45	37	190	190	0	0	2749.45	0
859	A	A	2619.89	37	193	193	2619.89	0	0	0
860	C	C	2612.2	37	193	185	0	2612.2	0	0
861	C	C	2708.46	37	188	187	0	2708.46	0	0
862	T	T	2649.28	37	192	192	0	0	0	2649.28
863	A	A	2595.88	37	190	190	2595.88	0	0	0
864	C	C	2745.18	37	194	191	0	2745.18	0	0
865	T	T	2629.11	37	195	195	0	0	0	2629.11
866	C	C	2626.22	37	194	186	0	2626.22	0	0
867	C	C	2749.51	37	201	193	0	2749.51	0	0
868	T	T	2634.36	37	196	196	0	0	0	2634.36
869	G	G	2682.34	37	196	189	0	0	2682.34	0
870	T	T	2709.56	37	200	200	0	0	0	2709.56
871	T	T	2733.61	37	201	200	0	0	0	2733.61
872	T	T	2764.85	37	200	200	0	0	0	2764.85
873	C	C	2792.15	36.6844	197	194	0	2792.15	0	0
874	A	A	2694.07	36.6844	197	197	2694.07	0	0	0
875	G	G	2706.2	36.6813	195	189	0	0	2706.2	0
876	C	C	2652.83	36.6765	192	186	0	2652.83	0	0
877	C	C	2721.67	36.1106	196	190	0	2721.67	0	0
878	C	C	2771.27	36.1023	194	192	0	2771.27	0	0
879	T	T	2687.77	36.1146	197	197	0	0	0	2687.77
880	A	A	2718.5	36.1227	199	199	2718.5	0	0	0
881	C	C	2824.03	36.1227	199	196	0	2824.03	0	0
882	T	T	2682.76	36.1146	197	197	0	0	0	2682.76
883	C	C	2656.14	36.0938	192	186	0	2656.14	0	0
884	C	C	2607.93	35.5865	193	184	0	2607.93	0	0
885	A	A	2634.68	35.5927	194	194	2634.68	0	0	0
886	C	C	2713.08	35.5927	194	189	0	2713.08	0	0
887	T	T	2643.04	35.5739	191	191	0	0	0	2643.04
888	C	C	2593.82	35.5545	188	182	0	2593.82	0	0
889	T	T	2573.96	35.5545	188	188	0	0	0	2573.96
890	A	A	2589.25	35.5545	188	188	2589.25	0	0	0
891	G	G	2762.66	35.5802	192	191	0	0	2762.66	0
892	T	T	2628.33	35.5989	195	195	0	0	0	2628.33
893	A	A	2676.17	35.5989	195	195	2676.17	0	0	0
894	C	C	2711.03	35.605	196	190	0	2711.03	0	0
895	A	A	2627.69	35.5865	193	193	2627.69	0	0	0
896	A	A	2652.64	35.605	196	196	2652.64	0	0	0
897	T	T	2723	35.6171	198	198	0	0	0	2723
898	A	A	2703.93	35.6171	198	198	2703.93	0	0	0
899	G	G	2733.49	35.605	196	191	0	0	2733.49	0
900	T	T	2627.61	35.5927	194	194	0	0	0	2627.61
901	A	A	2753.23	36.1064	195	195	2753.23	0	0	0
902	G	G	2698.51	36.1023	194	189	0	0	2698.51	0
903	T	T	2708.24	36.3959	199	199	0	0	0	2708.24
904	A	A	2778.7	36.4043	202	202	2778.7	0	0	0
905	G	G	2800.56	36.4204	208	199	0	0	2800.56	0
906	C	C	2970.59	36.4204	208	206	0	2970.59	0	0
907	A	A	2751.58	36.6934	203	203	2751.58	0	0	0
908	G	G	2718.47	36.6859	198	192	0	0	2718.47	0
909	G	G	2724.15	36.6813	195	190	0	0	2724.15	0
910	G	G	2688.79	36.6765	192	188	0	0	2688.79	0
911	G	G	2677.05	36.6781	193	187	0	0	2677.05	0
912	T	T	2694.59	36.6797	194	194	0	0	0	2694.59
913	A	A	2668.79	36.6813	195	195	2668.79	0	0	0
914	T	T	2617.4	37	191	191	0	0	0	2617.4
915	T	T	2616.42	37	191	191	0	0	0	2616.42
916	T	T	2647.04	37	192	192	0	0	0	2647.04
917	C	C	2665.54	37	194	187	0	2665.54	0	0
918	T	T	2633.99	37	192	191	0	0	0	2633.99
919	T	T	2679.58	37	195	195	0	0	0	2679.58
920	C	C	2725.79	37	195	190	0	2725.79	0	0
921	T	T	2707.96	37	198	198	0	0	0	2707.96
922	A	A	2726.05	37	201	201	2726.05	0	0	0
923	A	A	2736.83	36.6934	203	203	2736.83	0	0	0
924	T	T	2720.26	36.6905	201	201	0	0	0	2720.26
925	C	C	2806.91	36.6905	201	196	0	2806.91	0	0
926	C	C	2844.5	36.6949	204	199	0	2844.5	0	0
927	G	G	2822.4	36.6963	205	199	0	0	2822.4	0
928	A	A	2835.72	36.6977	206	206	2835.72	0	0	0
929	T	T	2772.95	36.6977	206	206	0	0	0	2772.95
930	T	T	2789.57	36.7005	208	208	0	0	0	2789.57
931	T	T	2845.99	36.7033	210	210	0	0	0	2845.99
932	T	T	2879.08	36.71	215	215	0	0	0	2879.08
933	A	A	2928.53	36.7086	214	213	2928.53	0	0	0
934	C	C	2902.58	36.7046	211	204	0	2902.58	0	0
935	C	C	3019.43	36.7086	214	210	0	3019.43	0	0
936	C	C	2941.21	36.7125	217	208	0	2941.21	0	0
937	T	T	2917.65	36.7046	211	211	0	0	0	2917.65
938	C	C	3017.53	36.7073	213	210	0	3017.53	0	0
939	T	T	2911.39	36.7073	213	213	0	0	0	2911.39
940	G	G	2975.31	36.7005	208	206	0	0	2975.31	0
941	A	A	2848.78	36.4204	208	208	2848.78	0	0	0
942	T	T	2879.85	36.4204	208	208	0	0	0	2879.85
943	A	A	2812.86	36.4256	210	210	2812.86	0	0	0
944	G	G	2910.53	36.4281	211	204	0	0	2910.53	0
945	A	A	2804.15	36.4281	211	211	2804.15	0	0	0
946	A	A	2725.44	36.4151	206	206	2725.44	0	0	0
947	C	C	2812.73	36.3987	200	196	0	2812.73	0	0
948	A	A	2606.4	36.6813	195	195	2606.4	0	0	0
949	C	C	2708.82	36.6875	199	191	0	2708.82	0	0
950	A	A	2617.76	36.6844	197	197	2617.76	0	0	0
951	A	A	2607.47	36.6748	191	191	2607.47	0	0	0
952	C	C	2698.95	36.6781	193	189	0	2698.95	0	0
953	A	A	2655.56	36.6765	192	192	2655.56	0	0	0
954	A	A	2666.09	36.6765	192	191	2666.09	0	0	0
955	G	G	2723.91	36.6765	192	189	0	0	2723.91	0
956	A	A	2698.87	36.6844	197	197	2698.87	0	0	0
957	C	C	2721.28	36.6797	194	190	0	2721.28	0	0
958	T	T	2670.29	36.6813	195	195	0	0	0	2670.29
959	A	A	2625.94	36.6828	196	196	2625.94	0	0	0
960	T	T	2655.62	36.6748	191	191	0	0	0	2655.62
961	C	C	2717.54	36.6813	195	190	0	2717.54	0	0
962	C	C	2679.4	36.6781	193	188	0	2679.4	0	0
963	A	A	2631.23	36.6797	194	194	2631.23	0	0	0
964	A	A	2585.82	36.6682	187	187	2585.82	0	0	0
965	A	A	2652.18	36.6748	191	191	2652.18	0	0	0
966	C	C	2681.94	36.6748	191	187	0	2681.94	0	0
967	A	A	2674.11	36.6781	193	193	2674.11	0	0	0
968	G	G	2678.1	36.3754	192	187	0	0	2678.1	0
969	C	C	2633.02	36.3724	191	185	0	2633.02	0	0
970	C	C	2733.43	36.3784	193	190	0	2733.43	0	0
971	A	A	2650.68	36.3754	192	192	2650.68	0	0	0
972	C	C	2762.29	36.3754	192	191	0	2762.29	0	0
973	T	T	2656.28	36.3784	193	193	0	0	0	2656.28
974	T	T	2673.53	36.3754	192	192	0	0	0	2673.53
975	T	T	2654.42	36.3814	194	194	0	0	0	2654.42
976	A	A	2674.24	36.3693	190	190	2674.24	0	0	0
977	T	T	2653.67	36.3724	191	191	0	0	0	2653.67
978	G	G	2684.76	36.3693	190	187	0	0	2684.76	0
979	C	C	2811.31	36.3902	197	195	0	2811.31	0	0
980	C	C	2772.91	36.1345	202	194	0	2772.91	0	0
981	T	T	2762.49	36.1422	204	204	0	0	0	2762.49
982	A	A	2766.7	36.146	205	205	2766.7	0	0	0
983	G	G	2764.14	35.8657	199	193	0	0	2764.14	0
984	G	G	2789.86	35.8805	202	195	0	0	2789.86	0
985	C	C	2806.2	36.1345	202	196	0	2806.2	0	0
986	G	G	2710.35	36.1187	198	191	0	0	2710.35	0
987	C	C	2814.08	36.1187	198	195	0	2814.08	0	0
988	A	A	2668.15	36.1106	196	196	2668.15	0	0	0
989	A	A	2638.48	36.0981	193	193	2638.48	0	0	0
990	T	T	2645.25	36.0809	189	189	0	0	0	2645.25
991	A	A	2635.4	35.8294	192	192	2635.4	0	0	0
992	A	A	2659.62	35.8348	193	193	2659.62	0	0	0
993	C	C	2649.19	35.84	194	187	0	2649.19	0	0
994	C	C	2755.38	35.8504	196	192	0	2755.38	0	0
995	A	A	2656.66	35.3864	198	197	2656.66	0	0	0
996	C	C	2656.1	35.1749	199	189	0	2656.1	0	0
997	C	C	2773.46	35.1598	197	193	0	2773.46	0	0
998	C	C	2621.18	35.1522	196	186	0	2621.18	0	0
999	T	T	2644.1	35.1288	193	193	0	0	0	2644.1
1000	A	A	2671.12	35.1367	194	194	2671.12	0	0	0
1001	T	T	2661.08	35.1598	197	197	0	0	0	2661.08
1002	T	T	2677	35.1749	199	199	0	0	0	2677
1003	T	T	2669.82	35.1522	196	196	0	0	0	2669.82
1004	A	A	2718.64	35.1749	199	199	2718.64	0	0	0
1005	C	C	2667.61	35.1598	197	189	0	2667.61	0	0
1006	A	A	2661.86	35.1522	196	196	2661.86	0	0	0
1007	G	G	2718.52	35.1971	202	193	0	0	2718.52	0
1008	C	C	2799.26	35.3932	199	195	0	2799.26	0	0
1009	A	A	2714.64	35.6111	197	197	2714.64	0	0	0
1010	G	G	2723.98	35.8452	195	190	0	0	2723.98	0
1011	C	C	2708.2	36.1187	198	191	0	2708.2	0	0
1012	C	C	2827.48	36.1384	203	198	0	2827.48	0	0
1013	T	T	2782.25	36.1645	210	210	0	0	0	2782.25
1014	G	G	2970.7	36.1891	217	209	0	0	2970.7	0
1015	T	T	2876.27	36.1959	219	219	0	0	0	2876.27
1016	G	G	3144.8	36.2218	227	221	0	0	3144.8	0
1017	C	C	3224.78	36.2432	234	227	0	3224.78	0	0
1018	T	T	3028.84	35.9985	229	229	0	0	0	3028.84
1019	C	C	3152.11	36.0138	233	223	0	3152.11	0	0
1020	T	T	3067.19	36.2218	227	227	0	0	0	3067.19
1021	C	C	3087.03	35.9906	227	218	0	3087.03	0	0
1022	A	A	3101.31	35.9906	227	227	3101.31	0	0	0
1023	C	C	3178.83	35.9985	229	222	0	3178.83	0	0
1024	C	C	3264.7	35.9945	228	226	0	3264.7	0	0
1025	C	C	3111.91	35.9785	224	217	0	3111.91	0	0
1026	A	A	3028.2	35.9662	221	221	3028.2	0	0	0
1027	G	G	3111.57	36.1992	220	216	0	0	3111.57	0
1028	A	A	3095.7	36.2058	222	222	3095.7	0	0	0
1029	A	A	3115.5	36.2155	225	225	3115.5	0	0	0
1030	T	T	3051.26	36.2091	223	223	0	0	0	3051.26
1031	G	G	3179.27	36.2123	224	221	0	0	3179.27	0
1032	A	A	3085.97	36.2123	224	224	3085.97	0	0	0
1033	C	C	3193.07	36.2218	227	222	0	3193.07	0	0
1034	A	A	3193.86	36.2402	233	233	3193.86	0	0	0
1035	T	T	3115.29	36.4726	230	230	0	0	0	3115.29
1036	C	C	3202.03	36.4704	229	224	0	3202.03	0	0
1037	A	A	3211.79	36.4832	235	235	3211.79	0	0	0
1038	A	A	3200.08	36.4832	235	235	3200.08	0	0	0
1039	A	A	3202.8	36.4811	234	234	3202.8	0	0	0
1040	A	A	3212.3	36.7317	233	233	3212.3	0	0	0
1041	A	A	3184.11	36.7306	232	232	3184.11	0	0	0
1042	G	G	3282.89	36.7306	232	228	0	0	3282.89	0
1043	A	A	3210.85	36.7283	230	230	3210.85	0	0	0
1044	T	T	3186.35	36.7271	229	229	0	0	0	3186.35
1045	C	C	3226.52	36.7271	229	224	0	3226.52	0	0
1046	A	A	3146.95	36.7236	226	226	3146.95	0	0	0
1047	T	T	3177.12	36.7224	225	225	0	0	0	3177.12
1048	T	T	3175.22	36.7224	225	225	0	0	0	3175.22
1049	G	G	3212.01	36.7294	231	225	0	0	3212.01	0
1050	C	C	3159.96	36.2372	232	223	0	3159.96	0	0
1051	C	C	3158.09	36.2249	228	221	0	3158.09	0	0
1052	T	T	3068.79	36.2025	221	221	0	0	0	3068.79
1053	T	T	3042.88	36.1959	219	219	0	0	0	3042.88
1054	T	T	3107.01	36.2058	222	222	0	0	0	3107.01
1055	T	T	3067.97	35.9578	219	219	0	0	0	3067.97
1056	C	C	3075.7	35.7371	220	215	0	3075.7	0	0
1057	C	C	3127.61	35.7371	220	217	0	3127.61	0	0
1058	A	A	2945.39	35.7371	220	220	2945.39	0	0	0
1059	C	C	3039.79	35.7371	220	213	0	3039.79	0	0
1060	T	T	2950.62	35.7321	219	219	0	0	0	2950.62
1061	T	T	2884.88	35.7013	213	213	0	0	0	2884.88
1062	C	C	2967	35.6906	211	207	0	2967	0	0
1063	A	A	2791.36	35.6689	207	207	2791.36	0	0	0
1064	A	A	2736.47	35.652	204	204	2736.47	0	0	0
1065	G	G	2830.35	35.4132	202	198	0	0	2830.35	0
1066	C	C	2799.07	35.3999	200	195	0	2799.07	0	0
1067	C	C	2817.97	35.652	204	197	0	2817.97	0	0
1068	A	A	2678.9	35.623	199	199	2678.9	0	0	0
1069	G	G	2596.78	35.5989	195	185	0	0	2596.78	0
1070	C	C	2792.03	35.5989	195	193	0	2792.03	0	0
1071	T	T	2695.67	35.5802	192	192	0	0	0	2695.67
1072	A	A	2540.85	35.5675	190	190	2540.85	0	0	0
1073	G	G	2644.78	35.5545	188	184	0	0	2644.78	0
1074	G	G	2524.84	35.7734	182	177	0	0	2524.84	0
1075	A	A	2433.61	36.0348	179	179	2433.61	0	0	0
1076	C	C	2528.09	36.0251	177	175	0	2528.09	0	0
1077	T	T	2496.55	36.0491	182	182	0	0	0	2496.55
1078	A	A	2335.32	36.3228	176	176	2335.32	0	0	0
1079	A	A	2375.96	36.3402	181	181	2375.96	0	0	0
1080	T	T	2420.13	36.3264	177	177	0	0	0	2420.13
1081	A	A	2365.49	36.3334	179	179	2365.49	0	0	0
1082	A	A	2388.96	36.652	178	178	2388.96	0	0	0
1083	T	T	2326.73	36.6501	177	177	0	0	0	2326.73
1084	C	C	2469.44	36.652	178	173	0	2469.44	0	0
1085	G	G	2475.03	36.6539	179	174	0	0	2475.03	0
1086	T	T	2385.93	36.6557	180	180	0	0	0	2385.93
1087	A	A	2375.02	36.6557	180	180	2375.02	0	0	0
1088	A	A	2337.67	36.6443	174	174	2337.67	0	0	0
1089	C	C	2414.8	36.6363	170	168	0	2414.8	0	0
1090	A	A	2302.36	36.6301	167	167	2302.36	0	0	0
1091	A	A	2332.61	36.6322	168	168	2332.61	0	0	0
1092	T	T	2294.9	36.6258	165	165	0	0	0	2294.9
1093	T	T	2278.69	36.6236	164	164	0	0	0	2278.69
1094	G	G	2371.37	36.6343	169	165	0	0	2371.37	0
1095	G	G	2538.74	36.6501	177	176	0	0	2538.74	0
1096	A	A	2450.41	36.652	178	178	2450.41	0	0	0
1097	A	A	2546.74	36.6612	183	183	2546.74	0	0	0
1098	T	T	2443.7	36.6715	189	189	0	0	0	2443.7
1099	T	T	2461.15	36.6682	187	187	0	0	0	2461.15
1100	A	A	2644.2	36.6732	190	190	2644.2	0	0	0
1101	A	A	2698.23	36.6765	192	192	2698.23	0	0	0
1102	T	T	2632.19	36.6828	196	196	0	0	0	2632.19
1103	C	C	2735.63	36.3987	200	192	0	2735.63	0	0
1104	A	A	2831.86	36.4098	204	204	2831.86	0	0	0
1105	G	G	2784.22	36.4043	202	195	0	0	2784.22	0
1106	C	C	2864.08	36.407	203	199	0	2864.08	0	0
1107	C	C	2814.37	36.4124	205	198	0	2814.37	0	0
1108	C	C	2864.67	36.4124	205	200	0	2864.67	0	0
1109	C	C	2824.95	36.407	203	197	0	2824.95	0	0
1110	A	A	2906.16	36.4151	206	206	2906.16	0	0	0
1111	C	C	2885.49	36.4306	212	203	0	2885.49	0	0
1112	C	C	2977.75	36.4306	212	208	0	2977.75	0	0
1113	T	T	2961.66	36.4405	216	216	0	0	0	2961.66
1114	A	A	3069.81	36.4547	222	222	3069.81	0	0	0
1115	G	G	3042.33	36.4501	220	214	0	0	3042.33	0
1116	C	C	3166.04	36.4682	228	222	0	3166.04	0	0
1117	A	A	3057.25	36.4638	226	226	3057.25	0	0	0
1118	T	T	3077.93	36.4682	228	228	0	0	0	3077.93
1119	T	T	3090.51	36.4616	225	225	0	0	0	3090.51
1120	C	C	3100.96	36.457	223	217	0	3100.96	0	0
1121	C	C	3190.68	36.4593	224	221	0	3190.68	0	0
1122	T	T	3029.81	36.72	223	223	0	0	0	3029.81
1123	T	T	2996.33	36.7138	218	218	0	0	0	2996.33
1124	C	C	3019.28	36.7151	219	213	0	3019.28	0	0
1125	A	A	3005.23	36.7113	216	216	3005.23	0	0	0
1126	T	T	3047.67	36.7176	221	221	0	0	0	3047.67
1127	A	A	3037.75	36.7212	224	223	3037.75	0	0	0
1128	T	T	3076.72	36.7188	222	222	0	0	0	3076.72
1129	C	C	3126.44	36.7188	222	217	0	3126.44	0	0
1130	T	T	3015.27	36.7151	219	219	0	0	0	3015.27
1131	G	G	2883.31	36.4477	219	206	0	0	2883.31	0
1132	C	C	3028.86	36.4381	215	211	0	3028.86	0	0
1133	A	A	2969.24	36.4405	216	216	2969.24	0	0	0
1134	C	C	3026.45	36.4356	214	211	0	3026.45	0	0
1135	A	A	2918.68	36.4331	213	213	2918.68	0	0	0
1136	C	C	2966.05	36.4256	210	206	0	2966.05	0	0
1137	A	A	2900.4	36.1787	214	214	2900.4	0	0	0
1138	C	C	2961.98	36.1717	212	207	0	2961.98	0	0
1139	G	G	2888.46	36.1752	213	204	0	0	2888.46	0
1140	C	C	3012.3	36.1891	217	211	0	3012.3	0	0
1141	A	A	2820.26	36.1822	215	215	2820.26	0	0	0
1142	T	T	2854.28	36.1535	207	207	0	0	0	2854.28
1143	T	T	2862.5	36.1645	210	210	0	0	0	2862.5
1144	T	T	2873.14	36.1681	211	211	0	0	0	2873.14
1145	T	T	2804.59	36.1384	203	203	0	0	0	2804.59
1146	T	T	2716.67	36.1267	200	200	0	0	0	2716.67
1147	C	C	2793.62	36.146	205	197	0	2793.62	0	0
1148	A	A	2835.15	36.1535	207	207	2835.15	0	0	0
1149	A	A	2856.73	36.1609	209	209	2856.73	0	0	0
1150	G	G	2856.69	36.1535	207	201	0	0	2856.69	0
1151	G	G	2847.15	36.1345	202	198	0	0	2847.15	0
1152	C	C	2866.56	35.8902	204	200	0	2866.56	0	0
1153	C	C	2819.22	35.8997	206	198	0	2819.22	0	0
1154	A	A	2801.49	35.8854	203	203	2801.49	0	0	0
1155	T	T	2811.07	35.8854	203	203	0	0	0	2811.07
1156	A	A	2835.37	35.8805	202	202	2835.37	0	0	0
1157	C	C	2865.77	35.895	205	200	0	2865.77	0	0
1158	T	T	2744.62	35.8756	201	199	0	0	0	2744.62
1159	A	A	2887.59	35.9044	207	207	2887.59	0	0	0
1160	T	T	2834.46	35.8997	206	206	0	0	0	2834.46
1161	T	T	2870.65	35.9091	208	208	0	0	0	2870.65
1162	T	T	2876.04	35.9228	211	210	0	0	0	2876.04
1163	A	A	2917.52	36.1645	210	210	2917.52	0	0	0
1164	T	T	2903.02	36.1609	209	209	0	0	0	2903.02
1165	A	A	2820.84	36.1609	209	209	2820.84	0	0	0
1166	T	T	2892.69	36.1535	207	207	0	0	0	2892.69
1167	G	G	2856.48	36.1572	208	201	0	0	2856.48	0
1168	C	C	2870.16	36.1645	210	202	0	2870.16	0	0
1169	T	T	2871.16	36.1535	207	207	0	0	0	2871.16
1170	C	C	2769.42	36.1345	202	195	0	2769.42	0	0
1171	C	C	2795.37	36.1267	200	196	0	2795.37	0	0
1172	G	G	2756.24	36.1064	195	191	0	0	2756.24	0
1173	G	G	2736.51	36.1187	198	192	0	0	2736.51	0
1174	G	G	2760.69	36.1146	197	192	0	0	2760.69	0
1175	T	T	2701.87	36.1023	194	194	0	0	0	2701.87
1176	C	C	2782.99	35.8805	202	195	0	2782.99	0	0
1177	C	C	2810.27	35.8805	202	196	0	2810.27	0	0
1178	A	A	2660.03	36.3931	198	198	2660.03	0	0	0
1179	T	T	2694.27	36.3902	197	197	0	0	0	2694.27
1180	T	T	2677.48	36.3873	196	196	0	0	0	2677.48
1181	A	A	2601.65	36.3724	191	191	2601.65	0	0	0
1182	T	T	2659.51	36.3724	191	191	0	0	0	2659.51
1183	C	C	2617.62	36.3599	187	182	0	2617.62	0	0
1184	C	C	2626.32	36.3567	186	182	0	2626.32	0	0
1185	A	A	2413.49	36.3402	181	181	2413.49	0	0	0
1186	C	C	2553.7	36.3402	181	177	0	2553.7	0	0
1187	A	A	2346.36	36.3228	176	176	2346.36	0	0	0
1188	G	G	2348.38	36.3045	171	165	0	0	2348.38	0
1189	C	C	2435.83	36.6322	168	168	0	2435.83	0	0
1190	T	T	2316.83	36.6279	166	166	0	0	0	2316.83
1191	T	T	2278.17	36.6214	163	163	0	0	0	2278.17
1192	A	A	2179.17	36.6169	161	161	2179.17	0	0	0
1193	A	A	2176.9	36.6123	159	159	2176.9	0	0	0
1194	A	A	2161.39	36.6123	159	159	2161.39	0	0	0
1195	T	T	2162.14	36.2563	159	159	0	0	0	2162.14
1196	G	G	2301.91	36.269	162	160	0	0	2301.91	0
1197	A	A	2219.64	36.2731	163	163	2219.64	0	0	0
1198	T	T	2217.89	36.2812	165	165	0	0	0	2217.89
1199	G	G	2276.97	36.2563	159	158	0	0	2276.97	0
1200	A	A	2234.64	36.2648	161	161	2234.64	0	0	0
1201	A	A	2269.86	36.2731	163	163	2269.86	0	0	0
1202	C	C	2277.93	36.2892	167	161	0	2277.93	0	0
1203	A	A	2399.68	36.6384	171	171	2399.68	0	0	0
1204	A	A	2416.53	36.6463	175	175	2416.53	0	0	0
1205	G	G	2395.08	36.6424	173	168	0	0	2395.08	0
1206	A	A	2436.71	36.6539	179	179	2436.71	0	0	0
1207	C	C	2540.97	36.6612	183	178	0	2540.97	0	0
1208	A	A	2462.08	36.6612	183	183	2462.08	0	0	0
1209	T	T	2445.43	36.6539	179	179	0	0	0	2445.43
1210	C	C	2420.24	36.6482	176	170	0	2420.24	0	0
1211	C	C	2438.71	36.6539	179	172	0	2438.71	0	0
1212	G	G	2421.4	36.6501	177	170	0	0	2421.4	0
1213	A	A	2511.07	36.652	178	178	2511.07	0	0	0
1214	A	A	2545.6	36.6612	183	183	2545.6	0	0	0
1215	A	A	2546.26	36.6647	185	185	2546.26	0	0	0
1216	A	A	2555.84	36.6647	185	185	2555.84	0	0	0
1217	A	A	2558.09	36.6682	187	187	2558.09	0	0	0
1218	T	T	2609.35	36.6828	196	196	0	0	0	2609.35
1219	A	A	2667.45	36.6797	194	194	2667.45	0	0	0
1220	G	G	2581.84	36.6781	193	183	0	0	2581.84	0
1221	G	G	2808.69	36.6813	195	194	0	0	2808.69	0
1222	A	A	2647.36	36.6765	192	192	2647.36	0	0	0
1223	G	G	2692.23	36.6732	190	187	0	0	2692.23	0
1224	G	G	2594.17	36.6715	189	182	0	0	2594.17	0
1225	C	C	2659.84	37	192	186	0	2659.84	0	0
1226	C	C	2683.53	37	194	188	0	2683.53	0	0
1227	T	T	2627.69	37	189	189	0	0	0	2627.69
1228	A	A	2512.44	37	184	184	2512.44	0	0	0
1229	T	T	2525.63	36.6612	183	183	0	0	0	2525.63
1230	T	T	2553.7	36.6647	185	184	0	0	0	2553.7
1231	C	C	2549.16	36.6715	189	181	0	2549.16	0	0
1232	A	A	2528.16	36.6699	188	188	2528.16	0	0	0
1233	A	A	2543.14	36.6629	184	184	2543.14	0	0	0
1234	A	A	2490.84	36.6594	182	182	2490.84	0	0	0
1235	G	G	2491.12	36.6629	184	176	0	0	2491.12	0
1236	C	C	2571.96	36.6629	184	180	0	2571.96	0	0
1237	C	C	2608.49	36.6612	183	181	0	2608.49	0	0
1238	C	C	2565.11	36.6612	183	179	0	2565.11	0	0
1239	T	T	2455.77	36.6501	177	177	0	0	0	2455.77
1240	G	G	2468.07	36.3192	175	172	0	0	2468.07	0
1241	C	C	2420.03	36.3192	175	170	0	2420.03	0	0
1242	C	C	2502.56	36.3192	175	173	0	2502.56	0	0
1243	G	G	2381.76	36.3228	176	168	0	0	2381.76	0
1244	C	C	2415.36	36.3264	177	171	0	2415.36	0	0
1245	T	T	2358.69	36.3045	171	171	0	0	0	2358.69
1246	T	T	2360.63	36.312	173	173	0	0	0	2360.63
1247	A	A	2341.44	36.3045	171	171	2341.44	0	0	0
1248	C	C	2431.15	36.3083	172	169	0	2431.15	0	0
1249	C	C	2436.56	36.3083	172	169	0	2436.56	0	0
1250	A	A	2340.28	36.3045	171	171	2340.28	0	0	0
1251	C	C	2467.33	36.3083	172	171	0	2467.33	0	0
1252	T	T	2354.54	36.3156	174	174	0	0	0	2354.54
1253	A	A	2375.51	36.3083	172	172	2375.51	0	0	0
1254	C	C	2438.59	36.3156	174	170	0	2438.59	0	0
1255	C	C	2478.45	36.6443	174	172	0	2478.45	0	0
1256	G	G	2283.06	36.6443	174	163	0	0	2283.06	0
1257	C	C	2419.95	36.6463	175	170	0	2419.95	0	0
1258	A	A	2411.62	36.6482	176	176	2411.62	0	0	0
1259	T	T	2423.55	36.652	178	178	0	0	0	2423.55
1260	T	T	2435.87	36.6576	181	180	0	0	0	2435.87
1261	A	A	2456.37	37	178	178	2456.37	0	0	0
1262	A	A	2460.34	37	180	180	2460.34	0	0	0
1263	T	T	2417.55	37	178	178	0	0	0	2417.55
1264	T	T	2461.44	37	183	183	0	0	0	2461.44
1265	A	A	2492.73	37	185	185	2492.73	0	0	0
1266	T	T	2516.89	37	187	187	0	0	0	2516.89
1267	C	C	2635.68	37	188	184	0	2635.68	0	0
1268	G	G	2480.67	37	182	176	0	0	2480.67	0
1269	G	G	2499.3	37	182	176	0	0	2499.3	0
1270	A	A	2415.03	37	180	180	2415.03	0	0	0
1271	G	G	2463.95	37	177	172	0	0	2463.95	0
1272	T	T	2455.67	37	178	178	0	0	0	2455.67
1273	C	C	2462.84	37	174	171	0	2462.84	0	0
1274	C	C	2421.05	36.6404	172	169	0	2421.05	0	0
1275	T	T	2350.68	36.6363	170	170	0	0	0	2350.68
1276	A	A	2361.09	36.6384	171	171	2361.09	0	0	0
1277	G	G	2449.49	36.6463	175	171	0	0	2449.49	0
1278	C	C	2408.5	36.6501	177	171	0	2408.5	0	0
1279	A	A	2442.11	36.6482	176	176	2442.11	0	0	0
1280	C	C	2427.46	36.652	178	171	0	2427.46	0	0
1281	T	T	2389.38	36.652	178	177	0	0	0	2389.38
1282	C	C	2484.66	36.6594	182	175	0	2484.66	0	0
1283	A	A	2464.18	36.6594	182	182	2464.18	0	0	0
1284	C	C	2537.95	36.6629	184	178	0	2537.95	0	0
1285	A	A	2493.6	36.6647	185	185	2493.6	0	0	0
1286	G	G	2489.16	36.6612	183	176	0	0	2489.16	0
1287	G	G	2501.81	36.6612	183	176	0	0	2501.81	0
1288	T	T	2469.79	36.6629	184	184	0	0	0	2469.79
1289	A	A	2592.76	36.6664	186	186	2592.76	0	0	0
1290	T	T	2495.62	36.6647	185	185	0	0	0	2495.62
1291	A	A	2555.42	36.6629	184	184	2555.42	0	0	0
1292	C	C	2586.39	36.6699	188	181	0	2586.39	0	0
1293	C	C	2590.75	36.6732	190	183	0	2590.75	0	0
1294	T	T	2640.47	36.6781	193	193	0	0	0	2640.47
1295	T	T	2603.71	36.6748	191	191	0	0	0	2603.71
1296	T	T	2575.81	36.6699	188	188	0	0	0	2575.81
1297	C	C	2607.66	36.6664	186	182	0	2607.66	0	0
1298	C	C	2581.61	36.6594	182	179	0	2581.61	0	0
1299	T	T	2534.84	36.6594	182	182	0	0	0	2534.84
1300	A	A	2473.27	36.6576	181	181	2473.27	0	0	0
1301	A	A	2543.43	36.6664	186	186	2543.43	0	0	0
1302	C	C	2518.96	36.6664	186	178	0	2518.96	0	0
1303	A	A	2561.31	36.6647	185	185	2561.31	0	0	0
1304	G	G	2532.14	36.6682	187	179	0	0	2532.14	0
1305	G	G	2652.05	36.6715	189	185	0	0	2652.05	0
1306	A	A	2586.6	37	189	189	2586.6	0	0	0
1307	T	T	2577.02	37	189	189	0	0	0	2577.02
1308	T	T	2588.97	37	189	189	0	0	0	2588.97
1309	C	C	2629.19	37	188	183	0	2629.19	0	0
1310	T	T	2599.67	37	186	186	0	0	0	2599.67
1311	A	A	2560.37	37	185	185	2560.37	0	0	0
1312	C	C	2563.85	36.363	188	180	0	2563.85	0	0
1313	T	T	2584.53	36.363	188	188	0	0	0	2584.53
1314	C	C	2607.39	36.3754	192	183	0	2607.39	0	0
1315	T	T	2543.44	36.3567	186	186	0	0	0	2543.44
1316	A	A	2521.15	36.3567	186	186	2521.15	0	0	0
1317	A	A	2560.58	36.3724	191	191	2560.58	0	0	0
1318	A	A	2462.47	36.3534	185	185	2462.47	0	0	0
1319	G	G	2600.63	36.3534	185	181	0	0	2600.63	0
1320	A	A	2572.63	36.3724	191	191	2572.63	0	0	0
1321	C	C	2581.21	36.3724	191	182	0	2581.21	0	0
1322	C	C	2633.58	36.3754	192	185	0	2633.58	0	0
1323	T	T	2469.11	36.3502	184	184	0	0	0	2469.11
1324	A	A	2594.51	36.3662	189	189	2594.51	0	0	0
1325	A	A	2567.03	36.3662	189	189	2567.03	0	0	0
1326	T	T	2593.73	36.3754	192	192	0	0	0	2593.73
1327	T	T	2574.18	36.363	188	188	0	0	0	2574.18
1328	A	A	2539.59	36.3662	189	189	2539.59	0	0	0
1329	T	T	2599.07	36.3693	190	190	0	0	0	2599.07
1330	C	C	2638.78	36.3534	185	183	0	2638.78	0	0
1331	G	G	2561.61	36.3599	187	180	0	0	2561.61	0
1332	A	A	2513.24	36.363	188	188	2513.24	0	0	0
1333	A	A	2468.8	36.3435	182	182	2468.8	0	0	0
1334	A	A	2498.13	36.3402	181	181	2498.13	0	0	0
1335	C	C	2495.9	36.3402	181	175	0	2495.9	0	0
1336	C	C	2487.22	36.0584	184	176	0	2487.22	0	0
1337	G	G	2611.12	36.0584	184	181	0	0	2611.12	0
1338	C	C	2615.67	35.8077	188	183	0	2615.67	0	0
1339	C	C	2628.43	35.5739	191	184	0	2628.43	0	0
1340	A	A	2739.58	35.6171	198	198	2739.58	0	0	0
1341	A	A	2792.41	35.8854	203	203	2792.41	0	0	0
1342	C	C	2803.68	35.8902	204	197	0	2803.68	0	0
1343	A	A	2805.41	35.8997	206	205	2805.41	0	0	0
1344	C	C	2836.45	35.8902	204	199	0	2836.45	0	0
1345	G	G	2850.82	35.8805	202	199	0	0	2850.82	0
1346	T	T	2782.02	35.8756	201	201	0	0	0	2782.02
1347	C	C	2795.68	35.8756	201	195	0	2795.68	0	0
1348	G	G	2782.31	35.8854	203	196	0	0	2782.31	0
1349	T	T	2832.76	35.895	205	205	0	0	0	2832.76
1350	A	A	2626.43	35.8756	201	201	2626.43	0	0	0
1351	C	C	2786.15	35.8657	199	194	0	2786.15	0	0
1352	A	A	2541.79	36.0938	192	192	2541.79	0	0	0
1353	C	C	2663.73	36.0896	191	186	0	2663.73	0	0
1354	C	C	2636.23	36.0896	191	185	0	2636.23	0	0
1355	A	A	2565.87	36.063	185	185	2565.87	0	0	0
1356	A	A	2528.98	36.0675	186	186	2528.98	0	0	0
1357	C	C	2650.77	36.0675	186	184	0	2650.77	0	0
1358	G	G	2547.16	36.0538	183	178	0	0	2547.16	0
1359	C	C	2662.33	36.0809	189	185	0	2662.33	0	0
1360	C	C	2660.19	35.84	194	187	0	2660.19	0	0
1361	T	T	2541.41	35.8132	189	189	0	0	0	2541.41
1362	G	G	2588.03	35.7965	186	182	0	0	2588.03	0
1363	A	A	2570.46	36.0765	188	188	2570.46	0	0	0
1364	G	G	2648.03	35.785	184	183	0	0	2648.03	0
1365	C	C	2621.92	35.7734	182	181	0	2621.92	0	0
1366	C	C	2523.16	36.03	178	176	0	2523.16	0	0
1367	C	C	2460.42	36.0251	177	172	0	2460.42	0	0
1368	T	T	2503.45	36.0348	179	179	0	0	0	2503.45
1369	A	A	2381.3	36.0201	176	176	2381.3	0	0	0
1370	C	C	2404.56	35.7555	179	170	0	2404.56	0	0
1371	T	T	2407.44	35.7309	175	175	0	0	0	2407.44
1372	A	A	2486.13	35.521	183	183	2486.13	0	0	0
1373	A	A	2476.14	35.5072	181	181	2476.14	0	0	0
1374	C	C	2443.65	35.521	183	174	0	2443.65	0	0
1375	A	A	2450.53	35.5072	181	181	2450.53	0	0	0
1376	A	A	2400.94	35.4931	179	179	2400.94	0	0	0
1377	C	C	2559.58	35.486	178	177	0	2559.58	0	0
1378	T	T	2471.69	35.5072	181	181	0	0	0	2471.69
1379	C	C	2499.13	35.7433	177	174	0	2499.13	0	0
1380	T	T	2404.75	35.7309	175	175	0	0	0	2404.75
1381	C	C	2380.44	35.4567	174	167	0	2380.44	0	0
1382	G	G	2334.07	35.4416	172	165	0	0	2334.07	0
1383	T	T	2359.82	35.4416	172	172	0	0	0	2359.82
1384	T	T	2360.83	35.4492	173	173	0	0	0	2360.83
1385	G	G	2348.89	35.692	169	165	0	0	2348.89	0
1386	C	C	2333.85	35.7052	171	165	0	2333.85	0	0
1387	C	C	2457.67	35.7052	171	170	0	2457.67	0	0
1388	A	A	2355.06	35.7052	171	171	2355.06	0	0	0
1389	C	C	2328.52	35.7309	175	166	0	2328.52	0	0
1390	A	A	2465.18	35.7433	177	177	2465.18	0	0	0
1391	T	T	2395.18	35.7734	182	182	0	0	0	2395.18
1392	C	C	2493.28	35.7908	185	177	0	2493.28	0	0
1393	C	C	2496.67	35.8132	189	178	0	2496.67	0	0
1394	A	A	2580.67	35.8021	187	187	2580.67	0	0	0
1395	T	T	2546.72	35.8241	191	191	0	0	0	2546.72
1396	A	A	2691.82	35.605	196	196	2691.82	0	0	0
1397	A	A	2716.69	35.623	199	199	2716.69	0	0	0
1398	C	C	2676.09	35.605	196	188	0	2676.09	0	0
1399	C	C	2623.41	35.623	199	187	0	2623.41	0	0
1400	G	G	2787.58	35.6348	201	195	0	0	2787.58	0
1401	C	C	2686.82	35.6406	202	191	0	2686.82	0	0
1402	T	T	2731.58	35.6406	202	202	0	0	0	2731.58
1403	G	G	2808.3	35.8756	201	196	0	0	2808.3	0
1404	C	C	2788.02	35.8606	198	194	0	2788.02	0	0
1405	C	C	2816.62	35.8657	199	196	0	2816.62	0	0
1406	T	T	2746.36	35.8707	200	200	0	0	0	2746.36
1407	A	A	2754.27	36.1227	199	199	2754.27	0	0	0
1408	C	C	2839.74	35.8707	200	197	0	2839.74	0	0
1409	A	A	2779.04	35.8756	201	201	2779.04	0	0	0
1410	G	G	2862.26	35.8707	200	198	0	0	2862.26	0
1411	T	T	2738.09	35.8756	201	201	0	0	0	2738.09
1412	A	A	2742.12	35.8805	202	202	2742.12	0	0	0
1413	C	C	2763.63	35.8756	201	194	0	2763.63	0	0
1414	T	T	2782.75	35.8854	203	203	0	0	0	2782.75
1415	C	C	2829.37	35.8854	203	198	0	2829.37	0	0
1416	G	G	2799.05	35.8805	202	196	0	0	2799.05	0
1417	A	A	2698.93	36.1227	199	199	2698.93	0	0	0
1418	A	A	2668.74	36.1146	197	197	2668.74	0	0	0
1419	T	T	2721.85	36.1106	196	196	0	0	0	2721.85
1420	C	C	2600.99	36.1023	194	184	0	2600.99	0	0
1421	G	G	2723.51	36.0938	192	189	0	0	2723.51	0
1422	T	T	2636.97	36.3662	189	189	0	0	0	2636.97
1423	A	A	2592.56	36.3754	192	192	2592.56	0	0	0
1424	T	T	2625.26	36.3754	192	192	0	0	0	2625.26
1425	T	T	2643.27	36.3724	191	191	0	0	0	2643.27
1426	C	C	2577.41	36.363	188	181	0	2577.41	0	0
1427	T	T	2539.75	36.3599	187	187	0	0	0	2539.75
1428	T	T	2557.53	36.363	188	188	0	0	0	2557.53
1429	T	T	2528.1	36.3567	186	186	0	0	0	2528.1
1430	G	G	2663.31	36.3724	191	186	0	0	2663.31	0
1431	T	T	2559.56	36.3724	191	191	0	0	0	2559.56
1432	A	A	2666.24	36.6828	196	196	2666.24	0	0	0
1433	C	C	2740.23	36.6828	196	192	0	2740.23	0	0
1434	T	T	2608.35	36.6828	196	196	0	0	0	2608.35
1435	T	T	2601.59	36.6797	194	193	0	0	0	2601.59
1436	C	C	2608.22	36.6813	195	185	0	2608.22	0	0
1437	T	T	2671.23	36.6813	195	195	0	0	0	2671.23
1438	A	A	2630.56	36.6748	191	191	2630.56	0	0	0
1439	G	G	2629.37	36.3693	190	184	0	0	2629.37	0
1440	G	G	2713.37	36.3784	193	189	0	0	2713.37	0
1441	A	A	2634.87	36.3784	193	193	2634.87	0	0	0
1442	C	C	2656.94	36.3754	192	186	0	2656.94	0	0
1443	A	A	2671.53	36.3873	196	196	2671.53	0	0	0
1444	A	A	2652.66	36.1023	194	194	2652.66	0	0	0
1445	C	C	2592.85	36.363	188	182	0	2592.85	0	0
1446	C	C	2624.05	36.3693	190	184	0	2624.05	0	0
1447	T	T	2618.27	36.3724	191	191	0	0	0	2618.27
1448	C	C	2729.6	36.3844	195	190	0	2729.6	0	0
1449	G	G	2755.53	36.3873	196	192	0	0	2755.53	0
1450	C	C	2815.81	36.3902	197	195	0	2815.81	0	0
1451	T	T	2688.59	36.3873	196	196	0	0	0	2688.59
1452	T	T	2711.77	36.3931	198	198	0	0	0	2711.77
1453	T	T	2662.96	36.3784	193	193	0	0	0	2662.96
1454	A	A	2575.89	36.3662	189	189	2575.89	0	0	0
1455	A	A	2551.16	36.3599	187	187	2551.16	0	0	0
1456	C	C	2610.75	36.3502	184	181	0	2610.75	0	0
1457	C	C	2515.1	36.3368	180	176	0	2515.1	0	0
1458	C	C	2542.05	36.0538	183	178	0	2542.05	0	0
1459	T	T	2544.13	36.063	185	185	0	0	0	2544.13
1460	G	G	2653.84	36.072	187	184	0	0	2653.84	0
1461	T	T	2563.57	36.0809	189	188	0	0	0	2563.57
1462	C	C	2627.84	36.0852	190	184	0	2627.84	0	0
1463	A	A	2626.46	36.0852	190	190	2626.46	0	0	0
1464	T	T	2612.95	36.0938	192	192	0	0	0	2612.95
1465	T	T	2612.79	36.0852	190	190	0	0	0	2612.79
1466	A	A	2661.71	36.0981	193	193	2661.71	0	0	0
1467	T	T	2654.43	36.1064	195	195	0	0	0	2654.43
1468	T	T	2648.07	36.0981	193	193	0	0	0	2648.07
1469	A	A	2643.31	36.1064	195	195	2643.31	0	0	0
1470	T	T	2642.81	36.1146	197	197	0	0	0	2642.81
1471	C	C	2822.07	36.1345	202	197	0	2822.07	0	0
1472	A	A	2634.25	36.3902	197	197	2634.25	0	0	0
1473	A	A	2626.66	36.3873	196	196	2626.66	0	0	0
1474	C	C	2768.39	36.3814	194	192	0	2768.39	0	0
1475	G	G	2533.25	36.3567	186	179	0	0	2533.25	0
1476	A	A	2502.05	36.3502	184	184	2502.05	0	0	0
1477	G	G	2545.67	36.3469	183	178	0	0	2545.67	0
1478	A	A	2555.73	36.363	188	187	2555.73	0	0	0
1479	A	A	2533.48	36.6682	187	187	2533.48	0	0	0
1480	T	T	2536.76	36.6664	186	186	0	0	0	2536.76
1481	A	A	2486.64	36.6647	185	185	2486.64	0	0	0
1482	A	A	2501.32	36.363	188	186	2501.32	0	0	0
1483	C	C	2589.58	36.3599	187	181	0	2589.58	0	0
1484	C	C	2567.18	36.3599	187	180	0	2567.18	0	0
1485	C	C	2560.29	36.3567	186	181	0	2560.29	0	0
1486	C	C	2544.84	36.3502	184	179	0	2544.84	0	0
1487	C	C	2675.08	36.0896	191	187	0	2675.08	0	0
1488	T	T	2551.27	36.0809	189	189	0	0	0	2551.27
1489	C	C	2597.63	36.0765	188	182	0	2597.63	0	0
1490	C	C	2571.16	36.0809	189	182	0	2571.16	0	0
1491	T	T	2616.82	36.0896	191	191	0	0	0	2616.82
1492	A	A	2641.86	36.0938	192	192	2641.86	0	0	0
1493	A	A	2620.24	36.1023	194	194	2620.24	0	0	0
1494	T	T	2633.68	36.0981	193	193	0	0	0	2633.68
1495	C	C	2695.7	36.1106	196	189	0	2695.7	0	0
1496	A	A	2659.77	36.1227	199	199	2659.77	0	0	0
1497	A	A	2661.83	36.1187	198	198	2661.83	0	0	0
1498	T	T	2616.81	36.0981	193	193	0	0	0	2616.81
1499	T	T	2634.96	36.0981	193	193	0	0	0	2634.96
1500	C	C	2682.35	36.0938	192	187	0	2682.35	0	0
1501	C	C	2642.1	36.0809	189	184	0	2642.1	0	0
1502	A	A	2598.12	36.0852	190	190	2598.12	0	0	0
1503	T	T	2596.61	36.072	187	187	0	0	0	2596.61
1504	C	C	2626.3	36.063	185	182	0	2626.3	0	0
1505	A	A	2487.6	36.0675	186	186	2487.6	0	0	0
1506	A	A	2537.19	36.0765	188	188	2537.19	0	0	0
1507	G	G	2583.59	36.063	185	180	0	0	2583.59	0
1508	C	C	2615.42	36.0491	182	181	0	2615.42	0	0
1509	G	G	2569.45	36.0491	182	179	0	0	2569.45	0
1510	T	T	2456	36.0397	180	180	0	0	0	2456
1511	C	C	2531.03	36.0538	183	177	0	2531.03	0	0
1512	T	T	2528.15	36.0584	184	184	0	0	0	2528.15
1513	G	G	2495.32	36.0348	179	174	0	0	2495.32	0
1514	C	C	2452.75	36.3264	177	172	0	2452.75	0	0
1515	T	T	2440.97	36.3299	178	178	0	0	0	2440.97
1516	T	T	2450.06	36.0251	177	177	0	0	0	2450.06
1517	C	C	2502.66	36.0151	175	173	0	2502.66	0	0
1518	T	T	2375.3	36.0049	173	172	0	0	0	2375.3
1519	A	A	2363.22	36.01	174	174	2363.22	0	0	0
1520	G	G	2379.39	35.9998	172	167	0	0	2379.39	0
1521	G	G	2421.76	36.0049	173	169	0	0	2421.76	0
1522	A	A	2273.54	36.3045	171	171	2273.54	0	0	0
1523	A	A	2278.55	36.2969	169	169	2278.55	0	0	0
1524	G	G	2416.93	36.3156	174	169	0	0	2416.93	0
1525	T	T	2328.61	36.6463	175	175	0	0	0	2328.61
1526	A	A	2309.82	36.652	178	177	2309.82	0	0	0
1527	T	T	2276.76	36.6363	170	170	0	0	0	2276.76
1528	T	T	2284.32	36.6384	171	171	0	0	0	2284.32
1529	T	T	2313.8	36.6404	172	172	0	0	0	2313.8
1530	T	T	2300.47	36.6363	170	170	0	0	0	2300.47
1531	C	C	2360.45	36.6322	168	165	0	2360.45	0	0
1532	G	G	2485.47	36.6443	174	172	0	0	2485.47	0
1533	C	C	2354.7	36.6424	173	166	0	2354.7	0	0
1534	A	A	2431.34	36.6482	176	176	2431.34	0	0	0
1535	G	G	2437.59	36.6501	177	171	0	0	2437.59	0
1536	G	G	2485.72	36.6576	181	175	0	0	2485.72	0
1537	A	A	2441.47	36.6557	180	180	2441.47	0	0	0
1538	T	T	2444.21	36.6539	179	179	0	0	0	2444.21
1539	A	A	2423.06	37	179	179	2423.06	0	0	0
1540	C	C	2458	37	184	174	0	2458	0	0
1541	C	C	2550.19	37	186	179	0	2550.19	0	0
1542	T	T	2465.14	37	185	185	0	0	0	2465.14
1543	A	A	2611.44	37	186	186	2611.44	0	0	0
1544	A	A	2691.14	37	192	192	2691.14	0	0	0
1545	T	T	2572.1	37	192	192	0	0	0	2572.1
1546	C	C	2715.82	36.3959	199	191	0	2715.82	0	0
1547	T	T	2703.68	36.4098	204	204	0	0	0	2703.68
1548	T	T	2715.14	36.4043	202	202	0	0	0	2715.14
1549	C	C	2788.28	36.407	203	196	0	2788.28	0	0
1550	C	C	2752.32	36.4098	204	195	0	2752.32	0	0
1551	A	A	2864.54	36.423	209	209	2864.54	0	0	0
1552	C	C	2979.53	36.4281	211	207	0	2979.53	0	0
1553	A	A	2824.93	36.4151	206	206	2824.93	0	0	0
1554	A	A	2851.31	36.4178	207	207	2851.31	0	0	0
1555	T	T	2833.4	36.4178	207	207	0	0	0	2833.4
1556	A	A	2797.02	36.407	203	203	2797.02	0	0	0
1557	T	T	2805.13	36.4043	202	202	0	0	0	2805.13
1558	C	C	2757.6	36.407	203	195	0	2757.6	0	0
1559	A	A	2818.94	36.4124	205	205	2818.94	0	0	0
1560	C	C	2938.29	36.4124	205	203	0	2938.29	0	0
1561	A	A	2881.68	36.4178	207	207	2881.68	0	0	0
1562	C	C	2951.41	36.4178	207	205	0	2951.41	0	0
1563	C	C	2947.26	36.423	209	205	0	2947.26	0	0
1564	C	C	2853.29	36.423	209	201	0	2853.29	0	0
1565	A	A	2782	36.4151	206	206	2782	0	0	0
1566	C	C	2977.19	36.4204	208	206	0	2977.19	0	0
1567	T	T	2807.36	36.1345	202	202	0	0	0	2807.36
1568	A	A	2737.27	35.8657	199	199	2737.27	0	0	0
1569	C	C	2698.91	35.8556	197	190	0	2698.91	0	0
1570	C	C	2763.75	36.1146	197	193	0	2763.75	0	0
1571	A	A	2683.22	35.8556	197	197	2683.22	0	0	0
1572	T	T	2690.54	35.8657	199	199	0	0	0	2690.54
1573	C	C	2746.35	35.8657	199	192	0	2746.35	0	0
1574	C	C	2758.69	35.6289	200	194	0	2758.69	0	0
1575	C	C	2747.55	35.3864	198	192	0	2747.55	0	0
1576	A	A	2674.3	35.3587	194	194	2674.3	0	0	0
1577	C	C	2660.09	35.3657	195	188	0	2660.09	0	0
1578	A	A	2741.62	35.3864	198	198	2741.62	0	0	0
1579	A	A	2716.89	35.3864	198	198	2716.89	0	0	0
1580	A	A	2714.5	35.3932	199	199	2714.5	0	0	0
1581	T	T	2711.99	35.3932	199	199	0	0	0	2711.99
1582	A	A	2668.85	35.3864	198	198	2668.85	0	0	0
1583	A	A	2662.68	35.3932	199	199	2662.68	0	0	0
1584	C	C	2753.38	35.3727	196	192	0	2753.38	0	0
1585	C	C	2629.98	35.3516	193	186	0	2629.98	0	0
1586	A	A	2573.49	35.3227	189	189	2573.49	0	0	0
1587	T	T	2560.05	35.5413	186	185	0	0	0	2560.05
1588	A	A	2597.94	35.5675	190	190	2597.94	0	0	0
1589	C	C	2607.52	35.5545	188	183	0	2607.52	0	0
1590	C	C	2612.55	35.5545	188	182	0	2612.55	0	0
1591	C	C	2587.98	35.5279	184	180	0	2587.98	0	0
1592	T	T	2536.34	35.785	184	184	0	0	0	2536.34
1593	A	A	2493.04	35.7734	182	182	2493.04	0	0	0
1594	C	C	2619.57	35.7908	185	182	0	2619.57	0	0
1595	T	T	2505.72	35.7793	183	183	0	0	0	2505.72
1596	A	A	2498.11	35.7675	181	181	2498.11	0	0	0
1597	C	C	2482.21	35.7734	182	174	0	2482.21	0	0
1598	C	C	2571.16	35.7908	185	180	0	2571.16	0	0
1599	T	T	2516.39	36.072	187	187	0	0	0	2516.39
1600	A	A	2569	36.063	185	185	2569	0	0	0
1601	A	A	2614.77	36.3754	192	192	2614.77	0	0	0
1602	A	A	2618.22	36.3784	193	193	2618.22	0	0	0
1603	A	A	2589.88	36.3784	193	193	2589.88	0	0	0
1604	A	A	2556.8	36.3814	194	194	2556.8	0	0	0
1605	T	T	2638.01	36.3844	195	195	0	0	0	2638.01
1606	A	A	2507.27	36.3567	186	186	2507.27	0	0	0
1607	A	A	2485.1	36.3534	185	185	2485.1	0	0	0
1608	T	T	2488.27	36.3402	181	180	0	0	0	2488.27
1609	A	A	2373.7	36.3192	175	175	2373.7	0	0	0
1610	G	G	2468.39	36.3083	172	171	0	0	2468.39	0
1611	C	C	2446.52	35.9998	172	169	0	2446.52	0	0
1612	T	T	2417.36	36.01	174	174	0	0	0	2417.36
1613	C	C	2478.73	36.03	178	173	0	2478.73	0	0
1614	T	T	2336.73	35.9945	171	171	0	0	0	2336.73
1615	C	C	2363.36	36.0049	173	166	0	2363.36	0	0
1616	G	G	2320.22	35.9731	167	162	0	0	2320.22	0
1617	C	C	2389.01	35.9945	171	167	0	2389.01	0	0
1618	G	G	2402.65	36.6322	168	166	0	0	2402.65	0
1619	G	G	2399.91	36.6322	168	166	0	0	2399.91	0
1620	T	T	2298.42	36.6363	170	170	0	0	0	2298.42
1621	C	C	2339.45	36.6463	175	166	0	2339.45	0	0
1622	A	A	2385.99	36.6482	176	176	2385.99	0	0	0
1623	C	C	2400.32	36.6501	177	170	0	2400.32	0	0
1624	T	T	2395.2	36.6463	175	175	0	0	0	2395.2
1625	A	A	2397.1	36.6443	174	174	2397.1	0	0	0
1626	T	T	2422.77	36.6557	180	180	0	0	0	2422.77
1627	A	A	2488.37	36.6501	177	177	2488.37	0	0	0
1628	C	C	2425.15	36.6576	181	171	0	2425.15	0	0
1629	T	T	2425.24	36.6612	183	183	0	0	0	2425.24
1630	A	A	2653.23	36.6715	189	189	2653.23	0	0	0
1631	G	G	2734.67	36.6748	191	189	0	0	2734.67	0
1632	G	G	2751.35	36.6797	194	191	0	0	2751.35	0
1633	T	T	2648.57	36.6859	198	198	0	0	0	2648.57
1634	T	T	2655.56	36.6844	197	197	0	0	0	2655.56
1635	T	T	2693.08	36.6844	197	196	0	0	0	2693.08
1636	T	T	2698.64	36.6813	195	195	0	0	0	2698.64
1637	A	A	2656.19	36.6813	195	195	2656.19	0	0	0
1638	T	T	2705.38	36.6828	196	196	0	0	0	2705.38
1639	C	C	2724.76	36.6797	194	190	0	2724.76	0	0
1640	C	C	2617.81	36.6781	193	184	0	2617.81	0	0
1641	T	T	2608.63	36.6715	189	189	0	0	0	2608.63
1642	A	A	2668.97	36.6765	192	192	2668.97	0	0	0
1643	G	G	2722.79	36.6797	194	190	0	0	2722.79	0
1644	C	C	2787.15	36.6875	199	195	0	2787.15	0	0
1645	A	A	2700.05	37	197	197	2700.05	0	0	0
1646	T	T	2672.37	37	198	198	0	0	0	2672.37
1647	T	T	2727.9	37	200	200	0	0	0	2727.9
1648	A	A	2698.06	37	200	200	2698.06	0	0	0
1649	G	G	2731.03	37	197	191	0	0	2731.03	0
1650	A	A	2643.01	37	194	194	2643.01	0	0	0
1651	A	A	2618.78	37	194	194	2618.78	0	0	0
1652	C	C	2734.46	37	193	190	0	2734.46	0	0
1653	T	T	2655.36	37	195	195	0	0	0	2655.36
1654	C	C	2726.39	37	199	192	0	2726.39	0	0
1655	A	A	2733.81	37	199	199	2733.81	0	0	0
1656	A	A	2725.84	37	197	197	2725.84	0	0	0
1657	T	T	2651.38	37	196	196	0	0	0	2651.38
1658	T	T	2651.37	37	193	193	0	0	0	2651.37
1659	C	C	2753.22	37	195	192	0	2753.22	0	0
1660	T	T	2735.05	37	199	199	0	0	0	2735.05
1661	A	A	2618.03	37	196	196	2618.03	0	0	0
1662	C	C	2779.99	37	196	193	0	2779.99	0	0
1663	C	C	2687.37	37	191	187	0	2687.37	0	0
1664	A	A	2623.12	37	194	194	2623.12	0	0	0
1665	C	C	2649.25	37	187	184	0	2649.25	0	0
1666	A	A	2548.64	37	188	188	2548.64	0	0	0
1667	C	C	2615.63	37	188	183	0	2615.63	0	0
1668	A	A	2572.39	37	188	188	2572.39	0	0	0
1669	A	A	2534.4	37	185	184	2534.4	0	0	0
1670	A	A	2528.05	37	182	182	2528.05	0	0	0
1671	C	C	2543.02	36.6647	185	178	0	2543.02	0	0
1672	T	T	2577.25	36.6748	191	191	0	0	0	2577.25
1673	C	C	2638.42	36.6781	193	186	0	2638.42	0	0
1674	T	T	2627.84	36.6828	196	196	0	0	0	2627.84
1675	C	C	2671.06	36.6813	195	188	0	2671.06	0	0
1676	A	A	2721.12	36.6813	195	195	2721.12	0	0	0
1677	A	A	2698.37	36.6797	194	194	2698.37	0	0	0
1678	A	A	2701.85	36.6797	194	194	2701.85	0	0	0
1679	C	C	2752.08	36.6828	196	192	0	2752.08	0	0
1680	T	T	2714.38	36.6859	198	198	0	0	0	2714.38
1681	T	T	2774.8	36.6963	205	205	0	0	0	2774.8
1682	G	G	2879.22	36.6977	206	202	0	0	2879.22	0
1683	A	A	2867.37	36.6977	206	206	2867.37	0	0	0
1684	C	C	2929.63	36.6991	207	204	0	2929.63	0	0
1685	T	T	2834.78	36.7019	209	209	0	0	0	2834.78
1686	A	A	2840.37	36.7019	209	209	2840.37	0	0	0
1687	T	T	2885.6	36.7019	209	209	0	0	0	2885.6
1688	C	C	2992.08	36.6991	207	207	0	2992.08	0	0
1689	C	C	2932.75	36.6991	207	204	0	2932.75	0	0
1690	A	A	2765.1	36.6949	204	204	2765.1	0	0	0
1691	C	C	2873.59	36.689	200	199	0	2873.59	0	0
1692	A	A	2723.37	36.6875	199	199	2723.37	0	0	0
1693	A	A	2689.99	36.6859	198	198	2689.99	0	0	0
1694	A	A	2692.24	36.6905	201	201	2692.24	0	0	0
1695	A	A	2667.77	36.6905	201	201	2667.77	0	0	0
1696	T	T	2759.27	36.6977	206	206	0	0	0	2759.27
1697	C	C	2877.65	36.7005	208	202	0	2877.65	0	0
1698	C	C	2681.93	37	198	190	0	2681.93	0	0
1699	A	A	2586.4	37	194	194	2586.4	0	0	0
1700	T	T	2615.07	37	193	193	0	0	0	2615.07
1701	T	T	2620.5	37	189	189	0	0	0	2620.5
1702	T	T	2598.56	37	187	187	0	0	0	2598.56
1703	A	A	2499.99	37	183	183	2499.99	0	0	0
1704	A	A	2493.18	36.6612	183	183	2493.18	0	0	0
1705	A	A	2495.06	36.6629	184	184	2495.06	0	0	0
1706	T	T	2514.28	36.6594	182	182	0	0	0	2514.28
1707	T	T	2553.81	36.3534	185	185	0	0	0	2553.81
1708	C	C	2508.54	36.3534	185	177	0	2508.54	0	0
1709	T	T	2486.98	36.3435	182	182	0	0	0	2486.98
1710	C	C	2530.55	36.3534	185	178	0	2530.55	0	0
1711	T	T	2532.73	36.3599	187	187	0	0	0	2532.73
1712	A	A	2551.46	36.3567	186	186	2551.46	0	0	0
1713	T	T	2581.5	36.3662	189	189	0	0	0	2581.5
1714	T	T	2604.41	36.3754	192	192	0	0	0	2604.41
1715	C	C	2680.46	36.3754	192	187	0	2680.46	0	0
1716	A	A	2603.41	36.3693	190	190	2603.41	0	0	0
1717	A	A	2586.82	36.3754	192	192	2586.82	0	0	0
1718	C	C	2661.51	36.363	188	185	0	2661.51	0	0
1719	T	T	2597.58	36.3724	191	191	0	0	0	2597.58
1720	A	A	2614.81	36.3754	192	192	2614.81	0	0	0
1721	G	G	2698.33	36.3784	193	188	0	0	2698.33	0
1722	G	G	2741.45	36.3754	192	190	0	0	2741.45	0
1723	A	A	2628.49	36.0938	192	192	2628.49	0	0	0
1724	T	T	2582	36.0852	190	190	0	0	0	2582
1725	A	A	2655.19	36.3814	194	194	2655.19	0	0	0
1726	C	C	2639.4	36.3814	194	186	0	2639.4	0	0
1727	T	T	2669.26	36.1187	198	198	0	0	0	2669.26
1728	T	T	2648.36	36.1023	194	194	0	0	0	2648.36
1729	C	C	2673.52	36.0852	190	186	0	2673.52	0	0
1730	C	C	2638.67	36.0765	188	184	0	2638.67	0	0
1731	C	C	2614.88	36.0584	184	181	0	2614.88	0	0
1732	C	C	2642.36	36.0809	189	184	0	2642.36	0	0
1733	A	A	2521.05	36.0852	190	190	2521.05	0	0	0
1734	T	T	2630.51	36.1023	194	193	0	0	0	2630.51
1735	C	C	2677.76	36.0896	191	187	0	2677.76	0	0
1736	A	A	2577.23	36.1023	194	194	2577.23	0	0	0
1737	T	T	2552.04	36.0852	190	190	0	0	0	2552.04
1738	C	C	2564.21	36.063	185	180	0	2564.21	0	0
1739	A	A	2522.28	36.0584	184	184	2522.28	0	0	0
1740	T	T	2469.75	36.0444	181	181	0	0	0	2469.75
1741	T	T	2492.77	36.0348	179	179	0	0	0	2492.77
1742	C	C	2563.81	36.03	178	177	0	2563.81	0	0
1743	A	A	2543.36	35.5142	182	182	2543.36	0	0	0
1744	C	C	2518.6	35.5142	182	176	0	2518.6	0	0
1745	C	C	2580.13	35.5142	182	179	0	2580.13	0	0
1746	G	G	2500.08	35.0803	187	178	0	0	2500.08	0
1747	C	C	2543.44	34.8731	188	179	0	2543.44	0	0
1748	C	C	2670.19	34.8996	191	187	0	2670.19	0	0
1749	T	T	2558.89	34.8731	188	188	0	0	0	2558.89
1750	C	C	2494.51	34.846	185	177	0	2494.51	0	0
1751	C	C	2671.21	35.072	186	185	0	2671.21	0	0
1752	T	T	2521.33	35.0636	185	185	0	0	0	2521.33
1753	G	G	2466.98	35.0636	185	176	0	0	2466.98	0
1754	C	C	2586.69	35.3227	189	182	0	2586.69	0	0
1755	C	C	2574.13	35.3373	191	182	0	2574.13	0	0
1756	A	A	2752.97	35.3999	200	200	2752.97	0	0	0
1757	A	A	2760.72	35.4132	202	202	2760.72	0	0	0
1758	T	T	2613.38	35.3864	198	198	0	0	0	2613.38
1759	A	A	2737.14	35.3999	200	200	2737.14	0	0	0
1760	A	A	2713.04	35.3932	199	199	2713.04	0	0	0
1761	T	T	2738.78	35.3796	197	197	0	0	0	2738.78
1762	G	G	2865.32	35.4066	201	199	0	0	2865.32	0
1763	A	A	2724.37	35.3999	200	200	2724.37	0	0	0
1764	G	G	2785.97	35.4066	201	196	0	0	2785.97	0
1765	C	C	2850.81	35.4197	203	199	0	2850.81	0	0
1766	T	T	2720.22	35.4197	203	203	0	0	0	2720.22
1767	T	T	2747.22	35.652	204	204	0	0	0	2747.22
1768	G	G	2823.13	35.652	204	198	0	0	2823.13	0
1769	T	T	2823.89	35.6744	208	208	0	0	0	2823.89
1770	C	C	2807.61	35.6798	209	199	0	2807.61	0	0
1771	A	A	2769.18	35.6633	206	206	2769.18	0	0	0
1772	A	A	2815.36	35.6689	207	207	2815.36	0	0	0
1773	T	T	2778.23	36.146	205	205	0	0	0	2778.23
1774	A	A	2775.44	36.1306	201	201	2775.44	0	0	0
1775	A	A	2816.95	36.1384	203	203	2816.95	0	0	0
1776	G	G	2846.18	36.3987	200	197	0	0	2846.18	0
1777	C	C	2804.71	36.4043	202	196	0	2804.71	0	0
1778	C	C	2840.94	36.407	203	198	0	2840.94	0	0
1779	A	A	2781.23	36.407	203	203	2781.23	0	0	0
1780	A	A	2781.62	36.4124	205	205	2781.62	0	0	0
1781	A	A	2776.2	36.407	203	203	2776.2	0	0	0
1782	A	A	2773.41	36.6859	198	198	2773.41	0	0	0
1783	A	A	2809.52	36.6905	201	201	2809.52	0	0	0
1784	A	A	2826.54	36.6963	205	205	2826.54	0	0	0
1785	T	T	2783.19	36.6963	205	205	0	0	0	2783.19
1786	G	G	2928.92	36.7005	208	204	0	0	2928.92	0
1787	G	G	2920.66	36.7033	210	204	0	0	2920.66	0
1788	C	C	2899.56	36.4256	210	203	0	2899.56	0	0
1789	A	A	2842.03	36.423	209	208	2842.03	0	0	0
1790	T	T	2846.52	36.4204	208	208	0	0	0	2846.52
1791	C	C	2999.08	36.4306	212	209	0	2999.08	0	0
1792	T	T	2891.71	36.7046	211	211	0	0	0	2891.71
1793	A	A	2926.07	36.7073	213	213	2926.07	0	0	0
1794	T	T	2869.27	36.7033	210	210	0	0	0	2869.27
1795	A	A	2866.56	36.6991	207	207	2866.56	0	0	0
1796	T	T	2814.24	36.6949	204	204	0	0	0	2814.24
1797	T	T	2868.05	36.6991	207	207	0	0	0	2868.05
1798	A	A	2820.22	36.6991	207	207	2820.22	0	0	0
1799	C	C	2956.3	36.7033	210	206	0	2956.3	0	0
1800	T	T	2890.92	36.7033	210	210	0	0	0	2890.92
1801	A	A	2934.22	36.7086	214	214	2934.22	0	0	0
1802	G	G	2981.52	36.71	215	208	0	0	2981.52	0
1803	A	A	2915.36	36.4356	214	214	2915.36	0	0	0
1804	C	C	2848.05	36.4306	212	202	0	2848.05	0	0
1805	A	A	2845.22	36.4281	211	211	2845.22	0	0	0
1806	T	T	2924.71	36.4331	213	213	0	0	0	2924.71
1807	A	A	2878.49	36.4356	214	214	2878.49	0	0	0
1808	A	A	2839.91	36.4204	208	208	2839.91	0	0	0
1809	C	C	2930.69	36.4204	208	204	0	2930.69	0	0
1810	C	C	2804.75	36.4178	207	198	0	2804.75	0	0
1811	T	T	2852.96	36.4256	210	210	0	0	0	2852.96
1812	G	G	2973.22	36.4306	212	208	0	0	2973.22	0
1813	A	A	2905.76	36.7046	211	211	2905.76	0	0	0
1814	C	C	2899.15	36.7033	210	204	0	2899.15	0	0
1815	T	T	2911.42	36.7138	218	218	0	0	0	2911.42
1816	A	A	2977.83	36.7138	218	218	2977.83	0	0	0
1817	G	G	2987.15	36.7151	219	210	0	0	2987.15	0
1818	A	A	2993.28	36.7151	219	219	2993.28	0	0	0
1819	A	A	2977.84	36.71	215	215	2977.84	0	0	0
1820	A	A	2969.93	36.7113	216	216	2969.93	0	0	0
1821	A	A	2970.11	36.71	215	215	2970.11	0	0	0
1822	T	T	2985.7	36.7113	216	216	0	0	0	2985.7
1823	G	G	2971.82	36.71	215	209	0	0	2971.82	0
1824	T	T	2986.52	36.7125	217	217	0	0	0	2986.52
1825	A	A	2917.39	36.71	215	215	2917.39	0	0	0
1826	C	C	2989.31	36.7138	218	210	0	2989.31	0	0
1827	T	T	2962.94	36.7113	216	216	0	0	0	2962.94
1828	A	A	2889.03	36.706	212	212	2889.03	0	0	0
1829	C	C	2940.33	36.7046	211	205	0	2940.33	0	0
1830	C	C	2878.44	37	210	202	0	2878.44	0	0
1831	A	A	2893.28	37	213	213	2893.28	0	0	0
1832	A	A	2898.12	37	214	214	2898.12	0	0	0
1833	A	A	2864.23	37	213	213	2864.23	0	0	0
1834	A	A	2845.21	37	211	211	2845.21	0	0	0
1835	T	T	2852.52	37	209	209	0	0	0	2852.52
1836	C	C	2946.88	37	209	205	0	2946.88	0	0
1837	C	C	2864.49	37	205	200	0	2864.49	0	0
1838	A	A	2790.06	37	204	204	2790.06	0	0	0
1839	T	T	2818.44	37	206	206	0	0	0	2818.44
1840	C	C	2837.93	37	200	197	0	2837.93	0	0
1841	T	T	2761.51	37	197	197	0	0	0	2761.51
1842	C	C	2809.29	36.6844	197	195	0	2809.29	0	0
1843	C	C	2734.04	36.6828	196	191	0	2734.04	0	0
1844	T	T	2760.04	36.6859	198	198	0	0	0	2760.04
1845	A	A	2680.95	36.6875	199	199	2680.95	0	0	0
1846	C	C	2789.29	36.6797	194	193	0	2789.29	0	0
1847	T	T	2646.8	36.6828	196	195	0	0	0	2646.8
1848	T	T	2668.64	36.6875	199	199	0	0	0	2668.64
1849	C	C	2720.46	36.6828	196	190	0	2720.46	0	0
1850	C	C	2791.11	36.6844	197	194	0	2791.11	0	0
1851	A	A	2684.13	36.6859	198	198	2684.13	0	0	0
1852	A	A	2681.96	36.6828	196	196	2681.96	0	0	0
1853	A	A	2693.39	36.6813	195	195	2693.39	0	0	0
1854	T	T	2645.55	36.6748	191	191	0	0	0	2645.55
1855	A	A	2644.2	36.6797	194	194	2644.2	0	0	0
1856	A	A	2710.86	36.6844	197	197	2710.86	0	0	0
1857	A	A	2744.77	36.6919	202	202	2744.77	0	0	0
1858	A	A	2741.93	36.6919	202	202	2741.93	0	0	0
1859	T	T	2676.68	36.689	200	200	0	0	0	2676.68
1860	C	C	2795.94	36.6875	199	195	0	2795.94	0	0
1861	T	T	2705.52	36.6905	201	200	0	0	0	2705.52
1862	T	T	2725.39	36.6875	199	199	0	0	0	2725.39
1863	C	C	2842.95	36.6934	203	198	0	2842.95	0	0
1864	A	A	2735.35	36.6963	205	205	2735.35	0	0	0
1865	A	A	2712.52	36.6934	203	203	2712.52	0	0	0
1866	T	T	2776.18	36.689	200	200	0	0	0	2776.18
1867	C	C	2711.62	36.6813	195	189	0	2711.62	0	0
1868	A	A	2676.09	36.6797	194	194	2676.09	0	0	0
1869	C	C	2677.77	36.6732	190	186	0	2677.77	0	0
1870	A	A	2648.18	36.6748	191	191	2648.18	0	0	0
1871	G	G	2638.83	36.6781	193	186	0	0	2638.83	0
1872	T	T	2670.41	36.6781	193	193	0	0	0	2670.41
1873	C	C	2765.79	36.6797	194	192	0	2765.79	0	0
1874	T	T	2660.39	36.6781	193	193	0	0	0	2660.39
1875	C	C	2658.09	36.6765	192	186	0	2658.09	0	0
1876	T	T	2654.78	36.6748	191	191	0	0	0	2654.78
1877	A	A	2710.43	36.3873	196	196	2710.43	0	0	0
1878	A	A	2691.98	36.3814	194	194	2691.98	0	0	0
1879	C	C	2764.56	36.3873	196	192	0	2764.56	0	0
1880	C	C	2662.08	36.3987	200	189	0	2662.08	0	0
1881	A	A	2731.72	36.4043	202	202	2731.72	0	0	0
1882	A	A	2740.68	36.407	203	203	2740.68	0	0	0
1883	A	A	2675.64	36.3931	198	198	2675.64	0	0	0
1884	A	A	2625.64	36.3902	197	197	2625.64	0	0	0
1885	A	A	2558.1	36.6715	189	189	2558.1	0	0	0
1886	G	G	2640.9	36.6647	185	183	0	0	2640.9	0
1887	G	G	2626.22	36.6715	189	184	0	0	2626.22	0
1888	A	A	2639.23	36.6748	191	191	2639.23	0	0	0
1889	C	C	2573.52	36.6682	187	180	0	2573.52	0	0
1890	T	T	2568.71	36.6732	190	190	0	0	0	2568.71
1891	A	A	2604.83	36.6732	190	190	2604.83	0	0	0
1892	A	A	2528.6	36.6682	187	187	2528.6	0	0	0
1893	T	T	2641.63	36.6732	190	190	0	0	0	2641.63
1894	T	T	2622.46	36.6732	190	190	0	0	0	2622.46
1895	A	A	2423.32	36.6647	185	184	2423.32	0	0	0
1896	A	A	2488.12	36.6715	189	189	2488.12	0	0	0
1897	A	A	2480.93	36.6647	185	185	2480.93	0	0	0
1898	C	C	2592.46	36.6647	185	181	0	2592.46	0	0
1899	T	T	2427.08	36.6539	179	179	0	0	0	2427.08
1900	A	A	2394.5	36.6501	177	177	2394.5	0	0	0
1901	T	T	2411	36.6463	175	175	0	0	0	2411
1902	A	A	2376.41	36.652	178	178	2376.41	0	0	0
1903	C	C	2559.38	36.6576	181	178	0	2559.38	0	0
1904	T	T	2425.94	37	180	180	0	0	0	2425.94
1905	T	T	2391.44	37	177	177	0	0	0	2391.44
1906	C	C	2433.61	37	173	170	0	2433.61	0	0
1907	C	C	2392.31	37	169	167	0	2392.31	0	0
1908	T	T	2347.24	37	169	169	0	0	0	2347.24
1909	C	C	2388.19	37	172	167	0	2388.19	0	0
1910	T	T	2387.66	37	174	174	0	0	0	2387.66
1911	C	C	2425.19	37	173	169	0	2425.19	0	0
1912	T	T	2351.85	37	172	172	0	0	0	2351.85
1913	T	T	2321.62	37	169	169	0	0	0	2321.62
1914	T	T	2331.91	37	168	168	0	0	0	2331.91
1915	C	C	2344.75	37	167	163	0	2344.75	0	0
1916	A	A	2249.09	37	164	164	2249.09	0	0	0
1917	T	T	2290.85	37	167	167	0	0	0	2290.85
1918	G	G	2290.8	37	169	162	0	0	2290.8	0
1919	A	A	2333.57	37	171	171	2333.57	0	0	0
1920	T	T	2324.51	37	171	171	0	0	0	2324.51
1921	C	C	2409.16	37	169	167	0	2409.16	0	0
1922	A	A	2443.09	37	177	177	2443.09	0	0	0
1923	C	C	2406.97	37	174	169	0	2406.97	0	0
1924	A	A	2412.21	37	173	173	2412.21	0	0	0
1925	T	T	2346.63	37	174	174	0	0	0	2346.63
1926	T	T	2390.18	37	175	175	0	0	0	2390.18
1927	A	A	2391.04	37	175	175	2391.04	0	0	0
1928	A	A	2434.87	37	177	177	2434.87	0	0	0
1929	T	T	2418.79	37	174	174	0	0	0	2418.79
1930	C	C	2506.31	37	173	173	0	2506.31	0	0
1931	C	C	2441.82	37	175	170	0	2441.82	0	0
1932	T	T	2384.74	37	175	175	0	0	0	2384.74
1933	A	A	2319.23	37	176	176	2319.23	0	0	0
1934	A	A	2304.28	37	172	172	2304.28	0	0	0
1935	G	G	2342.5	37	167	163	0	0	2342.5	0
1936	C	C	2248.7	37	164	158	0	2248.7	0	0
1937	T	T	2279.01	37	165	165	0	0	0	2279.01
1938	T	T	2277.47	37	167	167	0	0	0	2277.47
1939	C	C	2324.09	37	166	162	0	2324.09	0	0
1940	T	T	2299.79	37	169	169	0	0	0	2299.79
1941	T	T	2309.23	37	173	173	0	0	0	2309.23
1942	C	C	2386.86	37	176	168	0	2386.86	0	0
1943	G	G	2292.73	37	173	164	0	0	2292.73	0
1944	T	T	2276.88	37	170	170	0	0	0	2276.88
1945	A	A	2317.24	37	168	168	2317.24	0	0	0
1946	C	C	2342.74	37	170	164	0	2342.74	0	0
1947	T	T	2359.27	37	171	171	0	0	0	2359.27
1948	T	T	2335.37	37	171	171	0	0	0	2335.37
1949	A	A	2358.59	37	168	168	2358.59	0	0	0
1950	A	A	2411.49	37	171	171	2411.49	0	0	0
1951	T	T	2343.05	37	173	173	0	0	0	2343.05
1952	T	T	2366.99	37	172	172	0	0	0	2366.99
1953	T	T	2419.54	36.6443	174	174	0	0	0	2419.54
1954	C	C	2427.12	36.6424	173	169	0	2427.12	0	0
1955	C	C	2471	36.652	178	173	0	2471	0	0
1956	A	A	2447.61	36.6501	177	177	2447.61	0	0	0
1957	C	C	2437.33	36.6539	179	171	0	2437.33	0	0
1958	G	G	2540.99	36.6594	182	178	0	0	2540.99	0
1959	A	A	2504.81	36.6576	181	181	2504.81	0	0	0
1960	G	G	2483.75	36.6629	184	177	0	0	2483.75	0
1961	T	T	2479.14	36.6594	182	182	0	0	0	2479.14
1962	A	A	2610.72	36.6699	188	188	2610.72	0	0	0
1963	A	A	2562.21	36.6715	189	189	2562.21	0	0	0
1964	C	C	2602.28	36.6682	187	182	0	2602.28	0	0
1965	T	T	2540.3	36.6682	187	187	0	0	0	2540.3
1966	T	T	2597.78	36.6797	194	194	0	0	0	2597.78
1967	C	C	2686.86	36.6859	198	189	0	2686.86	0	0
1968	C	C	2751.09	36.6781	193	191	0	2751.09	0	0
1969	A	A	2530.58	36.6682	187	187	2530.58	0	0	0
1970	T	T	2578.44	36.6748	191	191	0	0	0	2578.44
1971	A	A	2543.58	36.6715	189	189	2543.58	0	0	0
1972	A	A	2478.84	36.6594	182	182	2478.84	0	0	0
1973	T	T	2483.37	36.652	178	178	0	0	0	2483.37
1974	T	T	2468.9	36.652	178	178	0	0	0	2468.9
1975	A	A	2493.6	37	181	181	2493.6	0	0	0
1976	C	C	2608.56	36.6629	184	181	0	2608.56	0	0
1977	T	T	2493.99	36.6629	184	184	0	0	0	2493.99
1978	A	A	2556.87	36.6682	187	187	2556.87	0	0	0
1979	G	G	2698.7	36.6715	189	187	0	0	2698.7	0
1980	C	C	2650.29	36.6732	190	185	0	2650.29	0	0
1981	A	A	2537.12	36.6629	184	184	2537.12	0	0	0
1982	C	C	2604.72	36.6576	181	180	0	2604.72	0	0
1983	A	A	2496.88	36.6576	181	181	2496.88	0	0	0
1984	C	C	2542.38	36.6539	179	176	0	2542.38	0	0
1985	C	C	2519.76	36.6594	182	177	0	2519.76	0	0
1986	A	A	2477.43	36.6576	181	181	2477.43	0	0	0
1987	A	A	2489.15	36.6629	184	184	2489.15	0	0	0
1988	T	T	2522.27	36.6629	184	184	0	0	0	2522.27
1989	A	A	2447.59	36.6594	182	182	2447.59	0	0	0
1990	A	A	2389.81	36.6482	176	176	2389.81	0	0	0
1991	G	G	2486.22	36.6482	176	173	0	0	2486.22	0
1992	A	A	2408.5	36.6501	177	177	2408.5	0	0	0
1993	A	A	2384.35	36.6482	176	176	2384.35	0	0	0
1994	G	G	2429.41	36.6443	174	170	0	0	2429.41	0
1995	A	A	2395.79	36.6482	176	176	2395.79	0	0	0
1996	G	G	2538.37	36.652	178	176	0	0	2538.37	0
1997	A	A	2429.15	36.6539	179	179	2429.15	0	0	0
1998	T	T	2408.38	36.6539	179	179	0	0	0	2408.38
1999	C	C	2322.8	36.3264	177	167	0	2322.8	0	0
2000	A	A	2434.9	36.3228	176	176	2434.9	0	0	0
2001	C	C	2404.7	36.3228	176	169	0	2404.7	0	0
2002	C	C	2433.69	36.3264	177	170	0	2433.69	0	0
2003	C	C	2527.9	36.3368	180	176	0	2527.9	0	0
2004	A	A	2412.4	36.3402	181	181	2412.4	0	0	0
2005	G	G	2532.86	36.3534	185	178	0	0	2532.86	0
2006	T	T	2508.74	36.3693	190	190	0	0	0	2508.74
2007	G	G	2581.91	36.3662	189	182	0	0	2581.91	0
2008	A	A	2605.34	36.3693	190	190	2605.34	0	0	0
2009	C	C	2546.13	36.6647	185	179	0	2546.13	0	0
2010	A	A	2545.83	36.6612	183	183	2545.83	0	0	0
2011	A	A	2609.26	36.3502	184	184	2609.26	0	0	0
2012	T	T	2561.69	36.3724	191	191	0	0	0	2561.69
2013	A	A	2697.36	36.3814	194	194	2697.36	0	0	0
2014	A	A	2704.72	36.3784	193	193	2704.72	0	0	0
2015	C	C	2659.64	36.3873	196	188	0	2659.64	0	0
2016	T	T	2687.52	36.3902	197	197	0	0	0	2687.52
2017	A	A	2813.05	36.4043	202	202	2813.05	0	0	0
2018	A	A	2804.44	36.3987	200	200	2804.44	0	0	0
2019	T	T	2758.94	36.4043	202	202	0	0	0	2758.94
2020	C	C	2772.6	36.407	203	195	0	2772.6	0	0
2021	A	A	2801.99	36.407	203	203	2801.99	0	0	0
2022	A	A	2807.57	36.4151	206	206	2807.57	0	0	0
2023	G	G	2891	36.4178	207	202	0	0	2891	0
2024	T	T	2878.02	36.423	209	209	0	0	0	2878.02
2025	T	T	2786.93	36.4043	202	202	0	0	0	2786.93
2026	C	C	2795.08	36.1306	201	196	0	2795.08	0	0
2027	C	C	2832.98	36.1267	200	197	0	2832.98	0	0
2028	A	A	2751.26	36.1306	201	201	2751.26	0	0	0
2029	T	T	2781.68	36.1267	200	200	0	0	0	2781.68
2030	A	A	2689.28	36.1146	197	197	2689.28	0	0	0
2031	A	A	2605.92	36.0896	191	191	2605.92	0	0	0
2032	C	C	2718.95	36.0852	190	188	0	2718.95	0	0
2033	T	T	2682.89	36.0896	191	191	0	0	0	2682.89
2034	G	G	2637.15	36.0852	190	184	0	0	2637.15	0
2035	T	T	2656.37	36.3754	192	192	0	0	0	2656.37
2036	A	A	2611.52	36.3724	191	191	2611.52	0	0	0
2037	T	T	2631.6	36.3844	195	195	0	0	0	2631.6
2038	A	A	2639.28	36.3814	194	194	2639.28	0	0	0
2039	A	A	2597.62	36.3844	195	195	2597.62	0	0	0
2040	A	A	2559.43	36.3693	190	190	2559.43	0	0	0
2041	G	G	2636.86	36.3662	189	184	0	0	2636.86	0
2042	C	C	2640.63	36.3693	190	185	0	2640.63	0	0
2043	C	C	2588.86	36.3724	191	183	0	2588.86	0	0
2044	G	G	2645.75	36.3567	186	184	0	0	2645.75	0
2045	C	C	2580.95	36.3599	187	182	0	2580.95	0	0
2046	A	A	2643.09	36.3814	194	194	2643.09	0	0	0
2047	A	A	2618.99	36.3784	193	193	2618.99	0	0	0
2048	T	T	2633.96	36.3754	192	192	0	0	0	2633.96
2049	C	C	2629.64	36.0675	186	183	0	2629.64	0	0
2050	C	C	2599.84	36.0765	188	183	0	2599.84	0	0
2051	C	C	2621.09	36.0809	189	183	0	2621.09	0	0
2052	C	C	2603.74	36.072	187	182	0	2603.74	0	0
2053	A	A	2573.78	36.0675	186	186	2573.78	0	0	0
2054	T	T	2597.59	36.0765	188	188	0	0	0	2597.59
2055	G	G	2627.47	36.0675	186	183	0	0	2627.47	0
2056	G	G	2628.3	36.063	185	182	0	0	2628.3	0
2057	C	C	2525.27	36.0538	183	177	0	2525.27	0	0
2058	T	T	2586.85	36.0765	188	188	0	0	0	2586.85
2059	T	T	2601.32	36.0809	189	189	0	0	0	2601.32
2060	C	C	2681.81	36.3662	189	186	0	2681.81	0	0
2061	C	C	2644.77	36.3662	189	185	0	2644.77	0	0
2062	T	T	2567.91	36.6699	188	187	0	0	0	2567.91
2063	C	C	2666.78	36.6748	191	186	0	2666.78	0	0
2064	A	A	2508.6	36.6715	189	189	2508.6	0	0	0
2065	C	C	2619.69	36.6699	188	183	0	2619.69	0	0
2066	T	T	2548.89	36.6664	186	186	0	0	0	2548.89
2067	A	A	2333.35	36.652	178	178	2333.35	0	0	0
2068	A	A	2304.88	36.6443	174	174	2304.88	0	0	0
2069	A	A	2237.36	36.6343	169	169	2237.36	0	0	0
2070	A	A	2193.05	36.6191	162	162	2193.05	0	0	0
2071	A	A	2183.02	36.6123	159	159	2183.02	0	0	0
2072	A	A	2231.95	37	161	161	2231.95	0	0	0
2073	C	C	2248.52	37	164	158	0	2248.52	0	0
2074	C	C	2303.72	37	166	161	0	2303.72	0	0
2075	C	C	2342.03	37	169	164	0	2342.03	0	0
2076	C	C	2349.81	37	173	166	0	2349.81	0	0
2077	G	G	2505.72	37	177	174	0	0	2505.72	0
2078	A	A	2397.38	37	172	172	2397.38	0	0	0
2079	A	A	2385.61	37	170	170	2385.61	0	0	0
2080	T	T	2328.45	37	173	173	0	0	0	2328.45
2081	C	C	2498	37	174	173	0	2498	0	0
2082	C	C	2425.21	37	178	171	0	2425.21	0	0
2083	C	C	2505.91	37	181	175	0	2505.91	0	0
2084	C	C	2482.46	37	185	176	0	2482.46	0	0
2085	C	C	2491.11	37	186	177	0	2491.11	0	0
2086	G	G	2731.97	37	190	189	0	0	2731.97	0
2087	T	T	2517.03	37	188	188	0	0	0	2517.03
2088	A	A	2579.44	37	186	185	2579.44	0	0	0
2089	T	T	2549.6	37	186	186	0	0	0	2549.6
2090	C	C	2634.05	37	190	184	0	2634.05	0	0
2091	A	A	2632.65	37	192	192	2632.65	0	0	0
2092	T	T	2673.55	37	196	196	0	0	0	2673.55
2093	A	A	2663.03	37	193	193	2663.03	0	0	0
2094	A	A	2672.24	37	193	193	2672.24	0	0	0
2095	A	A	2700.09	37	196	196	2700.09	0	0	0
2096	T	T	2644.84	37	195	195	0	0	0	2644.84
2097	T	T	2697.28	37	195	195	0	0	0	2697.28
2098	A	A	2659.55	37	198	198	2659.55	0	0	0
2099	C	C	2732.48	37	197	192	0	2732.48	0	0
2100	T	T	2679.63	37	193	193	0	0	0	2679.63
2101	C	C	2684.35	37	189	187	0	2684.35	0	0
2102	A	A	2492.56	37	184	184	2492.56	0	0	0
2103	A	A	2512.98	37	185	185	2512.98	0	0	0
2104	T	T	2519.5	36.6576	181	181	0	0	0	2519.5
2105	C	C	2541.5	36.6594	182	178	0	2541.5	0	0
2106	G	G	2579.28	36.6629	184	180	0	0	2579.28	0
2107	C	C	2502.23	36.6612	183	176	0	2502.23	0	0
2108	C	C	2542.21	36.6557	180	177	0	2542.21	0	0
2109	T	T	2501.93	36.6612	183	183	0	0	0	2501.93
2110	A	A	2494.58	36.6629	184	184	2494.58	0	0	0
2111	T	T	2565.78	36.6664	186	186	0	0	0	2565.78
2112	T	T	2616.23	36.6732	190	190	0	0	0	2616.23
2113	C	C	2501.58	36.6612	183	176	0	2501.58	0	0
2114	C	C	2548.66	36.6557	180	177	0	2548.66	0	0
2115	A	A	2414.83	36.6482	176	176	2414.83	0	0	0
2116	T	T	2437.17	36.6463	175	175	0	0	0	2437.17
2117	T	T	2441.63	36.6463	175	175	0	0	0	2441.63
2118	A	A	2421.66	36.6501	177	177	2421.66	0	0	0
2119	A	A	2454.36	36.6557	180	180	2454.36	0	0	0
2120	A	A	2443.44	36.652	178	178	2443.44	0	0	0
2121	T	T	2421.39	36.652	178	178	0	0	0	2421.39
2122	T	T	2419.68	36.6501	177	177	0	0	0	2419.68
2123	T	T	2416.53	36.6501	177	177	0	0	0	2416.53
2124	A	A	2396.32	36.652	178	178	2396.32	0	0	0
2125	A	A	2460.48	36.6612	183	183	2460.48	0	0	0
2126	A	A	2489.45	36.6612	183	183	2489.45	0	0	0
2127	T	T	2414.72	36.6557	180	180	0	0	0	2414.72
2128	A	A	2473.61	36.6576	181	181	2473.61	0	0	0
2129	C	C	2432.77	36.6463	175	170	0	2432.77	0	0
2130	A	A	2501.11	37	181	181	2501.11	0	0	0
2131	A	A	2474.29	37	178	178	2474.29	0	0	0
2132	T	T	2469.2	37	181	181	0	0	0	2469.2
2133	C	C	2506.72	37	179	175	0	2506.72	0	0
2134	T	T	2445.07	37	181	181	0	0	0	2445.07
2135	C	C	2583.92	37	183	180	0	2583.92	0	0
2136	A	A	2449.95	37	182	182	2449.95	0	0	0
2137	A	A	2437.22	37	183	183	2437.22	0	0	0
2138	C	C	2552.56	37	181	178	0	2552.56	0	0
2139	T	T	2485.47	37	180	180	0	0	0	2485.47
2140	T	T	2469.59	37	179	179	0	0	0	2469.59
2141	C	C	2475.7	37	180	174	0	2475.7	0	0
2142	A	A	2402.3	37	177	177	2402.3	0	0	0
2143	T	T	2381.57	37	178	178	0	0	0	2381.57
2144	C	C	2515.84	37	178	175	0	2515.84	0	0
2145	A	A	2482.41	37	182	182	2482.41	0	0	0
2146	T	T	2403.75	37	178	178	0	0	0	2403.75
2147	C	C	2515.76	37	179	176	0	2515.76	0	0
2148	T	T	2475.74	37	184	184	0	0	0	2475.74
2149	T	T	2522.98	37	192	191	0	0	0	2522.98
2150	T	T	2541.94	37	189	189	0	0	0	2541.94
2151	C	C	2659.84	37	192	187	0	2659.84	0	0
2152	A	A	2631.45	37	192	192	2631.45	0	0	0
2153	A	A	2579.26	37	189	189	2579.26	0	0	0
2154	G	G	2602.56	37	188	183	0	0	2602.56	0
2155	A	A	2591.81	37	190	190	2591.81	0	0	0
2156	C	C	2632.94	37	191	185	0	2632.94	0	0
2157	A	A	2577.78	37	190	190	2577.78	0	0	0
2158	T	T	2548.14	37	186	186	0	0	0	2548.14
2159	A	A	2601.26	37	189	189	2601.26	0	0	0
2160	A	A	2668.39	37	194	194	2668.39	0	0	0
2161	C	C	2671.3	37	193	187	0	2671.3	0	0
2162	A	A	2768.59	37	198	198	2768.59	0	0	0
2163	G	G	2756.16	37	199	193	0	0	2756.16	0
2164	G	G	2676.1	37	194	187	0	0	2676.1	0
2165	C	C	2673.67	37	193	187	0	2673.67	0	0
2166	A	A	2708.49	37	195	195	2708.49	0	0	0
2167	A	A	2708.42	37	195	195	2708.42	0	0	0
2168	T	T	2762.64	37	201	201	0	0	0	2762.64
2169	C	C	2724.89	37	204	193	0	2724.89	0	0
2170	A	A	2763.6	37	204	204	2763.6	0	0	0
2171	A	A	2789.48	37	205	205	2789.48	0	0	0
2172	T	T	2768.68	37	203	203	0	0	0	2768.68
2173	A	A	2716.32	37	202	202	2716.32	0	0	0
2174	A	A	2662.16	37	197	197	2662.16	0	0	0
2175	C	C	2733.67	37	197	191	0	2733.67	0	0
2176	T	T	2721.53	37	195	195	0	0	0	2721.53
2177	C	C	2741.93	37	195	191	0	2741.93	0	0
2178	A	A	2667.09	37	194	194	2667.09	0	0	0
2179	G	G	2796.37	37	193	193	0	0	2796.37	0
2180	A	A	2694.83	37	195	195	2694.83	0	0	0
2181	T	T	2605.31	37	191	191	0	0	0	2605.31
2182	A	A	2680.47	37	192	192	2680.47	0	0	0
2183	A	A	2752.03	37	198	197	2752.03	0	0	0
2184	T	T	2750.85	37	204	204	0	0	0	2750.85
2185	A	A	2799.19	37	201	201	2799.19	0	0	0
2186	G	G	2855.11	36.6963	205	199	0	0	2855.11	0
2187	A	A	2803.66	36.6977	206	206	2803.66	0	0	0
2188	C	C	2829.95	36.6991	207	199	0	2829.95	0	0
2189	C	C	2894.2	36.4306	212	204	0	2894.2	0	0
2190	C	C	2940.16	36.4331	213	206	0	2940.16	0	0
2191	A	A	2845.56	36.4151	206	206	2845.56	0	0	0
2192	C	C	2861.34	36.4178	207	200	0	2861.34	0	0
2193	G	G	2901.17	36.4178	207	202	0	0	2901.17	0
2194	A	A	2790.04	36.4256	210	210	2790.04	0	0	0
2195	T	T	2857.39	36.4151	206	206	0	0	0	2857.39
2196	A	A	2742.28	36.4124	205	205	2742.28	0	0	0
2197	A	A	2691.51	36.4043	202	201	2691.51	0	0	0
2198	A	A	2698.45	36.4043	202	202	2698.45	0	0	0
2199	T	T	2708.63	36.1267	200	200	0	0	0	2708.63
2200	G	G	2794.25	36.1267	200	195	0	0	2794.25	0
2201	C	C	2734.87	36.1267	200	192	0	2734.87	0	0
2202	G	G	2764.85	35.8606	198	193	0	0	2764.85	0
2203	C	C	2782.12	35.8556	197	193	0	2782.12	0	0
2204	C	C	2799.18	35.8756	201	195	0	2799.18	0	0
2205	T	T	2727.42	35.8606	198	198	0	0	0	2727.42
2206	A	A	2702.07	35.8556	197	197	2702.07	0	0	0
2207	A	A	2765.13	35.8756	201	201	2765.13	0	0	0
2208	T	T	2776.96	35.8997	206	206	0	0	0	2776.96
2209	A	A	2830.71	35.9183	210	210	2830.71	0	0	0
2210	C	C	2820.41	36.1822	215	202	0	2820.41	0	0
2211	A	A	2915.5	36.1787	214	214	2915.5	0	0	0
2212	G	G	2913.92	36.1787	214	205	0	0	2913.92	0
2213	C	C	3027.39	36.1822	215	211	0	3027.39	0	0
2214	T	T	2846.94	36.1717	212	212	0	0	0	2846.94
2215	T	T	2870.35	36.1681	211	211	0	0	0	2870.35
2216	T	T	2880.55	36.1609	209	209	0	0	0	2880.55
2217	A	A	2822.07	36.4124	205	205	2822.07	0	0	0
2218	T	T	2871.32	36.4124	205	205	0	0	0	2871.32
2219	T	T	2882.58	36.4098	204	204	0	0	0	2882.58
2220	A	A	2791.26	36.4043	202	202	2791.26	0	0	0
2221	G	G	2894.23	36.4151	206	202	0	0	2894.23	0
2222	A	A	2892.41	36.423	209	209	2892.41	0	0	0
2223	G	G	2916.87	36.1752	213	205	0	0	2916.87	0
2224	A	A	2902.2	36.1752	213	213	2902.2	0	0	0
2225	T	T	2867.45	36.1717	212	212	0	0	0	2867.45
2226	T	T	2894.96	36.4356	214	214	0	0	0	2894.96
2227	C	C	3004.18	36.4331	213	209	0	3004.18	0	0
2228	A	A	2849.61	36.4256	210	210	2849.61	0	0	0
2229	A	A	2853.84	36.4256	210	210	2853.84	0	0	0
2230	A	A	2817.91	36.407	203	203	2817.91	0	0	0
2231	C	C	2782.9	36.4043	202	195	0	2782.9	0	0
2232	C	C	2741.85	36.4043	202	194	0	2741.85	0	0
2233	T	T	2818.2	36.407	203	203	0	0	0	2818.2
2234	C	C	2866.05	36.4043	202	199	0	2866.05	0	0
2235	A	A	2734.99	36.3987	200	199	2734.99	0	0	0
2236	G	G	2840.41	36.407	203	198	0	0	2840.41	0
2237	G	G	2781.97	36.1422	204	196	0	0	2781.97	0
2238	A	A	2752.07	36.1422	204	204	2752.07	0	0	0
2239	T	T	2816.99	36.1535	207	206	0	0	0	2816.99
2240	A	A	2778.14	36.1535	207	207	2778.14	0	0	0
2241	C	C	2904.2	36.1645	210	204	0	2904.2	0	0
2242	T	T	2718.71	36.1267	200	200	0	0	0	2718.71
2243	G	G	2877.99	36.1535	207	201	0	0	2877.99	0
2244	C	C	2806.01	36.4015	201	196	0	2806.01	0	0
2245	T	T	2722.3	36.3931	198	198	0	0	0	2722.3
2246	C	C	2798.87	36.3902	197	194	0	2798.87	0	0
2247	A	A	2703.63	36.3959	199	199	2703.63	0	0	0
2248	G	G	2811.25	36.3959	199	196	0	0	2811.25	0
2249	T	T	2725.49	36.3902	197	197	0	0	0	2725.49
2250	G	G	2747.27	36.3931	198	193	0	0	2747.27	0
2251	G	G	2743	36.3931	198	192	0	0	2743	0
2252	C	C	2737.52	36.3873	196	191	0	2737.52	0	0
2253	C	C	2767.73	36.3987	200	194	0	2767.73	0	0
2254	A	A	2639.98	36.3844	195	195	2639.98	0	0	0
2255	T	T	2654.69	36.3754	192	192	0	0	0	2654.69
2256	A	A	2588.19	36.6682	187	187	2588.19	0	0	0
2257	G	G	2666.59	36.3599	187	185	0	0	2666.59	0
2258	C	C	2624.12	36.3693	190	184	0	2624.12	0	0
2259	C	C	2670.38	36.3724	191	186	0	2670.38	0	0
2260	G	G	2573.16	36.3662	189	182	0	0	2573.16	0
2261	T	T	2611.61	36.3693	190	190	0	0	0	2611.61
2262	A	A	2578.82	36.3754	192	192	2578.82	0	0	0
2263	G	G	2639.1	36.3693	190	185	0	0	2639.1	0
2264	T	T	2593.84	36.6664	186	186	0	0	0	2593.84
2265	A	A	2509.07	36.6682	187	187	2509.07	0	0	0
2266	T	T	2544.04	36.6594	182	182	0	0	0	2544.04
2267	A	A	2432.09	36.6612	183	183	2432.09	0	0	0
2268	A	A	2415.76	36.6612	183	183	2415.76	0	0	0
2269	C	C	2520.97	36.6576	181	176	0	2520.97	0	0
2270	C	C	2539.57	36.6539	179	176	0	2539.57	0	0
2271	A	A	2399.17	36.6576	181	181	2399.17	0	0	0
2272	A	A	2362.5	36.6463	175	175	2362.5	0	0	0
2273	A	A	2398.6	36.6463	175	175	2398.6	0	0	0
2274	A	A	2403.05	36.6424	173	173	2403.05	0	0	0
2275	A	A	2426.03	36.6443	174	174	2426.03	0	0	0
2276	C	C	2463.11	36.6463	175	172	0	2463.11	0	0
2277	C	C	2388.3	36.6463	175	168	0	2388.3	0	0
2278	A	A	2465.56	36.6539	179	179	2465.56	0	0	0
2279	C	C	2485.57	36.6557	180	174	0	2485.57	0	0
2280	A	A	2483.58	36.6594	182	182	2483.58	0	0	0
2281	A	A	2433.14	36.6557	180	180	2433.14	0	0	0
2282	G	G	2411.59	36.6501	177	170	0	0	2411.59	0
2283	C	C	2574.55	36.6539	179	178	0	2574.55	0	0
2284	A	A	2441.89	36.6539	179	179	2441.89	0	0	0
2285	T	T	2485.45	37	184	184	0	0	0	2485.45
2286	T	T	2457.27	37	183	183	0	0	0	2457.27
2287	C	C	2484.19	36.6594	182	175	0	2484.19	0	0
2288	C	C	2456.9	36.6612	183	174	0	2456.9	0	0
2289	A	A	2520.79	36.6664	186	186	2520.79	0	0	0
2290	C	C	2573.26	36.6699	188	181	0	2573.26	0	0
2291	C	C	2569.37	36.6664	186	180	0	2569.37	0	0
2292	T	T	2503.2	36.6715	189	189	0	0	0	2503.2
2293	A	A	2711.31	36.6781	193	193	2711.31	0	0	0
2294	A	A	2698.26	36.6748	191	191	2698.26	0	0	0
2295	A	A	2692.25	36.6765	192	192	2692.25	0	0	0
2296	T	T	2648.72	36.6765	192	192	0	0	0	2648.72
2297	A	A	2707.35	36.6797	194	194	2707.35	0	0	0
2298	A	A	2717.16	36.6844	197	197	2717.16	0	0	0
2299	A	A	2725.15	36.6859	198	198	2725.15	0	0	0
2300	T	T	2707.11	36.6813	195	195	0	0	0	2707.11
2301	T	T	2727.32	36.689	200	200	0	0	0	2727.32
2302	A	A	2757.08	36.689	200	200	2757.08	0	0	0
2303	A	A	2812.48	36.6977	206	206	2812.48	0	0	0
2304	A	A	2836.81	36.6991	207	207	2836.81	0	0	0
2305	A	A	2788.94	36.6977	206	206	2788.94	0	0	0
2306	A	A	2776.41	36.6963	205	205	2776.41	0	0	0
2307	A	A	2774.89	36.6977	206	206	2774.89	0	0	0
2308	A	A	2773.33	36.6949	204	204	2773.33	0	0	0
2309	C	C	2763.39	36.6934	203	195	0	2763.39	0	0
2310	C	C	2719.68	37	197	191	0	2719.68	0	0
2311	A	A	2700.05	37	198	198	2700.05	0	0	0
2312	T	T	2714.62	37	197	197	0	0	0	2714.62
2313	T	T	2709.41	37	194	194	0	0	0	2709.41
2314	A	A	2605.62	37	190	190	2605.62	0	0	0
2315	A	A	2626.07	37	191	191	2626.07	0	0	0
2316	A	A	2613.37	37	192	192	2613.37	0	0	0
2317	C	C	2694.11	37	191	187	0	2694.11	0	0
2318	C	C	2678.76	37	186	185	0	2678.76	0	0
2319	T	T	2580.54	37	187	187	0	0	0	2580.54
2320	A	A	2684.1	37	196	196	2684.1	0	0	0
2321	A	A	2656.9	37	196	196	2656.9	0	0	0
2322	A	A	2599.43	37	192	192	2599.43	0	0	0
2323	A	A	2598.71	37	194	194	2598.71	0	0	0
2324	A	A	2576.71	37	191	191	2576.71	0	0	0
2325	A	A	2505.46	37	185	185	2505.46	0	0	0
2326	G	G	2465.54	37	179	173	0	0	2465.54	0
2327	A	A	2395.5	37	177	177	2395.5	0	0	0
2328	C	C	2573.95	36.6557	180	178	0	2573.95	0	0
2329	C	C	2484.73	36.6612	183	175	0	2484.73	0	0
2330	C	C	2560.29	36.6612	183	179	0	2560.29	0	0
2331	C	C	2528.33	36.6576	181	177	0	2528.33	0	0
2332	C	C	2467.69	36.6482	176	172	0	2467.69	0	0
2333	C	C	2454.87	36.6557	180	173	0	2454.87	0	0
2334	A	A	2476.71	36.6576	181	181	2476.71	0	0	0
2335	A	A	2461.48	36.6557	180	180	2461.48	0	0	0
2336	A	A	2501.02	36.6576	181	181	2501.02	0	0	0
2337	A	A	2568.53	36.6629	184	184	2568.53	0	0	0
2338	C	C	2606.93	36.3599	187	182	0	2606.93	0	0
2339	T	T	2510.31	36.3567	186	186	0	0	0	2510.31
2340	T	T	2510.68	36.3599	187	187	0	0	0	2510.68
2341	A	A	2612.84	36.363	188	188	2612.84	0	0	0
2342	A	A	2652.26	36.3784	193	193	2652.26	0	0	0
2343	T	T	2591.36	36.3754	192	192	0	0	0	2591.36
2344	A	A	2664.1	36.3724	191	191	2664.1	0	0	0
2345	C	C	2627.04	36.3814	194	186	0	2627.04	0	0
2346	A	A	2639.02	36.3724	191	191	2639.02	0	0	0
2347	A	A	2619.22	36.3662	189	189	2619.22	0	0	0
2348	T	T	2680.93	36.3693	190	190	0	0	0	2680.93
2349	A	A	2584.22	36.072	187	187	2584.22	0	0	0
2350	C	C	2576.68	36.0809	189	181	0	2576.68	0	0
2351	C	C	2656.14	36.072	187	184	0	2656.14	0	0
2352	A	A	2563.78	35.8132	189	189	2563.78	0	0	0
2353	C	C	2643.27	35.7908	185	183	0	2643.27	0	0
2354	A	A	2478.52	35.7908	185	185	2478.52	0	0	0
2355	C	C	2552.54	35.5413	186	178	0	2552.54	0	0
2356	C	C	2583.94	35.2927	185	180	0	2583.94	0	0
2357	C	C	2422.16	35.5142	182	173	0	2422.16	0	0
2358	A	A	2458.73	35.5279	184	184	2458.73	0	0	0
2359	A	A	2506.64	35.5346	185	185	2506.64	0	0	0
2360	C	C	2562.8	35.5002	180	178	0	2562.8	0	0
2361	A	A	2373.83	35.2211	176	176	2373.83	0	0	0
2362	C	C	2364.52	34.7797	178	168	0	2364.52	0	0
2363	C	C	2453.78	34.7797	178	172	0	2453.78	0	0
2364	C	C	2497.27	34.7699	177	174	0	2497.27	0	0
2365	C	C	2487.95	34.9844	176	173	0	2487.95	0	0
2366	C	C	2383.29	34.9566	173	167	0	2383.29	0	0
2367	A	A	2418.82	34.9659	174	174	2418.82	0	0	0
2368	C	C	2423.19	34.9936	177	170	0	2423.19	0	0
2369	T	T	2418.12	34.9844	176	176	0	0	0	2418.12
2370	A	A	2421.68	34.9844	176	176	2421.68	0	0	0
2371	A	A	2413.98	35.0026	178	178	2413.98	0	0	0
2372	C	C	2437.35	34.9936	177	171	0	2437.35	0	0
2373	A	A	2404.57	34.9936	177	177	2404.57	0	0	0
2374	A	A	2413.98	35.0026	178	178	2413.98	0	0	0
2375	T	T	2435.66	35.0026	178	178	0	0	0	2435.66
2376	T	T	2419.95	35.0115	179	179	0	0	0	2419.95
2377	A	A	2439.05	35.0115	179	179	2439.05	0	0	0
2378	A	A	2435.02	35.2376	178	178	2435.02	0	0	0
2379	A	A	2448.24	35.2695	182	182	2448.24	0	0	0
2380	A	A	2426.96	35.2457	179	179	2426.96	0	0	0
2381	C	C	2528.65	35.2457	179	176	0	2528.65	0	0
2382	T	T	2449.09	35.2616	181	181	0	0	0	2449.09
2383	A	A	2453.84	35.2537	180	180	2453.84	0	0	0
2384	A	A	2516.73	34.8367	184	184	2516.73	0	0	0
2385	C	C	2555.78	34.8086	181	178	0	2555.78	0	0
2386	C	C	2417.73	34.799	180	171	0	2417.73	0	0
2387	C	C	2424.61	35.0026	178	171	0	2424.61	0	0
2388	C	C	2385.6	34.9844	176	168	0	2385.6	0	0
2389	C	C	2497.09	34.9566	173	172	0	2497.09	0	0
2390	C	C	2449.31	34.9752	175	171	0	2449.31	0	0
2391	G	G	2463.03	34.9659	174	171	0	0	2463.03	0
2392	T	T	2449.69	35.2457	179	179	0	0	0	2449.69
2393	A	A	2507.88	35.2537	180	180	2507.88	0	0	0
2394	A	A	2524.94	35.2695	182	182	2524.94	0	0	0
2395	A	A	2534	35.2616	181	181	2534	0	0	0
2396	T	T	2444.18	35.2537	180	180	0	0	0	2444.18
2397	G	G	2554.2	35.2616	181	178	0	0	2554.2	0
2398	G	G	2625.86	35.3079	187	183	0	0	2625.86	0
2399	G	G	2634.09	35.5479	187	183	0	0	2634.09	0
2400	A	A	2562.18	35.5413	186	186	2562.18	0	0	0
2401	G	G	2534.81	35.7908	185	178	0	0	2534.81	0
2402	A	A	2583.8	35.8077	188	188	2583.8	0	0	0
2403	A	A	2633.83	36.0809	189	189	2633.83	0	0	0
2404	G	G	2792.52	36.1023	194	193	0	0	2792.52	0
2405	G	G	2744	36.1146	197	192	0	0	2744	0
2406	C	C	2730.56	36.3902	197	191	0	2730.56	0	0
2407	T	T	2665.78	36.4015	201	201	0	0	0	2665.78
2408	T	T	2738.43	36.4204	208	208	0	0	0	2738.43
2409	A	A	2888.46	36.4256	210	210	2888.46	0	0	0
2410	G	G	2918.86	36.7005	208	204	0	0	2918.86	0
2411	A	A	2880.08	36.7005	208	208	2880.08	0	0	0
2412	A	A	2883.27	36.7005	208	208	2883.27	0	0	0
2413	G	G	2923.89	36.7019	209	204	0	0	2923.89	0
2414	A	A	2979.13	36.7073	213	213	2979.13	0	0	0
2415	G	G	3038.4	36.7073	213	210	0	0	3038.4	0
2416	A	A	3038.39	36.7138	218	218	3038.39	0	0	0
2417	A	A	3019.31	36.7163	220	220	3019.31	0	0	0
2418	C	C	2906.21	36.7176	221	207	0	2906.21	0	0
2419	C	C	3181.49	36.4616	225	221	0	3181.49	0	0
2420	C	C	3098.14	36.4638	226	218	0	3098.14	0	0
2421	T	T	3072.09	36.4593	224	224	0	0	0	3072.09
2422	A	A	3020.13	36.457	223	223	3020.13	0	0	0
2423	C	C	3183.74	36.457	223	221	0	3183.74	0	0
2424	A	A	3053.24	36.4704	229	229	3053.24	0	0	0
2425	A	A	3033.17	36.7224	225	225	3033.17	0	0	0
2426	A	A	2976.25	36.7163	220	220	2976.25	0	0	0
2427	A	A	2940.78	36.71	215	215	2940.78	0	0	0
2428	C	C	2998.94	36.7073	213	209	0	2998.94	0	0
2429	C	C	3072.12	36.7113	216	213	0	3072.12	0	0
2430	C	C	2999.01	36.7125	217	210	0	2999.01	0	0
2431	A	A	2987.56	36.7138	218	218	2987.56	0	0	0
2432	T	T	2970.92	36.7163	220	220	0	0	0	2970.92
2433	C	C	2985.52	36.72	223	212	0	2985.52	0	0
2434	A	A	2991.92	36.7151	219	219	2991.92	0	0	0
2435	C	C	3084.95	36.7163	220	215	0	3084.95	0	0
2436	A	A	2893.27	36.7073	213	212	2893.27	0	0	0
2437	A	A	2860.95	36.7033	210	210	2860.95	0	0	0
2438	A	A	2845.07	36.7005	208	208	2845.07	0	0	0
2439	A	A	2836.5	36.6991	207	207	2836.5	0	0	0
2440	A	A	2901.04	36.7033	210	210	2901.04	0	0	0
2441	C	C	2943.09	36.7046	211	205	0	2943.09	0	0
2442	G	G	2820.08	36.7046	211	199	0	0	2820.08	0
2443	A	A	2831.73	36.6991	207	207	2831.73	0	0	0
2444	C	C	2853.84	37	206	200	0	2853.84	0	0
2445	A	A	2892.49	37	211	211	2892.49	0	0	0
2446	C	C	2863.46	37	209	202	0	2863.46	0	0
2447	T	T	2857.61	37	207	207	0	0	0	2857.61
2448	T	T	2833.73	37	207	207	0	0	0	2833.73
2449	A	A	2837.32	37	208	208	2837.32	0	0	0
2450	A	A	2848	37	210	210	2848	0	0	0
2451	A	A	2800.37	37	207	207	2800.37	0	0	0
2452	A	A	2861.14	37	209	209	2861.14	0	0	0
2453	T	T	2824.3	37	207	207	0	0	0	2824.3
2454	A	A	2822.06	37	207	207	2822.06	0	0	0
2455	A	A	2830.38	37	209	209	2830.38	0	0	0
2456	A	A	2792.89	37	207	207	2792.89	0	0	0
2457	T	T	2838.36	37	205	205	0	0	0	2838.36
2458	A	A	2722.97	37	203	203	2722.97	0	0	0
2459	C	C	2747.75	37	200	193	0	2747.75	0	0
2460	A	A	2675.03	37	200	200	2675.03	0	0	0
2461	A	A	2719.92	37	201	201	2719.92	0	0	0
2462	T	T	2740	37	202	202	0	0	0	2740
2463	A	A	2782.55	37	203	203	2782.55	0	0	0
2464	T	T	2698.07	37	201	201	0	0	0	2698.07
2465	A	A	2747.24	37	197	197	2747.24	0	0	0
2466	C	C	2823.64	37	199	196	0	2823.64	0	0
2467	A	A	2756.01	37	199	199	2756.01	0	0	0
2468	T	T	2772.3	37	200	200	0	0	0	2772.3
2469	T	T	2800.26	37	200	200	0	0	0	2800.26
2470	G	G	2738.48	37	196	191	0	0	2738.48	0
2471	T	T	2736.82	37	194	194	0	0	0	2736.82
2472	C	C	2737.6	37	192	190	0	2737.6	0	0
2473	A	A	2536.79	37	187	187	2536.79	0	0	0
2474	T	T	2580.53	37	186	186	0	0	0	2580.53
2475	T	T	2563.55	37	187	187	0	0	0	2563.55
2476	A	A	2560.49	37	186	186	2560.49	0	0	0
2477	T	T	2529.18	37	185	185	0	0	0	2529.18
2478	T	T	2568.62	37	193	193	0	0	0	2568.62
2479	C	C	2662.12	37	193	187	0	2662.12	0	0
2480	C	C	2668.14	37	195	188	0	2668.14	0	0
2481	C	C	2660.59	37	192	186	0	2660.59	0	0
2482	A	A	2592.83	37	192	192	2592.83	0	0	0
2483	C	C	2703.13	37	192	188	0	2703.13	0	0
2484	A	A	2655.79	37	192	192	2655.79	0	0	0
2485	T	T	2621.37	37	197	197	0	0	0	2621.37
2486	G	G	2720.16	37	197	191	0	0	2720.16	0
2487	G	G	2773.38	37	198	193	0	0	2773.38	0
2488	A	A	2788.33	37	201	201	2788.33	0	0	0
2489	A	A	2804.02	37	203	203	2804.02	0	0	0
2490	T	T	2779.72	37	203	203	0	0	0	2779.72
2491	C	C	2944.33	37	206	204	0	2944.33	0	0
2492	T	T	2823.95	37	209	209	0	0	0	2823.95
2493	A	A	2902.6	37	210	210	2902.6	0	0	0
2494	A	A	2898.34	37	211	211	2898.34	0	0	0
2495	C	C	2895.07	37	208	202	0	2895.07	0	0
2496	C	C	2939.69	37	210	205	0	2939.69	0	0
2497	A	A	2850.14	37	208	208	2850.14	0	0	0
2498	T	T	2886.71	37	210	210	0	0	0	2886.71
2499	G	G	2878.06	37	209	203	0	0	2878.06	0
2500	A	A	2791.08	37	205	205	2791.08	0	0	0
2501	C	C	2943.24	37	208	205	0	2943.24	0	0
2502	T	T	2840.12	37	207	207	0	0	0	2840.12
2503	A	A	2814.77	37	207	207	2814.77	0	0	0
2504	G	G	2898.56	37	208	203	0	0	2898.56	0
2505	T	T	2786.79	37	205	205	0	0	0	2786.79
2506	G	G	2929.09	37	203	202	0	0	2929.09	0
2507	A	A	2804.55	37	203	203	2804.55	0	0	0
2508	C	C	2791.59	36.6963	205	196	0	2791.59	0	0
2509	A	A	2860.49	36.7005	208	208	2860.49	0	0	0
2510	T	T	2871.38	36.7019	209	209	0	0	0	2871.38
2511	G	G	2937.66	36.7019	209	205	0	0	2937.66	0
2512	A	A	2865.11	36.7019	209	208	2865.11	0	0	0
2513	A	A	2922.15	36.7073	213	213	2922.15	0	0	0
2514	A	A	2876.18	36.7046	211	211	2876.18	0	0	0
2515	A	A	2853.8	36.706	212	212	2853.8	0	0	0
2516	A	A	2821.69	36.7005	208	208	2821.69	0	0	0
2517	T	T	2858.04	36.6963	205	205	0	0	0	2858.04
2518	C	C	2800.18	36.6949	204	197	0	2800.18	0	0
2519	A	A	2820.78	36.6949	204	204	2820.78	0	0	0
2520	C	C	2876.51	36.6905	201	199	0	2876.51	0	0
2521	C	C	2764.89	36.6919	202	195	0	2764.89	0	0
2522	G	G	2916.78	36.6977	206	203	0	0	2916.78	0
2523	T	T	2808.85	36.6991	207	207	0	0	0	2808.85
2524	T	T	2829.99	36.6963	205	205	0	0	0	2829.99
2525	G	G	2829.39	36.6934	203	198	0	0	2829.39	0
2526	T	T	2790.85	36.6949	204	204	0	0	0	2790.85
2527	A	A	2779.76	36.6963	205	205	2779.76	0	0	0
2528	C	C	2841.62	36.6977	206	200	0	2841.62	0	0
2529	T	T	2834.34	36.6977	206	206	0	0	0	2834.34
2530	T	T	2756.21	37	202	202	0	0	0	2756.21
2531	C	C	2803.34	37	201	196	0	2803.34	0	0
2532	A	A	2758.46	37	203	203	2758.46	0	0	0
2533	A	A	2705.92	37	200	200	2705.92	0	0	0
2534	C	C	2817.49	37	204	198	0	2817.49	0	0
2535	T	T	2777.34	37	205	204	0	0	0	2777.34
2536	A	A	2734.38	37	206	206	2734.38	0	0	0
2537	C	C	2863.78	37	202	199	0	2863.78	0	0
2538	A	A	2688.96	37	198	198	2688.96	0	0	0
2539	A	A	2655.89	37	195	195	2655.89	0	0	0
2540	G	G	2679.85	37	193	187	0	0	2679.85	0
2541	A	A	2623.69	37	192	192	2623.69	0	0	0
2542	A	A	2641.31	37	190	190	2641.31	0	0	0
2543	C	C	2668.1	37	191	186	0	2668.1	0	0
2544	C	C	2740.72	37	192	190	0	2740.72	0	0
2545	T	T	2636.82	37	196	196	0	0	0	2636.82
2546	T	T	2658.29	37	196	196	0	0	0	2658.29
2547	A	A	2740.08	37	200	200	2740.08	0	0	0
2548	A	A	2728.95	37	201	201	2728.95	0	0	0
2549	T	T	2678.65	37	196	196	0	0	0	2678.65
2550	G	G	2682.63	37	198	189	0	0	2682.63	0
2551	A	A	2677.41	37	200	200	2677.41	0	0	0
2552	C	C	2782.41	37	200	194	0	2782.41	0	0
2553	C	C	2762.51	37	199	194	0	2762.51	0	0
2554	A	A	2678.72	37	197	197	2678.72	0	0	0
2555	A	A	2703.79	37	200	200	2703.79	0	0	0
2556	C	C	2725.31	37	197	191	0	2725.31	0	0
2557	A	A	2676.52	37	196	196	2676.52	0	0	0
2558	T	T	2664.56	37	198	198	0	0	0	2664.56
2559	C	C	2796.81	37	199	195	0	2796.81	0	0
2560	C	C	2705.92	37	192	188	0	2705.92	0	0
2561	G	G	2677.05	37	189	186	0	0	2677.05	0
2562	A	A	2642.87	37	192	192	2642.87	0	0	0
2563	A	A	2635.93	37	193	193	2635.93	0	0	0
2564	A	A	2691.96	37	197	196	2691.96	0	0	0
2565	A	A	2763.97	37	200	200	2763.97	0	0	0
2566	A	A	2737.33	37	197	197	2737.33	0	0	0
2567	C	C	2715.8	36.6859	198	191	0	2715.8	0	0
2568	C	C	2783.81	36.6905	201	195	0	2783.81	0	0
2569	C	C	2704.72	36.6905	201	192	0	2704.72	0	0
2570	A	A	2807.72	36.6963	205	205	2807.72	0	0	0
2571	C	C	2727.54	36.7005	208	195	0	2727.54	0	0
2572	C	C	2952.54	36.4204	208	205	0	2952.54	0	0
2573	C	C	2787.49	36.4151	206	197	0	2787.49	0	0
2574	A	A	2805.53	36.4015	201	201	2805.53	0	0	0
2575	T	T	2782.4	36.4015	201	201	0	0	0	2782.4
2576	T	T	2774.85	36.3902	197	197	0	0	0	2774.85
2577	A	A	2688.83	36.3902	197	197	2688.83	0	0	0
2578	G	G	2818.23	36.4043	202	197	0	0	2818.23	0
2579	C	C	2857.01	36.4015	201	198	0	2857.01	0	0
2580	T	T	2765.24	36.4043	202	202	0	0	0	2765.24
2581	A	A	2788.42	36.4043	202	202	2788.42	0	0	0
2582	A	A	2784.42	36.407	203	203	2784.42	0	0	0
2583	A	A	2796.05	36.4098	204	204	2796.05	0	0	0
2584	A	A	2802.02	36.4124	205	205	2802.02	0	0	0
2585	T	T	2785.97	36.407	203	203	0	0	0	2785.97
2586	C	C	2890.97	36.3987	200	200	0	2890.97	0	0
2587	A	A	2758.44	36.4015	201	201	2758.44	0	0	0
2588	T	T	2774.13	36.3987	200	200	0	0	0	2774.13
2589	C	C	2795.61	36.407	203	197	0	2795.61	0	0
2590	A	A	2799.47	36.4151	206	206	2799.47	0	0	0
2591	A	A	2796.4	36.4124	205	205	2796.4	0	0	0
2592	C	C	2811.82	36.4015	201	196	0	2811.82	0	0
2593	A	A	2679.67	36.3931	198	198	2679.67	0	0	0
2594	A	A	2696.92	36.3987	200	200	2696.92	0	0	0
2595	C	C	2797.44	36.3931	198	194	0	2797.44	0	0
2596	T	T	2761.69	36.3959	199	199	0	0	0	2761.69
2597	C	C	2800.53	36.3931	198	195	0	2800.53	0	0
2598	A	A	2702.39	36.3814	194	194	2702.39	0	0	0
2599	T	T	2675.82	36.3902	197	197	0	0	0	2675.82
2600	T	T	2674.71	36.6828	196	196	0	0	0	2674.71
2601	T	T	2684.98	36.6828	196	196	0	0	0	2684.98
2602	A	A	2720.57	36.6875	199	199	2720.57	0	0	0
2603	T	T	2732.65	36.6875	199	199	0	0	0	2732.65
2604	T	T	2734.74	36.6859	198	198	0	0	0	2734.74
2605	G	G	2815.1	36.689	200	196	0	0	2815.1	0
2606	A	A	2719.49	36.6875	199	199	2719.49	0	0	0
2607	T	T	2712.83	37	199	199	0	0	0	2712.83
2608	C	C	2790.66	36.4098	204	196	0	2790.66	0	0
2609	T	T	2744.09	36.4098	204	204	0	0	0	2744.09
2610	T	T	2759.51	36.4204	208	208	0	0	0	2759.51
2611	C	C	2872.17	36.4204	208	202	0	2872.17	0	0
2612	C	C	2803.31	36.4256	210	199	0	2803.31	0	0
2613	A	A	2772.17	36.4151	206	206	2772.17	0	0	0
2614	A	A	2683.05	36.4015	201	201	2683.05	0	0	0
2615	C	C	2717.06	36.3931	198	191	0	2717.06	0	0
2616	A	A	2654.88	36.3902	197	197	2654.88	0	0	0
2617	C	C	2710.6	36.3844	195	190	0	2710.6	0	0
2618	C	C	2675.3	36.3902	197	189	0	2675.3	0	0
2619	A	A	2633.09	36.3724	191	191	2633.09	0	0	0
2620	T	T	2624.5	36.3693	190	190	0	0	0	2624.5
2621	C	C	2620.06	36.0938	192	184	0	2620.06	0	0
2622	A	A	2675.93	36.0809	189	189	2675.93	0	0	0
2623	A	A	2705.51	36.0938	192	192	2705.51	0	0	0
2624	A	A	2706.27	36.1023	194	194	2706.27	0	0	0
2625	C	C	2800.22	36.1106	196	194	0	2800.22	0	0
2626	A	A	2823.47	36.1422	204	204	2823.47	0	0	0
2627	T	T	2784	36.1498	206	206	0	0	0	2784
2628	C	C	2811.75	35.6689	207	198	0	2811.75	0	0
2629	T	T	2779.64	35.8997	206	206	0	0	0	2779.64
2630	C	C	2837.3	35.8902	204	198	0	2837.3	0	0
2631	A	A	2835.97	35.9044	207	207	2835.97	0	0	0
2632	G	G	2832.94	35.8854	203	198	0	0	2832.94	0
2633	C	C	2767.34	35.8756	201	194	0	2767.34	0	0
2634	A	A	2850.96	35.9044	207	207	2850.96	0	0	0
2635	T	T	2849.82	35.9318	213	213	0	0	0	2849.82
2636	G	G	2938.37	35.9362	214	207	0	0	2938.37	0
2637	A	A	2893.71	35.9406	215	215	2893.71	0	0	0
2638	T	T	2869.98	36.1787	214	214	0	0	0	2869.98
2639	G	G	2972.96	36.1787	214	208	0	0	2972.96	0
2640	A	A	2846.69	36.1752	213	213	2846.69	0	0	0
2641	A	A	2808.35	36.1681	211	211	2808.35	0	0	0
2642	A	A	2794.65	35.9044	207	207	2794.65	0	0	0
2643	C	C	2859.38	35.6689	207	200	0	2859.38	0	0
2644	T	T	2798.97	35.6577	205	205	0	0	0	2798.97
2645	T	T	2769.18	35.652	204	203	0	0	0	2769.18
2646	T	T	2748.67	35.6406	202	202	0	0	0	2748.67
2647	G	G	2923.5	35.6744	208	204	0	0	2923.5	0
2648	G	G	2923.44	35.6798	209	204	0	0	2923.44	0
2649	A	A	2785.11	35.9044	207	207	2785.11	0	0	0
2650	T	T	2791.95	35.9137	209	209	0	0	0	2791.95
2651	C	C	2944.78	36.1645	210	206	0	2944.78	0	0
2652	C	C	2857.37	36.146	205	200	0	2857.37	0	0
2653	C	C	2881.23	35.9137	209	202	0	2881.23	0	0
2654	T	T	2782.51	35.9044	207	207	0	0	0	2782.51
2655	C	C	2876.35	35.8997	206	201	0	2876.35	0	0
2656	C	C	2875.09	35.9044	207	201	0	2875.09	0	0
2657	T	T	2835.75	35.9091	208	208	0	0	0	2835.75
2658	T	T	2834.78	35.9137	209	208	0	0	0	2834.78
2659	G	G	2807.07	35.895	205	197	0	0	2807.07	0
2660	G	G	2845.86	35.8902	204	199	0	0	2845.86	0
2661	A	A	2708.6	35.8756	201	201	2708.6	0	0	0
2662	G	G	2763.4	36.1267	200	194	0	0	2763.4	0
2663	T	T	2740	36.1106	196	196	0	0	0	2740
2664	G	G	2730.38	36.1146	197	191	0	0	2730.38	0
2665	T	T	2693.16	36.3844	195	195	0	0	0	2693.16
2666	G	G	2799.02	36.6844	197	194	0	0	2799.02	0
2667	T	T	2700.47	36.689	200	200	0	0	0	2700.47
2668	T	T	2683.37	36.6859	198	198	0	0	0	2683.37
2669	T	T	2718.19	36.6949	204	204	0	0	0	2718.19
2670	A	A	2814.42	36.6949	204	204	2814.42	0	0	0
2671	A	A	2867.34	36.6963	205	205	2867.34	0	0	0
2672	T	T	2789.08	36.6991	207	207	0	0	0	2789.08
2673	T	T	2797.57	36.6977	206	206	0	0	0	2797.57
2674	C	C	2921.86	36.7019	209	204	0	2921.86	0	0
2675	T	T	2858.53	36.7019	209	209	0	0	0	2858.53
2676	A	A	2873.22	36.7046	211	211	2873.22	0	0	0
2677	C	C	2880.07	36.7033	210	203	0	2880.07	0	0
2678	A	A	2818.48	36.6977	206	206	2818.48	0	0	0
2679	G	G	2839.84	36.6991	207	200	0	0	2839.84	0
2680	A	A	2744.58	36.6949	204	204	2744.58	0	0	0
2681	T	T	2827.15	36.6949	204	204	0	0	0	2827.15
2682	T	T	2827.06	36.6949	204	204	0	0	0	2827.06
2683	C	C	2764.22	36.6919	202	194	0	2764.22	0	0
2684	T	T	2746.5	36.6875	199	199	0	0	0	2746.5
2685	A	A	2706.91	36.6875	199	199	2706.91	0	0	0
2686	A	A	2766.44	36.6949	204	204	2766.44	0	0	0
2687	C	C	2816.03	36.6991	207	199	0	2816.03	0	0
2688	A	A	2795.61	36.6991	207	207	2795.61	0	0	0
2689	G	G	2903.42	36.6991	207	203	0	0	2903.42	0
2690	G	G	2888.07	36.6963	205	201	0	0	2888.07	0
2691	C	C	2814.68	36.6977	206	199	0	2814.68	0	0
2692	C	C	2871.62	36.7033	210	202	0	2871.62	0	0
2693	T	T	2801.44	37	206	206	0	0	0	2801.44
2694	G	G	2808.53	37	202	197	0	0	2808.53	0
2695	T	T	2817.5	37	206	206	0	0	0	2817.5
2696	T	T	2836.95	37	206	206	0	0	0	2836.95
2697	T	T	2885.6	37	208	208	0	0	0	2885.6
2698	C	C	2956.41	37	208	205	0	2956.41	0	0
2699	T	T	2898.38	37	211	211	0	0	0	2898.38
2700	A	A	2885.55	37	213	213	2885.55	0	0	0
2701	G	G	2888.54	37	210	203	0	0	2888.54	0
2702	C	C	2970.2	37	210	207	0	2970.2	0	0
2703	C	C	2808.48	37	207	198	0	2808.48	0	0
2704	A	A	2801.87	37	207	207	2801.87	0	0	0
2705	T	T	2860.68	37	207	207	0	0	0	2860.68
2706	A	A	2872.01	37	210	210	2872.01	0	0	0
2707	C	C	2827.23	37	207	199	0	2827.23	0	0
2708	A	A	2808.6	37	204	204	2808.6	0	0	0
2709	C	C	2878.42	37	205	201	0	2878.42	0	0
2710	T	T	2828.99	37	210	210	0	0	0	2828.99
2711	A	A	2881.17	37	213	213	2881.17	0	0	0
2712	T	T	2854.15	37	208	208	0	0	0	2854.15
2713	A	A	2844.11	37	207	207	2844.11	0	0	0
2714	C	C	2848.94	37	207	200	0	2848.94	0	0
2715	A	A	2843.39	37	204	204	2843.39	0	0	0
2716	T	T	2837.4	36.6977	206	206	0	0	0	2837.4
2717	C	C	2949.66	36.7005	208	205	0	2949.66	0	0
2718	A	A	2854.18	36.6991	207	207	2854.18	0	0	0
2719	G	G	2945.67	36.7033	210	206	0	0	2945.67	0
2720	A	A	2873.65	36.7046	211	211	2873.65	0	0	0
2721	C	C	3041.82	36.7046	211	210	0	3041.82	0	0
2722	A	A	2872.14	36.71	215	215	2872.14	0	0	0
2723	C	C	2999.08	36.7073	213	209	0	2999.08	0	0
2724	A	A	2911.51	36.7086	214	214	2911.51	0	0	0
2725	A	A	2837.99	36.6991	207	207	2837.99	0	0	0
2726	C	C	2917.11	36.4204	208	203	0	2917.11	0	0
2727	C	C	2852.38	36.1535	207	200	0	2852.38	0	0
2728	A	A	2890	36.1645	210	210	2890	0	0	0
2729	C	C	2887.87	36.1609	209	202	0	2887.87	0	0
2730	A	A	2841.93	36.1609	209	209	2841.93	0	0	0
2731	G	G	2798	36.1572	208	198	0	0	2798	0
2732	C	C	2865.62	36.1498	206	201	0	2865.62	0	0
2733	T	T	2842.82	36.1422	204	204	0	0	0	2842.82
2734	T	T	2807.89	36.1422	204	204	0	0	0	2807.89
2735	T	T	2784.56	36.1306	201	201	0	0	0	2784.56
2736	T	T	2711.92	36.1146	197	197	0	0	0	2711.92
2737	T	T	2764.29	36.1345	202	202	0	0	0	2764.29
2738	C	C	2743.6	36.1187	198	192	0	2743.6	0	0
2739	A	A	2729.39	36.1106	196	196	2729.39	0	0	0
2740	T	T	2749.41	36.1306	201	201	0	0	0	2749.41
2741	C	C	2819.64	36.1187	198	196	0	2819.64	0	0
2742	A	A	2759.23	36.1306	201	201	2759.23	0	0	0
2743	G	G	2866.07	35.8902	204	200	0	0	2866.07	0
2744	T	T	2822.52	35.9273	212	212	0	0	0	2822.52
2745	C	C	2980.27	35.9273	212	208	0	2980.27	0	0
2746	A	A	2848	35.9044	207	207	2848	0	0	0
2747	C	C	2830.47	35.6798	209	200	0	2830.47	0	0
2748	C	C	2960.21	35.7169	216	208	0	2960.21	0	0
2749	C	C	2924.41	35.722	217	207	0	2924.41	0	0
2750	A	A	2988.11	35.7065	214	214	2988.11	0	0	0
2751	C	C	2927.77	35.696	212	205	0	2927.77	0	0
2752	A	A	2920.94	35.6853	210	210	2920.94	0	0	0
2753	T	T	2924.42	35.6853	210	210	0	0	0	2924.42
2754	T	T	2973.23	35.7013	213	213	0	0	0	2973.23
2755	T	T	2998.71	35.7169	216	216	0	0	0	2998.71
2756	G	G	3041.43	35.7321	219	213	0	0	3041.43	0
2757	C	C	3010.69	35.7321	219	212	0	3010.69	0	0
2758	C	C	3080.92	35.7421	221	215	0	3080.92	0	0
2759	G	G	3096.14	35.7568	224	217	0	0	3096.14	0
2760	A	A	3063.39	35.7519	223	223	3063.39	0	0	0
2761	G	G	3169.14	35.747	222	220	0	0	3169.14	0
2762	A	A	3091.42	35.7758	228	228	3091.42	0	0	0
2763	C	C	3095.69	35.7804	229	219	0	3095.69	0	0
2764	G	G	3180.03	35.7758	228	222	0	0	3180.03	0
2765	T	T	3097.85	35.7711	227	227	0	0	0	3097.85
2766	T	T	3023.31	36.2058	222	222	0	0	0	3023.31
2767	C	C	2966.12	36.1925	218	210	0	2966.12	0	0
2768	A	A	2938.6	36.1857	216	216	2938.6	0	0	0
2769	C	C	2997.54	36.1787	214	209	0	2997.54	0	0
2770	T	T	3002.09	36.1787	214	214	0	0	0	3002.09
2771	A	A	2842.39	36.1681	211	211	2842.39	0	0	0
2772	C	C	2809.93	36.1609	209	199	0	2809.93	0	0
2773	G	G	2898.75	36.1498	206	202	0	0	2898.75	0
2774	G	G	2752.66	36.1422	204	194	0	0	2752.66	0
2775	G	G	2770.66	36.146	205	195	0	0	2770.66	0
2776	T	T	2783.5	36.1384	203	203	0	0	0	2783.5
2777	G	G	2770.81	36.4043	202	195	0	0	2770.81	0
2778	A	A	2767.55	36.4043	202	202	2767.55	0	0	0
2779	G	G	2797.65	36.4043	202	196	0	0	2797.65	0
2780	T	T	2744.62	36.4015	201	201	0	0	0	2744.62
2781	T	T	2735.75	36.3902	197	197	0	0	0	2735.75
2782	A	A	2675.05	36.3931	198	198	2675.05	0	0	0
2783	T	T	2742.44	36.1227	199	199	0	0	0	2742.44
2784	C	C	2785.37	35.8657	199	194	0	2785.37	0	0
2785	C	C	2735.08	35.8657	199	192	0	2735.08	0	0
2786	G	G	2806.24	35.8707	200	196	0	0	2806.24	0
2787	A	A	2730.02	35.8657	199	199	2730.02	0	0	0
2788	T	T	2698.3	35.8606	198	198	0	0	0	2698.3
2789	A	A	2723.62	35.8707	200	200	2723.62	0	0	0
2790	T	T	2691.74	35.8504	196	196	0	0	0	2691.74
2791	G	G	2791.87	35.8348	193	193	0	0	2791.87	0
2792	T	T	2725.86	35.8657	199	199	0	0	0	2725.86
2793	A	A	2686.96	35.8657	199	199	2686.96	0	0	0
2794	C	C	2701.27	36.1267	200	192	0	2701.27	0	0
2795	A	A	2630.9	36.1023	194	194	2630.9	0	0	0
2796	T	T	2634.56	36.0981	193	193	0	0	0	2634.56
2797	G	G	2691.24	36.0896	191	187	0	0	2691.24	0
2798	C	C	2683.87	36.1064	195	188	0	2683.87	0	0
2799	A	A	2649.27	36.1023	194	194	2649.27	0	0	0
2800	A	A	2677.3	36.0981	193	193	2677.3	0	0	0
2801	A	A	2691.38	36.0896	191	191	2691.38	0	0	0
2802	T	T	2600.48	36.0896	191	191	0	0	0	2600.48
2803	G	G	2644.16	36.0938	192	186	0	0	2644.16	0
2804	G	G	2679.23	36.0896	191	187	0	0	2679.23	0
2805	A	A	2620.68	36.0938	192	192	2620.68	0	0	0
2806	G	G	2603.57	36.0938	192	183	0	0	2603.57	0
2807	C	C	2664.02	36.3693	190	186	0	2664.02	0	0
2808	C	C	2625.67	36.1023	194	186	0	2625.67	0	0
2809	T	T	2640.33	36.1106	196	196	0	0	0	2640.33
2810	C	C	2695.91	36.1146	197	190	0	2695.91	0	0
2811	C	C	2703.31	36.1187	198	190	0	2703.31	0	0
2812	A	A	2641.5	36.0938	192	192	2641.5	0	0	0
2813	T	T	2627.59	36.0938	192	192	0	0	0	2627.59
2814	G	G	2642.08	36.0852	190	185	0	0	2642.08	0
2815	T	T	2615.24	36.0809	189	189	0	0	0	2615.24
2816	T	T	2572.03	36.0584	184	184	0	0	0	2572.03
2817	C	C	2630.65	36.0584	184	182	0	2630.65	0	0
2818	T	T	2505.08	36.0348	179	179	0	0	0	2505.08
2819	T	T	2515.31	36.0397	180	180	0	0	0	2515.31
2820	T	T	2446.16	36.0151	175	175	0	0	0	2446.16
2821	A	A	2323.48	36.0049	173	173	2323.48	0	0	0
2822	T	T	2405.89	35.9998	172	172	0	0	0	2405.89
2823	C	C	2382.55	35.9893	170	166	0	2382.55	0	0
2824	T	T	2323.27	36.2852	166	166	0	0	0	2323.27
2825	G	G	2213.25	36.2772	164	156	0	0	2213.25	0
2826	C	C	2311.58	36.2812	165	161	0	2311.58	0	0
2827	C	C	2320.62	35.9785	168	163	0	2320.62	0	0
2828	T	T	2257.66	36.2852	166	166	0	0	0	2257.66
2829	A	A	2272.37	36.3008	170	170	2272.37	0	0	0
2830	T	T	2226.41	36.2892	167	167	0	0	0	2226.41
2831	T	T	2265.03	36.2969	169	169	0	0	0	2265.03
2832	C	C	2416.43	36.3008	170	168	0	2416.43	0	0
2833	A	A	2319.98	36.3045	171	171	2319.98	0	0	0
2834	T	T	2230.24	36.269	162	162	0	0	0	2230.24
2835	G	G	2336.21	36.2812	165	162	0	0	2336.21	0
2836	C	C	2303.49	36.2812	165	161	0	2303.49	0	0
2837	A	A	2294.78	36.2852	166	166	2294.78	0	0	0
2838	C	C	2292.73	36.2772	164	160	0	2292.73	0	0
2839	G	G	2321.05	36.2731	163	161	0	0	2321.05	0
2840	T	T	2313.31	36.6279	166	166	0	0	0	2313.31
2841	A	A	2301.72	36.6363	170	170	2301.72	0	0	0
2842	G	G	2409.47	36.6404	172	168	0	0	2409.47	0
2843	G	G	2440.62	36.6443	174	170	0	0	2440.62	0
2844	A	A	2398.08	36.6443	174	174	2398.08	0	0	0
2845	C	C	2357.71	36.6404	172	166	0	2357.71	0	0
2846	G	G	2452.33	36.6443	174	171	0	0	2452.33	0
2847	G	G	2500.01	36.6501	177	174	0	0	2500.01	0
2848	G	G	2472.76	36.6539	179	173	0	0	2472.76	0
2849	G	G	2476.19	36.6501	177	173	0	0	2476.19	0
2850	C	C	2488.07	36.6557	180	174	0	2488.07	0	0
2851	C	C	2540.56	36.6629	184	178	0	2540.56	0	0
2852	T	T	2522.88	37	186	186	0	0	0	2522.88
2853	G	G	2616.74	37	185	182	0	0	2616.74	0
2854	T	T	2513.04	37	188	188	0	0	0	2513.04
2855	A	A	2592.09	37	189	189	2592.09	0	0	0
2856	C	C	2559.82	37	192	182	0	2559.82	0	0
2857	T	T	2614.82	37	195	195	0	0	0	2614.82
2858	A	A	2588.15	37	193	193	2588.15	0	0	0
2859	T	T	2623.13	37	191	191	0	0	0	2623.13
2860	G	G	2552.97	37	186	179	0	0	2552.97	0
2861	G	G	2574.39	37	182	179	0	0	2574.39	0
2862	C	C	2495.59	37	181	175	0	2495.59	0	0
2863	T	T	2503.05	37	182	182	0	0	0	2503.05
2864	C	C	2423.25	37	180	171	0	2423.25	0	0
2865	A	A	2450.47	37	182	182	2450.47	0	0	0
2866	T	T	2411.95	37	179	179	0	0	0	2411.95
2867	A	A	2470.83	37	179	179	2470.83	0	0	0
2868	C	C	2477.04	37	178	173	0	2477.04	0	0
2869	C	C	2536.59	37	181	177	0	2536.59	0	0
2870	T	T	2460.64	37	183	183	0	0	0	2460.64
2871	A	A	2577.31	37	184	184	2577.31	0	0	0
2872	T	T	2517.44	37	186	186	0	0	0	2517.44
2873	T	T	2504.54	37	184	184	0	0	0	2504.54
2874	C	C	2612.97	37	186	182	0	2612.97	0	0
2875	T	T	2642.08	37	192	192	0	0	0	2642.08
2876	C	C	2676.17	37	192	187	0	2676.17	0	0
2877	A	A	2548.25	37	191	191	2548.25	0	0	0
2878	G	G	2609.38	37	188	183	0	0	2609.38	0
2879	A	A	2516.67	37	186	186	2516.67	0	0	0
2880	A	A	2444.58	37	181	181	2444.58	0	0	0
2881	A	A	2498.28	37	185	185	2498.28	0	0	0
2882	C	C	2559.29	37	182	178	0	2559.29	0	0
2883	A	A	2432.96	37	183	183	2432.96	0	0	0
2884	T	T	2501.05	37	184	184	0	0	0	2501.05
2885	G	G	2591.73	37	184	181	0	0	2591.73	0
2886	A	A	2410.56	37	181	181	2410.56	0	0	0
2887	A	A	2387.13	37	174	174	2387.13	0	0	0
2888	A	A	2399.07	37	174	174	2399.07	0	0	0
2889	C	C	2396.94	37	173	168	0	2396.94	0	0
2890	A	A	2365.06	37	173	173	2365.06	0	0	0
2891	T	T	2384.58	37	174	174	0	0	0	2384.58
2892	T	T	2398.02	37	175	175	0	0	0	2398.02
2893	G	G	2461.61	37	177	173	0	0	2461.61	0
2894	G	G	2453.46	36.6463	175	171	0	0	2453.46	0
2895	C	C	2336.08	36.6482	176	166	0	2336.08	0	0
2896	A	A	2407.52	36.6404	172	172	2407.52	0	0	0
2897	T	T	2371.7	36.6443	174	174	0	0	0	2371.7
2898	T	T	2379.75	36.6424	173	173	0	0	0	2379.75
2899	A	A	2430.16	36.6482	176	176	2430.16	0	0	0
2900	T	T	2464.73	36.6557	180	180	0	0	0	2464.73
2901	T	T	2467.87	36.6629	184	184	0	0	0	2467.87
2902	C	C	2481.58	36.6612	183	175	0	2481.58	0	0
2903	T	T	2449.29	36.3469	183	183	0	0	0	2449.29
2904	C	C	2613.24	36.0938	192	184	0	2613.24	0	0
2905	C	C	2629.41	36.0852	190	184	0	2629.41	0	0
2906	T	T	2584.15	36.0896	191	191	0	0	0	2584.15
2907	A	A	2527.09	36.0675	186	186	2527.09	0	0	0
2908	T	T	2587.1	36.0938	192	192	0	0	0	2587.1
2909	T	T	2585.52	36.0765	188	188	0	0	0	2585.52
2910	T	T	2563.76	36.072	187	187	0	0	0	2563.76
2911	A	A	2574.62	36.0809	189	189	2574.62	0	0	0
2912	C	C	2638.95	36.072	187	184	0	2638.95	0	0
2913	A	A	2568.78	36.0675	186	186	2568.78	0	0	0
2914	G	G	2668.99	36.0765	188	185	0	0	2668.99	0
2915	T	T	2529.14	36.0675	186	186	0	0	0	2529.14
2916	T	T	2567.63	36.072	187	187	0	0	0	2567.63
2917	A	A	2630.2	36.0981	193	193	2630.2	0	0	0
2918	T	T	2595.9	36.0896	191	191	0	0	0	2595.9
2919	A	A	2595.81	36.0896	191	191	2595.81	0	0	0
2920	G	G	2626.43	36.0896	191	184	0	0	2626.43	0
2921	C	C	2661.6	36.0981	193	187	0	2661.6	0	0
2922	C	C	2726.43	36.3873	196	191	0	2726.43	0	0
2923	A	A	2654.62	36.1023	194	194	2654.62	0	0	0
2924	C	C	2593.2	36.0981	193	184	0	2593.2	0	0
2925	C	C	2772.61	36.1106	196	193	0	2772.61	0	0
2926	G	G	2793.35	35.8606	198	194	0	0	2793.35	0
2927	C	C	2704.98	35.8805	202	192	0	2704.98	0	0
2928	A	A	2822.18	36.1422	204	204	2822.18	0	0	0
2929	T	T	2745.99	36.1498	206	206	0	0	0	2745.99
2930	T	T	2824.36	36.1717	212	212	0	0	0	2824.36
2931	T	T	2834.78	36.1681	211	211	0	0	0	2834.78
2932	A	A	2952.65	36.1572	208	208	2952.65	0	0	0
2933	T	T	2860.87	36.1609	209	209	0	0	0	2860.87
2934	A	A	2988.49	36.1681	211	211	2988.49	0	0	0
2935	G	G	3046.19	36.1822	215	212	0	0	3046.19	0
2936	G	G	3123.77	36.1959	219	216	0	0	3123.77	0
2937	A	A	3141	36.4593	224	224	3141	0	0	0
2938	T	T	3063.09	36.4616	225	225	0	0	0	3063.09
2939	A	A	3081.32	36.4638	226	226	3081.32	0	0	0
2940	C	C	3228.03	36.228	229	225	0	3228.03	0	0
2941	G	G	3081.15	36.2342	231	219	0	0	3081.15	0
2942	T	T	3192.77	36.2342	231	231	0	0	0	3192.77
2943	C	C	3115.49	36.2123	224	218	0	3115.49	0	0
2944	C	C	3019.47	36.1891	217	211	0	3019.47	0	0
2945	T	T	3052.34	36.1992	220	220	0	0	0	3052.34
2946	A	A	3008.17	36.1992	220	220	3008.17	0	0	0
2947	C	C	3077.57	35.962	220	214	0	3077.57	0	0
2948	C	C	3077.42	35.962	220	214	0	3077.42	0	0
2949	C	C	3007.48	35.945	216	210	0	3007.48	0	0
2950	T	T	2979.13	35.9406	215	215	0	0	0	2979.13
2951	G	G	3055.38	35.9578	219	213	0	0	3055.38	0
2952	A	A	3021.55	35.9493	217	217	3021.55	0	0	0
2953	G	G	3059.77	35.9536	218	213	0	0	3059.77	0
2954	G	G	3045.8	35.9578	219	213	0	0	3045.8	0
2955	C	C	3048.29	35.9662	221	214	0	3048.29	0	0
2956	C	C	3172.62	35.9866	226	221	0	3172.62	0	0
2957	A	A	3094.18	35.9866	226	226	3094.18	0	0	0
2958	A	A	3074.58	36.2218	227	227	3074.58	0	0	0
2959	A	A	3112.36	36.2311	230	230	3112.36	0	0	0
2960	T	T	3088.54	36.2311	230	230	0	0	0	3088.54
2961	G	G	3232.55	36.2342	231	226	0	0	3232.55	0
2962	T	T	3117.84	35.9985	229	229	0	0	0	3117.84
2963	C	C	3068.23	36.2025	221	215	0	3068.23	0	0
2964	C	C	3044.84	35.9906	227	215	0	3044.84	0	0
2965	T	T	3142.49	36.0214	235	235	0	0	0	3142.49
2966	T	T	3191.69	36.0432	241	241	0	0	0	3191.69
2967	C	C	3114.03	36.0176	234	222	0	3114.03	0	0
2968	T	T	3127.69	36.0214	235	235	0	0	0	3127.69
2969	G	G	3340.02	36.0138	233	231	0	0	3340.02	0
2970	A	A	3247.45	36.0214	235	235	3247.45	0	0	0
2971	G	G	3241.82	36.0176	234	227	0	0	3241.82	0
2972	G	G	3279.08	36.0176	234	229	0	0	3279.08	0
2973	A	A	3217.13	36.0214	235	235	3217.13	0	0	0
2974	G	G	3365.26	36.0288	237	234	0	0	3365.26	0
2975	C	C	3339.2	36.0324	238	233	0	3339.2	0	0
2976	G	G	3343.78	36.0214	235	232	0	0	3343.78	0
2977	A	A	3292.77	36.0288	237	237	3292.77	0	0	0
2978	C	C	3335.54	36.0288	237	232	0	3335.54	0	0
2979	T	T	3270.3	35.8251	239	239	0	0	0	3270.3
2980	G	G	3248.55	35.8077	235	228	0	0	3248.55	0
2981	T	T	3264.66	35.8165	237	237	0	0	0	3264.66
2982	C	C	3287.85	35.604	235	229	0	3287.85	0	0
2983	A	A	3243.87	35.604	235	235	3243.87	0	0	0
2984	T	T	3238.93	35.5989	234	234	0	0	0	3238.93
2985	C	C	3311.96	35.8077	235	230	0	3311.96	0	0
2986	A	A	3253.62	35.8251	239	239	3253.62	0	0	0
2987	C	C	3395.55	35.8746	251	240	0	3395.55	0	0
2988	C	C	3446.11	36.0776	251	243	0	3446.11	0	0
2989	A	A	3378.84	36.0709	249	249	3378.84	0	0	0
2990	A	A	3342.87	36.2662	242	242	3342.87	0	0	0
2991	T	T	3296.22	36.2717	244	244	0	0	0	3296.22
2992	C	C	3417.27	36.2577	239	237	0	3417.27	0	0
2993	T	T	3329.72	36.2606	240	240	0	0	0	3329.72
2994	A	A	3236.37	36.2549	238	238	3236.37	0	0	0
2995	C	C	3436.32	36.0538	244	239	0	3436.32	0	0
2996	T	T	3322.86	36.0468	242	242	0	0	0	3322.86
2997	A	A	3253.54	36.0397	240	240	3253.54	0	0	0
2998	T	T	3249.52	36.0324	238	238	0	0	0	3249.52
2999	C	C	3331.96	36.0176	234	232	0	3331.96	0	0
3000	G	G	3135.2	35.9945	228	220	0	0	3135.2	0
3001	G	G	3143.38	36.2218	227	221	0	0	3143.38	0
3002	C	C	3146.89	36.2249	228	221	0	3146.89	0	0
3003	C	C	3244.74	36.2187	226	224	0	3244.74	0	0
3004	A	A	2973.89	36.1959	219	219	2973.89	0	0	0
3005	T	T	3031.36	36.1891	217	217	0	0	0	3031.36
3006	T	T	3005.44	36.4306	212	212	0	0	0	3005.44
3007	C	C	3020.82	36.4306	212	209	0	3020.82	0	0
3008	C	C	2838.81	36.1609	209	200	0	2838.81	0	0
3009	C	C	2928.99	36.1717	212	205	0	2928.99	0	0
3010	T	T	2933.37	36.1752	213	213	0	0	0	2933.37
3011	A	A	2900.43	36.1752	213	213	2900.43	0	0	0
3012	T	T	2914.12	36.1787	214	214	0	0	0	2914.12
3013	A	A	2949.33	36.1857	216	216	2949.33	0	0	0
3014	T	T	2898.8	36.1717	212	212	0	0	0	2898.8
3015	C	C	2920.76	36.1787	214	206	0	2920.76	0	0
3016	G	G	3007.77	36.1752	213	209	0	0	3007.77	0
3017	G	G	2922.43	36.1609	209	204	0	0	2922.43	0
3018	A	A	2827.21	36.1572	208	208	2827.21	0	0	0
3019	A	A	2794.41	36.1535	207	207	2794.41	0	0	0
3020	C	C	2892.75	35.895	205	201	0	2892.75	0	0
3021	G	G	2823.05	35.9044	207	200	0	0	2823.05	0
3022	G	G	2820.16	35.6463	203	198	0	0	2820.16	0
3023	A	A	2701.01	35.623	199	199	2701.01	0	0	0
3024	C	C	2733.59	35.5865	193	190	0	2733.59	0	0
3025	C	C	2675.44	35.3516	193	187	0	2675.44	0	0
3026	T	T	2686.4	35.3727	196	196	0	0	0	2686.4
3027	G	G	2649.94	35.3373	191	186	0	0	2649.94	0
3028	G	G	2665.59	35.3445	192	187	0	0	2665.59	0
3029	T	T	2621.32	35.3373	191	191	0	0	0	2621.32
3030	A	A	2515.87	35.3079	187	187	2515.87	0	0	0
3031	G	G	2590.54	35.5413	186	182	0	0	2590.54	0
3032	A	A	2552.82	35.5675	190	190	2552.82	0	0	0
3033	A	A	2560.47	35.5739	191	191	2560.47	0	0	0
3034	T	T	2581.65	35.5739	191	191	0	0	0	2581.65
3035	G	G	2670.46	35.561	189	186	0	0	2670.46	0
3036	A	A	2566.58	35.5802	192	192	2566.58	0	0	0
3037	A	A	2507.21	35.561	189	189	2507.21	0	0	0
3038	T	T	2540.1	35.5545	188	188	0	0	0	2540.1
3039	C	C	2595.15	35.5545	188	182	0	2595.15	0	0
3040	T	T	2496.28	35.5346	185	185	0	0	0	2496.28
3041	G	G	2462.96	35.5072	181	173	0	0	2462.96	0
3042	A	A	2472.15	36.0397	180	180	2472.15	0	0	0
3043	G	G	2594.26	36.0538	183	180	0	0	2594.26	0
3044	G	G	2592.07	36.3435	182	180	0	0	2592.07	0
3045	G	G	2498.64	36.3264	177	174	0	0	2498.64	0
3046	G	G	2545.58	36.3368	180	177	0	0	2545.58	0
3047	G	G	2457.41	36.3299	178	172	0	0	2457.41	0
3048	C	C	2441.36	36.6501	177	171	0	2441.36	0	0
3049	T	T	2438.6	36.6463	175	175	0	0	0	2438.6
3050	T	T	2403.22	36.6443	174	174	0	0	0	2403.22
3051	T	T	2430.3	36.6443	174	174	0	0	0	2430.3
3052	T	T	2379.61	36.6384	171	171	0	0	0	2379.61
3053	C	C	2419.14	36.6384	171	168	0	2419.14	0	0
3054	C	C	2382.7	36.6322	168	166	0	2382.7	0	0
3055	G	G	2362.55	36.6301	167	164	0	0	2362.55	0
3056	T	T	2270.84	36.6279	166	166	0	0	0	2270.84
3057	A	A	2274.37	36.6301	167	167	2274.37	0	0	0
3058	G	G	2303.13	36.6343	169	162	0	0	2303.13	0
3059	A	A	2321.51	36.6322	168	168	2321.51	0	0	0
3060	T	T	2353.13	37	173	173	0	0	0	2353.13
3061	A	A	2381.29	37	171	171	2381.29	0	0	0
3062	A	A	2423.86	37	173	173	2423.86	0	0	0
3063	A	A	2475.31	37	177	177	2475.31	0	0	0
3064	G	G	2470.96	37	175	172	0	0	2470.96	0
3065	C	C	2518.74	37	175	174	0	2518.74	0	0
3066	G	G	2293.59	37	175	165	0	0	2293.59	0
3067	A	A	2376.51	37	177	177	2376.51	0	0	0
3068	C	C	2402.08	37	178	170	0	2402.08	0	0
3069	T	T	2470.1	37	179	179	0	0	0	2470.1
3070	C	C	2451.1	37	176	171	0	2451.1	0	0
3071	T	T	2311.61	37	167	167	0	0	0	2311.61
3072	A	A	2370.79	36.6384	171	171	2370.79	0	0	0
3073	A	A	2339.19	36.6343	169	169	2339.19	0	0	0
3074	C	C	2406.27	36.6424	173	168	0	2406.27	0	0
3075	A	A	2419.47	36.6501	177	177	2419.47	0	0	0
3076	C	C	2424.56	36.6557	180	171	0	2424.56	0	0
3077	G	G	2512.46	36.6539	179	175	0	0	2512.46	0
3078	A	A	2398.93	36.6463	175	175	2398.93	0	0	0
3079	T	T	2361.56	36.6404	172	172	0	0	0	2361.56
3080	T	T	2375.62	36.6404	172	172	0	0	0	2375.62
3081	C	C	2547.82	36.6539	179	177	0	2547.82	0	0
3082	T	T	2443.66	36.6576	181	181	0	0	0	2443.66
3083	T	T	2443.81	36.6557	180	180	0	0	0	2443.81
3084	T	T	2416.67	36.6557	180	180	0	0	0	2416.67
3085	G	G	2390.64	36.6463	175	169	0	0	2390.64	0
3086	C	C	2511.44	36.6539	179	175	0	2511.44	0	0
3087	T	T	2452.89	36.6539	179	179	0	0	0	2452.89
3088	T	T	2417.91	37	178	178	0	0	0	2417.91
3089	T	T	2370.31	37	173	173	0	0	0	2370.31
3090	C	C	2498.7	36.6501	177	174	0	2498.7	0	0
3091	C	C	2381.21	36.652	178	169	0	2381.21	0	0
3092	A	A	2367.72	36.6404	172	172	2367.72	0	0	0
3093	C	C	2442.31	36.6463	175	171	0	2442.31	0	0
3094	T	T	2379.87	36.6501	177	177	0	0	0	2379.87
3095	T	T	2379.22	36.6501	177	177	0	0	0	2379.22
3096	T	T	2435.88	36.6557	180	180	0	0	0	2435.88
3097	A	A	2340.46	36.6463	175	175	2340.46	0	0	0
3098	T	T	2378.91	36.6443	174	174	0	0	0	2378.91
3099	T	T	2365.6	36.6404	172	172	0	0	0	2365.6
3100	C	C	2343.55	36.6363	170	165	0	2343.55	0	0
3101	T	T	2336.37	36.6404	172	172	0	0	0	2336.37
3102	C	C	2319.11	36.3192	175	165	0	2319.11	0	0
3103	C	C	2372.49	36.3192	175	168	0	2372.49	0	0
3104	C	C	2486.12	36.03	178	174	0	2486.12	0	0
3105	G	G	2464.36	36.03	178	172	0	0	2464.36	0
3106	T	T	2407.84	36.03	178	178	0	0	0	2407.84
3107	T	T	2456.73	36.0397	180	180	0	0	0	2456.73
3108	C	C	2439.82	36.0251	177	171	0	2439.82	0	0
3109	A	A	2407.46	36.01	174	174	2407.46	0	0	0
3110	T	T	2440.99	36.0201	176	176	0	0	0	2440.99
3111	C	C	2456.35	36.0151	175	171	0	2456.35	0	0
3112	A	A	2446.75	36.0201	176	176	2446.75	0	0	0
3113	T	T	2445.36	36.0201	176	176	0	0	0	2445.36
3114	C	C	2405.93	36.0201	176	169	0	2405.93	0	0
3115	C	C	2455.28	36.03	178	172	0	2455.28	0	0
3116	T	T	2436.67	36.03	178	178	0	0	0	2436.67
3117	A	A	2466.36	36.0348	179	179	2466.36	0	0	0
3118	G	G	2502	36.0397	180	175	0	0	2502	0
3119	C	C	2558.05	36.3469	183	179	0	2558.05	0	0
3120	A	A	2527.65	36.3534	185	185	2527.65	0	0	0
3121	C	C	2581.6	36.3534	185	180	0	2581.6	0	0
3122	T	T	2507.31	36.3567	186	186	0	0	0	2507.31
3123	A	A	2531.12	36.3534	185	185	2531.12	0	0	0
3124	G	G	2634.59	36.3754	192	185	0	0	2634.59	0
3125	C	C	2615.78	36.3814	194	185	0	2615.78	0	0
3126	A	A	2658.89	36.3814	194	193	2658.89	0	0	0
3127	G	G	2806.89	36.3931	198	195	0	0	2806.89	0
3128	C	C	2716.04	36.3873	196	190	0	2716.04	0	0
3129	A	A	2736.41	36.3931	198	198	2736.41	0	0	0
3130	G	G	2839.07	36.4015	201	198	0	0	2839.07	0
3131	T	T	2700.64	36.3902	197	197	0	0	0	2700.64
3132	C	C	2777.65	36.3959	199	194	0	2777.65	0	0
3133	C	C	2684.27	36.3902	197	189	0	2684.27	0	0
3134	A	A	2715.69	36.3959	199	199	2715.69	0	0	0
3135	C	C	2746.33	36.3931	198	192	0	2746.33	0	0
3136	C	C	2840.86	36.3873	196	196	0	2840.86	0	0
3137	T	T	2655.83	36.3693	190	190	0	0	0	2655.83
3138	A	A	2601.08	36.3754	192	192	2601.08	0	0	0
3139	T	T	2661.31	36.3724	191	191	0	0	0	2661.31
3140	T	T	2663.47	36.3754	192	192	0	0	0	2663.47
3141	G	G	2496.52	36.3662	189	178	0	0	2496.52	0
3142	T	T	2561.81	36.6699	188	188	0	0	0	2561.81
3143	T	T	2558.96	36.6664	186	186	0	0	0	2558.96
3144	C	C	2606.36	37	188	182	0	2606.36	0	0
3145	C	C	2613.21	37	187	183	0	2613.21	0	0
3146	T	T	2531.62	37	185	184	0	0	0	2531.62
3147	A	A	2508.6	37	182	181	2508.6	0	0	0
3148	C	C	2578.19	37	179	178	0	2578.19	0	0
3149	A	A	2447.76	37	178	178	2447.76	0	0	0
3150	C	C	2497.32	37	178	174	0	2497.32	0	0
3151	G	G	2560.96	37	182	178	0	0	2560.96	0
3152	A	A	2516.18	36.6629	184	184	2516.18	0	0	0
3153	A	A	2534.24	36.6647	185	185	2534.24	0	0	0
3154	A	A	2528.93	36.6612	183	183	2528.93	0	0	0
3155	C	C	2541.28	36.6576	181	177	0	2541.28	0	0
3156	A	A	2545.85	36.6629	184	184	2545.85	0	0	0
3157	G	G	2639.92	36.6647	185	183	0	0	2639.92	0
3158	G	G	2529.62	36.6629	184	177	0	0	2529.62	0
3159	A	A	2456.87	36.6539	179	179	2456.87	0	0	0
3160	T	T	2510.89	36.652	178	178	0	0	0	2510.89
3161	C	C	2537.69	36.0397	180	176	0	2537.69	0	0
3162	C	C	2530.14	36.0444	181	176	0	2530.14	0	0
3163	A	A	2481.13	36.072	187	187	2481.13	0	0	0
3164	A	A	2525.63	36.0809	189	189	2525.63	0	0	0
3165	C	C	2490.74	36.063	185	176	0	2490.74	0	0
3166	A	A	2406.04	36.0251	177	177	2406.04	0	0	0
3167	A	A	2415.44	36.0201	176	176	2415.44	0	0	0
3168	C	C	2368.38	35.7495	178	168	0	2368.38	0	0
3169	C	C	2530.92	35.7616	180	176	0	2530.92	0	0
3170	C	C	2595.39	35.7734	182	180	0	2595.39	0	0
3171	C	C	2482.52	35.7433	177	173	0	2482.52	0	0
3172	T	T	2444.72	35.7734	182	182	0	0	0	2444.72
3173	C	C	2543.92	35.7616	180	177	0	2543.92	0	0
3174	T	T	2407.52	35.7555	179	179	0	0	0	2407.52
3175	G	G	2467.97	35.7495	178	174	0	0	2467.97	0
3176	G	G	2455.79	35.7555	179	173	0	0	2455.79	0
3177	A	A	2422.04	35.7616	180	180	2422.04	0	0	0
3178	A	A	2409.36	36.0201	176	176	2409.36	0	0	0
3179	T	T	2369.74	36.0201	176	176	0	0	0	2369.74
3180	C	C	2361.08	36.0201	176	168	0	2361.08	0	0
3181	C	C	2472	36.0201	176	172	0	2472	0	0
3182	C	C	2433.02	36.0049	173	170	0	2433.02	0	0
3183	A	A	2361.91	36.0049	173	173	2361.91	0	0	0
3184	T	T	2433.99	36.0251	177	177	0	0	0	2433.99
3185	C	C	2465.07	36.0151	175	172	0	2465.07	0	0
3186	T	T	2400.82	36.0201	176	176	0	0	0	2400.82
3187	G	G	2518.6	36.0251	177	175	0	0	2518.6	0
3188	A	A	2425.46	36.3264	177	177	2425.46	0	0	0
3189	C	C	2431.36	36.3192	175	171	0	2431.36	0	0
3190	T	T	2411.63	36.3228	176	175	0	0	0	2411.63
3191	C	C	2429.52	36.3264	177	170	0	2429.52	0	0
3192	A	A	2389.49	36.3192	175	174	2389.49	0	0	0
3193	G	G	2447.42	36.3228	176	171	0	0	2447.42	0
3194	A	A	2358.29	36.3228	176	176	2358.29	0	0	0
3195	C	C	2529.05	36.3435	182	177	0	2529.05	0	0
3196	A	A	2362.53	36.652	178	178	2362.53	0	0	0
3197	A	A	2330.06	36.6443	174	174	2330.06	0	0	0
3198	A	A	2299.67	36.6343	169	169	2299.67	0	0	0
3199	A	A	2330.13	36.2969	169	169	2330.13	0	0	0
3200	T	T	2303.44	36.2892	167	167	0	0	0	2303.44
3201	C	C	2287.01	36.2931	168	161	0	2287.01	0	0
3202	C	C	2325.98	36.2969	169	164	0	2325.98	0	0
3203	C	C	2346.67	36.2931	168	164	0	2346.67	0	0
3204	A	A	2327.63	36.3083	172	172	2327.63	0	0	0
3205	T	T	2364.59	36.3083	172	172	0	0	0	2364.59
3206	T	T	2316.34	36.6343	169	168	0	0	0	2316.34
3207	C	C	2407.16	36.6322	168	167	0	2407.16	0	0
3208	C	C	2343.31	36.6301	167	163	0	2343.31	0	0
3209	A	A	2344.29	36.6322	168	168	2344.29	0	0	0
3210	T	T	2281.87	36.6343	169	169	0	0	0	2281.87
3211	C	C	2480.06	36.6424	173	172	0	2480.06	0	0
3212	C	C	2337.1	36.6539	179	168	0	2337.1	0	0
3213	A	A	2435.26	36.6463	175	175	2435.26	0	0	0
3214	T	T	2401.8	36.6482	176	176	0	0	0	2401.8
3215	A	A	2506.37	36.6612	183	183	2506.37	0	0	0
3216	C	C	2551.44	36.6612	183	178	0	2551.44	0	0
3217	T	T	2481.83	36.6594	182	182	0	0	0	2481.83
3218	A	A	2511.89	36.6629	184	184	2511.89	0	0	0
3219	T	T	2512.98	36.6699	188	188	0	0	0	2512.98
3220	A	A	2576.01	36.6664	186	186	2576.01	0	0	0
3221	C	C	2510.91	36.6612	183	177	0	2510.91	0	0
3222	A	A	2553.41	36.6664	186	186	2553.41	0	0	0
3223	A	A	2539.84	36.6647	185	185	2539.84	0	0	0
3224	T	T	2579.35	36.6699	188	187	0	0	0	2579.35
3225	T	T	2595.17	36.6699	188	187	0	0	0	2595.17
3226	A	A	2605.04	36.6715	189	189	2605.04	0	0	0
3227	A	A	2592.91	36.6699	188	188	2592.91	0	0	0
3228	G	G	2577.98	36.6699	188	181	0	0	2577.98	0
3229	G	G	2695.43	36.6765	192	188	0	0	2695.43	0
3230	A	A	2652.16	36.6781	193	193	2652.16	0	0	0
3231	T	T	2650.02	36.6813	195	195	0	0	0	2650.02
3232	A	A	2667.27	36.6828	196	196	2667.27	0	0	0
3233	T	T	2660.41	36.6813	195	195	0	0	0	2660.41
3234	T	T	2646.93	36.6781	193	193	0	0	0	2646.93
3235	C	C	2747.64	36.6781	193	191	0	2747.64	0	0
3236	T	T	2609.51	36.6732	190	190	0	0	0	2609.51
3237	A	A	2628.53	36.6765	192	192	2628.53	0	0	0
3238	G	G	2678.72	36.6699	188	186	0	0	2678.72	0
3239	G	G	2672.12	36.6781	193	187	0	0	2672.12	0
3240	C	C	2609.16	36.6844	197	187	0	2609.16	0	0
3241	G	G	2782.92	36.1345	202	196	0	0	2782.92	0
3242	C	C	2766.58	36.1345	202	194	0	2766.58	0	0
3243	C	C	2714.43	36.1187	198	191	0	2714.43	0	0
3244	C	C	2727.34	36.1064	195	190	0	2727.34	0	0
3245	T	T	2692.17	36.1106	196	196	0	0	0	2692.17
3246	A	A	2642.15	36.0981	193	193	2642.15	0	0	0
3247	C	C	2755.41	36.0938	192	191	0	2755.41	0	0
3248	T	T	2674.73	36.1064	195	195	0	0	0	2674.73
3249	T	T	2679.89	36.3902	197	197	0	0	0	2679.89
3250	C	C	2801.44	36.3902	197	195	0	2801.44	0	0
3251	T	T	2709.62	36.146	205	205	0	0	0	2709.62
3252	C	C	2836.15	35.8902	204	199	0	2836.15	0	0
3253	A	A	2790.54	35.8854	203	203	2790.54	0	0	0
3254	C	C	2754.49	35.4262	204	194	0	2754.49	0	0
3255	C	C	2777.34	35.4066	201	195	0	2777.34	0	0
3256	C	C	2727.63	35.3932	199	192	0	2727.63	0	0
3257	T	T	2768.13	35.4066	201	201	0	0	0	2768.13
3258	A	A	2842.52	35.4454	207	207	2842.52	0	0	0
3259	G	G	2807.2	35.4454	207	198	0	0	2807.2	0
3260	C	C	2883.47	35.4327	205	201	0	2883.47	0	0
3261	C	C	2903.05	35.2468	209	203	0	2903.05	0	0
3262	T	T	2840.72	35.2259	206	206	0	0	0	2840.72
3263	T	T	2835.98	35.2329	207	207	0	0	0	2835.98
3264	A	A	2801.25	35.4262	204	204	2801.25	0	0	0
3265	G	G	2878.06	35.4262	204	200	0	0	2878.06	0
3266	C	C	2869.27	35.4197	203	200	0	2869.27	0	0
3267	A	A	2812.56	35.4327	205	205	2812.56	0	0	0
3268	A	A	2786.89	35.6406	202	202	2786.89	0	0	0
3269	C	C	2805.38	35.6463	203	197	0	2805.38	0	0
3270	C	C	2889.18	35.6689	207	202	0	2889.18	0	0
3271	C	C	2893.93	35.4517	208	202	0	2893.93	0	0
3272	T	T	2843.01	35.4517	208	208	0	0	0	2843.01
3273	A	A	2837.83	35.4641	210	210	2837.83	0	0	0
3274	G	G	2915.68	35.2329	207	203	0	0	2915.68	0
3275	T	T	2785.48	35.1971	202	202	0	0	0	2785.48
3276	C	C	2761.21	35.1749	199	193	0	2761.21	0	0
3277	C	C	2777.28	34.9913	202	195	0	2777.28	0	0
3278	T	T	2822.39	34.8285	206	206	0	0	0	2822.39
3279	A	A	2805.66	34.8118	204	204	2805.66	0	0	0
3280	T	T	2777.48	34.7775	200	200	0	0	0	2777.48
3281	T	T	2806.93	34.8033	203	203	0	0	0	2806.93
3282	C	C	2894.85	34.7862	201	200	0	2894.85	0	0
3283	T	T	2773.5	34.7775	200	200	0	0	0	2773.5
3284	C	C	2801.7	34.6248	204	196	0	2801.7	0	0
3285	G	G	2734.37	34.6158	203	193	0	0	2734.37	0
3286	C	C	2849.63	34.8285	206	200	0	2849.63	0	0
3287	C	C	2883.85	35.0604	211	204	0	2883.85	0	0
3288	C	C	2948.04	35.053	210	206	0	2948.04	0	0
3289	G	G	2890.57	35.0455	209	202	0	0	2890.57	0
3290	A	A	2811.1	35.4391	206	206	2811.1	0	0	0
3291	C	C	2866.54	35.6406	202	199	0	2866.54	0	0
3292	T	T	2766.57	35.8657	199	199	0	0	0	2766.57
3293	T	T	2779.37	35.8756	201	201	0	0	0	2779.37
3294	A	A	2820.14	35.9044	207	207	2820.14	0	0	0
3295	C	C	2928.98	35.9091	208	204	0	2928.98	0	0
3296	T	T	2783.76	35.8902	204	204	0	0	0	2783.76
3297	A	A	2787.31	35.8756	201	201	2787.31	0	0	0
3298	G	G	2822.36	35.8657	199	196	0	0	2822.36	0
3299	G	G	2680.32	36.1187	198	190	0	0	2680.32	0
3300	A	A	2748.28	36.3873	196	196	2748.28	0	0	0
3301	G	G	2755.83	36.1267	200	194	0	0	2755.83	0
3302	A	A	2793.91	36.407	203	203	2793.91	0	0	0
3303	C	C	2820.36	36.1384	203	197	0	2820.36	0	0
3304	C	C	2832.11	36.1535	207	199	0	2832.11	0	0
3305	C	C	2887.95	36.1535	207	202	0	2887.95	0	0
3306	T	T	2800.33	36.1422	204	204	0	0	0	2800.33
3307	G	G	2781.8	36.1384	203	196	0	0	2781.8	0
3308	A	A	2764.91	36.1498	206	206	2764.91	0	0	0
3309	T	T	2823.97	36.1498	206	206	0	0	0	2823.97
3310	A	A	2744.6	36.1422	204	204	2744.6	0	0	0
3311	A	A	2713.04	36.1267	200	200	2713.04	0	0	0
3312	C	C	2731.24	36.1187	198	192	0	2731.24	0	0
3313	T	T	2693.34	36.1106	196	196	0	0	0	2693.34
3314	A	A	2744.57	36.1306	201	201	2744.57	0	0	0
3315	T	T	2727.27	36.1345	202	202	0	0	0	2727.27
3316	A	A	2743.05	36.1306	201	201	2743.05	0	0	0
3317	T	T	2692.56	36.1227	199	199	0	0	0	2692.56
3318	C	C	2722.72	36.1187	198	191	0	2722.72	0	0
3319	C	C	2793.89	35.8657	199	195	0	2793.89	0	0
3320	C	C	2778.97	35.8657	199	194	0	2778.97	0	0
3321	C	C	2828.44	35.8805	202	197	0	2828.44	0	0
3322	G	G	2783.13	35.8657	199	194	0	0	2783.13	0
3323	C	C	2660.36	35.5927	194	187	0	2660.36	0	0
3324	A	A	2657.12	35.8294	192	192	2657.12	0	0	0
3325	A	A	2645.27	35.8452	195	195	2645.27	0	0	0
3326	A	A	2663.49	35.8504	196	196	2663.49	0	0	0
3327	T	T	2663.04	35.8504	196	196	0	0	0	2663.04
3328	C	C	2729.44	35.8504	196	191	0	2729.44	0	0
3329	C	C	2786.42	35.8756	201	196	0	2786.42	0	0
3330	A	A	2748.85	35.8657	199	199	2748.85	0	0	0
3331	C	C	2690.63	35.8756	201	191	0	2690.63	0	0
3332	T	T	2712.55	35.8707	200	200	0	0	0	2712.55
3333	G	G	2838.36	35.8756	201	197	0	0	2838.36	0
3334	A	A	2808.75	35.8805	202	202	2808.75	0	0	0
3335	G	G	2812.37	35.8997	206	197	0	0	2812.37	0
3336	C	C	2820.92	36.1422	204	198	0	2820.92	0	0
3337	A	A	2810.05	36.1384	203	203	2810.05	0	0	0
3338	C	C	2861.13	36.146	205	200	0	2861.13	0	0
3339	C	C	2915.02	35.9137	209	204	0	2915.02	0	0
3340	C	C	2933.42	35.6689	207	204	0	2933.42	0	0
3341	C	C	2878.9	35.652	204	200	0	2878.9	0	0
3342	A	A	2807.35	35.4262	204	204	2807.35	0	0	0
3343	C	C	2773.14	35.4066	201	195	0	2773.14	0	0
3344	C	C	2762.34	35.4327	205	196	0	2762.34	0	0
3345	C	C	2706.72	35.2044	203	193	0	2706.72	0	0
3346	C	C	2886.46	35.2468	209	202	0	2886.46	0	0
3347	A	A	2891	35.2468	209	209	2891	0	0	0
3348	C	C	2900.57	35.2537	210	203	0	2900.57	0	0
3349	A	A	2888.34	35.2605	211	211	2888.34	0	0	0
3350	T	T	2939.64	35.2873	215	215	0	0	0	2939.64
3351	C	C	3025.64	35.2673	212	210	0	3025.64	0	0
3352	A	A	2866.24	34.8692	211	211	2866.24	0	0	0
3353	A	A	2813.39	34.8449	208	208	2813.39	0	0	0
3354	A	A	2833.2	34.8531	209	209	2833.2	0	0	0
3355	C	C	2894.22	34.8367	207	202	0	2894.22	0	0
3356	C	C	2820.21	34.8118	204	198	0	2820.21	0	0
3357	C	C	2851.72	34.8118	204	199	0	2851.72	0	0
3358	G	G	2858.12	34.7862	201	198	0	0	2858.12	0
3359	A	A	2774.76	34.7862	201	201	2774.76	0	0	0
3360	G	G	2770.43	34.7331	195	192	0	0	2770.43	0
3361	T	T	2765.68	34.76	198	198	0	0	0	2765.68
3362	G	G	2745.23	34.7862	201	193	0	0	2745.23	0
3363	G	G	2839.57	34.9671	199	197	0	0	2839.57	0
3364	T	T	2755.47	35.3864	198	198	0	0	0	2755.47
3365	A	A	2698.44	35.3864	198	198	2698.44	0	0	0
3366	C	C	2762.43	35.3932	199	193	0	2762.43	0	0
3367	T	T	2779.87	35.6463	203	203	0	0	0	2779.87
3368	T	T	2746.94	35.6406	202	202	0	0	0	2746.94
3369	T	T	2750.08	35.652	204	204	0	0	0	2750.08
3370	C	C	2708.47	35.6463	203	192	0	2708.47	0	0
3371	T	T	2750.6	35.6463	203	203	0	0	0	2750.6
3372	A	A	2779.04	35.4391	206	206	2779.04	0	0	0
3373	T	T	2788.46	35.4454	207	207	0	0	0	2788.46
3374	T	T	2834.27	35.4579	209	209	0	0	0	2834.27
3375	T	T	2835.59	35.4579	209	209	0	0	0	2835.59
3376	G	G	2843.27	35.2329	207	200	0	0	2843.27	0
3377	C	C	2821.38	35.4197	203	197	0	2821.38	0	0
3378	C	C	2860.82	35.2329	207	200	0	2860.82	0	0
3379	T	T	2813.37	35.2329	207	207	0	0	0	2813.37
3380	A	A	2733.41	34.9992	203	203	2733.41	0	0	0
3381	C	C	2744.43	35.1674	198	192	0	2744.43	0	0
3382	G	G	2759.38	35.1288	193	191	0	0	2759.38	0
3383	C	C	2693.09	35.1288	193	188	0	2693.09	0	0
3384	T	T	2685.3	35.1209	192	192	0	0	0	2685.3
3385	A	A	2687.86	35.1522	196	195	2687.86	0	0	0
3386	T	T	2706.43	35.1674	198	198	0	0	0	2706.43
3387	C	C	2761.7	34.9671	199	193	0	2761.7	0	0
3388	C	C	2715.97	34.9423	196	190	0	2715.97	0	0
3389	T	T	2659.31	34.9507	197	197	0	0	0	2659.31
3390	A	A	2751.18	34.9589	198	198	2751.18	0	0	0
3391	C	C	2775.43	34.9507	197	193	0	2775.43	0	0
3392	G	G	2755.95	35.0226	206	196	0	0	2755.95	0
3393	A	A	2778.74	35.0071	204	204	2778.74	0	0	0
3394	T	T	2777.43	35.0149	205	205	0	0	0	2777.43
3395	C	C	2854.87	35.2116	204	199	0	2854.87	0	0
3396	C	C	2867.3	35.2116	204	200	0	2867.3	0	0
3397	A	A	2734.26	35.4066	201	201	2734.26	0	0	0
3398	T	T	2712.82	35.1598	197	196	0	0	0	2712.82
3399	C	C	2752.66	35.1598	197	192	0	2752.66	0	0
3400	C	C	2723.87	34.9339	195	190	0	2723.87	0	0
3401	C	C	2772.97	34.9255	194	192	0	2772.97	0	0
3402	T	T	2707.9	34.9339	195	195	0	0	0	2707.9
3403	A	A	2605.47	34.8731	188	187	2605.47	0	0	0
3404	A	A	2597.78	34.8731	188	188	2597.78	0	0	0
3405	T	T	2611.43	34.8642	187	187	0	0	0	2611.43
3406	A	A	2623.77	34.8909	190	190	2623.77	0	0	0
3407	A	A	2632.11	34.8909	190	190	2632.11	0	0	0
3408	A	A	2616.31	34.8909	190	190	2616.31	0	0	0
3409	C	C	2612.85	34.8821	189	183	0	2612.85	0	0
3410	T	T	2581.65	34.846	185	185	0	0	0	2581.65
3411	A	A	2509.01	34.8274	183	183	2509.01	0	0	0
3412	G	G	2579.04	34.8551	186	181	0	0	2579.04	0
3413	G	G	2544.8	34.8551	186	179	0	0	2544.8	0
3414	A	A	2519.03	34.8642	187	187	2519.03	0	0	0
3415	G	G	2511.85	34.8551	186	177	0	0	2511.85	0
3416	G	G	2559.34	35.5479	187	180	0	0	2559.34	0
3417	A	A	2450.48	35.5479	187	187	2450.48	0	0	0
3418	G	G	2613.62	35.8077	188	183	0	0	2613.62	0
3419	T	T	2547.42	35.8241	191	191	0	0	0	2547.42
3420	A	A	2527.14	36.0765	188	188	2527.14	0	0	0
3421	C	C	2647.81	36.363	188	185	0	2647.81	0	0
3422	T	T	2400.29	36.6557	180	180	0	0	0	2400.29
3423	A	A	2495.18	36.6612	183	183	2495.18	0	0	0
3424	G	G	2522.14	36.6594	182	177	0	0	2522.14	0
3425	C	C	2613.58	36.3693	190	183	0	2613.58	0	0
3426	A	A	2490.13	36.6699	188	188	2490.13	0	0	0
3427	C	C	2527.08	36.6629	184	177	0	2527.08	0	0
3428	T	T	2482.64	36.6576	181	181	0	0	0	2482.64
3429	A	A	2390.78	36.652	178	178	2390.78	0	0	0
3430	A	A	2394.7	36.6501	177	177	2394.7	0	0	0
3431	T	T	2396.61	36.6443	174	174	0	0	0	2396.61
3432	T	T	2377.29	36.6463	175	175	0	0	0	2377.29
3433	T	T	2374.09	36.6424	173	173	0	0	0	2374.09
3434	T	T	2351.48	36.6384	171	171	0	0	0	2351.48
3435	C	C	2399.2	36.6384	171	167	0	2399.2	0	0
3436	T	T	2413.06	36.6463	175	175	0	0	0	2413.06
3437	C	C	2433.78	36.312	173	169	0	2433.78	0	0
3438	C	C	2456.65	36.3228	176	171	0	2456.65	0	0
3439	A	A	2457.4	36.3299	178	178	2457.4	0	0	0
3440	T	T	2459.47	36.6557	180	180	0	0	0	2459.47
3441	T	T	2482.56	36.6576	181	181	0	0	0	2482.56
3442	C	C	2506.21	36.6576	181	176	0	2506.21	0	0
3443	T	T	2475.28	36.6576	181	181	0	0	0	2475.28
3444	A	A	2524.87	36.6647	185	185	2524.87	0	0	0
3445	A	A	2512.33	36.6594	182	182	2512.33	0	0	0
3446	T	T	2529.58	36.6699	188	188	0	0	0	2529.58
3447	C	C	2498.16	36.6647	185	177	0	2498.16	0	0
3448	C	C	2579.59	36.6576	181	179	0	2579.59	0	0
3449	T	T	2518.75	36.6612	183	183	0	0	0	2518.75
3450	A	A	2479.65	36.6664	186	186	2479.65	0	0	0
3451	G	G	2537.51	36.6576	181	177	0	0	2537.51	0
3452	C	C	2596.97	36.0675	186	181	0	2596.97	0	0
3453	C	C	2495.03	35.7793	183	175	0	2495.03	0	0
3454	C	C	2468.78	35.521	183	174	0	2468.78	0	0
3455	T	T	2458.41	35.7734	182	182	0	0	0	2458.41
3456	C	C	2559.11	35.7965	186	180	0	2559.11	0	0
3457	A	A	2476.28	35.7675	181	181	2476.28	0	0	0
3458	T	T	2429.32	35.7433	177	177	0	0	0	2429.32
3459	T	T	2420.37	35.7182	173	173	0	0	0	2420.37
3460	C	C	2400.24	35.7182	173	168	0	2400.24	0	0
3461	C	C	2481.87	35.7246	174	172	0	2481.87	0	0
3462	T	T	2404.73	35.4567	174	173	0	0	0	2404.73
3463	C	C	2335.26	35.434	171	164	0	2335.26	0	0
3464	T	T	2349.63	35.434	171	171	0	0	0	2349.63
3465	T	T	2323.68	35.434	171	171	0	0	0	2323.68
3466	C	C	2371.96	35.4492	173	167	0	2371.96	0	0
3467	T	T	2353.18	35.4416	172	172	0	0	0	2353.18
3468	A	A	2368.43	35.4788	177	177	2368.43	0	0	0
3469	C	C	2454.28	35.4715	176	171	0	2454.28	0	0
3470	A	A	2331.5	35.4567	174	174	2331.5	0	0	0
3471	C	C	2373.39	35.1959	173	167	0	2373.39	0	0
3472	A	A	2313.59	35.1699	170	170	2313.59	0	0	0
3473	C	C	2333.13	35.1699	170	164	0	2333.13	0	0
3474	G	G	2364.53	35.1611	169	165	0	0	2364.53	0
3475	T	T	2296.11	35.1522	168	168	0	0	0	2296.11
3476	C	C	2344.49	34.9279	170	164	0	2344.49	0	0
3477	C	C	2324.15	34.9279	170	164	0	2324.15	0	0
3478	A	A	2283.49	35.1611	169	169	2283.49	0	0	0
3479	A	A	2322.05	35.1873	172	172	2322.05	0	0	0
3480	A	A	2338.48	35.1873	172	172	2338.48	0	0	0
3481	C	C	2394.38	35.1959	173	168	0	2394.38	0	0
3482	A	A	2332.4	35.1873	172	172	2332.4	0	0	0
3483	A	A	2277.5	35.1249	165	165	2277.5	0	0	0
3484	C	C	2367.16	35.1341	166	164	0	2367.16	0	0
3485	G	G	2307.6	35.1699	170	163	0	0	2307.6	0
3486	A	A	2335.14	35.1873	172	172	2335.14	0	0	0
3487	G	G	2375.87	35.1699	170	166	0	0	2375.87	0
3488	G	G	2398.29	35.1959	173	168	0	0	2398.29	0
3489	A	A	2362.91	35.434	171	171	2362.91	0	0	0
3490	A	A	2379.86	35.434	171	171	2379.86	0	0	0
3491	T	T	2323.18	35.692	169	169	0	0	0	2323.18
3492	G	G	2401.13	35.7246	174	169	0	0	2401.13	0
3493	A	A	2429.2	35.7495	178	178	2429.2	0	0	0
3494	T	T	2406.48	35.7495	178	178	0	0	0	2406.48
3495	A	A	2475.94	35.7675	181	181	2475.94	0	0	0
3496	T	T	2451.44	36.0538	183	183	0	0	0	2451.44
3497	T	T	2409.12	36.03	178	178	0	0	0	2409.12
3498	C	C	2412.79	36.652	178	170	0	2412.79	0	0
3499	C	C	2575.1	36.652	178	178	0	2575.1	0	0
3500	G	G	2534.38	36.6539	179	176	0	0	2534.38	0
3501	G	G	2572.81	36.6594	182	179	0	0	2572.81	0
3502	C	C	2584.65	37	186	181	0	2584.65	0	0
3503	C	C	2542.58	37	188	179	0	2542.58	0	0
3504	C	C	2601.94	37	184	181	0	2601.94	0	0
3505	C	C	2545.77	37	187	180	0	2545.77	0	0
3506	T	T	2540.96	37	188	188	0	0	0	2540.96
3507	A	A	2567.94	37	184	184	2567.94	0	0	0
3508	A	A	2630.34	37	186	186	2630.34	0	0	0
3509	G	G	2621.95	37	186	183	0	0	2621.95	0
3510	C	C	2564.66	36.6765	192	181	0	2564.66	0	0
3511	C	C	2719.21	36.6828	196	190	0	2719.21	0	0
3512	A	A	2750	36.6905	201	201	2750	0	0	0
3513	A	A	2804.72	36.6991	207	207	2804.72	0	0	0
3514	T	T	2794.92	36.7073	213	213	0	0	0	2794.92
3515	G	G	2925.34	36.7033	210	205	0	0	2925.34	0
3516	C	C	2932.82	36.7046	211	205	0	2932.82	0	0
3517	C	C	2780.99	36.6977	206	197	0	2780.99	0	0
3518	T	T	2797.92	36.6977	206	206	0	0	0	2797.92
3519	A	A	2714.64	36.6875	199	199	2714.64	0	0	0
3520	T	T	2784.89	36.4098	204	203	0	0	0	2784.89
3521	T	T	2691.26	36.3844	195	195	0	0	0	2691.26
3522	T	T	2671.85	36.3814	194	194	0	0	0	2671.85
3523	T	T	2678.09	36.3784	193	193	0	0	0	2678.09
3524	G	G	2762.86	36.3814	194	192	0	0	2762.86	0
3525	A	A	2696.67	36.3844	195	195	2696.67	0	0	0
3526	C	C	2774.99	36.1187	198	193	0	2774.99	0	0
3527	T	T	2755.44	36.1187	198	198	0	0	0	2755.44
3528	T	T	2774.78	36.1227	199	199	0	0	0	2774.78
3529	C	C	2645.02	35.8241	191	185	0	2645.02	0	0
3530	T	T	2675.44	35.8348	193	193	0	0	0	2675.44
3531	A	A	2593.91	35.8504	196	196	2593.91	0	0	0
3532	G	G	2602.5	35.8348	193	184	0	0	2602.5	0
3533	T	T	2611.54	35.8241	191	191	0	0	0	2611.54
3534	A	A	2549.35	35.8077	188	188	2549.35	0	0	0
3535	G	G	2588.62	35.7965	186	181	0	0	2588.62	0
3536	C	C	2555.64	35.8077	188	181	0	2555.64	0	0
3537	A	A	2510.27	35.8077	188	188	2510.27	0	0	0
3538	G	G	2570.21	35.5413	186	180	0	0	2570.21	0
3539	A	A	2507.21	35.5479	187	186	2507.21	0	0	0
3540	C	C	2499.53	35.785	184	176	0	2499.53	0	0
3541	C	C	2624.19	35.8077	188	183	0	2624.19	0	0
3542	T	T	2487.38	36.0538	183	183	0	0	0	2487.38
3543	A	A	2475.46	36.0675	186	186	2475.46	0	0	0
3544	C	C	2531.44	35.7793	183	177	0	2531.44	0	0
3545	T	T	2460.55	35.7555	179	179	0	0	0	2460.55
3546	A	A	2416.92	35.7675	181	181	2416.92	0	0	0
3547	A	A	2362.04	35.7309	175	175	2362.04	0	0	0
3548	C	C	2438.1	35.7182	173	170	0	2438.1	0	0
3549	A	A	2298.46	35.7117	172	172	2298.46	0	0	0
3550	C	C	2435.07	35.7246	174	170	0	2435.07	0	0
3551	T	T	2333.65	35.6853	168	168	0	0	0	2333.65
3552	A	A	2264.98	35.6647	165	165	2264.98	0	0	0
3553	A	A	2265.06	35.6647	165	165	2265.06	0	0	0
3554	C	C	2272.62	35.6435	162	158	0	2272.62	0	0
3555	A	A	2285.49	35.6647	165	165	2285.49	0	0	0
3556	T	T	2280.05	35.6853	168	168	0	0	0	2280.05
3557	G	G	2240.8	35.692	169	160	0	0	2240.8	0
3558	A	A	2358.48	35.7052	171	171	2358.48	0	0	0
3559	A	A	2350.96	35.7052	171	171	2350.96	0	0	0
3560	T	T	2340.93	35.7246	174	174	0	0	0	2340.93
3561	T	T	2355.03	35.7052	171	171	0	0	0	2355.03
3562	G	G	2362.07	35.7182	173	166	0	0	2362.07	0
3563	G	G	2336.01	35.7117	172	165	0	0	2336.01	0
3564	A	A	2422.92	36.01	174	174	2422.92	0	0	0
3565	G	G	2315.38	36.3045	171	163	0	0	2315.38	0
3566	G	G	2488.57	36.6482	176	173	0	0	2488.57	0
3567	A	A	2392.02	36.6482	176	176	2392.02	0	0	0
3568	C	C	2461.89	36.6443	174	171	0	2461.89	0	0
3569	A	A	2348.62	36.6501	177	177	2348.62	0	0	0
3570	A	A	2326.72	36.6501	177	177	2326.72	0	0	0
3571	C	C	2403.67	36.6301	167	166	0	2403.67	0	0
3572	C	C	2366.08	36.6322	168	165	0	2366.08	0	0
3573	A	A	2295.92	36.6322	168	168	2295.92	0	0	0
3574	G	G	2304.54	36.6214	163	160	0	0	2304.54	0
3575	T	T	2244.28	36.6258	165	165	0	0	0	2244.28
3576	A	A	2241.13	36.6191	162	162	2241.13	0	0	0
3577	G	G	2256.22	36.6236	164	158	0	0	2256.22	0
3578	A	A	2231.33	36.6214	163	163	2231.33	0	0	0
3579	A	A	2230.88	37	165	165	2230.88	0	0	0
3580	C	C	2269.74	37	162	158	0	2269.74	0	0
3581	A	A	2222.39	37	161	161	2222.39	0	0	0
3582	C	C	2252.03	36.6301	167	159	0	2252.03	0	0
3583	C	C	2287.64	36.6322	168	161	0	2287.64	0	0
3584	C	C	2289.13	36.6258	165	160	0	2289.13	0	0
3585	C	C	2345.95	36.6363	170	165	0	2345.95	0	0
3586	T	T	2278.56	36.6363	170	170	0	0	0	2278.56
3587	T	T	2291.18	36.6363	170	170	0	0	0	2291.18
3588	C	C	2344.71	36.6384	171	165	0	2344.71	0	0
3589	A	A	2323.28	36.6424	173	173	2323.28	0	0	0
3590	T	T	2344.71	36.6384	171	171	0	0	0	2344.71
3591	T	T	2355.47	36.6443	174	174	0	0	0	2355.47
3592	A	A	2373.99	36.6384	171	171	2373.99	0	0	0
3593	T	T	2317.96	36.6363	170	170	0	0	0	2317.96
3594	T	T	2288.38	36.6322	168	168	0	0	0	2288.38
3595	A	A	2455.9	36.6482	176	176	2455.9	0	0	0
3596	T	T	2407.43	36.6557	180	180	0	0	0	2407.43
3597	C	C	2569.95	36.6629	184	180	0	2569.95	0	0
3598	G	G	2497.8	36.6557	180	175	0	0	2497.8	0
3599	G	G	2591.65	36.6594	182	180	0	0	2591.65	0
3600	A	A	2566.35	36.6732	190	190	2566.35	0	0	0
3601	C	C	2551.41	36.6699	188	180	0	2551.41	0	0
3602	A	A	2518.91	36.6664	186	186	2518.91	0	0	0
3603	A	A	2577.93	36.6732	190	190	2577.93	0	0	0
3604	C	C	2574.77	36.6748	191	182	0	2574.77	0	0
3605	T	T	2562.41	36.6732	190	190	0	0	0	2562.41
3606	A	A	2632.22	36.6748	191	191	2632.22	0	0	0
3607	G	G	2685.74	36.6748	191	187	0	0	2685.74	0
3608	C	C	2585.18	36.6732	190	182	0	2585.18	0	0
3609	C	C	2579.3	36.6699	188	181	0	2579.3	0	0
3610	T	T	2624.25	36.3754	192	192	0	0	0	2624.25
3611	C	C	2688	36.3784	193	188	0	2688	0	0
3612	C	C	2716.59	36.3844	195	190	0	2716.59	0	0
3613	A	A	2710.35	36.3844	195	195	2710.35	0	0	0
3614	T	T	2606.31	36.3784	193	193	0	0	0	2606.31
3615	T	T	2649.81	36.3873	196	196	0	0	0	2649.81
3616	C	C	2720.37	36.3959	199	192	0	2720.37	0	0
3617	T	T	2707.67	36.3987	200	200	0	0	0	2707.67
3618	C	C	2855.31	36.4098	204	200	0	2855.31	0	0
3619	T	T	2748.01	36.4043	202	202	0	0	0	2748.01
3620	A	A	2745.4	36.3931	198	198	2745.4	0	0	0
3621	C	C	2894.38	36.4015	201	200	0	2894.38	0	0
3622	T	T	2788.63	36.407	203	203	0	0	0	2788.63
3623	T	T	2779.25	36.4043	202	202	0	0	0	2779.25
3624	T	T	2769.39	36.4015	201	201	0	0	0	2769.39
3625	A	A	2788.63	36.407	203	203	2788.63	0	0	0
3626	C	C	2860.65	36.407	203	199	0	2860.65	0	0
3627	A	A	2753.24	36.4043	202	202	2753.24	0	0	0
3628	A	A	2747.55	36.1227	199	199	2747.55	0	0	0
3629	T	T	2761.16	36.1187	198	198	0	0	0	2761.16
3630	C	C	2758.16	36.1227	199	193	0	2758.16	0	0
3631	C	C	2727.96	36.1146	197	191	0	2727.96	0	0
3632	T	T	2733.93	36.1187	198	198	0	0	0	2733.93
3633	C	C	2820.21	36.1146	197	195	0	2820.21	0	0
3634	C	C	2708.75	36.1023	194	189	0	2708.75	0	0
3635	T	T	2709.68	36.0981	193	193	0	0	0	2709.68
3636	A	A	2663.3	36.1146	197	197	2663.3	0	0	0
3637	G	G	2677.52	36.1146	197	189	0	0	2677.52	0
3638	T	T	2681.07	36.1064	195	195	0	0	0	2681.07
3639	A	A	2626.93	36.3844	195	195	2626.93	0	0	0
3640	C	C	2623.41	36.3693	190	184	0	2623.41	0	0
3641	T	T	2607.16	36.363	188	188	0	0	0	2607.16
3642	C	C	2635.15	36.3754	192	185	0	2635.15	0	0
3643	A	A	2634.89	36.3814	194	194	2634.89	0	0	0
3644	T	T	2630.22	36.6813	195	195	0	0	0	2630.22
3645	A	A	2640.25	36.6797	194	194	2640.25	0	0	0
3646	C	C	2750.12	36.3814	194	191	0	2750.12	0	0
3647	C	C	2699.86	36.0852	190	187	0	2699.86	0	0
3648	C	C	2561.37	36.0675	186	180	0	2561.37	0	0
3649	A	A	2546.46	36.072	187	187	2546.46	0	0	0
3650	T	T	2607.45	36.0809	189	189	0	0	0	2607.45
3651	C	C	2660.84	35.8294	192	186	0	2660.84	0	0
3652	G	G	2583.53	35.5865	193	183	0	0	2583.53	0
3653	C	C	2634.56	35.5927	194	186	0	2634.56	0	0
3654	T	T	2577.94	35.605	196	195	0	0	0	2577.94
3655	G	G	2822.01	35.6171	198	196	0	0	2822.01	0
3656	G	G	2817.16	35.8657	199	196	0	0	2817.16	0
3657	A	A	2763.33	35.8504	196	196	2763.33	0	0	0
3658	A	A	2761.49	35.8504	196	196	2761.49	0	0	0
3659	T	T	2689.51	35.8606	198	198	0	0	0	2689.51
3660	T	T	2748.81	35.8606	198	198	0	0	0	2748.81
3661	A	A	2802.13	35.8902	204	204	2802.13	0	0	0
3662	T	T	2804.23	35.8854	203	203	0	0	0	2804.23
3663	T	T	2824.21	35.8997	206	206	0	0	0	2824.21
3664	G	G	2854.98	35.9044	207	200	0	0	2854.98	0
3665	A	A	2813.88	35.9044	207	207	2813.88	0	0	0
3666	A	A	2769.14	35.8805	202	201	2769.14	0	0	0
3667	A	A	2776.4	35.8854	203	203	2776.4	0	0	0
3668	A	A	2721.66	35.8606	198	198	2721.66	0	0	0
3669	C	C	2771.81	35.8657	199	194	0	2771.81	0	0
3670	A	A	2671.97	35.8504	196	196	2671.97	0	0	0
3671	A	A	2670.85	35.8606	198	198	2670.85	0	0	0
3672	C	C	2761.19	35.8556	197	193	0	2761.19	0	0
3673	C	C	2630.33	35.84	194	186	0	2630.33	0	0
3674	T	T	2663.46	35.84	194	194	0	0	0	2663.46
3675	C	C	2694.27	35.8294	192	188	0	2694.27	0	0
3676	T	T	2608.39	35.8077	188	188	0	0	0	2608.39
3677	T	T	2646.33	35.8241	191	191	0	0	0	2646.33
3678	A	A	2608.29	35.8348	193	193	2608.29	0	0	0
3679	A	A	2581.49	35.8241	191	191	2581.49	0	0	0
3680	A	A	2605.94	35.8348	193	193	2605.94	0	0	0
3681	G	G	2721.1	35.84	194	190	0	0	2721.1	0
3682	T	T	2583.06	35.8077	188	188	0	0	0	2583.06
3683	G	G	2653.63	35.8186	190	185	0	0	2653.63	0
3684	G	G	2610.3	36.0809	189	183	0	0	2610.3	0
3685	A	A	2539.46	36.0852	190	190	2539.46	0	0	0
3686	G	G	2582.37	36.6647	185	180	0	0	2582.37	0
3687	A	A	2546.37	36.6699	188	188	2546.37	0	0	0
3688	G	G	2673.06	36.6715	189	186	0	0	2673.06	0
3689	T	T	2602.32	36.6748	191	191	0	0	0	2602.32
3690	C	C	2537.47	36.3502	184	178	0	2537.47	0	0
3691	T	T	2503.77	36.3469	183	183	0	0	0	2503.77
3692	T	T	2489.24	36.3368	180	180	0	0	0	2489.24
3693	T	T	2503.51	36.0538	183	183	0	0	0	2503.51
3694	G	G	2469.4	36.0348	179	173	0	0	2469.4	0
3695	T	T	2463.37	36.0348	179	179	0	0	0	2463.37
3696	A	A	2423.58	36.0444	181	181	2423.58	0	0	0
3697	G	G	2450.74	36.0348	179	172	0	0	2450.74	0
3698	T	T	2436.71	36.3368	180	180	0	0	0	2436.71
3699	A	A	2328.63	36.3264	177	177	2328.63	0	0	0
3700	T	T	2404.83	36.3299	178	178	0	0	0	2404.83
3701	A	A	2295.74	36.3192	175	175	2295.74	0	0	0
3702	A	A	2304.29	36.3156	174	174	2304.29	0	0	0
3703	C	C	2253.26	36.2852	166	159	0	2253.26	0	0
3704	A	A	2213.8	36.2731	163	163	2213.8	0	0	0
3705	A	A	2224.12	36.269	162	162	2224.12	0	0	0
3706	T	T	2220.4	36.2731	163	163	0	0	0	2220.4
3707	T	T	2256.38	36.2812	165	165	0	0	0	2256.38
3708	A	A	2299.39	36.2931	168	168	2299.39	0	0	0
3709	C	C	2320.09	36.2731	163	161	0	2320.09	0	0
3710	C	C	2328.54	36.269	162	161	0	2328.54	0	0
3711	T	T	2245.55	36.269	162	162	0	0	0	2245.55
3712	T	T	2245.19	36.2731	163	163	0	0	0	2245.19
3713	G	G	2221.7	36.269	162	156	0	0	2221.7	0
3714	G	G	2344.91	36.2731	163	162	0	0	2344.91	0
3715	T	T	2183.99	36.2563	159	159	0	0	0	2183.99
3716	C	C	2172.63	36.269	162	154	0	2172.63	0	0
3717	T	T	2247.52	36.2731	163	163	0	0	0	2247.52
3718	T	T	2257.42	36.2812	165	165	0	0	0	2257.42
3719	G	G	2392.8	36.2969	169	166	0	0	2392.8	0
3720	T	T	2297.3	36.6363	170	170	0	0	0	2297.3
3721	A	A	2266.45	36.6343	169	169	2266.45	0	0	0
3722	A	A	2259.34	36.6384	171	171	2259.34	0	0	0
3723	G	G	2328.08	36.6363	170	164	0	0	2328.08	0
3724	C	C	2414.12	36.6424	173	169	0	2414.12	0	0
3725	C	C	2468.81	36.6463	175	172	0	2468.81	0	0
3726	A	A	2312.98	36.6424	173	173	2312.98	0	0	0
3727	A	A	2260.58	36.6322	168	168	2260.58	0	0	0
3728	A	A	2307.61	36.6343	169	169	2307.61	0	0	0
3729	A	A	2261.46	36.6258	165	165	2261.46	0	0	0
3730	A	A	2310.54	36.6322	168	168	2310.54	0	0	0
3731	C	C	2293.7	36.6343	169	162	0	2293.7	0	0
3732	G	G	2373.68	36.6343	169	165	0	0	2373.68	0
3733	G	G	2336.65	36.6384	171	165	0	0	2336.65	0
3734	A	A	2386.35	37	173	173	2386.35	0	0	0
3735	G	G	2458.06	37	175	171	0	0	2458.06	0
3736	A	A	2378.65	37	173	173	2378.65	0	0	0
3737	A	A	2315.07	37	168	168	2315.07	0	0	0
3738	T	T	2315.3	37	168	168	0	0	0	2315.3
3739	A	A	2312.27	37	169	169	2312.27	0	0	0
3740	T	T	2392.9	37	175	175	0	0	0	2392.9
3741	C	C	2341.56	36.6482	176	167	0	2341.56	0	0
3742	T	T	2350.56	36.6443	174	174	0	0	0	2350.56
3743	A	A	2434.18	36.6443	174	174	2434.18	0	0	0
3744	C	C	2404.87	36.6424	173	168	0	2404.87	0	0
3745	C	C	2439.85	36.6501	177	171	0	2439.85	0	0
3746	C	C	2441.8	36.6424	173	170	0	2441.8	0	0
3747	T	T	2415.3	36.6404	172	172	0	0	0	2415.3
3748	C	C	2410.96	36.6443	174	169	0	2410.96	0	0
3749	C	C	2487.5	36.6501	177	173	0	2487.5	0	0
3750	C	C	2411.18	36.6463	175	169	0	2411.18	0	0
3751	T	T	2388.62	36.6463	175	175	0	0	0	2388.62
3752	A	A	2416.87	36.6482	176	176	2416.87	0	0	0
3753	A	A	2385.39	36.6443	174	174	2385.39	0	0	0
3754	G	G	2489.36	36.6539	179	174	0	0	2489.36	0
3755	A	A	2422.2	36.3368	180	180	2422.2	0	0	0
3756	C	C	2362.78	36.3156	174	166	0	2362.78	0	0
3757	T	T	2398.89	36.3156	174	174	0	0	0	2398.89
3758	C	C	2330.41	36.3008	170	164	0	2330.41	0	0
3759	A	A	2328.95	36.3083	172	172	2328.95	0	0	0
3760	A	A	2311.5	36.3083	172	172	2311.5	0	0	0
3761	G	G	2428.03	36.3192	175	170	0	0	2428.03	0
3762	G	G	2433.61	36.3192	175	170	0	0	2433.61	0
3763	A	A	2342.96	36.3156	174	174	2342.96	0	0	0
3764	A	A	2380.15	36.3192	175	175	2380.15	0	0	0
3765	G	G	2341.55	36.2931	168	164	0	0	2341.55	0
3766	A	A	2318.23	36.2812	165	165	2318.23	0	0	0
3767	A	A	2327.4	36.2892	167	167	2327.4	0	0	0
3768	G	G	2326.38	36.2931	168	163	0	0	2326.38	0
3769	C	C	2389.8	36.2969	169	166	0	2389.8	0	0
3770	A	A	2384.5	36.3228	176	176	2384.5	0	0	0
3771	A	A	2416.63	36.3334	179	179	2416.63	0	0	0
3772	C	C	2505.24	36.3469	183	177	0	2505.24	0	0
3773	A	A	2488.64	36.3368	180	180	2488.64	0	0	0
3774	G	G	2619.6	36.072	187	183	0	0	2619.6	0
3775	C	C	2507.15	36.0538	183	176	0	2507.15	0	0
3776	T	T	2434.19	36.0397	180	180	0	0	0	2434.19
3777	C	C	2569.52	36.0538	183	179	0	2569.52	0	0
3778	C	C	2490.13	36.3469	183	176	0	2490.13	0	0
3779	A	A	2555.06	36.3534	185	185	2555.06	0	0	0
3780	C	C	2638.8	36.3662	189	184	0	2638.8	0	0
3781	T	T	2540	36.3693	190	190	0	0	0	2540
3782	A	A	2640.97	36.3814	194	194	2640.97	0	0	0
3783	C	C	2646.81	36.3814	194	186	0	2646.81	0	0
3784	C	C	2627.14	36.3814	194	186	0	2627.14	0	0
3785	A	A	2582.34	36.3662	189	189	2582.34	0	0	0
3786	G	G	2695.85	36.3693	190	188	0	0	2695.85	0
3787	C	C	2764.74	36.3844	195	192	0	2764.74	0	0
3788	A	A	2671.18	36.3902	197	197	2671.18	0	0	0
3789	C	C	2656.55	36.1023	194	187	0	2656.55	0	0
3790	C	C	2616.51	36.0809	189	183	0	2616.51	0	0
3791	C	C	2664.3	36.0765	188	185	0	2664.3	0	0
3792	A	A	2587.92	36.0852	190	190	2587.92	0	0	0
3793	A	A	2583.4	36.0896	191	191	2583.4	0	0	0
3794	A	A	2651.58	36.1064	195	195	2651.58	0	0	0
3795	G	G	2724.14	36.1023	194	190	0	0	2724.14	0
3796	C	C	2646.37	36.0981	193	186	0	2646.37	0	0
3797	T	T	2593.17	36.0852	190	190	0	0	0	2593.17
3798	A	A	2641.17	36.3724	191	191	2641.17	0	0	0
3799	A	A	2692.2	36.1106	196	196	2692.2	0	0	0
3800	T	T	2636.38	36.0981	193	193	0	0	0	2636.38
3801	G	G	2792.89	36.1023	194	193	0	0	2792.89	0
3802	T	T	2659.6	36.1106	196	196	0	0	0	2659.6
3803	T	T	2665.76	36.1023	194	194	0	0	0	2665.76
3804	C	C	2724.59	36.3844	195	190	0	2724.59	0	0
3805	T	T	2710.13	36.3959	199	199	0	0	0	2710.13
3806	A	A	2696.4	36.3959	199	199	2696.4	0	0	0
3807	T	T	2739.09	36.4015	201	201	0	0	0	2739.09
3808	T	T	2707.39	36.3931	198	198	0	0	0	2707.39
3809	T	T	2650.94	36.3784	193	193	0	0	0	2650.94
3810	A	A	2702.69	36.3931	198	198	2702.69	0	0	0
3811	A	A	2681.41	36.3814	194	194	2681.41	0	0	0
3812	A	A	2674.38	36.3814	194	194	2674.38	0	0	0
3813	C	C	2778.86	36.3873	196	193	0	2778.86	0	0
3814	T	T	2647.38	36.3814	194	194	0	0	0	2647.38
3815	A	A	2591.78	36.3784	193	193	2591.78	0	0	0
3816	T	T	2697.9	36.3902	197	197	0	0	0	2697.9
3817	T	T	2668.46	36.3844	195	195	0	0	0	2668.46
3818	C	C	2671.25	36.3844	195	187	0	2671.25	0	0
3819	C	C	2685.43	36.3814	194	188	0	2685.43	0	0
3820	C	C	2577.9	36.3754	192	182	0	2577.9	0	0
3821	T	T	2599.9	36.3754	192	192	0	0	0	2599.9
3822	G	G	2658.69	36.3754	192	186	0	0	2658.69	0
3823	G	G	2694.22	36.3814	194	188	0	0	2694.22	0
3824	T	T	2617.18	36.3844	195	195	0	0	0	2617.18
3825	A	A	2683.5	36.6813	195	195	2683.5	0	0	0
3826	C	C	2705.15	36.6813	195	190	0	2705.15	0	0
3827	A	A	2617.81	37	193	193	2617.81	0	0	0
3828	T	T	2669.18	37	194	194	0	0	0	2669.18
3829	A	A	2600.3	37	192	192	2600.3	0	0	0
3830	C	C	2581.32	37	191	183	0	2581.32	0	0
3831	T	T	2579.28	37	185	185	0	0	0	2579.28
3832	A	A	2534.25	37	186	186	2534.25	0	0	0
3833	C	C	2717.74	37	188	188	0	2717.74	0	0
3834	T	T	2567.66	37	186	186	0	0	0	2567.66
3835	A	A	2523.18	37	187	187	2523.18	0	0	0
3836	T	T	2603.23	37	193	193	0	0	0	2603.23
3837	T	T	2523.05	37	186	186	0	0	0	2523.05
3838	T	T	2492.64	37	184	184	0	0	0	2492.64
3839	T	T	2497.34	37	185	185	0	0	0	2497.34
3840	A	A	2519.23	37	188	188	2519.23	0	0	0
3841	C	C	2564.36	37	185	180	0	2564.36	0	0
3842	T	T	2504.8	37	184	184	0	0	0	2504.8
3843	C	C	2546.67	37	187	179	0	2546.67	0	0
3844	C	C	2543.55	37	184	179	0	2543.55	0	0
3845	A	A	2540.78	37	184	184	2540.78	0	0	0
3846	T	T	2517.95	37	185	185	0	0	0	2517.95
3847	G	G	2595.49	37	186	181	0	0	2595.49	0
3848	T	T	2546.19	36.6647	185	185	0	0	0	2546.19
3849	C	C	2592.68	36.6629	184	181	0	2592.68	0	0
3850	C	C	2555.26	36.6699	188	181	0	2555.26	0	0
3851	T	T	2580.42	36.6715	189	189	0	0	0	2580.42
3852	A	A	2615.34	36.6748	191	191	2615.34	0	0	0
3853	T	T	2600.35	36.6748	191	191	0	0	0	2600.35
3854	T	T	2609.73	36.6765	192	192	0	0	0	2609.73
3855	C	C	2623.76	36.6765	192	185	0	2623.76	0	0
3856	A	A	2652.16	36.6765	192	192	2652.16	0	0	0
3857	T	T	2621.82	36.6765	192	192	0	0	0	2621.82
3858	T	T	2633.82	36.6765	192	192	0	0	0	2633.82
3859	T	T	2670.77	36.6781	193	193	0	0	0	2670.77
3860	C	C	2752.13	36.6797	194	191	0	2752.13	0	0
3861	A	A	2602.5	36.6765	192	192	2602.5	0	0	0
3862	T	T	2695.71	36.6813	195	195	0	0	0	2695.71
3863	A	A	2658.5	36.689	200	200	2658.5	0	0	0
3864	T	T	2697.98	37	198	198	0	0	0	2697.98
3865	A	A	2639.91	37	196	196	2639.91	0	0	0
3866	T	T	2587.29	37	191	191	0	0	0	2587.29
3867	A	A	2561.88	37	188	188	2561.88	0	0	0
3868	C	C	2665.79	37	189	185	0	2665.79	0	0
3869	C	C	2655.15	37	187	184	0	2655.15	0	0
3870	A	A	2535.66	37	186	186	2535.66	0	0	0
3871	T	T	2579.91	36.6765	192	192	0	0	0	2579.91
3872	C	C	2579.81	36.6715	189	181	0	2579.81	0	0
3873	C	C	2587.24	36.6732	190	183	0	2587.24	0	0
3874	T	T	2591.61	36.3844	195	195	0	0	0	2591.61
3875	A	A	2695.19	36.3902	197	197	2695.19	0	0	0
3876	T	T	2721.96	36.3987	200	200	0	0	0	2721.96
3877	G	G	2816.09	36.4015	201	197	0	0	2816.09	0
3878	T	T	2696.99	36.3931	198	198	0	0	0	2696.99
3879	A	A	2662.57	36.3844	195	195	2662.57	0	0	0
3880	C	C	2652.08	36.3693	190	185	0	2652.08	0	0
3881	T	T	2596.4	36.3693	190	189	0	0	0	2596.4
3882	G	G	2708.02	36.3754	192	188	0	0	2708.02	0
3883	T	T	2655.8	36.3873	196	195	0	0	0	2655.8
3884	A	A	2696.68	36.1146	197	197	2696.68	0	0	0
3885	C	C	2693.4	36.1106	196	189	0	2693.4	0	0
3886	C	C	2740.31	36.1106	196	191	0	2740.31	0	0
3887	A	A	2639.59	36.1187	198	198	2639.59	0	0	0
3888	T	T	2716.39	36.3844	195	195	0	0	0	2716.39
3889	C	C	2714.72	36.3724	191	188	0	2714.72	0	0
3890	A	A	2640.81	36.3844	195	195	2640.81	0	0	0
3891	C	C	2659.1	36.3754	192	186	0	2659.1	0	0
3892	A	A	2652.69	36.3814	194	194	2652.69	0	0	0
3893	G	G	2643.73	36.3844	195	187	0	0	2643.73	0
3894	T	T	2617.05	36.3902	197	197	0	0	0	2617.05
3895	A	A	2675	36.3931	198	198	2675	0	0	0
3896	T	T	2669.81	36.3931	198	198	0	0	0	2669.81
3897	G	G	2705	36.1106	196	189	0	0	2705	0
3898	T	T	2618.09	36.3693	190	190	0	0	0	2618.09
3899	C	C	2692.23	36.3693	190	187	0	2692.23	0	0
3900	C	C	2698.34	36.3754	192	188	0	2698.34	0	0
3901	T	T	2652.94	36.3814	194	194	0	0	0	2652.94
3902	C	C	2757.1	36.3987	200	194	0	2757.1	0	0
3903	G	G	2747.29	36.4098	204	194	0	0	2747.29	0
3904	A	A	2787.33	36.4015	201	201	2787.33	0	0	0
3905	A	A	2777.69	36.3987	200	200	2777.69	0	0	0
3906	T	T	2736.88	36.3987	200	200	0	0	0	2736.88
3907	A	A	2763.5	36.1306	201	200	2763.5	0	0	0
3908	C	C	2806.67	36.3987	200	195	0	2806.67	0	0
3909	T	T	2827.74	36.4178	207	207	0	0	0	2827.74
3910	T	T	2803.26	36.407	203	203	0	0	0	2803.26
3911	T	T	2745.8	36.3959	199	199	0	0	0	2745.8
3912	C	C	2812.82	36.3959	199	195	0	2812.82	0	0
3913	C	C	2756.66	36.3959	199	193	0	2756.66	0	0
3914	C	C	2781.72	36.1227	199	194	0	2781.72	0	0
3915	C	C	2829.72	35.8606	198	196	0	2829.72	0	0
3916	C	C	2849.21	35.6406	202	198	0	2849.21	0	0
3917	C	C	2739.93	35.3999	200	193	0	2739.93	0	0
3918	C	C	2734.4	35.3999	200	192	0	2734.4	0	0
3919	C	C	2791.48	35.3864	198	194	0	2791.48	0	0
3920	T	T	2715.51	35.3796	197	197	0	0	0	2715.51
3921	A	A	2707.2	35.3657	195	195	2707.2	0	0	0
3922	T	T	2738.36	35.3999	200	200	0	0	0	2738.36
3923	G	G	2839.6	35.4262	204	198	0	0	2839.6	0
3924	T	T	2755.51	35.6463	203	203	0	0	0	2755.51
3925	A	A	2826.92	35.652	204	204	2826.92	0	0	0
3926	T	T	2762.12	35.8805	202	202	0	0	0	2762.12
3927	A	A	2788.54	35.8805	202	202	2788.54	0	0	0
3928	T	T	2818.25	35.8805	202	202	0	0	0	2818.25
3929	C	C	2885.04	35.8756	201	200	0	2885.04	0	0
3930	G	G	2841.81	35.895	205	200	0	0	2841.81	0
3931	T	T	2795.03	35.8805	202	202	0	0	0	2795.03
3932	G	G	2739.21	36.1267	200	193	0	0	2739.21	0
3933	C	C	2667.14	36.1064	195	188	0	2667.14	0	0
3934	A	A	2633.99	36.0981	193	193	2633.99	0	0	0
3935	T	T	2615.24	36.0809	189	189	0	0	0	2615.24
3936	T	T	2591.67	36.072	187	187	0	0	0	2591.67
3937	A	A	2572.75	36.0765	188	188	2572.75	0	0	0
3938	A	A	2588.88	36.0896	191	191	2588.88	0	0	0
3939	T	T	2631.55	36.0896	191	191	0	0	0	2631.55
3940	G	G	2674.33	36.0981	193	187	0	0	2674.33	0
3941	G	G	2665.56	36.0896	191	186	0	0	2665.56	0
3942	C	C	2605.52	36.0675	186	182	0	2605.52	0	0
3943	G	G	2487.35	36.3502	184	175	0	0	2487.35	0
3944	T	T	2506.7	36.3469	183	183	0	0	0	2506.7
3945	G	G	2516.63	36.3435	182	176	0	0	2516.63	0
3946	C	C	2497.34	36.652	178	174	0	2497.34	0	0
3947	C	C	2544.83	36.6594	182	178	0	2544.83	0	0
3948	C	C	2532.84	36.6539	179	176	0	2532.84	0	0
3949	C	C	2518.12	36.6501	177	175	0	2518.12	0	0
3950	A	A	2389.66	36.6463	175	175	2389.66	0	0	0
3951	T	T	2415.68	36.6424	173	173	0	0	0	2415.68
3952	G	G	2394.92	36.6404	172	168	0	0	2394.92	0
3953	C	C	2432.46	36.6384	171	168	0	2432.46	0	0
3954	A	A	2417.54	36.6501	177	177	2417.54	0	0	0
3955	T	T	2386.26	36.6463	175	175	0	0	0	2386.26
3956	A	A	2409.58	36.6482	176	176	2409.58	0	0	0
3957	T	T	2424.43	36.6557	180	180	0	0	0	2424.43
3958	A	A	2514.8	36.6612	183	183	2514.8	0	0	0
3959	A	A	2507.28	36.6594	182	182	2507.28	0	0	0
3960	G	G	2516.88	36.6594	182	176	0	0	2516.88	0
3961	C	C	2599.24	36.6664	186	182	0	2599.24	0	0
3962	A	A	2574.78	36.6682	187	187	2574.78	0	0	0
3963	T	T	2549.58	37	190	190	0	0	0	2549.58
3964	G	G	2636.79	37	190	185	0	0	2636.79	0
3965	T	T	2594.9	37	193	193	0	0	0	2594.9
3966	A	A	2695.01	36.3902	197	197	2695.01	0	0	0
3967	C	C	2785.28	36.3902	197	194	0	2785.28	0	0
3968	A	A	2637.7	36.3931	198	198	2637.7	0	0	0
3969	T	T	2626.49	36.3844	195	195	0	0	0	2626.49
3970	A	A	2575.6	36.3814	194	194	2575.6	0	0	0
3971	C	C	2707.89	36.3844	195	190	0	2707.89	0	0
3972	T	T	2632.35	36.3754	192	192	0	0	0	2632.35
3973	G	G	2576.88	36.3502	184	180	0	0	2576.88	0
3974	T	T	2526.7	36.3534	185	185	0	0	0	2526.7
3975	G	G	2620.65	36.3469	183	181	0	0	2620.65	0
3976	C	C	2510.38	36.3402	181	176	0	2510.38	0	0
3977	T	T	2499.4	36.3469	183	183	0	0	0	2499.4
3978	T	T	2520.77	36.3502	184	184	0	0	0	2520.77
3979	G	G	2663.75	36.3662	189	185	0	0	2663.75	0
3980	A	A	2716.66	36.3873	196	196	2716.66	0	0	0
3981	T	T	2679.49	36.3987	200	200	0	0	0	2679.49
3982	C	C	2755.63	36.4015	201	194	0	2755.63	0	0
3983	T	T	2764.15	36.4204	208	208	0	0	0	2764.15
3984	T	T	2744.2	36.407	203	203	0	0	0	2744.2
3985	G	G	2809.11	36.4098	204	197	0	0	2809.11	0
3986	C	C	2989.47	36.4381	215	209	0	2989.47	0	0
3987	A	A	2895.06	36.4356	214	214	2895.06	0	0	0
3988	T	T	2881.65	36.4405	216	216	0	0	0	2881.65
3989	G	G	2923.15	36.4429	217	206	0	0	2923.15	0
3990	A	A	2969.68	36.4429	217	217	2969.68	0	0	0
3991	G	G	3049.35	36.457	223	214	0	0	3049.35	0
3992	G	G	3035.86	36.4453	218	212	0	0	3035.86	0
3993	A	A	3006.98	36.4453	218	218	3006.98	0	0	0
3994	C	C	2999.9	37	219	211	0	2999.9	0	0
3995	T	T	2993.7	37	220	220	0	0	0	2993.7
3996	T	T	3059.57	37	222	222	0	0	0	3059.57
3997	A	A	3032.25	37	220	220	3032.25	0	0	0
3998	C	C	3146.33	37	220	218	0	3146.33	0	0
3999	G	G	3156.8	37	219	218	0	0	3156.8	0
4000	T	T	2987.87	37	217	217	0	0	0	2987.87
4001	T	T	3018.3	37	220	219	0	0	0	3018.3
4002	C	C	3072	36.7163	220	214	0	3072	0	0
4003	C	C	2964.79	36.7113	216	209	0	2964.79	0	0
4004	G	G	2948.58	36.7138	218	208	0	0	2948.58	0
4005	A	A	2871.74	36.7073	213	213	2871.74	0	0	0
4006	A	A	2867.59	36.706	212	212	2867.59	0	0	0
4007	A	A	2872.24	36.7033	210	210	2872.24	0	0	0
4008	G	G	2892.84	36.706	212	204	0	0	2892.84	0
4009	T	T	2880.8	36.7033	210	210	0	0	0	2880.8
4010	T	T	2845.11	36.7019	209	209	0	0	0	2845.11
4011	T	T	2867.91	36.706	212	212	0	0	0	2867.91
4012	A	A	2825.39	36.7046	211	211	2825.39	0	0	0
4013	T	T	2883.42	36.706	212	212	0	0	0	2883.42
4014	T	T	2894.99	36.7046	211	211	0	0	0	2894.99
4015	T	T	2842.76	36.6991	207	207	0	0	0	2842.76
4016	C	C	2796.32	36.6991	207	197	0	2796.32	0	0
4017	A	A	2758.05	36.6949	204	204	2758.05	0	0	0
4018	G	G	2797.14	36.6875	199	195	0	0	2797.14	0
4019	G	G	2715.01	36.6844	197	190	0	0	2715.01	0
4020	C	C	2739.8	36.6844	197	191	0	2739.8	0	0
4021	G	G	2670.53	36.6813	195	188	0	0	2670.53	0
4022	T	T	2730	36.3902	197	197	0	0	0	2730
4023	A	A	2606.12	36.3844	195	195	2606.12	0	0	0
4024	T	T	2673.55	36.3754	192	192	0	0	0	2673.55
4025	A	A	2577.29	36.6765	192	192	2577.29	0	0	0
4026	G	G	2664.4	36.6748	191	186	0	0	2664.4	0
4027	T	T	2601.94	36.6748	191	191	0	0	0	2601.94
4028	C	C	2690.91	36.6781	193	188	0	2690.91	0	0
4029	T	T	2609.63	36.3844	195	195	0	0	0	2609.63
4030	G	G	2629.39	36.3693	190	184	0	0	2629.39	0
4031	C	C	2697.74	36.3754	192	188	0	2697.74	0	0
4032	A	A	2552.74	36.3693	190	190	2552.74	0	0	0
4033	A	A	2533.5	36.3567	186	186	2533.5	0	0	0
4034	G	G	2515.51	36.3599	187	178	0	0	2515.51	0
4035	C	C	2532.03	36.063	185	178	0	2532.03	0	0
4036	A	A	2570.41	36.0675	186	186	2570.41	0	0	0
4037	T	T	2564.3	36.0938	192	192	0	0	0	2564.3
4038	G	G	2662.42	36.0938	192	186	0	0	2662.42	0
4039	T	T	2570.85	36.0981	193	193	0	0	0	2570.85
4040	A	A	2627.08	36.1064	195	195	2627.08	0	0	0
4041	T	T	2632.69	35.8504	196	196	0	0	0	2632.69
4042	T	T	2674.37	35.8504	196	196	0	0	0	2674.37
4043	T	T	2640.46	35.8452	195	195	0	0	0	2640.46
4044	C	C	2663.78	35.8348	193	187	0	2663.78	0	0
4045	A	A	2652.96	35.84	194	194	2652.96	0	0	0
4046	C	C	2686.92	35.84	194	189	0	2686.92	0	0
4047	T	T	2590.67	35.8294	192	192	0	0	0	2590.67
4048	T	T	2622.03	35.8348	193	193	0	0	0	2622.03
4049	A	A	2607.45	35.8348	193	193	2607.45	0	0	0
4050	G	G	2698.49	35.8294	192	188	0	0	2698.49	0
4051	T	T	2709.75	35.8504	196	196	0	0	0	2709.75
4052	C	C	2708.24	35.8452	195	189	0	2708.24	0	0
4053	C	C	2627.07	35.8294	192	185	0	2627.07	0	0
4054	G	G	2717.61	36.0852	190	188	0	0	2717.61	0
4055	G	G	2716.55	36.0981	193	189	0	0	2716.55	0
4056	G	G	2766.06	36.1187	198	193	0	0	2766.06	0
4057	A	A	2721.82	36.3931	198	198	2721.82	0	0	0
4058	G	G	2758.31	36.6828	196	192	0	0	2758.31	0
4059	C	C	2792.27	37	200	195	0	2792.27	0	0
4060	T	T	2705.81	37	199	199	0	0	0	2705.81
4061	T	T	2759.6	37	202	202	0	0	0	2759.6
4062	A	A	2728.27	37	201	201	2728.27	0	0	0
4063	A	A	2777.73	37	203	203	2777.73	0	0	0
4064	T	T	2721.65	37	200	200	0	0	0	2721.65
4065	C	C	2763.18	37	198	193	0	2763.18	0	0
4066	A	A	2693.93	37	201	201	2693.93	0	0	0
4067	C	C	2713.74	36.6797	194	189	0	2713.74	0	0
4068	C	C	2865.18	36.3931	198	198	0	2865.18	0	0
4069	A	A	2645.87	36.1064	195	195	2645.87	0	0	0
4070	G	G	2785.85	36.1267	200	195	0	0	2785.85	0
4071	G	G	2806.91	36.1187	198	195	0	0	2806.91	0
4072	C	C	2710.21	35.8348	193	189	0	2710.21	0	0
4073	C	C	2646.5	35.8294	192	185	0	2646.5	0	0
4074	T	T	2602.4	35.8077	188	188	0	0	0	2602.4
4075	C	C	2568.85	35.7965	186	180	0	2568.85	0	0
4076	G	G	2636.04	35.8021	187	183	0	0	2636.04	0
4077	A	A	2576.14	35.8077	188	188	2576.14	0	0	0
4078	G	G	2568.26	35.8077	188	181	0	0	2568.26	0
4079	A	A	2547.05	35.8186	190	190	2547.05	0	0	0
4080	A	A	2523.42	35.8021	187	187	2523.42	0	0	0
4081	A	A	2532.53	35.8021	187	187	2532.53	0	0	0
4082	C	C	2697.78	35.3657	195	189	0	2697.78	0	0
4083	C	C	2505.54	35.3445	192	180	0	2505.54	0	0
4084	A	A	2667.07	35.3587	194	194	2667.07	0	0	0
4085	G	G	2720.14	35.3727	196	190	0	0	2720.14	0
4086	C	C	2724.79	35.3999	200	192	0	2724.79	0	0
4087	A	A	2755.14	35.4132	202	202	2755.14	0	0	0
4088	A	A	2801.58	35.2116	204	204	2801.58	0	0	0
4089	T	T	2733.75	35.4327	205	205	0	0	0	2733.75
4090	C	C	2859.94	35.4327	205	200	0	2859.94	0	0
4091	C	C	2804.54	35.4327	205	197	0	2804.54	0	0
4092	T	T	2763.23	35.4066	201	201	0	0	0	2763.23
4093	T	T	2760.9	35.1674	198	198	0	0	0	2760.9
4094	G	G	2753.29	35.1898	201	193	0	0	2753.29	0
4095	C	C	2797.8	35.1749	199	195	0	2797.8	0	0
4096	G	G	2819.84	35.3999	200	196	0	0	2819.84	0
4097	A	A	2744.44	36.1267	200	200	2744.44	0	0	0
4098	G	G	2773.56	36.1384	203	195	0	0	2773.56	0
4099	T	T	2784.51	36.1422	204	204	0	0	0	2784.51
4100	A	A	2727.07	36.1422	204	204	2727.07	0	0	0
4101	C	C	2877.31	36.1345	202	200	0	2877.31	0	0
4102	G	G	2828.68	36.1384	203	198	0	0	2828.68	0
4103	T	T	2726.24	36.1187	198	198	0	0	0	2726.24
4104	G	G	2715.69	36.0981	193	189	0	0	2715.69	0
4105	T	T	2684.45	36.1146	197	197	0	0	0	2684.45
4106	A	A	2695.36	36.1106	196	196	2695.36	0	0	0
4107	C	C	2762.27	35.8657	199	193	0	2762.27	0	0
4108	C	C	2697.63	35.8707	200	191	0	2697.63	0	0
4109	T	T	2744.76	35.895	205	205	0	0	0	2744.76
4110	C	C	2861.23	35.8657	199	198	0	2861.23	0	0
4111	T	T	2719.64	35.8606	198	198	0	0	0	2719.64
4112	T	T	2746.69	35.8606	198	198	0	0	0	2746.69
4113	C	C	2853.55	35.8606	198	197	0	2853.55	0	0
4114	T	T	2752.53	35.8452	195	195	0	0	0	2752.53
4115	C	C	2773.12	35.8452	195	192	0	2773.12	0	0
4116	G	G	2693.96	35.6171	198	190	0	0	2693.96	0
4117	C	C	2729.29	35.5927	194	190	0	2729.29	0	0
4118	T	T	2705.9	35.605	196	196	0	0	0	2705.9
4119	C	C	2740.9	35.605	196	191	0	2740.9	0	0
4120	C	C	2663.44	35.8348	193	187	0	2663.44	0	0
4121	G	G	2632.77	35.8186	190	184	0	0	2632.77	0
4122	G	G	2662.9	35.5802	192	187	0	0	2662.9	0
4123	G	G	2507.6	35.3796	197	182	0	0	2507.6	0
4124	C	C	2656.93	35.2116	204	190	0	2656.93	0	0
4125	C	C	2751.84	35.1898	201	193	0	2751.84	0	0
4126	C	C	2593.43	35.1288	193	184	0	2593.43	0	0
4127	A	A	2541.59	35.1209	192	192	2541.59	0	0	0
4128	T	T	2532.77	35.0803	187	187	0	0	0	2532.77
4129	G	G	2535.99	35.0379	182	178	0	0	2535.99	0
4130	A	A	2473.62	35.0204	180	180	2473.62	0	0	0
4131	A	A	2470.2	35.0204	180	180	2470.2	0	0	0
4132	A	A	2477.21	35.2616	181	181	2477.21	0	0	0
4133	T	T	2495.52	35.2695	182	182	0	0	0	2495.52
4134	G	G	2432.94	35.2457	179	172	0	0	2432.94	0
4135	T	T	2463.52	35.2457	179	179	0	0	0	2463.52
4136	G	G	2569.82	35.2927	185	180	0	0	2569.82	0
4137	G	G	2503.96	35.2616	181	175	0	0	2503.96	0
4138	G	G	2573.59	35.2695	182	179	0	0	2573.59	0
4139	G	G	2572.67	35.521	183	179	0	0	2572.67	0
4140	G	G	2558.7	35.5072	181	178	0	0	2558.7	0
4141	T	T	2499.62	35.5279	184	184	0	0	0	2499.62
4142	T	T	2524.59	35.8077	188	188	0	0	0	2524.59
4143	T	T	2504.07	35.7908	185	185	0	0	0	2504.07
4144	C	C	2499.4	35.7965	186	177	0	2499.4	0	0
4145	T	T	2543.16	35.8186	190	190	0	0	0	2543.16
4146	A	A	2640.17	35.8241	191	191	2640.17	0	0	0
4147	T	T	2663.44	35.8348	193	193	0	0	0	2663.44
4148	G	G	2652.6	35.8186	190	185	0	0	2652.6	0
4149	T	T	2680.36	35.8452	195	195	0	0	0	2680.36
4150	T	T	2705.64	36.1187	198	198	0	0	0	2705.64
4151	G	G	2718.35	35.8504	196	190	0	0	2718.35	0
4152	A	A	2616.84	35.84	194	194	2616.84	0	0	0
4153	A	A	2609.42	35.84	194	194	2609.42	0	0	0
4154	A	A	2592.84	35.8294	192	192	2592.84	0	0	0
4155	C	C	2716.17	35.8186	190	188	0	2716.17	0	0
4156	T	T	2584.63	36.0765	188	188	0	0	0	2584.63
4157	A	A	2625.55	35.8132	189	189	2625.55	0	0	0
4158	T	T	2587.88	35.5739	191	191	0	0	0	2587.88
4159	A	A	2658.37	35.5865	193	193	2658.37	0	0	0
4160	C	C	2732.41	35.6171	198	192	0	2732.41	0	0
4161	C	C	2653.91	35.6171	198	188	0	2653.91	0	0
4162	T	T	2633.76	35.5675	190	190	0	0	0	2633.76
4163	G	G	2712.62	35.84	194	189	0	0	2712.62	0
4164	G	G	2695.34	35.8504	196	189	0	0	2695.34	0
4165	G	G	2737.95	35.8452	195	192	0	0	2737.95	0
4166	A	A	2698.28	35.8504	196	196	2698.28	0	0	0
4167	T	T	2638.38	35.8657	199	199	0	0	0	2638.38
4168	C	C	2845.62	35.8902	204	199	0	2845.62	0	0
4169	T	T	2731.15	35.895	205	205	0	0	0	2731.15
4170	G	G	2852.61	35.9044	207	201	0	0	2852.61	0
4171	G	G	2933.69	35.9318	213	206	0	0	2933.69	0
4172	T	T	2840.43	35.9228	211	211	0	0	0	2840.43
4173	T	T	2864.04	35.9091	208	208	0	0	0	2864.04
4174	C	C	2827.37	36.1384	203	198	0	2827.37	0	0
4175	T	T	2795.79	36.3959	199	198	0	0	0	2795.79
4176	T	T	2817.84	36.3902	197	197	0	0	0	2817.84
4177	A	A	2724.15	36.3959	199	199	2724.15	0	0	0
4178	C	C	2850.49	36.3959	199	197	0	2850.49	0	0
4179	C	C	2817.14	36.3931	198	195	0	2817.14	0	0
4180	T	T	2750.82	36.3987	200	200	0	0	0	2750.82
4181	C	C	2755.68	36.3902	197	193	0	2755.68	0	0
4182	A	A	2712.94	36.3931	198	198	2712.94	0	0	0
4183	G	G	2754.75	36.4015	201	194	0	0	2754.75	0
4184	G	G	2782.61	36.6844	197	194	0	0	2782.61	0
4185	G	G	2863.53	36.6934	203	199	0	0	2863.53	0
4186	C	C	2800.98	37	200	196	0	2800.98	0	0
4187	C	C	2706.66	37	195	189	0	2706.66	0	0
4188	A	A	2587.34	37	190	190	2587.34	0	0	0
4189	T	T	2595.25	37	188	188	0	0	0	2595.25
4190	G	G	2697.92	37	192	188	0	0	2697.92	0
4191	A	A	2504.63	37	190	190	2504.63	0	0	0
4192	C	C	2663.41	36.6664	186	184	0	2663.41	0	0
4193	A	A	2449.95	36.6664	186	186	2449.95	0	0	0
4194	G	G	2488.79	36.6612	183	175	0	0	2488.79	0
4195	C	C	2558.48	36.6612	183	179	0	2558.48	0	0
4196	T	T	2430.14	36.6539	179	179	0	0	0	2430.14
4197	C	C	2523.18	36.6629	184	177	0	2523.18	0	0
4198	T	T	2443.83	36.6612	183	183	0	0	0	2443.83
4199	A	A	2506.3	36.6594	182	182	2506.3	0	0	0
4200	G	G	2460.86	36.6557	180	173	0	0	2460.86	0
4201	A	A	2499.82	36.6629	184	184	2499.82	0	0	0
4202	T	T	2523.73	36.6647	185	185	0	0	0	2523.73
4203	T	T	2539.76	36.6699	188	188	0	0	0	2539.76
4204	C	C	2665.89	36.6682	187	185	0	2665.89	0	0
4205	C	C	2537.78	36.6557	180	177	0	2537.78	0	0
4206	A	A	2549.7	36.6612	183	183	2549.7	0	0	0
4207	A	A	2546.8	36.6629	184	184	2546.8	0	0	0
4208	T	T	2571.41	36.6664	186	186	0	0	0	2571.41
4209	C	C	2539.61	36.6647	185	178	0	2539.61	0	0
4210	C	C	2634.07	36.6682	187	184	0	2634.07	0	0
4211	T	T	2573.24	36.6699	188	188	0	0	0	2573.24
4212	A	A	2557.55	36.6664	186	186	2557.55	0	0	0
4213	C	C	2570.22	36.6612	183	179	0	2570.22	0	0
4214	T	T	2579.78	36.6748	191	191	0	0	0	2579.78
4215	A	A	2645.27	36.6797	194	194	2645.27	0	0	0
4216	A	A	2653.36	36.6797	194	194	2653.36	0	0	0
4217	C	C	2788.21	36.6797	194	193	0	2788.21	0	0
4218	C	C	2551.99	36.6732	190	181	0	2551.99	0	0
4219	C	C	2657.2	36.6781	193	186	0	2657.2	0	0
4220	T	T	2636.41	36.6765	192	192	0	0	0	2636.41
4221	T	T	2645.53	36.6797	194	194	0	0	0	2645.53
4222	C	C	2671.66	36.6828	196	188	0	2671.66	0	0
4223	A	A	2623.92	36.6797	194	194	2623.92	0	0	0
4224	A	A	2687.99	36.6859	198	198	2687.99	0	0	0
4225	A	A	2652.61	36.6797	194	194	2652.61	0	0	0
4226	T	T	2604.59	36.6732	190	190	0	0	0	2604.59
4227	G	G	2687.88	36.6765	192	187	0	0	2687.88	0
4228	G	G	2686.09	36.6715	189	186	0	0	2686.09	0
4229	G	G	2598.99	36.6715	189	183	0	0	2598.99	0
4230	A	A	2673.31	36.6781	193	193	2673.31	0	0	0
4231	C	C	2771.87	36.6828	196	193	0	2771.87	0	0
4232	A	A	2656.27	36.6781	193	193	2656.27	0	0	0
4233	T	T	2648.92	36.6781	193	193	0	0	0	2648.92
4234	C	C	2650.99	36.6715	189	185	0	2650.99	0	0
4235	T	T	2645.19	36.6715	189	189	0	0	0	2645.19
4236	C	C	2699.88	36.6765	192	188	0	2699.88	0	0
4237	G	G	2604.78	36.6682	187	182	0	0	2604.78	0
4238	A	A	2510.34	36.6682	187	187	2510.34	0	0	0
4239	A	A	2507.56	36.6682	187	186	2507.56	0	0	0
4240	T	T	2522.67	36.6629	184	184	0	0	0	2522.67
4241	G	G	2573.14	37	182	179	0	0	2573.14	0
4242	G	G	2568.22	37	181	178	0	0	2568.22	0
4243	A	A	2480.05	37	178	178	2480.05	0	0	0
4244	C	C	2576.33	37	179	178	0	2576.33	0	0
4245	T	T	2463.46	37	179	179	0	0	0	2463.46
4246	A	A	2535.71	37	186	186	2535.71	0	0	0
4247	A	A	2603	37	193	193	2603	0	0	0
4248	A	A	2654.14	37	194	194	2654.14	0	0	0
4249	T	T	2575.13	37	194	194	0	0	0	2575.13
4250	G	G	2767.26	37	195	192	0	0	2767.26	0
4251	A	A	2619.19	37	187	187	2619.19	0	0	0
4252	C	C	2596.97	37	189	183	0	2596.97	0	0
4253	T	T	2626.31	37	191	191	0	0	0	2626.31
4254	A	A	2731.04	37	197	197	2731.04	0	0	0
4255	A	A	2774.4	37	201	201	2774.4	0	0	0
4256	T	T	2721.33	37	202	202	0	0	0	2721.33
4257	C	C	2832.31	37	203	198	0	2832.31	0	0
4258	A	A	2750.3	36.6949	204	204	2750.3	0	0	0
4259	G	G	2805.67	36.407	203	197	0	0	2805.67	0
4260	C	C	2911.66	36.4098	204	202	0	2911.66	0	0
4261	C	C	2726.13	36.1227	199	191	0	2726.13	0	0
4262	C	C	2716.96	36.1267	200	191	0	2716.96	0	0
4263	A	A	2667.77	36.1187	198	198	2667.77	0	0	0
4264	T	T	2720.68	36.1146	197	197	0	0	0	2720.68
4265	G	G	2758.07	36.1146	197	192	0	0	2758.07	0
4266	A	A	2626.72	36.0981	193	193	2626.72	0	0	0
4267	T	T	2636.54	36.0938	192	192	0	0	0	2636.54
4268	C	C	2654.46	36.0852	190	185	0	2654.46	0	0
4269	A	A	2724.98	36.1187	198	198	2724.98	0	0	0
4270	C	C	2782.48	36.1146	197	194	0	2782.48	0	0
4271	A	A	2664.29	36.1106	196	196	2664.29	0	0	0
4272	C	C	2755.44	35.8707	200	193	0	2755.44	0	0
4273	A	A	2711.5	35.8805	202	202	2711.5	0	0	0
4274	T	T	2755.41	35.8854	203	203	0	0	0	2755.41
4275	A	A	2678.8	35.8657	199	199	2678.8	0	0	0
4276	A	A	2689.25	35.8556	197	197	2689.25	0	0	0
4277	C	C	2654.08	35.8348	193	186	0	2654.08	0	0
4278	T	T	2655.08	35.8348	193	193	0	0	0	2655.08
4279	G	G	2664.6	35.8132	189	185	0	0	2664.6	0
4280	T	T	2632.99	35.8294	192	192	0	0	0	2632.99
4281	G	G	2771.19	35.8294	192	191	0	0	2771.19	0
4282	G	G	2741.99	35.8504	196	192	0	0	2741.99	0
4283	T	T	2740.42	35.8756	201	201	0	0	0	2740.42
4284	G	G	2792.4	35.895	205	197	0	0	2792.4	0
4285	T	T	2795.38	35.895	205	205	0	0	0	2795.38
4286	C	C	2765.86	35.6633	206	196	0	2765.86	0	0
4287	A	A	2735.48	35.8556	197	197	2735.48	0	0	0
4288	T	T	2717.24	35.8606	198	197	0	0	0	2717.24
4289	G	G	2771.19	35.8452	195	192	0	0	2771.19	0
4290	C	C	2665.71	36.1064	195	188	0	2665.71	0	0
4291	A	A	2748.3	36.1187	198	198	2748.3	0	0	0
4292	T	T	2763.33	36.1345	202	202	0	0	0	2763.33
4293	T	T	2765.94	35.895	205	205	0	0	0	2765.94
4294	T	T	2781.63	35.9044	207	207	0	0	0	2781.63
4295	G	G	2829.19	35.9183	210	200	0	0	2829.19	0
4296	G	G	2920.95	35.9228	211	205	0	0	2920.95	0
4297	T	T	2815.74	35.9091	208	208	0	0	0	2815.74
4298	A	A	2737.92	35.8902	204	204	2737.92	0	0	0
4299	T	T	2764.25	35.8805	202	202	0	0	0	2764.25
4300	C	C	2806.93	36.1345	202	196	0	2806.93	0	0
4301	T	T	2725.94	36.1227	199	199	0	0	0	2725.94
4302	T	T	2733.3	36.1384	203	203	0	0	0	2733.3
4303	T	T	2735.32	36.1422	204	204	0	0	0	2735.32
4304	T	T	2733.08	36.1422	204	204	0	0	0	2733.08
4305	A	A	2885.91	36.1645	210	210	2885.91	0	0	0
4306	A	A	2885.24	36.1681	211	211	2885.24	0	0	0
4307	T	T	2782.67	36.1422	204	204	0	0	0	2782.67
4308	T	T	2824.29	36.1498	206	206	0	0	0	2824.29
4309	T	T	2882.25	36.1752	213	213	0	0	0	2882.25
4310	T	T	2893.25	36.1752	213	213	0	0	0	2893.25
4311	T	T	2918.34	36.1891	217	217	0	0	0	2918.34
4312	A	A	2951.94	36.1857	216	216	2951.94	0	0	0
4313	G	G	2926.71	36.1717	212	205	0	0	2926.71	0
4314	G	G	3014.45	36.1822	215	210	0	0	3014.45	0
4315	G	G	3024.22	36.1752	213	210	0	0	3024.22	0
4316	G	G	3010.93	36.1717	212	209	0	0	3010.93	0
4317	G	G	2939.35	36.4356	214	208	0	0	2939.35	0
4318	G	G	2917.73	36.4381	215	205	0	0	2917.73	0
4319	G	G	2875.89	36.4356	214	204	0	0	2875.89	0
4320	A	A	2844.2	36.423	209	209	2844.2	0	0	0
4321	A	A	2875.1	36.4306	212	212	2875.1	0	0	0
4322	C	C	3005.03	36.7033	210	208	0	3005.03	0	0
4323	T	T	2870.98	36.6991	207	207	0	0	0	2870.98
4324	T	T	2825.89	36.6934	203	203	0	0	0	2825.89
4325	G	G	2768.09	36.689	200	194	0	0	2768.09	0
4326	C	C	2855.5	36.6919	202	198	0	2855.5	0	0
4327	T	T	2818.7	36.6919	202	202	0	0	0	2818.7
4328	A	A	2716.78	36.6905	201	201	2716.78	0	0	0
4329	T	T	2745.39	36.6875	199	199	0	0	0	2745.39
4330	G	G	2688.32	36.6828	196	189	0	0	2688.32	0
4331	A	A	2667.93	37	192	192	2667.93	0	0	0
4332	C	C	2750.39	36.3784	193	191	0	2750.39	0	0
4333	T	T	2662.03	36.3754	192	192	0	0	0	2662.03
4334	C	C	2689.13	36.3724	191	187	0	2689.13	0	0
4335	A	A	2575.28	36.3784	193	193	2575.28	0	0	0
4336	G	G	2671.2	36.3754	192	187	0	0	2671.2	0
4337	C	C	2757.86	36.3754	192	191	0	2757.86	0	0
4338	T	T	2650.95	36.3724	191	191	0	0	0	2650.95
4339	A	A	2475.97	36.3502	184	184	2475.97	0	0	0
4340	T	T	2502.6	36.063	185	185	0	0	0	2502.6
4341	G	G	2530.76	36.0491	182	177	0	0	2530.76	0
4342	A	A	2463.66	36.0397	180	180	2463.66	0	0	0
4343	C	C	2461.87	36.03	178	172	0	2461.87	0	0
4344	C	C	2518.71	36.0538	183	177	0	2518.71	0	0
4345	G	G	2528.58	36.0584	184	177	0	0	2528.58	0
4346	T	T	2482.55	36.0397	180	180	0	0	0	2482.55
4347	A	A	2472.11	36.0444	181	181	2472.11	0	0	0
4348	A	A	2436.71	36.0348	179	179	2436.71	0	0	0
4349	A	A	2439.2	36.0348	179	179	2439.2	0	0	0
4350	G	G	2541.43	36.0444	181	177	0	0	2541.43	0
4351	G	G	2461.15	36.0397	180	173	0	0	2461.15	0
4352	T	T	2461.45	36.0444	181	181	0	0	0	2461.45
4353	C	C	2530.2	36.0348	179	176	0	2530.2	0	0
4354	T	T	2455.85	36.0444	181	181	0	0	0	2455.85
4355	C	C	2602.06	36.0675	186	182	0	2602.06	0	0
4356	G	G	2678	36.0675	186	185	0	0	2678	0
4357	T	T	2540.33	36.072	187	187	0	0	0	2540.33
4358	C	C	2652.45	35.8132	189	185	0	2652.45	0	0
4359	G	G	2575.21	36.072	187	181	0	0	2575.21	0
4360	C	C	2596.37	36.0765	188	182	0	2596.37	0	0
4361	A	A	2552.88	36.0675	186	186	2552.88	0	0	0
4362	G	G	2677.88	35.8241	191	187	0	0	2677.88	0
4363	T	T	2601.97	35.8077	188	188	0	0	0	2601.97
4364	C	C	2535.76	36.0538	183	177	0	2535.76	0	0
4365	A	A	2546.38	36.072	187	187	2546.38	0	0	0
4366	A	A	2565.36	36.0809	189	189	2565.36	0	0	0
4367	A	A	2637.12	36.0981	193	193	2637.12	0	0	0
4368	T	T	2556.08	36.0852	190	189	0	0	0	2556.08
4369	A	A	2635.64	36.0981	193	193	2635.64	0	0	0
4370	A	A	2696.66	36.1064	195	195	2696.66	0	0	0
4371	T	T	2635.12	36.1227	199	199	0	0	0	2635.12
4372	T	T	2683.35	36.1267	200	200	0	0	0	2683.35
4373	T	T	2651.77	36.1146	197	197	0	0	0	2651.77
4374	G	G	2837.89	36.1267	200	197	0	0	2837.89	0
4375	T	T	2743.62	35.8805	202	202	0	0	0	2743.62
4376	A	A	2811.46	35.8805	202	202	2811.46	0	0	0
4377	G	G	2802.23	35.6406	202	197	0	0	2802.23	0
4378	C	C	2806.71	35.6406	202	197	0	2806.71	0	0
4379	T	T	2827.03	35.6463	203	203	0	0	0	2827.03
4380	G	G	2746.03	35.6463	203	194	0	0	2746.03	0
4381	G	G	2774.92	35.6406	202	195	0	0	2774.92	0
4382	G	G	2785.65	35.6633	206	196	0	0	2785.65	0
4383	C	C	2886.59	35.6633	206	202	0	2886.59	0	0
4384	T	T	2784.13	35.6348	201	201	0	0	0	2784.13
4385	T	T	2784.41	35.6348	201	201	0	0	0	2784.41
4386	A	A	2768.45	35.6406	202	202	2768.45	0	0	0
4387	T	T	2792.74	35.6577	205	205	0	0	0	2792.74
4388	T	T	2775.4	35.6463	203	203	0	0	0	2775.4
4389	T	T	2772.04	35.895	205	205	0	0	0	2772.04
4390	A	A	2807.1	35.8805	202	202	2807.1	0	0	0
4391	T	T	2789.9	35.9044	207	207	0	0	0	2789.9
4392	C	C	2894.2	35.9091	208	202	0	2894.2	0	0
4393	T	T	2805.68	35.8902	204	204	0	0	0	2805.68
4394	T	T	2807.54	35.8805	202	202	0	0	0	2807.54
4395	T	T	2829.55	35.895	205	205	0	0	0	2829.55
4396	C	C	2856.95	35.6577	205	199	0	2856.95	0	0
4397	A	A	2820.87	35.652	204	204	2820.87	0	0	0
4398	C	C	2866.36	35.4197	203	199	0	2866.36	0	0
4399	G	G	2826.15	35.4197	203	198	0	0	2826.15	0
4400	G	G	2888.67	35.4391	206	202	0	0	2888.67	0
4401	G	G	2958.68	35.4454	207	205	0	0	2958.68	0
4402	T	T	2864.3	35.4579	209	209	0	0	0	2864.3
4403	C	C	2897.38	35.6798	209	203	0	2897.38	0	0
4404	G	G	2933.71	35.6853	210	205	0	0	2933.71	0
4405	G	G	2786.07	35.895	205	197	0	0	2786.07	0
4406	G	G	2871.7	35.8997	206	201	0	0	2871.7	0
4407	C	C	2810.77	35.8997	206	198	0	2810.77	0	0
4408	A	A	2779.23	35.9091	208	208	2779.23	0	0	0
4409	T	T	2799	35.8902	204	204	0	0	0	2799
4410	A	A	2718.61	35.8805	202	202	2718.61	0	0	0
4411	G	G	2773.58	35.8606	198	194	0	0	2773.58	0
4412	A	A	2732.03	35.8805	202	202	2732.03	0	0	0
4413	T	T	2739.88	35.6289	200	200	0	0	0	2739.88
4414	A	A	2638.05	36.0981	193	193	2638.05	0	0	0
4415	C	C	2702.71	36.0938	192	188	0	2702.71	0	0
4416	C	C	2696.76	36.0981	193	188	0	2696.76	0	0
4417	C	C	2654.34	36.0896	191	185	0	2654.34	0	0
4418	A	A	2602.53	35.8241	191	190	2602.53	0	0	0
4419	T	T	2638.52	35.8348	193	193	0	0	0	2638.52
4420	A	A	2652.89	35.84	194	194	2652.89	0	0	0
4421	A	A	2634.59	35.8294	192	192	2634.59	0	0	0
4422	G	G	2684.23	35.8186	190	187	0	0	2684.23	0
4423	G	G	2664.6	35.8241	191	186	0	0	2664.6	0
4424	G	G	2646.68	35.84	194	187	0	0	2646.68	0
4425	G	G	2575.36	35.8241	191	182	0	0	2575.36	0
4426	T	T	2589.02	36.063	185	185	0	0	0	2589.02
4427	T	T	2549.51	35.7908	185	185	0	0	0	2549.51
4428	A	A	2465.75	35.7793	183	183	2465.75	0	0	0
4429	C	C	2594.26	35.7793	183	180	0	2594.26	0	0
4430	T	T	2490.38	35.7555	179	179	0	0	0	2490.38
4431	C	C	2488.58	35.7616	180	174	0	2488.58	0	0
4432	A	A	2328.52	35.7371	176	176	2328.52	0	0	0
4433	G	G	2322.78	35.7555	179	167	0	0	2322.78	0
4434	T	T	2354.91	35.7309	175	174	0	0	0	2354.91
4435	C	C	2417.06	35.7246	174	169	0	2417.06	0	0
4436	A	A	2303.96	35.7246	174	174	2303.96	0	0	0
4437	A	A	2294.57	35.692	169	169	2294.57	0	0	0
4438	T	T	2305.96	35.9839	169	169	0	0	0	2305.96
4439	G	G	2390.44	35.9785	168	166	0	0	2390.44	0
4440	G	G	2289.49	35.9564	164	160	0	0	2289.49	0
4441	T	T	2230.5	36.6169	161	161	0	0	0	2230.5
4442	C	C	2379.84	36.6301	167	165	0	2379.84	0	0
4443	G	G	2314.21	36.6279	166	162	0	0	2314.21	0
4444	C	C	2340.56	36.6322	168	164	0	2340.56	0	0
4445	A	A	2262.75	36.6301	167	167	2262.75	0	0	0
4446	G	G	2356.83	36.6301	167	164	0	0	2356.83	0
4447	G	G	2284.74	36.6191	162	159	0	0	2284.74	0
4448	A	A	2181.08	36.6191	162	162	2181.08	0	0	0
4449	C	C	2276.55	36.6236	164	159	0	2276.55	0	0
4450	A	A	2245.5	36.6301	167	167	2245.5	0	0	0
4451	T	T	2242.49	36.6236	164	164	0	0	0	2242.49
4452	A	A	2148.84	36.6123	159	159	2148.84	0	0	0
4453	C	C	2212.56	36.6075	157	154	0	2212.56	0	0
4454	A	A	2157.79	36.6123	159	159	2157.79	0	0	0
4455	G	G	2196.85	36.6099	158	154	0	0	2196.85	0
4456	T	T	2155.6	36.6099	158	158	0	0	0	2155.6
4457	A	A	2128.09	36.6075	157	157	2128.09	0	0	0
4458	C	C	2238.27	36.6236	164	158	0	2238.27	0	0
4459	A	A	2238.61	36.6214	163	163	2238.61	0	0	0
4460	T	T	2170.17	36.6169	161	161	0	0	0	2170.17
4461	A	A	2201.43	36.6169	161	161	2201.43	0	0	0
4462	A	A	2192.41	36.6099	158	158	2192.41	0	0	0
4463	A	A	2202.19	36.6123	159	159	2202.19	0	0	0
4464	C	C	2293.2	36.6214	163	160	0	2293.2	0	0
4465	G	G	2289.37	36.6191	162	159	0	0	2289.37	0
4466	C	C	2302.02	36.6363	170	163	0	2302.02	0	0
4467	C	C	2402.93	36.6463	175	169	0	2402.93	0	0
4468	A	A	2428.3	36.6463	175	175	2428.3	0	0	0
4469	C	C	2450.43	36.3192	175	171	0	2450.43	0	0
4470	T	T	2343.27	36.3368	180	180	0	0	0	2343.27
4471	A	A	2517.81	36.3402	181	181	2517.81	0	0	0
4472	A	A	2530.89	36.3469	183	183	2530.89	0	0	0
4473	A	A	2507.59	36.3502	184	184	2507.59	0	0	0
4474	T	T	2523.26	36.3502	184	184	0	0	0	2523.26
4475	C	C	2540.72	36.3469	183	178	0	2540.72	0	0
4476	G	G	2611.15	36.3567	186	182	0	0	2611.15	0
4477	A	A	2455.49	36.3368	180	180	2455.49	0	0	0
4478	A	A	2465.9	36.3299	178	178	2465.9	0	0	0
4479	C	C	2542.04	36.3402	181	178	0	2542.04	0	0
4480	G	G	2537.14	36.3299	178	176	0	0	2537.14	0
4481	A	A	2472.64	36.3368	180	180	2472.64	0	0	0
4482	A	A	2477.77	36.0491	182	182	2477.77	0	0	0
4483	C	C	2480.3	36.0397	180	174	0	2480.3	0	0
4484	G	G	2531.32	36.0397	180	176	0	0	2531.32	0
4485	A	A	2433.13	36.0151	175	175	2433.13	0	0	0
4486	C	C	2480.11	35.7555	179	174	0	2480.11	0	0
4487	G	G	2510.84	35.7495	178	175	0	0	2510.84	0
4488	C	C	2526.65	35.7555	179	176	0	2526.65	0	0
4489	A	A	2421.04	35.7309	175	175	2421.04	0	0	0
4490	C	C	2489.05	35.7371	176	173	0	2489.05	0	0
4491	G	G	2420.52	35.7246	174	169	0	0	2420.52	0
4492	C	C	2464.62	35.7182	173	171	0	2464.62	0	0
4493	G	G	2398.14	35.7246	174	169	0	0	2398.14	0
4494	T	T	2434.83	35.7371	176	176	0	0	0	2434.83
4495	A	A	2401.17	35.7309	175	175	2401.17	0	0	0
4496	C	C	2409.8	35.7246	174	169	0	2409.8	0	0
4497	G	G	2423.55	35.7309	175	170	0	0	2423.55	0
4498	C	C	2401.58	35.7371	176	169	0	2401.58	0	0
4499	A	A	2490.77	35.7675	181	181	2490.77	0	0	0
4500	T	T	2468.3	35.7908	185	185	0	0	0	2468.3
4501	A	A	2481.27	35.7675	181	181	2481.27	0	0	0
4502	C	C	2443.74	35.7495	178	172	0	2443.74	0	0
4503	G	G	2471.19	35.7371	176	172	0	0	2471.19	0
4504	T	T	2471.91	35.7616	180	180	0	0	0	2471.91
4505	A	A	2430.61	35.7495	178	178	2430.61	0	0	0
4506	C	C	2488.61	36.03	178	174	0	2488.61	0	0
4507	G	G	2536.88	36.03	178	176	0	0	2536.88	0
4508	C	C	2438.41	36.0251	177	171	0	2438.41	0	0
4509	A	A	2387.16	36.3156	174	174	2387.16	0	0	0
4510	T	T	2385.22	36.6404	172	172	0	0	0	2385.22
4511	A	A	2411.44	36.6501	177	177	2411.44	0	0	0
4512	C	C	2377.37	36.6501	177	169	0	2377.37	0	0
4513	G	G	2477.5	36.6501	177	173	0	0	2477.5	0
4514	T	T	2389.39	36.6463	175	174	0	0	0	2389.39
4515	A	A	2338.78	36.6404	172	172	2338.78	0	0	0
4516	C	C	2340.8	36.6384	171	165	0	2340.8	0	0
4517	G	G	2329.84	36.6258	165	162	0	0	2329.84	0
4518	C	C	2225.86	36.6236	164	157	0	2225.86	0	0
4519	A	A	2350.2	36.3008	170	170	2350.2	0	0	0
4520	T	T	2322.69	36.2931	168	168	0	0	0	2322.69
4521	A	A	2344.19	36.3008	170	170	2344.19	0	0	0
4522	C	C	2374.66	36.2812	165	164	0	2374.66	0	0
4523	G	G	2306.97	36.2606	160	159	0	0	2306.97	0
4524	T	T	2283.38	36.2563	159	159	0	0	0	2283.38
4525	A	A	2182.51	36.252	158	158	2182.51	0	0	0
4526	C	C	2217.36	36.2342	154	153	0	2217.36	0	0
4527	G	G	1978.49	36.2296	153	142	0	0	1978.49	0
4528	C	C	2144.41	36.2107	149	148	0	2144.41	0	0
4529	A	A	1963.26	36.2058	148	147	1963.26	0	0	0
4530	C	C	2081.57	36.1805	143	143	0	2081.57	0	0
4531	G	G	1942.91	36.1479	137	135	0	0	1942.91	0
4532	T	T	1921.08	36.1187	132	132	0	0	0	1921.08
4533	G	G	1839.19	36.1002	129	128	0	0	1839.19	0
4534	T	T	1833.55	36.0809	126	126	0	0	0	1833.55
4535	A	A	1576.03	36.0397	120	120	1576.03	0	0	0
4536	C	C	1687.65	36.01	116	116	0	1687.65	0	0
4537	G	G	1523.33	35.9536	109	107	0	0	1523.33	0
4538	C	C	1483.61	36.4204	104	103	0	1483.61	0	0
4539	A	A	1335.61	36.4151	103	103	1335.61	0	0	0
4540	C	C	1439.62	36.3931	99	99	0	1439.62	0	0
4541	G	G	1259.95	36.3567	93	89	0	0	1259.95	0
4542	T	T	1279.13	36.3228	88	88	0	0	0	1279.13
4543	G	G	1121.68	36.3008	85	80	0	0	1121.68	0
4544	T	T	1206.18	37	83	83	0	0	0	1206.18
4545	A	A	1024.04	37	82	82	1024.04	0	0	0
4546	C	C	1133.23	37	78	78	0	1133.23	0	0
4547	G	G	893.489	37	75	66	0	0	893.489	0
4548	C	C	958.157	37	66	66	0	958.157	0	0
4549	A	A	810.843	37	64	64	810.843	0	0	0
4550	C	C	885.194	37	61	61	0	885.194	0	0
4551	G	G	781.317	37	57	55	0	0	781.317	0
4552	T	T	797.669	37	55	55	0	0	0	797.669
4553	G	G	741.105	37	53	52	0	0	741.105	0
4554	T	T	710.13	37	49	49	0	0	0	710.13
4555	A	A	589.871	37	46	46	589.871	0	0	0
4556	C	C	637.181	37	44	44	0	637.181	0	0
4557	G	G	596.757	37	42	42	0	0	596.757	0
4558	C	C	578.822	37	40	40	0	578.822	0	0
4559	A	A	467.11	37	39	39	467.11	0	0	0
4560	C	C	520.463	37	36	36	0	520.463	0	0
4561	G	G	435.997	37	32	31	0	0	435.997	0
4562	T	T	432.924	37	30	30	0	0	0	432.924
4563	G	G	380.407	37	28	27	0	0	380.407	0
4564	T	T	389.154	37	27	27	0	0	0	389.154
4565	A	A	321.315	37	25	25	321.315	0	0	0
4566	C	C	330.795	37	23	23	0	330.795	0	0
4567	G	G	279.292	37	22	20	0	0	279.292	0
4568	C	C	301.615	37	21	21	0	301.615	0	0
4569	A	A	266.781	37	21	21	266.781	0	0	0
4570	C	C	287.025	37	20	20	0	287.025	0	0
4571	G	G	252.599	37	19	18	0	0	252.599	0
4572	T	T	272.435	37	19	19	0	0	0	272.435
4573	G	G	265.148	37	19	19	0	0	265.148	0
4574	T	T	228.666	37	16	16	0	0	0	228.666
4575	A	A	204.871	37	16	16	204.871	0	0	0
4576	C	C	199.486	37	14	14	0	199.486	0	0
4577	G	G	182.841	37	13	13	1.0842e-18	1.0842e-18	182.841	5.42101e-19
4578	C	C	184.897	37	13	13	5.42101e-19	184.897	5.42101e-19	5.42101e-19
4579	A	A	158.134	37	13	13	158.134	5.42101e-19	6.66242e-16	5.42101e-19
4580	C	C	184.896	37	13	13	5.42101e-19	184.896	5.42101e-19	5.42101e-19
4581	G	G	153.025	37	12	11	2.02312e-15	7.04731e-17	153.025	7.04731e-17
4582	T	T	141.127	37	10	10	1.11673e-14	1.11676e-14	1.11678e-14	141.127
4583	G	G	125.888	37	9	9	3.73171e-13	3.73164e-13	125.888	3.7318e-13
4584	T	T	126.537	37	9	9	3.21315e-13	3.21321e-13	3.21332e-13	126.537
4585	A	A	116.142	37	9	9	116.142	3.21342e-13	9.9163e-12	3.21321e-13
4586	C	C	126.537	37	9	9	3.21342e-13	126.537	3.21321e-13	3.21333e-13
4587	G	G	124.061	37	9	9	5.683e-13	5.68289e-13	124.061	5.68314e-13
4588	C	C	111.947	37	8	8	9.24561e-12	111.947	9.24518e-12	9.24541e-12
4589	A	A	92.1656	37	8	8	92.1656	9.24561e-12	2.61919e-09	9.24518e-12
4590	C	C	97.3575	37	7	7	2.66022e-10	97.3575	2.66011e-10	2.66017e-10
4591	G	G	58.7145	37	7	5	5.82486e-06	7.0359e-09	58.7145	7.03597e-09
4592	T	T	97.3571	37	7	7	2.66034e-10	2.66042e-10	2.66063e-10	97.3571
4593	G	G	78.6372	37	6	6	1.98125e-08	1.98123e-08	78.6372	1.98129e-08
4594	T	T	68.1779	37	5	5	2.20225e-07	2.20227e-07	2.20231e-07	68.1779
4595	A	A	27.2784	37	4	4	27.2784	6.32479e-06	0.00812211	6.32465e-06
4596	C	C	53.5881	37	4	4	6.33663e-06	53.5881	6.33648e-06	6.33657e-06
4597	G	G	22.7324	37	2	2	0.00772337	0.00772335	22.7324	0.00772341
4598	C	C	24.4241	37	2	2	0.00523015	24.4241	0.00523007	0.00523012
4599	A	A	9.60488	37	2	2	9.60488	0.00467387	0.493302	0.00467382
4600	C	N	0	0	0	0	0.0	0.0	0.0	0.0
4601	G	N	0	0	0	0	0.0	0.0	0.0	0.0
4602	T	N	0	0	0	0	0.0	0.0	0.0	0.0
4603	G	N	0	0	0	0	0.0	0.0	0.0	0.0
4604	T	N	0	0	0	0	0.0	0.0	0.0	0.0
4605	A	N	0	0	0	0	0.0	0.0	0.0	0.0
4606	C	N	0	0	0	0	0.0	0.0	0.0	0.0
4607	G	N	0	0	0	0	0.0	0.0	0.0	0.0
4608	C	N	0	0	0	0	0.0	0.0	0.0	0.0
4609	A	N	0	0	0	0	0.0	0.0	0.0	0.0
4610	C	N	0	0	0	0	0.0	0.0	0.0	0.0
4611	G	N	0	0	0	0	0.0	0.0	0.0	0.0
4612	T	N	0	0	0	0	0.0	0.0	0.0	0.0
4613	G	N	0	0	0	0	0.0	0.0	0.0	0.0
4614	T	N	0	0	0	0	0.0	0.0	0.0	0.0
4615	A	N	0	0	0	0	0.0	0.0	0.0	0.0
4616	C	N	0	0	0	0	0.0	0.0	0.0	0.0
4617	G	N	0	0	0	0	0.0	0.0	0.0	0.0
4618	C	N	0	0	0	0	0.0	0.0	0.0	0.0
4619	A	N	0	0	0	0	0.0	0.0	0.0	0.0
4620	C	N	0	0	0	0	0.0	0.0	0.0	0.0
4621	G	N	0	0	0	0	0.0	0.0	0.0	0.0
4622	T	N	0	0	0	0	0.0	0.0	0.0	0.0
4623	G	N	0	0	0	0	0.0	0.0	0.0	0.0
4624	T	N	0	0	0	0	0.0	0.0	0.0	0.0
4625	A	N	0	0	0	0	0.0	0.0	0.0	0.0
4626	C	N	0	0	0	0	0.0	0.0	0.0	0.0
4627	G	N	0	0	0	0	0.0	0.0	0.0	0.0
4628	C	N	0	0	0	0	0.0	0.0	0.0	0.0
4629	A	N	0	0	0	0	0.0	0.0	0.0	0.0
4630	C	N	0	0	0	0	0.0	0.0	0.0	0.0
4631	G	N	0	0	0	0	0.0	0.0	0.0	0.0
4632	T	N	0	0	0	0	0.0	0.0	0.0	0.0
4633	G	N	0	0	0	0	0.0	0.0	0.0	0.0
4634	T	N	0	0	0	0	0.0	0.0	0.0	0.0
4635	A	N	0	0	0	0	0.0	0.0	0.0	0.0
4636	C	N	0	0	0	0	0.0	0.0	0.0	0.0
4637	G	N	0	0	0	0	0.0	0.0	0.0	0.0
4638	C	N	0	0	0	0	0.0	0.0	0.0	0.0
4639	A	N	0	0	0	0	0.0	0.0	0.0	0.0
4640	C	N	0	0	0	0	0.0	0.0	0.0	0.0
4641	G	N	0	0	0	0	0.0	0.0	0.0	0.0
4642	T	N	0	0	0	0	0.0	0.0	0.0	0.0
4643	G	N	0	0	0	0	0.0	0.0	0.0	0.0
4644	T	N	0	0	0	0	0.0	0.0	0.0	0.0
4645	A	N	0	0	0	0	0.0	0.0	0.0	0.0
4646	C	N	0	0	0	0	0.0	0.0	0.0	0.0
4647	G	N	0	0	0	0	0.0	0.0	0.0	0.0
4648	C	N	0	0	0	0	0.0	0.0	0.0	0.0
4649	A	N	0	0	0	0	0.0	0.0	0.0	0.0
4650	C	N	0	0	0	0	0.0	0.0	0.0	0.0
4651	G	N	0	0	0	0	0.0	0.0	0.0	0.0
4652	T	N	0	0	0	0	0.0	0.0	0.0	0.0
4653	G	N	0	0	0	0	0.0	0.0	0.0	0.0
4654	T	N	0	0	0	0	0.0	0.0	0.0	0.0
4655	A	N	0	0	0	0	0.0	0.0	0.0	0.0
4656	C	N	0	0	0	0	0.0	0.0	0.0	0.0
4657	G	N	0	0	0	0	0.0	0.0	0.0	0.0
4658	C	N	0	0	0	0	0.0	0.0	0.0	0.0
4659	A	N	0	0	0	0	0.0	0.0	0.0	0.0
4660	C	N	0	0	0	0	0.0	0.0	0.0	0.0
4661	G	N	0	0	0	0	0.0	0.0	0.0	0.0
4662	T	N	0	0	0	0	0.0	0.0	0.0	0.0
4663	G	N	0	0	0	0	0.0	0.0	0.0	0.0
4664	T	N	0	0	0	0	0.0	0.0	0.0	0.0
4665	A	N	0	0	0	0	0.0	0.0	0.0	0.0
4666	C	N	0	0	0	0	0.0	0.0	0.0	0.0
4667	G	N	0	0	0	0	0.0	0.0	0.0	0.0
4668	C	N	0	0	0	0	0.0	0.0	0.0	0.0
4669	A	N	0	0	0	0	0.0	0.0	0.0	0.0
4670	C	N	0	0	0	0	0.0	0.0	0.0	0.0
4671	G	N	0	0	0	0	0.0	0.0	0.0	0.0
4672	T	N	0	0	0	0	0.0	0.0	0.0	0.0
4673	G	N	0	0	0	0	0.0	0.0	0.0	0.0
4674	T	N	0	0	0	0	0.0	0.0	0.0	0.0
4675	A	N	0	0	0	0	0.0	0.0	0.0	0.0
4676	C	N	0	0	0	0	0.0	0.0	0.0	0.0
4677	G	N	0	0	0	0	0.0	0.0	0.0	0.0
4678	C	N	0	0	0	0	0.0	0.0	0.0	0.0
4679	A	N	0	0	0	0	0.0	0.0	0.0	0.0
4680	C	N	0	0	0	0	0.0	0.0	0.0	0.0
4681	G	N	0	0	0	0	0.0	0.0	0.0	0.0
4682	T	N	0	0	0	0	0.0	0.0	0.0	0.0
4683	G	N	0	0	0	0	0.0	0.0	0.0	0.0
4684	T	N	0	0	0	0	0.0	0.0	0.0	0.0
4685	A	N	0	0	0	0	0.0	0.0	0.0	0.0
4686	C	N	0	0	0	0	0.0	0.0	0.0	0.0
4687	G	N	0	0	0	0	0.0	0.0	0.0	0.0
4688	C	N	0	0	0	0	0.0	0.0	0.0	0.0
4689	A	N	0	0	0	0	0.0	0.0	0.0	0.0
4690	C	N	0	0	0	0	0.0	0.0	0.0	0.0
4691	G	N	0	0	0	0	0.0	0.0	0.0	0.0
4692	T	N	0	0	0	0	0.0	0.0	0.0	0.0
4693	G	N	0	0	0	0	0.0	0.0	0.0	0.0
4694	T	N	0	0	0	0	0.0	0.0	0.0	0.0
4695	A	N	0	0	0	0	0.0	0.0	0.0	0.0
4696	C	N	0	0	0	0	0.0	0.0	0.0	0.0
4697	G	N	0	0	0	0	0.0	0.0	0.0	0.0
4698	C	N	0	0	0	0	0.0	0.0	0.0	0.0
4699	A	N	0	0	0	0	0.0	0.0	0.0	0.0
4700	C	N	0	0	0	0	0.0	0.0	0.0	0.0
4701	G	N	0	0	0	0	0.0	0.0	0.0	0.0
4702	T	N	0	0	0	0	0.0	0.0	0.0	0.0
4703	G	N	0	0	0	0	0.0	0.0	0.0	0.0
4704	T	N	0	0	0	0	0.0	0.0	0.0	0.0
4705	A	N	0	0	0	0	0.0	0.0	0.0	0.0
4706	C	N	0	0	0	0	0.0	0.0	0.0	0.0
4707	G	N	0	0	0	0	0.0	0.0	0.0	0.0
4708	C	N	0	0	0	0	0.0	0.0	0.0	0.0
4709	A	N	0	0	0	0	0.0	0.0	0.0	0.0
4710	C	N	0	0	0	0	0.0	0.0	0.0	0.0
4711	G	N	0	0	0	0	0.0	0.0	0.0	0.0
4712	T	N	0	0	0	0	0.0	0.0	0.0	0.0
4713	G	N	0	0	0	0	0.0	0.0	0.0	0.0
4714	T	N	0	0	0	0	0.0	0.0	0.0	0.0
4715	A	N	0	0	0	0	0.0	0.0	0.0	0.0
4716	C	N	0	0	0	0	0.0	0.0	0.0	0.0
4717	G	N	0	0	0	0	0.0	0.0	0.0	0.0
4718	C	N	0	0	0	0	0.0	0.0	0.0	0.0
4719	A	N	0	0	0	0	0.0	0.0	0.0	0.0
4720	C	N	0	0	0	0	0.0	0.0	0.0	0.0
4721	G	N	0	0	0	0	0.0	0.0	0.0	0.0
4722	T	N	0	0	0	0	0.0	0.0	0.0	0.0
4723	G	N	0	0	0	0	0.0	0.0	0.0	0.0
4724	T	N	0	0	0	0	0.0	0.0	0.0	0.0
4725	A	N	0	0	0	0	0.0	0.0	0.0	0.0
4726	C	N	0	0	0	0	0.0	0.0	0.0	0.0
4727	G	N	0	0	0	0	0.0	0.0	0.0	0.0
4728	C	N	0	0	0	0	0.0	0.0	0.0	0.0
4729	A	N	0	0	0	0	0.0	0.0	0.0	0.0
4730	C	N	0	0	0	0	0.0	0.0	0.0	0.0
4731	G	N	0	0	0	0	0.0	0.0	0.0	0.0
4732	T	N	0	0	0	0	0.0	0.0	0.0	0.0
4733	G	N	0	0	0	0	0.0	0.0	0.0	0.0
4734	T	N	0	0	0	0	0.0	0.0	0.0	0.0
4735	A	N	0	0	0	0	0.0	0.0	0.0	0.0
4736	C	N	0	0	0	0	0.0	0.0	0.0	0.0
4737	G	N	0	0	0	0	0.0	0.0	0.0	0.0
4738	C	N	0	0	0	0	0.0	0.0	0.0	0.0
4739	A	N	0	0	0	0	0.0	0.0	0.0	0.0
4740	C	N	0	0	0	0	0.0	0.0	0.0	0.0
4741	G	N	0	0	0	0	0.0	0.0	0.0	0.0
4742	T	N	0	0	0	0	0.0	0.0	0.0	0.0
4743	G	N	0	0	0	0	0.0	0.0	0.0	0.0
4744	T	N	0	0	0	0	0.0	0.0	0.0	0.0
4745	A	N	0	0	0	0	0.0	0.0	0.0	0.0
4746	C	N	0	0	0	0	0.0	0.0	0.0	0.0
4747	G	N	0	0	0	0	0.0	0.0	0.0	0.0
4748	C	N	0	0	0	0	0.0	0.0	0.0	0.0
4749	A	N	0	0	0	0	0.0	0.0	0.0	0.0
4750	C	N	0	0	0	0	0.0	0.0	0.0	0.0
4751	G	N	0	0	0	0	0.0	0.0	0.0	0.0
4752	T	N	0	0	0	0	0.0	0.0	0.0	0.0
4753	G	N	0	0	0	0	0.0	0.0	0.0	0.0
4754	T	N	0	0	0	0	0.0	0.0	0.0	0.0
4755	A	N	0	0	0	0	0.0	0.0	0.0	0.0
4756	C	N	0	0	0	0	0.0	0.0	0.0	0.0
4757	G	N	0	0	0	0	0.0	0.0	0.0	0.0
4758	C	N	0	0	0	0	0.0	0.0	0.0	0.0
4759	A	N	0	0	0	0	0.0	0.0	0.0	0.0
4760	C	N	0	0	0	0	0.0	0.0	0.0	0.0
4761	G	N	0	0	0	0	0.0	0.0	0.0	0.0
4762	T	N	0	0	0	0	0.0	0.0	0.0	0.0
4763	G	N	0	0	0	0	0.0	0.0	0.0	0.0
4764	T	N	0	0	0	0	0.0	0.0	0.0	0.0
4765	A	N	0	0	0	0	0.0	0.0	0.0	0.0
4766	C	N	0	0	0	0	0.0	0.0	0.0	0.0
4767	G	N	0	0	0	0	0.0	0.0	0.0	0.0
4768	C	N	0	0	0	0	0.0	0.0	0.0	0.0
4769	A	N	0	0	0	0	0.0	0.0	0.0	0.0
4770	C	N	0	0	0	0	0.0	0.0	0.0	0.0
4771	G	N	0	0	0	0	0.0	0.0	0.0	0.0
4772	T	N	0	0	0	0	0.0	0.0	0.0	0.0
4773	G	N	0	0	0	0	0.0	0.0	0.0	0.0
4774	T	N	0	0	0	0	0.0	0.0	0.0	0.0
4775	A	N	0	0	0	0	0.0	0.0	0.0	0.0
4776	C	N	0	0	0	0	0.0	0.0	0.0	0.0
4777	G	N	0	0	0	0	0.0	0.0	0.0	0.0
4778	C	N	0	0	0	0	0.0	0.0	0.0	0.0
4779	A	N	0	0	0	0	0.0	0.0	0.0	0.0
4780	C	N	0	0	0	0	0.0	0.0	0.0	0.0
4781	G	N	0	0	0	0	0.0	0.0	0.0	0.0
4782	T	N	0	0	0	0	0.0	0.0	0.0	0.0
4783	G	N	0	0	0	0	0.0	0.0	0.0	0.0
4784	T	N	0	0	0	0	0.0	0.0	0.0	0.0
4785	A	N	0	0	0	0	0.0	0.0	0.0	0.0
4786	C	N	0	0	0	0	0.0	0.0	0.0	0.0
4787	G	N	0	0	0	0	0.0	0.0	0.0	0.0
4788	C	N	0	0	0	0	0.0	0.0	0.0	0.0
4789	A	N	0	0	0	0	0.0	0.0	0.0	0.0
4790	C	N	0	0	0	0	0.0	0.0	0.0	0.0
4791	G	N	0	0	0	0	0.0	0.0	0.0	0.0
4792	T	N	0	0	0	0	0.0	0.0	0.0	0.0
4793	G	N	0	0	0	0	0.0	0.0	0.0	0.0
4794	T	N	0	0	0	0	0.0	0.0	0.0	0.0
4795	A	N	0	0	0	0	0.0	0.0	0.0	0.0
4796	C	N	0	0	0	0	0.0	0.0	0.0	0.0
4797	G	N	0	0	0	0	0.0	0.0	0.0	0.0
4798	C	N	0	0	0	0	0.0	0.0	0.0	0.0
4799	A	N	0	0	0	0	0.0	0.0	0.0	0.0
4800	C	N	0	0	0	0	0.0	0.0	0.0	0.0
4801	G	N	0	0	0	0	0.0	0.0	0.0	0.0
4802	T	N	0	0	0	0	0.0	0.0	0.0	0.0
4803	G	N	0	0	0	0	0.0	0.0	0.0	0.0
4804	T	N	0	0	0	0	0.0	0.0	0.0	0.0
4805	A	N	0	0	0	0	0.0	0.0	0.0	0.0
4806	C	N	0	0	0	0	0.0	0.0	0.0	0.0
4807	G	N	0	0	0	0	0.0	0.0	0.0	0.0
4808	C	N	0	0	0	0	0.0	0.0	0.0	0.0
4809	A	N	0	0	0	0	0.0	0.0	0.0	0.0
4810	C	N	0	0	0	0	0.0	0.0	0.0	0.0
4811	G	N	0	0	0	0	0.0	0.0	0.0	0.0
4812	T	N	0	0	0	0	0.0	0.0	0.0	0.0
4813	G	N	0	0	0	0	0.0	0.0	0.0	0.0
4814	T	N	0	0	0	0	0.0	0.0	0.0	0.0
4815	A	N	0	0	0	0	0.0	0.0	0.0	0.0
4816	C	N	0	0	0	0	0.0	0.0	0.0	0.0
4817	G	N	0	0	0	0	0.0	0.0	0.0	0.0
4818	C	N	0	0	0	0	0.0	0.0	0.0	0.0
4819	A	N	0	0	0	0	0.0	0.0	0.0	0.0
4820	C	N	0	0	0	0	0.0	0.0	0.0	0.0
4821	G	N	0	0	0	0	0.0	0.0	0.0	0.0
4822	T	N	0	0	0	0	0.0	0.0	0.0	0.0
4823	G	N	0	0	0	0	0.0	0.0	0.0	0.0
4824	T	N	0	0	0	0	0.0	0.0	0.0	0.0
4825	A	N	0	0	0	0	0.0	0.0	0.0	0.0
4826	C	N	0	0	0	0	0.0	0.0	0.0	0.0
4827	G	N	0	0	0	0	0.0	0.0	0.0	0.0
4828	C	N	0	0	0	0	0.0	0.0	0.0	0.0
4829	A	N	0	0	0	0	0.0	0.0	0.0	0.0
4830	C	N	0	0	0	0	0.0	0.0	0.0	0.0
4831	G	N	0	0	0	0	0.0	0.0	0.0	0.0
4832	T	N	0	0	0	0	0.0	0.0	0.0	0.0
4833	G	N	0	0	0	0	0.0	0.0	0.0	0.0
4834	T	N	0	0	0	0	0.0	0.0	0.0	0.0
4835	A	N	0	0	0	0	0.0	0.0	0.0	0.0
4836	C	N	0	0	0	0	0.0	0.0	0.0	0.0
4837	G	N	0	0	0	0	0.0	0.0	0.0	0.0
4838	C	N	0	0	0	0	0.0	0.0	0.0	0.0
4839	A	N	0	0	0	0	0.0	0.0	0.0	0.0
4840	C	N	0	0	0	0	0.0	0.0	0.0	0.0
4841	G	N	0	0	0	0	0.0	0.0	0.0	0.0
4842	T	N	0	0	0	0	0.0	0.0	0.0	0.0
4843	G	N	0	0	0	0	0.0	0.0	0.0	0.0
4844	T	N	0	0	0	0	0.0	0.0	0.0	0.0
4845	A	N	0	0	0	0	0.0	0.0	0.0	0.0
4846	C	N	0	0	0	0	0.0	0.0	0.0	0.0
4847	G	N	0	0	0	0	0.0	0.0	0.0	0.0
4848	C	N	0	0	0	0	0.0	0.0	0.0	0.0
4849	A	N	0	0	0	0	0.0	0.0	0.0	0.0
4850	C	N	0	0	0	0	0.0	0.0	0.0	0.0
4851	G	N	0	0	0	0	0.0	0.0	0.0	0.0
4852	T	N	0	0	0	0	0.0	0.0	0.0	0.0
4853	G	N	0	0	0	0	0.0	0.0	0.0	0.0
4854	T	N	0	0	0	0	0.0	0.0	0.0	0.0
4855	A	N	0	0	0	0	0.0	0.0	0.0	0.0
4856	C	N	0	0	0	0	0.0	0.0	0.0	0.0
4857	G	N	0	0	0	0	0.0	0.0	0.0	0.0
4858	C	N	0	0	0	0	0.0	0.0	0.0	0.0
4859	A	N	0	0	0	0	0.0	0.0	0.0	0.0
4860	C	N	0	0	0	0	0.0	0.0	0.0	0.0
4861	G	N	0	0	0	0	0.0	0.0	0.0	0.0
4862	T	N	0	0	0	0	0.0	0.0	0.0	0.0
4863	G	N	0	0	0	0	0.0	0.0	0.0	0.0
4864	T	N	0	0	0	0	0.0	0.0	0.0	0.0
4865	A	N	0	0	0	0	0.0	0.0	0.0	0.0
4866	C	N	0	0	0	0	0.0	0.0	0.0	0.0
4867	G	N	0	0	0	0	0.0	0.0	0.0	0.0
4868	C	N	0	0	0	0	0.0	0.0	0.0	0.0
4869	A	N	0	0	0	0	0.0	0.0	0.0	0.0
4870	C	N	0	0	0	0	0.0	0.0	0.0	0.0
4871	G	N	0	0	0	0	0.0	0.0	0.0	0.0
4872	T	N	0	0	0	0	0.0	0.0	0.0	0.0
4873	G	N	0	0	0	0	0.0	0.0	0.0	0.0
4874	T	N	0	0	0	0	0.0	0.0	0.0	0.0
4875	A	N	0	0	0	0	0.0	0.0	0.0	0.0
4876	C	N	0	0	0	0	0.0	0.0	0.0	0.0
4877	G	N	0	0	0	0	0.0	0.0	0.0	0.0
4878	C	N	0	0	0	0	0.0	0.0	0.0	0.0
4879	A	N	0	0	0	0	0.0	0.0	0.0	0.0
4880	C	N	0	0	0	0	0.0	0.0	0.0	0.0
4881	G	N	0	0	0	0	0.0	0.0	0.0	0.0
4882	T	N	0	0	0	0	0.0	0.0	0.0	0.0
4883	G	N	0	0	0	0	0.0	0.0	0.0	0.0
4884	T	N	0	0	0	0	0.0	0.0	0.0	0.0
4885	A	N	0	0	0	0	0.0	0.0	0.0	0.0
4886	C	N	0	0	0	0	0.0	0.0	0.0	0.0
4887	G	N	0	0	0	0	0.0	0.0	0.0	0.0
4888	C	N	0	0	0	0	0.0	0.0	0.0	0.0
4889	A	N	0	0	0	0	0.0	0.0	0.0	0.0
4890	C	N	0	0	0	0	0.0	0.0	0.0	0.0
4891	G	N	0	0	0	0	0.0	0.0	0.0	0.0
4892	T	N	0	0	0	0	0.0	0.0	0.0	0.0
4893	G	N	0	0	0	0	0.0	0.0	0.0	0.0
4894	T	N	0	0	0	0	0.0	0.0	0.0	0.0
4895	A	N	0	0	0	0	0.0	0.0	0.0	0.0
4896	C	N	0	0	0	0	0.0	0.0	0.0	0.0
4897	G	N	0	0	0	0	0.0	0.0	0.0	0.0
4898	C	N	0	0	0	0	0.0	0.0	0.0	0.0
4899	A	N	0	0	0	0	0.0	0.0	0.0	0.0
4900	C	N	0	0	0	0	0.0	0.0	0.0	0.0
4901	G	N	0	0	0	0	0.0	0.0	0.0	0.0
4902	T	N	0	0	0	0	0.0	0.0	0.0	0.0
4903	G	N	0	0	0	0	0.0	0.0	0.0	0.0
4904	T	N	0	0	0	0	0.0	0.0	0.0	0.0
4905	A	N	0	0	0	0	0.0	0.0	0.0	0.0
4906	C	N	0	0	0	0	0.0	0.0	0.0	0.0
4907	G	N	0	0	0	0	0.0	0.0	0.0	0.0
4908	C	N	0	0	0	0	0.0	0.0	0.0	0.0
4909	A	N	0	0	0	0	0.0	0.0	0.0	0.0
4910	C	N	0	0	0	0	0.0	0.0	0.0	0.0
4911	G	N	0	0	0	0	0.0	0.0	0.0	0.0
4912	T	N	0	0	0	0	0.0	0.0	0.0	0.0
4913	G	N	0	0	0	0	0.0	0.0	0.0	0.0
4914	T	N	0	0	0	0	0.0	0.0	0.0	0.0
4915	A	N	0	0	0	0	0.0	0.0	0.0	0.0
4916	C	N	0	0	0	0	0.0	0.0	0.0	0.0
4917	G	N	0	0	0	0	0.0	0.0	0.0	0.0
4918	C	N	0	0	0	0	0.0	0.0	0.0	0.0
4919	A	N	0	0	0	0	0.0	0.0	0.0	0.0
4920	C	N	0	0	0	0	0.0	0.0	0.0	0.0
4921	G	N	0	0	0	0	0.0	0.0	0.0	0.0
4922	T	N	0	0	0	0	0.0	0.0	0.0	0.0
4923	G	N	0	0	0	0	0.0	0.0	0.0	0.0
4924	T	N	0	0	0	0	0.0	0.0	0.0	0.0
4925	A	N	0	0	0	0	0.0	0.0	0.0	0.0
4926	C	N	0	0	0	0	0.0	0.0	0.0	0.0
4927	G	N	0	0	0	0	0.0	0.0	0.0	0.0
4928	C	N	0	0	0	0	0.0	0.0	0.0	0.0
4929	A	N	0	0	0	0	0.0	0.0	0.0	0.0
4930	C	N	0	0	0	0	0.0	0.0	0.0	0.0
4931	G	N	0	0	0	0	0.0	0.0	0.0	0.0
4932	T	N	0	0	0	0	0.0	0.0	0.0	0.0
4933	G	N	0	0	0	0	0.0	0.0	0.0	0.0
4934	T	N	0	0	0	0	0.0	0.0	0.0	0.0
4935	A	N	0	0	0	0	0.0	0.0	0.0	0.0
4936	C	N	0	0	0	0	0.0	0.0	0.0	0.0
4937	G	N	0	0	0	0	0.0	0.0	0.0	0.0
4938	C	N	0	0	0	0	0.0	0.0	0.0	0.0
4939	A	N	0	0	0	0	0.0	0.0	0.0	0.0
4940	C	N	0	0	0	0	0.0	0.0	0.0	0.0
4941	G	N	0	0	0	0	0.0	0.0	0.0	0.0
4942	T	N	0	0	0	0	0.0	0.0	0.0	0.0
4943	G	N	0	0	0	0	0.0	0.0	0.0	0.0
4944	T	N	0	0	0	0	0.0	0.0	0.0	0.0
4945	A	N	0	0	0	0	0.0	0.0	0.0	0.0
4946	C	N	0	0	0	0	0.0	0.0	0.0	0.0
4947	G	N	0	0	0	0	0.0	0.0	0.0	0.0
4948	C	N	0	0	0	0	0.0	0.0	0.0	0.0
4949	A	N	0	0	0	0	0.0	0.0	0.0	0.0
4950	C	N	0	0	0	0	0.0	0.0	0.0	0.0
4951	G	N	0	0	0	0	0.0	0.0	0.0	0.0
4952	T	N	0	0	0	0	0.0	0.0	0.0	0.0
4953	G	N	0	0	0	0	0.0	0.0	0.0	0.0
4954	T	N	0	0	0	0	0.0	0.0	0.0	0.0
4955	A	N	0	0	0	0	0.0	0.0	0.0	0.0
4956	C	N	0	0	0	0	0.0	0.0	0.0	0.0
4957	G	N	0	0	0	0	0.0	0.0	0.0	0.0
4958	C	N	0	0	0	0	0.0	0.0	0.0	0.0
4959	A	N	0	0	0	0	0.0	0.0	0.0	0.0
4960	C	N	0	0	0	0	0.0	0.0	0.0	0.0
4961	G	N	0	0	0	0	0.0	0.0	0.0	0.0
4962	T	N	0	0	0	0	0.0	0.0	0.0	0.0
4963	G	N	0	0	0	0	0.0	0.0	0.0	0.0
4964	T	N	0	0	0	0	0.0	0.0	0.0	0.0
4965	A	N	0	0	0	0	0.0	0.0	0.0	0.0
4966	C	N	0	0	0	0	0.0	0.0	0.0	0.0
4967	G	N	0	0	0	0	0.0	0.0	0.0	0.0
4968	C	N	0	0	0	0	0.0	0.0	0.0	0.0
4969	A	N	0	0	0	0	0.0	0.0	0.0	0.0
4970	C	N	0	0	0	0	0.0	0.0	0.0	0.0
4971	G	N	0	0	0	0	0.0	0.0	0.0	0.0
4972	T	N	0	0	0	0	0.0	0.0	0.0	0.0
4973	G	N	0	0	0	0	0.0	0.0	0.0	0.0
4974	T	N	0	0	0	0	0.0	0.0	0.0	0.0
4975	A	N	0	0	0	0	0.0	0.0	0.0	0.0
4976	C	N	0	0	0	0	0.0	0.0	0.0	0.0
4977	G	N	0	0	0	0	0.0	0.0	0.0	0.0
4978	C	T	5.31413	37	1	1	0.107867	1.2211	0.107867	5.31413
4979	A	A	10.2493	37	1	1	10.2493	0.138885	0.138885	0.138884
4980	C	C	9.48744	37	1	1	0.166033	9.48744	0.166032	0.166033
4981	G	G	10.2493	37	1	1	0.138885	0.138884	10.2493	0.138885
4982	T	T	7.08557	37	1	1	0.123139	0.65361	0.12314	7.08557
4983	G	G	10.2493	37	1	1	0.138885	0.138884	10.2493	0.138885
4984	T	T	18.3715	37	2	2	0.00517262	0.0531724	0.00517268	18.3715
4985	A	A	24.4241	37	2	2	24.4241	0.00523013	0.00523009	0.00523007
4986	C	C	8.26918	37	2	1	0.0210742	8.26918	0.0210743	0.651394
4987	G	G	53.588	37	4	4	6.33671e-06	6.33658e-06	53.588	6.33681e-06
4988	C	C	63.7968	37	5	5	6.0393e-07	63.7968	6.03906e-07	6.03919e-07
4989	A	A	68.1779	37	5	5	68.1779	2.20231e-07	2.20227e-07	2.20224e-07
4990	C	C	75.0151	37	7	6	4.44742e-09	75.0151	4.44731e-09	1.27963e-07
4991	G	G	111.947	37	8	8	9.24538e-12	9.24516e-12	111.947	9.24557e-12
4992	T	T	94.5345	37	10	10	1.11676e-14	1.52873e-09	1.11686e-14	94.5345
4993	G	G	141.127	37	10	10	1.11676e-14	1.11673e-14	141.127	1.11678e-14
4994	T	T	117.984	37	12	12	1.35525e-17	6.90885e-12	1.35525e-17	117.984
4995	A	A	184.897	37	13	13	184.897	5.42101e-19	5.42101e-19	5.42101e-19
4996	C	C	180.83	37	14	13	0	180.83	0	3.25261e-18
4997	G	G	214.076	37	15	15	0	0	214.076	0
4998	C	C	187.283	34.1488	16	14	0	187.283	0	0
4999	A	A	228.666	34.1488	16	16	228.666	0	0	0
5000	C	C	206.15	34.2735	17	15	0	206.15	0	0
5001	G	G	272.435	34.4921	19	19	0	0	272.435	0
5002	T	T	245.26	34.4921	19	19	0	0	0	245.26
5003	G	G	301.615	34.6774	21	21	0	0	301.615	0
5004	T	T	276.387	34.8367	23	23	0	0	0	276.387
5005	A	A	389.154	33.778	27	27	389.154	0	0	0
5006	C	C	328.866	33.9378	29	25	0	328.866	0	0
5007	G	G	476.692	34.2126	33	33	0	0	476.692	0
5008	C	C	402.207	34.3318	35	30	0	402.207	0	0
5009	A	A	520.462	34.3875	36	36	520.462	0	0	0
5010	C	C	536.279	34.5412	39	38	0	536.279	0	0
5011	G	G	608.002	34.6774	42	42	0	0	608.002	0
5012	T	T	564.79	34.8731	47	47	0	0	0	564.79
5013	G	G	710.101	34.9423	49	49	0	0	710.101	0
5014	T	T	624.436	35.0071	51	51	0	0	0	624.436
5015	A	A	753.9	35.0379	52	52	753.9	0	0	0
5016	C	C	724.916	35.1522	56	52	0	724.916	0	0
5017	G	G	885.208	35.2773	61	61	0	0	885.208	0
5018	C	C	755.843	35.3657	65	57	0	755.843	0	0
5019	A	A	972.747	34.7862	67	67	972.747	0	0	0
5020	C	C	912.55	34.885	71	66	0	912.55	0	0
5021	G	G	1089.47	34.9752	75	75	0	0	1089.47	0
5022	T	T	990.373	34.9966	76	76	0	0	0	990.373
5023	G	G	1133.23	35.0379	78	78	0	0	1133.23	0
5024	T	T	1072.37	35.1156	82	82	0	0	0	1072.37
5025	A	A	1220.77	34.6774	84	84	1220.77	0	0	0
5026	C	C	1144.03	34.3431	88	82	0	1144.03	0	0
5027	G	G	1293.72	34.3655	89	89	0	0	1293.72	0
5028	C	C	1287.59	34.4719	94	91	0	1287.59	0	0
5029	A	A	1425.03	34.5508	98	98	1425.03	0	0	0
5030	C	C	1347.95	34.6426	103	97	0	1347.95	0	0
5031	G	G	1521.29	34.6944	106	105	0	0	1521.29	0
5032	T	T	1426.29	34.7277	108	108	0	0	0	1426.29
5033	G	G	1658.47	34.1856	114	114	0	0	1658.47	0
5034	T	T	1552.92	34.2391	117	117	0	0	0	1552.92
5035	A	A	1760.6	34.0295	121	121	1760.6	0	0	0
5036	C	C	1751.08	34.0819	124	122	0	1751.08	0	0
5037	G	G	1822.9	34.165	129	127	0	0	1822.9	0
5038	C	C	1769.36	34.2735	136	127	0	1769.36	0	0
5039	A	A	2085.12	34.3875	144	144	2085.12	0	0	0
5040	A	A	2170.79	34.4668	150	150	2170.79	0	0	0
5041	G	G	2137.96	34.7136	150	148	0	0	2137.96	0
5042	T	T	2047.43	34.7713	155	155	0	0	0	2047.43
5043	G	G	2274.04	34.8045	158	157	0	0	2274.04	0
5044	T	T	2208.18	35.1156	164	164	0	0	0	2208.18
5045	A	A	2422.53	35.1699	170	170	2422.53	0	0	0
5046	C	C	2421.69	35.1959	173	170	0	2421.69	0	0
5047	G	G	2501.81	35.2128	175	173	0	0	2501.81	0
5048	G	G	2587.91	35.2457	179	179	0	0	2587.91	0
5049	A	A	2459.6	35.2294	177	177	2459.6	0	0	0
5050	A	A	2434.32	35.2294	177	177	2434.32	0	0	0
5051	G	G	2510.37	35.2211	176	174	0	0	2510.37	0
5052	T	T	2473.1	35.2616	181	181	0	0	0	2473.1
5053	G	G	2453.74	35.2616	181	173	0	0	2453.74	0
5054	T	T	2480	35.2537	180	180	0	0	0	2480
5055	A	A	2416.58	35.7734	182	181	2416.58	0	0	0
5056	A	A	2385.8	35.7616	180	180	2385.8	0	0	0
5057	G	G	2417.36	35.7555	179	172	0	0	2417.36	0
5058	G	G	2384.45	35.9998	172	167	0	0	2384.45	0
5059	G	G	2316.27	35.9945	171	163	0	0	2316.27	0
5060	T	T	2357.97	35.9893	170	170	0	0	0	2357.97
5061	A	A	2315.98	36.2852	166	166	2315.98	0	0	0
5062	A	A	2327.76	36.2892	167	167	2327.76	0	0	0
5063	G	G	2344.33	36.2852	166	163	0	0	2344.33	0
5064	C	C	2329.36	36.6343	169	163	0	2329.36	0	0
5065	A	A	2362.2	36.6322	168	168	2362.2	0	0	0
5066	A	A	2390.25	36.6384	171	171	2390.25	0	0	0
5067	G	G	2409.13	36.6424	173	168	0	0	2409.13	0
5068	G	G	2541.2	36.652	178	176	0	0	2541.2	0
5069	G	G	2606.79	36.6576	181	180	0	0	2606.79	0
5070	T	T	2443.05	36.6557	180	180	0	0	0	2443.05
5071	T	T	2466.58	36.6612	183	183	0	0	0	2466.58
5072	T	T	2436.07	37	180	180	0	0	0	2436.07
5073	T	T	2501.81	37	184	184	0	0	0	2501.81
5074	T	T	2522.37	37	182	182	0	0	0	2522.37
5075	A	A	2424.52	37	180	180	2424.52	0	0	0
5076	G	G	2416.04	37	178	170	0	0	2416.04	0
5077	A	A	2362.58	37	176	176	2362.58	0	0	0
5078	T	T	2455.82	37	179	179	0	0	0	2455.82
5079	T	T	2381.48	37	177	177	0	0	0	2381.48
5080	T	T	2395.26	37	176	176	0	0	0	2395.26
5081	T	T	2353.26	37	174	174	0	0	0	2353.26
5082	A	A	2430.62	37	177	177	2430.62	0	0	0
5083	A	A	2470.57	37	179	179	2470.57	0	0	0
5084	A	A	2433.83	37	180	180	2433.83	0	0	0
5085	C	C	2475.25	37	177	173	0	2475.25	0	0
5086	T	T	2422.35	37	175	175	0	0	0	2422.35
5087	A	A	2293.05	37	171	171	2293.05	0	0	0
5088	G	G	2392.25	37	171	167	0	0	2392.25	0
5089	C	C	2399.09	37	169	167	0	2399.09	0	0
5090	T	T	2305.79	37	168	168	0	0	0	2305.79
5091	T	T	2315.22	37	173	173	0	0	0	2315.22
5092	A	A	2362.51	37	173	173	2362.51	0	0	0
5093	A	A	2388.63	37	175	175	2388.63	0	0	0
5094	T	T	2339.61	37	175	175	0	0	0	2339.61
5095	C	C	2423.06	37	175	170	0	2423.06	0	0
5096	A	A	2452.96	37	176	176	2452.96	0	0	0
5097	A	A	2468.52	37	177	177	2468.52	0	0	0
5098	A	A	2455.62	37	178	178	2455.62	0	0	0
5099	C	C	2367.76	37	178	168	0	2367.76	0	0
5100	C	C	2551.78	36.6557	180	177	0	2551.78	0	0
5101	C	C	2524.26	36.6557	180	176	0	2524.26	0	0
5102	C	C	2533.65	36.3469	183	178	0	2533.65	0	0
5103	C	C	2560.64	36.3402	181	178	0	2560.64	0	0
5104	C	C	2573.8	36.3435	182	179	0	2573.8	0	0
5105	T	T	2487.58	36.3502	184	184	0	0	0	2487.58
5106	T	T	2432.34	36.0397	180	180	0	0	0	2432.34
5107	A	A	2479.75	36.03	178	178	2479.75	0	0	0
5108	C	C	2422	35.4788	177	170	0	2422	0	0
5109	C	C	2467.58	35.486	178	173	0	2467.58	0	0
5110	C	C	2585.91	35.521	183	180	0	2585.91	0	0
5111	C	C	2599.51	35.5346	185	181	0	2599.51	0	0
5112	C	C	2673.82	35.5675	190	187	0	2673.82	0	0
5113	C	C	2674.9	35.5739	191	188	0	2674.9	0	0
5114	G	G	2687.08	35.5675	190	187	0	0	2687.08	0
5115	T	T	2579.86	35.5739	191	191	0	0	0	2579.86
5116	A	A	2558.23	35.5545	188	188	2558.23	0	0	0
5117	A	A	2518.41	35.521	183	183	2518.41	0	0	0
5118	C	C	2544.38	35.5002	180	177	0	2544.38	0	0
5119	T	T	2501.03	35.5072	181	181	0	0	0	2501.03
5120	T	T	2519.22	35.5002	180	180	0	0	0	2519.22
5121	C	C	2544.83	35.5002	180	177	0	2544.83	0	0
5122	A	A	2464.94	35.5072	181	181	2464.94	0	0	0
5123	A	A	2443.65	35.4788	177	177	2443.65	0	0	0
5124	G	G	2461.86	35.4641	175	171	0	0	2461.86	0
5125	G	G	2371	35.4788	177	169	0	0	2371	0
5126	A	A	2483.32	35.4788	177	177	2483.32	0	0	0
5127	G	G	2517.75	35.4931	179	175	0	0	2517.75	0
5128	C	C	2441.67	35.486	178	172	0	2441.67	0	0
5129	T	T	2462	35.5072	181	181	0	0	0	2462
5130	T	T	2482.22	35.5002	180	180	0	0	0	2482.22
5131	A	A	2533.04	35.5346	185	185	2533.04	0	0	0
5132	T	T	2567.33	35.8186	190	190	0	0	0	2567.33
5133	G	G	2620.02	35.8186	190	184	0	0	2620.02	0
5134	C	C	2657.05	35.5865	193	186	0	2657.05	0	0
5135	A	A	2605.13	35.8452	195	195	2605.13	0	0	0
5136	C	C	2600.4	35.84	194	184	0	2600.4	0	0
5137	A	A	2624.41	35.8504	196	196	2624.41	0	0	0
5138	T	T	2636.26	35.8606	198	198	0	0	0	2636.26
5139	T	T	2644.81	35.8606	198	198	0	0	0	2644.81
5140	T	T	2597.45	35.8452	195	195	0	0	0	2597.45
5141	A	A	2755.4	35.8606	198	198	2755.4	0	0	0
5142	T	T	2652.82	35.8756	201	201	0	0	0	2652.82
5143	G	G	2722.21	35.8805	202	193	0	0	2722.21	0
5144	G	G	2737.91	36.1227	199	193	0	0	2737.91	0
5145	A	A	2807.04	36.1498	206	206	2807.04	0	0	0
5146	T	T	2811.33	36.1498	206	206	0	0	0	2811.33
5147	G	G	2783.29	36.1306	201	195	0	0	2783.29	0
5148	T	T	2725.93	36.1106	196	196	0	0	0	2725.93
5149	C	C	2749.63	36.6844	197	192	0	2749.63	0	0
5150	T	T	2773.81	36.6919	202	202	0	0	0	2773.81
5151	T	T	2835.76	36.4204	208	208	0	0	0	2835.76
5152	G	G	2887.68	36.4204	208	202	0	0	2887.68	0
5153	C	C	2858.82	36.423	209	201	0	2858.82	0	0
5154	C	C	2997.97	36.4256	210	208	0	2997.97	0	0
5155	A	A	2826.89	36.4098	204	204	2826.89	0	0	0
5156	A	A	2847.84	36.146	205	205	2847.84	0	0	0
5157	A	A	2820.05	36.146	205	205	2820.05	0	0	0
5158	C	C	2832.15	36.1345	202	197	0	2832.15	0	0
5159	C	C	2832.86	36.1422	204	199	0	2832.86	0	0
5160	C	C	2791.02	36.1498	206	197	0	2791.02	0	0
5161	C	C	2849.31	36.423	209	201	0	2849.31	0	0
5162	C	C	2871.04	36.4281	211	203	0	2871.04	0	0
5163	A	A	2882.93	36.4331	213	213	2882.93	0	0	0
5164	A	A	2876.38	36.4306	212	212	2876.38	0	0	0
5165	A	A	2868.35	36.423	209	209	2868.35	0	0	0
5166	A	A	2841.1	36.4124	205	205	2841.1	0	0	0
5167	C	C	2950.31	36.4256	210	206	0	2950.31	0	0
5168	C	C	2859.25	36.4098	204	199	0	2859.25	0	0
5169	A	A	2899.75	36.4204	208	208	2899.75	0	0	0
5170	G	G	2992.18	36.4331	213	208	0	0	2992.18	0
5171	G	G	2909.59	36.4281	211	204	0	0	2909.59	0
5172	A	A	2828.96	36.7046	211	211	2828.96	0	0	0
5173	T	T	2890.72	36.7019	209	209	0	0	0	2890.72
5174	T	T	2893.78	36.6991	207	207	0	0	0	2893.78
5175	A	A	2732.16	36.6934	203	203	2732.16	0	0	0
5176	A	A	2763.54	36.6934	203	203	2763.54	0	0	0
5177	T	T	2763.45	36.6919	202	202	0	0	0	2763.45
5178	G	G	2819.44	36.6949	204	197	0	0	2819.44	0
5179	G	G	2979.75	36.7033	210	207	0	0	2979.75	0
5180	A	A	2938.14	36.7073	213	213	2938.14	0	0	0
5181	C	C	2944.48	36.706	212	206	0	2944.48	0	0
5182	A	A	3042.93	36.7188	222	222	3042.93	0	0	0
5183	T	T	2930.03	36.7188	222	222	0	0	0	2930.03
5184	G	G	3103.6	36.7176	221	216	0	0	3103.6	0
5185	C	C	3093.71	36.7224	225	217	0	3093.71	0	0
5186	A	A	3088.78	36.7212	224	224	3088.78	0	0	0
5187	A	A	3069.37	36.7151	219	219	3069.37	0	0	0
5188	A	A	3101.34	36.7163	220	220	3101.34	0	0	0
5189	C	C	3177.23	36.7188	222	220	0	3177.23	0	0
5190	C	C	3124.55	36.7188	222	217	0	3124.55	0	0
5191	T	T	3105.55	36.7224	225	225	0	0	0	3105.55
5192	G	G	3195.49	36.726	228	223	0	0	3195.49	0
5193	A	A	3142.13	36.7283	230	230	3142.13	0	0	0
5194	A	A	3112.68	36.7283	230	230	3112.68	0	0	0
5195	G	G	3177.34	36.7283	230	223	0	0	3177.34	0
5196	G	G	3188.63	37	229	223	0	0	3188.63	0
5197	T	T	3120.89	37	226	226	0	0	0	3120.89
5198	T	T	3120.79	37	226	226	0	0	0	3120.79
5199	T	T	3069.71	37	222	222	0	0	0	3069.71
5200	T	T	3077.24	37	223	223	0	0	0	3077.24
5201	A	A	3078.73	37	227	227	3078.73	0	0	0
5202	C	C	3076.67	37	223	216	0	3076.67	0	0
5203	A	A	2970.62	37	223	223	2970.62	0	0	0
5204	C	C	3065.51	37	223	215	0	3065.51	0	0
5205	C	C	3108.15	37	219	216	0	3108.15	0	0
5206	C	C	3071.93	37	217	213	0	3071.93	0	0
5207	C	C	2985.94	37	212	208	0	2985.94	0	0
5208	A	A	2867.8	37	211	211	2867.8	0	0	0
5209	A	A	2828.68	37	207	207	2828.68	0	0	0
5210	A	A	2808.81	37	208	208	2808.81	0	0	0
5211	T	T	2837.8	37	207	207	0	0	0	2837.8
5212	C	C	2834.1	37	203	198	0	2834.1	0	0
5213	C	C	2796.62	37	200	195	0	2796.62	0	0
5214	C	C	2815.97	37	201	196	0	2815.97	0	0
5215	A	A	2663.94	37	201	201	2663.94	0	0	0
5216	C	C	2741.42	37	202	193	0	2741.42	0	0
5217	T	T	2679.71	37	197	197	0	0	0	2679.71
5218	A	A	2590.18	37	191	191	2590.18	0	0	0
5219	A	A	2601.7	37	189	189	2601.7	0	0	0
5220	T	T	2572.29	37	186	186	0	0	0	2572.29
5221	A	A	2506.65	37	182	182	2506.65	0	0	0
5222	A	A	2497.38	37	185	185	2497.38	0	0	0
5223	G	G	2576.38	37	182	179	0	0	2576.38	0
5224	T	T	2556.78	37	183	183	0	0	0	2556.78
5225	A	A	2463.68	37	182	182	2463.68	0	0	0
5226	A	A	2440.67	37	180	180	2440.67	0	0	0
5227	A	A	2424.14	37	177	177	2424.14	0	0	0
5228	A	A	2404.02	37	174	174	2404.02	0	0	0
5229	T	T	2446.29	37	176	176	0	0	0	2446.29
5230	T	T	2412.06	37	173	173	0	0	0	2412.06
5231	C	C	2433.02	36.3228	176	170	0	2433.02	0	0
5232	C	C	2417.25	36.3156	174	169	0	2417.25	0	0
5233	A	A	2412.75	36.3264	177	177	2412.75	0	0	0
5234	G	G	2442.65	36.3156	174	170	0	0	2442.65	0
5235	C	C	2373.42	36.3045	171	166	0	2373.42	0	0
5236	C	C	2419.53	36.3192	175	170	0	2419.53	0	0
5237	G	G	2483.8	36.3299	178	173	0	0	2483.8	0
5238	A	A	2509.24	36.3402	181	181	2509.24	0	0	0
5239	A	A	2564.79	36.3534	185	185	2564.79	0	0	0
5240	T	T	2473.78	36.072	187	187	0	0	0	2473.78
5241	A	A	2629.47	36.0938	192	192	2629.47	0	0	0
5242	A	A	2712.72	36.1187	198	198	2712.72	0	0	0
5243	T	T	2638.38	36.1227	199	199	0	0	0	2638.38
5244	C	C	2805.03	36.1345	202	197	0	2805.03	0	0
5245	A	A	2753.89	36.1345	202	202	2753.89	0	0	0
5246	C	C	2767.48	36.1227	199	194	0	2767.48	0	0
5247	T	T	2712.21	36.1146	197	197	0	0	0	2712.21
5248	G	G	2858.29	36.1422	204	200	0	0	2858.29	0
5249	T	T	2721.1	36.1267	200	200	0	0	0	2721.1
5250	A	A	2740.22	36.1345	202	202	2740.22	0	0	0
5251	T	T	2747.51	36.1267	200	200	0	0	0	2747.51
5252	C	C	2665.36	36.1146	197	189	0	2665.36	0	0
5253	A	A	2647.18	36.0981	193	193	2647.18	0	0	0
5254	C	C	2704.23	36.1023	194	189	0	2704.23	0	0
5255	A	A	2691.64	36.1106	196	196	2691.64	0	0	0
5256	G	G	2802.74	35.8657	199	195	0	0	2802.74	0
5257	G	G	2831.34	36.1306	201	197	0	0	2831.34	0
5258	C	C	2715.09	36.1227	199	191	0	2715.09	0	0
5259	A	A	2680.42	36.1106	196	196	2680.42	0	0	0
5260	T	T	2706.11	36.1106	196	196	0	0	0	2706.11
5261	G	G	2670.26	36.0896	191	186	0	0	2670.26	0
5262	A	A	2659.3	36.1023	194	194	2659.3	0	0	0
5263	G	G	2728.84	36.1064	195	190	0	0	2728.84	0
5264	A	A	2624.48	36.0938	192	192	2624.48	0	0	0
5265	C	C	2666.33	36.0765	188	185	0	2666.33	0	0
5266	T	T	2613.52	36.0896	191	191	0	0	0	2613.52
5267	T	T	2634.49	36.0852	190	190	0	0	0	2634.49
5268	T	T	2631.62	36.3693	190	190	0	0	0	2631.62
5269	A	A	2563.79	36.3693	190	190	2563.79	0	0	0
5270	A	A	2523.59	36.3599	187	187	2523.59	0	0	0
5271	A	A	2517.51	36.3502	184	184	2517.51	0	0	0
5272	T	T	2553.92	36.3599	187	187	0	0	0	2553.92
5273	T	T	2535.47	36.3599	187	187	0	0	0	2535.47
5274	T	T	2554.04	36.363	188	188	0	0	0	2554.04
5275	A	A	2520.13	36.3724	191	191	2520.13	0	0	0
5276	G	G	2599.43	36.3599	187	182	0	0	2599.43	0
5277	G	G	2395.85	36.3469	183	171	0	0	2395.85	0
5278	A	A	2402.4	36.3435	182	182	2402.4	0	0	0
5279	T	T	2457.6	36.6576	181	181	0	0	0	2457.6
5280	C	C	2411.96	36.6482	176	169	0	2411.96	0	0
5281	T	T	2403.04	36.652	178	178	0	0	0	2403.04
5282	A	A	2393.25	36.6463	175	175	2393.25	0	0	0
5283	T	T	2387.91	36.6539	179	179	0	0	0	2387.91
5284	C	C	2464.79	36.6576	181	174	0	2464.79	0	0
5285	T	T	2401.01	36.6463	175	175	0	0	0	2401.01
5286	A	A	2480.76	36.6557	180	180	2480.76	0	0	0
5287	T	T	2432.74	36.6612	183	183	0	0	0	2432.74
5288	G	G	2633.39	36.6612	183	182	0	0	2633.39	0
5289	G	G	2587.73	36.6629	184	180	0	0	2587.73	0
5290	A	A	2533.96	36.6664	186	186	2533.96	0	0	0
5291	A	A	2567.38	36.6699	188	188	2567.38	0	0	0
5292	A	A	2594.39	36.6682	187	187	2594.39	0	0	0
5293	T	T	2564.27	36.6715	189	189	0	0	0	2564.27
5294	T	T	2582.12	36.6715	189	189	0	0	0	2582.12
5295	T	T	2540.96	36.6664	186	186	0	0	0	2540.96
5296	T	T	2567.7	36.6682	187	187	0	0	0	2567.7
5297	T	T	2612.92	36.6715	189	189	0	0	0	2612.92
5298	T	T	2644.08	36.6715	189	189	0	0	0	2644.08
5299	T	T	2612.59	36.6664	186	186	0	0	0	2612.59
5300	T	T	2564.1	36.6647	185	185	0	0	0	2564.1
5301	T	T	2597.5	36.6699	188	188	0	0	0	2597.5
5302	T	T	2595.95	36.3662	189	189	0	0	0	2595.95
5303	A	A	2542.62	36.363	188	188	2542.62	0	0	0
5304	C	C	2670.96	36.363	188	186	0	2670.96	0	0
5305	T	T	2537.7	36.363	188	188	0	0	0	2537.7
5306	C	C	2576.23	36.3534	185	180	0	2576.23	0	0
5307	T	T	2507.25	36.3502	184	184	0	0	0	2507.25
5308	G	G	2476.66	36.6576	181	174	0	0	2476.66	0
5309	C	C	2511.52	36.6576	181	176	0	2511.52	0	0
5310	T	T	2502.09	36.6682	187	187	0	0	0	2502.09
5311	T	T	2510.39	36.6664	186	186	0	0	0	2510.39
5312	C	C	2458.22	36.6647	185	175	0	2458.22	0	0
5313	C	C	2513.98	36.3662	189	179	0	2513.98	0	0
5314	C	C	2625.32	36.3814	194	186	0	2625.32	0	0
5315	T	T	2611.54	36.3873	196	196	0	0	0	2611.54
5316	C	C	2740.67	36.3959	199	193	0	2740.67	0	0
5317	C	C	2797.08	36.407	203	196	0	2797.08	0	0
5318	T	T	2789.94	36.4151	206	206	0	0	0	2789.94
5319	A	A	2784.6	36.4151	206	206	2784.6	0	0	0
5320	T	T	2836.66	36.4204	208	208	0	0	0	2836.66
5321	T	T	2834.76	36.423	209	209	0	0	0	2834.76
5322	G	G	2822.31	36.407	203	197	0	0	2822.31	0
5323	A	A	2774.06	36.4043	202	202	2774.06	0	0	0
5324	T	T	2785.86	36.4151	206	206	0	0	0	2785.86
5325	T	T	2813.24	36.4204	208	208	0	0	0	2813.24
5326	T	T	2816.47	36.423	209	209	0	0	0	2816.47
5327	T	T	2821.68	36.4204	208	208	0	0	0	2821.68
5328	T	T	2787.3	36.4151	206	205	0	0	0	2787.3
5329	C	C	2794.68	36.1645	210	199	0	2794.68	0	0
5330	C	C	2799.15	36.1572	208	198	0	2799.15	0	0
5331	G	G	3034.11	36.1787	214	211	0	0	3034.11	0
5332	T	T	2892.9	36.1787	214	214	0	0	0	2892.9
5333	T	T	2862.96	36.1645	210	210	0	0	0	2862.96
5334	A	A	2918.16	36.1609	209	209	2918.16	0	0	0
5335	T	T	2921.86	36.1822	215	215	0	0	0	2921.86
5336	T	T	2953.28	36.1787	214	214	0	0	0	2953.28
5337	A	A	2970.47	35.9406	215	215	2970.47	0	0	0
5338	T	T	2997.46	35.9578	219	219	0	0	0	2997.46
5339	C	C	3021.02	35.9536	218	212	0	3021.02	0	0
5340	A	A	2943.43	36.1857	216	216	2943.43	0	0	0
5341	C	C	2979.49	36.1752	213	208	0	2979.49	0	0
5342	T	T	2963.37	36.1787	214	214	0	0	0	2963.37
5343	T	T	3007.47	36.1959	219	219	0	0	0	3007.47
5344	T	T	2996.14	36.1891	217	217	0	0	0	2996.14
5345	T	T	2939.5	36.1822	215	215	0	0	0	2939.5
5346	T	T	2959.58	36.1822	215	215	0	0	0	2959.58
5347	T	T	2932.85	36.1822	215	215	0	0	0	2932.85
5348	G	G	2978.85	36.1645	210	207	0	0	2978.85	0
5349	G	G	2960.62	36.1752	213	207	0	0	2960.62	0
5350	C	C	2846.17	36.4281	211	202	0	2846.17	0	0
5351	C	C	2920.72	36.4124	205	203	0	2920.72	0	0
5352	A	A	2741.24	36.407	203	203	2741.24	0	0	0
5353	C	C	2871.59	36.4098	204	200	0	2871.59	0	0
5354	A	A	2731.58	36.6875	199	199	2731.58	0	0	0
5355	A	A	2775.81	36.6934	203	203	2775.81	0	0	0
5356	A	A	2768.64	36.6905	201	200	2768.64	0	0	0
5357	C	C	2775.76	36.6905	201	195	0	2775.76	0	0
5358	T	T	2757.44	37	205	205	0	0	0	2757.44
5359	T	T	2788.71	37	208	208	0	0	0	2788.71
5360	T	T	2829.65	37	211	211	0	0	0	2829.65
5361	T	T	2847.58	37	210	210	0	0	0	2847.58
5362	A	A	2810.76	37	211	211	2810.76	0	0	0
5363	C	C	2911.81	37	208	203	0	2911.81	0	0
5364	T	T	2822.15	37	205	205	0	0	0	2822.15
5365	A	A	2832.18	37	206	206	2832.18	0	0	0
5366	A	A	2797.24	37	202	202	2797.24	0	0	0
5367	A	A	2809.52	37	201	201	2809.52	0	0	0
5368	T	T	2765.6	37	198	198	0	0	0	2765.6
5369	T	T	2766.53	37	201	201	0	0	0	2766.53
5370	G	G	2858.21	37	206	200	0	0	2858.21	0
5371	T	T	2813.05	36.4151	206	206	0	0	0	2813.05
5372	C	C	2918.84	36.4178	207	203	0	2918.84	0	0
5373	C	C	2787.65	36.146	205	196	0	2787.65	0	0
5374	C	C	2899.57	36.1535	207	202	0	2899.57	0	0
5375	A	A	2790.86	36.146	205	205	2790.86	0	0	0
5376	T	T	2804.09	36.1384	203	203	0	0	0	2804.09
5377	A	A	2785.59	36.1384	203	203	2785.59	0	0	0
5378	C	C	2865.06	36.1422	204	200	0	2865.06	0	0
5379	A	A	2788.18	36.1422	204	204	2788.18	0	0	0
5380	A	A	2827.21	36.1498	206	206	2827.21	0	0	0
5381	A	A	2918.19	36.1787	214	214	2918.19	0	0	0
5382	T	T	2832.56	36.1717	212	212	0	0	0	2832.56
5383	C	C	2916.87	36.1609	209	204	0	2916.87	0	0
5384	C	C	2892.16	36.1717	212	204	0	2892.16	0	0
5385	T	T	2867.96	36.1681	211	211	0	0	0	2867.96
5386	A	A	2921.25	36.1787	214	214	2921.25	0	0	0
5387	A	A	2917.11	36.1645	210	210	2917.11	0	0	0
5388	A	A	2870.53	36.1572	208	208	2870.53	0	0	0
5389	T	T	2862.62	35.9044	207	207	0	0	0	2862.62
5390	C	C	2955.73	35.9091	208	205	0	2955.73	0	0
5391	C	C	2853.79	35.9091	208	201	0	2853.79	0	0
5392	A	A	2812.25	35.9137	209	209	2812.25	0	0	0
5393	A	A	2798.4	35.9091	208	208	2798.4	0	0	0
5394	C	C	2847.14	35.6406	202	198	0	2847.14	0	0
5395	C	C	2847.69	35.6406	202	198	0	2847.69	0	0
5396	A	A	2726.11	35.8756	201	201	2726.11	0	0	0
5397	C	C	2784.18	35.8854	203	195	0	2784.18	0	0
5398	G	G	2768.58	36.1422	204	196	0	0	2768.58	0
5399	T	T	2790.31	36.1498	206	206	0	0	0	2790.31
5400	T	T	2791.78	36.1498	206	206	0	0	0	2791.78
5401	T	T	2730.98	36.1345	202	202	0	0	0	2730.98
5402	A	A	2797.43	36.1422	204	204	2797.43	0	0	0
5403	T	T	2778.51	36.1384	203	203	0	0	0	2778.51
5404	G	G	2810.55	36.1384	203	197	0	0	2810.55	0
5405	T	T	2757.3	36.1306	201	201	0	0	0	2757.3
5406	A	A	2770.83	36.1384	203	203	2770.83	0	0	0
5407	G	G	2814.33	36.1422	204	197	0	0	2814.33	0
5408	C	C	2819.16	36.1267	200	196	0	2819.16	0	0
5409	T	T	2773.88	36.1267	200	200	0	0	0	2773.88
5410	T	T	2733.08	36.1227	199	199	0	0	0	2733.08
5411	A	A	2758.54	36.1227	199	199	2758.54	0	0	0
5412	A	A	2741.34	36.1187	198	198	2741.34	0	0	0
5413	T	T	2744.35	35.8756	201	201	0	0	0	2744.35
5414	A	A	2750.26	35.8805	202	202	2750.26	0	0	0
5415	G	G	2791.78	35.8756	201	195	0	0	2791.78	0
5416	T	T	2803.98	35.895	205	205	0	0	0	2803.98
5417	A	A	2768.9	35.8756	201	201	2768.9	0	0	0
5418	A	A	2683.47	35.8348	193	193	2683.47	0	0	0
5419	A	A	2652.63	35.8348	193	193	2652.63	0	0	0
5420	G	G	2669.32	35.8452	195	187	0	0	2669.32	0
5421	C	C	2702.8	35.8452	195	189	0	2702.8	0	0
5422	A	A	2565.45	35.84	194	194	2565.45	0	0	0
5423	A	A	2542.49	36.3724	191	191	2542.49	0	0	0
5424	G	G	2675.82	36.3754	192	187	0	0	2675.82	0
5425	G	G	2663.31	36.3814	194	187	0	0	2663.31	0
5426	C	C	2720.87	36.3784	193	190	0	2720.87	0	0
5427	A	A	2620.74	36.0809	189	189	2620.74	0	0	0
5428	C	C	2558.25	36.072	187	180	0	2558.25	0	0
5429	T	T	2541.6	36.0675	186	186	0	0	0	2541.6
5430	G	G	2684.57	36.0852	190	187	0	0	2684.57	0
5431	A	A	2588.83	36.3693	190	190	2588.83	0	0	0
5432	A	A	2536.65	36.3599	187	187	2536.65	0	0	0
5433	A	A	2521.06	36.3567	186	186	2521.06	0	0	0
5434	A	A	2563.09	36.3662	189	189	2563.09	0	0	0
5435	T	T	2595.51	36.3693	190	190	0	0	0	2595.51
5436	G	G	2682.98	36.0896	191	187	0	0	2682.98	0
5437	C	C	2607.6	36.072	187	182	0	2607.6	0	0
5438	C	C	2594.86	36.0809	189	182	0	2594.86	0	0
5439	T	T	2558.35	36.0765	188	188	0	0	0	2558.35
5440	A	A	2496.89	36.3402	181	181	2496.89	0	0	0
5441	G	G	2584.49	36.3402	181	179	0	0	2584.49	0
5442	A	A	2464.67	36.3435	182	182	2464.67	0	0	0
5443	C	C	2587.93	36.3534	185	180	0	2587.93	0	0
5444	G	G	2494.39	36.3502	184	176	0	0	2494.39	0
5445	A	A	2498.94	36.3567	186	186	2498.94	0	0	0
5446	G	G	2538.3	36.3534	185	178	0	0	2538.3	0
5447	T	T	2458.97	36.3469	183	183	0	0	0	2458.97
5448	T	T	2507.5	36.3567	186	186	0	0	0	2507.5
5449	A	A	2506.96	36.3534	185	185	2506.96	0	0	0
5450	T	T	2490	36.3502	184	184	0	0	0	2490
5451	A	A	2470.17	36.3368	180	180	2470.17	0	0	0
5452	T	T	2435.56	36.3334	179	179	0	0	0	2435.56
5453	A	A	2414.18	36.3299	178	177	2414.18	0	0	0
5454	A	A	2505.77	36.3502	184	184	2505.77	0	0	0
5455	T	T	2513.74	36.3599	187	187	0	0	0	2513.74
5456	T	T	2523.16	36.3662	189	189	0	0	0	2523.16
5457	C	C	2676.7	36.3724	191	187	0	2676.7	0	0
5458	C	C	2736.99	36.3814	194	191	0	2736.99	0	0
5459	A	A	2675.74	36.3724	191	191	2675.74	0	0	0
5460	T	T	2620.62	36.3784	193	193	0	0	0	2620.62
5461	A	A	2714.28	36.3814	194	194	2714.28	0	0	0
5462	A	A	2696.62	36.6748	191	191	2696.62	0	0	0
5463	A	A	2750.55	36.6797	194	194	2750.55	0	0	0
5464	C	C	2733.69	36.6797	194	190	0	2733.69	0	0
5465	A	A	2759.96	36.6859	198	198	2759.96	0	0	0
5466	T	T	2764.45	36.6905	201	201	0	0	0	2764.45
5467	A	A	2840.18	36.6934	203	203	2840.18	0	0	0
5468	A	A	2835.48	36.6963	205	205	2835.48	0	0	0
5469	A	A	2838.93	36.6991	207	207	2838.93	0	0	0
5470	G	G	2918.52	36.6991	207	203	0	0	2918.52	0
5471	G	G	3003.35	36.71	215	210	0	0	3003.35	0
5472	T	T	2922.41	37	216	216	0	0	0	2922.41
5473	T	T	2906.45	37	216	216	0	0	0	2906.45
5474	T	T	2868.47	37	212	212	0	0	0	2868.47
5475	G	G	2975.3	37	211	207	0	0	2975.3	0
5476	G	G	2932.3	36.706	212	206	0	0	2932.3	0
5477	T	T	2905.71	36.4356	214	214	0	0	0	2905.71
5478	C	C	2924.23	36.423	209	204	0	2924.23	0	0
5479	C	C	2861.28	36.4204	208	201	0	2861.28	0	0
5480	T	T	2895.41	36.4331	213	213	0	0	0	2895.41
5481	A	A	2795.91	36.4178	207	206	2795.91	0	0	0
5482	G	G	2756.38	36.407	203	195	0	0	2756.38	0
5483	C	C	2849.34	36.4098	204	200	0	2849.34	0	0
5484	C	C	2904.57	36.4151	206	202	0	2904.57	0	0
5485	T	T	2859.97	36.4178	207	207	0	0	0	2859.97
5486	T	T	2815.68	36.407	203	203	0	0	0	2815.68
5487	C	C	2811.66	36.1227	199	195	0	2811.66	0	0
5488	C	C	2871.23	35.8707	200	199	0	2871.23	0	0
5489	C	C	2834.56	35.8756	201	197	0	2834.56	0	0
5490	A	A	2803.83	35.8707	200	200	2803.83	0	0	0
5491	T	T	2752.72	35.8756	201	201	0	0	0	2752.72
5492	T	T	2777.81	35.8902	204	204	0	0	0	2777.81
5493	A	A	2787.72	36.1422	204	204	2787.72	0	0	0
5494	G	G	2739.56	36.1306	201	193	0	0	2739.56	0
5495	C	C	2864.45	36.4124	205	200	0	2864.45	0	0
5496	T	T	2786.14	36.4015	201	201	0	0	0	2786.14
5497	A	A	2669.63	36.3959	199	199	2669.63	0	0	0
5498	C	C	2765.59	36.3873	196	192	0	2765.59	0	0
5499	T	T	2702.7	36.3902	197	197	0	0	0	2702.7
5500	A	A	2715.94	36.4015	201	201	2715.94	0	0	0
5501	A	A	2718.01	36.3987	200	200	2718.01	0	0	0
5502	C	C	2615.78	36.3844	195	185	0	2615.78	0	0
5503	A	A	2661.67	36.3844	195	195	2661.67	0	0	0
5504	A	A	2651.31	36.3814	194	194	2651.31	0	0	0
5505	G	G	2776.12	36.3931	198	194	0	0	2776.12	0
5506	A	A	2789.02	36.4151	206	206	2789.02	0	0	0
5507	T	T	2801.55	36.423	209	209	0	0	0	2801.55
5508	T	T	2705.86	36.4043	202	202	0	0	0	2705.86
5509	A	A	2753.19	36.4043	202	202	2753.19	0	0	0
5510	C	C	2856.57	36.4178	207	201	0	2856.57	0	0
5511	A	A	2752.14	36.4098	204	204	2752.14	0	0	0
5512	C	C	2826.01	36.407	203	198	0	2826.01	0	0
5513	A	A	2721.96	36.4043	202	202	2721.96	0	0	0
5514	T	T	2710.39	36.3873	196	196	0	0	0	2710.39
5515	G	G	2742.28	36.3873	196	192	0	0	2742.28	0
5516	T	T	2717.64	36.3987	200	200	0	0	0	2717.64
5517	A	A	2737.02	36.3987	200	200	2737.02	0	0	0
5518	A	A	2815.23	36.4178	207	207	2815.23	0	0	0
5519	G	G	2863.43	36.4151	206	200	0	0	2863.43	0
5520	T	T	2795.16	36.4204	208	208	0	0	0	2795.16
5521	C	C	2865.29	36.4098	204	200	0	2865.29	0	0
5522	T	T	2749.56	36.4043	202	202	0	0	0	2749.56
5523	C	C	2814.02	36.3987	200	196	0	2814.02	0	0
5524	C	C	2687.53	36.1384	203	192	0	2687.53	0	0
5525	G	G	2869.69	35.8805	202	199	0	0	2869.69	0
5526	C	C	2805.87	35.8756	201	196	0	2805.87	0	0
5527	G	G	2877.65	35.8902	204	200	0	0	2877.65	0
5528	C	C	2920.33	35.6633	206	203	0	2920.33	0	0
5529	T	T	2847.82	35.9137	209	209	0	0	0	2847.82
5530	C	C	2866.92	35.9137	209	201	0	2866.92	0	0
5531	C	C	2885.4	35.9137	209	202	0	2885.4	0	0
5532	A	A	2816.86	35.8997	206	206	2816.86	0	0	0
5533	G	G	2928.08	35.8997	206	203	0	0	2928.08	0
5534	T	T	2819.85	35.895	205	205	0	0	0	2819.85
5535	G	G	2889.83	35.895	205	201	0	0	2889.83	0
5536	A	A	2740.94	36.1227	199	199	2740.94	0	0	0
5537	A	A	2754.61	36.1422	204	203	2754.61	0	0	0
5538	A	A	2814.37	35.8997	206	206	2814.37	0	0	0
5539	A	A	2847.18	35.8997	206	206	2847.18	0	0	0
5540	T	T	2775.13	35.8902	204	204	0	0	0	2775.13
5541	G	G	2906.15	35.8997	206	202	0	0	2906.15	0
5542	C	C	2779.84	35.8997	206	197	0	2779.84	0	0
5543	C	C	2880.39	35.6853	210	202	0	2880.39	0	0
5544	C	C	2998.83	35.7013	213	209	0	2998.83	0	0
5545	T	T	2929.19	35.7117	215	215	0	0	0	2929.19
5546	T	T	2984.2	35.7371	220	220	0	0	0	2984.2
5547	T	T	3013.25	35.7421	221	221	0	0	0	3013.25
5548	G	G	3108.52	35.7321	219	216	0	0	3108.52	0
5549	G	G	2971.78	35.7421	221	211	0	0	2971.78	0
5550	A	A	2961.18	35.7169	216	216	2961.18	0	0	0
5551	C	C	3014.08	35.4943	215	210	0	3014.08	0	0
5552	C	C	3028.73	35.7013	213	210	0	3028.73	0	0
5553	T	T	2958.12	35.7169	216	216	0	0	0	2958.12
5554	T	T	2983.8	35.722	217	217	0	0	0	2983.8
5555	A	A	2941.77	35.7169	216	216	2941.77	0	0	0
5556	A	A	2920.11	35.7117	215	215	2920.11	0	0	0
5557	A	A	2879.78	35.7065	214	214	2879.78	0	0	0
5558	G	G	2885.08	35.6906	211	203	0	0	2885.08	0
5559	C	C	2935.44	35.4517	208	204	0	2935.44	0	0
5560	G	G	2895.6	35.4454	207	202	0	0	2895.6	0
5561	A	A	2788.26	35.652	204	204	2788.26	0	0	0
5562	T	T	2785.41	35.6289	200	200	0	0	0	2785.41
5563	C	C	2906.91	35.6406	202	201	0	2906.91	0	0
5564	T	T	2762	35.6406	202	202	0	0	0	2762
5565	G	G	2755.3	35.6348	201	194	0	0	2755.3	0
5566	A	A	2672.71	35.6348	201	201	2672.71	0	0	0
5567	A	A	2619.77	35.5865	193	193	2619.77	0	0	0
5568	G	G	2695.15	35.5675	190	187	0	0	2695.15	0
5569	G	G	2618.91	35.5739	191	184	0	0	2618.91	0
5570	A	A	2549.67	35.8241	191	190	2549.67	0	0	0
5571	G	G	2595.28	36.363	188	182	0	0	2595.28	0
5572	C	C	2617.5	36.0765	188	183	0	2617.5	0	0
5573	G	G	2562.36	36.0765	188	181	0	0	2562.36	0
5574	G	G	2645.04	36.0938	192	186	0	0	2645.04	0
5575	G	G	2527.58	35.8021	187	178	0	0	2527.58	0
5576	C	C	2707.61	35.8348	193	189	0	2707.61	0	0
5577	A	A	2624.59	35.8241	191	191	2624.59	0	0	0
5578	T	T	2469.38	36.0675	186	186	0	0	0	2469.38
5579	C	C	2591.43	36.0809	189	182	0	2591.43	0	0
5580	A	A	2603.25	36.0938	192	192	2603.25	0	0	0
5581	A	A	2631.66	36.1023	194	194	2631.66	0	0	0
5582	G	G	2699.53	36.1064	195	189	0	0	2699.53	0
5583	C	C	2716.45	36.1064	195	190	0	2716.45	0	0
5584	A	A	2530.46	36.0538	183	183	2530.46	0	0	0
5585	C	C	2655.67	36.0896	191	186	0	2655.67	0	0
5586	A	A	2647.22	36.0938	192	192	2647.22	0	0	0
5587	C	C	2638.65	36.1106	196	187	0	2638.65	0	0
5588	C	C	2667.78	36.1106	196	189	0	2667.78	0	0
5589	T	T	2628.44	36.1106	196	196	0	0	0	2628.44
5590	C	C	2772.17	36.1023	194	192	0	2772.17	0	0
5591	T	T	2641.43	36.0852	190	190	0	0	0	2641.43
5592	C	C	2755.56	36.0981	193	191	0	2755.56	0	0
5593	C	C	2700.17	36.0938	192	188	0	2700.17	0	0
5594	C	C	2765.15	36.0981	193	191	0	2765.15	0	0
5595	C	C	2794.95	36.1146	197	194	0	2794.95	0	0
5596	G	G	2648.31	36.1023	194	187	0	0	2648.31	0
5597	G	G	2756.18	36.1146	197	192	0	0	2756.18	0
5598	T	T	2698.64	36.1267	200	200	0	0	0	2698.64
5599	A	A	2734.94	36.1106	196	196	2734.94	0	0	0
5600	G	G	2790.51	36.1106	196	193	0	0	2790.51	0
5601	C	C	2708.34	36.3959	199	191	0	2708.34	0	0
5602	T	T	2745.29	36.4015	201	201	0	0	0	2745.29
5603	T	T	2781.61	36.4124	205	205	0	0	0	2781.61
5604	A	A	2779.51	36.4098	204	204	2779.51	0	0	0
5605	T	T	2812.42	36.1422	204	204	0	0	0	2812.42
5606	A	A	2697.32	36.1267	200	200	2697.32	0	0	0
5607	A	A	2637.49	36.1146	197	197	2637.49	0	0	0
5608	C	C	2718.11	36.1023	194	189	0	2718.11	0	0
5609	G	G	2636.56	36.0852	190	185	0	0	2636.56	0
5610	C	C	2680.43	36.3693	190	187	0	2680.43	0	0
5611	C	C	2662.9	36.0896	191	186	0	2662.9	0	0
5612	T	T	2589.72	36.0896	191	191	0	0	0	2589.72
5613	T	T	2613.12	36.0938	192	192	0	0	0	2613.12
5614	G	G	2467.55	36.0675	186	176	0	0	2467.55	0
5615	C	C	2581.8	36.0675	186	180	0	2581.8	0	0
5616	T	T	2535.47	36.0584	184	184	0	0	0	2535.47
5617	T	T	2547.13	36.063	185	185	0	0	0	2547.13
5618	A	A	2438.04	36.0491	182	182	2438.04	0	0	0
5619	G	G	2477	35.7675	181	175	0	0	2477	0
5620	C	C	2545.19	35.7734	182	178	0	2545.19	0	0
5621	C	C	2432.51	35.7555	179	172	0	2432.51	0	0
5622	A	A	2416.25	35.2537	180	180	2416.25	0	0	0
5623	C	C	2418.3	35.2376	178	170	0	2418.3	0	0
5624	G	G	2404.11	35.2128	175	169	0	0	2404.11	0
5625	C	C	2393.31	35.1959	173	168	0	2393.31	0	0
5626	C	C	2515.37	35.2457	179	176	0	2515.37	0	0
5627	C	C	2477.87	35.0204	180	174	0	2477.87	0	0
5628	C	C	2488.88	35.0466	183	175	0	2488.88	0	0
5629	C	C	2391.55	35.0026	178	170	0	2391.55	0	0
5630	A	A	2374.34	34.9936	177	177	2374.34	0	0	0
5631	C	C	2465.72	34.9844	176	172	0	2465.72	0	0
5632	G	G	2540.52	34.9936	177	176	0	0	2540.52	0
5633	G	G	2550.31	35.0204	180	178	0	0	2550.31	0
5634	G	G	2446.89	34.9936	177	172	0	0	2446.89	0
5635	A	A	2438.3	34.9936	177	177	2438.3	0	0	0
5636	T	T	2433.26	35.0115	179	179	0	0	0	2433.26
5637	A	A	2490.37	35.0204	180	180	2490.37	0	0	0
5638	C	C	2568.91	35.2927	185	180	0	2568.91	0	0
5639	A	A	2672.59	35.3445	192	192	2672.59	0	0	0
5640	G	G	2683.55	35.3796	197	189	0	0	2683.55	0
5641	C	C	2729.85	35.3932	199	192	0	2729.85	0	0
5642	A	A	2806.18	35.4327	205	205	2806.18	0	0	0
5643	G	G	2823.89	35.4132	202	197	0	0	2823.89	0
5644	T	T	2758.72	35.6577	205	205	0	0	0	2758.72
5645	G	G	2796.41	35.6406	202	196	0	0	2796.41	0
5646	A	A	2823.05	35.6463	203	203	2823.05	0	0	0
5647	T	T	2791.68	35.8756	201	201	0	0	0	2791.68
5648	A	A	2732.92	35.8556	197	197	2732.92	0	0	0
5649	A	A	2765.62	35.8707	200	200	2765.62	0	0	0
5650	A	A	2748.28	35.8657	199	199	2748.28	0	0	0
5651	A	A	2778.96	36.1306	201	201	2778.96	0	0	0
5652	A	A	2820.42	36.146	205	205	2820.42	0	0	0
5653	T	T	2772.27	36.146	205	205	0	0	0	2772.27
5654	T	T	2790.91	36.1422	204	204	0	0	0	2790.91
5655	A	A	2769.78	36.1384	203	203	2769.78	0	0	0
5656	A	A	2746.44	36.1345	202	202	2746.44	0	0	0
5657	G	G	2840.94	36.1384	203	198	0	0	2840.94	0
5658	C	C	2786.92	36.3987	200	195	0	2786.92	0	0
5659	C	C	2764.41	36.3959	199	193	0	2764.41	0	0
5660	A	A	2675.41	36.3873	196	196	2675.41	0	0	0
5661	T	T	2711.42	36.1187	198	198	0	0	0	2711.42
5662	G	G	2680.32	36.1187	198	189	0	0	2680.32	0
5663	A	A	2695.8	35.8707	200	200	2695.8	0	0	0
5664	A	A	2630.3	35.8504	196	196	2630.3	0	0	0
5665	C	C	2670.55	36.0896	191	186	0	2670.55	0	0
5666	G	G	2630.74	36.0981	193	186	0	0	2630.74	0
5667	A	A	2528.54	36.0809	189	189	2528.54	0	0	0
5668	A	A	2549.14	36.0896	191	191	2549.14	0	0	0
5669	A	A	2535.28	36.0809	189	189	2535.28	0	0	0
5670	G	G	2621.24	36.3502	184	182	0	0	2621.24	0
5671	T	T	2476.52	36.3435	182	182	0	0	0	2476.52
5672	T	T	2499.42	36.3502	184	184	0	0	0	2499.42
5673	C	C	2516.79	36.0584	184	177	0	2516.79	0	0
5674	G	G	2582.96	36.0584	184	180	0	0	2582.96	0
5675	A	A	2534.81	36.0584	184	184	2534.81	0	0	0
5676	C	C	2467.74	36.0397	180	174	0	2467.74	0	0
5677	T	T	2457.98	36.0444	181	181	0	0	0	2457.98
5678	A	A	2514.89	36.063	185	185	2514.89	0	0	0
5679	A	A	2523.22	36.072	187	187	2523.22	0	0	0
5680	G	G	2520.15	36.0675	186	178	0	0	2520.15	0
5681	C	C	2630.58	36.0852	190	184	0	2630.58	0	0
5682	T	T	2540.74	36.0852	190	190	0	0	0	2540.74
5683	A	A	2553.66	36.072	187	187	2553.66	0	0	0
5684	T	T	2513.85	36.0584	184	184	0	0	0	2513.85
5685	G	G	2542.53	36.0491	182	178	0	0	2542.53	0
5686	T	T	2536.08	36.0584	184	184	0	0	0	2536.08
5687	T	T	2539.46	36.0584	184	184	0	0	0	2539.46
5688	G	G	2656.21	35.8132	189	185	0	0	2656.21	0
5689	A	A	2611.28	36.0852	190	190	2611.28	0	0	0
5690	T	T	2602.15	36.1106	196	196	0	0	0	2602.15
5691	T	T	2608.72	36.1023	194	194	0	0	0	2608.72
5692	A	A	2713.72	36.1064	195	195	2713.72	0	0	0
5693	A	A	2740.54	36.1187	198	198	2740.54	0	0	0
5694	G	G	2821.51	36.1227	199	196	0	0	2821.51	0
5695	G	G	2850	36.1422	204	200	0	0	2850	0
5696	G	G	2845.79	36.1535	207	200	0	0	2845.79	0
5697	T	T	2789.38	36.4151	206	206	0	0	0	2789.38
5698	T	T	2762.58	36.4043	202	202	0	0	0	2762.58
5699	G	G	2762.27	36.3959	199	193	0	0	2762.27	0
5700	G	G	2643.12	36.3931	198	187	0	0	2643.12	0
5701	T	T	2761.85	36.3902	197	197	0	0	0	2761.85
5702	T	T	2727.73	36.6813	195	195	0	0	0	2727.73
5703	A	A	2681.13	36.6844	197	197	2681.13	0	0	0
5704	A	A	2690.69	36.6828	196	196	2690.69	0	0	0
5705	T	T	2700.2	36.6844	197	197	0	0	0	2700.2
5706	T	T	2668.01	36.6844	197	197	0	0	0	2668.01
5707	T	T	2694.63	36.4015	201	200	0	0	0	2694.63
5708	C	C	2759.6	36.3959	199	193	0	2759.6	0	0
5709	G	G	2818.4	36.407	203	197	0	0	2818.4	0
5710	T	T	2710.44	36.4043	202	202	0	0	0	2710.44
5711	G	G	2813.53	36.4015	201	196	0	0	2813.53	0
5712	C	C	2910.15	36.4178	207	203	0	2910.15	0	0
5713	C	C	2912.68	36.4178	207	203	0	2912.68	0	0
5714	A	A	2828.91	36.4151	206	206	2828.91	0	0	0
5715	G	G	2841.98	36.423	209	201	0	0	2841.98	0
5716	C	C	2874.85	36.6977	206	201	0	2874.85	0	0
5717	C	C	2920.32	36.6991	207	203	0	2920.32	0	0
5718	A	A	2804.94	36.4178	207	207	2804.94	0	0	0
5719	C	C	2907.13	36.1609	209	203	0	2907.13	0	0
5720	C	C	2917.58	35.8997	206	203	0	2917.58	0	0
5721	G	G	2763.86	35.8997	206	196	0	0	2763.86	0
5722	C	C	2835.56	35.8854	203	198	0	2835.56	0	0
5723	G	G	2689.23	35.8606	198	190	0	0	2689.23	0
5724	G	G	2804.27	35.8657	199	195	0	0	2804.27	0
5725	T	T	2754.05	35.8657	199	199	0	0	0	2754.05
5726	T	T	2746.35	35.8657	199	199	0	0	0	2746.35
5727	A	A	2764.44	35.895	205	205	2764.44	0	0	0
5728	T	T	2706.11	35.8606	198	198	0	0	0	2706.11
5729	A	A	2689.43	35.8707	200	200	2689.43	0	0	0
5730	C	C	2751.21	35.8854	203	195	0	2751.21	0	0
5731	G	G	2750.25	35.8854	203	194	0	0	2750.25	0
5732	A	A	2760.77	35.8756	201	201	2760.77	0	0	0
5733	T	T	2694.92	35.8556	197	197	0	0	0	2694.92
5734	T	T	2659.68	36.1023	194	194	0	0	0	2659.68
5735	G	G	2821.34	36.1106	196	195	0	0	2821.34	0
5736	A	A	2652.12	36.1023	194	194	2652.12	0	0	0
5737	C	C	2742.78	35.84	194	190	0	2742.78	0	0
5738	C	C	2835.29	35.8606	198	196	0	2835.29	0	0
5739	C	C	2760.34	35.8504	196	192	0	2760.34	0	0
5740	G	G	2680.24	36.0981	193	188	0	0	2680.24	0
5741	A	A	2621	35.8348	193	193	2621	0	0	0
5742	G	G	2707.66	35.8452	195	190	0	0	2707.66	0
5743	T	T	2659.25	35.6171	198	198	0	0	0	2659.25
5744	T	T	2659.74	35.6348	201	201	0	0	0	2659.74
5745	A	A	2785.95	35.8756	201	200	2785.95	0	0	0
5746	A	A	2827.72	35.8854	203	203	2827.72	0	0	0
5747	T	T	2711.65	35.8902	204	204	0	0	0	2711.65
5748	A	A	2832.86	35.8902	204	204	2832.86	0	0	0
5749	G	G	2850.73	35.8756	201	198	0	0	2850.73	0
5750	G	G	2769.07	35.6463	203	195	0	0	2769.07	0
5751	C	C	2800.4	35.6463	203	197	0	2800.4	0	0
5752	C	C	2883.48	35.6633	206	201	0	2883.48	0	0
5753	C	C	2795.57	35.6406	202	196	0	2795.57	0	0
5754	A	A	2678.15	35.8556	197	197	2678.15	0	0	0
5755	C	C	2780.62	35.8606	198	194	0	2780.62	0	0
5756	G	G	2737.95	35.8606	198	192	0	0	2737.95	0
5757	G	G	2678.11	35.84	194	188	0	0	2678.11	0
5758	C	C	2616.83	35.8241	191	184	0	2616.83	0	0
5759	G	G	2530.55	35.8186	190	181	0	0	2530.55	0
5760	T	T	2612.85	35.8021	187	187	0	0	0	2612.85
5761	A	A	2523.58	35.8132	189	189	2523.58	0	0	0
5762	A	A	2522.69	35.8294	192	192	2522.69	0	0	0
5763	A	A	2505.72	35.8186	190	190	2505.72	0	0	0
5764	G	G	2491.36	35.7908	185	176	0	0	2491.36	0
5765	C	C	2600.27	35.785	184	181	0	2600.27	0	0
5766	G	G	2529.05	35.7793	183	177	0	0	2529.05	0
5767	T	T	2448.03	35.7555	179	179	0	0	0	2448.03
5768	G	G	2479.96	35.7371	176	173	0	0	2479.96	0
5769	T	T	2465.02	35.7555	179	179	0	0	0	2465.02
5770	G	G	2447.15	35.7433	177	171	0	0	2447.15	0
5771	A	A	2425.71	36.0444	181	181	2425.71	0	0	0
5772	A	A	2431.2	36.3435	182	182	2431.2	0	0	0
5773	A	A	2473.44	36.6612	183	183	2473.44	0	0	0
5774	G	G	2599.28	36.6682	187	182	0	0	2599.28	0
5775	A	A	2571.23	36.6682	187	187	2571.23	0	0	0
5776	G	G	2668.09	36.6699	188	185	0	0	2668.09	0
5777	A	A	2647.11	36.6781	193	193	2647.11	0	0	0
5778	A	A	2655.21	36.6781	193	193	2655.21	0	0	0
5779	A	A	2688.01	36.6828	196	196	2688.01	0	0	0
5780	T	T	2657.88	36.6905	201	201	0	0	0	2657.88
5781	T	T	2682.78	36.6905	201	201	0	0	0	2682.78
5782	C	C	2735.7	36.3902	197	191	0	2735.7	0	0
5783	T	T	2691.86	36.3931	198	198	0	0	0	2691.86
5784	C	C	2837.84	36.4015	201	198	0	2837.84	0	0
5785	C	C	2796.48	36.3987	200	195	0	2796.48	0	0
5786	C	C	2855.54	36.4098	204	199	0	2855.54	0	0
5787	T	T	2754.81	36.3959	199	199	0	0	0	2754.81
5788	A	A	2722.11	36.3902	197	197	2722.11	0	0	0
5789	C	C	2846.74	36.3959	199	197	0	2846.74	0	0
5790	T	T	2720.31	36.3902	197	197	0	0	0	2720.31
5791	A	A	2757.35	36.3902	197	197	2757.35	0	0	0
5792	A	A	2778.15	36.3873	196	196	2778.15	0	0	0
5793	A	A	2769.28	36.3931	198	197	2769.28	0	0	0
5794	G	G	2831.37	36.4098	204	198	0	0	2831.37	0
5795	T	T	2838.35	36.4124	205	205	0	0	0	2838.35
5796	T	T	2787.76	36.4043	202	202	0	0	0	2787.76
5797	A	A	2780.18	36.407	203	203	2780.18	0	0	0
5798	A	A	2784.08	36.4098	204	204	2784.08	0	0	0
5799	A	A	2779.9	36.6919	202	202	2779.9	0	0	0
5800	G	G	2775.31	36.6905	201	195	0	0	2775.31	0
5801	T	T	2768.29	36.6875	199	199	0	0	0	2768.29
5802	T	T	2774.21	36.6919	202	202	0	0	0	2774.21
5803	T	T	2754.72	36.6859	198	198	0	0	0	2754.72
5804	A	A	2758.33	36.6905	201	201	2758.33	0	0	0
5805	A	A	2775.16	36.6934	203	203	2775.16	0	0	0
5806	T	T	2745.93	36.4015	201	201	0	0	0	2745.93
5807	C	C	2813.7	36.3931	198	195	0	2813.7	0	0
5808	C	C	2821.09	36.3902	197	195	0	2821.09	0	0
5809	A	A	2708.61	36.3987	200	200	2708.61	0	0	0
5810	G	G	2770.93	36.6844	197	194	0	0	2770.93	0
5811	C	C	2719.06	36.3902	197	191	0	2719.06	0	0
5812	T	T	2676.8	36.3844	195	195	0	0	0	2676.8
5813	G	G	2676.38	36.3662	189	186	0	0	2676.38	0
5814	T	T	2652.19	36.3693	190	190	0	0	0	2652.19
5815	A	A	2564.26	36.3724	191	191	2564.26	0	0	0
5816	A	A	2533.91	36.3599	187	187	2533.91	0	0	0
5817	A	A	2545.91	36.3662	189	189	2545.91	0	0	0
5818	A	A	2529.9	36.3567	186	186	2529.9	0	0	0
5819	A	A	2552.43	36.3662	189	189	2552.43	0	0	0
5820	G	G	2613.93	36.3534	185	182	0	0	2613.93	0
5821	C	C	2589.21	36.3502	184	180	0	2589.21	0	0
5822	T	T	2500.6	36.3435	182	182	0	0	0	2500.6
5823	A	A	2465.58	36.3599	187	187	2465.58	0	0	0
5824	T	T	2506.27	36.3435	182	182	0	0	0	2506.27
5825	C	C	2473.48	36.3334	179	173	0	2473.48	0	0
5826	A	A	2352.53	36.3192	175	175	2352.53	0	0	0
5827	G	G	2344.86	36.312	173	165	0	0	2344.86	0
5828	T	T	2356.73	36.6343	169	169	0	0	0	2356.73
5829	A	A	2294.02	36.6404	172	172	2294.02	0	0	0
5830	A	A	2297.41	36.6384	171	171	2297.41	0	0	0
5831	C	C	2450.28	37	172	170	0	2450.28	0	0
5832	A	A	2276.7	37	170	170	2276.7	0	0	0
5833	C	C	2263.91	37	171	161	0	2263.91	0	0
5834	T	T	2264.4	37	168	168	0	0	0	2264.4
5835	A	A	2297.59	37	170	170	2297.59	0	0	0
5836	A	A	2270.66	37	165	165	2270.66	0	0	0
5837	A	A	2288.91	37	165	165	2288.91	0	0	0
5838	A	A	2244.02	37	164	164	2244.02	0	0	0
5839	T	T	2301.09	37	166	166	0	0	0	2301.09
5840	A	A	2249.9	37	165	165	2249.9	0	0	0
5841	A	A	2291.39	37	167	167	2291.39	0	0	0
5842	G	G	2336.72	37	168	163	0	0	2336.72	0
5843	C	C	2432.34	37	170	169	0	2432.34	0	0
5844	T	T	2282.43	37	171	171	0	0	0	2282.43
5845	A	A	2382.43	37	174	174	2382.43	0	0	0
5846	C	C	2446.34	37	174	171	0	2446.34	0	0
5847	G	G	2376.91	37	174	167	0	0	2376.91	0
5848	A	A	2410.44	37	176	176	2410.44	0	0	0
5849	A	A	2372.24	37	174	174	2372.24	0	0	0
5850	A	A	2340.78	37	174	174	2340.78	0	0	0
5851	G	G	2409.52	37	173	169	0	0	2409.52	0
5852	T	T	2399.01	37	174	174	0	0	0	2399.01
5853	G	G	2326.18	37	172	165	0	0	2326.18	0
5854	A	A	2353.99	37	172	172	2353.99	0	0	0
5855	C	C	2393.27	37	171	167	0	2393.27	0	0
5856	T	T	2306.32	37	169	169	0	0	0	2306.32
5857	T	T	2337.63	37	172	172	0	0	0	2337.63
5858	T	T	2338.76	36.6463	175	175	0	0	0	2338.76
5859	A	A	2357.69	36.6424	173	173	2357.69	0	0	0
5860	A	A	2368.9	36.6424	173	173	2368.9	0	0	0
5861	T	T	2323.79	36.3045	171	171	0	0	0	2323.79
5862	G	G	2390.48	36.3228	176	169	0	0	2390.48	0
5863	C	C	2496.54	36.3402	181	175	0	2496.54	0	0
5864	T	T	2399.53	36.3299	178	178	0	0	0	2399.53
5865	C	C	2498.7	36.3368	180	175	0	2498.7	0	0
5866	T	T	2407.53	36.3299	178	178	0	0	0	2407.53
5867	C	C	2365.82	36.3299	178	169	0	2365.82	0	0
5868	A	A	2491.02	36.03	178	178	2491.02	0	0	0
5869	A	A	2529.23	36.0444	181	181	2529.23	0	0	0
5870	C	C	2433.38	36.0444	181	172	0	2433.38	0	0
5871	C	C	2523.45	35.785	184	178	0	2523.45	0	0
5872	A	A	2548.95	35.785	184	184	2548.95	0	0	0
5873	C	C	2541.57	35.7908	185	179	0	2541.57	0	0
5874	A	A	2574.47	35.8021	187	187	2574.47	0	0	0
5875	C	C	2649.87	35.8241	191	185	0	2649.87	0	0
5876	G	G	2634.16	35.8348	193	185	0	0	2634.16	0
5877	A	A	2649.72	35.5927	194	194	2649.72	0	0	0
5878	T	T	2594.43	35.5739	191	191	0	0	0	2594.43
5879	A	A	2649.66	35.5675	190	190	2649.66	0	0	0
5880	G	G	2670.23	35.5675	190	186	0	0	2670.23	0
5881	C	C	2649.64	35.3516	193	186	0	2649.64	0	0
5882	T	T	2666.35	35.3727	196	196	0	0	0	2666.35
5883	A	A	2689.22	35.3796	197	197	2689.22	0	0	0
5884	A	A	2657.34	35.3657	195	195	2657.34	0	0	0
5885	G	G	2750.64	35.3587	194	191	0	0	2750.64	0
5886	A	A	2696.84	35.3864	198	198	2696.84	0	0	0
5887	T	T	2704.57	35.3727	196	196	0	0	0	2704.57
5888	C	C	2624.24	35.5802	192	185	0	2624.24	0	0
5889	C	C	2678.27	35.5675	190	187	0	2678.27	0	0
5890	A	A	2666.16	35.5802	192	192	2666.16	0	0	0
5891	A	A	2732.74	35.8504	196	196	2732.74	0	0	0
5892	A	A	2754.51	35.8504	196	196	2754.51	0	0	0
5893	C	C	2568.69	35.8606	198	185	0	2568.69	0	0
5894	T	T	2716.57	35.8756	201	201	0	0	0	2716.57
5895	G	G	2890.27	35.8805	202	200	0	0	2890.27	0
5896	G	G	2823.96	35.8805	202	197	0	0	2823.96	0
5897	G	G	2951.44	35.8902	204	204	0	0	2951.44	0
5898	A	A	2789.68	35.8902	204	204	2789.68	0	0	0
5899	T	T	2803.54	35.8805	202	202	0	0	0	2803.54
5900	T	T	2771.21	35.8707	200	200	0	0	0	2771.21
5901	A	A	2721.08	35.8707	200	200	2721.08	0	0	0
5902	G	G	2742.56	35.8756	201	193	0	0	2742.56	0
5903	A	A	2671.31	36.1187	198	198	2671.31	0	0	0
5904	T	T	2728.97	36.1146	197	197	0	0	0	2728.97
5905	A	A	2596.31	36.1146	197	197	2596.31	0	0	0
5906	C	C	2715.46	36.1023	194	189	0	2715.46	0	0
5907	C	C	2669.32	36.6748	191	186	0	2669.32	0	0
5908	C	C	2695.26	36.6765	192	188	0	2695.26	0	0
5909	C	C	2543.61	36.6682	187	180	0	2543.61	0	0
5910	A	A	2604.82	36.6664	186	186	2604.82	0	0	0
5911	C	C	2565.93	36.6664	186	180	0	2565.93	0	0
5912	T	T	2561.47	36.6715	189	189	0	0	0	2561.47
5913	A	A	2659.66	36.6765	192	192	2659.66	0	0	0
5914	T	T	2652.55	36.6828	196	196	0	0	0	2652.55
5915	G	G	2784.86	36.6875	199	195	0	0	2784.86	0
5916	C	C	2746.07	36.6905	201	193	0	2746.07	0	0
5917	T	T	2727.56	36.6949	204	204	0	0	0	2727.56
5918	T	T	2720.27	36.6919	202	202	0	0	0	2720.27
5919	A	A	2794.29	36.6919	202	202	2794.29	0	0	0
5920	G	G	2840.33	36.689	200	197	0	0	2840.33	0
5921	C	C	2911.07	36.6963	205	202	0	2911.07	0	0
5922	C	C	2887.35	36.6991	207	202	0	2887.35	0	0
5923	T	T	2790.27	36.6963	205	205	0	0	0	2790.27
5924	T	T	2844.87	36.7019	209	209	0	0	0	2844.87
5925	A	A	2826.76	36.6991	207	207	2826.76	0	0	0
5926	A	A	2806.3	36.6949	204	204	2806.3	0	0	0
5927	A	A	2814.12	36.6977	206	206	2814.12	0	0	0
5928	C	C	2875.42	36.6991	207	201	0	2875.42	0	0
5929	A	A	2799.11	36.6963	205	205	2799.11	0	0	0
5930	T	T	2814.33	36.6934	203	203	0	0	0	2814.33
5931	A	A	2740.13	36.6919	202	202	2740.13	0	0	0
5932	A	A	2764.14	36.6905	201	201	2764.14	0	0	0
5933	A	A	2765.97	36.689	200	200	2765.97	0	0	0
5934	T	T	2748.95	36.6859	198	198	0	0	0	2748.95
5935	A	A	2726.45	36.6813	195	195	2726.45	0	0	0
5936	A	A	2742.9	36.6813	195	195	2742.9	0	0	0
5937	T	T	2748.05	36.6859	198	198	0	0	0	2748.05
5938	T	T	2775.12	36.6919	202	202	0	0	0	2775.12
5939	C	C	2827.36	36.6963	205	198	0	2827.36	0	0
5940	A	A	2793.51	36.6991	207	207	2793.51	0	0	0
5941	T	T	2821.89	36.7005	208	208	0	0	0	2821.89
5942	T	T	2752.65	36.6963	205	204	0	0	0	2752.65
5943	A	A	2764.62	36.6934	203	203	2764.62	0	0	0
5944	A	A	2735.74	36.6905	201	201	2735.74	0	0	0
5945	A	A	2659.23	36.6844	197	197	2659.23	0	0	0
5946	C	C	2716.43	36.6859	198	191	0	2716.43	0	0
5947	A	A	2626.17	36.6859	198	198	2626.17	0	0	0
5948	A	A	2607.45	36.6813	195	195	2607.45	0	0	0
5949	A	A	2595.04	36.6797	194	194	2595.04	0	0	0
5950	A	A	2573.22	36.6732	190	190	2573.22	0	0	0
5951	T	T	2606.07	36.6732	190	190	0	0	0	2606.07
5952	T	T	2572.56	36.3662	189	189	0	0	0	2572.56
5953	A	A	2535.6	36.3662	189	189	2535.6	0	0	0
5954	T	T	2575.46	36.3693	190	190	0	0	0	2575.46
5955	T	T	2564.44	36.3599	187	187	0	0	0	2564.44
5956	C	C	2608.36	36.3693	190	184	0	2608.36	0	0
5957	G	G	2534.15	36.3599	187	179	0	0	2534.15	0
5958	C	C	2650.05	36.6664	186	184	0	2650.05	0	0
5959	C	C	2620.1	36.6715	189	183	0	2620.1	0	0
5960	A	A	2529.56	36.6682	187	187	2529.56	0	0	0
5961	G	G	2703	36.6699	188	187	0	0	2703	0
5962	A	A	2565.55	36.6699	188	188	2565.55	0	0	0
5963	G	G	2658.73	36.6732	190	186	0	0	2658.73	0
5964	A	A	2593.3	36.6715	189	189	2593.3	0	0	0
5965	A	A	2586	36.6699	188	188	2586	0	0	0
5966	C	C	2596.76	36.6699	188	182	0	2596.76	0	0
5967	T	T	2567.72	36.6715	189	189	0	0	0	2567.72
5968	A	A	2683.99	36.6781	193	193	2683.99	0	0	0
5969	C	C	2688.29	36.6797	194	188	0	2688.29	0	0
5970	T	T	2639.51	36.6828	196	196	0	0	0	2639.51
5971	A	A	2742.18	36.6844	197	197	2742.18	0	0	0
5972	G	G	2884	36.407	203	200	0	0	2884	0
5973	C	C	2841.65	36.4151	206	199	0	2841.65	0	0
5974	A	A	2864.42	36.4204	208	208	2864.42	0	0	0
5975	A	A	2935.92	36.4281	211	211	2935.92	0	0	0
5976	C	C	2984.94	36.4331	213	209	0	2984.94	0	0
5977	A	A	2938.63	36.4306	212	212	2938.63	0	0	0
5978	G	G	2914.77	36.4356	214	205	0	0	2914.77	0
5979	C	C	2983.79	36.1717	212	208	0	2983.79	0	0
5980	T	T	2959.95	36.1857	216	216	0	0	0	2959.95
5981	T	T	2981.37	36.1891	217	217	0	0	0	2981.37
5982	A	A	2997.6	36.1891	217	217	2997.6	0	0	0
5983	A	A	3006.56	36.1992	220	220	3006.56	0	0	0
5984	A	A	3014.4	36.2091	223	223	3014.4	0	0	0
5985	A	A	3015.26	36.2123	224	223	3015.26	0	0	0
5986	C	C	3060.94	36.2123	224	216	0	3060.94	0	0
5987	T	T	3048.97	36.2155	225	225	0	0	0	3048.97
5988	C	C	3142.11	36.2025	221	218	0	3142.11	0	0
5989	A	A	2957.92	36.1925	218	218	2957.92	0	0	0
5990	A	A	2945.52	36.1891	217	217	2945.52	0	0	0
5991	A	A	2919.34	36.1959	219	219	2919.34	0	0	0
5992	G	G	2901.12	36.1925	218	206	0	0	2901.12	0
5993	G	G	2932.02	36.1717	212	206	0	0	2932.02	0
5994	A	A	2818.25	36.4281	211	210	2818.25	0	0	0
5995	C	C	2894.39	36.6991	207	202	0	2894.39	0	0
5996	T	T	2802.74	36.689	200	200	0	0	0	2802.74
5997	T	T	2786.61	36.689	200	200	0	0	0	2786.61
5998	G	G	2808.58	36.6859	198	195	0	0	2808.58	0
5999	G	G	2734.2	36.6797	194	190	0	0	2734.2	0
6000	C	C	2747.51	36.6781	193	190	0	2747.51	0	0
6001	G	G	2720.98	36.6797	194	190	0	0	2720.98	0
6002	G	G	2756.62	36.6781	193	191	0	0	2756.62	0
6003	T	T	2706.59	36.6844	197	197	0	0	0	2706.59
6004	G	G	2810.28	36.6875	199	196	0	0	2810.28	0
6005	C	C	2774.84	36.6875	199	194	0	2774.84	0	0
6006	T	T	2694.18	36.689	200	200	0	0	0	2694.18
6007	T	T	2650.19	36.6813	195	195	0	0	0	2650.19
6008	T	T	2695.7	36.689	200	200	0	0	0	2695.7
6009	A	A	2804.92	36.4178	207	207	2804.92	0	0	0
6010	A	A	2790.64	36.4124	205	205	2790.64	0	0	0
6011	A	A	2760.27	36.1422	204	204	2760.27	0	0	0
6012	C	C	2842.61	36.1345	202	198	0	2842.61	0	0
6013	C	C	2757.45	36.1227	199	193	0	2757.45	0	0
6014	C	C	2800.05	36.1267	200	195	0	2800.05	0	0
6015	T	T	2751.9	36.1306	201	201	0	0	0	2751.9
6016	C	C	2757.25	36.1267	200	194	0	2757.25	0	0
6017	C	C	2849.5	36.1384	203	199	0	2849.5	0	0
6018	T	T	2800.64	36.1681	211	211	0	0	0	2800.64
6019	A	A	2804.8	36.146	205	205	2804.8	0	0	0
6020	G	G	2917.82	36.1422	204	202	0	0	2917.82	0
6021	A	A	2828.7	36.1498	206	205	2828.7	0	0	0
6022	G	G	2865.72	36.1609	209	201	0	0	2865.72	0
6023	G	G	2989.16	36.1609	209	207	0	0	2989.16	0
6024	A	A	2886.5	36.1572	208	208	2886.5	0	0	0
6025	G	G	2884.56	36.1681	211	203	0	0	2884.56	0
6026	C	C	2927.29	36.4331	213	205	0	2927.29	0	0
6027	C	C	2961.99	36.4256	210	206	0	2961.99	0	0
6028	T	T	2897.11	36.4256	210	210	0	0	0	2897.11
6029	G	G	2809.7	36.4204	208	199	0	0	2809.7	0
6030	T	T	2826.81	36.4098	204	204	0	0	0	2826.81
6031	T	T	2855.51	36.4124	205	205	0	0	0	2855.51
6032	C	C	2924.16	36.4204	208	203	0	2924.16	0	0
6033	T	T	2875.44	36.4256	210	210	0	0	0	2875.44
6034	G	G	2855.37	36.407	203	199	0	0	2855.37	0
6035	T	T	2760.74	36.4043	202	202	0	0	0	2760.74
6036	A	A	2743.92	36.4098	204	204	2743.92	0	0	0
6037	A	A	2745.19	36.689	200	200	2745.19	0	0	0
6038	T	T	2713.3	36.6859	198	198	0	0	0	2713.3
6039	C	C	2698.4	36.6905	201	191	0	2698.4	0	0
6040	G	G	2745.97	36.6919	202	194	0	0	2745.97	0
6041	A	A	2800.59	36.6949	204	204	2800.59	0	0	0
6042	T	T	2806.68	36.7005	208	208	0	0	0	2806.68
6043	A	A	2788.87	36.6963	205	205	2788.87	0	0	0
6044	A	A	2763.76	36.6875	199	199	2763.76	0	0	0
6045	A	A	2812.73	36.1422	204	204	2812.73	0	0	0
6046	C	C	2819.97	36.1609	209	199	0	2819.97	0	0
6047	C	C	2869.25	35.9137	209	202	0	2869.25	0	0
6048	C	C	2837.59	35.8902	204	199	0	2837.59	0	0
6049	C	C	2871.63	35.9044	207	201	0	2871.63	0	0
6050	G	G	2874.15	35.895	205	200	0	0	2874.15	0
6051	A	A	2772.5	35.8756	201	201	2772.5	0	0	0
6052	T	T	2806.15	35.8707	200	199	0	0	0	2806.15
6053	A	A	2732.43	35.8756	201	201	2732.43	0	0	0
6054	G	G	2854.58	35.895	205	200	0	0	2854.58	0
6055	A	A	2801.26	35.9044	207	207	2801.26	0	0	0
6056	C	C	2908.95	35.9091	208	203	0	2908.95	0	0
6057	C	C	2870.23	35.8902	204	200	0	2870.23	0	0
6058	T	T	2777.73	35.9137	209	209	0	0	0	2777.73
6059	C	C	2839.22	35.9183	210	201	0	2839.22	0	0
6060	A	A	2757.81	35.895	205	205	2757.81	0	0	0
6061	C	C	2839.17	35.8902	204	199	0	2839.17	0	0
6062	C	C	2730.11	35.8756	201	192	0	2730.11	0	0
6063	A	A	2809.24	35.6463	203	203	2809.24	0	0	0
6064	C	C	2923.5	35.6577	205	203	0	2923.5	0	0
6065	C	C	2720.04	35.6463	203	193	0	2720.04	0	0
6066	T	T	2785.51	35.652	204	204	0	0	0	2785.51
6067	C	C	2753.76	35.6348	201	194	0	2753.76	0	0
6068	T	T	2813.32	35.8854	203	203	0	0	0	2813.32
6069	T	T	2880.17	35.8997	206	206	0	0	0	2880.17
6070	G	G	2867.58	35.8902	204	200	0	0	2867.58	0
6071	C	C	2876.39	35.895	205	200	0	2876.39	0	0
6072	T	T	2826.86	35.8902	204	204	0	0	0	2826.86
6073	A	A	2755.08	35.895	205	205	2755.08	0	0	0
6074	A	A	2751.88	35.895	205	205	2751.88	0	0	0
6075	T	T	2809.28	35.8902	204	204	0	0	0	2809.28
6076	T	T	2776.05	35.8805	202	202	0	0	0	2776.05
6077	C	C	2778.52	35.6463	203	195	0	2778.52	0	0
6078	A	A	2741.04	35.6348	201	201	2741.04	0	0	0
6079	G	G	2863.81	35.6406	202	199	0	0	2863.81	0
6080	T	T	2697.39	35.8606	198	198	0	0	0	2697.39
6081	C	C	2723.97	35.8556	197	191	0	2723.97	0	0
6082	T	T	2757.69	35.8756	201	201	0	0	0	2757.69
6083	A	A	2738.45	36.1267	200	200	2738.45	0	0	0
6084	T	T	2752.46	36.1345	202	202	0	0	0	2752.46
6085	A	A	2810.53	36.1422	204	204	2810.53	0	0	0
6086	T	T	2754.48	36.1345	202	202	0	0	0	2754.48
6087	A	A	2764.87	36.1345	202	202	2764.87	0	0	0
6088	C	C	2785.7	35.895	205	196	0	2785.7	0	0
6089	C	C	2933.88	35.9183	210	205	0	2933.88	0	0
6090	G	G	2899.02	35.9183	210	203	0	0	2899.02	0
6091	C	C	2861.91	36.1535	207	201	0	2861.91	0	0
6092	C	C	2815.26	36.1498	206	198	0	2815.26	0	0
6093	A	A	2775.44	36.146	205	205	2775.44	0	0	0
6094	T	T	2830.64	36.1498	206	206	0	0	0	2830.64
6095	C	C	2815.33	36.1384	203	197	0	2815.33	0	0
6096	T	T	2681.51	36.1064	195	195	0	0	0	2681.51
6097	T	T	2709.24	36.1146	197	197	0	0	0	2709.24
6098	C	C	2795.3	36.1267	200	195	0	2795.3	0	0
6099	A	A	2755.98	36.1306	201	201	2755.98	0	0	0
6100	G	G	2903.08	36.1345	202	201	0	0	2903.08	0
6101	C	C	2776.51	36.1227	199	194	0	2776.51	0	0
6102	A	A	2683.33	36.1187	198	198	2683.33	0	0	0
6103	A	A	2649.43	36.1064	195	195	2649.43	0	0	0
6104	A	A	2653.15	36.1146	197	197	2653.15	0	0	0
6105	C	C	2822.46	36.1106	196	195	0	2822.46	0	0
6106	C	C	2793.59	36.1146	197	194	0	2793.59	0	0
6107	C	C	2734.49	36.1023	194	190	0	2734.49	0	0
6108	T	T	2639.3	36.1106	196	196	0	0	0	2639.3
6109	T	T	2651.46	36.1146	197	197	0	0	0	2651.46
6110	A	A	2725.55	36.1146	197	197	2725.55	0	0	0
6111	A	A	2757.99	36.1267	200	200	2757.99	0	0	0
6112	A	A	2765.56	36.1227	199	199	2765.56	0	0	0
6113	A	A	2720.02	36.1146	197	197	2720.02	0	0	0
6114	G	G	2757.54	36.3873	196	192	0	0	2757.54	0
6115	G	G	2797.47	36.3873	196	194	0	0	2797.47	0
6116	A	A	2650.4	36.3873	196	196	2650.4	0	0	0
6117	A	A	2610.45	36.3814	194	194	2610.45	0	0	0
6118	C	C	2781.91	36.3902	197	194	0	2781.91	0	0
6119	A	A	2669.75	36.6859	198	198	2669.75	0	0	0
6120	A	A	2675.48	36.6875	199	199	2675.48	0	0	0
6121	G	G	2901.82	36.6977	206	202	0	0	2901.82	0
6122	A	A	2838.76	36.7005	208	208	2838.76	0	0	0
6123	G	G	2894.08	36.7005	208	202	0	0	2894.08	0
6124	T	T	2700.5	37	200	200	0	0	0	2700.5
6125	A	A	2697.53	37	196	196	2697.53	0	0	0
6126	A	A	2719.16	37	196	196	2719.16	0	0	0
6127	G	G	2771.19	37	197	193	0	0	2771.19	0
6128	C	C	2727.57	37	196	191	0	2727.57	0	0
6129	A	A	2676.37	37	195	195	2676.37	0	0	0
6130	C	C	2616.16	37	192	184	0	2616.16	0	0
6131	A	A	2651.66	37	195	195	2651.66	0	0	0
6132	A	A	2644.18	37	196	196	2644.18	0	0	0
6133	T	T	2713.78	36.6859	198	198	0	0	0	2713.78
6134	C	C	2683.55	36.6797	194	188	0	2683.55	0	0
6135	A	A	2688.54	36.6797	194	194	2688.54	0	0	0
6136	T	T	2653.66	36.6828	196	196	0	0	0	2653.66
6137	C	C	2749.87	36.6797	194	191	0	2749.87	0	0
6138	T	T	2704.62	36.3931	198	198	0	0	0	2704.62
6139	T	T	2709.15	36.3959	199	199	0	0	0	2709.15
6140	G	G	2810.5	36.3931	198	195	0	0	2810.5	0
6141	C	C	2684.97	36.1227	199	190	0	2684.97	0	0
6142	A	A	2789.34	36.1345	202	202	2789.34	0	0	0
6143	T	T	2746.65	36.1267	200	200	0	0	0	2746.65
6144	A	A	2734.46	36.1227	199	199	2734.46	0	0	0
6145	A	A	2692.85	36.1187	198	198	2692.85	0	0	0
6146	A	A	2638.32	36.1064	195	195	2638.32	0	0	0
6147	A	A	2637.6	36.1146	197	197	2637.6	0	0	0
6148	A	A	2664.59	36.1106	196	196	2664.59	0	0	0
6149	A	A	2614.63	36.1146	197	197	2614.63	0	0	0
6150	G	G	2637.6	36.0981	193	186	0	0	2637.6	0
6151	T	T	2608.88	36.0896	191	191	0	0	0	2608.88
6152	T	T	2587.14	36.0809	189	189	0	0	0	2587.14
6153	A	A	2469.52	36.0809	189	189	2469.52	0	0	0
6154	G	G	2571.15	36.0584	184	180	0	0	2571.15	0
6155	G	G	2574.34	36.0765	188	181	0	0	2574.34	0
6156	T	T	2502.88	36.0584	184	184	0	0	0	2502.88
6157	C	C	2481.11	36.0444	181	174	0	2481.11	0	0
6158	A	A	2450.9	36.0538	183	183	2450.9	0	0	0
6159	A	A	2454.68	36.0444	181	181	2454.68	0	0	0
6160	G	G	2549.99	36.3368	180	178	0	0	2549.99	0
6161	G	G	2423.45	36.3192	175	170	0	0	2423.45	0
6162	T	T	2418.8	36.3228	176	176	0	0	0	2418.8
6163	G	G	2412.62	36.3083	172	168	0	0	2412.62	0
6164	T	T	2417.83	36.0251	177	177	0	0	0	2417.83
6165	A	A	2351.18	36.0201	176	176	2351.18	0	0	0
6166	A	A	2322.9	36.0151	175	175	2322.9	0	0	0
6167	C	C	2371.47	35.4641	175	167	0	2371.47	0	0
6168	C	C	2420.17	35.2294	177	170	0	2420.17	0	0
6169	C	C	2343.3	35.1787	171	165	0	2343.3	0	0
6170	A	A	2316.76	35.1787	171	171	2316.76	0	0	0
6171	T	T	2263.55	35.1341	166	166	0	0	0	2263.55
6172	G	G	2254.89	35.1432	167	160	0	0	2254.89	0
6173	G	G	2476.09	35.2044	174	172	0	0	2476.09	0
6174	A	A	2424.77	35.2376	178	178	2424.77	0	0	0
6175	G	G	2506	35.2294	177	174	0	0	2506	0
6176	T	T	2323.68	35.4641	175	175	0	0	0	2323.68
6177	G	G	2460.19	35.486	178	173	0	0	2460.19	0
6178	G	G	2548.77	35.5002	180	177	0	0	2548.77	0
6179	G	G	2592.6	35.5479	187	181	0	0	2592.6	0
6180	A	A	2538.51	35.521	183	183	2538.51	0	0	0
6181	A	A	2494.05	35.7734	182	182	2494.05	0	0	0
6182	G	G	2406.9	35.7616	180	171	0	0	2406.9	0
6183	A	A	2459.02	35.7555	179	179	2459.02	0	0	0
6184	A	A	2447.73	35.7734	182	182	2447.73	0	0	0
6185	A	A	2488.95	35.7908	185	185	2488.95	0	0	0
6186	T	T	2501	35.7908	185	185	0	0	0	2501
6187	G	G	2610.32	35.7734	182	181	0	0	2610.32	0
6188	G	G	2669.92	35.8021	187	185	0	0	2669.92	0
6189	G	G	2502.73	35.7675	181	175	0	0	2502.73	0
6190	C	C	2527.98	36.063	185	178	0	2527.98	0	0
6191	T	T	2534.17	36.3502	184	184	0	0	0	2534.17
6192	A	A	2548.67	36.6629	184	184	2548.67	0	0	0
6193	C	C	2599.62	36.6612	183	180	0	2599.62	0	0
6194	A	A	2587.38	36.6664	186	186	2587.38	0	0	0
6195	T	T	2558.39	36.6629	184	184	0	0	0	2558.39
6196	T	T	2536.7	36.6594	182	182	0	0	0	2536.7
6197	T	T	2568.26	36.6682	187	187	0	0	0	2568.26
6198	T	T	2596.52	36.6699	188	188	0	0	0	2596.52
6199	C	C	2654.77	36.6664	186	184	0	2654.77	0	0
6200	T	T	2571.52	36.6664	186	186	0	0	0	2571.52
6201	A	A	2414.87	36.6612	183	183	2414.87	0	0	0
6202	T	T	2508.52	37	181	181	0	0	0	2508.52
6203	T	T	2445.73	36.652	178	178	0	0	0	2445.73
6204	C	C	2400.91	36.6482	176	169	0	2400.91	0	0
6205	A	A	2425.6	36.6482	176	176	2425.6	0	0	0
6206	A	A	2414.5	36.6443	174	174	2414.5	0	0	0
6207	G	G	2456.12	36.6463	175	171	0	0	2456.12	0
6208	A	A	2399.88	36.6501	177	177	2399.88	0	0	0
6209	A	A	2416.57	36.6539	179	179	2416.57	0	0	0
6210	C	C	2451.29	36.6557	180	173	0	2451.29	0	0
6211	A	A	2440.57	36.6539	179	179	2440.57	0	0	0
6212	A	A	2459.24	36.6501	177	177	2459.24	0	0	0
6213	C	C	2499.96	36.6501	177	174	0	2499.96	0	0
6214	T	T	2403.68	36.6501	177	177	0	0	0	2403.68
6215	T	T	2429.5	36.6576	181	181	0	0	0	2429.5
6216	A	A	2550.63	36.6664	186	186	2550.63	0	0	0
6217	C	C	2576.66	36.6765	192	182	0	2576.66	0	0
6218	G	G	2580.57	36.6699	188	181	0	0	2580.57	0
6219	A	A	2527.83	36.6682	187	187	2527.83	0	0	0
6220	A	A	2559.43	36.6715	189	189	2559.43	0	0	0
6221	A	A	2517.75	36.6699	188	188	2517.75	0	0	0
6222	G	G	2597.95	36.6664	186	182	0	0	2597.95	0
6223	T	T	2530.67	36.6647	185	185	0	0	0	2530.67
6224	T	T	2485.44	36.6557	180	180	0	0	0	2485.44
6225	T	T	2547.03	36.3599	187	187	0	0	0	2547.03
6226	T	T	2484	36.3469	183	183	0	0	0	2484
6227	T	T	2460.75	36.6612	183	183	0	0	0	2460.75
6228	A	A	2570.13	36.6664	186	186	2570.13	0	0	0
6229	T	T	2455.09	36.6664	186	186	0	0	0	2455.09
6230	G	G	2667.28	36.6699	188	185	0	0	2667.28	0
6231	A	A	2635.32	36.6732	190	190	2635.32	0	0	0
6232	A	A	2716.49	36.6813	195	195	2716.49	0	0	0
6233	A	A	2673.12	36.6765	192	192	2673.12	0	0	0
6234	C	C	2684.95	36.6765	192	187	0	2684.95	0	0
6235	T	T	2641.52	36.6748	191	191	0	0	0	2641.52
6236	A	A	2730.43	36.6813	195	195	2730.43	0	0	0
6237	A	A	2756.42	36.6875	199	199	2756.42	0	0	0
6238	A	A	2758.72	36.6875	199	199	2758.72	0	0	0
6239	A	A	2840.23	36.6991	207	207	2840.23	0	0	0
6240	A	A	2944.41	36.706	212	212	2944.41	0	0	0
6241	C	C	2846.55	36.7005	208	200	0	2846.55	0	0
6242	T	T	2828.62	36.7019	209	209	0	0	0	2828.62
6243	A	A	2885.22	36.7019	209	209	2885.22	0	0	0
6244	A	A	2895.66	36.7005	208	208	2895.66	0	0	0
6245	A	A	2938.07	36.706	212	212	2938.07	0	0	0
6246	G	G	2924.17	36.7073	213	205	0	0	2924.17	0
6247	G	G	2995.52	36.706	212	208	0	0	2995.52	0
6248	T	T	2894.99	36.7033	210	210	0	0	0	2894.99
6249	G	G	2985.79	36.7073	213	208	0	0	2985.79	0
6250	G	G	2991.46	36.7073	213	208	0	0	2991.46	0
6251	A	A	2901.54	37	211	211	2901.54	0	0	0
6252	T	T	2935.69	37	209	209	0	0	0	2935.69
6253	T	T	2905.11	37	206	206	0	0	0	2905.11
6254	T	T	2898.84	37	206	206	0	0	0	2898.84
6255	A	A	2954.7	36.706	212	212	2954.7	0	0	0
6256	G	G	2955.65	36.7019	209	205	0	0	2955.65	0
6257	T	T	2877.38	36.7033	210	210	0	0	0	2877.38
6258	A	A	2930.36	36.7073	213	213	2930.36	0	0	0
6259	G	G	3055.77	36.7163	220	214	0	0	3055.77	0
6260	T	T	3005.42	36.7151	219	219	0	0	0	3005.42
6261	A	A	2886.11	36.7073	213	213	2886.11	0	0	0
6262	A	A	2844.22	36.7019	209	209	2844.22	0	0	0
6263	A	A	2798.64	36.6963	205	205	2798.64	0	0	0
6264	T	T	2922.08	36.706	212	211	0	0	0	2922.08
6265	C	C	2981.52	36.7086	214	209	0	2981.52	0	0
6266	A	A	2833.54	36.7033	210	210	2833.54	0	0	0
6267	A	A	2836.11	36.706	212	212	2836.11	0	0	0
6268	G	G	2768.32	36.7073	213	199	0	0	2768.32	0
6269	A	A	2765.44	36.7019	209	209	2765.44	0	0	0
6270	A	A	2758.84	36.6991	207	207	2758.84	0	0	0
6271	T	T	2808.01	36.7005	208	208	0	0	0	2808.01
6272	A	A	2782.47	36.6977	206	206	2782.47	0	0	0
6273	G	G	2828.17	36.6963	205	198	0	0	2828.17	0
6274	A	A	2773.28	36.6905	201	201	2773.28	0	0	0
6275	G	G	2820.99	36.6875	199	196	0	0	2820.99	0
6276	A	A	2769.03	36.6919	202	202	2769.03	0	0	0
6277	G	G	2760.46	36.6919	202	194	0	0	2760.46	0
6278	C	C	2834.72	36.6977	206	199	0	2834.72	0	0
6279	T	T	2780.7	36.6919	202	202	0	0	0	2780.7
6280	T	T	2742.4	36.689	200	200	0	0	0	2742.4
6281	G	G	2780.54	36.6905	201	196	0	0	2780.54	0
6282	A	A	2703.9	37	201	201	2703.9	0	0	0
6283	T	T	2696.76	37	193	193	0	0	0	2696.76
6284	T	T	2686.35	37	195	195	0	0	0	2686.35
6285	G	G	2694.76	37	192	189	0	0	2694.76	0
6286	A	A	2684.5	37	196	196	2684.5	0	0	0
6287	A	A	2675.19	37	197	197	2675.19	0	0	0
6288	T	T	2673.98	37	196	196	0	0	0	2673.98
6289	A	A	2665.71	37	195	195	2665.71	0	0	0
6290	A	A	2637.15	37	194	194	2637.15	0	0	0
6291	G	G	2764.25	37	197	193	0	0	2764.25	0
6292	G	G	2680.82	37	196	189	0	0	2680.82	0
6293	C	C	2679.93	37	194	188	0	2679.93	0	0
6294	A	A	2660.82	37	194	194	2660.82	0	0	0
6295	A	A	2689.13	37	195	195	2689.13	0	0	0
6296	T	T	2672.11	37	197	197	0	0	0	2672.11
6297	G	G	2831.32	37	198	196	0	0	2831.32	0
6298	A	A	2713.93	37	198	198	2713.93	0	0	0
6299	A	A	2777.56	37	203	203	2777.56	0	0	0
6300	G	G	2790.45	37	201	196	0	0	2790.45	0
6301	C	C	2840.68	37	199	197	0	2840.68	0	0
6302	A	A	2684.21	37	196	196	2684.21	0	0	0
6303	T	T	2722.15	37	201	201	0	0	0	2722.15
6304	G	G	2801.06	37	205	197	0	0	2801.06	0
6305	C	C	2879.73	37	206	201	0	2879.73	0	0
6306	A	A	2811.01	37	206	206	2811.01	0	0	0
6307	C	C	2758.96	37	202	195	0	2758.96	0	0
6308	A	A	2780.24	37	202	202	2780.24	0	0	0
6309	C	C	2886.69	37	202	200	0	2886.69	0	0
6310	A	A	2764.4	37	202	202	2764.4	0	0	0
6311	C	C	2841.93	37	203	199	0	2841.93	0	0
6312	C	C	2788.34	37	201	196	0	2788.34	0	0
6313	G	G	2922.97	36.6977	206	203	0	0	2922.97	0
6314	C	C	2842.78	36.6934	203	198	0	2842.78	0	0
6315	C	C	2807.17	36.4015	201	196	0	2807.17	0	0
6316	C	C	2721.95	36.1345	202	192	0	2721.95	0	0
6317	G	G	2827.46	36.1384	203	198	0	0	2827.46	0
6318	T	T	2773.55	35.8707	200	200	0	0	0	2773.55
6319	C	C	2807.72	35.8657	199	195	0	2807.72	0	0
6320	A	A	2615.72	35.84	194	194	2615.72	0	0	0
6321	C	C	2697.71	35.8504	196	190	0	2697.71	0	0
6322	C	C	2695.96	35.84	194	189	0	2695.96	0	0
6323	C	C	2694.27	35.8241	191	188	0	2694.27	0	0
6324	T	T	2607.14	35.8132	189	189	0	0	0	2607.14
6325	C	C	2643.6	35.8241	191	185	0	2643.6	0	0
6326	C	C	2655.76	35.8241	191	186	0	2655.76	0	0
6327	T	T	2638.97	35.84	194	194	0	0	0	2638.97
6328	C	C	2696.02	35.5989	195	189	0	2696.02	0	0
6329	A	A	2654.22	35.6111	197	197	2654.22	0	0	0
6330	A	A	2643.69	35.5989	195	195	2643.69	0	0	0
6331	G	G	2646.64	35.5675	190	186	0	0	2646.64	0
6332	T	T	2640.49	35.5739	191	191	0	0	0	2640.49
6333	G	G	2686.76	35.5739	191	187	0	0	2686.76	0
6334	G	G	2633.17	35.5739	191	184	0	0	2633.17	0
6335	C	C	2705.4	35.5802	192	188	0	2705.4	0	0
6336	A	A	2658.73	35.8348	193	193	2658.73	0	0	0
6337	C	C	2652.54	35.8294	192	186	0	2652.54	0	0
6338	A	A	2694.98	35.8504	196	196	2694.98	0	0	0
6339	A	A	2702.13	36.1187	198	198	2702.13	0	0	0
6340	G	G	2790.97	36.1345	202	195	0	0	2790.97	0
6341	C	C	2772.07	36.1023	194	192	0	2772.07	0	0
6342	C	C	2687.56	36.3724	191	187	0	2687.56	0	0
6343	A	A	2658.17	36.3754	192	192	2658.17	0	0	0
6344	A	A	2707.29	36.6797	194	194	2707.29	0	0	0
6345	A	A	2682.71	36.6828	196	196	2682.71	0	0	0
6346	C	C	2728.75	36.6844	197	191	0	2728.75	0	0
6347	A	A	2667.47	36.6813	195	195	2667.47	0	0	0
6348	T	T	2705.91	36.6875	199	199	0	0	0	2705.91
6349	A	A	2676.64	36.6844	197	197	2676.64	0	0	0
6350	A	A	2710.9	36.6875	199	199	2710.9	0	0	0
6351	C	C	2679.02	36.6859	198	189	0	2679.02	0	0
6352	C	C	2771.86	36.6905	201	195	0	2771.86	0	0
6353	T	T	2724.96	36.689	200	200	0	0	0	2724.96
6354	A	A	2641.73	36.6828	196	196	2641.73	0	0	0
6355	T	T	2681.78	36.6813	195	195	0	0	0	2681.78
6356	T	T	2622.39	36.6732	190	190	0	0	0	2622.39
6357	G	G	2575.8	36.6699	188	181	0	0	2575.8	0
6358	A	A	2592.01	36.6699	188	188	2592.01	0	0	0
6359	A	A	2575.11	36.6715	189	189	2575.11	0	0	0
6360	A	A	2614.3	36.3814	194	194	2614.3	0	0	0
6361	C	C	2640.35	36.0896	191	185	0	2640.35	0	0
6362	C	C	2670.56	36.0852	190	186	0	2670.56	0	0
6363	A	A	2518.34	35.8021	187	187	2518.34	0	0	0
6364	A	A	2509.05	35.7908	185	185	2509.05	0	0	0
6365	A	A	2514.55	35.7908	185	185	2514.55	0	0	0
6366	T	T	2531.93	36.063	185	185	0	0	0	2531.93
6367	A	A	2510.81	36.0675	186	186	2510.81	0	0	0
6368	A	A	2484.14	36.0675	186	185	2484.14	0	0	0
6369	A	A	2496.89	36.0584	184	184	2496.89	0	0	0
6370	A	A	2469.04	36.0444	181	181	2469.04	0	0	0
6371	C	C	2426.76	35.7433	177	171	0	2426.76	0	0
6372	G	G	2551.06	35.5002	180	177	0	0	2551.06	0
6373	C	C	2589.38	35.521	183	180	0	2589.38	0	0
6374	A	A	2509.2	35.5413	186	185	2509.2	0	0	0
6375	A	A	2497.88	35.5346	185	185	2497.88	0	0	0
6376	G	G	2538.38	35.5279	184	178	0	0	2538.38	0
6377	A	A	2481.49	35.5279	184	184	2481.49	0	0	0
6378	G	G	2512.3	35.5072	181	176	0	0	2512.3	0
6379	G	G	2597.71	35.5346	185	181	0	0	2597.71	0
6380	A	A	2527.78	35.5346	185	185	2527.78	0	0	0
6381	G	G	2642.9	35.561	189	185	0	0	2642.9	0
6382	G	G	2708.6	35.5865	193	189	0	0	2708.6	0
6383	C	C	2656.08	35.5675	190	186	0	2656.08	0	0
6384	A	A	2578.32	35.5545	188	188	2578.32	0	0	0
6385	A	A	2613.96	35.5739	191	191	2613.96	0	0	0
6386	G	G	2701.51	35.3516	193	188	0	0	2701.51	0
6387	T	T	2609.52	35.5865	193	193	0	0	0	2609.52
6388	C	C	2725.39	35.8504	196	191	0	2725.39	0	0
6389	G	G	2780.21	36.1187	198	194	0	0	2780.21	0
6390	T	T	2669.6	36.1146	197	197	0	0	0	2669.6
6391	A	A	2699.5	35.8504	196	196	2699.5	0	0	0
6392	A	A	2669.55	35.8504	196	196	2669.55	0	0	0
6393	C	C	2713.23	35.8556	197	191	0	2713.23	0	0
6394	A	A	2721.72	35.8556	197	197	2721.72	0	0	0
6395	A	A	2689.88	35.8504	196	196	2689.88	0	0	0
6396	G	G	2722.47	35.8504	196	190	0	0	2722.47	0
6397	G	G	2661.03	35.84	194	187	0	0	2661.03	0
6398	T	T	2711.96	35.8504	196	196	0	0	0	2711.96
6399	A	A	2725.99	35.8707	200	200	2725.99	0	0	0
6400	A	A	2714.85	35.8606	198	198	2714.85	0	0	0
6401	G	G	2796.67	35.8452	195	194	0	0	2796.67	0
6402	C	C	2735.73	35.8556	197	191	0	2735.73	0	0
6403	A	A	2762.44	35.8657	199	199	2762.44	0	0	0
6404	T	T	2755.66	35.8854	203	203	0	0	0	2755.66
6405	A	A	2836.92	35.8902	204	204	2836.92	0	0	0
6406	C	C	2778.19	35.8902	204	196	0	2778.19	0	0
6407	T	T	2778.28	35.8902	204	204	0	0	0	2778.28
6408	G	G	2798.55	35.8902	204	197	0	0	2798.55	0
6409	G	G	2842.73	35.9044	207	200	0	0	2842.73	0
6410	A	A	2870.28	35.9091	208	208	2870.28	0	0	0
6411	A	A	2852.03	35.895	205	205	2852.03	0	0	0
6412	A	A	2891.73	35.9091	208	208	2891.73	0	0	0
6413	G	G	2816.28	35.9091	208	198	0	0	2816.28	0
6414	T	T	2889.29	35.9228	211	211	0	0	0	2889.29
6415	G	G	2783.16	35.9137	209	198	0	0	2783.16	0
6416	T	T	2897.47	35.9273	212	212	0	0	0	2897.47
6417	G	G	2858.09	36.1681	211	202	0	0	2858.09	0
6418	C	C	2948.55	36.1717	212	206	0	2948.55	0	0
6419	T	T	2832.57	36.423	209	209	0	0	0	2832.57
6420	T	T	2846.87	36.4281	211	211	0	0	0	2846.87
6421	G	G	2873.4	36.4306	212	202	0	0	2873.4	0
6422	G	G	2953.86	36.706	212	206	0	0	2953.86	0
6423	A	A	2952.96	36.7113	216	216	2952.96	0	0	0
6424	T	T	2952.41	36.7163	220	220	0	0	0	2952.41
6425	G	G	2975.16	36.7113	216	209	0	0	2975.16	0
6426	G	G	3030.86	36.7138	218	212	0	0	3030.86	0
6427	A	A	2929.88	36.71	215	215	2929.88	0	0	0
6428	T	T	2925.52	36.706	212	212	0	0	0	2925.52
6429	C	C	2947.13	36.71	215	207	0	2947.13	0	0
6430	A	A	2957.66	36.71	215	215	2957.66	0	0	0
6431	A	A	2963.87	36.7113	216	216	2963.87	0	0	0
6432	A	A	2956.08	36.7113	216	216	2956.08	0	0	0
6433	G	G	2902.64	36.7073	213	205	0	0	2902.64	0
6434	T	T	2894.16	36.7086	214	214	0	0	0	2894.16
6435	G	G	3023.66	36.71	215	211	0	0	3023.66	0
6436	T	T	2941.81	36.706	212	212	0	0	0	2941.81
6437	A	A	3019.18	36.7163	220	220	3019.18	0	0	0
6438	G	G	3075.64	36.7176	221	215	0	0	3075.64	0
6439	C	C	3063.52	36.72	223	215	0	3063.52	0	0
6440	T	T	3006.08	36.7151	219	219	0	0	0	3006.08
6441	T	T	2947.05	36.7138	218	218	0	0	0	2947.05
6442	A	A	2946.1	36.7176	221	221	2946.1	0	0	0
6443	A	A	2927.26	36.7176	221	221	2927.26	0	0	0
6444	A	A	2918.63	36.7125	217	217	2918.63	0	0	0
6445	C	C	2853.61	36.4405	216	205	0	2853.61	0	0
6446	A	A	2924.08	36.4356	214	214	2924.08	0	0	0
6447	A	A	2942.67	36.7073	213	213	2942.67	0	0	0
6448	A	A	2907.35	36.7019	209	209	2907.35	0	0	0
6449	G	G	2908.04	36.7019	209	203	0	0	2908.04	0
6450	C	C	2839.85	36.71	215	203	0	2839.85	0	0
6451	A	A	2980.46	36.7086	214	214	2980.46	0	0	0
6452	T	T	2952.58	36.706	212	212	0	0	0	2952.58
6453	C	C	2904.87	36.4204	208	202	0	2904.87	0	0
6454	T	T	2914.74	36.423	209	209	0	0	0	2914.74
6455	A	A	3017.86	36.4405	216	216	3017.86	0	0	0
6456	G	G	3073.36	36.4453	218	213	0	0	3073.36	0
6457	C	C	2923.5	36.4429	217	207	0	2923.5	0	0
6458	T	T	3023.43	36.4524	221	221	0	0	0	3023.43
6459	T	T	3038.46	36.2025	221	221	0	0	0	3038.46
6460	A	A	2983.68	36.1992	220	220	2983.68	0	0	0
6461	C	C	3091.99	36.2058	222	216	0	3091.99	0	0
6462	A	A	2968.65	36.2058	222	222	2968.65	0	0	0
6463	C	C	3099.65	36.2025	221	216	0	3099.65	0	0
6464	C	C	3009.6	36.1822	215	210	0	3009.6	0	0
6465	C	C	3006.99	36.1717	212	209	0	3006.99	0	0
6466	A	A	2899.4	36.1572	208	208	2899.4	0	0	0
6467	G	G	2980.97	36.1645	210	207	0	0	2980.97	0
6468	A	A	2942.31	36.1752	213	213	2942.31	0	0	0
6469	G	G	3093.26	36.1925	218	215	0	0	3093.26	0
6470	G	G	2917.95	36.1857	216	206	0	0	2917.95	0
6471	A	A	2880.47	36.1857	216	216	2880.47	0	0	0
6472	T	T	2968.51	36.1891	217	217	0	0	0	2968.51
6473	T	T	2940.11	35.9493	217	217	0	0	0	2940.11
6474	T	T	2899.28	36.1787	214	214	0	0	0	2899.28
6475	C	C	2952.83	35.9228	211	206	0	2952.83	0	0
6476	A	A	2880.6	35.9228	211	211	2880.6	0	0	0
6477	C	C	2881.46	35.9362	214	205	0	2881.46	0	0
6478	G	G	2972.23	35.945	216	208	0	0	2972.23	0
6479	T	T	2899.63	35.9362	214	214	0	0	0	2899.63
6480	A	A	3001.97	35.945	216	216	3001.97	0	0	0
6481	T	T	2941.13	35.962	220	220	0	0	0	2941.13
6482	G	G	3006.08	35.9493	217	211	0	0	3006.08	0
6483	T	T	2945.57	36.1787	214	214	0	0	0	2945.57
6484	G	G	3113.63	36.1992	220	216	0	0	3113.63	0
6485	A	A	2995.04	36.1925	218	218	2995.04	0	0	0
6486	C	C	3089.28	35.9704	222	216	0	3089.28	0	0
6487	C	C	3194.22	35.9826	225	222	0	3194.22	0	0
6488	G	G	3155.32	35.9906	227	221	0	0	3155.32	0
6489	C	C	3171.45	35.9866	226	221	0	3171.45	0	0
6490	T	T	3066.18	36.2311	230	230	0	0	0	3066.18
6491	T	T	3025.18	36.2187	226	226	0	0	0	3025.18
6492	T	T	3084.24	36.2311	230	230	0	0	0	3084.24
6493	G	G	3157.72	36.2249	228	221	0	0	3157.72	0
6494	A	A	3040.68	36.2155	225	225	3040.68	0	0	0
6495	A	A	2997.51	36.2091	223	223	2997.51	0	0	0
6496	C	C	3099.85	36.1959	219	216	0	3099.85	0	0
6497	C	C	3029.57	36.4281	211	209	0	3029.57	0	0
6498	C	C	2973.7	36.4256	210	206	0	2973.7	0	0
6499	A	A	2848.01	36.423	209	209	2848.01	0	0	0
6500	G	G	2871.48	36.4204	208	201	0	0	2871.48	0
6501	A	A	2848.85	36.4204	208	208	2848.85	0	0	0
6502	G	G	2934.21	36.4281	211	205	0	0	2934.21	0
6503	C	C	2949.55	36.4429	217	208	0	2949.55	0	0
6504	T	T	2888.96	36.4356	214	214	0	0	0	2888.96
6505	A	A	2837	36.423	209	209	2837	0	0	0
6506	G	G	2914.15	36.4256	210	204	0	0	2914.15	0
6507	C	C	2810.1	36.4151	206	198	0	2810.1	0	0
6508	C	C	2906.88	36.4151	206	202	0	2906.88	0	0
6509	C	C	2994.72	36.4204	208	207	0	2994.72	0	0
6510	A	A	2884.78	36.423	209	209	2884.78	0	0	0
6511	G	G	2871.65	36.4178	207	201	0	0	2871.65	0
6512	A	A	2874.01	36.423	209	209	2874.01	0	0	0
6513	T	T	2871.65	36.423	209	209	0	0	0	2871.65
6514	A	A	2817.23	36.6977	206	206	2817.23	0	0	0
6515	A	A	2836.73	36.7005	208	208	2836.73	0	0	0
6516	C	C	2990.33	36.7019	209	207	0	2990.33	0	0
6517	A	A	2757.9	36.6934	203	203	2757.9	0	0	0
6518	A	A	2775.99	36.6919	202	202	2775.99	0	0	0
6519	C	C	2780.4	36.689	200	195	0	2780.4	0	0
6520	T	T	2813.1	37	205	205	0	0	0	2813.1
6521	A	A	2847.06	37	209	209	2847.06	0	0	0
6522	A	A	2776.99	37	201	201	2776.99	0	0	0
6523	C	C	2860.91	37	206	200	0	2860.91	0	0
6524	C	C	2976.56	37	211	207	0	2976.56	0	0
6525	A	A	2772.97	37	206	206	2772.97	0	0	0
6526	A	A	2777.97	37	205	205	2777.97	0	0	0
6527	A	A	2767.81	37	203	203	2767.81	0	0	0
6528	C	C	2845.25	37	203	199	0	2845.25	0	0
6529	T	T	2782.64	37	201	201	0	0	0	2782.64
6530	A	A	2678.7	37	195	195	2678.7	0	0	0
6531	C	C	2755.83	37	196	192	0	2755.83	0	0
6532	C	C	2765.28	37	200	194	0	2765.28	0	0
6533	A	A	2681.96	37	202	202	2681.96	0	0	0
6534	T	T	2749.58	37	198	198	0	0	0	2749.58
6535	A	A	2608.05	37	192	192	2608.05	0	0	0
6536	G	G	2660.72	37	196	188	0	0	2660.72	0
6537	A	A	2591.17	37	193	193	2591.17	0	0	0
6538	T	T	2608.95	37	190	190	0	0	0	2608.95
6539	C	C	2674.46	37	187	185	0	2674.46	0	0
6540	A	A	2487.57	37	187	187	2487.57	0	0	0
6541	A	A	2428.32	37	180	180	2428.32	0	0	0
6542	T	T	2510.16	37	179	179	0	0	0	2510.16
6543	T	T	2484.61	37	177	177	0	0	0	2484.61
6544	A	A	2344.62	37	173	173	2344.62	0	0	0
6545	A	A	2319.78	37	171	171	2319.78	0	0	0
6546	A	A	2349.96	37	171	171	2349.96	0	0	0
6547	T	T	2323.94	37	170	170	0	0	0	2323.94
6548	A	A	2319.43	37	169	169	2319.43	0	0	0
6549	A	A	2358.13	37	171	171	2358.13	0	0	0
6550	A	A	2343.41	37	170	170	2343.41	0	0	0
6551	A	A	2375.59	37	174	174	2375.59	0	0	0
6552	C	C	2389.85	37	169	166	0	2389.85	0	0
6553	A	A	2285.66	37	168	168	2285.66	0	0	0
6554	T	T	2341.48	37	169	169	0	0	0	2341.48
6555	T	T	2331.32	37	168	168	0	0	0	2331.32
6556	C	C	2305.13	37	170	163	0	2305.13	0	0
6557	A	A	2235.82	37	167	167	2235.82	0	0	0
6558	A	A	2224.35	36.6236	164	164	2224.35	0	0	0
6559	C	C	2430.97	36.6443	174	170	0	2430.97	0	0
6560	A	A	2345.57	36.6424	173	172	2345.57	0	0	0
6561	G	G	2416.23	36.652	178	171	0	0	2416.23	0
6562	T	T	2296.86	36.6443	174	174	0	0	0	2296.86
6563	A	A	2321	36.6443	174	174	2321	0	0	0
6564	C	C	2417.61	36.3228	176	170	0	2417.61	0	0
6565	A	A	2374.95	36.3299	178	178	2374.95	0	0	0
6566	A	A	2306.44	36.312	173	173	2306.44	0	0	0
6567	T	T	2316.72	36.3192	175	175	0	0	0	2316.72
6568	T	T	2335.12	36.3264	177	177	0	0	0	2335.12
6569	A	A	2392.02	36.3192	175	175	2392.02	0	0	0
6570	A	A	2448.15	36.3368	180	180	2448.15	0	0	0
6571	A	A	2429.34	36.3228	176	176	2429.34	0	0	0
6572	G	G	2540.75	36.3299	178	176	0	0	2540.75	0
6573	T	T	2418.28	36.3299	178	178	0	0	0	2418.28
6574	A	A	2518.67	36.3334	179	179	2518.67	0	0	0
6575	T	T	2453.75	36.3368	180	180	0	0	0	2453.75
6576	A	A	2575.75	36.3469	183	183	2575.75	0	0	0
6577	G	G	2534.41	36.3534	185	178	0	0	2534.41	0
6578	G	G	2635.59	36.3534	185	183	0	0	2635.59	0
6579	A	A	2565.54	36.3567	186	186	2565.54	0	0	0
6580	G	G	2575.3	36.3567	186	180	0	0	2575.3	0
6581	A	A	2553.35	36.3567	186	186	2553.35	0	0	0
6582	T	T	2544.3	36.6647	185	185	0	0	0	2544.3
6583	A	A	2620.09	36.3599	187	187	2620.09	0	0	0
6584	G	G	2705.01	36.363	188	187	0	0	2705.01	0
6585	A	A	2592.48	36.6647	185	185	2592.48	0	0	0
6586	A	A	2588.49	36.6664	186	186	2588.49	0	0	0
6587	A	A	2594.31	36.6682	187	187	2594.31	0	0	0
6588	T	T	2647.88	36.3754	192	192	0	0	0	2647.88
6589	T	T	2618.14	36.3724	191	191	0	0	0	2618.14
6590	C	C	2656.2	36.3784	193	187	0	2656.2	0	0
6591	T	T	2620.12	36.3754	192	192	0	0	0	2620.12
6592	T	T	2639.92	36.3844	195	195	0	0	0	2639.92
6593	T	T	2647.88	36.3784	193	193	0	0	0	2647.88
6594	T	T	2682.68	36.3844	195	195	0	0	0	2682.68
6595	A	A	2585.65	36.3814	194	194	2585.65	0	0	0
6596	A	A	2534.85	36.3693	190	190	2534.85	0	0	0
6597	T	T	2641	36.3662	189	189	0	0	0	2641
6598	C	C	2651.89	36.3599	187	184	0	2651.89	0	0
6599	G	G	2568.82	36.3534	185	180	0	0	2568.82	0
6600	G	G	2536.15	36.3502	184	179	0	0	2536.15	0
6601	A	A	2546.53	36.0675	186	186	2546.53	0	0	0
6602	G	G	2619.36	36.0491	182	181	0	0	2619.36	0
6603	C	C	2615.52	36.0765	188	183	0	2615.52	0	0
6604	T	T	2554.23	36.0809	189	189	0	0	0	2554.23
6605	A	A	2542.75	36.0675	186	186	2542.75	0	0	0
6606	T	T	2561.46	36.0765	188	188	0	0	0	2561.46
6607	A	A	2561.61	36.072	187	187	2561.61	0	0	0
6608	G	G	2664.25	36.0896	191	187	0	0	2664.25	0
6609	A	A	2512.91	36.063	185	185	2512.91	0	0	0
6610	G	G	2513.39	36.063	185	177	0	0	2513.39	0
6611	A	A	2541.26	36.0584	184	184	2541.26	0	0	0
6612	G	G	2456.95	36.0491	182	174	0	0	2456.95	0
6613	A	A	2512.83	36.0444	181	181	2512.83	0	0	0
6614	G	G	2436.34	36.0444	181	172	0	0	2436.34	0
6615	T	T	2512.12	36.6612	183	183	0	0	0	2512.12
6616	A	A	2546.82	37	186	186	2546.82	0	0	0
6617	C	C	2609.86	37	189	183	0	2609.86	0	0
6618	C	C	2648.27	37	190	185	0	2648.27	0	0
6619	G	G	2655.52	37	189	185	0	0	2655.52	0
6620	C	C	2686.88	37	191	187	0	2686.88	0	0
6621	A	A	2518.8	37	187	187	2518.8	0	0	0
6622	A	A	2520.92	37	187	187	2520.92	0	0	0
6623	G	G	2490.82	37	183	176	0	0	2490.82	0
6624	G	G	2570.75	37	183	179	0	0	2570.75	0
6625	G	G	2474.47	37	183	175	0	0	2474.47	0
6626	A	A	2467.21	37	181	181	2467.21	0	0	0
6627	A	A	2478.78	37	183	183	2478.78	0	0	0
6628	T	T	2489.59	37	183	183	0	0	0	2489.59
6629	G	G	2539.64	37	186	179	0	0	2539.64	0
6630	A	A	2453.74	37	184	184	2453.74	0	0	0
6631	T	T	2462.69	37	181	181	0	0	0	2462.69
6632	G	G	2496.54	37	182	175	0	0	2496.54	0
6633	A	A	2494.05	37	182	182	2494.05	0	0	0
6634	A	A	2474.7	37	182	182	2474.7	0	0	0
6635	A	A	2501.47	37	180	180	2501.47	0	0	0
6636	G	G	2542.88	37	183	178	0	0	2542.88	0
6637	A	A	2479.12	36.6629	184	183	2479.12	0	0	0
6638	T	T	2512.71	36.6612	183	183	0	0	0	2512.71
6639	T	T	2444.88	36.6482	176	176	0	0	0	2444.88
6640	A	A	2398.73	36.652	178	178	2398.73	0	0	0
6641	C	C	2416.89	36.3156	174	169	0	2416.89	0	0
6642	T	T	2410.2	36.3083	172	172	0	0	0	2410.2
6643	T	T	2361.39	36.3083	172	172	0	0	0	2361.39
6644	A	A	2418.05	36.3228	176	176	2418.05	0	0	0
6645	A	A	2442.32	36.3264	177	177	2442.32	0	0	0
6646	A	A	2399.34	36.312	173	173	2399.34	0	0	0
6647	G	G	2491.9	36.312	173	172	0	0	2491.9	0
6648	T	T	2399.99	36.3192	175	175	0	0	0	2399.99
6649	A	A	2449.01	36.3192	175	175	2449.01	0	0	0
6650	A	A	2470.7	36.3368	180	180	2470.7	0	0	0
6651	C	C	2444.79	36.3299	178	172	0	2444.79	0	0
6652	A	A	2489.36	36.3402	181	181	2489.36	0	0	0
6653	A	A	2476.07	36.3402	181	181	2476.07	0	0	0
6654	A	A	2485	36.3502	184	184	2485	0	0	0
6655	C	C	2487.18	36.3368	180	175	0	2487.18	0	0
6656	A	A	2480.4	36.3469	183	183	2480.4	0	0	0
6657	G	G	2610.36	36.3502	184	182	0	0	2610.36	0
6658	C	C	2488.09	36.3502	184	176	0	2488.09	0	0
6659	A	A	2464.98	36.3469	183	183	2464.98	0	0	0
6660	A	A	2419.42	36.3299	178	178	2419.42	0	0	0
6661	A	A	2410.93	36.3264	177	177	2410.93	0	0	0
6662	G	G	2392.92	36.3228	176	169	0	0	2392.92	0
6663	A	A	2389.22	36.6424	173	173	2389.22	0	0	0
6664	T	T	2401.04	36.6443	174	174	0	0	0	2401.04
6665	T	T	2418	36.6501	177	177	0	0	0	2418
6666	A	A	2427.57	36.3156	174	174	2427.57	0	0	0
6667	C	C	2404.2	36.0201	176	169	0	2404.2	0	0
6668	C	C	2533.92	35.7616	180	176	0	2533.92	0	0
6669	C	C	2519.75	35.7793	183	177	0	2519.75	0	0
6670	C	C	2528.19	35.785	184	178	0	2528.19	0	0
6671	T	T	2505.96	35.5545	188	188	0	0	0	2505.96
6672	C	C	2566.4	35.3227	189	181	0	2566.4	0	0
6673	C	C	2606.86	35.33	190	183	0	2606.86	0	0
6674	T	T	2496.91	35.3227	189	189	0	0	0	2496.91
6675	A	A	2546.47	35.3153	188	188	2546.47	0	0	0
6676	C	C	2483.3	35.2695	182	175	0	2483.3	0	0
6677	C	C	2549.93	35.2773	183	178	0	2549.93	0	0
6678	T	T	2537.58	35.2927	185	185	0	0	0	2537.58
6679	T	T	2521.05	35.2773	183	183	0	0	0	2521.05
6680	T	T	2493.24	35.2537	180	180	0	0	0	2493.24
6681	T	T	2474.37	35.2537	180	180	0	0	0	2474.37
6682	G	G	2459.8	35.2044	174	171	0	0	2459.8	0
6683	C	C	2577.35	35.2616	181	179	0	2577.35	0	0
6684	A	A	2488.05	35.5142	182	182	2488.05	0	0	0
6685	T	T	2444.84	35.5142	182	181	0	0	0	2444.84
6686	A	A	2529.01	35.5346	185	185	2529.01	0	0	0
6687	A	A	2572.8	35.5545	188	188	2572.8	0	0	0
6688	T	T	2485.77	35.521	183	183	0	0	0	2485.77
6689	G	G	2468.96	35.521	183	175	0	0	2468.96	0
6690	A	A	2503.68	35.5413	186	186	2503.68	0	0	0
6691	G	G	2628.78	35.561	189	184	0	0	2628.78	0
6692	T	T	2577.26	36.0765	188	188	0	0	0	2577.26
6693	T	T	2541.15	36.3534	185	185	0	0	0	2541.15
6694	A	A	2458.27	36.6594	182	182	2458.27	0	0	0
6695	G	G	2414.51	36.6482	176	170	0	0	2414.51	0
6696	C	C	2518.18	37	176	174	0	2518.18	0	0
6697	C	C	2505.45	37	176	174	0	2505.45	0	0
6698	A	A	2480.65	37	180	180	2480.65	0	0	0
6699	G	G	2532.31	37	180	176	0	0	2532.31	0
6700	A	A	2569.85	37	185	185	2569.85	0	0	0
6701	A	A	2521.98	37	184	184	2521.98	0	0	0
6702	A	A	2531.73	37	185	185	2531.73	0	0	0
6703	T	T	2487.44	37	180	180	0	0	0	2487.44
6704	A	A	2541.47	37	182	182	2541.47	0	0	0
6705	G	G	2490.97	36.6647	185	176	0	0	2490.97	0
6706	C	C	2534.52	36.6612	183	178	0	2534.52	0	0
6707	C	C	2544.23	36.6576	181	177	0	2544.23	0	0
6708	T	T	2513.35	36.6594	182	182	0	0	0	2513.35
6709	A	A	2462.38	36.6629	184	184	2462.38	0	0	0
6710	A	A	2433.18	36.6594	182	182	2433.18	0	0	0
6711	C	C	2498.17	36.6594	182	176	0	2498.17	0	0
6712	A	A	2432.84	36.6576	181	181	2432.84	0	0	0
6713	A	A	2431.91	36.6576	181	181	2431.91	0	0	0
6714	A	A	2396.29	36.6501	177	177	2396.29	0	0	0
6715	G	G	2451.23	36.6482	176	171	0	0	2451.23	0
6716	A	A	2406.12	36.6501	177	177	2406.12	0	0	0
6717	G	G	2424.02	36.6482	176	170	0	0	2424.02	0
6718	A	A	2374.59	36.6501	177	177	2374.59	0	0	0
6719	A	A	2413.87	36.6539	179	179	2413.87	0	0	0
6720	C	C	2510.34	36.6612	183	176	0	2510.34	0	0
6721	T	T	2416.51	36.6557	180	180	0	0	0	2416.51
6722	T	T	2414.13	36.6557	180	180	0	0	0	2414.13
6723	A	A	2532.65	36.6664	186	186	2532.65	0	0	0
6724	A	A	2542.67	36.3567	186	186	2542.67	0	0	0
6725	G	G	2600.9	36.363	188	182	0	0	2600.9	0
6726	C	C	2574.32	36.3534	185	180	0	2574.32	0	0
6727	T	T	2479.37	36.3599	187	187	0	0	0	2479.37
6728	A	A	2624.62	36.3662	189	189	2624.62	0	0	0
6729	G	G	2627.24	36.3599	187	183	0	0	2627.24	0
6730	G	G	2597.38	36.0675	186	181	0	0	2597.38	0
6731	T	T	2608.35	36.0981	193	193	0	0	0	2608.35
6732	C	C	2725.09	35.8504	196	190	0	2725.09	0	0
6733	C	C	2769.2	35.8556	197	193	0	2769.2	0	0
6734	C	C	2724.51	36.1227	199	192	0	2724.51	0	0
6735	C	C	2775.41	36.1146	197	193	0	2775.41	0	0
6736	C	C	2639.68	36.0896	191	185	0	2639.68	0	0
6737	G	G	2698.28	36.0852	190	187	0	0	2698.28	0
6738	A	A	2604.94	36.0896	191	191	2604.94	0	0	0
6739	A	A	2569.96	36.072	187	187	2569.96	0	0	0
6740	A	A	2581.15	36.0675	186	186	2581.15	0	0	0
6741	C	C	2620.37	36.063	185	182	0	2620.37	0	0
6742	C	C	2668.77	36.072	187	185	0	2668.77	0	0
6743	A	A	2608.95	35.8132	189	189	2608.95	0	0	0
6744	G	G	2646.1	35.8348	193	186	0	0	2646.1	0
6745	A	A	2628.34	35.8294	192	192	2628.34	0	0	0
6746	C	C	2623.25	35.8186	190	184	0	2623.25	0	0
6747	G	G	2661.15	35.8077	188	185	0	0	2661.15	0
6748	A	A	2636.48	36.0896	191	191	2636.48	0	0	0
6749	G	G	2723.16	35.8504	196	191	0	0	2723.16	0
6750	C	C	2728.76	35.6348	201	192	0	2728.76	0	0
6751	T	T	2716.14	35.8902	204	204	0	0	0	2716.14
6752	A	A	2814.06	35.6744	208	208	2814.06	0	0	0
6753	C	C	2695.07	35.6853	210	193	0	2695.07	0	0
6754	C	C	2841.79	35.6689	207	200	0	2841.79	0	0
6755	T	T	2790.19	35.6577	205	205	0	0	0	2790.19
6756	A	A	2772.92	35.6463	203	203	2772.92	0	0	0
6757	T	T	2760.92	35.623	199	199	0	0	0	2760.92
6758	G	G	2845.42	35.623	199	197	0	0	2845.42	0
6759	A	A	2726.21	35.8707	200	200	2726.21	0	0	0
6760	A	A	2728.46	35.8805	202	202	2728.46	0	0	0
6761	C	C	2822.46	35.6406	202	197	0	2822.46	0	0
6762	A	A	2640.52	35.605	196	196	2640.52	0	0	0
6763	A	A	2624.86	35.3657	195	195	2624.86	0	0	0
6764	T	T	2657.28	35.3445	192	192	0	0	0	2657.28
6765	C	C	2755.14	34.9423	196	192	0	2755.14	0	0
6766	C	C	2605.61	35.1367	194	184	0	2605.61	0	0
6767	A	A	2615.85	35.1049	190	189	2615.85	0	0	0
6768	C	C	2591.42	35.1049	190	182	0	2591.42	0	0
6769	T	T	2605.68	35.0803	187	187	0	0	0	2605.68
6770	G	G	2562.38	35.0886	188	180	0	0	2562.38	0
6771	G	G	2605.12	35.0886	188	182	0	0	2605.12	0
6772	G	G	2623.46	35.0968	189	183	0	0	2623.46	0
6773	A	A	2555.42	35.2773	183	183	2555.42	0	0	0
6774	T	T	2544.76	35.2927	185	185	0	0	0	2544.76
6775	G	G	2597.03	35.521	183	180	0	0	2597.03	0
6776	A	A	2539.12	35.5142	182	182	2539.12	0	0	0
6777	A	A	2584.37	35.3079	187	187	2584.37	0	0	0
6778	C	C	2637.02	35.3003	186	183	0	2637.02	0	0
6779	T	T	2602.55	35.3153	188	188	0	0	0	2602.55
6780	C	C	2682.13	35.3516	193	188	0	2682.13	0	0
6781	A	A	2628.29	35.3445	192	192	2628.29	0	0	0
6782	T	T	2608.27	35.3373	191	191	0	0	0	2608.27
6783	C	C	2654.76	35.3227	189	185	0	2654.76	0	0
6784	T	T	2544.69	35.3079	187	187	0	0	0	2544.69
6785	A	A	2677.43	35.3516	193	193	2677.43	0	0	0
6786	T	T	2644.23	35.3657	195	195	0	0	0	2644.23
6787	G	G	2803.46	35.4132	202	196	0	0	2803.46	0
6788	T	T	2615.45	35.8504	196	196	0	0	0	2615.45
6789	C	C	2704.37	35.8606	198	190	0	2704.37	0	0
6790	G	G	2792.4	35.8805	202	196	0	0	2792.4	0
6791	C	C	2794.79	35.8854	203	197	0	2794.79	0	0
6792	A	A	2653.05	35.8606	198	198	2653.05	0	0	0
6793	A	A	2610.36	35.8452	195	195	2610.36	0	0	0
6794	A	A	2586.97	35.84	194	194	2586.97	0	0	0
6795	A	A	2570.81	35.8452	195	194	2570.81	0	0	0
6796	T	T	2648.65	35.8241	191	191	0	0	0	2648.65
6797	A	A	2511.33	35.7908	185	185	2511.33	0	0	0
6798	G	G	2539.47	35.7675	181	177	0	0	2539.47	0
6799	T	T	2508.41	35.7734	182	182	0	0	0	2508.41
6800	G	G	2516.23	35.7616	180	175	0	0	2516.23	0
6801	A	A	2473.4	35.7495	178	178	2473.4	0	0	0
6802	G	G	2518.2	36.03	178	175	0	0	2518.2	0
6803	A	A	2424.72	36.0251	177	177	2424.72	0	0	0
6804	A	A	2496.84	36.0491	182	182	2496.84	0	0	0
6805	G	G	2503.94	36.0538	183	176	0	0	2503.94	0
6806	A	A	2497.13	36.063	185	185	2497.13	0	0	0
6807	T	T	2478.12	36.0584	184	184	0	0	0	2478.12
6808	T	T	2456.6	36.0491	182	182	0	0	0	2456.6
6809	T	T	2503.39	36.0584	184	184	0	0	0	2503.39
6810	A	A	2492.9	36.0397	180	180	2492.9	0	0	0
6811	T	T	2475.45	36.0397	180	180	0	0	0	2475.45
6812	A	A	2535.59	36.0397	180	180	2535.59	0	0	0
6813	G	G	2460.06	36.0348	179	173	0	0	2460.06	0
6814	G	G	2560.25	36.0444	181	178	0	0	2560.25	0
6815	T	T	2506.61	36.0491	182	182	0	0	0	2506.61
6816	A	A	2571.27	36.3469	183	183	2571.27	0	0	0
6817	G	G	2663.23	36.3599	187	185	0	0	2663.23	0
6818	A	A	2622.67	36.6664	186	186	2622.67	0	0	0
6819	G	G	2559.02	36.6682	187	180	0	0	2559.02	0
6820	G	G	2716.67	36.6765	192	189	0	0	2716.67	0
6821	T	T	2653.99	36.3873	196	196	0	0	0	2653.99
6822	G	G	2821.38	36.3959	199	196	0	0	2821.38	0
6823	A	A	2699.02	36.3902	197	197	2699.02	0	0	0
6824	A	A	2688.16	36.3873	196	196	2688.16	0	0	0
6825	A	A	2678.74	36.3844	195	195	2678.74	0	0	0
6826	A	A	2658.23	36.3844	195	195	2658.23	0	0	0
6827	G	G	2758.12	36.3931	198	193	0	0	2758.12	0
6828	C	C	2817.89	36.407	203	197	0	2817.89	0	0
6829	C	C	2841.32	36.4098	204	199	0	2841.32	0	0
6830	T	T	2736.26	36.407	203	203	0	0	0	2736.26
6831	A	A	2675.98	36.3987	200	200	2675.98	0	0	0
6832	A	A	2635.39	36.3902	197	197	2635.39	0	0	0
6833	C	C	2783.74	36.3959	199	194	0	2783.74	0	0
6834	G	G	2778.86	36.4015	201	195	0	0	2778.86	0
6835	A	A	2584.42	36.3784	193	193	2584.42	0	0	0
6836	G	G	2603.03	36.363	188	182	0	0	2603.03	0
6837	C	C	2628.57	36.6715	189	184	0	2628.57	0	0
6838	C	C	2671.07	36.6715	189	186	0	2671.07	0	0
6839	T	T	2550.22	36.6647	185	185	0	0	0	2550.22
6840	G	G	2600.46	36.6647	185	181	0	0	2600.46	0
6841	G	G	2490.2	36.6715	189	178	0	0	2490.2	0
6842	T	T	2554.2	36.6664	186	186	0	0	0	2554.2
6843	G	G	2598.71	36.6612	183	180	0	0	2598.71	0
6844	A	A	2596.51	36.6664	186	186	2596.51	0	0	0
6845	T	T	2568.95	36.6682	187	187	0	0	0	2568.95
6846	A	A	2629.09	36.6748	191	191	2629.09	0	0	0
6847	G	G	2748.77	36.3754	192	190	0	0	2748.77	0
6848	C	C	2666.66	36.6748	191	186	0	2666.66	0	0
6849	T	T	2662.84	36.6828	196	196	0	0	0	2662.84
6850	G	G	2845.87	36.6934	203	198	0	0	2845.87	0
6851	G	G	2857.08	36.6905	201	198	0	0	2857.08	0
6852	T	T	2732.62	36.6949	204	204	0	0	0	2732.62
6853	T	T	2745.82	36.6963	205	205	0	0	0	2745.82
6854	G	G	2902.03	36.423	209	203	0	0	2902.03	0
6855	C	C	2969.18	36.423	209	206	0	2969.18	0	0
6856	C	C	2874.61	36.4124	205	200	0	2874.61	0	0
6857	C	C	2772.13	36.4151	206	196	0	2772.13	0	0
6858	A	A	2835.13	36.4151	206	206	2835.13	0	0	0
6859	G	G	2907.6	36.4204	208	203	0	0	2907.6	0
6860	A	A	2780.02	36.4043	202	202	2780.02	0	0	0
6861	A	A	2814.83	36.4204	208	208	2814.83	0	0	0
6862	T	T	2850.26	36.4178	207	207	0	0	0	2850.26
6863	A	A	2752.73	36.407	203	203	2752.73	0	0	0
6864	G	G	2818.22	36.3987	200	196	0	0	2818.22	0
6865	A	A	2700.34	36.3959	199	199	2700.34	0	0	0
6866	A	A	2652.01	36.3784	193	193	2652.01	0	0	0
6867	T	T	2717.14	36.3784	193	193	0	0	0	2717.14
6868	T	T	2696.07	36.3814	194	194	0	0	0	2696.07
6869	T	T	2709.02	36.3814	194	194	0	0	0	2709.02
6870	T	T	2649.61	36.3693	190	190	0	0	0	2649.61
6871	A	A	2512.1	36.3662	189	189	2512.1	0	0	0
6872	G	G	2499.38	36.3435	182	176	0	0	2499.38	0
6873	T	T	2465.28	36.6482	176	176	0	0	0	2465.28
6874	T	T	2441.69	36.6424	173	173	0	0	0	2441.69
6875	C	C	2450.54	36.6443	174	170	0	2450.54	0	0
6876	A	A	2398.13	36.6482	176	176	2398.13	0	0	0
6877	A	A	2335.72	36.6443	174	174	2335.72	0	0	0
6878	C	C	2469.66	36.6463	175	172	0	2469.66	0	0
6879	T	T	2350.63	36.6424	173	173	0	0	0	2350.63
6880	T	T	2339.8	36.6443	174	174	0	0	0	2339.8
6881	T	T	2387.59	36.6482	176	176	0	0	0	2387.59
6882	A	A	2374.76	36.6443	174	174	2374.76	0	0	0
6883	A	A	2378.91	36.6404	172	172	2378.91	0	0	0
6884	A	A	2383.58	36.6424	173	173	2383.58	0	0	0
6885	C	C	2371.69	36.6424	173	167	0	2371.69	0	0
6886	T	T	2381.4	36.6482	176	176	0	0	0	2381.4
6887	T	T	2395.05	36.6463	175	175	0	0	0	2395.05
6888	G	G	2486.86	36.652	178	174	0	0	2486.86	0
6889	C	C	2477.66	36.652	178	173	0	2477.66	0	0
6890	C	C	2489.34	36.652	178	174	0	2489.34	0	0
6891	T	T	2435.73	36.6576	181	181	0	0	0	2435.73
6892	A	A	2443.54	36.6594	182	182	2443.54	0	0	0
6893	C	C	2525.01	36.6501	177	175	0	2525.01	0	0
6894	A	A	2505.65	36.6629	184	184	2505.65	0	0	0
6895	A	A	2465.72	37	179	179	2465.72	0	0	0
6896	A	A	2453.56	37	177	177	2453.56	0	0	0
6897	A	A	2443.43	37	175	175	2443.43	0	0	0
6898	C	C	2430.62	37	175	170	0	2430.62	0	0
6899	T	T	2482.65	37	181	181	0	0	0	2482.65
6900	T	T	2499.93	37	184	184	0	0	0	2499.93
6901	A	A	2474.37	37	183	183	2474.37	0	0	0
6902	A	A	2492.93	37	185	185	2492.93	0	0	0
6903	A	A	2530.04	37	189	188	2530.04	0	0	0
6904	A	A	2571.08	37	189	189	2571.08	0	0	0
6905	A	A	2579.2	37	186	186	2579.2	0	0	0
6906	T	T	2496.73	37	185	185	0	0	0	2496.73
6907	T	T	2482.31	37	184	184	0	0	0	2482.31
6908	C	C	2652.84	37	188	185	0	2652.84	0	0
6909	T	T	2556.58	37	185	185	0	0	0	2556.58
6910	A	A	2554.89	37	187	187	2554.89	0	0	0
6911	A	A	2554.42	37	183	183	2554.42	0	0	0
6912	T	T	2591.59	37	190	190	0	0	0	2591.59
6913	G	G	2678.79	37	187	185	0	0	2678.79	0
6914	C	C	2571.22	37	188	181	0	2571.22	0	0
6915	A	A	2652.56	37	190	190	2652.56	0	0	0
6916	A	A	2636.47	37	190	190	2636.47	0	0	0
6917	G	G	2737.49	37	193	190	0	0	2737.49	0
6918	T	T	2693.28	37	195	195	0	0	0	2693.28
6919	T	T	2671.07	37	196	196	0	0	0	2671.07
6920	T	T	2693.86	37	197	197	0	0	0	2693.86
6921	A	A	2647.45	37	194	194	2647.45	0	0	0
6922	A	A	2632.72	37	192	192	2632.72	0	0	0
6923	A	A	2614.66	37	193	193	2614.66	0	0	0
6924	A	A	2666.19	37	195	195	2666.19	0	0	0
6925	T	T	2667.78	37	193	193	0	0	0	2667.78
6926	A	A	2587.17	37	193	193	2587.17	0	0	0
6927	T	T	2630.63	37	192	192	0	0	0	2630.63
6928	A	A	2607.83	36.6765	192	192	2607.83	0	0	0
6929	T	T	2655.37	36.6797	194	194	0	0	0	2655.37
6930	T	T	2561.36	36.6682	187	187	0	0	0	2561.36
6931	C	C	2567.49	36.6629	184	179	0	2567.49	0	0
6932	T	T	2565.3	36.6715	189	189	0	0	0	2565.3
6933	A	A	2585.23	36.6699	188	188	2585.23	0	0	0
6934	A	A	2614.09	36.6715	189	189	2614.09	0	0	0
6935	A	A	2600.06	36.6699	188	188	2600.06	0	0	0
6936	A	A	2576.2	36.6664	186	186	2576.2	0	0	0
6937	A	A	2553.69	36.6647	185	185	2553.69	0	0	0
6938	G	G	2676.62	36.6682	187	185	0	0	2676.62	0
6939	G	G	2591.98	36.6664	186	181	0	0	2591.98	0
6940	T	T	2585.72	36.6647	185	185	0	0	0	2585.72
6941	A	A	2498.75	36.6612	183	183	2498.75	0	0	0
6942	C	C	2545.99	36.6539	179	177	0	2545.99	0	0
6943	A	A	2510.54	36.6612	183	183	2510.54	0	0	0
6944	G	G	2661.19	36.6647	185	184	0	0	2661.19	0
6945	C	C	2702.05	36.6682	187	187	0	2702.05	0	0
6946	T	T	2504.29	36.6629	184	184	0	0	0	2504.29
6947	T	T	2523.41	36.6699	188	188	0	0	0	2523.41
6948	T	T	2569.55	36.6765	192	192	0	0	0	2569.55
6949	T	T	2535.66	36.6664	186	186	0	0	0	2535.66
6950	T	T	2505.33	36.6612	183	183	0	0	0	2505.33
6951	A	A	2505.85	36.6629	184	184	2505.85	0	0	0
6952	G	G	2533.97	36.6629	184	178	0	0	2533.97	0
6953	A	A	2511.7	36.6682	187	187	2511.7	0	0	0
6954	A	A	2446.33	36.6612	183	182	2446.33	0	0	0
6955	T	T	2513.17	36.6594	182	182	0	0	0	2513.17
6956	C	C	2395.71	36.6539	179	170	0	2395.71	0	0
6957	A	A	2415.99	36.6557	180	180	2415.99	0	0	0
6958	A	A	2408.19	36.6539	179	179	2408.19	0	0	0
6959	G	G	2444.89	36.652	178	172	0	0	2444.89	0
6960	G	G	2530.3	36.6612	183	178	0	0	2530.3	0
6961	A	A	2361.95	37	177	177	2361.95	0	0	0
6962	T	T	2376.45	37	173	173	0	0	0	2376.45
6963	A	A	2358.96	36.6482	176	176	2358.96	0	0	0
6964	C	C	2328.42	36.6363	170	164	0	2328.42	0	0
6965	A	A	2344.03	36.6363	170	170	2344.03	0	0	0
6966	A	A	2320.91	36.6322	168	168	2320.91	0	0	0
6967	C	C	2321.34	36.6404	172	164	0	2321.34	0	0
6968	C	C	2482.19	36.652	178	174	0	2482.19	0	0
6969	T	T	2402.57	36.652	178	178	0	0	0	2402.57
6970	T	T	2420.96	36.6576	181	181	0	0	0	2420.96
6971	A	A	2516.56	36.6612	183	183	2516.56	0	0	0
6972	C	C	2583.11	36.6629	184	180	0	2583.11	0	0
6973	T	T	2527.8	36.6664	186	186	0	0	0	2527.8
6974	T	T	2481.4	36.6612	183	183	0	0	0	2481.4
6975	A	A	2496.52	36.6629	184	184	2496.52	0	0	0
6976	G	G	2664.52	36.6732	190	186	0	0	2664.52	0
6977	A	A	2586.78	36.6715	189	189	2586.78	0	0	0
6978	G	G	2632.08	36.6715	189	184	0	0	2632.08	0
6979	A	A	2600.18	36.6682	187	187	2600.18	0	0	0
6980	G	G	2719.93	36.6732	190	188	0	0	2719.93	0
6981	T	T	2611.73	36.6765	192	191	0	0	0	2611.73
6982	A	A	2632.68	36.6765	192	192	2632.68	0	0	0
6983	A	A	2604.13	36.6732	190	190	2604.13	0	0	0
6984	A	A	2643.97	36.6781	193	193	2643.97	0	0	0
6985	T	T	2664.39	36.6828	196	196	0	0	0	2664.39
6986	A	A	2698.33	36.6813	195	195	2698.33	0	0	0
6987	C	C	2681.22	36.6781	193	188	0	2681.22	0	0
6988	T	T	2615.32	36.6748	191	191	0	0	0	2615.32
6989	G	G	2792.36	36.6797	194	193	0	0	2792.36	0
6990	A	A	2695.55	36.6828	196	196	2695.55	0	0	0
6991	T	T	2747.41	36.6934	203	203	0	0	0	2747.41
6992	T	T	2798.82	36.6977	206	206	0	0	0	2798.82
6993	A	A	2758.48	36.689	200	200	2758.48	0	0	0
6994	A	A	2736.92	36.6828	196	196	2736.92	0	0	0
6995	A	A	2700.05	36.6797	194	194	2700.05	0	0	0
6996	T	T	2700.08	36.6781	193	193	0	0	0	2700.08
6997	C	C	2866.96	36.6875	199	198	0	2866.96	0	0
6998	A	A	2758.13	36.6919	202	202	2758.13	0	0	0
6999	T	T	2774.73	36.6934	203	203	0	0	0	2774.73
7000	A	A	2740.96	36.6919	202	202	2740.96	0	0	0
7001	G	G	2847.16	36.6919	202	198	0	0	2847.16	0
7002	T	T	2773.09	36.6949	204	204	0	0	0	2773.09
7003	A	A	2884.77	36.7033	210	210	2884.77	0	0	0
7004	G	G	2918.94	36.7005	208	203	0	0	2918.94	0
7005	G	G	2839.15	37	205	198	0	0	2839.15	0
7006	C	C	2857.21	37	206	200	0	2857.21	0	0
7007	C	C	2842.98	37	209	200	0	2842.98	0	0
7008	T	T	2906.84	37	213	213	0	0	0	2906.84
7009	A	A	2838.6	37	208	208	2838.6	0	0	0
7010	G	G	2879.4	37	208	202	0	0	2879.4	0
7011	A	A	2806.03	37	205	205	2806.03	0	0	0
7012	A	A	2856.95	37	209	209	2856.95	0	0	0
7013	G	G	2900.81	37	208	203	0	0	2900.81	0
7014	C	C	2895.01	37	212	203	0	2895.01	0	0
7015	A	A	2895.97	37	213	213	2895.97	0	0	0
7016	G	G	2909.63	37	211	204	0	0	2909.63	0
7017	C	C	2914.45	37	214	205	0	2914.45	0	0
7018	C	C	3036.23	37	214	211	0	3036.23	0	0
7019	A	A	2918.7	37	213	213	2918.7	0	0	0
7020	T	T	2859.37	37	209	208	0	0	0	2859.37
7021	C	C	2978.55	37	211	207	0	2978.55	0	0
7022	A	A	2900.54	37	211	211	2900.54	0	0	0
7023	A	A	2903.14	37	212	212	2903.14	0	0	0
7024	T	T	2903.75	37	211	211	0	0	0	2903.75
7025	T	T	2887.72	37	210	210	0	0	0	2887.72
7026	A	A	2906.65	37	211	211	2906.65	0	0	0
7027	A	A	2883.72	37	210	210	2883.72	0	0	0
7028	G	G	2939.74	37	211	205	0	0	2939.74	0
7029	A	A	2942.45	37	215	215	2942.45	0	0	0
7030	A	A	2935.98	37	212	211	2935.98	0	0	0
7031	A	A	2992.05	37	216	216	2992.05	0	0	0
7032	G	G	2987.57	37	214	209	0	0	2987.57	0
7033	C	C	3015.49	37	212	209	0	3015.49	0	0
7034	G	G	3019.86	37	213	210	0	0	3019.86	0
7035	T	T	2968.26	37	216	216	0	0	0	2968.26
7036	T	T	3017.45	37	221	221	0	0	0	3017.45
7037	T	T	2998.76	37	219	219	0	0	0	2998.76
7038	A	A	2923.55	37	218	218	2923.55	0	0	0
7039	A	A	2867.67	37	214	214	2867.67	0	0	0
7040	G	G	2990.56	37	207	207	0	0	2990.56	0
7041	C	C	2870.61	37	206	201	0	2870.61	0	0
7042	T	T	2888.93	37	211	211	0	0	0	2888.93
7043	C	C	2933.22	37	211	205	0	2933.22	0	0
7044	A	A	2868.12	37	212	212	2868.12	0	0	0
7045	A	A	2810.72	37	210	210	2810.72	0	0	0
7046	C	C	2891	37	204	201	0	2891	0	0
7047	A	A	2710.26	37	204	204	2710.26	0	0	0
7048	C	C	2817.72	36.6934	203	197	0	2817.72	0	0
7049	C	C	2684.27	36.6859	198	190	0	2684.27	0	0
7050	C	C	2707.51	36.6813	195	190	0	2707.51	0	0
7051	A	A	2581.18	36.6748	191	191	2581.18	0	0	0
7052	T	T	2583.37	36.6699	188	187	0	0	0	2583.37
7053	A	A	2575.15	36.6748	191	191	2575.15	0	0	0
7054	C	C	2629.31	36.6765	192	185	0	2629.31	0	0
7055	C	C	2564.67	36.3693	190	181	0	2564.67	0	0
7056	A	A	2600.2	36.3693	190	190	2600.2	0	0	0
7057	A	A	2621.83	36.0765	188	188	2621.83	0	0	0
7058	C	C	2631.95	36.0896	191	185	0	2631.95	0	0
7059	C	C	2685.48	36.1064	195	189	0	2685.48	0	0
7060	T	T	2678.05	36.1267	200	200	0	0	0	2678.05
7061	G	G	2713.24	36.1146	197	191	0	0	2713.24	0
7062	A	A	2736.86	36.1146	197	197	2736.86	0	0	0
7063	T	T	2712.4	36.1267	200	200	0	0	0	2712.4
7064	A	A	2821.19	36.1384	203	203	2821.19	0	0	0
7065	C	C	2863.74	35.8997	206	200	0	2863.74	0	0
7066	C	C	2770.01	35.8707	200	194	0	2770.01	0	0
7067	A	A	2798.75	35.8854	203	203	2798.75	0	0	0
7068	A	A	2818.93	35.8902	204	204	2818.93	0	0	0
7069	A	A	2841.9	35.8997	206	206	2841.9	0	0	0
7070	A	A	2824.34	35.9091	208	208	2824.34	0	0	0
7071	A	A	2777.74	35.8805	202	202	2777.74	0	0	0
7072	T	T	2803.06	35.8902	204	204	0	0	0	2803.06
7073	A	A	2813.61	35.8854	203	203	2813.61	0	0	0
7074	T	T	2853.7	35.9137	209	209	0	0	0	2853.7
7075	C	C	2895.34	35.9091	208	202	0	2895.34	0	0
7076	C	C	2903.62	36.1572	208	203	0	2903.62	0	0
7077	A	A	2867.06	36.1498	206	206	2867.06	0	0	0
7078	A	A	2838.1	36.1535	207	207	2838.1	0	0	0
7079	T	T	2893.94	36.1681	211	211	0	0	0	2893.94
7080	T	T	2936.01	36.1717	212	212	0	0	0	2936.01
7081	A	A	2793.98	36.1645	210	210	2793.98	0	0	0
7082	A	A	2816.33	36.1609	209	209	2816.33	0	0	0
7083	C	C	2928.71	36.1609	209	204	0	2928.71	0	0
7084	T	T	2851.47	36.1498	206	206	0	0	0	2851.47
7085	C	C	2777.4	35.8657	199	194	0	2777.4	0	0
7086	C	C	2776.17	35.6111	197	193	0	2776.17	0	0
7087	T	T	2753.47	35.6171	198	198	0	0	0	2753.47
7088	A	A	2698.51	35.6111	197	197	2698.51	0	0	0
7089	A	A	2685.98	35.5989	195	195	2685.98	0	0	0
7090	T	T	2632.51	35.5545	188	188	0	0	0	2632.51
7091	A	A	2609.41	35.5675	190	189	2609.41	0	0	0
7092	T	T	2619.62	35.561	189	189	0	0	0	2619.62
7093	A	A	2620.76	35.5739	191	191	2620.76	0	0	0
7094	A	A	2559.05	35.5802	192	192	2559.05	0	0	0
7095	T	T	2630.37	35.5739	191	191	0	0	0	2630.37
7096	A	A	2600.64	35.5865	193	193	2600.64	0	0	0
7097	A	A	2610.88	35.5802	192	192	2610.88	0	0	0
7098	C	C	2709.73	35.5739	191	188	0	2709.73	0	0
7099	T	T	2516.23	35.5346	185	185	0	0	0	2516.23
7100	G	G	2630.67	35.5545	188	184	0	0	2630.67	0
7101	G	G	2509.24	35.5479	187	178	0	0	2509.24	0
7102	G	G	2543.25	35.5545	188	180	0	0	2543.25	0
7103	C	C	2587.92	35.7965	186	181	0	2587.92	0	0
7104	T	T	2519.27	36.3534	185	185	0	0	0	2519.27
7105	A	A	2503.3	36.3469	183	183	2503.3	0	0	0
7106	A	A	2441.69	36.3368	180	180	2441.69	0	0	0
7107	T	T	2492.85	36.6576	181	181	0	0	0	2492.85
7108	C	C	2565.95	36.6501	177	177	0	2565.95	0	0
7109	T	T	2466.71	36.652	178	178	0	0	0	2466.71
7110	A	A	2434.46	36.6594	182	182	2434.46	0	0	0
7111	T	T	2423.39	37	178	178	0	0	0	2423.39
7112	T	T	2397.49	37	175	175	0	0	0	2397.49
7113	T	T	2347.64	37	173	173	0	0	0	2347.64
7114	A	A	2288.25	37	173	173	2288.25	0	0	0
7115	A	A	2297.7	37	173	173	2297.7	0	0	0
7116	A	A	2261.27	37	167	167	2261.27	0	0	0
7117	T	T	2303.73	37	168	168	0	0	0	2303.73
7118	A	A	2262.55	37	167	167	2262.55	0	0	0
7119	T	T	2227	37	163	163	0	0	0	2227
7120	A	A	2239.31	37	166	166	2239.31	0	0	0
7121	G	G	2231.79	37	162	156	0	0	2231.79	0
7122	A	A	2280.94	37	166	166	2280.94	0	0	0
7123	A	A	2282.72	37	165	165	2282.72	0	0	0
7124	G	G	2321.24	37	165	162	0	0	2321.24	0
7125	C	C	2305.7	37	168	162	0	2305.7	0	0
7126	A	A	2273.38	37	166	166	2273.38	0	0	0
7127	A	A	2254.24	37	165	165	2254.24	0	0	0
7128	C	C	2389.4	37	166	165	0	2389.4	0	0
7129	A	A	2219.45	37	164	164	2219.45	0	0	0
7130	A	A	2252	37	164	163	2252	0	0	0
7131	T	T	2239.69	37	162	162	0	0	0	2239.69
7132	G	G	2212.17	37	162	155	0	0	2212.17	0
7133	C	C	2210.75	37	160	155	0	2210.75	0	0
7134	T	T	2219.97	37	162	162	0	0	0	2219.97
7135	A	A	2210.85	37	163	163	2210.85	0	0	0
7136	A	A	2233.73	37	163	163	2233.73	0	0	0
7137	T	T	2260.49	37	167	167	0	0	0	2260.49
7138	A	A	2296.76	37	167	167	2296.76	0	0	0
7139	T	T	2277.85	37	169	169	0	0	0	2277.85
7140	G	G	2270.23	37	162	158	0	0	2270.23	0
7141	A	A	2318.2	37	169	169	2318.2	0	0	0
7142	G	G	2333.93	37	169	164	0	0	2333.93	0
7143	T	T	2317.77	37	170	170	0	0	0	2317.77
7144	A	A	2270.03	37	169	169	2270.03	0	0	0
7145	A	A	2240.21	37	165	165	2240.21	0	0	0
7146	C	C	2329.29	37	166	162	0	2329.29	0	0
7147	G	G	2278.49	37	162	159	0	0	2278.49	0
7148	A	A	2239.68	37	166	166	2239.68	0	0	0
7149	G	G	2416.25	37	168	167	0	0	2416.25	0
7150	A	A	2312.13	37	170	170	2312.13	0	0	0
7151	A	A	2284.09	37	168	167	2284.09	0	0	0
7152	G	G	2365.27	37	173	167	0	0	2365.27	0
7153	T	T	2264.57	37	168	168	0	0	0	2264.57
7154	A	A	2282.32	37	167	167	2282.32	0	0	0
7155	C	C	2362.04	37	164	163	0	2362.04	0	0
7156	T	T	2291.25	36.6301	167	167	0	0	0	2291.25
7157	T	T	2318.98	36.6322	168	168	0	0	0	2318.98
7158	C	C	2255.89	36.6363	170	160	0	2255.89	0	0
7159	T	T	2341.85	36.6482	176	176	0	0	0	2341.85
7160	C	C	2548.34	36.6539	179	177	0	2548.34	0	0
7161	C	C	2526.51	36.6612	183	177	0	2526.51	0	0
7162	A	A	2532.32	36.6647	185	185	2532.32	0	0	0
7163	A	A	2551.31	36.6664	186	186	2551.31	0	0	0
7164	C	C	2558.12	36.6699	188	181	0	2558.12	0	0
7165	G	G	2633.18	36.6715	189	184	0	0	2633.18	0
7166	C	C	2634.19	36.6715	189	184	0	2634.19	0	0
7167	A	A	2535.66	36.6647	185	185	2535.66	0	0	0
7168	T	T	2556.21	36.6664	186	186	0	0	0	2556.21
7169	A	A	2536.73	36.6629	184	184	2536.73	0	0	0
7170	A	A	2597.22	36.6715	189	189	2597.22	0	0	0
7171	G	G	2728.6	36.6748	191	189	0	0	2728.6	0
7172	C	C	2702.27	36.6797	194	189	0	2702.27	0	0
7173	T	T	2583.25	36.6765	192	192	0	0	0	2583.25
7174	T	T	2597.81	36.6765	192	192	0	0	0	2597.81
7175	A	A	2576.7	36.3662	189	188	2576.7	0	0	0
7176	T	T	2576.94	36.3567	186	186	0	0	0	2576.94
7177	A	A	2516.39	36.3469	183	183	2516.39	0	0	0
7178	A	A	2483.21	36.3402	181	181	2483.21	0	0	0
7179	C	C	2470.38	36.0444	181	174	0	2470.38	0	0
7180	A	A	2506.8	36.0584	184	184	2506.8	0	0	0
7181	G	G	2593.51	36.0675	186	181	0	0	2593.51	0
7182	C	C	2463.92	36.3402	181	174	0	2463.92	0	0
7183	A	A	2417.55	36.3402	181	181	2417.55	0	0	0
7184	A	A	2533.18	36.3567	186	186	2533.18	0	0	0
7185	C	C	2510.71	36.3567	186	177	0	2510.71	0	0
7186	G	G	2451.44	36.3402	181	173	0	0	2451.44	0
7187	G	G	2525.03	36.3402	181	177	0	0	2525.03	0
7188	A	A	2448.42	36.3299	178	178	2448.42	0	0	0
7189	T	T	2498.87	36.3402	181	181	0	0	0	2498.87
7190	A	A	2401.24	36.3264	177	176	2401.24	0	0	0
7191	A	A	2367.72	36.3156	174	174	2367.72	0	0	0
7192	C	C	2436.8	36.312	173	169	0	2436.8	0	0
7193	C	C	2402.13	36.2969	169	166	0	2402.13	0	0
7194	A	A	2297.36	36.2931	168	168	2297.36	0	0	0
7195	C	C	2414.07	36.2931	168	167	0	2414.07	0	0
7196	T	T	2342.21	36.3045	171	171	0	0	0	2342.21
7197	G	G	2405.59	36.312	173	168	0	0	2405.59	0
7198	A	A	2372.2	36.3264	177	177	2372.2	0	0	0
7199	T	T	2323.47	36.3083	172	172	0	0	0	2323.47
7200	A	A	2349.87	36.312	173	173	2349.87	0	0	0
7201	G	G	2493.15	36.3402	181	175	0	0	2493.15	0
7202	T	T	2405.34	36.652	178	178	0	0	0	2405.34
7203	T	T	2363.71	36.6443	174	174	0	0	0	2363.71
7204	A	A	2362.38	36.6463	175	175	2362.38	0	0	0
7205	A	A	2326.13	36.6424	173	173	2326.13	0	0	0
7206	C	C	2431.37	37	169	168	0	2431.37	0	0
7207	A	A	2381.9	37	174	174	2381.9	0	0	0
7208	A	A	2365.57	37	171	171	2365.57	0	0	0
7209	C	C	2429.41	37	172	169	0	2429.41	0	0
7210	A	A	2310.59	37	167	167	2310.59	0	0	0
7211	A	A	2331.98	37	170	170	2331.98	0	0	0
7212	C	C	2460.85	37	171	170	0	2460.85	0	0
7213	G	G	2465.31	37	173	171	0	0	2465.31	0
7214	T	T	2369.03	37	174	174	0	0	0	2369.03
7215	A	A	2322.25	37	172	172	2322.25	0	0	0
7216	G	G	2452.17	37	172	170	0	0	2452.17	0
7217	A	A	2335.23	37	173	173	2335.23	0	0	0
7218	A	A	2340.2	37	175	175	2340.2	0	0	0
7219	A	A	2353.05	37	176	176	2353.05	0	0	0
7220	T	T	2354.93	37	178	178	0	0	0	2354.93
7221	A	A	2477.8	37	180	180	2477.8	0	0	0
7222	A	A	2441.02	37	175	175	2441.02	0	0	0
7223	T	T	2366.94	37	179	179	0	0	0	2366.94
7224	C	C	2473.67	37	177	173	0	2473.67	0	0
7225	C	C	2484.57	37	179	174	0	2484.57	0	0
7226	A	A	2549.93	37	181	181	2549.93	0	0	0
7227	A	A	2578.05	37	183	183	2578.05	0	0	0
7228	C	C	2608.12	37	188	182	0	2608.12	0	0
7229	A	A	2673.95	37	188	188	2673.95	0	0	0
7230	A	A	2652.89	37	190	190	2652.89	0	0	0
7231	T	T	2623.61	37	191	191	0	0	0	2623.61
7232	A	A	2565.82	37	190	190	2565.82	0	0	0
7233	A	A	2564.35	37	190	190	2564.35	0	0	0
7234	A	A	2565.38	37	193	193	2565.38	0	0	0
7235	A	A	2498.4	37	186	186	2498.4	0	0	0
7236	C	C	2550.28	37	184	178	0	2550.28	0	0
7237	A	A	2517.98	37	184	184	2517.98	0	0	0
7238	C	C	2508.58	37	184	176	0	2508.58	0	0
7239	C	C	2471.51	37	180	174	0	2471.51	0	0
7240	T	T	2465.02	37	180	180	0	0	0	2465.02
7241	A	A	2588.58	37	187	187	2588.58	0	0	0
7242	C	C	2612.41	37	186	182	0	2612.41	0	0
7243	C	C	2631.73	37	187	183	0	2631.73	0	0
7244	A	A	2590.9	37	188	188	2590.9	0	0	0
7245	A	A	2582.05	37	188	188	2582.05	0	0	0
7246	A	A	2585.84	36.6732	190	190	2585.84	0	0	0
7247	C	C	2640.09	36.6765	192	186	0	2640.09	0	0
7248	C	C	2684.85	36.6797	194	188	0	2684.85	0	0
7249	A	A	2592.97	36.6765	192	192	2592.97	0	0	0
7250	A	A	2545.47	36.6732	190	190	2545.47	0	0	0
7251	T	T	2567.1	36.6715	189	188	0	0	0	2567.1
7252	T	T	2606.8	36.6699	188	188	0	0	0	2606.8
7253	G	G	2652.28	36.6732	190	185	0	0	2652.28	0
7254	T	T	2566.65	36.6732	190	190	0	0	0	2566.65
7255	T	T	2525.88	36.6682	187	187	0	0	0	2525.88
7256	A	A	2609.21	36.6748	191	191	2609.21	0	0	0
7257	A	A	2674.32	36.6813	195	195	2674.32	0	0	0
7258	T	T	2649.8	36.6905	201	201	0	0	0	2649.8
7259	C	C	2719.28	36.3931	198	192	0	2719.28	0	0
7260	C	C	2640.16	36.3844	195	186	0	2640.16	0	0
7261	A	A	2722.71	36.3873	196	196	2722.71	0	0	0
7262	A	A	2765.43	36.3987	200	200	2765.43	0	0	0
7263	C	C	2775.08	36.3902	197	193	0	2775.08	0	0
7264	A	A	2736.01	36.4043	202	202	2736.01	0	0	0
7265	C	C	2845.11	36.4098	204	199	0	2845.11	0	0
7266	A	A	2746.1	36.407	203	203	2746.1	0	0	0
7267	G	G	2809.16	36.4151	206	198	0	0	2809.16	0
7268	G	G	2838.7	36.4178	207	199	0	0	2838.7	0
7269	C	C	2813.9	36.6949	204	197	0	2813.9	0	0
7270	A	A	2821.64	36.6949	204	204	2821.64	0	0	0
7271	T	T	2765.65	36.6949	204	204	0	0	0	2765.65
7272	G	G	2901.28	36.6949	204	201	0	0	2901.28	0
7273	C	C	2844.41	36.6934	203	198	0	2844.41	0	0
7274	G	G	2901.42	36.6977	206	202	0	0	2901.42	0
7275	A	A	2841.9	36.6977	206	206	2841.9	0	0	0
7276	C	C	2902.26	36.6977	206	202	0	2902.26	0	0
7277	T	T	2864.06	36.7019	209	209	0	0	0	2864.06
7278	A	A	2857	36.6977	206	206	2857	0	0	0
7279	A	A	2834.19	36.6949	204	204	2834.19	0	0	0
7280	G	G	2824.33	36.7005	208	200	0	0	2824.33	0
7281	G	G	2834.01	36.6977	206	199	0	0	2834.01	0
7282	A	A	2840.42	37	206	206	2840.42	0	0	0
7283	A	A	2853.1	37	206	206	2853.1	0	0	0
7284	A	A	2935.64	37	209	209	2935.64	0	0	0
7285	G	G	2912.73	37	210	204	0	0	2912.73	0
7286	A	A	2925.78	37	208	208	2925.78	0	0	0
7287	T	T	2871.7	37	210	210	0	0	0	2871.7
7288	T	T	2920.08	37	216	216	0	0	0	2920.08
7289	A	A	2955.22	37	218	218	2955.22	0	0	0
7290	A	A	2934.16	37	217	217	2934.16	0	0	0
7291	A	A	2993.69	37	221	221	2993.69	0	0	0
7292	A	A	2955.88	37	220	219	2955.88	0	0	0
7293	G	G	2974.03	37	218	209	0	0	2974.03	0
7294	A	A	2903.94	37	216	216	2903.94	0	0	0
7295	A	A	2918.86	37	219	219	2918.86	0	0	0
7296	G	G	3011.58	37	219	211	0	0	3011.58	0
7297	T	T	2943.35	37	215	215	0	0	0	2943.35
7298	A	A	2797.28	37	209	209	2797.28	0	0	0
7299	A	A	2861.9	37	213	213	2861.9	0	0	0
7300	A	A	2831.13	37	208	208	2831.13	0	0	0
7301	A	A	2787.31	37	209	209	2787.31	0	0	0
7302	G	G	2845.13	37	200	198	0	0	2845.13	0
7303	G	G	2805.33	37	198	195	0	0	2805.33	0
7304	A	A	2661.93	37	195	195	2661.93	0	0	0
7305	A	A	2716.05	37	199	199	2716.05	0	0	0
7306	C	C	2750.04	36.6875	199	192	0	2750.04	0	0
7307	T	T	2739.06	36.6934	203	202	0	0	0	2739.06
7308	C	C	2754.72	36.6934	203	195	0	2754.72	0	0
7309	G	G	2881.35	36.6977	206	201	0	0	2881.35	0
7310	G	G	2732.26	36.6977	206	195	0	0	2732.26	0
7311	C	C	2921.4	36.6977	206	203	0	2921.4	0	0
7312	A	A	2862.35	36.7033	210	210	2862.35	0	0	0
7313	A	A	2847.94	36.7033	210	210	2847.94	0	0	0
7314	A	A	2834.45	36.7019	209	209	2834.45	0	0	0
7315	C	C	2781.05	36.4124	205	196	0	2781.05	0	0
7316	A	A	2824.68	36.4151	206	206	2824.68	0	0	0
7317	C	C	2903.03	36.1422	204	201	0	2903.03	0	0
7318	A	A	2763.19	36.1422	204	204	2763.19	0	0	0
7319	A	A	2752.66	36.1384	203	203	2752.66	0	0	0
7320	A	A	2762.17	36.1384	203	203	2762.17	0	0	0
7321	C	C	2839.4	36.1384	203	198	0	2839.4	0	0
7322	C	C	2757.58	36.1146	197	193	0	2757.58	0	0
7323	C	C	2816.58	36.1146	197	195	0	2816.58	0	0
7324	C	C	2689.09	36.1023	194	189	0	2689.09	0	0
7325	G	G	2724.1	35.8606	198	191	0	0	2724.1	0
7326	C	C	2700.67	35.8452	195	189	0	2700.67	0	0
7327	C	C	2559.97	35.8132	189	181	0	2559.97	0	0
7328	T	T	2568.9	35.7908	185	185	0	0	0	2568.9
7329	G	G	2589.57	35.8077	188	181	0	0	2589.57	0
7330	T	T	2605.11	35.8132	189	189	0	0	0	2605.11
7331	T	T	2612.27	35.5802	192	192	0	0	0	2612.27
7332	T	T	2579.2	35.561	189	189	0	0	0	2579.2
7333	A	A	2605.81	35.3445	192	192	2605.81	0	0	0
7334	C	C	2692.48	35.1367	194	188	0	2692.48	0	0
7335	C	C	2620.5	34.9339	195	186	0	2620.5	0	0
7336	A	A	2599.22	35.1049	190	190	2599.22	0	0	0
7337	A	A	2627.78	35.3587	194	194	2627.78	0	0	0
7338	A	A	2544.72	35.3445	192	192	2544.72	0	0	0
7339	A	A	2580.8	35.3516	193	193	2580.8	0	0	0
7340	A	A	2567.25	35.33	190	190	2567.25	0	0	0
7341	C	C	2735.43	35.3727	196	191	0	2735.43	0	0
7342	A	A	2561.71	35.3445	192	192	2561.71	0	0	0
7343	T	T	2484.94	35.2773	183	183	0	0	0	2484.94
7344	C	C	2550.84	35.2927	185	180	0	2550.84	0	0
7345	A	A	2488.47	35.2851	184	184	2488.47	0	0	0
7346	C	C	2529.08	35.0379	182	177	0	2529.08	0	0
7347	C	C	2461.16	35.0115	179	174	0	2461.16	0	0
7348	T	T	2464.57	34.9936	177	177	0	0	0	2464.57
7349	C	C	2531.2	34.9936	177	175	0	2531.2	0	0
7350	C	C	2449.23	34.9752	175	171	0	2449.23	0	0
7351	A	A	2435.81	35.2044	174	174	2435.81	0	0	0
7352	G	G	2489.76	35.2294	177	173	0	0	2489.76	0
7353	C	C	2437.42	35.2616	181	173	0	2437.42	0	0
7354	A	A	2480.84	35.2376	178	178	2480.84	0	0	0
7355	T	T	2495.59	35.2927	185	185	0	0	0	2495.59
7356	T	T	2504.51	35.2927	185	185	0	0	0	2504.51
7357	C	C	2589.27	35.33	190	182	0	2589.27	0	0
7358	C	C	2564.58	35.3003	186	181	0	2564.58	0	0
7359	C	C	2586.84	35.2851	184	180	0	2586.84	0	0
7360	A	A	2537.7	35.3079	187	187	2537.7	0	0	0
7361	G	G	2587.01	35.3153	188	181	0	0	2587.01	0
7362	T	T	2610.26	35.3445	192	192	0	0	0	2610.26
7363	A	A	2718.05	35.5989	195	195	2718.05	0	0	0
7364	T	T	2562.81	35.5802	192	192	0	0	0	2562.81
7365	T	T	2601.15	35.605	196	196	0	0	0	2601.15
7366	G	G	2826.32	35.6289	200	197	0	0	2826.32	0
7367	G	G	2777.41	35.6463	203	195	0	0	2777.41	0
7368	A	A	2793.11	35.652	204	204	2793.11	0	0	0
7369	G	G	2716.75	35.6171	198	192	0	0	2716.75	0
7370	G	G	2790.07	35.3932	199	195	0	0	2790.07	0
7371	C	C	2773.15	35.3999	200	194	0	2773.15	0	0
7372	A	A	2809.71	35.4197	203	203	2809.71	0	0	0
7373	C	C	2885.09	35.4197	203	200	0	2885.09	0	0
7374	T	T	2807.46	35.2116	204	204	0	0	0	2807.46
7375	G	G	2809.55	35.4262	204	197	0	0	2809.55	0
7376	C	C	2832.56	35.4262	204	198	0	2832.56	0	0
7377	C	C	2912.6	35.4327	205	202	0	2912.6	0	0
7378	T	T	2802.01	35.4197	203	203	0	0	0	2802.01
7379	G	G	2829.97	35.4066	201	197	0	0	2829.97	0
7380	C	C	2827.61	35.8805	202	197	0	2827.61	0	0
7381	C	C	2801.38	35.8707	200	195	0	2801.38	0	0
7382	C	C	2811.98	35.8657	199	195	0	2811.98	0	0
7383	G	G	2815.4	35.8854	203	197	0	0	2815.4	0
7384	G	G	2804.89	35.652	204	197	0	0	2804.89	0
7385	T	T	2759.92	35.4327	205	205	0	0	0	2759.92
7386	G	G	2768.49	35.652	204	196	0	0	2768.49	0
7387	A	A	2708.77	35.652	204	204	2708.77	0	0	0
7388	C	C	2703.19	35.6289	200	191	0	2703.19	0	0
7389	A	A	2682.22	35.6289	200	200	2682.22	0	0	0
7390	T	T	2679.08	35.8657	199	199	0	0	0	2679.08
7391	C	C	2682.82	35.8294	192	187	0	2682.82	0	0
7392	A	A	2625.06	35.84	194	194	2625.06	0	0	0
7393	G	G	2568.02	35.8241	191	181	0	0	2568.02	0
7394	T	T	2638.99	35.8348	193	193	0	0	0	2638.99
7395	T	T	2604.38	36.0809	189	189	0	0	0	2604.38
7396	A	A	2542.47	36.0584	184	184	2542.47	0	0	0
7397	A	A	2548.21	36.0765	188	188	2548.21	0	0	0
7398	A	A	2571.82	36.0809	189	189	2571.82	0	0	0
7399	C	C	2590.71	36.0765	188	182	0	2590.71	0	0
7400	G	G	2593.54	36.063	185	181	0	0	2593.54	0
7401	G	G	2672.66	35.8077	188	186	0	0	2672.66	0
7402	C	C	2524.27	35.7675	181	176	0	2524.27	0	0
7403	C	C	2530.6	35.7734	182	177	0	2530.6	0	0
7404	G	G	2722.7	35.5739	191	189	0	0	2722.7	0
7405	C	C	2626.79	35.5739	191	184	0	2626.79	0	0
7406	G	G	2759.44	35.605	196	192	0	0	2759.44	0
7407	G	G	2742.87	35.5927	194	191	0	0	2742.87	0
7408	T	T	2649.38	35.5989	195	195	0	0	0	2649.38
7409	A	A	2594.99	35.8241	191	191	2594.99	0	0	0
7410	T	T	2699.84	35.8504	196	196	0	0	0	2699.84
7411	T	T	2652.48	35.8241	191	191	0	0	0	2652.48
7412	C	C	2726.74	35.8294	192	189	0	2726.74	0	0
7413	T	T	2619.06	35.8348	193	193	0	0	0	2619.06
7414	G	G	2613.58	35.8186	190	183	0	0	2613.58	0
7415	A	A	2581.41	35.8186	190	190	2581.41	0	0	0
7416	C	C	2596.8	35.8348	193	183	0	2596.8	0	0
7417	C	C	2661.74	35.8077	188	185	0	2661.74	0	0
7418	G	G	2646.58	35.8077	188	184	0	0	2646.58	0
7419	T	T	2524.16	35.8021	187	187	0	0	0	2524.16
7420	G	G	2713.16	35.8452	195	190	0	0	2713.16	0
7421	C	C	2687.24	35.8657	199	190	0	2687.24	0	0
7422	A	A	2683.64	35.8606	198	198	2683.64	0	0	0
7423	A	A	2640.89	36.0938	192	192	2640.89	0	0	0
7424	A	A	2673.67	36.1064	195	195	2673.67	0	0	0
7425	G	G	2658.94	36.1023	194	187	0	0	2658.94	0
7426	G	G	2737.99	36.0981	193	190	0	0	2737.99	0
7427	T	T	2660.35	36.3784	193	193	0	0	0	2660.35
7428	A	A	2606.27	36.6748	191	191	2606.27	0	0	0
7429	G	G	2691.04	36.6765	192	188	0	0	2691.04	0
7430	C	C	2704.74	36.6813	195	189	0	2704.74	0	0
7431	A	A	2756.17	36.689	200	200	2756.17	0	0	0
7432	T	T	2704.95	36.6905	201	201	0	0	0	2704.95
7433	A	A	2731.79	36.6844	197	197	2731.79	0	0	0
7434	A	A	2681.36	36.6797	194	194	2681.36	0	0	0
7435	T	T	2699.9	36.3959	199	199	0	0	0	2699.9
7436	C	C	2732.65	36.1146	197	191	0	2732.65	0	0
7437	A	A	2738.31	36.1187	198	198	2738.31	0	0	0
7438	T	T	2760.51	36.1306	201	201	0	0	0	2760.51
7439	T	T	2712.83	36.1267	200	200	0	0	0	2712.83
7440	T	T	2724.59	36.1306	201	201	0	0	0	2724.59
7441	G	G	2807.4	36.1306	201	196	0	0	2807.4	0
7442	T	T	2762	36.1345	202	202	0	0	0	2762
7443	T	T	2755.84	36.1345	202	202	0	0	0	2755.84
7444	C	C	2694.73	36.407	203	192	0	2694.73	0	0
7445	T	T	2771.41	36.4015	201	201	0	0	0	2771.41
7446	C	C	2799.11	36.3959	199	195	0	2799.11	0	0
7447	T	T	2794.11	36.407	203	203	0	0	0	2794.11
7448	A	A	2750.73	36.4043	202	202	2750.73	0	0	0
7449	A	A	2756.52	36.4015	201	201	2756.52	0	0	0
7450	A	A	2835.71	36.4178	207	207	2835.71	0	0	0
7451	T	T	2769.81	36.4151	206	206	0	0	0	2769.81
7452	A	A	2812.38	36.4151	206	206	2812.38	0	0	0
7453	A	A	2756.26	36.4043	202	202	2756.26	0	0	0
7454	G	G	2848.49	36.407	203	199	0	0	2848.49	0
7455	G	G	2945.33	36.4124	205	204	0	0	2945.33	0
7456	A	A	2832.25	36.4124	205	205	2832.25	0	0	0
7457	C	C	2884.89	36.4204	208	202	0	2884.89	0	0
7458	T	T	2780.07	36.4178	207	207	0	0	0	2780.07
7459	T	T	2777.64	36.4178	207	206	0	0	0	2777.64
7460	G	G	2887.86	36.4204	208	202	0	0	2887.86	0
7461	T	T	2896.68	36.1822	215	215	0	0	0	2896.68
7462	A	A	3120.19	36.2187	226	226	3120.19	0	0	0
7463	T	T	3035.8	36.2249	228	228	0	0	0	3035.8
7464	G	G	3187.84	36.228	229	223	0	0	3187.84	0
7465	A	A	3145.09	36.2218	227	227	3145.09	0	0	0
7466	A	A	3229.01	36.2432	234	234	3229.01	0	0	0
7467	A	A	3270.06	36.2491	236	236	3270.06	0	0	0
7468	G	G	3324.43	36.2549	238	233	0	0	3324.43	0
7469	G	G	3303.69	36.2549	238	231	0	0	3303.69	0
7470	C	C	3234.23	36.2402	233	227	0	3234.23	0	0
7471	C	C	3340.93	36.0138	233	231	0	3340.93	0	0
7472	A	A	3182.4	35.8032	234	234	3182.4	0	0	0
7473	C	C	3152.94	35.785	230	221	0	3152.94	0	0
7474	A	A	3151.72	35.7711	227	227	3151.72	0	0	0
7475	C	C	3174.76	35.7758	228	222	0	3174.76	0	0
7476	G	G	3205.44	35.7711	227	223	0	0	3205.44	0
7477	A	A	3150.85	35.7711	227	227	3150.85	0	0	0
7478	G	G	3171.3	35.7758	228	222	0	0	3171.3	0
7479	G	G	3195.78	35.7804	229	223	0	0	3195.78	0
7480	G	G	3219.89	35.7987	233	226	0	0	3219.89	0
7481	T	T	3190	36.01	232	232	0	0	0	3190
7482	T	T	3164.83	36.228	229	229	0	0	0	3164.83
7483	T	T	3123.48	36.4616	225	225	0	0	0	3123.48
7484	A	A	3038.55	36.4547	222	222	3038.55	0	0	0
7485	A	A	2949.57	36.4405	216	216	2949.57	0	0	0
7486	C	C	3105.29	36.4429	217	215	0	3105.29	0	0
7487	T	T	3031.65	36.4453	218	218	0	0	0	3031.65
7488	G	G	2977.97	36.4356	214	208	0	0	2977.97	0
7489	T	T	2979.48	36.4306	212	212	0	0	0	2979.48
7490	C	C	3004.76	36.7086	214	209	0	3004.76	0	0
7491	T	T	2921.09	36.7033	210	210	0	0	0	2921.09
7492	C	C	2894.49	36.7019	209	204	0	2894.49	0	0
7493	T	T	2852.65	36.6991	207	207	0	0	0	2852.65
7494	T	T	2849.85	36.7033	210	209	0	0	0	2849.85
7495	A	A	2803.9	36.6949	204	204	2803.9	0	0	0
7496	C	C	2925.44	36.4151	206	203	0	2925.44	0	0
7497	T	T	2825.42	36.1498	206	206	0	0	0	2825.42
7498	T	T	2834.29	36.1498	206	206	0	0	0	2834.29
7499	C	C	2881.67	36.1422	204	201	0	2881.67	0	0
7500	C	C	2745.68	36.1306	201	193	0	2745.68	0	0
7501	A	A	2753	36.1345	202	202	2753	0	0	0
7502	A	A	2750.07	35.8805	202	202	2750.07	0	0	0
7503	T	T	2779.36	35.8805	202	202	0	0	0	2779.36
7504	C	C	2754.65	35.8756	201	193	0	2754.65	0	0
7505	A	A	2763.51	35.8756	201	201	2763.51	0	0	0
7506	G	G	2751.86	35.8606	198	193	0	0	2751.86	0
7507	T	T	2726.75	35.8606	198	198	0	0	0	2726.75
7508	G	G	2808.06	35.8997	206	198	0	0	2808.06	0
7509	A	A	2757.11	36.1384	203	203	2757.11	0	0	0
7510	A	A	2716.18	36.1422	204	203	2716.18	0	0	0
7511	A	A	2697.2	36.1384	203	203	2697.2	0	0	0
7512	T	T	2701.86	35.8657	199	199	0	0	0	2701.86
7513	T	T	2756.35	35.6289	200	200	0	0	0	2756.35
7514	G	G	2844.84	35.6348	201	198	0	0	2844.84	0
7515	A	A	2711.52	35.8606	198	198	2711.52	0	0	0
7516	C	C	2791.1	35.6289	200	195	0	2791.1	0	0
7517	C	C	2851.47	35.6348	201	198	0	2851.47	0	0
7518	T	T	2716.16	35.6171	198	198	0	0	0	2716.16
7519	T	T	2716.11	35.605	196	196	0	0	0	2716.11
7520	C	C	2667.53	35.5865	193	187	0	2667.53	0	0
7521	C	C	2627.95	35.5479	187	183	0	2627.95	0	0
7522	C	C	2656.43	35.5413	186	184	0	2656.43	0	0
7523	G	G	2609.05	35.5479	187	182	0	0	2609.05	0
7524	T	T	2543.49	36.0444	181	181	0	0	0	2543.49
7525	G	G	2523.07	36.0444	181	176	0	0	2523.07	0
7526	A	A	2472.53	36.0538	183	183	2472.53	0	0	0
7527	A	A	2472.63	36.063	185	185	2472.63	0	0	0
7528	G	G	2629.62	35.8077	188	184	0	0	2629.62	0
7529	A	A	2515.5	35.8077	188	188	2515.5	0	0	0
7530	G	G	2535.09	35.7793	183	177	0	0	2535.09	0
7531	G	G	2536.22	35.785	184	178	0	0	2536.22	0
7532	C	C	2531.14	35.7793	183	177	0	2531.14	0	0
7533	G	G	2598.02	35.7908	185	181	0	0	2598.02	0
7534	G	G	2667.33	35.8021	187	185	0	0	2667.33	0
7535	G	G	2561.86	35.7908	185	179	0	0	2561.86	0
7536	A	A	2525.49	35.785	184	184	2525.49	0	0	0
7537	A	A	2488.35	36.3368	180	180	2488.35	0	0	0
7538	T	T	2522.11	36.3469	183	183	0	0	0	2522.11
7539	A	A	2453.79	36.3469	183	183	2453.79	0	0	0
7540	A	A	2521.43	36.363	188	188	2521.43	0	0	0
7541	A	A	2513.27	36.3662	189	189	2513.27	0	0	0
7542	A	A	2499.05	36.363	188	188	2499.05	0	0	0
7543	T	T	2512.47	36.363	188	188	0	0	0	2512.47
7544	A	A	2456.86	36.3502	184	184	2456.86	0	0	0
7545	A	A	2440.56	36.3469	183	183	2440.56	0	0	0
7546	T	T	2469.14	36.3469	183	183	0	0	0	2469.14
7547	A	A	2472.48	36.3368	180	180	2472.48	0	0	0
7548	A	A	2465.78	36.3334	179	179	2465.78	0	0	0
7549	G	G	2492.27	36.3334	179	174	0	0	2492.27	0
7550	A	A	2468.07	36.3334	179	179	2468.07	0	0	0
7551	C	C	2616.2	36.3534	185	182	0	2616.2	0	0
7552	G	G	2607.84	36.3502	184	181	0	0	2607.84	0
7553	A	A	2523.67	36.3469	183	183	2523.67	0	0	0
7554	G	G	2647.33	36.3599	187	184	0	0	2647.33	0
7555	A	A	2587.33	36.3567	186	186	2587.33	0	0	0
7556	A	A	2649.25	36.3784	193	192	2649.25	0	0	0
7557	G	G	2728.65	36.3724	191	189	0	0	2728.65	0
7558	A	A	2578.63	36.3567	186	186	2578.63	0	0	0
7559	C	C	2602.6	35.8021	187	182	0	2602.6	0	0
7560	C	C	2585.34	35.8186	190	183	0	2585.34	0	0
7561	C	C	2671.05	35.8348	193	187	0	2671.05	0	0
7562	T	T	2613.17	35.8077	188	188	0	0	0	2613.17
7563	A	A	2558.27	35.7965	186	186	2558.27	0	0	0
7564	T	T	2604.3	35.8348	193	193	0	0	0	2604.3
7565	G	G	2642.85	35.8504	196	187	0	0	2642.85	0
7566	G	G	2758.51	35.8657	199	193	0	0	2758.51	0
7567	A	A	2688.24	35.8504	196	196	2688.24	0	0	0
7568	G	G	2644.3	35.8606	198	188	0	0	2644.3	0
7569	C	C	2705.56	35.8452	195	189	0	2705.56	0	0
7570	T	T	2691.68	36.1146	197	197	0	0	0	2691.68
7571	T	T	2726.08	36.1306	201	201	0	0	0	2726.08
7572	C	C	2744.88	36.1306	201	193	0	2744.88	0	0
7573	A	A	2702.33	36.1267	200	200	2702.33	0	0	0
7574	A	A	2689.68	36.1267	200	200	2689.68	0	0	0
7575	T	T	2722.09	36.1146	197	197	0	0	0	2722.09
7576	T	T	2715.47	36.1064	195	195	0	0	0	2715.47
7577	A	A	2719.67	36.1267	200	200	2719.67	0	0	0
7578	A	A	2736.62	36.1227	199	199	2736.62	0	0	0
7579	T	T	2640.04	36.1064	195	195	0	0	0	2640.04
7580	T	T	2656.29	36.1187	198	198	0	0	0	2656.29
7581	A	A	2720.96	36.1267	200	200	2720.96	0	0	0
7582	G	G	2840.23	36.1422	204	199	0	0	2840.23	0
7583	C	C	2887.42	36.1345	202	200	0	2887.42	0	0
7584	T	T	2728.84	36.1306	201	201	0	0	0	2728.84
7585	C	C	2861.69	36.4015	201	199	0	2861.69	0	0
7586	A	A	2790.52	36.689	200	200	2790.52	0	0	0
7587	A	A	2780.08	36.6905	201	201	2780.08	0	0	0
7588	A	A	2727.8	36.689	200	200	2727.8	0	0	0
7589	A	A	2656.96	36.6875	199	199	2656.96	0	0	0
7590	G	G	2716.63	36.6875	199	191	0	0	2716.63	0
7591	G	G	2860.85	36.6949	204	200	0	0	2860.85	0
7592	A	A	2672.24	36.6934	203	203	2672.24	0	0	0
7593	T	T	2719.8	36.689	200	200	0	0	0	2719.8
7594	T	T	2603.58	36.3784	193	193	0	0	0	2603.58
7595	T	T	2528.17	36.363	188	188	0	0	0	2528.17
7596	A	A	2663.64	36.3693	190	190	2663.64	0	0	0
7597	T	T	2613.54	36.3754	192	192	0	0	0	2613.54
7598	T	T	2646.24	36.3844	195	195	0	0	0	2646.24
7599	T	T	2653.26	36.3754	192	192	0	0	0	2653.26
7600	A	A	2639.45	36.3784	193	193	2639.45	0	0	0
7601	C	C	2762	36.3844	195	192	0	2762	0	0
7602	C	C	2772.67	36.3844	195	192	0	2772.67	0	0
7603	A	A	2586.73	36.3784	193	193	2586.73	0	0	0
7604	G	G	2630.69	36.3873	196	187	0	0	2630.69	0
7605	A	A	2614.26	35.8452	195	195	2614.26	0	0	0
7606	C	C	2720.61	35.8657	199	191	0	2720.61	0	0
7607	C	C	2763.31	35.8556	197	193	0	2763.31	0	0
7608	A	A	2583.3	35.8348	193	193	2583.3	0	0	0
7609	A	A	2616	36.0938	192	191	2616	0	0	0
7610	C	C	2612.56	36.0981	193	184	0	2612.56	0	0
7611	A	A	2577.28	36.0765	188	188	2577.28	0	0	0
7612	G	G	2698.6	36.0896	191	188	0	0	2698.6	0
7613	G	G	2718.6	35.8294	192	189	0	0	2718.6	0
7614	A	A	2632.95	35.8294	192	192	2632.95	0	0	0
7615	A	A	2603.97	35.8132	189	189	2603.97	0	0	0
7616	C	C	2649.31	35.8186	190	185	0	2649.31	0	0
7617	A	A	2619.56	36.0938	192	192	2619.56	0	0	0
7618	A	A	2607.64	36.0938	192	192	2607.64	0	0	0
7619	C	C	2706.53	36.0896	191	188	0	2706.53	0	0
7620	A	A	2545.41	36.0896	191	191	2545.41	0	0	0
7621	T	T	2552.97	36.0765	188	188	0	0	0	2552.97
7622	A	A	2532.81	36.0765	188	188	2532.81	0	0	0
7623	T	T	2582.89	36.0809	189	189	0	0	0	2582.89
7624	T	T	2542.85	36.072	187	187	0	0	0	2542.85
7625	C	C	2563.08	36.072	187	180	0	2563.08	0	0
7626	C	C	2665.32	36.0852	190	186	0	2665.32	0	0
7627	T	T	2515.59	36.063	185	185	0	0	0	2515.59
7628	T	T	2566.66	36.0765	188	188	0	0	0	2566.66
7629	C	C	2598.49	36.072	187	182	0	2598.49	0	0
7630	C	C	2627.16	36.0765	188	184	0	2627.16	0	0
7631	A	A	2630.26	36.0852	190	189	2630.26	0	0	0
7632	T	T	2655	36.0981	193	193	0	0	0	2655
7633	G	G	2732.52	36.0896	191	189	0	0	2732.52	0
7634	A	A	2658.4	36.1023	194	194	2658.4	0	0	0
7635	G	G	2708.77	36.1023	194	190	0	0	2708.77	0
7636	C	C	2685.68	36.0938	192	187	0	2685.68	0	0
7637	T	T	2650.29	35.8348	193	193	0	0	0	2650.29
7638	A	A	2573.71	35.8241	191	191	2573.71	0	0	0
7639	G	G	2624.82	35.8186	190	184	0	0	2624.82	0
7640	C	C	2706.37	35.5989	195	189	0	2706.37	0	0
7641	A	A	2648.41	35.605	196	196	2648.41	0	0	0
7642	A	A	2631.64	35.8348	193	193	2631.64	0	0	0
7643	T	T	2590.62	35.8348	193	193	0	0	0	2590.62
7644	T	T	2530.46	35.8021	187	187	0	0	0	2530.46
7645	T	T	2619.4	35.8348	193	193	0	0	0	2619.4
7646	A	A	2633.09	35.8348	193	193	2633.09	0	0	0
7647	G	G	2633.61	35.8348	193	185	0	0	2633.61	0
7648	G	G	2750.16	35.84	194	191	0	0	2750.16	0
7649	T	T	2636.01	35.8241	191	191	0	0	0	2636.01
7650	T	T	2644.37	36.0896	191	191	0	0	0	2644.37
7651	G	G	2673.1	36.0896	191	186	0	0	2673.1	0
7652	G	G	2676.69	36.363	188	186	0	0	2676.69	0
7653	G	G	2676.88	36.3662	189	186	0	0	2676.88	0
7654	G	G	2616.11	36.3502	184	181	0	0	2616.11	0
7655	C	C	2522.76	36.3662	189	179	0	2522.76	0	0
7656	G	G	2652.5	36.363	188	184	0	0	2652.5	0
7657	A	A	2641.36	36.0938	192	192	2641.36	0	0	0
7658	C	C	2638.03	36.0852	190	184	0	2638.03	0	0
7659	C	C	2673.73	36.0852	190	186	0	2673.73	0	0
7660	T	T	2683.86	35.84	194	194	0	0	0	2683.86
7661	C	C	2709.81	35.8241	191	188	0	2709.81	0	0
7662	G	G	2654.17	35.8241	191	186	0	0	2654.17	0
7663	G	G	2740.26	35.8294	192	190	0	0	2740.26	0
7664	A	A	2633.33	36.3814	194	194	2633.33	0	0	0
7665	G	G	2635.76	36.0896	191	185	0	0	2635.76	0
7666	T	T	2644.06	36.0896	191	191	0	0	0	2644.06
7667	A	A	2590.88	36.0896	191	191	2590.88	0	0	0
7668	C	C	2608.74	36.0809	189	183	0	2608.74	0	0
7669	A	A	2569.89	36.0809	189	189	2569.89	0	0	0
7670	A	A	2606.23	36.0852	190	190	2606.23	0	0	0
7671	A	A	2661.71	36.1106	196	196	2661.71	0	0	0
7672	A	A	2675.7	36.1106	196	196	2675.7	0	0	0
7673	T	T	2639.36	36.1106	196	196	0	0	0	2639.36
7674	A	A	2682.79	36.1106	196	196	2682.79	0	0	0
7675	A	A	2690.09	36.1106	196	196	2690.09	0	0	0
7676	C	C	2780.31	36.0981	193	192	0	2780.31	0	0
7677	C	C	2750.36	36.1106	196	191	0	2750.36	0	0
7678	T	T	2702.45	36.1227	199	199	0	0	0	2702.45
7679	C	C	2675.52	36.1146	197	189	0	2675.52	0	0
7680	C	C	2796.05	36.1345	202	196	0	2796.05	0	0
7681	G	G	2861.71	36.1422	204	200	0	0	2861.71	0
7682	A	A	2799.17	36.1345	202	202	2799.17	0	0	0
7683	G	G	2913.95	36.146	205	202	0	0	2913.95	0
7684	T	T	2803.49	36.146	205	205	0	0	0	2803.49
7685	G	G	2928.42	36.1572	208	204	0	0	2928.42	0
7686	A	A	2783.93	36.1422	204	204	2783.93	0	0	0
7687	T	T	2795.18	36.1345	202	202	0	0	0	2795.18
7688	A	A	2720.26	36.1345	202	202	2720.26	0	0	0
7689	T	T	2792.37	36.4043	202	202	0	0	0	2792.37
7690	T	T	2806.91	36.407	203	203	0	0	0	2806.91
7691	A	A	2842.44	36.4124	205	205	2842.44	0	0	0
7692	A	A	2864.63	36.4178	207	207	2864.63	0	0	0
7693	T	T	2760.35	36.423	209	209	0	0	0	2760.35
7694	C	C	2928.58	36.4306	212	206	0	2928.58	0	0
7695	T	T	2874.25	36.4405	216	216	0	0	0	2874.25
7696	A	A	2915.05	36.4429	217	217	2915.05	0	0	0
7697	G	G	2978.38	36.4356	214	208	0	0	2978.38	0
7698	A	A	2953.23	36.71	215	215	2953.23	0	0	0
7699	C	C	2930.04	36.7086	214	206	0	2930.04	0	0
7700	G	G	3060.79	36.71	215	212	0	0	3060.79	0
7701	T	T	2901.28	36.7073	213	213	0	0	0	2901.28
7702	A	A	2972.54	37	215	215	2972.54	0	0	0
7703	C	C	3040.91	37	219	213	0	3040.91	0	0
7704	C	C	3049.99	37	221	214	0	3049.99	0	0
7705	T	T	3008.19	37	222	221	0	0	0	3008.19
7706	G	G	3115.46	37	219	216	0	0	3115.46	0
7707	T	T	2991.16	37	218	218	0	0	0	2991.16
7708	C	C	3016.83	37	218	212	0	3016.83	0	0
7709	A	A	2998	37	219	219	2998	0	0	0
7710	A	A	2990.53	37	218	218	2990.53	0	0	0
7711	A	A	2988.1	37	216	216	2988.1	0	0	0
7712	A	A	2981.74	37	216	216	2981.74	0	0	0
7713	T	T	3000.08	37	218	218	0	0	0	3000.08
7714	G	G	2999.8	37	217	210	0	0	2999.8	0
7715	C	C	3021.14	37	216	211	0	3021.14	0	0
7716	T	T	2995.82	37	217	217	0	0	0	2995.82
7717	C	C	2999.56	37	216	210	0	2999.56	0	0
7718	A	A	2878.61	36.7046	211	211	2878.61	0	0	0
7719	C	C	2851.51	36.7033	210	202	0	2851.51	0	0
7720	T	T	2871.62	36.6977	206	206	0	0	0	2871.62
7721	T	T	2875.95	36.7005	208	208	0	0	0	2875.95
7722	A	A	2814.05	36.6963	205	205	2814.05	0	0	0
7723	C	C	2881.71	36.6949	204	201	0	2881.71	0	0
7724	T	T	2848.3	36.6963	205	205	0	0	0	2848.3
7725	T	T	2770.93	36.6875	199	199	0	0	0	2770.93
7726	A	A	2747.53	36.689	200	200	2747.53	0	0	0
7727	T	T	2780.59	36.6905	201	201	0	0	0	2780.59
7728	T	T	2763.16	36.689	200	200	0	0	0	2763.16
7729	G	G	2714.78	36.6919	202	192	0	0	2714.78	0
7730	A	A	2799.13	36.6934	203	203	2799.13	0	0	0
7731	T	T	2760.67	36.6919	202	202	0	0	0	2760.67
7732	C	C	2813.23	36.407	203	197	0	2813.23	0	0
7733	C	C	2751.56	36.407	203	194	0	2751.56	0	0
7734	A	A	2746.38	36.4015	201	201	2746.38	0	0	0
7735	A	A	2751.18	36.4043	202	202	2751.18	0	0	0
7736	A	A	2749.42	36.3959	199	199	2749.42	0	0	0
7737	A	A	2741.6	36.3987	200	200	2741.6	0	0	0
7738	C	C	2854.96	36.4015	201	198	0	2854.96	0	0
7739	T	T	2726.98	36.3931	198	198	0	0	0	2726.98
7740	T	T	2735.99	36.4015	201	201	0	0	0	2735.99
7741	C	C	2872.95	36.4015	201	199	0	2872.95	0	0
7742	T	T	2765.56	36.407	203	203	0	0	0	2765.56
7743	T	T	2734.1	36.3959	199	199	0	0	0	2734.1
7744	T	T	2697.9	36.3902	197	197	0	0	0	2697.9
7745	G	G	2734.63	36.3873	196	191	0	0	2734.63	0
7746	A	A	2629.69	36.6797	194	194	2629.69	0	0	0
7747	T	T	2663.3	36.6732	190	190	0	0	0	2663.3
7748	C	C	2653.38	36.6732	190	185	0	2653.38	0	0
7749	A	A	2483.58	36.6664	186	186	2483.58	0	0	0
7750	A	A	2481.15	36.6682	187	187	2481.15	0	0	0
7751	C	C	2499.88	36.6576	181	176	0	2499.88	0	0
7752	G	G	2549.05	36.6647	185	180	0	0	2549.05	0
7753	G	G	2483.74	36.6594	182	175	0	0	2483.74	0
7754	A	A	2506.7	36.3469	183	183	2506.7	0	0	0
7755	A	A	2486.78	36.3469	183	183	2486.78	0	0	0
7756	C	C	2499.52	36.3534	185	176	0	2499.52	0	0
7757	A	A	2525.04	36.3534	185	185	2525.04	0	0	0
7758	A	A	2532.29	36.3599	187	187	2532.29	0	0	0
7759	G	G	2625.86	36.0675	186	183	0	0	2625.86	0
7760	T	T	2506.98	36.072	187	187	0	0	0	2506.98
7761	T	T	2517.51	36.0809	189	189	0	0	0	2517.51
7762	A	A	2645.82	36.0938	192	192	2645.82	0	0	0
7763	C	C	2649.82	36.0981	193	187	0	2649.82	0	0
7764	C	C	2722.84	36.1064	195	190	0	2722.84	0	0
7765	C	C	2798.96	36.1064	195	194	0	2798.96	0	0
7766	T	T	2662.3	36.1106	196	196	0	0	0	2662.3
7767	A	A	2676.1	36.1187	198	198	2676.1	0	0	0
7768	G	G	2801.8	36.1227	199	195	0	0	2801.8	0
7769	G	G	2724.81	36.1064	195	190	0	0	2724.81	0
7770	G	G	2744.67	36.1187	198	192	0	0	2744.67	0
7771	A	A	2728.22	36.1306	201	201	2728.22	0	0	0
7772	T	T	2694.13	36.4015	201	201	0	0	0	2694.13
7773	A	A	2728.07	36.407	203	203	2728.07	0	0	0
7774	A	A	2709.96	36.4015	201	201	2709.96	0	0	0
7775	C	C	2817.17	36.6919	202	197	0	2817.17	0	0
7776	A	A	2695.54	36.6875	199	199	2695.54	0	0	0
7777	G	G	2803.64	36.6859	198	195	0	0	2803.64	0
7778	C	C	2834.34	36.6828	196	196	0	2834.34	0	0
7779	G	G	2731.84	36.6844	197	191	0	0	2731.84	0
7780	C	C	2720.39	36.6828	196	190	0	2720.39	0	0
7781	A	A	2681.56	36.3844	195	195	2681.56	0	0	0
7782	A	A	2700.56	36.3844	195	195	2700.56	0	0	0
7783	T	T	2706.99	36.3873	196	196	0	0	0	2706.99
7784	C	C	2772.34	36.3987	200	194	0	2772.34	0	0
7785	C	C	2720.3	36.3873	196	190	0	2720.3	0	0
7786	T	T	2695.81	36.3844	195	195	0	0	0	2695.81
7787	G	G	2775.73	36.407	203	195	0	0	2775.73	0
7788	T	T	2736.58	36.4043	202	202	0	0	0	2736.58
7789	T	T	2701.82	36.3873	196	196	0	0	0	2701.82
7790	T	T	2766.08	36.4098	204	204	0	0	0	2766.08
7791	A	A	2766.7	36.4043	202	202	2766.7	0	0	0
7792	A	A	2817.01	36.4204	208	208	2817.01	0	0	0
7793	G	G	2969.56	36.4306	212	207	0	0	2969.56	0
7794	A	A	2863.1	36.4256	210	210	2863.1	0	0	0
7795	G	G	2935.19	36.4256	210	205	0	0	2935.19	0
7796	T	T	2824.49	36.706	212	212	0	0	0	2824.49
7797	C	C	2904.61	36.706	212	204	0	2904.61	0	0
7798	C	C	2933.29	36.7073	213	206	0	2933.29	0	0
7799	A	A	2934.86	36.7086	214	214	2934.86	0	0	0
7800	T	T	2895.74	36.7086	214	214	0	0	0	2895.74
7801	A	A	2917.82	36.7046	211	211	2917.82	0	0	0
7802	T	T	2886.75	36.7033	210	210	0	0	0	2886.75
7803	C	C	2895.74	36.706	212	204	0	2895.74	0	0
7804	G	G	2884.25	36.706	212	203	0	0	2884.25	0
7805	A	A	2887.17	36.706	212	212	2887.17	0	0	0
7806	C	C	2765.39	36.7046	211	198	0	2765.39	0	0
7807	A	A	2942.79	36.7046	211	211	2942.79	0	0	0
7808	A	A	2967.62	36.7086	214	214	2967.62	0	0	0
7809	T	T	2861.9	36.7005	208	208	0	0	0	2861.9
7810	A	A	2897.53	36.6991	207	207	2897.53	0	0	0
7811	G	G	3014.05	36.706	212	209	0	0	3014.05	0
7812	G	G	3060.59	36.7138	218	214	0	0	3060.59	0
7813	G	G	2998.96	36.7113	216	210	0	0	2998.96	0
7814	T	T	2968.97	36.7125	217	217	0	0	0	2968.97
7815	T	T	2951.05	36.7113	216	216	0	0	0	2951.05
7816	T	T	2952.99	36.7073	213	213	0	0	0	2952.99
7817	A	A	2974.37	36.7113	216	216	2974.37	0	0	0
7818	C	C	2974.52	36.7113	216	209	0	2974.52	0	0
7819	G	G	2793.96	36.7073	213	200	0	0	2793.96	0
7820	A	A	2961.29	36.7151	219	219	2961.29	0	0	0
7821	C	C	3011.98	36.7125	217	211	0	3011.98	0	0
7822	C	C	3051.5	36.7138	218	213	0	3051.5	0	0
7823	T	T	2959.64	36.4405	216	216	0	0	0	2959.64
7824	C	C	2965.45	36.4256	210	206	0	2965.45	0	0
7825	G	G	2917.45	36.4256	210	204	0	0	2917.45	0
7826	A	A	2822.47	36.4306	212	212	2822.47	0	0	0
7827	T	T	2936.23	36.4306	212	212	0	0	0	2936.23
7828	G	G	2909.52	36.423	209	203	0	0	2909.52	0
7829	T	T	2809.82	36.407	203	203	0	0	0	2809.82
7830	T	T	2769.81	36.4043	202	202	0	0	0	2769.81
7831	G	G	2808.2	36.3987	200	196	0	0	2808.2	0
7832	G	G	2954.71	36.4098	204	204	0	0	2954.71	0
7833	A	A	2814.85	36.4178	207	207	2814.85	0	0	0
7834	T	T	2753.44	36.4098	204	204	0	0	0	2753.44
7835	C	C	2851.69	36.4043	202	198	0	2851.69	0	0
7836	A	A	2867.84	36.4178	207	207	2867.84	0	0	0
7837	G	G	2899.44	36.4204	208	203	0	0	2899.44	0
7838	G	G	2862.29	36.407	203	199	0	0	2862.29	0
7839	A	A	2802.87	36.1306	201	201	2802.87	0	0	0
7840	C	C	2812.82	36.1306	201	196	0	2812.82	0	0
7841	A	A	2775.99	36.1384	203	203	2775.99	0	0	0
7842	T	T	2854.39	36.1384	203	203	0	0	0	2854.39
7843	C	C	2825.57	36.1306	201	196	0	2825.57	0	0
7844	C	C	2785.45	36.1345	202	195	0	2785.45	0	0
7845	T	T	2764.33	36.1345	202	202	0	0	0	2764.33
7846	A	A	2730.66	36.1345	202	202	2730.66	0	0	0
7847	A	A	2751.82	36.1384	203	203	2751.82	0	0	0
7848	T	T	2728.38	36.1345	202	202	0	0	0	2728.38
7849	G	G	2840.56	36.1306	201	198	0	0	2840.56	0
7850	G	G	2743.69	36.3902	197	192	0	0	2743.69	0
7851	T	T	2707.9	36.3902	197	197	0	0	0	2707.9
7852	G	G	2608.24	36.3844	195	185	0	0	2608.24	0
7853	C	C	2684.11	36.3844	195	188	0	2684.11	0	0
7854	A	A	2658.38	36.3902	197	197	2658.38	0	0	0
7855	G	G	2732.2	36.3844	195	191	0	0	2732.2	0
7856	C	C	2718.06	36.3931	198	191	0	2718.06	0	0
7857	A	A	2659.19	36.3873	196	196	2659.19	0	0	0
7858	G	G	2576.99	36.3844	195	183	0	0	2576.99	0
7859	C	C	2742.57	36.3873	196	191	0	2742.57	0	0
7860	T	T	2654.37	36.3902	197	197	0	0	0	2654.37
7861	A	A	2687.61	36.3931	198	198	2687.61	0	0	0
7862	T	T	2672.92	36.3902	197	197	0	0	0	2672.92
7863	T	T	2613.6	36.3784	193	193	0	0	0	2613.6
7864	A	A	2690.61	36.3873	196	196	2690.61	0	0	0
7865	A	A	2685.88	36.3902	197	197	2685.88	0	0	0
7866	G	G	2728.31	36.3814	194	190	0	0	2728.31	0
7867	G	G	2659.14	36.3873	196	187	0	0	2659.14	0
7868	G	G	2640.88	36.6748	191	186	0	0	2640.88	0
7869	T	T	2655.11	36.6748	191	191	0	0	0	2655.11
7870	T	T	2634.27	36.6715	189	189	0	0	0	2634.27
7871	C	C	2637.91	36.6715	189	184	0	2637.91	0	0
7872	G	G	2702.42	36.6781	193	189	0	0	2702.42	0
7873	T	T	2678.87	36.6919	202	202	0	0	0	2678.87
7874	T	T	2719.68	36.6919	202	202	0	0	0	2719.68
7875	T	T	2711.5	36.6905	201	201	0	0	0	2711.5
7876	G	G	2768.48	36.6875	199	193	0	0	2768.48	0
7877	T	T	2737.36	36.6919	202	202	0	0	0	2737.36
7878	T	T	2823.17	36.6977	206	206	0	0	0	2823.17
7879	C	C	2920.4	36.6949	204	202	0	2920.4	0	0
7880	A	A	2873.09	36.4204	208	208	2873.09	0	0	0
7881	A	A	2847.01	36.4151	206	206	2847.01	0	0	0
7882	C	C	2882.62	36.1681	211	203	0	2882.62	0	0
7883	G	G	2962.65	36.1717	212	207	0	0	2962.65	0
7884	A	A	2929.83	36.1787	214	214	2929.83	0	0	0
7885	T	T	2906.21	36.1787	214	214	0	0	0	2906.21
7886	T	T	2885.45	36.1717	212	212	0	0	0	2885.45
7887	A	A	3037.41	36.1925	218	218	3037.41	0	0	0
7888	A	A	3025.03	36.1959	219	219	3025.03	0	0	0
7889	A	A	3003.61	36.1959	219	219	3003.61	0	0	0
7890	G	G	3124.29	36.2091	223	218	0	0	3124.29	0
7891	T	T	3013.33	36.4524	221	221	0	0	0	3013.33
7892	C	C	2975.89	36.4524	221	210	0	2975.89	0	0
7893	C	C	3162.31	36.4524	221	219	0	3162.31	0	0
7894	T	T	2981.37	36.4453	218	218	0	0	0	2981.37
7895	A	A	3021.78	36.1992	220	220	3021.78	0	0	0
7896	C	C	3052.65	35.9704	222	214	0	3052.65	0	0
7897	G	G	3051.89	35.9662	221	214	0	0	3051.89	0
7898	T	T	2972.95	35.9493	217	217	0	0	0	2972.95
7899	G	G	2988.14	35.9406	215	209	0	0	2988.14	0
7900	A	A	2974.17	35.9362	214	214	2974.17	0	0	0
7901	T	T	3009.68	35.9318	213	213	0	0	0	3009.68
7902	C	C	2986.78	35.9273	212	208	0	2986.78	0	0
7903	T	T	2945.32	35.9228	211	211	0	0	0	2945.32
7904	G	G	2819.48	35.9183	210	201	0	0	2819.48	0
7905	A	A	2895.89	35.9406	215	215	2895.89	0	0	0
7906	G	G	2778.68	35.9318	213	200	0	0	2778.68	0
7907	T	T	2871.23	35.9183	210	210	0	0	0	2871.23
7908	T	T	2884.2	35.9273	212	212	0	0	0	2884.2
7909	C	C	2867.21	35.9318	213	203	0	2867.21	0	0
7910	A	A	2979.13	35.9536	218	218	2979.13	0	0	0
7911	G	G	3206.77	35.9745	223	222	0	0	3206.77	0
7912	A	A	3003.24	35.9745	223	223	3003.24	0	0	0
7913	C	C	3085.86	35.9662	221	216	0	3085.86	0	0
7914	C	C	3180.71	35.9662	221	220	0	3180.71	0	0
7915	G	G	3039.88	35.962	220	213	0	0	3039.88	0
7916	G	G	2931.08	35.9578	219	208	0	0	2931.08	0
7917	A	A	3017.28	35.9662	221	221	3017.28	0	0	0
7918	G	G	3007.94	35.9578	219	211	0	0	3007.94	0
7919	C	C	2992.98	35.9406	215	209	0	2992.98	0	0
7920	A	A	2931.13	35.9273	212	212	2931.13	0	0	0
7921	A	A	2917.91	36.1681	211	211	2917.91	0	0	0
7922	T	T	2955.37	36.1681	211	211	0	0	0	2955.37
7923	C	C	3016.38	35.9273	212	209	0	3016.38	0	0
7924	C	C	2904.26	36.1498	206	202	0	2904.26	0	0
7925	A	A	2779.3	36.146	205	205	2779.3	0	0	0
7926	G	G	2829.86	36.146	205	198	0	0	2829.86	0
7927	G	G	2805.72	36.1345	202	196	0	0	2805.72	0
7928	T	T	2805.02	36.407	203	203	0	0	0	2805.02
7929	C	C	2856.19	36.4098	204	199	0	2856.19	0	0
7930	G	G	2742.01	36.3931	198	192	0	0	2742.01	0
7931	G	G	2788.5	36.4015	201	195	0	0	2788.5	0
7932	T	T	2754.18	36.3931	198	198	0	0	0	2754.18
7933	T	T	2764.69	36.3873	196	196	0	0	0	2764.69
7934	T	T	2798.91	36.4043	202	202	0	0	0	2798.91
7935	C	C	2841.89	36.3987	200	197	0	2841.89	0	0
7936	T	T	2731.63	36.3959	199	199	0	0	0	2731.63
7937	A	A	2751.68	36.3987	200	200	2751.68	0	0	0
7938	T	T	2751.01	36.4015	201	201	0	0	0	2751.01
7939	C	C	2838.97	36.407	203	198	0	2838.97	0	0
7940	T	T	2725.88	36.3959	199	199	0	0	0	2725.88
7941	A	A	2711.53	36.4015	201	201	2711.53	0	0	0
7942	T	T	2750.71	36.4015	201	201	0	0	0	2750.71
7943	T	T	2702.17	36.3931	198	198	0	0	0	2702.17
7944	T	T	2721.89	36.3959	199	199	0	0	0	2721.89
7945	A	A	2635.1	36.6828	196	196	2635.1	0	0	0
7946	A	A	2627.02	36.6813	195	195	2627.02	0	0	0
7947	A	A	2647.32	36.6813	195	195	2647.32	0	0	0
7948	T	T	2686.93	36.6859	198	198	0	0	0	2686.93
7949	G	G	2740.88	36.6828	196	191	0	0	2740.88	0
7950	A	A	2626.51	37	191	191	2626.51	0	0	0
7951	C	C	2613.69	36.6765	192	184	0	2613.69	0	0
7952	C	C	2733.29	36.3873	196	191	0	2733.29	0	0
7953	T	T	2688.87	36.3873	196	196	0	0	0	2688.87
7954	C	C	2750.43	36.1187	198	192	0	2750.43	0	0
7955	T	T	2662.14	36.1146	197	197	0	0	0	2662.14
7956	C	C	2705.47	36.1023	194	189	0	2705.47	0	0
7957	C	C	2558.21	35.8186	190	181	0	2558.21	0	0
7958	C	C	2644.74	35.8021	187	184	0	2644.74	0	0
7959	A	A	2545.45	35.7793	183	183	2545.45	0	0	0
7960	G	G	2612.82	35.5279	184	181	0	0	2612.82	0
7961	T	T	2524.52	35.5279	184	184	0	0	0	2524.52
7962	A	A	2588.8	35.5413	186	186	2588.8	0	0	0
7963	C	C	2622.21	35.5545	188	183	0	2622.21	0	0
7964	G	G	2569.77	35.5802	192	183	0	0	2569.77	0
7965	A	A	2669.5	35.605	196	196	2669.5	0	0	0
7966	A	A	2679.15	35.5865	193	193	2679.15	0	0	0
7967	A	A	2673.58	35.5927	194	194	2673.58	0	0	0
7968	G	G	2637.17	35.5865	193	185	0	0	2637.17	0
7969	G	G	2690.26	35.5927	194	189	0	0	2690.26	0
7970	A	A	2687.41	35.6111	197	197	2687.41	0	0	0
7971	C	C	2733.06	35.6111	197	191	0	2733.06	0	0
7972	A	A	2688.02	35.8657	199	199	2688.02	0	0	0
7973	A	A	2680.36	35.8556	197	197	2680.36	0	0	0
7974	G	G	2792.24	35.8854	203	196	0	0	2792.24	0
7975	A	A	2818.13	35.8902	204	204	2818.13	0	0	0
7976	G	G	2807.83	36.1267	200	196	0	0	2807.83	0
7977	A	A	2779.15	36.1227	199	199	2779.15	0	0	0
7978	A	A	2770.35	36.1187	198	198	2770.35	0	0	0
7979	G	G	2824.81	36.1267	200	196	0	0	2824.81	0
7980	T	T	2817.17	36.1345	202	202	0	0	0	2817.17
7981	A	A	2764.59	36.3987	200	200	2764.59	0	0	0
7982	A	A	2724.48	36.6859	198	198	2724.48	0	0	0
7983	G	G	2750.85	36.6813	195	191	0	0	2750.85	0
7984	G	G	2620.94	36.6797	194	186	0	0	2620.94	0
7985	C	C	2738.85	36.6844	197	191	0	2738.85	0	0
7986	C	C	2724.31	36.3931	198	192	0	2724.31	0	0
7987	T	T	2721.6	36.3931	198	198	0	0	0	2721.6
7988	C	C	2841.76	36.6875	199	197	0	2841.76	0	0
7989	C	C	2645.29	36.6813	195	187	0	2645.29	0	0
7990	C	C	2676.17	36.6781	193	187	0	2676.17	0	0
7991	T	T	2604.36	36.6765	192	192	0	0	0	2604.36
7992	C	C	2609.19	36.6682	187	182	0	2609.19	0	0
7993	G	G	2600.96	36.6715	189	183	0	0	2600.96	0
7994	C	C	2653.81	36.6682	187	184	0	2653.81	0	0
7995	C	C	2486.88	36.6647	185	176	0	2486.88	0	0
7996	A	A	2570.17	36.6647	185	185	2570.17	0	0	0
7997	A	A	2568.6	36.6664	186	186	2568.6	0	0	0
7998	A	A	2585.24	36.6699	188	188	2585.24	0	0	0
7999	G	G	2648.83	36.6715	189	185	0	0	2648.83	0
8000	C	C	2625.45	36.6765	192	185	0	2625.45	0	0
8001	G	G	2626.86	36.6813	195	185	0	0	2626.86	0
8002	C	C	2826.19	36.6828	196	196	0	2826.19	0	0
8003	C	C	2697.74	36.6844	197	190	0	2697.74	0	0
8004	T	T	2601.75	36.6797	194	194	0	0	0	2601.75
8005	T	T	2596	36.6732	190	190	0	0	0	2596
8006	A	A	2597.32	36.6682	187	187	2597.32	0	0	0
8007	A	A	2634.33	36.6748	191	191	2634.33	0	0	0
8008	G	G	2588.71	36.6664	186	181	0	0	2588.71	0
8009	A	A	2620.88	36.6699	188	188	2620.88	0	0	0
8010	C	C	2681.64	36.3754	192	187	0	2681.64	0	0
8011	C	C	2644.92	36.3844	195	186	0	2644.92	0	0
8012	A	A	2702.39	36.3931	198	198	2702.39	0	0	0
8013	A	A	2731	36.3959	199	199	2731	0	0	0
8014	T	T	2687.27	36.3987	200	199	0	0	0	2687.27
8015	A	A	2675.23	36.3814	194	194	2675.23	0	0	0
8016	G	G	2700.27	36.3754	192	188	0	0	2700.27	0
8017	A	A	2644.88	36.3754	192	192	2644.88	0	0	0
8018	T	T	2697.59	36.3814	194	194	0	0	0	2697.59
8019	G	G	2789.53	36.3873	196	194	0	0	2789.53	0
8020	A	A	2625	36.6765	192	192	2625	0	0	0
8021	C	C	2672.64	36.6715	189	186	0	2672.64	0	0
8022	T	T	2620.02	36.6715	189	189	0	0	0	2620.02
8023	T	T	2596.78	36.6748	191	191	0	0	0	2596.78
8024	A	A	2687.52	36.6828	196	196	2687.52	0	0	0
8025	G	G	2729.68	36.6813	195	190	0	0	2729.68	0
8026	T	T	2639.7	36.6828	196	196	0	0	0	2639.7
8027	C	C	2704.84	36.6828	196	190	0	2704.84	0	0
8028	T	T	2678.04	36.6859	198	198	0	0	0	2678.04
8029	A	A	2744.56	36.6859	198	198	2744.56	0	0	0
8030	A	A	2789.21	36.6919	202	202	2789.21	0	0	0
8031	A	A	2756.55	36.6875	199	199	2756.55	0	0	0
8032	C	C	2727.28	36.6934	203	193	0	2727.28	0	0
8033	C	C	2802.49	36.6977	206	198	0	2802.49	0	0
8034	T	T	2779.55	36.6991	207	206	0	0	0	2779.55
8035	A	A	2893.67	36.7033	210	210	2893.67	0	0	0
8036	G	G	2992.15	37	209	207	0	0	2992.15	0
8037	T	T	2870.67	37	212	212	0	0	0	2870.67
8038	A	A	2982.38	37	219	219	2982.38	0	0	0
8039	A	A	2962.93	37	221	221	2962.93	0	0	0
8040	G	G	3059.28	37	217	213	0	0	3059.28	0
8041	T	T	2909.95	36.71	215	215	0	0	0	2909.95
8042	C	C	2951.99	36.7073	213	207	0	2951.99	0	0
8043	T	T	2899.77	36.7005	208	208	0	0	0	2899.77
8044	A	A	2742.81	36.407	203	203	2742.81	0	0	0
8045	C	C	2851.02	36.3959	199	197	0	2851.02	0	0
8046	C	C	2840.42	36.1345	202	198	0	2840.42	0	0
8047	C	C	2693.54	36.0981	193	188	0	2693.54	0	0
8048	C	C	2689.24	35.8186	190	187	0	2689.24	0	0
8049	C	C	2713.56	35.8186	190	188	0	2713.56	0	0
8050	A	A	2579.87	35.5739	191	191	2579.87	0	0	0
8051	A	A	2555.72	35.5675	190	190	2555.72	0	0	0
8052	C	C	2595.43	35.3003	186	181	0	2595.43	0	0
8053	G	G	2519.68	35.2851	184	177	0	0	2519.68	0
8054	T	T	2491.13	35.2616	181	181	0	0	0	2491.13
8055	T	T	2537.15	35.2927	185	185	0	0	0	2537.15
8056	G	G	2516.49	35.2773	183	177	0	0	2516.49	0
8057	C	C	2548.93	35.072	186	179	0	2548.93	0	0
8058	C	C	2631.28	35.1209	192	185	0	2631.28	0	0
8059	C	C	2792.7	35.1824	200	196	0	2792.7	0	0
8060	A	A	2670.06	35.1824	200	199	2670.06	0	0	0
8061	A	A	2635.93	35.1288	193	193	2635.93	0	0	0
8062	G	G	2670.06	35.1209	192	187	0	0	2670.06	0
8063	A	A	2699.33	34.9339	195	195	2699.33	0	0	0
8064	G	G	2712.94	34.9339	195	190	0	0	2712.94	0
8065	A	A	2749.81	35.1674	198	198	2749.81	0	0	0
8066	C	C	2765.35	35.1749	199	194	0	2765.35	0	0
8067	A	A	2741.04	35.1674	198	198	2741.04	0	0	0
8068	G	G	2887.41	35.2116	204	201	0	0	2887.41	0
8069	G	G	2894.38	35.4454	207	202	0	0	2894.38	0
8070	G	G	2900.65	35.6798	209	203	0	0	2900.65	0
8071	C	C	2892.72	35.696	212	204	0	2892.72	0	0
8072	T	T	2835.15	35.6906	211	211	0	0	0	2835.15
8073	T	T	2863.37	35.696	212	212	0	0	0	2863.37
8074	T	T	2885.78	35.6906	211	211	0	0	0	2885.78
8075	G	G	2839.7	35.6744	208	200	0	0	2839.7	0
8076	T	T	2867.26	35.9137	209	209	0	0	0	2867.26
8077	T	T	2855.37	35.9137	209	209	0	0	0	2855.37
8078	A	A	2823.91	35.6744	208	208	2823.91	0	0	0
8079	G	G	2903.27	35.6633	206	202	0	0	2903.27	0
8080	G	G	2776.91	35.623	199	194	0	0	2776.91	0
8081	G	G	2830.66	35.6171	198	196	0	0	2830.66	0
8082	T	T	2776.21	35.6463	203	203	0	0	0	2776.21
8083	G	G	2934.57	35.8902	204	203	0	0	2934.57	0
8084	G	G	2737.19	35.8805	202	193	0	0	2737.19	0
8085	C	C	2798.82	35.8997	206	197	0	2798.82	0	0
8086	A	A	2850.39	35.9044	207	207	2850.39	0	0	0
8087	G	G	2954.01	35.9091	208	205	0	0	2954.01	0
8088	A	A	2792.6	35.8902	204	204	2792.6	0	0	0
8089	G	G	2857.43	35.9137	209	201	0	0	2857.43	0
8090	C	C	2961.74	35.9318	213	207	0	2961.74	0	0
8091	C	C	2907.96	35.9662	221	207	0	2907.96	0	0
8092	C	C	3001.96	36.1857	216	210	0	3001.96	0	0
8093	G	G	3004.66	36.1752	213	209	0	0	3004.66	0
8094	G	G	2860.2	36.1752	213	203	0	0	2860.2	0
8095	T	T	2956.7	36.1822	215	215	0	0	0	2956.7
8096	G	G	3085.28	36.4429	217	214	0	0	3085.28	0
8097	A	A	2929.03	36.7125	217	217	2929.03	0	0	0
8098	T	T	3023.58	36.7151	219	219	0	0	0	3023.58
8099	T	T	2971.54	36.7086	214	214	0	0	0	2971.54
8100	G	G	2919.84	36.7033	210	204	0	0	2919.84	0
8101	C	C	3045.41	36.7073	213	211	0	3045.41	0	0
8102	A	A	2893.99	36.7005	208	208	2893.99	0	0	0
8103	T	T	2873.38	36.7033	210	210	0	0	0	2873.38
8104	A	A	2869.96	36.7033	210	210	2869.96	0	0	0
8105	A	A	2927.55	36.7125	217	217	2927.55	0	0	0
8106	A	A	2974.88	36.7151	219	219	2974.88	0	0	0
8107	A	A	2964.85	36.7188	222	222	2964.85	0	0	0
8108	C	C	3149.09	36.7188	222	219	0	3149.09	0	0
8109	T	T	2925.99	36.7163	220	220	0	0	0	2925.99
8110	T	T	2916.56	36.71	215	215	0	0	0	2916.56
8111	A	A	2937.63	36.7073	213	213	2937.63	0	0	0
8112	A	A	2900	36.7019	209	209	2900	0	0	0
8113	A	A	2899.59	36.4204	208	208	2899.59	0	0	0
8114	C	C	2938.11	36.4178	207	204	0	2938.11	0	0
8115	C	C	2989.36	36.4331	213	208	0	2989.36	0	0
8116	T	T	2961.21	36.4429	217	217	0	0	0	2961.21
8117	T	T	2952.28	36.4429	217	217	0	0	0	2952.28
8118	T	T	2984.27	36.4501	220	220	0	0	0	2984.27
8119	A	A	2992.58	36.4524	221	220	2992.58	0	0	0
8120	T	T	2959.67	36.4405	216	216	0	0	0	2959.67
8121	A	A	2878.18	36.4356	214	214	2878.18	0	0	0
8122	C	C	3028.3	36.4453	218	212	0	3028.3	0	0
8123	T	T	3004.87	36.4477	219	219	0	0	0	3004.87
8124	C	C	3057.65	36.4429	217	213	0	3057.65	0	0
8125	A	A	2733.77	36.4098	204	204	2733.77	0	0	0
8126	G	G	2806.92	36.6949	204	197	0	0	2806.92	0
8127	A	A	2737.4	36.6949	204	204	2737.4	0	0	0
8128	G	G	2864.22	36.6963	205	200	0	0	2864.22	0
8129	G	G	2781.69	36.6919	202	196	0	0	2781.69	0
8130	T	T	2724.5	36.6905	201	201	0	0	0	2724.5
8131	T	T	2722.51	36.6844	197	197	0	0	0	2722.51
8132	C	C	2698.95	36.6781	193	188	0	2698.95	0	0
8133	A	A	2624.56	36.6781	193	193	2624.56	0	0	0
8134	A	A	2623.76	37	191	191	2623.76	0	0	0
8135	A	A	2604.19	36.6682	187	187	2604.19	0	0	0
8136	T	T	2536.22	36.363	188	188	0	0	0	2536.22
8137	C	C	2589.84	36.3693	190	182	0	2589.84	0	0
8138	C	C	2733.43	36.3844	195	191	0	2733.43	0	0
8139	T	T	2664.11	36.3902	197	196	0	0	0	2664.11
8140	C	C	2681.27	36.1023	194	188	0	2681.27	0	0
8141	T	T	2686.86	36.1187	198	198	0	0	0	2686.86
8142	C	C	2666.03	35.6111	197	189	0	2666.03	0	0
8143	C	C	2755.86	35.6348	201	193	0	2755.86	0	0
8144	C	C	2793.89	35.6406	202	196	0	2793.89	0	0
8145	T	T	2691.66	35.6171	198	198	0	0	0	2691.66
8146	A	A	2697.42	35.5865	193	193	2697.42	0	0	0
8147	A	A	2731.49	35.3657	195	195	2731.49	0	0	0
8148	C	C	2730.14	35.3587	194	190	0	2730.14	0	0
8149	A	A	2712.36	35.3727	196	196	2712.36	0	0	0
8150	C	C	2727.05	35.3727	196	191	0	2727.05	0	0
8151	T	T	2698.3	35.3796	197	196	0	0	0	2698.3
8152	A	A	2774.77	35.3932	199	199	2774.77	0	0	0
8153	T	T	2738.6	35.3999	200	200	0	0	0	2738.6
8154	G	G	2783.32	35.3864	198	194	0	0	2783.32	0
8155	T	T	2746.32	35.3864	198	198	0	0	0	2746.32
8156	T	T	2759.82	35.4197	203	202	0	0	0	2759.82
8157	T	T	2835.04	35.4517	208	208	0	0	0	2835.04
8158	A	A	2811.09	35.4579	209	209	2811.09	0	0	0
8159	T	T	2792.81	35.8997	206	206	0	0	0	2792.81
8160	A	A	2801.12	35.9044	207	207	2801.12	0	0	0
8161	A	A	2813.62	35.895	205	205	2813.62	0	0	0
8162	T	T	2798.21	35.8902	204	204	0	0	0	2798.21
8163	T	T	2769.48	36.1384	203	203	0	0	0	2769.48
8164	A	A	2759.87	36.1306	201	201	2759.87	0	0	0
8165	A	A	2702.01	36.4043	202	202	2702.01	0	0	0
8166	C	C	2807.5	36.4098	204	197	0	2807.5	0	0
8167	A	A	2650.41	36.4043	202	202	2650.41	0	0	0
8168	T	T	2742.93	36.3873	196	196	0	0	0	2742.93
8169	T	T	2701.39	36.3754	192	192	0	0	0	2701.39
8170	A	A	2497.28	36.3469	183	183	2497.28	0	0	0
8171	T	T	2545.41	36.3368	180	180	0	0	0	2545.41
8172	C	C	2478.48	36.3228	176	172	0	2478.48	0	0
8173	T	T	2485.18	36.3299	178	178	0	0	0	2485.18
8174	C	C	2556.22	36.3435	182	178	0	2556.22	0	0
8175	A	A	2524.22	36.3502	184	184	2524.22	0	0	0
8176	C	C	2503.75	36.3469	183	176	0	2503.75	0	0
8177	T	T	2399.38	36.3299	178	178	0	0	0	2399.38
8178	A	A	2498.08	36.3368	180	180	2498.08	0	0	0
8179	G	G	2509.77	36.3368	180	175	0	0	2509.77	0
8180	T	T	2518.29	36.3435	182	182	0	0	0	2518.29
8181	C	C	2566.41	36.3502	184	179	0	2566.41	0	0
8182	G	G	2479.77	36.3567	186	177	0	0	2479.77	0
8183	T	T	2504.45	36.3402	181	181	0	0	0	2504.45
8184	G	G	2343.69	36.3334	179	167	0	0	2343.69	0
8185	C	C	2499.46	36.6482	176	174	0	2499.46	0	0
8186	C	C	2396.86	36.6424	173	168	0	2396.86	0	0
8187	C	C	2364.46	36.6301	167	164	0	2364.46	0	0
8188	A	A	2347.77	36.6424	173	173	2347.77	0	0	0
8189	T	T	2328	36.6404	172	172	0	0	0	2328
8190	T	T	2319.88	36.6404	172	172	0	0	0	2319.88
8191	C	C	2390.21	36.3083	172	167	0	2390.21	0	0
8192	T	T	2280.73	36.2931	168	168	0	0	0	2280.73
8193	C	C	2311.46	36.6384	171	163	0	2311.46	0	0
8194	C	C	2454.62	36.3156	174	171	0	2454.62	0	0
8195	T	T	2386.66	36.3192	175	175	0	0	0	2386.66
8196	C	C	2435.12	36.3264	177	171	0	2435.12	0	0
8197	G	G	2492.97	36.0251	177	174	0	0	2492.97	0
8198	C	C	2396.34	36.03	178	170	0	2396.34	0	0
8199	C	C	2382.62	36.0251	177	169	0	2382.62	0	0
8200	G	G	2515.93	36.0397	180	176	0	0	2515.93	0
8201	T	T	2421.04	36.0348	179	179	0	0	0	2421.04
8202	A	A	2447.33	35.7555	179	179	2447.33	0	0	0
8203	G	G	2542.07	35.7371	176	176	0	0	2542.07	0
8204	C	C	2483.1	35.7246	174	172	0	2483.1	0	0
8205	C	C	2429	35.7117	172	169	0	2429	0	0
8206	T	T	2395.14	35.692	169	169	0	0	0	2395.14
8207	T	T	2366.49	35.6716	166	166	0	0	0	2366.49
8208	C	C	2358.78	35.6647	165	163	0	2358.78	0	0
8209	T	T	2329.15	35.6647	165	165	0	0	0	2329.15
8210	T	T	2350.97	35.434	171	171	0	0	0	2350.97
8211	A	A	2369.03	35.4492	173	173	2369.03	0	0	0
8212	A	A	2390.11	35.4788	177	176	2390.11	0	0	0
8213	C	C	2449.99	35.486	178	172	0	2449.99	0	0
8214	A	A	2469.17	35.5072	181	181	2469.17	0	0	0
8215	C	C	2396.86	35.4715	176	169	0	2396.86	0	0
8216	T	T	2401.35	35.5002	180	180	0	0	0	2401.35
8217	A	A	2430.09	35.4931	179	179	2430.09	0	0	0
8218	G	G	2511.7	35.2457	179	175	0	0	2511.7	0
8219	T	T	2487.1	35.2773	183	183	0	0	0	2487.1
8220	G	G	2600.3	35.3003	186	182	0	0	2600.3	0
8221	G	G	2562.83	35.3003	186	180	0	0	2562.83	0
8222	A	A	2479.99	35.2695	182	182	2479.99	0	0	0
8223	G	G	2499.02	35.2457	179	175	0	0	2499.02	0
8224	C	C	2420.37	35.2294	177	171	0	2420.37	0	0
8225	G	G	2411.61	35.2211	176	170	0	0	2411.61	0
8226	A	A	2420.83	35.2211	176	176	2420.83	0	0	0
8227	A	A	2426.34	35.2376	178	178	2426.34	0	0	0
8228	A	A	2461.98	35.2537	180	180	2461.98	0	0	0
8229	A	A	2418.89	35.4715	176	175	2418.89	0	0	0
8230	G	G	2576.49	35.7555	179	178	0	0	2576.49	0
8231	T	T	2443.07	35.7555	179	179	0	0	0	2443.07
8232	A	A	2552.2	35.785	184	184	2552.2	0	0	0
8233	C	C	2566.38	35.7793	183	179	0	2566.38	0	0
8234	T	T	2505.56	35.7965	186	186	0	0	0	2505.56
8235	G	G	2579.7	35.8186	190	182	0	0	2579.7	0
8236	G	G	2597.1	36.0896	191	184	0	0	2597.1	0
8237	G	G	2544.04	36.0584	184	178	0	0	2544.04	0
8238	C	C	2592.67	36.3534	185	181	0	2592.67	0	0
8239	T	T	2532.68	36.3469	183	183	0	0	0	2532.68
8240	A	A	2435.39	36.3299	178	178	2435.39	0	0	0
8241	T	T	2499.5	36.3334	179	179	0	0	0	2499.5
8242	A	A	2448.02	36.6557	180	180	2448.02	0	0	0
8243	T	T	2490.56	36.6612	183	183	0	0	0	2490.56
8244	A	A	2455.5	36.6612	183	183	2455.5	0	0	0
8245	C	C	2531.29	37	178	176	0	2531.29	0	0
8246	A	A	2426.66	36.652	178	178	2426.66	0	0	0
8247	A	A	2417.19	36.6539	179	179	2417.19	0	0	0
8248	C	C	2396.65	36.6482	176	169	0	2396.65	0	0
8249	T	T	2398.46	36.6443	174	174	0	0	0	2398.46
8250	T	T	2405.22	36.652	178	178	0	0	0	2405.22
8251	C	C	2409.18	36.6594	182	171	0	2409.18	0	0
8252	G	G	2388.01	36.6576	181	170	0	0	2388.01	0
8253	T	T	2409.35	36.6557	180	180	0	0	0	2409.35
8254	A	A	2427.26	36.6576	181	180	2427.26	0	0	0
8255	A	A	2431.4	36.6557	180	180	2431.4	0	0	0
8256	A	A	2475.04	36.6482	176	176	2475.04	0	0	0
8257	G	G	2593.77	36.6557	180	179	0	0	2593.77	0
8258	G	G	2481.23	36.6576	181	174	0	0	2481.23	0
8259	A	A	2486.25	36.6539	179	179	2486.25	0	0	0
8260	C	C	2521.91	36.6629	184	177	0	2521.91	0	0
8261	C	C	2651.25	36.6647	185	184	0	2651.25	0	0
8262	A	A	2586.43	36.6647	185	185	2586.43	0	0	0
8263	A	A	2653.19	36.6715	189	189	2653.19	0	0	0
8264	A	A	2664.28	36.6732	190	190	2664.28	0	0	0
8265	C	C	2673.27	36.6765	192	187	0	2673.27	0	0
8266	A	A	2721.96	36.6844	197	197	2721.96	0	0	0
8267	T	T	2671.27	36.689	200	199	0	0	0	2671.27
8268	T	T	2719.69	36.689	200	200	0	0	0	2719.69
8269	G	G	2797.96	36.689	200	195	0	0	2797.96	0
8270	T	T	2699.51	36.6859	198	198	0	0	0	2699.51
8271	A	A	2662.87	36.6828	196	196	2662.87	0	0	0
8272	G	G	2684.97	36.6797	194	188	0	0	2684.97	0
8273	G	G	2675.69	37	193	188	0	0	2675.69	0
8274	A	A	2660.82	37	195	195	2660.82	0	0	0
8275	C	C	2747.46	37	195	191	0	2747.46	0	0
8276	C	C	2695.44	37	195	189	0	2695.44	0	0
8277	C	C	2751.82	37	198	193	0	2751.82	0	0
8278	T	T	2651.9	37	194	194	0	0	0	2651.9
8279	A	A	2623.98	37	195	195	2623.98	0	0	0
8280	T	T	2617.43	37	194	194	0	0	0	2617.43
8281	G	G	2642.12	37	191	185	0	0	2642.12	0
8282	G	G	2760.23	36.6765	192	191	0	0	2760.23	0
8283	T	T	2576.72	36.3724	191	191	0	0	0	2576.72
8284	C	C	2695.75	36.3784	193	188	0	2695.75	0	0
8285	T	T	2601.32	36.3662	189	189	0	0	0	2601.32
8286	C	C	2689.71	36.3662	189	187	0	2689.71	0	0
8287	C	C	2687.75	36.363	188	186	0	2687.75	0	0
8288	T	T	2616.93	36.3662	189	189	0	0	0	2616.93
8289	A	A	2539.33	36.3567	186	186	2539.33	0	0	0
8290	C	C	2671.54	36.3599	187	185	0	2671.54	0	0
8291	A	A	2485.22	36.3567	186	186	2485.22	0	0	0
8292	A	A	2507.87	36.3567	186	186	2507.87	0	0	0
8293	C	C	2668.13	36.0765	188	185	0	2668.13	0	0
8294	C	C	2575.39	36.063	185	180	0	2575.39	0	0
8295	T	T	2482.3	36.063	185	185	0	0	0	2482.3
8296	A	A	2504.81	36.063	185	185	2504.81	0	0	0
8297	T	T	2479.33	36.0491	182	182	0	0	0	2479.33
8298	C	C	2520.88	36.0584	184	177	0	2520.88	0	0
8299	G	G	2537.96	36.063	185	178	0	0	2537.96	0
8300	C	C	2488.01	36.0397	180	175	0	2488.01	0	0
8301	A	A	2527.76	36.0584	184	184	2527.76	0	0	0
8302	G	G	2486.67	36.0675	186	177	0	0	2486.67	0
8303	A	A	2578.5	36.0765	188	188	2578.5	0	0	0
8304	T	T	2538.39	36.3662	189	189	0	0	0	2538.39
8305	G	G	2676.8	36.3693	190	186	0	0	2676.8	0
8306	C	C	2571.84	36.6813	195	185	0	2571.84	0	0
8307	T	T	2610.03	36.6797	194	194	0	0	0	2610.03
8308	A	A	2670.62	36.6797	194	194	2670.62	0	0	0
8309	C	C	2736.65	36.6813	195	191	0	2736.65	0	0
8310	A	A	2761.6	36.6859	198	198	2761.6	0	0	0
8311	A	A	2786.74	36.6919	202	202	2786.74	0	0	0
8312	A	A	2793.54	36.6905	201	201	2793.54	0	0	0
8313	A	A	2823.55	36.6963	205	205	2823.55	0	0	0
8314	C	C	2890.61	36.6977	206	202	0	2890.61	0	0
8315	T	T	2797.88	36.6949	204	204	0	0	0	2797.88
8316	T	T	2797.22	36.6963	205	205	0	0	0	2797.22
8317	T	T	2816.17	36.6977	206	206	0	0	0	2816.17
8318	T	T	2826.47	36.7019	209	208	0	0	0	2826.47
8319	T	T	2860.36	36.7046	211	211	0	0	0	2860.36
8320	A	A	2939.18	36.7046	211	211	2939.18	0	0	0
8321	C	C	2934.49	36.4405	216	207	0	2934.49	0	0
8322	C	C	3069	36.4405	216	213	0	3069	0	0
8323	A	A	2947.33	36.4405	216	216	2947.33	0	0	0
8324	A	A	2976.94	36.4477	219	219	2976.94	0	0	0
8325	A	A	2949.11	36.4453	218	218	2949.11	0	0	0
8326	G	G	2894.46	36.4306	212	203	0	0	2894.46	0
8327	A	A	2857.26	36.4256	210	210	2857.26	0	0	0
8328	A	A	2804.41	36.4178	207	207	2804.41	0	0	0
8329	C	C	2869.3	36.3987	200	198	0	2869.3	0	0
8330	C	C	2786.54	36.3931	198	194	0	2786.54	0	0
8331	C	C	2838.44	36.3959	199	196	0	2838.44	0	0
8332	T	T	2764.68	36.3873	196	196	0	0	0	2764.68
8333	T	T	2729.89	36.3873	196	196	0	0	0	2729.89
8334	G	G	2650.35	36.3902	197	188	0	0	2650.35	0
8335	C	C	2767.31	36.3931	198	193	0	2767.31	0	0
8336	G	G	2718.67	36.3873	196	190	0	0	2718.67	0
8337	C	C	2725.62	36.3931	198	191	0	2725.62	0	0
8338	C	C	2704.96	36.3814	194	189	0	2704.96	0	0
8339	C	C	2686.69	36.3784	193	188	0	2686.69	0	0
8340	A	A	2559.26	36.3724	191	191	2559.26	0	0	0
8341	C	C	2621.67	36.3724	191	184	0	2621.67	0	0
8342	T	T	2626.87	36.3784	193	193	0	0	0	2626.87
8343	C	C	2655.83	36.3844	195	187	0	2655.83	0	0
8344	A	A	2643.82	36.3873	196	196	2643.82	0	0	0
8345	C	C	2551.42	36.6781	193	182	0	2551.42	0	0
8346	A	A	2659.53	36.6828	196	196	2659.53	0	0	0
8347	T	T	2627.16	36.6765	192	192	0	0	0	2627.16
8348	C	C	2700.59	36.6715	189	187	0	2700.59	0	0
8349	A	A	2623.71	36.6765	192	192	2623.71	0	0	0
8350	T	T	2644.52	36.6813	195	195	0	0	0	2644.52
8351	C	C	2690.43	36.6748	191	187	0	2690.43	0	0
8352	T	T	2601.92	36.6732	190	190	0	0	0	2601.92
8353	A	A	2607.65	36.6664	186	186	2607.65	0	0	0
8354	C	C	2589.69	36.6612	183	180	0	2589.69	0	0
8355	A	A	2522.63	36.6612	183	183	2522.63	0	0	0
8356	A	A	2536.88	36.6647	185	185	2536.88	0	0	0
8357	C	C	2553.83	36.6647	185	178	0	2553.83	0	0
8358	T	T	2608.68	36.6682	187	187	0	0	0	2608.68
8359	A	A	2517.36	36.6629	184	184	2517.36	0	0	0
8360	T	T	2525.87	36.6612	183	183	0	0	0	2525.87
8361	A	A	2528.13	36.6594	182	182	2528.13	0	0	0
8362	T	T	2551.25	36.6594	182	182	0	0	0	2551.25
8363	T	T	2504.7	36.6539	179	179	0	0	0	2504.7
8364	T	T	2503.98	36.6594	182	182	0	0	0	2503.98
8365	A	A	2458.17	36.6647	185	185	2458.17	0	0	0
8366	T	T	2529.52	36.6612	183	183	0	0	0	2529.52
8367	T	T	2499.14	36.6629	184	184	0	0	0	2499.14
8368	A	A	2361.63	36.6539	179	179	2361.63	0	0	0
8369	T	T	2446.87	36.6557	180	179	0	0	0	2446.87
8370	A	A	2279.28	36.6443	174	174	2279.28	0	0	0
8371	G	G	2355.09	37	172	166	0	0	2355.09	0
8372	C	C	2348.13	37	168	164	0	2348.13	0	0
8373	C	C	2351.43	37	168	164	0	2351.43	0	0
8374	C	C	2337.68	37	165	163	0	2337.68	0	0
8375	C	C	2354.38	37	167	164	0	2354.38	0	0
8376	T	T	2275.34	37	169	169	0	0	0	2275.34
8377	A	A	2392.86	37	174	174	2392.86	0	0	0
8378	T	T	2334.84	37	175	175	0	0	0	2334.84
8379	T	T	2351.9	37	175	175	0	0	0	2351.9
8380	C	C	2491.46	37	178	174	0	2491.46	0	0
8381	T	T	2389.9	37	179	179	0	0	0	2389.9
8382	A	A	2445.69	37	179	179	2445.69	0	0	0
8383	G	G	2443.86	37	180	173	0	0	2443.86	0
8384	C	C	2524.39	37	182	177	0	2524.39	0	0
8385	C	C	2505.6	37	182	176	0	2505.6	0	0
8386	C	C	2538.41	37	180	177	0	2538.41	0	0
8387	T	T	2435.7	37	176	176	0	0	0	2435.7
8388	A	A	2365.64	37	172	172	2365.64	0	0	0
8389	A	A	2420.88	37	174	174	2420.88	0	0	0
8390	C	C	2435.21	37	173	169	0	2435.21	0	0
8391	A	A	2398.42	37	172	172	2398.42	0	0	0
8392	C	C	2477.59	37	175	172	0	2477.59	0	0
8393	T	T	2393.98	37	175	175	0	0	0	2393.98
8394	A	A	2445.48	37	178	178	2445.48	0	0	0
8395	G	G	2560.6	37	183	179	0	0	2560.6	0
8396	C	C	2465.62	37	179	173	0	2465.62	0	0
8397	C	C	2485.18	37	178	174	0	2485.18	0	0
8398	C	C	2444.5	37	177	171	0	2444.5	0	0
8399	T	T	2434.43	37	176	176	0	0	0	2434.43
8400	A	A	2480.95	37	179	179	2480.95	0	0	0
8401	A	A	2494.73	37	180	180	2494.73	0	0	0
8402	C	C	2529.67	37	180	176	0	2529.67	0	0
8403	T	T	2487.53	37	185	185	0	0	0	2487.53
8404	A	A	2496.82	37	186	186	2496.82	0	0	0
8405	T	T	2516.87	37	184	184	0	0	0	2516.87
8406	A	A	2538.7	37	189	189	2538.7	0	0	0
8407	T	T	2510.64	37	186	186	0	0	0	2510.64
8408	G	G	2574.99	37	186	181	0	0	2574.99	0
8409	A	A	2558.82	37	185	185	2558.82	0	0	0
8410	G	G	2551.23	37	183	178	0	0	2551.23	0
8411	T	T	2519.35	37	185	185	0	0	0	2519.35
8412	T	T	2580.59	37	189	189	0	0	0	2580.59
8413	C	C	2629.81	36.6732	190	185	0	2629.81	0	0
8414	C	C	2637.12	36.6813	195	187	0	2637.12	0	0
8415	C	C	2636.98	36.6797	194	186	0	2636.98	0	0
8416	C	C	2620.53	36.6781	193	185	0	2620.53	0	0
8417	T	T	2569.5	36.6732	190	190	0	0	0	2569.5
8418	A	A	2553.13	36.6748	191	191	2553.13	0	0	0
8419	C	C	2564.03	36.6647	185	179	0	2564.03	0	0
8420	C	C	2588.68	36.6647	185	180	0	2588.68	0	0
8421	A	A	2550.35	36.6629	184	184	2550.35	0	0	0
8422	A	A	2547.44	36.6629	184	184	2547.44	0	0	0
8423	T	T	2528.77	36.6647	185	185	0	0	0	2528.77
8424	G	G	2545.9	36.0675	186	179	0	0	2545.9	0
8425	C	C	2568.34	35.7908	185	179	0	2568.34	0	0
8426	C	C	2599.18	35.8132	189	183	0	2599.18	0	0
8427	A	A	2552.14	35.7908	185	185	2552.14	0	0	0
8428	T	T	2571.1	35.8132	189	189	0	0	0	2571.1
8429	A	A	2652.37	35.8132	189	189	2652.37	0	0	0
8430	C	C	2736.27	35.8504	196	191	0	2736.27	0	0
8431	C	C	2697.39	35.605	196	190	0	2697.39	0	0
8432	C	C	2641.93	35.3587	194	187	0	2641.93	0	0
8433	C	C	2758.34	35.3932	199	193	0	2758.34	0	0
8434	C	C	2823.79	35.4132	202	197	0	2823.79	0	0
8435	T	T	2780.36	35.4327	205	205	0	0	0	2780.36
8436	T	T	2757.03	35.4197	203	203	0	0	0	2757.03
8437	G	G	2769.21	35.4132	202	194	0	0	2769.21	0
8438	T	T	2788.89	35.4454	207	207	0	0	0	2788.89
8439	C	C	2885.1	35.4703	211	203	0	2885.1	0	0
8440	A	A	2846.54	35.4641	210	210	2846.54	0	0	0
8441	A	A	2813.9	35.4579	209	209	2813.9	0	0	0
8442	T	T	2828.3	35.4517	208	208	0	0	0	2828.3
8443	A	A	2836.41	35.4579	209	209	2836.41	0	0	0
8444	T	T	2861.95	35.4943	215	215	0	0	0	2861.95
8445	A	A	2888.85	35.696	212	212	2888.85	0	0	0
8446	A	A	2865.17	35.9137	209	209	2865.17	0	0	0
8447	A	A	2847.42	35.6906	211	211	2847.42	0	0	0
8448	C	C	2933.48	35.6798	209	204	0	2933.48	0	0
8449	C	C	2985.71	35.4641	210	207	0	2985.71	0	0
8450	T	T	2868.19	35.4579	209	209	0	0	0	2868.19
8451	C	C	2898.74	35.4703	211	203	0	2898.74	0	0
8452	G	G	2912.5	35.4517	208	203	0	0	2912.5	0
8453	G	G	2861.43	35.4517	208	200	0	0	2861.43	0
8454	A	A	2948.47	35.9273	212	212	2948.47	0	0	0
8455	G	G	3042.99	35.945	216	212	0	0	3042.99	0
8456	T	T	2974.55	35.962	220	220	0	0	0	2974.55
8457	A	A	3078.72	35.9704	222	222	3078.72	0	0	0
8458	C	C	3020.45	35.747	222	213	0	3020.45	0	0
8459	T	T	3024.22	35.7568	224	224	0	0	0	3024.22
8460	G	G	3161.52	35.7711	227	221	0	0	3161.52	0
8461	T	T	3071.27	35.7616	225	225	0	0	0	3071.27
8462	T	T	3142.49	35.7942	232	232	0	0	0	3142.49
8463	T	T	3097.89	35.7663	226	226	0	0	0	3097.89
8464	A	A	3057.5	35.747	222	222	3057.5	0	0	0
8465	T	T	3033.17	35.747	222	222	0	0	0	3033.17
8466	A	A	3036.09	35.747	222	222	3036.09	0	0	0
8467	T	T	3050.06	35.7421	221	221	0	0	0	3050.06
8468	T	T	3085.43	35.7711	227	227	0	0	0	3085.43
8469	A	A	3039.46	35.7519	223	223	3039.46	0	0	0
8470	G	G	3075.88	35.7568	224	216	0	0	3075.88	0
8471	C	C	3095.45	35.7421	221	216	0	3095.45	0	0
8472	A	A	3108.37	35.7663	226	226	3108.37	0	0	0
8473	A	A	3088.93	35.7663	226	226	3088.93	0	0	0
8474	T	T	3038.67	35.747	222	222	0	0	0	3038.67
8475	A	A	3052.87	35.9826	225	225	3052.87	0	0	0
8476	T	T	3050.16	35.9662	221	221	0	0	0	3050.16
8477	C	C	3055.15	35.7519	223	215	0	3055.15	0	0
8478	A	A	2961.38	35.7371	220	220	2961.38	0	0	0
8479	A	A	2972.05	35.7321	219	219	2972.05	0	0	0
8480	G	G	2946.78	35.7169	216	207	0	0	2946.78	0
8481	C	C	2909	35.9362	214	205	0	2909	0	0
8482	T	T	2916	35.9228	211	211	0	0	0	2916
8483	T	T	2918.1	35.9318	213	213	0	0	0	2918.1
8484	A	A	2870.53	35.9273	212	212	2870.53	0	0	0
8485	G	G	3032.39	35.722	217	212	0	0	3032.39	0
8486	C	C	3059.67	35.7371	220	214	0	3059.67	0	0
8487	T	T	2981.36	35.7568	224	224	0	0	0	2981.36
8488	G	G	3070.17	35.7371	220	214	0	0	3070.17	0
8489	T	T	2924.44	35.9536	218	218	0	0	0	2924.44
8490	A	A	2943.89	35.9493	217	217	2943.89	0	0	0
8491	T	T	3007.72	35.9536	218	218	0	0	0	3007.72
8492	A	A	2955.57	35.9536	218	218	2955.57	0	0	0
8493	T	T	3011.66	35.9493	217	217	0	0	0	3011.66
8494	T	T	3014.93	35.9536	218	218	0	0	0	3014.93
8495	C	C	2837.35	35.6906	211	201	0	2837.35	0	0
8496	T	T	2898.3	35.6853	210	210	0	0	0	2898.3
8497	A	A	2862.31	35.6853	210	210	2862.31	0	0	0
8498	T	T	2881.61	35.4763	212	212	0	0	0	2881.61
8499	C	C	3030.17	35.4763	212	210	0	3030.17	0	0
8500	C	C	2934.75	35.4517	208	204	0	2934.75	0	0
8501	T	T	2858.59	35.4579	209	209	0	0	0	2858.59
8502	T	T	2878.15	35.4703	211	211	0	0	0	2878.15
8503	T	T	2903.2	35.4641	210	210	0	0	0	2903.2
8504	G	G	2929	35.6906	211	205	0	0	2929	0
8505	A	A	2884.41	35.696	212	212	2884.41	0	0	0
8506	T	T	2916.33	35.7065	214	214	0	0	0	2916.33
8507	C	C	2928.03	35.6744	208	204	0	2928.03	0	0
8508	G	G	2924.25	35.6798	209	204	0	0	2924.25	0
8509	G	G	2886.65	35.6853	210	203	0	0	2886.65	0
8510	G	G	2905.13	35.6798	209	203	0	0	2905.13	0
8511	A	A	2819.79	35.6633	206	206	2819.79	0	0	0
8512	T	T	2789.19	35.6406	202	202	0	0	0	2789.19
8513	G	G	2807.12	35.8805	202	196	0	0	2807.12	0
8514	G	G	2822.78	36.1384	203	197	0	0	2822.78	0
8515	G	G	2735.62	36.407	203	193	0	0	2735.62	0
8516	C	C	2764.03	36.4151	206	196	0	2764.03	0	0
8517	T	T	2749.27	36.4043	202	202	0	0	0	2749.27
8518	T	T	2728.32	36.6875	199	199	0	0	0	2728.32
8519	C	C	2754.25	36.6844	197	193	0	2754.25	0	0
8520	A	A	2765.64	36.6949	204	204	2765.64	0	0	0
8521	A	A	2849.83	36.706	212	212	2849.83	0	0	0
8522	A	A	2846.79	37	213	213	2846.79	0	0	0
8523	C	C	2827.52	36.7046	211	200	0	2827.52	0	0
8524	T	T	2778.87	36.7005	208	208	0	0	0	2778.87
8525	C	C	2863.45	36.6919	202	199	0	2863.45	0	0
8526	A	A	2679.64	36.6859	198	198	2679.64	0	0	0
8527	A	A	2619.73	36.6765	192	192	2619.73	0	0	0
8528	A	A	2594.22	36.6715	189	189	2594.22	0	0	0
8529	A	A	2610.28	36.6732	190	190	2610.28	0	0	0
8530	T	T	2647.39	36.6732	190	190	0	0	0	2647.39
8531	A	A	2642.67	36.6748	191	191	2642.67	0	0	0
8532	C	C	2640.57	36.6715	189	184	0	2640.57	0	0
8533	G	G	2697.28	36.6748	191	188	0	0	2697.28	0
8534	C	C	2685	36.6797	194	188	0	2685	0	0
8535	T	T	2682.69	36.6813	195	195	0	0	0	2682.69
8536	C	C	2638.55	36.6765	192	186	0	2638.55	0	0
8537	T	T	2607.78	36.6781	193	193	0	0	0	2607.78
8538	G	G	2715.02	36.6797	194	190	0	0	2715.02	0
8539	A	A	2708.73	36.6859	198	198	2708.73	0	0	0
8540	T	T	2698.87	36.6844	197	197	0	0	0	2698.87
8541	T	T	2683.89	36.6828	196	196	0	0	0	2683.89
8542	G	G	2733.85	36.6781	193	190	0	0	2733.85	0
8543	G	G	2672.67	36.6828	196	189	0	0	2672.67	0
8544	A	A	2622.12	36.6859	198	198	2622.12	0	0	0
8545	G	G	2633.05	36.6828	196	186	0	0	2633.05	0
8546	C	C	2655.68	36.3784	193	187	0	2655.68	0	0
8547	C	C	2661.69	36.3724	191	186	0	2661.69	0	0
8548	C	C	2675.55	36.3724	191	187	0	2675.55	0	0
8549	T	T	2577.68	36.3693	190	190	0	0	0	2577.68
8550	A	A	2576.26	36.3599	187	187	2576.26	0	0	0
8551	C	C	2674.16	36.3567	186	185	0	2674.16	0	0
8552	G	G	2573.06	36.3534	185	180	0	0	2573.06	0
8553	A	A	2495.17	36.3469	183	183	2495.17	0	0	0
8554	G	G	2527.33	36.0584	184	178	0	0	2527.33	0
8555	C	C	2683.33	36.0765	188	186	0	2683.33	0	0
8556	C	C	2578.38	36.0675	186	181	0	2578.38	0	0
8557	G	G	2512.25	36.0538	183	177	0	0	2512.25	0
8558	T	T	2486.22	36.0538	183	183	0	0	0	2486.22
8559	A	A	2547.28	36.0675	186	186	2547.28	0	0	0
8560	G	G	2622.72	36.072	187	183	0	0	2622.72	0
8561	C	C	2606.47	35.8021	187	182	0	2606.47	0	0
8562	C	C	2554.2	35.8077	188	180	0	2554.2	0	0
8563	C	C	2637.32	35.8241	191	185	0	2637.32	0	0
8564	A	A	2622.34	35.8241	191	191	2622.34	0	0	0
8565	G	G	2701.38	35.8294	192	188	0	0	2701.38	0
8566	A	A	2649.18	35.84	194	194	2649.18	0	0	0
8567	C	C	2647.72	35.8452	195	186	0	2647.72	0	0
8568	A	A	2668.81	36.1023	194	194	2668.81	0	0	0
8569	A	A	2722.74	36.1106	196	196	2722.74	0	0	0
8570	T	T	2665.53	36.1187	198	198	0	0	0	2665.53
8571	C	C	2735.74	36.1106	196	191	0	2735.74	0	0
8572	T	T	2740.3	36.1306	201	201	0	0	0	2740.3
8573	C	C	2744.59	36.1146	197	192	0	2744.59	0	0
8574	A	A	2668.17	36.1064	195	195	2668.17	0	0	0
8575	T	T	2715.91	36.1187	198	197	0	0	0	2715.91
8576	A	A	2676.87	36.1146	197	197	2676.87	0	0	0
8577	T	T	2714.3	36.1064	195	195	0	0	0	2714.3
8578	G	G	2591.5	36.1023	194	184	0	0	2591.5	0
8579	A	A	2589.11	36.3754	192	192	2589.11	0	0	0
8580	A	A	2550.97	36.3724	191	191	2550.97	0	0	0
8581	G	G	2667.88	36.3693	190	186	0	0	2667.88	0
8582	T	T	2630.71	36.3662	189	189	0	0	0	2630.71
8583	C	C	2581.01	36.3567	186	180	0	2581.01	0	0
8584	A	A	2410.66	36.3368	180	180	2410.66	0	0	0
8585	C	C	2517.68	36.3368	180	176	0	2517.68	0	0
8586	A	A	2472.66	36.3435	182	182	2472.66	0	0	0
8587	T	T	2425.67	37	177	177	0	0	0	2425.67
8588	T	T	2410.96	37	176	176	0	0	0	2410.96
8589	A	A	2440.82	37	174	174	2440.82	0	0	0
8590	G	G	2409.84	37	172	168	0	0	2409.84	0
8591	C	C	2436.33	37	172	169	0	2436.33	0	0
8592	C	C	2365.53	37	173	166	0	2365.53	0	0
8593	A	A	2338.06	37	172	172	2338.06	0	0	0
8594	T	T	2459.75	37	176	176	0	0	0	2459.75
8595	T	T	2414.68	37	175	175	0	0	0	2414.68
8596	A	A	2405.21	37	178	178	2405.21	0	0	0
8597	T	T	2361.01	37	175	175	0	0	0	2361.01
8598	C	C	2397.73	37	176	169	0	2397.73	0	0
8599	C	C	2514.48	37	177	175	0	2514.48	0	0
8600	T	T	2391.44	37	179	179	0	0	0	2391.44
8601	C	C	2422.81	37	177	170	0	2422.81	0	0
8602	C	C	2422.86	37	174	169	0	2422.86	0	0
8603	T	T	2361.95	36.6424	173	173	0	0	0	2361.95
8604	A	A	2264.76	36.6363	170	170	2264.76	0	0	0
8605	T	T	2373.15	36.6424	173	173	0	0	0	2373.15
8606	C	C	2303.2	36.6363	170	162	0	2303.2	0	0
8607	A	A	2190.08	36.6169	161	161	2190.08	0	0	0
8608	G	G	2228.33	36.6191	162	156	0	0	2228.33	0
8609	T	T	2222.82	36.6258	165	165	0	0	0	2222.82
8610	C	C	2276.11	36.6214	163	159	0	2276.11	0	0
8611	C	C	2275.9	36.6236	164	160	0	2275.9	0	0
8612	T	T	2219.29	36.6236	164	164	0	0	0	2219.29
8613	A	A	2183.3	36.6191	162	162	2183.3	0	0	0
8614	C	C	2193.15	36.6099	158	154	0	2193.15	0	0
8615	T	T	2221.91	36.6123	159	159	0	0	0	2221.91
8616	A	A	2161.03	36.6123	159	159	2161.03	0	0	0
8617	A	A	2200.63	36.6169	161	161	2200.63	0	0	0
8618	T	T	2166.65	36.6146	160	160	0	0	0	2166.65
8619	A	A	2238.9	36.6191	162	162	2238.9	0	0	0
8620	A	A	2287.94	36.6258	165	165	2287.94	0	0	0
8621	A	A	2305.43	36.6279	166	166	2305.43	0	0	0
8622	T	T	2229.72	36.6258	165	165	0	0	0	2229.72
8623	G	G	2361.19	36.6322	168	164	0	0	2361.19	0
8624	G	G	2405.59	36.6363	170	167	0	0	2405.59	0
8625	C	C	2307.65	36.6463	175	164	0	2307.65	0	0
8626	T	T	2359.99	37	174	174	0	0	0	2359.99
8627	C	C	2471.97	37	180	174	0	2471.97	0	0
8628	A	A	2533.49	37	180	180	2533.49	0	0	0
8629	T	T	2427.88	37	180	180	0	0	0	2427.88
8630	T	T	2459.35	37	180	180	0	0	0	2459.35
8631	C	C	2512.16	37	184	178	0	2512.16	0	0
8632	A	A	2495.21	37	183	183	2495.21	0	0	0
8633	C	C	2593.44	37	185	181	0	2593.44	0	0
8634	A	A	2449.01	37	183	183	2449.01	0	0	0
8635	C	C	2583.87	37	182	179	0	2583.87	0	0
8636	T	T	2502.41	37	182	182	0	0	0	2502.41
8637	C	C	2604.78	36.6629	184	181	0	2604.78	0	0
8638	T	T	2490.44	36.6647	185	185	0	0	0	2490.44
8639	C	C	2516.45	36.6576	181	176	0	2516.45	0	0
8640	T	T	2438.17	36.6576	181	181	0	0	0	2438.17
8641	A	A	2490.41	36.6539	179	179	2490.41	0	0	0
8642	C	C	2564.94	36.6612	183	179	0	2564.94	0	0
8643	T	T	2527.45	36.6647	185	185	0	0	0	2527.45
8644	T	T	2525.32	36.6699	188	188	0	0	0	2525.32
8645	T	T	2514.7	36.6647	185	185	0	0	0	2514.7
8646	A	A	2570.14	36.6664	186	186	2570.14	0	0	0
8647	A	A	2566.08	36.6664	186	186	2566.08	0	0	0
8648	T	T	2510.21	36.6629	184	184	0	0	0	2510.21
8649	T	T	2603.09	36.6765	192	192	0	0	0	2603.09
8650	A	A	2642.97	36.6781	193	193	2642.97	0	0	0
8651	C	C	2662.03	36.3844	195	187	0	2662.03	0	0
8652	T	T	2612.69	36.3754	192	192	0	0	0	2612.69
8653	A	A	2604.07	36.3784	193	193	2604.07	0	0	0
8654	C	C	2680.77	36.3873	196	188	0	2680.77	0	0
8655	T	T	2633.73	36.3784	193	193	0	0	0	2633.73
8656	C	C	2730.65	36.3844	195	191	0	2730.65	0	0
8657	A	A	2682.43	36.6797	194	194	2682.43	0	0	0
8658	A	A	2697.31	36.6797	194	194	2697.31	0	0	0
8659	G	G	2787.54	36.6828	196	193	0	0	2787.54	0
8660	A	A	2703.39	36.6859	198	198	2703.39	0	0	0
8661	A	A	2740.33	36.6875	199	199	2740.33	0	0	0
8662	C	C	2633.22	36.6919	202	189	0	2633.22	0	0
8663	A	A	2756.22	36.6934	203	203	2756.22	0	0	0
8664	C	C	2889.16	36.6949	204	201	0	2889.16	0	0
8665	C	C	2745.07	36.4015	201	193	0	2745.07	0	0
8666	T	T	2762.4	36.4124	205	205	0	0	0	2762.4
8667	C	C	2901.31	36.4151	206	202	0	2901.31	0	0
8668	T	T	2783.83	36.4178	207	207	0	0	0	2783.83
8669	G	G	2924.09	36.4178	207	204	0	0	2924.09	0
8670	A	A	2837.28	36.4151	206	206	2837.28	0	0	0
8671	C	C	2862.37	36.4178	207	201	0	2862.37	0	0
8672	T	T	2812.45	36.4124	205	205	0	0	0	2812.45
8673	A	A	2831.67	36.4151	206	206	2831.67	0	0	0
8674	A	A	2868.82	36.4151	206	206	2868.82	0	0	0
8675	T	T	2865.34	36.4306	212	212	0	0	0	2865.34
8676	T	T	2839.45	36.1717	212	212	0	0	0	2839.45
8677	T	T	2852.63	35.9362	214	214	0	0	0	2852.63
8678	T	T	2905.08	35.722	217	217	0	0	0	2905.08
8679	C	C	2981.78	35.722	217	209	0	2981.78	0	0
8680	C	C	3070.43	35.7321	219	214	0	3070.43	0	0
8681	C	C	3100.75	35.7371	220	216	0	3100.75	0	0
8682	C	C	3017.24	35.7013	213	210	0	3017.24	0	0
8683	A	A	2969.95	35.7013	213	213	2969.95	0	0	0
8684	C	C	2962.8	35.722	217	209	0	2962.8	0	0
8685	A	A	3079.14	35.7519	223	223	3079.14	0	0	0
8686	T	T	3035.02	35.7421	221	221	0	0	0	3035.02
8687	G	G	3108.73	35.7519	223	217	0	0	3108.73	0
8688	A	A	3059.06	35.7421	221	221	3059.06	0	0	0
8689	C	C	3127.43	35.747	222	217	0	3127.43	0	0
8690	C	C	3177.8	35.5457	224	221	0	3177.8	0	0
8691	T	T	3006.6	35.5119	218	217	0	0	0	3006.6
8692	C	C	3037.09	35.529	221	213	0	3037.09	0	0
8693	T	T	3086.4	35.5567	226	226	0	0	0	3086.4
8694	G	G	3095	35.3506	225	217	0	0	3095	0
8695	G	G	3098.9	35.3259	221	216	0	0	3098.9	0
8696	C	C	3107.5	35.7321	219	216	0	3107.5	0	0
8697	C	C	3021.15	35.7371	220	212	0	3021.15	0	0
8698	A	A	2956.96	35.7065	214	214	2956.96	0	0	0
8699	T	T	3023.17	35.7117	215	215	0	0	0	3023.17
8700	A	A	2926.06	35.7013	213	213	2926.06	0	0	0
8701	A	A	2916.02	35.7065	214	214	2916.02	0	0	0
8702	T	T	3016.69	35.722	217	217	0	0	0	3016.69
8703	A	A	2931.21	35.722	217	217	2931.21	0	0	0
8704	T	T	2975.24	35.9536	218	218	0	0	0	2975.24
8705	G	G	2956.65	35.7371	220	210	0	0	2956.65	0
8706	A	A	2827.97	35.7013	213	213	2827.97	0	0	0
8707	T	T	2921.21	35.7117	215	215	0	0	0	2921.21
8708	T	T	2880.17	35.6906	211	211	0	0	0	2880.17
8709	T	T	2887.47	35.7065	214	214	0	0	0	2887.47
8710	A	A	2820.53	35.9362	214	214	2820.53	0	0	0
8711	T	T	2771.64	35.8902	204	204	0	0	0	2771.64
8712	T	T	2831.67	35.6744	208	208	0	0	0	2831.67
8713	T	T	2818.22	35.6744	208	208	0	0	0	2818.22
8714	C	C	2843.62	35.4327	205	199	0	2843.62	0	0
8715	C	C	2717.2	35.3932	199	191	0	2717.2	0	0
8716	A	A	2722.03	35.3864	198	198	2722.03	0	0	0
8717	C	C	2864.53	35.4066	201	199	0	2864.53	0	0
8718	T	T	2770.49	35.3999	200	200	0	0	0	2770.49
8719	C	C	2790.25	35.3796	197	194	0	2790.25	0	0
8720	T	T	2720.38	35.3932	199	199	0	0	0	2720.38
8721	A	A	2767.91	35.1898	201	201	2767.91	0	0	0
8722	G	G	2687.95	35.1898	201	191	0	0	2687.95	0
8723	C	C	2820.11	35.2116	204	198	0	2820.11	0	0
8724	A	A	2759.59	35.1971	202	202	2759.59	0	0	0
8725	G	G	2880.26	35.2044	203	200	0	0	2880.26	0
8726	A	A	2710.04	35.4132	202	201	2710.04	0	0	0
8727	A	A	2701.28	35.6289	200	200	2701.28	0	0	0
8728	A	A	2680.58	35.6348	201	201	2680.58	0	0	0
8729	C	C	2863.49	35.6577	205	200	0	2863.49	0	0
8730	T	T	2742.53	35.6348	201	201	0	0	0	2742.53
8731	A	A	2721.6	35.6348	201	201	2721.6	0	0	0
8732	A	A	2713.92	35.6289	200	200	2713.92	0	0	0
8733	C	C	2715.82	35.6171	198	191	0	2715.82	0	0
8734	C	C	2767.22	35.605	196	193	0	2767.22	0	0
8735	G	G	2798.38	35.6289	200	195	0	0	2798.38	0
8736	A	A	2717.29	35.8657	199	199	2717.29	0	0	0
8737	G	G	2919.29	35.9044	207	203	0	0	2919.29	0
8738	C	C	2813.28	35.9044	207	198	0	2813.28	0	0
8739	C	C	2906.48	35.6906	211	204	0	2906.48	0	0
8740	C	C	2823.94	35.6906	211	200	0	2823.94	0	0
8741	C	C	2848.72	35.9137	209	202	0	2848.72	0	0
8742	T	T	2870.39	35.9183	210	210	0	0	0	2870.39
8743	T	T	2823.39	35.8997	206	206	0	0	0	2823.39
8744	T	T	2830.96	35.8902	204	204	0	0	0	2830.96
8745	T	T	2817.69	35.6406	202	202	0	0	0	2817.69
8746	G	G	2864.2	35.4197	203	199	0	0	2864.2	0
8747	A	A	2816.3	35.4197	203	203	2816.3	0	0	0
8748	C	C	2799.16	35.4262	204	196	0	2799.16	0	0
8749	C	C	2871.13	35.4132	202	200	0	2871.13	0	0
8750	T	T	2808.74	35.4262	204	204	0	0	0	2808.74
8751	A	A	2800.52	35.4262	204	204	2800.52	0	0	0
8752	G	G	2855.12	35.4262	204	199	0	0	2855.12	0
8753	C	C	2860.74	35.4262	204	199	0	2860.74	0	0
8754	A	A	2735.43	35.6348	201	201	2735.43	0	0	0
8755	G	G	2706.2	35.6111	197	190	0	0	2706.2	0
8756	A	A	2688.42	35.6111	197	197	2688.42	0	0	0
8757	A	A	2665.79	35.605	196	196	2665.79	0	0	0
8758	G	G	2750.51	35.605	196	192	0	0	2750.51	0
8759	G	G	2703.33	35.5989	195	190	0	0	2703.33	0
8760	A	A	2629.38	35.8452	195	195	2629.38	0	0	0
8761	G	G	2703.05	35.8556	197	190	0	0	2703.05	0
8762	A	A	2660.32	36.1146	197	197	2660.32	0	0	0
8763	G	G	2710.54	36.0981	193	189	0	0	2710.54	0
8764	T	T	2628.99	36.0981	193	193	0	0	0	2628.99
8765	C	C	2623.74	36.0896	191	184	0	2623.74	0	0
8766	A	A	2560.61	36.0896	191	191	2560.61	0	0	0
8767	G	G	2671.78	35.8348	193	187	0	0	2671.78	0
8768	A	A	2513.16	35.8021	187	187	2513.16	0	0	0
8769	A	A	2514.44	35.8186	190	190	2514.44	0	0	0
8770	T	T	2591.09	36.0675	186	186	0	0	0	2591.09
8771	T	T	2481.52	36.03	178	178	0	0	0	2481.52
8772	A	A	2387.32	36.0348	179	179	2387.32	0	0	0
8773	G	G	2406.65	36.0151	175	169	0	0	2406.65	0
8774	T	T	2409.84	36.3228	176	176	0	0	0	2409.84
8775	C	C	2470.55	36.3228	176	172	0	2470.55	0	0
8776	T	T	2389.79	36.3192	175	175	0	0	0	2389.79
8777	C	C	2362.73	36.3083	172	166	0	2362.73	0	0
8778	A	A	2421.25	36.3156	174	174	2421.25	0	0	0
8779	G	G	2420.89	36.3156	174	169	0	0	2420.89	0
8780	G	G	2366.09	36.3083	172	166	0	0	2366.09	0
8781	T	T	2382.27	36.312	173	173	0	0	0	2382.27
8782	T	T	2420.84	36.3299	178	178	0	0	0	2420.84
8783	T	T	2445.93	36.3264	177	177	0	0	0	2445.93
8784	C	C	2436.28	36.01	174	170	0	2436.28	0	0
8785	A	A	2404.81	36.0201	176	176	2404.81	0	0	0
8786	A	A	2433.57	36.0251	177	177	2433.57	0	0	0
8787	C	C	2471.05	36.0201	176	172	0	2471.05	0	0
8788	G	G	2402.5	35.7246	174	168	0	0	2402.5	0
8789	T	T	2422.84	35.7616	180	180	0	0	0	2422.84
8790	C	C	2447.96	36.03	178	172	0	2447.96	0	0
8791	G	G	2518.42	36.0348	179	176	0	0	2518.42	0
8792	A	A	2459.4	36.0444	181	181	2459.4	0	0	0
8793	G	G	2486.05	36.0397	180	174	0	0	2486.05	0
8794	T	T	2459.22	36.0538	183	183	0	0	0	2459.22
8795	A	A	2486.31	36.3469	183	183	2486.31	0	0	0
8796	C	C	2543.85	36.3469	183	178	0	2543.85	0	0
8797	G	G	2438.43	36.3502	184	174	0	0	2438.43	0
8798	C	C	2417.92	36.3402	181	172	0	2417.92	0	0
8799	A	A	2464.6	36.3435	182	182	2464.6	0	0	0
8800	G	G	2360.42	36.3299	178	168	0	0	2360.42	0
8801	C	C	2408.01	36.3228	176	170	0	2408.01	0	0
8802	A	A	2431.24	36.6501	177	177	2431.24	0	0	0
8803	G	G	2508.73	36.6594	182	177	0	0	2508.73	0
8804	G	G	2581.54	36.6612	183	180	0	0	2581.54	0
8805	C	C	2511.06	36.6594	182	176	0	2511.06	0	0
8806	C	C	2490.96	36.6557	180	175	0	2490.96	0	0
8807	C	C	2556.76	36.6576	181	178	0	2556.76	0	0
8808	A	A	2493.14	36.6576	181	181	2493.14	0	0	0
8809	T	T	2493.07	36.6576	181	181	0	0	0	2493.07
8810	T	T	2476.21	36.6539	179	179	0	0	0	2476.21
8811	C	C	2556.31	36.6539	179	177	0	2556.31	0	0
8812	G	G	2556.58	36.6576	181	178	0	0	2556.58	0
8813	C	C	2540.27	36.6612	183	178	0	2540.27	0	0
8814	C	C	2574.1	36.6612	183	179	0	2574.1	0	0
8815	T	T	2450.76	36.6576	181	181	0	0	0	2450.76
8816	T	T	2481.06	36.6594	182	182	0	0	0	2481.06
8817	A	A	2428.73	36.652	178	178	2428.73	0	0	0
8818	T	T	2446.1	36.6501	177	177	0	0	0	2446.1
8819	T	T	2472.33	36.6539	179	179	0	0	0	2472.33
8820	T	T	2486.73	36.6576	181	181	0	0	0	2486.73
8821	T	T	2431.89	36.6482	176	176	0	0	0	2431.89
8822	T	T	2406.91	36.6463	175	175	0	0	0	2406.91
8823	C	C	2423.03	36.6443	174	169	0	2423.03	0	0
8824	T	T	2373.74	36.6363	170	170	0	0	0	2373.74
8825	T	T	2403.85	36.6424	173	173	0	0	0	2403.85
8826	A	A	2394.11	36.652	178	178	2394.11	0	0	0
8827	G	G	2519.02	36.6501	177	175	0	0	2519.02	0
8828	C	C	2497.72	36.6539	179	174	0	2497.72	0	0
8829	A	A	2401.35	36.6501	177	177	2401.35	0	0	0
8830	G	G	2443.57	36.6501	177	171	0	0	2443.57	0
8831	A	A	2475.41	36.6501	177	177	2475.41	0	0	0
8832	A	A	2463.67	37	177	177	2463.67	0	0	0
8833	T	T	2446.71	37	178	178	0	0	0	2446.71
8834	A	A	2453.49	36.6501	177	177	2453.49	0	0	0
8835	C	C	2577.25	36.3599	187	181	0	2577.25	0	0
8836	A	A	2634.67	36.3814	194	194	2634.67	0	0	0
8837	C	C	2578.09	36.3754	192	183	0	2578.09	0	0
8838	C	C	2662.38	36.0938	192	187	0	2662.38	0	0
8839	A	A	2650.26	36.1064	195	195	2650.26	0	0	0
8840	A	A	2635.29	36.0938	192	192	2635.29	0	0	0
8841	C	C	2638.27	36.0981	193	185	0	2638.27	0	0
8842	A	A	2654.19	36.0896	191	191	2654.19	0	0	0
8843	T	T	2628.98	36.0938	192	192	0	0	0	2628.98
8844	T	T	2662.78	36.1146	197	197	0	0	0	2662.78
8845	A	A	2801.33	36.1267	200	200	2801.33	0	0	0
8846	T	T	2756.77	36.146	205	205	0	0	0	2756.77
8847	T	T	2745.53	36.1422	204	204	0	0	0	2745.53
8848	A	A	2827.55	36.146	205	205	2827.55	0	0	0
8849	T	T	2826.59	36.146	205	205	0	0	0	2826.59
8850	A	A	2719.9	36.1267	200	200	2719.9	0	0	0
8851	A	A	2729.38	36.1267	200	200	2729.38	0	0	0
8852	T	T	2817.71	36.1422	204	204	0	0	0	2817.71
8853	A	A	2790.42	36.1535	207	207	2790.42	0	0	0
8854	A	A	2778.93	36.1572	208	208	2778.93	0	0	0
8855	A	A	2841.38	36.1535	207	207	2841.38	0	0	0
8856	T	T	2793.2	36.1609	209	209	0	0	0	2793.2
8857	G	G	2870.56	36.4178	207	201	0	0	2870.56	0
8858	C	C	2821.61	36.4151	206	198	0	2821.61	0	0
8859	C	C	2755.61	36.3987	200	193	0	2755.61	0	0
8860	C	C	2848.49	36.4151	206	200	0	2848.49	0	0
8861	T	T	2809.41	36.146	205	205	0	0	0	2809.41
8862	C	C	2912.16	36.1535	207	203	0	2912.16	0	0
8863	A	A	2829.86	36.1535	207	207	2829.86	0	0	0
8864	C	C	2879.19	36.1752	213	203	0	2879.19	0	0
8865	G	G	2956.3	36.1787	214	207	0	0	2956.3	0
8866	A	A	2844.13	36.1752	213	213	2844.13	0	0	0
8867	C	C	2926.69	36.1609	209	204	0	2926.69	0	0
8868	T	T	2843.79	36.1609	209	209	0	0	0	2843.79
8869	A	A	2804.94	36.1535	207	207	2804.94	0	0	0
8870	T	T	2824.43	36.1572	208	208	0	0	0	2824.43
8871	C	C	2891.71	35.9091	208	202	0	2891.71	0	0
8872	C	C	2962.33	35.9137	209	206	0	2962.33	0	0
8873	T	T	2796.77	36.1535	207	207	0	0	0	2796.77
8874	A	A	2861.72	36.1572	208	208	2861.72	0	0	0
8875	T	T	2787.89	36.146	205	205	0	0	0	2787.89
8876	T	T	2795.29	36.1384	203	203	0	0	0	2795.29
8877	C	C	2851.87	36.1498	206	199	0	2851.87	0	0
8878	T	T	2810.89	36.1306	201	201	0	0	0	2810.89
8879	T	T	2845.15	36.1422	204	204	0	0	0	2845.15
8880	T	T	2889.23	36.1498	206	206	0	0	0	2889.23
8881	G	G	2770.18	36.1306	201	195	0	0	2770.18	0
8882	G	G	2870.64	36.1306	201	199	0	0	2870.64	0
8883	A	A	2786.66	36.1384	203	203	2786.66	0	0	0
8884	G	G	2832.65	36.1306	201	198	0	0	2832.65	0
8885	C	C	2786.31	36.1227	199	195	0	2786.31	0	0
8886	A	A	2705.25	36.3931	198	198	2705.25	0	0	0
8887	T	T	2725.16	36.6844	197	197	0	0	0	2725.16
8888	T	T	2767.23	36.689	200	200	0	0	0	2767.23
8889	T	T	2716.84	36.6844	197	197	0	0	0	2716.84
8890	C	C	2736.86	36.3987	200	192	0	2736.86	0	0
8891	A	A	2690.01	36.3931	198	198	2690.01	0	0	0
8892	T	T	2679.64	36.3902	197	197	0	0	0	2679.64
8893	A	A	2693.53	36.3814	194	194	2693.53	0	0	0
8894	A	A	2735.82	36.1187	198	198	2735.82	0	0	0
8895	C	C	2730.72	36.1187	198	191	0	2730.72	0	0
8896	C	C	2696.29	36.1146	197	190	0	2696.29	0	0
8897	C	C	2708.27	35.8606	198	191	0	2708.27	0	0
8898	C	C	2809.85	35.8756	201	196	0	2809.85	0	0
8899	T	T	2753.56	35.8805	202	202	0	0	0	2753.56
8900	A	A	2693.95	35.8707	200	200	2693.95	0	0	0
8901	C	C	2760.27	35.8606	198	193	0	2760.27	0	0
8902	A	A	2744.58	35.8756	201	201	2744.58	0	0	0
8903	T	T	2683.32	35.84	194	194	0	0	0	2683.32
8904	A	A	2642.67	35.8348	193	193	2642.67	0	0	0
8905	C	C	2637.32	35.8241	191	185	0	2637.32	0	0
8906	C	C	2701.19	35.8348	193	188	0	2701.19	0	0
8907	A	A	2625.08	35.8348	193	193	2625.08	0	0	0
8908	G	G	2650.41	35.8348	193	187	0	0	2650.41	0
8909	A	A	2550.65	35.8186	190	189	2550.65	0	0	0
8910	A	A	2552.93	35.8021	187	187	2552.93	0	0	0
8911	C	C	2621.42	35.8132	189	184	0	2621.42	0	0
8912	T	T	2613.54	35.8241	191	191	0	0	0	2613.54
8913	A	A	2565.32	35.8186	190	190	2565.32	0	0	0
8914	T	T	2558.21	35.8132	189	189	0	0	0	2558.21
8915	A	A	2562.08	35.7908	185	185	2562.08	0	0	0
8916	C	C	2604.79	35.8077	188	183	0	2604.79	0	0
8917	A	A	2585.97	35.8241	191	191	2585.97	0	0	0
8918	C	C	2696.3	35.8294	192	188	0	2696.3	0	0
8919	T	T	2594.33	35.8294	192	192	0	0	0	2594.33
8920	G	G	2735.22	35.8556	197	191	0	0	2735.22	0
8921	T	T	2611.48	36.6797	194	194	0	0	0	2611.48
8922	C	C	2649.14	36.6765	192	186	0	2649.14	0	0
8923	A	A	2757.35	37	199	199	2757.35	0	0	0
8924	A	A	2759.62	37	199	199	2759.62	0	0	0
8925	C	C	2834.03	37	202	198	0	2834.03	0	0
8926	T	T	2730.26	37	202	202	0	0	0	2730.26
8927	T	T	2779.61	37	207	207	0	0	0	2779.61
8928	C	C	2892.06	37	203	201	0	2892.06	0	0
8929	A	A	2825.35	36.6949	204	204	2825.35	0	0	0
8930	C	C	2926.53	36.706	212	205	0	2926.53	0	0
8931	T	T	2827.1	36.7005	208	208	0	0	0	2827.1
8932	G	G	2859.31	36.7005	208	201	0	0	2859.31	0
8933	T	T	2804.54	36.6977	206	206	0	0	0	2804.54
8934	A	A	2838.64	36.6991	207	207	2838.64	0	0	0
8935	A	A	2850.34	36.7033	210	210	2850.34	0	0	0
8936	A	A	2853.34	36.423	209	209	2853.34	0	0	0
8937	A	A	2880.58	36.4331	213	213	2880.58	0	0	0
8938	A	A	2851.48	36.4331	213	213	2851.48	0	0	0
8939	C	C	2905.96	36.423	209	203	0	2905.96	0	0
8940	A	A	2847.63	36.1645	210	210	2847.63	0	0	0
8941	C	C	2930.51	36.1572	208	204	0	2930.51	0	0
8942	T	T	2831.92	36.146	205	205	0	0	0	2831.92
8943	C	C	2826.34	36.146	205	198	0	2826.34	0	0
8944	C	C	2823.78	36.1345	202	197	0	2823.78	0	0
8945	T	T	2812.4	36.1422	204	204	0	0	0	2812.4
8946	C	C	2805.38	36.1146	197	195	0	2805.38	0	0
8947	C	C	2761.85	36.1106	196	192	0	2761.85	0	0
8948	T	T	2671.84	36.0981	193	193	0	0	0	2671.84
8949	A	A	2665.75	36.0981	193	193	2665.75	0	0	0
8950	A	A	2672.87	36.1064	195	195	2672.87	0	0	0
8951	C	C	2690.94	36.0809	189	187	0	2690.94	0	0
8952	A	A	2619.58	36.0896	191	191	2619.58	0	0	0
8953	G	G	2661.99	36.0981	193	187	0	0	2661.99	0
8954	C	C	2714.92	36.1064	195	190	0	2714.92	0	0
8955	T	T	2639.81	36.0852	190	190	0	0	0	2639.81
8956	T	T	2585.3	36.0809	189	189	0	0	0	2585.3
8957	C	C	2649.94	36.3784	193	187	0	2649.94	0	0
8958	T	T	2651.93	36.6828	196	196	0	0	0	2651.93
8959	T	T	2630.17	36.6828	196	196	0	0	0	2630.17
8960	T	T	2624.71	36.6828	196	196	0	0	0	2624.71
8961	C	C	2647.87	36.6715	189	185	0	2647.87	0	0
8962	C	C	2706.57	36.6797	194	190	0	2706.57	0	0
8963	T	T	2688.38	36.6844	197	197	0	0	0	2688.38
8964	A	A	2748.1	36.689	200	200	2748.1	0	0	0
8965	T	T	2791.9	36.7005	208	208	0	0	0	2791.9
8966	G	G	2888.88	36.6991	207	203	0	0	2888.88	0
8967	A	A	2801.87	36.6919	202	202	2801.87	0	0	0
8968	A	A	2777.3	36.6905	201	201	2777.3	0	0	0
8969	T	T	2781.87	36.4124	205	205	0	0	0	2781.87
8970	C	C	2875.47	36.4204	208	202	0	2875.47	0	0
8971	C	C	2843.06	36.1535	207	200	0	2843.06	0	0
8972	G	G	2848.05	36.1498	206	200	0	0	2848.05	0
8973	C	C	2794.02	36.1384	203	196	0	2794.02	0	0
8974	G	G	2820.5	36.1345	202	197	0	0	2820.5	0
8975	C	C	2789.75	35.8606	198	194	0	2789.75	0	0
8976	A	A	2747.79	35.8854	203	203	2747.79	0	0	0
8977	T	T	2804.8	35.8805	202	202	0	0	0	2804.8
8978	C	C	2773.36	35.6171	198	193	0	2773.36	0	0
8979	A	A	2694.59	35.605	196	196	2694.59	0	0	0
8980	T	T	2685.92	35.5927	194	194	0	0	0	2685.92
8981	A	A	2672.04	35.5865	193	193	2672.04	0	0	0
8982	C	C	2743.68	35.605	196	191	0	2743.68	0	0
8983	C	C	2801.33	35.8504	196	194	0	2801.33	0	0
8984	C	C	2747.24	35.8294	192	190	0	2747.24	0	0
8985	T	T	2634.45	35.8077	188	188	0	0	0	2634.45
8986	C	C	2667.35	35.8132	189	185	0	2667.35	0	0
8987	G	G	2538.62	35.8077	188	179	0	0	2538.62	0
8988	A	A	2475.53	35.8021	187	187	2475.53	0	0	0
8989	T	T	2549.68	36.072	187	187	0	0	0	2549.68
8990	T	T	2573.9	36.0896	191	191	0	0	0	2573.9
8991	C	C	2590.16	35.8186	190	182	0	2590.16	0	0
8992	C	C	2564.13	35.84	194	182	0	2564.13	0	0
8993	G	G	2634.07	35.8077	188	184	0	0	2634.07	0
8994	A	A	2574.44	35.8132	189	189	2574.44	0	0	0
8995	T	T	2555.92	35.8021	187	187	0	0	0	2555.92
8996	A	A	2565.32	35.7965	186	186	2565.32	0	0	0
8997	C	C	2589.8	36.0809	189	182	0	2589.8	0	0
8998	G	G	2728.75	36.1023	194	190	0	0	2728.75	0
8999	A	A	2733.85	36.3902	197	197	2733.85	0	0	0
9000	C	C	2782.24	36.3902	197	194	0	2782.24	0	0
9001	C	C	2827.13	36.3959	199	197	0	2827.13	0	0
9002	A	A	2770.06	36.4015	201	201	2770.06	0	0	0
9003	A	A	2797.18	36.4124	205	205	2797.18	0	0	0
9004	C	C	2737.57	36.3959	199	192	0	2737.57	0	0
9005	T	T	2754.71	36.3902	197	197	0	0	0	2754.71
9006	A	A	2648.17	36.3784	193	193	2648.17	0	0	0
9007	A	A	2624.64	36.3784	193	193	2624.64	0	0	0
9008	T	T	2709.75	36.3724	191	191	0	0	0	2709.75
9009	A	A	2608.96	36.3754	192	192	2608.96	0	0	0
9010	C	C	2694.4	36.3754	192	188	0	2694.4	0	0
9011	A	A	2640.74	36.3814	194	194	2640.74	0	0	0
9012	C	C	2740.14	36.3844	195	191	0	2740.14	0	0
9013	C	C	2662.65	36.3844	195	188	0	2662.65	0	0
9014	T	T	2593.08	36.6732	190	190	0	0	0	2593.08
9015	G	G	2596.41	36.6715	189	182	0	0	2596.41	0
9016	C	C	2693.48	36.6748	191	187	0	2693.48	0	0
9017	T	T	2635	36.6813	195	195	0	0	0	2635
9018	A	A	2629.16	36.6748	191	191	2629.16	0	0	0
9019	T	T	2586.44	36.6765	192	192	0	0	0	2586.44
9020	G	G	2711.59	36.6797	194	189	0	0	2711.59	0
9021	A	A	2679.63	36.6781	193	193	2679.63	0	0	0
9022	A	A	2707.83	36.6813	195	195	2707.83	0	0	0
9023	A	A	2700.71	36.6813	195	195	2700.71	0	0	0
9024	A	A	2699.91	36.6828	196	196	2699.91	0	0	0
9025	A	A	2668.6	36.6781	193	193	2668.6	0	0	0
9026	A	A	2648.85	36.6765	192	192	2648.85	0	0	0
9027	T	T	2686.83	36.6765	192	192	0	0	0	2686.83
9028	T	T	2689.89	36.6813	195	195	0	0	0	2689.89
9029	T	T	2695.08	36.6813	195	195	0	0	0	2695.08
9030	C	C	2761.29	36.3873	196	192	0	2761.29	0	0
9031	C	C	2829.63	36.3902	197	196	0	2829.63	0	0
9032	T	T	2671.16	36.1227	199	199	0	0	0	2671.16
9033	A	A	2663.22	36.1187	198	198	2663.22	0	0	0
9034	C	C	2752.35	36.1146	197	192	0	2752.35	0	0
9035	C	C	2870.19	36.1384	203	200	0	2870.19	0	0
9036	C	C	2778.22	36.1227	199	194	0	2778.22	0	0
9037	C	C	2754.18	36.1306	201	194	0	2754.18	0	0
9038	T	T	2647.27	36.1064	195	195	0	0	0	2647.27
9039	C	C	2729.1	36.1227	199	192	0	2729.1	0	0
9040	A	A	2749.05	36.1267	200	200	2749.05	0	0	0
9041	C	C	2805.55	36.1422	204	197	0	2805.55	0	0
9042	A	A	2822.99	36.1306	201	201	2822.99	0	0	0
9043	C	C	2811.93	36.1422	204	197	0	2811.93	0	0
9044	T	T	2800.57	36.1609	209	209	0	0	0	2800.57
9045	G	G	2891.88	36.1609	209	203	0	0	2891.88	0
9046	G	G	2937.8	36.1645	210	206	0	0	2937.8	0
9047	C	C	3013.55	35.7271	218	211	0	3013.55	0	0
9048	C	C	2897.77	35.722	217	206	0	2897.77	0	0
9049	C	C	2990.26	35.7271	218	210	0	2990.26	0	0
9050	T	T	2913.18	35.7013	213	213	0	0	0	2913.18
9051	G	G	3154.28	35.7371	220	218	0	0	3154.28	0
9052	T	T	3031.33	35.7371	220	220	0	0	0	3031.33
9053	G	G	3147.88	35.7519	223	219	0	0	3147.88	0
9054	C	C	3184.2	35.7663	226	222	0	3184.2	0	0
9055	A	A	3069.75	35.7616	225	225	3069.75	0	0	0
9056	T	T	3058.36	35.7421	221	221	0	0	0	3058.36
9057	G	G	3005.4	35.722	217	210	0	0	3005.4	0
9058	T	T	3035.8	35.7169	216	216	0	0	0	3035.8
9059	G	G	3014.97	35.7321	219	212	0	0	3014.97	0
9060	A	A	2863.06	35.7169	216	216	2863.06	0	0	0
9061	C	C	3003.86	35.722	217	210	0	3003.86	0	0
9062	A	A	2915.21	35.529	221	221	2915.21	0	0	0
9063	T	T	2884.61	35.4884	214	214	0	0	0	2884.61
9064	G	G	2835.41	35.4641	210	200	0	0	2835.41	0
9065	T	T	2790.74	35.652	204	204	0	0	0	2790.74
9066	A	A	2695.52	35.8657	199	199	2695.52	0	0	0
9067	A	A	2714.93	35.8707	200	200	2714.93	0	0	0
9068	C	C	2735.34	36.1146	197	191	0	2735.34	0	0
9069	A	A	2706.93	36.1023	194	194	2706.93	0	0	0
9070	C	C	2647.88	35.8556	197	189	0	2647.88	0	0
9071	T	T	2702.97	35.8707	200	200	0	0	0	2702.97
9072	A	A	2775.84	35.8756	201	201	2775.84	0	0	0
9073	C	C	2873.81	35.8997	206	201	0	2873.81	0	0
9074	C	C	2836.39	35.8805	202	198	0	2836.39	0	0
9075	C	C	2864.93	35.8854	203	199	0	2864.93	0	0
9076	A	A	2711.54	35.8756	201	201	2711.54	0	0	0
9077	T	T	2757.14	35.8657	199	199	0	0	0	2757.14
9078	T	T	2746.88	35.8556	197	197	0	0	0	2746.88
9079	A	A	2664.63	35.8504	196	196	2664.63	0	0	0
9080	T	T	2725.51	36.1146	197	197	0	0	0	2725.51
9081	C	C	2753.33	36.1146	197	192	0	2753.33	0	0
9082	A	A	2647.2	36.1023	194	194	2647.2	0	0	0
9083	C	C	2688.34	36.1106	196	189	0	2688.34	0	0
9084	A	A	2584.65	36.3754	192	192	2584.65	0	0	0
9085	G	G	2486.42	36.3662	189	178	0	0	2486.42	0
9086	C	C	2636.54	36.363	188	183	0	2636.54	0	0
9087	A	A	2585.33	36.3693	190	190	2585.33	0	0	0
9088	A	A	2606.83	36.363	188	188	2606.83	0	0	0
9089	G	G	2666.07	36.6699	188	185	0	0	2666.07	0
9090	C	C	2628.14	36.6765	192	185	0	2628.14	0	0
9091	A	A	2625.79	36.6682	187	187	2625.79	0	0	0
9092	T	T	2590.62	36.6715	189	189	0	0	0	2590.62
9093	T	T	2631.35	36.6732	190	190	0	0	0	2631.35
9094	C	C	2634.85	36.6732	190	184	0	2634.85	0	0
9095	C	C	2696.52	36.6732	190	187	0	2696.52	0	0
9096	T	T	2677.57	36.6844	197	197	0	0	0	2677.57
9097	C	C	2685.23	36.6699	188	186	0	2685.23	0	0
9098	C	C	2635.82	36.6732	190	185	0	2635.82	0	0
9099	T	T	2601.79	36.6732	190	190	0	0	0	2601.79
9100	C	C	2668.55	36.6748	191	186	0	2668.55	0	0
9101	A	A	2678.25	36.6844	197	197	2678.25	0	0	0
9102	A	A	2695.97	36.6859	198	198	2695.97	0	0	0
9103	A	A	2721.81	36.6875	199	199	2721.81	0	0	0
9104	T	T	2633.59	36.6859	198	198	0	0	0	2633.59
9105	A	A	2674.7	36.6828	196	196	2674.7	0	0	0
9106	T	T	2680.37	36.6844	197	197	0	0	0	2680.37
9107	A	A	2681.14	36.6844	197	197	2681.14	0	0	0
9108	A	A	2661.46	36.6844	197	196	2661.46	0	0	0
9109	G	G	2733.27	36.6781	193	190	0	0	2733.27	0
9110	A	A	2660.05	36.6797	194	194	2660.05	0	0	0
9111	A	A	2738.95	36.6859	198	198	2738.95	0	0	0
9112	A	A	2715.16	36.6875	199	198	2715.16	0	0	0
9113	T	T	2716.99	36.6934	203	203	0	0	0	2716.99
9114	A	A	2806.65	36.689	200	200	2806.65	0	0	0
9115	T	T	2698.38	36.6859	198	198	0	0	0	2698.38
9116	G	G	2842.08	36.6934	203	198	0	0	2842.08	0
9117	T	T	2767.67	36.6934	203	203	0	0	0	2767.67
9118	C	C	2923	36.6963	205	203	0	2923	0	0
9119	T	T	2829.9	36.6949	204	204	0	0	0	2829.9
9120	G	G	2950.72	36.7005	208	205	0	0	2950.72	0
9121	A	A	2821.35	36.7005	208	208	2821.35	0	0	0
9122	C	C	2851.49	36.7005	208	200	0	2851.49	0	0
9123	A	A	2774.82	36.6963	205	205	2774.82	0	0	0
9124	A	A	2793.2	36.6977	206	206	2793.2	0	0	0
9125	A	A	2730.1	36.689	200	200	2730.1	0	0	0
9126	A	A	2678.57	36.6875	199	199	2678.57	0	0	0
9127	G	G	2669.18	36.6765	192	187	0	0	2669.18	0
9128	A	A	2597.52	36.6732	190	190	2597.52	0	0	0
9129	A	A	2548.29	36.6732	190	190	2548.29	0	0	0
9130	T	T	2651.18	36.6715	189	189	0	0	0	2651.18
9131	T	T	2589.2	36.6647	185	185	0	0	0	2589.2
9132	A	A	2440.52	37	183	183	2440.52	0	0	0
9133	C	C	2560.29	37	186	180	0	2560.29	0	0
9134	T	T	2497.9	37	181	181	0	0	0	2497.9
9135	T	T	2457.8	37	178	178	0	0	0	2457.8
9136	T	T	2429.7	37	178	178	0	0	0	2429.7
9137	G	G	2388.71	37	171	167	0	0	2388.71	0
9138	A	A	2335.76	37	170	170	2335.76	0	0	0
9139	T	T	2313.97	37	170	170	0	0	0	2313.97
9140	A	A	2356.1	37	172	172	2356.1	0	0	0
9141	G	G	2458.36	37	174	171	0	0	2458.36	0
9142	A	A	2353.89	37	175	175	2353.89	0	0	0
9143	G	G	2457.21	37	177	172	0	0	2457.21	0
9144	T	T	2430.89	37	181	181	0	0	0	2430.89
9145	A	A	2365.88	37	176	176	2365.88	0	0	0
9146	A	A	2378.61	37	175	175	2378.61	0	0	0
9147	A	A	2398.48	37	177	177	2398.48	0	0	0
9148	T	T	2330.23	37	176	175	0	0	0	2330.23
9149	A	A	2460.99	37	178	178	2460.99	0	0	0
9150	A	A	2447.25	37	178	178	2447.25	0	0	0
9151	T	T	2395.14	37	179	179	0	0	0	2395.14
9152	A	A	2464.04	37	179	179	2464.04	0	0	0
9153	G	G	2541.4	37	181	177	0	0	2541.4	0
9154	A	A	2516.04	37	185	185	2516.04	0	0	0
9155	G	G	2578.95	37	186	180	0	0	2578.95	0
9156	G	G	2565.8	37	185	180	0	0	2565.8	0
9157	T	T	2505.47	37	185	185	0	0	0	2505.47
9158	T	T	2522.08	37	186	186	0	0	0	2522.08
9159	A	A	2473.57	37	182	182	2473.57	0	0	0
9160	G	G	2566.92	36.6682	187	180	0	0	2566.92	0
9161	A	A	2545.2	36.6715	189	189	2545.2	0	0	0
9162	A	A	2515.44	36.6682	187	187	2515.44	0	0	0
9163	T	T	2483.97	36.6594	182	182	0	0	0	2483.97
9164	C	C	2546.4	36.6612	183	179	0	2546.4	0	0
9165	C	C	2470.01	36.6629	184	174	0	2470.01	0	0
9166	T	T	2479.33	36.652	178	178	0	0	0	2479.33
9167	C	C	2479.03	36.6501	177	173	0	2479.03	0	0
9168	T	T	2465.73	36.6482	176	176	0	0	0	2465.73
9169	T	T	2489.9	36.6482	176	176	0	0	0	2489.9
9170	A	A	2479.46	36.6594	182	182	2479.46	0	0	0
9171	T	T	2469.33	36.6539	179	179	0	0	0	2469.33
9172	T	T	2488.07	36.6594	182	182	0	0	0	2488.07
9173	T	T	2477.44	36.6557	180	180	0	0	0	2477.44
9174	C	C	2503.1	36.6612	183	176	0	2503.1	0	0
9175	T	T	2440.74	36.6501	177	177	0	0	0	2440.74
9176	A	A	2466.72	36.6539	179	179	2466.72	0	0	0
9177	G	G	2534.75	36.652	178	176	0	0	2534.75	0
9178	A	A	2449.71	36.652	178	177	2449.71	0	0	0
9179	A	A	2481.6	36.6557	180	180	2481.6	0	0	0
9180	T	T	2492.99	36.6647	185	185	0	0	0	2492.99
9181	T	T	2506.13	36.6629	184	184	0	0	0	2506.13
9182	A	A	2428.51	36.6557	180	180	2428.51	0	0	0
9183	T	T	2441.47	36.6501	177	176	0	0	0	2441.47
9184	A	A	2425.3	36.6557	180	180	2425.3	0	0	0
9185	G	G	2514.29	36.6594	182	177	0	0	2514.29	0
9186	G	G	2460.87	36.6594	182	173	0	0	2460.87	0
9187	A	A	2533.95	37	183	183	2533.95	0	0	0
9188	A	A	2568.05	37	183	183	2568.05	0	0	0
9189	T	T	2446.45	37	183	183	0	0	0	2446.45
9190	C	C	2562.78	37	182	179	0	2562.78	0	0
9191	G	G	2657.4	37	186	184	0	0	2657.4	0
9192	A	A	2597.81	37	188	188	2597.81	0	0	0
9193	A	A	2686.45	37	197	197	2686.45	0	0	0
9194	C	C	2768.72	37	200	194	0	2768.72	0	0
9195	C	C	2726.47	37	198	192	0	2726.47	0	0
9196	T	T	2637.64	37	193	193	0	0	0	2637.64
9197	A	A	2662.64	37	194	194	2662.64	0	0	0
9198	A	A	2654.21	37	191	191	2654.21	0	0	0
9199	T	T	2673.35	37	195	195	0	0	0	2673.35
9200	C	C	2751.47	37	200	194	0	2751.47	0	0
9201	T	T	2685.08	37	203	203	0	0	0	2685.08
9202	T	T	2739.51	37	205	205	0	0	0	2739.51
9203	A	A	2813.84	37	209	209	2813.84	0	0	0
9204	A	A	2824.45	37	205	205	2824.45	0	0	0
9205	G	G	2916.23	37	210	204	0	0	2916.23	0
9206	A	A	2887.33	37	209	209	2887.33	0	0	0
9207	A	A	2869.47	37	209	209	2869.47	0	0	0
9208	C	C	2919.9	37	206	203	0	2919.9	0	0
9209	T	T	2830.43	37	206	206	0	0	0	2830.43
9210	C	C	2959.67	37	207	205	0	2959.67	0	0
9211	A	A	2840.7	37	208	208	2840.7	0	0	0
9212	A	A	2782.61	37	209	209	2782.61	0	0	0
9213	A	A	2777.26	37	205	205	2777.26	0	0	0
9214	A	A	2777.33	37	206	206	2777.33	0	0	0
9215	A	A	2704.75	37	202	202	2704.75	0	0	0
9216	T	T	2779.84	37	198	198	0	0	0	2779.84
9217	C	C	2803.7	36.6875	199	195	0	2803.7	0	0
9218	T	T	2736.01	36.6905	201	201	0	0	0	2736.01
9219	T	T	2749.75	36.6934	203	203	0	0	0	2749.75
9220	C	C	2903.85	36.6991	207	203	0	2903.85	0	0
9221	G	G	2974.74	36.7019	209	206	0	0	2974.74	0
9222	T	T	2743.16	36.6991	207	207	0	0	0	2743.16
9223	G	G	3007.85	36.7073	213	209	0	0	3007.85	0
9224	C	C	2987.63	36.706	212	208	0	2987.63	0	0
9225	T	T	2901.77	36.7073	213	213	0	0	0	2901.77
9226	A	A	2898.22	36.706	212	212	2898.22	0	0	0
9227	C	C	2945.31	36.7019	209	205	0	2945.31	0	0
9228	C	C	2830.03	36.6991	207	199	0	2830.03	0	0
9229	T	T	2882.08	36.7019	209	209	0	0	0	2882.08
9230	A	A	2863.91	36.423	209	209	2863.91	0	0	0
9231	A	A	2828.01	36.423	209	209	2828.01	0	0	0
9232	T	T	2857.72	36.4178	207	207	0	0	0	2857.72
9233	T	T	2822.47	36.407	203	203	0	0	0	2822.47
9234	A	A	2733.95	36.4043	202	202	2733.95	0	0	0
9235	C	C	2845.34	36.4043	202	198	0	2845.34	0	0
9236	A	A	2734.92	36.3987	200	200	2734.92	0	0	0
9237	C	C	2777.51	36.3959	199	194	0	2777.51	0	0
9238	C	C	2796.9	36.4015	201	195	0	2796.9	0	0
9239	A	A	2701.28	36.3959	199	199	2701.28	0	0	0
9240	T	T	2735.23	36.3959	199	199	0	0	0	2735.23
9241	A	A	2692.8	36.1267	200	200	2692.8	0	0	0
9242	T	T	2779.44	36.146	205	205	0	0	0	2779.44
9243	C	C	2866.53	36.1345	202	199	0	2866.53	0	0
9244	C	C	2683.54	36.1146	197	189	0	2683.54	0	0
9245	T	T	2672.42	36.1227	199	199	0	0	0	2672.42
9246	A	A	2814.65	36.1422	204	204	2814.65	0	0	0
9247	A	A	2819.19	36.1306	201	201	2819.19	0	0	0
9248	A	A	2825.74	36.1422	204	204	2825.74	0	0	0
9249	G	G	2849.21	36.1384	203	198	0	0	2849.21	0
9250	T	T	2748.68	36.1345	202	202	0	0	0	2748.68
9251	A	A	2797.35	36.1422	204	204	2797.35	0	0	0
9252	A	A	2811.32	36.1535	207	207	2811.32	0	0	0
9253	G	G	2828.11	36.1422	204	198	0	0	2828.11	0
9254	G	G	2830.54	36.1422	204	198	0	0	2830.54	0
9255	T	T	2788	35.8606	198	198	0	0	0	2788
9256	C	C	2755.09	35.8294	192	190	0	2755.09	0	0
9257	A	A	2660.72	36.3844	195	195	2660.72	0	0	0
9258	G	G	2786.55	36.3931	198	194	0	0	2786.55	0
9259	C	C	2718.42	36.3931	198	191	0	2718.42	0	0
9260	T	T	2727.39	36.4015	201	201	0	0	0	2727.39
9261	A	A	2647.65	36.3873	196	196	2647.65	0	0	0
9262	A	A	2646.93	36.3873	196	196	2646.93	0	0	0
9263	A	A	2587.73	36.3784	193	193	2587.73	0	0	0
9264	T	T	2636.21	36.3754	192	192	0	0	0	2636.21
9265	A	A	2668.82	36.3873	196	196	2668.82	0	0	0
9266	A	A	2625.7	36.3784	193	193	2625.7	0	0	0
9267	G	G	2744.57	36.3931	198	192	0	0	2744.57	0
9268	C	C	2723.55	36.3931	198	191	0	2723.55	0	0
9269	T	T	2644.73	36.3987	200	199	0	0	0	2644.73
9270	A	A	2716.07	36.1267	200	200	2716.07	0	0	0
9271	T	T	2662.46	36.1106	196	196	0	0	0	2662.46
9272	C	C	2722.94	36.3754	192	189	0	2722.94	0	0
9273	G	G	2729.49	36.3814	194	190	0	0	2729.49	0
9274	G	G	2696.68	36.3814	194	189	0	0	2696.68	0
9275	G	G	2682.29	36.3873	196	189	0	0	2682.29	0
9276	C	C	2770.13	36.3902	197	194	0	2770.13	0	0
9277	C	C	2638.03	36.3754	192	185	0	2638.03	0	0
9278	C	C	2665.49	36.3754	192	186	0	2665.49	0	0
9279	A	A	2685.4	36.3902	197	197	2685.4	0	0	0
9280	T	T	2650.56	36.3902	197	197	0	0	0	2650.56
9281	A	A	2713.78	36.1187	198	198	2713.78	0	0	0
9282	C	C	2692.72	36.1267	200	190	0	2692.72	0	0
9283	C	C	2778.25	36.1345	202	195	0	2778.25	0	0
9284	C	C	2762.96	36.1146	197	193	0	2762.96	0	0
9285	C	C	2778.88	36.1106	196	193	0	2778.88	0	0
9286	G	G	2754.61	36.1064	195	192	0	0	2754.61	0
9287	A	A	2673.14	36.1023	194	194	2673.14	0	0	0
9288	A	A	2644.2	36.0981	193	193	2644.2	0	0	0
9289	A	A	2610.96	36.0896	191	191	2610.96	0	0	0
9290	A	A	2615.53	36.1023	194	194	2615.53	0	0	0
9291	T	T	2681.59	36.1023	194	194	0	0	0	2681.59
9292	G	G	2646.24	36.0981	193	186	0	0	2646.24	0
9293	T	T	2613.51	36.072	187	187	0	0	0	2613.51
9294	T	T	2562.27	36.0675	186	186	0	0	0	2562.27
9295	G	G	2598.55	36.0584	184	181	0	0	2598.55	0
9296	G	G	2419.54	36.3368	180	171	0	0	2419.54	0
9297	T	T	2478.1	36.6557	180	180	0	0	0	2478.1
9298	T	T	2498.34	36.6629	184	184	0	0	0	2498.34
9299	T	T	2461.68	36.6557	180	180	0	0	0	2461.68
9300	A	A	2433.23	36.6557	180	180	2433.23	0	0	0
9301	T	T	2436.06	36.6501	177	177	0	0	0	2436.06
9302	C	C	2491.12	36.6576	181	175	0	2491.12	0	0
9303	C	C	2488.75	37	178	174	0	2488.75	0	0
9304	C	C	2501.98	37	180	175	0	2501.98	0	0
9305	C	C	2411.93	37	178	171	0	2411.93	0	0
9306	T	T	2432.17	37	179	179	0	0	0	2432.17
9307	T	T	2471.1	37	179	179	0	0	0	2471.1
9308	C	C	2457.01	37	177	173	0	2457.01	0	0
9309	C	C	2495.58	37	176	173	0	2495.58	0	0
9310	C	C	2427.94	37	172	169	0	2427.94	0	0
9311	G	G	2406.4	37	173	168	0	0	2406.4	0
9312	T	T	2403.74	37	174	174	0	0	0	2403.74
9313	A	A	2381.27	37	172	172	2381.27	0	0	0
9314	C	C	2417.08	37	175	170	0	2417.08	0	0
9315	T	T	2423.26	37	179	179	0	0	0	2423.26
9316	A	A	2427.02	37	179	179	2427.02	0	0	0
9317	A	A	2440.7	37	180	180	2440.7	0	0	0
9318	T	T	2430.63	37	179	179	0	0	0	2430.63
9319	A	A	2493.77	37	181	181	2493.77	0	0	0
9320	A	A	2487.5	37	180	180	2487.5	0	0	0
9321	A	A	2468.54	37	179	179	2468.54	0	0	0
9322	A	A	2418.54	37	175	174	2418.54	0	0	0
9323	C	C	2439.26	36.3299	178	172	0	2439.26	0	0
9324	C	C	2483.61	36.3264	177	173	0	2483.61	0	0
9325	T	T	2496.15	36.3402	181	181	0	0	0	2496.15
9326	C	C	2552.91	36.3469	183	179	0	2552.91	0	0
9327	C	C	2539.33	36.3599	187	179	0	2539.33	0	0
9328	T	T	2549.18	36.3754	192	192	0	0	0	2549.18
9329	A	A	2650.92	36.3662	189	189	2650.92	0	0	0
9330	T	T	2541.19	36.3662	189	189	0	0	0	2541.19
9331	T	T	2601.7	36.3724	191	191	0	0	0	2601.7
9332	C	C	2686.71	36.3754	192	188	0	2686.71	0	0
9333	T	T	2678.75	36.3754	192	192	0	0	0	2678.75
9334	A	A	2602.83	36.3754	192	192	2602.83	0	0	0
9335	A	A	2656.16	36.3902	197	197	2656.16	0	0	0
9336	T	T	2676.06	36.3784	193	193	0	0	0	2676.06
9337	C	C	2682.27	36.3724	191	187	0	2682.27	0	0
9338	A	A	2611.65	36.363	188	188	2611.65	0	0	0
9339	T	T	2586.84	36.3724	191	191	0	0	0	2586.84
9340	T	T	2622.01	36.3724	191	191	0	0	0	2622.01
9341	A	A	2645.85	36.3784	193	193	2645.85	0	0	0
9342	T	T	2682	36.3873	196	196	0	0	0	2682
9343	C	C	2695.79	36.3754	192	188	0	2695.79	0	0
9344	A	A	2629.74	36.3902	197	197	2629.74	0	0	0
9345	C	C	2680.32	36.3844	195	188	0	2680.32	0	0
9346	A	A	2594.2	36.3754	192	192	2594.2	0	0	0
9347	T	T	2609.17	36.3754	192	192	0	0	0	2609.17
9348	C	C	2671.46	36.3693	190	186	0	2671.46	0	0
9349	C	C	2683.16	36.363	188	186	0	2683.16	0	0
9350	A	A	2537.48	36.3599	187	187	2537.48	0	0	0
9351	C	C	2615.82	36.3567	186	182	0	2615.82	0	0
9352	C	C	2592.78	36.3502	184	180	0	2592.78	0	0
9353	A	A	2469.08	36.3469	183	183	2469.08	0	0	0
9354	T	T	2513.37	36.3435	182	182	0	0	0	2513.37
9355	T	T	2483.51	36.3368	180	180	0	0	0	2483.51
9356	A	A	2496.53	36.3368	180	180	2496.53	0	0	0
9357	T	T	2478.84	36.3402	181	181	0	0	0	2478.84
9358	C	C	2480.43	36.6539	179	173	0	2480.43	0	0
9359	C	C	2557.75	36.6647	185	179	0	2557.75	0	0
9360	T	T	2492.58	36.6612	183	183	0	0	0	2492.58
9361	A	A	2556.17	36.6647	185	185	2556.17	0	0	0
9362	G	G	2602.12	36.6647	185	181	0	0	2602.12	0
9363	G	G	2611.4	36.6682	187	183	0	0	2611.4	0
9364	A	A	2588.73	36.6715	189	189	2588.73	0	0	0
9365	A	A	2592.05	36.6732	190	190	2592.05	0	0	0
9366	C	C	2536.79	36.6682	187	179	0	2536.79	0	0
9367	C	C	2592.49	36.6682	187	181	0	2592.49	0	0
9368	A	A	2475.06	36.6664	186	186	2475.06	0	0	0
9369	T	T	2558.23	36.6647	185	185	0	0	0	2558.23
9370	G	G	2561.07	36.6682	187	180	0	0	2561.07	0
9371	A	A	2494.12	36.6647	185	185	2494.12	0	0	0
9372	T	T	2472.32	36.6539	179	179	0	0	0	2472.32
9373	C	C	2496.15	36.6463	175	173	0	2496.15	0	0
9374	G	G	2395.02	36.6424	173	168	0	0	2395.02	0
9375	T	T	2390.21	36.6384	171	171	0	0	0	2390.21
9376	T	T	2410.6	36.6363	170	170	0	0	0	2410.6
9377	C	C	2421.97	36.6322	168	167	0	2421.97	0	0
9378	T	T	2419.32	36.6424	173	173	0	0	0	2419.32
9379	A	A	2349.6	36.6424	173	173	2349.6	0	0	0
9380	T	T	2425.85	36.6424	173	173	0	0	0	2425.85
9381	T	T	2392.63	36.6463	175	175	0	0	0	2392.63
9382	T	T	2419.58	36.6594	182	182	0	0	0	2419.58
9383	A	A	2408.56	36.6539	179	179	2408.56	0	0	0
9384	G	G	2482.87	36.6594	182	175	0	0	2482.87	0
9385	C	C	2527.29	36.6576	181	177	0	2527.29	0	0
9386	T	T	2351.11	36.652	178	178	0	0	0	2351.11
9387	C	C	2453.74	36.6539	179	173	0	2453.74	0	0
9388	C	C	2486.41	36.6501	177	173	0	2486.41	0	0
9389	C	C	2495.85	36.6482	176	173	0	2495.85	0	0
9390	A	A	2389.23	36.6539	179	179	2389.23	0	0	0
9391	T	T	2441.95	37	179	179	0	0	0	2441.95
9392	T	T	2376.85	37	173	173	0	0	0	2376.85
9393	G	G	2481.76	37	176	173	0	0	2481.76	0
9394	A	A	2376.33	37	180	180	2376.33	0	0	0
9395	C	C	2406.34	37	174	169	0	2406.34	0	0
9396	T	T	2350.03	37	173	173	0	0	0	2350.03
9397	C	C	2387.82	37	174	168	0	2387.82	0	0
9398	A	A	2370.48	37	172	172	2370.48	0	0	0
9399	T	T	2319.91	37	171	171	0	0	0	2319.91
9400	A	A	2385.08	37	171	171	2385.08	0	0	0
9401	A	A	2420.86	37	175	175	2420.86	0	0	0
9402	T	T	2385.21	37	175	175	0	0	0	2385.21
9403	C	C	2485.76	37	177	173	0	2485.76	0	0
9404	T	T	2434.4	37	178	178	0	0	0	2434.4
9405	G	G	2486.18	37	177	173	0	0	2486.18	0
9406	A	A	2415.28	37	175	175	2415.28	0	0	0
9407	A	A	2372.22	37	174	174	2372.22	0	0	0
9408	T	T	2420.39	37	174	174	0	0	0	2420.39
9409	T	T	2381.04	37	173	173	0	0	0	2381.04
9410	G	G	2471.74	37	176	173	0	0	2471.74	0
9411	G	G	2570.03	37	179	178	0	0	2570.03	0
9412	C	C	2507.74	37	176	174	0	2507.74	0	0
9413	T	T	2420.62	37	179	179	0	0	0	2420.62
9414	T	T	2444.76	37	179	179	0	0	0	2444.76
9415	T	T	2453.93	37	179	179	0	0	0	2453.93
9416	G	G	2462.42	37	179	173	0	0	2462.42	0
9417	A	A	2387.34	37	175	175	2387.34	0	0	0
9418	A	A	2354.95	37	172	172	2354.95	0	0	0
9419	A	A	2356.07	37	170	170	2356.07	0	0	0
9420	T	T	2382.08	37	172	172	0	0	0	2382.08
9421	G	G	2373.6	37	169	165	0	0	2373.6	0
9422	A	A	2317.17	37	170	170	2317.17	0	0	0
9423	A	A	2294.73	37	170	170	2294.73	0	0	0
9424	C	C	2408.86	37	174	168	0	2408.86	0	0
9425	A	A	2357.94	37	176	176	2357.94	0	0	0
9426	T	T	2366.44	37	174	174	0	0	0	2366.44
9427	A	A	2310.04	37	171	171	2310.04	0	0	0
9428	C	C	2458.55	37	173	171	0	2458.55	0	0
9429	T	T	2359.75	37	178	178	0	0	0	2359.75
9430	A	A	2374.67	37	178	178	2374.67	0	0	0
9431	G	G	2424.26	37	178	171	0	0	2424.26	0
9432	C	C	2464.84	37	177	172	0	2464.84	0	0
9433	C	C	2429.43	37	176	171	0	2429.43	0	0
9434	A	A	2331.15	37	172	172	2331.15	0	0	0
9435	T	T	2311.56	37	169	169	0	0	0	2311.56
9436	T	T	2299.69	37	168	168	0	0	0	2299.69
9437	A	A	2267.03	37	161	161	2267.03	0	0	0
9438	T	T	2259.86	37	162	162	0	0	0	2259.86
9439	C	C	2254.21	37	161	157	0	2254.21	0	0
9440	C	C	2280.72	36.6236	164	159	0	2280.72	0	0
9441	C	C	2373.64	36.3156	174	167	0	2373.64	0	0
9442	A	A	2457.45	36.3228	176	176	2457.45	0	0	0
9443	A	A	2475.21	36.3334	179	179	2475.21	0	0	0
9444	T	T	2403.56	36.3502	184	183	0	0	0	2403.56
9445	C	C	2434.69	36.3469	183	174	0	2434.69	0	0
9446	C	C	2524.51	36.3402	181	177	0	2524.51	0	0
9447	T	T	2494.88	36.3435	182	182	0	0	0	2494.88
9448	A	A	2506.38	36.3435	182	182	2506.38	0	0	0
9449	A	A	2481.17	36.3435	182	182	2481.17	0	0	0
9450	T	T	2506.54	36.3435	182	182	0	0	0	2506.54
9451	G	G	2630.29	36.3469	183	182	0	0	2630.29	0
9452	A	A	2541.54	36.3567	186	186	2541.54	0	0	0
9453	A	A	2617.37	36.3693	190	190	2617.37	0	0	0
9454	A	A	2598.67	36.0809	189	189	2598.67	0	0	0
9455	A	A	2577.43	36.0675	186	186	2577.43	0	0	0
9456	A	A	2632.3	36.0809	189	189	2632.3	0	0	0
9457	A	A	2621.01	36.072	187	187	2621.01	0	0	0
9458	T	T	2606.19	36.0852	190	190	0	0	0	2606.19
9459	T	T	2618.92	36.0938	192	192	0	0	0	2618.92
9460	T	T	2636.45	36.1023	194	194	0	0	0	2636.45
9461	A	A	2715.56	36.1064	195	195	2715.56	0	0	0
9462	A	A	2711.8	36.1146	197	197	2711.8	0	0	0
9463	T	T	2721.8	36.1306	201	201	0	0	0	2721.8
9464	C	C	2726.61	36.1345	202	193	0	2726.61	0	0
9465	C	C	2792.58	36.1306	201	195	0	2792.58	0	0
9466	A	A	2883.07	36.4204	208	208	2883.07	0	0	0
9467	C	C	2934.16	36.4256	210	205	0	2934.16	0	0
9468	G	G	2918.7	36.423	209	204	0	0	2918.7	0
9469	A	A	2912.67	36.4256	210	210	2912.67	0	0	0
9470	G	G	3000.5	36.4256	210	208	0	0	3000.5	0
9471	C	C	2955.91	36.423	209	205	0	2955.91	0	0
9472	C	C	3007.13	36.4306	212	209	0	3007.13	0	0
9473	A	A	2887.63	36.4256	210	210	2887.63	0	0	0
9474	C	C	2965.43	36.4306	212	207	0	2965.43	0	0
9475	A	A	2894.22	36.4256	210	210	2894.22	0	0	0
9476	G	G	2936.48	36.4204	208	204	0	0	2936.48	0
9477	A	A	2907.58	36.423	209	209	2907.58	0	0	0
9478	A	A	2943.5	36.4281	211	211	2943.5	0	0	0
9479	G	G	3043.48	36.7046	211	210	0	0	3043.48	0
9480	C	C	2953.35	36.7086	214	207	0	2953.35	0	0
9481	T	T	2948.47	36.71	215	215	0	0	0	2948.47
9482	T	T	2949.28	36.7086	214	214	0	0	0	2949.28
9483	C	C	3071.39	36.706	212	212	0	3071.39	0	0
9484	T	T	2971.41	36.4405	216	216	0	0	0	2971.41
9485	A	A	2892.4	36.4306	212	212	2892.4	0	0	0
9486	C	C	2890.12	36.1681	211	203	0	2890.12	0	0
9487	A	A	2918.79	36.1857	216	216	2918.79	0	0	0
9488	A	A	2905.33	36.1822	215	215	2905.33	0	0	0
9489	A	A	2911.8	36.1822	215	215	2911.8	0	0	0
9490	A	A	2931.03	36.1822	215	215	2931.03	0	0	0
9491	T	T	2901.68	35.9406	215	215	0	0	0	2901.68
9492	A	A	2880.47	35.9362	214	214	2880.47	0	0	0
9493	T	T	2907.48	35.9362	214	214	0	0	0	2907.48
9494	T	T	2908.68	35.9318	213	213	0	0	0	2908.68
9495	T	T	2925.28	35.9362	214	214	0	0	0	2925.28
9496	C	C	2857.45	35.8997	206	200	0	2857.45	0	0
9497	C	C	2771.65	35.8854	203	195	0	2771.65	0	0
9498	T	T	2771.68	35.8756	201	201	0	0	0	2771.68
9499	C	C	2906.78	35.895	205	202	0	2906.78	0	0
9500	A	A	2761.06	35.8854	203	203	2761.06	0	0	0
9501	C	C	2914.82	35.652	204	202	0	2914.82	0	0
9502	A	A	2760.9	35.6689	207	207	2760.9	0	0	0
9503	C	C	2674.61	35.623	199	190	0	2674.61	0	0
9504	A	A	2719.58	35.623	199	199	2719.58	0	0	0
9505	A	A	2772.07	35.6463	203	203	2772.07	0	0	0
9506	G	G	2776.63	35.6348	201	195	0	0	2776.63	0
9507	C	C	2801.97	35.6171	198	195	0	2801.97	0	0
9508	C	C	2781.17	35.623	199	194	0	2781.17	0	0
9509	A	A	2724.61	35.605	196	196	2724.61	0	0	0
9510	C	C	2789.41	35.6289	200	195	0	2789.41	0	0
9511	C	C	2790.38	35.6577	205	197	0	2790.38	0	0
9512	G	G	2822.15	35.6853	210	200	0	0	2822.15	0
9513	C	C	2937.12	35.9318	213	206	0	2937.12	0	0
9514	A	A	2912.95	35.9362	214	214	2912.95	0	0	0
9515	T	T	2834.14	35.9183	210	210	0	0	0	2834.14
9516	C	C	2917.4	35.9044	207	203	0	2917.4	0	0
9517	C	C	2908.53	35.6463	203	201	0	2908.53	0	0
9518	A	A	2802.18	35.6689	207	207	2802.18	0	0	0
9519	T	T	2828.03	35.6406	202	202	0	0	0	2828.03
9520	G	G	2721.89	35.6171	198	191	0	0	2721.89	0
9521	C	C	2761.6	35.605	196	192	0	2761.6	0	0
9522	T	T	2701.28	35.8452	195	195	0	0	0	2701.28
9523	C	C	2765.94	35.6111	197	192	0	2765.94	0	0
9524	C	C	2760.66	35.605	196	192	0	2760.66	0	0
9525	T	T	2714.99	35.605	196	196	0	0	0	2714.99
9526	G	G	2852.84	35.6348	201	198	0	0	2852.84	0
9527	A	A	2719.4	35.605	196	196	2719.4	0	0	0
9528	T	T	2710.47	35.623	199	199	0	0	0	2710.47
9529	A	A	2752.06	35.623	199	199	2752.06	0	0	0
9530	C	C	2713.57	35.6171	198	191	0	2713.57	0	0
9531	T	T	2763.09	35.8805	202	202	0	0	0	2763.09
9532	A	A	2816.88	35.8902	204	204	2816.88	0	0	0
9533	G	G	2813.29	35.9091	208	200	0	0	2813.29	0
9534	G	G	2925.54	35.6798	209	204	0	0	2925.54	0
9535	C	C	2983.44	35.9273	212	208	0	2983.44	0	0
9536	A	A	2938.26	36.1822	215	215	2938.26	0	0	0
9537	T	T	2879.03	36.1787	214	214	0	0	0	2879.03
9538	T	T	2862.58	36.1609	209	209	0	0	0	2862.58
9539	A	A	2871.5	36.1752	213	213	2871.5	0	0	0
9540	T	T	2901.29	36.1681	211	211	0	0	0	2901.29
9541	T	T	2902.86	36.1609	209	209	0	0	0	2902.86
9542	A	A	2765.39	36.146	205	205	2765.39	0	0	0
9543	T	T	2844.59	36.1535	207	207	0	0	0	2844.59
9544	C	C	2793.47	36.4098	204	196	0	2793.47	0	0
9545	A	A	2804.91	36.4204	208	208	2804.91	0	0	0
9546	A	A	2808.97	36.4256	210	210	2808.97	0	0	0
9547	T	T	2759.08	36.4098	204	204	0	0	0	2759.08
9548	C	C	2789.25	36.407	203	196	0	2789.25	0	0
9549	T	T	2760.99	36.4015	201	201	0	0	0	2760.99
9550	A	A	2656.61	36.3959	199	199	2656.61	0	0	0
9551	C	C	2712.77	36.3902	197	190	0	2712.77	0	0
9552	T	T	2699.92	36.3814	194	194	0	0	0	2699.92
9553	A	A	2596.07	36.3693	190	190	2596.07	0	0	0
9554	C	C	2607.86	36.3693	190	183	0	2607.86	0	0
9555	A	A	2597.04	36.3662	189	188	2597.04	0	0	0
9556	T	T	2637.6	36.3754	192	192	0	0	0	2637.6
9557	T	T	2650.1	36.3814	194	194	0	0	0	2650.1
9558	C	C	2604.28	36.363	188	182	0	2604.28	0	0
9559	A	A	2595.73	36.363	188	188	2595.73	0	0	0
9560	G	G	2637.02	36.3662	189	184	0	0	2637.02	0
9561	G	G	2640.62	36.3724	191	185	0	0	2640.62	0
9562	G	G	2616.29	36.0938	192	184	0	0	2616.29	0
9563	C	C	2610.15	36.1106	196	186	0	2610.15	0	0
9564	A	A	2596.05	36.6765	192	192	2596.05	0	0	0
9565	C	C	2627.89	36.6781	193	185	0	2627.89	0	0
9566	T	T	2542.27	36.6664	186	186	0	0	0	2542.27
9567	G	G	2546.97	36.6664	186	179	0	0	2546.97	0
9568	A	A	2519.46	36.6647	185	185	2519.46	0	0	0
9569	A	A	2511.16	36.6664	186	186	2511.16	0	0	0
9570	C	C	2611.72	36.6682	187	182	0	2611.72	0	0
9571	A	A	2488.71	36.6647	185	185	2488.71	0	0	0
9572	A	A	2527	36.6715	189	189	2527	0	0	0
9573	T	T	2491.27	36.6647	185	184	0	0	0	2491.27
9574	C	C	2600.74	36.6629	184	181	0	2600.74	0	0
9575	T	T	2493.96	36.6612	183	183	0	0	0	2493.96
9576	C	C	2588.9	36.6664	186	181	0	2588.9	0	0
9577	A	A	2527.62	36.6647	185	185	2527.62	0	0	0
9578	A	A	2449.91	36.6594	182	182	2449.91	0	0	0
9579	T	T	2462.09	36.6557	180	180	0	0	0	2462.09
9580	A	A	2414.88	36.652	178	178	2414.88	0	0	0
9581	A	A	2410.25	37	176	175	2410.25	0	0	0
9582	T	T	2497.06	37	182	182	0	0	0	2497.06
9583	C	C	2474.45	37	179	173	0	2474.45	0	0
9584	C	C	2483.48	37	175	173	0	2483.48	0	0
9585	C	C	2517.28	37	178	175	0	2517.28	0	0
9586	C	C	2511.43	36.6539	179	175	0	2511.43	0	0
9587	A	A	2461.97	36.6576	181	181	2461.97	0	0	0
9588	A	A	2476.15	36.652	178	178	2476.15	0	0	0
9589	C	C	2545.63	36.6576	181	178	0	2545.63	0	0
9590	C	C	2496.54	36.6647	185	176	0	2496.54	0	0
9591	C	C	2554.63	36.6732	190	181	0	2554.63	0	0
9592	A	A	2579.52	36.3693	190	190	2579.52	0	0	0
9593	A	A	2590.14	36.3784	193	193	2590.14	0	0	0
9594	T	T	2569.57	36.3873	196	196	0	0	0	2569.57
9595	C	C	2630.58	36.3784	193	185	0	2630.58	0	0
9596	G	G	2684.39	36.3873	196	189	0	0	2684.39	0
9597	C	C	2597.89	36.3873	196	185	0	2597.89	0	0
9598	A	A	2702.89	36.3873	196	196	2702.89	0	0	0
9599	T	T	2646.21	36.3814	194	194	0	0	0	2646.21
9600	C	C	2725.31	36.3902	197	191	0	2725.31	0	0
9601	G	G	2768.61	36.3959	199	193	0	0	2768.61	0
9602	A	A	2752.35	36.3902	197	197	2752.35	0	0	0
9603	C	C	2805.72	36.3902	197	195	0	2805.72	0	0
9604	C	C	2827.82	36.4043	202	197	0	2827.82	0	0
9605	G	G	2825.56	36.4098	204	198	0	0	2825.56	0
9606	T	T	2785.4	36.4043	202	202	0	0	0	2785.4
9607	A	A	2761.03	36.407	203	203	2761.03	0	0	0
9608	A	A	2741.54	36.4124	205	205	2741.54	0	0	0
9609	T	T	2798.29	36.4043	202	202	0	0	0	2798.29
9610	C	C	2695.04	36.6875	199	191	0	2695.04	0	0
9611	A	A	2704.28	36.6844	197	197	2704.28	0	0	0
9612	C	C	2776.59	36.689	200	194	0	2776.59	0	0
9613	C	C	2792.89	36.6828	196	194	0	2792.89	0	0
9614	A	A	2695.65	37	196	196	2695.65	0	0	0
9615	T	T	2664.39	37	193	193	0	0	0	2664.39
9616	T	T	2704.79	37	198	198	0	0	0	2704.79
9617	G	G	2736.82	37	198	192	0	0	2736.82	0
9618	C	C	2736.9	37	192	190	0	2736.9	0	0
9619	C	C	2704.17	37	192	188	0	2704.17	0	0
9620	C	C	2672.75	37	190	186	0	2672.75	0	0
9621	T	T	2616.8	37	188	188	0	0	0	2616.8
9622	A	A	2620.64	37	189	189	2620.64	0	0	0
9623	G	G	2751	37	191	190	0	0	2751	0
9624	C	C	2682.24	36.6797	194	188	0	2682.24	0	0
9625	A	A	2677.41	36.6781	193	193	2677.41	0	0	0
9626	A	A	2695.94	36.6797	194	194	2695.94	0	0	0
9627	T	T	2674.29	36.6859	198	198	0	0	0	2674.29
9628	A	A	2696.24	36.6875	199	199	2696.24	0	0	0
9629	A	A	2679.1	36.6859	198	198	2679.1	0	0	0
9630	A	A	2703.54	36.6875	199	199	2703.54	0	0	0
9631	A	A	2660.36	36.6859	198	198	2660.36	0	0	0
9632	C	C	2709.77	36.6844	197	190	0	2709.77	0	0
9633	T	T	2660.2	36.6797	194	194	0	0	0	2660.2
9634	T	T	2654.25	36.6828	196	196	0	0	0	2654.25
9635	G	G	2792.53	36.6844	197	194	0	0	2792.53	0
9636	G	G	2661.07	36.6797	194	187	0	0	2661.07	0
9637	C	C	2709.28	36.6748	191	188	0	2709.28	0	0
9638	C	C	2679.32	36.6748	191	187	0	2679.32	0	0
9639	T	T	2623.26	36.6699	188	188	0	0	0	2623.26
9640	A	A	2467.44	36.6576	181	181	2467.44	0	0	0
9641	T	T	2549.03	36.6557	180	180	0	0	0	2549.03
9642	C	C	2547.11	36.6576	181	177	0	2547.11	0	0
9643	C	C	2553.22	36.6557	180	177	0	2553.22	0	0
9644	C	C	2508.23	36.3469	183	176	0	2508.23	0	0
9645	C	C	2471.9	36.0397	180	173	0	2471.9	0	0
9646	C	C	2373.15	36.0444	181	169	0	2373.15	0	0
9647	T	T	2461.32	36.0397	180	180	0	0	0	2461.32
9648	T	T	2461.33	36.0444	181	181	0	0	0	2461.33
9649	T	T	2507.68	36.0491	182	182	0	0	0	2507.68
9650	C	C	2498.68	36.0397	180	175	0	2498.68	0	0
9651	A	A	2450.21	36.0491	182	182	2450.21	0	0	0
9652	C	C	2380.03	36.03	178	169	0	2380.03	0	0
9653	T	T	2447.84	36.0491	182	182	0	0	0	2447.84
9654	T	T	2468.31	36.072	187	187	0	0	0	2468.31
9655	T	T	2457.83	36.0584	184	184	0	0	0	2457.83
9656	T	T	2476.47	36.0584	184	184	0	0	0	2476.47
9657	G	G	2565.09	36.072	187	180	0	0	2565.09	0
9658	A	A	2562.67	36.0765	188	188	2562.67	0	0	0
9659	G	G	2583.67	36.0491	182	179	0	0	2583.67	0
9660	T	T	2505.61	36.0538	183	183	0	0	0	2505.61
9661	T	T	2485.17	36.0444	181	181	0	0	0	2485.17
9662	C	C	2609.56	35.8132	189	183	0	2609.56	0	0
9663	C	C	2653.36	35.5675	190	185	0	2653.36	0	0
9664	A	A	2615.06	35.5675	190	190	2615.06	0	0	0
9665	G	G	2745.25	35.8241	191	190	0	0	2745.25	0
9666	A	A	2652.83	35.8294	192	192	2652.83	0	0	0
9667	A	A	2628.45	35.8186	190	189	2628.45	0	0	0
9668	G	G	2668.57	35.8294	192	187	0	0	2668.57	0
9669	T	T	2640.21	36.1023	194	194	0	0	0	2640.21
9670	C	C	2678.27	36.1146	197	188	0	2678.27	0	0
9671	A	A	2700.27	36.1306	201	201	2700.27	0	0	0
9672	C	C	2772.1	36.1267	200	194	0	2772.1	0	0
9673	A	A	2660.29	36.1146	197	197	2660.29	0	0	0
9674	C	C	2776.24	36.1064	195	193	0	2776.24	0	0
9675	A	A	2611.19	36.0981	193	193	2611.19	0	0	0
9676	A	A	2684.78	36.1023	194	194	2684.78	0	0	0
9677	G	G	2701.38	36.0938	192	188	0	0	2701.38	0
9678	G	G	2659.96	36.0896	191	186	0	0	2659.96	0
9679	C	C	2676.04	35.8241	191	187	0	2676.04	0	0
9680	G	G	2625.66	35.8348	193	185	0	0	2625.66	0
9681	T	T	2691.46	35.8556	197	197	0	0	0	2691.46
9682	T	T	2636.52	35.8452	195	195	0	0	0	2636.52
9683	C	C	2696.77	35.8556	197	190	0	2696.77	0	0
9684	C	C	2735.72	35.8504	196	191	0	2735.72	0	0
9685	T	T	2602.64	35.8294	192	192	0	0	0	2602.64
9686	T	T	2617.64	36.1064	195	195	0	0	0	2617.64
9687	T	T	2655.38	36.1023	194	194	0	0	0	2655.38
9688	G	G	2647.57	35.8132	189	185	0	0	2647.57	0
9689	T	T	2615.3	35.8241	191	191	0	0	0	2615.3
9690	C	C	2648.97	35.5927	194	186	0	2648.97	0	0
9691	C	C	2707.55	35.8452	195	189	0	2707.55	0	0
9692	T	T	2652.11	35.8606	198	198	0	0	0	2652.11
9693	C	C	2573.33	36.1106	196	183	0	2573.33	0	0
9694	A	A	2827.19	36.1384	203	203	2827.19	0	0	0
9695	G	G	2953.21	36.1422	204	204	0	0	2953.21	0
9696	G	G	2900.8	36.1422	204	201	0	0	2900.8	0
9697	A	A	2802.64	36.1384	203	203	2802.64	0	0	0
9698	A	A	2849.01	36.1609	209	208	2849.01	0	0	0
9699	T	T	2851.82	36.146	205	205	0	0	0	2851.82
9700	G	G	2752.21	35.8902	204	195	0	0	2752.21	0
9701	G	G	2766.56	36.146	205	195	0	0	2766.56	0
9702	T	T	2782.05	36.1345	202	202	0	0	0	2782.05
9703	T	T	2843.38	35.9091	208	208	0	0	0	2843.38
9704	C	C	2728.6	35.895	205	194	0	2728.6	0	0
9705	T	T	2757.3	35.8902	204	204	0	0	0	2757.3
9706	A	A	2755.46	35.8902	204	204	2755.46	0	0	0
9707	C	C	2829.75	35.8997	206	199	0	2829.75	0	0
9708	T	T	2806.03	35.895	205	205	0	0	0	2806.03
9709	A	A	2765.82	35.8805	202	202	2765.82	0	0	0
9710	A	A	2746.52	35.8707	200	200	2746.52	0	0	0
9711	C	C	2693.07	35.8606	198	190	0	2693.07	0	0
9712	A	A	2724.7	35.8504	196	196	2724.7	0	0	0
9713	T	T	2736.96	35.8606	198	198	0	0	0	2736.96
9714	G	G	2852.61	36.1345	202	198	0	0	2852.61	0
9715	A	A	2805.9	36.4043	202	202	2805.9	0	0	0
9716	C	C	2798.92	36.4015	201	196	0	2798.92	0	0
9717	A	A	2672.14	36.3987	200	200	2672.14	0	0	0
9718	A	A	2635.87	36.3959	199	199	2635.87	0	0	0
9719	A	A	2610.69	36.3873	196	196	2610.69	0	0	0
9720	A	A	2590.43	36.3902	197	197	2590.43	0	0	0
9721	A	A	2575.47	36.3814	194	193	2575.47	0	0	0
9722	A	A	2614.98	36.3754	192	192	2614.98	0	0	0
9723	T	T	2579.38	36.3754	192	192	0	0	0	2579.38
9724	C	C	2589.08	36.3754	192	183	0	2589.08	0	0
9725	G	G	2728.35	36.3814	194	190	0	0	2728.35	0
9726	C	C	2665.74	36.1267	200	189	0	2665.74	0	0
9727	A	A	2722.8	36.1345	202	202	2722.8	0	0	0
9728	C	C	2842.68	36.4098	204	198	0	2842.68	0	0
9729	C	C	2661.58	36.1345	202	189	0	2661.58	0	0
9730	T	T	2706.5	36.1187	198	198	0	0	0	2706.5
9731	C	C	2757.2	36.1106	196	192	0	2757.2	0	0
9732	T	T	2662.53	35.8348	193	193	0	0	0	2662.53
9733	A	A	2712.86	35.8294	192	192	2712.86	0	0	0
9734	T	T	2709.75	35.8452	195	195	0	0	0	2709.75
9735	C	C	2749.33	35.8294	192	190	0	2749.33	0	0
9736	C	C	2667.05	35.8452	195	188	0	2667.05	0	0
9737	G	G	2749.38	35.8657	199	193	0	0	2749.38	0
9738	T	T	2745.58	36.1146	197	197	0	0	0	2745.58
9739	C	C	2867.8	36.1187	198	198	0	2867.8	0	0
9740	C	C	2770.01	36.1345	202	194	0	2770.01	0	0
9741	T	T	2773.36	36.1345	202	202	0	0	0	2773.36
9742	A	A	2731.19	36.1306	201	201	2731.19	0	0	0
9743	T	T	2724.54	36.1267	200	200	0	0	0	2724.54
9744	A	A	2695.26	36.1064	195	195	2695.26	0	0	0
9745	C	C	2705.31	36.0938	192	189	0	2705.31	0	0
9746	C	C	2692.19	36.0896	191	187	0	2692.19	0	0
9747	A	A	2657.86	36.0938	192	192	2657.86	0	0	0
9748	A	A	2681.22	36.1064	195	195	2681.22	0	0	0
9749	A	A	2635.28	36.0896	191	191	2635.28	0	0	0
9750	T	T	2707.36	36.1187	198	198	0	0	0	2707.36
9751	C	C	2791.55	36.1227	199	195	0	2791.55	0	0
9752	T	T	2721.31	35.8902	204	204	0	0	0	2721.31
9753	C	C	2775.43	36.1384	203	196	0	2775.43	0	0
9754	A	A	2805.92	36.1535	207	207	2805.92	0	0	0
9755	C	C	2955.08	35.9273	212	207	0	2955.08	0	0
9756	C	C	2782.17	36.1535	207	197	0	2782.17	0	0
9757	G	G	2855.5	36.1422	204	199	0	0	2855.5	0
9758	T	T	2801.64	36.1572	208	208	0	0	0	2801.64
9759	C	C	2789.46	36.1384	203	196	0	2789.46	0	0
9760	C	C	2838.61	36.4015	201	197	0	2838.61	0	0
9761	A	A	2798.73	36.4098	204	204	2798.73	0	0	0
9762	T	T	2764.04	36.4015	201	201	0	0	0	2764.04
9763	C	C	2912.25	36.4043	202	201	0	2912.25	0	0
9764	A	A	2780.15	36.407	203	203	2780.15	0	0	0
9765	A	A	2812.58	36.146	205	205	2812.58	0	0	0
9766	T	T	2784.82	36.1384	203	203	0	0	0	2784.82
9767	C	C	2809.55	35.6689	207	199	0	2809.55	0	0
9768	C	C	2760.35	35.4517	208	196	0	2760.35	0	0
9769	A	A	2928.49	35.4763	212	212	2928.49	0	0	0
9770	A	A	2959.85	35.4943	215	215	2959.85	0	0	0
9771	A	A	2957.9	35.4943	215	215	2957.9	0	0	0
9772	C	C	2908.95	35.3068	218	208	0	2908.95	0	0
9773	C	C	3001.52	35.3003	217	210	0	3001.52	0	0
9774	T	T	2984.59	35.3195	220	220	0	0	0	2984.59
9775	G	G	3066.33	35.3195	220	214	0	0	3066.33	0
9776	C	C	2995.56	35.5002	216	209	0	2995.56	0	0
9777	T	T	2972.48	35.4824	213	213	0	0	0	2972.48
9778	A	A	2999.12	35.5002	216	216	2999.12	0	0	0
9779	G	G	3023.41	35.5233	220	212	0	0	3023.41	0
9780	T	T	2994.58	35.5002	216	216	0	0	0	2994.58
9781	A	A	2958.3	35.2938	216	216	2958.3	0	0	0
9782	G	G	3068.6	35.2938	216	213	0	0	3068.6	0
9783	C	C	3033.19	35.1039	217	212	0	3033.19	0	0
9784	A	A	2920.81	35.0968	216	216	2920.81	0	0	0
9785	A	A	2873.63	35.0455	209	209	2873.63	0	0	0
9786	T	T	2895.86	35.0226	206	206	0	0	0	2895.86
9787	A	A	2840.5	34.8202	205	205	2840.5	0	0	0
9788	G	G	2848.89	34.7948	202	198	0	0	2848.89	0
9789	C	C	2879.21	34.6426	206	201	0	2879.21	0	0
9790	C	C	2933.84	34.8202	205	203	0	2933.84	0	0
9791	G	G	3010.97	34.7112	214	210	0	0	3010.97	0
9792	C	C	2974.56	34.7195	215	208	0	2974.56	0	0
9793	T	T	2875.95	34.7277	216	216	0	0	0	2875.95
9794	A	A	2940.06	34.7112	214	214	2940.06	0	0	0
9795	C	C	2981.69	34.752	219	210	0	2981.69	0	0
9796	A	A	3020.26	34.76	220	220	3020.26	0	0	0
9797	T	T	2954.02	34.752	219	219	0	0	0	2954.02
9798	C	C	2988.6	34.744	218	210	0	2988.6	0	0
9799	C	C	3065.59	34.7112	214	212	0	3065.59	0	0
9800	G	G	2965.62	34.6774	210	206	0	0	2965.62	0
9801	T	T	2969.78	34.6944	212	212	0	0	0	2969.78
9802	A	A	2879.07	34.6688	209	209	2879.07	0	0	0
9803	T	T	2889.34	34.6426	206	206	0	0	0	2889.34
9804	T	T	2932.65	34.686	211	211	0	0	0	2932.65
9805	A	A	2942.86	34.7195	215	215	2942.86	0	0	0
9806	G	G	2984.54	34.7277	216	209	0	0	2984.54	0
9807	T	T	2904.93	34.885	213	213	0	0	0	2904.93
9808	A	A	2877.02	35.0604	211	211	2877.02	0	0	0
9809	G	G	2822.59	35.0678	212	201	0	0	2822.59	0
9810	G	G	2906.58	35.0751	213	205	0	0	2906.58	0
9811	A	A	2868.41	35.0824	214	214	2868.41	0	0	0
9812	G	G	2842.84	35.1039	217	203	0	0	2842.84	0
9813	G	G	2848.34	35.7013	213	202	0	0	2848.34	0
9814	C	C	2930.58	35.6906	211	205	0	2930.58	0	0
9815	T	T	2876.26	36.1891	217	217	0	0	0	2876.26
9816	G	G	3022.09	36.1787	214	211	0	0	3022.09	0
9817	A	A	2887.68	36.1681	211	211	2887.68	0	0	0
9818	G	G	3018.18	36.1891	217	212	0	0	3018.18	0
9819	G	G	2872.02	36.1787	214	204	0	0	2872.02	0
9820	A	A	2913.68	36.4381	215	215	2913.68	0	0	0
9821	G	G	2959.77	36.4331	213	207	0	0	2959.77	0
9822	G	G	2982.46	36.7086	214	209	0	0	2982.46	0
9823	A	A	2926.86	36.7113	216	216	2926.86	0	0	0
9824	C	C	2973.12	36.7138	218	209	0	2973.12	0	0
9825	T	T	2934.44	36.7138	218	218	0	0	0	2934.44
9826	A	A	2995.06	36.7138	218	218	2995.06	0	0	0
9827	A	A	2964.79	36.71	215	215	2964.79	0	0	0
9828	A	A	2930.5	36.7046	211	211	2930.5	0	0	0
9829	C	C	2947.55	36.7019	209	205	0	2947.55	0	0
9830	C	C	2945.95	36.706	212	206	0	2945.95	0	0
9831	A	A	2890.77	36.706	212	212	2890.77	0	0	0
9832	A	A	2859.45	36.706	212	212	2859.45	0	0	0
9833	A	A	2834.22	37	209	209	2834.22	0	0	0
9834	C	C	2816.9	37	205	199	0	2816.9	0	0
9835	T	T	2875.28	37	205	205	0	0	0	2875.28
9836	C	C	2864.9	37	205	200	0	2864.9	0	0
9837	A	A	2722.27	37	199	199	2722.27	0	0	0
9838	A	A	2757.03	36.6919	202	202	2757.03	0	0	0
9839	C	C	2819.28	36.6934	203	198	0	2819.28	0	0
9840	T	T	2730.06	36.6859	198	198	0	0	0	2730.06
9841	C	C	2769.79	36.6859	198	193	0	2769.79	0	0
9842	C	C	2798.61	36.6828	196	194	0	2798.61	0	0
9843	G	G	2799.64	36.689	200	196	0	0	2799.64	0
9844	A	A	2662.11	36.6859	198	198	2662.11	0	0	0
9845	A	A	2665.79	36.6828	196	196	2665.79	0	0	0
9846	A	A	2641.92	36.6813	195	195	2641.92	0	0	0
9847	A	A	2674.45	36.6797	194	194	2674.45	0	0	0
9848	A	A	2644.23	36.6765	192	192	2644.23	0	0	0
9849	T	T	2654.18	36.6828	196	196	0	0	0	2654.18
9850	C	C	2716.32	36.6828	196	191	0	2716.32	0	0
9851	C	C	2632.06	36.6781	193	185	0	2632.06	0	0
9852	T	T	2675.98	36.6797	194	194	0	0	0	2675.98
9853	A	A	2638.43	36.3844	195	195	2638.43	0	0	0
9854	G	G	2653.35	36.0852	190	185	0	0	2653.35	0
9855	C	C	2643.83	35.84	194	186	0	2643.83	0	0
9856	A	A	2639.89	35.8294	192	192	2639.89	0	0	0
9857	T	T	2582.28	35.8132	189	189	0	0	0	2582.28
9858	A	A	2614.79	35.8186	190	190	2614.79	0	0	0
9859	C	C	2680.29	35.8132	189	186	0	2680.29	0	0
9860	T	T	2626.42	35.8077	188	188	0	0	0	2626.42
9861	C	C	2677.82	35.5479	187	185	0	2677.82	0	0
9862	T	T	2604.1	35.561	189	189	0	0	0	2604.1
9863	T	T	2587.91	35.5545	188	188	0	0	0	2587.91
9864	C	C	2568.6	35.5675	190	181	0	2568.6	0	0
9865	A	A	2662.77	35.5865	193	192	2662.77	0	0	0
9866	A	A	2660.71	35.5802	192	192	2660.71	0	0	0
9867	T	T	2666.85	35.5989	195	195	0	0	0	2666.85
9868	C	C	2757.78	35.5865	193	191	0	2757.78	0	0
9869	G	G	2662.49	35.5739	191	186	0	0	2662.49	0
9870	C	C	2647.01	35.5865	193	186	0	2647.01	0	0
9871	T	T	2654.75	35.5865	193	193	0	0	0	2654.75
9872	C	C	2652.55	35.5739	191	185	0	2652.55	0	0
9873	A	A	2619.39	35.8132	189	189	2619.39	0	0	0
9874	C	C	2731.37	35.84	194	190	0	2731.37	0	0
9875	A	A	2657.08	36.1064	195	195	2657.08	0	0	0
9876	T	T	2661.02	36.3814	194	194	0	0	0	2661.02
9877	G	G	2662.05	36.3754	192	186	0	0	2662.05	0
9878	G	G	2675.83	36.3844	195	188	0	0	2675.83	0
9879	G	G	2707.85	36.3784	193	189	0	0	2707.85	0
9880	C	C	2822.95	36.6905	201	197	0	2822.95	0	0
9881	T	T	2735.09	36.6963	205	205	0	0	0	2735.09
9882	G	G	2769.52	36.6977	206	196	0	0	2769.52	0
9883	A	A	2686.16	36.6919	202	202	2686.16	0	0	0
9884	A	A	2645.19	36.6844	197	197	2645.19	0	0	0
9885	T	T	2735.38	36.6875	199	199	0	0	0	2735.38
9886	A	A	2646.75	36.6859	198	198	2646.75	0	0	0
9887	G	G	2729.3	36.6859	198	191	0	0	2729.3	0
9888	C	C	2678.13	37	192	187	0	2678.13	0	0
9889	T	T	2620.57	37	192	192	0	0	0	2620.57
9890	G	G	2668.68	37	189	186	0	0	2668.68	0
9891	C	C	2649.21	37	187	185	0	2649.21	0	0
9892	C	C	2643	37	191	185	0	2643	0	0
9893	A	A	2533.08	37	188	188	2533.08	0	0	0
9894	T	T	2554.56	37	190	190	0	0	0	2554.56
9895	C	C	2642.56	37	190	185	0	2642.56	0	0
9896	A	A	2499.8	37	191	191	2499.8	0	0	0
9897	T	T	2562.35	37	189	189	0	0	0	2562.35
9898	A	A	2483.26	37	188	188	2483.26	0	0	0
9899	G	G	2582.06	37	186	181	0	0	2582.06	0
9900	T	T	2470.47	37	183	183	0	0	0	2470.47
9901	A	A	2432.7	37	180	180	2432.7	0	0	0
9902	T	T	2431.93	37	178	178	0	0	0	2431.93
9903	A	A	2405.81	37	175	175	2405.81	0	0	0
9904	T	T	2456.1	37	179	179	0	0	0	2456.1
9905	A	A	2491.97	37	183	183	2491.97	0	0	0
9906	A	A	2491.78	37	179	179	2491.78	0	0	0
9907	T	T	2444.46	37	184	184	0	0	0	2444.46
9908	C	C	2560.46	37	186	180	0	2560.46	0	0
9909	C	C	2638.57	37	188	184	0	2638.57	0	0
9910	T	T	2527.67	37	188	188	0	0	0	2527.67
9911	A	A	2691.03	37	192	192	2691.03	0	0	0
9912	C	C	2749.69	37	196	192	0	2749.69	0	0
9913	C	C	2698.71	37	201	191	0	2698.71	0	0
9914	C	C	2841.8	37	208	200	0	2841.8	0	0
9915	T	T	2773.78	37	208	208	0	0	0	2773.78
9916	A	A	2904	37	209	209	2904	0	0	0
9917	A	A	2920.58	37	209	209	2920.58	0	0	0
9918	T	T	2875.52	37	211	211	0	0	0	2875.52
9919	A	A	2974.34	37	214	214	2974.34	0	0	0
9920	A	A	2983.59	36.7086	214	214	2983.59	0	0	0
9921	T	T	2972.14	36.7151	219	219	0	0	0	2972.14
9922	C	C	2995.07	36.7151	219	210	0	2995.07	0	0
9923	C	C	2881.37	36.7151	219	206	0	2881.37	0	0
9924	T	T	3060.21	36.7271	229	229	0	0	0	3060.21
9925	T	T	3079.36	36.726	228	228	0	0	0	3079.36
9926	A	A	3188.59	36.7283	230	230	3188.59	0	0	0
9927	A	A	3216.28	36.7294	231	231	3216.28	0	0	0
9928	C	C	3309.56	36.4873	237	231	0	3309.56	0	0
9929	C	C	3314.34	36.4852	236	231	0	3314.34	0	0
9930	T	T	3260.1	36.4852	236	236	0	0	0	3260.1
9931	T	T	3219.93	36.479	233	233	0	0	0	3219.93
9932	A	A	3163.63	36.4747	231	231	3163.63	0	0	0
9933	C	C	3148.48	36.4682	228	221	0	3148.48	0	0
9934	A	A	3241.56	36.4811	234	234	3241.56	0	0	0
9935	A	A	3162.52	36.4769	232	232	3162.52	0	0	0
9936	T	T	3152.79	36.4704	229	229	0	0	0	3152.79
9937	C	C	3128.17	36.4747	231	221	0	3128.17	0	0
9938	T	T	3181.86	36.4832	235	235	0	0	0	3181.86
9939	A	A	3252.24	36.4913	239	239	3252.24	0	0	0
9940	C	C	3287.17	36.4933	240	231	0	3287.17	0	0
9941	A	A	3271.06	36.4893	238	238	3271.06	0	0	0
9942	T	T	3262.22	36.4953	241	241	0	0	0	3262.22
9943	C	C	3336.56	36.479	233	231	0	3336.56	0	0
9944	A	A	3155.12	36.4726	230	230	3155.12	0	0	0
9945	T	T	3224.03	36.4704	229	229	0	0	0	3224.03
9946	A	A	3140.19	36.4747	231	231	3140.19	0	0	0
9947	A	A	3095.03	36.466	227	227	3095.03	0	0	0
9948	T	T	3129.43	36.4616	225	224	0	0	0	3129.43
9949	A	A	3068.99	36.466	227	227	3068.99	0	0	0
9950	A	A	2974.94	36.4524	221	221	2974.94	0	0	0
9951	C	C	3149.31	36.4524	221	218	0	3149.31	0	0
9952	T	T	3019.1	36.4381	215	215	0	0	0	3019.1
9953	C	C	3064.43	36.4381	215	213	0	3064.43	0	0
9954	T	T	2974.66	36.4281	211	211	0	0	0	2974.66
9955	A	A	2779.06	36.6949	204	204	2779.06	0	0	0
9956	G	G	2799.98	36.6905	201	196	0	0	2799.98	0
9957	G	G	2754.28	36.6859	198	193	0	0	2754.28	0
9958	G	G	2682.08	36.6813	195	189	0	0	2682.08	0
9959	A	A	2613.96	36.6813	195	195	2613.96	0	0	0
9960	C	C	2794.85	36.6844	197	194	0	2794.85	0	0
9961	A	A	2668.34	36.6844	197	197	2668.34	0	0	0
9962	T	T	2635.97	36.6765	192	192	0	0	0	2635.97
9963	T	T	2601.56	36.6748	191	191	0	0	0	2601.56
9964	T	T	2596.12	36.6748	191	191	0	0	0	2596.12
9965	A	A	2579.07	36.6699	188	188	2579.07	0	0	0
9966	T	T	2638.97	36.6748	191	191	0	0	0	2638.97
9967	A	A	2582.5	36.6699	188	188	2582.5	0	0	0
9968	C	C	2690.88	36.6813	195	189	0	2690.88	0	0
9969	T	T	2616.37	36.6748	191	191	0	0	0	2616.37
9970	A	A	2558.61	36.6664	186	186	2558.61	0	0	0
9971	T	T	2571.29	36.6699	188	188	0	0	0	2571.29
9972	T	T	2582.42	36.6699	188	188	0	0	0	2582.42
9973	C	C	2709.42	36.6715	189	188	0	2709.42	0	0
9974	A	A	2587.6	36.6732	190	190	2587.6	0	0	0
9975	T	T	2591.59	36.6748	191	191	0	0	0	2591.59
9976	G	G	2511.03	36.6699	188	178	0	0	2511.03	0
9977	T	T	2540.83	36.6699	188	187	0	0	0	2540.83
9978	A	A	2587.12	36.6748	191	191	2587.12	0	0	0
9979	C	C	2660.27	36.6732	190	186	0	2660.27	0	0
9980	A	A	2582.94	36.3754	192	192	2582.94	0	0	0
9981	A	A	2655.1	36.3873	196	196	2655.1	0	0	0
9982	T	T	2626.55	36.3931	198	198	0	0	0	2626.55
9983	C	C	2670.37	36.3784	193	187	0	2670.37	0	0
9984	T	T	2627.43	36.6859	198	198	0	0	0	2627.43
9985	A	A	2670.32	36.6813	195	195	2670.32	0	0	0
9986	T	T	2667.3	36.6859	198	198	0	0	0	2667.3
9987	C	C	2709.72	36.6828	196	190	0	2709.72	0	0
9988	T	T	2613.79	36.6828	196	196	0	0	0	2613.79
9989	A	A	2760.97	36.6875	199	199	2760.97	0	0	0
9990	C	C	2676.97	36.6844	197	189	0	2676.97	0	0
9991	A	A	2821.15	36.6949	204	204	2821.15	0	0	0
9992	A	A	2869.99	36.7033	210	210	2869.99	0	0	0
9993	C	C	2918.41	36.706	212	205	0	2918.41	0	0
9994	A	A	2900.88	36.7033	210	210	2900.88	0	0	0
9995	A	A	2933.29	36.7073	213	212	2933.29	0	0	0
9996	C	C	3013.61	36.7151	219	212	0	3013.61	0	0
9997	A	A	3023.35	36.7113	216	216	3023.35	0	0	0
9998	T	T	2950.86	36.7125	217	217	0	0	0	2950.86
9999	T	T	2934.82	36.7073	213	213	0	0	0	2934.82
10000	A	A	2919.97	36.706	212	212	2919.97	0	0	0
10001	T	T	3023	36.7125	217	217	0	0	0	3023
10002	C	C	3090.45	36.7125	217	214	0	3090.45	0	0
10003	A	A	2950.32	37	215	215	2950.32	0	0	0
10004	C	C	3038.87	37	217	212	0	3038.87	0	0
10005	T	T	2957.65	37	219	219	0	0	0	2957.65
10006	G	G	3031.08	37	216	212	0	0	3031.08	0
10007	T	T	2978.58	37	219	219	0	0	0	2978.58
10008	C	C	3029.36	37	213	210	0	3029.36	0	0
10009	C	C	2914.22	36.7073	213	205	0	2914.22	0	0
10010	C	C	2910.23	36.6991	207	202	0	2910.23	0	0
10011	A	A	2752.92	36.6963	205	205	2752.92	0	0	0
10012	C	C	2773.06	36.6949	204	196	0	2773.06	0	0
10013	A	A	2759.28	36.6949	204	204	2759.28	0	0	0
10014	C	C	2873.96	36.6905	201	199	0	2873.96	0	0
10015	A	A	2683.28	36.6844	197	197	2683.28	0	0	0
10016	T	T	2675.92	36.6765	192	192	0	0	0	2675.92
10017	G	G	2637	36.6781	193	185	0	0	2637	0
10018	A	A	2609.09	36.6765	192	192	2609.09	0	0	0
10019	A	A	2623.29	36.6797	194	194	2623.29	0	0	0
10020	A	A	2573.84	36.6732	190	190	2573.84	0	0	0
10021	T	T	2640.84	36.6765	192	192	0	0	0	2640.84
10022	A	A	2619.48	36.6813	195	195	2619.48	0	0	0
10023	A	A	2644.44	36.6797	194	194	2644.44	0	0	0
10024	A	A	2665.81	36.6844	197	197	2665.81	0	0	0
10025	T	T	2611.39	36.6844	197	197	0	0	0	2611.39
10026	T	T	2626.36	36.6844	197	197	0	0	0	2626.36
10027	A	A	2681.12	36.3931	198	198	2681.12	0	0	0
10028	C	C	2742.24	36.3844	195	191	0	2742.24	0	0
10029	C	C	2657.6	36.3754	192	186	0	2657.6	0	0
10030	A	A	2557.28	36.3784	193	193	2557.28	0	0	0
10031	C	C	2695.43	36.3844	195	189	0	2695.43	0	0
10032	T	T	2631.88	36.3754	192	192	0	0	0	2631.88
10033	A	A	2506.92	36.3567	186	186	2506.92	0	0	0
10034	A	A	2516.1	36.3502	184	184	2516.1	0	0	0
10035	T	T	2488.92	36.3368	180	180	0	0	0	2488.92
10036	T	T	2482.45	36.3228	176	176	0	0	0	2482.45
10037	G	G	2511.16	36.6501	177	174	0	0	2511.16	0
10038	C	C	2472.04	36.652	178	173	0	2472.04	0	0
10039	C	C	2398.72	36.6594	182	171	0	2398.72	0	0
10040	T	T	2505.85	36.6612	183	183	0	0	0	2505.85
10041	C	C	2575.83	36.6594	182	179	0	2575.83	0	0
10042	A	A	2504.71	36.6612	183	183	2504.71	0	0	0
10043	C	C	2558.74	36.6576	181	178	0	2558.74	0	0
10044	T	T	2479.35	36.6539	179	179	0	0	0	2479.35
10045	A	A	2487.59	36.6576	181	181	2487.59	0	0	0
10046	A	A	2492.12	36.6594	182	182	2492.12	0	0	0
10047	T	T	2503.2	36.6612	183	183	0	0	0	2503.2
10048	C	C	2614.07	36.6647	185	182	0	2614.07	0	0
10049	C	C	2610.72	36.6612	183	181	0	2610.72	0	0
10050	T	T	2514.5	36.6664	186	186	0	0	0	2514.5
10051	A	A	2542.64	36.6682	187	187	2542.64	0	0	0
10052	G	G	2555.12	36.6682	187	180	0	0	2555.12	0
10053	C	C	2559.02	36.6664	186	180	0	2559.02	0	0
10054	A	A	2522.63	36.6647	185	185	2522.63	0	0	0
10055	C	C	2632.53	36.6629	184	182	0	2632.53	0	0
10056	T	T	2518.72	36.6629	184	184	0	0	0	2518.72
10057	T	T	2527.8	36.6647	185	185	0	0	0	2527.8
10058	A	A	2539.4	36.6629	184	184	2539.4	0	0	0
10059	T	T	2527.04	36.6699	188	188	0	0	0	2527.04
10060	A	A	2567.22	36.6682	187	187	2567.22	0	0	0
10061	C	C	2685.93	36.6797	194	188	0	2685.93	0	0
10062	T	T	2622	36.6859	198	198	0	0	0	2622
10063	A	A	2681.22	36.6875	199	199	2681.22	0	0	0
10064	T	T	2649.85	36.6813	195	195	0	0	0	2649.85
10065	C	C	2567.45	36.6781	193	183	0	2567.45	0	0
10066	A	A	2617.99	36.6748	191	191	2617.99	0	0	0
10067	C	C	2679.6	36.6732	190	186	0	2679.6	0	0
10068	T	T	2620.12	36.6732	190	190	0	0	0	2620.12
10069	A	A	2630.42	36.6699	188	188	2630.42	0	0	0
10070	G	G	2691.96	36.6732	190	187	0	0	2691.96	0
10071	G	G	2792.4	37	195	193	0	0	2792.4	0
10072	C	C	2829.99	36.6949	204	198	0	2829.99	0	0
10073	G	G	2893.9	36.6934	203	201	0	0	2893.9	0
10074	G	G	2937	36.6963	205	203	0	0	2937	0
10075	C	C	2863.57	36.6963	205	200	0	2863.57	0	0
10076	C	C	2830.62	36.6963	205	198	0	2830.62	0	0
10077	T	T	2816.07	36.6949	204	204	0	0	0	2816.07
10078	C	C	2942.65	36.6934	203	203	0	2942.65	0	0
10079	C	C	2853.52	36.6977	206	200	0	2853.52	0	0
10080	C	C	2859.85	36.6963	205	200	0	2859.85	0	0
10081	T	T	2852.21	36.6919	202	202	0	0	0	2852.21
10082	C	C	2859.41	36.689	200	198	0	2859.41	0	0
10083	C	C	2855.13	36.6919	202	198	0	2855.13	0	0
10084	C	C	2908.57	36.6919	202	201	0	2908.57	0	0
10085	C	C	2820.11	36.6934	203	197	0	2820.11	0	0
10086	T	T	2809.08	36.6977	206	206	0	0	0	2809.08
10087	C	C	2869.4	36.6919	202	199	0	2869.4	0	0
10088	T	T	2750.01	36.6859	198	198	0	0	0	2750.01
10089	C	C	2773.55	36.6828	196	192	0	2773.55	0	0
10090	A	A	2546.39	36.6748	191	191	2546.39	0	0	0
10091	G	G	2557.2	36.6732	190	181	0	0	2557.2	0
10092	G	G	2683.27	36.6732	190	187	0	0	2683.27	0
10093	C	C	2638.53	36.6732	190	185	0	2638.53	0	0
10094	T	T	2545.13	36.6715	189	189	0	0	0	2545.13
10095	T	T	2537.85	36.6699	188	188	0	0	0	2537.85
10096	T	T	2521.41	37	185	185	0	0	0	2521.41
10097	A	A	2523.7	37	187	187	2523.7	0	0	0
10098	T	T	2559.06	36.6732	190	190	0	0	0	2559.06
10099	T	T	2545.61	36.6732	190	190	0	0	0	2545.61
10100	C	C	2621.01	36.6682	187	183	0	2621.01	0	0
10101	C	C	2578.28	36.6647	185	180	0	2578.28	0	0
10102	C	C	2606.35	36.6699	188	182	0	2606.35	0	0
10103	A	A	2570.17	36.6732	190	190	2570.17	0	0	0
10104	A	A	2515.81	36.6682	187	187	2515.81	0	0	0
10105	A	A	2490.16	36.6629	184	184	2490.16	0	0	0
10106	T	T	2493.41	36.6557	180	179	0	0	0	2493.41
10107	G	G	2480.94	36.6557	180	174	0	0	2480.94	0
10108	A	A	2439.09	36.6557	180	180	2439.09	0	0	0
10109	A	A	2463.38	36.6539	179	179	2463.38	0	0	0
10110	T	T	2461.77	36.652	178	178	0	0	0	2461.77
10111	A	A	2435.76	36.6539	179	179	2435.76	0	0	0
10112	A	A	2413.12	36.652	178	178	2413.12	0	0	0
10113	T	T	2410.71	36.6482	176	176	0	0	0	2410.71
10114	T	T	2470.75	36.6557	180	180	0	0	0	2470.75
10115	A	A	2446.43	36.6576	181	181	2446.43	0	0	0
10116	T	T	2417.98	36.6501	177	177	0	0	0	2417.98
10117	T	T	2405.58	36.652	178	178	0	0	0	2405.58
10118	C	C	2434.31	36.6463	175	170	0	2434.31	0	0
10119	A	A	2391.55	36.6404	172	172	2391.55	0	0	0
10120	A	A	2429.03	36.6501	177	177	2429.03	0	0	0
10121	G	G	2538.59	36.6557	180	177	0	0	2538.59	0
10122	A	A	2459.82	36.6539	179	179	2459.82	0	0	0
10123	G	G	2560.5	36.6629	184	179	0	0	2560.5	0
10124	T	T	2462.2	37	183	183	0	0	0	2462.2
10125	T	T	2472.18	37	184	184	0	0	0	2472.18
10126	G	G	2596.84	37	183	180	0	0	2596.84	0
10127	A	A	2586.33	37	187	187	2586.33	0	0	0
10128	C	C	2576.57	37	187	181	0	2576.57	0	0
10129	A	A	2557.27	37	187	187	2557.27	0	0	0
10130	A	A	2599.61	37	190	190	2599.61	0	0	0
10131	A	A	2579.94	37	190	190	2579.94	0	0	0
10132	A	A	2585.91	37	188	188	2585.91	0	0	0
10133	A	A	2570.85	37	186	186	2570.85	0	0	0
10134	A	A	2667.25	37	189	189	2667.25	0	0	0
10135	T	T	2598.67	37	193	193	0	0	0	2598.67
10136	G	G	2767.99	37	194	192	0	0	2767.99	0
10137	A	A	2706.89	37	198	198	2706.89	0	0	0
10138	T	T	2664.71	37	200	199	0	0	0	2664.71
10139	A	A	2767.7	37	203	203	2767.7	0	0	0
10140	T	T	2742.3	37	199	199	0	0	0	2742.3
10141	A	A	2719.83	37	198	198	2719.83	0	0	0
10142	A	A	2681.76	37	193	193	2681.76	0	0	0
10143	T	T	2664.57	37	192	192	0	0	0	2664.57
10144	T	T	2712.8	37	194	194	0	0	0	2712.8
10145	G	G	2703.21	37	193	188	0	0	2703.21	0
10146	T	T	2701.02	37	193	193	0	0	0	2701.02
10147	C	C	2745.31	37	196	191	0	2745.31	0	0
10148	A	A	2660	37	194	193	2660	0	0	0
10149	T	T	2677	37	193	193	0	0	0	2677
10150	A	A	2683.2	37	193	193	2683.2	0	0	0
10151	C	C	2717.25	36.6813	195	190	0	2717.25	0	0
10152	C	C	2749.05	36.6813	195	191	0	2749.05	0	0
10153	C	C	2735.96	36.6905	201	192	0	2735.96	0	0
10154	A	A	2743.02	36.6919	202	202	2743.02	0	0	0
10155	T	T	2759.07	36.6949	204	204	0	0	0	2759.07
10156	A	A	2725.2	36.6934	203	203	2725.2	0	0	0
10157	T	T	2725.61	36.6905	201	201	0	0	0	2725.61
10158	T	T	2770.47	36.6934	203	203	0	0	0	2770.47
10159	C	C	2763.93	36.6919	202	195	0	2763.93	0	0
10160	A	A	2723.1	36.689	200	200	2723.1	0	0	0
10161	T	T	2706.05	36.689	200	200	0	0	0	2706.05
10162	A	A	2646.39	36.6875	199	199	2646.39	0	0	0
10163	G	G	2640.54	36.6781	193	186	0	0	2640.54	0
10164	C	C	2716.68	36.6813	195	190	0	2716.68	0	0
10165	C	C	2684.13	36.6748	191	187	0	2684.13	0	0
10166	A	A	2469.35	36.6682	187	187	2469.35	0	0	0
10167	C	C	2512.29	36.6594	182	176	0	2512.29	0	0
10168	C	C	2535.09	36.6557	180	176	0	2535.09	0	0
10169	A	A	2424.21	36.6501	177	177	2424.21	0	0	0
10170	C	C	2423.51	36.6384	171	169	0	2423.51	0	0
10171	A	A	2314.01	36.6322	168	168	2314.01	0	0	0
10172	G	G	2285.18	36.6343	169	161	0	0	2285.18	0
10173	C	C	2425.21	36.6384	171	168	0	2425.21	0	0
10174	T	T	2393.06	36.6384	171	171	0	0	0	2393.06
10175	C	C	2420.69	36.6384	171	168	0	2420.69	0	0
10176	T	T	2302.86	36.6322	168	168	0	0	0	2302.86
10177	A	A	2240.45	36.6301	167	167	2240.45	0	0	0
10178	C	C	2293.74	37	164	160	0	2293.74	0	0
10179	T	T	2185.84	37	162	162	0	0	0	2185.84
10180	A	A	2246.16	37	166	166	2246.16	0	0	0
10181	A	A	2219.42	37	164	164	2219.42	0	0	0
10182	A	A	2154.35	37	163	163	2154.35	0	0	0
10183	C	C	2196.25	37	157	154	0	2196.25	0	0
10184	C	C	2192.83	37	159	154	0	2192.83	0	0
10185	T	T	2181.49	37	158	158	0	0	0	2181.49
10186	T	T	2192.46	37	160	160	0	0	0	2192.46
10187	T	T	2100.67	37	154	154	0	0	0	2100.67
10188	A	A	2037.43	37	148	148	2037.43	0	0	0
10189	T	T	2036.35	37	152	152	0	0	0	2036.35
10190	T	T	2021.04	37	149	149	0	0	0	2021.04
10191	T	T	2043.32	37	150	150	0	0	0	2043.32
10192	C	C	2013.92	36.2342	154	144	0	2013.92	0	0
10193	T	T	2100.53	36.2432	156	156	0	0	0	2100.53
10194	A	A	2208.67	36.252	158	158	2208.67	0	0	0
10195	C	C	2079.2	36.252	158	149	0	2079.2	0	0
10196	A	A	2215.41	36.252	158	158	2215.41	0	0	0
10197	T	T	2218.26	36.2812	165	165	0	0	0	2218.26
10198	G	G	2387.14	36.0049	173	167	0	0	2387.14	0
10199	C	C	2418.45	36.0049	173	169	0	2418.45	0	0
10200	G	G	2502.11	36.0201	176	174	0	0	2502.11	0
10201	C	C	2419.55	36.0151	175	170	0	2419.55	0	0
10202	C	C	2430.25	35.9998	172	169	0	2430.25	0	0
10203	T	T	2362.95	36.01	174	174	0	0	0	2362.95
10204	A	A	2484.31	36.0397	180	180	2484.31	0	0	0
10205	G	G	2561.35	36.0348	179	177	0	0	2561.35	0
10206	C	C	2528.45	36.0348	179	176	0	2528.45	0	0
10207	A	A	2607.04	36.063	185	185	2607.04	0	0	0
10208	T	T	2517.62	36.0896	191	191	0	0	0	2517.62
10209	A	A	2654.37	36.1023	194	194	2654.37	0	0	0
10210	C	C	2652.05	36.1064	195	187	0	2652.05	0	0
10211	G	G	2715.57	35.84	194	189	0	0	2715.57	0
10212	C	C	2728.33	35.8606	198	191	0	2728.33	0	0
10213	T	T	2681.16	36.1267	200	200	0	0	0	2681.16
10214	A	A	2795.66	36.1187	198	198	2795.66	0	0	0
10215	C	C	2829.85	36.1267	200	197	0	2829.85	0	0
10216	A	A	2799.95	36.1345	202	202	2799.95	0	0	0
10217	G	G	2799.11	36.1306	201	195	0	0	2799.11	0
10218	C	C	2885.35	36.407	203	200	0	2885.35	0	0
10219	A	A	2882.25	36.4256	210	210	2882.25	0	0	0
10220	C	C	2894	36.4281	211	203	0	2894	0	0
10221	T	T	2854.45	36.4256	210	210	0	0	0	2854.45
10222	A	A	2915.93	36.4331	213	213	2915.93	0	0	0
10223	A	A	2924.32	36.4256	210	210	2924.32	0	0	0
10224	C	C	3055	36.4356	214	212	0	3055	0	0
10225	A	A	2927.63	36.4256	210	210	2927.63	0	0	0
10226	A	A	2947.2	36.4281	211	211	2947.2	0	0	0
10227	T	T	2948.79	36.4405	216	216	0	0	0	2948.79
10228	G	G	2978.49	36.4429	217	210	0	0	2978.49	0
10229	T	T	2986.09	36.4429	217	217	0	0	0	2986.09
10230	T	T	2961.32	36.4381	215	215	0	0	0	2961.32
10231	T	T	2968.06	36.4381	215	215	0	0	0	2968.06
10232	C	C	3005.26	36.4256	210	208	0	3005.26	0	0
10233	C	C	3008.71	36.4256	210	208	0	3008.71	0	0
10234	C	C	3016.77	36.4356	214	210	0	3016.77	0	0
10235	T	T	2895.75	36.4256	210	210	0	0	0	2895.75
10236	C	C	2909.85	36.4204	208	203	0	2909.85	0	0
10237	G	G	2870.66	36.4204	208	202	0	0	2870.66	0
10238	G	G	3101.34	36.4429	217	215	0	0	3101.34	0
10239	C	C	2945.3	36.4453	218	208	0	2945.3	0	0
10240	A	A	2993.65	36.4405	216	216	2993.65	0	0	0
10241	A	A	2993.75	36.4356	214	214	2993.75	0	0	0
10242	A	A	2970.6	36.4405	216	216	2970.6	0	0	0
10243	C	C	3090.3	36.4405	216	214	0	3090.3	0	0
10244	A	A	2867.4	36.4331	213	213	2867.4	0	0	0
10245	A	A	2850.41	36.4281	211	211	2850.41	0	0	0
10246	T	T	2953.49	36.1645	210	210	0	0	0	2953.49
10247	A	A	2790.53	36.1572	208	208	2790.53	0	0	0
10248	C	C	2881.1	36.423	209	202	0	2881.1	0	0
10249	A	A	2803.84	36.4124	205	205	2803.84	0	0	0
10250	A	A	2809.95	36.4151	206	206	2809.95	0	0	0
10251	A	A	2795.02	36.4098	204	204	2795.02	0	0	0
10252	A	A	2823.21	36.4098	204	204	2823.21	0	0	0
10253	A	A	2799.09	36.1422	204	204	2799.09	0	0	0
10254	T	T	2798.56	36.1422	204	204	0	0	0	2798.56
10255	A	A	2741.84	36.1422	204	204	2741.84	0	0	0
10256	A	A	2704.14	36.1306	201	201	2704.14	0	0	0
10257	A	A	2716.3	36.1345	202	202	2716.3	0	0	0
10258	A	A	2687.69	36.1227	199	199	2687.69	0	0	0
10259	T	T	2758.31	36.3931	198	198	0	0	0	2758.31
10260	G	G	2666.42	36.3814	194	187	0	0	2666.42	0
10261	A	A	2633.63	36.3754	192	192	2633.63	0	0	0
10262	C	C	2723.05	36.3754	192	189	0	2723.05	0	0
10263	A	A	2598.26	36.3784	193	193	2598.26	0	0	0
10264	A	A	2518.18	36.363	188	188	2518.18	0	0	0
10265	T	T	2608.51	36.3724	191	191	0	0	0	2608.51
10266	T	T	2617.89	36.3693	190	190	0	0	0	2617.89
10267	T	T	2577.32	36.3662	189	189	0	0	0	2577.32
10268	G	G	2407.17	36.363	188	174	0	0	2407.17	0
10269	A	A	2468.5	36.3502	184	184	2468.5	0	0	0
10270	A	A	2456.84	36.3469	183	183	2456.84	0	0	0
10271	A	A	2431.09	36.3534	185	185	2431.09	0	0	0
10272	G	G	2400.99	36.6501	177	169	0	0	2400.99	0
10273	C	C	2505.1	36.6501	177	174	0	2505.1	0	0
10274	A	A	2394.82	36.6482	176	176	2394.82	0	0	0
10275	T	T	2432.26	36.6557	180	180	0	0	0	2432.26
10276	A	A	2440.89	37	177	177	2440.89	0	0	0
10277	A	A	2465.5	37	180	180	2465.5	0	0	0
10278	A	A	2563.74	37	187	187	2563.74	0	0	0
10279	A	A	2614.45	37	190	190	2614.45	0	0	0
10280	A	A	2607.02	37	190	190	2607.02	0	0	0
10281	A	A	2582.31	37	189	189	2582.31	0	0	0
10282	A	A	2618.59	37	190	190	2618.59	0	0	0
10283	A	A	2564.87	37	187	187	2564.87	0	0	0
10284	T	T	2627.79	37	194	194	0	0	0	2627.79
10285	A	A	2660.4	37	193	193	2660.4	0	0	0
10286	A	A	2654.49	37	189	189	2654.49	0	0	0
10287	T	T	2616.78	37	189	189	0	0	0	2616.78
10288	C	C	2555.05	37	187	180	0	2555.05	0	0
10289	T	T	2652.27	37	189	189	0	0	0	2652.27
10290	T	T	2637.29	37	189	189	0	0	0	2637.29
10291	C	C	2687.73	37	187	186	0	2687.73	0	0
10292	T	T	2636.55	37	190	190	0	0	0	2636.55
10293	T	T	2594.45	37	186	186	0	0	0	2594.45
10294	G	G	2666.16	36.6781	193	187	0	0	2666.16	0
10295	C	C	2700.3	36.6765	192	188	0	2700.3	0	0
10296	C	C	2626.74	36.6797	194	185	0	2626.74	0	0
10297	C	C	2726.6	36.6828	196	191	0	2726.6	0	0
10298	C	C	2675.95	36.3873	196	188	0	2675.95	0	0
10299	C	C	2773.65	36.3902	197	193	0	2773.65	0	0
10300	T	T	2592.53	36.3754	192	192	0	0	0	2592.53
10301	C	C	2682.5	36.3754	192	187	0	2682.5	0	0
10302	T	T	2604.71	36.3754	192	192	0	0	0	2604.71
10303	A	A	2683.41	36.3754	192	192	2683.41	0	0	0
10304	A	A	2654.31	36.3784	193	193	2654.31	0	0	0
10305	T	T	2659.08	36.3873	196	196	0	0	0	2659.08
10306	C	C	2743.13	36.3931	198	192	0	2743.13	0	0
10307	G	G	2673.25	36.407	203	191	0	0	2673.25	0
10308	T	T	2727.58	36.3959	199	199	0	0	0	2727.58
10309	A	A	2700.51	36.3902	197	197	2700.51	0	0	0
10310	G	G	2788.9	36.3931	198	194	0	0	2788.9	0
10311	C	C	2605.2	36.3814	194	185	0	2605.2	0	0
10312	A	A	2745.79	36.3931	198	198	2745.79	0	0	0
10313	T	T	2698.31	36.3959	199	199	0	0	0	2698.31
10314	C	C	2813.86	36.3902	197	195	0	2813.86	0	0
10315	A	A	2734.23	36.6844	197	197	2734.23	0	0	0
10316	A	A	2725.98	36.6859	198	198	2725.98	0	0	0
10317	C	C	2768.56	36.6905	201	195	0	2768.56	0	0
10318	C	C	2801.57	36.4043	202	197	0	2801.57	0	0
10319	A	A	2762.23	36.4015	201	201	2762.23	0	0	0
10320	T	T	2757.42	36.4043	202	202	0	0	0	2757.42
10321	A	A	2829.5	36.6963	205	205	2829.5	0	0	0
10322	C	C	2859.86	36.6934	203	199	0	2859.86	0	0
10323	T	T	2789.9	36.6949	204	204	0	0	0	2789.9
10324	C	C	2814.96	36.6934	203	197	0	2814.96	0	0
10325	C	C	2795.29	36.6977	206	198	0	2795.29	0	0
10326	T	T	2849.73	36.6991	207	207	0	0	0	2849.73
10327	C	C	2904.68	36.4178	207	202	0	2904.68	0	0
10328	C	C	2850.56	36.4151	206	199	0	2850.56	0	0
10329	C	C	2874.75	35.9137	209	201	0	2874.75	0	0
10330	A	A	2705.37	35.8805	202	201	2705.37	0	0	0
10331	T	T	2755.71	35.8707	200	200	0	0	0	2755.71
10332	T	T	2732.96	35.8606	198	198	0	0	0	2732.96
10333	A	A	2701.5	35.8707	200	200	2701.5	0	0	0
10334	A	A	2693.68	35.8805	202	202	2693.68	0	0	0
10335	C	C	2758.46	35.623	199	194	0	2758.46	0	0
10336	T	T	2642.58	35.3657	195	195	0	0	0	2642.58
10337	C	C	2776.63	35.3796	197	193	0	2776.63	0	0
10338	C	C	2655.98	35.3657	195	187	0	2655.98	0	0
10339	A	A	2565.37	35.3373	191	191	2565.37	0	0	0
10340	A	A	2520.79	35.33	190	190	2520.79	0	0	0
10341	T	T	2593.52	35.3003	186	186	0	0	0	2593.52
10342	A	A	2412.33	35.2773	183	182	2412.33	0	0	0
10343	C	C	2491.11	35.2537	180	175	0	2491.11	0	0
10344	T	T	2489.66	35.0115	179	179	0	0	0	2489.66
10345	C	C	2458.45	34.9936	177	172	0	2458.45	0	0
10346	T	T	2363	34.9471	172	172	0	0	0	2363
10347	C	C	2409.74	34.7297	173	168	0	2409.74	0	0
10348	A	A	2336.79	34.5359	175	175	2336.79	0	0	0
10349	A	A	2301.85	34.5032	172	172	2301.85	0	0	0
10350	T	T	2321.98	34.4582	168	168	0	0	0	2321.98
10351	C	C	2306.78	34.4351	166	161	0	2306.78	0	0
10352	A	A	2208.39	34.363	160	160	2208.39	0	0	0
10353	T	T	2264.63	34.4115	164	164	0	0	0	2264.63
10354	G	G	2260.17	34.4115	164	159	0	0	2260.17	0
10355	G	G	2243.98	34.4351	166	159	0	0	2243.98	0
10356	A	A	2290.68	34.5032	172	172	2290.68	0	0	0
10357	C	C	2299.54	34.6986	170	162	0	2299.54	0	0
10358	T	T	2306.6	34.9566	173	173	0	0	0	2306.6
10359	A	A	2376.83	34.9936	177	177	2376.83	0	0	0
10360	G	G	2376.55	34.9844	176	168	0	0	2376.55	0
10361	A	A	2380.3	35.2211	176	176	2380.3	0	0	0
10362	G	G	2534.49	35.2294	177	176	0	0	2534.49	0
10363	A	A	2369.34	35.4492	173	173	2369.34	0	0	0
10364	T	T	2360.94	35.4567	174	174	0	0	0	2360.94
10365	T	T	2341.18	35.4567	174	174	0	0	0	2341.18
10366	T	T	2400.02	35.5072	181	181	0	0	0	2400.02
10367	A	A	2509.68	35.5346	185	185	2509.68	0	0	0
10368	G	G	2610.2	35.3079	187	182	0	0	2610.2	0
10369	G	G	2558.08	35.3079	187	180	0	0	2558.08	0
10370	C	C	2577.38	35.3516	193	183	0	2577.38	0	0
10371	T	T	2505.84	35.8077	188	188	0	0	0	2505.84
10372	A	A	2570.58	35.8186	190	190	2570.58	0	0	0
10373	A	A	2565.62	35.8132	189	189	2565.62	0	0	0
10374	A	A	2614.74	35.8348	193	193	2614.74	0	0	0
10375	A	A	2653.06	36.1023	194	194	2653.06	0	0	0
10376	A	A	2678.51	36.1187	198	198	2678.51	0	0	0
10377	G	G	2710.75	36.1106	196	190	0	0	2710.75	0
10378	A	A	2693.09	36.1146	197	197	2693.09	0	0	0
10379	C	C	2705.51	36.1023	194	189	0	2705.51	0	0
10380	C	C	2726.58	36.1106	196	191	0	2726.58	0	0
10381	A	A	2704.06	36.1106	196	196	2704.06	0	0	0
10382	A	A	2684.49	36.1023	194	194	2684.49	0	0	0
10383	G	G	2712.84	36.1187	198	191	0	0	2712.84	0
10384	G	G	2742.56	36.1227	199	192	0	0	2742.56	0
10385	G	G	2823.31	36.1227	199	196	0	0	2823.31	0
10386	C	C	2764.31	36.1187	198	193	0	2764.31	0	0
10387	C	C	2691.16	36.1187	198	190	0	2691.16	0	0
10388	T	T	2723.93	36.1227	199	199	0	0	0	2723.93
10389	T	T	2732.81	36.3987	200	200	0	0	0	2732.81
10390	C	C	2775.27	36.3987	200	194	0	2775.27	0	0
10391	A	A	2697.46	36.3987	200	200	2697.46	0	0	0
10392	A	A	2688.23	36.3959	199	199	2688.23	0	0	0
10393	A	A	2712.92	36.3959	199	198	2712.92	0	0	0
10394	G	G	2718.23	36.3931	198	191	0	0	2718.23	0
10395	C	C	2722.93	36.6813	195	190	0	2722.93	0	0
10396	C	C	2683.19	36.6797	194	188	0	2683.19	0	0
10397	C	C	2720.79	36.6859	198	191	0	2720.79	0	0
10398	T	T	2760.83	36.6963	205	205	0	0	0	2760.83
10399	A	A	2870.84	36.6977	206	206	2870.84	0	0	0
10400	A	A	2879.71	36.6991	207	207	2879.71	0	0	0
10401	G	G	2864.81	36.6934	203	199	0	0	2864.81	0
10402	T	T	2818.81	36.6963	205	205	0	0	0	2818.81
10403	A	A	2872.21	36.6991	207	207	2872.21	0	0	0
10404	A	A	2848.35	36.7033	210	210	2848.35	0	0	0
10405	G	G	2999.16	36.7033	210	208	0	0	2999.16	0
10406	T	T	2879.99	36.7019	209	209	0	0	0	2879.99
10407	G	G	2894.26	36.6991	207	202	0	0	2894.26	0
10408	A	A	2747.54	36.6977	206	206	2747.54	0	0	0
10409	A	A	2692.12	36.689	200	200	2692.12	0	0	0
10410	A	A	2684.25	36.689	200	200	2684.25	0	0	0
10411	T	T	2765.7	36.6905	201	201	0	0	0	2765.7
10412	T	T	2727.43	36.6919	202	202	0	0	0	2727.43
10413	C	C	2767.95	36.6859	198	193	0	2767.95	0	0
10414	A	A	2655.6	36.6859	198	198	2655.6	0	0	0
10415	C	C	2646.71	36.6813	195	187	0	2646.71	0	0
10416	T	T	2579	36.6699	188	188	0	0	0	2579
10417	T	T	2599.58	37	187	187	0	0	0	2599.58
10418	A	A	2539.47	37	187	187	2539.47	0	0	0
10419	G	G	2617	37	185	182	0	0	2617	0
10420	T	T	2575.55	37	185	185	0	0	0	2575.55
10421	C	C	2565.94	36.6699	188	181	0	2565.94	0	0
10422	T	T	2542.14	36.6732	190	190	0	0	0	2542.14
10423	C	C	2686.25	36.6781	193	188	0	2686.25	0	0
10424	T	T	2613.06	36.3902	197	197	0	0	0	2613.06
10425	G	G	2738.06	36.3814	194	191	0	0	2738.06	0
10426	T	T	2666.85	36.4015	201	201	0	0	0	2666.85
10427	A	A	2737.51	36.4098	204	204	2737.51	0	0	0
10428	A	A	2762.3	36.4043	202	202	2762.3	0	0	0
10429	C	C	2748.43	36.3987	200	194	0	2748.43	0	0
10430	T	T	2671.24	36.4015	201	201	0	0	0	2671.24
10431	A	A	2749.17	36.3902	197	197	2749.17	0	0	0
10432	T	T	2717.93	36.3959	199	199	0	0	0	2717.93
10433	T	T	2716.7	36.3931	198	196	0	0	0	2716.7
10434	T	T	2727.69	36.3902	197	197	0	0	0	2727.69
10435	A	A	2710.94	36.3931	198	198	2710.94	0	0	0
10436	A	A	2759.35	36.4124	205	205	2759.35	0	0	0
10437	G	G	2787	36.407	203	196	0	0	2787	0
10438	G	G	2882.1	36.6977	206	201	0	0	2882.1	0
10439	A	A	2900.16	36.7019	209	209	2900.16	0	0	0
10440	C	C	2918.1	36.7019	209	204	0	2918.1	0	0
10441	T	T	2786.47	36.6977	206	206	0	0	0	2786.47
10442	G	G	2950.24	36.4331	213	207	0	0	2950.24	0
10443	C	C	3011.88	36.4356	214	210	0	3011.88	0	0
10444	A	A	2890.06	36.4281	211	211	2890.06	0	0	0
10445	A	A	2861.97	36.4204	208	208	2861.97	0	0	0
10446	G	G	2839.05	36.4178	207	199	0	0	2839.05	0
10447	A	A	2820.39	36.4151	206	206	2820.39	0	0	0
10448	G	G	2840.41	36.4204	208	200	0	0	2840.41	0
10449	C	C	2863.59	36.4124	205	200	0	2863.59	0	0
10450	A	A	2838.99	36.1645	210	210	2838.99	0	0	0
10451	T	T	2827.3	36.4151	206	206	0	0	0	2827.3
10452	A	A	2785.6	36.4098	204	204	2785.6	0	0	0
10453	T	T	2796.87	36.1384	203	203	0	0	0	2796.87
10454	C	C	2761.56	36.1306	201	194	0	2761.56	0	0
10455	T	T	2787.5	36.1345	202	202	0	0	0	2787.5
10456	C	C	2910.94	36.1572	208	203	0	2910.94	0	0
10457	A	A	2763.09	36.146	205	205	2763.09	0	0	0
10458	C	C	2825.68	36.1384	203	198	0	2825.68	0	0
10459	A	A	2774.99	36.1384	203	203	2774.99	0	0	0
10460	T	T	2739.63	36.1306	201	201	0	0	0	2739.63
10461	C	C	2686.05	36.1106	196	189	0	2686.05	0	0
10462	A	A	2633.51	36.1106	196	196	2633.51	0	0	0
10463	A	A	2620.35	36.1106	196	196	2620.35	0	0	0
10464	T	T	2751.33	36.1227	199	199	0	0	0	2751.33
10465	T	T	2659.59	36.1023	194	194	0	0	0	2659.59
10466	G	G	2658.84	36.1023	194	188	0	0	2658.84	0
10467	A	A	2514.15	36.3662	189	189	2514.15	0	0	0
10468	A	A	2526.06	36.3724	191	191	2526.06	0	0	0
10469	C	C	2538.79	36.3435	182	178	0	2538.79	0	0
10470	G	G	2495.85	36.3469	183	176	0	0	2495.85	0
10471	C	C	2606.46	36.3502	184	181	0	2606.46	0	0
10472	A	A	2456.8	36.3368	180	180	2456.8	0	0	0
10473	A	A	2479.81	36.3368	180	180	2479.81	0	0	0
10474	A	A	2454.58	36.6539	179	179	2454.58	0	0	0
10475	A	A	2456.82	36.6482	176	176	2456.82	0	0	0
10476	C	C	2560.99	36.3402	181	178	0	2560.99	0	0
10477	A	A	2451.82	36.3368	180	180	2451.82	0	0	0
10478	A	A	2385.22	36.3334	179	179	2385.22	0	0	0
10479	C	C	2437.44	36.0348	179	172	0	2437.44	0	0
10480	C	C	2524.54	36.0444	181	176	0	2524.54	0	0
10481	G	G	2512.53	36.0397	180	176	0	0	2512.53	0
10482	C	C	2509.99	36.0491	182	176	0	2509.99	0	0
10483	T	T	2369.66	36.0201	176	176	0	0	0	2369.66
10484	T	T	2391.57	36.01	174	174	0	0	0	2391.57
10485	T	T	2361.61	35.9998	172	172	0	0	0	2361.61
10486	A	A	2505.77	36.03	178	178	2505.77	0	0	0
10487	A	A	2545.2	36.0397	180	180	2545.2	0	0	0
10488	T	T	2489.4	36.0584	184	184	0	0	0	2489.4
10489	T	T	2516.56	36.0809	189	189	0	0	0	2516.56
10490	A	A	2592.68	36.0809	189	189	2592.68	0	0	0
10491	A	A	2628.7	36.1023	194	194	2628.7	0	0	0
10492	G	G	2803.4	36.1227	199	195	0	0	2803.4	0
10493	C	C	2746.72	36.3959	199	193	0	2746.72	0	0
10494	T	T	2679.13	36.3902	197	197	0	0	0	2679.13
10495	A	A	2606.05	36.3754	192	192	2606.05	0	0	0
10496	A	A	2574.62	36.3599	187	187	2574.62	0	0	0
10497	G	G	2606.4	36.072	187	182	0	0	2606.4	0
10498	C	C	2669.32	36.072	187	185	0	2669.32	0	0
10499	C	C	2673.22	36.072	187	185	0	2673.22	0	0
10500	C	C	2666.49	36.0765	188	185	0	2666.49	0	0
10501	T	T	2564.14	36.063	185	185	0	0	0	2564.14
10502	T	T	2582.58	36.072	187	187	0	0	0	2582.58
10503	C	C	2615.37	36.0538	183	181	0	2615.37	0	0
10504	T	T	2471.75	36.03	178	178	0	0	0	2471.75
10505	A	A	2437.21	36.0251	177	177	2437.21	0	0	0
10506	G	G	2504.97	36.03	178	174	0	0	2504.97	0
10507	A	A	2472.94	36.03	178	178	2472.94	0	0	0
10508	T	T	2457.27	36.03	178	178	0	0	0	2457.27
10509	C	C	2517.99	36.0397	180	176	0	2517.99	0	0
10510	G	G	2627.91	36.0584	184	182	0	0	2627.91	0
10511	G	G	2529.53	36.072	187	179	0	0	2529.53	0
10512	T	T	2539.06	36.0765	188	188	0	0	0	2539.06
10513	G	G	2650.18	36.0852	190	185	0	0	2650.18	0
10514	G	G	2530.32	36.3469	183	178	0	0	2530.32	0
10515	G	G	2483.17	36.3368	180	175	0	0	2483.17	0
10516	C	C	2629.07	36.3599	187	183	0	2629.07	0	0
10517	T	T	2556.04	36.3534	185	185	0	0	0	2556.04
10518	T	T	2543.81	36.3502	184	184	0	0	0	2543.81
10519	T	T	2505.85	36.3435	182	182	0	0	0	2505.85
10520	T	T	2479.85	36.063	185	185	0	0	0	2479.85
10521	G	G	2510.9	36.3599	187	178	0	0	2510.9	0
10522	T	T	2505	36.3599	187	187	0	0	0	2505
10523	C	C	2493.79	36.6576	181	175	0	2493.79	0	0
10524	C	C	2436.23	36.6501	177	171	0	2436.23	0	0
10525	C	C	2459.72	36.6463	175	172	0	2459.72	0	0
10526	A	A	2388.86	36.6501	177	177	2388.86	0	0	0
10527	C	C	2555.31	36.6557	180	177	0	2555.31	0	0
10528	A	A	2440.01	36.652	178	178	2440.01	0	0	0
10529	A	A	2446.2	36.6557	180	179	2446.2	0	0	0
10530	A	A	2438.3	36.6501	177	177	2438.3	0	0	0
10531	A	A	2452.58	36.6576	181	181	2452.58	0	0	0
10532	T	T	2418.7	36.6557	180	180	0	0	0	2418.7
10533	T	T	2465	36.6576	181	181	0	0	0	2465
10534	T	T	2499.96	36.6647	185	185	0	0	0	2499.96
10535	T	T	2479.29	36.6629	184	184	0	0	0	2479.29
10536	A	A	2474.84	36.6501	177	177	2474.84	0	0	0
10537	G	G	2508.97	36.6594	182	176	0	0	2508.97	0
10538	T	T	2495.45	36.6612	183	183	0	0	0	2495.45
10539	T	T	2457.58	36.6501	177	177	0	0	0	2457.58
10540	A	A	2484.64	36.6612	183	183	2484.64	0	0	0
10541	A	A	2519.57	36.6664	186	185	2519.57	0	0	0
10542	C	C	2593.53	36.6682	187	181	0	2593.53	0	0
10543	A	A	2536.42	36.3693	190	190	2536.42	0	0	0
10544	G	G	2631.85	36.3599	187	184	0	0	2631.85	0
10545	C	C	2568.58	36.3567	186	180	0	2568.58	0	0
10546	T	T	2552.79	36.3662	189	189	0	0	0	2552.79
10547	A	A	2478.91	36.3402	181	181	2478.91	0	0	0
10548	A	A	2463.65	36.6557	180	180	2463.65	0	0	0
10549	A	A	2472.66	36.6557	180	180	2472.66	0	0	0
10550	A	A	2479.38	36.6594	182	182	2479.38	0	0	0
10551	A	A	2507.73	36.6612	183	183	2507.73	0	0	0
10552	C	C	2539.22	36.6647	185	178	0	2539.22	0	0
10553	C	C	2496.03	36.6594	182	176	0	2496.03	0	0
10554	C	C	2543.43	36.3402	181	177	0	2543.43	0	0
10555	C	C	2475.88	36.3534	185	176	0	2475.88	0	0
10556	A	A	2523.79	36.3435	182	182	2523.79	0	0	0
10557	A	A	2564.63	36.3534	185	185	2564.63	0	0	0
10558	A	A	2612.62	36.3662	189	189	2612.62	0	0	0
10559	C	C	2606.76	36.3724	191	183	0	2606.76	0	0
10560	A	A	2601.66	36.363	188	188	2601.66	0	0	0
10561	A	A	2583.66	36.3599	187	187	2583.66	0	0	0
10562	C	C	2629.33	36.3693	190	184	0	2629.33	0	0
10563	T	T	2607.85	36.363	188	188	0	0	0	2607.85
10564	G	G	2731.42	36.3814	194	190	0	0	2731.42	0
10565	G	G	2710.53	36.3814	194	189	0	0	2710.53	0
10566	C	C	2677.36	36.1187	198	189	0	2677.36	0	0
10567	T	T	2638.47	35.8556	197	197	0	0	0	2638.47
10568	T	T	2646.36	35.8756	201	201	0	0	0	2646.36
10569	C	C	2841.09	35.895	205	199	0	2841.09	0	0
10570	A	A	2944.27	35.9183	210	210	2944.27	0	0	0
10571	A	A	2912.96	35.9183	210	210	2912.96	0	0	0
10572	T	T	2859.74	35.9318	213	213	0	0	0	2859.74
10573	C	C	2958.2	35.9493	217	209	0	2958.2	0	0
10574	T	T	2942.12	35.945	216	216	0	0	0	2942.12
10575	A	A	2973.63	35.9536	218	218	2973.63	0	0	0
10576	C	C	3022.02	35.9362	214	210	0	3022.02	0	0
10577	T	T	2954.49	35.9362	214	214	0	0	0	2954.49
10578	T	T	2941.74	35.7117	215	215	0	0	0	2941.74
10579	C	C	2982.52	35.4824	213	208	0	2982.52	0	0
10580	T	T	2938.38	35.4763	212	212	0	0	0	2938.38
10581	C	C	2910.58	35.2807	214	205	0	2910.58	0	0
10582	C	C	2922.19	35.2673	212	205	0	2922.19	0	0
10583	C	C	3004.21	35.2673	212	209	0	3004.21	0	0
10584	G	G	2984.82	35.2537	210	207	0	0	2984.82	0
10585	C	C	2984.68	35.2537	210	207	0	2984.68	0	0
10586	C	C	2897.43	35.2399	208	202	0	2897.43	0	0
10587	G	G	3009.17	35.053	210	208	0	0	3009.17	0
10588	C	C	2920.66	35.0455	209	204	0	2920.66	0	0
10589	G	G	2883.25	35.053	210	203	0	0	2883.25	0
10590	T	T	2916.92	35.0604	211	211	0	0	0	2916.92
10591	G	G	2977.5	35.3068	218	210	0	0	2977.5	0
10592	G	G	2970.39	35.2873	215	209	0	0	2970.39	0
10593	A	A	2921.59	35.3003	217	217	2921.59	0	0	0
10594	A	A	2872.62	35.4884	214	214	2872.62	0	0	0
10595	A	A	2918.73	35.5002	216	216	2918.73	0	0	0
10596	A	A	2900.66	35.5002	216	216	2900.66	0	0	0
10597	A	A	2934.66	35.4943	215	215	2934.66	0	0	0
10598	A	A	2914.62	35.4763	212	212	2914.62	0	0	0
10599	A	A	2902.23	35.4517	208	208	2902.23	0	0	0
10600	A	A	2973.76	35.2807	214	214	2973.76	0	0	0
10601	G	G	3010.11	35.2605	211	209	0	0	3010.11	0
10602	G	G	3074.4	35.0896	215	213	0	0	3074.4	0
10603	C	C	3025.27	35.0896	215	211	0	3025.27	0	0
10604	G	G	3053.22	35.111	218	213	0	0	3053.22	0
10605	G	G	3110.06	35.1454	223	216	0	0	3110.06	0
10606	G	G	3216.17	35.3747	229	224	0	0	3216.17	0
10607	A	A	3220.79	35.3864	231	231	3220.79	0	0	0
10608	G	G	3239.04	35.5937	233	227	0	0	3239.04	0
10609	A	A	3301.78	35.6289	240	240	3301.78	0	0	0
10610	A	A	3245.55	35.8121	236	236	3245.55	0	0	0
10611	G	G	3270.54	35.8121	236	229	0	0	3270.54	0
10612	C	C	3317.93	35.8337	241	233	0	3317.93	0	0
10613	C	C	3343.3	35.8337	241	234	0	3343.3	0	0
10614	C	C	3401.21	35.8165	237	235	0	3401.21	0	0
10615	C	C	3271.58	35.619	238	229	0	3271.58	0	0
10616	G	G	3345.74	35.6338	241	234	0	0	3345.74	0
10617	G	G	3241.32	35.604	235	228	0	0	3241.32	0
10618	C	C	3257.04	35.609	236	228	0	3257.04	0	0
10619	A	A	3102.42	35.5886	232	232	3102.42	0	0	0
10620	G	G	3133.41	35.7942	232	222	0	0	3133.41	0
10621	A	A	3101.42	36.0062	231	231	3101.42	0	0	0
10622	A	A	3099.23	35.9985	229	229	3099.23	0	0	0
10623	T	T	3048.26	35.9745	223	223	0	0	0	3048.26
10624	T	T	3032.61	35.9662	221	221	0	0	0	3032.61
10625	G	G	3016.1	35.9578	219	212	0	0	3016.1	0
10626	A	A	2993.78	35.9745	223	223	2993.78	0	0	0
10627	A	A	2971.27	36.2058	222	222	2971.27	0	0	0
10628	T	T	3044.77	36.4501	220	220	0	0	0	3044.77
10629	C	C	3150.57	36.4547	222	219	0	3150.57	0	0
10630	T	T	3008.2	36.4547	222	222	0	0	0	3008.2
10631	G	G	2956.72	36.4453	218	208	0	0	2956.72	0
10632	C	C	2923.6	36.4331	213	206	0	2923.6	0	0
10633	T	T	2879.67	36.4281	211	211	0	0	0	2879.67
10634	T	T	2930.76	36.4256	210	210	0	0	0	2930.76
10635	C	C	3065.33	36.4331	213	212	0	3065.33	0	0
10636	T	T	3007.5	36.4477	219	219	0	0	0	3007.5
10637	T	T	2969.38	36.4429	217	217	0	0	0	2969.38
10638	T	T	2955.45	36.4429	217	217	0	0	0	2955.45
10639	G	G	2977.23	36.4331	213	208	0	0	2977.23	0
10640	A	A	2855.01	36.4331	213	213	2855.01	0	0	0
10641	A	A	2786.15	36.4204	208	208	2786.15	0	0	0
10642	T	T	2828.1	36.6963	205	205	0	0	0	2828.1
10643	T	T	2833.55	37	204	204	0	0	0	2833.55
10644	T	T	2825.77	37	206	206	0	0	0	2825.77
10645	G	G	2832.59	37	209	199	0	0	2832.59	0
10646	C	C	2886.94	37	205	202	0	2886.94	0	0
10647	A	A	2797.18	37	204	204	2797.18	0	0	0
10648	A	A	2797.44	37	206	206	2797.44	0	0	0
10649	T	T	2827.83	37	206	206	0	0	0	2827.83
10650	T	T	2825.05	37	203	203	0	0	0	2825.05
10651	C	C	2810.87	36.6949	204	198	0	2810.87	0	0
10652	A	A	2765.91	36.6977	206	206	2765.91	0	0	0
10653	A	A	2719.15	36.6905	201	201	2719.15	0	0	0
10654	T	T	2764.15	36.6919	202	202	0	0	0	2764.15
10655	A	A	2723.64	36.689	200	200	2723.64	0	0	0
10656	T	T	2719.37	36.689	200	200	0	0	0	2719.37
10657	G	G	2815.71	36.6934	203	197	0	0	2815.71	0
10658	A	A	2704.47	36.6875	199	199	2704.47	0	0	0
10659	T	T	2756.25	36.6934	203	203	0	0	0	2756.25
10660	T	T	2737.55	36.689	200	200	0	0	0	2737.55
10661	A	A	2697.53	36.6844	197	197	2697.53	0	0	0
10662	T	T	2698.39	36.6765	192	192	0	0	0	2698.39
10663	T	T	2650.97	36.6748	191	191	0	0	0	2650.97
10664	C	C	2596.69	36.3784	193	184	0	2596.69	0	0
10665	A	A	2608.92	36.3754	192	192	2608.92	0	0	0
10666	C	C	2572.9	36.0938	192	182	0	2572.9	0	0
10667	C	C	2681.35	36.0896	191	187	0	2681.35	0	0
10668	A	A	2484.56	36.0584	184	184	2484.56	0	0	0
10669	C	C	2582.7	36.0584	184	180	0	2582.7	0	0
10670	A	A	2465.96	36.0491	182	182	2465.96	0	0	0
10671	G	G	2589.1	36.0397	180	179	0	0	2589.1	0
10672	A	A	2492.95	36.0348	179	179	2492.95	0	0	0
10673	G	G	2571.71	36.0444	181	178	0	0	2571.71	0
10674	C	C	2523.41	36.0348	179	176	0	2523.41	0	0
10675	T	T	2458.08	36.3299	178	178	0	0	0	2458.08
10676	T	T	2506.82	36.3368	180	180	0	0	0	2506.82
10677	G	G	2504.61	36.3435	182	176	0	0	2504.61	0
10678	G	G	2514.78	36.3334	179	175	0	0	2514.78	0
10679	C	C	2448.67	36.3192	175	171	0	2448.67	0	0
10680	A	A	2518.48	36.3435	182	181	2518.48	0	0	0
10681	A	A	2583.11	36.3567	186	186	2583.11	0	0	0
10682	A	A	2572.68	36.3567	186	186	2572.68	0	0	0
10683	A	A	2548.77	36.3599	187	187	2548.77	0	0	0
10684	A	A	2597.16	36.3724	191	191	2597.16	0	0	0
10685	G	G	2667.05	36.3724	191	186	0	0	2667.05	0
10686	A	A	2627.72	36.3814	194	194	2627.72	0	0	0
10687	G	G	2644.44	36.363	188	184	0	0	2644.44	0
10688	G	G	2660.49	36.363	188	185	0	0	2660.49	0
10689	A	A	2579.44	36.363	188	188	2579.44	0	0	0
10690	C	C	2543.97	36.0809	189	180	0	2543.97	0	0
10691	T	T	2633.59	36.1106	196	196	0	0	0	2633.59
10692	T	T	2582.19	36.0981	193	193	0	0	0	2582.19
10693	G	G	2789.92	35.8452	195	193	0	0	2789.92	0
10694	C	C	2599.75	35.8348	193	184	0	2599.75	0	0
10695	C	C	2787.69	35.8606	198	194	0	2787.69	0	0
10696	T	T	2725.66	35.8707	200	200	0	0	0	2725.66
10697	C	C	2799.68	35.8657	199	195	0	2799.68	0	0
10698	T	T	2725.01	35.8556	197	197	0	0	0	2725.01
10699	A	A	2709.21	35.8606	198	198	2709.21	0	0	0
10700	T	T	2722.87	35.8556	197	196	0	0	0	2722.87
10701	T	T	2725.84	36.1106	196	196	0	0	0	2725.84
10702	C	C	2804.91	36.1064	195	194	0	2804.91	0	0
10703	T	T	2705.6	36.1187	198	198	0	0	0	2705.6
10704	T	T	2699.98	36.1146	197	197	0	0	0	2699.98
10705	A	A	2683.15	36.1146	197	197	2683.15	0	0	0
10706	G	G	2621.98	36.0981	193	185	0	0	2621.98	0
10707	A	A	2590.32	36.0765	188	188	2590.32	0	0	0
10708	T	T	2630.1	36.0765	188	188	0	0	0	2630.1
10709	T	T	2625.87	36.0765	188	188	0	0	0	2625.87
10710	T	T	2611.17	36.0675	186	186	0	0	0	2611.17
10711	A	A	2522.06	36.063	185	185	2522.06	0	0	0
10712	C	C	2583.47	36.0584	184	180	0	2583.47	0	0
10713	A	A	2500.7	36.0584	184	184	2500.7	0	0	0
10714	G	G	2495.52	36.0491	182	176	0	0	2495.52	0
10715	T	T	2548.72	36.0584	184	184	0	0	0	2548.72
10716	C	C	2503.85	36.0397	180	175	0	2503.85	0	0
10717	T	T	2527.62	36.3534	185	185	0	0	0	2527.62
10718	A	A	2536.83	36.0809	189	189	2536.83	0	0	0
10719	G	G	2496.03	36.063	185	176	0	0	2496.03	0
10720	C	C	2623.04	36.072	187	183	0	2623.04	0	0
10721	G	G	2515.05	36.0765	188	178	0	0	2515.05	0
10722	C	C	2575.66	36.0765	188	181	0	2575.66	0	0
10723	T	T	2513.96	36.063	185	185	0	0	0	2513.96
10724	T	T	2496.6	36.3502	184	184	0	0	0	2496.6
10725	T	T	2547.72	36.363	188	188	0	0	0	2547.72
10726	T	T	2543.6	36.363	188	188	0	0	0	2543.6
10727	A	A	2536.31	36.363	188	188	2536.31	0	0	0
10728	T	T	2572.33	36.3693	190	190	0	0	0	2572.33
10729	C	C	2655.28	36.3599	187	185	0	2655.28	0	0
10730	A	A	2571.55	36.3662	189	189	2571.55	0	0	0
10731	G	G	2683.61	36.3662	189	187	0	0	2683.61	0
10732	C	C	2629.53	36.3724	191	185	0	2629.53	0	0
10733	C	C	2646.35	36.3784	193	186	0	2646.35	0	0
10734	A	A	2615.7	36.3754	192	192	2615.7	0	0	0
10735	T	T	2589.9	36.3754	192	192	0	0	0	2589.9
10736	T	T	2568.67	36.3724	191	191	0	0	0	2568.67
10737	T	T	2635.86	36.3873	196	196	0	0	0	2635.86
10738	T	T	2640.99	36.3931	198	197	0	0	0	2640.99
10739	A	A	2630.64	36.3724	191	191	2630.64	0	0	0
10740	C	C	2673.15	36.3754	192	187	0	2673.15	0	0
10741	C	C	2688.28	36.3844	195	188	0	2688.28	0	0
10742	T	T	2719.87	36.3873	196	196	0	0	0	2719.87
10743	A	A	2578.84	36.3693	190	190	2578.84	0	0	0
10744	T	T	2620.48	36.6748	191	191	0	0	0	2620.48
10745	G	G	2663.11	36.6748	191	186	0	0	2663.11	0
10746	T	T	2584.06	36.6682	187	187	0	0	0	2584.06
10747	T	T	2545.18	37	185	185	0	0	0	2545.18
10748	C	C	2583.62	37	187	181	0	2583.62	0	0
10749	A	A	2590.77	37	185	185	2590.77	0	0	0
10750	T	T	2542.58	37	185	185	0	0	0	2542.58
10751	A	A	2580.98	37	186	186	2580.98	0	0	0
10752	A	A	2644.36	37	191	191	2644.36	0	0	0
10753	A	A	2707.28	37	197	197	2707.28	0	0	0
10754	C	C	2807.77	37	197	195	0	2807.77	0	0
10755	C	C	2743.97	37	195	191	0	2743.97	0	0
10756	G	G	2743.48	37	195	191	0	0	2743.48	0
10757	G	G	2718.97	37	197	191	0	0	2718.97	0
10758	T	T	2735.63	37	202	202	0	0	0	2735.63
10759	G	G	2847.49	37	205	199	0	0	2847.49	0
10760	A	A	2730.08	37	200	200	2730.08	0	0	0
10761	T	T	2701.96	37	198	198	0	0	0	2701.96
10762	T	T	2755.87	37	202	202	0	0	0	2755.87
10763	A	A	2666.13	37	200	200	2666.13	0	0	0
10764	T	T	2750	37	200	200	0	0	0	2750
10765	T	T	2707.41	37	199	199	0	0	0	2707.41
10766	C	C	2833.27	37	200	197	0	2833.27	0	0
10767	T	T	2667.49	37	195	195	0	0	0	2667.49
10768	C	C	2700	37	196	189	0	2700	0	0
10769	T	T	2601.82	37	193	193	0	0	0	2601.82
10770	A	A	2665.68	37	193	193	2665.68	0	0	0
10771	C	C	2690.86	37	194	189	0	2690.86	0	0
10772	G	G	2672.39	37	195	187	0	0	2672.39	0
10773	A	A	2662.13	37	192	192	2662.13	0	0	0
10774	A	A	2687.83	36.6813	195	195	2687.83	0	0	0
10775	C	C	2786.16	36.6859	198	194	0	2786.16	0	0
10776	C	C	2788.7	36.6919	202	196	0	2788.7	0	0
10777	A	A	2795.45	36.6963	205	205	2795.45	0	0	0
10778	T	T	2745.44	36.6949	204	204	0	0	0	2745.44
10779	A	A	2756.32	36.6875	199	199	2756.32	0	0	0
10780	A	A	2826.19	36.6963	205	205	2826.19	0	0	0
10781	A	A	2840.05	36.6977	206	206	2840.05	0	0	0
10782	G	G	2852.87	36.6919	202	199	0	0	2852.87	0
10783	A	A	2769.52	36.6934	203	203	2769.52	0	0	0
10784	C	C	2839.18	36.4178	207	200	0	2839.18	0	0
10785	A	A	2899.72	36.4281	211	211	2899.72	0	0	0
10786	T	T	2865.65	36.4256	210	210	0	0	0	2865.65
10787	T	T	2768.51	36.4043	202	202	0	0	0	2768.51
10788	G	G	2985.93	36.4178	207	206	0	0	2985.93	0
10789	G	G	2907.22	36.423	209	203	0	0	2907.22	0
10790	C	C	2871.06	35.9318	213	202	0	2871.06	0	0
10791	A	A	2938.01	35.9493	217	217	2938.01	0	0	0
10792	C	C	2934.41	35.945	216	207	0	2934.41	0	0
10793	C	C	3066.05	35.7371	220	215	0	3066.05	0	0
10794	C	C	3030.63	35.722	217	212	0	3030.63	0	0
10795	T	T	2916.36	35.722	217	217	0	0	0	2916.36
10796	T	T	2931.43	35.7169	216	216	0	0	0	2931.43
10797	T	T	2954.24	35.722	217	217	0	0	0	2954.24
10798	A	A	2996.46	35.7117	215	215	2996.46	0	0	0
10799	T	T	2987.3	35.7169	216	216	0	0	0	2987.3
10800	C	C	3005.91	35.7117	215	210	0	3005.91	0	0
10801	T	T	2998.42	35.7117	215	215	0	0	0	2998.42
10802	T	T	2998.41	35.4884	214	214	0	0	0	2998.41
10803	C	C	2916.41	35.4703	211	205	0	2916.41	0	0
10804	T	T	2918.98	35.4454	207	207	0	0	0	2918.98
10805	G	G	2910.94	35.4517	208	204	0	0	2910.94	0
10806	T	T	2909.98	35.4703	211	211	0	0	0	2909.98
10807	T	T	2917.79	35.4824	213	213	0	0	0	2917.79
10808	C	C	2961.98	35.5002	216	208	0	2961.98	0	0
10809	G	G	2864.4	35.4641	210	201	0	0	2864.4	0
10810	G	G	2879.38	35.4391	206	201	0	0	2879.38	0
10811	T	T	2812.07	35.4327	205	205	0	0	0	2812.07
10812	G	G	2851.08	35.4132	202	198	0	0	2851.08	0
10813	C	C	2812.82	35.3999	200	196	0	2812.82	0	0
10814	A	A	2750.14	35.3999	200	200	2750.14	0	0	0
10815	T	T	2793.21	35.4066	201	201	0	0	0	2793.21
10816	G	G	2870.82	35.2259	206	200	0	0	2870.82	0
10817	A	A	2836.13	35.8854	203	203	2836.13	0	0	0
10818	G	G	2923.21	35.6744	208	204	0	0	2923.21	0
10819	C	C	2882.05	35.6798	209	202	0	2882.05	0	0
10820	C	C	2937.95	35.696	212	206	0	2937.95	0	0
10821	G	G	2966.07	35.6853	210	206	0	0	2966.07	0
10822	G	G	3008.85	35.696	212	209	0	0	3008.85	0
10823	A	A	2964.69	35.9578	219	219	2964.69	0	0	0
10824	A	A	2898.97	35.9362	214	214	2898.97	0	0	0
10825	T	T	2872.56	35.9183	210	210	0	0	0	2872.56
10826	A	A	2894.32	35.9183	210	210	2894.32	0	0	0
10827	G	G	2885.57	35.9362	214	204	0	0	2885.57	0
10828	T	T	2907.54	35.6906	211	211	0	0	0	2907.54
10829	G	G	2980.39	35.9228	211	207	0	0	2980.39	0
10830	G	G	2928.45	35.9137	209	204	0	0	2928.45	0
10831	G	G	2968.78	35.9273	212	207	0	0	2968.78	0
10832	C	C	3014.85	36.1717	212	209	0	3014.85	0	0
10833	A	A	2863.3	36.1645	210	210	2863.3	0	0	0
10834	C	C	2923.24	35.7169	216	206	0	2923.24	0	0
10835	T	T	2907.01	35.4884	214	214	0	0	0	2907.01
10836	G	G	2981.45	35.4703	211	208	0	0	2981.45	0
10837	C	C	2929.65	35.2468	209	204	0	2929.65	0	0
10838	C	C	2934.98	35.2399	208	204	0	2934.98	0	0
10839	C	C	2903.65	35.2116	204	201	0	2903.65	0	0
10840	T	T	2758.31	35.1445	195	195	0	0	0	2758.31
10841	C	C	2787.18	34.9507	197	193	0	2787.18	0	0
10842	A	A	2703.67	34.9913	202	202	2703.67	0	0	0
10843	G	G	2801.18	34.8118	204	197	0	0	2801.18	0
10844	C	C	2803.58	34.6158	203	196	0	2803.58	0	0
10845	C	C	2730.43	34.5791	199	192	0	2730.43	0	0
10846	T	T	2622.81	34.4921	190	190	0	0	0	2622.81
10847	T	T	2591.26	34.4409	185	185	0	0	0	2591.26
10848	T	T	2645.21	34.4921	190	190	0	0	0	2645.21
10849	T	T	2659.64	34.512	192	192	0	0	0	2659.64
10850	A	A	2714.77	34.5315	194	194	2714.77	0	0	0
10851	A	A	2723.62	34.5603	197	197	2723.62	0	0	0
10852	T	T	2673.89	34.2535	202	202	0	0	0	2673.89
10853	T	T	2706.57	34.2735	204	204	0	0	0	2706.57
10854	C	C	2872.89	34.2834	205	201	0	2872.89	0	0
10855	G	G	2818.22	34.2932	206	198	0	0	2818.22	0
10856	T	T	2761.19	34.2636	203	203	0	0	0	2761.19
10857	G	G	2902.63	34.4737	207	202	0	0	2902.63	0
10858	C	C	3000.2	34.5012	210	208	0	3000.2	0	0
10859	C	C	2951.41	34.1786	211	206	0	2951.41	0	0
10860	G	G	2809.44	34.1488	208	198	0	0	2809.44	0
10861	A	A	2802.93	34.3223	209	208	2802.93	0	0	0
10862	G	G	2869.57	34.5012	210	202	0	0	2869.57	0
10863	C	C	2870.33	34.6688	209	201	0	2870.33	0	0
10864	T	T	2838.01	34.8118	204	204	0	0	0	2838.01
10865	G	G	2877.51	34.6514	207	201	0	0	2877.51	0
10866	G	G	2825.26	34.6158	203	198	0	0	2825.26	0
10867	G	G	2871.49	34.4361	203	199	0	0	2871.49	0
10868	T	T	2758.89	34.6158	203	203	0	0	0	2758.89
10869	C	C	2832.88	34.8285	206	199	0	2832.88	0	0
10870	A	A	2845.58	35.0226	206	206	2845.58	0	0	0
10871	G	G	2930.37	35.0751	213	206	0	0	2930.37	0
10872	C	C	2893.45	35.0968	216	206	0	2893.45	0	0
10873	C	C	2902.39	35.0751	213	205	0	2902.39	0	0
10874	C	C	3009.92	35.0604	211	209	0	3009.92	0	0
10875	G	G	2979.44	35.0678	212	207	0	0	2979.44	0
10876	G	G	2831.6	35.0455	209	200	0	0	2831.6	0
10877	G	G	3006.7	34.885	213	209	0	0	3006.7	0
10878	G	G	3029.97	35.2873	215	211	0	0	3029.97	0
10879	C	C	3061.12	35.3068	218	213	0	3061.12	0	0
10880	T	T	3009.88	35.3132	219	219	0	0	0	3009.88
10881	C	C	3036.02	35.5002	216	212	0	3036.02	0	0
10882	T	T	3011.24	35.5233	220	220	0	0	0	3011.24
10883	G	G	3066.05	35.5346	222	215	0	0	3066.05	0
10884	T	T	3047.04	35.5402	223	223	0	0	0	3047.04
10885	T	T	3010.17	35.5233	220	220	0	0	0	3010.17
10886	G	G	3065.51	35.722	217	213	0	0	3065.51	0
10887	G	G	3043.79	35.9493	217	212	0	0	3043.79	0
10888	G	G	3045.74	36.1925	218	212	0	0	3045.74	0
10889	G	G	3096.65	36.4477	219	215	0	0	3096.65	0
10890	G	G	3051.93	36.4501	220	214	0	0	3051.93	0
10891	A	A	2969.92	36.4501	220	220	2969.92	0	0	0
10892	T	T	3060.52	36.4501	220	220	0	0	0	3060.52
10893	G	G	3104.44	36.4501	220	216	0	0	3104.44	0
10894	A	A	2900.3	36.7113	216	216	2900.3	0	0	0
10895	T	T	2971.67	36.7113	216	216	0	0	0	2971.67
10896	C	C	2948.08	36.706	212	206	0	2948.08	0	0
10897	A	A	2920.67	36.7046	211	211	2920.67	0	0	0
10898	G	G	3027.93	36.7086	214	210	0	0	3027.93	0
10899	A	A	2935.81	36.7033	210	210	2935.81	0	0	0
10900	T	T	2943.72	37	215	215	0	0	0	2943.72
10901	C	C	2957.8	37	217	208	0	2957.8	0	0
10902	T	T	2965.84	36.7125	217	217	0	0	0	2965.84
10903	A	A	3112.75	36.7212	224	224	3112.75	0	0	0
10904	C	C	3023.74	36.7224	225	215	0	3023.74	0	0
10905	A	A	3150.67	36.7283	230	230	3150.67	0	0	0
10906	A	A	3113.07	36.726	228	228	3113.07	0	0	0
10907	T	T	3112.19	36.726	228	228	0	0	0	3112.19
10908	G	G	3058.6	36.7224	225	216	0	0	3058.6	0
10909	T	T	3053.31	36.7176	221	221	0	0	0	3053.31
10910	A	A	2967.39	36.7163	220	220	2967.39	0	0	0
10911	G	G	3011.33	36.7151	219	212	0	0	3011.33	0
10912	T	T	3006.79	36.7138	218	218	0	0	0	3006.79
10913	C	C	3033.73	36.7086	214	211	0	3033.73	0	0
10914	G	G	2878.65	36.7019	209	202	0	0	2878.65	0
10915	T	T	2882.09	36.6991	207	207	0	0	0	2882.09
10916	A	A	2799.16	36.6991	207	207	2799.16	0	0	0
10917	A	A	2757.9	36.6919	202	202	2757.9	0	0	0
10918	C	C	2848.36	36.407	203	198	0	2848.36	0	0
10919	T	T	2753.67	36.3959	199	199	0	0	0	2753.67
10920	G	G	2763.52	36.3931	198	193	0	0	2763.52	0
10921	C	C	2787.82	36.4043	202	196	0	2787.82	0	0
10922	C	C	2763.4	36.3959	199	193	0	2763.4	0	0
10923	C	C	2846.45	36.1227	199	197	0	2846.45	0	0
10924	A	A	2588.79	36.1146	197	197	2588.79	0	0	0
10925	T	T	2643.18	36.1146	197	197	0	0	0	2643.18
10926	G	G	2672.55	36.0938	192	187	0	0	2672.55	0
10927	C	C	2526.62	36.0765	188	179	0	2526.62	0	0
10928	A	A	2541.4	36.072	187	187	2541.4	0	0	0
10929	T	T	2495.61	36.3435	182	182	0	0	0	2495.61
10930	T	T	2546.25	36.0675	186	186	0	0	0	2546.25
10931	C	C	2581.44	36.072	187	181	0	2581.44	0	0
10932	G	G	2579.11	36.0675	186	180	0	0	2579.11	0
10933	T	T	2557.93	36.0809	189	189	0	0	0	2557.93
10934	G	G	2630.08	36.0896	191	185	0	0	2630.08	0
10935	A	A	2587.49	36.0809	189	189	2587.49	0	0	0
10936	T	T	2556.86	36.0852	190	190	0	0	0	2556.86
10937	A	A	2656.34	36.0938	192	192	2656.34	0	0	0
10938	A	A	2664.57	36.0981	193	193	2664.57	0	0	0
10939	T	T	2605.16	36.0896	191	190	0	0	0	2605.16
10940	C	C	2721.2	36.0938	192	189	0	2721.2	0	0
10941	T	T	2650.01	36.0938	192	192	0	0	0	2650.01
10942	T	T	2644.87	36.0852	190	190	0	0	0	2644.87
10943	C	C	2784.61	36.1064	195	193	0	2784.61	0	0
10944	T	T	2661.16	36.1023	194	194	0	0	0	2661.16
10945	T	T	2696.31	36.1187	198	198	0	0	0	2696.31
10946	C	C	2768.31	36.1187	198	194	0	2768.31	0	0
10947	A	A	2658.5	36.1064	195	195	2658.5	0	0	0
10948	T	T	2625.24	36.0938	192	192	0	0	0	2625.24
10949	A	A	2659.33	36.1023	194	194	2659.33	0	0	0
10950	G	G	2685.41	36.1064	195	188	0	0	2685.41	0
10951	T	T	2614.97	36.0809	189	189	0	0	0	2614.97
10952	T	T	2680.5	36.1227	199	199	0	0	0	2680.5
10953	A	A	2709.88	36.3814	194	194	2709.88	0	0	0
10954	T	T	2673.54	36.3873	196	196	0	0	0	2673.54
10955	G	G	2696.43	36.3844	195	188	0	0	2696.43	0
10956	C	C	2703.42	36.3902	197	190	0	2703.42	0	0
10957	C	C	2679.29	36.3987	200	190	0	2679.29	0	0
10958	T	T	2775.41	36.4151	206	206	0	0	0	2775.41
10959	A	A	2821.48	36.4178	207	207	2821.48	0	0	0
10960	T	T	2765.73	36.4098	204	204	0	0	0	2765.73
10961	T	T	2814.97	36.4151	206	206	0	0	0	2814.97
10962	A	A	2749.25	36.4015	201	201	2749.25	0	0	0
10963	T	T	2806.47	36.407	203	203	0	0	0	2806.47
10964	A	A	2711.99	36.3902	197	197	2711.99	0	0	0
10965	A	A	2700.22	36.3902	197	197	2700.22	0	0	0
10966	T	T	2729.66	36.3931	198	198	0	0	0	2729.66
10967	T	T	2729.91	36.3987	200	200	0	0	0	2729.91
10968	G	G	2761.31	36.3959	199	194	0	0	2761.31	0
10969	G	G	2790.15	36.3873	196	194	0	0	2790.15	0
10970	G	G	2695.9	36.3784	193	188	0	0	2695.9	0
10971	G	G	2635.51	36.3693	190	185	0	0	2635.51	0
10972	G	G	2695.24	36.3724	191	187	0	0	2695.24	0
10973	A	A	2624.86	37	189	189	2624.86	0	0	0
10974	T	T	2676.81	36.6813	195	195	0	0	0	2676.81
10975	T	T	2666.92	36.6797	194	194	0	0	0	2666.92
10976	C	C	2727.04	36.6813	195	190	0	2727.04	0	0
10977	G	G	2656.24	36.6781	193	186	0	0	2656.24	0
10978	G	G	2665.24	36.6797	194	187	0	0	2665.24	0
10979	G	G	2626.92	36.6699	188	183	0	0	2626.92	0
10980	A	A	2614.52	36.6699	188	188	2614.52	0	0	0
10981	A	A	2597.88	36.6732	190	190	2597.88	0	0	0
10982	C	C	2745.36	36.6732	190	190	0	2745.36	0	0
10983	T	T	2664.53	36.6828	196	196	0	0	0	2664.53
10984	G	G	2815.78	36.6844	197	195	0	0	2815.78	0
10985	A	A	2709.93	36.6859	198	198	2709.93	0	0	0
10986	T	T	2646.06	36.6828	196	196	0	0	0	2646.06
10987	T	T	2613.25	36.6765	192	192	0	0	0	2613.25
10988	A	A	2716.02	36.6813	195	195	2716.02	0	0	0
10989	G	G	2749.55	36.6813	195	191	0	0	2749.55	0
10990	T	T	2698.98	37	195	195	0	0	0	2698.98
10991	G	G	2804.64	37	195	194	0	0	2804.64	0
10992	C	C	2755.41	37	199	193	0	2755.41	0	0
10993	C	C	2805.12	37	202	197	0	2805.12	0	0
10994	T	T	2763.32	37	204	204	0	0	0	2763.32
10995	T	T	2720.22	37	203	202	0	0	0	2720.22
10996	T	T	2768.04	37	210	209	0	0	0	2768.04
10997	G	G	2958.17	37	208	205	0	0	2958.17	0
10998	A	A	2874.8	36.7046	211	210	2874.8	0	0	0
10999	T	T	2882.34	36.7046	211	211	0	0	0	2882.34
11000	G	G	2955.57	36.706	212	207	0	0	2955.57	0
11001	A	A	2845.16	36.7086	214	213	2845.16	0	0	0
11002	T	T	2900.5	36.7073	213	213	0	0	0	2900.5
11003	C	C	2916.93	36.7046	211	204	0	2916.93	0	0
11004	G	G	2971.21	36.7086	214	208	0	0	2971.21	0
11005	G	G	2945.48	36.7033	210	206	0	0	2945.48	0
11006	T	T	2827.3	36.7005	208	208	0	0	0	2827.3
11007	G	G	2910.18	36.6977	206	202	0	0	2910.18	0
11008	C	C	2867.28	36.6934	203	199	0	2867.28	0	0
11009	C	C	2963.31	36.7019	209	206	0	2963.31	0	0
11010	C	C	2897.42	36.7019	209	203	0	2897.42	0	0
11011	C	C	2923.83	36.6977	206	203	0	2923.83	0	0
11012	C	C	2775.64	36.6963	205	198	0	2775.64	0	0
11013	G	G	2894.68	36.7005	208	202	0	0	2894.68	0
11014	A	A	2861.39	36.4256	210	210	2861.39	0	0	0
11015	C	C	2869.41	36.423	209	202	0	2869.41	0	0
11016	A	A	2877.12	36.4178	207	207	2877.12	0	0	0
11017	T	T	2819.67	36.4204	208	208	0	0	0	2819.67
11018	A	A	2903.51	36.4178	207	207	2903.51	0	0	0
11019	G	G	2880.59	36.423	209	202	0	0	2880.59	0
11020	C	C	2957.1	36.4281	211	206	0	2957.1	0	0
11021	G	G	2852.11	36.4331	213	203	0	0	2852.11	0
11022	T	T	2968.95	36.4405	216	216	0	0	0	2968.95
11023	T	T	2958.08	36.4356	214	214	0	0	0	2958.08
11024	C	C	3099.1	36.4381	215	214	0	3099.1	0	0
11025	C	C	2983.88	36.7033	210	207	0	2983.88	0	0
11026	C	C	3016.89	36.7086	214	210	0	3016.89	0	0
11027	T	T	2910.73	36.7019	209	209	0	0	0	2910.73
11028	C	C	2905.97	36.6991	207	203	0	2905.97	0	0
11029	G	G	2783.21	36.7005	208	197	0	0	2783.21	0
11030	A	A	2737.75	36.6991	207	207	2737.75	0	0	0
11031	A	A	2735.17	36.6934	203	203	2735.17	0	0	0
11032	T	T	2785.93	36.6934	203	203	0	0	0	2785.93
11033	A	A	2755.18	36.6963	205	205	2755.18	0	0	0
11034	A	A	2706.72	36.689	200	200	2706.72	0	0	0
11035	A	A	2695.55	36.6859	198	198	2695.55	0	0	0
11036	T	T	2686.46	36.6859	198	197	0	0	0	2686.46
11037	A	A	2692.43	36.6859	198	198	2692.43	0	0	0
11038	A	A	2704.81	36.6859	198	198	2704.81	0	0	0
11039	C	C	2802.61	36.6875	199	195	0	2802.61	0	0
11040	A	A	2684.25	36.6828	196	196	2684.25	0	0	0
11041	T	T	2642.23	36.6797	194	194	0	0	0	2642.23
11042	A	A	2772.6	36.6875	199	199	2772.6	0	0	0
11043	A	A	2766.47	36.689	200	200	2766.47	0	0	0
11044	G	G	2833.29	36.6859	198	196	0	0	2833.29	0
11045	C	C	2798.82	36.6828	196	194	0	2798.82	0	0
11046	T	T	2723.48	36.6844	197	197	0	0	0	2723.48
11047	T	T	2766.29	36.6875	199	199	0	0	0	2766.29
11048	C	C	2790.44	36.6875	199	194	0	2790.44	0	0
11049	T	T	2753.83	36.6875	199	199	0	0	0	2753.83
11050	G	G	2716.54	36.689	200	191	0	0	2716.54	0
11051	G	G	2727.17	36.6919	202	193	0	0	2727.17	0
11052	T	T	2761.22	36.6905	201	201	0	0	0	2761.22
11053	T	T	2732.02	36.4015	201	201	0	0	0	2732.02
11054	G	G	2813.42	36.407	203	197	0	0	2813.42	0
11055	C	C	2815.71	36.6905	201	196	0	2815.71	0	0
11056	T	T	2739.17	36.6934	203	203	0	0	0	2739.17
11057	G	G	2638.36	36.6859	198	187	0	0	2638.36	0
11058	C	C	2717.31	36.1187	198	191	0	2717.31	0	0
11059	C	C	2717.9	36.1187	198	191	0	2717.9	0	0
11060	A	A	2722.61	36.1187	198	198	2722.61	0	0	0
11061	C	C	2762.95	36.1187	198	193	0	2762.95	0	0
11062	C	C	2745.03	36.1227	199	193	0	2745.03	0	0
11063	A	A	2726.72	36.1306	201	201	2726.72	0	0	0
11064	T	T	2745.92	36.1422	204	204	0	0	0	2745.92
11065	C	C	2859.83	35.8707	200	198	0	2859.83	0	0
11066	T	T	2750.02	35.8854	203	203	0	0	0	2750.02
11067	T	T	2691.09	35.8606	198	198	0	0	0	2691.09
11068	T	T	2715.36	35.8606	198	198	0	0	0	2715.36
11069	C	C	2791.86	35.8504	196	194	0	2791.86	0	0
11070	T	T	2718.18	35.8606	198	198	0	0	0	2718.18
11071	T	T	2752.27	35.8606	198	198	0	0	0	2752.27
11072	A	A	2736.77	35.8556	197	197	2736.77	0	0	0
11073	C	C	2715.91	35.8556	197	190	0	2715.91	0	0
11074	T	T	2733.11	35.8606	198	198	0	0	0	2733.11
11075	G	G	2778.02	35.8606	198	194	0	0	2778.02	0
11076	C	C	2794.37	35.8556	197	194	0	2794.37	0	0
11077	T	T	2737.89	35.8556	197	197	0	0	0	2737.89
11078	T	T	2731.98	35.8504	196	196	0	0	0	2731.98
11079	C	C	2628.03	35.8294	192	185	0	2628.03	0	0
11080	T	T	2659.47	35.8186	190	190	0	0	0	2659.47
11081	G	G	2710.48	35.8348	193	189	0	0	2710.48	0
11082	G	G	2658.15	36.0938	192	186	0	0	2658.15	0
11083	C	C	2737.52	36.1023	194	190	0	2737.52	0	0
11084	C	C	2810.71	36.3987	200	196	0	2810.71	0	0
11085	T	T	2671.44	36.3902	197	197	0	0	0	2671.44
11086	C	C	2678.97	36.1187	198	189	0	2678.97	0	0
11087	C	C	2649.24	36.1106	196	187	0	2649.24	0	0
11088	T	T	2645.58	36.1023	194	194	0	0	0	2645.58
11089	C	C	2704.25	36.1106	196	189	0	2704.25	0	0
11090	T	T	2672.91	36.0981	193	193	0	0	0	2672.91
11091	A	A	2648.43	36.1064	195	195	2648.43	0	0	0
11092	T	T	2663.63	36.0981	193	193	0	0	0	2663.63
11093	G	G	2764.1	36.1187	198	193	0	0	2764.1	0
11094	G	G	2679.42	36.1064	195	189	0	0	2679.42	0
11095	T	T	2676.74	36.1146	197	197	0	0	0	2676.74
11096	A	A	2585.09	36.1106	196	196	2585.09	0	0	0
11097	G	G	2702.48	36.1146	197	190	0	0	2702.48	0
11098	A	A	2610.42	36.1146	197	197	2610.42	0	0	0
11099	A	A	2633.3	36.1023	194	194	2633.3	0	0	0
11100	G	G	2693.35	36.1023	194	188	0	0	2693.35	0
11101	C	C	2658.82	36.3873	196	188	0	2658.82	0	0
11102	A	A	2750.26	36.3987	200	200	2750.26	0	0	0
11103	G	G	2768.53	36.3959	199	193	0	0	2768.53	0
11104	G	G	2699.78	36.3902	197	189	0	0	2699.78	0
11105	T	T	2670.04	36.3873	196	196	0	0	0	2670.04
11106	G	G	2756.72	36.3902	197	192	0	0	2756.72	0
11107	C	C	2844.23	36.3959	199	197	0	2844.23	0	0
11108	A	A	2785.21	36.407	203	203	2785.21	0	0	0
11109	G	G	2810.35	36.4124	205	198	0	0	2810.35	0
11110	G	G	2894.02	36.4124	205	201	0	0	2894.02	0
11111	G	G	2968.13	36.1535	207	205	0	0	2968.13	0
11112	A	A	2911.27	36.4178	207	207	2911.27	0	0	0
11113	C	C	2822.47	36.4204	208	199	0	2822.47	0	0
11114	T	T	2874.37	36.4281	211	211	0	0	0	2874.37
11115	G	G	3080.63	36.4381	215	213	0	0	3080.63	0
11116	G	G	3062.84	36.4405	216	213	0	0	3062.84	0
11117	A	A	2930.01	36.4405	216	216	2930.01	0	0	0
11118	T	T	2939.58	36.4356	214	214	0	0	0	2939.58
11119	G	G	2922.05	36.7073	213	205	0	0	2922.05	0
11120	A	A	2871.9	36.7086	214	214	2871.9	0	0	0
11121	A	A	2898.25	36.7125	217	217	2898.25	0	0	0
11122	C	C	2915.25	36.7046	211	205	0	2915.25	0	0
11123	T	T	2882.61	36.7046	211	211	0	0	0	2882.61
11124	G	G	2967.52	36.7046	211	207	0	0	2967.52	0
11125	T	T	2842.7	36.7033	210	210	0	0	0	2842.7
11126	C	C	2885.74	36.7033	210	203	0	2885.74	0	0
11127	T	T	2829.35	36.7005	208	207	0	0	0	2829.35
11128	A	A	2895.12	36.4281	211	211	2895.12	0	0	0
11129	C	C	2928.08	36.4204	208	204	0	2928.08	0	0
11130	C	C	2944.28	36.4151	206	204	0	2944.28	0	0
11131	C	C	2925.14	36.423	209	204	0	2925.14	0	0
11132	T	T	2860.93	36.4256	210	210	0	0	0	2860.93
11133	C	C	2974.52	36.4331	213	208	0	2974.52	0	0
11134	C	C	3028.87	36.4429	217	212	0	3028.87	0	0
11135	T	T	2925.77	36.4453	218	218	0	0	0	2925.77
11136	C	C	3010.47	36.4501	220	212	0	3010.47	0	0
11137	T	T	2917.76	36.4405	216	216	0	0	0	2917.76
11138	A	A	2937.34	36.7125	217	217	2937.34	0	0	0
11139	G	G	3011.77	36.71	215	210	0	0	3011.77	0
11140	C	C	2914.6	36.4405	216	206	0	2914.6	0	0
11141	G	G	3089.62	36.4477	219	215	0	0	3089.62	0
11142	G	G	3066.41	36.1925	218	214	0	0	3066.41	0
11143	G	G	3132.77	36.1992	220	217	0	0	3132.77	0
11144	T	T	3032.53	36.2058	222	222	0	0	0	3032.53
11145	A	A	3075.78	36.2091	223	223	3075.78	0	0	0
11146	A	A	3049.26	36.1959	219	219	3049.26	0	0	0
11147	T	T	3066.78	36.2123	224	224	0	0	0	3066.78
11148	C	C	3184.61	36.2155	225	221	0	3184.61	0	0
11149	T	T	3108.94	36.2311	230	230	0	0	0	3108.94
11150	G	G	3203.1	36.2311	230	224	0	0	3203.1	0
11151	G	G	3275.61	36.2342	231	228	0	0	3275.61	0
11152	C	C	3256.42	36.01	232	227	0	3256.42	0	0
11153	C	C	3230.41	36.228	229	225	0	3230.41	0	0
11154	C	C	3056.89	36.2058	222	214	0	3056.89	0	0
11155	A	A	3005.75	36.2058	222	222	3005.75	0	0	0
11156	T	T	3077.54	36.2025	221	221	0	0	0	3077.54
11157	G	G	2992.73	36.1717	212	208	0	0	2992.73	0
11158	C	C	3027.09	36.1752	213	210	0	3027.09	0	0
11159	A	A	3048.89	36.1992	220	220	3048.89	0	0	0
11160	G	G	3023.77	36.1891	217	211	0	0	3023.77	0
11161	G	G	2991.47	36.1925	218	210	0	0	2991.47	0
11162	A	A	2935.01	36.1857	216	216	2935.01	0	0	0
11163	G	G	3002.67	36.4429	217	210	0	0	3002.67	0
11164	C	C	3074.04	36.4501	220	214	0	3074.04	0	0
11165	A	A	2957.12	36.4501	220	220	2957.12	0	0	0
11166	T	T	2979.11	36.4477	219	219	0	0	0	2979.11
11167	C	C	3053.19	36.7138	218	213	0	3053.19	0	0
11168	A	A	2959.74	36.7151	219	219	2959.74	0	0	0
11169	G	G	3025.62	36.7125	217	212	0	0	3025.62	0
11170	T	T	2910	36.706	212	212	0	0	0	2910
11171	A	A	2863.24	36.7019	209	209	2863.24	0	0	0
11172	G	G	2851.32	36.7033	210	201	0	0	2851.32	0
11173	A	A	2857.39	36.7046	211	211	2857.39	0	0	0
11174	C	C	3018.38	36.7046	211	209	0	3018.38	0	0
11175	T	T	2876.69	36.6991	207	207	0	0	0	2876.69
11176	T	T	2832.03	36.6977	206	206	0	0	0	2832.03
11177	A	A	2770.94	37	207	207	2770.94	0	0	0
11178	A	A	2772.57	37	209	209	2772.57	0	0	0
11179	C	C	2869.26	37	206	200	0	2869.26	0	0
11180	A	A	2705.99	37	201	201	2705.99	0	0	0
11181	A	A	2692.22	37	199	199	2692.22	0	0	0
11182	T	T	2712.79	37	198	198	0	0	0	2712.79
11183	C	C	2816.84	37	197	195	0	2816.84	0	0
11184	T	T	2714.88	37	200	200	0	0	0	2714.88
11185	T	T	2691.02	37	198	198	0	0	0	2691.02
11186	T	T	2691.01	37	198	198	0	0	0	2691.01
11187	T	T	2663.31	37	198	198	0	0	0	2663.31
11188	C	C	2698.79	37	199	191	0	2698.79	0	0
11189	T	T	2737.69	37	201	201	0	0	0	2737.69
11190	C	C	2783.61	37	202	195	0	2783.61	0	0
11191	T	T	2775.74	37	203	203	0	0	0	2775.74
11192	G	G	2769.15	36.6919	202	194	0	0	2769.15	0
11193	C	C	2798.4	36.3987	200	195	0	2798.4	0	0
11194	A	A	2704.8	36.3844	195	195	2704.8	0	0	0
11195	C	C	2770.74	36.3931	198	193	0	2770.74	0	0
11196	C	C	2792.86	36.4043	202	195	0	2792.86	0	0
11197	T	T	2762.54	36.4098	204	204	0	0	0	2762.54
11198	A	A	2831.08	36.146	205	205	2831.08	0	0	0
11199	G	G	2929.35	36.146	205	203	0	0	2929.35	0
11200	C	C	2960.92	36.1645	210	206	0	2960.92	0	0
11201	A	A	2966.48	36.1787	214	214	2966.48	0	0	0
11202	G	G	3043.33	36.1681	211	210	0	0	3043.33	0
11203	G	G	2919.2	36.1752	213	205	0	0	2919.2	0
11204	C	C	3085.93	36.1891	217	214	0	3085.93	0	0
11205	A	A	2968.46	36.1925	218	218	2968.46	0	0	0
11206	T	T	2994.75	36.1891	217	217	0	0	0	2994.75
11207	C	C	2951.93	36.1822	215	207	0	2951.93	0	0
11208	T	T	2960.36	36.1787	214	214	0	0	0	2960.36
11209	C	C	2902.62	36.1717	212	204	0	2902.62	0	0
11210	T	T	2942.64	36.1822	215	215	0	0	0	2942.64
11211	T	T	2999.67	36.2025	221	221	0	0	0	2999.67
11212	C	C	3043.07	36.1959	219	213	0	3043.07	0	0
11213	T	T	2945.45	36.1787	214	214	0	0	0	2945.45
11214	A	A	2872.85	36.1681	211	211	2872.85	0	0	0
11215	T	T	2906	36.1609	209	209	0	0	0	2906
11216	T	T	2880.69	36.1422	204	204	0	0	0	2880.69
11217	C	C	2953.5	36.146	205	204	0	2953.5	0	0
11218	T	T	2791.54	36.1306	201	201	0	0	0	2791.54
11219	G	G	2790.93	36.1306	201	195	0	0	2790.93	0
11220	G	G	2823.28	36.1384	203	198	0	0	2823.28	0
11221	G	G	2860.8	36.4043	202	199	0	0	2860.8	0
11222	G	G	2829.59	36.407	203	198	0	0	2829.59	0
11223	G	G	2834.67	36.6991	207	199	0	0	2834.67	0
11224	C	C	2869.03	37	207	201	0	2869.03	0	0
11225	T	T	2763.54	37	203	203	0	0	0	2763.54
11226	A	A	2677.82	37	197	197	2677.82	0	0	0
11227	T	T	2661.98	37	195	195	0	0	0	2661.98
11228	C	C	2765.1	37	199	193	0	2765.1	0	0
11229	A	A	2672.37	37	196	196	2672.37	0	0	0
11230	A	A	2677.98	37	197	197	2677.98	0	0	0
11231	T	T	2660.17	37	194	194	0	0	0	2660.17
11232	T	T	2617.62	37	189	189	0	0	0	2617.62
11233	T	T	2641.19	37	190	190	0	0	0	2641.19
11234	C	C	2663.96	37	192	186	0	2663.96	0	0
11235	A	A	2592.89	37	193	193	2592.89	0	0	0
11236	T	T	2618.77	37	191	191	0	0	0	2618.77
11237	C	C	2645.04	37	191	185	0	2645.04	0	0
11238	A	A	2657.68	37	193	193	2657.68	0	0	0
11239	C	C	2648.18	37	193	186	0	2648.18	0	0
11240	T	T	2565.05	37	187	187	0	0	0	2565.05
11241	A	A	2654.94	37	190	190	2654.94	0	0	0
11242	C	C	2685.71	37	192	188	0	2685.71	0	0
11243	T	T	2651.67	37	192	192	0	0	0	2651.67
11244	A	A	2695.23	37	197	197	2695.23	0	0	0
11245	T	T	2684.18	37	198	198	0	0	0	2684.18
11246	T	T	2731.06	37	201	201	0	0	0	2731.06
11247	A	A	2706.51	37	201	201	2706.51	0	0	0
11248	T	T	2712.13	37	199	199	0	0	0	2712.13
11249	T	T	2667.03	37	194	194	0	0	0	2667.03
11250	A	A	2621.29	37	194	194	2621.29	0	0	0
11251	A	A	2566.44	37	190	190	2566.44	0	0	0
11252	C	C	2672.31	37	193	187	0	2672.31	0	0
11253	A	A	2544.92	37	186	186	2544.92	0	0	0
11254	T	T	2557.19	37	185	185	0	0	0	2557.19
11255	G	G	2588	37	187	181	0	0	2588	0
11256	A	A	2570.26	37	189	189	2570.26	0	0	0
11257	A	A	2577.98	37	187	187	2577.98	0	0	0
11258	A	A	2603.39	37	191	191	2603.39	0	0	0
11259	C	C	2569.9	37	190	182	0	2569.9	0	0
11260	C	C	2665.75	37	191	186	0	2665.75	0	0
11261	C	C	2593.95	37	187	182	0	2593.95	0	0
11262	C	C	2713.64	37	191	189	0	2713.64	0	0
11263	C	C	2685.89	37	194	189	0	2685.89	0	0
11264	T	T	2611.98	37	193	193	0	0	0	2611.98
11265	G	G	2741.2	37	191	190	0	0	2741.2	0
11266	C	C	2658.77	37	190	185	0	2658.77	0	0
11267	A	A	2553.18	37	191	191	2553.18	0	0	0
11268	A	A	2540.62	36.6715	189	189	2540.62	0	0	0
11269	T	T	2614.51	36.6664	186	186	0	0	0	2614.51
11270	A	A	2476.41	36.6699	188	188	2476.41	0	0	0
11271	T	T	2589.3	36.6682	187	187	0	0	0	2589.3
11272	C	C	2400.82	36.6557	180	171	0	2400.82	0	0
11273	T	T	2491.29	36.6612	183	183	0	0	0	2491.29
11274	C	C	2462.35	36.6557	180	173	0	2462.35	0	0
11275	A	A	2394.81	36.6482	176	176	2394.81	0	0	0
11276	A	A	2412.2	36.6482	176	176	2412.2	0	0	0
11277	T	T	2396.64	36.6539	179	179	0	0	0	2396.64
11278	A	A	2452.51	36.6539	179	179	2452.51	0	0	0
11279	T	T	2418.36	36.652	178	178	0	0	0	2418.36
11280	C	C	2414.06	36.6539	179	170	0	2414.06	0	0
11281	A	A	2484.07	36.6576	181	181	2484.07	0	0	0
11282	A	A	2431.77	36.6501	177	177	2431.77	0	0	0
11283	A	A	2425.64	36.652	178	178	2425.64	0	0	0
11284	C	C	2496.09	36.6576	181	175	0	2496.09	0	0
11285	C	C	2457.37	36.6501	177	172	0	2457.37	0	0
11286	C	C	2512.14	36.6501	177	174	0	2512.14	0	0
11287	C	C	2423.4	36.6463	175	170	0	2423.4	0	0
11288	T	T	2402.72	36.6443	174	174	0	0	0	2402.72
11289	C	C	2453.35	36.6443	174	171	0	2453.35	0	0
11290	T	T	2388.59	36.6404	172	172	0	0	0	2388.59
11291	G	G	2564.12	36.6557	180	178	0	0	2564.12	0
11292	T	T	2408.94	36.6501	177	177	0	0	0	2408.94
11293	T	T	2403.99	36.6463	175	175	0	0	0	2403.99
11294	T	T	2420.38	36.6501	177	177	0	0	0	2420.38
11295	G	G	2509.15	36.6482	176	174	0	0	2509.15	0
11296	T	T	2471.51	37	182	182	0	0	0	2471.51
11297	A	A	2444.38	37	177	177	2444.38	0	0	0
11298	T	T	2379.38	37	175	175	0	0	0	2379.38
11299	G	G	2469.42	37	176	172	0	0	2469.42	0
11300	A	A	2398.54	37	178	178	2398.54	0	0	0
11301	T	T	2463.44	37	178	178	0	0	0	2463.44
11302	C	C	2534.91	37	181	177	0	2534.91	0	0
11303	A	A	2485.05	37	185	185	2485.05	0	0	0
11304	G	G	2483.4	37	181	174	0	0	2483.4	0
11305	T	T	2381.23	37	175	175	0	0	0	2381.23
11306	C	C	2437.08	37	174	170	0	2437.08	0	0
11307	C	C	2444.48	37	174	170	0	2444.48	0	0
11308	T	T	2433.49	37	176	176	0	0	0	2433.49
11309	A	A	2362.61	37	173	173	2362.61	0	0	0
11310	A	A	2340.42	37	169	169	2340.42	0	0	0
11311	T	T	2345.25	37	171	171	0	0	0	2345.25
11312	C	C	2406.95	37	172	168	0	2406.95	0	0
11313	A	A	2404.16	36.6463	175	175	2404.16	0	0	0
11314	C	C	2376.81	36.3368	180	169	0	2376.81	0	0
11315	A	A	2506.35	36.3502	184	184	2506.35	0	0	0
11316	G	G	2494.53	36.3334	179	174	0	0	2494.53	0
11317	C	C	2538.62	36.3435	182	178	0	2538.62	0	0
11318	A	A	2485.56	36.3334	179	179	2485.56	0	0	0
11319	G	G	2520.45	36.3402	181	176	0	0	2520.45	0
11320	T	T	2512.81	35.7908	185	185	0	0	0	2512.81
11321	A	A	2556.56	35.8077	188	188	2556.56	0	0	0
11322	C	C	2574.3	35.7908	185	180	0	2574.3	0	0
11323	T	T	2537.95	35.5346	185	185	0	0	0	2537.95
11324	T	T	2533.35	35.5279	184	184	0	0	0	2533.35
11325	C	C	2577.59	35.521	183	180	0	2577.59	0	0
11326	T	T	2479.3	35.4715	176	176	0	0	0	2479.3
11327	T	T	2499.07	35.5072	181	181	0	0	0	2499.07
11328	C	C	2559.64	35.5072	181	178	0	2559.64	0	0
11329	T	T	2517.12	35.5346	185	185	0	0	0	2517.12
11330	T	T	2543.77	35.5802	192	192	0	0	0	2543.77
11331	T	T	2502.54	35.5675	190	189	0	0	0	2502.54
11332	T	T	2574.84	35.5675	190	190	0	0	0	2574.84
11333	A	A	2639.92	35.5802	192	192	2639.92	0	0	0
11334	T	T	2611.51	35.5675	190	190	0	0	0	2611.51
11335	C	C	2593.05	35.5142	182	180	0	2593.05	0	0
11336	T	T	2572.73	35.5346	185	185	0	0	0	2572.73
11337	C	C	2702.68	35.5739	191	188	0	2702.68	0	0
11338	T	T	2640.27	35.5802	192	192	0	0	0	2640.27
11339	G	G	2645.51	35.5675	190	185	0	0	2645.51	0
11340	C	C	2590.49	35.8021	187	182	0	2590.49	0	0
11341	C	C	2613.3	35.7965	186	182	0	2613.3	0	0
11342	A	A	2526.73	35.7908	185	185	2526.73	0	0	0
11343	G	G	2620.43	35.7965	186	183	0	0	2620.43	0
11344	T	T	2539.27	35.7908	185	185	0	0	0	2539.27
11345	C	C	2664.17	35.8077	188	185	0	2664.17	0	0
11346	T	T	2575.83	35.8132	189	189	0	0	0	2575.83
11347	T	T	2549.24	35.8077	188	188	0	0	0	2549.24
11348	A	A	2583.12	35.8077	188	188	2583.12	0	0	0
11349	G	G	2579.78	35.7965	186	180	0	0	2579.78	0
11350	C	C	2750.59	35.8348	193	191	0	2750.59	0	0
11351	A	A	2657.79	35.8294	192	192	2657.79	0	0	0
11352	G	G	2758.08	35.8452	195	192	0	0	2758.08	0
11353	C	C	2706.39	36.1187	198	190	0	2706.39	0	0
11354	T	T	2651.79	36.1187	198	197	0	0	0	2651.79
11355	G	G	2786.83	36.1187	198	194	0	0	2786.83	0
11356	G	G	2774.13	36.1146	197	193	0	0	2774.13	0
11357	G	G	2630.83	36.1106	196	186	0	0	2630.83	0
11358	A	A	2636.35	36.3754	192	192	2636.35	0	0	0
11359	T	T	2695.72	36.3814	194	194	0	0	0	2695.72
11360	T	T	2686.22	36.3754	192	192	0	0	0	2686.22
11361	A	A	2571.64	36.6699	188	188	2571.64	0	0	0
11362	C	C	2600.26	36.6699	188	182	0	2600.26	0	0
11363	T	T	2619.9	36.6715	189	189	0	0	0	2619.9
11364	A	A	2579.97	36.6732	190	190	2579.97	0	0	0
11365	T	T	2584.17	36.6699	188	188	0	0	0	2584.17
11366	A	A	2613.24	36.6682	187	187	2613.24	0	0	0
11367	C	C	2653.76	36.6748	191	186	0	2653.76	0	0
11368	T	T	2540.24	36.6664	186	186	0	0	0	2540.24
11369	A	A	2579.72	36.6682	187	187	2579.72	0	0	0
11370	C	C	2641.86	36.6715	189	185	0	2641.86	0	0
11371	T	T	2654.72	36.6797	194	194	0	0	0	2654.72
11372	T	T	2663.9	36.6797	194	194	0	0	0	2663.9
11373	A	A	2600.53	36.6765	192	192	2600.53	0	0	0
11374	C	C	2716.44	36.6748	191	189	0	2716.44	0	0
11375	A	A	2557.4	36.6715	189	189	2557.4	0	0	0
11376	G	G	2477.46	36.6765	192	179	0	0	2477.46	0
11377	A	A	2526.08	36.6647	185	185	2526.08	0	0	0
11378	T	T	2545.98	36.6629	184	184	0	0	0	2545.98
11379	C	C	2591.4	36.6629	184	180	0	2591.4	0	0
11380	G	G	2594.07	36.6629	184	181	0	0	2594.07	0
11381	A	A	2447.5	36.6539	179	179	2447.5	0	0	0
11382	A	A	2456.91	37	182	182	2456.91	0	0	0
11383	A	A	2439.9	37	180	180	2439.9	0	0	0
11384	C	C	2534.51	37	179	176	0	2534.51	0	0
11385	C	C	2570.16	37	180	178	0	2570.16	0	0
11386	T	T	2455.87	37	183	183	0	0	0	2455.87
11387	T	T	2458.81	37	182	182	0	0	0	2458.81
11388	A	A	2474.52	37	181	181	2474.52	0	0	0
11389	A	A	2519.32	36.6629	184	183	2519.32	0	0	0
11390	C	C	2584.68	36.6664	186	181	0	2584.68	0	0
11391	A	A	2575.05	36.6664	186	186	2575.05	0	0	0
11392	C	C	2600.01	36.6732	190	183	0	2600.01	0	0
11393	T	T	2540.68	36.6732	190	190	0	0	0	2540.68
11394	A	A	2667.78	36.3784	193	193	2667.78	0	0	0
11395	C	C	2658.21	36.3784	193	186	0	2658.21	0	0
11396	C	C	2697.59	36.3784	193	188	0	2697.59	0	0
11397	T	T	2627.14	36.3724	191	191	0	0	0	2627.14
11398	T	T	2658.39	36.1106	196	196	0	0	0	2658.39
11399	T	T	2705.59	36.1267	200	200	0	0	0	2705.59
11400	T	T	2688.51	36.1267	200	199	0	0	0	2688.51
11401	T	T	2744.24	36.1384	203	203	0	0	0	2744.24
11402	T	T	2764.3	36.1498	206	206	0	0	0	2764.3
11403	G	G	2887.56	35.8997	206	201	0	0	2887.56	0
11404	A	A	2784.88	35.8805	202	201	2784.88	0	0	0
11405	T	T	2785.89	35.8707	200	200	0	0	0	2785.89
11406	C	C	2747.41	35.8606	198	193	0	2747.41	0	0
11407	C	C	2846.49	35.8657	199	197	0	2846.49	0	0
11408	A	A	2681.38	35.8556	197	197	2681.38	0	0	0
11409	G	G	2762.88	35.8707	200	194	0	0	2762.88	0
11410	C	C	2839.44	35.895	205	199	0	2839.44	0	0
11411	T	T	2698.97	35.8657	199	199	0	0	0	2698.97
11412	G	G	2814.72	35.8707	200	196	0	0	2814.72	0
11413	G	G	2818.16	35.895	205	198	0	0	2818.16	0
11414	A	A	2770.89	35.8997	206	206	2770.89	0	0	0
11415	G	G	2793.5	35.9044	207	197	0	0	2793.5	0
11416	G	G	2906.65	36.1498	206	202	0	0	2906.65	0
11417	A	A	2795.92	36.1498	206	206	2795.92	0	0	0
11418	G	G	2922.05	36.1535	207	203	0	0	2922.05	0
11419	G	G	2824.32	36.4098	204	198	0	0	2824.32	0
11420	A	A	2795.83	36.4098	204	204	2795.83	0	0	0
11421	G	G	2772.14	36.4043	202	195	0	0	2772.14	0
11422	A	A	2718.72	36.3959	199	199	2718.72	0	0	0
11423	T	T	2770.59	36.4015	201	201	0	0	0	2770.59
11424	C	C	2854.35	36.407	203	199	0	2854.35	0	0
11425	C	C	2894.32	36.4151	206	202	0	2894.32	0	0
11426	T	T	2720.17	36.3987	200	200	0	0	0	2720.17
11427	A	A	2700.62	36.4015	201	201	2700.62	0	0	0
11428	T	T	2742.06	36.4043	202	202	0	0	0	2742.06
11429	T	T	2721.34	36.6859	198	198	0	0	0	2721.34
11430	T	T	2699.88	36.6813	195	195	0	0	0	2699.88
11431	T	T	2631.15	36.6732	190	190	0	0	0	2631.15
11432	A	A	2620.53	36.6732	190	190	2620.53	0	0	0
11433	T	T	2673.63	36.3754	192	192	0	0	0	2673.63
11434	A	A	2601.05	36.3724	191	191	2601.05	0	0	0
11435	T	T	2652.95	36.3784	193	193	0	0	0	2652.95
11436	C	C	2719.07	36.3844	195	190	0	2719.07	0	0
11437	A	A	2663.98	36.3814	194	194	2663.98	0	0	0
11438	A	A	2599.56	36.3693	190	190	2599.56	0	0	0
11439	C	C	2631.52	36.3599	187	183	0	2631.52	0	0
11440	A	A	2538.93	36.3724	191	190	2538.93	0	0	0
11441	C	C	2698.64	36.3693	190	187	0	2698.64	0	0
11442	T	T	2625.13	36.363	188	188	0	0	0	2625.13
11443	T	T	2555.34	36.3534	185	185	0	0	0	2555.34
11444	G	G	2522.68	36.3368	180	176	0	0	2522.68	0
11445	T	T	2476.09	36.3368	180	180	0	0	0	2476.09
11446	T	T	2433.79	36.3299	178	178	0	0	0	2433.79
11447	C	C	2411.57	36.3228	176	170	0	2411.57	0	0
11448	T	T	2431.53	36.3299	178	178	0	0	0	2431.53
11449	G	G	2422.35	36.3228	176	170	0	0	2422.35	0
11450	A	A	2411.88	36.3192	175	175	2411.88	0	0	0
11451	T	T	2354.41	36.3192	175	175	0	0	0	2354.41
11452	T	T	2403.29	36.3334	179	179	0	0	0	2403.29
11453	C	C	2521.17	36.3402	181	176	0	2521.17	0	0
11454	T	T	2410.58	36.3435	182	182	0	0	0	2410.58
11455	T	T	2501.5	36.3693	190	190	0	0	0	2501.5
11456	C	C	2578.12	36.3599	187	181	0	2578.12	0	0
11457	G	G	2590.41	36.3469	183	180	0	0	2590.41	0
11458	G	G	2530.87	36.3334	179	176	0	0	2530.87	0
11459	A	A	2412.64	36.6576	181	181	2412.64	0	0	0
11460	C	C	2519.96	36.652	178	175	0	2519.96	0	0
11461	A	A	2332.45	36.6424	173	173	2332.45	0	0	0
11462	C	C	2412.29	36.6384	171	168	0	2412.29	0	0
11463	C	C	2405.88	36.6384	171	168	0	2405.88	0	0
11464	C	C	2317.78	36.3008	170	163	0	2317.78	0	0
11465	T	T	2369.31	36.3156	174	174	0	0	0	2369.31
11466	G	G	2382.26	36.3192	175	168	0	0	2382.26	0
11467	A	A	2504.37	36.3334	179	179	2504.37	0	0	0
11468	G	G	2594.39	36.3435	182	180	0	0	2594.39	0
11469	G	G	2582	36.0584	184	180	0	0	2582	0
11470	T	T	2433.83	36.3534	185	185	0	0	0	2433.83
11471	T	T	2509.85	36.3567	186	186	0	0	0	2509.85
11472	T	T	2570.63	36.3662	189	189	0	0	0	2570.63
11473	A	A	2670.18	36.3844	195	194	2670.18	0	0	0
11474	C	C	2709.66	36.1146	197	190	0	2709.66	0	0
11475	A	A	2759.45	36.1187	198	198	2759.45	0	0	0
11476	T	T	2680.96	36.1306	201	201	0	0	0	2680.96
11477	T	T	2723.72	36.1384	203	203	0	0	0	2723.72
11478	C	C	2715.71	36.1267	200	191	0	2715.71	0	0
11479	T	T	2773.71	36.1384	203	203	0	0	0	2773.71
11480	A	A	2795.53	36.1345	202	202	2795.53	0	0	0
11481	A	A	2824.8	36.1422	204	204	2824.8	0	0	0
11482	T	T	2771.94	36.1422	204	202	0	0	0	2771.94
11483	C	C	2884.97	36.1498	206	201	0	2884.97	0	0
11484	C	C	2882.62	36.146	205	201	0	2882.62	0	0
11485	T	T	2813.82	36.1498	206	206	0	0	0	2813.82
11486	T	T	2863.11	36.1609	209	209	0	0	0	2863.11
11487	C	C	2937.28	36.1535	207	204	0	2937.28	0	0
11488	C	C	2803.43	36.1227	199	195	0	2803.43	0	0
11489	T	T	2717.56	36.1064	195	194	0	0	0	2717.56
11490	G	G	2699.07	36.1064	195	189	0	0	2699.07	0
11491	G	G	2692.15	36.1106	196	189	0	0	2692.15	0
11492	G	G	2730.93	36.0896	191	189	0	0	2730.93	0
11493	T	T	2708.72	36.1146	197	197	0	0	0	2708.72
11494	T	T	2711.76	36.1227	199	199	0	0	0	2711.76
11495	C	C	2722.52	36.1106	196	190	0	2722.52	0	0
11496	G	G	2647.89	36.1106	196	187	0	0	2647.89	0
11497	G	G	2689.33	36.3724	191	187	0	0	2689.33	0
11498	A	A	2662.41	36.6797	194	194	2662.41	0	0	0
11499	A	A	2679.71	36.6828	196	196	2679.71	0	0	0
11500	T	T	2660.24	36.6797	194	194	0	0	0	2660.24
11501	G	G	2690.6	36.6781	193	188	0	0	2690.6	0
11502	A	A	2593.66	36.6781	193	193	2593.66	0	0	0
11503	T	T	2673.79	36.3844	195	195	0	0	0	2673.79
11504	C	C	2706.53	36.3814	194	189	0	2706.53	0	0
11505	T	T	2607.34	36.3724	191	191	0	0	0	2607.34
11506	C	C	2623.23	36.3754	192	185	0	2623.23	0	0
11507	T	T	2570.22	36.3724	191	191	0	0	0	2570.22
11508	C	C	2627.45	36.0765	188	184	0	2627.45	0	0
11509	A	A	2542.77	36.0675	186	186	2542.77	0	0	0
11510	C	C	2564.68	36.063	185	180	0	2564.68	0	0
11511	A	A	2522.62	36.063	185	185	2522.62	0	0	0
11512	T	T	2586.21	36.0765	188	188	0	0	0	2586.21
11513	T	T	2554.77	36.0584	184	184	0	0	0	2554.77
11514	G	G	2552.92	36.0584	184	179	0	0	2552.92	0
11515	T	T	2493.52	36.0538	183	183	0	0	0	2493.52
11516	T	T	2529.59	36.0896	191	190	0	0	0	2529.59
11517	A	A	2614.4	36.3693	190	190	2614.4	0	0	0
11518	C	C	2607.31	36.3814	194	184	0	2607.31	0	0
11519	T	T	2558.19	36.3724	191	191	0	0	0	2558.19
11520	T	T	2569.55	36.3754	192	192	0	0	0	2569.55
11521	A	A	2646.77	36.3873	196	196	2646.77	0	0	0
11522	T	T	2644.89	36.3873	196	196	0	0	0	2644.89
11523	T	T	2613.76	36.3724	191	191	0	0	0	2613.76
11524	A	A	2564.65	36.3724	191	191	2564.65	0	0	0
11525	T	T	2560.16	36.3599	187	187	0	0	0	2560.16
11526	T	T	2589.94	36.3599	187	187	0	0	0	2589.94
11527	C	C	2637.29	36.363	188	184	0	2637.29	0	0
11528	A	A	2602.29	36.3724	191	191	2602.29	0	0	0
11529	G	G	2536.74	36.3534	185	178	0	0	2536.74	0
11530	G	G	2581.88	36.3534	185	181	0	0	2581.88	0
11531	A	A	2604.54	36.363	188	188	2604.54	0	0	0
11532	A	A	2625.39	36.3693	190	190	2625.39	0	0	0
11533	A	A	2645.97	36.3754	192	192	2645.97	0	0	0
11534	A	A	2665.72	36.3754	192	192	2665.72	0	0	0
11535	A	A	2644.46	36.3754	192	192	2644.46	0	0	0
11536	A	A	2639.34	36.3784	193	193	2639.34	0	0	0
11537	A	A	2675.67	36.3844	195	195	2675.67	0	0	0
11538	G	G	2713.35	36.3873	196	190	0	0	2713.35	0
11539	A	A	2640.02	36.3754	192	192	2640.02	0	0	0
11540	A	A	2610.92	36.3662	189	189	2610.92	0	0	0
11541	C	C	2557.91	36.3814	194	183	0	2557.91	0	0
11542	C	C	2655.03	36.6797	194	186	0	2655.03	0	0
11543	T	T	2690.3	36.1227	199	199	0	0	0	2690.3
11544	T	T	2694.76	36.1306	201	201	0	0	0	2694.76
11545	T	T	2686.76	36.1267	200	200	0	0	0	2686.76
11546	T	T	2728.72	36.1306	201	201	0	0	0	2728.72
11547	G	G	2823.77	36.1345	202	197	0	0	2823.77	0
11548	G	G	2848.06	36.1345	202	199	0	0	2848.06	0
11549	C	C	2826.09	36.407	203	198	0	2826.09	0	0
11550	T	T	2796.73	36.4151	206	206	0	0	0	2796.73
11551	A	A	2846.17	36.4178	207	207	2846.17	0	0	0
11552	T	T	2851.73	36.423	209	209	0	0	0	2851.73
11553	A	A	2887.39	36.4281	211	211	2887.39	0	0	0
11554	T	T	2843.52	36.4204	208	208	0	0	0	2843.52
11555	A	A	2902.84	36.4331	213	213	2902.84	0	0	0
11556	G	G	2927.3	36.423	209	204	0	0	2927.3	0
11557	G	G	2895.03	36.4256	210	203	0	0	2895.03	0
11558	A	A	2868.05	36.4204	208	208	2868.05	0	0	0
11559	A	A	2842.99	36.6977	206	206	2842.99	0	0	0
11560	T	T	2819.52	36.6875	199	199	0	0	0	2819.52
11561	A	A	2777.45	36.6905	201	201	2777.45	0	0	0
11562	G	G	2879.84	36.6949	204	200	0	0	2879.84	0
11563	T	T	2855.92	36.6991	207	207	0	0	0	2855.92
11564	C	C	2906.57	36.7019	209	203	0	2906.57	0	0
11565	T	T	2872.86	36.7086	214	214	0	0	0	2872.86
11566	G	G	2893.06	36.7046	211	204	0	0	2893.06	0
11567	A	A	2822.1	36.4178	207	207	2822.1	0	0	0
11568	G	G	2765.23	36.4124	205	196	0	0	2765.23	0
11569	C	C	2839.41	36.6949	204	199	0	2839.41	0	0
11570	G	G	2813	36.6977	206	198	0	0	2813	0
11571	A	A	2744.13	36.6934	203	203	2744.13	0	0	0
11572	T	T	2790.94	36.6919	202	202	0	0	0	2790.94
11573	A	A	2685.95	36.6949	204	204	2685.95	0	0	0
11574	A	A	2641.24	36.6934	203	203	2641.24	0	0	0
11575	T	T	2737.34	36.6844	197	197	0	0	0	2737.34
11576	A	A	2555.99	36.6797	194	194	2555.99	0	0	0
11577	T	T	2607.77	36.6682	187	187	0	0	0	2607.77
11578	C	C	2527.17	36.6557	180	176	0	2527.17	0	0
11579	C	C	2528.62	36.6501	177	175	0	2528.62	0	0
11580	A	A	2433.63	36.6501	177	177	2433.63	0	0	0
11581	T	T	2483.31	36.6594	182	182	0	0	0	2483.31
11582	T	T	2468.46	36.6576	181	181	0	0	0	2468.46
11583	G	G	2511.64	36.6629	184	176	0	0	2511.64	0
11584	G	G	2542.41	36.6557	180	177	0	0	2542.41	0
11585	A	A	2429.51	36.652	178	178	2429.51	0	0	0
11586	T	T	2426.2	36.6501	177	177	0	0	0	2426.2
11587	T	T	2410.39	36.6463	175	175	0	0	0	2410.39
11588	C	C	2446.86	36.652	178	172	0	2446.86	0	0
11589	T	T	2447.04	36.652	178	178	0	0	0	2447.04
11590	T	T	2424.7	36.6482	176	176	0	0	0	2424.7
11591	A	A	2399.94	36.6463	175	175	2399.94	0	0	0
11592	G	G	2488.39	36.6501	177	173	0	0	2488.39	0
11593	G	G	2519.2	36.6557	180	176	0	0	2519.2	0
11594	A	A	2449.83	36.6557	180	180	2449.83	0	0	0
11595	T	T	2447.42	36.6576	181	181	0	0	0	2447.42
11596	T	T	2429.66	36.6539	179	179	0	0	0	2429.66
11597	T	T	2431.68	36.652	178	178	0	0	0	2431.68
11598	A	A	2389.06	36.6482	176	176	2389.06	0	0	0
11599	T	T	2414.92	36.6463	175	175	0	0	0	2414.92
11600	C	C	2290.46	36.6322	168	162	0	2290.46	0	0
11601	G	G	2343.38	36.6343	169	164	0	0	2343.38	0
11602	T	T	2362.96	36.6384	171	171	0	0	0	2362.96
11603	G	G	2412.28	36.6424	173	169	0	0	2412.28	0
11604	T	T	2399.11	36.6482	176	176	0	0	0	2399.11
11605	G	G	2433.85	36.6404	172	169	0	0	2433.85	0
11606	A	A	2351.66	36.6363	170	170	2351.66	0	0	0
11607	G	G	2285.35	36.6363	170	162	0	0	2285.35	0
11608	C	C	2414.21	36.652	178	170	0	2414.21	0	0
11609	T	T	2435.63	36.6594	182	182	0	0	0	2435.63
11610	C	C	2458.67	36.6576	181	174	0	2458.67	0	0
11611	A	A	2473.65	36.6576	181	181	2473.65	0	0	0
11612	T	T	2397.18	36.6539	179	179	0	0	0	2397.18
11613	C	C	2488.96	36.6482	176	173	0	2488.96	0	0
11614	A	A	2508.16	36.6612	183	183	2508.16	0	0	0
11615	T	T	2441.34	36.6539	179	179	0	0	0	2441.34
11616	A	A	2484.12	36.6576	181	181	2484.12	0	0	0
11617	T	T	2500.46	36.6594	182	182	0	0	0	2500.46
11618	G	G	2600.72	36.6647	185	181	0	0	2600.72	0
11619	T	T	2524.76	36.6664	186	186	0	0	0	2524.76
11620	T	T	2467.89	36.6594	182	182	0	0	0	2467.89
11621	T	T	2486.91	36.6594	182	182	0	0	0	2486.91
11622	A	A	2541.93	36.6612	183	183	2541.93	0	0	0
11623	C	C	2575.22	36.6594	182	179	0	2575.22	0	0
11624	C	C	2577.26	36.6612	183	179	0	2577.26	0	0
11625	G	G	2609.74	36.6732	190	183	0	0	2609.74	0
11626	T	T	2608.07	36.6748	191	191	0	0	0	2608.07
11627	A	A	2541.11	36.6715	189	189	2541.11	0	0	0
11628	G	G	2515.58	36.6664	186	178	0	0	2515.58	0
11629	G	G	2529.74	36.6557	180	176	0	0	2529.74	0
11630	T	T	2491.85	36.6557	180	180	0	0	0	2491.85
11631	A	A	2470.46	36.6557	180	180	2470.46	0	0	0
11632	T	T	2492.35	36.6594	182	182	0	0	0	2492.35
11633	A	A	2521.34	36.6647	185	185	2521.34	0	0	0
11634	G	G	2550.86	36.6629	184	179	0	0	2550.86	0
11635	A	A	2444.13	36.6557	180	180	2444.13	0	0	0
11636	C	C	2526.9	36.6557	180	176	0	2526.9	0	0
11637	G	G	2392.99	36.6482	176	169	0	0	2392.99	0
11638	T	T	2471.65	36.6501	177	177	0	0	0	2471.65
11639	T	T	2444.17	36.6482	176	176	0	0	0	2444.17
11640	G	G	2378.3	36.6404	172	167	0	0	2378.3	0
11641	A	A	2279.57	36.6424	173	173	2279.57	0	0	0
11642	C	C	2321.85	36.6322	168	163	0	2321.85	0	0
11643	A	A	2236.05	36.6322	168	168	2236.05	0	0	0
11644	C	C	2258.35	36.6236	164	159	0	2258.35	0	0
11645	A	A	2237.45	36.6279	166	166	2237.45	0	0	0
11646	C	C	2213.35	36.6169	161	156	0	2213.35	0	0
11647	G	G	2282.61	36.2852	166	160	0	0	2282.61	0
11648	A	A	2310.12	36.2812	165	165	2310.12	0	0	0
11649	G	G	2287.89	36.2812	165	160	0	0	2287.89	0
11650	C	C	2358.29	36.6404	172	166	0	2358.29	0	0
11651	T	T	2299.48	36.6404	172	172	0	0	0	2299.48
11652	T	T	2368.26	36.6482	176	176	0	0	0	2368.26
11653	A	A	2513.58	36.6557	180	180	2513.58	0	0	0
11654	C	C	2554.73	36.063	185	179	0	2554.73	0	0
11655	T	T	2496.65	36.0538	183	183	0	0	0	2496.65
11656	T	T	2536.21	36.072	187	187	0	0	0	2536.21
11657	C	C	2551.12	35.8077	188	180	0	2551.12	0	0
11658	A	A	2508.07	35.7965	186	186	2508.07	0	0	0
11659	C	C	2502.09	35.7965	186	177	0	2502.09	0	0
11660	T	T	2520.76	35.8077	188	188	0	0	0	2520.76
11661	T	T	2518.06	35.8021	187	187	0	0	0	2518.06
11662	C	C	2648.12	35.5802	192	186	0	2648.12	0	0
11663	A	A	2640.12	35.5802	192	192	2640.12	0	0	0
11664	G	G	2687.49	35.5802	192	187	0	0	2687.49	0
11665	C	C	2637.49	35.5865	193	186	0	2637.49	0	0
11666	T	T	2538.62	35.5479	187	187	0	0	0	2538.62
11667	A	A	2614.96	35.33	190	190	2614.96	0	0	0
11668	C	C	2717.33	35.3516	193	189	0	2717.33	0	0
11669	C	C	2773.01	35.3516	193	192	0	2773.01	0	0
11670	A	A	2656.49	35.3516	193	193	2656.49	0	0	0
11671	T	T	2637.69	35.3727	196	196	0	0	0	2637.69
11672	A	A	2730.38	35.3932	199	199	2730.38	0	0	0
11673	A	A	2769.34	35.3999	200	200	2769.34	0	0	0
11674	T	T	2700.24	35.3999	200	200	0	0	0	2700.24
11675	T	T	2709.32	35.6406	202	202	0	0	0	2709.32
11676	A	A	2771.8	35.6406	202	201	2771.8	0	0	0
11677	T	T	2760.56	35.8902	204	203	0	0	0	2760.56
11678	T	T	2795.15	35.8854	203	203	0	0	0	2795.15
11679	G	G	2863.69	35.9044	207	201	0	0	2863.69	0
11680	C	C	2907.08	35.8997	206	202	0	2907.08	0	0
11681	T	T	2823.12	35.9137	209	209	0	0	0	2823.12
11682	A	A	2831.2	35.9137	209	209	2831.2	0	0	0
11683	T	T	2781.56	35.9091	208	208	0	0	0	2781.56
11684	C	C	2829.01	36.1422	204	198	0	2829.01	0	0
11685	C	C	2933.51	35.9183	210	206	0	2933.51	0	0
11686	C	C	2839.6	35.6633	206	199	0	2839.6	0	0
11687	G	G	2856.47	35.6633	206	200	0	0	2856.47	0
11688	A	A	2827.8	35.6577	205	205	2827.8	0	0	0
11689	C	C	2834.75	35.652	204	198	0	2834.75	0	0
11690	A	A	2811.26	35.652	204	204	2811.26	0	0	0
11691	G	G	2818.58	35.6463	203	197	0	0	2818.58	0
11692	G	G	2826.03	35.6463	203	197	0	0	2826.03	0
11693	A	A	2868.95	35.6577	205	205	2868.95	0	0	0
11694	G	G	2852.62	35.652	204	199	0	0	2852.62	0
11695	T	T	2848.75	35.6744	208	208	0	0	0	2848.75
11696	C	C	2848.98	35.6798	209	201	0	2848.98	0	0
11697	A	A	2886.66	35.6853	210	210	2886.66	0	0	0
11698	A	A	2859.06	35.6906	211	211	2859.06	0	0	0
11699	A	A	2816.51	35.6633	206	206	2816.51	0	0	0
11700	G	G	2853.98	35.6689	207	200	0	0	2853.98	0
11701	T	T	2860.46	35.6633	206	206	0	0	0	2860.46
11702	A	A	2712.1	35.9044	207	207	2712.1	0	0	0
11703	T	T	2803.19	36.1422	204	204	0	0	0	2803.19
11704	T	T	2789.52	36.1384	203	203	0	0	0	2789.52
11705	T	T	2738.25	36.1267	200	200	0	0	0	2738.25
11706	A	A	2579.97	36.3814	194	194	2579.97	0	0	0
11707	G	G	2630.08	36.0981	193	186	0	0	2630.08	0
11708	C	C	2634.57	36.0981	193	185	0	2634.57	0	0
11709	T	T	2666.05	36.1023	194	194	0	0	0	2666.05
11710	G	G	2565.13	36.072	187	180	0	0	2565.13	0
11711	A	A	2508.46	36.3469	183	183	2508.46	0	0	0
11712	C	C	2574.23	36.3469	183	179	0	2574.23	0	0
11713	T	T	2526.83	36.3534	185	184	0	0	0	2526.83
11714	A	A	2534.96	36.3502	184	184	2534.96	0	0	0
11715	G	G	2586.11	36.3567	186	181	0	0	2586.11	0
11716	C	C	2519.51	36.3662	189	178	0	2519.51	0	0
11717	C	C	2564.56	36.3693	190	181	0	2564.56	0	0
11718	A	A	2620.03	36.3693	190	190	2620.03	0	0	0
11719	C	C	2623.35	36.3724	191	184	0	2623.35	0	0
11720	T	T	2578.82	36.3724	191	191	0	0	0	2578.82
11721	C	C	2688.22	36.3724	191	187	0	2688.22	0	0
11722	T	T	2637.04	36.3784	193	193	0	0	0	2637.04
11723	G	G	2813.51	36.3902	197	195	0	0	2813.51	0
11724	C	C	2691.46	36.407	203	191	0	2691.46	0	0
11725	A	A	2732.55	36.4043	202	202	2732.55	0	0	0
11726	C	C	2839.67	36.4043	202	198	0	2839.67	0	0
11727	G	G	2864.08	36.4124	205	200	0	0	2864.08	0
11728	G	G	2942.05	36.4151	206	204	0	0	2942.05	0
11729	A	A	2783.41	36.6919	202	202	2783.41	0	0	0
11730	G	G	2778.71	36.689	200	194	0	0	2778.71	0
11731	G	G	2767.65	36.6844	197	193	0	0	2767.65	0
11732	G	G	2706.59	37	199	190	0	0	2706.59	0
11733	A	A	2745.83	37	199	199	2745.83	0	0	0
11734	A	A	2739.18	37	199	199	2739.18	0	0	0
11735	T	T	2721.28	37	197	196	0	0	0	2721.28
11736	A	A	2717.37	37	196	196	2717.37	0	0	0
11737	T	T	2721.32	36.6844	197	197	0	0	0	2721.32
11738	T	T	2731.67	36.6828	196	196	0	0	0	2731.67
11739	A	A	2655.02	36.6797	194	194	2655.02	0	0	0
11740	A	A	2679.07	36.6844	197	197	2679.07	0	0	0
11741	A	A	2703.71	36.6875	199	199	2703.71	0	0	0
11742	T	T	2743.42	36.6919	202	202	0	0	0	2743.42
11743	G	G	2745.48	36.689	200	194	0	0	2745.48	0
11744	A	A	2727.58	36.6875	199	199	2727.58	0	0	0
11745	T	T	2707.54	36.6919	202	202	0	0	0	2707.54
11746	C	C	2779.75	36.6875	199	194	0	2779.75	0	0
11747	T	T	2697.3	36.6828	196	196	0	0	0	2697.3
11748	C	C	2717.3	36.3959	199	191	0	2717.3	0	0
11749	C	C	2785.46	35.8707	200	195	0	2785.46	0	0
11750	C	C	2776.72	35.8854	203	195	0	2776.72	0	0
11751	G	G	2744.66	35.8805	202	194	0	0	2744.66	0
11752	C	C	2683.33	35.8556	197	189	0	2683.33	0	0
11753	T	T	2650.97	35.8452	195	195	0	0	0	2650.97
11754	A	A	2577.37	35.8348	193	193	2577.37	0	0	0
11755	T	T	2653.96	35.8348	193	193	0	0	0	2653.96
11756	G	G	2609.7	35.8241	191	184	0	0	2609.7	0
11757	A	A	2488.59	35.8021	187	187	2488.59	0	0	0
11758	T	T	2535.58	35.785	184	184	0	0	0	2535.58
11759	G	G	2532.32	35.7793	183	177	0	0	2532.32	0
11760	T	T	2493.72	35.5346	185	185	0	0	0	2493.72
11761	G	G	2574.81	35.5142	182	179	0	0	2574.81	0
11762	A	A	2453.46	35.7495	178	178	2453.46	0	0	0
11763	G	G	2462.83	35.7433	177	172	0	0	2462.83	0
11764	C	C	2434.57	35.7246	174	170	0	2434.57	0	0
11765	C	C	2442.5	35.7309	175	170	0	2442.5	0	0
11766	C	C	2446.15	35.7616	180	172	0	2446.15	0	0
11767	T	T	2471.94	35.7616	180	180	0	0	0	2471.94
11768	G	G	2469.46	35.7495	178	173	0	0	2469.46	0
11769	G	G	2476.08	35.7495	178	173	0	0	2476.08	0
11770	G	G	2452.91	35.7182	173	170	0	0	2452.91	0
11771	C	C	2457.92	35.7371	176	171	0	2457.92	0	0
11772	T	T	2462.47	35.7495	178	178	0	0	0	2462.47
11773	T	T	2462.45	36.0348	179	179	0	0	0	2462.45
11774	T	T	2476.6	36.0397	180	180	0	0	0	2476.6
11775	A	A	2445.24	36.0348	179	179	2445.24	0	0	0
11776	T	T	2498.85	35.7908	185	185	0	0	0	2498.85
11777	T	T	2542.14	35.8077	188	188	0	0	0	2542.14
11778	T	T	2502.66	35.7908	185	185	0	0	0	2502.66
11779	T	T	2520.06	35.7965	186	186	0	0	0	2520.06
11780	C	C	2570.06	35.8077	188	181	0	2570.06	0	0
11781	C	C	2659.98	35.5802	192	186	0	2659.98	0	0
11782	T	T	2602.06	35.5739	191	191	0	0	0	2602.06
11783	G	G	2651.51	35.5739	191	186	0	0	2651.51	0
11784	T	T	2638.23	35.5989	195	195	0	0	0	2638.23
11785	T	T	2641.33	35.5865	193	193	0	0	0	2641.33
11786	T	T	2618.89	35.8186	190	190	0	0	0	2618.89
11787	A	A	2576.14	35.8241	191	191	2576.14	0	0	0
11788	C	C	2642.62	35.8077	188	184	0	2642.62	0	0
11789	A	A	2551.84	35.785	184	184	2551.84	0	0	0
11790	G	G	2663.19	35.8132	189	185	0	0	2663.19	0
11791	T	T	2592.7	35.8186	190	190	0	0	0	2592.7
11792	A	A	2550.22	35.7965	186	186	2550.22	0	0	0
11793	G	G	2701.57	35.8186	190	188	0	0	2701.57	0
11794	G	G	2516.8	35.8241	191	179	0	0	2516.8	0
11795	A	A	2622.39	35.84	194	194	2622.39	0	0	0
11796	G	G	2585.08	35.8241	191	182	0	0	2585.08	0
11797	G	G	2613.85	36.3662	189	184	0	0	2613.85	0
11798	C	C	2615.31	36.0809	189	183	0	2615.31	0	0
11799	C	C	2623.27	35.8186	190	184	0	2623.27	0	0
11800	T	T	2603.02	35.8241	191	191	0	0	0	2603.02
11801	T	T	2569.76	35.8132	189	189	0	0	0	2569.76
11802	A	A	2523.04	35.7965	186	186	2523.04	0	0	0
11803	C	C	2580.53	35.785	184	180	0	2580.53	0	0
11804	G	G	2599.11	35.785	184	181	0	0	2599.11	0
11805	G	G	2511.92	35.7734	182	176	0	0	2511.92	0
11806	G	G	2479.84	35.7433	177	173	0	0	2479.84	0
11807	A	A	2436.89	35.7616	180	179	2436.89	0	0	0
11808	A	A	2438.33	36.3264	177	177	2438.33	0	0	0
11809	T	T	2442.2	36.3228	176	176	0	0	0	2442.2
11810	T	T	2436.23	36.3299	178	178	0	0	0	2436.23
11811	G	G	2455.32	36.3334	179	172	0	0	2455.32	0
11812	T	T	2445.39	36.3334	179	179	0	0	0	2445.39
11813	C	C	2528.99	36.3368	180	176	0	2528.99	0	0
11814	C	C	2469.11	36.3299	178	173	0	2469.11	0	0
11815	T	T	2429.54	36.3264	177	177	0	0	0	2429.54
11816	A	A	2453.51	36.3264	177	177	2453.51	0	0	0
11817	G	G	2474.25	36.3192	175	172	0	0	2474.25	0
11818	C	C	2442.9	36.0201	176	171	0	2442.9	0	0
11819	T	T	2431.82	36.3299	178	178	0	0	0	2431.82
11820	A	A	2404.81	36.3299	178	178	2404.81	0	0	0
11821	A	A	2380.05	36.3228	176	176	2380.05	0	0	0
11822	T	T	2441.59	36.3228	176	176	0	0	0	2441.59
11823	T	T	2422.44	36.3192	175	175	0	0	0	2422.44
11824	C	C	2468.7	36.0251	177	172	0	2468.7	0	0
11825	A	A	2360.21	35.9998	172	172	2360.21	0	0	0
11826	T	T	2333.4	35.9893	170	170	0	0	0	2333.4
11827	C	C	2343.25	35.9998	172	165	0	2343.25	0	0
11828	T	T	2348.8	35.9998	172	172	0	0	0	2348.8
11829	C	C	2491.32	36.0151	175	173	0	2491.32	0	0
11830	T	T	2378.5	36.0151	175	175	0	0	0	2378.5
11831	A	A	2415.12	36.0251	177	177	2415.12	0	0	0
11832	G	G	2520.64	35.7495	178	175	0	0	2520.64	0
11833	A	A	2391.98	35.7495	178	178	2391.98	0	0	0
11834	C	C	2472.91	35.7371	176	172	0	2472.91	0	0
11835	A	A	2347.78	35.7246	174	174	2347.78	0	0	0
11836	T	T	2387.4	35.7182	173	173	0	0	0	2387.4
11837	C	C	2389.1	35.7182	173	168	0	2389.1	0	0
11838	G	G	2325.45	35.7117	172	164	0	0	2325.45	0
11839	T	T	2326.2	35.6986	170	170	0	0	0	2326.2
11840	T	T	2302.29	35.6853	168	168	0	0	0	2302.29
11841	C	C	2185.99	35.9676	166	156	0	2185.99	0	0
11842	T	T	2246.41	35.9731	167	167	0	0	0	2246.41
11843	C	C	2339.19	36.2852	166	163	0	2339.19	0	0
11844	C	C	2230.01	36.2892	167	159	0	2230.01	0	0
11845	A	A	2372.74	36.2969	169	169	2372.74	0	0	0
11846	T	T	2291.58	36.2969	169	169	0	0	0	2291.58
11847	G	G	2382.21	36.3045	171	167	0	0	2382.21	0
11848	A	A	2354.73	36.3192	175	175	2354.73	0	0	0
11849	C	C	2418.58	36.3045	171	168	0	2418.58	0	0
11850	A	A	2362.33	36.3156	174	174	2362.33	0	0	0
11851	C	C	2329.37	36.3192	175	165	0	2329.37	0	0
11852	G	G	2336.6	36.3008	170	164	0	0	2336.6	0
11853	T	T	2357	36.3192	175	175	0	0	0	2357
11854	A	A	2475.66	36.3334	179	179	2475.66	0	0	0
11855	C	C	2400.05	36.3469	183	172	0	2400.05	0	0
11856	T	T	2476.54	36.3502	184	184	0	0	0	2476.54
11857	A	A	2545.21	36.3469	183	183	2545.21	0	0	0
11858	T	T	2529.56	36.3724	191	191	0	0	0	2529.56
11859	G	G	2648.39	36.363	188	184	0	0	2648.39	0
11860	T	T	2617.24	36.3814	194	194	0	0	0	2617.24
11861	G	G	2728.82	36.3784	193	189	0	0	2728.82	0
11862	G	G	2727.64	36.3754	192	189	0	0	2727.64	0
11863	T	T	2681.07	36.3844	195	195	0	0	0	2681.07
11864	A	A	2727.15	36.3902	197	197	2727.15	0	0	0
11865	G	G	2788.86	36.3902	197	194	0	0	2788.86	0
11866	C	C	2714.9	36.3844	195	190	0	2714.9	0	0
11867	C	C	2842.07	36.3959	199	197	0	2842.07	0	0
11868	C	C	2817.9	36.4124	205	199	0	2817.9	0	0
11869	A	A	2777.64	36.4043	202	202	2777.64	0	0	0
11870	T	T	2794.94	36.6963	205	205	0	0	0	2794.94
11871	T	T	2744.2	36.6934	203	203	0	0	0	2744.2
11872	T	T	2726.8	36.689	200	200	0	0	0	2726.8
11873	T	T	2773.92	36.6875	199	199	0	0	0	2773.92
11874	C	C	2855.96	36.6905	201	198	0	2855.96	0	0
11875	A	A	2784.94	36.6963	205	205	2784.94	0	0	0
11876	C	C	2903.11	36.6934	203	201	0	2903.11	0	0
11877	T	T	2804.02	36.6934	203	203	0	0	0	2804.02
11878	A	A	2746.38	36.6875	199	199	2746.38	0	0	0
11879	C	C	2772.53	36.6859	198	193	0	2772.53	0	0
11880	G	G	2775.68	36.6844	197	193	0	0	2775.68	0
11881	T	T	2751.44	36.689	200	200	0	0	0	2751.44
11882	G	G	2789.99	36.6875	199	195	0	0	2789.99	0
11883	C	C	2852.42	36.6919	202	199	0	2852.42	0	0
11884	T	T	2746.12	36.689	200	200	0	0	0	2746.12
11885	G	G	2780.15	36.6905	201	195	0	0	2780.15	0
11886	T	T	2711.55	36.6859	198	198	0	0	0	2711.55
11887	C	C	2811.36	36.6875	199	196	0	2811.36	0	0
11888	A	A	2736.33	36.6905	201	201	2736.33	0	0	0
11889	A	A	2763.95	36.6977	206	206	2763.95	0	0	0
11890	T	T	2721.93	36.6875	199	199	0	0	0	2721.93
11891	G	G	2792.99	36.6875	199	195	0	0	2792.99	0
11892	G	G	2725.87	36.6813	195	190	0	0	2725.87	0
11893	G	G	2805.02	36.6813	195	194	0	0	2805.02	0
11894	A	A	2704.87	36.3844	195	195	2704.87	0	0	0
11895	G	G	2679.48	36.3844	195	188	0	0	2679.48	0
11896	C	C	2708.93	36.6828	196	190	0	2708.93	0	0
11897	T	T	2702.65	36.6828	196	196	0	0	0	2702.65
11898	G	G	2743.6	36.6828	196	191	0	0	2743.6	0
11899	T	T	2739.74	36.6919	202	202	0	0	0	2739.74
11900	T	T	2735.02	36.689	200	200	0	0	0	2735.02
11901	T	T	2645.87	36.6797	194	193	0	0	0	2645.87
11902	T	T	2656.79	36.6797	194	194	0	0	0	2656.79
11903	C	C	2711.66	36.689	200	191	0	2711.66	0	0
11904	G	G	2896.56	36.6949	204	201	0	0	2896.56	0
11905	C	C	2823.63	36.6919	202	197	0	2823.63	0	0
11906	C	C	2763.38	36.6875	199	193	0	2763.38	0	0
11907	A	A	2700.14	36.6875	199	199	2700.14	0	0	0
11908	T	T	2757.33	36.689	200	200	0	0	0	2757.33
11909	C	C	2773.77	36.6875	199	194	0	2773.77	0	0
11910	A	A	2613.94	36.6828	196	196	2613.94	0	0	0
11911	T	T	2660.13	36.6797	194	193	0	0	0	2660.13
11912	A	A	2581.64	36.6732	190	190	2581.64	0	0	0
11913	G	G	2680.14	36.6715	189	186	0	0	2680.14	0
11914	G	G	2563.77	37	183	179	0	0	2563.77	0
11915	A	A	2637.91	37	188	188	2637.91	0	0	0
11916	G	G	2638.18	37	191	185	0	0	2638.18	0
11917	G	G	2631.31	37	189	184	0	0	2631.31	0
11918	A	A	2688.53	37	193	193	2688.53	0	0	0
11919	T	T	2617.07	37	194	194	0	0	0	2617.07
11920	T	T	2684.41	37	196	196	0	0	0	2684.41
11921	T	T	2708.59	37	198	198	0	0	0	2708.59
11922	G	G	2749.36	37	196	192	0	0	2749.36	0
11923	T	T	2693.69	37	194	194	0	0	0	2693.69
11924	C	C	2745.92	37	192	190	0	2745.92	0	0
11925	C	C	2707.21	36.6732	190	188	0	2707.21	0	0
11926	A	A	2634.41	36.6732	190	190	2634.41	0	0	0
11927	C	C	2671.01	36.6732	190	186	0	2671.01	0	0
11928	T	T	2665.85	36.6765	192	192	0	0	0	2665.85
11929	G	G	2593.73	36.6748	191	183	0	0	2593.73	0
11930	A	A	2571.39	36.6732	190	190	2571.39	0	0	0
11931	T	T	2639.82	36.6748	191	191	0	0	0	2639.82
11932	T	T	2601.52	36.6748	191	191	0	0	0	2601.52
11933	C	C	2662.87	36.1146	197	188	0	2662.87	0	0
11934	C	C	2613.32	36.0896	191	184	0	2613.32	0	0
11935	C	C	2683.55	36.0896	191	187	0	2683.55	0	0
11936	A	A	2638.31	36.0896	191	191	2638.31	0	0	0
11937	C	C	2693.77	36.1106	196	189	0	2693.77	0	0
11938	T	T	2665.37	36.1023	194	194	0	0	0	2665.37
11939	A	A	2616.64	36.0938	192	192	2616.64	0	0	0
11940	T	T	2648.73	36.0981	193	193	0	0	0	2648.73
11941	T	T	2641.7	36.0981	193	193	0	0	0	2641.7
11942	C	C	2703.85	36.0981	193	189	0	2703.85	0	0
11943	T	T	2675.93	36.1106	196	196	0	0	0	2675.93
11944	C	C	2742.63	36.0981	193	191	0	2742.63	0	0
11945	A	A	2583.15	36.0938	192	192	2583.15	0	0	0
11946	G	G	2464.39	36.0675	186	176	0	0	2464.39	0
11947	G	G	2616.91	36.0809	189	184	0	0	2616.91	0
11948	C	C	2639.75	35.8241	191	185	0	2639.75	0	0
11949	T	T	2578.61	36.0981	193	193	0	0	0	2578.61
11950	A	A	2581.69	36.0981	193	193	2581.69	0	0	0
11951	C	C	2647.46	35.84	194	187	0	2647.46	0	0
11952	A	A	2588.21	36.1023	194	194	2588.21	0	0	0
11953	C	C	2580.19	36.0765	188	182	0	2580.19	0	0
11954	A	A	2544.34	36.0584	184	184	2544.34	0	0	0
11955	C	C	2573.69	36.072	187	181	0	2573.69	0	0
11956	T	T	2528.71	36.072	187	187	0	0	0	2528.71
11957	T	T	2559.58	36.072	187	187	0	0	0	2559.58
11958	A	A	2632.33	36.0852	190	190	2632.33	0	0	0
11959	A	A	2572.76	36.0765	188	188	2572.76	0	0	0
11960	T	T	2595.13	36.0809	189	189	0	0	0	2595.13
11961	A	A	2621.61	36.0896	191	191	2621.61	0	0	0
11962	A	A	2611.98	36.0765	188	188	2611.98	0	0	0
11963	C	C	2738.98	36.1106	196	191	0	2738.98	0	0
11964	A	A	2720	36.1146	197	197	2720	0	0	0
11965	C	C	2633.46	36.1064	195	186	0	2633.46	0	0
11966	A	A	2680.5	36.1064	195	195	2680.5	0	0	0
11967	T	T	2708.1	36.1384	203	203	0	0	0	2708.1
11968	G	G	2855.57	36.1306	201	198	0	0	2855.57	0
11969	A	A	2746.54	36.1227	199	199	2746.54	0	0	0
11970	G	G	2812.26	36.1384	203	197	0	0	2812.26	0
11971	C	C	2756.01	36.1306	201	194	0	2756.01	0	0
11972	A	A	2772.16	36.1306	201	201	2772.16	0	0	0
11973	A	A	2769.2	36.1345	202	202	2769.2	0	0	0
11974	A	A	2762.09	36.4015	201	201	2762.09	0	0	0
11975	A	A	2763.59	36.407	203	203	2763.59	0	0	0
11976	A	A	2731.89	36.689	200	200	2731.89	0	0	0
11977	T	T	2746.04	36.6844	197	197	0	0	0	2746.04
11978	T	T	2743.28	37	199	199	0	0	0	2743.28
11979	C	C	2755.5	37	201	193	0	2755.5	0	0
11980	A	A	2714.19	37	199	199	2714.19	0	0	0
11981	C	C	2785.42	36.6875	199	194	0	2785.42	0	0
11982	T	T	2721.8	36.6934	203	203	0	0	0	2721.8
11983	T	T	2738.58	36.4124	205	205	0	0	0	2738.58
11984	T	T	2735.6	36.407	203	203	0	0	0	2735.6
11985	A	A	2741.84	36.4015	201	201	2741.84	0	0	0
11986	T	T	2728.75	36.4043	202	202	0	0	0	2728.75
11987	A	A	2768.65	36.4015	201	201	2768.65	0	0	0
11988	A	A	2776.38	36.4043	202	202	2776.38	0	0	0
11989	T	T	2735.86	36.3931	198	197	0	0	0	2735.86
11990	T	T	2753.4	36.407	203	203	0	0	0	2753.4
11991	A	A	2846.17	36.4098	204	204	2846.17	0	0	0
11992	T	T	2808.54	36.4204	208	208	0	0	0	2808.54
11993	A	A	2881.21	36.4178	207	207	2881.21	0	0	0
11994	T	T	2833.92	36.423	209	209	0	0	0	2833.92
11995	T	T	2836.33	36.4124	205	205	0	0	0	2836.33
11996	C	C	2826.63	36.4151	206	199	0	2826.63	0	0
11997	A	A	2887.01	36.4256	210	210	2887.01	0	0	0
11998	T	T	2893.12	36.423	209	209	0	0	0	2893.12
11999	T	T	2864.79	36.423	209	208	0	0	0	2864.79
12000	G	G	2864.65	36.4124	205	200	0	0	2864.65	0
12001	G	G	3049.07	36.4381	215	212	0	0	3049.07	0
12002	G	G	3023.39	36.4477	219	212	0	0	3023.39	0
12003	G	G	3062.28	36.7151	219	214	0	0	3062.28	0
12004	T	T	2833.99	36.7073	213	213	0	0	0	2833.99
12005	T	T	2764.86	37	208	208	0	0	0	2764.86
12006	A	A	2860.7	37	210	210	2860.7	0	0	0
12007	A	A	2837.57	37	208	208	2837.57	0	0	0
12008	T	T	2873.76	37	209	209	0	0	0	2873.76
12009	A	A	2844.74	37	209	209	2844.74	0	0	0
12010	T	T	2818.64	37	203	203	0	0	0	2818.64
12011	G	G	2780.52	37	200	195	0	0	2780.52	0
12012	A	A	2751.14	37	198	198	2751.14	0	0	0
12013	C	C	2793.24	37	199	194	0	2793.24	0	0
12014	A	A	2703.91	37	199	199	2703.91	0	0	0
12015	T	T	2761.96	37	201	201	0	0	0	2761.96
12016	T	T	2776.28	37	202	202	0	0	0	2776.28
12017	C	C	2792.45	37	203	197	0	2792.45	0	0
12018	T	T	2722.07	37	202	201	0	0	0	2722.07
12019	T	T	2712.22	37	201	201	0	0	0	2712.22
12020	T	T	2740.67	36.4043	202	202	0	0	0	2740.67
12021	C	C	2849.52	36.1535	207	200	0	2849.52	0	0
12022	C	C	2838.41	36.1384	203	198	0	2838.41	0	0
12023	T	T	2759.7	36.1306	201	201	0	0	0	2759.7
12024	C	C	2830.73	35.8756	201	197	0	2830.73	0	0
12025	A	A	2632.53	35.8504	196	196	2632.53	0	0	0
12026	G	G	2611.3	35.84	194	184	0	0	2611.3	0
12027	C	C	2690.91	35.8294	192	188	0	2690.91	0	0
12028	A	A	2573.5	35.8186	190	190	2573.5	0	0	0
12029	T	T	2597.42	35.8021	187	187	0	0	0	2597.42
12030	T	T	2589.18	35.8241	191	191	0	0	0	2589.18
12031	T	T	2548.2	35.8077	188	188	0	0	0	2548.2
12032	T	T	2516.85	35.7965	186	186	0	0	0	2516.85
12033	C	C	2639.85	35.5927	194	186	0	2639.85	0	0
12034	T	T	2587.85	35.5927	194	194	0	0	0	2587.85
12035	A	A	2664.76	35.5989	195	195	2664.76	0	0	0
12036	G	G	2773.33	35.5927	194	192	0	0	2773.33	0
12037	G	G	2715.64	35.3999	200	191	0	0	2715.64	0
12038	C	C	2853.28	35.4197	203	199	0	2853.28	0	0
12039	C	C	2705.86	35.4132	202	192	0	2705.86	0	0
12040	T	T	2706.76	35.3999	200	200	0	0	0	2706.76
12041	G	G	2815.88	35.3932	199	196	0	0	2815.88	0
12042	T	T	2694.03	35.3727	196	196	0	0	0	2694.03
12043	C	C	2723.29	35.3445	192	189	0	2723.29	0	0
12044	A	A	2614.51	35.3516	193	193	2614.51	0	0	0
12045	G	G	2745.01	35.3657	195	191	0	0	2745.01	0
12046	G	G	2700.47	35.6171	198	191	0	0	2700.47	0
12047	A	A	2608.3	35.8452	195	194	2608.3	0	0	0
12048	A	A	2612.78	35.8606	198	198	2612.78	0	0	0
12049	T	T	2624.4	35.84	194	194	0	0	0	2624.4
12050	A	A	2539.96	35.8186	190	190	2539.96	0	0	0
12051	C	C	2542.57	35.8241	191	181	0	2542.57	0	0
12052	C	C	2655.02	35.8077	188	185	0	2655.02	0	0
12053	T	T	2523.51	35.7908	185	185	0	0	0	2523.51
12054	C	C	2563.57	35.7793	183	179	0	2563.57	0	0
12055	G	G	2592.19	35.8021	187	182	0	0	2592.19	0
12056	G	G	2654.8	35.8132	189	185	0	0	2654.8	0
12057	C	C	2606.09	35.7965	186	182	0	2606.09	0	0
12058	G	G	2708.7	35.8241	191	188	0	0	2708.7	0
12059	A	A	2624.58	36.0938	192	192	2624.58	0	0	0
12060	T	T	2650.84	36.1227	199	199	0	0	0	2650.84
12061	A	A	2748.66	36.3959	199	199	2748.66	0	0	0
12062	T	T	2623.88	36.3931	198	198	0	0	0	2623.88
12063	T	T	2668.03	36.4015	201	201	0	0	0	2668.03
12064	C	C	2714.15	36.4098	204	194	0	2714.15	0	0
12065	C	C	2856.6	36.4124	205	200	0	2856.6	0	0
12066	G	G	2832.65	36.4098	204	198	0	0	2832.65	0
12067	A	A	2744.21	36.3931	198	198	2744.21	0	0	0
12068	C	C	2844.82	36.407	203	198	0	2844.82	0	0
12069	T	T	2862.76	36.4256	210	210	0	0	0	2862.76
12070	A	A	2944.97	36.4306	212	212	2944.97	0	0	0
12071	T	T	2847.11	36.4306	212	212	0	0	0	2847.11
12072	C	C	3026.15	36.1717	212	210	0	3026.15	0	0
12073	C	C	2886.24	36.1717	212	204	0	2886.24	0	0
12074	A	A	2981.54	36.1857	216	216	2981.54	0	0	0
12075	G	G	3027.88	36.2025	221	213	0	0	3027.88	0
12076	A	A	2989.33	36.1925	218	218	2989.33	0	0	0
12077	T	T	2957.96	36.4381	215	215	0	0	0	2957.96
12078	G	G	3098.58	36.4453	218	215	0	0	3098.58	0
12079	C	C	3037.73	36.7163	220	213	0	3037.73	0	0
12080	C	C	3101.67	36.7138	218	215	0	3101.67	0	0
12081	T	T	2984.28	36.7113	216	216	0	0	0	2984.28
12082	A	A	2876.9	36.7046	211	211	2876.9	0	0	0
12083	T	T	2935.53	36.7086	214	214	0	0	0	2935.53
12084	A	A	2847.81	36.7005	208	208	2847.81	0	0	0
12085	C	C	2896.67	36.7005	208	202	0	2896.67	0	0
12086	A	A	2829.12	36.6977	206	206	2829.12	0	0	0
12087	A	A	2847.52	36.7019	209	208	2847.52	0	0	0
12088	C	C	2921.82	36.7033	210	205	0	2921.82	0	0
12089	A	A	2927.06	36.706	212	212	2927.06	0	0	0
12090	T	T	2912.81	37	215	215	0	0	0	2912.81
12091	G	G	3016.09	37	218	212	0	0	3016.09	0
12092	A	A	3026.02	37	223	223	3026.02	0	0	0
12093	A	A	2993.84	37	220	220	2993.84	0	0	0
12094	A	A	3023.19	37	220	220	3023.19	0	0	0
12095	C	C	3045.1	37	221	214	0	3045.1	0	0
12096	A	A	3036.72	37	221	221	3036.72	0	0	0
12097	C	C	3065.28	37	219	214	0	3065.28	0	0
12098	A	A	3011.46	37	220	220	3011.46	0	0	0
12099	G	G	3083.64	37	223	217	0	0	3083.64	0
12100	T	T	3045.79	37	221	221	0	0	0	3045.79
12101	A	A	2992.66	37	219	219	2992.66	0	0	0
12102	T	T	2975.09	37	217	217	0	0	0	2975.09
12103	C	C	3069.67	37	217	213	0	3069.67	0	0
12104	T	T	2995.53	37	217	217	0	0	0	2995.53
12105	T	T	2986.78	37	215	215	0	0	0	2986.78
12106	C	C	2986.25	37	213	208	0	2986.25	0	0
12107	T	T	2985.55	37	213	213	0	0	0	2985.55
12108	A	A	2914.3	37	212	212	2914.3	0	0	0
12109	T	T	2961.4	37	211	211	0	0	0	2961.4
12110	A	A	2876.44	37	214	213	2876.44	0	0	0
12111	G	G	2920.43	37	214	205	0	0	2920.43	0
12112	G	G	2979.19	37	212	208	0	0	2979.19	0
12113	C	C	2993.7	37	214	209	0	2993.7	0	0
12114	T	T	2907.37	37	212	212	0	0	0	2907.37
12115	C	C	2848.51	37	206	200	0	2848.51	0	0
12116	A	A	2731.55	37	205	205	2731.55	0	0	0
12117	T	T	2726.42	37	199	199	0	0	0	2726.42
12118	T	T	2742.69	37	198	198	0	0	0	2742.69
12119	T	T	2734.01	37	198	198	0	0	0	2734.01
12120	A	A	2645.98	37	194	194	2645.98	0	0	0
12121	T	T	2643.01	37	190	190	0	0	0	2643.01
12122	T	T	2674.68	37	191	191	0	0	0	2674.68
12123	T	T	2623.61	37	189	189	0	0	0	2623.61
12124	C	C	2724.29	37	188	188	0	2724.29	0	0
12125	A	A	2537.77	37	187	187	2537.77	0	0	0
12126	C	C	2578.77	37	186	180	0	2578.77	0	0
12127	T	T	2580.9	37	189	189	0	0	0	2580.9
12128	A	A	2533.61	37	184	184	2533.61	0	0	0
12129	A	A	2609.75	37	192	192	2609.75	0	0	0
12130	C	C	2586.83	37	192	183	0	2586.83	0	0
12131	A	A	2605.74	37	192	192	2605.74	0	0	0
12132	G	G	2685.46	37	191	187	0	0	2685.46	0
12133	C	C	2679.79	37	191	187	0	2679.79	0	0
12134	A	A	2610.81	37	193	193	2610.81	0	0	0
12135	G	G	2694.18	37	193	188	0	0	2694.18	0
12136	T	T	2597.24	37	191	191	0	0	0	2597.24
12137	T	T	2577.89	37	189	189	0	0	0	2577.89
12138	A	A	2554.85	37	186	186	2554.85	0	0	0
12139	T	T	2559.4	37	184	184	0	0	0	2559.4
12140	G	G	2524.93	37	183	178	0	0	2524.93	0
12141	C	C	2556.66	37	182	178	0	2556.66	0	0
12142	T	T	2562.91	37	180	180	0	0	0	2562.91
12143	A	A	2356.96	37	175	175	2356.96	0	0	0
12144	A	A	2410.19	37	180	180	2410.19	0	0	0
12145	T	T	2484.2	37	179	179	0	0	0	2484.2
12146	A	A	2369.19	37	179	179	2369.19	0	0	0
12147	A	A	2325.96	37	174	174	2325.96	0	0	0
12148	T	T	2333.93	37	172	172	0	0	0	2333.93
12149	T	T	2346.69	37	171	171	0	0	0	2346.69
12150	T	T	2353.38	37	172	172	0	0	0	2353.38
12151	T	T	2309.12	37	169	169	0	0	0	2309.12
12152	C	C	2324.97	37	167	162	0	2324.97	0	0
12153	A	A	2243.52	37	167	167	2243.52	0	0	0
12154	T	T	2232.51	37	167	167	0	0	0	2232.51
12155	G	G	2226.73	37	170	160	0	0	2226.73	0
12156	A	A	2319.32	37	170	170	2319.32	0	0	0
12157	T	T	2292.57	37	170	170	0	0	0	2292.57
12158	T	T	2264.01	37	169	169	0	0	0	2264.01
12159	T	T	2274.91	37	167	167	0	0	0	2274.91
12160	G	G	2365.26	37	166	164	0	0	2365.26	0
12161	G	G	2379.77	37	169	166	0	0	2379.77	0
12162	G	G	2445.9	37	171	170	0	0	2445.9	0
12163	A	A	2333.45	36.6384	171	171	2333.45	0	0	0
12164	G	G	2338.25	36.6424	173	166	0	0	2338.25	0
12165	G	G	2401.46	36.3156	174	168	0	0	2401.46	0
12166	C	C	2376.95	36.3045	171	166	0	2376.95	0	0
12167	C	C	2340.51	36.01	174	165	0	2340.51	0	0
12168	T	T	2346.2	36.0049	173	173	0	0	0	2346.2
12169	T	T	2334.17	35.9945	171	171	0	0	0	2334.17
12170	C	C	2375.18	35.7246	174	167	0	2375.18	0	0
12171	G	G	2563.32	35.7433	177	177	0	0	2563.32	0
12172	C	C	2461.52	35.7734	182	174	0	2461.52	0	0
12173	A	A	2534.65	35.785	184	184	2534.65	0	0	0
12174	T	T	2481.41	35.7734	182	182	0	0	0	2481.41
12175	C	C	2642.41	35.7908	185	183	0	2642.41	0	0
12176	A	A	2473.86	35.7616	180	180	2473.86	0	0	0
12177	A	A	2430.51	35.7555	179	179	2430.51	0	0	0
12178	A	A	2421.14	35.7433	177	177	2421.14	0	0	0
12179	A	A	2439.36	35.7309	175	175	2439.36	0	0	0
12180	C	C	2490.06	35.7616	180	175	0	2490.06	0	0
12181	G	G	2557.04	35.7555	179	177	0	0	2557.04	0
12182	A	A	2515.48	35.7555	179	179	2515.48	0	0	0
12183	G	G	2484.48	35.7616	180	174	0	0	2484.48	0
12184	A	A	2568.23	35.8021	187	187	2568.23	0	0	0
12185	G	G	2617.05	35.7965	186	182	0	0	2617.05	0
12186	G	G	2650.9	35.8186	190	185	0	0	2650.9	0
12187	T	T	2591.72	35.8241	191	191	0	0	0	2591.72
12188	G	G	2689.82	35.8241	191	187	0	0	2689.82	0
12189	G	G	2704.68	35.8241	191	188	0	0	2704.68	0
12190	C	C	2660.26	36.0938	192	186	0	2660.26	0	0
12191	A	A	2536.7	36.0896	191	191	2536.7	0	0	0
12192	G	G	2553.73	36.0765	188	180	0	0	2553.73	0
12193	T	T	2560.09	36.063	185	185	0	0	0	2560.09
12194	G	G	2416.49	36.063	185	173	0	0	2416.49	0
12195	G	G	2569.11	36.3502	184	179	0	0	2569.11	0
12196	T	T	2469.7	36.6594	182	182	0	0	0	2469.7
12197	A	A	2482.2	36.6629	184	184	2482.2	0	0	0
12198	G	G	2442.81	36.6594	182	173	0	0	2442.81	0
12199	A	A	2413.83	37	181	181	2413.83	0	0	0
12200	A	A	2409.15	37	181	181	2409.15	0	0	0
12201	C	C	2452.75	37	176	171	0	2452.75	0	0
12202	T	T	2377.54	37	169	169	0	0	0	2377.54
12203	T	T	2316.95	37	166	166	0	0	0	2316.95
12204	A	A	2259.35	37	163	163	2259.35	0	0	0
12205	C	C	2343.29	37	164	163	0	2343.29	0	0
12206	C	C	2359.39	37	168	165	0	2359.39	0	0
12207	T	T	2295.7	37	166	166	0	0	0	2295.7
12208	C	C	2332.54	37	171	164	0	2332.54	0	0
12209	A	A	2338.82	37	169	169	2338.82	0	0	0
12210	A	A	2439.4	36.652	178	178	2439.4	0	0	0
12211	C	C	2425.25	36.6482	176	170	0	2425.25	0	0
12212	C	C	2449.48	36.652	178	172	0	2449.48	0	0
12213	A	A	2420.35	36.6557	180	180	2420.35	0	0	0
12214	A	A	2486.58	36.6629	184	184	2486.58	0	0	0
12215	C	C	2555.74	36.6629	184	179	0	2555.74	0	0
12216	A	A	2532.66	36.6647	185	185	2532.66	0	0	0
12217	T	T	2419.93	36.6594	182	182	0	0	0	2419.93
12218	T	T	2410.65	36.652	178	178	0	0	0	2410.65
12219	G	G	2619.51	36.6629	184	182	0	0	2619.51	0
12220	A	A	2578.15	36.6699	188	188	2578.15	0	0	0
12221	A	A	2612.79	36.6715	189	189	2612.79	0	0	0
12222	T	T	2580.67	36.6765	192	192	0	0	0	2580.67
12223	G	G	2720.18	36.6797	194	190	0	0	2720.18	0
12224	A	A	2675.17	36.3754	192	192	2675.17	0	0	0
12225	C	C	2651.91	36.3784	193	186	0	2651.91	0	0
12226	T	T	2687.42	36.3987	200	200	0	0	0	2687.42
12227	A	A	2789.64	36.1306	201	201	2789.64	0	0	0
12228	C	C	2762.09	36.1267	200	194	0	2762.09	0	0
12229	A	A	2842.15	36.1384	203	203	2842.15	0	0	0
12230	C	C	2767.2	36.146	205	196	0	2767.2	0	0
12231	G	G	2818.14	36.1306	201	196	0	0	2818.14	0
12232	G	G	2810.04	36.1384	203	197	0	0	2810.04	0
12233	A	A	2794.13	36.1267	200	200	2794.13	0	0	0
12234	T	T	2853.2	36.1535	207	207	0	0	0	2853.2
12235	G	G	2800.22	36.1422	204	197	0	0	2800.22	0
12236	C	C	2896.91	36.4124	205	202	0	2896.91	0	0
12237	C	C	2919.84	36.423	209	204	0	2919.84	0	0
12238	C	C	2863.86	36.1717	212	203	0	2863.86	0	0
12239	T	T	2902.29	35.9273	212	212	0	0	0	2902.29
12240	C	C	2918.31	35.9318	213	205	0	2918.31	0	0
12241	C	C	2966.25	35.7169	216	208	0	2966.25	0	0
12242	T	T	2927.48	35.7117	215	215	0	0	0	2927.48
12243	C	C	2952.14	35.7117	215	207	0	2952.14	0	0
12244	C	C	2919.38	35.7117	215	206	0	2919.38	0	0
12245	A	A	3004.19	35.722	217	217	3004.19	0	0	0
12246	T	T	2977.71	35.7169	216	216	0	0	0	2977.71
12247	A	A	2964.77	35.7065	214	214	2964.77	0	0	0
12248	T	T	2952.2	35.7117	215	215	0	0	0	2952.2
12249	C	C	3056.93	35.7117	215	212	0	3056.93	0	0
12250	A	A	2968.32	35.747	222	222	2968.32	0	0	0
12251	C	C	3180.08	35.7616	225	221	0	3180.08	0	0
12252	A	A	2918.49	35.9536	218	218	2918.49	0	0	0
12253	C	C	3047.72	35.9406	215	212	0	3047.72	0	0
12254	A	A	2826.07	35.9228	211	211	2826.07	0	0	0
12255	T	T	2855.28	36.146	205	205	0	0	0	2855.28
12256	T	T	2868.02	36.1422	204	204	0	0	0	2868.02
12257	C	C	2882.84	36.146	205	201	0	2882.84	0	0
12258	G	G	2827.77	36.1306	201	197	0	0	2827.77	0
12259	A	A	2846.6	36.1422	204	204	2846.6	0	0	0
12260	A	A	2831.7	36.146	205	205	2831.7	0	0	0
12261	G	G	2774.93	36.1498	206	197	0	0	2774.93	0
12262	A	A	2810.54	36.1609	209	209	2810.54	0	0	0
12263	A	A	2782.06	36.1572	208	208	2782.06	0	0	0
12264	C	C	2908.73	36.4124	205	202	0	2908.73	0	0
12265	C	C	2877.07	36.4098	204	200	0	2877.07	0	0
12266	T	T	2720.85	37	196	196	0	0	0	2720.85
12267	G	G	2834.58	37	199	197	0	0	2834.58	0
12268	C	C	2784	37	197	194	0	2784	0	0
12269	C	C	2692.51	37	194	188	0	2692.51	0	0
12270	T	T	2656.85	37	194	194	0	0	0	2656.85
12271	A	A	2666.43	37	195	195	2666.43	0	0	0
12272	C	C	2720.66	37	192	189	0	2720.66	0	0
12273	G	G	2788.58	37	198	194	0	0	2788.58	0
12274	T	T	2676.82	36.6875	199	199	0	0	0	2676.82
12275	T	T	2674.57	36.6844	197	197	0	0	0	2674.57
12276	A	A	2741.81	36.6875	199	199	2741.81	0	0	0
12277	C	C	2758.16	36.6828	196	192	0	2758.16	0	0
12278	A	A	2691.82	36.6797	194	194	2691.82	0	0	0
12279	C	C	2705.51	36.3873	196	190	0	2705.51	0	0
12280	T	T	2724.48	36.3931	198	198	0	0	0	2724.48
12281	A	A	2744.77	36.4015	201	201	2744.77	0	0	0
12282	A	A	2696.26	36.3902	197	197	2696.26	0	0	0
12283	A	A	2704.33	36.3959	199	199	2704.33	0	0	0
12284	A	A	2658.6	36.3902	197	197	2658.6	0	0	0
12285	T	T	2682.84	36.3784	193	193	0	0	0	2682.84
12286	A	A	2596.91	36.3724	191	191	2596.91	0	0	0
12287	A	A	2586.03	36.3693	190	190	2586.03	0	0	0
12288	G	G	2681.6	36.3724	191	187	0	0	2681.6	0
12289	A	A	2544.03	36.3567	186	186	2544.03	0	0	0
12290	A	A	2523.12	36.3534	185	185	2523.12	0	0	0
12291	A	A	2591.92	36.3693	190	190	2591.92	0	0	0
12292	G	G	2683.27	36.3784	193	187	0	0	2683.27	0
12293	G	G	2678.37	36.3814	194	187	0	0	2678.37	0
12294	A	A	2666.2	36.3724	191	191	2666.2	0	0	0
12295	A	A	2725.87	36.3844	195	195	2725.87	0	0	0
12296	G	G	2761.39	36.3784	193	191	0	0	2761.39	0
12297	G	G	2803.39	36.3844	195	194	0	0	2803.39	0
12298	A	A	2825.94	36.4124	205	205	2825.94	0	0	0
12299	G	G	2879.94	36.4124	205	201	0	0	2879.94	0
12300	T	T	2833.92	36.1717	212	212	0	0	0	2833.92
12301	C	C	2868.06	36.4306	212	203	0	2868.06	0	0
12302	G	G	2983.18	36.1787	214	208	0	0	2983.18	0
12303	A	A	2848.15	36.1645	210	210	2848.15	0	0	0
12304	A	A	2826.23	36.1498	206	206	2826.23	0	0	0
12305	C	C	2990.92	36.1572	208	207	0	2990.92	0	0
12306	C	C	2776.08	36.1498	206	197	0	2776.08	0	0
12307	C	C	2831.37	36.1384	203	198	0	2831.37	0	0
12308	T	T	2812.67	36.1422	204	204	0	0	0	2812.67
12309	C	C	2876.38	36.1498	206	201	0	2876.38	0	0
12310	T	T	2838.99	36.146	205	205	0	0	0	2838.99
12311	G	G	2849.44	36.1422	204	199	0	0	2849.44	0
12312	G	G	2799.28	36.1267	200	195	0	0	2799.28	0
12313	A	A	2782.08	36.1345	202	202	2782.08	0	0	0
12314	A	A	2815.87	36.146	205	205	2815.87	0	0	0
12315	T	T	2831.82	36.1572	208	208	0	0	0	2831.82
12316	T	T	2841.74	36.1609	209	209	0	0	0	2841.74
12317	G	G	2887.1	36.1645	210	203	0	0	2887.1	0
12318	G	G	2901.85	36.1572	208	203	0	0	2901.85	0
12319	T	T	2834.63	36.4256	210	210	0	0	0	2834.63
12320	T	T	2844.58	36.7046	211	211	0	0	0	2844.58
12321	T	T	2873.18	36.7073	213	213	0	0	0	2873.18
12322	C	C	2923.7	36.7138	218	207	0	2923.7	0	0
12323	A	A	2900.5	36.7113	216	216	2900.5	0	0	0
12324	A	A	2864.35	36.7086	214	214	2864.35	0	0	0
12325	G	G	3033.23	36.7138	218	212	0	0	3033.23	0
12326	C	C	3014.3	36.7113	216	211	0	3014.3	0	0
12327	C	C	3026.58	37	213	210	0	3026.58	0	0
12328	A	A	2878.9	37	211	211	2878.9	0	0	0
12329	A	A	2908.63	37	210	210	2908.63	0	0	0
12330	T	T	2873.52	37	212	211	0	0	0	2873.52
12331	A	A	2968.05	37	215	215	2968.05	0	0	0
12332	T	T	2893.84	37	212	212	0	0	0	2893.84
12333	C	C	2979.18	37	211	207	0	2979.18	0	0
12334	A	A	2877.37	37	213	212	2877.37	0	0	0
12335	T	T	2959.22	37	214	214	0	0	0	2959.22
12336	A	A	2924.12	37	217	217	2924.12	0	0	0
12337	A	A	2917.13	37	217	217	2917.13	0	0	0
12338	C	C	3004.92	36.4405	216	210	0	3004.92	0	0
12339	C	C	2874.91	36.4306	212	203	0	2874.91	0	0
12340	A	A	2978.27	36.4356	214	214	2978.27	0	0	0
12341	C	C	2959.99	36.4306	212	207	0	2959.99	0	0
12342	T	T	2903.79	36.1717	212	212	0	0	0	2903.79
12343	A	A	2961	36.1822	215	215	2961	0	0	0
12344	T	T	3006.49	36.1925	218	218	0	0	0	3006.49
12345	G	G	3016.3	36.1857	216	211	0	0	3016.3	0
12346	T	T	3040.74	35.9785	224	224	0	0	0	3040.74
12347	C	C	3050.56	35.9704	222	214	0	3050.56	0	0
12348	T	T	2997.05	35.9662	221	221	0	0	0	2997.05
12349	C	C	3037.98	35.9662	221	213	0	3037.98	0	0
12350	T	T	3005.84	35.9662	221	221	0	0	0	3005.84
12351	C	C	3071.88	35.9578	219	214	0	3071.88	0	0
12352	T	T	3014.65	35.9578	219	219	0	0	0	3014.65
12353	C	C	3059.81	35.9536	218	213	0	3059.81	0	0
12354	A	A	3040.97	35.9662	221	221	3040.97	0	0	0
12355	A	A	3038.01	35.9745	223	223	3038.01	0	0	0
12356	T	T	3070.74	35.9785	224	224	0	0	0	3070.74
12357	A	A	3019.65	35.9662	221	221	3019.65	0	0	0
12358	A	A	2989.01	35.9745	223	223	2989.01	0	0	0
12359	A	A	2972.39	35.962	220	220	2972.39	0	0	0
12360	G	G	2973.7	35.9536	218	209	0	0	2973.7	0
12361	A	A	2917.61	35.945	216	216	2917.61	0	0	0
12362	G	G	2941.67	35.9362	214	206	0	0	2941.67	0
12363	A	A	2904.25	36.1681	211	211	2904.25	0	0	0
12364	T	T	2903.25	36.423	209	209	0	0	0	2903.25
12365	A	A	2862.67	36.4256	210	210	2862.67	0	0	0
12366	T	T	2892.18	36.4306	212	212	0	0	0	2892.18
12367	T	T	2922.2	36.4405	216	216	0	0	0	2922.2
12368	A	A	2831.71	36.4429	217	216	2831.71	0	0	0
12369	G	G	2889.44	36.4331	213	204	0	0	2889.44	0
12370	T	T	2870.55	36.1681	211	211	0	0	0	2870.55
12371	A	A	2695.61	36.146	205	205	2695.61	0	0	0
12372	A	A	2591.97	36.1187	198	198	2591.97	0	0	0
12373	A	A	2554.09	36.0938	192	192	2554.09	0	0	0
12374	A	A	2518.6	36.072	187	187	2518.6	0	0	0
12375	A	A	2494.6	36.0538	183	183	2494.6	0	0	0
12376	T	T	2584.54	35.8021	187	187	0	0	0	2584.54
12377	T	T	2505.71	35.7793	183	183	0	0	0	2505.71
12378	A	A	2466.41	35.7675	181	181	2466.41	0	0	0
12379	C	C	2508.19	35.7734	182	176	0	2508.19	0	0
12380	A	A	2472.4	35.7734	182	182	2472.4	0	0	0
12381	T	T	2472.54	35.7616	180	180	0	0	0	2472.54
12382	A	A	2537.57	35.785	184	184	2537.57	0	0	0
12383	A	A	2532.37	35.7734	182	182	2532.37	0	0	0
12384	C	C	2585.82	35.5675	190	182	0	2585.82	0	0
12385	T	T	2525.62	35.5675	190	190	0	0	0	2525.62
12386	T	T	2535.51	35.5675	190	190	0	0	0	2535.51
12387	T	T	2588.82	35.5802	192	192	0	0	0	2588.82
12388	G	G	2753.06	35.6171	198	193	0	0	2753.06	0
12389	T	T	2733.64	35.6289	200	200	0	0	0	2733.64
12390	C	C	2867.24	35.6633	206	200	0	2867.24	0	0
12391	A	A	2876.18	35.6798	209	209	2876.18	0	0	0
12392	G	G	2836.87	35.6798	209	201	0	0	2836.87	0
12393	G	G	2810.93	35.6853	210	198	0	0	2810.93	0
12394	G	G	2877.27	36.1609	209	202	0	0	2877.27	0
12395	T	T	2827.78	36.6963	205	205	0	0	0	2827.78
12396	T	T	2839.82	36.6949	204	204	0	0	0	2839.82
12397	A	A	2691.56	36.6875	199	199	2691.56	0	0	0
12398	A	A	2714.91	36.6905	201	201	2714.91	0	0	0
12399	A	A	2714.26	36.6905	201	201	2714.26	0	0	0
12400	T	T	2748.06	36.6934	203	203	0	0	0	2748.06
12401	T	T	2698.59	36.6859	198	198	0	0	0	2698.59
12402	A	A	2699.24	36.6844	197	197	2699.24	0	0	0
12403	T	T	2699.74	36.6844	197	197	0	0	0	2699.74
12404	A	A	2658.53	36.6797	194	194	2658.53	0	0	0
12405	G	G	2764.98	36.6813	195	192	0	0	2764.98	0
12406	G	G	2776.39	36.6828	196	193	0	0	2776.39	0
12407	T	T	2716.46	36.689	200	200	0	0	0	2716.46
12408	G	G	2793.03	36.6813	195	193	0	0	2793.03	0
12409	A	A	2651.97	37	193	193	2651.97	0	0	0
12410	A	A	2603.17	37	193	193	2603.17	0	0	0
12411	A	A	2614.24	37	193	193	2614.24	0	0	0
12412	A	A	2611.36	37	193	193	2611.36	0	0	0
12413	T	T	2691.4	37	193	193	0	0	0	2691.4
12414	C	C	2635.44	37	189	184	0	2635.44	0	0
12415	C	C	2612.67	37	183	181	0	2612.67	0	0
12416	T	T	2551.16	37	183	183	0	0	0	2551.16
12417	T	T	2564.84	37	187	187	0	0	0	2564.84
12418	T	T	2560.89	37	187	187	0	0	0	2560.89
12419	A	A	2519.64	37	186	186	2519.64	0	0	0
12420	T	T	2474.33	37	183	183	0	0	0	2474.33
12421	A	A	2556.28	37	186	186	2556.28	0	0	0
12422	T	T	2500.8	37	184	184	0	0	0	2500.8
12423	C	C	2562.65	37	182	178	0	2562.65	0	0
12424	T	T	2531.65	37	188	188	0	0	0	2531.65
12425	T	T	2570.06	37	195	195	0	0	0	2570.06
12426	T	T	2605.7	37	195	194	0	0	0	2605.7
12427	A	A	2613.65	37	196	196	2613.65	0	0	0
12428	T	T	2576.59	37	194	194	0	0	0	2576.59
12429	G	G	2722.96	37	197	192	0	0	2722.96	0
12430	G	G	2637.54	37	197	187	0	0	2637.54	0
12431	C	C	2663.43	37	192	187	0	2663.43	0	0
12432	A	A	2520.42	37	188	188	2520.42	0	0	0
12433	T	T	2592.12	37	188	188	0	0	0	2592.12
12434	G	G	2502.09	37	183	176	0	0	2502.09	0
12435	C	C	2546.7	37	181	177	0	2546.7	0	0
12436	C	C	2428.64	36.6501	177	171	0	2428.64	0	0
12437	C	C	2467.14	36.6501	177	172	0	2467.14	0	0
12438	C	C	2441.87	36.6482	176	171	0	2441.87	0	0
12439	T	T	2444.53	36.3299	178	178	0	0	0	2444.53
12440	T	T	2413.67	36.3228	176	176	0	0	0	2413.67
12441	C	C	2445.85	36.3192	175	171	0	2445.85	0	0
12442	C	C	2464.73	36.3192	175	172	0	2464.73	0	0
12443	A	A	2521.19	36.3334	179	179	2521.19	0	0	0
12444	A	A	2584.49	36.3534	185	185	2584.49	0	0	0
12445	A	A	2600.55	36.3599	187	187	2600.55	0	0	0
12446	T	T	2541.47	36.363	188	188	0	0	0	2541.47
12447	A	A	2639.28	36.3784	193	193	2639.28	0	0	0
12448	G	G	2664.2	36.3814	194	187	0	0	2664.2	0
12449	G	G	2700.67	36.3754	192	188	0	0	2700.67	0
12450	T	T	2643.87	36.3814	194	194	0	0	0	2643.87
12451	C	C	2785.95	36.3844	195	193	0	2785.95	0	0
12452	T	T	2630.78	36.3754	192	192	0	0	0	2630.78
12453	T	T	2611.94	36.3693	190	190	0	0	0	2611.94
12454	C	C	2621.97	36.3534	185	182	0	2621.97	0	0
12455	A	A	2487.26	36.3435	182	182	2487.26	0	0	0
12456	A	A	2460.26	36.3368	180	180	2460.26	0	0	0
12457	G	G	2594.06	36.3502	184	181	0	0	2594.06	0
12458	A	A	2520.02	36.0491	182	182	2520.02	0	0	0
12459	C	C	2565.4	36.0444	181	178	0	2565.4	0	0
12460	G	G	2515.34	36.0444	181	176	0	0	2515.34	0
12461	C	C	2563.87	36.03	178	177	0	2563.87	0	0
12462	A	A	2428.35	36.03	178	178	2428.35	0	0	0
12463	A	A	2407.6	36.3264	177	177	2407.6	0	0	0
12464	C	C	2546.72	36.3264	177	176	0	2546.72	0	0
12465	T	T	2482.26	36.3368	180	180	0	0	0	2482.26
12466	T	T	2455.08	36.3264	177	177	0	0	0	2455.08
12467	C	C	2392.72	36.3045	171	167	0	2392.72	0	0
12468	T	T	2339.11	36.2931	168	168	0	0	0	2339.11
12469	C	C	2354.71	36.2892	167	164	0	2354.71	0	0
12470	C	C	2359.86	36.3083	172	166	0	2359.86	0	0
12471	C	C	2357.8	36.2812	165	163	0	2357.8	0	0
12472	A	A	2282.33	36.2812	165	165	2282.33	0	0	0
12473	T	T	2314.69	36.3083	172	172	0	0	0	2314.69
12474	C	C	2311.66	36.3299	178	165	0	2311.66	0	0
12475	A	A	2467.53	36.3368	180	180	2467.53	0	0	0
12476	T	T	2422.82	36.3662	189	189	0	0	0	2422.82
12477	A	A	2608.45	36.3662	189	189	2608.45	0	0	0
12478	G	G	2674.13	36.6732	190	186	0	0	2674.13	0
12479	A	A	2576.42	36.6699	188	188	2576.42	0	0	0
12480	G	G	2649.63	36.6748	191	186	0	0	2649.63	0
12481	G	G	2697.65	36.6797	194	189	0	0	2697.65	0
12482	A	A	2664.27	36.6844	197	197	2664.27	0	0	0
12483	A	A	2664.62	36.6828	196	196	2664.62	0	0	0
12484	C	C	2680.37	36.6797	194	188	0	2680.37	0	0
12485	T	T	2638.26	36.6781	193	193	0	0	0	2638.26
12486	T	T	2648.02	37	192	192	0	0	0	2648.02
12487	T	T	2613.83	37	190	190	0	0	0	2613.83
12488	T	T	2652.05	37	196	196	0	0	0	2652.05
12489	G	G	2729.23	37	192	189	0	0	2729.23	0
12490	C	C	2643.8	37	194	186	0	2643.8	0	0
12491	A	A	2705.33	37	194	194	2705.33	0	0	0
12492	T	T	2598.4	37	191	191	0	0	0	2598.4
12493	T	T	2679.48	37	198	197	0	0	0	2679.48
12494	T	T	2747.97	37	204	204	0	0	0	2747.97
12495	T	T	2794.44	37	208	208	0	0	0	2794.44
12496	C	C	2869.48	37	211	202	0	2869.48	0	0
12497	A	A	2862.7	37	208	208	2862.7	0	0	0
12498	T	T	2826.99	37	209	209	0	0	0	2826.99
12499	G	G	2954.14	37	211	207	0	0	2954.14	0
12500	A	A	2963.34	37	215	215	2963.34	0	0	0
12501	T	T	2960.35	37	219	219	0	0	0	2960.35
12502	C	C	2985.48	36.7151	219	210	0	2985.48	0	0
12503	A	A	3064.22	36.7188	222	222	3064.22	0	0	0
12504	T	T	3039.75	36.7236	226	226	0	0	0	3039.75
12505	A	A	3046.45	36.7188	222	222	3046.45	0	0	0
12506	C	C	3130.29	36.7236	226	219	0	3130.29	0	0
12507	A	A	3054.42	36.7176	221	221	3054.42	0	0	0
12508	T	T	3069.53	36.7212	224	224	0	0	0	3069.53
12509	T	T	3053.3	36.7176	221	221	0	0	0	3053.3
12510	A	A	3062.89	36.7188	222	222	3062.89	0	0	0
12511	A	A	2964.54	36.7151	219	219	2964.54	0	0	0
12512	T	T	3045.84	36.7163	220	220	0	0	0	3045.84
12513	A	A	2949.02	36.7125	217	216	2949.02	0	0	0
12514	A	A	2962.79	36.7113	216	216	2962.79	0	0	0
12515	T	T	3019.45	36.7125	217	217	0	0	0	3019.45
12516	T	T	2901.45	36.7033	210	210	0	0	0	2901.45
12517	G	G	2996.69	36.7073	213	208	0	0	2996.69	0
12518	T	T	2947.85	36.7073	213	213	0	0	0	2947.85
12519	G	G	3013.14	36.706	212	209	0	0	3013.14	0
12520	T	T	2970.47	36.7086	214	214	0	0	0	2970.47
12521	T	T	2968.55	36.7073	213	213	0	0	0	2968.55
12522	C	C	2989.59	36.7086	214	208	0	2989.59	0	0
12523	C	C	3030.49	36.7073	213	210	0	3030.49	0	0
12524	T	T	2908.17	36.7033	210	210	0	0	0	2908.17
12525	A	A	2921.51	36.7113	216	216	2921.51	0	0	0
12526	A	A	2922.55	36.7086	214	214	2922.55	0	0	0
12527	T	T	2913.02	36.7125	217	216	0	0	0	2913.02
12528	T	T	2893.49	37	219	218	0	0	0	2893.49
12529	A	A	2993.37	37	214	214	2993.37	0	0	0
12530	G	G	3035.71	37	214	211	0	0	3035.71	0
12531	C	C	2940.78	37	215	207	0	2940.78	0	0
12532	T	T	2962.2	37	215	215	0	0	0	2962.2
12533	C	C	3025.23	37	216	211	0	3025.23	0	0
12534	C	C	3049.99	37	217	212	0	3049.99	0	0
12535	C	C	2900.11	37	211	204	0	2900.11	0	0
12536	T	T	2844.43	37	209	209	0	0	0	2844.43
12537	A	A	2929.55	37	209	209	2929.55	0	0	0
12538	G	G	2973.86	37	209	206	0	0	2973.86	0
12539	T	T	2903.7	37	213	213	0	0	0	2903.7
12540	T	T	2916.17	37	211	211	0	0	0	2916.17
12541	C	C	3079.86	37	214	213	0	3079.86	0	0
12542	T	T	2969.49	37	216	216	0	0	0	2969.49
12543	C	C	3048.65	37	213	211	0	3048.65	0	0
12544	T	T	2906.14	37	211	211	0	0	0	2906.14
12545	A	A	2824.4	37	207	207	2824.4	0	0	0
12546	T	T	2858.59	37	207	207	0	0	0	2858.59
12547	A	A	2871.34	37	209	209	2871.34	0	0	0
12548	T	T	2835.94	37	207	207	0	0	0	2835.94
12549	T	T	2819.88	37	205	205	0	0	0	2819.88
12550	A	A	2822.65	37	209	209	2822.65	0	0	0
12551	T	T	2856.62	37	208	208	0	0	0	2856.62
12552	C	C	2914.32	37	208	203	0	2914.32	0	0
12553	T	T	2842.07	37	207	207	0	0	0	2842.07
12554	C	C	2845.57	37	204	199	0	2845.57	0	0
12555	A	A	2709.17	37	202	202	2709.17	0	0	0
12556	A	A	2725.43	37	204	204	2725.43	0	0	0
12557	C	C	2894.4	37	208	203	0	2894.4	0	0
12558	T	T	2788.48	37	207	207	0	0	0	2788.48
12559	A	A	2745.03	37	204	204	2745.03	0	0	0
12560	T	T	2701.65	37	201	201	0	0	0	2701.65
12561	A	A	2697.55	37	200	200	2697.55	0	0	0
12562	C	C	2817.4	37	197	195	0	2817.4	0	0
12563	T	T	2696.81	37	196	196	0	0	0	2696.81
12564	A	A	2753.97	37	199	199	2753.97	0	0	0
12565	A	A	2695.26	37	194	194	2695.26	0	0	0
12566	C	C	2761.76	36.6765	192	191	0	2761.76	0	0
12567	C	C	2701.42	36.6748	191	188	0	2701.42	0	0
12568	A	A	2684.43	36.6748	191	191	2684.43	0	0	0
12569	C	C	2848.38	36.6859	198	197	0	2848.38	0	0
12570	C	C	2756.84	36.689	200	193	0	2756.84	0	0
12571	A	A	2744.82	36.689	200	200	2744.82	0	0	0
12572	A	A	2695	36.689	200	200	2695	0	0	0
12573	A	A	2649.65	36.6875	199	199	2649.65	0	0	0
12574	T	T	2701.78	36.6781	193	193	0	0	0	2701.78
12575	T	T	2691.14	36.6765	192	192	0	0	0	2691.14
12576	A	A	2595.53	36.3784	193	193	2595.53	0	0	0
12577	A	A	2575.65	36.3724	191	191	2575.65	0	0	0
12578	C	C	2612.06	36.3599	187	182	0	2612.06	0	0
12579	A	A	2501.58	36.363	188	187	2501.58	0	0	0
12580	C	C	2524.77	36.3534	185	178	0	2524.77	0	0
12581	A	A	2493.55	36.3599	187	187	2493.55	0	0	0
12582	C	C	2585.66	36.3534	185	180	0	2585.66	0	0
12583	A	A	2463.83	36.3435	182	182	2463.83	0	0	0
12584	C	C	2511.33	36.3368	180	176	0	2511.33	0	0
12585	A	A	2427.81	36.3228	176	176	2427.81	0	0	0
12586	A	A	2471.93	36.3334	179	178	2471.93	0	0	0
12587	G	G	2534.58	36.3228	176	175	0	0	2534.58	0
12588	T	T	2418.81	36.3192	175	175	0	0	0	2418.81
12589	A	A	2449.11	36.3299	178	178	2449.11	0	0	0
12590	C	C	2540	36.0444	181	177	0	2540	0	0
12591	A	A	2473.15	36.0538	183	183	2473.15	0	0	0
12592	A	A	2472.96	36.0444	181	181	2472.96	0	0	0
12593	T	T	2457.78	36.0444	181	181	0	0	0	2457.78
12594	A	A	2481.38	36.0397	180	180	2481.38	0	0	0
12595	G	G	2601.12	36.0491	182	180	0	0	2601.12	0
12596	A	A	2536.63	35.7793	183	183	2536.63	0	0	0
12597	C	C	2513.2	35.0968	189	179	0	2513.2	0	0
12598	G	G	2753.74	35.1288	193	191	0	0	2753.74	0
12599	C	C	2647.53	35.1445	195	187	0	2647.53	0	0
12600	A	A	2750.18	35.1598	197	197	2750.18	0	0	0
12601	C	C	2610.97	35.1598	197	186	0	2610.97	0	0
12602	A	A	2785.3	35.1749	199	199	2785.3	0	0	0
12603	A	A	2813.36	35.1971	202	202	2813.36	0	0	0
12604	G	G	2902.21	35.2116	204	201	0	0	2902.21	0
12605	A	A	2766.61	35.1971	202	202	2766.61	0	0	0
12606	A	A	2807.44	35.2259	206	206	2807.44	0	0	0
12607	G	G	2931.55	35.2329	207	204	0	0	2931.55	0
12608	T	T	2834.34	35.4391	206	206	0	0	0	2834.34
12609	A	A	2808.22	35.4454	207	207	2808.22	0	0	0
12610	G	G	2866.6	35.4327	205	200	0	0	2866.6	0
12611	A	A	2896.11	35.4517	208	208	2896.11	0	0	0
12612	G	G	2962.52	35.4641	210	206	0	0	2962.52	0
12613	A	A	2861.86	35.4763	212	212	2861.86	0	0	0
12614	C	C	2920.44	35.4824	213	205	0	2920.44	0	0
12615	G	G	2828.84	35.4641	210	201	0	0	2828.84	0
12616	G	G	2953.99	35.4824	213	207	0	0	2953.99	0
12617	T	T	2857.77	35.4641	210	210	0	0	0	2857.77
12618	G	G	2995.99	35.6744	208	207	0	0	2995.99	0
12619	T	T	2886.53	35.4884	214	214	0	0	0	2886.53
12620	G	G	2973.5	35.4943	215	209	0	0	2973.5	0
12621	A	A	2882.11	35.4763	212	212	2882.11	0	0	0
12622	A	A	2852.46	35.6744	208	208	2852.46	0	0	0
12623	C	C	2896.82	35.9091	208	202	0	2896.82	0	0
12624	T	T	2886.67	36.1645	210	209	0	0	0	2886.67
12625	A	A	2826.33	36.1572	208	208	2826.33	0	0	0
12626	T	T	2880.32	36.1681	211	211	0	0	0	2880.32
12627	C	C	2897.97	36.1609	209	203	0	2897.97	0	0
12628	C	C	2892.27	36.1498	206	202	0	2892.27	0	0
12629	T	T	2827.01	36.146	205	205	0	0	0	2827.01
12630	G	G	2804.04	36.1227	199	195	0	0	2804.04	0
12631	C	C	2804.06	36.1146	197	194	0	2804.06	0	0
12632	C	C	2823.34	36.3987	200	196	0	2823.34	0	0
12633	A	A	2723.89	36.6844	197	197	2723.89	0	0	0
12634	G	G	2773.4	36.6905	201	194	0	0	2773.4	0
12635	C	C	2712.14	36.6859	198	191	0	2712.14	0	0
12636	T	T	2721.58	36.6875	199	199	0	0	0	2721.58
12637	A	A	2693.67	36.6859	198	198	2693.67	0	0	0
12638	T	T	2738.09	36.3959	199	199	0	0	0	2738.09
12639	T	T	2761.62	36.4015	201	201	0	0	0	2761.62
12640	A	A	2718.37	36.4015	201	201	2718.37	0	0	0
12641	T	T	2696.08	36.3987	200	200	0	0	0	2696.08
12642	C	C	2717.19	36.3931	198	191	0	2717.19	0	0
12643	T	T	2631.76	36.3814	194	194	0	0	0	2631.76
12644	T	T	2667.78	36.3902	197	197	0	0	0	2667.78
12645	G	G	2736.6	36.3873	196	191	0	0	2736.6	0
12646	A	A	2615.4	36.6797	194	194	2615.4	0	0	0
12647	T	T	2638.49	36.6781	193	193	0	0	0	2638.49
12648	T	T	2626.01	36.6748	191	191	0	0	0	2626.01
12649	C	C	2703.76	36.6765	192	188	0	2703.76	0	0
12650	T	T	2589.52	36.6715	189	189	0	0	0	2589.52
12651	G	G	2647.64	36.6765	192	186	0	0	2647.64	0
12652	A	A	2609.57	36.6715	189	189	2609.57	0	0	0
12653	T	T	2563.08	36.6682	187	187	0	0	0	2563.08
12654	C	C	2653.48	36.6682	187	184	0	2653.48	0	0
12655	G	G	2560.44	36.6664	186	180	0	0	2560.44	0
12656	C	C	2659.77	36.6748	191	186	0	2659.77	0	0
12657	A	A	2627.73	36.3844	195	195	2627.73	0	0	0
12658	C	C	2680.5	36.3814	194	188	0	2680.5	0	0
12659	T	T	2622.93	36.3873	196	196	0	0	0	2622.93
12660	C	C	2708.28	36.3873	196	191	0	2708.28	0	0
12661	C	C	2711.18	36.3784	193	189	0	2711.18	0	0
12662	C	C	2711.27	36.3754	192	189	0	2711.27	0	0
12663	A	A	2629.33	36.3693	190	190	2629.33	0	0	0
12664	T	T	2627.14	36.3724	191	190	0	0	0	2627.14
12665	C	C	2716.3	36.3784	193	189	0	2716.3	0	0
12666	A	A	2669.53	36.3844	195	195	2669.53	0	0	0
12667	C	C	2741.32	36.3959	199	193	0	2741.32	0	0
12668	T	T	2665.9	36.3873	196	196	0	0	0	2665.9
12669	A	A	2638.14	36.3814	194	194	2638.14	0	0	0
12670	C	C	2718.57	36.3754	192	189	0	2718.57	0	0
12671	G	G	2673.69	36.3724	191	186	0	0	2673.69	0
12672	G	G	2582.6	36.6647	185	180	0	0	2582.6	0
12673	A	A	2584.71	36.6682	187	187	2584.71	0	0	0
12674	T	T	2595.83	36.6682	187	187	0	0	0	2595.83
12675	C	C	2547.39	36.6629	184	178	0	2547.39	0	0
12676	C	C	2629.75	36.6699	188	183	0	2629.75	0	0
12677	T	T	2580.43	36.6699	188	188	0	0	0	2580.43
12678	C	C	2735.15	36.6781	193	190	0	2735.15	0	0
12679	T	T	2698.76	36.689	200	200	0	0	0	2698.76
12680	A	A	2636.76	36.6781	193	193	2636.76	0	0	0
12681	T	T	2658.75	36.6813	195	195	0	0	0	2658.75
12682	A	A	2603.12	36.6765	192	192	2603.12	0	0	0
12683	T	T	2610.34	36.6732	190	190	0	0	0	2610.34
12684	G	G	2663.33	36.6699	188	185	0	0	2663.33	0
12685	A	A	2543.53	36.6682	187	187	2543.53	0	0	0
12686	T	T	2560.86	36.6629	184	184	0	0	0	2560.86
12687	G	G	2585.51	36.6664	186	181	0	0	2585.51	0
12688	G	G	2562.78	36.6732	190	182	0	0	2562.78	0
12689	A	A	2528.7	36.6699	188	188	2528.7	0	0	0
12690	T	T	2564.57	36.6732	190	190	0	0	0	2564.57
12691	G	G	2550.27	36.6629	184	178	0	0	2550.27	0
12692	A	A	2485.9	37	181	181	2485.9	0	0	0
12693	G	G	2499.77	37	177	174	0	0	2499.77	0
12694	A	A	2483.59	37	179	179	2483.59	0	0	0
12695	T	T	2521.23	37	181	181	0	0	0	2521.23
12696	C	C	2494.85	37	180	174	0	2494.85	0	0
12697	A	A	2502.64	37	183	183	2502.64	0	0	0
12698	A	A	2468.96	37	181	181	2468.96	0	0	0
12699	T	T	2485.92	37	179	179	0	0	0	2485.92
12700	A	A	2465.52	37	179	179	2465.52	0	0	0
12701	A	A	2501.99	36.6539	179	179	2501.99	0	0	0
12702	T	T	2494.34	36.6647	185	185	0	0	0	2494.34
12703	C	C	2597.99	36.3599	187	182	0	2597.99	0	0
12704	C	C	2644.04	36.3599	187	184	0	2644.04	0	0
12705	C	C	2582.76	36.363	188	181	0	2582.76	0	0
12706	T	T	2578.57	36.3662	189	189	0	0	0	2578.57
12707	C	C	2746.49	36.3724	191	190	0	2746.49	0	0
12708	A	A	2561.83	36.3693	190	190	2561.83	0	0	0
12709	C	C	2623.14	36.3662	189	184	0	2623.14	0	0
12710	T	T	2608.06	36.3754	192	192	0	0	0	2608.06
12711	A	A	2522.67	36.3693	190	190	2522.67	0	0	0
12712	A	A	2478.88	36.3502	184	184	2478.88	0	0	0
12713	C	C	2630.41	36.3469	183	182	0	2630.41	0	0
12714	T	T	2481.87	36.3435	182	182	0	0	0	2481.87
12715	G	G	2558.7	36.3368	180	178	0	0	2558.7	0
12716	T	T	2455.44	36.3334	179	179	0	0	0	2455.44
12717	A	A	2530.16	36.3502	184	184	2530.16	0	0	0
12718	A	A	2567.32	36.3567	186	186	2567.32	0	0	0
12719	A	A	2593.47	36.0809	189	189	2593.47	0	0	0
12720	A	A	2655.02	36.1064	195	195	2655.02	0	0	0
12721	A	A	2674.85	36.1064	195	195	2674.85	0	0	0
12722	C	C	2662.9	36.1106	196	188	0	2662.9	0	0
12723	C	C	2752.28	36.1187	198	193	0	2752.28	0	0
12724	A	A	2710.95	36.1187	198	198	2710.95	0	0	0
12725	T	T	2670.09	35.8504	196	196	0	0	0	2670.09
12726	G	G	2651.21	35.8504	196	187	0	0	2651.21	0
12727	G	G	2773.32	35.8556	197	193	0	0	2773.32	0
12728	G	G	2781.76	35.6111	197	194	0	0	2781.76	0
12729	C	C	2682.2	35.605	196	188	0	2682.2	0	0
12730	C	C	2744.65	35.84	194	191	0	2744.65	0	0
12731	A	A	2662.02	35.8452	195	195	2662.02	0	0	0
12732	C	C	2701.08	35.8504	196	190	0	2701.08	0	0
12733	C	C	2646.39	35.8348	193	186	0	2646.39	0	0
12734	A	A	2568.97	35.8132	189	189	2568.97	0	0	0
12735	G	G	2585.07	35.8077	188	181	0	0	2585.07	0
12736	T	T	2598.19	36.0765	188	187	0	0	0	2598.19
12737	G	G	2534.43	36.0675	186	179	0	0	2534.43	0
12738	A	A	2451.08	36.0444	181	181	2451.08	0	0	0
12739	T	T	2526.32	36.0538	183	183	0	0	0	2526.32
12740	A	A	2464.22	36.0348	179	179	2464.22	0	0	0
12741	T	T	2495.18	36.03	178	178	0	0	0	2495.18
12742	T	T	2496.34	36.3334	179	179	0	0	0	2496.34
12743	G	G	2421.59	36.3156	174	169	0	0	2421.59	0
12744	A	A	2379.96	36.3192	175	175	2379.96	0	0	0
12745	A	A	2392.24	36.3192	175	175	2392.24	0	0	0
12746	G	G	2393.22	36.6424	173	167	0	0	2393.22	0
12747	T	T	2354.66	36.6384	171	171	0	0	0	2354.66
12748	T	T	2349.41	36.6384	171	171	0	0	0	2349.41
12749	A	A	2407.77	36.6482	176	176	2407.77	0	0	0
12750	C	C	2497.26	36.652	178	174	0	2497.26	0	0
12751	G	G	2416.84	36.6482	176	170	0	0	2416.84	0
12752	A	A	2451.92	36.6594	182	182	2451.92	0	0	0
12753	A	A	2464.03	36.6576	181	181	2464.03	0	0	0
12754	T	T	2457.82	36.6647	185	185	0	0	0	2457.82
12755	A	A	2535.26	36.6647	185	185	2535.26	0	0	0
12756	T	T	2440.59	36.6612	183	183	0	0	0	2440.59
12757	A	A	2526.54	36.6594	182	182	2526.54	0	0	0
12758	C	C	2461.46	36.6576	181	174	0	2461.46	0	0
12759	A	A	2509.26	36.6576	181	181	2509.26	0	0	0
12760	G	G	2581.24	36.6647	185	181	0	0	2581.24	0
12761	A	A	2542.53	36.6576	181	181	2542.53	0	0	0
12762	T	T	2522.84	36.6594	182	182	0	0	0	2522.84
12763	T	T	2533.66	36.6629	184	184	0	0	0	2533.66
12764	A	A	2620.6	36.6715	189	189	2620.6	0	0	0
12765	T	T	2569.43	36.6699	188	188	0	0	0	2569.43
12766	G	G	2691.9	36.6781	193	188	0	0	2691.9	0
12767	A	A	2664.31	36.6765	192	192	2664.31	0	0	0
12768	A	A	2635.9	36.6765	192	192	2635.9	0	0	0
12769	G	G	2622.26	36.6715	189	184	0	0	2622.26	0
12770	A	A	2549.12	36.6699	188	188	2549.12	0	0	0
12771	T	T	2628.39	36.6682	187	187	0	0	0	2628.39
12772	T	T	2678.15	37	198	198	0	0	0	2678.15
12773	T	T	2661.96	37	197	197	0	0	0	2661.96
12774	A	A	2796.57	37	200	200	2796.57	0	0	0
12775	A	A	2745.59	37	194	194	2745.59	0	0	0
12776	A	A	2727.75	37	195	195	2727.75	0	0	0
12777	C	C	2813.59	37	199	195	0	2813.59	0	0
12778	T	T	2756.11	37	199	199	0	0	0	2756.11
12779	T	T	2795.69	37	204	203	0	0	0	2795.69
12780	T	T	2810.34	37	206	206	0	0	0	2810.34
12781	G	G	2982.02	37	211	207	0	0	2982.02	0
12782	A	A	2879.97	37	209	209	2879.97	0	0	0
12783	C	C	2851.64	37	209	201	0	2851.64	0	0
12784	T	T	2837.51	37	210	210	0	0	0	2837.51
12785	C	C	2956.61	37	214	207	0	2956.61	0	0
12786	C	C	3011.08	37	214	210	0	3011.08	0	0
12787	T	T	2891.49	37	211	211	0	0	0	2891.49
12788	A	A	2880.89	37	213	213	2880.89	0	0	0
12789	T	T	2877.78	37	210	210	0	0	0	2877.78
12790	A	A	2790.52	37	207	207	2790.52	0	0	0
12791	T	T	2848.39	37	206	206	0	0	0	2848.39
12792	G	G	2865.12	37	211	202	0	0	2865.12	0
12793	A	A	2753.47	37	205	205	2753.47	0	0	0
12794	T	T	2796.16	37	207	207	0	0	0	2796.16
12795	T	T	2774.6	37	206	206	0	0	0	2774.6
12796	C	C	2752.12	37	201	194	0	2752.12	0	0
12797	C	C	2797.04	37	203	197	0	2797.04	0	0
12798	G	G	2796.24	37	200	195	0	0	2796.24	0
12799	A	A	2729.09	37	201	201	2729.09	0	0	0
12800	C	C	2803.61	37	201	196	0	2803.61	0	0
12801	A	A	2709.24	37	198	198	2709.24	0	0	0
12802	C	C	2736.19	37	199	192	0	2736.19	0	0
12803	A	A	2737.12	37	199	199	2737.12	0	0	0
12804	A	A	2733.56	37	199	199	2733.56	0	0	0
12805	G	G	2714.51	37	196	190	0	0	2714.51	0
12806	A	A	2741.73	37	198	198	2741.73	0	0	0
12807	A	A	2745.84	37	198	198	2745.84	0	0	0
12808	C	C	2826.35	37	195	195	0	2826.35	0	0
12809	T	T	2687.74	37	192	192	0	0	0	2687.74
12810	A	A	2699.88	37	195	195	2699.88	0	0	0
12811	A	A	2704.87	37	199	199	2704.87	0	0	0
12812	A	A	2675.22	37	199	199	2675.22	0	0	0
12813	G	G	2725.11	37	193	190	0	0	2725.11	0
12814	C	C	2748.17	36.3959	199	192	0	2748.17	0	0
12815	C	C	2719	36.1227	199	191	0	2719	0	0
12816	T	T	2661.65	36.1023	194	194	0	0	0	2661.65
12817	G	G	2766.56	36.1064	195	192	0	0	2766.56	0
12818	G	G	2692.7	36.1023	194	188	0	0	2692.7	0
12819	A	A	2621.83	36.0938	192	192	2621.83	0	0	0
12820	G	G	2723.99	36.1106	196	190	0	0	2723.99	0
12821	A	A	2662.68	36.0938	192	192	2662.68	0	0	0
12822	A	A	2612.01	36.0938	192	192	2612.01	0	0	0
12823	T	T	2643.73	36.0896	191	191	0	0	0	2643.73
12824	T	T	2608.15	36.0809	189	189	0	0	0	2608.15
12825	G	G	2662.74	36.0896	191	187	0	0	2662.74	0
12826	C	C	2639.78	36.0981	193	186	0	2639.78	0	0
12827	G	G	2587.56	36.0809	189	182	0	0	2587.56	0
12828	G	G	2645.75	36.0896	191	185	0	0	2645.75	0
12829	T	T	2572.22	36.0938	192	192	0	0	0	2572.22
12830	T	T	2596.01	35.8348	193	193	0	0	0	2596.01
12831	A	A	2611.02	35.8348	193	193	2611.02	0	0	0
12832	T	T	2598.42	36.0852	190	190	0	0	0	2598.42
12833	T	T	2588.43	36.0765	188	188	0	0	0	2588.43
12834	A	A	2534.71	36.072	187	187	2534.71	0	0	0
12835	G	G	2687.57	36.0852	190	187	0	0	2687.57	0
12836	A	A	2583.38	36.0896	191	191	2583.38	0	0	0
12837	A	A	2621.42	36.0981	193	193	2621.42	0	0	0
12838	G	G	2670.93	36.3724	191	186	0	0	2670.93	0
12839	T	T	2526.61	36.3599	187	187	0	0	0	2526.61
12840	G	G	2618.29	36.3662	189	183	0	0	2618.29	0
12841	G	G	2634.8	36.3814	194	185	0	0	2634.8	0
12842	A	A	2586.83	36.3724	191	191	2586.83	0	0	0
12843	C	C	2642.78	36.3693	190	185	0	2642.78	0	0
12844	A	A	2573.46	36.3693	190	190	2573.46	0	0	0
12845	A	A	2542.68	36.3599	187	187	2542.68	0	0	0
12846	T	T	2628.68	36.3693	190	190	0	0	0	2628.68
12847	C	C	2586.97	36.3567	186	181	0	2586.97	0	0
12848	G	G	2585.6	36.3502	184	180	0	0	2585.6	0
12849	A	A	2510.5	36.3599	187	187	2510.5	0	0	0
12850	G	G	2591.4	36.3567	186	181	0	0	2591.4	0
12851	T	T	2551.2	36.363	188	188	0	0	0	2551.2
12852	A	A	2505.06	36.3534	185	185	2505.06	0	0	0
12853	G	G	2617.51	36.3534	185	182	0	0	2617.51	0
12854	T	T	2493.91	36.3567	186	186	0	0	0	2493.91
12855	G	G	2551.64	36.3435	182	178	0	0	2551.64	0
12856	C	C	2556.44	36.0584	184	179	0	2556.44	0	0
12857	T	T	2500.19	36.0491	182	182	0	0	0	2500.19
12858	G	G	2516.41	36.03	178	175	0	0	2516.41	0
12859	C	C	2466.17	36.0348	179	173	0	2466.17	0	0
12860	C	C	2573.16	36.0397	180	178	0	2573.16	0	0
12861	C	C	2585	36.0444	181	179	0	2585	0	0
12862	G	G	2427.44	36.0201	176	170	0	0	2427.44	0
12863	T	T	2393.52	36.312	173	173	0	0	0	2393.52
12864	A	A	2365.55	36.3156	174	174	2365.55	0	0	0
12865	G	G	2382.32	36.3083	172	167	0	0	2382.32	0
12866	A	A	2351.21	36.3045	171	171	2351.21	0	0	0
12867	A	A	2391.13	36.3045	171	171	2391.13	0	0	0
12868	A	A	2382.02	36.3045	171	171	2382.02	0	0	0
12869	T	T	2356.34	36.312	173	173	0	0	0	2356.34
12870	A	A	2396.42	36.3156	174	174	2396.42	0	0	0
12871	A	A	2427.48	36.3264	177	177	2427.48	0	0	0
12872	C	C	2476.87	36.3402	181	174	0	2476.87	0	0
12873	G	G	2472.86	36.3228	176	173	0	0	2472.86	0
12874	A	A	2374.41	36.3264	177	177	2374.41	0	0	0
12875	T	T	2411.13	36.3264	177	177	0	0	0	2411.13
12876	C	C	2452.31	36.3264	177	171	0	2452.31	0	0
12877	C	C	2399.22	36.3228	176	170	0	2399.22	0	0
12878	G	G	2399.31	36.6463	175	169	0	0	2399.31	0
12879	T	T	2347.24	36.6443	174	174	0	0	0	2347.24
12880	A	A	2287.84	36.6404	172	172	2287.84	0	0	0
12881	T	T	2362.65	36.6501	177	177	0	0	0	2362.65
12882	A	A	2299.71	36.6404	172	172	2299.71	0	0	0
12883	C	C	2344.49	36.6404	172	165	0	2344.49	0	0
12884	T	T	2301.2	37	170	170	0	0	0	2301.2
12885	G	G	2379.62	37	168	165	0	0	2379.62	0
12886	A	A	2310.93	37	167	167	2310.93	0	0	0
12887	T	T	2250.38	37	164	164	0	0	0	2250.38
12888	C	C	2357.93	37	168	164	0	2357.93	0	0
12889	T	T	2305.51	37	168	168	0	0	0	2305.51
12890	C	C	2319.2	37	167	162	0	2319.2	0	0
12891	G	G	2305.5	37	166	161	0	0	2305.5	0
12892	T	T	2278.26	36.6214	163	163	0	0	0	2278.26
12893	C	C	2363.28	36.6301	167	164	0	2363.28	0	0
12894	A	A	2249.1	36.2812	165	165	2249.1	0	0	0
12895	G	G	2262.57	36.2731	163	158	0	0	2262.57	0
12896	A	A	2274.61	36.2852	166	166	2274.61	0	0	0
12897	A	A	2329.73	35.9945	171	171	2329.73	0	0	0
12898	G	G	2304.57	35.9998	172	163	0	0	2304.57	0
12899	A	A	2336.47	35.9998	172	172	2336.47	0	0	0
12900	T	T	2289.91	35.9945	171	171	0	0	0	2289.91
12901	G	G	2349.07	35.9945	171	165	0	0	2349.07	0
12902	T	T	2339.92	36.0151	175	175	0	0	0	2339.92
12903	C	C	2414.84	36.0201	176	170	0	2414.84	0	0
12904	T	T	2374.75	36.03	178	178	0	0	0	2374.75
12905	T	T	2397.96	36.0348	179	179	0	0	0	2397.96
12906	G	G	2530	36.0251	177	175	0	0	2530	0
12907	C	C	2526.34	36.0491	182	177	0	2526.34	0	0
12908	A	A	2535.34	36.063	185	185	2535.34	0	0	0
12909	T	T	2565.02	36.0809	189	189	0	0	0	2565.02
12910	T	T	2546.96	36.0852	190	190	0	0	0	2546.96
12911	C	C	2680.74	36.1146	197	189	0	2680.74	0	0
12912	A	A	2709.13	36.1023	194	194	2709.13	0	0	0
12913	T	T	2584.35	36.0981	193	193	0	0	0	2584.35
12914	G	G	2766.78	36.1106	196	192	0	0	2766.78	0
12915	A	A	2708.73	36.3814	194	194	2708.73	0	0	0
12916	G	G	2770.67	36.3931	198	193	0	0	2770.67	0
12917	C	C	2835.26	36.3987	200	197	0	2835.26	0	0
12918	T	T	2706.72	36.6828	196	196	0	0	0	2706.72
12919	G	G	2765.55	36.6797	194	192	0	0	2765.55	0
12920	T	T	2704.5	36.6813	195	195	0	0	0	2704.5
12921	A	A	2721.73	36.6781	193	193	2721.73	0	0	0
12922	C	C	2710.37	36.6765	192	188	0	2710.37	0	0
12923	C	C	2767.85	36.6828	196	192	0	2767.85	0	0
12924	A	A	2766.69	36.3959	199	199	2766.69	0	0	0
12925	T	T	2770.87	36.3902	197	197	0	0	0	2770.87
12926	C	C	2781.43	36.3902	197	193	0	2781.43	0	0
12927	C	C	2760.09	36.3902	197	192	0	2760.09	0	0
12928	C	C	2752.58	36.3873	196	192	0	2752.58	0	0
12929	T	T	2742.76	36.3873	196	196	0	0	0	2742.76
12930	A	A	2630.63	36.3754	192	192	2630.63	0	0	0
12931	G	G	2670.23	36.3693	190	186	0	0	2670.23	0
12932	G	G	2647.9	36.3784	193	186	0	0	2647.9	0
12933	G	G	2657.59	36.3844	195	187	0	0	2657.59	0
12934	C	C	2747.14	35.8452	195	191	0	2747.14	0	0
12935	T	T	2653.29	36.1106	196	196	0	0	0	2653.29
12936	A	A	2572.15	36.0981	193	193	2572.15	0	0	0
12937	A	A	2577.16	36.1064	195	195	2577.16	0	0	0
12938	A	A	2512.54	36.0765	188	188	2512.54	0	0	0
12939	A	A	2491.62	36.0675	186	186	2491.62	0	0	0
12940	A	A	2544.01	36.0765	188	188	2544.01	0	0	0
12941	C	C	2631.92	36.0809	189	184	0	2631.92	0	0
12942	T	T	2522.91	36.072	187	187	0	0	0	2522.91
12943	G	G	2581.47	36.0538	183	180	0	0	2581.47	0
12944	A	A	2509.62	36.0538	183	183	2509.62	0	0	0
12945	T	T	2513.3	36.0491	182	182	0	0	0	2513.3
12946	G	G	2634.78	36.0675	186	183	0	0	2634.78	0
12947	C	C	2571.38	36.063	185	180	0	2571.38	0	0
12948	A	A	2564.33	36.0809	189	189	2564.33	0	0	0
12949	A	A	2596.08	35.8186	190	190	2596.08	0	0	0
12950	T	T	2518.06	35.8077	188	187	0	0	0	2518.06
12951	C	C	2597.32	35.8132	189	183	0	2597.32	0	0
12952	C	C	2609.61	35.8077	188	183	0	2609.61	0	0
12953	C	C	2490.75	35.7965	186	177	0	2490.75	0	0
12954	A	A	2589.36	35.8077	188	188	2589.36	0	0	0
12955	G	G	2661.24	35.8077	188	185	0	0	2661.24	0
12956	G	G	2557.17	35.8077	188	180	0	0	2557.17	0
12957	A	A	2585.82	36.0765	188	188	2585.82	0	0	0
12958	C	C	2678.16	36.0938	192	187	0	2678.16	0	0
12959	G	G	2694.81	36.0938	192	188	0	0	2694.81	0
12960	G	G	2721.43	36.0938	192	189	0	0	2721.43	0
12961	C	C	2667.36	36.3724	191	186	0	2667.36	0	0
12962	T	T	2586.62	36.3662	189	189	0	0	0	2586.62
12963	A	A	2640.43	36.3693	190	190	2640.43	0	0	0
12964	A	A	2691.34	36.3814	194	194	2691.34	0	0	0
12965	A	A	2691.9	36.3724	191	191	2691.9	0	0	0
12966	C	C	2736.67	36.3814	194	191	0	2736.67	0	0
12967	C	C	2765.1	36.3844	195	192	0	2765.1	0	0
12968	A	A	2758.98	36.3902	197	197	2758.98	0	0	0
12969	G	G	2821.01	36.4043	202	197	0	0	2821.01	0
12970	A	A	2797.65	36.4043	202	202	2797.65	0	0	0
12971	C	C	2859.72	36.1422	204	199	0	2859.72	0	0
12972	A	A	2821.25	36.1572	208	208	2821.25	0	0	0
12973	A	A	2837.93	36.1609	209	209	2837.93	0	0	0
12974	C	C	2939.95	36.1535	207	204	0	2939.95	0	0
12975	T	T	2824.13	36.1498	206	206	0	0	0	2824.13
12976	C	C	2864.68	36.1498	206	200	0	2864.68	0	0
12977	T	T	2806.88	36.1498	206	206	0	0	0	2806.88
12978	C	C	2825.81	36.1187	198	196	0	2825.81	0	0
12979	A	A	2734.32	36.1267	200	200	2734.32	0	0	0
12980	T	T	2721.9	36.1267	200	200	0	0	0	2721.9
12981	A	A	2700.4	36.1187	198	198	2700.4	0	0	0
12982	G	G	2731.87	36.1106	196	191	0	0	2731.87	0
12983	C	C	2686.2	36.1187	198	189	0	2686.2	0	0
12984	C	C	2737.16	36.1227	199	192	0	2737.16	0	0
12985	A	A	2586.47	36.1146	197	197	2586.47	0	0	0
12986	T	T	2676.03	36.1023	194	194	0	0	0	2676.03
12987	G	G	2670.88	35.8186	190	186	0	0	2670.88	0
12988	C	C	2679.86	35.8186	190	186	0	2679.86	0	0
12989	G	G	2594.11	35.8241	191	183	0	0	2594.11	0
12990	A	A	2595.07	36.063	185	185	2595.07	0	0	0
12991	C	C	2596.03	36.0809	189	182	0	2596.03	0	0
12992	C	C	2637.97	36.1106	196	186	0	2637.97	0	0
12993	A	A	2709.86	36.1106	196	196	2709.86	0	0	0
12994	G	G	2812.05	36.1267	200	196	0	0	2812.05	0
12995	G	G	2774.18	36.1267	200	194	0	0	2774.18	0
12996	G	G	2731.55	36.1146	197	191	0	0	2731.55	0
12997	C	C	2843.13	36.1227	199	197	0	2843.13	0	0
12998	T	T	2696.18	36.1023	194	194	0	0	0	2696.18
12999	A	A	2630.48	36.0938	192	192	2630.48	0	0	0
13000	T	T	2689.51	36.3844	195	195	0	0	0	2689.51
13001	A	A	2650.7	36.6797	194	194	2650.7	0	0	0
13002	T	T	2664.07	36.6765	192	192	0	0	0	2664.07
13003	T	T	2637.89	36.6765	192	192	0	0	0	2637.89
13004	A	A	2641.85	36.6828	196	196	2641.85	0	0	0
13005	T	T	2651.11	36.6828	196	196	0	0	0	2651.11
13006	G	G	2742.21	36.689	200	193	0	0	2742.21	0
13007	G	G	2826.53	36.6949	204	198	0	0	2826.53	0
13008	C	C	2740.87	36.6919	202	193	0	2740.87	0	0
13009	C	C	2737.89	37	203	193	0	2737.89	0	0
13010	A	A	2745	37	202	202	2745	0	0	0
13011	A	A	2701.29	37	193	193	2701.29	0	0	0
13012	T	T	2660.88	37	193	193	0	0	0	2660.88
13013	G	G	2819.45	37	197	195	0	0	2819.45	0
13014	C	C	2831.76	37	201	197	0	2831.76	0	0
13015	T	T	2770.28	37	205	205	0	0	0	2770.28
13016	C	C	2871.85	37	212	203	0	2871.85	0	0
13017	A	A	2899.89	37	214	214	2899.89	0	0	0
13018	G	G	2978.46	37	213	208	0	0	2978.46	0
13019	A	A	2843.16	37	212	212	2843.16	0	0	0
13020	A	A	2876.95	37	212	212	2876.95	0	0	0
13021	A	A	2838.34	37	207	207	2838.34	0	0	0
13022	T	T	2850.04	37	208	208	0	0	0	2850.04
13023	T	T	2826	37	208	208	0	0	0	2826
13024	T	T	2825.32	37	206	206	0	0	0	2825.32
13025	G	G	2876.35	37	208	201	0	0	2876.35	0
13026	T	T	2832.67	37	205	205	0	0	0	2832.67
13027	G	G	2866.91	37	203	199	0	0	2866.91	0
13028	G	G	2699.72	37	199	191	0	0	2699.72	0
13029	C	C	2823.82	37	199	196	0	2823.82	0	0
13030	T	T	2809.71	37	203	203	0	0	0	2809.71
13031	C	C	2800.42	37	199	195	0	2800.42	0	0
13032	C	C	2797.72	37	201	195	0	2797.72	0	0
13033	A	A	2708.02	37	201	201	2708.02	0	0	0
13034	A	A	2652.15	37	196	196	2652.15	0	0	0
13035	T	T	2744.41	37	196	196	0	0	0	2744.41
13036	C	C	2705.2	37	192	188	0	2705.2	0	0
13037	A	A	2595.67	37	190	190	2595.67	0	0	0
13038	C	C	2624.54	37	188	183	0	2624.54	0	0
13039	A	A	2573.77	37	191	191	2573.77	0	0	0
13040	G	G	2762.41	37	198	193	0	0	2762.41	0
13041	T	T	2677.66	37	202	202	0	0	0	2677.66
13042	T	T	2684.57	37	202	202	0	0	0	2684.57
13043	T	T	2595.74	37	194	194	0	0	0	2595.74
13044	T	T	2580.49	37	192	192	0	0	0	2580.49
13045	A	A	2624.79	37	193	193	2624.79	0	0	0
13046	T	T	2611.87	37	189	189	0	0	0	2611.87
13047	A	A	2578.78	37	190	190	2578.78	0	0	0
13048	C	C	2612.02	37	186	182	0	2612.02	0	0
13049	C	C	2597.99	37	188	182	0	2597.99	0	0
13050	T	T	2612.96	37	192	192	0	0	0	2612.96
13051	A	A	2610.27	37	193	193	2610.27	0	0	0
13052	T	T	2546.21	37	185	185	0	0	0	2546.21
13053	T	T	2520.79	37	184	184	0	0	0	2520.79
13054	G	G	2560.59	37	182	178	0	0	2560.59	0
13055	T	T	2557.7	37	182	182	0	0	0	2557.7
13056	C	C	2594.58	36.6557	180	179	0	2594.58	0	0
13057	C	C	2589.61	36.3599	187	181	0	2589.61	0	0
13058	T	T	2562.35	36.3567	186	186	0	0	0	2562.35
13059	C	C	2636.82	36.3754	192	185	0	2636.82	0	0
13060	G	G	2621.03	36.3693	190	184	0	0	2621.03	0
13061	A	A	2583.03	36.3814	194	194	2583.03	0	0	0
13062	G	G	2537.39	36.3567	186	179	0	0	2537.39	0
13063	C	C	2525.42	36.3435	182	177	0	2525.42	0	0
13064	T	T	2542.33	36.0809	189	189	0	0	0	2542.33
13065	A	A	2621.19	36.0809	189	189	2621.19	0	0	0
13066	G	G	2672.92	36.0809	189	186	0	0	2672.92	0
13067	T	T	2576.79	36.0896	191	191	0	0	0	2576.79
13068	C	C	2696.64	36.1064	195	190	0	2696.64	0	0
13069	C	C	2771.83	36.1146	197	193	0	2771.83	0	0
13070	C	C	2706.32	36.1306	201	192	0	2706.32	0	0
13071	A	A	2791.19	36.1384	203	203	2791.19	0	0	0
13072	C	C	2869.95	36.1572	208	202	0	2869.95	0	0
13073	T	T	2781.79	36.1535	207	207	0	0	0	2781.79
13074	A	A	2820.88	36.1535	207	207	2820.88	0	0	0
13075	T	T	2790.44	36.1384	203	203	0	0	0	2790.44
13076	C	C	2828.16	36.1106	196	195	0	2828.16	0	0
13077	C	C	2738.14	36.1023	194	190	0	2738.14	0	0
13078	T	T	2753.92	36.1064	195	195	0	0	0	2753.92
13079	A	A	2617.21	36.1064	195	195	2617.21	0	0	0
13080	T	T	2721.23	36.1146	197	197	0	0	0	2721.23
13081	T	T	2638.8	36.0938	192	192	0	0	0	2638.8
13082	T	T	2642.57	36.1106	196	196	0	0	0	2642.57
13083	T	T	2642.32	36.1146	197	197	0	0	0	2642.32
13084	G	G	2861.41	36.1384	203	199	0	0	2861.41	0
13085	A	A	2831.99	36.1609	209	209	2831.99	0	0	0
13086	A	A	2920.61	36.1752	213	213	2920.61	0	0	0
13087	G	G	2946.42	36.1681	211	206	0	0	2946.42	0
13088	A	A	2947.28	36.1681	211	211	2947.28	0	0	0
13089	A	A	2936.59	36.1645	210	210	2936.59	0	0	0
13090	T	T	2872.08	36.4356	214	214	0	0	0	2872.08
13091	G	G	3091.65	36.4453	218	215	0	0	3091.65	0
13092	A	A	2945.55	36.4405	216	215	2945.55	0	0	0
13093	T	T	3015.07	36.457	223	223	0	0	0	3015.07
13094	C	C	3125.66	36.4616	225	219	0	3125.66	0	0
13095	C	C	3085.85	36.4616	225	217	0	3085.85	0	0
13096	G	G	3149.2	36.2155	225	220	0	0	3149.2	0
13097	C	C	3086.83	36.4501	220	215	0	3086.83	0	0
13098	T	T	2979.59	36.71	215	215	0	0	0	2979.59
13099	T	T	3001.31	36.71	215	215	0	0	0	3001.31
13100	C	C	3051.56	36.7073	213	211	0	3051.56	0	0
13101	A	A	2909.11	36.71	215	215	2909.11	0	0	0
13102	A	A	2925.33	36.71	215	215	2925.33	0	0	0
13103	T	T	2919.78	36.7113	216	216	0	0	0	2919.78
13104	A	A	2972.76	36.4356	214	214	2972.76	0	0	0
13105	C	C	2934.73	36.1752	213	206	0	2934.73	0	0
13106	T	T	2965.51	36.2123	224	224	0	0	0	2965.51
13107	A	A	3094.42	36.2123	224	224	3094.42	0	0	0
13108	T	T	2991.73	36.2058	222	222	0	0	0	2991.73
13109	A	A	3117.78	36.2187	226	226	3117.78	0	0	0
13110	G	G	3191.11	36.2249	228	222	0	0	3191.11	0
13111	A	A	3158.74	36.2218	227	227	3158.74	0	0	0
13112	A	A	3170.74	36.2218	227	227	3170.74	0	0	0
13113	T	T	3144.54	36.2311	230	230	0	0	0	3144.54
13114	C	C	3199.52	36.228	229	223	0	3199.52	0	0
13115	A	A	3163.18	36.2311	230	230	3163.18	0	0	0
13116	T	T	3172.46	36.2311	230	230	0	0	0	3172.46
13117	T	T	3223.04	36.2461	235	235	0	0	0	3223.04
13118	G	G	3223.95	36.2402	233	226	0	0	3223.95	0
13119	A	A	3208.24	36.2432	234	234	3208.24	0	0	0
13120	G	G	3267.34	36.479	233	228	0	0	3267.34	0
13121	A	A	3188.91	36.4704	229	229	3188.91	0	0	0
13122	A	A	3181.72	36.2311	230	230	3181.72	0	0	0
13123	G	G	3202.91	36.2342	231	224	0	0	3202.91	0
13124	C	C	3171.78	36.2342	231	223	0	3171.78	0	0
13125	T	T	3194.04	36.01	232	232	0	0	0	3194.04
13126	A	A	3269.72	35.8165	237	237	3269.72	0	0	0
13127	A	A	3222.72	36.0176	234	234	3222.72	0	0	0
13128	C	C	3231.6	35.9985	229	225	0	3231.6	0	0
13129	A	A	3136.21	35.9985	229	229	3136.21	0	0	0
13130	T	T	3192.36	35.9945	228	228	0	0	0	3192.36
13131	A	A	3085.18	35.9985	229	229	3085.18	0	0	0
13132	G	G	3168.78	36.228	229	222	0	0	3168.78	0
13133	C	C	3154.94	36.2155	225	220	0	3154.94	0	0
13134	G	G	3120.5	36.2123	224	218	0	0	3120.5	0
13135	T	T	3042.86	36.1992	220	220	0	0	0	3042.86
13136	T	T	3005.52	36.1925	218	218	0	0	0	3005.52
13137	A	A	3039.97	35.9578	219	219	3039.97	0	0	0
13138	A	A	2985.46	35.9406	215	215	2985.46	0	0	0
13139	C	C	2930.12	35.9406	215	206	0	2930.12	0	0
13140	C	C	3068.38	35.9493	217	213	0	3068.38	0	0
13141	T	T	3016.23	35.9578	219	219	0	0	0	3016.23
13142	T	T	3042.76	35.9536	218	218	0	0	0	3042.76
13143	T	T	3001.34	35.9578	219	219	0	0	0	3001.34
13144	T	T	2940.7	35.9406	215	215	0	0	0	2940.7
13145	A	A	2994.37	35.962	220	220	2994.37	0	0	0
13146	A	A	2954.43	35.9493	217	217	2954.43	0	0	0
13147	G	G	2845.68	35.9273	212	202	0	0	2845.68	0
13148	T	T	2921.67	35.9362	214	214	0	0	0	2921.67
13149	T	T	2884.18	35.9137	209	209	0	0	0	2884.18
13150	A	A	2959.17	35.9362	214	214	2959.17	0	0	0
13151	A	A	2938.07	36.1822	215	215	2938.07	0	0	0
13152	A	A	2927.67	36.4381	215	215	2927.67	0	0	0
13153	G	G	2934.63	36.4405	216	207	0	0	2934.63	0
13154	A	A	2868.04	36.4331	213	213	2868.04	0	0	0
13155	C	C	2996.69	36.4429	217	210	0	2996.69	0	0
13156	T	T	2898.61	36.4281	211	211	0	0	0	2898.61
13157	G	G	2866.25	36.4178	207	201	0	0	2866.25	0
13158	A	A	2802.43	36.4178	207	207	2802.43	0	0	0
13159	G	G	2895.67	36.4178	207	202	0	0	2895.67	0
13160	A	A	2750.7	36.4098	204	204	2750.7	0	0	0
13161	A	A	2766.38	36.4124	205	205	2766.38	0	0	0
13162	T	T	2805.73	36.407	203	203	0	0	0	2805.73
13163	G	G	2734.47	36.4043	202	194	0	0	2734.47	0
13164	C	C	2877.04	36.689	200	199	0	2877.04	0	0
13165	A	A	2761.65	36.6934	203	203	2761.65	0	0	0
13166	G	G	2743	36.6905	201	193	0	0	2743	0
13167	A	A	2714.48	37	202	202	2714.48	0	0	0
13168	C	C	2764.15	37	197	193	0	2764.15	0	0
13169	T	T	2696.01	37	196	196	0	0	0	2696.01
13170	T	T	2698.27	37	194	194	0	0	0	2698.27
13171	C	C	2648.1	37	188	184	0	2648.1	0	0
13172	T	T	2631.32	37	189	189	0	0	0	2631.32
13173	C	C	2652.99	37	190	186	0	2652.99	0	0
13174	C	C	2562.79	37	186	180	0	2562.79	0	0
13175	T	T	2552.08	37	186	186	0	0	0	2552.08
13176	T	T	2558.82	37	190	190	0	0	0	2558.82
13177	A	A	2643.37	37	191	191	2643.37	0	0	0
13178	A	A	2648.12	37	194	194	2648.12	0	0	0
13179	T	T	2636.45	37	193	193	0	0	0	2636.45
13180	G	G	2611.69	37	191	184	0	0	2611.69	0
13181	A	A	2563.45	37	188	187	2563.45	0	0	0
13182	A	A	2567.18	37	191	191	2567.18	0	0	0
13183	G	G	2515.37	37	189	179	0	0	2515.37	0
13184	A	A	2544.9	37	187	187	2544.9	0	0	0
13185	T	T	2567.85	37	188	188	0	0	0	2567.85
13186	G	G	2705.65	37	190	188	0	0	2705.65	0
13187	C	C	2555.71	37	188	180	0	2555.71	0	0
13188	C	C	2621.78	37	188	184	0	2621.78	0	0
13189	A	A	2552.59	37	192	192	2552.59	0	0	0
13190	C	C	2589.87	37	186	181	0	2589.87	0	0
13191	A	A	2568.18	37	189	189	2568.18	0	0	0
13192	A	A	2556.63	37	189	189	2556.63	0	0	0
13193	C	C	2540.91	37	188	180	0	2540.91	0	0
13194	T	T	2547.33	37	189	189	0	0	0	2547.33
13195	A	A	2608.6	37	192	192	2608.6	0	0	0
13196	G	G	2703.73	37	192	188	0	0	2703.73	0
13197	A	A	2589.83	37	187	187	2589.83	0	0	0
13198	T	T	2557.11	37	190	190	0	0	0	2557.11
13199	A	A	2680.6	37	195	195	2680.6	0	0	0
13200	C	C	2675.59	37	196	189	0	2675.59	0	0
13201	A	A	2754.47	37	199	199	2754.47	0	0	0
13202	T	T	2671.69	37	199	199	0	0	0	2671.69
13203	C	C	2722.22	37	201	192	0	2722.22	0	0
13204	A	A	2834.92	37	204	204	2834.92	0	0	0
13205	A	A	2786.98	37	201	201	2786.98	0	0	0
13206	C	C	2775.27	37	203	195	0	2775.27	0	0
13207	A	A	2781.86	37	205	205	2781.86	0	0	0
13208	T	T	2792.9	37	203	203	0	0	0	2792.9
13209	G	G	2894.4	37	208	202	0	0	2894.4	0
13210	A	A	2814.1	37	207	207	2814.1	0	0	0
13211	T	T	2779.25	37	205	205	0	0	0	2779.25
13212	C	C	2860.22	37	208	202	0	2860.22	0	0
13213	T	T	2748.78	37	203	203	0	0	0	2748.78
13214	A	A	2836.79	36.6963	205	205	2836.79	0	0	0
13215	T	T	2788.38	36.6919	202	202	0	0	0	2788.38
13216	T	T	2775.08	36.6949	204	204	0	0	0	2775.08
13217	A	A	2794.75	36.6919	202	202	2794.75	0	0	0
13218	C	C	2948.7	36.6963	205	204	0	2948.7	0	0
13219	A	A	2792.39	36.6991	207	206	2792.39	0	0	0
13220	A	A	2805.49	36.7005	208	208	2805.49	0	0	0
13221	T	T	2829.65	36.6949	204	204	0	0	0	2829.65
13222	T	T	2780.77	36.6905	201	201	0	0	0	2780.77
13223	C	C	2821.41	36.6905	201	197	0	2821.41	0	0
13224	T	T	2769.12	36.6905	201	201	0	0	0	2769.12
13225	A	A	2697.7	36.6828	196	196	2697.7	0	0	0
13226	T	T	2736.54	36.6875	199	199	0	0	0	2736.54
13227	C	C	2819.99	36.6828	196	195	0	2819.99	0	0
13228	C	C	2766	36.6875	199	193	0	2766	0	0
13229	A	A	2780.7	36.6919	202	202	2780.7	0	0	0
13230	T	T	2734.93	36.6919	202	202	0	0	0	2734.93
13231	A	A	2759.69	36.6919	202	202	2759.69	0	0	0
13232	G	G	2771.61	36.6905	201	195	0	0	2771.61	0
13233	T	T	2823.31	36.6991	207	207	0	0	0	2823.31
13234	T	T	2799.84	37	204	204	0	0	0	2799.84
13235	C	C	2809.66	37	201	196	0	2809.66	0	0
13236	T	T	2716.16	37	196	196	0	0	0	2716.16
13237	A	A	2606.78	37	195	195	2606.78	0	0	0
13238	A	A	2587.88	37	190	190	2587.88	0	0	0
13239	C	C	2699.98	37	189	187	0	2699.98	0	0
13240	A	A	2548.09	37	187	187	2548.09	0	0	0
13241	C	C	2591.74	37	184	180	0	2591.74	0	0
13242	T	T	2543.31	37	183	183	0	0	0	2543.31
13243	A	A	2528.74	37	186	186	2528.74	0	0	0
13244	T	T	2471.12	37	179	179	0	0	0	2471.12
13245	T	T	2527.08	37	185	185	0	0	0	2527.08
13246	T	T	2543.71	37	187	187	0	0	0	2543.71
13247	A	A	2606.39	37	190	190	2606.39	0	0	0
13248	T	T	2559.17	37	188	188	0	0	0	2559.17
13249	C	C	2635.75	37	189	184	0	2635.75	0	0
13250	G	G	2674.62	36.6715	189	186	0	0	2674.62	0
13251	C	C	2644.14	36.6748	191	185	0	2644.14	0	0
13252	C	C	2646.72	36.6797	194	187	0	2646.72	0	0
13253	C	C	2685.29	36.6797	194	188	0	2685.29	0	0
13254	T	T	2553.59	36.6682	187	187	0	0	0	2553.59
13255	T	T	2563.17	36.6715	189	188	0	0	0	2563.17
13256	C	C	2608.48	36.6647	185	182	0	2608.48	0	0
13257	A	A	2545.77	36.6647	185	185	2545.77	0	0	0
13258	A	A	2559.49	36.6699	188	188	2559.49	0	0	0
13259	T	T	2502.91	36.6647	185	185	0	0	0	2502.91
13260	T	T	2570.62	36.6715	189	189	0	0	0	2570.62
13261	A	A	2572.5	36.6748	191	191	2572.5	0	0	0
13262	A	A	2548.43	36.6715	189	189	2548.43	0	0	0
13263	A	A	2471.42	36.6647	185	185	2471.42	0	0	0
13264	A	A	2455.68	36.6576	181	181	2455.68	0	0	0
13265	G	G	2536.97	36.6594	182	177	0	0	2536.97	0
13266	T	T	2511.74	36.6576	181	181	0	0	0	2511.74
13267	C	C	2429.59	36.6539	179	172	0	2429.59	0	0
13268	T	T	2414.32	36.6443	174	174	0	0	0	2414.32
13269	C	C	2420.74	36.6443	174	169	0	2420.74	0	0
13270	A	A	2319.64	36.6404	172	172	2319.64	0	0	0
13271	A	A	2295.2	37	171	171	2295.2	0	0	0
13272	A	A	2252.19	37	167	167	2252.19	0	0	0
13273	A	A	2253.27	37	168	168	2253.27	0	0	0
13274	T	T	2315.97	37	168	168	0	0	0	2315.97
13275	A	A	2217.08	37	166	166	2217.08	0	0	0
13276	C	C	2275.38	37	161	158	0	2275.38	0	0
13277	A	A	2166.98	37	163	163	2166.98	0	0	0
13278	A	A	2184	37	164	164	2184	0	0	0
13279	A	A	2206.68	36.6236	164	164	2206.68	0	0	0
13280	T	T	2183.65	36.6214	163	162	0	0	0	2183.65
13281	A	A	2241.19	36.6169	161	161	2241.19	0	0	0
13282	C	C	2209.44	36.6146	160	155	0	2209.44	0	0
13283	C	C	2233.19	36.6279	166	158	0	2233.19	0	0
13284	C	C	2324.93	36.6258	165	162	0	2324.93	0	0
13285	T	T	2275.37	36.6363	170	170	0	0	0	2275.37
13286	G	G	2420.3	36.6384	171	168	0	0	2420.3	0
13287	A	A	2343.73	36.6424	173	173	2343.73	0	0	0
13288	G	G	2496.02	36.6443	174	173	0	0	2496.02	0
13289	A	A	2360.23	36.6404	172	172	2360.23	0	0	0
13290	T	T	2341.81	36.6424	173	173	0	0	0	2341.81
13291	C	C	2374.88	36.6384	171	167	0	2374.88	0	0
13292	C	C	2386.25	36.6424	173	168	0	2386.25	0	0
13293	C	C	2399.2	36.6404	172	168	0	2399.2	0	0
13294	C	C	2391.81	36.652	178	170	0	2391.81	0	0
13295	G	G	2559.15	36.652	178	177	0	0	2559.15	0
13296	A	A	2490.95	36.6557	180	180	2490.95	0	0	0
13297	G	G	2589.53	36.6664	186	181	0	0	2589.53	0
13298	C	C	2575.55	36.6715	189	181	0	2575.55	0	0
13299	C	C	2630.45	36.6748	191	185	0	2630.45	0	0
13300	A	A	2625.37	36.6699	188	188	2625.37	0	0	0
13301	A	A	2707.02	36.6813	195	195	2707.02	0	0	0
13302	A	A	2792.96	36.6905	201	201	2792.96	0	0	0
13303	A	A	2797.65	36.6919	202	202	2797.65	0	0	0
13304	T	T	2710.21	36.6934	203	203	0	0	0	2710.21
13305	C	C	2826.72	36.6905	201	197	0	2826.72	0	0
13306	T	T	2737.12	36.6859	198	198	0	0	0	2737.12
13307	C	C	2803.69	36.4098	204	197	0	2803.69	0	0
13308	T	T	2813.88	36.4124	205	205	0	0	0	2813.88
13309	C	C	2835.13	36.4178	207	199	0	2835.13	0	0
13310	T	T	2812.33	36.407	203	203	0	0	0	2812.33
13311	C	C	2812.53	36.1384	203	197	0	2812.53	0	0
13312	A	A	2739.08	36.1227	199	199	2739.08	0	0	0
13313	T	T	2810.37	36.1384	203	203	0	0	0	2810.37
13314	C	C	2800.06	36.146	205	197	0	2800.06	0	0
13315	A	A	2792.05	36.1422	204	204	2792.05	0	0	0
13316	T	T	2760.62	36.1345	202	202	0	0	0	2760.62
13317	C	C	2843.53	36.1422	204	199	0	2843.53	0	0
13318	A	A	2843.06	36.1572	208	208	2843.06	0	0	0
13319	A	A	2802.61	36.1572	208	208	2802.61	0	0	0
13320	A	A	2801.31	36.1384	203	203	2801.31	0	0	0
13321	A	A	2763.93	36.1345	202	202	2763.93	0	0	0
13322	A	A	2770.48	36.1384	203	203	2770.48	0	0	0
13323	A	A	2784.59	36.1498	206	206	2784.59	0	0	0
13324	G	G	2814.73	36.1498	206	198	0	0	2814.73	0
13325	C	C	2787.11	36.1498	206	198	0	2787.11	0	0
13326	T	T	2801.83	36.4178	207	207	0	0	0	2801.83
13327	T	T	2787.05	36.6991	207	207	0	0	0	2787.05
13328	G	G	2941.69	36.6949	204	203	0	0	2941.69	0
13329	T	T	2770.51	36.6963	205	205	0	0	0	2770.51
13330	A	A	2917.16	36.7019	209	209	2917.16	0	0	0
13331	C	C	2954.66	36.1717	212	206	0	2954.66	0	0
13332	C	C	2966.82	36.1681	211	207	0	2966.82	0	0
13333	T	T	2908.22	36.1822	215	215	0	0	0	2908.22
13334	T	T	2970.38	36.2058	222	222	0	0	0	2970.38
13335	G	G	3145.07	36.2123	224	219	0	0	3145.07	0
13336	A	A	3090.9	36.2187	226	226	3090.9	0	0	0
13337	G	G	3157.18	36.2187	226	220	0	0	3157.18	0
13338	A	A	3161.88	36.4682	228	228	3161.88	0	0	0
13339	A	A	3204.98	36.4726	230	230	3204.98	0	0	0
13340	G	G	3175.11	36.4682	228	222	0	0	3175.11	0
13341	A	A	3206.08	36.4682	228	228	3206.08	0	0	0
13342	A	A	3193	36.4682	228	228	3193	0	0	0
13343	A	A	3224.17	36.4726	230	230	3224.17	0	0	0
13344	A	A	3227.36	36.479	233	233	3227.36	0	0	0
13345	A	A	3210.31	36.4747	231	231	3210.31	0	0	0
13346	T	T	3221.44	36.4747	231	231	0	0	0	3221.44
13347	G	G	3298.2	36.4811	234	229	0	0	3298.2	0
13348	A	A	3259.64	36.4852	236	236	3259.64	0	0	0
13349	A	A	3300.05	36.4973	242	242	3300.05	0	0	0
13350	C	C	3403.07	36.7445	245	238	0	3403.07	0	0
13351	G	G	3395.16	36.7445	245	238	0	0	3395.16	0
13352	A	A	3265.01	36.7434	244	244	3265.01	0	0	0
13353	A	A	3235.9	36.7414	242	241	3235.9	0	0	0
13354	A	A	3205.6	37	237	237	3205.6	0	0	0
13355	A	A	3146.5	37	231	231	3146.5	0	0	0
13356	T	T	3178.91	37	230	230	0	0	0	3178.91
13357	T	T	3194.61	37	232	232	0	0	0	3194.61
13358	T	T	3213.26	37	234	234	0	0	0	3213.26
13359	A	A	3117.86	37	232	232	3117.86	0	0	0
13360	T	T	3172.35	37	235	235	0	0	0	3172.35
13361	T	T	3140.08	37	231	231	0	0	0	3140.08
13362	T	T	3120.41	37	228	228	0	0	0	3120.41
13363	A	A	3018.78	37	225	225	3018.78	0	0	0
13364	C	C	3142.58	37	227	220	0	3142.58	0	0
13365	C	C	3098.18	37	224	217	0	3098.18	0	0
13366	T	T	3043.63	37	224	224	0	0	0	3043.63
13367	C	C	3183.99	37	227	222	0	3183.99	0	0
13368	T	T	3018.29	37	224	224	0	0	0	3018.29
13369	T	T	3086.18	37	228	228	0	0	0	3086.18
13370	T	T	3085.64	37	227	227	0	0	0	3085.64
13371	T	T	3093.36	37	225	225	0	0	0	3093.36
13372	A	A	3045.03	37	222	222	3045.03	0	0	0
13373	T	T	3113.51	37	227	227	0	0	0	3113.51
13374	C	C	3194.74	37	229	223	0	3194.74	0	0
13375	A	A	3079.54	37	226	226	3079.54	0	0	0
13376	C	C	3097.63	37	221	216	0	3097.63	0	0
13377	C	C	2976.17	36.7125	217	209	0	2976.17	0	0
13378	C	C	3089.36	36.2058	222	215	0	3089.36	0	0
13379	C	C	3073.71	36.2025	221	215	0	3073.71	0	0
13380	A	A	3058.65	36.2091	223	223	3058.65	0	0	0
13381	A	A	3017.95	36.2025	221	221	3017.95	0	0	0
13382	C	C	2999.54	36.1959	219	211	0	2999.54	0	0
13383	G	G	3084.78	36.1959	219	215	0	0	3084.78	0
13384	A	A	2932.58	36.1959	219	219	2932.58	0	0	0
13385	T	T	3038.51	36.1925	218	218	0	0	0	3038.51
13386	A	A	2854.66	36.1752	213	213	2854.66	0	0	0
13387	G	G	2864.6	36.1609	209	201	0	0	2864.6	0
13388	T	T	2885.41	36.1609	209	209	0	0	0	2885.41
13389	G	G	2964.93	36.1645	210	206	0	0	2964.93	0
13390	G	G	2894.99	36.1572	208	202	0	0	2894.99	0
13391	G	G	2890.92	36.1645	210	203	0	0	2890.92	0
13392	A	A	2806.74	36.1498	206	206	2806.74	0	0	0
13393	A	A	2860.61	36.1572	208	208	2860.61	0	0	0
13394	T	T	2839.64	36.1572	208	208	0	0	0	2839.64
13395	T	T	2866.17	36.1609	209	209	0	0	0	2866.17
13396	C	C	2880.18	36.4151	206	201	0	2880.18	0	0
13397	C	C	2890.08	36.4043	202	200	0	2890.08	0	0
13398	T	T	2809.93	36.4015	201	201	0	0	0	2809.93
13399	A	A	2713.72	36.3931	198	198	2713.72	0	0	0
13400	T	T	2797.83	36.3959	199	199	0	0	0	2797.83
13401	T	T	2780.97	36.3987	200	200	0	0	0	2780.97
13402	G	G	2783.84	36.3902	197	194	0	0	2783.84	0
13403	T	T	2754.06	36.3959	199	199	0	0	0	2754.06
13404	A	A	2652.77	36.1106	196	196	2652.77	0	0	0
13405	C	C	2717.54	36.3931	198	191	0	2717.54	0	0
13406	C	C	2743.29	36.3902	197	192	0	2743.29	0	0
13407	T	T	2717.32	36.3987	200	200	0	0	0	2717.32
13408	T	T	2686.56	36.6828	196	196	0	0	0	2686.56
13409	T	T	2630.61	36.6732	190	190	0	0	0	2630.61
13410	A	A	2575.24	36.6732	190	190	2575.24	0	0	0
13411	A	A	2590.83	36.6732	190	190	2590.83	0	0	0
13412	T	T	2634.65	36.6682	187	187	0	0	0	2634.65
13413	T	T	2624.14	36.6699	188	188	0	0	0	2624.14
13414	A	A	2522.37	36.6682	187	187	2522.37	0	0	0
13415	T	T	2540.74	36.6629	184	184	0	0	0	2540.74
13416	C	C	2556.07	36.6612	183	179	0	2556.07	0	0
13417	A	A	2447.86	36.652	178	178	2447.86	0	0	0
13418	T	T	2429.45	36.6482	176	176	0	0	0	2429.45
13419	G	G	2489.5	36.6482	176	173	0	0	2489.5	0
13420	T	T	2445.03	36.652	178	178	0	0	0	2445.03
13421	T	T	2418.71	36.6463	175	175	0	0	0	2418.71
13422	T	T	2444.93	36.652	178	178	0	0	0	2444.93
13423	C	C	2435.85	36.652	178	171	0	2435.85	0	0
13424	C	C	2417.87	36.6424	173	169	0	2417.87	0	0
13425	G	G	2416.62	36.6443	174	169	0	0	2416.62	0
13426	A	A	2350.78	36.6463	175	175	2350.78	0	0	0
13427	G	G	2364.97	36.6443	174	167	0	0	2364.97	0
13428	C	C	2446.03	36.6424	173	170	0	2446.03	0	0
13429	A	A	2337.82	36.6404	172	172	2337.82	0	0	0
13430	T	T	2282.93	36.6279	166	166	0	0	0	2282.93
13431	T	T	2292.2	36.2852	166	166	0	0	0	2292.2
13432	T	T	2275.38	36.2812	165	165	0	0	0	2275.38
13433	T	T	2301.93	36.2812	165	165	0	0	0	2301.93
13434	A	A	2337.62	36.2969	169	169	2337.62	0	0	0
13435	T	T	2348.75	36.3045	171	171	0	0	0	2348.75
13436	T	T	2307.76	36.2969	169	169	0	0	0	2307.76
13437	T	T	2276.98	36.2931	168	168	0	0	0	2276.98
13438	C	C	2449.35	36.3083	172	170	0	2449.35	0	0
13439	C	C	2325.06	36.3008	170	164	0	2325.06	0	0
13440	T	T	2332.53	36.3045	171	171	0	0	0	2332.53
13441	T	T	2371.96	36.3228	176	176	0	0	0	2371.96
13442	C	C	2311.36	36.3156	174	164	0	2311.36	0	0
13443	T	T	2347.92	36.3228	176	176	0	0	0	2347.92
13444	C	C	2419.57	36.3192	175	170	0	2419.57	0	0
13445	C	C	2366.44	36.3228	176	167	0	2366.44	0	0
13446	C	C	2340.57	36.3299	178	166	0	2340.57	0	0
13447	A	A	2454.41	36.0444	181	181	2454.41	0	0	0
13448	G	G	2564.83	36.0584	184	180	0	0	2564.83	0
13449	T	T	2423.84	36.0491	182	182	0	0	0	2423.84
13450	C	C	2444.9	36.0397	180	173	0	2444.9	0	0
13451	G	G	2423	36.03	178	171	0	0	2423	0
13452	A	A	2433.69	36.03	178	178	2433.69	0	0	0
13453	C	C	2406.38	36.3192	175	170	0	2406.38	0	0
13454	T	T	2378.29	36.3083	172	172	0	0	0	2378.29
13455	G	G	2356.27	36.3045	171	165	0	0	2356.27	0
13456	A	A	2332.33	36.6322	168	168	2332.33	0	0	0
13457	T	T	2377.77	36.6322	168	168	0	0	0	2377.77
13458	C	C	2394.6	36.6424	173	167	0	2394.6	0	0
13459	G	G	2563.65	36.652	178	177	0	0	2563.65	0
13460	A	A	2457.76	36.6501	177	177	2457.76	0	0	0
13461	T	T	2445.52	36.6629	184	184	0	0	0	2445.52
13462	A	A	2599.85	36.6699	188	188	2599.85	0	0	0
13463	A	A	2606.65	36.363	188	188	2606.65	0	0	0
13464	T	T	2572.95	36.3724	191	191	0	0	0	2572.95
13465	C	C	2641.87	36.3662	189	185	0	2641.87	0	0
13466	G	G	2655.94	36.3724	191	186	0	0	2655.94	0
13467	C	C	2694.63	36.6781	193	188	0	2694.63	0	0
13468	T	T	2621.22	36.6732	190	190	0	0	0	2621.22
13469	T	T	2644.71	36.6765	192	192	0	0	0	2644.71
13470	A	A	2651.91	36.6813	195	195	2651.91	0	0	0
13471	G	G	2708.76	36.6797	194	189	0	0	2708.76	0
13472	T	T	2686.37	36.6797	194	194	0	0	0	2686.37
13473	A	A	2594.57	36.6748	191	191	2594.57	0	0	0
13474	T	T	2606.7	36.6699	188	188	0	0	0	2606.7
13475	C	C	2650.71	36.6699	188	184	0	2650.71	0	0
13476	T	T	2565.24	36.6647	185	185	0	0	0	2565.24
13477	A	A	2523.5	36.6699	188	188	2523.5	0	0	0
13478	T	T	2573.14	36.6682	187	187	0	0	0	2573.14
13479	T	T	2513.09	36.6594	182	182	0	0	0	2513.09
13480	C	C	2495.52	36.652	178	174	0	2495.52	0	0
13481	A	A	2433.19	36.6501	177	177	2433.19	0	0	0
13482	A	A	2434.81	36.652	178	178	2434.81	0	0	0
13483	C	C	2489.78	36.6557	180	174	0	2489.78	0	0
13484	A	A	2450.91	36.6576	181	180	2450.91	0	0	0
13485	G	G	2541.49	36.6576	181	177	0	0	2541.49	0
13486	T	T	2475.58	36.6612	183	183	0	0	0	2475.58
13487	G	G	2404.8	36.6647	185	173	0	0	2404.8	0
13488	A	A	2530.67	36.6715	189	189	2530.67	0	0	0
13489	C	C	2538.83	36.6664	186	179	0	2538.83	0	0
13490	T	T	2458.03	37	185	185	0	0	0	2458.03
13491	A	A	2535.52	37	183	183	2535.52	0	0	0
13492	G	G	2541.98	37	181	177	0	0	2541.98	0
13493	T	T	2479.46	37	179	179	0	0	0	2479.46
13494	T	T	2503.88	37	181	181	0	0	0	2503.88
13495	C	C	2571.32	37	184	180	0	2571.32	0	0
13496	G	G	2605.63	37	187	182	0	0	2605.63	0
13497	G	G	2469.83	37	185	176	0	0	2469.83	0
13498	C	C	2629.07	37	186	183	0	2629.07	0	0
13499	T	T	2515.21	37	185	185	0	0	0	2515.21
13500	A	A	2539.68	37	187	187	2539.68	0	0	0
13501	A	A	2559.21	37	186	186	2559.21	0	0	0
13502	C	C	2575.27	37	184	180	0	2575.27	0	0
13503	A	A	2584.23	37	188	188	2584.23	0	0	0
13504	T	T	2572.76	37	191	191	0	0	0	2572.76
13505	C	C	2680.05	37	193	188	0	2680.05	0	0
13506	A	A	2597.75	37	189	189	2597.75	0	0	0
13507	A	A	2577.84	37	188	188	2577.84	0	0	0
13508	A	A	2605.72	37	191	191	2605.72	0	0	0
13509	A	A	2609.82	37	193	193	2609.82	0	0	0
13510	C	C	2662.17	37	195	187	0	2662.17	0	0
13511	A	A	2609.09	37	192	192	2609.09	0	0	0
13512	A	A	2619.84	37	191	191	2619.84	0	0	0
13513	A	A	2629.12	37	190	190	2629.12	0	0	0
13514	T	T	2551.33	37	188	187	0	0	0	2551.33
13515	A	A	2600.82	37	188	188	2600.82	0	0	0
13516	T	T	2596.83	37	189	188	0	0	0	2596.83
13517	T	T	2593.56	37	186	186	0	0	0	2593.56
13518	A	A	2591.04	37	186	186	2591.04	0	0	0
13519	T	T	2570.43	37	184	184	0	0	0	2570.43
13520	C	C	2717.09	37	188	188	0	2717.09	0	0
13521	C	C	2626.41	37	191	184	0	2626.41	0	0
13522	A	A	2647.53	37	193	193	2647.53	0	0	0
13523	T	T	2673.26	37	198	198	0	0	0	2673.26
13524	T	T	2668.48	37	198	198	0	0	0	2668.48
13525	C	C	2726.84	37	198	192	0	2726.84	0	0
13526	A	A	2747.59	37	198	198	2747.59	0	0	0
13527	T	T	2678.33	37	197	197	0	0	0	2678.33
13528	A	A	2726.76	37	199	199	2726.76	0	0	0
13529	G	G	2789.9	37	200	195	0	0	2789.9	0
13530	C	C	2767.53	37	196	192	0	2767.53	0	0
13531	C	C	2758.3	37	197	192	0	2758.3	0	0
13532	A	A	2712.01	37	197	197	2712.01	0	0	0
13533	C	C	2790.45	37	198	194	0	2790.45	0	0
13534	A	A	2710.03	37	197	197	2710.03	0	0	0
13535	A	A	2717.15	37	199	199	2717.15	0	0	0
13536	A	A	2744.48	37	200	200	2744.48	0	0	0
13537	G	G	2835.76	37	201	197	0	0	2835.76	0
13538	G	G	2823.7	37	200	197	0	0	2823.7	0
13539	A	A	2784.96	37	203	203	2784.96	0	0	0
13540	C	C	2800	37	198	195	0	2800	0	0
13541	A	A	2755.73	37	202	202	2755.73	0	0	0
13542	A	A	2785.31	37	205	205	2785.31	0	0	0
13543	A	A	2760.05	37	202	202	2760.05	0	0	0
13544	C	C	2771.14	37	201	194	0	2771.14	0	0
13545	C	C	2661.14	37	198	188	0	2661.14	0	0
13546	T	T	2733.5	37	200	200	0	0	0	2733.5
13547	G	G	2801.15	37	201	196	0	0	2801.15	0
13548	G	G	2833.13	37	204	198	0	0	2833.13	0
13549	G	G	2848.48	37	208	200	0	0	2848.48	0
13550	C	C	2907.38	37	207	203	0	2907.38	0	0
13551	A	A	2808.82	37	204	204	2808.82	0	0	0
13552	C	C	2857.68	37	200	198	0	2857.68	0	0
13553	T	T	2760.27	37	202	202	0	0	0	2760.27
13554	A	A	2839.29	37	206	206	2839.29	0	0	0
13555	A	A	2837.4	37	206	206	2837.4	0	0	0
13556	T	T	2828.36	37	206	206	0	0	0	2828.36
13557	A	A	2822.71	37	206	206	2822.71	0	0	0
13558	T	T	2814.58	37	205	205	0	0	0	2814.58
13559	T	T	2817.31	37	204	204	0	0	0	2817.31
13560	G	G	2826.67	37	202	197	0	0	2826.67	0
13561	A	A	2799.38	37	203	203	2799.38	0	0	0
13562	T	T	2807.57	37	203	203	0	0	0	2807.57
13563	A	A	2714.03	37	199	199	2714.03	0	0	0
13564	T	T	2790.31	37	201	201	0	0	0	2790.31
13565	C	C	2839.36	37	197	196	0	2839.36	0	0
13566	A	A	2656.52	37	194	194	2656.52	0	0	0
13567	C	C	2717.43	37	191	188	0	2717.43	0	0
13568	T	T	2635.05	37	189	189	0	0	0	2635.05
13569	A	A	2616.7	37	186	186	2616.7	0	0	0
13570	A	A	2625.91	37	186	186	2625.91	0	0	0
13571	T	T	2645.01	37	191	191	0	0	0	2645.01
13572	C	C	2732.85	37	191	189	0	2732.85	0	0
13573	C	C	2682.29	37	191	187	0	2682.29	0	0
13574	T	T	2664.49	37	194	194	0	0	0	2664.49
13575	A	A	2708.21	36.6844	197	197	2708.21	0	0	0
13576	T	T	2682.83	36.6813	195	195	0	0	0	2682.83
13577	T	T	2665.8	36.6781	193	193	0	0	0	2665.8
13578	T	T	2673.42	36.6781	193	193	0	0	0	2673.42
13579	A	A	2660.94	36.6797	194	194	2660.94	0	0	0
13580	T	T	2698.7	36.6828	196	196	0	0	0	2698.7
13581	T	T	2697.2	36.6875	199	199	0	0	0	2697.2
13582	G	G	2766.14	36.689	200	194	0	0	2766.14	0
13583	G	G	2813.3	36.6844	197	195	0	0	2813.3	0
13584	C	C	2721.15	36.6859	198	191	0	2721.15	0	0
13585	T	T	2634.6	36.6781	193	193	0	0	0	2634.6
13586	C	C	2668.15	36.6781	193	188	0	2668.15	0	0
13587	A	A	2652.66	36.6844	197	197	2652.66	0	0	0
13588	A	A	2656.81	36.6844	197	197	2656.81	0	0	0
13589	C	C	2704.84	36.6765	192	188	0	2704.84	0	0
13590	T	T	2615.06	36.6765	192	192	0	0	0	2615.06
13591	A	A	2574.94	36.6699	188	188	2574.94	0	0	0
13592	A	A	2586.55	36.6748	191	191	2586.55	0	0	0
13593	T	T	2634.06	36.6797	194	194	0	0	0	2634.06
13594	C	C	2694.16	36.6765	192	188	0	2694.16	0	0
13595	T	T	2582.43	36.6682	187	187	0	0	0	2582.43
13596	T	T	2620.99	36.6813	195	195	0	0	0	2620.99
13597	C	C	2594.72	36.6715	189	183	0	2594.72	0	0
13598	T	T	2597.32	36.6699	188	188	0	0	0	2597.32
13599	G	G	2646.72	36.6765	192	186	0	0	2646.72	0
13600	G	G	2655.35	36.6732	190	186	0	0	2655.35	0
13601	G	G	2541.59	36.6576	181	177	0	0	2541.59	0
13602	T	T	2497.07	37	185	185	0	0	0	2497.07
13603	C	C	2494.24	37	189	178	0	2494.24	0	0
13604	T	T	2514	37	186	186	0	0	0	2514
13605	A	A	2517.62	37	188	188	2517.62	0	0	0
13606	T	T	2491.21	37	183	183	0	0	0	2491.21
13607	T	T	2470.12	37	181	181	0	0	0	2470.12
13608	A	A	2489.1	37	182	182	2489.1	0	0	0
13609	C	C	2580.27	37	183	180	0	2580.27	0	0
13610	C	C	2530.97	37	182	177	0	2530.97	0	0
13611	G	G	2581.63	37	184	180	0	0	2581.63	0
13612	C	C	2601.12	37	183	181	0	2601.12	0	0
13613	A	A	2446.64	37	182	182	2446.64	0	0	0
13614	C	C	2506.64	37	182	176	0	2506.64	0	0
13615	T	T	2497.17	37	183	182	0	0	0	2497.17
13616	C	C	2566.4	36.6647	185	179	0	2566.4	0	0
13617	A	A	2512.47	36.6647	185	185	2512.47	0	0	0
13618	T	T	2468.78	36.6682	187	187	0	0	0	2468.78
13619	T	T	2466.2	36.6699	188	188	0	0	0	2466.2
13620	C	C	2533.88	36.3724	191	180	0	2533.88	0	0
13621	A	A	2655.58	36.0938	192	192	2655.58	0	0	0
13622	C	C	2590.34	36.0981	193	184	0	2590.34	0	0
13623	A	A	2629.87	36.0938	192	192	2629.87	0	0	0
13624	C	C	2649.07	36.1064	195	187	0	2649.07	0	0
13625	C	C	2724.19	36.0938	192	189	0	2724.19	0	0
13626	T	T	2636.74	36.0809	189	189	0	0	0	2636.74
13627	A	A	2636.03	36.0896	191	191	2636.03	0	0	0
13628	C	C	2642.28	35.8132	189	185	0	2642.28	0	0
13629	C	C	2671.14	35.8186	190	186	0	2671.14	0	0
13630	A	A	2557.58	35.8186	190	190	2557.58	0	0	0
13631	C	C	2705.53	35.8294	192	188	0	2705.53	0	0
13632	A	A	2577.99	35.8294	192	192	2577.99	0	0	0
13633	C	C	2651.46	35.8241	191	186	0	2651.46	0	0
13634	A	A	2530.23	35.5346	185	185	2530.23	0	0	0
13635	A	A	2521.59	35.521	183	183	2521.59	0	0	0
13636	C	C	2517.01	35.4931	179	175	0	2517.01	0	0
13637	T	T	2510.52	35.5142	182	182	0	0	0	2510.52
13638	G	G	2623.36	35.5142	182	181	0	0	2623.36	0
13639	T	T	2520.85	35.521	183	183	0	0	0	2520.85
13640	C	C	2564	35.521	183	180	0	2564	0	0
13641	A	A	2553.43	35.5413	186	186	2553.43	0	0	0
13642	A	A	2606.3	35.561	189	189	2606.3	0	0	0
13643	T	T	2602.32	35.5802	192	192	0	0	0	2602.32
13644	G	G	2711.31	35.5675	190	188	0	0	2711.31	0
13645	A	A	2609.89	35.3445	192	192	2609.89	0	0	0
13646	A	A	2645.6	35.3657	195	195	2645.6	0	0	0
13647	C	C	2728.02	35.3796	197	191	0	2728.02	0	0
13648	C	C	2740.41	35.3587	194	191	0	2740.41	0	0
13649	T	T	2585.44	35.5802	192	192	0	0	0	2585.44
13650	A	A	2556.37	35.5545	188	188	2556.37	0	0	0
13651	G	G	2585.11	35.5413	186	181	0	0	2585.11	0
13652	G	G	2576.4	35.561	189	182	0	0	2576.4	0
13653	A	A	2579.75	35.5675	190	190	2579.75	0	0	0
13654	A	A	2590.83	35.561	189	189	2590.83	0	0	0
13655	T	T	2550.89	35.5479	187	187	0	0	0	2550.89
13656	G	G	2468.98	35.785	184	175	0	0	2468.98	0
13657	G	G	2558.47	35.7793	183	178	0	0	2558.47	0
13658	C	C	2581.05	35.785	184	180	0	2581.05	0	0
13659	T	T	2551.29	36.0491	182	182	0	0	0	2551.29
13660	A	A	2533.68	35.7965	186	186	2533.68	0	0	0
13661	T	T	2589.61	35.8241	191	191	0	0	0	2589.61
13662	T	T	2570.99	36.0852	190	190	0	0	0	2570.99
13663	C	C	2490.51	36.0765	188	177	0	2490.51	0	0
13664	C	C	2580.68	36.063	185	181	0	2580.68	0	0
13665	C	C	2591.75	36.0584	184	180	0	2591.75	0	0
13666	T	T	2590.11	36.072	187	187	0	0	0	2590.11
13667	T	T	2537.55	36.3402	181	181	0	0	0	2537.55
13668	A	A	2488.62	36.3435	182	182	2488.62	0	0	0
13669	T	T	2541.13	36.3435	182	182	0	0	0	2541.13
13670	G	G	2416.58	36.3368	180	172	0	0	2416.58	0
13671	G	G	2568.18	36.3469	183	179	0	0	2568.18	0
13672	G	G	2583.61	36.3502	184	180	0	0	2583.61	0
13673	C	C	2474.34	36.6594	182	174	0	2474.34	0	0
13674	A	A	2472.83	36.6576	181	181	2472.83	0	0	0
13675	G	G	2535.33	36.6612	183	177	0	0	2535.33	0
13676	G	G	2527.13	36.6612	183	178	0	0	2527.13	0
13677	T	T	2537.61	36.6647	185	185	0	0	0	2537.61
13678	A	A	2518.48	36.6612	183	183	2518.48	0	0	0
13679	C	C	2528.09	36.6557	180	176	0	2528.09	0	0
13680	A	A	2554.5	36.6647	185	185	2554.5	0	0	0
13681	G	G	2557.73	36.6629	184	179	0	0	2557.73	0
13682	T	T	2501.06	36.6576	181	181	0	0	0	2501.06
13683	C	C	2571.55	36.6576	181	178	0	2571.55	0	0
13684	G	G	2560.35	36.6699	188	180	0	0	2560.35	0
13685	C	C	2739.92	36.6748	191	190	0	2739.92	0	0
13686	T	T	2588.89	36.6781	193	193	0	0	0	2588.89
13687	A	A	2632.86	37	190	190	2632.86	0	0	0
13688	C	C	2649.66	37	189	186	0	2649.66	0	0
13689	T	T	2587.51	37	194	194	0	0	0	2587.51
13690	G	G	2627.3	37	192	185	0	0	2627.3	0
13691	G	G	2732.44	37	196	191	0	0	2732.44	0
13692	A	A	2714.07	37	195	195	2714.07	0	0	0
13693	T	T	2700.35	37	197	197	0	0	0	2700.35
13694	T	T	2730.08	37	197	197	0	0	0	2730.08
13695	C	C	2704.14	37	194	189	0	2704.14	0	0
13696	C	C	2706.62	37	196	190	0	2706.62	0	0
13697	G	G	2724.77	37	191	189	0	0	2724.77	0
13698	A	A	2657.43	37	194	194	2657.43	0	0	0
13699	T	T	2741.56	37	196	196	0	0	0	2741.56
13700	A	A	2611.52	37	197	197	2611.52	0	0	0
13701	C	C	2710.58	37	190	188	0	2710.58	0	0
13702	A	A	2531.8	37	190	190	2531.8	0	0	0
13703	A	A	2502.28	37	188	188	2502.28	0	0	0
13704	G	G	2548.73	37	182	178	0	0	2548.73	0
13705	A	A	2513.71	37	183	183	2513.71	0	0	0
13706	C	C	2524.24	37	187	178	0	2524.24	0	0
13707	C	C	2526.85	37	185	178	0	2526.85	0	0
13708	A	A	2502.65	37	182	182	2502.65	0	0	0
13709	A	A	2494.37	37	183	183	2494.37	0	0	0
13710	G	G	2565.05	37	184	179	0	0	2565.05	0
13711	G	G	2537.74	37	183	178	0	0	2537.74	0
13712	C	C	2499.84	37	185	176	0	2499.84	0	0
13713	A	A	2560.59	37	190	190	2560.59	0	0	0
13714	T	T	2521.78	36.6699	188	188	0	0	0	2521.78
13715	C	C	2569.44	36.6732	190	182	0	2569.44	0	0
13716	C	C	2686.49	36.6699	188	187	0	2686.49	0	0
13717	T	T	2547.24	36.6647	185	185	0	0	0	2547.24
13718	T	T	2505.86	36.3435	182	182	0	0	0	2505.86
13719	G	G	2543.38	36.3435	182	178	0	0	2543.38	0
13720	G	G	2561.79	36.3502	184	179	0	0	2561.79	0
13721	C	C	2595.66	36.3469	183	180	0	2595.66	0	0
13722	T	T	2461.66	36.3334	179	179	0	0	0	2461.66
13723	C	C	2504.54	36.3334	179	175	0	2504.54	0	0
13724	A	A	2401.32	36.3299	178	178	2401.32	0	0	0
13725	C	C	2463.59	36.3264	177	172	0	2463.59	0	0
13726	T	T	2431.99	36.3264	177	177	0	0	0	2431.99
13727	T	T	2381.79	36.3156	174	174	0	0	0	2381.79
13728	T	T	2360.01	36.312	173	173	0	0	0	2360.01
13729	C	C	2448.16	36.3299	178	172	0	2448.16	0	0
13730	T	T	2445.42	36.3469	183	183	0	0	0	2445.42
13731	A	A	2502.12	36.3368	180	180	2502.12	0	0	0
13732	C	C	2440.05	36.3334	179	172	0	2440.05	0	0
13733	C	C	2606.18	36.3469	183	181	0	2606.18	0	0
13734	T	T	2528.96	36.3599	187	187	0	0	0	2528.96
13735	C	C	2583.75	36.3567	186	181	0	2583.75	0	0
13736	A	A	2613.88	36.3693	190	190	2613.88	0	0	0
13737	A	A	2567.86	36.3599	187	187	2567.86	0	0	0
13738	G	G	2563.37	36.3599	187	180	0	0	2563.37	0
13739	G	G	2606.38	36.6682	187	182	0	0	2606.38	0
13740	G	G	2600.77	36.6844	197	186	0	0	2600.77	0
13741	A	A	2619.39	36.6813	195	195	2619.39	0	0	0
13742	C	C	2645.82	36.6828	196	187	0	2645.82	0	0
13743	A	A	2603.2	36.3724	191	191	2603.2	0	0	0
13744	C	C	2548.61	36.6699	188	180	0	2548.61	0	0
13745	C	C	2639.01	36.6748	191	185	0	2639.01	0	0
13746	T	T	2595.56	36.6732	190	190	0	0	0	2595.56
13747	T	T	2644.83	36.6765	192	192	0	0	0	2644.83
13748	T	T	2601.85	36.6732	190	190	0	0	0	2601.85
13749	C	C	2607.95	36.6664	186	182	0	2607.95	0	0
13750	C	C	2592.59	36.6715	189	182	0	2592.59	0	0
13751	C	C	2696.17	36.6748	191	187	0	2696.17	0	0
13752	T	T	2644.38	36.6748	191	191	0	0	0	2644.38
13753	C	C	2680.92	36.6732	190	186	0	2680.92	0	0
13754	T	T	2676.89	36.6813	195	195	0	0	0	2676.89
13755	A	A	2595.3	36.6765	192	192	2595.3	0	0	0
13756	A	A	2578.31	36.6748	191	191	2578.31	0	0	0
13757	T	T	2608.77	36.6699	188	188	0	0	0	2608.77
13758	C	C	2567.62	36.6715	189	181	0	2567.62	0	0
13759	C	C	2625.48	36.6664	186	183	0	2625.48	0	0
13760	C	C	2588.34	36.6699	188	182	0	2588.34	0	0
13761	G	G	2593.41	36.6664	186	181	0	0	2593.41	0
13762	A	A	2522.12	36.6664	186	186	2522.12	0	0	0
13763	T	T	2532.48	36.6682	187	187	0	0	0	2532.48
13764	A	A	2545.28	36.6647	185	185	2545.28	0	0	0
13765	C	C	2596.92	36.6629	184	181	0	2596.92	0	0
13766	T	T	2497.04	37	180	180	0	0	0	2497.04
13767	C	C	2537.45	37	179	176	0	2537.45	0	0
13768	G	G	2467.95	37	179	173	0	0	2467.95	0
13769	T	T	2517.83	37	182	182	0	0	0	2517.83
13770	A	A	2464.91	37	183	183	2464.91	0	0	0
13771	A	A	2452.38	37	183	182	2452.38	0	0	0
13772	T	T	2413.59	36.6576	181	181	0	0	0	2413.59
13773	T	T	2415.22	36.6576	181	181	0	0	0	2415.22
13774	A	A	2477.96	36.6594	182	182	2477.96	0	0	0
13775	T	T	2463.3	36.6612	183	183	0	0	0	2463.3
13776	T	T	2477.81	36.6612	183	183	0	0	0	2477.81
13777	G	G	2548.13	36.652	178	176	0	0	2548.13	0
13778	A	A	2549.56	36.6557	180	180	2549.56	0	0	0
13779	A	A	2596.69	36.6682	187	187	2596.69	0	0	0
13780	A	A	2580.77	36.6715	189	189	2580.77	0	0	0
13781	C	C	2590.35	36.6715	189	182	0	2590.35	0	0
13782	A	A	2667.44	36.6813	195	195	2667.44	0	0	0
13783	A	A	2670.93	36.6844	197	197	2670.93	0	0	0
13784	T	T	2625.89	36.3754	192	192	0	0	0	2625.89
13785	C	C	2691.97	36.3693	190	187	0	2691.97	0	0
13786	A	A	2611.75	36.3724	191	191	2611.75	0	0	0
13787	G	G	2691.35	36.3754	192	188	0	0	2691.35	0
13788	C	C	2709.78	36.3724	191	188	0	2709.78	0	0
13789	C	C	2708.89	36.363	188	187	0	2708.89	0	0
13790	T	T	2605.01	36.3567	186	186	0	0	0	2605.01
13791	A	A	2490.99	36.3402	181	181	2490.99	0	0	0
13792	T	T	2534.76	36.3368	180	180	0	0	0	2534.76
13793	T	T	2482.38	36.3264	177	176	0	0	0	2482.38
13794	T	T	2507.46	36.3402	181	181	0	0	0	2507.46
13795	A	A	2501.19	36.3599	187	187	2501.19	0	0	0
13796	T	T	2539.65	36.3662	189	189	0	0	0	2539.65
13797	C	C	2526.55	36.3502	184	178	0	2526.55	0	0
13798	C	C	2445.78	36.0491	182	173	0	2445.78	0	0
13799	A	A	2500.01	36.0538	183	183	2500.01	0	0	0
13800	G	G	2456.18	36.0397	180	173	0	0	2456.18	0
13801	C	C	2509.8	35.4931	179	175	0	2509.8	0	0
13802	C	C	2482.11	35.5002	180	174	0	2482.11	0	0
13803	T	T	2464.36	35.4931	179	179	0	0	0	2464.36
13804	G	G	2450.8	35.5072	181	172	0	0	2450.8	0
13805	T	T	2413.87	35.7433	177	177	0	0	0	2413.87
13806	G	G	2480.58	35.7433	177	173	0	0	2480.58	0
13807	G	G	2386.29	35.7555	179	170	0	0	2386.29	0
13808	C	C	2406.09	35.7675	181	172	0	2406.09	0	0
13809	C	C	2455.68	35.7495	178	173	0	2455.68	0	0
13810	C	C	2503.53	35.7793	183	176	0	2503.53	0	0
13811	T	T	2428.2	35.7734	182	182	0	0	0	2428.2
13812	G	G	2486.71	35.7793	183	175	0	0	2486.71	0
13813	G	G	2545.33	35.785	184	178	0	0	2545.33	0
13814	C	C	2442.08	36.0765	188	174	0	2442.08	0	0
13815	C	C	2660.04	36.0852	190	186	0	2660.04	0	0
13816	G	G	2762.6	36.1106	196	192	0	0	2762.6	0
13817	T	T	2649.45	36.1187	198	198	0	0	0	2649.45
13818	G	G	2798	36.1345	202	196	0	0	2798	0
13819	C	C	2894.04	36.1535	207	203	0	2894.04	0	0
13820	G	G	3016.57	36.1717	212	209	0	0	3016.57	0
13821	A	A	2895.39	36.1717	212	212	2895.39	0	0	0
13822	C	C	2920.7	36.1717	212	205	0	2920.7	0	0
13823	T	T	2928.32	36.1822	215	215	0	0	0	2928.32
13824	A	A	2939.44	36.1752	213	213	2939.44	0	0	0
13825	A	A	2920.46	36.1717	212	212	2920.46	0	0	0
13826	C	C	2931.51	36.1717	212	205	0	2931.51	0	0
13827	C	C	2895.3	35.9318	213	204	0	2895.3	0	0
13828	G	G	3019.01	35.9273	212	209	0	0	3019.01	0
13829	C	C	2992.76	36.1787	214	209	0	2992.76	0	0
13830	T	T	2950.93	36.1822	215	215	0	0	0	2950.93
13831	A	A	2948.61	36.1787	214	214	2948.61	0	0	0
13832	A	A	3080.76	36.2058	222	222	3080.76	0	0	0
13833	T	T	3019.68	36.4547	222	222	0	0	0	3019.68
13834	A	A	3062.95	36.457	223	223	3062.95	0	0	0
13835	T	T	2987.99	36.4429	217	217	0	0	0	2987.99
13836	T	T	2943.31	36.4306	212	212	0	0	0	2943.31
13837	A	A	2946.25	36.4356	214	214	2946.25	0	0	0
13838	C	C	3012.76	36.4306	212	209	0	3012.76	0	0
13839	T	T	3005.9	36.4381	215	215	0	0	0	3005.9
13840	G	G	2802.22	36.423	209	198	0	0	2802.22	0
13841	C	C	2959.45	36.4204	208	205	0	2959.45	0	0
13842	A	A	2794.76	36.423	209	209	2794.76	0	0	0
13843	G	G	2780.33	36.1498	206	197	0	0	2780.33	0
13844	G	G	2853.04	35.8756	201	198	0	0	2853.04	0
13845	C	C	2769.27	35.8657	199	194	0	2769.27	0	0
13846	C	C	2669.02	35.8756	201	190	0	2669.02	0	0
13847	A	A	2711.94	35.8805	202	202	2711.94	0	0	0
13848	T	T	2723.22	35.8606	198	198	0	0	0	2723.22
13849	T	T	2719.07	35.8504	196	196	0	0	0	2719.07
13850	T	T	2698.8	35.84	194	194	0	0	0	2698.8
13851	G	G	2638.75	35.5802	192	185	0	0	2638.75	0
13852	C	C	2554.88	35.561	189	180	0	2554.88	0	0
13853	T	T	2579.8	35.5479	187	187	0	0	0	2579.8
13854	C	C	2575.58	35.5413	186	180	0	2575.58	0	0
13855	A	A	2520.63	35.5346	185	185	2520.63	0	0	0
13856	T	T	2547.05	35.5413	186	185	0	0	0	2547.05
13857	T	T	2542.8	35.5346	185	185	0	0	0	2542.8
13858	C	C	2629.33	35.521	183	182	0	2629.33	0	0
13859	A	A	2537.67	35.7793	183	183	2537.67	0	0	0
13860	T	T	2523.69	35.7965	186	186	0	0	0	2523.69
13861	T	T	2546.73	35.7965	186	186	0	0	0	2546.73
13862	T	T	2550.07	35.8021	187	187	0	0	0	2550.07
13863	A	A	2511.36	35.7908	185	185	2511.36	0	0	0
13864	A	A	2484.46	35.7793	183	183	2484.46	0	0	0
13865	T	T	2546.96	35.7793	183	183	0	0	0	2546.96
13866	T	T	2505.79	35.7734	182	182	0	0	0	2505.79
13867	G	G	2606	35.785	184	181	0	0	2606	0
13868	G	G	2586.95	35.785	184	180	0	0	2586.95	0
13869	G	G	2568.01	35.785	184	179	0	0	2568.01	0
13870	G	G	2560.87	35.7616	180	178	0	0	2560.87	0
13871	G	G	2432.85	36.0348	179	172	0	0	2432.85	0
13872	A	A	2401.33	36.0201	176	176	2401.33	0	0	0
13873	G	G	2380.53	36.0251	177	169	0	0	2380.53	0
13874	C	C	2511.33	36.0201	176	174	0	2511.33	0	0
13875	T	T	2490.97	36.0675	186	186	0	0	0	2490.97
13876	A	A	2524.83	36.3567	186	186	2524.83	0	0	0
13877	C	C	2521.43	36.6664	186	178	0	2521.43	0	0
13878	T	T	2426.65	36.6647	185	185	0	0	0	2426.65
13879	T	T	2454.28	36.6699	188	188	0	0	0	2454.28
13880	T	T	2521.05	36.6715	189	189	0	0	0	2521.05
13881	G	G	2618.8	36.6699	188	183	0	0	2618.8	0
13882	A	A	2530.25	36.6629	184	184	2530.25	0	0	0
13883	C	C	2517.35	36.6647	185	178	0	2517.35	0	0
13884	T	T	2551.39	37	188	188	0	0	0	2551.39
13885	C	C	2643.67	37	190	185	0	2643.67	0	0
13886	T	T	2537.68	37	186	186	0	0	0	2537.68
13887	A	A	2595.18	37	190	190	2595.18	0	0	0
13888	A	A	2612.04	37	193	193	2612.04	0	0	0
13889	C	C	2648.27	37	192	186	0	2648.27	0	0
13890	A	A	2605.2	37	190	190	2605.2	0	0	0
13891	A	A	2586.03	37	188	188	2586.03	0	0	0
13892	G	G	2603.37	37	191	183	0	0	2603.37	0
13893	T	T	2588.52	37	190	190	0	0	0	2588.52
13894	A	A	2586.22	37	191	191	2586.22	0	0	0
13895	T	T	2618.59	37	193	193	0	0	0	2618.59
13896	T	T	2609.1	37	190	190	0	0	0	2609.1
13897	A	A	2560.28	37	189	189	2560.28	0	0	0
13898	G	G	2551.29	37	186	180	0	0	2551.29	0
13899	C	C	2662.63	37	188	185	0	2662.63	0	0
13900	A	A	2598.6	37	189	189	2598.6	0	0	0
13901	C	C	2582.58	37	191	183	0	2582.58	0	0
13902	T	T	2589.57	37	192	192	0	0	0	2589.57
13903	A	A	2658.07	37	195	195	2658.07	0	0	0
13904	T	T	2610.99	37	191	191	0	0	0	2610.99
13905	T	T	2600.48	37	191	191	0	0	0	2600.48
13906	A	A	2628.35	37	193	193	2628.35	0	0	0
13907	C	C	2731.61	37	192	190	0	2731.61	0	0
13908	A	A	2669.83	37	198	198	2669.83	0	0	0
13909	G	G	2768.31	37	199	194	0	0	2768.31	0
13910	C	C	2772	37	200	194	0	2772	0	0
13911	C	C	2854.65	37	199	198	0	2854.65	0	0
13912	T	T	2679.29	37	200	200	0	0	0	2679.29
13913	T	T	2650.33	37	194	194	0	0	0	2650.33
13914	T	T	2663.97	37	195	195	0	0	0	2663.97
13915	A	A	2697.61	37	198	198	2697.61	0	0	0
13916	T	T	2736.71	37	200	200	0	0	0	2736.71
13917	C	C	2848.13	36.6963	205	199	0	2848.13	0	0
13918	A	A	2811.61	36.6963	205	205	2811.61	0	0	0
13919	C	C	2859.08	36.407	203	199	0	2859.08	0	0
13920	C	C	2784.13	36.4043	202	195	0	2784.13	0	0
13921	T	T	2791.65	36.4204	208	208	0	0	0	2791.65
13922	T	T	2764.06	36.4043	202	202	0	0	0	2764.06
13923	T	T	2798.8	36.407	203	203	0	0	0	2798.8
13924	A	A	2795.73	36.407	203	203	2795.73	0	0	0
13925	C	C	2906.37	36.4151	206	202	0	2906.37	0	0
13926	C	C	2920.81	36.4178	207	203	0	2920.81	0	0
13927	G	G	2919.46	36.4043	202	202	0	0	2919.46	0
13928	T	T	2796.25	36.4098	204	204	0	0	0	2796.25
13929	T	T	2781.56	36.1306	201	201	0	0	0	2781.56
13930	C	C	2771.23	36.1227	199	193	0	2771.23	0	0
13931	T	T	2750.52	36.1146	197	197	0	0	0	2750.52
13932	A	A	2718.06	36.1106	196	196	2718.06	0	0	0
13933	G	G	2759.69	36.1267	200	194	0	0	2759.69	0
13934	T	T	2787.36	36.1384	203	203	0	0	0	2787.36
13935	A	A	2738.1	35.8902	204	204	2738.1	0	0	0
13936	C	C	2769.02	35.8997	206	195	0	2769.02	0	0
13937	T	T	2779.51	35.9044	207	207	0	0	0	2779.51
13938	A	A	2803.92	35.9044	207	207	2803.92	0	0	0
13939	C	C	2750.66	35.8997	206	195	0	2750.66	0	0
13940	T	T	2732.84	35.8902	204	204	0	0	0	2732.84
13941	T	T	2781.48	35.8997	206	206	0	0	0	2781.48
13942	A	A	2818.81	35.8997	206	206	2818.81	0	0	0
13943	C	C	2899.82	35.4763	212	204	0	2899.82	0	0
13944	C	C	2933.16	35.4884	214	206	0	2933.16	0	0
13945	A	A	2913.77	35.4517	208	208	2913.77	0	0	0
13946	T	T	2882.54	35.4763	212	212	0	0	0	2882.54
13947	T	T	2859.4	35.4763	212	212	0	0	0	2859.4
13948	C	C	2975.7	35.2673	212	207	0	2975.7	0	0
13949	T	T	2936.95	35.274	213	213	0	0	0	2936.95
13950	C	C	3022.92	35.2807	214	210	0	3022.92	0	0
13951	G	G	2971.49	35.2807	214	208	0	0	2971.49	0
13952	A	A	2800.91	35.2468	209	209	2800.91	0	0	0
13953	G	G	2876.3	35.2468	209	202	0	0	2876.3	0
13954	T	T	2898.96	35.4763	212	212	0	0	0	2898.96
13955	T	T	2865.64	35.6798	209	209	0	0	0	2865.64
13956	C	C	2931.23	35.4763	212	206	0	2931.23	0	0
13957	G	G	2904.64	35.6798	209	203	0	0	2904.64	0
13958	C	C	2913.52	35.6853	210	204	0	2913.52	0	0
13959	T	T	2885.64	35.6744	208	208	0	0	0	2885.64
13960	G	G	2958.87	35.6744	208	205	0	0	2958.87	0
13961	T	T	2914.59	35.6798	209	209	0	0	0	2914.59
13962	A	A	2915.48	35.6906	211	211	2915.48	0	0	0
13963	G	G	2984.92	35.9318	213	208	0	0	2984.92	0
13964	C	C	2936.91	35.7013	213	207	0	2936.91	0	0
13965	C	C	2961.27	35.7013	213	207	0	2961.27	0	0
13966	C	C	2989.45	35.7065	214	209	0	2989.45	0	0
13967	T	T	2914.29	35.6853	210	210	0	0	0	2914.29
13968	C	C	2808.94	35.6689	207	198	0	2808.94	0	0
13969	A	A	2779.28	35.8854	203	203	2779.28	0	0	0
13970	T	T	2826.3	35.8902	204	204	0	0	0	2826.3
13971	T	T	2835.2	35.8997	206	206	0	0	0	2835.2
13972	C	C	2806.76	35.8854	203	197	0	2806.76	0	0
13973	A	A	2798.51	35.9044	207	207	2798.51	0	0	0
13974	G	G	2824.87	35.9044	207	198	0	0	2824.87	0
13975	G	G	2802.54	36.146	205	197	0	0	2802.54	0
13976	C	C	2799.66	36.1384	203	197	0	2799.66	0	0
13977	C	C	2907.25	36.4204	208	203	0	2907.25	0	0
13978	T	T	2828.77	36.4331	213	213	0	0	0	2828.77
13979	A	A	2908.5	36.4356	214	214	2908.5	0	0	0
13980	C	C	3059.25	36.4405	216	213	0	3059.25	0	0
13981	G	G	2910.79	36.4306	212	205	0	0	2910.79	0
13982	T	T	2813.21	36.7005	208	208	0	0	0	2813.21
13983	C	C	2843.02	36.7005	208	201	0	2843.02	0	0
13984	T	T	2891.8	36.706	212	212	0	0	0	2891.8
13985	T	T	2893.48	36.7019	209	209	0	0	0	2893.48
13986	C	C	2880.57	36.423	209	202	0	2880.57	0	0
13987	A	A	2837.08	36.1535	207	207	2837.08	0	0	0
13988	C	C	3005.19	36.1681	211	209	0	3005.19	0	0
13989	C	C	2936.05	36.1787	214	206	0	2936.05	0	0
13990	C	C	2964.31	36.1822	215	208	0	2964.31	0	0
13991	T	T	2841.53	36.1498	206	206	0	0	0	2841.53
13992	G	G	2852.66	36.1498	206	200	0	0	2852.66	0
13993	C	C	2916.39	36.1498	206	203	0	2916.39	0	0
13994	T	T	2825.53	36.146	205	205	0	0	0	2825.53
13995	A	A	2813.22	36.1572	208	208	2813.22	0	0	0
13996	G	G	2771.05	36.1384	203	195	0	0	2771.05	0
13997	T	T	2769.01	36.1345	202	202	0	0	0	2769.01
13998	A	A	2793.84	36.1267	200	200	2793.84	0	0	0
13999	A	A	2799.2	36.1345	202	202	2799.2	0	0	0
14000	G	G	2866.27	36.1498	206	200	0	0	2866.27	0
14001	C	C	2836.91	36.1535	207	199	0	2836.91	0	0
14002	C	C	2893.52	36.1787	214	205	0	2893.52	0	0
14003	T	T	2881.33	36.1752	213	213	0	0	0	2881.33
14004	A	A	2894.55	36.423	209	209	2894.55	0	0	0
14005	T	T	2854.35	36.4256	210	209	0	0	0	2854.35
14006	A	A	2928.94	36.4331	213	213	2928.94	0	0	0
14007	C	C	2967.51	36.4331	213	207	0	2967.51	0	0
14008	C	C	3023.01	36.4405	216	211	0	3023.01	0	0
14009	T	T	2936.41	36.4381	215	215	0	0	0	2936.41
14010	A	A	2886.7	36.4256	210	210	2886.7	0	0	0
14011	C	C	2954.77	36.4381	215	207	0	2954.77	0	0
14012	A	A	2879.93	36.4281	211	210	2879.93	0	0	0
14013	C	C	3005.08	36.4356	214	210	0	3005.08	0	0
14014	G	G	3007.63	36.4405	216	210	0	0	3007.63	0
14015	A	A	2996.5	36.4501	220	220	2996.5	0	0	0
14016	T	T	2963.26	36.4501	220	220	0	0	0	2963.26
14017	A	A	3076.73	36.4547	222	222	3076.73	0	0	0
14018	A	A	3046.61	36.4477	219	219	3046.61	0	0	0
14019	C	C	3074.76	36.4501	220	215	0	3074.76	0	0
14020	A	A	3045.75	36.4477	219	219	3045.75	0	0	0
14021	C	C	3111.19	36.4547	222	217	0	3111.19	0	0
14022	T	T	3105.54	36.4638	226	226	0	0	0	3105.54
14023	T	T	3092.27	36.4638	226	226	0	0	0	3092.27
14024	A	A	3067.71	36.457	223	223	3067.71	0	0	0
14025	A	A	3080.03	36.466	227	226	3080.03	0	0	0
14026	T	T	3071.85	36.466	227	227	0	0	0	3071.85
14027	G	G	3149.21	36.4593	224	219	0	0	3149.21	0
14028	A	A	3034.09	36.4616	225	225	3034.09	0	0	0
14029	C	C	3152.7	36.466	227	221	0	3152.7	0	0
14030	T	T	3087.86	36.4593	224	224	0	0	0	3087.86
14031	C	C	3159.27	36.4616	225	220	0	3159.27	0	0
14032	A	A	3052.08	36.457	223	223	3052.08	0	0	0
14033	C	C	2907.37	36.1891	217	206	0	2907.37	0	0
14034	C	C	2994.28	36.4501	220	211	0	2994.28	0	0
14035	A	A	3009.32	36.4524	221	221	3009.32	0	0	0
14036	A	A	2982.28	36.4477	219	219	2982.28	0	0	0
14037	A	A	3013.49	36.4593	224	224	3013.49	0	0	0
14038	C	C	3109.53	36.4524	221	217	0	3109.53	0	0
14039	A	A	2962.56	36.4429	217	217	2962.56	0	0	0
14040	C	C	3044.76	36.4356	214	211	0	3044.76	0	0
14041	A	A	2963.51	36.4356	214	214	2963.51	0	0	0
14042	T	T	2931.31	36.4281	211	211	0	0	0	2931.31
14043	G	G	2948.46	36.4356	214	207	0	0	2948.46	0
14044	C	C	3002.47	36.4281	211	208	0	3002.47	0	0
14045	A	A	2909.9	36.4306	212	212	2909.9	0	0	0
14046	T	T	2955.66	36.4331	213	213	0	0	0	2955.66
14047	A	A	2911.98	36.4306	212	212	2911.98	0	0	0
14048	C	C	2885.29	36.423	209	202	0	2885.29	0	0
14049	C	C	3015.83	36.4331	213	210	0	3015.83	0	0
14050	A	A	2895.91	36.4381	215	215	2895.91	0	0	0
14051	T	T	2961.74	36.4453	218	218	0	0	0	2961.74
14052	A	A	2884.66	36.4331	213	213	2884.66	0	0	0
14053	T	T	2842.69	36.4151	206	206	0	0	0	2842.69
14054	A	A	2850.16	36.423	209	209	2850.16	0	0	0
14055	G	G	2858.92	36.4151	206	201	0	0	2858.92	0
14056	T	T	2854.31	36.1498	206	206	0	0	0	2854.31
14057	C	C	2862.79	36.146	205	200	0	2862.79	0	0
14058	A	A	2707.54	36.1345	202	202	2707.54	0	0	0
14059	A	A	2654.31	36.1187	198	198	2654.31	0	0	0
14060	C	C	2789.24	36.3931	198	194	0	2789.24	0	0
14061	C	C	2822.02	36.3873	196	195	0	2822.02	0	0
14062	C	C	2736.18	36.3931	198	191	0	2736.18	0	0
14063	A	A	2629.35	36.3844	195	195	2629.35	0	0	0
14064	A	A	2601.06	36.3754	192	192	2601.06	0	0	0
14065	G	G	2704.47	36.3724	191	188	0	0	2704.47	0
14066	C	C	2669.49	36.3724	191	187	0	2669.49	0	0
14067	C	C	2635.05	35.8452	195	185	0	2635.05	0	0
14068	C	C	2710.97	35.8348	193	189	0	2710.97	0	0
14069	A	A	2502.44	35.8294	192	192	2502.44	0	0	0
14070	T	T	2563.68	35.8241	191	191	0	0	0	2563.68
14071	G	G	2599.15	35.8077	188	183	0	0	2599.15	0
14072	A	A	2442.73	35.7908	185	185	2442.73	0	0	0
14073	C	C	2492.35	35.7908	185	176	0	2492.35	0	0
14074	C	C	2549.01	35.4931	179	177	0	2549.01	0	0
14075	A	A	2502.43	35.5142	182	182	2502.43	0	0	0
14076	C	C	2481.93	35.5413	186	176	0	2481.93	0	0
14077	T	T	2455.32	35.5479	187	186	0	0	0	2455.32
14078	A	A	2561.94	35.5346	185	185	2561.94	0	0	0
14079	A	A	2581.01	35.5279	184	184	2581.01	0	0	0
14080	C	C	2550.43	35.5346	185	179	0	2550.43	0	0
14081	A	A	2566.49	35.5142	182	182	2566.49	0	0	0
14082	G	G	2603.94	35.5142	182	180	0	0	2603.94	0
14083	G	G	2696.15	35.5479	187	186	0	0	2696.15	0
14084	A	A	2681.23	35.5927	194	194	2681.23	0	0	0
14085	G	G	2756.21	35.84	194	191	0	0	2756.21	0
14086	C	C	2728.52	35.84	194	190	0	2728.52	0	0
14087	C	C	2648.41	35.84	194	186	0	2648.41	0	0
14088	C	C	2718.87	35.84	194	190	0	2718.87	0	0
14089	T	T	2684.79	35.84	194	194	0	0	0	2684.79
14090	C	C	2781.95	35.8348	193	192	0	2781.95	0	0
14091	T	T	2677.75	35.8348	193	193	0	0	0	2677.75
14092	C	C	2674.9	36.0938	192	187	0	2674.9	0	0
14093	A	A	2630.47	36.3724	191	191	2630.47	0	0	0
14094	G	G	2650.16	36.3754	192	186	0	0	2650.16	0
14095	C	C	2627.94	36.3693	190	184	0	2627.94	0	0
14096	C	C	2666.91	36.3534	185	184	0	2666.91	0	0
14097	C	C	2687.23	36.363	188	186	0	2687.23	0	0
14098	T	T	2609.63	36.363	188	188	0	0	0	2609.63
14099	T	T	2608.17	36.363	188	188	0	0	0	2608.17
14100	C	C	2602.36	36.363	188	182	0	2602.36	0	0
14101	T	T	2515.72	36.3502	184	184	0	0	0	2515.72
14102	T	T	2523.18	36.3435	182	182	0	0	0	2523.18
14103	A	A	2437.59	36.3435	182	182	2437.59	0	0	0
14104	T	T	2530.34	36.3469	183	183	0	0	0	2530.34
14105	A	A	2389.01	36.0397	180	180	2389.01	0	0	0
14106	A	A	2311.73	35.9998	172	172	2311.73	0	0	0
14107	C	C	2348.83	35.9893	170	165	0	2348.83	0	0
14108	A	A	2224.57	35.9785	168	168	2224.57	0	0	0
14109	T	T	2322.59	35.9676	166	166	0	0	0	2322.59
14110	C	C	2294.46	35.962	165	161	0	2294.46	0	0
14111	G	G	2245.42	35.9273	159	156	0	0	2245.42	0
14112	G	G	2192.46	35.9392	161	155	0	0	2192.46	0
14113	G	G	2238.56	35.9213	158	156	0	0	2238.56	0
14114	G	G	2155.26	35.9333	160	153	0	0	2155.26	0
14115	C	C	2223.28	35.945	162	156	0	2223.28	0	0
14116	T	T	2173.81	36.2648	161	161	0	0	0	2173.81
14117	A	A	2222.87	36.6214	163	163	2222.87	0	0	0
14118	A	A	2288.3	36.6279	166	166	2288.3	0	0	0
14119	T	T	2264.52	36.6424	173	173	0	0	0	2264.52
14120	T	T	2289.62	36.6404	172	172	0	0	0	2289.62
14121	A	A	2384.07	36.6424	173	173	2384.07	0	0	0
14122	T	T	2293.02	36.6424	173	173	0	0	0	2293.02
14123	G	G	2384.89	36.6424	173	168	0	0	2384.89	0
14124	T	T	2414.89	36.6482	176	176	0	0	0	2414.89
14125	G	G	2558.52	36.6576	181	178	0	0	2558.52	0
14126	A	A	2411.6	36.6576	181	180	2411.6	0	0	0
14127	T	T	2391.25	36.6482	176	176	0	0	0	2391.25
14128	T	T	2391.93	36.652	178	178	0	0	0	2391.93
14129	T	T	2380.69	36.6482	176	176	0	0	0	2380.69
14130	C	C	2504.68	36.652	178	175	0	2504.68	0	0
14131	A	A	2465.37	36.652	178	178	2465.37	0	0	0
14132	C	C	2512.96	37	180	176	0	2512.96	0	0
14133	T	T	2407.08	37	177	177	0	0	0	2407.08
14134	T	T	2421.65	37	179	179	0	0	0	2421.65
14135	T	T	2459.61	37	179	179	0	0	0	2459.61
14136	A	A	2418.72	37	178	178	2418.72	0	0	0
14137	A	A	2484.53	37	182	182	2484.53	0	0	0
14138	C	C	2522.5	37	177	175	0	2522.5	0	0
14139	T	T	2462.8	37	181	181	0	0	0	2462.8
14140	C	C	2456.55	36.6612	183	174	0	2456.55	0	0
14141	T	T	2445.21	36.6594	182	182	0	0	0	2445.21
14142	A	A	2574.96	36.6629	184	184	2574.96	0	0	0
14143	T	T	2485.11	36.6594	182	182	0	0	0	2485.11
14144	A	A	2601.69	36.6682	187	187	2601.69	0	0	0
14145	C	C	2568.16	36.6732	190	181	0	2568.16	0	0
14146	T	T	2612.7	36.6748	191	191	0	0	0	2612.7
14147	C	C	2734.1	36.6828	196	191	0	2734.1	0	0
14148	T	T	2598.44	36.6781	193	193	0	0	0	2598.44
14149	T	T	2637.54	36.6765	192	192	0	0	0	2637.54
14150	A	A	2586.38	36.6732	190	190	2586.38	0	0	0
14151	T	T	2628.47	36.6732	190	190	0	0	0	2628.47
14152	T	T	2655.64	36.6765	192	192	0	0	0	2655.64
14153	A	A	2604.37	36.6781	193	193	2604.37	0	0	0
14154	T	T	2623.75	36.6781	193	193	0	0	0	2623.75
14155	T	T	2591.91	36.6765	192	192	0	0	0	2591.91
14156	G	G	2658.6	36.6797	194	187	0	0	2658.6	0
14157	C	C	2646.32	36.6797	194	186	0	2646.32	0	0
14158	T	T	2604.65	37	193	193	0	0	0	2604.65
14159	A	A	2670.23	37	196	196	2670.23	0	0	0
14160	G	G	2708.94	37	195	190	0	0	2708.94	0
14161	G	G	2714.18	37	193	189	0	0	2714.18	0
14162	C	C	2714.41	37	190	188	0	2714.41	0	0
14163	C	C	2664.62	37	188	185	0	2664.62	0	0
14164	T	T	2623.73	37	189	189	0	0	0	2623.73
14165	T	T	2608.91	37	186	186	0	0	0	2608.91
14166	A	A	2537.8	37	186	186	2537.8	0	0	0
14167	C	C	2679.83	36.6664	186	185	0	2679.83	0	0
14168	A	A	2545.58	36.363	188	187	2545.58	0	0	0
14169	A	A	2582.44	36.3693	190	190	2582.44	0	0	0
14170	C	C	2556.17	36.3502	184	179	0	2556.17	0	0
14171	C	C	2558.02	36.3502	184	179	0	2558.02	0	0
14172	A	A	2531.47	36.3502	184	184	2531.47	0	0	0
14173	A	A	2565.2	36.3534	185	185	2565.2	0	0	0
14174	T	T	2576	36.363	188	188	0	0	0	2576
14175	A	A	2457.05	36.3435	182	182	2457.05	0	0	0
14176	T	T	2537.49	36.3599	187	187	0	0	0	2537.49
14177	A	A	2512.31	36.3567	186	186	2512.31	0	0	0
14178	C	C	2618.67	36.363	188	184	0	2618.67	0	0
14179	T	T	2518.25	36.3502	184	184	0	0	0	2518.25
14180	C	C	2439.3	36.3299	178	172	0	2439.3	0	0
14181	A	A	2509.4	36.0444	181	181	2509.4	0	0	0
14182	C	C	2486.26	36.0348	179	174	0	2486.26	0	0
14183	C	C	2502.52	36.0491	182	176	0	2502.52	0	0
14184	A	A	2473.12	36.0491	182	182	2473.12	0	0	0
14185	T	T	2508.8	36.063	185	185	0	0	0	2508.8
14186	G	G	2503.18	36.063	185	176	0	0	2503.18	0
14187	T	T	2433.45	36.0397	180	180	0	0	0	2433.45
14188	A	A	2453.43	36.0491	182	182	2453.43	0	0	0
14189	T	T	2458.87	36.0397	180	180	0	0	0	2458.87
14190	C	C	2509.32	36.0348	179	175	0	2509.32	0	0
14191	A	A	2493.94	36.0675	186	186	2493.94	0	0	0
14192	A	A	2489.23	36.0584	184	184	2489.23	0	0	0
14193	T	T	2466.17	36.063	185	185	0	0	0	2466.17
14194	G	G	2542.04	36.0491	182	178	0	0	2542.04	0
14195	G	G	2591.95	36.072	187	182	0	0	2591.95	0
14196	T	T	2506.35	36.072	187	187	0	0	0	2506.35
14197	G	G	2670.16	36.0809	189	186	0	0	2670.16	0
14198	A	A	2668.42	36.0896	191	191	2668.42	0	0	0
14199	C	C	2545.86	36.3534	185	179	0	2545.86	0	0
14200	G	G	2723.75	36.3662	189	188	0	0	2723.75	0
14201	G	G	2753.3	36.3814	194	191	0	0	2753.3	0
14202	G	G	2820.97	36.3931	198	196	0	0	2820.97	0
14203	A	A	2766.24	36.4015	201	201	2766.24	0	0	0
14204	T	T	2721.05	36.4015	201	201	0	0	0	2721.05
14205	A	A	2804.9	36.4098	204	204	2804.9	0	0	0
14206	T	T	2760.54	36.407	203	203	0	0	0	2760.54
14207	T	T	2773.77	36.4098	204	204	0	0	0	2773.77
14208	A	A	2802.43	36.4151	206	206	2802.43	0	0	0
14209	T	T	2729.89	36.6875	199	199	0	0	0	2729.89
14210	T	T	2792.54	36.6919	202	202	0	0	0	2792.54
14211	C	C	2818.71	36.6844	197	195	0	2818.71	0	0
14212	G	G	2761.32	36.6844	197	192	0	0	2761.32	0
14213	A	A	2694.07	36.6797	194	194	2694.07	0	0	0
14214	G	G	2695.55	36.6844	197	190	0	0	2695.55	0
14215	A	A	2698.7	36.6813	195	195	2698.7	0	0	0
14216	G	G	2859.31	37	200	198	0	0	2859.31	0
14217	A	A	2807.87	37	201	201	2807.87	0	0	0
14218	G	G	2834.9	37	205	198	0	0	2834.9	0
14219	T	T	2781.96	37	207	207	0	0	0	2781.96
14220	A	A	2849.5	37	208	208	2849.5	0	0	0
14221	C	C	2958.9	36.7005	208	206	0	2958.9	0	0
14222	A	A	2906.96	36.7046	211	211	2906.96	0	0	0
14223	T	T	2869.12	36.706	212	212	0	0	0	2869.12
14224	T	T	2918.11	36.7086	214	214	0	0	0	2918.11
14225	T	T	2874.21	36.7019	209	209	0	0	0	2874.21
14226	C	C	2951.91	36.6991	207	205	0	2951.91	0	0
14227	A	A	2806.51	36.7019	209	209	2806.51	0	0	0
14228	A	A	2799.66	36.6991	207	207	2799.66	0	0	0
14229	G	G	2874.92	36.423	209	202	0	0	2874.92	0
14230	G	G	2895.75	36.1422	204	201	0	0	2895.75	0
14231	C	C	2849.9	36.1384	203	199	0	2849.9	0	0
14232	C	C	2824.5	36.1106	196	195	0	2824.5	0	0
14233	A	A	2632.71	36.1064	195	195	2632.71	0	0	0
14234	T	T	2725.34	35.8556	197	197	0	0	0	2725.34
14235	C	C	2663.9	35.8606	198	189	0	2663.9	0	0
14236	A	A	2653.21	35.8452	195	195	2653.21	0	0	0
14237	C	C	2667.73	35.8186	190	186	0	2667.73	0	0
14238	A	A	2554.82	35.8077	188	188	2554.82	0	0	0
14239	C	C	2679.06	35.5479	187	185	0	2679.06	0	0
14240	T	T	2623.5	35.5413	186	186	0	0	0	2623.5
14241	C	C	2598.06	35.521	183	180	0	2598.06	0	0
14242	C	C	2510.67	35.5142	182	176	0	2510.67	0	0
14243	T	T	2494.86	35.5072	181	181	0	0	0	2494.86
14244	G	G	2449.63	35.5072	181	173	0	0	2449.63	0
14245	T	T	2410.13	35.7495	178	178	0	0	0	2410.13
14246	T	T	2414.4	35.7495	178	178	0	0	0	2414.4
14247	G	G	2432.3	35.7555	179	171	0	0	2432.3	0
14248	T	T	2439.91	36.0397	180	180	0	0	0	2439.91
14249	C	C	2474.95	36.0348	179	173	0	2474.95	0	0
14250	C	C	2359	36.0151	175	167	0	2359	0	0
14251	A	A	2386.47	36.01	174	174	2386.47	0	0	0
14252	A	A	2403.18	36.0151	175	175	2403.18	0	0	0
14253	A	A	2465.04	36.03	178	178	2465.04	0	0	0
14254	A	A	2479.76	36.0444	181	181	2479.76	0	0	0
14255	G	G	2513.3	36.063	185	178	0	0	2513.3	0
14256	G	G	2657.71	36.3662	189	185	0	0	2657.71	0
14257	G	G	2672.99	36.3754	192	187	0	0	2672.99	0
14258	A	A	2632.89	36.3754	192	192	2632.89	0	0	0
14259	C	C	2539.26	36.3724	191	181	0	2539.26	0	0
14260	T	T	2612.63	36.3844	195	195	0	0	0	2612.63
14261	G	G	2812.79	36.1146	197	195	0	0	2812.79	0
14262	C	C	2722.03	36.1064	195	190	0	2722.03	0	0
14263	G	G	2731.78	36.1146	197	191	0	0	2731.78	0
14264	G	G	2747.41	36.1023	194	191	0	0	2747.41	0
14265	T	T	2617.43	36.0852	190	190	0	0	0	2617.43
14266	A	A	2613.39	36.3724	191	191	2613.39	0	0	0
14267	C	C	2714.94	36.3754	192	189	0	2714.94	0	0
14268	G	G	2675.43	36.6765	192	187	0	0	2675.43	0
14269	G	G	2638.95	36.6765	192	186	0	0	2638.95	0
14270	A	A	2653.08	36.6732	190	190	2653.08	0	0	0
14271	A	A	2652.25	36.6765	192	192	2652.25	0	0	0
14272	T	T	2656.45	36.6797	194	194	0	0	0	2656.45
14273	A	A	2674.01	36.6797	194	194	2674.01	0	0	0
14274	G	G	2687.51	36.6875	199	190	0	0	2687.51	0
14275	T	T	2702.77	36.6844	197	197	0	0	0	2702.77
14276	C	C	2637.54	36.6748	191	185	0	2637.54	0	0
14277	C	C	2758.39	36.689	200	193	0	2758.39	0	0
14278	T	T	2704.31	36.6905	201	201	0	0	0	2704.31
14279	A	A	2808.46	36.6934	203	203	2808.46	0	0	0
14280	T	T	2746.4	36.6934	203	203	0	0	0	2746.4
14281	T	T	2682.85	36.6919	202	202	0	0	0	2682.85
14282	T	T	2783.7	36.6991	207	207	0	0	0	2783.7
14283	A	A	2834.9	36.423	209	209	2834.9	0	0	0
14284	T	T	2834.26	36.4178	207	207	0	0	0	2834.26
14285	C	C	2743.46	36.4015	201	193	0	2743.46	0	0
14286	G	G	2754.26	36.3814	194	191	0	0	2754.26	0
14287	T	T	2744.5	36.3814	194	194	0	0	0	2744.5
14288	A	A	2641.89	36.3784	193	193	2641.89	0	0	0
14289	T	T	2688.71	36.6748	191	191	0	0	0	2688.71
14290	C	C	2727.06	36.6797	194	190	0	2727.06	0	0
14291	A	A	2601.13	36.6781	193	193	2601.13	0	0	0
14292	G	G	2639.64	36.6797	194	186	0	0	2639.64	0
14293	A	A	2576.25	36.6748	191	191	2576.25	0	0	0
14294	A	A	2620.17	36.6828	196	196	2620.17	0	0	0
14295	G	G	2712.78	36.6828	196	190	0	0	2712.78	0
14296	T	T	2604.39	36.6813	195	195	0	0	0	2604.39
14297	A	A	2674.22	36.6813	195	195	2674.22	0	0	0
14298	T	T	2623.15	36.6828	196	196	0	0	0	2623.15
14299	T	T	2611.3	36.6797	194	194	0	0	0	2611.3
14300	C	C	2722.58	36.6828	196	190	0	2722.58	0	0
14301	T	T	2721.56	36.6905	201	201	0	0	0	2721.56
14302	T	T	2708.52	36.6905	201	201	0	0	0	2708.52
14303	C	C	2763.96	36.689	200	194	0	2763.96	0	0
14304	T	T	2756.79	36.6949	204	204	0	0	0	2756.79
14305	T	T	2752.58	36.6949	204	204	0	0	0	2752.58
14306	T	T	2826.48	36.7019	209	209	0	0	0	2826.48
14307	G	G	2896.91	36.7033	210	203	0	0	2896.91	0
14308	C	C	2982.53	36.7033	210	207	0	2982.53	0	0
14309	A	A	2764.05	37	206	206	2764.05	0	0	0
14310	G	G	2897.49	37	210	204	0	0	2897.49	0
14311	G	G	2813.58	37	206	198	0	0	2813.58	0
14312	A	A	2772.82	37	206	206	2772.82	0	0	0
14313	T	T	2760.48	37	201	201	0	0	0	2760.48
14314	T	T	2696.23	37	197	197	0	0	0	2696.23
14315	C	C	2779.02	37	200	194	0	2779.02	0	0
14316	T	T	2770.23	37	204	204	0	0	0	2770.23
14317	T	T	2761.81	37	202	202	0	0	0	2761.81
14318	C	C	2916.21	37	204	202	0	2916.21	0	0
14319	T	T	2772.04	37	202	202	0	0	0	2772.04
14320	G	G	2802.46	37	200	195	0	0	2802.46	0
14321	A	A	2744.54	37	200	200	2744.54	0	0	0
14322	G	G	2759.64	37	203	195	0	0	2759.64	0
14323	C	C	2854.94	37	207	201	0	2854.94	0	0
14324	T	T	2850.84	37	206	206	0	0	0	2850.84
14325	T	T	2788.43	37	202	202	0	0	0	2788.43
14326	T	T	2719.27	37	199	199	0	0	0	2719.27
14327	T	T	2738.47	37	201	201	0	0	0	2738.47
14328	T	T	2745.69	37	202	202	0	0	0	2745.69
14329	A	A	2708.52	36.6934	203	203	2708.52	0	0	0
14330	T	T	2687.42	36.6844	197	197	0	0	0	2687.42
14331	C	C	2736.37	36.689	200	192	0	2736.37	0	0
14332	A	A	2633.76	36.689	200	200	2633.76	0	0	0
14333	C	C	2752.98	36.6797	194	191	0	2752.98	0	0
14334	T	T	2627.98	36.6732	190	190	0	0	0	2627.98
14335	C	C	2643.25	36.6732	190	185	0	2643.25	0	0
14336	A	A	2521.11	36.6664	186	186	2521.11	0	0	0
14337	A	A	2501.75	36.6594	182	182	2501.75	0	0	0
14338	G	G	2654.16	36.6664	186	184	0	0	2654.16	0
14339	C	C	2538.17	36.6594	182	178	0	2538.17	0	0
14340	C	C	2587.59	36.6594	182	180	0	2587.59	0	0
14341	T	T	2515.17	36.6647	185	185	0	0	0	2515.17
14342	A	A	2517.75	36.6647	185	185	2517.75	0	0	0
14343	G	G	2517.62	36.6612	183	177	0	0	2517.62	0
14344	C	C	2538.43	36.652	178	176	0	2538.43	0	0
14345	A	A	2444.65	36.6557	180	180	2444.65	0	0	0
14346	C	C	2499.93	36.6501	177	174	0	2499.93	0	0
14347	C	C	2495.82	36.6576	181	175	0	2495.82	0	0
14348	C	C	2487.07	36.6539	179	175	0	2487.07	0	0
14349	A	A	2394.17	36.6463	175	174	2394.17	0	0	0
14350	C	C	2483.73	36.6557	180	174	0	2483.73	0	0
14351	T	T	2491.37	36.3534	185	185	0	0	0	2491.37
14352	C	C	2533.36	36.3402	181	177	0	2533.36	0	0
14353	C	C	2451.96	36.3402	181	174	0	2451.96	0	0
14354	C	C	2498.44	36.3228	176	174	0	2498.44	0	0
14355	G	G	2359.08	36.3264	177	168	0	0	2359.08	0
14356	A	A	2373.76	36.3264	177	177	2373.76	0	0	0
14357	A	A	2306.75	36.3156	174	174	2306.75	0	0	0
14358	C	C	2398.31	36.3156	174	169	0	2398.31	0	0
14359	T	T	2289.98	36.2931	168	168	0	0	0	2289.98
14360	A	A	2203.52	36.2892	167	167	2203.52	0	0	0
14361	G	G	2240.95	36.2969	169	159	0	0	2240.95	0
14362	G	G	2223.95	36.2852	166	158	0	0	2223.95	0
14363	A	A	2206.57	36.6191	162	162	2206.57	0	0	0
14364	G	G	2290.02	36.6191	162	159	0	0	2290.02	0
14365	C	C	2222.12	36.6214	163	157	0	2222.12	0	0
14366	A	A	2228.04	36.6214	163	163	2228.04	0	0	0
14367	T	T	2177.98	36.6123	159	159	0	0	0	2177.98
14368	G	G	2281.72	36.6214	163	159	0	0	2281.72	0
14369	C	C	2210.74	36.2892	167	157	0	2210.74	0	0
14370	T	T	2289.11	36.2892	167	167	0	0	0	2289.11
14371	G	G	2416.74	36.2931	168	167	0	0	2416.74	0
14372	A	A	2346.7	36.2969	169	169	2346.7	0	0	0
14373	C	C	2346.85	35.9893	170	165	0	2346.85	0	0
14374	C	C	2448.61	35.9998	172	170	0	2448.61	0	0
14375	A	A	2398.49	36.01	174	174	2398.49	0	0	0
14376	C	C	2381.8	36.0049	173	167	0	2381.8	0	0
14377	C	C	2434.42	36.01	174	170	0	2434.42	0	0
14378	C	C	2455.82	36.01	174	171	0	2455.82	0	0
14379	A	A	2436.95	36.0201	176	176	2436.95	0	0	0
14380	C	C	2533.97	36.0397	180	177	0	2533.97	0	0
14381	A	A	2526.54	36.0491	182	182	2526.54	0	0	0
14382	G	G	2533.84	36.063	185	178	0	0	2533.84	0
14383	G	G	2578.73	36.0675	186	180	0	0	2578.73	0
14384	T	T	2506.07	36.0675	186	186	0	0	0	2506.07
14385	A	A	2542.69	36.072	187	187	2542.69	0	0	0
14386	T	T	2555.95	36.3567	186	186	0	0	0	2555.95
14387	T	T	2559.82	36.363	188	188	0	0	0	2559.82
14388	A	A	2624.28	36.0896	191	191	2624.28	0	0	0
14389	C	C	2624.04	36.1023	194	186	0	2624.04	0	0
14390	T	T	2581.73	36.0981	193	193	0	0	0	2581.73
14391	C	C	2621.61	36.1106	196	186	0	2621.61	0	0
14392	C	C	2750.14	35.8504	196	192	0	2750.14	0	0
14393	C	C	2697.55	35.8756	201	191	0	2697.55	0	0
14394	C	C	2800.99	35.8997	206	198	0	2800.99	0	0
14395	T	T	2735.77	35.8805	202	202	0	0	0	2735.77
14396	A	A	2712.9	35.8854	203	203	2712.9	0	0	0
14397	A	A	2706.12	36.1267	200	200	2706.12	0	0	0
14398	A	A	2712.06	36.1267	200	200	2712.06	0	0	0
14399	C	C	2789.02	36.1146	197	194	0	2789.02	0	0
14400	C	C	2732.75	36.1064	195	190	0	2732.75	0	0
14401	C	C	2735.58	36.0896	191	189	0	2735.58	0	0
14402	G	G	2671.63	36.0809	189	186	0	0	2671.63	0
14403	C	C	2646.07	36.0896	191	185	0	2646.07	0	0
14404	T	T	2666.82	36.0981	193	193	0	0	0	2666.82
14405	A	A	2659.25	36.1064	195	195	2659.25	0	0	0
14406	G	G	2610.68	36.1023	194	184	0	0	2610.68	0
14407	A	A	2724.69	36.1187	198	198	2724.69	0	0	0
14408	A	A	2742.48	36.1146	197	197	2742.48	0	0	0
14409	G	G	2772.63	35.8707	200	194	0	0	2772.63	0
14410	T	T	2721.36	35.8902	204	204	0	0	0	2721.36
14411	C	C	2919.16	35.9044	207	204	0	2919.16	0	0
14412	C	C	2863.46	35.6744	208	201	0	2863.46	0	0
14413	C	C	2848.76	35.6906	211	201	0	2848.76	0	0
14414	A	A	2918.42	35.7065	214	214	2918.42	0	0	0
14415	C	C	2902.38	35.696	212	204	0	2902.38	0	0
14416	T	T	2957.32	35.5119	218	218	0	0	0	2957.32
14417	T	T	2923.78	35.5002	216	216	0	0	0	2923.78
14418	C	C	3039.45	35.4943	215	212	0	3039.45	0	0
14419	T	T	2916.8	35.4884	214	214	0	0	0	2916.8
14420	C	C	2913.11	35.4763	212	205	0	2913.11	0	0
14421	A	A	2923.84	35.5061	217	217	2923.84	0	0	0
14422	A	A	2884.08	35.4579	209	209	2884.08	0	0	0
14423	C	C	2875.37	35.9183	210	203	0	2875.37	0	0
14424	A	A	2906.61	35.9183	210	210	2906.61	0	0	0
14425	C	C	2917.75	35.8902	204	202	0	2917.75	0	0
14426	T	T	2853.84	35.8854	203	203	0	0	0	2853.84
14427	T	T	2850.66	35.8854	203	203	0	0	0	2850.66
14428	C	C	2865.2	35.8756	201	198	0	2865.2	0	0
14429	G	G	2891.34	35.8805	202	200	0	0	2891.34	0
14430	G	G	2874.61	35.8902	204	200	0	0	2874.61	0
14431	T	T	2848.09	35.8854	203	203	0	0	0	2848.09
14432	A	A	2750.09	35.895	205	205	2750.09	0	0	0
14433	C	C	2859.65	36.1498	206	200	0	2859.65	0	0
14434	T	T	2820.04	36.1535	207	207	0	0	0	2820.04
14435	T	T	2838.46	36.1609	209	209	0	0	0	2838.46
14436	C	C	2849.21	36.146	205	199	0	2849.21	0	0
14437	T	T	2754.48	36.1535	207	207	0	0	0	2754.48
14438	T	T	2735.47	35.895	205	205	0	0	0	2735.47
14439	G	G	2835.37	35.8997	206	199	0	0	2835.37	0
14440	C	C	2857.3	35.9044	207	201	0	2857.3	0	0
14441	A	A	2850.07	35.9228	211	211	2850.07	0	0	0
14442	T	T	2807.24	35.8997	206	206	0	0	0	2807.24
14443	C	C	2906.28	35.8997	206	202	0	2906.28	0	0
14444	C	C	2897.07	35.9091	208	203	0	2897.07	0	0
14445	G	G	2806.99	35.8854	203	197	0	0	2806.99	0
14446	G	G	2672.8	35.8756	201	190	0	0	2672.8	0
14447	A	A	2614.11	36.1023	194	194	2614.11	0	0	0
14448	G	G	2561.74	36.0852	190	181	0	0	2561.74	0
14449	T	T	2637.95	36.0765	188	188	0	0	0	2637.95
14450	G	G	2535.4	35.7908	185	178	0	0	2535.4	0
14451	T	T	2545.97	35.7734	182	182	0	0	0	2545.97
14452	C	C	2614.95	35.7793	183	181	0	2614.95	0	0
14453	C	C	2532.6	35.7555	179	176	0	2532.6	0	0
14454	A	A	2491.82	35.7793	183	183	2491.82	0	0	0
14455	T	T	2420.49	35.7433	177	177	0	0	0	2420.49
14456	T	T	2432.26	35.7734	182	182	0	0	0	2432.26
14457	A	A	2551.1	35.7908	185	185	2551.1	0	0	0
14458	C	C	2637.28	35.5545	188	184	0	2637.28	0	0
14459	C	C	2640.12	35.5865	193	186	0	2640.12	0	0
14460	T	T	2559.45	35.5865	193	193	0	0	0	2559.45
14461	G	G	2545.28	35.5739	191	181	0	0	2545.28	0
14462	A	A	2572.81	35.8132	189	189	2572.81	0	0	0
14463	G	G	2681.48	35.5802	192	187	0	0	2681.48	0
14464	C	C	2673.22	35.6111	197	189	0	2673.22	0	0
14465	T	T	2639.46	35.6111	197	197	0	0	0	2639.46
14466	C	C	2692.12	35.1598	197	189	0	2692.12	0	0
14467	A	A	2727.44	35.1749	199	199	2727.44	0	0	0
14468	C	C	2663.5	35.1674	198	189	0	2663.5	0	0
14469	C	C	2766.6	35.1749	199	194	0	2766.6	0	0
14470	A	A	2827.72	34.9992	203	203	2827.72	0	0	0
14471	C	C	2892.64	34.9992	203	201	0	2892.64	0	0
14472	A	A	2791.41	34.9833	201	201	2791.41	0	0	0
14473	G	G	2807.97	34.9992	203	197	0	0	2807.97	0
14474	C	C	2902.29	35.0226	206	203	0	2902.29	0	0
14475	T	T	2870.6	35.053	210	210	0	0	0	2870.6
14476	T	T	2896.76	35.0824	214	214	0	0	0	2896.76
14477	A	A	2895.69	34.8531	209	209	2895.69	0	0	0
14478	A	A	2932.02	34.8928	214	214	2932.02	0	0	0
14479	T	T	2886.06	34.8771	212	212	0	0	0	2886.06
14480	A	A	2879.13	34.8531	209	209	2879.13	0	0	0
14481	G	G	2829.89	35.0226	206	199	0	0	2829.89	0
14482	A	A	2857.67	35.0678	212	212	2857.67	0	0	0
14483	G	G	2962.69	35.2673	212	207	0	0	2962.69	0
14484	G	G	2938.28	35.2673	212	206	0	0	2938.28	0
14485	G	G	2893.33	35.4579	209	202	0	0	2893.33	0
14486	A	A	2852.43	35.4391	206	206	2852.43	0	0	0
14487	A	A	2840.23	35.4327	205	205	2840.23	0	0	0
14488	G	G	2850.95	35.4066	201	198	0	0	2850.95	0
14489	C	C	2882.56	35.4327	205	201	0	2882.56	0	0
14490	C	C	2798.92	35.4066	201	196	0	2798.92	0	0
14491	G	G	2767.63	35.6463	203	194	0	0	2767.63	0
14492	C	C	2863.41	35.8805	202	199	0	2863.41	0	0
14493	A	A	2712.25	35.623	199	199	2712.25	0	0	0
14494	A	A	2668.07	35.6111	197	197	2668.07	0	0	0
14495	G	G	2676.59	35.605	196	188	0	0	2676.59	0
14496	C	C	2784.56	36.1227	199	194	0	2784.56	0	0
14497	A	A	2677.43	36.1187	198	198	2677.43	0	0	0
14498	C	C	2723.87	36.1187	198	191	0	2723.87	0	0
14499	A	A	2688	36.3959	199	199	2688	0	0	0
14500	T	T	2662.21	36.4015	201	201	0	0	0	2662.21
14501	A	A	2711.98	36.407	203	203	2711.98	0	0	0
14502	C	C	2712.78	36.4043	202	193	0	2712.78	0	0
14503	T	T	2669.24	36.3844	195	195	0	0	0	2669.24
14504	C	C	2709.45	36.0981	193	188	0	2709.45	0	0
14505	C	C	2713.61	36.1023	194	189	0	2713.61	0	0
14506	A	A	2641.36	36.0896	191	191	2641.36	0	0	0
14507	A	A	2633.04	36.0938	192	192	2633.04	0	0	0
14508	G	G	2663.38	36.0938	192	187	0	0	2663.38	0
14509	C	C	2683	36.0896	191	188	0	2683	0	0
14510	C	C	2653.85	35.8077	188	185	0	2653.85	0	0
14511	C	C	2687.36	35.5675	190	187	0	2687.36	0	0
14512	T	T	2586.53	35.5346	185	185	0	0	0	2586.53
14513	A	A	2445.98	35.4931	179	179	2445.98	0	0	0
14514	T	T	2452.39	35.4788	177	177	0	0	0	2452.39
14515	T	T	2421.07	35.4715	176	176	0	0	0	2421.07
14516	C	C	2514.1	35.4715	176	174	0	2514.1	0	0
14517	A	A	2422.64	35.486	178	178	2422.64	0	0	0
14518	T	T	2422.78	35.4641	175	175	0	0	0	2422.78
14519	T	T	2399.51	35.4416	172	172	0	0	0	2399.51
14520	A	A	2355.44	35.4262	170	170	2355.44	0	0	0
14521	C	C	2444.86	35.1787	171	169	0	2444.86	0	0
14522	T	T	2395.89	35.2044	174	174	0	0	0	2395.89
14523	A	A	2325.89	35.1873	172	172	2325.89	0	0	0
14524	T	T	2409.67	35.2211	176	176	0	0	0	2409.67
14525	T	T	2357.72	35.434	171	171	0	0	0	2357.72
14526	T	T	2344.76	35.4567	174	174	0	0	0	2344.76
14527	C	C	2343.43	35.4492	173	165	0	2343.43	0	0
14528	T	T	2313.34	35.6986	170	170	0	0	0	2313.34
14529	C	C	2402.24	35.6986	170	167	0	2402.24	0	0
14530	T	T	2320.34	35.7117	172	172	0	0	0	2320.34
14531	A	A	2420.75	35.7433	177	177	2420.75	0	0	0
14532	G	G	2480.04	35.7675	181	175	0	0	2480.04	0
14533	G	G	2458.23	35.7734	182	174	0	0	2458.23	0
14534	C	C	2449.94	36.0397	180	173	0	2449.94	0	0
14535	G	G	2481.23	36.3299	178	173	0	0	2481.23	0
14536	T	T	2406.88	36.3228	176	176	0	0	0	2406.88
14537	G	G	2531.62	36.3334	179	176	0	0	2531.62	0
14538	T	T	2379.11	36.3192	175	175	0	0	0	2379.11
14539	A	A	2426.19	36.3334	179	179	2426.19	0	0	0
14540	C	C	2410.66	36.3299	178	170	0	2410.66	0	0
14541	T	T	2397.95	36.3264	177	177	0	0	0	2397.95
14542	T	T	2448.7	36.3334	179	179	0	0	0	2448.7
14543	T	T	2416.71	36.3299	178	178	0	0	0	2416.71
14544	A	A	2454.9	36.3264	177	177	2454.9	0	0	0
14545	C	C	2538.66	36.3299	178	176	0	2538.66	0	0
14546	A	A	2445.26	36.3228	176	176	2445.26	0	0	0
14547	C	C	2481.26	36.3264	177	173	0	2481.26	0	0
14548	T	T	2449.93	36.0444	181	181	0	0	0	2449.93
14549	C	C	2574.85	35.8021	187	181	0	2574.85	0	0
14550	C	C	2667.27	35.8186	190	187	0	2667.27	0	0
14551	T	T	2545.37	35.8294	192	192	0	0	0	2545.37
14552	A	A	2582.36	35.8294	192	192	2582.36	0	0	0
14553	C	C	2602.37	35.8021	187	182	0	2602.37	0	0
14554	A	A	2572.13	35.785	184	184	2572.13	0	0	0
14555	A	A	2543.98	35.7965	186	186	2543.98	0	0	0
14556	G	G	2596.33	35.7965	186	181	0	0	2596.33	0
14557	C	C	2511.27	36.0444	181	176	0	2511.27	0	0
14558	C	C	2565.67	36.0538	183	179	0	2565.67	0	0
14559	T	T	2592.71	36.0809	189	189	0	0	0	2592.71
14560	C	C	2569.7	36.0584	184	180	0	2569.7	0	0
14561	A	A	2565.96	36.072	187	187	2565.96	0	0	0
14562	G	G	2515.3	36.072	187	178	0	0	2515.3	0
14563	A	A	2516.76	36.0675	186	186	2516.76	0	0	0
14564	G	G	2477.26	36.072	187	176	0	0	2477.26	0
14565	T	T	2546.19	36.0538	183	183	0	0	0	2546.19
14566	A	A	2414.35	36.3402	181	181	2414.35	0	0	0
14567	C	C	2440.43	36.3045	171	169	0	2440.43	0	0
14568	T	T	2438.49	36.3228	176	176	0	0	0	2438.49
14569	A	A	2361.93	36.3156	174	174	2361.93	0	0	0
14570	T	T	2384.45	36.3192	175	175	0	0	0	2384.45
14571	G	G	2487.48	36.3368	180	174	0	0	2487.48	0
14572	A	A	2477.44	36.3435	182	182	2477.44	0	0	0
14573	G	G	2505.49	36.6539	179	175	0	0	2505.49	0
14574	G	G	2534.13	36.6594	182	177	0	0	2534.13	0
14575	C	C	2455.39	37	183	174	0	2455.39	0	0
14576	A	A	2516.38	37	182	182	2516.38	0	0	0
14577	T	T	2503.81	37	185	185	0	0	0	2503.81
14578	C	C	2500.29	37	186	177	0	2500.29	0	0
14579	C	C	2571.86	37	185	180	0	2571.86	0	0
14580	T	T	2554.63	36.6647	185	185	0	0	0	2554.63
14581	T	T	2508.29	36.6594	182	182	0	0	0	2508.29
14582	C	C	2584.35	36.6629	184	180	0	2584.35	0	0
14583	A	A	2530.44	36.6647	185	185	2530.44	0	0	0
14584	C	C	2502.74	36.6612	183	176	0	2502.74	0	0
14585	T	T	2514.79	36.6629	184	184	0	0	0	2514.79
14586	A	A	2441.4	36.6557	180	180	2441.4	0	0	0
14587	T	T	2537.87	36.6612	183	183	0	0	0	2537.87
14588	T	T	2508.46	36.6557	180	180	0	0	0	2508.46
14589	T	T	2493.32	36.6557	180	180	0	0	0	2493.32
14590	C	C	2470.02	36.6482	176	172	0	2470.02	0	0
14591	A	A	2409.84	36.652	178	178	2409.84	0	0	0
14592	G	G	2368.95	36.6463	175	167	0	0	2368.95	0
14593	A	A	2368.89	36.6404	172	172	2368.89	0	0	0
14594	T	T	2344.18	36.6463	175	175	0	0	0	2344.18
14595	G	G	2467.52	36.6482	176	172	0	0	2467.52	0
14596	G	G	2551.93	36.6594	182	178	0	0	2551.93	0
14597	A	A	2400.07	36.6501	177	177	2400.07	0	0	0
14598	G	G	2390.06	36.6424	173	167	0	0	2390.06	0
14599	T	T	2403.64	37	176	176	0	0	0	2403.64
14600	C	C	2433.34	37	174	170	0	2433.34	0	0
14601	T	T	2414.12	37	174	174	0	0	0	2414.12
14602	A	A	2388.36	37	175	175	2388.36	0	0	0
14603	C	C	2503.8	37	177	174	0	2503.8	0	0
14604	G	G	2498.21	37	175	173	0	0	2498.21	0
14605	G	G	2427.77	36.6424	173	169	0	0	2427.77	0
14606	C	C	2373.59	36.6443	174	169	0	2373.59	0	0
14607	T	T	2399.62	36.3264	177	177	0	0	0	2399.62
14608	C	C	2441.5	36.3435	182	173	0	2441.5	0	0
14609	A	A	2560.14	36.3469	183	183	2560.14	0	0	0
14610	A	A	2559.66	36.3469	183	183	2559.66	0	0	0
14611	C	C	2463.63	36.3469	183	175	0	2463.63	0	0
14612	T	T	2507.63	36.3567	186	186	0	0	0	2507.63
14613	T	T	2569.9	36.3567	186	186	0	0	0	2569.9
14614	T	T	2596.54	36.363	188	188	0	0	0	2596.54
14615	T	T	2589.15	36.363	188	187	0	0	0	2589.15
14616	T	T	2607.25	36.3662	189	189	0	0	0	2607.25
14617	T	T	2679.67	36.3873	196	196	0	0	0	2679.67
14618	C	C	2708.86	36.3931	198	190	0	2708.86	0	0
14619	A	A	2794.57	36.4015	201	201	2794.57	0	0	0
14620	T	T	2764.81	36.4098	204	204	0	0	0	2764.81
14621	A	A	2849.39	36.4151	206	206	2849.39	0	0	0
14622	G	G	2867.07	36.4124	205	200	0	0	2867.07	0
14623	C	C	2896.72	36.4178	207	202	0	2896.72	0	0
14624	G	G	2910.64	36.4178	207	203	0	0	2910.64	0
14625	A	A	2793.36	36.4178	207	207	2793.36	0	0	0
14626	C	C	2885.27	36.4178	207	202	0	2885.27	0	0
14627	T	T	2884	36.423	209	209	0	0	0	2884
14628	G	G	2910.07	36.4098	204	202	0	0	2910.07	0
14629	G	G	2769.39	36.4043	202	194	0	0	2769.39	0
14630	A	A	2707.43	36.3931	198	198	2707.43	0	0	0
14631	T	T	2719.32	36.6813	195	195	0	0	0	2719.32
14632	T	T	2692.83	37	193	193	0	0	0	2692.83
14633	T	T	2711.47	37	197	197	0	0	0	2711.47
14634	C	C	2808.54	37	200	196	0	2808.54	0	0
14635	A	A	2650.19	37	198	198	2650.19	0	0	0
14636	C	C	2664.66	37	195	188	0	2664.66	0	0
14637	G	G	2762.83	37	197	193	0	0	2762.83	0
14638	G	G	2665.04	37	194	187	0	0	2665.04	0
14639	A	A	2599.51	37	191	191	2599.51	0	0	0
14640	C	C	2742.09	37	192	190	0	2742.09	0	0
14641	T	T	2585.32	37	190	190	0	0	0	2585.32
14642	T	T	2548.8	37	185	185	0	0	0	2548.8
14643	C	C	2576.48	37	187	181	0	2576.48	0	0
14644	A	A	2559.01	37	186	186	2559.01	0	0	0
14645	T	T	2506.43	37	184	183	0	0	0	2506.43
14646	G	G	2666.11	37	188	185	0	0	2666.11	0
14647	T	T	2568.85	37	188	188	0	0	0	2568.85
14648	A	A	2584.52	37	189	189	2584.52	0	0	0
14649	A	A	2571.86	37	186	186	2571.86	0	0	0
14650	T	T	2546.35	37	185	185	0	0	0	2546.35
14651	C	C	2614.49	37	186	182	0	2614.49	0	0
14652	A	A	2558.3	37	187	187	2558.3	0	0	0
14653	T	T	2595.62	37	189	189	0	0	0	2595.62
14654	T	T	2599.28	37	190	190	0	0	0	2599.28
14655	G	G	2597.46	37	188	182	0	0	2597.46	0
14656	G	G	2560.64	37	189	181	0	0	2560.64	0
14657	C	C	2546.52	37	184	179	0	2546.52	0	0
14658	T	T	2504.35	37	182	182	0	0	0	2504.35
14659	C	C	2587.53	37	181	179	0	2587.53	0	0
14660	A	A	2526.48	37	183	183	2526.48	0	0	0
14661	A	A	2575.98	37	188	188	2575.98	0	0	0
14662	C	C	2624.91	37	188	183	0	2624.91	0	0
14663	T	T	2531.96	36.6682	187	187	0	0	0	2531.96
14664	T	T	2518.81	36.6647	185	185	0	0	0	2518.81
14665	T	T	2545.92	36.6664	186	186	0	0	0	2545.92
14666	T	T	2566.14	36.6664	186	186	0	0	0	2566.14
14667	C	C	2571.62	36.6664	186	180	0	2571.62	0	0
14668	T	T	2509.31	36.6629	184	184	0	0	0	2509.31
14669	C	C	2523.13	36.6682	187	178	0	2523.13	0	0
14670	A	A	2556.76	36.6647	185	185	2556.76	0	0	0
14671	C	C	2630.2	36.6664	186	183	0	2630.2	0	0
14672	A	A	2557.53	36.6629	184	184	2557.53	0	0	0
14673	G	G	2568.81	36.6647	185	179	0	0	2568.81	0
14674	T	T	2556.56	36.6664	186	186	0	0	0	2556.56
14675	C	C	2613.87	36.6699	188	183	0	2613.87	0	0
14676	T	T	2617.58	36.6781	193	193	0	0	0	2617.58
14677	G	G	2752.6	36.6859	198	193	0	0	2752.6	0
14678	T	T	2659.64	36.6905	201	201	0	0	0	2659.64
14679	T	T	2660.94	36.689	200	200	0	0	0	2660.94
14680	T	T	2668.87	36.6919	202	202	0	0	0	2668.87
14681	C	C	2782.24	36.6905	201	195	0	2782.24	0	0
14682	C	C	2790.81	36.689	200	195	0	2790.81	0	0
14683	T	T	2749.1	36.6905	201	201	0	0	0	2749.1
14684	A	A	2802.83	36.6991	207	207	2802.83	0	0	0
14685	C	C	2910.05	36.7019	209	204	0	2910.05	0	0
14686	G	G	2889.17	36.4306	212	203	0	0	2889.17	0
14687	A	A	2829.21	36.4306	212	212	2829.21	0	0	0
14688	C	C	2838.84	36.7019	209	200	0	2838.84	0	0
14689	A	A	2864.75	36.7019	209	209	2864.75	0	0	0
14690	A	A	2868.37	36.7033	210	210	2868.37	0	0	0
14691	C	C	2861.39	36.7046	211	202	0	2861.39	0	0
14692	T	T	2780.04	36.6934	203	203	0	0	0	2780.04
14693	A	A	2862.19	36.6949	204	204	2862.19	0	0	0
14694	C	C	2891.42	36.6977	206	201	0	2891.42	0	0
14695	A	A	3037.17	36.7138	218	218	3037.17	0	0	0
14696	C	C	3086.06	36.4524	221	216	0	3086.06	0	0
14697	T	T	2977.46	36.2091	223	223	0	0	0	2977.46
14698	T	T	2991.28	36.2058	222	222	0	0	0	2991.28
14699	T	T	3014.67	36.2091	223	223	0	0	0	3014.67
14700	C	C	3116.84	36.2025	221	217	0	3116.84	0	0
14701	A	A	2997.91	36.2025	221	221	2997.91	0	0	0
14702	T	T	3052.2	36.1992	220	220	0	0	0	3052.2
14703	T	T	3003.6	36.1891	217	217	0	0	0	3003.6
14704	T	T	2974.97	36.1822	215	215	0	0	0	2974.97
14705	C	C	3050.86	36.1891	217	212	0	3050.86	0	0
14706	A	A	2885.04	36.1717	212	212	2885.04	0	0	0
14707	C	C	2950.2	36.1645	210	205	0	2950.2	0	0
14708	A	A	2837.48	36.1572	208	208	2837.48	0	0	0
14709	T	T	2906.19	36.1752	213	213	0	0	0	2906.19
14710	C	C	2860.54	36.1645	210	201	0	2860.54	0	0
14711	A	A	2862.54	35.9183	210	210	2862.54	0	0	0
14712	A	A	2851.4	35.8997	206	206	2851.4	0	0	0
14713	G	G	2834.65	35.895	205	198	0	0	2834.65	0
14714	T	T	2836.11	35.6577	205	205	0	0	0	2836.11
14715	C	C	2873.51	35.6689	207	201	0	2873.51	0	0
14716	A	A	2919.4	35.4641	210	210	2919.4	0	0	0
14717	C	C	2918.91	35.4579	209	204	0	2918.91	0	0
14718	C	C	2937.6	35.4579	209	205	0	2937.6	0	0
14719	A	A	2901.56	35.4824	213	213	2901.56	0	0	0
14720	T	T	2921.62	35.4884	214	214	0	0	0	2921.62
14721	T	T	2987.03	35.529	221	221	0	0	0	2987.03
14722	T	T	2964.79	35.5061	217	217	0	0	0	2964.79
14723	C	C	2986.3	35.5061	217	210	0	2986.3	0	0
14724	G	G	2883.4	35.4824	213	204	0	0	2883.4	0
14725	G	G	2769.27	35.4763	212	199	0	0	2769.27	0
14726	C	C	2860.55	35.4391	206	200	0	2860.55	0	0
14727	T	T	2853.11	35.4327	205	205	0	0	0	2853.11
14728	T	T	2814.43	35.6289	200	200	0	0	0	2814.43
14729	T	T	2702.07	35.5802	192	192	0	0	0	2702.07
14730	G	G	2620	35.5479	187	183	0	0	2620	0
14731	A	A	2582.73	35.5802	192	192	2582.73	0	0	0
14732	A	A	2515.2	35.5545	188	188	2515.2	0	0	0
14733	G	G	2574.22	35.5346	185	180	0	0	2574.22	0
14734	C	C	2618.77	35.5413	186	182	0	2618.77	0	0
14735	A	A	2435.9	35.521	183	183	2435.9	0	0	0
14736	G	G	2425.62	35.5002	180	171	0	0	2425.62	0
14737	C	C	2434.41	36.03	178	171	0	2434.41	0	0
14738	A	A	2375.63	36.3192	175	175	2375.63	0	0	0
14739	G	G	2501.82	36.3228	176	174	0	0	2501.82	0
14740	C	C	2480.42	36.3334	179	173	0	2480.42	0	0
14741	A	A	2425.72	36.3299	178	178	2425.72	0	0	0
14742	T	T	2387.66	36.3264	177	177	0	0	0	2387.66
14743	G	G	2423.79	36.3156	174	170	0	0	2423.79	0
14744	A	A	2322.69	36.6363	170	170	2322.69	0	0	0
14745	T	T	2401.09	36.6463	175	175	0	0	0	2401.09
14746	A	A	2356.83	36.6424	173	173	2356.83	0	0	0
14747	T	T	2425.01	36.6482	176	176	0	0	0	2425.01
14748	T	T	2360.8	36.6424	173	173	0	0	0	2360.8
14749	G	G	2425.17	36.6363	170	168	0	0	2425.17	0
14750	A	A	2313.21	37	168	168	2313.21	0	0	0
14751	C	C	2389.84	37	171	167	0	2389.84	0	0
14752	A	A	2331.75	37	170	170	2331.75	0	0	0
14753	T	T	2335.24	37	169	169	0	0	0	2335.24
14754	T	T	2295.16	37	166	166	0	0	0	2295.16
14755	T	T	2299.73	37	165	165	0	0	0	2299.73
14756	C	C	2333.71	37	165	162	0	2333.71	0	0
14757	G	G	2359.89	37	167	164	0	0	2359.89	0
14758	T	T	2290.06	37	167	167	0	0	0	2290.06
14759	A	A	2278.32	37	165	165	2278.32	0	0	0
14760	G	G	2312.64	37	165	161	0	0	2312.64	0
14761	A	A	2314.98	37	166	166	2314.98	0	0	0
14762	T	T	2260.55	37	166	166	0	0	0	2260.55
14763	G	G	2349.61	37	165	163	0	0	2349.61	0
14764	T	T	2305.77	37	168	168	0	0	0	2305.77
14765	T	T	2317.52	37	171	171	0	0	0	2317.52
14766	G	G	2396.9	37	174	168	0	0	2396.9	0
14767	T	T	2348.29	37	172	172	0	0	0	2348.29
14768	A	A	2311.22	37	168	168	2311.22	0	0	0
14769	T	T	2259.94	37	165	165	0	0	0	2259.94
14770	G	G	2344.41	37	166	163	0	0	2344.41	0
14771	A	A	2233.47	37	167	167	2233.47	0	0	0
14772	C	C	2382.48	37	168	165	0	2382.48	0	0
14773	T	T	2277.9	37	163	163	0	0	0	2277.9
14774	A	A	2211.6	36.6279	166	166	2211.6	0	0	0
14775	T	T	2241.63	36.2772	164	164	0	0	0	2241.63
14776	T	T	2190.02	36.2731	163	163	0	0	0	2190.02
14777	C	C	2275.63	36.2931	168	161	0	2275.63	0	0
14778	C	C	2184.04	36.3008	170	158	0	2184.04	0	0
14779	T	T	2261.45	36.312	173	173	0	0	0	2261.45
14780	A	A	2382.87	36.3156	174	174	2382.87	0	0	0
14781	T	T	2336.33	36.3156	174	174	0	0	0	2336.33
14782	A	A	2373.43	36.312	173	173	2373.43	0	0	0
14783	T	T	2350.24	36.3045	171	171	0	0	0	2350.24
14784	G	G	2426.19	36.3008	170	168	0	0	2426.19	0
14785	T	T	2379.7	36.3156	174	174	0	0	0	2379.7
14786	T	T	2403.22	36.3228	176	176	0	0	0	2403.22
14787	T	T	2379.94	36.312	173	173	0	0	0	2379.94
14788	C	C	2402.61	36.3228	176	170	0	2402.61	0	0
14789	C	C	2550.41	36.3334	179	177	0	2550.41	0	0
14790	A	A	2520.4	36.3334	179	179	2520.4	0	0	0
14791	T	T	2458.96	36.3534	185	185	0	0	0	2458.96
14792	C	C	2587.38	36.3693	190	183	0	2587.38	0	0
14793	T	T	2596.08	36.3873	196	196	0	0	0	2596.08
14794	A	A	2686.08	36.3931	198	198	2686.08	0	0	0
14795	T	T	2644.79	36.3873	196	196	0	0	0	2644.79
14796	T	T	2651.01	36.3784	193	193	0	0	0	2651.01
14797	G	G	2670.22	36.3693	190	186	0	0	2670.22	0
14798	A	A	2668.92	36.3693	190	190	2668.92	0	0	0
14799	T	T	2643.46	36.3784	193	193	0	0	0	2643.46
14800	G	G	2749.15	36.3931	198	192	0	0	2749.15	0
14801	A	A	2824.47	36.689	200	200	2824.47	0	0	0
14802	G	G	2983.17	37	207	206	0	0	2983.17	0
14803	G	G	2949.32	37	209	205	0	0	2949.32	0
14804	G	G	2971.67	37	210	207	0	0	2971.67	0
14805	T	T	2845.92	37	208	208	0	0	0	2845.92
14806	C	C	2991.68	37	209	207	0	2991.68	0	0
14807	C	C	2936.19	37	208	204	0	2936.19	0	0
14808	T	T	2892	37	213	213	0	0	0	2892
14809	G	G	3006.34	37	212	209	0	0	3006.34	0
14810	C	C	3016.51	37	213	210	0	3016.51	0	0
14811	T	T	2867.46	37	210	210	0	0	0	2867.46
14812	T	T	2861.94	37	208	208	0	0	0	2861.94
14813	C	C	3001.51	37	207	207	0	3001.51	0	0
14814	T	T	2914.17	37	208	208	0	0	0	2914.17
14815	T	T	2909.78	37	208	208	0	0	0	2909.78
14816	T	T	2881.51	37	206	206	0	0	0	2881.51
14817	A	A	2807.85	37	207	207	2807.85	0	0	0
14818	G	G	2868.22	37	209	201	0	0	2868.22	0
14819	T	T	2866.92	37	209	209	0	0	0	2866.92
14820	A	A	2805	37	209	209	2805	0	0	0
14821	T	T	2781.45	37	202	202	0	0	0	2781.45
14822	T	T	2748.06	37	198	198	0	0	0	2748.06
14823	G	G	2872.49	37	201	199	0	0	2872.49	0
14824	A	A	2679.14	37	197	197	2679.14	0	0	0
14825	T	T	2735.48	37	198	198	0	0	0	2735.48
14826	C	C	2742.2	37	195	191	0	2742.2	0	0
14827	A	A	2691.2	37	200	200	2691.2	0	0	0
14828	G	G	2765.82	37	204	195	0	0	2765.82	0
14829	T	T	2710.23	37	202	202	0	0	0	2710.23
14830	A	A	2732.6	36.6905	201	201	2732.6	0	0	0
14831	C	C	2829.12	36.6859	198	196	0	2829.12	0	0
14832	A	A	2665.89	36.6781	193	193	2665.89	0	0	0
14833	A	A	2687.13	36.6813	195	195	2687.13	0	0	0
14834	T	T	2660.48	36.6765	192	192	0	0	0	2660.48
14835	T	T	2688.78	36.6797	194	194	0	0	0	2688.78
14836	G	G	2569.55	36.6797	194	182	0	0	2569.55	0
14837	A	A	2669.74	36.3873	196	196	2669.74	0	0	0
14838	C	C	2683.81	36.3844	195	188	0	2683.81	0	0
14839	T	T	2669.15	36.3844	195	195	0	0	0	2669.15
14840	T	T	2667.01	36.3873	196	196	0	0	0	2667.01
14841	C	C	2778.68	36.3902	197	194	0	2778.68	0	0
14842	C	C	2748.22	36.3987	200	193	0	2748.22	0	0
14843	A	A	2691.67	36.3902	197	197	2691.67	0	0	0
14844	A	A	2684.46	36.3844	195	195	2684.46	0	0	0
14845	T	T	2646.24	36.3873	196	196	0	0	0	2646.24
14846	C	C	2651.83	36.3873	196	187	0	2651.83	0	0
14847	A	A	2786.86	36.4015	201	201	2786.86	0	0	0
14848	A	A	2759.98	36.3959	199	199	2759.98	0	0	0
14849	T	T	2732.27	36.4015	201	201	0	0	0	2732.27
14850	A	A	2708.36	36.3873	196	196	2708.36	0	0	0
14851	A	A	2751.32	36.3959	199	199	2751.32	0	0	0
14852	G	G	2892.08	35.8902	204	201	0	0	2892.08	0
14853	C	C	2833.03	35.8606	198	196	0	2833.03	0	0
14854	T	T	2762.22	35.8756	201	201	0	0	0	2762.22
14855	C	C	2799.43	35.8707	200	195	0	2799.43	0	0
14856	C	C	2773.04	35.8657	199	194	0	2773.04	0	0
14857	G	G	2737.52	35.8556	197	192	0	0	2737.52	0
14858	G	G	2643.96	35.8348	193	186	0	0	2643.96	0
14859	C	C	2647.56	35.8241	191	186	0	2647.56	0	0
14860	G	G	2626.89	35.8241	191	185	0	0	2626.89	0
14861	C	C	2683.54	35.8348	193	187	0	2683.54	0	0
14862	A	A	2595.34	36.0896	191	191	2595.34	0	0	0
14863	G	G	2752.4	35.8452	195	192	0	0	2752.4	0
14864	T	T	2671.91	35.6289	200	200	0	0	0	2671.91
14865	C	C	2683.29	35.4066	201	190	0	2683.29	0	0
14866	C	C	2776.61	35.3932	199	194	0	2776.61	0	0
14867	A	A	2577.87	35.3587	194	194	2577.87	0	0	0
14868	G	G	2685.33	35.3373	191	187	0	0	2685.33	0
14869	A	A	2533.52	35.3003	186	186	2533.52	0	0	0
14870	A	A	2522.06	35.2927	185	185	2522.06	0	0	0
14871	A	A	2516.06	35.2927	185	185	2516.06	0	0	0
14872	G	G	2485.62	35.2695	182	175	0	0	2485.62	0
14873	A	A	2482.34	35.521	183	183	2482.34	0	0	0
14874	A	A	2469.54	35.5142	182	182	2469.54	0	0	0
14875	G	G	2481.24	35.521	183	175	0	0	2481.24	0
14876	C	C	2616.64	35.5346	185	182	0	2616.64	0	0
14877	A	A	2537.08	35.5479	187	187	2537.08	0	0	0
14878	A	A	2481.24	35.5002	180	180	2481.24	0	0	0
14879	T	T	2461.7	35.7675	181	181	0	0	0	2461.7
14880	C	C	2505.41	35.7555	179	175	0	2505.41	0	0
14881	A	A	2448.29	35.7675	181	181	2448.29	0	0	0
14882	A	A	2469.74	35.7793	183	183	2469.74	0	0	0
14883	C	C	2538.25	35.785	184	178	0	2538.25	0	0
14884	T	T	2527.47	35.7965	186	186	0	0	0	2527.47
14885	T	T	2485.45	35.785	184	184	0	0	0	2485.45
14886	A	A	2483.78	36.0444	181	181	2483.78	0	0	0
14887	A	A	2514.94	36.063	185	185	2514.94	0	0	0
14888	T	T	2509.37	36.0896	191	191	0	0	0	2509.37
14889	C	C	2684.15	36.0938	192	188	0	2684.15	0	0
14890	T	T	2510.24	36.3567	186	186	0	0	0	2510.24
14891	T	T	2517.18	36.3567	186	186	0	0	0	2517.18
14892	A	A	2561.16	36.3599	187	187	2561.16	0	0	0
14893	G	G	2632.19	36.3567	186	183	0	0	2632.19	0
14894	C	C	2542.18	36.6647	185	179	0	2542.18	0	0
14895	G	G	2508.28	36.6664	186	178	0	0	2508.28	0
14896	C	C	2557.8	36.6664	186	180	0	2557.8	0	0
14897	T	T	2526.77	36.6612	183	183	0	0	0	2526.77
14898	A	A	2430.35	36.6482	176	176	2430.35	0	0	0
14899	T	T	2444.73	36.6501	177	177	0	0	0	2444.73
14900	T	T	2431.23	36.6482	176	176	0	0	0	2431.23
14901	T	T	2418.4	37	176	176	0	0	0	2418.4
14902	A	A	2474.54	37	176	176	2474.54	0	0	0
14903	C	C	2478.09	37	178	174	0	2478.09	0	0
14904	C	C	2523.18	37	180	176	0	2523.18	0	0
14905	A	A	2504.73	37	180	180	2504.73	0	0	0
14906	A	A	2478.37	37	180	180	2478.37	0	0	0
14907	C	C	2477.22	37	178	173	0	2477.22	0	0
14908	A	A	2474.73	37	178	178	2474.73	0	0	0
14909	T	T	2508.54	37	184	184	0	0	0	2508.54
14910	A	A	2535.99	37	185	185	2535.99	0	0	0
14911	C	C	2609.25	37	187	182	0	2609.25	0	0
14912	T	T	2535	37	188	188	0	0	0	2535
14913	A	A	2526.85	37	187	187	2526.85	0	0	0
14914	C	C	2601.92	36.6699	188	182	0	2601.92	0	0
14915	T	T	2569.4	36.6748	191	191	0	0	0	2569.4
14916	A	A	2587.46	36.6748	191	191	2587.46	0	0	0
14917	G	G	2767.51	36.3902	197	193	0	0	2767.51	0
14918	C	C	2727.5	36.4015	201	193	0	2727.5	0	0
14919	C	C	2689.39	36.3844	195	189	0	2689.39	0	0
14920	T	T	2596.73	36.3814	194	194	0	0	0	2596.73
14921	C	C	2808.78	36.4015	201	196	0	2808.78	0	0
14922	C	C	2698.16	36.3873	196	190	0	2698.16	0	0
14923	T	T	2644.39	36.3724	191	191	0	0	0	2644.39
14924	T	T	2660.19	36.3784	193	193	0	0	0	2660.19
14925	A	A	2651.29	36.3724	191	191	2651.29	0	0	0
14926	C	C	2740.52	36.3693	190	189	0	2740.52	0	0
14927	T	T	2621.13	36.3567	186	186	0	0	0	2621.13
14928	C	C	2587.68	36.3469	183	180	0	2587.68	0	0
14929	G	G	2612.89	36.3693	190	183	0	0	2612.89	0
14930	T	T	2642.4	36.3754	192	192	0	0	0	2642.4
14931	T	T	2573.77	36.6715	189	189	0	0	0	2573.77
14932	C	C	2548.42	36.6612	183	178	0	2548.42	0	0
14933	T	T	2465.77	36.6629	184	184	0	0	0	2465.77
14934	T	T	2554.32	36.6715	189	189	0	0	0	2554.32
14935	A	A	2687.77	36.6765	192	192	2687.77	0	0	0
14936	T	T	2620.75	36.6813	195	195	0	0	0	2620.75
14937	T	T	2618.89	36.6844	197	197	0	0	0	2618.89
14938	G	G	2687.25	36.6813	195	188	0	0	2687.25	0
14939	C	C	2737	36.6813	195	191	0	2737	0	0
14940	C	C	2745.32	37	194	191	0	2745.32	0	0
14941	T	T	2756.71	37	198	198	0	0	0	2756.71
14942	T	T	2732.19	37	196	196	0	0	0	2732.19
14943	C	C	2831.51	37	198	196	0	2831.51	0	0
14944	T	T	2726.04	37	197	197	0	0	0	2726.04
14945	G	G	2861.45	37	202	199	0	0	2861.45	0
14946	A	A	2711.66	37	201	201	2711.66	0	0	0
14947	C	C	2818.39	37	201	197	0	2818.39	0	0
14948	T	T	2682.57	36.6875	199	199	0	0	0	2682.57
14949	A	A	2720.37	36.6859	198	198	2720.37	0	0	0
14950	C	C	2666.89	36.3844	195	187	0	2666.89	0	0
14951	C	C	2657.13	36.3844	195	187	0	2657.13	0	0
14952	A	A	2655.06	36.3814	194	194	2655.06	0	0	0
14953	C	C	2737.98	36.3931	198	192	0	2737.98	0	0
14954	A	A	2721.41	36.3987	200	200	2721.41	0	0	0
14955	G	G	2708.15	36.4015	201	191	0	0	2708.15	0
14956	T	T	2718.29	36.4015	201	201	0	0	0	2718.29
14957	T	T	2685.48	36.3931	198	198	0	0	0	2685.48
14958	A	A	2799.44	36.407	203	203	2799.44	0	0	0
14959	A	A	2820.03	36.4098	204	204	2820.03	0	0	0
14960	A	A	2853.25	36.423	209	209	2853.25	0	0	0
14961	T	T	2837.14	36.4204	208	208	0	0	0	2837.14
14962	A	A	2835.93	36.4151	206	206	2835.93	0	0	0
14963	T	T	2806.1	36.407	203	203	0	0	0	2806.1
14964	T	T	2797	36.4015	201	201	0	0	0	2797
14965	T	T	2772.22	36.3987	200	200	0	0	0	2772.22
14966	A	A	2743.13	36.4015	201	201	2743.13	0	0	0
14967	C	C	2909.1	36.4151	206	202	0	2909.1	0	0
14968	G	G	2811.35	36.4043	202	196	0	0	2811.35	0
14969	C	C	2879.86	36.4178	207	201	0	2879.86	0	0
14970	A	A	2771.01	36.689	200	200	2771.01	0	0	0
14971	G	G	2897.96	36.6905	201	200	0	0	2897.96	0
14972	A	A	2865.1	36.6991	207	206	2865.1	0	0	0
14973	A	A	2892.23	36.7073	213	213	2892.23	0	0	0
14974	A	A	2907.24	36.7073	213	213	2907.24	0	0	0
14975	A	A	2932.47	36.7113	216	216	2932.47	0	0	0
14976	A	A	2928.78	36.7138	218	218	2928.78	0	0	0
14977	G	G	3013.81	36.7151	219	212	0	0	3013.81	0
14978	C	C	3026.36	36.7086	214	211	0	3026.36	0	0
14979	A	A	2910.41	36.7113	216	216	2910.41	0	0	0
14980	A	A	2938.76	36.7086	214	214	2938.76	0	0	0
14981	G	G	2902.98	36.706	212	204	0	0	2902.98	0
14982	C	C	2953.31	36.423	209	205	0	2953.31	0	0
14983	C	C	2922.12	36.1681	211	204	0	2922.12	0	0
14984	C	C	2923.36	36.1645	210	205	0	2923.36	0	0
14985	C	C	3015.99	36.1717	212	209	0	3015.99	0	0
14986	T	T	2898.97	36.1609	209	209	0	0	0	2898.97
14987	A	A	2865.31	36.1717	212	212	2865.31	0	0	0
14988	T	T	2840.4	36.1535	207	207	0	0	0	2840.4
14989	G	G	2900.71	36.1535	207	202	0	0	2900.71	0
14990	A	A	2855.51	36.1609	209	209	2855.51	0	0	0
14991	A	A	2887.01	35.9183	210	210	2887.01	0	0	0
14992	T	T	2856.11	35.9183	210	210	0	0	0	2856.11
14993	G	G	2890.24	35.9183	210	203	0	0	2890.24	0
14994	C	C	2889.86	36.1609	209	202	0	2889.86	0	0
14995	G	G	2944.52	36.1645	210	205	0	0	2944.52	0
14996	G	G	3063.38	36.1787	214	212	0	0	3063.38	0
14997	G	G	3084.91	36.1891	217	214	0	0	3084.91	0
14998	T	T	2991.6	36.1992	220	220	0	0	0	2991.6
14999	T	T	2994.97	36.1891	217	217	0	0	0	2994.97
15000	T	T	2955.77	36.1787	214	214	0	0	0	2955.77
15001	G	G	2880.84	36.1645	210	203	0	0	2880.84	0
15002	A	A	2912.96	35.9318	213	213	2912.96	0	0	0
15003	C	C	2867.57	35.9273	212	203	0	2867.57	0	0
15004	C	C	2953.94	35.9273	212	206	0	2953.94	0	0
15005	C	C	2931.73	35.7013	213	206	0	2931.73	0	0
15006	C	C	2925.27	35.6798	209	204	0	2925.27	0	0
15007	A	A	2812.94	35.6744	208	208	2812.94	0	0	0
15008	T	T	2855.17	35.9137	209	209	0	0	0	2855.17
15009	A	A	2828.97	35.9183	210	210	2828.97	0	0	0
15010	G	G	2899.93	35.9318	213	204	0	0	2899.93	0
15011	G	G	2946.92	35.9228	211	206	0	0	2946.92	0
15012	A	A	2783.89	35.9091	208	208	2783.89	0	0	0
15013	T	T	2821.07	35.6633	206	206	0	0	0	2821.07
15014	C	C	2823.5	35.6463	203	197	0	2823.5	0	0
15015	G	G	2689.9	35.6348	201	191	0	0	2689.9	0
15016	G	G	2646.82	35.6463	203	189	0	0	2646.82	0
15017	C	C	2800.47	36.1106	196	194	0	2800.47	0	0
15018	A	A	2604.6	36.0981	193	193	2604.6	0	0	0
15019	C	C	2612.61	36.0809	189	183	0	2612.61	0	0
15020	G	G	2581.68	36.0938	192	183	0	0	2581.68	0
15021	C	C	2706.23	36.0765	188	187	0	2706.23	0	0
15022	C	C	2546.57	36.0809	189	180	0	2546.57	0	0
15023	T	T	2543.86	36.063	185	185	0	0	0	2543.86
15024	C	C	2585.37	36.0444	181	179	0	2585.37	0	0
15025	C	C	2528.93	36.0444	181	176	0	2528.93	0	0
15026	C	C	2503.85	36.0348	179	174	0	2503.85	0	0
15027	T	T	2530.36	36.0538	183	183	0	0	0	2530.36
15028	T	T	2555.98	36.072	187	187	0	0	0	2555.98
15029	T	T	2481.91	36.3402	181	181	0	0	0	2481.91
15030	T	T	2510.99	36.3534	185	185	0	0	0	2510.99
15031	T	T	2509.02	36.3502	184	184	0	0	0	2509.02
15032	C	C	2622	36.6629	184	182	0	2622	0	0
15033	C	C	2576.37	36.6612	183	179	0	2576.37	0	0
15034	A	A	2512.26	36.6629	184	184	2512.26	0	0	0
15035	T	T	2558.56	36.6682	187	187	0	0	0	2558.56
15036	G	G	2493.73	36.6664	186	178	0	0	2493.73	0
15037	A	A	2486.69	36.6612	183	183	2486.69	0	0	0
15038	A	A	2563.29	36.6765	192	192	2563.29	0	0	0
15039	A	A	2623.62	36.6844	197	197	2623.62	0	0	0
15040	T	T	2569.55	36.6828	196	196	0	0	0	2569.55
15041	T	T	2549.07	36.6765	192	192	0	0	0	2549.07
15042	T	T	2534.57	36.6748	191	191	0	0	0	2534.57
15043	T	T	2540.37	36.6664	186	186	0	0	0	2540.37
15044	T	T	2560.44	36.6664	186	186	0	0	0	2560.44
15045	C	C	2618.55	36.3693	190	183	0	2618.55	0	0
15046	C	C	2655.91	36.3724	191	186	0	2655.91	0	0
15047	T	T	2606.19	36.3784	193	193	0	0	0	2606.19
15048	A	A	2691.92	36.3873	196	196	2691.92	0	0	0
15049	G	G	2780.1	36.3873	196	193	0	0	2780.1	0
15050	T	T	2680.74	36.3902	197	197	0	0	0	2680.74
15051	A	A	2667.57	36.3873	196	196	2667.57	0	0	0
15052	G	G	2756.67	36.3959	199	193	0	0	2756.67	0
15053	C	C	2753.42	36.3987	200	193	0	2753.42	0	0
15054	T	T	2715.09	36.6919	202	202	0	0	0	2715.09
15055	A	A	2694.73	36.6875	199	199	2694.73	0	0	0
15056	T	T	2696.06	36.6905	201	201	0	0	0	2696.06
15057	T	T	2730.64	36.6919	202	202	0	0	0	2730.64
15058	A	A	2712.84	36.689	200	200	2712.84	0	0	0
15059	C	C	2846.88	36.6934	203	199	0	2846.88	0	0
15060	A	A	2682.01	36.6859	198	197	2682.01	0	0	0
15061	T	T	2637.2	36.3784	193	193	0	0	0	2637.2
15062	T	T	2667.74	36.3844	195	195	0	0	0	2667.74
15063	T	T	2689.57	36.3873	196	196	0	0	0	2689.57
15064	C	C	2721.94	36.689	200	193	0	2721.94	0	0
15065	T	T	2731.27	36.6919	202	202	0	0	0	2731.27
15066	A	A	2779.34	36.6919	202	202	2779.34	0	0	0
15067	C	C	2817.08	36.6934	203	197	0	2817.08	0	0
15068	T	T	2734.61	36.689	200	200	0	0	0	2734.61
15069	A	A	2794.64	36.6905	201	201	2794.64	0	0	0
15070	T	T	2771.44	36.6919	202	202	0	0	0	2771.44
15071	T	T	2761.82	36.689	200	200	0	0	0	2761.82
15072	T	T	2794.99	36.6934	203	203	0	0	0	2794.99
15073	G	G	2792.5	36.6949	204	196	0	0	2792.5	0
15074	A	A	2830.41	36.7019	209	209	2830.41	0	0	0
15075	C	C	2860.47	36.7033	210	201	0	2860.47	0	0
15076	C	C	2957.31	36.7005	208	205	0	2957.31	0	0
15077	T	T	2792.95	36.6934	203	203	0	0	0	2792.95
15078	A	A	2741.76	36.6949	204	204	2741.76	0	0	0
15079	G	G	2856.21	36.6934	203	199	0	0	2856.21	0
15080	A	A	2697.89	36.689	200	200	2697.89	0	0	0
15081	A	A	2692.15	36.6859	198	198	2692.15	0	0	0
15082	A	A	2745.94	36.689	200	200	2745.94	0	0	0
15083	T	T	2685.96	36.6813	195	195	0	0	0	2685.96
15084	T	T	2692.77	36.6844	197	197	0	0	0	2692.77
15085	G	G	2761.18	36.6859	198	193	0	0	2761.18	0
15086	C	C	2746.64	37	200	193	0	2746.64	0	0
15087	A	A	2725.4	37	197	196	2725.4	0	0	0
15088	C	C	2721.02	36.6828	196	190	0	2721.02	0	0
15089	T	T	2697.52	36.6828	196	196	0	0	0	2697.52
15090	A	A	2705.65	36.6844	197	197	2705.65	0	0	0
15091	C	C	2838.19	36.6919	202	198	0	2838.19	0	0
15092	T	T	2768.18	36.6934	203	203	0	0	0	2768.18
15093	C	C	2741.34	36.6905	201	193	0	2741.34	0	0
15094	C	C	2871.75	36.6934	203	200	0	2871.75	0	0
15095	T	T	2688.19	36.6813	195	195	0	0	0	2688.19
15096	C	C	2804.57	36.3873	196	194	0	2804.57	0	0
15097	C	C	2693.89	36.3844	195	189	0	2693.89	0	0
15098	C	C	2724.9	36.3931	198	191	0	2724.9	0	0
15099	T	T	2650.42	36.3844	195	195	0	0	0	2650.42
15100	C	C	2670.36	36.3693	190	186	0	2670.36	0	0
15101	T	T	2554.98	36.3662	189	189	0	0	0	2554.98
15102	T	T	2508.58	36.3599	187	187	0	0	0	2508.58
15103	C	C	2606.91	36.363	188	183	0	2606.91	0	0
15104	C	C	2709.06	36.3693	190	188	0	2709.06	0	0
15105	C	C	2698.32	36.3724	191	188	0	2698.32	0	0
15106	T	T	2530.36	36.3599	187	187	0	0	0	2530.36
15107	G	G	2643.26	36.3567	186	183	0	0	2643.26	0
15108	A	A	2547.63	36.3502	184	184	2547.63	0	0	0
15109	G	G	2550.58	36.3435	182	178	0	0	2550.58	0
15110	C	C	2611.1	36.3402	181	180	0	2611.1	0	0
15111	A	A	2529.14	36.3567	186	186	2529.14	0	0	0
15112	T	T	2593.46	36.3599	187	187	0	0	0	2593.46
15113	C	C	2564.39	36.3469	183	179	0	2564.39	0	0
15114	A	A	2500.38	36.0348	179	179	2500.38	0	0	0
15115	C	C	2479.42	36.0397	180	174	0	2479.42	0	0
15116	A	A	2527.34	36.0538	183	183	2527.34	0	0	0
15117	A	A	2561.7	36.063	185	185	2561.7	0	0	0
15118	A	A	2574.1	36.0852	190	190	2574.1	0	0	0
15119	C	C	2584.53	36.0852	190	183	0	2584.53	0	0
15120	T	T	2563.45	36.0896	191	191	0	0	0	2563.45
15121	G	G	2699.69	36.0938	192	188	0	0	2699.69	0
15122	A	A	2544.64	36.0938	192	192	2544.64	0	0	0
15123	C	C	2652.28	36.363	188	185	0	2652.28	0	0
15124	A	A	2459.19	36.3402	181	181	2459.19	0	0	0
15125	A	A	2405.08	36.3334	179	179	2405.08	0	0	0
15126	C	C	2556.9	36.3334	179	177	0	2556.9	0	0
15127	C	C	2545.22	36.3264	177	176	0	2545.22	0	0
15128	T	T	2458.25	36.3334	179	179	0	0	0	2458.25
15129	A	A	2393.55	36.3334	179	179	2393.55	0	0	0
15130	A	A	2347.24	36.6424	173	173	2347.24	0	0	0
15131	T	T	2367.52	36.6384	171	171	0	0	0	2367.52
15132	A	A	2345.12	36.6343	169	169	2345.12	0	0	0
15133	A	A	2389.78	36.6424	173	173	2389.78	0	0	0
15134	C	C	2464.72	36.652	178	173	0	2464.72	0	0
15135	G	G	2593.13	36.6612	183	180	0	0	2593.13	0
15136	A	A	2451.05	36.6557	180	180	2451.05	0	0	0
15137	T	T	2480.15	36.6715	189	189	0	0	0	2480.15
15138	A	A	2583.37	36.6715	189	189	2583.37	0	0	0
15139	C	C	2568.89	36.3567	186	180	0	2568.89	0	0
15140	T	T	2551.95	36.3693	190	190	0	0	0	2551.95
15141	C	C	2529.98	36.3693	190	179	0	2529.98	0	0
15142	A	A	2546.87	36.3567	186	186	2546.87	0	0	0
15143	C	C	2664.49	36.3784	193	187	0	2664.49	0	0
15144	C	C	2676.88	36.3693	190	187	0	2676.88	0	0
15145	A	A	2618.26	36.3662	189	189	2618.26	0	0	0
15146	T	T	2595.8	36.3754	192	192	0	0	0	2595.8
15147	A	A	2649.58	36.3662	189	189	2649.58	0	0	0
15148	G	G	2634.98	36.3662	189	184	0	0	2634.98	0
15149	C	C	2598.74	36.3599	187	181	0	2598.74	0	0
15150	G	G	2631.09	36.3754	192	185	0	0	2631.09	0
15151	C	C	2722.49	36.3784	193	189	0	2722.49	0	0
15152	T	T	2689.37	36.3844	195	195	0	0	0	2689.37
15153	A	A	2627.34	36.3814	194	194	2627.34	0	0	0
15154	C	C	2676.93	36.0938	192	187	0	2676.93	0	0
15155	T	T	2568.55	36.072	187	186	0	0	0	2568.55
15156	G	G	2544.95	36.0584	184	178	0	0	2544.95	0
15157	C	C	2605.75	36.0809	189	183	0	2605.75	0	0
15158	T	T	2626.83	36.1023	194	194	0	0	0	2626.83
15159	T	T	2624.34	36.1106	196	196	0	0	0	2624.34
15160	A	A	2761.7	36.1306	201	201	2761.7	0	0	0
15161	T	T	2664.05	36.1267	200	200	0	0	0	2664.05
15162	C	C	2824.15	36.1345	202	197	0	2824.15	0	0
15163	T	T	2743.31	36.4015	201	201	0	0	0	2743.31
15164	C	C	2844.37	36.3959	199	197	0	2844.37	0	0
15165	C	C	2845.7	36.4015	201	198	0	2845.7	0	0
15166	T	T	2716.62	36.3873	196	196	0	0	0	2716.62
15167	T	T	2707.78	36.1146	197	197	0	0	0	2707.78
15168	A	A	2782.53	36.1345	202	202	2782.53	0	0	0
15169	C	C	2809.05	36.1306	201	196	0	2809.05	0	0
15170	T	T	2803.75	36.1535	207	207	0	0	0	2803.75
15171	A	A	2806.29	36.1572	208	208	2806.29	0	0	0
15172	G	G	2816.94	35.9044	207	198	0	0	2816.94	0
15173	C	C	2839.42	35.6577	205	198	0	2839.42	0	0
15174	C	C	2844.17	35.6853	210	202	0	2844.17	0	0
15175	G	G	2897.22	35.696	212	204	0	0	2897.22	0
15176	T	T	2815.53	35.9183	210	210	0	0	0	2815.53
15177	A	A	2823.57	35.9091	208	208	2823.57	0	0	0
15178	A	A	2819.37	35.895	205	205	2819.37	0	0	0
15179	G	G	2800.43	35.8805	202	196	0	0	2800.43	0
15180	T	T	2766.97	36.1267	200	200	0	0	0	2766.97
15181	C	C	2778.13	35.8657	199	193	0	2778.13	0	0
15182	T	T	2774.08	35.8657	199	199	0	0	0	2774.08
15183	G	G	2801.04	35.8854	203	196	0	0	2801.04	0
15184	G	G	2849.97	35.8756	201	198	0	0	2849.97	0
15185	C	C	2813.18	35.6289	200	196	0	2813.18	0	0
15186	C	C	2844.54	35.6348	201	198	0	2844.54	0	0
15187	T	T	2709.27	35.6171	198	198	0	0	0	2709.27
15188	A	A	2604.71	35.5989	195	195	2604.71	0	0	0
15189	T	T	2658.33	35.5989	195	195	0	0	0	2658.33
15190	G	G	2647.77	35.5739	191	186	0	0	2647.77	0
15191	A	A	2582.27	35.5346	185	185	2582.27	0	0	0
15192	A	A	2582.03	35.5479	187	187	2582.03	0	0	0
15193	T	T	2542.67	35.5413	186	186	0	0	0	2542.67
15194	G	G	2725.54	35.5802	192	189	0	0	2725.54	0
15195	A	A	2630.97	35.5865	193	193	2630.97	0	0	0
15196	A	A	2612.16	35.5927	194	194	2612.16	0	0	0
15197	C	C	2677.34	35.561	189	186	0	2677.34	0	0
15198	T	T	2563.42	35.8077	188	188	0	0	0	2563.42
15199	G	G	2717.46	35.8186	190	188	0	0	2717.46	0
15200	A	A	2682.6	35.8294	192	192	2682.6	0	0	0
15201	A	A	2695.19	35.8241	191	191	2695.19	0	0	0
15202	A	A	2719.33	35.84	194	194	2719.33	0	0	0
15203	A	A	2724.82	35.8504	196	196	2724.82	0	0	0
15204	A	A	2784.8	35.8805	202	202	2784.8	0	0	0
15205	G	G	2851.47	35.8997	206	200	0	0	2851.47	0
15206	G	G	2871.9	35.9228	211	203	0	0	2871.9	0
15207	T	T	2831.53	35.9273	212	212	0	0	0	2831.53
15208	C	C	2911.82	35.9228	211	204	0	2911.82	0	0
15209	T	T	2814.62	36.1535	207	207	0	0	0	2814.62
15210	A	A	2877.99	36.1572	208	208	2877.99	0	0	0
15211	G	G	2900.56	36.1422	204	201	0	0	2900.56	0
15212	A	A	2828.42	36.146	205	205	2828.42	0	0	0
15213	A	A	2815	36.1498	206	206	2815	0	0	0
15214	T	T	2866.15	36.1681	211	211	0	0	0	2866.15
15215	G	G	2986.53	36.1717	212	208	0	0	2986.53	0
15216	G	G	2921.1	36.1681	211	204	0	0	2921.1	0
15217	G	G	2876.87	36.1535	207	202	0	0	2876.87	0
15218	C	C	2850.27	36.1422	204	199	0	2850.27	0	0
15219	C	C	2927.11	36.1384	203	202	0	2927.11	0	0
15220	G	G	2931.94	36.4204	208	204	0	0	2931.94	0
15221	A	A	2764.45	36.4124	205	205	2764.45	0	0	0
15222	A	A	2725.33	36.6859	198	198	2725.33	0	0	0
15223	T	T	2719.67	36.6828	196	196	0	0	0	2719.67
15224	A	A	2678.72	36.6844	197	197	2678.72	0	0	0
15225	T	T	2731.61	36.6797	194	194	0	0	0	2731.61
15226	G	G	2705.76	36.6748	191	188	0	0	2705.76	0
15227	A	A	2618.92	36.6781	193	193	2618.92	0	0	0
15228	T	T	2666.12	36.6748	191	191	0	0	0	2666.12
15229	A	A	2648.02	36.6748	191	191	2648.02	0	0	0
15230	A	A	2621.83	36.6699	188	188	2621.83	0	0	0
15231	T	T	2594.76	36.6682	187	187	0	0	0	2594.76
15232	T	T	2562.79	36.6612	183	183	0	0	0	2562.79
15233	A	A	2630.3	36.6699	188	188	2630.3	0	0	0
15234	G	G	2742.02	36.6813	195	191	0	0	2742.02	0
15235	T	T	2661.66	36.6828	196	196	0	0	0	2661.66
15236	T	T	2653.4	36.6859	198	198	0	0	0	2653.4
15237	T	T	2695.29	36.6934	203	203	0	0	0	2695.29
15238	A	A	2807.82	37	206	206	2807.82	0	0	0
15239	A	A	2750.14	37	198	198	2750.14	0	0	0
15240	A	A	2778.54	37	200	200	2778.54	0	0	0
15241	T	T	2765.62	37	201	201	0	0	0	2765.62
15242	C	C	2762.73	37	196	192	0	2762.73	0	0
15243	A	A	2728.13	37	200	200	2728.13	0	0	0
15244	A	A	2688.21	37	200	200	2688.21	0	0	0
15245	A	A	2677.55	37	200	200	2677.55	0	0	0
15246	A	A	2670.98	37	197	197	2670.98	0	0	0
15247	C	C	2705.18	37	195	189	0	2705.18	0	0
15248	A	A	2642.79	37	193	193	2642.79	0	0	0
15249	A	A	2563.95	37	189	189	2563.95	0	0	0
15250	G	G	2610.38	37	190	183	0	0	2610.38	0
15251	T	T	2608.93	37	187	187	0	0	0	2608.93
15252	G	G	2659.21	37	191	186	0	0	2659.21	0
15253	A	A	2467.06	37	189	189	2467.06	0	0	0
15254	T	T	2490.47	37	179	179	0	0	0	2490.47
15255	T	T	2520.11	37	182	182	0	0	0	2520.11
15256	T	T	2431.26	37	178	178	0	0	0	2431.26
15257	C	C	2491.42	37	177	173	0	2491.42	0	0
15258	G	G	2442.26	37	179	172	0	0	2442.26	0
15259	A	A	2454.81	37	179	179	2454.81	0	0	0
15260	C	C	2425.81	37	176	170	0	2425.81	0	0
15261	T	T	2430.06	37	180	180	0	0	0	2430.06
15262	C	C	2509.06	37	176	174	0	2509.06	0	0
15263	A	A	2422.65	37	178	178	2422.65	0	0	0
15264	C	C	2558.23	37	182	178	0	2558.23	0	0
15265	T	T	2447.19	37	183	182	0	0	0	2447.19
15266	A	A	2465.07	37	179	179	2465.07	0	0	0
15267	G	G	2631.6	37	186	183	0	0	2631.6	0
15268	A	A	2586.14	37	189	189	2586.14	0	0	0
15269	T	T	2507.72	37	186	186	0	0	0	2507.72
15270	T	T	2540.38	37	190	190	0	0	0	2540.38
15271	A	A	2634.66	37	191	190	2634.66	0	0	0
15272	T	T	2615.37	37	195	195	0	0	0	2615.37
15273	G	G	2866.64	37	199	198	0	0	2866.64	0
15274	A	A	2765.13	37	198	198	2765.13	0	0	0
15275	A	A	2809.05	37	201	201	2809.05	0	0	0
15276	T	T	2732.99	36.6934	203	203	0	0	0	2732.99
15277	A	A	2825.59	36.6934	203	203	2825.59	0	0	0
15278	A	A	2840.86	36.6949	204	204	2840.86	0	0	0
15279	T	T	2838.72	36.7033	210	210	0	0	0	2838.72
15280	A	A	2920.33	36.7046	211	211	2920.33	0	0	0
15281	A	A	2931.39	36.7033	210	210	2931.39	0	0	0
15282	C	C	2908.78	36.7046	211	204	0	2908.78	0	0
15283	A	A	2978.53	36.7073	213	213	2978.53	0	0	0
15284	T	T	2965.95	36.7125	217	217	0	0	0	2965.95
15285	A	A	2924.19	36.7086	214	214	2924.19	0	0	0
15286	A	A	2916.31	36.71	215	215	2916.31	0	0	0
15287	T	T	2971.58	36.7086	214	214	0	0	0	2971.58
15288	T	T	2985.98	36.7086	214	214	0	0	0	2985.98
15289	A	A	2823.19	36.7073	213	213	2823.19	0	0	0
15290	T	T	2851.47	36.6977	206	206	0	0	0	2851.47
15291	C	C	2860.34	36.6949	204	199	0	2860.34	0	0
15292	A	A	2752.35	36.6934	203	203	2752.35	0	0	0
15293	A	A	2754.92	36.6934	203	203	2754.92	0	0	0
15294	G	G	2717.41	36.6859	198	191	0	0	2717.41	0
15295	T	T	2725.64	36.6797	194	194	0	0	0	2725.64
15296	G	G	2636.02	36.6765	192	186	0	0	2636.02	0
15297	C	C	2729.82	36.3902	197	191	0	2729.82	0	0
15298	C	C	2613.49	36.3784	193	185	0	2613.49	0	0
15299	T	T	2681.35	36.3814	194	194	0	0	0	2681.35
15300	G	G	2469.89	36.3662	189	177	0	0	2469.89	0
15301	T	T	2536.52	36.6629	184	184	0	0	0	2536.52
15302	A	A	2449.17	36.6539	179	179	2449.17	0	0	0
15303	G	G	2585.33	36.6594	182	180	0	0	2585.33	0
15304	T	T	2511.38	36.6594	182	182	0	0	0	2511.38
15305	T	T	2461.51	36.6539	179	179	0	0	0	2461.51
15306	T	T	2466.89	36.6576	181	181	0	0	0	2466.89
15307	A	A	2461.53	36.6594	182	182	2461.53	0	0	0
15308	T	T	2479.92	36.6576	181	181	0	0	0	2479.92
15309	G	G	2528.58	36.6539	179	176	0	0	2528.58	0
15310	T	T	2436.09	36.6539	179	179	0	0	0	2436.09
15311	T	T	2436.97	36.6501	177	177	0	0	0	2436.97
15312	A	A	2514.93	36.6612	183	183	2514.93	0	0	0
15313	A	A	2510.11	36.6557	180	180	2510.11	0	0	0
15314	T	T	2422.45	36.6594	182	182	0	0	0	2422.45
15315	A	A	2557.18	36.6664	186	186	2557.18	0	0	0
15316	T	T	2480.4	36.6612	183	183	0	0	0	2480.4
15317	T	T	2521.02	36.6594	182	182	0	0	0	2521.02
15318	T	T	2518.74	36.6612	183	183	0	0	0	2518.74
15319	T	T	2547.71	36.6682	187	187	0	0	0	2547.71
15320	C	C	2664.46	36.6748	191	186	0	2664.46	0	0
15321	T	T	2572.2	36.6781	193	193	0	0	0	2572.2
15322	T	T	2552.3	36.6732	190	190	0	0	0	2552.3
15323	A	A	2651.86	36.6732	190	190	2651.86	0	0	0
15324	G	G	2703.48	36.6781	193	188	0	0	2703.48	0
15325	C	C	2570.53	36.6732	190	181	0	2570.53	0	0
15326	C	C	2653.87	36.6797	194	187	0	2653.87	0	0
15327	T	T	2690.75	36.6859	198	198	0	0	0	2690.75
15328	T	T	2714.51	36.6905	201	201	0	0	0	2714.51
15329	C	C	2785.65	36.6844	197	194	0	2785.65	0	0
15330	A	A	2667.22	36.6765	192	192	2667.22	0	0	0
15331	T	T	2578.37	36.6682	187	187	0	0	0	2578.37
15332	T	T	2655.72	36.6797	194	194	0	0	0	2655.72
15333	G	G	2710.66	36.6765	192	188	0	0	2710.66	0
15334	T	T	2653.43	37	192	192	0	0	0	2653.43
15335	A	A	2654.64	37	193	193	2654.64	0	0	0
15336	T	T	2719.33	37	201	201	0	0	0	2719.33
15337	C	C	2743.1	37	201	193	0	2743.1	0	0
15338	C	C	2816.45	37	200	196	0	2816.45	0	0
15339	C	C	2733.1	37	198	192	0	2733.1	0	0
15340	T	T	2672.19	37	197	197	0	0	0	2672.19
15341	A	A	2681.25	37	198	198	2681.25	0	0	0
15342	G	G	2699.56	37	196	189	0	0	2699.56	0
15343	T	T	2697.11	37	198	198	0	0	0	2697.11
15344	A	A	2663.33	37	197	197	2663.33	0	0	0
15345	G	G	2783.89	37	195	193	0	0	2783.89	0
15346	G	G	2657.07	37	192	186	0	0	2657.07	0
15347	A	A	2626.01	37	191	191	2626.01	0	0	0
15348	C	C	2645.68	37	188	184	0	2645.68	0	0
15349	T	T	2639.97	37	196	196	0	0	0	2639.97
15350	A	A	2729.82	37	197	197	2729.82	0	0	0
15351	C	C	2759.67	37	197	193	0	2759.67	0	0
15352	T	T	2724.72	37	204	204	0	0	0	2724.72
15353	C	C	2716.09	37	199	191	0	2716.09	0	0
15354	A	A	2769.34	37	204	204	2769.34	0	0	0
15355	T	T	2754.27	37	201	201	0	0	0	2754.27
15356	T	T	2769.86	37	202	202	0	0	0	2769.86
15357	T	T	2795	37	203	203	0	0	0	2795
15358	A	A	2723.83	37	200	200	2723.83	0	0	0
15359	T	T	2740.68	37	199	199	0	0	0	2740.68
15360	C	C	2856.3	37	200	198	0	2856.3	0	0
15361	G	G	2778.57	37	199	194	0	0	2778.57	0
15362	A	A	2687.2	37	199	199	2687.2	0	0	0
15363	T	T	2702.22	36.6844	197	197	0	0	0	2702.22
15364	C	C	2731.4	36.6813	195	191	0	2731.4	0	0
15365	C	C	2757.92	36.6797	194	191	0	2757.92	0	0
15366	C	C	2621.02	36.6781	193	185	0	2621.02	0	0
15367	A	A	2606.77	36.3814	194	194	2606.77	0	0	0
15368	T	T	2619.54	36.3754	192	192	0	0	0	2619.54
15369	C	C	2641.03	36.1064	195	186	0	2641.03	0	0
15370	T	T	2606.36	36.0981	193	193	0	0	0	2606.36
15371	A	A	2677.94	36.1023	194	194	2677.94	0	0	0
15372	A	A	2650.16	36.0896	191	191	2650.16	0	0	0
15373	T	T	2608.79	36.0852	190	190	0	0	0	2608.79
15374	A	A	2593.91	36.0809	189	189	2593.91	0	0	0
15375	T	T	2607.94	35.7908	185	185	0	0	0	2607.94
15376	C	C	2637.15	35.5413	186	183	0	2637.15	0	0
15377	C	C	2576.06	35.3079	187	180	0	2576.06	0	0
15378	T	T	2603.63	35.3153	188	188	0	0	0	2603.63
15379	C	C	2630.76	34.9083	192	185	0	2630.76	0	0
15380	C	C	2594.17	34.8909	190	183	0	2594.17	0	0
15381	C	C	2513.9	34.8909	190	179	0	2513.9	0	0
15382	T	T	2595.56	34.8996	191	191	0	0	0	2595.56
15383	A	A	2585.96	34.8996	191	191	2585.96	0	0	0
15384	C	C	2532.2	34.8731	188	179	0	2532.2	0	0
15385	T	T	2475.02	34.8181	182	181	0	0	0	2475.02
15386	T	T	2520.1	34.846	185	185	0	0	0	2520.1
15387	T	T	2539.4	34.8821	189	189	0	0	0	2539.4
15388	G	G	2690	34.7149	193	188	0	0	2690	0
15389	C	C	2733	34.5603	197	191	0	2733	0	0
15390	C	C	2730.89	34.7422	196	191	0	2730.89	0	0
15391	T	T	2610.26	34.7056	192	192	0	0	0	2610.26
15392	A	A	2532.52	34.6774	189	189	2532.52	0	0	0
15393	G	G	2524.51	34.8731	188	179	0	0	2524.51	0
15394	A	A	2517.31	34.8551	186	186	2517.31	0	0	0
15395	G	G	2630.8	34.8551	186	183	0	0	2630.8	0
15396	G	G	2616.92	34.8731	188	183	0	0	2616.92	0
15397	G	G	2594.67	34.8731	188	182	0	0	2594.67	0
15398	T	T	2573.69	34.9255	194	194	0	0	0	2573.69
15399	A	A	2564.67	34.8642	187	187	2564.67	0	0	0
15400	T	T	2495.49	35.0636	185	185	0	0	0	2495.49
15401	A	A	2488.62	35.0204	180	180	2488.62	0	0	0
15402	A	A	2470.68	35.2376	178	178	2470.68	0	0	0
15403	T	T	2509.38	35.4931	179	179	0	0	0	2509.38
15404	G	G	2563.69	35.5142	182	179	0	0	2563.69	0
15405	C	C	2557.43	35.5072	181	178	0	2557.43	0	0
15406	T	T	2481.74	35.5002	180	180	0	0	0	2481.74
15407	G	G	2482.34	35.5279	184	176	0	0	2482.34	0
15408	T	T	2500.76	35.5413	186	186	0	0	0	2500.76
15409	C	C	2556.29	35.5346	185	179	0	2556.29	0	0
15410	T	T	2476.42	35.5479	187	187	0	0	0	2476.42
15411	T	T	2535.44	35.5739	191	191	0	0	0	2535.44
15412	T	T	2546.97	35.5802	192	192	0	0	0	2546.97
15413	A	A	2669.48	35.5802	192	192	2669.48	0	0	0
15414	T	T	2636.03	35.5865	193	193	0	0	0	2636.03
15415	T	T	2697.28	35.6111	197	197	0	0	0	2697.28
15416	T	T	2711.55	35.8556	197	197	0	0	0	2711.55
15417	G	G	2701.11	35.8556	197	189	0	0	2701.11	0
15418	T	T	2710.13	35.8756	201	201	0	0	0	2710.13
15419	T	T	2609.68	36.1023	194	194	0	0	0	2609.68
15420	A	A	2645.98	36.1023	194	194	2645.98	0	0	0
15421	T	T	2635.01	36.1064	195	195	0	0	0	2635.01
15422	G	G	2726.38	36.1064	195	190	0	0	2726.38	0
15423	C	C	2688.59	36.0896	191	187	0	2688.59	0	0
15424	T	T	2656.07	36.3873	196	196	0	0	0	2656.07
15425	A	A	2714.7	36.3902	197	197	2714.7	0	0	0
15426	A	A	2741.85	36.3987	200	200	2741.85	0	0	0
15427	C	C	2665.43	36.3931	198	188	0	2665.43	0	0
15428	A	A	2694.07	36.3931	198	198	2694.07	0	0	0
15429	G	G	2742.37	36.3987	200	193	0	0	2742.37	0
15430	T	T	2716.82	36.6859	198	198	0	0	0	2716.82
15431	A	A	2740.93	36.6844	197	197	2740.93	0	0	0
15432	A	A	2790.73	36.4015	201	201	2790.73	0	0	0
15433	C	C	2806.74	36.4043	202	196	0	2806.74	0	0
15434	A	A	2870.61	36.4098	204	204	2870.61	0	0	0
15435	G	G	2853.45	36.4178	207	200	0	0	2853.45	0
15436	T	T	2827.51	36.423	209	209	0	0	0	2827.51
15437	T	T	2877.63	36.4306	212	212	0	0	0	2877.63
15438	T	T	2849.2	36.4204	208	208	0	0	0	2849.2
15439	T	T	2899.43	36.7033	210	210	0	0	0	2899.43
15440	A	A	2855.69	36.7033	210	210	2855.69	0	0	0
15441	A	A	2860.81	36.7033	210	210	2860.81	0	0	0
15442	A	A	2824.6	36.6977	206	206	2824.6	0	0	0
15443	C	C	2868.1	36.6905	201	199	0	2868.1	0	0
15444	A	A	2749.75	36.6905	201	201	2749.75	0	0	0
15445	A	A	2748.29	36.689	200	200	2748.29	0	0	0
15446	T	T	2814.8	36.6919	202	202	0	0	0	2814.8
15447	C	C	2869.98	36.6949	204	200	0	2869.98	0	0
15448	A	A	2736.61	36.6934	203	203	2736.61	0	0	0
15449	C	C	2773.1	36.6875	199	194	0	2773.1	0	0
15450	T	T	2736.5	36.689	200	200	0	0	0	2736.5
15451	T	T	2722.81	36.6859	198	198	0	0	0	2722.81
15452	T	T	2689.4	36.6797	194	194	0	0	0	2689.4
15453	A	A	2752.49	36.6813	195	195	2752.49	0	0	0
15454	C	C	2744.89	36.3814	194	191	0	2744.89	0	0
15455	A	A	2728.59	36.3902	197	197	2728.59	0	0	0
15456	C	C	2759.88	36.3959	199	193	0	2759.88	0	0
15457	T	T	2763.76	36.4015	201	201	0	0	0	2763.76
15458	G	G	2939.62	36.4151	206	204	0	0	2939.62	0
15459	G	G	2703.62	36.4043	202	192	0	0	2703.62	0
15460	C	C	2827.25	36.6875	199	196	0	2827.25	0	0
15461	T	T	2692.85	36.6828	196	196	0	0	0	2692.85
15462	A	A	2635.12	36.6797	194	194	2635.12	0	0	0
15463	A	A	2622.82	36.6781	193	193	2622.82	0	0	0
15464	T	T	2628.04	36.6715	189	189	0	0	0	2628.04
15465	A	A	2660.81	36.6765	192	192	2660.81	0	0	0
15466	T	T	2644.27	36.6765	192	192	0	0	0	2644.27
15467	A	A	2621.9	36.3662	189	189	2621.9	0	0	0
15468	G	G	2764.2	36.3844	195	192	0	0	2764.2	0
15469	C	C	2711.32	36.3844	195	190	0	2711.32	0	0
15470	T	T	2675.03	36.3784	193	193	0	0	0	2675.03
15471	C	C	2683.26	36.363	188	186	0	2683.26	0	0
15472	C	C	2715.5	36.3693	190	188	0	2715.5	0	0
15473	T	T	2605.37	36.3599	187	187	0	0	0	2605.37
15474	A	A	2524.02	36.363	188	188	2524.02	0	0	0
15475	T	T	2476.41	36.3469	183	183	0	0	0	2476.41
15476	T	T	2465.75	36.363	188	188	0	0	0	2465.75
15477	A	A	2573.07	36.363	188	188	2573.07	0	0	0
15478	T	T	2494.03	36.363	188	188	0	0	0	2494.03
15479	C	C	2624.22	36.3814	194	186	0	2624.22	0	0
15480	C	C	2674.95	36.3814	194	188	0	2674.95	0	0
15481	T	T	2622.29	36.3844	195	195	0	0	0	2622.29
15482	G	G	2740.04	36.3814	194	191	0	0	2740.04	0
15483	C	C	2737.64	36.1023	194	191	0	2737.64	0	0
15484	T	T	2639.08	35.8348	193	193	0	0	0	2639.08
15485	G	G	2738.98	35.8348	193	190	0	0	2738.98	0
15486	G	G	2667.56	35.8556	197	188	0	0	2667.56	0
15487	T	T	2671.95	35.8452	195	195	0	0	0	2671.95
15488	A	A	2754.93	35.6348	201	201	2754.93	0	0	0
15489	T	T	2717.07	35.4262	204	204	0	0	0	2717.07
15490	T	T	2735.2	35.4197	203	203	0	0	0	2735.2
15491	C	C	2788.67	35.4197	203	196	0	2788.67	0	0
15492	G	G	2786.78	35.4262	204	196	0	0	2786.78	0
15493	C	C	2888.42	35.2188	205	201	0	2888.42	0	0
15494	T	T	2806.65	35.2116	204	204	0	0	0	2806.65
15495	G	G	2869.88	35.4517	208	201	0	0	2869.88	0
15496	C	C	2879.88	35.2537	210	202	0	2879.88	0	0
15497	C	C	2883.89	35.2188	205	201	0	2883.89	0	0
15498	T	T	2872.54	35.2537	210	210	0	0	0	2872.54
15499	G	G	2942.84	35.2329	207	205	0	0	2942.84	0
15500	C	C	2832.7	35.2259	206	199	0	2832.7	0	0
15501	G	G	2851.59	35.2188	205	200	0	0	2851.59	0
15502	A	A	2801.78	35.2044	203	203	2801.78	0	0	0
15503	G	G	2838.54	35.2116	204	199	0	0	2838.54	0
15504	G	G	2904.38	35.1971	202	201	0	0	2904.38	0
15505	C	C	2914.37	35.4197	203	202	0	2914.37	0	0
15506	A	A	2792.65	35.4327	205	205	2792.65	0	0	0
15507	G	G	2817.1	35.4132	202	197	0	0	2817.1	0
15508	C	C	2826.26	35.8756	201	197	0	2826.26	0	0
15509	A	A	2729.12	35.8606	198	198	2729.12	0	0	0
15510	C	C	2746.06	35.8452	195	191	0	2746.06	0	0
15511	T	T	2725.73	35.84	194	194	0	0	0	2725.73
15512	A	A	2588.63	35.8077	188	188	2588.63	0	0	0
15513	G	G	2641.26	36.0981	193	186	0	0	2641.26	0
15514	G	G	2707.8	36.3814	194	189	0	0	2707.8	0
15515	A	A	2578.95	36.3693	190	190	2578.95	0	0	0
15516	C	C	2669.95	36.3784	193	187	0	2669.95	0	0
15517	T	T	2589.75	36.3693	190	190	0	0	0	2589.75
15518	G	G	2747.94	36.1023	194	191	0	0	2747.94	0
15519	T	T	2627.8	36.0981	193	193	0	0	0	2627.8
15520	C	C	2606.45	36.0765	188	183	0	2606.45	0	0
15521	C	C	2644.26	36.063	185	183	0	2644.26	0	0
15522	C	C	2523.08	36.0538	183	177	0	2523.08	0	0
15523	T	T	2566.94	36.0584	184	184	0	0	0	2566.94
15524	G	G	2461.77	36.0491	182	174	0	0	2461.77	0
15525	C	C	2615.34	36.0675	186	182	0	2615.34	0	0
15526	T	T	2498.12	36.0675	186	186	0	0	0	2498.12
15527	A	A	2444.71	36.063	185	184	2444.71	0	0	0
15528	G	G	2487.53	36.03	178	174	0	0	2487.53	0
15529	T	T	2421.54	36.0444	181	181	0	0	0	2421.54
15530	A	A	2516.51	36.0675	186	186	2516.51	0	0	0
15531	A	A	2515.95	36.063	185	185	2515.95	0	0	0
15532	T	T	2463.57	36.0491	182	182	0	0	0	2463.57
15533	A	A	2529.59	36.0675	186	186	2529.59	0	0	0
15534	G	G	2493.07	36.0675	186	177	0	0	2493.07	0
15535	T	T	2529.87	36.0809	189	189	0	0	0	2529.87
15536	C	C	2532.23	36.0896	191	180	0	2532.23	0	0
15537	T	T	2575.4	36.0896	191	191	0	0	0	2575.4
15538	C	C	2607.57	36.0675	186	182	0	2607.57	0	0
15539	T	T	2481	36.0584	184	184	0	0	0	2481
15540	A	A	2569.44	36.0675	186	185	2569.44	0	0	0
15541	A	A	2603.58	36.0675	186	186	2603.58	0	0	0
15542	C	C	2547.24	36.0675	186	179	0	2547.24	0	0
15543	A	A	2626.72	36.0765	188	188	2626.72	0	0	0
15544	C	C	2590.84	36.0852	190	183	0	2590.84	0	0
15545	T	T	2654.72	36.1146	197	197	0	0	0	2654.72
15546	T	T	2694.8	36.3987	200	200	0	0	0	2694.8
15547	A	A	2672.6	36.3873	196	196	2672.6	0	0	0
15548	C	C	2692.85	36.3814	194	188	0	2692.85	0	0
15549	G	G	2869.51	36.4015	201	199	0	0	2869.51	0
15550	G	G	2634.04	36.3959	199	187	0	0	2634.04	0
15551	A	A	2701.34	36.3902	197	197	2701.34	0	0	0
15552	A	A	2686.51	36.3902	197	197	2686.51	0	0	0
15553	C	C	2837.57	36.4015	201	197	0	2837.57	0	0
15554	T	T	2780.75	36.4043	202	202	0	0	0	2780.75
15555	G	G	2818.81	36.3959	199	196	0	0	2818.81	0
15556	A	A	2720.02	36.3902	197	197	2720.02	0	0	0
15557	T	T	2692.02	36.3873	196	196	0	0	0	2692.02
15558	T	T	2705.48	36.3902	197	197	0	0	0	2705.48
15559	A	A	2770.41	36.407	203	203	2770.41	0	0	0
15560	T	T	2735.67	36.6859	198	198	0	0	0	2735.67
15561	G	G	2762.84	36.6844	197	193	0	0	2762.84	0
15562	T	T	2689.93	36.6797	194	194	0	0	0	2689.93
15563	A	A	2630	36.6765	192	192	2630	0	0	0
15564	C	C	2742.58	36.6781	193	190	0	2742.58	0	0
15565	A	A	2641.51	36.6781	193	193	2641.51	0	0	0
15566	A	A	2620.29	37	190	190	2620.29	0	0	0
15567	A	A	2593.89	37	191	191	2593.89	0	0	0
15568	A	A	2532.59	37	188	188	2532.59	0	0	0
15569	C	C	2644.53	37	185	183	0	2644.53	0	0
15570	C	C	2717.65	37	192	189	0	2717.65	0	0
15571	T	T	2616.15	37	190	190	0	0	0	2616.15
15572	C	C	2680.67	37	192	187	0	2680.67	0	0
15573	A	A	2529.46	37	188	188	2529.46	0	0	0
15574	A	A	2545.73	37	192	192	2545.73	0	0	0
15575	T	T	2487.57	37	182	182	0	0	0	2487.57
15576	C	C	2594.67	37	182	180	0	2594.67	0	0
15577	T	T	2515.79	37	181	181	0	0	0	2515.79
15578	C	C	2528.44	37	177	175	0	2528.44	0	0
15579	T	T	2450.41	37	176	176	0	0	0	2450.41
15580	T	T	2356.43	37	170	170	0	0	0	2356.43
15581	A	A	2278.61	37	169	169	2278.61	0	0	0
15582	C	C	2405.78	37	170	167	0	2405.78	0	0
15583	A	A	2301.08	37	170	170	2301.08	0	0	0
15584	A	A	2320.54	37	171	171	2320.54	0	0	0
15585	T	T	2316.14	37	170	170	0	0	0	2316.14
15586	G	G	2388.17	37	169	166	0	0	2388.17	0
15587	C	C	2330.16	37	167	163	0	2330.16	0	0
15588	T	T	2288.73	37	168	168	0	0	0	2288.73
15589	A	A	2266.96	37	169	169	2266.96	0	0	0
15590	A	A	2284.93	37	169	169	2284.93	0	0	0
15591	A	A	2274.16	37	168	168	2274.16	0	0	0
15592	A	A	2275.99	37	169	169	2275.99	0	0	0
15593	A	A	2284.68	37	165	165	2284.68	0	0	0
15594	T	T	2274.42	37	169	169	0	0	0	2274.42
15595	C	C	2361.26	37	167	164	0	2361.26	0	0
15596	A	A	2339.39	37	169	169	2339.39	0	0	0
15597	T	T	2299.34	37	171	171	0	0	0	2299.34
15598	C	C	2346.79	37	175	167	0	2346.79	0	0
15599	T	T	2359.98	37	174	174	0	0	0	2359.98
15600	T	T	2342.58	36.312	173	173	0	0	0	2342.58
15601	C	C	2384.45	36.3083	172	167	0	2384.45	0	0
15602	C	C	2330.53	36.3045	171	164	0	2330.53	0	0
15603	C	C	2337.17	36.3045	171	165	0	2337.17	0	0
15604	C	C	2362.47	36.3228	176	168	0	2362.47	0	0
15605	A	A	2457.51	36.3228	176	176	2457.51	0	0	0
15606	C	C	2481.26	36.3368	180	175	0	2481.26	0	0
15607	T	T	2474.43	36.3469	183	183	0	0	0	2474.43
15608	A	A	2527.77	36.363	188	188	2527.77	0	0	0
15609	T	T	2480.75	36.3502	184	184	0	0	0	2480.75
15610	A	A	2537.29	36.363	188	188	2537.29	0	0	0
15611	A	A	2564.08	36.3662	189	189	2564.08	0	0	0
15612	T	T	2522.47	36.3693	190	190	0	0	0	2522.47
15613	G	G	2714.36	36.3693	190	188	0	0	2714.36	0
15614	C	C	2615.33	36.3784	193	185	0	2615.33	0	0
15615	T	T	2552.45	36.3662	189	189	0	0	0	2552.45
15616	A	A	2633.18	36.3724	191	191	2633.18	0	0	0
15617	G	G	2609.41	36.3693	190	183	0	0	2609.41	0
15618	T	T	2601.71	36.3599	187	187	0	0	0	2601.71
15619	A	A	2589.7	36.3599	187	187	2589.7	0	0	0
15620	C	C	2618.8	36.3567	186	182	0	2618.8	0	0
15621	C	C	2629.47	36.3599	187	183	0	2629.47	0	0
15622	T	T	2628	36.3754	192	192	0	0	0	2628
15623	C	C	2769.16	36.3814	194	192	0	2769.16	0	0
15624	T	T	2629.48	36.3784	193	193	0	0	0	2629.48
15625	T	T	2602.42	36.6765	192	192	0	0	0	2602.42
15626	A	A	2652.02	36.6748	191	191	2652.02	0	0	0
15627	C	C	2723.36	36.6813	195	190	0	2723.36	0	0
15628	A	A	2709.33	36.6859	198	198	2709.33	0	0	0
15629	T	T	2729.96	36.6905	201	201	0	0	0	2729.96
15630	G	G	2792.57	36.6905	201	196	0	0	2792.57	0
15631	A	A	2708.84	36.689	200	200	2708.84	0	0	0
15632	G	G	2694.47	36.6844	197	190	0	0	2694.47	0
15633	C	C	2761.92	36.6813	195	192	0	2761.92	0	0
15634	G	G	2713.69	36.3814	194	190	0	0	2713.69	0
15635	T	T	2683.18	36.3784	193	193	0	0	0	2683.18
15636	C	C	2635.37	36.3693	190	184	0	2635.37	0	0
15637	A	A	2568.69	36.6765	192	192	2568.69	0	0	0
15638	A	A	2520.23	36.6715	189	189	2520.23	0	0	0
15639	A	A	2542.44	36.3534	185	185	2542.44	0	0	0
15640	G	G	2552.79	36.363	188	180	0	0	2552.79	0
15641	C	C	2609.53	36.3469	183	181	0	2609.53	0	0
15642	C	C	2605.45	36.3502	184	181	0	2605.45	0	0
15643	C	C	2580.69	36.3567	186	181	0	2580.69	0	0
15644	A	A	2625.89	36.3599	187	187	2625.89	0	0	0
15645	A	A	2655.49	36.3693	190	190	2655.49	0	0	0
15646	T	T	2560.79	36.3662	189	189	0	0	0	2560.79
15647	A	A	2640.98	36.3754	192	192	2640.98	0	0	0
15648	T	T	2699.38	36.3959	199	199	0	0	0	2699.38
15649	A	A	2666.27	36.3931	198	198	2666.27	0	0	0
15650	A	A	2633.31	36.3844	195	195	2633.31	0	0	0
15651	T	T	2643.81	36.3784	193	193	0	0	0	2643.81
15652	T	T	2630.76	36.3754	192	192	0	0	0	2630.76
15653	T	T	2668.14	36.3754	192	192	0	0	0	2668.14
15654	G	G	2675.65	36.3724	191	187	0	0	2675.65	0
15655	G	G	2679.16	36.3784	193	188	0	0	2679.16	0
15656	A	A	2651.02	36.3873	196	196	2651.02	0	0	0
15657	T	T	2660.24	36.3987	200	200	0	0	0	2660.24
15658	C	C	2792.46	36.3987	200	195	0	2792.46	0	0
15659	A	A	2747.37	36.3902	197	197	2747.37	0	0	0
15660	A	A	2766.47	36.4015	201	201	2766.47	0	0	0
15661	T	T	2676.6	36.3902	197	197	0	0	0	2676.6
15662	A	A	2715.42	36.3987	200	200	2715.42	0	0	0
15663	C	C	2706.48	36.3987	200	192	0	2706.48	0	0
15664	A	A	2694.92	36.3959	199	199	2694.92	0	0	0
15665	A	A	2672.83	36.6813	195	195	2672.83	0	0	0
15666	C	C	2716.94	36.6797	194	189	0	2716.94	0	0
15667	A	A	2593.26	36.6732	190	190	2593.26	0	0	0
15668	G	G	2568.24	36.6699	188	181	0	0	2568.24	0
15669	C	C	2580.38	36.6647	185	180	0	2580.38	0	0
15670	T	T	2607.36	36.6664	186	186	0	0	0	2607.36
15671	T	T	2572.48	37	184	184	0	0	0	2572.48
15672	A	A	2524.89	36.6629	184	184	2524.89	0	0	0
15673	C	C	2578.98	36.3534	185	180	0	2578.98	0	0
15674	A	A	2428.61	36.3368	180	180	2428.61	0	0	0
15675	G	G	2431.21	36.0444	181	172	0	0	2431.21	0
15676	C	C	2507.56	36.03	178	174	0	2507.56	0	0
15677	C	C	2556.28	36.0348	179	177	0	2556.28	0	0
15678	T	T	2461.22	36.03	178	178	0	0	0	2461.22
15679	G	G	2346.28	36.0201	176	167	0	0	2346.28	0
15680	C	C	2258.44	35.9893	170	160	0	2258.44	0	0
15681	T	T	2288.05	35.9839	169	169	0	0	0	2288.05
15682	T	T	2314.37	35.9945	171	171	0	0	0	2314.37
15683	A	A	2282.72	35.9785	168	168	2282.72	0	0	0
15684	T	T	2265.22	35.9564	164	164	0	0	0	2265.22
15685	C	C	2297.34	35.9564	164	160	0	2297.34	0	0
15686	A	A	2281.72	35.9731	167	167	2281.72	0	0	0
15687	G	G	2311.01	35.962	165	161	0	0	2311.01	0
15688	T	T	2287.61	35.9839	169	169	0	0	0	2287.61
15689	C	C	2355.66	35.9785	168	164	0	2355.66	0	0
15690	T	T	2286.59	35.9945	171	171	0	0	0	2286.59
15691	T	T	2305.82	35.9945	171	171	0	0	0	2305.82
15692	G	G	2460.37	36.0049	173	171	0	0	2460.37	0
15693	T	T	2344.12	36.01	174	174	0	0	0	2344.12
15694	C	C	2407.28	36.0397	180	171	0	2407.28	0	0
15695	A	A	2399.6	36.0251	177	177	2399.6	0	0	0
15696	G	G	2405.75	36.0348	179	170	0	0	2405.75	0
15697	T	T	2417.99	36.3299	178	178	0	0	0	2417.99
15698	T	T	2393.87	36.3156	174	174	0	0	0	2393.87
15699	T	T	2408.9	36.6443	174	174	0	0	0	2408.9
15700	A	A	2284.55	36.6384	171	171	2284.55	0	0	0
15701	A	A	2305.64	37	170	170	2305.64	0	0	0
15702	C	C	2355.48	37	170	165	0	2355.48	0	0
15703	A	A	2427.75	37	175	175	2427.75	0	0	0
15704	T	T	2329.14	37	174	174	0	0	0	2329.14
15705	A	A	2353.3	37	171	171	2353.3	0	0	0
15706	T	T	2337.61	37	174	174	0	0	0	2337.61
15707	C	C	2471.96	37	175	172	0	2471.96	0	0
15708	T	T	2455.81	37	180	180	0	0	0	2455.81
15709	C	C	2495.27	37	180	175	0	2495.27	0	0
15710	A	A	2425.37	37	177	177	2425.37	0	0	0
15711	A	A	2430.06	37	178	178	2430.06	0	0	0
15712	C	C	2461.86	37	174	171	0	2461.86	0	0
15713	C	C	2341.71	37	171	165	0	2341.71	0	0
15714	A	A	2322.21	37	171	171	2322.21	0	0	0
15715	G	G	2342.91	37	170	164	0	0	2342.91	0
15716	C	C	2483.63	37	174	172	0	2483.63	0	0
15717	T	T	2355.77	37	174	173	0	0	0	2355.77
15718	C	C	2251.8	37	170	160	0	2251.8	0	0
15719	A	A	2387.1	37	170	170	2387.1	0	0	0
15720	G	G	2389.18	37	174	168	0	0	2389.18	0
15721	T	T	2364.92	37	174	174	0	0	0	2364.92
15722	G	G	2441.84	37	176	171	0	0	2441.84	0
15723	A	A	2459.51	37	179	179	2459.51	0	0	0
15724	C	C	2477.49	37	180	174	0	2477.49	0	0
15725	A	A	2441.24	37	180	180	2441.24	0	0	0
15726	A	A	2390.58	37	178	178	2390.58	0	0	0
15727	T	T	2438.28	37	178	178	0	0	0	2438.28
15728	A	A	2342.68	37	176	176	2342.68	0	0	0
15729	G	G	2408.62	37	178	170	0	0	2408.62	0
15730	C	C	2417.1	37	172	168	0	2417.1	0	0
15731	C	C	2434.03	37	172	169	0	2434.03	0	0
15732	T	T	2297.71	37	164	164	0	0	0	2297.71
15733	A	A	2169.2	37	161	161	2169.2	0	0	0
15734	A	A	2209.92	37	162	162	2209.92	0	0	0
15735	A	A	2212.73	37	162	162	2212.73	0	0	0
15736	C	C	2189.34	37	158	154	0	2189.34	0	0
15737	T	T	2139.45	37	158	158	0	0	0	2139.45
15738	T	T	2186.4	37	162	162	0	0	0	2186.4
15739	C	C	2309.23	37	165	161	0	2309.23	0	0
15740	T	T	2212.2	37	161	161	0	0	0	2212.2
15741	C	C	2168.59	37	158	153	0	2168.59	0	0
15742	A	A	2255.45	37	163	163	2255.45	0	0	0
15743	T	T	2199.89	37	162	162	0	0	0	2199.89
15744	T	T	2253.39	37	167	166	0	0	0	2253.39
15745	G	G	2393.75	37	171	167	0	0	2393.75	0
15746	C	C	2308.02	37	167	162	0	2308.02	0	0
15747	T	T	2297.16	37	169	169	0	0	0	2297.16
15748	A	A	2381.45	37	172	172	2381.45	0	0	0
15749	T	T	2339.48	37	174	174	0	0	0	2339.48
15750	T	T	2374.95	37	175	175	0	0	0	2374.95
15751	C	C	2473.29	37	176	172	0	2473.29	0	0
15752	T	T	2367.78	37	175	175	0	0	0	2367.78
15753	T	T	2390.84	37	173	173	0	0	0	2390.84
15754	T	T	2433.13	37	176	176	0	0	0	2433.13
15755	A	A	2329.63	37	175	175	2329.63	0	0	0
15756	C	C	2496.15	37	175	173	0	2496.15	0	0
15757	C	C	2431.87	37	171	169	0	2431.87	0	0
15758	G	G	2342.92	37	167	163	0	0	2342.92	0
15759	A	A	2270.41	37	167	167	2270.41	0	0	0
15760	C	C	2298.58	37	167	162	0	2298.58	0	0
15761	T	T	2316.63	37	170	170	0	0	0	2316.63
15762	C	C	2388.4	37	166	165	0	2388.4	0	0
15763	C	C	2280.71	37	161	158	0	2280.71	0	0
15764	C	C	2272.23	37	163	159	0	2272.23	0	0
15765	T	T	2173.37	37	161	160	0	0	0	2173.37
15766	A	A	2200.23	37	159	159	2200.23	0	0	0
15767	T	T	2207.51	37	164	164	0	0	0	2207.51
15768	C	C	2282.69	36.6279	166	160	0	2282.69	0	0
15769	A	A	2283.6	36.6343	169	169	2283.6	0	0	0
15770	G	G	2336.94	36.6301	167	163	0	0	2336.94	0
15771	C	C	2374.09	36.6343	169	166	0	2374.09	0	0
15772	C	C	2340.9	36.6343	169	164	0	2340.9	0	0
15773	C	C	2386.54	36.2892	167	166	0	2386.54	0	0
15774	C	C	2282.8	35.9839	169	161	0	2282.8	0	0
15775	C	C	2369.93	35.9893	170	166	0	2369.93	0	0
15776	C	C	2406.87	36.0049	173	168	0	2406.87	0	0
15777	T	T	2336.5	36.0049	173	173	0	0	0	2336.5
15778	A	A	2340.39	35.9998	172	172	2340.39	0	0	0
15779	T	T	2355.75	36.01	174	174	0	0	0	2355.75
15780	T	T	2387.89	36.0201	176	176	0	0	0	2387.89
15781	A	A	2321.06	35.9945	171	171	2321.06	0	0	0
15782	G	G	2403.91	35.7309	175	169	0	0	2403.91	0
15783	T	T	2334.85	35.7117	172	172	0	0	0	2334.85
15784	C	C	2409.25	35.7117	172	168	0	2409.25	0	0
15785	C	C	2370.16	35.7052	171	166	0	2370.16	0	0
15786	T	T	2331.29	35.9945	171	171	0	0	0	2331.29
15787	C	C	2299.9	35.7052	171	163	0	2299.9	0	0
15788	A	A	2406.51	35.7182	173	173	2406.51	0	0	0
15789	C	C	2397.38	35.7433	177	169	0	2397.38	0	0
15790	A	A	2469.63	35.7433	177	177	2469.63	0	0	0
15791	A	A	2467.68	35.4931	179	179	2467.68	0	0	0
15792	C	C	2451.45	35.5072	181	173	0	2451.45	0	0
15793	A	A	2459.62	35.5072	181	181	2459.62	0	0	0
15794	T	T	2464.5	35.4931	179	179	0	0	0	2464.5
15795	G	G	2592.47	35.3003	186	181	0	0	2592.47	0
15796	A	A	2482.96	35.2695	182	182	2482.96	0	0	0
15797	C	C	2550.64	35.2616	181	178	0	2550.64	0	0
15798	T	T	2473.12	35.521	183	183	0	0	0	2473.12
15799	A	A	2509.29	35.521	183	183	2509.29	0	0	0
15800	C	C	2650.48	35.3079	187	184	0	2650.48	0	0
15801	T	T	2499.54	35.2851	184	184	0	0	0	2499.54
15802	A	A	2565.05	35.3079	187	187	2565.05	0	0	0
15803	C	C	2551.99	35.2927	185	179	0	2551.99	0	0
15804	C	C	2550.22	35.2927	185	179	0	2550.22	0	0
15805	C	C	2662.71	35.3227	189	185	0	2662.71	0	0
15806	C	C	2591.94	35.3079	187	181	0	2591.94	0	0
15807	T	T	2558.13	35.3003	186	186	0	0	0	2558.13
15808	A	A	2562.65	35.3153	188	188	2562.65	0	0	0
15809	A	A	2541.92	35.3003	186	186	2541.92	0	0	0
15810	T	T	2560.42	35.3079	187	187	0	0	0	2560.42
15811	G	G	2622.41	35.2851	184	182	0	0	2622.41	0
15812	C	C	2587.07	35.2695	182	180	0	2587.07	0	0
15813	T	T	2539.08	35.2927	185	185	0	0	0	2539.08
15814	A	A	2482.5	35.2927	185	184	2482.5	0	0	0
15815	A	A	2487.54	35.5072	181	181	2487.54	0	0	0
15816	T	T	2492.88	35.5346	185	185	0	0	0	2492.88
15817	G	G	2555.01	35.5346	185	179	0	0	2555.01	0
15818	G	G	2556.18	36.0584	184	179	0	0	2556.18	0
15819	C	C	2562.36	36.0538	183	179	0	2562.36	0	0
15820	G	G	2518.54	36.0444	181	176	0	0	2518.54	0
15821	A	A	2462.45	36.3435	182	182	2462.45	0	0	0
15822	G	G	2490.17	36.3435	182	175	0	0	2490.17	0
15823	T	T	2464.73	36.3534	185	185	0	0	0	2464.73
15824	C	C	2515.03	36.3534	185	178	0	2515.03	0	0
15825	A	A	2469.98	36.3402	181	181	2469.98	0	0	0
15826	A	A	2515.59	36.3534	185	185	2515.59	0	0	0
15827	T	T	2482.68	36.3469	183	183	0	0	0	2482.68
15828	T	T	2501.28	36.0675	186	186	0	0	0	2501.28
15829	T	T	2541.74	36.0809	189	189	0	0	0	2541.74
15830	C	C	2528.65	36.063	185	178	0	2528.65	0	0
15831	A	A	2497.11	36.0584	184	184	2497.11	0	0	0
15832	C	C	2565.76	36.0491	182	179	0	2565.76	0	0
15833	C	C	2569.69	36.0584	184	179	0	2569.69	0	0
15834	T	T	2521.09	36.0538	183	183	0	0	0	2521.09
15835	G	G	2537.8	36.0491	182	177	0	0	2537.8	0
15836	T	T	2468.68	36.0397	180	180	0	0	0	2468.68
15837	C	C	2579.45	36.0397	180	179	0	2579.45	0	0
15838	A	A	2411.28	36.0251	177	177	2411.28	0	0	0
15839	A	A	2402.45	36.0251	177	177	2402.45	0	0	0
15840	A	A	2359.94	36.0151	175	174	2359.94	0	0	0
15841	G	G	2499.44	36.0397	180	175	0	0	2499.44	0
15842	G	G	2488.21	36.0444	181	175	0	0	2488.21	0
15843	A	A	2457.98	36.0397	180	180	2457.98	0	0	0
15844	A	A	2397.34	36.312	173	173	2397.34	0	0	0
15845	A	A	2364.9	36.3083	172	172	2364.9	0	0	0
15846	C	C	2434.46	36.3156	174	170	0	2434.46	0	0
15847	T	T	2402.14	36.6404	172	172	0	0	0	2402.14
15848	C	C	2446.55	36.6443	174	170	0	2446.55	0	0
15849	T	T	2433.34	36.6594	182	182	0	0	0	2433.34
15850	G	G	2544.85	36.6612	183	178	0	0	2544.85	0
15851	A	A	2528.89	36.6594	182	182	2528.89	0	0	0
15852	C	C	2539.33	36.6576	181	177	0	2539.33	0	0
15853	C	C	2467.28	36.6557	180	174	0	2467.28	0	0
15854	C	C	2613.33	36.6664	186	182	0	2613.33	0	0
15855	G	G	2643.8	36.6699	188	184	0	0	2643.8	0
15856	A	A	2637.86	36.6699	188	188	2637.86	0	0	0
15857	A	A	2656.07	36.6664	186	186	2656.07	0	0	0
15858	A	A	2637.61	36.6664	186	186	2637.61	0	0	0
15859	G	G	2603.99	36.6715	189	183	0	0	2603.99	0
15860	A	A	2720.59	36.6828	196	196	2720.59	0	0	0
15861	A	A	2801.97	36.6949	204	203	2801.97	0	0	0
15862	A	A	2850.51	36.7019	209	209	2850.51	0	0	0
15863	T	T	2772.38	36.6991	207	207	0	0	0	2772.38
15864	T	T	2722.98	36.6949	204	204	0	0	0	2722.98
15865	A	A	2835.41	36.6991	207	207	2835.41	0	0	0
15866	T	T	2854.85	36.7046	211	211	0	0	0	2854.85
15867	A	A	2893.6	36.7046	211	211	2893.6	0	0	0
15868	C	C	2994.17	36.706	212	209	0	2994.17	0	0
15869	A	A	2853.65	36.7005	208	208	2853.65	0	0	0
15870	T	T	2824.37	36.6949	204	204	0	0	0	2824.37
15871	C	C	2921.39	36.6949	204	202	0	2921.39	0	0
15872	A	A	2754.96	36.6905	201	201	2754.96	0	0	0
15873	C	C	2810.07	36.689	200	196	0	2810.07	0	0
15874	C	C	2859.97	37	202	199	0	2859.97	0	0
15875	A	A	2802.72	37	204	204	2802.72	0	0	0
15876	T	T	2771.19	37	202	202	0	0	0	2771.19
15877	A	A	2801.37	37	203	203	2801.37	0	0	0
15878	C	C	2786.42	37	205	196	0	2786.42	0	0
15879	T	T	2828.71	37	206	206	0	0	0	2828.71
15880	A	A	2828.06	37	208	208	2828.06	0	0	0
15881	G	G	2952.79	37	208	205	0	0	2952.79	0
15882	T	T	2792.85	37	203	203	0	0	0	2792.85
15883	C	C	2879.43	37	204	200	0	2879.43	0	0
15884	C	C	2819.6	37	202	197	0	2819.6	0	0
15885	T	T	2769.22	37	198	198	0	0	0	2769.22
15886	T	T	2783.13	37	199	199	0	0	0	2783.13
15887	C	C	2828.8	37	200	196	0	2828.8	0	0
15888	T	T	2699.96	37	196	196	0	0	0	2699.96
15889	A	A	2692.69	37	198	198	2692.69	0	0	0
15890	C	C	2772.34	37	196	193	0	2772.34	0	0
15891	A	A	2646.04	37	197	197	2646.04	0	0	0
15892	A	A	2648.7	37	195	195	2648.7	0	0	0
15893	C	C	2688.84	37	190	187	0	2688.84	0	0
15894	T	T	2646.76	37	194	194	0	0	0	2646.76
15895	A	A	2684.07	37	194	194	2684.07	0	0	0
15896	T	T	2654.96	37	197	197	0	0	0	2654.96
15897	T	T	2716.14	37	203	203	0	0	0	2716.14
15898	C	C	2809.93	37	200	196	0	2809.93	0	0
15899	C	C	2819.69	37	199	196	0	2819.69	0	0
15900	T	T	2710.06	37	199	199	0	0	0	2710.06
15901	G	G	2707.25	36.6859	198	191	0	0	2707.25	0
15902	A	A	2723	36.6844	197	197	2723	0	0	0
15903	T	T	2707.76	36.6875	199	199	0	0	0	2707.76
15904	C	C	2688.05	36.689	200	190	0	2688.05	0	0
15905	A	A	2669.19	36.6813	195	195	2669.19	0	0	0
15906	T	T	2707.35	36.6828	196	196	0	0	0	2707.35
15907	A	A	2645.68	36.6844	197	197	2645.68	0	0	0
15908	A	A	2611.26	36.6797	194	194	2611.26	0	0	0
15909	C	C	2796.18	36.6828	196	194	0	2796.18	0	0
15910	C	C	2739.25	36.6781	193	190	0	2739.25	0	0
15911	T	T	2610.23	36.6765	192	192	0	0	0	2610.23
15912	T	T	2587.51	36.6715	189	189	0	0	0	2587.51
15913	T	T	2579.6	36.6682	187	187	0	0	0	2579.6
15914	T	T	2592.11	36.6664	186	186	0	0	0	2592.11
15915	C	C	2574.1	36.6748	191	183	0	2574.1	0	0
15916	T	T	2608.6	36.6797	194	193	0	0	0	2608.6
15917	G	G	2738.25	36.6781	193	190	0	0	2738.25	0
15918	C	C	2726.23	36.6828	196	191	0	2726.23	0	0
15919	T	T	2636.07	36.6844	197	197	0	0	0	2636.07
15920	A	A	2675.93	36.6813	195	195	2675.93	0	0	0
15921	T	T	2669.09	36.6797	194	194	0	0	0	2669.09
15922	A	A	2641.16	36.6765	192	192	2641.16	0	0	0
15923	G	G	2711.76	36.6781	193	189	0	0	2711.76	0
15924	A	A	2611.71	36.6748	191	191	2611.71	0	0	0
15925	G	G	2641	36.6765	192	186	0	0	2641	0
15926	C	C	2658.44	36.6732	190	186	0	2658.44	0	0
15927	T	T	2620.75	36.6715	189	189	0	0	0	2620.75
15928	A	A	2593.52	37	190	190	2593.52	0	0	0
15929	A	A	2636.36	37	194	194	2636.36	0	0	0
15930	T	T	2638.96	36.6781	193	193	0	0	0	2638.96
15931	C	C	2629.55	36.6765	192	185	0	2629.55	0	0
15932	C	C	2660.37	36.6781	193	187	0	2660.37	0	0
15933	T	T	2613.05	36.6781	193	193	0	0	0	2613.05
15934	A	A	2627.49	36.6732	190	190	2627.49	0	0	0
15935	T	T	2614.36	36.6715	189	189	0	0	0	2614.36
15936	T	T	2640.33	36.6797	194	194	0	0	0	2640.33
15937	C	C	2653.29	36.6813	195	187	0	2653.29	0	0
15938	T	T	2688.53	36.689	200	200	0	0	0	2688.53
15939	A	A	2641.12	36.6859	198	197	2641.12	0	0	0
15940	T	T	2614.27	36.6813	195	195	0	0	0	2614.27
15941	A	A	2656.3	36.6844	197	197	2656.3	0	0	0
15942	T	T	2661	36.6844	197	197	0	0	0	2661
15943	C	C	2741.09	36.6828	196	191	0	2741.09	0	0
15944	T	T	2677.92	36.689	200	200	0	0	0	2677.92
15945	T	T	2673.51	36.6859	198	198	0	0	0	2673.51
15946	G	G	2677.47	36.6813	195	188	0	0	2677.47	0
15947	T	T	2621.47	36.6813	195	195	0	0	0	2621.47
15948	T	T	2629.99	36.6797	194	194	0	0	0	2629.99
15949	C	C	2780.06	36.6813	195	193	0	2780.06	0	0
15950	G	G	2667.59	36.6875	199	189	0	0	2667.59	0
15951	A	A	2691.6	36.6844	197	197	2691.6	0	0	0
15952	A	A	2700.9	36.6828	196	196	2700.9	0	0	0
15953	G	G	2737.97	36.6813	195	191	0	0	2737.97	0
15954	C	C	2659.62	36.6748	191	186	0	2659.62	0	0
15955	C	C	2664.19	36.6748	191	186	0	2664.19	0	0
15956	A	A	2752.51	36.6844	197	197	2752.51	0	0	0
15957	C	C	2771.63	36.6859	198	193	0	2771.63	0	0
15958	C	C	2792.36	36.3931	198	194	0	2792.36	0	0
15959	C	C	2713.72	36.407	203	193	0	2713.72	0	0
15960	T	T	2731.07	36.407	203	203	0	0	0	2731.07
15961	A	A	2781.89	36.4124	205	205	2781.89	0	0	0
15962	G	G	2802.05	36.4151	206	198	0	0	2802.05	0
15963	T	T	2771.1	36.4043	202	202	0	0	0	2771.1
15964	A	A	2711.09	36.4015	201	201	2711.09	0	0	0
15965	C	C	2805.42	36.3844	195	194	0	2805.42	0	0
15966	C	C	2730.07	36.1187	198	191	0	2730.07	0	0
15967	C	C	2743.12	35.8504	196	191	0	2743.12	0	0
15968	A	A	2698.6	35.8504	196	196	2698.6	0	0	0
15969	C	C	2720.92	35.3657	195	190	0	2720.92	0	0
15970	T	T	2686.6	35.3657	195	195	0	0	0	2686.6
15971	C	C	2736.33	35.3657	195	191	0	2736.33	0	0
15972	T	T	2670.41	35.3445	192	192	0	0	0	2670.41
15973	G	G	2743.97	35.3657	195	191	0	0	2743.97	0
15974	G	G	2703.76	35.3657	195	189	0	0	2703.76	0
15975	T	T	2648.08	35.3445	192	192	0	0	0	2648.08
15976	T	T	2628.4	35.3373	191	191	0	0	0	2628.4
15977	A	A	2531.9	35.33	190	190	2531.9	0	0	0
15978	T	T	2649.15	35.3587	194	194	0	0	0	2649.15
15979	T	T	2601.25	35.3227	189	189	0	0	0	2601.25
15980	A	A	2477.09	35.2927	185	185	2477.09	0	0	0
15981	T	T	2492.26	35.5142	182	182	0	0	0	2492.26
15982	C	C	2542.33	35.5142	182	177	0	2542.33	0	0
15983	A	A	2494.59	35.0636	185	185	2494.59	0	0	0
15984	C	C	2576.08	35.0551	184	180	0	2576.08	0	0
15985	T	T	2487.95	35.0636	185	185	0	0	0	2487.95
15986	C	C	2513.62	35.0379	182	176	0	2513.62	0	0
15987	G	G	2371.23	34.9844	176	168	0	0	2371.23	0
15988	A	A	2423.79	35.0115	179	179	2423.79	0	0	0
15989	T	T	2431.4	34.9936	177	177	0	0	0	2431.4
15990	G	G	2396.6	34.9844	176	168	0	0	2396.6	0
15991	A	A	2380.56	35.2294	177	177	2380.56	0	0	0
15992	G	G	2528.4	35.4931	179	176	0	0	2528.4	0
15993	G	G	2534.7	35.486	178	176	0	0	2534.7	0
15994	A	A	2432.03	35.4931	179	179	2432.03	0	0	0
15995	A	A	2452.92	35.5072	181	181	2452.92	0	0	0
15996	A	A	2401.71	35.7433	177	177	2401.71	0	0	0
15997	T	T	2427.97	35.7495	178	178	0	0	0	2427.97
15998	C	C	2381.69	35.7309	175	168	0	2381.69	0	0
15999	A	A	2423.53	35.7433	177	177	2423.53	0	0	0
16000	A	A	2444.1	35.7495	178	178	2444.1	0	0	0
16001	A	A	2449.32	36.01	174	174	2449.32	0	0	0
16002	C	C	2449.08	36.0151	175	171	0	2449.08	0	0
16003	A	A	2388.24	35.9998	172	172	2388.24	0	0	0
16004	G	G	2449.69	35.9998	172	170	0	0	2449.69	0
16005	A	A	2288.09	35.9998	172	172	2288.09	0	0	0
16006	A	A	2257.93	35.9945	171	171	2257.93	0	0	0
16007	C	C	2425.22	35.9945	171	168	0	2425.22	0	0
16008	G	G	2246.77	35.9785	168	160	0	0	2246.77	0
16009	A	A	2261.52	36.2931	168	168	2261.52	0	0	0
16010	C	C	2218.5	36.2852	166	157	0	2218.5	0	0
16011	T	T	2231.95	36.2892	167	167	0	0	0	2231.95
16012	A	A	2214.71	36.6301	167	167	2214.71	0	0	0
16013	A	A	2202.69	36.6258	165	165	2202.69	0	0	0
16014	A	A	2157.61	36.6146	160	160	2157.61	0	0	0
16015	C	C	2232.89	36.6099	158	155	0	2232.89	0	0
16016	G	G	2206.89	36.6146	160	155	0	0	2206.89	0
16017	C	C	2124.62	36.6099	158	151	0	2124.62	0	0
16018	G	G	2219.62	36.6099	158	155	0	0	2219.62	0
16019	G	G	2142.62	36.6123	159	152	0	0	2142.62	0
16020	G	G	2172.88	36.6191	162	154	0	0	2172.88	0
16021	C	C	2333.75	36.2892	167	163	0	2333.75	0	0
16022	C	C	2261.75	36.6169	161	158	0	2261.75	0	0
16023	T	T	2200.87	36.2772	164	164	0	0	0	2200.87
16024	T	T	2242.13	36.2852	166	166	0	0	0	2242.13
16025	T	T	2285.82	36.3008	170	170	0	0	0	2285.82
16026	A	A	2292.35	36.2969	169	169	2292.35	0	0	0
16027	C	C	2264.7	35.9676	166	159	0	2264.7	0	0
16028	T	T	2309.43	35.9945	171	171	0	0	0	2309.43
16029	T	T	2303.8	35.9998	172	172	0	0	0	2303.8
16030	T	T	2331.24	35.9998	172	172	0	0	0	2331.24
16031	C	C	2405.36	36.01	174	169	0	2405.36	0	0
16032	T	T	2381.19	36.03	178	178	0	0	0	2381.19
16033	G	G	2425.59	36.0151	175	170	0	0	2425.59	0
16034	T	T	2400.79	36.0251	177	177	0	0	0	2400.79
16035	T	T	2386.8	36.0251	177	177	0	0	0	2386.8
16036	T	T	2351.09	36.0201	176	176	0	0	0	2351.09
16037	T	T	2385.68	36.03	178	178	0	0	0	2385.68
16038	A	A	2390.31	36.0049	173	173	2390.31	0	0	0
16039	T	T	2352.11	36.0151	175	175	0	0	0	2352.11
16040	A	A	2396.26	36.0049	173	173	2396.26	0	0	0
16041	C	C	2424.76	35.9998	172	169	0	2424.76	0	0
16042	T	T	2403.72	36.0151	175	175	0	0	0	2403.72
16043	C	C	2444.86	36.0251	177	171	0	2444.86	0	0
16044	T	T	2434.08	36.0444	181	181	0	0	0	2434.08
16045	A	A	2505.17	36.0538	183	183	2505.17	0	0	0
16046	G	G	2555.06	36.0809	189	180	0	0	2555.06	0
16047	T	T	2549.35	36.0852	190	190	0	0	0	2549.35
16048	A	A	2502.79	36.0765	188	188	2502.79	0	0	0
16049	G	G	2517.49	36.3567	186	178	0	0	2517.49	0
16050	G	G	2566.9	36.3502	184	179	0	0	2566.9	0
16051	G	G	2546.58	36.6647	185	180	0	0	2546.58	0
16052	T	T	2497.33	36.6629	184	184	0	0	0	2497.33
16053	C	C	2527.46	36.6539	179	176	0	2527.46	0	0
16054	T	T	2444.92	36.652	178	178	0	0	0	2444.92
16055	C	C	2460.42	36.3334	179	172	0	2460.42	0	0
16056	T	T	2443.88	36.3264	177	177	0	0	0	2443.88
16057	A	A	2504.34	36.3264	177	177	2504.34	0	0	0
16058	C	C	2460.35	36.3299	178	172	0	2460.35	0	0
16059	C	C	2536.87	36.3435	182	177	0	2536.87	0	0
16060	A	A	2550.26	36.3469	183	183	2550.26	0	0	0
16061	T	T	2532.56	36.3469	183	183	0	0	0	2532.56
16062	T	T	2549.56	36.3534	185	185	0	0	0	2549.56
16063	A	A	2572.94	36.3693	190	190	2572.94	0	0	0
16064	C	C	2749.62	36.3873	196	192	0	2749.62	0	0
16065	T	T	2627.94	36.3902	197	197	0	0	0	2627.94
16066	A	A	2664.04	36.3844	195	195	2664.04	0	0	0
16067	G	G	2698.55	36.3784	193	188	0	0	2698.55	0
16068	T	T	2587.16	36.6765	192	192	0	0	0	2587.16
16069	T	T	2616.91	36.6765	192	192	0	0	0	2616.91
16070	G	G	2774.83	36.6781	193	192	0	0	2774.83	0
16071	C	C	2726.35	36.6797	194	190	0	2726.35	0	0
16072	A	A	2622.23	36.6813	195	194	2622.23	0	0	0
16073	C	C	2719.25	36.6765	192	189	0	2719.25	0	0
16074	T	T	2624.77	36.6797	194	194	0	0	0	2624.77
16075	G	G	2621.07	36.6748	191	184	0	0	2621.07	0
16076	C	C	2562.13	36.6732	190	181	0	2562.13	0	0
16077	T	T	2593.75	36.6715	189	188	0	0	0	2593.75
16078	A	A	2545.04	36.6664	186	186	2545.04	0	0	0
16079	C	C	2532.1	36.6664	186	179	0	2532.1	0	0
16080	A	A	2504.65	36.6629	184	184	2504.65	0	0	0
16081	C	C	2554.37	36.6594	182	178	0	2554.37	0	0
16082	A	A	2502.09	36.6629	184	184	2502.09	0	0	0
16083	C	C	2551.17	36.6594	182	178	0	2551.17	0	0
16084	C	C	2465.09	36.652	178	172	0	2465.09	0	0
16085	C	C	2530.91	36.6557	180	176	0	2530.91	0	0
16086	A	A	2479.17	36.6576	181	181	2479.17	0	0	0
16087	A	A	2486.53	36.6647	185	185	2486.53	0	0	0
16088	A	A	2547.24	36.6682	187	187	2547.24	0	0	0
16089	A	A	2550.59	36.6699	188	188	2550.59	0	0	0
16090	T	T	2502.43	36.6699	188	188	0	0	0	2502.43
16091	A	A	2597.6	36.6765	192	192	2597.6	0	0	0
16092	A	A	2624.03	37	191	191	2624.03	0	0	0
16093	T	T	2589.11	37	193	193	0	0	0	2589.11
16094	C	C	2567.35	37	188	181	0	2567.35	0	0
16095	T	T	2519.97	37	185	185	0	0	0	2519.97
16096	A	A	2478.37	37	185	185	2478.37	0	0	0
16097	G	G	2586.62	37	185	181	0	0	2586.62	0
16098	G	G	2549.46	37	183	178	0	0	2549.46	0
16099	C	C	2505.33	37	174	173	0	2505.33	0	0
16100	T	T	2411.34	37	174	174	0	0	0	2411.34
16101	C	C	2514.51	37	176	174	0	2514.51	0	0
16102	C	C	2502.14	36.6576	181	175	0	2502.14	0	0
16103	C	C	2537.37	36.6594	182	177	0	2537.37	0	0
16104	T	T	2412.47	36.6482	176	176	0	0	0	2412.47
16105	A	A	2438.21	36.6501	177	177	2438.21	0	0	0
16106	A	A	2470.04	36.6501	177	177	2470.04	0	0	0
16107	A	A	2457.95	36.6501	177	177	2457.95	0	0	0
16108	T	T	2459.88	36.6539	179	179	0	0	0	2459.88
16109	T	T	2496.64	36.6682	187	187	0	0	0	2496.64
16110	T	T	2509.33	36.6682	187	187	0	0	0	2509.33
16111	T	T	2549.38	36.6682	187	187	0	0	0	2549.38
16112	C	C	2551.36	36.6612	183	178	0	2551.36	0	0
16113	T	T	2529.04	36.6664	186	186	0	0	0	2529.04
16114	C	C	2505.37	36.6576	181	175	0	2505.37	0	0
16115	T	T	2459.38	36.6539	179	179	0	0	0	2459.38
16116	T	T	2429.83	36.6539	179	179	0	0	0	2429.83
16117	A	A	2346.85	36.6501	177	177	2346.85	0	0	0
16118	A	A	2303.88	36.6404	172	172	2303.88	0	0	0
16119	T	T	2306.4	36.6343	169	169	0	0	0	2306.4
16120	A	A	2269.41	36.6322	168	168	2269.41	0	0	0
16121	C	C	2371.97	36.6236	164	164	0	2371.97	0	0
16122	A	A	2301.84	36.6301	167	167	2301.84	0	0	0
16123	A	A	2300.31	36.6258	165	165	2300.31	0	0	0
16124	T	T	2283.39	36.6363	170	170	0	0	0	2283.39
16125	A	A	2388.39	36.6404	172	172	2388.39	0	0	0
16126	C	C	2389.4	36.6384	171	167	0	2389.4	0	0
16127	T	T	2340.67	36.6404	172	172	0	0	0	2340.67
16128	G	G	2436.8	36.3192	175	170	0	0	2436.8	0
16129	A	A	2483.4	36.6576	181	181	2483.4	0	0	0
16130	A	A	2460.64	36.3334	179	179	2460.64	0	0	0
16131	C	C	2453.96	36.3192	175	171	0	2453.96	0	0
16132	C	C	2368.99	36.0151	175	167	0	2368.99	0	0
16133	C	C	2463.5	36.0201	176	172	0	2463.5	0	0
16134	A	A	2466.96	36.0491	182	182	2466.96	0	0	0
16135	A	A	2443.79	36.0348	179	179	2443.79	0	0	0
16136	C	C	2534.17	36.0444	181	177	0	2534.17	0	0
16137	C	C	2518.48	36.0538	183	177	0	2518.48	0	0
16138	T	T	2451.22	36.0491	182	182	0	0	0	2451.22
16139	C	C	2496.6	36.0397	180	175	0	2496.6	0	0
16140	T	T	2444.21	36.0348	179	179	0	0	0	2444.21
16141	G	G	2415.21	36.0151	175	169	0	0	2415.21	0
16142	C	C	2502.86	36.0251	177	174	0	2502.86	0	0
16143	C	C	2431.41	35.9945	171	169	0	2431.41	0	0
16144	A	A	2421.58	36.01	174	174	2421.58	0	0	0
16145	A	A	2414.81	36.01	174	174	2414.81	0	0	0
16146	A	A	2449.34	35.7371	176	176	2449.34	0	0	0
16147	T	T	2374.73	35.7117	172	172	0	0	0	2374.73
16148	T	T	2388.58	35.7371	176	176	0	0	0	2388.58
16149	C	C	2583.01	35.7675	181	179	0	2583.01	0	0
16150	C	C	2463.94	35.7734	182	174	0	2463.94	0	0
16151	T	T	2503.54	35.785	184	184	0	0	0	2503.54
16152	G	G	2484.64	35.7675	181	174	0	0	2484.64	0
16153	A	A	2482.32	35.7734	182	182	2482.32	0	0	0
16154	T	T	2516.11	35.7675	181	181	0	0	0	2516.11
16155	C	C	2539.18	35.7555	179	176	0	2539.18	0	0
16156	T	T	2504.37	35.7555	179	179	0	0	0	2504.37
16157	A	A	2312.26	36.312	173	173	2312.26	0	0	0
16158	G	G	2433.5	36.3192	175	170	0	0	2433.5	0
16159	C	C	2387.5	36.3228	176	168	0	2387.5	0	0
16160	A	A	2351.54	36.312	173	173	2351.54	0	0	0
16161	T	T	2344.31	36.3156	174	174	0	0	0	2344.31
16162	A	A	2361.54	36.3156	174	174	2361.54	0	0	0
16163	T	T	2368.65	36.3264	177	177	0	0	0	2368.65
16164	T	T	2331.43	36.312	173	173	0	0	0	2331.43
16165	T	T	2319.97	36.2931	168	168	0	0	0	2319.97
16166	C	C	2422.42	36.3008	170	168	0	2422.42	0	0
16167	T	T	2320.46	36.2931	168	168	0	0	0	2320.46
16168	G	G	2372.63	36.3008	170	166	0	0	2372.63	0
16169	T	T	2326.61	36.3045	171	171	0	0	0	2326.61
16170	G	G	2428.4	36.3192	175	170	0	0	2428.4	0
16171	A	A	2435.58	36.3264	177	177	2435.58	0	0	0
16172	C	C	2481.55	36.3368	180	174	0	2481.55	0	0
16173	T	T	2398.97	36.6647	185	185	0	0	0	2398.97
16174	A	A	2677	37	192	192	2677	0	0	0
16175	G	G	2710.09	37	191	188	0	0	2710.09	0
16176	C	C	2656.78	37	191	186	0	2656.78	0	0
16177	G	G	2694.45	37	192	188	0	0	2694.45	0
16178	T	T	2629.94	37	192	192	0	0	0	2629.94
16179	G	G	2765.09	37	193	191	0	0	2765.09	0
16180	T	T	2718.7	37	196	196	0	0	0	2718.7
16181	A	A	2684.73	37	194	194	2684.73	0	0	0
16182	T	T	2686.55	37	193	193	0	0	0	2686.55
16183	A	A	2638.77	37	193	193	2638.77	0	0	0
16184	A	A	2640.02	37	194	194	2640.02	0	0	0
16185	T	T	2683.91	37	194	194	0	0	0	2683.91
16186	G	G	2699.14	37	196	189	0	0	2699.14	0
16187	G	G	2617.44	37	192	184	0	0	2617.44	0
16188	C	C	2729.79	37	191	189	0	2729.79	0	0
16189	A	A	2631.86	37	192	192	2631.86	0	0	0
16190	T	T	2665.21	37	192	192	0	0	0	2665.21
16191	T	T	2703.44	37	193	193	0	0	0	2703.44
16192	T	T	2661.31	37	194	194	0	0	0	2661.31
16193	A	A	2700.98	37	196	196	2700.98	0	0	0
16194	T	T	2629.66	37	194	194	0	0	0	2629.66
16195	G	G	2831.06	37	200	197	0	0	2831.06	0
16196	G	G	2890.1	37	203	201	0	0	2890.1	0
16197	T	T	2704.9	37	201	201	0	0	0	2704.9
16198	A	A	2759.02	37	201	201	2759.02	0	0	0
16199	A	A	2748.38	37	201	201	2748.38	0	0	0
16200	A	A	2718.5	37	201	201	2718.5	0	0	0
16201	A	A	2750.97	37	204	204	2750.97	0	0	0
16202	A	A	2708.7	37	203	203	2708.7	0	0	0
16203	T	T	2784.89	37	205	205	0	0	0	2784.89
16204	A	A	2768.63	37	204	204	2768.63	0	0	0
16205	C	C	2716.93	37	198	191	0	2716.93	0	0
16206	C	C	2800.85	37	197	195	0	2800.85	0	0
16207	T	T	2678.53	37	198	198	0	0	0	2678.53
16208	C	C	2784.82	37	200	195	0	2784.82	0	0
16209	T	T	2748.23	37	198	198	0	0	0	2748.23
16210	A	A	2729.77	37	195	195	2729.77	0	0	0
16211	T	T	2754.27	37	199	199	0	0	0	2754.27
16212	A	A	2783.14	37	203	203	2783.14	0	0	0
16213	C	C	2821.99	37	199	196	0	2821.99	0	0
16214	G	G	2712.08	37	199	192	0	0	2712.08	0
16215	G	G	2737.11	37	202	193	0	0	2737.11	0
16216	T	T	2798.37	37	203	203	0	0	0	2798.37
16217	C	C	2777.01	37	199	194	0	2777.01	0	0
16218	T	T	2762.57	37	200	200	0	0	0	2762.57
16219	T	T	2685.71	37	198	198	0	0	0	2685.71
16220	C	C	2668.94	36.6781	193	187	0	2668.94	0	0
16221	A	A	2667.52	36.6765	192	192	2667.52	0	0	0
16222	C	C	2711.17	36.6797	194	189	0	2711.17	0	0
16223	C	C	2794.88	36.6828	196	194	0	2794.88	0	0
16224	T	T	2654.05	36.6813	195	195	0	0	0	2654.05
16225	G	G	2774.67	36.689	200	194	0	0	2774.67	0
16226	T	T	2740.27	36.6949	204	204	0	0	0	2740.27
16227	G	G	2874.78	36.6934	203	200	0	0	2874.78	0
16228	A	A	2800.59	36.6905	201	201	2800.59	0	0	0
16229	T	T	2821.5	36.7005	208	208	0	0	0	2821.5
16230	T	T	2833.69	36.7005	208	207	0	0	0	2833.69
16231	A	A	2809.93	36.6991	207	207	2809.93	0	0	0
16232	C	C	2853.08	36.6919	202	198	0	2853.08	0	0
16233	C	C	2860.47	36.6949	204	200	0	2860.47	0	0
16234	A	A	2712.66	36.6875	199	199	2712.66	0	0	0
16235	A	A	2780.05	36.6949	204	204	2780.05	0	0	0
16236	A	A	2690.82	36.6859	198	198	2690.82	0	0	0
16237	A	A	2689.7	36.6859	198	198	2689.7	0	0	0
16238	G	G	2733.07	36.689	200	192	0	0	2733.07	0
16239	C	C	2780.3	36.6859	198	194	0	2780.3	0	0
16240	A	A	2609.34	36.6828	196	196	2609.34	0	0	0
16241	C	C	2707.84	36.6748	191	188	0	2707.84	0	0
16242	A	A	2558.91	37	188	188	2558.91	0	0	0
16243	C	C	2645.62	37	186	183	0	2645.62	0	0
16244	G	G	2595.77	37	190	183	0	0	2595.77	0
16245	T	T	2546.74	37	187	187	0	0	0	2546.74
16246	A	A	2584.25	37	187	187	2584.25	0	0	0
16247	G	G	2635.02	37	187	183	0	0	2635.02	0
16248	A	A	2636.14	37	190	190	2636.14	0	0	0
16249	G	G	2627.69	37	188	184	0	0	2627.69	0
16250	G	G	2682.67	37	192	188	0	0	2682.67	0
16251	C	C	2695.8	37	190	187	0	2695.8	0	0
16252	A	A	2641.7	37	192	192	2641.7	0	0	0
16253	C	C	2691.6	37	195	188	0	2691.6	0	0
16254	C	C	2607.45	37	193	184	0	2607.45	0	0
16255	T	T	2626.45	37	194	194	0	0	0	2626.45
16256	A	A	2650.58	37	195	195	2650.58	0	0	0
16257	T	T	2693.23	37	200	200	0	0	0	2693.23
16258	T	T	2671.24	37	198	198	0	0	0	2671.24
16259	G	G	2652.84	37	193	186	0	0	2652.84	0
16260	C	C	2839.24	37	199	197	0	2839.24	0	0
16261	A	A	2707.57	37	197	197	2707.57	0	0	0
16262	G	G	2800.81	37	198	195	0	0	2800.81	0
16263	G	G	2786.79	37	197	194	0	0	2786.79	0
16264	A	A	2729.83	37	195	195	2729.83	0	0	0
16265	T	T	2689.05	37	196	196	0	0	0	2689.05
16266	C	C	2682.22	37	198	189	0	2682.22	0	0
16267	C	C	2778.99	37	195	193	0	2778.99	0	0
16268	A	A	2696.65	37	196	196	2696.65	0	0	0
16269	T	T	2740.54	37	196	196	0	0	0	2740.54
16270	A	A	2627.67	37	196	196	2627.67	0	0	0
16271	G	G	2664.83	37	197	189	0	0	2664.83	0
16272	T	T	2731.17	37	199	199	0	0	0	2731.17
16273	A	A	2579.51	37	195	195	2579.51	0	0	0
16274	C	C	2608.51	37	189	183	0	2608.51	0	0
16275	T	T	2572.75	37	187	187	0	0	0	2572.75
16276	T	T	2532.67	37	184	184	0	0	0	2532.67
16277	G	G	2557.28	37	181	178	0	0	2557.28	0
16278	C	C	2525.03	37	182	177	0	2525.03	0	0
16279	T	T	2497.72	37	182	182	0	0	0	2497.72
16280	G	G	2584.5	37	185	180	0	0	2584.5	0
16281	C	C	2567.41	37	186	180	0	2567.41	0	0
16282	C	C	2563.42	36.3502	184	179	0	2563.42	0	0
16283	G	G	2552.89	36.3435	182	178	0	0	2552.89	0
16284	T	T	2526.05	36.3599	187	187	0	0	0	2526.05
16285	A	A	2562.84	36.3599	187	187	2562.84	0	0	0
16286	C	C	2476.89	36.3534	185	176	0	2476.89	0	0
16287	T	T	2477.27	36.3435	182	182	0	0	0	2477.27
16288	C	C	2615.39	36.3435	182	181	0	2615.39	0	0
16289	C	C	2586.69	36.3502	184	180	0	2586.69	0	0
16290	T	T	2527.14	36.3402	181	181	0	0	0	2527.14
16291	A	A	2437.7	36.3334	179	179	2437.7	0	0	0
16292	A	A	2485.98	36.3402	181	181	2485.98	0	0	0
16293	A	A	2480.92	36.3402	181	181	2480.92	0	0	0
16294	A	A	2437.77	36.3264	177	177	2437.77	0	0	0
16295	C	C	2494.75	36.3228	176	173	0	2494.75	0	0
16296	T	T	2445.73	36.3368	180	180	0	0	0	2445.73
16297	A	A	2434.21	36.3435	182	182	2434.21	0	0	0
16298	G	G	2481.68	36.3469	183	176	0	0	2481.68	0
16299	G	G	2507.48	36.6557	180	176	0	0	2507.48	0
16300	A	A	2485.99	36.6594	182	182	2485.99	0	0	0
16301	G	G	2523.62	36.6539	179	176	0	0	2523.62	0
16302	G	G	2585.55	36.6576	181	179	0	0	2585.55	0
16303	C	C	2548.53	36.6664	186	179	0	2548.53	0	0
16304	T	T	2499.4	36.6647	185	185	0	0	0	2499.4
16305	A	A	2534.06	36.6664	186	186	2534.06	0	0	0
16306	T	T	2501.11	37	185	185	0	0	0	2501.11
16307	G	G	2517.27	37	183	177	0	0	2517.27	0
16308	G	G	2443.61	37	180	172	0	0	2443.61	0
16309	C	C	2439.35	37	178	171	0	2439.35	0	0
16310	A	A	2461.86	37	183	183	2461.86	0	0	0
16311	T	T	2502	37	183	183	0	0	0	2502
16312	G	G	2522.29	37	184	177	0	0	2522.29	0
16313	A	A	2513.39	37	187	187	2513.39	0	0	0
16314	T	T	2493.01	37	184	184	0	0	0	2493.01
16315	A	A	2531.35	37	183	183	2531.35	0	0	0
16316	C	C	2565.62	37	185	180	0	2565.62	0	0
16317	G	G	2593.57	37	183	180	0	0	2593.57	0
16318	A	A	2516.41	37	180	180	2516.41	0	0	0
16319	A	A	2442.76	37	176	176	2442.76	0	0	0
16320	T	T	2501.22	37	178	178	0	0	0	2501.22
16321	T	T	2472.03	37	175	175	0	0	0	2472.03
16322	A	A	2400.11	37	177	177	2400.11	0	0	0
16323	C	C	2567.89	37	177	177	0	2567.89	0	0
16324	A	A	2345.61	37	175	175	2345.61	0	0	0
16325	A	A	2357.1	37	175	175	2357.1	0	0	0
16326	C	C	2353.88	37	171	165	0	2353.88	0	0
16327	A	A	2315.2	36.6384	171	171	2315.2	0	0	0
16328	C	C	2374.21	36.6443	174	167	0	2374.21	0	0
16329	T	T	2341.15	36.6463	175	175	0	0	0	2341.15
16330	A	A	2368.84	36.312	173	173	2368.84	0	0	0
16331	C	C	2403.35	36.3192	175	169	0	2403.35	0	0
16332	T	T	2360.72	36.3299	178	178	0	0	0	2360.72
16333	T	T	2360.6	36.3228	176	176	0	0	0	2360.6
16334	G	G	2489.77	36.3334	179	175	0	0	2489.77	0
16335	G	G	2482.33	36.3334	179	174	0	0	2482.33	0
16336	T	T	2416.01	36.0251	177	177	0	0	0	2416.01
16337	C	C	2379.16	36.0049	173	167	0	2379.16	0	0
16338	C	C	2484.9	36.0151	175	173	0	2484.9	0	0
16339	T	T	2425.16	36.0348	179	179	0	0	0	2425.16
16340	T	T	2478.84	36.0584	184	184	0	0	0	2478.84
16341	T	T	2427.67	36.0444	181	181	0	0	0	2427.67
16342	A	A	2556.55	36.0675	186	186	2556.55	0	0	0
16343	A	A	2524.55	36.0538	183	183	2524.55	0	0	0
16344	C	C	2424.24	36.0397	180	172	0	2424.24	0	0
16345	G	G	2544.25	36.0397	180	177	0	0	2544.25	0
16346	A	A	2512.61	36.0444	181	181	2512.61	0	0	0
16347	G	G	2641.99	36.063	185	183	0	0	2641.99	0
16348	C	C	2599.02	36.063	185	181	0	2599.02	0	0
16349	T	T	2577.13	36.0981	193	193	0	0	0	2577.13
16350	T	T	2598.01	36.1023	194	194	0	0	0	2598.01
16351	C	C	2684.78	36.1146	197	190	0	2684.78	0	0
16352	A	A	2647.82	36.1064	195	195	2647.82	0	0	0
16353	T	T	2632.68	36.1023	194	194	0	0	0	2632.68
16354	G	G	2635.4	36.0938	192	185	0	0	2635.4	0
16355	G	G	2644.48	35.8241	191	185	0	0	2644.48	0
16356	C	C	2676.97	35.8348	193	188	0	2676.97	0	0
16357	T	T	2641.42	35.8452	195	195	0	0	0	2641.42
16358	T	T	2645.98	36.1146	197	197	0	0	0	2645.98
16359	A	A	2840.37	36.146	205	205	2840.37	0	0	0
16360	C	C	2797.99	36.146	205	197	0	2797.99	0	0
16361	C	C	2696.41	36.1535	207	194	0	2696.41	0	0
16362	C	C	2966.53	36.1572	208	206	0	2966.53	0	0
16363	C	C	2902.04	36.1609	209	204	0	2902.04	0	0
16364	T	T	2873.58	36.1609	209	209	0	0	0	2873.58
16365	T	T	2793.19	36.1306	201	201	0	0	0	2793.19
16366	C	C	2791.47	36.1064	195	193	0	2791.47	0	0
16367	A	A	2710.12	36.1227	199	199	2710.12	0	0	0
16368	T	T	2723.32	36.1023	194	194	0	0	0	2723.32
16369	A	A	2761.89	36.1227	199	199	2761.89	0	0	0
16370	A	A	2807.06	36.1345	202	202	2807.06	0	0	0
16371	T	T	2726.6	36.1345	202	202	0	0	0	2726.6
16372	A	A	2827.59	36.1384	203	203	2827.59	0	0	0
16373	C	C	2918.32	36.1572	208	204	0	2918.32	0	0
16374	T	T	2826.97	36.1572	208	208	0	0	0	2826.97
16375	C	C	2920.26	36.1645	210	204	0	2920.26	0	0
16376	T	T	2909.2	36.1857	216	216	0	0	0	2909.2
16377	C	C	2944.03	36.1752	213	207	0	2944.03	0	0
16378	G	G	2878.57	36.1645	210	202	0	0	2878.57	0
16379	C	C	2863.53	36.407	203	199	0	2863.53	0	0
16380	T	T	2730.28	36.3902	197	197	0	0	0	2730.28
16381	A	A	2775.14	36.3931	198	198	2775.14	0	0	0
16382	T	T	2767.95	36.3959	199	199	0	0	0	2767.95
16383	G	G	2761.29	36.3987	200	193	0	0	2761.29	0
16384	G	G	2844.58	36.407	203	199	0	0	2844.58	0
16385	G	G	2881.18	36.146	205	201	0	0	2881.18	0
16386	G	G	2866.14	36.1422	204	199	0	0	2866.14	0
16387	C	C	2894.9	36.423	209	203	0	2894.9	0	0
16388	A	A	2871.72	36.423	209	209	2871.72	0	0	0
16389	T	T	2859.4	36.4281	211	211	0	0	0	2859.4
16390	A	A	2913.08	36.4306	212	212	2913.08	0	0	0
16391	A	A	2970.23	36.4405	216	216	2970.23	0	0	0
16392	T	T	2914.38	36.4331	213	213	0	0	0	2914.38
16393	T	T	2906.73	36.4381	215	215	0	0	0	2906.73
16394	A	A	2994.43	36.4477	219	219	2994.43	0	0	0
16395	T	T	2941.09	36.4381	215	215	0	0	0	2941.09
16396	A	A	2968.31	36.4405	216	216	2968.31	0	0	0
16397	A	A	2920.62	36.4381	215	215	2920.62	0	0	0
16398	C	C	3015.36	36.4306	212	209	0	3015.36	0	0
16399	A	A	2929.06	36.4429	217	217	2929.06	0	0	0
16400	A	A	2893.79	36.4405	216	216	2893.79	0	0	0
16401	G	G	2935.27	36.4429	217	207	0	0	2935.27	0
16402	T	T	2925.16	36.71	215	215	0	0	0	2925.16
16403	T	T	2921.77	36.7086	214	214	0	0	0	2921.77
16404	C	C	2878.42	36.6977	206	201	0	2878.42	0	0
16405	T	T	2797.6	36.6934	203	203	0	0	0	2797.6
16406	A	A	2794.06	36.6977	206	206	2794.06	0	0	0
16407	T	T	2774.39	36.6949	204	204	0	0	0	2774.39
16408	C	C	2818.33	36.423	209	199	0	2818.33	0	0
16409	T	T	2812.43	36.4256	210	210	0	0	0	2812.43
16410	G	G	2830.18	36.4178	207	199	0	0	2830.18	0
16411	C	C	2893.93	36.4204	208	202	0	2893.93	0	0
16412	C	C	2924.88	36.4124	205	203	0	2924.88	0	0
16413	T	T	2810.38	36.6949	204	204	0	0	0	2810.38
16414	A	A	2810.65	36.6977	206	206	2810.65	0	0	0
16415	C	C	2896.2	36.6977	206	202	0	2896.2	0	0
16416	G	G	2831.65	36.6934	203	198	0	0	2831.65	0
16417	C	C	2862.35	36.1422	204	199	0	2862.35	0	0
16418	C	C	2895.06	36.1498	206	202	0	2895.06	0	0
16419	A	A	2788.41	36.146	205	205	2788.41	0	0	0
16420	A	A	2784.58	36.146	205	205	2784.58	0	0	0
16421	A	A	2736.14	36.1227	199	199	2736.14	0	0	0
16422	C	C	2814.31	36.1306	201	197	0	2814.31	0	0
16423	G	G	2830	36.1267	200	197	0	0	2830	0
16424	G	G	2744.59	36.1267	200	193	0	0	2744.59	0
16425	A	A	2721.77	36.1384	203	203	2721.77	0	0	0
16426	T	T	2773.83	36.1422	204	204	0	0	0	2773.83
16427	T	T	2780.48	36.1422	204	204	0	0	0	2780.48
16428	T	T	2735.28	36.1187	198	198	0	0	0	2735.28
16429	A	A	2637.06	36.0981	193	193	2637.06	0	0	0
16430	A	A	2614.26	36.0938	192	192	2614.26	0	0	0
16431	A	A	2597.41	36.0938	192	192	2597.41	0	0	0
16432	G	G	2735.31	36.0981	193	190	0	0	2735.31	0
16433	T	T	2662.47	36.6859	198	198	0	0	0	2662.47
16434	C	C	2776.7	36.4015	201	195	0	2776.7	0	0
16435	C	C	2573.83	36.3959	199	185	0	2573.83	0	0
16436	C	C	2758.09	36.3959	199	194	0	2758.09	0	0
16437	T	T	2659	36.3931	198	198	0	0	0	2659
16438	A	A	2755.09	36.4015	201	201	2755.09	0	0	0
16439	A	A	2759.55	36.3987	200	200	2759.55	0	0	0
16440	T	T	2718.17	36.4043	202	202	0	0	0	2718.17
16441	T	T	2703.39	36.3959	199	199	0	0	0	2703.39
16442	G	G	2832.63	36.1267	200	197	0	0	2832.63	0
16443	C	C	2683.79	36.1306	201	190	0	2683.79	0	0
16444	T	T	2790.17	36.146	205	205	0	0	0	2790.17
16445	T	T	2769.29	36.407	203	203	0	0	0	2769.29
16446	A	A	2719.49	36.3987	200	200	2719.49	0	0	0
16447	T	T	2772.82	36.4124	205	205	0	0	0	2772.82
16448	T	T	2774.02	36.423	209	209	0	0	0	2774.02
16449	C	C	2785.58	36.1535	207	197	0	2785.58	0	0
16450	C	C	2687.98	36.1535	207	193	0	2687.98	0	0
16451	T	T	2762.35	36.1535	207	207	0	0	0	2762.35
16452	C	C	2880.32	36.146	205	201	0	2880.32	0	0
16453	T	T	2821.51	36.146	205	205	0	0	0	2821.51
16454	G	G	2870.15	36.1498	206	201	0	0	2870.15	0
16455	T	T	2868.36	35.9318	213	212	0	0	0	2868.36
16456	T	T	2868.33	35.9228	211	211	0	0	0	2868.33
16457	A	A	2919.89	35.9362	214	214	2919.89	0	0	0
16458	G	G	2934.18	35.945	216	207	0	0	2934.18	0
16459	C	C	3047.88	35.9578	219	213	0	3047.88	0	0
16460	C	C	3046.39	35.945	216	212	0	3046.39	0	0
16461	A	A	2850.57	35.9183	210	210	2850.57	0	0	0
16462	C	C	2932.8	35.8997	206	203	0	2932.8	0	0
16463	A	A	2860.8	35.895	205	205	2860.8	0	0	0
16464	T	T	2850.18	35.9044	207	207	0	0	0	2850.18
16465	G	G	2895.5	35.8997	206	202	0	0	2895.5	0
16466	G	G	2869.47	35.9137	209	202	0	0	2869.47	0
16467	C	C	2966.9	35.9228	211	207	0	2966.9	0	0
16468	C	C	2975.74	35.9273	212	207	0	2975.74	0	0
16469	C	C	2953.18	35.9273	212	207	0	2953.18	0	0
16470	T	T	2906.74	35.9228	211	211	0	0	0	2906.74
16471	G	G	2963.15	36.1645	210	206	0	0	2963.15	0
16472	G	G	2891.6	36.1535	207	202	0	0	2891.6	0
16473	T	T	2861.35	36.1498	206	206	0	0	0	2861.35
16474	C	C	2952.29	36.1645	210	205	0	2952.29	0	0
16475	A	A	2790.8	36.146	205	205	2790.8	0	0	0
16476	T	T	2875.82	36.4204	208	208	0	0	0	2875.82
16477	T	T	2851.27	36.7019	209	209	0	0	0	2851.27
16478	G	G	2932.98	36.706	212	205	0	0	2932.98	0
16479	T	T	2833.36	36.7019	209	209	0	0	0	2833.36
16480	A	A	2904.43	36.7019	209	209	2904.43	0	0	0
16481	G	G	2970.28	36.4331	213	207	0	0	2970.28	0
16482	C	C	2874.58	36.4306	212	203	0	2874.58	0	0
16483	A	A	2874.57	36.4356	214	214	2874.57	0	0	0
16484	G	G	2894.47	36.4281	211	204	0	0	2894.47	0
16485	T	T	2928.08	36.4331	213	213	0	0	0	2928.08
16486	A	A	2828.09	36.4204	208	208	2828.09	0	0	0
16487	T	T	2825.23	36.4124	205	205	0	0	0	2825.23
16488	T	T	2793.48	36.4124	205	204	0	0	0	2793.48
16489	A	A	2852.66	36.423	209	209	2852.66	0	0	0
16490	A	A	2772.03	36.407	203	203	2772.03	0	0	0
16491	T	T	2845.15	36.423	209	209	0	0	0	2845.15
16492	C	C	2826.11	36.4098	204	198	0	2826.11	0	0
16493	C	C	2823.03	36.1345	202	197	0	2823.03	0	0
16494	A	A	2758.62	36.1345	202	202	2758.62	0	0	0
16495	A	A	2758	36.1267	200	200	2758	0	0	0
16496	A	A	2769.01	36.1306	201	201	2769.01	0	0	0
16497	C	C	2821.29	36.1345	202	197	0	2821.29	0	0
16498	C	C	2840.7	36.1422	204	199	0	2840.7	0	0
16499	C	C	2835.63	36.1345	202	198	0	2835.63	0	0
16500	C	C	2837.48	36.1345	202	198	0	2837.48	0	0
16501	A	A	2742.29	36.1384	203	202	2742.29	0	0	0
16502	T	T	2811.16	36.146	205	205	0	0	0	2811.16
16503	G	G	2819.16	36.1384	203	197	0	0	2819.16	0
16504	A	A	2741.94	36.1306	201	201	2741.94	0	0	0
16505	A	A	2732.98	36.1227	199	199	2732.98	0	0	0
16506	G	G	2746.89	36.3931	198	192	0	0	2746.89	0
16507	C	C	2724.49	36.3931	198	191	0	2724.49	0	0
16508	T	T	2744.41	36.3987	200	200	0	0	0	2744.41
16509	A	A	2760.81	36.4043	202	202	2760.81	0	0	0
16510	T	T	2741.33	36.3987	200	200	0	0	0	2741.33
16511	A	A	2718.75	36.3987	200	200	2718.75	0	0	0
16512	T	T	2786.8	36.4098	204	204	0	0	0	2786.8
16513	A	A	2739.55	36.4015	201	201	2739.55	0	0	0
16514	G	G	2767.85	36.3959	199	194	0	0	2767.85	0
16515	G	G	2710.64	36.3902	197	190	0	0	2710.64	0
16516	A	A	2661.1	36.3814	194	194	2661.1	0	0	0
16517	G	G	2624.27	36.3784	193	185	0	0	2624.27	0
16518	C	C	2667.63	36.3902	197	188	0	2667.63	0	0
16519	A	A	2625.8	36.3814	194	194	2625.8	0	0	0
16520	A	A	2575.43	36.0896	191	191	2575.43	0	0	0
16521	C	C	2657.59	36.3693	190	186	0	2657.59	0	0
16522	A	A	2510.31	36.0675	186	186	2510.31	0	0	0
16523	G	G	2478.12	36.072	187	177	0	0	2478.12	0
16524	C	C	2593.9	36.0538	183	180	0	2593.9	0	0
16525	C	C	2477.61	36.3567	186	177	0	2477.61	0	0
16526	T	T	2508.01	36.3502	184	184	0	0	0	2508.01
16527	T	T	2474.56	36.3435	182	182	0	0	0	2474.56
16528	A	A	2513.89	36.3502	184	184	2513.89	0	0	0
16529	A	A	2526.14	36.3469	183	183	2526.14	0	0	0
16530	T	T	2468.15	36.3435	182	182	0	0	0	2468.15
16531	A	A	2526.42	36.3402	181	181	2526.42	0	0	0
16532	A	A	2521.55	36.0538	183	183	2521.55	0	0	0
16533	T	T	2523.74	35.785	184	184	0	0	0	2523.74
16534	C	C	2554.3	35.7793	183	178	0	2554.3	0	0
16535	G	G	2534.96	35.7965	186	178	0	0	2534.96	0
16536	C	C	2571.03	35.5479	187	180	0	2571.03	0	0
16537	C	C	2524.06	35.5002	180	176	0	2524.06	0	0
16538	C	C	2469.43	35.5002	180	174	0	2469.43	0	0
16539	A	A	2419.77	35.4931	179	179	2419.77	0	0	0
16540	C	C	2535.92	35.7555	179	176	0	2535.92	0	0
16541	G	G	2494.31	35.7616	180	175	0	0	2494.31	0
16542	G	G	2409.73	35.7734	182	172	0	0	2409.73	0
16543	A	A	2398.7	35.7495	178	178	2398.7	0	0	0
16544	C	C	2383.52	35.7246	174	168	0	2383.52	0	0
16545	T	T	2366.51	35.9998	172	172	0	0	0	2366.51
16546	A	A	2354.23	35.9945	171	171	2354.23	0	0	0
16547	A	A	2401.69	35.7371	176	176	2401.69	0	0	0
16548	C	C	2430.54	35.7371	176	170	0	2430.54	0	0
16549	A	A	2386.86	35.7309	175	175	2386.86	0	0	0
16550	T	T	2379.21	35.7309	175	175	0	0	0	2379.21
16551	C	C	2426.81	35.7246	174	170	0	2426.81	0	0
16552	C	C	2446.62	35.7309	175	171	0	2446.62	0	0
16553	T	T	2418.54	35.7433	177	177	0	0	0	2418.54
16554	C	C	2534.71	35.7793	183	178	0	2534.71	0	0
16555	C	C	2530.26	35.7734	182	177	0	2530.26	0	0
16556	T	T	2479.87	35.8021	187	187	0	0	0	2479.87
16557	T	T	2539.68	35.8241	191	191	0	0	0	2539.68
16558	A	A	2640.3	35.8241	191	191	2640.3	0	0	0
16559	C	C	2627.82	35.8241	191	184	0	2627.82	0	0
16560	T	T	2630.49	35.8504	196	196	0	0	0	2630.49
16561	A	A	2789.8	35.8854	203	203	2789.8	0	0	0
16562	T	T	2716.78	35.8902	204	204	0	0	0	2716.78
16563	T	T	2751.66	35.9044	207	207	0	0	0	2751.66
16564	C	C	2839.87	35.8902	204	199	0	2839.87	0	0
16565	T	T	2700.05	35.8606	198	198	0	0	0	2700.05
16566	G	G	2704.99	35.8805	202	191	0	0	2704.99	0
16567	T	T	2695.23	36.1064	195	195	0	0	0	2695.23
16568	C	C	2753.26	36.3814	194	191	0	2753.26	0	0
16569	T	T	2662	36.3784	193	193	0	0	0	2662
16570	T	T	2637.99	36.3724	191	191	0	0	0	2637.99
16571	G	G	2713.09	36.3754	192	189	0	0	2713.09	0
16572	C	C	2787.59	36.3931	198	194	0	2787.59	0	0
16573	A	A	2721.47	36.3931	198	198	2721.47	0	0	0
16574	A	A	2713.61	36.3987	200	199	2713.61	0	0	0
16575	A	A	2716.03	36.689	200	200	2716.03	0	0	0
16576	C	C	2672.81	36.3987	200	190	0	2672.81	0	0
16577	T	T	2732.98	36.3959	199	199	0	0	0	2732.98
16578	C	C	2760.87	36.1146	197	192	0	2760.87	0	0
16579	C	C	2724.35	36.1187	198	191	0	2724.35	0	0
16580	A	A	2693.07	36.1227	199	199	2693.07	0	0	0
16581	A	A	2607.26	36.1023	194	194	2607.26	0	0	0
16582	C	C	2603.01	36.0896	191	184	0	2603.01	0	0
16583	T	T	2718.23	36.1227	199	199	0	0	0	2718.23
16584	A	A	2686.4	36.1227	199	199	2686.4	0	0	0
16585	T	T	2654.54	36.1064	195	195	0	0	0	2654.54
16586	G	G	2681.33	36.1146	197	189	0	0	2681.33	0
16587	A	A	2642.7	36.0981	193	193	2642.7	0	0	0
16588	A	A	2629.4	36.1064	195	195	2629.4	0	0	0
16589	C	C	2687.88	36.0938	192	187	0	2687.88	0	0
16590	G	G	2704.92	36.1023	194	189	0	0	2704.92	0
16591	A	A	2658.65	36.1023	194	194	2658.65	0	0	0
16592	A	A	2648.99	36.3784	193	193	2648.99	0	0	0
16593	T	T	2611.19	36.6748	191	191	0	0	0	2611.19
16594	C	C	2640.64	36.6715	189	185	0	2640.64	0	0
16595	C	C	2703.2	36.6748	191	188	0	2703.2	0	0
16596	A	A	2609.36	36.6765	192	192	2609.36	0	0	0
16597	T	T	2650.61	36.6781	193	193	0	0	0	2650.61
16598	A	A	2570.01	36.6732	190	190	2570.01	0	0	0
16599	G	G	2600.13	36.3599	187	182	0	0	2600.13	0
16600	C	C	2671.11	36.3567	186	185	0	2671.11	0	0
16601	C	C	2623.98	36.3435	182	181	0	2623.98	0	0
16602	G	G	2536.26	36.3368	180	177	0	0	2536.26	0
16603	A	A	2509.45	36.3469	183	183	2509.45	0	0	0
16604	A	A	2524.98	36.3599	187	187	2524.98	0	0	0
16605	C	C	2545.8	36.3469	183	178	0	2545.8	0	0
16606	T	T	2500.62	36.3534	185	185	0	0	0	2500.62
16607	A	A	2502.35	36.3534	185	185	2502.35	0	0	0
16608	T	T	2537.24	36.363	188	188	0	0	0	2537.24
16609	G	G	2588.67	36.3567	186	181	0	0	2588.67	0
16610	A	A	2478.34	36.3502	184	184	2478.34	0	0	0
16611	T	T	2527.43	36.3469	183	183	0	0	0	2527.43
16612	C	C	2553.57	36.3334	179	177	0	2553.57	0	0
16613	C	C	2568.84	36.0397	180	178	0	2568.84	0	0
16614	T	T	2453.16	36.0348	179	179	0	0	0	2453.16
16615	C	C	2526.64	36.0251	177	175	0	2526.64	0	0
16616	G	G	2420.04	36.0201	176	170	0	0	2420.04	0
16617	C	C	2369.89	35.9893	170	166	0	2369.89	0	0
16618	G	G	2367.72	35.9785	168	165	0	0	2367.72	0
16619	C	C	2455.38	36.0151	175	171	0	2455.38	0	0
16620	G	G	2441.41	35.9998	172	170	0	0	2441.41	0
16621	A	A	2323.79	35.9998	172	172	2323.79	0	0	0
16622	G	G	2328.8	35.9839	169	163	0	0	2328.8	0
16623	G	G	2288.87	35.9945	171	163	0	0	2288.87	0
16624	C	C	2312.7	36.2892	167	162	0	2312.7	0	0
16625	C	C	2341.16	36.2969	169	164	0	2341.16	0	0
16626	T	T	2307.22	36.6322	168	168	0	0	0	2307.22
16627	A	A	2281.2	36.6363	170	170	2281.2	0	0	0
16628	C	C	2437.64	36.6443	174	170	0	2437.64	0	0
16629	A	A	2381.29	36.6424	173	173	2381.29	0	0	0
16630	A	A	2371.07	36.6463	175	175	2371.07	0	0	0
16631	A	A	2345.99	36.6404	172	171	2345.99	0	0	0
16632	C	C	2335.05	36.6443	174	166	0	2335.05	0	0
16633	A	A	2394.18	36.6482	176	176	2394.18	0	0	0
16634	C	C	2500.11	36.652	178	175	0	2500.11	0	0
16635	T	T	2390.66	36.652	178	178	0	0	0	2390.66
16636	T	T	2421.31	36.6576	181	181	0	0	0	2421.31
16637	C	C	2490.64	36.652	178	174	0	2490.64	0	0
16638	T	T	2429.66	36.6576	181	181	0	0	0	2429.66
16639	C	C	2532.52	36.6576	181	177	0	2532.52	0	0
16640	C	C	2538.67	36.652	178	176	0	2538.67	0	0
16641	C	C	2432.43	36.3435	182	173	0	2432.43	0	0
16642	A	A	2555.09	36.3599	187	187	2555.09	0	0	0
16643	C	C	2629.66	36.3469	183	182	0	2629.66	0	0
16644	T	T	2504.99	36.3502	184	184	0	0	0	2504.99
16645	T	T	2490.29	36.3534	185	185	0	0	0	2490.29
16646	A	A	2601.94	36.3599	187	187	2601.94	0	0	0
16647	T	T	2569.75	36.3693	190	189	0	0	0	2569.75
16648	G	G	2684.13	36.3724	191	187	0	0	2684.13	0
16649	G	G	2743.27	36.1064	195	191	0	0	2743.27	0
16650	C	C	2810.1	36.1267	200	196	0	2810.1	0	0
16651	A	A	2762.33	36.1345	202	202	2762.33	0	0	0
16652	G	G	2826.77	36.1384	203	197	0	0	2826.77	0
16653	C	C	2717.75	36.1306	201	192	0	2717.75	0	0
16654	T	T	2703.52	36.1306	201	201	0	0	0	2703.52
16655	T	T	2738.27	36.1345	202	202	0	0	0	2738.27
16656	G	G	2907.29	36.1498	206	202	0	0	2907.29	0
16657	A	A	2787.95	36.1384	203	203	2787.95	0	0	0
16658	T	T	2785.06	36.146	205	205	0	0	0	2785.06
16659	G	G	2808.49	36.4015	201	196	0	0	2808.49	0
16660	A	A	2805.53	36.4098	204	203	2805.53	0	0	0
16661	C	C	2870.91	36.3987	200	199	0	2870.91	0	0
16662	T	T	2772.06	36.3959	199	199	0	0	0	2772.06
16663	A	A	2702.63	36.3959	199	199	2702.63	0	0	0
16664	C	C	2818.38	36.3959	199	196	0	2818.38	0	0
16665	T	T	2789.4	36.3987	200	200	0	0	0	2789.4
16666	A	A	2646.8	36.3873	196	196	2646.8	0	0	0
16667	G	G	2732.71	36.3987	200	192	0	0	2732.71	0
16668	C	C	2857.13	36.3959	199	198	0	2857.13	0	0
16669	A	A	2722.81	36.6875	199	199	2722.81	0	0	0
16670	A	A	2810.29	37	201	201	2810.29	0	0	0
16671	G	G	2858.2	37	203	198	0	0	2858.2	0
16672	T	T	2711.65	37	200	200	0	0	0	2711.65
16673	C	C	2748.16	36.6844	197	192	0	2748.16	0	0
16674	T	T	2761.09	36.6934	203	203	0	0	0	2761.09
16675	C	C	2896.79	36.7005	208	202	0	2896.79	0	0
16676	A	A	2868.97	36.7073	213	213	2868.97	0	0	0
16677	C	C	3017.12	36.7046	211	209	0	3017.12	0	0
16678	T	T	2880.79	36.7033	210	210	0	0	0	2880.79
16679	A	A	2754.85	36.6963	205	205	2754.85	0	0	0
16680	A	A	2781.68	36.6963	205	205	2781.68	0	0	0
16681	T	T	2813.18	36.6991	207	207	0	0	0	2813.18
16682	C	C	2842.94	36.6949	204	199	0	2842.94	0	0
16683	T	T	2812.32	36.6977	206	206	0	0	0	2812.32
16684	A	A	2732.12	36.6963	205	205	2732.12	0	0	0
16685	T	T	2755.94	36.6905	201	201	0	0	0	2755.94
16686	C	C	2873.96	36.4204	208	202	0	2873.96	0	0
16687	A	A	2717.35	36.407	203	203	2717.35	0	0	0
16688	C	C	2755.97	36.3959	199	193	0	2755.97	0	0
16689	T	T	2684.53	36.3931	198	198	0	0	0	2684.53
16690	C	C	2813.95	36.3959	199	196	0	2813.95	0	0
16691	C	C	2833.05	36.3987	200	197	0	2833.05	0	0
16692	C	C	2841.14	36.1227	199	197	0	2841.14	0	0
16693	T	T	2704.63	36.1187	198	198	0	0	0	2704.63
16694	C	C	2691.96	36.1064	195	189	0	2691.96	0	0
16695	C	C	2695.3	36.0938	192	188	0	2695.3	0	0
16696	T	T	2686.24	36.1187	198	198	0	0	0	2686.24
16697	A	A	2760.1	36.1227	199	199	2760.1	0	0	0
16698	C	C	2816.88	36.1267	200	196	0	2816.88	0	0
16699	C	C	2741.23	36.1345	202	193	0	2741.23	0	0
16700	A	A	2753.35	36.1306	201	201	2753.35	0	0	0
16701	T	T	2742.88	36.1227	199	199	0	0	0	2742.88
16702	C	C	2736.91	36.1227	199	192	0	2736.91	0	0
16703	A	A	2714.21	36.1227	199	199	2714.21	0	0	0
16704	A	A	2731.18	36.1227	199	199	2731.18	0	0	0
16705	C	C	2764.09	36.1187	198	193	0	2764.09	0	0
16706	C	C	2686.48	36.1106	196	189	0	2686.48	0	0
16707	T	T	2688.36	36.1106	196	196	0	0	0	2688.36
16708	T	T	2716.97	36.1267	200	200	0	0	0	2716.97
16709	A	A	2776.37	36.1422	204	204	2776.37	0	0	0
16710	T	T	2771.84	36.1345	202	202	0	0	0	2771.84
16711	C	C	2795.46	36.1187	198	195	0	2795.46	0	0
16712	G	G	2637.8	36.1227	199	188	0	0	2637.8	0
16713	G	G	2729.39	36.1146	197	191	0	0	2729.39	0
16714	A	A	2591.9	36.3754	192	192	2591.9	0	0	0
16715	G	G	2696.34	36.3814	194	189	0	0	2696.34	0
16716	A	A	2684.69	36.1267	200	200	2684.69	0	0	0
16717	A	A	2662.44	36.1227	199	199	2662.44	0	0	0
16718	C	C	2646.22	36.3959	199	188	0	2646.22	0	0
16719	T	T	2632.82	36.3931	198	198	0	0	0	2632.82
16720	G	G	2795.67	36.3873	196	194	0	0	2795.67	0
16721	T	T	2644.1	36.3814	194	194	0	0	0	2644.1
16722	T	T	2634.42	36.3784	193	193	0	0	0	2634.42
16723	T	T	2654.12	36.3784	193	193	0	0	0	2654.12
16724	G	G	2729.77	36.3902	197	191	0	0	2729.77	0
16725	T	T	2661.33	36.3784	193	193	0	0	0	2661.33
16726	A	A	2576.5	36.3724	191	191	2576.5	0	0	0
16727	G	G	2579.61	36.6732	190	182	0	0	2579.61	0
16728	T	T	2560.45	36.6647	185	185	0	0	0	2560.45
16729	A	A	2581.84	36.6732	190	190	2581.84	0	0	0
16730	G	G	2732.97	36.6781	193	190	0	0	2732.97	0
16731	T	T	2544.17	36.6664	186	186	0	0	0	2544.17
16732	A	A	2594.69	37	189	189	2594.69	0	0	0
16733	G	G	2709.77	37	192	189	0	0	2709.77	0
16734	C	C	2641.83	37	190	185	0	2641.83	0	0
16735	T	T	2628.17	37	192	192	0	0	0	2628.17
16736	A	A	2549.08	37	191	191	2549.08	0	0	0
16737	C	C	2656.92	37	188	185	0	2656.92	0	0
16738	A	A	2507.26	37	185	185	2507.26	0	0	0
16739	T	T	2496.55	37	182	182	0	0	0	2496.55
16740	T	T	2511.14	37	182	182	0	0	0	2511.14
16741	T	T	2499.71	37	185	185	0	0	0	2499.71
16742	T	T	2508.29	37	184	184	0	0	0	2508.29
16743	C	C	2629.75	37	186	183	0	2629.75	0	0
16744	A	A	2482.49	37	183	183	2482.49	0	0	0
16745	T	T	2543.06	37	185	185	0	0	0	2543.06
16746	G	G	2562.43	37	183	179	0	0	2562.43	0
16747	A	A	2532.69	37	186	186	2532.69	0	0	0
16748	T	T	2562.31	37	191	191	0	0	0	2562.31
16749	C	C	2550.53	37	188	180	0	2550.53	0	0
16750	T	T	2499.61	37	186	186	0	0	0	2499.61
16751	A	A	2610.79	37	186	186	2610.79	0	0	0
16752	A	A	2582.22	37	187	187	2582.22	0	0	0
16753	C	C	2648.38	37	188	184	0	2648.38	0	0
16754	A	A	2565.64	37	190	190	2565.64	0	0	0
16755	T	T	2635.37	37	192	192	0	0	0	2635.37
16756	C	C	2618.6	37	190	183	0	2618.6	0	0
16757	A	A	2506.52	37	185	185	2506.52	0	0	0
16758	C	C	2580.95	37	181	179	0	2580.95	0	0
16759	C	C	2526.56	37	180	176	0	2526.56	0	0
16760	A	A	2424.87	37	179	179	2424.87	0	0	0
16761	T	T	2486.96	37	179	179	0	0	0	2486.96
16762	C	C	2517.64	37	179	175	0	2517.64	0	0
16763	A	A	2384.36	37	176	176	2384.36	0	0	0
16764	C	C	2390.19	37	175	168	0	2390.19	0	0
16765	T	T	2381.53	37	173	173	0	0	0	2381.53
16766	C	C	2378.44	36.6322	168	165	0	2378.44	0	0
16767	T	T	2314.59	36.6322	168	168	0	0	0	2314.59
16768	A	A	2304.66	36.6424	173	173	2304.66	0	0	0
16769	A	A	2318.5	36.6443	174	174	2318.5	0	0	0
16770	T	T	2324.74	36.6424	173	173	0	0	0	2324.74
16771	A	A	2342.21	36.6384	171	171	2342.21	0	0	0
16772	G	G	2389.63	36.6443	174	167	0	0	2389.63	0
16773	G	G	2355.69	36.6322	168	164	0	0	2355.69	0
16774	A	A	2372.85	36.6363	170	170	2372.85	0	0	0
16775	A	A	2439.9	36.6482	176	176	2439.9	0	0	0
16776	C	C	2445.24	36.6629	184	174	0	2445.24	0	0
16777	C	C	2614.69	36.6682	187	183	0	2614.69	0	0
16778	A	A	2591.92	36.6765	192	192	2591.92	0	0	0
16779	A	A	2585.26	36.6732	190	190	2585.26	0	0	0
16780	C	C	2568.06	36.6748	191	182	0	2568.06	0	0
16781	A	A	2614.92	36.6781	193	193	2614.92	0	0	0
16782	T	T	2588.28	36.6781	193	193	0	0	0	2588.28
16783	T	T	2575.76	36.6715	189	189	0	0	0	2575.76
16784	A	A	2635.91	36.6715	189	189	2635.91	0	0	0
16785	T	T	2541.69	36.6629	184	184	0	0	0	2541.69
16786	C	C	2662.69	36.6715	189	185	0	2662.69	0	0
16787	A	A	2658.14	36.6748	191	191	2658.14	0	0	0
16788	T	T	2679.67	36.6844	197	197	0	0	0	2679.67
16789	T	T	2691.84	36.6844	197	197	0	0	0	2691.84
16790	A	A	2785.21	36.689	200	200	2785.21	0	0	0
16791	C	C	2689.17	36.6875	199	190	0	2689.17	0	0
16792	T	T	2723.86	36.6905	201	201	0	0	0	2723.86
16793	G	G	2682.89	36.689	200	190	0	0	2682.89	0
16794	C	C	2818.52	37	200	196	0	2818.52	0	0
16795	C	C	2866.06	37	200	198	0	2866.06	0	0
16796	C	C	2757.36	37	201	195	0	2757.36	0	0
16797	T	T	2773.6	37	203	203	0	0	0	2773.6
16798	C	C	2867.88	37	205	200	0	2867.88	0	0
16799	T	T	2787.53	37	205	205	0	0	0	2787.53
16800	A	A	2805.78	37	207	207	2805.78	0	0	0
16801	C	C	2881.37	37	206	202	0	2881.37	0	0
16802	T	T	2781.07	36.4098	204	204	0	0	0	2781.07
16803	C	C	2832.52	36.4015	201	197	0	2832.52	0	0
16804	C	C	2813.31	36.4043	202	196	0	2813.31	0	0
16805	C	C	2806.42	36.4124	205	197	0	2806.42	0	0
16806	T	T	2745.42	36.4015	201	201	0	0	0	2745.42
16807	C	C	2656.6	36.1227	199	188	0	2656.6	0	0
16808	T	T	2728.39	36.1227	199	199	0	0	0	2728.39
16809	A	A	2789.74	36.1306	201	201	2789.74	0	0	0
16810	C	C	2845.19	36.1498	206	199	0	2845.19	0	0
16811	A	A	2853.52	36.1572	208	208	2853.52	0	0	0
16812	T	T	2821.66	36.1609	209	209	0	0	0	2821.66
16813	A	A	2889.94	36.1681	211	211	2889.94	0	0	0
16814	C	C	2929.83	36.1572	208	204	0	2929.83	0	0
16815	T	T	2806.06	36.1422	204	204	0	0	0	2806.06
16816	A	A	2771.17	36.1422	204	204	2771.17	0	0	0
16817	A	A	2777.01	36.1384	203	203	2777.01	0	0	0
16818	T	T	2826.97	36.1306	201	201	0	0	0	2826.97
16819	C	C	2751.66	36.1227	199	192	0	2751.66	0	0
16820	A	A	2683.36	36.1146	197	197	2683.36	0	0	0
16821	C	C	2724.33	36.1023	194	190	0	2724.33	0	0
16822	C	C	2715.53	36.0896	191	188	0	2715.53	0	0
16823	A	A	2657.7	36.0981	193	193	2657.7	0	0	0
16824	C	C	2571.86	36.0852	190	181	0	2571.86	0	0
16825	A	A	2655.36	36.0852	190	190	2655.36	0	0	0
16826	C	C	2717.03	36.0896	191	189	0	2717.03	0	0
16827	A	A	2597.65	36.0852	190	190	2597.65	0	0	0
16828	A	A	2674.46	36.1146	197	197	2674.46	0	0	0
16829	C	C	2845.1	36.146	205	199	0	2845.1	0	0
16830	G	G	2811.66	36.1498	206	198	0	0	2811.66	0
16831	A	A	2739.42	36.1384	203	203	2739.42	0	0	0
16832	G	G	2825.28	35.8805	202	197	0	0	2825.28	0
16833	G	G	2887.78	35.9044	207	202	0	0	2887.78	0
16834	C	C	2851.03	35.8997	206	200	0	2851.03	0	0
16835	A	A	2844.48	35.9137	209	209	2844.48	0	0	0
16836	A	A	2825.14	35.895	205	205	2825.14	0	0	0
16837	G	G	2820.79	35.8902	204	197	0	0	2820.79	0
16838	T	T	2800.07	35.8997	206	206	0	0	0	2800.07
16839	G	G	2926.5	35.9137	209	204	0	0	2926.5	0
16840	C	C	2844.16	35.9137	209	200	0	2844.16	0	0
16841	A	A	2894.84	36.1609	209	209	2894.84	0	0	0
16842	C	C	2795.04	36.423	209	200	0	2795.04	0	0
16843	A	A	2898.81	36.4281	211	211	2898.81	0	0	0
16844	A	A	2925.11	36.4306	212	212	2925.11	0	0	0
16845	A	A	2913.53	36.1717	212	212	2913.53	0	0	0
16846	C	C	2947.99	36.1681	211	206	0	2947.99	0	0
16847	C	C	2930.89	36.1681	211	205	0	2930.89	0	0
16848	A	A	2908.64	36.4281	211	210	2908.64	0	0	0
16849	T	T	2912.05	36.4281	211	211	0	0	0	2912.05
16850	G	G	2988.56	36.4281	211	207	0	0	2988.56	0
16851	T	T	2897.55	36.4281	211	211	0	0	0	2897.55
16852	C	C	2983.95	36.4256	210	207	0	2983.95	0	0
16853	A	A	2925.9	36.4381	215	215	2925.9	0	0	0
16854	A	A	3002.71	36.4547	222	222	3002.71	0	0	0
16855	A	A	3000.83	36.7163	220	220	3000.83	0	0	0
16856	A	A	2984.02	36.7163	220	220	2984.02	0	0	0
16857	G	G	3062.85	36.7188	222	215	0	0	3062.85	0
16858	T	T	2958.37	36.7163	220	220	0	0	0	2958.37
16859	A	A	2932.51	36.7113	216	216	2932.51	0	0	0
16860	T	T	2938.26	36.7086	214	213	0	0	0	2938.26
16861	T	T	2937.93	36.7073	213	213	0	0	0	2937.93
16862	A	A	2905.6	36.706	212	212	2905.6	0	0	0
16863	A	A	2911.48	36.7086	214	214	2911.48	0	0	0
16864	A	A	2873.12	36.7033	210	210	2873.12	0	0	0
16865	C	C	3042.98	36.7073	213	211	0	3042.98	0	0
16866	C	C	2964.75	36.7086	214	208	0	2964.75	0	0
16867	A	A	2842.89	36.7019	209	209	2842.89	0	0	0
16868	T	T	2885.8	36.7046	211	211	0	0	0	2885.8
16869	C	C	2921.16	36.7073	213	205	0	2921.16	0	0
16870	C	C	3029.53	36.4306	212	210	0	3029.53	0	0
16871	T	T	2870.67	36.4204	208	208	0	0	0	2870.67
16872	T	T	2800.81	36.407	203	203	0	0	0	2800.81
16873	T	T	2826.39	36.407	203	203	0	0	0	2826.39
16874	A	A	2763.5	36.3987	200	200	2763.5	0	0	0
16875	C	C	2797.26	36.3931	198	194	0	2797.26	0	0
16876	A	A	2736.16	36.3931	198	198	2736.16	0	0	0
16877	C	C	2801.68	36.3959	199	195	0	2801.68	0	0
16878	G	G	2823.35	36.4098	204	198	0	0	2823.35	0
16879	A	A	2665.08	36.3959	199	199	2665.08	0	0	0
16880	G	G	2803.79	36.3931	198	195	0	0	2803.79	0
16881	A	A	2700.3	36.4043	202	202	2700.3	0	0	0
16882	A	A	2745.07	36.4151	206	206	2745.07	0	0	0
16883	A	A	2707.67	36.3931	198	198	2707.67	0	0	0
16884	A	A	2680.18	36.3844	195	195	2680.18	0	0	0
16885	C	C	2772.08	36.3844	195	193	0	2772.08	0	0
16886	G	G	2709.46	36.3814	194	189	0	0	2709.46	0
16887	C	C	2726.05	36.3754	192	189	0	2726.05	0	0
16888	C	C	2646.02	36.3754	192	186	0	2646.02	0	0
16889	C	C	2719.01	36.3784	193	189	0	2719.01	0	0
16890	T	T	2705.8	36.3902	197	197	0	0	0	2705.8
16891	G	G	2785.84	36.3987	200	195	0	0	2785.84	0
16892	A	A	2712.52	36.4015	201	201	2712.52	0	0	0
16893	T	T	2750.4	36.4015	201	201	0	0	0	2750.4
16894	A	A	2673.86	36.689	200	200	2673.86	0	0	0
16895	G	G	2794.65	36.689	200	195	0	0	2794.65	0
16896	C	C	2788.8	36.6905	201	195	0	2788.8	0	0
16897	T	T	2675.16	36.6844	197	197	0	0	0	2675.16
16898	C	C	2709.65	36.689	200	191	0	2709.65	0	0
16899	T	T	2649.68	36.6828	196	196	0	0	0	2649.68
16900	C	C	2737.8	36.6828	196	192	0	2737.8	0	0
16901	C	C	2708.64	36.6813	195	189	0	2708.64	0	0
16902	A	A	2688.44	36.6813	195	195	2688.44	0	0	0
16903	T	T	2709.68	36.6813	195	195	0	0	0	2709.68
16904	C	C	2566.54	36.6715	189	181	0	2566.54	0	0
16905	T	T	2657.36	36.6732	190	190	0	0	0	2657.36
16906	C	C	2637.89	36.6699	188	184	0	2637.89	0	0
16907	T	T	2642.83	36.6715	189	189	0	0	0	2642.83
16908	T	T	2613.24	36.6682	187	187	0	0	0	2613.24
16909	A	A	2424.02	36.6539	179	179	2424.02	0	0	0
16910	C	C	2502.49	36.652	178	174	0	2502.49	0	0
16911	C	C	2551.3	36.6557	180	177	0	2551.3	0	0
16912	C	C	2521.55	36.3502	184	177	0	2521.55	0	0
16913	C	C	2553.18	36.3435	182	178	0	2553.18	0	0
16914	T	T	2442.53	36.3435	182	182	0	0	0	2442.53
16915	T	T	2472.71	36.3435	182	182	0	0	0	2472.71
16916	C	C	2547.33	36.3435	182	178	0	2547.33	0	0
16917	T	T	2501.23	36.3368	180	180	0	0	0	2501.23
16918	G	G	2552.66	36.3567	186	179	0	0	2552.66	0
16919	C	C	2611.45	36.3567	186	182	0	2611.45	0	0
16920	T	T	2541.55	36.6715	189	189	0	0	0	2541.55
16921	A	A	2452.37	36.6557	180	180	2452.37	0	0	0
16922	C	C	2444.9	36.652	178	172	0	2444.9	0	0
16923	T	T	2467.74	36.6576	181	181	0	0	0	2467.74
16924	A	A	2609.83	36.6699	188	188	2609.83	0	0	0
16925	T	T	2550.16	36.3784	193	193	0	0	0	2550.16
16926	C	C	2708.76	36.3754	192	189	0	2708.76	0	0
16927	C	C	2622.7	36.3724	191	184	0	2622.7	0	0
16928	C	C	2689.64	36.3814	194	189	0	2689.64	0	0
16929	T	T	2666.3	36.3873	196	196	0	0	0	2666.3
16930	T	T	2667.17	36.3844	195	195	0	0	0	2667.17
16931	A	A	2724.14	36.3987	200	200	2724.14	0	0	0
16932	A	A	2681.7	36.3844	195	195	2681.7	0	0	0
16933	T	T	2678.17	35.8707	200	200	0	0	0	2678.17
16934	C	C	2699.2	35.8556	197	190	0	2699.2	0	0
16935	C	C	2693.65	35.8452	195	189	0	2693.65	0	0
16936	C	C	2739.14	35.8504	196	191	0	2739.14	0	0
16937	A	A	2683.42	36.1146	197	197	2683.42	0	0	0
16938	A	A	2688.09	36.1064	195	195	2688.09	0	0	0
16939	A	A	2689.16	36.1064	195	195	2689.16	0	0	0
16940	A	A	2671.71	36.0938	192	192	2671.71	0	0	0
16941	T	T	2648.9	36.0938	192	192	0	0	0	2648.9
16942	A	A	2726.46	36.1064	195	195	2726.46	0	0	0
16943	A	A	2712.89	36.1146	197	197	2712.89	0	0	0
16944	T	T	2767.66	36.1609	209	209	0	0	0	2767.66
16945	T	T	2751.84	36.1422	204	204	0	0	0	2751.84
16946	C	C	2766.5	36.146	205	197	0	2766.5	0	0
16947	T	T	2803.31	36.1535	207	207	0	0	0	2803.31
16948	A	A	2780.7	36.1384	203	203	2780.7	0	0	0
16949	G	G	2810.38	36.1187	198	195	0	0	2810.38	0
16950	G	G	2744.17	36.1267	200	192	0	0	2744.17	0
16951	A	A	2710.67	36.1106	196	196	2710.67	0	0	0
16952	C	C	2811.23	36.1227	199	195	0	2811.23	0	0
16953	C	C	2852.61	36.1187	198	197	0	2852.61	0	0
16954	T	T	2736.62	36.1267	200	200	0	0	0	2736.62
16955	A	A	2703.55	36.1306	201	201	2703.55	0	0	0
16956	T	T	2708.26	36.1146	197	197	0	0	0	2708.26
16957	T	T	2679.88	36.1023	194	194	0	0	0	2679.88
16958	T	T	2675.46	36.0938	192	192	0	0	0	2675.46
16959	A	A	2603.8	36.0938	192	192	2603.8	0	0	0
16960	C	C	2651.21	36.3662	189	185	0	2651.21	0	0
16961	T	T	2572.47	36.3693	190	190	0	0	0	2572.47
16962	G	G	2703.74	36.3814	194	189	0	0	2703.74	0
16963	T	T	2623.87	36.3814	194	194	0	0	0	2623.87
16964	A	A	2645.97	36.3814	194	194	2645.97	0	0	0
16965	A	A	2689.22	36.3902	197	197	2689.22	0	0	0
16966	A	A	2654.3	36.3873	196	196	2654.3	0	0	0
16967	T	T	2693.9	36.3873	196	196	0	0	0	2693.9
16968	A	A	2606.62	36.3784	193	193	2606.62	0	0	0
16969	T	T	2632.33	36.3754	192	192	0	0	0	2632.33
16970	A	A	2557.83	36.3693	190	190	2557.83	0	0	0
16971	G	G	2572.89	36.3599	187	181	0	0	2572.89	0
16972	T	T	2604.93	36.3599	187	187	0	0	0	2604.93
16973	T	T	2532.61	36.6594	182	182	0	0	0	2532.61
16974	T	T	2495.48	36.6539	179	179	0	0	0	2495.48
16975	A	A	2414.83	37	178	178	2414.83	0	0	0
16976	A	A	2392.44	37	177	177	2392.44	0	0	0
16977	C	C	2545.08	37	178	176	0	2545.08	0	0
16978	A	A	2396.51	37	181	181	2396.51	0	0	0
16979	A	A	2324.49	37	176	176	2324.49	0	0	0
16980	A	A	2258.16	37	170	170	2258.16	0	0	0
16981	A	A	2235.45	37	168	168	2235.45	0	0	0
16982	A	A	2164.86	37	164	164	2164.86	0	0	0
16983	C	C	2293.38	37	162	159	0	2293.38	0	0
16984	A	A	2071.87	37	156	156	2071.87	0	0	0
16985	T	T	2151.21	37	153	153	0	0	0	2151.21
16986	T	T	2103.29	37	149	149	0	0	0	2103.29
16987	A	A	1935.05	37	142	142	1935.05	0	0	0
16988	G	G	1884.99	37	140	133	0	0	1884.99	0
16989	A	A	1878.38	37	139	139	1878.38	0	0	0
16990	T	T	1940.67	37	135	135	0	0	0	1940.67
16991	T	T	1902.49	37	131	131	0	0	0	1902.49
16992	G	G	1644.62	37	128	119	0	0	1644.62	0
16993	T	T	1806.47	37	125	125	0	0	0	1806.47
16994	G	G	1642.46	37	124	117	0	0	1642.46	0
16995	A	A	1507.7	37	115	115	1507.7	0	0	0
16996	A	A	1432.96	37	109	109	1432.96	0	0	0
16997	T	T	1523.29	37	105	105	0	0	0	1523.29
16998	C	C	1414.27	37	99	98	0	1414.27	0	0
16999	T	T	1425.03	37	98	98	0	0	0	1425.03
17000	A	A	1156.33	37	95	95	1156.33	0	0	0
17001	A	A	1050.9	37	90	90	1050.9	0	0	0
17002	T	T	1191.59	37	82	82	0	0	0	1191.59
17003	A	A	882.393	37	78	78	882.393	0	0	0
17004	A	A	805.074	37	71	71	805.074	0	0	0
17005	T	T	972.747	37	67	67	0	0	0	972.747
17006	A	A	635.115	37	58	58	635.115	0	0	0
17007	A	A	549.096	37	49	49	549.096	0	0	0
17008	A	A	491.422	37	47	47	491.422	0	0	0
17009	A	A	414.742	37	43	43	414.742	0	0	0
17010	G	G	425.849	37	37	32	0	0	425.849	0
17011	C	C	476.693	37	33	33	0	476.693	0	0
17012	C	C	403.744	37	28	28	0	403.744	0	0
17013	C	C	330.794	37	23	23	0	330.794	0	0
17014	A	A	105.692	37	17	17	105.692	0	1.17117e-10	0
17015	A	A	78.2083	37	14	14	78.2083	0	6.5608e-08	0
17016	G	G	101.197	37	8	8	1.09888e-10	1.09886e-10	101.197	1.09891e-10
17017	T	T	53.5881	37	4	4	6.33648e-06	6.33652e-06	6.33662e-06	53.5881
