Command line: /home/bfj994/miniconda3/envs/denovo/bin/spades.py	-s	/maps/projects/wintherpedersen/people/bfj994/keelime/data/PB100kHigh_fin_5000.fq.gz	-o	/maps/projects/wintherpedersen/people/bfj994/keelime/sim/PB100kHigh_fin_5000_spades2	

System information:
  SPAdes version: 4.2.0
  Python version: 3.13.3
  OS: Linux-4.18.0-553.40.1.el8_10.x86_64-x86_64-with-glibc2.28

Output dir: /maps/projects/wintherpedersen/people/bfj994/keelime/sim/PB100kHigh_fin_5000_spades2
Mode: read error correction and assembling
Debug mode is turned OFF

Dataset parameters:
  Standard mode
  For multi-cell/isolate data we recommend to use '--isolate' option; for single-cell MDA data use '--sc'; for metagenomic data use '--meta'; for RNA-Seq use '--rna'.
  Reads:
    Library number: 1, library type: single
      left reads: not specified
      right reads: not specified
      interlaced reads: not specified
      single reads: ['/maps/projects/wintherpedersen/people/bfj994/keelime/data/PB100kHigh_fin_5000.fq.gz']
      merged reads: not specified
Read error correction parameters:
  Iterations: 1
  PHRED offset will be auto-detected
  Corrected reads will be compressed
Assembly parameters:
  k: automatic selection based on read length
  Repeat resolution is enabled
  Mismatch careful mode is turned OFF
  MismatchCorrector will be SKIPPED
  Coverage cutoff is turned OFF
  Assembly graph output will use GFA v1.2 format
Other parameters:
  Dir for temp files: /maps/projects/wintherpedersen/people/bfj994/keelime/sim/PB100kHigh_fin_5000_spades2/tmp
  Threads: 16
  Memory limit (in Gb): 250


======= SPAdes pipeline started. Log can be found here: /maps/projects/wintherpedersen/people/bfj994/keelime/sim/PB100kHigh_fin_5000_spades2/spades.log

/maps/projects/wintherpedersen/people/bfj994/keelime/data/PB100kHigh_fin_5000.fq.gz: max reads length: 141

Reads length: 141


===== Before start started. 


===== Read error correction started. 


===== Read error correction started. 


== Running: /home/bfj994/miniconda3/envs/denovo/bin/spades-hammer /maps/projects/wintherpedersen/people/bfj994/keelime/sim/PB100kHigh_fin_5000_spades2/corrected/configs/config.info

  0:00:00.000     1M / 19M   INFO    General                 (main.cpp                  :  76)   Starting BayesHammer, built from N/A, git revision N/A
  0:00:00.011     1M / 19M   INFO    General                 (main.cpp                  :  77)   Loading config from "/maps/projects/wintherpedersen/people/bfj994/keelime/sim/PB100kHigh_fin_5000_spades2/corrected/configs/config.info"
  0:00:00.027     1M / 19M   INFO    General                 (main.cpp                  :  79)   Maximum # of threads to use (adjusted due to OMP capabilities): 16
  0:00:00.027     1M / 19M   INFO    General                 (memory_limit.cpp          :  55)   Memory limit set to 250 Gb
  0:00:00.027     1M / 19M   INFO    General                 (main.cpp                  :  87)   Trying to determine PHRED offset
  0:00:00.028     1M / 19M   INFO    General                 (main.cpp                  :  93)   Determined value is 64
  0:00:00.032     1M / 19M   INFO    General                 (hammer_tools.cpp          :  40)   Hamming graph threshold tau=1, k=21, subkmer positions = [ 0 10 ]
  0:00:00.033     1M / 19M   INFO    General                 (main.cpp                  : 114)   Size of aux. kmer data 24 bytes
     === ITERATION 0 begins ===
  0:00:00.038     1M / 19M   INFO    General                 (kmer_index_builder.hpp    : 308)   Splitting kmer instances into 16 files using 16 threads. This might take a while.
  0:00:00.068     1M / 19M   INFO    General                 (file_limit.hpp            :  43)   Open file limit set to 1024
  0:00:00.068     1M / 19M   INFO    General                 (kmer_splitter.hpp         :  96)   Memory available for splitting buffers: 5.20833 Gb
  0:00:00.068     1M / 19M   INFO    General                 (kmer_splitter.hpp         : 104)   Using cell size of 4194304
  0:00:00.073  9217M / 9217M INFO   K-mer Splitting          (kmer_data.cpp             :  98)   Processing "/maps/projects/wintherpedersen/people/bfj994/keelime/data/PB100kHigh_fin_5000.fq.gz"
  0:00:00.200  9217M / 9217M INFO   K-mer Splitting          (kmer_data.cpp             : 113)   Total 4998 reads processed
  0:00:00.202     1M / 29M   INFO    General                 (kmer_index_builder.hpp    : 314)   Starting k-mer counting.
  0:00:00.323     1M / 41M   INFO    General                 (kmer_index_builder.hpp    : 325)   K-mer counting done. There are 51530 kmers in total.
  0:00:00.328     1M / 41M   INFO   K-mer Index Building     (kmer_index_builder.hpp    : 460)   Building perfect hash indices
  0:00:00.333     1M / 41M   INFO   K-mer Index Building     (kmer_index_builder.hpp    : 496)   Index built. Total 51530 kmers, 49488 bytes occupied (7.68298 bits per kmer).
  0:00:00.333     1M / 41M   INFO   K-mer Counting           (kmer_data.cpp             : 355)   Arranging kmers in hash map order
  0:00:00.362     1M / 41M   INFO    General                 (main.cpp                  : 149)   Clustering Hamming graph.
  0:00:00.374     1M / 41M   INFO    General                 (main.cpp                  : 156)   Extracting clusters:
  0:00:00.374     1M / 41M   INFO    General                 (concurrent_dsu.cpp        :  19)   Connecting to root
  0:00:00.374     1M / 41M   INFO    General                 (concurrent_dsu.cpp        :  35)   Calculating counts
  0:00:00.378     3M / 41M   INFO    General                 (concurrent_dsu.cpp        :  64)   Writing down entries
  0:00:00.391     1M / 42M   INFO    General                 (main.cpp                  : 168)   Clustering done. Total clusters: 33900
  0:00:00.391     1M / 42M   INFO   K-mer Counting           (kmer_data.cpp             : 372)   Collecting K-mer information, this takes a while.
  0:00:00.391     2M / 42M   INFO   K-mer Counting           (kmer_data.cpp             : 378)   Processing "/maps/projects/wintherpedersen/people/bfj994/keelime/data/PB100kHigh_fin_5000.fq.gz"
  0:00:00.400     2M / 42M   INFO   K-mer Counting           (kmer_data.cpp             : 385)   Collection done, postprocessing.
  0:00:00.400     2M / 42M   INFO   K-mer Counting           (kmer_data.cpp             : 398)   There are 51530 kmers in total. Among them 17382 (33.7318%) are singletons.
  0:00:00.400     2M / 42M   INFO    General                 (main.cpp                  : 174)   Subclustering Hamming graph
  0:00:00.412     2M / 42M   INFO   Hamming Subclustering    (kmer_cluster.cpp          : 637)   Subclustering done. Total 0 non-read kmers were generated.
  0:00:00.412     2M / 42M   INFO   Hamming Subclustering    (kmer_cluster.cpp          : 638)   Subclustering statistics:
  0:00:00.412     2M / 42M   INFO   Hamming Subclustering    (kmer_cluster.cpp          : 639)     Total singleton hamming clusters: 20144. Among them 18976 (94.2017%) are good
  0:00:00.412     2M / 42M   INFO   Hamming Subclustering    (kmer_cluster.cpp          : 640)     Total singleton subclusters: 2. Among them 2 (100%) are good
  0:00:00.412     2M / 42M   INFO   Hamming Subclustering    (kmer_cluster.cpp          : 641)     Total non-singleton subcluster centers: 13779. Among them 13113 (95.1666%) are good
  0:00:00.412     2M / 42M   INFO   Hamming Subclustering    (kmer_cluster.cpp          : 642)     Average size of non-trivial subcluster: 2.27781 kmers
  0:00:00.412     2M / 42M   INFO   Hamming Subclustering    (kmer_cluster.cpp          : 643)     Average number of sub-clusters per non-singleton cluster: 1.00182
  0:00:00.412     2M / 42M   INFO   Hamming Subclustering    (kmer_cluster.cpp          : 644)     Total solid k-mers: 32091
  0:00:00.413     2M / 42M   INFO   Hamming Subclustering    (kmer_cluster.cpp          : 645)     Substitution probabilities: (     0.997947  0.000200493   0.00169941  0.000152756 )
(  0.000698002      0.89004  0.000760324     0.108502 )
(     0.107343  0.000761386     0.891122  0.000773868 )
(  0.000152939  0.000640431   0.00014338     0.999063 )
  0:00:00.414     2M / 42M   INFO    General                 (main.cpp                  : 179)   Finished clustering.
  0:00:00.414     2M / 42M   INFO    General                 (main.cpp                  : 198)   Starting solid k-mers expansion in 16 threads.
  0:00:00.423     2M / 42M   INFO    General                 (main.cpp                  : 219)   Solid k-mers iteration 0 produced 226 new k-mers.
  0:00:00.432     2M / 42M   INFO    General                 (main.cpp                  : 219)   Solid k-mers iteration 1 produced 0 new k-mers.
  0:00:00.432     2M / 42M   INFO    General                 (main.cpp                  : 223)   Solid k-mers finalized
  0:00:00.432     2M / 42M   INFO    General                 (hammer_tools.cpp          : 226)   Starting read correction in 16 threads.
  0:00:00.432     2M / 42M   INFO    General                 (hammer_tools.cpp          : 270)   Correcting single reads: "/maps/projects/wintherpedersen/people/bfj994/keelime/data/PB100kHigh_fin_5000.fq.gz"
  0:00:00.500   176M / 213M  INFO    General                 (hammer_tools.cpp          : 131)   Prepared batch 0 of 4998 reads.
  0:00:00.502   176M / 213M  INFO    General                 (hammer_tools.cpp          : 136)   Processed batch 0
  0:00:00.504   176M / 213M  INFO    General                 (hammer_tools.cpp          : 140)   Written batch 0
  0:00:00.540     2M / 213M  INFO    General                 (hammer_tools.cpp          : 280)   Correction done. Changed 319 bases in 313 reads.
  0:00:00.541     2M / 213M  INFO    General                 (hammer_tools.cpp          : 281)   Failed to correct 0 bases out of 216097.
  0:00:00.541     1M / 213M  INFO    General                 (main.cpp                  : 256)   Saving corrected dataset description to /maps/projects/wintherpedersen/people/bfj994/keelime/sim/PB100kHigh_fin_5000_spades2/corrected/corrected.yaml
  0:00:00.550     1M / 213M  INFO    General                 (main.cpp                  : 263)   All done. Exiting.

===== Read error correction finished. 


===== corrected reads compression started. 


== Running: /home/bfj994/miniconda3/envs/denovo/bin/python3 /home/bfj994/miniconda3/envs/denovo/share/spades/spades_pipeline/scripts/compress_all.py --input_file /maps/projects/wintherpedersen/people/bfj994/keelime/sim/PB100kHigh_fin_5000_spades2/corrected/corrected.yaml --ext_python_modules_home /home/bfj994/miniconda3/envs/denovo/share/spades --max_threads 16 --output_dir /maps/projects/wintherpedersen/people/bfj994/keelime/sim/PB100kHigh_fin_5000_spades2/corrected --gzip_output

== Compressing corrected reads (with pigz)
== Files to compress: ['/maps/projects/wintherpedersen/people/bfj994/keelime/sim/PB100kHigh_fin_5000_spades2/corrected/PB100kHigh_fin_5000.fq00.0_0.cor.fastq']
== Files compression is finished
== Dataset yaml file is updated

===== corrected reads compression finished. 


===== Read error correction finished. 


===== Assembling started. 


===== K21 started. 


== Running: /home/bfj994/miniconda3/envs/denovo/bin/spades-core /maps/projects/wintherpedersen/people/bfj994/keelime/sim/PB100kHigh_fin_5000_spades2/K21/configs/config.info

  0:00:00.000     1M / 19M   INFO    General                 (main.cpp                  :  94)   Loaded config from "/maps/projects/wintherpedersen/people/bfj994/keelime/sim/PB100kHigh_fin_5000_spades2/K21/configs/config.info"
  0:00:00.001     1M / 19M   INFO    General                 (memory_limit.cpp          :  55)   Memory limit set to 250 Gb
  0:00:00.001     1M / 19M   INFO    General                 (main.cpp                  : 102)   Starting SPAdes, built from N/A, git revision N/A
  0:00:00.001     1M / 19M   INFO    General                 (main.cpp                  : 103)   Maximum k-mer length: 128
  0:00:00.001     1M / 19M   INFO    General                 (main.cpp                  : 104)   Assembling dataset ("/maps/projects/wintherpedersen/people/bfj994/keelime/sim/PB100kHigh_fin_5000_spades2/dataset.info") with K=21
  0:00:00.002     1M / 19M   INFO    General                 (main.cpp                  : 105)   Maximum # of threads to use (adjusted due to OMP capabilities): 16
  0:00:00.002     1M / 19M   INFO    General                 (pipeline.cpp              : 221)   SPAdes started
  0:00:00.002     1M / 19M   INFO    General                 (pipeline.cpp              : 234)   Starting from stage: read_conversion
  0:00:00.002     1M / 19M   INFO    General                 (pipeline.cpp              : 245)   Two-step repeat resolution disabled
  0:00:00.002     1M / 19M   INFO   GraphCore                (graph_core.hpp            : 689)   Graph created, vertex min_id: 3, edge min_id: 3
  0:00:00.002     1M / 19M   INFO   GraphCore                (graph_core.hpp            : 690)   Vertex size: 48, edge size: 40
  0:00:00.002     1M / 19M   INFO    General                 (edge_index.hpp            : 132)   Size of edge index entries: 12/8
  0:00:00.002     1M / 19M   INFO   StageManager             (stage.cpp                 : 212)   STAGE == Binary Read Conversion (id: read_conversion)
  0:00:00.006     1M / 19M   INFO    General                 (read_converter.cpp        :  78)   Converting reads to binary format for library #0 (takes a while)
  0:00:00.007     1M / 19M   INFO    General                 (read_converter.cpp        :  99)   Converting paired reads
  0:00:00.015    29M / 38M   INFO    General                 (binary_converter.cpp      : 143)   0 reads written
  0:00:00.016     1M / 38M   INFO    General                 (read_converter.cpp        : 113)   Converting single reads
  0:00:00.030    40M / 50M   INFO    General                 (binary_converter.cpp      : 143)   4760 reads written
  0:00:00.031    27M / 50M   INFO    General                 (read_converter.cpp        : 119)   Converting merged reads
  0:00:00.036    40M / 50M   INFO    General                 (binary_converter.cpp      : 143)   0 reads written
  0:00:00.051     1M / 51M   INFO   StageManager             (stage.cpp                 : 212)   STAGE == de Bruijn graph construction (id: construction)
  0:00:00.063     1M / 51M   INFO    General                 (construction.cpp          : 150)   Max read length 140
  0:00:00.063     1M / 51M   INFO    General                 (construction.cpp          : 156)   Average read length 44.825
  0:00:00.063     1M / 51M   INFO    General                 (stage.cpp                 : 121)   PROCEDURE == k+1-mer counting (id: construction:kpomer_counting)
  0:00:00.063     1M / 51M   INFO    General                 (kmer_index_builder.hpp    : 308)   Splitting kmer instances into 160 files using 16 threads. This might take a while.
  0:00:00.350     1M / 51M   INFO    General                 (file_limit.hpp            :  43)   Open file limit set to 1024
  0:00:00.350     1M / 51M   INFO    General                 (kmer_splitter.hpp         :  96)   Memory available for splitting buffers: 5.20833 Gb
  0:00:00.350     1M / 51M   INFO    General                 (kmer_splitter.hpp         : 104)   Using cell size of 419430
  0:00:01.513     1M / 930M  INFO    General                 (kmer_splitters.hpp        : 134)   Used 9520 reads
  0:00:01.515     1M / 930M  INFO    General                 (kmer_index_builder.hpp    : 314)   Starting k-mer counting.
  0:00:02.401     1M / 930M  INFO    General                 (kmer_index_builder.hpp    : 325)   K-mer counting done. There are 21124 kmers in total.
  0:00:02.402     1M / 930M  INFO    General                 (stage.cpp                 : 121)   PROCEDURE == Extension index construction (id: construction:extension_index_construction)
  0:00:02.503     1M / 930M  INFO   K-mer Index Building     (kmer_index_builder.hpp    : 503)   Building kmer index
  0:00:02.503     1M / 930M  INFO    General                 (kmer_index_builder.hpp    : 308)   Splitting kmer instances into 160 files using 16 threads. This might take a while.
  0:00:02.824     2M / 930M  INFO    General                 (file_limit.hpp            :  43)   Open file limit set to 1024
  0:00:02.824     2M / 930M  INFO    General                 (kmer_splitter.hpp         :  96)   Memory available for splitting buffers: 5.20831 Gb
  0:00:02.824     2M / 930M  INFO    General                 (kmer_splitter.hpp         : 104)   Using cell size of 419430
  0:00:03.958  9602M / 9602M INFO    General                 (kmer_splitters.hpp        : 197)   Processed 21124 kmers
  0:00:03.958  9602M / 9602M INFO    General                 (kmer_splitters.hpp        : 202)   Used 21124 kmers.
  0:00:03.960     2M / 930M  INFO    General                 (kmer_index_builder.hpp    : 314)   Starting k-mer counting.
  0:00:04.758     2M / 930M  INFO    General                 (kmer_index_builder.hpp    : 325)   K-mer counting done. There are 21117 kmers in total.
  0:00:04.759     2M / 930M  INFO   K-mer Index Building     (kmer_index_builder.hpp    : 460)   Building perfect hash indices
  0:00:04.788     2M / 930M  INFO   K-mer Index Building     (kmer_index_builder.hpp    : 496)   Index built. Total 21117 kmers, 140480 bytes occupied (53.2197 bits per kmer).
  0:00:04.788     2M / 930M  INFO    General                 (kmer_index_builder.hpp    : 191)   Merging final buckets.
  0:00:05.236     2M / 930M  INFO   DeBruijnExtensionIndexBu (kmer_extension_index_build: 101)   Building k-mer extensions from k+1-mers
  0:00:05.242     2M / 930M  INFO   DeBruijnExtensionIndexBu (kmer_extension_index_build: 106)   Building k-mer extensions from k+1-mers finished.
  0:00:05.242     2M / 930M  INFO    General                 (stage.cpp                 : 121)   PROCEDURE == Early tip clipping (id: construction:early_tip_clipper)
  0:00:05.242     2M / 930M  INFO    General                 (construction.cpp          : 298)   Early tip clipper length bound set as (RL - K)
  0:00:05.242     2M / 930M  INFO   Early tip clipping       (early_simplification.hpp  :  48)   Early tip clipping
  0:00:05.246     2M / 930M  INFO   Early tip clipping       (early_simplification.hpp  :  83)   #tipped junctions: 1504
  0:00:05.247     2M / 930M  INFO   Early tip clipping       (early_simplification.hpp  :  94)   Clipped tips: 1504
  0:00:05.247     2M / 930M  INFO   Early tip clipping       (early_simplification.hpp  :  50)   4352 22-mers were removed by early tip clipper
  0:00:05.247     2M / 930M  INFO    General                 (stage.cpp                 : 121)   PROCEDURE == Condensing graph (id: construction:graph_condensing)
  0:00:05.249     2M / 930M  INFO   UnbranchingPathExtractor (debruijn_graph_constructor: 324)   Extracting unbranching paths
  0:00:05.250     2M / 930M  INFO   UnbranchingPathExtractor (debruijn_graph_constructor: 348)   Extracting unbranching paths finished. 75 sequences extracted
  0:00:05.251     2M / 930M  INFO   UnbranchingPathExtractor (debruijn_graph_constructor: 362)   Collecting perfect loops
  0:00:05.254     2M / 930M  INFO   UnbranchingPathExtractor (debruijn_graph_constructor: 395)   Collecting perfect loops finished. 0 loops collected
  0:00:05.254     2M / 930M  INFO   DeBruijnGraphConstructor (debruijn_graph_constructor: 593)   Sorting edges...
  0:00:05.254     2M / 930M  INFO   DeBruijnGraphConstructor (debruijn_graph_constructor: 598)   Edges sorted
  0:00:05.254     2M / 930M  INFO    General                 (debruijn_graph_constructor: 511)   Total 150 edges to create
  0:00:05.254     2M / 930M  INFO    General                 (debruijn_graph_constructor: 514)   Collecting link records
  0:00:05.254     2M / 930M  INFO    General                 (debruijn_graph_constructor: 519)   Ordering link records
  0:00:05.254     2M / 930M  INFO    General                 (debruijn_graph_constructor: 525)   Sorting done
  0:00:05.254     2M / 930M  INFO    General                 (debruijn_graph_constructor: 538)   Sorting LinkRecords...
  0:00:05.254     2M / 930M  INFO    General                 (debruijn_graph_constructor: 544)   LinkRecords sorted
  0:00:05.254     2M / 930M  INFO    General                 (debruijn_graph_constructor: 546)   Total 68 vertices to create
  0:00:05.254     2M / 930M  INFO    General                 (debruijn_graph_constructor: 549)   Connecting the graph
  0:00:05.254     2M / 930M  INFO    General                 (stage.cpp                 : 121)   PROCEDURE == Filling coverage indices (PHM) (id: construction:coverage_filling_phm)
  0:00:05.254     2M / 930M  INFO   K-mer Index Building     (kmer_index_builder.hpp    : 460)   Building perfect hash indices
  0:00:05.294     2M / 930M  INFO   K-mer Index Building     (kmer_index_builder.hpp    : 496)   Index built. Total 21124 kmers, 140472 bytes occupied (53.199 bits per kmer).
  0:00:05.295     2M / 930M  INFO    General                 (coverage_hash_map_builder.:  49)   Collecting k-mer coverage information from reads, this takes a while.
  0:00:05.297     2M / 930M  INFO    General                 (construction.cpp          : 400)   Filling coverage and flanking coverage from PHM
  0:00:05.549     1M / 930M  INFO   StageManager             (stage.cpp                 : 212)   STAGE == EC Threshold Finding (id: ec_threshold_finder)
  0:00:05.549     1M / 930M  INFO    General                 (kmer_coverage_model.cpp   : 182)   Kmer coverage valley at: 0
  0:00:05.549     1M / 930M  INFO    General                 (kmer_coverage_model.cpp   : 202)   K-mer histogram maximum: 5
  0:00:05.549     1M / 930M  INFO    General                 (kmer_coverage_model.cpp   : 238)   Estimated median coverage: 6. Coverage mad: 4.4478
  0:00:05.549     1M / 930M  INFO    General                 (kmer_coverage_model.cpp   : 260)   Fitting coverage model
  0:00:05.552     1M / 930M  INFO    General                 (kmer_coverage_model.cpp   : 296)   ... iteration 2
  0:00:05.561     1M / 930M  INFO    General                 (kmer_coverage_model.cpp   : 296)   ... iteration 4
  0:00:05.592     1M / 930M  INFO    General                 (kmer_coverage_model.cpp   : 296)   ... iteration 8
  0:00:05.658     1M / 930M  INFO    General                 (kmer_coverage_model.cpp   : 296)   ... iteration 16
  0:00:05.779     1M / 930M  INFO    General                 (kmer_coverage_model.cpp   : 296)   ... iteration 32
  0:00:06.016     1M / 930M  INFO    General                 (kmer_coverage_model.cpp   : 296)   ... iteration 64
  0:00:06.102     1M / 930M  INFO    General                 (kmer_coverage_model.cpp   : 310)   Fitted mean coverage: 6.4818. Fitted coverage std. dev: 2.45523
  0:00:06.103     1M / 930M  INFO    General                 (kmer_coverage_model.cpp   : 335)   Probability of erroneous kmer at valley: 0.977902
  0:00:06.103     1M / 930M  INFO    General                 (kmer_coverage_model.cpp   : 359)   Preliminary threshold calculated as: 5
  0:00:06.103     1M / 930M  INFO    General                 (kmer_coverage_model.cpp   : 363)   Threshold adjusted to: 3
  0:00:06.103     1M / 930M  INFO    General                 (kmer_coverage_model.cpp   : 376)   Estimated genome size (ignoring repeats): 15755
  0:00:06.103     1M / 930M  INFO    General                 (genomic_info_filler.cpp   :  56)   Mean coverage was calculated as 6.4818
  0:00:06.103     1M / 930M  INFO    General                 (genomic_info_filler.cpp   :  71)   EC coverage threshold value was calculated as 3
  0:00:06.103     1M / 930M  INFO    General                 (genomic_info_filler.cpp   :  72)   Trusted kmer low bound: 0
  0:00:06.103     1M / 930M  INFO   StageManager             (stage.cpp                 : 212)   STAGE == Raw Simplification (id: raw_simplification)
  0:00:06.103     1M / 930M  INFO    General                 (simplification.cpp        : 129)   PROCEDURE == Initial cleaning
  0:00:06.103     1M / 930M  INFO    General                 (simplification.cpp        :  68)   Most init cleaning disabled since detected mean 6.4818 was less than activation coverage 10
  0:00:06.103     1M / 930M  INFO   Simplification           (parallel_processing.hpp   : 168)   Running Self conjugate edge remover
  0:00:06.103     1M / 930M  INFO   Simplification           (parallel_processing.hpp   : 171)   Self conjugate edge remover triggered 0 times
  0:00:06.103     1M / 930M  INFO   StageManager             (stage.cpp                 : 212)   STAGE == Simplification (id: simplification)
  0:00:06.103     1M / 930M  INFO    General                 (simplification.cpp        : 397)   Graph simplification started
  0:00:06.103     1M / 930M  INFO    General                 (graph_simplification.hpp  : 646)   Creating parallel br instance
  0:00:06.103     1M / 930M  INFO    General                 (simplification.cpp        : 402)   PROCEDURE == Simplification cycle, iteration 1
  0:00:06.103     1M / 930M  INFO   Simplification           (parallel_processing.hpp   : 168)   Running Tip clipper
  0:00:06.105     1M / 930M  INFO   Simplification           (parallel_processing.hpp   : 171)   Tip clipper triggered 24 times
  0:00:06.105     1M / 930M  INFO   Simplification           (parallel_processing.hpp   : 168)   Running Bulge remover
  0:00:06.106     1M / 930M  INFO   Simplification           (parallel_processing.hpp   : 171)   Bulge remover triggered 4 times
  0:00:06.106     1M / 930M  INFO   Simplification           (parallel_processing.hpp   : 168)   Running Low coverage edge remover
  0:00:06.106     1M / 930M  INFO   Simplification           (parallel_processing.hpp   : 171)   Low coverage edge remover triggered 0 times
  0:00:06.106     1M / 930M  INFO    General                 (simplification.cpp        : 402)   PROCEDURE == Simplification cycle, iteration 2
  0:00:06.106     1M / 930M  INFO   Simplification           (parallel_processing.hpp   : 168)   Running Tip clipper
  0:00:06.106     1M / 930M  INFO   Simplification           (parallel_processing.hpp   : 171)   Tip clipper triggered 0 times
  0:00:06.106     1M / 930M  INFO   Simplification           (parallel_processing.hpp   : 168)   Running Bulge remover
  0:00:06.106     1M / 930M  INFO   Simplification           (parallel_processing.hpp   : 171)   Bulge remover triggered 0 times
  0:00:06.106     1M / 930M  INFO   Simplification           (parallel_processing.hpp   : 168)   Running Low coverage edge remover
  0:00:06.106     1M / 930M  INFO   Simplification           (parallel_processing.hpp   : 171)   Low coverage edge remover triggered 0 times
  0:00:06.106     1M / 930M  INFO    General                 (simplification.cpp        : 402)   PROCEDURE == Simplification cycle, iteration 3
  0:00:06.106     1M / 930M  INFO   Simplification           (parallel_processing.hpp   : 168)   Running Tip clipper
  0:00:06.106     1M / 930M  INFO   Simplification           (parallel_processing.hpp   : 171)   Tip clipper triggered 0 times
  0:00:06.106     1M / 930M  INFO   Simplification           (parallel_processing.hpp   : 168)   Running Bulge remover
  0:00:06.106     1M / 930M  INFO   Simplification           (parallel_processing.hpp   : 171)   Bulge remover triggered 0 times
  0:00:06.106     1M / 930M  INFO   Simplification           (parallel_processing.hpp   : 168)   Running Low coverage edge remover
  0:00:06.106     1M / 930M  INFO   Simplification           (parallel_processing.hpp   : 171)   Low coverage edge remover triggered 0 times
  0:00:06.106     1M / 930M  INFO    General                 (simplification.cpp        : 402)   PROCEDURE == Simplification cycle, iteration 4
  0:00:06.106     1M / 930M  INFO   Simplification           (parallel_processing.hpp   : 168)   Running Tip clipper
  0:00:06.106     1M / 930M  INFO   Simplification           (parallel_processing.hpp   : 171)   Tip clipper triggered 0 times
  0:00:06.106     1M / 930M  INFO   Simplification           (parallel_processing.hpp   : 168)   Running Bulge remover
  0:00:06.106     1M / 930M  INFO   Simplification           (parallel_processing.hpp   : 171)   Bulge remover triggered 0 times
  0:00:06.106     1M / 930M  INFO   Simplification           (parallel_processing.hpp   : 168)   Running Low coverage edge remover
  0:00:06.106     1M / 930M  INFO   Simplification           (parallel_processing.hpp   : 171)   Low coverage edge remover triggered 1 times
  0:00:06.106     1M / 930M  INFO    General                 (simplification.cpp        : 402)   PROCEDURE == Simplification cycle, iteration 5
  0:00:06.106     1M / 930M  INFO   Simplification           (parallel_processing.hpp   : 168)   Running Tip clipper
  0:00:06.106     1M / 930M  INFO   Simplification           (parallel_processing.hpp   : 171)   Tip clipper triggered 0 times
  0:00:06.106     1M / 930M  INFO   Simplification           (parallel_processing.hpp   : 168)   Running Bulge remover
  0:00:06.106     1M / 930M  INFO   Simplification           (parallel_processing.hpp   : 171)   Bulge remover triggered 0 times
  0:00:06.106     1M / 930M  INFO   Simplification           (parallel_processing.hpp   : 168)   Running Low coverage edge remover
  0:00:06.106     1M / 930M  INFO   Simplification           (parallel_processing.hpp   : 171)   Low coverage edge remover triggered 0 times
  0:00:06.106     1M / 930M  INFO    General                 (simplification.cpp        : 402)   PROCEDURE == Simplification cycle, iteration 6
  0:00:06.106     1M / 930M  INFO   Simplification           (parallel_processing.hpp   : 168)   Running Tip clipper
  0:00:06.106     1M / 930M  INFO   Simplification           (parallel_processing.hpp   : 171)   Tip clipper triggered 0 times
  0:00:06.106     1M / 930M  INFO   Simplification           (parallel_processing.hpp   : 168)   Running Bulge remover
  0:00:06.106     1M / 930M  INFO   Simplification           (parallel_processing.hpp   : 171)   Bulge remover triggered 0 times
  0:00:06.106     1M / 930M  INFO   Simplification           (parallel_processing.hpp   : 168)   Running Low coverage edge remover
  0:00:06.106     1M / 930M  INFO   Simplification           (parallel_processing.hpp   : 171)   Low coverage edge remover triggered 0 times
  0:00:06.106     1M / 930M  INFO    General                 (simplification.cpp        : 402)   PROCEDURE == Simplification cycle, iteration 7
  0:00:06.106     1M / 930M  INFO   Simplification           (parallel_processing.hpp   : 168)   Running Tip clipper
  0:00:06.106     1M / 930M  INFO   Simplification           (parallel_processing.hpp   : 171)   Tip clipper triggered 0 times
  0:00:06.106     1M / 930M  INFO   Simplification           (parallel_processing.hpp   : 168)   Running Bulge remover
  0:00:06.106     1M / 930M  INFO   Simplification           (parallel_processing.hpp   : 171)   Bulge remover triggered 0 times
  0:00:06.106     1M / 930M  INFO   Simplification           (parallel_processing.hpp   : 168)   Running Low coverage edge remover
  0:00:06.106     1M / 930M  INFO   Simplification           (parallel_processing.hpp   : 171)   Low coverage edge remover triggered 0 times
  0:00:06.106     1M / 930M  INFO    General                 (simplification.cpp        : 402)   PROCEDURE == Simplification cycle, iteration 8
  0:00:06.106     1M / 930M  INFO   Simplification           (parallel_processing.hpp   : 168)   Running Tip clipper
  0:00:06.106     1M / 930M  INFO   Simplification           (parallel_processing.hpp   : 171)   Tip clipper triggered 0 times
  0:00:06.106     1M / 930M  INFO   Simplification           (parallel_processing.hpp   : 168)   Running Bulge remover
  0:00:06.106     1M / 930M  INFO   Simplification           (parallel_processing.hpp   : 171)   Bulge remover triggered 0 times
  0:00:06.106     1M / 930M  INFO   Simplification           (parallel_processing.hpp   : 168)   Running Low coverage edge remover
  0:00:06.106     1M / 930M  INFO   Simplification           (parallel_processing.hpp   : 171)   Low coverage edge remover triggered 0 times
  0:00:06.106     1M / 930M  INFO    General                 (simplification.cpp        : 402)   PROCEDURE == Simplification cycle, iteration 9
  0:00:06.106     1M / 930M  INFO   Simplification           (parallel_processing.hpp   : 168)   Running Tip clipper
  0:00:06.106     1M / 930M  INFO   Simplification           (parallel_processing.hpp   : 171)   Tip clipper triggered 0 times
  0:00:06.106     1M / 930M  INFO   Simplification           (parallel_processing.hpp   : 168)   Running Bulge remover
  0:00:06.106     1M / 930M  INFO   Simplification           (parallel_processing.hpp   : 171)   Bulge remover triggered 0 times
  0:00:06.106     1M / 930M  INFO   Simplification           (parallel_processing.hpp   : 168)   Running Low coverage edge remover
  0:00:06.106     1M / 930M  INFO   Simplification           (parallel_processing.hpp   : 171)   Low coverage edge remover triggered 0 times
  0:00:06.106     1M / 930M  INFO    General                 (simplification.cpp        : 402)   PROCEDURE == Simplification cycle, iteration 10
  0:00:06.106     1M / 930M  INFO   Simplification           (parallel_processing.hpp   : 168)   Running Tip clipper
  0:00:06.106     1M / 930M  INFO   Simplification           (parallel_processing.hpp   : 171)   Tip clipper triggered 0 times
  0:00:06.106     1M / 930M  INFO   Simplification           (parallel_processing.hpp   : 168)   Running Bulge remover
  0:00:06.106     1M / 930M  INFO   Simplification           (parallel_processing.hpp   : 171)   Bulge remover triggered 0 times
  0:00:06.106     1M / 930M  INFO   Simplification           (parallel_processing.hpp   : 168)   Running Low coverage edge remover
  0:00:06.106     1M / 930M  INFO   Simplification           (parallel_processing.hpp   : 171)   Low coverage edge remover triggered 0 times
  0:00:06.107     1M / 930M  INFO    General                 (simplification.cpp        : 402)   PROCEDURE == Simplification cycle, iteration 11
  0:00:06.107     1M / 930M  INFO   Simplification           (parallel_processing.hpp   : 168)   Running Tip clipper
  0:00:06.107     1M / 930M  INFO   Simplification           (parallel_processing.hpp   : 171)   Tip clipper triggered 0 times
  0:00:06.107     1M / 930M  INFO   Simplification           (parallel_processing.hpp   : 168)   Running Bulge remover
  0:00:06.107     1M / 930M  INFO   Simplification           (parallel_processing.hpp   : 171)   Bulge remover triggered 0 times
  0:00:06.107     1M / 930M  INFO   Simplification           (parallel_processing.hpp   : 168)   Running Low coverage edge remover
  0:00:06.107     1M / 930M  INFO   Simplification           (parallel_processing.hpp   : 171)   Low coverage edge remover triggered 0 times
  0:00:06.107     1M / 930M  INFO   StageManager             (stage.cpp                 : 212)   STAGE == Simplification Cleanup (id: simplification_cleanup)
  0:00:06.107     1M / 930M  INFO    General                 (simplification.cpp        : 189)   PROCEDURE == Post simplification
  0:00:06.107     1M / 930M  INFO    General                 (graph_simplification.hpp  : 455)   Disconnection of relatively low covered edges disabled
  0:00:06.107     1M / 930M  INFO    General                 (graph_simplification.hpp  : 494)   Complex tip clipping disabled
  0:00:06.107     1M / 930M  INFO    General                 (graph_simplification.hpp  : 646)   Creating parallel br instance
  0:00:06.107     1M / 930M  INFO   Simplification           (parallel_processing.hpp   : 168)   Running Tip clipper
  0:00:06.107     1M / 930M  INFO   Simplification           (parallel_processing.hpp   : 171)   Tip clipper triggered 0 times
  0:00:06.107     1M / 930M  INFO   Simplification           (parallel_processing.hpp   : 168)   Running Bulge remover
  0:00:06.107     1M / 930M  INFO   Simplification           (parallel_processing.hpp   : 171)   Bulge remover triggered 0 times
  0:00:06.107     1M / 930M  INFO   Simplification           (parallel_processing.hpp   : 168)   Running Tip clipper
  0:00:06.107     1M / 930M  INFO   Simplification           (parallel_processing.hpp   : 171)   Tip clipper triggered 0 times
  0:00:06.107     1M / 930M  INFO   Simplification           (parallel_processing.hpp   : 168)   Running Bulge remover
  0:00:06.107     1M / 930M  INFO   Simplification           (parallel_processing.hpp   : 171)   Bulge remover triggered 0 times
  0:00:06.107     1M / 930M  INFO    General                 (simplification.cpp        : 348)   Disrupting self-conjugate edges
  0:00:06.107     1M / 930M  INFO   Simplification           (parallel_processing.hpp   : 168)   Running Removing isolated edges
  0:00:06.107     1M / 930M  INFO   Simplification           (parallel_processing.hpp   : 171)   Removing isolated edges triggered 0 times
  0:00:06.107     1M / 930M  INFO    General                 (simplification.cpp        : 508)   After simplification:
  0:00:06.107     1M / 930M  INFO    General                 (simplification.cpp        : 509)     Average coverage = 6.54809
  0:00:06.107     1M / 930M  INFO    General                 (simplification.cpp        : 510)     Total length = 16543
  0:00:06.107     1M / 930M  INFO    General                 (simplification.cpp        : 511)     Median edge length: 13639
  0:00:06.107     1M / 930M  INFO    General                 (simplification.cpp        : 512)     Edges: 28
  0:00:06.107     1M / 930M  INFO    General                 (simplification.cpp        : 513)     Vertices: 24
  0:00:06.107     1M / 930M  INFO   StageManager             (stage.cpp                 : 212)   STAGE == Contig Output (id: contig_output)
  0:00:06.109     1M / 930M  INFO    General                 (read_converter.cpp        : 135)   Outputting contigs to "/maps/projects/wintherpedersen/people/bfj994/keelime/sim/PB100kHigh_fin_5000_spades2/K21/simplified_contigs"
  0:00:06.116     5M / 930M  INFO    General                 (binary_converter.cpp      : 143)   14 reads written
  0:00:06.139     1M / 930M  INFO    General                 (pipeline.cpp              : 303)   SPAdes finished
  0:00:06.139     1M / 930M  INFO    General                 (main.cpp                  : 131)   Assembling time: 0 hours 0 minutes 6 seconds

===== K21 finished. 


===== K33 started. 


== Running: /home/bfj994/miniconda3/envs/denovo/bin/spades-core /maps/projects/wintherpedersen/people/bfj994/keelime/sim/PB100kHigh_fin_5000_spades2/K33/configs/config.info

  0:00:00.000     1M / 19M   INFO    General                 (main.cpp                  :  94)   Loaded config from "/maps/projects/wintherpedersen/people/bfj994/keelime/sim/PB100kHigh_fin_5000_spades2/K33/configs/config.info"
  0:00:00.001     1M / 19M   INFO    General                 (memory_limit.cpp          :  55)   Memory limit set to 250 Gb
  0:00:00.001     1M / 19M   INFO    General                 (main.cpp                  : 102)   Starting SPAdes, built from N/A, git revision N/A
  0:00:00.001     1M / 19M   INFO    General                 (main.cpp                  : 103)   Maximum k-mer length: 128
  0:00:00.001     1M / 19M   INFO    General                 (main.cpp                  : 104)   Assembling dataset ("/maps/projects/wintherpedersen/people/bfj994/keelime/sim/PB100kHigh_fin_5000_spades2/dataset.info") with K=33
  0:00:00.001     1M / 19M   INFO    General                 (main.cpp                  : 105)   Maximum # of threads to use (adjusted due to OMP capabilities): 16
  0:00:00.001     1M / 19M   INFO    General                 (pipeline.cpp              : 221)   SPAdes started
  0:00:00.001     1M / 19M   INFO    General                 (pipeline.cpp              : 234)   Starting from stage: read_conversion
  0:00:00.001     1M / 19M   INFO    General                 (pipeline.cpp              : 245)   Two-step repeat resolution disabled
  0:00:00.002     1M / 19M   INFO   GraphCore                (graph_core.hpp            : 689)   Graph created, vertex min_id: 3, edge min_id: 3
  0:00:00.002     1M / 19M   INFO   GraphCore                (graph_core.hpp            : 690)   Vertex size: 48, edge size: 40
  0:00:00.002     1M / 19M   INFO    General                 (edge_index.hpp            : 132)   Size of edge index entries: 12/8
  0:00:00.002     1M / 19M   INFO   StageManager             (stage.cpp                 : 212)   STAGE == Binary Read Conversion (id: read_conversion)
  0:00:00.003     1M / 19M   INFO    General                 (read_converter.cpp        :  57)   Binary reads detected
  0:00:00.005     1M / 19M   INFO   StageManager             (stage.cpp                 : 212)   STAGE == de Bruijn graph construction (id: construction)
  0:00:00.005     1M / 19M   INFO    General                 (construction.cpp          : 115)   Contigs from previous K will be used: /maps/projects/wintherpedersen/people/bfj994/keelime/sim/PB100kHigh_fin_5000_spades2/K21/simplified_contigs
  0:00:00.029     1M / 19M   INFO    General                 (construction.cpp          : 150)   Max read length 140
  0:00:00.029     1M / 19M   INFO    General                 (construction.cpp          : 156)   Average read length 44.825
  0:00:00.029     1M / 19M   INFO    General                 (stage.cpp                 : 121)   PROCEDURE == k+1-mer counting (id: construction:kpomer_counting)
  0:00:00.029     1M / 19M   INFO    General                 (kmer_index_builder.hpp    : 308)   Splitting kmer instances into 160 files using 16 threads. This might take a while.
  0:00:00.337     1M / 19M   INFO    General                 (file_limit.hpp            :  43)   Open file limit set to 1024
  0:00:00.337     1M / 19M   INFO    General                 (kmer_splitter.hpp         :  96)   Memory available for splitting buffers: 5.20833 Gb
  0:00:00.337     1M / 19M   INFO    General                 (kmer_splitter.hpp         : 104)   Using cell size of 209715
  0:00:01.444     2M / 62M   INFO    General                 (kmer_splitters.hpp        : 134)   Used 9548 reads
  0:00:01.445     2M / 62M   INFO    General                 (kmer_index_builder.hpp    : 314)   Starting k-mer counting.
  0:00:02.321     2M / 62M   INFO    General                 (kmer_index_builder.hpp    : 325)   K-mer counting done. There are 20015 kmers in total.
  0:00:02.321     1M / 62M   INFO    General                 (stage.cpp                 : 121)   PROCEDURE == Extension index construction (id: construction:extension_index_construction)
  0:00:02.412     2M / 62M   INFO   K-mer Index Building     (kmer_index_builder.hpp    : 503)   Building kmer index
  0:00:02.412     2M / 62M   INFO    General                 (kmer_index_builder.hpp    : 308)   Splitting kmer instances into 160 files using 16 threads. This might take a while.
  0:00:02.711     2M / 62M   INFO    General                 (file_limit.hpp            :  43)   Open file limit set to 1024
  0:00:02.711     2M / 62M   INFO    General                 (kmer_splitter.hpp         :  96)   Memory available for splitting buffers: 5.20831 Gb
  0:00:02.711     2M / 62M   INFO    General                 (kmer_splitter.hpp         : 104)   Using cell size of 209715
  0:00:03.746  9602M / 9602M INFO    General                 (kmer_splitters.hpp        : 197)   Processed 20015 kmers
  0:00:03.746  9602M / 9602M INFO    General                 (kmer_splitters.hpp        : 202)   Used 20015 kmers.
  0:00:03.747     2M / 80M   INFO    General                 (kmer_index_builder.hpp    : 314)   Starting k-mer counting.
  0:00:04.672     2M / 80M   INFO    General                 (kmer_index_builder.hpp    : 325)   K-mer counting done. There are 20095 kmers in total.
  0:00:04.673     2M / 80M   INFO   K-mer Index Building     (kmer_index_builder.hpp    : 460)   Building perfect hash indices
  0:00:04.716     2M / 80M   INFO   K-mer Index Building     (kmer_index_builder.hpp    : 496)   Index built. Total 20095 kmers, 139752 bytes occupied (55.6365 bits per kmer).
  0:00:04.716     2M / 80M   INFO    General                 (kmer_index_builder.hpp    : 191)   Merging final buckets.
  0:00:05.217     2M / 80M   INFO   DeBruijnExtensionIndexBu (kmer_extension_index_build: 101)   Building k-mer extensions from k+1-mers
  0:00:05.223     2M / 80M   INFO   DeBruijnExtensionIndexBu (kmer_extension_index_build: 106)   Building k-mer extensions from k+1-mers finished.
  0:00:05.224     2M / 80M   INFO    General                 (stage.cpp                 : 121)   PROCEDURE == Early tip clipping (id: construction:early_tip_clipper)
  0:00:05.224     2M / 80M   INFO    General                 (construction.cpp          : 298)   Early tip clipper length bound set as (RL - K)
  0:00:05.224     2M / 80M   INFO   Early tip clipping       (early_simplification.hpp  :  48)   Early tip clipping
  0:00:05.227     2M / 80M   INFO   Early tip clipping       (early_simplification.hpp  :  83)   #tipped junctions: 1084
  0:00:05.227     2M / 80M   INFO   Early tip clipping       (early_simplification.hpp  :  94)   Clipped tips: 1084
  0:00:05.227     2M / 80M   INFO   Early tip clipping       (early_simplification.hpp  :  50)   3101 34-mers were removed by early tip clipper
  0:00:05.227     2M / 80M   INFO    General                 (stage.cpp                 : 121)   PROCEDURE == Condensing graph (id: construction:graph_condensing)
  0:00:05.229     2M / 80M   INFO   UnbranchingPathExtractor (debruijn_graph_constructor: 324)   Extracting unbranching paths
  0:00:05.230     2M / 80M   INFO   UnbranchingPathExtractor (debruijn_graph_constructor: 348)   Extracting unbranching paths finished. 124 sequences extracted
  0:00:05.231     2M / 80M   INFO   UnbranchingPathExtractor (debruijn_graph_constructor: 362)   Collecting perfect loops
  0:00:05.234     2M / 80M   INFO   UnbranchingPathExtractor (debruijn_graph_constructor: 395)   Collecting perfect loops finished. 0 loops collected
  0:00:05.234     2M / 80M   INFO   DeBruijnGraphConstructor (debruijn_graph_constructor: 593)   Sorting edges...
  0:00:05.234     2M / 80M   INFO   DeBruijnGraphConstructor (debruijn_graph_constructor: 598)   Edges sorted
  0:00:05.234     2M / 80M   INFO    General                 (debruijn_graph_constructor: 511)   Total 248 edges to create
  0:00:05.234     2M / 80M   INFO    General                 (debruijn_graph_constructor: 514)   Collecting link records
  0:00:05.234     2M / 80M   INFO    General                 (debruijn_graph_constructor: 519)   Ordering link records
  0:00:05.234     2M / 80M   INFO    General                 (debruijn_graph_constructor: 525)   Sorting done
  0:00:05.234     2M / 80M   INFO    General                 (debruijn_graph_constructor: 538)   Sorting LinkRecords...
  0:00:05.234     2M / 80M   INFO    General                 (debruijn_graph_constructor: 544)   LinkRecords sorted
  0:00:05.234     2M / 80M   INFO    General                 (debruijn_graph_constructor: 546)   Total 204 vertices to create
  0:00:05.234     2M / 80M   INFO    General                 (debruijn_graph_constructor: 549)   Connecting the graph
  0:00:05.234     2M / 80M   INFO    General                 (stage.cpp                 : 121)   PROCEDURE == Filling coverage indices (PHM) (id: construction:coverage_filling_phm)
  0:00:05.234     2M / 80M   INFO   K-mer Index Building     (kmer_index_builder.hpp    : 460)   Building perfect hash indices
  0:00:05.274     2M / 80M   INFO   K-mer Index Building     (kmer_index_builder.hpp    : 496)   Index built. Total 20015 kmers, 139800 bytes occupied (55.8781 bits per kmer).
  0:00:05.274     2M / 80M   INFO    General                 (coverage_hash_map_builder.:  49)   Collecting k-mer coverage information from reads, this takes a while.
  0:00:05.275     2M / 80M   INFO    General                 (construction.cpp          : 400)   Filling coverage and flanking coverage from PHM
  0:00:05.533     1M / 80M   INFO   StageManager             (stage.cpp                 : 212)   STAGE == EC Threshold Finding (id: ec_threshold_finder)
  0:00:05.533     1M / 80M   INFO    General                 (kmer_coverage_model.cpp   : 182)   Kmer coverage valley at: 13
  0:00:05.533     1M / 80M   INFO    General                 (kmer_coverage_model.cpp   : 202)   K-mer histogram maximum: 15
  0:00:05.533     1M / 80M   INFO    General                 (kmer_coverage_model.cpp   : 238)   Estimated median coverage: 16. Coverage mad: 2.9652
  0:00:05.533     1M / 80M   INFO    General                 (kmer_coverage_model.cpp   : 260)   Fitting coverage model
  0:00:05.537     1M / 80M   INFO    General                 (kmer_coverage_model.cpp   : 296)   ... iteration 2
  0:00:05.546     1M / 80M   INFO    General                 (kmer_coverage_model.cpp   : 296)   ... iteration 4
  0:00:05.563     1M / 80M   INFO    General                 (kmer_coverage_model.cpp   : 310)   Fitted mean coverage: 170.087. Fitted coverage std. dev: 9.72962
  0:00:05.564     1M / 80M   INFO    General                 (kmer_coverage_model.cpp   : 335)   Probability of erroneous kmer at valley: 1
  0:00:05.564     1M / 80M   INFO    General                 (kmer_coverage_model.cpp   : 359)   Preliminary threshold calculated as: 100
  0:00:05.564     1M / 80M   INFO    General                 (kmer_coverage_model.cpp   : 363)   Threshold adjusted to: 91
  0:00:05.564     1M / 80M   INFO    General                 (kmer_coverage_model.cpp   : 376)   Estimated genome size (ignoring repeats): 10
  0:00:05.564     1M / 80M   INFO    General                 (genomic_info_filler.cpp   :  56)   Mean coverage was calculated as 170.087
  0:00:05.564     1M / 80M   INFO    General                 (genomic_info_filler.cpp   :  71)   EC coverage threshold value was calculated as 91
  0:00:05.564     1M / 80M   INFO    General                 (genomic_info_filler.cpp   :  72)   Trusted kmer low bound: 0
  0:00:05.564     1M / 80M   INFO   StageManager             (stage.cpp                 : 212)   STAGE == Raw Simplification (id: raw_simplification)
  0:00:05.564     1M / 80M   INFO    General                 (simplification.cpp        : 129)   PROCEDURE == Initial cleaning
  0:00:05.564     1M / 80M   INFO    General                 (graph_simplification.hpp  : 674)   Flanking coverage based disconnection disabled
  0:00:05.564     1M / 80M   INFO   Simplification           (parallel_processing.hpp   : 168)   Running Self conjugate edge remover
  0:00:05.564     1M / 80M   INFO   Simplification           (parallel_processing.hpp   : 171)   Self conjugate edge remover triggered 0 times
  0:00:05.564     1M / 80M   INFO   Simplification           (parallel_processing.hpp   : 168)   Running Initial tip clipper
  0:00:05.565     1M / 80M   INFO   Simplification           (parallel_processing.hpp   : 171)   Initial tip clipper triggered 13 times
  0:00:05.565     1M / 80M   INFO   Simplification           (parallel_processing.hpp   : 168)   Running Initial ec remover
  0:00:05.566     1M / 80M   INFO   Simplification           (parallel_processing.hpp   : 171)   Initial ec remover triggered 2 times
  0:00:05.566     1M / 80M   INFO   Simplification           (parallel_processing.hpp   : 168)   Running Initial isolated edge remover
  0:00:05.568     1M / 80M   INFO   Simplification           (parallel_processing.hpp   : 171)   Initial isolated edge remover triggered 82 times
  0:00:05.568     1M / 80M   INFO   StageManager             (stage.cpp                 : 212)   STAGE == Simplification (id: simplification)
  0:00:05.568     1M / 80M   INFO    General                 (simplification.cpp        : 397)   Graph simplification started
  0:00:05.568     1M / 80M   INFO    General                 (graph_simplification.hpp  : 646)   Creating parallel br instance
  0:00:05.568     1M / 80M   INFO    General                 (simplification.cpp        : 402)   PROCEDURE == Simplification cycle, iteration 1
  0:00:05.568     1M / 80M   INFO   Simplification           (parallel_processing.hpp   : 168)   Running Tip clipper
  0:00:05.568     1M / 80M   INFO   Simplification           (parallel_processing.hpp   : 171)   Tip clipper triggered 2 times
  0:00:05.568     1M / 80M   INFO   Simplification           (parallel_processing.hpp   : 168)   Running Bulge remover
  0:00:05.568     1M / 80M   INFO   Simplification           (parallel_processing.hpp   : 171)   Bulge remover triggered 0 times
  0:00:05.568     1M / 80M   INFO   Simplification           (parallel_processing.hpp   : 168)   Running Low coverage edge remover
  0:00:05.568     1M / 80M   INFO   Simplification           (parallel_processing.hpp   : 171)   Low coverage edge remover triggered 1 times
  0:00:05.568     1M / 80M   INFO    General                 (simplification.cpp        : 402)   PROCEDURE == Simplification cycle, iteration 2
  0:00:05.568     1M / 80M   INFO   Simplification           (parallel_processing.hpp   : 168)   Running Tip clipper
  0:00:05.568     1M / 80M   INFO   Simplification           (parallel_processing.hpp   : 171)   Tip clipper triggered 0 times
  0:00:05.568     1M / 80M   INFO   Simplification           (parallel_processing.hpp   : 168)   Running Bulge remover
  0:00:05.568     1M / 80M   INFO   Simplification           (parallel_processing.hpp   : 171)   Bulge remover triggered 0 times
  0:00:05.568     1M / 80M   INFO   Simplification           (parallel_processing.hpp   : 168)   Running Low coverage edge remover
  0:00:05.568     1M / 80M   INFO   Simplification           (parallel_processing.hpp   : 171)   Low coverage edge remover triggered 0 times
  0:00:05.568     1M / 80M   INFO    General                 (simplification.cpp        : 402)   PROCEDURE == Simplification cycle, iteration 3
  0:00:05.568     1M / 80M   INFO   Simplification           (parallel_processing.hpp   : 168)   Running Tip clipper
  0:00:05.568     1M / 80M   INFO   Simplification           (parallel_processing.hpp   : 171)   Tip clipper triggered 0 times
  0:00:05.568     1M / 80M   INFO   Simplification           (parallel_processing.hpp   : 168)   Running Bulge remover
  0:00:05.568     1M / 80M   INFO   Simplification           (parallel_processing.hpp   : 171)   Bulge remover triggered 0 times
  0:00:05.568     1M / 80M   INFO   Simplification           (parallel_processing.hpp   : 168)   Running Low coverage edge remover
  0:00:05.568     1M / 80M   INFO   Simplification           (parallel_processing.hpp   : 171)   Low coverage edge remover triggered 0 times
  0:00:05.568     1M / 80M   INFO    General                 (simplification.cpp        : 402)   PROCEDURE == Simplification cycle, iteration 4
  0:00:05.568     1M / 80M   INFO   Simplification           (parallel_processing.hpp   : 168)   Running Tip clipper
  0:00:05.568     1M / 80M   INFO   Simplification           (parallel_processing.hpp   : 171)   Tip clipper triggered 0 times
  0:00:05.568     1M / 80M   INFO   Simplification           (parallel_processing.hpp   : 168)   Running Bulge remover
  0:00:05.568     1M / 80M   INFO   Simplification           (parallel_processing.hpp   : 171)   Bulge remover triggered 0 times
  0:00:05.568     1M / 80M   INFO   Simplification           (parallel_processing.hpp   : 168)   Running Low coverage edge remover
  0:00:05.568     1M / 80M   INFO   Simplification           (parallel_processing.hpp   : 171)   Low coverage edge remover triggered 0 times
  0:00:05.568     1M / 80M   INFO    General                 (simplification.cpp        : 402)   PROCEDURE == Simplification cycle, iteration 5
  0:00:05.568     1M / 80M   INFO   Simplification           (parallel_processing.hpp   : 168)   Running Tip clipper
  0:00:05.568     1M / 80M   INFO   Simplification           (parallel_processing.hpp   : 171)   Tip clipper triggered 0 times
  0:00:05.568     1M / 80M   INFO   Simplification           (parallel_processing.hpp   : 168)   Running Bulge remover
  0:00:05.568     1M / 80M   INFO   Simplification           (parallel_processing.hpp   : 171)   Bulge remover triggered 0 times
  0:00:05.568     1M / 80M   INFO   Simplification           (parallel_processing.hpp   : 168)   Running Low coverage edge remover
  0:00:05.568     1M / 80M   INFO   Simplification           (parallel_processing.hpp   : 171)   Low coverage edge remover triggered 0 times
  0:00:05.568     1M / 80M   INFO    General                 (simplification.cpp        : 402)   PROCEDURE == Simplification cycle, iteration 6
  0:00:05.568     1M / 80M   INFO   Simplification           (parallel_processing.hpp   : 168)   Running Tip clipper
  0:00:05.568     1M / 80M   INFO   Simplification           (parallel_processing.hpp   : 171)   Tip clipper triggered 0 times
  0:00:05.568     1M / 80M   INFO   Simplification           (parallel_processing.hpp   : 168)   Running Bulge remover
  0:00:05.568     1M / 80M   INFO   Simplification           (parallel_processing.hpp   : 171)   Bulge remover triggered 0 times
  0:00:05.568     1M / 80M   INFO   Simplification           (parallel_processing.hpp   : 168)   Running Low coverage edge remover
  0:00:05.568     1M / 80M   INFO   Simplification           (parallel_processing.hpp   : 171)   Low coverage edge remover triggered 0 times
  0:00:05.569     1M / 80M   INFO    General                 (simplification.cpp        : 402)   PROCEDURE == Simplification cycle, iteration 7
  0:00:05.569     1M / 80M   INFO   Simplification           (parallel_processing.hpp   : 168)   Running Tip clipper
  0:00:05.569     1M / 80M   INFO   Simplification           (parallel_processing.hpp   : 171)   Tip clipper triggered 0 times
  0:00:05.569     1M / 80M   INFO   Simplification           (parallel_processing.hpp   : 168)   Running Bulge remover
  0:00:05.569     1M / 80M   INFO   Simplification           (parallel_processing.hpp   : 171)   Bulge remover triggered 0 times
  0:00:05.569     1M / 80M   INFO   Simplification           (parallel_processing.hpp   : 168)   Running Low coverage edge remover
  0:00:05.569     1M / 80M   INFO   Simplification           (parallel_processing.hpp   : 171)   Low coverage edge remover triggered 0 times
  0:00:05.569     1M / 80M   INFO    General                 (simplification.cpp        : 402)   PROCEDURE == Simplification cycle, iteration 8
  0:00:05.569     1M / 80M   INFO   Simplification           (parallel_processing.hpp   : 168)   Running Tip clipper
  0:00:05.569     1M / 80M   INFO   Simplification           (parallel_processing.hpp   : 171)   Tip clipper triggered 0 times
  0:00:05.569     1M / 80M   INFO   Simplification           (parallel_processing.hpp   : 168)   Running Bulge remover
  0:00:05.569     1M / 80M   INFO   Simplification           (parallel_processing.hpp   : 171)   Bulge remover triggered 0 times
  0:00:05.569     1M / 80M   INFO   Simplification           (parallel_processing.hpp   : 168)   Running Low coverage edge remover
  0:00:05.569     1M / 80M   INFO   Simplification           (parallel_processing.hpp   : 171)   Low coverage edge remover triggered 0 times
  0:00:05.569     1M / 80M   INFO    General                 (simplification.cpp        : 402)   PROCEDURE == Simplification cycle, iteration 9
  0:00:05.569     1M / 80M   INFO   Simplification           (parallel_processing.hpp   : 168)   Running Tip clipper
  0:00:05.569     1M / 80M   INFO   Simplification           (parallel_processing.hpp   : 171)   Tip clipper triggered 0 times
  0:00:05.569     1M / 80M   INFO   Simplification           (parallel_processing.hpp   : 168)   Running Bulge remover
  0:00:05.569     1M / 80M   INFO   Simplification           (parallel_processing.hpp   : 171)   Bulge remover triggered 0 times
  0:00:05.569     1M / 80M   INFO   Simplification           (parallel_processing.hpp   : 168)   Running Low coverage edge remover
  0:00:05.569     1M / 80M   INFO   Simplification           (parallel_processing.hpp   : 171)   Low coverage edge remover triggered 0 times
  0:00:05.569     1M / 80M   INFO    General                 (simplification.cpp        : 402)   PROCEDURE == Simplification cycle, iteration 10
  0:00:05.569     1M / 80M   INFO   Simplification           (parallel_processing.hpp   : 168)   Running Tip clipper
  0:00:05.569     1M / 80M   INFO   Simplification           (parallel_processing.hpp   : 171)   Tip clipper triggered 0 times
  0:00:05.569     1M / 80M   INFO   Simplification           (parallel_processing.hpp   : 168)   Running Bulge remover
  0:00:05.569     1M / 80M   INFO   Simplification           (parallel_processing.hpp   : 171)   Bulge remover triggered 0 times
  0:00:05.569     1M / 80M   INFO   Simplification           (parallel_processing.hpp   : 168)   Running Low coverage edge remover
  0:00:05.569     1M / 80M   INFO   Simplification           (parallel_processing.hpp   : 171)   Low coverage edge remover triggered 0 times
  0:00:05.569     1M / 80M   INFO    General                 (simplification.cpp        : 402)   PROCEDURE == Simplification cycle, iteration 11
  0:00:05.569     1M / 80M   INFO   Simplification           (parallel_processing.hpp   : 168)   Running Tip clipper
  0:00:05.569     1M / 80M   INFO   Simplification           (parallel_processing.hpp   : 171)   Tip clipper triggered 0 times
  0:00:05.569     1M / 80M   INFO   Simplification           (parallel_processing.hpp   : 168)   Running Bulge remover
  0:00:05.569     1M / 80M   INFO   Simplification           (parallel_processing.hpp   : 171)   Bulge remover triggered 0 times
  0:00:05.569     1M / 80M   INFO   Simplification           (parallel_processing.hpp   : 168)   Running Low coverage edge remover
  0:00:05.569     1M / 80M   INFO   Simplification           (parallel_processing.hpp   : 171)   Low coverage edge remover triggered 0 times
  0:00:05.569     1M / 80M   INFO   StageManager             (stage.cpp                 : 212)   STAGE == Simplification Cleanup (id: simplification_cleanup)
  0:00:05.569     1M / 80M   INFO    General                 (simplification.cpp        : 189)   PROCEDURE == Post simplification
  0:00:05.569     1M / 80M   INFO    General                 (graph_simplification.hpp  : 455)   Disconnection of relatively low covered edges disabled
  0:00:05.569     1M / 80M   INFO    General                 (graph_simplification.hpp  : 494)   Complex tip clipping disabled
  0:00:05.569     1M / 80M   INFO    General                 (graph_simplification.hpp  : 646)   Creating parallel br instance
  0:00:05.569     1M / 80M   INFO   Simplification           (parallel_processing.hpp   : 168)   Running Tip clipper
  0:00:05.569     1M / 80M   INFO   Simplification           (parallel_processing.hpp   : 171)   Tip clipper triggered 0 times
  0:00:05.569     1M / 80M   INFO   Simplification           (parallel_processing.hpp   : 168)   Running Bulge remover
  0:00:05.569     1M / 80M   INFO   Simplification           (parallel_processing.hpp   : 171)   Bulge remover triggered 0 times
  0:00:05.569     1M / 80M   INFO   Simplification           (parallel_processing.hpp   : 168)   Running Tip clipper
  0:00:05.569     1M / 80M   INFO   Simplification           (parallel_processing.hpp   : 171)   Tip clipper triggered 0 times
  0:00:05.569     1M / 80M   INFO   Simplification           (parallel_processing.hpp   : 168)   Running Bulge remover
  0:00:05.570     1M / 80M   INFO   Simplification           (parallel_processing.hpp   : 171)   Bulge remover triggered 0 times
  0:00:05.570     1M / 80M   INFO    General                 (simplification.cpp        : 348)   Disrupting self-conjugate edges
  0:00:05.570     1M / 80M   INFO   Simplification           (parallel_processing.hpp   : 168)   Running Removing isolated edges
  0:00:05.570     1M / 80M   INFO   Simplification           (parallel_processing.hpp   : 171)   Removing isolated edges triggered 0 times
  0:00:05.570     1M / 80M   INFO    General                 (simplification.cpp        : 508)   After simplification:
  0:00:05.570     1M / 80M   INFO    General                 (simplification.cpp        : 509)     Average coverage = 3.49188
  0:00:05.570     1M / 80M   INFO    General                 (simplification.cpp        : 510)     Total length = 16494
  0:00:05.570     1M / 80M   INFO    General                 (simplification.cpp        : 511)     Median edge length: 13670
  0:00:05.570     1M / 80M   INFO    General                 (simplification.cpp        : 512)     Edges: 10
  0:00:05.570     1M / 80M   INFO    General                 (simplification.cpp        : 513)     Vertices: 12
  0:00:05.570     1M / 80M   WARN    General                 (simplification.cpp        : 517)   The determined erroneous connection coverage threshold may be determined improperly
  0:00:05.570     1M / 80M   INFO   StageManager             (stage.cpp                 : 212)   STAGE == Contig Output (id: contig_output)
  0:00:05.571     1M / 80M   INFO    General                 (read_converter.cpp        : 135)   Outputting contigs to "/maps/projects/wintherpedersen/people/bfj994/keelime/sim/PB100kHigh_fin_5000_spades2/K33/simplified_contigs"
  0:00:05.595     5M / 80M   INFO    General                 (binary_converter.cpp      : 143)   5 reads written
  0:00:05.607     1M / 80M   INFO    General                 (pipeline.cpp              : 303)   SPAdes finished
  0:00:05.608     1M / 80M   INFO    General                 (main.cpp                  : 131)   Assembling time: 0 hours 0 minutes 5 seconds

===== K33 finished. 


===== K55 started. 


== Running: /home/bfj994/miniconda3/envs/denovo/bin/spades-core /maps/projects/wintherpedersen/people/bfj994/keelime/sim/PB100kHigh_fin_5000_spades2/K55/configs/config.info

  0:00:00.000     1M / 19M   INFO    General                 (main.cpp                  :  94)   Loaded config from "/maps/projects/wintherpedersen/people/bfj994/keelime/sim/PB100kHigh_fin_5000_spades2/K55/configs/config.info"
  0:00:00.002     1M / 19M   INFO    General                 (memory_limit.cpp          :  55)   Memory limit set to 250 Gb
  0:00:00.002     1M / 19M   INFO    General                 (main.cpp                  : 102)   Starting SPAdes, built from N/A, git revision N/A
  0:00:00.002     1M / 19M   INFO    General                 (main.cpp                  : 103)   Maximum k-mer length: 128
  0:00:00.002     1M / 19M   INFO    General                 (main.cpp                  : 104)   Assembling dataset ("/maps/projects/wintherpedersen/people/bfj994/keelime/sim/PB100kHigh_fin_5000_spades2/dataset.info") with K=55
  0:00:00.002     1M / 19M   INFO    General                 (main.cpp                  : 105)   Maximum # of threads to use (adjusted due to OMP capabilities): 16
  0:00:00.002     1M / 19M   INFO    General                 (pipeline.cpp              : 221)   SPAdes started
  0:00:00.002     1M / 19M   INFO    General                 (pipeline.cpp              : 234)   Starting from stage: read_conversion
  0:00:00.002     1M / 19M   INFO    General                 (pipeline.cpp              : 245)   Two-step repeat resolution disabled
  0:00:00.002     1M / 19M   INFO   GraphCore                (graph_core.hpp            : 689)   Graph created, vertex min_id: 3, edge min_id: 3
  0:00:00.002     1M / 19M   INFO   GraphCore                (graph_core.hpp            : 690)   Vertex size: 48, edge size: 40
  0:00:00.002     1M / 19M   INFO    General                 (edge_index.hpp            : 132)   Size of edge index entries: 12/8
  0:00:00.002     1M / 19M   INFO    General                 (pipeline.cpp              : 256)   Will need read mapping, kmer mapper will be attached
  0:00:00.002     1M / 19M   INFO   StageManager             (stage.cpp                 : 212)   STAGE == Binary Read Conversion (id: read_conversion)
  0:00:00.003     1M / 19M   INFO    General                 (read_converter.cpp        :  57)   Binary reads detected
  0:00:00.005     1M / 19M   INFO   StageManager             (stage.cpp                 : 212)   STAGE == de Bruijn graph construction (id: construction)
  0:00:00.005     1M / 19M   INFO    General                 (construction.cpp          : 115)   Contigs from previous K will be used: /maps/projects/wintherpedersen/people/bfj994/keelime/sim/PB100kHigh_fin_5000_spades2/K33/simplified_contigs
  0:00:00.017     1M / 19M   INFO    General                 (construction.cpp          : 150)   Max read length 140
  0:00:00.018     1M / 19M   INFO    General                 (construction.cpp          : 156)   Average read length 44.825
  0:00:00.018     1M / 19M   INFO    General                 (stage.cpp                 : 121)   PROCEDURE == k+1-mer counting (id: construction:kpomer_counting)
  0:00:00.018     1M / 19M   INFO    General                 (kmer_index_builder.hpp    : 308)   Splitting kmer instances into 160 files using 16 threads. This might take a while.
  0:00:00.312     1M / 19M   INFO    General                 (file_limit.hpp            :  43)   Open file limit set to 1024
  0:00:00.312     1M / 19M   INFO    General                 (kmer_splitter.hpp         :  96)   Memory available for splitting buffers: 5.20833 Gb
  0:00:00.312     1M / 19M   INFO    General                 (kmer_splitter.hpp         : 104)   Using cell size of 209715
  0:00:01.606     2M / 930M  INFO    General                 (kmer_splitters.hpp        : 134)   Used 9530 reads
  0:00:01.607     2M / 930M  INFO    General                 (kmer_index_builder.hpp    : 314)   Starting k-mer counting.
  0:00:02.506     2M / 930M  INFO    General                 (kmer_index_builder.hpp    : 325)   K-mer counting done. There are 17520 kmers in total.
  0:00:02.506     1M / 930M  INFO    General                 (stage.cpp                 : 121)   PROCEDURE == Extension index construction (id: construction:extension_index_construction)
  0:00:02.601     2M / 930M  INFO   K-mer Index Building     (kmer_index_builder.hpp    : 503)   Building kmer index
  0:00:02.601     2M / 930M  INFO    General                 (kmer_index_builder.hpp    : 308)   Splitting kmer instances into 160 files using 16 threads. This might take a while.
  0:00:02.906     2M / 930M  INFO    General                 (file_limit.hpp            :  43)   Open file limit set to 1024
  0:00:02.906     2M / 930M  INFO    General                 (kmer_splitter.hpp         :  96)   Memory available for splitting buffers: 5.20831 Gb
  0:00:02.906     2M / 930M  INFO    General                 (kmer_splitter.hpp         : 104)   Using cell size of 209715
  0:00:04.156  9602M / 9602M INFO    General                 (kmer_splitters.hpp        : 197)   Processed 17520 kmers
  0:00:04.157  9602M / 9602M INFO    General                 (kmer_splitters.hpp        : 202)   Used 17520 kmers.
  0:00:04.158     2M / 932M  INFO    General                 (kmer_index_builder.hpp    : 314)   Starting k-mer counting.
  0:00:05.088     2M / 932M  INFO    General                 (kmer_index_builder.hpp    : 325)   K-mer counting done. There are 17567 kmers in total.
  0:00:05.088     2M / 932M  INFO   K-mer Index Building     (kmer_index_builder.hpp    : 460)   Building perfect hash indices
  0:00:05.120     2M / 932M  INFO   K-mer Index Building     (kmer_index_builder.hpp    : 496)   Index built. Total 17567 kmers, 137912 bytes occupied (62.805 bits per kmer).
  0:00:05.120     2M / 932M  INFO    General                 (kmer_index_builder.hpp    : 191)   Merging final buckets.
  0:00:05.734     2M / 932M  INFO   DeBruijnExtensionIndexBu (kmer_extension_index_build: 101)   Building k-mer extensions from k+1-mers
  0:00:05.744     2M / 932M  INFO   DeBruijnExtensionIndexBu (kmer_extension_index_build: 106)   Building k-mer extensions from k+1-mers finished.
  0:00:05.745     2M / 932M  INFO    General                 (stage.cpp                 : 121)   PROCEDURE == Condensing graph (id: construction:graph_condensing)
  0:00:05.747     2M / 932M  INFO   UnbranchingPathExtractor (debruijn_graph_constructor: 324)   Extracting unbranching paths
  0:00:05.748     2M / 932M  INFO   UnbranchingPathExtractor (debruijn_graph_constructor: 348)   Extracting unbranching paths finished. 698 sequences extracted
  0:00:05.749     2M / 932M  INFO   UnbranchingPathExtractor (debruijn_graph_constructor: 362)   Collecting perfect loops
  0:00:05.751     2M / 932M  INFO   UnbranchingPathExtractor (debruijn_graph_constructor: 395)   Collecting perfect loops finished. 0 loops collected
  0:00:05.751     2M / 932M  INFO   DeBruijnGraphConstructor (debruijn_graph_constructor: 593)   Sorting edges...
  0:00:05.751     2M / 932M  INFO   DeBruijnGraphConstructor (debruijn_graph_constructor: 598)   Edges sorted
  0:00:05.751     2M / 932M  INFO    General                 (debruijn_graph_constructor: 511)   Total 1396 edges to create
  0:00:05.751     2M / 932M  INFO    General                 (debruijn_graph_constructor: 514)   Collecting link records
  0:00:05.752     2M / 932M  INFO    General                 (debruijn_graph_constructor: 519)   Ordering link records
  0:00:05.752     2M / 932M  INFO    General                 (debruijn_graph_constructor: 525)   Sorting done
  0:00:05.752     2M / 932M  INFO    General                 (debruijn_graph_constructor: 538)   Sorting LinkRecords...
  0:00:05.752     2M / 932M  INFO    General                 (debruijn_graph_constructor: 544)   LinkRecords sorted
  0:00:05.752     2M / 932M  INFO    General                 (debruijn_graph_constructor: 546)   Total 745 vertices to create
  0:00:05.752     2M / 932M  INFO    General                 (debruijn_graph_constructor: 549)   Connecting the graph
  0:00:05.753     2M / 932M  INFO    General                 (stage.cpp                 : 121)   PROCEDURE == Filling coverage indices (PHM) (id: construction:coverage_filling_phm)
  0:00:05.753     2M / 932M  INFO   K-mer Index Building     (kmer_index_builder.hpp    : 460)   Building perfect hash indices
  0:00:05.784     2M / 932M  INFO   K-mer Index Building     (kmer_index_builder.hpp    : 496)   Index built. Total 17520 kmers, 137752 bytes occupied (62.9005 bits per kmer).
  0:00:05.784     3M / 932M  INFO    General                 (coverage_hash_map_builder.:  49)   Collecting k-mer coverage information from reads, this takes a while.
  0:00:05.785     3M / 932M  INFO    General                 (construction.cpp          : 400)   Filling coverage and flanking coverage from PHM
  0:00:05.785     3M / 932M  INFO    General                 (coverage_filling.hpp      :  83)   Processed 1396 edges
  0:00:06.038     1M / 932M  INFO   StageManager             (stage.cpp                 : 212)   STAGE == EC Threshold Finding (id: ec_threshold_finder)
  0:00:06.038     1M / 932M  INFO    General                 (kmer_coverage_model.cpp   : 182)   Kmer coverage valley at: 6
  0:00:06.038     1M / 932M  INFO    General                 (kmer_coverage_model.cpp   : 202)   K-mer histogram maximum: 26
  0:00:06.038     1M / 932M  INFO    General                 (kmer_coverage_model.cpp   : 238)   Estimated median coverage: 28. Coverage mad: 4.4478
  0:00:06.038     1M / 932M  INFO    General                 (kmer_coverage_model.cpp   : 260)   Fitting coverage model
  0:00:06.040     1M / 932M  INFO    General                 (kmer_coverage_model.cpp   : 296)   ... iteration 2
  0:00:06.045     1M / 932M  INFO    General                 (kmer_coverage_model.cpp   : 296)   ... iteration 4
  0:00:06.056     1M / 932M  INFO    General                 (kmer_coverage_model.cpp   : 310)   Fitted mean coverage: 28.4905. Fitted coverage std. dev: 2.50068
  0:00:06.056     1M / 932M  INFO    General                 (kmer_coverage_model.cpp   : 335)   Probability of erroneous kmer at valley: 1
  0:00:06.056     1M / 932M  INFO    General                 (kmer_coverage_model.cpp   : 359)   Preliminary threshold calculated as: 20
  0:00:06.056     1M / 932M  INFO    General                 (kmer_coverage_model.cpp   : 363)   Threshold adjusted to: 17
  0:00:06.056     1M / 932M  INFO    General                 (kmer_coverage_model.cpp   : 376)   Estimated genome size (ignoring repeats): 10
  0:00:06.056     1M / 932M  INFO    General                 (genomic_info_filler.cpp   :  56)   Mean coverage was calculated as 28.4905
  0:00:06.056     1M / 932M  INFO    General                 (genomic_info_filler.cpp   :  71)   EC coverage threshold value was calculated as 17
  0:00:06.056     1M / 932M  INFO    General                 (genomic_info_filler.cpp   :  72)   Trusted kmer low bound: 0
  0:00:06.056     1M / 932M  INFO   StageManager             (stage.cpp                 : 212)   STAGE == Gap Closer (id: early_gapcloser)
  0:00:06.057     1M / 932M  INFO    General                 (gap_closer.cpp            : 484)   No paired-end libraries exist, skipping gap closer
  0:00:06.057     1M / 932M  INFO   StageManager             (stage.cpp                 : 212)   STAGE == Raw Simplification (id: raw_simplification)
  0:00:06.057     1M / 932M  INFO    General                 (simplification.cpp        : 129)   PROCEDURE == Initial cleaning
  0:00:06.057     1M / 932M  INFO    General                 (graph_simplification.hpp  : 674)   Flanking coverage based disconnection disabled
  0:00:06.057     1M / 932M  INFO   Simplification           (parallel_processing.hpp   : 168)   Running Self conjugate edge remover
  0:00:06.057     1M / 932M  INFO   Simplification           (parallel_processing.hpp   : 171)   Self conjugate edge remover triggered 0 times
  0:00:06.057     1M / 932M  INFO   Simplification           (parallel_processing.hpp   : 168)   Running Initial tip clipper
  0:00:06.061     1M / 932M  INFO   Simplification           (parallel_processing.hpp   : 171)   Initial tip clipper triggered 328 times
  0:00:06.061     1M / 932M  INFO   Simplification           (parallel_processing.hpp   : 168)   Running Initial ec remover
  0:00:06.061     1M / 932M  INFO   Simplification           (parallel_processing.hpp   : 171)   Initial ec remover triggered 0 times
  0:00:06.061     1M / 932M  INFO   Simplification           (parallel_processing.hpp   : 168)   Running Initial isolated edge remover
  0:00:06.063     1M / 932M  INFO   Simplification           (parallel_processing.hpp   : 171)   Initial isolated edge remover triggered 44 times
  0:00:06.063     1M / 932M  INFO   StageManager             (stage.cpp                 : 212)   STAGE == Simplification (id: simplification)
  0:00:06.063     1M / 932M  INFO    General                 (simplification.cpp        : 397)   Graph simplification started
  0:00:06.063     1M / 932M  INFO    General                 (graph_simplification.hpp  : 646)   Creating parallel br instance
  0:00:06.063     1M / 932M  INFO    General                 (simplification.cpp        : 402)   PROCEDURE == Simplification cycle, iteration 1
  0:00:06.063     1M / 932M  INFO   Simplification           (parallel_processing.hpp   : 168)   Running Tip clipper
  0:00:06.063     1M / 932M  INFO   Simplification           (parallel_processing.hpp   : 171)   Tip clipper triggered 0 times
  0:00:06.064     1M / 932M  INFO   Simplification           (parallel_processing.hpp   : 168)   Running Bulge remover
  0:00:06.064     1M / 932M  INFO   Simplification           (parallel_processing.hpp   : 171)   Bulge remover triggered 0 times
  0:00:06.064     1M / 932M  INFO   Simplification           (parallel_processing.hpp   : 168)   Running Low coverage edge remover
  0:00:06.064     1M / 932M  INFO   Simplification           (parallel_processing.hpp   : 171)   Low coverage edge remover triggered 0 times
  0:00:06.064     1M / 932M  INFO    General                 (simplification.cpp        : 402)   PROCEDURE == Simplification cycle, iteration 2
  0:00:06.064     1M / 932M  INFO   Simplification           (parallel_processing.hpp   : 168)   Running Tip clipper
  0:00:06.064     1M / 932M  INFO   Simplification           (parallel_processing.hpp   : 171)   Tip clipper triggered 0 times
  0:00:06.064     1M / 932M  INFO   Simplification           (parallel_processing.hpp   : 168)   Running Bulge remover
  0:00:06.064     1M / 932M  INFO   Simplification           (parallel_processing.hpp   : 171)   Bulge remover triggered 0 times
  0:00:06.064     1M / 932M  INFO   Simplification           (parallel_processing.hpp   : 168)   Running Low coverage edge remover
  0:00:06.064     1M / 932M  INFO   Simplification           (parallel_processing.hpp   : 171)   Low coverage edge remover triggered 0 times
  0:00:06.064     1M / 932M  INFO    General                 (simplification.cpp        : 402)   PROCEDURE == Simplification cycle, iteration 3
  0:00:06.064     1M / 932M  INFO   Simplification           (parallel_processing.hpp   : 168)   Running Tip clipper
  0:00:06.064     1M / 932M  INFO   Simplification           (parallel_processing.hpp   : 171)   Tip clipper triggered 0 times
  0:00:06.064     1M / 932M  INFO   Simplification           (parallel_processing.hpp   : 168)   Running Bulge remover
  0:00:06.064     1M / 932M  INFO   Simplification           (parallel_processing.hpp   : 171)   Bulge remover triggered 0 times
  0:00:06.064     1M / 932M  INFO   Simplification           (parallel_processing.hpp   : 168)   Running Low coverage edge remover
  0:00:06.064     1M / 932M  INFO   Simplification           (parallel_processing.hpp   : 171)   Low coverage edge remover triggered 0 times
  0:00:06.064     1M / 932M  INFO    General                 (simplification.cpp        : 402)   PROCEDURE == Simplification cycle, iteration 4
  0:00:06.064     1M / 932M  INFO   Simplification           (parallel_processing.hpp   : 168)   Running Tip clipper
  0:00:06.064     1M / 932M  INFO   Simplification           (parallel_processing.hpp   : 171)   Tip clipper triggered 0 times
  0:00:06.064     1M / 932M  INFO   Simplification           (parallel_processing.hpp   : 168)   Running Bulge remover
  0:00:06.064     1M / 932M  INFO   Simplification           (parallel_processing.hpp   : 171)   Bulge remover triggered 0 times
  0:00:06.064     1M / 932M  INFO   Simplification           (parallel_processing.hpp   : 168)   Running Low coverage edge remover
  0:00:06.064     1M / 932M  INFO   Simplification           (parallel_processing.hpp   : 171)   Low coverage edge remover triggered 0 times
  0:00:06.064     1M / 932M  INFO    General                 (simplification.cpp        : 402)   PROCEDURE == Simplification cycle, iteration 5
  0:00:06.064     1M / 932M  INFO   Simplification           (parallel_processing.hpp   : 168)   Running Tip clipper
  0:00:06.064     1M / 932M  INFO   Simplification           (parallel_processing.hpp   : 171)   Tip clipper triggered 0 times
  0:00:06.064     1M / 932M  INFO   Simplification           (parallel_processing.hpp   : 168)   Running Bulge remover
  0:00:06.064     1M / 932M  INFO   Simplification           (parallel_processing.hpp   : 171)   Bulge remover triggered 0 times
  0:00:06.064     1M / 932M  INFO   Simplification           (parallel_processing.hpp   : 168)   Running Low coverage edge remover
  0:00:06.064     1M / 932M  INFO   Simplification           (parallel_processing.hpp   : 171)   Low coverage edge remover triggered 0 times
  0:00:06.064     1M / 932M  INFO    General                 (simplification.cpp        : 402)   PROCEDURE == Simplification cycle, iteration 6
  0:00:06.064     1M / 932M  INFO   Simplification           (parallel_processing.hpp   : 168)   Running Tip clipper
  0:00:06.064     1M / 932M  INFO   Simplification           (parallel_processing.hpp   : 171)   Tip clipper triggered 0 times
  0:00:06.064     1M / 932M  INFO   Simplification           (parallel_processing.hpp   : 168)   Running Bulge remover
  0:00:06.064     1M / 932M  INFO   Simplification           (parallel_processing.hpp   : 171)   Bulge remover triggered 0 times
  0:00:06.064     1M / 932M  INFO   Simplification           (parallel_processing.hpp   : 168)   Running Low coverage edge remover
  0:00:06.064     1M / 932M  INFO   Simplification           (parallel_processing.hpp   : 171)   Low coverage edge remover triggered 0 times
  0:00:06.064     1M / 932M  INFO    General                 (simplification.cpp        : 402)   PROCEDURE == Simplification cycle, iteration 7
  0:00:06.064     1M / 932M  INFO   Simplification           (parallel_processing.hpp   : 168)   Running Tip clipper
  0:00:06.064     1M / 932M  INFO   Simplification           (parallel_processing.hpp   : 171)   Tip clipper triggered 0 times
  0:00:06.064     1M / 932M  INFO   Simplification           (parallel_processing.hpp   : 168)   Running Bulge remover
  0:00:06.064     1M / 932M  INFO   Simplification           (parallel_processing.hpp   : 171)   Bulge remover triggered 0 times
  0:00:06.064     1M / 932M  INFO   Simplification           (parallel_processing.hpp   : 168)   Running Low coverage edge remover
  0:00:06.064     1M / 932M  INFO   Simplification           (parallel_processing.hpp   : 171)   Low coverage edge remover triggered 0 times
  0:00:06.064     1M / 932M  INFO    General                 (simplification.cpp        : 402)   PROCEDURE == Simplification cycle, iteration 8
  0:00:06.064     1M / 932M  INFO   Simplification           (parallel_processing.hpp   : 168)   Running Tip clipper
  0:00:06.064     1M / 932M  INFO   Simplification           (parallel_processing.hpp   : 171)   Tip clipper triggered 0 times
  0:00:06.064     1M / 932M  INFO   Simplification           (parallel_processing.hpp   : 168)   Running Bulge remover
  0:00:06.064     1M / 932M  INFO   Simplification           (parallel_processing.hpp   : 171)   Bulge remover triggered 0 times
  0:00:06.064     1M / 932M  INFO   Simplification           (parallel_processing.hpp   : 168)   Running Low coverage edge remover
  0:00:06.064     1M / 932M  INFO   Simplification           (parallel_processing.hpp   : 171)   Low coverage edge remover triggered 0 times
  0:00:06.064     1M / 932M  INFO    General                 (simplification.cpp        : 402)   PROCEDURE == Simplification cycle, iteration 9
  0:00:06.064     1M / 932M  INFO   Simplification           (parallel_processing.hpp   : 168)   Running Tip clipper
  0:00:06.064     1M / 932M  INFO   Simplification           (parallel_processing.hpp   : 171)   Tip clipper triggered 0 times
  0:00:06.064     1M / 932M  INFO   Simplification           (parallel_processing.hpp   : 168)   Running Bulge remover
  0:00:06.064     1M / 932M  INFO   Simplification           (parallel_processing.hpp   : 171)   Bulge remover triggered 0 times
  0:00:06.064     1M / 932M  INFO   Simplification           (parallel_processing.hpp   : 168)   Running Low coverage edge remover
  0:00:06.064     1M / 932M  INFO   Simplification           (parallel_processing.hpp   : 171)   Low coverage edge remover triggered 0 times
  0:00:06.064     1M / 932M  INFO    General                 (simplification.cpp        : 402)   PROCEDURE == Simplification cycle, iteration 10
  0:00:06.064     1M / 932M  INFO   Simplification           (parallel_processing.hpp   : 168)   Running Tip clipper
  0:00:06.064     1M / 932M  INFO   Simplification           (parallel_processing.hpp   : 171)   Tip clipper triggered 0 times
  0:00:06.064     1M / 932M  INFO   Simplification           (parallel_processing.hpp   : 168)   Running Bulge remover
  0:00:06.064     1M / 932M  INFO   Simplification           (parallel_processing.hpp   : 171)   Bulge remover triggered 0 times
  0:00:06.064     1M / 932M  INFO   Simplification           (parallel_processing.hpp   : 168)   Running Low coverage edge remover
  0:00:06.064     1M / 932M  INFO   Simplification           (parallel_processing.hpp   : 171)   Low coverage edge remover triggered 0 times
  0:00:06.064     1M / 932M  INFO    General                 (simplification.cpp        : 402)   PROCEDURE == Simplification cycle, iteration 11
  0:00:06.064     1M / 932M  INFO   Simplification           (parallel_processing.hpp   : 168)   Running Tip clipper
  0:00:06.065     1M / 932M  INFO   Simplification           (parallel_processing.hpp   : 171)   Tip clipper triggered 0 times
  0:00:06.065     1M / 932M  INFO   Simplification           (parallel_processing.hpp   : 168)   Running Bulge remover
  0:00:06.065     1M / 932M  INFO   Simplification           (parallel_processing.hpp   : 171)   Bulge remover triggered 0 times
  0:00:06.065     1M / 932M  INFO   Simplification           (parallel_processing.hpp   : 168)   Running Low coverage edge remover
  0:00:06.065     1M / 932M  INFO   Simplification           (parallel_processing.hpp   : 171)   Low coverage edge remover triggered 0 times
  0:00:06.065     1M / 932M  INFO   StageManager             (stage.cpp                 : 212)   STAGE == Gap Closer (id: late_gapcloser)
  0:00:06.065     1M / 932M  INFO    General                 (gap_closer.cpp            : 484)   No paired-end libraries exist, skipping gap closer
  0:00:06.065     1M / 932M  INFO   StageManager             (stage.cpp                 : 212)   STAGE == Simplification Cleanup (id: simplification_cleanup)
  0:00:06.065     1M / 932M  INFO    General                 (simplification.cpp        : 189)   PROCEDURE == Post simplification
  0:00:06.065     1M / 932M  INFO    General                 (graph_simplification.hpp  : 455)   Disconnection of relatively low covered edges disabled
  0:00:06.065     1M / 932M  INFO    General                 (graph_simplification.hpp  : 494)   Complex tip clipping disabled
  0:00:06.065     1M / 932M  INFO    General                 (graph_simplification.hpp  : 646)   Creating parallel br instance
  0:00:06.065     1M / 932M  INFO   Simplification           (parallel_processing.hpp   : 168)   Running Tip clipper
  0:00:06.065     1M / 932M  INFO   Simplification           (parallel_processing.hpp   : 171)   Tip clipper triggered 0 times
  0:00:06.065     1M / 932M  INFO   Simplification           (parallel_processing.hpp   : 168)   Running Bulge remover
  0:00:06.065     1M / 932M  INFO   Simplification           (parallel_processing.hpp   : 171)   Bulge remover triggered 0 times
  0:00:06.065     1M / 932M  INFO   Simplification           (parallel_processing.hpp   : 168)   Running Tip clipper
  0:00:06.065     1M / 932M  INFO   Simplification           (parallel_processing.hpp   : 171)   Tip clipper triggered 0 times
  0:00:06.065     1M / 932M  INFO   Simplification           (parallel_processing.hpp   : 168)   Running Bulge remover
  0:00:06.065     1M / 932M  INFO   Simplification           (parallel_processing.hpp   : 171)   Bulge remover triggered 0 times
  0:00:06.065     1M / 932M  INFO    General                 (simplification.cpp        : 348)   Disrupting self-conjugate edges
  0:00:06.065     1M / 932M  INFO   Simplification           (parallel_processing.hpp   : 168)   Running Removing isolated edges
  0:00:06.065     1M / 932M  INFO   Simplification           (parallel_processing.hpp   : 171)   Removing isolated edges triggered 0 times
  0:00:06.065     1M / 932M  INFO    General                 (simplification.cpp        : 508)   After simplification:
  0:00:06.065     1M / 932M  INFO    General                 (simplification.cpp        : 509)     Average coverage = 0.718098
  0:00:06.065     1M / 932M  INFO    General                 (simplification.cpp        : 510)     Total length = 16449
  0:00:06.065     1M / 932M  INFO    General                 (simplification.cpp        : 511)     Median edge length: 13666
  0:00:06.065     1M / 932M  INFO    General                 (simplification.cpp        : 512)     Edges: 8
  0:00:06.065     1M / 932M  INFO    General                 (simplification.cpp        : 513)     Vertices: 14
  0:00:06.065     1M / 932M  WARN    General                 (simplification.cpp        : 517)   The determined erroneous connection coverage threshold may be determined improperly
  0:00:06.065     1M / 932M  INFO   StageManager             (stage.cpp                 : 212)   STAGE == Mismatch Correction (id: mismatch_correction)
  0:00:06.065     1M / 932M  INFO    General                 (graph_pack_helpers.cpp    :  44)   Index refill
  0:00:06.065     1M / 932M  INFO    General                 (edge_index.hpp            : 175)   Using small index (max_id = 1405)
  0:00:06.066     1M / 932M  INFO   K-mer Index Building     (kmer_index_builder.hpp    : 460)   Building perfect hash indices
  0:00:06.069     1M / 932M  INFO   K-mer Index Building     (kmer_index_builder.hpp    : 496)   Index built. Total 16449 kmers, 12648 bytes occupied (6.15138 bits per kmer).
  0:00:06.069     1M / 932M  INFO    General                 (edge_index_builders.hpp   : 253)   Collecting edge information from graph, this takes a while.
  0:00:06.070     1M / 932M  INFO    General                 (graph_pack_helpers.cpp    :  54)   Normalizing k-mer map. Total 0 kmers to process
  0:00:06.070     1M / 932M  INFO    General                 (kmer_mapper.hpp           :  87)   Total 0 kmers with non-trivial roots
  0:00:06.071     1M / 932M  INFO    General                 (graph_pack_helpers.cpp    :  56)   Normalizing done
  0:00:06.071     1M / 932M  INFO    General                 (mismatch_correction.cpp   : 421)   Collect potential mismatches
  0:00:06.071     1M / 932M  INFO    General                 (mismatch_correction.cpp   : 213)   Total 0 edges (out of 8) with 0 potential mismatch positions (-nan positions per edge)
  0:00:06.071     1M / 932M  INFO    General                 (mismatch_correction.cpp   : 423)   Potential mismatches collected
  0:00:06.091     1M / 932M  INFO    General                 (sequence_mapper_notifier.h:  80)   Starting sequence mapping
  0:00:06.110     1M / 932M  INFO    General                 (sequence_mapper_notifier.h: 120)   Total 9520 reads processed
  0:00:06.110     1M / 932M  INFO    General                 (mismatch_correction.cpp   : 416)   All edges processed
  0:00:06.110     1M / 932M  INFO    General                 (mismatch_correction.cpp   : 471)   Corrected 0 nucleotides
  0:00:06.110     1M / 932M  INFO   StageManager             (stage.cpp                 : 212)   STAGE == Contig Output (id: contig_output)
  0:00:06.110     1M / 932M  INFO    General                 (contig_output.hpp         :  20)   Outputting contigs to "/maps/projects/wintherpedersen/people/bfj994/keelime/sim/PB100kHigh_fin_5000_spades2/K55/before_rr.fasta"
  0:00:06.115     1M / 932M  INFO    General                 (contig_output_stage.cpp   : 159)   Writing GFA graph to "/maps/projects/wintherpedersen/people/bfj994/keelime/sim/PB100kHigh_fin_5000_spades2/K55/assembly_graph_after_simplification.gfa"
  0:00:06.118     1M / 932M  INFO   StageManager             (stage.cpp                 : 212)   STAGE == Paired Information Counting (id: late_pair_info_count)
  0:00:06.118     1M / 932M  INFO    General                 (graph_pack_helpers.cpp    :  54)   Normalizing k-mer map. Total 0 kmers to process
  0:00:06.118     1M / 932M  INFO    General                 (graph_pack_helpers.cpp    :  56)   Normalizing done
  0:00:06.118     1M / 932M  INFO    General                 (pair_info_count.cpp       : 165)   Min edge length for estimation: 13666
  0:00:06.118     1M / 932M  INFO    General                 (pair_info_count.cpp       : 235)   Mapping single reads of library #0
  0:00:06.118     1M / 932M  INFO    General                 (pair_info_count.cpp       :  41)   Selecting usual mapper
  0:00:06.138     1M / 932M  INFO    General                 (sequence_mapper_notifier.h:  80)   Starting sequence mapping
  0:00:06.156     1M / 932M  INFO    General                 (sequence_mapper_notifier.h: 120)   Total 4760 reads processed
  0:00:06.156     1M / 932M  INFO    General                 (pair_info_count.cpp       : 237)   Total paths obtained from single reads: 8
  0:00:06.156     1M / 932M  INFO   StageManager             (stage.cpp                 : 212)   STAGE == Distance Estimation (id: distance_estimation)
  0:00:06.156     1M / 932M  INFO   StageManager             (stage.cpp                 : 212)   STAGE == Repeat Resolving (id: repeat_resolving)
  0:00:06.156     1M / 932M  INFO    General                 (repeat_resolving.cpp      :  88)   Using Path-Extend repeat resolving
  0:00:06.156     1M / 932M  INFO    General                 (launcher.cpp              : 632)   ExSPAnder repeat resolving tool started
  0:00:06.158     1M / 932M  INFO    General                 (coverage_uniformity_analyz:  25)   genomic coverage is 0.705108 calculated of length 15587
  0:00:06.158     1M / 932M  INFO    General                 (launcher.cpp              : 440)   Creating main extenders, unique edge length = 2000
  0:00:06.158     1M / 932M  INFO    General                 (launcher.cpp              : 358)   filling path container
  0:00:06.158     1M / 932M  INFO    General                 (extenders_logic.cpp       :  54)   resolvable_repeat_length_bound set to 10000
  0:00:06.158     1M / 932M  INFO    General                 (extenders_logic.cpp       : 550)   Using 0 paired-end libraries
  0:00:06.158     1M / 932M  INFO    General                 (extenders_logic.cpp       : 551)   Using 0 paired-end scaffolding libraries
  0:00:06.158     1M / 932M  INFO    General                 (extenders_logic.cpp       : 552)   Using 1 single read library
  0:00:06.158     1M / 932M  INFO    General                 (launcher.cpp              : 469)   Total number of extenders is 1
  0:00:06.158     1M / 932M  INFO    General                 (launcher.cpp              : 260)   Finalizing paths
  0:00:06.158     1M / 932M  INFO    General                 (launcher.cpp              : 262)   Deduplicating paths
  0:00:06.158     1M / 932M  INFO    General                 (launcher.cpp              : 266)   Paths deduplicated
  0:00:06.158     1M / 932M  INFO   PEResolver               (pe_resolver.cpp           :  70)   Removing overlaps
  0:00:06.158     1M / 932M  INFO   PEResolver               (pe_resolver.cpp           :  73)   Sorting paths
  0:00:06.158     1M / 932M  INFO   PEResolver               (pe_resolver.cpp           :  80)   Marking overlaps
  0:00:06.158     1M / 932M  INFO   OverlapRemover           (overlap_remover.hpp       : 120)   Marking start/end overlaps
  0:00:06.159     1M / 932M  INFO   OverlapRemover           (overlap_remover.hpp       : 123)   Marking remaining overlaps
  0:00:06.159     1M / 932M  INFO   PEResolver               (pe_resolver.cpp           :  83)   Splitting paths
  0:00:06.159     1M / 932M  INFO   PEResolver               (pe_resolver.cpp           :  88)   Deduplicating paths
  0:00:06.159     1M / 932M  INFO   PEResolver               (pe_resolver.cpp           :  90)   Overlaps removed
  0:00:06.159     1M / 932M  INFO    General                 (launcher.cpp              : 283)   Paths finalized
  0:00:06.159     1M / 932M  INFO    General                 (launcher.cpp              : 478)   Closing gaps in paths
  0:00:06.159     1M / 932M  INFO    General                 (launcher.cpp              : 508)   Gap closing completed
  0:00:06.159     1M / 932M  INFO    General                 (launcher.cpp              : 316)   Traversing tandem repeats
  0:00:06.159     1M / 932M  INFO    General                 (launcher.cpp              : 326)   Traversed 0 loops
  0:00:06.159     1M / 932M  INFO    General                 (launcher.cpp              : 260)   Finalizing paths
  0:00:06.159     1M / 932M  INFO    General                 (launcher.cpp              : 262)   Deduplicating paths
  0:00:06.159     1M / 932M  INFO    General                 (launcher.cpp              : 266)   Paths deduplicated
  0:00:06.159     1M / 932M  INFO   PEResolver               (pe_resolver.cpp           :  70)   Removing overlaps
  0:00:06.159     1M / 932M  INFO   PEResolver               (pe_resolver.cpp           :  73)   Sorting paths
  0:00:06.159     1M / 932M  INFO   PEResolver               (pe_resolver.cpp           :  80)   Marking overlaps
  0:00:06.159     1M / 932M  INFO   OverlapRemover           (overlap_remover.hpp       : 120)   Marking start/end overlaps
  0:00:06.159     1M / 932M  INFO   OverlapRemover           (overlap_remover.hpp       : 123)   Marking remaining overlaps
  0:00:06.159     1M / 932M  INFO   PEResolver               (pe_resolver.cpp           :  83)   Splitting paths
  0:00:06.159     1M / 932M  INFO   PEResolver               (pe_resolver.cpp           :  88)   Deduplicating paths
  0:00:06.159     1M / 932M  INFO   PEResolver               (pe_resolver.cpp           :  90)   Overlaps removed
  0:00:06.159     1M / 932M  INFO    General                 (launcher.cpp              : 283)   Paths finalized
  0:00:06.159     1M / 932M  INFO    General                 (launcher.cpp              : 697)   ExSPAnder repeat resolving tool finished
  0:00:06.159     1M / 932M  INFO   StageManager             (stage.cpp                 : 212)   STAGE == Contig Output (id: contig_output)
  0:00:06.159     1M / 932M  INFO    General                 (contig_output.hpp         :  20)   Outputting contigs to "/maps/projects/wintherpedersen/people/bfj994/keelime/sim/PB100kHigh_fin_5000_spades2/K55/before_rr.fasta"
  0:00:06.166     1M / 932M  INFO    General                 (contig_output_stage.cpp   : 159)   Writing GFA graph to "/maps/projects/wintherpedersen/people/bfj994/keelime/sim/PB100kHigh_fin_5000_spades2/K55/assembly_graph_with_scaffolds.gfa"
  0:00:06.167     1M / 932M  INFO    General                 (contig_output_stage.cpp   : 175)   Outputting FastG graph to "/maps/projects/wintherpedersen/people/bfj994/keelime/sim/PB100kHigh_fin_5000_spades2/K55/assembly_graph.fastg"
  0:00:06.171     1M / 932M  INFO    General                 (contig_output_stage.cpp   : 210)   Breaking scaffolds
  0:00:06.171     1M / 932M  INFO    General                 (contig_output_stage.cpp   : 101)   Outputting contigs to /maps/projects/wintherpedersen/people/bfj994/keelime/sim/PB100kHigh_fin_5000_spades2/K55/final_contigs.fasta
  0:00:06.175     1M / 932M  INFO    General                 (contig_output_stage.cpp   : 107)   Outputting FastG paths to /maps/projects/wintherpedersen/people/bfj994/keelime/sim/PB100kHigh_fin_5000_spades2/K55/final_contigs.paths
  0:00:06.179     1M / 932M  INFO    General                 (contig_output_stage.cpp   : 101)   Outputting contigs to /maps/projects/wintherpedersen/people/bfj994/keelime/sim/PB100kHigh_fin_5000_spades2/K55/scaffolds.fasta
  0:00:06.183     1M / 932M  INFO    General                 (contig_output_stage.cpp   : 107)   Outputting FastG paths to /maps/projects/wintherpedersen/people/bfj994/keelime/sim/PB100kHigh_fin_5000_spades2/K55/scaffolds.paths
  0:00:06.188     1M / 932M  INFO    General                 (contig_output_stage.cpp   : 114)   Populating GFA with scaffold paths
  0:00:06.193     1M / 932M  INFO    General                 (pipeline.cpp              : 303)   SPAdes finished
  0:00:06.194     1M / 932M  INFO    General                 (main.cpp                  : 131)   Assembling time: 0 hours 0 minutes 6 seconds

===== K55 finished. 


===== Copy files started. 


== Running: /home/bfj994/miniconda3/envs/denovo/bin/python3 /home/bfj994/miniconda3/envs/denovo/share/spades/spades_pipeline/scripts/copy_files.py /maps/projects/wintherpedersen/people/bfj994/keelime/sim/PB100kHigh_fin_5000_spades2/K55/before_rr.fasta /maps/projects/wintherpedersen/people/bfj994/keelime/sim/PB100kHigh_fin_5000_spades2/before_rr.fasta /maps/projects/wintherpedersen/people/bfj994/keelime/sim/PB100kHigh_fin_5000_spades2/K55/assembly_graph_after_simplification.gfa /maps/projects/wintherpedersen/people/bfj994/keelime/sim/PB100kHigh_fin_5000_spades2/assembly_graph_after_simplification.gfa /maps/projects/wintherpedersen/people/bfj994/keelime/sim/PB100kHigh_fin_5000_spades2/K55/final_contigs.fasta /maps/projects/wintherpedersen/people/bfj994/keelime/sim/PB100kHigh_fin_5000_spades2/contigs.fasta /maps/projects/wintherpedersen/people/bfj994/keelime/sim/PB100kHigh_fin_5000_spades2/K55/first_pe_contigs.fasta /maps/projects/wintherpedersen/people/bfj994/keelime/sim/PB100kHigh_fin_5000_spades2/first_pe_contigs.fasta /maps/projects/wintherpedersen/people/bfj994/keelime/sim/PB100kHigh_fin_5000_spades2/K55/strain_graph.gfa /maps/projects/wintherpedersen/people/bfj994/keelime/sim/PB100kHigh_fin_5000_spades2/strain_graph.gfa /maps/projects/wintherpedersen/people/bfj994/keelime/sim/PB100kHigh_fin_5000_spades2/K55/scaffolds.fasta /maps/projects/wintherpedersen/people/bfj994/keelime/sim/PB100kHigh_fin_5000_spades2/scaffolds.fasta /maps/projects/wintherpedersen/people/bfj994/keelime/sim/PB100kHigh_fin_5000_spades2/K55/scaffolds.paths /maps/projects/wintherpedersen/people/bfj994/keelime/sim/PB100kHigh_fin_5000_spades2/scaffolds.paths /maps/projects/wintherpedersen/people/bfj994/keelime/sim/PB100kHigh_fin_5000_spades2/K55/assembly_graph_with_scaffolds.gfa /maps/projects/wintherpedersen/people/bfj994/keelime/sim/PB100kHigh_fin_5000_spades2/assembly_graph_with_scaffolds.gfa /maps/projects/wintherpedersen/people/bfj994/keelime/sim/PB100kHigh_fin_5000_spades2/K55/assembly_graph.fastg /maps/projects/wintherpedersen/people/bfj994/keelime/sim/PB100kHigh_fin_5000_spades2/assembly_graph.fastg /maps/projects/wintherpedersen/people/bfj994/keelime/sim/PB100kHigh_fin_5000_spades2/K55/final_contigs.paths /maps/projects/wintherpedersen/people/bfj994/keelime/sim/PB100kHigh_fin_5000_spades2/contigs.paths


===== Copy files finished. 


===== Assembling finished. 


===== Breaking scaffolds started. 


== Running: /home/bfj994/miniconda3/envs/denovo/bin/python3 /home/bfj994/miniconda3/envs/denovo/share/spades/spades_pipeline/scripts/breaking_scaffolds_script.py --result_scaffolds_filename /maps/projects/wintherpedersen/people/bfj994/keelime/sim/PB100kHigh_fin_5000_spades2/scaffolds.fasta --misc_dir /maps/projects/wintherpedersen/people/bfj994/keelime/sim/PB100kHigh_fin_5000_spades2/misc --threshold_for_breaking_scaffolds 3


===== Breaking scaffolds finished. 


===== Terminate started. 


===== Terminate finished. 

 * Corrected reads are in /maps/projects/wintherpedersen/people/bfj994/keelime/sim/PB100kHigh_fin_5000_spades2/corrected/
 * Assembled contigs are in /maps/projects/wintherpedersen/people/bfj994/keelime/sim/PB100kHigh_fin_5000_spades2/contigs.fasta
 * Assembled scaffolds are in /maps/projects/wintherpedersen/people/bfj994/keelime/sim/PB100kHigh_fin_5000_spades2/scaffolds.fasta
 * Paths in the assembly graph corresponding to the contigs are in /maps/projects/wintherpedersen/people/bfj994/keelime/sim/PB100kHigh_fin_5000_spades2/contigs.paths
 * Paths in the assembly graph corresponding to the scaffolds are in /maps/projects/wintherpedersen/people/bfj994/keelime/sim/PB100kHigh_fin_5000_spades2/scaffolds.paths
 * Assembly graph is in /maps/projects/wintherpedersen/people/bfj994/keelime/sim/PB100kHigh_fin_5000_spades2/assembly_graph.fastg
 * Assembly graph in GFA format is in /maps/projects/wintherpedersen/people/bfj994/keelime/sim/PB100kHigh_fin_5000_spades2/assembly_graph_with_scaffolds.gfa

======= SPAdes pipeline finished WITH WARNINGS!

=== Error correction and assembling warnings:
 * 0:00:05.570     1M / 80M   WARN    General                 (simplification.cpp        : 517)   The determined erroneous connection coverage threshold may be determined improperly
======= Warnings saved to /maps/projects/wintherpedersen/people/bfj994/keelime/sim/PB100kHigh_fin_5000_spades2/warnings.log

SPAdes log can be found here: /maps/projects/wintherpedersen/people/bfj994/keelime/sim/PB100kHigh_fin_5000_spades2/spades.log

Thank you for using SPAdes! If you use it in your research, please cite:

  Prjibelski, A., Antipov, D., Meleshko, D., Lapidus, A. and Korobeynikov, A., 2020. Using SPAdes de novo assembler. Current protocols in bioinformatics, 70(1), p.e102.
  doi.org/10.1002/cpbi.102

